date,market,stock_id,name,open,high,low,close,volume
2026-08-14,TWSE,1101,台泥,24.55,24.7,24.0,24.05,37511920.0
2026-08-14,TWSE,1102,亞泥,32.55,32.55,31.6,31.7,19553836.0
2026-08-14,TWSE,1103,嘉泥,13.4,13.4,13.05,13.15,302703.0
2026-08-14,TWSE,1104,環泥,26.7,26.75,26.45,26.55,585971.0
2026-08-14,TWSE,1108,幸福,11.75,11.8,11.65,11.75,349762.0
2026-08-14,TWSE,1109,信大,13.6,13.6,13.5,13.55,97301.0
2026-08-14,TWSE,1110,東泥,16.3,16.6,16.05,16.6,275413.0
2026-08-14,TWSE,1201,味全,12.3,12.3,12.2,12.2,191810.0
2026-08-14,TWSE,1203,味王,46.6,46.6,43.2,46.0,23750.0
2026-08-14,TWSE,1210,大成,52.9,52.9,52.0,52.4,2418803.0
2026-08-14,TWSE,1213,大飲,7.72,7.72,7.56,7.6,8122.0
2026-08-14,TWSE,1215,卜蜂,109.5,109.5,107.5,107.5,445841.0
2026-08-14,TWSE,1216,統一,76.5,76.5,75.1,76.3,13840646.0
2026-08-14,TWSE,1217,愛之味,9.95,9.95,9.89,9.89,204093.0
2026-08-14,TWSE,1218,泰山,0.0,0.0,0.0,0.0,0.0
2026-08-14,TWSE,1219,福壽,11.05,11.1,10.95,11.05,309814.0
2026-08-14,TWSE,1220,台榮,11.05,11.05,10.95,11.05,159851.0
2026-08-14,TWSE,1225,福懋油,24.55,25.3,24.55,24.8,74282.0
2026-08-14,TWSE,1227,佳格,28.9,28.95,28.6,28.9,921033.0
2026-08-14,TWSE,1229,聯華,41.7,41.8,41.05,41.3,1435026.0
2026-08-14,TWSE,1231,聯華食,82.1,82.1,80.7,80.7,375666.0
2026-08-14,TWSE,1232,大統益,155.5,155.5,152.0,154.5,321798.0
2026-08-14,TWSE,1233,天仁,28.0,28.0,27.6,27.6,9771.0
2026-08-14,TWSE,1234,黑松,33.6,33.95,33.6,33.95,132215.0
2026-08-14,TWSE,1235,興泰,36.35,37.25,35.85,35.85,15490.0
2026-08-14,TWSE,1236,宏亞,25.55,25.55,24.9,25.1,125278.0
2026-08-14,TWSE,1256,鮮活果汁-KY,180.0,180.5,175.5,180.5,53334.0
2026-08-14,TWSE,1301,台塑,57.9,59.8,57.5,57.5,33137523.0
2026-08-14,TWSE,1303,南亞,191.0,195.0,184.0,189.0,96257719.0
2026-08-14,TWSE,1304,台聚,12.15,12.35,12.05,12.2,2439923.0
2026-08-14,TWSE,1305,華夏,11.85,12.15,11.8,11.95,2343136.0
2026-08-14,TWSE,1307,三芳,30.9,31.0,30.5,30.55,949026.0
2026-08-14,TWSE,1308,亞聚,13.7,13.9,13.55,13.6,1428267.0
2026-08-14,TWSE,1309,台達化,13.2,13.3,12.95,13.0,1649582.0
2026-08-14,TWSE,1310,台苯,8.11,8.23,8.06,8.14,3608852.0
2026-08-14,TWSE,1312,國喬,11.8,12.0,11.7,11.7,3011337.0
2026-08-14,TWSE,1313,聯成,11.5,12.0,11.5,11.95,4859041.0
2026-08-14,TWSE,1314,中石化,7.8,7.82,7.64,7.66,28405260.0
2026-08-14,TWSE,1315,達新,63.9,65.0,63.7,64.2,102277.0
2026-08-14,TWSE,1316,上曜,10.25,10.25,10.0,10.0,1683345.0
2026-08-14,TWSE,1319,東陽,79.4,79.5,78.1,79.2,2781262.0
2026-08-14,TWSE,1321,大洋,32.3,32.75,32.05,32.35,207200.0
2026-08-14,TWSE,1323,永裕,21.6,21.95,21.45,21.7,119015.0
2026-08-14,TWSE,1324,地球,10.1,10.15,10.05,10.1,35516.0
2026-08-14,TWSE,1325,恆大,26.6,26.6,26.0,26.0,344852.0
2026-08-14,TWSE,1326,台化,60.3,61.1,59.0,59.5,21357549.0
2026-08-14,TWSE,1337,再生-KY,4.69,4.71,4.66,4.7,148824.0
2026-08-14,TWSE,1338,廣華-KY,14.8,14.95,14.65,14.85,105688.0
2026-08-14,TWSE,1339,昭輝,46.9,46.9,45.65,46.1,140934.0
2026-08-14,TWSE,1340,勝悅-KY,5.31,5.31,5.16,5.19,112744.0
2026-08-14,TWSE,1341,富林-KY,58.8,60.8,58.8,60.7,14033.0
2026-08-14,TWSE,1342,八貫,104.0,104.0,103.0,104.0,152599.0
2026-08-14,TWSE,1402,遠東新,27.7,27.7,26.85,26.95,21263160.0
2026-08-14,TWSE,1409,新纖,25.0,25.5,24.65,25.15,15661270.0
2026-08-14,TWSE,1410,南染,25.9,26.2,25.7,26.0,21648.0
2026-08-14,TWSE,1413,宏洲,9.3,9.5,9.3,9.46,36092.0
2026-08-14,TWSE,1414,東和,19.15,19.35,18.8,19.35,381722.0
2026-08-14,TWSE,1416,廣豐,11.6,11.75,11.4,11.75,1356499.0
2026-08-14,TWSE,1417,嘉裕,8.31,8.31,8.21,8.29,126553.0
2026-08-14,TWSE,1418,東華,17.9,18.15,17.85,18.0,12004.0
2026-08-14,TWSE,1419,新紡,65.5,65.6,64.7,64.9,39518.0
2026-08-14,TWSE,1423,利華,35.95,35.95,35.3,35.5,15514.0
2026-08-14,TWSE,1432,大魯閣,15.15,15.25,15.1,15.1,75254.0
2026-08-14,TWSE,1434,福懋,17.95,17.95,17.55,17.6,1334669.0
2026-08-14,TWSE,1435,中福,23.7,25.5,23.15,25.5,66243.0
2026-08-14,TWSE,1436,華友聯,37.85,37.9,37.05,37.2,138949.0
2026-08-14,TWSE,1437,勤益控,30.55,31.7,30.55,31.5,305743.0
2026-08-14,TWSE,1438,三地開發,22.4,22.6,22.35,22.4,26211.0
2026-08-14,TWSE,1439,雋揚,29.15,29.15,28.55,28.75,106339.0
2026-08-14,TWSE,1440,南紡,13.75,13.95,13.45,13.65,2166597.0
2026-08-14,TWSE,1441,大東,9.05,9.05,8.91,8.91,7880.0
2026-08-14,TWSE,1442,名軒,30.0,30.0,29.65,29.85,105456.0
2026-08-14,TWSE,1443,立益物流,25.9,25.9,25.25,25.55,14053.0
2026-08-14,TWSE,1444,力麗,7.24,7.3,7.12,7.22,1050101.0
2026-08-14,TWSE,1445,大宇,10.4,10.4,10.15,10.2,112567.0
2026-08-14,TWSE,1446,宏和,14.1,14.1,13.8,14.0,237414.0
2026-08-14,TWSE,1447,力鵬,7.11,7.11,6.89,6.91,1976292.0
2026-08-14,TWSE,1449,佳和,12.65,12.7,12.45,12.5,208740.0
2026-08-14,TWSE,1451,年興,17.4,17.5,17.3,17.4,96159.0
2026-08-14,TWSE,1452,宏益,11.3,11.6,11.3,11.55,170259.0
2026-08-14,TWSE,1453,大將,11.3,11.85,11.2,11.4,80946.0
2026-08-14,TWSE,1454,台富,12.95,12.95,12.7,12.7,19329.0
2026-08-14,TWSE,1455,集盛,10.0,10.05,9.8,9.89,1417916.0
2026-08-14,TWSE,1456,怡華,13.7,14.2,13.55,13.55,74411.0
2026-08-14,TWSE,1457,宜進,14.5,14.6,14.35,14.55,119541.0
2026-08-14,TWSE,1459,聯發,14.55,14.65,13.6,14.05,319871.0
2026-08-14,TWSE,1460,宏遠,6.66,6.7,6.6,6.69,208063.0
2026-08-14,TWSE,1463,強盛新,17.7,17.75,17.6,17.75,24033.0
2026-08-14,TWSE,1464,得力,10.25,10.3,10.15,10.2,364882.0
2026-08-14,TWSE,1465,偉全,12.25,12.3,12.0,12.15,339115.0
2026-08-14,TWSE,1466,聚隆,16.6,16.95,16.15,16.3,677952.0
2026-08-14,TWSE,1467,南緯,9.1,9.1,8.7,8.76,571528.0
2026-08-14,TWSE,1468,昶和,13.35,13.5,12.9,13.5,66000.0
2026-08-14,TWSE,1470,大統新創,24.25,24.25,23.25,24.0,39004.0
2026-08-14,TWSE,1471,首利,9.5,9.58,9.4,9.5,211846.0
2026-08-14,TWSE,1472,三洋實業,88.3,89.9,88.3,89.0,54099.0
2026-08-14,TWSE,1473,台南,20.0,20.15,19.85,19.95,80410.0
2026-08-14,TWSE,1474,弘裕,10.1,10.1,9.94,10.1,48906.0
2026-08-14,TWSE,1475,業旺,27.55,27.55,25.95,25.95,87705.0
2026-08-14,TWSE,1476,儒鴻,326.5,327.5,321.0,326.5,1221373.0
2026-08-14,TWSE,1477,聚陽,218.5,219.5,215.5,219.5,2354094.0
2026-08-14,TWSE,1503,士電,201.0,206.0,200.5,201.5,2288143.0
2026-08-14,TWSE,1504,東元,68.5,71.4,68.3,70.4,22941158.0
2026-08-14,TWSE,1506,正道,10.35,10.35,10.05,10.3,600132.0
2026-08-14,TWSE,1512,瑞利,6.65,6.75,6.55,6.74,104617.0
2026-08-14,TWSE,1513,中興電,168.5,177.0,166.5,171.0,15449705.0
2026-08-14,TWSE,1514,亞力,103.0,104.5,102.5,102.5,2105663.0
2026-08-14,TWSE,1515,力山,31.8,31.8,30.5,30.5,886214.0
2026-08-14,TWSE,1516,川飛,15.25,15.25,15.0,15.0,24190.0
2026-08-14,TWSE,1517,利奇,12.05,12.05,11.6,11.65,1065832.0
2026-08-14,TWSE,1519,華城,724.0,736.0,713.0,720.0,1696375.0
2026-08-14,TWSE,1521,大億,25.5,25.9,25.1,25.55,35789.0
2026-08-14,TWSE,1522,堤維西,28.5,28.55,27.9,27.95,449356.0
2026-08-14,TWSE,1524,耿鼎,27.3,27.45,26.9,26.95,302024.0
2026-08-14,TWSE,1525,江申,67.3,67.4,66.3,67.4,41071.0
2026-08-14,TWSE,1526,日馳,18.55,18.65,17.55,17.6,918846.0
2026-08-14,TWSE,1527,鑽全,33.05,33.2,32.65,32.75,265791.0
2026-08-14,TWSE,1528,恩德,19.6,19.95,19.3,19.4,718142.0
2026-08-14,TWSE,1529,樂事綠能,17.15,17.3,17.0,17.0,285868.0
2026-08-14,TWSE,1530,亞崴,30.0,30.0,28.8,29.05,65195.0
2026-08-14,TWSE,1531,高林股,13.0,13.05,12.85,13.05,123629.0
2026-08-14,TWSE,1532,勤美,22.2,22.2,21.7,21.9,289348.0
2026-08-14,TWSE,1533,車王電,32.15,32.4,31.9,32.05,104939.0
2026-08-14,TWSE,1535,中宇,46.35,46.45,46.1,46.15,32106.0
2026-08-14,TWSE,1536,和大,52.9,53.1,51.0,51.1,1260503.0
2026-08-14,TWSE,1537,廣隆,127.5,128.0,127.0,128.0,142200.0
2026-08-14,TWSE,1538,正峰,9.2,9.2,9.2,9.2,2205.0
2026-08-14,TWSE,1539,巨庭,16.25,16.25,16.0,16.1,72484.0
2026-08-14,TWSE,1540,喬福,19.85,19.95,19.1,19.2,479425.0
2026-08-14,TWSE,1541,錩泰,22.3,22.3,21.4,21.7,22219.0
2026-08-14,TWSE,1558,伸興,97.5,97.9,96.6,96.9,118817.0
2026-08-14,TWSE,1560,中砂,729.0,738.0,705.0,707.0,1454076.0
2026-08-14,TWSE,1563,巧新,65.3,65.3,62.6,63.0,1584823.0
2026-08-14,TWSE,1568,倉佑,29.0,30.3,28.8,30.1,522510.0
2026-08-14,TWSE,1582,信錦,75.7,76.4,74.8,75.1,589593.0
2026-08-14,TWSE,1583,程泰,48.35,49.5,48.35,49.05,36620.0
2026-08-14,TWSE,1587,吉茂,24.65,24.85,24.4,24.5,252115.0
2026-08-14,TWSE,1590,亞德客-KY,1590.0,1595.0,1455.0,1470.0,1482524.0
2026-08-14,TWSE,1597,直得,150.0,153.5,148.0,150.0,2395793.0
2026-08-14,TWSE,1598,岱宇,20.65,20.65,20.1,20.2,249917.0
2026-08-14,TWSE,1603,華電,30.1,30.15,29.65,30.15,304798.0
2026-08-14,TWSE,1604,聲寶,23.3,23.3,23.05,23.15,262424.0
2026-08-14,TWSE,1605,華新,40.3,41.0,39.15,39.3,57957213.0
2026-08-14,TWSE,1608,華榮,37.95,37.95,36.6,36.8,10071318.0
2026-08-14,TWSE,1609,大亞,38.15,38.6,37.75,37.75,4484150.0
2026-08-14,TWSE,1611,中電,12.05,12.2,11.9,12.05,348310.0
2026-08-14,TWSE,1612,宏泰,34.9,35.1,34.2,34.3,934899.0
2026-08-14,TWSE,1614,三洋電,30.8,30.9,30.6,30.8,64002.0
2026-08-14,TWSE,1615,大山,44.8,44.8,43.35,44.15,358692.0
2026-08-14,TWSE,1616,億泰,20.15,20.15,19.55,19.7,355195.0
2026-08-14,TWSE,1617,榮星,19.2,19.45,18.6,18.6,955503.0
2026-08-14,TWSE,1618,合機,41.55,41.65,40.65,40.95,859202.0
2026-08-14,TWSE,1623,大東電,212.0,214.0,212.0,214.0,65623.0
2026-08-14,TWSE,1626,艾美特-KY,9.54,9.77,9.52,9.56,92663.0
2026-08-14,TWSE,1702,南僑,33.3,33.3,32.75,32.85,254170.0
2026-08-14,TWSE,1707,葡萄王,89.4,89.4,88.5,88.7,364267.0
2026-08-14,TWSE,1708,東鹼,49.8,50.0,49.15,49.3,1900708.0
2026-08-14,TWSE,1709,和益,28.5,30.8,28.15,30.65,24724371.0
2026-08-14,TWSE,1710,東聯,15.3,15.5,14.7,14.8,3399652.0
2026-08-14,TWSE,1711,永光,39.5,39.95,39.0,39.7,4828782.0
2026-08-14,TWSE,1712,興農,39.2,39.25,38.9,39.15,904928.0
2026-08-14,TWSE,1713,國化,46.05,46.45,45.2,46.0,472204.0
2026-08-14,TWSE,1714,和桐,17.4,17.55,16.55,16.7,28694877.0
2026-08-14,TWSE,1717,長興,78.7,79.8,77.4,78.2,28253535.0
2026-08-14,TWSE,1718,中纖,11.35,11.45,10.75,11.0,75514910.0
2026-08-14,TWSE,1720,生達,56.6,56.6,56.0,56.4,256285.0
2026-08-14,TWSE,1721,三晃,20.5,20.5,19.95,19.95,704821.0
2026-08-14,TWSE,1722,台肥,46.25,46.25,45.5,45.65,2616788.0
2026-08-14,TWSE,1723,中碳,85.1,85.1,83.4,83.6,431530.0
2026-08-14,TWSE,1725,元禎,31.3,31.35,30.8,31.1,21654.0
2026-08-14,TWSE,1726,永記,77.6,78.3,77.5,78.0,35835.0
2026-08-14,TWSE,1727,中華化,79.6,80.8,76.2,76.4,2693491.0
2026-08-14,TWSE,1730,花仙子,51.5,51.7,51.5,51.5,17468.0
2026-08-14,TWSE,1731,美吾華,20.95,21.0,20.85,21.0,95832.0
2026-08-14,TWSE,1732,毛寶,26.5,26.5,26.1,26.35,149956.0
2026-08-14,TWSE,1733,五鼎,30.75,31.1,30.6,31.1,119287.0
2026-08-14,TWSE,1734,杏輝,31.7,31.9,31.5,31.85,164389.0
2026-08-14,TWSE,1735,日勝化,20.6,20.65,20.35,20.55,65311.0
2026-08-14,TWSE,1736,喬山,139.5,141.5,134.5,140.5,1009612.0
2026-08-14,TWSE,1737,臺鹽,32.0,32.15,31.95,32.0,115947.0
2026-08-14,TWSE,1752,南光,32.25,32.3,32.0,32.0,35892.0
2026-08-14,TWSE,1760,寶齡富錦,58.9,59.3,58.7,59.0,106214.0
2026-08-14,TWSE,1762,中化生,35.35,35.35,34.6,35.1,211153.0
2026-08-14,TWSE,1773,勝一,163.0,163.0,160.0,160.5,377039.0
2026-08-14,TWSE,1776,展宇,17.1,17.4,16.95,17.3,82006.0
2026-08-14,TWSE,1783,和康生,40.45,40.6,40.15,40.4,79781.0
2026-08-14,TWSE,1786,科妍,51.5,52.0,50.7,51.0,75525.0
2026-08-14,TWSE,1789,神隆,19.05,19.05,18.75,18.85,178656.0
2026-08-14,TWSE,1795,美時,189.0,189.5,187.5,188.0,583254.0
2026-08-14,TWSE,1802,台玻,58.6,59.0,56.9,56.9,19935113.0
2026-08-14,TWSE,1805,寶徠,10.1,10.1,9.96,9.96,56547.0
2026-08-14,TWSE,1806,冠軍,7.97,8.02,7.94,7.97,182924.0
2026-08-14,TWSE,1808,潤隆,32.75,33.3,32.6,33.1,992260.0
2026-08-14,TWSE,1809,中釉,40.4,41.2,39.35,40.35,2530071.0
2026-08-14,TWSE,1810,和成,24.45,26.4,24.45,25.05,10228269.0
2026-08-14,TWSE,1817,凱撒衛,39.95,39.95,39.35,39.45,85904.0
2026-08-14,TWSE,1903,士紙,48.05,48.05,47.4,47.6,73792.0
2026-08-14,TWSE,1904,正隆,25.3,25.85,24.3,24.65,5210499.0
2026-08-14,TWSE,1905,華紙,13.7,13.7,13.45,13.45,1680815.0
2026-08-14,TWSE,1906,寶隆,11.6,12.0,11.4,11.45,328601.0
2026-08-14,TWSE,1907,永豐餘,30.0,30.2,29.7,29.9,1581030.0
2026-08-14,TWSE,1909,榮成,10.45,10.85,10.1,10.15,10559012.0
2026-08-14,TWSE,2002,中鋼,19.8,19.8,19.15,19.2,52093996.0
2026-08-14,TWSE,2006,東和鋼鐵,83.9,85.5,83.1,85.4,2649988.0
2026-08-14,TWSE,2007,燁興,7.07,7.1,6.99,7.01,352121.0
2026-08-14,TWSE,2008,高興昌,31.05,31.2,30.6,31.05,30948.0
2026-08-14,TWSE,2009,第一銅,41.25,41.25,39.5,39.7,3154159.0
2026-08-14,TWSE,2010,春源,23.1,23.1,22.55,22.7,1244690.0
2026-08-14,TWSE,2012,春雨,15.15,15.15,14.8,15.15,74614.0
2026-08-14,TWSE,2013,中鋼構,41.65,41.65,41.05,41.3,74878.0
2026-08-14,TWSE,2014,中鴻,17.6,17.65,17.2,17.3,2187699.0
2026-08-14,TWSE,2015,豐興,64.0,64.0,63.5,63.6,151232.0
2026-08-14,TWSE,2017,官田鋼,9.0,9.0,8.83,8.83,344877.0
2026-08-14,TWSE,2020,美亞,21.4,21.4,21.0,21.0,299097.0
2026-08-14,TWSE,2022,聚亨,7.83,7.85,7.6,7.7,587177.0
2026-08-14,TWSE,2023,燁輝,13.95,13.95,13.65,13.7,752619.0
2026-08-14,TWSE,2024,志聯,13.6,13.6,13.4,13.4,14202.0
2026-08-14,TWSE,2025,千興,12.9,12.9,12.15,12.7,738524.0
2026-08-14,TWSE,2027,大成鋼,48.5,51.5,48.0,50.4,58730639.0
2026-08-14,TWSE,2028,威致,15.7,15.8,15.5,15.8,226108.0
2026-08-14,TWSE,2029,盛餘,21.65,21.65,21.3,21.4,244306.0
2026-08-14,TWSE,2030,彰源,21.5,21.8,20.95,21.75,3703486.0
2026-08-14,TWSE,2031,新光鋼,45.8,46.5,45.45,45.95,2030996.0
2026-08-14,TWSE,2032,新鋼,17.4,17.55,17.1,17.2,528161.0
2026-08-14,TWSE,2033,佳大,21.55,22.0,20.6,20.6,1355928.0
2026-08-14,TWSE,2034,允強,20.3,20.45,19.95,20.05,1013950.0
2026-08-14,TWSE,2038,海光,12.95,13.2,12.75,12.85,350346.0
2026-08-14,TWSE,2049,上銀,383.0,404.5,377.5,381.0,13188894.0
2026-08-14,TWSE,2059,川湖,12235.0,12500.0,11840.0,12235.0,290290.0
2026-08-14,TWSE,2062,橋椿,18.95,18.95,18.55,18.65,200349.0
2026-08-14,TWSE,2069,運錩,20.0,20.3,19.95,20.2,741244.0
2026-08-14,TWSE,2072,世紀風電,152.0,153.5,150.5,151.5,316114.0
2026-08-14,TWSE,2101,南港,34.8,34.8,34.05,34.25,1436415.0
2026-08-14,TWSE,2102,泰豐,19.05,19.1,18.7,18.9,210440.0
2026-08-14,TWSE,2103,台橡,27.55,28.2,26.9,28.1,11391365.0
2026-08-14,TWSE,2104,國際中橡,10.3,10.4,10.05,10.2,3285777.0
2026-08-14,TWSE,2105,正新,31.7,31.75,30.5,30.7,18491836.0
2026-08-14,TWSE,2106,建大,18.4,18.4,17.6,17.6,2618427.0
2026-08-14,TWSE,2107,厚生,25.45,25.85,25.45,25.6,413227.0
2026-08-14,TWSE,2108,南帝,31.0,31.1,30.25,30.3,1831582.0
2026-08-14,TWSE,2109,華豐,14.9,14.9,14.7,14.75,76614.0
2026-08-14,TWSE,2114,鑫永銓,88.4,88.8,88.1,88.3,25956.0
2026-08-14,TWSE,2115,六暉-KY,23.05,23.05,22.85,23.0,84612.0
2026-08-14,TWSE,2201,裕隆,28.65,29.1,28.55,28.7,4132510.0
2026-08-14,TWSE,2204,中華,52.0,52.0,51.1,51.2,966069.0
2026-08-14,TWSE,2206,三陽工業,60.9,60.9,59.8,60.9,971939.0
2026-08-14,TWSE,2207,和泰車,516.0,529.0,515.0,524.0,441059.0
2026-08-14,TWSE,2208,台船,19.15,19.25,19.0,19.15,1585015.0
2026-08-14,TWSE,2211,長榮鋼,87.5,87.5,85.1,85.3,2198074.0
2026-08-14,TWSE,2227,裕日車,48.85,48.9,48.4,48.6,66920.0
2026-08-14,TWSE,2228,劍麟,75.4,75.6,74.5,75.2,114975.0
2026-08-14,TWSE,2231,為升,101.0,101.0,98.6,99.1,178221.0
2026-08-14,TWSE,2233,宇隆,204.0,210.5,203.5,203.5,802798.0
2026-08-14,TWSE,2236,百達-KY,130.0,132.0,126.0,127.0,532191.0
2026-08-14,TWSE,2237,華德動能-創,27.7,27.7,27.2,27.35,258841.0
2026-08-14,TWSE,2239,英利-KY,19.5,19.5,19.2,19.4,25265.0
2026-08-14,TWSE,2241,艾姆勒,33.35,34.05,33.1,33.3,475038.0
2026-08-14,TWSE,2243,宏旭-KY,41.6,41.6,39.5,39.7,311588.0
2026-08-14,TWSE,2247,汎德永業,228.0,228.0,224.5,224.5,66474.0
2026-08-14,TWSE,2248,華勝-KY,56.6,57.8,56.6,57.7,53024.0
2026-08-14,TWSE,2250,IKKA-KY,60.3,60.6,60.0,60.0,66144.0
2026-08-14,TWSE,2254,巨鎧精密-創,60.9,60.9,59.3,59.3,8010.0
2026-08-14,TWSE,2258,鴻華先進-創,31.9,32.0,31.4,31.95,399525.0
2026-08-14,TWSE,2301,光寶科,268.0,281.0,266.5,269.5,38024099.0
2026-08-14,TWSE,2302,麗正,46.0,47.0,44.8,45.2,5045184.0
2026-08-14,TWSE,2303,聯電,125.5,130.5,123.0,124.5,201443326.0
2026-08-14,TWSE,2305,全友,27.95,30.55,27.95,30.55,9345048.0
2026-08-14,TWSE,2308,台達電,1845.0,1915.0,1845.0,1885.0,14453120.0
2026-08-14,TWSE,2312,金寶,33.9,34.5,33.05,33.15,16740815.0
2026-08-14,TWSE,2313,華通,214.5,225.0,211.0,212.0,24677465.0
2026-08-14,TWSE,2314,台揚,11.5,11.5,11.3,11.4,135615.0
2026-08-14,TWSE,2316,楠梓電,163.5,170.0,163.0,164.0,2985159.0
2026-08-14,TWSE,2317,鴻海,274.5,274.5,261.0,262.0,96829809.0
2026-08-14,TWSE,2321,東訊,15.5,15.9,15.5,15.85,13449.0
2026-08-14,TWSE,2323,中環,10.35,10.45,10.25,10.3,7586270.0
2026-08-14,TWSE,2324,仁寶,40.1,41.7,39.1,39.3,211415757.0
2026-08-14,TWSE,2327,國巨*,631.0,662.0,626.0,662.0,46850905.0
2026-08-14,TWSE,2328,廣宇,46.9,47.85,46.25,46.3,2350931.0
2026-08-14,TWSE,2329,華泰,46.2,46.2,44.55,44.6,2547514.0
2026-08-14,TWSE,2330,台積電,2440.0,2445.0,2425.0,2435.0,26233385.0
2026-08-14,TWSE,2331,精英,19.4,19.55,19.1,19.1,1193967.0
2026-08-14,TWSE,2332,友訊,22.55,23.5,22.25,22.65,36091651.0
2026-08-14,TWSE,2337,旺宏,140.0,141.5,136.0,136.5,88614872.0
2026-08-14,TWSE,2338,光罩,41.0,41.7,40.5,40.7,1416717.0
2026-08-14,TWSE,2340,台亞,32.25,32.7,31.25,31.4,2364096.0
2026-08-14,TWSE,2342,茂矽,38.95,41.6,38.9,39.25,4159026.0
2026-08-14,TWSE,2344,華邦電,183.0,185.0,177.0,177.0,227421621.0
2026-08-14,TWSE,2345,智邦,2275.0,2310.0,2235.0,2270.0,3000738.0
2026-08-14,TWSE,2347,聯強,91.6,92.3,90.9,91.5,3182215.0
2026-08-14,TWSE,2348,海悅,70.2,70.2,69.3,69.8,490224.0
2026-08-14,TWSE,2349,錸德,11.2,11.2,11.0,11.1,1369273.0
2026-08-14,TWSE,2351,順德,173.0,180.0,173.0,173.0,2177731.0
2026-08-14,TWSE,2352,佳世達,29.2,29.25,28.7,28.7,4599541.0
2026-08-14,TWSE,2353,宏碁,32.2,32.5,31.5,31.55,26523495.0
2026-08-14,TWSE,2354,鴻準,63.6,63.8,61.9,62.8,17027257.0
2026-08-14,TWSE,2355,敬鵬,43.5,44.1,42.9,43.1,2636121.0
2026-08-14,TWSE,2356,英業達,69.5,72.6,68.2,68.8,72503717.0
2026-08-14,TWSE,2357,華碩,937.0,937.0,937.0,937.0,3760190.0
2026-08-14,TWSE,2359,所羅門,151.0,157.0,151.0,157.0,13562769.0
2026-08-14,TWSE,2360,致茂,2335.0,2395.0,2255.0,2300.0,3525229.0
2026-08-14,TWSE,2362,藍天,49.2,49.25,47.75,47.9,2065542.0
2026-08-14,TWSE,2363,矽統,55.6,56.5,54.4,54.4,5577288.0
2026-08-14,TWSE,2364,倫飛,78.6,82.3,78.6,81.3,899264.0
2026-08-14,TWSE,2365,昆盈,31.3,31.75,31.1,31.25,1149808.0
2026-08-14,TWSE,2367,燿華,46.0,46.4,45.0,45.0,8866087.0
2026-08-14,TWSE,2368,金像電,1030.0,1045.0,994.0,1010.0,14515709.0
2026-08-14,TWSE,2369,菱生,33.8,34.1,32.95,32.95,5681117.0
2026-08-14,TWSE,2371,大同,26.5,26.75,26.15,26.25,4760128.0
2026-08-14,TWSE,2373,震旦行,53.9,54.0,53.0,53.6,42117.0
2026-08-14,TWSE,2374,佳能,72.0,72.5,70.9,70.9,2078358.0
2026-08-14,TWSE,2375,凱美,130.0,139.5,130.0,139.5,12171302.0
2026-08-14,TWSE,2376,技嘉,385.5,395.0,379.5,393.5,18530239.0
2026-08-14,TWSE,2377,微星,171.0,173.5,162.5,168.0,51222838.0
2026-08-14,TWSE,2379,瑞昱,775.0,775.0,750.0,758.0,2067939.0
2026-08-14,TWSE,2380,虹光,19.35,19.45,19.3,19.3,40076.0
2026-08-14,TWSE,2382,廣達,328.0,328.5,320.5,325.0,19688533.0
2026-08-14,TWSE,2383,台光電,5875.0,5875.0,5655.0,5690.0,1568694.0
2026-08-14,TWSE,2385,群光,106.0,108.0,105.5,106.0,5935046.0
2026-08-14,TWSE,2387,精元,37.0,37.2,36.9,36.95,436171.0
2026-08-14,TWSE,2388,威盛,78.1,79.6,75.7,76.1,4943086.0
2026-08-14,TWSE,2390,云辰,10.45,10.45,10.1,10.25,1067185.0
2026-08-14,TWSE,2392,正崴,40.5,40.55,38.8,39.15,2132962.0
2026-08-14,TWSE,2393,億光,64.4,65.6,63.9,65.2,5295860.0
2026-08-14,TWSE,2395,研華,695.0,709.0,690.0,698.0,4155071.0
2026-08-14,TWSE,2397,友通,67.2,67.5,65.8,65.9,589866.0
2026-08-14,TWSE,2399,映泰,45.2,45.75,43.95,44.4,5440406.0
2026-08-14,TWSE,2401,凌陽,28.2,28.25,27.1,27.2,4159328.0
2026-08-14,TWSE,2402,毅嘉,57.0,57.8,55.2,55.3,2052373.0
2026-08-14,TWSE,2404,漢唐,1170.0,1175.0,1115.0,1130.0,2734052.0
2026-08-14,TWSE,2405,輔信,16.1,16.2,15.7,15.85,1040865.0
2026-08-14,TWSE,2406,國碩,32.05,32.5,31.5,31.5,6739448.0
2026-08-14,TWSE,2408,南亞科,497.0,530.0,490.0,514.0,128574672.0
2026-08-14,TWSE,2409,友達,26.55,26.9,25.75,25.75,128429176.0
2026-08-14,TWSE,2412,中華電,135.5,136.0,135.0,136.0,8927309.0
2026-08-14,TWSE,2413,環科,46.75,47.0,45.4,45.4,1014951.0
2026-08-14,TWSE,2414,精技,53.0,53.0,52.5,52.8,242184.0
2026-08-14,TWSE,2415,錩新,30.0,30.1,29.55,29.6,589872.0
2026-08-14,TWSE,2417,圓剛,45.05,45.8,44.8,45.45,1710787.0
2026-08-14,TWSE,2419,仲琦,25.05,25.4,24.8,24.9,454443.0
2026-08-14,TWSE,2420,新巨,57.4,58.0,57.2,57.7,436364.0
2026-08-14,TWSE,2421,建準,152.0,154.0,149.5,149.5,2139011.0
2026-08-14,TWSE,2423,固緯,75.7,78.6,75.7,77.3,264041.0
2026-08-14,TWSE,2424,隴華,8.98,8.98,8.98,8.98,3100.0
2026-08-14,TWSE,2425,承啟,41.75,42.5,41.1,41.95,4813485.0
2026-08-14,TWSE,2426,鼎元,69.3,74.5,68.1,68.6,23304459.0
2026-08-14,TWSE,2427,三商電,21.8,21.85,21.55,21.75,364177.0
2026-08-14,TWSE,2428,興勤,255.0,266.0,255.0,259.5,5513682.0
2026-08-14,TWSE,2429,銘旺科,31.3,32.2,31.05,31.75,292377.0
2026-08-14,TWSE,2430,燦坤,17.25,17.25,17.1,17.25,26218.0
2026-08-14,TWSE,2431,聯昌,10.35,10.4,10.2,10.35,139957.0
2026-08-14,TWSE,2432,倚天酷碁-創,28.5,28.5,28.15,28.15,8000.0
2026-08-14,TWSE,2433,互盛電,41.9,41.95,41.8,41.95,18400.0
2026-08-14,TWSE,2434,統懋,56.0,58.8,54.0,55.2,1853497.0
2026-08-14,TWSE,2436,偉詮電,67.6,72.9,67.6,71.2,7917049.0
2026-08-14,TWSE,2438,翔耀,19.1,19.4,18.8,18.85,102713.0
2026-08-14,TWSE,2439,美律,81.3,82.0,81.3,81.5,844782.0
2026-08-14,TWSE,2440,太空梭,14.7,14.95,14.15,14.35,1912992.0
2026-08-14,TWSE,2441,超豐,127.0,129.5,125.5,125.5,4770468.0
2026-08-14,TWSE,2442,新美齊,19.65,19.65,19.45,19.55,1424601.0
2026-08-14,TWSE,2444,兆勁,11.5,11.7,10.7,11.15,444154.0
2026-08-14,TWSE,2449,京元電子,261.0,262.0,253.0,253.5,27388181.0
2026-08-14,TWSE,2450,神腦,28.3,28.45,28.2,28.25,122210.0
2026-08-14,TWSE,2451,創見,298.0,305.0,294.5,302.0,6947429.0
2026-08-14,TWSE,2453,凌群,52.7,52.9,51.7,51.7,458415.0
2026-08-14,TWSE,2454,聯發科,4130.0,4295.0,4115.0,4225.0,12263926.0
2026-08-14,TWSE,2455,全新,398.0,398.0,380.0,384.0,3730787.0
2026-08-14,TWSE,2457,飛宏,23.85,24.2,23.55,23.65,975707.0
2026-08-14,TWSE,2458,義隆,147.0,147.5,145.0,145.0,2573861.0
2026-08-14,TWSE,2459,敦吉,66.4,66.7,65.7,66.0,92566.0
2026-08-14,TWSE,2460,建通,30.85,31.15,30.0,30.4,547801.0
2026-08-14,TWSE,2461,光群雷,18.1,18.4,17.8,17.85,972747.0
2026-08-14,TWSE,2462,良得電,19.95,19.95,19.4,19.55,220271.0
2026-08-14,TWSE,2464,盟立,198.0,200.5,192.0,196.0,17203571.0
2026-08-14,TWSE,2465,麗臺,99.1,105.0,95.7,105.0,12841286.0
2026-08-14,TWSE,2466,冠西電,94.2,95.3,92.6,92.6,676521.0
2026-08-14,TWSE,2467,志聖,565.0,572.0,546.0,548.0,1524156.0
2026-08-14,TWSE,2468,華經,34.85,35.05,34.75,35.0,165448.0
2026-08-14,TWSE,2471,資通,50.1,50.3,49.5,50.3,136788.0
2026-08-14,TWSE,2472,立隆電,253.5,267.5,250.0,253.0,7032947.0
2026-08-14,TWSE,2474,可成,206.0,206.0,202.5,203.0,2537354.0
2026-08-14,TWSE,2476,鉅祥,126.0,126.5,121.5,123.0,2043314.0
2026-08-14,TWSE,2477,美隆電,21.6,21.75,21.4,21.4,165830.0
2026-08-14,TWSE,2478,大毅,131.0,141.0,129.5,130.0,23488425.0
2026-08-14,TWSE,2480,敦陽科,155.0,162.0,155.0,161.0,764210.0
2026-08-14,TWSE,2481,強茂,140.5,152.5,140.0,143.0,36136883.0
2026-08-14,TWSE,2482,連宇,16.2,16.2,15.95,16.1,214677.0
2026-08-14,TWSE,2483,百容,36.9,40.05,36.9,40.05,2334413.0
2026-08-14,TWSE,2484,希華,74.5,80.7,74.3,75.9,28288851.0
2026-08-14,TWSE,2485,兆赫,44.7,45.65,43.5,43.65,4590942.0
2026-08-14,TWSE,2486,一詮,231.5,241.5,230.0,231.5,6363573.0
2026-08-14,TWSE,2488,漢平,50.4,50.4,49.6,50.1,103225.0
2026-08-14,TWSE,2489,瑞軒,33.3,33.55,32.0,32.0,8329012.0
2026-08-14,TWSE,2491,吉祥全,35.4,35.85,34.65,34.9,365921.0
2026-08-14,TWSE,2492,華新科,299.0,316.5,298.0,316.5,26770032.0
2026-08-14,TWSE,2493,揚博,243.0,245.0,230.0,236.0,4882964.0
2026-08-14,TWSE,2495,普安,40.5,40.95,39.55,39.7,1201115.0
2026-08-14,TWSE,2496,卓越,59.7,59.7,59.0,59.6,16948.0
2026-08-14,TWSE,2497,怡利電,48.45,48.75,46.95,47.0,848102.0
2026-08-14,TWSE,2498,宏達電,41.0,41.15,40.1,40.1,3462629.0
2026-08-14,TWSE,2501,國建,23.4,23.4,22.9,23.0,1269163.0
2026-08-14,TWSE,2504,國產,31.4,31.4,30.85,31.15,1478098.0
2026-08-14,TWSE,2505,國揚,18.25,18.25,17.95,17.95,201955.0
2026-08-14,TWSE,2506,太設,8.62,8.65,8.54,8.58,196225.0
2026-08-14,TWSE,2509,全坤建,13.6,13.7,13.5,13.7,66309.0
2026-08-14,TWSE,2511,太子,8.34,8.41,8.24,8.4,1704009.0
2026-08-14,TWSE,2514,龍邦,12.3,12.3,12.15,12.25,106349.0
2026-08-14,TWSE,2515,中工,12.05,12.1,11.95,12.0,4631686.0
2026-08-14,TWSE,2516,新建,13.95,14.05,13.9,14.05,159987.0
2026-08-14,TWSE,2520,冠德,35.25,35.45,34.9,35.3,1093212.0
2026-08-14,TWSE,2524,京城,35.0,36.4,34.4,35.3,126287.0
2026-08-14,TWSE,2527,宏璟,46.35,47.25,45.3,45.8,957521.0
2026-08-14,TWSE,2528,皇普,20.6,20.6,20.25,20.4,164943.0
2026-08-14,TWSE,2530,華建,19.45,19.6,19.25,19.5,328663.0
2026-08-14,TWSE,2534,宏盛,17.15,17.15,16.9,16.9,336249.0
2026-08-14,TWSE,2535,達欣工,89.8,89.8,87.5,87.5,371549.0
2026-08-14,TWSE,2536,宏普,21.45,21.55,21.15,21.45,2524339.0
2026-08-14,TWSE,2537,聯上發,11.05,11.05,10.85,11.0,2142659.0
2026-08-14,TWSE,2538,基泰,9.18,9.2,9.08,9.14,480675.0
2026-08-14,TWSE,2539,櫻花建,42.15,42.15,41.35,41.8,1182146.0
2026-08-14,TWSE,2540,愛山林,44.5,45.05,43.75,44.8,791906.0
2026-08-14,TWSE,2542,興富發,45.0,46.4,44.9,46.4,16897697.0
2026-08-14,TWSE,2543,皇昌,41.15,41.75,39.2,39.65,1882758.0
2026-08-14,TWSE,2545,皇翔,34.95,35.4,34.2,34.45,473915.0
2026-08-14,TWSE,2546,根基,99.6,104.0,97.9,104.0,654669.0
2026-08-14,TWSE,2547,日勝生,10.05,10.15,10.05,10.15,2333416.0
2026-08-14,TWSE,2548,華固,93.4,93.8,93.1,93.4,1069917.0
2026-08-14,TWSE,2597,潤弘,169.0,173.0,167.5,169.0,535455.0
2026-08-14,TWSE,2601,益航,6.16,6.21,6.12,6.18,1064961.0
2026-08-14,TWSE,2603,長榮,215.0,217.0,214.0,215.5,6052803.0
2026-08-14,TWSE,2605,新興,32.95,32.95,31.35,32.3,9620731.0
2026-08-14,TWSE,2606,裕民,68.0,68.0,65.1,65.5,3673100.0
2026-08-14,TWSE,2607,榮運,50.6,51.4,49.7,49.9,834767.0
2026-08-14,TWSE,2608,嘉里大榮,28.75,28.75,28.4,28.55,269372.0
2026-08-14,TWSE,2609,陽明,51.9,52.0,50.9,51.4,17291845.0
2026-08-14,TWSE,2610,華航,20.35,20.35,20.0,20.1,36009986.0
2026-08-14,TWSE,2611,志信,14.0,14.6,14.0,14.6,669853.0
2026-08-14,TWSE,2612,中航,54.7,54.7,53.6,53.7,276758.0
2026-08-14,TWSE,2613,中櫃,20.5,20.6,20.25,20.35,151235.0
2026-08-14,TWSE,2614,東森,18.2,18.2,17.85,18.05,671419.0
2026-08-14,TWSE,2615,萬海,88.1,88.8,86.5,87.5,12468580.0
2026-08-14,TWSE,2616,山隆,13.4,13.5,13.4,13.5,125120.0
2026-08-14,TWSE,2617,台航,29.3,29.3,28.7,28.8,771439.0
2026-08-14,TWSE,2618,長榮航,41.9,41.95,40.8,41.0,32505193.0
2026-08-14,TWSE,2630,亞航,47.9,49.0,47.9,48.3,1367242.0
2026-08-14,TWSE,2633,台灣高鐵,25.85,25.95,25.7,25.95,5018567.0
2026-08-14,TWSE,2634,漢翔,63.0,65.0,62.9,64.2,31889309.0
2026-08-14,TWSE,2636,台驊控股,68.2,68.2,67.1,67.5,157255.0
2026-08-14,TWSE,2637,慧洋-KY,88.3,88.3,85.2,85.2,1692435.0
2026-08-14,TWSE,2642,宅配通,20.15,20.4,20.15,20.35,40815.0
2026-08-14,TWSE,2645,長榮航太,183.0,185.0,181.5,182.0,2315371.0
2026-08-14,TWSE,2646,星宇航空,20.55,20.6,20.35,20.4,5574137.0
2026-08-14,TWSE,2701,萬企,10.65,10.65,10.5,10.6,168124.0
2026-08-14,TWSE,2702,華園,12.45,12.45,12.3,12.4,15654.0
2026-08-14,TWSE,2704,國賓,46.1,46.8,46.05,46.55,125040.0
2026-08-14,TWSE,2705,六福,16.0,16.1,15.95,16.0,90123.0
2026-08-14,TWSE,2706,第一店,12.55,12.55,12.45,12.5,31846.0
2026-08-14,TWSE,2707,晶華,178.5,179.0,178.0,178.0,113386.0
2026-08-14,TWSE,2712,遠雄來,14.35,14.65,14.3,14.3,16000.0
2026-08-14,TWSE,2722,夏都,21.95,21.95,21.5,21.85,54067.0
2026-08-14,TWSE,2723,美食-KY,61.9,61.9,61.0,61.1,367839.0
2026-08-14,TWSE,2727,王品,234.0,234.0,230.0,230.5,485136.0
2026-08-14,TWSE,2731,雄獅,145.5,145.5,144.0,145.0,473787.0
2026-08-14,TWSE,2739,寒舍,35.8,36.4,35.45,35.8,354592.0
2026-08-14,TWSE,2748,雲品,38.55,38.6,38.1,38.45,69399.0
2026-08-14,TWSE,2753,八方雲集,184.0,184.0,181.0,182.5,260500.0
2026-08-14,TWSE,2762,世界健身-KY,83.4,84.1,83.3,83.5,82820.0
2026-08-14,TWSE,2801,彰銀,23.75,23.8,23.3,23.55,17736241.0
2026-08-14,TWSE,2812,台中銀,18.75,18.75,18.55,18.65,9215637.0
2026-08-14,TWSE,2816,旺旺保,34.0,34.0,33.25,33.55,575632.0
2026-08-14,TWSE,2820,華票,16.3,16.3,16.15,16.25,3072244.0
2026-08-14,TWSE,2832,台產,58.7,59.0,58.7,58.7,145709.0
2026-08-14,TWSE,2834,臺企銀,16.5,16.5,16.25,16.45,43024086.0
2026-08-14,TWSE,2836,高雄銀,11.95,11.95,11.85,11.9,810259.0
2026-08-14,TWSE,2838,聯邦銀,20.05,20.15,19.8,20.15,2454907.0
2026-08-14,TWSE,2845,遠東銀,13.2,13.25,13.1,13.2,6879600.0
2026-08-14,TWSE,2849,安泰銀,14.55,14.6,14.45,14.45,87376.0
2026-08-14,TWSE,2850,新產,158.0,161.5,158.0,161.0,315523.0
2026-08-14,TWSE,2851,中再保,36.8,38.05,36.8,37.85,2118480.0
2026-08-14,TWSE,2852,第一保,26.9,27.0,26.75,26.95,163533.0
2026-08-14,TWSE,2855,統一證,48.05,48.5,47.1,47.35,3835428.0
2026-08-14,TWSE,2867,三商壽,9.43,9.62,9.35,9.62,12525068.0
2026-08-14,TWSE,2880,華南金,41.5,41.55,38.3,39.1,72458281.0
2026-08-14,TWSE,2881,富邦金,128.0,129.0,127.0,128.5,8749804.0
2026-08-14,TWSE,2882,國泰金,100.0,100.5,98.9,99.5,14638280.0
2026-08-14,TWSE,2883,凱基金,31.4,31.5,30.85,31.5,34357307.0
2026-08-14,TWSE,2884,玉山金,37.0,37.3,36.35,37.3,41220940.0
2026-08-14,TWSE,2885,元大金,69.2,70.0,68.4,69.7,19010154.0
2026-08-14,TWSE,2886,兆豐金,46.9,46.9,44.95,45.85,71796604.0
2026-08-14,TWSE,2887,台新新光金,35.7,36.3,35.25,36.2,57440769.0
2026-08-14,TWSE,2889,國票金,15.35,15.55,15.3,15.55,11407417.0
2026-08-14,TWSE,2890,永豐金,40.2,40.2,39.3,39.95,20565942.0
2026-08-14,TWSE,2891,中信金,66.3,66.5,65.2,66.5,27983908.0
2026-08-14,TWSE,2892,第一金,33.35,33.35,32.65,33.15,28066711.0
2026-08-14,TWSE,2897,王道銀行,10.15,10.15,10.05,10.15,2558432.0
2026-08-14,TWSE,2901,欣欣,23.65,24.0,23.5,23.5,15328.0
2026-08-14,TWSE,2903,遠百,21.9,21.9,21.55,21.75,7170572.0
2026-08-14,TWSE,2904,匯僑,12.95,13.0,12.8,12.85,121171.0
2026-08-14,TWSE,2905,三商,16.35,16.35,15.8,16.2,1328671.0
2026-08-14,TWSE,2906,高林,13.6,13.6,13.0,13.5,196238.0
2026-08-14,TWSE,2908,特力,21.85,22.6,21.55,21.9,276073.0
2026-08-14,TWSE,2910,統領,25.4,25.4,23.55,23.6,25985.0
2026-08-14,TWSE,2911,麗嬰房,6.83,7.11,6.83,7.1,164215.0
2026-08-14,TWSE,2912,統一超,220.0,220.0,216.0,217.0,3949809.0
2026-08-14,TWSE,2913,農林,11.0,11.05,10.9,10.95,1589034.0
2026-08-14,TWSE,2915,潤泰全,54.8,54.8,53.5,54.1,2706604.0
2026-08-14,TWSE,2923,鼎固-KY,27.7,28.0,26.7,27.3,129823.0
2026-08-14,TWSE,2929,淘帝-KY,5.83,5.89,5.75,5.87,157879.0
2026-08-14,TWSE,2939,永邑-KY,19.6,19.85,19.4,19.4,11016.0
2026-08-14,TWSE,2945,三商家購,40.05,40.8,40.05,40.15,9504.0
2026-08-14,TWSE,3002,歐格,17.4,17.7,17.0,17.0,70483.0
2026-08-14,TWSE,3003,健和興,69.5,72.4,68.9,69.3,1316714.0
2026-08-14,TWSE,3004,豐達科,127.0,130.0,125.5,128.0,541251.0
2026-08-14,TWSE,3005,神基,116.5,117.0,114.0,114.5,3499035.0
2026-08-14,TWSE,3006,晶豪科,285.5,285.5,272.5,277.5,4100339.0
2026-08-14,TWSE,3008,大立光,4655.0,4825.0,4545.0,4660.0,2186337.0
2026-08-14,TWSE,3010,華立,133.5,134.0,130.0,131.0,1078952.0
2026-08-14,TWSE,3011,今皓,11.3,11.35,11.0,11.15,1000686.0
2026-08-14,TWSE,3013,晟銘電,87.2,88.8,86.7,87.0,1260346.0
2026-08-14,TWSE,3014,聯陽,136.0,136.0,134.0,134.5,777479.0
2026-08-14,TWSE,3015,全漢,56.6,57.2,55.8,55.8,344581.0
2026-08-14,TWSE,3016,嘉晶,106.0,111.0,103.5,104.0,10040470.0
2026-08-14,TWSE,3017,奇鋐,3030.0,3200.0,2925.0,3200.0,10569479.0
2026-08-14,TWSE,3018,隆銘綠能,13.0,13.65,13.0,13.65,97556.0
2026-08-14,TWSE,3019,亞光,138.5,140.5,138.5,139.0,2455958.0
2026-08-14,TWSE,3021,鴻名,21.85,21.95,20.8,20.85,157801.0
2026-08-14,TWSE,3022,威強電,106.5,107.0,98.0,98.1,4976917.0
2026-08-14,TWSE,3023,信邦,321.0,321.0,311.0,312.0,1188419.0
2026-08-14,TWSE,3024,憶聲,13.35,13.45,13.2,13.45,1248312.0
2026-08-14,TWSE,3025,星通,57.5,57.5,56.5,57.0,167183.0
2026-08-14,TWSE,3026,禾伸堂,706.0,752.0,690.0,691.0,24964846.0
2026-08-14,TWSE,3027,盛達,18.4,18.7,18.2,18.3,147594.0
2026-08-14,TWSE,3028,增你強,70.7,70.7,69.2,69.3,910259.0
2026-08-14,TWSE,3029,零壹,111.0,113.0,111.0,111.5,2210670.0
2026-08-14,TWSE,3030,德律,309.0,313.5,303.0,303.5,1228632.0
2026-08-14,TWSE,3031,佰鴻,23.3,23.7,23.15,23.2,348558.0
2026-08-14,TWSE,3032,偉訓,81.5,82.8,78.8,80.9,765100.0
2026-08-14,TWSE,3033,威健,50.9,50.9,48.35,48.6,14182861.0
2026-08-14,TWSE,3034,聯詠,542.0,545.0,531.0,538.0,3781700.0
2026-08-14,TWSE,3035,智原,182.0,184.5,176.5,177.0,4084816.0
2026-08-14,TWSE,3036,文曄,220.5,221.5,215.0,215.0,6974008.0
2026-08-14,TWSE,3037,欣興,1045.0,1045.0,976.0,1000.0,8899504.0
2026-08-14,TWSE,3038,全台,20.55,20.6,20.45,20.5,201408.0
2026-08-14,TWSE,3040,遠見,37.45,38.15,37.45,38.0,58950.0
2026-08-14,TWSE,3041,揚智,23.8,23.95,23.0,23.25,724459.0
2026-08-14,TWSE,3042,晶技,183.0,196.5,182.0,186.5,18458735.0
2026-08-14,TWSE,3043,科風,21.0,21.55,20.6,20.6,186425.0
2026-08-14,TWSE,3044,健鼎,502.0,524.0,485.5,495.0,14144741.0
2026-08-14,TWSE,3045,台灣大,109.0,109.5,108.0,108.5,15607342.0
2026-08-14,TWSE,3046,建碁,62.3,63.0,60.3,61.0,994061.0
2026-08-14,TWSE,3047,訊舟,14.35,14.5,14.25,14.35,519520.0
2026-08-14,TWSE,3048,益登,59.8,63.9,59.6,60.7,9031648.0
2026-08-14,TWSE,3049,精金,11.2,11.8,11.1,11.35,7152161.0
2026-08-14,TWSE,3050,鈺德,11.5,11.5,11.2,11.45,629217.0
2026-08-14,TWSE,3051,力特,23.75,23.95,23.25,23.4,534770.0
2026-08-14,TWSE,3052,夆典,11.05,11.3,11.05,11.25,1617199.0
2026-08-14,TWSE,3054,立萬利,48.3,49.1,48.3,48.6,55780.0
2026-08-14,TWSE,3055,蔚華科,119.0,128.0,118.5,118.5,4233445.0
2026-08-14,TWSE,3056,富華新,14.2,14.2,13.7,13.85,1247568.0
2026-08-14,TWSE,3057,喬鼎,16.3,17.15,16.3,16.85,120175.0
2026-08-14,TWSE,3058,立德,8.42,8.42,8.24,8.26,322323.0
2026-08-14,TWSE,3059,華晶科,41.15,41.3,40.75,40.75,1775817.0
2026-08-14,TWSE,3060,銘異,29.2,29.55,28.8,28.8,867791.0
2026-08-14,TWSE,3062,建漢,21.3,21.5,21.0,21.0,1332563.0
2026-08-14,TWSE,3090,日電貿,173.5,187.0,173.5,175.0,21500770.0
2026-08-14,TWSE,3092,鴻碩,25.3,25.3,23.85,23.95,177059.0
2026-08-14,TWSE,3094,聯傑,37.15,39.55,36.9,38.8,4403492.0
2026-08-14,TWSE,3130,一零四,213.0,213.5,209.5,210.5,192327.0
2026-08-14,TWSE,3135,凌航,167.5,170.0,166.0,169.0,1756930.0
2026-08-14,TWSE,3138,耀登,98.9,100.5,97.6,97.6,164068.0
2026-08-14,TWSE,3149,正達,68.9,70.5,68.3,68.3,8079784.0
2026-08-14,TWSE,3150,鈺寶-創,18.15,18.55,17.75,17.75,33001.0
2026-08-14,TWSE,3164,景岳,16.5,16.5,16.2,16.2,29460.0
2026-08-14,TWSE,3167,大量,699.0,699.0,670.0,674.0,458638.0
2026-08-14,TWSE,3168,眾福科,42.55,42.55,41.8,41.85,10100.0
2026-08-14,TWSE,3189,景碩,866.0,872.0,813.0,851.0,4544970.0
2026-08-14,TWSE,3209,全科,56.3,56.8,55.5,56.0,3284573.0
2026-08-14,TWSE,3229,晟鈦,55.9,55.9,51.4,53.0,1497809.0
2026-08-14,TWSE,3231,緯創,196.0,199.5,193.5,197.0,72282415.0
2026-08-14,TWSE,3257,虹冠電,52.1,52.7,51.2,51.3,247724.0
2026-08-14,TWSE,3266,昇陽,13.85,14.0,13.7,14.0,84868.0
2026-08-14,TWSE,3296,勝德,23.5,23.85,23.3,23.7,31009.0
2026-08-14,TWSE,3305,昇貿,116.0,119.5,115.0,117.0,2240638.0
2026-08-14,TWSE,3308,聯德,19.5,19.9,19.5,19.5,29832.0
2026-08-14,TWSE,3311,閎暉,32.25,33.05,32.25,32.7,156787.0
2026-08-14,TWSE,3312,弘憶股,56.8,56.8,56.8,56.8,2175761.0
2026-08-14,TWSE,3321,同泰,19.05,19.05,18.4,18.45,143048.0
2026-08-14,TWSE,3338,泰碩,64.3,65.3,64.0,64.6,345530.0
2026-08-14,TWSE,3346,麗清,21.45,21.75,20.85,21.35,394104.0
2026-08-14,TWSE,3356,奇偶,61.5,64.3,61.5,62.9,1438841.0
2026-08-14,TWSE,3376,新日興,193.0,195.0,188.5,189.5,1901032.0
2026-08-14,TWSE,3380,明泰,28.9,29.0,28.3,28.3,1163522.0
2026-08-14,TWSE,3406,玉晶光,585.0,635.0,572.0,629.0,6207058.0
2026-08-14,TWSE,3413,京鼎,305.5,309.0,300.5,302.0,1409049.0
2026-08-14,TWSE,3416,融程電,189.0,190.5,187.0,188.0,347806.0
2026-08-14,TWSE,3419,譁裕,12.05,12.1,11.85,12.0,103348.0
2026-08-14,TWSE,3432,台端,15.7,15.95,15.55,15.9,22001.0
2026-08-14,TWSE,3437,榮創,18.05,18.05,17.7,17.7,250945.0
2026-08-14,TWSE,3443,創意,5260.0,5580.0,5230.0,5540.0,2994558.0
2026-08-14,TWSE,3447,展達,27.55,27.85,27.5,27.85,57076.0
2026-08-14,TWSE,3450,聯鈞,525.0,543.0,499.5,527.0,2549984.0
2026-08-14,TWSE,3481,群創,51.5,51.9,49.4,49.4,196134473.0
2026-08-14,TWSE,3494,誠研,7.34,7.34,7.02,7.11,65444.0
2026-08-14,TWSE,3501,維熹,40.35,40.35,39.55,39.75,165177.0
2026-08-14,TWSE,3504,揚明光,76.6,77.7,75.2,76.0,971525.0
2026-08-14,TWSE,3515,華擎,227.0,237.0,226.0,236.0,2225698.0
2026-08-14,TWSE,3518,柏騰,28.15,28.9,27.9,28.5,324850.0
2026-08-14,TWSE,3528,安馳,90.0,91.9,89.3,90.0,430181.0
2026-08-14,TWSE,3530,晶相光,57.0,57.8,56.7,56.7,134516.0
2026-08-14,TWSE,3532,台勝科,334.5,343.0,320.5,343.0,5508061.0
2026-08-14,TWSE,3533,嘉澤,1940.0,1945.0,1810.0,1810.0,4535415.0
2026-08-14,TWSE,3535,晶彩科,93.2,93.8,91.7,92.3,636509.0
2026-08-14,TWSE,3543,州巧,39.7,41.65,39.45,40.1,2936076.0
2026-08-14,TWSE,3545,敦泰,51.3,51.3,50.3,50.4,525982.0
2026-08-14,TWSE,3550,聯穎,23.6,25.25,23.55,24.1,3777310.0
2026-08-14,TWSE,3557,嘉威,25.15,25.35,24.95,24.95,19553.0
2026-08-14,TWSE,3563,牧德,730.0,730.0,702.0,703.0,535432.0
2026-08-14,TWSE,3576,聯合再生,17.8,18.4,17.7,17.9,20322406.0
2026-08-14,TWSE,3583,辛耘,737.0,759.0,718.0,719.0,1158994.0
2026-08-14,TWSE,3588,通嘉,56.0,56.9,55.4,55.4,204099.0
2026-08-14,TWSE,3591,艾笛森,21.3,21.55,20.95,20.95,577957.0
2026-08-14,TWSE,3592,瑞鼎,238.0,240.0,235.5,235.5,383749.0
2026-08-14,TWSE,3593,力銘,12.1,12.1,12.0,12.0,18265.0
2026-08-14,TWSE,3596,智易,170.0,170.5,165.5,166.0,2108500.0
2026-08-14,TWSE,3605,宏致,124.5,132.0,123.0,132.0,13830861.0
2026-08-14,TWSE,3607,谷崧,14.25,14.4,14.15,14.3,222026.0
2026-08-14,TWSE,3617,碩天,238.0,238.0,234.0,238.0,392794.0
2026-08-14,TWSE,3622,洋華,55.3,55.5,55.0,55.2,122643.0
2026-08-14,TWSE,3645,達邁,70.9,71.9,69.6,69.7,1742258.0
2026-08-14,TWSE,3652,精聯,37.2,38.2,36.5,38.0,2006169.0
2026-08-14,TWSE,3653,健策,4500.0,4670.0,4415.0,4635.0,985672.0
2026-08-14,TWSE,3661,世芯-KY,4100.0,4225.0,4090.0,4190.0,2869332.0
2026-08-14,TWSE,3665,貿聯-KY,2180.0,2275.0,2165.0,2205.0,2695004.0
2026-08-14,TWSE,3669,圓展,39.6,40.45,38.9,39.2,259611.0
2026-08-14,TWSE,3673,TPK-KY,64.0,64.7,62.4,62.6,2934080.0
2026-08-14,TWSE,3679,新至陞,109.5,110.0,109.0,109.5,27182.0
2026-08-14,TWSE,3686,達能,14.8,15.1,14.6,14.9,113601.0
2026-08-14,TWSE,3694,海華,54.1,54.1,53.2,53.3,707707.0
2026-08-14,TWSE,3701,大眾控,42.0,42.4,40.6,40.9,635813.0
2026-08-14,TWSE,3702,大聯大,122.5,125.0,120.5,123.5,10898881.0
2026-08-14,TWSE,3703,欣陸,20.05,20.1,19.95,20.0,2046975.0
2026-08-14,TWSE,3704,合勤控,42.85,43.3,41.8,41.85,3240742.0
2026-08-14,TWSE,3705,永信,54.0,54.4,53.9,54.4,168356.0
2026-08-14,TWSE,3706,神達,93.0,93.5,91.4,91.7,9677556.0
2026-08-14,TWSE,3708,上緯投控,104.0,106.0,102.5,103.0,1126848.0
2026-08-14,TWSE,3711,日月光投控,627.0,638.0,623.0,626.0,19383393.0
2026-08-14,TWSE,3712,永崴投控,23.25,23.25,21.7,22.2,1212266.0
2026-08-14,TWSE,3714,富采,58.9,59.6,58.3,58.6,5413876.0
2026-08-14,TWSE,3715,定穎投控,119.0,122.0,117.5,117.5,6303302.0
2026-08-14,TWSE,3716,中化控股,34.95,35.5,34.65,35.25,332372.0
2026-08-14,TWSE,3717,聯嘉投控,23.15,23.15,22.4,22.7,1520143.0
2026-08-14,TWSE,4104,佳醫,71.5,71.5,70.9,71.3,105474.0
2026-08-14,TWSE,4106,雃博,24.8,24.9,24.55,24.75,121027.0
2026-08-14,TWSE,4108,懷特,11.1,11.25,11.0,11.2,205097.0
2026-08-14,TWSE,4119,旭富,56.1,56.1,53.8,55.1,363540.0
2026-08-14,TWSE,4133,亞諾法,20.85,20.9,20.6,20.85,85235.0
2026-08-14,TWSE,4137,麗豐-KY,94.5,94.8,93.4,93.7,191637.0
2026-08-14,TWSE,4142,國光生,17.35,17.35,17.2,17.3,788044.0
2026-08-14,TWSE,4148,全宇生技-KY,33.65,34.5,31.2,32.55,169544.0
2026-08-14,TWSE,4155,訊映,14.9,15.3,14.9,15.1,452067.0
2026-08-14,TWSE,4164,承業醫,27.35,27.35,26.7,26.75,463340.0
2026-08-14,TWSE,4169,泰宗,152.0,153.5,150.0,150.0,123392.0
2026-08-14,TWSE,4178,永笙-KY,17.7,18.3,17.7,18.05,79101.0
2026-08-14,TWSE,4190,佐登-KY,25.0,25.0,24.55,24.55,22628.0
2026-08-14,TWSE,4195,基米-創,15.2,15.2,14.85,15.0,112759.0
2026-08-14,TWSE,4306,炎洲,14.65,14.65,14.5,14.5,544124.0
2026-08-14,TWSE,4414,如興,8.8,8.8,8.54,8.62,261575.0
2026-08-14,TWSE,4426,利勤,7.95,7.97,7.89,7.95,43750.0
2026-08-14,TWSE,4438,廣越,61.7,61.7,60.5,60.8,58679.0
2026-08-14,TWSE,4439,冠星-KY,100.5,101.5,100.5,101.0,19865.0
2026-08-14,TWSE,4440,宜新實業,17.2,17.55,17.15,17.5,40191.0
2026-08-14,TWSE,4441,振大環球,203.5,207.0,200.0,204.5,168291.0
2026-08-14,TWSE,4526,東台,31.75,32.05,31.2,31.2,1796638.0
2026-08-14,TWSE,4532,瑞智,24.0,24.0,23.7,23.7,528895.0
2026-08-14,TWSE,4536,拓凱,170.0,171.0,168.5,170.5,133072.0
2026-08-14,TWSE,4540,全球傳動,60.9,62.2,59.7,60.3,4600140.0
2026-08-14,TWSE,4545,銘鈺,33.65,33.95,32.6,32.6,80413.0
2026-08-14,TWSE,4551,智伸科,174.0,182.0,174.0,174.0,3294831.0
2026-08-14,TWSE,4552,力達-KY,17.6,17.75,17.55,17.55,66790.0
2026-08-14,TWSE,4555,氣立,51.4,52.7,50.1,51.0,685865.0
2026-08-14,TWSE,4557,永新-KY,49.95,50.2,49.7,49.85,100521.0
2026-08-14,TWSE,4560,強信-KY,32.45,32.45,32.1,32.45,57010.0
2026-08-14,TWSE,4562,穎漢,34.05,35.1,32.35,33.05,509196.0
2026-08-14,TWSE,4564,元翎,16.85,17.05,16.7,16.9,572745.0
2026-08-14,TWSE,4566,時碩工業,72.5,79.2,72.4,75.5,6482644.0
2026-08-14,TWSE,4569,六方科-KY,164.5,166.0,163.0,163.0,18319.0
2026-08-14,TWSE,4571,鈞興-KY,173.5,178.0,170.5,170.5,370129.0
2026-08-14,TWSE,4572,駐龍,140.0,140.0,139.0,139.0,14967.0
2026-08-14,TWSE,4576,大銀微系統,228.0,235.5,222.5,224.0,4165130.0
2026-08-14,TWSE,4581,光隆精密-KY,48.2,48.55,47.8,48.2,18249.0
2026-08-14,TWSE,4582,聚恆-創,25.5,25.9,25.0,25.25,218705.0
2026-08-14,TWSE,4583,台灣精銳,502.0,513.0,499.0,512.0,198419.0
2026-08-14,TWSE,4585,達明,311.5,318.5,309.5,309.5,248720.0
2026-08-14,TWSE,4588,玖鼎電力,52.5,53.0,52.3,52.6,31169.0
2026-08-14,TWSE,4590,富田-創,93.3,95.9,90.1,90.6,800473.0
2026-08-14,TWSE,4720,德淵,20.2,20.35,19.8,19.8,298869.0
2026-08-14,TWSE,4722,國精化,215.0,222.5,207.0,208.0,1352461.0
2026-08-14,TWSE,4736,泰博,138.0,142.0,137.5,141.0,1362061.0
2026-08-14,TWSE,4737,華廣,57.0,58.0,56.6,57.3,108313.0
2026-08-14,TWSE,4739,康普,87.6,88.4,86.9,87.5,1245609.0
2026-08-14,TWSE,4746,台耀,53.8,53.8,52.9,53.4,405850.0
2026-08-14,TWSE,4755,三福化,121.0,121.5,119.5,119.5,154658.0
2026-08-14,TWSE,4763,材料*-KY,53.0,53.1,51.3,51.6,10357351.0
2026-08-14,TWSE,4764,雙鍵,252.5,256.5,243.5,245.0,1353817.0
2026-08-14,TWSE,4766,南寶,342.5,345.0,338.5,340.0,285844.0
2026-08-14,TWSE,4770,上品,223.0,228.0,222.0,224.0,313811.0
2026-08-14,TWSE,4771,望隼,202.0,205.5,199.5,201.5,272832.0
2026-08-14,TWSE,4807,日成-KY,31.15,31.75,30.6,31.5,130484.0
2026-08-14,TWSE,4904,遠傳,102.0,102.0,99.1,99.5,7323076.0
2026-08-14,TWSE,4906,正文,37.1,37.75,36.6,36.6,4490678.0
2026-08-14,TWSE,4912,聯德控股-KY,94.2,94.4,91.6,92.9,364670.0
2026-08-14,TWSE,4915,致伸,61.0,61.0,60.2,60.7,3240725.0
2026-08-14,TWSE,4916,事欣科,103.5,105.0,101.5,101.5,2882164.0
2026-08-14,TWSE,4919,新唐,127.5,131.5,126.0,126.5,4264618.0
2026-08-14,TWSE,4927,泰鼎-KY,35.1,35.15,34.3,34.55,1893754.0
2026-08-14,TWSE,4930,燦星網,15.8,16.15,15.8,16.1,66113.0
2026-08-14,TWSE,4934,太極,14.5,14.8,14.45,14.65,491472.0
2026-08-14,TWSE,4935,茂林-KY,35.0,36.0,35.0,35.35,100244.0
2026-08-14,TWSE,4938,和碩,93.6,100.5,93.5,94.8,66786865.0
2026-08-14,TWSE,4942,嘉彰,33.95,33.95,32.65,33.3,556253.0
2026-08-14,TWSE,4943,康控-KY,8.69,8.69,8.21,8.65,24426.0
2026-08-14,TWSE,4949,有成精密,69.9,70.4,68.1,68.8,829375.0
2026-08-14,TWSE,4952,凌通,49.95,50.4,49.45,49.8,331458.0
2026-08-14,TWSE,4956,光鋐,31.8,32.2,31.1,31.1,753563.0
2026-08-14,TWSE,4958,臻鼎-KY,483.0,506.0,472.0,477.5,42130871.0
2026-08-14,TWSE,4960,誠美材,22.75,22.95,21.7,21.95,8795732.0
2026-08-14,TWSE,4961,天鈺,176.0,176.0,168.0,168.5,552970.0
2026-08-14,TWSE,4967,十銓,283.0,284.5,279.5,280.5,4584329.0
2026-08-14,TWSE,4968,立積,97.8,98.2,96.0,96.0,368774.0
2026-08-14,TWSE,4976,佳凌,36.8,38.85,36.3,37.05,3684202.0
2026-08-14,TWSE,4977,眾達-KY,158.0,161.0,150.0,151.5,4313153.0
2026-08-14,TWSE,4989,榮科,70.2,72.6,68.8,69.3,9863735.0
2026-08-14,TWSE,4994,傳奇,87.5,88.2,85.5,87.3,18363.0
2026-08-14,TWSE,4999,鑫禾,18.8,19.2,18.8,19.0,35529.0
2026-08-14,TWSE,5007,三星,56.5,56.5,56.3,56.3,44120.0
2026-08-14,TWSE,5203,訊連,62.4,62.4,61.2,61.2,154035.0
2026-08-14,TWSE,5215,科嘉-KY,38.4,40.75,38.4,39.9,173764.0
2026-08-14,TWSE,5222,全訊,118.5,122.5,118.0,122.0,471287.0
2026-08-14,TWSE,5225,東科-KY,62.0,62.4,61.0,62.0,499975.0
2026-08-14,TWSE,5234,達興材料,342.0,347.0,335.0,335.5,206409.0
2026-08-14,TWSE,5236,凌陽創新,143.5,145.0,142.0,142.0,119697.0
2026-08-14,TWSE,5243,乙盛-KY,92.9,92.9,91.0,91.4,952760.0
2026-08-14,TWSE,5244,弘凱,34.1,34.1,33.65,33.95,77170.0
2026-08-14,TWSE,5258,虹堡,51.2,51.2,49.5,49.95,413226.0
2026-08-14,TWSE,5269,祥碩,1450.0,1465.0,1430.0,1430.0,959271.0
2026-08-14,TWSE,5283,禾聯碩,55.5,56.7,54.3,56.6,300440.0
2026-08-14,TWSE,5284,jpp-KY,303.5,304.5,299.0,300.5,172220.0
2026-08-14,TWSE,5285,界霖,80.8,81.6,78.7,79.6,1236658.0
2026-08-14,TWSE,5288,豐祥-KY,192.0,192.0,188.5,189.5,135506.0
2026-08-14,TWSE,5292,華懋,187.5,192.0,187.5,190.0,122349.0
2026-08-14,TWSE,5306,桂盟,97.9,97.9,95.0,95.9,184708.0
2026-08-14,TWSE,5388,中磊,82.3,82.4,80.4,81.1,9499354.0
2026-08-14,TWSE,5434,崇越,538.0,539.0,526.0,527.0,531953.0
2026-08-14,TWSE,5469,瀚宇博,77.3,78.1,76.4,76.9,1571353.0
2026-08-14,TWSE,5471,松翰,57.1,58.8,56.3,58.1,6307052.0
2026-08-14,TWSE,5484,慧友,42.55,43.2,40.85,41.15,440563.0
2026-08-14,TWSE,5515,建國,50.2,50.4,49.3,50.4,2750494.0
2026-08-14,TWSE,5519,隆大,28.2,28.2,27.55,27.75,585574.0
2026-08-14,TWSE,5521,工信,10.6,10.85,10.5,10.75,5352664.0
2026-08-14,TWSE,5522,遠雄,63.5,63.5,61.4,62.1,2083246.0
2026-08-14,TWSE,5525,順天,21.85,22.7,21.7,21.85,173047.0
2026-08-14,TWSE,5531,鄉林,7.4,7.65,7.35,7.45,530258.0
2026-08-14,TWSE,5533,皇鼎,14.0,14.0,13.8,13.95,266016.0
2026-08-14,TWSE,5534,長虹,78.3,78.6,77.7,78.4,543374.0
2026-08-14,TWSE,5538,東明-KY,33.95,33.95,32.9,33.8,163447.0
2026-08-14,TWSE,5546,永固-KY,13.85,13.85,13.35,13.35,16173.0
2026-08-14,TWSE,5607,遠雄港,51.7,52.3,51.0,52.2,1190216.0
2026-08-14,TWSE,5608,四維航,14.4,14.4,13.95,14.0,885269.0
2026-08-14,TWSE,5706,鳳凰,45.8,45.8,45.1,45.15,96035.0
2026-08-14,TWSE,5871,中租-KY,114.0,114.5,112.5,114.0,3915738.0
2026-08-14,TWSE,5876,上海商銀,43.1,43.1,42.05,42.25,8247877.0
2026-08-14,TWSE,5880,合庫金,24.15,24.25,23.9,24.2,19070125.0
2026-08-14,TWSE,5906,台南-KY,38.5,38.5,36.8,36.8,3000.0
2026-08-14,TWSE,5907,大洋-KY,4.96,4.96,4.89,4.93,91318.0
2026-08-14,TWSE,6005,群益證,30.85,31.3,30.6,30.6,7635882.0
2026-08-14,TWSE,6024,群益期,61.9,61.9,61.1,61.6,244014.0
2026-08-14,TWSE,6108,競國,19.95,21.8,19.85,21.7,4151310.0
2026-08-14,TWSE,6112,邁達特,46.3,47.1,46.3,46.55,669099.0
2026-08-14,TWSE,6115,鎰勝,45.35,45.35,45.1,45.25,103515.0
2026-08-14,TWSE,6116,彩晶,14.3,14.45,13.9,13.95,22619496.0
2026-08-14,TWSE,6117,迎廣,65.8,65.8,64.6,65.3,265474.0
2026-08-14,TWSE,6120,達運,13.15,13.15,12.55,12.55,3263594.0
2026-08-14,TWSE,6128,上福,20.5,20.8,20.3,20.65,138267.0
2026-08-14,TWSE,6133,金橋,22.35,23.15,22.2,23.0,977912.0
2026-08-14,TWSE,6136,富爾特,25.4,25.4,25.1,25.4,126890.0
2026-08-14,TWSE,6139,亞翔,824.0,831.0,805.0,805.0,2839556.0
2026-08-14,TWSE,6141,柏承,36.0,37.6,34.9,36.6,1157036.0
2026-08-14,TWSE,6142,友勁,9.2,9.39,9.2,9.28,545253.0
2026-08-14,TWSE,6152,百一,16.5,16.5,15.0,15.35,3207279.0
2026-08-14,TWSE,6153,嘉聯益,17.3,17.65,16.95,17.25,3673474.0
2026-08-14,TWSE,6155,鈞寶,60.0,64.2,59.7,63.5,6835202.0
2026-08-14,TWSE,6164,華興,12.0,12.05,11.85,11.9,438281.0
2026-08-14,TWSE,6165,浪凡,49.6,49.6,48.7,49.2,370720.0
2026-08-14,TWSE,6166,凌華,139.5,141.0,136.5,137.0,2672016.0
2026-08-14,TWSE,6168,宏齊,25.45,26.0,25.15,25.2,1352870.0
2026-08-14,TWSE,6177,達麗,48.45,48.45,47.25,47.35,2000932.0
2026-08-14,TWSE,6183,關貿,94.7,94.7,93.1,93.1,30041.0
2026-08-14,TWSE,6184,大豐電,42.2,42.2,42.0,42.2,49139.0
2026-08-14,TWSE,6189,豐藝,49.8,50.1,49.45,49.55,464249.0
2026-08-14,TWSE,6191,精成科,88.0,89.0,86.7,86.8,1572091.0
2026-08-14,TWSE,6192,巨路,120.0,120.0,117.5,119.0,361755.0
2026-08-14,TWSE,6196,帆宣,502.0,523.0,502.0,511.0,1627939.0
2026-08-14,TWSE,6197,佳必琪,310.5,317.5,310.5,312.0,1875619.0
2026-08-14,TWSE,6201,亞弘電,45.5,45.75,45.3,45.3,24205.0
2026-08-14,TWSE,6202,盛群,63.2,63.6,61.8,62.0,2560553.0
2026-08-14,TWSE,6205,詮欣,64.5,65.4,62.8,63.3,513580.0
2026-08-14,TWSE,6206,飛捷,146.5,159.0,146.0,156.5,5044685.0
2026-08-14,TWSE,6209,今國光,72.0,72.8,70.6,70.6,6676141.0
2026-08-14,TWSE,6213,聯茂,469.0,470.0,448.0,469.0,7014384.0
2026-08-14,TWSE,6214,精誠,156.5,156.5,156.5,156.5,2744322.0
2026-08-14,TWSE,6215,和椿,106.5,111.0,106.5,107.0,3027898.0
2026-08-14,TWSE,6216,居易,22.8,22.95,22.5,22.5,98669.0
2026-08-14,TWSE,6224,聚鼎,61.2,64.5,61.2,62.6,548889.0
2026-08-14,TWSE,6225,天瀚,36.75,36.75,36.75,36.75,50950.0
2026-08-14,TWSE,6226,光鼎,20.45,20.9,19.5,19.6,9535979.0
2026-08-14,TWSE,6230,尼得科超眾,114.0,119.0,112.5,112.5,215931.0
2026-08-14,TWSE,6235,華孚,39.6,39.6,38.7,38.8,479716.0
2026-08-14,TWSE,6239,力成,287.0,294.0,282.0,283.0,18351610.0
2026-08-14,TWSE,6243,迅杰,44.8,45.7,43.8,43.9,1166889.0
2026-08-14,TWSE,6257,矽格,214.5,224.0,213.0,213.0,7864871.0
2026-08-14,TWSE,6269,台郡,67.2,67.3,65.0,65.0,4658128.0
2026-08-14,TWSE,6271,同欣電,200.5,205.0,199.0,199.0,4435198.0
2026-08-14,TWSE,6272,驊陞,24.5,24.5,23.6,23.65,222868.0
2026-08-14,TWSE,6277,宏正,79.5,85.0,79.5,84.2,1767348.0
2026-08-14,TWSE,6278,台表科,175.0,176.0,167.0,168.0,5782758.0
2026-08-14,TWSE,6281,全國電,51.8,51.8,51.4,51.7,35093.0
2026-08-14,TWSE,6282,康舒,47.7,49.2,47.6,48.15,13071586.0
2026-08-14,TWSE,6283,淳安,20.25,20.25,19.85,20.1,91007.0
2026-08-14,TWSE,6285,啟碁,255.5,256.5,246.5,246.5,5811000.0
2026-08-14,TWSE,6405,悅城,41.05,41.3,40.3,40.65,311612.0
2026-08-14,TWSE,6409,旭隼,1000.0,1010.0,972.0,972.0,487650.0
2026-08-14,TWSE,6412,群電,80.7,81.2,79.6,79.6,710830.0
2026-08-14,TWSE,6414,樺漢,460.0,473.0,450.0,451.0,2319984.0
2026-08-14,TWSE,6415,矽力*-KY,460.5,487.0,460.5,465.0,3047273.0
2026-08-14,TWSE,6416,瑞祺電通,100.0,100.5,96.7,97.8,496102.0
2026-08-14,TWSE,6426,統新,224.0,224.0,211.0,216.0,601785.0
2026-08-14,TWSE,6431,光麗-KY,18.3,19.35,18.3,19.35,112050.0
2026-08-14,TWSE,6438,迅得,152.0,152.0,147.0,147.5,268621.0
2026-08-14,TWSE,6442,光聖,1635.0,1670.0,1545.0,1565.0,5054406.0
2026-08-14,TWSE,6443,元晶,26.9,28.4,26.9,27.7,6428575.0
2026-08-14,TWSE,6446,藥華藥,1475.0,1510.0,1430.0,1445.0,3404968.0
2026-08-14,TWSE,6449,鈺邦,254.5,263.0,246.0,248.0,2285057.0
2026-08-14,TWSE,6451,訊芯-KY,458.0,458.0,436.0,436.0,1275291.0
2026-08-14,TWSE,6456,GIS-KY,68.6,69.1,66.8,67.3,3263153.0
2026-08-14,TWSE,6464,台數科,76.7,77.6,76.7,76.9,12017.0
2026-08-14,TWSE,6472,保瑞,428.0,428.0,421.0,422.0,428276.0
2026-08-14,TWSE,6477,安集,34.3,35.85,34.3,34.8,1365286.0
2026-08-14,TWSE,6491,晶碩,384.0,384.0,368.0,370.0,328551.0
2026-08-14,TWSE,6504,南六,38.7,39.35,38.25,38.25,43663.0
2026-08-14,TWSE,6505,台塑化,70.6,71.1,69.6,69.8,11774256.0
2026-08-14,TWSE,6515,穎崴,7285.0,7295.0,6660.0,6745.0,794682.0
2026-08-14,TWSE,6525,捷敏-KY,145.0,152.0,144.0,150.5,3753437.0
2026-08-14,TWSE,6526,達發,627.0,635.0,623.0,624.0,309369.0
2026-08-14,TWSE,6531,愛普*,880.0,903.0,860.0,865.0,918703.0
2026-08-14,TWSE,6533,晶心科,252.5,254.0,249.0,249.5,1035179.0
2026-08-14,TWSE,6534,正瀚-創,93.8,94.9,93.7,94.9,118448.0
2026-08-14,TWSE,6541,泰福-KY,38.75,38.85,37.85,38.1,391664.0
2026-08-14,TWSE,6550,北極星藥業-KY,10.95,11.25,10.85,11.1,932924.0
2026-08-14,TWSE,6552,易華電,25.25,25.65,25.05,25.15,58597.0
2026-08-14,TWSE,6558,興能高,26.95,27.0,26.1,26.1,247687.0
2026-08-14,TWSE,6573,虹揚-KY,15.8,17.25,15.8,16.85,249475.0
2026-08-14,TWSE,6579,研揚,161.5,163.0,156.0,157.0,720370.0
2026-08-14,TWSE,6581,鋼聯,107.5,108.5,107.5,107.5,15271.0
2026-08-14,TWSE,6582,申豐,31.75,31.8,31.55,31.55,57872.0
2026-08-14,TWSE,6585,鼎基,118.5,120.5,118.5,120.0,193202.0
2026-08-14,TWSE,6589,台康生技,51.1,51.3,50.5,50.8,647559.0
2026-08-14,TWSE,6591,動力-KY,44.8,47.0,44.05,45.9,226117.0
2026-08-14,TWSE,6592,和潤企業,61.6,61.8,61.3,61.7,359778.0
2026-08-14,TWSE,6598,ABC-KY,27.65,28.15,27.5,27.75,233514.0
2026-08-14,TWSE,6605,帝寶,138.5,138.5,134.5,136.5,363366.0
2026-08-14,TWSE,6606,建德工業,26.85,27.25,26.85,27.2,204064.0
2026-08-14,TWSE,6614,資拓宏宇,36.15,36.45,35.85,36.0,14101.0
2026-08-14,TWSE,6625,必應,78.1,78.1,76.9,77.5,79793.0
2026-08-14,TWSE,6641,基士德-KY,17.85,17.9,17.6,17.8,655832.0
2026-08-14,TWSE,6645,金萬林-創,13.35,13.6,13.3,13.6,50708.0
2026-08-14,TWSE,6655,科定,117.5,117.5,115.5,117.0,6058.0
2026-08-14,TWSE,6657,華安,30.3,31.7,30.3,31.55,117441.0
2026-08-14,TWSE,6658,聯策,171.0,176.0,168.0,174.0,342040.0
2026-08-14,TWSE,6666,羅麗芬-KY,42.75,42.8,42.2,42.65,32080.0
2026-08-14,TWSE,6668,中揚光,37.55,37.6,36.3,36.4,510311.0
2026-08-14,TWSE,6669,緯穎,6095.0,6195.0,6020.0,6070.0,1340105.0
2026-08-14,TWSE,6670,復盛應用,266.5,269.5,264.5,267.0,237144.0
2026-08-14,TWSE,6671,三能-KY,22.95,22.95,22.6,22.9,8000.0
2026-08-14,TWSE,6672,騰輝電子-KY,269.5,272.5,260.0,264.5,4550996.0
2026-08-14,TWSE,6674,鋐寶科技,15.3,15.3,15.05,15.05,7200.0
2026-08-14,TWSE,6689,伊雲谷,63.9,63.9,61.2,63.5,129547.0
2026-08-14,TWSE,6691,洋基工程,741.0,743.0,726.0,728.0,400886.0
2026-08-14,TWSE,6695,芯鼎,52.0,52.5,51.1,51.5,501975.0
2026-08-14,TWSE,6698,旭暉應材,32.6,32.95,31.95,32.1,313119.0
2026-08-14,TWSE,6706,惠特,126.0,126.5,121.0,122.5,1629823.0
2026-08-14,TWSE,6715,嘉基,400.0,430.0,383.5,390.5,1351246.0
2026-08-14,TWSE,6719,力智,208.0,214.5,207.0,208.0,1552643.0
2026-08-14,TWSE,6722,輝創,33.0,33.1,32.6,32.8,29181.0
2026-08-14,TWSE,6742,澤米,44.4,44.7,43.9,43.9,192503.0
2026-08-14,TWSE,6743,安普新,27.5,27.5,26.85,26.85,257346.0
2026-08-14,TWSE,6753,龍德造船,143.0,145.5,142.0,144.0,1162791.0
2026-08-14,TWSE,6754,匯僑設計,42.65,42.65,41.9,41.95,23149.0
2026-08-14,TWSE,6756,威鋒電子,99.0,101.5,99.0,99.9,160656.0
2026-08-14,TWSE,6757,台灣虎航,55.6,55.6,54.2,54.4,1488258.0
2026-08-14,TWSE,6768,志強-KY,65.6,66.3,64.9,66.0,539607.0
2026-08-14,TWSE,6770,力積電,75.0,77.4,72.7,74.9,471309109.0
2026-08-14,TWSE,6771,平和環保-創,40.25,42.15,40.25,41.5,84563.0
2026-08-14,TWSE,6776,展碁國際,53.6,54.5,53.6,54.5,164857.0
2026-08-14,TWSE,6781,AES-KY,1155.0,1160.0,1120.0,1125.0,636443.0
2026-08-14,TWSE,6782,視陽,208.0,209.0,205.0,207.0,263441.0
2026-08-14,TWSE,6789,采鈺,458.5,462.5,449.0,451.0,1020884.0
2026-08-14,TWSE,6790,永豐實,38.2,38.2,37.85,38.0,276208.0
2026-08-14,TWSE,6792,詠業,59.0,60.0,58.8,59.5,65010.0
2026-08-14,TWSE,6794,向榮生技,75.3,75.3,70.1,71.0,116220.0
2026-08-14,TWSE,6796,晉弘,59.1,63.0,59.1,60.0,58613.0
2026-08-14,TWSE,6799,來頡,86.2,87.2,85.8,86.1,128484.0
2026-08-14,TWSE,6805,富世達,1850.0,1915.0,1825.0,1830.0,2138552.0
2026-08-14,TWSE,6807,峰源-KY,38.3,38.3,36.9,38.0,10270.0
2026-08-14,TWSE,6830,汎銓,441.0,443.0,420.0,420.5,1926722.0
2026-08-14,TWSE,6831,邁科,680.0,720.0,669.0,678.0,2153838.0
2026-08-14,TWSE,6834,天二科技,107.0,116.0,107.0,107.5,9945789.0
2026-08-14,TWSE,6835,圓裕,32.0,32.15,31.4,31.4,21347.0
2026-08-14,TWSE,6838,台新藥,23.05,23.2,23.05,23.05,83816.0
2026-08-14,TWSE,6854,錼創科技-KY創,95.8,96.2,93.7,94.0,114939.0
2026-08-14,TWSE,6861,睿生光電,216.0,223.0,213.5,220.5,334872.0
2026-08-14,TWSE,6862,三集瑞-KY,148.5,155.5,148.0,148.0,400443.0
2026-08-14,TWSE,6863,永道-KY,117.0,117.0,112.0,112.5,357977.0
2026-08-14,TWSE,6869,雲豹能源,67.2,67.5,66.5,66.6,229177.0
2026-08-14,TWSE,6873,泓德能源,72.4,73.0,69.0,70.6,1585653.0
2026-08-14,TWSE,6885,全福生技,20.55,21.0,20.05,21.0,413167.0
2026-08-14,TWSE,6887,寶綠特-KY,36.7,38.3,36.3,36.45,18233.0
2026-08-14,TWSE,6890,來億-KY,179.5,179.5,176.0,177.5,192117.0
2026-08-14,TWSE,6901,鑽石投資,17.2,17.6,17.15,17.35,2847724.0
2026-08-14,TWSE,6902,GOGOLOOK,133.0,135.5,128.0,130.0,142918.0
2026-08-14,TWSE,6906,現觀科,71.4,76.6,71.4,74.5,162512.0
2026-08-14,TWSE,6908,宏碁遊戲-創,32.65,34.35,32.65,33.25,12009.0
2026-08-14,TWSE,6909,創控,42.55,42.95,41.5,41.6,164293.0
2026-08-14,TWSE,6914,阜爾運通,148.0,148.0,147.5,147.5,54494.0
2026-08-14,TWSE,6916,華凌,19.05,19.05,18.65,18.65,21011.0
2026-08-14,TWSE,6918,愛派司,72.9,73.2,72.6,73.0,26037.0
2026-08-14,TWSE,6919,康霈*,109.0,109.0,103.0,104.0,8620998.0
2026-08-14,TWSE,6921,嘉雨思-創,65.4,68.5,65.4,68.5,59022.0
2026-08-14,TWSE,6923,中台,77.3,77.3,75.8,76.6,49517.0
2026-08-14,TWSE,6924,榮惠-KY創,114.0,118.0,111.5,114.5,36931.0
2026-08-14,TWSE,6928,攸泰科技,48.9,49.35,48.2,49.3,75662.0
2026-08-14,TWSE,6931,青松健康,40.1,43.55,40.1,43.55,394789.0
2026-08-14,TWSE,6933,AMAX-KY,195.5,201.0,187.5,197.5,1068427.0
2026-08-14,TWSE,6934,心誠鎂,72.9,73.0,72.1,72.4,15141.0
2026-08-14,TWSE,6936,永鴻生技,32.05,32.1,31.9,32.1,17989.0
2026-08-14,TWSE,6937,天虹,296.0,309.5,293.0,293.5,802578.0
2026-08-14,TWSE,6944,兆聯實業,758.0,758.0,745.0,755.0,207371.0
2026-08-14,TWSE,6947,台鎔科技,75.4,75.6,74.5,74.6,206354.0
2026-08-14,TWSE,6949,沛爾生醫-創,1015.0,1055.0,999.0,1020.0,162136.0
2026-08-14,TWSE,6951,青新-創,72.2,72.5,72.0,72.1,18408.0
2026-08-14,TWSE,6952,大武山,38.8,39.1,38.4,38.4,20016.0
2026-08-14,TWSE,6955,邦睿生技-創,128.0,128.0,125.5,125.5,8150.0
2026-08-14,TWSE,6957,裕慶-KY,218.0,220.5,215.5,216.5,87089.0
2026-08-14,TWSE,6958,日盛台駿,17.8,17.8,17.2,17.55,38903.0
2026-08-14,TWSE,6962,奕力-KY,34.45,34.75,33.45,33.7,1826515.0
2026-08-14,TWSE,6965,中傑-KY,74.6,76.6,74.6,75.8,34523.0
2026-08-14,TWSE,6969,成信實業*-創,33.45,34.0,32.45,33.1,165536.0
2026-08-14,TWSE,6988,威力暘-創,12.8,12.8,12.45,12.5,48078.0
2026-08-14,TWSE,6994,富威電力,36.45,37.4,35.65,35.9,571987.0
2026-08-14,TWSE,7610,聯友金屬-創,1935.0,1935.0,1790.0,1810.0,252647.0
2026-08-14,TWSE,7631,聚賢研發-創,153.0,153.0,138.0,148.0,768078.0
2026-08-14,TWSE,7689,大鵬科CLMX,174.0,175.0,171.0,174.0,86860.0
2026-08-14,TWSE,7705,三商餐飲,30.65,31.05,30.05,30.05,26408.0
2026-08-14,TWSE,7711,永擎,456.0,492.0,447.5,491.5,2042027.0
2026-08-14,TWSE,7721,微程式,64.0,64.9,62.8,64.6,86323.0
2026-08-14,TWSE,7722,LINEPAY,293.5,293.5,288.5,290.5,64696.0
2026-08-14,TWSE,7730,暉盛-創,172.5,177.0,171.0,175.0,161513.0
2026-08-14,TWSE,7732,金興精密,34.5,34.5,33.8,33.8,100000.0
2026-08-14,TWSE,7736,虎山,69.9,70.0,69.6,69.6,30051.0
2026-08-14,TWSE,7740,熙特爾-創,148.0,148.5,143.0,143.0,319305.0
2026-08-14,TWSE,7749,意騰-KY,360.5,365.5,360.0,362.0,72749.0
2026-08-14,TWSE,7750,新代,2435.0,2435.0,2345.0,2360.0,158741.0
2026-08-14,TWSE,7760,享溫馨,32.6,33.3,32.6,33.0,7615.0
2026-08-14,TWSE,7765,中華資安,231.0,231.0,226.5,226.5,31191.0
2026-08-14,TWSE,7768,頌勝科技,273.0,289.0,273.0,280.0,130250.0
2026-08-14,TWSE,7769,鴻勁,6645.0,6845.0,6505.0,6770.0,1096707.0
2026-08-14,TWSE,7780,大研生醫*,16.8,16.9,16.6,16.7,1025451.0
2026-08-14,TWSE,7786,東方風能,131.5,131.5,126.0,126.0,222190.0
2026-08-14,TWSE,7788,松川精密,256.0,278.0,253.0,275.5,2839235.0
2026-08-14,TWSE,7791,皇家可口,59.3,59.3,57.5,58.0,299003.0
2026-08-14,TWSE,7795,長廣,556.0,556.0,516.0,556.0,3594866.0
2026-08-14,TWSE,7799,禾榮科,365.0,368.5,359.0,365.0,114530.0
2026-08-14,TWSE,7803,雲象科技-創,19.6,19.65,19.3,19.65,13841.0
2026-08-14,TWSE,7818,溢泰實業,64.0,64.0,62.8,63.3,56957.0
2026-08-14,TWSE,7821,神數,39.75,39.95,39.2,39.4,205314.0
2026-08-14,TWSE,7822,倍利科,898.0,903.0,876.0,892.0,180941.0
2026-08-14,TWSE,7823,奧義賽博-KY創,86.0,86.0,84.0,85.3,41057.0
2026-08-14,TWSE,7827,漢康-KY創,162.0,163.5,159.0,159.0,215040.0
2026-08-14,TWSE,7835,永悅健康-創,25.0,25.0,24.8,24.85,43002.0
2026-08-14,TWSE,7855,和運租車,44.7,44.8,44.25,44.35,4641228.0
2026-08-14,TWSE,8011,台通,16.3,16.45,16.0,16.1,467167.0
2026-08-14,TWSE,8016,矽創,315.5,324.5,314.0,315.5,1498009.0
2026-08-14,TWSE,8021,尖點,439.0,446.5,427.5,429.0,1028740.0
2026-08-14,TWSE,8028,昇陽半導體,270.0,276.5,266.0,267.5,3422941.0
2026-08-14,TWSE,8033,雷虎,174.0,183.5,173.5,183.5,9506531.0
2026-08-14,TWSE,8039,台虹,228.0,249.5,227.5,249.5,22824959.0
2026-08-14,TWSE,8045,達運光電,52.4,53.5,51.8,51.9,109287.0
2026-08-14,TWSE,8046,南電,1295.0,1300.0,1215.0,1215.0,19000379.0
2026-08-14,TWSE,8070,長華*,49.2,49.6,48.8,48.95,1461929.0
2026-08-14,TWSE,8072,陞泰,26.3,26.65,26.3,26.4,103638.0
2026-08-14,TWSE,8081,致新,270.5,273.0,267.0,269.0,576964.0
2026-08-14,TWSE,8101,華冠,11.3,11.3,11.3,11.3,2301.0
2026-08-14,TWSE,8103,瀚荃,81.3,82.3,80.0,80.1,505180.0
2026-08-14,TWSE,8104,錸寶,32.6,32.7,31.6,31.6,340093.0
2026-08-14,TWSE,8105,凌巨,17.35,17.45,16.7,16.75,1928346.0
2026-08-14,TWSE,8110,華東,47.45,47.55,46.1,46.15,6768432.0
2026-08-14,TWSE,8112,至上,98.5,100.5,97.6,97.8,23415579.0
2026-08-14,TWSE,8114,振樺電,215.5,218.5,213.5,214.5,533324.0
2026-08-14,TWSE,8131,福懋科,65.2,66.9,64.7,66.0,5214124.0
2026-08-14,TWSE,8150,南茂,93.5,98.5,92.8,92.9,72593049.0
2026-08-14,TWSE,8162,微矽電子-創,58.5,60.5,58.2,59.5,175193.0
2026-08-14,TWSE,8163,達方,32.1,33.05,32.1,32.15,1035247.0
2026-08-14,TWSE,8201,無敵,11.95,11.95,11.8,11.95,10022.0
2026-08-14,TWSE,8210,勤誠,1025.0,1040.0,986.0,990.0,3240863.0
2026-08-14,TWSE,8213,志超,34.0,34.15,33.15,33.3,646356.0
2026-08-14,TWSE,8215,明基材,25.05,25.45,24.9,25.2,379297.0
2026-08-14,TWSE,8222,寶一,39.6,40.2,39.15,39.55,698320.0
2026-08-14,TWSE,8249,菱光,42.75,43.3,42.6,42.95,480099.0
2026-08-14,TWSE,8261,富鼎,187.0,202.0,187.0,202.0,11082891.0
2026-08-14,TWSE,8271,宇瞻,233.5,235.0,228.5,229.5,4357104.0
2026-08-14,TWSE,8341,日友,76.6,76.7,76.1,76.4,185469.0
2026-08-14,TWSE,8367,建新國際,40.2,40.55,40.1,40.25,15170.0
2026-08-14,TWSE,8374,羅昇,87.3,92.5,86.5,86.6,1271253.0
2026-08-14,TWSE,8404,百和興業-KY,16.45,16.5,16.15,16.2,134016.0
2026-08-14,TWSE,8411,福貞-KY,13.05,13.05,12.85,12.9,133587.0
2026-08-14,TWSE,8422,可寧衛*,27.1,27.2,26.4,26.45,3505123.0
2026-08-14,TWSE,8429,金麗-KY,6.06,6.06,6.0,6.01,92139.0
2026-08-14,TWSE,8438,昶昕,67.2,69.6,67.2,68.6,243583.0
2026-08-14,TWSE,8442,威宏-KY,44.0,44.25,43.5,43.7,87096.0
2026-08-14,TWSE,8443,阿瘦,11.4,11.55,11.3,11.5,37569.0
2026-08-14,TWSE,8454,富邦媒,268.0,269.5,264.0,266.0,538410.0
2026-08-14,TWSE,8462,柏文,178.5,181.0,177.0,179.5,193298.0
2026-08-14,TWSE,8463,潤泰材,20.75,20.75,20.6,20.65,171000.0
2026-08-14,TWSE,8464,億豐,379.5,379.5,359.5,368.0,1477894.0
2026-08-14,TWSE,8466,美吉吉-KY,16.3,16.45,16.15,16.25,30000.0
2026-08-14,TWSE,8467,波力-KY,106.5,106.5,102.0,103.5,20599.0
2026-08-14,TWSE,8473,山林水,45.5,46.45,44.7,45.55,1934909.0
2026-08-14,TWSE,8476,台境*,20.75,20.75,20.0,20.05,308320.0
2026-08-14,TWSE,8478,東哥遊艇,147.0,147.0,145.5,146.0,124752.0
2026-08-14,TWSE,8481,政伸,41.0,41.1,40.6,41.1,27316.0
2026-08-14,TWSE,8482,商億-KY,50.2,50.2,47.1,47.8,10230.0
2026-08-14,TWSE,8487,愛爾達-創,73.1,73.1,72.2,72.2,12590.0
2026-08-14,TWSE,8488,吉源-KY,10.2,10.2,9.92,9.92,6000.0
2026-08-14,TWSE,8499,鼎炫-KY,266.0,266.0,261.0,261.0,12792.0
2026-08-14,TWSE,8926,台汽電,57.2,57.3,55.8,55.8,4075234.0
2026-08-14,TWSE,8940,新天地,15.3,15.3,15.15,15.15,59287.0
2026-08-14,TWSE,8996,高力,1235.0,1285.0,1195.0,1285.0,3925113.0
2026-08-14,TWSE,9103,美德醫療-DR,5.26,5.26,5.1,5.12,938610.0
2026-08-14,TWSE,9105,泰金寶-DR,8.45,8.51,8.29,8.3,13495225.0
2026-08-14,TWSE,9110,越南控-DR,3.08,3.08,3.08,3.08,1000.0
2026-08-14,TWSE,9136,巨騰-DR,11.45,11.6,11.3,11.55,279435.0
2026-08-14,TWSE,9802,鈺齊-KY,73.6,73.6,71.9,72.7,727576.0
2026-08-14,TWSE,9902,台火,14.0,14.05,13.8,13.85,113601.0
2026-08-14,TWSE,9904,寶成,24.0,24.0,23.75,23.9,14075805.0
2026-08-14,TWSE,9905,大華,21.65,21.65,21.0,21.45,205824.0
2026-08-14,TWSE,9906,欣巴巴,41.3,41.3,40.1,40.1,37788.0
2026-08-14,TWSE,9907,統一實,15.0,15.1,14.9,15.0,2051928.0
2026-08-14,TWSE,9908,大台北,29.2,29.2,29.0,29.1,98997.0
2026-08-14,TWSE,9910,豐泰,71.4,71.4,69.2,70.3,1536848.0
2026-08-14,TWSE,9911,櫻花,82.7,82.7,81.9,82.0,141616.0
2026-08-14,TWSE,9912,偉聯,12.65,12.9,12.55,12.9,153426.0
2026-08-14,TWSE,9914,美利達,90.1,90.5,84.3,85.5,10073085.0
2026-08-14,TWSE,9917,中保科,108.0,108.5,107.5,107.5,209562.0
2026-08-14,TWSE,9918,欣天然,42.6,43.0,41.5,42.5,133543.0
2026-08-14,TWSE,9919,康那香,14.15,14.15,13.85,14.0,157094.0
2026-08-14,TWSE,9921,巨大,111.0,111.5,102.5,105.0,10105633.0
2026-08-14,TWSE,9924,福興,38.7,38.7,38.2,38.35,207697.0
2026-08-14,TWSE,9925,新保,40.3,40.3,40.0,40.0,380195.0
2026-08-14,TWSE,9926,新海,49.3,49.3,48.95,49.3,14743.0
2026-08-14,TWSE,9927,泰銘,69.6,70.4,69.5,69.6,92295.0
2026-08-14,TWSE,9928,中視,18.4,18.5,18.3,18.4,66000.0
2026-08-14,TWSE,9929,秋雨,11.45,11.5,11.4,11.4,11174.0
2026-08-14,TWSE,9930,中聯資源,62.6,62.6,62.3,62.4,51421.0
2026-08-14,TWSE,9931,欣高,33.8,33.9,33.7,33.85,9127.0
2026-08-14,TWSE,9933,中鼎,41.95,42.8,41.7,42.2,3932713.0
2026-08-14,TWSE,9934,成霖,11.8,11.8,11.25,11.4,2778791.0
2026-08-14,TWSE,9935,慶豐富,20.15,20.7,19.95,20.55,448727.0
2026-08-14,TWSE,9937,全國,55.7,55.7,54.6,55.1,31006.0
2026-08-14,TWSE,9938,百和,42.55,42.6,42.05,42.15,1276588.0
2026-08-14,TWSE,9939,宏全,137.5,138.0,134.0,135.0,2095760.0
2026-08-14,TWSE,9940,信義,21.8,21.85,20.95,21.15,886301.0
2026-08-14,TWSE,9941,裕融,86.1,86.4,84.9,86.1,1513947.0
2026-08-14,TWSE,9942,茂順,117.5,117.5,115.5,116.0,88639.0
2026-08-14,TWSE,9943,好樂迪,51.5,51.5,50.7,51.2,105059.0
2026-08-14,TWSE,9944,新麗,17.65,17.8,17.55,17.55,28666.0
2026-08-14,TWSE,9945,潤泰新,27.4,27.4,26.8,27.1,4302328.0
2026-08-14,TWSE,9946,三發地產,19.1,19.3,18.9,19.0,490261.0
2026-08-14,TWSE,9955,佳龍,25.1,25.4,24.7,24.9,351121.0
2026-08-14,TWSE,9958,世紀鋼,106.5,106.5,104.0,104.5,2272545.0
2026-08-14,TPEX,1240,茂生農經,56.6,57.0,56.5,56.7,25876.0
2026-08-14,TPEX,1259,安心,62.4,65.0,61.3,65.0,58315.0
2026-08-14,TPEX,1264,德麥,259.0,259.5,258.5,259.5,20623.0
2026-08-14,TPEX,1268,漢來美食,180.0,182.0,179.5,181.5,34565.0
2026-08-14,TPEX,1294,漢田生技,57.6,57.9,57.1,57.3,18635.0
2026-08-14,TPEX,1295,生合,46.4,46.85,46.3,46.7,46022.0
2026-08-14,TPEX,1336,台翰,16.2,17.65,16.05,17.65,3489176.0
2026-08-14,TPEX,1565,精華,95.3,95.3,94.1,94.6,98315.0
2026-08-14,TPEX,1569,濱川,42.1,42.85,41.6,42.35,270221.0
2026-08-14,TPEX,1570,力肯,33.9,34.25,33.55,34.15,57240.0
2026-08-14,TPEX,1580,新麥,109.0,109.0,107.0,107.5,198491.0
2026-08-14,TPEX,1584,精剛,18.1,18.35,17.8,18.15,545352.0
2026-08-14,TPEX,1586,和勤,18.95,19.45,18.45,19.2,1137952.0
2026-08-14,TPEX,1591,駿吉-KY,36.6,37.0,35.7,36.15,153694.0
2026-08-14,TPEX,1593,祺驊,31.9,31.9,31.5,31.5,17755.0
2026-08-14,TPEX,1595,川寶,66.0,66.4,64.3,65.1,231054.0
2026-08-14,TPEX,1599,宏佳騰,23.6,23.6,23.45,23.45,24824.0
2026-08-14,TPEX,1742,台蠟,17.7,17.85,17.5,17.5,34110.0
2026-08-14,TPEX,1777,生泰,74.8,74.8,73.8,74.5,9551.0
2026-08-14,TPEX,1780,立弘,23.1,23.75,23.0,23.75,100599.0
2026-08-14,TPEX,1781,合世,10.95,11.0,10.95,11.0,10113.0
2026-08-14,TPEX,1784,訊聯,62.5,62.5,60.6,60.6,111861.0
2026-08-14,TPEX,1785,光洋科,109.5,109.5,103.0,104.5,9307872.0
2026-08-14,TPEX,1788,杏昌,130.5,130.5,130.5,130.5,11261.0
2026-08-14,TPEX,1796,金穎生技,31.45,31.45,30.7,30.7,17166.0
2026-08-14,TPEX,1799,易威,31.3,31.3,30.15,30.15,134121.0
2026-08-14,TPEX,1813,寶利徠,11.5,11.55,11.5,11.55,13613.0
2026-08-14,TPEX,1815,富喬,90.5,91.5,89.4,91.5,7778482.0
2026-08-14,TPEX,2035,唐榮,,,,,0.0
2026-08-14,TPEX,2061,風青,54.0,54.4,50.7,50.7,4852690.0
2026-08-14,TPEX,2063,世鎧,24.2,24.25,24.1,24.1,23319.0
2026-08-14,TPEX,2064,晉椿,12.5,12.95,12.25,12.35,318033.0
2026-08-14,TPEX,2065,世豐,36.2,36.7,35.65,35.95,76947.0
2026-08-14,TPEX,2066,世德,57.5,58.4,57.0,58.4,127810.0
2026-08-14,TPEX,2067,嘉鋼,6.18,6.18,5.8,6.17,68136.0
2026-08-14,TPEX,2070,精湛,62.7,62.7,59.9,60.5,136430.0
2026-08-14,TPEX,2073,雄順,26.75,26.75,26.75,26.75,1328.0
2026-08-14,TPEX,2221,大甲,53.7,55.0,51.6,52.3,303110.0
2026-08-14,TPEX,2230,泰茂,25.5,25.5,24.7,24.95,46781.0
2026-08-14,TPEX,2235,謚源,27.15,27.4,27.05,27.3,9015.0
2026-08-14,TPEX,2596,綠意,32.6,32.8,32.5,32.55,39110.0
2026-08-14,TPEX,2640,大車隊,149.0,152.0,148.5,150.5,44994.0
2026-08-14,TPEX,2641,正德,17.2,17.45,17.1,17.35,938630.0
2026-08-14,TPEX,2643,捷迅,60.5,62.0,59.6,60.8,52000.0
2026-08-14,TPEX,2718,全心投控,49.0,49.45,48.4,48.4,40819.0
2026-08-14,TPEX,2719,燦星旅,21.0,21.0,21.0,21.0,3180.0
2026-08-14,TPEX,2724,藝舍-KY,10.8,10.8,10.5,10.5,98000.0
2026-08-14,TPEX,2726,雅茗-KY,8.71,8.71,8.6,8.7,21000.0
2026-08-14,TPEX,2729,瓦城,162.0,162.0,159.5,160.0,16368.0
2026-08-14,TPEX,2732,六角,63.2,63.5,63.0,63.0,34083.0
2026-08-14,TPEX,2734,易飛網,14.85,15.05,14.85,14.9,73848.0
2026-08-14,TPEX,2736,富野,11.4,11.55,11.35,11.35,64117.0
2026-08-14,TPEX,2740,華軒,30.75,30.75,30.75,30.75,1105.0
2026-08-14,TPEX,2743,山富,55.8,55.8,55.1,55.8,110572.0
2026-08-14,TPEX,2745,五福,88.2,88.3,87.7,88.1,62768.0
2026-08-14,TPEX,2751,王座,53.8,54.1,53.8,53.8,6186.0
2026-08-14,TPEX,2752,豆府,181.0,181.0,178.0,180.0,10352.0
2026-08-14,TPEX,2754,亞洲藏壽司,69.0,69.5,69.0,69.5,15539.0
2026-08-14,TPEX,2755,揚秦,103.5,104.5,102.5,104.5,26374.0
2026-08-14,TPEX,2756,聯發國際,56.0,56.5,55.9,56.5,15270.0
2026-08-14,TPEX,2916,滿心,40.75,40.9,40.7,40.7,32320.0
2026-08-14,TPEX,2924,宏太-KY,16.65,16.65,16.55,16.55,2000.0
2026-08-14,TPEX,2926,誠品生活,30.3,30.3,30.0,30.0,4135.0
2026-08-14,TPEX,2937,集雅社,47.8,47.8,47.7,47.75,7230.0
2026-08-14,TPEX,2941,米斯特,30.5,30.5,30.4,30.4,3065.0
2026-08-14,TPEX,2947,振宇五金,62.5,62.5,62.5,62.5,7544.0
2026-08-14,TPEX,2948,寶陞,37.95,37.95,37.95,37.95,1000.0
2026-08-14,TPEX,2949,欣新網,,,,,198.0
2026-08-14,TPEX,3064,泰偉,,,,,110.0
2026-08-14,TPEX,3066,李洲,23.6,23.8,23.05,23.2,481485.0
2026-08-14,TPEX,3067,全域,17.4,17.4,17.4,17.4,1000.0
2026-08-14,TPEX,3071,協禧,25.0,25.05,24.4,24.6,277378.0
2026-08-14,TPEX,3073,天方能源,23.2,23.2,22.35,22.35,59009.0
2026-08-14,TPEX,3078,僑威,53.0,53.3,52.6,53.1,456795.0
2026-08-14,TPEX,3081,聯亞,2700.0,2700.0,2470.0,2540.0,1448850.0
2026-08-14,TPEX,3083,網龍,24.15,24.15,23.65,23.75,146136.0
2026-08-14,TPEX,3085,新零售,,,,,165.0
2026-08-14,TPEX,3086,華義*,26.55,27.05,26.35,26.5,126829.0
2026-08-14,TPEX,3088,艾訊,139.5,139.5,127.5,128.5,1925206.0
2026-08-14,TPEX,3093,港建*,49.6,49.6,47.0,47.0,441775.0
2026-08-14,TPEX,3095,及成,37.5,37.5,37.5,37.5,1024.0
2026-08-14,TPEX,3105,穩懋,389.0,389.5,375.0,378.0,15209920.0
2026-08-14,TPEX,3114,好德,35.1,35.1,33.5,33.5,697283.0
2026-08-14,TPEX,3115,富榮綱,,,,,14.0
2026-08-14,TPEX,3118,進階,31.5,31.8,31.3,31.8,35588.0
2026-08-14,TPEX,3122,笙泉,25.95,26.5,25.6,26.0,68282.0
2026-08-14,TPEX,3128,昇銳,22.4,22.4,22.05,22.05,63609.0
2026-08-14,TPEX,3131,弘塑,2640.0,2675.0,2535.0,2535.0,579629.0
2026-08-14,TPEX,3141,晶宏,75.3,75.4,71.5,71.8,951582.0
2026-08-14,TPEX,3147,大綜,235.5,240.5,231.0,232.0,630454.0
2026-08-14,TPEX,3152,璟德,231.5,231.5,224.5,225.0,99239.0
2026-08-14,TPEX,3158,嘉實,83.4,83.4,82.7,82.7,9768.0
2026-08-14,TPEX,3162,精確,64.3,64.4,61.5,62.9,1108818.0
2026-08-14,TPEX,3163,波若威,718.0,722.0,688.0,702.0,1210444.0
2026-08-14,TPEX,3169,亞信,101.5,101.5,100.0,100.0,57507.0
2026-08-14,TPEX,3171,炎洲流通,64.9,64.9,64.8,64.8,6108.0
2026-08-14,TPEX,3176,基亞,34.2,34.65,33.55,33.75,450083.0
2026-08-14,TPEX,3178,公準,58.0,59.4,57.4,59.1,74555.0
2026-08-14,TPEX,3188,鑫龍騰,23.6,23.6,23.2,23.3,98692.0
2026-08-14,TPEX,3191,雲嘉南,18.55,18.55,18.0,18.55,19101.0
2026-08-14,TPEX,3205,佰研,49.35,49.35,48.5,48.95,14475.0
2026-08-14,TPEX,3206,志豐,35.15,35.15,34.5,34.9,13196.0
2026-08-14,TPEX,3207,耀勝,41.8,45.0,40.85,42.7,576730.0
2026-08-14,TPEX,3211,順達,408.5,411.0,389.0,391.0,6926874.0
2026-08-14,TPEX,3213,茂訊,137.0,137.0,134.0,136.0,381661.0
2026-08-14,TPEX,3217,優群,142.5,142.5,137.5,138.5,1295849.0
2026-08-14,TPEX,3218,大學光,137.0,137.0,133.0,134.0,603261.0
2026-08-14,TPEX,3219,倚強科,72.7,72.7,70.8,71.1,297318.0
2026-08-14,TPEX,3221,台嘉碩,50.0,50.1,47.2,47.45,2180526.0
2026-08-14,TPEX,3224,三顧,35.7,35.7,35.3,35.65,13343.0
2026-08-14,TPEX,3226,龍鋒,50.7,52.5,50.0,51.8,123502.0
2026-08-14,TPEX,3227,原相,201.5,202.0,198.0,198.0,812228.0
2026-08-14,TPEX,3228,金麗科,151.0,151.0,147.0,149.0,193547.0
2026-08-14,TPEX,3230,錦明,40.5,44.45,40.0,44.45,1601769.0
2026-08-14,TPEX,3232,昱捷,19.85,20.2,19.6,19.6,17019.0
2026-08-14,TPEX,3234,光環,138.0,141.0,134.5,136.5,3497904.0
2026-08-14,TPEX,3236,千如,47.7,47.7,44.85,45.7,2994410.0
2026-08-14,TPEX,3252,海灣,16.0,16.0,15.95,16.0,33001.0
2026-08-14,TPEX,3259,鑫創,13.85,14.05,13.85,13.9,18100.0
2026-08-14,TPEX,3260,威剛,415.5,419.0,400.0,402.0,10482087.0
2026-08-14,TPEX,3264,欣銓,232.0,232.5,224.0,225.5,6447993.0
2026-08-14,TPEX,3265,台星科,182.5,183.0,168.0,173.0,2764882.0
2026-08-14,TPEX,3268,海德威,19.8,19.8,19.4,19.6,32092.0
2026-08-14,TPEX,3272,東碩,13.75,13.8,13.7,13.8,18544.0
2026-08-14,TPEX,3276,宇環,14.55,14.6,14.3,14.5,114454.0
2026-08-14,TPEX,3284,太普高,21.8,23.65,21.8,22.9,1381414.0
2026-08-14,TPEX,3285,微端,38.8,38.8,36.4,36.85,131954.0
2026-08-14,TPEX,3287,廣寰科,36.5,39.25,35.8,37.5,2819410.0
2026-08-14,TPEX,3288,點晶,21.0,21.0,20.2,20.2,58739.0
2026-08-14,TPEX,3289,宜特,142.5,143.0,136.5,137.0,1572881.0
2026-08-14,TPEX,3290,東浦,55.0,55.0,52.8,53.1,1433747.0
2026-08-14,TPEX,3293,鈊象,762.0,765.0,750.0,750.0,1247702.0
2026-08-14,TPEX,3294,英濟,31.75,31.85,31.2,31.45,295367.0
2026-08-14,TPEX,3297,杭特,28.0,28.2,27.85,27.9,26624.0
2026-08-14,TPEX,3303,岱稜,53.0,53.1,52.2,52.2,306274.0
2026-08-14,TPEX,3306,鼎天,44.5,44.6,44.2,44.55,48466.0
2026-08-14,TPEX,3310,佳穎,69.8,69.8,67.6,68.8,11000.0
2026-08-14,TPEX,3313,斐成,10.25,10.25,10.1,10.2,93575.0
2026-08-14,TPEX,3317,尼克森,71.2,71.2,68.1,68.6,757758.0
2026-08-14,TPEX,3322,建舜電,11.7,11.7,11.4,11.4,294660.0
2026-08-14,TPEX,3323,加百裕,32.2,32.2,31.2,31.5,250375.0
2026-08-14,TPEX,3324,雙鴻,1050.0,1050.0,1005.0,1010.0,2160468.0
2026-08-14,TPEX,3325,旭品,11.9,11.9,11.4,11.4,194716.0
2026-08-14,TPEX,3332,幸康,62.5,64.0,62.5,64.0,3070.0
2026-08-14,TPEX,3339,泰谷,38.25,38.6,37.0,37.2,741051.0
2026-08-14,TPEX,3349,寶德,22.3,23.0,21.6,23.0,300632.0
2026-08-14,TPEX,3354,律勝,20.8,21.0,20.0,20.7,103490.0
2026-08-14,TPEX,3357,臺慶科,249.5,250.0,228.5,228.5,5175573.0
2026-08-14,TPEX,3360,尚立,17.45,17.45,16.3,16.3,1068535.0
2026-08-14,TPEX,3362,先進光,185.5,191.5,170.5,172.0,5773368.0
2026-08-14,TPEX,3363,上詮,600.0,604.0,580.0,586.0,2776288.0
2026-08-14,TPEX,3372,典範,16.3,16.3,15.65,15.7,599600.0
2026-08-14,TPEX,3373,熱映,16.7,16.9,16.6,16.65,150768.0
2026-08-14,TPEX,3374,精材,327.5,346.5,318.0,325.0,18546318.0
2026-08-14,TPEX,3379,彬台,30.0,30.0,29.25,29.65,117674.0
2026-08-14,TPEX,3388,崇越電,76.7,83.9,76.7,83.9,2754806.0
2026-08-14,TPEX,3390,旭軟,22.45,22.45,22.1,22.1,181502.0
2026-08-14,TPEX,3402,漢科,129.0,129.0,125.0,125.5,304289.0
2026-08-14,TPEX,3430,奇鈦科,120.0,123.0,113.5,118.0,1507450.0
2026-08-14,TPEX,3434,哲固,30.25,30.75,30.0,30.7,76973.0
2026-08-14,TPEX,3438,類比科,60.3,60.7,58.8,58.8,70062.0
2026-08-14,TPEX,3441,聯一光,86.0,88.9,80.0,83.8,10107474.0
2026-08-14,TPEX,3444,利機,79.4,79.4,75.6,76.5,194617.0
2026-08-14,TPEX,3455,由田,227.5,236.5,222.0,230.0,2436131.0
2026-08-14,TPEX,3465,進泰電子,29.9,29.9,29.25,29.5,19274.0
2026-08-14,TPEX,3466,德晉,24.8,25.25,24.55,25.0,173050.0
2026-08-14,TPEX,3467,台灣精材,45.8,46.6,45.8,46.6,26130.0
2026-08-14,TPEX,3479,安勤,133.5,134.0,129.0,129.5,2909779.0
2026-08-14,TPEX,3483,力致,75.6,75.7,73.3,73.4,216469.0
2026-08-14,TPEX,3484,崧騰,50.3,51.8,49.8,51.6,389935.0
2026-08-14,TPEX,3485,敘豐,213.5,215.0,207.0,207.0,131439.0
2026-08-14,TPEX,3489,森寶,25.9,26.1,25.9,26.05,372255.0
2026-08-14,TPEX,3490,單井,37.85,40.45,37.2,39.65,12749708.0
2026-08-14,TPEX,3491,昇達科,1385.0,1450.0,1350.0,1375.0,2625887.0
2026-08-14,TPEX,3492,長盛,21.8,21.8,20.95,21.25,303649.0
2026-08-14,TPEX,3498,陽程,154.0,158.0,154.0,158.0,6332074.0
2026-08-14,TPEX,3499,環天科,13.0,13.0,12.8,12.95,35015.0
2026-08-14,TPEX,3508,位速,18.0,19.35,17.1,19.25,345024.0
2026-08-14,TPEX,3511,矽瑪,20.6,20.6,20.2,20.3,143945.0
2026-08-14,TPEX,3512,皇龍,19.6,19.7,19.5,19.7,37803.0
2026-08-14,TPEX,3516,亞帝歐,25.4,25.5,25.2,25.2,15935.0
2026-08-14,TPEX,3520,華盈,18.4,18.5,18.0,18.2,221943.0
2026-08-14,TPEX,3521,台鋼建設,12.65,12.65,12.2,12.25,12008.0
2026-08-14,TPEX,3522,御嵿,11.75,11.75,11.5,11.65,101752.0
2026-08-14,TPEX,3523,迎輝,15.0,15.0,14.65,14.65,7021.0
2026-08-14,TPEX,3526,凡甲,291.0,294.0,288.0,289.5,279650.0
2026-08-14,TPEX,3527,聚積,53.2,53.2,51.3,51.9,61582.0
2026-08-14,TPEX,3529,力旺,2740.0,2825.0,2635.0,2655.0,985484.0
2026-08-14,TPEX,3531,先益,21.4,21.4,21.4,21.4,1000.0
2026-08-14,TPEX,3537,堡達,58.7,58.7,56.0,56.5,939597.0
2026-08-14,TPEX,3540,曜越,20.95,20.95,20.7,20.7,145540.0
2026-08-14,TPEX,3541,西柏,22.15,22.15,21.75,22.1,30412.0
2026-08-14,TPEX,3546,宇峻,73.6,73.8,73.0,73.6,107448.0
2026-08-14,TPEX,3548,兆利,78.8,78.8,73.8,75.6,145575.0
2026-08-14,TPEX,3551,世禾,180.0,180.5,173.5,175.0,392279.0
2026-08-14,TPEX,3552,同致,45.5,45.5,44.35,45.0,72767.0
2026-08-14,TPEX,3555,博士旺,170.5,170.5,161.0,162.0,42405.0
2026-08-14,TPEX,3556,禾瑞亞,65.1,65.1,62.1,63.7,345616.0
2026-08-14,TPEX,3558,神準,132.0,132.0,129.0,130.0,65873.0
2026-08-14,TPEX,3564,其陽,48.35,48.35,45.8,46.15,127711.0
2026-08-14,TPEX,3567,逸昌,26.05,26.05,25.0,25.75,97574.0
2026-08-14,TPEX,3570,大塚,164.5,164.5,162.5,163.5,11962.0
2026-08-14,TPEX,3577,泓格,130.5,132.0,127.0,128.5,505141.0
2026-08-14,TPEX,3580,友威科,82.0,87.3,82.0,85.7,647475.0
2026-08-14,TPEX,3581,博磊,130.0,130.0,117.5,119.0,855056.0
2026-08-14,TPEX,3587,閎康,251.0,251.0,241.0,246.0,600841.0
2026-08-14,TPEX,3594,磐儀,55.6,56.0,51.3,51.3,2157825.0
2026-08-14,TPEX,3597,映興,26.95,27.35,26.65,26.7,27385.0
2026-08-14,TPEX,3609,三一東林,24.4,25.5,24.3,25.05,152140.0
2026-08-14,TPEX,3611,鼎翰,187.5,189.0,187.0,189.0,17015.0
2026-08-14,TPEX,3615,安可,37.4,40.0,36.7,38.65,2031946.0
2026-08-14,TPEX,3623,富晶通,21.6,21.7,21.5,21.65,51773.0
2026-08-14,TPEX,3624,光頡,96.2,99.4,86.6,89.5,11249622.0
2026-08-14,TPEX,3625,西勝,16.5,16.55,15.6,15.9,589923.0
2026-08-14,TPEX,3628,盈正,67.6,72.2,67.4,71.2,262955.0
2026-08-14,TPEX,3629,地心引力,14.15,14.15,14.15,14.15,1000.0
2026-08-14,TPEX,3630,新鉅科,25.75,26.05,25.2,25.2,661147.0
2026-08-14,TPEX,3631,晟楠,36.8,36.8,35.7,36.3,117513.0
2026-08-14,TPEX,3632,研勤,7.21,7.64,7.21,7.36,23195.0
2026-08-14,TPEX,3646,艾恩特,23.1,23.4,23.1,23.2,41064.0
2026-08-14,TPEX,3663,鑫科,65.5,66.3,64.3,64.6,593272.0
2026-08-14,TPEX,3664,安瑞-KY,,,,,0.0
2026-08-14,TPEX,3666,光耀,25.15,25.25,24.95,25.25,27178.0
2026-08-14,TPEX,3672,康聯訊,12.7,12.7,12.5,12.5,4003.0
2026-08-14,TPEX,3675,德微,277.5,278.0,264.5,267.5,804160.0
2026-08-14,TPEX,3680,家登,478.0,486.5,463.5,463.5,1185539.0
2026-08-14,TPEX,3684,榮昌,53.9,54.2,53.6,54.1,16148.0
2026-08-14,TPEX,3685,元創精密,38.3,38.65,36.75,37.0,629436.0
2026-08-14,TPEX,3687,歐買尬,65.7,65.8,65.0,65.8,35604.0
2026-08-14,TPEX,3689,湧德,112.0,112.0,109.0,109.5,879839.0
2026-08-14,TPEX,3691,碩禾,113.0,115.0,110.0,110.0,1284343.0
2026-08-14,TPEX,3693,營邦,570.0,573.0,535.0,536.0,2393923.0
2026-08-14,TPEX,3707,漢磊,66.4,66.6,63.2,65.6,6054657.0
2026-08-14,TPEX,3709,鑫聯大投控,72.3,72.4,70.4,70.5,664106.0
2026-08-14,TPEX,3710,連展投控,5.06,5.17,5.06,5.15,107200.0
2026-08-14,TPEX,3713,新晶投控,14.5,14.65,14.35,14.6,74268.0
2026-08-14,TPEX,4102,永日,19.15,19.15,18.9,19.1,21877.0
2026-08-14,TPEX,4105,東洋,77.0,77.1,76.1,76.1,713777.0
2026-08-14,TPEX,4107,邦特,115.0,115.0,113.5,114.0,54769.0
2026-08-14,TPEX,4109,加捷生醫,11.2,11.2,11.05,11.1,146709.0
2026-08-14,TPEX,4111,濟生,30.05,30.05,29.65,29.85,198938.0
2026-08-14,TPEX,4113,聯上,14.65,14.9,14.6,14.9,66595.0
2026-08-14,TPEX,4114,健喬,30.0,30.0,29.7,29.8,840086.0
2026-08-14,TPEX,4116,明基醫,39.35,39.5,39.35,39.4,14000.0
2026-08-14,TPEX,4120,友華,49.0,49.2,49.0,49.2,17848.0
2026-08-14,TPEX,4121,優盛,12.9,13.0,12.85,12.95,41917.0
2026-08-14,TPEX,4123,晟德,34.45,34.55,33.85,34.3,5563290.0
2026-08-14,TPEX,4126,太醫,77.1,77.2,76.9,77.0,24914.0
2026-08-14,TPEX,4127,天良,84.0,89.2,83.0,83.3,2824938.0
2026-08-14,TPEX,4128,中天,15.1,15.1,14.6,14.8,1320389.0
2026-08-14,TPEX,4129,聯合,87.0,87.0,83.5,85.2,418047.0
2026-08-14,TPEX,4131,浩泰,32.2,32.2,32.2,32.2,1606.0
2026-08-14,TPEX,4138,曜亞,50.9,50.9,50.5,50.7,33694.0
2026-08-14,TPEX,4139,馬光-KY,36.0,36.0,35.1,35.1,11419.0
2026-08-14,TPEX,4147,中裕,65.2,65.2,63.3,64.2,926717.0
2026-08-14,TPEX,4153,鈺緯,32.95,33.0,32.4,33.0,20132.0
2026-08-14,TPEX,4154,樂威科-KY,12.3,12.3,12.2,12.2,32000.0
2026-08-14,TPEX,4157,太景*-KY,9.1,9.1,8.84,8.84,979865.0
2026-08-14,TPEX,4160,訊聯基因,39.95,39.95,39.4,39.8,14757.0
2026-08-14,TPEX,4161,聿新科,22.65,22.95,22.55,22.9,41229.0
2026-08-14,TPEX,4162,智擎,63.0,63.1,62.0,62.1,459330.0
2026-08-14,TPEX,4163,鐿鈦,143.0,143.5,138.0,140.0,78920.0
2026-08-14,TPEX,4166,友霖,24.3,24.3,23.75,23.95,280496.0
2026-08-14,TPEX,4167,松瑞藥,19.35,19.35,18.8,19.15,1585056.0
2026-08-14,TPEX,4168,醣聯,22.5,22.8,22.5,22.8,18304.0
2026-08-14,TPEX,4171,瑞基,17.4,17.4,16.9,17.05,58193.0
2026-08-14,TPEX,4173,久裕,17.35,17.4,17.2,17.25,126575.0
2026-08-14,TPEX,4174,浩鼎,26.9,26.9,26.25,26.35,242134.0
2026-08-14,TPEX,4175,杏一,50.0,51.0,50.0,50.5,11430.0
2026-08-14,TPEX,4183,福永生技,,,,,0.0
2026-08-14,TPEX,4188,安克,10.1,10.1,9.97,10.05,19062.0
2026-08-14,TPEX,4192,杏國,18.8,18.8,18.75,18.75,6000.0
2026-08-14,TPEX,4198,欣大健康,41.9,42.45,40.7,41.75,19483.0
2026-08-14,TPEX,4205,中華食,70.3,70.3,70.0,70.1,21744.0
2026-08-14,TPEX,4207,環泰,21.05,21.05,20.75,20.95,173989.0
2026-08-14,TPEX,4303,信立,48.6,48.8,47.1,47.15,628888.0
2026-08-14,TPEX,4304,勝昱,17.8,17.8,16.05,16.05,10772.0
2026-08-14,TPEX,4305,世坤,43.75,43.75,43.75,43.75,1051.0
2026-08-14,TPEX,4401,東隆興,14.3,14.3,14.0,14.05,23381.0
2026-08-14,TPEX,4402,郡都開發,15.7,15.7,15.2,15.2,10135.0
2026-08-14,TPEX,4406,新昕纖,9.75,10.05,9.75,10.05,11529.0
2026-08-14,TPEX,4413,飛寶企業,20.55,20.6,18.45,19.2,455966.0
2026-08-14,TPEX,4416,三圓,11.0,11.35,10.85,10.85,1770086.0
2026-08-14,TPEX,4417,金洲,47.45,47.7,46.65,46.95,74222.0
2026-08-14,TPEX,4419,皇家美食,46.2,46.5,46.2,46.5,4000.0
2026-08-14,TPEX,4420,光明,37.0,37.0,36.6,36.8,8049.0
2026-08-14,TPEX,4430,耀億,17.8,17.9,17.7,17.9,38334.0
2026-08-14,TPEX,4432,銘旺實,16.5,16.6,16.4,16.55,55158.0
2026-08-14,TPEX,4433,興采,19.45,19.55,19.35,19.45,19382.0
2026-08-14,TPEX,4442,竣邦-KY,53.5,53.6,52.7,52.7,75529.0
2026-08-14,TPEX,4502,健信,15.65,15.7,15.65,15.7,4303.0
2026-08-14,TPEX,4503,金雨,27.6,27.6,26.0,26.15,1234056.0
2026-08-14,TPEX,4506,崇友,123.0,123.0,121.5,123.0,66517.0
2026-08-14,TPEX,4510,高鋒,46.8,47.25,46.05,46.45,5688922.0
2026-08-14,TPEX,4513,福裕,16.95,17.2,16.8,17.05,447453.0
2026-08-14,TPEX,4523,永彰,24.65,24.95,24.15,24.5,89625.0
2026-08-14,TPEX,4527,方土霖,40.85,41.25,40.8,41.25,15465.0
2026-08-14,TPEX,4528,江興鍛,15.25,15.25,15.1,15.2,14338.0
2026-08-14,TPEX,4529,淳紳,4.04,4.12,3.66,3.66,213854.0
2026-08-14,TPEX,4530,宏易,26.2,26.5,26.2,26.5,8494.0
2026-08-14,TPEX,4533,協易機,28.3,28.8,27.1,28.4,2563265.0
2026-08-14,TPEX,4534,慶騰,33.1,33.85,32.7,33.4,668096.0
2026-08-14,TPEX,4535,至興,29.0,29.0,28.85,28.85,14002.0
2026-08-14,TPEX,4538,大詠城,17.6,17.65,17.5,17.5,9098.0
2026-08-14,TPEX,4541,晟田,72.7,76.0,69.4,73.9,17651693.0
2026-08-14,TPEX,4542,科嶠,286.0,286.0,265.5,267.5,560486.0
2026-08-14,TPEX,4543,萬在,32.1,32.2,31.6,31.65,49837.0
2026-08-14,TPEX,4549,桓達,99.4,99.4,97.0,98.1,152801.0
2026-08-14,TPEX,4550,長佳,24.45,24.45,24.4,24.4,17060.0
2026-08-14,TPEX,4554,橙的,32.5,32.5,31.9,31.9,36353.0
2026-08-14,TPEX,4556,旭然,90.5,90.5,85.0,85.4,524375.0
2026-08-14,TPEX,4558,寶緯,18.15,18.15,17.7,17.9,8500.0
2026-08-14,TPEX,4561,健椿,45.9,46.7,45.0,46.1,561426.0
2026-08-14,TPEX,4563,百德,39.0,40.05,39.0,39.6,66385.0
2026-08-14,TPEX,4568,科際精密,39.55,39.55,39.45,39.45,9018.0
2026-08-14,TPEX,4577,達航科技,78.9,81.2,76.9,78.1,480841.0
2026-08-14,TPEX,4580,捷流閥業,79.4,79.7,78.4,78.5,61295.0
2026-08-14,TPEX,4584,君帆,39.95,39.95,38.1,39.4,6539.0
2026-08-14,TPEX,4609,唐鋒,4.96,4.96,4.96,4.96,1000.0
2026-08-14,TPEX,4702,中美實,9.66,9.77,9.55,9.72,149028.0
2026-08-14,TPEX,4706,大恭,32.5,32.5,32.5,32.5,1243.0
2026-08-14,TPEX,4707,磐亞,32.3,32.9,31.25,31.5,3190723.0
2026-08-14,TPEX,4711,永純,16.75,16.85,16.4,16.7,118282.0
2026-08-14,TPEX,4714,永捷,10.55,10.55,10.45,10.45,469934.0
2026-08-14,TPEX,4716,大立,17.5,18.55,17.45,17.7,1656256.0
2026-08-14,TPEX,4721,美琪瑪,75.0,76.0,73.2,74.3,521902.0
2026-08-14,TPEX,4726,永昕,24.55,24.55,23.8,24.5,189089.0
2026-08-14,TPEX,4728,雙美,388.5,388.5,385.0,385.5,14145.0
2026-08-14,TPEX,4729,熒茂,19.7,19.8,19.45,19.45,105011.0
2026-08-14,TPEX,4735,豪展,38.55,38.6,37.8,38.15,146135.0
2026-08-14,TPEX,4741,泓瀚,44.2,44.2,42.95,43.0,85110.0
2026-08-14,TPEX,4743,合一,47.95,48.1,46.25,46.5,1141946.0
2026-08-14,TPEX,4744,皇將,29.85,29.85,28.7,28.75,41622.0
2026-08-14,TPEX,4745,合富-KY,12.0,12.05,11.85,12.0,21000.0
2026-08-14,TPEX,4747,強生,55.4,57.3,54.5,54.5,23665.0
2026-08-14,TPEX,4749,新應材,800.0,802.0,786.0,787.0,425255.0
2026-08-14,TPEX,4754,國碳科,38.9,38.9,38.15,38.2,58490.0
2026-08-14,TPEX,4760,勤凱,283.5,289.5,260.0,261.0,1841690.0
2026-08-14,TPEX,4767,誠泰科技,29.05,29.05,27.7,28.0,434993.0
2026-08-14,TPEX,4768,晶呈科技,325.5,328.0,296.5,298.0,500544.0
2026-08-14,TPEX,4772,台特化,257.5,258.0,252.5,254.0,384072.0
2026-08-14,TPEX,4806,桂田文創,9.13,9.51,9.05,9.51,44443.0
2026-08-14,TPEX,4903,聯光通,37.5,37.7,36.6,36.9,652005.0
2026-08-14,TPEX,4905,台聯電,84.7,84.7,84.7,84.7,54454.0
2026-08-14,TPEX,4907,富宇,46.6,46.95,45.9,45.9,129973.0
2026-08-14,TPEX,4908,前鼎,158.0,158.5,153.5,155.0,1057774.0
2026-08-14,TPEX,4909,新復興,39.5,39.5,38.75,39.0,192155.0
2026-08-14,TPEX,4911,德英,28.35,28.95,28.25,28.85,41000.0
2026-08-14,TPEX,4923,力士,50.7,52.9,50.2,52.0,324273.0
2026-08-14,TPEX,4924,欣厚-KY,9.76,9.9,9.76,9.77,29002.0
2026-08-14,TPEX,4931,新盛力,265.0,265.0,256.5,263.0,1693678.0
2026-08-14,TPEX,4933,友輝,54.8,55.4,54.6,55.0,80059.0
2026-08-14,TPEX,4939,亞電,65.4,65.5,61.0,61.4,19911035.0
2026-08-14,TPEX,4946,辣椒,80.6,81.5,80.5,81.0,25359.0
2026-08-14,TPEX,4950,金耘國際,16.85,16.85,16.75,16.75,15975.0
2026-08-14,TPEX,4951,精拓科,81.0,81.0,78.9,79.2,144008.0
2026-08-14,TPEX,4953,緯致,127.0,127.0,125.5,127.0,197681.0
2026-08-14,TPEX,4966,譜瑞-KY,588.0,589.0,569.0,570.0,775378.0
2026-08-14,TPEX,4971,IET-KY,484.5,487.0,473.0,480.0,443149.0
2026-08-14,TPEX,4972,湯石照明,16.5,16.6,16.4,16.6,15698.0
2026-08-14,TPEX,4973,廣穎,165.0,168.5,158.0,159.5,2979656.0
2026-08-14,TPEX,4974,亞泰,70.2,70.2,69.1,69.5,108595.0
2026-08-14,TPEX,4979,華星光,550.0,565.0,508.0,522.0,4099875.0
2026-08-14,TPEX,4991,環宇-KY,465.0,482.0,460.0,460.0,959114.0
2026-08-14,TPEX,4995,晶達,50.4,51.7,50.4,50.7,57164.0
2026-08-14,TPEX,5009,榮剛,32.9,32.9,32.35,32.65,1901987.0
2026-08-14,TPEX,5011,久陽,18.25,18.3,17.65,17.95,247795.0
2026-08-14,TPEX,5013,強新,26.7,27.85,26.7,27.55,69100.0
2026-08-14,TPEX,5014,建錩,10.25,10.25,10.1,10.1,327800.0
2026-08-14,TPEX,5015,華祺,22.05,22.6,21.8,21.8,17411.0
2026-08-14,TPEX,5016,松和,24.45,24.45,24.45,24.45,6100.0
2026-08-14,TPEX,5201,凱衛,25.65,25.9,25.5,25.85,17321.0
2026-08-14,TPEX,5202,力新,12.3,12.55,12.25,12.3,169738.0
2026-08-14,TPEX,5205,中茂,21.9,21.9,21.9,21.9,1001.0
2026-08-14,TPEX,5206,坤悅,22.45,22.6,22.35,22.45,80367.0
2026-08-14,TPEX,5209,新鼎,162.0,162.5,162.0,162.5,21016.0
2026-08-14,TPEX,5210,寶碩,28.35,29.2,28.15,28.85,130308.0
2026-08-14,TPEX,5211,蒙恬,19.6,19.8,19.5,19.5,27023.0
2026-08-14,TPEX,5212,凌網,,,,,482.0
2026-08-14,TPEX,5213,亞昕,20.95,20.95,20.85,20.95,75008.0
2026-08-14,TPEX,5220,萬達光電,20.15,20.15,19.65,20.1,178100.0
2026-08-14,TPEX,5223,安力-KY,23.4,23.7,23.4,23.5,11001.0
2026-08-14,TPEX,5227,立凱-KY,34.0,34.35,33.3,33.5,596862.0
2026-08-14,TPEX,5228,鈺鎧,44.4,44.45,43.0,43.4,439638.0
2026-08-14,TPEX,5230,雷笛克光學,18.0,18.1,17.7,17.8,108660.0
2026-08-14,TPEX,5245,智晶,23.95,24.0,23.55,23.55,15680.0
2026-08-14,TPEX,5251,天鉞電,25.85,25.9,25.35,25.7,54704.0
2026-08-14,TPEX,5263,智崴,89.9,89.9,88.5,89.8,233130.0
2026-08-14,TPEX,5272,笙科,17.85,18.1,17.7,17.9,36169.0
2026-08-14,TPEX,5274,信驊,17990.0,18600.0,17690.0,17690.0,284345.0
2026-08-14,TPEX,5276,達輝-KY,18.7,18.9,18.2,18.9,7052.0
2026-08-14,TPEX,5278,尚凡*,24.15,24.55,24.15,24.45,176271.0
2026-08-14,TPEX,5287,數字,157.5,157.5,153.5,155.0,68482.0
2026-08-14,TPEX,5289,宜鼎,1565.0,1595.0,1460.0,1475.0,3117634.0
2026-08-14,TPEX,5291,邑昇,56.9,57.9,55.8,55.9,555264.0
2026-08-14,TPEX,5299,杰力,104.0,104.5,100.0,100.5,413793.0
2026-08-14,TPEX,5301,寶得利,,,,,0.0
2026-08-14,TPEX,5302,太欣,11.35,11.5,10.85,10.9,604801.0
2026-08-14,TPEX,5309,系統電,55.2,55.5,54.3,54.6,1771089.0
2026-08-14,TPEX,5310,天剛,25.1,25.15,24.7,25.15,11220.0
2026-08-14,TPEX,5312,寶島科,89.4,89.9,88.7,89.3,28788.0
2026-08-14,TPEX,5314,世紀*,16.2,16.2,16.2,16.2,370664.0
2026-08-14,TPEX,5315,光聯,19.1,19.1,18.8,18.9,296193.0
2026-08-14,TPEX,5321,美而快,60.0,65.0,59.8,63.6,714033.0
2026-08-14,TPEX,5324,士開,12.25,12.25,12.15,12.25,263102.0
2026-08-14,TPEX,5328,華容,69.0,69.3,65.1,67.2,14952330.0
2026-08-14,TPEX,5340,建榮,78.4,81.7,74.6,76.9,3957217.0
2026-08-14,TPEX,5344,立衛,13.7,14.0,13.5,13.85,49268.0
2026-08-14,TPEX,5345,馥鴻,24.0,24.0,22.0,22.15,27525.0
2026-08-14,TPEX,5347,世界,166.0,168.0,160.0,160.5,22675534.0
2026-08-14,TPEX,5348,正能量智能,,,,,0.0
2026-08-14,TPEX,5351,鈺創,131.0,138.0,128.0,133.0,11226567.0
2026-08-14,TPEX,5353,台林,28.5,28.5,27.9,28.2,25189.0
2026-08-14,TPEX,5355,佳總,5.95,5.95,5.62,5.62,37005.0
2026-08-14,TPEX,5356,協益,25.75,26.1,25.75,25.9,84816.0
2026-08-14,TPEX,5364,力麗店,8.76,8.76,8.63,8.72,15061.0
2026-08-14,TPEX,5371,中光電,86.0,92.6,85.4,90.1,36823811.0
2026-08-14,TPEX,5381,光譜,24.6,24.6,24.05,24.05,352529.0
2026-08-14,TPEX,5386,青雲,278.5,280.0,260.5,260.5,1534821.0
2026-08-14,TPEX,5392,能率,46.35,46.4,45.2,45.2,1309291.0
2026-08-14,TPEX,5398,慕康生醫,14.25,14.25,13.95,14.05,85031.0
2026-08-14,TPEX,5403,中菲,92.1,92.2,90.8,91.0,102110.0
2026-08-14,TPEX,5410,國眾,36.5,36.5,35.6,35.7,425176.0
2026-08-14,TPEX,5425,台半,89.7,89.7,84.8,85.5,6723524.0
2026-08-14,TPEX,5426,振發,29.1,29.4,28.0,28.0,1137892.0
2026-08-14,TPEX,5432,新門,143.0,143.5,134.0,136.0,273369.0
2026-08-14,TPEX,5438,東友,16.9,17.35,16.8,17.15,32479.0
2026-08-14,TPEX,5439,高技,257.0,265.0,247.0,247.0,4878950.0
2026-08-14,TPEX,5443,均豪,108.0,108.0,105.0,106.0,1806255.0
2026-08-14,TPEX,5450,南良,14.9,15.15,14.85,14.85,142595.0
2026-08-14,TPEX,5452,佶優,27.0,27.1,26.7,26.95,328312.0
2026-08-14,TPEX,5455,昇益,,,,,22.0
2026-08-14,TPEX,5457,宣德,27.8,27.8,27.25,27.3,377508.0
2026-08-14,TPEX,5460,同協,16.15,16.25,16.05,16.1,25227.0
2026-08-14,TPEX,5464,霖宏,80.9,81.0,74.3,75.4,1383256.0
2026-08-14,TPEX,5465,富驊,23.3,24.75,23.3,24.7,272405.0
2026-08-14,TPEX,5468,凱鈺,30.8,31.6,29.8,30.35,787122.0
2026-08-14,TPEX,5474,聰泰,159.5,162.5,154.5,161.5,278728.0
2026-08-14,TPEX,5475,德宏,167.0,179.0,166.0,170.5,27837457.0
2026-08-14,TPEX,5478,智冠,100.5,100.5,99.3,99.3,73061.0
2026-08-14,TPEX,5481,新華,19.75,19.75,19.0,19.5,150435.0
2026-08-14,TPEX,5483,中美晶,189.5,191.5,183.5,188.0,25995583.0
2026-08-14,TPEX,5487,通泰,28.75,29.05,28.35,28.75,74100.0
2026-08-14,TPEX,5488,松普,13.05,13.1,12.7,12.85,433273.0
2026-08-14,TPEX,5489,彩富,42.45,42.45,41.9,42.25,36144.0
2026-08-14,TPEX,5490,同亨,30.75,31.35,30.35,31.15,608116.0
2026-08-14,TPEX,5493,三聯,80.6,81.4,80.1,80.3,65041.0
2026-08-14,TPEX,5498,凱崴,53.7,53.7,51.8,51.8,1620804.0
2026-08-14,TPEX,5508,永信建,52.9,53.4,52.5,52.8,186177.0
2026-08-14,TPEX,5511,德昌,70.5,70.5,69.6,70.0,242856.0
2026-08-14,TPEX,5512,力麒,7.78,7.78,7.68,7.71,301430.0
2026-08-14,TPEX,5514,三豐,14.25,14.3,14.0,14.3,23172.0
2026-08-14,TPEX,5516,雙喜,11.75,12.25,11.6,11.9,54632.0
2026-08-14,TPEX,5520,力泰,,,,,1032.0
2026-08-14,TPEX,5523,豐謙,30.3,30.35,30.3,30.35,2268.0
2026-08-14,TPEX,5529,鉅陞,21.2,21.25,20.5,21.1,64740.0
2026-08-14,TPEX,5530,龍巖,49.6,50.9,49.3,50.8,897814.0
2026-08-14,TPEX,5536,聖暉*,910.0,933.0,895.0,925.0,1359101.0
2026-08-14,TPEX,5543,桓鼎-KY,26.05,26.05,25.0,25.0,466089.0
2026-08-14,TPEX,5547,久舜,20.0,20.0,19.7,19.85,40675.0
2026-08-14,TPEX,5548,安倉,20.4,20.75,20.3,20.6,40642.0
2026-08-14,TPEX,5601,台聯櫃,30.25,30.25,30.2,30.2,8000.0
2026-08-14,TPEX,5603,陸海,14.25,14.25,14.05,14.15,64687.0
2026-08-14,TPEX,5604,中連,30.8,30.8,30.8,30.8,3290.0
2026-08-14,TPEX,5609,中菲行,77.8,77.9,77.4,77.4,149736.0
2026-08-14,TPEX,5701,劍湖山,4.2,4.2,4.05,4.15,114826.0
2026-08-14,TPEX,5703,亞都,14.65,14.7,14.6,14.6,42008.0
2026-08-14,TPEX,5704,老爺知,21.5,21.6,21.5,21.6,10341.0
2026-08-14,TPEX,5864,致和證,33.9,35.0,33.8,34.2,3906235.0
2026-08-14,TPEX,5878,台名,38.65,38.65,38.5,38.5,8068.0
2026-08-14,TPEX,5902,德記,35.1,35.1,34.95,34.95,2306.0
2026-08-14,TPEX,5903,全家,185.0,186.0,185.0,185.0,16661.0
2026-08-14,TPEX,5904,寶雅*,81.7,81.7,79.0,79.0,16183974.0
2026-08-14,TPEX,5905,南仁湖,8.08,8.08,7.85,7.91,790951.0
2026-08-14,TPEX,6015,宏遠證,16.2,16.85,16.0,16.45,2708795.0
2026-08-14,TPEX,6016,康和證,20.2,20.75,20.05,20.15,4842843.0
2026-08-14,TPEX,6020,大展證,20.6,21.0,20.5,21.0,83003.0
2026-08-14,TPEX,6021,美好證,37.4,37.8,36.9,37.05,110299.0
2026-08-14,TPEX,6023,元大期,85.1,85.1,84.3,84.6,428552.0
2026-08-14,TPEX,6026,福邦證,14.6,14.9,14.6,14.65,1108634.0
2026-08-14,TPEX,6028,公勝保經,96.5,96.5,95.0,96.0,96341.0
2026-08-14,TPEX,6101,寬魚國際,35.9,36.4,35.1,35.35,373628.0
2026-08-14,TPEX,6103,合邦,,,,,0.0
2026-08-14,TPEX,6104,創惟,94.5,94.5,91.6,92.0,509069.0
2026-08-14,TPEX,6109,亞元,11.2,11.2,10.85,11.2,263394.0
2026-08-14,TPEX,6111,光聚晶電,37.5,37.95,37.0,37.25,100885.0
2026-08-14,TPEX,6113,亞矽,24.45,24.7,24.15,24.65,140945.0
2026-08-14,TPEX,6114,久威,27.15,27.15,26.95,27.1,13101.0
2026-08-14,TPEX,6118,建達,15.55,15.55,15.35,15.35,68385.0
2026-08-14,TPEX,6121,新普,431.5,432.0,410.0,412.0,1254774.0
2026-08-14,TPEX,6122,擎邦,47.0,47.2,46.7,47.15,116517.0
2026-08-14,TPEX,6123,上奇,43.8,43.8,43.25,43.4,39274.0
2026-08-14,TPEX,6124,業強,27.45,27.7,27.15,27.6,22393.0
2026-08-14,TPEX,6125,廣運,50.2,52.7,49.65,51.6,1044631.0
2026-08-14,TPEX,6126,信音,30.7,30.7,29.9,30.0,607391.0
2026-08-14,TPEX,6127,九豪,53.2,53.2,51.1,51.7,3636930.0
2026-08-14,TPEX,6129,普誠,14.35,14.45,14.1,14.15,512666.0
2026-08-14,TPEX,6130,上亞科技,29.65,30.5,28.8,29.0,636706.0
2026-08-14,TPEX,6134,萬旭,27.65,29.8,27.05,28.7,1012402.0
2026-08-14,TPEX,6138,茂達,307.0,315.0,293.0,295.0,1848684.0
2026-08-14,TPEX,6140,訊達,16.9,16.9,16.7,16.7,51991.0
2026-08-14,TPEX,6143,振曜,88.0,93.0,87.8,91.0,1122359.0
2026-08-14,TPEX,6144,得利影,14.05,14.05,13.8,13.8,3001.0
2026-08-14,TPEX,6146,耕興,192.0,195.0,191.5,194.0,364232.0
2026-08-14,TPEX,6147,頎邦,165.0,166.0,157.5,157.5,21678661.0
2026-08-14,TPEX,6148,驊宏資,29.0,30.15,28.55,28.55,620239.0
2026-08-14,TPEX,6150,撼訊,61.5,61.9,60.4,60.7,157895.0
2026-08-14,TPEX,6151,晉倫,37.2,38.25,36.4,37.8,254784.0
2026-08-14,TPEX,6154,順發,13.9,14.0,13.9,14.0,47419.0
2026-08-14,TPEX,6156,松上,22.2,22.2,21.5,21.7,702912.0
2026-08-14,TPEX,6158,禾昌,16.7,16.7,16.4,16.55,62360.0
2026-08-14,TPEX,6160,欣技,14.1,14.15,13.95,14.15,53668.0
2026-08-14,TPEX,6161,捷波,52.3,52.3,51.1,51.4,166756.0
2026-08-14,TPEX,6163,華電網,42.4,42.95,41.75,42.55,573636.0
2026-08-14,TPEX,6167,久正,10.4,10.45,10.25,10.4,322124.0
2026-08-14,TPEX,6169,昱泉,13.0,13.0,12.6,12.9,12026.0
2026-08-14,TPEX,6170,統振,46.9,47.1,46.75,47.0,105389.0
2026-08-14,TPEX,6171,大城地產,23.45,24.15,23.4,23.8,9000.0
2026-08-14,TPEX,6173,信昌電,224.0,224.0,207.0,210.0,19106248.0
2026-08-14,TPEX,6174,安碁,47.6,47.6,44.05,44.3,2149206.0
2026-08-14,TPEX,6175,立敦,81.1,81.1,76.6,77.4,1676626.0
2026-08-14,TPEX,6179,亞通,27.45,27.6,26.65,27.05,1460546.0
2026-08-14,TPEX,6180,橘子,41.8,41.8,41.3,41.75,293865.0
2026-08-14,TPEX,6182,合晶,116.5,119.5,108.0,111.5,123819386.0
2026-08-14,TPEX,6185,幃翔,13.65,13.7,13.55,13.7,160129.0
2026-08-14,TPEX,6186,新潤,33.95,33.95,32.95,33.25,1190760.0
2026-08-14,TPEX,6187,萬潤,1275.0,1320.0,1250.0,1275.0,4690184.0
2026-08-14,TPEX,6188,廣明,71.6,72.2,70.2,70.4,491648.0
2026-08-14,TPEX,6190,萬泰科,69.1,69.1,66.6,67.0,1287882.0
2026-08-14,TPEX,6194,育富,29.75,29.75,29.5,29.7,51822.0
2026-08-14,TPEX,6195,詩肯,28.2,28.2,27.8,27.9,35081.0
2026-08-14,TPEX,6198,瑞築,19.8,19.8,19.8,19.8,48001.0
2026-08-14,TPEX,6199,天品,97.5,99.4,97.4,99.2,424776.0
2026-08-14,TPEX,6203,海韻電,60.4,60.5,59.8,60.1,172449.0
2026-08-14,TPEX,6204,艾華,87.5,87.5,80.9,82.7,238148.0
2026-08-14,TPEX,6207,雷科,111.0,111.5,105.5,107.5,3186986.0
2026-08-14,TPEX,6208,日揚,81.7,82.0,81.2,82.0,252081.0
2026-08-14,TPEX,6210,慶生,17.75,17.75,17.75,17.75,2330.0
2026-08-14,TPEX,6212,理銘,,,,,0.0
2026-08-14,TPEX,6217,中探針,166.0,172.0,160.0,169.0,618250.0
2026-08-14,TPEX,6218,豪勉,35.75,36.15,35.4,35.6,386195.0
2026-08-14,TPEX,6219,富旺,12.25,12.3,12.0,12.15,117130.0
2026-08-14,TPEX,6220,岳豐,26.0,26.0,25.4,25.65,234734.0
2026-08-14,TPEX,6221,晉泰,22.15,22.35,21.95,22.15,98971.0
2026-08-14,TPEX,6222,立軒,20.05,20.25,20.05,20.1,5000.0
2026-08-14,TPEX,6223,旺矽,6515.0,6630.0,6430.0,6440.0,446644.0
2026-08-14,TPEX,6227,茂綸,128.0,128.0,123.0,124.0,377258.0
2026-08-14,TPEX,6228,全譜,17.65,17.65,17.65,17.65,1000.0
2026-08-14,TPEX,6229,研通,24.35,24.95,24.1,24.45,208477.0
2026-08-14,TPEX,6231,系微,230.5,230.5,223.0,223.0,178347.0
2026-08-14,TPEX,6233,旺玖,22.1,22.1,21.3,21.5,138467.0
2026-08-14,TPEX,6234,高僑,36.3,37.4,35.4,37.4,681748.0
2026-08-14,TPEX,6236,中湛,,,,,0.0
2026-08-14,TPEX,6237,驊訊,34.55,34.55,34.05,34.1,146974.0
2026-08-14,TPEX,6240,松崗,19.7,20.6,19.5,20.6,19192.0
2026-08-14,TPEX,6241,鑫永洋,14.25,14.4,13.65,13.8,359946.0
2026-08-14,TPEX,6242,立康,33.7,34.4,33.7,34.35,5643.0
2026-08-14,TPEX,6244,茂迪,25.6,25.7,24.9,25.2,1918151.0
2026-08-14,TPEX,6245,立端,87.2,87.2,84.5,84.5,777829.0
2026-08-14,TPEX,6246,臺龍,12.85,12.85,12.35,12.5,40190.0
2026-08-14,TPEX,6248,沛波,18.25,18.25,18.05,18.2,61744.0
2026-08-14,TPEX,6259,百徽,32.3,33.7,31.7,33.45,1425081.0
2026-08-14,TPEX,6261,久元,80.4,80.4,77.8,78.1,487608.0
2026-08-14,TPEX,6263,普萊德,164.0,164.0,161.5,163.0,80535.0
2026-08-14,TPEX,6264,富裔,6.0,6.05,5.91,6.05,32154.0
2026-08-14,TPEX,6265,方土昶,62.2,63.8,61.0,62.5,14974520.0
2026-08-14,TPEX,6266,泰詠,25.3,25.3,25.0,25.2,119165.0
2026-08-14,TPEX,6270,倍微,30.7,30.7,30.05,30.3,233165.0
2026-08-14,TPEX,6274,台燿,1620.0,1730.0,1600.0,1675.0,3540605.0
2026-08-14,TPEX,6275,元山,44.35,44.35,43.3,43.65,148787.0
2026-08-14,TPEX,6276,安鈦克,18.9,19.4,18.7,19.05,30202.0
2026-08-14,TPEX,6279,胡連,130.0,130.0,127.0,127.5,812458.0
2026-08-14,TPEX,6284,佳邦,82.0,82.0,77.0,77.7,1156243.0
2026-08-14,TPEX,6290,良維,225.0,225.5,218.5,218.5,2145514.0
2026-08-14,TPEX,6291,沛亨,389.5,395.0,383.5,385.0,441499.0
2026-08-14,TPEX,6292,迅德,66.1,66.2,64.0,64.8,325764.0
2026-08-14,TPEX,6294,智基,29.2,29.6,28.85,28.85,38734.0
2026-08-14,TPEX,6411,晶焱,79.9,79.9,77.0,77.2,357253.0
2026-08-14,TPEX,6417,韋僑,109.0,109.0,106.5,109.0,45705.0
2026-08-14,TPEX,6418,詠昇,30.8,31.75,30.8,31.15,88136.0
2026-08-14,TPEX,6419,京晨科,169.0,169.5,160.0,168.0,677714.0
2026-08-14,TPEX,6423,億而得,82.9,83.0,79.0,81.4,49382.0
2026-08-14,TPEX,6425,易發,59.0,59.0,57.7,57.8,140613.0
2026-08-14,TPEX,6432,今展科,78.8,78.8,71.2,71.8,2433746.0
2026-08-14,TPEX,6435,大中,280.5,282.0,258.5,259.5,1155697.0
2026-08-14,TPEX,6441,廣錠,23.0,23.0,22.05,22.35,112626.0
2026-08-14,TPEX,6461,益得,16.05,16.1,15.95,16.0,86262.0
2026-08-14,TPEX,6462,神盾,101.5,104.0,99.5,99.5,615365.0
2026-08-14,TPEX,6465,威潤,47.75,47.75,47.0,47.1,116012.0
2026-08-14,TPEX,6469,大樹,69.6,69.9,69.6,69.8,259007.0
2026-08-14,TPEX,6470,宇智,42.0,42.0,41.5,41.95,16818.0
2026-08-14,TPEX,6474,華豫寧,39.1,39.1,38.7,38.8,91160.0
2026-08-14,TPEX,6482,弘煜科,27.95,28.0,27.35,27.75,9359.0
2026-08-14,TPEX,6485,點序,66.8,66.8,62.4,62.4,640780.0
2026-08-14,TPEX,6486,互動,73.7,74.0,73.7,74.0,49275.0
2026-08-14,TPEX,6488,環球晶,1025.0,1045.0,993.0,1010.0,15425452.0
2026-08-14,TPEX,6492,生華科,39.25,39.25,38.05,38.8,157724.0
2026-08-14,TPEX,6494,九齊,55.0,56.0,53.9,54.8,152637.0
2026-08-14,TPEX,6496,科懋,24.45,24.75,24.2,24.2,5472.0
2026-08-14,TPEX,6498,久禾光,74.7,75.4,73.7,74.8,105427.0
2026-08-14,TPEX,6499,益安,61.3,67.3,60.5,66.8,529009.0
2026-08-14,TPEX,6506,雙邦,17.2,17.4,17.15,17.25,89199.0
2026-08-14,TPEX,6508,惠光,26.95,26.95,25.2,25.75,87113.0
2026-08-14,TPEX,6509,聚和,49.35,49.35,46.85,47.4,1461465.0
2026-08-14,TPEX,6510,精測,2830.0,3100.0,2810.0,2990.0,858959.0
2026-08-14,TPEX,6512,啟發電,20.25,20.3,20.0,20.1,19655.0
2026-08-14,TPEX,6516,勤崴國際,59.9,59.9,58.6,59.1,40685.0
2026-08-14,TPEX,6517,保勝光學,63.8,66.0,63.4,63.8,935796.0
2026-08-14,TPEX,6523,達爾膚,89.2,90.1,89.2,90.1,29703.0
2026-08-14,TPEX,6527,明達醫,74.6,74.7,74.2,74.2,7937.0
2026-08-14,TPEX,6530,創威,87.2,87.9,82.9,83.5,1441761.0
2026-08-14,TPEX,6532,瑞耘,87.0,87.8,85.6,86.5,452935.0
2026-08-14,TPEX,6535,順藥,87.8,87.8,86.0,86.1,162602.0
2026-08-14,TPEX,6538,倉和,181.5,195.0,177.5,184.0,5680190.0
2026-08-14,TPEX,6542,隆中,45.7,45.7,44.55,44.55,8750.0
2026-08-14,TPEX,6546,正基,66.0,66.0,63.3,63.4,461599.0
2026-08-14,TPEX,6547,高端疫苗,52.0,52.0,51.0,51.5,2031231.0
2026-08-14,TPEX,6548,長科*,75.5,75.5,72.2,72.6,2364970.0
2026-08-14,TPEX,6556,勝品,59.8,59.8,58.3,59.1,25607.0
2026-08-14,TPEX,6560,欣普羅,31.5,31.7,31.25,31.7,16433.0
2026-08-14,TPEX,6561,是方,326.0,326.0,319.5,320.0,78669.0
2026-08-14,TPEX,6568,宏觀,136.0,136.0,132.0,132.5,107034.0
2026-08-14,TPEX,6569,醫揚,93.1,93.2,92.2,92.5,76962.0
2026-08-14,TPEX,6570,維田,56.5,56.5,54.7,55.4,228901.0
2026-08-14,TPEX,6574,霈方,130.0,130.0,122.5,125.5,162863.0
2026-08-14,TPEX,6576,逸達,80.0,80.5,78.7,79.7,242395.0
2026-08-14,TPEX,6577,勁豐,79.6,79.6,78.3,78.3,71774.0
2026-08-14,TPEX,6578,達邦蛋白,18.45,18.45,17.8,17.9,55220.0
2026-08-14,TPEX,6584,南俊國際,656.0,656.0,595.0,605.0,3042607.0
2026-08-14,TPEX,6588,東典光電,93.9,94.9,91.3,93.1,742128.0
2026-08-14,TPEX,6590,普鴻,65.3,65.3,65.0,65.0,3165.0
2026-08-14,TPEX,6593,台灣銘板,32.15,33.0,32.15,32.3,39977.0
2026-08-14,TPEX,6596,寬宏藝術,94.2,94.8,93.7,93.9,98571.0
2026-08-14,TPEX,6597,立誠,,,,,0.0
2026-08-14,TPEX,6603,富強鑫,29.5,29.5,28.0,28.0,2594894.0
2026-08-14,TPEX,6609,瀧澤科,39.9,39.9,38.5,38.6,113037.0
2026-08-14,TPEX,6612,奈米醫材,73.0,73.0,72.5,72.9,10822.0
2026-08-14,TPEX,6613,朋億*,276.5,276.5,267.5,271.5,292928.0
2026-08-14,TPEX,6615,慧智,33.8,33.8,33.45,33.75,17529.0
2026-08-14,TPEX,6616,特昇-KY,8.67,8.69,8.65,8.68,8000.0
2026-08-14,TPEX,6617,共信-KY,100.5,104.5,99.2,101.0,585044.0
2026-08-14,TPEX,6620,漢達,81.1,81.1,77.4,77.4,467837.0
2026-08-14,TPEX,6624,萬年清,41.8,41.8,40.0,40.4,10023.0
2026-08-14,TPEX,6629,泰金-KY,111.0,113.0,110.5,110.5,11210.0
2026-08-14,TPEX,6637,醫影,61.7,62.0,61.4,61.9,22100.0
2026-08-14,TPEX,6640,均華,1005.0,1090.0,995.0,1085.0,505909.0
2026-08-14,TPEX,6642,富致,87.2,87.2,84.0,84.5,320731.0
2026-08-14,TPEX,6643,M31,450.0,451.0,440.0,440.0,260950.0
2026-08-14,TPEX,6649,台生材,35.45,35.85,35.05,35.45,43527.0
2026-08-14,TPEX,6651,全宇昕,144.0,145.5,138.0,139.0,183303.0
2026-08-14,TPEX,6654,天正國際,178.0,181.0,173.5,176.0,43341.0
2026-08-14,TPEX,6661,威健生技,16.55,16.75,16.0,16.75,24108.0
2026-08-14,TPEX,6662,樂斯科,29.3,29.3,28.5,28.5,4637.0
2026-08-14,TPEX,6664,群翊,360.0,360.0,345.0,348.5,412807.0
2026-08-14,TPEX,6667,信紘科,227.0,227.0,220.5,222.0,170850.0
2026-08-14,TPEX,6679,鈺太,213.5,213.5,205.5,205.5,255171.0
2026-08-14,TPEX,6680,鑫創電子,53.6,53.8,53.6,53.8,2003.0
2026-08-14,TPEX,6683,雍智科技,1445.0,1460.0,1345.0,1370.0,1249002.0
2026-08-14,TPEX,6684,安格,50.0,50.0,48.05,48.05,136876.0
2026-08-14,TPEX,6690,安碁資訊,168.0,168.0,165.5,165.5,19403.0
2026-08-14,TPEX,6692,進能服,23.6,24.1,23.6,23.95,6158.0
2026-08-14,TPEX,6693,廣閎科,190.0,190.5,182.5,187.5,853820.0
2026-08-14,TPEX,6697,東捷資訊,41.35,41.45,41.2,41.45,10421.0
2026-08-14,TPEX,6703,軒郁,104.0,104.0,103.0,103.5,34363.0
2026-08-14,TPEX,6708,天擎,37.9,37.9,37.0,37.25,16100.0
2026-08-14,TPEX,6712,長聖,149.0,149.0,147.0,147.0,194322.0
2026-08-14,TPEX,6716,應廣,117.5,126.5,116.5,123.5,2078393.0
2026-08-14,TPEX,6720,久昌,139.0,139.0,137.5,137.5,8000.0
2026-08-14,TPEX,6721,信實,52.0,52.0,51.6,51.6,2607.0
2026-08-14,TPEX,6725,矽科宏晟,245.0,245.0,237.0,238.0,116731.0
2026-08-14,TPEX,6727,亞泰金屬,396.0,432.0,382.0,432.0,1946633.0
2026-08-14,TPEX,6728,上洋,105.5,106.0,105.0,106.0,14633.0
2026-08-14,TPEX,6730,常廣,33.5,33.5,33.3,33.3,26103.0
2026-08-14,TPEX,6732,昇佳電子,157.5,160.0,154.0,158.0,236854.0
2026-08-14,TPEX,6733,博晟生醫,25.15,25.75,24.9,25.25,72003.0
2026-08-14,TPEX,6735,美達科技,66.1,66.8,62.8,62.8,106211.0
2026-08-14,TPEX,6739,竹陞科技,1055.0,1060.0,1010.0,1010.0,119690.0
2026-08-14,TPEX,6741,91APP*-KY,55.7,55.8,54.3,54.4,397152.0
2026-08-14,TPEX,6751,智聯服務,41.3,42.0,41.3,41.45,7165.0
2026-08-14,TPEX,6752,叡揚,101.5,101.5,99.3,100.0,15610.0
2026-08-14,TPEX,6761,穩得,183.0,192.0,181.0,184.0,1623039.0
2026-08-14,TPEX,6762,達亞,170.0,170.0,170.0,170.0,1000.0
2026-08-14,TPEX,6763,綠界科技*,43.3,43.3,42.1,42.2,167839.0
2026-08-14,TPEX,6767,台微醫,24.8,24.8,24.8,24.8,2000.0
2026-08-14,TPEX,6785,昱展新藥,100.0,100.0,99.6,100.0,28940.0
2026-08-14,TPEX,6788,華景電,369.5,369.5,360.0,363.5,232965.0
2026-08-14,TPEX,6791,虎門科技,101.0,101.5,100.5,101.0,28725.0
2026-08-14,TPEX,6803,崑鼎,268.5,269.5,267.5,269.5,56014.0
2026-08-14,TPEX,6804,明係,19.15,19.45,18.9,19.0,118588.0
2026-08-14,TPEX,6811,宏碁資訊,238.5,239.0,235.0,236.0,83933.0
2026-08-14,TPEX,6821,聯寶,43.4,43.65,42.1,42.1,138897.0
2026-08-14,TPEX,6823,濾能,63.5,63.5,61.8,62.8,52465.0
2026-08-14,TPEX,6829,千附精密,225.0,244.0,218.5,244.0,2814908.0
2026-08-14,TPEX,6840,東研信超,82.8,83.1,79.5,81.0,2309067.0
2026-08-14,TPEX,6841,長佳智能,53.6,53.6,53.0,53.2,164110.0
2026-08-14,TPEX,6843,進典,39.5,39.5,38.7,39.4,37950.0
2026-08-14,TPEX,6844,諾貝兒,61.0,61.4,61.0,61.4,4193.0
2026-08-14,TPEX,6846,綠茵,58.0,58.0,58.0,58.0,1011.0
2026-08-14,TPEX,6855,數泓科,,,,,40.0
2026-08-14,TPEX,6856,鑫傳,42.1,42.3,42.1,42.2,25170.0
2026-08-14,TPEX,6859,伯特光,105.5,110.0,105.5,109.0,148079.0
2026-08-14,TPEX,6865,偉康科技,25.3,27.6,25.3,26.95,41043.0
2026-08-14,TPEX,6870,騰雲,262.5,267.0,256.5,266.0,69149.0
2026-08-14,TPEX,6872,浩宇生醫,15.2,15.2,15.15,15.15,28008.0
2026-08-14,TPEX,6874,倍力,78.3,78.3,75.7,77.0,41037.0
2026-08-14,TPEX,6875,國邑*,32.25,33.3,32.1,33.05,74460.0
2026-08-14,TPEX,6877,鏵友益,124.5,127.0,123.0,125.0,18007.0
2026-08-14,TPEX,6881,潤德,200.0,200.0,200.0,200.0,2100.0
2026-08-14,TPEX,6884,海柏特,,,,,330.0
2026-08-14,TPEX,6894,衛司特,338.0,338.5,333.0,336.0,22675.0
2026-08-14,TPEX,6895,宏碩系統,118.5,118.5,112.5,114.5,71423.0
2026-08-14,TPEX,6899,創為精密,50.8,51.2,50.8,51.0,29020.0
2026-08-14,TPEX,6903,巨漢,322.0,323.0,313.5,313.5,284628.0
2026-08-14,TPEX,6904,伯鑫,123.0,123.0,123.0,123.0,1161.0
2026-08-14,TPEX,6907,雅特力-KY,174.0,180.0,170.5,176.0,2054936.0
2026-08-14,TPEX,6910,德鴻,25.0,25.0,24.0,24.1,50151.0
2026-08-14,TPEX,6913,鴻呈,154.0,154.0,146.5,148.0,759793.0
2026-08-14,TPEX,6922,宸曜,209.5,209.5,197.5,201.0,341275.0
2026-08-14,TPEX,6925,意藍,53.6,53.6,51.5,52.5,32444.0
2026-08-14,TPEX,6929,佑全,21.9,22.45,21.9,22.45,15197.0
2026-08-14,TPEX,6945,圓祥生技,107.5,109.5,102.5,104.5,379792.0
2026-08-14,TPEX,6953,家碩,231.0,231.0,222.0,222.0,23969.0
2026-08-14,TPEX,6961,旅天下,51.5,51.6,51.4,51.5,21110.0
2026-08-14,TPEX,6967,汎瑋材料,70.5,70.5,66.5,68.8,218696.0
2026-08-14,TPEX,6968,萬達寵物,43.9,43.9,43.2,43.7,59726.0
2026-08-14,TPEX,6971,惠民實業,25.9,26.0,25.25,25.5,60103.0
2026-08-14,TPEX,6982,大井泵浦,48.95,50.0,47.5,48.65,52320.0
2026-08-14,TPEX,6983,華洋精機,298.5,302.0,295.0,300.0,33615.0
2026-08-14,TPEX,6986,和迅,43.3,43.3,42.7,43.1,55465.0
2026-08-14,TPEX,6996,力領科技,178.0,178.0,172.0,174.0,108894.0
2026-08-14,TPEX,6997,博弘,69.3,69.3,69.3,69.3,1027.0
2026-08-14,TPEX,7402,邑錡,107.0,115.5,103.5,115.5,1410474.0
2026-08-14,TPEX,7547,碩網,53.3,53.7,52.2,52.2,36059.0
2026-08-14,TPEX,7556,意德士,236.5,240.0,236.5,239.0,34487.0
2026-08-14,TPEX,7584,樂意,25.9,26.75,25.6,26.75,1017928.0
2026-08-14,TPEX,7642,昶瑞機電,77.7,82.0,77.7,78.8,73616.0
2026-08-14,TPEX,7703,銳澤,183.0,183.0,178.0,181.0,27434.0
2026-08-14,TPEX,7704,明遠精密,63.0,64.0,62.5,63.6,10851.0
2026-08-14,TPEX,7708,全家餐飲,92.5,92.5,92.1,92.4,7852.0
2026-08-14,TPEX,7709,榮田,70.3,72.8,70.3,71.4,58339.0
2026-08-14,TPEX,7712,博盛半導體,146.5,146.5,141.5,141.5,207330.0
2026-08-14,TPEX,7713,威力德生醫,,,,,19.0
2026-08-14,TPEX,7714,創泓科技,159.0,172.5,155.0,172.5,466890.0
2026-08-14,TPEX,7715,裕山,32.0,32.15,31.2,31.7,56889.0
2026-08-14,TPEX,7716,昱臺國際,23.45,23.85,23.45,23.85,2020.0
2026-08-14,TPEX,7717,萊德光電-KY,429.5,439.5,418.5,428.0,117252.0
2026-08-14,TPEX,7718,友鋮,47.75,48.15,47.75,48.0,38008.0
2026-08-14,TPEX,7723,築間,20.5,20.5,19.85,20.1,155315.0
2026-08-14,TPEX,7728,光焱科技,594.0,594.0,584.0,592.0,5104.0
2026-08-14,TPEX,7734,印能科技,3285.0,3325.0,3075.0,3090.0,190142.0
2026-08-14,TPEX,7738,東聯互動,168.5,169.5,165.5,166.5,36190.0
2026-08-14,TPEX,7743,金利食安,20.9,20.9,20.05,20.8,4000.0
2026-08-14,TPEX,7744,崴寶,486.0,489.0,457.0,470.0,359018.0
2026-08-14,TPEX,7747,昕奇雲端,115.0,115.5,113.5,115.0,7900.0
2026-08-14,TPEX,7751,竑騰,1440.0,1445.0,1435.0,1445.0,248753.0
2026-08-14,TPEX,7753,星亞,37.6,38.2,37.5,37.5,23366.0
2026-08-14,TPEX,7757,金色三麥,90.5,93.0,89.4,91.2,39899.0
2026-08-14,TPEX,7767,仁大資訊,46.15,46.15,45.0,45.0,58743.0
2026-08-14,TPEX,7770,君曜,39.75,39.75,39.75,39.75,2052.0
2026-08-14,TPEX,7772,耀穎,95.8,98.9,90.1,90.1,95016.0
2026-08-14,TPEX,7777,能率亞洲,40.35,40.4,39.4,39.5,1105148.0
2026-08-14,TPEX,7782,光速火箭,25.7,25.8,25.0,25.8,36232.0
2026-08-14,TPEX,7792,安葆,250.0,260.5,245.5,250.0,1353495.0
2026-08-14,TPEX,7794,宏碁智新,29.8,29.8,29.0,29.0,29210.0
2026-08-14,TPEX,7805,威聯通,691.0,696.0,675.0,676.0,1218720.0
2026-08-14,TPEX,7810,捷創科技,201.0,201.5,196.5,198.5,26932.0
2026-08-14,TPEX,7811,民盛,71.0,71.1,71.0,71.0,41255.0
2026-08-14,TPEX,7814,海昌生技,30.45,30.9,30.0,30.5,12165.0
2026-08-14,TPEX,7819,精誠金融,41.7,41.7,38.5,38.9,303725.0
2026-08-14,TPEX,7820,立盈,117.0,120.0,115.0,120.0,52555.0
2026-08-14,TPEX,7828,創新服務,1875.0,1875.0,1720.0,1720.0,269970.0
2026-08-14,TPEX,7839,達人網,44.5,45.8,44.5,45.8,20000.0
2026-08-14,TPEX,7842,天能綠電,88.8,88.8,84.5,85.0,241028.0
2026-08-14,TPEX,8024,佑華,13.65,13.85,13.3,13.6,65230.0
2026-08-14,TPEX,8027,鈦昇,190.0,191.0,183.5,186.5,1769662.0
2026-08-14,TPEX,8032,光菱,37.05,37.2,36.15,36.85,66980.0
2026-08-14,TPEX,8034,榮群,18.8,18.85,18.6,18.8,132954.0
2026-08-14,TPEX,8038,長園科,31.35,31.6,30.7,31.1,280638.0
2026-08-14,TPEX,8040,九暘,74.3,74.9,72.7,73.0,344820.0
2026-08-14,TPEX,8042,金山電,119.0,119.5,112.0,112.5,3730758.0
2026-08-14,TPEX,8043,蜜望實,156.0,157.0,146.0,146.0,3816193.0
2026-08-14,TPEX,8044,網家,26.3,26.65,26.15,26.45,198263.0
2026-08-14,TPEX,8047,星雲,45.6,45.6,42.0,45.1,20124.0
2026-08-14,TPEX,8048,德勝,53.3,53.3,51.5,51.5,82270.0
2026-08-14,TPEX,8049,晶采,26.5,26.55,26.2,26.45,490269.0
2026-08-14,TPEX,8050,廣積,59.0,59.2,57.1,58.0,2825190.0
2026-08-14,TPEX,8054,安國,85.0,85.9,82.4,82.6,961319.0
2026-08-14,TPEX,8059,凱碩,14.3,14.95,13.9,14.1,530827.0
2026-08-14,TPEX,8064,東捷,105.5,105.5,102.0,102.5,1786982.0
2026-08-14,TPEX,8066,來思達,14.75,14.8,14.75,14.75,14775.0
2026-08-14,TPEX,8067,志旭,12.8,13.05,12.4,12.5,16165.0
2026-08-14,TPEX,8068,全達,17.65,17.65,17.4,17.6,86979.0
2026-08-14,TPEX,8069,元太,160.5,168.5,158.5,165.5,19726289.0
2026-08-14,TPEX,8071,能率網通,25.15,25.15,24.1,24.4,874016.0
2026-08-14,TPEX,8074,鉅橡,57.6,57.9,55.1,56.7,687912.0
2026-08-14,TPEX,8076,伍豐,23.7,23.7,23.2,23.6,367969.0
2026-08-14,TPEX,8077,洛碁,43.8,44.3,43.8,44.3,2002.0
2026-08-14,TPEX,8080,泰霖,28.05,28.2,28.05,28.05,13307.0
2026-08-14,TPEX,8083,瑞穎,160.0,160.0,158.5,159.0,47380.0
2026-08-14,TPEX,8084,巨虹,53.7,53.8,50.0,52.0,601625.0
2026-08-14,TPEX,8085,福華,11.45,11.5,11.25,11.25,108146.0
2026-08-14,TPEX,8086,宏捷科,118.0,118.5,113.5,114.0,2047121.0
2026-08-14,TPEX,8087,麗升能源,27.2,27.2,26.55,26.55,36687.0
2026-08-14,TPEX,8088,品安,49.65,50.6,48.1,48.25,1286456.0
2026-08-14,TPEX,8089,康全電訊,18.05,18.05,17.75,17.9,98118.0
2026-08-14,TPEX,8091,翔名,235.0,235.5,228.5,230.0,356643.0
2026-08-14,TPEX,8092,建暐,12.9,12.9,12.5,12.5,49008.0
2026-08-14,TPEX,8093,保銳,24.0,26.5,24.0,25.4,141495.0
2026-08-14,TPEX,8096,擎亞,127.0,127.5,114.5,116.5,8271638.0
2026-08-14,TPEX,8097,常珵,50.8,51.0,50.3,50.6,77098.0
2026-08-14,TPEX,8099,大世科,58.4,58.7,57.2,58.2,91380.0
2026-08-14,TPEX,8102,傑霖科技,69.3,71.7,68.6,71.4,83208.0
2026-08-14,TPEX,8107,大億金茂,12.3,12.4,12.3,12.35,43451.0
2026-08-14,TPEX,8109,博大,131.0,134.0,128.5,131.0,255610.0
2026-08-14,TPEX,8111,立碁,58.4,58.7,55.3,55.5,2909310.0
2026-08-14,TPEX,8121,越峰,30.6,30.6,29.3,29.6,1030769.0
2026-08-14,TPEX,8147,正淩,128.0,128.0,121.0,121.0,289260.0
2026-08-14,TPEX,8155,博智,320.0,336.0,314.0,320.5,851898.0
2026-08-14,TPEX,8171,天宇,20.5,20.5,19.45,19.7,182534.0
2026-08-14,TPEX,8176,智捷,10.35,10.4,10.0,10.1,131633.0
2026-08-14,TPEX,8182,加高,42.6,42.6,39.95,40.1,902794.0
2026-08-14,TPEX,8183,精星,30.6,31.2,30.05,30.05,240698.0
2026-08-14,TPEX,8227,巨有科技,157.5,157.5,151.0,151.5,406099.0
2026-08-14,TPEX,8234,新漢,70.5,70.8,69.0,69.4,502850.0
2026-08-14,TPEX,8240,華宏,43.2,43.2,42.25,42.65,148921.0
2026-08-14,TPEX,8255,朋程,153.0,153.0,148.0,149.0,449305.0
2026-08-14,TPEX,8272,全景軟體,63.7,64.6,63.7,64.6,2289.0
2026-08-14,TPEX,8277,商丞,8.11,8.16,8.1,8.11,43652.0
2026-08-14,TPEX,8279,生展,87.2,87.2,87.2,87.2,2768.0
2026-08-14,TPEX,8284,三竹,65.0,66.4,64.4,65.7,97561.0
2026-08-14,TPEX,8289,泰藝,48.0,49.4,46.7,47.1,656013.0
2026-08-14,TPEX,8291,尚茂,35.95,36.05,34.6,35.0,33391.0
2026-08-14,TPEX,8299,群聯,2325.0,2325.0,2065.0,2080.0,16635708.0
2026-08-14,TPEX,8342,益張,86.5,88.8,86.2,88.8,5056.0
2026-08-14,TPEX,8349,恒耀,39.1,39.3,38.9,39.2,33051.0
2026-08-14,TPEX,8354,冠好,17.8,17.95,17.5,17.7,92558.0
2026-08-14,TPEX,8358,金居,427.0,462.0,413.0,428.5,45126332.0
2026-08-14,TPEX,8383,千附,71.3,77.0,70.3,75.1,5952312.0
2026-08-14,TPEX,8390,金益鼎,101.0,101.0,99.2,99.4,367575.0
2026-08-14,TPEX,8401,白紗科,23.05,23.05,23.05,23.05,4449.0
2026-08-14,TPEX,8403,盛弘,19.2,19.25,19.05,19.2,77045.0
2026-08-14,TPEX,8409,商之器,18.1,18.1,18.0,18.1,6096.0
2026-08-14,TPEX,8410,森田,31.35,31.9,31.1,31.9,29004.0
2026-08-14,TPEX,8415,大國鋼,38.35,38.4,37.5,37.5,740774.0
2026-08-14,TPEX,8416,實威,168.0,169.0,168.0,169.0,2001.0
2026-08-14,TPEX,8421,旭源,14.0,14.15,13.4,13.5,251107.0
2026-08-14,TPEX,8423,保綠-KY,17.7,17.8,17.7,17.8,5115.0
2026-08-14,TPEX,8424,惠普,69.1,69.4,68.5,68.8,51235.0
2026-08-14,TPEX,8426,紅木-KY,21.25,21.4,21.25,21.35,9391.0
2026-08-14,TPEX,8431,匯鑽科,48.0,48.1,47.3,47.8,179906.0
2026-08-14,TPEX,8432,東生華,50.9,50.9,50.3,50.5,15161.0
2026-08-14,TPEX,8433,弘帆,54.7,55.0,54.5,54.8,15079.0
2026-08-14,TPEX,8435,鉅邁,53.9,53.9,52.7,53.1,30338.0
2026-08-14,TPEX,8436,大江,123.5,123.5,119.5,120.0,733548.0
2026-08-14,TPEX,8437,大地-KY,9.12,9.12,8.96,9.11,26916.0
2026-08-14,TPEX,8440,綠電,20.7,20.7,19.8,20.1,115688.0
2026-08-14,TPEX,8444,綠河-KY,5.2,5.2,5.01,5.01,18233.0
2026-08-14,TPEX,8446,華研,85.9,86.0,85.4,85.6,28193.0
2026-08-14,TPEX,8450,霹靂,14.65,15.3,14.5,15.2,53236.0
2026-08-14,TPEX,8455,大拓-KY,25.6,26.95,25.45,26.0,12323.0
2026-08-14,TPEX,8472,夠麻吉,68.5,69.2,67.2,69.2,9266.0
2026-08-14,TPEX,8477,創業家,16.0,16.15,15.9,15.95,31154.0
2026-08-14,TPEX,8489,三貝德,23.1,23.1,22.6,22.9,32746.0
2026-08-14,TPEX,8905,裕國,34.1,35.0,34.1,34.9,10485.0
2026-08-14,TPEX,8906,花王,26.6,27.95,26.6,27.8,26233.0
2026-08-14,TPEX,8908,欣雄,39.9,39.95,39.85,39.9,26327.0
2026-08-14,TPEX,8916,光隆,40.6,40.6,40.1,40.3,74262.0
2026-08-14,TPEX,8917,欣泰,53.3,53.3,53.3,53.3,1000.0
2026-08-14,TPEX,8921,沈氏,,,,,1.0
2026-08-14,TPEX,8923,時報,19.1,19.1,18.7,18.7,55002.0
2026-08-14,TPEX,8924,大田,51.3,51.6,51.1,51.4,80290.0
2026-08-14,TPEX,8927,北基,19.85,20.0,19.65,19.95,55844.0
2026-08-14,TPEX,8928,鉅明,23.6,23.8,23.55,23.6,29125.0
2026-08-14,TPEX,8929,富堡,13.35,13.45,13.15,13.4,11086.0
2026-08-14,TPEX,8930,青鋼,30.0,30.0,29.55,29.6,21798.0
2026-08-14,TPEX,8931,大汽電,40.8,41.05,40.6,40.7,12813.0
2026-08-14,TPEX,8932,智通*,105.0,109.5,105.0,108.0,2817435.0
2026-08-14,TPEX,8933,愛地雅,4.53,4.54,4.43,4.45,110504.0
2026-08-14,TPEX,8935,邦泰,17.7,18.5,17.5,18.25,217284.0
2026-08-14,TPEX,8936,國統,51.0,51.2,50.6,50.7,1496071.0
2026-08-14,TPEX,8937,合騏*,24.3,24.3,23.55,24.0,37101.0
2026-08-14,TPEX,8938,明安,52.3,52.5,52.2,52.3,123093.0
2026-08-14,TPEX,8941,關中,44.85,44.85,44.1,44.2,9130.0
2026-08-14,TPEX,8942,森鉅,42.7,43.4,42.2,43.0,697168.0
2026-08-14,TPEX,9949,琉園,24.15,24.35,23.95,24.15,33990.0
2026-08-14,TPEX,9950,萬國通,10.3,10.4,10.3,10.35,32724.0
2026-08-14,TPEX,9951,皇田,53.2,53.2,53.0,53.0,20173.0
2026-08-14,TPEX,9960,邁達康,31.1,31.2,30.9,30.9,4500.0
2026-08-14,TPEX,9962,有益,10.3,10.3,10.2,10.25,59082.0
