date,market,stock_id,name,open,high,low,close,volume
2026-10-02,TWSE,1101,台泥,26.3,26.4,25.45,25.55,54833108.0
2026-10-02,TWSE,1102,亞泥,35.7,35.9,35.2,35.65,11842180.0
2026-10-02,TWSE,1103,嘉泥,13.25,13.25,13.1,13.2,301629.0
2026-10-02,TWSE,1104,環泥,26.65,26.75,26.55,26.7,520149.0
2026-10-02,TWSE,1108,幸福,11.05,11.2,11.05,11.15,151559.0
2026-10-02,TWSE,1109,信大,13.4,13.4,13.25,13.3,206947.0
2026-10-02,TWSE,1110,東泥,14.55,14.75,14.55,14.65,120182.0
2026-10-02,TWSE,1201,味全,11.65,11.65,11.5,11.6,706723.0
2026-10-02,TWSE,1203,味王,43.65,43.9,43.65,43.9,3554.0
2026-10-02,TWSE,1210,大成,51.8,52.0,51.5,51.7,990702.0
2026-10-02,TWSE,1213,大飲,7.18,7.18,7.0,7.0,6025.0
2026-10-02,TWSE,1215,卜蜂,105.0,105.5,104.5,105.5,322122.0
2026-10-02,TWSE,1216,統一,73.9,74.2,73.7,73.9,5933943.0
2026-10-02,TWSE,1217,愛之味,9.95,9.96,9.91,9.96,203542.0
2026-10-02,TWSE,1218,泰山,14.6,14.6,14.45,14.5,260576.0
2026-10-02,TWSE,1219,福壽,11.5,11.55,11.35,11.45,81323.0
2026-10-02,TWSE,1220,台榮,10.85,10.85,10.75,10.85,50838.0
2026-10-02,TWSE,1225,福懋油,24.5,24.5,23.7,24.2,60991.0
2026-10-02,TWSE,1227,佳格,28.1,28.15,28.0,28.1,342204.0
2026-10-02,TWSE,1229,聯華,39.95,40.4,39.95,40.2,2550357.0
2026-10-02,TWSE,1231,聯華食,79.6,79.9,79.5,79.8,223078.0
2026-10-02,TWSE,1232,大統益,153.5,154.5,153.0,153.0,107013.0
2026-10-02,TWSE,1233,天仁,28.0,28.1,28.0,28.1,5292.0
2026-10-02,TWSE,1234,黑松,32.9,32.9,32.8,32.9,90393.0
2026-10-02,TWSE,1235,興泰,32.95,33.15,32.9,32.9,42911.0
2026-10-02,TWSE,1236,宏亞,25.45,25.8,25.3,25.5,13674.0
2026-10-02,TWSE,1256,鮮活果汁-KY,168.0,168.5,167.5,168.5,12051.0
2026-10-02,TWSE,1301,台塑,68.2,69.2,66.3,66.8,19100785.0
2026-10-02,TWSE,1303,南亞,256.0,261.5,250.5,254.0,57138460.0
2026-10-02,TWSE,1304,台聚,12.6,12.7,12.35,12.45,1522353.0
2026-10-02,TWSE,1305,華夏,12.4,12.4,12.1,12.15,670622.0
2026-10-02,TWSE,1307,三芳,31.5,31.55,31.3,31.45,531905.0
2026-10-02,TWSE,1308,亞聚,14.35,14.4,14.1,14.2,758207.0
2026-10-02,TWSE,1309,台達化,14.0,14.0,13.6,13.7,1146443.0
2026-10-02,TWSE,1310,台苯,9.25,9.32,9.02,9.02,2511718.0
2026-10-02,TWSE,1312,國喬,15.0,15.15,14.6,14.6,8517813.0
2026-10-02,TWSE,1313,聯成,12.4,12.8,12.25,12.4,4532235.0
2026-10-02,TWSE,1314,中石化,9.09,9.14,8.86,8.89,34798207.0
2026-10-02,TWSE,1315,達新,68.9,68.9,68.1,68.7,10790.0
2026-10-02,TWSE,1316,上曜,10.7,10.8,10.5,10.5,1238358.0
2026-10-02,TWSE,1319,東陽,78.2,78.6,77.5,78.6,1483670.0
2026-10-02,TWSE,1321,大洋,32.45,32.5,32.15,32.5,45000.0
2026-10-02,TWSE,1323,永裕,21.45,21.5,21.25,21.5,9048.0
2026-10-02,TWSE,1324,地球,9.99,10.05,9.94,10.05,32639.0
2026-10-02,TWSE,1325,恆大,25.75,25.9,25.7,25.7,97552.0
2026-10-02,TWSE,1326,台化,69.4,70.9,67.5,67.7,18698939.0
2026-10-02,TWSE,1337,再生-KY,4.47,4.48,4.44,4.47,195911.0
2026-10-02,TWSE,1338,廣華-KY,15.7,15.7,15.05,15.3,221510.0
2026-10-02,TWSE,1339,昭輝,42.9,42.9,42.15,42.7,53816.0
2026-10-02,TWSE,1340,勝悅-KY,5.24,5.24,5.19,5.23,62541.0
2026-10-02,TWSE,1341,富林-KY,59.0,59.0,59.0,59.0,2248.0
2026-10-02,TWSE,1342,八貫,100.0,100.5,99.6,100.0,108543.0
2026-10-02,TWSE,1402,遠東新,28.2,28.25,27.7,27.95,14615452.0
2026-10-02,TWSE,1409,新纖,24.6,24.75,24.3,24.4,8727863.0
2026-10-02,TWSE,1410,南染,24.0,24.6,24.0,24.15,39399.0
2026-10-02,TWSE,1413,宏洲,9.29,9.29,9.2,9.25,9329.0
2026-10-02,TWSE,1414,東和,17.65,17.7,17.35,17.35,78345.0
2026-10-02,TWSE,1416,廣豐,11.5,11.7,11.5,11.65,463909.0
2026-10-02,TWSE,1417,嘉裕,8.1,8.15,8.05,8.13,168685.0
2026-10-02,TWSE,1418,東華,18.4,18.5,18.4,18.5,11038.0
2026-10-02,TWSE,1419,新紡,66.3,66.3,65.4,65.8,21795.0
2026-10-02,TWSE,1423,利華,35.5,35.5,35.5,35.5,2010.0
2026-10-02,TWSE,1432,大魯閣,15.0,15.05,14.95,15.05,61056.0
2026-10-02,TWSE,1434,福懋,18.15,18.25,17.9,17.95,1414846.0
2026-10-02,TWSE,1435,中福,21.85,22.5,20.3,22.0,20285.0
2026-10-02,TWSE,1436,華友聯,35.7,35.7,35.35,35.35,86138.0
2026-10-02,TWSE,1437,勤益控,31.85,31.9,31.8,31.85,62770.0
2026-10-02,TWSE,1438,三地開發,21.4,21.8,21.25,21.8,27847.0
2026-10-02,TWSE,1439,雋揚,28.95,29.05,28.85,28.95,59033.0
2026-10-02,TWSE,1440,南紡,13.5,13.7,13.3,13.4,2962057.0
2026-10-02,TWSE,1441,大東,9.92,9.93,9.87,9.87,39105.0
2026-10-02,TWSE,1442,名軒,27.1,27.15,26.5,26.5,966889.0
2026-10-02,TWSE,1443,立益物流,23.5,23.5,23.35,23.35,3001.0
2026-10-02,TWSE,1444,力麗,7.13,7.16,6.9,6.9,1233444.0
2026-10-02,TWSE,1445,大宇,10.1,10.1,10.0,10.0,49190.0
2026-10-02,TWSE,1446,宏和,13.35,13.45,13.35,13.45,29311.0
2026-10-02,TWSE,1447,力鵬,6.78,6.78,6.5,6.51,1028818.0
2026-10-02,TWSE,1449,佳和,12.5,12.5,12.3,12.3,192790.0
2026-10-02,TWSE,1451,年興,16.9,17.0,16.8,17.0,199338.0
2026-10-02,TWSE,1452,宏益,10.8,10.8,10.75,10.8,19052.0
2026-10-02,TWSE,1453,大將,10.9,10.9,10.9,10.9,11353.0
2026-10-02,TWSE,1454,台富,12.35,12.35,12.15,12.15,11668.0
2026-10-02,TWSE,1455,集盛,9.94,9.95,9.81,9.84,326384.0
2026-10-02,TWSE,1456,怡華,14.6,14.9,14.45,14.8,158906.0
2026-10-02,TWSE,1457,宜進,14.3,14.45,14.3,14.45,71418.0
2026-10-02,TWSE,1459,聯發,16.75,17.0,16.7,17.0,215213.0
2026-10-02,TWSE,1460,宏遠,6.25,6.25,6.22,6.23,169811.0
2026-10-02,TWSE,1463,強盛新,17.5,17.6,17.5,17.5,12067.0
2026-10-02,TWSE,1464,得力,9.98,10.0,9.96,10.0,328472.0
2026-10-02,TWSE,1465,偉全,11.6,11.7,11.6,11.65,52021.0
2026-10-02,TWSE,1466,聚隆,14.85,14.9,14.65,14.7,118037.0
2026-10-02,TWSE,1467,南緯,8.02,8.02,7.7,7.94,372161.0
2026-10-02,TWSE,1468,昶和,13.35,13.55,13.05,13.55,63000.0
2026-10-02,TWSE,1470,大統新創,24.15,24.4,24.15,24.4,6000.0
2026-10-02,TWSE,1471,首利,9.46,9.49,9.37,9.49,88354.0
2026-10-02,TWSE,1472,三洋實業,88.8,88.8,88.2,88.8,103196.0
2026-10-02,TWSE,1473,台南,19.3,19.3,19.25,19.25,99306.0
2026-10-02,TWSE,1474,弘裕,10.05,10.1,9.93,10.05,80621.0
2026-10-02,TWSE,1475,業旺,26.15,26.2,26.05,26.05,6000.0
2026-10-02,TWSE,1476,儒鴻,275.0,276.5,273.5,274.5,831703.0
2026-10-02,TWSE,1477,聚陽,192.0,192.0,189.5,190.5,912315.0
2026-10-02,TWSE,1503,士電,197.5,198.0,196.0,197.5,346701.0
2026-10-02,TWSE,1504,東元,69.3,69.4,68.8,69.1,2132864.0
2026-10-02,TWSE,1506,正道,9.53,9.55,9.44,9.5,375836.0
2026-10-02,TWSE,1512,瑞利,6.11,6.29,6.1,6.2,54716.0
2026-10-02,TWSE,1513,中興電,169.0,169.0,166.5,166.5,1480846.0
2026-10-02,TWSE,1514,亞力,103.0,103.0,101.5,102.0,553808.0
2026-10-02,TWSE,1515,力山,30.2,30.2,29.1,29.25,501315.0
2026-10-02,TWSE,1516,川飛,13.7,13.7,13.4,13.5,17631.0
2026-10-02,TWSE,1517,利奇,10.5,10.5,10.3,10.4,157323.0
2026-10-02,TWSE,1519,華城,694.0,696.0,687.0,688.0,849523.0
2026-10-02,TWSE,1521,大億,25.85,25.9,25.65,25.8,5274.0
2026-10-02,TWSE,1522,堤維西,26.95,26.95,26.4,26.45,203560.0
2026-10-02,TWSE,1524,耿鼎,26.15,26.15,25.8,25.95,176035.0
2026-10-02,TWSE,1525,江申,63.8,63.8,63.7,63.7,10199.0
2026-10-02,TWSE,1526,日馳,15.0,15.0,14.8,14.95,28704.0
2026-10-02,TWSE,1527,鑽全,32.7,32.9,32.65,32.8,137401.0
2026-10-02,TWSE,1528,恩德,25.45,25.55,25.0,25.0,3331136.0
2026-10-02,TWSE,1529,樂事綠能,16.2,16.2,15.65,15.65,437915.0
2026-10-02,TWSE,1530,亞崴,26.65,26.9,26.65,26.85,11314.0
2026-10-02,TWSE,1531,高林股,11.65,11.65,11.45,11.6,82880.0
2026-10-02,TWSE,1532,勤美,22.35,22.35,22.15,22.2,206021.0
2026-10-02,TWSE,1533,車王電,30.7,30.7,30.4,30.55,54006.0
2026-10-02,TWSE,1535,中宇,45.8,45.9,45.3,45.85,15847.0
2026-10-02,TWSE,1536,和大,47.1,47.1,46.5,46.65,510512.0
2026-10-02,TWSE,1537,廣隆,114.5,115.0,114.0,115.0,143652.0
2026-10-02,TWSE,1538,正峰,7.48,7.83,7.48,7.83,15832.0
2026-10-02,TWSE,1539,巨庭,15.75,15.8,15.45,15.65,25405.0
2026-10-02,TWSE,1540,喬福,19.3,19.5,19.2,19.5,51011.0
2026-10-02,TWSE,1541,錩泰,20.65,20.85,20.65,20.75,6283.0
2026-10-02,TWSE,1558,伸興,112.5,112.5,104.0,112.5,385719.0
2026-10-02,TWSE,1560,中砂,963.0,1015.0,963.0,1000.0,1592741.0
2026-10-02,TWSE,1563,巧新,75.5,76.3,74.8,76.1,196239.0
2026-10-02,TWSE,1568,倉佑,33.15,33.15,32.25,32.7,365521.0
2026-10-02,TWSE,1582,信錦,72.5,72.5,71.0,71.1,214712.0
2026-10-02,TWSE,1583,程泰,47.2,47.2,46.5,47.05,8092.0
2026-10-02,TWSE,1587,吉茂,24.6,24.6,23.85,23.85,99688.0
2026-10-02,TWSE,1590,亞德客-KY,1195.0,1200.0,1175.0,1185.0,668109.0
2026-10-02,TWSE,1597,直得,147.0,158.5,141.0,154.5,4660046.0
2026-10-02,TWSE,1598,岱宇,20.5,20.55,20.4,20.55,103610.0
2026-10-02,TWSE,1603,華電,30.65,30.75,30.4,30.65,151204.0
2026-10-02,TWSE,1604,聲寶,23.45,23.5,23.3,23.35,155413.0
2026-10-02,TWSE,1605,華新,39.05,39.1,38.0,38.55,34858998.0
2026-10-02,TWSE,1608,華榮,36.3,36.4,35.75,35.95,1428176.0
2026-10-02,TWSE,1609,大亞,39.25,39.3,38.25,38.7,4848716.0
2026-10-02,TWSE,1611,中電,11.5,11.55,11.35,11.45,407999.0
2026-10-02,TWSE,1612,宏泰,35.7,35.7,35.05,35.15,598564.0
2026-10-02,TWSE,1614,三洋電,31.15,31.25,30.9,31.25,55732.0
2026-10-02,TWSE,1615,大山,42.95,42.95,42.45,42.7,125204.0
2026-10-02,TWSE,1616,億泰,18.7,18.7,18.35,18.35,190591.0
2026-10-02,TWSE,1617,榮星,24.9,26.45,24.4,24.8,9152630.0
2026-10-02,TWSE,1618,合機,39.0,39.05,38.8,38.8,232698.0
2026-10-02,TWSE,1623,大東電,199.0,199.5,197.5,198.5,38560.0
2026-10-02,TWSE,1626,艾美特-KY,9.8,9.8,9.7,9.72,13550.0
2026-10-02,TWSE,1702,南僑,33.0,34.0,32.85,33.45,227316.0
2026-10-02,TWSE,1707,葡萄王,85.6,85.6,85.1,85.5,291489.0
2026-10-02,TWSE,1708,東鹼,53.8,54.0,53.0,53.6,3644386.0
2026-10-02,TWSE,1709,和益,51.8,53.2,51.6,53.2,28453763.0
2026-10-02,TWSE,1710,東聯,16.7,17.3,16.6,17.0,5875087.0
2026-10-02,TWSE,1711,永光,41.1,41.1,39.85,40.55,2699361.0
2026-10-02,TWSE,1712,興農,39.8,39.8,39.65,39.65,364657.0
2026-10-02,TWSE,1713,國化,42.5,42.6,42.2,42.45,86205.0
2026-10-02,TWSE,1714,和桐,16.6,16.6,16.2,16.2,6256321.0
2026-10-02,TWSE,1717,長興,74.6,74.9,73.2,73.5,7328417.0
2026-10-02,TWSE,1718,中纖,10.8,10.9,10.55,10.65,10229352.0
2026-10-02,TWSE,1720,生達,56.1,56.1,55.9,56.1,74151.0
2026-10-02,TWSE,1721,國慶科技,26.0,27.5,25.75,26.6,3409492.0
2026-10-02,TWSE,1722,台肥,41.5,41.6,41.15,41.15,1602478.0
2026-10-02,TWSE,1723,中碳,80.6,81.0,79.5,79.7,767219.0
2026-10-02,TWSE,1725,元禎,34.05,34.35,33.5,33.5,38197.0
2026-10-02,TWSE,1726,永記,76.3,76.6,76.2,76.5,13130.0
2026-10-02,TWSE,1727,中華化,108.0,116.0,105.5,112.0,18550381.0
2026-10-02,TWSE,1730,花仙子,51.2,51.3,51.2,51.3,29960.0
2026-10-02,TWSE,1731,美吾華,20.9,20.9,20.75,20.85,67690.0
2026-10-02,TWSE,1732,毛寶,26.15,26.15,25.95,26.0,34514.0
2026-10-02,TWSE,1733,五鼎,29.7,29.9,29.5,29.85,79199.0
2026-10-02,TWSE,1734,杏輝,31.85,32.1,31.8,32.1,157024.0
2026-10-02,TWSE,1735,日勝化,20.4,20.55,20.15,20.15,51610.0
2026-10-02,TWSE,1736,喬山,130.0,130.0,127.0,127.5,100252.0
2026-10-02,TWSE,1737,臺鹽,30.1,30.1,30.0,30.0,102338.0
2026-10-02,TWSE,1752,南光,31.45,31.55,31.35,31.35,66550.0
2026-10-02,TWSE,1760,寶齡富錦,54.3,54.7,54.3,54.6,117063.0
2026-10-02,TWSE,1762,中化生,34.45,34.45,33.85,33.95,22332.0
2026-10-02,TWSE,1773,勝一,168.0,171.5,167.0,167.5,512879.0
2026-10-02,TWSE,1776,展宇,18.35,18.35,17.8,18.05,29014.0
2026-10-02,TWSE,1783,和康生,36.9,37.35,36.9,37.35,43420.0
2026-10-02,TWSE,1786,科妍,43.3,43.55,42.8,43.25,97010.0
2026-10-02,TWSE,1789,神隆,18.8,18.95,18.7,18.8,277794.0
2026-10-02,TWSE,1795,美時,177.5,180.0,177.0,177.0,681616.0
2026-10-02,TWSE,1802,台玻,60.0,60.0,58.3,58.8,15496264.0
2026-10-02,TWSE,1805,寶徠,10.05,10.1,10.0,10.1,27124.0
2026-10-02,TWSE,1806,冠軍,7.99,7.99,7.88,7.92,344515.0
2026-10-02,TWSE,1808,潤隆,31.7,32.0,31.4,31.7,1385047.0
2026-10-02,TWSE,1809,中釉,47.0,47.75,45.55,45.75,5728368.0
2026-10-02,TWSE,1810,和成,24.45,24.45,23.95,24.0,1319890.0
2026-10-02,TWSE,1817,凱撒衛,40.15,40.15,40.0,40.0,16995.0
2026-10-02,TWSE,1903,士紙,47.7,47.8,47.25,47.65,24918.0
2026-10-02,TWSE,1904,正隆,24.6,24.6,24.05,24.1,2000585.0
2026-10-02,TWSE,1905,華紙,13.1,13.1,12.65,12.8,4228154.0
2026-10-02,TWSE,1906,寶隆,10.85,10.85,10.75,10.8,29188.0
2026-10-02,TWSE,1907,永豐餘,28.4,28.4,27.75,28.0,1143383.0
2026-10-02,TWSE,1909,榮成,10.25,10.35,10.1,10.2,1189488.0
2026-10-02,TWSE,2002,中鋼,19.2,19.25,18.85,18.95,38390897.0
2026-10-02,TWSE,2006,東和鋼鐵,85.6,86.7,84.1,84.6,2447124.0
2026-10-02,TWSE,2007,燁興,7.01,7.05,6.91,7.0,231238.0
2026-10-02,TWSE,2008,高興昌,30.55,30.85,30.55,30.85,5244.0
2026-10-02,TWSE,2009,第一銅,40.0,40.0,39.15,39.3,1229356.0
2026-10-02,TWSE,2010,春源,23.0,23.1,22.4,22.5,1526972.0
2026-10-02,TWSE,2012,春雨,14.4,14.4,14.2,14.35,29406.0
2026-10-02,TWSE,2013,中鋼構,41.35,41.6,41.3,41.5,32397.0
2026-10-02,TWSE,2014,中鴻,17.45,17.45,16.95,17.1,2893468.0
2026-10-02,TWSE,2015,豐興,64.3,64.3,63.9,64.2,75885.0
2026-10-02,TWSE,2017,官田鋼,9.13,9.13,8.96,9.09,252574.0
2026-10-02,TWSE,2020,美亞,29.2,29.25,26.0,26.2,21074637.0
2026-10-02,TWSE,2022,聚亨,7.33,7.36,7.21,7.34,208884.0
2026-10-02,TWSE,2023,燁輝,13.85,14.1,13.75,13.8,1896256.0
2026-10-02,TWSE,2024,志聯,12.9,13.45,12.9,13.3,43413.0
2026-10-02,TWSE,2025,千興,14.85,15.0,13.7,14.05,4380086.0
2026-10-02,TWSE,2027,大成鋼,48.2,49.1,47.7,48.05,15670981.0
2026-10-02,TWSE,2028,威致,17.15,17.25,16.6,16.6,237108.0
2026-10-02,TWSE,2029,盛餘,22.65,22.8,21.85,22.0,510760.0
2026-10-02,TWSE,2030,彰源,37.2,40.0,36.05,37.65,70647596.0
2026-10-02,TWSE,2031,新光鋼,46.9,47.0,46.05,46.2,753695.0
2026-10-02,TWSE,2032,新鋼,20.3,20.9,19.15,19.6,5176631.0
2026-10-02,TWSE,2033,佳大,45.1,46.55,44.0,46.55,1489009.0
2026-10-02,TWSE,2034,允強,24.7,24.9,23.4,23.6,9284967.0
2026-10-02,TWSE,2038,海光,13.2,13.3,12.75,12.9,474343.0
2026-10-02,TWSE,2049,上銀,336.0,337.5,332.5,335.0,1302617.0
2026-10-02,TWSE,2059,川湖,12270.0,12270.0,11760.0,11835.0,339243.0
2026-10-02,TWSE,2062,橋椿,18.05,18.2,18.0,18.0,111204.0
2026-10-02,TWSE,2069,運錩,26.65,27.2,25.35,25.75,1821078.0
2026-10-02,TWSE,2072,世紀風電,132.5,134.5,132.0,134.0,207748.0
2026-10-02,TWSE,2101,南港,30.1,30.1,29.65,29.65,1688108.0
2026-10-02,TWSE,2102,泰豐,16.6,16.85,16.55,16.85,373982.0
2026-10-02,TWSE,2103,台橡,28.1,28.2,27.7,27.95,1423826.0
2026-10-02,TWSE,2104,國際中橡,11.05,11.35,10.95,11.0,3126051.0
2026-10-02,TWSE,2105,正新,30.6,30.85,30.5,30.55,3575667.0
2026-10-02,TWSE,2106,建大,16.65,16.75,16.6,16.65,300105.0
2026-10-02,TWSE,2107,厚生,26.9,27.05,26.8,26.95,400598.0
2026-10-02,TWSE,2108,南帝,28.75,28.75,28.25,28.35,452033.0
2026-10-02,TWSE,2109,華豐,14.4,14.4,14.3,14.4,72070.0
2026-10-02,TWSE,2114,鑫永銓,89.7,90.0,89.3,90.0,9392.0
2026-10-02,TWSE,2115,六暉-KY,23.9,23.95,23.7,23.85,34888.0
2026-10-02,TWSE,2201,裕隆,29.3,29.5,29.2,29.2,2076309.0
2026-10-02,TWSE,2204,中華,52.2,52.3,52.0,52.2,204052.0
2026-10-02,TWSE,2206,三陽工業,62.2,62.6,62.1,62.6,299411.0
2026-10-02,TWSE,2207,和泰車,512.0,515.0,508.0,515.0,239429.0
2026-10-02,TWSE,2208,台船,19.15,19.15,18.85,18.85,3315980.0
2026-10-02,TWSE,2211,長榮鋼,79.7,79.9,79.1,79.3,586620.0
2026-10-02,TWSE,2227,裕日車,45.0,45.0,44.7,45.0,27062.0
2026-10-02,TWSE,2228,劍麟,74.9,76.3,74.9,75.7,88266.0
2026-10-02,TWSE,2231,為升,97.0,97.5,92.2,92.9,329706.0
2026-10-02,TWSE,2233,宇隆,168.0,169.5,165.0,168.5,224485.0
2026-10-02,TWSE,2236,百達-KY,109.5,109.5,106.0,108.5,413705.0
2026-10-02,TWSE,2237,華德動能-創,26.75,26.95,26.75,26.75,40201.0
2026-10-02,TWSE,2239,英利-KY,19.0,19.15,18.75,19.05,28206.0
2026-10-02,TWSE,2241,艾姆勒,46.0,46.2,44.0,44.05,3600149.0
2026-10-02,TWSE,2243,宏旭-KY,52.6,53.5,51.9,52.2,138505.0
2026-10-02,TWSE,2247,汎德永業,224.5,225.5,224.0,225.5,19395.0
2026-10-02,TWSE,2248,華勝-KY,61.9,61.9,61.4,61.4,5702.0
2026-10-02,TWSE,2250,IKKA-KY,56.9,57.0,55.6,55.7,112855.0
2026-10-02,TWSE,2254,巨鎧精密-創,93.0,94.6,93.0,94.1,1662968.0
2026-10-02,TWSE,2258,鴻華先進-創,32.0,32.45,31.75,31.9,537180.0
2026-10-02,TWSE,2301,光寶科,278.0,285.0,278.0,284.5,9330365.0
2026-10-02,TWSE,2302,麗正,44.9,47.15,44.9,46.5,6731653.0
2026-10-02,TWSE,2303,聯電,156.0,161.5,155.5,161.5,114242075.0
2026-10-02,TWSE,2305,全友,65.3,65.3,61.9,61.9,9397489.0
2026-10-02,TWSE,2308,台達電,1925.0,1935.0,1860.0,1905.0,6119811.0
2026-10-02,TWSE,2312,金寶,31.3,31.35,30.7,31.0,4886792.0
2026-10-02,TWSE,2313,華通,227.0,228.0,223.0,224.5,6854303.0
2026-10-02,TWSE,2314,台揚,11.4,11.8,11.3,11.5,212224.0
2026-10-02,TWSE,2316,楠梓電,167.5,172.0,164.5,167.0,2448561.0
2026-10-02,TWSE,2317,鴻海,253.0,254.0,250.5,254.0,30526551.0
2026-10-02,TWSE,2321,東訊,23.65,23.65,23.5,23.5,4468.0
2026-10-02,TWSE,2324,仁寶,37.2,37.3,36.65,36.65,25328443.0
2026-10-02,TWSE,2327,國巨*,560.0,602.0,560.0,602.0,74137455.0
2026-10-02,TWSE,2328,廣宇,47.65,48.35,47.5,47.75,1214940.0
2026-10-02,TWSE,2329,華泰,45.1,45.1,44.2,44.35,1772390.0
2026-10-02,TWSE,2330,台積電,2490.0,2510.0,2485.0,2510.0,20666092.0
2026-10-02,TWSE,2331,精英,19.2,19.25,19.05,19.15,700402.0
2026-10-02,TWSE,2332,友訊,20.6,20.6,20.15,20.15,5301945.0
2026-10-02,TWSE,2337,旺宏,121.0,122.5,119.5,121.0,16468161.0
2026-10-02,TWSE,2338,光罩,47.55,47.95,47.0,47.2,2741462.0
2026-10-02,TWSE,2340,台亞,40.8,44.7,40.25,43.85,40533802.0
2026-10-02,TWSE,2342,茂矽,50.3,50.5,49.0,49.35,7460322.0
2026-10-02,TWSE,2344,華邦電,178.0,180.5,175.5,180.0,64785773.0
2026-10-02,TWSE,2345,智邦,1795.0,1910.0,1785.0,1900.0,5872368.0
2026-10-02,TWSE,2347,聯強,95.0,96.2,94.4,95.4,5965468.0
2026-10-02,TWSE,2348,海悅,70.4,70.6,70.2,70.4,108740.0
2026-10-02,TWSE,2349,錸德,10.65,10.75,10.35,10.5,2276956.0
2026-10-02,TWSE,2351,順德,210.0,214.5,207.0,212.5,3449076.0
2026-10-02,TWSE,2352,佳世達,29.7,29.75,29.1,29.1,3305366.0
2026-10-02,TWSE,2353,宏碁,31.65,31.9,31.4,31.85,10102356.0
2026-10-02,TWSE,2354,鴻準,67.1,69.5,65.3,66.2,21963245.0
2026-10-02,TWSE,2355,敬鵬,41.85,42.0,41.25,41.3,1319934.0
2026-10-02,TWSE,2356,英業達,59.6,59.8,59.0,59.7,8414140.0
2026-10-02,TWSE,2357,華碩,961.0,971.0,960.0,965.0,1566104.0
2026-10-02,TWSE,2359,所羅門,129.0,129.0,128.0,128.0,889565.0
2026-10-02,TWSE,2360,致茂,2125.0,2150.0,2025.0,2080.0,2619905.0
2026-10-02,TWSE,2362,藍天,47.0,47.15,46.6,46.6,479520.0
2026-10-02,TWSE,2363,矽統,59.3,61.0,59.1,60.6,9203056.0
2026-10-02,TWSE,2364,倫飛,65.0,65.4,64.6,64.9,81552.0
2026-10-02,TWSE,2365,昆盈,28.35,28.4,27.9,28.2,666337.0
2026-10-02,TWSE,2367,燿華,43.8,43.8,42.9,43.35,3785466.0
2026-10-02,TWSE,2368,金像電,1120.0,1125.0,1085.0,1095.0,9076956.0
2026-10-02,TWSE,2369,菱生,32.15,32.2,31.65,31.75,3071153.0
2026-10-02,TWSE,2371,大同,31.0,31.6,30.3,30.5,33538127.0
2026-10-02,TWSE,2373,震旦行,53.3,53.3,52.8,53.0,12490.0
2026-10-02,TWSE,2374,佳能,67.5,67.5,66.5,66.7,1221265.0
2026-10-02,TWSE,2375,凱美,119.0,127.0,119.0,124.5,8440304.0
2026-10-02,TWSE,2376,技嘉,361.0,369.0,358.5,368.5,4284244.0
2026-10-02,TWSE,2377,微星,151.5,153.5,151.0,152.5,3015613.0
2026-10-02,TWSE,2379,瑞昱,753.0,769.0,751.0,762.0,3150180.0
2026-10-02,TWSE,2380,虹光,17.0,17.15,16.85,17.0,41137.0
2026-10-02,TWSE,2382,廣達,333.0,335.0,330.0,334.0,14875737.0
2026-10-02,TWSE,2383,台光電,4950.0,4975.0,4855.0,4975.0,1363430.0
2026-10-02,TWSE,2385,群光,104.5,106.5,104.5,105.5,1776109.0
2026-10-02,TWSE,2387,精元,36.5,36.75,36.35,36.55,142099.0
2026-10-02,TWSE,2388,威盛,73.3,75.3,72.8,73.3,3772346.0
2026-10-02,TWSE,2390,云辰,10.3,10.3,10.1,10.15,247599.0
2026-10-02,TWSE,2392,正崴,41.2,41.95,41.2,41.6,893005.0
2026-10-02,TWSE,2393,億光,64.5,64.6,63.8,64.5,1196217.0
2026-10-02,TWSE,2395,研華,731.0,734.0,718.0,723.0,1657283.0
2026-10-02,TWSE,2397,友通,63.1,63.1,62.5,63.1,77471.0
2026-10-02,TWSE,2399,映泰,49.0,51.3,48.6,51.3,18929412.0
2026-10-02,TWSE,2401,凌陽,26.9,27.2,26.55,26.85,6341638.0
2026-10-02,TWSE,2402,毅嘉,58.5,59.3,56.7,57.2,1592787.0
2026-10-02,TWSE,2404,漢唐,1280.0,1315.0,1270.0,1305.0,1828034.0
2026-10-02,TWSE,2405,輔信,15.55,15.7,15.3,15.3,1893686.0
2026-10-02,TWSE,2406,國碩,31.9,31.9,31.1,31.4,6902322.0
2026-10-02,TWSE,2408,南亞科,515.0,522.0,510.0,519.0,27085390.0
2026-10-02,TWSE,2409,友達,39.8,40.0,37.8,38.3,932903295.0
2026-10-02,TWSE,2412,中華電,144.0,146.0,143.0,145.5,8628434.0
2026-10-02,TWSE,2413,環科,51.6,53.6,50.7,51.6,2839552.0
2026-10-02,TWSE,2414,精技,53.3,53.3,52.8,53.2,47056.0
2026-10-02,TWSE,2415,錩新,27.45,27.45,27.05,27.25,81248.0
2026-10-02,TWSE,2417,圓剛,39.4,39.4,38.85,38.95,226049.0
2026-10-02,TWSE,2419,仲琦,29.75,29.75,29.0,29.05,868654.0
2026-10-02,TWSE,2420,新巨,55.4,59.0,55.2,58.0,1734967.0
2026-10-02,TWSE,2421,建準,162.0,164.5,160.5,164.0,1500134.0
2026-10-02,TWSE,2423,固緯,72.0,72.0,70.3,71.6,155965.0
2026-10-02,TWSE,2424,隴華,8.02,8.43,8.02,8.16,29020.0
2026-10-02,TWSE,2425,承啟,37.55,38.2,37.55,37.75,472709.0
2026-10-02,TWSE,2426,鼎元,106.5,111.5,102.0,103.0,60579280.0
2026-10-02,TWSE,2427,三商電,23.35,23.5,23.25,23.3,326919.0
2026-10-02,TWSE,2428,興勤,253.0,263.0,253.0,261.0,1837260.0
2026-10-02,TWSE,2429,銘旺科,30.8,31.4,30.6,30.75,174885.0
2026-10-02,TWSE,2430,燦坤,18.15,18.2,18.05,18.1,20062.0
2026-10-02,TWSE,2431,聯昌,10.15,10.15,10.05,10.15,52066.0
2026-10-02,TWSE,2432,倚天酷碁-創,27.7,27.7,27.6,27.6,2204.0
2026-10-02,TWSE,2433,互盛電,40.45,40.45,40.05,40.2,27552.0
2026-10-02,TWSE,2434,統懋,65.8,65.9,62.5,62.9,470446.0
2026-10-02,TWSE,2436,偉詮電,74.2,75.5,73.9,74.0,5128346.0
2026-10-02,TWSE,2438,翔耀,19.9,20.25,19.7,19.95,68287.0
2026-10-02,TWSE,2439,美律,77.3,77.5,76.2,76.5,1185652.0
2026-10-02,TWSE,2440,太空梭,14.3,14.4,14.25,14.4,106400.0
2026-10-02,TWSE,2441,超豐,125.5,125.5,123.0,124.5,2286709.0
2026-10-02,TWSE,2442,新美齊,14.35,14.4,14.25,14.3,584765.0
2026-10-02,TWSE,2444,兆勁,15.4,15.8,15.0,15.0,2798688.0
2026-10-02,TWSE,2449,京元電子,298.0,298.5,292.0,296.0,14832156.0
2026-10-02,TWSE,2450,神腦,28.3,28.35,28.2,28.3,57825.0
2026-10-02,TWSE,2451,創見,292.0,292.0,287.0,289.5,1342152.0
2026-10-02,TWSE,2453,凌群,53.7,53.8,53.2,53.3,181828.0
2026-10-02,TWSE,2454,聯發科,4875.0,4980.0,4875.0,4980.0,4378234.0
2026-10-02,TWSE,2455,全新,552.0,552.0,530.0,546.0,2010853.0
2026-10-02,TWSE,2457,飛宏,22.4,22.4,22.0,22.05,875354.0
2026-10-02,TWSE,2458,義隆,137.0,139.0,136.0,138.5,1517721.0
2026-10-02,TWSE,2459,敦吉,64.9,65.0,64.5,64.9,65989.0
2026-10-02,TWSE,2460,建通,30.6,30.7,29.9,30.6,182478.0
2026-10-02,TWSE,2461,光群雷,18.0,18.0,17.25,17.4,630493.0
2026-10-02,TWSE,2462,良得電,19.95,19.95,19.75,19.9,53335.0
2026-10-02,TWSE,2464,盟立,193.5,195.5,189.5,193.5,8277531.0
2026-10-02,TWSE,2465,麗臺,91.5,93.6,90.0,93.2,1460228.0
2026-10-02,TWSE,2466,冠西電,128.0,136.0,127.0,128.5,5280903.0
2026-10-02,TWSE,2467,志聖,545.0,555.0,537.0,543.0,878273.0
2026-10-02,TWSE,2468,華經,45.5,45.6,44.3,44.55,993907.0
2026-10-02,TWSE,2471,資通,51.9,52.0,51.7,52.0,92092.0
2026-10-02,TWSE,2472,立隆電,213.5,229.0,213.5,226.0,5071180.0
2026-10-02,TWSE,2474,可成,206.0,208.0,206.0,207.5,1387154.0
2026-10-02,TWSE,2476,鉅祥,123.5,123.5,120.5,123.0,858837.0
2026-10-02,TWSE,2477,美隆電,23.35,23.35,22.85,23.1,175918.0
2026-10-02,TWSE,2478,大毅,120.5,128.5,120.5,124.5,6254538.0
2026-10-02,TWSE,2480,敦陽科,160.5,160.5,159.0,160.0,87403.0
2026-10-02,TWSE,2481,強茂,172.0,179.0,171.5,177.5,23859129.0
2026-10-02,TWSE,2482,連宇,16.5,16.5,16.25,16.3,57932.0
2026-10-02,TWSE,2483,百容,36.15,37.45,34.3,36.6,5737472.0
2026-10-02,TWSE,2484,希華,78.4,85.8,77.3,84.6,40048717.0
2026-10-02,TWSE,2485,兆赫,41.75,41.75,40.4,40.5,2456324.0
2026-10-02,TWSE,2486,一詮,241.0,259.0,241.0,248.5,8667512.0
2026-10-02,TWSE,2488,漢平,48.85,49.2,48.8,48.95,28095.0
2026-10-02,TWSE,2489,瑞軒,42.0,42.05,40.6,40.65,12754502.0
2026-10-02,TWSE,2491,吉祥全,41.05,41.25,40.0,40.5,513778.0
2026-10-02,TWSE,2492,華新科,302.5,329.0,302.5,329.0,51670689.0
2026-10-02,TWSE,2493,揚博,197.5,200.0,195.5,197.0,988907.0
2026-10-02,TWSE,2495,普安,39.4,39.4,38.5,38.6,864591.0
2026-10-02,TWSE,2496,卓越,55.1,55.1,55.0,55.1,15908.0
2026-10-02,TWSE,2497,怡利電,44.95,44.95,43.9,44.0,207894.0
2026-10-02,TWSE,2498,宏達電,43.5,46.85,43.5,43.7,23409453.0
2026-10-02,TWSE,2501,國建,21.15,21.25,20.95,21.05,1745076.0
2026-10-02,TWSE,2504,國產,30.7,30.75,30.55,30.55,1242464.0
2026-10-02,TWSE,2505,國揚,16.95,17.05,16.95,17.05,97110.0
2026-10-02,TWSE,2506,太設,8.43,8.43,8.37,8.43,293255.0
2026-10-02,TWSE,2509,全坤建,14.2,14.3,14.1,14.3,58505.0
2026-10-02,TWSE,2511,太子,8.34,8.34,8.29,8.32,413104.0
2026-10-02,TWSE,2514,龍邦,11.65,11.7,11.5,11.6,51071.0
2026-10-02,TWSE,2515,中工,11.9,12.0,11.85,11.95,1882455.0
2026-10-02,TWSE,2516,新建,15.3,15.3,15.05,15.15,115002.0
2026-10-02,TWSE,2520,冠德,36.5,36.95,36.4,36.75,1180983.0
2026-10-02,TWSE,2524,京城,34.7,34.7,34.25,34.6,25371.0
2026-10-02,TWSE,2527,宏璟,50.0,50.0,48.4,49.1,842203.0
2026-10-02,TWSE,2528,皇普,19.35,19.35,19.25,19.25,121117.0
2026-10-02,TWSE,2530,華建,20.05,20.1,19.9,20.05,193533.0
2026-10-02,TWSE,2534,宏盛,16.85,16.85,16.7,16.85,205842.0
2026-10-02,TWSE,2535,達欣工,89.3,89.3,88.7,88.9,166962.0
2026-10-02,TWSE,2536,宏普,19.25,19.25,19.1,19.1,398618.0
2026-10-02,TWSE,2537,聯上發,11.2,11.2,11.05,11.1,1015171.0
2026-10-02,TWSE,2538,基泰,8.95,8.95,8.8,8.83,251192.0
2026-10-02,TWSE,2539,櫻花建,34.5,34.5,34.0,34.25,661576.0
2026-10-02,TWSE,2540,愛山林,48.6,49.0,48.15,48.85,167264.0
2026-10-02,TWSE,2542,興富發,38.6,38.75,38.15,38.4,11207800.0
2026-10-02,TWSE,2543,皇昌,38.7,38.7,38.15,38.2,547540.0
2026-10-02,TWSE,2545,皇翔,34.15,34.55,34.15,34.2,44791.0
2026-10-02,TWSE,2546,根基,105.0,106.0,104.5,106.0,119687.0
2026-10-02,TWSE,2547,日勝生,9.8,9.82,9.78,9.78,724577.0
2026-10-02,TWSE,2548,華固,92.0,92.3,91.7,91.8,575056.0
2026-10-02,TWSE,2597,潤弘,168.0,168.0,167.0,167.5,272552.0
2026-10-02,TWSE,2603,長榮,238.0,239.0,235.5,238.0,5955064.0
2026-10-02,TWSE,2605,新興,35.55,35.55,35.15,35.4,4547958.0
2026-10-02,TWSE,2606,裕民,74.0,74.2,73.1,73.5,1729086.0
2026-10-02,TWSE,2607,榮運,53.8,53.8,53.4,53.8,188561.0
2026-10-02,TWSE,2608,嘉里大榮,28.6,28.8,28.6,28.8,85896.0
2026-10-02,TWSE,2609,陽明,58.9,59.4,58.7,58.8,12469577.0
2026-10-02,TWSE,2610,華航,20.45,20.45,20.15,20.3,11977056.0
2026-10-02,TWSE,2611,志信,14.3,14.45,14.3,14.35,236913.0
2026-10-02,TWSE,2612,中航,61.5,62.2,61.0,61.4,131957.0
2026-10-02,TWSE,2613,中櫃,22.25,22.35,22.05,22.2,97537.0
2026-10-02,TWSE,2614,東森,19.3,19.35,19.0,19.25,2033832.0
2026-10-02,TWSE,2615,萬海,113.0,113.5,111.5,112.5,4209797.0
2026-10-02,TWSE,2616,山隆,13.3,13.3,13.25,13.3,31106.0
2026-10-02,TWSE,2617,台航,31.45,31.45,30.9,31.1,792762.0
2026-10-02,TWSE,2618,長榮航,42.4,42.7,41.85,42.2,17575412.0
2026-10-02,TWSE,2630,亞航,47.15,47.3,46.85,46.85,403948.0
2026-10-02,TWSE,2633,台灣高鐵,25.7,25.8,25.6,25.8,2936139.0
2026-10-02,TWSE,2634,漢翔,64.0,64.7,63.8,64.4,4805802.0
2026-10-02,TWSE,2636,台驊控股,71.2,71.2,70.3,70.7,181358.0
2026-10-02,TWSE,2637,慧洋-KY,96.5,96.5,95.2,95.3,2302502.0
2026-10-02,TWSE,2642,宅配通,20.4,20.4,20.3,20.35,20158.0
2026-10-02,TWSE,2645,長榮航太,174.5,175.5,173.5,174.0,674343.0
2026-10-02,TWSE,2646,星宇航空,20.15,20.2,20.05,20.15,2336074.0
2026-10-02,TWSE,2701,萬企,10.35,10.35,10.2,10.3,52791.0
2026-10-02,TWSE,2702,華園,12.25,12.35,12.2,12.35,37177.0
2026-10-02,TWSE,2704,國賓,45.65,45.7,44.9,45.15,77222.0
2026-10-02,TWSE,2705,六福,15.1,15.25,15.05,15.15,104397.0
2026-10-02,TWSE,2706,第一店,12.15,12.2,12.15,12.2,15089.0
2026-10-02,TWSE,2707,晶華,175.5,176.0,175.0,176.0,78822.0
2026-10-02,TWSE,2712,遠雄來,13.35,13.35,13.35,13.35,3200.0
2026-10-02,TWSE,2722,夏都,21.9,21.9,21.3,21.45,26529.0
2026-10-02,TWSE,2723,美食-KY,77.0,77.8,76.6,77.5,142418.0
2026-10-02,TWSE,2727,王品,236.0,236.0,233.5,235.0,150961.0
2026-10-02,TWSE,2731,雄獅,144.5,144.5,143.0,144.0,91631.0
2026-10-02,TWSE,2739,寒舍,37.0,37.0,36.15,36.5,70879.0
2026-10-02,TWSE,2748,雲品,38.8,39.2,38.8,39.1,162917.0
2026-10-02,TWSE,2753,八方雲集,180.5,184.0,180.5,183.5,385921.0
2026-10-02,TWSE,2762,世界健身-KY,79.4,79.4,77.6,78.4,116056.0
2026-10-02,TWSE,2801,彰銀,27.65,27.65,27.1,27.55,17913790.0
2026-10-02,TWSE,2812,台中銀,18.9,18.95,18.75,18.8,11214795.0
2026-10-02,TWSE,2816,旺旺保,40.5,40.5,39.6,39.65,374701.0
2026-10-02,TWSE,2820,華票,16.85,16.85,16.7,16.75,2353366.0
2026-10-02,TWSE,2832,台產,56.9,56.9,56.5,56.8,83583.0
2026-10-02,TWSE,2834,臺企銀,17.75,17.75,17.4,17.5,37318805.0
2026-10-02,TWSE,2836,高雄銀,12.1,12.1,12.0,12.05,1872757.0
2026-10-02,TWSE,2838,聯邦銀,20.6,20.9,20.45,20.65,2848143.0
2026-10-02,TWSE,2845,遠東銀,13.1,13.15,12.95,13.1,14841518.0
2026-10-02,TWSE,2849,安泰銀,15.95,16.05,15.8,16.0,54065.0
2026-10-02,TWSE,2850,新產,162.5,162.5,156.0,157.0,649343.0
2026-10-02,TWSE,2851,中再保,47.2,47.2,45.7,46.1,3396289.0
2026-10-02,TWSE,2852,第一保,27.8,27.8,27.55,27.6,380754.0
2026-10-02,TWSE,2855,統一證,56.5,56.7,54.7,56.4,4222173.0
2026-10-02,TWSE,2880,華南金,45.15,45.4,44.0,45.25,13395509.0
2026-10-02,TWSE,2881,富邦金,151.0,151.5,147.5,150.5,18246085.0
2026-10-02,TWSE,2882,國泰金,112.0,112.0,109.0,110.5,20285318.0
2026-10-02,TWSE,2883,凱基金,38.6,38.75,36.4,36.9,124035181.0
2026-10-02,TWSE,2884,玉山金,44.8,45.45,44.2,45.35,29162352.0
2026-10-02,TWSE,2885,元大金,68.5,68.5,66.5,67.4,23394934.0
2026-10-02,TWSE,2886,兆豐金,49.0,49.15,48.4,48.85,30290335.0
2026-10-02,TWSE,2887,台新新光金,41.9,41.9,40.1,41.25,82708620.0
2026-10-02,TWSE,2889,國票金,16.5,16.55,16.05,16.15,11163653.0
2026-10-02,TWSE,2890,永豐金,44.25,44.35,43.1,43.65,22127376.0
2026-10-02,TWSE,2891,中信金,68.1,68.4,67.1,67.9,28647138.0
2026-10-02,TWSE,2892,第一金,38.35,38.9,38.15,38.7,18760717.0
2026-10-02,TWSE,2897,王道銀行,10.95,10.95,10.65,10.8,8785321.0
2026-10-02,TWSE,2901,欣欣,24.15,24.8,24.15,24.8,36636.0
2026-10-02,TWSE,2903,遠百,22.15,22.15,21.85,21.95,1960447.0
2026-10-02,TWSE,2904,匯僑,12.6,12.7,12.6,12.7,6487.0
2026-10-02,TWSE,2905,三商,18.3,18.3,17.9,18.05,1176639.0
2026-10-02,TWSE,2906,高林,13.35,13.4,13.3,13.4,40114.0
2026-10-02,TWSE,2908,特力,22.05,22.1,22.0,22.1,260894.0
2026-10-02,TWSE,2910,統領,23.6,23.6,23.6,23.6,1000.0
2026-10-02,TWSE,2911,麗嬰房,6.08,6.24,6.0,6.14,90769.0
2026-10-02,TWSE,2912,統一超,212.0,212.5,210.5,212.5,2207660.0
2026-10-02,TWSE,2913,農林,11.1,11.1,11.0,11.1,345222.0
2026-10-02,TWSE,2915,潤泰全,58.7,58.8,57.7,58.3,1152943.0
2026-10-02,TWSE,2923,鼎固-KY,25.45,25.45,25.15,25.4,44485.0
2026-10-02,TWSE,2929,淘帝-KY,5.83,5.83,5.77,5.81,34652.0
2026-10-02,TWSE,2939,永邑-KY,21.9,22.0,21.5,21.95,24032.0
2026-10-02,TWSE,2945,三商家購,39.8,39.95,39.55,39.9,21688.0
2026-10-02,TWSE,3002,歐格,19.2,20.05,19.05,19.45,397346.0
2026-10-02,TWSE,3003,健和興,60.4,60.4,59.5,59.8,205478.0
2026-10-02,TWSE,3004,豐達科,119.5,123.5,119.0,121.0,488162.0
2026-10-02,TWSE,3005,神基,117.0,117.5,116.5,117.5,975079.0
2026-10-02,TWSE,3006,晶豪科,285.0,285.0,279.0,281.0,6910568.0
2026-10-02,TWSE,3008,大立光,5950.0,6225.0,5740.0,6205.0,2312558.0
2026-10-02,TWSE,3010,華立,126.0,127.0,125.0,126.0,392956.0
2026-10-02,TWSE,3011,今皓,10.2,10.2,9.96,10.05,291227.0
2026-10-02,TWSE,3013,晟銘電,87.1,94.0,85.8,94.0,5259584.0
2026-10-02,TWSE,3014,聯陽,141.5,144.0,141.0,142.0,1276071.0
2026-10-02,TWSE,3015,全漢,55.2,55.3,54.3,54.6,338875.0
2026-10-02,TWSE,3016,嘉晶,169.0,169.0,162.5,168.0,5580762.0
2026-10-02,TWSE,3017,奇鋐,3435.0,3520.0,3300.0,3510.0,3303220.0
2026-10-02,TWSE,3018,隆銘綠能,12.0,12.25,11.9,12.25,23483.0
2026-10-02,TWSE,3019,亞光,136.5,137.5,135.5,137.0,1848644.0
2026-10-02,TWSE,3021,鴻名,28.45,29.15,28.1,28.15,1240592.0
2026-10-02,TWSE,3022,威強電,92.3,93.4,91.6,92.6,863351.0
2026-10-02,TWSE,3023,信邦,306.5,309.5,305.0,309.0,715936.0
2026-10-02,TWSE,3024,憶聲,14.4,14.4,14.05,14.1,562192.0
2026-10-02,TWSE,3025,星通,56.0,58.1,55.7,58.1,706836.0
2026-10-02,TWSE,3026,禾伸堂,796.0,870.0,796.0,852.0,18518160.0
2026-10-02,TWSE,3027,盛達,18.95,19.0,18.5,18.7,115914.0
2026-10-02,TWSE,3028,增你強,62.9,62.9,62.0,62.1,560567.0
2026-10-02,TWSE,3029,零壹,120.0,120.5,118.5,119.0,920932.0
2026-10-02,TWSE,3030,德律,281.5,290.0,278.5,289.0,1666287.0
2026-10-02,TWSE,3031,佰鴻,30.6,31.5,30.1,30.5,2758118.0
2026-10-02,TWSE,3032,偉訓,78.9,79.9,78.4,79.3,310689.0
2026-10-02,TWSE,3033,威健,42.8,42.8,42.3,42.4,1485998.0
2026-10-02,TWSE,3034,聯詠,546.0,551.0,541.0,547.0,2451830.0
2026-10-02,TWSE,3035,智原,210.0,214.0,208.5,213.0,4389347.0
2026-10-02,TWSE,3036,文曄,206.0,213.0,205.0,212.5,9949553.0
2026-10-02,TWSE,3037,欣興,1195.0,1230.0,1170.0,1215.0,15498297.0
2026-10-02,TWSE,3038,全台,20.9,20.9,20.6,20.9,203975.0
2026-10-02,TWSE,3040,遠見,33.85,33.9,33.4,33.4,175521.0
2026-10-02,TWSE,3041,揚智,24.35,25.3,24.35,24.65,1067759.0
2026-10-02,TWSE,3042,晶技,210.0,224.0,207.5,218.5,34574954.0
2026-10-02,TWSE,3043,科風,20.35,20.35,20.15,20.25,58243.0
2026-10-02,TWSE,3044,健鼎,523.0,529.0,521.0,529.0,1557583.0
2026-10-02,TWSE,3045,台灣大,120.0,122.0,119.5,122.0,5834785.0
2026-10-02,TWSE,3046,建碁,53.5,53.6,53.2,53.5,95148.0
2026-10-02,TWSE,3047,訊舟,14.75,14.75,14.45,14.5,461361.0
2026-10-02,TWSE,3048,益登,51.7,52.9,51.7,52.8,1773847.0
2026-10-02,TWSE,3049,精金,12.65,12.65,12.2,12.3,4037187.0
2026-10-02,TWSE,3050,鈺德,11.85,11.9,11.6,11.75,949207.0
2026-10-02,TWSE,3051,力特,23.5,23.5,22.95,23.0,465031.0
2026-10-02,TWSE,3052,夆典,10.4,10.55,10.4,10.45,388657.0
2026-10-02,TWSE,3054,立萬利,59.2,59.6,58.5,59.6,123164.0
2026-10-02,TWSE,3055,蔚華科,208.0,212.0,202.0,210.0,1429994.0
2026-10-02,TWSE,3056,富華新,13.85,13.85,13.7,13.75,422164.0
2026-10-02,TWSE,3057,喬鼎,16.4,16.45,15.9,15.9,117456.0
2026-10-02,TWSE,3058,立德,8.2,8.21,8.14,8.15,280976.0
2026-10-02,TWSE,3059,華晶科,39.0,39.0,38.15,38.3,1140406.0
2026-10-02,TWSE,3060,銘異,28.15,29.4,28.15,28.3,1766140.0
2026-10-02,TWSE,3062,建漢,22.65,22.8,22.15,22.25,1441699.0
2026-10-02,TWSE,3090,日電貿,162.0,171.5,162.0,169.0,8362101.0
2026-10-02,TWSE,3092,鴻碩,24.7,24.9,24.0,24.3,756516.0
2026-10-02,TWSE,3094,聯傑,61.8,67.7,61.7,67.7,29571938.0
2026-10-02,TWSE,3130,一零四,209.0,210.0,208.5,210.0,64449.0
2026-10-02,TWSE,3135,凌航,159.0,159.0,157.0,157.0,326702.0
2026-10-02,TWSE,3138,耀登,100.0,100.5,98.5,99.0,365535.0
2026-10-02,TWSE,3149,正達,74.3,76.1,72.2,74.3,37136003.0
2026-10-02,TWSE,3150,鈺寶-創,15.7,15.8,15.45,15.7,32133.0
2026-10-02,TWSE,3164,景岳,16.5,16.6,16.5,16.5,30213.0
2026-10-02,TWSE,3167,大量,908.0,975.0,908.0,975.0,9021626.0
2026-10-02,TWSE,3168,眾福科,42.8,43.05,42.8,43.05,3155.0
2026-10-02,TWSE,3189,景碩,976.0,1020.0,964.0,1010.0,32224071.0
2026-10-02,TWSE,3209,全科,45.4,45.65,45.35,45.35,553669.0
2026-10-02,TWSE,3229,晟鈦,59.0,59.3,57.2,59.0,1070262.0
2026-10-02,TWSE,3231,緯創,186.5,191.5,185.5,190.5,59140014.0
2026-10-02,TWSE,3257,虹冠電,49.7,50.3,49.6,49.7,164320.0
2026-10-02,TWSE,3266,昇陽,14.0,14.0,13.8,14.0,19178.0
2026-10-02,TWSE,3296,勝德,28.6,28.6,28.1,28.6,71403.0
2026-10-02,TWSE,3305,昇貿,106.5,107.5,105.0,106.0,660406.0
2026-10-02,TWSE,3308,聯德,22.35,22.9,22.25,22.75,84857.0
2026-10-02,TWSE,3311,閎暉,42.35,45.15,42.1,45.15,7066254.0
2026-10-02,TWSE,3312,弘憶股,52.4,52.4,51.4,51.5,570384.0
2026-10-02,TWSE,3321,同泰,18.25,18.4,18.0,18.3,139857.0
2026-10-02,TWSE,3338,泰碩,68.0,69.0,67.2,67.9,340858.0
2026-10-02,TWSE,3346,麗清,24.3,24.3,23.8,24.0,434042.0
2026-10-02,TWSE,3356,奇偶,66.4,66.5,65.5,65.7,212121.0
2026-10-02,TWSE,3376,新日興,175.0,175.5,174.0,174.0,1408149.0
2026-10-02,TWSE,3380,明泰,32.0,32.0,31.25,31.3,2569518.0
2026-10-02,TWSE,3406,玉晶光,885.0,973.0,871.0,950.0,6290699.0
2026-10-02,TWSE,3413,京鼎,294.5,296.0,290.0,293.0,545674.0
2026-10-02,TWSE,3416,融程電,163.5,166.5,161.0,166.5,408797.0
2026-10-02,TWSE,3419,譁裕,12.05,12.3,11.85,11.85,241818.0
2026-10-02,TWSE,3432,台端,15.0,15.0,14.75,14.75,51427.0
2026-10-02,TWSE,3437,榮創,22.45,22.95,21.95,22.05,1527483.0
2026-10-02,TWSE,3443,創意,8040.0,8100.0,7730.0,7900.0,718321.0
2026-10-02,TWSE,3447,展達,28.0,28.0,27.65,27.65,27060.0
2026-10-02,TWSE,3450,聯鈞,525.0,529.0,508.0,515.0,5342360.0
2026-10-02,TWSE,3481,群創,55.5,55.5,51.8,52.3,465129700.0
2026-10-02,TWSE,3494,誠研,7.08,7.09,7.02,7.09,44109.0
2026-10-02,TWSE,3501,維熹,37.7,37.75,37.6,37.7,55355.0
2026-10-02,TWSE,3504,揚明光,79.2,81.8,79.2,80.2,1338044.0
2026-10-02,TWSE,3515,華擎,214.0,216.0,212.5,215.0,326295.0
2026-10-02,TWSE,3518,柏騰,42.15,45.15,40.15,40.35,18736885.0
2026-10-02,TWSE,3528,安馳,85.1,87.9,85.1,86.9,407144.0
2026-10-02,TWSE,3530,晶相光,59.7,59.9,58.9,59.0,84403.0
2026-10-02,TWSE,3532,台勝科,475.0,497.5,465.5,474.0,9721232.0
2026-10-02,TWSE,3533,嘉澤,1780.0,1865.0,1760.0,1855.0,2677060.0
2026-10-02,TWSE,3535,晶彩科,92.0,92.3,90.4,91.3,587800.0
2026-10-02,TWSE,3543,州巧,51.3,51.8,50.5,51.1,2685192.0
2026-10-02,TWSE,3545,敦泰,52.5,53.0,51.6,51.6,662736.0
2026-10-02,TWSE,3550,聯穎,25.9,26.7,25.7,25.7,2399524.0
2026-10-02,TWSE,3557,嘉威,23.05,23.1,22.85,23.1,27269.0
2026-10-02,TWSE,3563,牧德,820.0,825.0,750.0,754.0,2874564.0
2026-10-02,TWSE,3576,聯合再生,19.9,20.1,18.5,18.5,55900173.0
2026-10-02,TWSE,3583,辛耘,713.0,728.0,703.0,707.0,684194.0
2026-10-02,TWSE,3588,通嘉,54.2,59.2,54.2,59.2,611029.0
2026-10-02,TWSE,3591,艾笛森,27.55,28.2,26.7,26.9,1378569.0
2026-10-02,TWSE,3592,瑞鼎,238.0,241.5,237.0,238.0,1116128.0
2026-10-02,TWSE,3593,力銘,11.75,11.75,10.5,11.5,20260.0
2026-10-02,TWSE,3596,智易,154.0,154.0,152.0,153.0,560797.0
2026-10-02,TWSE,3605,宏致,171.0,179.0,168.5,178.0,11986946.0
2026-10-02,TWSE,3607,谷崧,14.0,14.0,13.85,13.95,127845.0
2026-10-02,TWSE,3617,碩天,242.5,244.0,241.5,243.0,86640.0
2026-10-02,TWSE,3622,洋華,46.1,46.1,45.85,45.9,83314.0
2026-10-02,TWSE,3645,達邁,75.9,76.0,73.8,74.2,3575306.0
2026-10-02,TWSE,3652,精聯,34.35,34.6,33.8,34.5,56085.0
2026-10-02,TWSE,3653,健策,6720.0,6895.0,6665.0,6875.0,616931.0
2026-10-02,TWSE,3661,世芯-KY,3770.0,3820.0,3735.0,3765.0,953454.0
2026-10-02,TWSE,3665,貿聯-KY,2595.0,2625.0,2510.0,2555.0,3055668.0
2026-10-02,TWSE,3669,圓展,33.15,33.55,32.75,33.4,248576.0
2026-10-02,TWSE,3673,TPK-KY,73.7,75.8,71.7,73.3,26102941.0
2026-10-02,TWSE,3679,新至陞,108.0,109.0,107.5,108.5,64247.0
2026-10-02,TWSE,3686,達能,16.55,16.8,15.8,16.0,486960.0
2026-10-02,TWSE,3694,海華,51.6,51.6,51.1,51.2,283839.0
2026-10-02,TWSE,3701,大眾控,46.25,50.4,43.9,50.4,8814066.0
2026-10-02,TWSE,3702,大聯大,115.0,119.5,114.0,119.0,9434235.0
2026-10-02,TWSE,3703,欣陸,19.55,19.65,19.5,19.55,308715.0
2026-10-02,TWSE,3704,合勤控,40.8,40.8,40.05,40.05,1609432.0
2026-10-02,TWSE,3705,永信,56.6,56.8,56.2,56.7,75603.0
2026-10-02,TWSE,3706,神達,79.9,82.3,79.6,82.1,12817231.0
2026-10-02,TWSE,3708,上緯投控,98.5,99.4,97.6,98.9,306248.0
2026-10-02,TWSE,3711,日月光投控,700.0,710.0,693.0,710.0,8885905.0
2026-10-02,TWSE,3712,永崴投控,20.65,20.7,20.45,20.65,358923.0
2026-10-02,TWSE,3714,富采,70.0,70.5,68.0,68.8,10454787.0
2026-10-02,TWSE,3715,定穎投控,128.0,129.0,125.0,129.0,4697705.0
2026-10-02,TWSE,3716,中化控股,34.3,34.3,33.85,34.0,156287.0
2026-10-02,TWSE,3717,聯嘉投控,27.5,28.2,27.05,27.35,8871822.0
2026-10-02,TWSE,4104,佳醫,72.7,72.7,72.3,72.7,80457.0
2026-10-02,TWSE,4106,雃博,24.2,24.25,23.95,24.1,155555.0
2026-10-02,TWSE,4108,懷特,11.5,11.55,11.4,11.5,50723.0
2026-10-02,TWSE,4119,旭富,55.8,55.9,55.1,55.7,65763.0
2026-10-02,TWSE,4133,亞諾法,20.6,20.65,20.4,20.65,30488.0
2026-10-02,TWSE,4137,麗豐-KY,77.2,77.8,76.2,76.3,96735.0
2026-10-02,TWSE,4142,國光生,18.3,18.35,18.05,18.1,554793.0
2026-10-02,TWSE,4148,全宇生技-KY,32.0,32.0,31.6,31.8,25747.0
2026-10-02,TWSE,4155,訊映,14.75,14.85,14.6,14.85,274351.0
2026-10-02,TWSE,4164,承業醫,27.35,27.45,26.95,27.1,355144.0
2026-10-02,TWSE,4169,泰宗,152.5,152.5,149.0,151.0,55654.0
2026-10-02,TWSE,4178,永笙-KY,17.0,18.35,17.0,18.35,913402.0
2026-10-02,TWSE,4190,佐登-KY,24.75,25.0,24.75,25.0,10274.0
2026-10-02,TWSE,4195,基米-創,15.85,15.85,15.35,15.7,174365.0
2026-10-02,TWSE,4306,炎洲,14.6,14.7,14.45,14.45,1003498.0
2026-10-02,TWSE,4414,如興,8.14,8.16,8.07,8.11,146069.0
2026-10-02,TWSE,4426,利勤,7.61,7.73,7.53,7.66,70001.0
2026-10-02,TWSE,4438,廣越,57.6,57.7,57.0,57.2,26288.0
2026-10-02,TWSE,4439,冠星-KY,98.5,98.5,97.0,97.7,6015.0
2026-10-02,TWSE,4440,宜新實業,17.45,17.55,17.45,17.55,30000.0
2026-10-02,TWSE,4441,振大環球,171.0,171.0,170.0,170.0,30869.0
2026-10-02,TWSE,4526,東台,34.9,36.9,34.15,34.4,8738505.0
2026-10-02,TWSE,4532,瑞智,24.8,24.85,24.65,24.8,530666.0
2026-10-02,TWSE,4536,拓凱,160.5,162.0,160.0,162.0,132564.0
2026-10-02,TWSE,4540,全球傳動,62.3,62.5,61.3,61.8,1519386.0
2026-10-02,TWSE,4545,銘鈺,39.1,40.75,38.5,39.4,1012709.0
2026-10-02,TWSE,4551,智伸科,175.0,175.0,168.5,172.5,1565007.0
2026-10-02,TWSE,4552,力達-KY,15.75,15.75,15.5,15.65,66636.0
2026-10-02,TWSE,4555,氣立,42.2,42.6,41.6,42.3,75083.0
2026-10-02,TWSE,4557,永新-KY,50.3,50.3,50.1,50.3,35344.0
2026-10-02,TWSE,4560,強信-KY,29.85,29.85,29.3,29.4,229000.0
2026-10-02,TWSE,4562,穎漢,30.9,31.4,30.45,30.95,114402.0
2026-10-02,TWSE,4564,元翎,16.5,16.5,16.05,16.3,332041.0
2026-10-02,TWSE,4566,時碩工業,74.3,77.2,74.3,75.2,3816528.0
2026-10-02,TWSE,4569,六方科-KY,156.5,156.5,153.0,155.0,19365.0
2026-10-02,TWSE,4571,鈞興-KY,152.5,154.0,152.5,154.0,56720.0
2026-10-02,TWSE,4572,駐龍,138.5,140.5,138.5,138.5,11521.0
2026-10-02,TWSE,4576,大銀微系統,237.0,238.5,230.5,237.5,1065162.0
2026-10-02,TWSE,4581,光隆精密-KY,47.75,47.85,47.75,47.85,3045.0
2026-10-02,TWSE,4582,聚恆-創,22.5,22.5,22.2,22.4,33230.0
2026-10-02,TWSE,4583,台灣精銳,426.0,426.5,413.5,419.5,79949.0
2026-10-02,TWSE,4585,達明,292.0,294.5,290.0,294.5,96701.0
2026-10-02,TWSE,4588,玖鼎電力,55.4,55.8,55.2,55.8,22386.0
2026-10-02,TWSE,4590,富田-創,89.0,89.0,88.1,88.2,133483.0
2026-10-02,TWSE,4720,德淵,19.35,19.35,19.0,19.05,304048.0
2026-10-02,TWSE,4722,國精化,196.5,209.5,194.5,209.5,2273814.0
2026-10-02,TWSE,4736,泰博,131.5,131.5,129.0,130.0,97667.0
2026-10-02,TWSE,4737,華廣,55.3,56.1,55.0,55.4,38645.0
2026-10-02,TWSE,4739,康普,88.4,88.5,86.2,87.5,1654514.0
2026-10-02,TWSE,4746,台耀,49.0,49.3,48.6,49.0,444421.0
2026-10-02,TWSE,4755,三福化,118.0,119.0,116.0,119.0,155047.0
2026-10-02,TWSE,4763,材料*-KY,48.8,48.9,46.85,46.85,11589391.0
2026-10-02,TWSE,4764,雙鍵,193.0,193.0,182.5,185.0,1155256.0
2026-10-02,TWSE,4766,南寶,340.0,342.5,339.5,342.5,73624.0
2026-10-02,TWSE,4770,上品,278.5,281.5,273.5,275.0,871633.0
2026-10-02,TWSE,4771,望隼,214.5,214.5,212.5,213.5,51963.0
2026-10-02,TWSE,4807,日成-KY,29.15,29.8,29.1,29.8,60509.0
2026-10-02,TWSE,4904,遠傳,103.5,105.0,103.0,105.0,3201796.0
2026-10-02,TWSE,4906,正文,41.85,42.05,39.85,40.5,11744264.0
2026-10-02,TWSE,4912,聯德控股-KY,100.0,110.0,100.0,107.0,1798906.0
2026-10-02,TWSE,4915,致伸,63.8,65.0,63.1,65.0,2662280.0
2026-10-02,TWSE,4916,事欣科,105.0,105.5,103.0,103.0,1928234.0
2026-10-02,TWSE,4919,新唐,140.5,152.0,139.0,152.0,21151511.0
2026-10-02,TWSE,4927,泰鼎-KY,44.5,44.6,43.6,43.8,1834309.0
2026-10-02,TWSE,4930,燦星網,15.9,16.0,15.85,15.95,32140.0
2026-10-02,TWSE,4934,太極,14.9,14.9,14.5,14.5,487149.0
2026-10-02,TWSE,4935,茂林-KY,34.2,34.25,33.1,34.05,131289.0
2026-10-02,TWSE,4938,和碩,90.1,90.2,89.2,90.2,6887853.0
2026-10-02,TWSE,4942,嘉彰,31.9,31.9,31.45,31.8,89195.0
2026-10-02,TWSE,4943,康控-KY,6.93,6.93,6.6,6.67,50554.0
2026-10-02,TWSE,4949,有成精密,76.1,77.0,75.5,75.9,269362.0
2026-10-02,TWSE,4952,凌通,49.1,50.5,48.7,49.65,304454.0
2026-10-02,TWSE,4956,光鋐,46.5,49.6,46.2,47.25,21286091.0
2026-10-02,TWSE,4958,臻鼎-KY,512.0,522.0,498.5,510.0,31694640.0
2026-10-02,TWSE,4960,誠美材,24.4,24.6,23.6,23.9,5391096.0
2026-10-02,TWSE,4961,天鈺,179.5,189.0,179.5,186.0,2413984.0
2026-10-02,TWSE,4967,十銓,276.5,276.5,271.5,272.0,1098693.0
2026-10-02,TWSE,4968,立積,97.6,103.5,97.0,101.0,2244713.0
2026-10-02,TWSE,4976,佳凌,36.0,36.95,36.0,36.05,847068.0
2026-10-02,TWSE,4977,眾達-KY,168.0,171.0,167.5,170.5,1199078.0
2026-10-02,TWSE,4989,榮科,61.0,61.5,60.4,61.1,1665543.0
2026-10-02,TWSE,4994,傳奇,81.8,82.5,81.4,81.6,10235.0
2026-10-02,TWSE,4999,鑫禾,17.95,17.95,17.65,17.65,68134.0
2026-10-02,TWSE,5007,三星,56.4,56.4,56.3,56.4,8786.0
2026-10-02,TWSE,5203,訊連,58.5,58.6,57.8,58.2,69274.0
2026-10-02,TWSE,5215,科嘉-KY,39.85,39.85,37.75,37.75,31621.0
2026-10-02,TWSE,5222,全訊,107.5,107.5,105.5,106.5,118037.0
2026-10-02,TWSE,5225,東科-KY,55.1,55.6,55.1,55.5,64304.0
2026-10-02,TWSE,5234,達興材料,311.0,311.5,302.0,302.5,458163.0
2026-10-02,TWSE,5236,凌陽創新,137.0,138.0,136.5,137.0,65712.0
2026-10-02,TWSE,5243,乙盛-KY,92.0,93.4,90.7,93.2,1158249.0
2026-10-02,TWSE,5244,弘凱,35.4,35.85,35.3,35.75,48300.0
2026-10-02,TWSE,5258,虹堡,42.55,42.55,41.65,42.25,236387.0
2026-10-02,TWSE,5269,祥碩,1465.0,1480.0,1455.0,1475.0,208165.0
2026-10-02,TWSE,5283,禾聯碩,52.9,53.0,52.6,53.0,18316.0
2026-10-02,TWSE,5284,jpp-KY,303.0,303.0,297.0,298.0,160096.0
2026-10-02,TWSE,5285,界霖,91.0,94.2,90.2,94.2,1550671.0
2026-10-02,TWSE,5288,豐祥-KY,184.5,192.5,184.5,190.0,344431.0
2026-10-02,TWSE,5292,華懋,228.5,240.0,228.5,237.0,489503.0
2026-10-02,TWSE,5306,桂盟,88.5,88.5,87.8,88.4,186616.0
2026-10-02,TWSE,5388,中磊,71.6,71.7,70.7,71.3,2516492.0
2026-10-02,TWSE,5434,崇越,556.0,567.0,550.0,567.0,750830.0
2026-10-02,TWSE,5469,瀚宇博,74.1,74.8,73.5,74.6,1285551.0
2026-10-02,TWSE,5471,松翰,52.8,53.4,52.3,52.4,784557.0
2026-10-02,TWSE,5484,慧友,39.7,39.9,39.15,39.2,122331.0
2026-10-02,TWSE,5515,建國,52.1,52.1,51.0,51.5,293058.0
2026-10-02,TWSE,5519,隆大,25.3,25.3,25.1,25.15,77809.0
2026-10-02,TWSE,5521,工信,10.6,10.65,10.5,10.65,942139.0
2026-10-02,TWSE,5522,遠雄,61.0,61.3,60.8,60.8,467206.0
2026-10-02,TWSE,5525,順天,22.0,22.0,21.8,21.9,57058.0
2026-10-02,TWSE,5531,鄉林,6.93,6.93,6.86,6.91,423058.0
2026-10-02,TWSE,5533,皇鼎,13.85,13.95,13.8,13.9,100100.0
2026-10-02,TWSE,5534,長虹,73.2,73.5,73.0,73.3,505887.0
2026-10-02,TWSE,5538,東明-KY,36.4,36.45,35.8,35.95,45837.0
2026-10-02,TWSE,5546,永固-KY,14.2,14.2,13.6,13.85,64484.0
2026-10-02,TWSE,5607,遠雄港,52.4,52.4,51.6,51.9,442373.0
2026-10-02,TWSE,5608,四維航,17.0,17.1,16.7,17.0,1736303.0
2026-10-02,TWSE,5706,鳳凰,44.3,44.3,44.0,44.2,34462.0
2026-10-02,TWSE,5871,中租-KY,107.0,107.5,106.0,107.5,7876457.0
2026-10-02,TWSE,5876,上海商銀,48.95,49.1,47.9,48.4,10364447.0
2026-10-02,TWSE,5880,合庫金,26.1,26.1,25.65,26.0,17025431.0
2026-10-02,TWSE,5906,台南-KY,41.3,41.3,41.3,41.3,1000.0
2026-10-02,TWSE,5907,大洋-KY,4.81,4.85,4.76,4.8,233385.0
2026-10-02,TWSE,6005,群益證,32.15,32.15,31.4,31.9,8047795.0
2026-10-02,TWSE,6024,群益期,60.4,60.4,59.7,59.9,271843.0
2026-10-02,TWSE,6108,競國,25.25,26.35,24.8,25.0,2564254.0
2026-10-02,TWSE,6112,邁達特,48.1,48.1,47.4,47.7,513036.0
2026-10-02,TWSE,6115,鎰勝,43.95,44.1,43.95,44.05,73924.0
2026-10-02,TWSE,6116,彩晶,16.4,16.45,15.5,15.65,122735728.0
2026-10-02,TWSE,6117,迎廣,62.6,62.6,61.6,62.3,158239.0
2026-10-02,TWSE,6120,達運,15.3,15.4,14.45,14.75,32148411.0
2026-10-02,TWSE,6128,上福,19.25,19.25,19.15,19.25,16167.0
2026-10-02,TWSE,6133,金橋,29.55,31.0,29.3,29.3,10855089.0
2026-10-02,TWSE,6136,富爾特,25.25,25.3,25.1,25.25,390720.0
2026-10-02,TWSE,6139,亞翔,761.0,768.0,750.0,759.0,3014465.0
2026-10-02,TWSE,6141,柏承,51.8,53.4,50.8,52.2,1323629.0
2026-10-02,TWSE,6142,友勁,9.4,9.4,9.09,9.17,734389.0
2026-10-02,TWSE,6152,百一,15.35,15.45,15.05,15.45,1040623.0
2026-10-02,TWSE,6153,嘉聯益,18.2,18.55,17.7,17.8,3966841.0
2026-10-02,TWSE,6155,鈞寶,64.2,69.6,64.2,69.6,10413045.0
2026-10-02,TWSE,6164,華興,12.65,12.7,12.45,12.55,192930.0
2026-10-02,TWSE,6165,浪凡,50.5,50.9,49.5,49.6,284325.0
2026-10-02,TWSE,6166,凌華,132.5,133.5,128.5,130.0,1276252.0
2026-10-02,TWSE,6168,宏齊,45.7,47.0,45.7,47.0,5130479.0
2026-10-02,TWSE,6176,瑞儀,91.6,92.0,90.8,91.4,1062269.0
2026-10-02,TWSE,6177,達麗,46.85,47.2,46.2,46.65,1612608.0
2026-10-02,TWSE,6183,關貿,91.0,92.3,91.0,92.3,11899.0
2026-10-02,TWSE,6184,大豐電,40.3,40.4,40.05,40.4,32765.0
2026-10-02,TWSE,6189,豐藝,50.4,50.6,49.8,50.2,243441.0
2026-10-02,TWSE,6191,精成科,84.3,84.4,83.8,84.3,1084592.0
2026-10-02,TWSE,6192,巨路,109.0,110.0,108.5,110.0,130793.0
2026-10-02,TWSE,6196,帆宣,588.0,602.0,579.0,602.0,1948826.0
2026-10-02,TWSE,6197,佳必琪,327.0,331.5,324.0,330.0,1809543.0
2026-10-02,TWSE,6201,亞弘電,44.5,44.55,44.15,44.55,22383.0
2026-10-02,TWSE,6202,盛群,58.6,60.7,58.6,60.1,3638957.0
2026-10-02,TWSE,6205,詮欣,70.8,74.1,70.2,71.8,1310192.0
2026-10-02,TWSE,6206,飛捷,139.5,140.0,138.5,139.0,281465.0
2026-10-02,TWSE,6209,今國光,82.0,83.8,81.1,82.7,9114038.0
2026-10-02,TWSE,6213,聯茂,623.0,643.0,611.0,642.0,14504834.0
2026-10-02,TWSE,6214,精誠,188.0,189.5,188.0,189.0,732126.0
2026-10-02,TWSE,6215,和椿,98.0,98.0,96.5,97.1,269464.0
2026-10-02,TWSE,6216,居易,19.85,19.85,19.65,19.75,60632.0
2026-10-02,TWSE,6224,聚鼎,79.6,82.9,79.1,81.7,1382127.0
2026-10-02,TWSE,6225,天瀚,66.9,66.9,66.9,66.9,168037.0
2026-10-02,TWSE,6226,光鼎,44.55,48.0,44.55,48.0,4543123.0
2026-10-02,TWSE,6230,尼得科超眾,111.0,111.0,110.0,111.0,37943.0
2026-10-02,TWSE,6235,華孚,38.9,39.2,38.8,39.15,205162.0
2026-10-02,TWSE,6239,力成,290.0,293.0,288.0,292.5,7278591.0
2026-10-02,TWSE,6243,迅杰,39.5,41.55,39.5,40.55,943422.0
2026-10-02,TWSE,6257,矽格,251.0,259.0,249.0,256.5,10058604.0
2026-10-02,TWSE,6269,台郡,66.5,66.5,64.5,65.0,2357712.0
2026-10-02,TWSE,6271,同欣電,226.0,232.0,225.5,230.5,2948143.0
2026-10-02,TWSE,6272,驊陞,25.65,25.65,25.05,25.2,178660.0
2026-10-02,TWSE,6277,宏正,76.4,77.9,76.4,77.7,157780.0
2026-10-02,TWSE,6278,台表科,218.0,219.5,214.0,216.5,4156845.0
2026-10-02,TWSE,6281,全國電,51.0,51.1,50.6,51.1,41841.0
2026-10-02,TWSE,6282,康舒,43.5,43.7,43.2,43.3,3597560.0
2026-10-02,TWSE,6283,淳安,19.5,19.55,19.15,19.3,45310.0
2026-10-02,TWSE,6285,啟碁,235.0,236.5,233.0,235.5,1866928.0
2026-10-02,TWSE,6405,悅城,45.1,45.1,45.1,45.1,1637248.0
2026-10-02,TWSE,6409,旭隼,907.0,907.0,889.0,891.0,175120.0
2026-10-02,TWSE,6412,群電,74.7,75.6,74.3,74.6,551443.0
2026-10-02,TWSE,6414,樺漢,392.5,405.0,388.0,402.5,1615318.0
2026-10-02,TWSE,6415,矽力*-KY,410.5,413.5,406.5,413.0,1082903.0
2026-10-02,TWSE,6416,瑞祺電通,116.0,121.0,115.5,120.5,1336888.0
2026-10-02,TWSE,6426,統新,343.0,345.5,330.0,339.5,2159773.0
2026-10-02,TWSE,6431,光麗-KY,17.5,17.65,16.9,17.6,91812.0
2026-10-02,TWSE,6438,迅得,165.0,167.0,163.5,164.5,714358.0
2026-10-02,TWSE,6442,光聖,1500.0,1515.0,1465.0,1480.0,1019944.0
2026-10-02,TWSE,6443,元晶,28.7,28.75,27.8,27.9,4764648.0
2026-10-02,TWSE,6446,藥華藥,1235.0,1240.0,1165.0,1170.0,2506975.0
2026-10-02,TWSE,6449,鈺邦,211.5,230.0,211.5,230.0,2592335.0
2026-10-02,TWSE,6451,訊芯-KY,422.0,422.5,412.5,413.0,858989.0
2026-10-02,TWSE,6456,GIS-KY,91.9,92.0,86.1,87.9,20200523.0
2026-10-02,TWSE,6464,台數科,76.8,77.0,76.8,77.0,10970.0
2026-10-02,TWSE,6472,保瑞,436.0,445.5,426.5,429.5,737615.0
2026-10-02,TWSE,6477,安集,35.65,35.65,34.7,34.8,643318.0
2026-10-02,TWSE,6491,晶碩,413.0,421.5,409.0,421.5,654214.0
2026-10-02,TWSE,6504,南六,37.3,37.3,37.05,37.2,16155.0
2026-10-02,TWSE,6505,台塑化,97.5,98.7,92.8,94.2,27316952.0
2026-10-02,TWSE,6515,穎崴,6025.0,6060.0,5755.0,5770.0,436839.0
2026-10-02,TWSE,6525,捷敏-KY,135.5,138.5,135.0,136.5,738981.0
2026-10-02,TWSE,6526,達發,834.0,843.0,818.0,829.0,621003.0
2026-10-02,TWSE,6531,愛普*,931.0,937.0,914.0,933.0,1859447.0
2026-10-02,TWSE,6533,晶心科,346.0,366.5,337.0,366.5,16660559.0
2026-10-02,TWSE,6534,正瀚-創,91.4,91.4,90.1,90.8,13448.0
2026-10-02,TWSE,6541,泰福-KY,31.5,31.5,30.1,30.25,385265.0
2026-10-02,TWSE,6550,北極星藥業-KY,17.8,17.8,17.4,17.5,512868.0
2026-10-02,TWSE,6552,易華電,25.1,25.15,24.9,25.1,27778.0
2026-10-02,TWSE,6558,興能高,25.0,25.45,25.0,25.35,139942.0
2026-10-02,TWSE,6573,虹揚-KY,16.4,16.4,16.2,16.3,77678.0
2026-10-02,TWSE,6579,研揚,160.0,160.5,157.5,160.5,225157.0
2026-10-02,TWSE,6581,鋼聯,108.0,109.0,108.0,108.0,14133.0
2026-10-02,TWSE,6582,申豐,31.2,31.3,31.1,31.3,8739.0
2026-10-02,TWSE,6585,鼎基,104.0,104.0,102.0,102.5,134485.0
2026-10-02,TWSE,6589,台康生技,53.3,53.5,52.1,52.4,554109.0
2026-10-02,TWSE,6591,動力-KY,42.9,43.6,42.65,43.1,57174.0
2026-10-02,TWSE,6592,和潤企業,56.9,57.1,56.6,57.0,704165.0
2026-10-02,TWSE,6598,ABC-KY,26.85,27.2,26.25,26.65,265199.0
2026-10-02,TWSE,6605,帝寶,138.0,139.5,136.5,139.0,276197.0
2026-10-02,TWSE,6606,建德工業,25.1,25.1,24.9,25.0,35000.0
2026-10-02,TWSE,6614,資拓宏宇,35.2,35.3,35.2,35.3,8118.0
2026-10-02,TWSE,6625,必應,73.7,74.1,73.7,74.0,57097.0
2026-10-02,TWSE,6641,基士德-KY,16.8,16.9,16.8,16.9,6000.0
2026-10-02,TWSE,6645,金萬林-創,12.7,12.75,12.6,12.75,8943.0
2026-10-02,TWSE,6655,科定,,,,,465.0
2026-10-02,TWSE,6657,華安,33.2,33.2,32.1,32.6,63107.0
2026-10-02,TWSE,6658,聯策,181.0,183.0,178.5,181.0,162459.0
2026-10-02,TWSE,6666,羅麗芬-KY,45.95,45.95,45.95,45.95,1201.0
2026-10-02,TWSE,6668,中揚光,47.05,48.45,46.5,47.1,2134337.0
2026-10-02,TWSE,6669,緯穎,2095.0,2115.0,2095.0,2110.0,1259173.0
2026-10-02,TWSE,6670,復盛應用,272.0,273.0,270.0,271.0,208364.0
2026-10-02,TWSE,6671,三能-KY,23.05,23.05,22.75,22.85,34000.0
2026-10-02,TWSE,6672,騰輝電子-KY,376.5,405.5,369.5,405.5,18447532.0
2026-10-02,TWSE,6674,鋐寶科技,18.35,18.35,18.3,18.35,183356.0
2026-10-02,TWSE,6689,伊雲谷,65.0,65.1,64.1,64.2,142347.0
2026-10-02,TWSE,6691,洋基工程,727.0,748.0,719.0,733.0,1746877.0
2026-10-02,TWSE,6695,芯鼎,54.9,56.8,54.9,55.4,905563.0
2026-10-02,TWSE,6698,旭暉應材,32.65,32.65,32.2,32.25,199960.0
2026-10-02,TWSE,6706,惠特,152.0,160.5,152.0,154.5,7046801.0
2026-10-02,TWSE,6715,嘉基,445.0,453.0,430.0,453.0,536514.0
2026-10-02,TWSE,6719,力智,187.5,191.0,186.5,188.0,492395.0
2026-10-02,TWSE,6722,輝創,32.5,32.5,32.0,32.5,24527.0
2026-10-02,TWSE,6742,澤米,56.9,58.2,55.1,55.6,967057.0
2026-10-02,TWSE,6743,安普新,32.0,33.5,31.8,33.5,1118714.0
2026-10-02,TWSE,6753,龍德造船,133.5,133.5,132.0,133.0,251815.0
2026-10-02,TWSE,6754,匯僑設計,41.6,41.65,41.0,41.0,16320.0
2026-10-02,TWSE,6756,威鋒電子,99.4,101.5,98.0,98.0,118518.0
2026-10-02,TWSE,6757,台灣虎航,53.9,53.9,53.4,53.4,331003.0
2026-10-02,TWSE,6768,志強-KY,63.0,63.4,62.5,63.3,106131.0
2026-10-02,TWSE,6770,力積電,74.4,74.9,73.3,74.5,92791273.0
2026-10-02,TWSE,6771,平和環保-創,42.6,43.1,42.5,43.0,59156.0
2026-10-02,TWSE,6776,展碁國際,52.8,52.8,52.2,52.8,60431.0
2026-10-02,TWSE,6781,AES-KY,1020.0,1025.0,1010.0,1025.0,173934.0
2026-10-02,TWSE,6782,視陽,242.0,242.0,236.0,237.5,242118.0
2026-10-02,TWSE,6789,采鈺,496.5,505.0,482.0,489.0,1576642.0
2026-10-02,TWSE,6790,永豐實,37.8,37.8,37.55,37.65,128014.0
2026-10-02,TWSE,6792,詠業,59.0,59.5,58.7,59.0,13037.0
2026-10-02,TWSE,6794,向榮生技,70.8,73.2,70.2,73.2,20126.0
2026-10-02,TWSE,6796,晉弘,54.0,54.0,53.1,53.1,18544.0
2026-10-02,TWSE,6799,來頡,91.8,93.7,91.5,92.2,324626.0
2026-10-02,TWSE,6805,富世達,2475.0,2510.0,2335.0,2390.0,2121012.0
2026-10-02,TWSE,6807,峰源-KY,31.9,32.35,31.6,32.3,15057.0
2026-10-02,TWSE,6830,汎銓,535.0,542.0,530.0,531.0,794025.0
2026-10-02,TWSE,6831,邁科,474.0,490.5,472.0,474.5,701310.0
2026-10-02,TWSE,6834,天二科技,110.0,119.5,110.0,119.5,9597928.0
2026-10-02,TWSE,6835,圓裕,31.15,31.3,31.0,31.15,14178.0
2026-10-02,TWSE,6838,台新藥,25.8,25.9,25.4,25.8,149573.0
2026-10-02,TWSE,6854,錼創科技-KY創,94.6,95.6,92.4,93.7,209199.0
2026-10-02,TWSE,6861,睿生光電,317.5,324.5,288.0,292.0,5529447.0
2026-10-02,TWSE,6862,三集瑞-KY,139.0,147.0,139.0,142.0,341341.0
2026-10-02,TWSE,6863,永道-KY,95.7,96.0,95.0,95.5,53107.0
2026-10-02,TWSE,6869,雲豹能源,72.5,72.5,69.4,69.4,491626.0
2026-10-02,TWSE,6873,泓德能源,68.4,68.8,67.6,67.9,192440.0
2026-10-02,TWSE,6885,全福生技,31.7,32.15,31.15,31.5,728383.0
2026-10-02,TWSE,6887,寶綠特-KY,37.65,38.8,37.6,37.95,10317.0
2026-10-02,TWSE,6890,來億-KY,147.5,150.0,147.5,148.5,152759.0
2026-10-02,TWSE,6901,鑽石投資,16.85,17.3,16.55,16.65,2764815.0
2026-10-02,TWSE,6902,GOGOLOOK,160.5,160.5,155.0,155.0,390751.0
2026-10-02,TWSE,6906,現觀科,84.4,84.4,83.0,84.0,41424.0
2026-10-02,TWSE,6908,宏碁遊戲-創,26.6,29.3,26.6,27.5,174332.0
2026-10-02,TWSE,6909,創控,43.25,43.25,42.05,42.75,159114.0
2026-10-02,TWSE,6914,阜爾運通,119.0,119.0,118.0,118.0,75504.0
2026-10-02,TWSE,6916,華凌,18.55,18.9,18.5,18.5,13150.0
2026-10-02,TWSE,6918,愛派司,74.3,74.9,73.9,73.9,31233.0
2026-10-02,TWSE,6919,康霈*,79.4,80.7,79.0,79.1,2747160.0
2026-10-02,TWSE,6921,嘉雨思-創,66.9,67.0,66.4,66.4,11000.0
2026-10-02,TWSE,6923,中台,76.3,76.3,74.5,75.0,39363.0
2026-10-02,TWSE,6924,榮惠-KY創,133.0,136.0,132.0,134.0,20234.0
2026-10-02,TWSE,6928,攸泰科技,46.0,46.5,45.7,46.5,57589.0
2026-10-02,TWSE,6931,青松健康,38.9,39.1,38.9,38.9,34220.0
2026-10-02,TWSE,6933,AMAX-KY,370.0,404.5,369.5,394.5,3166449.0
2026-10-02,TWSE,6934,心誠鎂,75.4,76.7,75.2,75.2,54048.0
2026-10-02,TWSE,6936,永鴻生技,31.8,32.0,31.8,32.0,2095.0
2026-10-02,TWSE,6937,天虹,310.5,312.5,300.0,301.5,516330.0
2026-10-02,TWSE,6944,兆聯實業,776.0,807.0,776.0,800.0,653674.0
2026-10-02,TWSE,6947,台鎔科技,67.7,68.9,67.5,68.5,221733.0
2026-10-02,TWSE,6949,沛爾生醫*-創,50.0,50.8,49.0,49.4,2139054.0
2026-10-02,TWSE,6951,青新-創,69.3,69.5,69.3,69.4,19383.0
2026-10-02,TWSE,6952,大武山,38.75,38.8,38.75,38.8,5032.0
2026-10-02,TWSE,6955,邦睿生技-創,94.6,95.2,94.6,95.2,7407.0
2026-10-02,TWSE,6957,裕慶-KY,400.0,400.0,364.0,384.0,1907750.0
2026-10-02,TWSE,6958,日盛台駿,17.2,17.5,17.2,17.5,10277.0
2026-10-02,TWSE,6962,奕力-KY,32.75,33.35,32.65,33.15,2751544.0
2026-10-02,TWSE,6965,中傑-KY,62.8,63.2,62.5,63.2,47737.0
2026-10-02,TWSE,6969,成信實業*-創,31.3,31.3,30.2,30.45,161667.0
2026-10-02,TWSE,6988,威力暘-創,11.55,11.65,11.4,11.65,94000.0
2026-10-02,TWSE,6994,富威電力,26.5,29.15,26.5,29.15,998022.0
2026-10-02,TWSE,7610,聯友金屬-創,1730.0,1820.0,1705.0,1780.0,526796.0
2026-10-02,TWSE,7631,聚賢研發-創,144.0,153.5,142.5,145.5,276501.0
2026-10-02,TWSE,7689,大鵬科CLMX,159.5,161.0,158.5,161.0,59530.0
2026-10-02,TWSE,7705,三商餐飲,29.8,29.8,29.7,29.7,21204.0
2026-10-02,TWSE,7711,永擎,561.0,616.0,551.0,616.0,1893247.0
2026-10-02,TWSE,7721,微程式,62.3,62.3,61.7,61.9,30611.0
2026-10-02,TWSE,7722,LINEPAY,261.0,261.0,259.5,260.0,26410.0
2026-10-02,TWSE,7730,暉盛-創,180.0,197.0,180.0,194.5,444008.0
2026-10-02,TWSE,7732,金興精密,33.15,33.2,33.15,33.2,6030.0
2026-10-02,TWSE,7736,虎山,68.6,69.0,68.6,68.7,58011.0
2026-10-02,TWSE,7740,熙特爾-創,106.5,108.0,102.0,102.5,169455.0
2026-10-02,TWSE,7749,意騰-KY,395.0,408.0,390.0,401.5,283560.0
2026-10-02,TWSE,7750,新代,1940.0,1940.0,1890.0,1895.0,97494.0
2026-10-02,TWSE,7760,享溫馨,32.55,32.7,32.5,32.5,42946.0
2026-10-02,TWSE,7765,中華資安,238.5,238.5,235.0,236.5,70820.0
2026-10-02,TWSE,7768,頌勝科技,299.5,304.0,289.0,301.0,121020.0
2026-10-02,TWSE,7769,鴻勁,5570.0,5650.0,5435.0,5490.0,487125.0
2026-10-02,TWSE,7780,大研生醫*,16.25,16.25,16.0,16.15,862735.0
2026-10-02,TWSE,7786,東方風能,118.0,119.0,117.5,118.5,77730.0
2026-10-02,TWSE,7788,松川精密,299.0,300.0,285.0,290.5,2530364.0
2026-10-02,TWSE,7791,皇家可口,55.1,55.1,54.7,54.8,58971.0
2026-10-02,TWSE,7795,長廣,490.5,536.0,483.0,536.0,1890557.0
2026-10-02,TWSE,7799,禾榮科,555.0,574.0,544.0,555.0,2198114.0
2026-10-02,TWSE,7803,雲象科技-創,17.95,17.95,17.55,17.8,40080.0
2026-10-02,TWSE,7812,稜研科技*-創,66.7,66.7,64.0,64.5,292086.0
2026-10-02,TWSE,7818,溢泰實業,60.0,60.1,59.7,60.1,55153.0
2026-10-02,TWSE,7821,神數,35.8,36.0,35.6,35.85,160670.0
2026-10-02,TWSE,7822,倍利科,1000.0,1020.0,979.0,1000.0,295608.0
2026-10-02,TWSE,7823,奧義賽博-KY創,80.2,80.2,79.1,79.9,53100.0
2026-10-02,TWSE,7827,漢康-KY創,165.0,170.5,163.5,165.0,352923.0
2026-10-02,TWSE,7835,永悅健康-創,19.6,19.95,19.6,19.75,98060.0
2026-10-02,TWSE,7855,和運租車,41.5,41.55,41.35,41.4,378013.0
2026-10-02,TWSE,8011,台通,16.1,16.1,16.0,16.05,127920.0
2026-10-02,TWSE,8016,矽創,287.0,288.5,285.0,288.5,499987.0
2026-10-02,TWSE,8021,尖點,487.0,503.0,487.0,503.0,1461511.0
2026-10-02,TWSE,8028,昇陽半導體,277.0,281.0,275.5,280.0,5165195.0
2026-10-02,TWSE,8033,雷虎,173.0,176.0,173.0,175.5,1716075.0
2026-10-02,TWSE,8039,台虹,297.0,297.5,285.0,288.5,30321735.0
2026-10-02,TWSE,8045,達運光電,54.2,55.5,53.8,54.7,174112.0
2026-10-02,TWSE,8046,南電,1390.0,1450.0,1370.0,1420.0,19869429.0
2026-10-02,TWSE,8070,長華*,50.3,50.5,50.0,50.2,885030.0
2026-10-02,TWSE,8072,陞泰,27.8,28.05,27.7,27.8,99062.0
2026-10-02,TWSE,8081,致新,253.0,256.0,252.0,255.0,411748.0
2026-10-02,TWSE,8101,華冠,11.0,11.05,11.0,11.05,5605.0
2026-10-02,TWSE,8103,瀚荃,122.0,125.0,119.0,124.0,4022075.0
2026-10-02,TWSE,8104,錸寶,32.1,32.15,31.5,31.7,217875.0
2026-10-02,TWSE,8105,凌巨,16.05,16.05,15.45,15.45,6433836.0
2026-10-02,TWSE,8110,華東,49.2,49.2,48.3,48.7,4341907.0
2026-10-02,TWSE,8112,至上,83.1,84.0,82.7,83.8,5690582.0
2026-10-02,TWSE,8114,振樺電,179.0,179.0,176.0,178.0,227586.0
2026-10-02,TWSE,8131,福懋科,63.1,63.1,61.9,62.5,1213878.0
2026-10-02,TWSE,8150,南茂,113.0,116.0,109.5,115.5,72187178.0
2026-10-02,TWSE,8162,微矽電子-創,66.8,68.3,66.1,68.0,422474.0
2026-10-02,TWSE,8163,達方,30.25,30.9,30.25,30.6,732384.0
2026-10-02,TWSE,8201,無敵,17.6,17.65,16.1,17.65,2774334.0
2026-10-02,TWSE,8210,勤誠,841.0,846.0,822.0,845.0,2063602.0
2026-10-02,TWSE,8213,志超,34.5,34.5,33.7,34.0,385406.0
2026-10-02,TWSE,8215,明基材,30.1,30.1,28.85,29.1,2446726.0
2026-10-02,TWSE,8222,寶一,36.0,36.0,35.5,35.55,112361.0
2026-10-02,TWSE,8249,菱光,39.5,39.6,39.3,39.4,99799.0
2026-10-02,TWSE,8261,富鼎,177.0,184.0,177.0,181.5,3960633.0
2026-10-02,TWSE,8271,宇瞻,203.0,203.0,200.5,201.0,696257.0
2026-10-02,TWSE,8341,日友,74.4,74.4,74.2,74.2,106612.0
2026-10-02,TWSE,8367,建新國際,40.45,40.8,40.25,40.8,13706.0
2026-10-02,TWSE,8374,羅昇,78.0,78.0,76.4,76.9,116667.0
2026-10-02,TWSE,8404,百和興業-KY,13.3,13.35,13.2,13.3,316826.0
2026-10-02,TWSE,8411,福貞-KY,11.8,11.9,11.75,11.9,82100.0
2026-10-02,TWSE,8422,可寧衛*,26.0,26.0,25.5,25.6,2860578.0
2026-10-02,TWSE,8429,金麗-KY,5.91,5.91,5.87,5.91,97112.0
2026-10-02,TWSE,8438,昶昕,81.3,82.4,80.1,80.9,508451.0
2026-10-02,TWSE,8442,威宏-KY,44.75,45.6,44.7,45.6,22328.0
2026-10-02,TWSE,8443,阿瘦,11.05,11.1,11.05,11.1,7906.0
2026-10-02,TWSE,8454,富邦媒,241.0,241.5,238.5,239.0,233272.0
2026-10-02,TWSE,8462,柏文,159.0,160.5,153.5,157.0,122968.0
2026-10-02,TWSE,8463,潤泰材,21.25,21.25,21.15,21.2,17010.0
2026-10-02,TWSE,8464,億豐,367.0,368.5,362.5,362.5,188926.0
2026-10-02,TWSE,8466,美吉吉-KY,15.0,15.4,15.0,15.15,15000.0
2026-10-02,TWSE,8467,波力-KY,87.1,88.1,87.1,88.1,6320.0
2026-10-02,TWSE,8473,山林水,39.75,39.75,39.0,39.05,391226.0
2026-10-02,TWSE,8476,台境*,20.1,20.4,20.05,20.3,256988.0
2026-10-02,TWSE,8478,東哥遊艇,141.5,141.5,139.5,141.5,46001.0
2026-10-02,TWSE,8481,政伸,40.7,40.7,40.6,40.65,9000.0
2026-10-02,TWSE,8482,商億-KY,48.85,48.85,48.85,48.85,1000.0
2026-10-02,TWSE,8487,愛爾達-創,70.5,70.9,70.0,70.3,27430.0
2026-10-02,TWSE,8488,吉源-KY,9.82,9.86,9.82,9.84,13415.0
2026-10-02,TWSE,8499,鼎炫-KY,263.0,263.0,255.0,256.0,8170.0
2026-10-02,TWSE,8926,台汽電,59.3,59.5,58.6,58.9,1154934.0
2026-10-02,TWSE,8940,新天地,15.15,15.15,15.0,15.05,11029.0
2026-10-02,TWSE,8996,高力,1515.0,1600.0,1470.0,1565.0,5416446.0
2026-10-02,TWSE,9103,美德醫療-DR,4.97,4.98,4.94,4.94,433054.0
2026-10-02,TWSE,9105,泰金寶-DR,8.54,8.56,8.43,8.45,10908550.0
2026-10-02,TWSE,9110,越南控-DR,3.08,3.08,2.98,2.98,7030.0
2026-10-02,TWSE,9136,巨騰-DR,9.14,9.15,9.04,9.13,135856.0
2026-10-02,TWSE,9802,鈺齊-KY,65.0,65.4,64.2,64.8,565927.0
2026-10-02,TWSE,9902,台火,13.3,13.3,13.05,13.2,158795.0
2026-10-02,TWSE,9904,寶成,24.85,24.9,24.7,24.85,8975716.0
2026-10-02,TWSE,9905,大華,21.3,21.4,21.3,21.4,43147.0
2026-10-02,TWSE,9906,欣巴巴,39.45,40.5,39.4,40.25,37220.0
2026-10-02,TWSE,9907,統一實,15.0,15.0,14.85,14.85,677777.0
2026-10-02,TWSE,9908,大台北,28.95,29.0,28.95,28.95,67493.0
2026-10-02,TWSE,9910,豐泰,69.1,69.2,68.3,68.8,875341.0
2026-10-02,TWSE,9911,櫻花,81.6,81.7,81.4,81.5,107539.0
2026-10-02,TWSE,9912,偉聯,12.9,12.95,12.9,12.95,12180.0
2026-10-02,TWSE,9914,美利達,68.3,68.6,67.6,68.3,789781.0
2026-10-02,TWSE,9917,中保科,106.0,106.5,105.5,106.5,204764.0
2026-10-02,TWSE,9918,欣天然,43.15,43.2,42.75,43.2,11928.0
2026-10-02,TWSE,9919,康那香,13.85,13.85,13.65,13.8,124594.0
2026-10-02,TWSE,9921,巨大,93.1,93.1,91.1,91.8,1035498.0
2026-10-02,TWSE,9924,福興,37.8,38.25,37.8,38.2,50617.0
2026-10-02,TWSE,9925,新保,39.55,39.7,39.45,39.55,319171.0
2026-10-02,TWSE,9926,新海,48.7,49.1,48.7,49.1,9000.0
2026-10-02,TWSE,9927,泰銘,64.7,64.7,63.7,64.0,748435.0
2026-10-02,TWSE,9928,中視,17.9,18.2,17.85,18.05,72144.0
2026-10-02,TWSE,9929,秋雨,11.15,11.15,11.05,11.1,2503247.0
2026-10-02,TWSE,9930,中聯資源,60.1,60.2,59.9,60.2,64546.0
2026-10-02,TWSE,9931,欣高,33.85,34.1,33.85,34.1,5120.0
2026-10-02,TWSE,9933,中鼎,40.6,42.0,40.6,41.65,3030280.0
2026-10-02,TWSE,9934,成霖,9.86,9.92,9.82,9.86,302566.0
2026-10-02,TWSE,9935,慶豐富,18.2,18.35,18.15,18.35,140355.0
2026-10-02,TWSE,9937,全國,54.2,54.5,54.2,54.5,14157.0
2026-10-02,TWSE,9938,百和,38.25,38.65,38.1,38.55,533525.0
2026-10-02,TWSE,9939,宏全,126.0,126.0,123.5,124.5,798328.0
2026-10-02,TWSE,9940,信義,20.1,20.2,20.05,20.05,150932.0
2026-10-02,TWSE,9941,裕融,77.9,78.1,77.2,77.9,1273517.0
2026-10-02,TWSE,9942,茂順,114.5,114.5,114.0,114.5,22539.0
2026-10-02,TWSE,9943,好樂迪,50.5,50.5,50.3,50.4,18138.0
2026-10-02,TWSE,9944,新麗,17.2,17.2,17.1,17.15,26896.0
2026-10-02,TWSE,9945,潤泰新,29.45,29.5,29.15,29.25,3828692.0
2026-10-02,TWSE,9946,三發地產,16.85,17.0,16.85,16.85,136072.0
2026-10-02,TWSE,9955,佳龍,23.0,23.3,23.0,23.1,115084.0
2026-10-02,TWSE,9958,世紀鋼,93.0,93.6,91.7,92.0,871632.0
2026-10-02,TPEX,1240,茂生農經,54.1,54.1,54.0,54.0,11381.0
2026-10-02,TPEX,1259,安心,68.0,68.4,68.0,68.0,4309.0
2026-10-02,TPEX,1264,德麥,244.5,246.0,244.0,245.0,16592.0
2026-10-02,TPEX,1268,漢來美食,178.5,178.5,177.0,177.5,17619.0
2026-10-02,TPEX,1294,漢田生技,49.3,49.75,49.3,49.75,19643.0
2026-10-02,TPEX,1295,生合,48.2,49.15,48.2,48.7,71601.0
2026-10-02,TPEX,1336,台翰,18.15,18.5,18.05,18.05,328948.0
2026-10-02,TPEX,1565,精華,96.7,97.9,96.7,97.2,139846.0
2026-10-02,TPEX,1569,濱川,64.0,68.6,63.1,66.5,7075333.0
2026-10-02,TPEX,1570,力肯,32.05,32.9,32.05,32.9,65355.0
2026-10-02,TPEX,1580,新麥,97.1,97.3,97.1,97.2,18877.0
2026-10-02,TPEX,1584,精剛,18.65,18.7,18.45,18.6,259403.0
2026-10-02,TPEX,1586,和勤,17.9,17.95,17.75,17.9,238351.0
2026-10-02,TPEX,1591,駿吉-KY,41.4,42.0,41.05,41.25,120605.0
2026-10-02,TPEX,1593,祺驊,31.7,31.8,31.65,31.7,16558.0
2026-10-02,TPEX,1595,川寶,83.1,83.2,79.0,79.3,2256376.0
2026-10-02,TPEX,1599,宏佳騰,23.2,23.2,22.95,23.2,25901.0
2026-10-02,TPEX,1742,台蠟,17.75,17.75,17.4,17.5,73233.0
2026-10-02,TPEX,1777,生泰,74.3,74.7,73.8,74.4,47110.0
2026-10-02,TPEX,1780,立弘,25.05,25.35,24.65,25.35,137063.0
2026-10-02,TPEX,1781,合世,9.99,9.99,9.9,9.99,24017.0
2026-10-02,TPEX,1784,訊聯,60.4,60.5,60.2,60.5,19349.0
2026-10-02,TPEX,1785,光洋科,101.0,103.5,100.0,102.5,7507319.0
2026-10-02,TPEX,1788,杏昌,128.0,128.0,127.5,128.0,13518.0
2026-10-02,TPEX,1796,金穎生技,30.75,30.75,29.7,29.9,9259.0
2026-10-02,TPEX,1799,易威,29.0,29.3,28.8,29.0,83164.0
2026-10-02,TPEX,1813,寶利徠,11.25,11.3,11.25,11.25,9348.0
2026-10-02,TPEX,1815,富喬,116.5,122.0,116.0,121.0,43203369.0
2026-10-02,TPEX,2035,唐榮,26.7,26.7,26.7,26.7,3002.0
2026-10-02,TPEX,2061,風青,60.8,67.8,60.0,67.8,5252626.0
2026-10-02,TPEX,2063,世鎧,23.65,23.8,23.3,23.65,72393.0
2026-10-02,TPEX,2064,晉椿,12.0,12.0,12.0,12.0,2000.0
2026-10-02,TPEX,2065,世豐,35.7,35.75,35.5,35.65,53039.0
2026-10-02,TPEX,2066,世德,52.5,52.5,52.1,52.5,7057.0
2026-10-02,TPEX,2067,嘉鋼,4.88,5.0,4.87,4.89,109272.0
2026-10-02,TPEX,2070,精湛,63.1,63.8,63.1,63.1,50859.0
2026-10-02,TPEX,2073,雄順,25.6,25.6,25.6,25.6,2000.0
2026-10-02,TPEX,2221,大甲,182.0,188.0,177.5,188.0,1034320.0
2026-10-02,TPEX,2230,泰茂,22.0,22.85,21.95,22.2,187392.0
2026-10-02,TPEX,2235,謚源,28.05,28.1,28.05,28.1,5119.0
2026-10-02,TPEX,2596,綠意,35.55,35.8,34.6,34.8,32706.0
2026-10-02,TPEX,2640,大車隊,156.0,156.5,155.5,156.5,8458.0
2026-10-02,TPEX,2641,正德,17.4,17.5,17.35,17.45,806220.0
2026-10-02,TPEX,2643,捷迅,61.8,62.0,61.8,62.0,9178.0
2026-10-02,TPEX,2718,全心投控,40.1,40.3,40.1,40.3,5295.0
2026-10-02,TPEX,2719,燦星旅,19.9,19.9,19.7,19.7,4000.0
2026-10-02,TPEX,2724,藝舍-KY,12.7,12.7,12.65,12.7,3042.0
2026-10-02,TPEX,2726,雅茗-KY,8.05,8.06,7.96,8.02,54792.0
2026-10-02,TPEX,2729,瓦城,156.0,156.0,154.5,155.5,7428.0
2026-10-02,TPEX,2732,六角,63.5,63.7,62.7,63.4,28642.0
2026-10-02,TPEX,2734,易飛網,14.3,14.4,14.3,14.4,30803.0
2026-10-02,TPEX,2736,富野,11.25,11.25,11.2,11.2,78618.0
2026-10-02,TPEX,2740,華軒,29.1,30.8,27.65,30.5,7841.0
2026-10-02,TPEX,2743,山富,52.9,52.9,52.2,52.7,32517.0
2026-10-02,TPEX,2745,五福,84.6,84.9,84.6,84.9,18934.0
2026-10-02,TPEX,2751,王座,,,,,0.0
2026-10-02,TPEX,2752,豆府,178.0,178.0,177.0,177.0,2781.0
2026-10-02,TPEX,2754,亞洲藏壽司,67.9,68.1,67.1,68.1,50073.0
2026-10-02,TPEX,2755,揚秦,99.0,99.8,98.6,98.7,30990.0
2026-10-02,TPEX,2756,聯發國際,61.1,62.4,61.1,61.9,16258.0
2026-10-02,TPEX,2916,滿心,40.6,40.65,40.55,40.65,17477.0
2026-10-02,TPEX,2924,宏太-KY,18.95,18.95,17.15,18.7,9081.0
2026-10-02,TPEX,2926,誠品生活,29.7,30.0,29.65,29.95,9150.0
2026-10-02,TPEX,2937,集雅社,44.7,44.95,44.7,44.95,5010.0
2026-10-02,TPEX,2938,床的世界,18.5,18.5,18.35,18.5,72997.0
2026-10-02,TPEX,2941,米斯特,31.45,31.45,30.15,30.15,2000.0
2026-10-02,TPEX,2947,振宇五金,60.5,62.4,60.5,60.8,16262.0
2026-10-02,TPEX,2948,寶陞,36.95,37.35,36.35,36.5,4000.0
2026-10-02,TPEX,2949,欣新網,65.2,65.2,65.2,65.2,1078.0
2026-10-02,TPEX,3064,泰偉,15.75,15.8,15.75,15.8,3160.0
2026-10-02,TPEX,3066,李洲,28.95,29.4,28.55,29.0,983429.0
2026-10-02,TPEX,3067,全域,,,,,0.0
2026-10-02,TPEX,3071,協禧,23.05,23.1,22.85,22.95,178256.0
2026-10-02,TPEX,3073,天方能源,20.6,20.85,20.6,20.6,18695.0
2026-10-02,TPEX,3078,僑威,45.6,46.2,45.35,45.95,393513.0
2026-10-02,TPEX,3081,聯亞,2780.0,2925.0,2735.0,2925.0,4649434.0
2026-10-02,TPEX,3083,網龍,24.0,24.0,23.65,23.75,77544.0
2026-10-02,TPEX,3086,華義*,27.4,28.4,27.4,28.4,114585.0
2026-10-02,TPEX,3088,艾訊,132.5,133.5,132.0,132.0,441382.0
2026-10-02,TPEX,3093,港建*,46.05,46.55,45.65,46.2,270790.0
2026-10-02,TPEX,3095,及成,33.2,33.2,33.1,33.1,2502.0
2026-10-02,TPEX,3105,穩懋,574.0,591.0,572.0,591.0,28497984.0
2026-10-02,TPEX,3114,好德,36.75,39.65,35.35,39.65,3600323.0
2026-10-02,TPEX,3115,富榮綱,8.48,8.48,8.0,8.39,29971.0
2026-10-02,TPEX,3118,進階,31.55,31.65,31.3,31.5,9549.0
2026-10-02,TPEX,3122,笙泉,24.4,24.4,24.0,24.2,34729.0
2026-10-02,TPEX,3128,昇銳,20.2,20.45,20.1,20.35,51917.0
2026-10-02,TPEX,3131,弘塑,2390.0,2465.0,2390.0,2430.0,349613.0
2026-10-02,TPEX,3141,晶宏,84.2,88.2,83.5,87.1,2461821.0
2026-10-02,TPEX,3147,大綜,266.0,273.0,255.0,264.5,2172348.0
2026-10-02,TPEX,3152,璟德,234.5,235.5,233.0,235.5,59417.0
2026-10-02,TPEX,3158,嘉實,84.5,86.0,84.5,86.0,24494.0
2026-10-02,TPEX,3162,精確,87.5,91.0,85.5,89.6,4335475.0
2026-10-02,TPEX,3163,波若威,667.0,716.0,667.0,713.0,8067176.0
2026-10-02,TPEX,3169,亞信,117.0,117.0,113.0,115.0,297145.0
2026-10-02,TPEX,3171,炎洲流通,57.3,57.3,56.5,56.7,40543.0
2026-10-02,TPEX,3176,基亞,37.5,37.55,37.05,37.55,223934.0
2026-10-02,TPEX,3178,公準,70.0,73.3,69.4,71.4,522972.0
2026-10-02,TPEX,3188,鑫龍騰,23.3,23.35,23.05,23.1,159959.0
2026-10-02,TPEX,3191,雲嘉南,16.85,17.75,16.8,17.45,59628.0
2026-10-02,TPEX,3205,佰研,46.7,47.3,46.5,47.2,28276.0
2026-10-02,TPEX,3206,志豐,34.05,34.6,33.8,34.0,54693.0
2026-10-02,TPEX,3207,耀勝,41.8,41.8,39.7,39.75,246742.0
2026-10-02,TPEX,3211,順達,396.0,402.0,391.0,397.0,2962147.0
2026-10-02,TPEX,3213,茂訊,124.0,124.5,121.5,123.0,378494.0
2026-10-02,TPEX,3217,優群,129.5,130.5,129.0,129.0,248590.0
2026-10-02,TPEX,3218,大學光,134.0,134.5,133.5,133.5,109499.0
2026-10-02,TPEX,3219,倚強科,132.5,132.5,126.5,128.5,893154.0
2026-10-02,TPEX,3221,台嘉碩,56.1,57.8,55.3,56.0,12921712.0
2026-10-02,TPEX,3224,三顧,31.2,31.3,30.9,31.25,27159.0
2026-10-02,TPEX,3226,龍鋒,64.8,64.8,62.3,63.1,38216.0
2026-10-02,TPEX,3227,原相,185.0,187.5,184.0,187.5,831360.0
2026-10-02,TPEX,3228,金麗科,183.0,183.0,174.0,175.5,443483.0
2026-10-02,TPEX,3230,錦明,42.95,42.95,41.75,41.95,304519.0
2026-10-02,TPEX,3232,昱捷,20.7,20.7,20.4,20.55,36401.0
2026-10-02,TPEX,3234,光環,174.5,184.0,174.5,181.5,4388524.0
2026-10-02,TPEX,3236,千如,51.4,53.4,51.4,53.4,9988999.0
2026-10-02,TPEX,3252,海灣,15.2,15.3,15.15,15.3,14674.0
2026-10-02,TPEX,3259,鑫創,12.85,12.85,12.85,12.85,83559.0
2026-10-02,TPEX,3260,威剛,384.0,385.5,379.5,382.0,3938729.0
2026-10-02,TPEX,3264,欣銓,245.0,247.5,241.5,245.0,11871383.0
2026-10-02,TPEX,3265,台星科,185.0,193.0,183.0,188.0,1625898.0
2026-10-02,TPEX,3268,海德威,21.6,21.65,21.45,21.65,82829.0
2026-10-02,TPEX,3272,東碩,13.9,14.1,13.85,14.1,39476.0
2026-10-02,TPEX,3276,宇環,14.0,14.55,14.0,14.5,186068.0
2026-10-02,TPEX,3284,太普高,19.85,20.1,19.5,20.1,142343.0
2026-10-02,TPEX,3285,微端,41.6,42.9,41.6,41.9,16680.0
2026-10-02,TPEX,3287,廣寰科,41.7,42.9,40.5,42.05,791229.0
2026-10-02,TPEX,3288,點晶,21.4,21.5,20.95,21.05,20840.0
2026-10-02,TPEX,3289,宜特,141.0,143.0,140.5,143.0,568098.0
2026-10-02,TPEX,3290,東浦,50.1,50.8,49.7,50.3,457413.0
2026-10-02,TPEX,3293,鈊象,819.0,819.0,778.0,791.0,3086330.0
2026-10-02,TPEX,3294,英濟,33.05,33.05,32.5,32.8,536471.0
2026-10-02,TPEX,3297,杭特,31.9,33.2,31.9,32.5,187562.0
2026-10-02,TPEX,3303,岱稜,49.3,49.3,48.5,48.8,136939.0
2026-10-02,TPEX,3306,鼎天,48.2,48.2,47.05,47.05,40262.0
2026-10-02,TPEX,3310,佳穎,69.1,69.1,67.6,67.6,9238.0
2026-10-02,TPEX,3313,斐成,10.6,10.7,10.5,10.5,73550.0
2026-10-02,TPEX,3317,尼克森,65.3,66.6,64.7,65.3,1845850.0
2026-10-02,TPEX,3322,建舜電,11.7,11.7,11.3,11.35,177120.0
2026-10-02,TPEX,3323,加百裕,29.4,30.45,29.4,30.35,679131.0
2026-10-02,TPEX,3324,雙鴻,1540.0,1560.0,1490.0,1505.0,3523532.0
2026-10-02,TPEX,3325,旭品,11.75,11.9,11.7,11.8,62552.0
2026-10-02,TPEX,3332,幸康,64.6,65.0,64.0,64.3,18118.0
2026-10-02,TPEX,3339,泰谷,45.6,47.3,44.9,47.0,2442015.0
2026-10-02,TPEX,3349,寶德,19.4,19.55,19.0,19.0,151234.0
2026-10-02,TPEX,3354,律勝,29.25,30.55,29.2,30.1,1631296.0
2026-10-02,TPEX,3357,臺慶科,213.0,219.0,211.5,215.5,1886164.0
2026-10-02,TPEX,3360,尚立,15.25,15.6,15.15,15.55,401063.0
2026-10-02,TPEX,3362,先進光,175.5,178.0,174.5,175.5,1669217.0
2026-10-02,TPEX,3363,上詮,656.0,680.0,652.0,671.0,3799707.0
2026-10-02,TPEX,3372,典範,16.5,17.05,16.45,16.9,1032954.0
2026-10-02,TPEX,3373,熱映,16.0,16.0,15.85,15.9,64233.0
2026-10-02,TPEX,3374,精材,457.0,467.5,454.0,467.5,1313946.0
2026-10-02,TPEX,3379,彬台,27.7,27.85,27.35,27.8,29922.0
2026-10-02,TPEX,3388,崇越電,84.3,85.3,84.3,84.5,354775.0
2026-10-02,TPEX,3390,旭軟,22.5,22.6,22.2,22.4,125768.0
2026-10-02,TPEX,3402,漢科,137.5,140.0,137.0,139.5,520593.0
2026-10-02,TPEX,3430,奇鈦科,112.5,119.0,112.5,113.5,830951.0
2026-10-02,TPEX,3434,哲固,31.45,31.5,31.1,31.2,56647.0
2026-10-02,TPEX,3438,類比科,61.6,62.9,61.1,62.0,116787.0
2026-10-02,TPEX,3441,聯一光,210.0,222.5,207.0,211.0,28129324.0
2026-10-02,TPEX,3444,利機,80.7,80.8,79.8,80.8,205927.0
2026-10-02,TPEX,3455,由田,287.0,295.0,277.0,280.0,6578410.0
2026-10-02,TPEX,3465,進泰電子,30.0,30.05,29.2,30.05,37084.0
2026-10-02,TPEX,3466,德晉,23.9,24.3,23.85,24.2,132751.0
2026-10-02,TPEX,3467,台灣精材,72.5,74.3,70.8,73.2,440906.0
2026-10-02,TPEX,3479,安勤,137.0,138.5,136.0,136.0,405511.0
2026-10-02,TPEX,3483,力致,78.4,81.6,77.9,80.9,586552.0
2026-10-02,TPEX,3484,崧騰,46.95,49.05,46.95,48.9,304494.0
2026-10-02,TPEX,3485,敘豐,213.0,216.0,210.5,216.0,105599.0
2026-10-02,TPEX,3489,森寶,23.9,23.9,23.05,23.2,155467.0
2026-10-02,TPEX,3490,單井,50.8,51.4,46.8,50.7,18648176.0
2026-10-02,TPEX,3491,昇達科,1480.0,1510.0,1475.0,1485.0,609364.0
2026-10-02,TPEX,3492,長盛,19.1,19.45,19.1,19.45,19000.0
2026-10-02,TPEX,3498,陽程,221.0,226.0,212.0,215.0,3040721.0
2026-10-02,TPEX,3499,環天科,13.3,13.8,13.05,13.8,81263.0
2026-10-02,TPEX,3508,位速,26.6,26.6,25.75,25.75,250836.0
2026-10-02,TPEX,3511,矽瑪,19.6,19.85,19.6,19.75,92105.0
2026-10-02,TPEX,3512,皇龍,19.05,19.15,19.05,19.1,19076.0
2026-10-02,TPEX,3516,亞帝歐,25.5,25.7,25.0,25.35,49019.0
2026-10-02,TPEX,3520,華盈,17.0,17.25,17.0,17.2,151892.0
2026-10-02,TPEX,3521,台鋼建設,11.85,11.95,11.6,11.8,21172.0
2026-10-02,TPEX,3522,御嵿,12.45,12.5,12.2,12.45,152256.0
2026-10-02,TPEX,3523,迎輝,13.7,14.6,13.7,14.3,28840.0
2026-10-02,TPEX,3526,凡甲,272.0,274.5,270.5,274.5,137636.0
2026-10-02,TPEX,3527,聚積,51.4,51.9,51.4,51.4,38206.0
2026-10-02,TPEX,3529,力旺,3245.0,3290.0,3160.0,3170.0,936184.0
2026-10-02,TPEX,3531,先益,21.15,21.15,21.15,21.15,5108.0
2026-10-02,TPEX,3537,堡達,58.6,59.4,56.6,56.8,2256008.0
2026-10-02,TPEX,3540,曜越,23.1,23.45,22.85,23.4,128744.0
2026-10-02,TPEX,3541,西柏,24.0,24.65,24.0,24.55,52351.0
2026-10-02,TPEX,3546,宇峻,73.1,73.2,72.7,73.0,87738.0
2026-10-02,TPEX,3548,兆利,76.5,77.3,76.3,77.2,145742.0
2026-10-02,TPEX,3551,世禾,197.0,203.0,195.5,199.5,3013121.0
2026-10-02,TPEX,3552,同致,45.55,47.0,45.1,45.8,845623.0
2026-10-02,TPEX,3555,博士旺,167.0,169.5,166.0,167.0,37982.0
2026-10-02,TPEX,3556,禾瑞亞,59.1,59.4,58.8,59.1,126409.0
2026-10-02,TPEX,3558,神準,128.5,133.0,128.5,131.0,306577.0
2026-10-02,TPEX,3564,其陽,51.8,56.1,50.8,56.1,1975553.0
2026-10-02,TPEX,3567,逸昌,26.5,26.5,26.2,26.2,47894.0
2026-10-02,TPEX,3570,大塚,170.5,170.5,169.5,170.0,19005.0
2026-10-02,TPEX,3577,泓格,115.0,115.5,114.0,114.5,189210.0
2026-10-02,TPEX,3580,友威科,108.0,110.0,107.5,108.5,752500.0
2026-10-02,TPEX,3581,博磊,115.5,122.0,115.5,118.5,619035.0
2026-10-02,TPEX,3587,閎康,242.5,246.0,242.0,245.0,511284.0
2026-10-02,TPEX,3594,磐儀,47.95,48.15,47.1,47.15,292038.0
2026-10-02,TPEX,3597,映興,27.85,27.95,27.65,27.7,25666.0
2026-10-02,TPEX,3609,三一東林,23.0,23.0,22.3,22.9,49245.0
2026-10-02,TPEX,3611,鼎翰,184.0,184.5,183.5,184.5,22027.0
2026-10-02,TPEX,3615,安可,43.25,46.8,43.05,45.0,4865182.0
2026-10-02,TPEX,3623,富晶通,30.6,30.85,29.15,30.55,399452.0
2026-10-02,TPEX,3624,光頡,151.0,157.5,147.0,148.5,40514443.0
2026-10-02,TPEX,3625,西勝,11.25,11.25,10.9,11.15,298014.0
2026-10-02,TPEX,3628,盈正,72.0,73.1,71.8,71.8,82943.0
2026-10-02,TPEX,3629,地心引力,14.95,15.0,14.6,14.6,8000.0
2026-10-02,TPEX,3630,新鉅科,26.9,27.15,25.95,26.8,521882.0
2026-10-02,TPEX,3631,晟楠,40.7,41.25,40.2,41.15,210227.0
2026-10-02,TPEX,3632,研勤,7.08,7.09,7.08,7.08,30732.0
2026-10-02,TPEX,3646,艾恩特,24.85,25.0,24.85,24.9,12008.0
2026-10-02,TPEX,3663,鑫科,65.0,65.4,64.5,64.8,443450.0
2026-10-02,TPEX,3664,安瑞-KY,8.85,8.85,8.31,8.31,13000.0
2026-10-02,TPEX,3666,光耀,25.3,25.3,24.95,25.3,114004.0
2026-10-02,TPEX,3672,康聯訊,12.1,12.25,12.1,12.25,5939.0
2026-10-02,TPEX,3675,德微,359.0,378.5,352.5,360.0,2978578.0
2026-10-02,TPEX,3680,家登,558.0,558.0,547.0,552.0,787906.0
2026-10-02,TPEX,3684,榮昌,,,,,696.0
2026-10-02,TPEX,3685,元創精密,34.65,36.4,33.9,36.0,1516197.0
2026-10-02,TPEX,3687,歐買尬,61.8,61.8,61.1,61.1,31490.0
2026-10-02,TPEX,3689,湧德,111.0,113.5,110.5,113.0,601860.0
2026-10-02,TPEX,3691,碩禾,112.5,114.0,109.5,113.0,1056454.0
2026-10-02,TPEX,3693,營邦,660.0,676.0,656.0,663.0,865860.0
2026-10-02,TPEX,3707,漢磊,77.5,85.2,76.3,85.2,35855880.0
2026-10-02,TPEX,3709,鑫聯大投控,66.0,66.0,65.2,65.5,194596.0
2026-10-02,TPEX,3710,連展投控,8.08,8.15,7.86,8.12,202476.0
2026-10-02,TPEX,3713,新晶投控,13.6,13.8,13.55,13.8,18540.0
2026-10-02,TPEX,3718,中光電投控,64.8,65.3,64.3,65.1,1255112.0
2026-10-02,TPEX,4102,永日,18.5,18.5,18.25,18.45,32197.0
2026-10-02,TPEX,4105,東洋,78.8,78.9,78.5,78.9,314185.0
2026-10-02,TPEX,4107,邦特,110.0,110.5,110.0,110.0,17575.0
2026-10-02,TPEX,4109,加捷生醫,10.95,11.0,10.9,11.0,66584.0
2026-10-02,TPEX,4111,濟生,28.85,29.0,28.55,29.0,67521.0
2026-10-02,TPEX,4113,聯上,15.15,15.2,15.1,15.2,75120.0
2026-10-02,TPEX,4114,健喬,29.5,29.5,29.3,29.35,633488.0
2026-10-02,TPEX,4116,明基醫,40.0,40.15,39.75,40.15,56101.0
2026-10-02,TPEX,4120,友華,46.0,46.2,46.0,46.1,58795.0
2026-10-02,TPEX,4121,優盛,12.8,13.0,12.8,12.9,57284.0
2026-10-02,TPEX,4123,晟德,31.0,31.2,30.8,31.2,1079796.0
2026-10-02,TPEX,4126,太醫,77.9,78.0,77.9,78.0,12989.0
2026-10-02,TPEX,4127,天良,47.0,47.55,45.1,45.6,537052.0
2026-10-02,TPEX,4128,中天,15.2,15.35,15.0,15.3,791367.0
2026-10-02,TPEX,4129,聯合,82.5,82.5,82.1,82.3,62299.0
2026-10-02,TPEX,4131,浩泰,30.85,30.85,29.9,30.8,35642.0
2026-10-02,TPEX,4138,曜亞,54.0,54.1,53.5,53.5,66812.0
2026-10-02,TPEX,4139,馬光-KY,41.9,42.0,41.5,41.95,22572.0
2026-10-02,TPEX,4147,中裕,62.0,62.0,61.0,61.4,564746.0
2026-10-02,TPEX,4153,鈺緯,31.25,31.65,31.25,31.55,19614.0
2026-10-02,TPEX,4154,樂威科-KY,11.25,11.25,11.25,11.25,8001.0
2026-10-02,TPEX,4157,太景*-KY,8.7,8.73,8.64,8.65,667420.0
2026-10-02,TPEX,4160,訊聯基因,38.8,38.9,38.7,38.8,13933.0
2026-10-02,TPEX,4161,聿新科,21.9,21.95,21.6,21.65,29984.0
2026-10-02,TPEX,4162,智擎,55.5,55.6,55.1,55.4,106574.0
2026-10-02,TPEX,4163,鐿鈦,135.5,137.0,135.5,137.0,18204.0
2026-10-02,TPEX,4166,友霖,24.6,24.6,24.25,24.4,36104.0
2026-10-02,TPEX,4167,松瑞藥,19.6,19.6,19.4,19.55,580765.0
2026-10-02,TPEX,4168,醣聯,22.55,23.0,22.25,22.4,198012.0
2026-10-02,TPEX,4171,瑞基,16.35,16.45,16.3,16.35,31642.0
2026-10-02,TPEX,4173,久裕,17.3,17.4,17.25,17.4,14952.0
2026-10-02,TPEX,4174,浩鼎,45.6,45.6,40.1,42.0,5956124.0
2026-10-02,TPEX,4175,杏一,,,,,1955.0
2026-10-02,TPEX,4183,福永生技,14.35,14.35,14.35,14.35,3001.0
2026-10-02,TPEX,4188,安克,14.3,14.45,14.1,14.1,152988.0
2026-10-02,TPEX,4192,杏國,,,,,27.0
2026-10-02,TPEX,4198,欣大健康,49.0,49.0,49.0,49.0,1145.0
2026-10-02,TPEX,4205,中華食,68.4,68.4,68.3,68.4,24925.0
2026-10-02,TPEX,4207,環泰,19.35,19.4,19.3,19.4,53465.0
2026-10-02,TPEX,4303,信立,33.4,33.45,33.05,33.35,461254.0
2026-10-02,TPEX,4304,勝昱,17.3,17.75,17.3,17.3,29506.0
2026-10-02,TPEX,4305,世坤,,,,,0.0
2026-10-02,TPEX,4401,東隆興,14.0,14.0,13.9,13.95,12083.0
2026-10-02,TPEX,4402,郡都開發,14.3,14.7,13.65,14.15,15247.0
2026-10-02,TPEX,4406,新昕纖,10.15,10.3,10.15,10.25,23000.0
2026-10-02,TPEX,4413,飛寶企業,20.0,20.3,20.0,20.3,27045.0
2026-10-02,TPEX,4416,三圓,13.1,13.3,12.75,12.8,731073.0
2026-10-02,TPEX,4417,金洲,49.6,49.6,49.3,49.35,37942.0
2026-10-02,TPEX,4419,皇家美食,49.95,49.95,49.95,49.95,1007.0
2026-10-02,TPEX,4420,光明,35.6,35.65,35.0,35.5,29449.0
2026-10-02,TPEX,4430,耀億,18.05,18.1,17.55,17.7,30729.0
2026-10-02,TPEX,4432,銘旺實,15.45,15.6,15.25,15.55,21000.0
2026-10-02,TPEX,4433,興采,18.05,18.05,17.9,18.0,29991.0
2026-10-02,TPEX,4442,竣邦-KY,53.6,53.9,53.3,53.6,9052.0
2026-10-02,TPEX,4502,健信,15.65,15.85,15.65,15.85,4832.0
2026-10-02,TPEX,4503,金雨,24.15,24.25,24.0,24.1,59715.0
2026-10-02,TPEX,4506,崇友,118.0,118.0,117.0,117.5,79927.0
2026-10-02,TPEX,4510,高鋒,43.55,43.65,43.0,43.6,629623.0
2026-10-02,TPEX,4513,福裕,16.4,16.5,16.15,16.3,110798.0
2026-10-02,TPEX,4523,永彰,24.15,24.15,23.85,23.9,56077.0
2026-10-02,TPEX,4528,江興鍛,15.05,15.05,14.8,14.8,18749.0
2026-10-02,TPEX,4529,淳紳,3.33,3.34,3.33,3.34,4000.0
2026-10-02,TPEX,4530,天意能創,24.9,24.9,23.75,24.0,14358.0
2026-10-02,TPEX,4533,協易機,25.55,25.65,25.2,25.6,968630.0
2026-10-02,TPEX,4534,慶騰,30.7,30.7,29.8,30.0,884031.0
2026-10-02,TPEX,4535,至興,26.9,27.05,26.7,26.75,43002.0
2026-10-02,TPEX,4538,大詠城,17.3,17.3,17.2,17.3,10421.0
2026-10-02,TPEX,4541,晟田,60.0,61.2,59.6,61.1,848523.0
2026-10-02,TPEX,4542,科嶠,334.0,336.5,325.0,336.5,350016.0
2026-10-02,TPEX,4543,萬在,30.15,30.4,30.1,30.25,69359.0
2026-10-02,TPEX,4549,桓達,96.2,97.6,96.2,97.3,34947.0
2026-10-02,TPEX,4550,長佳,24.05,24.8,24.0,24.15,7285.0
2026-10-02,TPEX,4554,橙的,28.45,28.45,28.05,28.1,18787.0
2026-10-02,TPEX,4556,旭然,111.5,122.5,109.5,114.5,5319962.0
2026-10-02,TPEX,4558,寶緯,16.95,16.95,16.7,16.8,27000.0
2026-10-02,TPEX,4561,健椿,42.35,43.7,42.35,43.6,148662.0
2026-10-02,TPEX,4563,百德,54.0,54.0,52.1,53.2,355442.0
2026-10-02,TPEX,4568,科際精密,38.9,39.0,38.85,39.0,3182.0
2026-10-02,TPEX,4577,達航科技,91.3,92.9,90.3,92.0,556995.0
2026-10-02,TPEX,4580,捷流閥業,82.1,82.2,81.5,82.2,43902.0
2026-10-02,TPEX,4584,君帆,37.5,38.0,37.5,38.0,6200.0
2026-10-02,TPEX,4609,唐鋒,4.86,4.86,4.76,4.76,2102.0
2026-10-02,TPEX,4702,中美實,9.28,9.34,9.26,9.29,55663.0
2026-10-02,TPEX,4706,大恭,34.75,34.75,34.05,34.7,9087.0
2026-10-02,TPEX,4707,磐亞,28.8,30.8,28.7,30.15,3089584.0
2026-10-02,TPEX,4711,永純,16.2,16.45,16.15,16.4,86135.0
2026-10-02,TPEX,4714,永捷,11.9,12.45,11.9,12.35,1985123.0
2026-10-02,TPEX,4716,大立,17.25,18.95,17.15,18.95,3811293.0
2026-10-02,TPEX,4721,美琪瑪,80.2,81.8,80.2,81.2,382022.0
2026-10-02,TPEX,4726,永昕,23.2,23.4,23.0,23.2,144892.0
2026-10-02,TPEX,4728,雙美,394.5,394.5,394.5,394.5,3031.0
2026-10-02,TPEX,4729,熒茂,20.4,20.45,19.7,19.7,372503.0
2026-10-02,TPEX,4735,豪展,36.2,36.25,35.8,36.0,16147.0
2026-10-02,TPEX,4741,泓瀚,41.15,42.8,41.1,41.65,181134.0
2026-10-02,TPEX,4743,合一,45.85,47.15,45.7,47.15,1041277.0
2026-10-02,TPEX,4744,皇將,28.7,28.7,28.25,28.3,49057.0
2026-10-02,TPEX,4745,合富-KY,12.2,12.2,12.1,12.2,9000.0
2026-10-02,TPEX,4747,強生*,23.1,23.1,22.7,22.95,64766.0
2026-10-02,TPEX,4749,新應材,757.0,795.0,753.0,785.0,1787777.0
2026-10-02,TPEX,4754,國碳科,38.0,38.2,37.8,38.15,27987.0
2026-10-02,TPEX,4760,勤凱,302.0,317.0,302.0,317.0,832671.0
2026-10-02,TPEX,4767,誠泰科技,28.2,29.45,28.2,28.7,44276.0
2026-10-02,TPEX,4768,晶呈科技,374.0,389.0,372.5,374.5,1081379.0
2026-10-02,TPEX,4772,台特化,272.0,290.5,271.5,281.5,5856884.0
2026-10-02,TPEX,4806,桂田文創,13.7,13.7,13.4,13.4,93354.0
2026-10-02,TPEX,4903,聯光通,45.05,46.45,45.0,45.3,10524817.0
2026-10-02,TPEX,4905,台聯電,85.6,92.5,84.0,92.5,245028.0
2026-10-02,TPEX,4907,富宇,44.5,45.15,44.15,44.5,100810.0
2026-10-02,TPEX,4908,前鼎,210.0,224.5,210.0,224.5,2755649.0
2026-10-02,TPEX,4909,新復興,36.35,37.0,36.15,36.85,377099.0
2026-10-02,TPEX,4911,德英,28.2,28.4,28.05,28.4,18470.0
2026-10-02,TPEX,4923,力士,69.2,70.0,66.0,66.6,6586459.0
2026-10-02,TPEX,4924,欣厚-KY,15.75,16.6,15.75,15.9,308917.0
2026-10-02,TPEX,4931,新盛力,250.0,255.0,245.5,252.0,3867576.0
2026-10-02,TPEX,4933,友輝,54.2,54.6,53.8,53.9,26381.0
2026-10-02,TPEX,4939,亞電,79.2,81.0,78.1,79.2,5044635.0
2026-10-02,TPEX,4946,辣椒,98.5,101.5,98.5,101.0,13344.0
2026-10-02,TPEX,4950,金耘國際,16.05,16.1,16.0,16.1,14378.0
2026-10-02,TPEX,4951,精拓科,90.7,91.6,89.4,90.9,187959.0
2026-10-02,TPEX,4953,緯致,118.5,119.0,117.5,117.5,192336.0
2026-10-02,TPEX,4966,譜瑞-KY,570.0,576.0,570.0,574.0,209710.0
2026-10-02,TPEX,4971,IET-KY,557.0,587.0,554.0,587.0,1845644.0
2026-10-02,TPEX,4972,湯石照明,16.15,16.2,16.15,16.2,11693.0
2026-10-02,TPEX,4973,廣穎,137.0,139.0,137.0,138.5,370906.0
2026-10-02,TPEX,4974,亞泰,71.2,71.5,70.9,71.2,73251.0
2026-10-02,TPEX,4979,華星光,564.0,585.0,564.0,585.0,1318184.0
2026-10-02,TPEX,4991,環宇-KY,509.0,534.0,498.5,534.0,8592538.0
2026-10-02,TPEX,4995,晶達,50.0,50.0,48.8,48.8,57627.0
2026-10-02,TPEX,5009,榮剛,33.05,33.25,32.75,33.1,1062719.0
2026-10-02,TPEX,5011,久陽,18.55,20.45,18.5,20.45,1107346.0
2026-10-02,TPEX,5013,強新,46.85,46.85,46.85,46.85,601937.0
2026-10-02,TPEX,5014,建錩,10.25,10.3,10.1,10.1,171236.0
2026-10-02,TPEX,5015,華祺,22.1,23.95,22.1,23.95,261456.0
2026-10-02,TPEX,5016,松和,28.45,29.4,28.1,28.6,1319470.0
2026-10-02,TPEX,5201,凱衛,29.35,29.45,27.5,28.0,85100.0
2026-10-02,TPEX,5202,力新,14.35,14.4,14.05,14.1,307638.0
2026-10-02,TPEX,5205,中茂,22.4,22.8,22.3,22.8,50227.0
2026-10-02,TPEX,5206,坤悅,22.8,23.0,22.7,22.85,46203.0
2026-10-02,TPEX,5209,新鼎,173.0,177.5,171.0,176.0,143368.0
2026-10-02,TPEX,5210,寶碩,30.05,30.4,30.0,30.3,154593.0
2026-10-02,TPEX,5211,蒙恬,21.1,21.45,20.95,21.35,26048.0
2026-10-02,TPEX,5212,凌網,49.5,49.5,48.7,49.3,9294.0
2026-10-02,TPEX,5213,亞昕,20.75,20.75,20.5,20.55,105741.0
2026-10-02,TPEX,5220,萬達光電,23.0,23.7,23.0,23.1,201329.0
2026-10-02,TPEX,5223,安力-KY,23.4,23.6,22.8,22.95,8002.0
2026-10-02,TPEX,5227,立凱-KY,30.8,31.1,30.1,30.55,583571.0
2026-10-02,TPEX,5228,鈺鎧,46.35,48.05,45.2,48.05,2059198.0
2026-10-02,TPEX,5230,雷笛克光學,22.65,22.7,21.85,22.25,843786.0
2026-10-02,TPEX,5245,智晶,21.25,21.25,20.7,20.75,108628.0
2026-10-02,TPEX,5251,天鉞電,30.0,30.5,29.85,29.95,68009.0
2026-10-02,TPEX,5263,智崴,90.7,91.0,89.6,90.5,93556.0
2026-10-02,TPEX,5272,笙科,18.15,18.15,17.75,17.85,65356.0
2026-10-02,TPEX,5274,信驊,18740.0,18905.0,18355.0,18840.0,153049.0
2026-10-02,TPEX,5276,達輝-KY,17.3,17.85,17.3,17.85,2066.0
2026-10-02,TPEX,5278,尚凡*,23.5,23.8,23.45,23.7,100400.0
2026-10-02,TPEX,5287,數字,137.5,138.0,137.0,137.5,111415.0
2026-10-02,TPEX,5289,宜鼎,1305.0,1315.0,1290.0,1295.0,866841.0
2026-10-02,TPEX,5291,邑昇,61.6,62.3,61.3,62.0,269386.0
2026-10-02,TPEX,5299,杰力,104.5,105.5,102.0,104.5,360609.0
2026-10-02,TPEX,5302,太欣,9.78,10.15,9.75,10.05,413863.0
2026-10-02,TPEX,5309,系統電,63.0,68.0,62.3,65.7,14927941.0
2026-10-02,TPEX,5310,天剛,27.2,29.9,26.15,29.6,135308.0
2026-10-02,TPEX,5312,寶島科,89.1,89.7,89.1,89.7,15006.0
2026-10-02,TPEX,5314,世紀*,30.4,30.6,29.65,29.9,31622070.0
2026-10-02,TPEX,5315,光聯,18.95,18.95,18.75,18.85,114755.0
2026-10-02,TPEX,5321,美而快,70.3,71.1,68.5,68.6,148023.0
2026-10-02,TPEX,5324,士開,12.45,12.5,12.4,12.45,113335.0
2026-10-02,TPEX,5328,華容,57.5,60.8,56.5,59.1,27393182.0
2026-10-02,TPEX,5340,建榮,81.0,83.7,80.6,83.2,1427084.0
2026-10-02,TPEX,5344,立衛,13.75,13.75,13.4,13.65,73569.0
2026-10-02,TPEX,5345,馥鴻,21.6,21.6,21.15,21.15,12022.0
2026-10-02,TPEX,5347,世界,184.5,188.0,180.5,187.0,14012491.0
2026-10-02,TPEX,5348,正能量智能,16.35,16.35,16.35,16.35,1000.0
2026-10-02,TPEX,5351,鈺創,110.5,116.5,110.0,116.0,16680725.0
2026-10-02,TPEX,5353,台林,28.5,28.75,28.4,28.65,55592.0
2026-10-02,TPEX,5355,佳總,7.0,7.45,6.96,7.4,190214.0
2026-10-02,TPEX,5356,協益,25.75,25.9,25.75,25.75,37663.0
2026-10-02,TPEX,5364,力麗店,8.3,8.35,8.3,8.31,28420.0
2026-10-02,TPEX,5381,光譜,23.25,23.55,23.05,23.35,758788.0
2026-10-02,TPEX,5386,青雲,292.5,297.5,291.0,292.5,676388.0
2026-10-02,TPEX,5392,能率,39.9,40.2,39.7,40.05,495673.0
2026-10-02,TPEX,5398,慕康生醫,13.7,14.1,13.65,13.65,100160.0
2026-10-02,TPEX,5403,中菲,92.6,93.1,92.5,92.7,25625.0
2026-10-02,TPEX,5410,國眾,32.9,33.1,32.7,33.1,191660.0
2026-10-02,TPEX,5425,台半,98.3,104.0,96.5,102.0,22022341.0
2026-10-02,TPEX,5426,振發,29.0,29.9,28.65,29.65,1074617.0
2026-10-02,TPEX,5432,新門,159.0,166.5,159.0,164.5,325124.0
2026-10-02,TPEX,5438,東友,17.3,17.35,17.2,17.35,19533.0
2026-10-02,TPEX,5439,高技,252.0,256.0,251.5,253.0,961882.0
2026-10-02,TPEX,5443,均豪,111.5,114.5,111.0,113.5,1660680.0
2026-10-02,TPEX,5450,南良,14.6,14.7,14.5,14.6,135241.0
2026-10-02,TPEX,5452,佶優,27.45,28.05,27.45,27.95,609085.0
2026-10-02,TPEX,5455,昇益,,,,,2.0
2026-10-02,TPEX,5457,宣德,24.0,24.6,23.8,24.4,474933.0
2026-10-02,TPEX,5460,同協,17.4,17.4,17.2,17.4,167609.0
2026-10-02,TPEX,5464,霖宏,94.0,94.0,89.5,90.7,529058.0
2026-10-02,TPEX,5465,富驊,33.85,33.85,32.85,33.1,631794.0
2026-10-02,TPEX,5468,凱鈺,25.85,25.85,25.1,25.2,125285.0
2026-10-02,TPEX,5474,聰泰,163.5,164.0,161.0,161.5,127695.0
2026-10-02,TPEX,5475,德宏,177.0,183.0,177.0,180.5,2782730.0
2026-10-02,TPEX,5478,智冠,97.6,97.7,97.3,97.6,50304.0
2026-10-02,TPEX,5481,新華,22.1,22.1,21.7,21.85,217396.0
2026-10-02,TPEX,5483,中美晶,210.5,229.5,209.5,221.5,47866889.0
2026-10-02,TPEX,5487,通泰,28.7,29.3,28.55,29.3,31001.0
2026-10-02,TPEX,5488,松普,12.1,12.75,12.0,12.3,1134014.0
2026-10-02,TPEX,5489,彩富,42.15,43.15,42.0,42.3,93090.0
2026-10-02,TPEX,5490,同亨,25.7,25.9,25.55,25.9,167269.0
2026-10-02,TPEX,5493,三聯,91.2,92.0,90.4,91.3,69874.0
2026-10-02,TPEX,5498,凱崴,50.9,55.6,50.8,55.6,3986320.0
2026-10-02,TPEX,5508,永信建,54.7,55.4,53.6,53.7,340298.0
2026-10-02,TPEX,5511,德昌,69.1,69.6,68.8,69.0,49042.0
2026-10-02,TPEX,5512,力麒,7.71,7.71,7.67,7.69,574997.0
2026-10-02,TPEX,5514,三豐,14.8,15.15,14.8,15.15,11002.0
2026-10-02,TPEX,5516,雙喜,11.75,11.75,11.75,11.75,1000.0
2026-10-02,TPEX,5520,力泰,83.5,83.5,83.5,83.5,1000.0
2026-10-02,TPEX,5523,豐謙,30.2,30.3,30.2,30.3,5531.0
2026-10-02,TPEX,5529,鉅陞,26.0,26.1,25.65,26.05,116896.0
2026-10-02,TPEX,5530,龍巖,48.55,48.95,48.4,48.7,171537.0
2026-10-02,TPEX,5536,聖暉*,964.0,975.0,938.0,956.0,1840903.0
2026-10-02,TPEX,5543,桓鼎-KY,27.5,27.5,27.5,27.5,1002.0
2026-10-02,TPEX,5547,久舜,20.25,20.25,20.2,20.2,11529.0
2026-10-02,TPEX,5548,安倉,20.0,20.1,20.0,20.05,16653.0
2026-10-02,TPEX,5601,台聯櫃,30.5,30.55,30.5,30.55,3051.0
2026-10-02,TPEX,5603,陸海,13.5,13.6,13.5,13.55,54095.0
2026-10-02,TPEX,5604,中連,31.3,31.6,31.05,31.4,16259.0
2026-10-02,TPEX,5609,中菲行,78.0,78.3,77.9,78.0,74323.0
2026-10-02,TPEX,5701,劍湖山,4.07,4.07,4.01,4.07,58399.0
2026-10-02,TPEX,5703,亞都,,,,,0.0
2026-10-02,TPEX,5704,老爺知,22.65,22.65,22.45,22.45,12570.0
2026-10-02,TPEX,5864,致和證,38.35,39.1,37.85,39.0,2467833.0
2026-10-02,TPEX,5878,台名,37.8,37.8,37.8,37.8,5271.0
2026-10-02,TPEX,5902,德記,34.55,34.55,33.9,34.2,17584.0
2026-10-02,TPEX,5903,全家,185.5,186.0,185.5,186.0,16359.0
2026-10-02,TPEX,5904,寶雅*,69.1,69.1,68.2,68.4,4251852.0
2026-10-02,TPEX,5905,南仁湖,7.4,7.4,7.31,7.33,200237.0
2026-10-02,TPEX,6015,宏遠證,17.5,17.85,17.45,17.8,1581846.0
2026-10-02,TPEX,6016,康和證,23.7,24.1,23.6,23.9,2871037.0
2026-10-02,TPEX,6020,大展證,20.7,20.75,20.55,20.55,12000.0
2026-10-02,TPEX,6021,美好證,41.7,42.05,41.7,41.8,52325.0
2026-10-02,TPEX,6023,元大期,84.8,85.0,84.1,84.7,363935.0
2026-10-02,TPEX,6026,福邦證,15.95,16.05,15.85,15.95,763289.0
2026-10-02,TPEX,6028,公勝保經,98.9,99.9,98.9,99.8,9977.0
2026-10-02,TPEX,6101,寬魚國際,37.6,37.8,37.4,37.8,85010.0
2026-10-02,TPEX,6103,合邦,38.0,38.0,36.95,36.95,44118.0
2026-10-02,TPEX,6104,創惟,92.4,92.5,91.6,92.3,237330.0
2026-10-02,TPEX,6109,亞元,10.55,10.55,10.35,10.35,125374.0
2026-10-02,TPEX,6111,光聚晶電,38.0,38.5,37.3,38.4,221308.0
2026-10-02,TPEX,6113,亞矽,25.3,25.6,24.4,24.45,847686.0
2026-10-02,TPEX,6114,久威,23.3,23.4,23.2,23.4,23661.0
2026-10-02,TPEX,6118,建達,16.35,16.35,16.15,16.15,209926.0
2026-10-02,TPEX,6121,新普,379.5,385.0,379.0,383.0,360223.0
2026-10-02,TPEX,6122,擎邦,62.5,63.9,60.8,63.9,2170866.0
2026-10-02,TPEX,6123,上奇,43.0,43.05,42.65,43.05,33027.0
2026-10-02,TPEX,6124,業強,26.8,27.25,26.75,27.1,26211.0
2026-10-02,TPEX,6125,廣運,50.5,51.3,50.5,50.9,964856.0
2026-10-02,TPEX,6126,信音,30.8,31.4,30.75,31.25,493436.0
2026-10-02,TPEX,6127,九豪,57.0,59.6,55.8,58.4,29644867.0
2026-10-02,TPEX,6129,普誠,14.9,15.15,14.75,14.8,530188.0
2026-10-02,TPEX,6130,上亞科技,23.65,24.25,23.35,23.6,303025.0
2026-10-02,TPEX,6134,萬旭,29.5,29.5,28.8,28.9,150620.0
2026-10-02,TPEX,6138,茂達,285.0,291.0,283.5,284.5,749291.0
2026-10-02,TPEX,6140,訊達,20.4,20.4,20.0,20.1,138675.0
2026-10-02,TPEX,6143,振曜,80.7,81.0,80.4,80.9,181508.0
2026-10-02,TPEX,6144,得利影,13.65,14.05,12.95,14.05,124290.0
2026-10-02,TPEX,6146,耕興,181.5,183.5,181.0,183.5,231078.0
2026-10-02,TPEX,6147,頎邦,224.5,227.0,221.0,223.0,28573717.0
2026-10-02,TPEX,6148,驊宏資,38.45,38.9,37.45,38.1,1119625.0
2026-10-02,TPEX,6150,撼訊,69.9,70.4,67.2,68.5,1755093.0
2026-10-02,TPEX,6151,晉倫,34.75,35.2,34.5,35.2,78441.0
2026-10-02,TPEX,6154,順發,14.3,14.3,14.2,14.2,21807.0
2026-10-02,TPEX,6156,松上,21.8,22.4,21.7,22.35,710890.0
2026-10-02,TPEX,6158,禾昌,17.55,18.2,17.35,17.4,450884.0
2026-10-02,TPEX,6160,欣技,13.85,13.95,13.8,13.9,58346.0
2026-10-02,TPEX,6161,捷波,50.0,50.1,49.6,49.65,68083.0
2026-10-02,TPEX,6163,華電網,41.5,41.95,41.05,41.2,500614.0
2026-10-02,TPEX,6167,久正,10.25,10.3,10.2,10.2,247664.0
2026-10-02,TPEX,6169,昱泉,11.7,12.1,11.6,12.0,12574.0
2026-10-02,TPEX,6170,統振,49.15,49.25,49.0,49.25,115636.0
2026-10-02,TPEX,6171,大城地產,25.15,25.15,24.3,24.5,342895.0
2026-10-02,TPEX,6173,信昌電,300.0,322.5,299.0,303.0,24376977.0
2026-10-02,TPEX,6174,安碁,54.9,55.0,54.1,55.0,1576195.0
2026-10-02,TPEX,6175,立敦,75.6,77.1,74.4,76.7,4714591.0
2026-10-02,TPEX,6179,亞通,36.0,36.7,35.85,36.5,3049111.0
2026-10-02,TPEX,6180,橘子,41.55,41.55,41.0,41.2,205589.0
2026-10-02,TPEX,6182,合晶,131.0,140.0,128.5,135.0,142244786.0
2026-10-02,TPEX,6185,幃翔,12.6,12.65,12.45,12.45,150838.0
2026-10-02,TPEX,6186,新潤,29.05,29.05,28.85,28.9,392772.0
2026-10-02,TPEX,6187,萬潤,1290.0,1385.0,1290.0,1355.0,2436944.0
2026-10-02,TPEX,6188,廣明,62.2,62.6,61.9,62.4,484668.0
2026-10-02,TPEX,6190,萬泰科,71.5,71.5,70.8,70.8,1215269.0
2026-10-02,TPEX,6194,育富,30.0,30.0,29.9,29.95,29004.0
2026-10-02,TPEX,6195,詩肯,28.2,28.25,28.05,28.1,52708.0
2026-10-02,TPEX,6198,瑞築,19.95,19.95,19.95,19.95,1000.0
2026-10-02,TPEX,6199,天品,128.0,134.0,128.0,132.0,5837811.0
2026-10-02,TPEX,6203,海韻電,60.3,61.0,59.9,60.3,31462.0
2026-10-02,TPEX,6204,艾華,105.5,114.0,105.0,110.0,826478.0
2026-10-02,TPEX,6207,雷科,145.0,152.5,141.5,148.0,25966898.0
2026-10-02,TPEX,6208,日揚,80.1,80.6,79.0,80.4,356361.0
2026-10-02,TPEX,6210,慶生,17.5,17.8,17.45,17.8,12155.0
2026-10-02,TPEX,6212,理銘,32.25,32.25,32.1,32.1,2000.0
2026-10-02,TPEX,6217,中探針,174.0,184.0,174.0,177.5,4321874.0
2026-10-02,TPEX,6218,豪勉,63.2,64.9,62.8,64.4,1574699.0
2026-10-02,TPEX,6219,富旺,12.35,12.35,12.05,12.15,88000.0
2026-10-02,TPEX,6220,岳豐,25.35,25.45,25.15,25.45,163505.0
2026-10-02,TPEX,6221,晉泰,30.9,30.95,30.1,30.25,938778.0
2026-10-02,TPEX,6222,立軒,19.95,19.95,19.95,19.95,2000.0
2026-10-02,TPEX,6223,旺矽,5055.0,5310.0,5055.0,5310.0,1107690.0
2026-10-02,TPEX,6227,茂綸,138.5,142.0,134.5,140.5,1522007.0
2026-10-02,TPEX,6228,全譜,18.6,18.7,18.25,18.25,14060.0
2026-10-02,TPEX,6229,研通,24.35,24.35,23.95,24.2,80110.0
2026-10-02,TPEX,6231,系微,237.0,247.5,237.0,243.0,394917.0
2026-10-02,TPEX,6233,旺玖,23.55,23.6,23.4,23.55,269550.0
2026-10-02,TPEX,6234,高僑,39.55,40.75,39.5,39.95,972762.0
2026-10-02,TPEX,6236,中湛,18.8,18.8,16.85,16.9,6000.0
2026-10-02,TPEX,6237,驊訊,36.35,36.6,36.0,36.3,257833.0
2026-10-02,TPEX,6240,松崗,26.0,27.35,25.85,26.4,48049.0
2026-10-02,TPEX,6241,鑫永洋,16.2,16.4,15.95,16.25,101433.0
2026-10-02,TPEX,6242,立康,34.05,34.05,33.85,33.85,5710.0
2026-10-02,TPEX,6244,茂迪,23.7,24.3,23.6,24.1,2693288.0
2026-10-02,TPEX,6245,立端,87.9,89.0,87.6,88.2,361226.0
2026-10-02,TPEX,6246,臺龍,12.6,12.85,12.6,12.65,20012.0
2026-10-02,TPEX,6248,沛波,17.25,17.3,17.0,17.2,87695.0
2026-10-02,TPEX,6259,百徽,32.1,32.8,31.55,32.65,621993.0
2026-10-02,TPEX,6261,久元,79.0,79.5,78.4,78.9,303519.0
2026-10-02,TPEX,6263,普萊德,167.5,174.0,165.0,169.5,605688.0
2026-10-02,TPEX,6264,富裔,5.92,6.57,5.92,6.35,21569.0
2026-10-02,TPEX,6265,方土昶,49.85,50.7,49.7,50.1,2561766.0
2026-10-02,TPEX,6266,泰詠,25.0,27.4,25.0,26.9,2945195.0
2026-10-02,TPEX,6270,倍微,30.6,31.6,30.45,31.0,433828.0
2026-10-02,TPEX,6274,台燿,1540.0,1685.0,1530.0,1620.0,12357017.0
2026-10-02,TPEX,6275,元山,47.3,48.0,47.15,47.85,324168.0
2026-10-02,TPEX,6276,安鈦克,,,,,117.0
2026-10-02,TPEX,6279,胡連,113.0,117.5,112.5,117.0,769949.0
2026-10-02,TPEX,6284,佳邦,80.8,81.4,79.7,79.8,2278990.0
2026-10-02,TPEX,6290,良維,279.0,280.0,276.0,277.0,1758814.0
2026-10-02,TPEX,6291,沛亨,492.0,504.0,489.0,493.0,758652.0
2026-10-02,TPEX,6292,迅德,67.9,71.3,66.6,70.9,1071617.0
2026-10-02,TPEX,6294,智基,28.5,28.5,28.05,28.05,8964.0
2026-10-02,TPEX,6411,晶焱,78.7,79.7,78.0,79.5,347387.0
2026-10-02,TPEX,6417,韋僑,102.0,104.0,102.0,104.0,84363.0
2026-10-02,TPEX,6418,詠昇,34.1,34.95,34.05,34.65,36885.0
2026-10-02,TPEX,6419,京晨科,157.5,160.0,156.0,156.0,197024.0
2026-10-02,TPEX,6423,億而得,103.5,103.5,95.5,95.5,469466.0
2026-10-02,TPEX,6425,易發,79.2,80.0,78.5,79.8,1101562.0
2026-10-02,TPEX,6432,今展科,67.2,70.5,64.6,66.6,5530254.0
2026-10-02,TPEX,6435,大中,269.5,280.0,260.0,277.0,1777616.0
2026-10-02,TPEX,6441,廣錠,25.35,25.5,24.8,24.95,169492.0
2026-10-02,TPEX,6461,益得,24.05,26.45,24.05,26.45,464833.0
2026-10-02,TPEX,6462,神盾,106.5,106.5,104.0,106.0,550241.0
2026-10-02,TPEX,6465,威潤,41.7,42.4,41.55,42.1,78690.0
2026-10-02,TPEX,6469,大樹,64.4,64.6,64.2,64.5,216855.0
2026-10-02,TPEX,6470,宇智,42.2,42.75,42.2,42.75,39193.0
2026-10-02,TPEX,6474,華豫寧,35.45,35.75,35.45,35.75,30080.0
2026-10-02,TPEX,6482,弘煜科,24.2,24.2,24.2,24.2,1729.0
2026-10-02,TPEX,6485,點序,85.1,86.2,80.0,83.6,2952118.0
2026-10-02,TPEX,6486,互動,81.3,81.6,80.8,80.9,46218.0
2026-10-02,TPEX,6488,環球晶,1090.0,1190.0,1075.0,1190.0,16255922.0
2026-10-02,TPEX,6492,生華科,34.9,34.9,34.0,34.4,125200.0
2026-10-02,TPEX,6494,九齊,52.3,53.3,51.6,53.3,85575.0
2026-10-02,TPEX,6496,科懋,23.95,24.25,23.95,23.95,7956.0
2026-10-02,TPEX,6498,久禾光,68.0,68.4,67.7,68.4,57733.0
2026-10-02,TPEX,6499,益安,79.5,80.1,78.2,79.8,275388.0
2026-10-02,TPEX,6506,雙邦,18.6,18.7,18.25,18.6,60034.0
2026-10-02,TPEX,6508,惠光,27.0,27.0,26.5,26.5,40106.0
2026-10-02,TPEX,6509,聚和,49.05,50.3,48.9,49.9,1961167.0
2026-10-02,TPEX,6510,精測,3000.0,3120.0,3000.0,3070.0,574903.0
2026-10-02,TPEX,6512,啟發電,20.25,20.25,20.2,20.2,3341.0
2026-10-02,TPEX,6516,勤崴國際,56.0,56.6,56.0,56.5,40749.0
2026-10-02,TPEX,6517,保勝光學,63.6,66.3,63.6,66.0,360997.0
2026-10-02,TPEX,6523,達爾膚,89.0,90.6,89.0,89.2,20928.0
2026-10-02,TPEX,6527,明達醫,75.0,75.0,74.5,74.8,33060.0
2026-10-02,TPEX,6530,創威,102.0,104.0,100.5,100.5,1612325.0
2026-10-02,TPEX,6532,瑞耘,123.0,123.5,117.5,120.0,1568080.0
2026-10-02,TPEX,6535,順藥,80.5,85.2,80.5,85.0,281634.0
2026-10-02,TPEX,6538,倉和,369.5,382.0,352.0,372.5,1926154.0
2026-10-02,TPEX,6542,隆中,40.9,40.9,39.8,40.0,5109.0
2026-10-02,TPEX,6546,正基,59.4,60.6,59.4,60.3,172283.0
2026-10-02,TPEX,6547,高端疫苗,63.0,63.1,60.8,60.8,3147852.0
2026-10-02,TPEX,6548,長科*,71.6,77.2,71.4,76.7,8760256.0
2026-10-02,TPEX,6556,勝品,60.5,60.8,60.5,60.8,7042.0
2026-10-02,TPEX,6560,欣普羅,32.6,32.6,31.9,31.9,42991.0
2026-10-02,TPEX,6561,是方,310.0,313.0,309.0,313.0,51187.0
2026-10-02,TPEX,6568,宏觀,141.5,142.0,139.5,141.0,66732.0
2026-10-02,TPEX,6569,醫揚,91.4,91.8,91.3,91.8,7886.0
2026-10-02,TPEX,6570,維田,47.55,47.7,47.2,47.25,70736.0
2026-10-02,TPEX,6574,霈方,118.0,119.5,117.5,119.5,21797.0
2026-10-02,TPEX,6576,逸達,79.2,79.2,78.4,79.0,181593.0
2026-10-02,TPEX,6577,勁豐,80.5,81.2,80.5,81.2,65696.0
2026-10-02,TPEX,6578,達邦蛋白,16.55,16.55,16.45,16.45,12004.0
2026-10-02,TPEX,6584,南俊國際,531.0,543.0,525.0,531.0,408496.0
2026-10-02,TPEX,6588,東典光電,110.5,116.0,110.5,114.0,1566953.0
2026-10-02,TPEX,6590,普鴻,65.1,65.5,63.5,65.5,25208.0
2026-10-02,TPEX,6593,台灣銘板,31.7,32.0,31.6,31.9,20066.0
2026-10-02,TPEX,6596,寬宏藝術,96.8,96.8,96.4,96.6,60342.0
2026-10-02,TPEX,6597,立誠,63.0,63.0,63.0,63.0,10101.0
2026-10-02,TPEX,6603,富強鑫,31.45,31.45,29.2,29.25,10861460.0
2026-10-02,TPEX,6609,瀧澤科,39.45,39.45,39.1,39.1,79237.0
2026-10-02,TPEX,6612,奈米醫材,77.0,81.5,76.5,76.5,104289.0
2026-10-02,TPEX,6613,朋億*,279.0,281.5,277.5,281.0,263663.0
2026-10-02,TPEX,6615,慧智,33.7,34.0,33.55,33.65,9718.0
2026-10-02,TPEX,6616,特昇-KY,8.3,8.3,8.11,8.25,5001.0
2026-10-02,TPEX,6617,共信-KY,132.5,134.5,128.0,131.5,547475.0
2026-10-02,TPEX,6620,漢達,145.0,149.5,142.5,143.5,3987437.0
2026-10-02,TPEX,6624,萬年清,38.45,38.45,37.55,38.35,7261.0
2026-10-02,TPEX,6629,泰金-KY,103.0,104.5,102.0,103.5,27050.0
2026-10-02,TPEX,6637,醫影,53.9,54.0,53.4,53.4,10377.0
2026-10-02,TPEX,6640,均華,1110.0,1165.0,1110.0,1125.0,302569.0
2026-10-02,TPEX,6642,富致,83.1,84.9,82.7,83.6,238414.0
2026-10-02,TPEX,6643,M31,520.0,524.0,513.0,516.0,815419.0
2026-10-02,TPEX,6649,台生材,37.0,37.45,36.75,37.35,40424.0
2026-10-02,TPEX,6651,全宇昕,147.5,152.0,147.0,150.5,168104.0
2026-10-02,TPEX,6654,天正國際,215.0,221.0,214.0,219.0,94842.0
2026-10-02,TPEX,6661,威健生技,,,,,2313933.0
2026-10-02,TPEX,6662,樂斯科,28.5,28.6,27.9,28.6,16000.0
2026-10-02,TPEX,6664,群翊,375.0,380.0,371.0,378.0,441816.0
2026-10-02,TPEX,6667,信紘科,263.5,263.5,260.0,260.0,228138.0
2026-10-02,TPEX,6679,鈺太,203.5,209.5,203.5,209.0,264986.0
2026-10-02,TPEX,6680,鑫創電子,,,,,0.0
2026-10-02,TPEX,6683,雍智科技,1595.0,1650.0,1480.0,1490.0,1726089.0
2026-10-02,TPEX,6684,安格,50.9,50.9,49.7,50.0,64030.0
2026-10-02,TPEX,6690,安碁資訊,177.0,178.5,175.5,176.0,60105.0
2026-10-02,TPEX,6692,進能服,22.7,22.7,22.5,22.7,12350.0
2026-10-02,TPEX,6693,廣閎科,213.5,214.0,205.0,206.0,1491968.0
2026-10-02,TPEX,6697,東捷資訊,41.1,41.15,40.8,41.15,34971.0
2026-10-02,TPEX,6703,軒郁,99.9,100.5,99.9,100.5,8954.0
2026-10-02,TPEX,6708,天擎,62.0,62.4,59.9,62.4,832759.0
2026-10-02,TPEX,6712,長聖,165.0,167.0,160.5,161.0,416660.0
2026-10-02,TPEX,6716,應廣,118.0,121.5,115.0,121.0,582469.0
2026-10-02,TPEX,6720,久昌,125.5,126.5,122.5,126.0,76374.0
2026-10-02,TPEX,6721,信實,,,,,0.0
2026-10-02,TPEX,6725,矽科宏晟,220.5,222.0,219.5,220.5,58351.0
2026-10-02,TPEX,6727,亞泰金屬,492.5,527.0,492.5,516.0,1906483.0
2026-10-02,TPEX,6728,上洋,108.5,108.5,107.0,108.5,29268.0
2026-10-02,TPEX,6730,常廣,32.0,33.0,31.65,31.95,21041.0
2026-10-02,TPEX,6732,昇佳電子,152.0,154.5,152.0,154.5,92738.0
2026-10-02,TPEX,6733,博晟生醫,24.9,25.15,24.85,25.1,73695.0
2026-10-02,TPEX,6735,美達科技,66.1,67.8,66.1,67.5,48304.0
2026-10-02,TPEX,6739,竹陞科技,1115.0,1175.0,1115.0,1175.0,357077.0
2026-10-02,TPEX,6741,91APP*-KY,55.8,55.8,55.0,55.1,152551.0
2026-10-02,TPEX,6751,智聯服務,43.8,44.55,43.8,44.5,5082.0
2026-10-02,TPEX,6752,叡揚,96.2,97.5,96.2,96.5,7487.0
2026-10-02,TPEX,6761,穩得,165.5,169.5,165.0,168.0,168444.0
2026-10-02,TPEX,6762,達亞,153.0,161.0,151.0,161.0,6434.0
2026-10-02,TPEX,6763,綠界科技*,41.35,41.9,41.35,41.45,162834.0
2026-10-02,TPEX,6767,台微醫,24.45,24.6,24.45,24.45,10085.0
2026-10-02,TPEX,6785,昱展新藥,95.1,95.4,94.2,94.7,34801.0
2026-10-02,TPEX,6788,華景電,347.5,365.5,347.0,360.0,459681.0
2026-10-02,TPEX,6791,虎門科技,100.5,100.5,100.0,100.0,5422.0
2026-10-02,TPEX,6803,崑鼎,266.5,267.5,265.5,267.0,50493.0
2026-10-02,TPEX,6804,明係,18.0,18.35,18.0,18.35,24715.0
2026-10-02,TPEX,6811,宏碁資訊,244.0,244.0,239.0,240.0,179327.0
2026-10-02,TPEX,6821,聯寶,43.0,46.45,43.0,46.45,622572.0
2026-10-02,TPEX,6823,濾能,61.2,61.3,60.8,61.1,15800.0
2026-10-02,TPEX,6829,千附精密,205.0,208.5,205.0,208.0,305965.0
2026-10-02,TPEX,6840,東研信超,99.9,99.9,97.3,98.7,221278.0
2026-10-02,TPEX,6841,長佳智能,56.9,57.1,56.2,56.5,181607.0
2026-10-02,TPEX,6843,進典,38.0,38.85,37.95,38.6,32130.0
2026-10-02,TPEX,6844,諾貝兒,56.1,57.0,55.8,57.0,11404.0
2026-10-02,TPEX,6846,綠茵,58.0,58.5,58.0,58.5,3195.0
2026-10-02,TPEX,6855,數泓科,113.0,113.5,113.0,113.5,4000.0
2026-10-02,TPEX,6856,鑫傳,41.65,41.65,41.65,41.65,1009.0
2026-10-02,TPEX,6859,伯特光,121.0,122.5,120.5,122.5,30438.0
2026-10-02,TPEX,6865,偉康科技,27.65,27.65,27.15,27.65,4176.0
2026-10-02,TPEX,6870,騰雲,314.0,321.5,309.5,312.0,87281.0
2026-10-02,TPEX,6872,浩宇生醫,23.75,23.75,23.0,23.1,83106.0
2026-10-02,TPEX,6874,倍力,70.4,70.4,70.0,70.4,11078.0
2026-10-02,TPEX,6875,國邑*,30.9,31.05,29.85,29.9,653251.0
2026-10-02,TPEX,6877,鏵友益,152.0,152.0,150.0,152.0,360870.0
2026-10-02,TPEX,6881,潤德,215.0,215.0,215.0,215.0,3070.0
2026-10-02,TPEX,6884,海柏特,30.55,31.35,30.55,31.35,3038.0
2026-10-02,TPEX,6894,衛司特,357.0,363.5,357.0,363.0,31900.0
2026-10-02,TPEX,6895,宏碩系統,146.0,149.5,146.0,149.5,16233.0
2026-10-02,TPEX,6899,創為精密,49.5,49.65,49.35,49.5,10029.0
2026-10-02,TPEX,6903,巨漢,316.0,320.5,315.0,317.0,224261.0
2026-10-02,TPEX,6904,伯鑫,122.0,122.0,122.0,122.0,1000.0
2026-10-02,TPEX,6907,雅特力-KY,200.0,206.0,196.0,200.5,2677103.0
2026-10-02,TPEX,6910,德鴻,26.2,26.4,26.15,26.25,8325.0
2026-10-02,TPEX,6913,鴻呈,129.0,130.0,129.0,130.0,104933.0
2026-10-02,TPEX,6922,宸曜,221.5,221.5,212.5,212.5,199858.0
2026-10-02,TPEX,6925,意藍,72.1,72.1,68.5,68.5,500748.0
2026-10-02,TPEX,6929,佑全,21.2,22.3,20.95,22.3,8450.0
2026-10-02,TPEX,6945,圓祥生技,140.5,142.0,132.0,136.0,631728.0
2026-10-02,TPEX,6953,家碩,255.5,262.5,252.5,256.0,262543.0
2026-10-02,TPEX,6961,旅天下,47.5,48.0,47.3,47.4,34607.0
2026-10-02,TPEX,6967,汎瑋材料,71.1,71.1,69.1,70.0,185608.0
2026-10-02,TPEX,6968,萬達寵物,41.5,41.55,40.8,41.3,47269.0
2026-10-02,TPEX,6971,惠民實業,23.75,23.75,23.25,23.45,6030.0
2026-10-02,TPEX,6982,大井泵浦,45.4,45.4,44.15,45.0,30602.0
2026-10-02,TPEX,6983,華洋精機,355.0,355.0,349.0,355.0,14793.0
2026-10-02,TPEX,6986,和迅,44.1,44.1,43.9,44.0,213069.0
2026-10-02,TPEX,6996,力領科技,170.0,171.5,169.0,169.5,31200.0
2026-10-02,TPEX,6997,博弘,69.3,69.3,68.5,68.7,3557.0
2026-10-02,TPEX,7402,邑錡,100.5,102.0,99.7,101.0,112191.0
2026-10-02,TPEX,7547,碩網,64.5,65.5,64.1,64.1,115547.0
2026-10-02,TPEX,7556,意德士,261.0,273.5,260.0,273.0,94273.0
2026-10-02,TPEX,7584,樂意,,,,,0.0
2026-10-02,TPEX,7642,昶瑞機電,69.9,69.9,68.0,68.8,22212.0
2026-10-02,TPEX,7703,銳澤,204.5,206.0,204.0,205.0,31915.0
2026-10-02,TPEX,7704,明遠精密,61.2,61.2,60.6,61.0,35044.0
2026-10-02,TPEX,7708,全家餐飲,92.0,92.0,91.8,91.8,7095.0
2026-10-02,TPEX,7709,榮田,85.5,87.2,84.2,85.3,149067.0
2026-10-02,TPEX,7712,博盛半導體,173.5,176.0,168.0,170.5,664439.0
2026-10-02,TPEX,7713,威力德生醫,,,,,39.0
2026-10-02,TPEX,7714,創泓科技,168.0,172.5,168.0,171.0,131240.0
2026-10-02,TPEX,7715,裕山,28.1,28.35,28.1,28.25,30287.0
2026-10-02,TPEX,7716,昱臺國際,24.45,24.45,24.45,24.45,1650.0
2026-10-02,TPEX,7717,萊德光電-KY,553.0,581.0,550.0,561.0,636171.0
2026-10-02,TPEX,7718,友鋮,45.85,45.85,45.85,45.85,1060.0
2026-10-02,TPEX,7723,築間,18.2,18.4,18.15,18.25,44555.0
2026-10-02,TPEX,7728,光焱科技,649.0,661.0,635.0,645.0,45451.0
2026-10-02,TPEX,7734,印能科技,2795.0,2880.0,2765.0,2825.0,230929.0
2026-10-02,TPEX,7738,東聯互動,157.5,157.5,155.0,155.0,23530.0
2026-10-02,TPEX,7743,金利食安,25.15,25.3,25.0,25.25,97150.0
2026-10-02,TPEX,7744,崴寶,540.0,540.0,522.0,527.0,94059.0
2026-10-02,TPEX,7747,昕奇雲端,112.0,112.0,112.0,112.0,300766.0
2026-10-02,TPEX,7751,竑騰,1650.0,1675.0,1590.0,1590.0,192968.0
2026-10-02,TPEX,7753,星亞,35.7,35.9,35.5,35.7,38109.0
2026-10-02,TPEX,7757,金色三麥,88.2,89.3,88.2,89.1,19300.0
2026-10-02,TPEX,7767,仁大資訊,46.15,46.25,46.05,46.1,11166.0
2026-10-02,TPEX,7770,君曜,41.45,44.0,41.45,43.35,46389.0
2026-10-02,TPEX,7772,耀穎,183.0,188.5,183.0,186.0,184192.0
2026-10-02,TPEX,7777,能率亞洲,38.3,39.45,37.7,39.2,2512570.0
2026-10-02,TPEX,7782,光速火箭,25.15,25.15,25.15,25.15,2001.0
2026-10-02,TPEX,7792,安葆,429.0,429.0,414.0,425.0,318311.0
2026-10-02,TPEX,7794,宏碁智新,30.0,30.5,30.0,30.2,42256.0
2026-10-02,TPEX,7805,威聯通,491.0,491.5,489.5,489.5,20570.0
2026-10-02,TPEX,7810,捷創科技,233.5,252.5,233.5,245.0,303548.0
2026-10-02,TPEX,7811,民盛,71.7,72.5,71.5,72.5,8100.0
2026-10-02,TPEX,7814,海昌生技,28.4,28.6,28.1,28.2,39204.0
2026-10-02,TPEX,7819,精誠金融,33.65,33.7,33.6,33.7,9059.0
2026-10-02,TPEX,7820,立盈,109.0,112.0,109.0,112.0,7233.0
2026-10-02,TPEX,7825,和亞智慧,86.9,88.9,84.0,84.9,514766.0
2026-10-02,TPEX,7828,創新服務,1900.0,1910.0,1850.0,1850.0,185964.0
2026-10-02,TPEX,7839,達人網,42.5,43.0,42.5,42.95,6357.0
2026-10-02,TPEX,7842,天能綠電,97.0,97.0,96.0,96.8,6409.0
2026-10-02,TPEX,7856,漢測,4330.0,4470.0,4160.0,4195.0,460069.0
2026-10-02,TPEX,8024,佑華,12.6,12.8,12.4,12.5,40402.0
2026-10-02,TPEX,8027,鈦昇,210.0,217.0,207.0,213.5,5424690.0
2026-10-02,TPEX,8032,光菱,36.2,36.35,36.05,36.1,46786.0
2026-10-02,TPEX,8034,榮群,20.0,20.25,19.75,19.85,58010.0
2026-10-02,TPEX,8038,長園科,33.85,34.85,33.6,34.8,167876.0
2026-10-02,TPEX,8040,九暘,95.0,97.9,94.8,95.7,1724731.0
2026-10-02,TPEX,8042,金山電,117.5,124.0,116.0,121.0,11091399.0
2026-10-02,TPEX,8043,蜜望實,139.0,145.5,137.0,142.0,6188481.0
2026-10-02,TPEX,8044,網家,24.1,24.4,23.9,24.35,182947.0
2026-10-02,TPEX,8047,星雲,51.2,51.6,51.0,51.6,163426.0
2026-10-02,TPEX,8048,德勝,50.9,51.5,50.6,51.3,96998.0
2026-10-02,TPEX,8049,晶采,24.95,25.0,24.7,24.85,125667.0
2026-10-02,TPEX,8050,廣積,63.5,63.5,62.0,62.2,1491175.0
2026-10-02,TPEX,8054,安國,89.8,89.8,88.5,89.5,764034.0
2026-10-02,TPEX,8059,凱碩,17.6,18.3,17.6,18.05,118410.0
2026-10-02,TPEX,8064,東捷,144.5,145.5,141.5,141.5,5330316.0
2026-10-02,TPEX,8066,來思達,15.35,15.35,14.8,14.95,19851.0
2026-10-02,TPEX,8067,志旭,11.8,11.8,11.8,11.8,1002.0
2026-10-02,TPEX,8068,全達,17.9,17.9,17.6,17.75,118379.0
2026-10-02,TPEX,8069,元太,146.0,146.0,142.5,143.5,5802334.0
2026-10-02,TPEX,8071,能率網通,21.95,22.7,21.85,22.4,446544.0
2026-10-02,TPEX,8074,鉅橡,51.9,56.9,51.9,56.9,1469768.0
2026-10-02,TPEX,8076,伍豐,21.65,22.0,21.65,21.85,460442.0
2026-10-02,TPEX,8077,洛碁,41.2,41.5,41.2,41.5,2003.0
2026-10-02,TPEX,8080,泰霖,,,,,474.0
2026-10-02,TPEX,8083,瑞穎,157.0,157.5,156.0,157.5,57749.0
2026-10-02,TPEX,8084,巨虹,21.8,21.8,21.8,21.8,573689.0
2026-10-02,TPEX,8085,福華,14.85,14.85,14.55,14.7,144613.0
2026-10-02,TPEX,8086,宏捷科,116.0,120.5,116.0,120.0,8552848.0
2026-10-02,TPEX,8087,麗升能源,23.95,24.1,23.45,24.0,11757.0
2026-10-02,TPEX,8088,品安,43.9,45.0,43.85,44.45,527006.0
2026-10-02,TPEX,8089,康全電訊,19.3,19.7,19.3,19.6,59736.0
2026-10-02,TPEX,8091,翔名,216.5,237.0,216.5,237.0,737989.0
2026-10-02,TPEX,8092,建暐,12.25,12.45,12.25,12.3,113413.0
2026-10-02,TPEX,8093,保銳,26.45,26.45,25.2,25.25,46201.0
2026-10-02,TPEX,8096,擎亞,88.4,89.3,87.4,89.0,2066731.0
2026-10-02,TPEX,8097,常珵,48.55,48.95,48.2,48.8,110048.0
2026-10-02,TPEX,8099,大世科,60.3,61.7,59.5,60.4,69754.0
2026-10-02,TPEX,8102,傑霖科技,59.0,59.6,58.6,59.6,11000.0
2026-10-02,TPEX,8107,大億金茂,11.85,12.0,11.8,11.95,51825.0
2026-10-02,TPEX,8109,博大,144.5,148.0,143.5,146.5,640914.0
2026-10-02,TPEX,8111,立碁,80.1,85.8,80.1,85.8,23659567.0
2026-10-02,TPEX,8121,越峰,34.65,35.75,33.45,34.1,2905047.0
2026-10-02,TPEX,8147,正淩,147.0,148.0,143.5,143.5,380654.0
2026-10-02,TPEX,8155,博智,316.5,328.5,313.5,323.0,733226.0
2026-10-02,TPEX,8171,天宇,20.1,20.7,20.1,20.65,217252.0
2026-10-02,TPEX,8176,智捷,9.67,9.87,9.63,9.77,60854.0
2026-10-02,TPEX,8182,加高,44.7,48.65,44.5,46.4,7216470.0
2026-10-02,TPEX,8227,巨有科技,363.5,370.0,351.0,370.0,849277.0
2026-10-02,TPEX,8234,新漢,62.8,63.4,62.0,63.3,268281.0
2026-10-02,TPEX,8240,華宏,59.0,60.9,58.2,60.6,2774448.0
2026-10-02,TPEX,8255,朋程,151.0,155.0,148.5,153.0,496543.0
2026-10-02,TPEX,8272,全景軟體,62.1,63.2,61.9,62.0,8229.0
2026-10-02,TPEX,8277,商丞,15.7,15.7,15.0,15.2,114049.0
2026-10-02,TPEX,8279,生展,80.6,80.9,79.5,79.5,20263.0
2026-10-02,TPEX,8284,三竹,68.0,68.0,67.7,67.8,7397.0
2026-10-02,TPEX,8289,泰藝,53.8,56.1,53.5,56.1,1925352.0
2026-10-02,TPEX,8291,尚茂,28.35,28.6,28.0,28.6,17621.0
2026-10-02,TPEX,8299,群聯,2130.0,2140.0,2085.0,2095.0,2181073.0
2026-10-02,TPEX,8342,益張,83.5,83.5,83.5,83.5,1002.0
2026-10-02,TPEX,8349,恒耀,40.5,40.5,40.2,40.4,58042.0
2026-10-02,TPEX,8354,冠好,16.8,16.9,16.75,16.75,53648.0
2026-10-02,TPEX,8358,金居,514.0,536.0,511.0,519.0,20101469.0
2026-10-02,TPEX,8383,千附,68.0,68.7,67.6,68.4,555778.0
2026-10-02,TPEX,8390,金益鼎,91.5,91.5,90.4,90.5,201933.0
2026-10-02,TPEX,8401,白紗科,22.7,22.8,22.7,22.8,23463.0
2026-10-02,TPEX,8403,盛弘,18.9,18.95,18.85,18.9,42822.0
2026-10-02,TPEX,8409,商之器,18.05,18.05,17.95,18.05,27005.0
2026-10-02,TPEX,8410,森田,27.95,28.0,27.5,27.7,28069.0
2026-10-02,TPEX,8415,大國鋼,35.45,35.5,35.2,35.25,212874.0
2026-10-02,TPEX,8416,實威,170.5,171.5,170.5,171.0,9590.0
2026-10-02,TPEX,8421,旭源,12.95,13.0,12.95,13.0,22525.0
2026-10-02,TPEX,8423,保綠-KY,17.75,18.0,17.75,18.0,21174.0
2026-10-02,TPEX,8424,惠普,69.6,69.6,69.6,69.6,2014.0
2026-10-02,TPEX,8426,紅木-KY,20.5,20.6,20.45,20.6,13093.0
2026-10-02,TPEX,8431,匯鑽科,64.7,65.3,63.4,64.1,681583.0
2026-10-02,TPEX,8432,東生華,50.6,51.2,50.6,51.1,38962.0
2026-10-02,TPEX,8433,弘帆,52.8,53.0,52.6,52.8,15193.0
2026-10-02,TPEX,8435,鉅邁,53.0,53.3,53.0,53.2,11673.0
2026-10-02,TPEX,8436,大江,105.0,105.0,104.0,104.0,492974.0
2026-10-02,TPEX,8437,大地-KY,10.9,10.95,10.5,10.5,36228.0
2026-10-02,TPEX,8440,綠電,20.25,20.4,20.2,20.25,29222.0
2026-10-02,TPEX,8444,綠河-KY,,,,,30.0
2026-10-02,TPEX,8446,華研,85.0,85.0,84.5,84.5,24996.0
2026-10-02,TPEX,8450,霹靂,14.2,14.3,14.05,14.25,22115.0
2026-10-02,TPEX,8455,大拓-KY,,,,,82.0
2026-10-02,TPEX,8472,納維康,65.5,69.2,64.0,65.3,93050.0
2026-10-02,TPEX,8477,創業家,14.2,14.2,14.0,14.05,13134.0
2026-10-02,TPEX,8489,三貝德,21.85,22.25,21.8,22.25,60623.0
2026-10-02,TPEX,8905,裕國,,,,,299.0
2026-10-02,TPEX,8906,花王,28.7,28.7,28.4,28.5,10689.0
2026-10-02,TPEX,8908,欣雄,40.1,40.2,39.75,39.8,32323.0
2026-10-02,TPEX,8916,光隆,41.0,41.0,40.8,40.95,56541.0
2026-10-02,TPEX,8917,欣泰,,,,,1.0
2026-10-02,TPEX,8921,沈氏,16.0,16.5,16.0,16.45,3100.0
2026-10-02,TPEX,8923,時報,,,,,0.0
2026-10-02,TPEX,8924,大田,49.9,49.9,49.5,49.5,30058.0
2026-10-02,TPEX,8927,北基,19.2,19.25,18.95,19.15,47529.0
2026-10-02,TPEX,8928,鉅明,22.8,22.9,22.75,22.9,4196.0
2026-10-02,TPEX,8929,富堡,13.1,13.1,13.1,13.1,3688.0
2026-10-02,TPEX,8930,青鋼,28.7,28.7,28.5,28.6,30088.0
2026-10-02,TPEX,8931,大汽電,43.1,43.1,42.5,42.85,13209.0
2026-10-02,TPEX,8932,智通*,92.3,92.3,90.8,91.1,1055051.0
2026-10-02,TPEX,8933,愛地雅,4.5,4.59,4.43,4.59,45398.0
2026-10-02,TPEX,8935,邦泰,19.2,19.2,18.95,19.2,82539.0
2026-10-02,TPEX,8936,國統,52.7,52.8,52.1,52.3,1127876.0
2026-10-02,TPEX,8937,合騏*,24.85,25.45,24.85,25.2,54311.0
2026-10-02,TPEX,8938,明安,52.2,52.6,52.0,52.2,59445.0
2026-10-02,TPEX,8941,關中,43.25,44.0,43.25,44.0,6001.0
2026-10-02,TPEX,8942,森鉅,40.2,40.2,39.95,40.05,138224.0
2026-10-02,TPEX,9949,琉園,24.3,24.45,24.25,24.3,10957.0
2026-10-02,TPEX,9950,萬國通,10.15,10.25,10.15,10.2,11969.0
2026-10-02,TPEX,9951,皇田,46.7,46.9,46.55,46.9,71164.0
2026-10-02,TPEX,9960,邁達康,38.0,38.2,37.6,38.0,1245767.0
2026-10-02,TPEX,9962,有益,10.45,10.45,10.3,10.35,79276.0
