date,market,stock_id,name,open,high,low,close,volume
2026-08-12,TWSE,1101,台泥,24.55,24.8,24.3,24.65,19811272.0
2026-08-12,TWSE,1102,亞泥,32.85,33.0,32.35,32.45,8219126.0
2026-08-12,TWSE,1103,嘉泥,13.2,13.25,13.15,13.2,151624.0
2026-08-12,TWSE,1104,環泥,26.55,26.9,26.55,26.65,369978.0
2026-08-12,TWSE,1108,幸福,11.95,11.95,11.75,11.85,859818.0
2026-08-12,TWSE,1109,信大,13.6,13.65,13.5,13.55,70393.0
2026-08-12,TWSE,1110,東泥,16.3,16.35,16.05,16.3,249147.0
2026-08-12,TWSE,1201,味全,12.2,12.25,12.1,12.15,252582.0
2026-08-12,TWSE,1203,味王,45.9,46.05,45.3,45.95,15782.0
2026-08-12,TWSE,1210,大成,53.2,54.2,53.2,53.9,2779799.0
2026-08-12,TWSE,1213,大飲,7.89,7.9,7.72,7.77,27185.0
2026-08-12,TWSE,1215,卜蜂,108.5,110.5,108.0,109.0,946762.0
2026-08-12,TWSE,1216,統一,75.1,75.9,74.9,75.9,12354914.0
2026-08-12,TWSE,1217,愛之味,9.83,9.9,9.81,9.86,244956.0
2026-08-12,TWSE,1218,泰山,15.8,15.85,15.65,15.7,467441.0
2026-08-12,TWSE,1219,福壽,10.8,10.85,10.75,10.85,341035.0
2026-08-12,TWSE,1220,台榮,11.15,11.15,11.15,11.15,17888.0
2026-08-12,TWSE,1225,福懋油,25.0,25.35,24.4,24.6,129125.0
2026-08-12,TWSE,1227,佳格,29.2,29.2,28.85,28.9,795446.0
2026-08-12,TWSE,1229,聯華,41.0,42.0,41.0,41.9,3520070.0
2026-08-12,TWSE,1231,聯華食,80.0,81.6,80.0,81.2,211665.0
2026-08-12,TWSE,1232,大統益,156.5,158.5,154.5,154.5,327386.0
2026-08-12,TWSE,1233,天仁,28.3,28.3,28.0,28.0,24316.0
2026-08-12,TWSE,1234,黑松,33.3,33.5,33.25,33.5,102000.0
2026-08-12,TWSE,1235,興泰,36.45,36.45,36.25,36.25,4435.0
2026-08-12,TWSE,1236,宏亞,25.45,25.7,25.2,25.2,148181.0
2026-08-12,TWSE,1256,鮮活果汁-KY,178.5,183.0,178.5,179.5,60544.0
2026-08-12,TWSE,1301,台塑,55.6,55.9,54.3,55.6,17036831.0
2026-08-12,TWSE,1303,南亞,183.0,191.0,172.5,190.0,102679729.0
2026-08-12,TWSE,1304,台聚,12.2,12.2,11.8,11.95,2096402.0
2026-08-12,TWSE,1305,華夏,11.7,11.7,11.4,11.6,938861.0
2026-08-12,TWSE,1307,三芳,31.0,31.4,30.65,31.0,886462.0
2026-08-12,TWSE,1308,亞聚,13.65,13.65,13.35,13.6,1116535.0
2026-08-12,TWSE,1309,台達化,13.1,13.1,12.75,13.0,957515.0
2026-08-12,TWSE,1310,台苯,8.08,8.1,7.91,8.01,3325759.0
2026-08-12,TWSE,1312,國喬,11.85,11.9,11.55,11.85,6436126.0
2026-08-12,TWSE,1313,聯成,11.6,11.6,11.2,11.3,2767970.0
2026-08-12,TWSE,1314,中石化,7.74,7.79,7.6,7.7,23492928.0
2026-08-12,TWSE,1315,達新,64.4,64.4,63.7,64.4,16240.0
2026-08-12,TWSE,1316,上曜,10.05,10.15,9.99,10.05,1666702.0
2026-08-12,TWSE,1319,東陽,76.8,79.0,76.8,78.8,3323777.0
2026-08-12,TWSE,1321,大洋,32.3,32.35,31.75,31.95,82454.0
2026-08-12,TWSE,1323,永裕,22.05,22.1,21.25,21.55,195283.0
2026-08-12,TWSE,1324,地球,10.1,10.1,9.99,10.0,34338.0
2026-08-12,TWSE,1325,恆大,26.8,26.8,26.25,26.3,302161.0
2026-08-12,TWSE,1326,台化,58.6,58.9,56.8,58.2,19953382.0
2026-08-12,TWSE,1337,再生-KY,4.72,4.74,4.61,4.71,337057.0
2026-08-12,TWSE,1338,廣華-KY,15.2,15.3,14.65,15.15,332769.0
2026-08-12,TWSE,1339,昭輝,45.3,45.6,44.8,45.4,153098.0
2026-08-12,TWSE,1340,勝悅-KY,5.26,5.28,5.18,5.22,229267.0
2026-08-12,TWSE,1341,富林-KY,58.6,58.7,58.3,58.7,12037.0
2026-08-12,TWSE,1342,八貫,104.0,104.0,102.0,102.5,219648.0
2026-08-12,TWSE,1402,遠東新,27.5,27.5,26.95,27.3,20186081.0
2026-08-12,TWSE,1409,新纖,24.8,25.35,23.7,24.25,30455073.0
2026-08-12,TWSE,1410,南染,25.65,26.1,25.4,25.55,62101.0
2026-08-12,TWSE,1413,宏洲,9.35,9.55,9.34,9.49,5119.0
2026-08-12,TWSE,1414,東和,19.7,19.75,19.25,19.3,232069.0
2026-08-12,TWSE,1416,廣豐,11.1,11.1,10.95,10.95,193725.0
2026-08-12,TWSE,1417,嘉裕,8.29,8.32,8.23,8.3,83115.0
2026-08-12,TWSE,1418,東華,17.9,18.0,17.9,18.0,2250.0
2026-08-12,TWSE,1419,新紡,65.1,65.5,65.0,65.4,63391.0
2026-08-12,TWSE,1423,利華,35.5,36.1,35.5,36.1,12345.0
2026-08-12,TWSE,1432,大魯閣,15.3,15.3,15.2,15.3,120025.0
2026-08-12,TWSE,1434,福懋,17.65,17.85,17.45,17.75,2005744.0
2026-08-12,TWSE,1435,中福,24.65,26.2,23.6,23.6,49918.0
2026-08-12,TWSE,1436,華友聯,37.65,37.65,36.95,37.25,1649056.0
2026-08-12,TWSE,1437,勤益控,30.05,30.5,30.0,30.4,96796.0
2026-08-12,TWSE,1438,三地開發,22.45,22.45,22.15,22.45,23070.0
2026-08-12,TWSE,1439,雋揚,29.25,29.3,28.85,28.85,25000.0
2026-08-12,TWSE,1440,南紡,13.45,13.85,13.35,13.7,3440353.0
2026-08-12,TWSE,1441,大東,8.88,9.0,8.88,8.88,10370.0
2026-08-12,TWSE,1442,名軒,29.9,30.2,29.65,29.85,112648.0
2026-08-12,TWSE,1443,立益物流,0.0,0.0,0.0,0.0,378.0
2026-08-12,TWSE,1444,力麗,7.25,7.25,7.05,7.14,1144806.0
2026-08-12,TWSE,1445,大宇,10.4,10.4,10.15,10.2,180540.0
2026-08-12,TWSE,1446,宏和,13.9,14.0,13.8,14.0,88928.0
2026-08-12,TWSE,1447,力鵬,7.1,7.1,6.93,7.0,1530469.0
2026-08-12,TWSE,1449,佳和,12.9,12.9,12.55,12.65,217415.0
2026-08-12,TWSE,1451,年興,17.55,17.55,17.25,17.5,150604.0
2026-08-12,TWSE,1452,宏益,11.2,11.35,11.2,11.3,12668.0
2026-08-12,TWSE,1453,大將,11.1,11.1,11.0,11.0,67603.0
2026-08-12,TWSE,1454,台富,12.8,12.8,12.8,12.8,1123.0
2026-08-12,TWSE,1455,集盛,9.8,9.81,9.3,9.6,2117703.0
2026-08-12,TWSE,1456,怡華,14.4,14.4,13.8,13.8,60238.0
2026-08-12,TWSE,1457,宜進,14.15,14.25,14.1,14.15,51178.0
2026-08-12,TWSE,1459,聯發,13.9,13.95,13.1,13.7,438462.0
2026-08-12,TWSE,1460,宏遠,6.66,6.72,6.62,6.67,176651.0
2026-08-12,TWSE,1463,強盛新,17.6,17.85,17.5,17.85,43563.0
2026-08-12,TWSE,1464,得力,10.45,10.45,10.15,10.2,424427.0
2026-08-12,TWSE,1465,偉全,12.3,12.4,12.1,12.35,152295.0
2026-08-12,TWSE,1466,聚隆,16.95,16.95,16.25,16.75,449532.0
2026-08-12,TWSE,1467,南緯,9.79,9.79,9.0,9.17,601588.0
2026-08-12,TWSE,1468,昶和,13.45,13.45,13.15,13.4,34000.0
2026-08-12,TWSE,1470,大統新創,23.35,23.5,23.35,23.4,22100.0
2026-08-12,TWSE,1471,首利,9.46,9.58,9.4,9.42,96272.0
2026-08-12,TWSE,1472,三洋實業,87.7,89.0,87.7,89.0,12022.0
2026-08-12,TWSE,1473,台南,20.0,20.2,20.0,20.2,61867.0
2026-08-12,TWSE,1474,弘裕,10.1,10.1,9.95,10.1,33012.0
2026-08-12,TWSE,1475,業旺,27.2,27.2,26.9,27.15,40045.0
2026-08-12,TWSE,1476,儒鴻,336.0,341.5,329.0,332.0,1642044.0
2026-08-12,TWSE,1477,聚陽,224.0,224.0,221.0,221.5,1552601.0
2026-08-12,TWSE,1503,士電,195.5,198.0,192.0,197.0,1568410.0
2026-08-12,TWSE,1504,東元,67.2,67.4,66.3,67.4,3855863.0
2026-08-12,TWSE,1506,正道,10.6,10.6,10.35,10.6,198976.0
2026-08-12,TWSE,1512,瑞利,6.5,6.71,6.5,6.56,72808.0
2026-08-12,TWSE,1513,中興電,159.5,160.5,157.5,160.5,1759690.0
2026-08-12,TWSE,1514,亞力,101.0,102.0,100.0,102.0,1092809.0
2026-08-12,TWSE,1515,力山,31.5,31.7,29.6,31.2,2043597.0
2026-08-12,TWSE,1516,川飛,14.5,15.4,14.5,15.4,45980.0
2026-08-12,TWSE,1517,利奇,11.85,12.8,11.75,12.3,3039002.0
2026-08-12,TWSE,1519,華城,668.0,710.0,666.0,703.0,1993348.0
2026-08-12,TWSE,1521,大億,25.2,25.25,25.0,25.0,22785.0
2026-08-12,TWSE,1522,堤維西,28.15,28.25,27.6,28.25,492096.0
2026-08-12,TWSE,1524,耿鼎,27.15,27.3,26.85,27.2,246232.0
2026-08-12,TWSE,1525,江申,67.7,68.1,67.5,67.5,10009.0
2026-08-12,TWSE,1526,日馳,18.3,19.2,17.75,19.0,1281048.0
2026-08-12,TWSE,1527,鑽全,32.5,33.05,32.5,32.7,140425.0
2026-08-12,TWSE,1528,恩德,19.0,19.4,18.85,19.0,768535.0
2026-08-12,TWSE,1529,樂事綠能,17.1,17.15,16.55,16.9,404672.0
2026-08-12,TWSE,1530,亞崴,27.4,29.2,27.4,28.8,95687.0
2026-08-12,TWSE,1531,高林股,12.85,13.05,12.8,13.05,99737.0
2026-08-12,TWSE,1532,勤美,21.75,21.9,21.7,21.85,272930.0
2026-08-12,TWSE,1533,車王電,33.65,33.65,31.8,32.1,172216.0
2026-08-12,TWSE,1535,中宇,46.75,46.75,46.0,46.05,55050.0
2026-08-12,TWSE,1536,和大,52.0,52.0,50.8,51.2,1037576.0
2026-08-12,TWSE,1537,廣隆,127.0,128.0,126.5,127.0,100613.0
2026-08-12,TWSE,1538,正峰,0.0,0.0,0.0,0.0,551.0
2026-08-12,TWSE,1539,巨庭,16.35,16.7,16.35,16.4,182417.0
2026-08-12,TWSE,1540,喬福,19.8,19.95,19.65,19.65,178737.0
2026-08-12,TWSE,1541,錩泰,21.6,21.6,21.35,21.5,26135.0
2026-08-12,TWSE,1558,伸興,94.6,95.4,94.6,95.4,143501.0
2026-08-12,TWSE,1560,中砂,680.0,691.0,668.0,687.0,780970.0
2026-08-12,TWSE,1563,巧新,56.0,62.1,55.9,62.1,4033953.0
2026-08-12,TWSE,1568,倉佑,28.3,28.95,28.15,28.5,206488.0
2026-08-12,TWSE,1582,信錦,73.6,75.6,73.5,75.3,891010.0
2026-08-12,TWSE,1583,程泰,50.0,50.0,49.05,49.55,32612.0
2026-08-12,TWSE,1587,吉茂,24.2,24.3,23.9,24.25,124277.0
2026-08-12,TWSE,1590,亞德客-KY,1565.0,1575.0,1510.0,1560.0,765739.0
2026-08-12,TWSE,1597,直得,147.0,152.5,144.5,148.0,2019198.0
2026-08-12,TWSE,1598,岱宇,20.45,20.65,20.2,20.6,363241.0
2026-08-12,TWSE,1603,華電,29.3,29.5,29.0,29.4,194090.0
2026-08-12,TWSE,1604,聲寶,23.3,23.3,23.2,23.25,110057.0
2026-08-12,TWSE,1605,華新,37.9,38.85,37.05,38.3,50213216.0
2026-08-12,TWSE,1608,華榮,35.95,37.0,35.8,36.45,8146839.0
2026-08-12,TWSE,1609,大亞,37.0,37.55,36.7,37.15,3627337.0
2026-08-12,TWSE,1611,中電,11.9,11.9,11.75,11.9,312636.0
2026-08-12,TWSE,1612,宏泰,33.1,34.15,33.05,34.0,2281138.0
2026-08-12,TWSE,1614,三洋電,31.0,31.0,30.75,30.95,16145.0
2026-08-12,TWSE,1615,大山,42.25,42.55,42.15,42.25,154432.0
2026-08-12,TWSE,1616,億泰,19.95,19.95,19.45,19.6,190081.0
2026-08-12,TWSE,1617,榮星,19.1,19.45,18.7,19.0,672769.0
2026-08-12,TWSE,1618,合機,40.5,40.85,40.15,40.8,882312.0
2026-08-12,TWSE,1623,大東電,208.5,209.5,207.0,208.0,51550.0
2026-08-12,TWSE,1626,艾美特-KY,9.59,9.64,9.54,9.54,43499.0
2026-08-12,TWSE,1702,南僑,33.35,33.6,33.3,33.35,115472.0
2026-08-12,TWSE,1707,葡萄王,89.6,90.0,89.3,89.6,284788.0
2026-08-12,TWSE,1708,東鹼,49.5,49.85,48.8,49.25,1885892.0
2026-08-12,TWSE,1709,和益,26.75,27.7,26.2,27.4,4292157.0
2026-08-12,TWSE,1710,東聯,14.5,15.1,14.5,14.95,6154488.0
2026-08-12,TWSE,1711,永光,37.9,39.3,37.15,37.85,12713443.0
2026-08-12,TWSE,1712,興農,39.25,39.55,39.05,39.4,754952.0
2026-08-12,TWSE,1713,國化,43.85,45.65,43.8,44.9,219847.0
2026-08-12,TWSE,1714,和桐,16.45,17.2,16.25,16.65,23078549.0
2026-08-12,TWSE,1717,長興,69.5,73.5,68.9,71.9,18128262.0
2026-08-12,TWSE,1718,中纖,10.2,10.35,10.15,10.2,21026905.0
2026-08-12,TWSE,1720,生達,56.5,56.6,56.2,56.4,129959.0
2026-08-12,TWSE,1721,三晃,20.1,20.25,19.6,19.8,543595.0
2026-08-12,TWSE,1722,台肥,46.1,46.2,45.75,46.1,1221733.0
2026-08-12,TWSE,1723,中碳,86.3,87.7,84.8,85.2,419530.0
2026-08-12,TWSE,1725,元禎,30.9,31.6,30.5,30.6,47617.0
2026-08-12,TWSE,1726,永記,77.1,78.2,77.0,77.4,24627.0
2026-08-12,TWSE,1727,中華化,76.1,77.5,75.0,76.6,2510438.0
2026-08-12,TWSE,1730,花仙子,51.7,51.8,51.4,51.4,27971.0
2026-08-12,TWSE,1731,美吾華,21.1,21.2,20.5,21.05,302445.0
2026-08-12,TWSE,1732,毛寶,26.7,26.7,25.85,26.1,423473.0
2026-08-12,TWSE,1733,五鼎,31.2,31.3,30.8,30.85,173522.0
2026-08-12,TWSE,1734,杏輝,31.7,32.0,31.5,31.55,184404.0
2026-08-12,TWSE,1735,日勝化,20.55,20.75,20.15,20.15,104043.0
2026-08-12,TWSE,1736,喬山,139.5,146.0,137.0,145.0,1310499.0
2026-08-12,TWSE,1737,臺鹽,31.95,32.0,31.9,31.9,119335.0
2026-08-12,TWSE,1752,南光,31.9,32.1,31.6,32.1,49631.0
2026-08-12,TWSE,1760,寶齡富錦,59.2,59.3,58.5,59.3,70418.0
2026-08-12,TWSE,1762,中化生,36.6,36.6,35.8,36.1,219155.0
2026-08-12,TWSE,1773,勝一,164.0,164.0,161.0,161.0,471742.0
2026-08-12,TWSE,1776,展宇,16.65,17.1,16.65,17.05,46211.0
2026-08-12,TWSE,1783,和康生,41.0,41.0,39.85,40.25,167197.0
2026-08-12,TWSE,1786,科妍,50.8,51.7,50.7,51.2,105766.0
2026-08-12,TWSE,1789,神隆,18.8,19.0,18.6,18.95,366053.0
2026-08-12,TWSE,1795,美時,188.5,190.0,184.5,189.0,1249652.0
2026-08-12,TWSE,1802,台玻,54.7,56.2,54.5,55.9,26836457.0
2026-08-12,TWSE,1805,寶徠,9.99,9.99,9.95,9.99,36199.0
2026-08-12,TWSE,1806,冠軍,8.04,8.04,7.98,8.0,74615.0
2026-08-12,TWSE,1808,潤隆,33.0,33.0,32.05,32.45,2163855.0
2026-08-12,TWSE,1809,中釉,42.2,43.95,41.1,41.95,7888700.0
2026-08-12,TWSE,1810,和成,24.35,25.15,23.75,24.8,6218385.0
2026-08-12,TWSE,1817,凱撒衛,38.45,38.6,38.4,38.55,24382.0
2026-08-12,TWSE,1903,士紙,47.25,47.4,47.0,47.1,75564.0
2026-08-12,TWSE,1904,正隆,24.2,24.5,24.0,24.5,4551447.0
2026-08-12,TWSE,1905,華紙,13.45,13.45,13.15,13.4,1547345.0
2026-08-12,TWSE,1906,寶隆,11.1,11.15,11.0,11.1,110255.0
2026-08-12,TWSE,1907,永豐餘,31.2,31.2,30.05,30.25,1995871.0
2026-08-12,TWSE,1909,榮成,10.1,10.2,10.0,10.1,2004644.0
2026-08-12,TWSE,2002,中鋼,19.8,19.9,19.55,19.75,83235700.0
2026-08-12,TWSE,2006,東和鋼鐵,86.4,86.5,84.1,85.5,3463974.0
2026-08-12,TWSE,2007,燁興,7.22,7.22,7.08,7.14,194341.0
2026-08-12,TWSE,2008,高興昌,30.6,30.75,30.5,30.75,17534.0
2026-08-12,TWSE,2009,第一銅,40.0,40.5,39.35,40.05,2392519.0
2026-08-12,TWSE,2010,春源,23.35,23.4,22.85,23.0,1983445.0
2026-08-12,TWSE,2012,春雨,15.15,15.2,15.1,15.15,35762.0
2026-08-12,TWSE,2013,中鋼構,41.45,42.6,41.3,41.4,172993.0
2026-08-12,TWSE,2014,中鴻,17.85,17.9,17.35,17.65,3386717.0
2026-08-12,TWSE,2015,豐興,65.5,65.6,64.3,64.6,304660.0
2026-08-12,TWSE,2017,官田鋼,9.12,9.12,8.89,8.9,407001.0
2026-08-12,TWSE,2020,美亞,21.75,21.75,21.05,21.2,467409.0
2026-08-12,TWSE,2022,聚亨,7.91,7.95,7.75,7.8,413523.0
2026-08-12,TWSE,2023,燁輝,13.95,14.0,13.85,13.85,529100.0
2026-08-12,TWSE,2024,志聯,13.8,13.8,13.5,13.5,5300.0
2026-08-12,TWSE,2025,千興,12.9,12.9,12.2,12.7,2586836.0
2026-08-12,TWSE,2027,大成鋼,47.5,47.75,46.0,46.45,14988975.0
2026-08-12,TWSE,2028,威致,15.6,15.8,15.5,15.55,99626.0
2026-08-12,TWSE,2029,盛餘,21.3,21.35,21.0,21.3,402554.0
2026-08-12,TWSE,2030,彰源,21.4,21.9,20.65,21.15,8714886.0
2026-08-12,TWSE,2031,新光鋼,46.5,47.5,45.65,46.1,2531685.0
2026-08-12,TWSE,2032,新鋼,18.0,18.1,17.3,17.3,1655856.0
2026-08-12,TWSE,2033,佳大,19.4,20.55,19.05,20.55,2977506.0
2026-08-12,TWSE,2034,允強,20.35,20.6,20.2,20.45,2190329.0
2026-08-12,TWSE,2038,海光,13.15,13.25,12.9,13.0,265934.0
2026-08-12,TWSE,2049,上銀,381.0,384.0,360.0,368.0,7314735.0
2026-08-12,TWSE,2059,川湖,11700.0,12540.0,11615.0,12315.0,478258.0
2026-08-12,TWSE,2062,橋椿,18.9,18.9,18.65,18.75,126784.0
2026-08-12,TWSE,2069,運錩,20.0,20.35,19.95,20.05,772553.0
2026-08-12,TWSE,2072,世紀風電,154.5,154.5,152.0,152.5,278513.0
2026-08-12,TWSE,2101,南港,34.0,34.2,33.3,33.8,2277279.0
2026-08-12,TWSE,2102,泰豐,18.65,18.95,18.5,18.8,234377.0
2026-08-12,TWSE,2103,台橡,27.8,28.95,27.5,28.65,38321753.0
2026-08-12,TWSE,2104,國際中橡,10.45,10.5,10.3,10.4,2935745.0
2026-08-12,TWSE,2105,正新,31.5,31.85,31.15,31.8,3850897.0
2026-08-12,TWSE,2106,建大,18.35,18.9,18.2,18.9,1667192.0
2026-08-12,TWSE,2107,厚生,25.45,25.7,25.4,25.5,214961.0
2026-08-12,TWSE,2108,南帝,30.0,30.05,29.45,29.75,1354278.0
2026-08-12,TWSE,2109,華豐,14.5,14.7,14.5,14.65,84944.0
2026-08-12,TWSE,2114,鑫永銓,88.0,88.0,87.6,88.0,30727.0
2026-08-12,TWSE,2115,六暉-KY,23.4,23.4,22.8,23.0,98922.0
2026-08-12,TWSE,2201,裕隆,27.55,27.75,27.35,27.75,1310544.0
2026-08-12,TWSE,2204,中華,51.8,51.9,51.2,51.8,651607.0
2026-08-12,TWSE,2206,三陽工業,62.3,62.6,61.3,62.0,623768.0
2026-08-12,TWSE,2207,和泰車,514.0,519.0,508.0,511.0,345517.0
2026-08-12,TWSE,2208,台船,19.2,19.25,18.9,19.15,2400832.0
2026-08-12,TWSE,2211,長榮鋼,88.1,88.6,87.8,88.5,488458.0
2026-08-12,TWSE,2227,裕日車,48.9,49.3,48.9,49.0,13330.0
2026-08-12,TWSE,2228,劍麟,75.2,75.2,74.1,74.2,184338.0
2026-08-12,TWSE,2231,為升,99.0,103.0,97.3,103.0,438317.0
2026-08-12,TWSE,2233,宇隆,201.5,205.0,199.0,201.0,458652.0
2026-08-12,TWSE,2236,百達-KY,136.0,136.0,125.0,136.0,799445.0
2026-08-12,TWSE,2237,華德動能-創,26.85,27.15,26.65,27.05,486179.0
2026-08-12,TWSE,2239,英利-KY,19.3,19.85,19.05,19.2,166492.0
2026-08-12,TWSE,2241,艾姆勒,32.6,34.0,32.05,33.35,337354.0
2026-08-12,TWSE,2243,宏旭-KY,39.65,40.6,39.35,40.3,195978.0
2026-08-12,TWSE,2247,汎德永業,228.0,229.0,227.0,229.0,25318.0
2026-08-12,TWSE,2248,華勝-KY,61.0,61.7,56.7,56.9,281385.0
2026-08-12,TWSE,2250,IKKA-KY,60.0,60.8,59.6,59.7,48693.0
2026-08-12,TWSE,2254,巨鎧精密-創,60.9,60.9,60.9,60.9,1147.0
2026-08-12,TWSE,2258,鴻華先進-創,30.2,31.15,30.2,31.15,545961.0
2026-08-12,TWSE,2301,光寶科,274.0,277.5,258.5,268.5,48867762.0
2026-08-12,TWSE,2302,麗正,43.95,46.7,43.7,46.05,8410646.0
2026-08-12,TWSE,2303,聯電,121.5,124.5,120.0,123.0,79882055.0
2026-08-12,TWSE,2305,全友,28.7,28.8,27.1,27.25,5158329.0
2026-08-12,TWSE,2308,台達電,1835.0,1865.0,1785.0,1805.0,18963715.0
2026-08-12,TWSE,2312,金寶,32.95,34.5,32.5,32.85,19422269.0
2026-08-12,TWSE,2313,華通,210.5,215.0,205.5,211.5,26402591.0
2026-08-12,TWSE,2314,台揚,11.5,11.5,11.2,11.5,252298.0
2026-08-12,TWSE,2316,楠梓電,168.5,179.0,167.0,172.0,3375318.0
2026-08-12,TWSE,2317,鴻海,266.0,266.0,260.5,263.0,24592444.0
2026-08-12,TWSE,2321,東訊,15.4,15.95,15.05,15.6,39097.0
2026-08-12,TWSE,2323,中環,10.25,10.3,10.1,10.2,2839164.0
2026-08-12,TWSE,2324,仁寶,36.3,36.5,35.65,36.3,25357342.0
2026-08-12,TWSE,2327,國巨*,568.0,623.0,567.0,617.0,81650622.0
2026-08-12,TWSE,2328,廣宇,47.0,47.0,45.65,46.1,1808852.0
2026-08-12,TWSE,2329,華泰,44.4,44.85,43.7,44.5,1829046.0
2026-08-12,TWSE,2330,台積電,2390.0,2405.0,2375.0,2395.0,18247582.0
2026-08-12,TWSE,2331,精英,19.65,19.7,19.1,19.2,1678218.0
2026-08-12,TWSE,2332,友訊,23.75,23.8,22.55,22.6,38661980.0
2026-08-12,TWSE,2337,旺宏,134.0,139.0,129.0,132.5,145294276.0
2026-08-12,TWSE,2338,光罩,40.1,40.4,39.25,39.9,815165.0
2026-08-12,TWSE,2340,台亞,32.0,32.3,30.7,31.05,2438363.0
2026-08-12,TWSE,2342,茂矽,37.6,38.1,36.35,37.05,1612599.0
2026-08-12,TWSE,2344,華邦電,178.0,181.0,172.5,178.0,194693938.0
2026-08-12,TWSE,2345,智邦,2140.0,2150.0,2075.0,2135.0,3575999.0
2026-08-12,TWSE,2347,聯強,91.4,91.5,89.4,91.0,5287542.0
2026-08-12,TWSE,2348,海悅,71.1,71.1,70.0,70.5,429728.0
2026-08-12,TWSE,2349,錸德,11.15,11.15,10.85,11.05,1376783.0
2026-08-12,TWSE,2351,順德,166.0,170.5,165.0,169.5,1747018.0
2026-08-12,TWSE,2352,佳世達,29.7,29.85,28.7,28.9,8208214.0
2026-08-12,TWSE,2353,宏碁,30.9,31.05,30.5,31.05,12528592.0
2026-08-12,TWSE,2354,鴻準,63.1,63.9,61.7,62.7,17068770.0
2026-08-12,TWSE,2355,敬鵬,42.0,42.55,41.4,42.5,2446162.0
2026-08-12,TWSE,2356,英業達,65.9,66.0,64.2,65.1,14648753.0
2026-08-12,TWSE,2357,華碩,818.0,839.0,812.0,839.0,3062368.0
2026-08-12,TWSE,2359,所羅門,150.0,150.0,139.0,140.5,8641639.0
2026-08-12,TWSE,2360,致茂,2025.0,2130.0,1965.0,2080.0,1801664.0
2026-08-12,TWSE,2362,藍天,46.8,47.35,45.6,47.3,1973469.0
2026-08-12,TWSE,2363,矽統,54.2,57.3,53.3,57.0,9332065.0
2026-08-12,TWSE,2364,倫飛,76.0,76.0,74.1,76.0,235545.0
2026-08-12,TWSE,2365,昆盈,30.85,31.15,30.35,31.05,933897.0
2026-08-12,TWSE,2367,燿華,44.7,45.0,43.35,44.75,7656582.0
2026-08-12,TWSE,2368,金像電,917.0,984.0,915.0,964.0,12989095.0
2026-08-12,TWSE,2369,菱生,33.85,33.9,32.6,33.1,4215002.0
2026-08-12,TWSE,2371,大同,26.0,26.6,24.9,25.95,15969288.0
2026-08-12,TWSE,2373,震旦行,53.3,54.0,53.2,53.4,29277.0
2026-08-12,TWSE,2374,佳能,72.6,73.0,71.1,71.1,3589722.0
2026-08-12,TWSE,2375,凱美,122.0,133.0,122.0,128.5,12803891.0
2026-08-12,TWSE,2376,技嘉,349.5,353.0,346.5,350.5,4100430.0
2026-08-12,TWSE,2377,微星,155.0,155.5,152.5,154.0,5984672.0
2026-08-12,TWSE,2379,瑞昱,758.0,780.0,758.0,772.0,2362237.0
2026-08-12,TWSE,2380,虹光,19.1,19.3,19.1,19.3,16230.0
2026-08-12,TWSE,2382,廣達,312.5,316.5,309.5,315.5,15798104.0
2026-08-12,TWSE,2383,台光電,5300.0,5535.0,5240.0,5535.0,2826640.0
2026-08-12,TWSE,2385,群光,103.0,105.0,102.0,104.5,3324574.0
2026-08-12,TWSE,2387,精元,37.55,37.55,37.05,37.15,660035.0
2026-08-12,TWSE,2388,威盛,80.3,82.3,78.8,79.2,4178561.0
2026-08-12,TWSE,2390,云辰,10.6,10.6,10.4,10.4,309277.0
2026-08-12,TWSE,2392,正崴,38.5,40.0,38.05,39.6,4060833.0
2026-08-12,TWSE,2393,億光,62.4,64.4,61.6,64.2,3108269.0
2026-08-12,TWSE,2395,研華,660.0,672.0,644.0,661.0,4204762.0
2026-08-12,TWSE,2397,友通,67.1,67.8,64.3,67.7,1934435.0
2026-08-12,TWSE,2399,映泰,43.05,43.75,42.45,42.45,3691057.0
2026-08-12,TWSE,2401,凌陽,28.1,28.1,27.25,27.4,2338939.0
2026-08-12,TWSE,2402,毅嘉,55.1,56.1,54.7,55.6,1020003.0
2026-08-12,TWSE,2404,漢唐,1170.0,1170.0,1140.0,1150.0,1119642.0
2026-08-12,TWSE,2405,輔信,16.4,16.4,15.85,15.95,1067654.0
2026-08-12,TWSE,2406,國碩,32.15,32.6,31.75,31.75,5541596.0
2026-08-12,TWSE,2408,南亞科,491.5,500.0,474.0,489.0,114281944.0
2026-08-12,TWSE,2409,友達,27.85,27.9,25.9,26.1,459870993.0
2026-08-12,TWSE,2412,中華電,136.5,137.0,136.0,136.0,8042851.0
2026-08-12,TWSE,2413,環科,45.5,46.0,44.15,44.25,2091358.0
2026-08-12,TWSE,2414,精技,53.2,54.3,51.3,51.9,1958156.0
2026-08-12,TWSE,2415,錩新,30.6,30.6,30.05,30.15,213083.0
2026-08-12,TWSE,2417,圓剛,45.2,45.5,43.65,43.8,3681947.0
2026-08-12,TWSE,2419,仲琦,24.95,24.95,24.4,24.65,294420.0
2026-08-12,TWSE,2420,新巨,57.5,58.2,56.9,57.1,745776.0
2026-08-12,TWSE,2421,建準,148.5,151.5,147.0,151.5,2323901.0
2026-08-12,TWSE,2423,固緯,71.8,74.6,71.8,72.9,154753.0
2026-08-12,TWSE,2424,隴華,8.71,9.06,8.36,8.65,25000.0
2026-08-12,TWSE,2425,承啟,48.25,48.85,44.8,45.95,9298048.0
2026-08-12,TWSE,2426,鼎元,67.0,68.1,64.7,64.7,10892529.0
2026-08-12,TWSE,2427,三商電,21.9,21.9,21.4,21.7,562423.0
2026-08-12,TWSE,2428,興勤,230.0,238.0,228.0,231.5,727310.0
2026-08-12,TWSE,2429,銘旺科,31.4,32.5,30.5,31.75,499806.0
2026-08-12,TWSE,2430,燦坤,17.25,17.25,17.0,17.1,53187.0
2026-08-12,TWSE,2431,聯昌,10.1,10.5,10.1,10.45,201848.0
2026-08-12,TWSE,2432,倚天酷碁-創,28.4,28.5,28.1,28.4,26084.0
2026-08-12,TWSE,2433,互盛電,41.7,41.9,41.7,41.9,9124.0
2026-08-12,TWSE,2434,統懋,50.5,50.8,48.2,49.0,908457.0
2026-08-12,TWSE,2436,偉詮電,66.4,68.4,66.2,67.0,5143285.0
2026-08-12,TWSE,2438,翔耀,17.9,19.25,17.9,19.25,276598.0
2026-08-12,TWSE,2439,美律,82.3,82.6,81.1,81.9,2141212.0
2026-08-12,TWSE,2440,太空梭,16.0,16.0,15.25,15.75,317070.0
2026-08-12,TWSE,2441,超豐,127.5,129.5,119.5,124.0,13614834.0
2026-08-12,TWSE,2442,新美齊,19.65,19.7,19.4,19.5,773403.0
2026-08-12,TWSE,2444,兆勁,11.4,11.5,11.2,11.2,153554.0
2026-08-12,TWSE,2449,京元電子,243.0,250.5,238.5,246.0,17657100.0
2026-08-12,TWSE,2450,神腦,28.4,28.4,28.15,28.25,238055.0
2026-08-12,TWSE,2451,創見,292.5,293.5,284.0,286.0,5740683.0
2026-08-12,TWSE,2453,凌群,52.6,52.6,52.1,52.2,165593.0
2026-08-12,TWSE,2454,聯發科,3900.0,4050.0,3810.0,4020.0,7709240.0
2026-08-12,TWSE,2455,全新,365.0,373.5,358.5,367.5,3560254.0
2026-08-12,TWSE,2457,飛宏,23.9,23.9,23.05,23.25,1164104.0
2026-08-12,TWSE,2458,義隆,144.5,146.5,144.0,145.5,3038711.0
2026-08-12,TWSE,2459,敦吉,66.6,66.6,65.5,65.8,57273.0
2026-08-12,TWSE,2460,建通,31.0,32.1,30.85,31.35,307291.0
2026-08-12,TWSE,2461,光群雷,17.5,17.65,17.25,17.25,745714.0
2026-08-12,TWSE,2462,良得電,19.5,19.65,19.3,19.65,171466.0
2026-08-12,TWSE,2464,盟立,180.0,196.0,176.0,187.5,26698078.0
2026-08-12,TWSE,2465,麗臺,94.6,95.8,86.8,86.9,5914780.0
2026-08-12,TWSE,2466,冠西電,95.0,95.2,87.4,92.0,2823804.0
2026-08-12,TWSE,2467,志聖,549.0,549.0,529.0,532.0,1100899.0
2026-08-12,TWSE,2468,華經,35.2,35.6,34.45,34.6,247705.0
2026-08-12,TWSE,2471,資通,49.5,50.2,49.4,50.1,153390.0
2026-08-12,TWSE,2472,立隆電,237.5,257.5,236.5,244.5,6116074.0
2026-08-12,TWSE,2474,可成,200.0,208.5,200.0,206.0,6757977.0
2026-08-12,TWSE,2476,鉅祥,127.0,127.0,122.0,124.5,1580685.0
2026-08-12,TWSE,2477,美隆電,22.05,22.3,21.95,21.95,151684.0
2026-08-12,TWSE,2478,大毅,120.0,131.0,119.5,121.0,16801898.0
2026-08-12,TWSE,2480,敦陽科,157.0,157.0,152.5,153.0,156236.0
2026-08-12,TWSE,2481,強茂,138.0,144.5,136.0,141.5,24344208.0
2026-08-12,TWSE,2482,連宇,16.15,16.15,15.95,16.0,179790.0
2026-08-12,TWSE,2483,百容,35.4,36.25,34.8,35.05,1269558.0
2026-08-12,TWSE,2484,希華,74.7,76.4,73.3,73.3,15582263.0
2026-08-12,TWSE,2485,兆赫,43.55,43.55,42.05,42.95,4770643.0
2026-08-12,TWSE,2486,一詮,233.5,235.0,228.5,230.5,3756240.0
2026-08-12,TWSE,2488,漢平,49.9,50.6,49.4,50.3,191560.0
2026-08-12,TWSE,2489,瑞軒,33.4,33.7,32.3,32.75,10489835.0
2026-08-12,TWSE,2491,吉祥全,35.8,35.8,32.8,34.2,718149.0
2026-08-12,TWSE,2492,華新科,271.0,300.5,270.0,300.5,54246797.0
2026-08-12,TWSE,2493,揚博,222.5,239.5,222.5,239.5,5973829.0
2026-08-12,TWSE,2495,普安,38.6,39.2,38.35,38.85,829171.0
2026-08-12,TWSE,2496,卓越,59.7,59.7,59.0,59.2,24859.0
2026-08-12,TWSE,2497,怡利電,47.0,47.75,46.6,47.55,277106.0
2026-08-12,TWSE,2498,宏達電,40.9,41.1,40.2,40.5,2360693.0
2026-08-12,TWSE,2501,國建,22.3,22.55,22.2,22.45,1981167.0
2026-08-12,TWSE,2504,國產,30.9,30.95,30.7,30.95,725246.0
2026-08-12,TWSE,2505,國揚,18.1,18.15,17.95,18.15,219039.0
2026-08-12,TWSE,2506,太設,8.63,8.63,8.56,8.57,1502143.0
2026-08-12,TWSE,2509,全坤建,13.85,13.9,13.5,13.5,113832.0
2026-08-12,TWSE,2511,太子,8.32,8.33,8.2,8.25,1007468.0
2026-08-12,TWSE,2514,龍邦,12.2,12.2,12.1,12.2,50254.0
2026-08-12,TWSE,2515,中工,11.95,12.2,11.85,12.05,5948554.0
2026-08-12,TWSE,2516,新建,14.25,14.25,14.1,14.1,105619.0
2026-08-12,TWSE,2520,冠德,34.8,34.85,34.2,34.45,1105649.0
2026-08-12,TWSE,2524,京城,34.2,34.65,33.95,34.6,65462.0
2026-08-12,TWSE,2527,宏璟,47.0,47.05,45.2,46.75,1199915.0
2026-08-12,TWSE,2528,皇普,20.75,20.75,19.8,20.2,538249.0
2026-08-12,TWSE,2530,華建,19.25,19.5,19.2,19.25,249877.0
2026-08-12,TWSE,2534,宏盛,17.15,17.15,17.05,17.05,211815.0
2026-08-12,TWSE,2535,達欣工,90.5,90.5,88.5,88.5,387334.0
2026-08-12,TWSE,2536,宏普,20.1,21.0,20.05,20.95,2923030.0
2026-08-12,TWSE,2537,聯上發,11.05,11.05,10.95,10.95,394403.0
2026-08-12,TWSE,2538,基泰,9.18,9.18,9.12,9.13,348333.0
2026-08-12,TWSE,2539,櫻花建,42.5,42.5,41.1,41.55,2089345.0
2026-08-12,TWSE,2540,愛山林,45.1,45.1,43.55,44.0,1786394.0
2026-08-12,TWSE,2542,興富發,44.35,44.55,44.15,44.55,5528238.0
2026-08-12,TWSE,2543,皇昌,38.75,39.65,38.7,39.3,879226.0
2026-08-12,TWSE,2545,皇翔,32.8,33.95,32.8,33.9,410146.0
2026-08-12,TWSE,2546,根基,90.3,99.0,90.3,96.2,957722.0
2026-08-12,TWSE,2547,日勝生,10.65,10.7,10.4,10.55,2986529.0
2026-08-12,TWSE,2548,華固,93.9,94.1,93.1,93.6,2124508.0
2026-08-12,TWSE,2597,潤弘,168.5,168.5,165.5,167.5,243314.0
2026-08-12,TWSE,2601,益航,6.34,6.34,6.13,6.23,1373779.0
2026-08-12,TWSE,2603,長榮,215.0,220.0,213.5,218.0,12489819.0
2026-08-12,TWSE,2605,新興,32.8,33.0,32.5,32.75,3435765.0
2026-08-12,TWSE,2606,裕民,66.6,66.9,65.6,66.4,2754625.0
2026-08-12,TWSE,2607,榮運,48.8,48.8,48.5,48.7,513415.0
2026-08-12,TWSE,2608,嘉里大榮,28.6,28.6,28.5,28.6,280954.0
2026-08-12,TWSE,2609,陽明,51.8,52.2,51.3,52.0,22775772.0
2026-08-12,TWSE,2610,華航,20.35,20.4,20.0,20.25,56911845.0
2026-08-12,TWSE,2611,志信,14.25,14.25,13.9,14.05,221972.0
2026-08-12,TWSE,2612,中航,54.9,55.0,54.1,54.1,198499.0
2026-08-12,TWSE,2613,中櫃,20.45,20.85,20.35,20.5,126453.0
2026-08-12,TWSE,2614,東森,18.25,18.25,17.95,18.0,420518.0
2026-08-12,TWSE,2615,萬海,87.7,88.8,86.4,87.1,13519342.0
2026-08-12,TWSE,2616,山隆,13.35,13.4,13.35,13.35,36438.0
2026-08-12,TWSE,2617,台航,29.2,29.4,28.95,29.2,1247076.0
2026-08-12,TWSE,2618,長榮航,42.0,42.15,41.2,41.75,36659531.0
2026-08-12,TWSE,2630,亞航,48.05,49.85,46.6,48.8,3748549.0
2026-08-12,TWSE,2633,台灣高鐵,25.75,25.9,25.6,25.7,7019165.0
2026-08-12,TWSE,2634,漢翔,61.5,64.4,59.9,62.8,31059532.0
2026-08-12,TWSE,2636,台驊控股,66.2,68.6,66.2,68.1,855015.0
2026-08-12,TWSE,2637,慧洋-KY,87.4,87.9,86.6,87.3,1573913.0
2026-08-12,TWSE,2642,宅配通,20.3,20.5,20.3,20.45,20339.0
2026-08-12,TWSE,2645,長榮航太,189.5,193.5,183.5,191.0,3075664.0
2026-08-12,TWSE,2646,星宇航空,20.8,20.8,20.6,20.75,4619356.0
2026-08-12,TWSE,2701,萬企,10.6,10.65,10.6,10.65,8235.0
2026-08-12,TWSE,2702,華園,12.45,12.45,12.3,12.45,38765.0
2026-08-12,TWSE,2704,國賓,46.35,46.7,45.65,46.15,41332.0
2026-08-12,TWSE,2705,六福,16.2,16.2,16.05,16.1,63558.0
2026-08-12,TWSE,2706,第一店,12.45,12.55,12.45,12.5,22202.0
2026-08-12,TWSE,2707,晶華,181.0,182.0,179.5,180.0,226769.0
2026-08-12,TWSE,2712,遠雄來,14.45,14.6,14.35,14.5,7000.0
2026-08-12,TWSE,2722,夏都,22.2,22.25,21.55,22.0,24142.0
2026-08-12,TWSE,2723,美食-KY,62.8,62.8,61.4,62.0,255454.0
2026-08-12,TWSE,2727,王品,240.5,240.5,234.0,236.5,411581.0
2026-08-12,TWSE,2731,雄獅,145.5,146.0,144.5,145.5,301550.0
2026-08-12,TWSE,2739,寒舍,34.65,34.75,34.05,34.3,36376.0
2026-08-12,TWSE,2748,雲品,38.4,38.5,38.2,38.5,34434.0
2026-08-12,TWSE,2753,八方雲集,184.5,184.5,182.5,183.0,108046.0
2026-08-12,TWSE,2762,世界健身-KY,84.2,84.2,80.5,82.5,190802.0
2026-08-12,TWSE,2801,彰銀,23.2,23.2,23.05,23.1,16531829.0
2026-08-12,TWSE,2812,台中銀,18.75,18.75,18.5,18.5,11664205.0
2026-08-12,TWSE,2816,旺旺保,34.15,34.25,33.9,34.0,176604.0
2026-08-12,TWSE,2820,華票,16.35,16.35,16.2,16.2,3227400.0
2026-08-12,TWSE,2832,台產,58.3,58.6,57.9,58.2,86240.0
2026-08-12,TWSE,2834,臺企銀,16.5,16.55,16.35,16.4,30328265.0
2026-08-12,TWSE,2836,高雄銀,11.95,11.95,11.8,11.85,1311019.0
2026-08-12,TWSE,2838,聯邦銀,20.15,20.2,19.85,19.9,3875701.0
2026-08-12,TWSE,2845,遠東銀,13.1,13.15,13.1,13.1,4639277.0
2026-08-12,TWSE,2849,安泰銀,14.7,14.7,14.3,14.4,193124.0
2026-08-12,TWSE,2850,新產,161.0,161.5,158.5,159.0,158225.0
2026-08-12,TWSE,2851,中再保,35.7,36.1,35.6,35.9,875237.0
2026-08-12,TWSE,2852,第一保,26.9,26.9,26.6,26.7,250440.0
2026-08-12,TWSE,2855,統一證,45.55,46.25,45.25,46.2,3011667.0
2026-08-12,TWSE,2867,三商壽,9.66,9.66,9.44,9.48,13159878.0
2026-08-12,TWSE,2880,華南金,43.6,44.2,43.4,43.65,24845327.0
2026-08-12,TWSE,2881,富邦金,129.5,129.5,127.5,128.0,11108078.0
2026-08-12,TWSE,2882,國泰金,101.5,101.5,99.1,99.6,17035910.0
2026-08-12,TWSE,2883,凱基金,30.8,31.2,30.65,31.05,21437999.0
2026-08-12,TWSE,2884,玉山金,37.2,37.5,36.65,36.9,37302819.0
2026-08-12,TWSE,2885,元大金,67.6,69.0,67.5,68.4,12044165.0
2026-08-12,TWSE,2886,兆豐金,50.7,50.9,49.35,49.4,32199270.0
2026-08-12,TWSE,2887,台新新光金,35.6,36.0,35.2,35.55,45872373.0
2026-08-12,TWSE,2889,國票金,15.3,15.3,15.2,15.2,3722207.0
2026-08-12,TWSE,2890,永豐金,39.0,39.25,38.4,39.05,23661078.0
2026-08-12,TWSE,2891,中信金,67.0,67.3,66.3,66.8,28839763.0
2026-08-12,TWSE,2892,第一金,33.55,33.7,32.6,32.7,85137348.0
2026-08-12,TWSE,2897,王道銀行,10.15,10.2,10.1,10.15,4007127.0
2026-08-12,TWSE,2901,欣欣,23.7,23.9,23.7,23.75,5362.0
2026-08-12,TWSE,2903,遠百,22.05,22.1,21.9,21.9,634664.0
2026-08-12,TWSE,2904,匯僑,13.05,13.15,12.9,13.0,26553.0
2026-08-12,TWSE,2905,三商,16.6,16.6,16.3,16.4,496990.0
2026-08-12,TWSE,2906,高林,13.55,13.55,13.35,13.45,99373.0
2026-08-12,TWSE,2908,特力,21.8,21.8,21.55,21.8,111838.0
2026-08-12,TWSE,2910,統領,23.85,24.2,23.75,23.8,24158.0
2026-08-12,TWSE,2911,麗嬰房,7.04,7.2,6.91,6.97,155716.0
2026-08-12,TWSE,2912,統一超,219.0,220.0,217.0,219.0,3130350.0
2026-08-12,TWSE,2913,農林,11.05,11.1,10.95,11.0,893277.0
2026-08-12,TWSE,2915,潤泰全,53.1,53.6,52.6,53.6,2197124.0
2026-08-12,TWSE,2923,鼎固-KY,28.3,28.3,25.75,26.0,221714.0
2026-08-12,TWSE,2929,淘帝-KY,5.6,6.03,5.6,5.96,1749775.0
2026-08-12,TWSE,2939,永邑-KY,19.7,20.45,18.55,20.45,26001.0
2026-08-12,TWSE,2945,三商家購,40.5,40.5,40.15,40.5,57163.0
2026-08-12,TWSE,3002,歐格,17.5,17.5,16.8,16.8,91486.0
2026-08-12,TWSE,3003,健和興,71.0,74.0,68.8,70.5,4887907.0
2026-08-12,TWSE,3004,豐達科,125.0,127.5,124.0,127.0,493052.0
2026-08-12,TWSE,3005,神基,114.0,115.0,112.5,114.5,2070798.0
2026-08-12,TWSE,3006,晶豪科,274.0,274.0,264.0,267.5,5554864.0
2026-08-12,TWSE,3008,大立光,4355.0,4420.0,4230.0,4355.0,1547540.0
2026-08-12,TWSE,3010,華立,122.5,125.0,121.5,125.0,715295.0
2026-08-12,TWSE,3011,今皓,11.45,11.6,11.3,11.5,373416.0
2026-08-12,TWSE,3013,晟銘電,85.5,87.0,85.1,86.0,871318.0
2026-08-12,TWSE,3014,聯陽,136.0,136.5,134.0,134.5,1252620.0
2026-08-12,TWSE,3015,全漢,57.1,58.4,56.5,57.0,921247.0
2026-08-12,TWSE,3016,嘉晶,106.0,107.5,101.5,101.5,3761882.0
2026-08-12,TWSE,3017,奇鋐,2705.0,2800.0,2625.0,2760.0,3159103.0
2026-08-12,TWSE,3018,隆銘綠能,13.8,13.8,12.95,12.95,78571.0
2026-08-12,TWSE,3019,亞光,135.0,141.0,132.5,138.0,4464971.0
2026-08-12,TWSE,3021,鴻名,21.15,21.35,20.8,21.1,131544.0
2026-08-12,TWSE,3022,威強電,115.5,116.5,107.0,108.0,9166888.0
2026-08-12,TWSE,3023,信邦,312.5,321.0,310.0,318.5,1217915.0
2026-08-12,TWSE,3024,憶聲,13.1,13.3,12.8,13.2,933759.0
2026-08-12,TWSE,3025,星通,54.9,55.1,53.9,55.0,86389.0
2026-08-12,TWSE,3026,禾伸堂,617.0,646.0,594.0,646.0,22693182.0
2026-08-12,TWSE,3027,盛達,18.65,18.65,18.15,18.35,174176.0
2026-08-12,TWSE,3028,增你強,68.8,71.3,68.4,70.4,2265499.0
2026-08-12,TWSE,3029,零壹,109.5,109.5,107.5,108.0,971876.0
2026-08-12,TWSE,3030,德律,297.5,304.5,294.0,302.5,1568272.0
2026-08-12,TWSE,3031,佰鴻,23.3,23.3,22.7,22.95,312589.0
2026-08-12,TWSE,3032,偉訓,80.0,80.5,78.1,78.6,480307.0
2026-08-12,TWSE,3033,威健,49.35,51.0,49.35,50.4,8595689.0
2026-08-12,TWSE,3034,聯詠,543.0,546.0,533.0,538.0,2428903.0
2026-08-12,TWSE,3035,智原,176.5,179.5,174.0,176.0,3115315.0
2026-08-12,TWSE,3036,文曄,224.5,225.5,215.0,220.0,14125873.0
2026-08-12,TWSE,3037,欣興,988.0,995.0,972.0,992.0,5181158.0
2026-08-12,TWSE,3038,全台,20.6,20.7,20.4,20.5,183365.0
2026-08-12,TWSE,3040,遠見,37.85,38.0,36.95,38.0,56472.0
2026-08-12,TWSE,3041,揚智,24.05,24.05,23.0,23.45,1648144.0
2026-08-12,TWSE,3042,晶技,178.0,187.0,177.0,179.0,12183522.0
2026-08-12,TWSE,3043,科風,20.6,20.7,20.2,20.35,30651.0
2026-08-12,TWSE,3044,健鼎,441.5,441.5,430.0,441.5,8896410.0
2026-08-12,TWSE,3045,台灣大,110.5,110.5,109.0,109.5,14377890.0
2026-08-12,TWSE,3046,建碁,60.4,61.6,59.3,60.3,1552426.0
2026-08-12,TWSE,3047,訊舟,14.6,14.6,14.2,14.3,537691.0
2026-08-12,TWSE,3048,益登,57.2,60.0,56.7,58.8,5297592.0
2026-08-12,TWSE,3049,精金,10.95,11.0,10.65,10.75,1370890.0
2026-08-12,TWSE,3050,鈺德,11.35,11.55,11.2,11.55,558148.0
2026-08-12,TWSE,3051,力特,23.45,23.45,22.95,23.15,305049.0
2026-08-12,TWSE,3052,夆典,10.8,10.9,10.75,10.8,406249.0
2026-08-12,TWSE,3054,立萬利,49.15,49.15,47.0,48.0,159151.0
2026-08-12,TWSE,3055,蔚華科,120.0,121.0,103.0,106.5,3564088.0
2026-08-12,TWSE,3056,富華新,14.1,14.2,14.05,14.1,572392.0
2026-08-12,TWSE,3057,喬鼎,15.8,17.25,15.8,16.75,357396.0
2026-08-12,TWSE,3058,立德,8.2,8.25,8.14,8.24,294584.0
2026-08-12,TWSE,3059,華晶科,40.9,40.9,40.05,40.35,1316739.0
2026-08-12,TWSE,3060,銘異,29.55,29.55,28.55,28.8,1281386.0
2026-08-12,TWSE,3062,建漢,20.9,20.95,20.45,20.9,1339633.0
2026-08-12,TWSE,3090,日電貿,158.0,177.0,158.0,174.5,32414204.0
2026-08-12,TWSE,3092,鴻碩,23.5,23.6,23.1,23.5,116844.0
2026-08-12,TWSE,3094,聯傑,37.05,37.9,36.15,37.6,1501822.0
2026-08-12,TWSE,3130,一零四,202.5,203.5,202.5,203.0,44571.0
2026-08-12,TWSE,3135,凌航,165.5,169.5,165.0,167.0,2222260.0
2026-08-12,TWSE,3138,耀登,99.5,99.8,95.3,96.0,219052.0
2026-08-12,TWSE,3149,正達,69.7,71.9,67.5,67.5,17940654.0
2026-08-12,TWSE,3150,鈺寶-創,17.55,17.8,17.2,17.8,53080.0
2026-08-12,TWSE,3164,景岳,16.45,16.55,16.3,16.55,16521.0
2026-08-12,TWSE,3167,大量,650.0,665.0,635.0,635.0,429408.0
2026-08-12,TWSE,3168,眾福科,42.45,42.45,42.0,42.15,22067.0
2026-08-12,TWSE,3189,景碩,820.0,844.0,807.0,842.0,2961490.0
2026-08-12,TWSE,3209,全科,56.5,57.0,55.9,56.8,2028738.0
2026-08-12,TWSE,3229,晟鈦,51.9,51.9,48.45,51.0,1496262.0
2026-08-12,TWSE,3231,緯創,190.0,193.5,188.0,191.0,34518451.0
2026-08-12,TWSE,3257,虹冠電,52.5,52.5,51.2,51.8,182282.0
2026-08-12,TWSE,3266,昇陽,13.85,13.85,13.7,13.85,20125.0
2026-08-12,TWSE,3296,勝德,23.2,23.2,23.0,23.1,18851.0
2026-08-12,TWSE,3305,昇貿,115.5,116.0,111.5,112.5,2818326.0
2026-08-12,TWSE,3308,聯德,19.4,19.45,19.15,19.3,40994.0
2026-08-12,TWSE,3311,閎暉,32.5,32.65,32.05,32.35,88298.0
2026-08-12,TWSE,3312,弘憶股,50.0,50.5,49.25,49.9,868102.0
2026-08-12,TWSE,3321,同泰,19.1,19.1,18.5,19.0,173002.0
2026-08-12,TWSE,3338,泰碩,64.3,64.3,62.6,63.1,283503.0
2026-08-12,TWSE,3346,麗清,20.85,21.1,20.55,21.0,211772.0
2026-08-12,TWSE,3356,奇偶,57.6,58.8,57.4,58.6,356664.0
2026-08-12,TWSE,3376,新日興,183.0,185.5,181.0,184.0,1133479.0
2026-08-12,TWSE,3380,明泰,28.65,28.65,27.75,28.25,1088047.0
2026-08-12,TWSE,3406,玉晶光,546.0,547.0,533.0,538.0,942113.0
2026-08-12,TWSE,3413,京鼎,307.5,308.5,303.5,305.5,805788.0
2026-08-12,TWSE,3416,融程電,198.0,198.0,186.0,186.0,792878.0
2026-08-12,TWSE,3419,譁裕,12.0,12.35,11.95,12.15,72258.0
2026-08-12,TWSE,3432,台端,16.4,16.4,15.8,16.05,24150.0
2026-08-12,TWSE,3437,榮創,18.1,18.1,17.3,17.5,359139.0
2026-08-12,TWSE,3443,創意,4630.0,4980.0,4615.0,4955.0,3469647.0
2026-08-12,TWSE,3447,展達,27.4,27.55,27.1,27.15,73860.0
2026-08-12,TWSE,3450,聯鈞,500.0,507.0,472.0,473.5,4427896.0
2026-08-12,TWSE,3481,群創,51.4,52.3,49.65,50.1,359824101.0
2026-08-12,TWSE,3494,誠研,7.1,7.1,7.04,7.1,22377.0
2026-08-12,TWSE,3501,維熹,39.1,39.35,38.6,39.15,117914.0
2026-08-12,TWSE,3504,揚明光,73.5,74.6,73.0,73.6,474688.0
2026-08-12,TWSE,3515,華擎,218.0,221.0,214.0,216.0,1531079.0
2026-08-12,TWSE,3518,柏騰,27.8,28.65,27.5,27.9,339794.0
2026-08-12,TWSE,3528,安馳,91.0,91.9,90.2,91.0,360327.0
2026-08-12,TWSE,3530,晶相光,55.5,56.2,55.0,55.5,91530.0
2026-08-12,TWSE,3532,台勝科,282.5,290.5,265.5,284.0,7775673.0
2026-08-12,TWSE,3533,嘉澤,1990.0,2030.0,1960.0,1990.0,1039667.0
2026-08-12,TWSE,3535,晶彩科,89.2,91.7,88.4,89.0,831599.0
2026-08-12,TWSE,3543,州巧,37.75,37.75,35.95,37.1,1218044.0
2026-08-12,TWSE,3545,敦泰,51.1,51.4,49.9,50.4,643723.0
2026-08-12,TWSE,3550,聯穎,23.8,24.2,22.9,23.05,2299187.0
2026-08-12,TWSE,3557,嘉威,25.15,25.35,24.8,25.15,78285.0
2026-08-12,TWSE,3563,牧德,693.0,693.0,666.0,677.0,324204.0
2026-08-12,TWSE,3576,聯合再生,17.15,17.45,17.05,17.3,7343450.0
2026-08-12,TWSE,3583,辛耘,696.0,720.0,689.0,702.0,726273.0
2026-08-12,TWSE,3588,通嘉,58.6,58.6,55.7,55.8,249530.0
2026-08-12,TWSE,3591,艾笛森,21.6,22.0,21.3,21.45,408159.0
2026-08-12,TWSE,3592,瑞鼎,243.0,244.0,238.5,239.0,647882.0
2026-08-12,TWSE,3593,力銘,12.05,12.45,12.05,12.4,5014.0
2026-08-12,TWSE,3596,智易,175.0,175.0,168.0,169.0,2578479.0
2026-08-12,TWSE,3605,宏致,111.5,119.5,109.5,111.0,15655243.0
2026-08-12,TWSE,3607,谷崧,14.3,14.35,14.0,14.15,182197.0
2026-08-12,TWSE,3617,碩天,234.0,234.0,226.0,229.0,317716.0
2026-08-12,TWSE,3622,洋華,54.3,55.2,54.3,54.9,215303.0
2026-08-12,TWSE,3645,達邁,67.1,68.9,64.9,67.8,2605318.0
2026-08-12,TWSE,3652,精聯,35.95,38.25,35.3,37.35,5557303.0
2026-08-12,TWSE,3653,健策,4165.0,4170.0,3895.0,4065.0,1085610.0
2026-08-12,TWSE,3661,世芯-KY,4000.0,4150.0,3925.0,3955.0,4658914.0
2026-08-12,TWSE,3665,貿聯-KY,2145.0,2205.0,2070.0,2200.0,3555430.0
2026-08-12,TWSE,3669,圓展,38.65,38.9,38.0,38.5,265643.0
2026-08-12,TWSE,3673,TPK-KY,63.2,64.4,62.0,62.9,3834114.0
2026-08-12,TWSE,3679,新至陞,109.0,110.0,107.5,108.5,81212.0
2026-08-12,TWSE,3686,達能,15.0,15.0,14.5,14.65,64834.0
2026-08-12,TWSE,3694,海華,53.2,54.5,52.0,53.8,1799983.0
2026-08-12,TWSE,3701,大眾控,41.75,42.6,40.7,41.2,716754.0
2026-08-12,TWSE,3702,大聯大,126.0,128.0,121.0,125.5,12205592.0
2026-08-12,TWSE,3703,欣陸,20.05,20.25,19.95,20.15,3428435.0
2026-08-12,TWSE,3704,合勤控,47.2,47.65,45.4,45.4,9117840.0
2026-08-12,TWSE,3705,永信,53.5,53.8,53.4,53.7,216068.0
2026-08-12,TWSE,3706,神達,91.9,91.9,89.6,90.0,12592023.0
2026-08-12,TWSE,3708,上緯投控,102.5,105.0,100.0,102.5,684362.0
2026-08-12,TWSE,3711,日月光投控,629.0,632.0,610.0,629.0,19343138.0
2026-08-12,TWSE,3712,永崴投控,21.0,22.45,21.0,22.4,1318276.0
2026-08-12,TWSE,3714,富采,58.5,59.0,56.0,56.0,8287285.0
2026-08-12,TWSE,3715,定穎投控,124.5,129.0,122.0,122.0,12494182.0
2026-08-12,TWSE,3716,中化控股,35.35,35.6,35.25,35.5,522588.0
2026-08-12,TWSE,3717,聯嘉投控,23.5,23.8,22.9,22.9,2198505.0
2026-08-12,TWSE,4104,佳醫,71.2,71.9,71.2,71.5,236489.0
2026-08-12,TWSE,4106,雃博,24.5,24.75,24.3,24.6,374243.0
2026-08-12,TWSE,4108,懷特,11.05,11.15,11.05,11.1,82990.0
2026-08-12,TWSE,4119,旭富,52.5,52.9,51.5,52.9,174148.0
2026-08-12,TWSE,4133,亞諾法,21.1,21.25,20.75,20.95,118521.0
2026-08-12,TWSE,4137,麗豐-KY,95.9,96.3,95.6,96.0,156714.0
2026-08-12,TWSE,4142,國光生,17.4,17.5,17.25,17.4,843837.0
2026-08-12,TWSE,4148,全宇生技-KY,30.95,33.4,30.8,32.5,166245.0
2026-08-12,TWSE,4155,訊映,14.3,14.65,14.2,14.65,331225.0
2026-08-12,TWSE,4164,承業醫,26.35,26.9,26.35,26.7,297792.0
2026-08-12,TWSE,4169,泰宗,153.5,155.0,149.5,153.5,264197.0
2026-08-12,TWSE,4178,永笙-KY,17.95,18.5,17.85,18.0,179191.0
2026-08-12,TWSE,4190,佐登-KY,25.2,25.45,25.2,25.2,7112.0
2026-08-12,TWSE,4195,基米-創,15.1,15.1,14.85,15.0,52910.0
2026-08-12,TWSE,4306,炎洲,14.35,14.4,14.2,14.3,542955.0
2026-08-12,TWSE,4414,如興,8.41,8.41,8.28,8.28,155665.0
2026-08-12,TWSE,4426,利勤,8.0,8.08,7.93,7.95,155500.0
2026-08-12,TWSE,4438,廣越,61.0,61.5,60.1,61.4,75701.0
2026-08-12,TWSE,4439,冠星-KY,102.5,103.0,102.0,102.5,25077.0
2026-08-12,TWSE,4440,宜新實業,17.7,18.1,17.15,17.4,170300.0
2026-08-12,TWSE,4441,振大環球,203.0,203.5,197.0,201.0,221632.0
2026-08-12,TWSE,4526,東台,30.75,31.0,30.25,30.65,1366376.0
2026-08-12,TWSE,4532,瑞智,24.15,24.15,23.5,23.7,1423165.0
2026-08-12,TWSE,4536,拓凱,168.0,171.5,166.0,171.5,298729.0
2026-08-12,TWSE,4540,全球傳動,59.6,59.6,57.6,58.3,2552482.0
2026-08-12,TWSE,4545,銘鈺,33.05,33.5,32.45,32.6,52039.0
2026-08-12,TWSE,4551,智伸科,171.0,171.0,157.0,157.0,2810382.0
2026-08-12,TWSE,4552,力達-KY,17.5,17.7,17.4,17.7,62146.0
2026-08-12,TWSE,4555,氣立,48.15,48.4,47.5,47.85,180126.0
2026-08-12,TWSE,4557,永新-KY,49.35,50.1,49.05,50.0,110103.0
2026-08-12,TWSE,4560,強信-KY,32.4,32.5,31.9,32.0,315200.0
2026-08-12,TWSE,4562,穎漢,31.95,32.6,31.85,32.0,208519.0
2026-08-12,TWSE,4564,元翎,16.6,17.1,16.35,16.85,933234.0
2026-08-12,TWSE,4566,時碩工業,74.6,74.6,70.0,70.4,3980095.0
2026-08-12,TWSE,4569,六方科-KY,167.0,170.0,165.0,167.0,77336.0
2026-08-12,TWSE,4571,鈞興-KY,170.0,170.5,166.0,168.0,281886.0
2026-08-12,TWSE,4572,駐龍,141.0,141.5,141.0,141.5,14002.0
2026-08-12,TWSE,4576,大銀微系統,223.5,226.0,216.0,218.5,1684823.0
2026-08-12,TWSE,4581,光隆精密-KY,51.7,52.3,51.0,51.5,74604.0
2026-08-12,TWSE,4582,聚恆-創,27.5,27.9,26.2,27.2,598550.0
2026-08-12,TWSE,4583,台灣精銳,493.0,508.0,485.0,500.0,269764.0
2026-08-12,TWSE,4585,達明,313.5,313.5,307.5,308.5,198334.0
2026-08-12,TWSE,4588,玖鼎電力,52.3,52.5,51.7,52.1,31374.0
2026-08-12,TWSE,4590,富田-創,84.5,90.7,84.5,89.8,1308189.0
2026-08-12,TWSE,4720,德淵,20.05,20.05,19.6,19.9,419261.0
2026-08-12,TWSE,4722,國精化,219.0,221.5,210.0,215.0,740494.0
2026-08-12,TWSE,4736,泰博,130.0,133.0,130.0,131.5,292168.0
2026-08-12,TWSE,4737,華廣,56.1,56.5,55.5,56.5,57833.0
2026-08-12,TWSE,4739,康普,87.0,88.7,86.2,87.4,1529199.0
2026-08-12,TWSE,4746,台耀,54.9,55.2,54.1,55.0,545672.0
2026-08-12,TWSE,4755,三福化,117.5,120.0,116.0,119.0,159485.0
2026-08-12,TWSE,4763,材料*-KY,50.0,52.3,49.6,51.6,15188059.0
2026-08-12,TWSE,4764,雙鍵,234.0,243.5,224.0,240.5,1523858.0
2026-08-12,TWSE,4766,南寶,340.0,343.0,338.0,343.0,246091.0
2026-08-12,TWSE,4770,上品,222.0,222.5,217.5,218.0,175433.0
2026-08-12,TWSE,4771,望隼,199.5,201.5,194.0,201.5,525619.0
2026-08-12,TWSE,4807,日成-KY,32.55,32.55,30.7,31.2,382066.0
2026-08-12,TWSE,4904,遠傳,102.0,102.0,100.0,101.0,4577567.0
2026-08-12,TWSE,4906,正文,36.0,36.9,35.45,36.0,5331250.0
2026-08-12,TWSE,4912,聯德控股-KY,90.5,90.5,88.2,89.2,159470.0
2026-08-12,TWSE,4915,致伸,60.4,60.7,59.2,60.0,3284723.0
2026-08-12,TWSE,4916,事欣科,104.0,108.0,102.5,104.5,6366135.0
2026-08-12,TWSE,4919,新唐,125.0,127.5,122.5,125.0,2985939.0
2026-08-12,TWSE,4927,泰鼎-KY,33.8,34.55,33.4,33.85,1871115.0
2026-08-12,TWSE,4930,燦星網,16.2,16.3,16.15,16.3,38044.0
2026-08-12,TWSE,4934,太極,14.35,14.45,14.1,14.2,350432.0
2026-08-12,TWSE,4935,茂林-KY,34.9,34.9,34.55,34.9,35000.0
2026-08-12,TWSE,4938,和碩,87.5,89.0,84.7,89.0,12172117.0
2026-08-12,TWSE,4942,嘉彰,34.05,34.35,34.0,34.1,47315.0
2026-08-12,TWSE,4943,康控-KY,8.61,8.61,8.13,8.6,10995.0
2026-08-12,TWSE,4949,有成精密,74.9,75.6,71.2,74.4,1047911.0
2026-08-12,TWSE,4952,凌通,50.4,50.6,49.0,49.0,416728.0
2026-08-12,TWSE,4956,光鋐,31.35,31.5,30.2,30.7,826172.0
2026-08-12,TWSE,4958,臻鼎-KY,470.0,493.0,468.0,490.0,33414356.0
2026-08-12,TWSE,4960,誠美材,20.9,21.05,20.25,20.7,1252952.0
2026-08-12,TWSE,4961,天鈺,174.5,175.0,171.5,173.0,594753.0
2026-08-12,TWSE,4967,十銓,277.0,277.0,270.0,274.5,4381026.0
2026-08-12,TWSE,4968,立積,96.2,96.8,94.9,96.7,385216.0
2026-08-12,TWSE,4976,佳凌,36.1,36.4,35.55,35.55,1010216.0
2026-08-12,TWSE,4977,眾達-KY,147.0,153.0,143.0,146.5,5239211.0
2026-08-12,TWSE,4989,榮科,67.2,71.4,67.2,68.0,12242509.0
2026-08-12,TWSE,4994,傳奇,88.9,88.9,87.1,87.1,9002.0
2026-08-12,TWSE,4999,鑫禾,19.3,19.3,18.85,18.95,49909.0
2026-08-12,TWSE,5007,三星,56.4,56.5,56.1,56.4,167495.0
2026-08-12,TWSE,5203,訊連,66.3,66.6,65.5,65.8,387471.0
2026-08-12,TWSE,5215,科嘉-KY,38.0,39.5,38.0,38.5,94286.0
2026-08-12,TWSE,5222,全訊,117.0,117.0,113.5,115.0,141252.0
2026-08-12,TWSE,5225,東科-KY,66.1,66.1,62.3,63.0,1233771.0
2026-08-12,TWSE,5234,達興材料,333.0,338.0,331.5,335.0,108451.0
2026-08-12,TWSE,5236,凌陽創新,144.0,144.5,140.5,142.0,115484.0
2026-08-12,TWSE,5243,乙盛-KY,90.0,90.0,87.2,88.3,928790.0
2026-08-12,TWSE,5244,弘凱,33.2,33.45,32.8,33.25,82090.0
2026-08-12,TWSE,5258,虹堡,53.2,53.2,50.6,51.4,473831.0
2026-08-12,TWSE,5269,祥碩,1425.0,1450.0,1405.0,1435.0,797089.0
2026-08-12,TWSE,5283,禾聯碩,53.9,54.0,53.2,54.0,71319.0
2026-08-12,TWSE,5284,jpp-KY,310.0,310.0,300.0,300.5,233499.0
2026-08-12,TWSE,5285,界霖,78.7,79.3,77.0,79.0,590246.0
2026-08-12,TWSE,5288,豐祥-KY,200.0,200.0,191.0,193.5,214226.0
2026-08-12,TWSE,5292,華懋,176.0,188.0,176.0,179.5,190099.0
2026-08-12,TWSE,5306,桂盟,98.0,99.6,97.2,99.6,432654.0
2026-08-12,TWSE,5388,中磊,93.6,94.1,91.0,91.1,3697798.0
2026-08-12,TWSE,5434,崇越,514.0,533.0,509.0,522.0,926408.0
2026-08-12,TWSE,5469,瀚宇博,75.5,76.5,74.5,75.9,2165128.0
2026-08-12,TWSE,5471,松翰,56.5,57.4,55.6,56.2,2088750.0
2026-08-12,TWSE,5484,慧友,43.1,44.8,41.3,41.7,670318.0
2026-08-12,TWSE,5515,建國,44.0,44.2,43.3,43.65,315662.0
2026-08-12,TWSE,5519,隆大,27.9,27.9,27.75,27.75,179677.0
2026-08-12,TWSE,5521,工信,10.4,10.4,10.15,10.35,1677524.0
2026-08-12,TWSE,5522,遠雄,64.9,65.4,64.4,65.1,473094.0
2026-08-12,TWSE,5525,順天,22.05,22.15,21.8,22.05,65446.0
2026-08-12,TWSE,5531,鄉林,7.64,7.64,7.32,7.45,1302547.0
2026-08-12,TWSE,5533,皇鼎,13.95,13.95,13.75,13.95,109999.0
2026-08-12,TWSE,5534,長虹,78.1,78.2,77.4,77.8,804428.0
2026-08-12,TWSE,5538,東明-KY,36.3,36.3,33.95,33.95,230760.0
2026-08-12,TWSE,5546,永固-KY,14.1,14.1,13.45,13.55,20000.0
2026-08-12,TWSE,5607,遠雄港,49.15,50.6,48.95,50.2,646375.0
2026-08-12,TWSE,5608,四維航,14.1,14.15,13.85,13.95,866600.0
2026-08-12,TWSE,5706,鳳凰,45.9,45.9,45.2,45.5,106829.0
2026-08-12,TWSE,5871,中租-KY,110.0,116.0,110.0,115.5,12261082.0
2026-08-12,TWSE,5876,上海商銀,43.15,43.55,42.7,43.1,4564461.0
2026-08-12,TWSE,5880,合庫金,24.75,24.8,23.95,24.0,51353650.0
2026-08-12,TWSE,5906,台南-KY,36.7,39.45,36.7,39.45,2863.0
2026-08-12,TWSE,5907,大洋-KY,4.93,4.97,4.9,4.96,145081.0
2026-08-12,TWSE,6005,群益證,29.85,30.2,29.6,30.0,13137880.0
2026-08-12,TWSE,6024,群益期,62.0,62.1,61.4,61.6,278565.0
2026-08-12,TWSE,6108,競國,19.35,20.3,19.05,19.55,2236936.0
2026-08-12,TWSE,6112,邁達特,46.65,46.65,45.8,46.4,463520.0
2026-08-12,TWSE,6115,鎰勝,45.1,45.55,45.1,45.1,110930.0
2026-08-12,TWSE,6116,彩晶,14.65,14.65,14.1,14.2,47104464.0
2026-08-12,TWSE,6117,迎廣,65.5,66.6,65.4,66.5,144324.0
2026-08-12,TWSE,6120,達運,13.35,13.5,12.85,12.9,2411361.0
2026-08-12,TWSE,6128,上福,20.2,20.25,20.1,20.25,258116.0
2026-08-12,TWSE,6133,金橋,21.8,22.1,21.6,22.0,614359.0
2026-08-12,TWSE,6136,富爾特,25.25,25.95,24.95,25.05,268888.0
2026-08-12,TWSE,6139,亞翔,810.0,827.0,785.0,812.0,3389740.0
2026-08-12,TWSE,6141,柏承,35.3,35.3,33.9,34.65,532609.0
2026-08-12,TWSE,6142,友勁,9.6,9.6,9.28,9.35,627159.0
2026-08-12,TWSE,6152,百一,15.75,15.75,14.65,14.8,6239712.0
2026-08-12,TWSE,6153,嘉聯益,16.55,16.85,16.35,16.8,2177157.0
2026-08-12,TWSE,6155,鈞寶,53.9,56.4,53.4,55.2,2884197.0
2026-08-12,TWSE,6164,華興,11.9,11.9,11.6,11.75,448480.0
2026-08-12,TWSE,6165,浪凡,49.7,50.1,49.15,50.1,216051.0
2026-08-12,TWSE,6166,凌華,140.5,141.0,133.0,136.0,2853713.0
2026-08-12,TWSE,6168,宏齊,25.0,25.0,24.05,24.6,906397.0
2026-08-12,TWSE,6176,瑞儀,82.3,82.3,81.4,81.7,3001004.0
2026-08-12,TWSE,6177,達麗,48.45,48.7,47.95,48.25,1970274.0
2026-08-12,TWSE,6183,關貿,92.9,93.5,92.6,93.5,34559.0
2026-08-12,TWSE,6184,大豐電,42.5,42.5,42.05,42.15,31183.0
2026-08-12,TWSE,6189,豐藝,49.05,49.4,47.85,49.3,424579.0
2026-08-12,TWSE,6191,精成科,86.8,87.1,85.0,86.1,1950758.0
2026-08-12,TWSE,6192,巨路,120.5,123.0,119.5,121.0,824363.0
2026-08-12,TWSE,6196,帆宣,502.0,513.0,498.0,510.0,882697.0
2026-08-12,TWSE,6197,佳必琪,304.0,310.5,301.0,301.5,1384074.0
2026-08-12,TWSE,6201,亞弘電,45.85,45.85,45.45,45.45,5528.0
2026-08-12,TWSE,6202,盛群,64.0,66.3,63.6,64.3,3455063.0
2026-08-12,TWSE,6205,詮欣,60.9,61.8,59.6,61.6,274564.0
2026-08-12,TWSE,6206,飛捷,154.0,156.0,142.5,143.0,6401165.0
2026-08-12,TWSE,6209,今國光,74.3,75.6,73.8,75.0,3227901.0
2026-08-12,TWSE,6213,聯茂,427.5,452.0,395.5,452.0,16717332.0
2026-08-12,TWSE,6214,精誠,142.0,143.0,140.5,143.0,1287062.0
2026-08-12,TWSE,6215,和椿,102.5,103.5,100.5,102.5,873426.0
2026-08-12,TWSE,6216,居易,22.25,22.6,22.05,22.5,233430.0
2026-08-12,TWSE,6224,聚鼎,58.2,61.5,57.7,59.8,864139.0
2026-08-12,TWSE,6225,天瀚,30.45,30.45,29.6,30.45,110889.0
2026-08-12,TWSE,6226,光鼎,21.4,22.3,20.1,20.3,13258443.0
2026-08-12,TWSE,6230,尼得科超眾,109.5,109.5,107.5,109.5,30151.0
2026-08-12,TWSE,6235,華孚,39.5,39.95,38.9,39.2,289658.0
2026-08-12,TWSE,6239,力成,291.0,296.0,271.0,282.5,39724386.0
2026-08-12,TWSE,6243,迅杰,45.55,47.25,43.7,45.6,2665424.0
2026-08-12,TWSE,6257,矽格,210.0,210.0,203.0,204.5,4516538.0
2026-08-12,TWSE,6269,台郡,65.1,68.8,62.6,67.4,7868798.0
2026-08-12,TWSE,6271,同欣電,196.0,201.5,193.5,195.5,4630184.0
2026-08-12,TWSE,6272,驊陞,25.1,25.3,24.7,25.0,77689.0
2026-08-12,TWSE,6277,宏正,80.0,80.0,78.2,80.0,179394.0
2026-08-12,TWSE,6278,台表科,168.5,171.0,164.5,167.5,4310331.0
2026-08-12,TWSE,6281,全國電,51.5,51.5,51.3,51.5,15115.0
2026-08-12,TWSE,6282,康舒,50.2,50.7,49.05,49.85,14557856.0
2026-08-12,TWSE,6283,淳安,20.0,20.15,19.75,20.15,86512.0
2026-08-12,TWSE,6285,啟碁,258.5,261.0,251.5,254.0,9987265.0
2026-08-12,TWSE,6405,悅城,39.95,40.85,39.0,40.4,471940.0
2026-08-12,TWSE,6409,旭隼,1020.0,1035.0,975.0,1010.0,719514.0
2026-08-12,TWSE,6412,群電,79.1,79.3,78.2,78.8,515030.0
2026-08-12,TWSE,6414,樺漢,474.0,476.0,440.5,448.5,3392029.0
2026-08-12,TWSE,6415,矽力*-KY,469.5,488.0,461.5,466.5,4548802.0
2026-08-12,TWSE,6416,瑞祺電通,103.0,103.5,98.0,99.7,887476.0
2026-08-12,TWSE,6426,統新,212.0,219.0,208.0,218.0,1759300.0
2026-08-12,TWSE,6431,光麗-KY,18.35,19.35,18.25,19.0,191695.0
2026-08-12,TWSE,6438,迅得,146.5,147.0,144.0,145.0,169986.0
2026-08-12,TWSE,6442,光聖,1380.0,1470.0,1365.0,1450.0,2269403.0
2026-08-12,TWSE,6443,元晶,27.0,27.3,26.55,26.9,2702826.0
2026-08-12,TWSE,6446,藥華藥,1330.0,1460.0,1330.0,1460.0,5613829.0
2026-08-12,TWSE,6449,鈺邦,239.5,252.0,236.5,238.0,2197630.0
2026-08-12,TWSE,6451,訊芯-KY,437.0,446.0,420.0,433.0,1158874.0
2026-08-12,TWSE,6456,GIS-KY,68.0,72.3,67.7,70.6,10741164.0
2026-08-12,TWSE,6464,台數科,77.0,77.0,76.2,76.2,13100.0
2026-08-12,TWSE,6472,保瑞,424.0,426.5,418.0,423.5,766610.0
2026-08-12,TWSE,6477,安集,33.8,35.2,32.75,34.95,2080487.0
2026-08-12,TWSE,6491,晶碩,379.5,380.5,373.5,378.0,348775.0
2026-08-12,TWSE,6504,南六,38.9,38.95,38.5,38.7,16047.0
2026-08-12,TWSE,6505,台塑化,70.4,71.6,68.0,71.1,24721513.0
2026-08-12,TWSE,6515,穎崴,6830.0,6950.0,6765.0,6920.0,179180.0
2026-08-12,TWSE,6525,捷敏-KY,142.0,145.0,139.5,140.5,1839385.0
2026-08-12,TWSE,6526,達發,620.0,632.0,612.0,620.0,273764.0
2026-08-12,TWSE,6531,愛普*,905.0,920.0,831.0,831.0,1368256.0
2026-08-12,TWSE,6533,晶心科,235.0,254.0,228.0,250.0,4571662.0
2026-08-12,TWSE,6534,正瀚-創,93.7,94.5,93.4,93.7,70352.0
2026-08-12,TWSE,6541,泰福-KY,38.65,39.5,38.5,39.2,191326.0
2026-08-12,TWSE,6550,北極星藥業-KY,11.1,11.1,10.9,11.0,811642.0
2026-08-12,TWSE,6552,易華電,24.95,25.2,24.2,24.4,77551.0
2026-08-12,TWSE,6558,興能高,26.0,27.3,26.0,26.8,267676.0
2026-08-12,TWSE,6573,虹揚-KY,18.0,18.0,16.7,17.05,272179.0
2026-08-12,TWSE,6579,研揚,164.0,164.0,155.5,159.0,1161307.0
2026-08-12,TWSE,6581,鋼聯,107.5,108.0,107.5,108.0,7046.0
2026-08-12,TWSE,6582,申豐,32.1,32.1,31.6,31.65,26985.0
2026-08-12,TWSE,6585,鼎基,117.5,118.5,115.5,117.0,360584.0
2026-08-12,TWSE,6589,台康生技,50.7,52.9,50.7,52.6,1431955.0
2026-08-12,TWSE,6591,動力-KY,44.9,44.9,43.85,44.15,117508.0
2026-08-12,TWSE,6592,和潤企業,60.4,61.3,60.2,61.0,452558.0
2026-08-12,TWSE,6598,ABC-KY,27.6,28.0,27.25,27.65,563247.0
2026-08-12,TWSE,6605,帝寶,133.0,139.0,132.0,138.5,820426.0
2026-08-12,TWSE,6606,建德工業,25.95,27.25,25.95,27.1,261090.0
2026-08-12,TWSE,6614,資拓宏宇,36.2,36.2,35.8,36.1,28200.0
2026-08-12,TWSE,6625,必應,76.0,76.6,74.8,76.3,164870.0
2026-08-12,TWSE,6641,基士德-KY,18.0,18.0,17.85,17.95,5076.0
2026-08-12,TWSE,6645,金萬林-創,13.3,13.35,13.3,13.3,6052.0
2026-08-12,TWSE,6655,科定,118.0,118.5,117.0,118.5,5127.0
2026-08-12,TWSE,6657,華安,28.35,30.8,28.35,30.35,91129.0
2026-08-12,TWSE,6658,聯策,163.0,163.0,156.5,160.0,215025.0
2026-08-12,TWSE,6666,羅麗芬-KY,42.5,43.45,42.1,42.2,29197.0
2026-08-12,TWSE,6668,中揚光,35.8,35.9,34.7,35.7,339982.0
2026-08-12,TWSE,6669,緯穎,6040.0,6050.0,5855.0,5930.0,1723431.0
2026-08-12,TWSE,6670,復盛應用,268.5,269.0,265.5,269.0,190889.0
2026-08-12,TWSE,6671,三能-KY,22.5,22.65,22.5,22.65,398026.0
2026-08-12,TWSE,6672,騰輝電子-KY,251.5,262.0,247.0,257.0,6965524.0
2026-08-12,TWSE,6674,鋐寶科技,15.2,15.25,15.0,15.25,7510.0
2026-08-12,TWSE,6689,伊雲谷,64.3,65.1,63.9,65.0,118821.0
2026-08-12,TWSE,6691,洋基工程,741.0,742.0,728.0,728.0,341049.0
2026-08-12,TWSE,6695,芯鼎,49.1,49.7,48.7,49.15,344349.0
2026-08-12,TWSE,6698,旭暉應材,34.05,34.05,32.4,32.4,198108.0
2026-08-12,TWSE,6706,惠特,112.5,124.0,112.5,117.0,2314218.0
2026-08-12,TWSE,6715,嘉基,363.0,377.0,355.0,360.5,363860.0
2026-08-12,TWSE,6719,力智,206.0,210.5,203.0,206.5,832307.0
2026-08-12,TWSE,6722,輝創,32.95,33.4,32.95,33.05,25122.0
2026-08-12,TWSE,6742,澤米,43.25,44.0,42.85,43.05,257715.0
2026-08-12,TWSE,6743,安普新,27.1,28.3,27.0,28.1,836867.0
2026-08-12,TWSE,6753,龍德造船,144.5,144.5,137.0,141.0,2164716.0
2026-08-12,TWSE,6754,匯僑設計,42.6,42.6,42.5,42.5,9015.0
2026-08-12,TWSE,6756,威鋒電子,100.5,100.5,98.5,99.9,97650.0
2026-08-12,TWSE,6757,台灣虎航,55.9,56.2,55.1,56.1,911032.0
2026-08-12,TWSE,6768,志強-KY,67.0,68.1,66.6,67.5,484455.0
2026-08-12,TWSE,6770,力積電,66.4,67.5,65.3,67.0,110831134.0
2026-08-12,TWSE,6771,平和環保-創,38.0,39.05,38.0,38.5,26100.0
2026-08-12,TWSE,6776,展碁國際,53.7,54.5,53.5,53.7,155552.0
2026-08-12,TWSE,6781,AES-KY,1210.0,1230.0,1165.0,1175.0,1652919.0
2026-08-12,TWSE,6782,視陽,215.0,215.0,210.0,212.0,219721.0
2026-08-12,TWSE,6789,采鈺,437.0,444.5,430.5,440.0,903453.0
2026-08-12,TWSE,6790,永豐實,38.35,38.4,38.05,38.25,128153.0
2026-08-12,TWSE,6792,詠業,58.3,59.4,57.8,58.1,40268.0
2026-08-12,TWSE,6794,向榮生技,75.0,75.0,73.8,74.7,30000.0
2026-08-12,TWSE,6796,晉弘,62.6,62.8,60.0,60.0,111163.0
2026-08-12,TWSE,6799,來頡,87.0,87.4,84.6,85.6,280946.0
2026-08-12,TWSE,6805,富世達,1725.0,1840.0,1725.0,1790.0,3276691.0
2026-08-12,TWSE,6807,峰源-KY,38.0,38.0,37.95,37.95,6001.0
2026-08-12,TWSE,6830,汎銓,417.5,424.5,403.0,408.5,1373628.0
2026-08-12,TWSE,6831,邁科,630.0,630.0,610.0,617.0,319875.0
2026-08-12,TWSE,6834,天二科技,96.6,106.0,96.4,106.0,10844948.0
2026-08-12,TWSE,6835,圓裕,31.2,31.2,30.9,31.05,5132.0
2026-08-12,TWSE,6838,台新藥,23.25,23.3,23.05,23.3,21220.0
2026-08-12,TWSE,6854,錼創科技-KY創,94.3,94.3,92.0,93.7,71611.0
2026-08-12,TWSE,6861,睿生光電,219.5,221.5,210.5,218.0,407046.0
2026-08-12,TWSE,6862,三集瑞-KY,145.0,154.5,145.0,148.0,228176.0
2026-08-12,TWSE,6863,永道-KY,134.5,134.5,121.0,122.0,662173.0
2026-08-12,TWSE,6869,雲豹能源,70.2,70.2,66.7,67.3,327331.0
2026-08-12,TWSE,6873,泓德能源,77.6,77.6,72.8,74.8,1061171.0
2026-08-12,TWSE,6885,全福生技,20.65,20.65,20.3,20.6,235511.0
2026-08-12,TWSE,6887,寶綠特-KY,36.05,36.45,35.85,36.45,11000.0
2026-08-12,TWSE,6890,來億-KY,174.5,177.0,172.5,174.5,106347.0
2026-08-12,TWSE,6901,鑽石投資,16.25,16.85,16.0,16.85,5375340.0
2026-08-12,TWSE,6902,GOGOLOOK,129.5,132.0,126.0,128.0,101689.0
2026-08-12,TWSE,6906,現觀科,72.3,73.1,70.9,72.5,69565.0
2026-08-12,TWSE,6908,宏碁遊戲-創,32.9,32.9,31.65,32.75,18058.0
2026-08-12,TWSE,6909,創控,41.15,41.25,40.15,40.8,198723.0
2026-08-12,TWSE,6914,阜爾運通,147.0,148.0,147.0,147.5,64260.0
2026-08-12,TWSE,6916,華凌,19.0,19.0,18.5,18.7,11000.0
2026-08-12,TWSE,6918,愛派司,72.8,75.1,72.8,73.8,43108.0
2026-08-12,TWSE,6919,康霈*,110.0,112.5,108.0,108.0,4082269.0
2026-08-12,TWSE,6921,嘉雨思-創,65.2,65.2,62.9,63.7,36000.0
2026-08-12,TWSE,6923,中台,76.5,76.7,74.7,74.9,60529.0
2026-08-12,TWSE,6924,榮惠-KY創,119.0,119.5,113.5,119.5,44653.0
2026-08-12,TWSE,6928,攸泰科技,49.0,49.0,47.55,48.5,97140.0
2026-08-12,TWSE,6931,青松健康,38.4,40.0,38.4,39.5,76634.0
2026-08-12,TWSE,6933,AMAX-KY,186.0,194.5,182.0,188.0,1571634.0
2026-08-12,TWSE,6934,心誠鎂,71.9,73.0,70.6,72.5,43142.0
2026-08-12,TWSE,6936,永鴻生技,32.0,32.05,31.95,32.05,20243.0
2026-08-12,TWSE,6937,天虹,271.5,293.0,270.0,287.0,1052296.0
2026-08-12,TWSE,6944,兆聯實業,750.0,750.0,740.0,740.0,276163.0
2026-08-12,TWSE,6947,台鎔科技,79.6,79.6,76.0,76.0,383262.0
2026-08-12,TWSE,6949,沛爾生醫-創,955.0,1025.0,949.0,1020.0,267698.0
2026-08-12,TWSE,6951,青新-創,71.4,71.6,71.4,71.4,6436.0
2026-08-12,TWSE,6952,大武山,40.0,40.0,39.3,39.3,35599.0
2026-08-12,TWSE,6955,邦睿生技-創,0.0,0.0,0.0,0.0,0.0
2026-08-12,TWSE,6957,裕慶-KY,217.0,217.0,212.0,215.5,82709.0
2026-08-12,TWSE,6958,日盛台駿,17.5,17.6,17.45,17.5,38320.0
2026-08-12,TWSE,6962,奕力-KY,33.55,34.5,33.55,33.8,2880159.0
2026-08-12,TWSE,6965,中傑-KY,75.6,76.3,75.0,75.9,45163.0
2026-08-12,TWSE,6969,成信實業*-創,34.0,34.0,32.5,32.8,201387.0
2026-08-12,TWSE,6988,威力暘-創,12.55,12.7,12.45,12.7,28000.0
2026-08-12,TWSE,6994,富威電力,36.5,36.8,35.3,36.3,803145.0
2026-08-12,TWSE,7610,聯友金屬-創,1890.0,1940.0,1800.0,1870.0,165927.0
2026-08-12,TWSE,7631,聚賢研發-創,138.5,139.5,134.0,138.0,61825.0
2026-08-12,TWSE,7689,大鵬科CLMX,172.5,175.0,169.5,173.0,133918.0
2026-08-12,TWSE,7705,三商餐飲,31.0,31.0,30.6,30.8,13379.0
2026-08-12,TWSE,7711,永擎,445.5,445.5,404.0,407.0,2192742.0
2026-08-12,TWSE,7721,微程式,62.9,63.3,62.2,63.2,42200.0
2026-08-12,TWSE,7722,LINEPAY,292.0,292.5,288.0,291.5,42518.0
2026-08-12,TWSE,7730,暉盛-創,160.0,166.0,159.0,163.0,88221.0
2026-08-12,TWSE,7732,金興精密,35.2,35.85,34.7,34.7,68000.0
2026-08-12,TWSE,7736,虎山,70.0,70.0,69.5,70.0,4300.0
2026-08-12,TWSE,7740,熙特爾-創,166.0,166.0,159.5,159.5,797718.0
2026-08-12,TWSE,7749,意騰-KY,350.0,363.0,350.0,359.5,76270.0
2026-08-12,TWSE,7750,新代,2525.0,2540.0,2345.0,2355.0,367839.0
2026-08-12,TWSE,7760,享溫馨,33.3,33.4,32.2,32.6,210046.0
2026-08-12,TWSE,7765,中華資安,228.0,228.5,224.0,225.5,31857.0
2026-08-12,TWSE,7768,頌勝科技,261.5,261.5,250.5,256.5,65662.0
2026-08-12,TWSE,7769,鴻勁,6160.0,6375.0,6160.0,6350.0,365224.0
2026-08-12,TWSE,7780,大研生醫*,16.75,17.0,16.7,16.8,491363.0
2026-08-12,TWSE,7786,東方風能,132.0,132.5,128.0,130.5,193481.0
2026-08-12,TWSE,7788,松川精密,247.5,251.5,235.0,238.5,1727883.0
2026-08-12,TWSE,7791,皇家可口,59.3,59.6,59.3,59.5,22964.0
2026-08-12,TWSE,7795,長廣,467.0,477.0,440.0,460.0,1848007.0
2026-08-12,TWSE,7799,禾榮科,355.5,360.0,347.0,359.0,203679.0
2026-08-12,TWSE,7803,雲象科技-創,19.7,19.9,19.5,19.75,12202.0
2026-08-12,TWSE,7818,溢泰實業,63.0,63.2,62.4,63.0,72381.0
2026-08-12,TWSE,7821,神數,40.3,40.45,39.0,39.7,247415.0
2026-08-12,TWSE,7822,倍利科,873.0,873.0,850.0,854.0,79397.0
2026-08-12,TWSE,7823,奧義賽博-KY創,85.2,85.3,83.1,84.5,16204.0
2026-08-12,TWSE,7827,漢康-KY創,159.0,162.5,158.5,161.0,151772.0
2026-08-12,TWSE,7835,永悅健康-創,25.55,25.55,24.6,24.8,28062.0
2026-08-12,TWSE,7855,和運租車,44.0,45.0,42.0,43.75,13128507.0
2026-08-12,TWSE,8011,台通,16.5,16.65,15.95,16.2,572416.0
2026-08-12,TWSE,8016,矽創,309.0,312.5,306.0,306.0,634189.0
2026-08-12,TWSE,8021,尖點,424.5,444.0,414.0,439.0,1335242.0
2026-08-12,TWSE,8028,昇陽半導體,262.0,268.0,257.0,261.0,2653764.0
2026-08-12,TWSE,8033,雷虎,170.0,189.0,162.5,189.0,8820185.0
2026-08-12,TWSE,8039,台虹,226.0,229.0,215.0,216.0,13319589.0
2026-08-12,TWSE,8045,達運光電,54.4,54.4,51.0,52.4,695092.0
2026-08-12,TWSE,8046,南電,1115.0,1160.0,1100.0,1150.0,2577232.0
2026-08-12,TWSE,8070,長華*,48.5,49.3,48.2,48.55,1747189.0
2026-08-12,TWSE,8072,陞泰,26.25,26.25,25.9,25.95,67012.0
2026-08-12,TWSE,8081,致新,267.0,277.0,264.5,270.0,1737722.0
2026-08-12,TWSE,8101,華冠,11.75,11.75,11.25,11.35,20790.0
2026-08-12,TWSE,8103,瀚荃,80.3,82.4,80.1,80.1,635151.0
2026-08-12,TWSE,8104,錸寶,31.65,32.0,31.4,31.85,228779.0
2026-08-12,TWSE,8105,凌巨,16.7,17.4,16.7,17.15,3049365.0
2026-08-12,TWSE,8110,華東,46.05,46.4,45.1,46.3,3619479.0
2026-08-12,TWSE,8112,至上,95.0,100.5,94.7,100.0,72928524.0
2026-08-12,TWSE,8114,振樺電,221.5,221.5,210.5,211.5,1348082.0
2026-08-12,TWSE,8131,福懋科,63.8,64.2,62.0,63.2,2342853.0
2026-08-12,TWSE,8150,南茂,93.1,99.4,91.0,99.0,100567458.0
2026-08-12,TWSE,8162,微矽電子-創,55.1,57.0,54.7,55.9,183745.0
2026-08-12,TWSE,8163,達方,31.5,32.25,31.25,31.9,870359.0
2026-08-12,TWSE,8201,無敵,11.9,12.0,11.7,12.0,34950.0
2026-08-12,TWSE,8210,勤誠,1045.0,1050.0,1000.0,1015.0,2211347.0
2026-08-12,TWSE,8213,志超,31.35,33.0,31.35,32.55,1273217.0
2026-08-12,TWSE,8215,明基材,25.5,25.5,24.7,24.8,424375.0
2026-08-12,TWSE,8222,寶一,38.0,39.3,37.5,38.65,919394.0
2026-08-12,TWSE,8249,菱光,42.55,42.6,41.8,42.25,246299.0
2026-08-12,TWSE,8261,富鼎,178.0,191.5,176.5,184.0,7517842.0
2026-08-12,TWSE,8271,宇瞻,232.5,235.0,229.0,234.5,4354343.0
2026-08-12,TWSE,8341,日友,77.2,77.3,76.7,76.9,139942.0
2026-08-12,TWSE,8367,建新國際,40.45,40.5,40.0,40.45,23070.0
2026-08-12,TWSE,8374,羅昇,88.1,88.1,81.0,82.2,1077605.0
2026-08-12,TWSE,8404,百和興業-KY,16.3,16.5,16.1,16.15,247537.0
2026-08-12,TWSE,8411,福貞-KY,13.1,13.1,12.85,13.0,159118.0
2026-08-12,TWSE,8422,可寧衛*,26.8,26.95,26.55,26.65,3484684.0
2026-08-12,TWSE,8429,金麗-KY,6.03,6.08,6.02,6.02,115088.0
2026-08-12,TWSE,8438,昶昕,67.1,68.0,65.9,67.0,255066.0
2026-08-12,TWSE,8442,威宏-KY,44.0,44.15,43.25,44.05,47084.0
2026-08-12,TWSE,8443,阿瘦,11.3,11.5,11.1,11.5,48826.0
2026-08-12,TWSE,8454,富邦媒,272.0,275.5,266.5,271.0,687852.0
2026-08-12,TWSE,8462,柏文,170.0,171.0,166.5,169.5,124885.0
2026-08-12,TWSE,8463,潤泰材,20.8,20.85,20.75,20.8,49142.0
2026-08-12,TWSE,8464,億豐,381.5,398.5,377.5,398.0,883379.0
2026-08-12,TWSE,8466,美吉吉-KY,16.45,16.75,16.4,16.6,18000.0
2026-08-12,TWSE,8467,波力-KY,116.0,116.0,106.0,106.0,64563.0
2026-08-12,TWSE,8473,山林水,42.3,42.5,41.45,42.05,578275.0
2026-08-12,TWSE,8476,台境*,20.1,20.2,19.55,19.9,553177.0
2026-08-12,TWSE,8478,東哥遊艇,148.0,148.5,145.5,147.0,119085.0
2026-08-12,TWSE,8481,政伸,40.45,40.8,40.35,40.75,15000.0
2026-08-12,TWSE,8482,商億-KY,50.1,50.1,50.1,50.1,1000.0
2026-08-12,TWSE,8487,愛爾達-創,72.3,72.4,71.9,72.1,36287.0
2026-08-12,TWSE,8488,吉源-KY,10.25,10.6,10.05,10.15,299050.0
2026-08-12,TWSE,8499,鼎炫-KY,262.0,270.5,259.5,265.0,52882.0
2026-08-12,TWSE,8926,台汽電,56.0,56.2,54.7,55.8,7907754.0
2026-08-12,TWSE,8940,新天地,15.35,15.4,15.25,15.3,21819.0
2026-08-12,TWSE,8996,高力,1060.0,1080.0,1045.0,1065.0,1153343.0
2026-08-12,TWSE,9103,美德醫療-DR,5.28,5.3,5.18,5.18,539237.0
2026-08-12,TWSE,9105,泰金寶-DR,8.55,8.58,8.25,8.27,16018975.0
2026-08-12,TWSE,9110,越南控-DR,2.9,3.14,2.9,3.14,11000.0
2026-08-12,TWSE,9136,巨騰-DR,11.5,11.75,11.35,11.4,318650.0
2026-08-12,TWSE,9802,鈺齊-KY,72.3,74.9,72.3,74.9,1910729.0
2026-08-12,TWSE,9902,台火,13.8,13.85,13.75,13.8,70951.0
2026-08-12,TWSE,9904,寶成,24.1,24.2,24.0,24.05,10386589.0
2026-08-12,TWSE,9905,大華,21.65,21.65,21.3,21.55,237070.0
2026-08-12,TWSE,9906,欣巴巴,40.2,41.0,39.6,40.85,52304.0
2026-08-12,TWSE,9907,統一實,14.85,14.85,14.75,14.8,1340628.0
2026-08-12,TWSE,9908,大台北,29.05,29.05,29.0,29.05,94155.0
2026-08-12,TWSE,9910,豐泰,69.6,71.3,69.6,71.3,1816830.0
2026-08-12,TWSE,9911,櫻花,82.8,83.0,82.1,82.3,158714.0
2026-08-12,TWSE,9912,偉聯,12.45,12.5,12.4,12.45,22286.0
2026-08-12,TWSE,9914,美利達,84.6,94.6,83.5,94.3,12298090.0
2026-08-12,TWSE,9917,中保科,107.5,108.0,107.5,107.5,255261.0
2026-08-12,TWSE,9918,欣天然,42.4,42.65,42.4,42.65,2246.0
2026-08-12,TWSE,9919,康那香,13.95,13.95,13.85,13.9,199654.0
2026-08-12,TWSE,9921,巨大,99.9,111.5,99.8,111.5,9753903.0
2026-08-12,TWSE,9924,福興,38.5,38.5,38.25,38.5,183367.0
2026-08-12,TWSE,9925,新保,40.3,40.3,40.1,40.15,514645.0
2026-08-12,TWSE,9926,新海,49.0,49.05,49.0,49.05,11481.0
2026-08-12,TWSE,9927,泰銘,69.5,69.6,68.8,69.2,113479.0
2026-08-12,TWSE,9928,中視,18.15,18.25,18.0,18.25,48793.0
2026-08-12,TWSE,9929,秋雨,11.45,11.45,11.45,11.45,1003.0
2026-08-12,TWSE,9930,中聯資源,62.4,62.6,62.2,62.3,79906.0
2026-08-12,TWSE,9931,欣高,33.8,33.8,33.6,33.8,11184.0
2026-08-12,TWSE,9933,中鼎,37.85,38.8,37.85,38.65,1579464.0
2026-08-12,TWSE,9934,成霖,11.85,12.05,11.1,11.4,7590801.0
2026-08-12,TWSE,9935,慶豐富,20.7,20.7,19.95,20.1,624540.0
2026-08-12,TWSE,9937,全國,55.1,55.1,54.7,55.1,14023.0
2026-08-12,TWSE,9938,百和,42.0,42.5,41.9,42.5,1245456.0
2026-08-12,TWSE,9939,宏全,140.0,140.0,133.0,135.5,4162310.0
2026-08-12,TWSE,9940,信義,21.25,21.35,20.9,21.05,418734.0
2026-08-12,TWSE,9941,裕融,84.8,86.0,84.8,85.4,1107657.0
2026-08-12,TWSE,9942,茂順,118.0,119.0,117.0,117.5,145871.0
2026-08-12,TWSE,9943,好樂迪,51.6,51.9,51.4,51.9,57638.0
2026-08-12,TWSE,9944,新麗,17.35,17.6,17.25,17.25,67031.0
2026-08-12,TWSE,9945,潤泰新,27.0,27.15,26.75,27.05,4883574.0
2026-08-12,TWSE,9946,三發地產,18.15,18.25,18.05,18.15,146597.0
2026-08-12,TWSE,9955,佳龍,24.85,25.4,24.65,25.1,480342.0
2026-08-12,TWSE,9958,世紀鋼,115.5,116.0,112.0,113.5,1786692.0
2026-08-12,TPEX,1240,茂生農經,56.0,56.4,55.9,56.4,21628.0
2026-08-12,TPEX,1259,安心,59.9,63.1,59.9,61.9,44384.0
2026-08-12,TPEX,1264,德麥,260.0,260.0,258.0,258.5,18452.0
2026-08-12,TPEX,1268,漢來美食,183.0,183.5,177.5,180.5,88391.0
2026-08-12,TPEX,1294,漢田生技,58.7,59.8,57.5,59.1,27442.0
2026-08-12,TPEX,1295,生合,46.75,46.85,46.4,46.8,19707.0
2026-08-12,TPEX,1336,台翰,16.5,16.8,16.0,16.2,1355709.0
2026-08-12,TPEX,1565,精華,95.4,96.6,95.0,96.4,225667.0
2026-08-12,TPEX,1569,濱川,41.4,41.8,40.75,41.3,287950.0
2026-08-12,TPEX,1570,力肯,33.4,34.0,33.35,33.9,15288.0
2026-08-12,TPEX,1580,新麥,110.0,111.5,109.0,110.5,517013.0
2026-08-12,TPEX,1584,精剛,17.9,18.0,17.85,18.0,333512.0
2026-08-12,TPEX,1586,和勤,18.35,18.45,18.2,18.35,345008.0
2026-08-12,TPEX,1591,駿吉-KY,37.8,37.8,36.6,37.15,142100.0
2026-08-12,TPEX,1593,祺驊,31.6,31.6,31.45,31.6,29104.0
2026-08-12,TPEX,1595,川寶,65.4,68.1,64.0,65.6,504616.0
2026-08-12,TPEX,1599,宏佳騰,23.85,23.85,23.55,23.8,13034.0
2026-08-12,TPEX,1742,台蠟,17.65,17.75,17.35,17.65,104216.0
2026-08-12,TPEX,1777,生泰,74.8,74.8,73.6,74.7,37481.0
2026-08-12,TPEX,1780,立弘,22.95,23.05,22.55,23.05,62061.0
2026-08-12,TPEX,1781,合世,11.2,11.35,10.9,11.0,78109.0
2026-08-12,TPEX,1784,訊聯,61.5,62.4,61.5,61.8,65010.0
2026-08-12,TPEX,1785,光洋科,107.0,110.0,103.0,106.5,18100391.0
2026-08-12,TPEX,1788,杏昌,129.5,130.0,129.5,130.0,34345.0
2026-08-12,TPEX,1796,金穎生技,,,,,0.0
2026-08-12,TPEX,1799,易威,30.9,30.9,30.0,30.15,469134.0
2026-08-12,TPEX,1813,寶利徠,11.45,11.45,11.4,11.45,28211.0
2026-08-12,TPEX,1815,富喬,89.3,90.9,89.3,90.0,6263857.0
2026-08-12,TPEX,2035,唐榮,,,,,151.0
2026-08-12,TPEX,2061,風青,62.4,64.6,62.4,62.5,1962214.0
2026-08-12,TPEX,2063,世鎧,24.55,24.6,24.1,24.2,24430.0
2026-08-12,TPEX,2064,晉椿,12.35,12.55,12.15,12.25,36533.0
2026-08-12,TPEX,2065,世豐,36.45,37.45,36.2,36.45,176220.0
2026-08-12,TPEX,2066,世德,63.0,63.0,61.0,61.5,121363.0
2026-08-12,TPEX,2067,嘉鋼,6.48,6.48,6.25,6.38,18003.0
2026-08-12,TPEX,2070,精湛,59.8,64.2,59.3,63.4,452881.0
2026-08-12,TPEX,2073,雄順,27.45,27.5,25.6,25.6,10757.0
2026-08-12,TPEX,2221,大甲,48.95,52.0,47.8,50.2,468701.0
2026-08-12,TPEX,2230,泰茂,27.3,27.3,25.95,26.0,231622.0
2026-08-12,TPEX,2235,謚源,27.55,28.0,27.55,28.0,5021.0
2026-08-12,TPEX,2596,綠意,32.25,32.4,32.0,32.15,49507.0
2026-08-12,TPEX,2640,大車隊,149.0,151.0,149.0,149.0,19328.0
2026-08-12,TPEX,2641,正德,17.75,17.8,17.35,17.5,1056475.0
2026-08-12,TPEX,2643,捷迅,62.9,63.0,62.7,62.7,16582.0
2026-08-12,TPEX,2718,全心投控,45.8,46.0,45.55,45.55,30401.0
2026-08-12,TPEX,2719,燦星旅,21.2,21.2,21.2,21.2,4010.0
2026-08-12,TPEX,2724,藝舍-KY,10.5,10.85,10.5,10.85,24080.0
2026-08-12,TPEX,2726,雅茗-KY,8.84,8.9,8.8,8.88,23095.0
2026-08-12,TPEX,2729,瓦城,162.0,162.5,160.5,161.0,14560.0
2026-08-12,TPEX,2732,六角,63.8,63.9,63.5,63.5,28422.0
2026-08-12,TPEX,2734,易飛網,14.95,15.1,14.85,15.0,64511.0
2026-08-12,TPEX,2736,富野,11.45,11.65,11.45,11.5,58470.0
2026-08-12,TPEX,2740,華軒,30.75,30.75,30.75,30.75,1442.0
2026-08-12,TPEX,2743,山富,57.0,57.4,56.7,56.8,75600.0
2026-08-12,TPEX,2745,五福,88.8,89.5,88.3,88.5,84734.0
2026-08-12,TPEX,2751,王座,53.9,54.0,53.3,54.0,12119.0
2026-08-12,TPEX,2752,豆府,178.5,178.5,178.5,178.5,5914.0
2026-08-12,TPEX,2754,亞洲藏壽司,72.4,72.7,71.9,72.6,109470.0
2026-08-12,TPEX,2755,揚秦,103.0,104.5,103.0,104.5,28417.0
2026-08-12,TPEX,2756,聯發國際,56.5,56.8,56.2,56.5,14401.0
2026-08-12,TPEX,2916,滿心,41.05,41.1,40.9,41.0,21276.0
2026-08-12,TPEX,2924,宏太-KY,17.35,17.35,15.9,16.4,12000.0
2026-08-12,TPEX,2926,誠品生活,30.35,30.65,30.15,30.65,20239.0
2026-08-12,TPEX,2937,集雅社,46.0,46.5,46.0,46.0,25325.0
2026-08-12,TPEX,2941,米斯特,,,,,1.0
2026-08-12,TPEX,2947,振宇五金,62.1,62.1,62.1,62.1,2640.0
2026-08-12,TPEX,2948,寶陞,38.35,38.35,38.25,38.25,2000.0
2026-08-12,TPEX,2949,欣新網,61.1,61.1,61.0,61.0,2034.0
2026-08-12,TPEX,3064,泰偉,,,,,0.0
2026-08-12,TPEX,3066,李洲,22.0,23.75,22.0,23.75,1492793.0
2026-08-12,TPEX,3067,全域,17.95,17.95,17.95,17.95,1000.0
2026-08-12,TPEX,3071,協禧,24.95,25.45,24.9,25.15,352040.0
2026-08-12,TPEX,3073,天方能源,22.8,24.5,22.8,23.15,196524.0
2026-08-12,TPEX,3078,僑威,54.6,54.8,53.9,54.2,511041.0
2026-08-12,TPEX,3081,聯亞,2560.0,2725.0,2560.0,2725.0,1435986.0
2026-08-12,TPEX,3083,網龍,24.6,24.65,24.45,24.55,59423.0
2026-08-12,TPEX,3085,新零售,12.2,12.2,12.1,12.1,3037.0
2026-08-12,TPEX,3086,華義*,26.75,27.1,26.55,26.85,88907.0
2026-08-12,TPEX,3088,艾訊,139.5,140.5,138.0,140.0,894909.0
2026-08-12,TPEX,3093,港建*,49.9,49.9,48.75,48.95,332830.0
2026-08-12,TPEX,3095,及成,38.0,38.0,37.45,38.0,6172.0
2026-08-12,TPEX,3105,穩懋,372.0,408.0,370.5,400.0,30375615.0
2026-08-12,TPEX,3114,好德,35.8,36.85,35.8,36.25,463416.0
2026-08-12,TPEX,3115,富榮綱,8.8,8.8,8.8,8.8,1007.0
2026-08-12,TPEX,3118,進階,,,,,342.0
2026-08-12,TPEX,3122,笙泉,25.8,26.2,25.8,26.1,33493.0
2026-08-12,TPEX,3128,昇銳,22.0,22.4,21.9,22.1,71756.0
2026-08-12,TPEX,3131,弘塑,2405.0,2570.0,2405.0,2555.0,684532.0
2026-08-12,TPEX,3141,晶宏,77.2,78.4,74.4,75.0,853881.0
2026-08-12,TPEX,3147,大綜,228.0,237.0,228.0,229.5,525914.0
2026-08-12,TPEX,3152,璟德,224.5,232.5,223.0,230.5,122045.0
2026-08-12,TPEX,3158,嘉實,84.5,84.5,83.7,83.9,8390.0
2026-08-12,TPEX,3162,精確,66.3,67.3,65.8,66.2,697095.0
2026-08-12,TPEX,3163,波若威,685.0,735.0,682.0,718.0,7189735.0
2026-08-12,TPEX,3169,亞信,102.0,103.0,101.5,101.5,39678.0
2026-08-12,TPEX,3171,炎洲流通,65.4,65.4,64.3,64.7,23143.0
2026-08-12,TPEX,3176,基亞,33.9,33.9,33.05,33.7,222274.0
2026-08-12,TPEX,3178,公準,58.1,58.8,57.4,58.8,65987.0
2026-08-12,TPEX,3188,鑫龍騰,23.4,23.65,23.15,23.55,320580.0
2026-08-12,TPEX,3191,雲嘉南,18.6,19.0,17.55,18.65,53552.0
2026-08-12,TPEX,3205,佰研,50.8,50.8,48.0,48.9,62208.0
2026-08-12,TPEX,3206,志豐,35.6,35.75,34.5,34.85,44444.0
2026-08-12,TPEX,3207,耀勝,43.1,44.2,42.8,43.0,113622.0
2026-08-12,TPEX,3211,順達,400.5,418.0,393.0,412.0,13683934.0
2026-08-12,TPEX,3213,茂訊,136.0,136.0,133.0,134.0,322988.0
2026-08-12,TPEX,3217,優群,148.0,150.0,147.5,148.0,450717.0
2026-08-12,TPEX,3218,大學光,147.0,147.0,141.5,142.5,348442.0
2026-08-12,TPEX,3219,倚強科,73.6,78.0,73.0,73.6,420283.0
2026-08-12,TPEX,3221,台嘉碩,48.1,49.6,47.95,49.0,2144572.0
2026-08-12,TPEX,3224,三顧,36.95,36.95,36.05,36.3,26612.0
2026-08-12,TPEX,3226,龍鋒,51.5,51.5,51.1,51.5,28362.0
2026-08-12,TPEX,3227,原相,205.0,206.0,202.5,204.0,1401826.0
2026-08-12,TPEX,3228,金麗科,144.5,146.5,144.0,146.0,142890.0
2026-08-12,TPEX,3230,錦明,42.05,42.6,40.95,40.95,653615.0
2026-08-12,TPEX,3232,昱捷,19.9,19.9,19.7,19.9,21416.0
2026-08-12,TPEX,3234,光環,117.0,133.5,117.0,133.0,5747695.0
2026-08-12,TPEX,3236,千如,45.65,46.6,44.7,45.2,4880869.0
2026-08-12,TPEX,3252,海灣,16.6,16.6,15.95,16.1,25000.0
2026-08-12,TPEX,3259,鑫創,14.1,14.15,14.0,14.1,52668.0
2026-08-12,TPEX,3260,威剛,408.5,422.0,408.5,409.5,12197805.0
2026-08-12,TPEX,3264,欣銓,221.0,225.5,216.0,216.5,7720567.0
2026-08-12,TPEX,3265,台星科,160.5,175.0,160.5,175.0,2819033.0
2026-08-12,TPEX,3268,海德威,19.95,20.05,19.55,19.75,107285.0
2026-08-12,TPEX,3272,東碩,13.95,13.95,13.8,13.9,21171.0
2026-08-12,TPEX,3276,宇環,14.9,15.25,14.9,15.1,171743.0
2026-08-12,TPEX,3284,太普高,21.15,22.1,21.0,21.2,360419.0
2026-08-12,TPEX,3285,微端,37.2,38.6,37.05,38.0,34900.0
2026-08-12,TPEX,3287,廣寰科,35.45,35.45,35.45,35.45,438706.0
2026-08-12,TPEX,3288,點晶,21.7,22.0,21.7,21.8,28824.0
2026-08-12,TPEX,3289,宜特,141.0,142.5,139.5,140.5,489306.0
2026-08-12,TPEX,3290,東浦,55.6,56.8,55.3,56.0,504219.0
2026-08-12,TPEX,3293,鈊象,806.0,806.0,778.0,781.0,1689927.0
2026-08-12,TPEX,3294,英濟,31.75,32.65,31.65,31.8,399572.0
2026-08-12,TPEX,3297,杭特,27.65,28.8,27.65,28.35,50336.0
2026-08-12,TPEX,3303,岱稜,54.3,55.1,53.4,53.4,599919.0
2026-08-12,TPEX,3306,鼎天,44.9,45.4,44.6,44.8,85513.0
2026-08-12,TPEX,3310,佳穎,70.3,71.0,69.1,69.1,39040.0
2026-08-12,TPEX,3313,斐成,10.3,10.9,10.2,10.5,154673.0
2026-08-12,TPEX,3317,尼克森,70.1,70.8,69.7,69.8,455133.0
2026-08-12,TPEX,3322,建舜電,11.5,11.55,11.3,11.35,426637.0
2026-08-12,TPEX,3323,加百裕,32.2,32.4,31.7,32.4,409319.0
2026-08-12,TPEX,3324,雙鴻,1035.0,1070.0,1035.0,1050.0,2014910.0
2026-08-12,TPEX,3325,旭品,11.8,12.1,11.8,11.9,29726.0
2026-08-12,TPEX,3332,幸康,62.5,62.5,62.5,62.5,2000.0
2026-08-12,TPEX,3339,泰谷,37.55,39.55,37.55,38.9,1739328.0
2026-08-12,TPEX,3349,寶德,23.25,23.25,22.45,23.2,120045.0
2026-08-12,TPEX,3354,律勝,20.6,21.0,20.45,20.7,99097.0
2026-08-12,TPEX,3357,臺慶科,218.0,234.0,217.0,230.5,3536081.0
2026-08-12,TPEX,3360,尚立,16.0,17.45,16.0,17.45,1395241.0
2026-08-12,TPEX,3362,先進光,174.5,179.5,172.0,179.0,983603.0
2026-08-12,TPEX,3363,上詮,616.0,652.0,612.0,630.0,4493173.0
2026-08-12,TPEX,3372,典範,16.2,16.4,16.1,16.1,417644.0
2026-08-12,TPEX,3373,熱映,16.55,16.75,16.5,16.5,57475.0
2026-08-12,TPEX,3374,精材,332.0,338.0,324.0,330.0,10752399.0
2026-08-12,TPEX,3379,彬台,30.0,30.5,29.55,29.55,255912.0
2026-08-12,TPEX,3388,崇越電,72.9,75.7,72.4,75.6,1131085.0
2026-08-12,TPEX,3390,旭軟,22.4,22.7,22.35,22.45,168237.0
2026-08-12,TPEX,3402,漢科,128.0,129.0,127.5,128.5,149856.0
2026-08-12,TPEX,3430,奇鈦科,112.0,114.0,112.0,113.0,286829.0
2026-08-12,TPEX,3434,哲固,29.9,30.05,29.55,30.0,32588.0
2026-08-12,TPEX,3438,類比科,59.2,60.4,59.2,59.6,60689.0
2026-08-12,TPEX,3441,聯一光,79.3,87.2,79.2,87.2,10828796.0
2026-08-12,TPEX,3444,利機,76.4,79.9,76.4,77.9,305216.0
2026-08-12,TPEX,3455,由田,202.0,222.0,201.5,222.0,1387477.0
2026-08-12,TPEX,3465,進泰電子,29.75,30.05,29.75,29.8,23080.0
2026-08-12,TPEX,3466,德晉,25.35,26.3,25.35,25.55,132403.0
2026-08-12,TPEX,3467,台灣精材,45.9,46.8,45.25,45.6,60538.0
2026-08-12,TPEX,3479,安勤,140.0,142.0,140.0,140.5,556951.0
2026-08-12,TPEX,3483,力致,75.0,75.6,74.0,75.1,323896.0
2026-08-12,TPEX,3484,崧騰,50.1,50.5,49.9,50.4,191408.0
2026-08-12,TPEX,3485,敘豐,207.0,225.5,207.0,217.0,304524.0
2026-08-12,TPEX,3489,森寶,25.95,26.1,25.9,26.1,574524.0
2026-08-12,TPEX,3490,單井,32.25,33.95,32.05,33.5,5445047.0
2026-08-12,TPEX,3491,昇達科,1250.0,1350.0,1250.0,1320.0,1183465.0
2026-08-12,TPEX,3492,長盛,22.0,22.0,21.85,21.85,68000.0
2026-08-12,TPEX,3498,陽程,126.0,133.0,124.5,131.0,2193368.0
2026-08-12,TPEX,3499,環天科,12.75,13.0,12.75,13.0,37949.0
2026-08-12,TPEX,3508,位速,18.0,18.0,17.15,17.6,40192.0
2026-08-12,TPEX,3511,矽瑪,20.6,20.7,20.45,20.45,148599.0
2026-08-12,TPEX,3512,皇龍,19.6,19.8,19.6,19.75,41068.0
2026-08-12,TPEX,3516,亞帝歐,26.5,26.5,25.55,25.75,32394.0
2026-08-12,TPEX,3520,華盈,18.15,18.5,18.0,18.0,414168.0
2026-08-12,TPEX,3521,台鋼建設,12.25,12.25,12.2,12.25,9145.0
2026-08-12,TPEX,3522,御嵿,11.6,11.85,11.6,11.7,51372.0
2026-08-12,TPEX,3523,迎輝,15.3,15.6,15.2,15.6,21007.0
2026-08-12,TPEX,3526,凡甲,286.0,291.0,286.0,288.5,256245.0
2026-08-12,TPEX,3527,聚積,52.5,52.6,51.9,52.2,37308.0
2026-08-12,TPEX,3529,力旺,2660.0,2705.0,2635.0,2660.0,562333.0
2026-08-12,TPEX,3531,先益,21.4,21.7,21.4,21.7,2000.0
2026-08-12,TPEX,3537,堡達,57.0,58.0,55.6,56.1,2353620.0
2026-08-12,TPEX,3540,曜越,20.7,21.0,20.7,21.0,147751.0
2026-08-12,TPEX,3541,西柏,21.45,22.3,21.45,22.3,71838.0
2026-08-12,TPEX,3546,宇峻,73.4,73.9,72.6,73.6,242808.0
2026-08-12,TPEX,3548,兆利,76.2,78.9,76.0,77.8,267871.0
2026-08-12,TPEX,3551,世禾,179.0,181.0,179.0,179.5,251310.0
2026-08-12,TPEX,3552,同致,45.0,45.0,44.5,44.8,76477.0
2026-08-12,TPEX,3555,博士旺,166.5,168.5,162.5,164.0,37594.0
2026-08-12,TPEX,3556,禾瑞亞,64.8,66.4,63.7,65.0,412844.0
2026-08-12,TPEX,3558,神準,130.0,131.5,128.0,130.0,107594.0
2026-08-12,TPEX,3564,其陽,46.5,47.7,46.2,47.2,104117.0
2026-08-12,TPEX,3567,逸昌,26.5,26.5,26.25,26.25,21397.0
2026-08-12,TPEX,3570,大塚,162.5,163.5,162.0,163.5,32316.0
2026-08-12,TPEX,3577,泓格,132.5,134.5,130.5,130.5,505272.0
2026-08-12,TPEX,3580,友威科,77.6,81.9,77.6,80.4,379426.0
2026-08-12,TPEX,3581,博磊,113.0,122.0,113.0,119.0,570759.0
2026-08-12,TPEX,3587,閎康,253.0,256.5,251.5,253.0,447385.0
2026-08-12,TPEX,3594,磐儀,54.6,57.2,54.5,56.7,1537876.0
2026-08-12,TPEX,3597,映興,26.55,26.8,26.4,26.75,71002.0
2026-08-12,TPEX,3609,三一東林,23.6,25.45,23.55,24.85,348001.0
2026-08-12,TPEX,3611,鼎翰,188.0,189.0,188.0,189.0,14313.0
2026-08-12,TPEX,3615,安可,36.05,36.95,36.05,36.5,463137.0
2026-08-12,TPEX,3623,富晶通,22.25,22.25,21.4,21.65,32134.0
2026-08-12,TPEX,3624,光頡,86.2,88.4,83.6,86.5,6053233.0
2026-08-12,TPEX,3625,西勝,17.15,17.35,16.4,16.8,391914.0
2026-08-12,TPEX,3628,盈正,66.1,66.7,65.7,66.4,53670.0
2026-08-12,TPEX,3629,地心引力,13.1,13.35,13.1,13.35,8120.0
2026-08-12,TPEX,3630,新鉅科,25.85,26.4,25.8,26.25,616450.0
2026-08-12,TPEX,3631,晟楠,34.15,36.45,34.15,36.0,207821.0
2026-08-12,TPEX,3632,研勤,7.5,7.56,7.5,7.56,8031.0
2026-08-12,TPEX,3646,艾恩特,23.3,23.75,23.3,23.45,27123.0
2026-08-12,TPEX,3663,鑫科,64.4,69.7,63.7,65.2,1380867.0
2026-08-12,TPEX,3664,安瑞-KY,6.05,6.05,5.63,5.63,7347.0
2026-08-12,TPEX,3666,光耀,25.0,25.1,24.85,25.1,24171.0
2026-08-12,TPEX,3672,康聯訊,12.7,12.7,12.5,12.5,15002.0
2026-08-12,TPEX,3675,德微,275.0,281.0,273.5,275.5,407738.0
2026-08-12,TPEX,3680,家登,452.0,459.5,450.0,452.5,696544.0
2026-08-12,TPEX,3684,榮昌,53.2,53.5,52.5,53.5,38145.0
2026-08-12,TPEX,3685,元創精密,38.3,38.95,37.0,38.0,470670.0
2026-08-12,TPEX,3687,歐買尬,66.6,66.6,65.7,66.1,63986.0
2026-08-12,TPEX,3689,湧德,110.0,111.5,109.0,110.5,1264654.0
2026-08-12,TPEX,3691,碩禾,117.5,121.5,117.5,119.5,467630.0
2026-08-12,TPEX,3693,營邦,492.5,510.0,492.5,502.0,464016.0
2026-08-12,TPEX,3707,漢磊,62.0,65.0,62.0,63.5,5144665.0
2026-08-12,TPEX,3709,鑫聯大投控,71.9,72.7,70.8,71.2,1398884.0
2026-08-12,TPEX,3710,連展投控,5.04,5.18,4.94,5.08,394746.0
2026-08-12,TPEX,3713,新晶投控,14.95,14.95,14.7,14.9,11248.0
2026-08-12,TPEX,4102,永日,18.8,19.15,18.8,19.05,46226.0
2026-08-12,TPEX,4105,東洋,77.9,77.9,76.9,77.3,601746.0
2026-08-12,TPEX,4107,邦特,114.0,114.5,114.0,114.5,25653.0
2026-08-12,TPEX,4109,加捷生醫,11.25,11.25,11.1,11.2,179672.0
2026-08-12,TPEX,4111,濟生,29.8,30.0,29.75,29.85,80150.0
2026-08-12,TPEX,4113,聯上,14.5,14.65,14.4,14.65,123840.0
2026-08-12,TPEX,4114,健喬,30.05,30.05,29.65,29.8,915852.0
2026-08-12,TPEX,4116,明基醫,39.2,39.5,39.1,39.5,17270.0
2026-08-12,TPEX,4120,友華,49.6,49.6,48.35,49.0,44625.0
2026-08-12,TPEX,4121,優盛,13.15,13.15,13.0,13.1,20118.0
2026-08-12,TPEX,4123,晟德,35.1,35.1,35.1,35.1,3903187.0
2026-08-12,TPEX,4126,太醫,77.7,77.7,77.1,77.1,24352.0
2026-08-12,TPEX,4127,天良,89.5,90.2,88.0,89.0,120823.0
2026-08-12,TPEX,4128,中天,14.8,15.05,14.6,14.65,1045731.0
2026-08-12,TPEX,4129,聯合,87.1,87.1,86.0,86.3,26082.0
2026-08-12,TPEX,4131,浩泰,32.55,32.55,31.5,32.0,8411.0
2026-08-12,TPEX,4138,曜亞,51.1,51.4,51.0,51.4,10657.0
2026-08-12,TPEX,4139,馬光-KY,36.0,36.0,36.0,36.0,1584.0
2026-08-12,TPEX,4147,中裕,63.5,69.8,63.4,68.5,5242539.0
2026-08-12,TPEX,4153,鈺緯,33.1,33.1,32.6,33.1,13037.0
2026-08-12,TPEX,4154,樂威科-KY,12.2,13.1,12.2,12.2,40697.0
2026-08-12,TPEX,4157,太景*-KY,9.04,9.23,9.03,9.06,970505.0
2026-08-12,TPEX,4160,訊聯基因,40.05,40.3,40.0,40.3,10300.0
2026-08-12,TPEX,4161,聿新科,22.9,23.0,22.75,22.95,36070.0
2026-08-12,TPEX,4162,智擎,63.5,63.5,62.4,62.9,651828.0
2026-08-12,TPEX,4163,鐿鈦,145.0,145.0,137.5,139.0,139357.0
2026-08-12,TPEX,4166,友霖,24.5,24.55,24.3,24.4,78542.0
2026-08-12,TPEX,4167,松瑞藥,18.55,18.55,18.25,18.45,492076.0
2026-08-12,TPEX,4168,醣聯,22.85,22.95,22.65,22.85,90393.0
2026-08-12,TPEX,4171,瑞基,17.2,17.6,17.1,17.25,118836.0
2026-08-12,TPEX,4173,久裕,17.65,17.65,17.4,17.45,470589.0
2026-08-12,TPEX,4174,浩鼎,26.55,26.6,26.15,26.15,175287.0
2026-08-12,TPEX,4175,杏一,50.0,50.0,49.8,50.0,15360.0
2026-08-12,TPEX,4183,福永生技,14.8,14.8,13.65,14.3,7000.0
2026-08-12,TPEX,4188,安克,10.15,10.15,9.31,9.95,48106.0
2026-08-12,TPEX,4192,杏國,18.5,18.95,18.1,18.55,29987.0
2026-08-12,TPEX,4198,欣大健康,41.4,41.95,41.4,41.95,9099.0
2026-08-12,TPEX,4205,中華食,70.0,70.0,70.0,70.0,18519.0
2026-08-12,TPEX,4207,環泰,20.9,21.0,20.75,20.95,329981.0
2026-08-12,TPEX,4303,信立,45.4,47.7,45.25,47.0,1364261.0
2026-08-12,TPEX,4304,勝昱,16.0,16.3,16.0,16.25,29316.0
2026-08-12,TPEX,4305,世坤,43.45,44.6,43.45,43.65,16002.0
2026-08-12,TPEX,4401,東隆興,14.0,14.1,13.85,13.9,25476.0
2026-08-12,TPEX,4402,郡都開發,16.35,16.4,15.85,16.0,7251.0
2026-08-12,TPEX,4406,新昕纖,10.1,10.1,10.05,10.05,8000.0
2026-08-12,TPEX,4413,飛寶企業,15.95,17.05,15.95,17.05,115084.0
2026-08-12,TPEX,4416,三圓,10.45,10.6,10.4,10.45,159350.0
2026-08-12,TPEX,4417,金洲,46.85,48.15,46.85,48.1,517181.0
2026-08-12,TPEX,4419,皇家美食,46.8,47.5,45.8,47.5,12173.0
2026-08-12,TPEX,4420,光明,35.35,36.15,35.35,36.15,28165.0
2026-08-12,TPEX,4430,耀億,17.3,18.9,17.3,17.85,207836.0
2026-08-12,TPEX,4432,銘旺實,16.25,16.85,16.25,16.5,46050.0
2026-08-12,TPEX,4433,興采,20.2,20.2,19.8,20.05,11174.0
2026-08-12,TPEX,4442,竣邦-KY,53.4,53.4,52.3,52.8,79153.0
2026-08-12,TPEX,4502,健信,15.65,15.7,15.65,15.7,8335.0
2026-08-12,TPEX,4503,金雨,23.75,26.3,23.5,26.25,2238266.0
2026-08-12,TPEX,4506,崇友,123.5,124.5,122.0,123.0,83907.0
2026-08-12,TPEX,4510,高鋒,41.1,44.55,40.8,44.55,3781713.0
2026-08-12,TPEX,4513,福裕,16.85,17.7,16.85,17.45,794999.0
2026-08-12,TPEX,4523,永彰,25.75,25.9,25.7,25.7,40790.0
2026-08-12,TPEX,4527,方土霖,41.0,41.0,40.65,41.0,21564.0
2026-08-12,TPEX,4528,江興鍛,15.35,15.35,15.15,15.2,16995.0
2026-08-12,TPEX,4529,淳紳,4.22,4.27,4.01,4.16,21295.0
2026-08-12,TPEX,4530,宏易,25.55,25.6,25.55,25.6,2147.0
2026-08-12,TPEX,4533,協易機,26.3,26.8,26.1,26.8,786413.0
2026-08-12,TPEX,4534,慶騰,34.55,34.8,33.5,34.2,677408.0
2026-08-12,TPEX,4535,至興,29.25,29.25,29.0,29.0,14054.0
2026-08-12,TPEX,4538,大詠城,17.25,17.6,17.25,17.55,43021.0
2026-08-12,TPEX,4541,晟田,66.5,71.5,65.1,70.3,6423802.0
2026-08-12,TPEX,4542,科嶠,267.5,287.5,267.5,282.5,772917.0
2026-08-12,TPEX,4543,萬在,31.85,32.35,31.4,32.2,100852.0
2026-08-12,TPEX,4549,桓達,91.5,92.2,91.0,91.9,44116.0
2026-08-12,TPEX,4550,長佳,24.2,24.2,24.1,24.15,22000.0
2026-08-12,TPEX,4554,橙的,30.8,33.8,30.8,31.75,183311.0
2026-08-12,TPEX,4556,旭然,99.0,101.0,98.4,101.0,288025.0
2026-08-12,TPEX,4558,寶緯,18.4,18.4,18.1,18.2,10015.0
2026-08-12,TPEX,4561,健椿,46.05,46.05,46.05,46.05,579119.0
2026-08-12,TPEX,4563,百德,40.5,40.8,39.4,39.8,79296.0
2026-08-12,TPEX,4568,科際精密,40.25,40.25,40.2,40.25,5100.0
2026-08-12,TPEX,4577,達航科技,75.5,77.5,75.5,76.1,239449.0
2026-08-12,TPEX,4580,捷流閥業,78.1,79.5,78.1,79.4,50777.0
2026-08-12,TPEX,4584,君帆,38.25,39.6,38.2,38.3,21883.0
2026-08-12,TPEX,4609,唐鋒,4.78,4.78,4.78,4.78,5000.0
2026-08-12,TPEX,4702,中美實,9.79,9.79,9.59,9.66,62557.0
2026-08-12,TPEX,4706,大恭,32.4,34.5,32.4,33.0,21438.0
2026-08-12,TPEX,4707,磐亞,30.3,33.0,30.3,33.0,6736384.0
2026-08-12,TPEX,4711,永純,16.5,16.75,16.35,16.5,199437.0
2026-08-12,TPEX,4714,永捷,10.45,10.65,10.45,10.65,574426.0
2026-08-12,TPEX,4716,大立,18.9,19.25,17.3,17.4,6201430.0
2026-08-12,TPEX,4721,美琪瑪,73.8,76.0,73.8,74.8,336608.0
2026-08-12,TPEX,4726,永昕,24.6,25.5,24.6,24.8,246223.0
2026-08-12,TPEX,4728,雙美,,,,,2.0
2026-08-12,TPEX,4729,熒茂,20.25,20.25,19.95,20.1,95345.0
2026-08-12,TPEX,4735,豪展,35.8,38.35,35.1,38.35,607474.0
2026-08-12,TPEX,4741,泓瀚,43.55,44.5,43.45,44.1,76755.0
2026-08-12,TPEX,4743,合一,47.5,48.7,46.8,46.85,1418375.0
2026-08-12,TPEX,4744,皇將,27.75,28.7,27.75,28.15,22206.0
2026-08-12,TPEX,4745,合富-KY,12.05,12.2,12.05,12.15,25217.0
2026-08-12,TPEX,4747,強生,56.5,56.9,55.8,55.8,54864.0
2026-08-12,TPEX,4749,新應材,806.0,823.0,806.0,809.0,370707.0
2026-08-12,TPEX,4754,國碳科,37.6,37.75,37.6,37.7,71303.0
2026-08-12,TPEX,4760,勤凱,253.5,263.5,252.0,257.5,363656.0
2026-08-12,TPEX,4767,誠泰科技,26.5,26.5,26.45,26.5,9005.0
2026-08-12,TPEX,4768,晶呈科技,316.5,327.5,316.0,322.0,229433.0
2026-08-12,TPEX,4772,台特化,252.0,254.5,250.0,254.0,536335.0
2026-08-12,TPEX,4806,桂田文創,,,,,636.0
2026-08-12,TPEX,4903,聯光通,36.5,38.4,36.1,37.4,1230856.0
2026-08-12,TPEX,4905,台聯電,70.2,71.7,69.6,70.0,14378.0
2026-08-12,TPEX,4907,富宇,44.9,45.85,44.9,45.8,107294.0
2026-08-12,TPEX,4908,前鼎,152.5,166.0,152.5,162.5,2968632.0
2026-08-12,TPEX,4909,新復興,38.7,39.3,38.65,39.15,256209.0
2026-08-12,TPEX,4911,德英,28.3,28.5,28.25,28.35,11706.0
2026-08-12,TPEX,4923,力士,50.0,50.8,49.15,50.5,244623.0
2026-08-12,TPEX,4924,欣厚-KY,10.0,10.05,9.9,10.05,23000.0
2026-08-12,TPEX,4931,新盛力,255.0,268.0,250.5,267.0,16103870.0
2026-08-12,TPEX,4933,友輝,55.1,55.9,54.9,55.4,66771.0
2026-08-12,TPEX,4939,亞電,61.0,62.8,60.8,60.8,5805076.0
2026-08-12,TPEX,4946,辣椒,82.5,82.5,82.0,82.1,8613.0
2026-08-12,TPEX,4950,金耘國際,,,,,20.0
2026-08-12,TPEX,4951,精拓科,80.4,81.2,80.0,80.2,107985.0
2026-08-12,TPEX,4953,緯致,125.0,126.0,125.0,125.0,146924.0
2026-08-12,TPEX,4966,譜瑞-KY,592.0,600.0,590.0,591.0,641707.0
2026-08-12,TPEX,4971,IET-KY,478.0,500.0,475.0,500.0,629672.0
2026-08-12,TPEX,4972,湯石照明,16.8,16.8,16.45,16.7,11385.0
2026-08-12,TPEX,4973,廣穎,156.0,160.0,155.5,158.5,1662544.0
2026-08-12,TPEX,4974,亞泰,69.3,70.0,69.0,69.9,85688.0
2026-08-12,TPEX,4979,華星光,529.0,561.0,529.0,561.0,17490193.0
2026-08-12,TPEX,4991,環宇-KY,486.0,500.0,460.0,484.5,11591159.0
2026-08-12,TPEX,4995,晶達,50.0,50.5,49.85,50.1,62814.0
2026-08-12,TPEX,5009,榮剛,33.2,33.55,33.15,33.15,1635203.0
2026-08-12,TPEX,5011,久陽,18.4,18.6,18.25,18.4,66365.0
2026-08-12,TPEX,5013,強新,26.4,26.45,26.25,26.45,4400.0
2026-08-12,TPEX,5014,建錩,10.3,10.4,10.15,10.25,3124139.0
2026-08-12,TPEX,5015,華祺,22.2,22.2,22.1,22.15,52736.0
2026-08-12,TPEX,5016,松和,24.5,24.7,24.5,24.6,21151.0
2026-08-12,TPEX,5201,凱衛,26.0,26.0,25.6,26.0,19066.0
2026-08-12,TPEX,5202,力新,12.5,12.5,12.2,12.35,76614.0
2026-08-12,TPEX,5205,中茂,21.7,21.7,21.7,21.7,1764.0
2026-08-12,TPEX,5206,坤悅,22.05,23.0,22.05,22.8,198050.0
2026-08-12,TPEX,5209,新鼎,162.5,163.0,161.5,163.0,61538.0
2026-08-12,TPEX,5210,寶碩,28.55,29.0,28.3,28.6,172175.0
2026-08-12,TPEX,5211,蒙恬,20.15,20.2,19.95,20.05,16237.0
2026-08-12,TPEX,5212,凌網,,,,,1.0
2026-08-12,TPEX,5213,亞昕,20.85,21.0,20.8,20.95,133130.0
2026-08-12,TPEX,5220,萬達光電,20.35,20.85,20.1,20.25,103885.0
2026-08-12,TPEX,5223,安力-KY,23.95,23.95,23.25,23.75,20451.0
2026-08-12,TPEX,5227,立凱-KY,35.5,35.75,33.2,33.8,793625.0
2026-08-12,TPEX,5228,鈺鎧,42.1,43.2,41.5,42.4,484513.0
2026-08-12,TPEX,5230,雷笛克光學,17.8,18.35,17.8,18.35,127622.0
2026-08-12,TPEX,5245,智晶,24.1,24.1,23.7,23.8,19083.0
2026-08-12,TPEX,5251,天鉞電,25.2,25.6,24.6,25.6,103630.0
2026-08-12,TPEX,5263,智崴,94.5,94.5,90.7,91.0,216610.0
2026-08-12,TPEX,5272,笙科,18.1,18.5,17.9,17.9,111605.0
2026-08-12,TPEX,5274,信驊,16450.0,17395.0,16450.0,17370.0,292737.0
2026-08-12,TPEX,5276,達輝-KY,18.85,18.85,18.25,18.8,6008.0
2026-08-12,TPEX,5278,尚凡*,24.6,24.7,24.3,24.65,85215.0
2026-08-12,TPEX,5287,數字,151.0,154.5,151.0,152.5,176042.0
2026-08-12,TPEX,5289,宜鼎,1480.0,1535.0,1480.0,1520.0,2470744.0
2026-08-12,TPEX,5291,邑昇,57.3,58.0,56.0,56.9,495581.0
2026-08-12,TPEX,5299,杰力,101.0,103.0,100.0,103.0,390851.0
2026-08-12,TPEX,5301,寶得利,5.45,5.51,5.45,5.51,5048.0
2026-08-12,TPEX,5302,太欣,11.65,11.85,11.25,11.35,656865.0
2026-08-12,TPEX,5309,系統電,56.3,56.5,55.7,56.0,1856250.0
2026-08-12,TPEX,5310,天剛,24.05,25.0,24.0,25.0,8009.0
2026-08-12,TPEX,5312,寶島科,88.7,90.0,88.7,88.9,63670.0
2026-08-12,TPEX,5314,世紀*,61.1,62.8,60.8,62.5,2735481.0
2026-08-12,TPEX,5315,光聯,19.1,19.15,19.05,19.15,166505.0
2026-08-12,TPEX,5321,美而快,55.6,57.5,55.6,56.9,160304.0
2026-08-12,TPEX,5324,士開,12.3,12.3,12.2,12.25,172233.0
2026-08-12,TPEX,5328,華容,66.7,67.2,65.0,67.2,19087966.0
2026-08-12,TPEX,5340,建榮,76.1,81.4,75.4,79.6,7422403.0
2026-08-12,TPEX,5344,立衛,13.85,13.85,13.8,13.85,22493.0
2026-08-12,TPEX,5345,馥鴻,22.6,23.2,22.6,22.6,21151.0
2026-08-12,TPEX,5347,世界,160.5,160.5,156.5,159.5,16125902.0
2026-08-12,TPEX,5348,正能量智能,16.9,16.9,16.6,16.6,6000.0
2026-08-12,TPEX,5351,鈺創,124.5,124.5,120.5,122.0,8671687.0
2026-08-12,TPEX,5353,台林,28.35,28.55,28.35,28.4,17460.0
2026-08-12,TPEX,5355,佳總,5.91,6.26,5.8,6.07,76002.0
2026-08-12,TPEX,5356,協益,25.9,26.1,25.7,25.75,109948.0
2026-08-12,TPEX,5364,力麗店,8.8,8.95,8.65,8.8,97485.0
2026-08-12,TPEX,5371,中光電,86.9,86.9,84.3,86.5,6402493.0
2026-08-12,TPEX,5381,光譜,24.85,25.0,24.35,24.35,289956.0
2026-08-12,TPEX,5386,青雲,276.0,282.0,276.0,278.0,791465.0
2026-08-12,TPEX,5392,能率,45.3,46.55,44.85,46.05,2315223.0
2026-08-12,TPEX,5398,慕康生醫,14.0,14.15,14.0,14.15,34240.0
2026-08-12,TPEX,5403,中菲,93.6,93.6,92.7,93.0,47799.0
2026-08-12,TPEX,5410,國眾,34.7,35.2,34.7,35.2,329589.0
2026-08-12,TPEX,5425,台半,86.1,87.3,85.1,86.7,6089299.0
2026-08-12,TPEX,5426,振發,31.3,31.3,29.75,29.85,5096927.0
2026-08-12,TPEX,5432,新門,113.5,126.0,113.5,125.0,119023.0
2026-08-12,TPEX,5438,東友,17.45,17.45,17.25,17.25,56856.0
2026-08-12,TPEX,5439,高技,240.5,248.0,240.0,245.5,1400828.0
2026-08-12,TPEX,5443,均豪,108.0,114.5,108.0,113.5,4994889.0
2026-08-12,TPEX,5450,南良,15.25,15.35,15.0,15.0,123357.0
2026-08-12,TPEX,5452,佶優,26.55,27.35,26.55,27.2,356656.0
2026-08-12,TPEX,5455,昇益,,,,,106.0
2026-08-12,TPEX,5457,宣德,27.9,28.25,27.7,27.9,496533.0
2026-08-12,TPEX,5460,同協,16.3,16.3,16.05,16.05,20530.0
2026-08-12,TPEX,5464,霖宏,62.8,67.5,61.2,67.5,1148404.0
2026-08-12,TPEX,5465,富驊,22.5,23.7,22.45,23.7,156737.0
2026-08-12,TPEX,5468,凱鈺,32.25,33.2,29.5,31.7,1678110.0
2026-08-12,TPEX,5474,聰泰,154.5,158.0,152.5,156.5,241921.0
2026-08-12,TPEX,5475,德宏,136.0,148.5,136.0,148.5,15276518.0
2026-08-12,TPEX,5478,智冠,99.9,101.5,99.9,101.5,125695.0
2026-08-12,TPEX,5481,新華,19.55,19.95,19.55,19.8,16959.0
2026-08-12,TPEX,5483,中美晶,169.5,185.0,169.5,185.0,32861248.0
2026-08-12,TPEX,5487,通泰,29.4,29.5,28.95,28.95,85001.0
2026-08-12,TPEX,5488,松普,13.35,13.75,13.25,13.65,433145.0
2026-08-12,TPEX,5489,彩富,42.95,43.1,42.05,42.15,66457.0
2026-08-12,TPEX,5490,同亨,30.35,30.75,30.2,30.55,499680.0
2026-08-12,TPEX,5493,三聯,80.0,80.8,79.2,80.3,56880.0
2026-08-12,TPEX,5498,凱崴,50.9,56.0,50.9,55.2,4064696.0
2026-08-12,TPEX,5508,永信建,55.3,55.3,53.5,53.9,214016.0
2026-08-12,TPEX,5511,德昌,73.0,74.6,71.6,72.1,270959.0
2026-08-12,TPEX,5512,力麒,7.89,7.91,7.85,7.91,832234.0
2026-08-12,TPEX,5514,三豐,13.95,14.0,13.7,13.7,5134.0
2026-08-12,TPEX,5516,雙喜,13.05,13.55,13.05,13.5,90223.0
2026-08-12,TPEX,5520,力泰,83.3,83.3,83.3,83.3,5613.0
2026-08-12,TPEX,5523,豐謙,30.2,30.35,30.2,30.35,8000.0
2026-08-12,TPEX,5529,鉅陞,21.35,21.4,21.3,21.3,73925.0
2026-08-12,TPEX,5530,龍巖,49.65,49.65,48.95,49.35,217924.0
2026-08-12,TPEX,5536,聖暉*,925.0,938.0,900.0,918.0,2187736.0
2026-08-12,TPEX,5543,桓鼎-KY,25.0,25.0,24.8,25.0,10077.0
2026-08-12,TPEX,5547,久舜,19.9,20.1,19.85,20.1,20712.0
2026-08-12,TPEX,5548,安倉,20.3,20.35,20.2,20.25,94684.0
2026-08-12,TPEX,5601,台聯櫃,29.5,29.5,29.5,29.5,4020.0
2026-08-12,TPEX,5603,陸海,14.15,14.25,14.15,14.2,27846.0
2026-08-12,TPEX,5604,中連,30.6,30.75,30.55,30.55,8482.0
2026-08-12,TPEX,5609,中菲行,79.5,79.5,78.6,78.7,198730.0
2026-08-12,TPEX,5701,劍湖山,4.22,4.35,4.08,4.25,87994.0
2026-08-12,TPEX,5703,亞都,14.2,14.5,14.2,14.5,19000.0
2026-08-12,TPEX,5704,老爺知,21.8,21.9,21.55,21.6,14618.0
2026-08-12,TPEX,5864,致和證,30.8,33.45,30.8,33.45,6010230.0
2026-08-12,TPEX,5878,台名,38.5,38.9,38.5,38.5,11505.0
2026-08-12,TPEX,5902,德記,34.2,34.85,34.2,34.85,30100.0
2026-08-12,TPEX,5903,全家,186.5,186.5,185.0,185.5,18253.0
2026-08-12,TPEX,5904,寶雅*,90.6,92.3,82.5,82.5,87597760.0
2026-08-12,TPEX,5905,南仁湖,8.08,8.13,8.08,8.11,216939.0
2026-08-12,TPEX,6015,宏遠證,15.25,16.2,15.25,16.05,2633026.0
2026-08-12,TPEX,6016,康和證,18.7,20.1,18.7,19.85,7046985.0
2026-08-12,TPEX,6020,大展證,20.9,21.3,20.9,21.1,108140.0
2026-08-12,TPEX,6021,美好證,35.3,36.4,35.3,36.3,107903.0
2026-08-12,TPEX,6023,元大期,86.1,86.7,85.6,85.8,864176.0
2026-08-12,TPEX,6026,福邦證,14.25,14.7,14.25,14.65,1961059.0
2026-08-12,TPEX,6028,公勝保經,88.4,93.3,88.4,90.4,65183.0
2026-08-12,TPEX,6101,寬魚國際,35.1,35.65,34.9,35.3,136229.0
2026-08-12,TPEX,6103,合邦,29.5,29.5,29.5,29.5,1336.0
2026-08-12,TPEX,6104,創惟,94.4,94.6,93.2,93.3,281081.0
2026-08-12,TPEX,6109,亞元,11.4,11.4,10.9,11.15,126534.0
2026-08-12,TPEX,6111,光聚晶電,37.55,37.6,37.0,37.5,121676.0
2026-08-12,TPEX,6113,亞矽,25.0,26.2,24.65,24.65,389028.0
2026-08-12,TPEX,6114,久威,27.15,27.4,27.15,27.35,12000.0
2026-08-12,TPEX,6118,建達,15.7,15.7,15.55,15.6,42731.0
2026-08-12,TPEX,6121,新普,427.0,440.0,425.0,431.5,1431027.0
2026-08-12,TPEX,6122,擎邦,46.8,46.85,46.5,46.6,174283.0
2026-08-12,TPEX,6123,上奇,43.85,43.85,43.65,43.75,38676.0
2026-08-12,TPEX,6124,業強,27.1,27.55,26.9,27.5,21419.0
2026-08-12,TPEX,6125,廣運,49.65,50.4,49.65,50.2,523847.0
2026-08-12,TPEX,6126,信音,30.85,31.0,30.55,30.55,335497.0
2026-08-12,TPEX,6127,九豪,51.8,53.3,50.9,51.8,3604318.0
2026-08-12,TPEX,6129,普誠,14.65,14.75,14.5,14.55,315751.0
2026-08-12,TPEX,6130,上亞科技,25.5,28.05,25.45,27.0,742906.0
2026-08-12,TPEX,6134,萬旭,28.15,28.45,27.85,27.9,188940.0
2026-08-12,TPEX,6138,茂達,291.0,297.0,290.5,292.5,810728.0
2026-08-12,TPEX,6140,訊達,17.3,17.3,16.95,17.0,32396.0
2026-08-12,TPEX,6143,振曜,89.1,89.8,88.2,88.8,468126.0
2026-08-12,TPEX,6144,得利影,16.0,16.0,14.8,14.8,181245.0
2026-08-12,TPEX,6146,耕興,192.0,193.0,190.5,192.5,163586.0
2026-08-12,TPEX,6147,頎邦,160.5,163.0,156.0,156.5,26621976.0
2026-08-12,TPEX,6148,驊宏資,28.8,28.95,28.2,28.5,96888.0
2026-08-12,TPEX,6150,撼訊,59.7,61.6,59.6,60.5,233967.0
2026-08-12,TPEX,6151,晉倫,35.15,35.6,35.05,35.55,90988.0
2026-08-12,TPEX,6154,順發,13.95,14.15,13.95,14.05,120717.0
2026-08-12,TPEX,6156,松上,21.75,22.25,21.75,22.0,1003919.0
2026-08-12,TPEX,6158,禾昌,16.6,16.75,16.45,16.75,132871.0
2026-08-12,TPEX,6160,欣技,14.3,14.3,13.8,14.15,30103.0
2026-08-12,TPEX,6161,捷波,53.2,54.0,52.8,54.0,240169.0
2026-08-12,TPEX,6163,華電網,43.0,44.95,42.85,43.1,1207707.0
2026-08-12,TPEX,6167,久正,10.6,10.6,10.45,10.5,406211.0
2026-08-12,TPEX,6169,昱泉,12.7,13.0,12.65,13.0,12299.0
2026-08-12,TPEX,6170,統振,46.8,47.2,46.75,47.2,166326.0
2026-08-12,TPEX,6171,大城地產,24.6,24.6,23.8,23.8,2224.0
2026-08-12,TPEX,6173,信昌電,186.5,203.5,182.5,203.5,26232866.0
2026-08-12,TPEX,6174,安碁,42.95,46.6,42.95,44.05,2186860.0
2026-08-12,TPEX,6175,立敦,76.9,79.3,76.7,78.5,1336130.0
2026-08-12,TPEX,6179,亞通,27.6,27.85,27.3,27.35,934828.0
2026-08-12,TPEX,6180,橘子,42.0,42.1,41.3,41.55,397656.0
2026-08-12,TPEX,6182,合晶,94.3,103.0,94.1,103.0,55977812.0
2026-08-12,TPEX,6185,幃翔,13.7,13.75,13.6,13.7,96716.0
2026-08-12,TPEX,6186,新潤,35.45,35.45,34.4,34.7,964950.0
2026-08-12,TPEX,6187,萬潤,1060.0,1155.0,1055.0,1155.0,4539283.0
2026-08-12,TPEX,6188,廣明,71.8,72.6,71.6,71.8,500614.0
2026-08-12,TPEX,6190,萬泰科,69.9,70.4,68.4,68.8,1505133.0
2026-08-12,TPEX,6194,育富,29.95,29.95,29.85,29.85,41762.0
2026-08-12,TPEX,6195,詩肯,27.6,28.9,27.15,28.85,239926.0
2026-08-12,TPEX,6198,瑞築,19.5,19.5,19.5,19.5,3000.0
2026-08-12,TPEX,6199,天品,99.1,104.0,99.1,103.5,588703.0
2026-08-12,TPEX,6203,海韻電,61.3,61.5,60.7,61.1,51025.0
2026-08-12,TPEX,6204,艾華,80.5,85.5,80.0,85.5,299530.0
2026-08-12,TPEX,6207,雷科,107.5,114.5,107.0,111.5,5479638.0
2026-08-12,TPEX,6208,日揚,82.5,83.0,81.6,81.6,239812.0
2026-08-12,TPEX,6210,慶生,17.5,17.75,17.2,17.45,14288.0
2026-08-12,TPEX,6212,理銘,28.55,29.2,28.55,29.2,2651.0
2026-08-12,TPEX,6217,中探針,149.0,156.0,149.0,154.0,689893.0
2026-08-12,TPEX,6218,豪勉,36.4,37.8,35.45,36.15,1107663.0
2026-08-12,TPEX,6219,富旺,12.4,12.4,12.2,12.25,85351.0
2026-08-12,TPEX,6220,岳豐,25.5,26.5,25.4,26.25,422795.0
2026-08-12,TPEX,6221,晉泰,21.35,22.6,21.3,22.6,344950.0
2026-08-12,TPEX,6222,立軒,20.0,20.1,20.0,20.1,7800.0
2026-08-12,TPEX,6223,旺矽,6355.0,6600.0,6355.0,6600.0,532108.0
2026-08-12,TPEX,6227,茂綸,131.0,132.0,124.0,125.5,998004.0
2026-08-12,TPEX,6228,全譜,18.3,18.35,18.0,18.0,7010.0
2026-08-12,TPEX,6229,研通,23.3,23.65,23.2,23.6,27071.0
2026-08-12,TPEX,6231,系微,219.0,225.5,219.0,220.5,274210.0
2026-08-12,TPEX,6233,旺玖,22.45,22.45,22.05,22.25,158280.0
2026-08-12,TPEX,6234,高僑,37.0,37.9,36.9,37.35,323686.0
2026-08-12,TPEX,6236,中湛,15.35,18.75,15.35,15.35,67000.0
2026-08-12,TPEX,6237,驊訊,35.0,35.65,34.9,35.45,247462.0
2026-08-12,TPEX,6240,松崗,18.45,20.9,18.45,20.25,58669.0
2026-08-12,TPEX,6241,鑫永洋,14.55,14.55,14.35,14.35,229249.0
2026-08-12,TPEX,6242,立康,34.3,34.3,34.1,34.1,9107.0
2026-08-12,TPEX,6244,茂迪,24.45,24.45,24.15,24.3,1085396.0
2026-08-12,TPEX,6245,立端,87.9,88.5,86.3,88.0,727508.0
2026-08-12,TPEX,6246,臺龍,12.05,13.35,12.0,13.35,194472.0
2026-08-12,TPEX,6248,沛波,18.0,18.15,17.95,17.95,108599.0
2026-08-12,TPEX,6259,百徽,30.8,31.95,30.6,31.05,667479.0
2026-08-12,TPEX,6261,久元,78.9,80.0,78.5,79.2,335959.0
2026-08-12,TPEX,6263,普萊德,159.5,163.5,159.5,162.5,151867.0
2026-08-12,TPEX,6264,富裔,6.05,6.05,6.0,6.05,6000.0
2026-08-12,TPEX,6265,方土昶,56.7,59.0,56.6,56.8,7539798.0
2026-08-12,TPEX,6266,泰詠,25.0,25.15,24.9,25.15,105468.0
2026-08-12,TPEX,6270,倍微,30.0,31.55,30.0,31.05,454554.0
2026-08-12,TPEX,6274,台燿,1580.0,1645.0,1580.0,1600.0,2421683.0
2026-08-12,TPEX,6275,元山,44.25,45.5,43.8,44.6,527690.0
2026-08-12,TPEX,6276,安鈦克,19.0,19.55,18.85,19.4,59081.0
2026-08-12,TPEX,6279,胡連,131.0,131.0,129.0,130.5,980078.0
2026-08-12,TPEX,6284,佳邦,78.7,80.6,78.5,79.3,983188.0
2026-08-12,TPEX,6290,良維,221.0,225.5,218.5,218.5,1734965.0
2026-08-12,TPEX,6291,沛亨,366.5,402.5,366.5,402.5,818720.0
2026-08-12,TPEX,6292,迅德,66.8,69.0,64.6,66.3,2390868.0
2026-08-12,TPEX,6294,智基,27.0,27.4,27.0,27.4,17794.0
2026-08-12,TPEX,6411,晶焱,78.3,79.6,78.3,78.9,314707.0
2026-08-12,TPEX,6417,韋僑,111.5,112.0,110.5,112.0,42499.0
2026-08-12,TPEX,6418,詠昇,33.1,33.1,32.25,32.6,23060.0
2026-08-12,TPEX,6419,京晨科,151.5,157.0,151.0,153.0,414294.0
2026-08-12,TPEX,6423,億而得,79.1,82.0,79.0,81.1,49389.0
2026-08-12,TPEX,6425,易發,58.0,59.3,57.9,58.0,252030.0
2026-08-12,TPEX,6432,今展科,74.1,76.2,73.5,74.0,1436465.0
2026-08-12,TPEX,6435,大中,261.5,265.5,259.0,261.5,534910.0
2026-08-12,TPEX,6441,廣錠,22.9,23.75,22.6,22.6,115261.0
2026-08-12,TPEX,6461,益得,15.9,16.05,15.8,15.85,101904.0
2026-08-12,TPEX,6462,神盾,103.0,105.0,101.5,101.5,583763.0
2026-08-12,TPEX,6465,威潤,46.85,48.55,46.85,47.5,145889.0
2026-08-12,TPEX,6469,大樹,71.4,71.5,70.2,70.7,404422.0
2026-08-12,TPEX,6470,宇智,42.2,42.3,42.05,42.15,27605.0
2026-08-12,TPEX,6474,華豫寧,39.15,39.3,38.9,39.1,45484.0
2026-08-12,TPEX,6482,弘煜科,27.5,27.5,27.3,27.3,8408.0
2026-08-12,TPEX,6485,點序,65.6,67.2,65.5,66.6,269174.0
2026-08-12,TPEX,6486,互動,74.9,74.9,73.7,74.5,78853.0
2026-08-12,TPEX,6488,環球晶,844.0,933.0,844.0,933.0,11057478.0
2026-08-12,TPEX,6492,生華科,37.95,38.1,37.1,37.85,432142.0
2026-08-12,TPEX,6494,九齊,55.5,55.7,54.7,55.3,139953.0
2026-08-12,TPEX,6496,科懋,24.15,24.5,23.9,24.2,30544.0
2026-08-12,TPEX,6498,久禾光,73.3,75.2,73.0,75.2,118577.0
2026-08-12,TPEX,6499,益安,61.9,63.4,61.5,63.3,163503.0
2026-08-12,TPEX,6506,雙邦,17.25,17.35,17.25,17.3,65021.0
2026-08-12,TPEX,6508,惠光,26.25,26.8,26.0,26.35,30686.0
2026-08-12,TPEX,6509,聚和,47.5,48.6,47.5,48.5,868756.0
2026-08-12,TPEX,6510,精測,2855.0,2950.0,2815.0,2825.0,625636.0
2026-08-12,TPEX,6512,啟發電,20.4,20.4,20.2,20.3,11352.0
2026-08-12,TPEX,6516,勤崴國際,60.7,61.5,60.2,60.8,53418.0
2026-08-12,TPEX,6517,保勝光學,62.2,64.0,62.0,63.0,349721.0
2026-08-12,TPEX,6523,達爾膚,90.0,90.0,89.8,90.0,17364.0
2026-08-12,TPEX,6527,明達醫,74.1,74.1,73.2,73.2,31728.0
2026-08-12,TPEX,6530,創威,80.4,88.1,80.4,87.5,2299838.0
2026-08-12,TPEX,6532,瑞耘,84.6,86.5,84.6,86.4,315557.0
2026-08-12,TPEX,6535,順藥,90.2,90.6,88.0,88.1,223801.0
2026-08-12,TPEX,6538,倉和,148.5,161.5,147.0,161.5,2716974.0
2026-08-12,TPEX,6542,隆中,46.4,46.4,46.4,46.4,1000.0
2026-08-12,TPEX,6546,正基,62.5,68.0,62.0,68.0,1061741.0
2026-08-12,TPEX,6547,高端疫苗,51.8,52.6,50.4,50.6,2506964.0
2026-08-12,TPEX,6548,長科*,74.7,76.3,74.7,75.3,1717248.0
2026-08-12,TPEX,6556,勝品,62.7,64.0,56.0,62.1,164074.0
2026-08-12,TPEX,6560,欣普羅,32.5,32.5,32.1,32.45,30111.0
2026-08-12,TPEX,6561,是方,326.0,329.0,323.5,329.0,24047.0
2026-08-12,TPEX,6568,宏觀,141.5,143.0,139.5,140.0,80428.0
2026-08-12,TPEX,6569,醫揚,95.9,96.3,94.8,95.2,44073.0
2026-08-12,TPEX,6570,維田,57.2,57.6,56.4,57.3,201580.0
2026-08-12,TPEX,6574,霈方,131.0,132.5,125.5,132.0,366291.0
2026-08-12,TPEX,6576,逸達,79.3,80.2,79.2,79.5,65812.0
2026-08-12,TPEX,6577,勁豐,80.5,81.5,80.1,80.4,71791.0
2026-08-12,TPEX,6578,達邦蛋白,18.7,18.7,18.2,18.3,23074.0
2026-08-12,TPEX,6584,南俊國際,553.0,566.0,539.0,543.0,932843.0
2026-08-12,TPEX,6588,東典光電,87.8,97.1,87.8,97.1,1867634.0
2026-08-12,TPEX,6590,普鴻,63.8,66.0,63.6,66.0,7880.0
2026-08-12,TPEX,6593,台灣銘板,32.5,32.65,32.4,32.5,19485.0
2026-08-12,TPEX,6596,寬宏藝術,93.0,94.7,92.0,93.7,517540.0
2026-08-12,TPEX,6597,立誠,,,,,100.0
2026-08-12,TPEX,6603,富強鑫,27.3,29.4,27.3,27.7,6409616.0
2026-08-12,TPEX,6609,瀧澤科,38.75,40.15,38.75,39.6,208703.0
2026-08-12,TPEX,6612,奈米醫材,74.5,74.9,73.3,73.9,25797.0
2026-08-12,TPEX,6613,朋億*,264.0,269.5,263.5,266.5,302929.0
2026-08-12,TPEX,6615,慧智,34.3,34.35,34.05,34.35,7825.0
2026-08-12,TPEX,6616,特昇-KY,8.68,8.79,8.65,8.71,17000.0
2026-08-12,TPEX,6617,共信-KY,102.0,104.0,98.9,102.0,753070.0
2026-08-12,TPEX,6620,漢達,76.7,79.7,76.7,79.5,292516.0
2026-08-12,TPEX,6624,萬年清,43.55,45.05,40.1,40.1,10430.0
2026-08-12,TPEX,6629,泰金-KY,112.0,115.0,112.0,114.0,38629.0
2026-08-12,TPEX,6637,醫影,61.1,61.2,60.9,61.2,51745.0
2026-08-12,TPEX,6640,均華,938.0,1025.0,938.0,1000.0,331772.0
2026-08-12,TPEX,6642,富致,85.2,87.5,84.3,86.0,716719.0
2026-08-12,TPEX,6643,M31,451.5,461.0,450.0,456.5,367843.0
2026-08-12,TPEX,6649,台生材,35.95,35.95,35.15,35.3,19006.0
2026-08-12,TPEX,6651,全宇昕,137.5,140.0,136.5,138.0,188082.0
2026-08-12,TPEX,6654,天正國際,172.0,183.0,172.0,181.0,49570.0
2026-08-12,TPEX,6661,威健生技,,,,,0.0
2026-08-12,TPEX,6662,樂斯科,28.8,28.8,28.8,28.8,5155.0
2026-08-12,TPEX,6664,群翊,355.0,371.0,355.0,366.5,357283.0
2026-08-12,TPEX,6667,信紘科,225.5,230.0,225.0,229.5,128552.0
2026-08-12,TPEX,6679,鈺太,210.0,214.0,209.0,212.0,122691.0
2026-08-12,TPEX,6680,鑫創電子,52.6,52.6,51.2,51.2,2001.0
2026-08-12,TPEX,6683,雍智科技,1255.0,1290.0,1240.0,1270.0,378653.0
2026-08-12,TPEX,6684,安格,49.55,51.0,49.5,50.0,85210.0
2026-08-12,TPEX,6690,安碁資訊,164.0,164.5,162.0,163.0,49060.0
2026-08-12,TPEX,6692,進能服,23.05,24.0,22.85,23.6,17441.0
2026-08-12,TPEX,6693,廣閎科,177.0,190.0,176.5,184.5,1013958.0
2026-08-12,TPEX,6697,東捷資訊,41.8,41.8,41.15,41.3,42592.0
2026-08-12,TPEX,6703,軒郁,104.0,104.5,101.0,104.5,242946.0
2026-08-12,TPEX,6708,天擎,37.8,38.05,37.6,38.0,15331.0
2026-08-12,TPEX,6712,長聖,151.0,152.0,150.0,150.0,208793.0
2026-08-12,TPEX,6716,應廣,105.0,111.0,104.5,109.0,875610.0
2026-08-12,TPEX,6720,久昌,142.0,142.0,138.5,138.5,15000.0
2026-08-12,TPEX,6721,信實,51.8,51.8,51.4,51.6,20192.0
2026-08-12,TPEX,6725,矽科宏晟,241.0,249.5,241.0,246.5,57725.0
2026-08-12,TPEX,6727,亞泰金屬,388.0,408.0,388.0,395.0,675287.0
2026-08-12,TPEX,6728,上洋,105.5,106.0,105.5,105.5,23625.0
2026-08-12,TPEX,6730,常廣,34.35,34.35,33.8,34.0,13354.0
2026-08-12,TPEX,6732,昇佳電子,157.0,158.0,155.0,156.5,113557.0
2026-08-12,TPEX,6733,博晟生醫,25.35,25.65,25.05,25.4,123704.0
2026-08-12,TPEX,6735,美達科技,65.1,66.5,65.1,65.5,142264.0
2026-08-12,TPEX,6739,竹陞科技,1025.0,1070.0,1010.0,1030.0,161520.0
2026-08-12,TPEX,6741,91APP*-KY,55.7,56.1,55.2,55.8,248203.0
2026-08-12,TPEX,6751,智聯服務,42.2,42.2,42.2,42.2,1000.0
2026-08-12,TPEX,6752,叡揚,102.5,102.5,100.0,100.5,13080.0
2026-08-12,TPEX,6761,穩得,174.0,178.5,172.0,178.5,1102138.0
2026-08-12,TPEX,6762,達亞,,,,,0.0
2026-08-12,TPEX,6763,綠界科技*,43.1,43.5,43.0,43.25,145014.0
2026-08-12,TPEX,6767,台微醫,,,,,0.0
2026-08-12,TPEX,6785,昱展新藥,99.0,100.0,98.0,100.0,39372.0
2026-08-12,TPEX,6788,華景電,359.0,371.5,359.0,363.5,296720.0
2026-08-12,TPEX,6791,虎門科技,101.0,101.0,100.0,101.0,28261.0
2026-08-12,TPEX,6803,崑鼎,270.5,270.5,268.0,268.5,96386.0
2026-08-12,TPEX,6804,明係,20.35,20.4,19.0,19.55,324805.0
2026-08-12,TPEX,6811,宏碁資訊,230.5,231.0,227.0,227.5,105792.0
2026-08-12,TPEX,6821,聯寶,42.4,44.8,42.4,42.75,184919.0
2026-08-12,TPEX,6823,濾能,62.4,64.1,62.0,62.8,65552.0
2026-08-12,TPEX,6829,千附精密,205.0,214.0,204.0,211.0,849121.0
2026-08-12,TPEX,6840,東研信超,68.6,70.8,67.3,68.8,146962.0
2026-08-12,TPEX,6841,長佳智能,54.7,54.7,53.7,54.2,399103.0
2026-08-12,TPEX,6843,進典,,,,,0.0
2026-08-12,TPEX,6844,諾貝兒,60.9,61.5,60.6,61.4,23000.0
2026-08-12,TPEX,6846,綠茵,59.1,59.6,58.0,58.0,28638.0
2026-08-12,TPEX,6855,數泓科,115.5,120.0,115.5,118.0,39468.0
2026-08-12,TPEX,6856,鑫傳,44.8,44.8,44.8,44.8,1038.0
2026-08-12,TPEX,6859,伯特光,99.2,106.5,99.2,101.5,86970.0
2026-08-12,TPEX,6865,偉康科技,25.6,25.6,25.25,25.25,6529.0
2026-08-12,TPEX,6870,騰雲,265.0,265.0,253.0,257.0,40162.0
2026-08-12,TPEX,6872,浩宇生醫,15.6,15.75,15.45,15.75,16240.0
2026-08-12,TPEX,6874,倍力,77.9,78.9,77.8,78.9,21531.0
2026-08-12,TPEX,6875,國邑*,32.7,32.7,31.75,32.15,52100.0
2026-08-12,TPEX,6877,鏵友益,127.0,129.0,125.5,127.5,52565.0
2026-08-12,TPEX,6881,潤德,,,,,104.0
2026-08-12,TPEX,6884,海柏特,31.1,31.1,31.1,31.1,3060.0
2026-08-12,TPEX,6894,衛司特,341.0,349.0,338.0,338.5,63039.0
2026-08-12,TPEX,6895,宏碩系統,118.0,120.0,117.5,117.5,20930.0
2026-08-12,TPEX,6899,創為精密,50.3,51.0,50.3,50.8,18190.0
2026-08-12,TPEX,6903,巨漢,318.5,328.0,318.5,324.0,369379.0
2026-08-12,TPEX,6904,伯鑫,,,,,0.0
2026-08-12,TPEX,6907,雅特力-KY,182.5,182.5,169.5,170.5,3680166.0
2026-08-12,TPEX,6910,德鴻,25.1,25.3,25.1,25.15,20251.0
2026-08-12,TPEX,6913,鴻呈,150.5,151.5,145.5,150.0,1042154.0
2026-08-12,TPEX,6922,宸曜,213.0,213.0,203.0,204.0,422794.0
2026-08-12,TPEX,6925,意藍,54.4,54.5,53.6,53.8,29777.0
2026-08-12,TPEX,6929,佑全,22.3,23.45,22.1,22.75,18000.0
2026-08-12,TPEX,6945,圓祥生技,114.0,114.0,103.5,103.5,753600.0
2026-08-12,TPEX,6953,家碩,219.0,222.0,219.0,220.0,21615.0
2026-08-12,TPEX,6961,旅天下,51.7,51.7,51.7,51.7,4504.0
2026-08-12,TPEX,6967,汎瑋材料,68.0,71.5,68.0,70.6,34992.0
2026-08-12,TPEX,6968,萬達寵物,44.0,44.0,43.7,43.9,68890.0
2026-08-12,TPEX,6971,惠民實業,25.2,25.6,25.2,25.45,15000.0
2026-08-12,TPEX,6982,大井泵浦,48.8,49.1,47.5,49.0,21265.0
2026-08-12,TPEX,6983,華洋精機,300.0,303.0,297.0,297.0,14258.0
2026-08-12,TPEX,6986,和迅,44.35,44.35,42.6,44.0,51106.0
2026-08-12,TPEX,6996,力領科技,177.5,179.0,175.5,178.0,53880.0
2026-08-12,TPEX,6997,博弘,,,,,24.0
2026-08-12,TPEX,7402,邑錡,107.0,107.0,103.0,104.0,456376.0
2026-08-12,TPEX,7547,碩網,54.5,54.6,54.4,54.4,9051.0
2026-08-12,TPEX,7556,意德士,233.0,241.0,229.5,235.0,60808.0
2026-08-12,TPEX,7584,樂意,27.0,27.0,26.1,26.1,2000.0
2026-08-12,TPEX,7642,昶瑞機電,78.0,79.5,77.0,79.0,17533.0
2026-08-12,TPEX,7703,銳澤,180.5,184.5,178.0,180.0,179299.0
2026-08-12,TPEX,7704,明遠精密,62.3,63.9,61.9,63.9,50378.0
2026-08-12,TPEX,7708,全家餐飲,93.0,93.0,92.6,92.7,28240.0
2026-08-12,TPEX,7709,榮田,72.6,73.0,71.8,72.6,22726.0
2026-08-12,TPEX,7712,博盛半導體,146.5,152.0,146.0,151.0,356063.0
2026-08-12,TPEX,7713,威力德生醫,70.6,71.0,70.6,70.8,6156.0
2026-08-12,TPEX,7714,創泓科技,152.0,153.5,151.0,151.0,114870.0
2026-08-12,TPEX,7715,裕山,33.8,34.0,32.8,33.3,127849.0
2026-08-12,TPEX,7716,昱臺國際,23.9,23.9,23.9,23.9,1000.0
2026-08-12,TPEX,7717,萊德光電-KY,412.5,440.0,412.5,436.5,130568.0
2026-08-12,TPEX,7718,友鋮,47.45,47.95,47.45,47.95,9000.0
2026-08-12,TPEX,7723,築間,20.6,21.2,20.45,20.55,138952.0
2026-08-12,TPEX,7728,光焱科技,618.0,618.0,600.0,600.0,8266.0
2026-08-12,TPEX,7734,印能科技,3200.0,3385.0,3095.0,3350.0,312329.0
2026-08-12,TPEX,7738,東聯互動,168.5,172.0,168.5,172.0,32657.0
2026-08-12,TPEX,7743,金利食安,21.3,21.3,21.0,21.0,5076.0
2026-08-12,TPEX,7744,崴寶,457.0,464.5,450.0,457.5,63620.0
2026-08-12,TPEX,7747,昕奇雲端,,,,,601.0
2026-08-12,TPEX,7751,竑騰,1230.0,1320.0,1225.0,1315.0,353146.0
2026-08-12,TPEX,7753,星亞,38.1,38.1,37.95,37.95,17048.0
2026-08-12,TPEX,7757,金色三麥,91.5,91.6,91.3,91.3,5905.0
2026-08-12,TPEX,7767,仁大資訊,48.8,49.85,47.8,49.15,70984.0
2026-08-12,TPEX,7770,君曜,39.0,39.7,39.0,39.7,2007.0
2026-08-12,TPEX,7772,耀穎,88.6,94.0,88.6,92.3,45755.0
2026-08-12,TPEX,7777,能率亞洲,39.85,41.7,39.75,40.1,1923470.0
2026-08-12,TPEX,7782,光速火箭,25.8,27.15,25.8,26.2,8041.0
2026-08-12,TPEX,7792,安葆,232.5,232.5,232.5,232.5,196806.0
2026-08-12,TPEX,7794,宏碁智新,28.8,29.4,28.8,29.4,9090.0
2026-08-12,TPEX,7805,威聯通,692.0,711.0,689.0,698.0,160225.0
2026-08-12,TPEX,7810,捷創科技,197.0,201.0,197.0,200.0,29857.0
2026-08-12,TPEX,7811,民盛,71.2,71.2,71.1,71.2,47157.0
2026-08-12,TPEX,7814,海昌生技,31.0,31.0,30.4,30.4,29154.0
2026-08-12,TPEX,7819,精誠金融,34.2,34.5,34.1,34.5,8379.0
2026-08-12,TPEX,7820,立盈,121.0,122.0,115.0,121.5,33816.0
2026-08-12,TPEX,7828,創新服務,1625.0,1760.0,1625.0,1760.0,388123.0
2026-08-12,TPEX,7839,達人網,44.3,45.75,44.3,45.75,32020.0
2026-08-12,TPEX,7842,天能綠電,94.0,94.0,87.1,90.5,49587.0
2026-08-12,TPEX,8024,佑華,13.8,14.15,13.8,14.0,77870.0
2026-08-12,TPEX,8027,鈦昇,187.0,198.5,185.0,192.0,3285423.0
2026-08-12,TPEX,8032,光菱,38.0,38.0,37.15,37.4,106149.0
2026-08-12,TPEX,8034,榮群,19.0,19.0,18.85,18.85,84116.0
2026-08-12,TPEX,8038,長園科,32.35,32.65,31.7,32.2,201956.0
2026-08-12,TPEX,8040,九暘,75.1,75.9,74.7,75.1,247273.0
2026-08-12,TPEX,8042,金山電,113.5,117.0,112.0,113.0,6387715.0
2026-08-12,TPEX,8043,蜜望實,147.5,152.0,142.5,147.5,20090289.0
2026-08-12,TPEX,8044,網家,27.25,27.25,26.5,26.8,278502.0
2026-08-12,TPEX,8047,星雲,45.5,45.5,45.5,45.5,1432.0
2026-08-12,TPEX,8048,德勝,51.9,53.0,51.9,52.4,39638.0
2026-08-12,TPEX,8049,晶采,26.7,26.7,26.45,26.55,260399.0
2026-08-12,TPEX,8050,廣積,60.2,60.2,58.1,58.8,7321558.0
2026-08-12,TPEX,8054,安國,85.7,87.0,84.3,84.6,812279.0
2026-08-12,TPEX,8059,凱碩,14.7,15.3,14.7,14.8,215010.0
2026-08-12,TPEX,8064,東捷,102.5,106.0,102.5,105.5,2138106.0
2026-08-12,TPEX,8066,來思達,14.65,14.8,14.6,14.8,33182.0
2026-08-12,TPEX,8067,志旭,13.8,13.85,12.9,13.7,41118.0
2026-08-12,TPEX,8068,全達,18.15,18.4,17.9,17.95,273971.0
2026-08-12,TPEX,8069,元太,165.0,167.0,160.0,166.0,8900845.0
2026-08-12,TPEX,8071,能率網通,23.25,25.55,23.25,25.55,1460439.0
2026-08-12,TPEX,8074,鉅橡,56.1,58.1,56.1,57.4,596808.0
2026-08-12,TPEX,8076,伍豐,23.7,23.9,23.55,23.7,408199.0
2026-08-12,TPEX,8077,洛碁,44.45,44.45,44.4,44.45,4050.0
2026-08-12,TPEX,8080,泰霖,27.55,27.8,27.55,27.8,9108.0
2026-08-12,TPEX,8083,瑞穎,160.0,160.0,158.5,159.0,68662.0
2026-08-12,TPEX,8084,巨虹,53.8,55.9,52.2,54.3,888834.0
2026-08-12,TPEX,8085,福華,11.35,11.55,11.3,11.5,117653.0
2026-08-12,TPEX,8086,宏捷科,116.5,122.0,116.5,119.0,3052060.0
2026-08-12,TPEX,8087,麗升能源,28.55,29.0,28.5,29.0,4004.0
2026-08-12,TPEX,8088,品安,49.0,50.7,48.9,49.2,1365856.0
2026-08-12,TPEX,8089,康全電訊,18.6,18.7,18.3,18.4,83517.0
2026-08-12,TPEX,8091,翔名,236.0,240.5,233.0,233.0,571792.0
2026-08-12,TPEX,8092,建暐,13.2,13.2,12.8,12.8,76224.0
2026-08-12,TPEX,8093,保銳,21.7,21.95,21.65,21.95,5951.0
2026-08-12,TPEX,8096,擎亞,122.5,126.5,121.5,125.5,4711274.0
2026-08-12,TPEX,8097,常珵,50.9,51.1,49.8,51.0,131101.0
2026-08-12,TPEX,8099,大世科,58.3,58.3,57.5,58.0,16654.0
2026-08-12,TPEX,8102,傑霖科技,68.0,68.9,68.0,68.8,5510.0
2026-08-12,TPEX,8107,大億金茂,12.45,12.6,12.15,12.4,135283.0
2026-08-12,TPEX,8109,博大,133.0,133.0,130.5,130.5,156258.0
2026-08-12,TPEX,8111,立碁,57.4,59.4,57.4,58.8,2450536.0
2026-08-12,TPEX,8121,越峰,30.0,30.85,30.0,30.3,748057.0
2026-08-12,TPEX,8147,正淩,127.0,130.0,127.0,130.0,89911.0
2026-08-12,TPEX,8155,博智,310.0,329.5,310.0,321.5,927741.0
2026-08-12,TPEX,8171,天宇,20.8,20.8,20.1,20.3,55459.0
2026-08-12,TPEX,8176,智捷,9.85,10.15,9.85,9.91,115732.0
2026-08-12,TPEX,8182,加高,39.75,42.2,39.75,41.75,1736058.0
2026-08-12,TPEX,8183,精星,30.2,30.75,30.2,30.6,289416.0
2026-08-12,TPEX,8227,巨有科技,162.0,163.5,154.0,159.0,2384846.0
2026-08-12,TPEX,8234,新漢,70.9,71.5,69.0,69.8,769461.0
2026-08-12,TPEX,8240,華宏,41.6,43.5,41.6,43.4,204214.0
2026-08-12,TPEX,8255,朋程,143.0,149.0,143.0,148.0,535163.0
2026-08-12,TPEX,8272,全景軟體,65.9,65.9,64.0,65.0,4329.0
2026-08-12,TPEX,8277,商丞,7.8,8.19,7.8,8.12,97954.0
2026-08-12,TPEX,8279,生展,88.9,88.9,88.8,88.8,2885.0
2026-08-12,TPEX,8284,三竹,62.5,62.7,62.5,62.5,15152.0
2026-08-12,TPEX,8289,泰藝,45.0,48.85,44.85,47.2,625648.0
2026-08-12,TPEX,8291,尚茂,41.0,41.0,38.7,39.2,31709.0
2026-08-12,TPEX,8299,群聯,2110.0,2245.0,2110.0,2210.0,6097464.0
2026-08-12,TPEX,8342,益張,88.0,88.0,88.0,88.0,1001.0
2026-08-12,TPEX,8349,恒耀,39.5,39.5,38.95,39.5,71782.0
2026-08-12,TPEX,8354,冠好,18.0,18.5,17.7,18.2,787496.0
2026-08-12,TPEX,8358,金居,402.5,418.5,402.0,418.5,11222065.0
2026-08-12,TPEX,8383,千附,68.5,70.5,67.2,69.7,2005361.0
2026-08-12,TPEX,8390,金益鼎,99.2,103.5,99.2,100.0,496299.0
2026-08-12,TPEX,8401,白紗科,23.0,23.25,22.95,23.2,104071.0
2026-08-12,TPEX,8403,盛弘,19.3,19.35,19.15,19.3,90530.0
2026-08-12,TPEX,8409,商之器,17.9,18.1,17.9,18.1,7004.0
2026-08-12,TPEX,8410,森田,31.65,32.1,31.5,31.95,17033.0
2026-08-12,TPEX,8415,大國鋼,38.4,38.65,38.05,38.65,771886.0
2026-08-12,TPEX,8416,實威,169.0,169.0,169.0,169.0,3672.0
2026-08-12,TPEX,8421,旭源,13.5,13.8,13.45,13.55,1242708.0
2026-08-12,TPEX,8423,保綠-KY,18.05,18.05,17.85,17.9,6188.0
2026-08-12,TPEX,8424,惠普,68.8,69.0,68.8,69.0,5075.0
2026-08-12,TPEX,8426,紅木-KY,21.3,21.45,20.75,21.4,53534.0
2026-08-12,TPEX,8431,匯鑽科,48.75,49.0,47.9,48.8,117836.0
2026-08-12,TPEX,8432,東生華,50.3,50.9,50.3,50.6,11263.0
2026-08-12,TPEX,8433,弘帆,55.4,55.4,55.2,55.2,8520.0
2026-08-12,TPEX,8435,鉅邁,53.8,54.0,53.8,54.0,23931.0
2026-08-12,TPEX,8436,大江,126.0,126.0,122.5,124.5,1008768.0
2026-08-12,TPEX,8437,大地-KY,9.0,9.38,9.0,9.1,79026.0
2026-08-12,TPEX,8440,綠電,19.8,20.0,19.8,20.0,48213.0
2026-08-12,TPEX,8444,綠河-KY,4.61,5.47,4.61,5.4,3000.0
2026-08-12,TPEX,8446,華研,86.2,86.9,85.8,86.1,48668.0
2026-08-12,TPEX,8450,霹靂,15.2,15.2,14.8,15.15,20400.0
2026-08-12,TPEX,8455,大拓-KY,25.1,25.1,25.1,25.1,2005.0
2026-08-12,TPEX,8472,夠麻吉,70.5,70.5,70.5,70.5,1050.0
2026-08-12,TPEX,8477,創業家,15.9,15.9,15.65,15.65,22276.0
2026-08-12,TPEX,8489,三貝德,23.4,23.4,22.7,23.1,35102.0
2026-08-12,TPEX,8905,裕國,34.65,34.9,34.5,34.9,6883.0
2026-08-12,TPEX,8906,花王,27.7,28.35,27.7,28.35,10278.0
2026-08-12,TPEX,8908,欣雄,40.0,40.0,39.8,40.0,25211.0
2026-08-12,TPEX,8916,光隆,40.0,40.2,39.8,40.05,326036.0
2026-08-12,TPEX,8917,欣泰,52.5,52.5,52.5,52.5,1120.0
2026-08-12,TPEX,8921,沈氏,17.6,17.6,17.0,17.0,4082.0
2026-08-12,TPEX,8923,時報,18.8,18.8,18.8,18.8,1003.0
2026-08-12,TPEX,8924,大田,51.5,51.8,51.2,51.8,71142.0
2026-08-12,TPEX,8927,北基,19.6,20.1,19.6,20.0,99385.0
2026-08-12,TPEX,8928,鉅明,23.65,23.8,23.5,23.65,21743.0
2026-08-12,TPEX,8929,富堡,13.75,14.5,13.5,13.5,137729.0
2026-08-12,TPEX,8930,青鋼,30.1,30.1,29.9,29.9,21050.0
2026-08-12,TPEX,8931,大汽電,40.35,40.75,39.9,40.5,42788.0
2026-08-12,TPEX,8932,智通*,105.0,109.0,103.5,107.5,2333721.0
2026-08-12,TPEX,8933,愛地雅,4.63,4.64,4.45,4.54,114696.0
2026-08-12,TPEX,8935,邦泰,18.1,18.2,17.7,18.0,101437.0
2026-08-12,TPEX,8936,國統,52.0,52.4,51.7,52.0,1539395.0
2026-08-12,TPEX,8937,合騏*,23.6,24.85,23.15,23.95,205227.0
2026-08-12,TPEX,8938,明安,52.5,53.2,52.4,52.6,143698.0
2026-08-12,TPEX,8941,關中,44.05,44.15,43.7,44.1,15581.0
2026-08-12,TPEX,8942,森鉅,39.45,40.65,39.45,40.05,241240.0
2026-08-12,TPEX,9949,琉園,24.8,24.8,23.8,24.15,12649.0
2026-08-12,TPEX,9950,萬國通,10.4,10.45,10.4,10.4,18140.0
2026-08-12,TPEX,9951,皇田,53.3,53.8,53.1,53.3,89432.0
2026-08-12,TPEX,9960,邁達康,32.5,32.5,32.5,32.5,1125.0
2026-08-12,TPEX,9962,有益,10.3,10.45,10.25,10.4,98212.0
