date,market,stock_id,name,open,high,low,close,volume
2026-08-10,TWSE,0050,元大台灣50,103.8,104.0,102.05,102.85,69373793.0
2026-08-10,TWSE,0051,元大中型100,141.1,141.55,139.7,139.7,60660.0
2026-08-10,TWSE,0052,富邦科技,60.65,60.75,59.65,60.2,24490891.0
2026-08-10,TWSE,0053,元大電子,233.15,234.4,230.85,231.75,22334.0
2026-08-10,TWSE,0055,元大MSCI金融,43.83,44.15,43.56,43.9,108388.0
2026-08-10,TWSE,0056,元大高股息,51.4,51.5,51.0,51.05,15000744.0
2026-08-10,TWSE,0057,富邦摩台,309.8,310.75,306.15,306.15,34199.0
2026-08-10,TWSE,0061,元大寶滬深,24.79,25.15,24.79,25.15,207149.0
2026-08-10,TPEX,1240,茂生農經,55.0,55.0,54.9,54.9,2441.0
2026-08-10,TPEX,1259,安心,60.5,61.0,60.5,60.9,18397.0
2026-08-10,TPEX,1264,德麥,258.0,258.0,257.0,258.0,33847.0
2026-08-10,TPEX,1268,漢來美食,185.5,185.5,183.5,185.0,36360.0
2026-08-10,TPEX,1294,漢田生技,57.4,58.3,57.2,58.1,22297.0
2026-08-10,TPEX,1295,生合,46.3,46.8,46.3,46.65,36527.0
2026-08-10,TPEX,1336,台翰,14.65,14.9,14.55,14.75,173134.0
2026-08-10,TPEX,1565,精華,94.2,94.6,92.7,94.4,163463.0
2026-08-10,TPEX,1569,濱川,42.55,43.0,42.5,42.8,93301.0
2026-08-10,TPEX,1570,力肯,33.25,34.0,33.1,33.8,45062.0
2026-08-10,TPEX,1580,新麥,112.5,113.5,112.5,112.5,84111.0
2026-08-10,TPEX,1584,精剛,18.15,18.15,17.8,18.0,409783.0
2026-08-10,TPEX,1586,和勤,18.3,18.4,18.2,18.3,238862.0
2026-08-10,TPEX,1591,駿吉-KY,35.6,36.1,34.0,35.0,299340.0
2026-08-10,TPEX,1593,祺驊,31.85,32.0,31.35,31.35,43617.0
2026-08-10,TPEX,1595,川寶,61.3,64.7,61.2,62.6,278229.0
2026-08-10,TPEX,1599,宏佳騰,23.7,23.7,23.45,23.6,29221.0
2026-08-10,TPEX,1742,台蠟,17.95,17.95,17.55,17.85,41212.0
2026-08-10,TPEX,1777,生泰,75.3,75.3,74.4,75.0,20108.0
2026-08-10,TPEX,1780,立弘,22.75,23.2,22.3,23.2,79222.0
2026-08-10,TPEX,1781,合世,11.45,11.45,11.15,11.2,19254.0
2026-08-10,TPEX,1784,訊聯,60.2,61.8,60.2,61.8,138888.0
2026-08-10,TPEX,1785,光洋科,116.0,119.5,116.0,118.5,7754499.0
2026-08-10,TPEX,1788,杏昌,130.5,130.5,130.0,130.5,15259.0
2026-08-10,TPEX,1796,金穎生技,30.6,30.9,30.6,30.7,18010.0
2026-08-10,TPEX,1799,易威,32.0,32.0,31.65,31.65,104243.0
2026-08-10,TPEX,1813,寶利徠,11.55,11.55,11.45,11.45,13000.0
2026-08-10,TPEX,1815,富喬,86.0,93.9,85.1,89.1,49259560.0
2026-08-10,TPEX,2061,風青,56.7,59.5,55.4,59.5,1757431.0
2026-08-10,TPEX,2063,世鎧,24.15,24.75,24.15,24.6,47726.0
2026-08-10,TPEX,2064,晉椿,11.8,11.9,11.8,11.9,4101.0
2026-08-10,TPEX,2065,世豐,34.6,35.25,34.25,35.25,333182.0
2026-08-10,TPEX,2066,世德,64.8,64.8,63.3,64.6,215314.0
2026-08-10,TPEX,2067,嘉鋼,6.19,6.48,6.19,6.48,9100.0
2026-08-10,TPEX,2070,精湛,58.8,60.6,57.9,59.0,301558.0
2026-08-10,TPEX,2073,雄順,26.85,26.85,26.85,26.85,1068.0
2026-08-10,TPEX,2221,大甲,47.3,49.3,47.1,49.0,218879.0
2026-08-10,TPEX,2230,泰茂,26.7,28.0,26.7,27.1,225841.0
2026-08-10,TPEX,2235,謚源,27.7,27.7,27.55,27.55,6039.0
2026-08-10,TPEX,2596,綠意,32.3,32.85,31.8,32.0,48571.0
2026-08-10,TPEX,2640,大車隊,145.0,147.5,144.5,147.0,31599.0
2026-08-10,TPEX,2641,正德,17.25,17.5,17.2,17.5,1054025.0
2026-08-10,TPEX,2643,捷迅,63.8,64.0,63.4,63.4,27317.0
2026-08-10,TPEX,2718,全心投控,45.45,45.5,44.45,44.6,31640.0
2026-08-10,TPEX,2719,燦星旅,21.65,21.65,21.65,21.65,2344.0
2026-08-10,TPEX,2726,雅茗-KY,8.66,8.85,8.66,8.8,22508.0
2026-08-10,TPEX,2729,瓦城,160.0,160.5,160.0,160.0,6522.0
2026-08-10,TPEX,2732,六角,64.3,64.4,63.5,64.4,33622.0
2026-08-10,TPEX,2734,易飛網,14.85,15.15,14.85,15.1,82951.0
2026-08-10,TPEX,2736,富野,11.5,11.5,11.3,11.45,56331.0
2026-08-10,TPEX,2740,華軒,31.7,31.7,31.7,31.7,1105.0
2026-08-10,TPEX,2743,山富,58.1,58.1,56.5,56.9,113917.0
2026-08-10,TPEX,2745,五福,88.5,90.0,88.4,89.9,82379.0
2026-08-10,TPEX,2751,王座,53.0,53.1,52.5,53.1,26315.0
2026-08-10,TPEX,2752,豆府,177.0,179.0,177.0,179.0,5748.0
2026-08-10,TPEX,2754,亞洲藏壽司,71.1,73.3,71.1,73.0,108318.0
2026-08-10,TPEX,2755,揚秦,102.0,103.0,101.5,103.0,56919.0
2026-08-10,TPEX,2756,聯發國際,56.8,57.4,56.1,57.0,48346.0
2026-08-10,TPEX,2916,滿心,41.2,41.4,41.0,41.05,31481.0
2026-08-10,TPEX,2924,宏太-KY,17.45,17.45,17.45,17.45,1000.0
2026-08-10,TPEX,2926,誠品生活,30.2,30.35,30.1,30.2,18099.0
2026-08-10,TPEX,2937,集雅社,44.65,45.45,44.65,45.45,8726.0
2026-08-10,TPEX,2947,振宇五金,62.3,62.3,62.1,62.1,3459.0
2026-08-10,TPEX,2948,寶陞,32.6,37.85,32.6,37.15,9165.0
2026-08-10,TPEX,2949,欣新網,62.8,62.9,62.8,62.8,3155.0
2026-08-10,TPEX,3066,李洲,25.3,25.85,22.35,22.55,2274399.0
2026-08-10,TPEX,3067,全域,18.0,18.0,18.0,18.0,2000.0
2026-08-10,TPEX,3071,協禧,26.15,26.45,26.0,26.15,265776.0
2026-08-10,TPEX,3073,天方能源,22.1,22.2,22.05,22.1,24183.0
2026-08-10,TPEX,3078,僑威,54.2,54.9,54.0,54.7,1003793.0
2026-08-10,TPEX,3081,聯亞,2500.0,2535.0,2420.0,2535.0,3274510.0
2026-08-10,TPEX,3083,網龍,25.45,25.75,25.45,25.45,32000.0
2026-08-10,TPEX,3085,新零售,11.75,11.75,11.75,11.75,4263.0
2026-08-10,TPEX,3086,華義*,27.3,27.9,27.0,27.55,187003.0
2026-08-10,TPEX,3088,艾訊,138.0,149.5,138.0,146.0,3032019.0
2026-08-10,TPEX,3093,港建*,48.0,48.55,47.45,48.0,234291.0
2026-08-10,TPEX,3095,及成,38.9,38.9,38.5,38.5,3438.0
2026-08-10,TPEX,3105,穩懋,379.0,401.0,374.0,385.5,25703158.0
2026-08-10,TPEX,3114,好德,38.3,39.5,37.5,37.5,1647070.0
2026-08-10,TPEX,3115,富榮綱,9.29,9.29,8.68,9.0,20094.0
2026-08-10,TPEX,3118,進階,32.6,32.6,31.8,32.0,17117.0
2026-08-10,TPEX,3122,笙泉,24.05,25.55,24.05,25.3,34547.0
2026-08-10,TPEX,3128,昇銳,22.05,22.15,21.8,21.95,61254.0
2026-08-10,TPEX,3131,弘塑,2455.0,2570.0,2415.0,2470.0,708087.0
2026-08-10,TPEX,3141,晶宏,80.0,82.0,78.4,80.0,1451070.0
2026-08-10,TPEX,3147,大綜,222.5,238.0,220.5,232.0,1113184.0
2026-08-10,TPEX,3152,璟德,220.5,227.0,218.0,220.0,181001.0
2026-08-10,TPEX,3158,嘉實,82.5,84.0,82.5,84.0,9111.0
2026-08-10,TPEX,3162,精確,63.2,64.9,63.0,64.9,693153.0
2026-08-10,TPEX,3163,波若威,698.0,735.0,692.0,706.0,6014359.0
2026-08-10,TPEX,3169,亞信,101.5,104.0,101.5,103.0,77708.0
2026-08-10,TPEX,3171,炎洲流通,65.0,65.0,62.8,63.9,94159.0
2026-08-10,TPEX,3176,基亞,34.2,34.4,33.3,33.9,311625.0
2026-08-10,TPEX,3178,公準,60.4,60.4,57.3,57.9,65250.0
2026-08-10,TPEX,3188,鑫龍騰,23.2,23.2,22.9,23.05,188156.0
2026-08-10,TPEX,3191,雲嘉南,19.0,19.0,18.5,18.55,25080.0
2026-08-10,TPEX,3205,佰研,49.8,50.2,49.3,50.1,39785.0
2026-08-10,TPEX,3206,志豐,33.6,34.25,33.6,33.75,26427.0
2026-08-10,TPEX,3207,耀勝,41.15,42.45,41.15,42.4,173024.0
2026-08-10,TPEX,3211,順達,340.0,372.0,339.0,370.0,13176840.0
2026-08-10,TPEX,3213,茂訊,139.5,140.0,136.5,138.0,599966.0
2026-08-10,TPEX,3217,優群,143.5,150.0,142.5,149.5,1263389.0
2026-08-10,TPEX,3218,大學光,143.0,145.5,141.0,145.0,340682.0
2026-08-10,TPEX,3219,倚強科,73.5,74.3,70.7,71.4,302283.0
2026-08-10,TPEX,3221,台嘉碩,48.5,49.6,47.45,48.2,2177875.0
2026-08-10,TPEX,3224,三顧,36.0,37.95,36.0,36.8,51499.0
2026-08-10,TPEX,3226,龍鋒,51.5,51.9,50.0,51.4,44413.0
2026-08-10,TPEX,3227,原相,210.0,214.5,208.5,210.0,1831693.0
2026-08-10,TPEX,3228,金麗科,144.0,149.0,142.0,144.5,257771.0
2026-08-10,TPEX,3230,錦明,40.25,41.5,40.25,40.8,504737.0
2026-08-10,TPEX,3232,昱捷,19.5,20.05,19.0,19.6,22994.0
2026-08-10,TPEX,3234,光環,118.0,118.0,116.0,118.0,2458930.0
2026-08-10,TPEX,3236,千如,42.9,43.4,42.2,42.95,1871417.0
2026-08-10,TPEX,3252,海灣,15.85,16.6,15.85,16.4,92002.0
2026-08-10,TPEX,3259,鑫創,14.35,14.55,14.3,14.55,52635.0
2026-08-10,TPEX,3260,威剛,421.0,424.0,411.0,411.0,11689800.0
2026-08-10,TPEX,3264,欣銓,213.5,228.0,210.5,222.5,15862513.0
2026-08-10,TPEX,3265,台星科,156.0,168.5,156.0,164.5,1747094.0
2026-08-10,TPEX,3268,海德威,20.45,20.5,20.25,20.45,43772.0
2026-08-10,TPEX,3272,東碩,14.0,14.5,14.0,14.2,22240.0
2026-08-10,TPEX,3276,宇環,14.5,14.85,14.5,14.7,130754.0
2026-08-10,TPEX,3284,太普高,21.2,21.2,20.5,20.55,227519.0
2026-08-10,TPEX,3285,微端,37.4,38.7,37.4,38.0,59890.0
2026-08-10,TPEX,3287,廣寰科,30.1,31.4,30.05,31.15,201902.0
2026-08-10,TPEX,3288,點晶,22.0,22.55,21.75,22.55,73397.0
2026-08-10,TPEX,3289,宜特,138.5,144.0,138.5,140.5,694958.0
2026-08-10,TPEX,3290,東浦,53.6,55.8,53.6,54.9,639698.0
2026-08-10,TPEX,3293,鈊象,801.0,804.0,792.0,792.0,1119797.0
2026-08-10,TPEX,3294,英濟,30.6,31.1,30.4,30.85,430893.0
2026-08-10,TPEX,3297,杭特,27.5,28.35,27.5,28.2,60720.0
2026-08-10,TPEX,3303,岱稜,55.6,56.6,55.2,56.0,457775.0
2026-08-10,TPEX,3306,鼎天,44.2,44.3,43.85,44.0,67775.0
2026-08-10,TPEX,3310,佳穎,69.8,69.8,68.0,69.6,11173.0
2026-08-10,TPEX,3313,斐成,10.35,10.4,10.2,10.4,85178.0
2026-08-10,TPEX,3317,尼克森,68.2,69.9,68.2,68.9,488345.0
2026-08-10,TPEX,3322,建舜電,11.45,11.5,11.3,11.4,226189.0
2026-08-10,TPEX,3323,加百裕,31.2,32.15,31.1,31.85,826305.0
2026-08-10,TPEX,3324,雙鴻,1025.0,1080.0,1005.0,1010.0,3460516.0
2026-08-10,TPEX,3325,旭品,11.9,12.0,11.85,11.9,75442.0
2026-08-10,TPEX,3332,幸康,64.9,64.9,62.4,63.5,14044.0
2026-08-10,TPEX,3339,泰谷,37.6,40.25,37.6,39.5,2751856.0
2026-08-10,TPEX,3349,寶德,22.5,23.25,22.0,23.25,712443.0
2026-08-10,TPEX,3354,律勝,20.3,20.95,20.25,20.95,105031.0
2026-08-10,TPEX,3357,臺慶科,211.5,220.5,210.0,218.0,1982170.0
2026-08-10,TPEX,3360,尚立,16.2,16.6,16.2,16.25,687078.0
2026-08-10,TPEX,3362,先進光,176.0,180.0,175.0,178.0,690569.0
2026-08-10,TPEX,3363,上詮,604.0,640.0,603.0,640.0,2869961.0
2026-08-10,TPEX,3372,典範,16.0,16.45,15.85,16.4,633854.0
2026-08-10,TPEX,3373,熱映,16.65,16.65,16.4,16.5,85201.0
2026-08-10,TPEX,3374,精材,325.5,337.0,325.5,337.0,5514836.0
2026-08-10,TPEX,3379,彬台,30.5,31.6,28.85,30.4,1076239.0
2026-08-10,TPEX,3388,崇越電,72.6,73.6,71.9,73.1,412006.0
2026-08-10,TPEX,3390,旭軟,22.9,23.0,22.6,22.85,140682.0
2026-08-10,TPEX,3402,漢科,129.5,130.0,128.0,129.5,279739.0
2026-08-10,TPEX,3430,奇鈦科,113.5,119.5,112.5,118.0,1187154.0
2026-08-10,TPEX,3434,哲固,30.9,31.6,30.8,31.55,200373.0
2026-08-10,TPEX,3438,類比科,59.0,61.6,59.0,61.4,110876.0
2026-08-10,TPEX,3441,聯一光,82.7,84.0,79.0,79.5,8234224.0
2026-08-10,TPEX,3444,利機,75.3,76.3,72.9,74.0,442415.0
2026-08-10,TPEX,3455,由田,193.0,208.5,192.0,205.5,1162103.0
2026-08-10,TPEX,3465,進泰電子,29.6,30.2,29.6,29.95,37134.0
2026-08-10,TPEX,3466,德晉,24.5,26.95,24.5,25.85,304121.0
2026-08-10,TPEX,3467,台灣精材,44.55,45.7,43.65,45.05,69477.0
2026-08-10,TPEX,3479,安勤,141.5,145.0,140.5,143.0,1030639.0
2026-08-10,TPEX,3483,力致,74.3,74.9,73.0,74.0,268136.0
2026-08-10,TPEX,3484,崧騰,51.7,51.7,50.4,50.7,349595.0
2026-08-10,TPEX,3485,敘豐,210.0,212.0,207.0,208.5,112648.0
2026-08-10,TPEX,3489,森寶,26.0,26.1,25.9,25.95,509417.0
2026-08-10,TPEX,3490,單井,31.05,31.75,30.55,31.6,4771624.0
2026-08-10,TPEX,3491,昇達科,1290.0,1290.0,1215.0,1235.0,1799037.0
2026-08-10,TPEX,3492,長盛,21.95,22.1,21.7,21.95,165600.0
2026-08-10,TPEX,3498,陽程,118.5,127.0,118.0,125.0,2038674.0
2026-08-10,TPEX,3499,環天科,12.7,13.1,12.7,13.05,17348.0
2026-08-10,TPEX,3508,位速,16.85,17.4,16.85,16.85,66499.0
2026-08-10,TPEX,3511,矽瑪,20.25,20.45,20.15,20.3,180373.0
2026-08-10,TPEX,3512,皇龍,19.7,19.75,19.65,19.75,56112.0
2026-08-10,TPEX,3516,亞帝歐,26.5,26.5,26.15,26.2,22241.0
2026-08-10,TPEX,3520,華盈,18.45,18.75,18.15,18.55,388176.0
2026-08-10,TPEX,3521,台鋼建設,12.25,12.4,12.2,12.25,15006.0
2026-08-10,TPEX,3522,御嵿,11.75,11.9,11.75,11.9,82939.0
2026-08-10,TPEX,3523,迎輝,15.05,15.8,15.05,15.75,13258.0
2026-08-10,TPEX,3526,凡甲,284.0,292.0,283.0,289.0,392026.0
2026-08-10,TPEX,3527,聚積,51.6,53.0,50.8,52.1,59684.0
2026-08-10,TPEX,3529,力旺,2755.0,2995.0,2705.0,2835.0,1501659.0
2026-08-10,TPEX,3531,先益,21.85,21.85,21.25,21.4,4093.0
2026-08-10,TPEX,3537,堡達,52.6,53.4,51.8,51.9,364906.0
2026-08-10,TPEX,3540,曜越,20.8,21.45,20.8,20.95,557975.0
2026-08-10,TPEX,3541,西柏,20.8,21.15,20.8,21.0,30828.0
2026-08-10,TPEX,3546,宇峻,75.1,76.2,74.5,76.0,144384.0
2026-08-10,TPEX,3548,兆利,76.1,76.9,76.1,76.5,119744.0
2026-08-10,TPEX,3551,世禾,175.5,179.5,175.5,179.0,296454.0
2026-08-10,TPEX,3552,同致,44.5,45.2,44.3,44.8,59021.0
2026-08-10,TPEX,3555,博士旺,161.0,168.5,159.0,161.5,67985.0
2026-08-10,TPEX,3556,禾瑞亞,65.0,66.1,64.2,64.2,412711.0
2026-08-10,TPEX,3558,神準,128.0,130.0,127.5,130.0,90134.0
2026-08-10,TPEX,3564,其陽,48.0,48.45,47.0,48.1,122110.0
2026-08-10,TPEX,3567,逸昌,26.35,26.5,26.05,26.3,69591.0
2026-08-10,TPEX,3570,大塚,166.5,167.0,164.5,165.5,55787.0
2026-08-10,TPEX,3577,泓格,137.5,137.5,128.0,133.5,1673440.0
2026-08-10,TPEX,3580,友威科,79.9,81.0,78.1,80.5,308045.0
2026-08-10,TPEX,3581,博磊,110.5,116.5,109.0,114.0,570378.0
2026-08-10,TPEX,3587,閎康,258.0,266.0,253.0,253.5,920725.0
2026-08-10,TPEX,3594,磐儀,61.1,61.5,58.4,60.0,4036718.0
2026-08-10,TPEX,3597,映興,26.55,27.6,26.5,27.2,40216.0
2026-08-10,TPEX,3609,三一東林,24.25,25.35,24.0,24.45,132521.0
2026-08-10,TPEX,3611,鼎翰,189.0,190.5,188.0,190.5,80879.0
2026-08-10,TPEX,3615,安可,35.25,37.9,35.2,36.4,818793.0
2026-08-10,TPEX,3623,富晶通,20.9,21.7,20.9,21.45,75197.0
2026-08-10,TPEX,3624,光頡,76.0,82.2,76.0,82.2,5183642.0
2026-08-10,TPEX,3625,西勝,16.5,16.75,16.4,16.6,130669.0
2026-08-10,TPEX,3628,盈正,64.4,65.6,64.4,65.3,34608.0
2026-08-10,TPEX,3629,地心引力,13.05,13.95,13.05,13.95,12173.0
2026-08-10,TPEX,3630,新鉅科,26.0,26.2,25.8,25.95,442117.0
2026-08-10,TPEX,3631,晟楠,32.05,34.3,31.2,33.8,130577.0
2026-08-10,TPEX,3632,研勤,8.0,8.0,8.0,8.0,11742.0
2026-08-10,TPEX,3646,艾恩特,23.35,23.8,23.25,23.3,11765.0
2026-08-10,TPEX,3663,鑫科,63.8,66.2,63.0,64.3,504625.0
2026-08-10,TPEX,3664,安瑞-KY,6.66,6.67,6.66,6.67,2090.0
2026-08-10,TPEX,3666,光耀,25.1,25.45,24.45,25.05,145007.0
2026-08-10,TPEX,3672,康聯訊,12.3,12.6,12.3,12.6,22539.0
2026-08-10,TPEX,3675,德微,271.0,292.0,271.0,280.5,1199953.0
2026-08-10,TPEX,3680,家登,442.5,451.5,442.5,446.0,580203.0
2026-08-10,TPEX,3684,榮昌,52.6,53.1,52.6,52.9,31784.0
2026-08-10,TPEX,3685,元創精密,39.7,40.2,37.65,38.2,1030906.0
2026-08-10,TPEX,3687,歐買尬,65.0,66.1,64.7,66.1,108950.0
2026-08-10,TPEX,3689,湧德,110.0,111.5,109.5,110.5,1298058.0
2026-08-10,TPEX,3691,碩禾,116.0,117.5,114.0,115.0,318306.0
2026-08-10,TPEX,3693,營邦,526.0,529.0,499.5,500.0,1206561.0
2026-08-10,TPEX,3707,漢磊,61.6,63.4,60.9,62.3,2993248.0
2026-08-10,TPEX,3709,鑫聯大投控,78.2,79.7,77.8,79.5,1089344.0
2026-08-10,TPEX,3710,連展投控,5.03,5.14,4.98,5.09,192720.0
2026-08-10,TPEX,3713,新晶投控,14.4,15.05,14.0,15.0,127371.0
2026-08-10,TPEX,4102,永日,19.05,19.05,18.5,18.9,52690.0
2026-08-10,TPEX,4105,東洋,76.9,77.4,76.3,77.2,497365.0
2026-08-10,TPEX,4107,邦特,117.0,117.0,114.5,115.5,44799.0
2026-08-10,TPEX,4109,加捷生醫,11.25,11.35,11.2,11.3,144128.0
2026-08-10,TPEX,4111,濟生,29.55,29.95,29.55,29.85,128593.0
2026-08-10,TPEX,4113,聯上,14.8,15.15,14.7,15.0,572850.0
2026-08-10,TPEX,4114,健喬,29.3,29.5,29.05,29.5,971504.0
2026-08-10,TPEX,4116,明基醫,40.0,40.1,39.65,39.8,38779.0
2026-08-10,TPEX,4120,友華,49.0,49.1,48.9,49.1,45846.0
2026-08-10,TPEX,4121,優盛,13.0,13.1,12.9,13.1,39504.0
2026-08-10,TPEX,4123,晟德,39.05,39.4,38.95,39.4,2895762.0
2026-08-10,TPEX,4126,太醫,77.2,77.2,76.8,77.1,45423.0
2026-08-10,TPEX,4127,天良,90.0,90.6,87.8,89.3,241197.0
2026-08-10,TPEX,4128,中天,14.8,14.8,14.45,14.5,910770.0
2026-08-10,TPEX,4129,聯合,86.9,86.9,85.3,86.0,76950.0
2026-08-10,TPEX,4131,浩泰,32.6,32.6,32.6,32.6,1045.0
2026-08-10,TPEX,4138,曜亞,51.3,51.4,51.1,51.1,16481.0
2026-08-10,TPEX,4139,馬光-KY,36.2,36.4,35.2,36.4,48351.0
2026-08-10,TPEX,4147,中裕,58.3,62.1,58.2,61.0,1340447.0
2026-08-10,TPEX,4153,鈺緯,33.45,33.45,32.45,33.0,9342.0
2026-08-10,TPEX,4154,樂威科-KY,11.3,11.35,11.3,11.35,14000.0
2026-08-10,TPEX,4157,太景*-KY,8.77,8.77,8.62,8.7,693885.0
2026-08-10,TPEX,4160,訊聯基因,40.15,40.4,40.0,40.4,20253.0
2026-08-10,TPEX,4161,聿新科,23.3,23.6,22.95,23.15,60326.0
2026-08-10,TPEX,4162,智擎,63.4,64.7,63.0,64.7,520976.0
2026-08-10,TPEX,4163,鐿鈦,144.5,151.0,140.0,150.0,337041.0
2026-08-10,TPEX,4166,友霖,24.85,24.85,24.15,24.5,207784.0
2026-08-10,TPEX,4167,松瑞藥,19.45,19.45,18.6,18.7,1817903.0
2026-08-10,TPEX,4168,醣聯,23.25,23.25,22.75,22.95,111859.0
2026-08-10,TPEX,4171,瑞基,17.2,17.2,16.95,17.2,46427.0
2026-08-10,TPEX,4173,久裕,17.6,17.65,17.5,17.65,100895.0
2026-08-10,TPEX,4174,浩鼎,26.2,26.5,26.05,26.3,297191.0
2026-08-10,TPEX,4175,杏一,50.3,50.5,50.0,50.0,22253.0
2026-08-10,TPEX,4188,安克,10.2,10.2,9.71,9.71,21095.0
2026-08-10,TPEX,4192,杏國,18.8,19.25,18.8,19.0,13257.0
2026-08-10,TPEX,4198,欣大健康,41.4,41.4,41.4,41.4,1000.0
2026-08-10,TPEX,4205,中華食,70.1,70.1,69.5,69.7,28797.0
2026-08-10,TPEX,4207,環泰,20.0,20.15,19.85,20.05,286050.0
2026-08-10,TPEX,4303,信立,45.3,45.7,44.8,45.0,368268.0
2026-08-10,TPEX,4304,勝昱,15.7,16.0,15.55,15.55,13007.0
2026-08-10,TPEX,4305,世坤,43.8,43.8,43.8,43.8,1228.0
2026-08-10,TPEX,4401,東隆興,13.9,14.4,13.9,14.35,58166.0
2026-08-10,TPEX,4406,新昕纖,10.0,10.4,10.0,10.4,7000.0
2026-08-10,TPEX,4413,飛寶企業,15.45,15.45,15.3,15.3,8375.0
2026-08-10,TPEX,4416,三圓,10.6,10.6,10.35,10.55,190283.0
2026-08-10,TPEX,4417,金洲,44.8,45.35,44.8,44.95,56740.0
2026-08-10,TPEX,4419,皇家美食,45.8,46.15,45.8,46.15,3004.0
2026-08-10,TPEX,4420,光明,35.95,35.95,35.15,35.4,24238.0
2026-08-10,TPEX,4430,耀億,17.15,17.4,17.15,17.4,34455.0
2026-08-10,TPEX,4432,銘旺實,16.15,16.35,16.1,16.1,24098.0
2026-08-10,TPEX,4433,興采,19.4,19.65,19.4,19.6,9490.0
2026-08-10,TPEX,4442,竣邦-KY,51.1,52.6,51.1,52.1,85299.0
2026-08-10,TPEX,4502,健信,15.65,15.7,15.6,15.7,12032.0
2026-08-10,TPEX,4503,金雨,27.15,27.15,27.15,27.15,296231.0
2026-08-10,TPEX,4506,崇友,121.5,123.0,120.0,121.5,110678.0
2026-08-10,TPEX,4510,高鋒,40.2,42.7,39.95,40.85,1263664.0
2026-08-10,TPEX,4513,福裕,17.55,18.1,17.55,17.75,675173.0
2026-08-10,TPEX,4523,永彰,25.9,25.95,25.6,25.75,55112.0
2026-08-10,TPEX,4527,方土霖,40.0,41.15,40.0,40.6,48463.0
2026-08-10,TPEX,4528,江興鍛,15.15,15.2,15.15,15.2,16192.0
2026-08-10,TPEX,4529,淳紳,4.19,4.3,4.01,4.26,26000.0
2026-08-10,TPEX,4530,宏易,25.55,25.6,25.55,25.6,4285.0
2026-08-10,TPEX,4533,協易機,25.2,25.75,24.9,25.5,594304.0
2026-08-10,TPEX,4534,慶騰,34.3,35.95,33.75,35.2,1093195.0
2026-08-10,TPEX,4535,至興,28.5,29.6,28.5,29.3,27196.0
2026-08-10,TPEX,4538,大詠城,17.5,17.65,17.45,17.5,22006.0
2026-08-10,TPEX,4541,晟田,65.0,66.2,64.1,65.4,1785662.0
2026-08-10,TPEX,4542,科嶠,298.0,307.5,290.5,292.5,676191.0
2026-08-10,TPEX,4543,萬在,31.65,32.4,31.2,31.9,140506.0
2026-08-10,TPEX,4549,桓達,91.5,91.7,90.4,90.9,72979.0
2026-08-10,TPEX,4550,長佳,24.4,24.4,24.4,24.4,3051.0
2026-08-10,TPEX,4554,橙的,30.8,31.2,30.8,31.0,13063.0
2026-08-10,TPEX,4556,旭然,83.0,84.0,80.2,83.8,120986.0
2026-08-10,TPEX,4558,寶緯,17.2,18.5,17.2,18.5,59006.0
2026-08-10,TPEX,4561,健椿,44.1,44.1,41.05,42.85,1319793.0
2026-08-10,TPEX,4563,百德,39.6,40.0,39.45,39.6,29822.0
2026-08-10,TPEX,4568,科際精密,40.35,40.35,39.8,40.25,6081.0
2026-08-10,TPEX,4577,達航科技,79.7,82.0,78.5,78.5,476251.0
2026-08-10,TPEX,4580,捷流閥業,81.0,82.4,80.7,82.4,116975.0
2026-08-10,TPEX,4584,君帆,41.0,41.0,40.0,40.0,4267.0
2026-08-10,TPEX,4609,唐鋒,4.55,5.0,4.55,4.96,11000.0
2026-08-10,TPEX,4702,中美實,9.64,9.77,9.62,9.7,123172.0
2026-08-10,TPEX,4706,大恭,31.5,31.9,31.5,31.6,7100.0
2026-08-10,TPEX,4707,磐亞,31.85,32.8,30.75,31.95,4073643.0
2026-08-10,TPEX,4711,永純,15.85,16.2,15.85,16.2,50065.0
2026-08-10,TPEX,4714,永捷,10.45,10.55,10.4,10.55,3855614.0
2026-08-10,TPEX,4716,大立,16.5,17.65,16.45,17.3,674529.0
2026-08-10,TPEX,4721,美琪瑪,72.7,73.8,72.7,73.7,268524.0
2026-08-10,TPEX,4726,永昕,24.35,24.55,24.2,24.55,138361.0
2026-08-10,TPEX,4728,雙美,393.0,393.0,383.5,383.5,7029.0
2026-08-10,TPEX,4729,熒茂,20.0,20.5,19.95,20.5,188538.0
2026-08-10,TPEX,4735,豪展,34.0,34.45,33.0,34.15,249672.0
2026-08-10,TPEX,4741,泓瀚,45.0,45.05,44.2,44.5,72612.0
2026-08-10,TPEX,4743,合一,45.6,45.85,45.1,45.45,863791.0
2026-08-10,TPEX,4744,皇將,28.8,28.8,28.0,28.75,39007.0
2026-08-10,TPEX,4745,合富-KY,12.25,12.25,12.05,12.2,22342.0
2026-08-10,TPEX,4747,強生,49.7,54.7,49.7,54.1,253255.0
2026-08-10,TPEX,4749,新應材,786.0,800.0,764.0,786.0,1329577.0
2026-08-10,TPEX,4754,國碳科,36.55,37.5,36.55,37.35,58741.0
2026-08-10,TPEX,4760,勤凱,236.0,247.0,236.0,245.0,236491.0
2026-08-10,TPEX,4767,誠泰科技,26.5,26.5,26.1,26.45,30000.0
2026-08-10,TPEX,4768,晶呈科技,294.0,321.0,294.0,320.0,705894.0
2026-08-10,TPEX,4772,台特化,254.0,256.0,252.5,256.0,692816.0
2026-08-10,TPEX,4806,桂田文創,10.3,10.3,10.3,10.3,1097.0
2026-08-10,TPEX,4903,聯光通,39.85,42.0,39.2,41.8,2550416.0
2026-08-10,TPEX,4905,台聯電,67.5,68.7,67.5,68.2,13226.0
2026-08-10,TPEX,4907,富宇,47.6,48.5,45.0,45.2,447677.0
2026-08-10,TPEX,4908,前鼎,149.0,156.5,148.5,155.0,1982247.0
2026-08-10,TPEX,4909,新復興,38.65,39.2,38.45,38.65,219181.0
2026-08-10,TPEX,4911,德英,28.0,28.5,28.0,28.5,13591.0
2026-08-10,TPEX,4923,力士,49.8,49.85,49.8,49.85,237355.0
2026-08-10,TPEX,4924,欣厚-KY,10.05,10.1,9.81,10.0,24003.0
2026-08-10,TPEX,4931,新盛力,231.5,238.0,230.5,238.0,2758679.0
2026-08-10,TPEX,4933,友輝,54.0,55.4,53.0,55.1,199877.0
2026-08-10,TPEX,4939,亞電,60.8,62.8,60.1,61.3,10472225.0
2026-08-10,TPEX,4946,辣椒,83.7,85.5,83.7,84.2,21686.0
2026-08-10,TPEX,4950,金耘國際,15.7,15.8,15.7,15.7,21611.0
2026-08-10,TPEX,4951,精拓科,79.0,79.6,78.7,79.4,188189.0
2026-08-10,TPEX,4953,緯致,126.0,127.0,124.0,127.0,276843.0
2026-08-10,TPEX,4966,譜瑞-KY,595.0,602.0,590.0,600.0,686079.0
2026-08-10,TPEX,4971,IET-KY,479.0,505.0,470.0,502.0,2714336.0
2026-08-10,TPEX,4972,湯石照明,16.45,16.6,16.45,16.6,17409.0
2026-08-10,TPEX,4973,廣穎,160.0,165.0,158.5,162.0,3794228.0
2026-08-10,TPEX,4974,亞泰,68.9,69.7,68.9,69.7,67427.0
2026-08-10,TPEX,4979,華星光,517.0,536.0,508.0,536.0,9418965.0
2026-08-10,TPEX,4991,環宇-KY,490.0,511.0,489.0,511.0,3610410.0
2026-08-10,TPEX,4995,晶達,49.25,50.7,49.25,49.65,37977.0
2026-08-10,TPEX,5009,榮剛,32.85,33.5,32.6,33.45,1720326.0
2026-08-10,TPEX,5011,久陽,17.75,18.85,17.7,18.5,286899.0
2026-08-10,TPEX,5013,強新,25.7,25.95,25.7,25.9,9609.0
2026-08-10,TPEX,5014,建錩,10.9,11.3,10.9,11.1,1004148.0
2026-08-10,TPEX,5015,華祺,21.55,22.25,21.55,22.1,75048.0
2026-08-10,TPEX,5016,松和,24.05,24.4,24.05,24.4,16199.0
2026-08-10,TPEX,5201,凱衛,26.15,26.5,25.85,25.85,40633.0
2026-08-10,TPEX,5202,力新,12.35,12.45,12.15,12.35,141720.0
2026-08-10,TPEX,5205,中茂,22.05,22.05,20.1,21.85,7406.0
2026-08-10,TPEX,5206,坤悅,22.25,22.95,22.1,22.35,162395.0
2026-08-10,TPEX,5209,新鼎,163.0,163.0,160.0,161.5,62652.0
2026-08-10,TPEX,5210,寶碩,29.0,29.0,28.0,28.0,216012.0
2026-08-10,TPEX,5211,蒙恬,20.45,22.1,20.0,20.4,101873.0
2026-08-10,TPEX,5212,凌網,48.8,48.8,47.0,47.45,8663.0
2026-08-10,TPEX,5213,亞昕,21.15,21.15,20.8,21.0,178837.0
2026-08-10,TPEX,5220,萬達光電,20.35,20.55,20.35,20.5,49041.0
2026-08-10,TPEX,5223,安力-KY,24.0,24.0,23.45,23.75,17000.0
2026-08-10,TPEX,5227,立凱-KY,33.75,35.4,33.65,34.0,609024.0
2026-08-10,TPEX,5228,鈺鎧,42.0,42.9,41.2,41.6,646441.0
2026-08-10,TPEX,5230,雷笛克光學,17.7,18.0,17.5,17.95,126333.0
2026-08-10,TPEX,5245,智晶,23.6,24.75,23.55,23.9,118400.0
2026-08-10,TPEX,5251,天鉞電,25.85,26.2,25.25,25.6,106831.0
2026-08-10,TPEX,5263,智崴,91.1,92.7,90.0,92.7,193896.0
2026-08-10,TPEX,5272,笙科,18.05,18.3,18.05,18.1,103004.0
2026-08-10,TPEX,5274,信驊,16750.0,17395.0,16535.0,16540.0,210806.0
2026-08-10,TPEX,5276,達輝-KY,18.6,19.75,18.2,19.75,31149.0
2026-08-10,TPEX,5278,尚凡*,24.85,24.85,24.25,24.8,115153.0
2026-08-10,TPEX,5287,數字,146.5,146.5,146.0,146.5,37792.0
2026-08-10,TPEX,5289,宜鼎,1525.0,1530.0,1460.0,1465.0,3807335.0
2026-08-10,TPEX,5291,邑昇,57.2,57.7,55.2,56.2,1899693.0
2026-08-10,TPEX,5299,杰力,99.7,102.5,99.7,102.0,361779.0
2026-08-10,TPEX,5301,寶得利,5.34,5.35,5.2,5.34,19158.0
2026-08-10,TPEX,5302,太欣,10.7,11.15,10.6,11.15,1451395.0
2026-08-10,TPEX,5309,系統電,53.8,56.5,53.8,55.8,4086621.0
2026-08-10,TPEX,5310,天剛,25.0,25.0,25.0,25.0,1030.0
2026-08-10,TPEX,5312,寶島科,88.8,89.8,88.6,89.5,46807.0
2026-08-10,TPEX,5314,世紀*,61.0,62.3,60.0,62.3,3826560.0
2026-08-10,TPEX,5315,光聯,19.3,19.35,19.15,19.25,156062.0
2026-08-10,TPEX,5321,美而快,54.9,56.1,54.5,56.1,175537.0
2026-08-10,TPEX,5324,士開,12.25,12.35,12.05,12.3,525203.0
2026-08-10,TPEX,5328,華容,61.0,64.2,61.0,62.5,9461920.0
2026-08-10,TPEX,5340,建榮,71.5,75.5,71.4,73.0,3926091.0
2026-08-10,TPEX,5344,立衛,13.7,14.15,13.55,14.15,63793.0
2026-08-10,TPEX,5345,馥鴻,22.65,23.6,22.5,22.7,13669.0
2026-08-10,TPEX,5347,世界,146.5,157.5,146.0,157.5,24975196.0
2026-08-10,TPEX,5351,鈺創,107.5,114.0,103.0,114.0,45552826.0
2026-08-10,TPEX,5353,台林,28.8,28.9,28.45,28.6,60281.0
2026-08-10,TPEX,5355,佳總,5.6,6.09,5.6,6.08,52004.0
2026-08-10,TPEX,5356,協益,24.7,25.1,24.65,25.0,138762.0
2026-08-10,TPEX,5364,力麗店,8.88,8.99,8.8,8.81,58000.0
2026-08-10,TPEX,5371,中光電,83.0,85.9,82.5,85.6,10284602.0
2026-08-10,TPEX,5381,光譜,24.2,24.95,23.6,24.65,450345.0
2026-08-10,TPEX,5386,青雲,280.0,298.0,276.0,298.0,1408696.0
2026-08-10,TPEX,5392,能率,47.0,47.2,45.9,47.1,2807960.0
2026-08-10,TPEX,5398,慕康生醫,14.25,14.25,13.95,14.0,89439.0
2026-08-10,TPEX,5403,中菲,92.9,93.7,92.5,92.6,75608.0
2026-08-10,TPEX,5410,國眾,34.2,34.35,33.9,34.2,803047.0
2026-08-10,TPEX,5425,台半,82.7,86.0,82.7,84.3,4792570.0
2026-08-10,TPEX,5426,振發,28.6,28.6,27.05,28.0,1192680.0
2026-08-10,TPEX,5432,新門,112.0,113.0,110.0,112.0,55080.0
2026-08-10,TPEX,5438,東友,17.2,17.8,17.2,17.65,118225.0
2026-08-10,TPEX,5439,高技,242.5,249.5,237.5,241.0,2578570.0
2026-08-10,TPEX,5443,均豪,104.5,104.5,104.5,104.5,1677671.0
2026-08-10,TPEX,5450,南良,14.4,15.65,14.4,15.5,463574.0
2026-08-10,TPEX,5452,佶優,26.8,27.35,26.7,27.2,567679.0
2026-08-10,TPEX,5455,昇益,28.7,28.7,28.7,28.7,1000.0
2026-08-10,TPEX,5457,宣德,28.5,29.15,28.5,28.8,427354.0
2026-08-10,TPEX,5460,同協,15.85,16.8,15.85,16.4,72845.0
2026-08-10,TPEX,5464,霖宏,61.6,63.8,61.1,61.7,461802.0
2026-08-10,TPEX,5465,富驊,21.5,21.6,21.5,21.6,40358.0
2026-08-10,TPEX,5468,凱鈺,26.8,27.8,25.95,27.8,424256.0
2026-08-10,TPEX,5474,聰泰,146.5,153.0,146.5,149.5,214553.0
2026-08-10,TPEX,5475,德宏,122.0,130.5,122.0,125.0,3938079.0
2026-08-10,TPEX,5478,智冠,99.5,99.9,99.2,99.5,44915.0
2026-08-10,TPEX,5481,新華,19.85,19.9,19.45,19.65,48734.0
2026-08-10,TPEX,5483,中美晶,174.0,174.0,167.5,169.5,17969640.0
2026-08-10,TPEX,5487,通泰,28.65,29.25,28.65,29.25,73001.0
2026-08-10,TPEX,5488,松普,13.25,13.6,13.1,13.45,634152.0
2026-08-10,TPEX,5489,彩富,42.95,42.95,41.85,42.65,113450.0
2026-08-10,TPEX,5490,同亨,30.75,31.65,30.25,31.4,1158184.0
2026-08-10,TPEX,5493,三聯,80.6,80.6,79.3,80.0,43146.0
2026-08-10,TPEX,5498,凱崴,49.5,51.2,48.65,50.6,1688589.0
2026-08-10,TPEX,5508,永信建,53.9,54.9,53.1,54.7,335115.0
2026-08-10,TPEX,5511,德昌,70.5,71.6,70.0,71.5,154742.0
2026-08-10,TPEX,5512,力麒,7.82,7.83,7.74,7.81,537004.0
2026-08-10,TPEX,5516,雙喜,12.2,13.1,12.2,13.1,121521.0
2026-08-10,TPEX,5520,力泰,83.2,83.9,83.2,83.9,2264.0
2026-08-10,TPEX,5523,豐謙,30.4,30.4,30.2,30.35,24039.0
2026-08-10,TPEX,5529,鉅陞,21.25,21.6,21.25,21.45,209832.0
2026-08-10,TPEX,5530,龍巖,48.3,50.5,48.3,49.85,903421.0
2026-08-10,TPEX,5536,聖暉*,1080.0,1090.0,1045.0,1045.0,419482.0
2026-08-10,TPEX,5543,桓鼎-KY,26.3,26.3,26.3,26.3,1002.0
2026-08-10,TPEX,5547,久舜,19.55,19.9,19.5,19.7,31155.0
2026-08-10,TPEX,5548,安倉,20.75,20.75,20.2,20.3,82291.0
2026-08-10,TPEX,5601,台聯櫃,28.8,29.3,28.8,29.3,11000.0
2026-08-10,TPEX,5603,陸海,14.2,14.25,14.0,14.15,97794.0
2026-08-10,TPEX,5604,中連,30.5,30.55,30.4,30.4,16514.0
2026-08-10,TPEX,5609,中菲行,79.0,79.4,78.8,79.4,119340.0
2026-08-10,TPEX,5701,劍湖山,4.38,4.55,4.15,4.38,172988.0
2026-08-10,TPEX,5703,亞都,13.65,14.35,13.65,14.35,3000.0
2026-08-10,TPEX,5704,老爺知,21.6,21.65,21.6,21.6,16418.0
2026-08-10,TPEX,5864,致和證,29.15,29.6,28.55,29.55,2833775.0
2026-08-10,TPEX,5878,台名,38.25,38.25,38.25,38.25,2010.0
2026-08-10,TPEX,5902,德記,34.5,34.5,34.05,34.35,22004.0
2026-08-10,TPEX,5903,全家,184.0,186.0,184.0,185.0,29601.0
2026-08-10,TPEX,5904,寶雅*,79.2,79.2,79.2,79.2,5642538.0
2026-08-10,TPEX,5905,南仁湖,8.29,8.36,8.17,8.2,524634.0
2026-08-10,TPEX,6015,宏遠證,15.05,15.15,14.7,14.95,2514023.0
2026-08-10,TPEX,6016,康和證,18.65,19.05,18.35,18.4,12615020.0
2026-08-10,TPEX,6020,大展證,20.8,20.8,20.4,20.55,126101.0
2026-08-10,TPEX,6021,美好證,34.75,35.6,34.0,35.0,141757.0
2026-08-10,TPEX,6023,元大期,86.8,87.1,86.0,86.4,707427.0
2026-08-10,TPEX,6026,福邦證,14.1,14.1,13.9,13.9,1169721.0
2026-08-10,TPEX,6028,公勝保經,83.1,85.8,83.1,85.3,92137.0
2026-08-10,TPEX,6101,寬魚國際,35.9,36.25,35.4,35.7,114213.0
2026-08-10,TPEX,6103,合邦,28.5,28.5,28.5,28.5,2369.0
2026-08-10,TPEX,6104,創惟,93.7,95.0,93.7,94.5,417642.0
2026-08-10,TPEX,6109,亞元,11.25,11.35,11.0,11.2,136180.0
2026-08-10,TPEX,6111,光聚晶電,37.0,37.6,37.0,37.5,187917.0
2026-08-10,TPEX,6113,亞矽,24.45,24.95,24.25,24.35,475391.0
2026-08-10,TPEX,6114,久威,27.15,27.4,26.85,26.85,15330.0
2026-08-10,TPEX,6118,建達,15.75,15.9,15.6,15.6,142061.0
2026-08-10,TPEX,6121,新普,379.5,397.5,375.5,395.0,1158554.0
2026-08-10,TPEX,6122,擎邦,47.65,47.7,47.2,47.6,213715.0
2026-08-10,TPEX,6123,上奇,43.3,43.3,42.95,43.25,110810.0
2026-08-10,TPEX,6124,業強,26.95,27.1,26.75,27.1,23497.0
2026-08-10,TPEX,6125,廣運,49.5,50.7,49.5,50.0,587416.0
2026-08-10,TPEX,6126,信音,30.6,30.9,30.4,30.75,1431817.0
2026-08-10,TPEX,6127,九豪,50.5,52.2,50.1,50.3,2650484.0
2026-08-10,TPEX,6129,普誠,15.0,15.0,14.6,14.65,280174.0
2026-08-10,TPEX,6130,上亞科技,24.7,26.45,24.7,25.35,198305.0
2026-08-10,TPEX,6134,萬旭,27.5,28.3,27.45,27.85,230129.0
2026-08-10,TPEX,6138,茂達,279.5,292.5,279.0,288.5,671711.0
2026-08-10,TPEX,6140,訊達,16.65,17.3,16.65,17.15,77663.0
2026-08-10,TPEX,6143,振曜,92.1,92.9,90.6,90.8,630707.0
2026-08-10,TPEX,6144,得利影,13.45,13.45,12.75,13.25,7301.0
2026-08-10,TPEX,6146,耕興,188.5,192.0,188.0,192.0,232443.0
2026-08-10,TPEX,6147,頎邦,151.0,158.0,147.0,154.0,24436732.0
2026-08-10,TPEX,6148,驊宏資,27.85,28.6,27.55,28.6,196041.0
2026-08-10,TPEX,6150,撼訊,59.0,60.9,58.1,60.6,365990.0
2026-08-10,TPEX,6151,晉倫,34.7,35.3,34.65,35.2,93134.0
2026-08-10,TPEX,6154,順發,13.65,13.75,13.65,13.65,11356.0
2026-08-10,TPEX,6156,松上,20.9,21.0,20.65,20.8,441897.0
2026-08-10,TPEX,6158,禾昌,16.65,16.85,16.45,16.7,93161.0
2026-08-10,TPEX,6160,欣技,14.05,14.2,14.0,14.15,56382.0
2026-08-10,TPEX,6161,捷波,53.5,53.9,52.1,53.1,677520.0
2026-08-10,TPEX,6163,華電網,41.85,42.0,41.3,42.0,623823.0
2026-08-10,TPEX,6167,久正,10.7,10.75,10.55,10.6,131537.0
2026-08-10,TPEX,6169,昱泉,13.0,13.3,12.95,12.95,29238.0
2026-08-10,TPEX,6170,統振,46.75,46.8,46.35,46.75,146844.0
2026-08-10,TPEX,6171,大城地產,24.55,24.55,24.55,24.55,1546.0
2026-08-10,TPEX,6173,信昌電,162.0,172.0,161.5,168.5,5009687.0
2026-08-10,TPEX,6174,安碁,41.85,43.3,41.25,42.1,993508.0
2026-08-10,TPEX,6175,立敦,74.9,76.9,74.9,75.6,1207840.0
2026-08-10,TPEX,6179,亞通,27.1,28.1,27.1,27.9,2427973.0
2026-08-10,TPEX,6180,橘子,41.9,42.3,41.3,41.85,439646.0
2026-08-10,TPEX,6182,合晶,101.5,102.5,91.2,93.0,60804364.0
2026-08-10,TPEX,6185,幃翔,13.7,13.8,13.55,13.7,98833.0
2026-08-10,TPEX,6186,新潤,36.1,36.1,35.8,35.95,649929.0
2026-08-10,TPEX,6187,萬潤,1165.0,1220.0,1080.0,1090.0,4090629.0
2026-08-10,TPEX,6188,廣明,72.0,72.7,71.4,72.1,602831.0
2026-08-10,TPEX,6190,萬泰科,68.4,69.5,67.6,68.8,1558016.0
2026-08-10,TPEX,6194,育富,29.7,30.05,29.7,30.0,56260.0
2026-08-10,TPEX,6195,詩肯,27.15,29.0,27.15,29.0,179311.0
2026-08-10,TPEX,6198,瑞築,19.05,19.5,19.05,19.5,3005.0
2026-08-10,TPEX,6199,天品,96.3,98.2,96.3,97.7,408221.0
2026-08-10,TPEX,6203,海韻電,61.8,62.1,60.7,61.0,104303.0
2026-08-10,TPEX,6204,艾華,79.2,82.1,78.0,80.9,523401.0
2026-08-10,TPEX,6207,雷科,103.0,109.5,102.5,107.0,5554827.0
2026-08-10,TPEX,6208,日揚,81.8,82.2,81.3,81.7,492144.0
2026-08-10,TPEX,6210,慶生,16.9,17.5,16.8,17.05,17293.0
2026-08-10,TPEX,6217,中探針,165.0,173.0,161.0,165.0,4946374.0
2026-08-10,TPEX,6218,豪勉,34.35,36.1,34.35,36.1,376597.0
2026-08-10,TPEX,6219,富旺,12.5,12.7,12.25,12.55,105665.0
2026-08-10,TPEX,6220,岳豐,26.0,26.2,25.5,25.75,338243.0
2026-08-10,TPEX,6221,晉泰,20.7,21.0,20.65,21.0,32147.0
2026-08-10,TPEX,6222,立軒,20.5,20.8,20.05,20.3,24011.0
2026-08-10,TPEX,6223,旺矽,6230.0,6695.0,6100.0,6225.0,1010509.0
2026-08-10,TPEX,6227,茂綸,125.5,126.0,123.0,125.0,313679.0
2026-08-10,TPEX,6228,全譜,18.4,18.4,17.55,17.55,8166.0
2026-08-10,TPEX,6229,研通,23.35,23.6,23.15,23.55,23069.0
2026-08-10,TPEX,6231,系微,224.5,224.5,214.0,216.0,509544.0
2026-08-10,TPEX,6233,旺玖,21.7,22.0,21.15,21.75,205634.0
2026-08-10,TPEX,6234,高僑,35.3,37.45,34.8,37.45,747740.0
2026-08-10,TPEX,6237,驊訊,34.0,35.3,34.0,34.4,329939.0
2026-08-10,TPEX,6240,松崗,18.25,19.1,18.25,19.1,6012.0
2026-08-10,TPEX,6241,鑫永洋,15.5,15.55,14.3,14.6,751271.0
2026-08-10,TPEX,6242,立康,34.6,34.6,34.3,34.3,24926.0
2026-08-10,TPEX,6244,茂迪,23.55,24.15,23.45,24.1,2057733.0
2026-08-10,TPEX,6245,立端,84.6,89.5,84.6,88.6,2478262.0
2026-08-10,TPEX,6246,臺龍,12.55,12.65,12.1,12.3,49981.0
2026-08-10,TPEX,6248,沛波,17.7,18.0,17.7,17.9,137079.0
2026-08-10,TPEX,6259,百徽,29.55,31.6,29.55,30.25,798469.0
2026-08-10,TPEX,6261,久元,78.4,79.8,77.8,78.5,323715.0
2026-08-10,TPEX,6263,普萊德,160.5,163.0,159.0,161.0,225101.0
2026-08-10,TPEX,6264,富裔,6.06,6.06,6.0,6.06,7279.0
2026-08-10,TPEX,6265,方土昶,57.9,58.5,55.1,55.8,6576746.0
2026-08-10,TPEX,6266,泰詠,24.7,25.0,24.7,24.95,121221.0
2026-08-10,TPEX,6270,倍微,29.7,30.55,29.7,30.4,288777.0
2026-08-10,TPEX,6274,台燿,1510.0,1510.0,1445.0,1460.0,2326002.0
2026-08-10,TPEX,6275,元山,44.55,44.65,44.2,44.35,119172.0
2026-08-10,TPEX,6276,安鈦克,20.4,20.4,19.3,20.0,56509.0
2026-08-10,TPEX,6279,胡連,127.5,131.0,126.0,130.0,3568732.0
2026-08-10,TPEX,6284,佳邦,75.2,78.0,74.5,76.4,1029208.0
2026-08-10,TPEX,6290,良維,204.5,219.0,203.5,214.0,3370355.0
2026-08-10,TPEX,6291,沛亨,379.0,388.0,375.5,383.5,426299.0
2026-08-10,TPEX,6292,迅德,58.5,61.0,58.5,60.2,208632.0
2026-08-10,TPEX,6294,智基,26.8,26.8,26.4,26.4,28357.0
2026-08-10,TPEX,6411,晶焱,76.6,77.4,75.4,77.1,389629.0
2026-08-10,TPEX,6417,韋僑,118.5,118.5,114.0,114.0,79131.0
2026-08-10,TPEX,6418,詠昇,31.25,34.85,31.25,33.85,465193.0
2026-08-10,TPEX,6419,京晨科,141.0,147.5,141.0,145.0,253670.0
2026-08-10,TPEX,6423,億而得,82.7,83.7,80.0,82.4,254252.0
2026-08-10,TPEX,6425,易發,55.6,60.0,55.3,57.4,536264.0
2026-08-10,TPEX,6432,今展科,71.5,72.9,70.6,71.0,631939.0
2026-08-10,TPEX,6435,大中,253.0,262.0,253.0,258.5,452889.0
2026-08-10,TPEX,6441,廣錠,24.3,24.75,21.75,23.5,946332.0
2026-08-10,TPEX,6461,益得,15.9,16.25,15.85,15.95,100223.0
2026-08-10,TPEX,6462,神盾,101.5,102.5,100.5,101.5,484014.0
2026-08-10,TPEX,6465,威潤,47.6,48.2,46.9,47.4,233653.0
2026-08-10,TPEX,6469,大樹,70.2,70.9,69.3,70.7,476586.0
2026-08-10,TPEX,6470,宇智,42.65,43.2,42.65,42.75,27329.0
2026-08-10,TPEX,6474,華豫寧,38.65,39.15,38.35,39.1,187631.0
2026-08-10,TPEX,6482,弘煜科,27.65,27.7,27.65,27.7,2000.0
2026-08-10,TPEX,6485,點序,62.6,67.6,62.6,65.2,419703.0
2026-08-10,TPEX,6486,互動,74.2,75.0,74.2,74.8,54468.0
2026-08-10,TPEX,6488,環球晶,880.0,888.0,852.0,854.0,7179443.0
2026-08-10,TPEX,6492,生華科,37.5,37.75,36.9,37.45,364348.0
2026-08-10,TPEX,6494,九齊,54.5,55.6,54.0,55.2,229689.0
2026-08-10,TPEX,6496,科懋,25.15,25.15,23.95,24.15,6017.0
2026-08-10,TPEX,6498,久禾光,75.3,77.8,75.0,77.0,139081.0
2026-08-10,TPEX,6499,益安,58.2,60.0,57.5,60.0,201158.0
2026-08-10,TPEX,6506,雙邦,16.8,17.35,16.8,17.2,127596.0
2026-08-10,TPEX,6508,惠光,26.25,26.9,26.25,26.5,27467.0
2026-08-10,TPEX,6509,聚和,48.1,48.2,47.3,47.7,1066273.0
2026-08-10,TPEX,6510,精測,2790.0,2950.0,2785.0,2845.0,697136.0
2026-08-10,TPEX,6512,啟發電,19.85,20.15,19.85,20.15,3953.0
2026-08-10,TPEX,6516,勤崴國際,60.8,60.9,60.5,60.7,29622.0
2026-08-10,TPEX,6517,保勝光學,62.0,62.4,61.1,62.0,245707.0
2026-08-10,TPEX,6523,達爾膚,90.4,90.8,89.8,90.8,46340.0
2026-08-10,TPEX,6527,明達醫,76.4,76.4,75.0,76.2,28356.0
2026-08-10,TPEX,6530,創威,78.0,82.5,77.5,82.5,1317321.0
2026-08-10,TPEX,6532,瑞耘,82.6,85.7,82.3,83.5,858817.0
2026-08-10,TPEX,6535,順藥,92.0,92.0,89.4,90.8,123140.0
2026-08-10,TPEX,6538,倉和,144.5,151.5,143.5,145.5,1227951.0
2026-08-10,TPEX,6542,隆中,47.0,47.6,46.8,47.5,8000.0
2026-08-10,TPEX,6546,正基,61.0,61.7,60.5,61.1,135626.0
2026-08-10,TPEX,6547,高端疫苗,51.0,52.3,50.1,51.9,3261169.0
2026-08-10,TPEX,6548,長科*,75.0,77.5,73.6,75.7,3348927.0
2026-08-10,TPEX,6556,勝品,65.8,66.0,61.7,61.7,191730.0
2026-08-10,TPEX,6560,欣普羅,32.2,32.75,32.1,32.75,5201.0
2026-08-10,TPEX,6561,是方,332.5,332.5,327.0,327.5,33884.0
2026-08-10,TPEX,6568,宏觀,139.5,141.5,138.0,139.5,75007.0
2026-08-10,TPEX,6569,醫揚,96.9,96.9,92.0,95.0,142423.0
2026-08-10,TPEX,6570,維田,58.6,58.9,57.0,57.3,718643.0
2026-08-10,TPEX,6574,霈方,144.0,154.0,143.5,154.0,382307.0
2026-08-10,TPEX,6576,逸達,79.0,79.6,78.7,79.6,40753.0
2026-08-10,TPEX,6577,勁豐,79.0,80.8,79.0,80.3,47458.0
2026-08-10,TPEX,6578,達邦蛋白,18.7,18.7,17.75,18.6,80213.0
2026-08-10,TPEX,6584,南俊國際,570.0,570.0,515.0,522.0,2074689.0
2026-08-10,TPEX,6588,東典光電,91.5,95.0,89.8,90.5,1297007.0
2026-08-10,TPEX,6590,普鴻,64.5,64.5,64.3,64.4,14584.0
2026-08-10,TPEX,6593,台灣銘板,34.35,34.35,32.1,32.45,42483.0
2026-08-10,TPEX,6596,寬宏藝術,88.9,88.9,86.0,87.3,181817.0
2026-08-10,TPEX,6597,立誠,67.8,67.8,67.5,67.8,11002.0
2026-08-10,TPEX,6603,富強鑫,26.35,27.2,26.35,26.85,2800609.0
2026-08-10,TPEX,6609,瀧澤科,38.8,39.65,38.3,39.65,113374.0
2026-08-10,TPEX,6612,奈米醫材,73.9,74.8,73.4,74.8,11100.0
2026-08-10,TPEX,6613,朋億*,276.0,276.0,265.5,267.0,701046.0
2026-08-10,TPEX,6615,慧智,34.2,34.2,34.0,34.0,7105.0
2026-08-10,TPEX,6616,特昇-KY,8.61,8.73,8.61,8.65,6030.0
2026-08-10,TPEX,6617,共信-KY,99.4,105.5,91.9,105.5,1965056.0
2026-08-10,TPEX,6620,漢達,84.0,84.3,78.6,78.6,1325817.0
2026-08-10,TPEX,6624,萬年清,44.35,44.35,43.55,43.55,224005.0
2026-08-10,TPEX,6629,泰金-KY,108.0,114.5,108.0,110.5,86136.0
2026-08-10,TPEX,6637,醫影,62.3,62.9,61.8,62.0,49241.0
2026-08-10,TPEX,6640,均華,1005.0,1005.0,1005.0,1005.0,53999.0
2026-08-10,TPEX,6642,富致,83.0,88.7,81.8,83.3,1557797.0
2026-08-10,TPEX,6643,M31,442.5,450.0,438.0,441.0,372253.0
2026-08-10,TPEX,6649,台生材,36.0,36.35,35.8,36.35,12004.0
2026-08-10,TPEX,6651,全宇昕,133.0,137.0,130.0,135.0,579566.0
2026-08-10,TPEX,6654,天正國際,184.0,184.0,175.0,175.5,28411.0
2026-08-10,TPEX,6662,樂斯科,28.3,28.9,28.3,28.8,4231.0
2026-08-10,TPEX,6664,群翊,339.0,356.5,338.0,348.0,285543.0
2026-08-10,TPEX,6667,信紘科,231.0,237.0,230.5,235.5,180746.0
2026-08-10,TPEX,6679,鈺太,210.0,217.0,210.0,215.5,255922.0
2026-08-10,TPEX,6680,鑫創電子,56.1,56.1,52.9,52.9,13240.0
2026-08-10,TPEX,6683,雍智科技,1150.0,1230.0,1150.0,1230.0,298624.0
2026-08-10,TPEX,6684,安格,48.0,51.8,48.0,50.2,265357.0
2026-08-10,TPEX,6690,安碁資訊,164.5,165.0,164.0,164.0,21810.0
2026-08-10,TPEX,6692,進能服,23.1,24.5,23.0,24.25,63798.0
2026-08-10,TPEX,6693,廣閎科,198.5,200.5,183.0,184.0,3094081.0
2026-08-10,TPEX,6697,東捷資訊,40.0,40.0,40.0,40.0,1200.0
2026-08-10,TPEX,6703,軒郁,105.0,106.5,104.0,106.5,63800.0
2026-08-10,TPEX,6708,天擎,37.6,38.8,37.4,38.8,4000.0
2026-08-10,TPEX,6712,長聖,155.5,157.0,153.5,156.5,401754.0
2026-08-10,TPEX,6716,應廣,105.0,105.0,105.0,105.0,329944.0
2026-08-10,TPEX,6720,久昌,139.0,140.5,138.5,138.5,27280.0
2026-08-10,TPEX,6721,信實,52.1,52.5,52.0,52.1,19370.0
2026-08-10,TPEX,6725,矽科宏晟,246.5,253.0,245.0,247.5,89001.0
2026-08-10,TPEX,6727,亞泰金屬,399.5,406.5,388.0,388.0,699623.0
2026-08-10,TPEX,6728,上洋,105.5,106.0,104.5,105.5,38343.0
2026-08-10,TPEX,6730,常廣,34.45,35.0,34.05,34.5,33030.0
2026-08-10,TPEX,6732,昇佳電子,154.5,156.5,154.0,155.5,177694.0
2026-08-10,TPEX,6733,博晟生醫,27.1,27.1,25.85,25.95,190651.0
2026-08-10,TPEX,6735,美達科技,64.1,67.5,64.0,65.4,232483.0
2026-08-10,TPEX,6739,竹陞科技,1025.0,1105.0,1025.0,1050.0,190287.0
2026-08-10,TPEX,6741,91APP*-KY,56.3,56.5,55.5,56.0,464666.0
2026-08-10,TPEX,6751,智聯服務,41.85,42.2,41.55,41.55,4066.0
2026-08-10,TPEX,6752,叡揚,99.5,99.5,97.1,98.6,13113.0
2026-08-10,TPEX,6761,穩得,157.5,168.0,157.5,168.0,697823.0
2026-08-10,TPEX,6762,達亞,175.0,177.0,175.0,176.0,7174.0
2026-08-10,TPEX,6763,綠界科技*,44.3,44.3,43.1,43.35,220621.0
2026-08-10,TPEX,6767,台微醫,24.7,24.9,24.7,24.9,3000.0
2026-08-10,TPEX,6785,昱展新藥,98.1,104.0,98.1,101.0,76743.0
2026-08-10,TPEX,6788,華景電,359.5,359.5,351.0,355.0,273252.0
2026-08-10,TPEX,6791,虎門科技,104.5,104.5,100.5,102.5,20798.0
2026-08-10,TPEX,6803,崑鼎,272.0,272.0,269.5,271.5,69531.0
2026-08-10,TPEX,6804,明係,19.5,20.65,19.5,20.3,491985.0
2026-08-10,TPEX,6811,宏碁資訊,231.0,237.0,231.0,235.0,199400.0
2026-08-10,TPEX,6821,聯寶,41.5,42.2,41.25,42.2,109102.0
2026-08-10,TPEX,6823,濾能,67.2,67.2,63.5,64.9,90368.0
2026-08-10,TPEX,6829,千附精密,194.0,201.0,188.5,200.0,899170.0
2026-08-10,TPEX,6840,東研信超,66.5,67.7,65.8,66.0,86287.0
2026-08-10,TPEX,6841,長佳智能,56.1,56.6,55.8,56.4,141924.0
2026-08-10,TPEX,6843,進典,39.9,40.5,39.45,39.45,4127.0
2026-08-10,TPEX,6844,諾貝兒,60.1,60.6,60.1,60.6,31033.0
2026-08-10,TPEX,6846,綠茵,60.5,60.5,60.4,60.5,12081.0
2026-08-10,TPEX,6855,數泓科,118.5,119.0,115.5,117.5,19041.0
2026-08-10,TPEX,6859,伯特光,99.2,99.7,98.7,99.7,20312.0
2026-08-10,TPEX,6865,偉康科技,24.7,26.05,24.7,25.5,6209.0
2026-08-10,TPEX,6870,騰雲,265.0,270.0,254.0,254.0,77453.0
2026-08-10,TPEX,6872,浩宇生醫,16.45,16.45,16.0,16.0,3121.0
2026-08-10,TPEX,6874,倍力,79.3,80.4,78.8,79.8,42541.0
2026-08-10,TPEX,6875,國邑*,32.6,33.85,32.3,33.0,33165.0
2026-08-10,TPEX,6877,鏵友益,121.0,128.0,121.0,127.5,92178.0
2026-08-10,TPEX,6881,潤德,199.5,203.0,198.5,202.5,12706.0
2026-08-10,TPEX,6884,海柏特,31.8,32.1,31.8,31.9,9000.0
2026-08-10,TPEX,6894,衛司特,347.0,350.5,343.5,346.5,37419.0
2026-08-10,TPEX,6895,宏碩系統,116.5,119.5,115.0,118.5,44510.0
2026-08-10,TPEX,6899,創為精密,51.1,51.3,50.4,50.7,15582.0
2026-08-10,TPEX,6903,巨漢,325.0,328.5,307.0,315.0,614774.0
2026-08-10,TPEX,6904,伯鑫,123.0,123.0,118.0,122.0,4031.0
2026-08-10,TPEX,6907,雅特力-KY,199.5,207.0,186.0,189.5,2880195.0
2026-08-10,TPEX,6910,德鴻,24.55,25.0,24.55,25.0,18097.0
2026-08-10,TPEX,6913,鴻呈,152.0,153.0,144.5,146.0,947851.0
2026-08-10,TPEX,6922,宸曜,204.0,204.0,204.0,204.0,370101.0
2026-08-10,TPEX,6925,意藍,53.9,56.7,52.9,54.4,26015.0
2026-08-10,TPEX,6929,佑全,23.95,23.95,22.85,22.85,2005.0
2026-08-10,TPEX,6945,圓祥生技,99.0,109.5,99.0,108.0,862857.0
2026-08-10,TPEX,6953,家碩,219.0,223.0,219.0,223.0,13937.0
2026-08-10,TPEX,6961,旅天下,52.0,52.1,51.1,51.7,15092.0
2026-08-10,TPEX,6967,汎瑋材料,68.4,69.3,68.0,69.3,11153.0
2026-08-10,TPEX,6968,萬達寵物,45.8,45.8,43.85,44.15,134564.0
2026-08-10,TPEX,6971,惠民實業,25.55,25.6,25.55,25.6,31672.0
2026-08-10,TPEX,6982,大井泵浦,49.45,49.45,48.85,49.2,57257.0
2026-08-10,TPEX,6983,華洋精機,299.5,306.0,298.5,302.0,30449.0
2026-08-10,TPEX,6986,和迅,44.1,45.0,43.75,44.5,50000.0
2026-08-10,TPEX,6996,力領科技,182.5,182.5,176.5,178.0,203855.0
2026-08-10,TPEX,7402,邑錡,103.5,105.0,103.0,103.0,226561.0
2026-08-10,TPEX,7547,碩網,55.7,58.5,55.5,57.1,61484.0
2026-08-10,TPEX,7556,意德士,223.0,224.0,221.0,223.0,22410.0
2026-08-10,TPEX,7584,樂意,25.0,25.7,25.0,25.7,3140.0
2026-08-10,TPEX,7642,昶瑞機電,80.3,80.3,78.5,79.7,17161.0
2026-08-10,TPEX,7703,銳澤,182.0,189.0,182.0,185.0,54104.0
2026-08-10,TPEX,7704,明遠精密,65.8,65.8,63.4,64.2,86601.0
2026-08-10,TPEX,7708,全家餐飲,93.4,93.5,92.5,93.5,3486.0
2026-08-10,TPEX,7709,榮田,71.5,74.0,69.0,73.5,58971.0
2026-08-10,TPEX,7712,博盛半導體,147.5,154.0,145.0,148.0,392019.0
2026-08-10,TPEX,7713,威力德生醫,69.0,69.5,68.9,69.5,31064.0
2026-08-10,TPEX,7714,創泓科技,151.0,153.0,149.0,150.0,248691.0
2026-08-10,TPEX,7715,裕山,35.0,35.3,33.7,33.7,137666.0
2026-08-10,TPEX,7716,昱臺國際,23.3,24.1,23.15,24.1,9000.0
2026-08-10,TPEX,7717,萊德光電-KY,435.0,445.0,428.5,437.0,77953.0
2026-08-10,TPEX,7718,友鋮,47.5,48.0,47.5,47.5,20288.0
2026-08-10,TPEX,7723,築間,21.5,22.35,20.85,21.95,625820.0
2026-08-10,TPEX,7728,光焱科技,608.0,620.0,600.0,608.0,13305.0
2026-08-10,TPEX,7734,印能科技,3420.0,3520.0,3305.0,3455.0,177614.0
2026-08-10,TPEX,7738,東聯互動,166.0,170.0,166.0,169.5,6372.0
2026-08-10,TPEX,7743,金利食安,20.2,20.9,20.2,20.9,3000.0
2026-08-10,TPEX,7744,崴寶,497.0,497.0,462.0,467.5,98420.0
2026-08-10,TPEX,7747,昕奇雲端,115.5,115.5,115.5,115.5,3195.0
2026-08-10,TPEX,7751,竑騰,1395.0,1410.0,1360.0,1390.0,191707.0
2026-08-10,TPEX,7753,星亞,37.5,37.85,37.25,37.85,9140.0
2026-08-10,TPEX,7757,金色三麥,89.1,92.6,89.1,91.6,21806.0
2026-08-10,TPEX,7767,仁大資訊,47.3,48.5,46.8,47.85,60197.0
2026-08-10,TPEX,7770,君曜,39.75,39.75,39.75,39.75,1001.0
2026-08-10,TPEX,7772,耀穎,93.4,93.8,91.6,93.5,51054.0
2026-08-10,TPEX,7777,能率亞洲,40.5,41.0,39.75,40.3,1368328.0
2026-08-10,TPEX,7782,光速火箭,26.0,26.0,26.0,26.0,1000.0
2026-08-10,TPEX,7792,安葆,208.0,217.5,208.0,214.5,153006.0
2026-08-10,TPEX,7794,宏碁智新,29.35,29.35,29.3,29.3,17000.0
2026-08-10,TPEX,7805,威聯通,649.0,686.0,649.0,677.0,85113.0
2026-08-10,TPEX,7810,捷創科技,204.0,204.0,195.0,196.0,31992.0
2026-08-10,TPEX,7811,民盛,71.0,71.2,71.0,71.1,15230.0
2026-08-10,TPEX,7814,海昌生技,31.15,31.6,30.4,30.55,51824.0
2026-08-10,TPEX,7819,精誠金融,34.5,34.6,34.5,34.6,15408.0
2026-08-10,TPEX,7820,立盈,121.0,121.0,121.0,121.0,15071.0
2026-08-10,TPEX,7828,創新服務,1700.0,1745.0,1630.0,1655.0,201387.0
2026-08-10,TPEX,7839,達人網,44.8,45.5,44.75,45.5,11048.0
2026-08-10,TPEX,7842,天能綠電,91.6,91.6,91.6,91.6,82846.0
2026-08-10,TPEX,8024,佑華,14.4,14.6,13.75,14.1,77379.0
2026-08-10,TPEX,8027,鈦昇,175.0,183.5,175.0,182.0,2012905.0
2026-08-10,TPEX,8032,光菱,37.7,38.45,37.45,37.9,113710.0
2026-08-10,TPEX,8034,榮群,19.1,19.1,18.9,19.1,83480.0
2026-08-10,TPEX,8038,長園科,32.8,32.85,32.25,32.85,94355.0
2026-08-10,TPEX,8040,九暘,74.1,76.8,73.8,76.0,654880.0
2026-08-10,TPEX,8042,金山電,114.5,118.0,111.0,114.0,6904559.0
2026-08-10,TPEX,8043,蜜望實,128.5,137.5,128.5,134.5,3185254.0
2026-08-10,TPEX,8044,網家,28.45,28.45,27.4,27.55,269787.0
2026-08-10,TPEX,8047,星雲,48.5,49.15,47.0,48.75,54934.0
2026-08-10,TPEX,8048,德勝,52.4,53.0,51.8,52.4,88767.0
2026-08-10,TPEX,8049,晶采,26.4,26.7,26.4,26.55,151996.0
2026-08-10,TPEX,8050,廣積,67.3,68.9,63.5,68.4,15549848.0
2026-08-10,TPEX,8054,安國,84.0,85.8,83.4,84.9,657458.0
2026-08-10,TPEX,8059,凱碩,15.25,15.5,15.1,15.45,89384.0
2026-08-10,TPEX,8064,東捷,102.0,105.0,98.1,101.0,4655570.0
2026-08-10,TPEX,8066,來思達,14.75,14.85,14.6,14.85,113246.0
2026-08-10,TPEX,8067,志旭,12.95,13.85,12.95,13.1,12245.0
2026-08-10,TPEX,8068,全達,18.1,18.8,18.1,18.6,190656.0
2026-08-10,TPEX,8069,元太,176.5,178.5,176.5,176.5,14923417.0
2026-08-10,TPEX,8071,能率網通,23.3,23.8,23.0,23.1,833418.0
2026-08-10,TPEX,8074,鉅橡,54.0,56.8,54.0,55.7,538776.0
2026-08-10,TPEX,8076,伍豐,23.15,23.75,23.05,23.5,558315.0
2026-08-10,TPEX,8080,泰霖,27.5,27.6,27.5,27.6,7005.0
2026-08-10,TPEX,8083,瑞穎,159.5,159.5,157.5,159.5,160422.0
2026-08-10,TPEX,8084,巨虹,46.0,48.8,46.0,48.0,596756.0
2026-08-10,TPEX,8085,福華,11.3,11.5,11.3,11.35,138106.0
2026-08-10,TPEX,8086,宏捷科,114.0,122.5,113.5,118.0,4439680.0
2026-08-10,TPEX,8087,麗升能源,29.45,29.45,29.45,29.45,1000.0
2026-08-10,TPEX,8088,品安,47.8,48.9,47.5,48.5,1007360.0
2026-08-10,TPEX,8089,康全電訊,18.3,18.3,18.15,18.15,45410.0
2026-08-10,TPEX,8091,翔名,231.0,246.5,230.5,239.0,618922.0
2026-08-10,TPEX,8092,建暐,13.3,13.3,12.8,13.05,113279.0
2026-08-10,TPEX,8093,保銳,21.0,23.05,21.0,22.7,124434.0
2026-08-10,TPEX,8096,擎亞,135.0,138.0,123.0,123.0,12287452.0
2026-08-10,TPEX,8097,常珵,51.3,51.4,50.9,51.3,133215.0
2026-08-10,TPEX,8099,大世科,59.9,59.9,57.7,58.1,46391.0
2026-08-10,TPEX,8102,傑霖科技,68.0,69.9,66.6,68.8,30207.0
2026-08-10,TPEX,8107,大億金茂,11.65,11.7,11.55,11.7,15646.0
2026-08-10,TPEX,8109,博大,133.5,136.0,130.0,132.5,450367.0
2026-08-10,TPEX,8111,立碁,58.0,59.6,57.8,58.2,4597502.0
2026-08-10,TPEX,8121,越峰,29.0,29.75,29.0,29.45,700893.0
2026-08-10,TPEX,8147,正淩,125.5,128.0,125.5,126.0,77393.0
2026-08-10,TPEX,8155,博智,298.0,315.0,298.0,308.5,759358.0
2026-08-10,TPEX,8171,天宇,21.1,21.1,20.0,20.2,116496.0
2026-08-10,TPEX,8176,智捷,9.8,9.9,9.76,9.9,111602.0
2026-08-10,TPEX,8182,加高,39.95,41.3,39.2,40.0,1485005.0
2026-08-10,TPEX,8183,精星,29.75,30.3,29.7,30.3,325064.0
2026-08-10,TPEX,8227,巨有科技,141.0,146.0,139.0,144.0,566686.0
2026-08-10,TPEX,8234,新漢,72.2,75.5,71.1,73.8,2486775.0
2026-08-10,TPEX,8240,華宏,42.5,43.5,42.5,43.5,162825.0
2026-08-10,TPEX,8255,朋程,142.0,144.5,141.0,142.0,412269.0
2026-08-10,TPEX,8272,全景軟體,66.4,66.4,64.1,64.6,9265.0
2026-08-10,TPEX,8277,商丞,8.1,8.25,7.99,8.01,144354.0
2026-08-10,TPEX,8279,生展,89.5,89.5,89.0,89.0,5852.0
2026-08-10,TPEX,8284,三竹,62.5,63.0,62.5,62.8,8078.0
2026-08-10,TPEX,8289,泰藝,45.4,45.4,43.8,44.65,585662.0
2026-08-10,TPEX,8291,尚茂,40.95,43.4,39.6,41.95,44162.0
2026-08-10,TPEX,8299,群聯,2060.0,2080.0,2030.0,2040.0,4454726.0
2026-08-10,TPEX,8342,益張,88.0,88.0,88.0,88.0,7178.0
2026-08-10,TPEX,8349,恒耀,39.7,39.95,39.55,39.75,38720.0
2026-08-10,TPEX,8354,冠好,16.65,16.65,16.65,16.65,242186.0
2026-08-10,TPEX,8358,金居,354.5,369.5,342.5,346.0,37397954.0
2026-08-10,TPEX,8383,千附,70.2,71.5,68.6,69.9,2791634.0
2026-08-10,TPEX,8390,金益鼎,99.5,102.5,99.0,102.0,593321.0
2026-08-10,TPEX,8401,白紗科,22.9,23.0,22.8,22.9,37640.0
2026-08-10,TPEX,8403,盛弘,19.0,19.1,19.0,19.1,104474.0
2026-08-10,TPEX,8409,商之器,18.0,18.1,17.95,18.1,7052.0
2026-08-10,TPEX,8410,森田,31.9,31.9,31.45,31.45,18000.0
2026-08-10,TPEX,8415,大國鋼,38.1,38.45,37.85,38.4,539905.0
2026-08-10,TPEX,8421,旭源,15.1,15.1,14.05,14.35,453976.0
2026-08-10,TPEX,8423,保綠-KY,18.05,18.05,17.85,17.85,17744.0
2026-08-10,TPEX,8424,惠普,69.0,69.0,68.8,69.0,20716.0
2026-08-10,TPEX,8426,紅木-KY,21.3,21.5,20.8,21.25,37411.0
2026-08-10,TPEX,8431,匯鑽科,49.0,51.7,48.85,49.8,273974.0
2026-08-10,TPEX,8432,東生華,50.8,51.2,50.8,50.8,15359.0
2026-08-10,TPEX,8433,弘帆,55.0,55.8,54.8,55.1,78638.0
2026-08-10,TPEX,8435,鉅邁,54.5,54.5,53.5,53.8,25592.0
2026-08-10,TPEX,8436,大江,117.0,127.5,116.5,125.5,2205661.0
2026-08-10,TPEX,8437,大地-KY,9.22,9.22,9.0,9.07,47348.0
2026-08-10,TPEX,8440,綠電,19.55,19.85,19.55,19.85,75376.0
2026-08-10,TPEX,8444,綠河-KY,5.5,5.5,5.5,5.5,15000.0
2026-08-10,TPEX,8446,華研,85.3,86.0,85.0,85.2,36880.0
2026-08-10,TPEX,8450,霹靂,15.55,15.6,15.0,15.15,23051.0
2026-08-10,TPEX,8455,大拓-KY,24.0,24.7,24.0,24.7,7000.0
2026-08-10,TPEX,8472,夠麻吉,71.3,72.9,69.4,70.4,21029.0
2026-08-10,TPEX,8477,創業家,15.95,15.95,15.75,15.9,16002.0
2026-08-10,TPEX,8489,三貝德,23.25,23.25,22.9,23.05,22432.0
2026-08-10,TPEX,8905,裕國,35.0,35.0,34.6,34.75,12519.0
2026-08-10,TPEX,8906,花王,27.9,29.2,27.5,28.95,140995.0
2026-08-10,TPEX,8908,欣雄,39.5,39.95,39.5,39.9,30287.0
2026-08-10,TPEX,8916,光隆,43.0,43.45,42.85,43.25,180711.0
2026-08-10,TPEX,8917,欣泰,53.0,53.0,52.5,52.5,6004.0
2026-08-10,TPEX,8921,沈氏,17.15,17.2,17.15,17.2,2001.0
2026-08-10,TPEX,8923,時報,18.85,19.0,18.85,19.0,7052.0
2026-08-10,TPEX,8924,大田,51.4,51.5,51.2,51.5,89580.0
2026-08-10,TPEX,8927,北基,20.7,21.05,20.4,20.4,186277.0
2026-08-10,TPEX,8928,鉅明,22.85,24.1,22.85,23.45,24955.0
2026-08-10,TPEX,8929,富堡,13.15,13.3,13.05,13.25,38547.0
2026-08-10,TPEX,8930,青鋼,30.65,30.65,30.0,30.1,111017.0
2026-08-10,TPEX,8931,大汽電,40.75,41.1,40.15,40.6,65009.0
2026-08-10,TPEX,8932,智通*,96.7,104.5,96.6,102.0,2514311.0
2026-08-10,TPEX,8933,愛地雅,4.49,4.6,4.49,4.49,150734.0
2026-08-10,TPEX,8935,邦泰,17.3,17.55,17.1,17.55,135598.0
2026-08-10,TPEX,8936,國統,52.9,52.9,52.4,52.7,777569.0
2026-08-10,TPEX,8937,合騏*,23.8,23.85,23.45,23.65,40502.0
2026-08-10,TPEX,8938,明安,52.6,53.1,52.5,53.1,97749.0
2026-08-10,TPEX,8941,關中,43.4,43.4,43.4,43.4,1129.0
2026-08-10,TPEX,8942,森鉅,38.6,38.85,38.45,38.85,133610.0
2026-08-10,TPEX,9949,琉園,23.6,24.3,23.6,24.05,14602.0
2026-08-10,TPEX,9950,萬國通,10.5,10.5,10.3,10.5,69302.0
2026-08-10,TPEX,9951,皇田,53.4,53.4,52.8,53.1,48978.0
2026-08-10,TPEX,9960,邁達康,30.5,30.8,30.1,30.8,600377.0
2026-08-10,TPEX,9962,有益,10.05,10.05,9.92,10.05,88122.0
2026-08-10,TWSE,1101,台泥,24.5,24.65,24.25,24.55,14596102.0
2026-08-10,TWSE,1102,亞泥,33.0,33.0,32.5,32.95,4654967.0
2026-08-10,TWSE,1103,嘉泥,13.2,13.2,13.1,13.2,196885.0
2026-08-10,TWSE,1104,環泥,26.6,26.75,26.55,26.65,561024.0
2026-08-10,TWSE,1108,幸福,12.1,12.1,11.95,12.1,353068.0
2026-08-10,TWSE,1109,信大,13.55,13.6,13.5,13.55,93795.0
2026-08-10,TWSE,1110,東泥,15.95,16.45,15.9,16.3,479129.0
2026-08-10,TWSE,1201,味全,12.1,12.2,12.05,12.15,249766.0
2026-08-10,TWSE,1203,味王,46.35,46.8,46.05,46.15,21913.0
2026-08-10,TWSE,1210,大成,53.1,53.3,52.1,53.2,2482967.0
2026-08-10,TWSE,1213,大飲,7.59,7.72,7.59,7.72,8686.0
2026-08-10,TWSE,1215,卜蜂,108.5,109.0,107.0,109.0,360544.0
2026-08-10,TWSE,1216,統一,75.7,75.7,74.6,75.5,10662068.0
2026-08-10,TWSE,1217,愛之味,9.89,9.95,9.78,9.84,277680.0
2026-08-10,TWSE,1218,泰山,15.5,15.8,15.45,15.8,708700.0
2026-08-10,TWSE,1219,福壽,10.75,10.85,10.6,10.8,625265.0
2026-08-10,TWSE,1220,台榮,11.15,11.2,11.15,11.15,72959.0
2026-08-10,TWSE,1225,福懋油,24.3,25.15,24.2,25.0,141089.0
2026-08-10,TWSE,1227,佳格,29.2,29.3,28.9,29.2,768286.0
2026-08-10,TWSE,1229,聯華,40.85,40.85,40.45,40.7,1024192.0
2026-08-10,TWSE,1231,聯華食,81.3,81.3,79.9,80.3,226656.0
2026-08-10,TWSE,1232,大統益,159.5,159.5,156.0,156.0,305748.0
2026-08-10,TWSE,1233,天仁,28.8,28.9,27.6,28.3,62524.0
2026-08-10,TWSE,1234,黑松,33.4,33.5,33.25,33.45,188717.0
2026-08-10,TWSE,1235,興泰,36.0,36.55,36.0,36.55,2220.0
2026-08-10,TWSE,1236,宏亞,25.6,25.8,25.3,25.55,330333.0
2026-08-10,TWSE,1256,鮮活果汁-KY,178.0,179.0,177.5,178.0,38221.0
2026-08-10,TWSE,1301,台塑,56.2,56.6,55.0,55.6,14356177.0
2026-08-10,TWSE,1303,南亞,188.5,192.0,182.5,185.0,105821200.0
2026-08-10,TWSE,1304,台聚,12.0,12.1,11.75,12.1,2597960.0
2026-08-10,TWSE,1305,華夏,11.6,11.7,11.35,11.7,881563.0
2026-08-10,TWSE,1307,三芳,32.0,32.0,30.1,30.9,2223555.0
2026-08-10,TWSE,1308,亞聚,13.4,13.75,13.15,13.65,2452365.0
2026-08-10,TWSE,1309,台達化,12.85,13.05,12.7,12.9,1196654.0
2026-08-10,TWSE,1310,台苯,8.1,8.15,7.98,8.08,4121526.0
2026-08-10,TWSE,1312,國喬,12.0,12.1,11.85,11.9,4776884.0
2026-08-10,TWSE,1313,聯成,11.6,11.65,11.35,11.6,2458773.0
2026-08-10,TWSE,1314,中石化,7.81,7.87,7.65,7.74,42518724.0
2026-08-10,TWSE,1315,達新,63.9,65.3,63.5,64.4,145462.0
2026-08-10,TWSE,1316,上曜,10.05,10.1,9.97,10.05,1019099.0
2026-08-10,TWSE,1319,東陽,76.8,77.6,76.0,77.6,2123941.0
2026-08-10,TWSE,1321,大洋,31.9,32.2,31.9,32.2,122754.0
2026-08-10,TWSE,1323,永裕,20.35,21.7,20.35,21.6,459701.0
2026-08-10,TWSE,1324,地球,10.0,10.05,10.0,10.05,37610.0
2026-08-10,TWSE,1325,恆大,27.4,27.4,26.5,26.8,502690.0
2026-08-10,TWSE,1326,台化,59.7,59.7,57.6,58.8,18904137.0
2026-08-10,TWSE,1337,再生-KY,4.82,4.82,4.7,4.72,299911.0
2026-08-10,TWSE,1338,廣華-KY,15.25,15.45,15.15,15.45,125067.0
2026-08-10,TWSE,1339,昭輝,45.2,45.8,44.8,45.0,112477.0
2026-08-10,TWSE,1340,勝悅-KY,5.12,5.4,5.12,5.26,561280.0
2026-08-10,TWSE,1341,富林-KY,58.6,61.3,58.6,59.2,38033.0
2026-08-10,TWSE,1342,八貫,105.0,105.0,103.5,103.5,230775.0
2026-08-10,TWSE,1402,遠東新,27.4,27.6,27.15,27.25,18017237.0
2026-08-10,TWSE,1409,新纖,24.75,24.75,24.75,24.75,6300637.0
2026-08-10,TWSE,1410,南染,25.7,26.6,25.7,25.8,85338.0
2026-08-10,TWSE,1413,宏洲,9.69,9.69,9.4,9.4,11344.0
2026-08-10,TWSE,1414,東和,19.6,19.8,19.1,19.75,732150.0
2026-08-10,TWSE,1416,廣豐,11.0,11.15,10.95,11.0,240023.0
2026-08-10,TWSE,1417,嘉裕,8.28,8.33,8.27,8.29,69452.0
2026-08-10,TWSE,1418,東華,18.05,18.05,18.05,18.05,1541.0
2026-08-10,TWSE,1419,新紡,64.4,65.0,64.0,65.0,55308.0
2026-08-10,TWSE,1423,利華,35.5,35.95,35.5,35.95,17686.0
2026-08-10,TWSE,1432,大魯閣,15.15,15.4,15.15,15.3,325379.0
2026-08-10,TWSE,1434,福懋,17.45,17.75,17.2,17.7,2632508.0
2026-08-10,TWSE,1435,中福,23.15,24.65,22.1,24.65,38963.0
2026-08-10,TWSE,1436,華友聯,36.35,37.6,36.3,37.35,258568.0
2026-08-10,TWSE,1437,勤益控,29.85,30.3,29.7,30.3,162076.0
2026-08-10,TWSE,1438,三地開發,22.5,22.5,22.35,22.45,20708.0
2026-08-10,TWSE,1439,雋揚,27.45,29.4,27.45,29.25,54513.0
2026-08-10,TWSE,1440,南紡,12.8,13.55,12.8,13.5,6446773.0
2026-08-10,TWSE,1441,大東,8.95,8.95,8.85,8.89,13879.0
2026-08-10,TWSE,1442,名軒,30.1,30.45,29.95,30.05,271945.0
2026-08-10,TWSE,1443,立益物流,25.3,26.05,25.3,26.05,7306.0
2026-08-10,TWSE,1444,力麗,7.15,7.32,7.15,7.26,1067523.0
2026-08-10,TWSE,1445,大宇,10.9,11.0,10.45,10.45,52281.0
2026-08-10,TWSE,1446,宏和,13.8,14.05,13.8,13.95,141741.0
2026-08-10,TWSE,1447,力鵬,7.05,7.26,7.04,7.17,1532558.0
2026-08-10,TWSE,1449,佳和,12.8,12.9,12.65,12.9,398976.0
2026-08-10,TWSE,1451,年興,17.4,17.55,17.1,17.5,215720.0
2026-08-10,TWSE,1452,宏益,11.4,11.4,11.25,11.35,96930.0
2026-08-10,TWSE,1453,大將,11.0,11.15,11.0,11.1,66104.0
2026-08-10,TWSE,1454,台富,12.8,12.8,12.65,12.75,24462.0
2026-08-10,TWSE,1455,集盛,9.35,9.9,9.35,9.9,5146746.0
2026-08-10,TWSE,1456,怡華,14.4,14.45,13.9,14.25,75052.0
2026-08-10,TWSE,1457,宜進,14.1,14.15,14.1,14.1,75762.0
2026-08-10,TWSE,1459,聯發,13.05,14.0,13.05,14.0,303992.0
2026-08-10,TWSE,1460,宏遠,6.64,6.75,6.64,6.66,209180.0
2026-08-10,TWSE,1463,強盛新,17.75,17.8,17.65,17.8,35012.0
2026-08-10,TWSE,1464,得力,10.4,10.5,10.4,10.4,339001.0
2026-08-10,TWSE,1465,偉全,12.4,12.4,12.2,12.35,93272.0
2026-08-10,TWSE,1466,聚隆,16.45,17.1,16.3,17.0,530448.0
2026-08-10,TWSE,1467,南緯,9.85,9.99,9.74,9.79,401888.0
2026-08-10,TWSE,1468,昶和,13.5,13.55,13.15,13.55,49032.0
2026-08-10,TWSE,1470,大統新創,23.4,23.4,23.4,23.4,7150.0
2026-08-10,TWSE,1471,首利,9.54,9.64,9.43,9.53,171596.0
2026-08-10,TWSE,1472,三洋實業,88.5,88.9,87.8,88.9,5042.0
2026-08-10,TWSE,1473,台南,19.85,20.0,19.85,19.95,84067.0
2026-08-10,TWSE,1474,弘裕,10.05,10.1,10.0,10.1,45094.0
2026-08-10,TWSE,1475,業旺,27.2,27.2,27.1,27.15,35050.0
2026-08-10,TWSE,1476,儒鴻,348.0,348.0,337.0,337.0,1350088.0
2026-08-10,TWSE,1477,聚陽,225.5,225.5,221.0,222.0,1647007.0
2026-08-10,TWSE,1503,士電,196.5,197.0,194.0,195.5,951026.0
2026-08-10,TWSE,1504,東元,67.5,67.8,67.0,67.2,5220509.0
2026-08-10,TWSE,1506,正道,10.25,10.6,10.25,10.5,356800.0
2026-08-10,TWSE,1512,瑞利,6.61,6.63,6.54,6.57,41945.0
2026-08-10,TWSE,1513,中興電,159.5,160.5,158.5,159.5,1539058.0
2026-08-10,TWSE,1514,亞力,99.9,102.0,99.8,102.0,1000679.0
2026-08-10,TWSE,1515,力山,30.4,33.15,30.4,31.2,2432053.0
2026-08-10,TWSE,1516,川飛,14.55,14.65,14.4,14.65,522231.0
2026-08-10,TWSE,1517,利奇,11.6,11.9,11.45,11.8,1043603.0
2026-08-10,TWSE,1519,華城,663.0,675.0,658.0,671.0,994794.0
2026-08-10,TWSE,1521,大億,25.2,25.3,25.2,25.3,9006.0
2026-08-10,TWSE,1522,堤維西,28.15,28.3,27.5,28.2,598726.0
2026-08-10,TWSE,1524,耿鼎,27.2,27.25,26.7,27.15,425705.0
2026-08-10,TWSE,1525,江申,67.9,68.4,67.8,68.4,10295.0
2026-08-10,TWSE,1526,日馳,18.0,19.3,18.0,18.3,1178378.0
2026-08-10,TWSE,1527,鑽全,32.6,32.7,32.5,32.65,90144.0
2026-08-10,TWSE,1528,恩德,18.85,19.15,18.65,19.0,670407.0
2026-08-10,TWSE,1529,樂事綠能,17.15,17.25,17.0,17.15,299919.0
2026-08-10,TWSE,1530,亞崴,27.95,27.95,26.9,27.15,92995.0
2026-08-10,TWSE,1531,高林股,12.85,13.05,12.8,13.0,99930.0
2026-08-10,TWSE,1532,勤美,21.75,21.75,21.5,21.75,292604.0
2026-08-10,TWSE,1533,車王電,33.65,33.65,32.4,33.1,193304.0
2026-08-10,TWSE,1535,中宇,45.45,46.55,45.45,46.5,44612.0
2026-08-10,TWSE,1536,和大,51.7,52.5,51.3,51.6,1521804.0
2026-08-10,TWSE,1537,廣隆,127.0,127.5,126.5,127.0,89268.0
2026-08-10,TWSE,1538,正峰,,,,,962.0
2026-08-10,TWSE,1539,巨庭,16.15,16.35,16.1,16.35,82181.0
2026-08-10,TWSE,1540,喬福,20.0,20.0,19.75,19.75,218435.0
2026-08-10,TWSE,1541,錩泰,22.35,22.35,21.8,21.95,6170.0
2026-08-10,TWSE,1558,伸興,93.5,94.6,93.2,94.6,155960.0
2026-08-10,TWSE,1560,中砂,680.0,704.0,680.0,688.0,782733.0
2026-08-10,TWSE,1563,巧新,58.8,58.8,55.0,56.5,1875645.0
2026-08-10,TWSE,1568,倉佑,28.35,29.05,27.75,28.6,240008.0
2026-08-10,TWSE,1582,信錦,72.0,74.5,71.8,74.3,995933.0
2026-08-10,TWSE,1583,程泰,49.7,49.7,49.7,49.7,1030.0
2026-08-10,TWSE,1587,吉茂,24.7,24.7,24.1,24.3,172651.0
2026-08-10,TWSE,1590,亞德客-KY,1510.0,1590.0,1465.0,1570.0,1353535.0
2026-08-10,TWSE,1597,直得,143.0,151.0,140.0,149.0,3032058.0
2026-08-10,TWSE,1598,岱宇,20.45,20.45,20.15,20.35,117655.0
2026-08-10,TWSE,1603,華電,29.0,29.3,28.8,29.25,192208.0
2026-08-10,TWSE,1604,聲寶,23.35,23.35,23.1,23.2,105910.0
2026-08-10,TWSE,1605,華新,35.95,38.0,35.95,38.0,74196432.0
2026-08-10,TWSE,1608,華榮,35.0,36.15,34.7,35.75,9423837.0
2026-08-10,TWSE,1609,大亞,36.15,37.35,35.95,36.95,5349028.0
2026-08-10,TWSE,1611,中電,11.95,11.95,11.8,11.85,471197.0
2026-08-10,TWSE,1612,宏泰,33.05,33.7,32.85,32.95,2867801.0
2026-08-10,TWSE,1614,三洋電,30.7,30.85,30.65,30.85,115025.0
2026-08-10,TWSE,1615,大山,42.2,42.65,42.05,42.25,104861.0
2026-08-10,TWSE,1616,億泰,19.65,19.95,19.55,19.75,266680.0
2026-08-10,TWSE,1617,榮星,18.45,19.3,18.45,18.95,1182957.0
2026-08-10,TWSE,1618,合機,39.3,40.8,39.3,40.5,2266757.0
2026-08-10,TWSE,1623,大東電,209.0,211.0,206.0,210.0,72360.0
2026-08-10,TWSE,1626,艾美特-KY,9.59,9.69,9.56,9.66,46716.0
2026-08-10,TWSE,1702,南僑,33.65,33.65,33.2,33.35,85525.0
2026-08-10,TWSE,1707,葡萄王,89.6,90.4,88.5,90.3,247902.0
2026-08-10,TWSE,1708,東鹼,49.7,50.5,49.15,49.95,2761628.0
2026-08-10,TWSE,1709,和益,28.3,28.55,27.0,27.3,5150246.0
2026-08-10,TWSE,1710,東聯,14.05,14.6,13.95,14.5,5448132.0
2026-08-10,TWSE,1711,永光,35.8,38.05,35.0,38.05,2799648.0
2026-08-10,TWSE,1712,興農,39.45,39.45,38.95,39.35,968377.0
2026-08-10,TWSE,1713,國化,43.6,44.1,43.5,44.0,305667.0
2026-08-10,TWSE,1714,和桐,16.0,17.25,15.95,16.65,35835088.0
2026-08-10,TWSE,1717,長興,67.7,70.5,67.1,70.0,13570718.0
2026-08-10,TWSE,1718,中纖,10.0,10.4,9.94,10.25,30849271.0
2026-08-10,TWSE,1720,生達,57.6,57.6,56.1,56.7,515433.0
2026-08-10,TWSE,1721,三晃,19.9,20.85,19.9,20.3,671501.0
2026-08-10,TWSE,1722,台肥,45.75,46.15,45.4,46.1,2207391.0
2026-08-10,TWSE,1723,中碳,85.1,86.7,83.8,86.3,525610.0
2026-08-10,TWSE,1725,元禎,30.45,31.2,30.45,30.9,46361.0
2026-08-10,TWSE,1726,永記,76.8,77.5,76.8,77.3,32518.0
2026-08-10,TWSE,1727,中華化,73.4,77.0,73.4,76.5,1777456.0
2026-08-10,TWSE,1730,花仙子,51.2,51.5,51.2,51.4,44926.0
2026-08-10,TWSE,1731,美吾華,21.4,21.4,21.0,21.15,265269.0
2026-08-10,TWSE,1732,毛寶,27.3,27.3,26.65,26.8,308678.0
2026-08-10,TWSE,1733,五鼎,31.9,31.9,29.6,30.85,441677.0
2026-08-10,TWSE,1734,杏輝,31.8,32.0,31.65,31.9,216064.0
2026-08-10,TWSE,1735,日勝化,20.5,20.75,20.35,20.5,50594.0
2026-08-10,TWSE,1736,喬山,137.0,141.0,134.0,139.5,2134585.0
2026-08-10,TWSE,1737,臺鹽,31.9,32.0,31.9,31.9,99884.0
2026-08-10,TWSE,1752,南光,32.0,32.0,31.8,31.9,58661.0
2026-08-10,TWSE,1760,寶齡富錦,59.1,59.9,58.8,59.3,140360.0
2026-08-10,TWSE,1762,中化生,36.0,37.15,35.8,36.6,712912.0
2026-08-10,TWSE,1773,勝一,158.5,163.5,158.5,162.0,568988.0
2026-08-10,TWSE,1776,展宇,17.1,17.1,16.95,17.0,75161.0
2026-08-10,TWSE,1783,和康生,40.35,41.3,40.35,41.3,104306.0
2026-08-10,TWSE,1786,科妍,50.4,52.2,49.85,51.8,278811.0
2026-08-10,TWSE,1789,神隆,18.7,18.85,18.35,18.8,660996.0
2026-08-10,TWSE,1795,美時,189.0,194.0,188.0,193.5,1579348.0
2026-08-10,TWSE,1802,台玻,54.3,56.5,54.0,54.7,25394408.0
2026-08-10,TWSE,1805,寶徠,9.98,9.99,9.9,9.99,19925.0
2026-08-10,TWSE,1806,冠軍,8.04,8.05,7.99,8.04,74050.0
2026-08-10,TWSE,1808,潤隆,32.95,33.5,32.5,33.35,1795207.0
2026-08-10,TWSE,1809,中釉,37.55,41.0,37.55,41.0,3205697.0
2026-08-10,TWSE,1810,和成,24.75,25.0,24.45,24.65,4206020.0
2026-08-10,TWSE,1817,凱撒衛,38.3,38.4,38.2,38.4,30483.0
2026-08-10,TWSE,1903,士紙,47.75,47.75,46.9,47.2,74575.0
2026-08-10,TWSE,1904,正隆,23.3,24.25,23.3,24.2,6971352.0
2026-08-10,TWSE,1905,華紙,13.3,13.55,13.25,13.45,1714619.0
2026-08-10,TWSE,1906,寶隆,11.1,11.15,10.95,11.05,91517.0
2026-08-10,TWSE,1907,永豐餘,31.3,31.3,30.65,30.85,1969210.0
2026-08-10,TWSE,1909,榮成,10.0,10.2,9.97,10.15,3065633.0
2026-08-10,TWSE,2002,中鋼,19.25,19.65,19.15,19.65,115957493.0
2026-08-10,TWSE,2006,東和鋼鐵,88.6,89.2,85.3,85.9,3234983.0
2026-08-10,TWSE,2007,燁興,7.12,7.18,7.1,7.17,324486.0
2026-08-10,TWSE,2008,高興昌,30.55,31.35,30.55,31.3,9305.0
2026-08-10,TWSE,2009,第一銅,40.2,40.75,39.4,39.65,2466603.0
2026-08-10,TWSE,2010,春源,23.15,23.4,22.85,23.4,3950177.0
2026-08-10,TWSE,2012,春雨,15.45,15.45,15.1,15.25,17094.0
2026-08-10,TWSE,2013,中鋼構,41.6,41.6,41.2,41.35,152025.0
2026-08-10,TWSE,2014,中鴻,17.65,18.1,17.4,17.95,6580325.0
2026-08-10,TWSE,2015,豐興,66.5,66.5,65.5,65.9,166286.0
2026-08-10,TWSE,2017,官田鋼,9.01,9.19,8.96,9.12,528118.0
2026-08-10,TWSE,2020,美亞,21.7,21.75,21.4,21.75,420125.0
2026-08-10,TWSE,2022,聚亨,7.75,7.92,7.65,7.91,894263.0
2026-08-10,TWSE,2023,燁輝,13.9,13.9,13.7,13.9,714632.0
2026-08-10,TWSE,2024,志聯,13.8,13.9,13.8,13.8,5249.0
2026-08-10,TWSE,2025,千興,12.45,12.95,12.45,12.85,803009.0
2026-08-10,TWSE,2027,大成鋼,47.45,47.8,46.75,47.3,18613189.0
2026-08-10,TWSE,2028,威致,15.4,15.75,15.4,15.75,136702.0
2026-08-10,TWSE,2029,盛餘,20.85,21.2,20.85,21.2,615527.0
2026-08-10,TWSE,2030,彰源,20.45,20.45,20.15,20.45,8910591.0
2026-08-10,TWSE,2031,新光鋼,45.7,47.0,44.2,46.5,7450460.0
2026-08-10,TWSE,2032,新鋼,17.1,17.95,17.1,17.85,2049299.0
2026-08-10,TWSE,2033,佳大,17.0,18.7,17.0,18.7,1726238.0
2026-08-10,TWSE,2034,允強,20.05,20.35,19.55,20.35,2792953.0
2026-08-10,TWSE,2038,海光,12.9,13.3,12.9,13.15,807734.0
2026-08-10,TWSE,2049,上銀,381.0,389.0,365.0,387.0,9126898.0
2026-08-10,TWSE,2059,川湖,12220.0,12220.0,11590.0,11905.0,1016839.0
2026-08-10,TWSE,2062,橋椿,18.85,18.85,18.6,18.75,174807.0
2026-08-10,TWSE,2069,運錩,19.8,20.3,19.8,19.95,531057.0
2026-08-10,TWSE,2072,世紀風電,155.0,155.5,152.0,154.0,339161.0
2026-08-10,TWSE,2101,南港,35.0,35.0,33.6,34.3,3406091.0
2026-08-10,TWSE,2102,泰豐,18.65,18.75,18.5,18.65,188624.0
2026-08-10,TWSE,2103,台橡,27.3,27.5,26.8,27.5,24706261.0
2026-08-10,TWSE,2104,國際中橡,10.2,10.6,10.2,10.45,7673983.0
2026-08-10,TWSE,2105,正新,31.75,31.75,31.05,31.7,4313407.0
2026-08-10,TWSE,2106,建大,18.25,18.4,18.05,18.35,1098672.0
2026-08-10,TWSE,2107,厚生,25.7,25.7,25.4,25.45,72588.0
2026-08-10,TWSE,2108,南帝,29.2,30.0,28.4,29.85,2325686.0
2026-08-10,TWSE,2109,華豐,14.45,14.6,14.4,14.6,101810.0
2026-08-10,TWSE,2114,鑫永銓,87.8,88.0,87.7,88.0,22446.0
2026-08-10,TWSE,2115,六暉-KY,22.85,22.85,22.5,22.85,79910.0
2026-08-10,TWSE,2201,裕隆,27.55,27.6,27.25,27.55,1415938.0
2026-08-10,TWSE,2204,中華,50.8,51.8,50.8,51.8,1294221.0
2026-08-10,TWSE,2206,三陽工業,62.2,62.9,61.6,62.7,518768.0
2026-08-10,TWSE,2207,和泰車,524.0,524.0,514.0,514.0,169612.0
2026-08-10,TWSE,2208,台船,19.05,19.2,18.9,19.0,1544412.0
2026-08-10,TWSE,2211,長榮鋼,88.2,88.2,87.2,88.0,305607.0
2026-08-10,TWSE,2227,裕日車,49.2,49.75,49.05,49.05,47683.0
2026-08-10,TWSE,2228,劍麟,76.5,76.5,74.8,75.2,222429.0
2026-08-10,TWSE,2231,為升,98.8,99.3,97.4,99.0,219430.0
2026-08-10,TWSE,2233,宇隆,201.0,207.5,201.0,204.5,561747.0
2026-08-10,TWSE,2236,百達-KY,137.5,140.5,131.0,137.0,928869.0
2026-08-10,TWSE,2237,華德動能-創,26.65,27.6,26.35,27.0,1195176.0
2026-08-10,TWSE,2239,英利-KY,19.5,19.75,19.2,19.5,58418.0
2026-08-10,TWSE,2241,艾姆勒,32.7,33.1,31.85,32.6,552551.0
2026-08-10,TWSE,2243,宏旭-KY,40.05,41.7,39.7,40.6,204248.0
2026-08-10,TWSE,2247,汎德永業,229.0,230.5,228.0,229.5,16543.0
2026-08-10,TWSE,2248,華勝-KY,58.7,62.0,58.6,62.0,125385.0
2026-08-10,TWSE,2250,IKKA-KY,59.6,61.0,59.5,60.2,55144.0
2026-08-10,TWSE,2254,巨鎧精密-創,61.2,61.2,60.3,60.7,4003.0
2026-08-10,TWSE,2258,鴻華先進-創,29.85,30.45,29.55,30.2,333827.0
2026-08-10,TWSE,2301,光寶科,256.5,271.5,255.0,271.5,26110081.0
2026-08-10,TWSE,2302,麗正,43.1,44.5,42.5,42.5,2717766.0
2026-08-10,TWSE,2303,聯電,117.0,123.5,117.0,123.0,175668376.0
2026-08-10,TWSE,2305,全友,28.5,29.15,27.4,29.05,8522216.0
2026-08-10,TWSE,2308,台達電,1695.0,1815.0,1690.0,1815.0,10318139.0
2026-08-10,TWSE,2312,金寶,32.0,33.05,31.8,32.5,13477175.0
2026-08-10,TWSE,2313,華通,212.5,215.5,205.5,215.0,33993431.0
2026-08-10,TWSE,2314,台揚,12.8,12.8,12.0,12.05,61138.0
2026-08-10,TWSE,2316,楠梓電,162.0,166.5,161.0,163.5,2036652.0
2026-08-10,TWSE,2317,鴻海,262.5,266.5,262.0,264.5,34854398.0
2026-08-10,TWSE,2321,東訊,,,,,56.0
2026-08-10,TWSE,2323,中環,10.35,10.4,10.15,10.25,6229011.0
2026-08-10,TWSE,2324,仁寶,36.75,36.85,35.85,36.3,29167345.0
2026-08-10,TWSE,2327,國巨*,558.0,578.0,557.0,573.0,36354305.0
2026-08-10,TWSE,2328,廣宇,45.45,47.1,45.4,47.05,3203581.0
2026-08-10,TWSE,2329,華泰,44.65,45.2,44.45,44.85,2144124.0
2026-08-10,TWSE,2330,台積電,2390.0,2410.0,2380.0,2380.0,21498241.0
2026-08-10,TWSE,2331,精英,20.05,20.1,19.7,19.95,1287827.0
2026-08-10,TWSE,2332,友訊,22.15,23.8,22.15,23.6,40251036.0
2026-08-10,TWSE,2337,旺宏,124.0,133.5,123.0,133.5,134956954.0
2026-08-10,TWSE,2338,光罩,40.0,40.6,39.2,40.1,1058057.0
2026-08-10,TWSE,2340,台亞,31.6,32.7,30.5,31.9,4830350.0
2026-08-10,TWSE,2342,茂矽,36.95,37.45,36.55,37.1,1595164.0
2026-08-10,TWSE,2344,華邦電,169.0,179.5,168.5,179.5,154758322.0
2026-08-10,TWSE,2345,智邦,2255.0,2280.0,2135.0,2165.0,2810982.0
2026-08-10,TWSE,2347,聯強,93.4,93.7,91.2,91.9,3323865.0
2026-08-10,TWSE,2348,海悅,71.4,72.2,70.2,71.1,702915.0
2026-08-10,TWSE,2349,錸德,11.0,11.15,10.95,11.1,1587471.0
2026-08-10,TWSE,2351,順德,173.5,174.5,163.5,168.5,2952321.0
2026-08-10,TWSE,2352,佳世達,28.75,30.0,28.65,29.6,10565901.0
2026-08-10,TWSE,2353,宏碁,30.3,31.0,30.0,31.0,20786468.0
2026-08-10,TWSE,2354,鴻準,62.4,65.2,61.8,63.1,37584609.0
2026-08-10,TWSE,2355,敬鵬,40.9,42.1,40.9,42.05,2829003.0
2026-08-10,TWSE,2356,英業達,64.5,66.0,64.4,66.0,18619643.0
2026-08-10,TWSE,2357,華碩,820.0,822.0,808.0,818.0,2749914.0
2026-08-10,TWSE,2359,所羅門,145.0,157.5,142.0,153.5,16270839.0
2026-08-10,TWSE,2360,致茂,1980.0,2115.0,1980.0,2030.0,1587806.0
2026-08-10,TWSE,2362,藍天,49.05,49.2,46.0,46.8,6118894.0
2026-08-10,TWSE,2363,矽統,54.6,54.8,53.6,54.0,5470781.0
2026-08-10,TWSE,2364,倫飛,74.4,76.5,73.3,76.1,726487.0
2026-08-10,TWSE,2365,昆盈,30.8,31.3,30.35,31.25,1083156.0
2026-08-10,TWSE,2367,燿華,42.0,44.85,42.0,44.25,10974547.0
2026-08-10,TWSE,2368,金像電,985.0,1000.0,910.0,926.0,18011976.0
2026-08-10,TWSE,2369,菱生,33.9,34.2,33.5,33.6,5733304.0
2026-08-10,TWSE,2371,大同,26.1,27.35,25.95,26.8,8792500.0
2026-08-10,TWSE,2373,震旦行,53.8,53.8,53.4,53.4,11770.0
2026-08-10,TWSE,2374,佳能,70.6,72.8,69.7,72.4,4334880.0
2026-08-10,TWSE,2375,凱美,121.0,124.5,119.0,124.0,3563167.0
2026-08-10,TWSE,2376,技嘉,345.5,352.0,343.0,349.5,6544561.0
2026-08-10,TWSE,2377,微星,154.5,156.5,154.0,155.0,11401148.0
2026-08-10,TWSE,2379,瑞昱,752.0,764.0,746.0,758.0,2612784.0
2026-08-10,TWSE,2380,虹光,18.95,19.1,18.9,19.1,63078.0
2026-08-10,TWSE,2382,廣達,301.0,313.5,300.0,313.5,22764127.0
2026-08-10,TWSE,2383,台光電,5330.0,5510.0,5230.0,5290.0,1972845.0
2026-08-10,TWSE,2385,群光,101.5,103.5,101.0,103.0,2835646.0
2026-08-10,TWSE,2387,精元,37.9,38.0,37.3,37.55,891058.0
2026-08-10,TWSE,2388,威盛,78.8,83.0,77.7,80.7,5207528.0
2026-08-10,TWSE,2390,云辰,10.6,10.65,10.55,10.6,447850.0
2026-08-10,TWSE,2392,正崴,36.95,38.3,36.9,37.95,1072939.0
2026-08-10,TWSE,2393,億光,61.1,63.4,60.9,62.4,2392147.0
2026-08-10,TWSE,2395,研華,648.0,695.0,648.0,667.0,7375844.0
2026-08-10,TWSE,2397,友通,67.0,68.0,65.1,68.0,2548325.0
2026-08-10,TWSE,2399,映泰,42.9,43.95,42.25,43.65,9680998.0
2026-08-10,TWSE,2401,凌陽,27.7,27.95,27.35,27.95,2235059.0
2026-08-10,TWSE,2402,毅嘉,55.0,56.2,54.7,55.5,1363071.0
2026-08-10,TWSE,2404,漢唐,1150.0,1180.0,1135.0,1150.0,1179125.0
2026-08-10,TWSE,2405,輔信,16.5,16.5,16.3,16.35,993228.0
2026-08-10,TWSE,2406,國碩,31.7,32.25,31.55,31.95,3442113.0
2026-08-10,TWSE,2408,南亞科,473.0,502.0,473.0,502.0,102644584.0
2026-08-10,TWSE,2409,友達,25.6,27.0,25.35,27.0,216206480.0
2026-08-10,TWSE,2412,中華電,137.5,137.5,136.0,136.5,9542858.0
2026-08-10,TWSE,2413,環科,41.7,44.85,41.7,44.85,1971629.0
2026-08-10,TWSE,2414,精技,55.1,57.4,55.0,56.7,507042.0
2026-08-10,TWSE,2415,錩新,31.7,31.7,31.0,31.0,183583.0
2026-08-10,TWSE,2417,圓剛,43.5,45.4,41.8,44.55,1840255.0
2026-08-10,TWSE,2419,仲琦,24.4,24.95,24.4,24.95,401156.0
2026-08-10,TWSE,2420,新巨,55.8,56.8,55.8,56.5,486875.0
2026-08-10,TWSE,2421,建準,154.0,157.5,148.5,149.5,4898632.0
2026-08-10,TWSE,2423,固緯,76.3,76.9,72.4,72.5,385769.0
2026-08-10,TWSE,2424,隴華,8.63,9.26,8.17,8.71,21253.0
2026-08-10,TWSE,2425,承啟,51.8,51.8,49.25,49.55,12290844.0
2026-08-10,TWSE,2426,鼎元,69.0,69.3,66.2,67.6,22368989.0
2026-08-10,TWSE,2427,三商電,21.9,22.0,21.7,21.9,299908.0
2026-08-10,TWSE,2428,興勤,229.0,231.5,228.5,229.0,351146.0
2026-08-10,TWSE,2429,銘旺科,30.85,31.95,30.7,31.4,231300.0
2026-08-10,TWSE,2430,燦坤,17.3,17.3,17.1,17.25,50488.0
2026-08-10,TWSE,2431,聯昌,10.5,10.5,10.0,10.2,567842.0
2026-08-10,TWSE,2432,倚天酷碁-創,28.2,28.3,28.0,28.3,43106.0
2026-08-10,TWSE,2433,互盛電,41.9,42.0,41.8,41.9,29982.0
2026-08-10,TWSE,2434,統懋,52.8,55.1,52.6,52.9,541737.0
2026-08-10,TWSE,2436,偉詮電,64.9,67.5,64.8,67.4,10797573.0
2026-08-10,TWSE,2438,翔耀,17.35,18.0,17.3,17.5,44435.0
2026-08-10,TWSE,2439,美律,80.8,82.6,80.8,82.3,1901084.0
2026-08-10,TWSE,2440,太空梭,15.25,15.85,15.2,15.85,291206.0
2026-08-10,TWSE,2441,超豐,121.0,129.0,121.0,129.0,11495066.0
2026-08-10,TWSE,2442,新美齊,19.5,19.65,19.3,19.65,1468504.0
2026-08-10,TWSE,2444,兆勁,11.0,11.5,10.95,11.4,386135.0
2026-08-10,TWSE,2449,京元電子,242.0,253.5,237.0,248.5,35251334.0
2026-08-10,TWSE,2450,神腦,28.35,28.45,28.3,28.35,98384.0
2026-08-10,TWSE,2451,創見,297.0,300.0,292.0,295.5,6233448.0
2026-08-10,TWSE,2453,凌群,53.2,53.2,52.5,52.6,204759.0
2026-08-10,TWSE,2454,聯發科,3920.0,3995.0,3915.0,3960.0,5872851.0
2026-08-10,TWSE,2455,全新,382.0,392.0,376.0,384.5,5128734.0
2026-08-10,TWSE,2457,飛宏,23.1,23.75,23.1,23.55,1053539.0
2026-08-10,TWSE,2458,義隆,142.0,146.0,141.5,145.5,3547311.0
2026-08-10,TWSE,2459,敦吉,65.8,66.7,65.8,66.1,183698.0
2026-08-10,TWSE,2460,建通,30.85,31.8,30.6,31.8,494828.0
2026-08-10,TWSE,2461,光群雷,17.4,17.6,17.15,17.5,586369.0
2026-08-10,TWSE,2462,良得電,19.6,19.6,19.15,19.5,248119.0
2026-08-10,TWSE,2464,盟立,175.0,186.0,173.5,180.0,16706927.0
2026-08-10,TWSE,2465,麗臺,90.0,93.6,87.7,93.6,7060430.0
2026-08-10,TWSE,2466,冠西電,91.4,99.5,89.9,97.1,1890610.0
2026-08-10,TWSE,2467,志聖,521.0,550.0,521.0,550.0,1532465.0
2026-08-10,TWSE,2468,華經,34.4,35.3,34.1,34.95,336762.0
2026-08-10,TWSE,2471,資通,48.7,49.6,48.7,49.5,216363.0
2026-08-10,TWSE,2472,立隆電,234.0,241.5,234.0,240.5,2344173.0
2026-08-10,TWSE,2474,可成,201.5,205.0,198.0,201.0,8367334.0
2026-08-10,TWSE,2476,鉅祥,128.5,128.5,124.5,126.0,1948850.0
2026-08-10,TWSE,2477,美隆電,22.35,22.4,22.05,22.05,187047.0
2026-08-10,TWSE,2478,大毅,117.5,124.0,117.5,122.0,4025012.0
2026-08-10,TWSE,2480,敦陽科,157.0,157.0,153.5,154.5,126264.0
2026-08-10,TWSE,2481,強茂,136.0,141.5,135.5,137.5,11814605.0
2026-08-10,TWSE,2482,連宇,16.25,16.45,16.15,16.15,170979.0
2026-08-10,TWSE,2483,百容,35.8,36.85,35.55,35.85,1335679.0
2026-08-10,TWSE,2484,希華,75.8,78.4,72.8,74.3,27411397.0
2026-08-10,TWSE,2485,兆赫,41.5,44.55,41.5,44.0,9227528.0
2026-08-10,TWSE,2486,一詮,247.0,249.5,230.0,233.0,11372394.0
2026-08-10,TWSE,2488,漢平,49.5,49.7,49.0,49.65,648462.0
2026-08-10,TWSE,2489,瑞軒,31.9,33.7,31.75,33.4,15376279.0
2026-08-10,TWSE,2491,吉祥全,34.9,34.9,34.9,34.9,303552.0
2026-08-10,TWSE,2492,華新科,255.0,273.5,255.0,273.5,27531473.0
2026-08-10,TWSE,2493,揚博,214.0,231.5,214.0,218.0,3508605.0
2026-08-10,TWSE,2495,普安,37.7,39.0,37.45,39.0,1751440.0
2026-08-10,TWSE,2496,卓越,59.3,59.5,59.2,59.4,25988.0
2026-08-10,TWSE,2497,怡利電,47.9,48.4,47.5,48.25,270577.0
2026-08-10,TWSE,2498,宏達電,40.2,41.4,40.0,40.7,3908152.0
2026-08-10,TWSE,2501,國建,22.2,22.2,21.9,22.2,1895123.0
2026-08-10,TWSE,2504,國產,30.9,30.95,30.45,30.95,1232464.0
2026-08-10,TWSE,2505,國揚,18.15,18.2,18.0,18.1,152927.0
2026-08-10,TWSE,2506,太設,8.67,8.67,8.6,8.63,48593.0
2026-08-10,TWSE,2509,全坤建,13.5,13.9,13.4,13.65,327808.0
2026-08-10,TWSE,2511,太子,8.35,8.36,8.32,8.35,856888.0
2026-08-10,TWSE,2514,龍邦,12.35,12.35,12.15,12.25,82667.0
2026-08-10,TWSE,2515,中工,12.0,12.1,11.9,11.95,9168721.0
2026-08-10,TWSE,2516,新建,14.25,14.25,14.05,14.1,134379.0
2026-08-10,TWSE,2520,冠德,33.3,35.25,33.3,34.85,3265998.0
2026-08-10,TWSE,2524,京城,34.4,34.4,34.15,34.25,35361.0
2026-08-10,TWSE,2527,宏璟,47.0,47.85,46.55,47.6,1113356.0
2026-08-10,TWSE,2528,皇普,20.6,21.1,20.05,20.75,323800.0
2026-08-10,TWSE,2530,華建,19.45,19.5,19.2,19.4,596461.0
2026-08-10,TWSE,2534,宏盛,17.15,17.2,17.0,17.15,245407.0
2026-08-10,TWSE,2535,達欣工,90.1,90.8,88.4,90.5,382577.0
2026-08-10,TWSE,2536,宏普,19.4,20.3,19.4,20.3,2309926.0
2026-08-10,TWSE,2537,聯上發,11.05,11.1,10.9,11.0,862829.0
2026-08-10,TWSE,2538,基泰,9.21,9.24,9.13,9.17,339072.0
2026-08-10,TWSE,2539,櫻花建,43.75,43.75,42.65,42.85,1108813.0
2026-08-10,TWSE,2540,愛山林,48.7,48.7,44.8,45.2,4626474.0
2026-08-10,TWSE,2542,興富發,44.05,44.45,43.85,44.35,3422346.0
2026-08-10,TWSE,2543,皇昌,39.4,39.6,38.35,38.9,1032724.0
2026-08-10,TWSE,2545,皇翔,32.6,33.15,32.15,33.15,393769.0
2026-08-10,TWSE,2546,根基,90.4,92.6,89.5,92.6,329976.0
2026-08-10,TWSE,2547,日勝生,10.7,10.75,10.6,10.75,2075973.0
2026-08-10,TWSE,2548,華固,94.5,94.5,93.6,93.8,1483448.0
2026-08-10,TWSE,2597,潤弘,166.5,168.0,166.0,168.0,206183.0
2026-08-10,TWSE,2601,益航,6.25,6.34,6.17,6.32,1479643.0
2026-08-10,TWSE,2603,長榮,208.5,215.0,208.0,214.0,14637029.0
2026-08-10,TWSE,2605,新興,32.75,33.6,32.55,33.1,6640392.0
2026-08-10,TWSE,2606,裕民,66.7,67.2,65.8,66.8,3574771.0
2026-08-10,TWSE,2607,榮運,48.0,48.75,47.85,48.5,553037.0
2026-08-10,TWSE,2608,嘉里大榮,28.7,28.95,28.55,28.6,221822.0
2026-08-10,TWSE,2609,陽明,50.8,51.8,50.5,51.6,23675162.0
2026-08-10,TWSE,2610,華航,21.4,21.4,20.3,20.45,126311168.0
2026-08-10,TWSE,2611,志信,13.95,14.25,13.9,14.25,277660.0
2026-08-10,TWSE,2612,中航,54.7,55.5,54.7,55.0,283346.0
2026-08-10,TWSE,2613,中櫃,20.2,20.65,20.2,20.5,141415.0
2026-08-10,TWSE,2614,東森,18.1,18.25,18.0,18.2,293404.0
2026-08-10,TWSE,2615,萬海,86.2,88.4,86.1,87.5,18174178.0
2026-08-10,TWSE,2616,山隆,13.3,13.45,13.25,13.4,112301.0
2026-08-10,TWSE,2617,台航,29.0,29.3,28.55,29.3,823562.0
2026-08-10,TWSE,2618,長榮航,43.0,43.0,41.5,42.65,40365369.0
2026-08-10,TWSE,2630,亞航,48.3,48.85,48.05,48.3,935377.0
2026-08-10,TWSE,2633,台灣高鐵,26.0,26.0,25.65,25.9,4578860.0
2026-08-10,TWSE,2634,漢翔,61.7,62.0,60.8,61.0,11999700.0
2026-08-10,TWSE,2636,台驊控股,65.7,65.8,65.4,65.8,220742.0
2026-08-10,TWSE,2637,慧洋-KY,88.3,88.7,87.2,88.1,2143215.0
2026-08-10,TWSE,2642,宅配通,20.25,20.35,20.15,20.35,24026.0
2026-08-10,TWSE,2645,長榮航太,190.0,192.0,188.0,189.5,1321286.0
2026-08-10,TWSE,2646,星宇航空,21.15,21.15,20.55,20.75,11937552.0
2026-08-10,TWSE,2701,萬企,10.6,10.65,10.6,10.6,51066.0
2026-08-10,TWSE,2702,華園,12.35,12.5,12.3,12.45,35036.0
2026-08-10,TWSE,2704,國賓,46.95,47.1,46.05,46.25,79047.0
2026-08-10,TWSE,2705,六福,16.1,16.2,16.1,16.2,18624.0
2026-08-10,TWSE,2706,第一店,12.45,12.5,12.4,12.5,75274.0
2026-08-10,TWSE,2707,晶華,181.0,181.0,179.5,180.0,126990.0
2026-08-10,TWSE,2712,遠雄來,14.8,14.95,14.8,14.95,3280.0
2026-08-10,TWSE,2722,夏都,21.9,22.5,21.75,22.0,19955.0
2026-08-10,TWSE,2723,美食-KY,62.5,62.9,61.9,62.9,107925.0
2026-08-10,TWSE,2727,王品,238.0,244.0,234.5,241.5,1213188.0
2026-08-10,TWSE,2731,雄獅,146.5,146.5,144.5,145.5,312697.0
2026-08-10,TWSE,2739,寒舍,34.5,34.8,34.2,34.4,36101.0
2026-08-10,TWSE,2748,雲品,38.2,38.5,38.15,38.5,68994.0
2026-08-10,TWSE,2753,八方雲集,182.5,185.0,181.5,184.5,344423.0
2026-08-10,TWSE,2762,世界健身-KY,84.1,85.4,82.7,84.8,79088.0
2026-08-10,TWSE,2801,彰銀,23.2,23.3,23.0,23.2,15481308.0
2026-08-10,TWSE,2812,台中銀,18.7,18.75,18.4,18.7,14204737.0
2026-08-10,TWSE,2816,旺旺保,34.3,34.35,33.8,33.8,269300.0
2026-08-10,TWSE,2820,華票,16.45,16.45,16.25,16.35,1928062.0
2026-08-10,TWSE,2832,台產,59.0,59.1,58.4,58.5,68527.0
2026-08-10,TWSE,2834,臺企銀,16.7,16.7,16.4,16.5,27113817.0
2026-08-10,TWSE,2836,高雄銀,11.95,11.95,11.8,11.9,1750977.0
2026-08-10,TWSE,2838,聯邦銀,20.55,20.55,20.05,20.15,3220990.0
2026-08-10,TWSE,2845,遠東銀,13.25,13.25,13.1,13.15,6645957.0
2026-08-10,TWSE,2849,安泰銀,14.6,14.7,14.55,14.7,32460.0
2026-08-10,TWSE,2850,新產,165.0,165.0,161.0,161.5,163220.0
2026-08-10,TWSE,2851,中再保,35.65,36.05,35.05,36.0,1312222.0
2026-08-10,TWSE,2852,第一保,26.8,26.9,26.75,26.9,91338.0
2026-08-10,TWSE,2855,統一證,44.5,46.1,44.05,45.85,5237431.0
2026-08-10,TWSE,2867,三商壽,9.8,9.8,9.56,9.7,12259889.0
2026-08-10,TWSE,2880,華南金,44.7,44.85,43.35,44.0,25602739.0
2026-08-10,TWSE,2881,富邦金,128.0,129.0,125.5,128.5,10410703.0
2026-08-10,TWSE,2882,國泰金,100.0,101.0,98.0,101.0,14336276.0
2026-08-10,TWSE,2883,凱基金,31.0,31.05,30.35,31.05,30373456.0
2026-08-10,TWSE,2884,玉山金,38.15,38.2,37.25,37.8,26421693.0
2026-08-10,TWSE,2885,元大金,68.6,69.0,67.8,68.2,20144057.0
2026-08-10,TWSE,2886,兆豐金,51.9,51.9,50.2,51.0,23274176.0
2026-08-10,TWSE,2887,台新新光金,35.4,35.9,34.65,35.9,36103481.0
2026-08-10,TWSE,2889,國票金,15.35,15.4,15.2,15.35,3709124.0
2026-08-10,TWSE,2890,永豐金,38.9,39.0,38.45,38.9,10456774.0
2026-08-10,TWSE,2891,中信金,65.8,66.5,64.9,66.5,22731119.0
2026-08-10,TWSE,2892,第一金,35.7,35.7,34.9,34.95,51369106.0
2026-08-10,TWSE,2897,王道銀行,10.2,10.2,10.05,10.15,2571777.0
2026-08-10,TWSE,2901,欣欣,23.9,23.9,23.9,23.9,3216.0
2026-08-10,TWSE,2903,遠百,22.05,22.1,21.9,22.05,584791.0
2026-08-10,TWSE,2904,匯僑,12.9,13.1,12.9,13.05,27713.0
2026-08-10,TWSE,2905,三商,16.5,16.55,16.3,16.5,641490.0
2026-08-10,TWSE,2906,高林,13.25,13.55,13.25,13.5,125762.0
2026-08-10,TWSE,2908,特力,21.5,21.8,21.45,21.8,104988.0
2026-08-10,TWSE,2910,統領,26.1,26.1,24.55,24.55,11606.0
2026-08-10,TWSE,2911,麗嬰房,7.25,7.25,7.01,7.09,194099.0
2026-08-10,TWSE,2912,統一超,222.0,222.0,219.0,219.5,1519795.0
2026-08-10,TWSE,2913,農林,11.0,11.05,10.95,11.05,1241617.0
2026-08-10,TWSE,2915,潤泰全,52.4,53.4,52.2,53.4,2960708.0
2026-08-10,TWSE,2923,鼎固-KY,27.0,27.8,27.0,27.55,63168.0
2026-08-10,TWSE,2929,淘帝-KY,5.52,5.52,5.47,5.49,117892.0
2026-08-10,TWSE,2939,永邑-KY,20.75,20.75,19.3,19.6,118000.0
2026-08-10,TWSE,2945,三商家購,40.95,41.1,40.5,40.5,42282.0
2026-08-10,TWSE,3002,歐格,17.0,17.4,16.8,16.9,204557.0
2026-08-10,TWSE,3003,健和興,64.5,68.7,64.5,68.7,4772263.0
2026-08-10,TWSE,3004,豐達科,125.5,127.0,124.5,126.5,260800.0
2026-08-10,TWSE,3005,神基,114.0,115.0,112.0,114.5,3515172.0
2026-08-10,TWSE,3006,晶豪科,275.5,281.5,265.0,275.5,23057646.0
2026-08-10,TWSE,3008,大立光,4480.0,4565.0,4345.0,4400.0,1949566.0
2026-08-10,TWSE,3010,華立,121.5,124.0,120.5,122.5,633061.0
2026-08-10,TWSE,3011,今皓,11.6,11.75,11.4,11.45,635509.0
2026-08-10,TWSE,3013,晟銘電,85.5,87.4,85.0,87.2,1020452.0
2026-08-10,TWSE,3014,聯陽,135.5,137.0,134.5,136.5,2530542.0
2026-08-10,TWSE,3015,全漢,55.9,59.3,55.0,58.7,1209384.0
2026-08-10,TWSE,3016,嘉晶,100.5,107.5,99.0,107.0,5797696.0
2026-08-10,TWSE,3017,奇鋐,2865.0,2890.0,2755.0,2765.0,3326767.0
2026-08-10,TWSE,3018,隆銘綠能,14.25,14.25,13.85,14.0,94156.0
2026-08-10,TWSE,3019,亞光,132.0,135.0,130.5,134.5,2345953.0
2026-08-10,TWSE,3021,鴻名,20.85,21.15,20.85,21.0,89949.0
2026-08-10,TWSE,3022,威強電,105.0,113.0,102.0,113.0,8598306.0
2026-08-10,TWSE,3023,信邦,313.0,315.0,306.5,314.5,1646314.0
2026-08-10,TWSE,3024,憶聲,12.7,13.1,12.7,13.1,878428.0
2026-08-10,TWSE,3025,星通,53.7,55.0,53.7,54.8,159537.0
2026-08-10,TWSE,3026,禾伸堂,555.0,588.0,551.0,588.0,1250697.0
2026-08-10,TWSE,3027,盛達,18.7,18.75,18.55,18.6,160519.0
2026-08-10,TWSE,3028,增你強,68.5,69.4,67.8,68.5,2027911.0
2026-08-10,TWSE,3029,零壹,112.0,112.5,108.5,109.0,1175558.0
2026-08-10,TWSE,3030,德律,295.0,302.5,293.0,296.5,1071143.0
2026-08-10,TWSE,3031,佰鴻,23.2,23.3,22.9,23.3,576867.0
2026-08-10,TWSE,3032,偉訓,83.0,83.0,81.1,81.3,456150.0
2026-08-10,TWSE,3033,威健,47.7,49.85,47.6,49.35,7850970.0
2026-08-10,TWSE,3034,聯詠,546.0,557.0,541.0,544.0,3004623.0
2026-08-10,TWSE,3035,智原,173.0,180.5,171.0,178.0,6269806.0
2026-08-10,TWSE,3036,文曄,213.5,230.5,213.5,229.0,20379407.0
2026-08-10,TWSE,3037,欣興,979.0,995.0,976.0,992.0,7464140.0
2026-08-10,TWSE,3038,全台,20.9,20.9,20.65,20.7,118832.0
2026-08-10,TWSE,3040,遠見,37.5,38.45,37.5,37.95,83573.0
2026-08-10,TWSE,3041,揚智,23.05,24.7,22.7,24.55,1450593.0
2026-08-10,TWSE,3042,晶技,181.5,184.0,173.5,180.5,14146914.0
2026-08-10,TWSE,3043,科風,20.2,20.8,20.2,20.6,85052.0
2026-08-10,TWSE,3044,健鼎,396.5,410.5,396.5,401.5,2116540.0
2026-08-10,TWSE,3045,台灣大,111.5,111.5,109.5,110.5,9703119.0
2026-08-10,TWSE,3046,建碁,57.7,60.0,57.1,59.1,1053700.0
2026-08-10,TWSE,3047,訊舟,14.3,14.6,14.3,14.6,578920.0
2026-08-10,TWSE,3048,益登,58.5,59.4,57.1,57.3,3389440.0
2026-08-10,TWSE,3049,精金,10.9,11.2,10.75,11.0,2315302.0
2026-08-10,TWSE,3050,鈺德,11.3,11.35,11.15,11.35,593497.0
2026-08-10,TWSE,3051,力特,23.0,23.75,22.8,23.3,1008336.0
2026-08-10,TWSE,3052,夆典,10.7,10.75,10.7,10.7,137059.0
2026-08-10,TWSE,3054,立萬利,50.3,50.3,47.25,48.35,152451.0
2026-08-10,TWSE,3055,蔚華科,105.5,113.5,104.0,113.5,1128644.0
2026-08-10,TWSE,3056,富華新,14.15,14.3,14.05,14.25,672543.0
2026-08-10,TWSE,3057,喬鼎,15.85,15.85,15.5,15.7,48229.0
2026-08-10,TWSE,3058,立德,8.16,8.21,8.15,8.19,389724.0
2026-08-10,TWSE,3059,華晶科,40.4,41.2,40.2,40.8,1367492.0
2026-08-10,TWSE,3060,銘異,29.05,30.8,29.05,29.55,1990468.0
2026-08-10,TWSE,3062,建漢,20.9,20.9,20.45,20.9,1060105.0
2026-08-10,TWSE,3090,日電貿,158.0,165.5,155.5,161.0,12014907.0
2026-08-10,TWSE,3092,鴻碩,23.05,24.0,23.05,23.6,163958.0
2026-08-10,TWSE,3094,聯傑,35.2,37.95,35.2,36.95,1645958.0
2026-08-10,TWSE,3130,一零四,204.0,204.0,202.5,202.5,48553.0
2026-08-10,TWSE,3135,凌航,164.0,167.5,160.0,163.0,3350353.0
2026-08-10,TWSE,3138,耀登,97.8,101.0,97.3,99.8,277992.0
2026-08-10,TWSE,3149,正達,63.5,69.0,63.5,69.0,12586324.0
2026-08-10,TWSE,3150,鈺寶-創,17.05,17.75,16.75,17.75,82000.0
2026-08-10,TWSE,3164,景岳,16.4,16.65,16.35,16.6,64034.0
2026-08-10,TWSE,3167,大量,714.0,736.0,655.0,655.0,4318212.0
2026-08-10,TWSE,3168,眾福科,43.0,43.5,42.2,42.65,27356.0
2026-08-10,TWSE,3189,景碩,823.0,849.0,811.0,836.0,3650916.0
2026-08-10,TWSE,3209,全科,58.2,58.5,55.5,55.8,2650860.0
2026-08-10,TWSE,3229,晟鈦,48.0,50.9,46.0,50.9,1396605.0
2026-08-10,TWSE,3231,緯創,185.5,193.5,184.5,193.0,69635753.0
2026-08-10,TWSE,3257,虹冠電,50.5,51.6,50.5,51.4,160110.0
2026-08-10,TWSE,3266,昇陽,13.95,13.95,13.8,13.85,16100.0
2026-08-10,TWSE,3296,勝德,23.0,23.45,22.8,23.45,24862.0
2026-08-10,TWSE,3305,昇貿,114.0,119.0,109.0,115.0,3652772.0
2026-08-10,TWSE,3308,聯德,19.65,19.8,19.35,19.65,46482.0
2026-08-10,TWSE,3311,閎暉,32.75,33.2,32.3,32.3,220496.0
2026-08-10,TWSE,3312,弘憶股,50.0,51.9,49.2,50.5,2105373.0
2026-08-10,TWSE,3321,同泰,19.25,19.7,19.15,19.3,222604.0
2026-08-10,TWSE,3338,泰碩,64.4,64.6,63.1,63.3,492120.0
2026-08-10,TWSE,3346,麗清,20.75,20.9,20.25,20.85,310660.0
2026-08-10,TWSE,3356,奇偶,56.3,57.7,56.2,57.6,341853.0
2026-08-10,TWSE,3376,新日興,184.0,187.5,175.0,183.5,4294501.0
2026-08-10,TWSE,3380,明泰,28.25,28.9,28.25,28.5,1150308.0
2026-08-10,TWSE,3406,玉晶光,546.0,552.0,525.0,546.0,3355864.0
2026-08-10,TWSE,3413,京鼎,305.0,309.0,303.5,307.5,1420168.0
2026-08-10,TWSE,3416,融程電,195.0,200.0,191.5,196.0,1084482.0
2026-08-10,TWSE,3419,譁裕,12.0,12.4,12.0,12.0,170301.0
2026-08-10,TWSE,3432,台端,15.9,16.4,15.9,16.3,42121.0
2026-08-10,TWSE,3437,榮創,17.65,18.15,17.65,18.1,514898.0
2026-08-10,TWSE,3443,創意,4640.0,4815.0,4510.0,4530.0,2048185.0
2026-08-10,TWSE,3447,展達,28.05,28.2,27.1,27.4,237658.0
2026-08-10,TWSE,3450,聯鈞,495.0,524.0,495.0,524.0,13071392.0
2026-08-10,TWSE,3481,群創,48.6,52.3,48.55,52.3,219970431.0
2026-08-10,TWSE,3494,誠研,7.1,7.15,6.99,7.09,95224.0
2026-08-10,TWSE,3501,維熹,39.2,39.2,38.6,38.75,35540.0
2026-08-10,TWSE,3504,揚明光,74.0,75.7,73.3,73.9,827863.0
2026-08-10,TWSE,3515,華擎,204.5,215.5,204.5,215.5,649920.0
2026-08-10,TWSE,3518,柏騰,30.15,30.85,28.15,28.25,1481218.0
2026-08-10,TWSE,3528,安馳,89.7,90.2,88.6,90.1,336193.0
2026-08-10,TWSE,3530,晶相光,55.3,55.7,54.8,55.5,96463.0
2026-08-10,TWSE,3532,台勝科,310.0,312.5,281.5,283.0,8467248.0
2026-08-10,TWSE,3533,嘉澤,1930.0,2040.0,1905.0,1960.0,785009.0
2026-08-10,TWSE,3535,晶彩科,86.5,90.2,85.6,90.2,878153.0
2026-08-10,TWSE,3543,州巧,36.4,39.05,36.4,37.75,2315957.0
2026-08-10,TWSE,3545,敦泰,50.5,51.5,50.4,51.1,794191.0
2026-08-10,TWSE,3550,聯穎,25.0,25.0,23.5,23.7,5180271.0
2026-08-10,TWSE,3557,嘉威,26.35,26.35,25.9,26.1,31954.0
2026-08-10,TWSE,3563,牧德,669.0,694.0,663.0,684.0,494990.0
2026-08-10,TWSE,3576,聯合再生,16.95,17.4,16.95,17.15,9452267.0
2026-08-10,TWSE,3583,辛耘,703.0,720.0,693.0,696.0,670200.0
2026-08-10,TWSE,3588,通嘉,55.7,59.4,54.9,57.9,551927.0
2026-08-10,TWSE,3591,艾笛森,21.5,22.0,21.3,21.7,544084.0
2026-08-10,TWSE,3592,瑞鼎,243.5,245.5,241.0,244.0,548574.0
2026-08-10,TWSE,3593,力銘,12.4,12.9,11.7,12.9,54422.0
2026-08-10,TWSE,3596,智易,181.0,181.0,173.5,174.0,2290539.0
2026-08-10,TWSE,3605,宏致,108.5,110.5,103.0,109.0,9989806.0
2026-08-10,TWSE,3607,谷崧,14.45,14.45,14.3,14.35,78191.0
2026-08-10,TWSE,3617,碩天,234.5,237.0,231.5,234.0,344281.0
2026-08-10,TWSE,3622,洋華,54.4,54.6,53.9,54.3,255173.0
2026-08-10,TWSE,3645,達邁,70.1,73.0,70.0,72.1,1336504.0
2026-08-10,TWSE,3652,精聯,36.95,37.25,34.15,36.65,4080184.0
2026-08-10,TWSE,3653,健策,4470.0,4470.0,4050.0,4135.0,1452577.0
2026-08-10,TWSE,3661,世芯-KY,3850.0,3955.0,3665.0,3800.0,3273476.0
2026-08-10,TWSE,3665,貿聯-KY,2190.0,2300.0,2115.0,2190.0,4361567.0
2026-08-10,TWSE,3669,圓展,38.5,39.4,37.75,38.6,501100.0
2026-08-10,TWSE,3673,TPK-KY,61.2,64.4,61.1,63.3,5318680.0
2026-08-10,TWSE,3679,新至陞,109.0,109.5,107.5,109.5,123522.0
2026-08-10,TWSE,3686,達能,14.7,14.9,14.6,14.9,70463.0
2026-08-10,TWSE,3694,海華,56.4,56.8,55.6,55.9,1524796.0
2026-08-10,TWSE,3701,大眾控,42.5,42.5,41.15,41.15,1169633.0
2026-08-10,TWSE,3702,大聯大,123.0,130.5,123.0,130.0,11702194.0
2026-08-10,TWSE,3703,欣陸,20.4,20.45,20.0,20.2,1914683.0
2026-08-10,TWSE,3704,合勤控,46.4,50.4,45.8,50.4,10803641.0
2026-08-10,TWSE,3705,永信,53.5,54.0,53.0,53.7,110173.0
2026-08-10,TWSE,3706,神達,92.2,93.2,91.8,92.9,7961056.0
2026-08-10,TWSE,3708,上緯投控,99.2,104.5,99.2,102.0,885866.0
2026-08-10,TWSE,3711,日月光投控,602.0,641.0,601.0,630.0,28684678.0
2026-08-10,TWSE,3712,永崴投控,20.35,21.15,20.25,21.15,921801.0
2026-08-10,TWSE,3714,富采,56.5,59.9,54.6,59.0,18853571.0
2026-08-10,TWSE,3715,定穎投控,119.0,125.5,118.5,125.5,4961217.0
2026-08-10,TWSE,3716,中化控股,34.6,35.55,34.6,35.35,719420.0
2026-08-10,TWSE,3717,聯嘉投控,24.0,24.35,23.45,23.45,3849724.0
2026-08-10,TWSE,4104,佳醫,70.7,71.4,70.7,71.2,209529.0
2026-08-10,TWSE,4106,雃博,24.6,25.3,24.45,25.05,180630.0
2026-08-10,TWSE,4108,懷特,11.15,11.2,11.0,11.15,286330.0
2026-08-10,TWSE,4119,旭富,53.2,53.2,51.2,52.5,350207.0
2026-08-10,TWSE,4133,亞諾法,21.2,21.4,21.05,21.25,94475.0
2026-08-10,TWSE,4137,麗豐-KY,95.9,95.9,95.2,95.9,57686.0
2026-08-10,TWSE,4142,國光生,17.8,17.8,17.25,17.55,1129830.0
2026-08-10,TWSE,4148,全宇生技-KY,30.45,30.65,30.15,30.65,69150.0
2026-08-10,TWSE,4155,訊映,14.65,14.9,14.55,14.65,275396.0
2026-08-10,TWSE,4164,承業醫,25.15,26.7,25.15,26.65,892742.0
2026-08-10,TWSE,4169,泰宗,157.0,160.0,153.0,153.5,362281.0
2026-08-10,TWSE,4178,永笙-KY,18.2,18.45,17.65,17.7,168983.0
2026-08-10,TWSE,4190,佐登-KY,25.3,25.6,25.3,25.4,7746.0
2026-08-10,TWSE,4195,基米-創,15.35,15.35,15.0,15.0,112035.0
2026-08-10,TWSE,4306,炎洲,14.45,14.45,14.2,14.4,741174.0
2026-08-10,TWSE,4414,如興,8.34,8.39,8.26,8.28,147481.0
2026-08-10,TWSE,4426,利勤,7.9,7.93,7.88,7.92,85052.0
2026-08-10,TWSE,4438,廣越,59.9,62.5,59.9,60.8,219796.0
2026-08-10,TWSE,4439,冠星-KY,104.5,105.0,104.0,104.5,20175.0
2026-08-10,TWSE,4440,宜新實業,17.4,18.5,17.15,18.3,192100.0
2026-08-10,TWSE,4441,振大環球,190.5,199.5,188.5,198.5,318204.0
2026-08-10,TWSE,4526,東台,30.4,30.95,30.15,30.4,971425.0
2026-08-10,TWSE,4532,瑞智,24.65,24.65,23.9,24.0,1307452.0
2026-08-10,TWSE,4536,拓凱,170.0,171.5,169.5,171.5,172481.0
2026-08-10,TWSE,4540,全球傳動,59.0,60.6,57.3,59.8,9299135.0
2026-08-10,TWSE,4545,銘鈺,33.3,33.7,32.9,33.0,60325.0
2026-08-10,TWSE,4551,智伸科,169.5,174.0,163.5,174.0,1011671.0
2026-08-10,TWSE,4552,力達-KY,17.7,17.9,17.5,17.6,115824.0
2026-08-10,TWSE,4555,氣立,46.8,49.9,46.75,48.7,608110.0
2026-08-10,TWSE,4557,永新-KY,48.7,49.8,48.65,49.35,50128.0
2026-08-10,TWSE,4560,強信-KY,32.3,32.6,31.65,32.4,524187.0
2026-08-10,TWSE,4562,穎漢,32.6,33.85,31.5,32.5,585727.0
2026-08-10,TWSE,4564,元翎,16.7,16.85,16.45,16.85,919584.0
2026-08-10,TWSE,4566,時碩工業,79.9,80.0,74.2,74.8,11481637.0
2026-08-10,TWSE,4569,六方科-KY,168.5,175.0,167.5,170.5,129556.0
2026-08-10,TWSE,4571,鈞興-KY,172.5,175.5,170.0,173.0,990058.0
2026-08-10,TWSE,4572,駐龍,140.0,142.0,139.5,142.0,16566.0
2026-08-10,TWSE,4576,大銀微系統,223.5,232.5,214.5,226.5,3149130.0
2026-08-10,TWSE,4581,光隆精密-KY,50.7,51.8,50.7,51.7,40421.0
2026-08-10,TWSE,4582,聚恆-創,29.0,29.3,28.85,28.95,176751.0
2026-08-10,TWSE,4583,台灣精銳,505.0,505.0,490.0,501.0,244482.0
2026-08-10,TWSE,4585,達明,311.5,317.5,305.0,316.0,458960.0
2026-08-10,TWSE,4588,玖鼎電力,52.1,52.4,51.8,52.3,51102.0
2026-08-10,TWSE,4590,富田-創,83.2,83.7,80.3,83.1,517774.0
2026-08-10,TWSE,4720,德淵,19.6,19.95,19.5,19.9,409686.0
2026-08-10,TWSE,4722,國精化,234.5,236.0,215.0,215.5,1830703.0
2026-08-10,TWSE,4736,泰博,130.0,131.0,129.0,130.5,135303.0
2026-08-10,TWSE,4737,華廣,55.0,55.8,54.9,55.7,46351.0
2026-08-10,TWSE,4739,康普,85.3,88.8,85.3,87.0,2562481.0
2026-08-10,TWSE,4746,台耀,54.8,54.8,53.3,54.4,503711.0
2026-08-10,TWSE,4755,三福化,116.5,122.0,116.5,118.5,485135.0
2026-08-10,TWSE,4763,材料*-KY,50.2,50.3,49.4,50.0,5341877.0
2026-08-10,TWSE,4764,雙鍵,235.5,239.0,226.0,232.0,2484954.0
2026-08-10,TWSE,4766,南寶,336.5,338.5,332.5,338.5,267163.0
2026-08-10,TWSE,4770,上品,221.5,227.0,221.0,221.0,506138.0
2026-08-10,TWSE,4771,望隼,203.0,209.0,202.5,209.0,602793.0
2026-08-10,TWSE,4807,日成-KY,33.4,33.4,31.7,32.55,231177.0
2026-08-10,TWSE,4904,遠傳,104.0,104.0,101.0,101.5,3631240.0
2026-08-10,TWSE,4906,正文,34.55,35.9,34.55,35.6,4830797.0
2026-08-10,TWSE,4912,聯德控股-KY,91.7,92.0,89.7,89.8,468445.0
2026-08-10,TWSE,4915,致伸,60.2,60.9,59.8,60.7,2207038.0
2026-08-10,TWSE,4916,事欣科,103.5,106.0,100.5,104.0,8850710.0
2026-08-10,TWSE,4919,新唐,120.5,127.5,120.5,127.5,4728599.0
2026-08-10,TWSE,4927,泰鼎-KY,33.25,34.15,33.0,33.8,3624860.0
2026-08-10,TWSE,4930,燦星網,16.1,16.35,16.05,16.3,39506.0
2026-08-10,TWSE,4934,太極,14.25,14.45,14.2,14.35,443613.0
2026-08-10,TWSE,4935,茂林-KY,34.8,34.95,34.65,34.9,45088.0
2026-08-10,TWSE,4938,和碩,88.4,89.7,87.1,89.5,6542820.0
2026-08-10,TWSE,4942,嘉彰,34.4,34.45,34.15,34.4,21032.0
2026-08-10,TWSE,4943,康控-KY,8.76,8.76,8.02,8.73,47055.0
2026-08-10,TWSE,4949,有成精密,67.0,72.9,67.0,72.5,629905.0
2026-08-10,TWSE,4952,凌通,49.4,50.3,48.85,49.7,786344.0
2026-08-10,TWSE,4956,光鋐,31.1,33.2,31.1,31.4,1790593.0
2026-08-10,TWSE,4958,臻鼎-KY,486.0,488.5,470.0,470.5,34195472.0
2026-08-10,TWSE,4960,誠美材,20.4,21.6,20.4,20.9,1834033.0
2026-08-10,TWSE,4961,天鈺,169.0,175.0,169.0,174.0,973666.0
2026-08-10,TWSE,4967,十銓,282.5,284.0,278.0,280.5,5277297.0
2026-08-10,TWSE,4968,立積,95.7,97.3,95.7,96.0,391168.0
2026-08-10,TWSE,4976,佳凌,36.25,36.9,36.1,36.15,1346129.0
2026-08-10,TWSE,4977,眾達-KY,134.5,145.0,134.5,144.5,3104053.0
2026-08-10,TWSE,4989,榮科,65.7,68.6,65.7,67.5,5486558.0
2026-08-10,TWSE,4994,傳奇,87.0,89.3,86.2,86.9,7381.0
2026-08-10,TWSE,4999,鑫禾,18.45,19.3,18.1,19.3,234087.0
2026-08-10,TWSE,5007,三星,55.9,56.1,55.8,56.1,29725.0
2026-08-10,TWSE,5203,訊連,67.1,67.1,65.3,66.3,181961.0
2026-08-10,TWSE,5215,科嘉-KY,38.6,38.6,37.85,38.2,24106.0
2026-08-10,TWSE,5222,全訊,114.0,117.0,112.5,117.0,267698.0
2026-08-10,TWSE,5225,東科-KY,66.7,67.6,66.7,66.7,1811681.0
2026-08-10,TWSE,5234,達興材料,330.0,338.0,330.0,333.0,117854.0
2026-08-10,TWSE,5236,凌陽創新,142.0,144.0,141.0,144.0,87651.0
2026-08-10,TWSE,5243,乙盛-KY,88.0,89.8,87.7,88.7,1254321.0
2026-08-10,TWSE,5244,弘凱,33.2,33.8,33.05,33.45,61293.0
2026-08-10,TWSE,5258,虹堡,52.0,53.3,51.8,53.2,428429.0
2026-08-10,TWSE,5269,祥碩,1380.0,1435.0,1325.0,1400.0,809715.0
2026-08-10,TWSE,5283,禾聯碩,53.7,53.8,53.5,53.7,44017.0
2026-08-10,TWSE,5284,jpp-KY,304.0,312.5,300.0,307.5,433480.0
2026-08-10,TWSE,5285,界霖,80.0,80.5,77.5,77.9,938042.0
2026-08-10,TWSE,5288,豐祥-KY,193.0,197.5,190.0,197.5,272453.0
2026-08-10,TWSE,5292,華懋,172.5,180.5,172.5,178.5,71174.0
2026-08-10,TWSE,5306,桂盟,95.6,98.6,95.6,97.0,388605.0
2026-08-10,TWSE,5388,中磊,93.1,94.7,90.7,93.6,4818108.0
2026-08-10,TWSE,5434,崇越,500.0,527.0,500.0,514.0,687175.0
2026-08-10,TWSE,5469,瀚宇博,73.0,77.2,72.7,75.9,3906563.0
2026-08-10,TWSE,5471,松翰,55.9,57.5,55.9,56.7,3329378.0
2026-08-10,TWSE,5484,慧友,42.8,46.9,42.8,45.35,790397.0
2026-08-10,TWSE,5515,建國,43.65,44.6,43.15,44.45,723572.0
2026-08-10,TWSE,5519,隆大,27.95,28.05,27.75,27.85,252685.0
2026-08-10,TWSE,5521,工信,10.25,10.4,10.1,10.35,2491575.0
2026-08-10,TWSE,5522,遠雄,65.2,65.2,63.8,65.1,552472.0
2026-08-10,TWSE,5525,順天,22.05,22.2,22.0,22.05,61869.0
2026-08-10,TWSE,5531,鄉林,7.71,7.71,7.56,7.59,985611.0
2026-08-10,TWSE,5533,皇鼎,13.8,14.0,13.75,14.0,169285.0
2026-08-10,TWSE,5534,長虹,79.0,79.0,77.9,78.3,324494.0
2026-08-10,TWSE,5538,東明-KY,35.45,35.45,33.85,35.4,148458.0
2026-08-10,TWSE,5546,永固-KY,14.2,14.2,14.1,14.1,2000.0
2026-08-10,TWSE,5607,遠雄港,49.65,49.7,48.75,49.35,442881.0
2026-08-10,TWSE,5608,四維航,13.4,14.15,13.4,14.1,2788572.0
2026-08-10,TWSE,5706,鳳凰,45.45,45.7,45.1,45.6,103768.0
2026-08-10,TWSE,5871,中租-KY,110.0,110.0,108.0,109.0,5711639.0
2026-08-10,TWSE,5876,上海商銀,43.75,43.75,42.9,43.35,6889973.0
2026-08-10,TWSE,5880,合庫金,26.45,26.45,26.0,26.1,32243685.0
2026-08-10,TWSE,5906,台南-KY,40.7,40.7,40.7,40.7,2000.0
2026-08-10,TWSE,5907,大洋-KY,4.85,4.95,4.72,4.91,469025.0
2026-08-10,TWSE,6005,群益證,34.0,34.1,33.3,33.8,16284667.0
2026-08-10,TWSE,6024,群益期,61.2,62.2,60.7,62.1,733907.0
2026-08-10,TWSE,6108,競國,19.0,19.0,18.3,18.7,599029.0
2026-08-10,TWSE,6112,邁達特,47.0,47.2,46.2,46.65,927495.0
2026-08-10,TWSE,6115,鎰勝,45.4,45.4,45.1,45.25,90021.0
2026-08-10,TWSE,6116,彩晶,14.0,14.9,13.95,14.9,76264713.0
2026-08-10,TWSE,6117,迎廣,66.4,66.6,65.7,66.3,123779.0
2026-08-10,TWSE,6120,達運,13.55,13.75,13.15,13.3,2892131.0
2026-08-10,TWSE,6128,上福,20.2,20.35,20.0,20.25,42433.0
2026-08-10,TWSE,6133,金橋,21.9,22.2,21.55,21.65,588151.0
2026-08-10,TWSE,6136,富爾特,24.5,25.3,24.4,25.25,374740.0
2026-08-10,TWSE,6139,亞翔,822.0,835.0,793.0,808.0,4168609.0
2026-08-10,TWSE,6141,柏承,34.1,35.4,34.1,34.7,630209.0
2026-08-10,TWSE,6142,友勁,9.46,9.79,9.46,9.63,429768.0
2026-08-10,TWSE,6152,百一,14.35,14.35,14.35,14.35,924519.0
2026-08-10,TWSE,6153,嘉聯益,16.8,16.9,16.45,16.6,2602680.0
2026-08-10,TWSE,6155,鈞寶,53.7,55.2,53.1,53.2,1634398.0
2026-08-10,TWSE,6164,華興,11.85,11.95,11.75,11.8,233222.0
2026-08-10,TWSE,6165,浪凡,51.3,51.8,50.8,50.9,425971.0
2026-08-10,TWSE,6166,凌華,141.0,145.0,139.0,143.0,3168163.0
2026-08-10,TWSE,6168,宏齊,24.6,25.8,24.45,25.05,2070136.0
2026-08-10,TWSE,6176,瑞儀,83.0,83.2,82.1,82.3,3939534.0
2026-08-10,TWSE,6177,達麗,49.2,49.2,47.95,48.5,1645085.0
2026-08-10,TWSE,6183,關貿,92.7,93.0,92.2,92.9,34068.0
2026-08-10,TWSE,6184,大豐電,42.1,42.55,42.1,42.2,28560.0
2026-08-10,TWSE,6189,豐藝,49.5,49.75,48.5,49.05,652265.0
2026-08-10,TWSE,6191,精成科,83.8,87.8,83.8,87.2,3795615.0
2026-08-10,TWSE,6192,巨路,115.0,118.5,115.0,116.0,324389.0
2026-08-10,TWSE,6196,帆宣,495.0,511.0,495.0,507.0,1012950.0
2026-08-10,TWSE,6197,佳必琪,294.5,309.0,293.0,309.0,2187808.0
2026-08-10,TWSE,6201,亞弘電,45.45,45.5,45.3,45.45,28041.0
2026-08-10,TWSE,6202,盛群,61.2,64.8,61.2,63.8,3528659.0
2026-08-10,TWSE,6205,詮欣,60.3,61.6,60.3,61.5,295212.0
2026-08-10,TWSE,6206,飛捷,147.5,158.0,144.5,158.0,7019571.0
2026-08-10,TWSE,6209,今國光,77.0,77.4,73.8,74.0,5396882.0
2026-08-10,TWSE,6213,聯茂,424.0,427.5,422.0,427.5,20055590.0
2026-08-10,TWSE,6214,精誠,144.5,146.0,142.5,144.5,1660632.0
2026-08-10,TWSE,6215,和椿,101.0,104.0,99.8,102.5,1687857.0
2026-08-10,TWSE,6216,居易,21.85,22.2,21.7,21.9,150029.0
2026-08-10,TWSE,6224,聚鼎,55.5,56.8,55.5,56.0,224198.0
2026-08-10,TWSE,6225,天瀚,26.85,28.5,26.85,27.7,68293.0
2026-08-10,TWSE,6226,光鼎,22.05,22.15,21.1,21.4,10841731.0
2026-08-10,TWSE,6230,尼得科超眾,110.0,113.0,110.0,110.0,40707.0
2026-08-10,TWSE,6235,華孚,39.25,40.0,39.25,39.75,243028.0
2026-08-10,TWSE,6239,力成,283.0,288.5,283.0,288.5,7915671.0
2026-08-10,TWSE,6243,迅杰,47.4,47.8,45.7,45.7,2477568.0
2026-08-10,TWSE,6257,矽格,203.0,213.0,202.5,207.5,6452667.0
2026-08-10,TWSE,6269,台郡,66.0,68.3,65.2,65.9,9126751.0
2026-08-10,TWSE,6271,同欣電,198.0,201.0,196.0,197.0,7274599.0
2026-08-10,TWSE,6272,驊陞,24.5,25.35,24.5,25.1,72357.0
2026-08-10,TWSE,6277,宏正,80.0,80.3,78.6,80.0,325977.0
2026-08-10,TWSE,6278,台表科,158.5,171.5,158.5,171.5,7037010.0
2026-08-10,TWSE,6281,全國電,51.3,51.8,51.2,51.6,36486.0
2026-08-10,TWSE,6282,康舒,47.7,50.4,47.7,50.0,14370600.0
2026-08-10,TWSE,6283,淳安,20.1,20.4,19.85,20.15,128206.0
2026-08-10,TWSE,6285,啟碁,244.0,256.0,244.0,256.0,10887611.0
2026-08-10,TWSE,6405,悅城,39.4,40.9,38.5,39.95,694238.0
2026-08-10,TWSE,6409,旭隼,1020.0,1105.0,1005.0,1040.0,679647.0
2026-08-10,TWSE,6412,群電,79.1,79.7,78.1,79.4,749225.0
2026-08-10,TWSE,6414,樺漢,476.0,483.5,467.5,482.0,2382498.0
2026-08-10,TWSE,6415,矽力*-KY,443.5,475.0,442.0,465.0,3105622.0
2026-08-10,TWSE,6416,瑞祺電通,101.5,104.0,99.7,103.5,882075.0
2026-08-10,TWSE,6426,統新,209.5,225.0,207.0,217.5,3781496.0
2026-08-10,TWSE,6431,光麗-KY,20.45,20.45,18.15,19.6,97105.0
2026-08-10,TWSE,6438,迅得,147.5,148.0,146.0,147.0,158801.0
2026-08-10,TWSE,6442,光聖,1380.0,1455.0,1375.0,1425.0,2940773.0
2026-08-10,TWSE,6443,元晶,26.55,27.25,26.3,27.05,4716830.0
2026-08-10,TWSE,6446,藥華藥,1200.0,1360.0,1190.0,1330.0,4265061.0
2026-08-10,TWSE,6449,鈺邦,227.5,243.5,227.5,240.5,1001652.0
2026-08-10,TWSE,6451,訊芯-KY,439.5,462.5,439.5,456.0,4550080.0
2026-08-10,TWSE,6456,GIS-KY,62.9,67.6,62.6,67.6,6007273.0
2026-08-10,TWSE,6464,台數科,78.0,78.0,76.8,77.1,8020.0
2026-08-10,TWSE,6472,保瑞,416.5,436.0,412.0,431.0,967458.0
2026-08-10,TWSE,6477,安集,34.05,34.75,33.15,33.95,1206262.0
2026-08-10,TWSE,6491,晶碩,375.0,379.0,368.0,379.0,542542.0
2026-08-10,TWSE,6504,南六,38.45,39.15,38.35,39.0,31142.0
2026-08-10,TWSE,6505,台塑化,70.0,70.7,67.2,69.0,26008347.0
2026-08-10,TWSE,6515,穎崴,6980.0,7200.0,6685.0,6830.0,415239.0
2026-08-10,TWSE,6525,捷敏-KY,139.5,143.5,138.0,142.0,1797015.0
2026-08-10,TWSE,6526,達發,634.0,639.0,627.0,627.0,313730.0
2026-08-10,TWSE,6531,愛普*,980.0,1010.0,915.0,923.0,5773012.0
2026-08-10,TWSE,6533,晶心科,254.0,261.0,249.0,250.0,6134327.0
2026-08-10,TWSE,6534,正瀚-創,95.8,95.8,93.5,94.1,177134.0
2026-08-10,TWSE,6541,泰福-KY,38.05,39.1,37.5,38.8,226506.0
2026-08-10,TWSE,6550,北極星藥業-KY,11.2,11.25,10.9,11.25,744104.0
2026-08-10,TWSE,6552,易華電,24.4,25.0,24.4,24.9,42986.0
2026-08-10,TWSE,6558,興能高,26.4,27.3,26.2,26.75,299314.0
2026-08-10,TWSE,6573,虹揚-KY,17.25,17.3,16.85,16.95,355204.0
2026-08-10,TWSE,6579,研揚,164.5,168.0,158.5,164.5,1865470.0
2026-08-10,TWSE,6581,鋼聯,107.5,108.5,107.5,108.0,9753.0
2026-08-10,TWSE,6582,申豐,31.8,32.25,31.8,32.1,40984.0
2026-08-10,TWSE,6585,鼎基,116.0,119.5,116.0,117.5,772046.0
2026-08-10,TWSE,6589,台康生技,50.2,52.6,50.0,50.7,1552548.0
2026-08-10,TWSE,6591,動力-KY,44.65,44.9,44.05,44.9,187741.0
2026-08-10,TWSE,6592,和潤企業,61.2,61.2,59.9,60.7,238815.0
2026-08-10,TWSE,6598,ABC-KY,29.3,29.85,28.75,29.4,307009.0
2026-08-10,TWSE,6605,帝寶,132.5,133.5,129.0,133.5,1416408.0
2026-08-10,TWSE,6606,建德工業,26.0,26.4,26.0,26.4,208055.0
2026-08-10,TWSE,6614,資拓宏宇,35.8,36.3,35.8,35.85,36721.0
2026-08-10,TWSE,6625,必應,78.4,78.6,76.2,77.1,154527.0
2026-08-10,TWSE,6641,基士德-KY,18.3,18.3,18.2,18.2,6000.0
2026-08-10,TWSE,6645,金萬林-創,13.55,13.55,13.3,13.3,11000.0
2026-08-10,TWSE,6655,科定,119.5,119.5,117.5,117.5,3304.0
2026-08-10,TWSE,6657,華安,31.3,31.95,30.65,31.0,84737.0
2026-08-10,TWSE,6658,聯策,156.0,166.0,155.5,161.5,383503.0
2026-08-10,TWSE,6666,羅麗芬-KY,43.0,43.8,42.9,43.25,21390.0
2026-08-10,TWSE,6668,中揚光,34.55,35.5,34.35,35.25,282106.0
2026-08-10,TWSE,6669,緯穎,6215.0,6225.0,5990.0,6010.0,1653053.0
2026-08-10,TWSE,6670,復盛應用,268.0,270.0,266.5,266.5,119082.0
2026-08-10,TWSE,6671,三能-KY,22.4,22.65,22.4,22.65,2018.0
2026-08-10,TWSE,6672,騰輝電子-KY,251.5,251.5,243.0,251.5,6389874.0
2026-08-10,TWSE,6674,鋐寶科技,15.5,15.5,14.85,15.15,37000.0
2026-08-10,TWSE,6689,伊雲谷,64.0,66.0,63.6,64.1,197083.0
2026-08-10,TWSE,6691,洋基工程,738.0,749.0,732.0,732.0,570164.0
2026-08-10,TWSE,6695,芯鼎,50.5,50.7,49.0,49.05,613480.0
2026-08-10,TWSE,6698,旭暉應材,34.3,35.1,34.05,34.05,145414.0
2026-08-10,TWSE,6706,惠特,111.5,119.5,110.5,115.0,2605145.0
2026-08-10,TWSE,6715,嘉基,335.5,365.5,335.5,363.5,324682.0
2026-08-10,TWSE,6719,力智,212.5,212.5,204.5,205.5,1747982.0
2026-08-10,TWSE,6722,輝創,33.0,33.6,33.0,33.25,28467.0
2026-08-10,TWSE,6742,澤米,43.25,44.5,43.2,44.1,190898.0
2026-08-10,TWSE,6743,安普新,24.95,25.95,24.8,25.95,262272.0
2026-08-10,TWSE,6753,龍德造船,143.5,148.5,140.5,142.0,3676883.0
2026-08-10,TWSE,6754,匯僑設計,42.45,42.6,42.1,42.6,22283.0
2026-08-10,TWSE,6756,威鋒電子,101.0,103.0,99.7,99.9,112846.0
2026-08-10,TWSE,6757,台灣虎航,56.4,56.5,55.2,55.6,2093152.0
2026-08-10,TWSE,6768,志強-KY,67.7,67.8,66.4,67.1,486838.0
2026-08-10,TWSE,6770,力積電,66.6,69.4,66.6,67.6,231526872.0
2026-08-10,TWSE,6771,平和環保-創,38.05,38.1,37.85,38.0,32250.0
2026-08-10,TWSE,6776,展碁國際,54.3,54.3,53.7,54.0,134630.0
2026-08-10,TWSE,6781,AES-KY,1160.0,1220.0,1140.0,1195.0,1873258.0
2026-08-10,TWSE,6782,視陽,220.0,220.0,212.0,214.0,561139.0
2026-08-10,TWSE,6789,采鈺,427.0,444.5,425.5,441.5,1734196.0
2026-08-10,TWSE,6790,永豐實,38.35,38.4,38.2,38.25,70094.0
2026-08-10,TWSE,6792,詠業,58.0,58.4,56.7,58.1,7748.0
2026-08-10,TWSE,6794,向榮生技,73.8,75.8,73.8,74.7,30038.0
2026-08-10,TWSE,6796,晉弘,55.2,59.8,55.2,59.8,44208.0
2026-08-10,TWSE,6799,來頡,88.0,89.7,87.1,88.0,258837.0
2026-08-10,TWSE,6805,富世達,1720.0,1825.0,1680.0,1755.0,2682942.0
2026-08-10,TWSE,6807,峰源-KY,37.35,38.0,37.05,37.9,4282.0
2026-08-10,TWSE,6830,汎銓,407.0,437.5,405.5,424.5,2126647.0
2026-08-10,TWSE,6831,邁科,653.0,657.0,618.0,619.0,798545.0
2026-08-10,TWSE,6834,天二科技,94.8,96.6,93.4,96.6,4556631.0
2026-08-10,TWSE,6835,圓裕,31.3,31.5,31.0,31.0,34476.0
2026-08-10,TWSE,6838,台新藥,23.2,23.35,22.95,23.35,43242.0
2026-08-10,TWSE,6854,錼創科技-KY創,97.8,97.9,93.6,94.2,188698.0
2026-08-10,TWSE,6861,睿生光電,215.0,227.5,213.5,220.5,739197.0
2026-08-10,TWSE,6862,三集瑞-KY,147.0,150.5,147.0,149.0,148141.0
2026-08-10,TWSE,6863,永道-KY,131.0,133.0,128.5,132.5,287104.0
2026-08-10,TWSE,6869,雲豹能源,66.6,71.5,66.6,70.2,621876.0
2026-08-10,TWSE,6873,泓德能源,78.1,80.5,77.4,79.0,427020.0
2026-08-10,TWSE,6885,全福生技,21.1,21.1,20.4,20.55,260456.0
2026-08-10,TWSE,6887,寶綠特-KY,36.5,37.4,36.0,36.05,23663.0
2026-08-10,TWSE,6890,來億-KY,175.5,175.5,172.0,174.5,81321.0
2026-08-10,TWSE,6901,鑽石投資,17.0,17.0,16.2,16.3,7060030.0
2026-08-10,TWSE,6902,GOGOLOOK,121.0,131.5,121.0,127.5,161020.0
2026-08-10,TWSE,6906,現觀科,72.4,72.4,70.8,71.0,64428.0
2026-08-10,TWSE,6908,宏碁遊戲-創,32.4,33.2,32.4,32.9,17000.0
2026-08-10,TWSE,6909,創控,40.8,43.35,40.8,41.85,277497.0
2026-08-10,TWSE,6914,阜爾運通,148.0,149.0,148.0,148.0,81149.0
2026-08-10,TWSE,6916,華凌,18.95,19.3,18.7,18.85,46524.0
2026-08-10,TWSE,6918,愛派司,70.6,74.0,70.6,72.8,54089.0
2026-08-10,TWSE,6919,康霈*,105.0,112.0,103.0,111.0,5718488.0
2026-08-10,TWSE,6921,嘉雨思-創,64.4,65.6,64.4,65.2,31000.0
2026-08-10,TWSE,6923,中台,74.9,77.1,74.9,76.7,83910.0
2026-08-10,TWSE,6924,榮惠-KY創,109.0,110.5,108.5,109.0,34112.0
2026-08-10,TWSE,6928,攸泰科技,47.75,48.7,47.75,48.2,61253.0
2026-08-10,TWSE,6931,青松健康,37.9,38.6,37.75,38.6,65198.0
2026-08-10,TWSE,6933,AMAX-KY,180.5,180.5,180.5,180.5,293773.0
2026-08-10,TWSE,6934,心誠鎂,72.3,72.3,70.0,72.0,24529.0
2026-08-10,TWSE,6936,永鴻生技,31.9,32.0,31.9,32.0,20841.0
2026-08-10,TWSE,6937,天虹,248.5,270.5,248.5,270.5,660240.0
2026-08-10,TWSE,6944,兆聯實業,780.0,788.0,751.0,755.0,522152.0
2026-08-10,TWSE,6947,台鎔科技,81.3,81.3,78.1,78.4,388549.0
2026-08-10,TWSE,6949,沛爾生醫-創,943.0,952.0,914.0,948.0,243204.0
2026-08-10,TWSE,6951,青新-創,71.9,71.9,71.0,71.4,45974.0
2026-08-10,TWSE,6952,大武山,39.0,40.9,39.0,39.7,75751.0
2026-08-10,TWSE,6955,邦睿生技-創,123.0,124.5,123.0,124.5,4330.0
2026-08-10,TWSE,6957,裕慶-KY,208.0,215.5,208.0,214.0,86981.0
2026-08-10,TWSE,6958,日盛台駿,18.35,18.9,18.3,18.65,95384.0
2026-08-10,TWSE,6962,奕力-KY,32.6,34.15,32.6,34.15,4609728.0
2026-08-10,TWSE,6965,中傑-KY,77.7,77.7,76.2,77.0,11240.0
2026-08-10,TWSE,6969,成信實業*-創,34.5,35.55,34.15,34.3,278521.0
2026-08-10,TWSE,6988,威力暘-創,12.65,12.85,12.45,12.55,61000.0
2026-08-10,TWSE,6994,富威電力,36.6,37.6,36.4,36.95,521874.0
2026-08-10,TWSE,7610,聯友金屬-創,2035.0,2035.0,1860.0,1950.0,998950.0
2026-08-10,TWSE,7631,聚賢研發-創,134.5,140.0,132.5,138.5,103048.0
2026-08-10,TWSE,7689,大鵬科CLMX,163.5,172.0,163.5,171.5,195428.0
2026-08-10,TWSE,7705,三商餐飲,30.95,31.35,30.9,31.2,21960.0
2026-08-10,TWSE,7711,永擎,384.5,405.0,376.0,405.0,1380221.0
2026-08-10,TWSE,7721,微程式,62.1,63.0,62.1,62.9,34179.0
2026-08-10,TWSE,7722,LINEPAY,302.0,302.0,290.0,293.5,282786.0
2026-08-10,TWSE,7730,暉盛-創,162.0,162.0,156.0,156.0,65489.0
2026-08-10,TWSE,7732,金興精密,35.6,36.1,35.55,36.1,52000.0
2026-08-10,TWSE,7736,虎山,70.3,70.3,69.8,70.0,17208.0
2026-08-10,TWSE,7740,熙特爾-創,163.0,177.0,160.0,177.0,915698.0
2026-08-10,TWSE,7749,意騰-KY,361.0,361.0,353.5,355.5,100510.0
2026-08-10,TWSE,7750,新代,2390.0,2485.0,2285.0,2485.0,397479.0
2026-08-10,TWSE,7760,享溫馨,33.3,33.65,33.15,33.15,19062.0
2026-08-10,TWSE,7765,中華資安,226.5,226.5,224.5,225.5,32094.0
2026-08-10,TWSE,7768,頌勝科技,261.5,262.0,258.0,261.5,49286.0
2026-08-10,TWSE,7769,鴻勁,6320.0,6450.0,6225.0,6280.0,683580.0
2026-08-10,TWSE,7780,大研生醫*,16.8,16.9,16.65,16.85,530878.0
2026-08-10,TWSE,7786,東方風能,129.5,137.0,128.0,132.0,414105.0
2026-08-10,TWSE,7788,松川精密,238.0,238.0,226.0,234.5,2400906.0
2026-08-10,TWSE,7791,皇家可口,59.6,59.7,59.0,59.7,24679.0
2026-08-10,TWSE,7795,長廣,439.0,471.0,429.5,457.0,3153684.0
2026-08-10,TWSE,7799,禾榮科,358.0,365.5,355.0,358.0,161687.0
2026-08-10,TWSE,7803,雲象科技-創,19.15,19.7,19.15,19.7,45607.0
2026-08-10,TWSE,7818,溢泰實業,62.0,64.6,61.7,63.0,187081.0
2026-08-10,TWSE,7821,神數,41.4,42.0,40.7,41.6,219609.0
2026-08-10,TWSE,7822,倍利科,851.0,897.0,851.0,873.0,141079.0
2026-08-10,TWSE,7823,奧義賽博-KY創,85.1,85.3,82.1,83.7,38308.0
2026-08-10,TWSE,7827,漢康-KY創,156.0,160.5,153.5,160.0,287699.0
2026-08-10,TWSE,7835,永悅健康-創,27.0,27.0,25.55,25.55,62484.0
2026-08-10,TWSE,8011,台通,16.65,16.65,16.45,16.5,274300.0
2026-08-10,TWSE,8016,矽創,312.0,318.0,306.5,311.0,1270637.0
2026-08-10,TWSE,8021,尖點,408.5,434.5,408.5,434.5,6014329.0
2026-08-10,TWSE,8028,昇陽半導體,260.0,268.0,257.5,264.0,3255163.0
2026-08-10,TWSE,8033,雷虎,177.5,182.5,170.0,172.0,6417956.0
2026-08-10,TWSE,8039,台虹,250.0,254.0,224.5,226.0,44723032.0
2026-08-10,TWSE,8045,達運光電,56.6,56.6,54.1,54.8,37094.0
2026-08-10,TWSE,8046,南電,1100.0,1180.0,1080.0,1130.0,3375300.0
2026-08-10,TWSE,8070,長華*,48.0,49.35,48.0,48.8,2059551.0
2026-08-10,TWSE,8072,陞泰,26.55,26.55,26.15,26.3,143986.0
2026-08-10,TWSE,8081,致新,258.5,275.5,258.5,268.0,2783157.0
2026-08-10,TWSE,8101,華冠,11.55,11.8,11.55,11.75,19233.0
2026-08-10,TWSE,8103,瀚荃,79.1,80.6,79.1,80.3,618837.0
2026-08-10,TWSE,8104,錸寶,31.45,32.05,31.15,31.65,290796.0
2026-08-10,TWSE,8105,凌巨,16.45,17.2,16.45,16.65,3252979.0
2026-08-10,TWSE,8110,華東,46.05,47.75,45.9,46.2,7341355.0
2026-08-10,TWSE,8112,至上,92.9,93.0,91.2,92.4,16947208.0
2026-08-10,TWSE,8114,振樺電,226.5,227.5,220.0,223.5,1202831.0
2026-08-10,TWSE,8131,福懋科,63.3,65.5,63.3,64.6,4019383.0
2026-08-10,TWSE,8150,南茂,89.4,94.2,89.4,92.9,39296241.0
2026-08-10,TWSE,8162,微矽電子-創,54.5,56.1,54.2,54.4,227023.0
2026-08-10,TWSE,8163,達方,31.35,31.75,31.25,31.65,857839.0
2026-08-10,TWSE,8201,無敵,11.9,12.0,11.75,12.0,38407.0
2026-08-10,TWSE,8210,勤誠,1095.0,1100.0,1040.0,1075.0,2491692.0
2026-08-10,TWSE,8213,志超,30.55,30.75,30.35,30.7,156296.0
2026-08-10,TWSE,8215,明基材,24.9,25.7,24.9,25.55,808660.0
2026-08-10,TWSE,8222,寶一,37.7,38.0,37.25,38.0,503570.0
2026-08-10,TWSE,8249,菱光,41.3,42.7,41.3,42.55,436299.0
2026-08-10,TWSE,8261,富鼎,175.5,181.5,174.0,179.0,5109076.0
2026-08-10,TWSE,8271,宇瞻,233.5,237.5,228.5,235.5,6983213.0
2026-08-10,TWSE,8341,日友,76.4,77.3,76.0,77.2,236894.0
2026-08-10,TWSE,8367,建新國際,40.05,40.5,40.0,40.45,27639.0
2026-08-10,TWSE,8374,羅昇,82.9,88.9,81.0,88.9,930058.0
2026-08-10,TWSE,8404,百和興業-KY,16.4,16.45,16.1,16.15,278064.0
2026-08-10,TWSE,8411,福貞-KY,13.15,13.15,12.85,13.05,132624.0
2026-08-10,TWSE,8422,可寧衛*,26.3,26.85,26.2,26.8,6104188.0
2026-08-10,TWSE,8429,金麗-KY,6.1,6.1,6.01,6.04,160327.0
2026-08-10,TWSE,8438,昶昕,65.1,67.2,65.1,66.6,246350.0
2026-08-10,TWSE,8442,威宏-KY,44.3,44.3,44.0,44.0,67283.0
2026-08-10,TWSE,8443,阿瘦,11.4,11.45,11.4,11.4,17279.0
2026-08-10,TWSE,8454,富邦媒,295.0,295.5,272.5,274.5,2664217.0
2026-08-10,TWSE,8462,柏文,168.5,171.5,165.5,171.5,126094.0
2026-08-10,TWSE,8463,潤泰材,20.8,21.0,20.7,20.8,42100.0
2026-08-10,TWSE,8464,億豐,386.0,386.0,373.0,379.0,352205.0
2026-08-10,TWSE,8466,美吉吉-KY,17.0,17.0,16.6,16.7,21115.0
2026-08-10,TWSE,8467,波力-KY,98.0,106.0,98.0,106.0,54644.0
2026-08-10,TWSE,8473,山林水,41.5,42.65,41.2,42.3,810258.0
2026-08-10,TWSE,8476,台境*,21.2,21.2,20.2,20.6,213185.0
2026-08-10,TWSE,8478,東哥遊艇,147.0,147.5,145.5,147.0,137024.0
2026-08-10,TWSE,8481,政伸,40.2,40.7,40.2,40.4,17670.0
2026-08-10,TWSE,8482,商億-KY,50.5,50.5,49.6,49.6,2000.0
2026-08-10,TWSE,8487,愛爾達-創,73.0,73.0,72.0,72.6,22777.0
2026-08-10,TWSE,8488,吉源-KY,10.3,10.3,10.0,10.0,7000.0
2026-08-10,TWSE,8499,鼎炫-KY,265.0,272.0,260.0,263.0,53960.0
2026-08-10,TWSE,8926,台汽電,58.0,58.2,55.8,57.0,14590472.0
2026-08-10,TWSE,8940,新天地,15.4,15.4,15.3,15.35,32197.0
2026-08-10,TWSE,8996,高力,1065.0,1110.0,1060.0,1075.0,2177049.0
2026-08-10,TWSE,9103,美德醫療-DR,5.32,5.32,5.19,5.28,691158.0
2026-08-10,TWSE,9105,泰金寶-DR,8.19,8.36,8.15,8.28,11922514.0
2026-08-10,TWSE,9110,越南控-DR,,,,,400.0
2026-08-10,TWSE,9136,巨騰-DR,11.35,11.4,11.2,11.35,58100.0
2026-08-10,TWSE,9802,鈺齊-KY,70.7,71.7,69.3,71.3,1146261.0
2026-08-10,TWSE,9902,台火,13.75,13.85,13.7,13.85,101093.0
2026-08-10,TWSE,9904,寶成,24.0,24.15,23.75,24.1,12118263.0
2026-08-10,TWSE,9905,大華,21.0,21.4,21.0,21.35,418060.0
2026-08-10,TWSE,9906,欣巴巴,40.05,40.25,39.1,40.2,60439.0
2026-08-10,TWSE,9907,統一實,14.65,14.9,14.5,14.85,2536593.0
2026-08-10,TWSE,9908,大台北,29.25,29.25,29.0,29.05,109985.0
2026-08-10,TWSE,9910,豐泰,70.3,70.3,69.2,70.2,880722.0
2026-08-10,TWSE,9911,櫻花,82.8,83.0,82.2,82.8,301207.0
2026-08-10,TWSE,9912,偉聯,12.5,12.5,12.4,12.4,36738.0
2026-08-10,TWSE,9914,美利達,83.0,88.1,82.7,86.0,6297451.0
2026-08-10,TWSE,9917,中保科,108.5,108.5,107.0,107.5,284764.0
2026-08-10,TWSE,9918,欣天然,42.5,42.65,42.45,42.5,21410.0
2026-08-10,TWSE,9919,康那香,14.1,14.1,13.85,13.95,138742.0
2026-08-10,TWSE,9921,巨大,101.5,101.5,100.5,101.5,9853081.0
2026-08-10,TWSE,9924,福興,38.85,38.85,38.05,38.45,397376.0
2026-08-10,TWSE,9925,新保,40.25,40.25,39.85,40.05,796736.0
2026-08-10,TWSE,9926,新海,49.45,49.5,49.15,49.3,8043.0
2026-08-10,TWSE,9927,泰銘,68.5,69.1,68.1,68.8,300786.0
2026-08-10,TWSE,9928,中視,18.1,18.4,18.1,18.2,41491.0
2026-08-10,TWSE,9929,秋雨,11.45,11.45,11.45,11.45,2101.0
2026-08-10,TWSE,9930,中聯資源,62.5,62.5,61.9,62.3,75240.0
2026-08-10,TWSE,9931,欣高,33.7,33.9,33.6,33.6,15373.0
2026-08-10,TWSE,9933,中鼎,37.9,38.35,37.3,38.25,1438720.0
2026-08-10,TWSE,9934,成霖,11.7,12.0,11.5,12.0,7763295.0
2026-08-10,TWSE,9935,慶豐富,20.15,21.2,19.95,20.9,750246.0
2026-08-10,TWSE,9937,全國,55.0,55.3,54.8,55.1,7705.0
2026-08-10,TWSE,9938,百和,42.15,42.15,41.75,42.0,1320408.0
2026-08-10,TWSE,9939,宏全,145.0,145.0,140.5,144.5,2399933.0
2026-08-10,TWSE,9940,信義,21.2,21.45,21.2,21.25,505279.0
2026-08-10,TWSE,9941,裕融,84.6,85.4,83.0,85.2,1309145.0
2026-08-10,TWSE,9942,茂順,116.5,120.0,116.5,118.5,239391.0
2026-08-10,TWSE,9943,好樂迪,51.3,51.6,51.3,51.6,53008.0
2026-08-10,TWSE,9944,新麗,17.6,17.75,17.6,17.6,35256.0
2026-08-10,TWSE,9945,潤泰新,26.9,27.25,26.75,27.25,5198981.0
2026-08-10,TWSE,9946,三發地產,17.95,18.2,17.95,18.2,273950.0
2026-08-10,TWSE,9955,佳龍,24.25,24.75,24.2,24.55,374206.0
2026-08-10,TWSE,9958,世紀鋼,114.5,116.5,113.5,116.0,2267484.0
