date,market,stock_id,name,open,high,low,close,volume
2026-09-21,TWSE,1101,台泥,24.5,24.55,24.15,24.35,22255754.0
2026-09-21,TWSE,1102,亞泥,35.3,35.35,34.9,35.15,10128633.0
2026-09-21,TWSE,1103,嘉泥,13.1,13.35,12.95,13.35,1614131.0
2026-09-21,TWSE,1104,環泥,26.7,26.9,26.65,26.9,737190.0
2026-09-21,TWSE,1108,幸福,11.05,11.15,11.0,11.15,289776.0
2026-09-21,TWSE,1109,信大,13.4,13.45,13.35,13.4,114471.0
2026-09-21,TWSE,1110,東泥,15.5,15.55,15.35,15.5,148786.0
2026-09-21,TWSE,1201,味全,12.1,12.15,11.55,11.55,12430769.0
2026-09-21,TWSE,1203,味王,43.45,46.85,42.5,45.95,26985.0
2026-09-21,TWSE,1210,大成,52.2,52.8,52.0,52.7,1940702.0
2026-09-21,TWSE,1213,大飲,7.11,7.4,7.11,7.4,3002.0
2026-09-21,TWSE,1215,卜蜂,107.5,109.5,107.0,109.5,653950.0
2026-09-21,TWSE,1216,統一,75.5,75.5,74.9,75.0,17030035.0
2026-09-21,TWSE,1217,愛之味,9.99,10.0,9.95,9.98,700951.0
2026-09-21,TWSE,1218,泰山,14.4,14.7,14.35,14.7,822727.0
2026-09-21,TWSE,1219,福壽,11.3,11.55,11.3,11.5,259700.0
2026-09-21,TWSE,1220,台榮,10.85,10.85,10.75,10.85,67879.0
2026-09-21,TWSE,1225,福懋油,25.0,25.05,24.6,24.6,80338.0
2026-09-21,TWSE,1227,佳格,28.2,28.55,28.15,28.45,1000751.0
2026-09-21,TWSE,1229,聯華,40.2,40.85,40.15,40.85,5054355.0
2026-09-21,TWSE,1231,聯華食,79.5,81.0,79.5,81.0,363095.0
2026-09-21,TWSE,1232,大統益,155.0,155.5,154.0,155.5,89610.0
2026-09-21,TWSE,1233,天仁,28.05,28.25,28.0,28.25,25055.0
2026-09-21,TWSE,1234,黑松,33.35,33.4,33.1,33.1,66611.0
2026-09-21,TWSE,1235,興泰,39.3,39.4,37.6,39.1,19189.0
2026-09-21,TWSE,1236,宏亞,25.7,25.9,25.45,25.5,51950.0
2026-09-21,TWSE,1256,鮮活果汁-KY,171.5,172.0,170.0,172.0,36572.0
2026-09-21,TWSE,1301,台塑,65.4,65.6,64.2,65.0,29305397.0
2026-09-21,TWSE,1303,南亞,240.5,245.0,234.0,238.0,82174219.0
2026-09-21,TWSE,1304,台聚,12.6,12.6,12.25,12.25,2435939.0
2026-09-21,TWSE,1305,華夏,12.35,12.35,11.95,11.95,1980829.0
2026-09-21,TWSE,1307,三芳,30.8,30.85,30.45,30.55,311570.0
2026-09-21,TWSE,1308,亞聚,14.45,14.45,14.05,14.1,1428063.0
2026-09-21,TWSE,1309,台達化,14.0,14.0,13.6,13.7,1974270.0
2026-09-21,TWSE,1310,台苯,8.99,8.99,8.73,8.75,5166568.0
2026-09-21,TWSE,1312,國喬,15.1,15.15,14.5,14.7,14207755.0
2026-09-21,TWSE,1313,聯成,12.25,12.3,12.05,12.25,3388599.0
2026-09-21,TWSE,1314,中石化,9.11,9.37,8.87,8.96,151096127.0
2026-09-21,TWSE,1315,達新,67.3,68.4,66.6,68.2,88955.0
2026-09-21,TWSE,1316,上曜,11.15,11.25,10.7,10.75,3855687.0
2026-09-21,TWSE,1319,東陽,80.3,80.5,79.6,80.5,1228066.0
2026-09-21,TWSE,1321,大洋,33.0,33.0,32.55,32.7,93200.0
2026-09-21,TWSE,1323,永裕,21.45,21.45,21.3,21.4,24417.0
2026-09-21,TWSE,1324,地球,10.0,10.05,9.99,9.99,26146.0
2026-09-21,TWSE,1325,恆大,25.85,25.9,25.6,25.65,181589.0
2026-09-21,TWSE,1326,台化,69.1,69.2,67.1,68.1,24373131.0
2026-09-21,TWSE,1337,再生-KY,4.46,4.5,4.4,4.45,511141.0
2026-09-21,TWSE,1338,廣華-KY,14.3,14.3,14.2,14.25,63748.0
2026-09-21,TWSE,1339,昭輝,42.95,43.5,42.9,43.3,90025.0
2026-09-21,TWSE,1340,勝悅-KY,5.21,5.21,5.16,5.2,57784.0
2026-09-21,TWSE,1341,富林-KY,60.0,60.0,59.7,59.7,3003.0
2026-09-21,TWSE,1342,八貫,101.0,102.0,100.5,102.0,120645.0
2026-09-21,TWSE,1402,遠東新,28.1,28.15,27.7,28.1,17306879.0
2026-09-21,TWSE,1409,新纖,25.15,25.15,24.5,24.5,7829976.0
2026-09-21,TWSE,1410,南染,24.4,24.65,24.3,24.35,20005.0
2026-09-21,TWSE,1413,宏洲,9.11,9.29,9.04,9.24,36030.0
2026-09-21,TWSE,1414,東和,17.3,17.35,17.05,17.35,136248.0
2026-09-21,TWSE,1416,廣豐,11.3,11.5,11.3,11.5,248639.0
2026-09-21,TWSE,1417,嘉裕,8.12,8.12,7.97,8.02,243862.0
2026-09-21,TWSE,1418,東華,17.55,17.75,17.4,17.65,23292.0
2026-09-21,TWSE,1419,新紡,66.3,66.7,66.0,66.4,61759.0
2026-09-21,TWSE,1423,利華,35.0,35.5,35.0,35.5,14645.0
2026-09-21,TWSE,1432,大魯閣,15.0,15.05,14.95,15.0,46375.0
2026-09-21,TWSE,1434,福懋,18.0,18.0,17.7,17.8,1929461.0
2026-09-21,TWSE,1435,中福,22.9,23.0,22.55,23.0,14494.0
2026-09-21,TWSE,1436,華友聯,38.1,39.4,38.1,38.65,645083.0
2026-09-21,TWSE,1437,勤益控,32.5,33.1,32.45,33.1,326881.0
2026-09-21,TWSE,1438,三地開發,22.2,22.75,22.0,22.4,90331.0
2026-09-21,TWSE,1439,雋揚,29.5,29.5,29.0,29.1,8044.0
2026-09-21,TWSE,1440,南紡,13.55,13.55,13.3,13.45,1162303.0
2026-09-21,TWSE,1442,名軒,31.0,31.55,30.9,31.4,1233837.0
2026-09-21,TWSE,1443,立益物流,23.95,23.95,23.45,23.5,9502.0
2026-09-21,TWSE,1444,力麗,7.03,7.05,6.81,6.81,3325779.0
2026-09-21,TWSE,1445,大宇,10.1,10.2,10.1,10.2,45601.0
2026-09-21,TWSE,1446,宏和,13.8,13.85,13.65,13.75,179675.0
2026-09-21,TWSE,1447,力鵬,6.63,6.63,6.44,6.47,963238.0
2026-09-21,TWSE,1449,佳和,12.3,12.45,12.2,12.3,265785.0
2026-09-21,TWSE,1451,年興,17.1,17.1,17.05,17.1,48435.0
2026-09-21,TWSE,1452,宏益,10.8,10.85,10.75,10.8,59436.0
2026-09-21,TWSE,1453,大將,11.35,11.35,10.95,11.1,70272.0
2026-09-21,TWSE,1454,台富,12.9,12.9,12.55,12.6,13678.0
2026-09-21,TWSE,1455,集盛,9.92,9.95,9.74,9.95,1004247.0
2026-09-21,TWSE,1456,怡華,14.2,14.4,14.0,14.05,93472.0
2026-09-21,TWSE,1457,宜進,14.45,14.55,14.45,14.55,153691.0
2026-09-21,TWSE,1459,聯發,15.85,15.9,15.6,15.6,170958.0
2026-09-21,TWSE,1460,宏遠,6.38,6.4,6.35,6.38,154660.0
2026-09-21,TWSE,1463,強盛新,17.4,17.5,17.3,17.5,31618.0
2026-09-21,TWSE,1464,得力,9.98,9.98,9.93,9.95,146158.0
2026-09-21,TWSE,1465,偉全,11.55,11.75,11.55,11.7,221714.0
2026-09-21,TWSE,1466,聚隆,15.05,15.05,14.85,15.0,201082.0
2026-09-21,TWSE,1467,南緯,8.29,8.29,8.1,8.1,110965.0
2026-09-21,TWSE,1468,昶和,13.0,13.3,12.9,13.25,56000.0
2026-09-21,TWSE,1470,大統新創,24.1,24.5,24.1,24.5,10034.0
2026-09-21,TWSE,1471,首利,9.44,9.55,9.35,9.36,173295.0
2026-09-21,TWSE,1472,三洋實業,87.0,87.7,86.9,87.4,102427.0
2026-09-21,TWSE,1473,台南,19.75,19.8,19.7,19.8,53890.0
2026-09-21,TWSE,1474,弘裕,10.1,10.1,9.91,10.05,48177.0
2026-09-21,TWSE,1475,業旺,25.85,26.4,25.85,26.25,12000.0
2026-09-21,TWSE,1476,儒鴻,284.5,285.5,282.0,282.0,1103191.0
2026-09-21,TWSE,1477,聚陽,193.0,194.5,192.0,194.0,2075757.0
2026-09-21,TWSE,1503,士電,199.0,200.0,197.0,199.5,1106082.0
2026-09-21,TWSE,1504,東元,71.0,71.2,69.5,69.5,8408962.0
2026-09-21,TWSE,1506,正道,9.81,9.83,9.7,9.76,104103.0
2026-09-21,TWSE,1512,瑞利,6.19,6.33,6.19,6.26,42767.0
2026-09-21,TWSE,1513,中興電,166.5,167.5,165.0,167.0,2736864.0
2026-09-21,TWSE,1514,亞力,102.0,102.0,100.5,101.5,716660.0
2026-09-21,TWSE,1515,力山,29.7,30.6,28.65,30.6,902436.0
2026-09-21,TWSE,1516,川飛,13.35,13.65,13.05,13.6,178820.0
2026-09-21,TWSE,1517,利奇,10.55,10.55,10.4,10.45,225979.0
2026-09-21,TWSE,1519,華城,713.0,722.0,712.0,721.0,1379950.0
2026-09-21,TWSE,1521,大億,25.2,25.2,24.95,24.95,19183.0
2026-09-21,TWSE,1522,堤維西,26.4,27.0,25.7,26.0,841918.0
2026-09-21,TWSE,1524,耿鼎,26.25,26.35,26.1,26.1,257345.0
2026-09-21,TWSE,1525,江申,64.1,65.0,64.0,65.0,8020.0
2026-09-21,TWSE,1526,日馳,14.85,15.2,14.8,15.0,171017.0
2026-09-21,TWSE,1527,鑽全,32.4,32.6,32.35,32.35,290853.0
2026-09-21,TWSE,1528,恩德,24.1,24.7,23.6,24.6,7793176.0
2026-09-21,TWSE,1529,樂事綠能,14.85,15.4,14.8,15.25,1382976.0
2026-09-21,TWSE,1530,亞崴,27.3,27.3,27.0,27.0,23906.0
2026-09-21,TWSE,1531,高林股,11.75,11.85,11.65,11.8,201208.0
2026-09-21,TWSE,1532,勤美,22.6,22.9,22.6,22.85,682584.0
2026-09-21,TWSE,1533,車王電,31.25,31.25,30.4,30.55,96421.0
2026-09-21,TWSE,1535,中宇,45.0,46.2,45.0,45.9,49484.0
2026-09-21,TWSE,1536,和大,46.7,46.9,46.2,46.35,1030923.0
2026-09-21,TWSE,1537,廣隆,115.0,117.0,114.5,117.0,196683.0
2026-09-21,TWSE,1538,正峰,,,,,1252.0
2026-09-21,TWSE,1539,巨庭,16.1,16.1,15.55,15.75,42179.0
2026-09-21,TWSE,1540,喬福,19.75,19.75,19.5,19.65,55597.0
2026-09-21,TWSE,1541,錩泰,20.75,21.3,20.75,21.2,10000.0
2026-09-21,TWSE,1558,伸興,109.0,111.0,109.0,111.0,139392.0
2026-09-21,TWSE,1560,中砂,855.0,896.0,813.0,896.0,6133920.0
2026-09-21,TWSE,1563,巧新,76.4,76.4,73.8,73.8,402351.0
2026-09-21,TWSE,1568,倉佑,30.55,30.9,29.9,30.65,296101.0
2026-09-21,TWSE,1582,信錦,70.8,71.3,70.5,70.9,279538.0
2026-09-21,TWSE,1583,程泰,48.2,48.2,47.3,47.3,22145.0
2026-09-21,TWSE,1587,吉茂,23.4,23.75,23.3,23.75,84010.0
2026-09-21,TWSE,1590,亞德客-KY,1250.0,1270.0,1220.0,1220.0,1438559.0
2026-09-21,TWSE,1597,直得,140.5,140.5,137.0,138.5,642026.0
2026-09-21,TWSE,1598,岱宇,20.35,20.45,20.0,20.0,151423.0
2026-09-21,TWSE,1603,華電,30.35,30.35,30.1,30.3,110553.0
2026-09-21,TWSE,1604,聲寶,23.5,23.6,23.4,23.55,143466.0
2026-09-21,TWSE,1605,華新,37.5,37.55,36.65,37.1,31559223.0
2026-09-21,TWSE,1608,華榮,36.2,36.4,35.7,35.8,1596792.0
2026-09-21,TWSE,1609,大亞,37.95,38.0,37.5,38.0,3295843.0
2026-09-21,TWSE,1611,中電,11.45,11.7,11.1,11.1,9059399.0
2026-09-21,TWSE,1612,宏泰,35.1,35.1,34.75,35.05,426450.0
2026-09-21,TWSE,1614,三洋電,31.05,31.4,31.0,31.2,76576.0
2026-09-21,TWSE,1615,大山,43.15,43.4,42.7,42.7,112779.0
2026-09-21,TWSE,1616,億泰,18.45,18.6,18.3,18.5,253957.0
2026-09-21,TWSE,1617,榮星,18.7,18.85,18.35,18.55,376497.0
2026-09-21,TWSE,1618,合機,39.2,39.35,38.95,39.35,337722.0
2026-09-21,TWSE,1623,大東電,205.5,208.5,202.0,208.5,89633.0
2026-09-21,TWSE,1626,艾美特-KY,9.56,9.75,9.56,9.75,96251.0
2026-09-21,TWSE,1702,南僑,32.75,32.95,32.65,32.95,189111.0
2026-09-21,TWSE,1707,葡萄王,87.1,87.3,86.6,87.3,305573.0
2026-09-21,TWSE,1708,東鹼,51.5,51.5,50.4,50.7,2260291.0
2026-09-21,TWSE,1709,和益,41.85,42.0,38.7,39.2,48187619.0
2026-09-21,TWSE,1710,東聯,16.65,16.7,16.05,16.35,6039871.0
2026-09-21,TWSE,1711,永光,40.15,40.2,39.1,39.4,2704394.0
2026-09-21,TWSE,1712,興農,39.85,40.05,39.65,40.05,641546.0
2026-09-21,TWSE,1713,國化,41.85,41.9,41.3,41.85,444606.0
2026-09-21,TWSE,1714,和桐,16.25,16.25,15.65,15.7,7933467.0
2026-09-21,TWSE,1717,長興,72.0,72.5,70.8,71.4,6856264.0
2026-09-21,TWSE,1718,中纖,11.05,11.05,10.6,10.6,13481923.0
2026-09-21,TWSE,1720,生達,56.1,56.3,55.9,56.0,143095.0
2026-09-21,TWSE,1721,國慶科技,22.4,22.4,21.6,22.0,668329.0
2026-09-21,TWSE,1722,台肥,42.25,42.5,42.15,42.4,2823597.0
2026-09-21,TWSE,1723,中碳,81.2,81.6,80.6,80.6,505154.0
2026-09-21,TWSE,1725,元禎,33.55,34.6,33.55,34.0,45317.0
2026-09-21,TWSE,1726,永記,78.1,78.1,76.8,76.9,18252.0
2026-09-21,TWSE,1727,中華化,105.0,109.5,102.0,106.0,16587496.0
2026-09-21,TWSE,1730,花仙子,51.5,51.5,51.3,51.3,8477.0
2026-09-21,TWSE,1731,美吾華,20.95,20.95,20.8,20.9,73985.0
2026-09-21,TWSE,1732,毛寶,25.9,26.05,25.9,26.05,30196.0
2026-09-21,TWSE,1733,五鼎,30.7,30.7,30.15,30.15,83419.0
2026-09-21,TWSE,1734,杏輝,31.4,32.8,31.3,32.8,214826.0
2026-09-21,TWSE,1735,日勝化,19.85,20.65,19.8,20.55,88184.0
2026-09-21,TWSE,1736,喬山,128.5,129.0,124.5,125.5,768796.0
2026-09-21,TWSE,1737,臺鹽,30.5,30.65,29.3,29.3,4382074.0
2026-09-21,TWSE,1752,南光,31.3,31.45,31.3,31.35,30247.0
2026-09-21,TWSE,1760,寶齡富錦,54.8,54.8,53.6,53.6,178161.0
2026-09-21,TWSE,1762,中化生,33.8,34.1,33.5,34.1,53487.0
2026-09-21,TWSE,1773,勝一,163.5,164.0,161.5,163.5,455247.0
2026-09-21,TWSE,1776,展宇,18.6,18.9,18.1,18.3,143396.0
2026-09-21,TWSE,1783,和康生,36.4,36.7,36.3,36.7,100100.0
2026-09-21,TWSE,1786,科妍,43.75,44.65,43.4,43.55,246814.0
2026-09-21,TWSE,1789,神隆,19.4,19.4,18.8,19.0,1331150.0
2026-09-21,TWSE,1795,美時,180.0,181.0,178.5,180.0,672438.0
2026-09-21,TWSE,1802,台玻,59.5,61.3,57.9,58.8,33184205.0
2026-09-21,TWSE,1805,寶徠,10.3,10.3,10.1,10.2,68553.0
2026-09-21,TWSE,1806,冠軍,7.97,8.01,7.95,8.01,93285.0
2026-09-21,TWSE,1808,潤隆,36.0,37.15,35.1,35.9,4369682.0
2026-09-21,TWSE,1809,中釉,38.0,39.1,37.5,38.6,2481840.0
2026-09-21,TWSE,1810,和成,23.95,24.1,23.7,24.05,1302856.0
2026-09-21,TWSE,1817,凱撒衛,40.25,40.45,40.25,40.45,45500.0
2026-09-21,TWSE,1903,士紙,47.3,47.75,46.15,46.15,156743.0
2026-09-21,TWSE,1904,正隆,24.9,25.0,24.7,24.75,1038643.0
2026-09-21,TWSE,1905,華紙,13.5,13.5,13.25,13.25,2071205.0
2026-09-21,TWSE,1906,寶隆,10.95,11.0,10.75,10.9,75296.0
2026-09-21,TWSE,1907,永豐餘,29.4,29.55,29.25,29.25,820772.0
2026-09-21,TWSE,1909,榮成,10.3,10.35,10.15,10.15,1400753.0
2026-09-21,TWSE,2002,中鋼,18.8,18.85,18.7,18.75,25507630.0
2026-09-21,TWSE,2006,東和鋼鐵,83.0,89.0,82.9,87.6,4908459.0
2026-09-21,TWSE,2007,燁興,6.92,6.92,6.88,6.91,117621.0
2026-09-21,TWSE,2008,高興昌,30.9,31.15,30.55,30.95,19411.0
2026-09-21,TWSE,2009,第一銅,39.65,39.7,39.2,39.6,989716.0
2026-09-21,TWSE,2010,春源,22.0,22.0,21.8,22.0,678992.0
2026-09-21,TWSE,2012,春雨,14.1,14.2,14.0,14.2,53003.0
2026-09-21,TWSE,2013,中鋼構,41.6,41.7,41.1,41.1,111790.0
2026-09-21,TWSE,2014,中鴻,16.55,16.65,16.45,16.55,1533951.0
2026-09-21,TWSE,2015,豐興,64.2,65.0,64.2,65.0,452795.0
2026-09-21,TWSE,2017,官田鋼,8.81,9.0,8.74,8.91,568646.0
2026-09-21,TWSE,2020,美亞,21.5,21.7,21.4,21.4,245311.0
2026-09-21,TWSE,2022,聚亨,7.21,7.21,7.1,7.19,303045.0
2026-09-21,TWSE,2023,燁輝,13.85,13.85,13.6,13.6,2143416.0
2026-09-21,TWSE,2024,志聯,12.85,13.0,12.85,13.0,14007.0
2026-09-21,TWSE,2025,千興,12.35,12.45,12.25,12.4,195227.0
2026-09-21,TWSE,2027,大成鋼,47.3,47.65,46.9,47.35,12398697.0
2026-09-21,TWSE,2028,威致,15.65,15.75,15.6,15.7,32252.0
2026-09-21,TWSE,2029,盛餘,20.85,21.05,20.8,20.9,209508.0
2026-09-21,TWSE,2030,彰源,23.75,24.95,23.45,24.95,6056164.0
2026-09-21,TWSE,2031,新光鋼,44.25,45.0,44.25,45.0,836588.0
2026-09-21,TWSE,2032,新鋼,17.05,17.15,16.85,17.1,483364.0
2026-09-21,TWSE,2033,佳大,32.45,33.9,31.5,33.9,4589786.0
2026-09-21,TWSE,2034,允強,21.0,21.45,20.9,21.45,2245758.0
2026-09-21,TWSE,2038,海光,12.1,12.2,12.05,12.15,102447.0
2026-09-21,TWSE,2049,上銀,339.5,341.5,331.0,334.5,2691002.0
2026-09-21,TWSE,2059,川湖,12600.0,12730.0,12230.0,12495.0,486160.0
2026-09-21,TWSE,2062,橋椿,18.1,18.3,18.1,18.3,99689.0
2026-09-21,TWSE,2069,運錩,24.15,24.8,24.1,24.5,986308.0
2026-09-21,TWSE,2072,世紀風電,130.0,132.5,130.0,130.0,245780.0
2026-09-21,TWSE,2101,南港,30.9,30.9,30.45,30.6,1687821.0
2026-09-21,TWSE,2102,泰豐,17.9,18.15,17.25,17.25,7238628.0
2026-09-21,TWSE,2103,台橡,28.35,28.35,27.3,27.6,4600637.0
2026-09-21,TWSE,2104,國際中橡,10.75,10.75,10.5,10.55,2764742.0
2026-09-21,TWSE,2105,正新,30.3,30.3,30.0,30.0,6716662.0
2026-09-21,TWSE,2106,建大,16.55,16.7,16.4,16.4,2304880.0
2026-09-21,TWSE,2107,厚生,27.05,27.3,26.8,27.3,401596.0
2026-09-21,TWSE,2108,南帝,29.05,29.1,28.6,28.6,732923.0
2026-09-21,TWSE,2109,華豐,14.95,14.95,14.65,14.7,171350.0
2026-09-21,TWSE,2114,鑫永銓,89.4,89.8,89.0,89.5,16392.0
2026-09-21,TWSE,2115,六暉-KY,24.0,24.0,23.75,23.8,32100.0
2026-09-21,TWSE,2201,裕隆,30.75,30.75,29.6,29.6,14231607.0
2026-09-21,TWSE,2204,中華,52.9,53.0,52.5,52.7,579290.0
2026-09-21,TWSE,2206,三陽工業,64.3,64.6,63.3,64.1,2453441.0
2026-09-21,TWSE,2207,和泰車,527.0,541.0,527.0,537.0,650504.0
2026-09-21,TWSE,2208,台船,19.05,19.15,19.0,19.15,1770149.0
2026-09-21,TWSE,2211,長榮鋼,80.8,80.8,80.4,80.8,326219.0
2026-09-21,TWSE,2227,裕日車,45.45,46.0,45.3,45.8,46890.0
2026-09-21,TWSE,2228,劍麟,75.4,78.1,73.4,73.4,1216207.0
2026-09-21,TWSE,2231,為升,91.5,92.0,90.6,91.2,158943.0
2026-09-21,TWSE,2233,宇隆,161.5,163.0,160.5,162.0,379018.0
2026-09-21,TWSE,2236,百達-KY,118.0,118.5,114.0,116.5,202859.0
2026-09-21,TWSE,2237,華德動能-創,27.25,27.4,27.15,27.15,65220.0
2026-09-21,TWSE,2239,英利-KY,19.35,19.35,19.0,19.0,117000.0
2026-09-21,TWSE,2241,艾姆勒,33.9,34.6,33.75,34.45,391446.0
2026-09-21,TWSE,2243,宏旭-KY,48.8,49.95,48.8,49.1,110807.0
2026-09-21,TWSE,2247,汎德永業,231.0,232.5,230.0,231.5,35372.0
2026-09-21,TWSE,2248,華勝-KY,60.6,61.3,60.0,61.2,87082.0
2026-09-21,TWSE,2250,IKKA-KY,56.1,58.8,56.0,57.7,83600.0
2026-09-21,TWSE,2254,巨鎧精密-創,75.2,76.8,74.7,76.8,1697739.0
2026-09-21,TWSE,2258,鴻華先進-創,31.1,31.75,30.7,31.75,523723.0
2026-09-21,TWSE,2301,光寶科,284.0,288.5,280.5,282.0,24262502.0
2026-09-21,TWSE,2302,麗正,44.55,45.25,43.9,44.4,3634731.0
2026-09-21,TWSE,2303,聯電,155.0,160.5,153.5,156.0,306815637.0
2026-09-21,TWSE,2305,全友,57.7,59.0,53.8,58.7,13495965.0
2026-09-21,TWSE,2308,台達電,1730.0,1750.0,1715.0,1735.0,13051318.0
2026-09-21,TWSE,2312,金寶,31.5,31.6,30.95,31.0,7988144.0
2026-09-21,TWSE,2313,華通,223.5,228.5,221.5,228.5,29688041.0
2026-09-21,TWSE,2314,台揚,10.5,10.7,10.5,10.7,115679.0
2026-09-21,TWSE,2316,楠梓電,158.0,159.5,155.0,156.5,1200550.0
2026-09-21,TWSE,2317,鴻海,252.5,253.0,249.0,250.5,44803117.0
2026-09-21,TWSE,2323,中環,10.85,10.85,10.65,10.7,4985357.0
2026-09-21,TWSE,2324,仁寶,38.0,38.25,37.35,37.7,52193788.0
2026-09-21,TWSE,2327,國巨*,543.0,550.0,533.0,550.0,26963850.0
2026-09-21,TWSE,2328,廣宇,47.2,47.2,46.2,46.4,1897340.0
2026-09-21,TWSE,2329,華泰,43.5,44.35,43.25,44.35,6081911.0
2026-09-21,TWSE,2330,台積電,2460.0,2460.0,2435.0,2460.0,40892688.0
2026-09-21,TWSE,2331,精英,19.15,19.25,18.9,18.9,855006.0
2026-09-21,TWSE,2332,友訊,19.5,19.7,19.35,19.45,4549287.0
2026-09-21,TWSE,2337,旺宏,119.5,122.0,119.5,121.0,64768504.0
2026-09-21,TWSE,2338,光罩,49.1,50.4,48.4,50.0,23519369.0
2026-09-21,TWSE,2340,台亞,33.5,34.25,33.3,34.0,3839465.0
2026-09-21,TWSE,2342,茂矽,40.1,41.2,39.9,41.05,4777724.0
2026-09-21,TWSE,2344,華邦電,177.0,179.5,173.5,179.5,138585216.0
2026-09-21,TWSE,2345,智邦,1810.0,1855.0,1810.0,1855.0,5848473.0
2026-09-21,TWSE,2347,聯強,89.9,90.8,89.2,90.8,3513180.0
2026-09-21,TWSE,2348,海悅,79.0,79.0,73.2,74.2,2168062.0
2026-09-21,TWSE,2349,錸德,10.5,10.5,10.3,10.35,1979036.0
2026-09-21,TWSE,2351,順德,241.0,243.0,235.5,241.5,4374655.0
2026-09-21,TWSE,2352,佳世達,29.2,29.25,28.9,29.2,4537456.0
2026-09-21,TWSE,2353,宏碁,32.75,32.75,31.85,31.95,24075941.0
2026-09-21,TWSE,2354,鴻準,67.5,67.5,64.8,65.7,14437974.0
2026-09-21,TWSE,2355,敬鵬,41.65,41.65,40.85,41.0,1383545.0
2026-09-21,TWSE,2356,英業達,62.2,62.5,61.4,61.7,22101084.0
2026-09-21,TWSE,2357,華碩,964.0,964.0,947.0,960.0,4548145.0
2026-09-21,TWSE,2359,所羅門,132.5,133.5,129.5,130.0,3264025.0
2026-09-21,TWSE,2360,致茂,2135.0,2290.0,2135.0,2290.0,2681171.0
2026-09-21,TWSE,2362,藍天,47.65,48.35,47.55,48.35,682664.0
2026-09-21,TWSE,2363,矽統,54.3,55.2,53.6,53.7,11333532.0
2026-09-21,TWSE,2364,倫飛,65.6,66.1,64.2,64.6,165798.0
2026-09-21,TWSE,2365,昆盈,28.15,28.4,27.75,28.15,952791.0
2026-09-21,TWSE,2367,燿華,41.0,41.3,40.6,40.75,3110152.0
2026-09-21,TWSE,2368,金像電,978.0,1020.0,969.0,1020.0,11142009.0
2026-09-21,TWSE,2369,菱生,30.85,31.85,30.75,31.0,11717957.0
2026-09-21,TWSE,2371,大同,29.85,29.85,28.9,29.2,22977802.0
2026-09-21,TWSE,2373,震旦行,53.0,53.1,52.5,53.1,25342.0
2026-09-21,TWSE,2374,佳能,67.4,67.5,66.6,67.5,2134134.0
2026-09-21,TWSE,2375,凱美,120.5,120.5,118.0,119.5,1337451.0
2026-09-21,TWSE,2376,技嘉,360.0,367.5,356.0,356.0,6645773.0
2026-09-21,TWSE,2377,微星,155.5,155.5,153.0,155.0,7158499.0
2026-09-21,TWSE,2379,瑞昱,724.0,728.0,716.0,727.0,2568530.0
2026-09-21,TWSE,2380,虹光,17.0,18.1,16.1,17.3,160793.0
2026-09-21,TWSE,2382,廣達,346.5,346.5,340.0,343.0,21601445.0
2026-09-21,TWSE,2383,台光電,4910.0,5000.0,4810.0,4890.0,3783127.0
2026-09-21,TWSE,2385,群光,106.0,107.0,105.0,106.0,6299012.0
2026-09-21,TWSE,2387,精元,36.35,36.85,36.15,36.85,253185.0
2026-09-21,TWSE,2388,威盛,70.9,71.1,69.8,69.9,2818265.0
2026-09-21,TWSE,2390,云辰,10.25,10.3,10.1,10.2,245092.0
2026-09-21,TWSE,2392,正崴,42.3,42.5,41.6,41.95,1624174.0
2026-09-21,TWSE,2393,億光,63.6,64.4,63.3,64.4,2793120.0
2026-09-21,TWSE,2395,研華,695.0,697.0,682.0,690.0,3490854.0
2026-09-21,TWSE,2397,友通,60.3,61.4,59.4,61.4,228084.0
2026-09-21,TWSE,2399,映泰,49.3,49.7,48.0,48.45,7612044.0
2026-09-21,TWSE,2401,凌陽,25.0,25.65,24.75,25.45,3184304.0
2026-09-21,TWSE,2402,毅嘉,55.0,55.0,54.1,54.1,796270.0
2026-09-21,TWSE,2404,漢唐,1040.0,1130.0,1040.0,1125.0,3305776.0
2026-09-21,TWSE,2405,輔信,15.0,15.2,14.85,15.2,1086363.0
2026-09-21,TWSE,2406,國碩,27.1,28.05,26.55,27.65,4682700.0
2026-09-21,TWSE,2408,南亞科,508.0,525.0,508.0,525.0,79512606.0
2026-09-21,TWSE,2409,友達,30.75,30.8,29.5,30.35,348900833.0
2026-09-21,TWSE,2412,中華電,145.0,145.5,144.0,145.5,28080563.0
2026-09-21,TWSE,2413,環科,53.7,55.0,52.4,53.1,9428955.0
2026-09-21,TWSE,2414,精技,53.0,53.3,52.2,53.3,113074.0
2026-09-21,TWSE,2415,錩新,26.95,27.25,26.95,27.2,71371.0
2026-09-21,TWSE,2417,圓剛,39.1,39.25,38.65,39.2,325813.0
2026-09-21,TWSE,2419,仲琦,28.25,28.25,27.35,27.9,1343637.0
2026-09-21,TWSE,2420,新巨,53.8,53.8,53.2,53.4,255625.0
2026-09-21,TWSE,2421,建準,164.5,169.0,164.5,167.0,3294198.0
2026-09-21,TWSE,2423,固緯,73.0,74.5,73.0,73.8,56321.0
2026-09-21,TWSE,2424,隴華,7.9,8.3,7.88,8.26,36920.0
2026-09-21,TWSE,2425,承啟,37.0,37.0,36.25,37.0,366068.0
2026-09-21,TWSE,2426,鼎元,98.2,102.0,96.5,102.0,51478754.0
2026-09-21,TWSE,2427,三商電,23.5,24.0,23.35,23.8,1483762.0
2026-09-21,TWSE,2428,興勤,258.0,260.0,254.5,260.0,970464.0
2026-09-21,TWSE,2429,銘旺科,30.05,31.3,30.05,31.15,182589.0
2026-09-21,TWSE,2430,燦坤,18.05,18.1,17.9,18.1,34951.0
2026-09-21,TWSE,2431,聯昌,9.93,10.15,9.93,10.15,79967.0
2026-09-21,TWSE,2432,倚天酷碁-創,27.45,27.55,27.15,27.45,17000.0
2026-09-21,TWSE,2433,互盛電,41.25,41.25,40.4,40.75,26593.0
2026-09-21,TWSE,2434,統懋,60.8,62.5,60.6,62.0,410571.0
2026-09-21,TWSE,2436,偉詮電,68.5,68.8,67.6,67.9,2345779.0
2026-09-21,TWSE,2438,翔耀,19.2,20.95,19.2,20.9,277325.0
2026-09-21,TWSE,2439,美律,78.1,79.1,77.7,78.2,1055817.0
2026-09-21,TWSE,2440,太空梭,14.2,14.35,14.1,14.35,197812.0
2026-09-21,TWSE,2441,超豐,121.0,124.5,120.5,123.5,6324258.0
2026-09-21,TWSE,2442,新美齊,14.7,15.0,14.6,14.6,1582602.0
2026-09-21,TWSE,2444,兆勁,12.55,12.75,12.2,12.6,980533.0
2026-09-21,TWSE,2449,京元電子,276.5,291.5,274.0,291.5,61177949.0
2026-09-21,TWSE,2450,神腦,28.35,28.35,28.2,28.3,141322.0
2026-09-21,TWSE,2451,創見,280.0,283.0,279.0,283.0,1429145.0
2026-09-21,TWSE,2453,凌群,54.7,55.8,54.4,55.5,534878.0
2026-09-21,TWSE,2454,聯發科,4600.0,4735.0,4545.0,4710.0,10365174.0
2026-09-21,TWSE,2455,全新,545.0,563.0,520.0,556.0,20026752.0
2026-09-21,TWSE,2457,飛宏,22.35,22.45,22.05,22.05,1285572.0
2026-09-21,TWSE,2458,義隆,130.5,132.5,128.5,132.0,1542845.0
2026-09-21,TWSE,2459,敦吉,65.7,65.8,65.2,65.4,69290.0
2026-09-21,TWSE,2460,建通,28.9,30.05,28.9,29.75,216476.0
2026-09-21,TWSE,2461,光群雷,17.6,17.75,17.45,17.75,482852.0
2026-09-21,TWSE,2462,良得電,19.8,19.8,19.3,19.45,216402.0
2026-09-21,TWSE,2464,盟立,183.5,197.0,179.0,197.0,23685793.0
2026-09-21,TWSE,2465,麗臺,91.5,92.4,91.0,91.6,1063193.0
2026-09-21,TWSE,2466,冠西電,104.0,108.5,102.5,106.0,1513925.0
2026-09-21,TWSE,2467,志聖,538.0,540.0,525.0,528.0,845560.0
2026-09-21,TWSE,2468,華經,41.7,45.85,41.2,45.85,12298765.0
2026-09-21,TWSE,2471,資通,52.8,53.7,52.3,53.1,864307.0
2026-09-21,TWSE,2472,立隆電,213.0,216.0,208.0,216.0,5812559.0
2026-09-21,TWSE,2474,可成,209.0,210.0,207.5,209.5,4943724.0
2026-09-21,TWSE,2476,鉅祥,120.5,126.0,119.0,124.0,2036068.0
2026-09-21,TWSE,2477,美隆電,22.0,22.35,22.0,22.35,194628.0
2026-09-21,TWSE,2478,大毅,121.0,122.0,118.5,120.5,1513003.0
2026-09-21,TWSE,2480,敦陽科,163.0,165.0,162.0,165.0,674597.0
2026-09-21,TWSE,2481,強茂,166.5,171.0,165.0,168.5,39944652.0
2026-09-21,TWSE,2482,連宇,16.0,16.2,15.9,16.05,83352.0
2026-09-21,TWSE,2483,百容,33.2,33.2,32.2,33.0,597624.0
2026-09-21,TWSE,2484,希華,71.9,72.2,70.0,70.4,4123862.0
2026-09-21,TWSE,2485,兆赫,40.15,40.4,39.25,39.55,1448945.0
2026-09-21,TWSE,2486,一詮,233.5,238.0,231.0,237.5,3776310.0
2026-09-21,TWSE,2488,漢平,48.65,48.85,48.5,48.75,58274.0
2026-09-21,TWSE,2489,瑞軒,43.65,44.5,42.65,44.15,79748448.0
2026-09-21,TWSE,2491,吉祥全,40.6,42.5,40.6,41.3,1054922.0
2026-09-21,TWSE,2492,華新科,305.0,311.0,300.0,309.5,15512592.0
2026-09-21,TWSE,2493,揚博,195.0,195.0,186.0,192.5,9889463.0
2026-09-21,TWSE,2495,普安,38.3,39.1,37.8,38.05,1319604.0
2026-09-21,TWSE,2496,卓越,55.3,55.3,55.3,55.3,1447.0
2026-09-21,TWSE,2497,怡利電,44.25,44.5,43.6,44.35,292126.0
2026-09-21,TWSE,2498,宏達電,40.2,40.25,39.55,39.55,10516652.0
2026-09-21,TWSE,2501,國建,22.55,22.85,21.55,21.8,6628522.0
2026-09-21,TWSE,2504,國產,31.35,31.6,31.15,31.6,2210788.0
2026-09-21,TWSE,2505,國揚,17.6,17.75,16.7,16.7,6507494.0
2026-09-21,TWSE,2506,太設,8.63,8.64,8.2,8.2,1360389.0
2026-09-21,TWSE,2509,全坤建,15.0,15.5,14.7,14.9,224244.0
2026-09-21,TWSE,2511,太子,8.52,8.62,8.39,8.39,2007750.0
2026-09-21,TWSE,2514,龍邦,11.7,11.8,11.4,11.7,149738.0
2026-09-21,TWSE,2515,中工,12.35,12.5,11.95,11.95,16630954.0
2026-09-21,TWSE,2516,新建,14.55,14.7,14.55,14.6,99675.0
2026-09-21,TWSE,2520,冠德,39.6,39.6,37.6,38.0,5226464.0
2026-09-21,TWSE,2524,京城,37.5,37.5,37.5,37.5,240441.0
2026-09-21,TWSE,2527,宏璟,44.75,45.95,44.75,45.8,1087865.0
2026-09-21,TWSE,2528,皇普,20.0,20.45,19.7,19.7,992277.0
2026-09-21,TWSE,2530,華建,20.7,21.05,20.25,20.8,1570606.0
2026-09-21,TWSE,2534,宏盛,17.35,17.35,16.9,16.9,752031.0
2026-09-21,TWSE,2535,達欣工,91.9,91.9,89.8,90.3,226862.0
2026-09-21,TWSE,2536,宏普,19.9,20.05,19.4,19.4,1070491.0
2026-09-21,TWSE,2537,聯上發,12.05,12.1,11.35,11.35,2797562.0
2026-09-21,TWSE,2538,基泰,8.79,9.0,8.46,8.46,10701641.0
2026-09-21,TWSE,2539,櫻花建,35.9,36.1,35.15,36.1,1848467.0
2026-09-21,TWSE,2540,愛山林,54.0,54.0,50.6,50.6,1901386.0
2026-09-21,TWSE,2542,興富發,48.8,48.9,47.15,47.8,25349766.0
2026-09-21,TWSE,2543,皇昌,39.95,40.4,39.2,39.45,1833223.0
2026-09-21,TWSE,2545,皇翔,35.05,36.2,34.4,35.2,621153.0
2026-09-21,TWSE,2546,根基,108.5,108.5,106.0,106.5,244479.0
2026-09-21,TWSE,2547,日勝生,10.05,10.1,9.96,10.1,2138642.0
2026-09-21,TWSE,2548,華固,98.0,98.6,95.8,96.5,4428034.0
2026-09-21,TWSE,2597,潤弘,174.0,174.0,171.0,172.5,215835.0
2026-09-21,TWSE,2601,益航,6.3,6.3,5.92,5.92,23990310.0
2026-09-21,TWSE,2603,長榮,242.0,245.5,238.5,240.5,10734765.0
2026-09-21,TWSE,2605,新興,37.15,37.6,36.1,36.1,9451516.0
2026-09-21,TWSE,2606,裕民,77.3,77.5,75.7,77.4,2655269.0
2026-09-21,TWSE,2607,榮運,53.5,53.7,53.3,53.3,488809.0
2026-09-21,TWSE,2608,嘉里大榮,28.9,29.1,28.8,29.1,341851.0
2026-09-21,TWSE,2609,陽明,61.5,63.1,60.3,61.0,47583928.0
2026-09-21,TWSE,2610,華航,20.35,20.35,20.05,20.15,24511612.0
2026-09-21,TWSE,2611,志信,14.45,14.45,14.3,14.4,473370.0
2026-09-21,TWSE,2612,中航,63.6,63.8,62.5,62.8,306489.0
2026-09-21,TWSE,2613,中櫃,22.25,22.5,22.1,22.1,182110.0
2026-09-21,TWSE,2614,東森,18.1,18.15,18.0,18.0,478438.0
2026-09-21,TWSE,2615,萬海,118.0,125.0,115.0,120.5,30550377.0
2026-09-21,TWSE,2616,山隆,13.3,13.35,13.25,13.3,64523.0
2026-09-21,TWSE,2617,台航,33.1,33.3,32.6,32.95,969283.0
2026-09-21,TWSE,2618,長榮航,42.05,42.1,41.2,41.75,33904689.0
2026-09-21,TWSE,2630,亞航,47.5,47.7,47.0,47.3,529325.0
2026-09-21,TWSE,2633,台灣高鐵,25.95,26.0,25.7,25.75,18318009.0
2026-09-21,TWSE,2634,漢翔,64.5,64.7,64.0,64.6,4526748.0
2026-09-21,TWSE,2636,台驊控股,71.3,71.3,70.2,71.2,350379.0
2026-09-21,TWSE,2637,慧洋-KY,102.0,103.5,100.5,102.0,2224030.0
2026-09-21,TWSE,2642,宅配通,20.5,20.5,20.4,20.4,38845.0
2026-09-21,TWSE,2645,長榮航太,173.0,176.0,173.0,174.0,974064.0
2026-09-21,TWSE,2646,星宇航空,20.15,20.6,20.05,20.6,10088623.0
2026-09-21,TWSE,2701,萬企,10.45,10.45,10.35,10.4,35830.0
2026-09-21,TWSE,2702,華園,12.75,12.8,12.65,12.8,41755.0
2026-09-21,TWSE,2704,國賓,46.05,46.05,45.55,45.75,79300.0
2026-09-21,TWSE,2705,六福,15.25,15.35,15.0,15.35,104453.0
2026-09-21,TWSE,2706,第一店,12.15,12.2,12.15,12.15,124543.0
2026-09-21,TWSE,2707,晶華,178.0,178.0,176.0,177.0,170404.0
2026-09-21,TWSE,2712,遠雄來,13.5,13.55,13.45,13.5,6694.0
2026-09-21,TWSE,2722,夏都,21.5,21.5,21.0,21.25,29256.0
2026-09-21,TWSE,2723,美食-KY,79.5,79.5,78.3,78.7,281267.0
2026-09-21,TWSE,2727,王品,227.0,227.5,226.5,227.0,228769.0
2026-09-21,TWSE,2731,雄獅,144.5,144.5,142.5,143.0,189597.0
2026-09-21,TWSE,2739,寒舍,37.15,37.25,36.75,37.0,44756.0
2026-09-21,TWSE,2748,雲品,38.9,39.0,38.75,38.9,45623.0
2026-09-21,TWSE,2753,八方雲集,178.5,181.0,178.5,180.0,142341.0
2026-09-21,TWSE,2762,世界健身-KY,79.4,80.6,79.4,80.4,29170.0
2026-09-21,TWSE,2801,彰銀,29.7,29.7,28.8,28.95,45992866.0
2026-09-21,TWSE,2812,台中銀,19.5,19.5,19.2,19.35,25370308.0
2026-09-21,TWSE,2816,旺旺保,41.4,41.4,40.15,40.45,618133.0
2026-09-21,TWSE,2820,華票,17.45,17.5,17.2,17.45,3763458.0
2026-09-21,TWSE,2832,台產,59.7,59.7,58.2,58.7,247652.0
2026-09-21,TWSE,2834,臺企銀,18.75,18.75,18.2,18.35,80602711.0
2026-09-21,TWSE,2836,高雄銀,12.5,12.55,12.3,12.4,3046702.0
2026-09-21,TWSE,2838,聯邦銀,21.9,21.9,21.3,21.4,3153841.0
2026-09-21,TWSE,2845,遠東銀,13.75,13.75,13.45,13.55,13411078.0
2026-09-21,TWSE,2849,安泰銀,15.9,16.25,15.85,16.25,522239.0
2026-09-21,TWSE,2850,新產,158.5,159.0,156.5,159.0,238769.0
2026-09-21,TWSE,2851,中再保,47.45,47.45,46.1,47.0,2661652.0
2026-09-21,TWSE,2852,第一保,28.25,28.3,28.0,28.3,501738.0
2026-09-21,TWSE,2855,統一證,52.9,53.3,52.3,53.3,4698696.0
2026-09-21,TWSE,2880,華南金,47.55,48.0,46.25,47.65,35776337.0
2026-09-21,TWSE,2881,富邦金,152.5,152.5,148.0,150.5,28248424.0
2026-09-21,TWSE,2882,國泰金,113.0,113.0,109.0,110.5,43826072.0
2026-09-21,TWSE,2883,凱基金,40.0,40.0,38.4,39.3,84041486.0
2026-09-21,TWSE,2884,玉山金,47.3,47.3,45.0,46.4,91400807.0
2026-09-21,TWSE,2885,元大金,69.2,70.0,68.6,70.0,51889026.0
2026-09-21,TWSE,2886,兆豐金,51.9,51.9,50.1,51.1,47531956.0
2026-09-21,TWSE,2887,台新新光金,44.7,44.7,42.6,44.4,139346857.0
2026-09-21,TWSE,2889,國票金,17.4,17.5,16.9,17.15,19915199.0
2026-09-21,TWSE,2890,永豐金,46.05,46.05,44.8,45.25,52002471.0
2026-09-21,TWSE,2891,中信金,72.0,72.0,68.9,69.5,75667472.0
2026-09-21,TWSE,2892,第一金,40.75,40.75,38.9,39.8,52942496.0
2026-09-21,TWSE,2897,王道銀行,11.3,11.3,10.95,11.1,7034401.0
2026-09-21,TWSE,2901,欣欣,23.25,23.25,23.05,23.2,8568.0
2026-09-21,TWSE,2903,遠百,22.1,22.2,22.05,22.2,919762.0
2026-09-21,TWSE,2904,匯僑,12.55,12.55,12.5,12.5,22268.0
2026-09-21,TWSE,2905,三商,18.75,18.75,18.15,18.45,2529525.0
2026-09-21,TWSE,2906,高林,13.8,13.9,13.7,13.85,97683.0
2026-09-21,TWSE,2908,特力,21.95,22.25,21.95,22.25,228453.0
2026-09-21,TWSE,2910,統領,23.5,23.8,23.15,23.65,16050.0
2026-09-21,TWSE,2911,麗嬰房,6.34,6.37,6.29,6.34,61847.0
2026-09-21,TWSE,2912,統一超,217.5,217.5,214.5,216.5,2787692.0
2026-09-21,TWSE,2913,農林,11.1,11.15,10.9,10.9,3068939.0
2026-09-21,TWSE,2915,潤泰全,59.3,59.5,58.7,59.0,2609847.0
2026-09-21,TWSE,2923,鼎固-KY,25.2,27.1,24.8,27.1,353005.0
2026-09-21,TWSE,2929,淘帝-KY,5.72,5.8,5.72,5.79,203489.0
2026-09-21,TWSE,2939,永邑-KY,20.85,20.85,20.25,20.5,18006.0
2026-09-21,TWSE,2945,三商家購,40.05,40.05,39.9,40.0,16628.0
2026-09-21,TWSE,3002,歐格,19.0,20.45,19.0,20.45,1197574.0
2026-09-21,TWSE,3003,健和興,58.8,59.6,58.3,58.9,428245.0
2026-09-21,TWSE,3004,豐達科,118.0,119.5,117.0,119.5,195653.0
2026-09-21,TWSE,3005,神基,119.0,119.0,117.0,118.5,1692787.0
2026-09-21,TWSE,3006,晶豪科,290.0,296.5,285.0,291.0,14291230.0
2026-09-21,TWSE,3008,大立光,6280.0,6500.0,6150.0,6430.0,2850571.0
2026-09-21,TWSE,3010,華立,124.5,125.0,123.0,125.0,414987.0
2026-09-21,TWSE,3011,今皓,10.0,10.1,9.88,9.98,579228.0
2026-09-21,TWSE,3013,晟銘電,83.8,83.8,81.9,82.8,1023134.0
2026-09-21,TWSE,3014,聯陽,134.5,137.0,134.0,135.5,2377769.0
2026-09-21,TWSE,3015,全漢,52.0,52.3,51.5,51.8,217298.0
2026-09-21,TWSE,3016,嘉晶,116.5,119.0,115.0,116.5,11658641.0
2026-09-21,TWSE,3017,奇鋐,3345.0,3450.0,3290.0,3430.0,3785048.0
2026-09-21,TWSE,3018,隆銘綠能,11.65,12.0,11.65,12.0,28225.0
2026-09-21,TWSE,3019,亞光,138.5,139.0,136.5,137.0,2259857.0
2026-09-21,TWSE,3021,鴻名,26.5,27.5,26.4,26.7,1145097.0
2026-09-21,TWSE,3022,威強電,90.5,91.4,89.7,91.0,1158352.0
2026-09-21,TWSE,3023,信邦,318.0,329.0,318.0,327.5,699062.0
2026-09-21,TWSE,3024,憶聲,15.5,15.6,14.9,15.1,3454425.0
2026-09-21,TWSE,3025,星通,51.5,51.7,51.3,51.6,75077.0
2026-09-21,TWSE,3026,禾伸堂,791.0,811.0,766.0,797.0,10354507.0
2026-09-21,TWSE,3027,盛達,17.75,18.0,17.4,17.4,189134.0
2026-09-21,TWSE,3028,增你強,61.3,62.0,61.3,61.8,550857.0
2026-09-21,TWSE,3029,零壹,116.0,125.0,116.0,125.0,6877923.0
2026-09-21,TWSE,3030,德律,269.0,269.0,265.5,267.0,538100.0
2026-09-21,TWSE,3031,佰鴻,27.0,28.7,26.1,28.45,9800785.0
2026-09-21,TWSE,3032,偉訓,76.1,76.5,75.0,75.1,491135.0
2026-09-21,TWSE,3033,威健,42.1,42.3,41.6,41.6,2451771.0
2026-09-21,TWSE,3034,聯詠,550.0,558.0,544.0,558.0,4760155.0
2026-09-21,TWSE,3035,智原,184.0,193.0,182.5,190.5,9197865.0
2026-09-21,TWSE,3036,文曄,204.0,209.5,201.5,205.5,12750358.0
2026-09-21,TWSE,3037,欣興,973.0,990.0,971.0,981.0,14576719.0
2026-09-21,TWSE,3038,全台,20.65,20.7,20.3,20.3,242909.0
2026-09-21,TWSE,3040,遠見,34.15,34.55,33.5,34.45,189944.0
2026-09-21,TWSE,3041,揚智,22.9,23.4,22.75,23.0,1102190.0
2026-09-21,TWSE,3042,晶技,183.0,187.5,182.0,184.5,10365783.0
2026-09-21,TWSE,3043,科風,20.25,20.65,20.25,20.65,43685.0
2026-09-21,TWSE,3044,健鼎,509.0,518.0,505.0,518.0,4722978.0
2026-09-21,TWSE,3045,台灣大,124.5,125.5,123.0,124.0,18171327.0
2026-09-21,TWSE,3046,建碁,53.6,53.8,53.0,53.8,143805.0
2026-09-21,TWSE,3047,訊舟,13.9,14.0,13.75,13.85,449703.0
2026-09-21,TWSE,3048,益登,51.2,51.2,50.6,51.0,619483.0
2026-09-21,TWSE,3049,精金,12.1,12.15,11.9,12.1,2707209.0
2026-09-21,TWSE,3050,鈺德,11.4,11.4,11.25,11.4,419740.0
2026-09-21,TWSE,3051,力特,22.1,22.6,21.85,22.6,714443.0
2026-09-21,TWSE,3052,夆典,10.45,10.45,10.35,10.35,152409.0
2026-09-21,TWSE,3054,立萬利,57.7,58.1,57.2,57.8,50644.0
2026-09-21,TWSE,3055,蔚華科,166.0,173.5,163.5,171.0,1902129.0
2026-09-21,TWSE,3056,富華新,14.2,14.95,14.2,14.75,2783341.0
2026-09-21,TWSE,3057,喬鼎,16.6,16.7,16.3,16.35,108965.0
2026-09-21,TWSE,3058,立德,8.19,8.19,8.05,8.15,350873.0
2026-09-21,TWSE,3059,華晶科,38.5,38.55,38.05,38.15,995264.0
2026-09-21,TWSE,3060,銘異,27.1,27.1,26.55,26.7,381745.0
2026-09-21,TWSE,3062,建漢,21.4,21.45,20.85,21.05,1265816.0
2026-09-21,TWSE,3090,日電貿,163.5,165.0,162.0,165.0,2105266.0
2026-09-21,TWSE,3092,鴻碩,22.4,23.8,22.0,23.15,364305.0
2026-09-21,TWSE,3094,聯傑,48.8,51.7,48.6,51.7,17281945.0
2026-09-21,TWSE,3130,一零四,208.0,209.5,208.0,209.5,65164.0
2026-09-21,TWSE,3135,凌航,163.5,164.5,161.5,163.5,426003.0
2026-09-21,TWSE,3138,耀登,105.5,113.0,105.0,108.0,3756404.0
2026-09-21,TWSE,3149,正達,63.2,63.8,62.0,63.8,7557866.0
2026-09-21,TWSE,3150,鈺寶-創,15.05,15.25,15.0,15.25,28000.0
2026-09-21,TWSE,3164,景岳,15.75,16.0,15.75,15.85,16934.0
2026-09-21,TWSE,3167,大量,833.0,855.0,810.0,834.0,7060893.0
2026-09-21,TWSE,3168,眾福科,42.7,42.7,42.25,42.6,7022.0
2026-09-21,TWSE,3189,景碩,828.0,850.0,815.0,832.0,18317821.0
2026-09-21,TWSE,3209,全科,45.9,45.9,45.45,45.8,444299.0
2026-09-21,TWSE,3229,晟鈦,59.5,64.4,59.3,64.4,3951268.0
2026-09-21,TWSE,3231,緯創,189.5,190.5,186.5,186.5,44060071.0
2026-09-21,TWSE,3257,虹冠電,48.6,48.6,47.9,48.2,154000.0
2026-09-21,TWSE,3266,昇陽,14.15,14.15,13.75,14.0,88234.0
2026-09-21,TWSE,3296,勝德,25.7,28.3,25.55,28.3,432338.0
2026-09-21,TWSE,3305,昇貿,102.0,103.0,101.5,102.5,567674.0
2026-09-21,TWSE,3308,聯德,21.65,22.1,21.45,21.9,30049.0
2026-09-21,TWSE,3311,閎暉,37.0,38.8,36.75,38.7,1410503.0
2026-09-21,TWSE,3312,弘憶股,49.9,51.5,49.15,51.1,1482020.0
2026-09-21,TWSE,3321,同泰,17.1,18.0,17.1,18.0,175354.0
2026-09-21,TWSE,3338,泰碩,66.5,68.1,66.0,68.0,521399.0
2026-09-21,TWSE,3346,麗清,22.3,22.3,22.3,22.3,903888.0
2026-09-21,TWSE,3376,新日興,178.5,181.0,177.0,179.0,2503624.0
2026-09-21,TWSE,3380,明泰,30.7,30.7,30.0,30.15,1524750.0
2026-09-21,TWSE,3406,玉晶光,996.0,999.0,955.0,972.0,8014269.0
2026-09-21,TWSE,3413,京鼎,284.0,286.5,281.5,285.0,667280.0
2026-09-21,TWSE,3416,融程電,163.0,163.0,160.5,162.5,157686.0
2026-09-21,TWSE,3419,譁裕,10.8,11.75,10.7,11.45,250112.0
2026-09-21,TWSE,3432,台端,15.55,15.55,15.4,15.55,137526.0
2026-09-21,TWSE,3437,榮創,20.95,22.35,20.4,22.35,9848954.0
2026-09-21,TWSE,3443,創意,6600.0,7150.0,6510.0,7150.0,2735598.0
2026-09-21,TWSE,3447,展達,27.5,30.0,27.5,28.45,225451.0
2026-09-21,TWSE,3450,聯鈞,538.0,565.0,525.0,538.0,11465308.0
2026-09-21,TWSE,3481,群創,49.4,49.4,48.25,48.25,128581460.0
2026-09-21,TWSE,3494,誠研,7.7,7.7,7.11,7.3,298617.0
2026-09-21,TWSE,3501,維熹,38.85,38.85,38.2,38.4,76111.0
2026-09-21,TWSE,3504,揚明光,79.7,81.3,79.2,80.5,1054033.0
2026-09-21,TWSE,3515,華擎,213.5,215.0,210.5,212.0,331791.0
2026-09-21,TWSE,3518,柏騰,31.5,31.5,30.8,30.9,414945.0
2026-09-21,TWSE,3528,安馳,83.2,85.2,82.8,83.8,254937.0
2026-09-21,TWSE,3530,晶相光,57.8,58.5,57.2,58.2,114001.0
2026-09-21,TWSE,3532,台勝科,457.0,461.0,438.5,447.5,6778115.0
2026-09-21,TWSE,3533,嘉澤,1580.0,1615.0,1560.0,1585.0,692613.0
2026-09-21,TWSE,3535,晶彩科,88.0,88.5,86.5,88.5,433498.0
2026-09-21,TWSE,3543,州巧,45.4,45.4,44.1,44.3,950901.0
2026-09-21,TWSE,3545,敦泰,49.9,51.8,49.9,51.6,954988.0
2026-09-21,TWSE,3550,聯穎,23.0,24.75,22.9,23.7,2990142.0
2026-09-21,TWSE,3557,嘉威,23.25,23.25,22.75,23.15,37560.0
2026-09-21,TWSE,3563,牧德,675.0,676.0,665.0,671.0,268658.0
2026-09-21,TWSE,3576,聯合再生,16.5,17.1,16.25,17.1,13416440.0
2026-09-21,TWSE,3583,辛耘,706.0,708.0,693.0,702.0,468127.0
2026-09-21,TWSE,3588,通嘉,52.2,52.8,51.5,52.4,124703.0
2026-09-21,TWSE,3592,瑞鼎,226.0,226.0,223.5,224.5,258326.0
2026-09-21,TWSE,3593,力銘,9.8,9.86,9.4,9.75,19872.0
2026-09-21,TWSE,3596,智易,155.5,157.0,154.0,155.5,844681.0
2026-09-21,TWSE,3605,宏致,149.5,154.0,142.0,154.0,38476309.0
2026-09-21,TWSE,3607,谷崧,13.7,13.85,13.65,13.85,122008.0
2026-09-21,TWSE,3617,碩天,247.5,249.5,244.5,246.0,324368.0
2026-09-21,TWSE,3622,洋華,46.9,46.9,45.8,46.5,210493.0
2026-09-21,TWSE,3645,達邁,70.2,70.2,68.4,68.7,893483.0
2026-09-21,TWSE,3652,精聯,33.5,33.75,33.45,33.75,66030.0
2026-09-21,TWSE,3653,健策,5520.0,5650.0,5415.0,5525.0,1052328.0
2026-09-21,TWSE,3661,世芯-KY,3390.0,3540.0,3380.0,3540.0,5093871.0
2026-09-21,TWSE,3665,貿聯-KY,2060.0,2210.0,2045.0,2210.0,6471964.0
2026-09-21,TWSE,3669,圓展,33.2,33.2,32.4,32.7,70175.0
2026-09-21,TWSE,3673,TPK-KY,64.5,64.7,63.4,64.5,2447647.0
2026-09-21,TWSE,3679,新至陞,108.0,109.0,107.5,108.5,29638.0
2026-09-21,TWSE,3686,達能,14.15,14.35,14.1,14.3,138952.0
2026-09-21,TWSE,3694,海華,50.8,51.0,50.0,50.6,632541.0
2026-09-21,TWSE,3701,大眾控,41.5,42.05,41.1,41.1,481990.0
2026-09-21,TWSE,3702,大聯大,111.5,114.5,111.0,114.5,14990819.0
2026-09-21,TWSE,3703,欣陸,20.65,20.65,20.05,20.05,1574191.0
2026-09-21,TWSE,3704,合勤控,40.6,41.2,40.35,41.15,2036622.0
2026-09-21,TWSE,3705,永信,56.8,57.4,56.2,57.4,419136.0
2026-09-21,TWSE,3706,神達,81.5,81.5,79.6,80.5,5873344.0
2026-09-21,TWSE,3708,上緯投控,97.0,97.6,96.5,96.7,1258423.0
2026-09-21,TWSE,3711,日月光投控,631.0,643.0,627.0,638.0,27928565.0
2026-09-21,TWSE,3712,永崴投控,21.0,21.2,20.6,20.6,455691.0
2026-09-21,TWSE,3714,富采,66.9,68.8,65.0,67.4,18867951.0
2026-09-21,TWSE,3715,定穎投控,122.0,122.5,118.5,118.5,3411215.0
2026-09-21,TWSE,3716,中化控股,33.95,34.1,33.5,33.5,2721173.0
2026-09-21,TWSE,3717,聯嘉投控,23.3,25.15,23.05,25.1,16980049.0
2026-09-21,TWSE,4104,佳醫,72.2,72.7,71.9,72.7,128646.0
2026-09-21,TWSE,4106,雃博,24.6,24.6,24.3,24.55,81492.0
2026-09-21,TWSE,4108,懷特,11.35,11.35,11.2,11.35,119919.0
2026-09-21,TWSE,4119,旭富,60.7,60.7,58.1,58.2,183954.0
2026-09-21,TWSE,4133,亞諾法,20.6,20.75,20.3,20.65,116839.0
2026-09-21,TWSE,4137,麗豐-KY,77.2,78.8,77.0,78.8,195613.0
2026-09-21,TWSE,4142,國光生,17.75,17.8,17.55,17.8,810993.0
2026-09-21,TWSE,4148,全宇生技-KY,32.6,33.2,32.6,33.2,16389.0
2026-09-21,TWSE,4155,訊映,14.85,15.15,14.85,15.15,352705.0
2026-09-21,TWSE,4164,承業醫,26.05,26.3,25.75,26.05,486493.0
2026-09-21,TWSE,4169,泰宗,147.0,158.0,147.0,158.0,132422.0
2026-09-21,TWSE,4178,永笙-KY,16.7,17.0,16.45,17.0,178055.0
2026-09-21,TWSE,4190,佐登-KY,25.55,25.7,25.25,25.3,31246.0
2026-09-21,TWSE,4195,基米-創,13.1,13.25,13.1,13.15,56516.0
2026-09-21,TWSE,4306,炎洲,14.75,14.8,14.55,14.8,921233.0
2026-09-21,TWSE,4414,如興,8.33,8.34,8.26,8.31,129700.0
2026-09-21,TWSE,4426,利勤,7.56,7.66,7.5,7.63,76600.0
2026-09-21,TWSE,4438,廣越,57.0,57.2,56.5,56.5,57128.0
2026-09-21,TWSE,4439,冠星-KY,94.8,95.2,93.8,93.8,8510.0
2026-09-21,TWSE,4440,宜新實業,17.5,17.75,17.5,17.6,29072.0
2026-09-21,TWSE,4441,振大環球,172.5,174.0,171.5,172.0,55368.0
2026-09-21,TWSE,4526,東台,31.55,32.1,30.9,31.25,1449681.0
2026-09-21,TWSE,4532,瑞智,25.15,25.15,24.65,24.65,1759848.0
2026-09-21,TWSE,4536,拓凱,164.5,166.0,163.0,166.0,277301.0
2026-09-21,TWSE,4540,全球傳動,59.3,59.8,58.9,59.3,1115436.0
2026-09-21,TWSE,4545,銘鈺,33.2,33.5,33.05,33.5,73712.0
2026-09-21,TWSE,4551,智伸科,159.5,160.5,157.0,159.5,293118.0
2026-09-21,TWSE,4552,力達-KY,16.15,16.15,15.7,15.95,237997.0
2026-09-21,TWSE,4555,氣立,43.8,43.8,42.75,42.85,59636.0
2026-09-21,TWSE,4557,永新-KY,50.0,50.8,49.85,49.85,29292.0
2026-09-21,TWSE,4560,強信-KY,29.25,29.25,28.7,28.85,173000.0
2026-09-21,TWSE,4562,穎漢,29.95,30.2,29.75,30.1,93725.0
2026-09-21,TWSE,4564,元翎,15.8,15.95,15.7,15.7,516385.0
2026-09-21,TWSE,4566,時碩工業,65.4,65.4,64.3,64.5,466997.0
2026-09-21,TWSE,4569,六方科-KY,153.5,157.0,153.5,157.0,41237.0
2026-09-21,TWSE,4571,鈞興-KY,150.5,152.0,150.0,151.5,49916.0
2026-09-21,TWSE,4572,駐龍,142.0,142.0,140.5,140.5,16713.0
2026-09-21,TWSE,4576,大銀微系統,236.0,240.0,229.0,240.0,2055799.0
2026-09-21,TWSE,4581,光隆精密-KY,48.3,48.3,48.3,48.3,2000.0
2026-09-21,TWSE,4582,聚恆-創,22.2,22.45,22.2,22.45,18560.0
2026-09-21,TWSE,4583,台灣精銳,424.0,436.5,422.5,431.5,85606.0
2026-09-21,TWSE,4585,達明,301.0,303.0,300.0,303.0,190352.0
2026-09-21,TWSE,4588,玖鼎電力,55.1,55.8,54.9,55.2,77039.0
2026-09-21,TWSE,4590,富田-創,90.7,91.0,89.6,91.0,175402.0
2026-09-21,TWSE,4720,德淵,18.75,19.15,18.45,18.7,616612.0
2026-09-21,TWSE,4722,國精化,185.0,189.5,182.5,189.5,1791803.0
2026-09-21,TWSE,4736,泰博,134.0,134.0,131.0,133.0,307272.0
2026-09-21,TWSE,4737,華廣,60.7,60.8,59.3,60.3,61578.0
2026-09-21,TWSE,4739,康普,80.5,80.6,79.1,79.5,771170.0
2026-09-21,TWSE,4746,台耀,47.7,48.3,47.35,47.85,831499.0
2026-09-21,TWSE,4755,三福化,115.0,115.0,111.5,113.0,378989.0
2026-09-21,TWSE,4763,材料*-KY,48.0,50.5,47.45,50.5,16776030.0
2026-09-21,TWSE,4764,雙鍵,209.0,209.5,202.0,204.5,662247.0
2026-09-21,TWSE,4766,南寶,344.0,346.0,342.0,346.0,139877.0
2026-09-21,TWSE,4770,上品,242.0,255.5,242.0,251.0,2133247.0
2026-09-21,TWSE,4771,望隼,219.0,219.5,211.5,215.0,459665.0
2026-09-21,TWSE,4807,日成-KY,29.9,31.4,29.5,31.4,189760.0
2026-09-21,TWSE,4904,遠傳,106.0,107.0,105.5,107.0,12676593.0
2026-09-21,TWSE,4906,正文,36.5,37.0,36.35,37.0,5500298.0
2026-09-21,TWSE,4912,聯德控股-KY,93.1,98.7,92.2,98.7,587382.0
2026-09-21,TWSE,4915,致伸,64.5,65.9,64.4,65.5,5517172.0
2026-09-21,TWSE,4916,事欣科,105.0,107.5,102.5,105.5,15854725.0
2026-09-21,TWSE,4919,新唐,118.0,126.5,117.0,126.5,6752199.0
2026-09-21,TWSE,4927,泰鼎-KY,43.85,44.25,42.8,44.25,4819377.0
2026-09-21,TWSE,4930,燦星網,16.15,16.2,16.15,16.2,277047.0
2026-09-21,TWSE,4934,太極,13.8,14.0,13.5,13.9,397421.0
2026-09-21,TWSE,4935,茂林-KY,32.15,34.7,31.5,34.45,409575.0
2026-09-21,TWSE,4938,和碩,91.0,91.3,89.7,90.3,9060950.0
2026-09-21,TWSE,4942,嘉彰,31.15,32.4,31.15,31.3,99360.0
2026-09-21,TWSE,4943,康控-KY,7.68,7.68,7.0,7.18,57777.0
2026-09-21,TWSE,4949,有成精密,75.1,75.1,74.2,74.6,267424.0
2026-09-21,TWSE,4952,凌通,47.85,48.2,47.45,47.9,202847.0
2026-09-21,TWSE,4956,光鋐,40.25,42.6,39.4,42.6,23944980.0
2026-09-21,TWSE,4958,臻鼎-KY,486.0,491.0,472.0,473.0,29899628.0
2026-09-21,TWSE,4960,誠美材,23.0,23.85,21.4,22.9,19107976.0
2026-09-21,TWSE,4961,天鈺,184.0,184.0,179.5,183.5,1228112.0
2026-09-21,TWSE,4967,十銓,274.0,277.0,272.5,277.0,4140493.0
2026-09-21,TWSE,4968,立積,92.3,93.3,91.5,92.0,341161.0
2026-09-21,TWSE,4976,佳凌,35.95,36.8,35.9,36.6,930903.0
2026-09-21,TWSE,4977,眾達-KY,175.0,178.0,172.0,175.0,3420485.0
2026-09-21,TWSE,4989,榮科,60.9,61.8,60.3,61.0,1871051.0
2026-09-21,TWSE,4994,傳奇,81.6,82.9,79.1,80.7,54160.0
2026-09-21,TWSE,4999,鑫禾,17.95,17.95,17.7,17.9,43320.0
2026-09-21,TWSE,5007,三星,55.6,55.6,55.5,55.6,25074.0
2026-09-21,TWSE,5203,訊連,58.3,59.0,58.0,58.0,164544.0
2026-09-21,TWSE,5215,科嘉-KY,37.65,38.3,37.65,37.95,13355.0
2026-09-21,TWSE,5222,全訊,104.0,104.5,102.5,103.5,174178.0
2026-09-21,TWSE,5225,東科-KY,54.7,55.2,54.5,55.1,94571.0
2026-09-21,TWSE,5234,達興材料,307.0,307.0,291.5,296.0,201036.0
2026-09-21,TWSE,5236,凌陽創新,133.0,135.0,133.0,134.0,61787.0
2026-09-21,TWSE,5243,乙盛-KY,90.1,90.5,88.8,90.3,592159.0
2026-09-21,TWSE,5244,弘凱,35.95,36.9,35.75,36.9,477052.0
2026-09-21,TWSE,5258,虹堡,42.8,42.8,42.3,42.3,140320.0
2026-09-21,TWSE,5269,祥碩,1490.0,1505.0,1480.0,1495.0,775736.0
2026-09-21,TWSE,5283,禾聯碩,53.3,56.3,52.7,56.3,103579.0
2026-09-21,TWSE,5284,jpp-KY,297.0,299.0,294.5,297.0,85127.0
2026-09-21,TWSE,5285,界霖,89.1,93.3,87.7,93.3,3063177.0
2026-09-21,TWSE,5288,豐祥-KY,188.5,190.5,184.5,189.0,205905.0
2026-09-21,TWSE,5292,華懋,216.5,220.0,216.5,220.0,63191.0
2026-09-21,TWSE,5306,桂盟,89.8,89.8,88.1,88.1,129394.0
2026-09-21,TWSE,5388,中磊,74.6,74.6,73.2,73.6,1902797.0
2026-09-21,TWSE,5434,崇越,535.0,545.0,532.0,540.0,860162.0
2026-09-21,TWSE,5469,瀚宇博,74.1,74.1,72.8,72.8,2260341.0
2026-09-21,TWSE,5471,松翰,51.6,52.4,50.9,52.1,884539.0
2026-09-21,TWSE,5484,慧友,39.8,39.9,39.35,39.35,105404.0
2026-09-21,TWSE,5515,建國,50.3,50.3,49.8,49.9,585852.0
2026-09-21,TWSE,5519,隆大,26.3,27.2,25.85,26.35,461616.0
2026-09-21,TWSE,5521,工信,10.7,10.7,10.6,10.7,3248220.0
2026-09-21,TWSE,5522,遠雄,62.8,62.9,61.3,62.2,1394765.0
2026-09-21,TWSE,5525,順天,22.2,22.45,22.15,22.25,109037.0
2026-09-21,TWSE,5531,鄉林,7.39,7.48,6.91,6.91,10007844.0
2026-09-21,TWSE,5533,皇鼎,14.0,14.25,14.0,14.15,371107.0
2026-09-21,TWSE,5534,長虹,78.1,78.4,75.7,76.4,1632659.0
2026-09-21,TWSE,5538,東明-KY,35.7,35.7,35.25,35.45,44003.0
2026-09-21,TWSE,5546,永固-KY,14.3,14.75,14.2,14.75,48244.0
2026-09-21,TWSE,5607,遠雄港,52.8,53.3,52.5,53.0,642023.0
2026-09-21,TWSE,5608,四維航,16.9,17.05,16.7,16.9,2061425.0
2026-09-21,TWSE,5706,鳳凰,43.85,44.2,43.8,44.2,74656.0
2026-09-21,TWSE,5871,中租-KY,113.0,113.0,111.0,112.0,8033755.0
2026-09-21,TWSE,5876,上海商銀,49.8,49.8,48.65,49.45,10090377.0
2026-09-21,TWSE,5880,合庫金,27.5,27.5,27.05,27.3,30844955.0
2026-09-21,TWSE,5906,台南-KY,42.8,42.8,41.1,42.25,4015.0
2026-09-21,TWSE,5907,大洋-KY,4.9,4.91,4.77,4.84,672269.0
2026-09-21,TWSE,6005,群益證,31.5,31.6,31.2,31.5,10227792.0
2026-09-21,TWSE,6024,群益期,61.6,61.6,60.9,61.2,340531.0
2026-09-21,TWSE,6108,競國,24.2,24.55,23.7,24.1,2156966.0
2026-09-21,TWSE,6112,邁達特,48.8,53.1,48.5,52.1,8939264.0
2026-09-21,TWSE,6115,鎰勝,44.05,45.4,43.9,45.4,133679.0
2026-09-21,TWSE,6116,彩晶,14.2,14.25,13.85,14.0,16464654.0
2026-09-21,TWSE,6117,迎廣,61.9,61.9,60.8,60.9,141232.0
2026-09-21,TWSE,6120,達運,12.45,12.5,12.2,12.35,2350138.0
2026-09-21,TWSE,6128,上福,19.1,19.45,19.1,19.45,36206.0
2026-09-21,TWSE,6133,金橋,26.05,27.7,25.5,27.45,12821654.0
2026-09-21,TWSE,6136,富爾特,24.85,24.9,24.65,24.9,130291.0
2026-09-21,TWSE,6139,亞翔,706.0,734.0,706.0,733.0,4528809.0
2026-09-21,TWSE,6141,柏承,50.0,50.8,49.05,49.85,1517097.0
2026-09-21,TWSE,6142,友勁,9.0,9.0,8.84,8.84,254750.0
2026-09-21,TWSE,6152,百一,14.75,15.15,14.7,15.05,1234500.0
2026-09-21,TWSE,6153,嘉聯益,17.45,17.5,17.0,17.0,4015623.0
2026-09-21,TWSE,6155,鈞寶,56.6,57.0,55.8,56.8,650156.0
2026-09-21,TWSE,6164,華興,12.0,12.45,11.8,12.25,1339427.0
2026-09-21,TWSE,6165,浪凡,48.45,50.3,48.45,50.3,517836.0
2026-09-21,TWSE,6166,凌華,113.5,114.5,112.0,114.5,648977.0
2026-09-21,TWSE,6168,宏齊,37.15,38.85,35.85,38.85,32720032.0
2026-09-21,TWSE,6176,瑞儀,93.6,96.1,93.4,96.1,3847500.0
2026-09-21,TWSE,6177,達麗,50.0,50.4,47.95,48.35,3746204.0
2026-09-21,TWSE,6183,關貿,90.9,91.5,90.0,91.4,21449.0
2026-09-21,TWSE,6184,大豐電,39.6,42.0,39.6,40.8,791994.0
2026-09-21,TWSE,6189,豐藝,47.5,48.15,47.05,48.15,345992.0
2026-09-21,TWSE,6191,精成科,82.9,83.2,82.5,83.2,1065844.0
2026-09-21,TWSE,6192,巨路,110.5,111.5,110.5,111.5,66987.0
2026-09-21,TWSE,6196,帆宣,526.0,541.0,521.0,540.0,2100117.0
2026-09-21,TWSE,6197,佳必琪,310.0,323.5,309.0,320.5,3872484.0
2026-09-21,TWSE,6201,亞弘電,44.8,48.95,44.8,46.4,80801.0
2026-09-21,TWSE,6202,盛群,55.1,56.8,54.7,55.8,1667094.0
2026-09-21,TWSE,6205,詮欣,64.8,64.8,63.7,63.7,239666.0
2026-09-21,TWSE,6206,飛捷,142.0,142.0,138.0,138.5,933542.0
2026-09-21,TWSE,6209,今國光,78.3,80.4,78.3,80.4,6170241.0
2026-09-21,TWSE,6213,聯茂,503.0,525.0,501.0,505.0,22460318.0
2026-09-21,TWSE,6214,精誠,193.5,194.5,192.0,194.5,2040352.0
2026-09-21,TWSE,6215,和椿,99.6,99.7,97.5,98.7,298414.0
2026-09-21,TWSE,6216,居易,19.55,19.55,19.3,19.3,92851.0
2026-09-21,TWSE,6224,聚鼎,88.8,90.0,87.0,89.2,1409069.0
2026-09-21,TWSE,6225,天瀚,62.8,62.8,60.0,60.0,120552.0
2026-09-21,TWSE,6226,光鼎,44.05,48.0,42.3,45.7,129839900.0
2026-09-21,TWSE,6230,尼得科超眾,113.5,113.5,111.5,113.0,49807.0
2026-09-21,TWSE,6235,華孚,38.2,38.2,37.7,37.7,326565.0
2026-09-21,TWSE,6239,力成,280.0,285.0,278.0,284.0,20546917.0
2026-09-21,TWSE,6243,迅杰,37.95,38.2,37.4,38.1,232358.0
2026-09-21,TWSE,6257,矽格,231.0,244.5,227.5,244.5,36727856.0
2026-09-21,TWSE,6269,台郡,64.5,65.0,63.0,64.1,4387337.0
2026-09-21,TWSE,6271,同欣電,229.5,231.0,225.0,229.5,3398861.0
2026-09-21,TWSE,6272,驊陞,27.2,27.45,26.55,26.95,425089.0
2026-09-21,TWSE,6277,宏正,78.5,79.0,78.1,78.9,120484.0
2026-09-21,TWSE,6278,台表科,187.0,196.0,186.0,196.0,3987784.0
2026-09-21,TWSE,6281,全國電,51.0,51.5,50.9,51.1,53586.0
2026-09-21,TWSE,6282,康舒,43.25,43.5,42.85,42.85,2979422.0
2026-09-21,TWSE,6283,淳安,17.95,18.65,17.9,18.5,171888.0
2026-09-21,TWSE,6285,啟碁,229.0,230.5,227.0,227.5,4485576.0
2026-09-21,TWSE,6405,悅城,41.75,42.15,40.0,40.6,1879987.0
2026-09-21,TWSE,6409,旭隼,892.0,930.0,888.0,908.0,684311.0
2026-09-21,TWSE,6412,群電,74.6,74.6,74.0,74.0,631274.0
2026-09-21,TWSE,6414,樺漢,373.0,376.5,372.5,372.5,695350.0
2026-09-21,TWSE,6415,矽力*-KY,419.0,437.5,414.5,437.5,3854994.0
2026-09-21,TWSE,6416,瑞祺電通,119.5,121.0,117.5,120.0,910516.0
2026-09-21,TWSE,6426,統新,381.5,385.0,365.0,373.5,7320096.0
2026-09-21,TWSE,6431,光麗-KY,17.2,17.6,16.95,17.05,153322.0
2026-09-21,TWSE,6438,迅得,147.0,149.5,146.5,148.5,228162.0
2026-09-21,TWSE,6442,光聖,1545.0,1575.0,1510.0,1575.0,1887686.0
2026-09-21,TWSE,6443,元晶,24.0,25.6,23.8,25.5,10928041.0
2026-09-21,TWSE,6446,藥華藥,1205.0,1215.0,1180.0,1180.0,12722966.0
2026-09-21,TWSE,6449,鈺邦,216.0,218.0,213.5,217.0,451180.0
2026-09-21,TWSE,6451,訊芯-KY,427.5,443.5,421.0,443.5,4028344.0
2026-09-21,TWSE,6456,GIS-KY,65.1,65.9,64.2,65.4,2256595.0
2026-09-21,TWSE,6464,台數科,77.7,78.0,77.7,78.0,32394.0
2026-09-21,TWSE,6472,保瑞,426.0,448.0,423.0,444.5,1690749.0
2026-09-21,TWSE,6477,安集,34.45,34.8,33.9,34.35,1206040.0
2026-09-21,TWSE,6491,晶碩,401.0,401.0,391.0,396.0,432230.0
2026-09-21,TWSE,6504,南六,37.45,37.45,36.95,37.2,22250.0
2026-09-21,TWSE,6505,台塑化,85.2,86.5,84.1,86.5,23493760.0
2026-09-21,TWSE,6515,穎崴,6255.0,6475.0,6210.0,6435.0,531845.0
2026-09-21,TWSE,6525,捷敏-KY,131.0,136.0,130.5,135.5,1517543.0
2026-09-21,TWSE,6526,達發,643.0,691.0,640.0,691.0,2751706.0
2026-09-21,TWSE,6531,愛普*,940.0,969.0,939.0,968.0,2693087.0
2026-09-21,TWSE,6533,晶心科,255.0,276.0,250.0,270.5,4601141.0
2026-09-21,TWSE,6534,正瀚-創,90.9,90.9,89.4,89.4,72064.0
2026-09-21,TWSE,6541,泰福-KY,31.5,33.5,31.5,32.5,966221.0
2026-09-21,TWSE,6552,易華電,24.2,24.35,23.9,24.2,54977.0
2026-09-21,TWSE,6558,興能高,23.95,24.0,23.55,23.9,359769.0
2026-09-21,TWSE,6573,虹揚-KY,16.5,16.85,16.4,16.6,104729.0
2026-09-21,TWSE,6579,研揚,153.0,153.0,151.0,152.0,245885.0
2026-09-21,TWSE,6581,鋼聯,110.0,110.5,109.5,109.5,12000.0
2026-09-21,TWSE,6582,申豐,31.3,31.5,31.05,31.5,80202.0
2026-09-21,TWSE,6585,鼎基,105.5,105.5,105.0,105.5,124622.0
2026-09-21,TWSE,6589,台康生技,51.2,52.7,50.2,52.7,1748855.0
2026-09-21,TWSE,6591,動力-KY,42.5,43.9,42.5,43.9,98125.0
2026-09-21,TWSE,6592,和潤企業,59.8,59.8,58.8,58.8,942536.0
2026-09-21,TWSE,6598,ABC-KY,27.7,28.8,27.7,28.55,139530.0
2026-09-21,TWSE,6605,帝寶,136.5,140.0,135.5,139.0,538715.0
2026-09-21,TWSE,6606,建德工業,25.2,25.55,25.0,25.55,43171.0
2026-09-21,TWSE,6614,資拓宏宇,36.45,36.45,35.55,35.85,29332.0
2026-09-21,TWSE,6625,必應,75.0,75.5,74.2,75.1,41165.0
2026-09-21,TWSE,6641,基士德-KY,17.05,17.2,17.05,17.1,11100.0
2026-09-21,TWSE,6645,金萬林-創,12.55,12.6,12.5,12.6,47359.0
2026-09-21,TWSE,6655,科定,126.0,128.5,121.0,123.0,38040.0
2026-09-21,TWSE,6657,華安,34.5,34.5,33.65,33.65,187134.0
2026-09-21,TWSE,6658,聯策,171.5,174.5,170.5,174.5,144070.0
2026-09-21,TWSE,6666,羅麗芬-KY,45.4,45.4,44.4,44.85,22355.0
2026-09-21,TWSE,6668,中揚光,45.9,49.25,44.4,49.25,9271067.0
2026-09-21,TWSE,6669,緯穎,2195.0,2195.0,2115.0,2140.0,4839353.0
2026-09-21,TWSE,6670,復盛應用,275.0,275.5,272.5,275.5,230780.0
2026-09-21,TWSE,6671,三能-KY,22.95,23.05,22.95,23.05,13000.0
2026-09-21,TWSE,6672,騰輝電子-KY,299.5,309.5,297.0,302.0,6002632.0
2026-09-21,TWSE,6674,鋐寶科技,15.7,15.8,15.45,15.8,16000.0
2026-09-21,TWSE,6689,伊雲谷,66.2,68.4,65.5,66.8,1050703.0
2026-09-21,TWSE,6691,洋基工程,619.0,650.0,617.0,650.0,1363773.0
2026-09-21,TWSE,6695,芯鼎,49.85,50.8,49.65,50.6,702017.0
2026-09-21,TWSE,6698,旭暉應材,32.65,32.65,31.95,32.35,87029.0
2026-09-21,TWSE,6706,惠特,146.0,150.0,142.5,149.5,6106039.0
2026-09-21,TWSE,6715,嘉基,398.0,433.0,394.0,433.0,4535425.0
2026-09-21,TWSE,6719,力智,184.5,186.5,182.5,184.5,868071.0
2026-09-21,TWSE,6722,輝創,32.35,33.0,32.1,32.9,26000.0
2026-09-21,TWSE,6742,澤米,52.7,56.3,51.2,54.7,4060130.0
2026-09-21,TWSE,6743,安普新,29.2,29.5,28.95,29.4,272413.0
2026-09-21,TWSE,6753,龍德造船,133.5,135.5,133.5,134.5,532096.0
2026-09-21,TWSE,6754,匯僑設計,42.0,42.1,41.3,41.85,20010.0
2026-09-21,TWSE,6756,威鋒電子,96.6,97.8,95.8,97.8,106010.0
2026-09-21,TWSE,6757,台灣虎航,54.3,54.3,53.2,54.0,621991.0
2026-09-21,TWSE,6768,志強-KY,62.5,62.9,62.5,62.9,157393.0
2026-09-21,TWSE,6770,力積電,73.0,74.0,72.7,74.0,175587517.0
2026-09-21,TWSE,6771,平和環保-創,42.55,42.8,42.4,42.4,12000.0
2026-09-21,TWSE,6776,展碁國際,52.0,52.4,51.9,52.3,184479.0
2026-09-21,TWSE,6781,AES-KY,1015.0,1020.0,1005.0,1010.0,357582.0
2026-09-21,TWSE,6782,視陽,250.0,250.0,238.0,240.0,450547.0
2026-09-21,TWSE,6789,采鈺,447.0,462.5,437.0,459.5,1128975.0
2026-09-21,TWSE,6790,永豐實,37.8,37.95,37.8,37.8,109067.0
2026-09-21,TWSE,6792,詠業,59.1,60.0,58.9,59.4,37096.0
2026-09-21,TWSE,6794,向榮生技,76.9,77.0,74.0,75.5,22001.0
2026-09-21,TWSE,6796,晉弘,51.2,52.2,50.5,52.0,39943.0
2026-09-21,TWSE,6799,來頡,81.4,85.1,81.4,84.1,458506.0
2026-09-21,TWSE,6805,富世達,2195.0,2295.0,2155.0,2295.0,1519334.0
2026-09-21,TWSE,6807,峰源-KY,33.3,33.5,33.3,33.5,3000.0
2026-09-21,TWSE,6830,汎銓,523.0,563.0,516.0,563.0,2580595.0
2026-09-21,TWSE,6831,邁科,539.0,548.0,520.0,535.0,1950355.0
2026-09-21,TWSE,6834,天二科技,104.0,110.5,100.0,110.5,6734855.0
2026-09-21,TWSE,6835,圓裕,30.7,31.2,30.7,30.95,9010.0
2026-09-21,TWSE,6838,台新藥,24.2,24.6,23.65,23.65,213041.0
2026-09-21,TWSE,6854,錼創科技-KY創,91.0,94.6,90.6,93.6,328461.0
2026-09-21,TWSE,6861,睿生光電,216.0,229.5,216.0,229.5,1451647.0
2026-09-21,TWSE,6862,三集瑞-KY,131.5,132.5,131.0,131.0,63849.0
2026-09-21,TWSE,6863,永道-KY,94.5,97.4,94.5,94.5,136495.0
2026-09-21,TWSE,6869,雲豹能源,68.9,70.9,68.0,68.1,667113.0
2026-09-21,TWSE,6873,泓德能源,70.7,70.7,68.7,70.1,394047.0
2026-09-21,TWSE,6885,全福生技,29.8,31.6,29.05,31.6,1962009.0
2026-09-21,TWSE,6887,寶綠特-KY,38.3,38.9,37.6,38.9,16000.0
2026-09-21,TWSE,6890,來億-KY,148.0,149.5,147.0,149.0,226293.0
2026-09-21,TWSE,6901,鑽石投資,15.5,15.5,15.2,15.45,1236322.0
2026-09-21,TWSE,6902,GOGOLOOK,131.5,141.0,131.5,141.0,924702.0
2026-09-21,TWSE,6906,現觀科,82.7,84.4,82.1,84.4,54417.0
2026-09-21,TWSE,6908,宏碁遊戲-創,30.0,30.3,30.0,30.0,15000.0
2026-09-21,TWSE,6909,創控,42.2,42.2,41.4,42.15,464983.0
2026-09-21,TWSE,6914,阜爾運通,122.0,122.0,120.5,121.5,47461.0
2026-09-21,TWSE,6916,華凌,18.15,18.8,18.15,18.55,13000.0
2026-09-21,TWSE,6918,愛派司,75.0,75.3,75.0,75.2,4002.0
2026-09-21,TWSE,6919,康霈*,83.9,86.0,83.3,85.8,6464359.0
2026-09-21,TWSE,6921,嘉雨思-創,63.8,63.8,63.6,63.6,2059.0
2026-09-21,TWSE,6923,中台,76.4,78.9,75.5,76.9,305560.0
2026-09-21,TWSE,6924,榮惠-KY創,132.5,136.0,132.5,134.5,26118.0
2026-09-21,TWSE,6928,攸泰科技,46.9,47.3,46.5,47.15,105359.0
2026-09-21,TWSE,6931,青松健康,39.3,39.6,39.1,39.2,54099.0
2026-09-21,TWSE,6933,AMAX-KY,355.0,360.5,332.0,342.0,3660865.0
2026-09-21,TWSE,6934,心誠鎂,77.4,82.0,76.0,76.8,191143.0
2026-09-21,TWSE,6936,永鴻生技,31.9,32.05,31.8,32.05,10422.0
2026-09-21,TWSE,6937,天虹,299.0,305.0,293.0,303.5,735294.0
2026-09-21,TWSE,6944,兆聯實業,690.0,715.0,689.0,708.0,363536.0
2026-09-21,TWSE,6947,台鎔科技,67.2,67.7,67.0,67.7,146230.0
2026-09-21,TWSE,6949,沛爾生醫*-創,54.5,58.5,53.2,54.5,8705561.0
2026-09-21,TWSE,6951,青新-創,70.1,70.1,69.7,69.9,22210.0
2026-09-21,TWSE,6952,大武山,39.25,39.35,38.3,39.35,10495.0
2026-09-21,TWSE,6955,邦睿生技-創,95.0,96.0,95.0,95.0,6010.0
2026-09-21,TWSE,6957,裕慶-KY,274.5,279.0,267.5,270.5,430572.0
2026-09-21,TWSE,6958,日盛台駿,17.65,17.7,17.4,17.6,42359.0
2026-09-21,TWSE,6962,奕力-KY,31.15,31.3,30.85,30.9,1036957.0
2026-09-21,TWSE,6965,中傑-KY,70.8,71.0,70.2,71.0,16465.0
2026-09-21,TWSE,6969,成信實業*-創,32.65,34.5,32.65,33.2,44330.0
2026-09-21,TWSE,6988,威力暘-創,12.05,12.05,11.8,12.0,54000.0
2026-09-21,TWSE,6994,富威電力,26.75,28.0,26.75,27.8,567875.0
2026-09-21,TWSE,7610,聯友金屬-創,1820.0,1945.0,1765.0,1945.0,2608870.0
2026-09-21,TWSE,7631,聚賢研發-創,139.5,139.5,136.5,138.0,95732.0
2026-09-21,TWSE,7689,大鵬科CLMX,162.5,163.0,161.0,161.5,23114.0
2026-09-21,TWSE,7705,三商餐飲,29.95,30.4,29.85,30.1,52168.0
2026-09-21,TWSE,7711,永擎,566.0,584.0,561.0,570.0,1904132.0
2026-09-21,TWSE,7721,微程式,61.0,61.7,60.4,60.6,75565.0
2026-09-21,TWSE,7722,LINEPAY,265.5,267.0,262.5,262.5,41569.0
2026-09-21,TWSE,7730,暉盛-創,175.5,177.5,173.5,175.0,75610.0
2026-09-21,TWSE,7732,金興精密,34.1,34.45,34.1,34.45,3000.0
2026-09-21,TWSE,7736,虎山,68.7,69.5,68.1,68.6,42215.0
2026-09-21,TWSE,7740,熙特爾-創,122.0,127.0,121.0,124.5,271275.0
2026-09-21,TWSE,7749,意騰-KY,359.0,360.5,356.0,360.5,147372.0
2026-09-21,TWSE,7750,新代,1935.0,1970.0,1915.0,1950.0,188676.0
2026-09-21,TWSE,7760,享溫馨,32.8,33.25,32.8,32.8,17110.0
2026-09-21,TWSE,7765,中華資安,231.0,245.0,230.5,243.0,419452.0
2026-09-21,TWSE,7768,頌勝科技,266.5,286.0,264.0,286.0,102618.0
2026-09-21,TWSE,7769,鴻勁,6225.0,6540.0,6140.0,6540.0,3329210.0
2026-09-21,TWSE,7780,大研生醫*,16.2,16.4,16.15,16.4,686399.0
2026-09-21,TWSE,7786,東方風能,119.0,120.5,119.0,120.0,153892.0
2026-09-21,TWSE,7788,松川精密,290.5,304.0,290.5,297.0,1729061.0
2026-09-21,TWSE,7791,皇家可口,55.6,56.5,55.2,56.5,26909.0
2026-09-21,TWSE,7795,長廣,495.0,506.0,483.5,487.0,1165664.0
2026-09-21,TWSE,7799,禾榮科,513.0,524.0,488.0,504.0,2318907.0
2026-09-21,TWSE,7803,雲象科技-創,18.8,19.3,18.8,18.9,76902.0
2026-09-21,TWSE,7818,溢泰實業,60.1,60.1,59.7,60.0,35009.0
2026-09-21,TWSE,7821,神數,39.0,39.1,38.45,39.1,107364.0
2026-09-21,TWSE,7822,倍利科,856.0,861.0,839.0,850.0,86446.0
2026-09-21,TWSE,7823,奧義賽博-KY創,81.5,82.1,81.0,81.0,36048.0
2026-09-21,TWSE,7827,漢康-KY創,151.5,162.5,150.5,162.0,468830.0
2026-09-21,TWSE,7835,永悅健康-創,21.0,21.2,20.65,21.2,22562.0
2026-09-21,TWSE,7855,和運租車,42.15,42.2,42.1,42.1,374554.0
2026-09-21,TWSE,8011,台通,15.9,15.9,15.7,15.7,341374.0
2026-09-21,TWSE,8016,矽創,282.0,282.0,277.5,281.0,817528.0
2026-09-21,TWSE,8021,尖點,468.0,476.0,444.0,460.0,8380475.0
2026-09-21,TWSE,8028,昇陽半導體,250.0,258.0,242.5,257.0,11292233.0
2026-09-21,TWSE,8033,雷虎,170.0,172.5,169.0,172.5,1609386.0
2026-09-21,TWSE,8039,台虹,260.5,271.0,257.0,269.5,18951532.0
2026-09-21,TWSE,8045,達運光電,55.1,57.9,53.8,54.6,375834.0
2026-09-21,TWSE,8046,南電,1105.0,1120.0,1065.0,1100.0,10172303.0
2026-09-21,TWSE,8070,長華*,50.6,50.7,49.9,50.7,2481596.0
2026-09-21,TWSE,8072,陞泰,27.0,28.6,26.9,27.8,893248.0
2026-09-21,TWSE,8081,致新,253.5,254.0,251.0,253.0,309905.0
2026-09-21,TWSE,8101,華冠,11.8,11.8,11.8,11.8,1349.0
2026-09-21,TWSE,8103,瀚荃,127.0,130.5,122.5,129.5,20154901.0
2026-09-21,TWSE,8104,錸寶,30.4,31.7,30.1,31.0,1004807.0
2026-09-21,TWSE,8105,凌巨,14.65,14.8,14.6,14.8,1194399.0
2026-09-21,TWSE,8110,華東,44.5,47.4,44.5,47.4,16536574.0
2026-09-21,TWSE,8112,至上,83.6,83.9,82.9,83.1,4809582.0
2026-09-21,TWSE,8114,振樺電,180.0,180.0,177.5,179.0,325127.0
2026-09-21,TWSE,8131,福懋科,60.2,61.4,60.2,61.3,3628127.0
2026-09-21,TWSE,8150,南茂,89.0,95.1,88.8,94.0,41434324.0
2026-09-21,TWSE,8162,微矽電子-創,60.2,61.1,59.5,61.0,111391.0
2026-09-21,TWSE,8163,達方,30.0,30.05,29.8,29.85,669921.0
2026-09-21,TWSE,8201,無敵,11.8,12.35,11.75,12.05,52489.0
2026-09-21,TWSE,8210,勤誠,905.0,907.0,894.0,902.0,1163708.0
2026-09-21,TWSE,8213,志超,32.75,33.0,32.6,33.0,805791.0
2026-09-21,TWSE,8215,明基材,27.3,28.3,26.3,27.35,6504404.0
2026-09-21,TWSE,8222,寶一,35.1,35.55,34.9,35.55,210753.0
2026-09-21,TWSE,8249,菱光,38.75,39.2,38.2,39.2,214282.0
2026-09-21,TWSE,8261,富鼎,172.5,177.0,169.5,177.0,5019570.0
2026-09-21,TWSE,8271,宇瞻,208.0,209.0,204.5,205.5,1188790.0
2026-09-21,TWSE,8341,日友,74.5,75.3,74.4,75.3,154499.0
2026-09-21,TWSE,8367,建新國際,40.7,41.0,40.55,40.75,12998.0
2026-09-21,TWSE,8374,羅昇,78.3,78.3,77.0,77.0,142564.0
2026-09-21,TWSE,8404,百和興業-KY,13.7,13.85,13.55,13.55,418762.0
2026-09-21,TWSE,8411,福貞-KY,12.6,12.65,12.5,12.6,99796.0
2026-09-21,TWSE,8422,可寧衛*,26.05,26.55,25.85,26.55,11558270.0
2026-09-21,TWSE,8429,金麗-KY,5.93,5.98,5.9,5.91,121399.0
2026-09-21,TWSE,8438,昶昕,69.5,69.5,67.8,68.5,547959.0
2026-09-21,TWSE,8442,威宏-KY,46.2,46.2,45.8,46.2,26433.0
2026-09-21,TWSE,8443,阿瘦,11.15,11.2,11.1,11.2,25514.0
2026-09-21,TWSE,8454,富邦媒,251.0,252.0,247.0,249.0,528415.0
2026-09-21,TWSE,8462,柏文,161.5,162.5,160.0,162.0,35184.0
2026-09-21,TWSE,8463,潤泰材,21.0,21.4,21.0,21.3,30997.0
2026-09-21,TWSE,8464,億豐,377.5,379.0,369.5,370.0,1092920.0
2026-09-21,TWSE,8466,美吉吉-KY,13.9,14.35,13.9,14.35,18102.0
2026-09-21,TWSE,8467,波力-KY,91.4,91.4,88.0,90.0,6635.0
2026-09-21,TWSE,8473,山林水,38.55,38.75,38.35,38.75,867777.0
2026-09-21,TWSE,8476,台境*,20.0,20.0,19.4,19.75,268321.0
2026-09-21,TWSE,8478,東哥遊艇,144.5,144.5,141.5,141.5,88369.0
2026-09-21,TWSE,8481,政伸,41.05,41.05,41.05,41.05,9051.0
2026-09-21,TWSE,8482,商億-KY,47.9,48.3,47.85,47.85,24050.0
2026-09-21,TWSE,8487,愛爾達-創,70.9,70.9,70.3,70.6,3335.0
2026-09-21,TWSE,8488,吉源-KY,9.81,10.4,9.8,10.2,53000.0
2026-09-21,TWSE,8499,鼎炫-KY,254.5,259.5,252.0,255.5,34572.0
2026-09-21,TWSE,8926,台汽電,59.0,59.8,58.8,59.8,4102406.0
2026-09-21,TWSE,8940,新天地,14.95,15.15,14.85,15.1,26017.0
2026-09-21,TWSE,8996,高力,1350.0,1430.0,1330.0,1430.0,2477151.0
2026-09-21,TWSE,9103,美德醫療-DR,5.0,5.0,4.95,4.99,463884.0
2026-09-21,TWSE,9105,泰金寶-DR,8.48,8.51,8.35,8.37,12668205.0
2026-09-21,TWSE,9110,越南控-DR,2.99,3.0,2.99,3.0,2495.0
2026-09-21,TWSE,9136,巨騰-DR,9.59,9.78,9.55,9.7,230000.0
2026-09-21,TWSE,9802,鈺齊-KY,65.5,65.6,64.9,64.9,413805.0
2026-09-21,TWSE,9902,台火,13.4,13.45,13.25,13.4,120147.0
2026-09-21,TWSE,9904,寶成,24.9,24.9,24.6,24.7,19788623.0
2026-09-21,TWSE,9905,大華,21.4,21.4,21.2,21.3,140262.0
2026-09-21,TWSE,9906,欣巴巴,41.25,41.35,41.25,41.35,268632.0
2026-09-21,TWSE,9907,統一實,15.05,15.05,14.85,15.0,1743527.0
2026-09-21,TWSE,9908,大台北,29.05,29.15,29.0,29.0,125160.0
2026-09-21,TWSE,9910,豐泰,69.3,69.3,68.1,68.4,1626837.0
2026-09-21,TWSE,9911,櫻花,82.0,82.0,81.5,82.0,221162.0
2026-09-21,TWSE,9912,偉聯,12.85,13.1,12.85,13.1,18988.0
2026-09-21,TWSE,9914,美利達,68.1,68.1,67.5,67.6,1808491.0
2026-09-21,TWSE,9917,中保科,106.5,108.5,106.0,108.5,727439.0
2026-09-21,TWSE,9918,欣天然,43.3,43.3,42.8,43.25,11303.0
2026-09-21,TWSE,9919,康那香,14.05,14.05,13.95,14.0,85508.0
2026-09-21,TWSE,9921,巨大,90.1,91.0,89.2,90.8,5756054.0
2026-09-21,TWSE,9924,福興,38.0,38.6,37.9,38.0,126168.0
2026-09-21,TWSE,9925,新保,39.7,39.7,39.45,39.65,406383.0
2026-09-21,TWSE,9926,新海,49.3,49.4,49.3,49.35,8154.0
2026-09-21,TWSE,9927,泰銘,69.8,70.0,69.7,70.0,55516.0
2026-09-21,TWSE,9928,中視,17.5,17.65,17.5,17.6,67173.0
2026-09-21,TWSE,9929,秋雨,11.2,11.3,11.1,11.3,7000.0
2026-09-21,TWSE,9930,中聯資源,61.0,61.5,60.7,61.3,108604.0
2026-09-21,TWSE,9931,欣高,34.1,34.1,33.8,34.1,29103.0
2026-09-21,TWSE,9933,中鼎,42.85,42.85,41.8,42.3,4724595.0
2026-09-21,TWSE,9934,成霖,9.9,9.93,9.81,9.81,885961.0
2026-09-21,TWSE,9935,慶豐富,18.15,18.35,18.1,18.25,443513.0
2026-09-21,TWSE,9937,全國,54.0,54.6,54.0,54.5,25017.0
2026-09-21,TWSE,9938,百和,38.05,38.2,37.7,37.7,1438252.0
2026-09-21,TWSE,9939,宏全,126.5,127.0,125.5,127.0,638601.0
2026-09-21,TWSE,9940,信義,21.3,21.4,20.45,20.75,1282739.0
2026-09-21,TWSE,9941,裕融,80.8,80.8,79.8,79.8,1385581.0
2026-09-21,TWSE,9942,茂順,114.0,115.0,114.0,115.0,90333.0
2026-09-21,TWSE,9943,好樂迪,50.8,51.2,50.4,50.4,110585.0
2026-09-21,TWSE,9944,新麗,17.25,17.4,17.25,17.35,30634.0
2026-09-21,TWSE,9945,潤泰新,29.65,29.65,28.7,28.95,11972321.0
2026-09-21,TWSE,9946,三發地產,18.0,18.25,16.7,16.7,1087958.0
2026-09-21,TWSE,9955,佳龍,23.7,23.7,23.4,23.5,100816.0
2026-09-21,TWSE,9958,世紀鋼,92.2,94.0,91.1,94.0,2733414.0
2026-09-21,TPEX,1240,茂生農經,,,,,451.0
2026-09-21,TPEX,1259,安心,67.8,69.0,66.3,68.0,60369.0
2026-09-21,TPEX,1264,德麥,244.5,245.5,244.5,245.5,13181.0
2026-09-21,TPEX,1268,漢來美食,174.0,174.0,171.0,174.0,29722.0
2026-09-21,TPEX,1294,漢田生技,51.0,51.7,51.0,51.5,14620.0
2026-09-21,TPEX,1295,生合,44.5,45.1,44.45,45.0,29687.0
2026-09-21,TPEX,1336,台翰,17.35,17.55,16.95,16.95,310596.0
2026-09-21,TPEX,1565,精華,97.0,97.0,96.2,96.7,104055.0
2026-09-21,TPEX,1569,濱川,61.0,61.0,57.6,61.0,8829655.0
2026-09-21,TPEX,1570,力肯,32.0,32.4,32.0,32.4,30410.0
2026-09-21,TPEX,1580,新麥,98.8,99.0,96.9,97.3,64668.0
2026-09-21,TPEX,1584,精剛,18.35,18.35,18.1,18.25,231224.0
2026-09-21,TPEX,1586,和勤,18.05,18.05,17.8,18.0,175919.0
2026-09-21,TPEX,1591,駿吉-KY,41.7,42.25,41.05,41.25,309599.0
2026-09-21,TPEX,1593,祺驊,31.9,32.0,31.75,31.95,32880.0
2026-09-21,TPEX,1595,川寶,65.9,69.3,65.8,68.5,235744.0
2026-09-21,TPEX,1599,宏佳騰,23.1,23.2,22.9,23.2,18454.0
2026-09-21,TPEX,1742,台蠟,17.75,17.75,17.5,17.5,116450.0
2026-09-21,TPEX,1777,生泰,74.3,74.7,74.0,74.5,17236.0
2026-09-21,TPEX,1780,立弘,25.15,25.15,24.8,25.15,73909.0
2026-09-21,TPEX,1781,合世,10.15,10.2,10.0,10.2,16013.0
2026-09-21,TPEX,1784,訊聯,58.0,58.9,57.8,58.4,45506.0
2026-09-21,TPEX,1785,光洋科,97.0,97.8,95.5,97.4,4476894.0
2026-09-21,TPEX,1788,杏昌,128.0,128.0,127.5,128.0,15397.0
2026-09-21,TPEX,1796,金穎生技,29.8,29.8,29.6,29.8,8001.0
2026-09-21,TPEX,1799,易威,28.85,29.1,28.85,29.1,105098.0
2026-09-21,TPEX,1813,寶利徠,11.25,11.3,11.2,11.25,20253.0
2026-09-21,TPEX,1815,富喬,121.5,124.5,120.0,121.0,66579392.0
2026-09-21,TPEX,2035,唐榮,27.1,27.15,26.5,26.5,22084.0
2026-09-21,TPEX,2061,風青,52.0,55.5,52.0,54.0,2002047.0
2026-09-21,TPEX,2063,世鎧,23.95,23.95,23.6,23.8,17005.0
2026-09-21,TPEX,2064,晉椿,11.75,11.75,11.75,11.75,5093.0
2026-09-21,TPEX,2065,世豐,35.5,35.5,35.0,35.15,48022.0
2026-09-21,TPEX,2066,世德,52.5,52.5,52.0,52.0,13412.0
2026-09-21,TPEX,2067,嘉鋼,5.25,5.25,5.08,5.08,8205.0
2026-09-21,TPEX,2070,精湛,61.6,62.2,61.0,61.2,83273.0
2026-09-21,TPEX,2073,雄順,25.1,25.1,25.0,25.0,5000.0
2026-09-21,TPEX,2221,大甲,136.0,140.0,136.0,140.0,2954680.0
2026-09-21,TPEX,2230,泰茂,21.9,22.15,21.0,21.05,465385.0
2026-09-21,TPEX,2235,謚源,28.4,28.4,28.4,28.4,1050.0
2026-09-21,TPEX,2596,綠意,35.05,35.05,34.5,34.95,33750.0
2026-09-21,TPEX,2640,大車隊,168.0,168.0,161.0,166.0,85059.0
2026-09-21,TPEX,2641,正德,17.6,17.8,17.45,17.75,1209280.0
2026-09-21,TPEX,2643,捷迅,62.5,63.0,62.3,63.0,11116.0
2026-09-21,TPEX,2718,全心投控,41.1,41.1,40.75,41.1,24485.0
2026-09-21,TPEX,2719,燦星旅,19.7,19.7,19.4,19.65,9022.0
2026-09-21,TPEX,2724,藝舍-KY,11.9,11.95,11.85,11.85,4069.0
2026-09-21,TPEX,2726,雅茗-KY,8.05,8.1,8.01,8.05,21495.0
2026-09-21,TPEX,2729,瓦城,157.0,160.0,156.5,159.0,74388.0
2026-09-21,TPEX,2732,六角,62.4,63.3,62.1,63.3,13799.0
2026-09-21,TPEX,2734,易飛網,14.5,14.5,14.4,14.45,45149.0
2026-09-21,TPEX,2736,富野,11.35,11.55,11.3,11.35,45114.0
2026-09-21,TPEX,2740,華軒,31.15,31.15,31.15,31.15,1101.0
2026-09-21,TPEX,2743,山富,55.2,55.2,54.0,54.5,43515.0
2026-09-21,TPEX,2745,五福,84.6,84.6,84.0,84.1,52844.0
2026-09-21,TPEX,2751,王座,53.6,53.6,53.4,53.4,2891.0
2026-09-21,TPEX,2752,豆府,178.0,180.0,178.0,180.0,3146.0
2026-09-21,TPEX,2754,亞洲藏壽司,69.0,69.4,68.5,68.5,30462.0
2026-09-21,TPEX,2755,揚秦,98.4,98.7,98.4,98.7,19023.0
2026-09-21,TPEX,2756,聯發國際,62.3,63.0,62.2,63.0,7241.0
2026-09-21,TPEX,2916,滿心,40.55,40.7,40.5,40.7,27116.0
2026-09-21,TPEX,2924,宏太-KY,17.75,17.75,17.75,17.75,1070.0
2026-09-21,TPEX,2926,誠品生活,,,,,0.0
2026-09-21,TPEX,2937,集雅社,44.5,44.75,44.5,44.75,2001.0
2026-09-21,TPEX,2938,床的世界,18.15,18.55,18.1,18.5,302451.0
2026-09-21,TPEX,2941,米斯特,31.95,31.95,31.95,31.95,1008.0
2026-09-21,TPEX,2947,振宇五金,60.5,60.5,60.2,60.5,9158.0
2026-09-21,TPEX,2948,寶陞,36.65,36.65,36.65,36.65,1288.0
2026-09-21,TPEX,2949,欣新網,,,,,0.0
2026-09-21,TPEX,3064,泰偉,17.15,17.2,17.15,17.2,2375.0
2026-09-21,TPEX,3066,李洲,30.1,30.5,28.25,28.7,3310012.0
2026-09-21,TPEX,3067,全域,,,,,81.0
2026-09-21,TPEX,3071,協禧,23.3,23.7,23.2,23.7,128073.0
2026-09-21,TPEX,3073,天方能源,20.6,21.55,20.6,20.8,83060.0
2026-09-21,TPEX,3078,僑威,44.55,46.2,44.55,46.2,1013026.0
2026-09-21,TPEX,3081,聯亞,2900.0,2910.0,2820.0,2875.0,2735599.0
2026-09-21,TPEX,3083,網龍,22.4,22.7,22.2,22.7,34024.0
2026-09-21,TPEX,3085,新零售,11.65,11.65,11.6,11.6,2271.0
2026-09-21,TPEX,3086,華義*,28.9,29.5,28.55,28.9,50871.0
2026-09-21,TPEX,3088,艾訊,127.0,130.5,126.0,129.0,835862.0
2026-09-21,TPEX,3093,港建*,44.8,45.8,44.3,45.4,233013.0
2026-09-21,TPEX,3095,及成,34.6,34.6,33.4,34.2,9683.0
2026-09-21,TPEX,3105,穩懋,497.0,504.0,486.0,490.5,23656194.0
2026-09-21,TPEX,3114,好德,31.2,31.95,30.9,31.95,220342.0
2026-09-21,TPEX,3115,富榮綱,7.83,8.2,7.83,8.08,9190.0
2026-09-21,TPEX,3118,進階,31.6,31.6,31.5,31.55,8380.0
2026-09-21,TPEX,3122,笙泉,23.9,24.25,22.9,24.25,56161.0
2026-09-21,TPEX,3128,昇銳,20.45,20.7,20.45,20.45,50043.0
2026-09-21,TPEX,3131,弘塑,2480.0,2525.0,2445.0,2465.0,404704.0
2026-09-21,TPEX,3141,晶宏,96.9,100.0,92.8,92.8,4934721.0
2026-09-21,TPEX,3147,大綜,240.5,244.5,236.5,238.0,624227.0
2026-09-21,TPEX,3152,璟德,226.5,226.5,222.5,223.0,52357.0
2026-09-21,TPEX,3158,嘉實,88.4,88.4,85.7,85.8,8282.0
2026-09-21,TPEX,3162,精確,77.5,77.5,75.5,76.0,975231.0
2026-09-21,TPEX,3163,波若威,670.0,689.0,666.0,667.0,1227521.0
2026-09-21,TPEX,3169,亞信,104.0,105.5,104.0,105.0,136185.0
2026-09-21,TPEX,3171,炎洲流通,58.9,58.9,58.4,58.4,15420.0
2026-09-21,TPEX,3176,基亞,38.15,38.35,37.75,38.0,359836.0
2026-09-21,TPEX,3178,公準,70.8,75.9,69.6,75.9,2174465.0
2026-09-21,TPEX,3188,鑫龍騰,24.1,24.1,23.65,23.7,136443.0
2026-09-21,TPEX,3191,雲嘉南,16.65,17.3,16.65,17.0,14494.0
2026-09-21,TPEX,3205,佰研,46.9,47.0,46.55,46.65,32058.0
2026-09-21,TPEX,3206,志豐,35.0,35.9,34.35,35.3,52527.0
2026-09-21,TPEX,3207,耀勝,38.8,39.15,38.2,38.25,168422.0
2026-09-21,TPEX,3211,順達,375.0,397.0,370.0,387.5,8930051.0
2026-09-21,TPEX,3213,茂訊,124.5,127.0,123.5,126.0,124096.0
2026-09-21,TPEX,3217,優群,131.0,131.0,129.5,131.0,151872.0
2026-09-21,TPEX,3218,大學光,134.5,135.0,134.0,134.0,86167.0
2026-09-21,TPEX,3219,倚強科,96.0,98.7,94.1,98.7,2692989.0
2026-09-21,TPEX,3221,台嘉碩,47.8,50.0,47.5,48.65,2060851.0
2026-09-21,TPEX,3224,三顧,32.5,32.5,31.7,32.0,20581.0
2026-09-21,TPEX,3226,龍鋒,56.2,58.2,56.0,57.5,66440.0
2026-09-21,TPEX,3227,原相,187.0,187.0,184.0,184.0,550243.0
2026-09-21,TPEX,3228,金麗科,167.0,177.5,166.5,174.0,332129.0
2026-09-21,TPEX,3230,錦明,42.0,42.2,41.2,41.25,373978.0
2026-09-21,TPEX,3232,昱捷,21.35,21.35,20.7,21.2,56066.0
2026-09-21,TPEX,3234,光環,183.5,187.0,178.5,178.5,2136801.0
2026-09-21,TPEX,3236,千如,43.6,44.3,43.5,43.65,969078.0
2026-09-21,TPEX,3252,海灣,15.35,15.35,15.3,15.3,70066.0
2026-09-21,TPEX,3259,鑫創,9.85,10.2,9.85,10.2,40818.0
2026-09-21,TPEX,3260,威剛,385.5,392.0,383.0,389.0,4765216.0
2026-09-21,TPEX,3264,欣銓,274.0,284.0,266.0,284.0,27190269.0
2026-09-21,TPEX,3265,台星科,181.0,186.0,178.0,181.0,1890609.0
2026-09-21,TPEX,3268,海德威,18.8,20.0,18.6,19.8,89716.0
2026-09-21,TPEX,3272,東碩,14.15,14.15,13.85,14.0,21601.0
2026-09-21,TPEX,3276,宇環,13.9,14.05,13.85,14.0,35440.0
2026-09-21,TPEX,3284,太普高,20.35,20.35,19.85,19.85,115023.0
2026-09-21,TPEX,3285,微端,40.5,44.8,40.5,43.2,270115.0
2026-09-21,TPEX,3287,廣寰科,43.0,45.0,42.0,42.1,3717974.0
2026-09-21,TPEX,3288,點晶,20.9,22.2,20.35,22.2,139473.0
2026-09-21,TPEX,3289,宜特,138.0,138.5,136.0,136.5,255911.0
2026-09-21,TPEX,3290,東浦,46.9,46.9,46.45,46.6,120292.0
2026-09-21,TPEX,3293,鈊象,723.0,725.0,709.0,724.0,1111363.0
2026-09-21,TPEX,3294,英濟,30.3,30.85,30.15,30.8,276787.0
2026-09-21,TPEX,3297,杭特,35.35,36.4,34.55,36.4,1088117.0
2026-09-21,TPEX,3303,岱稜,49.2,49.2,48.6,48.6,141587.0
2026-09-21,TPEX,3306,鼎天,45.0,45.1,44.7,45.0,47365.0
2026-09-21,TPEX,3310,佳穎,70.0,70.0,67.7,68.5,14137.0
2026-09-21,TPEX,3313,斐成,10.6,10.65,10.45,10.45,105703.0
2026-09-21,TPEX,3317,尼克森,56.5,56.5,55.7,56.2,265481.0
2026-09-21,TPEX,3322,建舜電,11.4,11.4,10.7,11.1,177611.0
2026-09-21,TPEX,3323,加百裕,27.3,28.15,27.3,27.85,326875.0
2026-09-21,TPEX,3324,雙鴻,1500.0,1535.0,1460.0,1520.0,4072868.0
2026-09-21,TPEX,3325,旭品,11.1,12.3,11.0,12.3,361137.0
2026-09-21,TPEX,3332,幸康,60.3,60.3,60.0,60.0,3132.0
2026-09-21,TPEX,3339,泰谷,46.45,49.2,45.25,48.5,6385764.0
2026-09-21,TPEX,3349,寶德,20.0,20.0,19.5,20.0,67112.0
2026-09-21,TPEX,3354,律勝,29.7,31.5,28.8,30.4,2493363.0
2026-09-21,TPEX,3357,臺慶科,207.5,210.5,204.0,209.0,1047395.0
2026-09-21,TPEX,3360,尚立,14.9,15.15,14.8,15.15,424482.0
2026-09-21,TPEX,3362,先進光,179.0,180.5,174.5,174.5,1120117.0
2026-09-21,TPEX,3363,上詮,685.0,688.0,657.0,661.0,2386374.0
2026-09-21,TPEX,3372,典範,16.5,17.0,16.5,16.55,1435375.0
2026-09-21,TPEX,3373,熱映,16.1,16.1,16.0,16.0,28174.0
2026-09-21,TPEX,3374,精材,451.5,456.0,432.0,443.0,10028683.0
2026-09-21,TPEX,3379,彬台,27.3,28.5,27.0,28.3,140114.0
2026-09-21,TPEX,3388,崇越電,82.4,84.4,82.2,83.7,737989.0
2026-09-21,TPEX,3390,旭軟,22.1,22.2,21.65,22.0,320399.0
2026-09-21,TPEX,3402,漢科,129.0,129.0,127.0,127.0,144325.0
2026-09-21,TPEX,3430,奇鈦科,103.5,109.5,103.5,106.0,394790.0
2026-09-21,TPEX,3434,哲固,32.8,34.15,32.35,33.6,334965.0
2026-09-21,TPEX,3438,類比科,66.0,66.0,63.2,63.3,41080.0
2026-09-21,TPEX,3441,聯一光,190.0,190.0,175.0,177.5,1946631.0
2026-09-21,TPEX,3444,利機,83.6,84.5,81.5,83.2,171649.0
2026-09-21,TPEX,3455,由田,252.0,263.5,251.0,256.5,2147522.0
2026-09-21,TPEX,3465,進泰電子,29.15,29.15,29.0,29.0,13001.0
2026-09-21,TPEX,3466,德晉,24.3,24.7,24.25,24.35,190842.0
2026-09-21,TPEX,3467,台灣精材,78.0,78.0,75.1,77.4,788143.0
2026-09-21,TPEX,3479,安勤,132.5,134.0,130.5,131.5,479328.0
2026-09-21,TPEX,3483,力致,75.4,75.4,73.5,74.2,302627.0
2026-09-21,TPEX,3484,崧騰,46.05,46.15,45.75,45.8,137442.0
2026-09-21,TPEX,3485,敘豐,203.0,203.0,196.0,196.5,59519.0
2026-09-21,TPEX,3489,森寶,22.55,23.3,22.1,22.3,148421.0
2026-09-21,TPEX,3490,單井,44.35,46.0,44.3,45.2,3224912.0
2026-09-21,TPEX,3491,昇達科,1555.0,1580.0,1510.0,1520.0,1364176.0
2026-09-21,TPEX,3492,長盛,19.0,19.2,19.0,19.2,15006.0
2026-09-21,TPEX,3498,陽程,200.0,203.0,194.0,196.0,1870168.0
2026-09-21,TPEX,3499,環天科,13.5,13.8,13.35,13.8,52793.0
2026-09-21,TPEX,3508,位速,23.75,26.1,23.35,26.1,1521930.0
2026-09-21,TPEX,3511,矽瑪,19.55,19.6,19.0,19.6,88880.0
2026-09-21,TPEX,3512,皇龍,19.3,19.3,19.1,19.3,25804.0
2026-09-21,TPEX,3516,亞帝歐,26.1,26.1,24.7,25.2,29767.0
2026-09-21,TPEX,3520,華盈,17.3,17.65,17.3,17.5,67051.0
2026-09-21,TPEX,3521,台鋼建設,12.0,12.0,11.9,11.95,39316.0
2026-09-21,TPEX,3522,御嵿,13.3,13.3,12.85,13.1,202384.0
2026-09-21,TPEX,3523,迎輝,15.0,15.1,14.9,15.0,17356.0
2026-09-21,TPEX,3526,凡甲,272.5,272.5,269.5,270.5,163529.0
2026-09-21,TPEX,3527,聚積,50.9,52.5,49.8,51.5,115170.0
2026-09-21,TPEX,3529,力旺,2880.0,2950.0,2820.0,2830.0,914462.0
2026-09-21,TPEX,3531,先益,21.2,21.2,21.2,21.2,1279.0
2026-09-21,TPEX,3537,堡達,53.5,54.0,53.2,53.9,163384.0
2026-09-21,TPEX,3540,曜越,23.35,24.25,23.15,23.45,426727.0
2026-09-21,TPEX,3541,西柏,22.1,22.4,22.05,22.4,26410.0
2026-09-21,TPEX,3546,宇峻,72.8,73.5,72.5,73.4,84425.0
2026-09-21,TPEX,3548,兆利,80.4,80.5,78.8,80.0,132163.0
2026-09-21,TPEX,3551,世禾,189.0,189.0,185.5,186.5,1890691.0
2026-09-21,TPEX,3552,同致,39.35,39.7,38.8,39.3,1051841.0
2026-09-21,TPEX,3555,博士旺,175.0,175.0,170.5,174.0,29556.0
2026-09-21,TPEX,3556,禾瑞亞,57.8,57.8,57.3,57.7,93729.0
2026-09-21,TPEX,3558,神準,123.0,125.5,122.5,124.0,85551.0
2026-09-21,TPEX,3564,其陽,49.85,52.1,49.0,50.4,286416.0
2026-09-21,TPEX,3567,逸昌,25.35,25.4,25.2,25.35,16517.0
2026-09-21,TPEX,3570,大塚,170.0,170.0,169.0,169.5,16962.0
2026-09-21,TPEX,3577,泓格,118.0,121.0,116.0,117.0,262413.0
2026-09-21,TPEX,3580,友威科,98.0,103.0,96.2,100.5,1728821.0
2026-09-21,TPEX,3581,博磊,103.0,107.0,102.0,103.5,288907.0
2026-09-21,TPEX,3587,閎康,245.0,245.0,238.0,239.5,226901.0
2026-09-21,TPEX,3594,磐儀,46.6,47.8,46.5,47.0,402984.0
2026-09-21,TPEX,3597,映興,26.3,26.75,26.3,26.35,16044.0
2026-09-21,TPEX,3609,三一東林,21.9,24.05,21.75,24.05,235819.0
2026-09-21,TPEX,3611,鼎翰,183.0,183.0,181.5,182.5,24939.0
2026-09-21,TPEX,3615,安可,36.9,38.85,36.9,37.75,975554.0
2026-09-21,TPEX,3623,富晶通,28.6,29.15,27.6,28.05,285151.0
2026-09-21,TPEX,3624,光頡,130.0,138.0,129.0,132.5,33266491.0
2026-09-21,TPEX,3625,西勝,11.0,11.4,11.0,11.4,171483.0
2026-09-21,TPEX,3628,盈正,74.5,74.5,72.4,72.7,81102.0
2026-09-21,TPEX,3629,地心引力,19.55,19.55,18.2,18.2,4738.0
2026-09-21,TPEX,3630,新鉅科,26.15,26.4,25.95,26.25,299596.0
2026-09-21,TPEX,3631,晟楠,40.15,41.75,40.15,40.75,271634.0
2026-09-21,TPEX,3632,研勤,7.07,7.07,7.07,7.07,7833.0
2026-09-21,TPEX,3646,艾恩特,24.8,25.0,24.5,24.8,23358.0
2026-09-21,TPEX,3663,鑫科,61.3,63.2,60.6,62.1,558929.0
2026-09-21,TPEX,3664,安瑞-KY,8.44,8.5,8.4,8.5,49001.0
2026-09-21,TPEX,3666,光耀,25.0,25.1,24.85,25.1,45162.0
2026-09-21,TPEX,3672,康聯訊,12.05,12.05,12.0,12.0,36065.0
2026-09-21,TPEX,3675,德微,296.5,303.0,287.5,294.5,1044384.0
2026-09-21,TPEX,3680,家登,536.0,553.0,531.0,548.0,2047803.0
2026-09-21,TPEX,3684,榮昌,54.2,54.2,54.0,54.0,6470.0
2026-09-21,TPEX,3685,元創精密,36.35,36.55,35.55,36.0,378408.0
2026-09-21,TPEX,3687,歐買尬,61.0,61.6,61.0,61.3,53515.0
2026-09-21,TPEX,3689,湧德,110.0,110.5,109.0,109.5,315184.0
2026-09-21,TPEX,3691,碩禾,100.5,104.5,99.0,100.5,1070507.0
2026-09-21,TPEX,3693,營邦,704.0,712.0,691.0,702.0,1060865.0
2026-09-21,TPEX,3707,漢磊,63.3,64.1,62.5,63.4,2326573.0
2026-09-21,TPEX,3709,鑫聯大投控,63.8,64.0,63.0,63.9,170333.0
2026-09-21,TPEX,3710,連展投控,8.77,8.78,7.52,7.6,651623.0
2026-09-21,TPEX,3713,新晶投控,14.25,14.25,13.9,14.2,32006.0
2026-09-21,TPEX,3718,中光電投控,67.5,68.3,66.4,67.1,2748188.0
2026-09-21,TPEX,4102,永日,18.85,18.85,18.55,18.85,10606.0
2026-09-21,TPEX,4105,東洋,78.4,79.1,78.1,79.1,603283.0
2026-09-21,TPEX,4107,邦特,111.5,111.5,111.0,111.0,53794.0
2026-09-21,TPEX,4109,加捷生醫,11.25,11.3,11.1,11.25,85012.0
2026-09-21,TPEX,4111,濟生,28.8,28.85,28.8,28.85,29511.0
2026-09-21,TPEX,4113,聯上,15.7,16.0,15.4,15.55,690289.0
2026-09-21,TPEX,4114,健喬,29.8,29.8,29.55,29.6,407736.0
2026-09-21,TPEX,4116,明基醫,39.45,40.0,39.4,39.5,23265.0
2026-09-21,TPEX,4120,友華,45.7,45.9,45.7,45.9,7628.0
2026-09-21,TPEX,4121,優盛,12.65,12.8,12.6,12.75,25331.0
2026-09-21,TPEX,4123,晟德,30.8,30.8,30.55,30.75,943566.0
2026-09-21,TPEX,4126,太醫,77.7,78.0,77.5,77.5,30285.0
2026-09-21,TPEX,4127,天良,61.8,62.8,59.8,60.0,153327.0
2026-09-21,TPEX,4128,中天,14.65,14.7,14.5,14.65,754900.0
2026-09-21,TPEX,4129,聯合,81.9,82.9,81.9,82.5,33457.0
2026-09-21,TPEX,4131,浩泰,31.25,31.25,30.1,31.2,11001.0
2026-09-21,TPEX,4138,曜亞,53.9,54.8,53.7,54.6,25671.0
2026-09-21,TPEX,4139,馬光-KY,42.0,42.15,40.75,40.75,28495.0
2026-09-21,TPEX,4147,中裕,62.9,65.0,62.3,64.1,1385041.0
2026-09-21,TPEX,4153,鈺緯,32.0,32.3,31.8,32.3,11204.0
2026-09-21,TPEX,4154,樂威科-KY,11.65,11.65,11.65,11.65,1055.0
2026-09-21,TPEX,4157,太景*-KY,9.04,9.04,8.94,8.99,505478.0
2026-09-21,TPEX,4160,訊聯基因,39.05,39.2,39.0,39.15,8284.0
2026-09-21,TPEX,4161,聿新科,22.15,22.2,22.05,22.2,24757.0
2026-09-21,TPEX,4162,智擎,55.5,56.3,55.4,55.8,193445.0
2026-09-21,TPEX,4163,鐿鈦,134.0,134.0,132.5,133.0,8612.0
2026-09-21,TPEX,4166,友霖,24.7,24.7,24.3,24.3,19125.0
2026-09-21,TPEX,4167,松瑞藥,19.35,19.7,19.35,19.65,531229.0
2026-09-21,TPEX,4168,醣聯,21.95,21.95,21.75,21.8,38601.0
2026-09-21,TPEX,4171,瑞基,16.6,16.6,16.35,16.4,25478.0
2026-09-21,TPEX,4173,久裕,17.25,17.5,17.25,17.4,43025.0
2026-09-21,TPEX,4174,浩鼎,27.75,29.9,27.7,29.9,1194377.0
2026-09-21,TPEX,4175,杏一,51.2,51.4,51.1,51.4,7742.0
2026-09-21,TPEX,4183,福永生技,13.5,14.35,13.5,14.35,61403.0
2026-09-21,TPEX,4188,安克,14.0,14.4,13.7,13.7,86379.0
2026-09-21,TPEX,4192,杏國,18.5,18.6,18.5,18.6,6698.0
2026-09-21,TPEX,4198,欣大健康,49.3,49.45,47.6,49.4,6363.0
2026-09-21,TPEX,4205,中華食,68.8,69.0,68.8,69.0,16168.0
2026-09-21,TPEX,4207,環泰,19.4,19.45,19.35,19.4,35944.0
2026-09-21,TPEX,4303,信立,35.75,35.9,35.2,35.2,464232.0
2026-09-21,TPEX,4304,勝昱,18.95,18.95,18.95,18.95,174787.0
2026-09-21,TPEX,4305,世坤,41.95,42.15,41.95,42.15,2000.0
2026-09-21,TPEX,4401,東隆興,14.0,14.15,13.85,14.1,25500.0
2026-09-21,TPEX,4402,郡都開發,14.15,14.7,13.95,14.0,44095.0
2026-09-21,TPEX,4406,新昕纖,10.2,10.6,10.2,10.35,153000.0
2026-09-21,TPEX,4413,飛寶企業,19.0,19.1,18.6,18.85,32000.0
2026-09-21,TPEX,4416,三圓,12.2,13.35,12.2,13.35,2297337.0
2026-09-21,TPEX,4417,金洲,50.3,50.3,49.9,50.0,32184.0
2026-09-21,TPEX,4419,皇家美食,47.55,47.55,47.35,47.55,3011.0
2026-09-21,TPEX,4420,光明,36.1,36.1,35.45,35.85,61088.0
2026-09-21,TPEX,4430,耀億,17.5,17.5,17.2,17.35,11186.0
2026-09-21,TPEX,4432,銘旺實,15.5,15.6,15.35,15.5,47130.0
2026-09-21,TPEX,4433,興采,18.1,18.1,17.9,17.9,84020.0
2026-09-21,TPEX,4442,竣邦-KY,54.8,54.9,54.4,54.5,21187.0
2026-09-21,TPEX,4502,健信,,,,,236.0
2026-09-21,TPEX,4503,金雨,23.8,23.8,23.25,23.55,69689.0
2026-09-21,TPEX,4506,崇友,120.0,120.0,119.0,119.0,19668.0
2026-09-21,TPEX,4510,高鋒,44.3,45.4,43.9,44.5,616986.0
2026-09-21,TPEX,4513,福裕,16.2,16.9,16.05,16.55,364242.0
2026-09-21,TPEX,4523,永彰,24.95,24.95,24.0,24.2,83596.0
2026-09-21,TPEX,4527,方土霖,41.4,41.4,40.75,40.75,8583.0
2026-09-21,TPEX,4528,江興鍛,14.95,15.1,14.85,14.9,15641.0
2026-09-21,TPEX,4529,淳紳,3.45,3.45,3.45,3.45,16003.0
2026-09-21,TPEX,4530,天意能創,22.85,24.85,22.6,24.85,38235.0
2026-09-21,TPEX,4533,協易機,25.35,25.45,24.9,25.2,451133.0
2026-09-21,TPEX,4534,慶騰,29.5,32.25,29.4,32.25,2575021.0
2026-09-21,TPEX,4535,至興,28.15,28.15,27.1,27.2,28245.0
2026-09-21,TPEX,4538,大詠城,17.5,17.5,17.15,17.4,14640.0
2026-09-21,TPEX,4541,晟田,62.0,62.5,60.5,60.7,1195970.0
2026-09-21,TPEX,4542,科嶠,279.0,302.5,276.5,302.5,1074326.0
2026-09-21,TPEX,4543,萬在,28.8,29.5,28.8,29.0,81988.0
2026-09-21,TPEX,4549,桓達,97.5,99.8,96.9,97.7,31733.0
2026-09-21,TPEX,4550,長佳,24.3,24.3,24.0,24.15,14000.0
2026-09-21,TPEX,4554,橙的,28.45,28.45,28.45,28.45,10020.0
2026-09-21,TPEX,4556,旭然,84.0,91.5,83.2,87.3,1391471.0
2026-09-21,TPEX,4558,寶緯,17.3,17.4,17.2,17.2,41000.0
2026-09-21,TPEX,4561,健椿,40.6,41.7,40.5,41.45,64680.0
2026-09-21,TPEX,4563,百德,47.5,47.5,46.85,47.0,134534.0
2026-09-21,TPEX,4568,科際精密,39.5,40.2,39.4,40.2,9000.0
2026-09-21,TPEX,4577,達航科技,88.0,89.4,86.0,86.6,305777.0
2026-09-21,TPEX,4580,捷流閥業,81.8,81.8,81.2,81.4,29926.0
2026-09-21,TPEX,4584,君帆,37.0,37.5,37.0,37.5,3009.0
2026-09-21,TPEX,4609,唐鋒,4.24,4.24,4.17,4.17,5504.0
2026-09-21,TPEX,4702,中美實,9.37,9.39,9.31,9.36,73571.0
2026-09-21,TPEX,4706,大恭,35.9,35.9,33.9,33.95,11202.0
2026-09-21,TPEX,4707,磐亞,28.25,30.7,28.25,29.1,3934233.0
2026-09-21,TPEX,4711,永純,16.75,16.75,16.45,16.5,7036.0
2026-09-21,TPEX,4714,永捷,12.2,12.6,11.85,12.45,4829627.0
2026-09-21,TPEX,4716,大立,17.0,17.15,16.75,16.9,501194.0
2026-09-21,TPEX,4721,美琪瑪,74.2,76.5,73.8,75.5,476263.0
2026-09-21,TPEX,4726,永昕,23.0,23.1,22.85,22.95,56442.0
2026-09-21,TPEX,4728,雙美,396.0,406.0,395.0,399.5,60213.0
2026-09-21,TPEX,4729,熒茂,18.95,19.2,18.85,18.9,99323.0
2026-09-21,TPEX,4735,豪展,36.0,36.15,35.85,36.15,21132.0
2026-09-21,TPEX,4741,泓瀚,39.2,39.35,38.05,39.0,38178.0
2026-09-21,TPEX,4743,合一,44.0,44.8,43.9,44.75,765945.0
2026-09-21,TPEX,4744,皇將,29.8,29.85,29.1,29.1,70906.0
2026-09-21,TPEX,4745,合富-KY,11.75,11.85,11.7,11.85,20135.0
2026-09-21,TPEX,4747,強生*,24.05,24.05,23.5,23.75,63986.0
2026-09-21,TPEX,4749,新應材,746.0,750.0,735.0,735.0,520946.0
2026-09-21,TPEX,4754,國碳科,37.35,37.6,37.35,37.6,5557.0
2026-09-21,TPEX,4760,勤凱,266.5,273.0,264.0,266.0,238085.0
2026-09-21,TPEX,4767,誠泰科技,28.4,28.45,27.3,27.9,20108.0
2026-09-21,TPEX,4768,晶呈科技,315.5,331.5,312.0,317.5,542046.0
2026-09-21,TPEX,4772,台特化,250.0,251.0,244.5,244.5,371197.0
2026-09-21,TPEX,4806,桂田文創,8.86,9.5,8.86,9.5,27881.0
2026-09-21,TPEX,4903,聯光通,41.0,41.35,41.0,41.35,3170610.0
2026-09-21,TPEX,4905,台聯電,79.8,79.8,76.9,77.2,25163.0
2026-09-21,TPEX,4907,富宇,45.5,45.9,45.05,45.75,28424.0
2026-09-21,TPEX,4908,前鼎,241.5,245.0,231.5,232.0,4396317.0
2026-09-21,TPEX,4909,新復興,35.95,35.95,34.55,35.15,376380.0
2026-09-21,TPEX,4911,德英,28.8,28.8,28.8,28.8,2830.0
2026-09-21,TPEX,4923,力士,60.8,66.7,60.1,62.4,3198091.0
2026-09-21,TPEX,4924,欣厚-KY,15.35,17.05,15.3,17.05,777682.0
2026-09-21,TPEX,4931,新盛力,239.0,246.0,238.0,239.5,4324057.0
2026-09-21,TPEX,4933,友輝,52.7,53.0,51.9,52.7,101418.0
2026-09-21,TPEX,4939,亞電,78.8,81.4,77.7,78.8,5343710.0
2026-09-21,TPEX,4946,辣椒,90.0,94.2,90.0,93.9,17041.0
2026-09-21,TPEX,4950,金耘國際,15.9,15.9,15.5,15.5,19007.0
2026-09-21,TPEX,4951,精拓科,99.7,99.7,99.7,99.7,268662.0
2026-09-21,TPEX,4953,緯致,124.0,124.0,119.5,120.0,339416.0
2026-09-21,TPEX,4966,譜瑞-KY,568.0,573.0,559.0,567.0,692835.0
2026-09-21,TPEX,4971,IET-KY,597.0,598.0,575.0,581.0,1637221.0
2026-09-21,TPEX,4972,湯石照明,16.3,17.05,16.3,16.4,46830.0
2026-09-21,TPEX,4973,廣穎,140.5,141.5,138.5,138.5,504335.0
2026-09-21,TPEX,4974,亞泰,71.5,72.0,71.0,71.4,78909.0
2026-09-21,TPEX,4979,華星光,616.0,650.0,609.0,618.0,14728528.0
2026-09-21,TPEX,4991,環宇-KY,480.0,508.0,478.0,498.0,8186923.0
2026-09-21,TPEX,4995,晶達,51.2,51.5,50.4,50.7,7928.0
2026-09-21,TPEX,5009,榮剛,32.05,32.15,31.85,32.05,944619.0
2026-09-21,TPEX,5011,久陽,18.1,18.2,18.0,18.1,127083.0
2026-09-21,TPEX,5013,強新,29.45,32.1,29.45,32.1,184824.0
2026-09-21,TPEX,5014,建錩,9.89,9.91,9.85,9.88,84144.0
2026-09-21,TPEX,5015,華祺,22.1,22.1,22.0,22.0,2370.0
2026-09-21,TPEX,5016,松和,24.45,24.55,24.45,24.55,2011.0
2026-09-21,TPEX,5201,凱衛,28.85,29.45,28.75,29.0,125169.0
2026-09-21,TPEX,5202,力新,15.4,15.9,14.9,15.15,3205781.0
2026-09-21,TPEX,5205,中茂,17.3,17.8,17.3,17.3,12312.0
2026-09-21,TPEX,5206,坤悅,22.4,23.0,22.3,22.8,405911.0
2026-09-21,TPEX,5209,新鼎,175.5,176.0,169.5,170.5,199882.0
2026-09-21,TPEX,5210,寶碩,29.75,29.95,29.3,29.3,174499.0
2026-09-21,TPEX,5211,蒙恬,20.8,20.8,20.55,20.55,26344.0
2026-09-21,TPEX,5212,凌網,47.6,47.85,47.6,47.85,3048.0
2026-09-21,TPEX,5213,亞昕,20.4,20.85,20.4,20.85,277798.0
2026-09-21,TPEX,5220,萬達光電,19.9,19.9,19.8,19.9,22198.0
2026-09-21,TPEX,5223,安力-KY,22.5,22.9,22.5,22.7,19011.0
2026-09-21,TPEX,5227,立凱-KY,31.8,32.45,30.55,30.85,183406.0
2026-09-21,TPEX,5228,鈺鎧,41.35,41.75,40.5,40.55,137328.0
2026-09-21,TPEX,5230,雷笛克光學,20.35,22.5,20.1,21.15,3028581.0
2026-09-21,TPEX,5245,智晶,20.7,20.85,20.55,20.65,123320.0
2026-09-21,TPEX,5251,天鉞電,31.9,32.95,31.15,31.7,748960.0
2026-09-21,TPEX,5263,智崴,89.5,89.5,88.1,88.2,282438.0
2026-09-21,TPEX,5272,笙科,16.8,17.2,16.8,17.1,121501.0
2026-09-21,TPEX,5274,信驊,19400.0,19820.0,19200.0,19820.0,160938.0
2026-09-21,TPEX,5276,達輝-KY,,,,,0.0
2026-09-21,TPEX,5278,尚凡*,23.8,24.1,23.7,23.85,37737.0
2026-09-21,TPEX,5287,數字,138.0,138.0,136.5,137.0,48642.0
2026-09-21,TPEX,5289,宜鼎,1330.0,1335.0,1295.0,1295.0,1215534.0
2026-09-21,TPEX,5291,邑昇,58.2,59.0,57.8,58.4,255749.0
2026-09-21,TPEX,5299,杰力,97.7,97.8,96.0,96.2,127572.0
2026-09-21,TPEX,5301,寶得利,4.99,5.12,4.95,4.95,86292.0
2026-09-21,TPEX,5302,太欣,9.71,9.85,9.71,9.85,203219.0
2026-09-21,TPEX,5309,系統電,51.9,52.4,51.2,52.1,916116.0
2026-09-21,TPEX,5310,天剛,24.9,26.2,24.8,25.5,93093.0
2026-09-21,TPEX,5312,寶島科,91.1,91.3,91.0,91.0,19100.0
2026-09-21,TPEX,5314,世紀*,31.7,32.25,29.05,29.05,137060788.0
2026-09-21,TPEX,5315,光聯,18.65,19.35,18.5,19.25,487518.0
2026-09-21,TPEX,5321,美而快,72.3,73.3,69.2,70.3,338168.0
2026-09-21,TPEX,5324,士開,12.35,13.15,12.35,12.75,236460.0
2026-09-21,TPEX,5328,華容,53.3,54.2,52.3,52.3,2228423.0
2026-09-21,TPEX,5340,建榮,83.5,83.8,82.0,82.0,1612064.0
2026-09-21,TPEX,5344,立衛,13.0,13.1,13.0,13.1,31555.0
2026-09-21,TPEX,5345,馥鴻,21.3,21.4,21.1,21.4,6378.0
2026-09-21,TPEX,5347,世界,172.5,174.0,166.5,172.0,16305989.0
2026-09-21,TPEX,5348,正能量智能,16.6,16.6,16.6,16.6,1100.0
2026-09-21,TPEX,5351,鈺創,114.5,115.0,109.0,109.5,9627753.0
2026-09-21,TPEX,5353,台林,27.6,27.9,27.6,27.7,148404.0
2026-09-21,TPEX,5355,佳總,6.57,6.99,6.57,6.99,88332.0
2026-09-21,TPEX,5356,協益,26.0,26.0,25.85,25.95,38190.0
2026-09-21,TPEX,5364,力麗店,8.45,8.55,8.27,8.42,32669.0
2026-09-21,TPEX,5381,光譜,23.25,24.25,23.05,23.8,491184.0
2026-09-21,TPEX,5386,青雲,292.0,295.0,286.5,287.5,792087.0
2026-09-21,TPEX,5392,能率,40.45,40.6,40.0,40.2,553008.0
2026-09-21,TPEX,5398,慕康生醫,14.0,14.0,13.95,14.0,34108.0
2026-09-21,TPEX,5403,中菲,93.0,93.0,92.9,93.0,28060.0
2026-09-21,TPEX,5410,國眾,33.25,33.45,33.0,33.3,110970.0
2026-09-21,TPEX,5425,台半,93.0,93.5,92.3,93.3,3222830.0
2026-09-21,TPEX,5426,振發,29.55,29.7,29.15,29.4,610185.0
2026-09-21,TPEX,5432,新門,171.5,171.5,161.0,161.0,367901.0
2026-09-21,TPEX,5438,東友,16.5,16.7,16.4,16.4,55370.0
2026-09-21,TPEX,5439,高技,247.0,247.5,243.0,245.0,932910.0
2026-09-21,TPEX,5443,均豪,111.0,111.0,108.0,109.0,948091.0
2026-09-21,TPEX,5450,南良,14.7,15.0,14.65,14.65,137907.0
2026-09-21,TPEX,5452,佶優,27.3,28.1,27.1,27.9,710118.0
2026-09-21,TPEX,5455,昇益,31.0,31.0,30.5,30.5,5000.0
2026-09-21,TPEX,5457,宣德,23.5,25.1,23.5,24.0,2707696.0
2026-09-21,TPEX,5460,同協,17.3,17.35,17.1,17.15,69029.0
2026-09-21,TPEX,5464,霖宏,92.7,93.5,90.5,90.6,521508.0
2026-09-21,TPEX,5465,富驊,29.35,29.35,29.35,29.35,662106.0
2026-09-21,TPEX,5468,凱鈺,25.1,25.15,24.8,24.9,221460.0
2026-09-21,TPEX,5474,聰泰,166.0,171.0,165.0,168.5,598281.0
2026-09-21,TPEX,5475,德宏,179.0,179.0,174.5,179.0,2326581.0
2026-09-21,TPEX,5478,智冠,97.5,97.7,97.3,97.3,47071.0
2026-09-21,TPEX,5481,新華,22.3,22.3,21.8,21.9,223816.0
2026-09-21,TPEX,5483,中美晶,189.0,191.5,186.0,186.5,11450170.0
2026-09-21,TPEX,5487,通泰,29.65,30.05,29.4,29.8,31575.0
2026-09-21,TPEX,5488,松普,11.85,11.9,11.75,11.8,146589.0
2026-09-21,TPEX,5489,彩富,42.35,45.35,42.35,45.35,273393.0
2026-09-21,TPEX,5490,同亨,25.6,25.75,25.3,25.75,256110.0
2026-09-21,TPEX,5493,三聯,87.0,92.0,86.2,91.5,401415.0
2026-09-21,TPEX,5498,凱崴,52.6,53.2,52.2,52.4,1464993.0
2026-09-21,TPEX,5508,永信建,55.9,55.9,54.2,54.3,528015.0
2026-09-21,TPEX,5511,德昌,69.8,70.0,69.5,69.5,42761.0
2026-09-21,TPEX,5512,力麒,7.52,7.76,7.52,7.74,1327785.0
2026-09-21,TPEX,5514,三豐,15.0,15.0,14.85,14.85,2551.0
2026-09-21,TPEX,5516,雙喜,12.0,12.1,11.85,11.85,28000.0
2026-09-21,TPEX,5520,力泰,,,,,28.0
2026-09-21,TPEX,5523,豐謙,30.35,30.35,30.35,30.35,2192.0
2026-09-21,TPEX,5529,鉅陞,25.95,26.0,25.45,26.0,81873.0
2026-09-21,TPEX,5530,龍巖,49.05,49.55,48.95,49.05,209510.0
2026-09-21,TPEX,5536,聖暉*,888.0,897.0,865.0,865.0,825610.0
2026-09-21,TPEX,5543,桓鼎-KY,26.5,27.35,26.0,27.25,6000.0
2026-09-21,TPEX,5547,久舜,20.0,20.15,19.95,20.0,31338.0
2026-09-21,TPEX,5548,安倉,20.2,20.4,20.2,20.2,33559.0
2026-09-21,TPEX,5601,台聯櫃,29.65,30.55,29.65,30.55,10000.0
2026-09-21,TPEX,5603,陸海,13.5,13.75,13.4,13.5,70286.0
2026-09-21,TPEX,5604,中連,31.6,31.6,31.0,31.1,17572.0
2026-09-21,TPEX,5609,中菲行,79.2,79.2,78.5,78.8,97911.0
2026-09-21,TPEX,5701,劍湖山,4.26,4.3,4.08,4.3,142584.0
2026-09-21,TPEX,5703,亞都,13.8,13.9,13.8,13.9,2001.0
2026-09-21,TPEX,5704,老爺知,23.15,23.15,22.3,22.7,69867.0
2026-09-21,TPEX,5864,致和證,35.7,37.15,35.35,36.65,4859642.0
2026-09-21,TPEX,5878,台名,,,,,365.0
2026-09-21,TPEX,5902,德記,34.6,34.6,33.7,34.4,27000.0
2026-09-21,TPEX,5903,全家,184.5,185.0,184.5,185.0,24367.0
2026-09-21,TPEX,5904,寶雅*,72.0,72.1,71.2,71.3,4907233.0
2026-09-21,TPEX,5905,南仁湖,7.35,7.36,7.27,7.32,372032.0
2026-09-21,TPEX,6015,宏遠證,17.6,18.1,17.5,17.85,5645040.0
2026-09-21,TPEX,6016,康和證,23.15,24.0,22.95,23.65,7105252.0
2026-09-21,TPEX,6020,大展證,20.5,20.8,20.5,20.75,64037.0
2026-09-21,TPEX,6021,美好證,45.4,45.85,44.0,45.4,524746.0
2026-09-21,TPEX,6023,元大期,87.3,88.4,86.7,87.9,614943.0
2026-09-21,TPEX,6026,福邦證,15.5,15.9,15.45,15.8,2031274.0
2026-09-21,TPEX,6028,公勝保經,96.5,97.1,96.0,97.1,8515.0
2026-09-21,TPEX,6101,寬魚國際,38.5,38.85,38.25,38.55,253375.0
2026-09-21,TPEX,6103,合邦,38.65,38.65,36.0,37.6,41158.0
2026-09-21,TPEX,6104,創惟,91.0,91.3,90.1,91.3,385252.0
2026-09-21,TPEX,6109,亞元,10.35,10.5,10.35,10.5,110869.0
2026-09-21,TPEX,6111,光聚晶電,35.45,36.5,35.05,36.35,136627.0
2026-09-21,TPEX,6113,亞矽,22.3,22.85,22.3,22.6,83501.0
2026-09-21,TPEX,6114,久威,23.0,23.2,23.0,23.15,20111.0
2026-09-21,TPEX,6118,建達,15.1,15.5,15.1,15.5,166574.0
2026-09-21,TPEX,6121,新普,374.5,375.5,372.0,373.5,603944.0
2026-09-21,TPEX,6122,擎邦,51.2,52.3,51.0,51.7,417431.0
2026-09-21,TPEX,6123,上奇,43.1,43.45,42.95,43.25,42662.0
2026-09-21,TPEX,6124,業強,26.8,26.8,26.8,26.8,6046.0
2026-09-21,TPEX,6125,廣運,49.8,49.95,49.3,49.7,326457.0
2026-09-21,TPEX,6126,信音,31.3,31.3,30.65,30.75,648275.0
2026-09-21,TPEX,6127,九豪,49.05,49.7,48.9,48.9,1689474.0
2026-09-21,TPEX,6129,普誠,14.7,15.55,14.65,15.45,791454.0
2026-09-21,TPEX,6130,上亞科技,24.25,24.3,23.5,23.75,65182.0
2026-09-21,TPEX,6134,萬旭,29.05,29.9,29.0,29.5,287081.0
2026-09-21,TPEX,6138,茂達,276.0,277.0,272.0,272.5,309223.0
2026-09-21,TPEX,6140,訊達,23.95,23.95,23.05,23.95,2657797.0
2026-09-21,TPEX,6143,振曜,82.8,83.1,82.1,83.0,126409.0
2026-09-21,TPEX,6144,得利影,12.6,13.05,12.6,12.6,29302.0
2026-09-21,TPEX,6146,耕興,178.5,180.5,178.5,180.0,129161.0
2026-09-21,TPEX,6147,頎邦,230.0,230.0,222.5,224.0,41149853.0
2026-09-21,TPEX,6148,驊宏資,41.95,42.1,39.15,40.0,14884357.0
2026-09-21,TPEX,6150,撼訊,61.8,62.4,61.0,61.8,172696.0
2026-09-21,TPEX,6151,晉倫,35.7,35.7,35.1,35.2,41908.0
2026-09-21,TPEX,6154,順發,14.15,14.2,14.1,14.15,19468.0
2026-09-21,TPEX,6156,松上,20.65,21.1,20.5,21.05,423275.0
2026-09-21,TPEX,6158,禾昌,17.2,17.25,17.0,17.2,36613.0
2026-09-21,TPEX,6160,欣技,14.45,14.45,14.05,14.15,97743.0
2026-09-21,TPEX,6161,捷波,48.9,49.2,48.7,49.05,39353.0
2026-09-21,TPEX,6163,華電網,42.0,43.5,41.5,42.25,1215469.0
2026-09-21,TPEX,6167,久正,10.2,10.4,10.2,10.3,169063.0
2026-09-21,TPEX,6169,昱泉,11.85,11.85,11.85,11.85,6828.0
2026-09-21,TPEX,6170,統振,47.7,48.25,47.65,48.15,120471.0
2026-09-21,TPEX,6171,大城地產,25.9,26.0,25.7,26.0,41496.0
2026-09-21,TPEX,6173,信昌電,311.0,318.5,308.0,308.0,13526569.0
2026-09-21,TPEX,6174,安碁,45.2,46.7,44.3,44.3,769184.0
2026-09-21,TPEX,6175,立敦,70.6,72.2,70.2,71.4,935305.0
2026-09-21,TPEX,6179,亞通,38.5,39.9,37.35,37.35,17841713.0
2026-09-21,TPEX,6180,橘子,40.6,40.9,40.5,40.8,267482.0
2026-09-21,TPEX,6182,合晶,117.0,119.0,113.5,115.0,46173978.0
2026-09-21,TPEX,6185,幃翔,12.5,12.7,12.5,12.7,114902.0
2026-09-21,TPEX,6186,新潤,29.95,29.95,29.35,29.75,1065047.0
2026-09-21,TPEX,6187,萬潤,1260.0,1265.0,1200.0,1235.0,1526102.0
2026-09-21,TPEX,6188,廣明,63.0,63.4,62.5,62.7,476885.0
2026-09-21,TPEX,6190,萬泰科,69.6,71.8,68.6,70.2,3694667.0
2026-09-21,TPEX,6194,育富,30.5,30.55,30.4,30.45,43023.0
2026-09-21,TPEX,6195,詩肯,27.75,27.8,27.75,27.8,18831.0
2026-09-21,TPEX,6198,瑞築,,,,,2.0
2026-09-21,TPEX,6199,天品,112.5,118.5,105.5,114.5,8110682.0
2026-09-21,TPEX,6203,海韻電,60.0,60.0,59.4,60.0,35853.0
2026-09-21,TPEX,6204,艾華,113.5,120.0,107.0,108.0,1725027.0
2026-09-21,TPEX,6207,雷科,120.0,124.0,116.0,117.0,8289995.0
2026-09-21,TPEX,6208,日揚,76.4,77.4,75.5,76.3,167210.0
2026-09-21,TPEX,6210,慶生,17.3,17.3,17.0,17.25,13119.0
2026-09-21,TPEX,6212,理銘,,,,,22.0
2026-09-21,TPEX,6217,中探針,180.0,181.5,173.5,175.5,5540321.0
2026-09-21,TPEX,6218,豪勉,66.1,67.7,66.1,67.7,2170078.0
2026-09-21,TPEX,6219,富旺,12.2,12.25,12.1,12.25,33684.0
2026-09-21,TPEX,6220,岳豐,25.2,25.2,25.0,25.15,240299.0
2026-09-21,TPEX,6221,晉泰,28.65,31.0,28.35,31.0,3406718.0
2026-09-21,TPEX,6222,立軒,19.05,19.3,18.7,18.85,40001.0
2026-09-21,TPEX,6223,旺矽,5845.0,5850.0,5410.0,5495.0,1178248.0
2026-09-21,TPEX,6227,茂綸,131.0,133.5,128.0,132.0,995304.0
2026-09-21,TPEX,6228,全譜,16.3,16.4,16.3,16.4,4000.0
2026-09-21,TPEX,6229,研通,23.75,23.8,23.5,23.7,58029.0
2026-09-21,TPEX,6231,系微,224.0,228.0,219.0,223.5,289765.0
2026-09-21,TPEX,6233,旺玖,20.85,21.6,20.85,21.3,177923.0
2026-09-21,TPEX,6234,高僑,39.6,42.35,38.9,42.35,3355073.0
2026-09-21,TPEX,6236,中湛,14.4,17.5,14.4,17.5,11413.0
2026-09-21,TPEX,6237,驊訊,34.8,35.05,34.5,34.7,185274.0
2026-09-21,TPEX,6240,松崗,25.2,25.5,24.0,24.35,111154.0
2026-09-21,TPEX,6241,鑫永洋,16.3,16.4,15.9,15.95,30589.0
2026-09-21,TPEX,6242,立康,33.95,33.95,33.95,33.95,4117.0
2026-09-21,TPEX,6244,茂迪,23.4,24.6,23.15,24.0,10936451.0
2026-09-21,TPEX,6245,立端,86.0,89.7,84.4,88.4,2302253.0
2026-09-21,TPEX,6246,臺龍,12.7,13.05,12.65,12.95,15010.0
2026-09-21,TPEX,6248,沛波,16.85,16.85,16.65,16.85,66348.0
2026-09-21,TPEX,6259,百徽,29.45,30.2,29.35,29.6,217442.0
2026-09-21,TPEX,6261,久元,79.9,81.0,79.0,79.3,620173.0
2026-09-21,TPEX,6263,普萊德,156.0,159.5,156.0,158.5,82516.0
2026-09-21,TPEX,6264,富裔,6.0,6.02,5.93,6.02,42106.0
2026-09-21,TPEX,6265,方土昶,49.4,49.45,48.4,48.5,1147681.0
2026-09-21,TPEX,6266,泰詠,24.8,25.0,24.8,25.0,123486.0
2026-09-21,TPEX,6270,倍微,29.45,30.3,29.2,29.95,229076.0
2026-09-21,TPEX,6274,台燿,1385.0,1445.0,1355.0,1435.0,11543152.0
2026-09-21,TPEX,6275,元山,45.1,46.0,45.0,46.0,172259.0
2026-09-21,TPEX,6276,安鈦克,19.5,20.25,19.5,19.65,4464.0
2026-09-21,TPEX,6279,胡連,113.5,113.5,112.0,112.5,394094.0
2026-09-21,TPEX,6284,佳邦,76.6,76.6,75.8,75.8,491513.0
2026-09-21,TPEX,6290,良維,280.0,284.5,277.0,281.0,3188908.0
2026-09-21,TPEX,6291,沛亨,522.0,522.0,506.0,508.0,1216296.0
2026-09-21,TPEX,6292,迅德,66.9,68.6,66.1,68.0,421412.0
2026-09-21,TPEX,6294,智基,28.65,28.65,28.25,28.65,8535.0
2026-09-21,TPEX,6411,晶焱,78.8,79.8,78.0,79.4,202117.0
2026-09-21,TPEX,6417,韋僑,104.0,104.0,102.5,102.5,37290.0
2026-09-21,TPEX,6418,詠昇,34.6,35.8,34.1,35.3,76203.0
2026-09-21,TPEX,6419,京晨科,155.5,157.5,151.5,152.0,115883.0
2026-09-21,TPEX,6423,億而得,83.7,87.5,83.3,86.6,99584.0
2026-09-21,TPEX,6425,易發,70.8,75.0,70.4,75.0,4115710.0
2026-09-21,TPEX,6432,今展科,58.8,62.4,58.2,61.4,1329131.0
2026-09-21,TPEX,6435,大中,244.0,246.0,243.0,244.5,169356.0
2026-09-21,TPEX,6441,廣錠,23.25,25.15,23.25,25.15,426311.0
2026-09-21,TPEX,6461,益得,25.2,25.2,24.8,24.8,24943.0
2026-09-21,TPEX,6462,神盾,98.0,98.7,96.8,98.7,228307.0
2026-09-21,TPEX,6465,威潤,42.5,43.5,42.3,43.15,108213.0
2026-09-21,TPEX,6469,大樹,65.4,65.4,64.5,64.5,269286.0
2026-09-21,TPEX,6470,宇智,43.0,43.0,42.8,43.0,13370.0
2026-09-21,TPEX,6474,華豫寧,36.15,36.15,35.4,35.4,13206.0
2026-09-21,TPEX,6482,弘煜科,24.15,24.7,24.0,24.05,12000.0
2026-09-21,TPEX,6485,點序,65.0,71.8,63.8,71.8,1260296.0
2026-09-21,TPEX,6486,互動,80.7,81.7,80.5,81.5,57362.0
2026-09-21,TPEX,6488,環球晶,951.0,954.0,925.0,931.0,6946339.0
2026-09-21,TPEX,6492,生華科,33.95,34.7,33.7,34.2,147577.0
2026-09-21,TPEX,6494,九齊,51.5,52.4,51.0,51.1,141757.0
2026-09-21,TPEX,6496,科懋,24.0,24.5,24.0,24.05,16899.0
2026-09-21,TPEX,6498,久禾光,66.8,68.5,66.8,68.3,125313.0
2026-09-21,TPEX,6499,益安,77.0,78.5,74.3,75.1,504694.0
2026-09-21,TPEX,6506,雙邦,18.05,18.15,17.9,18.05,42224.0
2026-09-21,TPEX,6508,惠光,28.2,29.15,27.85,29.15,1225332.0
2026-09-21,TPEX,6509,聚和,46.65,47.4,46.3,47.2,822336.0
2026-09-21,TPEX,6510,精測,3600.0,3680.0,3365.0,3485.0,1404601.0
2026-09-21,TPEX,6512,啟發電,20.05,20.2,20.05,20.2,6698.0
2026-09-21,TPEX,6516,勤崴國際,59.6,59.6,58.2,58.3,23309.0
2026-09-21,TPEX,6517,保勝光學,65.6,67.6,64.7,66.2,329987.0
2026-09-21,TPEX,6523,達爾膚,89.4,89.6,89.4,89.5,16674.0
2026-09-21,TPEX,6527,明達醫,75.0,75.3,75.0,75.0,12001.0
2026-09-21,TPEX,6530,創威,100.5,103.5,98.6,100.0,2227724.0
2026-09-21,TPEX,6532,瑞耘,100.0,102.5,99.1,100.0,856377.0
2026-09-21,TPEX,6535,順藥,79.5,79.5,76.8,78.2,166588.0
2026-09-21,TPEX,6538,倉和,412.0,426.5,400.0,426.5,2526171.0
2026-09-21,TPEX,6542,隆中,41.75,41.75,41.15,41.4,12000.0
2026-09-21,TPEX,6546,正基,60.1,61.2,60.1,60.6,167674.0
2026-09-21,TPEX,6547,高端疫苗,59.8,60.9,58.7,58.8,2651679.0
2026-09-21,TPEX,6548,長科*,77.6,78.0,73.1,73.3,4478893.0
2026-09-21,TPEX,6556,勝品,61.7,61.7,61.5,61.5,2000.0
2026-09-21,TPEX,6560,欣普羅,35.0,35.0,33.6,33.6,44858.0
2026-09-21,TPEX,6561,是方,315.0,315.5,313.5,315.5,33405.0
2026-09-21,TPEX,6568,宏觀,144.5,145.5,142.5,145.0,78956.0
2026-09-21,TPEX,6569,醫揚,91.6,92.0,91.4,92.0,26105.0
2026-09-21,TPEX,6570,維田,47.35,47.7,47.0,47.35,79092.0
2026-09-21,TPEX,6574,霈方,121.0,123.0,121.0,122.0,42270.0
2026-09-21,TPEX,6576,逸達,80.7,81.2,80.1,81.2,62172.0
2026-09-21,TPEX,6577,勁豐,78.8,79.9,78.8,79.1,31775.0
2026-09-21,TPEX,6578,達邦蛋白,16.95,17.15,16.8,16.9,63301.0
2026-09-21,TPEX,6584,南俊國際,570.0,575.0,556.0,560.0,351769.0
2026-09-21,TPEX,6588,東典光電,118.0,118.0,113.5,113.5,1192692.0
2026-09-21,TPEX,6590,普鴻,68.1,68.1,65.8,67.9,16883.0
2026-09-21,TPEX,6593,台灣銘板,32.0,32.3,31.8,32.3,37825.0
2026-09-21,TPEX,6596,寬宏藝術,97.3,97.9,96.8,97.3,188475.0
2026-09-21,TPEX,6597,立誠,68.0,68.0,68.0,68.0,5000.0
2026-09-21,TPEX,6603,富強鑫,28.8,29.75,28.0,28.75,4209926.0
2026-09-21,TPEX,6609,瀧澤科,39.1,40.0,39.05,40.0,103544.0
2026-09-21,TPEX,6612,奈米醫材,71.7,71.8,71.1,71.1,9642.0
2026-09-21,TPEX,6613,朋億*,271.5,272.5,266.0,267.0,161258.0
2026-09-21,TPEX,6615,慧智,,,,,762.0
2026-09-21,TPEX,6616,特昇-KY,8.3,8.4,8.28,8.3,5010.0
2026-09-21,TPEX,6617,共信-KY,143.0,143.0,139.0,141.0,457040.0
2026-09-21,TPEX,6620,漢達,151.5,152.0,135.0,137.5,6199199.0
2026-09-21,TPEX,6624,萬年清,39.3,39.3,37.8,38.35,9104.0
2026-09-21,TPEX,6629,泰金-KY,104.0,104.5,104.0,104.5,24002.0
2026-09-21,TPEX,6637,醫影,54.1,54.6,54.1,54.6,9418.0
2026-09-21,TPEX,6640,均華,1185.0,1185.0,1110.0,1110.0,326152.0
2026-09-21,TPEX,6642,富致,78.0,79.3,77.6,79.2,55041.0
2026-09-21,TPEX,6643,M31,461.0,486.0,457.0,478.0,1107544.0
2026-09-21,TPEX,6649,台生材,35.5,35.65,35.2,35.45,21031.0
2026-09-21,TPEX,6651,全宇昕,147.0,155.0,146.0,154.0,485174.0
2026-09-21,TPEX,6654,天正國際,199.0,209.0,197.0,208.0,49959.0
2026-09-21,TPEX,6661,威健生技,16.4,16.4,16.0,16.05,12065.0
2026-09-21,TPEX,6662,樂斯科,28.2,28.2,28.2,28.2,1000.0
2026-09-21,TPEX,6664,群翊,340.0,341.5,336.0,340.5,166926.0
2026-09-21,TPEX,6667,信紘科,264.0,269.5,258.0,259.5,1460382.0
2026-09-21,TPEX,6679,鈺太,197.5,200.5,197.5,199.5,140651.0
2026-09-21,TPEX,6680,鑫創電子,55.0,55.0,55.0,55.0,1628.0
2026-09-21,TPEX,6683,雍智科技,1655.0,1740.0,1625.0,1675.0,2228061.0
2026-09-21,TPEX,6684,安格,47.8,50.7,47.8,50.0,161675.0
2026-09-21,TPEX,6690,安碁資訊,186.0,186.0,176.5,180.5,342716.0
2026-09-21,TPEX,6692,進能服,23.75,23.75,23.3,23.7,9102.0
2026-09-21,TPEX,6693,廣閎科,182.0,183.0,176.5,178.0,727205.0
2026-09-21,TPEX,6697,東捷資訊,42.0,42.0,41.3,41.55,31038.0
2026-09-21,TPEX,6703,軒郁,101.0,101.5,100.5,101.0,9959.0
2026-09-21,TPEX,6708,天擎,39.65,39.95,38.4,39.4,74001.0
2026-09-21,TPEX,6712,長聖,158.0,159.0,157.5,158.0,59173.0
2026-09-21,TPEX,6716,應廣,121.0,122.5,116.0,116.0,497724.0
2026-09-21,TPEX,6720,久昌,128.0,128.0,127.0,127.0,13442.0
2026-09-21,TPEX,6721,信實,51.0,51.3,50.8,51.0,14319.0
2026-09-21,TPEX,6725,矽科宏晟,233.5,233.5,220.0,220.0,56620.0
2026-09-21,TPEX,6727,亞泰金屬,487.0,487.0,463.0,478.0,1143005.0
2026-09-21,TPEX,6728,上洋,108.0,108.0,107.5,108.0,7158.0
2026-09-21,TPEX,6730,常廣,32.0,32.0,32.0,32.0,7000.0
2026-09-21,TPEX,6732,昇佳電子,149.5,151.0,149.0,149.0,53340.0
2026-09-21,TPEX,6733,博晟生醫,25.5,25.5,25.0,25.05,53861.0
2026-09-21,TPEX,6735,美達科技,65.0,65.0,62.0,63.8,63360.0
2026-09-21,TPEX,6739,竹陞科技,1160.0,1160.0,1090.0,1100.0,291745.0
2026-09-21,TPEX,6741,91APP*-KY,58.8,58.8,57.5,57.5,191291.0
2026-09-21,TPEX,6751,智聯服務,43.55,44.2,42.85,43.8,13799.0
2026-09-21,TPEX,6752,叡揚,98.8,98.8,96.5,96.5,21364.0
2026-09-21,TPEX,6761,穩得,168.0,168.5,165.0,166.5,93308.0
2026-09-21,TPEX,6762,達亞,,,,,0.0
2026-09-21,TPEX,6763,綠界科技*,41.35,41.6,41.1,41.35,141496.0
2026-09-21,TPEX,6767,台微醫,24.35,25.95,24.3,25.0,10020.0
2026-09-21,TPEX,6785,昱展新藥,99.8,100.0,98.0,99.5,46758.0
2026-09-21,TPEX,6788,華景電,345.0,345.0,333.0,341.5,228647.0
2026-09-21,TPEX,6791,虎門科技,101.5,101.5,100.0,100.0,11097.0
2026-09-21,TPEX,6803,崑鼎,267.0,267.5,266.5,266.5,67843.0
2026-09-21,TPEX,6804,明係,18.25,18.45,18.25,18.3,66141.0
2026-09-21,TPEX,6811,宏碁資訊,270.0,271.5,254.5,256.5,616719.0
2026-09-21,TPEX,6821,聯寶,40.6,41.5,40.5,41.3,89110.0
2026-09-21,TPEX,6823,濾能,60.8,60.8,59.5,59.7,20100.0
2026-09-21,TPEX,6829,千附精密,225.0,225.0,215.0,217.5,713580.0
2026-09-21,TPEX,6840,東研信超,108.5,111.5,106.5,106.5,613829.0
2026-09-21,TPEX,6841,長佳智能,53.6,53.7,53.1,53.3,92940.0
2026-09-21,TPEX,6843,進典,39.75,39.75,38.4,39.3,10580.0
2026-09-21,TPEX,6844,諾貝兒,56.6,57.0,56.3,57.0,37124.0
2026-09-21,TPEX,6846,綠茵,59.7,59.7,58.8,59.2,15001.0
2026-09-21,TPEX,6855,數泓科,115.5,115.5,113.0,113.0,3167.0
2026-09-21,TPEX,6856,鑫傳,41.1,42.0,41.1,42.0,9012.0
2026-09-21,TPEX,6859,伯特光,122.5,123.0,120.5,121.0,38948.0
2026-09-21,TPEX,6865,偉康科技,27.5,27.5,27.5,27.5,2984.0
2026-09-21,TPEX,6870,騰雲,310.5,319.0,307.0,312.0,103043.0
2026-09-21,TPEX,6872,浩宇生醫,21.45,23.2,21.15,23.2,361562.0
2026-09-21,TPEX,6874,倍力,69.2,69.5,68.9,69.0,14086.0
2026-09-21,TPEX,6875,國邑*,34.1,36.3,34.1,35.9,618316.0
2026-09-21,TPEX,6877,鏵友益,121.5,122.0,119.5,121.0,38304.0
2026-09-21,TPEX,6881,潤德,215.0,215.5,215.0,215.5,3502.0
2026-09-21,TPEX,6884,海柏特,30.9,31.9,30.9,31.9,3017.0
2026-09-21,TPEX,6894,衛司特,360.0,382.0,355.0,370.5,132335.0
2026-09-21,TPEX,6895,宏碩系統,143.0,148.0,136.0,140.0,57853.0
2026-09-21,TPEX,6899,創為精密,49.0,53.9,49.0,51.0,39440.0
2026-09-21,TPEX,6903,巨漢,309.0,309.5,304.0,305.0,136585.0
2026-09-21,TPEX,6904,伯鑫,120.0,120.0,120.0,120.0,1025.0
2026-09-21,TPEX,6907,雅特力-KY,188.5,188.5,181.5,183.0,628315.0
2026-09-21,TPEX,6910,德鴻,25.75,25.8,25.35,25.35,39142.0
2026-09-21,TPEX,6913,鴻呈,130.5,130.5,129.0,130.0,160346.0
2026-09-21,TPEX,6922,宸曜,190.5,206.5,190.0,206.5,353651.0
2026-09-21,TPEX,6925,意藍,58.7,58.9,57.5,57.8,278132.0
2026-09-21,TPEX,6929,佑全,,,,,20.0
2026-09-21,TPEX,6945,圓祥生技,131.0,137.0,124.5,135.0,962362.0
2026-09-21,TPEX,6953,家碩,237.0,248.0,234.5,242.0,87675.0
2026-09-21,TPEX,6961,旅天下,48.0,48.0,47.3,47.55,25021.0
2026-09-21,TPEX,6967,汎瑋材料,67.0,67.1,65.7,66.1,252492.0
2026-09-21,TPEX,6968,萬達寵物,41.5,41.6,41.3,41.55,64125.0
2026-09-21,TPEX,6971,惠民實業,24.4,24.4,23.6,23.8,64717.0
2026-09-21,TPEX,6982,大井泵浦,44.95,44.95,43.9,44.2,19451.0
2026-09-21,TPEX,6983,華洋精機,354.5,365.0,350.5,351.0,58901.0
2026-09-21,TPEX,6986,和迅,40.8,44.2,40.3,44.2,217601.0
2026-09-21,TPEX,6996,力領科技,173.0,173.0,170.5,170.5,23029.0
2026-09-21,TPEX,6997,博弘,69.3,69.3,69.3,69.3,1004.0
2026-09-21,TPEX,7402,邑錡,104.0,104.0,100.5,101.0,130516.0
2026-09-21,TPEX,7547,碩網,50.0,50.8,49.8,50.7,25270.0
2026-09-21,TPEX,7556,意德士,262.0,265.0,253.5,259.5,48996.0
2026-09-21,TPEX,7584,樂意,27.85,28.65,27.85,28.65,2550.0
2026-09-21,TPEX,7642,昶瑞機電,71.3,71.3,68.0,68.8,48160.0
2026-09-21,TPEX,7703,銳澤,202.5,203.0,199.5,200.0,49117.0
2026-09-21,TPEX,7704,明遠精密,62.1,62.9,61.8,62.7,41215.0
2026-09-21,TPEX,7708,全家餐飲,,,,,23.0
2026-09-21,TPEX,7709,榮田,82.5,89.9,82.1,89.9,168715.0
2026-09-21,TPEX,7712,博盛半導體,159.0,161.5,157.0,159.0,234379.0
2026-09-21,TPEX,7713,威力德生醫,74.7,74.9,74.7,74.9,4019.0
2026-09-21,TPEX,7714,創泓科技,178.0,179.0,172.0,174.5,260513.0
2026-09-21,TPEX,7715,裕山,28.5,28.5,28.0,28.35,10230.0
2026-09-21,TPEX,7716,昱臺國際,23.8,24.0,23.8,24.0,17000.0
2026-09-21,TPEX,7717,萊德光電-KY,605.0,622.0,565.0,592.0,1463546.0
2026-09-21,TPEX,7718,友鋮,46.05,46.15,45.85,45.85,32005.0
2026-09-21,TPEX,7723,築間,18.6,18.6,18.35,18.55,108858.0
2026-09-21,TPEX,7728,光焱科技,587.0,594.0,580.0,586.0,46629.0
2026-09-21,TPEX,7734,印能科技,2700.0,2710.0,2555.0,2585.0,235007.0
2026-09-21,TPEX,7738,東聯互動,161.5,161.5,159.5,160.0,13201.0
2026-09-21,TPEX,7743,金利食安,25.3,25.3,24.5,25.0,44431.0
2026-09-21,TPEX,7744,崴寶,533.0,533.0,512.0,523.0,77327.0
2026-09-21,TPEX,7747,昕奇雲端,112.0,113.0,111.0,113.0,7034.0
2026-09-21,TPEX,7751,竑騰,1495.0,1495.0,1445.0,1445.0,78155.0
2026-09-21,TPEX,7753,星亞,35.6,35.95,35.35,35.5,29028.0
2026-09-21,TPEX,7757,金色三麥,90.0,90.0,88.3,89.9,11610.0
2026-09-21,TPEX,7767,仁大資訊,46.95,47.3,46.5,46.5,30048.0
2026-09-21,TPEX,7770,君曜,40.5,40.5,40.05,40.1,7180.0
2026-09-21,TPEX,7772,耀穎,152.0,171.0,147.0,171.0,2136410.0
2026-09-21,TPEX,7777,能率亞洲,35.95,36.2,35.5,35.9,1234310.0
2026-09-21,TPEX,7782,光速火箭,26.25,26.6,25.8,25.8,10119.0
2026-09-21,TPEX,7792,安葆,339.5,352.5,325.0,344.0,1073824.0
2026-09-21,TPEX,7794,宏碁智新,31.4,31.4,30.8,30.85,30011.0
2026-09-21,TPEX,7805,威聯通,500.0,502.0,498.5,498.5,26478.0
2026-09-21,TPEX,7810,捷創科技,224.0,224.0,220.0,222.0,37260.0
2026-09-21,TPEX,7811,民盛,73.0,73.0,73.0,73.0,3026.0
2026-09-21,TPEX,7814,海昌生技,28.2,28.5,28.1,28.5,13542.0
2026-09-21,TPEX,7819,精誠金融,35.0,35.0,34.35,34.35,9341.0
2026-09-21,TPEX,7820,立盈,105.5,105.5,104.0,104.0,6691.0
2026-09-21,TPEX,7825,和亞智慧,79.0,79.0,76.0,76.1,456175.0
2026-09-21,TPEX,7828,創新服務,2140.0,2145.0,2030.0,2040.0,303130.0
2026-09-21,TPEX,7839,達人網,43.3,43.3,42.95,43.3,7024.0
2026-09-21,TPEX,7842,天能綠電,95.0,97.9,94.5,96.7,9393.0
2026-09-21,TPEX,8024,佑華,12.85,12.85,12.65,12.8,55004.0
2026-09-21,TPEX,8027,鈦昇,180.0,182.0,176.5,179.5,1893299.0
2026-09-21,TPEX,8032,光菱,35.85,36.75,35.8,36.1,75503.0
2026-09-21,TPEX,8034,榮群,20.0,20.5,19.9,20.5,169332.0
2026-09-21,TPEX,8038,長園科,31.95,32.7,31.7,32.45,161264.0
2026-09-21,TPEX,8040,九暘,83.0,86.7,82.1,83.5,3065003.0
2026-09-21,TPEX,8042,金山電,113.0,117.0,112.5,113.5,3811629.0
2026-09-21,TPEX,8043,蜜望實,133.5,137.5,132.5,132.5,1298993.0
2026-09-21,TPEX,8044,網家,23.75,24.55,23.75,24.05,858607.0
2026-09-21,TPEX,8047,星雲,45.2,45.8,44.2,45.8,17069.0
2026-09-21,TPEX,8048,德勝,49.8,51.0,49.35,49.5,101665.0
2026-09-21,TPEX,8049,晶采,24.5,24.6,24.3,24.45,184150.0
2026-09-21,TPEX,8050,廣積,59.7,59.9,58.8,59.1,796483.0
2026-09-21,TPEX,8054,安國,84.6,85.4,83.5,84.9,662249.0
2026-09-21,TPEX,8059,凱碩,22.1,22.1,20.1,20.15,360416.0
2026-09-21,TPEX,8064,東捷,137.0,142.0,133.5,138.0,17086858.0
2026-09-21,TPEX,8066,來思達,14.9,14.95,14.8,14.9,34296.0
2026-09-21,TPEX,8067,志旭,11.5,11.85,11.5,11.85,5093.0
2026-09-21,TPEX,8068,全達,15.95,16.2,15.95,16.05,56669.0
2026-09-21,TPEX,8069,元太,147.0,148.0,144.0,144.5,5338636.0
2026-09-21,TPEX,8071,能率網通,22.1,22.3,21.95,22.1,167078.0
2026-09-21,TPEX,8074,鉅橡,50.5,51.8,50.1,50.9,305718.0
2026-09-21,TPEX,8076,伍豐,21.4,21.6,21.25,21.6,311626.0
2026-09-21,TPEX,8077,洛碁,,,,,76.0
2026-09-21,TPEX,8080,泰霖,28.75,28.85,28.0,28.85,15175.0
2026-09-21,TPEX,8083,瑞穎,158.0,158.5,156.5,156.5,33078.0
2026-09-21,TPEX,8084,巨虹,41.75,41.75,40.4,40.6,582513.0
2026-09-21,TPEX,8085,福華,14.4,14.65,14.4,14.45,136012.0
2026-09-21,TPEX,8086,宏捷科,111.5,111.5,109.5,109.5,1663032.0
2026-09-21,TPEX,8087,麗升能源,24.6,24.8,24.0,24.3,14004.0
2026-09-21,TPEX,8088,品安,42.7,43.65,42.7,43.35,315760.0
2026-09-21,TPEX,8089,康全電訊,18.6,20.35,18.35,19.95,580421.0
2026-09-21,TPEX,8091,翔名,219.0,219.0,215.0,215.5,204433.0
2026-09-21,TPEX,8092,建暐,12.85,12.9,12.7,12.7,28009.0
2026-09-21,TPEX,8093,保銳,25.15,25.15,24.15,24.5,31846.0
2026-09-21,TPEX,8096,擎亞,89.0,89.4,86.4,86.5,2565265.0
2026-09-21,TPEX,8097,常珵,49.05,51.8,49.05,49.65,393531.0
2026-09-21,TPEX,8099,大世科,59.9,60.0,59.5,59.9,44663.0
2026-09-21,TPEX,8102,傑霖科技,61.0,61.0,61.0,61.0,3000.0
2026-09-21,TPEX,8107,大億金茂,12.1,12.5,12.0,12.2,77050.0
2026-09-21,TPEX,8109,博大,135.0,135.5,132.0,133.5,129358.0
2026-09-21,TPEX,8111,立碁,80.9,83.9,79.2,80.6,35498403.0
2026-09-21,TPEX,8121,越峰,27.9,27.95,27.3,27.7,294970.0
2026-09-21,TPEX,8147,正淩,134.0,136.0,133.0,135.5,114373.0
2026-09-21,TPEX,8155,博智,333.5,333.5,323.0,327.5,343578.0
2026-09-21,TPEX,8171,天宇,20.05,20.4,20.05,20.3,120104.0
2026-09-21,TPEX,8176,智捷,9.83,9.95,9.8,9.87,56886.0
2026-09-21,TPEX,8182,加高,39.8,40.7,39.3,39.55,614266.0
2026-09-21,TPEX,8183,精星,30.85,30.85,28.85,28.9,2945678.0
2026-09-21,TPEX,8227,巨有科技,282.0,287.5,271.5,287.5,970150.0
2026-09-21,TPEX,8234,新漢,62.9,62.9,61.9,62.5,177842.0
2026-09-21,TPEX,8240,華宏,51.5,52.0,50.5,51.1,327105.0
2026-09-21,TPEX,8255,朋程,137.0,139.0,135.5,137.5,266332.0
2026-09-21,TPEX,8272,全景軟體,66.4,66.4,64.3,64.3,5310.0
2026-09-21,TPEX,8277,商丞,20.5,20.5,16.85,16.85,308006.0
2026-09-21,TPEX,8279,生展,78.9,78.9,78.5,78.6,15002.0
2026-09-21,TPEX,8284,三竹,68.8,69.0,68.8,68.8,6868.0
2026-09-21,TPEX,8289,泰藝,46.0,47.4,44.25,44.25,578511.0
2026-09-21,TPEX,8291,尚茂,30.7,30.7,29.1,29.45,17091.0
2026-09-21,TPEX,8299,群聯,2145.0,2190.0,2115.0,2150.0,4591782.0
2026-09-21,TPEX,8342,益張,85.0,85.0,83.5,83.5,3287.0
2026-09-21,TPEX,8349,恒耀,37.9,38.0,37.65,38.0,48326.0
2026-09-21,TPEX,8354,冠好,17.0,17.25,16.8,16.85,26038.0
2026-09-21,TPEX,8358,金居,500.0,500.0,485.0,491.5,2345558.0
2026-09-21,TPEX,8383,千附,69.3,69.3,67.0,67.0,931330.0
2026-09-21,TPEX,8390,金益鼎,92.5,92.7,91.7,91.8,136524.0
2026-09-21,TPEX,8401,白紗科,22.8,22.8,22.5,22.8,42640.0
2026-09-21,TPEX,8403,盛弘,19.0,19.0,18.85,18.9,59508.0
2026-09-21,TPEX,8409,商之器,18.05,18.05,18.0,18.0,3110.0
2026-09-21,TPEX,8410,森田,29.3,29.3,28.65,29.0,74494.0
2026-09-21,TPEX,8415,大國鋼,34.5,35.3,34.5,35.0,684168.0
2026-09-21,TPEX,8416,實威,170.5,172.5,170.5,170.5,6678.0
2026-09-21,TPEX,8421,旭源,13.1,13.25,13.0,13.05,107222.0
2026-09-21,TPEX,8423,保綠-KY,18.0,18.0,18.0,18.0,5270.0
2026-09-21,TPEX,8424,惠普,69.3,69.3,69.0,69.0,4249.0
2026-09-21,TPEX,8426,紅木-KY,20.4,20.65,20.35,20.6,8073.0
2026-09-21,TPEX,8431,匯鑽科,63.0,68.6,61.8,64.4,4230843.0
2026-09-21,TPEX,8432,東生華,50.9,50.9,50.1,50.5,21134.0
2026-09-21,TPEX,8433,弘帆,53.5,53.5,53.2,53.2,23010.0
2026-09-21,TPEX,8435,鉅邁,53.1,53.1,53.0,53.1,20134.0
2026-09-21,TPEX,8436,大江,104.0,104.5,103.0,104.0,352995.0
2026-09-21,TPEX,8437,大地-KY,8.98,9.17,8.98,9.12,13347.0
2026-09-21,TPEX,8440,綠電,20.1,20.1,19.7,20.0,77464.0
2026-09-21,TPEX,8444,綠河-KY,,,,,78.0
2026-09-21,TPEX,8446,華研,84.8,84.8,84.6,84.6,8587.0
2026-09-21,TPEX,8450,霹靂,14.15,14.15,14.05,14.15,26489.0
2026-09-21,TPEX,8455,大拓-KY,22.7,22.7,22.7,22.7,3000.0
2026-09-21,TPEX,8472,納維康,76.1,80.8,76.1,77.8,5009.0
2026-09-21,TPEX,8477,創業家,15.0,15.05,14.95,14.95,29440.0
2026-09-21,TPEX,8489,三貝德,21.5,21.5,21.4,21.5,44071.0
2026-09-21,TPEX,8905,裕國,35.0,35.25,35.0,35.25,12854.0
2026-09-21,TPEX,8906,花王,29.0,30.0,28.95,30.0,5107.0
2026-09-21,TPEX,8908,欣雄,40.3,40.45,40.05,40.45,50581.0
2026-09-21,TPEX,8916,光隆,41.35,41.35,40.75,40.85,27739.0
2026-09-21,TPEX,8917,欣泰,54.0,54.0,54.0,54.0,4001.0
2026-09-21,TPEX,8921,沈氏,16.9,16.9,16.9,16.9,1000.0
2026-09-21,TPEX,8923,時報,18.7,18.7,18.35,18.7,11001.0
2026-09-21,TPEX,8924,大田,50.1,50.1,49.05,49.75,74542.0
2026-09-21,TPEX,8927,北基,18.75,19.4,18.5,19.15,256731.0
2026-09-21,TPEX,8928,鉅明,23.05,23.05,22.75,22.85,14100.0
2026-09-21,TPEX,8929,富堡,13.0,13.0,12.8,12.9,25477.0
2026-09-21,TPEX,8930,青鋼,28.8,28.8,28.75,28.75,12192.0
2026-09-21,TPEX,8931,大汽電,43.45,43.45,42.9,43.0,128501.0
2026-09-21,TPEX,8932,智通*,92.8,95.9,92.3,94.9,2274734.0
2026-09-21,TPEX,8933,愛地雅,4.56,4.56,4.43,4.44,49744.0
2026-09-21,TPEX,8935,邦泰,17.7,17.7,17.4,17.6,71786.0
2026-09-21,TPEX,8936,國統,52.1,52.5,51.9,52.4,842178.0
2026-09-21,TPEX,8937,合騏*,28.6,29.5,28.5,28.85,75990.0
2026-09-21,TPEX,8938,明安,51.2,52.4,51.2,52.4,84811.0
2026-09-21,TPEX,8941,關中,43.95,44.0,43.95,44.0,2100.0
2026-09-21,TPEX,8942,森鉅,40.55,41.0,40.55,40.75,155875.0
2026-09-21,TPEX,9949,琉園,24.25,24.8,23.95,24.0,50062.0
2026-09-21,TPEX,9950,萬國通,10.25,10.25,10.2,10.25,35462.0
2026-09-21,TPEX,9951,皇田,48.5,48.5,48.35,48.35,8785.0
2026-09-21,TPEX,9960,邁達康,32.25,32.8,32.0,32.15,67439.0
2026-09-21,TPEX,9962,有益,10.0,10.15,9.95,10.0,52007.0
