date,market,stock_id,name,open,high,low,close,volume
2026-09-25,TWSE,1101,台泥,25.7,25.7,25.1,25.25,39328798.0
2026-09-25,TWSE,1102,亞泥,35.75,35.9,35.45,35.7,7449257.0
2026-09-25,TWSE,1103,嘉泥,13.1,13.1,13.0,13.05,176272.0
2026-09-25,TWSE,1104,環泥,26.65,26.8,26.65,26.65,251430.0
2026-09-25,TWSE,1108,幸福,11.05,11.1,11.0,11.05,205540.0
2026-09-25,TWSE,1109,信大,13.35,13.4,13.3,13.3,87372.0
2026-09-25,TWSE,1110,東泥,14.9,14.9,14.4,14.75,785532.0
2026-09-25,TWSE,1201,味全,11.7,11.7,11.55,11.6,1127705.0
2026-09-25,TWSE,1203,味王,43.55,43.65,43.3,43.3,10039.0
2026-09-25,TWSE,1210,大成,51.9,52.1,51.8,51.9,576370.0
2026-09-25,TWSE,1213,大飲,7.4,7.4,7.11,7.11,3017.0
2026-09-25,TWSE,1215,卜蜂,105.0,105.5,104.0,105.5,1243333.0
2026-09-25,TWSE,1216,統一,74.8,75.0,74.4,74.5,4863384.0
2026-09-25,TWSE,1217,愛之味,9.93,9.98,9.89,9.95,526934.0
2026-09-25,TWSE,1218,泰山,14.45,14.45,14.35,14.4,300906.0
2026-09-25,TWSE,1219,福壽,11.55,11.6,11.45,11.45,204187.0
2026-09-25,TWSE,1220,台榮,10.75,10.8,10.7,10.75,37454.0
2026-09-25,TWSE,1225,福懋油,24.65,24.65,24.45,24.45,10595.0
2026-09-25,TWSE,1227,佳格,28.25,28.3,28.1,28.15,556585.0
2026-09-25,TWSE,1229,聯華,40.0,40.2,39.95,40.1,1314141.0
2026-09-25,TWSE,1231,聯華食,79.7,79.9,79.4,79.6,118009.0
2026-09-25,TWSE,1232,大統益,154.5,155.0,154.5,154.5,46996.0
2026-09-25,TWSE,1233,天仁,28.15,28.15,28.05,28.1,17043.0
2026-09-25,TWSE,1234,黑松,33.05,33.05,33.0,33.05,54772.0
2026-09-25,TWSE,1235,興泰,40.15,40.2,35.5,35.5,189960.0
2026-09-25,TWSE,1236,宏亞,25.7,25.7,25.05,25.4,49853.0
2026-09-25,TWSE,1256,鮮活果汁-KY,166.5,170.0,165.5,166.5,55393.0
2026-09-25,TWSE,1301,台塑,62.7,64.7,62.0,64.1,16415790.0
2026-09-25,TWSE,1303,南亞,225.5,238.5,223.0,238.0,67158368.0
2026-09-25,TWSE,1304,台聚,12.25,12.5,12.1,12.5,2215118.0
2026-09-25,TWSE,1305,華夏,12.1,12.2,11.9,12.1,702649.0
2026-09-25,TWSE,1307,三芳,30.55,30.75,30.4,30.7,208728.0
2026-09-25,TWSE,1308,亞聚,14.15,14.3,14.0,14.3,1063872.0
2026-09-25,TWSE,1309,台達化,13.9,13.9,13.5,13.8,859601.0
2026-09-25,TWSE,1310,台苯,8.87,8.91,8.74,8.9,2181415.0
2026-09-25,TWSE,1312,國喬,14.55,14.7,14.2,14.6,7756553.0
2026-09-25,TWSE,1313,聯成,12.15,12.25,12.0,12.15,1402278.0
2026-09-25,TWSE,1314,中石化,9.03,9.04,8.78,8.86,42262966.0
2026-09-25,TWSE,1315,達新,68.1,68.3,68.0,68.3,18564.0
2026-09-25,TWSE,1316,上曜,10.65,10.65,10.4,10.45,1273099.0
2026-09-25,TWSE,1319,東陽,78.6,79.1,78.3,78.9,638673.0
2026-09-25,TWSE,1321,大洋,32.35,32.55,32.2,32.45,56000.0
2026-09-25,TWSE,1323,永裕,21.25,21.5,21.15,21.4,16062.0
2026-09-25,TWSE,1324,地球,10.0,10.05,9.96,10.05,29688.0
2026-09-25,TWSE,1325,恆大,25.75,26.3,25.7,25.7,182787.0
2026-09-25,TWSE,1326,台化,65.0,67.2,63.8,67.0,18734584.0
2026-09-25,TWSE,1337,再生-KY,4.43,4.52,4.41,4.45,259505.0
2026-09-25,TWSE,1338,廣華-KY,14.6,14.75,14.5,14.75,145345.0
2026-09-25,TWSE,1339,昭輝,42.45,42.45,42.2,42.4,38644.0
2026-09-25,TWSE,1340,勝悅-KY,5.2,5.21,5.19,5.21,65876.0
2026-09-25,TWSE,1341,富林-KY,60.0,60.0,60.0,60.0,1061.0
2026-09-25,TWSE,1342,八貫,101.0,101.0,100.5,101.0,56993.0
2026-09-25,TWSE,1402,遠東新,27.8,28.2,27.8,28.15,5471043.0
2026-09-25,TWSE,1409,新纖,24.1,24.4,23.85,24.3,4672108.0
2026-09-25,TWSE,1410,南染,24.15,24.4,24.0,24.0,441547.0
2026-09-25,TWSE,1413,宏洲,9.19,9.2,9.19,9.19,6216.0
2026-09-25,TWSE,1414,東和,17.2,17.45,17.15,17.45,141227.0
2026-09-25,TWSE,1416,廣豐,11.5,11.55,11.4,11.45,114653.0
2026-09-25,TWSE,1417,嘉裕,8.06,8.12,8.01,8.1,392002.0
2026-09-25,TWSE,1418,東華,18.95,18.95,18.0,18.3,39326.0
2026-09-25,TWSE,1419,新紡,65.6,66.0,65.4,66.0,22200.0
2026-09-25,TWSE,1423,利華,34.5,34.65,34.5,34.55,16383.0
2026-09-25,TWSE,1432,大魯閣,15.0,15.05,14.95,15.05,51004.0
2026-09-25,TWSE,1434,福懋,17.9,18.0,17.7,17.95,1287285.0
2026-09-25,TWSE,1435,中福,22.3,22.3,22.1,22.25,7361.0
2026-09-25,TWSE,1436,華友聯,36.5,36.5,36.15,36.15,76557.0
2026-09-25,TWSE,1437,勤益控,32.8,32.8,32.45,32.5,115052.0
2026-09-25,TWSE,1438,三地開發,21.55,21.7,21.35,21.5,46200.0
2026-09-25,TWSE,1439,雋揚,28.25,28.25,28.15,28.15,3000.0
2026-09-25,TWSE,1440,南紡,13.2,13.6,13.1,13.5,5143466.0
2026-09-25,TWSE,1442,名軒,27.7,27.95,27.2,27.7,389288.0
2026-09-25,TWSE,1443,立益物流,23.05,23.1,23.05,23.05,14112.0
2026-09-25,TWSE,1444,力麗,6.83,6.9,6.81,6.86,751776.0
2026-09-25,TWSE,1445,大宇,10.05,10.05,10.05,10.05,7106.0
2026-09-25,TWSE,1446,宏和,13.65,13.65,13.55,13.6,38658.0
2026-09-25,TWSE,1447,力鵬,6.4,6.42,6.33,6.39,717743.0
2026-09-25,TWSE,1449,佳和,12.4,12.5,12.25,12.45,285781.0
2026-09-25,TWSE,1451,年興,17.1,17.1,17.0,17.1,69603.0
2026-09-25,TWSE,1452,宏益,10.85,10.85,10.8,10.8,29418.0
2026-09-25,TWSE,1453,大將,10.85,10.9,10.85,10.9,33732.0
2026-09-25,TWSE,1454,台富,12.35,12.35,12.25,12.3,16473.0
2026-09-25,TWSE,1455,集盛,9.74,9.74,9.67,9.68,207283.0
2026-09-25,TWSE,1456,怡華,13.9,14.8,13.9,14.7,259796.0
2026-09-25,TWSE,1457,宜進,14.35,14.45,14.35,14.35,45123.0
2026-09-25,TWSE,1459,聯發,15.8,15.95,15.8,15.95,17332.0
2026-09-25,TWSE,1460,宏遠,6.32,6.32,6.23,6.25,267832.0
2026-09-25,TWSE,1463,強盛新,17.45,17.75,17.35,17.75,92045.0
2026-09-25,TWSE,1464,得力,10.0,10.0,9.96,9.97,137078.0
2026-09-25,TWSE,1465,偉全,11.6,11.65,11.6,11.6,19251.0
2026-09-25,TWSE,1466,聚隆,15.0,15.05,14.75,14.75,67430.0
2026-09-25,TWSE,1467,南緯,8.07,8.07,8.05,8.05,24833.0
2026-09-25,TWSE,1468,昶和,12.9,13.2,12.7,13.2,54000.0
2026-09-25,TWSE,1470,大統新創,23.7,23.7,23.7,23.7,1000.0
2026-09-25,TWSE,1471,首利,9.32,9.46,9.32,9.4,113249.0
2026-09-25,TWSE,1472,三洋實業,87.4,88.3,87.4,88.0,16063.0
2026-09-25,TWSE,1473,台南,19.45,19.55,19.35,19.5,137652.0
2026-09-25,TWSE,1474,弘裕,10.0,10.05,9.92,10.0,66749.0
2026-09-25,TWSE,1475,業旺,26.7,26.7,26.1,26.35,4570.0
2026-09-25,TWSE,1476,儒鴻,280.0,280.0,274.0,276.5,1332740.0
2026-09-25,TWSE,1477,聚陽,192.5,192.5,189.0,191.0,781995.0
2026-09-25,TWSE,1503,士電,195.0,197.0,195.0,196.0,625987.0
2026-09-25,TWSE,1504,東元,68.2,68.9,67.6,68.5,4146251.0
2026-09-25,TWSE,1506,正道,9.7,9.7,9.64,9.64,312228.0
2026-09-25,TWSE,1512,瑞利,6.16,6.35,6.16,6.18,50439.0
2026-09-25,TWSE,1513,中興電,165.5,167.0,164.0,166.0,1271637.0
2026-09-25,TWSE,1514,亞力,103.5,103.5,100.0,102.0,1861115.0
2026-09-25,TWSE,1515,力山,29.9,30.0,29.35,29.45,406535.0
2026-09-25,TWSE,1516,川飛,12.85,13.2,12.85,13.15,23757.0
2026-09-25,TWSE,1517,利奇,10.35,10.4,10.3,10.3,69144.0
2026-09-25,TWSE,1519,華城,702.0,704.0,697.0,699.0,678128.0
2026-09-25,TWSE,1521,大億,25.95,25.95,25.7,25.8,36307.0
2026-09-25,TWSE,1522,堤維西,26.35,26.7,26.15,26.65,296101.0
2026-09-25,TWSE,1524,耿鼎,26.15,26.15,25.95,26.0,162765.0
2026-09-25,TWSE,1525,江申,63.8,64.5,63.7,64.4,14044.0
2026-09-25,TWSE,1526,日馳,14.8,14.8,14.65,14.7,25365.0
2026-09-25,TWSE,1527,鑽全,32.55,32.75,32.55,32.65,89339.0
2026-09-25,TWSE,1528,恩德,25.45,26.8,25.1,25.45,7813369.0
2026-09-25,TWSE,1529,樂事綠能,15.7,15.8,15.45,15.45,512347.0
2026-09-25,TWSE,1530,亞崴,26.9,26.9,26.7,26.7,7183.0
2026-09-25,TWSE,1531,高林股,12.1,12.1,11.65,11.65,776324.0
2026-09-25,TWSE,1532,勤美,22.4,22.5,22.2,22.3,328911.0
2026-09-25,TWSE,1533,車王電,30.3,30.35,30.2,30.3,25565.0
2026-09-25,TWSE,1535,中宇,45.75,45.95,45.3,45.6,33345.0
2026-09-25,TWSE,1536,和大,46.6,47.0,46.3,47.0,996126.0
2026-09-25,TWSE,1537,廣隆,115.0,115.0,114.5,115.0,82180.0
2026-09-25,TWSE,1538,正峰,,,,,1.0
2026-09-25,TWSE,1539,巨庭,15.6,15.65,15.45,15.5,22000.0
2026-09-25,TWSE,1540,喬福,19.45,19.5,19.4,19.5,61371.0
2026-09-25,TWSE,1541,錩泰,,,,,
2026-09-25,TWSE,1558,伸興,112.0,112.5,111.5,112.0,42146.0
2026-09-25,TWSE,1560,中砂,950.0,975.0,945.0,971.0,2172367.0
2026-09-25,TWSE,1563,巧新,73.0,76.6,73.0,75.2,457123.0
2026-09-25,TWSE,1568,倉佑,31.0,31.0,30.35,30.9,176644.0
2026-09-25,TWSE,1582,信錦,70.5,70.5,69.9,70.0,257013.0
2026-09-25,TWSE,1583,程泰,46.4,46.95,46.4,46.95,5504.0
2026-09-25,TWSE,1587,吉茂,23.45,23.5,23.45,23.5,32672.0
2026-09-25,TWSE,1590,亞德客-KY,1215.0,1215.0,1195.0,1210.0,1242221.0
2026-09-25,TWSE,1597,直得,134.0,135.0,131.5,133.5,467381.0
2026-09-25,TWSE,1598,岱宇,20.5,20.65,20.3,20.35,170591.0
2026-09-25,TWSE,1603,華電,30.2,30.25,29.85,30.25,93143.0
2026-09-25,TWSE,1604,聲寶,23.5,23.6,23.45,23.45,84562.0
2026-09-25,TWSE,1605,華新,36.5,36.7,36.2,36.65,6282328.0
2026-09-25,TWSE,1608,華榮,35.75,35.75,35.4,35.5,1084797.0
2026-09-25,TWSE,1609,大亞,38.0,38.0,37.4,37.85,1730773.0
2026-09-25,TWSE,1611,中電,11.35,11.4,11.3,11.4,344799.0
2026-09-25,TWSE,1612,宏泰,34.9,35.15,34.75,35.05,358528.0
2026-09-25,TWSE,1614,三洋電,31.15,31.3,31.15,31.15,34564.0
2026-09-25,TWSE,1615,大山,42.75,42.95,42.7,42.7,67530.0
2026-09-25,TWSE,1616,億泰,18.3,18.35,18.15,18.3,165506.0
2026-09-25,TWSE,1617,榮星,20.1,20.9,19.85,19.95,705831.0
2026-09-25,TWSE,1618,合機,38.8,38.8,38.5,38.65,238013.0
2026-09-25,TWSE,1623,大東電,199.0,199.0,197.0,197.5,55119.0
2026-09-25,TWSE,1626,艾美特-KY,9.99,9.99,9.64,9.67,36065.0
2026-09-25,TWSE,1702,南僑,33.0,33.1,32.85,33.0,81244.0
2026-09-25,TWSE,1707,葡萄王,87.0,87.4,87.0,87.0,132935.0
2026-09-25,TWSE,1708,東鹼,50.1,53.1,50.1,52.3,7343032.0
2026-09-25,TWSE,1709,和益,45.85,46.45,43.5,43.5,48879995.0
2026-09-25,TWSE,1710,東聯,16.55,16.8,16.2,16.4,3365755.0
2026-09-25,TWSE,1711,永光,39.05,39.5,38.15,38.6,1949606.0
2026-09-25,TWSE,1712,興農,39.95,40.1,39.85,39.85,335237.0
2026-09-25,TWSE,1713,國化,41.5,41.65,41.5,41.5,62930.0
2026-09-25,TWSE,1714,和桐,15.8,16.0,15.55,15.75,4047440.0
2026-09-25,TWSE,1717,長興,72.0,72.0,70.3,71.4,4319467.0
2026-09-25,TWSE,1718,中纖,10.6,10.6,10.4,10.5,5447791.0
2026-09-25,TWSE,1720,生達,56.1,56.3,56.1,56.2,56600.0
2026-09-25,TWSE,1721,國慶科技,23.9,24.3,23.6,24.2,864008.0
2026-09-25,TWSE,1722,台肥,41.7,41.7,41.25,41.3,5078445.0
2026-09-25,TWSE,1723,中碳,80.5,80.9,80.5,80.5,217702.0
2026-09-25,TWSE,1725,元禎,34.45,34.45,33.9,33.9,40528.0
2026-09-25,TWSE,1726,永記,76.8,76.8,76.2,76.3,89465.0
2026-09-25,TWSE,1727,中華化,114.0,125.0,109.0,115.5,47932996.0
2026-09-25,TWSE,1730,花仙子,51.0,51.3,51.0,51.2,25846.0
2026-09-25,TWSE,1731,美吾華,20.9,20.95,20.8,20.9,55387.0
2026-09-25,TWSE,1732,毛寶,26.2,26.25,26.05,26.1,14268.0
2026-09-25,TWSE,1733,五鼎,30.0,30.3,29.95,30.3,39270.0
2026-09-25,TWSE,1734,杏輝,31.75,32.15,31.75,32.1,168535.0
2026-09-25,TWSE,1735,日勝化,20.15,20.4,20.1,20.3,19721.0
2026-09-25,TWSE,1736,喬山,126.5,129.0,126.5,127.5,287781.0
2026-09-25,TWSE,1737,臺鹽,30.15,30.2,30.05,30.05,86952.0
2026-09-25,TWSE,1752,南光,31.55,31.55,31.3,31.35,30214.0
2026-09-25,TWSE,1760,寶齡富錦,53.8,53.8,53.6,53.7,54952.0
2026-09-25,TWSE,1762,中化生,34.05,34.1,33.35,33.7,17231.0
2026-09-25,TWSE,1773,勝一,165.5,165.5,164.0,164.5,385456.0
2026-09-25,TWSE,1776,展宇,18.1,18.1,18.1,18.1,6001.0
2026-09-25,TWSE,1783,和康生,36.6,36.75,36.45,36.7,20146.0
2026-09-25,TWSE,1786,科妍,43.3,43.3,42.4,42.65,87618.0
2026-09-25,TWSE,1789,神隆,18.9,18.9,18.55,18.6,295668.0
2026-09-25,TWSE,1795,美時,178.5,178.5,175.5,175.5,420878.0
2026-09-25,TWSE,1802,台玻,57.5,58.4,56.6,58.4,8054096.0
2026-09-25,TWSE,1805,寶徠,10.15,10.15,10.1,10.1,67778.0
2026-09-25,TWSE,1806,冠軍,7.99,7.99,7.95,7.98,65334.0
2026-09-25,TWSE,1808,潤隆,31.9,31.9,31.45,31.9,1505021.0
2026-09-25,TWSE,1809,中釉,42.35,45.35,42.3,45.35,7084102.0
2026-09-25,TWSE,1810,和成,24.05,24.05,23.8,23.95,835697.0
2026-09-25,TWSE,1817,凱撒衛,40.3,40.3,40.15,40.15,18513.0
2026-09-25,TWSE,1903,士紙,47.2,47.7,47.1,47.1,39414.0
2026-09-25,TWSE,1904,正隆,24.8,25.35,24.65,24.9,1260898.0
2026-09-25,TWSE,1905,華紙,13.1,13.2,13.0,13.1,966312.0
2026-09-25,TWSE,1906,寶隆,10.7,10.7,10.6,10.7,30244.0
2026-09-25,TWSE,1907,永豐餘,28.4,28.45,28.2,28.25,898147.0
2026-09-25,TWSE,1909,榮成,10.1,10.2,10.1,10.1,1046393.0
2026-09-25,TWSE,2002,中鋼,18.6,18.7,18.6,18.65,20491440.0
2026-09-25,TWSE,2006,東和鋼鐵,85.8,88.2,85.8,87.8,1650426.0
2026-09-25,TWSE,2007,燁興,6.92,6.95,6.84,6.89,147204.0
2026-09-25,TWSE,2008,高興昌,30.5,30.5,30.5,30.5,12658.0
2026-09-25,TWSE,2009,第一銅,39.55,39.55,38.75,39.15,874995.0
2026-09-25,TWSE,2010,春源,21.9,22.4,21.8,22.35,1464117.0
2026-09-25,TWSE,2012,春雨,14.4,14.4,14.1,14.2,29915.0
2026-09-25,TWSE,2013,中鋼構,41.05,41.45,40.55,41.1,61624.0
2026-09-25,TWSE,2014,中鴻,16.6,16.9,16.3,16.9,3896414.0
2026-09-25,TWSE,2015,豐興,64.0,64.5,63.9,64.5,41321.0
2026-09-25,TWSE,2017,官田鋼,8.92,9.09,8.9,8.99,340921.0
2026-09-25,TWSE,2020,美亞,21.6,22.25,21.5,22.1,739085.0
2026-09-25,TWSE,2022,聚亨,7.17,7.18,7.12,7.16,202948.0
2026-09-25,TWSE,2023,燁輝,13.65,13.7,13.55,13.65,765267.0
2026-09-25,TWSE,2024,志聯,12.8,12.9,12.8,12.9,8661.0
2026-09-25,TWSE,2025,千興,12.65,13.45,12.5,13.1,1899021.0
2026-09-25,TWSE,2027,大成鋼,46.5,47.95,46.35,47.6,10270252.0
2026-09-25,TWSE,2028,威致,15.8,16.95,15.8,16.4,214794.0
2026-09-25,TWSE,2029,盛餘,21.45,21.65,21.15,21.55,302641.0
2026-09-25,TWSE,2030,彰源,28.1,30.4,27.9,30.4,17985774.0
2026-09-25,TWSE,2031,新光鋼,45.0,46.2,44.95,46.1,819549.0
2026-09-25,TWSE,2032,新鋼,17.5,19.0,17.45,18.55,3573551.0
2026-09-25,TWSE,2033,佳大,37.65,38.3,35.5,36.8,3052504.0
2026-09-25,TWSE,2034,允強,22.1,23.3,21.95,22.8,8643926.0
2026-09-25,TWSE,2038,海光,12.05,12.9,12.0,12.55,609228.0
2026-09-25,TWSE,2049,上銀,321.0,327.5,320.0,325.5,1357804.0
2026-09-25,TWSE,2059,川湖,12400.0,12640.0,12185.0,12350.0,417513.0
2026-09-25,TWSE,2062,橋椿,18.05,18.1,18.05,18.1,62247.0
2026-09-25,TWSE,2069,運錩,24.65,26.1,24.5,25.7,1991600.0
2026-09-25,TWSE,2072,世紀風電,129.5,129.5,126.0,127.0,229616.0
2026-09-25,TWSE,2101,南港,30.0,30.0,29.75,29.85,989879.0
2026-09-25,TWSE,2102,泰豐,16.6,16.7,16.35,16.35,888765.0
2026-09-25,TWSE,2103,台橡,27.9,27.9,27.4,27.8,1545422.0
2026-09-25,TWSE,2104,國際中橡,11.5,11.6,11.05,11.15,9828558.0
2026-09-25,TWSE,2105,正新,30.05,30.25,30.05,30.1,2112273.0
2026-09-25,TWSE,2106,建大,16.6,16.75,16.6,16.65,425210.0
2026-09-25,TWSE,2107,厚生,26.85,27.2,26.85,26.95,180208.0
2026-09-25,TWSE,2108,南帝,28.7,28.85,28.6,28.7,194171.0
2026-09-25,TWSE,2109,華豐,15.0,15.1,14.85,15.0,392021.0
2026-09-25,TWSE,2114,鑫永銓,89.6,89.9,89.6,89.9,3250.0
2026-09-25,TWSE,2115,六暉-KY,23.75,23.8,23.7,23.7,16000.0
2026-09-25,TWSE,2201,裕隆,29.15,29.4,29.15,29.25,1659665.0
2026-09-25,TWSE,2204,中華,52.5,52.7,52.3,52.5,218504.0
2026-09-25,TWSE,2206,三陽工業,63.4,63.4,62.9,62.9,220086.0
2026-09-25,TWSE,2207,和泰車,514.0,517.0,510.0,510.0,270934.0
2026-09-25,TWSE,2208,台船,19.6,19.6,19.25,19.4,1566691.0
2026-09-25,TWSE,2211,長榮鋼,80.4,80.4,79.0,79.6,968162.0
2026-09-25,TWSE,2227,裕日車,45.0,45.1,45.0,45.0,19698.0
2026-09-25,TWSE,2228,劍麟,75.2,75.4,74.9,75.0,39277.0
2026-09-25,TWSE,2231,為升,90.6,90.6,90.1,90.3,95310.0
2026-09-25,TWSE,2233,宇隆,163.5,165.0,161.5,164.0,317462.0
2026-09-25,TWSE,2236,百達-KY,111.0,111.0,107.0,107.5,470851.0
2026-09-25,TWSE,2237,華德動能-創,26.85,26.95,26.75,26.9,62182.0
2026-09-25,TWSE,2239,英利-KY,18.85,19.1,18.8,18.95,21001.0
2026-09-25,TWSE,2241,艾姆勒,41.85,44.9,41.85,43.6,4744337.0
2026-09-25,TWSE,2243,宏旭-KY,51.0,51.0,50.0,50.2,182750.0
2026-09-25,TWSE,2247,汎德永業,229.0,229.0,226.5,229.0,48504.0
2026-09-25,TWSE,2248,華勝-KY,62.0,62.0,61.0,61.0,38424.0
2026-09-25,TWSE,2250,IKKA-KY,56.8,57.6,56.5,57.6,13298.0
2026-09-25,TWSE,2254,巨鎧精密-創,86.8,89.4,86.2,88.8,2388502.0
2026-09-25,TWSE,2258,鴻華先進-創,30.3,30.6,30.3,30.5,180155.0
2026-09-25,TWSE,2301,光寶科,280.0,288.0,278.0,287.0,9401877.0
2026-09-25,TWSE,2302,麗正,45.1,46.8,44.5,46.05,9238419.0
2026-09-25,TWSE,2303,聯電,157.0,157.0,152.0,154.0,157009029.0
2026-09-25,TWSE,2305,全友,63.3,64.2,62.4,62.9,4243609.0
2026-09-25,TWSE,2308,台達電,1875.0,1935.0,1875.0,1910.0,8983854.0
2026-09-25,TWSE,2312,金寶,30.6,30.7,30.3,30.65,3523917.0
2026-09-25,TWSE,2313,華通,222.0,223.5,220.0,222.5,7002467.0
2026-09-25,TWSE,2314,台揚,11.15,11.15,10.95,10.95,87445.0
2026-09-25,TWSE,2316,楠梓電,159.0,161.0,157.5,160.5,602793.0
2026-09-25,TWSE,2317,鴻海,253.0,253.0,249.5,250.5,34510344.0
2026-09-25,TWSE,2321,東訊,,,,,377.0
2026-09-25,TWSE,2323,中環,10.8,10.85,10.7,10.8,3157028.0
2026-09-25,TWSE,2324,仁寶,36.6,36.8,36.3,36.5,18026289.0
2026-09-25,TWSE,2327,國巨*,568.0,589.0,560.0,580.0,35926454.0
2026-09-25,TWSE,2328,廣宇,47.05,47.35,46.7,47.0,797393.0
2026-09-25,TWSE,2329,華泰,44.55,44.55,43.85,44.4,2017252.0
2026-09-25,TWSE,2330,台積電,2480.0,2490.0,2470.0,2475.0,14557662.0
2026-09-25,TWSE,2331,精英,19.0,19.0,18.8,18.85,549135.0
2026-09-25,TWSE,2332,友訊,19.9,20.1,19.75,20.1,7152630.0
2026-09-25,TWSE,2337,旺宏,117.5,117.5,115.0,117.0,18598874.0
2026-09-25,TWSE,2338,光罩,46.3,47.45,46.05,47.1,4013030.0
2026-09-25,TWSE,2340,台亞,34.35,35.8,34.15,34.55,3550658.0
2026-09-25,TWSE,2342,茂矽,47.2,50.9,46.55,48.2,43473432.0
2026-09-25,TWSE,2344,華邦電,169.0,171.5,166.5,171.5,51225813.0
2026-09-25,TWSE,2345,智邦,1880.0,1905.0,1855.0,1895.0,2611500.0
2026-09-25,TWSE,2347,聯強,93.7,94.7,92.5,94.5,2371286.0
2026-09-25,TWSE,2348,海悅,73.4,73.4,72.0,72.0,237401.0
2026-09-25,TWSE,2349,錸德,10.35,10.45,10.25,10.35,941000.0
2026-09-25,TWSE,2351,順德,224.0,227.0,217.0,219.5,5399123.0
2026-09-25,TWSE,2352,佳世達,29.0,29.15,28.85,29.0,2247808.0
2026-09-25,TWSE,2353,宏碁,31.3,31.85,31.25,31.75,8866691.0
2026-09-25,TWSE,2354,鴻準,65.6,66.0,65.3,65.9,6193563.0
2026-09-25,TWSE,2355,敬鵬,41.6,42.0,41.35,41.7,1176852.0
2026-09-25,TWSE,2356,英業達,60.5,60.5,59.5,59.9,10394874.0
2026-09-25,TWSE,2357,華碩,948.0,961.0,947.0,953.0,1296816.0
2026-09-25,TWSE,2359,所羅門,128.0,128.0,126.0,127.5,878250.0
2026-09-25,TWSE,2360,致茂,2285.0,2345.0,2270.0,2295.0,1992029.0
2026-09-25,TWSE,2362,藍天,47.75,47.85,47.5,47.6,236155.0
2026-09-25,TWSE,2363,矽統,59.0,60.4,58.1,58.7,7602462.0
2026-09-25,TWSE,2364,倫飛,65.7,65.9,65.4,65.7,87979.0
2026-09-25,TWSE,2365,昆盈,28.45,28.45,28.15,28.2,295591.0
2026-09-25,TWSE,2367,燿華,41.3,41.7,41.15,41.7,1869210.0
2026-09-25,TWSE,2368,金像電,1135.0,1150.0,1075.0,1105.0,15757587.0
2026-09-25,TWSE,2369,菱生,31.25,31.55,30.95,31.25,3015587.0
2026-09-25,TWSE,2371,大同,29.2,29.2,28.55,28.85,7247738.0
2026-09-25,TWSE,2373,震旦行,53.1,53.1,52.8,52.8,4080.0
2026-09-25,TWSE,2374,佳能,66.2,66.5,65.7,66.3,953374.0
2026-09-25,TWSE,2375,凱美,117.5,120.0,117.0,117.5,1160416.0
2026-09-25,TWSE,2376,技嘉,362.0,365.0,360.0,361.5,3778913.0
2026-09-25,TWSE,2377,微星,150.5,152.5,150.0,151.5,2626362.0
2026-09-25,TWSE,2379,瑞昱,745.0,753.0,725.0,749.0,2829985.0
2026-09-25,TWSE,2380,虹光,16.7,16.8,16.6,16.8,21860.0
2026-09-25,TWSE,2382,廣達,338.0,339.5,335.0,338.5,10593247.0
2026-09-25,TWSE,2383,台光電,5025.0,5170.0,4980.0,5050.0,2346653.0
2026-09-25,TWSE,2385,群光,103.5,104.5,103.5,104.5,1411766.0
2026-09-25,TWSE,2387,精元,36.8,36.8,36.6,36.65,104425.0
2026-09-25,TWSE,2388,威盛,70.8,71.0,69.7,70.1,2490248.0
2026-09-25,TWSE,2390,云辰,10.15,10.2,10.1,10.1,91320.0
2026-09-25,TWSE,2392,正崴,41.85,42.1,41.6,41.85,1407640.0
2026-09-25,TWSE,2393,億光,62.2,63.7,62.1,63.4,1785998.0
2026-09-25,TWSE,2395,研華,703.0,728.0,702.0,722.0,2762561.0
2026-09-25,TWSE,2397,友通,61.5,62.8,61.5,62.2,100308.0
2026-09-25,TWSE,2399,映泰,47.05,47.3,46.45,47.3,1726908.0
2026-09-25,TWSE,2401,凌陽,25.6,25.7,25.4,25.55,1298421.0
2026-09-25,TWSE,2402,毅嘉,53.6,55.2,53.1,54.8,860023.0
2026-09-25,TWSE,2404,漢唐,1255.0,1285.0,1205.0,1285.0,2827024.0
2026-09-25,TWSE,2405,輔信,14.95,15.1,14.9,15.05,637095.0
2026-09-25,TWSE,2406,國碩,30.3,31.5,30.3,30.5,10613029.0
2026-09-25,TWSE,2408,南亞科,509.0,509.0,495.0,503.0,40244712.0
2026-09-25,TWSE,2409,友達,34.75,35.95,33.75,34.2,542503236.0
2026-09-25,TWSE,2412,中華電,145.5,146.0,145.0,145.0,6311915.0
2026-09-25,TWSE,2413,環科,52.2,52.5,50.9,51.3,2307936.0
2026-09-25,TWSE,2414,精技,53.1,53.2,52.8,52.9,50580.0
2026-09-25,TWSE,2415,錩新,26.85,27.45,26.85,27.0,114450.0
2026-09-25,TWSE,2417,圓剛,39.0,39.2,38.85,39.05,260302.0
2026-09-25,TWSE,2419,仲琦,28.85,28.85,28.5,28.65,928764.0
2026-09-25,TWSE,2420,新巨,53.8,54.0,53.6,53.9,99586.0
2026-09-25,TWSE,2421,建準,163.0,168.0,161.5,167.0,1839727.0
2026-09-25,TWSE,2423,固緯,72.7,73.4,72.0,72.3,132973.0
2026-09-25,TWSE,2424,隴華,7.9,8.4,7.9,8.2,22000.0
2026-09-25,TWSE,2425,承啟,37.5,37.5,36.7,36.95,263492.0
2026-09-25,TWSE,2426,鼎元,97.8,101.0,96.5,96.9,28496177.0
2026-09-25,TWSE,2427,三商電,23.45,24.05,23.35,23.4,500406.0
2026-09-25,TWSE,2428,興勤,252.0,257.5,251.0,255.0,496159.0
2026-09-25,TWSE,2429,銘旺科,30.75,30.75,30.3,30.5,116086.0
2026-09-25,TWSE,2430,燦坤,18.0,18.25,17.95,18.25,50025.0
2026-09-25,TWSE,2431,聯昌,10.2,10.2,10.05,10.05,73469.0
2026-09-25,TWSE,2432,倚天酷碁-創,27.15,27.6,27.15,27.25,25100.0
2026-09-25,TWSE,2433,互盛電,40.2,40.2,40.0,40.1,29084.0
2026-09-25,TWSE,2434,統懋,66.1,66.7,64.5,65.2,507659.0
2026-09-25,TWSE,2436,偉詮電,69.6,72.4,69.3,72.4,8606455.0
2026-09-25,TWSE,2438,翔耀,19.6,19.65,19.4,19.5,62725.0
2026-09-25,TWSE,2439,美律,77.7,78.4,77.5,78.2,780903.0
2026-09-25,TWSE,2440,太空梭,14.45,14.45,14.1,14.35,237173.0
2026-09-25,TWSE,2441,超豐,124.5,125.5,123.0,124.0,2830184.0
2026-09-25,TWSE,2442,新美齊,14.4,14.45,14.25,14.3,701204.0
2026-09-25,TWSE,2444,兆勁,14.5,15.15,14.4,14.8,2121301.0
2026-09-25,TWSE,2449,京元電子,303.5,315.5,300.5,311.0,27018575.0
2026-09-25,TWSE,2450,神腦,28.3,28.3,28.1,28.25,38338.0
2026-09-25,TWSE,2451,創見,285.5,285.5,279.0,284.5,1295375.0
2026-09-25,TWSE,2453,凌群,53.9,54.6,53.5,53.5,262272.0
2026-09-25,TWSE,2454,聯發科,5105.0,5360.0,5105.0,5285.0,7817443.0
2026-09-25,TWSE,2455,全新,547.0,555.0,542.0,554.0,1640793.0
2026-09-25,TWSE,2457,飛宏,22.25,22.25,21.85,21.95,708477.0
2026-09-25,TWSE,2458,義隆,129.0,138.0,128.5,137.5,2731471.0
2026-09-25,TWSE,2459,敦吉,65.2,65.2,65.0,65.2,67374.0
2026-09-25,TWSE,2460,建通,30.25,30.55,29.6,30.2,264150.0
2026-09-25,TWSE,2461,光群雷,17.55,17.85,17.5,17.8,291344.0
2026-09-25,TWSE,2462,良得電,19.85,20.35,19.6,20.35,132016.0
2026-09-25,TWSE,2464,盟立,196.0,200.5,192.5,195.5,13517821.0
2026-09-25,TWSE,2465,麗臺,89.2,89.4,87.8,88.9,760389.0
2026-09-25,TWSE,2466,冠西電,113.5,120.5,113.0,119.5,2401504.0
2026-09-25,TWSE,2467,志聖,522.0,534.0,520.0,529.0,631344.0
2026-09-25,TWSE,2468,華經,46.5,47.7,45.8,46.25,1795696.0
2026-09-25,TWSE,2471,資通,51.8,53.2,51.4,51.4,432876.0
2026-09-25,TWSE,2472,立隆電,216.0,221.0,214.0,218.5,2041796.0
2026-09-25,TWSE,2474,可成,207.5,208.0,205.5,206.5,1881545.0
2026-09-25,TWSE,2476,鉅祥,122.0,123.0,120.0,122.5,721500.0
2026-09-25,TWSE,2477,美隆電,22.9,23.2,22.75,23.05,92563.0
2026-09-25,TWSE,2478,大毅,119.0,121.5,119.0,120.0,1175569.0
2026-09-25,TWSE,2480,敦陽科,161.0,161.5,160.0,161.0,89757.0
2026-09-25,TWSE,2481,強茂,173.0,181.0,172.0,174.5,35754052.0
2026-09-25,TWSE,2482,連宇,16.15,16.25,16.1,16.25,49358.0
2026-09-25,TWSE,2483,百容,32.4,33.25,32.3,32.55,341412.0
2026-09-25,TWSE,2484,希華,73.2,75.0,71.1,72.8,13213876.0
2026-09-25,TWSE,2485,兆赫,39.25,39.65,38.9,39.15,1008262.0
2026-09-25,TWSE,2486,一詮,232.0,234.0,229.0,234.0,1585886.0
2026-09-25,TWSE,2488,漢平,49.45,49.8,48.85,48.85,43260.0
2026-09-25,TWSE,2489,瑞軒,41.25,41.95,40.25,40.8,17569723.0
2026-09-25,TWSE,2491,吉祥全,40.55,40.55,39.4,39.55,534954.0
2026-09-25,TWSE,2492,華新科,305.0,315.5,302.0,311.5,15596998.0
2026-09-25,TWSE,2493,揚博,197.0,198.0,190.0,191.0,1360568.0
2026-09-25,TWSE,2495,普安,39.1,39.35,38.5,39.05,821681.0
2026-09-25,TWSE,2496,卓越,56.0,56.0,55.3,55.3,12765.0
2026-09-25,TWSE,2497,怡利電,43.4,43.8,43.1,43.8,92124.0
2026-09-25,TWSE,2498,宏達電,41.65,42.3,41.4,41.8,7183755.0
2026-09-25,TWSE,2501,國建,21.2,21.2,20.9,21.1,1723858.0
2026-09-25,TWSE,2504,國產,30.85,30.9,30.55,30.9,1456108.0
2026-09-25,TWSE,2505,國揚,17.15,17.15,16.9,17.15,489277.0
2026-09-25,TWSE,2506,太設,8.35,8.42,8.35,8.41,125845.0
2026-09-25,TWSE,2509,全坤建,14.45,14.45,14.35,14.35,70476.0
2026-09-25,TWSE,2511,太子,8.4,8.42,8.37,8.39,392569.0
2026-09-25,TWSE,2514,龍邦,11.6,11.6,11.45,11.45,77158.0
2026-09-25,TWSE,2515,中工,11.95,12.0,11.9,11.95,1780532.0
2026-09-25,TWSE,2516,新建,14.8,15.65,14.8,15.45,864916.0
2026-09-25,TWSE,2520,冠德,36.7,37.65,36.5,37.3,937879.0
2026-09-25,TWSE,2524,京城,35.0,35.1,34.7,34.85,29217.0
2026-09-25,TWSE,2527,宏璟,47.95,48.05,47.25,47.95,469702.0
2026-09-25,TWSE,2528,皇普,19.85,19.85,19.5,19.55,127050.0
2026-09-25,TWSE,2530,華建,20.1,20.35,20.0,20.15,244629.0
2026-09-25,TWSE,2534,宏盛,16.8,16.85,16.65,16.7,260385.0
2026-09-25,TWSE,2535,達欣工,90.0,90.0,88.7,89.8,359976.0
2026-09-25,TWSE,2536,宏普,19.4,19.4,19.2,19.2,376183.0
2026-09-25,TWSE,2537,聯上發,11.4,11.4,11.35,11.4,189889.0
2026-09-25,TWSE,2538,基泰,8.67,8.74,8.64,8.71,237556.0
2026-09-25,TWSE,2539,櫻花建,34.65,34.75,34.25,34.45,1158192.0
2026-09-25,TWSE,2540,愛山林,49.2,49.45,48.95,49.0,226455.0
2026-09-25,TWSE,2542,興富發,38.9,39.5,38.8,39.5,12468559.0
2026-09-25,TWSE,2543,皇昌,38.3,38.45,38.1,38.15,357734.0
2026-09-25,TWSE,2545,皇翔,33.85,34.25,33.85,34.2,59553.0
2026-09-25,TWSE,2546,根基,105.0,106.5,104.5,106.5,80044.0
2026-09-25,TWSE,2547,日勝生,9.95,9.95,9.81,9.82,1238412.0
2026-09-25,TWSE,2548,華固,93.7,93.7,93.2,93.2,324548.0
2026-09-25,TWSE,2597,潤弘,167.5,168.0,166.0,167.5,180208.0
2026-09-25,TWSE,2603,長榮,240.5,243.0,239.0,243.0,4944813.0
2026-09-25,TWSE,2605,新興,37.15,37.2,36.2,36.5,6256782.0
2026-09-25,TWSE,2606,裕民,76.3,77.7,75.2,76.7,2953322.0
2026-09-25,TWSE,2607,榮運,53.5,53.8,53.3,53.7,216362.0
2026-09-25,TWSE,2608,嘉里大榮,28.8,29.0,28.7,28.7,92755.0
2026-09-25,TWSE,2609,陽明,59.9,60.2,59.0,59.6,12099033.0
2026-09-25,TWSE,2610,華航,20.3,20.35,20.0,20.3,25331179.0
2026-09-25,TWSE,2611,志信,14.2,14.2,13.95,14.05,286922.0
2026-09-25,TWSE,2612,中航,62.0,62.8,61.4,62.2,244146.0
2026-09-25,TWSE,2613,中櫃,22.3,22.3,22.05,22.2,130355.0
2026-09-25,TWSE,2614,東森,18.4,18.4,18.2,18.25,320181.0
2026-09-25,TWSE,2615,萬海,113.5,116.0,112.5,115.5,6307120.0
2026-09-25,TWSE,2616,山隆,13.2,13.3,13.2,13.2,84564.0
2026-09-25,TWSE,2617,台航,32.75,33.0,32.55,32.8,575669.0
2026-09-25,TWSE,2618,長榮航,42.35,42.35,41.5,42.0,20371832.0
2026-09-25,TWSE,2630,亞航,46.35,46.5,46.05,46.3,443905.0
2026-09-25,TWSE,2633,台灣高鐵,25.55,25.6,25.5,25.55,3474946.0
2026-09-25,TWSE,2634,漢翔,62.8,63.3,61.9,63.1,3731436.0
2026-09-25,TWSE,2636,台驊控股,70.8,72.3,70.5,71.9,1009165.0
2026-09-25,TWSE,2637,慧洋-KY,100.0,101.0,98.6,100.5,1912163.0
2026-09-25,TWSE,2642,宅配通,20.4,20.4,20.25,20.4,15508.0
2026-09-25,TWSE,2645,長榮航太,172.0,172.5,170.5,172.0,869516.0
2026-09-25,TWSE,2646,星宇航空,20.25,20.3,20.15,20.2,2334494.0
2026-09-25,TWSE,2701,萬企,10.3,10.3,10.2,10.25,118963.0
2026-09-25,TWSE,2702,華園,12.8,12.85,12.75,12.85,29765.0
2026-09-25,TWSE,2704,國賓,45.2,45.2,45.05,45.05,18064.0
2026-09-25,TWSE,2705,六福,15.15,15.15,15.0,15.15,82592.0
2026-09-25,TWSE,2706,第一店,12.15,12.15,12.1,12.1,32326.0
2026-09-25,TWSE,2707,晶華,177.0,177.5,176.5,176.5,87537.0
2026-09-25,TWSE,2712,遠雄來,13.4,13.4,13.35,13.35,4100.0
2026-09-25,TWSE,2722,夏都,21.15,21.2,21.0,21.1,29057.0
2026-09-25,TWSE,2723,美食-KY,78.4,78.8,78.2,78.5,101462.0
2026-09-25,TWSE,2727,王品,230.0,234.0,229.5,232.0,526585.0
2026-09-25,TWSE,2731,雄獅,145.0,145.0,143.5,144.0,159511.0
2026-09-25,TWSE,2739,寒舍,36.7,36.75,36.05,36.4,105339.0
2026-09-25,TWSE,2748,雲品,38.8,38.8,38.65,38.8,61491.0
2026-09-25,TWSE,2753,八方雲集,180.0,180.5,179.5,180.0,34563.0
2026-09-25,TWSE,2762,世界健身-KY,79.0,79.8,79.0,79.0,64363.0
2026-09-25,TWSE,2801,彰銀,27.8,28.0,27.6,27.75,12370808.0
2026-09-25,TWSE,2812,台中銀,19.2,19.2,19.0,19.0,12860098.0
2026-09-25,TWSE,2816,旺旺保,40.8,40.8,39.95,40.15,324599.0
2026-09-25,TWSE,2820,華票,17.25,17.25,16.95,17.0,3574481.0
2026-09-25,TWSE,2832,台產,57.8,57.9,57.4,57.5,86239.0
2026-09-25,TWSE,2834,臺企銀,17.85,17.9,17.75,17.85,13930042.0
2026-09-25,TWSE,2836,高雄銀,12.2,12.25,12.1,12.15,529445.0
2026-09-25,TWSE,2838,聯邦銀,21.15,21.15,21.0,21.0,1171002.0
2026-09-25,TWSE,2845,遠東銀,13.35,13.35,13.25,13.3,4754137.0
2026-09-25,TWSE,2849,安泰銀,15.85,15.85,15.65,15.65,181693.0
2026-09-25,TWSE,2850,新產,157.5,159.5,156.0,157.5,438941.0
2026-09-25,TWSE,2851,中再保,47.45,48.25,47.15,47.5,1710253.0
2026-09-25,TWSE,2852,第一保,28.05,28.15,27.9,27.95,220545.0
2026-09-25,TWSE,2855,統一證,57.4,59.2,56.5,57.8,5306238.0
2026-09-25,TWSE,2880,華南金,45.3,46.2,45.3,45.75,5910247.0
2026-09-25,TWSE,2881,富邦金,151.5,153.0,150.0,150.0,8417116.0
2026-09-25,TWSE,2882,國泰金,110.5,111.5,110.0,110.5,11811664.0
2026-09-25,TWSE,2883,凱基金,38.9,39.25,38.65,38.95,20805805.0
2026-09-25,TWSE,2884,玉山金,45.1,45.95,45.1,45.6,18254771.0
2026-09-25,TWSE,2885,元大金,69.0,69.5,68.8,69.2,13758876.0
2026-09-25,TWSE,2886,兆豐金,49.4,49.85,49.35,49.6,8333068.0
2026-09-25,TWSE,2887,台新新光金,42.55,43.0,42.3,42.5,22156657.0
2026-09-25,TWSE,2889,國票金,16.85,16.85,16.5,16.55,9529220.0
2026-09-25,TWSE,2890,永豐金,44.55,45.4,44.55,45.15,10439331.0
2026-09-25,TWSE,2891,中信金,68.1,69.1,68.1,68.5,17628463.0
2026-09-25,TWSE,2892,第一金,39.35,39.85,39.35,39.5,11353509.0
2026-09-25,TWSE,2897,王道銀行,11.15,11.15,11.0,11.05,2781975.0
2026-09-25,TWSE,2901,欣欣,22.95,23.35,22.85,23.35,163902.0
2026-09-25,TWSE,2903,遠百,22.2,22.25,22.1,22.1,838175.0
2026-09-25,TWSE,2904,匯僑,12.5,12.8,12.5,12.55,22974.0
2026-09-25,TWSE,2905,三商,18.75,18.75,18.3,18.3,1197315.0
2026-09-25,TWSE,2906,高林,13.55,13.55,13.25,13.5,95287.0
2026-09-25,TWSE,2908,特力,22.05,22.15,21.95,22.15,275895.0
2026-09-25,TWSE,2910,統領,23.55,23.55,23.55,23.55,3003.0
2026-09-25,TWSE,2911,麗嬰房,6.13,6.15,6.1,6.1,38973.0
2026-09-25,TWSE,2912,統一超,213.0,213.5,212.0,212.5,2196330.0
2026-09-25,TWSE,2913,農林,11.1,11.1,11.0,11.05,813993.0
2026-09-25,TWSE,2915,潤泰全,60.3,60.4,59.7,60.0,1536402.0
2026-09-25,TWSE,2923,鼎固-KY,25.45,25.45,24.3,24.3,143243.0
2026-09-25,TWSE,2929,淘帝-KY,5.75,5.85,5.75,5.84,86691.0
2026-09-25,TWSE,2939,永邑-KY,19.8,19.8,19.6,19.6,17001.0
2026-09-25,TWSE,2945,三商家購,39.9,39.9,39.6,39.9,30662.0
2026-09-25,TWSE,3002,歐格,19.1,19.5,18.55,18.9,251151.0
2026-09-25,TWSE,3003,健和興,58.9,60.2,58.2,60.1,460508.0
2026-09-25,TWSE,3004,豐達科,117.0,117.5,116.5,117.0,111407.0
2026-09-25,TWSE,3005,神基,117.0,117.0,116.0,116.5,758055.0
2026-09-25,TWSE,3006,晶豪科,272.0,275.5,265.5,275.0,6499142.0
2026-09-25,TWSE,3008,大立光,6105.0,6310.0,6080.0,6245.0,1200518.0
2026-09-25,TWSE,3010,華立,124.0,126.5,123.5,126.0,457308.0
2026-09-25,TWSE,3011,今皓,9.99,10.15,9.96,10.0,277954.0
2026-09-25,TWSE,3013,晟銘電,84.1,84.5,83.1,84.5,569586.0
2026-09-25,TWSE,3014,聯陽,140.0,140.5,138.5,140.5,2408672.0
2026-09-25,TWSE,3015,全漢,53.4,54.0,52.8,53.3,219501.0
2026-09-25,TWSE,3016,嘉晶,147.5,160.0,147.0,160.0,49083815.0
2026-09-25,TWSE,3017,奇鋐,3460.0,3600.0,3455.0,3555.0,2261001.0
2026-09-25,TWSE,3018,隆銘綠能,12.0,12.0,11.5,12.0,35307.0
2026-09-25,TWSE,3019,亞光,138.5,138.5,134.0,135.0,6264184.0
2026-09-25,TWSE,3021,鴻名,24.3,26.95,24.3,26.95,1664520.0
2026-09-25,TWSE,3022,威強電,90.4,93.6,90.4,93.1,1540683.0
2026-09-25,TWSE,3023,信邦,312.0,315.0,311.0,311.0,378175.0
2026-09-25,TWSE,3024,憶聲,14.25,14.7,14.25,14.6,876861.0
2026-09-25,TWSE,3025,星通,51.8,52.6,51.4,52.4,92285.0
2026-09-25,TWSE,3026,禾伸堂,768.0,820.0,765.0,810.0,13190269.0
2026-09-25,TWSE,3027,盛達,18.85,18.85,18.5,18.55,155165.0
2026-09-25,TWSE,3028,增你強,62.0,63.2,61.5,62.5,783469.0
2026-09-25,TWSE,3029,零壹,119.0,122.0,118.5,120.0,2034946.0
2026-09-25,TWSE,3030,德律,264.0,270.0,261.5,270.0,456455.0
2026-09-25,TWSE,3031,佰鴻,28.3,31.05,28.25,30.45,7189070.0
2026-09-25,TWSE,3032,偉訓,81.8,81.8,78.4,79.0,716619.0
2026-09-25,TWSE,3033,威健,41.6,41.85,41.1,41.8,1650028.0
2026-09-25,TWSE,3034,聯詠,539.0,543.0,525.0,543.0,3573000.0
2026-09-25,TWSE,3035,智原,202.0,207.5,199.5,206.5,4855474.0
2026-09-25,TWSE,3036,文曄,205.5,207.5,203.0,207.0,6695518.0
2026-09-25,TWSE,3037,欣興,1155.0,1190.0,1145.0,1185.0,16628391.0
2026-09-25,TWSE,3038,全台,20.25,20.45,20.25,20.3,98826.0
2026-09-25,TWSE,3040,遠見,34.9,35.1,34.85,35.1,27703.0
2026-09-25,TWSE,3041,揚智,23.65,23.65,23.15,23.2,390785.0
2026-09-25,TWSE,3042,晶技,196.0,212.0,189.0,203.0,41859153.0
2026-09-25,TWSE,3043,科風,20.9,20.95,20.55,20.6,26344.0
2026-09-25,TWSE,3044,健鼎,537.0,543.0,533.0,538.0,1426110.0
2026-09-25,TWSE,3045,台灣大,122.0,123.5,121.5,122.5,4901190.0
2026-09-25,TWSE,3046,建碁,53.6,54.0,53.3,53.8,73645.0
2026-09-25,TWSE,3047,訊舟,14.7,14.7,14.45,14.55,534436.0
2026-09-25,TWSE,3048,益登,50.4,52.0,50.0,51.9,1556204.0
2026-09-25,TWSE,3049,精金,12.3,12.65,12.25,12.25,2304349.0
2026-09-25,TWSE,3050,鈺德,11.5,11.5,11.35,11.5,409041.0
2026-09-25,TWSE,3051,力特,22.5,22.5,22.15,22.3,267019.0
2026-09-25,TWSE,3052,夆典,10.4,10.45,10.4,10.4,170973.0
2026-09-25,TWSE,3054,立萬利,58.0,58.4,57.0,58.4,81396.0
2026-09-25,TWSE,3055,蔚華科,201.5,208.0,195.5,199.0,9055993.0
2026-09-25,TWSE,3056,富華新,14.0,14.05,13.95,14.05,235342.0
2026-09-25,TWSE,3057,喬鼎,16.15,16.15,15.75,15.8,91406.0
2026-09-25,TWSE,3058,立德,8.3,8.3,8.19,8.22,293692.0
2026-09-25,TWSE,3059,華晶科,37.95,38.1,37.7,37.85,647194.0
2026-09-25,TWSE,3060,銘異,26.3,26.7,26.1,26.55,339363.0
2026-09-25,TWSE,3062,建漢,22.2,22.2,21.7,21.95,1420020.0
2026-09-25,TWSE,3090,日電貿,164.5,167.5,164.0,165.0,1725546.0
2026-09-25,TWSE,3092,鴻碩,22.5,23.15,22.5,22.75,61043.0
2026-09-25,TWSE,3094,聯傑,53.6,57.8,53.5,54.3,22755440.0
2026-09-25,TWSE,3130,一零四,208.5,208.5,208.0,208.5,31931.0
2026-09-25,TWSE,3135,凌航,157.5,158.0,155.5,156.5,639398.0
2026-09-25,TWSE,3138,耀登,97.1,105.0,97.1,99.4,1133071.0
2026-09-25,TWSE,3149,正達,62.8,64.2,62.5,63.3,2594500.0
2026-09-25,TWSE,3150,鈺寶-創,15.0,15.35,15.0,15.35,10001.0
2026-09-25,TWSE,3164,景岳,16.45,16.45,16.2,16.3,27239.0
2026-09-25,TWSE,3167,大量,889.0,968.0,871.0,949.0,8378906.0
2026-09-25,TWSE,3168,眾福科,42.2,42.2,42.15,42.15,3090.0
2026-09-25,TWSE,3189,景碩,938.0,996.0,929.0,962.0,44137311.0
2026-09-25,TWSE,3209,全科,45.6,45.85,45.3,45.8,451816.0
2026-09-25,TWSE,3229,晟鈦,57.1,58.5,55.7,56.4,1457101.0
2026-09-25,TWSE,3231,緯創,180.0,184.5,178.0,184.5,31269892.0
2026-09-25,TWSE,3257,虹冠電,49.3,49.35,48.5,48.7,71864.0
2026-09-25,TWSE,3266,昇陽,13.85,14.0,13.85,14.0,19001.0
2026-09-25,TWSE,3296,勝德,27.9,28.0,27.8,27.95,43901.0
2026-09-25,TWSE,3305,昇貿,101.5,103.5,101.0,103.0,355654.0
2026-09-25,TWSE,3308,聯德,21.95,22.3,21.5,21.55,33359.0
2026-09-25,TWSE,3311,閎暉,36.9,38.65,36.65,38.05,855155.0
2026-09-25,TWSE,3312,弘憶股,50.7,50.9,50.0,50.5,802159.0
2026-09-25,TWSE,3321,同泰,18.35,18.8,18.0,18.2,113660.0
2026-09-25,TWSE,3338,泰碩,66.7,67.7,66.4,67.6,150367.0
2026-09-25,TWSE,3346,麗清,23.45,23.85,23.3,23.6,587047.0
2026-09-25,TWSE,3356,奇偶,65.3,66.1,64.2,65.2,354461.0
2026-09-25,TWSE,3376,新日興,175.5,176.0,174.0,174.0,1686649.0
2026-09-25,TWSE,3380,明泰,31.0,31.65,30.9,31.6,1565415.0
2026-09-25,TWSE,3406,玉晶光,901.0,911.0,885.0,901.0,2920160.0
2026-09-25,TWSE,3413,京鼎,286.0,288.5,284.0,288.0,476069.0
2026-09-25,TWSE,3416,融程電,161.0,162.5,160.0,161.0,88799.0
2026-09-25,TWSE,3419,譁裕,10.9,10.95,10.65,10.75,490127.0
2026-09-25,TWSE,3432,台端,14.7,14.75,14.6,14.6,41400.0
2026-09-25,TWSE,3437,榮創,21.1,22.7,21.1,22.0,2575324.0
2026-09-25,TWSE,3443,創意,8300.0,8545.0,8205.0,8525.0,1471460.0
2026-09-25,TWSE,3447,展達,27.6,27.6,27.3,27.3,104434.0
2026-09-25,TWSE,3450,聯鈞,516.0,522.0,505.0,513.0,5014009.0
2026-09-25,TWSE,3481,群創,49.15,50.8,48.9,49.55,101964433.0
2026-09-25,TWSE,3494,誠研,7.31,7.31,7.02,7.11,32294.0
2026-09-25,TWSE,3501,維熹,37.9,38.05,37.8,37.9,143731.0
2026-09-25,TWSE,3504,揚明光,78.5,79.9,78.2,78.5,1077317.0
2026-09-25,TWSE,3515,華擎,211.0,213.0,210.5,211.0,147990.0
2026-09-25,TWSE,3518,柏騰,32.85,35.65,32.5,34.0,7183649.0
2026-09-25,TWSE,3528,安馳,84.5,85.5,83.6,85.0,504831.0
2026-09-25,TWSE,3530,晶相光,59.0,59.0,58.2,58.3,66222.0
2026-09-25,TWSE,3532,台勝科,445.0,453.0,437.0,452.5,4617288.0
2026-09-25,TWSE,3533,嘉澤,1660.0,1735.0,1660.0,1690.0,1078035.0
2026-09-25,TWSE,3535,晶彩科,86.1,92.6,85.7,88.4,1225076.0
2026-09-25,TWSE,3543,州巧,45.3,46.35,45.1,45.7,784913.0
2026-09-25,TWSE,3545,敦泰,50.5,51.3,50.5,51.0,386758.0
2026-09-25,TWSE,3550,聯穎,23.7,24.2,23.5,23.85,785551.0
2026-09-25,TWSE,3557,嘉威,23.0,23.0,22.5,22.85,52371.0
2026-09-25,TWSE,3563,牧德,760.0,777.0,739.0,769.0,1433099.0
2026-09-25,TWSE,3576,聯合再生,18.3,18.8,18.2,18.25,48864258.0
2026-09-25,TWSE,3583,辛耘,696.0,699.0,685.0,698.0,299371.0
2026-09-25,TWSE,3588,通嘉,52.2,53.5,52.2,52.4,174053.0
2026-09-25,TWSE,3591,艾笛森,24.2,25.25,24.2,24.65,1125915.0
2026-09-25,TWSE,3592,瑞鼎,224.5,226.0,220.5,224.5,258281.0
2026-09-25,TWSE,3593,力銘,10.35,10.35,9.5,9.5,19985.0
2026-09-25,TWSE,3596,智易,152.0,154.5,151.5,153.5,1094859.0
2026-09-25,TWSE,3605,宏致,179.5,186.5,178.5,183.5,14851996.0
2026-09-25,TWSE,3607,谷崧,13.9,13.95,13.75,13.75,101378.0
2026-09-25,TWSE,3617,碩天,244.5,244.5,239.0,242.5,177345.0
2026-09-25,TWSE,3622,洋華,44.2,44.65,44.0,44.2,188618.0
2026-09-25,TWSE,3645,達邁,73.5,74.8,72.6,73.3,6118560.0
2026-09-25,TWSE,3652,精聯,34.25,34.55,34.0,34.1,65160.0
2026-09-25,TWSE,3653,健策,6560.0,6920.0,6215.0,6920.0,2756489.0
2026-09-25,TWSE,3661,世芯-KY,3730.0,3785.0,3715.0,3770.0,1136496.0
2026-09-25,TWSE,3665,貿聯-KY,2410.0,2470.0,2285.0,2340.0,4524090.0
2026-09-25,TWSE,3669,圓展,32.6,32.6,32.2,32.25,71270.0
2026-09-25,TWSE,3673,TPK-KY,64.6,65.9,64.2,65.6,2491440.0
2026-09-25,TWSE,3679,新至陞,108.5,109.0,108.5,109.0,11570.0
2026-09-25,TWSE,3686,達能,15.0,15.1,14.8,14.8,81179.0
2026-09-25,TWSE,3694,海華,50.2,50.5,50.1,50.3,246631.0
2026-09-25,TWSE,3701,大眾控,41.25,41.65,40.9,41.25,350805.0
2026-09-25,TWSE,3702,大聯大,113.5,117.5,113.5,117.5,8052382.0
2026-09-25,TWSE,3703,欣陸,19.95,19.95,19.7,19.75,431649.0
2026-09-25,TWSE,3704,合勤控,40.3,40.75,40.0,40.5,1010185.0
2026-09-25,TWSE,3705,永信,55.8,56.4,55.8,56.0,164289.0
2026-09-25,TWSE,3706,神達,78.6,79.0,78.1,78.5,4005111.0
2026-09-25,TWSE,3708,上緯投控,97.5,100.0,97.2,99.7,258069.0
2026-09-25,TWSE,3711,日月光投控,685.0,699.0,680.0,699.0,10964118.0
2026-09-25,TWSE,3712,永崴投控,20.6,20.75,20.5,20.7,156631.0
2026-09-25,TWSE,3714,富采,67.6,69.2,67.5,67.6,8698127.0
2026-09-25,TWSE,3715,定穎投控,124.0,125.0,122.0,123.0,3124677.0
2026-09-25,TWSE,3716,中化控股,34.0,34.1,33.9,33.95,95053.0
2026-09-25,TWSE,3717,聯嘉投控,25.55,26.5,24.5,25.35,13381856.0
2026-09-25,TWSE,4104,佳醫,72.2,72.2,71.8,71.9,71688.0
2026-09-25,TWSE,4106,雃博,24.2,24.55,24.2,24.2,115987.0
2026-09-25,TWSE,4108,懷特,11.65,11.65,11.4,11.45,136576.0
2026-09-25,TWSE,4119,旭富,56.7,57.5,56.2,56.7,105787.0
2026-09-25,TWSE,4133,亞諾法,20.4,20.45,20.25,20.35,54875.0
2026-09-25,TWSE,4137,麗豐-KY,77.6,77.6,76.1,76.2,119730.0
2026-09-25,TWSE,4142,國光生,17.9,17.95,17.8,17.9,727893.0
2026-09-25,TWSE,4148,全宇生技-KY,32.35,32.7,32.35,32.4,28883.0
2026-09-25,TWSE,4155,訊映,14.7,15.1,14.7,14.85,182427.0
2026-09-25,TWSE,4164,承業醫,26.9,27.2,26.3,26.4,627427.0
2026-09-25,TWSE,4169,泰宗,151.0,151.0,148.5,148.5,74543.0
2026-09-25,TWSE,4178,永笙-KY,16.5,16.7,16.45,16.5,39544.0
2026-09-25,TWSE,4190,佐登-KY,24.85,25.05,24.75,25.05,18363.0
2026-09-25,TWSE,4195,基米-創,13.3,14.4,13.3,14.4,278278.0
2026-09-25,TWSE,4306,炎洲,14.55,14.55,14.4,14.5,755148.0
2026-09-25,TWSE,4414,如興,8.35,8.42,8.2,8.21,140132.0
2026-09-25,TWSE,4426,利勤,7.84,7.84,7.76,7.76,29493.0
2026-09-25,TWSE,4438,廣越,56.6,57.2,56.6,57.0,46189.0
2026-09-25,TWSE,4439,冠星-KY,96.6,97.5,96.0,96.4,16010.0
2026-09-25,TWSE,4440,宜新實業,17.4,17.45,17.4,17.45,20000.0
2026-09-25,TWSE,4441,振大環球,171.0,171.0,169.5,171.0,66722.0
2026-09-25,TWSE,4526,東台,31.2,31.85,31.05,31.75,751944.0
2026-09-25,TWSE,4532,瑞智,25.0,25.2,24.9,25.2,767760.0
2026-09-25,TWSE,4536,拓凱,165.5,166.0,164.5,165.0,156387.0
2026-09-25,TWSE,4540,全球傳動,59.9,60.5,59.1,60.0,1301410.0
2026-09-25,TWSE,4545,銘鈺,32.65,33.3,32.65,33.1,77315.0
2026-09-25,TWSE,4551,智伸科,162.0,167.0,159.0,163.5,1013120.0
2026-09-25,TWSE,4552,力達-KY,15.85,15.85,15.6,15.6,67705.0
2026-09-25,TWSE,4555,氣立,41.6,41.85,41.2,41.65,103719.0
2026-09-25,TWSE,4557,永新-KY,49.75,49.8,49.7,49.8,25316.0
2026-09-25,TWSE,4560,強信-KY,29.0,29.75,28.75,29.55,462430.0
2026-09-25,TWSE,4562,穎漢,30.2,30.2,29.9,30.0,65496.0
2026-09-25,TWSE,4564,元翎,15.9,16.05,15.85,16.05,268356.0
2026-09-25,TWSE,4566,時碩工業,67.0,74.3,66.9,74.3,7828463.0
2026-09-25,TWSE,4569,六方科-KY,154.0,155.0,153.0,155.0,28158.0
2026-09-25,TWSE,4571,鈞興-KY,151.0,153.0,151.0,152.5,61006.0
2026-09-25,TWSE,4572,駐龍,140.0,140.0,139.0,139.5,16094.0
2026-09-25,TWSE,4576,大銀微系統,223.5,225.0,219.0,225.0,810171.0
2026-09-25,TWSE,4581,光隆精密-KY,47.75,47.75,47.75,47.75,1000.0
2026-09-25,TWSE,4582,聚恆-創,22.4,22.45,22.3,22.45,14400.0
2026-09-25,TWSE,4583,台灣精銳,425.0,432.5,425.0,429.0,20683.0
2026-09-25,TWSE,4585,達明,292.0,295.0,292.0,293.0,64201.0
2026-09-25,TWSE,4588,玖鼎電力,54.2,54.9,54.2,54.8,24617.0
2026-09-25,TWSE,4590,富田-創,89.7,90.3,88.5,89.7,189967.0
2026-09-25,TWSE,4720,德淵,19.15,19.25,19.0,19.05,180299.0
2026-09-25,TWSE,4722,國精化,190.0,191.5,182.5,184.0,767926.0
2026-09-25,TWSE,4736,泰博,132.0,132.0,129.0,129.5,174852.0
2026-09-25,TWSE,4737,華廣,57.1,57.1,55.8,56.3,70457.0
2026-09-25,TWSE,4739,康普,80.0,80.0,78.8,79.5,409578.0
2026-09-25,TWSE,4746,台耀,48.9,48.9,47.5,48.05,644992.0
2026-09-25,TWSE,4755,三福化,114.0,116.5,114.0,115.5,79103.0
2026-09-25,TWSE,4763,材料*-KY,46.3,46.3,45.4,46.1,7023719.0
2026-09-25,TWSE,4764,雙鍵,189.0,189.5,181.5,183.0,1145874.0
2026-09-25,TWSE,4766,南寶,340.0,343.5,340.0,343.5,70421.0
2026-09-25,TWSE,4770,上品,285.0,290.0,272.0,281.5,4524054.0
2026-09-25,TWSE,4771,望隼,217.0,217.0,212.0,212.0,128002.0
2026-09-25,TWSE,4807,日成-KY,29.4,29.65,29.2,29.3,78769.0
2026-09-25,TWSE,4904,遠傳,105.0,106.5,105.0,105.5,1985784.0
2026-09-25,TWSE,4906,正文,37.75,38.0,37.3,37.65,2374151.0
2026-09-25,TWSE,4912,聯德控股-KY,97.0,100.0,96.8,96.8,373546.0
2026-09-25,TWSE,4915,致伸,64.2,64.4,63.7,64.1,1492781.0
2026-09-25,TWSE,4916,事欣科,104.5,104.5,100.5,102.5,2855025.0
2026-09-25,TWSE,4919,新唐,132.0,138.5,130.0,136.0,14436318.0
2026-09-25,TWSE,4927,泰鼎-KY,43.75,44.45,42.65,43.7,3046929.0
2026-09-25,TWSE,4930,燦星網,15.85,16.05,15.85,16.05,10261.0
2026-09-25,TWSE,4934,太極,14.4,14.6,14.1,14.15,324032.0
2026-09-25,TWSE,4935,茂林-KY,33.5,33.9,32.7,32.95,54271.0
2026-09-25,TWSE,4938,和碩,90.3,91.9,90.2,91.3,7881615.0
2026-09-25,TWSE,4942,嘉彰,31.35,31.85,31.35,31.65,26707.0
2026-09-25,TWSE,4943,康控-KY,7.17,7.18,6.99,6.99,8959.0
2026-09-25,TWSE,4949,有成精密,74.1,74.9,73.6,74.6,238177.0
2026-09-25,TWSE,4952,凌通,48.25,49.2,48.25,48.95,112021.0
2026-09-25,TWSE,4956,光鋐,43.55,47.85,43.2,44.5,22783493.0
2026-09-25,TWSE,4958,臻鼎-KY,473.5,480.5,472.0,475.5,20619766.0
2026-09-25,TWSE,4960,誠美材,22.6,22.9,22.1,22.45,2974800.0
2026-09-25,TWSE,4961,天鈺,178.0,180.5,176.0,180.5,430723.0
2026-09-25,TWSE,4967,十銓,271.0,273.0,268.0,272.5,1081769.0
2026-09-25,TWSE,4968,立積,91.7,92.9,91.0,92.5,207951.0
2026-09-25,TWSE,4976,佳凌,35.1,35.5,35.0,35.2,528809.0
2026-09-25,TWSE,4977,眾達-KY,164.0,168.5,163.0,168.5,962856.0
2026-09-25,TWSE,4989,榮科,60.4,60.4,58.9,59.4,1972543.0
2026-09-25,TWSE,4994,傳奇,84.7,84.7,82.0,82.5,10616.0
2026-09-25,TWSE,4999,鑫禾,17.8,17.95,17.8,17.95,11203.0
2026-09-25,TWSE,5007,三星,55.5,56.0,55.4,55.6,66094.0
2026-09-25,TWSE,5203,訊連,58.2,58.8,58.2,58.3,67344.0
2026-09-25,TWSE,5215,科嘉-KY,37.9,38.1,37.9,37.95,20000.0
2026-09-25,TWSE,5222,全訊,106.5,106.5,105.0,105.0,113167.0
2026-09-25,TWSE,5225,東科-KY,56.2,56.5,55.8,56.2,116779.0
2026-09-25,TWSE,5234,達興材料,294.0,294.5,291.0,293.0,103977.0
2026-09-25,TWSE,5236,凌陽創新,135.0,136.0,134.0,135.5,49832.0
2026-09-25,TWSE,5243,乙盛-KY,87.6,89.9,87.2,89.1,570817.0
2026-09-25,TWSE,5244,弘凱,35.4,35.75,35.15,35.75,69528.0
2026-09-25,TWSE,5258,虹堡,41.05,41.8,40.8,41.4,213538.0
2026-09-25,TWSE,5269,祥碩,1470.0,1480.0,1455.0,1480.0,285085.0
2026-09-25,TWSE,5283,禾聯碩,53.0,53.5,52.9,53.0,55976.0
2026-09-25,TWSE,5284,jpp-KY,300.0,301.5,293.5,295.5,356041.0
2026-09-25,TWSE,5285,界霖,92.1,93.4,89.5,89.9,1236954.0
2026-09-25,TWSE,5288,豐祥-KY,188.0,189.0,185.5,187.5,101067.0
2026-09-25,TWSE,5292,華懋,217.0,218.0,215.5,217.5,29227.0
2026-09-25,TWSE,5306,桂盟,88.4,89.0,88.4,88.7,24687.0
2026-09-25,TWSE,5388,中磊,72.6,74.5,72.1,73.4,1360869.0
2026-09-25,TWSE,5434,崇越,543.0,543.0,536.0,542.0,234099.0
2026-09-25,TWSE,5469,瀚宇博,72.5,73.1,72.4,73.0,491986.0
2026-09-25,TWSE,5471,松翰,51.6,51.8,50.8,51.7,758373.0
2026-09-25,TWSE,5484,慧友,39.7,39.7,39.2,39.45,83756.0
2026-09-25,TWSE,5515,建國,50.6,53.0,50.5,52.7,555267.0
2026-09-25,TWSE,5519,隆大,25.5,25.5,24.8,25.05,451181.0
2026-09-25,TWSE,5521,工信,10.6,10.6,10.45,10.5,745188.0
2026-09-25,TWSE,5522,遠雄,60.6,61.1,60.2,60.7,682178.0
2026-09-25,TWSE,5525,順天,22.1,22.3,21.8,22.0,132283.0
2026-09-25,TWSE,5531,鄉林,7.02,7.02,6.95,6.98,529559.0
2026-09-25,TWSE,5533,皇鼎,14.0,14.05,13.8,13.9,122890.0
2026-09-25,TWSE,5534,長虹,74.3,74.3,73.8,73.9,266414.0
2026-09-25,TWSE,5538,東明-KY,35.2,35.65,35.2,35.3,42132.0
2026-09-25,TWSE,5546,永固-KY,14.5,14.6,14.15,14.4,36090.0
2026-09-25,TWSE,5607,遠雄港,52.2,52.6,52.0,52.2,426451.0
2026-09-25,TWSE,5608,四維航,17.2,17.2,16.8,17.0,2438650.0
2026-09-25,TWSE,5706,鳳凰,44.15,44.25,43.85,43.9,67236.0
2026-09-25,TWSE,5871,中租-KY,107.0,108.0,107.0,107.0,5050902.0
2026-09-25,TWSE,5876,上海商銀,48.75,49.0,48.55,48.95,3026168.0
2026-09-25,TWSE,5880,合庫金,26.5,26.75,26.35,26.45,14691036.0
2026-09-25,TWSE,5906,台南-KY,,,,,
2026-09-25,TWSE,5907,大洋-KY,4.87,4.88,4.8,4.83,122058.0
2026-09-25,TWSE,6005,群益證,32.3,32.45,31.9,32.0,6338990.0
2026-09-25,TWSE,6024,群益期,60.8,61.0,60.7,60.8,107319.0
2026-09-25,TWSE,6108,競國,24.05,24.5,24.0,24.4,1139657.0
2026-09-25,TWSE,6112,邁達特,48.2,49.15,47.7,47.7,2136528.0
2026-09-25,TWSE,6115,鎰勝,44.0,44.25,44.0,44.05,51556.0
2026-09-25,TWSE,6116,彩晶,14.95,15.5,14.65,14.9,41846990.0
2026-09-25,TWSE,6117,迎廣,61.5,62.0,61.4,61.7,59417.0
2026-09-25,TWSE,6120,達運,12.65,12.95,12.65,12.75,1718317.0
2026-09-25,TWSE,6128,上福,19.1,19.25,19.1,19.25,17457.0
2026-09-25,TWSE,6133,金橋,26.0,26.75,25.9,25.95,2307472.0
2026-09-25,TWSE,6136,富爾特,24.85,24.95,24.8,24.9,130061.0
2026-09-25,TWSE,6139,亞翔,733.0,755.0,725.0,753.0,3399157.0
2026-09-25,TWSE,6141,柏承,51.7,52.7,50.8,51.8,1742591.0
2026-09-25,TWSE,6142,友勁,9.1,9.14,9.05,9.06,254269.0
2026-09-25,TWSE,6152,百一,15.25,15.25,14.85,15.0,480652.0
2026-09-25,TWSE,6153,嘉聯益,17.05,17.4,17.0,17.2,1902952.0
2026-09-25,TWSE,6155,鈞寶,56.2,61.5,55.6,60.2,3762326.0
2026-09-25,TWSE,6164,華興,12.2,12.5,12.2,12.25,348731.0
2026-09-25,TWSE,6165,浪凡,48.5,49.3,48.5,48.95,150868.0
2026-09-25,TWSE,6166,凌華,126.5,133.0,125.0,132.0,2054478.0
2026-09-25,TWSE,6168,宏齊,41.5,44.0,41.1,44.0,7626913.0
2026-09-25,TWSE,6176,瑞儀,92.5,92.7,91.4,91.8,1238200.0
2026-09-25,TWSE,6177,達麗,46.4,46.65,46.1,46.2,1039055.0
2026-09-25,TWSE,6183,關貿,91.5,91.5,91.3,91.3,18832.0
2026-09-25,TWSE,6184,大豐電,40.3,40.35,40.15,40.3,43261.0
2026-09-25,TWSE,6189,豐藝,49.25,49.25,48.65,49.2,253498.0
2026-09-25,TWSE,6191,精成科,82.7,82.8,82.2,82.3,813601.0
2026-09-25,TWSE,6192,巨路,110.5,111.0,110.0,110.5,52488.0
2026-09-25,TWSE,6196,帆宣,547.0,566.0,541.0,565.0,1521343.0
2026-09-25,TWSE,6197,佳必琪,314.0,321.0,314.0,320.0,993774.0
2026-09-25,TWSE,6201,亞弘電,44.4,44.85,44.4,44.7,15252.0
2026-09-25,TWSE,6202,盛群,58.2,58.9,58.0,58.2,879959.0
2026-09-25,TWSE,6205,詮欣,74.0,78.5,72.7,73.6,11480659.0
2026-09-25,TWSE,6206,飛捷,138.5,139.5,137.5,139.0,318098.0
2026-09-25,TWSE,6209,今國光,78.7,80.3,78.3,79.9,5832314.0
2026-09-25,TWSE,6213,聯茂,595.0,595.0,592.0,595.0,16800143.0
2026-09-25,TWSE,6214,精誠,190.0,191.5,189.0,190.5,2488285.0
2026-09-25,TWSE,6215,和椿,97.8,98.7,96.6,96.8,367400.0
2026-09-25,TWSE,6216,居易,19.55,19.65,19.5,19.55,33100.0
2026-09-25,TWSE,6224,聚鼎,81.6,84.6,81.2,82.2,842435.0
2026-09-25,TWSE,6225,天瀚,41.6,50.8,41.6,50.4,2846605.0
2026-09-25,TWSE,6226,光鼎,42.95,44.0,42.3,44.0,2311220.0
2026-09-25,TWSE,6230,尼得科超眾,111.0,113.0,110.5,113.0,42552.0
2026-09-25,TWSE,6235,華孚,39.75,39.75,38.65,38.7,471977.0
2026-09-25,TWSE,6239,力成,285.5,289.5,283.5,287.0,5364014.0
2026-09-25,TWSE,6243,迅杰,41.25,41.4,39.25,39.5,1765177.0
2026-09-25,TWSE,6257,矽格,246.0,250.5,236.5,243.0,11563776.0
2026-09-25,TWSE,6269,台郡,64.0,64.9,63.3,64.8,2254738.0
2026-09-25,TWSE,6271,同欣電,226.5,230.5,226.5,229.0,1826003.0
2026-09-25,TWSE,6272,驊陞,25.2,25.6,25.2,25.3,187267.0
2026-09-25,TWSE,6277,宏正,77.3,78.4,77.3,77.8,67573.0
2026-09-25,TWSE,6278,台表科,207.5,214.5,204.5,212.0,6718865.0
2026-09-25,TWSE,6281,全國電,51.0,51.0,50.9,51.0,42484.0
2026-09-25,TWSE,6282,康舒,42.7,42.95,42.5,42.85,2421281.0
2026-09-25,TWSE,6283,淳安,18.9,19.1,18.85,18.85,29017.0
2026-09-25,TWSE,6285,啟碁,229.0,240.5,229.0,238.0,5064342.0
2026-09-25,TWSE,6405,悅城,40.6,42.8,40.6,41.45,538439.0
2026-09-25,TWSE,6409,旭隼,872.0,882.0,861.0,879.0,234051.0
2026-09-25,TWSE,6412,群電,74.2,74.7,73.9,74.6,319411.0
2026-09-25,TWSE,6414,樺漢,371.0,376.0,367.5,374.0,590230.0
2026-09-25,TWSE,6415,矽力*-KY,426.5,429.5,421.0,425.5,1518168.0
2026-09-25,TWSE,6416,瑞祺電通,116.0,117.0,115.0,116.5,257186.0
2026-09-25,TWSE,6426,統新,412.0,412.0,380.0,389.0,4891886.0
2026-09-25,TWSE,6431,光麗-KY,17.35,17.35,17.15,17.15,11004.0
2026-09-25,TWSE,6438,迅得,156.0,162.0,154.5,157.5,1118497.0
2026-09-25,TWSE,6442,光聖,1510.0,1535.0,1485.0,1530.0,895074.0
2026-09-25,TWSE,6443,元晶,28.65,29.4,28.0,28.25,15942276.0
2026-09-25,TWSE,6446,藥華藥,1175.0,1185.0,1150.0,1155.0,1460375.0
2026-09-25,TWSE,6449,鈺邦,212.0,212.5,208.5,209.5,447534.0
2026-09-25,TWSE,6451,訊芯-KY,416.0,419.0,409.0,412.0,992621.0
2026-09-25,TWSE,6456,GIS-KY,78.0,82.5,75.6,81.3,14497011.0
2026-09-25,TWSE,6464,台數科,77.0,77.0,77.0,77.0,1105.0
2026-09-25,TWSE,6472,保瑞,432.0,436.5,421.0,421.5,508828.0
2026-09-25,TWSE,6477,安集,34.55,35.1,34.0,34.0,852394.0
2026-09-25,TWSE,6491,晶碩,407.5,407.5,402.0,402.0,177464.0
2026-09-25,TWSE,6504,南六,37.2,37.2,36.8,37.05,16000.0
2026-09-25,TWSE,6505,台塑化,88.0,88.7,87.0,87.2,10807153.0
2026-09-25,TWSE,6515,穎崴,5995.0,5995.0,5790.0,5850.0,445040.0
2026-09-25,TWSE,6525,捷敏-KY,132.0,136.0,131.5,133.5,449529.0
2026-09-25,TWSE,6526,達發,845.0,862.0,818.0,840.0,4581078.0
2026-09-25,TWSE,6531,愛普*,990.0,1005.0,951.0,993.0,3109128.0
2026-09-25,TWSE,6533,晶心科,251.0,276.0,250.0,276.0,6688397.0
2026-09-25,TWSE,6534,正瀚-創,90.9,91.0,90.2,90.5,54140.0
2026-09-25,TWSE,6541,泰福-KY,31.45,31.45,30.3,30.3,501087.0
2026-09-25,TWSE,6552,易華電,24.9,24.9,24.55,24.65,44502.0
2026-09-25,TWSE,6558,興能高,24.95,24.95,24.5,24.5,147224.0
2026-09-25,TWSE,6573,虹揚-KY,15.85,16.0,15.8,15.9,105089.0
2026-09-25,TWSE,6579,研揚,149.5,154.0,149.5,153.5,170694.0
2026-09-25,TWSE,6581,鋼聯,108.0,109.0,108.0,108.5,6045.0
2026-09-25,TWSE,6582,申豐,30.85,31.45,30.85,31.0,38714.0
2026-09-25,TWSE,6585,鼎基,105.5,105.5,104.0,105.5,49421.0
2026-09-25,TWSE,6589,台康生技,53.7,53.7,51.3,51.4,832462.0
2026-09-25,TWSE,6591,動力-KY,48.0,48.0,44.05,44.2,140273.0
2026-09-25,TWSE,6592,和潤企業,57.8,57.9,57.5,57.6,459236.0
2026-09-25,TWSE,6598,ABC-KY,27.5,27.8,27.25,27.3,96158.0
2026-09-25,TWSE,6605,帝寶,139.5,139.5,138.0,138.5,109831.0
2026-09-25,TWSE,6606,建德工業,25.0,25.35,24.8,25.1,72606.0
2026-09-25,TWSE,6614,資拓宏宇,35.5,35.6,35.45,35.6,12220.0
2026-09-25,TWSE,6625,必應,73.8,74.0,73.7,74.0,30553.0
2026-09-25,TWSE,6641,基士德-KY,16.8,16.95,16.75,16.95,9000.0
2026-09-25,TWSE,6645,金萬林-創,13.1,13.1,12.5,12.5,12200.0
2026-09-25,TWSE,6655,科定,,,,,1.0
2026-09-25,TWSE,6657,華安,33.35,33.35,32.6,32.8,81194.0
2026-09-25,TWSE,6658,聯策,179.5,186.0,179.0,179.0,484819.0
2026-09-25,TWSE,6666,羅麗芬-KY,45.4,45.4,44.6,44.85,9818.0
2026-09-25,TWSE,6668,中揚光,46.95,48.85,46.65,47.55,2272592.0
2026-09-25,TWSE,6669,緯穎,2110.0,2140.0,2075.0,2115.0,3554942.0
2026-09-25,TWSE,6670,復盛應用,270.5,274.5,270.5,273.0,126922.0
2026-09-25,TWSE,6671,三能-KY,23.0,23.0,22.85,22.85,5030.0
2026-09-25,TWSE,6672,騰輝電子-KY,315.0,337.5,315.0,337.5,15309823.0
2026-09-25,TWSE,6674,鋐寶科技,18.35,18.4,18.3,18.35,199815.0
2026-09-25,TWSE,6689,伊雲谷,64.6,66.5,63.9,63.9,490273.0
2026-09-25,TWSE,6691,洋基工程,639.0,668.0,636.0,667.0,736040.0
2026-09-25,TWSE,6695,芯鼎,50.1,50.2,49.4,49.9,156551.0
2026-09-25,TWSE,6698,旭暉應材,31.6,31.75,31.4,31.7,52578.0
2026-09-25,TWSE,6706,惠特,143.5,146.0,142.5,143.0,2291537.0
2026-09-25,TWSE,6715,嘉基,462.5,472.5,459.0,468.5,560936.0
2026-09-25,TWSE,6719,力智,181.5,184.5,181.5,184.0,283508.0
2026-09-25,TWSE,6722,輝創,32.6,32.65,32.25,32.45,9521.0
2026-09-25,TWSE,6742,澤米,55.8,57.7,54.1,54.7,2199168.0
2026-09-25,TWSE,6743,安普新,30.2,30.7,30.05,30.6,535034.0
2026-09-25,TWSE,6753,龍德造船,131.5,133.5,130.5,132.5,248283.0
2026-09-25,TWSE,6754,匯僑設計,42.5,42.5,41.5,41.5,7102.0
2026-09-25,TWSE,6756,威鋒電子,97.7,97.7,96.1,97.5,78807.0
2026-09-25,TWSE,6757,台灣虎航,54.1,54.1,53.1,53.4,485683.0
2026-09-25,TWSE,6768,志強-KY,62.5,62.9,62.4,62.8,48690.0
2026-09-25,TWSE,6770,力積電,72.0,72.1,70.5,72.0,95567951.0
2026-09-25,TWSE,6771,平和環保-創,41.9,42.0,41.9,42.0,9000.0
2026-09-25,TWSE,6776,展碁國際,52.2,52.3,52.0,52.2,63140.0
2026-09-25,TWSE,6781,AES-KY,1015.0,1015.0,1005.0,1005.0,143940.0
2026-09-25,TWSE,6782,視陽,237.5,238.5,232.0,233.5,156032.0
2026-09-25,TWSE,6789,采鈺,462.0,467.0,455.5,465.5,862427.0
2026-09-25,TWSE,6790,永豐實,37.75,37.8,37.7,37.7,51018.0
2026-09-25,TWSE,6792,詠業,59.6,59.6,58.8,58.8,13000.0
2026-09-25,TWSE,6794,向榮生技,74.2,74.5,72.6,72.9,38000.0
2026-09-25,TWSE,6796,晉弘,51.8,51.8,50.5,51.4,22998.0
2026-09-25,TWSE,6799,來頡,87.9,88.1,86.5,86.6,219429.0
2026-09-25,TWSE,6805,富世達,2570.0,2615.0,2505.0,2530.0,1046299.0
2026-09-25,TWSE,6807,峰源-KY,,,,,
2026-09-25,TWSE,6830,汎銓,545.0,547.0,530.0,540.0,942448.0
2026-09-25,TWSE,6831,邁科,507.0,511.0,493.0,497.5,1166953.0
2026-09-25,TWSE,6834,天二科技,112.0,117.5,112.0,116.0,5943310.0
2026-09-25,TWSE,6835,圓裕,31.2,31.3,30.7,31.3,20180.0
2026-09-25,TWSE,6838,台新藥,26.1,26.65,25.5,25.5,603017.0
2026-09-25,TWSE,6854,錼創科技-KY創,92.6,92.6,90.6,91.4,153317.0
2026-09-25,TWSE,6861,睿生光電,266.5,290.0,266.0,279.5,4029976.0
2026-09-25,TWSE,6862,三集瑞-KY,138.5,140.0,137.0,139.0,49026.0
2026-09-25,TWSE,6863,永道-KY,97.1,98.1,96.0,97.3,50850.0
2026-09-25,TWSE,6869,雲豹能源,71.0,71.0,69.3,69.5,371509.0
2026-09-25,TWSE,6873,泓德能源,69.0,69.0,67.8,67.9,226797.0
2026-09-25,TWSE,6885,全福生技,30.15,31.7,29.9,31.15,1319077.0
2026-09-25,TWSE,6887,寶綠特-KY,39.5,39.5,37.95,38.95,10000.0
2026-09-25,TWSE,6890,來億-KY,147.5,148.0,146.5,146.5,140614.0
2026-09-25,TWSE,6901,鑽石投資,15.85,15.85,15.35,15.7,1233148.0
2026-09-25,TWSE,6902,GOGOLOOK,170.0,183.0,167.5,176.5,1144665.0
2026-09-25,TWSE,6906,現觀科,82.0,83.8,82.0,83.0,47047.0
2026-09-25,TWSE,6908,宏碁遊戲-創,29.75,30.1,29.75,30.0,12062.0
2026-09-25,TWSE,6909,創控,41.4,41.5,40.9,41.5,167616.0
2026-09-25,TWSE,6914,阜爾運通,120.5,120.5,120.0,120.5,20655.0
2026-09-25,TWSE,6916,華凌,18.1,18.6,18.1,18.3,15210.0
2026-09-25,TWSE,6918,愛派司,74.0,74.3,74.0,74.2,16115.0
2026-09-25,TWSE,6919,康霈*,80.9,82.0,79.8,80.1,3951337.0
2026-09-25,TWSE,6921,嘉雨思-創,62.3,65.5,62.3,63.9,36100.0
2026-09-25,TWSE,6923,中台,76.6,76.6,75.3,75.9,62772.0
2026-09-25,TWSE,6924,榮惠-KY創,133.5,136.5,130.0,134.0,19247.0
2026-09-25,TWSE,6928,攸泰科技,45.1,45.9,45.05,45.4,31556.0
2026-09-25,TWSE,6931,青松健康,38.8,38.8,38.7,38.75,20182.0
2026-09-25,TWSE,6933,AMAX-KY,367.5,385.0,355.0,385.0,6076267.0
2026-09-25,TWSE,6934,心誠鎂,74.5,75.9,73.8,75.5,60109.0
2026-09-25,TWSE,6936,永鴻生技,31.7,31.7,31.7,31.7,10469.0
2026-09-25,TWSE,6937,天虹,299.0,309.5,295.0,300.5,678835.0
2026-09-25,TWSE,6944,兆聯實業,730.0,762.0,730.0,760.0,469755.0
2026-09-25,TWSE,6947,台鎔科技,67.5,67.5,67.1,67.2,134696.0
2026-09-25,TWSE,6949,沛爾生醫*-創,49.1,50.3,49.1,50.3,2671825.0
2026-09-25,TWSE,6951,青新-創,69.3,69.4,69.2,69.2,17699.0
2026-09-25,TWSE,6952,大武山,38.5,38.5,38.5,38.5,2000.0
2026-09-25,TWSE,6955,邦睿生技-創,94.2,94.2,94.2,94.2,1161.0
2026-09-25,TWSE,6957,裕慶-KY,298.5,307.0,287.0,307.0,467387.0
2026-09-25,TWSE,6958,日盛台駿,17.25,17.35,17.15,17.3,20238.0
2026-09-25,TWSE,6962,奕力-KY,31.6,31.6,31.25,31.45,686362.0
2026-09-25,TWSE,6965,中傑-KY,68.2,68.2,67.1,67.1,31654.0
2026-09-25,TWSE,6969,成信實業*-創,31.8,31.8,30.4,30.65,281313.0
2026-09-25,TWSE,6988,威力暘-創,11.9,12.0,11.65,11.7,49000.0
2026-09-25,TWSE,6994,富威電力,27.15,27.15,26.8,26.8,240031.0
2026-09-25,TWSE,7610,聯友金屬-創,1825.0,1855.0,1775.0,1830.0,540902.0
2026-09-25,TWSE,7631,聚賢研發-創,140.0,140.0,137.5,138.5,41366.0
2026-09-25,TWSE,7689,大鵬科CLMX,157.0,158.5,156.0,158.5,15131.0
2026-09-25,TWSE,7705,三商餐飲,30.05,30.05,29.9,29.9,19771.0
2026-09-25,TWSE,7711,永擎,543.0,548.0,535.0,542.0,458792.0
2026-09-25,TWSE,7721,微程式,62.0,62.4,61.6,61.7,34150.0
2026-09-25,TWSE,7722,LINEPAY,264.5,264.5,259.5,260.0,43574.0
2026-09-25,TWSE,7730,暉盛-創,171.0,172.0,171.0,172.0,10341.0
2026-09-25,TWSE,7732,金興精密,33.25,33.75,32.95,33.5,11007.0
2026-09-25,TWSE,7736,虎山,69.3,69.3,68.3,68.7,13002.0
2026-09-25,TWSE,7740,熙特爾-創,111.5,112.0,103.0,109.5,448580.0
2026-09-25,TWSE,7749,意騰-KY,405.0,405.0,392.5,395.5,295771.0
2026-09-25,TWSE,7750,新代,1935.0,2015.0,1920.0,1970.0,132618.0
2026-09-25,TWSE,7760,享溫馨,31.25,33.45,31.25,33.0,43092.0
2026-09-25,TWSE,7765,中華資安,241.5,244.5,238.5,241.0,99930.0
2026-09-25,TWSE,7768,頌勝科技,292.0,312.0,292.0,304.5,209303.0
2026-09-25,TWSE,7769,鴻勁,5905.0,5975.0,5650.0,5670.0,1333263.0
2026-09-25,TWSE,7780,大研生醫*,16.15,16.15,16.05,16.05,493328.0
2026-09-25,TWSE,7786,東方風能,118.0,118.0,116.0,118.0,73689.0
2026-09-25,TWSE,7788,松川精密,287.0,291.0,285.0,289.5,470469.0
2026-09-25,TWSE,7791,皇家可口,55.6,55.8,55.1,55.8,10698.0
2026-09-25,TWSE,7795,長廣,488.5,495.5,483.5,490.5,502168.0
2026-09-25,TWSE,7799,禾榮科,523.0,525.0,480.0,498.0,1987002.0
2026-09-25,TWSE,7803,雲象科技-創,18.05,18.3,17.9,18.0,27099.0
2026-09-25,TWSE,7812,稜研科技*-創,73.4,73.4,69.1,69.8,126071.0
2026-09-25,TWSE,7818,溢泰實業,60.1,60.3,59.9,59.9,26743.0
2026-09-25,TWSE,7821,神數,36.75,36.8,36.7,36.75,63919.0
2026-09-25,TWSE,7822,倍利科,879.0,926.0,878.0,920.0,292136.0
2026-09-25,TWSE,7823,奧義賽博-KY創,81.0,81.8,80.7,81.0,37865.0
2026-09-25,TWSE,7827,漢康-KY創,163.0,163.0,155.0,162.5,370700.0
2026-09-25,TWSE,7835,永悅健康-創,19.95,20.0,19.95,20.0,33080.0
2026-09-25,TWSE,7855,和運租車,42.05,42.05,41.8,41.85,688907.0
2026-09-25,TWSE,8011,台通,15.9,16.05,15.8,15.9,135271.0
2026-09-25,TWSE,8016,矽創,281.5,283.5,278.0,283.5,323090.0
2026-09-25,TWSE,8021,尖點,480.5,480.5,474.5,480.0,949881.0
2026-09-25,TWSE,8028,昇陽半導體,256.5,272.5,253.0,269.0,10321779.0
2026-09-25,TWSE,8033,雷虎,169.0,170.0,167.0,168.5,1182926.0
2026-09-25,TWSE,8039,台虹,255.5,261.0,254.0,258.5,7006740.0
2026-09-25,TWSE,8045,達運光電,52.5,53.5,52.5,53.3,80890.0
2026-09-25,TWSE,8046,南電,1210.0,1270.0,1190.0,1240.0,13910571.0
2026-09-25,TWSE,8070,長華*,49.4,49.7,48.75,49.7,1577793.0
2026-09-25,TWSE,8072,陞泰,27.15,28.85,27.0,28.35,740235.0
2026-09-25,TWSE,8081,致新,249.0,254.0,249.0,254.0,224628.0
2026-09-25,TWSE,8101,華冠,10.95,10.95,10.9,10.95,6931.0
2026-09-25,TWSE,8103,瀚荃,122.5,126.0,121.5,123.0,2944400.0
2026-09-25,TWSE,8104,錸寶,31.15,31.15,30.5,31.05,189594.0
2026-09-25,TWSE,8105,凌巨,14.95,14.95,14.75,14.85,1003115.0
2026-09-25,TWSE,8110,華東,48.85,49.25,48.25,49.0,6592866.0
2026-09-25,TWSE,8112,至上,82.4,83.5,81.9,83.5,2893819.0
2026-09-25,TWSE,8114,振樺電,175.0,178.0,174.5,177.5,228963.0
2026-09-25,TWSE,8131,福懋科,61.0,61.4,60.5,61.4,792721.0
2026-09-25,TWSE,8150,南茂,106.0,114.0,105.0,112.0,83883329.0
2026-09-25,TWSE,8162,微矽電子-創,64.0,68.9,62.3,65.1,1079258.0
2026-09-25,TWSE,8163,達方,29.8,30.1,29.5,30.05,579483.0
2026-09-25,TWSE,8201,無敵,12.8,13.3,12.8,13.3,421852.0
2026-09-25,TWSE,8210,勤誠,893.0,897.0,882.0,897.0,554178.0
2026-09-25,TWSE,8213,志超,33.25,33.25,32.9,33.1,179430.0
2026-09-25,TWSE,8215,明基材,27.85,28.25,27.65,27.9,1084525.0
2026-09-25,TWSE,8222,寶一,35.1,35.35,35.05,35.15,95393.0
2026-09-25,TWSE,8249,菱光,39.3,39.5,39.15,39.35,66852.0
2026-09-25,TWSE,8261,富鼎,179.5,184.5,175.5,176.0,2571057.0
2026-09-25,TWSE,8271,宇瞻,200.5,200.5,197.0,200.0,977099.0
2026-09-25,TWSE,8341,日友,74.7,74.7,74.5,74.5,104313.0
2026-09-25,TWSE,8367,建新國際,40.25,41.0,40.25,40.6,9000.0
2026-09-25,TWSE,8374,羅昇,75.8,76.5,75.2,75.3,147506.0
2026-09-25,TWSE,8404,百和興業-KY,13.7,13.85,13.55,13.55,215582.0
2026-09-25,TWSE,8411,福貞-KY,12.15,12.15,11.85,12.1,238519.0
2026-09-25,TWSE,8422,可寧衛*,25.65,25.65,25.5,25.55,3243126.0
2026-09-25,TWSE,8429,金麗-KY,5.88,5.89,5.85,5.89,91426.0
2026-09-25,TWSE,8438,昶昕,76.6,81.5,76.4,76.6,998074.0
2026-09-25,TWSE,8442,威宏-KY,44.6,45.05,44.05,44.45,73000.0
2026-09-25,TWSE,8443,阿瘦,11.15,11.2,11.15,11.2,8298.0
2026-09-25,TWSE,8454,富邦媒,243.5,243.5,238.5,239.0,246679.0
2026-09-25,TWSE,8462,柏文,156.0,158.5,156.0,158.0,55682.0
2026-09-25,TWSE,8463,潤泰材,21.1,21.2,21.05,21.2,25500.0
2026-09-25,TWSE,8464,億豐,373.0,375.0,370.5,372.5,172907.0
2026-09-25,TWSE,8466,美吉吉-KY,15.9,16.0,15.6,15.6,43346.0
2026-09-25,TWSE,8467,波力-KY,88.9,89.0,88.9,89.0,3123.0
2026-09-25,TWSE,8473,山林水,39.1,39.4,38.85,39.4,270278.0
2026-09-25,TWSE,8476,台境*,19.5,19.85,19.45,19.5,304998.0
2026-09-25,TWSE,8478,東哥遊艇,139.0,139.5,138.0,139.5,67019.0
2026-09-25,TWSE,8481,政伸,41.15,41.15,40.95,40.95,4094.0
2026-09-25,TWSE,8482,商億-KY,46.9,47.05,46.9,47.05,2050.0
2026-09-25,TWSE,8487,愛爾達-創,70.6,71.5,70.6,71.1,4769.0
2026-09-25,TWSE,8488,吉源-KY,9.92,10.2,9.85,9.85,371009.0
2026-09-25,TWSE,8499,鼎炫-KY,254.5,255.0,253.0,254.5,10354.0
2026-09-25,TWSE,8926,台汽電,58.3,58.9,58.1,58.8,1170114.0
2026-09-25,TWSE,8940,新天地,15.05,15.05,14.85,15.0,15223.0
2026-09-25,TWSE,8996,高力,1555.0,1560.0,1480.0,1530.0,2887200.0
2026-09-25,TWSE,9103,美德醫療-DR,4.97,4.99,4.96,4.97,265091.0
2026-09-25,TWSE,9105,泰金寶-DR,8.36,8.45,8.35,8.43,9537724.0
2026-09-25,TWSE,9110,越南控-DR,2.8,2.89,2.66,2.82,22000.0
2026-09-25,TWSE,9136,巨騰-DR,9.16,9.21,9.08,9.19,172100.0
2026-09-25,TWSE,9802,鈺齊-KY,63.6,64.0,63.5,63.7,524913.0
2026-09-25,TWSE,9902,台火,13.2,13.35,13.2,13.2,67252.0
2026-09-25,TWSE,9904,寶成,24.9,25.05,24.75,24.95,8323733.0
2026-09-25,TWSE,9905,大華,21.1,21.25,21.1,21.2,52579.0
2026-09-25,TWSE,9906,欣巴巴,39.95,40.25,39.55,39.6,30191.0
2026-09-25,TWSE,9907,統一實,14.85,14.95,14.85,14.85,448732.0
2026-09-25,TWSE,9908,大台北,28.95,29.0,28.95,28.95,69417.0
2026-09-25,TWSE,9910,豐泰,69.2,69.8,69.0,69.4,643314.0
2026-09-25,TWSE,9911,櫻花,81.5,81.8,81.3,81.4,152929.0
2026-09-25,TWSE,9912,偉聯,12.9,12.9,12.9,12.9,7731.0
2026-09-25,TWSE,9914,美利達,66.4,67.1,65.9,66.7,1734779.0
2026-09-25,TWSE,9917,中保科,106.0,106.5,106.0,106.0,96786.0
2026-09-25,TWSE,9918,欣天然,42.75,42.75,42.7,42.7,9760.0
2026-09-25,TWSE,9919,康那香,14.0,14.0,13.75,13.85,437689.0
2026-09-25,TWSE,9921,巨大,90.0,91.4,89.9,90.6,646617.0
2026-09-25,TWSE,9924,福興,37.85,37.9,37.8,37.8,39591.0
2026-09-25,TWSE,9925,新保,39.7,39.75,39.6,39.65,207382.0
2026-09-25,TWSE,9926,新海,49.0,49.05,48.9,48.9,5536.0
2026-09-25,TWSE,9927,泰銘,70.3,70.3,69.9,70.2,207769.0
2026-09-25,TWSE,9928,中視,17.6,17.6,17.5,17.55,40105.0
2026-09-25,TWSE,9929,秋雨,10.9,11.0,10.9,10.9,11145.0
2026-09-25,TWSE,9930,中聯資源,60.8,61.0,60.4,60.4,125755.0
2026-09-25,TWSE,9931,欣高,33.8,33.8,33.8,33.8,12246.0
2026-09-25,TWSE,9933,中鼎,41.05,41.75,40.6,41.0,1284584.0
2026-09-25,TWSE,9934,成霖,9.85,9.87,9.81,9.84,176300.0
2026-09-25,TWSE,9935,慶豐富,18.25,18.3,18.2,18.25,62149.0
2026-09-25,TWSE,9937,全國,54.1,54.2,54.1,54.2,12004.0
2026-09-25,TWSE,9938,百和,38.3,38.35,38.05,38.05,694238.0
2026-09-25,TWSE,9939,宏全,124.5,125.0,124.0,124.5,312764.0
2026-09-25,TWSE,9940,信義,20.4,20.4,19.95,20.05,560778.0
2026-09-25,TWSE,9941,裕融,79.6,79.7,79.0,79.2,836717.0
2026-09-25,TWSE,9942,茂順,113.5,114.0,113.5,114.0,43351.0
2026-09-25,TWSE,9943,好樂迪,50.6,50.6,50.3,50.5,36502.0
2026-09-25,TWSE,9944,新麗,17.2,17.25,17.2,17.25,18641.0
2026-09-25,TWSE,9945,潤泰新,30.35,30.4,29.6,29.9,13127733.0
2026-09-25,TWSE,9946,三發地產,17.45,17.5,17.05,17.1,233111.0
2026-09-25,TWSE,9955,佳龍,23.3,23.35,23.0,23.0,138353.0
2026-09-25,TWSE,9958,世紀鋼,91.8,93.0,91.1,92.2,930936.0
2026-09-25,TPEX,1240,茂生農經,54.6,55.2,54.2,55.2,19703.0
2026-09-25,TPEX,1259,安心,67.8,68.0,67.7,68.0,40965.0
2026-09-25,TPEX,1264,德麥,243.5,244.5,243.0,244.5,16377.0
2026-09-25,TPEX,1268,漢來美食,173.0,174.5,173.0,174.5,16759.0
2026-09-25,TPEX,1294,漢田生技,50.5,50.5,50.3,50.3,8986.0
2026-09-25,TPEX,1295,生合,45.0,49.25,44.6,47.1,108932.0
2026-09-25,TPEX,1336,台翰,16.95,17.15,16.85,17.1,82023.0
2026-09-25,TPEX,1565,精華,95.9,95.9,95.3,95.5,99851.0
2026-09-25,TPEX,1569,濱川,63.8,68.0,62.6,64.7,7552738.0
2026-09-25,TPEX,1570,力肯,32.15,32.85,32.0,32.85,28038.0
2026-09-25,TPEX,1580,新麥,96.6,97.0,96.4,97.0,24167.0
2026-09-25,TPEX,1584,精剛,18.1,18.1,17.85,18.0,231211.0
2026-09-25,TPEX,1586,和勤,17.95,18.0,17.85,18.0,86004.0
2026-09-25,TPEX,1591,駿吉-KY,41.8,41.8,40.4,40.4,173608.0
2026-09-25,TPEX,1593,祺驊,31.9,31.9,31.8,31.8,25490.0
2026-09-25,TPEX,1595,川寶,76.7,80.0,75.0,77.4,1650908.0
2026-09-25,TPEX,1599,宏佳騰,23.25,23.25,23.0,23.05,5487.0
2026-09-25,TPEX,1742,台蠟,17.65,17.65,17.4,17.5,55002.0
2026-09-25,TPEX,1777,生泰,74.3,74.4,73.8,74.3,12115.0
2026-09-25,TPEX,1780,立弘,25.05,25.2,24.6,24.7,99703.0
2026-09-25,TPEX,1781,合世,10.0,10.05,10.0,10.05,9012.0
2026-09-25,TPEX,1784,訊聯,62.5,62.5,61.1,61.3,64361.0
2026-09-25,TPEX,1785,光洋科,96.5,96.5,95.0,95.8,2647661.0
2026-09-25,TPEX,1788,杏昌,127.5,128.0,127.5,128.0,12171.0
2026-09-25,TPEX,1796,金穎生技,29.8,29.8,29.5,29.5,4005.0
2026-09-25,TPEX,1799,易威,28.8,28.9,28.7,28.9,54875.0
2026-09-25,TPEX,1813,寶利徠,11.3,11.45,11.3,11.3,6408.0
2026-09-25,TPEX,1815,富喬,119.5,119.5,115.0,116.0,28870327.0
2026-09-25,TPEX,2035,唐榮,26.5,26.5,26.5,26.5,1008.0
2026-09-25,TPEX,2061,風青,55.4,56.3,53.9,54.0,1661724.0
2026-09-25,TPEX,2063,世鎧,23.65,23.7,23.6,23.6,24047.0
2026-09-25,TPEX,2064,晉椿,,,,,0.0
2026-09-25,TPEX,2065,世豐,35.1,35.25,35.0,35.2,51564.0
2026-09-25,TPEX,2066,世德,52.8,53.1,52.5,52.9,15000.0
2026-09-25,TPEX,2067,嘉鋼,5.65,5.65,5.1,5.22,35000.0
2026-09-25,TPEX,2070,精湛,60.7,61.4,60.6,61.0,27367.0
2026-09-25,TPEX,2073,雄順,,,,,130.0
2026-09-25,TPEX,2221,大甲,158.0,164.5,158.0,164.0,1651712.0
2026-09-25,TPEX,2230,泰茂,21.25,22.55,21.25,22.45,145196.0
2026-09-25,TPEX,2235,謚源,28.3,28.3,28.3,28.3,1000.0
2026-09-25,TPEX,2596,綠意,34.95,35.7,34.95,35.45,112404.0
2026-09-25,TPEX,2640,大車隊,157.0,157.5,156.0,157.0,30718.0
2026-09-25,TPEX,2641,正德,17.55,17.55,17.4,17.55,618355.0
2026-09-25,TPEX,2643,捷迅,63.0,63.0,62.7,62.7,13134.0
2026-09-25,TPEX,2718,全心投控,40.55,40.8,40.35,40.8,12000.0
2026-09-25,TPEX,2719,燦星旅,19.35,19.55,19.3,19.55,3000.0
2026-09-25,TPEX,2724,藝舍-KY,13.2,13.2,13.1,13.1,2295.0
2026-09-25,TPEX,2726,雅茗-KY,8.12,8.12,8.0,8.08,16000.0
2026-09-25,TPEX,2729,瓦城,156.5,158.5,156.5,157.5,14537.0
2026-09-25,TPEX,2732,六角,63.4,64.2,63.2,63.2,26687.0
2026-09-25,TPEX,2734,易飛網,14.5,14.5,14.4,14.5,26510.0
2026-09-25,TPEX,2736,富野,11.25,11.3,11.25,11.25,20122.0
2026-09-25,TPEX,2740,華軒,30.25,30.7,30.25,30.7,2334.0
2026-09-25,TPEX,2743,山富,53.9,54.3,53.9,54.3,13519.0
2026-09-25,TPEX,2745,五福,84.9,85.0,84.0,84.6,98389.0
2026-09-25,TPEX,2751,王座,53.5,54.3,53.5,54.3,2001.0
2026-09-25,TPEX,2752,豆府,178.0,178.0,178.0,178.0,1676.0
2026-09-25,TPEX,2754,亞洲藏壽司,68.2,68.5,68.0,68.3,28381.0
2026-09-25,TPEX,2755,揚秦,98.7,98.7,98.1,98.7,14904.0
2026-09-25,TPEX,2756,聯發國際,62.8,64.0,61.8,63.0,25300.0
2026-09-25,TPEX,2916,滿心,40.4,40.65,40.4,40.6,20322.0
2026-09-25,TPEX,2924,宏太-KY,19.0,19.0,19.0,19.0,1017.0
2026-09-25,TPEX,2926,誠品生活,,,,,195.0
2026-09-25,TPEX,2937,集雅社,,,,,0.0
2026-09-25,TPEX,2938,床的世界,18.95,19.0,18.9,18.9,93393.0
2026-09-25,TPEX,2941,米斯特,32.3,32.3,32.3,32.3,1000.0
2026-09-25,TPEX,2947,振宇五金,,,,,146.0
2026-09-25,TPEX,2948,寶陞,36.4,36.9,36.4,36.5,3000.0
2026-09-25,TPEX,2949,欣新網,64.0,64.0,64.0,64.0,5000.0
2026-09-25,TPEX,3064,泰偉,,,,,257.0
2026-09-25,TPEX,3066,李洲,27.25,29.1,27.25,27.4,2127360.0
2026-09-25,TPEX,3067,全域,,,,,689.0
2026-09-25,TPEX,3071,協禧,23.05,23.05,22.8,23.0,165027.0
2026-09-25,TPEX,3073,天方能源,20.25,20.3,20.2,20.3,7331.0
2026-09-25,TPEX,3078,僑威,45.1,45.5,44.95,45.45,258609.0
2026-09-25,TPEX,3081,聯亞,2640.0,2710.0,2595.0,2700.0,1931597.0
2026-09-25,TPEX,3083,網龍,22.8,22.85,22.7,22.85,44063.0
2026-09-25,TPEX,3085,新零售,11.45,11.45,11.1,11.45,5992.0
2026-09-25,TPEX,3086,華義*,28.3,28.45,27.65,28.3,101891.0
2026-09-25,TPEX,3088,艾訊,127.0,129.5,126.5,129.5,451707.0
2026-09-25,TPEX,3093,港建*,44.55,44.8,44.2,44.8,90302.0
2026-09-25,TPEX,3095,及成,34.25,34.45,32.0,34.0,65353.0
2026-09-25,TPEX,3105,穩懋,495.5,506.0,482.0,502.0,21692103.0
2026-09-25,TPEX,3114,好德,31.45,34.25,31.45,34.25,878955.0
2026-09-25,TPEX,3115,富榮綱,7.58,7.99,7.58,7.98,70014.0
2026-09-25,TPEX,3118,進階,31.6,31.6,30.75,30.85,33824.0
2026-09-25,TPEX,3122,笙泉,24.0,24.3,23.75,24.0,14717.0
2026-09-25,TPEX,3128,昇銳,20.5,20.5,20.3,20.35,36384.0
2026-09-25,TPEX,3131,弘塑,2340.0,2410.0,2340.0,2410.0,190861.0
2026-09-25,TPEX,3141,晶宏,86.0,86.0,82.5,83.9,2517753.0
2026-09-25,TPEX,3147,大綜,235.0,249.5,234.0,243.0,1269278.0
2026-09-25,TPEX,3152,璟德,222.5,241.5,220.0,231.5,306279.0
2026-09-25,TPEX,3158,嘉實,85.5,85.7,85.3,85.4,14526.0
2026-09-25,TPEX,3162,精確,74.7,75.0,73.4,73.6,657539.0
2026-09-25,TPEX,3163,波若威,660.0,663.0,645.0,653.0,832032.0
2026-09-25,TPEX,3169,亞信,113.0,121.0,113.0,114.5,1723456.0
2026-09-25,TPEX,3171,炎洲流通,58.9,59.0,58.8,59.0,3130.0
2026-09-25,TPEX,3176,基亞,38.45,38.6,37.0,37.75,604047.0
2026-09-25,TPEX,3178,公準,70.5,73.9,68.2,68.9,645203.0
2026-09-25,TPEX,3188,鑫龍騰,23.5,23.5,23.35,23.5,56065.0
2026-09-25,TPEX,3191,雲嘉南,16.6,16.75,16.5,16.75,13145.0
2026-09-25,TPEX,3205,佰研,46.65,46.95,46.5,46.95,9103.0
2026-09-25,TPEX,3206,志豐,34.95,35.15,34.35,34.6,19757.0
2026-09-25,TPEX,3207,耀勝,37.75,38.15,37.75,37.95,17784.0
2026-09-25,TPEX,3211,順達,383.5,383.5,374.5,378.5,1233533.0
2026-09-25,TPEX,3213,茂訊,124.0,125.0,124.0,124.5,100300.0
2026-09-25,TPEX,3217,優群,129.0,129.5,129.0,129.5,69335.0
2026-09-25,TPEX,3218,大學光,134.0,137.5,132.5,134.5,358874.0
2026-09-25,TPEX,3219,倚強科,107.0,114.5,105.5,114.5,2352161.0
2026-09-25,TPEX,3221,台嘉碩,50.0,50.9,49.05,49.1,3202788.0
2026-09-25,TPEX,3224,三顧,31.9,31.95,31.45,31.9,23033.0
2026-09-25,TPEX,3226,龍鋒,58.2,58.5,57.8,58.5,34118.0
2026-09-25,TPEX,3227,原相,185.0,185.5,183.5,183.5,368165.0
2026-09-25,TPEX,3228,金麗科,167.0,174.0,164.0,174.0,206081.0
2026-09-25,TPEX,3230,錦明,41.05,41.25,40.2,40.2,641044.0
2026-09-25,TPEX,3232,昱捷,21.25,21.3,21.0,21.1,12261.0
2026-09-25,TPEX,3234,光環,163.0,180.0,162.0,178.0,4460678.0
2026-09-25,TPEX,3236,千如,43.2,44.95,43.15,43.85,2024389.0
2026-09-25,TPEX,3252,海灣,15.3,15.3,15.3,15.3,2003.0
2026-09-25,TPEX,3259,鑫創,9.55,9.99,9.54,9.95,35526.0
2026-09-25,TPEX,3260,威剛,381.0,381.0,373.5,378.0,4449380.0
2026-09-25,TPEX,3264,欣銓,250.0,255.0,244.0,246.0,18332220.0
2026-09-25,TPEX,3265,台星科,180.0,184.0,178.5,183.0,1086790.0
2026-09-25,TPEX,3268,海德威,19.6,19.95,19.45,19.95,50241.0
2026-09-25,TPEX,3272,東碩,14.3,14.3,13.9,13.95,10912.0
2026-09-25,TPEX,3276,宇環,13.75,13.9,13.75,13.8,41281.0
2026-09-25,TPEX,3284,太普高,19.7,20.05,19.6,19.75,111611.0
2026-09-25,TPEX,3285,微端,42.4,42.4,41.45,41.45,26477.0
2026-09-25,TPEX,3287,廣寰科,41.35,41.35,40.1,41.05,476119.0
2026-09-25,TPEX,3288,點晶,21.5,22.3,20.2,21.0,97505.0
2026-09-25,TPEX,3289,宜特,137.5,141.0,135.5,140.0,537432.0
2026-09-25,TPEX,3290,東浦,45.75,46.6,45.65,46.25,244536.0
2026-09-25,TPEX,3293,鈊象,734.0,774.0,734.0,761.0,5755067.0
2026-09-25,TPEX,3294,英濟,34.0,36.15,33.0,33.65,7952483.0
2026-09-25,TPEX,3297,杭特,33.9,36.05,33.5,34.35,908767.0
2026-09-25,TPEX,3303,岱稜,48.3,48.4,48.15,48.2,93092.0
2026-09-25,TPEX,3306,鼎天,45.9,45.9,45.6,45.65,24392.0
2026-09-25,TPEX,3310,佳穎,68.5,68.5,67.3,68.3,8022.0
2026-09-25,TPEX,3313,斐成,10.45,10.5,10.4,10.5,36204.0
2026-09-25,TPEX,3317,尼克森,64.1,73.0,64.1,68.3,16229717.0
2026-09-25,TPEX,3322,建舜電,11.05,11.15,10.85,11.1,123934.0
2026-09-25,TPEX,3323,加百裕,27.8,28.0,27.75,27.85,102051.0
2026-09-25,TPEX,3324,雙鴻,1595.0,1750.0,1590.0,1710.0,6451510.0
2026-09-25,TPEX,3325,旭品,11.6,12.2,11.6,11.95,42888.0
2026-09-25,TPEX,3332,幸康,60.2,61.5,59.5,61.5,11050.0
2026-09-25,TPEX,3339,泰谷,47.8,49.8,45.75,47.2,6005138.0
2026-09-25,TPEX,3349,寶德,19.85,19.9,19.0,19.9,48261.0
2026-09-25,TPEX,3354,律勝,28.05,30.15,28.0,30.0,2055597.0
2026-09-25,TPEX,3357,臺慶科,205.5,208.0,203.0,206.0,812200.0
2026-09-25,TPEX,3360,尚立,15.0,15.15,14.95,15.05,128015.0
2026-09-25,TPEX,3362,先進光,170.5,175.5,168.5,173.0,1002942.0
2026-09-25,TPEX,3363,上詮,636.0,654.0,629.0,652.0,1642600.0
2026-09-25,TPEX,3372,典範,15.8,15.85,15.7,15.8,253727.0
2026-09-25,TPEX,3373,熱映,16.1,16.1,16.0,16.0,20251.0
2026-09-25,TPEX,3374,精材,462.5,464.5,442.0,449.0,14758939.0
2026-09-25,TPEX,3379,彬台,27.1,27.55,27.0,27.25,17148.0
2026-09-25,TPEX,3388,崇越電,80.8,82.3,80.6,82.0,254234.0
2026-09-25,TPEX,3390,旭軟,21.95,22.0,21.75,21.85,85302.0
2026-09-25,TPEX,3402,漢科,130.0,130.5,127.5,129.5,183694.0
2026-09-25,TPEX,3430,奇鈦科,106.5,116.0,106.5,112.5,1013638.0
2026-09-25,TPEX,3434,哲固,31.7,32.45,31.6,31.6,117062.0
2026-09-25,TPEX,3438,類比科,61.8,61.8,60.7,61.1,69101.0
2026-09-25,TPEX,3441,聯一光,176.0,181.0,175.0,181.0,598665.0
2026-09-25,TPEX,3444,利機,81.0,81.5,79.8,80.3,74822.0
2026-09-25,TPEX,3455,由田,242.0,265.0,242.0,258.0,3608316.0
2026-09-25,TPEX,3465,進泰電子,29.6,29.65,29.25,29.65,42000.0
2026-09-25,TPEX,3466,德晉,24.1,24.1,23.7,23.9,128307.0
2026-09-25,TPEX,3467,台灣精材,86.1,86.1,81.5,81.5,635626.0
2026-09-25,TPEX,3479,安勤,130.0,136.5,130.0,136.0,1308051.0
2026-09-25,TPEX,3483,力致,75.6,78.1,75.6,77.5,207667.0
2026-09-25,TPEX,3484,崧騰,45.05,46.25,45.05,46.25,71252.0
2026-09-25,TPEX,3485,敘豐,197.0,200.0,194.0,200.0,61877.0
2026-09-25,TPEX,3489,森寶,22.9,22.9,22.6,22.65,63040.0
2026-09-25,TPEX,3490,單井,44.1,46.0,43.75,45.05,2512559.0
2026-09-25,TPEX,3491,昇達科,1545.0,1565.0,1520.0,1555.0,895900.0
2026-09-25,TPEX,3492,長盛,19.0,19.15,19.0,19.15,10153.0
2026-09-25,TPEX,3498,陽程,198.0,215.0,197.0,214.0,3224449.0
2026-09-25,TPEX,3499,環天科,13.3,13.7,13.3,13.7,28313.0
2026-09-25,TPEX,3508,位速,24.95,27.1,24.65,26.2,624893.0
2026-09-25,TPEX,3511,矽瑪,19.2,19.9,19.05,19.4,95906.0
2026-09-25,TPEX,3512,皇龍,19.25,19.25,19.15,19.25,18217.0
2026-09-25,TPEX,3516,亞帝歐,25.0,25.1,25.0,25.1,13247.0
2026-09-25,TPEX,3520,華盈,17.15,17.25,17.05,17.2,48100.0
2026-09-25,TPEX,3521,台鋼建設,11.8,11.9,11.8,11.8,10118.0
2026-09-25,TPEX,3522,御嵿,13.0,13.0,12.65,12.65,105870.0
2026-09-25,TPEX,3523,迎輝,14.9,14.95,14.15,14.95,16674.0
2026-09-25,TPEX,3526,凡甲,270.0,271.5,269.5,270.0,81172.0
2026-09-25,TPEX,3527,聚積,51.7,51.7,50.8,51.0,26787.0
2026-09-25,TPEX,3529,力旺,3250.0,3315.0,3160.0,3230.0,1603757.0
2026-09-25,TPEX,3531,先益,20.9,21.25,20.9,21.25,13380.0
2026-09-25,TPEX,3537,堡達,52.9,53.6,52.8,53.2,135772.0
2026-09-25,TPEX,3540,曜越,22.9,22.9,22.75,22.75,70803.0
2026-09-25,TPEX,3541,西柏,24.35,25.0,24.1,24.5,99390.0
2026-09-25,TPEX,3546,宇峻,73.3,73.6,73.1,73.1,85271.0
2026-09-25,TPEX,3548,兆利,77.9,77.9,76.4,77.1,149639.0
2026-09-25,TPEX,3551,世禾,182.0,183.5,180.0,182.5,394744.0
2026-09-25,TPEX,3552,同致,43.5,46.55,42.75,45.4,3305578.0
2026-09-25,TPEX,3555,博士旺,168.5,169.0,164.0,166.0,71305.0
2026-09-25,TPEX,3556,禾瑞亞,57.0,57.5,56.4,57.5,74032.0
2026-09-25,TPEX,3558,神準,122.0,122.5,120.0,122.0,59939.0
2026-09-25,TPEX,3564,其陽,48.35,50.9,48.25,49.45,335512.0
2026-09-25,TPEX,3567,逸昌,26.05,26.05,25.45,25.6,255146.0
2026-09-25,TPEX,3570,大塚,167.5,168.5,167.0,168.0,9448.0
2026-09-25,TPEX,3577,泓格,114.5,116.5,114.0,114.0,118471.0
2026-09-25,TPEX,3580,友威科,98.7,102.5,98.7,102.0,1017059.0
2026-09-25,TPEX,3581,博磊,102.5,105.5,102.0,104.0,228386.0
2026-09-25,TPEX,3587,閎康,236.0,238.5,234.0,238.5,192174.0
2026-09-25,TPEX,3594,磐儀,46.55,46.9,46.55,46.7,118334.0
2026-09-25,TPEX,3597,映興,28.35,28.35,27.45,27.7,79930.0
2026-09-25,TPEX,3609,三一東林,23.8,23.8,23.05,23.05,42040.0
2026-09-25,TPEX,3611,鼎翰,182.5,183.5,182.5,183.0,10272.0
2026-09-25,TPEX,3615,安可,37.5,39.4,37.5,37.9,853277.0
2026-09-25,TPEX,3623,富晶通,28.0,28.85,27.95,28.3,149485.0
2026-09-25,TPEX,3624,光頡,132.5,144.5,132.0,140.0,49612899.0
2026-09-25,TPEX,3625,西勝,11.35,11.5,11.35,11.5,55549.0
2026-09-25,TPEX,3628,盈正,75.0,75.0,73.4,74.3,49396.0
2026-09-25,TPEX,3629,地心引力,,,,,299.0
2026-09-25,TPEX,3630,新鉅科,27.05,27.5,26.65,27.0,755172.0
2026-09-25,TPEX,3631,晟楠,40.0,40.8,40.0,40.15,97826.0
2026-09-25,TPEX,3632,研勤,7.2,7.2,7.2,7.2,19436.0
2026-09-25,TPEX,3646,艾恩特,24.8,24.85,24.65,24.75,6221.0
2026-09-25,TPEX,3663,鑫科,60.2,62.6,60.2,61.5,339803.0
2026-09-25,TPEX,3664,安瑞-KY,8.88,8.88,8.85,8.86,98098.0
2026-09-25,TPEX,3666,光耀,25.3,25.3,25.2,25.2,9036.0
2026-09-25,TPEX,3672,康聯訊,12.0,12.7,12.0,12.6,178451.0
2026-09-25,TPEX,3675,德微,332.0,335.0,320.5,335.0,3602789.0
2026-09-25,TPEX,3680,家登,531.0,546.0,528.0,542.0,1421473.0
2026-09-25,TPEX,3684,榮昌,53.3,53.3,53.2,53.2,2336.0
2026-09-25,TPEX,3685,元創精密,35.3,35.3,34.0,35.2,263357.0
2026-09-25,TPEX,3687,歐買尬,60.6,60.9,60.1,60.3,48271.0
2026-09-25,TPEX,3689,湧德,109.0,110.5,109.0,110.5,406767.0
2026-09-25,TPEX,3691,碩禾,126.5,130.5,118.5,121.0,5436542.0
2026-09-25,TPEX,3693,營邦,732.0,748.0,713.0,729.0,1968071.0
2026-09-25,TPEX,3707,漢磊,69.3,74.4,68.9,72.8,33614938.0
2026-09-25,TPEX,3709,鑫聯大投控,63.3,63.5,62.9,63.1,102141.0
2026-09-25,TPEX,3710,連展投控,7.73,7.83,7.6,7.82,159888.0
2026-09-25,TPEX,3713,新晶投控,13.85,14.0,13.85,14.0,3003.0
2026-09-25,TPEX,3718,中光電投控,64.3,65.1,64.0,65.1,1122465.0
2026-09-25,TPEX,4102,永日,18.4,18.65,18.4,18.5,51982.0
2026-09-25,TPEX,4105,東洋,78.3,78.4,78.2,78.3,203251.0
2026-09-25,TPEX,4107,邦特,110.5,110.5,110.0,110.0,33966.0
2026-09-25,TPEX,4109,加捷生醫,10.95,11.25,10.9,11.05,169390.0
2026-09-25,TPEX,4111,濟生,28.8,28.8,28.7,28.7,4548.0
2026-09-25,TPEX,4113,聯上,15.6,15.75,15.3,15.55,745503.0
2026-09-25,TPEX,4114,健喬,29.75,29.75,29.4,29.4,420590.0
2026-09-25,TPEX,4116,明基醫,39.35,39.35,39.3,39.3,10234.0
2026-09-25,TPEX,4120,友華,46.0,46.0,46.0,46.0,2080.0
2026-09-25,TPEX,4121,優盛,12.85,12.85,12.75,12.8,12515.0
2026-09-25,TPEX,4123,晟德,31.2,31.45,30.75,30.95,1177578.0
2026-09-25,TPEX,4126,太醫,77.8,78.0,77.7,77.8,12946.0
2026-09-25,TPEX,4127,天良,49.6,50.0,48.0,48.7,518784.0
2026-09-25,TPEX,4128,中天,14.95,14.95,14.65,14.85,681912.0
2026-09-25,TPEX,4129,聯合,82.2,82.8,82.1,82.3,55391.0
2026-09-25,TPEX,4131,浩泰,32.0,32.0,30.3,32.0,23021.0
2026-09-25,TPEX,4138,曜亞,55.8,56.9,55.8,56.3,60617.0
2026-09-25,TPEX,4139,馬光-KY,41.95,41.95,40.8,41.55,37017.0
2026-09-25,TPEX,4147,中裕,64.6,65.5,62.1,62.1,1620344.0
2026-09-25,TPEX,4153,鈺緯,31.55,31.6,31.15,31.6,19845.0
2026-09-25,TPEX,4154,樂威科-KY,11.85,11.85,11.8,11.85,14001.0
2026-09-25,TPEX,4157,太景*-KY,8.99,8.99,8.8,8.85,393547.0
2026-09-25,TPEX,4160,訊聯基因,39.65,39.75,39.25,39.45,20751.0
2026-09-25,TPEX,4161,聿新科,22.2,22.25,22.2,22.25,11000.0
2026-09-25,TPEX,4162,智擎,55.7,55.8,55.4,55.5,130195.0
2026-09-25,TPEX,4163,鐿鈦,136.0,136.0,133.0,134.0,14425.0
2026-09-25,TPEX,4166,友霖,24.2,24.2,23.85,24.0,66000.0
2026-09-25,TPEX,4167,松瑞藥,19.7,19.7,19.3,19.4,604041.0
2026-09-25,TPEX,4168,醣聯,21.3,22.15,21.3,21.95,103176.0
2026-09-25,TPEX,4171,瑞基,16.5,16.5,16.2,16.25,11067.0
2026-09-25,TPEX,4173,久裕,17.1,17.2,17.0,17.1,29326.0
2026-09-25,TPEX,4174,浩鼎,33.0,34.15,32.05,32.45,3332269.0
2026-09-25,TPEX,4175,杏一,51.5,51.5,51.0,51.0,4426.0
2026-09-25,TPEX,4183,福永生技,13.3,13.3,13.3,13.3,14000.0
2026-09-25,TPEX,4188,安克,14.75,14.8,14.15,14.2,464615.0
2026-09-25,TPEX,4192,杏國,,,,,2.0
2026-09-25,TPEX,4198,欣大健康,51.1,52.5,48.6,49.8,8301.0
2026-09-25,TPEX,4205,中華食,68.9,68.9,68.5,68.5,15735.0
2026-09-25,TPEX,4207,環泰,19.45,19.65,19.4,19.55,109147.0
2026-09-25,TPEX,4303,信立,34.25,34.45,33.65,34.05,1207046.0
2026-09-25,TPEX,4304,勝昱,18.0,18.5,17.25,18.0,81751.0
2026-09-25,TPEX,4305,世坤,42.1,42.1,41.95,41.95,14018.0
2026-09-25,TPEX,4401,東隆興,13.9,13.9,13.65,13.65,93551.0
2026-09-25,TPEX,4402,郡都開發,13.5,14.15,13.5,14.1,16007.0
2026-09-25,TPEX,4406,新昕纖,10.15,10.25,10.15,10.25,11000.0
2026-09-25,TPEX,4413,飛寶企業,21.35,21.4,20.8,21.15,49207.0
2026-09-25,TPEX,4416,三圓,14.0,14.1,13.4,13.7,1322583.0
2026-09-25,TPEX,4417,金洲,49.55,49.95,49.45,49.8,25065.0
2026-09-25,TPEX,4419,皇家美食,47.75,47.75,46.2,47.0,11624.0
2026-09-25,TPEX,4420,光明,36.0,36.0,35.55,35.8,28150.0
2026-09-25,TPEX,4430,耀億,17.45,17.45,17.3,17.3,18434.0
2026-09-25,TPEX,4432,銘旺實,15.55,15.55,15.3,15.5,20001.0
2026-09-25,TPEX,4433,興采,18.3,18.35,18.0,18.3,27504.0
2026-09-25,TPEX,4442,竣邦-KY,53.9,54.2,53.6,54.0,10218.0
2026-09-25,TPEX,4502,健信,15.55,15.7,15.55,15.7,9000.0
2026-09-25,TPEX,4503,金雨,24.1,24.8,24.0,24.1,150949.0
2026-09-25,TPEX,4506,崇友,119.0,119.5,118.0,118.5,71958.0
2026-09-25,TPEX,4510,高鋒,43.8,43.95,43.0,43.1,385220.0
2026-09-25,TPEX,4513,福裕,16.45,16.7,16.3,16.45,105238.0
2026-09-25,TPEX,4523,永彰,23.55,23.6,23.4,23.6,14113.0
2026-09-25,TPEX,4527,方土霖,41.0,41.0,40.75,40.85,7020.0
2026-09-25,TPEX,4528,江興鍛,14.9,15.0,14.9,14.95,14599.0
2026-09-25,TPEX,4529,淳紳,3.28,3.3,3.28,3.3,8031.0
2026-09-25,TPEX,4530,天意能創,24.1,24.1,24.1,24.1,1120.0
2026-09-25,TPEX,4533,協易機,25.0,25.15,24.55,25.15,590377.0
2026-09-25,TPEX,4534,慶騰,31.6,32.4,30.45,31.6,485868.0
2026-09-25,TPEX,4535,至興,26.65,26.8,26.65,26.8,12452.0
2026-09-25,TPEX,4538,大詠城,17.35,17.5,17.3,17.5,13000.0
2026-09-25,TPEX,4541,晟田,59.2,59.3,58.7,59.3,362524.0
2026-09-25,TPEX,4542,科嶠,323.5,357.0,320.5,328.0,2606774.0
2026-09-25,TPEX,4543,萬在,28.5,28.5,28.1,28.45,31633.0
2026-09-25,TPEX,4549,桓達,96.8,98.4,96.0,97.1,45894.0
2026-09-25,TPEX,4550,長佳,24.15,24.15,24.0,24.0,2050.0
2026-09-25,TPEX,4554,橙的,28.25,28.35,28.05,28.25,6561.0
2026-09-25,TPEX,4556,旭然,95.4,96.9,90.6,92.1,1513463.0
2026-09-25,TPEX,4558,寶緯,17.3,17.5,17.1,17.1,23000.0
2026-09-25,TPEX,4561,健椿,42.0,42.3,41.15,42.3,73012.0
2026-09-25,TPEX,4563,百德,48.75,51.5,48.75,51.2,290590.0
2026-09-25,TPEX,4568,科際精密,40.45,40.45,39.2,39.2,3000.0
2026-09-25,TPEX,4577,達航科技,84.2,84.7,83.7,83.8,131045.0
2026-09-25,TPEX,4580,捷流閥業,80.8,81.6,80.8,80.8,125384.0
2026-09-25,TPEX,4584,君帆,36.35,37.05,36.35,37.0,5792.0
2026-09-25,TPEX,4609,唐鋒,,,,,0.0
2026-09-25,TPEX,4702,中美實,9.63,9.63,9.23,9.34,56691.0
2026-09-25,TPEX,4706,大恭,33.6,34.0,33.6,34.0,4167.0
2026-09-25,TPEX,4707,磐亞,29.2,31.0,29.1,30.0,3480533.0
2026-09-25,TPEX,4711,永純,16.3,16.35,16.3,16.35,22569.0
2026-09-25,TPEX,4714,永捷,12.05,12.05,11.85,11.9,750967.0
2026-09-25,TPEX,4716,大立,17.05,17.05,16.8,17.05,527575.0
2026-09-25,TPEX,4721,美琪瑪,75.3,77.6,75.3,77.4,683130.0
2026-09-25,TPEX,4726,永昕,22.4,22.45,22.15,22.35,124075.0
2026-09-25,TPEX,4728,雙美,399.0,399.0,391.5,395.0,43016.0
2026-09-25,TPEX,4729,熒茂,18.75,18.85,18.7,18.8,34633.0
2026-09-25,TPEX,4735,豪展,36.0,36.0,35.8,35.8,17246.0
2026-09-25,TPEX,4741,泓瀚,37.55,38.2,37.45,37.8,37866.0
2026-09-25,TPEX,4743,合一,45.0,45.05,44.3,44.75,627284.0
2026-09-25,TPEX,4744,皇將,27.95,28.05,27.5,28.05,50162.0
2026-09-25,TPEX,4745,合富-KY,11.8,11.95,11.8,11.95,6122.0
2026-09-25,TPEX,4747,強生*,23.75,23.8,23.5,23.8,37498.0
2026-09-25,TPEX,4749,新應材,725.0,728.0,717.0,728.0,459156.0
2026-09-25,TPEX,4754,國碳科,37.45,37.8,37.35,37.8,13752.0
2026-09-25,TPEX,4760,勤凱,265.0,271.0,265.0,268.5,295080.0
2026-09-25,TPEX,4767,誠泰科技,27.8,27.8,27.45,27.8,7131.0
2026-09-25,TPEX,4768,晶呈科技,325.0,328.0,315.0,325.0,628188.0
2026-09-25,TPEX,4772,台特化,246.5,249.0,245.5,248.5,376099.0
2026-09-25,TPEX,4903,聯光通,41.95,43.9,41.85,43.0,5380911.0
2026-09-25,TPEX,4905,台聯電,77.2,78.2,75.6,77.6,16103.0
2026-09-25,TPEX,4907,富宇,44.7,45.75,44.7,45.25,28864.0
2026-09-25,TPEX,4908,前鼎,209.0,213.0,205.0,210.0,2648495.0
2026-09-25,TPEX,4909,新復興,34.5,34.5,34.3,34.35,95962.0
2026-09-25,TPEX,4911,德英,28.9,28.9,28.85,28.85,2649.0
2026-09-25,TPEX,4923,力士,66.7,67.4,63.3,64.0,3081001.0
2026-09-25,TPEX,4924,欣厚-KY,16.45,17.4,16.1,16.1,539449.0
2026-09-25,TPEX,4931,新盛力,239.5,241.5,235.5,241.5,1313994.0
2026-09-25,TPEX,4933,友輝,53.3,53.4,52.7,53.3,31810.0
2026-09-25,TPEX,4939,亞電,74.7,75.9,71.3,73.7,4215037.0
2026-09-25,TPEX,4946,辣椒,98.5,99.5,97.2,98.0,27434.0
2026-09-25,TPEX,4950,金耘國際,15.75,15.75,15.75,15.75,1072.0
2026-09-25,TPEX,4951,精拓科,92.8,93.0,88.2,88.2,701119.0
2026-09-25,TPEX,4953,緯致,117.0,117.5,116.5,117.5,133147.0
2026-09-25,TPEX,4966,譜瑞-KY,565.0,575.0,561.0,572.0,451910.0
2026-09-25,TPEX,4971,IET-KY,551.0,554.0,536.0,552.0,708802.0
2026-09-25,TPEX,4972,湯石照明,16.2,16.35,16.2,16.35,11728.0
2026-09-25,TPEX,4973,廣穎,134.0,135.0,132.5,134.0,495398.0
2026-09-25,TPEX,4974,亞泰,70.3,70.7,70.3,70.5,52629.0
2026-09-25,TPEX,4979,華星光,581.0,590.0,559.0,563.0,8886625.0
2026-09-25,TPEX,4991,環宇-KY,447.5,464.0,436.0,463.5,3154143.0
2026-09-25,TPEX,4995,晶達,49.7,49.8,49.65,49.8,7445.0
2026-09-25,TPEX,5009,榮剛,32.1,32.1,31.8,32.0,713899.0
2026-09-25,TPEX,5011,久陽,18.25,18.3,18.15,18.3,142127.0
2026-09-25,TPEX,5013,強新,32.3,32.5,31.8,32.05,61857.0
2026-09-25,TPEX,5014,建錩,9.88,9.98,9.88,9.91,50550.0
2026-09-25,TPEX,5015,華祺,21.5,21.5,21.35,21.5,10006.0
2026-09-25,TPEX,5016,松和,24.8,24.8,24.65,24.65,3052.0
2026-09-25,TPEX,5201,凱衛,29.9,29.9,28.8,29.3,24304.0
2026-09-25,TPEX,5202,力新,14.4,15.4,14.4,14.6,1354250.0
2026-09-25,TPEX,5205,中茂,16.6,17.3,16.5,17.3,6101.0
2026-09-25,TPEX,5206,坤悅,22.8,22.9,22.75,22.85,60874.0
2026-09-25,TPEX,5209,新鼎,167.0,168.0,166.5,166.5,77983.0
2026-09-25,TPEX,5210,寶碩,29.8,30.35,29.8,29.95,151675.0
2026-09-25,TPEX,5211,蒙恬,20.5,20.5,20.1,20.1,7333.0
2026-09-25,TPEX,5212,凌網,48.0,48.0,48.0,48.0,8101.0
2026-09-25,TPEX,5213,亞昕,20.9,20.95,20.65,20.8,137141.0
2026-09-25,TPEX,5220,萬達光電,20.15,20.15,19.9,20.0,41031.0
2026-09-25,TPEX,5223,安力-KY,22.8,22.8,22.65,22.65,6002.0
2026-09-25,TPEX,5227,立凱-KY,30.2,30.55,30.0,30.1,183837.0
2026-09-25,TPEX,5228,鈺鎧,39.9,40.0,39.25,39.75,87645.0
2026-09-25,TPEX,5230,雷笛克光學,22.4,23.5,22.0,23.3,2253641.0
2026-09-25,TPEX,5245,智晶,20.85,21.35,20.55,21.0,155046.0
2026-09-25,TPEX,5251,天鉞電,30.5,31.9,30.5,30.55,245493.0
2026-09-25,TPEX,5263,智崴,90.1,91.0,89.2,90.1,140219.0
2026-09-25,TPEX,5272,笙科,17.15,17.2,17.05,17.2,30262.0
2026-09-25,TPEX,5274,信驊,20485.0,20505.0,19705.0,19835.0,194578.0
2026-09-25,TPEX,5276,達輝-KY,18.45,18.45,18.45,18.45,2000.0
2026-09-25,TPEX,5278,尚凡*,24.35,24.4,23.5,23.5,59408.0
2026-09-25,TPEX,5287,數字,136.5,137.5,136.5,137.0,33769.0
2026-09-25,TPEX,5289,宜鼎,1300.0,1310.0,1270.0,1305.0,978970.0
2026-09-25,TPEX,5291,邑昇,57.3,57.8,56.7,57.3,357193.0
2026-09-25,TPEX,5299,杰力,99.8,102.5,99.5,101.5,325735.0
2026-09-25,TPEX,5301,寶得利,4.86,4.99,4.7,4.96,88691.0
2026-09-25,TPEX,5302,太欣,9.73,9.85,9.73,9.8,47101.0
2026-09-25,TPEX,5309,系統電,51.5,54.3,51.3,53.8,1826140.0
2026-09-25,TPEX,5310,天剛,25.6,27.95,25.6,27.95,299295.0
2026-09-25,TPEX,5312,寶島科,89.7,90.5,89.7,90.5,7288.0
2026-09-25,TPEX,5314,世紀*,26.1,26.85,25.45,26.4,8077415.0
2026-09-25,TPEX,5315,光聯,18.9,19.0,18.85,18.85,66837.0
2026-09-25,TPEX,5321,美而快,72.9,72.9,69.6,69.7,165956.0
2026-09-25,TPEX,5324,士開,12.5,12.5,12.4,12.45,33205.0
2026-09-25,TPEX,5328,華容,52.2,53.3,51.8,52.5,2496890.0
2026-09-25,TPEX,5340,建榮,81.0,82.0,81.0,81.3,762140.0
2026-09-25,TPEX,5344,立衛,13.75,14.0,13.3,13.6,106391.0
2026-09-25,TPEX,5345,馥鴻,,,,,1.0
2026-09-25,TPEX,5347,世界,172.5,173.5,168.0,170.5,11452074.0
2026-09-25,TPEX,5348,正能量智能,15.8,16.45,15.65,16.25,6030.0
2026-09-25,TPEX,5351,鈺創,107.5,109.0,105.0,108.0,7045887.0
2026-09-25,TPEX,5353,台林,28.25,28.25,28.1,28.15,17287.0
2026-09-25,TPEX,5355,佳總,6.71,6.8,6.7,6.8,48649.0
2026-09-25,TPEX,5356,協益,25.85,25.85,25.7,25.85,41404.0
2026-09-25,TPEX,5364,力麗店,8.26,8.33,8.26,8.33,17003.0
2026-09-25,TPEX,5381,光譜,23.6,23.6,23.2,23.25,244165.0
2026-09-25,TPEX,5386,青雲,282.0,286.0,277.0,285.0,485969.0
2026-09-25,TPEX,5392,能率,39.7,39.75,39.25,39.35,489675.0
2026-09-25,TPEX,5398,慕康生醫,13.95,13.95,13.9,13.9,8119.0
2026-09-25,TPEX,5403,中菲,93.2,93.2,93.0,93.0,14207.0
2026-09-25,TPEX,5410,國眾,32.65,33.05,32.6,33.0,103405.0
2026-09-25,TPEX,5425,台半,95.3,96.8,94.2,94.5,10095120.0
2026-09-25,TPEX,5426,振發,28.0,28.1,27.8,27.9,224880.0
2026-09-25,TPEX,5432,新門,163.5,169.0,163.0,167.5,377939.0
2026-09-25,TPEX,5438,東友,17.0,17.1,16.9,17.1,35923.0
2026-09-25,TPEX,5439,高技,253.5,256.0,250.5,253.0,768174.0
2026-09-25,TPEX,5443,均豪,105.5,107.5,104.5,107.0,900906.0
2026-09-25,TPEX,5450,南良,14.55,14.9,14.55,14.85,54729.0
2026-09-25,TPEX,5452,佶優,27.9,27.9,27.5,27.5,221213.0
2026-09-25,TPEX,5455,昇益,30.55,30.55,30.55,30.55,1001.0
2026-09-25,TPEX,5457,宣德,24.3,24.35,23.75,23.85,419922.0
2026-09-25,TPEX,5460,同協,16.9,16.9,16.65,16.85,48205.0
2026-09-25,TPEX,5464,霖宏,91.8,92.3,88.5,88.9,377266.0
2026-09-25,TPEX,5465,富驊,31.55,34.2,31.05,34.2,2104253.0
2026-09-25,TPEX,5468,凱鈺,24.5,24.6,24.4,24.55,95283.0
2026-09-25,TPEX,5474,聰泰,163.0,163.0,160.0,161.0,126408.0
2026-09-25,TPEX,5475,德宏,175.5,183.0,175.0,181.0,2840993.0
2026-09-25,TPEX,5478,智冠,96.9,97.4,96.9,97.0,25812.0
2026-09-25,TPEX,5481,新華,22.15,22.3,21.9,21.9,139586.0
2026-09-25,TPEX,5483,中美晶,184.0,188.5,181.5,188.5,18651980.0
2026-09-25,TPEX,5487,通泰,28.9,29.3,28.4,28.85,80713.0
2026-09-25,TPEX,5488,松普,11.95,11.95,11.75,11.85,96591.0
2026-09-25,TPEX,5489,彩富,42.5,44.8,42.2,44.0,109205.0
2026-09-25,TPEX,5490,同亨,25.4,25.55,25.3,25.45,143845.0
2026-09-25,TPEX,5493,三聯,92.6,93.9,91.5,92.8,360830.0
2026-09-25,TPEX,5498,凱崴,50.2,50.5,49.6,50.1,652022.0
2026-09-25,TPEX,5508,永信建,53.4,53.4,52.8,53.2,196448.0
2026-09-25,TPEX,5511,德昌,69.5,70.1,69.3,70.1,116436.0
2026-09-25,TPEX,5512,力麒,7.69,7.72,7.66,7.71,169895.0
2026-09-25,TPEX,5514,三豐,14.9,14.9,14.9,14.9,3003.0
2026-09-25,TPEX,5516,雙喜,12.35,12.35,12.35,12.35,1061.0
2026-09-25,TPEX,5520,力泰,83.2,83.2,83.2,83.2,1258.0
2026-09-25,TPEX,5523,豐謙,30.3,30.35,30.3,30.35,3025.0
2026-09-25,TPEX,5529,鉅陞,26.05,26.3,26.0,26.25,62843.0
2026-09-25,TPEX,5530,龍巖,49.15,49.15,48.75,48.85,77644.0
2026-09-25,TPEX,5536,聖暉*,890.0,905.0,881.0,902.0,749962.0
2026-09-25,TPEX,5543,桓鼎-KY,28.0,28.0,27.0,27.0,2062.0
2026-09-25,TPEX,5547,久舜,20.05,20.05,19.9,19.9,19647.0
2026-09-25,TPEX,5548,安倉,20.35,20.35,20.2,20.2,17304.0
2026-09-25,TPEX,5601,台聯櫃,29.0,29.0,29.0,29.0,5167.0
2026-09-25,TPEX,5603,陸海,13.45,13.55,13.45,13.55,37597.0
2026-09-25,TPEX,5604,中連,31.25,31.25,31.0,31.2,10678.0
2026-09-25,TPEX,5609,中菲行,78.6,78.7,78.5,78.6,35932.0
2026-09-25,TPEX,5701,劍湖山,4.01,4.15,4.0,4.15,206337.0
2026-09-25,TPEX,5703,亞都,,,,,0.0
2026-09-25,TPEX,5704,老爺知,22.9,22.9,22.6,22.6,7168.0
2026-09-25,TPEX,5864,致和證,36.6,36.8,36.4,36.8,1952590.0
2026-09-25,TPEX,5878,台名,38.1,38.1,38.1,38.1,2222.0
2026-09-25,TPEX,5902,德記,34.65,34.65,33.8,34.25,81017.0
2026-09-25,TPEX,5903,全家,185.0,187.0,185.0,187.0,45042.0
2026-09-25,TPEX,5904,寶雅*,70.8,70.8,69.3,69.3,7726911.0
2026-09-25,TPEX,5905,南仁湖,7.26,7.26,7.23,7.26,233888.0
2026-09-25,TPEX,6015,宏遠證,17.8,17.85,17.55,17.6,1972646.0
2026-09-25,TPEX,6016,康和證,23.65,23.85,23.55,23.6,3119672.0
2026-09-25,TPEX,6020,大展證,20.6,20.6,20.35,20.5,11031.0
2026-09-25,TPEX,6021,美好證,42.3,42.35,41.4,41.8,183477.0
2026-09-25,TPEX,6023,元大期,87.6,87.9,86.0,86.4,1182166.0
2026-09-25,TPEX,6026,福邦證,15.95,16.0,15.8,15.85,649605.0
2026-09-25,TPEX,6028,公勝保經,99.8,99.8,97.9,99.2,29819.0
2026-09-25,TPEX,6101,寬魚國際,38.35,38.4,37.7,37.95,61470.0
2026-09-25,TPEX,6103,合邦,40.9,40.9,40.9,40.9,58086.0
2026-09-25,TPEX,6104,創惟,90.4,90.4,89.5,90.0,326792.0
2026-09-25,TPEX,6109,亞元,10.55,10.55,10.4,10.45,36016.0
2026-09-25,TPEX,6111,光聚晶電,36.05,37.05,36.0,37.05,179206.0
2026-09-25,TPEX,6113,亞矽,22.4,22.4,22.2,22.2,21216.0
2026-09-25,TPEX,6114,久威,23.35,23.35,23.2,23.3,12005.0
2026-09-25,TPEX,6118,建達,16.5,16.5,15.75,16.0,1254156.0
2026-09-25,TPEX,6121,新普,376.5,378.0,373.5,376.0,168653.0
2026-09-25,TPEX,6122,擎邦,54.2,58.5,53.6,58.2,2734459.0
2026-09-25,TPEX,6123,上奇,42.8,43.55,42.8,42.85,34501.0
2026-09-25,TPEX,6124,業強,27.1,27.45,26.95,27.45,17569.0
2026-09-25,TPEX,6125,廣運,48.6,48.6,48.15,48.6,296372.0
2026-09-25,TPEX,6126,信音,30.6,31.0,30.55,30.7,267024.0
2026-09-25,TPEX,6127,九豪,47.55,48.9,47.4,47.8,1327857.0
2026-09-25,TPEX,6129,普誠,14.8,15.0,14.65,14.75,296866.0
2026-09-25,TPEX,6130,上亞科技,23.5,24.1,23.4,23.4,61005.0
2026-09-25,TPEX,6134,萬旭,28.9,29.3,28.8,29.2,86586.0
2026-09-25,TPEX,6138,茂達,274.5,279.0,273.5,279.0,249152.0
2026-09-25,TPEX,6140,訊達,20.8,22.5,20.8,21.2,565188.0
2026-09-25,TPEX,6143,振曜,81.3,82.2,80.8,81.5,139091.0
2026-09-25,TPEX,6144,得利影,12.35,12.6,12.35,12.55,5504.0
2026-09-25,TPEX,6146,耕興,180.0,181.0,178.5,181.0,178359.0
2026-09-25,TPEX,6147,頎邦,214.5,215.0,210.5,213.5,15345866.0
2026-09-25,TPEX,6148,驊宏資,38.6,41.05,38.6,39.2,6818895.0
2026-09-25,TPEX,6150,撼訊,60.9,61.4,60.9,60.9,70052.0
2026-09-25,TPEX,6151,晉倫,34.5,35.0,34.45,35.0,78049.0
2026-09-25,TPEX,6154,順發,14.0,14.3,14.0,14.2,43395.0
2026-09-25,TPEX,6156,松上,20.8,21.0,20.65,21.0,199295.0
2026-09-25,TPEX,6158,禾昌,17.2,17.35,17.1,17.35,27025.0
2026-09-25,TPEX,6160,欣技,14.15,14.15,13.8,13.9,63263.0
2026-09-25,TPEX,6161,捷波,49.05,49.65,49.0,49.15,44912.0
2026-09-25,TPEX,6163,華電網,41.3,42.0,40.7,41.4,761606.0
2026-09-25,TPEX,6167,久正,10.2,10.45,10.2,10.35,231791.0
2026-09-25,TPEX,6169,昱泉,12.1,12.3,12.1,12.1,7133.0
2026-09-25,TPEX,6170,統振,47.75,48.4,47.75,48.4,107892.0
2026-09-25,TPEX,6171,大城地產,26.2,26.45,26.15,26.4,35141.0
2026-09-25,TPEX,6173,信昌電,303.0,314.0,300.5,306.5,11579816.0
2026-09-25,TPEX,6174,安碁,44.25,45.55,43.7,44.95,534056.0
2026-09-25,TPEX,6175,立敦,69.5,70.3,69.2,69.7,329471.0
2026-09-25,TPEX,6179,亞通,35.1,36.65,35.1,36.6,6041462.0
2026-09-25,TPEX,6180,橘子,40.6,41.05,40.55,40.6,134532.0
2026-09-25,TPEX,6182,合晶,116.0,123.0,114.5,120.5,93222713.0
2026-09-25,TPEX,6185,幃翔,12.6,12.65,12.35,12.45,124057.0
2026-09-25,TPEX,6186,新潤,29.2,29.25,28.85,29.0,587305.0
2026-09-25,TPEX,6187,萬潤,1210.0,1210.0,1180.0,1195.0,1100011.0
2026-09-25,TPEX,6188,廣明,61.9,62.4,61.5,62.0,317836.0
2026-09-25,TPEX,6190,萬泰科,68.5,69.4,68.5,68.6,1030192.0
2026-09-25,TPEX,6194,育富,30.5,30.55,30.45,30.55,60001.0
2026-09-25,TPEX,6195,詩肯,28.05,28.15,28.0,28.1,14263.0
2026-09-25,TPEX,6198,瑞築,19.4,19.4,19.4,19.4,3001.0
2026-09-25,TPEX,6199,天品,122.0,125.0,118.5,124.0,5880560.0
2026-09-25,TPEX,6203,海韻電,59.9,59.9,59.6,59.6,22678.0
2026-09-25,TPEX,6204,艾華,98.0,107.5,97.8,107.5,548771.0
2026-09-25,TPEX,6207,雷科,115.5,125.0,115.5,125.0,12093033.0
2026-09-25,TPEX,6208,日揚,74.4,74.9,74.2,74.3,57834.0
2026-09-25,TPEX,6210,慶生,18.0,18.0,17.7,17.8,21155.0
2026-09-25,TPEX,6212,理銘,32.1,32.1,32.1,32.1,1633.0
2026-09-25,TPEX,6217,中探針,167.5,171.0,165.5,170.0,1450750.0
2026-09-25,TPEX,6218,豪勉,61.5,63.7,61.5,63.6,1930091.0
2026-09-25,TPEX,6219,富旺,12.05,12.15,12.0,12.05,22005.0
2026-09-25,TPEX,6220,岳豐,25.5,25.5,25.05,25.25,48515.0
2026-09-25,TPEX,6221,晉泰,31.9,32.8,31.9,32.2,839747.0
2026-09-25,TPEX,6222,立軒,18.6,18.8,18.4,18.4,6001.0
2026-09-25,TPEX,6223,旺矽,5555.0,5625.0,5370.0,5415.0,585343.0
2026-09-25,TPEX,6227,茂綸,132.5,139.0,132.5,135.5,892035.0
2026-09-25,TPEX,6228,全譜,18.7,18.7,18.7,18.7,19992.0
2026-09-25,TPEX,6229,研通,23.75,23.75,23.4,23.7,69104.0
2026-09-25,TPEX,6231,系微,229.0,237.5,223.0,235.0,632545.0
2026-09-25,TPEX,6233,旺玖,21.95,21.95,21.3,21.35,78298.0
2026-09-25,TPEX,6234,高僑,38.9,38.9,37.6,37.85,645567.0
2026-09-25,TPEX,6236,中湛,17.85,17.85,17.85,17.85,1000.0
2026-09-25,TPEX,6237,驊訊,38.95,38.95,36.2,37.0,2457994.0
2026-09-25,TPEX,6240,松崗,24.55,26.7,24.55,26.2,66263.0
2026-09-25,TPEX,6241,鑫永洋,15.0,15.55,15.0,15.45,87364.0
2026-09-25,TPEX,6242,立康,34.0,34.1,34.0,34.1,5531.0
2026-09-25,TPEX,6244,茂迪,24.2,24.6,23.5,23.55,3851837.0
2026-09-25,TPEX,6245,立端,85.4,85.9,84.3,85.7,491026.0
2026-09-25,TPEX,6246,臺龍,12.55,12.95,12.55,12.8,7570.0
2026-09-25,TPEX,6248,沛波,16.7,16.85,16.7,16.8,35730.0
2026-09-25,TPEX,6259,百徽,28.95,29.35,28.95,29.15,49779.0
2026-09-25,TPEX,6261,久元,78.3,78.7,77.0,78.3,391696.0
2026-09-25,TPEX,6263,普萊德,157.0,157.5,155.0,157.0,44641.0
2026-09-25,TPEX,6264,富裔,6.03,6.03,5.98,6.01,41009.0
2026-09-25,TPEX,6265,方土昶,47.1,48.5,46.8,48.45,975536.0
2026-09-25,TPEX,6266,泰詠,24.85,24.95,24.8,24.9,71480.0
2026-09-25,TPEX,6270,倍微,29.2,29.9,29.2,29.7,168188.0
2026-09-25,TPEX,6274,台燿,1485.0,1530.0,1475.0,1495.0,10538467.0
2026-09-25,TPEX,6275,元山,45.8,46.0,45.65,45.9,76210.0
2026-09-25,TPEX,6276,安鈦克,19.55,19.7,18.8,19.65,28325.0
2026-09-25,TPEX,6279,胡連,111.0,112.5,111.0,112.5,216051.0
2026-09-25,TPEX,6284,佳邦,74.9,75.2,74.0,74.3,389192.0
2026-09-25,TPEX,6290,良維,270.0,280.5,270.0,274.0,2007400.0
2026-09-25,TPEX,6291,沛亨,486.5,497.0,478.5,484.0,810599.0
2026-09-25,TPEX,6292,迅德,65.7,67.2,65.0,67.0,169940.0
2026-09-25,TPEX,6294,智基,28.5,29.4,28.5,28.5,10660.0
2026-09-25,TPEX,6411,晶焱,78.0,78.2,77.8,78.1,66504.0
2026-09-25,TPEX,6417,韋僑,102.5,102.5,100.0,102.0,129258.0
2026-09-25,TPEX,6418,詠昇,34.5,34.85,34.5,34.55,21064.0
2026-09-25,TPEX,6419,京晨科,149.5,149.5,148.5,149.0,33277.0
2026-09-25,TPEX,6423,億而得,86.9,87.0,86.0,86.8,30202.0
2026-09-25,TPEX,6425,易發,72.5,72.5,70.8,71.1,604251.0
2026-09-25,TPEX,6432,今展科,60.6,60.6,59.5,60.4,318631.0
2026-09-25,TPEX,6435,大中,249.0,253.5,246.5,253.5,320061.0
2026-09-25,TPEX,6441,廣錠,24.05,25.75,24.05,24.9,302945.0
2026-09-25,TPEX,6461,益得,24.0,24.0,23.4,23.8,37820.0
2026-09-25,TPEX,6462,神盾,99.8,99.8,98.5,99.7,213383.0
2026-09-25,TPEX,6465,威潤,41.7,42.0,41.5,41.65,75791.0
2026-09-25,TPEX,6469,大樹,64.8,64.9,64.1,64.2,276932.0
2026-09-25,TPEX,6470,宇智,42.4,43.0,42.35,43.0,11243.0
2026-09-25,TPEX,6474,華豫寧,35.45,35.55,35.3,35.55,24198.0
2026-09-25,TPEX,6482,弘煜科,23.5,23.65,22.9,23.35,51913.0
2026-09-25,TPEX,6485,點序,68.8,71.3,67.0,70.1,486821.0
2026-09-25,TPEX,6486,互動,81.0,81.1,80.5,80.6,35564.0
2026-09-25,TPEX,6488,環球晶,944.0,960.0,930.0,948.0,9680905.0
2026-09-25,TPEX,6492,生華科,34.4,34.4,33.8,34.2,124490.0
2026-09-25,TPEX,6494,九齊,51.4,51.9,50.2,51.3,64457.0
2026-09-25,TPEX,6496,科懋,24.0,24.05,23.1,23.5,20905.0
2026-09-25,TPEX,6498,久禾光,66.6,67.2,66.4,66.8,69276.0
2026-09-25,TPEX,6499,益安,73.8,73.8,72.6,73.1,136985.0
2026-09-25,TPEX,6506,雙邦,18.2,18.9,18.2,18.6,130522.0
2026-09-25,TPEX,6508,惠光,27.45,27.8,27.35,27.35,39635.0
2026-09-25,TPEX,6509,聚和,47.05,47.65,46.8,47.55,490743.0
2026-09-25,TPEX,6510,精測,3460.0,3460.0,3280.0,3310.0,1064546.0
2026-09-25,TPEX,6512,啟發電,20.2,20.25,20.15,20.25,8071.0
2026-09-25,TPEX,6516,勤崴國際,57.4,57.5,56.4,57.0,36144.0
2026-09-25,TPEX,6517,保勝光學,63.4,63.4,62.8,63.1,81269.0
2026-09-25,TPEX,6523,達爾膚,89.6,89.6,89.5,89.6,27692.0
2026-09-25,TPEX,6527,明達醫,73.5,75.0,73.5,75.0,24054.0
2026-09-25,TPEX,6530,創威,99.4,100.5,98.8,100.0,1739291.0
2026-09-25,TPEX,6532,瑞耘,97.9,100.5,97.9,98.5,525245.0
2026-09-25,TPEX,6535,順藥,81.1,81.5,78.6,80.5,233476.0
2026-09-25,TPEX,6538,倉和,403.0,409.5,389.0,398.0,2515075.0
2026-09-25,TPEX,6542,隆中,41.0,41.0,41.0,41.0,5026.0
2026-09-25,TPEX,6546,正基,57.5,59.0,57.5,58.8,209357.0
2026-09-25,TPEX,6547,高端疫苗,60.9,61.2,59.5,59.8,2524901.0
2026-09-25,TPEX,6548,長科*,72.2,72.2,70.6,71.3,1378263.0
2026-09-25,TPEX,6556,勝品,61.5,61.6,61.5,61.6,4050.0
2026-09-25,TPEX,6560,欣普羅,33.2,33.2,32.55,32.65,16947.0
2026-09-25,TPEX,6561,是方,309.0,310.0,307.5,308.0,81689.0
2026-09-25,TPEX,6568,宏觀,140.5,143.0,138.5,143.0,94294.0
2026-09-25,TPEX,6569,醫揚,92.0,92.3,91.6,92.3,23548.0
2026-09-25,TPEX,6570,維田,46.55,46.8,46.5,46.65,30176.0
2026-09-25,TPEX,6574,霈方,120.0,120.5,118.5,118.5,18263.0
2026-09-25,TPEX,6576,逸達,80.2,80.5,80.1,80.2,36560.0
2026-09-25,TPEX,6577,勁豐,79.5,80.0,79.5,79.8,12391.0
2026-09-25,TPEX,6578,達邦蛋白,16.7,16.7,16.25,16.65,183201.0
2026-09-25,TPEX,6584,南俊國際,543.0,549.0,536.0,544.0,239173.0
2026-09-25,TPEX,6588,東典光電,112.5,113.5,111.0,112.0,601642.0
2026-09-25,TPEX,6590,普鴻,67.0,67.1,66.2,66.9,18708.0
2026-09-25,TPEX,6593,台灣銘板,32.4,32.45,32.0,32.05,17332.0
2026-09-25,TPEX,6596,寬宏藝術,96.8,96.9,96.7,96.8,31542.0
2026-09-25,TPEX,6597,立誠,65.6,68.7,65.6,68.7,4340.0
2026-09-25,TPEX,6603,富強鑫,27.6,27.8,27.2,27.3,1086284.0
2026-09-25,TPEX,6609,瀧澤科,40.25,40.25,39.6,39.8,33156.0
2026-09-25,TPEX,6612,奈米醫材,69.5,72.3,69.5,71.9,38013.0
2026-09-25,TPEX,6613,朋億*,268.0,271.5,267.0,270.5,143362.0
2026-09-25,TPEX,6615,慧智,,,,,259.0
2026-09-25,TPEX,6616,特昇-KY,8.09,8.17,7.91,8.17,17213.0
2026-09-25,TPEX,6617,共信-KY,139.0,141.0,136.5,137.0,562780.0
2026-09-25,TPEX,6620,漢達,129.0,129.0,120.0,124.0,2720538.0
2026-09-25,TPEX,6624,萬年清,39.25,39.25,39.25,39.25,1006.0
2026-09-25,TPEX,6629,泰金-KY,105.0,105.0,103.0,103.0,14779.0
2026-09-25,TPEX,6637,醫影,53.5,54.5,53.5,54.4,17564.0
2026-09-25,TPEX,6640,均華,1025.0,1030.0,1000.0,1010.0,331064.0
2026-09-25,TPEX,6642,富致,78.5,78.9,77.9,78.4,49127.0
2026-09-25,TPEX,6643,M31,471.0,524.0,471.0,515.0,3185266.0
2026-09-25,TPEX,6649,台生材,35.6,37.8,35.0,37.8,92863.0
2026-09-25,TPEX,6651,全宇昕,154.0,155.5,146.0,149.5,316633.0
2026-09-25,TPEX,6654,天正國際,202.0,202.0,192.0,192.0,21301.0
2026-09-25,TPEX,6661,威健生技,16.0,16.0,16.0,16.0,5000.0
2026-09-25,TPEX,6662,樂斯科,,,,,0.0
2026-09-25,TPEX,6664,群翊,343.0,360.0,342.5,358.5,310191.0
2026-09-25,TPEX,6667,信紘科,260.0,264.0,256.5,261.5,254815.0
2026-09-25,TPEX,6679,鈺太,203.5,204.0,200.5,202.5,193122.0
2026-09-25,TPEX,6680,鑫創電子,52.3,52.9,52.3,52.8,4132.0
2026-09-25,TPEX,6683,雍智科技,1555.0,1585.0,1495.0,1520.0,788422.0
2026-09-25,TPEX,6684,安格,48.95,49.3,48.05,48.85,64278.0
2026-09-25,TPEX,6690,安碁資訊,180.0,181.0,177.5,179.0,110003.0
2026-09-25,TPEX,6692,進能服,22.6,22.8,22.45,22.65,51280.0
2026-09-25,TPEX,6693,廣閎科,201.5,212.5,194.0,209.5,7653478.0
2026-09-25,TPEX,6697,東捷資訊,41.5,41.5,41.0,41.2,13287.0
2026-09-25,TPEX,6703,軒郁,100.0,100.5,100.0,100.5,10371.0
2026-09-25,TPEX,6708,天擎,39.4,42.8,39.4,42.8,347447.0
2026-09-25,TPEX,6712,長聖,162.0,162.5,159.0,159.5,205184.0
2026-09-25,TPEX,6716,應廣,117.0,117.0,114.5,115.0,280946.0
2026-09-25,TPEX,6720,久昌,127.5,129.0,127.0,127.0,5773.0
2026-09-25,TPEX,6721,信實,50.0,50.1,50.0,50.1,3145.0
2026-09-25,TPEX,6725,矽科宏晟,216.0,216.0,213.5,214.0,30455.0
2026-09-25,TPEX,6727,亞泰金屬,468.0,509.0,464.5,505.0,1575548.0
2026-09-25,TPEX,6728,上洋,108.5,108.5,108.5,108.5,13047.0
2026-09-25,TPEX,6730,常廣,32.3,32.3,31.7,32.1,12258.0
2026-09-25,TPEX,6732,昇佳電子,148.0,149.0,148.0,149.0,28809.0
2026-09-25,TPEX,6733,博晟生醫,25.1,25.15,24.95,24.95,46055.0
2026-09-25,TPEX,6735,美達科技,63.5,63.9,63.0,63.8,36035.0
2026-09-25,TPEX,6739,竹陞科技,1060.0,1130.0,1050.0,1110.0,161995.0
2026-09-25,TPEX,6741,91APP*-KY,56.2,56.3,55.1,55.2,162571.0
2026-09-25,TPEX,6751,智聯服務,44.0,44.0,43.85,43.9,8159.0
2026-09-25,TPEX,6752,叡揚,96.0,96.8,95.8,96.4,7579.0
2026-09-25,TPEX,6761,穩得,161.5,163.5,161.5,162.0,96505.0
2026-09-25,TPEX,6762,達亞,160.0,160.0,158.0,159.0,3523.0
2026-09-25,TPEX,6763,綠界科技*,41.65,41.7,41.3,41.4,88323.0
2026-09-25,TPEX,6767,台微醫,24.5,24.5,24.5,24.5,1000.0
2026-09-25,TPEX,6785,昱展新藥,100.0,100.0,97.0,98.8,45094.0
2026-09-25,TPEX,6788,華景電,334.5,340.5,334.5,339.0,71186.0
2026-09-25,TPEX,6791,虎門科技,99.0,99.2,99.0,99.1,5251.0
2026-09-25,TPEX,6803,崑鼎,266.0,267.0,266.0,266.0,25092.0
2026-09-25,TPEX,6804,明係,18.25,18.25,18.1,18.25,47000.0
2026-09-25,TPEX,6811,宏碁資訊,249.0,250.5,242.5,244.5,286222.0
2026-09-25,TPEX,6821,聯寶,40.5,40.95,40.3,40.6,31527.0
2026-09-25,TPEX,6823,濾能,60.3,60.9,60.0,60.1,43212.0
2026-09-25,TPEX,6829,千附精密,210.5,211.0,205.0,209.5,398437.0
2026-09-25,TPEX,6840,東研信超,104.0,104.5,103.0,103.0,262118.0
2026-09-25,TPEX,6841,長佳智能,53.4,53.8,53.2,53.7,137708.0
2026-09-25,TPEX,6843,進典,38.5,39.3,38.5,38.6,6000.0
2026-09-25,TPEX,6844,諾貝兒,56.9,57.3,56.9,57.3,9419.0
2026-09-25,TPEX,6846,綠茵,59.1,59.1,59.1,59.1,1185.0
2026-09-25,TPEX,6855,數泓科,,,,,17.0
2026-09-25,TPEX,6856,鑫傳,41.1,42.3,40.85,42.3,12000.0
2026-09-25,TPEX,6859,伯特光,120.0,121.5,119.5,121.0,35920.0
2026-09-25,TPEX,6865,偉康科技,28.2,28.2,27.3,28.05,36780.0
2026-09-25,TPEX,6870,騰雲,336.5,340.0,318.0,336.5,280327.0
2026-09-25,TPEX,6872,浩宇生醫,22.8,23.2,22.0,22.35,204678.0
2026-09-25,TPEX,6874,倍力,69.3,70.7,69.3,69.9,16000.0
2026-09-25,TPEX,6875,國邑*,31.9,32.2,31.8,31.85,125214.0
2026-09-25,TPEX,6877,鏵友益,123.0,126.0,122.5,122.5,22624.0
2026-09-25,TPEX,6881,潤德,214.0,214.0,214.0,214.0,1470.0
2026-09-25,TPEX,6884,海柏特,32.5,32.5,32.1,32.2,5032.0
2026-09-25,TPEX,6894,衛司特,371.5,371.5,365.0,367.0,47144.0
2026-09-25,TPEX,6895,宏碩系統,147.0,147.0,140.0,145.0,33566.0
2026-09-25,TPEX,6899,創為精密,49.9,49.9,49.3,49.4,5100.0
2026-09-25,TPEX,6903,巨漢,308.0,311.0,302.5,309.0,166377.0
2026-09-25,TPEX,6904,伯鑫,,,,,99.0
2026-09-25,TPEX,6907,雅特力-KY,183.0,185.0,181.5,182.0,402744.0
2026-09-25,TPEX,6910,德鴻,25.5,26.2,25.5,26.0,20191.0
2026-09-25,TPEX,6913,鴻呈,128.0,128.5,127.0,127.5,96071.0
2026-09-25,TPEX,6922,宸曜,204.5,213.5,204.5,212.0,269336.0
2026-09-25,TPEX,6925,意藍,62.6,68.2,62.6,68.2,1451122.0
2026-09-25,TPEX,6929,佑全,,,,,0.0
2026-09-25,TPEX,6945,圓祥生技,135.5,138.0,134.5,138.0,224698.0
2026-09-25,TPEX,6953,家碩,235.5,236.0,235.5,236.0,4518.0
2026-09-25,TPEX,6961,旅天下,47.3,47.3,47.1,47.1,15161.0
2026-09-25,TPEX,6967,汎瑋材料,66.4,66.4,65.5,65.7,70568.0
2026-09-25,TPEX,6968,萬達寵物,41.8,41.9,41.35,41.55,18489.0
2026-09-25,TPEX,6971,惠民實業,23.8,23.95,23.7,23.95,9000.0
2026-09-25,TPEX,6982,大井泵浦,44.0,44.0,43.1,43.5,14092.0
2026-09-25,TPEX,6983,華洋精機,350.0,350.0,341.5,348.5,20377.0
2026-09-25,TPEX,6986,和迅,45.9,45.9,44.0,44.3,44074.0
2026-09-25,TPEX,6996,力領科技,169.5,171.0,169.5,171.0,11200.0
2026-09-25,TPEX,6997,博弘,66.7,69.0,66.7,66.8,22132.0
2026-09-25,TPEX,7402,邑錡,99.8,100.0,99.0,99.8,89575.0
2026-09-25,TPEX,7547,碩網,57.6,59.4,56.4,59.4,272247.0
2026-09-25,TPEX,7556,意德士,258.0,264.5,258.0,264.5,27103.0
2026-09-25,TPEX,7584,樂意,26.85,27.2,26.85,27.2,5100.0
2026-09-25,TPEX,7642,昶瑞機電,68.9,71.1,68.8,70.8,16236.0
2026-09-25,TPEX,7703,銳澤,202.5,204.5,201.0,203.0,109809.0
2026-09-25,TPEX,7704,明遠精密,62.4,62.7,62.0,62.0,11053.0
2026-09-25,TPEX,7708,全家餐飲,92.0,92.0,91.8,91.8,6862.0
2026-09-25,TPEX,7709,榮田,88.0,90.2,85.1,87.7,131951.0
2026-09-25,TPEX,7712,博盛半導體,164.5,168.5,162.5,163.0,310934.0
2026-09-25,TPEX,7713,威力德生醫,74.0,74.5,73.8,73.8,5057.0
2026-09-25,TPEX,7714,創泓科技,162.0,166.5,162.0,166.0,145366.0
2026-09-25,TPEX,7715,裕山,27.2,27.5,27.0,27.5,64025.0
2026-09-25,TPEX,7716,昱臺國際,23.9,24.0,23.9,24.0,2000.0
2026-09-25,TPEX,7717,萊德光電-KY,602.0,608.0,588.0,594.0,586139.0
2026-09-25,TPEX,7718,友鋮,45.6,45.8,45.6,45.8,7000.0
2026-09-25,TPEX,7723,築間,18.35,18.35,18.2,18.3,24300.0
2026-09-25,TPEX,7728,光焱科技,582.0,603.0,580.0,595.0,35226.0
2026-09-25,TPEX,7734,印能科技,2580.0,2775.0,2580.0,2750.0,236759.0
2026-09-25,TPEX,7738,東聯互動,159.0,159.0,157.0,157.0,6567.0
2026-09-25,TPEX,7743,金利食安,25.2,25.7,24.8,25.4,74640.0
2026-09-25,TPEX,7744,崴寶,534.0,546.0,533.0,543.0,104478.0
2026-09-25,TPEX,7747,昕奇雲端,112.0,112.0,112.0,112.0,1020.0
2026-09-25,TPEX,7751,竑騰,1435.0,1520.0,1425.0,1515.0,177060.0
2026-09-25,TPEX,7753,星亞,35.4,35.4,35.3,35.3,4012.0
2026-09-25,TPEX,7757,金色三麥,91.9,94.3,91.0,91.0,68511.0
2026-09-25,TPEX,7767,仁大資訊,46.65,46.7,46.65,46.65,16110.0
2026-09-25,TPEX,7770,君曜,39.5,39.5,39.5,39.5,1011.0
2026-09-25,TPEX,7772,耀穎,173.0,182.0,170.5,180.0,218953.0
2026-09-25,TPEX,7777,能率亞洲,36.0,36.05,35.5,35.55,572924.0
2026-09-25,TPEX,7782,光速火箭,,,,,275.0
2026-09-25,TPEX,7792,安葆,415.0,453.0,415.0,435.5,2826938.0
2026-09-25,TPEX,7794,宏碁智新,30.2,30.2,30.0,30.0,18164.0
2026-09-25,TPEX,7805,威聯通,497.5,500.0,497.5,498.0,22546.0
2026-09-25,TPEX,7810,捷創科技,231.0,235.5,220.5,222.5,208237.0
2026-09-25,TPEX,7811,民盛,73.5,73.5,73.5,73.5,11014.0
2026-09-25,TPEX,7814,海昌生技,28.2,28.7,28.2,28.5,27035.0
2026-09-25,TPEX,7819,精誠金融,34.35,34.35,34.35,34.35,2003.0
2026-09-25,TPEX,7820,立盈,106.5,108.0,103.0,108.0,19386.0
2026-09-25,TPEX,7825,和亞智慧,75.5,82.2,75.5,82.2,578878.0
2026-09-25,TPEX,7828,創新服務,1970.0,2030.0,1945.0,1970.0,150036.0
2026-09-25,TPEX,7839,達人網,43.0,43.6,42.95,43.15,15312.0
2026-09-25,TPEX,7842,天能綠電,99.5,99.5,98.0,98.0,2148.0
2026-09-25,TPEX,7856,漢測,4675.0,4695.0,4530.0,4605.0,275196.0
2026-09-25,TPEX,8024,佑華,12.65,12.7,12.45,12.6,43221.0
2026-09-25,TPEX,8027,鈦昇,175.5,188.0,175.5,184.0,3422000.0
2026-09-25,TPEX,8032,光菱,36.0,36.0,35.7,36.0,15398.0
2026-09-25,TPEX,8034,榮群,20.7,20.7,19.8,20.45,119033.0
2026-09-25,TPEX,8038,長園科,32.5,32.6,32.4,32.6,97545.0
2026-09-25,TPEX,8040,九暘,92.3,97.6,92.3,94.5,10571349.0
2026-09-25,TPEX,8042,金山電,110.0,117.0,110.0,114.0,3606662.0
2026-09-25,TPEX,8043,蜜望實,131.5,135.5,130.5,133.0,1174285.0
2026-09-25,TPEX,8044,網家,24.0,24.05,23.7,23.85,128983.0
2026-09-25,TPEX,8047,星雲,45.6,49.2,45.0,49.2,97579.0
2026-09-25,TPEX,8048,德勝,49.4,50.2,49.4,50.1,54914.0
2026-09-25,TPEX,8049,晶采,24.45,24.5,24.45,24.5,31072.0
2026-09-25,TPEX,8050,廣積,59.5,61.5,59.4,61.2,2317963.0
2026-09-25,TPEX,8054,安國,84.4,85.0,83.9,84.6,364485.0
2026-09-25,TPEX,8059,凱碩,17.5,18.75,17.45,17.7,182574.0
2026-09-25,TPEX,8064,東捷,131.0,142.0,130.5,139.0,14201999.0
2026-09-25,TPEX,8066,來思達,15.2,15.35,14.8,14.8,18883.0
2026-09-25,TPEX,8067,志旭,11.6,12.0,11.6,11.8,10012.0
2026-09-25,TPEX,8068,全達,18.5,18.5,17.5,17.85,456043.0
2026-09-25,TPEX,8069,元太,143.5,146.0,142.5,146.0,5439774.0
2026-09-25,TPEX,8071,能率網通,21.8,22.05,21.7,21.9,182023.0
2026-09-25,TPEX,8074,鉅橡,50.6,51.0,50.3,51.0,199593.0
2026-09-25,TPEX,8076,伍豐,21.55,21.75,21.4,21.7,504925.0
2026-09-25,TPEX,8077,洛碁,42.0,43.4,42.0,43.4,2041.0
2026-09-25,TPEX,8080,泰霖,28.15,28.15,28.05,28.05,8101.0
2026-09-25,TPEX,8083,瑞穎,155.0,155.5,155.0,155.5,25117.0
2026-09-25,TPEX,8084,巨虹,33.1,33.1,33.1,33.1,992818.0
2026-09-25,TPEX,8085,福華,14.2,14.25,14.05,14.2,122653.0
2026-09-25,TPEX,8086,宏捷科,108.5,111.5,107.5,110.5,1480309.0
2026-09-25,TPEX,8087,麗升能源,24.05,24.05,23.1,23.25,63360.0
2026-09-25,TPEX,8088,品安,42.05,42.2,41.55,41.85,226378.0
2026-09-25,TPEX,8089,康全電訊,19.5,19.55,19.25,19.25,94902.0
2026-09-25,TPEX,8091,翔名,216.5,216.5,214.5,216.5,146820.0
2026-09-25,TPEX,8092,建暐,13.4,13.4,12.85,12.9,34007.0
2026-09-25,TPEX,8093,保銳,23.5,23.9,23.1,23.25,56073.0
2026-09-25,TPEX,8096,擎亞,83.9,84.6,81.4,84.6,2687683.0
2026-09-25,TPEX,8097,常珵,48.3,48.6,47.9,48.15,51212.0
2026-09-25,TPEX,8099,大世科,60.3,60.7,60.0,60.5,22597.0
2026-09-25,TPEX,8102,傑霖科技,60.1,60.5,59.5,59.5,10047.0
2026-09-25,TPEX,8107,大億金茂,12.15,12.15,12.0,12.15,38586.0
2026-09-25,TPEX,8109,博大,130.5,132.5,130.0,132.0,296345.0
2026-09-25,TPEX,8111,立碁,74.1,76.7,73.8,76.4,6506844.0
2026-09-25,TPEX,8121,越峰,27.65,30.65,27.6,30.65,1279798.0
2026-09-25,TPEX,8147,正淩,137.5,137.5,136.0,136.5,80939.0
2026-09-25,TPEX,8155,博智,340.0,349.0,333.0,336.0,994614.0
2026-09-25,TPEX,8171,天宇,20.6,20.6,20.35,20.45,94300.0
2026-09-25,TPEX,8176,智捷,9.7,9.8,9.7,9.78,7910.0
2026-09-25,TPEX,8182,加高,40.0,41.3,39.8,40.45,887139.0
2026-09-25,TPEX,8227,巨有科技,305.0,309.0,295.0,306.5,984049.0
2026-09-25,TPEX,8234,新漢,61.1,61.4,60.6,61.2,188008.0
2026-09-25,TPEX,8240,華宏,51.2,54.0,51.1,52.0,1171675.0
2026-09-25,TPEX,8255,朋程,140.0,144.5,139.5,142.5,347669.0
2026-09-25,TPEX,8272,全景軟體,64.6,64.6,62.8,63.5,10251.0
2026-09-25,TPEX,8277,商丞,15.75,15.95,15.75,15.75,52051.0
2026-09-25,TPEX,8279,生展,78.1,78.9,78.1,78.2,14140.0
2026-09-25,TPEX,8284,三竹,69.0,69.0,68.0,68.0,7461.0
2026-09-25,TPEX,8289,泰藝,44.5,45.5,43.85,44.75,519074.0
2026-09-25,TPEX,8291,尚茂,29.75,29.75,29.75,29.75,1001.0
2026-09-25,TPEX,8299,群聯,2195.0,2195.0,2095.0,2125.0,4315903.0
2026-09-25,TPEX,8342,益張,83.8,83.8,83.8,83.8,1436.0
2026-09-25,TPEX,8349,恒耀,38.6,39.6,38.6,39.6,230894.0
2026-09-25,TPEX,8354,冠好,17.0,17.1,16.9,17.1,20833.0
2026-09-25,TPEX,8358,金居,498.0,511.0,495.0,511.0,3226515.0
2026-09-25,TPEX,8383,千附,66.3,68.6,66.1,67.9,1070441.0
2026-09-25,TPEX,8390,金益鼎,91.4,91.4,89.8,90.0,294281.0
2026-09-25,TPEX,8401,白紗科,22.7,22.8,22.5,22.75,21093.0
2026-09-25,TPEX,8403,盛弘,18.9,19.0,18.85,18.95,40030.0
2026-09-25,TPEX,8409,商之器,18.25,18.3,18.1,18.1,4058.0
2026-09-25,TPEX,8410,森田,28.2,28.2,27.8,27.8,166370.0
2026-09-25,TPEX,8415,大國鋼,35.15,35.65,35.0,35.45,196652.0
2026-09-25,TPEX,8416,實威,168.0,169.0,168.0,169.0,9947.0
2026-09-25,TPEX,8421,旭源,12.8,12.8,12.75,12.8,38592.0
2026-09-25,TPEX,8423,保綠-KY,17.8,18.05,17.8,18.05,10022.0
2026-09-25,TPEX,8424,惠普,69.0,70.8,69.0,70.8,100200.0
2026-09-25,TPEX,8426,紅木-KY,20.55,20.6,20.1,20.6,19004.0
2026-09-25,TPEX,8431,匯鑽科,62.1,64.4,62.1,63.3,655497.0
2026-09-25,TPEX,8432,東生華,50.1,50.7,50.0,50.2,36006.0
2026-09-25,TPEX,8433,弘帆,52.8,53.0,52.7,52.7,28081.0
2026-09-25,TPEX,8435,鉅邁,52.8,52.9,52.8,52.9,23912.0
2026-09-25,TPEX,8436,大江,105.5,105.5,104.0,105.0,382454.0
2026-09-25,TPEX,8437,大地-KY,10.0,10.85,10.0,10.65,295305.0
2026-09-25,TPEX,8440,綠電,20.3,20.3,20.2,20.25,35484.0
2026-09-25,TPEX,8444,綠河-KY,4.21,4.4,4.21,4.4,15195.0
2026-09-25,TPEX,8446,華研,84.7,84.7,84.7,84.7,3131.0
2026-09-25,TPEX,8450,霹靂,14.3,14.35,14.15,14.35,30737.0
2026-09-25,TPEX,8455,大拓-KY,22.15,22.15,22.1,22.1,7112.0
2026-09-25,TPEX,8472,納維康,78.0,78.0,77.0,77.0,2010.0
2026-09-25,TPEX,8477,創業家,14.4,14.4,14.35,14.35,6005.0
2026-09-25,TPEX,8489,三貝德,22.55,22.7,22.3,22.55,34507.0
2026-09-25,TPEX,8905,裕國,35.05,35.05,34.8,34.8,2430.0
2026-09-25,TPEX,8906,花王,29.0,29.05,28.85,29.0,15604.0
2026-09-25,TPEX,8908,欣雄,40.1,40.5,40.0,40.05,38048.0
2026-09-25,TPEX,8916,光隆,40.85,41.6,40.55,40.85,62063.0
2026-09-25,TPEX,8917,欣泰,55.0,55.0,55.0,55.0,14065.0
2026-09-25,TPEX,8921,沈氏,,,,,4.0
2026-09-25,TPEX,8923,時報,,,,,0.0
2026-09-25,TPEX,8924,大田,49.2,49.5,49.15,49.3,60937.0
2026-09-25,TPEX,8927,北基,19.1,19.25,19.0,19.0,85287.0
2026-09-25,TPEX,8928,鉅明,22.95,23.3,22.85,23.3,14044.0
2026-09-25,TPEX,8929,富堡,12.85,12.95,12.8,12.95,7438.0
2026-09-25,TPEX,8930,青鋼,28.9,28.9,28.4,28.8,62525.0
2026-09-25,TPEX,8931,大汽電,43.0,43.05,42.8,43.05,280404.0
2026-09-25,TPEX,8932,智通*,93.3,93.4,92.0,92.6,647556.0
2026-09-25,TPEX,8933,愛地雅,4.32,4.58,4.32,4.57,91454.0
2026-09-25,TPEX,8935,邦泰,17.25,17.95,17.2,17.55,378461.0
2026-09-25,TPEX,8936,國統,52.0,52.4,51.9,52.1,561132.0
2026-09-25,TPEX,8937,合騏*,27.05,27.1,26.0,26.6,344786.0
2026-09-25,TPEX,8938,明安,52.7,52.8,52.0,52.1,25171.0
2026-09-25,TPEX,8941,關中,43.0,44.0,43.0,44.0,4070.0
2026-09-25,TPEX,8942,森鉅,40.5,40.7,40.4,40.5,110209.0
2026-09-25,TPEX,9949,琉園,24.0,24.05,23.95,24.0,30260.0
2026-09-25,TPEX,9950,萬國通,10.15,10.3,10.15,10.3,17500.0
2026-09-25,TPEX,9951,皇田,48.1,48.15,47.6,47.65,70046.0
2026-09-25,TPEX,9960,邁達康,37.05,39.35,36.3,39.35,192237.0
2026-09-25,TPEX,9962,有益,9.91,10.1,9.81,10.1,76428.0
