date,market,stock_id,name,open,high,low,close,volume
2026-10-09,TWSE,1101,台泥,25.5,25.9,25.45,25.7,33060614.0
2026-10-09,TWSE,1102,亞泥,35.6,36.35,35.6,36.35,10781486.0
2026-10-09,TWSE,1103,嘉泥,13.15,13.15,13.05,13.15,312883.0
2026-10-09,TWSE,1104,環泥,26.7,26.95,26.65,26.85,219542.0
2026-10-09,TWSE,1108,幸福,11.1,11.1,11.0,11.1,90782.0
2026-10-09,TWSE,1109,信大,13.25,13.3,13.15,13.15,131201.0
2026-10-09,TWSE,1110,東泥,14.3,14.45,14.3,14.45,99482.0
2026-10-09,TWSE,1201,味全,11.45,11.6,11.45,11.55,348828.0
2026-10-09,TWSE,1203,味王,43.1,43.15,42.75,42.75,25112.0
2026-10-09,TWSE,1210,大成,51.3,51.4,51.1,51.3,932221.0
2026-10-09,TWSE,1213,大飲,7.47,7.5,7.47,7.5,4285.0
2026-10-09,TWSE,1215,卜蜂,105.0,106.5,105.0,106.5,525612.0
2026-10-09,TWSE,1216,統一,75.0,76.2,75.0,75.6,10217453.0
2026-10-09,TWSE,1217,愛之味,9.91,9.95,9.9,9.95,333325.0
2026-10-09,TWSE,1218,泰山,14.5,14.75,14.45,14.65,677257.0
2026-10-09,TWSE,1219,福壽,11.2,11.25,11.1,11.25,87867.0
2026-10-09,TWSE,1220,台榮,10.9,11.0,10.9,10.95,112266.0
2026-10-09,TWSE,1225,福懋油,24.2,24.2,23.95,24.0,24342.0
2026-10-09,TWSE,1227,佳格,27.7,27.9,27.65,27.8,400000.0
2026-10-09,TWSE,1229,聯華,39.65,39.95,39.6,39.95,1656996.0
2026-10-09,TWSE,1231,聯華食,78.0,78.2,77.5,77.9,240575.0
2026-10-09,TWSE,1232,大統益,155.0,155.0,154.0,154.5,41628.0
2026-10-09,TWSE,1233,天仁,28.0,28.0,27.9,28.0,8217.0
2026-10-09,TWSE,1234,黑松,32.15,32.3,32.05,32.3,101516.0
2026-10-09,TWSE,1235,興泰,31.3,32.0,31.3,31.45,21073.0
2026-10-09,TWSE,1236,宏亞,25.8,25.9,25.7,25.7,9052.0
2026-10-09,TWSE,1256,鮮活果汁-KY,167.5,168.0,166.5,167.5,15308.0
2026-10-09,TWSE,1301,台塑,78.0,82.4,76.6,81.3,245432809.0
2026-10-09,TWSE,1303,南亞,314.0,316.0,304.0,310.0,73431186.0
2026-10-09,TWSE,1304,台聚,13.05,13.45,12.9,13.15,6016830.0
2026-10-09,TWSE,1305,華夏,12.9,13.15,12.8,13.0,3165055.0
2026-10-09,TWSE,1307,三芳,31.5,31.55,31.2,31.3,321088.0
2026-10-09,TWSE,1308,亞聚,14.6,14.9,14.5,14.55,1618845.0
2026-10-09,TWSE,1309,台達化,14.4,14.7,14.2,14.35,2381869.0
2026-10-09,TWSE,1310,台苯,9.91,10.25,9.81,10.05,8859987.0
2026-10-09,TWSE,1312,國喬,15.0,15.5,14.9,15.15,22315826.0
2026-10-09,TWSE,1313,聯成,12.7,13.1,12.6,12.8,6847787.0
2026-10-09,TWSE,1314,中石化,8.91,9.25,8.9,9.06,56469258.0
2026-10-09,TWSE,1315,達新,72.5,73.7,72.1,72.8,140903.0
2026-10-09,TWSE,1316,上曜,10.3,10.6,10.3,10.4,2389305.0
2026-10-09,TWSE,1319,東陽,80.2,80.8,79.8,80.8,1254731.0
2026-10-09,TWSE,1321,大洋,32.5,32.85,32.5,32.65,98102.0
2026-10-09,TWSE,1323,永裕,21.5,21.6,21.5,21.55,15886.0
2026-10-09,TWSE,1324,地球,9.92,9.95,9.88,9.88,118849.0
2026-10-09,TWSE,1325,恆大,29.25,30.55,28.55,30.55,3951692.0
2026-10-09,TWSE,1326,台化,76.3,79.1,75.5,77.6,82359461.0
2026-10-09,TWSE,1337,再生-KY,4.43,4.43,4.37,4.4,124294.0
2026-10-09,TWSE,1338,廣華-KY,15.05,15.1,14.8,15.1,23467.0
2026-10-09,TWSE,1339,昭輝,42.1,42.3,41.9,42.25,58936.0
2026-10-09,TWSE,1340,勝悅-KY,5.16,5.17,5.13,5.14,65415.0
2026-10-09,TWSE,1341,富林-KY,59.1,59.1,59.1,59.1,1004.0
2026-10-09,TWSE,1342,八貫,100.0,101.0,100.0,101.0,103160.0
2026-10-09,TWSE,1402,遠東新,28.45,28.75,28.4,28.4,4384599.0
2026-10-09,TWSE,1409,新纖,26.0,26.8,25.9,26.05,18799931.0
2026-10-09,TWSE,1410,南染,23.85,24.0,23.7,23.75,56191.0
2026-10-09,TWSE,1413,宏洲,9.22,9.22,9.06,9.21,13000.0
2026-10-09,TWSE,1414,東和,17.65,17.95,17.55,17.95,81632.0
2026-10-09,TWSE,1416,廣豐,11.8,12.5,11.7,12.0,908826.0
2026-10-09,TWSE,1417,嘉裕,8.11,8.16,8.09,8.16,68174.0
2026-10-09,TWSE,1418,東華,18.3,18.9,18.3,18.65,17076.0
2026-10-09,TWSE,1419,新紡,65.7,65.9,65.7,65.9,9166.0
2026-10-09,TWSE,1423,利華,34.2,34.95,34.2,34.75,3748.0
2026-10-09,TWSE,1432,大魯閣,15.0,15.0,14.9,15.0,44921.0
2026-10-09,TWSE,1434,福懋,18.95,19.6,18.9,19.45,9020649.0
2026-10-09,TWSE,1435,中福,21.2,21.2,20.0,20.5,18316.0
2026-10-09,TWSE,1436,華友聯,36.25,36.25,35.9,36.0,96046.0
2026-10-09,TWSE,1437,勤益控,31.15,31.3,31.15,31.25,30558.0
2026-10-09,TWSE,1438,三地開發,21.85,21.85,21.5,21.6,8560.0
2026-10-09,TWSE,1439,雋揚,28.95,29.0,28.05,28.05,41322.0
2026-10-09,TWSE,1440,南紡,14.0,14.45,13.9,14.35,10111401.0
2026-10-09,TWSE,1441,大東,9.6,9.65,9.59,9.6,33202.0
2026-10-09,TWSE,1442,名軒,26.75,26.95,26.55,26.65,131197.0
2026-10-09,TWSE,1443,立益物流,23.05,23.05,22.3,22.55,22262.0
2026-10-09,TWSE,1444,力麗,6.99,7.07,6.91,7.0,953884.0
2026-10-09,TWSE,1445,大宇,10.4,10.45,10.2,10.45,115411.0
2026-10-09,TWSE,1446,宏和,13.3,13.4,13.3,13.35,37635.0
2026-10-09,TWSE,1447,力鵬,6.53,6.67,6.52,6.6,538763.0
2026-10-09,TWSE,1449,佳和,12.9,13.2,12.85,13.2,818853.0
2026-10-09,TWSE,1451,年興,17.0,17.15,17.0,17.15,277592.0
2026-10-09,TWSE,1452,宏益,10.6,10.75,10.55,10.7,62191.0
2026-10-09,TWSE,1453,大將,10.85,10.95,10.75,10.8,56626.0
2026-10-09,TWSE,1454,台富,12.05,12.2,12.05,12.2,32613.0
2026-10-09,TWSE,1455,集盛,10.35,10.8,10.1,10.25,8576443.0
2026-10-09,TWSE,1456,怡華,14.35,15.3,14.2,14.95,185248.0
2026-10-09,TWSE,1457,宜進,14.25,14.3,14.2,14.3,81945.0
2026-10-09,TWSE,1459,聯發,18.25,18.4,17.8,18.4,441308.0
2026-10-09,TWSE,1460,宏遠,6.15,6.18,6.1,6.13,197356.0
2026-10-09,TWSE,1463,強盛新,17.6,17.7,17.6,17.65,81116.0
2026-10-09,TWSE,1464,得力,9.94,9.94,9.9,9.93,171507.0
2026-10-09,TWSE,1465,偉全,11.55,11.65,11.5,11.65,81919.0
2026-10-09,TWSE,1466,聚隆,14.55,14.6,14.25,14.25,262581.0
2026-10-09,TWSE,1467,南緯,8.12,8.23,8.12,8.2,162913.0
2026-10-09,TWSE,1468,昶和,13.25,13.3,12.95,13.15,90437.0
2026-10-09,TWSE,1470,大統新創,24.1,24.2,24.1,24.2,3000.0
2026-10-09,TWSE,1471,首利,9.42,9.45,9.31,9.31,213602.0
2026-10-09,TWSE,1472,三洋實業,89.5,89.9,89.0,89.7,29385.0
2026-10-09,TWSE,1473,台南,19.0,19.0,18.9,18.95,73467.0
2026-10-09,TWSE,1474,弘裕,9.98,10.05,9.86,10.05,87641.0
2026-10-09,TWSE,1475,業旺,26.35,26.35,25.5,26.0,21005.0
2026-10-09,TWSE,1476,儒鴻,297.0,313.0,296.0,310.0,4198672.0
2026-10-09,TWSE,1477,聚陽,202.0,205.0,201.0,204.0,1537642.0
2026-10-09,TWSE,1503,士電,198.5,198.5,195.5,197.0,710127.0
2026-10-09,TWSE,1504,東元,72.5,73.3,71.0,71.7,10635881.0
2026-10-09,TWSE,1506,正道,9.61,9.62,9.58,9.6,95102.0
2026-10-09,TWSE,1512,瑞利,6.22,6.37,6.14,6.27,28597.0
2026-10-09,TWSE,1513,中興電,167.5,167.5,166.0,167.0,1474718.0
2026-10-09,TWSE,1514,亞力,104.0,104.0,102.0,102.5,790867.0
2026-10-09,TWSE,1515,力山,28.4,28.4,28.0,28.1,348375.0
2026-10-09,TWSE,1516,川飛,13.8,14.35,13.8,14.0,73858.0
2026-10-09,TWSE,1517,利奇,10.4,10.4,10.2,10.4,271477.0
2026-10-09,TWSE,1519,華城,694.0,697.0,689.0,692.0,1034131.0
2026-10-09,TWSE,1521,大億,25.55,25.8,25.3,25.8,21342.0
2026-10-09,TWSE,1522,堤維西,26.0,26.4,26.0,26.4,354738.0
2026-10-09,TWSE,1524,耿鼎,26.1,27.25,26.1,26.95,986512.0
2026-10-09,TWSE,1525,江申,63.3,64.3,63.2,63.2,6113.0
2026-10-09,TWSE,1526,日馳,15.55,15.55,14.9,14.9,83184.0
2026-10-09,TWSE,1527,鑽全,32.5,32.55,32.35,32.45,105447.0
2026-10-09,TWSE,1528,恩德,23.9,23.95,23.5,23.7,2225149.0
2026-10-09,TWSE,1529,樂事綠能,15.85,15.9,15.65,15.65,357538.0
2026-10-09,TWSE,1530,亞崴,26.2,26.35,26.15,26.2,29639.0
2026-10-09,TWSE,1531,高林股,11.4,11.9,11.4,11.75,302760.0
2026-10-09,TWSE,1532,勤美,21.8,21.8,21.65,21.75,114267.0
2026-10-09,TWSE,1533,車王電,30.3,30.3,30.05,30.1,127228.0
2026-10-09,TWSE,1535,中宇,45.5,45.8,45.5,45.8,13215.0
2026-10-09,TWSE,1536,和大,46.55,46.65,46.3,46.4,393987.0
2026-10-09,TWSE,1537,廣隆,114.0,114.5,113.5,114.0,79350.0
2026-10-09,TWSE,1538,正峰,9.1,9.1,9.1,9.1,1501.0
2026-10-09,TWSE,1539,巨庭,15.55,15.65,15.55,15.6,30415.0
2026-10-09,TWSE,1540,喬福,18.9,19.1,18.85,18.95,102750.0
2026-10-09,TWSE,1541,錩泰,20.3,20.5,20.25,20.5,7002.0
2026-10-09,TWSE,1558,伸興,109.0,109.0,106.5,107.5,56582.0
2026-10-09,TWSE,1560,中砂,1030.0,1030.0,1000.0,1010.0,530628.0
2026-10-09,TWSE,1563,巧新,80.0,80.7,78.0,79.3,558814.0
2026-10-09,TWSE,1568,倉佑,31.35,31.45,30.9,31.25,177976.0
2026-10-09,TWSE,1582,信錦,71.8,71.8,70.9,71.1,277899.0
2026-10-09,TWSE,1583,程泰,47.3,47.3,47.3,47.3,2042.0
2026-10-09,TWSE,1587,吉茂,23.9,23.9,23.6,23.85,47489.0
2026-10-09,TWSE,1590,亞德客-KY,1205.0,1255.0,1195.0,1205.0,2064053.0
2026-10-09,TWSE,1597,直得,145.0,145.0,141.0,142.5,640466.0
2026-10-09,TWSE,1598,岱宇,20.6,20.65,20.0,20.1,183174.0
2026-10-09,TWSE,1603,華電,30.7,30.75,30.5,30.6,90236.0
2026-10-09,TWSE,1604,聲寶,23.3,23.65,23.25,23.65,509527.0
2026-10-09,TWSE,1605,華新,40.2,40.35,39.1,39.1,23780548.0
2026-10-09,TWSE,1608,華榮,36.8,37.0,36.55,36.55,1644553.0
2026-10-09,TWSE,1609,大亞,39.0,39.15,38.2,38.25,3000037.0
2026-10-09,TWSE,1611,中電,11.3,11.4,11.25,11.35,286745.0
2026-10-09,TWSE,1612,宏泰,34.75,34.8,34.0,34.35,1034520.0
2026-10-09,TWSE,1614,三洋電,31.0,31.15,30.7,31.15,52380.0
2026-10-09,TWSE,1615,大山,43.0,46.05,42.7,46.05,1477934.0
2026-10-09,TWSE,1616,億泰,18.65,18.7,18.35,18.7,153249.0
2026-10-09,TWSE,1617,榮星,24.3,24.45,23.7,24.1,1648350.0
2026-10-09,TWSE,1618,合機,38.6,38.6,38.0,38.1,1008297.0
2026-10-09,TWSE,1623,大東電,195.0,198.0,192.5,194.0,84020.0
2026-10-09,TWSE,1626,艾美特-KY,9.78,9.78,9.73,9.74,4638.0
2026-10-09,TWSE,1702,南僑,32.75,33.6,32.75,33.35,320521.0
2026-10-09,TWSE,1707,葡萄王,84.9,85.4,84.5,85.4,135580.0
2026-10-09,TWSE,1708,東鹼,56.7,58.4,56.7,57.0,4941677.0
2026-10-09,TWSE,1709,和益,60.2,62.0,59.0,61.0,10954186.0
2026-10-09,TWSE,1710,東聯,17.6,18.25,17.5,18.1,10748489.0
2026-10-09,TWSE,1711,永光,44.8,49.8,44.5,46.25,37952905.0
2026-10-09,TWSE,1712,興農,39.9,40.1,39.9,39.95,447811.0
2026-10-09,TWSE,1713,國化,45.0,45.0,44.3,44.95,80332.0
2026-10-09,TWSE,1714,和桐,19.8,20.9,19.5,19.95,76779487.0
2026-10-09,TWSE,1717,長興,74.8,75.9,74.3,74.4,6250878.0
2026-10-09,TWSE,1718,中纖,11.3,12.4,11.2,12.2,101238253.0
2026-10-09,TWSE,1720,生達,56.3,57.5,56.3,56.9,701718.0
2026-10-09,TWSE,1721,國慶科技,26.9,28.65,26.6,27.75,3798381.0
2026-10-09,TWSE,1722,台肥,41.35,41.65,41.35,41.45,1647257.0
2026-10-09,TWSE,1723,中碳,82.8,84.4,82.7,84.3,1198628.0
2026-10-09,TWSE,1725,元禎,34.1,35.05,34.1,34.8,134679.0
2026-10-09,TWSE,1726,永記,75.9,76.2,75.8,76.2,15357.0
2026-10-09,TWSE,1727,中華化,105.5,113.0,105.5,107.0,11024240.0
2026-10-09,TWSE,1730,花仙子,51.2,51.5,51.1,51.3,35955.0
2026-10-09,TWSE,1731,美吾華,21.0,21.1,20.95,21.05,158100.0
2026-10-09,TWSE,1732,毛寶,27.55,29.1,27.05,28.0,3297598.0
2026-10-09,TWSE,1733,五鼎,30.55,30.55,30.3,30.45,54319.0
2026-10-09,TWSE,1734,杏輝,32.1,32.65,32.0,32.4,216846.0
2026-10-09,TWSE,1735,日勝化,23.05,24.3,23.05,23.2,433557.0
2026-10-09,TWSE,1736,喬山,123.5,126.0,123.0,123.0,460026.0
2026-10-09,TWSE,1737,臺鹽,29.95,30.05,29.95,30.0,76254.0
2026-10-09,TWSE,1752,南光,31.6,33.35,31.6,33.25,357648.0
2026-10-09,TWSE,1760,寶齡富錦,54.9,56.7,54.5,55.7,441810.0
2026-10-09,TWSE,1762,中化生,33.85,36.0,33.85,35.35,377874.0
2026-10-09,TWSE,1773,勝一,176.0,181.5,175.0,175.5,801411.0
2026-10-09,TWSE,1776,展宇,18.5,19.95,18.5,19.35,216492.0
2026-10-09,TWSE,1783,和康生,38.55,38.7,38.05,38.1,109580.0
2026-10-09,TWSE,1786,科妍,41.45,41.85,41.35,41.7,131757.0
2026-10-09,TWSE,1789,神隆,18.95,19.4,18.9,19.1,445648.0
2026-10-09,TWSE,1795,美時,182.5,182.5,179.5,180.5,588145.0
2026-10-09,TWSE,1802,台玻,66.0,66.8,62.6,63.9,160355371.0
2026-10-09,TWSE,1805,寶徠,10.0,10.0,9.92,9.99,70967.0
2026-10-09,TWSE,1806,冠軍,7.96,7.97,7.81,7.92,174648.0
2026-10-09,TWSE,1808,潤隆,32.15,32.75,31.9,32.55,597988.0
2026-10-09,TWSE,1809,中釉,45.5,46.6,45.3,45.45,2046353.0
2026-10-09,TWSE,1810,和成,23.4,23.4,23.2,23.4,939503.0
2026-10-09,TWSE,1817,凱撒衛,39.7,39.95,39.55,39.7,24242.0
2026-10-09,TWSE,1903,士紙,47.25,47.5,47.0,47.45,39928.0
2026-10-09,TWSE,1904,正隆,25.05,25.25,24.85,25.0,1129953.0
2026-10-09,TWSE,1905,華紙,12.9,12.9,12.75,12.8,1054447.0
2026-10-09,TWSE,1906,寶隆,10.6,10.75,10.6,10.75,85283.0
2026-10-09,TWSE,1907,永豐餘,28.15,28.55,28.1,28.45,652918.0
2026-10-09,TWSE,1909,榮成,10.1,10.25,10.1,10.2,984435.0
2026-10-09,TWSE,2002,中鋼,18.9,19.05,18.9,18.95,26713014.0
2026-10-09,TWSE,2006,東和鋼鐵,85.9,86.0,84.7,85.3,761729.0
2026-10-09,TWSE,2007,燁興,6.9,6.95,6.88,6.91,81454.0
2026-10-09,TWSE,2008,高興昌,30.55,30.55,30.55,30.55,10195.0
2026-10-09,TWSE,2009,第一銅,39.95,39.95,39.5,39.6,600197.0
2026-10-09,TWSE,2010,春源,22.55,22.8,22.5,22.7,574235.0
2026-10-09,TWSE,2012,春雨,14.0,14.2,13.85,14.05,67409.0
2026-10-09,TWSE,2013,中鋼構,41.15,41.55,41.1,41.35,31132.0
2026-10-09,TWSE,2014,中鴻,16.9,17.05,16.85,16.95,1025766.0
2026-10-09,TWSE,2015,豐興,64.5,65.0,64.5,65.0,59901.0
2026-10-09,TWSE,2017,官田鋼,8.89,9.08,8.86,9.0,281258.0
2026-10-09,TWSE,2020,美亞,24.4,24.4,24.0,24.15,1138783.0
2026-10-09,TWSE,2022,聚亨,7.16,7.16,7.11,7.15,249482.0
2026-10-09,TWSE,2023,燁輝,13.8,14.05,13.8,13.95,1001124.0
2026-10-09,TWSE,2024,志聯,12.75,13.6,12.75,12.85,74329.0
2026-10-09,TWSE,2025,千興,13.55,14.0,13.45,13.6,1017837.0
2026-10-09,TWSE,2027,大成鋼,47.7,48.6,47.15,48.25,11775779.0
2026-10-09,TWSE,2028,威致,16.7,16.85,16.6,16.75,44860.0
2026-10-09,TWSE,2029,盛餘,21.7,22.1,21.65,21.8,95773.0
2026-10-09,TWSE,2030,彰源,36.35,36.95,35.2,35.55,4837136.0
2026-10-09,TWSE,2031,新光鋼,45.55,46.25,45.55,45.95,222384.0
2026-10-09,TWSE,2032,新鋼,18.65,18.65,18.35,18.55,455182.0
2026-10-09,TWSE,2033,佳大,52.0,52.2,50.5,52.2,628724.0
2026-10-09,TWSE,2034,允強,24.1,24.3,23.85,24.05,2345348.0
2026-10-09,TWSE,2038,海光,12.5,12.55,12.45,12.5,97387.0
2026-10-09,TWSE,2049,上銀,340.0,340.0,332.5,332.5,2461024.0
2026-10-09,TWSE,2059,川湖,10935.0,10965.0,10615.0,10615.0,2003115.0
2026-10-09,TWSE,2062,橋椿,17.85,18.0,17.85,18.0,192123.0
2026-10-09,TWSE,2069,運錩,24.65,25.1,24.5,24.65,591581.0
2026-10-09,TWSE,2072,世紀風電,130.5,132.0,130.0,131.0,106544.0
2026-10-09,TWSE,2101,南港,29.9,30.5,29.9,30.0,3643365.0
2026-10-09,TWSE,2102,泰豐,16.5,16.6,16.4,16.4,229982.0
2026-10-09,TWSE,2103,台橡,29.05,30.05,28.95,29.2,6349616.0
2026-10-09,TWSE,2104,國際中橡,11.35,11.65,11.3,11.6,6177888.0
2026-10-09,TWSE,2105,正新,30.2,30.55,30.2,30.35,2932880.0
2026-10-09,TWSE,2106,建大,16.7,16.85,16.7,16.8,573776.0
2026-10-09,TWSE,2107,厚生,28.15,28.75,28.15,28.5,454875.0
2026-10-09,TWSE,2108,南帝,29.75,31.1,29.7,30.2,2262287.0
2026-10-09,TWSE,2109,華豐,14.25,14.35,14.2,14.3,74089.0
2026-10-09,TWSE,2114,鑫永銓,89.7,90.1,89.7,90.1,21212.0
2026-10-09,TWSE,2115,六暉-KY,24.85,24.9,24.75,24.9,38011.0
2026-10-09,TWSE,2201,裕隆,28.9,29.0,28.6,28.9,1363394.0
2026-10-09,TWSE,2204,中華,51.6,51.8,51.5,51.6,389568.0
2026-10-09,TWSE,2206,三陽工業,63.1,63.7,63.0,63.6,481534.0
2026-10-09,TWSE,2207,和泰車,519.0,525.0,517.0,518.0,229795.0
2026-10-09,TWSE,2208,台船,18.5,18.6,18.4,18.55,1112303.0
2026-10-09,TWSE,2211,長榮鋼,79.4,79.9,79.3,79.7,312948.0
2026-10-09,TWSE,2227,裕日車,44.05,44.4,44.05,44.4,15165.0
2026-10-09,TWSE,2228,劍麟,74.9,74.9,74.0,74.0,48439.0
2026-10-09,TWSE,2231,為升,91.9,91.9,90.8,91.3,106345.0
2026-10-09,TWSE,2233,宇隆,167.0,167.0,164.0,164.0,278406.0
2026-10-09,TWSE,2236,百達-KY,84.3,84.3,80.6,81.6,1266621.0
2026-10-09,TWSE,2237,華德動能-創,26.55,26.55,25.1,25.1,287687.0
2026-10-09,TWSE,2239,英利-KY,18.0,18.2,17.65,17.8,173414.0
2026-10-09,TWSE,2241,艾姆勒,53.4,57.2,50.4,50.5,24358166.0
2026-10-09,TWSE,2243,宏旭-KY,60.1,61.1,57.7,59.3,410316.0
2026-10-09,TWSE,2247,汎德永業,224.5,231.0,224.5,226.0,83255.0
2026-10-09,TWSE,2248,華勝-KY,60.3,60.3,60.3,60.3,1552.0
2026-10-09,TWSE,2250,IKKA-KY,55.0,55.0,54.7,54.8,22070.0
2026-10-09,TWSE,2254,巨鎧精密-創,93.4,94.4,91.4,92.3,4072745.0
2026-10-09,TWSE,2258,鴻華先進-創,31.0,31.1,30.5,30.55,295158.0
2026-10-09,TWSE,2301,光寶科,299.0,301.0,292.0,297.5,13602817.0
2026-10-09,TWSE,2302,麗正,47.9,50.5,47.9,50.1,8075515.0
2026-10-09,TWSE,2303,聯電,147.5,149.5,147.0,147.5,83054214.0
2026-10-09,TWSE,2305,全友,62.3,64.7,62.2,64.7,10587437.0
2026-10-09,TWSE,2308,台達電,1980.0,1990.0,1950.0,1965.0,5522606.0
2026-10-09,TWSE,2312,金寶,30.85,31.0,30.6,30.65,4780638.0
2026-10-09,TWSE,2313,華通,244.0,251.0,242.5,248.0,23659309.0
2026-10-09,TWSE,2314,台揚,10.9,10.9,10.8,10.9,82527.0
2026-10-09,TWSE,2316,楠梓電,179.0,179.0,170.0,171.0,3078991.0
2026-10-09,TWSE,2317,鴻海,251.0,251.0,249.0,249.0,40251153.0
2026-10-09,TWSE,2321,東訊,25.6,25.6,25.6,25.6,3237.0
2026-10-09,TWSE,2324,仁寶,35.75,35.75,35.4,35.5,22142016.0
2026-10-09,TWSE,2327,國巨*,640.0,647.0,619.0,635.0,47359893.0
2026-10-09,TWSE,2328,廣宇,48.0,48.25,47.8,48.05,878176.0
2026-10-09,TWSE,2329,華泰,44.8,45.15,43.55,44.5,4606023.0
2026-10-09,TWSE,2330,台積電,2550.0,2575.0,2550.0,2550.0,23145193.0
2026-10-09,TWSE,2331,精英,19.0,19.0,18.8,18.8,608687.0
2026-10-09,TWSE,2332,友訊,21.1,21.3,20.7,20.8,14883125.0
2026-10-09,TWSE,2337,旺宏,119.5,121.5,116.0,116.0,37118275.0
2026-10-09,TWSE,2338,光罩,47.4,48.75,47.1,47.1,3311653.0
2026-10-09,TWSE,2340,台亞,48.5,52.9,47.8,52.9,65067891.0
2026-10-09,TWSE,2342,茂矽,49.9,50.5,48.85,49.15,3147398.0
2026-10-09,TWSE,2344,華邦電,181.0,182.0,177.0,177.0,70323153.0
2026-10-09,TWSE,2345,智邦,1990.0,2100.0,1970.0,2070.0,4468860.0
2026-10-09,TWSE,2347,聯強,96.0,97.8,96.0,96.4,1894748.0
2026-10-09,TWSE,2348,海悅,70.8,71.3,70.7,71.3,224125.0
2026-10-09,TWSE,2349,錸德,10.3,10.4,10.25,10.35,1015415.0
2026-10-09,TWSE,2351,順德,217.0,221.5,216.0,216.0,2299445.0
2026-10-09,TWSE,2352,佳世達,29.0,29.0,28.5,28.55,4105923.0
2026-10-09,TWSE,2353,宏碁,31.2,31.55,31.05,31.3,7952664.0
2026-10-09,TWSE,2354,鴻準,62.1,62.6,61.7,62.0,5400700.0
2026-10-09,TWSE,2355,敬鵬,44.65,45.4,44.5,45.2,4146745.0
2026-10-09,TWSE,2356,英業達,57.9,58.1,57.5,57.5,10790156.0
2026-10-09,TWSE,2357,華碩,989.0,1005.0,987.0,996.0,1843783.0
2026-10-09,TWSE,2359,所羅門,127.5,130.0,125.0,127.0,1582863.0
2026-10-09,TWSE,2360,致茂,2365.0,2390.0,2315.0,2330.0,1763765.0
2026-10-09,TWSE,2362,藍天,46.35,46.85,46.35,46.75,397329.0
2026-10-09,TWSE,2363,矽統,59.0,59.5,56.8,57.8,11131063.0
2026-10-09,TWSE,2364,倫飛,64.2,64.5,63.4,64.4,125075.0
2026-10-09,TWSE,2365,昆盈,27.7,27.7,27.25,27.5,719503.0
2026-10-09,TWSE,2367,燿華,47.0,47.2,45.9,45.9,7223077.0
2026-10-09,TWSE,2368,金像電,1245.0,1290.0,1210.0,1285.0,9733403.0
2026-10-09,TWSE,2369,菱生,32.6,32.7,31.65,32.0,4645610.0
2026-10-09,TWSE,2371,大同,30.4,30.55,30.15,30.4,6095902.0
2026-10-09,TWSE,2373,震旦行,52.5,52.5,52.2,52.4,13499.0
2026-10-09,TWSE,2374,佳能,66.6,66.7,66.1,66.2,856173.0
2026-10-09,TWSE,2375,凱美,129.0,134.0,125.0,130.5,5700699.0
2026-10-09,TWSE,2376,技嘉,362.0,365.0,360.0,363.0,3869304.0
2026-10-09,TWSE,2377,微星,155.5,157.0,153.5,154.5,3266008.0
2026-10-09,TWSE,2379,瑞昱,736.0,750.0,736.0,749.0,1176621.0
2026-10-09,TWSE,2380,虹光,15.8,15.85,15.6,15.85,175232.0
2026-10-09,TWSE,2382,廣達,328.0,328.5,321.0,325.5,17570025.0
2026-10-09,TWSE,2383,台光電,5910.0,6065.0,5745.0,6000.0,1859243.0
2026-10-09,TWSE,2385,群光,104.0,106.0,104.0,104.0,1970840.0
2026-10-09,TWSE,2387,精元,36.1,36.25,36.05,36.15,112207.0
2026-10-09,TWSE,2388,威盛,71.5,71.8,70.4,70.9,1175217.0
2026-10-09,TWSE,2390,云辰,10.05,10.25,10.05,10.15,273942.0
2026-10-09,TWSE,2392,正崴,40.55,40.7,40.15,40.2,1774063.0
2026-10-09,TWSE,2393,億光,67.9,68.5,67.5,67.8,1868693.0
2026-10-09,TWSE,2395,研華,725.0,729.0,714.0,727.0,1858129.0
2026-10-09,TWSE,2397,友通,63.4,65.5,63.1,65.1,344504.0
2026-10-09,TWSE,2399,映泰,49.55,50.0,48.95,49.2,2526380.0
2026-10-09,TWSE,2401,凌陽,26.25,26.5,25.9,26.0,1959236.0
2026-10-09,TWSE,2402,毅嘉,61.6,62.2,60.8,61.0,2515996.0
2026-10-09,TWSE,2404,漢唐,1315.0,1315.0,1285.0,1305.0,1100607.0
2026-10-09,TWSE,2405,輔信,15.05,15.15,15.0,15.05,533878.0
2026-10-09,TWSE,2406,國碩,30.6,30.75,30.05,30.05,3079368.0
2026-10-09,TWSE,2408,南亞科,522.0,537.0,522.0,532.0,64506140.0
2026-10-09,TWSE,2409,友達,37.4,37.75,36.5,36.6,275388154.0
2026-10-09,TWSE,2412,中華電,145.0,146.5,145.0,146.5,9157281.0
2026-10-09,TWSE,2413,環科,56.5,58.4,56.0,57.2,3876566.0
2026-10-09,TWSE,2414,精技,54.2,54.2,53.9,53.9,77277.0
2026-10-09,TWSE,2415,錩新,29.2,29.2,28.3,28.6,441334.0
2026-10-09,TWSE,2417,圓剛,38.1,38.1,37.5,37.5,347505.0
2026-10-09,TWSE,2419,仲琦,27.4,27.4,27.0,27.0,625645.0
2026-10-09,TWSE,2420,新巨,56.3,57.0,56.2,56.6,200301.0
2026-10-09,TWSE,2421,建準,171.0,172.0,167.0,168.0,1778851.0
2026-10-09,TWSE,2423,固緯,70.5,71.4,70.5,70.8,65121.0
2026-10-09,TWSE,2424,隴華,9.68,9.79,9.41,9.79,90511.0
2026-10-09,TWSE,2425,承啟,36.75,36.75,35.75,35.75,543343.0
2026-10-09,TWSE,2426,鼎元,102.5,103.5,100.0,103.0,14116528.0
2026-10-09,TWSE,2427,三商電,22.95,23.05,22.85,22.9,236919.0
2026-10-09,TWSE,2428,興勤,272.0,286.0,267.0,282.0,3595495.0
2026-10-09,TWSE,2429,銘旺科,30.3,30.3,29.6,30.0,295187.0
2026-10-09,TWSE,2430,燦坤,17.6,17.6,17.3,17.4,40348.0
2026-10-09,TWSE,2431,聯昌,10.0,10.05,9.98,10.05,92989.0
2026-10-09,TWSE,2432,倚天酷碁-創,28.4,29.0,28.4,28.8,109044.0
2026-10-09,TWSE,2433,互盛電,39.5,39.55,39.25,39.4,57799.0
2026-10-09,TWSE,2434,統懋,60.5,60.5,58.9,59.0,154832.0
2026-10-09,TWSE,2436,偉詮電,72.4,72.4,71.2,71.2,2437971.0
2026-10-09,TWSE,2438,翔耀,19.15,19.35,19.1,19.3,39221.0
2026-10-09,TWSE,2439,美律,79.0,81.1,78.4,80.6,4244452.0
2026-10-09,TWSE,2440,太空梭,14.1,14.15,13.95,14.15,137843.0
2026-10-09,TWSE,2441,超豐,125.5,128.5,123.5,127.0,4126182.0
2026-10-09,TWSE,2442,新美齊,13.9,14.05,13.9,14.0,939219.0
2026-10-09,TWSE,2444,兆勁,15.6,15.75,15.0,15.5,1403206.0
2026-10-09,TWSE,2449,京元電子,295.5,310.0,284.0,304.5,52163924.0
2026-10-09,TWSE,2450,神腦,28.1,28.15,27.95,28.1,133273.0
2026-10-09,TWSE,2451,創見,286.0,290.5,283.0,284.5,2753726.0
2026-10-09,TWSE,2453,凌群,53.3,53.3,53.0,53.1,133587.0
2026-10-09,TWSE,2454,聯發科,4800.0,4850.0,4690.0,4690.0,8868204.0
2026-10-09,TWSE,2455,全新,555.0,571.0,546.0,558.0,6225339.0
2026-10-09,TWSE,2457,飛宏,22.0,22.0,21.7,21.75,724313.0
2026-10-09,TWSE,2458,義隆,133.0,135.0,131.5,132.0,1199825.0
2026-10-09,TWSE,2459,敦吉,64.9,65.1,64.8,65.0,37570.0
2026-10-09,TWSE,2460,建通,30.4,30.5,30.0,30.4,150845.0
2026-10-09,TWSE,2461,光群雷,17.2,17.2,16.85,17.0,592551.0
2026-10-09,TWSE,2462,良得電,20.2,20.2,19.9,20.0,95716.0
2026-10-09,TWSE,2464,盟立,190.0,190.5,185.5,187.0,6100079.0
2026-10-09,TWSE,2465,麗臺,88.4,88.4,85.4,85.7,2324584.0
2026-10-09,TWSE,2466,冠西電,180.5,198.5,180.0,198.5,1622066.0
2026-10-09,TWSE,2467,志聖,567.0,567.0,547.0,552.0,967006.0
2026-10-09,TWSE,2468,華經,41.85,42.85,40.5,40.65,1543949.0
2026-10-09,TWSE,2471,資通,51.5,51.5,51.0,51.0,64233.0
2026-10-09,TWSE,2472,立隆電,241.0,246.0,232.0,243.5,6727054.0
2026-10-09,TWSE,2474,可成,198.0,198.0,195.0,195.5,1923654.0
2026-10-09,TWSE,2476,鉅祥,131.5,134.5,129.0,130.5,2585178.0
2026-10-09,TWSE,2477,美隆電,22.6,22.65,22.4,22.4,117304.0
2026-10-09,TWSE,2478,大毅,133.0,136.0,129.0,134.5,6335417.0
2026-10-09,TWSE,2480,敦陽科,166.0,167.0,165.0,165.0,142698.0
2026-10-09,TWSE,2481,強茂,175.0,176.5,172.0,172.5,16653402.0
2026-10-09,TWSE,2482,連宇,16.05,16.15,16.05,16.15,64732.0
2026-10-09,TWSE,2483,百容,39.45,39.55,38.25,38.3,1215580.0
2026-10-09,TWSE,2484,希華,86.0,92.2,83.5,90.6,40860865.0
2026-10-09,TWSE,2485,兆赫,42.8,43.0,41.4,41.55,11432071.0
2026-10-09,TWSE,2486,一詮,238.0,239.5,234.5,238.5,2524750.0
2026-10-09,TWSE,2488,漢平,49.95,49.95,49.6,49.8,69677.0
2026-10-09,TWSE,2489,瑞軒,41.75,42.4,40.7,41.0,24905528.0
2026-10-09,TWSE,2491,吉祥全,39.7,39.75,38.75,38.85,709697.0
2026-10-09,TWSE,2492,華新科,431.0,431.5,400.0,420.0,64684125.0
2026-10-09,TWSE,2493,揚博,213.5,222.0,209.5,216.5,2517707.0
2026-10-09,TWSE,2495,普安,37.65,38.2,37.25,37.85,850574.0
2026-10-09,TWSE,2496,卓越,54.9,54.9,54.8,54.8,3194.0
2026-10-09,TWSE,2497,怡利電,44.6,44.9,44.15,44.15,175029.0
2026-10-09,TWSE,2498,宏達電,42.35,42.7,42.0,42.0,3186155.0
2026-10-09,TWSE,2501,國建,20.45,20.7,20.45,20.65,639895.0
2026-10-09,TWSE,2504,國產,31.25,32.0,31.15,31.95,3152204.0
2026-10-09,TWSE,2505,國揚,16.95,17.0,16.9,17.0,169874.0
2026-10-09,TWSE,2506,太設,8.33,8.4,8.33,8.4,57863.0
2026-10-09,TWSE,2509,全坤建,13.55,13.65,13.4,13.4,149778.0
2026-10-09,TWSE,2511,太子,8.24,8.25,8.23,8.25,874836.0
2026-10-09,TWSE,2514,龍邦,11.25,11.35,11.25,11.35,28293.0
2026-10-09,TWSE,2515,中工,12.1,12.1,11.85,11.95,4896303.0
2026-10-09,TWSE,2516,新建,15.0,15.25,14.95,15.15,140125.0
2026-10-09,TWSE,2520,冠德,37.0,37.8,37.0,37.35,2106996.0
2026-10-09,TWSE,2524,京城,33.65,33.8,33.4,33.65,26655.0
2026-10-09,TWSE,2527,宏璟,50.6,51.6,50.2,51.1,654541.0
2026-10-09,TWSE,2528,皇普,18.7,18.75,18.6,18.6,262823.0
2026-10-09,TWSE,2530,華建,20.05,20.15,19.95,20.05,391323.0
2026-10-09,TWSE,2534,宏盛,16.6,16.75,16.55,16.65,137378.0
2026-10-09,TWSE,2535,達欣工,90.0,91.5,89.9,91.4,379048.0
2026-10-09,TWSE,2536,宏普,18.4,18.7,18.3,18.7,438812.0
2026-10-09,TWSE,2537,聯上發,11.0,11.0,10.9,10.95,262737.0
2026-10-09,TWSE,2538,基泰,8.73,8.91,8.73,8.91,210241.0
2026-10-09,TWSE,2539,櫻花建,33.8,33.8,33.4,33.45,387268.0
2026-10-09,TWSE,2540,愛山林,49.5,49.6,48.95,49.5,538761.0
2026-10-09,TWSE,2542,興富發,38.75,39.25,38.75,39.05,7886846.0
2026-10-09,TWSE,2543,皇昌,39.15,40.2,38.6,39.6,1051667.0
2026-10-09,TWSE,2545,皇翔,34.0,34.2,33.9,34.15,133586.0
2026-10-09,TWSE,2546,根基,108.5,108.5,107.5,107.5,118056.0
2026-10-09,TWSE,2547,日勝生,9.72,9.81,9.71,9.74,901659.0
2026-10-09,TWSE,2548,華固,91.2,92.2,91.2,91.8,413977.0
2026-10-09,TWSE,2597,潤弘,165.5,165.5,163.5,164.0,124692.0
2026-10-09,TWSE,2601,益航,6.13,6.17,6.05,6.12,1977835.0
2026-10-09,TWSE,2603,長榮,232.5,236.0,231.0,232.5,6766137.0
2026-10-09,TWSE,2605,新興,36.6,36.9,36.25,36.7,5360639.0
2026-10-09,TWSE,2606,裕民,74.3,75.5,74.3,74.9,1440457.0
2026-10-09,TWSE,2607,榮運,55.6,56.5,55.1,56.5,521061.0
2026-10-09,TWSE,2608,嘉里大榮,28.6,28.65,28.5,28.6,352658.0
2026-10-09,TWSE,2609,陽明,59.3,60.4,58.8,59.7,18040282.0
2026-10-09,TWSE,2610,華航,20.25,20.3,20.15,20.15,8141157.0
2026-10-09,TWSE,2611,志信,15.05,15.25,15.0,15.2,316865.0
2026-10-09,TWSE,2612,中航,61.5,62.6,61.3,62.5,203233.0
2026-10-09,TWSE,2613,中櫃,21.9,22.0,21.7,22.0,284984.0
2026-10-09,TWSE,2614,東森,15.45,15.45,15.15,15.35,1190055.0
2026-10-09,TWSE,2615,萬海,112.0,113.0,110.0,111.5,7883852.0
2026-10-09,TWSE,2616,山隆,13.15,13.15,13.1,13.15,117184.0
2026-10-09,TWSE,2617,台航,31.8,32.25,31.7,32.05,402746.0
2026-10-09,TWSE,2618,長榮航,41.95,41.95,41.4,41.4,10803570.0
2026-10-09,TWSE,2630,亞航,45.55,45.6,45.2,45.2,485289.0
2026-10-09,TWSE,2633,台灣高鐵,25.6,25.75,25.6,25.7,4258468.0
2026-10-09,TWSE,2634,漢翔,63.6,63.8,62.9,63.2,3881289.0
2026-10-09,TWSE,2636,台驊控股,70.5,70.5,69.9,70.1,102995.0
2026-10-09,TWSE,2637,慧洋-KY,96.8,99.6,96.5,98.4,1706603.0
2026-10-09,TWSE,2642,宅配通,20.2,20.75,20.2,20.4,56294.0
2026-10-09,TWSE,2645,長榮航太,174.0,174.5,171.5,171.5,864228.0
2026-10-09,TWSE,2646,星宇航空,20.1,20.1,20.0,20.1,2479976.0
2026-10-09,TWSE,2701,萬企,10.3,10.3,10.25,10.3,45250.0
2026-10-09,TWSE,2702,華園,12.1,12.15,12.1,12.1,52224.0
2026-10-09,TWSE,2704,國賓,45.25,45.25,44.85,44.95,16099.0
2026-10-09,TWSE,2705,六福,15.1,15.1,15.0,15.05,175799.0
2026-10-09,TWSE,2706,第一店,12.1,12.2,12.05,12.2,71301.0
2026-10-09,TWSE,2707,晶華,175.0,176.0,175.0,176.0,119723.0
2026-10-09,TWSE,2712,遠雄來,13.2,13.3,13.2,13.3,18572.0
2026-10-09,TWSE,2722,夏都,21.7,21.7,21.35,21.5,12290.0
2026-10-09,TWSE,2723,美食-KY,79.8,80.4,79.5,79.8,185438.0
2026-10-09,TWSE,2727,王品,233.0,237.5,233.0,237.5,461658.0
2026-10-09,TWSE,2731,雄獅,144.5,145.5,144.0,145.0,243410.0
2026-10-09,TWSE,2739,寒舍,36.4,36.4,36.05,36.05,29704.0
2026-10-09,TWSE,2748,雲品,39.05,39.05,38.65,38.9,21393.0
2026-10-09,TWSE,2753,八方雲集,184.0,185.5,183.0,185.0,154120.0
2026-10-09,TWSE,2762,世界健身-KY,77.7,78.4,77.4,77.4,60038.0
2026-10-09,TWSE,2801,彰銀,27.7,28.05,27.65,27.95,19003590.0
2026-10-09,TWSE,2812,台中銀,18.9,18.95,18.8,18.8,3938707.0
2026-10-09,TWSE,2816,旺旺保,40.55,40.85,40.35,40.8,230213.0
2026-10-09,TWSE,2820,華票,16.85,16.95,16.85,16.85,928648.0
2026-10-09,TWSE,2832,台產,56.9,56.9,56.6,56.8,33157.0
2026-10-09,TWSE,2834,臺企銀,17.55,17.6,17.4,17.45,18055906.0
2026-10-09,TWSE,2836,高雄銀,12.1,12.15,12.05,12.05,1112997.0
2026-10-09,TWSE,2838,聯邦銀,20.65,20.65,20.35,20.4,859678.0
2026-10-09,TWSE,2845,遠東銀,12.95,13.05,12.9,12.95,2834741.0
2026-10-09,TWSE,2849,安泰銀,15.5,15.55,15.3,15.35,39363.0
2026-10-09,TWSE,2850,新產,163.0,165.0,162.0,164.5,181090.0
2026-10-09,TWSE,2851,中再保,48.0,48.3,47.2,47.95,1780079.0
2026-10-09,TWSE,2852,第一保,27.65,27.75,27.6,27.75,171093.0
2026-10-09,TWSE,2855,統一證,57.7,58.9,57.0,58.6,3552765.0
2026-10-09,TWSE,2880,華南金,46.6,47.15,45.8,45.8,8913162.0
2026-10-09,TWSE,2881,富邦金,154.5,155.5,152.5,153.0,14629239.0
2026-10-09,TWSE,2882,國泰金,113.0,113.5,110.0,110.0,19899995.0
2026-10-09,TWSE,2883,凱基金,38.5,38.65,37.4,37.55,48071468.0
2026-10-09,TWSE,2884,玉山金,45.75,45.95,45.0,45.0,15444625.0
2026-10-09,TWSE,2885,元大金,69.7,70.0,68.3,68.3,20844987.0
2026-10-09,TWSE,2886,兆豐金,49.75,50.1,49.25,49.3,23894687.0
2026-10-09,TWSE,2887,台新新光金,41.95,42.5,40.95,41.0,46651176.0
2026-10-09,TWSE,2889,國票金,16.35,16.55,16.35,16.5,5521450.0
2026-10-09,TWSE,2890,永豐金,45.0,45.25,44.05,44.05,21027714.0
2026-10-09,TWSE,2891,中信金,68.7,69.2,67.3,67.3,24637558.0
2026-10-09,TWSE,2892,第一金,38.8,39.25,38.6,38.65,14704600.0
2026-10-09,TWSE,2897,王道銀行,10.65,10.75,10.6,10.7,2355292.0
2026-10-09,TWSE,2901,欣欣,25.2,25.25,25.1,25.1,39791.0
2026-10-09,TWSE,2903,遠百,22.0,22.15,22.0,22.15,1239860.0
2026-10-09,TWSE,2904,匯僑,12.65,12.65,12.55,12.6,31260.0
2026-10-09,TWSE,2905,三商,17.65,17.75,17.6,17.65,346574.0
2026-10-09,TWSE,2906,高林,13.25,14.4,13.25,14.1,610377.0
2026-10-09,TWSE,2908,特力,22.0,22.05,21.9,22.0,261587.0
2026-10-09,TWSE,2910,統領,23.6,23.6,23.5,23.6,6015.0
2026-10-09,TWSE,2911,麗嬰房,5.95,5.95,5.89,5.95,56793.0
2026-10-09,TWSE,2912,統一超,212.5,213.5,211.5,213.0,1914231.0
2026-10-09,TWSE,2913,農林,10.95,11.0,10.9,10.95,535963.0
2026-10-09,TWSE,2915,潤泰全,58.3,59.1,58.2,58.9,1388005.0
2026-10-09,TWSE,2923,鼎固-KY,23.2,24.15,23.2,24.0,20967.0
2026-10-09,TWSE,2929,淘帝-KY,5.82,5.82,5.72,5.76,65759.0
2026-10-09,TWSE,2939,永邑-KY,24.3,24.3,23.5,23.6,50001.0
2026-10-09,TWSE,2945,三商家購,39.25,39.4,39.25,39.4,3602.0
2026-10-09,TWSE,3002,歐格,18.8,19.25,18.7,18.75,135219.0
2026-10-09,TWSE,3003,健和興,58.2,58.5,58.0,58.0,204134.0
2026-10-09,TWSE,3004,豐達科,121.0,121.0,119.5,120.5,112553.0
2026-10-09,TWSE,3005,神基,118.0,118.5,117.0,118.5,1153504.0
2026-10-09,TWSE,3006,晶豪科,273.0,275.5,266.0,267.0,6905752.0
2026-10-09,TWSE,3008,大立光,6805.0,6930.0,6600.0,6660.0,1919149.0
2026-10-09,TWSE,3010,華立,132.0,133.0,131.0,132.5,535608.0
2026-10-09,TWSE,3011,今皓,10.0,10.0,9.85,9.87,260277.0
2026-10-09,TWSE,3013,晟銘電,95.3,98.8,94.7,97.9,6377587.0
2026-10-09,TWSE,3014,聯陽,147.5,147.5,145.0,145.0,2401375.0
2026-10-09,TWSE,3015,全漢,52.6,52.6,51.7,51.7,352609.0
2026-10-09,TWSE,3016,嘉晶,193.0,194.5,178.5,183.5,6352536.0
2026-10-09,TWSE,3017,奇鋐,3445.0,3515.0,3410.0,3440.0,3162171.0
2026-10-09,TWSE,3018,隆銘綠能,11.15,11.5,10.95,11.0,125096.0
2026-10-09,TWSE,3019,亞光,138.5,139.0,137.0,137.0,1612834.0
2026-10-09,TWSE,3021,鴻名,27.55,27.55,26.6,27.1,677051.0
2026-10-09,TWSE,3022,威強電,90.7,92.0,89.4,90.3,745802.0
2026-10-09,TWSE,3023,信邦,323.0,330.0,323.0,329.0,633236.0
2026-10-09,TWSE,3024,憶聲,13.8,14.15,13.65,13.95,817599.0
2026-10-09,TWSE,3025,星通,58.1,58.5,55.9,56.2,620733.0
2026-10-09,TWSE,3026,禾伸堂,832.0,888.0,812.0,877.0,15755457.0
2026-10-09,TWSE,3027,盛達,19.95,19.95,19.05,19.1,278380.0
2026-10-09,TWSE,3028,增你強,62.9,63.8,62.7,63.6,536355.0
2026-10-09,TWSE,3029,零壹,115.0,117.0,114.5,114.5,750650.0
2026-10-09,TWSE,3030,德律,311.0,316.0,307.0,313.5,2226309.0
2026-10-09,TWSE,3031,佰鴻,33.0,35.0,33.0,33.2,5354509.0
2026-10-09,TWSE,3032,偉訓,76.8,77.6,76.6,77.0,184585.0
2026-10-09,TWSE,3033,威健,41.6,41.9,41.55,41.55,1689198.0
2026-10-09,TWSE,3034,聯詠,533.0,538.0,528.0,531.0,2274331.0
2026-10-09,TWSE,3035,智原,210.0,210.0,201.5,202.0,3361860.0
2026-10-09,TWSE,3036,文曄,213.5,217.0,212.0,215.5,5320995.0
2026-10-09,TWSE,3037,欣興,1280.0,1295.0,1255.0,1270.0,8778348.0
2026-10-09,TWSE,3038,全台,20.5,20.5,20.3,20.4,64467.0
2026-10-09,TWSE,3040,遠見,33.0,33.0,32.05,32.05,557899.0
2026-10-09,TWSE,3041,揚智,24.05,24.05,23.55,23.85,463783.0
2026-10-09,TWSE,3042,晶技,207.5,215.0,203.5,211.0,12700456.0
2026-10-09,TWSE,3043,科風,20.85,20.9,20.55,20.55,44814.0
2026-10-09,TWSE,3044,健鼎,571.0,594.0,568.0,582.0,1992606.0
2026-10-09,TWSE,3045,台灣大,122.0,124.0,122.0,124.0,5981974.0
2026-10-09,TWSE,3046,建碁,52.7,53.0,52.2,52.3,170768.0
2026-10-09,TWSE,3047,訊舟,14.4,14.5,14.3,14.35,323561.0
2026-10-09,TWSE,3048,益登,54.8,58.3,54.8,57.0,12195758.0
2026-10-09,TWSE,3049,精金,12.2,12.2,12.0,12.0,2627719.0
2026-10-09,TWSE,3050,鈺德,11.6,11.7,11.55,11.6,305743.0
2026-10-09,TWSE,3051,力特,22.35,22.45,22.2,22.25,339876.0
2026-10-09,TWSE,3052,夆典,10.45,10.5,10.45,10.45,103204.0
2026-10-09,TWSE,3054,立萬利,58.5,58.9,58.1,58.1,43150.0
2026-10-09,TWSE,3055,蔚華科,223.0,223.0,219.0,223.0,382468.0
2026-10-09,TWSE,3056,富華新,13.65,13.75,13.55,13.75,559732.0
2026-10-09,TWSE,3057,喬鼎,15.0,15.6,14.95,15.6,86830.0
2026-10-09,TWSE,3058,立德,8.2,8.42,8.2,8.32,581368.0
2026-10-09,TWSE,3059,華晶科,38.5,38.5,38.0,38.1,754979.0
2026-10-09,TWSE,3060,銘異,29.2,29.35,28.75,28.75,585018.0
2026-10-09,TWSE,3062,建漢,22.2,22.45,22.1,22.2,955361.0
2026-10-09,TWSE,3090,日電貿,174.5,176.0,169.0,174.0,4378156.0
2026-10-09,TWSE,3092,鴻碩,24.15,24.2,24.05,24.15,74559.0
2026-10-09,TWSE,3094,聯傑,67.6,69.4,66.6,69.3,2340936.0
2026-10-09,TWSE,3130,一零四,208.5,208.5,207.5,207.5,15925.0
2026-10-09,TWSE,3135,凌航,157.0,159.0,157.0,157.5,370311.0
2026-10-09,TWSE,3138,耀登,102.0,102.0,99.6,99.6,255612.0
2026-10-09,TWSE,3149,正達,76.3,76.9,75.0,76.6,5409258.0
2026-10-09,TWSE,3150,鈺寶-創,15.1,15.6,15.1,15.6,32301.0
2026-10-09,TWSE,3164,景岳,16.7,16.95,16.6,16.95,54708.0
2026-10-09,TWSE,3167,大量,1025.0,1055.0,990.0,1055.0,1101230.0
2026-10-09,TWSE,3168,眾福科,42.1,42.1,41.8,42.1,5020.0
2026-10-09,TWSE,3189,景碩,1080.0,1095.0,1040.0,1075.0,7260373.0
2026-10-09,TWSE,3209,全科,46.95,47.05,46.2,46.55,1058254.0
2026-10-09,TWSE,3229,晟鈦,55.4,56.5,55.1,55.4,613684.0
2026-10-09,TWSE,3231,緯創,184.0,190.0,182.5,188.5,45639422.0
2026-10-09,TWSE,3257,虹冠電,49.2,49.45,48.9,49.25,63030.0
2026-10-09,TWSE,3266,昇陽,13.85,14.0,13.85,14.0,11552.0
2026-10-09,TWSE,3296,勝德,28.2,28.55,28.0,28.55,56987.0
2026-10-09,TWSE,3305,昇貿,110.5,111.0,109.5,110.5,816273.0
2026-10-09,TWSE,3308,聯德,22.75,22.75,21.75,22.25,29699.0
2026-10-09,TWSE,3311,閎暉,47.5,49.95,45.6,46.9,3851085.0
2026-10-09,TWSE,3312,弘憶股,51.5,51.6,50.8,50.9,380296.0
2026-10-09,TWSE,3321,同泰,17.65,17.65,17.2,17.35,120960.0
2026-10-09,TWSE,3338,泰碩,70.4,70.4,67.8,68.5,589245.0
2026-10-09,TWSE,3346,麗清,22.5,22.5,22.0,22.0,803921.0
2026-10-09,TWSE,3356,奇偶,67.5,67.5,66.6,66.7,223140.0
2026-10-09,TWSE,3376,新日興,168.0,171.5,166.0,169.5,1971837.0
2026-10-09,TWSE,3380,明泰,30.5,30.8,30.25,30.3,1573212.0
2026-10-09,TWSE,3406,玉晶光,1070.0,1105.0,1060.0,1060.0,3077733.0
2026-10-09,TWSE,3413,京鼎,288.0,291.0,285.5,289.5,467074.0
2026-10-09,TWSE,3416,融程電,176.0,185.0,174.5,182.0,1929356.0
2026-10-09,TWSE,3419,譁裕,11.9,12.25,11.9,11.95,73834.0
2026-10-09,TWSE,3432,台端,14.75,14.75,14.5,14.5,16100.0
2026-10-09,TWSE,3437,榮創,21.2,21.65,21.1,21.15,432014.0
2026-10-09,TWSE,3443,創意,8550.0,8600.0,8325.0,8360.0,1221589.0
2026-10-09,TWSE,3447,展達,28.1,30.25,27.6,30.25,675327.0
2026-10-09,TWSE,3450,聯鈞,528.0,533.0,518.0,522.0,4811409.0
2026-10-09,TWSE,3481,群創,51.7,52.5,51.0,51.0,79977662.0
2026-10-09,TWSE,3494,誠研,7.07,7.14,7.01,7.09,39805.0
2026-10-09,TWSE,3501,維熹,38.0,38.2,37.8,37.95,73636.0
2026-10-09,TWSE,3504,揚明光,83.6,85.5,82.5,82.6,782513.0
2026-10-09,TWSE,3515,華擎,220.0,220.5,218.0,218.5,221639.0
2026-10-09,TWSE,3518,柏騰,49.15,50.0,48.5,49.5,1747751.0
2026-10-09,TWSE,3528,安馳,86.0,86.5,85.3,86.0,243459.0
2026-10-09,TWSE,3530,晶相光,58.4,58.4,57.6,57.6,108275.0
2026-10-09,TWSE,3532,台勝科,515.0,518.0,474.0,509.0,12901050.0
2026-10-09,TWSE,3533,嘉澤,1820.0,1935.0,1820.0,1915.0,2318237.0
2026-10-09,TWSE,3535,晶彩科,91.5,94.4,91.2,92.5,801848.0
2026-10-09,TWSE,3543,州巧,55.0,57.7,54.6,56.1,4636504.0
2026-10-09,TWSE,3545,敦泰,49.1,49.8,48.9,49.0,625123.0
2026-10-09,TWSE,3550,聯穎,24.55,24.6,23.8,23.9,1109730.0
2026-10-09,TWSE,3557,嘉威,23.65,24.0,23.65,24.0,38660.0
2026-10-09,TWSE,3563,牧德,733.0,742.0,728.0,730.0,457739.0
2026-10-09,TWSE,3576,聯合再生,18.35,18.5,18.15,18.15,6024508.0
2026-10-09,TWSE,3583,辛耘,738.0,745.0,730.0,736.0,529456.0
2026-10-09,TWSE,3588,通嘉,54.2,54.9,53.2,53.2,513220.0
2026-10-09,TWSE,3591,艾笛森,26.4,29.25,26.4,29.1,2655399.0
2026-10-09,TWSE,3592,瑞鼎,236.0,236.0,233.0,235.5,342873.0
2026-10-09,TWSE,3593,力銘,10.4,11.6,10.4,11.6,2767.0
2026-10-09,TWSE,3596,智易,156.5,157.5,155.5,156.5,712901.0
2026-10-09,TWSE,3605,宏致,166.0,166.0,163.0,163.0,3349021.0
2026-10-09,TWSE,3607,谷崧,13.95,14.0,13.85,13.85,54407.0
2026-10-09,TWSE,3617,碩天,241.0,243.0,240.5,241.5,219126.0
2026-10-09,TWSE,3622,洋華,46.7,47.7,46.15,46.2,286945.0
2026-10-09,TWSE,3645,達邁,74.1,74.9,72.7,73.0,1276805.0
2026-10-09,TWSE,3652,精聯,35.45,35.45,34.7,35.25,55539.0
2026-10-09,TWSE,3653,健策,6800.0,7245.0,6775.0,7165.0,1628778.0
2026-10-09,TWSE,3661,世芯-KY,4165.0,4480.0,4155.0,4345.0,4922967.0
2026-10-09,TWSE,3665,貿聯-KY,2335.0,2400.0,2300.0,2360.0,3678479.0
2026-10-09,TWSE,3669,圓展,32.2,32.5,32.2,32.25,53640.0
2026-10-09,TWSE,3673,TPK-KY,75.6,76.3,74.4,74.4,6386854.0
2026-10-09,TWSE,3679,新至陞,107.5,108.0,107.5,108.0,16905.0
2026-10-09,TWSE,3686,達能,15.85,15.85,15.45,15.5,56538.0
2026-10-09,TWSE,3694,海華,51.7,51.8,50.8,51.0,560707.0
2026-10-09,TWSE,3701,大眾控,61.5,63.2,60.6,63.0,2916380.0
2026-10-09,TWSE,3702,大聯大,118.0,120.0,116.5,117.5,9697256.0
2026-10-09,TWSE,3703,欣陸,19.35,19.55,19.35,19.5,236677.0
2026-10-09,TWSE,3704,合勤控,39.65,39.65,39.0,39.1,958411.0
2026-10-09,TWSE,3705,永信,57.8,60.0,57.8,59.1,944782.0
2026-10-09,TWSE,3706,神達,80.6,80.8,80.0,80.6,4422501.0
2026-10-09,TWSE,3708,上緯投控,95.2,96.8,94.1,94.1,375358.0
2026-10-09,TWSE,3711,日月光投控,732.0,752.0,715.0,744.0,15989835.0
2026-10-09,TWSE,3712,永崴投控,20.3,20.35,20.1,20.2,366814.0
2026-10-09,TWSE,3714,富采,67.0,67.5,66.3,67.0,4115502.0
2026-10-09,TWSE,3715,定穎投控,136.5,140.0,133.5,137.5,7402491.0
2026-10-09,TWSE,3716,中化控股,33.85,34.3,33.7,34.15,308038.0
2026-10-09,TWSE,3717,聯嘉投控,27.45,29.0,27.2,27.75,10210938.0
2026-10-09,TWSE,4104,佳醫,72.0,72.2,71.8,72.0,80319.0
2026-10-09,TWSE,4106,雃博,24.25,24.6,24.15,24.4,143282.0
2026-10-09,TWSE,4108,懷特,11.3,11.75,11.3,11.55,422962.0
2026-10-09,TWSE,4119,旭富,53.6,54.4,53.5,54.4,118464.0
2026-10-09,TWSE,4133,亞諾法,22.5,23.5,21.9,22.65,2091592.0
2026-10-09,TWSE,4137,麗豐-KY,76.4,77.3,76.4,77.2,113713.0
2026-10-09,TWSE,4142,國光生,18.55,19.45,18.55,19.2,5514090.0
2026-10-09,TWSE,4148,全宇生技-KY,32.1,32.3,31.75,31.95,14124.0
2026-10-09,TWSE,4164,承業醫,28.15,28.6,28.0,28.0,268018.0
2026-10-09,TWSE,4169,泰宗,149.5,150.0,147.5,147.5,94383.0
2026-10-09,TWSE,4178,永笙-KY,18.35,19.85,17.9,19.6,1436529.0
2026-10-09,TWSE,4190,佐登-KY,24.5,24.5,24.5,24.5,4898.0
2026-10-09,TWSE,4195,基米-創,15.85,16.65,15.8,16.3,107040.0
2026-10-09,TWSE,4306,炎洲,14.5,14.65,14.45,14.55,455159.0
2026-10-09,TWSE,4414,如興,8.07,8.11,8.05,8.07,124616.0
2026-10-09,TWSE,4426,利勤,7.59,7.6,7.54,7.6,26574.0
2026-10-09,TWSE,4438,廣越,56.5,56.6,56.3,56.6,25863.0
2026-10-09,TWSE,4439,冠星-KY,96.5,96.8,94.8,96.8,18000.0
2026-10-09,TWSE,4440,宜新實業,17.45,17.5,17.4,17.45,54471.0
2026-10-09,TWSE,4441,振大環球,171.0,171.5,169.5,171.5,96143.0
2026-10-09,TWSE,4526,東台,33.35,33.35,33.0,33.0,998203.0
2026-10-09,TWSE,4532,瑞智,24.6,24.65,24.35,24.4,542602.0
2026-10-09,TWSE,4536,拓凱,159.0,160.0,158.0,159.0,65967.0
2026-10-09,TWSE,4540,全球傳動,58.6,58.9,57.3,57.5,1442056.0
2026-10-09,TWSE,4545,銘鈺,38.35,38.8,37.7,38.35,100208.0
2026-10-09,TWSE,4551,智伸科,185.0,188.0,182.5,184.0,1706883.0
2026-10-09,TWSE,4552,力達-KY,15.3,15.35,15.15,15.35,186928.0
2026-10-09,TWSE,4555,氣立,42.25,42.35,41.85,41.85,108640.0
2026-10-09,TWSE,4557,永新-KY,50.2,50.5,50.1,50.3,52175.0
2026-10-09,TWSE,4560,強信-KY,30.0,30.1,29.8,30.1,189224.0
2026-10-09,TWSE,4562,穎漢,30.3,30.3,29.9,30.0,68965.0
2026-10-09,TWSE,4564,元翎,15.9,16.0,15.6,15.9,1269273.0
2026-10-09,TWSE,4566,時碩工業,76.5,77.7,74.5,76.0,2059570.0
2026-10-09,TWSE,4569,六方科-KY,159.0,159.5,158.0,159.5,11245.0
2026-10-09,TWSE,4571,鈞興-KY,153.0,153.0,151.5,151.5,83578.0
2026-10-09,TWSE,4572,駐龍,139.0,139.0,138.5,138.5,2329.0
2026-10-09,TWSE,4576,大銀微系統,232.0,232.0,226.0,228.5,615355.0
2026-10-09,TWSE,4581,光隆精密-KY,,,,,300.0
2026-10-09,TWSE,4582,聚恆-創,22.2,22.2,21.9,22.0,27689.0
2026-10-09,TWSE,4583,台灣精銳,420.0,427.5,415.5,417.0,156361.0
2026-10-09,TWSE,4585,達明,292.0,293.0,290.0,292.0,89050.0
2026-10-09,TWSE,4588,玖鼎電力,56.5,56.5,55.6,56.5,27307.0
2026-10-09,TWSE,4590,富田-創,88.6,89.2,88.2,88.9,82119.0
2026-10-09,TWSE,4720,德淵,23.65,25.55,23.25,25.55,10555256.0
2026-10-09,TWSE,4722,國精化,222.0,223.0,213.0,215.5,1753043.0
2026-10-09,TWSE,4736,泰博,132.5,138.0,132.0,134.5,470708.0
2026-10-09,TWSE,4737,華廣,55.5,55.6,54.8,55.0,18015.0
2026-10-09,TWSE,4739,康普,87.2,88.7,86.6,87.2,967973.0
2026-10-09,TWSE,4746,台耀,48.0,49.1,47.6,48.95,796418.0
2026-10-09,TWSE,4755,三福化,127.5,133.0,126.5,127.0,754880.0
2026-10-09,TWSE,4763,材料*-KY,46.55,47.65,46.55,46.65,5175182.0
2026-10-09,TWSE,4764,雙鍵,203.5,211.5,199.0,199.0,1656408.0
2026-10-09,TWSE,4766,南寶,360.0,360.0,353.5,354.5,109770.0
2026-10-09,TWSE,4770,上品,276.5,288.5,271.0,282.0,1932651.0
2026-10-09,TWSE,4771,望隼,201.0,204.5,201.0,203.0,68758.0
2026-10-09,TWSE,4807,日成-KY,31.6,34.75,31.6,34.25,538643.0
2026-10-09,TWSE,4904,遠傳,105.0,106.5,105.0,106.0,5949925.0
2026-10-09,TWSE,4906,正文,41.5,42.6,41.5,41.8,5890437.0
2026-10-09,TWSE,4912,聯德控股-KY,111.0,112.5,109.0,109.5,906641.0
2026-10-09,TWSE,4915,致伸,63.5,63.8,63.2,63.3,2530183.0
2026-10-09,TWSE,4916,事欣科,101.5,103.0,101.0,102.0,1647755.0
2026-10-09,TWSE,4919,新唐,157.0,162.0,152.0,155.5,14944364.0
2026-10-09,TWSE,4927,泰鼎-KY,54.0,56.7,53.1,54.2,13275749.0
2026-10-09,TWSE,4930,燦星網,15.95,15.95,15.65,15.7,139642.0
2026-10-09,TWSE,4934,太極,15.6,17.1,15.6,17.1,4681151.0
2026-10-09,TWSE,4935,茂林-KY,33.8,36.0,33.8,34.3,455746.0
2026-10-09,TWSE,4938,和碩,89.4,90.1,89.4,89.7,4938548.0
2026-10-09,TWSE,4942,嘉彰,31.55,31.65,31.5,31.65,24010.0
2026-10-09,TWSE,4943,康控-KY,7.06,7.06,6.64,6.64,12761.0
2026-10-09,TWSE,4949,有成精密,84.0,86.5,83.1,85.3,2358162.0
2026-10-09,TWSE,4952,凌通,49.05,49.4,48.65,48.65,139652.0
2026-10-09,TWSE,4956,光鋐,42.4,44.3,42.0,42.1,4155871.0
2026-10-09,TWSE,4958,臻鼎-KY,593.0,613.0,587.0,592.0,33690659.0
2026-10-09,TWSE,4960,誠美材,24.05,24.3,23.8,23.8,2386573.0
2026-10-09,TWSE,4961,天鈺,179.0,180.0,177.0,178.0,500614.0
2026-10-09,TWSE,4967,十銓,270.0,272.0,268.0,269.5,2190765.0
2026-10-09,TWSE,4968,立積,97.3,97.6,96.5,96.7,243903.0
2026-10-09,TWSE,4976,佳凌,37.95,37.95,37.15,37.3,829556.0
2026-10-09,TWSE,4977,眾達-KY,175.0,175.5,172.0,172.5,1461054.0
2026-10-09,TWSE,4989,榮科,74.2,75.9,71.6,73.2,23775247.0
2026-10-09,TWSE,4994,傳奇,82.3,84.0,80.5,80.5,10191.0
2026-10-09,TWSE,4999,鑫禾,17.7,17.85,17.7,17.75,72362.0
2026-10-09,TWSE,5007,三星,55.7,55.7,55.7,55.7,6070.0
2026-10-09,TWSE,5203,訊連,59.8,62.0,59.2,60.2,273804.0
2026-10-09,TWSE,5215,科嘉-KY,37.7,37.75,37.55,37.7,10151.0
2026-10-09,TWSE,5222,全訊,103.0,103.0,101.5,102.0,215855.0
2026-10-09,TWSE,5225,東科-KY,53.4,58.4,53.4,56.1,781944.0
2026-10-09,TWSE,5234,達興材料,330.0,336.0,323.0,334.0,842776.0
2026-10-09,TWSE,5236,凌陽創新,125.5,125.5,125.0,125.0,102066.0
2026-10-09,TWSE,5243,乙盛-KY,96.8,106.0,96.1,105.0,8145925.0
2026-10-09,TWSE,5244,弘凱,41.25,42.65,40.85,40.85,3110421.0
2026-10-09,TWSE,5258,虹堡,42.0,42.35,41.85,41.9,170268.0
2026-10-09,TWSE,5269,祥碩,1465.0,1490.0,1450.0,1490.0,419714.0
2026-10-09,TWSE,5283,禾聯碩,51.5,51.8,51.3,51.8,92592.0
2026-10-09,TWSE,5284,jpp-KY,285.0,287.0,281.5,282.0,298462.0
2026-10-09,TWSE,5285,界霖,97.9,101.0,93.9,94.4,2498193.0
2026-10-09,TWSE,5288,豐祥-KY,187.0,190.0,187.0,188.5,78477.0
2026-10-09,TWSE,5292,華懋,242.5,250.0,230.0,243.0,538396.0
2026-10-09,TWSE,5306,桂盟,87.8,88.0,87.1,87.6,92262.0
2026-10-09,TWSE,5388,中磊,73.5,73.6,72.9,73.0,1875896.0
2026-10-09,TWSE,5434,崇越,601.0,602.0,593.0,596.0,528342.0
2026-10-09,TWSE,5469,瀚宇博,80.5,80.9,79.4,80.2,1679171.0
2026-10-09,TWSE,5471,松翰,51.6,51.6,50.6,50.8,853047.0
2026-10-09,TWSE,5484,慧友,38.95,39.0,38.3,38.65,87393.0
2026-10-09,TWSE,5515,建國,52.1,52.9,52.0,52.7,308880.0
2026-10-09,TWSE,5519,隆大,24.7,24.75,24.6,24.7,113787.0
2026-10-09,TWSE,5521,工信,11.1,11.1,10.95,11.05,1111395.0
2026-10-09,TWSE,5522,遠雄,61.0,61.3,60.7,60.8,361756.0
2026-10-09,TWSE,5525,順天,21.95,21.95,21.85,21.95,18637.0
2026-10-09,TWSE,5531,鄉林,7.01,7.05,6.91,6.97,405631.0
2026-10-09,TWSE,5533,皇鼎,14.0,14.05,13.9,14.05,42001.0
2026-10-09,TWSE,5534,長虹,71.4,72.5,71.2,72.2,540323.0
2026-10-09,TWSE,5538,東明-KY,36.1,36.45,36.1,36.2,66560.0
2026-10-09,TWSE,5546,永固-KY,13.5,13.7,13.1,13.5,72022.0
2026-10-09,TWSE,5607,遠雄港,52.5,52.9,52.3,52.8,249299.0
2026-10-09,TWSE,5608,四維航,16.55,16.6,16.4,16.5,1056049.0
2026-10-09,TWSE,5706,鳳凰,44.7,44.7,44.2,44.2,111738.0
2026-10-09,TWSE,5871,中租-KY,105.5,106.0,105.5,105.5,3191525.0
2026-10-09,TWSE,5876,上海商銀,49.6,49.8,49.1,49.65,4975276.0
2026-10-09,TWSE,5880,合庫金,26.5,26.6,26.35,26.45,10231835.0
2026-10-09,TWSE,5906,台南-KY,,,,,
2026-10-09,TWSE,5907,大洋-KY,4.69,4.7,4.68,4.68,87274.0
2026-10-09,TWSE,6005,群益證,32.3,32.3,31.9,32.05,5837017.0
2026-10-09,TWSE,6024,群益期,59.4,59.6,58.6,58.7,542327.0
2026-10-09,TWSE,6108,競國,25.75,25.8,24.95,25.6,1474321.0
2026-10-09,TWSE,6112,邁達特,44.55,45.1,44.55,45.05,334372.0
2026-10-09,TWSE,6115,鎰勝,43.9,44.25,43.75,43.95,52319.0
2026-10-09,TWSE,6116,彩晶,15.25,15.45,15.1,15.1,18900399.0
2026-10-09,TWSE,6117,迎廣,67.0,67.0,65.6,66.3,521416.0
2026-10-09,TWSE,6120,達運,13.75,14.0,13.7,13.7,2318191.0
2026-10-09,TWSE,6128,上福,19.2,19.2,19.1,19.15,29167.0
2026-10-09,TWSE,6133,金橋,27.15,27.65,26.8,27.05,1676379.0
2026-10-09,TWSE,6136,富爾特,25.3,26.65,25.3,26.6,917664.0
2026-10-09,TWSE,6139,亞翔,787.0,787.0,770.0,778.0,1729400.0
2026-10-09,TWSE,6141,柏承,53.6,53.6,51.0,51.3,1628017.0
2026-10-09,TWSE,6142,友勁,9.2,9.3,8.98,9.03,654800.0
2026-10-09,TWSE,6152,百一,20.1,21.25,19.3,21.0,14700301.0
2026-10-09,TWSE,6153,嘉聯益,17.8,18.05,17.3,17.3,3338393.0
2026-10-09,TWSE,6155,鈞寶,70.8,74.7,69.4,70.9,5656914.0
2026-10-09,TWSE,6164,華興,13.3,13.3,13.0,13.0,387902.0
2026-10-09,TWSE,6165,浪凡,47.75,48.1,47.6,47.9,171924.0
2026-10-09,TWSE,6166,凌華,129.5,129.5,125.0,125.0,1575938.0
2026-10-09,TWSE,6168,宏齊,40.9,42.4,39.9,40.35,11060498.0
2026-10-09,TWSE,6176,瑞儀,90.6,91.7,90.6,91.1,827913.0
2026-10-09,TWSE,6177,達麗,45.4,46.0,45.4,45.95,433452.0
2026-10-09,TWSE,6183,關貿,91.4,91.5,90.9,91.4,22686.0
2026-10-09,TWSE,6184,大豐電,40.0,40.0,39.9,40.0,33479.0
2026-10-09,TWSE,6189,豐藝,49.4,49.45,49.1,49.3,142514.0
2026-10-09,TWSE,6191,精成科,87.5,88.4,86.7,87.9,1886727.0
2026-10-09,TWSE,6192,巨路,111.5,112.5,111.0,111.5,66004.0
2026-10-09,TWSE,6196,帆宣,670.0,676.0,648.0,674.0,1162566.0
2026-10-09,TWSE,6197,佳必琪,371.0,387.0,368.0,381.5,4838424.0
2026-10-09,TWSE,6201,亞弘電,44.0,44.15,44.0,44.15,17298.0
2026-10-09,TWSE,6202,盛群,60.5,60.9,58.6,58.9,1845781.0
2026-10-09,TWSE,6205,詮欣,71.9,72.4,70.5,70.6,530900.0
2026-10-09,TWSE,6206,飛捷,133.5,134.0,133.0,133.5,574038.0
2026-10-09,TWSE,6209,今國光,91.5,92.5,89.0,90.1,13928203.0
2026-10-09,TWSE,6213,聯茂,786.0,806.0,763.0,806.0,5220666.0
2026-10-09,TWSE,6214,精誠,190.5,193.0,190.0,192.0,1178415.0
2026-10-09,TWSE,6215,和椿,95.9,95.9,93.1,93.3,1185389.0
2026-10-09,TWSE,6216,居易,21.25,21.25,20.55,20.65,271267.0
2026-10-09,TWSE,6224,聚鼎,80.2,80.7,78.2,79.9,509105.0
2026-10-09,TWSE,6225,天瀚,68.7,73.5,68.7,71.6,264246.0
2026-10-09,TWSE,6226,光鼎,42.5,47.0,42.5,44.4,25055980.0
2026-10-09,TWSE,6230,尼得科超眾,114.5,115.5,114.0,115.5,26831.0
2026-10-09,TWSE,6235,華孚,36.5,36.6,36.0,36.1,570741.0
2026-10-09,TWSE,6239,力成,306.0,312.0,296.0,308.0,15955829.0
2026-10-09,TWSE,6243,迅杰,39.25,39.25,38.4,38.45,170728.0
2026-10-09,TWSE,6257,矽格,275.5,291.5,274.0,283.0,25941970.0
2026-10-09,TWSE,6269,台郡,64.9,64.9,63.4,63.6,2203564.0
2026-10-09,TWSE,6271,同欣電,241.0,246.0,236.5,245.5,3623906.0
2026-10-09,TWSE,6272,驊陞,25.4,25.8,25.3,25.8,110885.0
2026-10-09,TWSE,6277,宏正,78.5,80.8,78.5,79.8,414386.0
2026-10-09,TWSE,6278,台表科,247.5,256.0,240.5,248.0,21683718.0
2026-10-09,TWSE,6281,全國電,50.8,51.0,50.5,51.0,49410.0
2026-10-09,TWSE,6282,康舒,43.65,43.8,43.05,43.2,4813109.0
2026-10-09,TWSE,6283,淳安,18.8,19.0,18.75,18.75,41014.0
2026-10-09,TWSE,6285,啟碁,253.0,259.0,252.5,256.5,3495736.0
2026-10-09,TWSE,6405,悅城,40.25,40.65,39.8,39.8,501860.0
2026-10-09,TWSE,6409,旭隼,882.0,888.0,865.0,868.0,282473.0
2026-10-09,TWSE,6412,群電,74.0,74.0,72.8,73.0,708581.0
2026-10-09,TWSE,6414,樺漢,405.5,406.5,397.5,399.0,894148.0
2026-10-09,TWSE,6415,矽力*-KY,461.0,475.0,451.5,462.5,4559217.0
2026-10-09,TWSE,6416,瑞祺電通,122.5,123.0,120.0,120.5,1003714.0
2026-10-09,TWSE,6426,統新,331.0,352.5,328.0,341.0,2856629.0
2026-10-09,TWSE,6431,光麗-KY,16.7,16.8,16.4,16.8,109094.0
2026-10-09,TWSE,6438,迅得,165.5,165.5,162.5,164.5,321900.0
2026-10-09,TWSE,6442,光聖,1780.0,1790.0,1715.0,1785.0,3701979.0
2026-10-09,TWSE,6443,元晶,27.45,27.6,27.0,27.0,2768146.0
2026-10-09,TWSE,6446,藥華藥,1205.0,1235.0,1190.0,1195.0,1844670.0
2026-10-09,TWSE,6449,鈺邦,260.0,278.5,251.0,271.0,9626822.0
2026-10-09,TWSE,6451,訊芯-KY,426.5,426.5,413.0,420.5,1251508.0
2026-10-09,TWSE,6456,GIS-KY,101.5,104.5,99.4,100.0,17868393.0
2026-10-09,TWSE,6464,台數科,76.0,76.3,76.0,76.3,3362.0
2026-10-09,TWSE,6472,保瑞,428.0,430.0,419.5,421.0,360457.0
2026-10-09,TWSE,6477,安集,33.75,33.85,33.6,33.7,253978.0
2026-10-09,TWSE,6491,晶碩,411.5,411.5,398.0,403.0,407283.0
2026-10-09,TWSE,6504,南六,38.45,41.7,38.45,41.7,599150.0
2026-10-09,TWSE,6505,台塑化,107.0,114.0,105.5,110.5,41327682.0
2026-10-09,TWSE,6515,穎崴,5520.0,5680.0,5445.0,5615.0,1099562.0
2026-10-09,TWSE,6525,捷敏-KY,142.0,142.0,136.5,138.0,875222.0
2026-10-09,TWSE,6526,達發,780.0,817.0,778.0,801.0,1046604.0
2026-10-09,TWSE,6531,愛普*,995.0,1015.0,980.0,980.0,3580465.0
2026-10-09,TWSE,6533,晶心科,348.5,354.0,341.0,352.5,1202389.0
2026-10-09,TWSE,6534,正瀚-創,94.5,95.4,94.5,94.5,180070.0
2026-10-09,TWSE,6541,泰福-KY,33.2,34.4,32.5,33.95,638096.0
2026-10-09,TWSE,6550,北極星藥業-KY,16.15,16.9,16.15,16.7,770188.0
2026-10-09,TWSE,6552,易華電,24.6,24.7,24.45,24.5,27121.0
2026-10-09,TWSE,6558,興能高,25.15,25.15,24.9,25.1,134320.0
2026-10-09,TWSE,6573,虹揚-KY,16.0,16.0,15.8,15.95,83366.0
2026-10-09,TWSE,6579,研揚,154.0,154.0,150.0,151.0,327935.0
2026-10-09,TWSE,6581,鋼聯,108.0,108.0,107.5,107.5,7334.0
2026-10-09,TWSE,6582,申豐,31.3,32.65,31.3,31.8,110513.0
2026-10-09,TWSE,6585,鼎基,101.0,102.0,98.6,99.2,637926.0
2026-10-09,TWSE,6589,台康生技,50.6,51.3,50.5,51.3,414018.0
2026-10-09,TWSE,6591,動力-KY,41.75,42.0,41.7,41.8,44526.0
2026-10-09,TWSE,6592,和潤企業,56.6,57.0,56.5,56.7,283109.0
2026-10-09,TWSE,6598,ABC-KY,27.6,28.1,27.15,27.6,503552.0
2026-10-09,TWSE,6605,帝寶,136.5,138.0,136.5,136.5,104278.0
2026-10-09,TWSE,6606,建德工業,23.95,24.45,23.95,24.45,89334.0
2026-10-09,TWSE,6614,資拓宏宇,35.3,35.3,35.2,35.25,34000.0
2026-10-09,TWSE,6625,必應,73.8,73.9,73.4,73.9,25429.0
2026-10-09,TWSE,6641,基士德-KY,17.6,17.6,17.15,17.25,7000.0
2026-10-09,TWSE,6645,金萬林-創,13.1,13.5,13.1,13.5,218843.0
2026-10-09,TWSE,6655,科定,124.5,129.5,124.5,125.5,49014.0
2026-10-09,TWSE,6657,華安,34.4,35.0,33.5,34.85,186117.0
2026-10-09,TWSE,6658,聯策,198.5,222.0,198.5,214.5,2603901.0
2026-10-09,TWSE,6666,羅麗芬-KY,43.2,44.0,43.2,44.0,15173.0
2026-10-09,TWSE,6668,中揚光,50.6,53.0,50.2,51.1,4483915.0
2026-10-09,TWSE,6669,緯穎,2230.0,2270.0,2200.0,2240.0,2464240.0
2026-10-09,TWSE,6670,復盛應用,274.0,280.0,274.0,279.0,313659.0
2026-10-09,TWSE,6671,三能-KY,23.1,23.3,23.0,23.05,24000.0
2026-10-09,TWSE,6672,騰輝電子-KY,505.0,555.0,505.0,555.0,3824784.0
2026-10-09,TWSE,6674,鋐寶科技,18.3,18.35,18.25,18.35,75020.0
2026-10-09,TWSE,6689,伊雲谷,62.3,62.9,62.2,62.6,108669.0
2026-10-09,TWSE,6691,洋基工程,781.0,794.0,772.0,789.0,877010.0
2026-10-09,TWSE,6695,芯鼎,52.3,52.8,50.3,50.9,500210.0
2026-10-09,TWSE,6698,旭暉應材,31.55,31.8,31.45,31.6,52764.0
2026-10-09,TWSE,6706,惠特,151.0,153.5,149.0,151.5,1516811.0
2026-10-09,TWSE,6715,嘉基,482.5,495.0,464.0,464.0,1307519.0
2026-10-09,TWSE,6719,力智,187.5,194.5,187.5,192.0,1861317.0
2026-10-09,TWSE,6722,輝創,33.0,33.2,32.8,33.15,37607.0
2026-10-09,TWSE,6742,澤米,59.3,60.4,57.0,57.9,1149307.0
2026-10-09,TWSE,6743,安普新,35.8,35.95,34.1,35.5,790410.0
2026-10-09,TWSE,6753,龍德造船,131.5,132.0,130.5,131.0,247574.0
2026-10-09,TWSE,6754,匯僑設計,40.5,41.5,40.5,41.5,27247.0
2026-10-09,TWSE,6756,威鋒電子,97.1,98.0,96.0,97.6,105144.0
2026-10-09,TWSE,6757,台灣虎航,53.7,53.7,53.0,53.3,216681.0
2026-10-09,TWSE,6768,志強-KY,64.5,64.8,63.7,63.8,156840.0
2026-10-09,TWSE,6770,力積電,73.5,75.4,72.0,72.2,114313740.0
2026-10-09,TWSE,6771,平和環保-創,42.1,42.7,42.1,42.7,45000.0
2026-10-09,TWSE,6776,展碁國際,52.3,53.0,52.3,53.0,49073.0
2026-10-09,TWSE,6781,AES-KY,1025.0,1035.0,1010.0,1020.0,323306.0
2026-10-09,TWSE,6782,視陽,232.5,232.5,229.0,230.0,105431.0
2026-10-09,TWSE,6789,采鈺,485.0,485.5,475.0,481.0,657540.0
2026-10-09,TWSE,6790,永豐實,37.2,37.25,37.1,37.25,156909.0
2026-10-09,TWSE,6792,詠業,60.5,65.6,60.5,61.3,187931.0
2026-10-09,TWSE,6794,向榮生技,71.5,72.5,71.4,71.6,43080.0
2026-10-09,TWSE,6796,晉弘,57.0,57.3,55.8,56.6,17563.0
2026-10-09,TWSE,6799,來頡,92.0,94.0,91.1,91.4,266359.0
2026-10-09,TWSE,6805,富世達,2330.0,2425.0,2310.0,2370.0,1687423.0
2026-10-09,TWSE,6807,峰源-KY,35.6,35.6,34.0,34.0,41333.0
2026-10-09,TWSE,6830,汎銓,528.0,536.0,520.0,530.0,564590.0
2026-10-09,TWSE,6831,邁科,488.0,515.0,468.0,476.0,1898791.0
2026-10-09,TWSE,6834,天二科技,125.5,137.0,123.0,132.0,18632795.0
2026-10-09,TWSE,6835,圓裕,32.4,32.4,32.05,32.05,17125.0
2026-10-09,TWSE,6838,台新藥,24.8,25.1,24.8,25.1,108522.0
2026-10-09,TWSE,6854,錼創科技-KY創,91.0,92.9,91.0,92.9,103601.0
2026-10-09,TWSE,6861,睿生光電,270.5,273.5,261.5,262.5,880355.0
2026-10-09,TWSE,6862,三集瑞-KY,145.0,147.5,142.0,146.5,376157.0
2026-10-09,TWSE,6863,永道-KY,96.0,96.8,95.5,95.6,43288.0
2026-10-09,TWSE,6869,雲豹能源,70.9,71.2,70.1,70.6,292118.0
2026-10-09,TWSE,6873,泓德能源,65.1,66.2,64.2,66.1,247688.0
2026-10-09,TWSE,6885,全福生技,30.4,30.45,29.5,29.6,643971.0
2026-10-09,TWSE,6887,寶綠特-KY,36.8,37.0,36.6,36.85,6000.0
2026-10-09,TWSE,6890,來億-KY,155.5,156.0,151.5,152.0,157278.0
2026-10-09,TWSE,6901,鑽石投資,17.5,18.3,17.4,17.7,4041511.0
2026-10-09,TWSE,6902,GOGOLOOK,141.5,142.0,135.5,136.5,281516.0
2026-10-09,TWSE,6906,現觀科,78.8,80.0,78.6,78.9,20553.0
2026-10-09,TWSE,6908,宏碁遊戲-創,26.05,26.15,26.0,26.0,38050.0
2026-10-09,TWSE,6909,創控,43.15,43.5,42.9,43.5,242222.0
2026-10-09,TWSE,6914,阜爾運通,118.0,118.5,118.0,118.0,22075.0
2026-10-09,TWSE,6916,華凌,18.7,18.9,18.7,18.8,18200.0
2026-10-09,TWSE,6918,愛派司,73.6,76.9,73.6,75.5,119054.0
2026-10-09,TWSE,6919,康霈*,78.1,79.1,77.5,77.5,2950946.0
2026-10-09,TWSE,6921,嘉雨思-創,65.0,65.7,65.0,65.7,13100.0
2026-10-09,TWSE,6923,中台,73.7,73.8,73.0,73.4,54561.0
2026-10-09,TWSE,6924,榮惠-KY創,133.0,133.5,130.5,133.5,31046.0
2026-10-09,TWSE,6928,攸泰科技,45.0,45.0,44.0,45.0,24760.0
2026-10-09,TWSE,6931,青松健康,38.05,38.05,37.75,37.95,48850.0
2026-10-09,TWSE,6933,AMAX-KY,380.0,384.0,372.0,382.0,736402.0
2026-10-09,TWSE,6934,心誠鎂,73.4,74.0,73.4,73.6,12070.0
2026-10-09,TWSE,6936,永鴻生技,32.0,32.45,32.0,32.4,18724.0
2026-10-09,TWSE,6937,天虹,290.5,292.0,285.0,286.5,311005.0
2026-10-09,TWSE,6944,兆聯實業,908.0,918.0,858.0,860.0,967273.0
2026-10-09,TWSE,6947,台鎔科技,67.7,68.4,67.0,68.0,168546.0
2026-10-09,TWSE,6949,沛爾生醫*-創,45.65,47.15,44.95,46.85,2298157.0
2026-10-09,TWSE,6951,青新-創,69.0,69.0,67.8,68.0,95846.0
2026-10-09,TWSE,6952,大武山,38.6,39.1,38.6,38.95,10282.0
2026-10-09,TWSE,6955,邦睿生技-創,93.0,93.0,93.0,93.0,3132.0
2026-10-09,TWSE,6957,裕慶-KY,444.0,450.0,430.5,448.0,404742.0
2026-10-09,TWSE,6958,日盛台駿,16.7,16.7,16.65,16.65,16492.0
2026-10-09,TWSE,6962,奕力-KY,32.8,32.8,31.95,32.0,1729057.0
2026-10-09,TWSE,6965,中傑-KY,63.4,65.9,63.4,65.8,101060.0
2026-10-09,TWSE,6969,成信實業*-創,30.25,30.5,30.05,30.2,62648.0
2026-10-09,TWSE,6988,威力暘-創,12.85,13.0,12.5,12.55,129600.0
2026-10-09,TWSE,6994,富威電力,30.25,30.5,29.85,30.2,525615.0
2026-10-09,TWSE,7610,聯友金屬-創,1810.0,1810.0,1695.0,1700.0,865761.0
2026-10-09,TWSE,7631,聚賢研發-創,139.0,140.0,139.0,139.0,34401.0
2026-10-09,TWSE,7689,大鵬科CLMX,156.0,158.5,154.0,156.0,67882.0
2026-10-09,TWSE,7705,三商餐飲,29.75,29.9,29.7,29.7,34846.0
2026-10-09,TWSE,7711,永擎,632.0,639.0,623.0,635.0,617238.0
2026-10-09,TWSE,7721,微程式,60.7,63.5,60.1,61.1,58173.0
2026-10-09,TWSE,7722,LINEPAY,270.0,270.0,264.0,264.0,37190.0
2026-10-09,TWSE,7730,暉盛-創,197.0,207.0,192.0,201.5,259520.0
2026-10-09,TWSE,7732,金興精密,33.55,33.55,33.05,33.55,6000.0
2026-10-09,TWSE,7736,虎山,71.8,72.0,70.7,70.7,57098.0
2026-10-09,TWSE,7740,熙特爾-創,107.0,118.5,104.0,118.5,411485.0
2026-10-09,TWSE,7749,意騰-KY,369.0,372.0,359.0,364.0,619116.0
2026-10-09,TWSE,7750,新代,1995.0,2000.0,1960.0,1975.0,81665.0
2026-10-09,TWSE,7760,享溫馨,32.5,33.0,32.5,33.0,15043.0
2026-10-09,TWSE,7765,中華資安,236.5,237.0,234.5,236.0,57356.0
2026-10-09,TWSE,7768,頌勝科技,297.5,303.0,297.0,300.0,56469.0
2026-10-09,TWSE,7769,鴻勁,5880.0,6050.0,5880.0,5925.0,579791.0
2026-10-09,TWSE,7780,大研生醫*,16.15,16.6,16.1,16.55,2005178.0
2026-10-09,TWSE,7786,東方風能,116.5,117.5,116.0,116.0,80580.0
2026-10-09,TWSE,7788,松川精密,313.0,316.0,303.0,305.0,3369555.0
2026-10-09,TWSE,7791,皇家可口,53.2,53.9,53.2,53.9,7899.0
2026-10-09,TWSE,7795,長廣,541.0,542.0,525.0,525.0,671445.0
2026-10-09,TWSE,7799,禾榮科,516.0,518.0,503.0,518.0,281792.0
2026-10-09,TWSE,7803,雲象科技-創,17.5,17.5,17.0,17.4,101445.0
2026-10-09,TWSE,7812,稜研科技*-創,64.9,66.3,64.4,64.9,76521.0
2026-10-09,TWSE,7818,溢泰實業,61.1,61.1,60.8,61.0,4460.0
2026-10-09,TWSE,7821,神數,35.0,35.5,35.0,35.1,89757.0
2026-10-09,TWSE,7822,倍利科,935.0,969.0,919.0,948.0,257409.0
2026-10-09,TWSE,7823,奧義賽博-KY創,78.7,80.0,78.7,79.9,31040.0
2026-10-09,TWSE,7827,漢康-KY創,164.5,170.5,163.5,169.0,433516.0
2026-10-09,TWSE,7835,永悅健康-創,19.6,20.7,19.6,19.6,56020.0
2026-10-09,TWSE,7855,和運租車,41.85,42.05,41.45,41.6,474175.0
2026-10-09,TWSE,8011,台通,16.7,17.0,16.5,16.55,1087568.0
2026-10-09,TWSE,8016,矽創,289.5,291.5,288.0,291.0,317211.0
2026-10-09,TWSE,8021,尖點,553.0,568.0,544.0,557.0,8750429.0
2026-10-09,TWSE,8028,昇陽半導體,285.0,287.0,280.0,285.0,2732367.0
2026-10-09,TWSE,8033,雷虎,172.0,172.5,170.0,170.5,1482716.0
2026-10-09,TWSE,8039,台虹,306.5,331.5,302.5,305.5,60218434.0
2026-10-09,TWSE,8045,達運光電,56.8,58.1,55.7,57.1,178364.0
2026-10-09,TWSE,8046,南電,1480.0,1490.0,1435.0,1475.0,5362616.0
2026-10-09,TWSE,8070,長華*,51.6,51.9,50.5,50.5,2105672.0
2026-10-09,TWSE,8072,陞泰,26.9,27.05,26.7,26.9,110713.0
2026-10-09,TWSE,8081,致新,264.5,264.5,260.5,262.0,289186.0
2026-10-09,TWSE,8101,華冠,10.3,10.3,10.3,10.3,1037.0
2026-10-09,TWSE,8103,瀚荃,117.0,119.0,114.0,114.5,1873084.0
2026-10-09,TWSE,8104,錸寶,30.95,31.0,30.8,30.95,201815.0
2026-10-09,TWSE,8105,凌巨,15.05,15.15,14.95,15.0,1396190.0
2026-10-09,TWSE,8110,華東,49.6,50.4,49.2,49.25,4667940.0
2026-10-09,TWSE,8112,至上,85.6,86.3,84.8,85.1,11966132.0
2026-10-09,TWSE,8114,振樺電,177.0,179.0,175.0,177.5,300621.0
2026-10-09,TWSE,8131,福懋科,68.2,71.0,67.2,68.0,8158662.0
2026-10-09,TWSE,8150,南茂,126.0,129.5,124.0,128.0,36975958.0
2026-10-09,TWSE,8162,微矽電子-創,64.9,69.5,64.2,67.6,781643.0
2026-10-09,TWSE,8163,達方,30.0,30.0,29.65,29.85,448821.0
2026-10-09,TWSE,8201,無敵,16.75,17.0,16.3,16.85,360457.0
2026-10-09,TWSE,8210,勤誠,872.0,884.0,867.0,874.0,1544968.0
2026-10-09,TWSE,8213,志超,37.75,39.4,37.6,38.35,5985271.0
2026-10-09,TWSE,8215,明基材,27.9,28.4,27.75,28.0,556484.0
2026-10-09,TWSE,8222,寶一,35.0,35.3,34.85,35.1,94976.0
2026-10-09,TWSE,8249,菱光,39.5,39.5,39.15,39.3,76762.0
2026-10-09,TWSE,8261,富鼎,189.5,191.5,180.0,180.5,5462990.0
2026-10-09,TWSE,8271,宇瞻,201.0,203.0,199.5,199.5,1208046.0
2026-10-09,TWSE,8341,日友,73.6,73.8,73.5,73.8,102150.0
2026-10-09,TWSE,8367,建新國際,40.9,40.95,40.8,40.9,20150.0
2026-10-09,TWSE,8374,羅昇,75.6,75.6,74.1,74.1,214404.0
2026-10-09,TWSE,8404,百和興業-KY,13.5,14.2,13.4,14.0,458957.0
2026-10-09,TWSE,8411,福貞-KY,11.6,11.75,11.4,11.75,324636.0
2026-10-09,TWSE,8422,可寧衛*,25.65,25.65,25.3,25.55,2660616.0
2026-10-09,TWSE,8429,金麗-KY,5.89,5.9,5.89,5.9,60472.0
2026-10-09,TWSE,8438,昶昕,81.8,81.8,80.3,80.9,264166.0
2026-10-09,TWSE,8442,威宏-KY,47.4,49.55,47.15,48.6,318018.0
2026-10-09,TWSE,8443,阿瘦,10.95,11.15,10.85,11.15,54505.0
2026-10-09,TWSE,8454,富邦媒,241.5,243.0,240.5,241.0,147995.0
2026-10-09,TWSE,8462,柏文,157.0,157.0,155.0,156.0,123340.0
2026-10-09,TWSE,8463,潤泰材,21.25,21.25,21.15,21.2,12094.0
2026-10-09,TWSE,8464,億豐,361.5,368.0,361.5,366.5,226161.0
2026-10-09,TWSE,8466,美吉吉-KY,15.05,15.1,15.0,15.05,18675.0
2026-10-09,TWSE,8467,波力-KY,90.7,90.7,90.7,90.7,5019.0
2026-10-09,TWSE,8473,山林水,40.15,40.15,39.65,39.8,256748.0
2026-10-09,TWSE,8476,台境*,20.9,21.5,20.9,21.4,546159.0
2026-10-09,TWSE,8478,東哥遊艇,140.0,140.0,138.5,140.0,72091.0
2026-10-09,TWSE,8481,政伸,40.5,40.6,40.45,40.6,4003.0
2026-10-09,TWSE,8482,商億-KY,49.2,50.1,49.2,50.1,2002.0
2026-10-09,TWSE,8487,愛爾達-創,70.0,70.1,70.0,70.1,4028.0
2026-10-09,TWSE,8488,吉源-KY,,,,,
2026-10-09,TWSE,8499,鼎炫-KY,253.0,253.5,251.0,253.5,5903.0
2026-10-09,TWSE,8926,台汽電,60.4,61.7,60.0,61.1,2999066.0
2026-10-09,TWSE,8940,新天地,15.2,15.2,15.15,15.15,7334.0
2026-10-09,TWSE,8996,高力,1640.0,1710.0,1600.0,1710.0,1086148.0
2026-10-09,TWSE,9103,美德醫療-DR,5.75,5.88,5.5,5.88,7803349.0
2026-10-09,TWSE,9105,泰金寶-DR,8.88,8.88,8.61,8.63,18344344.0
2026-10-09,TWSE,9110,越南控-DR,3.12,3.6,3.05,3.45,261000.0
2026-10-09,TWSE,9136,巨騰-DR,9.6,9.78,9.2,9.2,194700.0
2026-10-09,TWSE,9802,鈺齊-KY,66.0,66.0,65.4,65.9,168231.0
2026-10-09,TWSE,9902,台火,13.5,13.55,13.2,13.3,280002.0
2026-10-09,TWSE,9904,寶成,24.85,25.15,24.85,25.05,15263114.0
2026-10-09,TWSE,9905,大華,21.25,21.35,21.2,21.35,60184.0
2026-10-09,TWSE,9906,欣巴巴,40.65,41.4,39.05,39.15,103039.0
2026-10-09,TWSE,9907,統一實,14.85,14.9,14.75,14.8,666238.0
2026-10-09,TWSE,9908,大台北,28.9,29.05,28.9,28.95,134859.0
2026-10-09,TWSE,9910,豐泰,66.1,66.5,66.1,66.3,579470.0
2026-10-09,TWSE,9911,櫻花,81.3,81.5,81.2,81.3,155628.0
2026-10-09,TWSE,9912,偉聯,13.05,13.05,12.95,12.95,7981.0
2026-10-09,TWSE,9914,美利達,66.2,68.3,66.2,67.8,1344406.0
2026-10-09,TWSE,9917,中保科,106.0,106.5,106.0,106.5,346328.0
2026-10-09,TWSE,9918,欣天然,42.9,42.9,42.9,42.9,3398.0
2026-10-09,TWSE,9919,康那香,15.0,16.1,14.8,16.1,5225365.0
2026-10-09,TWSE,9921,巨大,91.3,92.9,91.0,92.8,1012670.0
2026-10-09,TWSE,9924,福興,38.1,38.2,37.95,37.95,44749.0
2026-10-09,TWSE,9925,新保,39.4,39.5,39.4,39.4,155595.0
2026-10-09,TWSE,9926,新海,49.2,49.2,48.8,49.05,6026.0
2026-10-09,TWSE,9927,泰銘,62.5,62.5,61.7,62.0,243985.0
2026-10-09,TWSE,9928,中視,17.85,17.85,17.7,17.8,22121.0
2026-10-09,TWSE,9929,秋雨,12.05,12.5,11.3,11.3,245358.0
2026-10-09,TWSE,9930,中聯資源,58.7,58.7,58.1,58.4,138579.0
2026-10-09,TWSE,9931,欣高,33.9,34.0,33.8,34.0,19102.0
2026-10-09,TWSE,9933,中鼎,43.25,43.85,42.75,43.1,4461467.0
2026-10-09,TWSE,9934,成霖,9.8,9.86,9.79,9.83,218212.0
2026-10-09,TWSE,9935,慶豐富,18.3,18.3,18.0,18.15,304695.0
2026-10-09,TWSE,9937,全國,55.2,55.2,55.2,55.2,2121.0
2026-10-09,TWSE,9938,百和,39.0,39.7,39.0,39.55,803084.0
2026-10-09,TWSE,9939,宏全,126.5,128.0,126.5,128.0,424614.0
2026-10-09,TWSE,9940,信義,20.1,20.1,19.95,20.0,201424.0
2026-10-09,TWSE,9941,裕融,76.3,76.7,76.1,76.6,498131.0
2026-10-09,TWSE,9942,茂順,113.0,113.5,113.0,113.0,39182.0
2026-10-09,TWSE,9943,好樂迪,50.1,50.5,50.0,50.2,37090.0
2026-10-09,TWSE,9944,新麗,17.15,17.35,17.15,17.35,51133.0
2026-10-09,TWSE,9945,潤泰新,29.45,30.05,29.45,29.8,9925625.0
2026-10-09,TWSE,9946,三發地產,16.75,16.75,16.5,16.55,245171.0
2026-10-09,TWSE,9955,佳龍,23.95,24.8,23.95,24.1,465092.0
2026-10-09,TWSE,9958,世紀鋼,89.4,89.6,89.0,89.1,551640.0
2026-10-09,TPEX,1240,茂生農經,54.2,54.2,53.7,53.8,11885.0
2026-10-09,TPEX,1259,安心,65.5,65.5,64.2,64.2,12009.0
2026-10-09,TPEX,1264,德麥,249.5,250.0,249.0,249.5,29964.0
2026-10-09,TPEX,1268,漢來美食,175.0,175.0,174.0,174.5,16323.0
2026-10-09,TPEX,1294,漢田生技,49.35,49.65,49.35,49.65,15957.0
2026-10-09,TPEX,1295,生合,50.5,51.2,49.55,50.1,63964.0
2026-10-09,TPEX,1336,台翰,18.05,18.15,17.8,17.8,164744.0
2026-10-09,TPEX,1565,精華,97.7,97.8,96.9,97.5,392324.0
2026-10-09,TPEX,1569,濱川,70.9,72.2,68.7,70.0,4430772.0
2026-10-09,TPEX,1570,力肯,32.25,32.65,32.25,32.65,17279.0
2026-10-09,TPEX,1580,新麥,96.2,97.0,96.2,97.0,83011.0
2026-10-09,TPEX,1584,精剛,18.1,18.2,17.7,17.8,794550.0
2026-10-09,TPEX,1586,和勤,17.75,17.95,17.7,17.8,158001.0
2026-10-09,TPEX,1591,駿吉-KY,40.65,42.15,40.55,41.4,106281.0
2026-10-09,TPEX,1593,祺驊,31.6,31.6,31.55,31.55,5659.0
2026-10-09,TPEX,1595,川寶,72.3,75.3,72.3,73.4,1557303.0
2026-10-09,TPEX,1599,宏佳騰,22.65,22.75,22.5,22.55,33154.0
2026-10-09,TPEX,1742,台蠟,17.65,17.65,17.4,17.6,14078.0
2026-10-09,TPEX,1777,生泰,74.8,76.0,74.8,75.7,16875.0
2026-10-09,TPEX,1780,立弘,24.65,24.75,24.6,24.65,44691.0
2026-10-09,TPEX,1781,合世,9.99,10.9,9.99,10.9,645465.0
2026-10-09,TPEX,1784,訊聯,59.3,60.3,59.1,59.3,55100.0
2026-10-09,TPEX,1785,光洋科,105.0,105.5,103.0,103.5,8863240.0
2026-10-09,TPEX,1788,杏昌,127.0,128.0,127.0,127.5,50780.0
2026-10-09,TPEX,1796,金穎生技,30.3,30.3,29.5,29.5,10003.0
2026-10-09,TPEX,1799,易威,28.2,29.0,28.15,28.6,142582.0
2026-10-09,TPEX,1813,寶利徠,11.2,11.5,11.1,11.1,41525.0
2026-10-09,TPEX,1815,富喬,132.5,139.5,129.0,135.0,96686111.0
2026-10-09,TPEX,2035,唐榮,26.65,27.65,26.65,27.65,3087.0
2026-10-09,TPEX,2061,風青,68.4,68.8,66.0,67.3,2237664.0
2026-10-09,TPEX,2063,世鎧,23.55,23.6,23.35,23.55,36534.0
2026-10-09,TPEX,2064,晉椿,11.85,11.9,11.85,11.9,10004.0
2026-10-09,TPEX,2065,世豐,35.7,36.05,35.4,35.8,65679.0
2026-10-09,TPEX,2066,世德,51.6,52.2,51.6,52.2,21000.0
2026-10-09,TPEX,2070,精湛,62.3,62.5,61.9,61.9,46399.0
2026-10-09,TPEX,2073,雄順,,,,,291.0
2026-10-09,TPEX,2221,大甲,188.5,195.0,188.5,192.0,585989.0
2026-10-09,TPEX,2230,泰茂,21.75,23.45,21.75,22.3,174727.0
2026-10-09,TPEX,2235,謚源,28.3,28.5,28.3,28.5,2000.0
2026-10-09,TPEX,2596,綠意,34.5,34.5,33.75,34.15,52250.0
2026-10-09,TPEX,2640,大車隊,155.0,156.5,155.0,155.0,12601.0
2026-10-09,TPEX,2641,正德,17.15,17.3,17.15,17.2,667093.0
2026-10-09,TPEX,2643,捷迅,62.8,62.9,62.2,62.9,6144.0
2026-10-09,TPEX,2718,全心投控,,,,,608.0
2026-10-09,TPEX,2719,燦星旅,19.15,19.35,19.15,19.35,8476.0
2026-10-09,TPEX,2724,藝舍-KY,12.45,13.2,12.4,13.2,3361.0
2026-10-09,TPEX,2726,雅茗-KY,7.98,7.99,7.92,7.98,42050.0
2026-10-09,TPEX,2729,瓦城,154.0,154.5,153.5,154.5,9344.0
2026-10-09,TPEX,2732,六角,63.2,63.2,63.0,63.2,14228.0
2026-10-09,TPEX,2734,易飛網,14.5,14.65,14.4,14.65,180778.0
2026-10-09,TPEX,2736,富野,11.05,11.25,11.05,11.15,33151.0
2026-10-09,TPEX,2740,華軒,31.35,31.35,31.35,31.35,1499.0
2026-10-09,TPEX,2743,山富,51.9,52.0,51.0,51.9,28287.0
2026-10-09,TPEX,2745,五福,85.8,86.1,85.7,86.0,44127.0
2026-10-09,TPEX,2751,王座,57.2,57.2,54.6,56.1,24207.0
2026-10-09,TPEX,2752,豆府,179.5,180.0,179.5,180.0,3819.0
2026-10-09,TPEX,2754,亞洲藏壽司,67.3,67.3,67.3,67.3,8230.0
2026-10-09,TPEX,2755,揚秦,98.1,98.1,96.8,98.0,28149.0
2026-10-09,TPEX,2756,聯發國際,60.2,61.3,59.0,61.1,95194.0
2026-10-09,TPEX,2916,滿心,40.5,40.6,40.5,40.6,10210.0
2026-10-09,TPEX,2924,宏太-KY,18.15,18.15,18.15,18.15,1000.0
2026-10-09,TPEX,2926,誠品生活,29.95,30.2,29.4,30.2,6306.0
2026-10-09,TPEX,2937,集雅社,45.0,45.0,45.0,45.0,3453.0
2026-10-09,TPEX,2938,床的世界,18.3,18.55,18.3,18.55,54308.0
2026-10-09,TPEX,2941,米斯特,31.85,31.85,30.0,31.15,7068.0
2026-10-09,TPEX,2947,振宇五金,60.6,60.7,60.2,60.2,15439.0
2026-10-09,TPEX,2948,寶陞,36.4,36.8,36.4,36.8,3173.0
2026-10-09,TPEX,2949,欣新網,64.8,64.8,64.8,64.8,1135.0
2026-10-09,TPEX,3064,泰偉,14.9,14.95,14.9,14.95,2285.0
2026-10-09,TPEX,3066,李洲,27.6,28.25,27.05,27.15,1035256.0
2026-10-09,TPEX,3067,全域,16.5,16.5,16.3,16.3,7676.0
2026-10-09,TPEX,3071,協禧,22.85,22.85,22.5,22.75,182158.0
2026-10-09,TPEX,3073,天方能源,20.45,22.45,20.4,22.45,48861.0
2026-10-09,TPEX,3078,僑威,46.4,46.55,46.0,46.55,340791.0
2026-10-09,TPEX,3081,聯亞,3075.0,3120.0,2955.0,2960.0,3049921.0
2026-10-09,TPEX,3083,網龍,23.2,23.2,22.95,22.95,22902.0
2026-10-09,TPEX,3086,華義*,26.5,27.35,26.5,27.0,45106.0
2026-10-09,TPEX,3088,艾訊,131.5,134.0,131.5,132.0,492656.0
2026-10-09,TPEX,3093,港建*,46.5,46.7,45.8,46.15,136311.0
2026-10-09,TPEX,3095,及成,33.0,33.0,32.65,32.65,5703.0
2026-10-09,TPEX,3105,穩懋,578.0,592.0,566.0,581.0,16489383.0
2026-10-09,TPEX,3114,好德,39.55,39.55,38.2,38.35,721968.0
2026-10-09,TPEX,3115,富榮綱,8.07,8.11,8.0,8.0,23013.0
2026-10-09,TPEX,3118,進階,31.3,31.4,31.1,31.3,17593.0
2026-10-09,TPEX,3122,笙泉,24.1,24.1,23.7,23.95,33067.0
2026-10-09,TPEX,3128,昇銳,20.1,20.3,20.05,20.2,34964.0
2026-10-09,TPEX,3131,弘塑,2410.0,2465.0,2390.0,2465.0,234589.0
2026-10-09,TPEX,3141,晶宏,81.5,81.9,78.6,79.1,1437796.0
2026-10-09,TPEX,3147,大綜,290.0,318.0,289.5,308.0,2607740.0
2026-10-09,TPEX,3152,璟德,243.0,243.0,238.5,243.0,71337.0
2026-10-09,TPEX,3158,嘉實,85.0,85.0,85.0,85.0,2730.0
2026-10-09,TPEX,3162,精確,83.1,83.4,81.3,82.2,1194522.0
2026-10-09,TPEX,3163,波若威,699.0,700.0,678.0,689.0,1733512.0
2026-10-09,TPEX,3169,亞信,109.0,109.0,106.0,106.5,133094.0
2026-10-09,TPEX,3171,炎洲流通,57.8,58.0,57.8,58.0,4235.0
2026-10-09,TPEX,3176,基亞,38.55,39.7,38.3,38.7,502461.0
2026-10-09,TPEX,3178,公準,67.4,67.7,66.4,67.5,52257.0
2026-10-09,TPEX,3188,鑫龍騰,22.55,23.0,22.5,22.85,107631.0
2026-10-09,TPEX,3191,雲嘉南,17.45,17.5,17.45,17.45,6015.0
2026-10-09,TPEX,3205,佰研,46.8,46.8,46.2,46.6,16647.0
2026-10-09,TPEX,3206,志豐,34.4,34.45,33.9,34.2,19107.0
2026-10-09,TPEX,3207,耀勝,39.05,39.7,38.9,39.25,124273.0
2026-10-09,TPEX,3211,順達,386.0,395.5,378.0,388.0,2941595.0
2026-10-09,TPEX,3213,茂訊,123.5,124.0,123.0,123.5,104169.0
2026-10-09,TPEX,3217,優群,128.0,128.5,127.0,127.0,249057.0
2026-10-09,TPEX,3218,大學光,133.5,134.0,133.0,133.0,114382.0
2026-10-09,TPEX,3219,倚強科,130.0,143.0,130.0,130.0,6013632.0
2026-10-09,TPEX,3221,台嘉碩,53.4,55.9,52.5,55.0,3238774.0
2026-10-09,TPEX,3224,三顧,32.65,32.65,31.95,32.3,3615520.0
2026-10-09,TPEX,3226,龍鋒,57.3,57.3,57.3,57.3,5018.0
2026-10-09,TPEX,3227,原相,185.5,188.0,185.5,187.0,640182.0
2026-10-09,TPEX,3228,金麗科,166.0,166.0,161.5,164.5,315074.0
2026-10-09,TPEX,3230,錦明,40.35,40.35,39.9,39.9,303028.0
2026-10-09,TPEX,3232,昱捷,20.05,20.05,19.9,19.95,7779.0
2026-10-09,TPEX,3234,光環,186.5,188.5,181.0,183.0,4368650.0
2026-10-09,TPEX,3236,千如,55.4,61.5,54.6,58.9,19326884.0
2026-10-09,TPEX,3252,海灣,15.05,15.35,14.95,15.35,33138.0
2026-10-09,TPEX,3259,鑫創,11.1,11.95,10.95,11.95,8099.0
2026-10-09,TPEX,3260,威剛,365.0,369.0,362.5,362.5,4275766.0
2026-10-09,TPEX,3264,欣銓,244.5,256.5,243.0,256.0,16181628.0
2026-10-09,TPEX,3265,台星科,238.5,238.5,238.5,238.5,4588924.0
2026-10-09,TPEX,3268,海德威,24.2,24.7,24.0,24.4,382347.0
2026-10-09,TPEX,3272,東碩,13.9,13.9,13.65,13.9,9662.0
2026-10-09,TPEX,3276,宇環,14.2,14.25,14.1,14.2,34221.0
2026-10-09,TPEX,3284,太普高,21.5,21.65,21.0,21.25,273111.0
2026-10-09,TPEX,3285,微端,43.0,44.3,42.9,44.1,64514.0
2026-10-09,TPEX,3287,廣寰科,43.0,43.45,42.8,43.45,867062.0
2026-10-09,TPEX,3288,點晶,22.65,22.65,21.7,22.15,40278.0
2026-10-09,TPEX,3289,宜特,141.0,142.5,140.5,142.5,309453.0
2026-10-09,TPEX,3290,東浦,52.1,55.8,51.3,55.8,3903340.0
2026-10-09,TPEX,3293,鈊象,780.0,788.0,773.0,788.0,1067695.0
2026-10-09,TPEX,3294,英濟,31.9,31.95,31.35,31.5,274048.0
2026-10-09,TPEX,3297,杭特,33.0,33.3,32.5,32.55,303252.0
2026-10-09,TPEX,3303,岱稜,49.95,50.7,49.9,50.7,242323.0
2026-10-09,TPEX,3306,鼎天,46.8,46.85,46.6,46.85,29260.0
2026-10-09,TPEX,3310,佳穎,68.3,68.5,67.8,68.3,48015.0
2026-10-09,TPEX,3313,斐成,10.3,10.4,10.3,10.35,87448.0
2026-10-09,TPEX,3317,尼克森,69.8,72.5,69.0,71.5,8256566.0
2026-10-09,TPEX,3322,建舜電,11.0,11.35,10.55,10.55,1179322.0
2026-10-09,TPEX,3323,加百裕,29.5,30.25,29.5,29.8,503402.0
2026-10-09,TPEX,3324,雙鴻,1420.0,1570.0,1395.0,1520.0,6102316.0
2026-10-09,TPEX,3325,旭品,11.3,11.35,11.2,11.25,68452.0
2026-10-09,TPEX,3332,幸康,,,,,0.0
2026-10-09,TPEX,3339,泰谷,44.8,46.55,44.4,45.75,910857.0
2026-10-09,TPEX,3349,寶德,18.3,18.8,17.85,18.5,65396.0
2026-10-09,TPEX,3354,律勝,30.5,32.4,30.4,32.0,2415813.0
2026-10-09,TPEX,3357,臺慶科,223.0,229.0,217.5,226.5,1570103.0
2026-10-09,TPEX,3360,尚立,15.2,15.45,15.15,15.4,190328.0
2026-10-09,TPEX,3362,先進光,193.0,198.0,190.0,190.0,3875393.0
2026-10-09,TPEX,3363,上詮,674.0,676.0,663.0,667.0,1691073.0
2026-10-09,TPEX,3372,典範,16.6,16.9,16.35,16.4,334300.0
2026-10-09,TPEX,3373,熱映,17.4,18.75,17.1,18.5,1764239.0
2026-10-09,TPEX,3374,精材,491.0,512.0,481.5,497.0,9151990.0
2026-10-09,TPEX,3379,彬台,27.7,27.7,27.15,27.3,45611.0
2026-10-09,TPEX,3388,崇越電,86.5,88.0,86.2,87.0,572787.0
2026-10-09,TPEX,3390,旭軟,22.3,22.3,22.05,22.2,93315.0
2026-10-09,TPEX,3402,漢科,139.5,140.5,139.0,139.5,213759.0
2026-10-09,TPEX,3430,奇鈦科,112.0,112.0,110.0,111.0,88187.0
2026-10-09,TPEX,3434,哲固,31.1,31.3,30.7,30.9,67240.0
2026-10-09,TPEX,3438,類比科,60.8,60.8,60.1,60.6,73381.0
2026-10-09,TPEX,3441,聯一光,245.0,249.5,236.5,249.5,1993580.0
2026-10-09,TPEX,3444,利機,78.3,78.3,77.2,78.3,31497.0
2026-10-09,TPEX,3455,由田,283.0,284.0,273.0,284.0,817516.0
2026-10-09,TPEX,3465,進泰電子,29.5,29.5,29.25,29.35,8001.0
2026-10-09,TPEX,3466,德晉,27.5,28.9,27.5,28.6,655561.0
2026-10-09,TPEX,3467,台灣精材,71.2,72.7,70.4,70.5,328407.0
2026-10-09,TPEX,3479,安勤,135.0,135.0,133.0,133.5,375735.0
2026-10-09,TPEX,3483,力致,79.0,81.7,78.5,79.0,401143.0
2026-10-09,TPEX,3484,崧騰,49.6,50.0,49.1,49.2,109447.0
2026-10-09,TPEX,3485,敘豐,218.5,223.0,215.5,221.5,72558.0
2026-10-09,TPEX,3489,森寶,22.3,22.75,22.3,22.65,46094.0
2026-10-09,TPEX,3490,單井,45.6,46.4,45.2,45.2,1299097.0
2026-10-09,TPEX,3491,昇達科,1685.0,1730.0,1670.0,1685.0,1136496.0
2026-10-09,TPEX,3492,長盛,19.25,19.35,19.1,19.15,22029.0
2026-10-09,TPEX,3498,陽程,230.0,232.0,225.5,225.5,1455534.0
2026-10-09,TPEX,3499,環天科,13.3,13.3,13.15,13.15,32805.0
2026-10-09,TPEX,3508,位速,25.1,25.45,24.55,24.7,182976.0
2026-10-09,TPEX,3511,矽瑪,19.8,20.35,19.8,19.95,66306.0
2026-10-09,TPEX,3512,皇龍,18.95,19.0,18.8,19.0,17001.0
2026-10-09,TPEX,3516,亞帝歐,25.7,26.0,25.6,26.0,27612.0
2026-10-09,TPEX,3520,華盈,17.7,18.3,17.7,18.2,224099.0
2026-10-09,TPEX,3521,台鋼建設,11.5,11.55,11.3,11.45,51127.0
2026-10-09,TPEX,3522,御嵿,12.2,12.2,11.8,12.0,56311.0
2026-10-09,TPEX,3523,迎輝,13.75,14.45,13.75,14.45,10399.0
2026-10-09,TPEX,3526,凡甲,277.0,277.0,273.0,275.5,169002.0
2026-10-09,TPEX,3527,聚積,50.5,52.8,50.4,51.6,258783.0
2026-10-09,TPEX,3529,力旺,3000.0,3035.0,2915.0,2915.0,879456.0
2026-10-09,TPEX,3531,先益,21.2,21.65,21.2,21.65,12145.0
2026-10-09,TPEX,3537,堡達,55.6,58.1,55.6,56.9,455525.0
2026-10-09,TPEX,3540,曜越,24.0,24.0,23.65,23.8,122223.0
2026-10-09,TPEX,3541,西柏,24.7,24.7,24.3,24.5,68449.0
2026-10-09,TPEX,3546,宇峻,72.6,73.5,72.5,73.5,120849.0
2026-10-09,TPEX,3548,兆利,74.6,74.6,72.5,73.8,145511.0
2026-10-09,TPEX,3551,世禾,198.5,199.0,195.0,198.0,403929.0
2026-10-09,TPEX,3552,同致,44.05,44.05,43.05,43.2,161283.0
2026-10-09,TPEX,3555,博士旺,161.0,161.0,158.0,158.0,60930.0
2026-10-09,TPEX,3556,禾瑞亞,64.6,66.5,64.6,65.7,657623.0
2026-10-09,TPEX,3558,神準,134.5,139.0,134.5,135.5,457531.0
2026-10-09,TPEX,3564,其陽,61.2,66.9,59.7,66.9,2876733.0
2026-10-09,TPEX,3567,逸昌,26.05,26.25,25.85,26.2,24561.0
2026-10-09,TPEX,3570,大塚,170.0,170.5,169.0,170.5,10808.0
2026-10-09,TPEX,3577,泓格,110.0,110.0,106.0,106.0,300887.0
2026-10-09,TPEX,3580,友威科,102.0,103.0,100.5,102.5,393686.0
2026-10-09,TPEX,3581,博磊,113.5,113.5,109.0,110.5,247252.0
2026-10-09,TPEX,3587,閎康,246.5,250.0,242.5,243.0,528197.0
2026-10-09,TPEX,3594,磐儀,46.2,46.5,45.9,46.25,169752.0
2026-10-09,TPEX,3597,映興,40.4,40.4,40.4,40.4,772814.0
2026-10-09,TPEX,3609,三一東林,24.8,25.15,24.25,25.1,133337.0
2026-10-09,TPEX,3611,鼎翰,183.0,184.5,183.0,184.5,36294.0
2026-10-09,TPEX,3615,安可,43.9,43.9,42.45,42.9,723929.0
2026-10-09,TPEX,3623,富晶通,30.0,30.45,29.6,29.9,136401.0
2026-10-09,TPEX,3624,光頡,165.5,175.0,161.5,175.0,47965111.0
2026-10-09,TPEX,3628,盈正,72.3,72.3,71.2,71.5,99155.0
2026-10-09,TPEX,3629,地心引力,15.3,15.3,15.3,15.3,11000.0
2026-10-09,TPEX,3630,新鉅科,28.2,28.35,27.55,27.75,651712.0
2026-10-09,TPEX,3631,晟楠,43.9,47.05,43.2,47.05,1152927.0
2026-10-09,TPEX,3646,艾恩特,25.1,25.1,25.1,25.1,2051.0
2026-10-09,TPEX,3663,鑫科,62.0,62.3,61.4,61.6,396141.0
2026-10-09,TPEX,3664,安瑞-KY,8.19,8.2,8.19,8.2,5000.0
2026-10-09,TPEX,3666,光耀,25.4,27.5,25.4,26.6,216296.0
2026-10-09,TPEX,3672,康聯訊,12.1,12.3,11.75,11.9,135124.0
2026-10-09,TPEX,3675,德微,352.5,360.0,343.0,344.0,1188093.0
2026-10-09,TPEX,3680,家登,572.0,577.0,556.0,571.0,1164527.0
2026-10-09,TPEX,3684,榮昌,62.1,66.5,58.5,62.5,1275775.0
2026-10-09,TPEX,3685,元創精密,35.35,38.4,35.35,37.9,2490854.0
2026-10-09,TPEX,3687,歐買尬,60.5,61.1,60.5,60.7,25241.0
2026-10-09,TPEX,3689,湧德,118.0,119.5,117.0,117.5,1001052.0
2026-10-09,TPEX,3691,碩禾,103.5,105.0,103.5,103.5,258793.0
2026-10-09,TPEX,3693,營邦,760.0,789.0,715.0,736.0,7498262.0
2026-10-09,TPEX,3707,漢磊,88.2,90.4,85.1,85.9,28868476.0
2026-10-09,TPEX,3709,鑫聯大投控,65.9,66.2,65.3,66.2,6263225.0
2026-10-09,TPEX,3710,連展投控,8.07,8.26,8.05,8.26,136064.0
2026-10-09,TPEX,3713,新晶投控,14.65,14.85,13.85,14.85,473178.0
2026-10-09,TPEX,3718,中光電投控,64.0,64.0,62.8,63.1,1237763.0
2026-10-09,TPEX,4102,永日,18.6,18.9,18.4,18.8,44228.0
2026-10-09,TPEX,4105,東洋,80.4,81.2,80.2,80.9,979437.0
2026-10-09,TPEX,4107,邦特,109.5,110.0,109.0,109.5,20896.0
2026-10-09,TPEX,4109,加捷生醫,10.9,11.0,10.9,10.95,113593.0
2026-10-09,TPEX,4111,濟生,28.85,29.1,28.85,29.0,46717.0
2026-10-09,TPEX,4113,聯上,14.95,14.95,14.55,14.95,208816.0
2026-10-09,TPEX,4114,健喬,29.35,30.2,29.35,30.15,2912992.0
2026-10-09,TPEX,4116,明基醫,39.55,40.0,39.55,39.9,7122.0
2026-10-09,TPEX,4120,友華,46.1,46.5,45.8,46.0,7846.0
2026-10-09,TPEX,4121,優盛,12.95,13.75,12.95,13.25,406875.0
2026-10-09,TPEX,4123,晟德,30.95,31.35,30.9,31.35,1334003.0
2026-10-09,TPEX,4126,太醫,77.5,77.7,77.5,77.5,25718.0
2026-10-09,TPEX,4127,天良,42.35,42.65,40.2,40.55,2113050.0
2026-10-09,TPEX,4128,中天,15.45,15.7,15.35,15.55,1496403.0
2026-10-09,TPEX,4129,聯合,83.2,83.9,83.2,83.7,98349.0
2026-10-09,TPEX,4131,浩泰,31.4,31.4,31.2,31.2,4000.0
2026-10-09,TPEX,4138,曜亞,53.8,54.6,53.7,53.8,18272.0
2026-10-09,TPEX,4139,馬光-KY,43.15,45.5,43.15,45.0,134264.0
2026-10-09,TPEX,4147,中裕,60.8,61.9,60.8,61.2,397066.0
2026-10-09,TPEX,4153,鈺緯,31.8,31.8,30.9,30.9,27709.0
2026-10-09,TPEX,4154,樂威科-KY,11.75,12.45,11.75,12.45,3000.0
2026-10-09,TPEX,4157,太景*-KY,8.63,9.4,8.6,9.33,7692254.0
2026-10-09,TPEX,4160,訊聯基因,38.65,39.6,38.6,38.9,19317.0
2026-10-09,TPEX,4161,聿新科,21.3,21.6,21.2,21.4,18055.0
2026-10-09,TPEX,4162,智擎,57.5,57.7,56.7,57.2,618145.0
2026-10-09,TPEX,4163,鐿鈦,130.0,135.5,130.0,135.5,19938.0
2026-10-09,TPEX,4166,友霖,23.9,24.35,23.9,24.2,82000.0
2026-10-09,TPEX,4167,松瑞藥,20.95,22.4,20.95,22.0,9766473.0
2026-10-09,TPEX,4168,醣聯,23.0,23.0,22.65,22.8,44969.0
2026-10-09,TPEX,4171,瑞基,19.05,20.2,18.4,19.85,2581255.0
2026-10-09,TPEX,4173,久裕,17.1,17.55,17.1,17.55,75316.0
2026-10-09,TPEX,4174,浩鼎,52.0,54.0,50.0,53.7,1079532.0
2026-10-09,TPEX,4175,杏一,51.6,51.6,51.0,51.0,9084.0
2026-10-09,TPEX,4183,福永生技,,,,,0.0
2026-10-09,TPEX,4188,安克,13.95,14.0,13.75,13.95,47758.0
2026-10-09,TPEX,4192,杏國,17.8,18.1,17.75,18.0,33002.0
2026-10-09,TPEX,4198,欣大健康,47.2,47.2,46.1,47.15,3061.0
2026-10-09,TPEX,4205,中華食,67.4,67.8,67.4,67.8,32969.0
2026-10-09,TPEX,4207,環泰,19.25,19.5,19.25,19.45,217738.0
2026-10-09,TPEX,4303,信立,31.6,32.9,31.2,31.65,1199597.0
2026-10-09,TPEX,4304,勝昱,16.5,17.0,16.05,16.65,27212.0
2026-10-09,TPEX,4305,世坤,41.2,41.2,40.85,40.95,11000.0
2026-10-09,TPEX,4401,東隆興,13.75,13.95,13.75,13.95,85406.0
2026-10-09,TPEX,4402,郡都開發,13.5,13.8,13.0,13.35,25133.0
2026-10-09,TPEX,4406,新昕纖,10.15,10.15,10.15,10.15,13002.0
2026-10-09,TPEX,4413,飛寶企業,20.0,20.0,19.35,19.85,37534.0
2026-10-09,TPEX,4416,三圓,12.65,13.0,12.25,12.25,1406530.0
2026-10-09,TPEX,4417,金洲,48.95,48.95,48.25,48.8,29125.0
2026-10-09,TPEX,4419,皇家美食,45.4,48.5,45.4,48.5,3005.0
2026-10-09,TPEX,4420,光明,35.4,36.0,35.4,35.8,51587.0
2026-10-09,TPEX,4430,耀億,17.75,19.55,17.75,19.55,479477.0
2026-10-09,TPEX,4432,銘旺實,15.2,15.35,15.15,15.2,18341.0
2026-10-09,TPEX,4433,興采,18.0,18.0,17.8,17.9,15147.0
2026-10-09,TPEX,4442,竣邦-KY,53.0,53.4,53.0,53.4,6146.0
2026-10-09,TPEX,4502,健信,15.65,15.7,15.65,15.7,3402.0
2026-10-09,TPEX,4503,金雨,23.9,24.5,23.8,24.3,147535.0
2026-10-09,TPEX,4506,崇友,118.0,118.0,117.5,118.0,42564.0
2026-10-09,TPEX,4510,高鋒,41.85,41.95,41.65,41.65,284487.0
2026-10-09,TPEX,4513,福裕,16.2,16.25,16.05,16.15,188521.0
2026-10-09,TPEX,4523,永彰,24.0,24.1,23.7,24.0,38605.0
2026-10-09,TPEX,4527,方土霖,45.0,45.0,44.9,45.0,29366.0
2026-10-09,TPEX,4528,江興鍛,14.75,14.8,14.65,14.8,22546.0
2026-10-09,TPEX,4529,淳紳,3.39,3.4,3.31,3.31,5141.0
2026-10-09,TPEX,4530,天意能創,24.3,25.85,24.3,25.75,6005.0
2026-10-09,TPEX,4533,協易機,25.5,25.55,25.25,25.45,314375.0
2026-10-09,TPEX,4534,慶騰,30.25,31.05,29.9,30.75,642376.0
2026-10-09,TPEX,4535,至興,26.7,26.8,26.5,26.5,3000.0
2026-10-09,TPEX,4538,大詠城,17.95,17.95,17.5,17.6,16420.0
2026-10-09,TPEX,4541,晟田,58.6,59.0,58.3,58.8,580557.0
2026-10-09,TPEX,4542,科嶠,325.0,338.5,317.0,329.0,944795.0
2026-10-09,TPEX,4543,萬在,32.75,32.75,31.55,32.55,458864.0
2026-10-09,TPEX,4549,桓達,98.1,98.4,97.4,98.0,19006.0
2026-10-09,TPEX,4550,長佳,24.05,24.15,24.05,24.1,10013.0
2026-10-09,TPEX,4554,橙的,28.2,28.2,27.75,27.85,8680.0
2026-10-09,TPEX,4556,旭然,142.5,145.0,133.0,145.0,853236.0
2026-10-09,TPEX,4558,寶緯,17.05,17.05,17.0,17.05,9177.0
2026-10-09,TPEX,4561,健椿,41.9,43.1,41.65,43.1,251843.0
2026-10-09,TPEX,4563,百德,52.4,53.7,52.4,53.2,188842.0
2026-10-09,TPEX,4568,科際精密,39.0,39.05,39.0,39.0,8250.0
2026-10-09,TPEX,4577,達航科技,88.8,92.1,87.5,90.6,497130.0
2026-10-09,TPEX,4580,捷流閥業,82.5,82.5,82.0,82.2,28139.0
2026-10-09,TPEX,4584,君帆,37.9,38.0,37.9,38.0,4020.0
2026-10-09,TPEX,4609,唐鋒,4.61,4.61,4.61,4.61,1017.0
2026-10-09,TPEX,4702,中美實,9.37,9.38,9.31,9.36,48800.0
2026-10-09,TPEX,4706,大恭,47.45,47.45,44.2,45.0,506741.0
2026-10-09,TPEX,4707,磐亞,32.0,33.5,31.45,32.8,5051846.0
2026-10-09,TPEX,4711,永純,17.05,18.1,16.85,17.2,1249270.0
2026-10-09,TPEX,4714,永捷,12.1,12.8,12.0,12.45,3856260.0
2026-10-09,TPEX,4716,大立,19.8,20.8,19.5,19.75,6940508.0
2026-10-09,TPEX,4721,美琪瑪,82.3,83.8,80.6,81.9,421372.0
2026-10-09,TPEX,4726,永昕,22.7,24.0,22.7,23.8,146420.0
2026-10-09,TPEX,4728,雙美,408.0,408.0,396.0,396.0,5080.0
2026-10-09,TPEX,4729,熒茂,19.6,19.6,19.4,19.45,72357.0
2026-10-09,TPEX,4735,豪展,38.0,38.7,37.95,38.05,93449.0
2026-10-09,TPEX,4741,泓瀚,40.5,40.75,40.2,40.3,30655.0
2026-10-09,TPEX,4743,合一,47.35,48.4,47.1,48.1,1410382.0
2026-10-09,TPEX,4744,皇將,28.05,28.75,28.05,28.55,9011.0
2026-10-09,TPEX,4745,合富-KY,12.05,12.2,12.05,12.2,7409.0
2026-10-09,TPEX,4747,強生*,23.35,23.35,23.2,23.35,17925.0
2026-10-09,TPEX,4749,新應材,771.0,773.0,758.0,759.0,1126450.0
2026-10-09,TPEX,4754,國碳科,37.9,37.9,37.7,37.85,17199.0
2026-10-09,TPEX,4760,勤凱,337.5,367.0,334.0,367.0,1300419.0
2026-10-09,TPEX,4767,誠泰科技,28.5,28.5,28.1,28.4,5135.0
2026-10-09,TPEX,4768,晶呈科技,363.0,369.0,360.0,365.5,413222.0
2026-10-09,TPEX,4772,台特化,278.0,278.5,272.0,274.5,657240.0
2026-10-09,TPEX,4806,桂田文創,11.0,11.3,10.9,11.25,21076.0
2026-10-09,TPEX,4903,聯光通,48.9,50.7,45.75,45.95,19353875.0
2026-10-09,TPEX,4905,台聯電,90.0,92.2,89.0,89.0,37798.0
2026-10-09,TPEX,4907,富宇,42.85,43.2,42.65,42.85,34334.0
2026-10-09,TPEX,4908,前鼎,251.0,256.0,242.0,243.5,7040475.0
2026-10-09,TPEX,4909,新復興,37.15,37.6,36.8,37.0,217242.0
2026-10-09,TPEX,4911,德英,27.8,28.0,27.75,28.0,15268.0
2026-10-09,TPEX,4923,力士,62.4,62.6,61.1,61.4,457489.0
2026-10-09,TPEX,4924,欣厚-KY,15.7,17.25,15.2,17.15,1122228.0
2026-10-09,TPEX,4931,新盛力,249.0,249.0,242.0,244.5,4446549.0
2026-10-09,TPEX,4933,友輝,52.6,53.2,52.4,53.0,45071.0
2026-10-09,TPEX,4939,亞電,76.2,80.7,76.2,78.3,12238393.0
2026-10-09,TPEX,4946,辣椒,99.0,99.5,98.1,99.5,11806.0
2026-10-09,TPEX,4950,金耘國際,15.6,15.9,15.5,15.9,14066.0
2026-10-09,TPEX,4951,精拓科,89.0,89.3,88.2,88.3,142420.0
2026-10-09,TPEX,4953,緯致,117.5,118.0,116.5,117.0,189497.0
2026-10-09,TPEX,4966,譜瑞-KY,563.0,563.0,557.0,558.0,466553.0
2026-10-09,TPEX,4971,IET-KY,603.0,608.0,584.0,596.0,1152059.0
2026-10-09,TPEX,4972,湯石照明,16.15,16.2,16.1,16.2,27331.0
2026-10-09,TPEX,4973,廣穎,145.0,149.0,145.0,149.0,1445117.0
2026-10-09,TPEX,4974,亞泰,69.2,69.4,68.9,68.9,150484.0
2026-10-09,TPEX,4979,華星光,570.0,574.0,558.0,565.0,3602877.0
2026-10-09,TPEX,4991,環宇-KY,513.0,515.0,498.0,511.0,2416205.0
2026-10-09,TPEX,4995,晶達,46.35,47.4,46.35,46.8,18568.0
2026-10-09,TPEX,5009,榮剛,32.9,34.0,32.7,33.65,4100405.0
2026-10-09,TPEX,5011,久陽,22.5,23.0,21.7,22.45,1504810.0
2026-10-09,TPEX,5013,強新,52.7,53.9,50.7,53.0,610724.0
2026-10-09,TPEX,5014,建錩,10.15,10.15,10.0,10.1,91600.0
2026-10-09,TPEX,5015,華祺,22.4,22.9,22.35,22.9,18540.0
2026-10-09,TPEX,5016,松和,27.45,27.45,26.65,26.75,96603.0
2026-10-09,TPEX,5201,凱衛,27.35,28.15,27.35,28.15,36161.0
2026-10-09,TPEX,5202,力新,14.35,14.4,14.05,14.05,508297.0
2026-10-09,TPEX,5205,中茂,33.3,33.3,33.2,33.3,144494.0
2026-10-09,TPEX,5206,坤悅,23.4,23.4,22.95,23.0,381103.0
2026-10-09,TPEX,5209,新鼎,180.0,182.0,178.5,181.0,406691.0
2026-10-09,TPEX,5210,寶碩,29.85,30.05,29.8,29.9,126903.0
2026-10-09,TPEX,5211,蒙恬,20.85,20.9,20.6,20.6,24708.0
2026-10-09,TPEX,5212,凌網,49.05,49.05,48.9,48.9,9142.0
2026-10-09,TPEX,5213,亞昕,20.2,20.2,20.0,20.05,189582.0
2026-10-09,TPEX,5220,萬達光電,21.9,22.4,21.25,22.1,91325.0
2026-10-09,TPEX,5223,安力-KY,22.5,22.9,22.3,22.4,22007.0
2026-10-09,TPEX,5227,立凱-KY,29.0,29.0,28.65,28.8,142813.0
2026-10-09,TPEX,5228,鈺鎧,61.0,61.3,57.3,61.3,4797986.0
2026-10-09,TPEX,5230,雷笛克光學,23.8,25.0,23.75,25.0,4460282.0
2026-10-09,TPEX,5245,智晶,20.0,20.6,19.7,19.95,88664.0
2026-10-09,TPEX,5251,天鉞電,31.4,31.4,29.7,29.8,187445.0
2026-10-09,TPEX,5263,智崴,92.0,98.0,91.0,96.1,878185.0
2026-10-09,TPEX,5272,笙科,17.6,17.6,17.5,17.5,21728.0
2026-10-09,TPEX,5274,信驊,16355.0,17840.0,15975.0,17485.0,1205820.0
2026-10-09,TPEX,5276,達輝-KY,,,,,191.0
2026-10-09,TPEX,5278,尚凡*,23.25,23.3,23.0,23.1,161669.0
2026-10-09,TPEX,5287,數字,137.0,137.5,137.0,137.0,48012.0
2026-10-09,TPEX,5289,宜鼎,1270.0,1280.0,1250.0,1250.0,1149254.0
2026-10-09,TPEX,5291,邑昇,64.5,65.9,62.1,62.2,435426.0
2026-10-09,TPEX,5299,杰力,99.5,99.9,98.1,98.1,183737.0
2026-10-09,TPEX,5301,寶得利,6.0,6.0,5.8,5.8,28097.0
2026-10-09,TPEX,5302,太欣,9.79,9.85,9.74,9.82,237895.0
2026-10-09,TPEX,5309,系統電,69.0,69.9,66.4,67.8,17219552.0
2026-10-09,TPEX,5310,天剛,30.15,30.15,28.6,28.6,47092.0
2026-10-09,TPEX,5312,寶島科,89.0,89.5,89.0,89.3,12305.0
2026-10-09,TPEX,5314,世紀*,27.5,27.95,27.05,27.15,18241962.0
2026-10-09,TPEX,5315,光聯,19.15,19.3,19.0,19.25,237627.0
2026-10-09,TPEX,5321,美而快,69.7,71.4,69.4,70.8,198662.0
2026-10-09,TPEX,5324,士開,12.35,12.6,12.35,12.5,47659.0
2026-10-09,TPEX,5328,華容,57.8,59.5,57.0,58.3,4173969.0
2026-10-09,TPEX,5340,建榮,91.0,97.0,90.6,94.4,14490340.0
2026-10-09,TPEX,5344,立衛,14.4,14.4,14.0,14.1,35084.0
2026-10-09,TPEX,5345,馥鴻,21.1,21.55,20.9,21.55,13892.0
2026-10-09,TPEX,5347,世界,189.5,191.0,185.0,186.5,10670455.0
2026-10-09,TPEX,5348,正能量智能,17.45,18.05,17.3,17.3,34347.0
2026-10-09,TPEX,5351,鈺創,115.5,118.5,114.5,115.0,12013082.0
2026-10-09,TPEX,5353,台林,29.2,29.2,28.6,28.9,19365.0
2026-10-09,TPEX,5355,佳總,7.76,7.8,7.5,7.77,121065.0
2026-10-09,TPEX,5356,協益,26.25,26.25,25.75,25.75,63074.0
2026-10-09,TPEX,5364,力麗店,8.29,8.35,8.29,8.35,15329.0
2026-10-09,TPEX,5381,光譜,22.15,22.25,21.6,21.6,871353.0
2026-10-09,TPEX,5386,青雲,279.0,295.0,279.0,282.5,1024372.0
2026-10-09,TPEX,5392,能率,38.85,38.85,38.2,38.2,993226.0
2026-10-09,TPEX,5398,慕康生醫,16.4,16.5,15.0,15.3,825961.0
2026-10-09,TPEX,5403,中菲,91.6,91.8,91.5,91.8,25663.0
2026-10-09,TPEX,5410,國眾,33.25,33.5,33.25,33.5,123300.0
2026-10-09,TPEX,5425,台半,102.5,103.5,99.9,100.5,7410207.0
2026-10-09,TPEX,5426,振發,30.2,30.3,29.25,29.25,720272.0
2026-10-09,TPEX,5432,新門,194.5,195.5,179.5,179.5,579990.0
2026-10-09,TPEX,5438,東友,17.0,17.1,16.9,17.1,49152.0
2026-10-09,TPEX,5439,高技,262.0,269.0,254.0,260.5,1942531.0
2026-10-09,TPEX,5443,均豪,112.0,113.0,109.5,110.5,1088049.0
2026-10-09,TPEX,5450,南良,14.55,14.8,14.45,14.8,109182.0
2026-10-09,TPEX,5452,佶優,31.0,31.2,30.15,30.45,1686279.0
2026-10-09,TPEX,5455,昇益,30.8,30.8,30.8,30.8,2800.0
2026-10-09,TPEX,5457,宣德,23.85,24.05,23.3,23.3,711169.0
2026-10-09,TPEX,5460,同協,19.05,21.15,18.2,20.75,3712116.0
2026-10-09,TPEX,5464,霖宏,94.8,95.0,91.3,94.6,351419.0
2026-10-09,TPEX,5465,富驊,33.55,33.7,32.5,32.75,385556.0
2026-10-09,TPEX,5468,凱鈺,24.35,24.4,23.95,23.95,83043.0
2026-10-09,TPEX,5474,聰泰,159.0,162.0,159.0,159.5,64007.0
2026-10-09,TPEX,5475,德宏,194.0,203.0,192.0,203.0,17231839.0
2026-10-09,TPEX,5478,智冠,96.8,97.7,96.8,97.1,53024.0
2026-10-09,TPEX,5481,新華,20.45,20.45,20.0,20.45,56749.0
2026-10-09,TPEX,5483,中美晶,221.0,221.0,208.5,216.5,21542828.0
2026-10-09,TPEX,5487,通泰,30.4,30.4,28.9,28.95,171312.0
2026-10-09,TPEX,5488,松普,11.95,11.95,11.75,11.9,268902.0
2026-10-09,TPEX,5489,彩富,41.6,41.6,41.1,41.5,20100.0
2026-10-09,TPEX,5490,同亨,25.6,25.6,25.4,25.4,82459.0
2026-10-09,TPEX,5493,三聯,90.0,92.0,89.5,91.3,77494.0
2026-10-09,TPEX,5498,凱崴,54.9,55.4,53.1,54.1,1483154.0
2026-10-09,TPEX,5508,永信建,53.9,54.2,53.4,53.8,162195.0
2026-10-09,TPEX,5511,德昌,68.1,70.7,68.1,70.0,194517.0
2026-10-09,TPEX,5512,力麒,7.52,7.59,7.5,7.54,211685.0
2026-10-09,TPEX,5514,三豐,14.9,15.1,14.85,15.1,60251.0
2026-10-09,TPEX,5516,雙喜,11.75,12.7,11.7,12.7,31777.0
2026-10-09,TPEX,5520,力泰,,,,,35.0
2026-10-09,TPEX,5523,豐謙,30.2,30.35,30.2,30.35,10011.0
2026-10-09,TPEX,5529,鉅陞,25.65,25.95,25.15,25.75,298407.0
2026-10-09,TPEX,5530,龍巖,48.3,48.3,47.8,48.15,269652.0
2026-10-09,TPEX,5536,聖暉*,1050.0,1085.0,1025.0,1030.0,3109177.0
2026-10-09,TPEX,5543,桓鼎-KY,28.25,28.25,26.6,26.6,8010.0
2026-10-09,TPEX,5547,久舜,20.2,20.2,20.0,20.15,46105.0
2026-10-09,TPEX,5548,安倉,20.1,20.1,20.0,20.1,21150.0
2026-10-09,TPEX,5601,台聯櫃,28.7,29.3,28.6,29.3,9596.0
2026-10-09,TPEX,5603,陸海,14.05,14.2,13.95,14.0,70153.0
2026-10-09,TPEX,5604,中連,31.65,31.65,31.55,31.6,7403.0
2026-10-09,TPEX,5609,中菲行,78.7,79.2,78.7,79.1,164505.0
2026-10-09,TPEX,5701,劍湖山,4.05,4.13,4.0,4.0,193203.0
2026-10-09,TPEX,5703,亞都,,,,,122.0
2026-10-09,TPEX,5704,老爺知,22.5,23.1,22.5,22.85,60836.0
2026-10-09,TPEX,5864,致和證,39.05,39.7,38.8,39.45,1815977.0
2026-10-09,TPEX,5878,台名,37.5,37.5,37.5,37.5,3130.0
2026-10-09,TPEX,5902,德記,34.2,34.2,33.7,34.0,29089.0
2026-10-09,TPEX,5903,全家,185.0,185.5,185.0,185.5,10217.0
2026-10-09,TPEX,5904,寶雅*,70.3,70.3,69.1,69.5,2301893.0
2026-10-09,TPEX,5905,南仁湖,7.35,7.41,7.32,7.39,142667.0
2026-10-09,TPEX,6015,宏遠證,18.0,18.3,17.85,18.15,3043304.0
2026-10-09,TPEX,6016,康和證,24.2,24.2,23.75,23.95,6933569.0
2026-10-09,TPEX,6020,大展證,20.6,20.75,20.5,20.5,5001.0
2026-10-09,TPEX,6021,美好證,42.8,43.95,42.8,43.25,333572.0
2026-10-09,TPEX,6023,元大期,84.1,84.6,84.1,84.1,214298.0
2026-10-09,TPEX,6026,福邦證,15.85,15.9,15.75,15.8,447268.0
2026-10-09,TPEX,6028,公勝保經,109.0,114.0,106.5,113.5,67955.0
2026-10-09,TPEX,6101,寬魚國際,38.8,39.05,38.05,38.2,169904.0
2026-10-09,TPEX,6103,合邦,39.9,39.9,37.1,37.8,84598.0
2026-10-09,TPEX,6104,創惟,87.6,88.2,87.2,87.3,433060.0
2026-10-09,TPEX,6109,亞元,10.4,10.5,10.3,10.5,44739.0
2026-10-09,TPEX,6111,光聚晶電,35.8,35.95,35.5,35.5,85506.0
2026-10-09,TPEX,6113,亞矽,24.55,25.6,23.7,23.7,507820.0
2026-10-09,TPEX,6114,久威,22.5,22.85,22.5,22.6,15171.0
2026-10-09,TPEX,6118,建達,16.15,16.25,15.85,16.1,130038.0
2026-10-09,TPEX,6121,新普,372.5,372.5,363.0,364.0,546586.0
2026-10-09,TPEX,6122,擎邦,60.0,63.4,59.5,63.0,1514337.0
2026-10-09,TPEX,6123,上奇,43.1,43.1,42.5,42.5,18358.0
2026-10-09,TPEX,6124,業強,26.95,27.45,26.8,27.45,11118.0
2026-10-09,TPEX,6125,廣運,50.1,52.1,49.85,51.2,987656.0
2026-10-09,TPEX,6126,信音,32.5,32.5,31.8,31.9,561816.0
2026-10-09,TPEX,6127,九豪,58.5,64.1,58.5,64.1,25426559.0
2026-10-09,TPEX,6129,普誠,14.45,14.45,14.2,14.25,163125.0
2026-10-09,TPEX,6130,上亞科技,22.5,23.0,22.05,23.0,88009.0
2026-10-09,TPEX,6134,萬旭,28.35,28.45,28.0,28.0,200320.0
2026-10-09,TPEX,6138,茂達,268.0,271.0,266.5,267.0,529237.0
2026-10-09,TPEX,6140,訊達,20.05,20.15,20.0,20.15,199390.0
2026-10-09,TPEX,6143,振曜,78.0,78.1,77.0,77.0,498451.0
2026-10-09,TPEX,6144,得利影,13.35,13.35,12.95,13.3,7525.0
2026-10-09,TPEX,6146,耕興,182.0,197.5,182.0,191.5,1417483.0
2026-10-09,TPEX,6147,頎邦,230.0,236.5,222.0,226.0,48534420.0
2026-10-09,TPEX,6148,驊宏資,37.1,37.65,36.65,37.15,750589.0
2026-10-09,TPEX,6150,撼訊,64.8,65.0,62.5,64.0,379187.0
2026-10-09,TPEX,6151,晉倫,35.65,35.7,35.1,35.15,78306.0
2026-10-09,TPEX,6154,順發,14.25,14.25,14.15,14.25,24724.0
2026-10-09,TPEX,6156,松上,23.6,23.95,23.45,23.8,814436.0
2026-10-09,TPEX,6158,禾昌,17.8,17.9,17.7,17.9,38411.0
2026-10-09,TPEX,6160,欣技,13.85,14.1,13.8,13.95,36358.0
2026-10-09,TPEX,6161,捷波,48.95,49.0,48.75,49.0,27880.0
2026-10-09,TPEX,6163,華電網,43.05,45.1,41.75,43.85,1829799.0
2026-10-09,TPEX,6169,昱泉,11.8,12.0,11.7,12.0,20001.0
2026-10-09,TPEX,6170,統振,48.9,49.6,48.75,49.6,186889.0
2026-10-09,TPEX,6171,大城地產,24.3,24.7,23.9,24.1,72250.0
2026-10-09,TPEX,6174,安碁,58.2,64.0,58.0,64.0,10284343.0
2026-10-09,TPEX,6175,立敦,75.6,78.4,75.1,77.9,2002239.0
2026-10-09,TPEX,6179,亞通,37.35,39.4,37.3,37.8,9550207.0
2026-10-09,TPEX,6180,橘子,39.5,39.6,38.7,39.15,844129.0
2026-10-09,TPEX,6182,合晶,132.0,133.0,125.5,129.0,61054182.0
2026-10-09,TPEX,6185,幃翔,12.5,12.5,12.3,12.3,393513.0
2026-10-09,TPEX,6186,新潤,28.95,28.95,28.75,28.9,156095.0
2026-10-09,TPEX,6187,萬潤,1500.0,1595.0,1490.0,1525.0,2984238.0
2026-10-09,TPEX,6188,廣明,62.8,63.1,62.3,62.5,674436.0
2026-10-09,TPEX,6190,萬泰科,75.9,77.7,75.2,76.5,2870452.0
2026-10-09,TPEX,6194,育富,31.75,32.45,31.75,32.25,88589.0
2026-10-09,TPEX,6195,詩肯,27.8,28.1,27.8,28.05,8531.0
2026-10-09,TPEX,6198,瑞築,,,,,2.0
2026-10-09,TPEX,6199,天品,140.0,142.5,138.5,142.0,7944362.0
2026-10-09,TPEX,6203,海韻電,59.8,60.0,58.5,59.9,68162.0
2026-10-09,TPEX,6204,艾華,111.5,113.0,107.0,111.5,382959.0
2026-10-09,TPEX,6207,雷科,145.5,148.5,142.0,146.0,4072464.0
2026-10-09,TPEX,6208,日揚,79.0,79.1,78.3,78.3,137473.0
2026-10-09,TPEX,6210,慶生,17.55,17.85,17.5,17.85,17000.0
2026-10-09,TPEX,6212,理銘,,,,,0.0
2026-10-09,TPEX,6217,中探針,169.0,169.5,165.0,168.0,2557498.0
2026-10-09,TPEX,6218,豪勉,60.8,62.9,55.7,56.0,6068199.0
2026-10-09,TPEX,6219,富旺,12.0,12.05,11.95,12.0,60481.0
2026-10-09,TPEX,6220,岳豐,25.7,25.75,25.45,25.5,135171.0
2026-10-09,TPEX,6221,晉泰,29.8,30.3,29.65,29.65,331920.0
2026-10-09,TPEX,6222,立軒,19.45,19.45,19.45,19.45,1000.0
2026-10-09,TPEX,6223,旺矽,5450.0,5665.0,5450.0,5575.0,544005.0
2026-10-09,TPEX,6227,茂綸,141.5,141.5,137.5,138.5,569010.0
2026-10-09,TPEX,6228,全譜,19.1,19.1,17.8,18.0,27888.0
2026-10-09,TPEX,6229,研通,23.8,24.2,23.8,24.1,37206.0
2026-10-09,TPEX,6231,系微,235.0,235.0,230.5,232.5,170738.0
2026-10-09,TPEX,6233,旺玖,24.85,25.4,24.85,25.15,339387.0
2026-10-09,TPEX,6234,高僑,42.0,42.75,39.45,39.5,2479817.0
2026-10-09,TPEX,6236,中湛,,,,,0.0
2026-10-09,TPEX,6237,驊訊,35.05,35.35,34.6,34.65,240043.0
2026-10-09,TPEX,6240,松崗,26.05,26.9,26.0,26.4,10692.0
2026-10-09,TPEX,6241,鑫永洋,16.35,16.8,16.2,16.8,63478.0
2026-10-09,TPEX,6242,立康,,,,,50.0
2026-10-09,TPEX,6244,茂迪,22.6,22.7,22.3,22.3,2901117.0
2026-10-09,TPEX,6245,立端,87.3,88.5,86.4,88.0,432191.0
2026-10-09,TPEX,6246,臺龍,12.55,12.9,12.5,12.55,36077.0
2026-10-09,TPEX,6248,沛波,17.0,17.2,16.9,17.15,52701.0
2026-10-09,TPEX,6259,百徽,33.05,33.65,32.2,33.1,522350.0
2026-10-09,TPEX,6261,久元,77.4,77.5,76.0,76.4,446163.0
2026-10-09,TPEX,6263,普萊德,175.0,177.5,173.0,176.0,521592.0
2026-10-09,TPEX,6264,富裔,6.0,6.06,6.0,6.06,15180.0
2026-10-09,TPEX,6265,方土昶,48.9,49.85,48.9,49.2,881500.0
2026-10-09,TPEX,6266,泰詠,26.3,26.6,26.15,26.5,171049.0
2026-10-09,TPEX,6270,倍微,29.8,29.8,29.55,29.7,81848.0
2026-10-09,TPEX,6274,台燿,1705.0,1750.0,1645.0,1740.0,7917051.0
2026-10-09,TPEX,6275,元山,47.35,47.65,46.7,46.85,144176.0
2026-10-09,TPEX,6276,安鈦克,19.1,19.1,19.0,19.0,4090.0
2026-10-09,TPEX,6279,胡連,116.5,117.5,116.0,116.0,190256.0
2026-10-09,TPEX,6284,佳邦,79.7,80.4,78.2,78.9,650145.0
2026-10-09,TPEX,6290,良維,282.0,284.5,280.0,280.5,1532346.0
2026-10-09,TPEX,6291,沛亨,456.0,471.0,438.5,439.0,1411769.0
2026-10-09,TPEX,6292,迅德,68.8,68.8,66.8,66.9,303911.0
2026-10-09,TPEX,6294,智基,27.75,28.0,27.7,28.0,12267.0
2026-10-09,TPEX,6411,晶焱,78.9,78.9,77.5,77.5,196737.0
2026-10-09,TPEX,6417,韋僑,106.5,106.5,103.5,103.5,194209.0
2026-10-09,TPEX,6418,詠昇,34.35,34.45,34.3,34.3,51051.0
2026-10-09,TPEX,6419,京晨科,163.5,163.5,156.0,158.5,365521.0
2026-10-09,TPEX,6423,億而得,86.1,89.3,86.1,87.7,48629.0
2026-10-09,TPEX,6425,易發,73.6,73.6,72.0,72.1,350266.0
2026-10-09,TPEX,6432,今展科,65.0,67.5,64.5,66.2,675066.0
2026-10-09,TPEX,6435,大中,254.0,259.5,251.0,259.5,264672.0
2026-10-09,TPEX,6441,廣錠,22.3,22.55,22.2,22.35,81025.0
2026-10-09,TPEX,6461,益得,29.8,29.8,28.8,29.2,176840.0
2026-10-09,TPEX,6462,神盾,102.5,102.5,100.5,100.5,194017.0
2026-10-09,TPEX,6465,威潤,41.2,42.05,40.45,41.7,147863.0
2026-10-09,TPEX,6469,大樹,64.8,67.5,64.8,66.4,1092983.0
2026-10-09,TPEX,6470,宇智,42.6,42.85,42.4,42.75,23031.0
2026-10-09,TPEX,6474,華豫寧,35.4,35.5,35.4,35.45,46000.0
2026-10-09,TPEX,6482,弘煜科,23.1,23.2,23.1,23.2,7206.0
2026-10-09,TPEX,6485,點序,85.6,87.2,81.1,81.2,2001276.0
2026-10-09,TPEX,6486,互動,78.4,78.4,77.6,78.0,43766.0
2026-10-09,TPEX,6488,環球晶,1180.0,1195.0,1095.0,1130.0,20608056.0
2026-10-09,TPEX,6492,生華科,34.2,34.2,33.9,33.9,85554.0
2026-10-09,TPEX,6494,九齊,52.1,52.7,50.9,51.3,101388.0
2026-10-09,TPEX,6496,科懋,23.95,23.95,23.45,23.85,21632.0
2026-10-09,TPEX,6498,久禾光,75.5,75.5,72.5,73.5,136196.0
2026-10-09,TPEX,6499,益安,80.5,81.3,79.5,80.6,273155.0
2026-10-09,TPEX,6506,雙邦,18.85,19.0,18.8,19.0,98588.0
2026-10-09,TPEX,6508,惠光,27.4,27.4,26.05,26.4,36009.0
2026-10-09,TPEX,6509,聚和,50.4,51.0,50.1,50.7,740820.0
2026-10-09,TPEX,6510,精測,3000.0,3320.0,3000.0,3320.0,1470984.0
2026-10-09,TPEX,6512,啟發電,20.15,20.2,20.1,20.1,12320.0
2026-10-09,TPEX,6516,勤崴國際,56.0,56.7,55.8,56.7,20419.0
2026-10-09,TPEX,6517,保勝光學,67.1,67.6,66.0,66.0,338694.0
2026-10-09,TPEX,6523,達爾膚,89.0,89.1,88.9,88.9,19416.0
2026-10-09,TPEX,6527,明達醫,74.5,74.5,73.8,74.0,21050.0
2026-10-09,TPEX,6530,創威,97.7,99.1,96.1,96.1,871977.0
2026-10-09,TPEX,6532,瑞耘,114.0,117.0,108.0,108.5,1553955.0
2026-10-09,TPEX,6535,順藥,81.0,81.7,80.8,81.3,59344.0
2026-10-09,TPEX,6538,倉和,346.0,351.5,322.5,332.5,6280323.0
2026-10-09,TPEX,6542,隆中,38.4,38.6,38.15,38.15,9024.0
2026-10-09,TPEX,6546,正基,61.5,61.9,61.2,61.5,79308.0
2026-10-09,TPEX,6547,高端疫苗,62.1,63.0,61.6,62.0,3975564.0
2026-10-09,TPEX,6548,長科*,78.0,78.0,76.3,77.3,3373358.0
2026-10-09,TPEX,6556,勝品,61.9,61.9,61.9,61.9,3016.0
2026-10-09,TPEX,6560,欣普羅,33.05,33.05,32.7,32.8,66124.0
2026-10-09,TPEX,6561,是方,310.0,310.0,307.5,308.5,121455.0
2026-10-09,TPEX,6568,宏觀,134.0,134.5,129.0,129.0,307230.0
2026-10-09,TPEX,6569,醫揚,92.1,92.1,91.1,91.4,29327.0
2026-10-09,TPEX,6570,維田,47.05,47.35,46.8,47.2,72191.0
2026-10-09,TPEX,6574,霈方,120.0,123.0,118.0,123.0,47084.0
2026-10-09,TPEX,6576,逸達,78.3,79.0,78.2,78.2,39504.0
2026-10-09,TPEX,6577,勁豐,80.3,80.3,79.5,80.0,13746.0
2026-10-09,TPEX,6578,達邦蛋白,16.35,16.95,16.35,16.65,43628.0
2026-10-09,TPEX,6584,南俊國際,539.0,539.0,528.0,531.0,186612.0
2026-10-09,TPEX,6588,東典光電,109.5,109.5,106.5,107.5,499351.0
2026-10-09,TPEX,6590,普鴻,64.0,64.3,63.5,64.0,20777.0
2026-10-09,TPEX,6593,台灣銘板,32.2,32.4,31.7,32.3,21949.0
2026-10-09,TPEX,6596,寬宏藝術,96.6,97.1,96.4,96.8,100337.0
2026-10-09,TPEX,6597,立誠,64.6,69.0,64.6,69.0,17002.0
2026-10-09,TPEX,6603,富強鑫,28.8,29.85,28.7,29.55,3044746.0
2026-10-09,TPEX,6604,儒億,25.25,25.4,25.25,25.3,169372.0
2026-10-09,TPEX,6609,瀧澤科,39.15,39.15,38.05,38.65,51043.0
2026-10-09,TPEX,6612,奈米醫材,74.0,74.0,71.8,71.9,19682.0
2026-10-09,TPEX,6613,朋億*,289.5,290.5,284.5,286.0,200866.0
2026-10-09,TPEX,6615,慧智,33.4,33.45,33.35,33.35,18683.0
2026-10-09,TPEX,6616,特昇-KY,8.54,8.73,8.36,8.73,8000.0
2026-10-09,TPEX,6617,共信-KY,122.0,123.5,118.5,119.0,303447.0
2026-10-09,TPEX,6620,漢達,126.5,133.0,126.0,127.5,2129447.0
2026-10-09,TPEX,6624,萬年清,38.0,38.35,36.7,38.35,13003.0
2026-10-09,TPEX,6629,泰金-KY,101.0,101.0,101.0,101.0,6144.0
2026-10-09,TPEX,6637,醫影,55.5,56.4,55.0,56.0,84105.0
2026-10-09,TPEX,6640,均華,1075.0,1085.0,1050.0,1050.0,193662.0
2026-10-09,TPEX,6642,富致,78.2,79.5,77.6,77.6,238075.0
2026-10-09,TPEX,6643,M31,497.0,502.0,489.0,489.0,414736.0
2026-10-09,TPEX,6649,台生材,36.15,36.6,36.1,36.6,14007.0
2026-10-09,TPEX,6651,全宇昕,142.0,146.5,141.0,141.5,230888.0
2026-10-09,TPEX,6654,天正國際,217.0,220.0,215.0,218.0,19726.0
2026-10-09,TPEX,6661,威健生技,,,,,0.0
2026-10-09,TPEX,6662,樂斯科,,,,,1.0
2026-10-09,TPEX,6664,群翊,374.0,376.5,370.5,373.5,225210.0
2026-10-09,TPEX,6667,信紘科,280.0,285.0,273.5,283.0,881965.0
2026-10-09,TPEX,6679,鈺太,198.0,199.0,196.0,196.5,165184.0
2026-10-09,TPEX,6680,鑫創電子,,,,,58.0
2026-10-09,TPEX,6683,雍智科技,1425.0,1455.0,1410.0,1415.0,651341.0
2026-10-09,TPEX,6684,安格,48.0,48.35,47.85,48.05,35133.0
2026-10-09,TPEX,6690,安碁資訊,177.0,180.0,177.0,178.0,105499.0
2026-10-09,TPEX,6692,進能服,23.1,23.3,22.35,22.8,19100.0
2026-10-09,TPEX,6693,廣閎科,195.0,200.5,195.0,196.5,566212.0
2026-10-09,TPEX,6697,東捷資訊,41.3,41.5,40.75,40.8,26559.0
2026-10-09,TPEX,6703,軒郁,99.8,100.0,99.8,99.9,27886.0
2026-10-09,TPEX,6708,天擎,69.5,69.9,67.2,69.2,491027.0
2026-10-09,TPEX,6712,長聖,162.0,162.0,160.0,161.5,180670.0
2026-10-09,TPEX,6716,應廣,138.5,138.5,138.5,138.5,427938.0
2026-10-09,TPEX,6720,久昌,123.0,125.0,117.0,117.0,67077.0
2026-10-09,TPEX,6721,信實,48.5,48.65,48.5,48.5,24322.0
2026-10-09,TPEX,6725,矽科宏晟,218.0,218.5,212.5,213.5,117686.0
2026-10-09,TPEX,6727,亞泰金屬,525.0,534.0,517.0,530.0,790752.0
2026-10-09,TPEX,6728,上洋,108.5,109.0,108.5,108.5,12096.0
2026-10-09,TPEX,6730,常廣,33.0,33.0,33.0,33.0,2151.0
2026-10-09,TPEX,6732,昇佳電子,153.0,153.0,151.5,152.0,39853.0
2026-10-09,TPEX,6733,博晟生醫,24.8,24.95,24.7,24.9,22330.0
2026-10-09,TPEX,6735,美達科技,63.2,63.2,62.1,62.6,46512.0
2026-10-09,TPEX,6739,竹陞科技,1095.0,1100.0,1055.0,1080.0,155660.0
2026-10-09,TPEX,6741,91APP*-KY,54.3,54.8,53.8,54.2,274659.0
2026-10-09,TPEX,6751,智聯服務,51.5,53.4,50.4,51.4,331429.0
2026-10-09,TPEX,6752,叡揚,97.0,97.0,96.7,97.0,16109.0
2026-10-09,TPEX,6761,穩得,167.0,167.5,165.5,166.5,96781.0
2026-10-09,TPEX,6762,達亞,,,,,1.0
2026-10-09,TPEX,6763,綠界科技*,41.6,41.7,41.5,41.55,93621.0
2026-10-09,TPEX,6767,台微醫,24.0,24.5,24.0,24.5,12000.0
2026-10-09,TPEX,6785,昱展新藥,90.3,90.5,88.1,88.1,83057.0
2026-10-09,TPEX,6788,華景電,375.0,390.0,364.5,375.5,1119881.0
2026-10-09,TPEX,6791,虎門科技,100.5,100.5,96.1,99.3,21880.0
2026-10-09,TPEX,6803,崑鼎,263.0,265.0,262.5,265.0,59582.0
2026-10-09,TPEX,6804,明係,18.2,18.2,17.6,17.85,61313.0
2026-10-09,TPEX,6811,宏碁資訊,275.5,290.0,273.5,281.0,2078477.0
2026-10-09,TPEX,6821,聯寶,45.4,45.65,44.9,44.9,62149.0
2026-10-09,TPEX,6823,濾能,61.2,61.2,59.5,59.7,33610.0
2026-10-09,TPEX,6829,千附精密,212.0,212.0,209.0,210.0,395179.0
2026-10-09,TPEX,6840,東研信超,94.5,96.0,91.9,94.5,297021.0
2026-10-09,TPEX,6841,長佳智能,55.9,56.9,55.9,56.7,188254.0
2026-10-09,TPEX,6843,進典,38.1,38.2,38.0,38.0,24016.0
2026-10-09,TPEX,6844,諾貝兒,56.9,56.9,56.1,56.1,30427.0
2026-10-09,TPEX,6846,綠茵,58.0,58.4,57.7,58.3,9000.0
2026-10-09,TPEX,6855,數泓科,111.5,112.0,111.5,111.5,13034.0
2026-10-09,TPEX,6856,鑫傳,40.3,41.05,40.15,41.05,11000.0
2026-10-09,TPEX,6859,伯特光,120.5,120.5,119.0,120.5,16825.0
2026-10-09,TPEX,6865,偉康科技,26.4,26.6,26.4,26.45,6070.0
2026-10-09,TPEX,6870,騰雲,316.0,326.0,315.0,319.0,75465.0
2026-10-09,TPEX,6872,浩宇生醫,23.4,23.4,21.65,21.8,74404.0
2026-10-09,TPEX,6874,倍力,70.0,70.3,69.8,70.3,8344.0
2026-10-09,TPEX,6875,國邑*,27.5,27.75,26.9,27.0,192723.0
2026-10-09,TPEX,6877,鏵友益,128.0,134.5,128.0,134.0,234498.0
2026-10-09,TPEX,6881,潤德,216.0,216.0,216.0,216.0,4346.0
2026-10-09,TPEX,6884,海柏特,32.2,32.2,31.3,32.1,37300.0
2026-10-09,TPEX,6894,衛司特,359.0,370.0,359.0,362.0,81175.0
2026-10-09,TPEX,6895,宏碩系統,155.0,155.5,153.5,155.5,7566.0
2026-10-09,TPEX,6899,創為精密,49.3,50.2,49.3,50.2,6287.0
2026-10-09,TPEX,6903,巨漢,325.5,327.5,319.0,326.5,191278.0
2026-10-09,TPEX,6904,伯鑫,,,,,0.0
2026-10-09,TPEX,6907,雅特力-KY,185.0,191.0,181.0,182.5,1464455.0
2026-10-09,TPEX,6910,德鴻,25.45,25.5,25.4,25.5,5065.0
2026-10-09,TPEX,6913,鴻呈,131.5,132.0,129.0,129.5,295251.0
2026-10-09,TPEX,6922,宸曜,204.0,205.0,202.0,203.0,66765.0
2026-10-09,TPEX,6925,意藍,70.0,75.5,69.9,71.3,454994.0
2026-10-09,TPEX,6929,佑全,22.0,22.0,22.0,22.0,2300.0
2026-10-09,TPEX,6945,圓祥生技,137.0,140.5,129.5,133.0,792852.0
2026-10-09,TPEX,6953,家碩,263.0,263.0,255.0,255.0,76614.0
2026-10-09,TPEX,6961,旅天下,45.95,45.95,45.6,45.6,7962.0
2026-10-09,TPEX,6967,汎瑋材料,72.3,72.8,71.8,71.9,91887.0
2026-10-09,TPEX,6968,萬達寵物,41.3,41.35,41.1,41.3,40720.0
2026-10-09,TPEX,6971,惠民實業,23.5,25.3,23.45,24.4,88226.0
2026-10-09,TPEX,6982,大井泵浦,44.7,45.3,44.7,44.8,26095.0
2026-10-09,TPEX,6983,華洋精機,382.0,382.0,366.0,374.5,70903.0
2026-10-09,TPEX,6986,和迅,44.0,44.3,44.0,44.3,35500.0
2026-10-09,TPEX,6996,力領科技,167.0,167.5,165.5,166.0,33218.0
2026-10-09,TPEX,6997,博弘,68.0,68.0,66.7,66.7,6167.0
2026-10-09,TPEX,7402,邑錡,100.5,100.5,99.2,99.2,62433.0
2026-10-09,TPEX,7547,碩網,61.5,61.5,59.9,60.0,54491.0
2026-10-09,TPEX,7556,意德士,303.0,303.0,287.5,290.0,116586.0
2026-10-09,TPEX,7584,樂意,28.2,28.3,28.2,28.2,4000.0
2026-10-09,TPEX,7642,昶瑞機電,65.4,66.4,65.0,65.9,53500.0
2026-10-09,TPEX,7703,銳澤,207.0,207.0,200.5,202.0,47697.0
2026-10-09,TPEX,7704,明遠精密,60.5,63.3,60.2,62.6,95228.0
2026-10-09,TPEX,7708,全家餐飲,91.5,91.5,91.5,91.5,14605.0
2026-10-09,TPEX,7709,榮田,82.2,83.6,81.5,81.6,93488.0
2026-10-09,TPEX,7712,博盛半導體,176.0,182.0,173.5,173.5,724249.0
2026-10-09,TPEX,7713,威力德生醫,73.2,73.5,73.2,73.5,3000.0
2026-10-09,TPEX,7714,創泓科技,169.0,171.5,168.5,170.0,151058.0
2026-10-09,TPEX,7715,裕山,26.6,27.5,26.45,26.55,58096.0
2026-10-09,TPEX,7716,昱臺國際,23.7,24.55,23.6,24.55,5000.0
2026-10-09,TPEX,7717,萊德光電-KY,581.0,590.0,570.0,577.0,562464.0
2026-10-09,TPEX,7718,友鋮,46.0,46.0,45.85,45.9,27000.0
2026-10-09,TPEX,7723,築間,21.8,22.75,20.8,22.3,861961.0
2026-10-09,TPEX,7728,光焱科技,643.0,679.0,630.0,631.0,95790.0
2026-10-09,TPEX,7734,印能科技,2710.0,2715.0,2640.0,2710.0,152083.0
2026-10-09,TPEX,7738,東聯互動,159.0,162.0,158.0,161.0,56056.0
2026-10-09,TPEX,7743,金利食安,26.0,26.1,24.9,26.0,130789.0
2026-10-09,TPEX,7744,崴寶,530.0,532.0,506.0,506.0,113871.0
2026-10-09,TPEX,7747,昕奇雲端,110.0,111.0,109.0,111.0,91716.0
2026-10-09,TPEX,7751,竑騰,1660.0,1660.0,1585.0,1620.0,193248.0
2026-10-09,TPEX,7753,星亞,35.35,35.75,35.35,35.7,10095.0
2026-10-09,TPEX,7757,金色三麥,88.5,88.9,88.5,88.9,9329.0
2026-10-09,TPEX,7767,仁大資訊,45.4,45.4,45.35,45.35,4985.0
2026-10-09,TPEX,7770,君曜,39.8,40.7,39.8,40.7,22607.0
2026-10-09,TPEX,7772,耀穎,143.0,145.5,134.0,135.0,503866.0
2026-10-09,TPEX,7777,能率亞洲,37.2,37.6,37.05,37.1,672280.0
2026-10-09,TPEX,7782,光速火箭,25.15,25.15,25.1,25.1,17101.0
2026-10-09,TPEX,7792,安葆,395.5,407.0,389.5,403.5,877617.0
2026-10-09,TPEX,7794,宏碁智新,29.5,29.5,29.05,29.3,36489.0
2026-10-09,TPEX,7805,威聯通,499.5,509.0,495.0,505.0,68591.0
2026-10-09,TPEX,7810,捷創科技,249.0,249.0,245.0,245.0,107035.0
2026-10-09,TPEX,7811,民盛,73.0,73.0,73.0,73.0,6000.0
2026-10-09,TPEX,7814,海昌生技,28.0,28.5,28.0,28.5,7000.0
2026-10-09,TPEX,7819,精誠金融,33.05,33.05,32.95,32.95,29051.0
2026-10-09,TPEX,7820,立盈,,,,,0.0
2026-10-09,TPEX,7825,和亞智慧,76.2,77.8,75.0,75.4,240381.0
2026-10-09,TPEX,7828,創新服務,1800.0,1840.0,1765.0,1840.0,161491.0
2026-10-09,TPEX,7839,達人網,44.25,44.5,43.1,44.0,10032.0
2026-10-09,TPEX,7842,天能綠電,96.5,96.7,95.5,96.5,5298.0
2026-10-09,TPEX,7856,漢測,4485.0,4630.0,4260.0,4260.0,524957.0
2026-10-09,TPEX,8024,佑華,12.05,12.5,12.05,12.35,111128.0
2026-10-09,TPEX,8027,鈦昇,207.0,209.5,200.0,202.5,2087324.0
2026-10-09,TPEX,8032,光菱,36.15,36.15,35.3,36.1,22346.0
2026-10-09,TPEX,8034,榮群,19.35,19.5,19.3,19.45,41843.0
2026-10-09,TPEX,8038,長園科,35.0,36.5,34.9,36.2,717780.0
2026-10-09,TPEX,8040,九暘,90.2,90.8,88.2,89.0,991554.0
2026-10-09,TPEX,8042,金山電,125.0,138.5,121.5,138.5,19817596.0
2026-10-09,TPEX,8043,蜜望實,143.0,149.0,140.0,146.5,3617814.0
2026-10-09,TPEX,8044,網家,24.35,24.35,24.05,24.2,247977.0
2026-10-09,TPEX,8047,星雲,43.5,45.4,43.5,44.5,106339.0
2026-10-09,TPEX,8048,德勝,52.0,52.0,50.3,51.4,89159.0
2026-10-09,TPEX,8049,晶采,24.55,24.55,24.4,24.45,58697.0
2026-10-09,TPEX,8050,廣積,60.6,61.5,60.3,60.4,861186.0
2026-10-09,TPEX,8054,安國,81.3,82.4,80.8,81.0,610453.0
2026-10-09,TPEX,8059,凱碩,17.7,17.95,17.6,17.6,39183.0
2026-10-09,TPEX,8064,東捷,134.5,135.0,132.5,133.5,1768784.0
2026-10-09,TPEX,8066,來思達,14.2,14.5,14.2,14.5,20370.0
2026-10-09,TPEX,8067,志旭,11.5,11.5,11.5,11.5,1001.0
2026-10-09,TPEX,8068,全達,17.35,18.75,17.3,18.75,946995.0
2026-10-09,TPEX,8069,元太,145.0,147.0,144.0,144.0,3444532.0
2026-10-09,TPEX,8071,能率網通,21.8,21.85,21.55,21.75,185773.0
2026-10-09,TPEX,8074,鉅橡,57.9,58.1,56.4,56.5,690255.0
2026-10-09,TPEX,8076,伍豐,21.3,21.55,21.25,21.4,314989.0
2026-10-09,TPEX,8077,洛碁,41.1,41.3,41.1,41.3,3000.0
2026-10-09,TPEX,8080,泰霖,28.45,28.45,28.3,28.3,24065.0
2026-10-09,TPEX,8083,瑞穎,160.0,161.0,160.0,161.0,64087.0
2026-10-09,TPEX,8084,巨虹,14.4,14.4,14.4,14.4,370982.0
2026-10-09,TPEX,8085,福華,15.1,15.5,14.8,15.1,360600.0
2026-10-09,TPEX,8086,宏捷科,142.5,154.0,140.0,154.0,30596943.0
2026-10-09,TPEX,8087,麗升能源,22.85,22.9,22.6,22.85,15315.0
2026-10-09,TPEX,8088,品安,44.9,45.3,43.8,43.8,456808.0
2026-10-09,TPEX,8089,康全電訊,19.3,19.4,19.15,19.4,86574.0
2026-10-09,TPEX,8091,翔名,229.5,231.5,226.5,230.0,286281.0
2026-10-09,TPEX,8092,建暐,12.2,13.15,12.1,12.75,237776.0
2026-10-09,TPEX,8093,保銳,26.3,26.4,25.9,26.3,43000.0
2026-10-09,TPEX,8096,擎亞,89.7,90.9,88.2,90.3,1834248.0
2026-10-09,TPEX,8097,常珵,48.3,48.4,47.9,48.2,62081.0
2026-10-09,TPEX,8099,大世科,58.9,59.4,58.2,58.7,51726.0
2026-10-09,TPEX,8102,傑霖科技,60.4,60.7,60.2,60.5,11143.0
2026-10-09,TPEX,8107,大億金茂,11.75,11.95,11.75,11.9,24552.0
2026-10-09,TPEX,8109,博大,135.5,136.5,133.5,136.0,146781.0
2026-10-09,TPEX,8111,立碁,93.0,97.2,92.6,93.7,17080646.0
2026-10-09,TPEX,8121,越峰,33.5,35.3,32.55,34.4,2804226.0
2026-10-09,TPEX,8147,正淩,142.0,142.0,139.0,139.0,134518.0
2026-10-09,TPEX,8155,博智,332.5,332.5,322.5,326.5,471156.0
2026-10-09,TPEX,8171,天宇,21.0,21.15,20.85,21.15,116251.0
2026-10-09,TPEX,8176,智捷,9.72,9.72,9.64,9.65,121353.0
2026-10-09,TPEX,8182,加高,43.8,46.55,42.75,45.7,2977493.0
2026-10-09,TPEX,8227,巨有科技,370.0,370.0,335.0,335.0,1301245.0
2026-10-09,TPEX,8234,新漢,62.0,63.7,62.0,63.4,502629.0
2026-10-09,TPEX,8240,華宏,55.1,55.5,54.1,54.5,393007.0
2026-10-09,TPEX,8255,朋程,151.0,151.5,149.0,150.5,244931.0
2026-10-09,TPEX,8272,全景軟體,60.2,60.6,60.0,60.6,6304.0
2026-10-09,TPEX,8277,商丞,15.5,15.5,15.1,15.45,32170.0
2026-10-09,TPEX,8279,生展,80.5,80.9,80.4,80.9,22000.0
2026-10-09,TPEX,8284,三竹,67.6,68.0,67.5,68.0,11364.0
2026-10-09,TPEX,8289,泰藝,55.0,60.9,54.4,60.9,4823100.0
2026-10-09,TPEX,8291,尚茂,26.95,27.75,26.95,27.3,8553.0
2026-10-09,TPEX,8299,群聯,2075.0,2095.0,2050.0,2060.0,2234739.0
2026-10-09,TPEX,8342,益張,85.0,85.0,84.9,84.9,5055.0
2026-10-09,TPEX,8349,恒耀,41.55,41.55,41.0,41.25,70354.0
2026-10-09,TPEX,8354,冠好,16.6,16.95,16.6,16.95,53535.0
2026-10-09,TPEX,8358,金居,540.0,542.0,533.0,535.0,3554165.0
2026-10-09,TPEX,8383,千附,70.6,70.6,69.0,69.0,785727.0
2026-10-09,TPEX,8390,金益鼎,91.0,93.0,90.7,90.9,331520.0
2026-10-09,TPEX,8401,白紗科,22.6,22.75,22.5,22.7,33523.0
2026-10-09,TPEX,8403,盛弘,18.95,19.25,18.9,19.05,207251.0
2026-10-09,TPEX,8409,商之器,17.9,17.9,17.9,17.9,6007.0
2026-10-09,TPEX,8410,森田,26.3,26.45,25.9,26.45,107232.0
2026-10-09,TPEX,8415,大國鋼,35.15,35.4,35.15,35.2,87756.0
2026-10-09,TPEX,8416,實威,171.0,171.0,171.0,171.0,2600.0
2026-10-09,TPEX,8421,旭源,13.1,13.2,12.9,13.15,116657.0
2026-10-09,TPEX,8423,保綠-KY,18.25,18.25,17.8,17.8,14485.0
2026-10-09,TPEX,8424,惠普,69.5,69.5,69.0,69.5,15080.0
2026-10-09,TPEX,8426,紅木-KY,20.9,20.9,20.6,20.6,15238.0
2026-10-09,TPEX,8431,匯鑽科,63.5,63.6,57.9,59.6,1740284.0
2026-10-09,TPEX,8432,東生華,53.8,53.9,53.0,53.2,77679.0
2026-10-09,TPEX,8433,弘帆,52.2,52.5,52.2,52.5,6070.0
2026-10-09,TPEX,8435,鉅邁,52.6,52.8,52.5,52.7,39435.0
2026-10-09,TPEX,8436,大江,103.0,103.5,102.5,103.0,324886.0
2026-10-09,TPEX,8437,大地-KY,11.25,11.25,10.5,10.55,43921.0
2026-10-09,TPEX,8440,綠電,20.0,20.25,20.0,20.1,32484.0
2026-10-09,TPEX,8444,綠河-KY,3.41,3.49,3.37,3.49,39650.0
2026-10-09,TPEX,8446,華研,86.0,87.9,85.5,86.4,30612.0
2026-10-09,TPEX,8450,霹靂,14.05,14.15,13.95,14.1,19528.0
2026-10-09,TPEX,8455,大拓-KY,,,,,750.0
2026-10-09,TPEX,8472,納維康,67.9,67.9,67.9,67.9,2453.0
2026-10-09,TPEX,8477,創業家,14.1,14.1,13.2,13.5,52046.0
2026-10-09,TPEX,8489,三貝德,21.65,21.9,21.65,21.9,38377.0
2026-10-09,TPEX,8905,裕國,34.15,34.15,33.5,33.95,29611.0
2026-10-09,TPEX,8906,花王,28.2,28.6,28.2,28.6,6271.0
2026-10-09,TPEX,8908,欣雄,39.95,39.95,39.5,39.8,63611.0
2026-10-09,TPEX,8916,光隆,40.95,40.95,40.7,40.85,32301.0
2026-10-09,TPEX,8917,欣泰,52.2,52.9,52.2,52.9,6223.0
2026-10-09,TPEX,8921,沈氏,16.7,16.85,16.7,16.85,2050.0
2026-10-09,TPEX,8923,時報,18.45,18.45,18.45,18.45,1324.0
2026-10-09,TPEX,8924,大田,49.7,50.0,49.0,49.3,46235.0
2026-10-09,TPEX,8927,北基,18.45,18.6,18.25,18.25,155000.0
2026-10-09,TPEX,8928,鉅明,22.45,22.7,22.1,22.25,54038.0
2026-10-09,TPEX,8929,富堡,12.8,12.8,12.75,12.75,23967.0
2026-10-09,TPEX,8930,青鋼,28.2,28.2,28.0,28.0,31809.0
2026-10-09,TPEX,8931,大汽電,42.5,42.8,42.4,42.55,35187.0
2026-10-09,TPEX,8932,智通*,90.7,95.1,90.2,92.7,1884475.0
2026-10-09,TPEX,8933,愛地雅,4.54,4.54,4.43,4.45,109588.0
2026-10-09,TPEX,8935,邦泰,18.1,19.0,18.1,18.9,83247.0
2026-10-09,TPEX,8936,國統,53.2,54.4,52.9,54.0,1755234.0
2026-10-09,TPEX,8937,合騏*,25.5,25.5,24.95,25.2,82003.0
2026-10-09,TPEX,8938,明安,51.8,52.0,51.6,51.9,50102.0
2026-10-09,TPEX,8941,關中,43.4,43.85,43.0,43.25,19073.0
2026-10-09,TPEX,8942,森鉅,40.75,40.75,40.2,40.2,146213.0
2026-10-09,TPEX,9949,琉園,,,,,682.0
2026-10-09,TPEX,9950,萬國通,10.15,10.25,10.15,10.25,4051.0
2026-10-09,TPEX,9951,皇田,46.25,47.3,46.25,47.1,54174.0
2026-10-09,TPEX,9960,邁達康,37.9,39.2,37.9,38.45,15089.0
2026-10-09,TPEX,9962,有益,10.2,10.3,10.1,10.25,137712.0
