date,market,stock_id,name,open,high,low,close,volume
2026-09-09,TWSE,1101,台泥,24.3,24.5,24.2,24.3,16729814.0
2026-09-09,TWSE,1102,亞泥,35.15,35.2,34.85,35.2,5994897.0
2026-09-09,TWSE,1103,嘉泥,13.2,13.25,13.15,13.15,230667.0
2026-09-09,TWSE,1104,環泥,27.4,27.65,27.25,27.45,477678.0
2026-09-09,TWSE,1108,幸福,11.65,11.65,11.5,11.6,265848.0
2026-09-09,TWSE,1109,信大,13.55,13.55,13.4,13.5,99418.0
2026-09-09,TWSE,1110,東泥,15.85,16.05,15.85,16.0,83653.0
2026-09-09,TWSE,1201,味全,12.2,12.2,12.1,12.1,271883.0
2026-09-09,TWSE,1203,味王,45.8,45.85,45.4,45.85,9775.0
2026-09-09,TWSE,1210,大成,52.4,52.8,52.0,52.5,1365033.0
2026-09-09,TWSE,1213,大飲,7.3,7.59,7.29,7.59,24123.0
2026-09-09,TWSE,1215,卜蜂,111.0,111.0,110.0,110.0,308491.0
2026-09-09,TWSE,1216,統一,75.3,76.7,75.1,76.7,12646668.0
2026-09-09,TWSE,1217,愛之味,9.92,9.97,9.91,9.96,321554.0
2026-09-09,TWSE,1218,泰山,14.55,14.55,14.45,14.45,460386.0
2026-09-09,TWSE,1219,福壽,11.6,11.75,11.55,11.75,257088.0
2026-09-09,TWSE,1220,台榮,10.7,11.1,10.7,11.0,180306.0
2026-09-09,TWSE,1225,福懋油,25.0,25.45,25.0,25.05,41514.0
2026-09-09,TWSE,1227,佳格,28.5,28.65,28.3,28.55,475468.0
2026-09-09,TWSE,1229,聯華,41.65,42.0,41.45,41.7,1352666.0
2026-09-09,TWSE,1231,聯華食,80.1,80.6,80.1,80.4,194240.0
2026-09-09,TWSE,1232,大統益,156.5,157.5,156.0,157.0,88952.0
2026-09-09,TWSE,1233,天仁,28.1,28.1,27.85,28.1,22851.0
2026-09-09,TWSE,1234,黑松,33.25,33.55,33.25,33.4,57519.0
2026-09-09,TWSE,1235,興泰,39.0,39.0,38.45,38.95,16113.0
2026-09-09,TWSE,1236,宏亞,26.2,26.3,26.1,26.25,28620.0
2026-09-09,TWSE,1256,鮮活果汁-KY,173.5,176.5,173.5,174.0,42492.0
2026-09-09,TWSE,1301,台塑,67.4,67.4,64.7,65.1,28241360.0
2026-09-09,TWSE,1303,南亞,236.0,239.5,229.0,235.0,65193109.0
2026-09-09,TWSE,1304,台聚,12.3,12.5,12.2,12.35,2632612.0
2026-09-09,TWSE,1305,華夏,12.1,12.3,12.1,12.15,788385.0
2026-09-09,TWSE,1307,三芳,30.3,30.65,30.3,30.65,344722.0
2026-09-09,TWSE,1308,亞聚,14.1,14.35,13.95,14.15,1562220.0
2026-09-09,TWSE,1309,台達化,13.6,13.75,13.5,13.6,1431811.0
2026-09-09,TWSE,1310,台苯,8.64,8.64,8.49,8.57,1970702.0
2026-09-09,TWSE,1312,國喬,14.1,14.15,13.8,13.9,13294342.0
2026-09-09,TWSE,1313,聯成,11.85,11.9,11.7,11.8,1313635.0
2026-09-09,TWSE,1314,中石化,8.1,8.12,8.06,8.11,14930552.0
2026-09-09,TWSE,1315,達新,65.8,66.2,65.5,66.1,30210.0
2026-09-09,TWSE,1316,上曜,10.8,11.0,10.75,10.8,2578141.0
2026-09-09,TWSE,1319,東陽,81.7,81.7,78.8,79.0,2841504.0
2026-09-09,TWSE,1321,大洋,32.5,32.55,32.2,32.35,61579.0
2026-09-09,TWSE,1323,永裕,21.1,21.25,21.1,21.25,8138.0
2026-09-09,TWSE,1324,地球,10.05,10.1,10.0,10.0,34573.0
2026-09-09,TWSE,1325,恆大,26.2,26.2,25.85,25.95,112268.0
2026-09-09,TWSE,1326,台化,72.6,72.6,70.1,70.6,24157597.0
2026-09-09,TWSE,1337,再生-KY,4.55,4.56,4.5,4.51,308961.0
2026-09-09,TWSE,1338,廣華-KY,14.4,14.4,14.05,14.15,105057.0
2026-09-09,TWSE,1339,昭輝,42.9,43.3,42.85,42.95,67017.0
2026-09-09,TWSE,1340,勝悅-KY,5.24,5.24,5.12,5.23,95223.0
2026-09-09,TWSE,1341,富林-KY,59.8,59.8,59.8,59.8,1471.0
2026-09-09,TWSE,1342,八貫,103.5,103.5,101.0,102.5,191202.0
2026-09-09,TWSE,1402,遠東新,28.7,28.75,28.35,28.65,7430750.0
2026-09-09,TWSE,1409,新纖,24.45,24.7,24.0,24.45,8755855.0
2026-09-09,TWSE,1410,南染,24.6,24.75,24.5,24.55,53675.0
2026-09-09,TWSE,1413,宏洲,9.25,9.46,9.25,9.29,11914.0
2026-09-09,TWSE,1414,東和,17.95,17.95,17.6,17.65,186565.0
2026-09-09,TWSE,1416,廣豐,11.6,11.6,11.4,11.5,287604.0
2026-09-09,TWSE,1417,嘉裕,8.27,8.27,8.13,8.2,160563.0
2026-09-09,TWSE,1418,東華,17.85,17.85,17.8,17.8,23422.0
2026-09-09,TWSE,1419,新紡,68.3,68.6,67.3,67.5,45959.0
2026-09-09,TWSE,1423,利華,35.6,35.6,35.6,35.6,2756.0
2026-09-09,TWSE,1432,大魯閣,15.1,15.1,15.0,15.05,72707.0
2026-09-09,TWSE,1434,福懋,18.05,18.05,17.7,17.8,2221461.0
2026-09-09,TWSE,1435,中福,22.2,23.4,22.2,23.35,9690.0
2026-09-09,TWSE,1436,華友聯,37.9,37.9,37.15,37.15,214110.0
2026-09-09,TWSE,1437,勤益控,32.2,32.25,31.85,31.95,66198.0
2026-09-09,TWSE,1438,三地開發,23.4,23.6,22.95,23.3,194440.0
2026-09-09,TWSE,1439,雋揚,29.1,29.45,29.1,29.4,5816.0
2026-09-09,TWSE,1440,南紡,13.6,13.85,13.25,13.6,4140239.0
2026-09-09,TWSE,1441,大東,8.72,8.8,8.67,8.8,31570.0
2026-09-09,TWSE,1442,名軒,29.9,30.25,29.8,30.05,94880.0
2026-09-09,TWSE,1443,立益物流,23.4,23.8,23.4,23.65,7925.0
2026-09-09,TWSE,1444,力麗,7.03,7.03,6.87,6.99,2540661.0
2026-09-09,TWSE,1445,大宇,10.3,10.4,10.15,10.4,181191.0
2026-09-09,TWSE,1446,宏和,13.4,13.4,13.3,13.35,109897.0
2026-09-09,TWSE,1447,力鵬,6.66,6.7,6.61,6.69,817178.0
2026-09-09,TWSE,1449,佳和,12.15,12.25,12.1,12.2,212415.0
2026-09-09,TWSE,1451,年興,17.3,17.3,17.2,17.3,27096.0
2026-09-09,TWSE,1452,宏益,11.25,11.3,11.2,11.3,73496.0
2026-09-09,TWSE,1453,大將,11.0,11.05,11.0,11.0,27410.0
2026-09-09,TWSE,1454,台富,12.25,12.4,12.2,12.3,36122.0
2026-09-09,TWSE,1455,集盛,9.8,9.9,9.73,9.9,933596.0
2026-09-09,TWSE,1456,怡華,13.9,14.4,13.7,14.35,95038.0
2026-09-09,TWSE,1457,宜進,14.3,14.45,14.3,14.35,66266.0
2026-09-09,TWSE,1459,聯發,15.5,15.7,15.35,15.6,119369.0
2026-09-09,TWSE,1460,宏遠,6.61,6.62,6.55,6.55,214830.0
2026-09-09,TWSE,1463,強盛新,17.3,17.3,17.1,17.25,26345.0
2026-09-09,TWSE,1464,得力,10.05,10.1,10.0,10.05,472500.0
2026-09-09,TWSE,1465,偉全,11.95,11.95,11.75,11.85,187562.0
2026-09-09,TWSE,1466,聚隆,15.55,15.65,15.4,15.5,305319.0
2026-09-09,TWSE,1467,南緯,8.28,8.28,8.15,8.21,116361.0
2026-09-09,TWSE,1468,昶和,13.35,13.5,13.1,13.5,46415.0
2026-09-09,TWSE,1470,大統新創,24.85,24.85,23.9,23.9,25385.0
2026-09-09,TWSE,1471,首利,9.79,9.79,9.65,9.65,132450.0
2026-09-09,TWSE,1472,三洋實業,88.6,90.0,88.6,90.0,102539.0
2026-09-09,TWSE,1473,台南,20.0,20.1,20.0,20.1,41036.0
2026-09-09,TWSE,1474,弘裕,9.99,10.0,9.95,9.97,43560.0
2026-09-09,TWSE,1475,業旺,25.8,26.1,25.8,26.0,31871.0
2026-09-09,TWSE,1476,儒鴻,306.5,307.0,299.0,300.0,2603139.0
2026-09-09,TWSE,1477,聚陽,195.0,199.5,195.0,198.0,1213497.0
2026-09-09,TWSE,1503,士電,207.5,208.5,204.0,204.5,1075972.0
2026-09-09,TWSE,1504,東元,72.2,72.4,70.4,70.4,5634282.0
2026-09-09,TWSE,1506,正道,10.0,10.05,9.97,10.0,305639.0
2026-09-09,TWSE,1512,瑞利,6.24,6.36,6.24,6.35,18513.0
2026-09-09,TWSE,1513,中興電,167.5,167.5,164.5,165.0,1320066.0
2026-09-09,TWSE,1514,亞力,103.0,103.0,101.5,102.0,723891.0
2026-09-09,TWSE,1515,力山,30.25,30.55,30.0,30.0,796746.0
2026-09-09,TWSE,1516,川飛,14.75,14.75,14.15,14.15,9406.0
2026-09-09,TWSE,1517,利奇,10.8,10.85,10.7,10.7,195427.0
2026-09-09,TWSE,1519,華城,748.0,748.0,728.0,728.0,1125985.0
2026-09-09,TWSE,1521,大億,25.5,25.6,25.3,25.3,22854.0
2026-09-09,TWSE,1522,堤維西,26.8,26.9,26.7,26.8,231329.0
2026-09-09,TWSE,1524,耿鼎,26.95,26.95,26.6,26.6,164875.0
2026-09-09,TWSE,1525,江申,65.6,66.4,65.5,66.4,5924.0
2026-09-09,TWSE,1526,日馳,15.55,15.55,15.25,15.3,96709.0
2026-09-09,TWSE,1527,鑽全,32.8,32.95,32.6,32.8,116142.0
2026-09-09,TWSE,1528,恩德,19.5,21.05,19.5,21.05,3489297.0
2026-09-09,TWSE,1529,樂事綠能,16.05,16.4,15.75,15.8,642841.0
2026-09-09,TWSE,1530,亞崴,28.8,28.8,28.5,28.5,10324.0
2026-09-09,TWSE,1531,高林股,12.15,12.15,11.75,11.8,206015.0
2026-09-09,TWSE,1532,勤美,22.8,22.9,22.65,22.75,196800.0
2026-09-09,TWSE,1533,車王電,31.0,31.0,30.6,30.95,61306.0
2026-09-09,TWSE,1535,中宇,45.5,45.75,45.4,45.65,36278.0
2026-09-09,TWSE,1536,和大,48.9,48.9,47.85,47.9,1643040.0
2026-09-09,TWSE,1537,廣隆,115.0,115.0,114.0,114.0,177460.0
2026-09-09,TWSE,1538,正峰,8.1,8.45,8.1,8.23,33672.0
2026-09-09,TWSE,1539,巨庭,15.7,15.7,15.6,15.6,11579.0
2026-09-09,TWSE,1540,喬福,19.5,19.6,19.4,19.45,120350.0
2026-09-09,TWSE,1541,錩泰,21.2,21.45,21.2,21.45,5609.0
2026-09-09,TWSE,1558,伸興,107.5,107.5,104.5,106.0,73609.0
2026-09-09,TWSE,1560,中砂,730.0,736.0,713.0,717.0,665337.0
2026-09-09,TWSE,1563,巧新,79.1,79.1,75.5,77.1,1230096.0
2026-09-09,TWSE,1568,倉佑,29.25,29.45,28.75,28.95,159580.0
2026-09-09,TWSE,1582,信錦,73.7,73.7,72.1,72.2,277640.0
2026-09-09,TWSE,1583,程泰,48.3,48.5,48.3,48.35,14063.0
2026-09-09,TWSE,1587,吉茂,24.05,24.3,23.85,23.9,193191.0
2026-09-09,TWSE,1590,亞德客-KY,1380.0,1385.0,1315.0,1335.0,366835.0
2026-09-09,TWSE,1597,直得,150.0,150.5,143.0,143.0,2378357.0
2026-09-09,TWSE,1598,岱宇,20.5,20.65,20.5,20.55,126129.0
2026-09-09,TWSE,1603,華電,30.2,30.3,29.8,30.05,146023.0
2026-09-09,TWSE,1604,聲寶,23.65,23.7,23.55,23.65,168159.0
2026-09-09,TWSE,1605,華新,37.95,38.65,37.8,38.1,14978729.0
2026-09-09,TWSE,1608,華榮,36.3,37.3,36.1,36.65,2718335.0
2026-09-09,TWSE,1609,大亞,37.5,38.0,37.4,37.6,3522401.0
2026-09-09,TWSE,1611,中電,11.7,11.75,11.65,11.65,214633.0
2026-09-09,TWSE,1612,宏泰,34.9,34.95,34.6,34.7,304473.0
2026-09-09,TWSE,1614,三洋電,30.8,30.8,30.65,30.65,23659.0
2026-09-09,TWSE,1615,大山,43.85,44.15,43.7,43.9,56543.0
2026-09-09,TWSE,1616,億泰,18.9,19.05,18.7,18.75,135648.0
2026-09-09,TWSE,1617,榮星,17.85,17.85,17.5,17.55,322735.0
2026-09-09,TWSE,1618,合機,39.55,39.8,39.25,39.5,424326.0
2026-09-09,TWSE,1623,大東電,203.0,205.0,203.0,204.0,50056.0
2026-09-09,TWSE,1626,艾美特-KY,9.66,9.72,9.61,9.72,23684.0
2026-09-09,TWSE,1702,南僑,32.6,32.7,32.5,32.6,138337.0
2026-09-09,TWSE,1707,葡萄王,91.0,91.5,90.5,90.5,282713.0
2026-09-09,TWSE,1708,東鹼,50.7,50.7,49.7,50.2,1711870.0
2026-09-09,TWSE,1709,和益,33.75,34.1,32.8,33.6,6585442.0
2026-09-09,TWSE,1710,東聯,15.65,16.0,15.45,15.85,4191097.0
2026-09-09,TWSE,1711,永光,41.3,41.35,39.4,39.5,3919965.0
2026-09-09,TWSE,1712,興農,40.3,40.95,40.3,40.85,892009.0
2026-09-09,TWSE,1713,國化,43.5,43.5,43.3,43.35,91091.0
2026-09-09,TWSE,1714,和桐,16.5,16.6,16.25,16.25,5029928.0
2026-09-09,TWSE,1717,長興,73.6,73.7,72.1,72.3,7878136.0
2026-09-09,TWSE,1718,中纖,10.45,10.45,10.25,10.4,9237489.0
2026-09-09,TWSE,1720,生達,56.3,56.4,55.9,56.0,223193.0
2026-09-09,TWSE,1721,國慶科技,24.6,24.6,24.6,24.6,1839015.0
2026-09-09,TWSE,1722,台肥,44.6,44.8,44.45,44.55,1496267.0
2026-09-09,TWSE,1723,中碳,83.7,85.9,83.4,83.9,513244.0
2026-09-09,TWSE,1725,元禎,32.1,32.35,31.85,32.3,22211.0
2026-09-09,TWSE,1726,永記,78.0,78.1,77.0,77.5,49512.0
2026-09-09,TWSE,1727,中華化,91.5,92.3,90.5,90.6,1525491.0
2026-09-09,TWSE,1730,花仙子,51.6,51.6,51.3,51.3,23710.0
2026-09-09,TWSE,1731,美吾華,20.9,21.05,20.9,21.0,65748.0
2026-09-09,TWSE,1732,毛寶,26.0,26.3,26.0,26.2,103402.0
2026-09-09,TWSE,1733,五鼎,31.75,31.75,31.15,31.15,135410.0
2026-09-09,TWSE,1734,杏輝,31.0,31.2,30.85,31.1,165140.0
2026-09-09,TWSE,1735,日勝化,20.1,20.25,20.05,20.2,38493.0
2026-09-09,TWSE,1736,喬山,125.5,126.5,125.0,126.5,103834.0
2026-09-09,TWSE,1737,臺鹽,30.65,30.65,30.5,30.65,204581.0
2026-09-09,TWSE,1752,南光,31.55,31.8,31.45,31.5,33745.0
2026-09-09,TWSE,1760,寶齡富錦,56.4,56.4,55.7,56.0,134950.0
2026-09-09,TWSE,1762,中化生,35.95,35.95,34.8,35.0,67508.0
2026-09-09,TWSE,1773,勝一,164.5,169.0,162.0,164.0,1209298.0
2026-09-09,TWSE,1776,展宇,17.2,17.25,17.1,17.25,46535.0
2026-09-09,TWSE,1783,和康生,38.0,38.0,37.8,37.8,34312.0
2026-09-09,TWSE,1786,科妍,46.6,46.8,45.7,46.3,170354.0
2026-09-09,TWSE,1789,神隆,19.3,19.5,19.15,19.15,317930.0
2026-09-09,TWSE,1795,美時,182.0,183.0,180.5,180.5,661252.0
2026-09-09,TWSE,1802,台玻,61.1,61.2,59.4,59.9,17724258.0
2026-09-09,TWSE,1805,寶徠,10.05,10.1,9.96,9.96,92387.0
2026-09-09,TWSE,1806,冠軍,8.05,8.06,8.01,8.03,71915.0
2026-09-09,TWSE,1808,潤隆,34.25,35.1,34.1,34.85,1180519.0
2026-09-09,TWSE,1809,中釉,37.9,39.85,37.65,38.1,1633625.0
2026-09-09,TWSE,1810,和成,24.1,24.55,24.0,24.0,1919007.0
2026-09-09,TWSE,1817,凱撒衛,40.2,40.2,39.9,40.0,38077.0
2026-09-09,TWSE,1903,士紙,47.6,47.95,47.5,47.85,92339.0
2026-09-09,TWSE,1904,正隆,24.6,24.65,24.25,24.45,1460928.0
2026-09-09,TWSE,1905,華紙,13.25,13.3,13.15,13.2,1146696.0
2026-09-09,TWSE,1906,寶隆,11.15,11.15,11.1,11.1,23634.0
2026-09-09,TWSE,1907,永豐餘,29.1,29.35,29.0,29.15,501262.0
2026-09-09,TWSE,1909,榮成,10.85,10.9,10.75,10.75,1563028.0
2026-09-09,TWSE,2002,中鋼,19.05,19.15,18.95,19.1,20868836.0
2026-09-09,TWSE,2006,東和鋼鐵,80.8,82.4,80.7,81.9,768679.0
2026-09-09,TWSE,2007,燁興,6.9,7.0,6.9,6.92,209694.0
2026-09-09,TWSE,2008,高興昌,30.7,31.25,30.7,30.75,10963.0
2026-09-09,TWSE,2009,第一銅,39.85,41.2,39.25,40.6,4686373.0
2026-09-09,TWSE,2010,春源,22.3,22.45,22.15,22.4,662880.0
2026-09-09,TWSE,2012,春雨,14.55,14.55,14.3,14.45,59916.0
2026-09-09,TWSE,2013,中鋼構,41.7,42.15,41.7,41.7,134269.0
2026-09-09,TWSE,2014,中鴻,17.0,17.15,16.9,17.0,1600249.0
2026-09-09,TWSE,2015,豐興,64.7,65.0,64.2,64.7,157287.0
2026-09-09,TWSE,2017,官田鋼,8.92,9.08,8.92,8.97,245375.0
2026-09-09,TWSE,2020,美亞,21.75,21.95,21.65,21.8,354285.0
2026-09-09,TWSE,2022,聚亨,7.5,7.5,7.39,7.46,214036.0
2026-09-09,TWSE,2023,燁輝,13.95,14.05,13.9,13.95,1092052.0
2026-09-09,TWSE,2024,志聯,13.25,13.25,13.2,13.2,10921.0
2026-09-09,TWSE,2025,千興,12.6,12.7,12.55,12.55,450964.0
2026-09-09,TWSE,2027,大成鋼,49.1,50.0,48.7,49.35,12192930.0
2026-09-09,TWSE,2028,威致,15.85,15.85,15.65,15.65,133372.0
2026-09-09,TWSE,2029,盛餘,21.4,21.55,21.3,21.3,606380.0
2026-09-09,TWSE,2030,彰源,22.65,23.95,22.65,23.8,4564495.0
2026-09-09,TWSE,2031,新光鋼,44.75,44.9,44.3,44.85,348694.0
2026-09-09,TWSE,2032,新鋼,17.0,17.2,16.95,17.05,179347.0
2026-09-09,TWSE,2033,佳大,25.7,26.3,25.0,25.45,531067.0
2026-09-09,TWSE,2034,允強,20.95,21.15,20.85,20.95,1114968.0
2026-09-09,TWSE,2038,海光,12.6,12.6,12.05,12.4,205429.0
2026-09-09,TWSE,2049,上銀,367.0,367.0,349.0,350.0,2971158.0
2026-09-09,TWSE,2059,川湖,14000.0,14200.0,12515.0,12520.0,1284516.0
2026-09-09,TWSE,2062,橋椿,19.5,19.55,19.25,19.3,307101.0
2026-09-09,TWSE,2069,運錩,21.35,22.4,20.95,22.4,2647458.0
2026-09-09,TWSE,2072,世紀風電,132.5,134.5,129.5,131.0,734535.0
2026-09-09,TWSE,2101,南港,31.05,31.2,30.65,30.65,2030971.0
2026-09-09,TWSE,2102,泰豐,18.0,18.0,17.7,17.8,219698.0
2026-09-09,TWSE,2103,台橡,27.25,27.25,25.3,25.75,14934234.0
2026-09-09,TWSE,2104,國際中橡,10.05,10.15,10.0,10.1,2038819.0
2026-09-09,TWSE,2105,正新,30.85,30.85,30.5,30.6,3924204.0
2026-09-09,TWSE,2106,建大,16.95,17.15,16.85,16.95,405612.0
2026-09-09,TWSE,2107,厚生,26.4,26.8,26.4,26.75,163017.0
2026-09-09,TWSE,2108,南帝,29.25,29.25,28.85,29.15,408270.0
2026-09-09,TWSE,2109,華豐,14.9,14.95,14.85,14.95,46841.0
2026-09-09,TWSE,2114,鑫永銓,89.4,90.0,89.1,89.8,35836.0
2026-09-09,TWSE,2115,六暉-KY,24.2,24.25,23.8,23.8,60450.0
2026-09-09,TWSE,2201,裕隆,30.8,31.0,30.4,30.45,5930444.0
2026-09-09,TWSE,2204,中華,53.5,53.7,53.3,53.3,375041.0
2026-09-09,TWSE,2206,三陽工業,63.1,63.7,62.9,63.7,335699.0
2026-09-09,TWSE,2207,和泰車,535.0,538.0,529.0,535.0,200205.0
2026-09-09,TWSE,2208,台船,18.95,18.95,18.8,18.8,991788.0
2026-09-09,TWSE,2211,長榮鋼,83.1,83.5,82.9,83.2,235671.0
2026-09-09,TWSE,2227,裕日車,47.7,48.2,47.5,48.0,19759.0
2026-09-09,TWSE,2228,劍麟,74.9,75.7,73.5,75.5,92507.0
2026-09-09,TWSE,2231,為升,90.3,90.5,89.0,89.2,190322.0
2026-09-09,TWSE,2233,宇隆,168.0,168.5,160.5,161.0,557995.0
2026-09-09,TWSE,2236,百達-KY,120.5,129.0,120.5,122.0,288981.0
2026-09-09,TWSE,2237,華德動能-創,27.85,27.85,27.6,27.75,91770.0
2026-09-09,TWSE,2239,英利-KY,19.95,20.05,19.7,19.9,22047.0
2026-09-09,TWSE,2241,艾姆勒,34.35,34.6,34.1,34.2,175148.0
2026-09-09,TWSE,2243,宏旭-KY,45.35,46.95,44.9,45.45,171826.0
2026-09-09,TWSE,2247,汎德永業,231.0,233.0,231.0,233.0,14304.0
2026-09-09,TWSE,2248,華勝-KY,60.0,61.3,60.0,60.3,31421.0
2026-09-09,TWSE,2250,IKKA-KY,57.1,57.5,56.4,56.4,67703.0
2026-09-09,TWSE,2254,巨鎧精密-創,62.3,64.3,62.3,63.1,1201567.0
2026-09-09,TWSE,2258,鴻華先進-創,31.6,32.05,31.4,31.85,471753.0
2026-09-09,TWSE,2301,光寶科,300.0,301.5,289.0,291.0,18980605.0
2026-09-09,TWSE,2302,麗正,43.0,43.55,41.7,41.8,2178017.0
2026-09-09,TWSE,2303,聯電,142.0,142.5,135.0,137.0,219176053.0
2026-09-09,TWSE,2305,全友,33.95,36.2,32.75,33.2,21635033.0
2026-09-09,TWSE,2308,台達電,1860.0,1860.0,1795.0,1805.0,6331851.0
2026-09-09,TWSE,2312,金寶,32.35,32.35,31.25,31.3,9390867.0
2026-09-09,TWSE,2313,華通,240.0,241.0,227.5,231.0,40022863.0
2026-09-09,TWSE,2314,台揚,11.0,11.0,10.75,10.95,132807.0
2026-09-09,TWSE,2316,楠梓電,160.0,164.0,158.0,158.0,1776222.0
2026-09-09,TWSE,2317,鴻海,256.0,256.0,250.0,251.5,40240647.0
2026-09-09,TWSE,2321,東訊,14.1,14.4,13.8,13.8,10805.0
2026-09-09,TWSE,2323,中環,10.9,10.9,10.7,10.7,3112524.0
2026-09-09,TWSE,2324,仁寶,39.85,39.9,38.6,39.05,70154546.0
2026-09-09,TWSE,2327,國巨*,580.0,584.0,565.0,567.0,39419068.0
2026-09-09,TWSE,2328,廣宇,46.9,47.4,46.0,46.0,1908851.0
2026-09-09,TWSE,2329,華泰,43.55,43.65,42.6,42.7,2702343.0
2026-09-09,TWSE,2330,台積電,2465.0,2505.0,2460.0,2470.0,28931697.0
2026-09-09,TWSE,2331,精英,19.25,19.3,18.9,19.0,1464358.0
2026-09-09,TWSE,2332,友訊,19.4,19.5,18.75,18.75,6674263.0
2026-09-09,TWSE,2337,旺宏,125.5,130.0,125.0,126.0,58876929.0
2026-09-09,TWSE,2338,光罩,38.85,38.85,37.75,37.75,826344.0
2026-09-09,TWSE,2340,台亞,33.05,33.9,32.2,32.35,2018706.0
2026-09-09,TWSE,2342,茂矽,40.2,40.7,38.75,38.95,1940235.0
2026-09-09,TWSE,2344,華邦電,185.0,192.0,183.5,188.0,222260653.0
2026-09-09,TWSE,2345,智邦,2130.0,2140.0,1950.0,1955.0,6441295.0
2026-09-09,TWSE,2347,聯強,89.9,89.9,88.3,88.9,2774953.0
2026-09-09,TWSE,2348,海悅,71.2,72.4,70.8,71.9,314800.0
2026-09-09,TWSE,2349,錸德,10.75,10.85,10.6,10.65,1765906.0
2026-09-09,TWSE,2351,順德,233.5,235.0,218.0,227.5,6840234.0
2026-09-09,TWSE,2352,佳世達,29.2,29.2,28.6,28.65,2485220.0
2026-09-09,TWSE,2353,宏碁,32.0,32.0,31.0,31.05,23191817.0
2026-09-09,TWSE,2354,鴻準,66.2,66.3,64.3,64.5,16276643.0
2026-09-09,TWSE,2355,敬鵬,42.3,42.55,41.85,41.9,1267634.0
2026-09-09,TWSE,2356,英業達,65.5,65.5,62.6,64.0,36613724.0
2026-09-09,TWSE,2357,華碩,992.0,992.0,956.0,968.0,4968506.0
2026-09-09,TWSE,2359,所羅門,142.5,142.5,135.0,135.5,4778130.0
2026-09-09,TWSE,2360,致茂,2235.0,2340.0,2185.0,2265.0,4951555.0
2026-09-09,TWSE,2362,藍天,48.05,48.05,47.25,47.55,784543.0
2026-09-09,TWSE,2363,矽統,53.2,56.3,51.6,51.8,15792771.0
2026-09-09,TWSE,2364,倫飛,66.5,66.5,65.4,65.7,206131.0
2026-09-09,TWSE,2365,昆盈,29.0,29.0,28.2,28.45,581252.0
2026-09-09,TWSE,2367,燿華,42.35,42.5,41.5,41.5,2966685.0
2026-09-09,TWSE,2368,金像電,1100.0,1115.0,1070.0,1075.0,4987962.0
2026-09-09,TWSE,2369,菱生,31.3,31.4,30.15,30.2,4146317.0
2026-09-09,TWSE,2371,大同,28.15,28.25,27.7,27.8,3759948.0
2026-09-09,TWSE,2373,震旦行,53.3,53.4,52.8,53.4,23076.0
2026-09-09,TWSE,2374,佳能,70.0,71.0,67.3,67.4,4149447.0
2026-09-09,TWSE,2375,凱美,127.5,127.5,122.5,123.0,2195567.0
2026-09-09,TWSE,2376,技嘉,364.5,364.5,351.0,357.0,6385642.0
2026-09-09,TWSE,2377,微星,157.5,157.5,152.5,152.5,9119002.0
2026-09-09,TWSE,2379,瑞昱,717.0,721.0,680.0,692.0,4835169.0
2026-09-09,TWSE,2380,虹光,18.2,18.25,17.1,17.7,225463.0
2026-09-09,TWSE,2382,廣達,344.5,344.5,328.0,328.0,35435507.0
2026-09-09,TWSE,2383,台光電,5500.0,5550.0,5315.0,5340.0,1474956.0
2026-09-09,TWSE,2385,群光,108.0,108.0,105.0,105.5,5370064.0
2026-09-09,TWSE,2387,精元,36.15,36.35,35.75,36.25,236438.0
2026-09-09,TWSE,2388,威盛,78.1,81.2,75.8,76.1,8501828.0
2026-09-09,TWSE,2390,云辰,10.1,10.1,10.0,10.05,346689.0
2026-09-09,TWSE,2392,正崴,44.4,45.0,42.6,42.8,3507000.0
2026-09-09,TWSE,2393,億光,63.5,63.5,62.5,62.6,1115350.0
2026-09-09,TWSE,2395,研華,681.0,681.0,651.0,657.0,4049282.0
2026-09-09,TWSE,2397,友通,61.9,61.9,59.4,59.8,440127.0
2026-09-09,TWSE,2399,映泰,47.25,47.25,45.25,45.65,3464596.0
2026-09-09,TWSE,2401,凌陽,25.6,25.65,24.85,24.85,2278556.0
2026-09-09,TWSE,2402,毅嘉,56.1,56.4,54.5,54.6,1590173.0
2026-09-09,TWSE,2404,漢唐,1085.0,1085.0,1050.0,1055.0,651640.0
2026-09-09,TWSE,2405,輔信,15.05,15.1,14.9,14.9,568800.0
2026-09-09,TWSE,2406,國碩,27.45,27.45,26.9,26.9,2237101.0
2026-09-09,TWSE,2408,南亞科,527.0,540.0,524.0,531.0,76221279.0
2026-09-09,TWSE,2409,友達,28.8,30.7,28.2,29.6,623892482.0
2026-09-09,TWSE,2412,中華電,137.5,139.0,137.0,139.0,11188451.0
2026-09-09,TWSE,2413,環科,47.95,49.6,45.85,45.95,4634982.0
2026-09-09,TWSE,2414,精技,52.0,52.0,51.6,51.7,146537.0
2026-09-09,TWSE,2415,錩新,28.5,28.5,27.45,27.9,179099.0
2026-09-09,TWSE,2417,圓剛,39.65,39.65,38.3,38.3,916301.0
2026-09-09,TWSE,2419,仲琦,27.35,27.45,26.7,26.7,1284774.0
2026-09-09,TWSE,2420,新巨,54.2,54.2,53.5,53.7,326120.0
2026-09-09,TWSE,2421,建準,172.0,172.0,165.5,168.0,3308402.0
2026-09-09,TWSE,2423,固緯,76.5,76.5,73.4,73.9,38462.0
2026-09-09,TWSE,2424,隴華,7.85,8.39,7.85,7.96,26004.0
2026-09-09,TWSE,2425,承啟,37.3,37.7,36.95,37.2,546180.0
2026-09-09,TWSE,2426,鼎元,100.5,102.5,97.1,97.5,39992731.0
2026-09-09,TWSE,2427,三商電,22.15,22.5,21.85,22.05,455247.0
2026-09-09,TWSE,2428,興勤,258.5,259.0,251.0,253.5,979542.0
2026-09-09,TWSE,2429,銘旺科,31.0,31.0,30.4,30.4,180330.0
2026-09-09,TWSE,2430,燦坤,17.9,17.9,17.75,17.9,47670.0
2026-09-09,TWSE,2431,聯昌,10.0,10.1,9.93,9.93,186176.0
2026-09-09,TWSE,2432,倚天酷碁-創,27.85,28.0,27.75,28.0,9764.0
2026-09-09,TWSE,2433,互盛電,41.5,41.6,41.4,41.5,27500.0
2026-09-09,TWSE,2434,統懋,63.3,64.4,61.3,61.7,582800.0
2026-09-09,TWSE,2436,偉詮電,71.4,73.0,66.7,67.1,18280129.0
2026-09-09,TWSE,2438,翔耀,20.85,20.85,20.0,20.0,186053.0
2026-09-09,TWSE,2439,美律,76.5,76.6,75.7,76.1,1213081.0
2026-09-09,TWSE,2440,太空梭,14.35,14.4,14.1,14.25,217604.0
2026-09-09,TWSE,2441,超豐,119.5,120.5,114.0,114.5,4808086.0
2026-09-09,TWSE,2442,新美齊,16.0,16.05,15.7,15.95,3136109.0
2026-09-09,TWSE,2444,兆勁,12.9,12.9,11.5,11.55,1185893.0
2026-09-09,TWSE,2449,京元電子,277.5,277.5,267.0,268.5,16085950.0
2026-09-09,TWSE,2450,神腦,28.35,28.35,28.1,28.15,66620.0
2026-09-09,TWSE,2451,創見,290.5,294.0,285.0,286.0,2886271.0
2026-09-09,TWSE,2453,凌群,51.9,52.2,51.8,51.8,95926.0
2026-09-09,TWSE,2454,聯發科,4800.0,4830.0,4685.0,4710.0,6511906.0
2026-09-09,TWSE,2455,全新,528.0,535.0,506.0,515.0,4653069.0
2026-09-09,TWSE,2457,飛宏,22.9,23.0,22.55,22.55,644403.0
2026-09-09,TWSE,2458,義隆,131.0,131.0,128.0,130.5,1544886.0
2026-09-09,TWSE,2459,敦吉,66.2,66.2,65.8,66.1,80028.0
2026-09-09,TWSE,2460,建通,28.65,28.65,28.1,28.1,158157.0
2026-09-09,TWSE,2461,光群雷,18.2,18.45,18.2,18.4,438497.0
2026-09-09,TWSE,2462,良得電,19.7,19.7,19.2,19.2,233433.0
2026-09-09,TWSE,2464,盟立,206.0,210.0,192.0,194.5,16615042.0
2026-09-09,TWSE,2465,麗臺,106.0,107.0,95.5,96.9,6742508.0
2026-09-09,TWSE,2466,冠西電,101.0,102.0,98.6,98.6,706107.0
2026-09-09,TWSE,2467,志聖,622.0,637.0,605.0,610.0,1191148.0
2026-09-09,TWSE,2468,華經,33.1,33.45,32.5,32.5,239894.0
2026-09-09,TWSE,2471,資通,49.75,49.75,49.35,49.4,59055.0
2026-09-09,TWSE,2472,立隆電,226.5,226.5,214.5,215.5,2197572.0
2026-09-09,TWSE,2474,可成,205.0,206.0,202.0,205.0,4577901.0
2026-09-09,TWSE,2476,鉅祥,122.0,123.5,118.0,119.5,1514963.0
2026-09-09,TWSE,2477,美隆電,21.65,21.65,21.5,21.6,97251.0
2026-09-09,TWSE,2478,大毅,126.0,126.0,121.0,121.0,2622527.0
2026-09-09,TWSE,2480,敦陽科,157.5,158.0,155.5,155.5,78582.0
2026-09-09,TWSE,2481,強茂,159.0,161.5,151.0,152.5,26855469.0
2026-09-09,TWSE,2482,連宇,15.9,16.25,15.85,15.85,133980.0
2026-09-09,TWSE,2483,百容,33.35,33.35,31.75,31.9,1091631.0
2026-09-09,TWSE,2484,希華,71.1,72.0,68.8,69.0,4502261.0
2026-09-09,TWSE,2485,兆赫,40.85,40.85,39.9,39.9,1875649.0
2026-09-09,TWSE,2486,一詮,257.0,258.5,245.0,245.5,6410708.0
2026-09-09,TWSE,2488,漢平,48.35,48.5,48.35,48.35,48132.0
2026-09-09,TWSE,2489,瑞軒,41.15,41.5,39.15,39.15,14853323.0
2026-09-09,TWSE,2491,吉祥全,43.0,43.0,40.5,40.6,1327944.0
2026-09-09,TWSE,2492,華新科,313.0,320.0,309.5,318.5,25418303.0
2026-09-09,TWSE,2493,揚博,186.0,186.0,178.0,179.5,727385.0
2026-09-09,TWSE,2495,普安,37.85,37.85,36.05,36.05,1161268.0
2026-09-09,TWSE,2496,卓越,55.4,55.4,55.0,55.1,5240.0
2026-09-09,TWSE,2497,怡利電,44.0,44.3,43.9,43.9,261868.0
2026-09-09,TWSE,2498,宏達電,41.0,41.45,40.2,40.2,3851454.0
2026-09-09,TWSE,2501,國建,22.3,22.5,22.25,22.4,1185856.0
2026-09-09,TWSE,2504,國產,31.4,31.6,31.25,31.6,928674.0
2026-09-09,TWSE,2505,國揚,17.25,17.4,17.2,17.25,143895.0
2026-09-09,TWSE,2506,太設,8.57,8.58,8.51,8.58,63619.0
2026-09-09,TWSE,2509,全坤建,14.85,15.0,14.85,14.95,46415.0
2026-09-09,TWSE,2511,太子,8.55,8.56,8.47,8.47,685341.0
2026-09-09,TWSE,2514,龍邦,11.75,11.75,11.6,11.6,59765.0
2026-09-09,TWSE,2515,中工,11.9,12.0,11.9,11.9,1720203.0
2026-09-09,TWSE,2516,新建,14.1,14.25,14.1,14.1,143188.0
2026-09-09,TWSE,2520,冠德,36.6,36.8,36.25,36.8,722466.0
2026-09-09,TWSE,2524,京城,35.05,36.0,34.9,35.7,78333.0
2026-09-09,TWSE,2527,宏璟,43.8,43.8,42.95,43.35,267876.0
2026-09-09,TWSE,2528,皇普,20.15,20.25,19.85,20.15,118347.0
2026-09-09,TWSE,2530,華建,19.65,19.9,19.6,19.85,855690.0
2026-09-09,TWSE,2534,宏盛,17.1,17.1,16.9,16.9,144019.0
2026-09-09,TWSE,2535,達欣工,88.9,89.9,88.9,89.1,101544.0
2026-09-09,TWSE,2536,宏普,18.85,18.95,18.8,18.85,650753.0
2026-09-09,TWSE,2537,聯上發,11.3,11.4,11.3,11.4,276918.0
2026-09-09,TWSE,2538,基泰,8.81,8.94,8.8,8.87,273481.0
2026-09-09,TWSE,2539,櫻花建,35.2,35.6,35.1,35.25,950243.0
2026-09-09,TWSE,2540,愛山林,47.0,48.2,46.7,48.2,591170.0
2026-09-09,TWSE,2542,興富發,48.0,48.0,47.55,47.7,4033278.0
2026-09-09,TWSE,2543,皇昌,38.65,39.2,38.35,39.05,879180.0
2026-09-09,TWSE,2545,皇翔,34.75,35.05,34.75,34.8,188403.0
2026-09-09,TWSE,2546,根基,104.5,105.0,103.5,105.0,114460.0
2026-09-09,TWSE,2547,日勝生,10.0,10.0,9.94,9.96,931719.0
2026-09-09,TWSE,2548,華固,94.0,94.8,93.9,94.6,440165.0
2026-09-09,TWSE,2597,潤弘,172.0,172.5,170.0,171.0,189046.0
2026-09-09,TWSE,2601,益航,6.8,6.85,6.77,6.8,1726038.0
2026-09-09,TWSE,2603,長榮,233.0,233.0,228.5,229.0,6325453.0
2026-09-09,TWSE,2605,新興,36.0,37.15,35.45,36.5,9484244.0
2026-09-09,TWSE,2606,裕民,78.2,78.2,77.0,77.8,2421495.0
2026-09-09,TWSE,2607,榮運,53.5,53.5,52.7,53.2,247289.0
2026-09-09,TWSE,2608,嘉里大榮,28.55,28.55,28.4,28.4,107951.0
2026-09-09,TWSE,2609,陽明,58.2,58.2,57.1,57.3,15542080.0
2026-09-09,TWSE,2610,華航,20.45,20.65,20.35,20.6,15148183.0
2026-09-09,TWSE,2611,志信,14.25,14.25,13.95,14.0,1044992.0
2026-09-09,TWSE,2612,中航,63.8,64.2,63.3,64.0,292164.0
2026-09-09,TWSE,2613,中櫃,22.7,22.9,22.65,22.9,283521.0
2026-09-09,TWSE,2614,東森,18.1,18.2,18.1,18.15,278641.0
2026-09-09,TWSE,2615,萬海,114.5,115.0,111.0,112.0,11368928.0
2026-09-09,TWSE,2616,山隆,13.4,13.4,13.3,13.35,63799.0
2026-09-09,TWSE,2617,台航,32.9,32.9,32.2,32.35,1240620.0
2026-09-09,TWSE,2618,長榮航,42.05,42.45,41.8,42.45,10255863.0
2026-09-09,TWSE,2630,亞航,50.4,50.4,49.0,49.0,709942.0
2026-09-09,TWSE,2633,台灣高鐵,26.0,26.2,25.95,26.1,2675238.0
2026-09-09,TWSE,2634,漢翔,67.9,67.9,65.2,65.9,20073721.0
2026-09-09,TWSE,2636,台驊控股,69.5,69.5,68.7,68.7,168222.0
2026-09-09,TWSE,2637,慧洋-KY,99.3,99.3,97.1,98.1,1829124.0
2026-09-09,TWSE,2642,宅配通,20.4,20.5,20.2,20.2,34034.0
2026-09-09,TWSE,2645,長榮航太,175.0,175.0,172.0,172.5,1095147.0
2026-09-09,TWSE,2646,星宇航空,21.9,21.9,20.55,20.6,6487081.0
2026-09-09,TWSE,2701,萬企,10.4,10.4,10.35,10.35,66332.0
2026-09-09,TWSE,2702,華園,12.8,12.8,12.6,12.7,38110.0
2026-09-09,TWSE,2704,國賓,45.8,46.0,45.5,45.55,77242.0
2026-09-09,TWSE,2705,六福,15.6,15.7,15.55,15.6,35841.0
2026-09-09,TWSE,2706,第一店,12.15,12.25,12.15,12.2,157618.0
2026-09-09,TWSE,2707,晶華,178.0,178.5,177.5,178.0,123196.0
2026-09-09,TWSE,2712,遠雄來,14.55,14.6,14.3,14.3,13003.0
2026-09-09,TWSE,2722,夏都,21.9,21.9,21.55,21.55,26274.0
2026-09-09,TWSE,2723,美食-KY,83.0,83.0,81.0,81.7,331809.0
2026-09-09,TWSE,2727,王品,229.0,231.5,229.0,230.0,158491.0
2026-09-09,TWSE,2731,雄獅,144.5,144.5,143.0,143.0,229888.0
2026-09-09,TWSE,2739,寒舍,38.0,38.0,37.55,37.7,20863.0
2026-09-09,TWSE,2748,雲品,39.0,39.55,39.0,39.4,174568.0
2026-09-09,TWSE,2753,八方雲集,179.5,180.0,179.0,179.0,66837.0
2026-09-09,TWSE,2762,世界健身-KY,81.6,82.4,81.6,81.8,34896.0
2026-09-09,TWSE,2801,彰銀,26.5,27.3,26.3,27.25,35457646.0
2026-09-09,TWSE,2812,台中銀,19.3,19.5,19.1,19.4,10612005.0
2026-09-09,TWSE,2816,旺旺保,38.85,39.15,38.7,39.15,179854.0
2026-09-09,TWSE,2820,華票,16.85,17.05,16.8,17.0,2638962.0
2026-09-09,TWSE,2832,台產,57.9,58.2,57.8,58.0,108536.0
2026-09-09,TWSE,2834,臺企銀,17.2,17.7,17.1,17.7,64877865.0
2026-09-09,TWSE,2836,高雄銀,12.15,12.3,12.15,12.25,1056940.0
2026-09-09,TWSE,2838,聯邦銀,20.95,21.35,20.85,21.3,2715438.0
2026-09-09,TWSE,2845,遠東銀,13.75,13.75,13.45,13.7,12487760.0
2026-09-09,TWSE,2849,安泰銀,15.7,16.2,15.6,16.2,553577.0
2026-09-09,TWSE,2850,新產,157.0,158.5,156.5,157.5,106920.0
2026-09-09,TWSE,2851,中再保,44.5,45.7,44.5,45.65,2582791.0
2026-09-09,TWSE,2852,第一保,28.0,28.25,27.9,28.05,173978.0
2026-09-09,TWSE,2855,統一證,52.2,52.3,51.2,52.2,5246454.0
2026-09-09,TWSE,2880,華南金,44.5,45.25,44.1,45.15,13254248.0
2026-09-09,TWSE,2881,富邦金,149.5,150.5,148.0,149.0,12457783.0
2026-09-09,TWSE,2882,國泰金,114.5,115.5,112.5,113.5,19991277.0
2026-09-09,TWSE,2883,凱基金,36.9,37.6,36.75,37.3,34505752.0
2026-09-09,TWSE,2884,玉山金,43.55,45.65,43.4,45.55,66912684.0
2026-09-09,TWSE,2885,元大金,70.2,70.8,69.8,70.6,15507453.0
2026-09-09,TWSE,2886,兆豐金,49.85,50.7,49.75,50.6,24420363.0
2026-09-09,TWSE,2887,台新新光金,41.1,42.8,40.95,42.8,67844119.0
2026-09-09,TWSE,2889,國票金,16.45,16.7,16.35,16.6,12640762.0
2026-09-09,TWSE,2890,永豐金,42.35,43.5,42.15,43.45,30010862.0
2026-09-09,TWSE,2891,中信金,67.5,68.3,67.2,68.2,28102434.0
2026-09-09,TWSE,2892,第一金,37.2,37.9,36.85,37.85,28543044.0
2026-09-09,TWSE,2897,王道銀行,10.75,10.95,10.7,10.95,3694946.0
2026-09-09,TWSE,2901,欣欣,23.75,23.75,23.3,23.75,19100.0
2026-09-09,TWSE,2903,遠百,22.25,22.55,22.2,22.45,1039929.0
2026-09-09,TWSE,2904,匯僑,12.7,12.7,12.6,12.7,22083.0
2026-09-09,TWSE,2905,三商,17.9,18.4,17.65,18.25,1332893.0
2026-09-09,TWSE,2906,高林,13.75,13.8,13.6,13.75,120327.0
2026-09-09,TWSE,2908,特力,22.15,22.35,22.05,22.25,246093.0
2026-09-09,TWSE,2910,統領,24.2,24.35,24.05,24.05,9040.0
2026-09-09,TWSE,2911,麗嬰房,6.39,6.47,6.3,6.42,39269.0
2026-09-09,TWSE,2912,統一超,215.5,218.5,215.0,217.0,1948723.0
2026-09-09,TWSE,2913,農林,11.0,11.05,10.95,11.0,463261.0
2026-09-09,TWSE,2915,潤泰全,57.0,57.6,56.4,57.4,1332452.0
2026-09-09,TWSE,2923,鼎固-KY,27.2,27.5,25.55,26.7,112876.0
2026-09-09,TWSE,2929,淘帝-KY,5.7,5.73,5.63,5.71,33290.0
2026-09-09,TWSE,2939,永邑-KY,19.75,20.0,19.75,20.0,8401.0
2026-09-09,TWSE,2945,三商家購,,,,,653.0
2026-09-09,TWSE,3002,歐格,17.4,17.5,17.25,17.35,66040.0
2026-09-09,TWSE,3003,健和興,59.6,59.9,58.1,58.7,1588467.0
2026-09-09,TWSE,3004,豐達科,122.0,122.5,120.5,121.0,282107.0
2026-09-09,TWSE,3005,神基,113.0,113.5,112.0,112.5,1571494.0
2026-09-09,TWSE,3006,晶豪科,298.5,306.0,291.5,298.5,18083273.0
2026-09-09,TWSE,3008,大立光,6430.0,6660.0,6350.0,6500.0,1975094.0
2026-09-09,TWSE,3010,華立,129.5,129.5,127.0,127.0,337014.0
2026-09-09,TWSE,3011,今皓,10.0,10.1,9.78,9.97,1670722.0
2026-09-09,TWSE,3013,晟銘電,86.5,86.9,83.8,83.8,944628.0
2026-09-09,TWSE,3014,聯陽,133.0,133.0,130.0,130.0,555777.0
2026-09-09,TWSE,3015,全漢,53.0,53.2,52.3,52.4,186113.0
2026-09-09,TWSE,3016,嘉晶,102.0,108.5,101.0,101.5,11481206.0
2026-09-09,TWSE,3017,奇鋐,3455.0,3455.0,3245.0,3285.0,3350997.0
2026-09-09,TWSE,3018,隆銘綠能,11.6,11.6,11.2,11.2,50412.0
2026-09-09,TWSE,3019,亞光,141.5,143.5,138.5,138.5,3749025.0
2026-09-09,TWSE,3021,鴻名,25.2,26.7,24.35,25.1,1338642.0
2026-09-09,TWSE,3022,威強電,89.4,89.4,85.5,86.4,3966075.0
2026-09-09,TWSE,3023,信邦,339.5,339.5,318.0,323.0,1362519.0
2026-09-09,TWSE,3024,憶聲,14.45,14.45,13.7,13.8,1104427.0
2026-09-09,TWSE,3025,星通,50.5,51.3,50.0,50.4,173371.0
2026-09-09,TWSE,3026,禾伸堂,750.0,776.0,738.0,747.0,11962376.0
2026-09-09,TWSE,3027,盛達,18.0,18.35,17.9,18.05,159512.0
2026-09-09,TWSE,3028,增你強,64.1,64.4,62.2,62.3,965578.0
2026-09-09,TWSE,3029,零壹,112.5,115.5,111.5,111.5,2431884.0
2026-09-09,TWSE,3030,德律,277.0,278.0,268.5,270.0,1837612.0
2026-09-09,TWSE,3031,佰鴻,24.4,24.5,23.8,23.8,445010.0
2026-09-09,TWSE,3032,偉訓,79.2,79.2,78.3,78.6,197789.0
2026-09-09,TWSE,3033,威健,43.5,43.7,42.8,43.3,2464313.0
2026-09-09,TWSE,3034,聯詠,543.0,543.0,524.0,534.0,2042980.0
2026-09-09,TWSE,3035,智原,182.0,183.0,174.5,175.0,2837813.0
2026-09-09,TWSE,3036,文曄,193.5,193.5,188.0,189.5,5644207.0
2026-09-09,TWSE,3037,欣興,964.0,975.0,939.0,954.0,17812108.0
2026-09-09,TWSE,3038,全台,20.1,20.35,19.95,20.0,246952.0
2026-09-09,TWSE,3040,遠見,35.2,35.8,34.7,35.8,118849.0
2026-09-09,TWSE,3041,揚智,23.35,23.35,22.5,22.5,437292.0
2026-09-09,TWSE,3042,晶技,178.0,181.0,171.5,172.0,5736921.0
2026-09-09,TWSE,3043,科風,20.9,21.0,20.7,20.85,66223.0
2026-09-09,TWSE,3044,健鼎,498.5,499.0,483.5,484.0,1287611.0
2026-09-09,TWSE,3045,台灣大,116.5,118.0,116.5,118.0,4457218.0
2026-09-09,TWSE,3046,建碁,54.6,54.6,53.8,54.0,278687.0
2026-09-09,TWSE,3047,訊舟,13.55,13.55,13.25,13.25,378337.0
2026-09-09,TWSE,3048,益登,53.4,53.9,51.9,52.0,1473165.0
2026-09-09,TWSE,3049,精金,12.85,12.95,12.5,12.5,4528862.0
2026-09-09,TWSE,3050,鈺德,11.45,11.45,11.2,11.3,357146.0
2026-09-09,TWSE,3051,力特,21.55,21.7,21.2,21.25,450697.0
2026-09-09,TWSE,3052,夆典,10.45,10.5,10.4,10.5,133865.0
2026-09-09,TWSE,3054,立萬利,58.5,60.1,56.9,57.0,189041.0
2026-09-09,TWSE,3055,蔚華科,135.5,146.0,135.5,146.0,8161748.0
2026-09-09,TWSE,3056,富華新,14.0,14.05,13.9,13.95,347504.0
2026-09-09,TWSE,3057,喬鼎,16.85,17.0,16.6,16.6,60831.0
2026-09-09,TWSE,3058,立德,8.09,8.1,8.0,8.02,433080.0
2026-09-09,TWSE,3059,華晶科,39.05,39.2,38.4,38.5,1574545.0
2026-09-09,TWSE,3060,銘異,26.35,26.45,25.9,25.95,652758.0
2026-09-09,TWSE,3062,建漢,20.75,20.75,20.35,20.4,635424.0
2026-09-09,TWSE,3090,日電貿,171.0,172.0,167.5,167.5,4056114.0
2026-09-09,TWSE,3092,鴻碩,23.55,23.85,23.5,23.65,160743.0
2026-09-09,TWSE,3094,聯傑,44.75,45.8,40.6,41.25,10973412.0
2026-09-09,TWSE,3130,一零四,210.0,210.0,209.0,210.0,12907.0
2026-09-09,TWSE,3135,凌航,173.0,174.5,171.0,171.0,659184.0
2026-09-09,TWSE,3138,耀登,94.1,94.1,91.2,91.2,137501.0
2026-09-09,TWSE,3149,正達,61.2,61.6,60.0,60.2,2386590.0
2026-09-09,TWSE,3150,鈺寶-創,16.35,16.55,15.7,16.1,92383.0
2026-09-09,TWSE,3164,景岳,15.85,16.0,15.75,15.75,12734.0
2026-09-09,TWSE,3167,大量,871.0,971.0,871.0,938.0,16040426.0
2026-09-09,TWSE,3168,眾福科,43.25,43.5,43.1,43.5,23171.0
2026-09-09,TWSE,3189,景碩,822.0,832.0,792.0,800.0,11072227.0
2026-09-09,TWSE,3209,全科,46.35,46.35,45.35,45.35,1133810.0
2026-09-09,TWSE,3229,晟鈦,50.3,55.6,49.0,55.2,2773017.0
2026-09-09,TWSE,3231,緯創,189.0,189.0,182.5,186.5,123233695.0
2026-09-09,TWSE,3257,虹冠電,49.1,49.85,47.8,47.8,501217.0
2026-09-09,TWSE,3266,昇陽,14.0,14.05,13.9,14.0,24105.0
2026-09-09,TWSE,3296,勝德,24.05,24.2,24.0,24.0,11176.0
2026-09-09,TWSE,3305,昇貿,108.5,109.0,103.0,103.5,3067841.0
2026-09-09,TWSE,3308,聯德,22.3,22.3,21.7,21.75,21493.0
2026-09-09,TWSE,3311,閎暉,32.0,32.0,31.4,31.55,134953.0
2026-09-09,TWSE,3312,弘憶股,51.5,51.8,50.1,50.1,869514.0
2026-09-09,TWSE,3321,同泰,17.7,17.8,17.15,17.2,252186.0
2026-09-09,TWSE,3338,泰碩,68.3,71.8,67.4,68.2,2118978.0
2026-09-09,TWSE,3346,麗清,18.7,18.7,18.3,18.4,227329.0
2026-09-09,TWSE,3356,奇偶,59.8,60.1,59.5,59.6,416766.0
2026-09-09,TWSE,3376,新日興,208.0,210.0,203.0,203.5,2819423.0
2026-09-09,TWSE,3380,明泰,30.2,30.55,29.75,29.9,3060824.0
2026-09-09,TWSE,3406,玉晶光,987.0,1050.0,970.0,1010.0,1972893.0
2026-09-09,TWSE,3413,京鼎,285.0,286.0,281.0,281.5,600878.0
2026-09-09,TWSE,3416,融程電,165.0,166.5,160.5,160.5,1024018.0
2026-09-09,TWSE,3419,譁裕,11.5,11.6,11.25,11.25,296550.0
2026-09-09,TWSE,3432,台端,14.25,14.25,14.1,14.1,12531.0
2026-09-09,TWSE,3437,榮創,18.1,18.25,17.8,17.95,264138.0
2026-09-09,TWSE,3443,創意,5940.0,6100.0,5730.0,5960.0,1602965.0
2026-09-09,TWSE,3447,展達,28.85,28.85,28.1,28.1,48739.0
2026-09-09,TWSE,3450,聯鈞,585.0,585.0,527.0,527.0,2990181.0
2026-09-09,TWSE,3481,群創,50.0,50.6,48.8,48.8,188143635.0
2026-09-09,TWSE,3494,誠研,7.16,7.16,6.95,7.08,60049.0
2026-09-09,TWSE,3501,維熹,39.5,39.85,39.5,39.55,55555.0
2026-09-09,TWSE,3504,揚明光,84.5,86.0,82.6,83.2,1740496.0
2026-09-09,TWSE,3515,華擎,231.5,232.0,221.5,221.5,574568.0
2026-09-09,TWSE,3518,柏騰,29.8,30.35,29.1,29.1,513193.0
2026-09-09,TWSE,3528,安馳,83.3,83.3,81.3,81.3,178681.0
2026-09-09,TWSE,3530,晶相光,59.4,59.4,56.5,56.8,101169.0
2026-09-09,TWSE,3532,台勝科,415.0,438.5,397.0,398.0,9378177.0
2026-09-09,TWSE,3533,嘉澤,1690.0,1695.0,1610.0,1620.0,679777.0
2026-09-09,TWSE,3535,晶彩科,92.0,93.3,88.3,89.2,1601469.0
2026-09-09,TWSE,3543,州巧,44.35,44.9,43.2,43.35,1277806.0
2026-09-09,TWSE,3545,敦泰,51.3,51.6,50.2,51.1,578481.0
2026-09-09,TWSE,3550,聯穎,22.7,23.05,22.5,22.65,689530.0
2026-09-09,TWSE,3557,嘉威,24.45,24.5,24.2,24.5,15848.0
2026-09-09,TWSE,3563,牧德,708.0,709.0,691.0,695.0,297279.0
2026-09-09,TWSE,3576,聯合再生,17.05,17.1,16.85,16.9,3627139.0
2026-09-09,TWSE,3583,辛耘,733.0,764.0,723.0,740.0,1736193.0
2026-09-09,TWSE,3588,通嘉,54.0,55.5,52.4,52.4,407029.0
2026-09-09,TWSE,3591,艾笛森,23.65,23.8,23.1,23.4,980618.0
2026-09-09,TWSE,3592,瑞鼎,223.5,223.5,218.5,218.5,336605.0
2026-09-09,TWSE,3593,力銘,10.35,10.4,10.35,10.4,5355.0
2026-09-09,TWSE,3596,智易,159.5,159.5,155.0,155.5,1540332.0
2026-09-09,TWSE,3605,宏致,122.0,132.5,120.0,124.0,16952861.0
2026-09-09,TWSE,3607,谷崧,13.7,13.7,13.4,13.55,256224.0
2026-09-09,TWSE,3617,碩天,252.0,252.5,244.5,245.0,322028.0
2026-09-09,TWSE,3622,洋華,50.4,50.5,49.6,49.6,357385.0
2026-09-09,TWSE,3645,達邁,71.8,74.5,71.0,73.7,4826440.0
2026-09-09,TWSE,3652,精聯,32.45,32.5,32.0,32.0,51094.0
2026-09-09,TWSE,3653,健策,5700.0,5720.0,5480.0,5550.0,990252.0
2026-09-09,TWSE,3661,世芯-KY,4090.0,4105.0,3985.0,4030.0,1620933.0
2026-09-09,TWSE,3665,貿聯-KY,2070.0,2070.0,1930.0,1935.0,3246234.0
2026-09-09,TWSE,3669,圓展,33.4,33.4,32.75,32.75,192211.0
2026-09-09,TWSE,3673,TPK-KY,66.3,66.8,63.7,63.9,3450909.0
2026-09-09,TWSE,3679,新至陞,107.5,107.5,106.5,107.5,24352.0
2026-09-09,TWSE,3686,達能,14.15,14.55,14.15,14.2,20140.0
2026-09-09,TWSE,3694,海華,50.5,50.5,49.15,49.4,685411.0
2026-09-09,TWSE,3701,大眾控,40.5,41.35,40.35,40.6,498043.0
2026-09-09,TWSE,3702,大聯大,105.5,105.5,103.5,104.5,3765681.0
2026-09-09,TWSE,3703,欣陸,19.8,19.9,19.7,19.85,380111.0
2026-09-09,TWSE,3704,合勤控,39.8,40.15,38.9,38.9,1557833.0
2026-09-09,TWSE,3705,永信,56.5,56.5,56.0,56.1,301995.0
2026-09-09,TWSE,3706,神達,92.7,92.7,91.1,91.3,16006347.0
2026-09-09,TWSE,3708,上緯投控,99.6,100.0,99.3,99.6,324742.0
2026-09-09,TWSE,3711,日月光投控,619.0,623.0,608.0,618.0,13336567.0
2026-09-09,TWSE,3712,永崴投控,20.65,20.75,20.55,20.65,429005.0
2026-09-09,TWSE,3714,富采,66.8,67.5,64.6,64.9,11427655.0
2026-09-09,TWSE,3715,定穎投控,124.5,130.5,124.0,126.5,12850292.0
2026-09-09,TWSE,3716,中化控股,33.9,34.3,33.9,34.0,179928.0
2026-09-09,TWSE,3717,聯嘉投控,21.95,21.95,21.3,21.4,1473154.0
2026-09-09,TWSE,4104,佳醫,71.0,71.2,70.9,71.1,76342.0
2026-09-09,TWSE,4106,雃博,24.35,24.5,24.1,24.5,105217.0
2026-09-09,TWSE,4108,懷特,11.3,11.45,11.2,11.2,134299.0
2026-09-09,TWSE,4119,旭富,54.6,54.6,52.2,53.8,281897.0
2026-09-09,TWSE,4133,亞諾法,20.5,20.55,20.2,20.3,96061.0
2026-09-09,TWSE,4137,麗豐-KY,78.0,78.1,77.1,77.1,227060.0
2026-09-09,TWSE,4142,國光生,17.85,17.85,17.55,17.55,653045.0
2026-09-09,TWSE,4148,全宇生技-KY,31.1,31.3,31.1,31.1,10729.0
2026-09-09,TWSE,4155,訊映,14.3,14.3,14.15,14.15,80397.0
2026-09-09,TWSE,4164,承業醫,25.95,26.15,25.8,25.8,166514.0
2026-09-09,TWSE,4169,泰宗,152.0,152.0,149.0,149.0,120659.0
2026-09-09,TWSE,4178,永笙-KY,16.9,16.95,16.8,16.85,65393.0
2026-09-09,TWSE,4190,佐登-KY,25.85,26.0,25.85,26.0,5943.0
2026-09-09,TWSE,4195,基米-創,13.7,13.9,13.45,13.8,95929.0
2026-09-09,TWSE,4306,炎洲,15.0,15.25,15.0,15.1,930151.0
2026-09-09,TWSE,4414,如興,8.17,8.26,8.14,8.16,96522.0
2026-09-09,TWSE,4426,利勤,7.52,7.6,7.52,7.55,84686.0
2026-09-09,TWSE,4438,廣越,57.8,57.8,57.0,57.6,121495.0
2026-09-09,TWSE,4439,冠星-KY,95.5,96.1,94.9,96.1,17459.0
2026-09-09,TWSE,4440,宜新實業,17.55,17.65,17.55,17.6,14784.0
2026-09-09,TWSE,4441,振大環球,173.0,175.5,172.5,175.0,40920.0
2026-09-09,TWSE,4526,東台,32.5,33.45,31.95,32.15,7125604.0
2026-09-09,TWSE,4532,瑞智,23.55,23.8,23.55,23.75,731282.0
2026-09-09,TWSE,4536,拓凱,163.0,164.5,162.5,162.5,106217.0
2026-09-09,TWSE,4540,全球傳動,59.8,59.8,57.5,57.7,1484966.0
2026-09-09,TWSE,4545,銘鈺,31.9,31.9,31.5,31.65,37807.0
2026-09-09,TWSE,4551,智伸科,168.0,168.0,162.0,163.0,976163.0
2026-09-09,TWSE,4552,力達-KY,16.5,16.5,16.0,16.05,405959.0
2026-09-09,TWSE,4555,氣立,44.6,44.75,42.8,42.95,354730.0
2026-09-09,TWSE,4557,永新-KY,50.2,50.2,49.55,49.65,27513.0
2026-09-09,TWSE,4560,強信-KY,28.8,29.25,28.6,29.15,187751.0
2026-09-09,TWSE,4562,穎漢,30.4,30.5,29.8,30.05,103634.0
2026-09-09,TWSE,4564,元翎,16.0,16.0,15.7,15.8,821169.0
2026-09-09,TWSE,4566,時碩工業,63.5,63.6,62.6,62.7,647852.0
2026-09-09,TWSE,4569,六方科-KY,177.0,178.0,171.5,171.5,95974.0
2026-09-09,TWSE,4571,鈞興-KY,158.0,158.0,155.0,155.0,92157.0
2026-09-09,TWSE,4572,駐龍,143.0,143.5,141.5,141.5,19554.0
2026-09-09,TWSE,4576,大銀微系統,249.5,252.0,230.5,235.5,4225651.0
2026-09-09,TWSE,4581,光隆精密-KY,,,,,434.0
2026-09-09,TWSE,4582,聚恆-創,23.25,23.25,23.0,23.0,42806.0
2026-09-09,TWSE,4583,台灣精銳,461.0,467.5,459.0,463.0,52009.0
2026-09-09,TWSE,4585,達明,299.5,299.5,294.0,297.0,304054.0
2026-09-09,TWSE,4588,玖鼎電力,51.7,51.7,50.2,51.4,37752.0
2026-09-09,TWSE,4590,富田-創,89.5,90.0,88.5,89.1,195382.0
2026-09-09,TWSE,4720,德淵,18.5,18.6,18.2,18.5,277279.0
2026-09-09,TWSE,4722,國精化,202.0,202.0,190.5,193.0,1129829.0
2026-09-09,TWSE,4736,泰博,124.5,125.0,123.0,124.5,260921.0
2026-09-09,TWSE,4737,華廣,58.7,58.8,57.2,58.8,82691.0
2026-09-09,TWSE,4739,康普,82.6,82.8,81.6,82.1,667204.0
2026-09-09,TWSE,4746,台耀,46.4,46.4,45.5,45.55,823677.0
2026-09-09,TWSE,4755,三福化,117.0,117.0,114.0,115.0,285434.0
2026-09-09,TWSE,4763,材料*-KY,50.5,50.8,49.15,49.15,5671156.0
2026-09-09,TWSE,4764,雙鍵,226.5,227.0,217.0,218.5,733389.0
2026-09-09,TWSE,4766,南寶,346.0,347.0,342.5,346.0,139314.0
2026-09-09,TWSE,4770,上品,239.0,240.0,233.0,234.0,515629.0
2026-09-09,TWSE,4771,望隼,213.0,214.0,207.5,211.5,355982.0
2026-09-09,TWSE,4807,日成-KY,28.3,28.65,27.4,27.6,183312.0
2026-09-09,TWSE,4904,遠傳,102.0,104.0,102.0,104.0,3937909.0
2026-09-09,TWSE,4906,正文,36.85,36.95,35.8,36.1,4312150.0
2026-09-09,TWSE,4912,聯德控股-KY,102.0,102.0,99.7,100.5,377069.0
2026-09-09,TWSE,4915,致伸,60.0,60.7,60.0,60.5,1685600.0
2026-09-09,TWSE,4916,事欣科,97.4,97.4,95.3,95.3,1393046.0
2026-09-09,TWSE,4919,新唐,124.5,124.5,117.5,118.0,2625723.0
2026-09-09,TWSE,4927,泰鼎-KY,44.1,46.0,42.8,43.05,7483397.0
2026-09-09,TWSE,4930,燦星網,16.3,16.3,16.2,16.2,6961.0
2026-09-09,TWSE,4934,太極,13.7,13.9,13.6,13.7,272653.0
2026-09-09,TWSE,4935,茂林-KY,33.1,33.1,32.85,33.1,77227.0
2026-09-09,TWSE,4938,和碩,92.7,92.8,90.1,91.7,11774680.0
2026-09-09,TWSE,4942,嘉彰,33.0,33.0,32.75,32.75,99851.0
2026-09-09,TWSE,4943,康控-KY,6.86,7.0,6.86,7.0,49548.0
2026-09-09,TWSE,4949,有成精密,77.0,77.8,76.4,76.5,333569.0
2026-09-09,TWSE,4952,凌通,51.1,51.1,48.5,48.6,439269.0
2026-09-09,TWSE,4956,光鋐,35.1,35.45,34.1,34.1,1610806.0
2026-09-09,TWSE,4958,臻鼎-KY,516.0,524.0,500.0,505.0,33442577.0
2026-09-09,TWSE,4960,誠美材,21.0,21.05,20.45,20.65,1561141.0
2026-09-09,TWSE,4961,天鈺,171.5,179.0,168.0,177.5,3232322.0
2026-09-09,TWSE,4967,十銓,283.0,287.5,280.5,280.5,7121214.0
2026-09-09,TWSE,4968,立積,91.1,91.1,88.6,89.0,408887.0
2026-09-09,TWSE,4976,佳凌,37.2,37.8,36.7,36.7,1726227.0
2026-09-09,TWSE,4977,眾達-KY,180.0,180.0,170.0,173.0,2716824.0
2026-09-09,TWSE,4989,榮科,61.8,62.2,60.3,60.3,2454256.0
2026-09-09,TWSE,4994,傳奇,81.7,83.0,81.2,81.9,6687.0
2026-09-09,TWSE,4999,鑫禾,18.35,18.35,18.05,18.05,53875.0
2026-09-09,TWSE,5007,三星,56.1,56.6,56.0,56.6,54849.0
2026-09-09,TWSE,5203,訊連,57.7,57.7,56.6,56.6,239909.0
2026-09-09,TWSE,5215,科嘉-KY,38.8,38.95,38.3,38.4,30988.0
2026-09-09,TWSE,5222,全訊,105.5,105.5,103.5,104.0,165821.0
2026-09-09,TWSE,5225,東科-KY,56.7,56.8,54.7,54.7,364090.0
2026-09-09,TWSE,5234,達興材料,302.0,302.0,296.0,296.0,189626.0
2026-09-09,TWSE,5236,凌陽創新,138.0,138.0,134.0,134.5,105112.0
2026-09-09,TWSE,5243,乙盛-KY,95.4,95.5,91.4,91.6,1133051.0
2026-09-09,TWSE,5244,弘凱,34.6,35.0,34.4,34.5,114214.0
2026-09-09,TWSE,5258,虹堡,47.4,47.4,44.3,44.3,680239.0
2026-09-09,TWSE,5269,祥碩,1440.0,1445.0,1395.0,1400.0,468647.0
2026-09-09,TWSE,5283,禾聯碩,53.9,54.3,53.9,54.0,76378.0
2026-09-09,TWSE,5284,jpp-KY,320.0,320.0,308.0,309.5,366710.0
2026-09-09,TWSE,5285,界霖,87.8,88.2,85.4,85.9,769712.0
2026-09-09,TWSE,5288,豐祥-KY,190.0,190.5,186.0,186.0,120363.0
2026-09-09,TWSE,5292,華懋,220.0,220.5,215.0,217.5,79586.0
2026-09-09,TWSE,5306,桂盟,93.3,93.4,92.3,92.7,45655.0
2026-09-09,TWSE,5388,中磊,75.7,75.8,73.3,73.5,4057357.0
2026-09-09,TWSE,5434,崇越,546.0,546.0,529.0,532.0,577176.0
2026-09-09,TWSE,5469,瀚宇博,72.6,72.7,71.1,71.1,914139.0
2026-09-09,TWSE,5471,松翰,59.0,59.0,55.0,55.0,4871986.0
2026-09-09,TWSE,5484,慧友,39.6,43.3,38.85,43.3,832855.0
2026-09-09,TWSE,5515,建國,51.8,52.1,51.3,52.1,211461.0
2026-09-09,TWSE,5519,隆大,26.8,26.85,26.7,26.8,270007.0
2026-09-09,TWSE,5521,工信,10.55,10.65,10.5,10.55,880559.0
2026-09-09,TWSE,5522,遠雄,63.3,63.9,63.1,63.6,212521.0
2026-09-09,TWSE,5525,順天,22.25,22.25,22.05,22.2,80555.0
2026-09-09,TWSE,5531,鄉林,7.23,7.31,7.22,7.24,430159.0
2026-09-09,TWSE,5533,皇鼎,14.0,14.0,13.65,13.9,128830.0
2026-09-09,TWSE,5534,長虹,75.6,76.0,75.2,75.9,219909.0
2026-09-09,TWSE,5538,東明-KY,37.55,37.55,36.65,36.8,44369.0
2026-09-09,TWSE,5546,永固-KY,15.0,15.6,14.4,14.6,89056.0
2026-09-09,TWSE,5607,遠雄港,55.0,55.7,54.6,54.9,703208.0
2026-09-09,TWSE,5608,四維航,17.3,17.3,17.05,17.25,2391936.0
2026-09-09,TWSE,5706,鳳凰,45.4,45.4,44.65,44.85,85168.0
2026-09-09,TWSE,5871,中租-KY,113.0,115.0,113.0,115.0,9698513.0
2026-09-09,TWSE,5876,上海商銀,46.55,48.75,46.45,48.75,19081290.0
2026-09-09,TWSE,5880,合庫金,26.45,26.85,26.2,26.85,20999269.0
2026-09-09,TWSE,5906,台南-KY,,,,,565.0
2026-09-09,TWSE,5907,大洋-KY,4.94,4.94,4.78,4.8,386324.0
2026-09-09,TWSE,6005,群益證,32.9,32.95,32.45,32.65,4008690.0
2026-09-09,TWSE,6024,群益期,62.0,62.0,60.6,61.2,1181502.0
2026-09-09,TWSE,6108,競國,22.8,22.9,22.15,22.25,1446413.0
2026-09-09,TWSE,6112,邁達特,45.2,45.3,44.5,44.55,440031.0
2026-09-09,TWSE,6115,鎰勝,44.3,44.4,44.0,44.1,91489.0
2026-09-09,TWSE,6116,彩晶,14.35,14.5,14.1,14.3,24707474.0
2026-09-09,TWSE,6117,迎廣,63.1,63.2,62.6,62.6,148919.0
2026-09-09,TWSE,6120,達運,12.45,12.45,12.2,12.2,621940.0
2026-09-09,TWSE,6128,上福,19.75,19.75,19.4,19.45,130572.0
2026-09-09,TWSE,6133,金橋,25.15,25.2,24.2,24.5,4155855.0
2026-09-09,TWSE,6136,富爾特,24.5,24.65,24.45,24.65,189102.0
2026-09-09,TWSE,6139,亞翔,744.0,753.0,739.0,742.0,1159350.0
2026-09-09,TWSE,6141,柏承,51.5,51.6,48.8,49.4,3064017.0
2026-09-09,TWSE,6142,友勁,8.57,8.6,8.5,8.51,166097.0
2026-09-09,TWSE,6152,百一,13.6,13.65,13.3,13.45,514532.0
2026-09-09,TWSE,6153,嘉聯益,17.4,18.1,17.3,17.4,2802158.0
2026-09-09,TWSE,6155,鈞寶,58.3,58.3,56.2,56.4,964475.0
2026-09-09,TWSE,6164,華興,11.75,11.85,11.5,11.55,418948.0
2026-09-09,TWSE,6165,浪凡,49.0,49.0,47.55,47.6,433917.0
2026-09-09,TWSE,6166,凌華,117.0,118.0,114.0,114.5,1558215.0
2026-09-09,TWSE,6168,宏齊,29.75,30.1,28.5,28.55,5198942.0
2026-09-09,TWSE,6176,瑞儀,92.4,92.4,90.2,91.1,1675053.0
2026-09-09,TWSE,6177,達麗,47.4,48.0,47.2,47.75,643443.0
2026-09-09,TWSE,6183,關貿,92.5,92.5,91.7,92.5,17235.0
2026-09-09,TWSE,6184,大豐電,40.1,40.1,39.6,39.9,144133.0
2026-09-09,TWSE,6189,豐藝,47.45,47.45,46.85,46.85,427783.0
2026-09-09,TWSE,6191,精成科,83.0,83.4,81.7,81.7,1082500.0
2026-09-09,TWSE,6192,巨路,114.5,115.0,114.0,115.0,79746.0
2026-09-09,TWSE,6196,帆宣,514.0,522.0,499.0,503.0,1322242.0
2026-09-09,TWSE,6197,佳必琪,310.0,310.0,300.0,300.5,1048510.0
2026-09-09,TWSE,6201,亞弘電,44.8,44.8,44.1,44.8,21759.0
2026-09-09,TWSE,6202,盛群,59.1,59.1,56.4,56.9,1868060.0
2026-09-09,TWSE,6205,詮欣,65.8,65.8,64.0,64.7,213366.0
2026-09-09,TWSE,6206,飛捷,136.5,136.5,132.5,134.0,957548.0
2026-09-09,TWSE,6209,今國光,80.5,81.1,77.1,77.5,7464127.0
2026-09-09,TWSE,6213,聯茂,521.0,539.0,500.0,510.0,15951216.0
2026-09-09,TWSE,6214,精誠,185.0,186.0,184.0,185.0,1357191.0
2026-09-09,TWSE,6215,和椿,98.0,98.8,95.0,95.6,527807.0
2026-09-09,TWSE,6216,居易,20.4,20.4,19.8,19.85,536087.0
2026-09-09,TWSE,6224,聚鼎,89.0,89.0,84.6,84.6,2150301.0
2026-09-09,TWSE,6225,天瀚,60.8,62.1,60.8,61.5,84622.0
2026-09-09,TWSE,6226,光鼎,31.6,32.7,29.6,29.6,17602029.0
2026-09-09,TWSE,6230,尼得科超眾,111.5,111.5,108.0,108.0,37897.0
2026-09-09,TWSE,6235,華孚,39.4,39.4,38.4,38.4,195147.0
2026-09-09,TWSE,6239,力成,285.0,290.5,274.0,275.5,14541717.0
2026-09-09,TWSE,6243,迅杰,38.9,39.05,37.75,37.75,370023.0
2026-09-09,TWSE,6257,矽格,217.5,218.5,208.0,209.0,7134116.0
2026-09-09,TWSE,6269,台郡,68.2,69.6,65.5,65.8,6142014.0
2026-09-09,TWSE,6271,同欣電,230.5,232.0,222.0,223.0,4123139.0
2026-09-09,TWSE,6272,驊陞,29.5,29.5,28.6,28.6,393566.0
2026-09-09,TWSE,6277,宏正,79.3,79.3,77.7,78.1,171703.0
2026-09-09,TWSE,6278,台表科,196.0,196.0,187.5,188.5,3990059.0
2026-09-09,TWSE,6281,全國電,51.6,51.6,51.4,51.4,16976.0
2026-09-09,TWSE,6282,康舒,44.35,44.75,43.15,43.25,5100061.0
2026-09-09,TWSE,6283,淳安,20.15,20.15,19.85,20.05,73315.0
2026-09-09,TWSE,6285,啟碁,241.0,245.0,235.5,236.0,2327055.0
2026-09-09,TWSE,6405,悅城,39.35,39.8,38.65,38.65,416013.0
2026-09-09,TWSE,6409,旭隼,982.0,985.0,954.0,958.0,377702.0
2026-09-09,TWSE,6412,群電,77.1,77.1,74.6,74.7,1487988.0
2026-09-09,TWSE,6414,樺漢,389.0,389.0,375.0,376.0,1639469.0
2026-09-09,TWSE,6415,矽力*-KY,420.0,420.0,406.0,410.0,2783162.0
2026-09-09,TWSE,6416,瑞祺電通,104.5,109.5,104.5,105.5,2854526.0
2026-09-09,TWSE,6426,統新,316.5,325.5,297.5,307.0,8927916.0
2026-09-09,TWSE,6431,光麗-KY,19.55,19.55,19.25,19.25,15520.0
2026-09-09,TWSE,6438,迅得,155.5,155.5,152.5,152.5,251085.0
2026-09-09,TWSE,6442,光聖,1705.0,1775.0,1690.0,1695.0,1850559.0
2026-09-09,TWSE,6443,元晶,24.5,24.6,24.0,24.0,2764685.0
2026-09-09,TWSE,6446,藥華藥,1345.0,1450.0,1345.0,1405.0,4860872.0
2026-09-09,TWSE,6449,鈺邦,233.5,234.5,225.0,225.0,1749066.0
2026-09-09,TWSE,6451,訊芯-KY,457.0,458.0,433.0,435.0,2689560.0
2026-09-09,TWSE,6456,GIS-KY,68.8,69.4,66.1,66.8,2827203.0
2026-09-09,TWSE,6464,台數科,77.0,78.0,77.0,78.0,6214.0
2026-09-09,TWSE,6472,保瑞,425.0,428.0,412.5,412.5,650695.0
2026-09-09,TWSE,6477,安集,34.8,34.8,34.2,34.2,503720.0
2026-09-09,TWSE,6491,晶碩,379.5,381.0,375.0,376.0,128416.0
2026-09-09,TWSE,6504,南六,37.7,38.1,37.35,37.35,30118.0
2026-09-09,TWSE,6505,台塑化,80.1,80.5,78.3,79.6,11368497.0
2026-09-09,TWSE,6515,穎崴,7290.0,7700.0,6945.0,7700.0,819272.0
2026-09-09,TWSE,6525,捷敏-KY,135.0,136.0,129.5,130.5,989725.0
2026-09-09,TWSE,6526,達發,648.0,653.0,636.0,643.0,335172.0
2026-09-09,TWSE,6531,愛普*,979.0,979.0,924.0,931.0,2388928.0
2026-09-09,TWSE,6533,晶心科,256.5,261.5,252.5,256.0,1516453.0
2026-09-09,TWSE,6534,正瀚-創,92.4,93.2,91.6,92.1,33039.0
2026-09-09,TWSE,6541,泰福-KY,32.1,32.1,31.35,31.8,203704.0
2026-09-09,TWSE,6550,北極星藥業-KY,10.25,10.35,9.99,10.15,2022559.0
2026-09-09,TWSE,6552,易華電,24.1,24.1,23.7,23.75,28600.0
2026-09-09,TWSE,6558,興能高,24.5,24.5,23.5,23.55,207150.0
2026-09-09,TWSE,6573,虹揚-KY,16.45,16.95,16.2,16.3,196787.0
2026-09-09,TWSE,6579,研揚,152.0,152.5,146.5,147.5,388630.0
2026-09-09,TWSE,6581,鋼聯,111.0,112.0,110.0,111.5,39626.0
2026-09-09,TWSE,6582,申豐,31.9,32.0,31.7,31.95,13498.0
2026-09-09,TWSE,6585,鼎基,114.0,114.0,111.0,111.0,138609.0
2026-09-09,TWSE,6589,台康生技,47.5,47.9,47.05,47.45,490988.0
2026-09-09,TWSE,6591,動力-KY,42.0,42.5,42.0,42.1,39716.0
2026-09-09,TWSE,6592,和潤企業,60.3,60.9,60.2,60.3,289057.0
2026-09-09,TWSE,6598,ABC-KY,27.4,28.7,27.35,28.4,255878.0
2026-09-09,TWSE,6605,帝寶,138.0,138.0,135.5,135.5,185192.0
2026-09-09,TWSE,6606,建德工業,25.5,26.0,25.4,25.85,138811.0
2026-09-09,TWSE,6614,資拓宏宇,35.85,35.85,35.55,35.85,15740.0
2026-09-09,TWSE,6625,必應,75.5,75.9,75.5,75.9,69515.0
2026-09-09,TWSE,6641,基士德-KY,17.65,17.65,17.0,17.1,43322.0
2026-09-09,TWSE,6645,金萬林-創,12.25,12.55,12.2,12.2,49203.0
2026-09-09,TWSE,6655,科定,121.0,123.0,121.0,122.5,20205.0
2026-09-09,TWSE,6657,華安,30.8,33.45,30.5,33.45,361956.0
2026-09-09,TWSE,6658,聯策,177.0,178.5,171.5,171.5,240032.0
2026-09-09,TWSE,6666,羅麗芬-KY,45.1,45.2,44.0,44.95,26521.0
2026-09-09,TWSE,6668,中揚光,41.2,41.2,40.05,40.2,737832.0
2026-09-09,TWSE,6669,緯穎,2455.0,2485.0,2315.0,2340.0,5080716.0
2026-09-09,TWSE,6670,復盛應用,276.0,279.0,273.5,279.0,182864.0
2026-09-09,TWSE,6671,三能-KY,23.0,23.1,23.0,23.1,19992.0
2026-09-09,TWSE,6672,騰輝電子-KY,300.5,317.5,290.0,294.0,7324357.0
2026-09-09,TWSE,6674,鋐寶科技,16.5,16.65,16.15,16.15,22786.0
2026-09-09,TWSE,6689,伊雲谷,61.2,61.5,60.9,61.0,43306.0
2026-09-09,TWSE,6691,洋基工程,621.0,624.0,615.0,615.0,258676.0
2026-09-09,TWSE,6695,芯鼎,48.5,48.5,46.9,47.1,503656.0
2026-09-09,TWSE,6698,旭暉應材,31.05,31.9,31.0,31.5,93014.0
2026-09-09,TWSE,6706,惠特,123.5,126.5,122.5,123.0,768978.0
2026-09-09,TWSE,6715,嘉基,333.0,340.0,322.0,325.0,717970.0
2026-09-09,TWSE,6719,力智,189.5,190.0,183.0,183.5,842219.0
2026-09-09,TWSE,6722,輝創,32.3,32.95,32.25,32.55,42286.0
2026-09-09,TWSE,6742,澤米,44.2,46.1,43.6,44.25,459382.0
2026-09-09,TWSE,6743,安普新,28.5,29.05,28.4,29.0,274697.0
2026-09-09,TWSE,6753,龍德造船,137.5,138.0,134.0,134.5,741569.0
2026-09-09,TWSE,6754,匯僑設計,41.6,42.75,41.6,42.75,11315.0
2026-09-09,TWSE,6756,威鋒電子,101.5,103.0,97.4,98.3,187153.0
2026-09-09,TWSE,6757,台灣虎航,55.3,55.5,55.0,55.4,288253.0
2026-09-09,TWSE,6768,志強-KY,63.7,64.1,63.5,63.7,114582.0
2026-09-09,TWSE,6770,力積電,73.2,75.3,71.9,72.4,172801850.0
2026-09-09,TWSE,6771,平和環保-創,42.4,42.4,41.5,41.8,16381.0
2026-09-09,TWSE,6776,展碁國際,52.5,52.6,52.3,52.4,86687.0
2026-09-09,TWSE,6781,AES-KY,1090.0,1090.0,1055.0,1065.0,327967.0
2026-09-09,TWSE,6782,視陽,230.0,234.0,228.0,232.5,245971.0
2026-09-09,TWSE,6789,采鈺,477.0,480.0,463.0,463.0,1140485.0
2026-09-09,TWSE,6790,永豐實,38.05,38.25,37.95,38.0,56131.0
2026-09-09,TWSE,6792,詠業,60.4,63.0,59.8,60.2,172941.0
2026-09-09,TWSE,6794,向榮生技,75.0,76.1,73.7,75.0,9416.0
2026-09-09,TWSE,6796,晉弘,59.7,59.7,56.7,56.8,92371.0
2026-09-09,TWSE,6799,來頡,79.4,79.4,78.3,78.3,125830.0
2026-09-09,TWSE,6805,富世達,2235.0,2235.0,2145.0,2155.0,325778.0
2026-09-09,TWSE,6807,峰源-KY,33.35,33.35,33.35,33.35,1465.0
2026-09-09,TWSE,6830,汎銓,580.0,609.0,574.0,576.0,2067152.0
2026-09-09,TWSE,6831,邁科,576.0,578.0,551.0,560.0,733589.0
2026-09-09,TWSE,6834,天二科技,100.0,105.0,97.8,98.7,7653879.0
2026-09-09,TWSE,6835,圓裕,31.4,31.4,30.4,31.15,38197.0
2026-09-09,TWSE,6838,台新藥,24.3,24.4,23.75,23.95,88065.0
2026-09-09,TWSE,6854,錼創科技-KY創,95.8,95.8,90.7,91.0,203238.0
2026-09-09,TWSE,6861,睿生光電,189.0,205.0,186.0,195.5,1596997.0
2026-09-09,TWSE,6862,三集瑞-KY,141.5,141.5,138.0,138.0,90162.0
2026-09-09,TWSE,6863,永道-KY,103.0,103.0,101.0,101.0,61257.0
2026-09-09,TWSE,6869,雲豹能源,66.1,66.1,64.0,64.1,223942.0
2026-09-09,TWSE,6873,泓德能源,68.5,68.8,68.1,68.3,126843.0
2026-09-09,TWSE,6885,全福生技,25.2,25.55,25.05,25.35,559479.0
2026-09-09,TWSE,6887,寶綠特-KY,38.4,38.5,37.55,37.75,13690.0
2026-09-09,TWSE,6890,來億-KY,166.0,166.0,160.5,162.0,327605.0
2026-09-09,TWSE,6901,鑽石投資,15.1,15.35,14.9,15.25,977186.0
2026-09-09,TWSE,6902,GOGOLOOK,126.0,128.0,125.0,127.0,58118.0
2026-09-09,TWSE,6906,現觀科,86.5,86.6,80.9,81.9,168082.0
2026-09-09,TWSE,6908,宏碁遊戲-創,32.1,32.1,30.4,30.4,17372.0
2026-09-09,TWSE,6909,創控,40.1,40.35,39.85,39.95,155372.0
2026-09-09,TWSE,6914,阜爾運通,120.5,121.0,120.5,120.5,37298.0
2026-09-09,TWSE,6916,華凌,19.0,20.35,18.8,18.8,175733.0
2026-09-09,TWSE,6918,愛派司,77.7,77.7,76.9,77.5,35708.0
2026-09-09,TWSE,6919,康霈*,85.3,86.2,81.6,81.6,7796917.0
2026-09-09,TWSE,6921,嘉雨思-創,64.0,64.0,62.9,62.9,9515.0
2026-09-09,TWSE,6923,中台,76.6,76.7,75.9,76.4,27811.0
2026-09-09,TWSE,6924,榮惠-KY創,127.0,130.0,123.5,125.5,46988.0
2026-09-09,TWSE,6928,攸泰科技,47.9,48.75,47.75,48.0,46300.0
2026-09-09,TWSE,6931,青松健康,40.7,40.8,40.6,40.65,40054.0
2026-09-09,TWSE,6933,AMAX-KY,322.5,325.0,315.0,317.5,345717.0
2026-09-09,TWSE,6934,心誠鎂,78.8,78.8,75.3,76.8,34449.0
2026-09-09,TWSE,6936,永鴻生技,32.85,32.9,32.5,32.8,16006.0
2026-09-09,TWSE,6937,天虹,286.5,293.5,283.5,287.5,301998.0
2026-09-09,TWSE,6944,兆聯實業,720.0,724.0,706.0,706.0,277390.0
2026-09-09,TWSE,6947,台鎔科技,69.6,69.6,68.6,68.7,148768.0
2026-09-09,TWSE,6949,沛爾生醫*-創,60.4,62.7,60.4,60.4,18561472.0
2026-09-09,TWSE,6951,青新-創,71.3,71.3,70.8,71.0,19881.0
2026-09-09,TWSE,6952,大武山,39.25,39.25,39.15,39.15,5800.0
2026-09-09,TWSE,6955,邦睿生技-創,99.9,99.9,99.9,99.9,2264.0
2026-09-09,TWSE,6957,裕慶-KY,222.0,222.0,216.0,216.0,81970.0
2026-09-09,TWSE,6958,日盛台駿,17.15,17.4,17.15,17.4,18482.0
2026-09-09,TWSE,6962,奕力-KY,32.25,32.5,31.25,31.25,1844932.0
2026-09-09,TWSE,6965,中傑-KY,74.8,75.0,73.9,74.9,8377.0
2026-09-09,TWSE,6969,成信實業*-創,34.45,37.15,34.45,36.95,799920.0
2026-09-09,TWSE,6988,威力暘-創,12.5,12.5,11.7,11.95,78421.0
2026-09-09,TWSE,6994,富威電力,36.2,36.2,35.2,35.2,306767.0
2026-09-09,TWSE,7610,聯友金屬-創,2000.0,2170.0,2000.0,2065.0,2424763.0
2026-09-09,TWSE,7631,聚賢研發-創,146.0,146.0,142.0,142.0,17687.0
2026-09-09,TWSE,7689,大鵬科CLMX,171.5,171.5,165.0,165.0,124438.0
2026-09-09,TWSE,7705,三商餐飲,29.8,29.9,29.75,29.8,28694.0
2026-09-09,TWSE,7711,永擎,650.0,650.0,594.0,594.0,2433484.0
2026-09-09,TWSE,7721,微程式,62.5,62.5,60.7,60.7,21556.0
2026-09-09,TWSE,7722,LINEPAY,278.0,278.0,272.0,272.5,83524.0
2026-09-09,TWSE,7730,暉盛-創,182.0,182.0,172.5,172.5,79384.0
2026-09-09,TWSE,7732,金興精密,34.5,34.5,34.5,34.5,3574.0
2026-09-09,TWSE,7736,虎山,69.5,69.5,68.7,69.4,9677.0
2026-09-09,TWSE,7740,熙特爾-創,130.0,130.0,127.5,129.0,48133.0
2026-09-09,TWSE,7749,意騰-KY,360.0,360.5,349.0,355.0,183788.0
2026-09-09,TWSE,7750,新代,2390.0,2395.0,2280.0,2315.0,327199.0
2026-09-09,TWSE,7760,享溫馨,33.15,33.15,33.0,33.0,53640.0
2026-09-09,TWSE,7765,中華資安,220.5,221.0,218.5,218.5,130408.0
2026-09-09,TWSE,7768,頌勝科技,281.0,281.0,275.5,275.5,57676.0
2026-09-09,TWSE,7769,鴻勁,6565.0,7160.0,6500.0,6970.0,1903897.0
2026-09-09,TWSE,7780,大研生醫*,16.6,16.6,16.5,16.55,636335.0
2026-09-09,TWSE,7786,東方風能,115.5,116.5,115.0,115.0,51261.0
2026-09-09,TWSE,7788,松川精密,300.0,304.5,285.0,291.5,3837173.0
2026-09-09,TWSE,7791,皇家可口,55.5,57.4,55.3,57.2,36213.0
2026-09-09,TWSE,7795,長廣,554.0,587.0,541.0,555.0,2757172.0
2026-09-09,TWSE,7799,禾榮科,396.0,397.5,381.0,382.5,318908.0
2026-09-09,TWSE,7803,雲象科技-創,19.05,19.8,19.05,19.25,14831.0
2026-09-09,TWSE,7818,溢泰實業,60.2,60.8,60.1,60.2,28658.0
2026-09-09,TWSE,7821,神數,39.7,39.8,39.6,39.65,58993.0
2026-09-09,TWSE,7822,倍利科,928.0,939.0,899.0,899.0,192009.0
2026-09-09,TWSE,7823,奧義賽博-KY創,81.5,82.8,79.0,80.7,61019.0
2026-09-09,TWSE,7827,漢康-KY創,154.0,154.0,151.0,151.0,114971.0
2026-09-09,TWSE,7835,永悅健康-創,21.8,23.1,21.75,23.1,46000.0
2026-09-09,TWSE,7855,和運租車,42.3,42.35,42.05,42.1,880794.0
2026-09-09,TWSE,8011,台通,15.65,15.65,15.5,15.5,262309.0
2026-09-09,TWSE,8016,矽創,285.0,286.5,275.5,278.0,1445548.0
2026-09-09,TWSE,8021,尖點,441.0,461.0,431.0,450.0,15127276.0
2026-09-09,TWSE,8028,昇陽半導體,249.0,249.0,235.5,236.5,5180911.0
2026-09-09,TWSE,8033,雷虎,179.0,180.5,173.5,174.5,2067173.0
2026-09-09,TWSE,8039,台虹,327.5,327.5,294.5,294.5,40437247.0
2026-09-09,TWSE,8045,達運光電,49.8,49.85,48.9,48.9,93427.0
2026-09-09,TWSE,8046,南電,1065.0,1075.0,1015.0,1025.0,6472507.0
2026-09-09,TWSE,8070,長華*,50.4,50.6,49.2,50.0,2123393.0
2026-09-09,TWSE,8072,陞泰,26.2,26.2,25.8,26.05,78181.0
2026-09-09,TWSE,8081,致新,253.5,254.5,248.0,248.5,511500.0
2026-09-09,TWSE,8101,華冠,11.25,11.95,11.25,11.95,4067.0
2026-09-09,TWSE,8103,瀚荃,123.5,124.5,117.5,119.5,3392006.0
2026-09-09,TWSE,8104,錸寶,30.55,30.55,30.05,30.1,308823.0
2026-09-09,TWSE,8105,凌巨,15.15,15.35,14.85,15.1,1837254.0
2026-09-09,TWSE,8110,華東,44.65,44.8,43.65,43.75,2739098.0
2026-09-09,TWSE,8112,至上,90.7,90.9,89.4,89.5,5469272.0
2026-09-09,TWSE,8114,振樺電,186.0,187.0,179.0,180.0,1287310.0
2026-09-09,TWSE,8131,福懋科,62.8,63.6,61.8,61.9,1898288.0
2026-09-09,TWSE,8150,南茂,92.2,93.5,89.7,90.3,13892407.0
2026-09-09,TWSE,8162,微矽電子-創,61.5,64.5,60.0,61.2,194256.0
2026-09-09,TWSE,8163,達方,31.05,31.05,30.05,30.15,926953.0
2026-09-09,TWSE,8201,無敵,11.6,11.6,11.55,11.55,11842.0
2026-09-09,TWSE,8210,勤誠,937.0,938.0,901.0,907.0,2470120.0
2026-09-09,TWSE,8213,志超,32.8,32.8,32.45,32.55,277278.0
2026-09-09,TWSE,8215,明基材,25.35,25.55,25.05,25.15,426607.0
2026-09-09,TWSE,8222,寶一,37.0,37.15,36.2,36.45,313723.0
2026-09-09,TWSE,8249,菱光,39.9,40.15,39.65,39.75,162176.0
2026-09-09,TWSE,8261,富鼎,179.5,180.0,170.5,170.5,4186344.0
2026-09-09,TWSE,8271,宇瞻,223.0,227.0,219.5,219.5,1607586.0
2026-09-09,TWSE,8341,日友,75.1,75.1,74.6,74.6,238417.0
2026-09-09,TWSE,8367,建新國際,40.45,40.75,40.45,40.7,23885.0
2026-09-09,TWSE,8374,羅昇,84.0,84.0,80.1,80.1,386493.0
2026-09-09,TWSE,8404,百和興業-KY,15.8,15.95,15.3,15.55,832347.0
2026-09-09,TWSE,8411,福貞-KY,12.95,12.95,12.8,12.8,60320.0
2026-09-09,TWSE,8422,可寧衛*,26.35,26.8,26.2,26.6,4435785.0
2026-09-09,TWSE,8429,金麗-KY,5.99,6.0,5.96,5.96,179043.0
2026-09-09,TWSE,8438,昶昕,68.8,69.7,67.5,68.0,99416.0
2026-09-09,TWSE,8442,威宏-KY,45.9,47.1,45.9,46.65,85027.0
2026-09-09,TWSE,8443,阿瘦,11.15,11.2,11.15,11.15,10328.0
2026-09-09,TWSE,8454,富邦媒,244.5,245.5,239.5,239.5,194492.0
2026-09-09,TWSE,8462,柏文,164.5,167.0,164.5,167.0,44886.0
2026-09-09,TWSE,8463,潤泰材,21.3,21.5,21.3,21.5,9471.0
2026-09-09,TWSE,8464,億豐,362.0,372.0,360.0,371.5,262648.0
2026-09-09,TWSE,8466,美吉吉-KY,14.9,15.0,14.9,15.0,5835.0
2026-09-09,TWSE,8467,波力-KY,88.2,90.4,88.2,90.4,9669.0
2026-09-09,TWSE,8473,山林水,40.45,40.55,39.25,39.5,1689140.0
2026-09-09,TWSE,8476,台境*,18.9,19.4,18.7,19.4,244094.0
2026-09-09,TWSE,8478,東哥遊艇,141.5,142.5,141.0,141.5,28677.0
2026-09-09,TWSE,8481,政伸,41.3,41.4,41.2,41.4,9830.0
2026-09-09,TWSE,8482,商億-KY,48.5,49.6,48.5,49.6,3976.0
2026-09-09,TWSE,8487,愛爾達-創,71.5,71.5,70.5,71.3,6339.0
2026-09-09,TWSE,8488,吉源-KY,10.9,10.9,10.35,10.35,67869.0
2026-09-09,TWSE,8499,鼎炫-KY,267.0,267.0,257.0,257.0,18443.0
2026-09-09,TWSE,8926,台汽電,58.2,58.3,57.1,57.2,1903278.0
2026-09-09,TWSE,8940,新天地,15.0,15.0,14.85,14.85,23639.0
2026-09-09,TWSE,8996,高力,1240.0,1285.0,1205.0,1225.0,4527634.0
2026-09-09,TWSE,9103,美德醫療-DR,5.14,5.14,5.09,5.11,362153.0
2026-09-09,TWSE,9105,泰金寶-DR,8.86,8.86,8.63,8.68,24981848.0
2026-09-09,TWSE,9110,越南控-DR,2.98,2.98,2.98,2.98,5005.0
2026-09-09,TWSE,9136,巨騰-DR,10.7,10.9,10.45,10.45,174060.0
2026-09-09,TWSE,9802,鈺齊-KY,72.3,72.3,71.2,71.2,680120.0
2026-09-09,TWSE,9902,台火,13.65,13.75,13.55,13.65,82107.0
2026-09-09,TWSE,9904,寶成,24.65,24.75,24.5,24.7,6406499.0
2026-09-09,TWSE,9905,大華,21.45,21.5,21.35,21.4,50251.0
2026-09-09,TWSE,9906,欣巴巴,42.0,42.6,41.4,41.8,87948.0
2026-09-09,TWSE,9907,統一實,15.3,15.35,15.25,15.25,451893.0
2026-09-09,TWSE,9908,大台北,29.2,29.3,29.1,29.1,66716.0
2026-09-09,TWSE,9910,豐泰,71.0,73.4,70.7,71.8,3761722.0
2026-09-09,TWSE,9911,櫻花,81.6,82.1,81.6,81.7,142177.0
2026-09-09,TWSE,9912,偉聯,12.9,12.9,12.75,12.8,81330.0
2026-09-09,TWSE,9914,美利達,78.0,78.0,76.7,77.0,896379.0
2026-09-09,TWSE,9917,中保科,106.5,107.0,106.0,106.5,260810.0
2026-09-09,TWSE,9918,欣天然,43.15,43.3,43.15,43.2,9138.0
2026-09-09,TWSE,9919,康那香,14.05,14.15,14.05,14.05,196207.0
2026-09-09,TWSE,9921,巨大,97.4,97.6,93.7,95.6,1773467.0
2026-09-09,TWSE,9924,福興,38.45,38.65,38.4,38.45,120914.0
2026-09-09,TWSE,9925,新保,39.5,39.75,39.5,39.6,298228.0
2026-09-09,TWSE,9926,新海,49.55,49.55,49.1,49.5,13000.0
2026-09-09,TWSE,9927,泰銘,69.9,69.9,69.5,69.5,37426.0
2026-09-09,TWSE,9928,中視,17.75,17.8,17.6,17.75,59101.0
2026-09-09,TWSE,9929,秋雨,11.25,11.25,11.25,11.25,2183.0
2026-09-09,TWSE,9930,中聯資源,63.1,63.1,62.5,62.7,77273.0
2026-09-09,TWSE,9931,欣高,33.9,34.2,33.9,34.1,24519.0
2026-09-09,TWSE,9933,中鼎,39.0,39.35,38.65,39.1,3250532.0
2026-09-09,TWSE,9934,成霖,10.85,10.9,10.75,10.8,455589.0
2026-09-09,TWSE,9935,慶豐富,19.45,19.5,19.4,19.5,75098.0
2026-09-09,TWSE,9937,全國,55.5,55.6,55.2,55.2,11923.0
2026-09-09,TWSE,9938,百和,41.1,41.2,40.35,40.35,1332660.0
2026-09-09,TWSE,9939,宏全,129.5,129.5,127.5,128.5,699671.0
2026-09-09,TWSE,9940,信義,20.4,20.45,20.25,20.25,209167.0
2026-09-09,TWSE,9941,裕融,80.8,81.4,80.5,81.0,657911.0
2026-09-09,TWSE,9942,茂順,114.5,114.5,113.5,114.0,61155.0
2026-09-09,TWSE,9943,好樂迪,51.0,51.7,51.0,51.0,62298.0
2026-09-09,TWSE,9944,新麗,17.2,17.35,17.2,17.2,26418.0
2026-09-09,TWSE,9945,潤泰新,27.9,28.15,27.75,28.05,2456877.0
2026-09-09,TWSE,9946,三發地產,17.45,17.45,17.0,17.1,309837.0
2026-09-09,TWSE,9955,佳龍,23.85,24.0,23.7,23.8,126904.0
2026-09-09,TWSE,9958,世紀鋼,91.4,92.0,90.0,90.1,1441757.0
2026-09-09,TPEX,1240,茂生農經,55.3,55.3,55.3,55.3,2148.0
2026-09-09,TPEX,1259,安心,64.0,65.4,64.0,64.9,17080.0
2026-09-09,TPEX,1264,德麥,250.5,250.5,250.0,250.5,12005.0
2026-09-09,TPEX,1268,漢來美食,172.0,172.0,170.5,171.5,16495.0
2026-09-09,TPEX,1294,漢田生技,53.2,53.6,52.9,53.0,22983.0
2026-09-09,TPEX,1295,生合,45.6,45.6,45.35,45.4,25130.0
2026-09-09,TPEX,1336,台翰,16.5,16.55,16.25,16.45,139208.0
2026-09-09,TPEX,1565,精華,97.6,98.9,97.1,98.6,222199.0
2026-09-09,TPEX,1569,濱川,48.3,50.1,47.65,49.35,821088.0
2026-09-09,TPEX,1570,力肯,32.5,32.65,32.5,32.55,38017.0
2026-09-09,TPEX,1580,新麥,101.0,101.0,98.5,99.0,282342.0
2026-09-09,TPEX,1584,精剛,17.7,17.9,17.6,17.9,255662.0
2026-09-09,TPEX,1586,和勤,18.05,18.15,17.9,18.0,213878.0
2026-09-09,TPEX,1591,駿吉-KY,39.3,39.75,37.0,37.3,864288.0
2026-09-09,TPEX,1593,祺驊,31.4,31.6,31.3,31.5,9864.0
2026-09-09,TPEX,1595,川寶,65.4,66.3,63.8,64.3,330761.0
2026-09-09,TPEX,1599,宏佳騰,22.95,23.2,22.8,23.0,14754.0
2026-09-09,TPEX,1742,台蠟,17.75,17.75,17.45,17.65,13209.0
2026-09-09,TPEX,1777,生泰,74.8,74.9,74.4,74.9,54153.0
2026-09-09,TPEX,1780,立弘,24.25,24.8,24.0,24.8,107300.0
2026-09-09,TPEX,1781,合世,10.0,10.1,9.99,9.99,18078.0
2026-09-09,TPEX,1784,訊聯,59.4,60.0,59.2,59.9,43316.0
2026-09-09,TPEX,1785,光洋科,100.5,102.0,100.5,101.5,1981541.0
2026-09-09,TPEX,1788,杏昌,128.0,128.0,128.0,128.0,14694.0
2026-09-09,TPEX,1796,金穎生技,30.2,30.3,30.2,30.2,4000.0
2026-09-09,TPEX,1799,易威,30.05,30.05,29.9,29.9,88896.0
2026-09-09,TPEX,1813,寶利徠,11.3,11.35,11.3,11.35,9049.0
2026-09-09,TPEX,1815,富喬,134.0,135.0,126.0,126.0,69801364.0
2026-09-09,TPEX,2035,唐榮,,,,,7.0
2026-09-09,TPEX,2061,風青,47.5,47.9,46.65,47.1,1781438.0
2026-09-09,TPEX,2063,世鎧,24.0,24.1,23.9,23.9,25618.0
2026-09-09,TPEX,2064,晉椿,,,,,0.0
2026-09-09,TPEX,2065,世豐,36.3,36.4,36.0,36.0,54551.0
2026-09-09,TPEX,2066,世德,53.3,53.5,53.2,53.2,15153.0
2026-09-09,TPEX,2067,嘉鋼,4.56,4.95,4.56,4.73,31253.0
2026-09-09,TPEX,2070,精湛,61.3,62.0,61.2,62.0,92284.0
2026-09-09,TPEX,2073,雄順,24.6,25.85,24.6,25.85,5534.0
2026-09-09,TPEX,2221,大甲,85.8,90.0,85.6,87.8,2791657.0
2026-09-09,TPEX,2230,泰茂,22.2,22.55,22.1,22.15,48122.0
2026-09-09,TPEX,2235,謚源,26.7,28.3,26.55,28.3,77234.0
2026-09-09,TPEX,2596,綠意,34.8,35.45,34.5,35.1,299310.0
2026-09-09,TPEX,2640,大車隊,154.0,154.0,153.5,154.0,8378.0
2026-09-09,TPEX,2641,正德,17.95,18.3,17.9,18.25,1714023.0
2026-09-09,TPEX,2643,捷迅,62.9,63.0,62.7,62.8,19253.0
2026-09-09,TPEX,2718,全心投控,40.75,41.35,40.7,41.35,26834.0
2026-09-09,TPEX,2719,燦星旅,19.3,19.3,19.15,19.15,22186.0
2026-09-09,TPEX,2724,藝舍-KY,,,,,0.0
2026-09-09,TPEX,2726,雅茗-KY,8.24,8.24,7.95,8.16,7052.0
2026-09-09,TPEX,2729,瓦城,155.0,155.5,154.0,155.0,11577.0
2026-09-09,TPEX,2732,六角,64.0,64.0,62.8,62.8,18323.0
2026-09-09,TPEX,2734,易飛網,14.9,14.95,14.6,14.6,42656.0
2026-09-09,TPEX,2736,富野,11.55,11.65,11.4,11.55,47500.0
2026-09-09,TPEX,2740,華軒,30.95,31.25,30.95,31.25,2339.0
2026-09-09,TPEX,2743,山富,54.1,54.1,53.3,53.4,115681.0
2026-09-09,TPEX,2745,五福,87.9,87.9,87.0,87.5,36325.0
2026-09-09,TPEX,2751,王座,53.0,53.6,52.3,53.2,28536.0
2026-09-09,TPEX,2752,豆府,,,,,394.0
2026-09-09,TPEX,2754,亞洲藏壽司,68.0,68.0,68.0,68.0,1404.0
2026-09-09,TPEX,2755,揚秦,100.0,100.0,99.1,99.2,56893.0
2026-09-09,TPEX,2756,聯發國際,62.9,64.1,62.9,64.0,39493.0
2026-09-09,TPEX,2916,滿心,40.15,40.2,40.05,40.2,23282.0
2026-09-09,TPEX,2924,宏太-KY,16.4,17.45,16.4,17.05,8001.0
2026-09-09,TPEX,2926,誠品生活,29.8,29.8,29.8,29.8,3040.0
2026-09-09,TPEX,2937,集雅社,43.55,44.0,43.5,44.0,4052.0
2026-09-09,TPEX,2941,米斯特,31.9,31.9,30.95,30.95,3000.0
2026-09-09,TPEX,2947,振宇五金,61.5,61.9,61.5,61.9,18146.0
2026-09-09,TPEX,2948,寶陞,36.9,38.35,36.9,38.0,3050.0
2026-09-09,TPEX,2949,欣新網,,,,,9.0
2026-09-09,TPEX,3064,泰偉,,,,,95.0
2026-09-09,TPEX,3066,李洲,24.3,24.8,23.65,23.65,768630.0
2026-09-09,TPEX,3067,全域,16.4,16.5,16.4,16.5,2378.0
2026-09-09,TPEX,3071,協禧,24.45,24.65,24.15,24.25,112328.0
2026-09-09,TPEX,3073,天方能源,22.25,22.25,22.2,22.2,3177.0
2026-09-09,TPEX,3078,僑威,44.8,45.25,44.55,44.55,588878.0
2026-09-09,TPEX,3081,聯亞,3085.0,3150.0,2820.0,2850.0,5160280.0
2026-09-09,TPEX,3083,網龍,22.7,22.9,22.7,22.85,23339.0
2026-09-09,TPEX,3085,新零售,,,,,861.0
2026-09-09,TPEX,3086,華義*,29.1,30.3,29.1,29.45,61709.0
2026-09-09,TPEX,3088,艾訊,123.5,127.5,123.0,126.5,1123659.0
2026-09-09,TPEX,3093,港建*,44.3,44.9,43.5,44.55,367828.0
2026-09-09,TPEX,3095,及成,35.8,36.6,35.5,36.6,3462.0
2026-09-09,TPEX,3105,穩懋,462.0,478.0,457.5,464.0,36406744.0
2026-09-09,TPEX,3114,好德,30.0,30.25,29.8,30.05,198757.0
2026-09-09,TPEX,3115,富榮綱,9.1,9.1,8.7,8.73,9003.0
2026-09-09,TPEX,3118,進階,31.45,31.7,31.3,31.3,19112.0
2026-09-09,TPEX,3122,笙泉,24.5,24.7,24.45,24.7,32342.0
2026-09-09,TPEX,3128,昇銳,20.0,20.1,19.85,19.9,21212.0
2026-09-09,TPEX,3131,弘塑,2665.0,2745.0,2500.0,2555.0,907903.0
2026-09-09,TPEX,3141,晶宏,96.7,96.7,93.3,93.9,2858537.0
2026-09-09,TPEX,3147,大綜,222.5,227.5,221.0,226.5,373861.0
2026-09-09,TPEX,3152,璟德,231.5,231.5,229.5,231.0,120234.0
2026-09-09,TPEX,3158,嘉實,84.0,84.0,83.5,83.6,5452.0
2026-09-09,TPEX,3162,精確,71.5,74.8,71.0,73.6,2261410.0
2026-09-09,TPEX,3163,波若威,752.0,777.0,720.0,724.0,4110361.0
2026-09-09,TPEX,3169,亞信,103.0,103.0,101.5,101.5,109153.0
2026-09-09,TPEX,3171,炎洲流通,61.5,61.5,59.5,59.9,85771.0
2026-09-09,TPEX,3176,基亞,36.3,36.45,35.35,36.2,486564.0
2026-09-09,TPEX,3178,公準,61.0,65.4,60.5,62.0,441246.0
2026-09-09,TPEX,3188,鑫龍騰,24.25,24.35,24.2,24.3,68427.0
2026-09-09,TPEX,3191,雲嘉南,17.05,17.25,16.7,16.9,104652.0
2026-09-09,TPEX,3205,佰研,47.0,47.0,46.6,46.8,12055.0
2026-09-09,TPEX,3206,志豐,35.3,35.6,34.75,35.45,55324.0
2026-09-09,TPEX,3207,耀勝,38.8,39.55,38.65,38.65,245202.0
2026-09-09,TPEX,3211,順達,378.0,381.5,365.0,367.0,5020322.0
2026-09-09,TPEX,3213,茂訊,123.0,126.5,123.0,126.5,540075.0
2026-09-09,TPEX,3217,優群,131.0,131.0,125.5,128.5,1044310.0
2026-09-09,TPEX,3218,大學光,137.0,138.0,136.5,137.0,117466.0
2026-09-09,TPEX,3219,倚強科,90.5,92.8,88.6,88.8,673197.0
2026-09-09,TPEX,3221,台嘉碩,49.35,50.9,48.3,48.35,1938061.0
2026-09-09,TPEX,3224,三顧,32.85,33.45,32.5,33.45,51473.0
2026-09-09,TPEX,3226,龍鋒,55.2,56.0,54.4,55.6,48276.0
2026-09-09,TPEX,3227,原相,186.0,187.0,185.0,185.5,673823.0
2026-09-09,TPEX,3228,金麗科,177.5,178.5,173.0,173.5,291427.0
2026-09-09,TPEX,3230,錦明,41.85,42.3,41.85,41.85,177286.0
2026-09-09,TPEX,3232,昱捷,19.75,19.75,19.55,19.6,20057.0
2026-09-09,TPEX,3234,光環,200.0,206.0,194.0,200.0,3458665.0
2026-09-09,TPEX,3236,千如,43.5,44.6,43.25,44.2,1393692.0
2026-09-09,TPEX,3252,海灣,15.55,15.55,15.1,15.3,27131.0
2026-09-09,TPEX,3259,鑫創,11.1,11.7,11.1,11.7,46186.0
2026-09-09,TPEX,3260,威剛,417.5,424.5,413.5,414.5,7258739.0
2026-09-09,TPEX,3264,欣銓,225.0,235.5,225.0,233.0,7325196.0
2026-09-09,TPEX,3265,台星科,168.5,170.5,166.5,167.5,377119.0
2026-09-09,TPEX,3268,海德威,18.05,18.2,17.95,18.1,24042.0
2026-09-09,TPEX,3272,東碩,14.15,14.35,14.05,14.1,44486.0
2026-09-09,TPEX,3276,宇環,14.1,14.2,14.05,14.15,47015.0
2026-09-09,TPEX,3284,太普高,20.35,20.4,19.85,19.85,129867.0
2026-09-09,TPEX,3285,微端,42.15,42.15,41.3,41.55,5097.0
2026-09-09,TPEX,3287,廣寰科,35.95,36.15,35.55,35.8,153652.0
2026-09-09,TPEX,3288,點晶,22.1,22.1,20.6,20.95,13859.0
2026-09-09,TPEX,3289,宜特,139.0,141.0,138.5,140.0,305138.0
2026-09-09,TPEX,3290,東浦,45.6,46.7,45.6,46.65,413285.0
2026-09-09,TPEX,3293,鈊象,711.0,711.0,705.0,708.0,1008749.0
2026-09-09,TPEX,3294,英濟,29.85,30.0,29.6,29.7,176645.0
2026-09-09,TPEX,3297,杭特,27.4,27.65,27.1,27.1,21025.0
2026-09-09,TPEX,3303,岱稜,51.4,52.0,51.2,52.0,99197.0
2026-09-09,TPEX,3306,鼎天,45.1,45.15,44.5,44.5,59627.0
2026-09-09,TPEX,3310,佳穎,66.3,67.5,66.3,67.5,12681.0
2026-09-09,TPEX,3313,斐成,10.9,10.95,10.6,10.9,122456.0
2026-09-09,TPEX,3317,尼克森,56.5,57.9,56.5,57.6,611866.0
2026-09-09,TPEX,3322,建舜電,11.2,11.2,11.0,11.05,73166.0
2026-09-09,TPEX,3323,加百裕,27.4,27.9,27.4,27.5,343161.0
2026-09-09,TPEX,3324,雙鴻,1375.0,1400.0,1320.0,1385.0,1436893.0
2026-09-09,TPEX,3325,旭品,11.15,11.35,11.15,11.25,74472.0
2026-09-09,TPEX,3332,幸康,60.6,60.6,59.3,60.6,6188.0
2026-09-09,TPEX,3339,泰谷,43.1,44.35,42.95,42.95,878556.0
2026-09-09,TPEX,3349,寶德,21.5,21.65,20.4,20.4,196022.0
2026-09-09,TPEX,3354,律勝,28.5,29.8,27.85,28.7,3567919.0
2026-09-09,TPEX,3357,臺慶科,207.0,210.5,207.0,208.0,507660.0
2026-09-09,TPEX,3360,尚立,14.7,14.8,14.6,14.8,182891.0
2026-09-09,TPEX,3362,先進光,192.0,196.5,187.5,189.5,5492492.0
2026-09-09,TPEX,3363,上詮,730.0,756.0,701.0,708.0,6305448.0
2026-09-09,TPEX,3372,典範,14.55,14.55,14.3,14.5,208963.0
2026-09-09,TPEX,3373,熱映,16.0,16.15,15.95,15.95,31104.0
2026-09-09,TPEX,3374,精材,471.0,487.0,471.0,478.5,2497539.0
2026-09-09,TPEX,3379,彬台,28.2,28.3,28.0,28.0,51584.0
2026-09-09,TPEX,3388,崇越電,84.2,85.8,84.2,85.0,612547.0
2026-09-09,TPEX,3390,旭軟,21.7,21.8,21.55,21.75,78871.0
2026-09-09,TPEX,3402,漢科,122.5,127.0,122.5,126.0,329903.0
2026-09-09,TPEX,3430,奇鈦科,105.5,107.0,104.5,105.0,167346.0
2026-09-09,TPEX,3434,哲固,29.3,29.3,29.15,29.2,38186.0
2026-09-09,TPEX,3438,類比科,63.0,64.3,62.3,62.6,63431.0
2026-09-09,TPEX,3441,聯一光,132.5,144.0,129.0,143.5,21791466.0
2026-09-09,TPEX,3444,利機,82.6,83.5,81.0,82.3,227343.0
2026-09-09,TPEX,3455,由田,230.0,236.5,229.0,232.0,591743.0
2026-09-09,TPEX,3465,進泰電子,29.05,29.95,29.05,29.15,36000.0
2026-09-09,TPEX,3466,德晉,24.7,24.7,24.0,24.25,172503.0
2026-09-09,TPEX,3467,台灣精材,51.7,52.0,51.1,51.7,50112.0
2026-09-09,TPEX,3479,安勤,125.5,132.5,124.0,131.5,1528398.0
2026-09-09,TPEX,3483,力致,78.0,81.3,77.8,80.5,546303.0
2026-09-09,TPEX,3484,崧騰,45.1,45.35,45.0,45.1,223189.0
2026-09-09,TPEX,3485,敘豐,211.5,212.0,207.0,207.5,62930.0
2026-09-09,TPEX,3489,森寶,22.35,22.4,21.55,21.7,278431.0
2026-09-09,TPEX,3490,單井,43.55,44.75,43.5,44.2,1406659.0
2026-09-09,TPEX,3491,昇達科,1500.0,1550.0,1450.0,1455.0,1404513.0
2026-09-09,TPEX,3492,長盛,19.2,19.25,19.15,19.2,34166.0
2026-09-09,TPEX,3498,陽程,190.5,197.5,187.0,191.0,2528732.0
2026-09-09,TPEX,3499,環天科,13.6,14.0,13.55,13.75,92757.0
2026-09-09,TPEX,3508,位速,21.1,21.2,20.6,21.05,182305.0
2026-09-09,TPEX,3511,矽瑪,18.8,19.7,18.8,19.45,198227.0
2026-09-09,TPEX,3512,皇龍,19.2,19.3,19.15,19.3,35051.0
2026-09-09,TPEX,3516,亞帝歐,26.85,26.85,26.1,26.45,38033.0
2026-09-09,TPEX,3520,華盈,17.45,17.7,17.4,17.55,167542.0
2026-09-09,TPEX,3521,台鋼建設,12.1,12.3,12.1,12.3,3086.0
2026-09-09,TPEX,3522,御嵿,12.0,12.0,11.9,12.0,88405.0
2026-09-09,TPEX,3523,迎輝,15.4,15.4,15.0,15.0,13607.0
2026-09-09,TPEX,3526,凡甲,279.5,280.0,276.5,278.0,190183.0
2026-09-09,TPEX,3527,聚積,49.7,50.2,49.5,49.7,28344.0
2026-09-09,TPEX,3529,力旺,2800.0,2875.0,2680.0,2780.0,2226037.0
2026-09-09,TPEX,3531,先益,21.15,21.15,21.0,21.15,7000.0
2026-09-09,TPEX,3537,堡達,54.0,54.5,53.2,53.4,218957.0
2026-09-09,TPEX,3540,曜越,23.2,23.2,22.7,22.7,224615.0
2026-09-09,TPEX,3541,西柏,21.9,22.1,21.9,22.05,57459.0
2026-09-09,TPEX,3546,宇峻,73.8,74.0,73.2,73.8,99171.0
2026-09-09,TPEX,3548,兆利,81.3,84.9,81.3,84.6,237116.0
2026-09-09,TPEX,3551,世禾,182.0,182.0,178.0,178.5,175088.0
2026-09-09,TPEX,3552,同致,42.5,42.6,41.95,42.3,156753.0
2026-09-09,TPEX,3555,博士旺,199.5,203.0,193.5,193.5,62122.0
2026-09-09,TPEX,3556,禾瑞亞,55.7,57.5,55.7,57.0,218821.0
2026-09-09,TPEX,3558,神準,123.0,123.0,121.0,121.0,63800.0
2026-09-09,TPEX,3564,其陽,48.3,49.55,47.75,48.3,261798.0
2026-09-09,TPEX,3567,逸昌,25.3,25.45,25.3,25.35,21105.0
2026-09-09,TPEX,3570,大塚,162.5,163.5,162.5,162.5,14175.0
2026-09-09,TPEX,3577,泓格,109.5,111.5,108.5,110.5,186717.0
2026-09-09,TPEX,3580,友威科,86.4,87.0,85.4,86.4,152852.0
2026-09-09,TPEX,3581,博磊,105.5,112.0,105.5,107.5,368817.0
2026-09-09,TPEX,3587,閎康,251.0,256.5,251.0,251.0,557669.0
2026-09-09,TPEX,3594,磐儀,47.0,48.0,47.0,47.2,254946.0
2026-09-09,TPEX,3597,映興,26.5,26.5,26.0,26.2,23000.0
2026-09-09,TPEX,3609,三一東林,19.6,20.3,19.5,19.5,192382.0
2026-09-09,TPEX,3611,鼎翰,182.5,183.5,182.0,182.0,19220.0
2026-09-09,TPEX,3615,安可,35.9,36.8,35.7,35.7,340619.0
2026-09-09,TPEX,3623,富晶通,24.7,25.25,24.65,24.65,149345.0
2026-09-09,TPEX,3624,光頡,102.0,106.0,99.8,103.5,23545060.0
2026-09-09,TPEX,3625,西勝,11.9,12.3,11.9,12.15,139352.0
2026-09-09,TPEX,3628,盈正,68.2,72.0,68.2,71.9,164528.0
2026-09-09,TPEX,3629,地心引力,20.05,20.05,20.05,20.05,1000.0
2026-09-09,TPEX,3630,新鉅科,26.85,27.25,26.65,26.7,464948.0
2026-09-09,TPEX,3631,晟楠,38.2,39.6,37.7,39.3,152849.0
2026-09-09,TPEX,3632,研勤,7.19,7.19,7.11,7.11,29850.0
2026-09-09,TPEX,3646,艾恩特,24.0,24.0,24.0,24.0,1212.0
2026-09-09,TPEX,3663,鑫科,61.1,62.0,60.9,61.0,238606.0
2026-09-09,TPEX,3664,安瑞-KY,6.5,7.66,6.5,7.6,14150.0
2026-09-09,TPEX,3666,光耀,24.8,25.0,24.7,25.0,61111.0
2026-09-09,TPEX,3672,康聯訊,11.85,11.85,11.8,11.85,10454.0
2026-09-09,TPEX,3675,德微,271.5,278.0,270.5,271.5,345521.0
2026-09-09,TPEX,3680,家登,573.0,573.0,563.0,566.0,7897112.0
2026-09-09,TPEX,3684,榮昌,55.9,55.9,54.0,54.2,8728.0
2026-09-09,TPEX,3685,元創精密,36.5,37.25,36.1,36.55,253142.0
2026-09-09,TPEX,3687,歐買尬,61.8,62.6,61.8,62.2,21630.0
2026-09-09,TPEX,3689,湧德,110.0,112.5,110.0,112.5,516287.0
2026-09-09,TPEX,3691,碩禾,98.8,99.2,97.9,98.3,125370.0
2026-09-09,TPEX,3693,營邦,675.0,704.0,664.0,700.0,2644568.0
2026-09-09,TPEX,3707,漢磊,60.0,60.6,59.8,60.1,2081070.0
2026-09-09,TPEX,3709,鑫聯大投控,62.2,63.0,62.0,63.0,286473.0
2026-09-09,TPEX,3710,連展投控,5.0,5.2,4.9,5.13,770471.0
2026-09-09,TPEX,3713,新晶投控,15.5,15.5,14.5,14.6,40084.0
2026-09-09,TPEX,3718,中光電投控,66.3,69.0,66.2,68.1,4492520.0
2026-09-09,TPEX,4102,永日,18.8,18.9,18.55,18.9,34627.0
2026-09-09,TPEX,4105,東洋,77.2,77.3,76.5,77.2,394597.0
2026-09-09,TPEX,4107,邦特,113.0,113.0,112.5,113.0,26830.0
2026-09-09,TPEX,4109,加捷生醫,11.1,11.1,10.95,11.05,157345.0
2026-09-09,TPEX,4111,濟生,28.5,28.95,28.5,28.95,47750.0
2026-09-09,TPEX,4113,聯上,16.0,16.0,15.6,15.95,87038.0
2026-09-09,TPEX,4114,健喬,29.8,30.1,29.8,29.95,609976.0
2026-09-09,TPEX,4116,明基醫,40.0,40.0,39.7,39.7,15211.0
2026-09-09,TPEX,4120,友華,45.8,46.0,45.5,46.0,7469.0
2026-09-09,TPEX,4121,優盛,12.8,12.85,12.75,12.85,36419.0
2026-09-09,TPEX,4123,晟德,30.4,30.85,30.3,30.55,1978263.0
2026-09-09,TPEX,4126,太醫,77.9,77.9,77.7,77.8,57802.0
2026-09-09,TPEX,4127,天良,62.1,62.9,62.0,62.8,108143.0
2026-09-09,TPEX,4128,中天,15.0,15.1,14.75,14.8,449054.0
2026-09-09,TPEX,4129,聯合,82.5,83.5,81.8,82.6,235137.0
2026-09-09,TPEX,4131,浩泰,30.4,30.85,30.0,30.7,8224.0
2026-09-09,TPEX,4138,曜亞,53.3,53.8,52.9,53.8,96715.0
2026-09-09,TPEX,4139,馬光-KY,41.15,41.15,41.0,41.0,7167.0
2026-09-09,TPEX,4147,中裕,66.0,66.0,62.5,62.8,1141082.0
2026-09-09,TPEX,4153,鈺緯,31.65,31.95,31.55,31.95,12698.0
2026-09-09,TPEX,4154,樂威科-KY,,,,,0.0
2026-09-09,TPEX,4157,太景*-KY,9.1,9.1,8.99,9.03,604974.0
2026-09-09,TPEX,4160,訊聯基因,38.55,39.4,38.4,39.15,109375.0
2026-09-09,TPEX,4161,聿新科,22.45,22.65,22.4,22.45,21076.0
2026-09-09,TPEX,4162,智擎,56.4,56.8,55.7,55.8,310362.0
2026-09-09,TPEX,4163,鐿鈦,129.5,131.0,128.5,130.0,83377.0
2026-09-09,TPEX,4166,友霖,24.8,24.8,23.85,23.9,410933.0
2026-09-09,TPEX,4167,松瑞藥,19.05,19.2,18.95,19.1,880505.0
2026-09-09,TPEX,4168,醣聯,21.85,21.85,21.5,21.6,77031.0
2026-09-09,TPEX,4171,瑞基,16.6,16.6,16.45,16.6,153371.0
2026-09-09,TPEX,4173,久裕,17.15,17.15,17.0,17.05,30095.0
2026-09-09,TPEX,4174,浩鼎,26.35,27.0,26.15,26.45,604138.0
2026-09-09,TPEX,4175,杏一,51.0,51.5,51.0,51.2,7603.0
2026-09-09,TPEX,4183,福永生技,,,,,0.0
2026-09-09,TPEX,4188,安克,12.85,14.05,12.8,14.05,363117.0
2026-09-09,TPEX,4192,杏國,18.4,18.7,18.4,18.55,7149.0
2026-09-09,TPEX,4198,欣大健康,45.3,50.0,45.2,49.95,19855.0
2026-09-09,TPEX,4205,中華食,69.2,69.3,69.1,69.2,14052.0
2026-09-09,TPEX,4207,環泰,19.7,19.9,19.7,19.7,58419.0
2026-09-09,TPEX,4303,信立,36.0,36.8,35.05,36.35,984300.0
2026-09-09,TPEX,4304,勝昱,16.7,17.0,16.4,16.4,86002.0
2026-09-09,TPEX,4305,世坤,43.0,43.0,42.05,42.05,2070.0
2026-09-09,TPEX,4401,東隆興,14.1,14.1,13.85,13.9,41262.0
2026-09-09,TPEX,4402,郡都開發,14.45,14.45,13.5,14.3,52512.0
2026-09-09,TPEX,4406,新昕纖,9.95,10.0,9.95,10.0,17000.0
2026-09-09,TPEX,4413,飛寶企業,20.0,20.0,19.0,19.55,58228.0
2026-09-09,TPEX,4416,三圓,12.05,12.1,11.8,11.9,494747.0
2026-09-09,TPEX,4417,金洲,47.25,47.8,46.75,47.8,103813.0
2026-09-09,TPEX,4419,皇家美食,45.7,45.7,45.0,45.3,47020.0
2026-09-09,TPEX,4420,光明,38.85,39.15,38.8,38.8,43424.0
2026-09-09,TPEX,4430,耀億,17.1,17.8,17.0,17.25,14712.0
2026-09-09,TPEX,4432,銘旺實,15.6,15.6,15.45,15.5,23021.0
2026-09-09,TPEX,4433,興采,18.5,18.75,18.4,18.75,103003.0
2026-09-09,TPEX,4442,竣邦-KY,52.2,52.2,51.0,51.8,68025.0
2026-09-09,TPEX,4502,健信,16.65,16.65,15.75,15.75,27774.0
2026-09-09,TPEX,4503,金雨,23.1,23.6,23.0,23.25,252943.0
2026-09-09,TPEX,4506,崇友,121.5,121.5,121.0,121.5,41929.0
2026-09-09,TPEX,4510,高鋒,45.05,45.1,43.95,44.1,584223.0
2026-09-09,TPEX,4513,福裕,15.6,15.75,15.55,15.6,124770.0
2026-09-09,TPEX,4523,永彰,23.4,23.6,23.35,23.5,24554.0
2026-09-09,TPEX,4527,方土霖,40.25,40.9,40.1,40.7,35050.0
2026-09-09,TPEX,4528,江興鍛,14.95,15.0,14.85,15.0,21740.0
2026-09-09,TPEX,4529,淳紳,3.71,3.73,3.71,3.73,35000.0
2026-09-09,TPEX,4530,天意能創,26.85,27.7,25.95,25.95,14296.0
2026-09-09,TPEX,4533,協易機,25.3,25.35,25.05,25.35,445864.0
2026-09-09,TPEX,4534,慶騰,29.0,29.45,28.65,28.95,339922.0
2026-09-09,TPEX,4535,至興,27.85,28.0,27.3,28.0,5054.0
2026-09-09,TPEX,4538,大詠城,17.85,17.85,17.6,17.75,11306.0
2026-09-09,TPEX,4541,晟田,60.8,61.2,59.9,60.0,1326435.0
2026-09-09,TPEX,4542,科嶠,280.5,290.0,280.5,282.5,329801.0
2026-09-09,TPEX,4543,萬在,29.0,29.1,28.65,28.9,75930.0
2026-09-09,TPEX,4549,桓達,99.3,99.8,97.0,97.4,102025.0
2026-09-09,TPEX,4550,長佳,24.0,24.0,23.95,23.95,3297.0
2026-09-09,TPEX,4554,橙的,30.0,30.0,29.0,29.0,21450.0
2026-09-09,TPEX,4556,旭然,77.5,83.7,75.1,78.2,982400.0
2026-09-09,TPEX,4558,寶緯,17.2,17.45,16.35,17.1,48000.0
2026-09-09,TPEX,4561,健椿,40.8,41.5,40.8,41.25,115496.0
2026-09-09,TPEX,4563,百德,44.0,45.55,43.55,43.8,84514.0
2026-09-09,TPEX,4568,科際精密,,,,,179.0
2026-09-09,TPEX,4577,達航科技,92.5,93.3,88.4,89.0,726361.0
2026-09-09,TPEX,4580,捷流閥業,81.1,82.4,81.1,82.1,54160.0
2026-09-09,TPEX,4584,君帆,38.5,38.5,38.5,38.5,5000.0
2026-09-09,TPEX,4609,唐鋒,4.39,4.39,4.14,4.15,23000.0
2026-09-09,TPEX,4702,中美實,9.38,9.46,9.31,9.37,57987.0
2026-09-09,TPEX,4706,大恭,35.35,38.4,34.65,36.9,80907.0
2026-09-09,TPEX,4707,磐亞,28.0,28.85,26.7,27.2,5910203.0
2026-09-09,TPEX,4711,永純,16.65,16.75,16.5,16.6,26260.0
2026-09-09,TPEX,4714,永捷,10.9,11.35,10.7,11.2,1673123.0
2026-09-09,TPEX,4716,大立,17.05,17.25,16.9,17.05,315535.0
2026-09-09,TPEX,4721,美琪瑪,70.6,71.3,70.4,71.2,294156.0
2026-09-09,TPEX,4726,永昕,24.0,24.35,23.9,23.9,125251.0
2026-09-09,TPEX,4728,雙美,,,,,152.0
2026-09-09,TPEX,4729,熒茂,18.6,18.6,18.4,18.4,104322.0
2026-09-09,TPEX,4735,豪展,36.65,36.85,35.25,35.75,48467.0
2026-09-09,TPEX,4741,泓瀚,40.15,41.1,40.15,40.2,50646.0
2026-09-09,TPEX,4743,合一,47.5,47.5,45.6,45.8,1326142.0
2026-09-09,TPEX,4744,皇將,26.95,26.95,26.8,26.8,43046.0
2026-09-09,TPEX,4745,合富-KY,11.65,11.75,11.6,11.75,4101.0
2026-09-09,TPEX,4747,強生*,24.7,25.5,24.7,25.3,59068.0
2026-09-09,TPEX,4749,新應材,780.0,797.0,768.0,770.0,733858.0
2026-09-09,TPEX,4754,國碳科,38.5,38.5,37.5,37.8,100428.0
2026-09-09,TPEX,4760,勤凱,276.5,278.0,266.5,266.5,512339.0
2026-09-09,TPEX,4767,誠泰科技,28.7,29.45,28.7,29.4,19632.0
2026-09-09,TPEX,4768,晶呈科技,301.0,304.0,296.5,303.0,220375.0
2026-09-09,TPEX,4772,台特化,253.0,253.0,244.5,246.0,568173.0
2026-09-09,TPEX,4806,桂田文創,9.14,9.14,8.64,9.1,5687.0
2026-09-09,TPEX,4903,聯光通,36.5,36.65,36.15,36.5,497799.0
2026-09-09,TPEX,4905,台聯電,87.6,87.6,84.3,85.0,22518.0
2026-09-09,TPEX,4907,富宇,45.0,45.75,43.85,43.85,191900.0
2026-09-09,TPEX,4908,前鼎,238.5,243.0,229.5,242.0,3010148.0
2026-09-09,TPEX,4909,新復興,35.45,35.85,35.3,35.3,259917.0
2026-09-09,TPEX,4911,德英,29.25,29.4,29.0,29.4,31506.0
2026-09-09,TPEX,4923,力士,53.4,58.3,51.1,57.8,1355931.0
2026-09-09,TPEX,4924,欣厚-KY,13.2,13.2,12.55,12.65,211186.0
2026-09-09,TPEX,4931,新盛力,243.0,264.0,242.0,252.5,7000209.0
2026-09-09,TPEX,4933,友輝,51.7,52.4,51.1,51.7,190832.0
2026-09-09,TPEX,4939,亞電,90.1,91.2,87.5,90.7,3061097.0
2026-09-09,TPEX,4946,辣椒,92.1,93.7,92.0,93.7,8280.0
2026-09-09,TPEX,4950,金耘國際,15.8,16.0,15.5,16.0,19483.0
2026-09-09,TPEX,4951,精拓科,80.3,82.9,80.0,80.9,296384.0
2026-09-09,TPEX,4953,緯致,117.5,118.5,117.0,118.0,159188.0
2026-09-09,TPEX,4966,譜瑞-KY,549.0,555.0,547.0,550.0,343713.0
2026-09-09,TPEX,4971,IET-KY,634.0,664.0,606.0,621.0,2457398.0
2026-09-09,TPEX,4972,湯石照明,16.5,16.5,16.5,16.5,1712.0
2026-09-09,TPEX,4973,廣穎,148.0,151.0,147.5,147.5,729766.0
2026-09-09,TPEX,4974,亞泰,71.5,75.5,71.1,74.5,669463.0
2026-09-09,TPEX,4979,華星光,631.0,658.0,602.0,610.0,16116912.0
2026-09-09,TPEX,4991,環宇-KY,511.0,520.0,495.0,499.0,755517.0
2026-09-09,TPEX,4995,晶達,50.1,50.1,49.6,50.1,13515.0
2026-09-09,TPEX,5009,榮剛,32.9,32.9,32.4,32.55,1462274.0
2026-09-09,TPEX,5011,久陽,18.55,18.65,18.35,18.35,149019.0
2026-09-09,TPEX,5013,強新,28.3,28.3,27.6,28.15,14165.0
2026-09-09,TPEX,5014,建錩,10.0,10.0,9.82,9.97,304361.0
2026-09-09,TPEX,5015,華祺,22.1,22.1,22.1,22.1,2746.0
2026-09-09,TPEX,5016,松和,24.65,24.65,24.55,24.55,5000.0
2026-09-09,TPEX,5201,凱衛,27.65,29.65,27.65,29.35,435812.0
2026-09-09,TPEX,5202,力新,11.85,11.85,11.7,11.7,85302.0
2026-09-09,TPEX,5205,中茂,19.9,19.9,19.9,19.9,1469.0
2026-09-09,TPEX,5206,坤悅,23.3,23.3,23.1,23.15,87177.0
2026-09-09,TPEX,5209,新鼎,168.0,168.0,165.5,168.0,252675.0
2026-09-09,TPEX,5210,寶碩,28.6,28.6,28.25,28.45,117461.0
2026-09-09,TPEX,5211,蒙恬,19.9,21.15,19.9,21.15,528112.0
2026-09-09,TPEX,5212,凌網,46.2,46.3,46.2,46.3,6213.0
2026-09-09,TPEX,5213,亞昕,21.25,21.45,20.95,21.05,221885.0
2026-09-09,TPEX,5220,萬達光電,19.9,19.9,19.55,19.55,40021.0
2026-09-09,TPEX,5223,安力-KY,23.0,23.2,22.9,23.0,29002.0
2026-09-09,TPEX,5227,立凱-KY,29.5,31.7,29.5,31.3,406137.0
2026-09-09,TPEX,5228,鈺鎧,41.5,41.9,40.6,40.85,345325.0
2026-09-09,TPEX,5230,雷笛克光學,19.3,19.3,18.3,18.65,741303.0
2026-09-09,TPEX,5245,智晶,22.8,22.8,22.35,22.45,36305.0
2026-09-09,TPEX,5251,天鉞電,25.25,25.5,25.2,25.45,40904.0
2026-09-09,TPEX,5263,智崴,105.0,105.0,100.5,101.0,227027.0
2026-09-09,TPEX,5272,笙科,16.85,17.1,16.85,17.0,69481.0
2026-09-09,TPEX,5274,信驊,19565.0,19575.0,18100.0,18605.0,424297.0
2026-09-09,TPEX,5276,達輝-KY,,,,,10.0
2026-09-09,TPEX,5278,尚凡*,23.85,23.95,23.7,23.95,57889.0
2026-09-09,TPEX,5287,數字,135.0,136.0,134.0,135.5,105820.0
2026-09-09,TPEX,5289,宜鼎,1375.0,1395.0,1345.0,1355.0,1224986.0
2026-09-09,TPEX,5291,邑昇,63.0,63.2,60.3,61.9,1717389.0
2026-09-09,TPEX,5299,杰力,93.6,93.8,92.3,92.6,129221.0
2026-09-09,TPEX,5301,寶得利,5.32,5.35,5.32,5.35,14004.0
2026-09-09,TPEX,5302,太欣,10.0,10.05,9.8,9.95,802617.0
2026-09-09,TPEX,5309,系統電,51.2,51.6,50.6,51.1,690033.0
2026-09-09,TPEX,5310,天剛,23.5,24.15,23.5,24.15,2003.0
2026-09-09,TPEX,5312,寶島科,91.9,91.9,90.8,90.8,15379.0
2026-09-09,TPEX,5314,世紀*,42.55,42.55,39.4,42.55,49691103.0
2026-09-09,TPEX,5315,光聯,18.4,18.45,18.15,18.2,383212.0
2026-09-09,TPEX,5321,美而快,81.0,81.0,76.6,77.2,382727.0
2026-09-09,TPEX,5324,士開,12.2,12.3,12.2,12.3,125769.0
2026-09-09,TPEX,5328,華容,59.7,60.9,58.1,58.8,2022253.0
2026-09-09,TPEX,5340,建榮,84.0,88.8,83.5,84.8,9172438.0
2026-09-09,TPEX,5344,立衛,13.15,13.65,13.15,13.45,23095.0
2026-09-09,TPEX,5345,馥鴻,20.6,20.6,20.6,20.6,4569.0
2026-09-09,TPEX,5347,世界,154.0,159.5,152.5,157.0,13955300.0
2026-09-09,TPEX,5348,正能量智能,16.55,16.55,16.55,16.55,1553.0
2026-09-09,TPEX,5351,鈺創,117.5,119.5,116.0,118.0,9051147.0
2026-09-09,TPEX,5353,台林,27.25,27.85,27.25,27.75,27013.0
2026-09-09,TPEX,5355,佳總,5.76,5.89,5.72,5.89,51044.0
2026-09-09,TPEX,5356,協益,26.2,26.2,25.85,26.0,45689.0
2026-09-09,TPEX,5364,力麗店,8.33,8.45,8.29,8.39,27634.0
2026-09-09,TPEX,5381,光譜,24.0,24.1,23.7,23.75,399616.0
2026-09-09,TPEX,5386,青雲,283.0,283.0,283.0,283.0,737208.0
2026-09-09,TPEX,5392,能率,42.0,42.0,41.45,41.6,636300.0
2026-09-09,TPEX,5398,慕康生醫,14.25,14.25,14.15,14.15,34472.0
2026-09-09,TPEX,5403,中菲,93.0,93.5,92.8,92.8,28641.0
2026-09-09,TPEX,5410,國眾,34.95,35.4,34.95,35.2,205248.0
2026-09-09,TPEX,5425,台半,89.7,91.6,89.6,90.0,3622088.0
2026-09-09,TPEX,5426,振發,28.25,28.35,27.75,28.2,609851.0
2026-09-09,TPEX,5432,新門,167.5,167.5,156.0,157.0,184594.0
2026-09-09,TPEX,5438,東友,16.8,16.8,16.6,16.65,39339.0
2026-09-09,TPEX,5439,高技,257.5,266.5,257.5,264.5,1393068.0
2026-09-09,TPEX,5443,均豪,113.0,113.5,110.0,111.5,3073291.0
2026-09-09,TPEX,5450,南良,14.65,14.75,14.55,14.55,50830.0
2026-09-09,TPEX,5452,佶優,26.4,26.65,26.3,26.55,480196.0
2026-09-09,TPEX,5455,昇益,29.6,29.6,29.6,29.6,1500.0
2026-09-09,TPEX,5457,宣德,26.75,26.9,26.7,26.75,260722.0
2026-09-09,TPEX,5460,同協,17.25,17.25,16.6,16.95,265298.0
2026-09-09,TPEX,5464,霖宏,74.5,82.8,74.5,82.8,1672242.0
2026-09-09,TPEX,5465,富驊,24.1,24.5,24.1,24.4,68807.0
2026-09-09,TPEX,5468,凱鈺,26.2,26.7,26.2,26.7,348151.0
2026-09-09,TPEX,5474,聰泰,154.0,154.5,153.0,154.0,134446.0
2026-09-09,TPEX,5475,德宏,190.0,203.5,188.5,193.0,5810689.0
2026-09-09,TPEX,5478,智冠,97.4,97.4,97.2,97.4,41354.0
2026-09-09,TPEX,5481,新華,20.15,20.8,20.05,20.8,55272.0
2026-09-09,TPEX,5483,中美晶,182.0,182.5,179.5,181.0,4750544.0
2026-09-09,TPEX,5487,通泰,29.2,29.5,28.65,28.85,92353.0
2026-09-09,TPEX,5488,松普,11.7,11.85,11.45,11.75,586457.0
2026-09-09,TPEX,5489,彩富,41.7,41.7,40.65,41.05,15770.0
2026-09-09,TPEX,5490,同亨,25.85,25.95,25.65,25.85,325095.0
2026-09-09,TPEX,5493,三聯,83.2,84.2,83.0,84.1,35212.0
2026-09-09,TPEX,5498,凱崴,53.6,54.5,53.1,53.4,1025325.0
2026-09-09,TPEX,5508,永信建,53.6,54.4,53.4,53.8,135408.0
2026-09-09,TPEX,5511,德昌,69.2,70.6,69.2,70.5,124092.0
2026-09-09,TPEX,5512,力麒,7.74,7.8,7.71,7.76,573346.0
2026-09-09,TPEX,5514,三豐,14.75,15.1,14.5,15.1,312509.0
2026-09-09,TPEX,5516,雙喜,12.0,12.1,11.85,12.1,6580.0
2026-09-09,TPEX,5520,力泰,,,,,716.0
2026-09-09,TPEX,5523,豐謙,30.35,30.35,30.35,30.35,2001.0
2026-09-09,TPEX,5529,鉅陞,25.0,25.0,24.8,25.0,58898.0
2026-09-09,TPEX,5530,龍巖,49.65,49.65,48.9,49.0,210436.0
2026-09-09,TPEX,5536,聖暉*,857.0,881.0,852.0,862.0,577491.0
2026-09-09,TPEX,5543,桓鼎-KY,27.8,27.8,27.7,27.8,3209.0
2026-09-09,TPEX,5547,久舜,20.35,20.35,19.85,19.9,47639.0
2026-09-09,TPEX,5548,安倉,20.35,20.45,20.2,20.45,17000.0
2026-09-09,TPEX,5601,台聯櫃,,,,,0.0
2026-09-09,TPEX,5603,陸海,13.8,13.95,13.75,13.9,62383.0
2026-09-09,TPEX,5604,中連,31.75,31.75,31.6,31.65,8114.0
2026-09-09,TPEX,5609,中菲行,78.4,78.8,78.4,78.5,100442.0
2026-09-09,TPEX,5701,劍湖山,4.24,4.32,4.12,4.3,76197.0
2026-09-09,TPEX,5703,亞都,13.7,13.7,13.7,13.7,3073.0
2026-09-09,TPEX,5704,老爺知,23.0,23.2,23.0,23.05,11106.0
2026-09-09,TPEX,5864,致和證,37.35,37.45,36.15,36.3,3198829.0
2026-09-09,TPEX,5878,台名,38.05,38.2,38.05,38.15,4010.0
2026-09-09,TPEX,5902,德記,33.75,34.4,33.75,34.3,136372.0
2026-09-09,TPEX,5903,全家,185.0,185.0,184.5,184.5,16148.0
2026-09-09,TPEX,5904,寶雅*,71.7,73.3,71.4,72.9,5017390.0
2026-09-09,TPEX,5905,南仁湖,7.55,7.6,7.49,7.51,759103.0
2026-09-09,TPEX,6015,宏遠證,18.2,18.2,17.25,17.45,5649199.0
2026-09-09,TPEX,6016,康和證,23.35,23.35,22.55,22.9,7467493.0
2026-09-09,TPEX,6020,大展證,20.8,20.8,20.7,20.7,8020.0
2026-09-09,TPEX,6021,美好證,42.1,42.85,42.1,42.7,359495.0
2026-09-09,TPEX,6023,元大期,83.1,85.5,82.8,85.5,2023040.0
2026-09-09,TPEX,6026,福邦證,15.4,15.4,15.15,15.2,858386.0
2026-09-09,TPEX,6028,公勝保經,95.3,95.8,95.3,95.8,5395.0
2026-09-09,TPEX,6101,寬魚國際,36.8,38.0,36.45,37.05,321980.0
2026-09-09,TPEX,6103,合邦,34.45,35.3,33.45,33.45,10200.0
2026-09-09,TPEX,6104,創惟,92.7,93.9,92.5,93.2,279543.0
2026-09-09,TPEX,6109,亞元,10.6,10.75,10.55,10.65,131205.0
2026-09-09,TPEX,6111,光聚晶電,35.9,36.55,35.9,36.2,74966.0
2026-09-09,TPEX,6113,亞矽,22.85,23.1,22.5,22.5,117268.0
2026-09-09,TPEX,6114,久威,24.75,24.75,24.5,24.6,14402.0
2026-09-09,TPEX,6118,建達,15.2,15.2,15.1,15.1,57370.0
2026-09-09,TPEX,6121,新普,381.0,383.5,377.5,383.0,376405.0
2026-09-09,TPEX,6122,擎邦,50.8,51.0,49.5,50.5,317921.0
2026-09-09,TPEX,6123,上奇,43.3,43.3,42.8,42.85,71493.0
2026-09-09,TPEX,6124,業強,27.5,27.5,26.55,26.7,35917.0
2026-09-09,TPEX,6125,廣運,49.6,50.3,49.6,50.0,593858.0
2026-09-09,TPEX,6126,信音,28.7,29.1,28.7,28.85,342708.0
2026-09-09,TPEX,6127,九豪,48.5,51.9,48.1,51.8,3632618.0
2026-09-09,TPEX,6130,上亞科技,24.75,24.95,24.5,24.65,76307.0
2026-09-09,TPEX,6134,萬旭,27.85,28.8,27.85,28.5,176515.0
2026-09-09,TPEX,6138,茂達,275.5,279.0,272.0,272.5,398178.0
2026-09-09,TPEX,6140,訊達,16.4,16.4,16.1,16.2,42918.0
2026-09-09,TPEX,6143,振曜,84.3,84.3,83.3,83.6,338502.0
2026-09-09,TPEX,6144,得利影,13.15,13.25,12.95,13.25,6118.0
2026-09-09,TPEX,6146,耕興,180.0,182.5,180.0,181.0,192005.0
2026-09-09,TPEX,6147,頎邦,189.0,203.0,189.0,198.0,48460385.0
2026-09-09,TPEX,6148,驊宏資,27.55,28.55,27.55,28.35,71713.0
2026-09-09,TPEX,6150,撼訊,58.8,62.3,58.8,60.8,296253.0
2026-09-09,TPEX,6151,晉倫,34.75,35.0,34.4,34.85,89528.0
2026-09-09,TPEX,6154,順發,14.1,14.1,13.85,14.0,10919.0
2026-09-09,TPEX,6156,松上,20.2,20.65,20.2,20.55,321063.0
2026-09-09,TPEX,6158,禾昌,16.95,17.0,16.85,17.0,32315.0
2026-09-09,TPEX,6160,欣技,14.4,14.55,14.25,14.45,24558.0
2026-09-09,TPEX,6161,捷波,50.4,51.0,50.3,50.8,63862.0
2026-09-09,TPEX,6163,華電網,40.5,40.65,40.3,40.35,184539.0
2026-09-09,TPEX,6167,久正,10.3,10.3,10.2,10.2,79130.0
2026-09-09,TPEX,6169,昱泉,,,,,123.0
2026-09-09,TPEX,6170,統振,47.95,48.4,47.95,48.1,468485.0
2026-09-09,TPEX,6171,大城地產,26.55,26.6,25.9,25.9,46250.0
2026-09-09,TPEX,6173,信昌電,278.0,281.5,267.0,268.5,12569493.0
2026-09-09,TPEX,6174,安碁,44.0,45.0,42.75,43.0,676027.0
2026-09-09,TPEX,6175,立敦,70.6,71.4,70.0,71.0,436715.0
2026-09-09,TPEX,6179,亞通,33.05,36.4,32.5,36.4,25974408.0
2026-09-09,TPEX,6180,橘子,41.5,41.5,40.95,41.0,255414.0
2026-09-09,TPEX,6182,合晶,110.0,112.5,109.0,110.5,19886201.0
2026-09-09,TPEX,6185,幃翔,12.75,12.95,12.7,12.9,242743.0
2026-09-09,TPEX,6186,新潤,30.55,30.75,30.15,30.5,639654.0
2026-09-09,TPEX,6187,萬潤,1410.0,1425.0,1325.0,1330.0,2967561.0
2026-09-09,TPEX,6188,廣明,65.0,65.2,64.3,64.4,667979.0
2026-09-09,TPEX,6190,萬泰科,66.4,69.4,66.4,69.0,1739978.0
2026-09-09,TPEX,6194,育富,29.8,29.9,29.75,29.9,28917.0
2026-09-09,TPEX,6195,詩肯,27.8,28.0,27.8,28.0,35511.0
2026-09-09,TPEX,6198,瑞築,,,,,4.0
2026-09-09,TPEX,6199,天品,96.5,97.7,96.1,97.1,1367516.0
2026-09-09,TPEX,6203,海韻電,60.2,60.4,60.0,60.0,73066.0
2026-09-09,TPEX,6204,艾華,88.5,89.7,87.0,87.0,78293.0
2026-09-09,TPEX,6207,雷科,115.5,119.5,112.0,116.0,8990561.0
2026-09-09,TPEX,6208,日揚,76.5,79.3,76.5,78.8,236747.0
2026-09-09,TPEX,6210,慶生,17.5,17.5,17.5,17.5,6056.0
2026-09-09,TPEX,6212,理銘,31.3,31.4,30.55,31.4,4927.0
2026-09-09,TPEX,6217,中探針,179.0,186.0,178.0,180.0,2646109.0
2026-09-09,TPEX,6218,豪勉,46.7,48.95,46.15,46.9,4923076.0
2026-09-09,TPEX,6219,富旺,12.15,12.2,12.1,12.1,93334.0
2026-09-09,TPEX,6220,岳豐,25.5,25.8,25.5,25.65,49144.0
2026-09-09,TPEX,6221,晉泰,21.1,21.3,21.0,21.15,72710.0
2026-09-09,TPEX,6222,立軒,20.35,20.4,20.05,20.05,6001.0
2026-09-09,TPEX,6223,旺矽,6060.0,6060.0,5540.0,5615.0,1576583.0
2026-09-09,TPEX,6227,茂綸,114.0,118.0,113.0,117.0,414360.0
2026-09-09,TPEX,6228,全譜,,,,,0.0
2026-09-09,TPEX,6229,研通,24.2,24.2,23.65,23.65,29406.0
2026-09-09,TPEX,6231,系微,242.5,243.0,226.5,226.5,1080045.0
2026-09-09,TPEX,6233,旺玖,20.3,20.8,20.3,20.35,54877.0
2026-09-09,TPEX,6234,高僑,35.7,36.7,34.95,35.0,357532.0
2026-09-09,TPEX,6236,中湛,,,,,1.0
2026-09-09,TPEX,6237,驊訊,33.95,34.0,33.55,33.6,113078.0
2026-09-09,TPEX,6240,松崗,22.5,22.9,21.3,22.2,49051.0
2026-09-09,TPEX,6241,鑫永洋,15.85,15.85,15.1,15.35,22827.0
2026-09-09,TPEX,6242,立康,34.1,34.1,34.1,34.1,3339.0
2026-09-09,TPEX,6244,茂迪,22.9,23.15,22.75,23.0,1160912.0
2026-09-09,TPEX,6245,立端,79.7,81.5,79.7,81.5,670584.0
2026-09-09,TPEX,6246,臺龍,13.4,13.4,13.1,13.2,11675.0
2026-09-09,TPEX,6248,沛波,16.85,16.95,16.75,16.95,119030.0
2026-09-09,TPEX,6259,百徽,29.1,29.55,28.7,29.0,172376.0
2026-09-09,TPEX,6261,久元,78.2,79.9,78.2,78.8,327775.0
2026-09-09,TPEX,6263,普萊德,161.0,161.0,155.5,157.0,196837.0
2026-09-09,TPEX,6264,富裔,5.95,6.0,5.92,6.0,37507.0
2026-09-09,TPEX,6265,方土昶,54.1,54.3,53.0,53.1,1990076.0
2026-09-09,TPEX,6266,泰詠,25.2,25.2,24.85,25.0,278027.0
2026-09-09,TPEX,6270,倍微,28.8,28.95,28.55,28.6,169718.0
2026-09-09,TPEX,6274,台燿,1360.0,1405.0,1315.0,1345.0,8536351.0
2026-09-09,TPEX,6275,元山,45.6,45.65,45.1,45.6,128443.0
2026-09-09,TPEX,6276,安鈦克,20.7,20.8,20.05,20.6,38729.0
2026-09-09,TPEX,6279,胡連,113.5,113.5,112.0,112.5,373825.0
2026-09-09,TPEX,6284,佳邦,77.6,78.5,77.1,77.6,449465.0
2026-09-09,TPEX,6290,良維,272.5,284.0,271.0,275.0,5190074.0
2026-09-09,TPEX,6291,沛亨,474.0,506.0,473.5,480.0,2654098.0
2026-09-09,TPEX,6292,迅德,66.1,66.5,65.6,66.3,417129.0
2026-09-09,TPEX,6294,智基,29.8,29.8,28.7,28.75,11994.0
2026-09-09,TPEX,6411,晶焱,78.8,79.5,78.5,79.0,137480.0
2026-09-09,TPEX,6417,韋僑,105.0,107.5,104.0,106.0,33653.0
2026-09-09,TPEX,6418,詠昇,33.7,35.2,33.65,35.0,156879.0
2026-09-09,TPEX,6419,京晨科,150.0,155.5,149.5,155.0,142565.0
2026-09-09,TPEX,6423,億而得,83.8,85.0,82.4,84.9,46545.0
2026-09-09,TPEX,6425,易發,62.7,66.1,62.4,65.8,1015630.0
2026-09-09,TPEX,6432,今展科,57.1,57.8,56.2,56.4,382477.0
2026-09-09,TPEX,6435,大中,249.5,253.0,244.0,245.5,194399.0
2026-09-09,TPEX,6441,廣錠,23.0,24.9,22.95,23.75,1014557.0
2026-09-09,TPEX,6461,益得,29.4,29.4,24.85,25.75,260317.0
2026-09-09,TPEX,6462,神盾,99.8,101.0,99.5,100.0,306250.0
2026-09-09,TPEX,6465,威潤,44.65,44.65,42.6,43.9,239333.0
2026-09-09,TPEX,6469,大樹,67.7,67.8,67.2,67.5,187191.0
2026-09-09,TPEX,6470,宇智,41.7,43.9,41.7,43.45,105775.0
2026-09-09,TPEX,6474,華豫寧,36.8,36.85,36.4,36.5,20020.0
2026-09-09,TPEX,6482,弘煜科,24.1,24.25,24.1,24.2,26087.0
2026-09-09,TPEX,6485,點序,60.4,61.4,60.1,60.8,102010.0
2026-09-09,TPEX,6486,互動,82.1,82.1,80.8,81.2,167329.0
2026-09-09,TPEX,6488,環球晶,961.0,965.0,946.0,955.0,4488526.0
2026-09-09,TPEX,6492,生華科,34.25,34.25,33.85,34.0,115152.0
2026-09-09,TPEX,6494,九齊,52.4,52.5,51.2,51.3,228369.0
2026-09-09,TPEX,6496,科懋,24.05,24.3,24.05,24.3,2549.0
2026-09-09,TPEX,6498,久禾光,70.5,72.3,70.5,70.9,171978.0
2026-09-09,TPEX,6499,益安,72.0,73.2,71.1,71.6,207999.0
2026-09-09,TPEX,6506,雙邦,18.3,18.3,18.2,18.25,49050.0
2026-09-09,TPEX,6508,惠光,25.5,25.55,25.15,25.25,26497.0
2026-09-09,TPEX,6509,聚和,45.6,45.85,45.35,45.8,550242.0
2026-09-09,TPEX,6510,精測,3810.0,3935.0,3570.0,3610.0,1853358.0
2026-09-09,TPEX,6512,啟發電,20.2,20.5,20.2,20.5,3946.0
2026-09-09,TPEX,6516,勤崴國際,57.3,57.7,56.4,56.9,34876.0
2026-09-09,TPEX,6517,保勝光學,65.9,67.5,65.2,66.8,192585.0
2026-09-09,TPEX,6523,達爾膚,89.2,89.6,89.1,89.6,14056.0
2026-09-09,TPEX,6527,明達醫,74.5,77.0,74.1,76.1,119418.0
2026-09-09,TPEX,6530,創威,100.5,103.0,95.1,96.0,3879527.0
2026-09-09,TPEX,6532,瑞耘,99.5,100.5,97.7,99.8,865001.0
2026-09-09,TPEX,6535,順藥,80.7,83.5,78.7,81.9,355293.0
2026-09-09,TPEX,6538,倉和,320.0,353.0,316.5,349.0,1171967.0
2026-09-09,TPEX,6542,隆中,,,,,135.0
2026-09-09,TPEX,6546,正基,61.6,61.6,60.5,60.7,180570.0
2026-09-09,TPEX,6547,高端疫苗,64.1,68.3,63.6,68.1,6659170.0
2026-09-09,TPEX,6548,長科*,70.6,72.7,70.6,71.7,1700689.0
2026-09-09,TPEX,6556,勝品,61.0,61.2,61.0,61.0,3318.0
2026-09-09,TPEX,6560,欣普羅,30.5,31.0,30.1,30.65,37134.0
2026-09-09,TPEX,6561,是方,319.5,320.0,317.5,317.5,60442.0
2026-09-09,TPEX,6568,宏觀,136.0,137.0,134.0,136.5,49538.0
2026-09-09,TPEX,6569,醫揚,90.7,91.3,89.8,90.0,71518.0
2026-09-09,TPEX,6570,維田,48.5,49.4,48.45,48.45,50304.0
2026-09-09,TPEX,6574,霈方,119.0,119.0,118.0,119.0,19319.0
2026-09-09,TPEX,6576,逸達,81.5,82.2,80.5,81.5,146873.0
2026-09-09,TPEX,6577,勁豐,79.0,79.9,77.5,78.3,154750.0
2026-09-09,TPEX,6578,達邦蛋白,18.2,18.2,17.85,17.95,16015.0
2026-09-09,TPEX,6584,南俊國際,582.0,600.0,582.0,586.0,596725.0
2026-09-09,TPEX,6588,東典光電,114.5,118.5,111.5,115.0,2721930.0
2026-09-09,TPEX,6590,普鴻,58.7,59.0,58.7,59.0,3648.0
2026-09-09,TPEX,6593,台灣銘板,31.85,32.0,31.8,31.8,26649.0
2026-09-09,TPEX,6596,寬宏藝術,94.8,95.3,94.8,95.0,48275.0
2026-09-09,TPEX,6597,立誠,68.2,73.0,68.2,73.0,7100.0
2026-09-09,TPEX,6603,富強鑫,25.0,25.2,24.75,24.95,624554.0
2026-09-09,TPEX,6609,瀧澤科,39.4,39.95,39.25,39.7,145229.0
2026-09-09,TPEX,6612,奈米醫材,70.0,71.5,69.8,70.0,25476.0
2026-09-09,TPEX,6613,朋億*,260.0,264.5,258.5,264.5,168488.0
2026-09-09,TPEX,6615,慧智,34.05,34.05,33.8,33.8,5616.0
2026-09-09,TPEX,6616,特昇-KY,8.15,8.5,8.15,8.5,45001.0
2026-09-09,TPEX,6617,共信-KY,130.5,133.0,128.0,131.0,1015800.0
2026-09-09,TPEX,6620,漢達,127.5,132.0,127.0,132.0,2934864.0
2026-09-09,TPEX,6624,萬年清,40.45,40.45,40.45,40.45,1048.0
2026-09-09,TPEX,6629,泰金-KY,108.0,108.0,106.0,106.5,6361.0
2026-09-09,TPEX,6637,醫影,54.1,54.9,54.0,54.2,22514.0
2026-09-09,TPEX,6640,均華,1215.0,1270.0,1140.0,1200.0,582734.0
2026-09-09,TPEX,6642,富致,76.2,78.1,76.2,77.2,112283.0
2026-09-09,TPEX,6643,M31,445.5,446.0,432.5,433.0,454617.0
2026-09-09,TPEX,6649,台生材,36.05,36.05,35.45,35.65,43302.0
2026-09-09,TPEX,6651,全宇昕,141.5,143.0,140.0,142.0,77379.0
2026-09-09,TPEX,6654,天正國際,225.5,225.5,206.0,206.0,74082.0
2026-09-09,TPEX,6661,威健生技,16.65,17.15,16.65,17.15,3000.0
2026-09-09,TPEX,6662,樂斯科,28.8,29.5,28.25,29.1,5291.0
2026-09-09,TPEX,6664,群翊,360.0,366.5,353.5,353.5,393282.0
2026-09-09,TPEX,6667,信紘科,252.0,253.5,248.0,250.5,235911.0
2026-09-09,TPEX,6679,鈺太,199.0,200.0,197.0,199.5,187543.0
2026-09-09,TPEX,6680,鑫創電子,50.4,54.3,50.4,53.3,4032.0
2026-09-09,TPEX,6683,雍智科技,1435.0,1505.0,1350.0,1370.0,1285555.0
2026-09-09,TPEX,6684,安格,44.85,45.8,44.85,45.8,50953.0
2026-09-09,TPEX,6690,安碁資訊,162.0,162.5,161.5,161.5,17624.0
2026-09-09,TPEX,6692,進能服,23.0,23.8,23.0,23.8,2150.0
2026-09-09,TPEX,6693,廣閎科,185.5,187.5,181.0,182.0,983136.0
2026-09-09,TPEX,6697,東捷資訊,40.55,40.55,40.3,40.4,11607.0
2026-09-09,TPEX,6703,軒郁,101.5,101.5,100.5,100.5,88129.0
2026-09-09,TPEX,6708,天擎,38.0,38.0,37.25,37.8,16065.0
2026-09-09,TPEX,6712,長聖,156.0,159.5,155.0,158.0,252108.0
2026-09-09,TPEX,6716,應廣,118.0,123.0,118.0,119.5,717285.0
2026-09-09,TPEX,6720,久昌,130.0,131.0,128.0,131.0,17037.0
2026-09-09,TPEX,6721,信實,,,,,359.0
2026-09-09,TPEX,6725,矽科宏晟,223.0,228.0,223.0,226.5,45734.0
2026-09-09,TPEX,6727,亞泰金屬,526.0,540.0,499.5,508.0,1545159.0
2026-09-09,TPEX,6728,上洋,109.0,109.0,108.0,108.0,38211.0
2026-09-09,TPEX,6730,常廣,31.9,32.05,31.75,32.0,29454.0
2026-09-09,TPEX,6732,昇佳電子,146.0,147.5,146.0,147.5,65007.0
2026-09-09,TPEX,6733,博晟生醫,25.85,26.1,25.7,25.9,63392.0
2026-09-09,TPEX,6735,美達科技,62.0,63.1,61.9,61.9,103946.0
2026-09-09,TPEX,6739,竹陞科技,1165.0,1215.0,1150.0,1200.0,436786.0
2026-09-09,TPEX,6741,91APP*-KY,59.7,60.0,59.4,59.6,95875.0
2026-09-09,TPEX,6751,智聯服務,41.5,41.5,40.9,41.25,7560.0
2026-09-09,TPEX,6752,叡揚,97.1,97.1,97.1,97.1,2400.0
2026-09-09,TPEX,6761,穩得,175.0,180.5,175.0,179.5,165879.0
2026-09-09,TPEX,6762,達亞,156.5,168.0,156.5,168.0,9371.0
2026-09-09,TPEX,6763,綠界科技*,41.4,42.0,40.7,40.9,176032.0
2026-09-09,TPEX,6767,台微醫,25.0,25.0,24.5,24.5,14000.0
2026-09-09,TPEX,6785,昱展新藥,94.0,96.0,92.4,94.6,55163.0
2026-09-09,TPEX,6788,華景電,343.0,358.5,335.5,347.0,798043.0
2026-09-09,TPEX,6791,虎門科技,100.0,100.0,98.9,99.1,4268.0
2026-09-09,TPEX,6803,崑鼎,269.0,269.0,268.0,269.0,87469.0
2026-09-09,TPEX,6804,明係,17.85,18.2,17.85,18.15,110081.0
2026-09-09,TPEX,6811,宏碁資訊,224.0,224.0,222.5,223.0,52479.0
2026-09-09,TPEX,6821,聯寶,40.2,41.8,40.0,40.2,155536.0
2026-09-09,TPEX,6823,濾能,60.2,61.3,60.1,61.0,28120.0
2026-09-09,TPEX,6829,千附精密,249.5,264.0,247.0,254.0,2053623.0
2026-09-09,TPEX,6840,東研信超,93.2,95.6,91.2,95.6,453194.0
2026-09-09,TPEX,6841,長佳智能,53.3,53.8,53.0,53.1,100903.0
2026-09-09,TPEX,6843,進典,38.45,38.5,37.85,37.85,25225.0
2026-09-09,TPEX,6844,諾貝兒,59.8,59.9,59.5,59.9,15022.0
2026-09-09,TPEX,6846,綠茵,58.7,58.7,58.7,58.7,1112.0
2026-09-09,TPEX,6855,數泓科,120.0,120.0,119.5,120.0,8224.0
2026-09-09,TPEX,6856,鑫傳,41.4,41.4,41.4,41.4,2050.0
2026-09-09,TPEX,6859,伯特光,113.5,120.0,113.5,117.5,90614.0
2026-09-09,TPEX,6865,偉康科技,24.45,26.25,24.45,25.8,14101.0
2026-09-09,TPEX,6870,騰雲,293.0,298.5,288.5,289.0,115278.0
2026-09-09,TPEX,6872,浩宇生醫,24.6,24.6,24.6,24.6,413712.0
2026-09-09,TPEX,6874,倍力,68.3,68.6,68.2,68.6,14276.0
2026-09-09,TPEX,6875,國邑*,32.0,32.5,32.0,32.0,93074.0
2026-09-09,TPEX,6877,鏵友益,118.0,119.0,116.0,117.5,53120.0
2026-09-09,TPEX,6881,潤德,213.0,213.0,213.0,213.0,1168.0
2026-09-09,TPEX,6884,海柏特,30.5,30.7,30.5,30.7,14599.0
2026-09-09,TPEX,6894,衛司特,334.5,341.0,331.0,338.0,38983.0
2026-09-09,TPEX,6895,宏碩系統,152.0,155.0,150.0,154.5,12501.0
2026-09-09,TPEX,6899,創為精密,49.8,49.85,49.8,49.8,4010.0
2026-09-09,TPEX,6903,巨漢,311.0,319.0,311.0,316.0,199418.0
2026-09-09,TPEX,6904,伯鑫,,,,,16.0
2026-09-09,TPEX,6907,雅特力-KY,202.0,204.5,194.0,195.5,3713159.0
2026-09-09,TPEX,6910,德鴻,25.0,25.0,24.6,24.6,8126.0
2026-09-09,TPEX,6913,鴻呈,132.5,133.0,130.5,131.0,353375.0
2026-09-09,TPEX,6922,宸曜,196.0,198.5,193.0,196.5,96676.0
2026-09-09,TPEX,6925,意藍,49.35,49.4,49.25,49.25,13382.0
2026-09-09,TPEX,6929,佑全,21.2,22.35,21.0,22.35,14000.0
2026-09-09,TPEX,6945,圓祥生技,97.2,97.2,95.4,95.4,72492.0
2026-09-09,TPEX,6953,家碩,250.0,257.5,247.5,247.5,241830.0
2026-09-09,TPEX,6961,旅天下,49.5,49.5,49.45,49.5,35451.0
2026-09-09,TPEX,6967,汎瑋材料,68.7,68.7,65.0,66.0,295368.0
2026-09-09,TPEX,6968,萬達寵物,41.7,41.75,41.4,41.75,17096.0
2026-09-09,TPEX,6971,惠民實業,25.0,25.1,24.55,25.0,66090.0
2026-09-09,TPEX,6982,大井泵浦,44.0,45.95,44.0,45.0,17446.0
2026-09-09,TPEX,6983,華洋精機,349.5,364.0,349.5,351.5,77782.0
2026-09-09,TPEX,6986,和迅,41.0,41.0,40.05,40.75,65300.0
2026-09-09,TPEX,6996,力領科技,170.0,171.0,169.5,170.5,52073.0
2026-09-09,TPEX,6997,博弘,68.2,68.2,68.0,68.0,4000.0
2026-09-09,TPEX,7402,邑錡,103.0,103.0,101.5,102.0,143459.0
2026-09-09,TPEX,7547,碩網,49.5,49.5,48.55,49.25,18295.0
2026-09-09,TPEX,7556,意德士,264.0,264.0,254.0,255.0,43224.0
2026-09-09,TPEX,7584,樂意,27.45,27.45,26.3,26.4,7086.0
2026-09-09,TPEX,7642,昶瑞機電,75.0,77.3,74.9,77.3,7067.0
2026-09-09,TPEX,7703,銳澤,202.0,206.0,202.0,205.5,176215.0
2026-09-09,TPEX,7704,明遠精密,61.0,61.4,60.0,61.1,47392.0
2026-09-09,TPEX,7708,全家餐飲,92.3,92.3,92.3,92.3,1122.0
2026-09-09,TPEX,7709,榮田,92.4,92.9,88.2,91.5,504790.0
2026-09-09,TPEX,7712,博盛半導體,152.0,152.0,150.0,151.0,94489.0
2026-09-09,TPEX,7713,威力德生醫,74.0,74.0,73.9,73.9,3229.0
2026-09-09,TPEX,7714,創泓科技,158.5,159.5,156.0,158.5,126881.0
2026-09-09,TPEX,7715,裕山,29.0,29.0,28.3,28.65,18319.0
2026-09-09,TPEX,7716,昱臺國際,23.85,23.85,23.3,23.75,3000.0
2026-09-09,TPEX,7717,萊德光電-KY,476.0,512.0,472.0,509.0,1387634.0
2026-09-09,TPEX,7718,友鋮,46.6,46.6,46.2,46.55,15100.0
2026-09-09,TPEX,7723,築間,18.6,19.1,18.5,19.0,71671.0
2026-09-09,TPEX,7728,光焱科技,618.0,627.0,611.0,627.0,12924.0
2026-09-09,TPEX,7734,印能科技,2965.0,3020.0,2910.0,2980.0,183691.0
2026-09-09,TPEX,7738,東聯互動,171.0,171.0,164.0,165.0,33880.0
2026-09-09,TPEX,7743,金利食安,22.6,22.6,21.5,21.95,25020.0
2026-09-09,TPEX,7744,崴寶,526.0,537.0,517.0,529.0,149481.0
2026-09-09,TPEX,7747,昕奇雲端,112.0,112.0,112.0,112.0,1013.0
2026-09-09,TPEX,7751,竑騰,1585.0,1640.0,1585.0,1610.0,212127.0
2026-09-09,TPEX,7753,星亞,36.6,36.65,36.6,36.65,4677.0
2026-09-09,TPEX,7757,金色三麥,89.8,89.9,89.8,89.9,6128.0
2026-09-09,TPEX,7767,仁大資訊,45.0,45.0,44.65,44.9,37075.0
2026-09-09,TPEX,7770,君曜,34.5,37.1,34.5,37.0,35865.0
2026-09-09,TPEX,7772,耀穎,144.0,144.0,122.0,130.0,1635127.0
2026-09-09,TPEX,7777,能率亞洲,38.0,38.4,37.5,38.2,686961.0
2026-09-09,TPEX,7782,光速火箭,25.85,25.85,25.05,25.65,21074.0
2026-09-09,TPEX,7792,安葆,317.0,328.5,312.5,322.5,468050.0
2026-09-09,TPEX,7794,宏碁智新,32.6,33.0,32.3,32.5,87808.0
2026-09-09,TPEX,7805,威聯通,507.0,511.0,506.0,510.0,41933.0
2026-09-09,TPEX,7810,捷創科技,221.5,224.5,209.0,223.0,153789.0
2026-09-09,TPEX,7811,民盛,73.5,74.2,73.5,74.0,33018.0
2026-09-09,TPEX,7814,海昌生技,29.95,29.95,28.95,29.1,10200.0
2026-09-09,TPEX,7819,精誠金融,34.5,34.6,34.2,34.25,37394.0
2026-09-09,TPEX,7820,立盈,118.5,118.5,117.5,117.5,2010.0
2026-09-09,TPEX,7828,創新服務,2130.0,2230.0,2035.0,2080.0,747855.0
2026-09-09,TPEX,7839,達人網,43.5,43.7,42.25,43.0,10000.0
2026-09-09,TPEX,7842,天能綠電,96.1,100.5,96.1,99.9,48512.0
2026-09-09,TPEX,8024,佑華,13.8,13.8,12.85,13.15,58502.0
2026-09-09,TPEX,8027,鈦昇,180.0,184.5,177.0,178.0,2571073.0
2026-09-09,TPEX,8032,光菱,35.2,35.9,35.2,35.2,55852.0
2026-09-09,TPEX,8034,榮群,21.05,21.05,20.3,20.3,78890.0
2026-09-09,TPEX,8038,長園科,30.6,31.0,30.6,30.8,79885.0
2026-09-09,TPEX,8040,九暘,78.1,81.4,77.8,79.2,1524698.0
2026-09-09,TPEX,8042,金山電,115.0,117.0,112.0,112.5,4917054.0
2026-09-09,TPEX,8043,蜜望實,136.5,146.0,136.5,140.0,2884095.0
2026-09-09,TPEX,8044,網家,23.55,23.6,23.25,23.4,271084.0
2026-09-09,TPEX,8047,星雲,42.1,46.0,41.3,46.0,84010.0
2026-09-09,TPEX,8048,德勝,50.4,50.8,49.95,50.4,83293.0
2026-09-09,TPEX,8049,晶采,24.4,24.55,24.35,24.55,84223.0
2026-09-09,TPEX,8050,廣積,55.1,56.1,54.9,55.8,425248.0
2026-09-09,TPEX,8054,安國,83.2,84.1,82.6,83.5,599351.0
2026-09-09,TPEX,8059,凱碩,13.4,13.45,13.25,13.4,143667.0
2026-09-09,TPEX,8064,東捷,130.0,141.5,121.5,134.0,31387207.0
2026-09-09,TPEX,8066,來思達,14.45,14.5,14.3,14.45,17046.0
2026-09-09,TPEX,8067,志旭,12.1,12.2,12.1,12.2,2001.0
2026-09-09,TPEX,8068,全達,16.75,16.8,16.55,16.6,73341.0
2026-09-09,TPEX,8069,元太,149.5,153.5,149.5,149.5,5643004.0
2026-09-09,TPEX,8071,能率網通,22.4,23.0,22.1,22.85,719648.0
2026-09-09,TPEX,8074,鉅橡,52.0,53.3,52.0,52.1,324667.0
2026-09-09,TPEX,8076,伍豐,21.95,22.0,21.8,21.85,427174.0
2026-09-09,TPEX,8077,洛碁,43.5,43.5,43.5,43.5,2000.0
2026-09-09,TPEX,8080,泰霖,28.25,28.5,28.2,28.5,4829.0
2026-09-09,TPEX,8083,瑞穎,157.5,158.0,157.5,158.0,19112.0
2026-09-09,TPEX,8084,巨虹,45.95,45.95,44.75,45.4,701072.0
2026-09-09,TPEX,8085,福華,15.1,15.2,14.9,15.05,280022.0
2026-09-09,TPEX,8086,宏捷科,111.5,114.5,111.5,113.5,1964486.0
2026-09-09,TPEX,8087,麗升能源,26.2,26.55,26.15,26.5,6007.0
2026-09-09,TPEX,8088,品安,43.85,43.85,43.0,43.25,270251.0
2026-09-09,TPEX,8089,康全電訊,17.7,18.5,17.3,18.1,505949.0
2026-09-09,TPEX,8091,翔名,218.0,222.0,212.0,212.0,693662.0
2026-09-09,TPEX,8092,建暐,13.05,13.05,12.7,12.75,14172.0
2026-09-09,TPEX,8093,保銳,25.7,26.6,25.55,26.15,45782.0
2026-09-09,TPEX,8096,擎亞,99.0,103.0,98.0,99.9,4592879.0
2026-09-09,TPEX,8097,常珵,48.2,48.95,48.0,48.65,132215.0
2026-09-09,TPEX,8099,大世科,59.0,59.0,58.4,59.0,32384.0
2026-09-09,TPEX,8102,傑霖科技,63.1,64.2,62.6,63.1,52055.0
2026-09-09,TPEX,8107,大億金茂,12.3,12.4,12.3,12.3,10205.0
2026-09-09,TPEX,8109,博大,128.0,129.5,127.5,129.5,96720.0
2026-09-09,TPEX,8111,立碁,70.1,72.9,69.6,72.0,11415802.0
2026-09-09,TPEX,8121,越峰,27.35,27.35,26.85,26.95,400968.0
2026-09-09,TPEX,8147,正淩,135.5,138.0,134.0,134.5,174974.0
2026-09-09,TPEX,8155,博智,344.5,350.0,341.5,348.0,263370.0
2026-09-09,TPEX,8171,天宇,19.7,20.5,19.7,20.0,330921.0
2026-09-09,TPEX,8176,智捷,9.8,9.81,9.76,9.76,14541.0
2026-09-09,TPEX,8182,加高,39.95,40.6,39.05,39.3,478342.0
2026-09-09,TPEX,8183,精星,28.7,29.7,28.5,28.75,569590.0
2026-09-09,TPEX,8227,巨有科技,183.0,198.0,178.5,198.0,7371703.0
2026-09-09,TPEX,8234,新漢,67.5,67.6,65.5,65.6,767658.0
2026-09-09,TPEX,8240,華宏,52.3,53.8,51.4,52.3,1150911.0
2026-09-09,TPEX,8255,朋程,139.5,141.0,137.5,138.5,389368.0
2026-09-09,TPEX,8272,全景軟體,62.5,63.5,62.5,63.0,10820.0
2026-09-09,TPEX,8277,商丞,7.75,8.1,7.75,8.05,312306.0
2026-09-09,TPEX,8279,生展,78.0,79.0,77.7,79.0,26133.0
2026-09-09,TPEX,8284,三竹,66.2,66.6,66.2,66.6,4166.0
2026-09-09,TPEX,8289,泰藝,43.75,44.5,43.25,43.35,269107.0
2026-09-09,TPEX,8291,尚茂,30.0,30.0,29.2,29.95,30526.0
2026-09-09,TPEX,8299,群聯,2100.0,2125.0,2070.0,2085.0,2025347.0
2026-09-09,TPEX,8342,益張,87.0,87.0,85.0,85.0,4218.0
2026-09-09,TPEX,8349,恒耀,38.95,38.95,38.2,38.5,138153.0
2026-09-09,TPEX,8354,冠好,17.2,17.35,16.8,17.35,65145.0
2026-09-09,TPEX,8358,金居,534.0,535.0,519.0,526.0,3448186.0
2026-09-09,TPEX,8383,千附,66.4,70.2,66.4,68.1,3176400.0
2026-09-09,TPEX,8390,金益鼎,98.4,98.6,97.0,97.8,307996.0
2026-09-09,TPEX,8401,白紗科,22.75,22.85,22.5,22.75,89965.0
2026-09-09,TPEX,8403,盛弘,19.0,19.1,18.85,18.95,36450.0
2026-09-09,TPEX,8409,商之器,18.3,18.3,18.3,18.3,1206.0
2026-09-09,TPEX,8410,森田,29.3,29.3,29.3,29.3,1162.0
2026-09-09,TPEX,8415,大國鋼,36.85,37.05,36.65,36.7,447134.0
2026-09-09,TPEX,8416,實威,168.5,170.0,168.5,170.0,4615.0
2026-09-09,TPEX,8421,旭源,12.75,12.9,12.65,12.9,128491.0
2026-09-09,TPEX,8423,保綠-KY,18.15,18.15,18.15,18.15,3978.0
2026-09-09,TPEX,8424,惠普,68.6,68.6,68.6,68.6,2021.0
2026-09-09,TPEX,8426,紅木-KY,20.8,20.8,20.75,20.75,9000.0
2026-09-09,TPEX,8431,匯鑽科,63.3,63.6,61.0,61.2,1889275.0
2026-09-09,TPEX,8432,東生華,50.3,50.8,50.2,50.3,13219.0
2026-09-09,TPEX,8433,弘帆,54.3,54.3,54.1,54.1,5000.0
2026-09-09,TPEX,8435,鉅邁,53.3,53.7,53.2,53.7,20526.0
2026-09-09,TPEX,8436,大江,109.0,109.0,107.0,108.0,806654.0
2026-09-09,TPEX,8437,大地-KY,9.05,9.15,9.05,9.13,6415.0
2026-09-09,TPEX,8440,綠電,19.85,20.0,19.85,19.9,43346.0
2026-09-09,TPEX,8444,綠河-KY,5.0,5.0,5.0,5.0,20138.0
2026-09-09,TPEX,8446,華研,85.4,86.2,85.3,86.1,58015.0
2026-09-09,TPEX,8450,霹靂,14.25,14.4,14.15,14.4,8676.0
2026-09-09,TPEX,8455,大拓-KY,23.45,23.45,22.4,22.4,2616.0
2026-09-09,TPEX,8472,夠麻吉,74.2,79.0,74.2,76.1,30463.0
2026-09-09,TPEX,8477,創業家,15.4,15.4,15.05,15.4,15041.0
2026-09-09,TPEX,8489,三貝德,21.85,22.0,21.8,21.95,20921.0
2026-09-09,TPEX,8905,裕國,34.65,35.0,34.65,34.85,3426.0
2026-09-09,TPEX,8906,花王,28.7,28.7,28.55,28.55,11552.0
2026-09-09,TPEX,8908,欣雄,40.2,40.5,39.95,40.5,18869.0
2026-09-09,TPEX,8916,光隆,41.0,41.0,40.8,41.0,40869.0
2026-09-09,TPEX,8917,欣泰,52.9,53.2,52.9,53.2,2323.0
2026-09-09,TPEX,8921,沈氏,16.4,16.4,16.4,16.4,1013.0
2026-09-09,TPEX,8923,時報,18.05,18.05,18.05,18.05,1001.0
2026-09-09,TPEX,8924,大田,50.4,50.7,50.3,50.6,27561.0
2026-09-09,TPEX,8927,北基,19.15,19.15,18.8,18.8,185477.0
2026-09-09,TPEX,8928,鉅明,23.55,23.6,23.2,23.5,42722.0
2026-09-09,TPEX,8929,富堡,13.0,13.0,13.0,13.0,6426.0
2026-09-09,TPEX,8930,青鋼,29.75,29.75,29.0,29.5,66986.0
2026-09-09,TPEX,8931,大汽電,40.75,41.25,40.55,40.95,77022.0
2026-09-09,TPEX,8932,智通*,92.8,95.5,92.6,93.4,2578013.0
2026-09-09,TPEX,8933,愛地雅,4.6,4.6,4.41,4.58,137903.0
2026-09-09,TPEX,8935,邦泰,18.0,18.1,17.8,18.05,78029.0
2026-09-09,TPEX,8936,國統,50.1,51.3,50.1,51.2,969535.0
2026-09-09,TPEX,8937,合騏*,27.5,30.45,27.5,30.45,755455.0
2026-09-09,TPEX,8938,明安,51.7,52.1,51.5,51.9,42384.0
2026-09-09,TPEX,8941,關中,44.0,44.4,44.0,44.4,2000.0
2026-09-09,TPEX,8942,森鉅,41.85,41.95,41.75,41.9,97439.0
2026-09-09,TPEX,9949,琉園,24.0,24.0,23.9,24.0,26246.0
2026-09-09,TPEX,9950,萬國通,10.3,10.4,10.3,10.3,14128.0
2026-09-09,TPEX,9951,皇田,49.8,49.8,49.4,49.6,146980.0
2026-09-09,TPEX,9960,邁達康,31.0,33.0,31.0,32.4,216394.0
2026-09-09,TPEX,9962,有益,10.05,10.1,10.05,10.05,29407.0
