date,market,stock_id,name,open,high,low,close,volume
2026-09-04,TWSE,1101,台泥,24.85,24.95,24.4,24.45,24047477.0
2026-09-04,TWSE,1102,亞泥,34.8,35.35,34.75,35.2,7273749.0
2026-09-04,TWSE,1103,嘉泥,13.2,13.25,13.15,13.25,153467.0
2026-09-04,TWSE,1104,環泥,27.0,27.9,27.0,27.8,1904132.0
2026-09-04,TWSE,1108,幸福,11.7,11.7,11.6,11.6,332613.0
2026-09-04,TWSE,1109,信大,13.5,13.55,13.45,13.45,59032.0
2026-09-04,TWSE,1110,東泥,15.95,16.15,15.95,16.1,97317.0
2026-09-04,TWSE,1201,味全,12.2,12.25,12.15,12.15,254938.0
2026-09-04,TWSE,1203,味王,43.5,44.4,42.85,43.2,16327.0
2026-09-04,TWSE,1210,大成,51.8,52.3,51.6,51.8,1126917.0
2026-09-04,TWSE,1213,大飲,7.49,7.49,7.45,7.47,7689.0
2026-09-04,TWSE,1215,卜蜂,110.0,110.0,109.0,110.0,510167.0
2026-09-04,TWSE,1216,統一,76.6,76.6,75.6,75.6,7289731.0
2026-09-04,TWSE,1217,愛之味,9.95,9.99,9.95,9.96,224504.0
2026-09-04,TWSE,1218,泰山,14.4,14.5,14.35,14.35,607993.0
2026-09-04,TWSE,1219,福壽,11.5,11.55,11.45,11.5,204665.0
2026-09-04,TWSE,1220,台榮,10.7,10.7,10.65,10.7,80752.0
2026-09-04,TWSE,1225,福懋油,25.15,25.55,24.9,24.9,165778.0
2026-09-04,TWSE,1227,佳格,28.6,28.65,28.5,28.55,408399.0
2026-09-04,TWSE,1229,聯華,42.0,42.35,41.55,42.1,2339162.0
2026-09-04,TWSE,1231,聯華食,80.3,80.4,79.9,80.0,352358.0
2026-09-04,TWSE,1232,大統益,157.0,157.0,155.5,155.5,129851.0
2026-09-04,TWSE,1233,天仁,28.5,28.5,28.3,28.3,11017.0
2026-09-04,TWSE,1234,黑松,33.45,33.5,33.25,33.3,50732.0
2026-09-04,TWSE,1235,興泰,37.8,38.0,37.8,38.0,3000.0
2026-09-04,TWSE,1236,宏亞,25.6,26.2,25.6,26.05,137121.0
2026-09-04,TWSE,1256,鮮活果汁-KY,178.0,178.5,173.0,173.0,134463.0
2026-09-04,TWSE,1301,台塑,67.0,71.2,65.7,65.7,52367902.0
2026-09-04,TWSE,1303,南亞,243.0,244.5,219.5,221.0,103990697.0
2026-09-04,TWSE,1304,台聚,12.6,13.05,12.4,12.45,3297866.0
2026-09-04,TWSE,1305,華夏,12.55,12.95,12.35,12.35,2609879.0
2026-09-04,TWSE,1307,三芳,30.5,30.75,30.35,30.35,638349.0
2026-09-04,TWSE,1308,亞聚,14.6,15.0,14.3,14.4,2030294.0
2026-09-04,TWSE,1309,台達化,13.7,14.4,13.55,13.6,2693780.0
2026-09-04,TWSE,1310,台苯,8.99,9.29,8.75,8.82,4431788.0
2026-09-04,TWSE,1312,國喬,15.1,16.4,14.8,14.9,57277445.0
2026-09-04,TWSE,1313,聯成,12.05,12.5,11.9,11.9,3072405.0
2026-09-04,TWSE,1314,中石化,8.23,8.55,8.12,8.12,34031523.0
2026-09-04,TWSE,1315,達新,65.6,66.1,65.6,65.7,10236.0
2026-09-04,TWSE,1316,上曜,10.9,11.05,10.7,10.75,1882638.0
2026-09-04,TWSE,1319,東陽,82.6,83.0,81.2,81.4,1898204.0
2026-09-04,TWSE,1321,大洋,32.8,33.1,32.4,32.6,57100.0
2026-09-04,TWSE,1323,永裕,21.25,21.6,21.0,21.35,45624.0
2026-09-04,TWSE,1324,地球,10.3,10.3,10.2,10.25,38359.0
2026-09-04,TWSE,1325,恆大,25.75,25.9,25.35,25.4,101594.0
2026-09-04,TWSE,1326,台化,72.1,78.2,69.3,69.7,82419512.0
2026-09-04,TWSE,1337,再生-KY,4.68,4.68,4.52,4.52,316729.0
2026-09-04,TWSE,1338,廣華-KY,14.45,14.45,14.3,14.45,35268.0
2026-09-04,TWSE,1339,昭輝,43.0,43.2,42.6,42.6,37021.0
2026-09-04,TWSE,1340,勝悅-KY,5.17,5.21,5.14,5.16,89937.0
2026-09-04,TWSE,1341,富林-KY,59.8,59.8,58.9,58.9,2000.0
2026-09-04,TWSE,1342,八貫,103.0,103.5,102.0,102.0,171351.0
2026-09-04,TWSE,1402,遠東新,29.15,29.4,28.8,29.1,10260912.0
2026-09-04,TWSE,1409,新纖,25.25,26.45,24.6,24.6,23016182.0
2026-09-04,TWSE,1410,南染,24.8,25.1,24.55,24.55,231266.0
2026-09-04,TWSE,1413,宏洲,9.11,9.2,9.08,9.08,30730.0
2026-09-04,TWSE,1414,東和,18.8,18.85,17.9,17.9,201421.0
2026-09-04,TWSE,1416,廣豐,11.65,11.9,11.65,11.7,294645.0
2026-09-04,TWSE,1417,嘉裕,8.3,8.33,8.23,8.29,118093.0
2026-09-04,TWSE,1418,東華,17.5,17.9,17.45,17.45,10308.0
2026-09-04,TWSE,1419,新紡,66.8,67.6,66.1,66.4,143807.0
2026-09-04,TWSE,1423,利華,,,,,600.0
2026-09-04,TWSE,1432,大魯閣,15.1,15.15,15.0,15.0,62212.0
2026-09-04,TWSE,1434,福懋,18.25,18.6,18.05,18.1,1820254.0
2026-09-04,TWSE,1435,中福,20.9,22.25,20.9,21.05,16542.0
2026-09-04,TWSE,1436,華友聯,38.2,38.5,38.15,38.15,70152.0
2026-09-04,TWSE,1437,勤益控,31.85,32.0,31.8,31.95,46110.0
2026-09-04,TWSE,1438,三地開發,22.25,22.4,22.25,22.3,31316.0
2026-09-04,TWSE,1439,雋揚,29.75,29.75,28.9,28.9,3166.0
2026-09-04,TWSE,1440,南紡,14.4,14.85,14.1,14.2,8086252.0
2026-09-04,TWSE,1441,大東,8.8,8.8,8.72,8.8,25300.0
2026-09-04,TWSE,1442,名軒,29.7,29.8,29.5,29.5,63342.0
2026-09-04,TWSE,1443,立益物流,23.7,23.9,23.7,23.8,13022.0
2026-09-04,TWSE,1444,力麗,7.21,7.47,7.1,7.1,2292326.0
2026-09-04,TWSE,1445,大宇,10.3,10.3,10.15,10.2,96228.0
2026-09-04,TWSE,1446,宏和,13.5,13.55,13.45,13.45,106143.0
2026-09-04,TWSE,1447,力鵬,6.91,7.09,6.75,6.75,1682125.0
2026-09-04,TWSE,1449,佳和,12.25,12.35,12.1,12.15,337438.0
2026-09-04,TWSE,1451,年興,17.3,17.35,17.25,17.25,33602.0
2026-09-04,TWSE,1452,宏益,11.35,11.4,11.2,11.35,92349.0
2026-09-04,TWSE,1453,大將,11.2,11.2,11.1,11.1,3057.0
2026-09-04,TWSE,1454,台富,12.15,12.15,12.1,12.1,19835.0
2026-09-04,TWSE,1455,集盛,10.2,10.4,9.97,9.97,1902317.0
2026-09-04,TWSE,1456,怡華,14.1,14.4,14.0,14.0,43704.0
2026-09-04,TWSE,1457,宜進,14.5,14.5,14.35,14.4,122011.0
2026-09-04,TWSE,1459,聯發,15.6,15.6,15.3,15.3,52307.0
2026-09-04,TWSE,1460,宏遠,6.63,6.63,6.56,6.56,186307.0
2026-09-04,TWSE,1463,強盛新,17.35,17.35,17.3,17.35,46140.0
2026-09-04,TWSE,1464,得力,10.1,10.1,10.05,10.05,313664.0
2026-09-04,TWSE,1465,偉全,12.1,12.4,11.95,11.95,467856.0
2026-09-04,TWSE,1466,聚隆,16.1,16.15,15.7,15.7,337852.0
2026-09-04,TWSE,1467,南緯,8.38,8.38,8.21,8.21,62056.0
2026-09-04,TWSE,1468,昶和,12.6,12.9,12.5,12.9,65123.0
2026-09-04,TWSE,1470,大統新創,,,,,20.0
2026-09-04,TWSE,1471,首利,9.89,9.95,9.73,9.73,112830.0
2026-09-04,TWSE,1472,三洋實業,88.8,88.8,88.2,88.2,12000.0
2026-09-04,TWSE,1473,台南,20.05,20.15,20.0,20.1,19491.0
2026-09-04,TWSE,1474,弘裕,9.99,10.1,9.92,9.99,112834.0
2026-09-04,TWSE,1475,業旺,26.5,27.0,26.25,26.25,18000.0
2026-09-04,TWSE,1476,儒鴻,314.0,317.0,312.5,313.5,1133402.0
2026-09-04,TWSE,1477,聚陽,196.0,197.5,194.0,194.0,1408035.0
2026-09-04,TWSE,1503,士電,207.5,210.0,201.0,201.0,1509182.0
2026-09-04,TWSE,1504,東元,72.9,73.2,71.0,71.0,7456813.0
2026-09-04,TWSE,1506,正道,10.05,10.1,10.0,10.05,123602.0
2026-09-04,TWSE,1512,瑞利,6.38,6.38,6.2,6.2,96001.0
2026-09-04,TWSE,1513,中興電,166.0,166.0,162.5,162.5,2234597.0
2026-09-04,TWSE,1514,亞力,103.5,104.0,100.5,100.5,1487636.0
2026-09-04,TWSE,1515,力山,32.05,32.4,31.0,31.0,1384153.0
2026-09-04,TWSE,1516,川飛,14.25,14.6,14.0,14.35,36314.0
2026-09-04,TWSE,1517,利奇,11.1,11.2,10.8,10.8,532763.0
2026-09-04,TWSE,1519,華城,749.0,750.0,722.0,722.0,1340195.0
2026-09-04,TWSE,1521,大億,25.9,25.9,25.8,25.8,3000.0
2026-09-04,TWSE,1522,堤維西,27.4,27.4,26.95,26.95,650650.0
2026-09-04,TWSE,1524,耿鼎,27.15,27.15,26.75,26.75,427829.0
2026-09-04,TWSE,1525,江申,66.9,66.9,66.3,66.6,4288.0
2026-09-04,TWSE,1526,日馳,16.05,16.05,15.4,15.4,359635.0
2026-09-04,TWSE,1527,鑽全,32.7,32.7,32.55,32.65,84454.0
2026-09-04,TWSE,1528,恩德,19.35,19.55,18.7,18.7,699605.0
2026-09-04,TWSE,1529,樂事綠能,16.95,16.95,16.5,16.7,608189.0
2026-09-04,TWSE,1530,亞崴,28.55,28.6,28.4,28.6,24625.0
2026-09-04,TWSE,1531,高林股,11.8,12.05,11.8,11.9,81554.0
2026-09-04,TWSE,1532,勤美,23.1,23.3,22.9,23.05,336469.0
2026-09-04,TWSE,1533,車王電,31.6,31.6,30.8,31.4,66273.0
2026-09-04,TWSE,1535,中宇,45.35,45.45,45.2,45.3,29156.0
2026-09-04,TWSE,1536,和大,50.0,51.4,49.2,49.2,2258048.0
2026-09-04,TWSE,1537,廣隆,117.5,117.5,116.0,116.5,281110.0
2026-09-04,TWSE,1538,正峰,,,,,
2026-09-04,TWSE,1539,巨庭,15.7,15.7,15.6,15.6,21176.0
2026-09-04,TWSE,1540,喬福,19.65,20.0,19.55,19.7,222006.0
2026-09-04,TWSE,1541,錩泰,21.45,22.15,21.4,21.55,9309.0
2026-09-04,TWSE,1558,伸興,104.5,108.5,104.5,106.0,204979.0
2026-09-04,TWSE,1560,中砂,705.0,727.0,702.0,711.0,1273917.0
2026-09-04,TWSE,1568,倉佑,29.0,29.2,28.6,28.7,224540.0
2026-09-04,TWSE,1582,信錦,75.6,75.9,73.0,73.2,412575.0
2026-09-04,TWSE,1583,程泰,48.25,48.55,48.1,48.25,10220.0
2026-09-04,TWSE,1587,吉茂,24.0,24.25,23.8,24.2,185975.0
2026-09-04,TWSE,1590,亞德客-KY,1395.0,1410.0,1370.0,1375.0,421501.0
2026-09-04,TWSE,1597,直得,151.5,157.5,144.0,144.5,6266958.0
2026-09-04,TWSE,1598,岱宇,20.15,20.15,19.8,19.9,123957.0
2026-09-04,TWSE,1603,華電,30.5,30.6,30.2,30.35,154173.0
2026-09-04,TWSE,1604,聲寶,23.4,23.65,23.35,23.45,378253.0
2026-09-04,TWSE,1605,華新,38.3,39.25,37.6,37.6,18436265.0
2026-09-04,TWSE,1608,華榮,37.0,37.25,36.35,36.35,2312929.0
2026-09-04,TWSE,1609,大亞,37.6,37.9,37.0,37.0,2643259.0
2026-09-04,TWSE,1611,中電,11.75,11.8,11.65,11.65,370827.0
2026-09-04,TWSE,1612,宏泰,34.75,34.95,34.6,34.75,499767.0
2026-09-04,TWSE,1614,三洋電,30.7,30.8,30.55,30.55,17125.0
2026-09-04,TWSE,1615,大山,44.65,44.65,43.85,44.3,121472.0
2026-09-04,TWSE,1616,億泰,19.3,19.3,18.8,18.8,323106.0
2026-09-04,TWSE,1617,榮星,19.2,19.4,18.25,18.3,960600.0
2026-09-04,TWSE,1618,合機,39.75,40.0,39.5,39.5,359476.0
2026-09-04,TWSE,1623,大東電,207.0,209.5,206.5,207.0,71721.0
2026-09-04,TWSE,1626,艾美特-KY,9.65,9.71,9.63,9.63,16963.0
2026-09-04,TWSE,1702,南僑,32.6,32.75,32.45,32.45,123541.0
2026-09-04,TWSE,1707,葡萄王,92.0,92.6,90.6,90.7,438654.0
2026-09-04,TWSE,1708,東鹼,51.1,52.3,50.6,50.6,4127503.0
2026-09-04,TWSE,1709,和益,35.15,35.9,33.2,33.45,11959315.0
2026-09-04,TWSE,1710,東聯,16.35,16.75,16.0,16.2,7836930.0
2026-09-04,TWSE,1711,永光,43.4,44.25,41.4,41.55,4036152.0
2026-09-04,TWSE,1712,興農,41.05,41.05,40.45,40.6,1149667.0
2026-09-04,TWSE,1713,國化,44.9,44.9,43.7,43.95,483515.0
2026-09-04,TWSE,1714,和桐,17.4,17.75,16.55,16.55,21319110.0
2026-09-04,TWSE,1717,長興,80.6,82.6,76.6,76.8,18887972.0
2026-09-04,TWSE,1718,中纖,10.85,11.25,10.65,10.7,20408995.0
2026-09-04,TWSE,1720,生達,56.3,56.4,55.8,56.0,365073.0
2026-09-04,TWSE,1721,三晃,20.4,20.7,19.9,20.0,582005.0
2026-09-04,TWSE,1722,台肥,44.65,45.25,44.6,44.65,3504176.0
2026-09-04,TWSE,1723,中碳,87.0,89.4,86.3,86.9,937734.0
2026-09-04,TWSE,1725,元禎,31.6,31.7,31.0,31.35,43230.0
2026-09-04,TWSE,1726,永記,76.7,77.0,76.7,76.9,12514.0
2026-09-04,TWSE,1727,中華化,94.1,95.1,89.1,89.2,3460712.0
2026-09-04,TWSE,1730,花仙子,51.6,51.8,51.5,51.5,25802.0
2026-09-04,TWSE,1731,美吾華,20.9,21.0,20.85,20.9,92491.0
2026-09-04,TWSE,1732,毛寶,25.95,26.1,25.85,25.85,82436.0
2026-09-04,TWSE,1733,五鼎,32.25,32.45,32.15,32.25,159208.0
2026-09-04,TWSE,1734,杏輝,30.65,30.65,30.5,30.6,152828.0
2026-09-04,TWSE,1735,日勝化,21.0,21.1,20.1,20.1,106170.0
2026-09-04,TWSE,1736,喬山,126.5,126.5,121.5,122.0,648932.0
2026-09-04,TWSE,1737,臺鹽,30.65,30.75,30.65,30.65,151239.0
2026-09-04,TWSE,1752,南光,31.5,31.55,31.45,31.45,40108.0
2026-09-04,TWSE,1760,寶齡富錦,57.1,57.2,56.3,56.3,251879.0
2026-09-04,TWSE,1762,中化生,36.3,36.4,35.65,35.9,94060.0
2026-09-04,TWSE,1773,勝一,164.0,167.5,160.5,161.0,712542.0
2026-09-04,TWSE,1776,展宇,17.45,17.45,16.95,17.0,35386.0
2026-09-04,TWSE,1783,和康生,39.05,39.45,38.8,38.8,32786.0
2026-09-04,TWSE,1786,科妍,45.8,45.85,44.3,44.3,546186.0
2026-09-04,TWSE,1789,神隆,18.95,19.2,18.9,18.9,415449.0
2026-09-04,TWSE,1795,美時,184.0,184.5,181.5,181.5,899770.0
2026-09-04,TWSE,1802,台玻,61.5,64.0,58.5,58.6,52312929.0
2026-09-04,TWSE,1805,寶徠,10.05,10.2,10.0,10.15,64644.0
2026-09-04,TWSE,1806,冠軍,8.04,8.05,8.02,8.02,235170.0
2026-09-04,TWSE,1808,潤隆,35.45,36.1,34.8,35.8,2500291.0
2026-09-04,TWSE,1809,中釉,38.5,39.7,37.1,37.1,1153494.0
2026-09-04,TWSE,1810,和成,24.65,24.9,24.0,24.0,2744058.0
2026-09-04,TWSE,1817,凱撒衛,40.1,40.2,40.0,40.05,60135.0
2026-09-04,TWSE,1903,士紙,47.45,47.9,47.45,47.6,57462.0
2026-09-04,TWSE,1904,正隆,24.65,25.5,24.65,25.1,2549770.0
2026-09-04,TWSE,1905,華紙,13.9,14.1,13.65,13.65,2590179.0
2026-09-04,TWSE,1906,寶隆,11.2,11.3,11.1,11.2,40354.0
2026-09-04,TWSE,1907,永豐餘,29.95,30.75,29.95,30.3,930587.0
2026-09-04,TWSE,1909,榮成,11.3,11.45,11.15,11.15,3194862.0
2026-09-04,TWSE,2002,中鋼,19.0,19.25,19.0,19.0,28510563.0
2026-09-04,TWSE,2006,東和鋼鐵,82.2,83.6,81.4,82.6,2194133.0
2026-09-04,TWSE,2007,燁興,6.9,7.02,6.9,6.93,149678.0
2026-09-04,TWSE,2008,高興昌,30.5,30.5,30.5,30.5,4936.0
2026-09-04,TWSE,2009,第一銅,40.2,40.2,39.15,39.2,1487527.0
2026-09-04,TWSE,2010,春源,22.55,22.7,22.5,22.55,813247.0
2026-09-04,TWSE,2012,春雨,14.5,14.6,14.45,14.45,71150.0
2026-09-04,TWSE,2013,中鋼構,41.6,41.9,41.5,41.7,37157.0
2026-09-04,TWSE,2014,中鴻,17.15,17.2,16.9,16.9,1558220.0
2026-09-04,TWSE,2015,豐興,64.2,64.5,63.9,64.4,122241.0
2026-09-04,TWSE,2017,官田鋼,9.07,9.15,9.0,9.0,577725.0
2026-09-04,TWSE,2020,美亞,21.7,22.3,21.7,21.8,407631.0
2026-09-04,TWSE,2022,聚亨,7.58,7.65,7.53,7.59,230430.0
2026-09-04,TWSE,2023,燁輝,13.8,13.9,13.75,13.8,440101.0
2026-09-04,TWSE,2024,志聯,13.3,13.3,13.0,13.25,27663.0
2026-09-04,TWSE,2025,千興,12.85,12.95,12.65,12.65,320993.0
2026-09-04,TWSE,2027,大成鋼,49.45,50.5,49.4,50.2,11064729.0
2026-09-04,TWSE,2028,威致,15.8,15.8,15.65,15.65,45808.0
2026-09-04,TWSE,2029,盛餘,21.75,21.95,21.75,21.9,112236.0
2026-09-04,TWSE,2030,彰源,22.6,23.4,22.6,23.4,2669737.0
2026-09-04,TWSE,2031,新光鋼,45.15,45.8,45.15,45.35,471983.0
2026-09-04,TWSE,2032,新鋼,17.1,17.35,16.9,16.9,374053.0
2026-09-04,TWSE,2033,佳大,24.45,25.55,24.45,25.55,1081739.0
2026-09-04,TWSE,2034,允強,20.5,20.85,20.5,20.65,969221.0
2026-09-04,TWSE,2038,海光,12.8,12.85,12.6,12.6,124151.0
2026-09-04,TWSE,2049,上銀,353.0,364.5,343.0,344.5,3382843.0
2026-09-04,TWSE,2059,川湖,13935.0,14195.0,13255.0,13450.0,651444.0
2026-09-04,TWSE,2062,橋椿,19.3,19.6,19.1,19.25,252098.0
2026-09-04,TWSE,2069,運錩,21.05,21.15,20.75,20.95,345942.0
2026-09-04,TWSE,2072,世紀風電,140.0,140.0,138.0,138.0,433022.0
2026-09-04,TWSE,2101,南港,31.65,31.85,31.35,31.4,1117451.0
2026-09-04,TWSE,2102,泰豐,18.4,18.45,18.2,18.25,439422.0
2026-09-04,TWSE,2103,台橡,28.2,28.9,27.9,27.95,4443020.0
2026-09-04,TWSE,2104,國際中橡,10.5,10.7,10.25,10.3,2464970.0
2026-09-04,TWSE,2105,正新,30.85,31.1,30.6,30.7,3182212.0
2026-09-04,TWSE,2106,建大,17.35,17.45,17.15,17.2,814198.0
2026-09-04,TWSE,2107,厚生,26.8,27.1,26.75,26.75,211029.0
2026-09-04,TWSE,2108,南帝,30.55,31.0,29.85,29.85,771022.0
2026-09-04,TWSE,2109,華豐,14.75,14.85,14.7,14.8,177726.0
2026-09-04,TWSE,2114,鑫永銓,89.7,89.9,89.1,89.2,23033.0
2026-09-04,TWSE,2115,六暉-KY,24.15,24.15,23.75,23.8,52150.0
2026-09-04,TWSE,2201,裕隆,31.55,31.8,31.05,31.4,8031685.0
2026-09-04,TWSE,2204,中華,54.8,55.1,54.2,54.4,784820.0
2026-09-04,TWSE,2206,三陽工業,63.2,63.4,62.5,63.1,468593.0
2026-09-04,TWSE,2207,和泰車,515.0,526.0,514.0,521.0,171878.0
2026-09-04,TWSE,2208,台船,19.1,19.2,18.8,18.85,2884242.0
2026-09-04,TWSE,2211,長榮鋼,83.2,84.1,82.8,83.6,448366.0
2026-09-04,TWSE,2227,裕日車,47.45,47.8,47.1,47.6,25830.0
2026-09-04,TWSE,2228,劍麟,75.0,75.0,74.1,74.3,76239.0
2026-09-04,TWSE,2231,為升,92.4,92.4,90.0,90.0,217874.0
2026-09-04,TWSE,2233,宇隆,172.0,174.0,165.0,165.0,495267.0
2026-09-04,TWSE,2236,百達-KY,120.0,125.0,118.5,124.5,237106.0
2026-09-04,TWSE,2237,華德動能-創,28.0,28.0,27.65,27.7,123641.0
2026-09-04,TWSE,2239,英利-KY,19.95,20.25,19.75,19.75,39000.0
2026-09-04,TWSE,2241,艾姆勒,34.5,34.5,33.85,34.25,263067.0
2026-09-04,TWSE,2243,宏旭-KY,42.9,45.2,42.9,43.9,254865.0
2026-09-04,TWSE,2247,汎德永業,228.5,230.0,228.5,229.5,13063.0
2026-09-04,TWSE,2248,華勝-KY,62.4,62.5,61.6,61.7,18039.0
2026-09-04,TWSE,2250,IKKA-KY,58.5,58.7,57.1,57.1,56489.0
2026-09-04,TWSE,2254,巨鎧精密-創,62.0,63.0,61.8,62.0,562005.0
2026-09-04,TWSE,2258,鴻華先進-創,30.9,31.5,30.1,30.1,536087.0
2026-09-04,TWSE,2301,光寶科,321.5,325.5,296.5,299.0,38271722.0
2026-09-04,TWSE,2302,麗正,42.9,44.2,42.1,42.35,2345091.0
2026-09-04,TWSE,2303,聯電,127.5,129.0,123.0,125.0,139492332.0
2026-09-04,TWSE,2305,全友,30.25,30.5,29.25,30.1,4355058.0
2026-09-04,TWSE,2308,台達電,1735.0,1810.0,1725.0,1760.0,10346094.0
2026-09-04,TWSE,2312,金寶,33.25,33.7,31.8,31.8,11799179.0
2026-09-04,TWSE,2313,華通,250.5,255.0,236.0,236.0,25956101.0
2026-09-04,TWSE,2314,台揚,11.4,11.5,11.4,11.5,62913.0
2026-09-04,TWSE,2316,楠梓電,161.0,163.0,153.0,153.0,2097754.0
2026-09-04,TWSE,2317,鴻海,253.5,254.5,247.5,247.5,29851493.0
2026-09-04,TWSE,2321,東訊,15.0,15.4,14.5,14.5,27820.0
2026-09-04,TWSE,2323,中環,11.0,11.15,10.8,10.85,7410045.0
2026-09-04,TWSE,2324,仁寶,40.0,40.55,38.7,38.75,57406208.0
2026-09-04,TWSE,2327,國巨*,545.0,545.0,511.0,511.0,34250413.0
2026-09-04,TWSE,2328,廣宇,48.4,48.55,45.75,45.8,2193699.0
2026-09-04,TWSE,2329,華泰,43.7,43.85,42.25,42.25,1940658.0
2026-09-04,TWSE,2330,台積電,2385.0,2400.0,2380.0,2390.0,14252351.0
2026-09-04,TWSE,2331,精英,19.9,20.1,19.25,19.25,2095707.0
2026-09-04,TWSE,2332,友訊,19.75,19.95,18.65,18.65,16755643.0
2026-09-04,TWSE,2337,旺宏,125.0,127.5,117.0,117.0,47049932.0
2026-09-04,TWSE,2338,光罩,39.65,39.7,38.0,38.05,1025652.0
2026-09-04,TWSE,2340,台亞,34.5,35.3,33.2,33.2,3250363.0
2026-09-04,TWSE,2342,茂矽,40.05,41.25,39.5,39.5,1556168.0
2026-09-04,TWSE,2344,華邦電,181.5,185.5,168.0,169.0,161434224.0
2026-09-04,TWSE,2345,智邦,2150.0,2165.0,2060.0,2090.0,2730824.0
2026-09-04,TWSE,2347,聯強,87.1,87.7,86.2,86.4,2677469.0
2026-09-04,TWSE,2348,海悅,71.2,71.7,70.7,71.1,176989.0
2026-09-04,TWSE,2349,錸德,11.15,11.25,10.8,10.85,2347095.0
2026-09-04,TWSE,2351,順德,234.0,235.0,222.0,223.0,3696561.0
2026-09-04,TWSE,2352,佳世達,28.85,29.6,28.5,28.5,7278956.0
2026-09-04,TWSE,2353,宏碁,32.3,32.7,31.25,31.25,19934079.0
2026-09-04,TWSE,2354,鴻準,67.0,67.2,63.7,63.7,17792867.0
2026-09-04,TWSE,2355,敬鵬,44.1,44.5,41.85,41.85,2105214.0
2026-09-04,TWSE,2356,英業達,67.5,68.1,64.8,65.0,16089639.0
2026-09-04,TWSE,2357,華碩,1020.0,1025.0,962.0,971.0,3213248.0
2026-09-04,TWSE,2359,所羅門,147.5,151.5,140.0,140.5,8437786.0
2026-09-04,TWSE,2360,致茂,2020.0,2095.0,2005.0,2015.0,1935146.0
2026-09-04,TWSE,2362,藍天,49.0,49.9,47.25,47.25,1806815.0
2026-09-04,TWSE,2363,矽統,51.3,51.9,50.1,50.1,3454519.0
2026-09-04,TWSE,2364,倫飛,67.5,68.2,65.7,66.0,365778.0
2026-09-04,TWSE,2365,昆盈,30.15,30.7,29.1,29.15,1648097.0
2026-09-04,TWSE,2367,燿華,44.45,44.7,42.3,42.3,3746634.0
2026-09-04,TWSE,2368,金像電,1190.0,1190.0,1090.0,1100.0,9171589.0
2026-09-04,TWSE,2369,菱生,31.85,32.1,30.4,30.4,4337390.0
2026-09-04,TWSE,2371,大同,28.3,28.5,27.55,27.6,6720599.0
2026-09-04,TWSE,2373,震旦行,52.8,53.5,52.8,52.9,23316.0
2026-09-04,TWSE,2374,佳能,70.5,71.8,67.9,67.9,4401779.0
2026-09-04,TWSE,2375,凱美,125.0,125.5,118.0,118.0,2882822.0
2026-09-04,TWSE,2376,技嘉,364.0,369.0,347.0,350.5,8179674.0
2026-09-04,TWSE,2377,微星,157.0,162.0,150.5,150.5,13700696.0
2026-09-04,TWSE,2379,瑞昱,752.0,752.0,707.0,707.0,2920738.0
2026-09-04,TWSE,2380,虹光,18.35,18.45,18.2,18.2,126746.0
2026-09-04,TWSE,2382,廣達,339.5,342.5,332.5,335.0,11868856.0
2026-09-04,TWSE,2383,台光電,5500.0,5550.0,5290.0,5290.0,1640346.0
2026-09-04,TWSE,2385,群光,110.0,110.5,107.0,107.5,3457217.0
2026-09-04,TWSE,2387,精元,37.25,37.25,36.6,36.6,238660.0
2026-09-04,TWSE,2388,威盛,76.1,78.0,73.7,75.0,6337270.0
2026-09-04,TWSE,2390,云辰,10.3,10.35,10.1,10.1,503919.0
2026-09-04,TWSE,2392,正崴,46.25,47.65,45.35,45.35,4625829.0
2026-09-04,TWSE,2393,億光,65.8,66.5,64.6,64.6,1109407.0
2026-09-04,TWSE,2395,研華,706.0,715.0,673.0,674.0,2965759.0
2026-09-04,TWSE,2397,友通,63.0,64.2,61.4,61.4,331889.0
2026-09-04,TWSE,2399,映泰,46.55,46.75,44.25,44.4,3744046.0
2026-09-04,TWSE,2401,凌陽,25.65,25.85,24.85,24.85,2404067.0
2026-09-04,TWSE,2402,毅嘉,59.0,59.5,57.2,57.3,2415106.0
2026-09-04,TWSE,2404,漢唐,1030.0,1060.0,1025.0,1035.0,1457353.0
2026-09-04,TWSE,2405,輔信,15.5,15.5,15.0,15.0,1428440.0
2026-09-04,TWSE,2406,國碩,28.0,28.25,27.0,27.05,4151276.0
2026-09-04,TWSE,2408,南亞科,533.0,539.0,477.5,477.5,123832867.0
2026-09-04,TWSE,2409,友達,26.9,28.85,26.55,26.55,440835576.0
2026-09-04,TWSE,2412,中華電,137.5,138.5,136.5,138.0,13060255.0
2026-09-04,TWSE,2413,環科,43.3,43.4,41.55,41.65,477695.0
2026-09-04,TWSE,2414,精技,52.5,52.8,52.1,52.4,102212.0
2026-09-04,TWSE,2415,錩新,28.95,29.35,27.9,27.9,234676.0
2026-09-04,TWSE,2417,圓剛,43.8,44.2,41.7,41.7,622140.0
2026-09-04,TWSE,2419,仲琦,28.2,29.5,27.3,27.3,13313309.0
2026-09-04,TWSE,2420,新巨,54.8,55.0,54.3,54.4,194651.0
2026-09-04,TWSE,2421,建準,168.0,174.0,163.0,164.5,4870989.0
2026-09-04,TWSE,2423,固緯,74.0,74.6,73.0,73.2,70598.0
2026-09-04,TWSE,2424,隴華,8.0,8.02,8.0,8.02,7000.0
2026-09-04,TWSE,2425,承啟,37.95,38.2,36.2,36.35,1158056.0
2026-09-04,TWSE,2426,鼎元,105.0,107.5,95.0,95.0,52236548.0
2026-09-04,TWSE,2427,三商電,22.3,22.3,21.9,21.9,323507.0
2026-09-04,TWSE,2428,興勤,250.5,253.0,244.5,244.5,1098757.0
2026-09-04,TWSE,2429,銘旺科,32.5,32.5,31.1,31.1,255861.0
2026-09-04,TWSE,2430,燦坤,17.65,17.8,17.65,17.8,53017.0
2026-09-04,TWSE,2431,聯昌,10.25,10.35,9.9,10.05,426536.0
2026-09-04,TWSE,2432,倚天酷碁-創,27.5,27.5,26.9,26.9,64066.0
2026-09-04,TWSE,2433,互盛電,41.35,41.75,41.35,41.55,17466.0
2026-09-04,TWSE,2434,統懋,66.7,71.5,64.1,64.1,3404556.0
2026-09-04,TWSE,2436,偉詮電,67.1,67.4,65.0,65.1,2954871.0
2026-09-04,TWSE,2438,翔耀,21.5,22.05,21.05,22.05,1014704.0
2026-09-04,TWSE,2439,美律,78.4,78.6,77.6,77.6,953736.0
2026-09-04,TWSE,2440,太空梭,14.25,14.35,14.0,14.15,208512.0
2026-09-04,TWSE,2441,超豐,117.0,117.5,113.5,113.5,3142109.0
2026-09-04,TWSE,2442,新美齊,19.3,19.4,19.2,19.3,2188808.0
2026-09-04,TWSE,2444,兆勁,10.9,11.1,10.8,10.8,226382.0
2026-09-04,TWSE,2449,京元電子,278.0,278.0,260.0,261.0,25192365.0
2026-09-04,TWSE,2450,神腦,28.2,28.25,28.1,28.2,40054.0
2026-09-04,TWSE,2451,創見,298.5,300.0,286.0,286.0,4408811.0
2026-09-04,TWSE,2453,凌群,52.3,52.4,51.8,51.8,212229.0
2026-09-04,TWSE,2454,聯發科,4400.0,4420.0,4290.0,4340.0,9510164.0
2026-09-04,TWSE,2455,全新,541.0,555.0,520.0,525.0,21442379.0
2026-09-04,TWSE,2457,飛宏,23.15,23.45,22.5,22.55,1162772.0
2026-09-04,TWSE,2458,義隆,137.0,137.5,133.0,133.0,1889453.0
2026-09-04,TWSE,2459,敦吉,67.1,67.1,66.3,66.3,46361.0
2026-09-04,TWSE,2460,建通,28.45,29.0,28.2,28.25,209547.0
2026-09-04,TWSE,2461,光群雷,18.6,18.6,18.2,18.3,469311.0
2026-09-04,TWSE,2462,良得電,19.8,20.0,19.7,19.7,197146.0
2026-09-04,TWSE,2464,盟立,215.0,222.0,214.0,222.0,17067426.0
2026-09-04,TWSE,2465,麗臺,106.5,107.5,96.0,96.2,12290391.0
2026-09-04,TWSE,2466,冠西電,104.0,105.0,94.7,94.7,2125817.0
2026-09-04,TWSE,2467,志聖,622.0,622.0,594.0,595.0,1093999.0
2026-09-04,TWSE,2468,華經,33.85,34.2,32.75,32.8,341505.0
2026-09-04,TWSE,2471,資通,50.4,50.4,50.0,50.0,113860.0
2026-09-04,TWSE,2472,立隆電,218.0,220.0,206.5,207.0,2263326.0
2026-09-04,TWSE,2474,可成,211.0,211.5,206.0,206.5,3352417.0
2026-09-04,TWSE,2476,鉅祥,126.5,126.5,121.5,122.5,1245283.0
2026-09-04,TWSE,2477,美隆電,21.7,21.85,21.5,21.55,189687.0
2026-09-04,TWSE,2478,大毅,121.5,121.5,114.5,114.5,2343366.0
2026-09-04,TWSE,2480,敦陽科,157.5,157.5,155.5,155.5,39652.0
2026-09-04,TWSE,2481,強茂,151.0,162.5,150.5,156.0,66498096.0
2026-09-04,TWSE,2482,連宇,15.95,16.05,15.8,15.9,81724.0
2026-09-04,TWSE,2483,百容,35.1,35.4,33.5,33.5,905154.0
2026-09-04,TWSE,2484,希華,74.9,75.2,70.0,70.1,10122542.0
2026-09-04,TWSE,2485,兆赫,42.5,43.2,40.7,40.7,2470370.0
2026-09-04,TWSE,2486,一詮,304.5,307.5,259.5,259.5,34953265.0
2026-09-04,TWSE,2488,漢平,48.75,48.75,48.35,48.4,63444.0
2026-09-04,TWSE,2489,瑞軒,42.6,43.3,39.9,40.9,40968646.0
2026-09-04,TWSE,2491,吉祥全,50.1,52.9,45.0,45.0,5334137.0
2026-09-04,TWSE,2492,華新科,295.5,296.0,270.0,271.5,22304424.0
2026-09-04,TWSE,2493,揚博,185.0,189.5,177.0,179.0,1055266.0
2026-09-04,TWSE,2495,普安,37.8,38.0,36.8,36.9,2308078.0
2026-09-04,TWSE,2496,卓越,54.9,55.3,54.5,54.5,25587.0
2026-09-04,TWSE,2497,怡利電,45.6,46.0,44.6,44.65,274218.0
2026-09-04,TWSE,2498,宏達電,41.3,43.3,41.0,41.6,12708286.0
2026-09-04,TWSE,2501,國建,22.45,22.65,22.35,22.5,1322107.0
2026-09-04,TWSE,2504,國產,31.3,31.55,31.3,31.5,1071527.0
2026-09-04,TWSE,2505,國揚,17.0,17.05,16.9,17.0,115564.0
2026-09-04,TWSE,2506,太設,8.54,8.58,8.52,8.54,118701.0
2026-09-04,TWSE,2509,全坤建,14.7,15.1,14.7,14.95,137470.0
2026-09-04,TWSE,2511,太子,8.33,8.38,8.3,8.34,387625.0
2026-09-04,TWSE,2514,龍邦,11.75,11.8,11.65,11.7,71868.0
2026-09-04,TWSE,2515,中工,12.15,12.15,11.95,11.95,6012237.0
2026-09-04,TWSE,2516,新建,14.0,14.0,13.9,13.95,62564.0
2026-09-04,TWSE,2520,冠德,35.85,37.1,35.8,36.9,1846518.0
2026-09-04,TWSE,2524,京城,34.25,34.45,34.0,34.0,40801.0
2026-09-04,TWSE,2527,宏璟,42.95,44.2,42.95,43.2,588200.0
2026-09-04,TWSE,2528,皇普,19.95,19.95,19.7,19.8,156674.0
2026-09-04,TWSE,2530,華建,19.25,19.75,19.25,19.55,693942.0
2026-09-04,TWSE,2534,宏盛,17.1,17.15,17.05,17.15,210539.0
2026-09-04,TWSE,2535,達欣工,89.2,90.1,88.6,88.6,326427.0
2026-09-04,TWSE,2536,宏普,20.2,20.2,18.65,18.8,2876811.0
2026-09-04,TWSE,2537,聯上發,11.55,11.8,11.55,11.65,706309.0
2026-09-04,TWSE,2538,基泰,8.81,8.93,8.75,8.89,733869.0
2026-09-04,TWSE,2539,櫻花建,34.85,35.3,34.8,35.1,860951.0
2026-09-04,TWSE,2540,愛山林,47.0,47.6,46.7,47.15,384011.0
2026-09-04,TWSE,2542,興富發,48.0,48.75,47.85,48.65,10377793.0
2026-09-04,TWSE,2543,皇昌,38.45,38.95,38.25,38.35,671813.0
2026-09-04,TWSE,2545,皇翔,34.25,34.7,34.25,34.65,221043.0
2026-09-04,TWSE,2546,根基,105.5,109.5,104.5,107.0,395813.0
2026-09-04,TWSE,2547,日勝生,10.0,10.1,9.98,9.99,1259448.0
2026-09-04,TWSE,2548,華固,93.5,94.1,93.3,93.5,779361.0
2026-09-04,TWSE,2597,潤弘,171.0,171.5,168.0,168.0,174519.0
2026-09-04,TWSE,2601,益航,6.85,6.99,6.74,6.74,2358199.0
2026-09-04,TWSE,2603,長榮,234.5,239.5,232.5,239.0,9241484.0
2026-09-04,TWSE,2605,新興,36.45,36.75,35.5,35.5,16528623.0
2026-09-04,TWSE,2606,裕民,78.0,80.0,77.2,78.2,13294747.0
2026-09-04,TWSE,2607,榮運,53.5,53.6,53.1,53.4,246797.0
2026-09-04,TWSE,2608,嘉里大榮,28.55,28.65,28.45,28.45,157203.0
2026-09-04,TWSE,2609,陽明,57.6,58.6,57.2,57.8,35026477.0
2026-09-04,TWSE,2610,華航,20.45,20.65,20.45,20.55,17156660.0
2026-09-04,TWSE,2611,志信,14.8,14.95,14.55,14.55,642992.0
2026-09-04,TWSE,2612,中航,63.8,65.8,63.0,63.3,1918065.0
2026-09-04,TWSE,2613,中櫃,23.1,23.3,22.5,22.5,791445.0
2026-09-04,TWSE,2614,東森,18.3,18.45,18.15,18.15,679406.0
2026-09-04,TWSE,2615,萬海,114.0,118.0,113.0,115.5,19760722.0
2026-09-04,TWSE,2616,山隆,13.45,13.5,13.4,13.45,53223.0
2026-09-04,TWSE,2617,台航,32.4,32.9,31.95,32.3,5115281.0
2026-09-04,TWSE,2618,長榮航,42.45,42.95,42.15,42.8,26435053.0
2026-09-04,TWSE,2630,亞航,50.8,51.5,49.5,49.55,1638589.0
2026-09-04,TWSE,2633,台灣高鐵,26.1,26.3,26.1,26.2,3119861.0
2026-09-04,TWSE,2634,漢翔,66.7,66.9,64.1,64.4,15474023.0
2026-09-04,TWSE,2636,台驊控股,69.8,71.2,69.5,69.5,615607.0
2026-09-04,TWSE,2637,慧洋-KY,99.6,103.0,98.5,99.8,7545575.0
2026-09-04,TWSE,2642,宅配通,20.15,20.45,20.15,20.35,38449.0
2026-09-04,TWSE,2645,長榮航太,175.5,177.5,171.5,171.5,2233942.0
2026-09-04,TWSE,2646,星宇航空,20.65,20.75,20.55,20.7,2731941.0
2026-09-04,TWSE,2701,萬企,10.4,10.45,10.35,10.35,67576.0
2026-09-04,TWSE,2702,華園,12.7,12.95,12.6,12.7,32306.0
2026-09-04,TWSE,2704,國賓,45.1,45.45,45.1,45.25,59951.0
2026-09-04,TWSE,2705,六福,15.65,15.85,15.65,15.65,40692.0
2026-09-04,TWSE,2706,第一店,12.5,12.6,12.5,12.5,67819.0
2026-09-04,TWSE,2707,晶華,179.5,179.5,177.5,178.5,80003.0
2026-09-04,TWSE,2712,遠雄來,14.2,14.2,14.2,14.2,3000.0
2026-09-04,TWSE,2722,夏都,21.4,21.7,21.25,21.3,43371.0
2026-09-04,TWSE,2723,美食-KY,83.0,83.5,81.8,82.8,521467.0
2026-09-04,TWSE,2727,王品,234.5,234.5,231.5,231.5,177292.0
2026-09-04,TWSE,2731,雄獅,144.5,144.5,142.5,143.0,171975.0
2026-09-04,TWSE,2739,寒舍,37.45,37.9,37.45,37.9,65437.0
2026-09-04,TWSE,2748,雲品,38.85,38.9,38.7,38.7,53946.0
2026-09-04,TWSE,2753,八方雲集,182.0,182.0,180.0,180.0,65192.0
2026-09-04,TWSE,2762,世界健身-KY,82.0,82.2,81.2,81.8,94282.0
2026-09-04,TWSE,2801,彰銀,25.7,26.9,25.7,26.6,46745368.0
2026-09-04,TWSE,2812,台中銀,19.45,19.7,19.4,19.45,26875345.0
2026-09-04,TWSE,2816,旺旺保,39.4,40.05,38.9,39.55,861126.0
2026-09-04,TWSE,2820,華票,16.75,17.3,16.75,17.05,6662949.0
2026-09-04,TWSE,2832,台產,58.0,58.4,57.8,58.0,171886.0
2026-09-04,TWSE,2834,臺企銀,17.15,17.4,17.0,17.1,101693429.0
2026-09-04,TWSE,2836,高雄銀,12.1,12.35,12.1,12.25,3510984.0
2026-09-04,TWSE,2838,聯邦銀,20.55,20.9,20.55,20.65,2892600.0
2026-09-04,TWSE,2845,遠東銀,13.05,13.8,13.05,13.65,42579382.0
2026-09-04,TWSE,2849,安泰銀,14.35,14.8,14.3,14.55,136002.0
2026-09-04,TWSE,2850,新產,161.5,161.5,158.5,159.0,319778.0
2026-09-04,TWSE,2851,中再保,46.0,47.85,46.0,47.3,3799416.0
2026-09-04,TWSE,2852,第一保,28.3,28.5,28.1,28.25,295169.0
2026-09-04,TWSE,2855,統一證,49.7,50.8,49.7,50.6,6834505.0
2026-09-04,TWSE,2880,華南金,42.9,43.75,42.65,43.45,16242371.0
2026-09-04,TWSE,2881,富邦金,144.0,148.5,143.0,147.0,20256586.0
2026-09-04,TWSE,2882,國泰金,110.5,115.0,109.5,112.5,36064344.0
2026-09-04,TWSE,2883,凱基金,35.65,36.75,35.6,35.9,60617343.0
2026-09-04,TWSE,2884,玉山金,41.35,43.5,40.55,43.2,96702581.0
2026-09-04,TWSE,2885,元大金,66.5,69.4,66.3,68.5,36417623.0
2026-09-04,TWSE,2886,兆豐金,49.0,50.8,48.9,50.4,37830876.0
2026-09-04,TWSE,2887,台新新光金,41.5,42.65,41.25,41.45,78353912.0
2026-09-04,TWSE,2889,國票金,16.0,16.8,16.0,16.45,44317804.0
2026-09-04,TWSE,2890,永豐金,42.5,43.15,42.2,42.6,26398081.0
2026-09-04,TWSE,2891,中信金,66.6,68.0,66.3,67.5,44127663.0
2026-09-04,TWSE,2892,第一金,36.25,37.1,36.1,36.85,38579002.0
2026-09-04,TWSE,2897,王道銀行,10.7,11.0,10.7,10.9,16173535.0
2026-09-04,TWSE,2901,欣欣,23.75,23.75,23.55,23.6,5436.0
2026-09-04,TWSE,2903,遠百,22.3,22.55,22.2,22.3,1668663.0
2026-09-04,TWSE,2904,匯僑,12.85,12.85,12.8,12.8,37501.0
2026-09-04,TWSE,2905,三商,17.8,18.5,17.8,18.2,2924093.0
2026-09-04,TWSE,2906,高林,13.9,13.9,13.8,13.8,88673.0
2026-09-04,TWSE,2908,特力,21.75,22.1,21.75,22.1,245710.0
2026-09-04,TWSE,2910,統領,23.9,24.0,23.25,23.25,18224.0
2026-09-04,TWSE,2911,麗嬰房,6.31,6.35,6.29,6.34,71569.0
2026-09-04,TWSE,2912,統一超,217.5,217.5,216.5,216.5,894688.0
2026-09-04,TWSE,2913,農林,11.15,11.25,11.05,11.1,1361349.0
2026-09-04,TWSE,2915,潤泰全,57.1,57.5,56.7,56.8,1494724.0
2026-09-04,TWSE,2923,鼎固-KY,23.9,24.35,23.6,23.65,88431.0
2026-09-04,TWSE,2929,淘帝-KY,5.69,5.72,5.58,5.65,101929.0
2026-09-04,TWSE,2939,永邑-KY,19.7,19.7,19.7,19.7,1000.0
2026-09-04,TWSE,2945,三商家購,40.4,40.4,40.0,40.0,4194.0
2026-09-04,TWSE,3002,歐格,17.4,17.5,16.95,16.95,81462.0
2026-09-04,TWSE,3003,健和興,68.9,68.9,65.1,65.4,760070.0
2026-09-04,TWSE,3004,豐達科,126.5,129.0,123.0,123.0,1065876.0
2026-09-04,TWSE,3005,神基,116.0,116.5,113.0,113.0,2693708.0
2026-09-04,TWSE,3006,晶豪科,300.5,309.5,275.0,277.0,41962593.0
2026-09-04,TWSE,3008,大立光,7770.0,7825.0,7090.0,7150.0,1688885.0
2026-09-04,TWSE,3010,華立,130.5,132.0,127.5,127.5,759489.0
2026-09-04,TWSE,3011,今皓,10.4,10.5,10.1,10.1,325176.0
2026-09-04,TWSE,3013,晟銘電,89.5,90.5,85.6,86.0,1450798.0
2026-09-04,TWSE,3014,聯陽,131.5,132.5,130.0,130.5,1134150.0
2026-09-04,TWSE,3015,全漢,54.0,54.0,52.2,52.2,451102.0
2026-09-04,TWSE,3016,嘉晶,100.5,103.0,98.2,98.3,3531323.0
2026-09-04,TWSE,3017,奇鋐,3395.0,3525.0,3290.0,3300.0,4418016.0
2026-09-04,TWSE,3018,隆銘綠能,12.1,12.1,11.6,11.65,64607.0
2026-09-04,TWSE,3019,亞光,162.0,163.0,143.0,143.0,33676349.0
2026-09-04,TWSE,3021,鴻名,20.1,22.1,20.1,22.1,525343.0
2026-09-04,TWSE,3022,威強電,90.6,90.9,87.1,87.2,1539796.0
2026-09-04,TWSE,3023,信邦,331.5,341.5,325.0,325.0,2127281.0
2026-09-04,TWSE,3024,憶聲,14.8,15.0,14.6,14.65,1311220.0
2026-09-04,TWSE,3025,星通,53.0,53.2,52.0,52.0,152593.0
2026-09-04,TWSE,3026,禾伸堂,691.0,699.0,632.0,638.0,7150909.0
2026-09-04,TWSE,3027,盛達,18.55,18.6,17.9,17.95,155349.0
2026-09-04,TWSE,3028,增你強,66.0,66.5,64.0,64.0,849074.0
2026-09-04,TWSE,3029,零壹,113.0,113.0,109.0,109.0,827261.0
2026-09-04,TWSE,3030,德律,292.0,306.5,287.5,293.5,2790260.0
2026-09-04,TWSE,3031,佰鴻,24.65,25.25,24.3,24.35,666721.0
2026-09-04,TWSE,3032,偉訓,80.6,81.1,78.6,78.8,356102.0
2026-09-04,TWSE,3033,威健,44.7,45.0,44.1,44.15,2823183.0
2026-09-04,TWSE,3034,聯詠,548.0,549.0,522.0,527.0,2612709.0
2026-09-04,TWSE,3035,智原,186.5,187.5,179.0,180.0,2519016.0
2026-09-04,TWSE,3036,文曄,190.0,196.0,189.0,190.5,15173402.0
2026-09-04,TWSE,3037,欣興,997.0,1005.0,923.0,923.0,33450176.0
2026-09-04,TWSE,3038,全台,20.3,20.3,20.0,20.05,148397.0
2026-09-04,TWSE,3040,遠見,35.75,36.1,34.9,35.65,419263.0
2026-09-04,TWSE,3041,揚智,23.85,24.0,22.95,22.95,803771.0
2026-09-04,TWSE,3042,晶技,181.0,181.5,171.0,174.0,10757015.0
2026-09-04,TWSE,3043,科風,21.25,21.4,20.85,20.85,78721.0
2026-09-04,TWSE,3044,健鼎,500.0,504.0,486.0,487.5,2391315.0
2026-09-04,TWSE,3045,台灣大,116.0,118.0,115.5,118.0,13130153.0
2026-09-04,TWSE,3046,建碁,56.8,57.4,55.0,55.0,381611.0
2026-09-04,TWSE,3047,訊舟,13.9,14.0,13.4,13.4,660302.0
2026-09-04,TWSE,3048,益登,54.2,54.4,52.4,52.4,1604527.0
2026-09-04,TWSE,3049,精金,13.05,13.35,12.8,12.8,8576774.0
2026-09-04,TWSE,3050,鈺德,11.7,11.75,11.3,11.3,476237.0
2026-09-04,TWSE,3051,力特,22.55,22.85,21.75,21.75,1110565.0
2026-09-04,TWSE,3052,夆典,10.55,10.6,10.5,10.55,261144.0
2026-09-04,TWSE,3054,立萬利,58.9,58.9,54.0,55.7,66848.0
2026-09-04,TWSE,3055,蔚華科,143.0,144.5,130.5,131.0,7905506.0
2026-09-04,TWSE,3056,富華新,14.05,14.1,13.9,14.0,442035.0
2026-09-04,TWSE,3057,喬鼎,17.45,17.45,17.0,17.0,41514.0
2026-09-04,TWSE,3058,立德,8.17,8.2,8.06,8.07,410272.0
2026-09-04,TWSE,3059,華晶科,40.05,40.45,38.4,38.45,2551840.0
2026-09-04,TWSE,3060,銘異,26.95,27.45,25.6,25.7,2110238.0
2026-09-04,TWSE,3062,建漢,21.1,21.35,20.4,20.4,1364358.0
2026-09-04,TWSE,3090,日電貿,169.0,172.0,162.5,162.5,5160663.0
2026-09-04,TWSE,3092,鴻碩,24.0,24.0,23.5,23.5,128101.0
2026-09-04,TWSE,3094,聯傑,41.85,43.8,40.1,42.3,9326594.0
2026-09-04,TWSE,3130,一零四,210.5,210.5,209.5,209.5,47515.0
2026-09-04,TWSE,3135,凌航,178.5,179.0,172.5,172.5,1317691.0
2026-09-04,TWSE,3138,耀登,98.8,98.8,93.0,93.0,149939.0
2026-09-04,TWSE,3149,正達,63.3,63.3,59.4,59.5,13607314.0
2026-09-04,TWSE,3150,鈺寶-創,17.05,17.05,16.35,16.5,39000.0
2026-09-04,TWSE,3164,景岳,,,,,334.0
2026-09-04,TWSE,3167,大量,779.0,785.0,724.0,730.0,4103594.0
2026-09-04,TWSE,3168,眾福科,42.8,43.1,42.25,42.45,50226.0
2026-09-04,TWSE,3189,景碩,867.0,882.0,775.0,775.0,27084870.0
2026-09-04,TWSE,3209,全科,47.7,48.25,47.0,47.0,1575465.0
2026-09-04,TWSE,3229,晟鈦,51.2,51.3,48.6,48.6,900368.0
2026-09-04,TWSE,3231,緯創,188.0,196.0,186.5,188.5,97294860.0
2026-09-04,TWSE,3257,虹冠電,50.3,50.7,49.65,49.65,245091.0
2026-09-04,TWSE,3266,昇陽,13.85,13.85,13.65,13.7,43748.0
2026-09-04,TWSE,3296,勝德,24.05,24.05,23.55,23.65,17851.0
2026-09-04,TWSE,3305,昇貿,113.0,113.5,108.5,108.5,1175046.0
2026-09-04,TWSE,3308,聯德,22.05,22.25,21.45,21.75,65747.0
2026-09-04,TWSE,3311,閎暉,32.4,32.55,31.7,31.75,210688.0
2026-09-04,TWSE,3312,弘憶股,57.6,57.6,52.0,52.0,3448091.0
2026-09-04,TWSE,3321,同泰,17.5,18.4,17.5,18.0,229260.0
2026-09-04,TWSE,3338,泰碩,66.7,67.2,63.1,63.1,488429.0
2026-09-04,TWSE,3346,麗清,19.35,19.35,18.8,18.8,204693.0
2026-09-04,TWSE,3356,奇偶,63.5,63.6,62.2,62.4,525048.0
2026-09-04,TWSE,3376,新日興,208.5,210.0,201.5,204.0,4725016.0
2026-09-04,TWSE,3380,明泰,30.0,30.45,29.0,29.0,7241869.0
2026-09-04,TWSE,3406,玉晶光,1060.0,1070.0,990.0,991.0,2416584.0
2026-09-04,TWSE,3413,京鼎,287.0,287.0,280.0,280.0,677098.0
2026-09-04,TWSE,3416,融程電,172.5,173.5,165.0,165.0,615196.0
2026-09-04,TWSE,3419,譁裕,12.0,12.0,11.7,11.7,202169.0
2026-09-04,TWSE,3432,台端,14.6,14.75,14.55,14.55,29017.0
2026-09-04,TWSE,3437,榮創,18.2,18.85,17.6,17.6,657145.0
2026-09-04,TWSE,3443,創意,5895.0,6045.0,5725.0,5800.0,1600424.0
2026-09-04,TWSE,3447,展達,29.95,30.35,28.25,28.25,133284.0
2026-09-04,TWSE,3450,聯鈞,598.0,606.0,554.0,554.0,2686591.0
2026-09-04,TWSE,3481,群創,49.85,52.4,48.1,48.1,365400350.0
2026-09-04,TWSE,3494,誠研,7.3,7.3,6.9,7.08,71036.0
2026-09-04,TWSE,3501,維熹,40.0,40.3,39.65,39.9,128521.0
2026-09-04,TWSE,3504,揚明光,94.3,95.6,87.1,87.8,6869508.0
2026-09-04,TWSE,3515,華擎,232.5,235.0,220.0,220.0,713926.0
2026-09-04,TWSE,3518,柏騰,33.05,34.75,31.25,31.85,3558467.0
2026-09-04,TWSE,3528,安馳,86.6,86.6,82.3,82.4,244453.0
2026-09-04,TWSE,3530,晶相光,60.5,60.9,57.8,57.8,148751.0
2026-09-04,TWSE,3532,台勝科,391.0,402.0,376.0,381.0,6008409.0
2026-09-04,TWSE,3533,嘉澤,1730.0,1730.0,1665.0,1670.0,798509.0
2026-09-04,TWSE,3535,晶彩科,90.4,91.9,85.5,85.5,1145991.0
2026-09-04,TWSE,3543,州巧,48.65,48.65,43.9,44.9,4991065.0
2026-09-04,TWSE,3545,敦泰,52.1,52.8,50.0,50.4,1158738.0
2026-09-04,TWSE,3550,聯穎,23.75,24.05,22.95,22.95,963825.0
2026-09-04,TWSE,3557,嘉威,24.25,24.25,24.0,24.0,17850.0
2026-09-04,TWSE,3563,牧德,709.0,716.0,676.0,676.0,671038.0
2026-09-04,TWSE,3576,聯合再生,17.3,17.45,17.0,17.05,6607421.0
2026-09-04,TWSE,3583,辛耘,772.0,777.0,741.0,742.0,875396.0
2026-09-04,TWSE,3588,通嘉,54.5,54.5,51.8,51.9,154006.0
2026-09-04,TWSE,3591,艾笛森,23.3,24.25,22.55,22.7,1404170.0
2026-09-04,TWSE,3592,瑞鼎,227.0,227.5,221.0,221.0,254513.0
2026-09-04,TWSE,3593,力銘,10.5,10.5,10.0,10.4,26003.0
2026-09-04,TWSE,3596,智易,162.5,162.5,157.0,157.0,1644979.0
2026-09-04,TWSE,3605,宏致,128.0,129.5,114.5,114.5,13684319.0
2026-09-04,TWSE,3607,谷崧,13.85,14.0,13.65,13.65,152138.0
2026-09-04,TWSE,3617,碩天,250.5,250.5,241.5,241.5,405007.0
2026-09-04,TWSE,3622,洋華,53.4,53.7,52.7,52.7,514333.0
2026-09-04,TWSE,3645,達邁,72.5,73.3,70.2,70.3,2690321.0
2026-09-04,TWSE,3652,精聯,33.3,33.3,31.8,31.8,130724.0
2026-09-04,TWSE,3653,健策,5770.0,5820.0,5590.0,5615.0,902445.0
2026-09-04,TWSE,3661,世芯-KY,4210.0,4260.0,4010.0,4050.0,1876714.0
2026-09-04,TWSE,3665,貿聯-KY,2170.0,2180.0,2100.0,2100.0,2445221.0
2026-09-04,TWSE,3669,圓展,36.0,36.0,34.8,34.8,201791.0
2026-09-04,TWSE,3673,TPK-KY,67.4,68.8,64.7,64.7,5624756.0
2026-09-04,TWSE,3679,新至陞,108.5,108.5,107.5,108.0,6871.0
2026-09-04,TWSE,3686,達能,14.4,14.4,14.25,14.4,58872.0
2026-09-04,TWSE,3694,海華,51.8,52.0,50.0,50.0,835465.0
2026-09-04,TWSE,3701,大眾控,43.25,44.0,40.3,40.45,2180721.0
2026-09-04,TWSE,3702,大聯大,102.5,104.5,101.5,102.0,10122351.0
2026-09-04,TWSE,3703,欣陸,19.45,20.0,19.45,19.95,1537050.0
2026-09-04,TWSE,3704,合勤控,42.1,42.75,40.0,40.0,3368025.0
2026-09-04,TWSE,3705,永信,55.8,56.2,55.8,55.9,93669.0
2026-09-04,TWSE,3706,神達,94.9,95.3,91.4,91.5,14808074.0
2026-09-04,TWSE,3708,上緯投控,100.5,101.0,99.6,100.0,502519.0
2026-09-04,TWSE,3711,日月光投控,595.0,605.0,585.0,589.0,11637807.0
2026-09-04,TWSE,3712,永崴投控,21.25,21.5,20.95,21.0,690998.0
2026-09-04,TWSE,3714,富采,63.8,68.2,61.2,61.5,50253672.0
2026-09-04,TWSE,3715,定穎投控,125.5,126.5,117.5,118.0,5543430.0
2026-09-04,TWSE,3716,中化控股,34.75,34.95,34.35,34.35,327035.0
2026-09-04,TWSE,3717,聯嘉投控,22.4,22.95,22.05,22.05,1404156.0
2026-09-04,TWSE,4104,佳醫,71.4,71.4,70.7,70.8,104429.0
2026-09-04,TWSE,4106,雃博,24.6,24.6,24.3,24.5,87334.0
2026-09-04,TWSE,4108,懷特,11.35,11.45,11.3,11.35,138051.0
2026-09-04,TWSE,4119,旭富,55.5,56.5,54.0,56.1,369838.0
2026-09-04,TWSE,4133,亞諾法,20.65,20.65,20.5,20.5,66853.0
2026-09-04,TWSE,4137,麗豐-KY,81.2,81.3,79.8,79.9,415473.0
2026-09-04,TWSE,4142,國光生,17.8,17.9,17.6,17.6,581839.0
2026-09-04,TWSE,4148,全宇生技-KY,32.0,32.0,31.3,31.3,21076.0
2026-09-04,TWSE,4155,訊映,14.45,14.45,14.25,14.3,138853.0
2026-09-04,TWSE,4164,承業醫,26.35,26.35,25.9,26.0,220061.0
2026-09-04,TWSE,4169,泰宗,153.5,154.0,150.5,150.5,118707.0
2026-09-04,TWSE,4178,永笙-KY,16.9,16.95,16.6,16.6,129964.0
2026-09-04,TWSE,4190,佐登-KY,25.8,25.8,25.8,25.8,3040.0
2026-09-04,TWSE,4195,基米-創,14.05,14.2,13.9,13.95,98014.0
2026-09-04,TWSE,4306,炎洲,15.05,15.3,15.05,15.25,1718050.0
2026-09-04,TWSE,4414,如興,8.39,8.41,8.19,8.19,203731.0
2026-09-04,TWSE,4426,利勤,7.53,7.86,7.53,7.58,106708.0
2026-09-04,TWSE,4438,廣越,58.4,58.9,58.2,58.2,74122.0
2026-09-04,TWSE,4439,冠星-KY,95.8,97.1,95.7,96.2,8943.0
2026-09-04,TWSE,4440,宜新實業,17.6,17.6,17.45,17.55,34140.0
2026-09-04,TWSE,4441,振大環球,173.0,173.5,171.5,171.5,32734.0
2026-09-04,TWSE,4526,東台,32.2,33.4,31.2,31.4,11493007.0
2026-09-04,TWSE,4532,瑞智,23.9,24.15,23.65,23.7,753368.0
2026-09-04,TWSE,4536,拓凱,164.5,166.0,163.5,163.5,88086.0
2026-09-04,TWSE,4540,全球傳動,61.5,63.6,59.5,59.5,6258594.0
2026-09-04,TWSE,4545,銘鈺,32.1,32.4,31.65,31.65,194056.0
2026-09-04,TWSE,4551,智伸科,168.0,169.0,161.0,161.0,831133.0
2026-09-04,TWSE,4552,力達-KY,16.75,16.85,16.55,16.65,157595.0
2026-09-04,TWSE,4555,氣立,46.5,46.65,45.25,45.25,100791.0
2026-09-04,TWSE,4557,永新-KY,50.1,50.9,49.5,49.55,43716.0
2026-09-04,TWSE,4560,強信-KY,29.65,29.65,29.3,29.45,289020.0
2026-09-04,TWSE,4562,穎漢,31.5,31.7,30.1,30.1,185616.0
2026-09-04,TWSE,4564,元翎,16.6,16.65,16.0,16.1,1174601.0
2026-09-04,TWSE,4566,時碩工業,66.4,67.1,62.8,62.9,1571746.0
2026-09-04,TWSE,4569,六方科-KY,180.0,182.5,172.5,172.5,336382.0
2026-09-04,TWSE,4571,鈞興-KY,160.5,161.5,154.0,154.5,195023.0
2026-09-04,TWSE,4572,駐龍,142.5,142.5,140.0,140.0,12144.0
2026-09-04,TWSE,4576,大銀微系統,250.0,251.5,229.5,231.0,9012781.0
2026-09-04,TWSE,4581,光隆精密-KY,48.0,48.0,48.0,48.0,1000.0
2026-09-04,TWSE,4582,聚恆-創,23.25,23.8,23.25,23.4,34030.0
2026-09-04,TWSE,4583,台灣精銳,478.5,492.5,461.5,462.0,92394.0
2026-09-04,TWSE,4585,達明,296.0,302.0,288.0,288.0,288946.0
2026-09-04,TWSE,4588,玖鼎電力,52.3,52.8,52.3,52.8,5218.0
2026-09-04,TWSE,4590,富田-創,89.9,91.5,89.1,89.1,290070.0
2026-09-04,TWSE,4720,德淵,19.1,19.9,18.5,18.5,852582.0
2026-09-04,TWSE,4722,國精化,203.5,207.5,195.5,195.5,511628.0
2026-09-04,TWSE,4736,泰博,126.0,129.0,126.0,127.0,293279.0
2026-09-04,TWSE,4737,華廣,57.4,57.7,56.8,57.7,62011.0
2026-09-04,TWSE,4739,康普,86.1,86.1,82.1,82.3,1167720.0
2026-09-04,TWSE,4746,台耀,47.7,47.95,46.0,46.0,1197379.0
2026-09-04,TWSE,4755,三福化,118.5,120.5,116.0,116.0,202759.0
2026-09-04,TWSE,4763,材料*-KY,51.9,52.4,49.05,49.1,11725611.0
2026-09-04,TWSE,4764,雙鍵,239.0,243.0,216.0,217.5,1961994.0
2026-09-04,TWSE,4766,南寶,346.5,346.5,341.5,342.0,135747.0
2026-09-04,TWSE,4770,上品,215.5,221.5,215.0,217.0,280635.0
2026-09-04,TWSE,4771,望隼,217.5,217.5,208.5,209.5,197735.0
2026-09-04,TWSE,4807,日成-KY,28.4,28.4,27.5,27.55,62432.0
2026-09-04,TWSE,4904,遠傳,102.5,103.5,102.0,103.5,3510171.0
2026-09-04,TWSE,4906,正文,37.1,37.35,35.5,35.5,5107223.0
2026-09-04,TWSE,4912,聯德控股-KY,103.0,105.5,101.0,101.5,970665.0
2026-09-04,TWSE,4915,致伸,60.7,60.9,59.6,59.6,2285577.0
2026-09-04,TWSE,4916,事欣科,101.0,101.5,96.7,96.7,2064632.0
2026-09-04,TWSE,4919,新唐,121.5,123.0,115.0,115.0,2315891.0
2026-09-04,TWSE,4927,泰鼎-KY,42.5,43.45,40.45,40.55,4106241.0
2026-09-04,TWSE,4930,燦星網,16.3,16.3,16.1,16.1,17814.0
2026-09-04,TWSE,4934,太極,14.3,14.55,13.65,13.65,505087.0
2026-09-04,TWSE,4935,茂林-KY,33.5,34.05,33.4,33.55,95200.0
2026-09-04,TWSE,4938,和碩,92.0,92.9,89.9,90.4,9098623.0
2026-09-04,TWSE,4942,嘉彰,33.1,33.15,33.0,33.05,52075.0
2026-09-04,TWSE,4943,康控-KY,8.25,8.25,7.31,7.9,120641.0
2026-09-04,TWSE,4949,有成精密,81.5,82.0,76.8,77.5,1607862.0
2026-09-04,TWSE,4952,凌通,51.8,51.8,50.2,50.2,313060.0
2026-09-04,TWSE,4956,光鋐,36.5,37.6,34.8,34.8,2671227.0
2026-09-04,TWSE,4958,臻鼎-KY,520.0,525.0,462.0,464.0,40982476.0
2026-09-04,TWSE,4960,誠美材,21.35,22.05,20.8,20.8,2805170.0
2026-09-04,TWSE,4961,天鈺,170.0,170.0,165.0,166.0,620585.0
2026-09-04,TWSE,4967,十銓,281.0,283.5,271.0,272.5,5011144.0
2026-09-04,TWSE,4968,立積,94.2,94.2,90.4,90.4,361525.0
2026-09-04,TWSE,4976,佳凌,41.5,42.0,37.7,37.7,12436263.0
2026-09-04,TWSE,4977,眾達-KY,179.5,186.0,171.5,172.5,6148309.0
2026-09-04,TWSE,4989,榮科,64.3,65.6,60.4,60.5,4727679.0
2026-09-04,TWSE,4994,傳奇,81.3,83.9,81.0,81.9,6000.0
2026-09-04,TWSE,4999,鑫禾,18.4,18.5,18.1,18.4,53185.0
2026-09-04,TWSE,5007,三星,55.9,56.2,55.8,55.8,11042.0
2026-09-04,TWSE,5203,訊連,59.1,59.2,58.6,58.8,83239.0
2026-09-04,TWSE,5215,科嘉-KY,39.3,39.4,38.85,39.1,18325.0
2026-09-04,TWSE,5222,全訊,106.5,107.0,104.0,104.0,201173.0
2026-09-04,TWSE,5225,東科-KY,61.0,61.7,60.6,61.0,179001.0
2026-09-04,TWSE,5234,達興材料,300.5,307.5,289.0,289.5,326185.0
2026-09-04,TWSE,5236,凌陽創新,138.0,138.0,135.5,136.0,77258.0
2026-09-04,TWSE,5243,乙盛-KY,92.4,93.2,88.3,88.3,890385.0
2026-09-04,TWSE,5244,弘凱,35.15,35.9,34.55,34.9,196691.0
2026-09-04,TWSE,5258,虹堡,46.45,46.9,45.1,45.1,361033.0
2026-09-04,TWSE,5269,祥碩,1470.0,1495.0,1430.0,1440.0,532498.0
2026-09-04,TWSE,5283,禾聯碩,53.0,55.0,53.0,53.8,117040.0
2026-09-04,TWSE,5284,jpp-KY,350.0,353.5,322.5,323.0,790708.0
2026-09-04,TWSE,5285,界霖,89.7,90.3,84.2,86.3,4511949.0
2026-09-04,TWSE,5288,豐祥-KY,191.5,193.5,185.5,187.0,156379.0
2026-09-04,TWSE,5292,華懋,229.5,232.0,218.0,219.0,417545.0
2026-09-04,TWSE,5306,桂盟,93.2,94.5,93.2,94.5,131331.0
2026-09-04,TWSE,5388,中磊,77.5,77.7,75.0,75.1,5028064.0
2026-09-04,TWSE,5434,崇越,536.0,544.0,527.0,527.0,707339.0
2026-09-04,TWSE,5469,瀚宇博,73.9,74.2,71.2,71.2,1041089.0
2026-09-04,TWSE,5471,松翰,61.5,61.7,59.8,59.9,1950245.0
2026-09-04,TWSE,5484,慧友,40.3,40.4,39.0,39.1,223683.0
2026-09-04,TWSE,5515,建國,52.4,53.2,52.3,52.9,316769.0
2026-09-04,TWSE,5519,隆大,27.45,27.55,27.25,27.25,331527.0
2026-09-04,TWSE,5521,工信,10.55,10.7,10.55,10.55,1154332.0
2026-09-04,TWSE,5522,遠雄,63.0,64.0,63.0,63.8,392082.0
2026-09-04,TWSE,5525,順天,22.05,22.15,21.85,22.0,123998.0
2026-09-04,TWSE,5531,鄉林,7.26,7.47,7.2,7.47,912472.0
2026-09-04,TWSE,5533,皇鼎,13.95,13.95,13.8,13.9,102054.0
2026-09-04,TWSE,5534,長虹,76.3,77.1,75.8,76.6,657989.0
2026-09-04,TWSE,5538,東明-KY,37.2,38.0,36.65,36.65,78511.0
2026-09-04,TWSE,5546,永固-KY,14.4,14.9,14.4,14.8,26000.0
2026-09-04,TWSE,5607,遠雄港,54.4,57.4,54.4,57.2,2416852.0
2026-09-04,TWSE,5608,四維航,17.3,17.75,17.15,17.45,13237460.0
2026-09-04,TWSE,5706,鳳凰,44.8,44.9,44.7,44.7,69144.0
2026-09-04,TWSE,5871,中租-KY,112.5,113.0,111.5,111.5,7218455.0
2026-09-04,TWSE,5876,上海商銀,45.15,46.0,45.1,45.95,13157273.0
2026-09-04,TWSE,5880,合庫金,26.3,26.85,26.25,26.7,32491451.0
2026-09-04,TWSE,5906,台南-KY,38.0,38.0,38.0,38.0,1000.0
2026-09-04,TWSE,5907,大洋-KY,4.98,4.98,4.89,4.91,291043.0
2026-09-04,TWSE,6005,群益證,32.0,32.95,32.0,32.35,8491306.0
2026-09-04,TWSE,6024,群益期,63.1,63.5,62.9,63.0,166335.0
2026-09-04,TWSE,6108,競國,24.25,24.25,23.05,23.05,2740157.0
2026-09-04,TWSE,6112,邁達特,46.5,46.75,44.9,44.95,365636.0
2026-09-04,TWSE,6115,鎰勝,44.05,44.35,43.9,43.95,85732.0
2026-09-04,TWSE,6116,彩晶,14.35,15.0,13.9,13.9,45896083.0
2026-09-04,TWSE,6117,迎廣,66.4,66.8,64.0,64.0,339977.0
2026-09-04,TWSE,6120,達運,12.75,13.05,12.4,12.4,2299935.0
2026-09-04,TWSE,6128,上福,19.7,19.9,19.7,19.85,15690.0
2026-09-04,TWSE,6133,金橋,23.95,24.75,23.7,23.75,1537631.0
2026-09-04,TWSE,6136,富爾特,24.5,24.7,24.5,24.65,95618.0
2026-09-04,TWSE,6139,亞翔,725.0,741.0,711.0,712.0,2059979.0
2026-09-04,TWSE,6141,柏承,55.0,56.2,51.5,51.7,4475000.0
2026-09-04,TWSE,6142,友勁,8.86,8.92,8.65,8.65,375140.0
2026-09-04,TWSE,6152,百一,13.95,14.0,13.55,13.55,491885.0
2026-09-04,TWSE,6153,嘉聯益,18.2,18.4,17.1,17.2,3615483.0
2026-09-04,TWSE,6155,鈞寶,56.4,56.9,53.8,53.8,806458.0
2026-09-04,TWSE,6164,華興,12.35,12.35,11.9,11.9,180569.0
2026-09-04,TWSE,6165,浪凡,49.9,50.5,49.2,49.2,291428.0
2026-09-04,TWSE,6166,凌華,119.5,121.0,113.5,114.0,2228259.0
2026-09-04,TWSE,6168,宏齊,28.05,29.65,27.5,27.6,8401636.0
2026-09-04,TWSE,6176,瑞儀,92.9,93.0,90.3,90.3,2737594.0
2026-09-04,TWSE,6177,達麗,47.9,49.2,47.45,48.75,2841912.0
2026-09-04,TWSE,6183,關貿,91.3,91.6,91.0,91.3,17447.0
2026-09-04,TWSE,6184,大豐電,40.1,40.55,40.1,40.3,52269.0
2026-09-04,TWSE,6189,豐藝,48.5,48.7,48.05,48.05,265943.0
2026-09-04,TWSE,6191,精成科,83.5,84.0,81.1,81.4,1665497.0
2026-09-04,TWSE,6192,巨路,115.0,116.5,114.0,115.5,134092.0
2026-09-04,TWSE,6196,帆宣,500.0,523.0,498.5,500.0,2947816.0
2026-09-04,TWSE,6197,佳必琪,314.0,315.5,299.0,299.0,2845571.0
2026-09-04,TWSE,6201,亞弘電,44.4,44.5,44.4,44.45,6110.0
2026-09-04,TWSE,6202,盛群,59.5,59.5,56.7,57.0,1108257.0
2026-09-04,TWSE,6205,詮欣,68.8,69.7,65.2,65.4,586849.0
2026-09-04,TWSE,6206,飛捷,138.5,140.5,134.5,134.5,924919.0
2026-09-04,TWSE,6209,今國光,84.5,85.7,80.5,81.1,19919693.0
2026-09-04,TWSE,6213,聯茂,550.0,552.0,509.0,512.0,12963621.0
2026-09-04,TWSE,6214,精誠,183.0,184.5,182.5,183.0,2152555.0
2026-09-04,TWSE,6215,和椿,102.5,105.5,97.8,97.8,1316140.0
2026-09-04,TWSE,6216,居易,20.55,20.6,20.45,20.45,120534.0
2026-09-04,TWSE,6224,聚鼎,89.9,92.0,79.6,79.6,7047769.0
2026-09-04,TWSE,6225,天瀚,58.0,60.7,58.0,60.4,60561.0
2026-09-04,TWSE,6226,光鼎,35.1,35.55,32.0,32.0,5284891.0
2026-09-04,TWSE,6230,尼得科超眾,110.0,110.0,106.0,106.0,36389.0
2026-09-04,TWSE,6235,華孚,40.0,40.35,39.25,39.45,300811.0
2026-09-04,TWSE,6239,力成,282.5,284.5,273.5,275.0,9490466.0
2026-09-04,TWSE,6243,迅杰,40.45,41.1,38.85,38.85,467896.0
2026-09-04,TWSE,6257,矽格,217.0,217.5,208.5,209.0,9652799.0
2026-09-04,TWSE,6269,台郡,71.5,72.5,64.7,65.0,12283027.0
2026-09-04,TWSE,6271,同欣電,225.0,227.0,215.0,215.5,3700475.0
2026-09-04,TWSE,6272,驊陞,29.0,30.4,28.0,28.95,2680094.0
2026-09-04,TWSE,6277,宏正,78.5,80.3,78.5,79.9,383812.0
2026-09-04,TWSE,6278,台表科,202.5,202.5,191.5,191.5,3353471.0
2026-09-04,TWSE,6281,全國電,51.5,51.5,51.3,51.3,19310.0
2026-09-04,TWSE,6282,康舒,44.8,45.05,43.15,43.2,5453980.0
2026-09-04,TWSE,6283,淳安,20.0,20.35,19.8,20.0,105647.0
2026-09-04,TWSE,6285,啟碁,246.0,248.5,233.5,233.5,3634085.0
2026-09-04,TWSE,6405,悅城,42.25,42.25,39.1,39.2,1088439.0
2026-09-04,TWSE,6409,旭隼,1005.0,1020.0,972.0,972.0,456721.0
2026-09-04,TWSE,6412,群電,79.2,79.5,77.0,77.3,641667.0
2026-09-04,TWSE,6414,樺漢,393.0,396.0,381.0,381.0,1142273.0
2026-09-04,TWSE,6415,矽力*-KY,426.5,437.5,408.0,411.0,4262145.0
2026-09-04,TWSE,6416,瑞祺電通,101.0,101.0,95.5,95.5,681947.0
2026-09-04,TWSE,6426,統新,260.5,274.0,249.0,265.5,3546338.0
2026-09-04,TWSE,6431,光麗-KY,19.3,20.0,19.25,19.8,84001.0
2026-09-04,TWSE,6438,迅得,162.0,164.0,154.0,154.0,970646.0
2026-09-04,TWSE,6442,光聖,1840.0,1920.0,1770.0,1770.0,7869894.0
2026-09-04,TWSE,6443,元晶,25.2,25.6,24.55,24.55,3308376.0
2026-09-04,TWSE,6446,藥華藥,1315.0,1375.0,1315.0,1350.0,3196968.0
2026-09-04,TWSE,6449,鈺邦,225.5,226.5,216.5,216.5,662259.0
2026-09-04,TWSE,6451,訊芯-KY,505.0,505.0,450.0,450.0,13899708.0
2026-09-04,TWSE,6456,GIS-KY,71.5,72.1,67.1,67.4,4089243.0
2026-09-04,TWSE,6464,台數科,76.8,76.8,76.8,76.8,1365.0
2026-09-04,TWSE,6472,保瑞,426.5,426.5,411.5,411.5,732118.0
2026-09-04,TWSE,6477,安集,35.8,36.0,34.6,34.6,830884.0
2026-09-04,TWSE,6491,晶碩,396.0,396.0,380.0,380.5,583589.0
2026-09-04,TWSE,6504,南六,38.2,38.2,37.4,37.4,18071.0
2026-09-04,TWSE,6505,台塑化,78.1,79.9,76.1,76.5,27551720.0
2026-09-04,TWSE,6515,穎崴,7320.0,7350.0,7000.0,7000.0,819545.0
2026-09-04,TWSE,6525,捷敏-KY,138.5,142.0,135.5,135.5,1236719.0
2026-09-04,TWSE,6526,達發,652.0,655.0,630.0,630.0,573091.0
2026-09-04,TWSE,6531,愛普*,967.0,995.0,907.0,912.0,8083032.0
2026-09-04,TWSE,6533,晶心科,264.0,273.5,263.5,264.0,1829812.0
2026-09-04,TWSE,6534,正瀚-創,92.3,92.3,90.8,91.0,60541.0
2026-09-04,TWSE,6541,泰福-KY,32.55,32.65,31.2,31.25,556908.0
2026-09-04,TWSE,6550,北極星藥業-KY,10.7,10.7,10.3,10.3,1005655.0
2026-09-04,TWSE,6552,易華電,24.5,24.5,24.2,24.25,83342.0
2026-09-04,TWSE,6558,興能高,24.6,25.1,24.55,24.55,159384.0
2026-09-04,TWSE,6573,虹揚-KY,16.9,17.2,16.3,16.3,353651.0
2026-09-04,TWSE,6579,研揚,150.0,151.5,142.5,142.5,401380.0
2026-09-04,TWSE,6581,鋼聯,108.5,108.5,108.5,108.5,5150.0
2026-09-04,TWSE,6582,申豐,31.95,31.95,31.65,31.7,18152.0
2026-09-04,TWSE,6585,鼎基,113.5,114.0,111.0,111.5,151452.0
2026-09-04,TWSE,6589,台康生技,48.6,48.95,47.9,47.9,308436.0
2026-09-04,TWSE,6591,動力-KY,42.6,42.8,42.25,42.5,109068.0
2026-09-04,TWSE,6592,和潤企業,61.0,61.9,60.7,60.9,414855.0
2026-09-04,TWSE,6598,ABC-KY,28.1,28.1,27.05,27.2,219853.0
2026-09-04,TWSE,6605,帝寶,137.5,139.0,136.5,137.0,168254.0
2026-09-04,TWSE,6606,建德工業,26.0,26.0,25.45,25.6,97492.0
2026-09-04,TWSE,6614,資拓宏宇,35.9,35.9,35.4,35.4,9612.0
2026-09-04,TWSE,6625,必應,76.2,76.2,75.3,75.5,55010.0
2026-09-04,TWSE,6641,基士德-KY,17.05,17.2,17.0,17.0,19000.0
2026-09-04,TWSE,6645,金萬林-創,12.55,12.55,12.4,12.4,7001.0
2026-09-04,TWSE,6655,科定,,,,,128.0
2026-09-04,TWSE,6657,華安,30.75,30.8,30.15,30.2,84264.0
2026-09-04,TWSE,6658,聯策,184.0,187.0,171.5,174.0,495944.0
2026-09-04,TWSE,6666,羅麗芬-KY,44.65,44.65,43.85,44.05,15124.0
2026-09-04,TWSE,6668,中揚光,44.0,44.75,41.35,42.6,2902743.0
2026-09-04,TWSE,6669,緯穎,2605.0,2630.0,2475.0,2475.0,5153604.0
2026-09-04,TWSE,6670,復盛應用,281.5,281.5,274.0,275.0,253035.0
2026-09-04,TWSE,6671,三能-KY,23.45,23.5,23.0,23.1,22100.0
2026-09-04,TWSE,6672,騰輝電子-KY,274.0,276.0,261.5,263.0,1884635.0
2026-09-04,TWSE,6674,鋐寶科技,15.9,15.9,15.65,15.8,3000.0
2026-09-04,TWSE,6689,伊雲谷,62.8,62.8,60.8,60.8,122736.0
2026-09-04,TWSE,6691,洋基工程,609.0,621.0,603.0,603.0,426141.0
2026-09-04,TWSE,6695,芯鼎,50.9,50.9,48.55,49.1,758262.0
2026-09-04,TWSE,6698,旭暉應材,33.5,33.5,31.2,31.4,203604.0
2026-09-04,TWSE,6706,惠特,128.0,138.0,120.5,120.5,5165561.0
2026-09-04,TWSE,6715,嘉基,340.0,341.5,307.5,307.5,1556786.0
2026-09-04,TWSE,6719,力智,193.0,194.5,187.0,187.0,480562.0
2026-09-04,TWSE,6722,輝創,32.85,32.85,32.0,32.7,8200.0
2026-09-04,TWSE,6742,澤米,48.0,49.55,44.0,44.0,1132679.0
2026-09-04,TWSE,6743,安普新,28.45,28.55,27.95,28.5,263652.0
2026-09-04,TWSE,6753,龍德造船,140.0,141.0,137.0,137.0,859903.0
2026-09-04,TWSE,6754,匯僑設計,41.6,41.6,41.1,41.35,4292.0
2026-09-04,TWSE,6756,威鋒電子,104.5,105.5,100.5,100.5,245234.0
2026-09-04,TWSE,6757,台灣虎航,55.3,56.2,55.3,55.9,833701.0
2026-09-04,TWSE,6768,志強-KY,64.0,64.6,64.0,64.0,118268.0
2026-09-04,TWSE,6770,力積電,71.2,72.0,67.5,67.8,115197089.0
2026-09-04,TWSE,6771,平和環保-創,41.7,41.9,41.25,41.7,15166.0
2026-09-04,TWSE,6776,展碁國際,52.8,53.5,52.2,52.7,175774.0
2026-09-04,TWSE,6781,AES-KY,1120.0,1130.0,1055.0,1060.0,665562.0
2026-09-04,TWSE,6782,視陽,240.0,240.0,232.0,235.0,540473.0
2026-09-04,TWSE,6789,采鈺,485.0,488.5,465.0,465.5,2032703.0
2026-09-04,TWSE,6790,永豐實,38.0,38.05,37.95,38.0,114885.0
2026-09-04,TWSE,6792,詠業,59.2,60.2,59.0,59.2,47410.0
2026-09-04,TWSE,6794,向榮生技,74.3,75.2,72.8,75.0,26000.0
2026-09-04,TWSE,6796,晉弘,59.5,61.3,59.3,59.3,69688.0
2026-09-04,TWSE,6799,來頡,82.6,83.1,80.0,80.2,147612.0
2026-09-04,TWSE,6805,富世達,2130.0,2170.0,2030.0,2095.0,870133.0
2026-09-04,TWSE,6807,峰源-KY,32.6,32.7,32.5,32.7,14022.0
2026-09-04,TWSE,6830,汎銓,615.0,641.0,582.0,590.0,5312183.0
2026-09-04,TWSE,6831,邁科,613.0,622.0,585.0,585.0,741344.0
2026-09-04,TWSE,6834,天二科技,92.1,95.0,87.0,87.2,2575546.0
2026-09-04,TWSE,6835,圓裕,31.55,31.55,30.7,31.05,25000.0
2026-09-04,TWSE,6838,台新藥,23.7,24.45,23.7,24.0,295383.0
2026-09-04,TWSE,6854,錼創科技-KY創,99.5,102.5,92.7,92.7,642573.0
2026-09-04,TWSE,6861,睿生光電,190.5,190.5,178.5,178.5,593595.0
2026-09-04,TWSE,6862,三集瑞-KY,143.5,143.5,137.0,139.0,119945.0
2026-09-04,TWSE,6863,永道-KY,107.0,108.0,104.0,104.0,112723.0
2026-09-04,TWSE,6869,雲豹能源,66.7,66.9,65.0,65.0,312157.0
2026-09-04,TWSE,6873,泓德能源,68.9,69.0,67.2,68.1,186719.0
2026-09-04,TWSE,6885,全福生技,24.55,24.55,23.25,23.25,535514.0
2026-09-04,TWSE,6887,寶綠特-KY,37.5,37.5,37.15,37.15,8000.0
2026-09-04,TWSE,6890,來億-KY,168.0,173.0,166.5,169.0,313214.0
2026-09-04,TWSE,6901,鑽石投資,15.25,15.4,14.9,14.9,1090417.0
2026-09-04,TWSE,6902,GOGOLOOK,124.0,125.0,122.5,124.0,46386.0
2026-09-04,TWSE,6906,現觀科,77.4,83.4,77.4,83.4,397569.0
2026-09-04,TWSE,6908,宏碁遊戲-創,30.1,30.1,30.05,30.1,7116.0
2026-09-04,TWSE,6909,創控,40.85,41.4,39.55,39.6,227598.0
2026-09-04,TWSE,6914,阜爾運通,123.0,123.0,121.5,122.0,20513.0
2026-09-04,TWSE,6916,華凌,18.75,18.75,18.5,18.5,27100.0
2026-09-04,TWSE,6918,愛派司,78.4,78.4,77.1,77.1,18409.0
2026-09-04,TWSE,6919,康霈*,88.8,89.4,84.5,84.5,11601300.0
2026-09-04,TWSE,6921,嘉雨思-創,61.1,63.7,61.1,63.7,4005.0
2026-09-04,TWSE,6923,中台,76.0,76.0,74.8,75.4,30359.0
2026-09-04,TWSE,6924,榮惠-KY創,115.0,115.0,113.5,113.5,13192.0
2026-09-04,TWSE,6928,攸泰科技,48.8,48.8,47.95,47.95,40183.0
2026-09-04,TWSE,6931,青松健康,41.2,41.25,40.55,40.95,27290.0
2026-09-04,TWSE,6933,AMAX-KY,316.0,322.0,301.5,302.0,1360888.0
2026-09-04,TWSE,6934,心誠鎂,75.5,75.5,74.0,74.0,45101.0
2026-09-04,TWSE,6936,永鴻生技,33.0,33.0,32.8,32.8,20373.0
2026-09-04,TWSE,6937,天虹,295.0,299.5,278.0,278.0,534837.0
2026-09-04,TWSE,6944,兆聯實業,707.0,714.0,695.0,695.0,473829.0
2026-09-04,TWSE,6947,台鎔科技,69.6,70.1,68.4,68.4,315073.0
2026-09-04,TWSE,6951,青新-創,71.0,72.0,71.0,71.8,16784.0
2026-09-04,TWSE,6952,大武山,,,,,113.0
2026-09-04,TWSE,6955,邦睿生技-創,102.5,102.5,98.9,98.9,4000.0
2026-09-04,TWSE,6957,裕慶-KY,218.0,220.5,217.5,217.5,34627.0
2026-09-04,TWSE,6958,日盛台駿,17.25,17.3,17.1,17.2,23468.0
2026-09-04,TWSE,6962,奕力-KY,32.3,32.55,31.8,31.8,1776312.0
2026-09-04,TWSE,6965,中傑-KY,73.2,73.9,73.0,73.7,14177.0
2026-09-04,TWSE,6969,成信實業*-創,34.0,34.0,33.3,33.35,92510.0
2026-09-04,TWSE,6988,威力暘-創,11.3,11.35,11.25,11.3,43444.0
2026-09-04,TWSE,6994,富威電力,36.2,36.2,35.5,35.55,322249.0
2026-09-04,TWSE,7610,聯友金屬-創,1540.0,1670.0,1540.0,1655.0,1152011.0
2026-09-04,TWSE,7631,聚賢研發-創,144.0,144.5,141.0,141.0,31354.0
2026-09-04,TWSE,7689,大鵬科CLMX,173.0,173.0,170.5,170.5,44494.0
2026-09-04,TWSE,7705,三商餐飲,30.2,30.25,29.8,29.8,247241.0
2026-09-04,TWSE,7711,永擎,617.0,617.0,575.0,575.0,1693857.0
2026-09-04,TWSE,7721,微程式,61.3,61.3,59.6,60.3,137250.0
2026-09-04,TWSE,7722,LINEPAY,276.5,282.5,274.0,274.5,51555.0
2026-09-04,TWSE,7730,暉盛-創,173.0,188.0,173.0,188.0,343073.0
2026-09-04,TWSE,7732,金興精密,34.0,34.0,33.5,33.5,4000.0
2026-09-04,TWSE,7736,虎山,68.4,69.9,68.2,69.9,19040.0
2026-09-04,TWSE,7740,熙特爾-創,130.5,131.5,128.0,129.0,81783.0
2026-09-04,TWSE,7749,意騰-KY,371.0,374.0,363.5,363.5,122766.0
2026-09-04,TWSE,7750,新代,2270.0,2300.0,2200.0,2200.0,186623.0
2026-09-04,TWSE,7760,享溫馨,33.2,33.2,33.0,33.2,80065.0
2026-09-04,TWSE,7765,中華資安,222.5,224.5,220.5,222.0,48221.0
2026-09-04,TWSE,7768,頌勝科技,287.0,289.5,278.0,278.0,73782.0
2026-09-04,TWSE,7769,鴻勁,5810.0,6025.0,5620.0,5870.0,940844.0
2026-09-04,TWSE,7780,大研生醫*,16.9,16.9,16.6,16.65,1434571.0
2026-09-04,TWSE,7786,東方風能,117.5,119.0,116.5,116.5,49961.0
2026-09-04,TWSE,7788,松川精密,330.0,332.0,297.5,315.0,3682299.0
2026-09-04,TWSE,7791,皇家可口,55.9,55.9,55.2,55.3,46581.0
2026-09-04,TWSE,7795,長廣,531.0,534.0,489.0,489.0,726386.0
2026-09-04,TWSE,7799,禾榮科,366.5,366.5,352.0,352.0,217617.0
2026-09-04,TWSE,7803,雲象科技-創,19.1,19.4,18.95,19.1,12120.0
2026-09-04,TWSE,7818,溢泰實業,61.3,62.2,60.7,60.8,87086.0
2026-09-04,TWSE,7821,神數,39.9,40.1,39.2,39.4,126374.0
2026-09-04,TWSE,7822,倍利科,930.0,934.0,898.0,898.0,118970.0
2026-09-04,TWSE,7823,奧義賽博-KY創,84.1,84.1,82.5,83.7,30216.0
2026-09-04,TWSE,7827,漢康-KY創,152.0,152.5,148.5,151.5,130656.0
2026-09-04,TWSE,7835,永悅健康-創,25.4,26.7,23.7,23.75,83195.0
2026-09-04,TWSE,7855,和運租車,42.8,42.9,42.75,42.8,591844.0
2026-09-04,TWSE,8011,台通,16.0,16.25,15.75,15.75,348446.0
2026-09-04,TWSE,8016,矽創,298.5,298.5,289.0,290.0,533546.0
2026-09-04,TWSE,8021,尖點,461.0,462.0,413.5,413.5,14442146.0
2026-09-04,TWSE,8028,昇陽半導體,248.0,249.0,236.5,236.5,1932954.0
2026-09-04,TWSE,8033,雷虎,183.0,184.5,172.5,173.0,5483122.0
2026-09-04,TWSE,8039,台虹,316.0,318.5,291.0,293.0,39244963.0
2026-09-04,TWSE,8045,達運光電,51.5,52.5,50.3,50.4,114892.0
2026-09-04,TWSE,8046,南電,1225.0,1225.0,1080.0,1080.0,23330491.0
2026-09-04,TWSE,8070,長華*,50.8,51.1,49.2,49.2,1829131.0
2026-09-04,TWSE,8072,陞泰,26.25,26.3,25.85,26.05,127135.0
2026-09-04,TWSE,8081,致新,258.0,260.0,251.5,251.5,383017.0
2026-09-04,TWSE,8101,華冠,11.65,11.65,11.65,11.65,4061.0
2026-09-04,TWSE,8103,瀚荃,122.0,123.0,118.0,121.0,3928316.0
2026-09-04,TWSE,8104,錸寶,31.55,31.8,30.4,30.45,267633.0
2026-09-04,TWSE,8105,凌巨,15.8,16.2,15.0,15.0,6185107.0
2026-09-04,TWSE,8110,華東,45.25,45.8,43.25,43.25,3128800.0
2026-09-04,TWSE,8112,至上,91.5,92.1,89.2,89.3,9207939.0
2026-09-04,TWSE,8114,振樺電,198.5,199.0,189.0,189.0,639210.0
2026-09-04,TWSE,8131,福懋科,63.2,63.9,60.5,60.5,1739477.0
2026-09-04,TWSE,8150,南茂,91.2,93.5,88.9,89.1,23458442.0
2026-09-04,TWSE,8162,微矽電子-創,61.8,61.8,58.9,58.9,106107.0
2026-09-04,TWSE,8163,達方,31.95,32.05,31.0,31.1,556145.0
2026-09-04,TWSE,8201,無敵,11.7,11.7,11.65,11.65,20662.0
2026-09-04,TWSE,8210,勤誠,979.0,989.0,947.0,948.0,992780.0
2026-09-04,TWSE,8213,志超,33.3,33.8,32.75,32.8,482616.0
2026-09-04,TWSE,8215,明基材,26.2,26.55,25.3,25.3,1158678.0
2026-09-04,TWSE,8222,寶一,38.6,38.7,36.75,36.75,591216.0
2026-09-04,TWSE,8249,菱光,41.65,41.9,40.2,40.2,304794.0
2026-09-04,TWSE,8261,富鼎,179.0,184.5,173.0,173.0,3621186.0
2026-09-04,TWSE,8271,宇瞻,227.5,229.5,217.0,217.0,3191252.0
2026-09-04,TWSE,8341,日友,75.3,75.8,75.1,75.1,110856.0
2026-09-04,TWSE,8367,建新國際,40.35,41.2,40.35,41.15,18261.0
2026-09-04,TWSE,8374,羅昇,82.5,84.0,79.2,79.2,335822.0
2026-09-04,TWSE,8404,百和興業-KY,16.35,16.55,16.2,16.25,269641.0
2026-09-04,TWSE,8411,福貞-KY,12.8,12.9,12.75,12.9,46039.0
2026-09-04,TWSE,8422,可寧衛*,26.7,26.85,26.15,26.15,3790114.0
2026-09-04,TWSE,8429,金麗-KY,5.99,6.02,5.99,6.0,53016.0
2026-09-04,TWSE,8438,昶昕,71.4,71.4,68.3,68.8,181071.0
2026-09-04,TWSE,8442,威宏-KY,45.3,45.4,45.2,45.3,25639.0
2026-09-04,TWSE,8443,阿瘦,11.3,11.3,10.95,11.2,95548.0
2026-09-04,TWSE,8454,富邦媒,246.5,246.5,238.0,238.0,459453.0
2026-09-04,TWSE,8462,柏文,167.5,167.5,164.0,165.5,115527.0
2026-09-04,TWSE,8463,潤泰材,21.4,21.6,21.4,21.4,18753.0
2026-09-04,TWSE,8464,億豐,374.0,374.0,367.5,367.5,126478.0
2026-09-04,TWSE,8466,美吉吉-KY,15.5,15.5,15.3,15.3,7453.0
2026-09-04,TWSE,8467,波力-KY,90.5,90.5,90.0,90.0,27157.0
2026-09-04,TWSE,8473,山林水,46.25,47.15,46.0,46.15,591596.0
2026-09-04,TWSE,8476,台境*,19.3,19.6,19.2,19.2,183249.0
2026-09-04,TWSE,8478,東哥遊艇,143.0,143.0,140.5,141.0,91994.0
2026-09-04,TWSE,8481,政伸,40.85,40.85,40.6,40.6,15000.0
2026-09-04,TWSE,8482,商億-KY,46.75,47.1,46.75,47.1,3050.0
2026-09-04,TWSE,8487,愛爾達-創,70.6,70.6,70.4,70.4,9643.0
2026-09-04,TWSE,8488,吉源-KY,9.94,10.1,9.7,9.77,341000.0
2026-09-04,TWSE,8499,鼎炫-KY,255.5,256.0,252.5,252.5,11092.0
2026-09-04,TWSE,8926,台汽電,56.7,57.5,56.4,56.6,2059074.0
2026-09-04,TWSE,8940,新天地,15.1,15.35,14.95,15.05,47625.0
2026-09-04,TWSE,8996,高力,1285.0,1310.0,1185.0,1185.0,4551450.0
2026-09-04,TWSE,9103,美德醫療-DR,5.09,5.11,5.03,5.03,531523.0
2026-09-04,TWSE,9105,泰金寶-DR,8.66,8.77,8.54,8.54,23859315.0
2026-09-04,TWSE,9110,越南控-DR,,,,,
2026-09-04,TWSE,9136,巨騰-DR,11.3,11.3,10.9,10.9,79110.0
2026-09-04,TWSE,9802,鈺齊-KY,72.9,72.9,72.0,72.2,673972.0
2026-09-04,TWSE,9902,台火,13.85,13.85,13.6,13.6,89976.0
2026-09-04,TWSE,9904,寶成,24.7,24.85,24.55,24.55,8277870.0
2026-09-04,TWSE,9905,大華,21.35,21.55,21.35,21.45,75748.0
2026-09-04,TWSE,9906,欣巴巴,41.3,43.0,41.25,42.6,107031.0
2026-09-04,TWSE,9907,統一實,15.5,15.6,15.35,15.35,2101800.0
2026-09-04,TWSE,9908,大台北,29.0,29.1,28.95,29.05,80146.0
2026-09-04,TWSE,9910,豐泰,68.6,68.6,67.6,67.7,594929.0
2026-09-04,TWSE,9911,櫻花,81.8,82.3,81.8,82.1,100452.0
2026-09-04,TWSE,9912,偉聯,12.5,12.75,12.5,12.6,75856.0
2026-09-04,TWSE,9914,美利達,81.0,81.8,79.6,79.6,1505494.0
2026-09-04,TWSE,9917,中保科,106.0,106.5,105.5,106.0,225552.0
2026-09-04,TWSE,9918,欣天然,43.45,43.45,43.45,43.45,1386.0
2026-09-04,TWSE,9919,康那香,14.0,14.0,13.8,13.85,102878.0
2026-09-04,TWSE,9921,巨大,102.0,102.0,100.0,100.5,904096.0
2026-09-04,TWSE,9924,福興,38.35,38.45,38.3,38.4,72535.0
2026-09-04,TWSE,9925,新保,40.05,40.05,39.65,39.7,1318393.0
2026-09-04,TWSE,9926,新海,48.7,49.4,48.7,49.15,9047.0
2026-09-04,TWSE,9927,泰銘,70.3,70.3,69.5,69.5,105453.0
2026-09-04,TWSE,9928,中視,18.0,18.1,17.95,18.0,29516.0
2026-09-04,TWSE,9929,秋雨,10.85,12.0,10.85,11.4,61497.0
2026-09-04,TWSE,9930,中聯資源,63.0,63.1,62.3,62.4,100253.0
2026-09-04,TWSE,9931,欣高,34.0,34.0,33.9,33.9,10313.0
2026-09-04,TWSE,9933,中鼎,40.65,41.2,40.25,40.8,2016815.0
2026-09-04,TWSE,9934,成霖,11.1,11.15,11.0,11.05,492294.0
2026-09-04,TWSE,9935,慶豐富,19.75,19.8,19.6,19.6,154494.0
2026-09-04,TWSE,9937,全國,54.8,55.1,54.8,55.1,19101.0
2026-09-04,TWSE,9938,百和,41.45,41.75,41.2,41.25,725298.0
2026-09-04,TWSE,9939,宏全,131.0,132.5,131.0,131.5,334954.0
2026-09-04,TWSE,9940,信義,20.2,20.45,20.15,20.3,212712.0
2026-09-04,TWSE,9941,裕融,82.6,82.9,80.9,80.9,880217.0
2026-09-04,TWSE,9942,茂順,114.5,115.0,114.0,114.0,47840.0
2026-09-04,TWSE,9943,好樂迪,51.3,51.4,50.9,51.0,52965.0
2026-09-04,TWSE,9944,新麗,17.2,17.35,17.2,17.2,52725.0
2026-09-04,TWSE,9945,潤泰新,28.3,28.5,28.15,28.25,4124099.0
2026-09-04,TWSE,9946,三發地產,17.35,17.45,17.15,17.15,108883.0
2026-09-04,TWSE,9955,佳龍,23.85,24.2,23.65,23.65,210820.0
2026-09-04,TWSE,9958,世紀鋼,90.4,90.8,88.4,88.4,1656324.0
2026-09-04,TPEX,1240,茂生農經,55.0,55.5,55.0,55.5,6898.0
2026-09-04,TPEX,1259,安心,63.7,65.4,63.7,64.1,19741.0
2026-09-04,TPEX,1264,德麥,251.0,252.0,251.0,252.0,16672.0
2026-09-04,TPEX,1268,漢來美食,181.5,182.0,180.0,182.0,109917.0
2026-09-04,TPEX,1294,漢田生技,53.5,53.5,53.4,53.4,5481.0
2026-09-04,TPEX,1295,生合,45.3,45.35,45.3,45.35,10816.0
2026-09-04,TPEX,1336,台翰,16.1,16.3,16.1,16.15,128411.0
2026-09-04,TPEX,1565,精華,99.5,99.5,98.0,98.6,83414.0
2026-09-04,TPEX,1569,濱川,45.8,48.7,45.4,48.7,589657.0
2026-09-04,TPEX,1570,力肯,32.9,33.0,32.8,32.8,32011.0
2026-09-04,TPEX,1580,新麥,102.5,103.0,102.0,102.5,95124.0
2026-09-04,TPEX,1584,精剛,18.1,18.1,17.75,18.0,399594.0
2026-09-04,TPEX,1586,和勤,18.1,18.1,17.95,18.0,205548.0
2026-09-04,TPEX,1591,駿吉-KY,35.2,35.95,35.1,35.75,126957.0
2026-09-04,TPEX,1593,祺驊,31.75,31.8,31.4,31.75,12253.0
2026-09-04,TPEX,1595,川寶,70.1,70.8,67.5,68.8,619415.0
2026-09-04,TPEX,1599,宏佳騰,23.05,23.1,22.8,22.9,27341.0
2026-09-04,TPEX,1742,台蠟,17.8,17.8,17.6,17.8,58522.0
2026-09-04,TPEX,1777,生泰,74.0,75.2,74.0,75.2,120605.0
2026-09-04,TPEX,1780,立弘,24.4,24.55,24.2,24.4,78467.0
2026-09-04,TPEX,1781,合世,10.2,10.3,10.2,10.3,17465.0
2026-09-04,TPEX,1784,訊聯,60.6,60.6,58.9,59.2,62059.0
2026-09-04,TPEX,1785,光洋科,101.0,102.5,100.0,102.0,2924005.0
2026-09-04,TPEX,1788,杏昌,129.0,129.0,128.5,128.5,8431.0
2026-09-04,TPEX,1796,金穎生技,30.25,30.25,29.65,30.2,10032.0
2026-09-04,TPEX,1799,易威,29.8,29.8,29.5,29.7,78431.0
2026-09-04,TPEX,1813,寶利徠,11.5,11.5,11.45,11.45,2454.0
2026-09-04,TPEX,1815,富喬,125.5,126.0,114.0,118.5,50628182.0
2026-09-04,TPEX,2035,唐榮,26.2,26.2,26.2,26.2,1005.0
2026-09-04,TPEX,2061,風青,53.1,55.7,52.8,54.0,2176352.0
2026-09-04,TPEX,2063,世鎧,24.05,24.05,23.7,23.8,109474.0
2026-09-04,TPEX,2064,晉椿,12.6,12.9,12.45,12.45,280002.0
2026-09-04,TPEX,2065,世豐,36.35,36.5,36.35,36.45,36992.0
2026-09-04,TPEX,2066,世德,53.3,54.7,53.0,54.7,24681.0
2026-09-04,TPEX,2067,嘉鋼,4.83,4.83,4.82,4.82,14715.0
2026-09-04,TPEX,2070,精湛,63.6,63.9,59.5,63.0,683142.0
2026-09-04,TPEX,2073,雄順,25.5,26.6,25.5,26.6,3000.0
2026-09-04,TPEX,2221,大甲,95.7,98.5,90.3,90.8,12726891.0
2026-09-04,TPEX,2230,泰茂,22.4,22.9,22.4,22.8,42532.0
2026-09-04,TPEX,2235,謚源,28.4,28.4,28.25,28.25,2120.0
2026-09-04,TPEX,2596,綠意,36.15,36.2,35.5,35.55,62929.0
2026-09-04,TPEX,2640,大車隊,156.0,156.5,156.0,156.0,9545.0
2026-09-04,TPEX,2641,正德,18.3,18.4,17.9,18.05,2201559.0
2026-09-04,TPEX,2643,捷迅,62.5,62.5,62.2,62.4,15482.0
2026-09-04,TPEX,2718,全心投控,41.5,41.5,40.95,41.0,36624.0
2026-09-04,TPEX,2719,燦星旅,19.85,19.95,19.85,19.9,8251.0
2026-09-04,TPEX,2724,藝舍-KY,,,,,161.0
2026-09-04,TPEX,2726,雅茗-KY,8.33,8.33,8.02,8.14,48559.0
2026-09-04,TPEX,2729,瓦城,154.5,156.0,154.5,156.0,12086.0
2026-09-04,TPEX,2732,六角,64.5,65.1,63.1,63.2,17759.0
2026-09-04,TPEX,2734,易飛網,14.85,14.95,14.85,14.9,9901.0
2026-09-04,TPEX,2736,富野,11.45,11.6,11.45,11.55,30109.0
2026-09-04,TPEX,2740,華軒,31.4,31.45,30.3,30.3,6691.0
2026-09-04,TPEX,2743,山富,58.8,59.1,58.5,59.1,36015.0
2026-09-04,TPEX,2745,五福,87.2,87.3,86.5,87.2,63945.0
2026-09-04,TPEX,2751,王座,51.4,52.5,51.4,52.5,2235.0
2026-09-04,TPEX,2752,豆府,176.5,176.5,175.5,175.5,3637.0
2026-09-04,TPEX,2754,亞洲藏壽司,68.6,69.7,68.6,68.7,6405.0
2026-09-04,TPEX,2755,揚秦,102.0,102.0,99.0,100.5,114860.0
2026-09-04,TPEX,2756,聯發國際,62.4,63.7,62.2,62.2,19495.0
2026-09-04,TPEX,2916,滿心,40.1,40.1,39.95,40.05,40257.0
2026-09-04,TPEX,2924,宏太-KY,17.4,18.25,16.3,17.9,11232.0
2026-09-04,TPEX,2926,誠品生活,30.3,30.5,30.25,30.5,5010.0
2026-09-04,TPEX,2937,集雅社,43.7,44.3,43.7,44.3,2277.0
2026-09-04,TPEX,2941,米斯特,29.7,33.9,29.7,33.9,8021.0
2026-09-04,TPEX,2947,振宇五金,61.6,61.7,61.6,61.7,7259.0
2026-09-04,TPEX,2948,寶陞,36.6,38.4,36.6,38.15,6912.0
2026-09-04,TPEX,2949,欣新網,,,,,5.0
2026-09-04,TPEX,3064,泰偉,,,,,0.0
2026-09-04,TPEX,3066,李洲,25.1,25.6,24.2,24.7,1080102.0
2026-09-04,TPEX,3067,全域,,,,,60.0
2026-09-04,TPEX,3071,協禧,24.35,25.5,24.2,25.1,641828.0
2026-09-04,TPEX,3073,天方能源,22.0,22.7,22.0,22.6,57158.0
2026-09-04,TPEX,3078,僑威,46.5,46.5,44.3,46.1,1163623.0
2026-09-04,TPEX,3081,聯亞,3245.0,3315.0,2980.0,3170.0,5533009.0
2026-09-04,TPEX,3083,網龍,23.1,23.1,22.9,22.9,91253.0
2026-09-04,TPEX,3085,新零售,10.85,11.5,10.85,11.5,19870.0
2026-09-04,TPEX,3086,華義*,30.2,30.2,28.9,29.6,115757.0
2026-09-04,TPEX,3088,艾訊,123.5,128.5,123.0,127.0,1574297.0
2026-09-04,TPEX,3093,港建*,45.75,46.65,44.8,45.2,204588.0
2026-09-04,TPEX,3095,及成,35.15,35.15,35.15,35.15,1361.0
2026-09-04,TPEX,3105,穩懋,465.0,465.0,438.5,449.5,24240777.0
2026-09-04,TPEX,3114,好德,31.6,32.1,30.7,31.8,252260.0
2026-09-04,TPEX,3115,富榮綱,8.61,8.76,8.61,8.76,2666.0
2026-09-04,TPEX,3118,進階,31.65,31.75,31.4,31.4,18862.0
2026-09-04,TPEX,3122,笙泉,25.0,25.2,25.0,25.2,42890.0
2026-09-04,TPEX,3128,昇銳,20.4,20.4,19.9,20.1,115176.0
2026-09-04,TPEX,3131,弘塑,2435.0,2460.0,2345.0,2385.0,265720.0
2026-09-04,TPEX,3141,晶宏,106.0,110.0,101.0,102.5,14713583.0
2026-09-04,TPEX,3147,大綜,216.0,224.0,216.0,223.5,368524.0
2026-09-04,TPEX,3152,璟德,237.5,239.0,233.0,238.0,104170.0
2026-09-04,TPEX,3158,嘉實,83.3,83.3,83.3,83.3,1183.0
2026-09-04,TPEX,3162,精確,72.2,73.2,69.1,70.8,1330183.0
2026-09-04,TPEX,3163,波若威,740.0,775.0,728.0,775.0,1124537.0
2026-09-04,TPEX,3169,亞信,107.0,107.0,104.0,104.5,199919.0
2026-09-04,TPEX,3171,炎洲流通,63.4,63.4,62.0,62.7,30457.0
2026-09-04,TPEX,3176,基亞,35.3,35.5,34.9,35.0,450109.0
2026-09-04,TPEX,3178,公準,63.4,63.4,60.8,62.3,47935.0
2026-09-04,TPEX,3188,鑫龍騰,24.45,24.9,24.35,24.9,257368.0
2026-09-04,TPEX,3191,雲嘉南,17.9,17.9,17.25,17.3,18357.0
2026-09-04,TPEX,3205,佰研,47.45,47.45,45.8,46.2,114509.0
2026-09-04,TPEX,3206,志豐,33.75,34.75,32.45,34.45,100048.0
2026-09-04,TPEX,3207,耀勝,40.3,40.5,39.8,40.0,79840.0
2026-09-04,TPEX,3211,順達,382.0,387.0,374.5,386.0,3403125.0
2026-09-04,TPEX,3213,茂訊,132.0,134.5,128.5,129.0,890325.0
2026-09-04,TPEX,3217,優群,134.5,135.0,132.0,134.0,431387.0
2026-09-04,TPEX,3218,大學光,139.0,139.5,137.0,138.5,117557.0
2026-09-04,TPEX,3219,倚強科,91.8,92.5,89.2,91.3,596904.0
2026-09-04,TPEX,3221,台嘉碩,49.15,50.4,48.6,49.4,1672226.0
2026-09-04,TPEX,3224,三顧,34.0,34.0,32.7,33.3,158750.0
2026-09-04,TPEX,3226,龍鋒,53.2,55.0,53.2,55.0,20704.0
2026-09-04,TPEX,3227,原相,194.0,194.0,189.5,192.0,451042.0
2026-09-04,TPEX,3228,金麗科,173.5,180.0,170.0,174.0,235818.0
2026-09-04,TPEX,3230,錦明,43.25,43.5,42.1,42.35,306379.0
2026-09-04,TPEX,3232,昱捷,19.6,19.6,19.6,19.6,5011.0
2026-09-04,TPEX,3234,光環,203.0,209.0,190.0,206.0,5549866.0
2026-09-04,TPEX,3236,千如,42.9,45.8,42.9,44.45,3513147.0
2026-09-04,TPEX,3252,海灣,15.35,15.5,15.35,15.5,12764.0
2026-09-04,TPEX,3259,鑫創,12.35,12.8,12.15,12.15,90488.0
2026-09-04,TPEX,3260,威剛,401.0,404.5,390.5,400.5,4877257.0
2026-09-04,TPEX,3264,欣銓,231.0,232.0,224.5,227.0,3131721.0
2026-09-04,TPEX,3265,台星科,174.5,177.0,172.0,176.5,739628.0
2026-09-04,TPEX,3268,海德威,17.4,17.4,17.0,17.4,43165.0
2026-09-04,TPEX,3272,東碩,14.65,15.6,14.6,14.6,375824.0
2026-09-04,TPEX,3276,宇環,14.2,14.25,14.05,14.2,139166.0
2026-09-04,TPEX,3284,太普高,21.0,21.1,20.45,20.85,109229.0
2026-09-04,TPEX,3285,微端,41.0,41.45,41.0,41.0,14424.0
2026-09-04,TPEX,3287,廣寰科,36.8,36.8,36.1,36.6,126783.0
2026-09-04,TPEX,3288,點晶,20.7,20.8,20.3,20.8,21220.0
2026-09-04,TPEX,3289,宜特,140.0,141.0,136.0,140.0,451158.0
2026-09-04,TPEX,3290,東浦,47.2,47.3,45.1,45.5,1164160.0
2026-09-04,TPEX,3293,鈊象,710.0,710.0,703.0,709.0,949923.0
2026-09-04,TPEX,3294,英濟,30.15,30.65,29.5,30.0,267622.0
2026-09-04,TPEX,3297,杭特,26.9,27.3,26.15,27.3,58859.0
2026-09-04,TPEX,3303,岱稜,51.3,51.5,51.1,51.3,214640.0
2026-09-04,TPEX,3306,鼎天,44.95,45.0,44.55,44.95,66615.0
2026-09-04,TPEX,3310,佳穎,69.1,69.1,67.7,68.8,14020.0
2026-09-04,TPEX,3313,斐成,10.85,10.85,10.7,10.8,66453.0
2026-09-04,TPEX,3317,尼克森,62.0,62.9,61.2,62.6,440165.0
2026-09-04,TPEX,3322,建舜電,11.4,11.4,11.1,11.1,147844.0
2026-09-04,TPEX,3323,加百裕,28.7,28.95,28.3,28.9,178880.0
2026-09-04,TPEX,3324,雙鴻,1465.0,1485.0,1410.0,1485.0,3081121.0
2026-09-04,TPEX,3325,旭品,11.15,11.4,11.1,11.2,56012.0
2026-09-04,TPEX,3332,幸康,61.0,61.0,61.0,61.0,3011.0
2026-09-04,TPEX,3339,泰谷,42.1,43.8,41.0,43.8,2499323.0
2026-09-04,TPEX,3349,寶德,22.3,22.5,22.1,22.45,42052.0
2026-09-04,TPEX,3354,律勝,24.65,24.65,23.7,24.0,388407.0
2026-09-04,TPEX,3357,臺慶科,206.5,215.5,206.5,214.0,1645743.0
2026-09-04,TPEX,3360,尚立,14.95,15.0,14.6,14.9,258948.0
2026-09-04,TPEX,3362,先進光,202.5,210.0,196.0,210.0,1443621.0
2026-09-04,TPEX,3363,上詮,802.0,808.0,717.0,735.0,8837631.0
2026-09-04,TPEX,3372,典範,14.65,14.8,14.4,14.7,305547.0
2026-09-04,TPEX,3373,熱映,16.4,16.4,16.3,16.35,29492.0
2026-09-04,TPEX,3374,精材,420.0,430.0,403.0,430.0,4976882.0
2026-09-04,TPEX,3379,彬台,28.6,28.6,28.05,28.15,78772.0
2026-09-04,TPEX,3388,崇越電,88.8,90.8,88.0,90.5,696582.0
2026-09-04,TPEX,3390,旭軟,21.75,22.25,21.75,22.2,90850.0
2026-09-04,TPEX,3402,漢科,122.5,122.5,119.0,121.5,169519.0
2026-09-04,TPEX,3430,奇鈦科,106.5,108.0,103.0,105.5,149941.0
2026-09-04,TPEX,3434,哲固,29.5,29.6,29.05,29.6,51942.0
2026-09-04,TPEX,3438,類比科,66.2,67.2,64.5,64.5,163641.0
2026-09-04,TPEX,3441,聯一光,134.0,143.0,129.5,143.0,4835765.0
2026-09-04,TPEX,3444,利機,85.0,87.0,81.7,83.7,620202.0
2026-09-04,TPEX,3455,由田,248.0,249.0,231.5,236.5,1907761.0
2026-09-04,TPEX,3465,進泰電子,29.1,29.1,28.9,29.05,23251.0
2026-09-04,TPEX,3466,德晉,24.8,24.85,24.3,24.35,102723.0
2026-09-04,TPEX,3467,台灣精材,52.8,52.8,50.9,51.1,118595.0
2026-09-04,TPEX,3479,安勤,125.0,127.5,123.5,127.0,407120.0
2026-09-04,TPEX,3483,力致,78.3,80.0,76.7,80.0,480657.0
2026-09-04,TPEX,3484,崧騰,47.15,47.2,46.25,46.5,286507.0
2026-09-04,TPEX,3485,敘豐,212.5,213.5,207.0,210.0,102698.0
2026-09-04,TPEX,3489,森寶,22.85,22.9,22.65,22.85,36866.0
2026-09-04,TPEX,3490,單井,45.65,46.8,45.2,46.0,3016812.0
2026-09-04,TPEX,3491,昇達科,1465.0,1520.0,1425.0,1505.0,2039684.0
2026-09-04,TPEX,3492,長盛,19.25,19.25,19.15,19.15,14201.0
2026-09-04,TPEX,3498,陽程,197.5,201.0,185.5,194.0,3476438.0
2026-09-04,TPEX,3499,環天科,12.45,13.6,12.45,13.6,306569.0
2026-09-04,TPEX,3508,位速,21.2,21.5,20.7,20.95,105686.0
2026-09-04,TPEX,3511,矽瑪,20.0,20.0,19.5,19.7,60760.0
2026-09-04,TPEX,3512,皇龍,19.6,19.6,19.35,19.4,150045.0
2026-09-04,TPEX,3516,亞帝歐,27.0,27.0,26.05,26.5,308067.0
2026-09-04,TPEX,3520,華盈,17.5,17.6,17.3,17.6,116425.0
2026-09-04,TPEX,3521,台鋼建設,12.1,12.15,12.1,12.1,5375.0
2026-09-04,TPEX,3522,御嵿,12.0,12.0,11.7,11.85,26127.0
2026-09-04,TPEX,3523,迎輝,15.0,15.0,15.0,15.0,1338.0
2026-09-04,TPEX,3526,凡甲,284.0,284.5,281.0,283.0,78383.0
2026-09-04,TPEX,3527,聚積,51.6,52.1,51.1,51.2,33465.0
2026-09-04,TPEX,3529,力旺,2420.0,2515.0,2355.0,2385.0,1155652.0
2026-09-04,TPEX,3531,先益,21.35,21.35,21.35,21.35,2000.0
2026-09-04,TPEX,3537,堡達,53.7,55.8,53.4,55.4,591693.0
2026-09-04,TPEX,3540,曜越,23.5,23.8,23.15,23.65,263604.0
2026-09-04,TPEX,3541,西柏,21.85,21.85,21.65,21.65,5017.0
2026-09-04,TPEX,3546,宇峻,71.3,71.6,70.9,71.5,57408.0
2026-09-04,TPEX,3548,兆利,83.5,83.5,82.0,83.2,146479.0
2026-09-04,TPEX,3551,世禾,178.5,183.0,176.5,182.0,278204.0
2026-09-04,TPEX,3552,同致,43.1,43.15,42.95,43.0,49674.0
2026-09-04,TPEX,3555,博士旺,187.0,199.0,186.0,193.5,122909.0
2026-09-04,TPEX,3556,禾瑞亞,59.0,59.0,56.9,58.1,940190.0
2026-09-04,TPEX,3558,神準,119.5,120.0,119.0,119.5,47298.0
2026-09-04,TPEX,3564,其陽,53.2,53.4,49.5,50.2,1614346.0
2026-09-04,TPEX,3567,逸昌,25.65,25.9,25.35,25.5,26159.0
2026-09-04,TPEX,3570,大塚,162.5,164.0,162.5,163.5,3449.0
2026-09-04,TPEX,3577,泓格,110.0,113.0,110.0,112.5,262999.0
2026-09-04,TPEX,3580,友威科,85.7,89.8,85.7,88.1,305324.0
2026-09-04,TPEX,3581,博磊,110.5,114.0,108.5,111.5,299745.0
2026-09-04,TPEX,3587,閎康,255.0,256.5,249.0,255.0,319525.0
2026-09-04,TPEX,3594,磐儀,48.25,49.2,47.1,49.15,762322.0
2026-09-04,TPEX,3597,映興,26.4,26.8,26.4,26.75,13210.0
2026-09-04,TPEX,3609,三一東林,17.7,18.75,17.6,18.75,184328.0
2026-09-04,TPEX,3611,鼎翰,183.5,184.0,182.0,183.0,28930.0
2026-09-04,TPEX,3615,安可,36.25,36.65,35.25,36.5,319615.0
2026-09-04,TPEX,3623,富晶通,24.75,24.8,23.5,23.9,75523.0
2026-09-04,TPEX,3624,光頡,87.6,93.2,87.6,93.2,9178333.0
2026-09-04,TPEX,3625,西勝,13.4,13.4,12.25,12.35,205714.0
2026-09-04,TPEX,3628,盈正,69.0,69.3,68.5,69.3,48070.0
2026-09-04,TPEX,3629,地心引力,19.75,19.8,19.75,19.8,4000.0
2026-09-04,TPEX,3630,新鉅科,28.25,28.95,27.7,28.4,4101804.0
2026-09-04,TPEX,3631,晟楠,37.35,38.85,37.35,38.5,144003.0
2026-09-04,TPEX,3632,研勤,,,,,1738.0
2026-09-04,TPEX,3646,艾恩特,23.8,24.0,23.65,23.85,7109.0
2026-09-04,TPEX,3663,鑫科,61.0,63.0,60.7,62.1,418594.0
2026-09-04,TPEX,3664,安瑞-KY,8.34,8.34,8.19,8.19,64493.0
2026-09-04,TPEX,3666,光耀,25.0,25.0,24.7,25.0,52111.0
2026-09-04,TPEX,3672,康聯訊,12.45,12.45,11.85,11.9,37053.0
2026-09-04,TPEX,3675,德微,281.0,283.5,268.0,282.0,896572.0
2026-09-04,TPEX,3680,家登,530.0,532.0,504.0,518.0,1089017.0
2026-09-04,TPEX,3684,榮昌,54.0,54.3,54.0,54.3,35170.0
2026-09-04,TPEX,3685,元創精密,36.45,37.5,36.4,36.9,1017618.0
2026-09-04,TPEX,3687,歐買尬,63.9,63.9,62.1,62.9,97696.0
2026-09-04,TPEX,3689,湧德,117.0,118.0,114.0,116.5,1010785.0
2026-09-04,TPEX,3691,碩禾,99.0,99.5,97.7,99.0,175710.0
2026-09-04,TPEX,3693,營邦,669.0,678.0,644.0,663.0,2128146.0
2026-09-04,TPEX,3707,漢磊,62.0,62.4,60.1,62.0,2456087.0
2026-09-04,TPEX,3709,鑫聯大投控,65.4,66.0,64.7,65.7,356495.0
2026-09-04,TPEX,3710,連展投控,5.0,5.07,4.97,5.07,255906.0
2026-09-04,TPEX,3713,新晶投控,14.2,14.4,14.05,14.35,12012.0
2026-09-04,TPEX,3718,中光電投控,80.0,80.5,75.2,75.5,4198236.0
2026-09-04,TPEX,4102,永日,19.2,19.55,19.05,19.2,17155.0
2026-09-04,TPEX,4105,東洋,77.3,77.7,76.3,77.0,755967.0
2026-09-04,TPEX,4107,邦特,113.0,113.5,112.0,113.0,31477.0
2026-09-04,TPEX,4109,加捷生醫,11.0,11.15,11.0,11.15,131693.0
2026-09-04,TPEX,4111,濟生,28.7,28.75,28.65,28.7,45469.0
2026-09-04,TPEX,4113,聯上,15.1,15.15,14.85,14.95,112121.0
2026-09-04,TPEX,4114,健喬,29.75,29.85,29.5,29.8,621246.0
2026-09-04,TPEX,4116,明基醫,40.45,40.5,40.05,40.25,21252.0
2026-09-04,TPEX,4120,友華,45.7,45.7,45.65,45.7,8227.0
2026-09-04,TPEX,4121,優盛,12.85,12.95,12.8,12.9,21450.0
2026-09-04,TPEX,4123,晟德,30.55,30.55,30.0,30.15,1853142.0
2026-09-04,TPEX,4126,太醫,78.0,78.0,77.5,78.0,28108.0
2026-09-04,TPEX,4127,天良,65.9,65.9,59.4,61.3,1525164.0
2026-09-04,TPEX,4128,中天,14.6,15.1,14.4,14.65,773282.0
2026-09-04,TPEX,4129,聯合,81.3,81.5,81.1,81.5,164038.0
2026-09-04,TPEX,4131,浩泰,31.5,31.5,30.1,30.95,5201.0
2026-09-04,TPEX,4138,曜亞,52.5,53.1,51.9,53.1,70245.0
2026-09-04,TPEX,4139,馬光-KY,42.5,43.0,41.95,41.95,36209.0
2026-09-04,TPEX,4147,中裕,63.3,64.3,63.0,63.6,426694.0
2026-09-04,TPEX,4153,鈺緯,32.6,32.6,32.4,32.6,4278.0
2026-09-04,TPEX,4154,樂威科-KY,,,,,0.0
2026-09-04,TPEX,4157,太景*-KY,8.8,8.8,8.69,8.75,442320.0
2026-09-04,TPEX,4160,訊聯基因,39.6,39.6,39.25,39.4,16579.0
2026-09-04,TPEX,4161,聿新科,22.9,22.9,22.7,22.8,6989.0
2026-09-04,TPEX,4162,智擎,58.5,58.5,56.9,57.8,275833.0
2026-09-04,TPEX,4163,鐿鈦,138.0,138.5,137.0,137.0,37062.0
2026-09-04,TPEX,4166,友霖,25.65,25.65,24.9,25.2,64040.0
2026-09-04,TPEX,4167,松瑞藥,19.05,19.25,18.8,19.15,865151.0
2026-09-04,TPEX,4168,醣聯,22.0,22.35,21.9,22.1,149316.0
2026-09-04,TPEX,4171,瑞基,16.95,16.95,16.7,16.8,68134.0
2026-09-04,TPEX,4173,久裕,17.2,17.2,17.1,17.15,51506.0
2026-09-04,TPEX,4174,浩鼎,24.35,25.5,24.3,25.05,551357.0
2026-09-04,TPEX,4175,杏一,51.3,51.8,50.5,51.8,16526.0
2026-09-04,TPEX,4183,福永生技,14.2,14.2,14.2,14.2,2263.0
2026-09-04,TPEX,4188,安克,14.2,14.7,14.0,14.45,254856.0
2026-09-04,TPEX,4192,杏國,18.3,18.9,18.3,18.9,7367.0
2026-09-04,TPEX,4198,欣大健康,46.8,49.0,46.8,48.5,10658.0
2026-09-04,TPEX,4205,中華食,69.7,69.8,69.7,69.8,9334.0
2026-09-04,TPEX,4207,環泰,20.5,20.7,20.15,20.5,55710.0
2026-09-04,TPEX,4303,信立,35.6,35.7,34.45,34.7,853966.0
2026-09-04,TPEX,4304,勝昱,20.0,20.0,19.15,19.15,28818.0
2026-09-04,TPEX,4305,世坤,43.9,43.9,43.9,43.9,1101.0
2026-09-04,TPEX,4401,東隆興,14.2,14.2,13.95,14.2,78302.0
2026-09-04,TPEX,4402,郡都開發,14.6,14.95,14.5,14.85,14013.0
2026-09-04,TPEX,4406,新昕纖,,,,,0.0
2026-09-04,TPEX,4413,飛寶企業,20.0,20.0,19.7,19.7,15214.0
2026-09-04,TPEX,4416,三圓,12.5,12.9,12.45,12.75,508305.0
2026-09-04,TPEX,4417,金洲,47.0,47.1,46.95,47.1,37918.0
2026-09-04,TPEX,4419,皇家美食,48.35,48.35,48.35,48.35,1401.0
2026-09-04,TPEX,4420,光明,38.65,38.75,38.15,38.55,26735.0
2026-09-04,TPEX,4430,耀億,17.4,18.0,17.3,17.7,39601.0
2026-09-04,TPEX,4432,銘旺實,15.9,15.9,15.55,15.9,12358.0
2026-09-04,TPEX,4433,興采,18.6,18.8,18.6,18.7,13320.0
2026-09-04,TPEX,4442,竣邦-KY,50.4,50.8,50.0,50.3,18070.0
2026-09-04,TPEX,4502,健信,15.65,16.55,15.65,15.7,13117.0
2026-09-04,TPEX,4503,金雨,23.35,24.0,23.3,23.7,202129.0
2026-09-04,TPEX,4506,崇友,122.5,122.5,121.5,121.5,58249.0
2026-09-04,TPEX,4510,高鋒,47.8,48.45,47.05,47.55,6519551.0
2026-09-04,TPEX,4513,福裕,16.1,16.15,15.85,16.05,173996.0
2026-09-04,TPEX,4523,永彰,23.8,23.8,23.4,23.7,83719.0
2026-09-04,TPEX,4527,方土霖,40.6,40.8,40.6,40.8,19395.0
2026-09-04,TPEX,4528,江興鍛,15.0,15.0,14.95,14.95,9914.0
2026-09-04,TPEX,4529,淳紳,3.79,3.79,3.65,3.69,52322.0
2026-09-04,TPEX,4530,天意能創,27.9,28.75,27.9,27.95,7412.0
2026-09-04,TPEX,4533,協易機,25.9,25.9,25.4,25.7,377226.0
2026-09-04,TPEX,4534,慶騰,29.05,30.3,29.0,29.9,598478.0
2026-09-04,TPEX,4535,至興,27.55,28.05,27.55,27.7,8108.0
2026-09-04,TPEX,4538,大詠城,18.0,18.0,17.7,17.75,11001.0
2026-09-04,TPEX,4541,晟田,63.2,63.7,60.4,61.2,1830162.0
2026-09-04,TPEX,4542,科嶠,282.5,290.0,277.0,283.5,484617.0
2026-09-04,TPEX,4543,萬在,29.75,30.1,29.7,29.95,102536.0
2026-09-04,TPEX,4549,桓達,102.0,103.0,101.0,102.5,51545.0
2026-09-04,TPEX,4550,長佳,,,,,6.0
2026-09-04,TPEX,4554,橙的,29.3,29.6,29.3,29.3,20511.0
2026-09-04,TPEX,4556,旭然,66.6,72.9,66.6,72.9,220508.0
2026-09-04,TPEX,4558,寶緯,17.35,17.45,17.25,17.4,5115.0
2026-09-04,TPEX,4561,健椿,42.7,44.45,42.7,43.5,199722.0
2026-09-04,TPEX,4563,百德,44.5,45.5,43.85,43.85,198493.0
2026-09-04,TPEX,4568,科際精密,39.05,39.85,39.05,39.3,3114.0
2026-09-04,TPEX,4577,達航科技,95.6,95.7,86.0,87.0,2143742.0
2026-09-04,TPEX,4580,捷流閥業,83.6,83.6,81.5,82.8,81453.0
2026-09-04,TPEX,4584,君帆,38.7,38.7,38.7,38.7,1012.0
2026-09-04,TPEX,4609,唐鋒,4.25,4.25,4.25,4.25,3000.0
2026-09-04,TPEX,4702,中美實,9.59,9.66,9.26,9.39,227391.0
2026-09-04,TPEX,4706,大恭,32.4,35.6,32.4,35.6,310398.0
2026-09-04,TPEX,4707,磐亞,31.1,31.15,29.2,30.1,2945530.0
2026-09-04,TPEX,4711,永純,16.65,16.75,16.4,16.6,92240.0
2026-09-04,TPEX,4714,永捷,10.75,10.75,10.5,10.65,459380.0
2026-09-04,TPEX,4716,大立,17.3,17.4,16.75,17.3,1070376.0
2026-09-04,TPEX,4721,美琪瑪,73.2,73.2,70.8,71.8,458078.0
2026-09-04,TPEX,4726,永昕,24.0,24.05,23.85,23.95,80450.0
2026-09-04,TPEX,4728,雙美,400.0,400.0,398.0,398.0,3122.0
2026-09-04,TPEX,4729,熒茂,19.2,19.2,18.85,19.0,36221.0
2026-09-04,TPEX,4735,豪展,37.85,38.05,37.2,37.65,67565.0
2026-09-04,TPEX,4741,泓瀚,40.7,40.8,40.05,40.35,71632.0
2026-09-04,TPEX,4743,合一,45.15,45.15,43.85,44.65,1092147.0
2026-09-04,TPEX,4744,皇將,27.5,27.5,27.0,27.35,100340.0
2026-09-04,TPEX,4745,合富-KY,11.85,11.85,11.75,11.85,5429.0
2026-09-04,TPEX,4747,強生*,25.55,25.9,24.85,24.85,63907.0
2026-09-04,TPEX,4749,新應材,782.0,813.0,776.0,776.0,1339302.0
2026-09-04,TPEX,4754,國碳科,38.5,38.55,38.45,38.5,12364.0
2026-09-04,TPEX,4760,勤凱,261.5,270.0,258.0,264.0,434391.0
2026-09-04,TPEX,4767,誠泰科技,28.75,29.5,28.7,29.5,30120.0
2026-09-04,TPEX,4768,晶呈科技,300.5,308.0,291.0,306.0,452019.0
2026-09-04,TPEX,4772,台特化,252.0,252.0,245.5,248.0,516650.0
2026-09-04,TPEX,4806,桂田文創,9.19,9.19,8.8,8.99,20305.0
2026-09-04,TPEX,4903,聯光通,38.0,38.55,36.65,36.95,1034458.0
2026-09-04,TPEX,4905,台聯電,87.0,87.5,84.9,85.9,18916.0
2026-09-04,TPEX,4907,富宇,47.25,47.55,46.9,47.2,27632.0
2026-09-04,TPEX,4908,前鼎,214.0,224.5,199.0,224.5,1795882.0
2026-09-04,TPEX,4909,新復興,37.85,37.85,36.9,36.9,322328.0
2026-09-04,TPEX,4911,德英,29.85,29.9,29.3,29.85,6490.0
2026-09-04,TPEX,4923,力士,52.0,52.0,50.4,51.5,141866.0
2026-09-04,TPEX,4924,欣厚-KY,11.2,11.95,10.9,11.95,438320.0
2026-09-04,TPEX,4931,新盛力,244.5,253.0,241.5,251.0,3676726.0
2026-09-04,TPEX,4933,友輝,54.5,54.5,53.7,54.0,37783.0
2026-09-04,TPEX,4939,亞電,83.0,87.9,80.2,87.9,3736298.0
2026-09-04,TPEX,4946,辣椒,90.8,90.8,88.9,89.0,7541.0
2026-09-04,TPEX,4950,金耘國際,16.0,16.0,16.0,16.0,26410.0
2026-09-04,TPEX,4951,精拓科,78.4,80.3,78.4,80.0,145725.0
2026-09-04,TPEX,4953,緯致,120.0,121.0,119.0,120.0,178649.0
2026-09-04,TPEX,4966,譜瑞-KY,567.0,571.0,561.0,569.0,250015.0
2026-09-04,TPEX,4971,IET-KY,639.0,644.0,589.0,624.0,5019826.0
2026-09-04,TPEX,4972,湯石照明,16.6,16.6,16.45,16.6,22451.0
2026-09-04,TPEX,4973,廣穎,150.0,150.0,145.5,149.5,738011.0
2026-09-04,TPEX,4974,亞泰,71.7,72.3,71.5,71.9,219483.0
2026-09-04,TPEX,4979,華星光,615.0,629.0,590.0,629.0,19025771.0
2026-09-04,TPEX,4991,環宇-KY,499.0,505.0,470.0,497.0,1169499.0
2026-09-04,TPEX,4995,晶達,50.0,50.2,49.0,50.1,28784.0
2026-09-04,TPEX,5009,榮剛,33.45,33.5,33.1,33.2,1413333.0
2026-09-04,TPEX,5011,久陽,18.45,18.45,18.1,18.25,73203.0
2026-09-04,TPEX,5013,強新,28.7,29.4,28.6,29.0,48531.0
2026-09-04,TPEX,5014,建錩,10.05,10.05,10.0,10.05,109668.0
2026-09-04,TPEX,5015,華祺,22.1,22.4,22.0,22.05,17090.0
2026-09-04,TPEX,5016,松和,24.8,24.8,24.8,24.8,1045.0
2026-09-04,TPEX,5201,凱衛,28.45,28.45,26.85,26.85,176676.0
2026-09-04,TPEX,5202,力新,11.85,11.85,11.75,11.8,90476.0
2026-09-04,TPEX,5205,中茂,,,,,186.0
2026-09-04,TPEX,5206,坤悅,23.6,23.75,23.4,23.6,111248.0
2026-09-04,TPEX,5209,新鼎,154.0,155.0,153.0,154.5,90080.0
2026-09-04,TPEX,5210,寶碩,28.65,29.05,28.45,28.95,60394.0
2026-09-04,TPEX,5211,蒙恬,19.55,19.55,19.3,19.3,5405.0
2026-09-04,TPEX,5212,凌網,46.5,46.5,46.2,46.4,7404.0
2026-09-04,TPEX,5213,亞昕,20.9,21.1,20.85,20.9,88482.0
2026-09-04,TPEX,5220,萬達光電,19.65,19.65,19.4,19.6,14231.0
2026-09-04,TPEX,5223,安力-KY,23.1,23.55,23.1,23.45,6231.0
2026-09-04,TPEX,5227,立凱-KY,30.4,30.45,29.8,29.95,233759.0
2026-09-04,TPEX,5228,鈺鎧,40.3,42.5,40.3,41.7,348573.0
2026-09-04,TPEX,5230,雷笛克光學,17.8,17.8,17.3,17.7,103588.0
2026-09-04,TPEX,5245,智晶,22.65,22.85,22.25,22.85,33819.0
2026-09-04,TPEX,5251,天鉞電,26.0,26.15,25.8,26.05,39482.0
2026-09-04,TPEX,5263,智崴,98.8,106.0,98.3,103.0,748550.0
2026-09-04,TPEX,5272,笙科,17.2,17.2,16.75,16.9,70913.0
2026-09-04,TPEX,5274,信驊,18490.0,18490.0,17410.0,17470.0,241941.0
2026-09-04,TPEX,5276,達輝-KY,18.1,18.3,18.1,18.3,2268.0
2026-09-04,TPEX,5278,尚凡*,24.3,24.3,24.0,24.2,70036.0
2026-09-04,TPEX,5287,數字,135.5,136.0,135.0,135.5,50736.0
2026-09-04,TPEX,5289,宜鼎,1370.0,1385.0,1320.0,1360.0,1344855.0
2026-09-04,TPEX,5291,邑昇,70.2,71.5,66.0,67.0,1574354.0
2026-09-04,TPEX,5299,杰力,95.9,97.4,94.9,97.3,113983.0
2026-09-04,TPEX,5301,寶得利,5.55,5.59,5.18,5.22,31717.0
2026-09-04,TPEX,5302,太欣,10.3,10.4,10.1,10.3,566206.0
2026-09-04,TPEX,5309,系統電,51.6,52.0,50.4,52.0,803535.0
2026-09-04,TPEX,5310,天剛,,,,,30.0
2026-09-04,TPEX,5312,寶島科,91.5,91.8,91.3,91.6,9263.0
2026-09-04,TPEX,5314,世紀*,32.0,32.25,31.05,32.0,3572364.0
2026-09-04,TPEX,5315,光聯,18.8,18.8,18.65,18.75,276151.0
2026-09-04,TPEX,5321,美而快,78.0,79.5,75.9,79.4,357685.0
2026-09-04,TPEX,5324,士開,12.3,12.3,12.25,12.25,73075.0
2026-09-04,TPEX,5328,華容,60.7,63.0,60.3,61.0,6404212.0
2026-09-04,TPEX,5340,建榮,80.3,81.3,76.8,79.2,1651776.0
2026-09-04,TPEX,5344,立衛,13.5,13.8,13.5,13.75,47810.0
2026-09-04,TPEX,5345,馥鴻,22.0,22.0,21.9,21.9,3004.0
2026-09-04,TPEX,5347,世界,150.0,151.0,148.5,150.0,4829835.0
2026-09-04,TPEX,5348,正能量智能,16.7,16.7,16.65,16.65,3153.0
2026-09-04,TPEX,5351,鈺創,112.0,114.0,106.5,112.5,12273958.0
2026-09-04,TPEX,5353,台林,28.3,28.3,27.9,28.0,29582.0
2026-09-04,TPEX,5355,佳總,5.99,5.99,5.77,5.95,65004.0
2026-09-04,TPEX,5356,協益,25.95,26.1,25.9,26.05,19190.0
2026-09-04,TPEX,5364,力麗店,8.42,8.49,8.39,8.39,260116.0
2026-09-04,TPEX,5381,光譜,25.15,25.4,24.6,24.65,377733.0
2026-09-04,TPEX,5386,青雲,263.5,266.5,252.0,258.5,894881.0
2026-09-04,TPEX,5392,能率,44.15,44.5,42.5,42.95,1220575.0
2026-09-04,TPEX,5398,慕康生醫,14.25,14.25,14.0,14.2,21022.0
2026-09-04,TPEX,5403,中菲,92.7,94.1,92.7,93.8,31832.0
2026-09-04,TPEX,5410,國眾,36.1,36.1,35.75,36.1,102556.0
2026-09-04,TPEX,5425,台半,92.7,93.5,89.0,92.9,10419919.0
2026-09-04,TPEX,5426,振發,28.5,28.9,28.1,28.8,569186.0
2026-09-04,TPEX,5432,新門,154.0,157.5,153.0,155.0,136032.0
2026-09-04,TPEX,5438,東友,16.65,16.75,16.55,16.65,31499.0
2026-09-04,TPEX,5439,高技,263.0,267.0,255.0,261.5,1642748.0
2026-09-04,TPEX,5443,均豪,112.0,114.5,109.0,112.5,2233460.0
2026-09-04,TPEX,5450,南良,14.55,14.8,14.55,14.75,87005.0
2026-09-04,TPEX,5452,佶優,27.05,27.15,26.55,27.1,273491.0
2026-09-04,TPEX,5455,昇益,29.75,30.05,29.6,30.0,8714.0
2026-09-04,TPEX,5457,宣德,28.15,28.15,27.6,27.65,145643.0
2026-09-04,TPEX,5460,同協,16.0,16.25,16.0,16.25,11041.0
2026-09-04,TPEX,5464,霖宏,69.3,70.2,68.3,69.5,211774.0
2026-09-04,TPEX,5465,富驊,24.45,24.6,24.2,24.3,75384.0
2026-09-04,TPEX,5468,凱鈺,24.55,24.75,24.4,24.7,79155.0
2026-09-04,TPEX,5474,聰泰,148.0,149.0,146.0,149.0,114865.0
2026-09-04,TPEX,5475,德宏,188.0,190.0,176.0,190.0,5582619.0
2026-09-04,TPEX,5478,智冠,98.4,98.4,98.0,98.0,65485.0
2026-09-04,TPEX,5481,新華,20.2,20.3,20.05,20.2,139035.0
2026-09-04,TPEX,5483,中美晶,181.5,185.0,180.0,183.5,10928185.0
2026-09-04,TPEX,5487,通泰,29.25,30.15,28.3,29.45,171509.0
2026-09-04,TPEX,5488,松普,12.0,12.2,11.8,12.1,198620.0
2026-09-04,TPEX,5489,彩富,41.75,41.75,40.65,41.4,45051.0
2026-09-04,TPEX,5490,同亨,26.85,27.1,26.35,26.5,538755.0
2026-09-04,TPEX,5493,三聯,85.0,85.0,84.0,84.4,65362.0
2026-09-04,TPEX,5498,凱崴,54.0,54.7,52.5,53.4,1201176.0
2026-09-04,TPEX,5508,永信建,54.9,55.5,54.0,55.1,351043.0
2026-09-04,TPEX,5511,德昌,69.8,69.8,69.3,69.3,149616.0
2026-09-04,TPEX,5512,力麒,7.8,7.8,7.74,7.77,446473.0
2026-09-04,TPEX,5514,三豐,15.05,15.05,15.0,15.05,10307.0
2026-09-04,TPEX,5516,雙喜,11.8,12.0,11.8,12.0,8000.0
2026-09-04,TPEX,5520,力泰,,,,,14.0
2026-09-04,TPEX,5523,豐謙,30.2,30.35,30.2,30.35,27640.0
2026-09-04,TPEX,5529,鉅陞,24.2,25.85,24.2,24.4,221264.0
2026-09-04,TPEX,5530,龍巖,49.8,50.2,49.75,50.0,152742.0
2026-09-04,TPEX,5536,聖暉*,832.0,855.0,822.0,853.0,552179.0
2026-09-04,TPEX,5543,桓鼎-KY,28.2,29.2,28.1,28.1,10026.0
2026-09-04,TPEX,5547,久舜,19.65,19.7,19.6,19.65,7100.0
2026-09-04,TPEX,5548,安倉,20.5,20.55,20.5,20.55,3235.0
2026-09-04,TPEX,5601,台聯櫃,29.5,30.35,29.5,30.35,6001.0
2026-09-04,TPEX,5603,陸海,14.0,14.05,13.9,13.95,112094.0
2026-09-04,TPEX,5604,中連,30.9,31.9,30.9,31.35,7337.0
2026-09-04,TPEX,5609,中菲行,77.9,78.0,77.8,78.0,47862.0
2026-09-04,TPEX,5701,劍湖山,4.18,4.29,4.17,4.24,52325.0
2026-09-04,TPEX,5703,亞都,,,,,0.0
2026-09-04,TPEX,5704,老爺知,23.55,23.6,22.8,23.2,53553.0
2026-09-04,TPEX,5864,致和證,36.75,37.25,36.45,37.15,2170812.0
2026-09-04,TPEX,5878,台名,38.55,38.55,38.55,38.55,1214.0
2026-09-04,TPEX,5902,德記,34.1,34.4,34.1,34.4,3329.0
2026-09-04,TPEX,5903,全家,184.0,185.0,184.0,185.0,7332.0
2026-09-04,TPEX,5904,寶雅*,70.0,72.1,70.0,72.1,6688639.0
2026-09-04,TPEX,5905,南仁湖,7.7,7.77,7.68,7.68,393435.0
2026-09-04,TPEX,6015,宏遠證,16.65,16.85,16.45,16.8,2329208.0
2026-09-04,TPEX,6016,康和證,21.8,22.4,21.55,22.4,6567322.0
2026-09-04,TPEX,6020,大展證,20.9,20.9,20.85,20.9,26000.0
2026-09-04,TPEX,6021,美好證,39.4,40.35,39.4,40.25,275463.0
2026-09-04,TPEX,6023,元大期,86.6,87.0,86.4,86.4,368220.0
2026-09-04,TPEX,6026,福邦證,15.2,15.2,15.0,15.15,952989.0
2026-09-04,TPEX,6028,公勝保經,96.6,97.6,96.5,96.6,14512.0
2026-09-04,TPEX,6101,寬魚國際,38.55,38.8,37.55,37.95,253495.0
2026-09-04,TPEX,6103,合邦,38.3,38.7,37.15,37.2,25553.0
2026-09-04,TPEX,6104,創惟,96.3,97.1,95.5,97.0,283197.0
2026-09-04,TPEX,6109,亞元,10.8,10.95,10.7,10.95,85910.0
2026-09-04,TPEX,6111,光聚晶電,37.5,37.85,36.7,37.85,177420.0
2026-09-04,TPEX,6113,亞矽,23.3,23.3,22.65,23.15,113353.0
2026-09-04,TPEX,6114,久威,25.05,25.25,24.75,25.25,11000.0
2026-09-04,TPEX,6118,建達,15.5,15.75,15.2,15.2,202397.0
2026-09-04,TPEX,6121,新普,398.5,398.5,391.0,397.0,276128.0
2026-09-04,TPEX,6122,擎邦,52.4,52.5,51.2,51.3,886333.0
2026-09-04,TPEX,6123,上奇,43.75,43.75,43.6,43.6,23536.0
2026-09-04,TPEX,6124,業強,27.15,27.45,27.0,27.15,26964.0
2026-09-04,TPEX,6125,廣運,52.5,52.7,50.7,51.5,1170879.0
2026-09-04,TPEX,6126,信音,29.3,29.3,29.0,29.15,256046.0
2026-09-04,TPEX,6127,九豪,47.6,49.7,47.6,49.05,3122866.0
2026-09-04,TPEX,6130,上亞科技,26.95,26.95,25.95,26.1,102008.0
2026-09-04,TPEX,6134,萬旭,28.7,29.9,28.5,29.3,249260.0
2026-09-04,TPEX,6138,茂達,285.0,288.0,282.0,286.5,225770.0
2026-09-04,TPEX,6140,訊達,16.55,16.85,16.5,16.7,61115.0
2026-09-04,TPEX,6143,振曜,88.1,88.3,87.2,87.5,348418.0
2026-09-04,TPEX,6144,得利影,13.2,13.3,13.2,13.3,3302.0
2026-09-04,TPEX,6146,耕興,187.5,187.5,179.5,182.5,602529.0
2026-09-04,TPEX,6147,頎邦,198.0,202.5,181.0,182.5,63309646.0
2026-09-04,TPEX,6148,驊宏資,27.75,28.8,27.75,28.65,164585.0
2026-09-04,TPEX,6150,撼訊,61.0,61.5,60.0,60.6,168295.0
2026-09-04,TPEX,6151,晉倫,35.05,35.4,34.95,35.3,65422.0
2026-09-04,TPEX,6154,順發,14.15,14.15,14.0,14.05,8231.0
2026-09-04,TPEX,6156,松上,20.8,20.95,20.6,20.8,382129.0
2026-09-04,TPEX,6158,禾昌,17.2,17.55,17.1,17.4,44052.0
2026-09-04,TPEX,6160,欣技,14.75,14.75,14.55,14.75,46487.0
2026-09-04,TPEX,6161,捷波,51.9,52.9,51.6,51.6,98610.0
2026-09-04,TPEX,6163,華電網,41.3,41.55,40.65,41.2,319417.0
2026-09-04,TPEX,6167,久正,10.3,10.3,10.15,10.2,348186.0
2026-09-04,TPEX,6169,昱泉,12.2,12.2,12.1,12.15,18651.0
2026-09-04,TPEX,6170,統振,48.0,48.45,47.75,48.45,127799.0
2026-09-04,TPEX,6171,大城地產,26.6,26.6,25.95,26.2,46142.0
2026-09-04,TPEX,6173,信昌電,260.0,265.0,254.5,260.5,18478287.0
2026-09-04,TPEX,6174,安碁,43.4,44.05,42.8,43.4,310008.0
2026-09-04,TPEX,6175,立敦,70.0,72.9,69.9,71.8,1262707.0
2026-09-04,TPEX,6179,亞通,29.4,30.0,29.05,29.6,2711309.0
2026-09-04,TPEX,6180,橘子,40.8,41.8,40.75,41.8,566575.0
2026-09-04,TPEX,6182,合晶,108.5,111.0,106.0,111.0,36609244.0
2026-09-04,TPEX,6185,幃翔,12.75,12.8,12.6,12.75,142740.0
2026-09-04,TPEX,6186,新潤,31.8,33.1,31.3,31.3,1473956.0
2026-09-04,TPEX,6187,萬潤,1345.0,1360.0,1280.0,1305.0,1994478.0
2026-09-04,TPEX,6188,廣明,66.2,66.9,65.7,66.6,342078.0
2026-09-04,TPEX,6190,萬泰科,68.4,70.3,67.5,68.0,2409051.0
2026-09-04,TPEX,6194,育富,29.65,29.65,29.6,29.65,34430.0
2026-09-04,TPEX,6195,詩肯,27.8,28.0,27.6,27.75,44717.0
2026-09-04,TPEX,6198,瑞築,19.5,19.75,19.5,19.75,6034.0
2026-09-04,TPEX,6199,天品,95.2,96.4,94.7,96.1,2687578.0
2026-09-04,TPEX,6203,海韻電,60.3,60.8,60.2,60.7,22893.0
2026-09-04,TPEX,6204,艾華,89.9,92.0,87.8,91.6,330835.0
2026-09-04,TPEX,6207,雷科,106.5,114.0,106.5,111.0,9635604.0
2026-09-04,TPEX,6208,日揚,76.7,77.5,73.2,74.2,482946.0
2026-09-04,TPEX,6210,慶生,17.3,17.75,17.3,17.75,5053.0
2026-09-04,TPEX,6212,理銘,31.55,31.7,31.55,31.7,3320.0
2026-09-04,TPEX,6217,中探針,199.5,203.5,186.0,188.5,8622537.0
2026-09-04,TPEX,6218,豪勉,43.25,43.75,41.5,42.25,1306768.0
2026-09-04,TPEX,6219,富旺,12.7,13.0,12.55,12.6,269548.0
2026-09-04,TPEX,6220,岳豐,25.75,25.95,25.45,25.8,237671.0
2026-09-04,TPEX,6221,晉泰,21.5,21.55,21.3,21.45,81842.0
2026-09-04,TPEX,6222,立軒,19.55,20.0,19.55,20.0,15000.0
2026-09-04,TPEX,6223,旺矽,5175.0,5280.0,5090.0,5155.0,555526.0
2026-09-04,TPEX,6227,茂綸,113.5,117.0,111.5,113.5,248115.0
2026-09-04,TPEX,6228,全譜,,,,,130.0
2026-09-04,TPEX,6229,研通,23.85,23.85,23.5,23.65,29445.0
2026-09-04,TPEX,6231,系微,212.5,213.5,208.0,212.0,110558.0
2026-09-04,TPEX,6233,旺玖,21.05,21.1,20.65,20.85,93419.0
2026-09-04,TPEX,6234,高僑,34.4,34.4,33.0,34.2,294760.0
2026-09-04,TPEX,6236,中湛,,,,,0.0
2026-09-04,TPEX,6237,驊訊,35.5,36.0,34.8,35.2,180231.0
2026-09-04,TPEX,6240,松崗,27.2,27.7,25.2,25.2,536840.0
2026-09-04,TPEX,6241,鑫永洋,16.75,16.95,16.55,16.75,48300.0
2026-09-04,TPEX,6242,立康,34.0,34.0,34.0,34.0,1057.0
2026-09-04,TPEX,6244,茂迪,23.45,23.7,23.2,23.4,1464620.0
2026-09-04,TPEX,6245,立端,76.7,78.4,76.4,78.2,397199.0
2026-09-04,TPEX,6246,臺龍,12.9,12.9,12.55,12.8,20199.0
2026-09-04,TPEX,6248,沛波,17.0,17.0,16.9,16.95,59086.0
2026-09-04,TPEX,6259,百徽,29.0,30.5,29.0,30.15,414248.0
2026-09-04,TPEX,6261,久元,80.1,80.1,77.2,78.4,528481.0
2026-09-04,TPEX,6263,普萊德,173.5,173.5,169.0,169.5,136531.0
2026-09-04,TPEX,6264,富裔,6.0,6.05,5.96,6.01,27000.0
2026-09-04,TPEX,6265,方土昶,54.9,55.3,52.8,54.2,2774033.0
2026-09-04,TPEX,6266,泰詠,24.6,24.75,24.4,24.75,149468.0
2026-09-04,TPEX,6270,倍微,28.55,28.55,28.1,28.5,85424.0
2026-09-04,TPEX,6274,台燿,1390.0,1425.0,1295.0,1365.0,5868445.0
2026-09-04,TPEX,6275,元山,45.15,48.9,45.0,48.15,1525197.0
2026-09-04,TPEX,6276,安鈦克,20.6,20.7,20.3,20.7,17901.0
2026-09-04,TPEX,6279,胡連,118.0,118.5,116.0,117.5,475003.0
2026-09-04,TPEX,6284,佳邦,77.9,79.3,76.9,79.1,1072281.0
2026-09-04,TPEX,6290,良維,248.5,270.0,247.5,270.0,6100525.0
2026-09-04,TPEX,6291,沛亨,470.0,477.0,436.5,456.5,2767643.0
2026-09-04,TPEX,6292,迅德,62.1,62.1,60.3,62.0,145549.0
2026-09-04,TPEX,6294,智基,28.75,28.75,28.75,28.75,4810.0
2026-09-04,TPEX,6411,晶焱,79.9,80.6,78.8,80.2,244047.0
2026-09-04,TPEX,6417,韋僑,106.0,108.0,104.0,108.0,37217.0
2026-09-04,TPEX,6418,詠昇,34.0,34.0,33.1,33.25,71661.0
2026-09-04,TPEX,6419,京晨科,147.5,157.5,147.5,155.5,240429.0
2026-09-04,TPEX,6423,億而得,84.7,86.3,84.7,85.4,33220.0
2026-09-04,TPEX,6425,易發,63.5,63.5,61.1,62.8,234500.0
2026-09-04,TPEX,6432,今展科,60.0,62.0,59.7,60.9,595521.0
2026-09-04,TPEX,6435,大中,244.5,247.0,237.5,246.0,246805.0
2026-09-04,TPEX,6441,廣錠,21.3,21.6,20.85,21.0,28481.0
2026-09-04,TPEX,6462,神盾,100.5,103.0,100.5,101.5,505455.0
2026-09-04,TPEX,6465,威潤,46.05,46.15,45.6,46.0,70638.0
2026-09-04,TPEX,6469,大樹,67.3,67.4,67.1,67.4,194935.0
2026-09-04,TPEX,6470,宇智,41.5,41.9,41.4,41.8,21517.0
2026-09-04,TPEX,6474,華豫寧,36.5,36.6,36.5,36.55,13173.0
2026-09-04,TPEX,6482,弘煜科,24.8,25.15,24.55,25.15,11145.0
2026-09-04,TPEX,6485,點序,61.4,62.6,60.5,62.0,288452.0
2026-09-04,TPEX,6486,互動,83.5,86.0,81.3,82.2,507626.0
2026-09-04,TPEX,6488,環球晶,953.0,983.0,940.0,981.0,8479505.0
2026-09-04,TPEX,6492,生華科,33.8,34.15,33.35,33.65,293698.0
2026-09-04,TPEX,6494,九齊,55.1,56.0,54.1,56.0,125830.0
2026-09-04,TPEX,6496,科懋,,,,,603.0
2026-09-04,TPEX,6498,久禾光,74.6,75.4,73.8,75.4,150158.0
2026-09-04,TPEX,6499,益安,72.1,73.3,70.6,73.2,253929.0
2026-09-04,TPEX,6506,雙邦,18.25,18.4,18.0,18.2,92715.0
2026-09-04,TPEX,6508,惠光,25.85,26.0,25.75,25.75,18573.0
2026-09-04,TPEX,6509,聚和,47.3,47.55,46.3,46.8,811123.0
2026-09-04,TPEX,6510,精測,3465.0,3540.0,3320.0,3350.0,1251604.0
2026-09-04,TPEX,6512,啟發電,20.15,20.2,20.15,20.2,5768.0
2026-09-04,TPEX,6516,勤崴國際,58.1,58.1,57.3,57.3,40406.0
2026-09-04,TPEX,6517,保勝光學,68.0,71.0,67.5,69.2,674185.0
2026-09-04,TPEX,6523,達爾膚,89.5,89.7,89.4,89.7,27700.0
2026-09-04,TPEX,6527,明達醫,75.3,75.3,74.0,74.2,10038.0
2026-09-04,TPEX,6530,創威,96.2,99.5,94.5,98.2,2641069.0
2026-09-04,TPEX,6532,瑞耘,102.5,103.0,98.0,98.0,896024.0
2026-09-04,TPEX,6535,順藥,75.5,79.8,73.8,79.7,359743.0
2026-09-04,TPEX,6538,倉和,261.5,300.0,257.5,300.0,9563341.0
2026-09-04,TPEX,6542,隆中,43.3,44.1,43.3,43.75,7000.0
2026-09-04,TPEX,6546,正基,62.9,63.2,62.0,62.5,227224.0
2026-09-04,TPEX,6547,高端疫苗,61.9,63.4,61.2,61.5,3244370.0
2026-09-04,TPEX,6548,長科*,72.4,76.0,71.4,75.2,3553939.0
2026-09-04,TPEX,6556,勝品,61.3,61.3,61.3,61.3,3000.0
2026-09-04,TPEX,6560,欣普羅,31.0,31.4,31.0,31.4,5631.0
2026-09-04,TPEX,6561,是方,322.5,322.5,319.5,322.0,31837.0
2026-09-04,TPEX,6568,宏觀,136.5,139.5,133.5,137.0,83621.0
2026-09-04,TPEX,6569,醫揚,91.0,91.8,91.0,91.8,27235.0
2026-09-04,TPEX,6570,維田,50.5,52.3,50.5,51.6,94696.0
2026-09-04,TPEX,6574,霈方,120.5,120.5,117.5,118.5,20419.0
2026-09-04,TPEX,6576,逸達,80.3,80.3,78.7,80.0,166508.0
2026-09-04,TPEX,6577,勁豐,79.3,80.6,79.3,80.3,26427.0
2026-09-04,TPEX,6578,達邦蛋白,18.5,18.5,18.15,18.3,253476.0
2026-09-04,TPEX,6584,南俊國際,635.0,644.0,621.0,634.0,579682.0
2026-09-04,TPEX,6588,東典光電,104.5,109.5,102.5,108.5,1195949.0
2026-09-04,TPEX,6590,普鴻,65.8,66.0,65.2,66.0,25399.0
2026-09-04,TPEX,6593,台灣銘板,31.75,31.75,31.45,31.55,97467.0
2026-09-04,TPEX,6596,寬宏藝術,94.9,96.0,94.8,95.4,53190.0
2026-09-04,TPEX,6597,立誠,73.0,73.0,70.0,72.9,5000.0
2026-09-04,TPEX,6603,富強鑫,25.0,25.4,24.6,25.15,611411.0
2026-09-04,TPEX,6609,瀧澤科,40.35,40.35,39.25,39.9,107773.0
2026-09-04,TPEX,6612,奈米醫材,71.0,71.0,70.5,70.6,22426.0
2026-09-04,TPEX,6613,朋億*,258.0,261.5,253.0,258.5,221492.0
2026-09-04,TPEX,6615,慧智,,,,,1100.0
2026-09-04,TPEX,6616,特昇-KY,8.18,8.32,8.16,8.28,9000.0
2026-09-04,TPEX,6617,共信-KY,113.0,124.0,113.0,123.0,1232666.0
2026-09-04,TPEX,6620,漢達,105.0,107.5,97.1,107.5,6839068.0
2026-09-04,TPEX,6624,萬年清,40.65,40.65,40.65,40.65,1840.0
2026-09-04,TPEX,6629,泰金-KY,106.5,108.0,106.5,108.0,4009.0
2026-09-04,TPEX,6637,醫影,55.9,56.0,55.6,55.9,16377.0
2026-09-04,TPEX,6640,均華,1240.0,1265.0,1190.0,1250.0,1223965.0
2026-09-04,TPEX,6642,富致,82.2,84.4,81.1,83.3,264325.0
2026-09-04,TPEX,6643,M31,410.5,413.5,405.5,407.5,160551.0
2026-09-04,TPEX,6649,台生材,35.0,35.75,35.0,35.75,5434.0
2026-09-04,TPEX,6651,全宇昕,150.0,152.0,147.5,151.0,110216.0
2026-09-04,TPEX,6654,天正國際,215.0,223.0,212.5,219.5,144922.0
2026-09-04,TPEX,6661,威健生技,17.3,17.3,16.3,16.3,11111.0
2026-09-04,TPEX,6662,樂斯科,28.5,28.5,28.5,28.5,1229.0
2026-09-04,TPEX,6664,群翊,368.0,370.0,348.0,355.5,752355.0
2026-09-04,TPEX,6667,信紘科,231.0,239.5,230.5,239.5,879458.0
2026-09-04,TPEX,6679,鈺太,209.0,217.5,204.0,206.0,661890.0
2026-09-04,TPEX,6680,鑫創電子,52.1,54.7,52.1,54.7,5228.0
2026-09-04,TPEX,6683,雍智科技,1420.0,1460.0,1335.0,1360.0,1306121.0
2026-09-04,TPEX,6684,安格,46.6,46.6,45.85,46.3,36193.0
2026-09-04,TPEX,6690,安碁資訊,163.0,164.5,162.0,162.5,42976.0
2026-09-04,TPEX,6692,進能服,23.25,23.4,23.05,23.05,18300.0
2026-09-04,TPEX,6693,廣閎科,183.5,189.5,174.5,181.5,2058200.0
2026-09-04,TPEX,6697,東捷資訊,40.55,40.6,40.5,40.6,6083.0
2026-09-04,TPEX,6703,軒郁,102.0,103.5,101.5,103.5,41084.0
2026-09-04,TPEX,6708,天擎,37.9,38.75,37.9,38.75,3015.0
2026-09-04,TPEX,6712,長聖,157.5,158.5,156.5,157.0,164256.0
2026-09-04,TPEX,6716,應廣,129.0,131.5,117.0,117.0,2356218.0
2026-09-04,TPEX,6720,久昌,131.0,131.5,130.0,131.5,29572.0
2026-09-04,TPEX,6721,信實,51.2,51.2,50.2,50.2,89354.0
2026-09-04,TPEX,6725,矽科宏晟,220.5,227.0,217.0,225.0,90959.0
2026-09-04,TPEX,6727,亞泰金屬,560.0,569.0,526.0,541.0,2006486.0
2026-09-04,TPEX,6728,上洋,108.0,108.0,107.0,107.0,11485.0
2026-09-04,TPEX,6730,常廣,32.35,32.8,32.3,32.8,9132.0
2026-09-04,TPEX,6732,昇佳電子,149.0,150.0,148.0,149.5,95046.0
2026-09-04,TPEX,6733,博晟生醫,26.5,27.05,26.1,26.7,62588.0
2026-09-04,TPEX,6735,美達科技,61.8,65.0,61.8,63.3,89841.0
2026-09-04,TPEX,6739,竹陞科技,1100.0,1140.0,1080.0,1135.0,132438.0
2026-09-04,TPEX,6741,91APP*-KY,59.7,60.5,59.4,60.0,120844.0
2026-09-04,TPEX,6751,智聯服務,41.05,41.05,41.05,41.05,1014.0
2026-09-04,TPEX,6752,叡揚,96.0,97.9,96.0,96.3,8789.0
2026-09-04,TPEX,6761,穩得,181.5,184.5,178.0,183.0,402190.0
2026-09-04,TPEX,6762,達亞,,,,,576.0
2026-09-04,TPEX,6763,綠界科技*,40.9,41.35,40.6,41.25,165741.0
2026-09-04,TPEX,6767,台微醫,,,,,135.0
2026-09-04,TPEX,6785,昱展新藥,92.2,92.3,90.7,91.9,27749.0
2026-09-04,TPEX,6788,華景電,361.0,361.0,350.0,352.5,309732.0
2026-09-04,TPEX,6791,虎門科技,99.9,99.9,99.9,99.9,1581.0
2026-09-04,TPEX,6803,崑鼎,270.0,270.5,269.0,270.5,13799.0
2026-09-04,TPEX,6804,明係,18.4,18.4,18.2,18.2,46000.0
2026-09-04,TPEX,6811,宏碁資訊,222.0,222.0,219.0,222.0,41710.0
2026-09-04,TPEX,6821,聯寶,42.1,42.8,41.7,42.4,95622.0
2026-09-04,TPEX,6823,濾能,59.7,60.8,59.5,60.3,69202.0
2026-09-04,TPEX,6829,千附精密,237.0,243.5,233.0,243.5,637330.0
2026-09-04,TPEX,6840,東研信超,90.5,93.4,89.2,92.8,395354.0
2026-09-04,TPEX,6841,長佳智能,53.0,54.0,52.8,54.0,166689.0
2026-09-04,TPEX,6843,進典,39.05,39.05,37.9,38.0,13045.0
2026-09-04,TPEX,6844,諾貝兒,59.8,60.0,59.5,60.0,54050.0
2026-09-04,TPEX,6846,綠茵,58.5,58.5,57.9,58.1,5049.0
2026-09-04,TPEX,6855,數泓科,120.5,120.5,120.5,120.5,1284.0
2026-09-04,TPEX,6856,鑫傳,42.35,42.35,41.0,42.05,3100.0
2026-09-04,TPEX,6859,伯特光,115.0,115.0,112.5,115.0,29631.0
2026-09-04,TPEX,6865,偉康科技,25.0,25.55,24.9,25.55,12858.0
2026-09-04,TPEX,6870,騰雲,295.5,295.5,283.0,290.0,54990.0
2026-09-04,TPEX,6872,浩宇生醫,18.55,18.55,18.5,18.55,381032.0
2026-09-04,TPEX,6874,倍力,70.0,71.0,69.5,69.8,56257.0
2026-09-04,TPEX,6875,國邑*,33.9,33.9,32.3,33.1,209419.0
2026-09-04,TPEX,6877,鏵友益,113.0,113.5,110.0,110.5,27703.0
2026-09-04,TPEX,6881,潤德,214.0,214.0,214.0,214.0,2307.0
2026-09-04,TPEX,6884,海柏特,29.45,29.95,29.45,29.45,5000.0
2026-09-04,TPEX,6894,衛司特,349.0,353.0,346.0,353.0,23853.0
2026-09-04,TPEX,6895,宏碩系統,155.0,158.0,153.0,156.5,48943.0
2026-09-04,TPEX,6899,創為精密,49.75,50.4,49.75,50.0,4000.0
2026-09-04,TPEX,6903,巨漢,310.0,314.0,302.0,312.5,227312.0
2026-09-04,TPEX,6904,伯鑫,,,,,66.0
2026-09-04,TPEX,6907,雅特力-KY,182.0,183.5,176.5,181.5,737771.0
2026-09-04,TPEX,6910,德鴻,24.7,24.9,24.6,24.75,15015.0
2026-09-04,TPEX,6913,鴻呈,153.5,155.0,145.0,151.0,838308.0
2026-09-04,TPEX,6922,宸曜,204.5,209.0,202.0,208.5,136319.0
2026-09-04,TPEX,6925,意藍,50.0,50.8,50.0,50.0,6090.0
2026-09-04,TPEX,6929,佑全,22.25,22.6,22.1,22.6,4026.0
2026-09-04,TPEX,6945,圓祥生技,95.7,97.0,95.0,95.6,74201.0
2026-09-04,TPEX,6953,家碩,239.5,239.5,238.0,238.5,16189.0
2026-09-04,TPEX,6961,旅天下,50.0,50.0,49.8,50.0,12936.0
2026-09-04,TPEX,6967,汎瑋材料,69.5,70.0,68.6,69.2,42126.0
2026-09-04,TPEX,6968,萬達寵物,41.85,41.85,41.5,41.7,31044.0
2026-09-04,TPEX,6971,惠民實業,26.05,26.1,26.05,26.1,13240.0
2026-09-04,TPEX,6982,大井泵浦,47.7,47.7,47.2,47.35,12236.0
2026-09-04,TPEX,6983,華洋精機,358.0,358.0,345.0,355.0,49193.0
2026-09-04,TPEX,6986,和迅,41.95,42.2,40.1,41.8,64000.0
2026-09-04,TPEX,6996,力領科技,185.0,186.0,183.5,183.5,54336.0
2026-09-04,TPEX,6997,博弘,,,,,273.0
2026-09-04,TPEX,7402,邑錡,104.0,105.0,102.5,104.5,301471.0
2026-09-04,TPEX,7547,碩網,50.7,50.8,49.6,50.8,14208.0
2026-09-04,TPEX,7556,意德士,245.5,248.5,245.0,248.5,13796.0
2026-09-04,TPEX,7584,樂意,27.4,27.4,27.0,27.0,2073.0
2026-09-04,TPEX,7642,昶瑞機電,76.0,76.3,75.7,75.7,5552.0
2026-09-04,TPEX,7703,銳澤,187.5,190.0,184.0,187.5,141008.0
2026-09-04,TPEX,7704,明遠精密,60.7,60.7,59.0,59.6,23680.0
2026-09-04,TPEX,7708,全家餐飲,92.0,92.0,91.9,92.0,14421.0
2026-09-04,TPEX,7709,榮田,72.1,77.3,72.1,77.3,203431.0
2026-09-04,TPEX,7712,博盛半導體,154.5,157.0,151.0,155.0,140761.0
2026-09-04,TPEX,7713,威力德生醫,74.0,74.0,73.9,73.9,6044.0
2026-09-04,TPEX,7714,創泓科技,161.0,161.5,157.5,160.5,106247.0
2026-09-04,TPEX,7715,裕山,28.6,28.95,28.4,28.95,34140.0
2026-09-04,TPEX,7716,昱臺國際,23.5,23.75,23.5,23.5,6000.0
2026-09-04,TPEX,7717,萊德光電-KY,416.0,449.5,416.0,449.5,1151255.0
2026-09-04,TPEX,7718,友鋮,46.65,46.9,46.5,46.5,21000.0
2026-09-04,TPEX,7723,築間,19.3,19.3,18.55,18.95,32650.0
2026-09-04,TPEX,7728,光焱科技,640.0,650.0,615.0,618.0,42127.0
2026-09-04,TPEX,7734,印能科技,2810.0,2900.0,2770.0,2890.0,176643.0
2026-09-04,TPEX,7738,東聯互動,179.5,179.5,173.0,175.0,148343.0
2026-09-04,TPEX,7743,金利食安,21.8,21.8,21.0,21.7,24000.0
2026-09-04,TPEX,7744,崴寶,525.0,545.0,518.0,545.0,190868.0
2026-09-04,TPEX,7747,昕奇雲端,112.0,114.5,112.0,114.5,8122.0
2026-09-04,TPEX,7751,竑騰,1510.0,1610.0,1465.0,1610.0,386291.0
2026-09-04,TPEX,7753,星亞,36.25,36.5,36.25,36.5,6000.0
2026-09-04,TPEX,7757,金色三麥,88.7,88.7,88.6,88.6,3479.0
2026-09-04,TPEX,7767,仁大資訊,44.85,44.95,44.8,44.95,3070.0
2026-09-04,TPEX,7770,君曜,34.9,35.0,34.6,35.0,13000.0
2026-09-04,TPEX,7772,耀穎,109.0,109.0,109.0,109.0,109354.0
2026-09-04,TPEX,7777,能率亞洲,38.9,38.9,37.85,38.3,968815.0
2026-09-04,TPEX,7782,光速火箭,,,,,37.0
2026-09-04,TPEX,7792,安葆,309.5,311.0,296.5,308.0,341377.0
2026-09-04,TPEX,7794,宏碁智新,28.4,28.8,28.25,28.8,11070.0
2026-09-04,TPEX,7805,威聯通,504.0,511.0,500.0,508.0,46393.0
2026-09-04,TPEX,7810,捷創科技,217.5,220.0,214.5,217.5,43690.0
2026-09-04,TPEX,7811,民盛,73.1,73.7,73.1,73.7,11500.0
2026-09-04,TPEX,7814,海昌生技,29.0,29.9,29.0,29.0,25232.0
2026-09-04,TPEX,7819,精誠金融,36.8,36.95,35.05,35.2,37556.0
2026-09-04,TPEX,7820,立盈,118.5,119.0,112.0,118.0,45777.0
2026-09-04,TPEX,7828,創新服務,1810.0,1930.0,1775.0,1930.0,545115.0
2026-09-04,TPEX,7839,達人網,44.0,44.4,43.95,43.95,4000.0
2026-09-04,TPEX,7842,天能綠電,99.7,100.0,97.9,98.2,23769.0
2026-09-04,TPEX,8024,佑華,13.05,13.05,12.7,12.9,17614.0
2026-09-04,TPEX,8027,鈦昇,178.0,186.5,173.0,181.5,3953115.0
2026-09-04,TPEX,8032,光菱,35.4,35.7,35.1,35.7,25628.0
2026-09-04,TPEX,8034,榮群,19.6,19.6,19.4,19.45,56815.0
2026-09-04,TPEX,8038,長園科,30.9,31.9,30.55,31.9,115761.0
2026-09-04,TPEX,8040,九暘,74.7,76.5,73.7,75.0,1357491.0
2026-09-04,TPEX,8042,金山電,104.0,110.5,104.0,110.5,8987593.0
2026-09-04,TPEX,8043,蜜望實,140.5,146.0,140.5,142.0,5829054.0
2026-09-04,TPEX,8044,網家,23.8,24.5,23.65,24.0,421170.0
2026-09-04,TPEX,8047,星雲,41.9,43.0,41.9,43.0,19635.0
2026-09-04,TPEX,8048,德勝,50.5,51.6,50.0,51.6,57606.0
2026-09-04,TPEX,8049,晶采,24.5,24.6,24.4,24.45,133901.0
2026-09-04,TPEX,8050,廣積,54.7,56.6,54.7,56.4,1077862.0
2026-09-04,TPEX,8054,安國,81.2,82.5,80.2,82.5,389652.0
2026-09-04,TPEX,8059,凱碩,13.8,13.8,13.25,13.5,108065.0
2026-09-04,TPEX,8064,東捷,104.5,112.0,104.0,112.0,13697564.0
2026-09-04,TPEX,8066,來思達,14.8,14.8,14.7,14.7,8625.0
2026-09-04,TPEX,8067,志旭,11.8,11.85,11.75,11.75,5000.0
2026-09-04,TPEX,8068,全達,16.95,17.15,16.85,16.85,95880.0
2026-09-04,TPEX,8069,元太,151.0,151.5,148.5,148.5,5360833.0
2026-09-04,TPEX,8071,能率網通,23.2,23.4,22.9,23.25,298033.0
2026-09-04,TPEX,8074,鉅橡,54.6,54.6,52.0,53.3,294252.0
2026-09-04,TPEX,8076,伍豐,22.05,22.2,21.95,22.15,576081.0
2026-09-04,TPEX,8077,洛碁,,,,,40.0
2026-09-04,TPEX,8080,泰霖,28.75,28.8,28.6,28.8,23748.0
2026-09-04,TPEX,8083,瑞穎,158.5,158.5,157.0,158.0,14831.0
2026-09-04,TPEX,8084,巨虹,47.3,47.3,45.55,45.55,423164.0
2026-09-04,TPEX,8085,福華,15.15,15.55,14.95,15.2,390654.0
2026-09-04,TPEX,8086,宏捷科,114.0,114.5,110.5,112.5,2588316.0
2026-09-04,TPEX,8087,麗升能源,26.2,27.0,26.1,27.0,5001.0
2026-09-04,TPEX,8088,品安,43.55,43.75,42.75,43.15,441996.0
2026-09-04,TPEX,8089,康全電訊,17.35,17.35,16.95,17.05,135464.0
2026-09-04,TPEX,8091,翔名,215.5,219.0,213.0,215.0,242898.0
2026-09-04,TPEX,8092,建暐,12.7,12.95,12.7,12.95,19809.0
2026-09-04,TPEX,8093,保銳,26.6,26.6,26.2,26.35,18000.0
2026-09-04,TPEX,8096,擎亞,106.0,107.0,102.5,104.5,1575102.0
2026-09-04,TPEX,8097,常珵,48.35,49.3,48.35,49.0,158347.0
2026-09-04,TPEX,8099,大世科,61.0,61.6,60.1,61.2,706656.0
2026-09-04,TPEX,8102,傑霖科技,65.0,65.0,65.0,65.0,3054.0
2026-09-04,TPEX,8107,大億金茂,12.35,12.45,12.2,12.4,48180.0
2026-09-04,TPEX,8109,博大,132.5,133.0,129.5,130.0,320664.0
2026-09-04,TPEX,8111,立碁,72.2,73.0,68.0,70.0,16068912.0
2026-09-04,TPEX,8121,越峰,27.1,27.95,27.05,27.9,349848.0
2026-09-04,TPEX,8147,正淩,129.5,136.0,128.0,135.0,365085.0
2026-09-04,TPEX,8155,博智,352.5,356.5,339.5,348.5,560283.0
2026-09-04,TPEX,8171,天宇,19.55,19.55,19.15,19.55,83289.0
2026-09-04,TPEX,8176,智捷,9.76,9.77,9.75,9.77,69057.0
2026-09-04,TPEX,8182,加高,38.4,39.2,38.15,38.85,261361.0
2026-09-04,TPEX,8183,精星,28.0,28.3,27.5,27.8,678054.0
2026-09-04,TPEX,8227,巨有科技,159.0,160.0,155.0,158.5,275372.0
2026-09-04,TPEX,8234,新漢,67.0,68.4,66.0,68.3,449021.0
2026-09-04,TPEX,8240,華宏,47.8,51.5,47.25,51.5,1289517.0
2026-09-04,TPEX,8255,朋程,147.5,147.5,143.0,145.0,193845.0
2026-09-04,TPEX,8272,全景軟體,65.7,65.7,62.5,64.9,5028.0
2026-09-04,TPEX,8277,商丞,7.99,8.05,7.99,8.0,103059.0
2026-09-04,TPEX,8279,生展,79.3,79.3,77.7,79.2,130006.0
2026-09-04,TPEX,8284,三竹,65.7,66.0,65.5,66.0,12159.0
2026-09-04,TPEX,8289,泰藝,45.15,45.25,43.95,44.5,222303.0
2026-09-04,TPEX,8291,尚茂,31.9,31.9,29.2,29.9,15057.0
2026-09-04,TPEX,8299,群聯,2025.0,2050.0,1970.0,2015.0,2962952.0
2026-09-04,TPEX,8342,益張,,,,,0.0
2026-09-04,TPEX,8349,恒耀,39.0,39.0,38.85,38.95,58610.0
2026-09-04,TPEX,8354,冠好,17.8,18.0,17.5,17.85,53708.0
2026-09-04,TPEX,8358,金居,481.0,500.0,469.5,500.0,4455967.0
2026-09-04,TPEX,8383,千附,65.0,66.0,64.0,65.2,813814.0
2026-09-04,TPEX,8390,金益鼎,97.7,99.2,96.7,97.0,381277.0
2026-09-04,TPEX,8401,白紗科,22.8,22.85,22.75,22.75,17554.0
2026-09-04,TPEX,8403,盛弘,19.0,19.1,18.95,19.0,43892.0
2026-09-04,TPEX,8409,商之器,18.3,18.3,18.05,18.05,4044.0
2026-09-04,TPEX,8410,森田,30.5,30.5,30.35,30.4,7002.0
2026-09-04,TPEX,8415,大國鋼,37.35,37.7,37.15,37.55,376585.0
2026-09-04,TPEX,8416,實威,,,,,129.0
2026-09-04,TPEX,8421,旭源,12.75,12.9,12.7,12.85,103532.0
2026-09-04,TPEX,8423,保綠-KY,18.4,18.4,18.2,18.2,16032.0
2026-09-04,TPEX,8424,惠普,68.5,68.9,68.5,68.8,3079.0
2026-09-04,TPEX,8426,紅木-KY,20.7,20.8,20.35,20.8,34000.0
2026-09-04,TPEX,8431,匯鑽科,64.8,69.7,64.0,68.8,10687557.0
2026-09-04,TPEX,8432,東生華,51.4,51.4,50.7,50.9,146454.0
2026-09-04,TPEX,8433,弘帆,54.7,54.7,54.6,54.6,5982.0
2026-09-04,TPEX,8435,鉅邁,53.4,53.4,53.4,53.4,4916.0
2026-09-04,TPEX,8436,大江,112.5,113.0,108.0,112.5,1349898.0
2026-09-04,TPEX,8437,大地-KY,9.28,9.36,9.09,9.23,11015.0
2026-09-04,TPEX,8440,綠電,19.95,20.2,19.9,20.2,30682.0
2026-09-04,TPEX,8444,綠河-KY,4.6,4.95,4.6,4.95,6181.0
2026-09-04,TPEX,8446,華研,85.6,85.7,85.1,85.7,25082.0
2026-09-04,TPEX,8450,霹靂,14.25,14.65,14.2,14.65,46320.0
2026-09-04,TPEX,8455,大拓-KY,23.0,23.0,22.1,22.5,16001.0
2026-09-04,TPEX,8472,夠麻吉,68.2,71.1,68.2,71.1,5000.0
2026-09-04,TPEX,8477,創業家,15.25,15.25,15.05,15.25,8001.0
2026-09-04,TPEX,8489,三貝德,21.8,22.1,21.7,22.1,24782.0
2026-09-04,TPEX,8905,裕國,34.5,35.0,34.5,35.0,11274.0
2026-09-04,TPEX,8906,花王,29.35,29.35,28.95,29.1,7460.0
2026-09-04,TPEX,8908,欣雄,39.9,40.0,39.75,39.95,32809.0
2026-09-04,TPEX,8916,光隆,41.0,41.05,40.9,40.95,33732.0
2026-09-04,TPEX,8917,欣泰,52.4,52.5,52.2,52.5,9100.0
2026-09-04,TPEX,8921,沈氏,16.45,16.55,15.5,16.45,20690.0
2026-09-04,TPEX,8923,時報,,,,,211.0
2026-09-04,TPEX,8924,大田,50.1,51.5,50.0,51.3,105237.0
2026-09-04,TPEX,8927,北基,19.55,19.8,19.5,19.55,64282.0
2026-09-04,TPEX,8928,鉅明,24.8,24.95,24.5,24.95,29577.0
2026-09-04,TPEX,8929,富堡,,,,,1139.0
2026-09-04,TPEX,8930,青鋼,30.1,30.1,30.0,30.0,45180.0
2026-09-04,TPEX,8931,大汽電,41.05,41.3,40.95,41.0,47409.0
2026-09-04,TPEX,8932,智通*,90.1,92.6,88.7,91.4,2229944.0
2026-09-04,TPEX,8933,愛地雅,4.66,4.66,4.54,4.65,23101.0
2026-09-04,TPEX,8935,邦泰,18.0,18.25,17.95,18.1,106911.0
2026-09-04,TPEX,8936,國統,50.4,50.6,50.3,50.3,880188.0
2026-09-04,TPEX,8937,合騏*,29.9,30.5,29.2,30.0,155978.0
2026-09-04,TPEX,8938,明安,50.8,53.0,50.7,52.7,172589.0
2026-09-04,TPEX,8941,關中,43.8,44.0,43.8,44.0,4103.0
2026-09-04,TPEX,8942,森鉅,42.7,42.9,42.1,42.4,139247.0
2026-09-04,TPEX,9949,琉園,24.0,24.0,23.95,23.95,28512.0
2026-09-04,TPEX,9950,萬國通,10.3,10.3,10.3,10.3,13001.0
2026-09-04,TPEX,9951,皇田,50.8,50.8,50.4,50.4,59651.0
2026-09-04,TPEX,9960,邁達康,30.7,30.7,30.7,30.7,1097.0
2026-09-04,TPEX,9962,有益,10.4,10.4,10.15,10.35,27281.0
