date,market,stock_id,name,open,high,low,close,volume
2026-09-11,TWSE,1101,台泥,24.7,24.95,24.6,24.8,20276057.0
2026-09-11,TWSE,1102,亞泥,35.05,35.45,35.05,35.45,6863809.0
2026-09-11,TWSE,1103,嘉泥,13.1,13.25,13.1,13.15,319356.0
2026-09-11,TWSE,1104,環泥,27.3,27.35,27.15,27.25,476452.0
2026-09-11,TWSE,1108,幸福,11.5,11.5,11.3,11.35,638338.0
2026-09-11,TWSE,1109,信大,13.4,13.45,13.4,13.4,80289.0
2026-09-11,TWSE,1110,東泥,15.9,16.0,15.85,16.0,223613.0
2026-09-11,TWSE,1201,味全,12.1,12.1,12.05,12.05,260850.0
2026-09-11,TWSE,1203,味王,44.15,45.55,44.15,44.9,13989.0
2026-09-11,TWSE,1210,大成,52.5,52.7,52.2,52.3,925601.0
2026-09-11,TWSE,1213,大飲,7.57,7.59,7.3,7.3,5964.0
2026-09-11,TWSE,1215,卜蜂,110.0,112.0,109.5,111.0,914376.0
2026-09-11,TWSE,1216,統一,75.4,76.0,75.3,75.6,9304566.0
2026-09-11,TWSE,1217,愛之味,9.98,9.98,9.94,9.97,190720.0
2026-09-11,TWSE,1218,泰山,14.5,14.55,14.35,14.45,358923.0
2026-09-11,TWSE,1219,福壽,11.5,11.65,11.4,11.55,106639.0
2026-09-11,TWSE,1220,台榮,10.85,10.95,10.85,10.85,65492.0
2026-09-11,TWSE,1225,福懋油,24.3,24.75,24.2,24.35,77967.0
2026-09-11,TWSE,1227,佳格,28.35,28.45,28.35,28.35,402646.0
2026-09-11,TWSE,1229,聯華,41.85,41.85,41.65,41.75,962956.0
2026-09-11,TWSE,1231,聯華食,80.1,80.4,80.0,80.2,179227.0
2026-09-11,TWSE,1232,大統益,155.5,156.5,155.0,156.5,171271.0
2026-09-11,TWSE,1233,天仁,28.2,28.2,28.0,28.0,23417.0
2026-09-11,TWSE,1234,黑松,33.25,33.5,33.25,33.35,44219.0
2026-09-11,TWSE,1235,興泰,38.45,39.05,38.45,39.0,7077.0
2026-09-11,TWSE,1236,宏亞,25.95,26.2,25.95,26.2,28786.0
2026-09-11,TWSE,1256,鮮活果汁-KY,174.5,175.5,172.5,172.5,35879.0
2026-09-11,TWSE,1301,台塑,66.3,66.5,64.7,65.6,21995840.0
2026-09-11,TWSE,1303,南亞,237.0,245.5,232.0,244.0,59486250.0
2026-09-11,TWSE,1304,台聚,12.85,12.85,12.35,12.45,2451515.0
2026-09-11,TWSE,1305,華夏,12.55,12.55,12.2,12.25,1447092.0
2026-09-11,TWSE,1307,三芳,31.0,31.0,30.7,30.75,381834.0
2026-09-11,TWSE,1308,亞聚,14.6,14.75,14.25,14.45,1415734.0
2026-09-11,TWSE,1309,台達化,14.2,14.3,13.8,13.9,2611096.0
2026-09-11,TWSE,1310,台苯,8.91,8.91,8.66,8.72,1693720.0
2026-09-11,TWSE,1312,國喬,14.6,15.5,14.5,14.95,45165896.0
2026-09-11,TWSE,1313,聯成,12.15,12.2,11.85,11.85,2145481.0
2026-09-11,TWSE,1314,中石化,8.21,8.21,8.06,8.13,14554049.0
2026-09-11,TWSE,1315,達新,66.2,66.6,65.9,66.3,196706.0
2026-09-11,TWSE,1316,上曜,11.2,11.25,10.95,11.05,2601577.0
2026-09-11,TWSE,1319,東陽,79.0,79.2,78.1,78.4,785717.0
2026-09-11,TWSE,1321,大洋,32.2,32.45,32.1,32.25,63050.0
2026-09-11,TWSE,1323,永裕,21.15,21.35,21.1,21.35,22467.0
2026-09-11,TWSE,1324,地球,9.98,10.0,9.96,9.99,12320.0
2026-09-11,TWSE,1325,恆大,26.35,26.35,25.85,26.0,101684.0
2026-09-11,TWSE,1326,台化,72.0,72.7,70.3,71.3,22295065.0
2026-09-11,TWSE,1337,再生-KY,4.57,4.57,4.5,4.52,247592.0
2026-09-11,TWSE,1338,廣華-KY,14.25,14.4,14.2,14.4,54547.0
2026-09-11,TWSE,1339,昭輝,42.95,43.2,42.9,43.1,48013.0
2026-09-11,TWSE,1340,勝悅-KY,5.2,5.23,5.17,5.22,31987.0
2026-09-11,TWSE,1341,富林-KY,59.7,59.8,59.3,59.8,4010.0
2026-09-11,TWSE,1342,八貫,101.5,101.5,100.5,101.0,85250.0
2026-09-11,TWSE,1402,遠東新,28.45,28.65,28.35,28.65,6868641.0
2026-09-11,TWSE,1409,新纖,26.85,26.85,24.75,25.15,64176367.0
2026-09-11,TWSE,1410,南染,24.6,25.25,24.4,24.5,266407.0
2026-09-11,TWSE,1413,宏洲,9.52,9.52,9.2,9.43,35000.0
2026-09-11,TWSE,1414,東和,17.75,17.75,17.25,17.7,320577.0
2026-09-11,TWSE,1416,廣豐,11.45,11.55,11.3,11.45,472157.0
2026-09-11,TWSE,1417,嘉裕,8.16,8.18,8.1,8.15,101128.0
2026-09-11,TWSE,1418,東華,17.55,17.6,17.35,17.6,20222.0
2026-09-11,TWSE,1419,新紡,66.9,67.6,66.5,66.5,44140.0
2026-09-11,TWSE,1423,利華,35.5,35.5,35.15,35.4,9934.0
2026-09-11,TWSE,1432,大魯閣,15.0,15.05,15.0,15.0,63658.0
2026-09-11,TWSE,1434,福懋,18.1,18.1,17.85,18.0,1326912.0
2026-09-11,TWSE,1435,中福,22.75,23.3,22.5,23.3,13409.0
2026-09-11,TWSE,1436,華友聯,37.0,37.0,36.35,36.95,107264.0
2026-09-11,TWSE,1437,勤益控,31.7,31.9,31.5,31.55,136337.0
2026-09-11,TWSE,1438,三地開發,21.15,21.55,21.15,21.55,24381.0
2026-09-11,TWSE,1439,雋揚,29.05,29.35,29.05,29.3,18000.0
2026-09-11,TWSE,1440,南紡,13.65,13.85,13.45,13.5,3172046.0
2026-09-11,TWSE,1441,大東,8.65,8.8,8.58,8.76,196786.0
2026-09-11,TWSE,1442,名軒,30.15,30.5,30.0,30.3,159411.0
2026-09-11,TWSE,1443,立益物流,23.65,23.8,23.65,23.8,15006.0
2026-09-11,TWSE,1444,力麗,6.98,7.01,6.91,6.97,1026772.0
2026-09-11,TWSE,1445,大宇,10.2,10.3,10.05,10.3,28913.0
2026-09-11,TWSE,1446,宏和,13.3,13.35,13.25,13.3,122240.0
2026-09-11,TWSE,1447,力鵬,6.71,6.71,6.6,6.69,609419.0
2026-09-11,TWSE,1449,佳和,12.25,12.45,12.2,12.35,263616.0
2026-09-11,TWSE,1451,年興,17.2,17.2,17.1,17.2,39297.0
2026-09-11,TWSE,1452,宏益,11.15,11.3,11.15,11.15,82324.0
2026-09-11,TWSE,1453,大將,11.1,11.1,11.05,11.1,68410.0
2026-09-11,TWSE,1454,台富,12.3,12.85,12.1,12.85,98933.0
2026-09-11,TWSE,1455,集盛,10.0,10.0,9.93,9.97,478826.0
2026-09-11,TWSE,1456,怡華,15.45,15.45,14.15,14.25,1538427.0
2026-09-11,TWSE,1457,宜進,14.4,14.5,14.35,14.45,25886.0
2026-09-11,TWSE,1459,聯發,15.5,15.55,15.2,15.55,131964.0
2026-09-11,TWSE,1460,宏遠,6.56,6.56,6.46,6.51,370271.0
2026-09-11,TWSE,1463,強盛新,17.15,17.2,17.05,17.05,75390.0
2026-09-11,TWSE,1464,得力,10.05,10.05,9.99,10.0,231146.0
2026-09-11,TWSE,1465,偉全,11.85,12.0,11.85,12.0,99984.0
2026-09-11,TWSE,1466,聚隆,15.25,15.25,15.0,15.0,261338.0
2026-09-11,TWSE,1467,南緯,8.23,8.33,8.15,8.23,173206.0
2026-09-11,TWSE,1468,昶和,13.3,13.45,13.0,13.4,50000.0
2026-09-11,TWSE,1470,大統新創,23.95,23.95,23.9,23.9,2048.0
2026-09-11,TWSE,1471,首利,9.74,9.75,9.62,9.65,112337.0
2026-09-11,TWSE,1472,三洋實業,90.3,90.3,88.8,89.5,7022.0
2026-09-11,TWSE,1473,台南,19.85,20.0,19.8,20.0,24713.0
2026-09-11,TWSE,1474,弘裕,9.97,9.99,9.95,9.95,48009.0
2026-09-11,TWSE,1475,業旺,26.3,26.35,25.7,26.05,74020.0
2026-09-11,TWSE,1476,儒鴻,294.0,294.5,286.5,290.0,1536439.0
2026-09-11,TWSE,1477,聚陽,196.0,198.0,193.5,197.5,848371.0
2026-09-11,TWSE,1503,士電,204.5,206.0,202.5,205.0,1763548.0
2026-09-11,TWSE,1504,東元,70.3,70.9,70.2,70.6,3556966.0
2026-09-11,TWSE,1506,正道,10.0,10.0,9.92,9.95,314292.0
2026-09-11,TWSE,1512,瑞利,6.34,6.34,6.25,6.25,9512.0
2026-09-11,TWSE,1513,中興電,166.0,166.5,164.5,165.5,945887.0
2026-09-11,TWSE,1514,亞力,103.0,103.0,101.5,102.0,618113.0
2026-09-11,TWSE,1515,力山,30.6,30.6,29.7,29.75,847825.0
2026-09-11,TWSE,1516,川飛,14.05,14.5,13.95,14.5,21224.0
2026-09-11,TWSE,1517,利奇,10.85,10.9,10.65,10.75,247711.0
2026-09-11,TWSE,1519,華城,731.0,731.0,713.0,718.0,1374533.0
2026-09-11,TWSE,1521,大億,25.0,25.1,25.0,25.0,12043.0
2026-09-11,TWSE,1522,堤維西,26.7,26.9,26.3,26.45,604237.0
2026-09-11,TWSE,1524,耿鼎,26.6,26.6,26.2,26.2,345003.0
2026-09-11,TWSE,1525,江申,65.0,65.6,65.0,65.5,8006.0
2026-09-11,TWSE,1526,日馳,15.5,15.65,15.5,15.55,72405.0
2026-09-11,TWSE,1527,鑽全,32.55,32.65,32.5,32.6,89681.0
2026-09-11,TWSE,1528,恩德,20.15,20.15,19.25,19.3,1959599.0
2026-09-11,TWSE,1529,樂事綠能,15.95,15.95,15.8,15.9,214231.0
2026-09-11,TWSE,1530,亞崴,28.45,28.65,28.35,28.35,8751.0
2026-09-11,TWSE,1531,高林股,11.85,11.85,11.7,11.7,74675.0
2026-09-11,TWSE,1532,勤美,22.65,22.9,22.65,22.75,132432.0
2026-09-11,TWSE,1533,車王電,30.85,31.1,30.65,30.7,87499.0
2026-09-11,TWSE,1535,中宇,45.3,45.35,45.2,45.2,39210.0
2026-09-11,TWSE,1536,和大,48.0,48.4,47.5,47.8,1026883.0
2026-09-11,TWSE,1537,廣隆,115.0,115.5,114.5,115.5,92711.0
2026-09-11,TWSE,1538,正峰,8.3,8.8,8.3,8.8,18273.0
2026-09-11,TWSE,1539,巨庭,15.6,15.6,15.55,15.55,10000.0
2026-09-11,TWSE,1540,喬福,19.65,19.65,19.35,19.35,92588.0
2026-09-11,TWSE,1541,錩泰,21.15,21.2,21.1,21.2,8060.0
2026-09-11,TWSE,1558,伸興,105.5,107.0,105.5,106.0,117597.0
2026-09-11,TWSE,1560,中砂,727.0,735.0,718.0,733.0,456150.0
2026-09-11,TWSE,1563,巧新,78.2,80.5,75.8,78.2,711674.0
2026-09-11,TWSE,1568,倉佑,28.9,29.9,28.5,29.7,250692.0
2026-09-11,TWSE,1582,信錦,71.8,71.8,70.4,70.4,441466.0
2026-09-11,TWSE,1583,程泰,48.6,48.6,48.25,48.4,7205.0
2026-09-11,TWSE,1587,吉茂,23.8,23.95,23.6,23.6,116061.0
2026-09-11,TWSE,1590,亞德客-KY,1320.0,1320.0,1290.0,1305.0,804969.0
2026-09-11,TWSE,1597,直得,150.0,150.5,145.5,148.0,1766190.0
2026-09-11,TWSE,1598,岱宇,21.2,21.2,20.65,20.85,167413.0
2026-09-11,TWSE,1603,華電,30.45,30.45,29.95,30.1,148312.0
2026-09-11,TWSE,1604,聲寶,23.5,23.6,23.5,23.5,152409.0
2026-09-11,TWSE,1605,華新,38.1,38.35,37.65,37.8,11717903.0
2026-09-11,TWSE,1608,華榮,37.0,37.2,36.3,36.45,2407253.0
2026-09-11,TWSE,1609,大亞,38.3,38.3,37.7,37.75,3218249.0
2026-09-11,TWSE,1611,中電,11.7,11.7,11.6,11.65,358424.0
2026-09-11,TWSE,1612,宏泰,35.3,35.3,34.75,34.8,374305.0
2026-09-11,TWSE,1614,三洋電,30.5,31.45,30.45,31.1,181316.0
2026-09-11,TWSE,1615,大山,43.7,43.95,43.7,43.95,37122.0
2026-09-11,TWSE,1616,億泰,19.1,19.15,18.55,18.9,300776.0
2026-09-11,TWSE,1617,榮星,17.95,18.3,17.65,18.05,309262.0
2026-09-11,TWSE,1618,合機,39.15,39.35,38.9,39.1,205665.0
2026-09-11,TWSE,1623,大東電,216.0,220.0,216.0,218.5,133850.0
2026-09-11,TWSE,1626,艾美特-KY,9.63,9.67,9.48,9.67,128152.0
2026-09-11,TWSE,1702,南僑,32.4,32.65,32.4,32.55,94930.0
2026-09-11,TWSE,1707,葡萄王,90.9,91.7,90.8,91.4,208600.0
2026-09-11,TWSE,1708,東鹼,50.2,50.7,49.25,49.4,1792173.0
2026-09-11,TWSE,1709,和益,36.25,37.55,34.95,35.3,17937535.0
2026-09-11,TWSE,1710,東聯,16.2,16.4,15.8,15.95,3480031.0
2026-09-11,TWSE,1711,永光,40.0,40.25,39.05,39.05,2446392.0
2026-09-11,TWSE,1712,興農,40.7,41.0,40.6,40.8,616776.0
2026-09-11,TWSE,1713,國化,42.65,42.95,42.65,42.85,133490.0
2026-09-11,TWSE,1714,和桐,16.75,16.75,16.45,16.5,5388612.0
2026-09-11,TWSE,1717,長興,72.3,73.2,71.4,71.7,6961436.0
2026-09-11,TWSE,1718,中纖,10.8,10.8,10.6,10.6,11453593.0
2026-09-11,TWSE,1720,生達,56.1,56.3,56.0,56.3,126593.0
2026-09-11,TWSE,1721,國慶科技,23.1,23.75,22.15,23.35,1601298.0
2026-09-11,TWSE,1722,台肥,44.1,44.15,43.75,43.75,5272241.0
2026-09-11,TWSE,1723,中碳,83.4,83.4,81.4,82.3,935087.0
2026-09-11,TWSE,1725,元禎,32.6,33.2,32.6,33.1,20261.0
2026-09-11,TWSE,1726,永記,77.1,77.4,77.1,77.3,17254.0
2026-09-11,TWSE,1727,中華化,90.0,92.4,89.9,90.4,1132611.0
2026-09-11,TWSE,1730,花仙子,51.4,51.5,51.3,51.5,29899.0
2026-09-11,TWSE,1731,美吾華,20.85,21.0,20.8,20.9,56650.0
2026-09-11,TWSE,1732,毛寶,26.05,26.05,25.85,25.9,73155.0
2026-09-11,TWSE,1733,五鼎,31.3,31.3,30.95,31.0,78008.0
2026-09-11,TWSE,1734,杏輝,31.1,31.3,30.9,31.15,97296.0
2026-09-11,TWSE,1735,日勝化,20.15,20.25,20.0,20.05,57947.0
2026-09-11,TWSE,1736,喬山,126.5,127.5,125.0,125.0,137113.0
2026-09-11,TWSE,1737,臺鹽,30.7,30.7,30.55,30.7,168161.0
2026-09-11,TWSE,1752,南光,31.45,31.7,31.35,31.35,48000.0
2026-09-11,TWSE,1760,寶齡富錦,55.7,55.7,54.9,55.0,157290.0
2026-09-11,TWSE,1762,中化生,34.45,34.75,34.3,34.75,28462.0
2026-09-11,TWSE,1773,勝一,164.0,164.0,161.0,161.5,426420.0
2026-09-11,TWSE,1776,展宇,17.15,17.6,17.15,17.55,41553.0
2026-09-11,TWSE,1783,和康生,37.55,37.6,37.0,37.05,117886.0
2026-09-11,TWSE,1786,科妍,44.7,44.7,42.75,42.75,325262.0
2026-09-11,TWSE,1789,神隆,18.95,19.0,18.55,18.6,816903.0
2026-09-11,TWSE,1795,美時,179.0,179.5,176.0,177.0,712244.0
2026-09-11,TWSE,1802,台玻,59.9,60.0,59.0,59.6,9477446.0
2026-09-11,TWSE,1805,寶徠,10.0,10.1,9.98,10.1,44079.0
2026-09-11,TWSE,1806,冠軍,8.06,8.06,8.0,8.03,78843.0
2026-09-11,TWSE,1808,潤隆,34.8,34.8,33.7,34.4,2554064.0
2026-09-11,TWSE,1809,中釉,38.1,38.55,37.85,38.05,797629.0
2026-09-11,TWSE,1810,和成,23.95,24.15,23.6,23.7,1275217.0
2026-09-11,TWSE,1817,凱撒衛,40.1,40.5,40.1,40.5,89012.0
2026-09-11,TWSE,1903,士紙,47.4,47.6,47.4,47.5,23281.0
2026-09-11,TWSE,1904,正隆,24.7,25.55,24.7,25.55,3206786.0
2026-09-11,TWSE,1905,華紙,13.25,13.55,13.25,13.3,1511941.0
2026-09-11,TWSE,1906,寶隆,11.1,11.1,11.0,11.1,37315.0
2026-09-11,TWSE,1907,永豐餘,28.95,29.35,28.95,29.15,704022.0
2026-09-11,TWSE,1909,榮成,10.7,10.8,10.65,10.65,1679902.0
2026-09-11,TWSE,2002,中鋼,19.15,19.3,19.0,19.1,21754648.0
2026-09-11,TWSE,2006,東和鋼鐵,81.7,81.9,81.0,81.2,604850.0
2026-09-11,TWSE,2007,燁興,6.97,6.97,6.83,6.87,228153.0
2026-09-11,TWSE,2008,高興昌,30.6,30.8,30.55,30.8,4649.0
2026-09-11,TWSE,2009,第一銅,41.1,41.85,40.1,40.25,3960588.0
2026-09-11,TWSE,2010,春源,22.4,22.45,22.3,22.4,360446.0
2026-09-11,TWSE,2012,春雨,14.4,14.4,14.2,14.35,63770.0
2026-09-11,TWSE,2013,中鋼構,41.55,42.0,41.55,41.85,32988.0
2026-09-11,TWSE,2014,中鴻,16.9,17.05,16.85,16.9,1492045.0
2026-09-11,TWSE,2015,豐興,64.3,64.9,64.3,64.7,112847.0
2026-09-11,TWSE,2017,官田鋼,8.88,8.99,8.84,8.85,269057.0
2026-09-11,TWSE,2020,美亞,21.8,21.85,21.6,21.7,221731.0
2026-09-11,TWSE,2022,聚亨,7.49,7.49,7.32,7.44,188168.0
2026-09-11,TWSE,2023,燁輝,13.9,14.2,13.9,14.1,1308048.0
2026-09-11,TWSE,2024,志聯,13.15,13.2,13.15,13.15,7008.0
2026-09-11,TWSE,2025,千興,12.65,12.65,12.4,12.4,260319.0
2026-09-11,TWSE,2027,大成鋼,48.3,48.7,47.25,48.2,20158807.0
2026-09-11,TWSE,2028,威致,15.8,16.05,15.7,16.0,148928.0
2026-09-11,TWSE,2029,盛餘,21.45,21.85,21.35,21.55,417759.0
2026-09-11,TWSE,2030,彰源,23.7,24.2,23.5,23.65,2619602.0
2026-09-11,TWSE,2031,新光鋼,44.45,44.55,44.2,44.45,421992.0
2026-09-11,TWSE,2032,新鋼,16.95,17.0,16.8,16.85,144214.0
2026-09-11,TWSE,2033,佳大,27.3,28.15,27.25,27.6,1191715.0
2026-09-11,TWSE,2034,允強,20.5,20.85,20.45,20.45,757821.0
2026-09-11,TWSE,2038,海光,12.35,12.35,12.2,12.25,90790.0
2026-09-11,TWSE,2049,上銀,368.0,369.0,358.0,363.0,3704993.0
2026-09-11,TWSE,2059,川湖,12680.0,12695.0,12315.0,12600.0,287031.0
2026-09-11,TWSE,2062,橋椿,18.45,18.45,18.2,18.3,472977.0
2026-09-11,TWSE,2069,運錩,23.3,24.0,22.95,23.0,1871513.0
2026-09-11,TWSE,2072,世紀風電,133.0,133.0,130.0,130.5,231721.0
2026-09-11,TWSE,2101,南港,30.75,30.8,30.4,30.4,1524864.0
2026-09-11,TWSE,2102,泰豐,17.65,18.1,17.65,17.9,538608.0
2026-09-11,TWSE,2103,台橡,26.55,26.55,25.7,25.85,3930753.0
2026-09-11,TWSE,2104,國際中橡,10.75,10.75,10.5,10.6,4314688.0
2026-09-11,TWSE,2105,正新,30.55,30.75,30.4,30.6,3774654.0
2026-09-11,TWSE,2106,建大,17.0,17.05,16.85,16.85,569306.0
2026-09-11,TWSE,2107,厚生,26.75,27.05,26.65,27.05,269181.0
2026-09-11,TWSE,2108,南帝,29.1,29.6,28.85,29.0,477518.0
2026-09-11,TWSE,2109,華豐,14.85,14.85,14.75,14.75,49585.0
2026-09-11,TWSE,2114,鑫永銓,90.0,90.0,89.1,89.1,26547.0
2026-09-11,TWSE,2115,六暉-KY,24.45,24.45,24.0,24.05,90495.0
2026-09-11,TWSE,2201,裕隆,30.5,30.5,30.0,30.2,3322134.0
2026-09-11,TWSE,2204,中華,53.1,53.6,53.1,53.1,304352.0
2026-09-11,TWSE,2206,三陽工業,63.6,64.3,63.6,64.0,189699.0
2026-09-11,TWSE,2207,和泰車,522.0,529.0,521.0,528.0,136168.0
2026-09-11,TWSE,2208,台船,18.8,18.9,18.7,18.7,1591140.0
2026-09-11,TWSE,2211,長榮鋼,83.4,83.8,83.2,83.5,174987.0
2026-09-11,TWSE,2227,裕日車,47.6,47.6,47.0,47.05,59789.0
2026-09-11,TWSE,2228,劍麟,76.0,76.7,74.7,75.6,75035.0
2026-09-11,TWSE,2231,為升,89.9,90.2,89.1,89.8,80452.0
2026-09-11,TWSE,2233,宇隆,165.0,165.0,161.0,164.0,339860.0
2026-09-11,TWSE,2236,百達-KY,124.0,128.0,122.5,127.0,569747.0
2026-09-11,TWSE,2237,華德動能-創,28.0,28.0,27.6,27.65,69495.0
2026-09-11,TWSE,2239,英利-KY,20.05,20.05,19.7,19.95,21000.0
2026-09-11,TWSE,2241,艾姆勒,34.0,35.5,34.0,34.8,352919.0
2026-09-11,TWSE,2243,宏旭-KY,49.0,50.8,47.4,48.5,642933.0
2026-09-11,TWSE,2247,汎德永業,232.0,232.0,229.0,230.0,24624.0
2026-09-11,TWSE,2248,華勝-KY,60.6,60.6,60.0,60.3,11000.0
2026-09-11,TWSE,2250,IKKA-KY,57.5,57.6,55.9,55.9,42296.0
2026-09-11,TWSE,2254,巨鎧精密-創,65.1,67.3,64.3,65.6,1835190.0
2026-09-11,TWSE,2258,鴻華先進-創,31.35,31.5,31.1,31.1,255993.0
2026-09-11,TWSE,2301,光寶科,295.0,298.0,285.0,291.0,19920421.0
2026-09-11,TWSE,2302,麗正,42.0,42.6,41.65,42.25,1344878.0
2026-09-11,TWSE,2303,聯電,142.5,145.5,141.0,142.5,204307696.0
2026-09-11,TWSE,2305,全友,36.0,38.5,35.8,38.5,17665099.0
2026-09-11,TWSE,2308,台達電,1775.0,1775.0,1675.0,1675.0,20489051.0
2026-09-11,TWSE,2312,金寶,31.4,31.5,31.1,31.15,5744478.0
2026-09-11,TWSE,2313,華通,225.0,227.0,222.5,225.5,14054910.0
2026-09-11,TWSE,2314,台揚,10.8,10.8,10.75,10.8,79927.0
2026-09-11,TWSE,2316,楠梓電,160.5,161.5,157.0,161.0,1437940.0
2026-09-11,TWSE,2317,鴻海,250.5,252.0,247.5,251.0,40233640.0
2026-09-11,TWSE,2323,中環,10.75,10.75,10.55,10.55,5031329.0
2026-09-11,TWSE,2324,仁寶,38.75,38.8,38.0,38.65,34753098.0
2026-09-11,TWSE,2327,國巨*,558.0,582.0,543.0,572.0,38051425.0
2026-09-11,TWSE,2328,廣宇,46.0,46.6,45.55,46.1,1105719.0
2026-09-11,TWSE,2329,華泰,42.55,42.75,42.05,42.2,1444278.0
2026-09-11,TWSE,2330,台積電,2445.0,2455.0,2435.0,2450.0,19835796.0
2026-09-11,TWSE,2331,精英,19.0,19.05,18.75,18.75,1035288.0
2026-09-11,TWSE,2332,友訊,19.25,19.25,18.8,18.85,3561235.0
2026-09-11,TWSE,2337,旺宏,124.5,126.5,122.0,122.5,25226210.0
2026-09-11,TWSE,2338,光罩,44.65,45.65,43.55,45.65,12836401.0
2026-09-11,TWSE,2340,台亞,32.1,32.1,31.5,31.65,1559487.0
2026-09-11,TWSE,2342,茂矽,38.8,39.9,38.5,39.2,1441862.0
2026-09-11,TWSE,2344,華邦電,181.0,182.5,178.0,179.5,67914754.0
2026-09-11,TWSE,2345,智邦,1990.0,2005.0,1955.0,1965.0,2982489.0
2026-09-11,TWSE,2347,聯強,87.8,89.0,87.6,88.8,2850414.0
2026-09-11,TWSE,2348,海悅,70.3,71.3,70.3,71.3,267400.0
2026-09-11,TWSE,2349,錸德,10.7,10.7,10.4,10.5,1658457.0
2026-09-11,TWSE,2351,順德,239.0,248.0,232.5,235.5,10269147.0
2026-09-11,TWSE,2352,佳世達,28.75,29.2,28.55,29.0,4113727.0
2026-09-11,TWSE,2353,宏碁,31.6,31.6,31.35,31.5,6824128.0
2026-09-11,TWSE,2354,鴻準,63.8,65.1,63.7,65.0,6839936.0
2026-09-11,TWSE,2355,敬鵬,42.5,42.5,41.7,41.85,1154320.0
2026-09-11,TWSE,2356,英業達,63.8,63.9,62.5,62.6,15958979.0
2026-09-11,TWSE,2357,華碩,982.0,989.0,972.0,989.0,2481872.0
2026-09-11,TWSE,2359,所羅門,131.5,131.5,129.5,130.0,2867695.0
2026-09-11,TWSE,2360,致茂,2335.0,2340.0,2145.0,2180.0,2516953.0
2026-09-11,TWSE,2362,藍天,47.75,48.1,47.5,47.6,416238.0
2026-09-11,TWSE,2363,矽統,52.3,53.8,52.1,52.6,6439476.0
2026-09-11,TWSE,2364,倫飛,64.9,64.9,63.1,63.3,535795.0
2026-09-11,TWSE,2365,昆盈,28.5,28.5,28.2,28.3,416887.0
2026-09-11,TWSE,2367,燿華,41.8,41.8,40.9,41.15,2982109.0
2026-09-11,TWSE,2368,金像電,1080.0,1090.0,1035.0,1045.0,4431064.0
2026-09-11,TWSE,2369,菱生,30.45,30.5,29.85,30.0,3350233.0
2026-09-11,TWSE,2371,大同,27.65,27.9,27.6,27.85,2779360.0
2026-09-11,TWSE,2373,震旦行,53.0,53.1,52.8,53.1,18140.0
2026-09-11,TWSE,2374,佳能,67.7,68.0,67.1,67.3,1450803.0
2026-09-11,TWSE,2375,凱美,122.0,125.0,119.0,122.0,2563160.0
2026-09-11,TWSE,2376,技嘉,348.0,353.0,342.5,351.5,5228028.0
2026-09-11,TWSE,2377,微星,152.0,152.5,146.0,149.0,14870048.0
2026-09-11,TWSE,2379,瑞昱,705.0,717.0,693.0,696.0,2830332.0
2026-09-11,TWSE,2380,虹光,17.5,17.5,17.0,17.1,81399.0
2026-09-11,TWSE,2382,廣達,336.5,340.5,332.0,336.0,13496818.0
2026-09-11,TWSE,2383,台光電,5380.0,5450.0,5320.0,5375.0,1367538.0
2026-09-11,TWSE,2385,群光,105.5,106.0,103.0,103.5,2998204.0
2026-09-11,TWSE,2387,精元,36.55,36.9,36.45,36.7,140519.0
2026-09-11,TWSE,2388,威盛,78.1,78.1,76.4,77.7,1974089.0
2026-09-11,TWSE,2390,云辰,10.2,10.25,10.0,10.0,565847.0
2026-09-11,TWSE,2392,正崴,42.5,43.75,42.5,43.4,1572885.0
2026-09-11,TWSE,2393,億光,62.5,62.7,61.5,61.8,1072360.0
2026-09-11,TWSE,2395,研華,647.0,661.0,647.0,659.0,1508918.0
2026-09-11,TWSE,2397,友通,59.5,60.4,58.7,59.8,164061.0
2026-09-11,TWSE,2399,映泰,45.7,45.75,45.2,45.35,1440253.0
2026-09-11,TWSE,2401,凌陽,24.9,25.05,24.8,24.9,1413438.0
2026-09-11,TWSE,2402,毅嘉,54.5,54.9,54.1,54.2,796849.0
2026-09-11,TWSE,2404,漢唐,1055.0,1065.0,1040.0,1060.0,674867.0
2026-09-11,TWSE,2405,輔信,14.9,14.9,14.7,14.75,1244606.0
2026-09-11,TWSE,2406,國碩,27.35,27.35,26.6,26.9,2722263.0
2026-09-11,TWSE,2408,南亞科,517.0,523.0,507.0,515.0,38162049.0
2026-09-11,TWSE,2409,友達,30.2,31.5,29.2,31.2,497017089.0
2026-09-11,TWSE,2412,中華電,138.5,139.5,138.5,139.5,7123138.0
2026-09-11,TWSE,2413,環科,49.95,53.2,49.55,50.7,17578352.0
2026-09-11,TWSE,2414,精技,52.8,52.9,52.3,52.6,115225.0
2026-09-11,TWSE,2415,錩新,28.2,28.2,27.8,27.8,49993.0
2026-09-11,TWSE,2417,圓剛,38.6,39.4,38.3,38.45,613494.0
2026-09-11,TWSE,2419,仲琦,27.0,27.7,26.8,26.85,1110309.0
2026-09-11,TWSE,2420,新巨,54.2,54.9,54.1,54.3,278171.0
2026-09-11,TWSE,2421,建準,166.0,168.5,164.0,165.0,1957046.0
2026-09-11,TWSE,2423,固緯,73.2,73.9,72.1,73.0,132928.0
2026-09-11,TWSE,2424,隴華,7.98,8.09,7.98,8.01,11166.0
2026-09-11,TWSE,2425,承啟,37.55,37.6,37.0,37.3,383432.0
2026-09-11,TWSE,2426,鼎元,98.1,99.5,96.1,96.1,27182324.0
2026-09-11,TWSE,2427,三商電,22.4,22.55,22.4,22.5,333139.0
2026-09-11,TWSE,2428,興勤,248.5,252.0,244.5,250.5,790825.0
2026-09-11,TWSE,2429,銘旺科,30.2,31.4,30.0,31.0,195731.0
2026-09-11,TWSE,2430,燦坤,17.9,18.0,17.8,17.95,53159.0
2026-09-11,TWSE,2431,聯昌,9.96,10.05,9.95,10.05,171728.0
2026-09-11,TWSE,2432,倚天酷碁-創,27.65,27.65,27.3,27.5,25000.0
2026-09-11,TWSE,2433,互盛電,41.25,41.25,41.1,41.2,20141.0
2026-09-11,TWSE,2434,統懋,59.7,61.7,59.3,61.5,408467.0
2026-09-11,TWSE,2436,偉詮電,69.0,70.4,67.9,68.2,6880453.0
2026-09-11,TWSE,2438,翔耀,20.4,20.4,19.7,19.8,90634.0
2026-09-11,TWSE,2439,美律,74.7,77.3,74.7,77.2,2123831.0
2026-09-11,TWSE,2440,太空梭,14.05,14.2,14.05,14.2,174066.0
2026-09-11,TWSE,2441,超豐,114.5,117.0,114.0,115.0,2045804.0
2026-09-11,TWSE,2442,新美齊,15.95,15.95,15.65,15.65,1130186.0
2026-09-11,TWSE,2444,兆勁,11.25,11.3,11.1,11.2,166634.0
2026-09-11,TWSE,2449,京元電子,268.0,274.0,267.0,271.5,13033964.0
2026-09-11,TWSE,2450,神腦,28.15,28.3,28.1,28.25,28238.0
2026-09-11,TWSE,2451,創見,286.5,288.0,282.0,282.5,2174895.0
2026-09-11,TWSE,2453,凌群,51.9,52.3,51.9,52.1,152025.0
2026-09-11,TWSE,2454,聯發科,4560.0,4730.0,4520.0,4720.0,6662243.0
2026-09-11,TWSE,2455,全新,533.0,545.0,527.0,532.0,1564218.0
2026-09-11,TWSE,2457,飛宏,22.6,22.7,22.35,22.35,750544.0
2026-09-11,TWSE,2458,義隆,130.0,130.0,127.5,128.0,993979.0
2026-09-11,TWSE,2459,敦吉,65.8,65.9,65.5,65.8,56404.0
2026-09-11,TWSE,2460,建通,33.65,33.65,30.4,30.9,1178586.0
2026-09-11,TWSE,2461,光群雷,18.25,18.25,17.5,17.8,1159404.0
2026-09-11,TWSE,2462,良得電,19.55,19.55,19.25,19.4,111961.0
2026-09-11,TWSE,2464,盟立,199.0,204.5,191.5,193.5,14845378.0
2026-09-11,TWSE,2465,麗臺,95.0,96.5,91.5,91.7,3351988.0
2026-09-11,TWSE,2466,冠西電,102.5,103.0,99.7,101.5,696810.0
2026-09-11,TWSE,2467,志聖,581.0,582.0,571.0,575.0,610961.0
2026-09-11,TWSE,2468,華經,32.45,32.6,32.15,32.55,140063.0
2026-09-11,TWSE,2471,資通,49.15,49.5,49.1,49.5,45992.0
2026-09-11,TWSE,2472,立隆電,215.0,220.0,208.5,217.0,2103240.0
2026-09-11,TWSE,2474,可成,205.0,205.5,204.0,204.0,1053112.0
2026-09-11,TWSE,2476,鉅祥,118.5,119.5,117.5,119.0,645900.0
2026-09-11,TWSE,2477,美隆電,21.85,22.25,21.75,22.0,96729.0
2026-09-11,TWSE,2478,大毅,120.5,126.0,118.0,124.0,3631373.0
2026-09-11,TWSE,2480,敦陽科,155.0,158.0,155.0,156.5,80818.0
2026-09-11,TWSE,2481,強茂,152.0,159.0,150.0,154.5,42970542.0
2026-09-11,TWSE,2482,連宇,15.85,16.2,15.7,15.75,110419.0
2026-09-11,TWSE,2483,百容,32.25,32.25,30.75,31.0,750213.0
2026-09-11,TWSE,2484,希華,69.8,69.9,67.3,68.7,4819195.0
2026-09-11,TWSE,2485,兆赫,40.2,40.3,39.35,39.85,2246211.0
2026-09-11,TWSE,2486,一詮,248.0,249.0,242.0,242.0,3984694.0
2026-09-11,TWSE,2488,漢平,48.5,48.5,48.15,48.15,47342.0
2026-09-11,TWSE,2489,瑞軒,39.15,39.15,38.4,38.6,8503716.0
2026-09-11,TWSE,2491,吉祥全,40.9,41.45,40.55,41.1,660062.0
2026-09-11,TWSE,2492,華新科,316.5,344.0,303.0,334.0,42694132.0
2026-09-11,TWSE,2493,揚博,179.5,179.5,173.5,174.5,990794.0
2026-09-11,TWSE,2495,普安,36.95,37.15,36.35,36.95,589171.0
2026-09-11,TWSE,2496,卓越,55.0,55.0,54.5,54.9,13623.0
2026-09-11,TWSE,2497,怡利電,43.65,43.75,42.9,43.0,320974.0
2026-09-11,TWSE,2498,宏達電,40.4,40.6,40.15,40.15,1864450.0
2026-09-11,TWSE,2501,國建,22.3,22.35,22.1,22.25,1363940.0
2026-09-11,TWSE,2504,國產,31.3,31.5,31.25,31.45,524670.0
2026-09-11,TWSE,2505,國揚,17.2,17.5,17.2,17.4,260917.0
2026-09-11,TWSE,2506,太設,8.57,8.74,8.54,8.72,311323.0
2026-09-11,TWSE,2509,全坤建,14.9,14.9,14.65,14.65,81376.0
2026-09-11,TWSE,2511,太子,8.43,8.45,8.41,8.44,294618.0
2026-09-11,TWSE,2514,龍邦,11.65,11.75,11.65,11.65,22721.0
2026-09-11,TWSE,2515,中工,12.05,12.15,11.95,12.0,3006851.0
2026-09-11,TWSE,2516,新建,14.8,14.8,14.35,14.7,132333.0
2026-09-11,TWSE,2520,冠德,36.75,37.0,36.35,36.75,947362.0
2026-09-11,TWSE,2524,京城,35.05,35.2,34.75,35.0,31471.0
2026-09-11,TWSE,2527,宏璟,43.65,44.7,43.65,44.35,475633.0
2026-09-11,TWSE,2528,皇普,20.0,20.15,19.8,20.15,190815.0
2026-09-11,TWSE,2530,華建,19.65,19.75,19.4,19.55,751118.0
2026-09-11,TWSE,2534,宏盛,16.9,17.0,16.8,16.8,149435.0
2026-09-11,TWSE,2535,達欣工,89.4,90.1,88.6,90.1,194967.0
2026-09-11,TWSE,2536,宏普,19.15,19.2,18.85,19.15,406069.0
2026-09-11,TWSE,2537,聯上發,11.45,11.45,11.3,11.4,411808.0
2026-09-11,TWSE,2538,基泰,8.83,8.83,8.75,8.8,399537.0
2026-09-11,TWSE,2539,櫻花建,35.55,35.55,34.85,35.35,959024.0
2026-09-11,TWSE,2540,愛山林,48.85,49.45,48.6,49.45,441286.0
2026-09-11,TWSE,2542,興富發,47.7,47.9,46.4,46.5,13798859.0
2026-09-11,TWSE,2543,皇昌,39.25,39.5,38.45,39.1,619978.0
2026-09-11,TWSE,2545,皇翔,34.2,34.55,34.05,34.4,177701.0
2026-09-11,TWSE,2546,根基,104.0,104.0,103.0,103.5,121657.0
2026-09-11,TWSE,2547,日勝生,10.05,10.05,9.95,9.98,1138407.0
2026-09-11,TWSE,2548,華固,95.6,95.7,94.0,94.4,540590.0
2026-09-11,TWSE,2597,潤弘,173.5,174.0,172.0,172.0,170270.0
2026-09-11,TWSE,2601,益航,6.84,6.88,6.63,6.66,3166061.0
2026-09-11,TWSE,2603,長榮,232.5,235.0,228.0,231.0,6710165.0
2026-09-11,TWSE,2605,新興,37.0,38.65,36.05,36.25,24763869.0
2026-09-11,TWSE,2606,裕民,79.7,81.7,77.8,78.4,6465791.0
2026-09-11,TWSE,2607,榮運,53.5,53.5,52.6,53.0,253583.0
2026-09-11,TWSE,2608,嘉里大榮,28.45,28.95,28.45,28.7,598118.0
2026-09-11,TWSE,2609,陽明,58.8,59.8,57.4,58.0,43320399.0
2026-09-11,TWSE,2610,華航,20.4,20.4,20.15,20.2,14196184.0
2026-09-11,TWSE,2611,志信,14.05,14.15,13.85,13.9,482690.0
2026-09-11,TWSE,2612,中航,65.0,66.3,63.5,64.3,937633.0
2026-09-11,TWSE,2613,中櫃,22.8,22.9,22.05,22.2,401985.0
2026-09-11,TWSE,2614,東森,18.15,18.15,17.9,18.0,842657.0
2026-09-11,TWSE,2615,萬海,116.0,117.0,106.5,110.5,35958208.0
2026-09-11,TWSE,2616,山隆,13.45,13.45,13.3,13.3,127312.0
2026-09-11,TWSE,2617,台航,33.45,34.1,33.05,33.45,3341030.0
2026-09-11,TWSE,2618,長榮航,42.4,42.4,41.65,41.8,11992663.0
2026-09-11,TWSE,2630,亞航,48.65,48.65,47.8,47.8,705120.0
2026-09-11,TWSE,2633,台灣高鐵,26.0,26.1,25.95,26.0,2437615.0
2026-09-11,TWSE,2634,漢翔,64.9,64.9,63.7,63.8,8899381.0
2026-09-11,TWSE,2636,台驊控股,69.7,71.2,69.7,70.9,965595.0
2026-09-11,TWSE,2637,慧洋-KY,100.0,104.0,100.0,100.5,4531258.0
2026-09-11,TWSE,2642,宅配通,20.3,20.3,20.2,20.2,19972.0
2026-09-11,TWSE,2645,長榮航太,175.5,175.5,172.0,172.5,774940.0
2026-09-11,TWSE,2646,星宇航空,20.5,20.8,20.25,20.3,6709374.0
2026-09-11,TWSE,2701,萬企,10.35,10.4,10.35,10.4,11888.0
2026-09-11,TWSE,2702,華園,12.6,12.8,12.6,12.7,12972.0
2026-09-11,TWSE,2704,國賓,46.0,46.25,46.0,46.0,38054.0
2026-09-11,TWSE,2705,六福,15.65,15.65,15.45,15.55,137651.0
2026-09-11,TWSE,2706,第一店,12.25,12.25,12.2,12.25,171886.0
2026-09-11,TWSE,2707,晶華,178.0,178.0,177.5,177.5,66905.0
2026-09-11,TWSE,2712,遠雄來,14.45,14.45,14.45,14.45,1000.0
2026-09-11,TWSE,2722,夏都,21.7,21.7,21.4,21.4,16452.0
2026-09-11,TWSE,2723,美食-KY,78.1,79.9,78.1,79.3,150132.0
2026-09-11,TWSE,2727,王品,230.0,231.0,229.5,229.5,210250.0
2026-09-11,TWSE,2731,雄獅,143.0,143.0,141.5,141.5,252272.0
2026-09-11,TWSE,2739,寒舍,37.7,37.7,37.4,37.4,75713.0
2026-09-11,TWSE,2748,雲品,39.4,39.4,39.0,39.2,52705.0
2026-09-11,TWSE,2753,八方雲集,178.5,178.5,177.5,178.0,153827.0
2026-09-11,TWSE,2762,世界健身-KY,80.9,80.9,80.6,80.7,76473.0
2026-09-11,TWSE,2801,彰銀,26.65,27.1,26.5,26.85,26974283.0
2026-09-11,TWSE,2812,台中銀,19.1,19.25,19.05,19.1,17421615.0
2026-09-11,TWSE,2816,旺旺保,38.75,39.2,38.6,39.05,255813.0
2026-09-11,TWSE,2820,華票,16.95,17.2,16.95,17.05,2929901.0
2026-09-11,TWSE,2832,台產,57.3,58.0,57.0,57.2,339414.0
2026-09-11,TWSE,2834,臺企銀,17.85,18.05,17.75,17.9,61247986.0
2026-09-11,TWSE,2836,高雄銀,12.25,12.3,12.15,12.2,1768422.0
2026-09-11,TWSE,2838,聯邦銀,20.85,21.05,20.8,20.9,2001833.0
2026-09-11,TWSE,2845,遠東銀,13.45,13.55,13.35,13.45,8501575.0
2026-09-11,TWSE,2849,安泰銀,15.85,16.0,15.6,15.6,293938.0
2026-09-11,TWSE,2850,新產,157.0,158.5,157.0,157.5,109908.0
2026-09-11,TWSE,2851,中再保,44.75,45.65,44.5,45.65,1782898.0
2026-09-11,TWSE,2852,第一保,28.0,28.05,27.75,27.9,369319.0
2026-09-11,TWSE,2855,統一證,51.4,52.0,51.4,51.7,3910107.0
2026-09-11,TWSE,2880,華南金,44.35,45.6,44.2,44.8,13056360.0
2026-09-11,TWSE,2881,富邦金,146.0,149.0,146.0,148.5,12504942.0
2026-09-11,TWSE,2882,國泰金,109.5,111.0,109.0,110.5,13713393.0
2026-09-11,TWSE,2883,凱基金,36.45,37.4,36.45,37.2,41645435.0
2026-09-11,TWSE,2884,玉山金,45.0,45.75,44.3,44.95,56865315.0
2026-09-11,TWSE,2885,元大金,69.0,70.2,69.0,69.7,15088213.0
2026-09-11,TWSE,2886,兆豐金,49.6,50.4,49.5,49.9,20888846.0
2026-09-11,TWSE,2887,台新新光金,42.0,42.8,41.7,42.15,38539925.0
2026-09-11,TWSE,2889,國票金,16.65,16.75,16.4,16.55,13172393.0
2026-09-11,TWSE,2890,永豐金,42.6,43.5,42.55,42.9,22672446.0
2026-09-11,TWSE,2891,中信金,66.0,67.3,66.0,67.3,19389793.0
2026-09-11,TWSE,2892,第一金,37.4,38.25,37.35,38.0,29076588.0
2026-09-11,TWSE,2897,王道銀行,10.85,10.9,10.75,10.8,2623489.0
2026-09-11,TWSE,2901,欣欣,26.05,26.05,23.0,23.5,219944.0
2026-09-11,TWSE,2903,遠百,22.3,22.6,22.3,22.5,1455705.0
2026-09-11,TWSE,2904,匯僑,12.7,12.7,12.55,12.65,28742.0
2026-09-11,TWSE,2905,三商,18.0,18.45,17.9,18.35,1317427.0
2026-09-11,TWSE,2906,高林,13.65,13.9,13.65,13.9,135191.0
2026-09-11,TWSE,2908,特力,22.15,22.2,21.9,22.2,231052.0
2026-09-11,TWSE,2910,統領,23.85,24.15,23.75,23.8,16044.0
2026-09-11,TWSE,2911,麗嬰房,6.47,6.47,6.36,6.43,76832.0
2026-09-11,TWSE,2912,統一超,217.0,219.0,217.0,218.5,1308060.0
2026-09-11,TWSE,2913,農林,11.05,11.1,11.0,11.05,522145.0
2026-09-11,TWSE,2915,潤泰全,57.1,57.3,56.7,56.9,888779.0
2026-09-11,TWSE,2923,鼎固-KY,27.4,27.5,26.2,27.3,87908.0
2026-09-11,TWSE,2929,淘帝-KY,5.94,6.15,5.87,5.87,986265.0
2026-09-11,TWSE,2939,永邑-KY,19.8,20.0,19.6,20.0,67000.0
2026-09-11,TWSE,2945,三商家購,39.45,39.95,39.25,39.95,14222.0
2026-09-11,TWSE,3002,歐格,17.25,17.25,17.0,17.0,78910.0
2026-09-11,TWSE,3003,健和興,59.8,60.0,58.5,58.7,542434.0
2026-09-11,TWSE,3004,豐達科,123.0,123.0,120.0,121.5,219240.0
2026-09-11,TWSE,3005,神基,115.0,115.5,114.5,115.0,949678.0
2026-09-11,TWSE,3006,晶豪科,305.0,319.0,302.0,312.0,26130142.0
2026-09-11,TWSE,3008,大立光,6770.0,6875.0,6680.0,6720.0,1755962.0
2026-09-11,TWSE,3010,華立,124.0,126.0,123.5,124.5,612419.0
2026-09-11,TWSE,3011,今皓,10.05,10.1,9.85,9.99,327517.0
2026-09-11,TWSE,3013,晟銘電,87.5,88.7,85.2,87.4,1122455.0
2026-09-11,TWSE,3014,聯陽,131.0,131.5,130.0,131.5,397254.0
2026-09-11,TWSE,3015,全漢,51.9,52.2,51.4,52.0,317790.0
2026-09-11,TWSE,3016,嘉晶,99.3,110.0,99.3,110.0,13980714.0
2026-09-11,TWSE,3017,奇鋐,3405.0,3470.0,3380.0,3460.0,2574023.0
2026-09-11,TWSE,3018,隆銘綠能,11.35,11.35,11.0,11.0,35653.0
2026-09-11,TWSE,3019,亞光,141.5,141.5,139.0,139.0,2189533.0
2026-09-11,TWSE,3021,鴻名,24.45,24.45,23.65,23.65,366136.0
2026-09-11,TWSE,3022,威強電,85.6,85.6,84.1,84.4,1037667.0
2026-09-11,TWSE,3023,信邦,328.0,328.0,324.0,328.0,353769.0
2026-09-11,TWSE,3024,憶聲,13.95,14.7,13.95,14.55,1337274.0
2026-09-11,TWSE,3025,星通,50.7,50.7,50.1,50.3,171713.0
2026-09-11,TWSE,3026,禾伸堂,763.0,826.0,730.0,803.0,13763005.0
2026-09-11,TWSE,3027,盛達,17.95,18.1,17.7,17.9,147400.0
2026-09-11,TWSE,3028,增你強,61.8,62.6,61.4,62.3,654992.0
2026-09-11,TWSE,3029,零壹,111.0,114.5,110.5,113.0,889025.0
2026-09-11,TWSE,3030,德律,271.0,272.0,266.0,266.5,739719.0
2026-09-11,TWSE,3031,佰鴻,24.35,25.05,24.1,24.1,721593.0
2026-09-11,TWSE,3032,偉訓,78.5,78.5,77.6,77.6,217157.0
2026-09-11,TWSE,3033,威健,41.95,42.25,41.45,42.05,2958922.0
2026-09-11,TWSE,3034,聯詠,538.0,551.0,534.0,545.0,2522795.0
2026-09-11,TWSE,3035,智原,176.0,181.0,175.5,179.0,2115617.0
2026-09-11,TWSE,3036,文曄,192.0,195.0,191.5,192.5,6507131.0
2026-09-11,TWSE,3037,欣興,993.0,1005.0,966.0,994.0,19157314.0
2026-09-11,TWSE,3038,全台,19.95,20.1,19.9,20.1,307040.0
2026-09-11,TWSE,3040,遠見,34.9,35.35,34.15,34.5,390815.0
2026-09-11,TWSE,3041,揚智,22.95,23.0,22.6,22.95,313835.0
2026-09-11,TWSE,3042,晶技,180.0,182.0,171.5,180.5,17498646.0
2026-09-11,TWSE,3043,科風,20.8,20.8,20.45,20.45,57713.0
2026-09-11,TWSE,3044,健鼎,515.0,516.0,496.5,503.0,2862572.0
2026-09-11,TWSE,3045,台灣大,119.0,120.0,119.0,120.0,4119530.0
2026-09-11,TWSE,3046,建碁,54.4,54.4,53.0,53.0,346137.0
2026-09-11,TWSE,3047,訊舟,13.75,13.75,13.55,13.65,246710.0
2026-09-11,TWSE,3048,益登,51.2,51.6,50.7,51.4,1130620.0
2026-09-11,TWSE,3049,精金,12.5,12.55,12.25,12.3,4087625.0
2026-09-11,TWSE,3050,鈺德,11.3,11.35,11.1,11.2,358061.0
2026-09-11,TWSE,3051,力特,21.5,21.5,21.1,21.1,363312.0
2026-09-11,TWSE,3052,夆典,10.45,10.5,10.45,10.45,119897.0
2026-09-11,TWSE,3054,立萬利,56.5,56.5,54.8,56.4,33515.0
2026-09-11,TWSE,3055,蔚華科,147.5,164.0,145.0,160.0,8989194.0
2026-09-11,TWSE,3056,富華新,13.9,14.0,13.9,13.95,193313.0
2026-09-11,TWSE,3057,喬鼎,16.5,16.9,16.5,16.9,45126.0
2026-09-11,TWSE,3058,立德,8.1,8.2,8.07,8.08,413748.0
2026-09-11,TWSE,3059,華晶科,38.0,38.0,37.7,37.8,623267.0
2026-09-11,TWSE,3060,銘異,26.9,27.0,26.4,26.5,819119.0
2026-09-11,TWSE,3062,建漢,20.6,20.6,20.25,20.25,872196.0
2026-09-11,TWSE,3090,日電貿,166.0,174.0,162.0,171.0,5770406.0
2026-09-11,TWSE,3092,鴻碩,23.2,23.55,23.2,23.3,135095.0
2026-09-11,TWSE,3094,聯傑,40.6,42.8,40.3,41.9,5614453.0
2026-09-11,TWSE,3130,一零四,209.5,210.0,209.0,209.0,20003.0
2026-09-11,TWSE,3135,凌航,170.0,171.0,166.0,167.0,735719.0
2026-09-11,TWSE,3138,耀登,91.6,92.2,90.2,90.2,96598.0
2026-09-11,TWSE,3149,正達,61.9,62.0,60.1,61.4,3179124.0
2026-09-11,TWSE,3150,鈺寶-創,16.0,16.75,15.75,16.2,30003.0
2026-09-11,TWSE,3164,景岳,,,,,525.0
2026-09-11,TWSE,3167,大量,897.0,902.0,841.0,848.0,5673336.0
2026-09-11,TWSE,3168,眾福科,43.9,43.9,42.45,42.45,15140.0
2026-09-11,TWSE,3189,景碩,800.0,835.0,792.0,827.0,13682688.0
2026-09-11,TWSE,3209,全科,45.5,46.4,44.9,46.3,1145795.0
2026-09-11,TWSE,3229,晟鈦,62.5,65.8,60.3,61.4,7759095.0
2026-09-11,TWSE,3231,緯創,190.5,192.0,184.0,185.0,88549550.0
2026-09-11,TWSE,3257,虹冠電,47.1,47.2,46.6,46.7,299287.0
2026-09-11,TWSE,3266,昇陽,13.9,14.05,13.8,14.05,39045.0
2026-09-11,TWSE,3296,勝德,23.2,23.65,23.2,23.65,22972.0
2026-09-11,TWSE,3305,昇貿,103.0,103.0,101.0,101.5,1163419.0
2026-09-11,TWSE,3308,聯德,21.6,21.65,21.3,21.55,40699.0
2026-09-11,TWSE,3311,閎暉,32.0,32.05,31.7,31.85,88727.0
2026-09-11,TWSE,3312,弘憶股,49.55,49.55,48.3,48.5,717109.0
2026-09-11,TWSE,3321,同泰,17.35,17.5,17.0,17.1,146350.0
2026-09-11,TWSE,3338,泰碩,67.3,67.7,66.5,67.1,346092.0
2026-09-11,TWSE,3346,麗清,18.7,20.35,18.65,20.35,1427350.0
2026-09-11,TWSE,3376,新日興,210.0,211.0,186.0,189.5,19831863.0
2026-09-11,TWSE,3380,明泰,30.1,31.2,30.1,30.65,2862913.0
2026-09-11,TWSE,3406,玉晶光,1120.0,1125.0,1040.0,1070.0,9554384.0
2026-09-11,TWSE,3413,京鼎,283.0,285.5,279.0,283.5,871625.0
2026-09-11,TWSE,3416,融程電,163.0,163.0,160.0,161.0,157714.0
2026-09-11,TWSE,3419,譁裕,11.2,11.4,11.0,11.3,138202.0
2026-09-11,TWSE,3432,台端,14.55,14.55,14.35,14.35,6629.0
2026-09-11,TWSE,3437,榮創,18.5,20.2,18.4,19.7,2294782.0
2026-09-11,TWSE,3443,創意,5895.0,6275.0,5850.0,6225.0,1829250.0
2026-09-11,TWSE,3447,展達,27.5,27.5,27.05,27.05,78831.0
2026-09-11,TWSE,3450,聯鈞,516.0,530.0,511.0,523.0,2541410.0
2026-09-11,TWSE,3481,群創,49.9,49.9,48.8,49.35,145192090.0
2026-09-11,TWSE,3494,誠研,7.08,7.13,7.02,7.09,41150.0
2026-09-11,TWSE,3501,維熹,39.25,39.3,38.8,39.05,166689.0
2026-09-11,TWSE,3504,揚明光,85.6,86.2,83.5,83.9,1467926.0
2026-09-11,TWSE,3515,華擎,224.0,224.0,220.0,221.5,180552.0
2026-09-11,TWSE,3518,柏騰,29.15,30.1,29.1,29.5,550661.0
2026-09-11,TWSE,3528,安馳,83.6,84.5,82.2,84.1,129932.0
2026-09-11,TWSE,3530,晶相光,57.7,57.7,56.2,56.6,79888.0
2026-09-11,TWSE,3532,台勝科,417.0,423.0,410.0,410.0,4334630.0
2026-09-11,TWSE,3533,嘉澤,1610.0,1620.0,1575.0,1575.0,827646.0
2026-09-11,TWSE,3535,晶彩科,87.7,88.0,85.1,85.5,977538.0
2026-09-11,TWSE,3543,州巧,42.85,43.35,42.15,42.15,782292.0
2026-09-11,TWSE,3545,敦泰,50.2,51.2,49.6,49.6,784824.0
2026-09-11,TWSE,3550,聯穎,22.85,22.85,22.45,22.45,542517.0
2026-09-11,TWSE,3557,嘉威,24.2,24.2,23.8,23.8,80970.0
2026-09-11,TWSE,3563,牧德,685.0,688.0,668.0,668.0,360649.0
2026-09-11,TWSE,3576,聯合再生,16.95,16.95,16.65,16.65,4765247.0
2026-09-11,TWSE,3583,辛耘,726.0,730.0,708.0,713.0,720091.0
2026-09-11,TWSE,3588,通嘉,52.5,52.9,52.1,52.8,103556.0
2026-09-11,TWSE,3592,瑞鼎,222.0,222.5,220.5,221.5,259212.0
2026-09-11,TWSE,3593,力銘,10.3,10.3,10.3,10.3,4103.0
2026-09-11,TWSE,3596,智易,156.5,157.0,154.5,154.5,1115738.0
2026-09-11,TWSE,3605,宏致,128.0,131.0,124.5,128.0,9745092.0
2026-09-11,TWSE,3607,谷崧,13.65,13.65,13.5,13.5,83512.0
2026-09-11,TWSE,3617,碩天,238.5,240.5,234.0,239.0,472627.0
2026-09-11,TWSE,3622,洋華,48.5,48.5,47.1,47.1,382838.0
2026-09-11,TWSE,3645,達邁,73.7,75.0,69.8,70.6,5268432.0
2026-09-11,TWSE,3652,精聯,33.25,33.25,32.85,33.15,59075.0
2026-09-11,TWSE,3653,健策,5735.0,5885.0,5705.0,5790.0,633019.0
2026-09-11,TWSE,3661,世芯-KY,3880.0,4075.0,3815.0,4055.0,2298103.0
2026-09-11,TWSE,3665,貿聯-KY,1960.0,1975.0,1925.0,1930.0,930001.0
2026-09-11,TWSE,3669,圓展,33.1,33.15,32.7,32.85,65800.0
2026-09-11,TWSE,3673,TPK-KY,64.3,64.3,62.3,62.6,2935552.0
2026-09-11,TWSE,3679,新至陞,107.5,108.0,107.0,107.0,39351.0
2026-09-11,TWSE,3686,達能,14.2,14.35,14.2,14.25,76821.0
2026-09-11,TWSE,3694,海華,49.7,49.7,48.8,49.45,592821.0
2026-09-11,TWSE,3701,大眾控,42.0,42.0,40.75,41.1,492942.0
2026-09-11,TWSE,3702,大聯大,104.5,109.0,103.5,108.0,10849033.0
2026-09-11,TWSE,3703,欣陸,19.85,20.05,19.85,19.9,311839.0
2026-09-11,TWSE,3704,合勤控,39.45,39.6,39.05,39.4,667187.0
2026-09-11,TWSE,3705,永信,56.0,56.4,55.6,56.0,244869.0
2026-09-11,TWSE,3706,神達,81.8,82.5,81.4,82.0,6332473.0
2026-09-11,TWSE,3708,上緯投控,98.5,99.4,97.1,98.2,631744.0
2026-09-11,TWSE,3711,日月光投控,641.0,653.0,635.0,650.0,17451304.0
2026-09-11,TWSE,3712,永崴投控,20.85,21.25,20.7,21.2,379649.0
2026-09-11,TWSE,3714,富采,63.1,63.4,62.0,62.0,5708987.0
2026-09-11,TWSE,3715,定穎投控,132.5,133.0,126.0,127.0,9421993.0
2026-09-11,TWSE,3716,中化控股,34.0,34.25,33.9,33.95,122487.0
2026-09-11,TWSE,3717,聯嘉投控,21.9,21.9,21.2,21.45,941489.0
2026-09-11,TWSE,4104,佳醫,71.4,73.0,71.4,72.8,698714.0
2026-09-11,TWSE,4106,雃博,24.2,24.45,24.2,24.4,187564.0
2026-09-11,TWSE,4108,懷特,11.35,11.35,11.2,11.3,115785.0
2026-09-11,TWSE,4119,旭富,57.7,58.2,56.1,57.9,220958.0
2026-09-11,TWSE,4133,亞諾法,20.3,20.3,20.2,20.3,21178.0
2026-09-11,TWSE,4137,麗豐-KY,77.2,77.6,76.0,76.3,194103.0
2026-09-11,TWSE,4142,國光生,17.65,17.7,17.45,17.5,496151.0
2026-09-11,TWSE,4148,全宇生技-KY,32.85,33.85,32.15,32.4,363317.0
2026-09-11,TWSE,4155,訊映,14.5,15.4,14.5,14.8,1104466.0
2026-09-11,TWSE,4164,承業醫,25.7,25.75,25.2,25.2,467671.0
2026-09-11,TWSE,4169,泰宗,149.5,151.0,147.0,147.0,193312.0
2026-09-11,TWSE,4178,永笙-KY,17.0,17.2,16.8,16.8,116001.0
2026-09-11,TWSE,4190,佐登-KY,25.85,26.05,25.85,25.95,3629.0
2026-09-11,TWSE,4195,基米-創,13.95,14.5,13.95,14.2,117841.0
2026-09-11,TWSE,4306,炎洲,15.1,15.15,14.85,14.9,1517777.0
2026-09-11,TWSE,4414,如興,8.15,8.21,8.13,8.18,74669.0
2026-09-11,TWSE,4426,利勤,7.55,7.68,7.53,7.68,39150.0
2026-09-11,TWSE,4438,廣越,56.8,58.2,56.8,57.8,89407.0
2026-09-11,TWSE,4439,冠星-KY,95.5,95.5,94.7,95.3,11080.0
2026-09-11,TWSE,4440,宜新實業,17.6,17.6,17.4,17.55,25040.0
2026-09-11,TWSE,4441,振大環球,174.0,174.0,172.0,173.0,49401.0
2026-09-11,TWSE,4526,東台,31.85,31.9,31.25,31.4,1272057.0
2026-09-11,TWSE,4532,瑞智,23.65,23.75,23.6,23.7,479900.0
2026-09-11,TWSE,4536,拓凱,164.5,165.0,164.0,164.5,57421.0
2026-09-11,TWSE,4540,全球傳動,58.0,58.5,57.1,58.0,919447.0
2026-09-11,TWSE,4545,銘鈺,31.5,31.55,31.25,31.4,50040.0
2026-09-11,TWSE,4551,智伸科,165.5,166.0,158.5,159.0,1300492.0
2026-09-11,TWSE,4552,力達-KY,16.15,16.25,16.0,16.1,65459.0
2026-09-11,TWSE,4555,氣立,42.7,42.7,42.2,42.2,82918.0
2026-09-11,TWSE,4557,永新-KY,50.0,50.4,49.7,50.4,93057.0
2026-09-11,TWSE,4560,強信-KY,29.4,29.9,29.2,29.65,465140.0
2026-09-11,TWSE,4562,穎漢,30.0,30.0,29.0,29.65,130403.0
2026-09-11,TWSE,4564,元翎,15.7,15.7,15.45,15.65,605596.0
2026-09-11,TWSE,4566,時碩工業,66.7,66.8,64.0,64.2,1696355.0
2026-09-11,TWSE,4569,六方科-KY,160.0,160.0,157.5,158.5,79388.0
2026-09-11,TWSE,4571,鈞興-KY,151.5,153.5,150.5,150.5,89225.0
2026-09-11,TWSE,4572,駐龍,139.5,141.0,139.5,141.0,5603.0
2026-09-11,TWSE,4576,大銀微系統,241.0,244.5,233.0,238.0,2857031.0
2026-09-11,TWSE,4581,光隆精密-KY,47.5,47.6,47.25,47.25,10000.0
2026-09-11,TWSE,4582,聚恆-創,23.05,23.05,22.75,22.9,57602.0
2026-09-11,TWSE,4583,台灣精銳,458.5,458.5,440.0,442.0,107311.0
2026-09-11,TWSE,4585,達明,290.0,293.5,289.0,290.5,225299.0
2026-09-11,TWSE,4588,玖鼎電力,51.3,51.3,51.0,51.0,7027.0
2026-09-11,TWSE,4590,富田-創,94.4,94.4,91.7,92.0,314290.0
2026-09-11,TWSE,4720,德淵,18.5,18.5,18.25,18.45,296659.0
2026-09-11,TWSE,4722,國精化,196.0,196.0,185.5,186.0,879286.0
2026-09-11,TWSE,4736,泰博,126.0,128.0,125.0,128.0,186944.0
2026-09-11,TWSE,4737,華廣,58.2,58.4,57.6,58.3,81249.0
2026-09-11,TWSE,4739,康普,77.6,79.4,76.0,77.6,1739135.0
2026-09-11,TWSE,4746,台耀,45.85,46.7,45.5,46.45,524866.0
2026-09-11,TWSE,4755,三福化,113.0,114.0,113.0,113.5,70814.0
2026-09-11,TWSE,4763,材料*-KY,48.5,48.65,47.4,48.35,5118797.0
2026-09-11,TWSE,4764,雙鍵,221.0,225.0,218.0,220.5,448011.0
2026-09-11,TWSE,4766,南寶,340.5,344.0,339.0,339.0,127807.0
2026-09-11,TWSE,4770,上品,244.0,247.0,238.5,239.0,605237.0
2026-09-11,TWSE,4771,望隼,210.5,210.5,203.0,203.0,226578.0
2026-09-11,TWSE,4807,日成-KY,28.5,29.4,28.5,29.25,108787.0
2026-09-11,TWSE,4904,遠傳,103.0,105.0,103.0,104.5,2255404.0
2026-09-11,TWSE,4906,正文,36.45,36.6,36.1,36.35,1978391.0
2026-09-11,TWSE,4912,聯德控股-KY,97.6,97.6,90.0,90.0,607634.0
2026-09-11,TWSE,4915,致伸,61.2,63.0,61.2,62.1,5773412.0
2026-09-11,TWSE,4916,事欣科,95.9,96.2,94.6,94.7,1067556.0
2026-09-11,TWSE,4919,新唐,117.5,118.0,116.0,116.5,1609909.0
2026-09-11,TWSE,4927,泰鼎-KY,41.85,43.15,41.85,42.75,2441660.0
2026-09-11,TWSE,4930,燦星網,16.0,16.0,15.95,15.95,6737.0
2026-09-11,TWSE,4934,太極,13.8,13.8,13.55,13.65,276568.0
2026-09-11,TWSE,4935,茂林-KY,32.95,33.05,32.3,32.75,160011.0
2026-09-11,TWSE,4938,和碩,90.6,91.3,89.9,91.0,5688311.0
2026-09-11,TWSE,4942,嘉彰,32.6,32.6,32.2,32.4,109572.0
2026-09-11,TWSE,4943,康控-KY,6.85,7.22,6.85,7.2,34197.0
2026-09-11,TWSE,4949,有成精密,76.9,77.3,75.3,76.7,300151.0
2026-09-11,TWSE,4952,凌通,48.25,48.9,47.85,48.1,300572.0
2026-09-11,TWSE,4956,光鋐,33.8,34.5,33.6,33.8,1094077.0
2026-09-11,TWSE,4958,臻鼎-KY,504.0,512.0,493.5,494.5,16351309.0
2026-09-11,TWSE,4960,誠美材,20.85,20.85,20.3,20.5,1335094.0
2026-09-11,TWSE,4961,天鈺,177.0,177.0,171.5,172.5,633388.0
2026-09-11,TWSE,4967,十銓,279.0,281.0,275.5,276.5,2438528.0
2026-09-11,TWSE,4968,立積,89.8,89.8,88.7,88.8,230269.0
2026-09-11,TWSE,4976,佳凌,37.5,37.6,36.7,36.9,1179041.0
2026-09-11,TWSE,4977,眾達-KY,171.5,178.0,169.0,173.0,3408383.0
2026-09-11,TWSE,4989,榮科,63.4,63.9,61.6,62.2,4872263.0
2026-09-11,TWSE,4994,傳奇,84.0,84.9,82.1,83.0,16213.0
2026-09-11,TWSE,4999,鑫禾,18.1,18.2,18.0,18.1,46075.0
2026-09-11,TWSE,5007,三星,56.1,56.6,56.0,56.2,178016.0
2026-09-11,TWSE,5203,訊連,56.3,56.3,55.6,55.6,112209.0
2026-09-11,TWSE,5215,科嘉-KY,38.45,38.6,38.3,38.5,22354.0
2026-09-11,TWSE,5222,全訊,103.5,104.0,103.0,103.5,134197.0
2026-09-11,TWSE,5225,東科-KY,54.4,54.4,53.5,53.7,301349.0
2026-09-11,TWSE,5234,達興材料,296.5,296.5,289.0,290.0,294827.0
2026-09-11,TWSE,5236,凌陽創新,134.5,134.5,133.5,134.5,49781.0
2026-09-11,TWSE,5243,乙盛-KY,91.0,91.6,90.2,90.2,932467.0
2026-09-11,TWSE,5244,弘凱,34.7,34.7,33.8,34.3,149711.0
2026-09-11,TWSE,5258,虹堡,44.35,45.05,43.95,44.95,217743.0
2026-09-11,TWSE,5269,祥碩,1380.0,1395.0,1355.0,1360.0,365647.0
2026-09-11,TWSE,5283,禾聯碩,54.5,54.5,53.7,54.1,28885.0
2026-09-11,TWSE,5284,jpp-KY,310.0,315.0,308.0,308.0,137003.0
2026-09-11,TWSE,5285,界霖,84.3,88.0,83.3,83.8,1905407.0
2026-09-11,TWSE,5288,豐祥-KY,184.0,186.0,181.0,182.5,92230.0
2026-09-11,TWSE,5292,華懋,221.5,222.5,218.5,220.0,66578.0
2026-09-11,TWSE,5306,桂盟,93.0,93.5,92.8,93.0,71616.0
2026-09-11,TWSE,5388,中磊,73.2,73.2,71.0,71.1,3642279.0
2026-09-11,TWSE,5434,崇越,530.0,531.0,523.0,527.0,360993.0
2026-09-11,TWSE,5469,瀚宇博,72.2,72.4,71.5,71.7,494686.0
2026-09-11,TWSE,5471,松翰,54.2,54.5,53.1,53.1,1014008.0
2026-09-11,TWSE,5484,慧友,40.8,40.95,39.9,40.0,394389.0
2026-09-11,TWSE,5515,建國,51.7,51.7,49.05,50.0,994829.0
2026-09-11,TWSE,5519,隆大,26.6,26.6,26.25,26.3,324465.0
2026-09-11,TWSE,5521,工信,10.65,10.7,10.5,10.7,1302100.0
2026-09-11,TWSE,5522,遠雄,62.9,63.1,62.4,62.7,427395.0
2026-09-11,TWSE,5525,順天,22.15,22.15,22.05,22.15,37201.0
2026-09-11,TWSE,5531,鄉林,7.21,7.26,7.18,7.2,361281.0
2026-09-11,TWSE,5533,皇鼎,13.85,13.9,13.8,13.9,219815.0
2026-09-11,TWSE,5534,長虹,75.3,75.4,74.2,74.5,1165414.0
2026-09-11,TWSE,5538,東明-KY,36.55,36.85,36.5,36.5,22020.0
2026-09-11,TWSE,5546,永固-KY,14.65,14.7,14.3,14.45,17000.0
2026-09-11,TWSE,5607,遠雄港,54.9,54.9,51.8,52.3,2032890.0
2026-09-11,TWSE,5608,四維航,17.25,17.65,16.75,16.9,6493463.0
2026-09-11,TWSE,5706,鳳凰,44.5,44.55,44.2,44.25,55138.0
2026-09-11,TWSE,5871,中租-KY,112.0,113.0,112.0,112.5,3590024.0
2026-09-11,TWSE,5876,上海商銀,46.9,48.05,46.9,47.9,7098758.0
2026-09-11,TWSE,5880,合庫金,26.6,26.85,26.55,26.85,12158726.0
2026-09-11,TWSE,5906,台南-KY,37.0,38.5,37.0,37.35,5460.0
2026-09-11,TWSE,5907,大洋-KY,4.88,4.93,4.81,4.88,239063.0
2026-09-11,TWSE,6005,群益證,32.0,32.15,31.6,31.6,5068260.0
2026-09-11,TWSE,6024,群益期,60.6,61.4,60.6,60.9,204351.0
2026-09-11,TWSE,6108,競國,23.5,23.85,22.7,23.3,1572181.0
2026-09-11,TWSE,6112,邁達特,44.1,45.3,44.1,44.8,252817.0
2026-09-11,TWSE,6115,鎰勝,43.95,44.3,43.9,43.9,158243.0
2026-09-11,TWSE,6116,彩晶,14.65,14.7,14.2,14.7,26635598.0
2026-09-11,TWSE,6117,迎廣,61.3,62.1,61.3,61.8,94914.0
2026-09-11,TWSE,6120,達運,12.35,12.35,12.1,12.2,1778142.0
2026-09-11,TWSE,6128,上福,19.4,19.4,18.8,18.95,299229.0
2026-09-11,TWSE,6133,金橋,22.5,22.8,22.0,22.1,815986.0
2026-09-11,TWSE,6136,富爾特,24.6,24.65,24.6,24.65,332048.0
2026-09-11,TWSE,6139,亞翔,748.0,759.0,735.0,753.0,1324647.0
2026-09-11,TWSE,6141,柏承,50.4,55.5,50.4,55.4,5149156.0
2026-09-11,TWSE,6142,友勁,8.51,8.57,8.51,8.55,88144.0
2026-09-11,TWSE,6152,百一,14.0,15.4,14.0,15.2,4618370.0
2026-09-11,TWSE,6153,嘉聯益,17.8,17.8,17.35,17.4,1768261.0
2026-09-11,TWSE,6155,鈞寶,57.6,58.5,55.9,57.1,1134847.0
2026-09-11,TWSE,6164,華興,11.6,11.6,11.2,11.3,445937.0
2026-09-11,TWSE,6165,浪凡,47.8,48.0,47.45,47.7,178878.0
2026-09-11,TWSE,6166,凌華,114.5,114.5,112.0,112.5,1298831.0
2026-09-11,TWSE,6168,宏齊,29.4,30.75,29.25,29.8,9805912.0
2026-09-11,TWSE,6176,瑞儀,90.1,90.2,88.4,89.1,2785253.0
2026-09-11,TWSE,6177,達麗,48.4,48.4,47.3,47.5,1372952.0
2026-09-11,TWSE,6183,關貿,91.7,91.7,91.2,91.3,15958.0
2026-09-11,TWSE,6184,大豐電,39.75,40.5,39.6,40.5,287736.0
2026-09-11,TWSE,6189,豐藝,46.5,46.7,46.25,46.35,434024.0
2026-09-11,TWSE,6191,精成科,82.3,82.8,81.9,82.0,836974.0
2026-09-11,TWSE,6192,巨路,113.0,114.5,113.0,114.0,51142.0
2026-09-11,TWSE,6196,帆宣,537.0,538.0,519.0,535.0,1449260.0
2026-09-11,TWSE,6197,佳必琪,300.5,304.5,298.5,301.0,709344.0
2026-09-11,TWSE,6201,亞弘電,45.0,45.0,44.3,44.3,23656.0
2026-09-11,TWSE,6202,盛群,56.5,57.4,56.5,56.6,578950.0
2026-09-11,TWSE,6205,詮欣,65.0,65.0,63.0,63.1,175660.0
2026-09-11,TWSE,6206,飛捷,137.5,138.5,135.0,135.0,681383.0
2026-09-11,TWSE,6209,今國光,79.1,81.0,78.4,81.0,8089637.0
2026-09-11,TWSE,6213,聯茂,516.0,520.0,507.0,519.0,6925997.0
2026-09-11,TWSE,6214,精誠,187.0,188.5,186.5,187.5,1648736.0
2026-09-11,TWSE,6215,和椿,103.0,104.5,100.0,100.5,2082837.0
2026-09-11,TWSE,6216,居易,20.1,20.1,19.9,20.0,97673.0
2026-09-11,TWSE,6224,聚鼎,83.6,90.1,83.3,89.0,2271503.0
2026-09-11,TWSE,6225,天瀚,68.8,74.3,68.8,74.3,195330.0
2026-09-11,TWSE,6226,光鼎,29.65,32.6,29.45,32.6,15232595.0
2026-09-11,TWSE,6230,尼得科超眾,108.5,108.5,106.5,107.5,16549.0
2026-09-11,TWSE,6235,華孚,38.65,38.65,38.15,38.4,151146.0
2026-09-11,TWSE,6239,力成,280.0,290.0,279.5,283.5,14120688.0
2026-09-11,TWSE,6243,迅杰,38.05,38.05,37.3,37.4,288818.0
2026-09-11,TWSE,6257,矽格,215.0,225.0,213.5,217.0,18438387.0
2026-09-11,TWSE,6269,台郡,69.0,69.0,65.6,66.6,6765899.0
2026-09-11,TWSE,6271,同欣電,223.0,227.5,218.5,227.0,5262279.0
2026-09-11,TWSE,6272,驊陞,29.1,30.55,28.55,29.6,474343.0
2026-09-11,TWSE,6277,宏正,78.1,78.4,77.5,77.6,104625.0
2026-09-11,TWSE,6278,台表科,193.5,193.5,189.5,191.5,1212076.0
2026-09-11,TWSE,6281,全國電,51.5,51.5,51.3,51.3,18688.0
2026-09-11,TWSE,6282,康舒,43.3,43.35,42.65,43.2,5132303.0
2026-09-11,TWSE,6283,淳安,19.9,19.9,19.75,19.8,70079.0
2026-09-11,TWSE,6285,啟碁,232.5,233.5,226.0,227.0,3087291.0
2026-09-11,TWSE,6405,悅城,38.9,39.2,38.25,39.2,207959.0
2026-09-11,TWSE,6409,旭隼,917.0,917.0,870.0,876.0,612655.0
2026-09-11,TWSE,6412,群電,74.1,74.4,73.2,73.7,494271.0
2026-09-11,TWSE,6414,樺漢,376.5,381.0,369.0,372.5,1232570.0
2026-09-11,TWSE,6415,矽力*-KY,412.0,414.0,398.5,405.0,4011235.0
2026-09-11,TWSE,6416,瑞祺電通,105.5,115.0,105.5,110.5,1849892.0
2026-09-11,TWSE,6426,統新,311.0,328.0,303.0,322.0,4977145.0
2026-09-11,TWSE,6431,光麗-KY,18.9,19.0,18.2,18.25,127117.0
2026-09-11,TWSE,6438,迅得,152.0,154.5,150.5,151.0,302697.0
2026-09-11,TWSE,6442,光聖,1720.0,1825.0,1705.0,1800.0,4008101.0
2026-09-11,TWSE,6443,元晶,23.9,23.9,23.5,23.65,1996113.0
2026-09-11,TWSE,6446,藥華藥,1330.0,1335.0,1300.0,1320.0,2750274.0
2026-09-11,TWSE,6449,鈺邦,224.0,229.5,218.0,226.5,1865017.0
2026-09-11,TWSE,6451,訊芯-KY,427.0,441.0,421.0,425.0,2689509.0
2026-09-11,TWSE,6456,GIS-KY,66.8,66.9,63.5,64.1,4059532.0
2026-09-11,TWSE,6464,台數科,76.6,77.7,76.6,77.7,5693.0
2026-09-11,TWSE,6472,保瑞,406.0,408.0,403.5,405.5,344416.0
2026-09-11,TWSE,6477,安集,34.6,34.6,33.8,33.85,473390.0
2026-09-11,TWSE,6491,晶碩,371.5,373.0,366.5,366.5,158639.0
2026-09-11,TWSE,6504,南六,36.9,39.8,36.1,37.2,82308.0
2026-09-11,TWSE,6505,台塑化,87.5,87.5,82.8,86.2,43101277.0
2026-09-11,TWSE,6515,穎崴,7285.0,7310.0,6985.0,7195.0,366735.0
2026-09-11,TWSE,6525,捷敏-KY,130.5,131.0,129.0,129.5,667173.0
2026-09-11,TWSE,6526,達發,637.0,647.0,632.0,642.0,301594.0
2026-09-11,TWSE,6531,愛普*,993.0,1065.0,991.0,1030.0,6397932.0
2026-09-11,TWSE,6533,晶心科,253.5,255.0,245.0,246.0,993166.0
2026-09-11,TWSE,6534,正瀚-創,91.3,92.5,91.3,92.0,23364.0
2026-09-11,TWSE,6541,泰福-KY,31.5,31.75,31.15,31.55,327158.0
2026-09-11,TWSE,6550,北極星藥業-KY,10.3,10.3,10.05,10.2,697251.0
2026-09-11,TWSE,6552,易華電,23.55,23.55,23.15,23.3,94093.0
2026-09-11,TWSE,6558,興能高,24.0,24.0,23.5,23.65,109055.0
2026-09-11,TWSE,6573,虹揚-KY,16.15,16.35,15.65,16.05,128085.0
2026-09-11,TWSE,6579,研揚,148.0,149.0,147.0,148.5,150769.0
2026-09-11,TWSE,6581,鋼聯,110.0,111.5,110.0,111.5,23111.0
2026-09-11,TWSE,6582,申豐,32.0,32.0,31.6,31.6,15525.0
2026-09-11,TWSE,6585,鼎基,105.5,106.0,102.5,103.5,222919.0
2026-09-11,TWSE,6589,台康生技,48.3,48.3,47.15,47.9,388240.0
2026-09-11,TWSE,6591,動力-KY,42.7,42.7,42.1,42.15,62052.0
2026-09-11,TWSE,6592,和潤企業,60.0,60.3,59.8,60.0,393815.0
2026-09-11,TWSE,6598,ABC-KY,28.4,29.9,28.1,29.25,574653.0
2026-09-11,TWSE,6605,帝寶,136.0,136.0,134.5,135.5,125068.0
2026-09-11,TWSE,6606,建德工業,25.9,25.9,25.5,25.8,38226.0
2026-09-11,TWSE,6614,資拓宏宇,35.7,35.7,35.55,35.65,18000.0
2026-09-11,TWSE,6625,必應,76.0,76.0,75.3,75.7,29362.0
2026-09-11,TWSE,6641,基士德-KY,16.8,17.0,16.6,17.0,4000.0
2026-09-11,TWSE,6645,金萬林-創,12.3,12.4,12.3,12.4,11000.0
2026-09-11,TWSE,6655,科定,121.5,122.5,121.5,121.5,12100.0
2026-09-11,TWSE,6657,華安,37.5,39.0,36.6,37.3,864075.0
2026-09-11,TWSE,6658,聯策,175.5,175.5,171.0,172.5,101247.0
2026-09-11,TWSE,6666,羅麗芬-KY,44.2,44.85,44.0,44.85,27416.0
2026-09-11,TWSE,6668,中揚光,40.85,41.2,40.55,41.05,528884.0
2026-09-11,TWSE,6669,緯穎,2295.0,2380.0,2270.0,2345.0,2793152.0
2026-09-11,TWSE,6670,復盛應用,279.5,279.5,276.0,276.0,68598.0
2026-09-11,TWSE,6671,三能-KY,23.0,23.0,23.0,23.0,2000.0
2026-09-11,TWSE,6672,騰輝電子-KY,296.0,306.0,294.0,299.0,3575776.0
2026-09-11,TWSE,6674,鋐寶科技,16.1,16.15,16.0,16.0,14000.0
2026-09-11,TWSE,6689,伊雲谷,61.1,61.5,60.0,60.1,135177.0
2026-09-11,TWSE,6691,洋基工程,630.0,631.0,616.0,622.0,447277.0
2026-09-11,TWSE,6695,芯鼎,47.1,48.3,46.9,48.0,320527.0
2026-09-11,TWSE,6698,旭暉應材,31.35,31.8,30.9,31.8,101803.0
2026-09-11,TWSE,6706,惠特,122.0,126.5,122.0,125.0,953231.0
2026-09-11,TWSE,6715,嘉基,350.5,353.5,335.5,336.5,840406.0
2026-09-11,TWSE,6719,力智,184.5,185.0,182.0,184.5,386373.0
2026-09-11,TWSE,6722,輝創,32.4,33.2,32.25,33.2,35005.0
2026-09-11,TWSE,6742,澤米,45.05,46.35,44.15,45.75,434605.0
2026-09-11,TWSE,6743,安普新,29.15,29.4,28.9,29.35,280513.0
2026-09-11,TWSE,6753,龍德造船,135.0,135.5,131.5,135.5,822749.0
2026-09-11,TWSE,6754,匯僑設計,42.6,42.6,41.9,42.5,13100.0
2026-09-11,TWSE,6756,威鋒電子,99.3,99.3,97.6,97.9,98227.0
2026-09-11,TWSE,6757,台灣虎航,54.9,54.9,54.1,54.2,665010.0
2026-09-11,TWSE,6768,志強-KY,63.2,63.2,62.2,62.4,491231.0
2026-09-11,TWSE,6770,力積電,72.1,74.2,71.3,73.5,144134387.0
2026-09-11,TWSE,6771,平和環保-創,41.5,42.2,41.5,41.7,35050.0
2026-09-11,TWSE,6776,展碁國際,52.4,52.4,51.8,52.0,118372.0
2026-09-11,TWSE,6781,AES-KY,1060.0,1060.0,1030.0,1030.0,295609.0
2026-09-11,TWSE,6782,視陽,235.0,235.0,227.5,227.5,210120.0
2026-09-11,TWSE,6789,采鈺,471.0,477.0,467.0,469.5,727353.0
2026-09-11,TWSE,6790,永豐實,37.9,38.0,37.85,37.9,80750.0
2026-09-11,TWSE,6792,詠業,58.2,58.8,58.2,58.6,18011.0
2026-09-11,TWSE,6794,向榮生技,76.8,77.0,76.0,76.3,10001.0
2026-09-11,TWSE,6796,晉弘,57.6,57.6,55.2,55.6,47395.0
2026-09-11,TWSE,6799,來頡,80.0,80.0,78.5,78.8,115992.0
2026-09-11,TWSE,6805,富世達,2260.0,2310.0,2155.0,2190.0,1486989.0
2026-09-11,TWSE,6807,峰源-KY,,,,,136.0
2026-09-11,TWSE,6830,汎銓,581.0,599.0,575.0,591.0,1690917.0
2026-09-11,TWSE,6831,邁科,568.0,570.0,545.0,552.0,909200.0
2026-09-11,TWSE,6834,天二科技,99.9,110.0,96.4,105.5,7261240.0
2026-09-11,TWSE,6835,圓裕,31.3,31.3,30.65,31.0,12062.0
2026-09-11,TWSE,6838,台新藥,23.95,23.95,23.25,23.9,147319.0
2026-09-11,TWSE,6854,錼創科技-KY創,90.2,91.2,89.6,89.6,199477.0
2026-09-11,TWSE,6861,睿生光電,190.5,204.0,188.5,204.0,1493423.0
2026-09-11,TWSE,6862,三集瑞-KY,136.5,136.5,134.0,134.0,101319.0
2026-09-11,TWSE,6863,永道-KY,99.3,100.0,98.4,99.2,54908.0
2026-09-11,TWSE,6869,雲豹能源,63.7,64.0,63.3,63.5,303749.0
2026-09-11,TWSE,6873,泓德能源,68.2,69.5,67.8,69.1,206601.0
2026-09-11,TWSE,6885,全福生技,27.0,27.15,26.0,26.25,719343.0
2026-09-11,TWSE,6887,寶綠特-KY,36.9,37.35,36.7,36.9,42227.0
2026-09-11,TWSE,6890,來億-KY,155.5,155.5,153.5,154.0,192253.0
2026-09-11,TWSE,6901,鑽石投資,15.1,15.15,14.9,15.0,574748.0
2026-09-11,TWSE,6902,GOGOLOOK,126.5,127.0,125.0,126.5,68501.0
2026-09-11,TWSE,6906,現觀科,84.0,84.5,80.1,83.0,86267.0
2026-09-11,TWSE,6908,宏碁遊戲-創,31.4,31.4,30.2,30.2,8000.0
2026-09-11,TWSE,6909,創控,40.15,40.15,39.35,39.95,179240.0
2026-09-11,TWSE,6914,阜爾運通,121.0,121.0,121.0,121.0,10106.0
2026-09-11,TWSE,6916,華凌,18.85,19.0,18.85,18.85,12034.0
2026-09-11,TWSE,6918,愛派司,75.5,75.8,73.4,74.7,111046.0
2026-09-11,TWSE,6919,康霈*,82.1,86.3,77.3,85.6,13731804.0
2026-09-11,TWSE,6921,嘉雨思-創,63.0,63.0,63.0,63.0,1000.0
2026-09-11,TWSE,6923,中台,76.4,76.6,75.6,76.5,24147.0
2026-09-11,TWSE,6924,榮惠-KY創,124.5,130.0,124.0,129.0,31905.0
2026-09-11,TWSE,6928,攸泰科技,46.9,47.95,46.9,47.85,30746.0
2026-09-11,TWSE,6931,青松健康,40.3,40.3,39.25,39.4,49700.0
2026-09-11,TWSE,6933,AMAX-KY,348.0,354.0,331.5,336.0,510177.0
2026-09-11,TWSE,6934,心誠鎂,76.7,77.1,76.2,76.4,21005.0
2026-09-11,TWSE,6936,永鴻生技,32.4,32.4,32.3,32.3,13060.0
2026-09-11,TWSE,6937,天虹,290.0,309.0,287.0,296.0,1528367.0
2026-09-11,TWSE,6944,兆聯實業,723.0,723.0,707.0,709.0,224769.0
2026-09-11,TWSE,6947,台鎔科技,69.9,69.9,68.7,69.9,74993.0
2026-09-11,TWSE,6949,沛爾生醫*-創,56.8,60.3,55.4,58.8,26068201.0
2026-09-11,TWSE,6951,青新-創,70.8,70.8,70.5,70.5,7607.0
2026-09-11,TWSE,6952,大武山,38.6,39.3,38.6,38.9,11327.0
2026-09-11,TWSE,6955,邦睿生技-創,100.5,100.5,99.5,99.5,6000.0
2026-09-11,TWSE,6957,裕慶-KY,221.0,226.5,219.5,224.5,118860.0
2026-09-11,TWSE,6958,日盛台駿,17.2,17.85,17.2,17.55,54106.0
2026-09-11,TWSE,6962,奕力-KY,31.0,31.0,30.55,30.8,1052178.0
2026-09-11,TWSE,6965,中傑-KY,73.0,73.1,70.4,71.0,59740.0
2026-09-11,TWSE,6969,成信實業*-創,34.55,35.2,34.25,34.25,110164.0
2026-09-11,TWSE,6988,威力暘-創,12.05,12.15,11.9,11.9,57000.0
2026-09-11,TWSE,6994,富威電力,33.3,33.3,31.95,32.6,1099365.0
2026-09-11,TWSE,7610,聯友金屬-創,2110.0,2115.0,1940.0,2035.0,1027843.0
2026-09-11,TWSE,7631,聚賢研發-創,142.0,142.0,138.0,141.5,72415.0
2026-09-11,TWSE,7689,大鵬科CLMX,163.0,163.0,159.0,159.5,71067.0
2026-09-11,TWSE,7705,三商餐飲,29.95,30.0,29.8,29.9,37867.0
2026-09-11,TWSE,7711,永擎,598.0,615.0,583.0,590.0,1268789.0
2026-09-11,TWSE,7721,微程式,61.2,62.5,61.1,61.1,24457.0
2026-09-11,TWSE,7722,LINEPAY,270.5,270.5,267.0,267.5,63869.0
2026-09-11,TWSE,7730,暉盛-創,177.0,177.5,172.5,173.0,45161.0
2026-09-11,TWSE,7732,金興精密,34.0,34.3,34.0,34.15,10000.0
2026-09-11,TWSE,7736,虎山,70.0,70.0,69.1,69.8,8355.0
2026-09-11,TWSE,7740,熙特爾-創,134.0,134.0,129.5,132.0,90407.0
2026-09-11,TWSE,7749,意騰-KY,355.5,355.5,351.0,355.5,90714.0
2026-09-11,TWSE,7750,新代,2270.0,2280.0,2200.0,2215.0,199671.0
2026-09-11,TWSE,7760,享溫馨,32.7,32.75,32.7,32.7,7413.0
2026-09-11,TWSE,7765,中華資安,217.5,217.5,214.5,215.0,142567.0
2026-09-11,TWSE,7768,頌勝科技,276.5,276.5,270.5,271.5,42942.0
2026-09-11,TWSE,7769,鴻勁,6720.0,6720.0,6415.0,6475.0,599317.0
2026-09-11,TWSE,7780,大研生醫*,16.6,16.65,16.5,16.55,541096.0
2026-09-11,TWSE,7786,東方風能,114.5,114.5,112.5,114.5,149944.0
2026-09-11,TWSE,7788,松川精密,324.0,330.0,300.5,308.0,6140631.0
2026-09-11,TWSE,7791,皇家可口,55.5,56.0,55.2,55.5,34553.0
2026-09-11,TWSE,7795,長廣,577.0,582.0,524.0,534.0,2589903.0
2026-09-11,TWSE,7799,禾榮科,400.0,425.0,392.0,425.0,997569.0
2026-09-11,TWSE,7803,雲象科技-創,19.1,19.65,18.95,19.6,57125.0
2026-09-11,TWSE,7818,溢泰實業,60.0,61.0,60.0,60.7,110815.0
2026-09-11,TWSE,7821,神數,38.5,39.8,38.5,39.8,136110.0
2026-09-11,TWSE,7822,倍利科,889.0,894.0,861.0,866.0,184709.0
2026-09-11,TWSE,7823,奧義賽博-KY創,79.2,79.2,79.0,79.1,6193.0
2026-09-11,TWSE,7827,漢康-KY創,150.0,154.0,150.0,153.0,113955.0
2026-09-11,TWSE,7835,永悅健康-創,22.5,23.0,21.8,22.5,19000.0
2026-09-11,TWSE,7855,和運租車,42.2,42.25,42.05,42.05,573518.0
2026-09-11,TWSE,8011,台通,15.55,15.55,15.35,15.45,322378.0
2026-09-11,TWSE,8016,矽創,281.5,284.0,277.5,279.0,513363.0
2026-09-11,TWSE,8021,尖點,445.5,449.5,431.0,438.0,995636.0
2026-09-11,TWSE,8028,昇陽半導體,235.5,235.5,228.0,229.5,2746280.0
2026-09-11,TWSE,8033,雷虎,174.5,174.5,170.5,171.5,1726973.0
2026-09-11,TWSE,8039,台虹,287.5,295.0,273.5,275.0,23501063.0
2026-09-11,TWSE,8045,達運光電,49.8,49.8,47.25,48.0,99948.0
2026-09-11,TWSE,8046,南電,1085.0,1105.0,1055.0,1070.0,6755869.0
2026-09-11,TWSE,8070,長華*,49.85,50.1,49.45,49.45,1251187.0
2026-09-11,TWSE,8072,陞泰,26.05,26.05,25.7,25.9,53957.0
2026-09-11,TWSE,8081,致新,248.0,249.5,247.0,247.5,255703.0
2026-09-11,TWSE,8101,華冠,11.6,11.6,11.6,11.6,1144.0
2026-09-11,TWSE,8103,瀚荃,112.5,113.5,108.5,110.0,2321551.0
2026-09-11,TWSE,8104,錸寶,30.1,30.1,29.8,29.95,185788.0
2026-09-11,TWSE,8105,凌巨,15.15,15.15,14.65,14.65,2200502.0
2026-09-11,TWSE,8110,華東,43.6,44.05,42.7,42.75,2448023.0
2026-09-11,TWSE,8112,至上,86.5,86.5,85.4,85.9,5639452.0
2026-09-11,TWSE,8114,振樺電,181.0,181.0,177.0,178.5,318809.0
2026-09-11,TWSE,8131,福懋科,62.8,63.3,61.9,62.0,2036948.0
2026-09-11,TWSE,8150,南茂,90.7,91.5,90.0,90.9,11730848.0
2026-09-11,TWSE,8162,微矽電子-創,60.1,60.5,59.3,60.5,78301.0
2026-09-11,TWSE,8163,達方,30.0,30.25,29.7,30.0,641043.0
2026-09-11,TWSE,8201,無敵,11.55,12.65,11.5,12.0,111685.0
2026-09-11,TWSE,8210,勤誠,915.0,915.0,899.0,910.0,1276988.0
2026-09-11,TWSE,8213,志超,32.4,32.65,32.25,32.3,177166.0
2026-09-11,TWSE,8215,明基材,25.2,25.2,24.8,25.05,634182.0
2026-09-11,TWSE,8222,寶一,35.65,35.75,34.7,34.7,764771.0
2026-09-11,TWSE,8249,菱光,39.3,39.3,38.4,38.4,408412.0
2026-09-11,TWSE,8261,富鼎,168.0,170.5,166.0,168.0,2049028.0
2026-09-11,TWSE,8271,宇瞻,216.5,216.5,211.0,211.0,2410888.0
2026-09-11,TWSE,8341,日友,74.7,74.8,74.5,74.6,180230.0
2026-09-11,TWSE,8367,建新國際,40.7,40.9,40.5,40.5,11079.0
2026-09-11,TWSE,8374,羅昇,80.4,80.7,79.5,79.5,162101.0
2026-09-11,TWSE,8404,百和興業-KY,14.9,15.15,14.25,14.35,863977.0
2026-09-11,TWSE,8411,福貞-KY,13.2,13.2,12.95,13.0,27273.0
2026-09-11,TWSE,8422,可寧衛*,26.15,26.35,26.0,26.3,2931766.0
2026-09-11,TWSE,8429,金麗-KY,6.0,6.05,5.97,5.97,109417.0
2026-09-11,TWSE,8438,昶昕,68.9,68.9,67.5,68.9,89059.0
2026-09-11,TWSE,8442,威宏-KY,46.15,46.35,45.85,46.35,21220.0
2026-09-11,TWSE,8443,阿瘦,11.2,11.2,11.2,11.2,30022.0
2026-09-11,TWSE,8454,富邦媒,237.5,237.5,234.0,234.0,338663.0
2026-09-11,TWSE,8462,柏文,165.5,165.5,164.0,164.5,48832.0
2026-09-11,TWSE,8463,潤泰材,21.3,21.4,21.3,21.4,9050.0
2026-09-11,TWSE,8464,億豐,368.5,372.0,365.0,368.5,376982.0
2026-09-11,TWSE,8466,美吉吉-KY,14.4,14.4,13.95,14.05,34643.0
2026-09-11,TWSE,8467,波力-KY,89.2,89.7,88.9,89.7,3005.0
2026-09-11,TWSE,8473,山林水,40.0,40.0,39.4,39.6,193739.0
2026-09-11,TWSE,8476,台境*,19.6,20.0,19.5,19.9,130365.0
2026-09-11,TWSE,8478,東哥遊艇,140.5,141.5,140.0,141.0,49137.0
2026-09-11,TWSE,8481,政伸,41.4,41.4,41.4,41.4,1024.0
2026-09-11,TWSE,8482,商億-KY,50.3,50.3,49.6,49.6,2000.0
2026-09-11,TWSE,8487,愛爾達-創,70.2,71.1,70.2,71.1,3104.0
2026-09-11,TWSE,8488,吉源-KY,10.2,10.35,10.15,10.2,15107.0
2026-09-11,TWSE,8499,鼎炫-KY,260.5,260.5,255.5,256.0,5150.0
2026-09-11,TWSE,8926,台汽電,59.6,60.1,58.4,58.7,8631847.0
2026-09-11,TWSE,8940,新天地,14.9,14.95,14.85,14.9,15327.0
2026-09-11,TWSE,8996,高力,1320.0,1340.0,1280.0,1300.0,4932329.0
2026-09-11,TWSE,9103,美德醫療-DR,5.07,5.08,5.0,5.0,822175.0
2026-09-11,TWSE,9105,泰金寶-DR,8.76,8.77,8.49,8.63,26344647.0
2026-09-11,TWSE,9110,越南控-DR,,,,,
2026-09-11,TWSE,9136,巨騰-DR,10.2,10.2,9.92,10.05,153100.0
2026-09-11,TWSE,9802,鈺齊-KY,68.1,68.2,64.4,66.0,1994740.0
2026-09-11,TWSE,9902,台火,13.6,13.65,13.5,13.55,47249.0
2026-09-11,TWSE,9904,寶成,24.45,24.55,24.1,24.1,16925885.0
2026-09-11,TWSE,9905,大華,21.35,21.5,21.35,21.5,172194.0
2026-09-11,TWSE,9906,欣巴巴,40.9,40.9,39.7,39.75,58953.0
2026-09-11,TWSE,9907,統一實,15.2,15.35,15.2,15.3,836397.0
2026-09-11,TWSE,9908,大台北,29.0,29.1,28.95,29.05,113907.0
2026-09-11,TWSE,9910,豐泰,68.3,68.7,68.1,68.5,448248.0
2026-09-11,TWSE,9911,櫻花,81.7,81.9,81.6,81.8,131883.0
2026-09-11,TWSE,9912,偉聯,12.8,13.05,12.8,13.0,59539.0
2026-09-11,TWSE,9914,美利達,78.2,79.0,77.0,77.4,1165755.0
2026-09-11,TWSE,9917,中保科,106.0,106.0,105.5,105.5,267522.0
2026-09-11,TWSE,9918,欣天然,43.15,43.5,42.9,43.5,11363.0
2026-09-11,TWSE,9919,康那香,14.15,14.2,14.1,14.15,125183.0
2026-09-11,TWSE,9921,巨大,97.3,97.7,96.1,97.3,1082790.0
2026-09-11,TWSE,9924,福興,38.5,38.5,38.25,38.25,72958.0
2026-09-11,TWSE,9925,新保,39.7,39.75,39.55,39.7,332518.0
2026-09-11,TWSE,9926,新海,48.7,49.45,48.7,49.45,11023.0
2026-09-11,TWSE,9927,泰銘,70.0,70.2,69.8,69.8,63795.0
2026-09-11,TWSE,9928,中視,17.7,17.7,17.5,17.7,56648.0
2026-09-11,TWSE,9929,秋雨,11.55,11.55,11.1,11.1,26401.0
2026-09-11,TWSE,9930,中聯資源,62.3,62.4,61.8,62.2,172237.0
2026-09-11,TWSE,9931,欣高,34.2,34.2,34.0,34.15,13228.0
2026-09-11,TWSE,9933,中鼎,39.95,40.4,39.55,40.35,1603629.0
2026-09-11,TWSE,9934,成霖,10.35,10.35,10.1,10.15,3035070.0
2026-09-11,TWSE,9935,慶豐富,19.5,19.5,19.3,19.3,193702.0
2026-09-11,TWSE,9937,全國,55.2,55.6,55.2,55.6,16192.0
2026-09-11,TWSE,9938,百和,39.8,39.8,39.1,39.1,1520204.0
2026-09-11,TWSE,9939,宏全,126.5,128.5,126.0,128.0,723259.0
2026-09-11,TWSE,9940,信義,20.3,20.3,20.15,20.25,139030.0
2026-09-11,TWSE,9941,裕融,80.0,80.4,79.6,80.3,600308.0
2026-09-11,TWSE,9942,茂順,114.0,114.5,113.5,113.5,66897.0
2026-09-11,TWSE,9943,好樂迪,51.4,51.5,50.9,51.0,28957.0
2026-09-11,TWSE,9944,新麗,17.4,17.4,17.25,17.3,16569.0
2026-09-11,TWSE,9945,潤泰新,27.9,28.05,27.7,27.75,2448901.0
2026-09-11,TWSE,9946,三發地產,17.2,17.25,17.05,17.15,230857.0
2026-09-11,TWSE,9955,佳龍,23.4,23.7,23.4,23.65,123055.0
2026-09-11,TWSE,9958,世紀鋼,91.2,91.7,90.6,91.4,579900.0
2026-09-11,TPEX,1240,茂生農經,55.3,55.3,54.9,54.9,5395.0
2026-09-11,TPEX,1259,安心,63.6,64.4,63.6,64.4,8004.0
2026-09-11,TPEX,1264,德麥,249.0,249.0,248.0,248.5,29979.0
2026-09-11,TPEX,1268,漢來美食,172.0,172.0,171.5,171.5,24901.0
2026-09-11,TPEX,1294,漢田生技,52.1,52.1,51.0,51.7,33993.0
2026-09-11,TPEX,1295,生合,45.2,45.2,44.2,45.1,32399.0
2026-09-11,TPEX,1336,台翰,16.9,17.1,15.95,16.35,1237814.0
2026-09-11,TPEX,1565,精華,97.9,97.9,97.1,97.1,78710.0
2026-09-11,TPEX,1569,濱川,48.5,53.5,48.45,50.6,2883818.0
2026-09-11,TPEX,1570,力肯,32.15,32.15,31.6,32.0,44766.0
2026-09-11,TPEX,1580,新麥,98.4,98.5,97.5,97.7,66102.0
2026-09-11,TPEX,1584,精剛,17.75,17.9,17.65,17.85,188644.0
2026-09-11,TPEX,1586,和勤,18.05,18.1,17.9,18.0,140235.0
2026-09-11,TPEX,1591,駿吉-KY,36.1,37.95,35.9,37.5,272329.0
2026-09-11,TPEX,1593,祺驊,31.85,31.85,31.55,31.55,2217.0
2026-09-11,TPEX,1595,川寶,63.3,63.5,61.9,62.4,207446.0
2026-09-11,TPEX,1599,宏佳騰,23.4,23.55,23.1,23.5,57405.0
2026-09-11,TPEX,1742,台蠟,17.75,17.75,17.5,17.5,40201.0
2026-09-11,TPEX,1777,生泰,74.7,74.9,73.8,74.9,98625.0
2026-09-11,TPEX,1780,立弘,24.25,24.8,24.2,24.35,54468.0
2026-09-11,TPEX,1781,合世,10.2,10.2,10.2,10.2,1008.0
2026-09-11,TPEX,1784,訊聯,58.9,59.0,58.4,58.4,40832.0
2026-09-11,TPEX,1785,光洋科,97.1,97.3,95.6,95.9,4296757.0
2026-09-11,TPEX,1788,杏昌,128.0,128.5,128.0,128.0,15705.0
2026-09-11,TPEX,1796,金穎生技,29.75,29.75,29.05,29.05,12001.0
2026-09-11,TPEX,1799,易威,30.25,30.25,29.3,29.35,120427.0
2026-09-11,TPEX,1813,寶利徠,11.5,11.5,11.35,11.5,40002.0
2026-09-11,TPEX,1815,富喬,125.0,129.0,122.0,127.5,44556222.0
2026-09-11,TPEX,2035,唐榮,27.0,27.05,26.95,27.05,18003.0
2026-09-11,TPEX,2061,風青,47.3,48.8,47.05,47.05,992278.0
2026-09-11,TPEX,2063,世鎧,23.95,24.05,23.75,24.05,24000.0
2026-09-11,TPEX,2064,晉椿,,,,,100.0
2026-09-11,TPEX,2065,世豐,35.85,35.85,34.8,35.05,150760.0
2026-09-11,TPEX,2066,世德,52.4,52.4,51.2,51.3,36219.0
2026-09-11,TPEX,2067,嘉鋼,4.89,4.89,4.8,4.8,7001.0
2026-09-11,TPEX,2070,精湛,61.3,61.6,60.0,60.0,96356.0
2026-09-11,TPEX,2073,雄順,25.3,25.3,25.25,25.25,3418.0
2026-09-11,TPEX,2221,大甲,103.0,105.5,95.4,95.4,10245593.0
2026-09-11,TPEX,2230,泰茂,21.1,22.0,21.0,21.8,77349.0
2026-09-11,TPEX,2235,謚源,28.45,28.8,28.45,28.8,2017.0
2026-09-11,TPEX,2596,綠意,35.25,36.5,35.25,36.05,252110.0
2026-09-11,TPEX,2640,大車隊,153.5,154.5,153.5,153.5,13822.0
2026-09-11,TPEX,2641,正德,17.6,18.05,17.6,17.7,1741254.0
2026-09-11,TPEX,2643,捷迅,62.6,62.9,62.3,62.9,12171.0
2026-09-11,TPEX,2718,全心投控,40.7,40.7,40.0,40.0,24702.0
2026-09-11,TPEX,2719,燦星旅,20.0,20.3,19.4,19.4,42520.0
2026-09-11,TPEX,2724,藝舍-KY,,,,,0.0
2026-09-11,TPEX,2726,雅茗-KY,8.06,8.18,8.0,8.09,26000.0
2026-09-11,TPEX,2729,瓦城,153.5,154.0,152.5,152.5,18660.0
2026-09-11,TPEX,2732,六角,62.8,62.9,62.5,62.5,28875.0
2026-09-11,TPEX,2734,易飛網,14.55,14.6,14.5,14.55,22006.0
2026-09-11,TPEX,2736,富野,11.5,11.55,11.4,11.45,35620.0
2026-09-11,TPEX,2740,華軒,31.0,31.15,31.0,31.15,2305.0
2026-09-11,TPEX,2743,山富,52.7,52.9,52.0,52.0,54568.0
2026-09-11,TPEX,2745,五福,86.8,86.8,85.2,85.4,104747.0
2026-09-11,TPEX,2751,王座,53.6,53.6,52.5,52.6,7022.0
2026-09-11,TPEX,2752,豆府,179.5,179.5,177.0,177.0,11116.0
2026-09-11,TPEX,2754,亞洲藏壽司,68.3,69.8,68.3,69.4,21599.0
2026-09-11,TPEX,2755,揚秦,98.3,98.3,98.0,98.2,34081.0
2026-09-11,TPEX,2756,聯發國際,62.6,63.2,62.0,62.0,58027.0
2026-09-11,TPEX,2916,滿心,40.05,40.05,39.95,40.05,31000.0
2026-09-11,TPEX,2924,宏太-KY,17.15,17.15,17.15,17.15,1000.0
2026-09-11,TPEX,2926,誠品生活,30.0,30.1,30.0,30.1,2220.0
2026-09-11,TPEX,2937,集雅社,43.5,43.5,43.5,43.5,4100.0
2026-09-11,TPEX,2941,米斯特,31.05,31.05,31.05,31.05,1000.0
2026-09-11,TPEX,2947,振宇五金,61.8,61.8,60.0,60.0,52053.0
2026-09-11,TPEX,2948,寶陞,37.0,37.55,36.9,37.55,5151.0
2026-09-11,TPEX,2949,欣新網,,,,,0.0
2026-09-11,TPEX,3064,泰偉,16.55,16.9,16.55,16.9,3000.0
2026-09-11,TPEX,3066,李洲,23.45,23.6,23.05,23.2,381564.0
2026-09-11,TPEX,3067,全域,16.9,16.9,16.9,16.9,1000.0
2026-09-11,TPEX,3071,協禧,23.1,23.5,22.9,23.5,207716.0
2026-09-11,TPEX,3073,天方能源,21.8,22.35,21.8,22.35,34324.0
2026-09-11,TPEX,3078,僑威,43.35,44.35,43.0,43.95,652189.0
2026-09-11,TPEX,3081,聯亞,2800.0,2825.0,2735.0,2810.0,2649860.0
2026-09-11,TPEX,3083,網龍,22.6,22.6,22.5,22.55,53468.0
2026-09-11,TPEX,3085,新零售,11.95,11.95,11.95,11.95,1306.0
2026-09-11,TPEX,3086,華義*,28.5,29.55,28.45,29.0,51511.0
2026-09-11,TPEX,3088,艾訊,123.0,126.5,123.0,124.0,546660.0
2026-09-11,TPEX,3093,港建*,44.5,44.5,43.35,43.55,218548.0
2026-09-11,TPEX,3095,及成,35.85,35.85,35.45,35.55,6002.0
2026-09-11,TPEX,3105,穩懋,449.5,450.0,435.0,437.5,14614190.0
2026-09-11,TPEX,3114,好德,30.6,30.6,29.85,29.85,149694.0
2026-09-11,TPEX,3115,富榮綱,,,,,11.0
2026-09-11,TPEX,3118,進階,31.3,31.5,31.2,31.45,23953.0
2026-09-11,TPEX,3122,笙泉,23.9,24.55,23.9,24.05,15715.0
2026-09-11,TPEX,3128,昇銳,19.75,20.1,19.7,19.95,51777.0
2026-09-11,TPEX,3131,弘塑,2405.0,2430.0,2320.0,2325.0,324943.0
2026-09-11,TPEX,3141,晶宏,91.5,95.5,90.5,90.8,4265094.0
2026-09-11,TPEX,3147,大綜,220.5,226.5,219.5,221.0,360639.0
2026-09-11,TPEX,3152,璟德,221.0,224.5,221.0,222.0,119154.0
2026-09-11,TPEX,3158,嘉實,84.2,84.6,84.0,84.6,12000.0
2026-09-11,TPEX,3162,精確,69.4,71.8,68.7,70.6,710433.0
2026-09-11,TPEX,3163,波若威,692.0,695.0,669.0,670.0,2012264.0
2026-09-11,TPEX,3169,亞信,101.5,101.5,99.6,100.0,113817.0
2026-09-11,TPEX,3171,炎洲流通,59.5,59.6,58.9,59.6,23618.0
2026-09-11,TPEX,3176,基亞,37.2,38.4,36.5,36.5,2854817.0
2026-09-11,TPEX,3178,公準,60.0,60.3,58.5,59.3,76640.0
2026-09-11,TPEX,3188,鑫龍騰,23.9,23.9,23.6,23.65,107844.0
2026-09-11,TPEX,3191,雲嘉南,16.6,16.75,16.6,16.75,5416.0
2026-09-11,TPEX,3205,佰研,46.45,47.5,46.45,46.6,38001.0
2026-09-11,TPEX,3206,志豐,34.95,34.95,34.35,34.9,8060.0
2026-09-11,TPEX,3207,耀勝,37.5,38.2,37.0,37.0,309451.0
2026-09-11,TPEX,3211,順達,366.0,368.5,361.0,362.0,1804008.0
2026-09-11,TPEX,3213,茂訊,121.5,122.5,120.5,121.0,215792.0
2026-09-11,TPEX,3217,優群,127.5,127.5,126.0,127.0,312387.0
2026-09-11,TPEX,3218,大學光,136.0,136.0,133.5,134.0,306171.0
2026-09-11,TPEX,3219,倚強科,86.0,87.1,84.8,85.6,463214.0
2026-09-11,TPEX,3221,台嘉碩,46.5,46.8,45.6,45.6,1227581.0
2026-09-11,TPEX,3224,三顧,32.75,32.8,32.25,32.4,25329.0
2026-09-11,TPEX,3226,龍鋒,55.3,55.9,55.1,55.9,34089.0
2026-09-11,TPEX,3227,原相,182.0,182.5,180.5,181.5,605430.0
2026-09-11,TPEX,3228,金麗科,167.5,169.0,164.0,165.5,197491.0
2026-09-11,TPEX,3230,錦明,42.2,43.55,42.0,42.0,543362.0
2026-09-11,TPEX,3232,昱捷,19.7,19.7,19.45,19.55,13244.0
2026-09-11,TPEX,3234,光環,187.0,194.5,183.5,187.5,2982703.0
2026-09-11,TPEX,3236,千如,43.85,45.35,42.9,42.9,2554464.0
2026-09-11,TPEX,3252,海灣,14.9,15.3,14.85,15.3,12005.0
2026-09-11,TPEX,3259,鑫創,10.5,11.2,10.5,11.1,10950.0
2026-09-11,TPEX,3260,威剛,401.0,406.0,396.5,402.5,5226941.0
2026-09-11,TPEX,3264,欣銓,235.5,237.0,227.0,230.5,6621847.0
2026-09-11,TPEX,3265,台星科,167.0,168.0,163.0,165.0,780202.0
2026-09-11,TPEX,3268,海德威,17.6,17.6,17.45,17.45,9030.0
2026-09-11,TPEX,3272,東碩,14.25,14.25,13.95,13.95,16983.0
2026-09-11,TPEX,3276,宇環,14.05,14.35,13.9,13.9,296217.0
2026-09-11,TPEX,3284,太普高,19.7,19.9,19.3,19.3,134828.0
2026-09-11,TPEX,3285,微端,39.7,40.8,39.6,39.8,16955.0
2026-09-11,TPEX,3287,廣寰科,35.5,35.5,35.0,35.0,151454.0
2026-09-11,TPEX,3288,點晶,20.85,20.9,19.9,20.2,21673.0
2026-09-11,TPEX,3289,宜特,134.0,135.0,131.5,132.0,1061037.0
2026-09-11,TPEX,3290,東浦,46.1,46.15,45.5,45.55,502002.0
2026-09-11,TPEX,3293,鈊象,703.0,703.0,693.0,693.0,1922407.0
2026-09-11,TPEX,3294,英濟,28.8,29.2,28.7,28.85,224480.0
2026-09-11,TPEX,3297,杭特,27.0,27.2,26.95,26.95,25889.0
2026-09-11,TPEX,3303,岱稜,48.5,48.95,48.1,48.15,388406.0
2026-09-11,TPEX,3306,鼎天,44.75,46.45,44.75,45.0,250174.0
2026-09-11,TPEX,3310,佳穎,68.0,68.0,68.0,68.0,1040.0
2026-09-11,TPEX,3313,斐成,10.75,10.85,10.65,10.75,92097.0
2026-09-11,TPEX,3317,尼克森,54.7,55.3,54.2,54.5,464773.0
2026-09-11,TPEX,3322,建舜電,11.0,11.05,10.85,10.85,399795.0
2026-09-11,TPEX,3323,加百裕,27.1,27.15,26.6,26.75,314354.0
2026-09-11,TPEX,3324,雙鴻,1400.0,1405.0,1325.0,1360.0,1080574.0
2026-09-11,TPEX,3325,旭品,11.25,11.25,11.05,11.05,165863.0
2026-09-11,TPEX,3332,幸康,60.9,60.9,60.9,60.9,1070.0
2026-09-11,TPEX,3339,泰谷,43.0,44.35,42.25,44.2,891519.0
2026-09-11,TPEX,3349,寶德,19.65,20.5,19.6,20.5,88460.0
2026-09-11,TPEX,3354,律勝,29.8,30.3,29.0,29.85,1586472.0
2026-09-11,TPEX,3357,臺慶科,203.0,210.0,201.0,201.0,863597.0
2026-09-11,TPEX,3360,尚立,14.3,14.55,14.25,14.4,484424.0
2026-09-11,TPEX,3362,先進光,178.0,194.0,174.0,179.5,8700448.0
2026-09-11,TPEX,3363,上詮,698.0,699.0,679.0,681.0,2538113.0
2026-09-11,TPEX,3372,典範,14.4,14.4,14.15,14.3,252246.0
2026-09-11,TPEX,3373,熱映,16.0,16.15,15.85,15.85,53291.0
2026-09-11,TPEX,3374,精材,472.0,496.0,463.0,463.5,15478166.0
2026-09-11,TPEX,3379,彬台,26.9,27.15,26.5,26.8,64346.0
2026-09-11,TPEX,3388,崇越電,82.5,82.9,81.5,81.8,387022.0
2026-09-11,TPEX,3390,旭軟,21.25,21.75,21.25,21.6,132260.0
2026-09-11,TPEX,3402,漢科,124.0,126.5,123.0,123.0,162425.0
2026-09-11,TPEX,3430,奇鈦科,101.0,106.5,101.0,103.5,261563.0
2026-09-11,TPEX,3434,哲固,29.7,29.7,28.9,29.1,50458.0
2026-09-11,TPEX,3438,類比科,61.2,62.0,61.2,61.9,43889.0
2026-09-11,TPEX,3441,聯一光,149.5,166.0,147.0,166.0,23115818.0
2026-09-11,TPEX,3444,利機,79.7,80.3,78.6,78.7,158491.0
2026-09-11,TPEX,3455,由田,229.0,241.0,222.0,233.5,2876320.0
2026-09-11,TPEX,3465,進泰電子,28.7,29.2,28.65,29.2,12003.0
2026-09-11,TPEX,3466,德晉,24.2,24.4,24.0,24.15,179218.0
2026-09-11,TPEX,3467,台灣精材,51.7,58.6,51.7,58.6,158330.0
2026-09-11,TPEX,3479,安勤,130.5,134.0,130.0,131.0,735039.0
2026-09-11,TPEX,3483,力致,76.0,77.0,75.3,76.5,279360.0
2026-09-11,TPEX,3484,崧騰,44.4,44.5,44.25,44.35,93369.0
2026-09-11,TPEX,3485,敘豐,197.5,197.5,192.5,193.0,92777.0
2026-09-11,TPEX,3489,森寶,22.2,22.2,21.9,21.9,60000.0
2026-09-11,TPEX,3490,單井,40.85,43.35,40.15,41.55,3607020.0
2026-09-11,TPEX,3491,昇達科,1310.0,1440.0,1310.0,1415.0,2012827.0
2026-09-11,TPEX,3492,長盛,19.45,19.45,18.95,19.1,58202.0
2026-09-11,TPEX,3498,陽程,188.0,196.0,184.5,192.0,3154669.0
2026-09-11,TPEX,3499,環天科,13.25,13.35,13.05,13.3,64135.0
2026-09-11,TPEX,3508,位速,21.15,21.45,20.8,21.2,93318.0
2026-09-11,TPEX,3511,矽瑪,19.15,19.15,18.6,18.7,141035.0
2026-09-11,TPEX,3512,皇龍,19.3,19.3,19.1,19.2,13578.0
2026-09-11,TPEX,3516,亞帝歐,25.5,25.5,25.3,25.5,13180.0
2026-09-11,TPEX,3520,華盈,17.45,17.75,17.4,17.55,106680.0
2026-09-11,TPEX,3521,台鋼建設,12.05,12.05,12.0,12.0,17010.0
2026-09-11,TPEX,3522,御嵿,12.3,13.3,12.2,13.0,883665.0
2026-09-11,TPEX,3523,迎輝,14.6,14.75,13.15,13.15,32571.0
2026-09-11,TPEX,3526,凡甲,271.0,271.0,267.0,268.5,304528.0
2026-09-11,TPEX,3527,聚積,49.0,50.3,49.0,50.0,66433.0
2026-09-11,TPEX,3529,力旺,2690.0,2720.0,2550.0,2580.0,1174512.0
2026-09-11,TPEX,3531,先益,21.3,21.3,21.3,21.3,1000.0
2026-09-11,TPEX,3537,堡達,52.9,53.5,52.3,52.6,170171.0
2026-09-11,TPEX,3540,曜越,22.1,22.4,22.05,22.15,181115.0
2026-09-11,TPEX,3541,西柏,21.9,22.0,21.8,21.85,45671.0
2026-09-11,TPEX,3546,宇峻,73.9,73.9,72.4,72.8,116754.0
2026-09-11,TPEX,3548,兆利,80.1,81.5,79.1,79.4,239212.0
2026-09-11,TPEX,3551,世禾,174.0,174.0,169.5,169.5,480648.0
2026-09-11,TPEX,3552,同致,42.55,43.0,41.8,42.3,99672.0
2026-09-11,TPEX,3555,博士旺,183.0,186.0,182.0,182.0,35556.0
2026-09-11,TPEX,3556,禾瑞亞,55.5,55.9,55.3,55.7,205275.0
2026-09-11,TPEX,3558,神準,120.0,121.0,119.0,119.0,53898.0
2026-09-11,TPEX,3564,其陽,46.7,48.2,46.55,47.3,88229.0
2026-09-11,TPEX,3567,逸昌,25.25,25.4,25.25,25.3,16006.0
2026-09-11,TPEX,3570,大塚,168.0,168.0,165.0,166.5,78127.0
2026-09-11,TPEX,3577,泓格,110.0,113.5,108.5,111.5,290366.0
2026-09-11,TPEX,3580,友威科,83.8,84.5,83.0,83.2,181576.0
2026-09-11,TPEX,3581,博磊,99.4,100.5,96.9,98.0,283493.0
2026-09-11,TPEX,3587,閎康,239.5,240.5,236.0,236.0,494540.0
2026-09-11,TPEX,3594,磐儀,45.2,47.1,45.2,45.95,379347.0
2026-09-11,TPEX,3597,映興,26.75,26.75,26.2,26.25,10101.0
2026-09-11,TPEX,3609,三一東林,18.6,18.9,18.05,18.05,1789301.0
2026-09-11,TPEX,3611,鼎翰,181.0,182.0,180.5,182.0,44406.0
2026-09-11,TPEX,3615,安可,33.5,34.25,33.2,33.85,627284.0
2026-09-11,TPEX,3623,富晶通,27.1,27.35,26.3,27.15,994614.0
2026-09-11,TPEX,3624,光頡,108.0,124.5,107.0,124.5,64877031.0
2026-09-11,TPEX,3625,西勝,12.65,12.65,12.0,12.2,150304.0
2026-09-11,TPEX,3628,盈正,76.0,78.2,73.6,77.0,628632.0
2026-09-11,TPEX,3629,地心引力,19.95,19.95,19.95,19.95,1000.0
2026-09-11,TPEX,3630,新鉅科,26.0,26.45,26.0,26.1,329144.0
2026-09-11,TPEX,3631,晟楠,38.8,39.8,38.75,39.1,117310.0
2026-09-11,TPEX,3632,研勤,7.11,7.11,7.11,7.11,6431.0
2026-09-11,TPEX,3646,艾恩特,24.5,24.7,24.25,24.6,35848.0
2026-09-11,TPEX,3663,鑫科,60.2,60.2,58.9,58.9,289646.0
2026-09-11,TPEX,3664,安瑞-KY,7.05,7.05,7.05,7.05,1000.0
2026-09-11,TPEX,3666,光耀,24.75,25.0,24.7,25.0,41004.0
2026-09-11,TPEX,3672,康聯訊,12.15,12.15,12.15,12.15,1190.0
2026-09-11,TPEX,3675,德微,263.0,266.0,256.0,259.0,577292.0
2026-09-11,TPEX,3680,家登,518.0,524.0,508.0,510.0,1778753.0
2026-09-11,TPEX,3684,榮昌,54.0,54.3,54.0,54.0,54162.0
2026-09-11,TPEX,3685,元創精密,36.75,37.25,36.0,36.9,610058.0
2026-09-11,TPEX,3687,歐買尬,63.0,63.0,61.5,61.9,35425.0
2026-09-11,TPEX,3689,湧德,108.0,109.0,106.0,108.5,1166872.0
2026-09-11,TPEX,3691,碩禾,96.2,96.7,90.5,93.3,524671.0
2026-09-11,TPEX,3693,營邦,678.0,693.0,660.0,663.0,1339742.0
2026-09-11,TPEX,3707,漢磊,60.6,60.6,58.4,59.2,5250226.0
2026-09-11,TPEX,3709,鑫聯大投控,62.7,62.7,62.0,62.0,275001.0
2026-09-11,TPEX,3713,新晶投控,14.0,14.4,14.0,14.4,17001.0
2026-09-11,TPEX,3718,中光電投控,65.0,66.5,63.1,63.1,5438492.0
2026-09-11,TPEX,4102,永日,18.75,18.75,18.75,18.75,2007.0
2026-09-11,TPEX,4105,東洋,77.3,77.5,76.6,77.5,575925.0
2026-09-11,TPEX,4107,邦特,112.0,113.0,111.0,112.0,73818.0
2026-09-11,TPEX,4109,加捷生醫,10.9,11.05,10.9,11.0,96408.0
2026-09-11,TPEX,4111,濟生,28.7,28.8,28.65,28.8,9308.0
2026-09-11,TPEX,4113,聯上,15.95,15.95,15.25,15.7,64457.0
2026-09-11,TPEX,4114,健喬,29.75,29.75,29.45,29.5,689923.0
2026-09-11,TPEX,4116,明基醫,39.5,39.65,39.4,39.6,6100.0
2026-09-11,TPEX,4120,友華,47.1,47.1,47.1,47.1,2125.0
2026-09-11,TPEX,4121,優盛,12.8,12.8,12.7,12.7,20793.0
2026-09-11,TPEX,4123,晟德,30.35,30.5,30.0,30.25,1072904.0
2026-09-11,TPEX,4126,太醫,77.7,77.9,77.5,77.6,50041.0
2026-09-11,TPEX,4127,天良,61.8,64.6,61.7,62.8,114455.0
2026-09-11,TPEX,4128,中天,14.7,14.7,14.45,14.5,587452.0
2026-09-11,TPEX,4129,聯合,82.4,82.4,81.5,81.8,199005.0
2026-09-11,TPEX,4131,浩泰,32.2,32.2,30.5,31.9,10426.0
2026-09-11,TPEX,4138,曜亞,52.9,53.6,52.8,53.6,20418.0
2026-09-11,TPEX,4139,馬光-KY,41.0,41.5,40.9,41.0,25003.0
2026-09-11,TPEX,4147,中裕,61.0,61.3,59.6,59.8,837528.0
2026-09-11,TPEX,4153,鈺緯,32.75,32.75,31.4,31.4,10301.0
2026-09-11,TPEX,4154,樂威科-KY,,,,,0.0
2026-09-11,TPEX,4157,太景*-KY,8.85,8.92,8.63,8.68,1020547.0
2026-09-11,TPEX,4160,訊聯基因,39.0,39.45,38.75,39.15,16245.0
2026-09-11,TPEX,4161,聿新科,22.25,22.25,22.2,22.25,10000.0
2026-09-11,TPEX,4162,智擎,54.3,54.7,53.9,54.0,492446.0
2026-09-11,TPEX,4163,鐿鈦,127.5,128.5,126.0,128.5,52298.0
2026-09-11,TPEX,4166,友霖,23.9,23.95,23.65,23.95,70300.0
2026-09-11,TPEX,4167,松瑞藥,19.0,19.05,18.9,18.95,481912.0
2026-09-11,TPEX,4168,醣聯,21.7,22.3,21.7,21.8,92506.0
2026-09-11,TPEX,4171,瑞基,16.7,16.7,16.25,16.3,57792.0
2026-09-11,TPEX,4173,久裕,17.0,17.2,17.0,17.2,10512.0
2026-09-11,TPEX,4174,浩鼎,25.9,25.9,25.4,25.45,209627.0
2026-09-11,TPEX,4175,杏一,50.8,51.0,50.5,50.5,22264.0
2026-09-11,TPEX,4183,福永生技,13.35,13.5,13.35,13.5,3000.0
2026-09-11,TPEX,4188,安克,15.6,15.9,14.75,14.75,333087.0
2026-09-11,TPEX,4192,杏國,18.25,18.25,18.25,18.25,5001.0
2026-09-11,TPEX,4198,欣大健康,48.3,48.3,48.3,48.3,1060.0
2026-09-11,TPEX,4205,中華食,68.9,69.2,68.8,69.2,29737.0
2026-09-11,TPEX,4207,環泰,19.1,19.9,19.1,19.75,186198.0
2026-09-11,TPEX,4303,信立,36.45,37.3,36.15,36.85,933229.0
2026-09-11,TPEX,4304,勝昱,17.6,17.8,17.2,17.2,117975.0
2026-09-11,TPEX,4305,世坤,,,,,72.0
2026-09-11,TPEX,4401,東隆興,13.95,14.05,13.6,13.8,134032.0
2026-09-11,TPEX,4402,郡都開發,14.5,14.5,14.2,14.3,4058.0
2026-09-11,TPEX,4406,新昕纖,10.0,10.0,9.85,10.0,132000.0
2026-09-11,TPEX,4413,飛寶企業,19.2,19.4,18.75,19.4,80050.0
2026-09-11,TPEX,4416,三圓,11.3,11.3,11.0,11.0,776332.0
2026-09-11,TPEX,4417,金洲,50.1,50.4,49.2,49.6,801336.0
2026-09-11,TPEX,4419,皇家美食,,,,,0.0
2026-09-11,TPEX,4420,光明,39.2,39.25,38.55,39.2,26989.0
2026-09-11,TPEX,4430,耀億,17.2,17.5,17.1,17.5,57972.0
2026-09-11,TPEX,4432,銘旺實,15.75,15.75,15.35,15.4,26000.0
2026-09-11,TPEX,4433,興采,18.45,18.7,18.4,18.6,74803.0
2026-09-11,TPEX,4442,竣邦-KY,54.2,59.4,54.2,55.0,814231.0
2026-09-11,TPEX,4502,健信,15.75,15.8,15.5,15.75,101031.0
2026-09-11,TPEX,4503,金雨,22.9,23.15,22.8,22.8,121038.0
2026-09-11,TPEX,4506,崇友,120.5,121.0,119.5,120.0,66419.0
2026-09-11,TPEX,4510,高鋒,43.2,43.55,42.65,42.75,905588.0
2026-09-11,TPEX,4513,福裕,15.55,15.6,15.4,15.4,125711.0
2026-09-11,TPEX,4523,永彰,24.9,24.9,24.0,24.1,99758.0
2026-09-11,TPEX,4527,方土霖,40.6,41.0,40.6,41.0,29146.0
2026-09-11,TPEX,4528,江興鍛,15.0,15.0,14.9,14.9,8858.0
2026-09-11,TPEX,4529,淳紳,3.73,3.73,3.55,3.58,13000.0
2026-09-11,TPEX,4530,天意能創,25.05,25.85,25.05,25.85,13071.0
2026-09-11,TPEX,4533,協易機,24.85,24.85,24.5,24.5,424039.0
2026-09-11,TPEX,4534,慶騰,28.3,28.8,27.6,27.8,878467.0
2026-09-11,TPEX,4535,至興,27.5,27.5,27.35,27.5,23183.0
2026-09-11,TPEX,4538,大詠城,17.6,17.6,17.2,17.35,9418.0
2026-09-11,TPEX,4541,晟田,57.5,59.3,56.9,57.0,1443160.0
2026-09-11,TPEX,4542,科嶠,263.5,271.0,258.5,262.0,379990.0
2026-09-11,TPEX,4543,萬在,28.0,28.3,27.8,28.05,67129.0
2026-09-11,TPEX,4549,桓達,95.0,95.2,94.1,94.2,25957.0
2026-09-11,TPEX,4550,長佳,23.95,24.0,23.25,23.25,16131.0
2026-09-11,TPEX,4554,橙的,28.15,28.3,27.95,28.05,37847.0
2026-09-11,TPEX,4556,旭然,85.5,94.6,85.5,94.6,3015127.0
2026-09-11,TPEX,4558,寶緯,17.1,17.5,16.95,17.3,8200.0
2026-09-11,TPEX,4561,健椿,40.75,40.8,40.2,40.4,140490.0
2026-09-11,TPEX,4563,百德,43.7,45.4,43.7,44.5,137920.0
2026-09-11,TPEX,4568,科際精密,,,,,48.0
2026-09-11,TPEX,4577,達航科技,84.0,85.6,83.8,84.1,408505.0
2026-09-11,TPEX,4580,捷流閥業,81.1,81.2,80.4,81.2,62698.0
2026-09-11,TPEX,4584,君帆,38.05,38.05,37.8,37.8,4016.0
2026-09-11,TPEX,4609,唐鋒,4.28,4.28,4.24,4.24,2100.0
2026-09-11,TPEX,4702,中美實,9.27,9.27,9.16,9.23,119024.0
2026-09-11,TPEX,4706,大恭,35.0,35.85,35.0,35.75,19818.0
2026-09-11,TPEX,4707,磐亞,26.1,26.7,26.1,26.15,2066372.0
2026-09-11,TPEX,4711,永純,16.55,16.6,16.3,16.3,37853.0
2026-09-11,TPEX,4714,永捷,11.0,11.75,10.85,11.7,3147294.0
2026-09-11,TPEX,4716,大立,16.85,17.05,16.75,16.85,662586.0
2026-09-11,TPEX,4721,美琪瑪,72.5,72.9,71.6,72.1,275517.0
2026-09-11,TPEX,4726,永昕,23.35,23.35,22.45,22.9,244816.0
2026-09-11,TPEX,4728,雙美,,,,,5.0
2026-09-11,TPEX,4729,熒茂,18.25,18.5,18.2,18.25,38461.0
2026-09-11,TPEX,4735,豪展,35.8,36.55,35.8,36.55,31494.0
2026-09-11,TPEX,4741,泓瀚,37.75,37.85,36.7,37.35,114525.0
2026-09-11,TPEX,4743,合一,45.35,45.85,43.85,43.9,1635492.0
2026-09-11,TPEX,4744,皇將,26.6,26.7,26.4,26.7,18314.0
2026-09-11,TPEX,4745,合富-KY,11.75,11.75,11.5,11.7,21387.0
2026-09-11,TPEX,4747,強生*,24.8,25.1,24.4,24.8,109068.0
2026-09-11,TPEX,4749,新應材,750.0,750.0,720.0,721.0,1016737.0
2026-09-11,TPEX,4754,國碳科,37.4,37.55,37.15,37.35,36972.0
2026-09-11,TPEX,4760,勤凱,261.0,270.0,259.5,259.5,256343.0
2026-09-11,TPEX,4767,誠泰科技,27.7,28.3,27.5,27.9,40603.0
2026-09-11,TPEX,4768,晶呈科技,302.5,304.0,295.5,296.0,248702.0
2026-09-11,TPEX,4772,台特化,239.5,239.5,233.5,234.0,518554.0
2026-09-11,TPEX,4806,桂田文創,8.81,9.08,8.79,9.07,18049.0
2026-09-11,TPEX,4903,聯光通,33.75,34.5,33.15,33.4,1328015.0
2026-09-11,TPEX,4905,台聯電,85.7,85.7,79.2,79.3,49788.0
2026-09-11,TPEX,4907,富宇,43.9,44.15,43.3,43.4,77982.0
2026-09-11,TPEX,4908,前鼎,242.5,253.0,235.0,237.5,6738847.0
2026-09-11,TPEX,4909,新復興,34.8,34.9,34.0,34.0,283803.0
2026-09-11,TPEX,4911,德英,28.7,28.8,28.7,28.7,7498.0
2026-09-11,TPEX,4923,力士,54.0,54.0,51.5,51.7,393327.0
2026-09-11,TPEX,4924,欣厚-KY,12.6,13.45,12.45,12.5,292119.0
2026-09-11,TPEX,4931,新盛力,240.0,242.5,234.0,234.0,2651538.0
2026-09-11,TPEX,4933,友輝,50.9,51.7,50.9,51.1,68900.0
2026-09-11,TPEX,4939,亞電,80.1,86.5,80.1,82.4,23262246.0
2026-09-11,TPEX,4946,辣椒,94.6,94.6,92.9,92.9,13433.0
2026-09-11,TPEX,4950,金耘國際,15.75,15.85,15.75,15.75,13067.0
2026-09-11,TPEX,4951,精拓科,80.8,85.0,80.8,83.1,544265.0
2026-09-11,TPEX,4953,緯致,117.5,119.5,116.5,118.5,225012.0
2026-09-11,TPEX,4966,譜瑞-KY,536.0,536.0,528.0,528.0,340901.0
2026-09-11,TPEX,4971,IET-KY,589.0,590.0,550.0,550.0,1681815.0
2026-09-11,TPEX,4972,湯石照明,16.4,16.4,16.25,16.25,20858.0
2026-09-11,TPEX,4973,廣穎,141.0,141.0,136.5,138.5,1353295.0
2026-09-11,TPEX,4974,亞泰,72.4,72.4,71.2,71.8,130083.0
2026-09-11,TPEX,4979,華星光,545.0,558.0,525.0,531.0,1939398.0
2026-09-11,TPEX,4991,環宇-KY,455.0,478.0,448.5,448.5,4245212.0
2026-09-11,TPEX,4995,晶達,49.6,50.5,49.55,50.5,19671.0
2026-09-11,TPEX,5009,榮剛,32.55,32.6,32.25,32.35,1279948.0
2026-09-11,TPEX,5011,久陽,18.6,18.6,18.3,18.3,101305.0
2026-09-11,TPEX,5013,強新,30.3,30.3,29.8,29.8,41400.0
2026-09-11,TPEX,5014,建錩,9.95,9.95,9.86,9.88,300555.0
2026-09-11,TPEX,5015,華祺,21.85,21.85,21.85,21.85,1002.0
2026-09-11,TPEX,5016,松和,24.55,24.55,24.45,24.45,7100.0
2026-09-11,TPEX,5201,凱衛,29.95,30.15,29.5,29.95,159710.0
2026-09-11,TPEX,5202,力新,11.6,12.4,11.6,11.75,342839.0
2026-09-11,TPEX,5205,中茂,19.95,20.05,19.85,19.85,7161.0
2026-09-11,TPEX,5206,坤悅,22.55,22.7,22.45,22.45,116282.0
2026-09-11,TPEX,5209,新鼎,165.0,177.5,165.0,172.5,578169.0
2026-09-11,TPEX,5210,寶碩,29.5,29.5,28.4,28.45,337438.0
2026-09-11,TPEX,5211,蒙恬,19.8,20.15,19.8,19.95,46921.0
2026-09-11,TPEX,5212,凌網,46.85,47.0,46.5,47.0,30101.0
2026-09-11,TPEX,5213,亞昕,20.85,20.85,20.55,20.7,234615.0
2026-09-11,TPEX,5220,萬達光電,19.65,20.05,19.6,19.7,54111.0
2026-09-11,TPEX,5223,安力-KY,23.0,23.0,22.8,22.8,6001.0
2026-09-11,TPEX,5227,立凱-KY,29.35,29.65,29.2,29.5,174973.0
2026-09-11,TPEX,5228,鈺鎧,40.6,41.45,39.75,39.75,199100.0
2026-09-11,TPEX,5230,雷笛克光學,19.15,19.15,18.4,18.5,264129.0
2026-09-11,TPEX,5245,智晶,23.2,23.2,21.8,21.9,80110.0
2026-09-11,TPEX,5251,天鉞電,25.55,25.9,25.55,25.8,25040.0
2026-09-11,TPEX,5263,智崴,101.0,101.0,91.4,93.0,923597.0
2026-09-11,TPEX,5272,笙科,17.0,17.0,16.75,16.95,34148.0
2026-09-11,TPEX,5274,信驊,17805.0,18245.0,17730.0,17885.0,230213.0
2026-09-11,TPEX,5276,達輝-KY,,,,,0.0
2026-09-11,TPEX,5278,尚凡*,24.0,24.0,23.8,23.9,25821.0
2026-09-11,TPEX,5287,數字,135.0,135.0,134.0,135.0,55155.0
2026-09-11,TPEX,5289,宜鼎,1245.0,1310.0,1240.0,1295.0,1416919.0
2026-09-11,TPEX,5291,邑昇,59.7,60.1,58.6,59.5,476329.0
2026-09-11,TPEX,5299,杰力,92.4,92.9,91.7,91.8,106522.0
2026-09-11,TPEX,5301,寶得利,5.35,5.37,4.98,5.37,22100.0
2026-09-11,TPEX,5302,太欣,9.72,9.74,9.55,9.72,417351.0
2026-09-11,TPEX,5309,系統電,49.3,50.1,49.25,49.65,720053.0
2026-09-11,TPEX,5310,天剛,,,,,0.0
2026-09-11,TPEX,5312,寶島科,90.5,90.5,89.5,89.8,20719.0
2026-09-11,TPEX,5314,世紀*,42.15,42.15,42.15,42.15,22142400.0
2026-09-11,TPEX,5315,光聯,18.3,18.3,18.05,18.1,157160.0
2026-09-11,TPEX,5321,美而快,86.3,86.7,75.5,75.5,1591528.0
2026-09-11,TPEX,5324,士開,12.15,12.3,12.15,12.3,113802.0
2026-09-11,TPEX,5328,華容,57.8,61.0,56.5,56.5,6389664.0
2026-09-11,TPEX,5340,建榮,84.1,88.4,83.3,85.9,6502572.0
2026-09-11,TPEX,5344,立衛,13.3,13.5,13.3,13.5,10100.0
2026-09-11,TPEX,5345,馥鴻,22.65,22.75,22.0,22.05,23262.0
2026-09-11,TPEX,5347,世界,157.0,158.5,156.0,157.5,8954398.0
2026-09-11,TPEX,5348,正能量智能,16.45,16.45,16.45,16.45,1050.0
2026-09-11,TPEX,5351,鈺創,111.5,112.0,108.0,108.5,11095173.0
2026-09-11,TPEX,5353,台林,27.6,27.75,27.35,27.7,39186.0
2026-09-11,TPEX,5355,佳總,5.79,5.89,5.71,5.89,40563.0
2026-09-11,TPEX,5356,協益,25.95,26.0,25.85,25.9,17833.0
2026-09-11,TPEX,5364,力麗店,8.32,8.4,8.31,8.38,16249.0
2026-09-11,TPEX,5381,光譜,23.5,23.5,22.7,22.8,648152.0
2026-09-11,TPEX,5386,青雲,327.5,339.0,312.0,318.0,9197319.0
2026-09-11,TPEX,5392,能率,40.6,40.6,40.05,40.2,520196.0
2026-09-11,TPEX,5398,慕康生醫,14.2,14.35,14.2,14.25,76036.0
2026-09-11,TPEX,5403,中菲,92.7,93.1,92.6,92.8,28718.0
2026-09-11,TPEX,5410,國眾,32.1,33.35,32.1,32.5,1495770.0
2026-09-11,TPEX,5425,台半,87.4,88.3,86.1,86.1,5695572.0
2026-09-11,TPEX,5426,振發,27.9,28.15,27.6,27.6,342101.0
2026-09-11,TPEX,5432,新門,151.0,151.0,147.0,149.0,62959.0
2026-09-11,TPEX,5438,東友,16.65,16.7,16.3,16.6,27305.0
2026-09-11,TPEX,5439,高技,253.0,254.0,249.0,249.5,1562074.0
2026-09-11,TPEX,5443,均豪,106.5,107.5,104.0,105.5,1382510.0
2026-09-11,TPEX,5450,南良,14.55,14.6,14.2,14.4,98790.0
2026-09-11,TPEX,5452,佶優,26.6,26.6,26.05,26.05,335258.0
2026-09-11,TPEX,5455,昇益,,,,,0.0
2026-09-11,TPEX,5457,宣德,26.5,26.5,25.75,25.8,719393.0
2026-09-11,TPEX,5460,同協,17.3,17.3,16.8,17.15,92555.0
2026-09-11,TPEX,5464,霖宏,88.0,89.8,86.7,89.1,1134495.0
2026-09-11,TPEX,5465,富驊,24.8,24.8,24.1,24.2,120082.0
2026-09-11,TPEX,5468,凱鈺,26.85,26.9,25.8,26.3,261526.0
2026-09-11,TPEX,5474,聰泰,148.0,151.5,147.0,150.0,135730.0
2026-09-11,TPEX,5475,德宏,181.0,196.0,175.0,175.0,8291659.0
2026-09-11,TPEX,5478,智冠,97.1,97.2,96.7,96.9,30755.0
2026-09-11,TPEX,5481,新華,20.7,21.0,20.6,21.0,164560.0
2026-09-11,TPEX,5483,中美晶,175.0,177.0,171.5,176.0,7616692.0
2026-09-11,TPEX,5487,通泰,29.25,29.55,28.95,29.5,20000.0
2026-09-11,TPEX,5488,松普,11.6,11.8,11.5,11.7,193881.0
2026-09-11,TPEX,5489,彩富,40.7,41.55,40.5,40.5,25895.0
2026-09-11,TPEX,5490,同亨,25.55,25.65,25.35,25.35,382737.0
2026-09-11,TPEX,5493,三聯,85.4,85.4,83.0,83.1,80554.0
2026-09-11,TPEX,5498,凱崴,51.6,52.0,50.3,50.6,1243546.0
2026-09-11,TPEX,5508,永信建,53.4,53.4,52.8,52.9,112695.0
2026-09-11,TPEX,5511,德昌,69.1,70.0,69.1,69.3,105249.0
2026-09-11,TPEX,5512,力麒,7.73,7.77,7.7,7.74,293054.0
2026-09-11,TPEX,5514,三豐,14.6,15.2,14.55,15.15,11407.0
2026-09-11,TPEX,5516,雙喜,11.75,11.9,11.75,11.75,19000.0
2026-09-11,TPEX,5520,力泰,82.0,82.0,82.0,82.0,3200.0
2026-09-11,TPEX,5523,豐謙,30.35,30.35,30.35,30.35,2001.0
2026-09-11,TPEX,5529,鉅陞,24.4,24.45,23.7,23.8,93400.0
2026-09-11,TPEX,5530,龍巖,49.05,49.95,49.0,49.45,186366.0
2026-09-11,TPEX,5536,聖暉*,859.0,859.0,833.0,836.0,552005.0
2026-09-11,TPEX,5543,桓鼎-KY,27.95,29.0,27.7,28.65,26010.0
2026-09-11,TPEX,5547,久舜,20.0,20.0,19.75,19.95,42408.0
2026-09-11,TPEX,5548,安倉,20.25,20.25,20.25,20.25,1140.0
2026-09-11,TPEX,5601,台聯櫃,31.0,31.05,31.0,31.0,17000.0
2026-09-11,TPEX,5603,陸海,13.6,13.8,13.55,13.6,237686.0
2026-09-11,TPEX,5604,中連,31.2,31.2,31.0,31.05,7321.0
2026-09-11,TPEX,5609,中菲行,79.1,79.4,78.7,78.8,145731.0
2026-09-11,TPEX,5701,劍湖山,4.21,4.25,4.04,4.08,94744.0
2026-09-11,TPEX,5703,亞都,13.5,13.8,13.5,13.8,20000.0
2026-09-11,TPEX,5704,老爺知,23.2,23.2,22.8,22.8,20779.0
2026-09-11,TPEX,5864,致和證,35.0,35.2,34.4,34.9,4803573.0
2026-09-11,TPEX,5878,台名,38.05,38.1,38.05,38.1,7139.0
2026-09-11,TPEX,5902,德記,34.25,35.1,34.25,34.6,40680.0
2026-09-11,TPEX,5903,全家,184.5,185.0,184.0,184.0,9994.0
2026-09-11,TPEX,5904,寶雅*,71.0,72.6,70.9,72.3,5177361.0
2026-09-11,TPEX,5905,南仁湖,7.5,7.5,7.38,7.45,618726.0
2026-09-11,TPEX,6015,宏遠證,16.8,17.15,16.75,16.95,2043279.0
2026-09-11,TPEX,6016,康和證,22.35,22.55,22.0,22.25,3502684.0
2026-09-11,TPEX,6020,大展證,20.4,20.5,20.3,20.3,20553.0
2026-09-11,TPEX,6021,美好證,42.5,43.35,42.3,43.05,389354.0
2026-09-11,TPEX,6023,元大期,84.1,84.9,83.8,84.9,373330.0
2026-09-11,TPEX,6026,福邦證,15.15,15.2,15.0,15.1,828645.0
2026-09-11,TPEX,6028,公勝保經,94.2,95.8,94.1,95.7,9171.0
2026-09-11,TPEX,6101,寬魚國際,36.85,37.5,36.55,37.5,116213.0
2026-09-11,TPEX,6103,合邦,30.5,30.55,29.5,30.3,13708.0
2026-09-11,TPEX,6104,創惟,92.0,92.0,90.8,90.9,266738.0
2026-09-11,TPEX,6109,亞元,10.65,10.7,10.5,10.65,99705.0
2026-09-11,TPEX,6111,光聚晶電,36.0,36.0,34.35,34.55,299972.0
2026-09-11,TPEX,6113,亞矽,22.15,22.15,21.7,21.8,81131.0
2026-09-11,TPEX,6114,久威,23.75,23.75,23.2,23.3,33786.0
2026-09-11,TPEX,6118,建達,15.05,15.05,14.9,14.95,109047.0
2026-09-11,TPEX,6121,新普,377.0,381.5,371.5,380.5,632144.0
2026-09-11,TPEX,6122,擎邦,50.2,51.0,49.8,50.8,258020.0
2026-09-11,TPEX,6123,上奇,42.6,42.6,42.4,42.5,37866.0
2026-09-11,TPEX,6124,業強,26.4,26.65,25.65,26.65,19020.0
2026-09-11,TPEX,6125,廣運,49.1,49.2,48.4,48.5,757212.0
2026-09-11,TPEX,6126,信音,28.8,29.05,28.75,29.0,242742.0
2026-09-11,TPEX,6127,九豪,48.05,49.85,47.2,47.3,4037215.0
2026-09-11,TPEX,6130,上亞科技,24.75,24.75,23.8,23.9,89082.0
2026-09-11,TPEX,6134,萬旭,28.45,28.65,28.1,28.2,116682.0
2026-09-11,TPEX,6138,茂達,269.0,269.0,265.0,265.0,342304.0
2026-09-11,TPEX,6140,訊達,16.2,17.2,16.2,16.6,115330.0
2026-09-11,TPEX,6143,振曜,81.2,81.7,80.8,80.9,394816.0
2026-09-11,TPEX,6144,得利影,13.2,13.2,13.1,13.15,11005.0
2026-09-11,TPEX,6146,耕興,181.0,181.0,179.0,179.0,202621.0
2026-09-11,TPEX,6147,頎邦,186.5,188.5,180.0,181.0,25178624.0
2026-09-11,TPEX,6148,驊宏資,28.15,31.0,28.15,31.0,1774581.0
2026-09-11,TPEX,6150,撼訊,59.3,66.0,59.3,62.3,986034.0
2026-09-11,TPEX,6151,晉倫,34.35,34.75,34.25,34.4,78657.0
2026-09-11,TPEX,6154,順發,13.9,14.05,13.9,13.9,32336.0
2026-09-11,TPEX,6156,松上,19.75,20.9,19.75,20.45,1456678.0
2026-09-11,TPEX,6158,禾昌,17.2,17.2,16.85,17.1,15010.0
2026-09-11,TPEX,6160,欣技,15.0,15.0,14.3,14.5,38684.0
2026-09-11,TPEX,6161,捷波,48.0,48.7,47.6,47.6,176021.0
2026-09-11,TPEX,6163,華電網,38.85,39.55,38.6,38.6,705458.0
2026-09-11,TPEX,6167,久正,10.25,10.25,10.05,10.05,348268.0
2026-09-11,TPEX,6169,昱泉,12.15,12.15,12.0,12.0,17105.0
2026-09-11,TPEX,6170,統振,48.5,48.5,48.0,48.1,96229.0
2026-09-11,TPEX,6171,大城地產,25.95,26.2,25.6,25.95,53097.0
2026-09-11,TPEX,6173,信昌電,295.0,321.0,281.0,290.0,59856602.0
2026-09-11,TPEX,6174,安碁,41.9,42.0,40.25,40.25,334635.0
2026-09-11,TPEX,6175,立敦,69.5,71.4,69.5,69.5,508970.0
2026-09-11,TPEX,6179,亞通,38.2,38.55,34.9,35.75,22178857.0
2026-09-11,TPEX,6180,橘子,41.5,41.55,40.85,41.15,159807.0
2026-09-11,TPEX,6182,合晶,105.5,106.0,103.5,104.5,21669163.0
2026-09-11,TPEX,6185,幃翔,12.7,12.8,12.6,12.7,354249.0
2026-09-11,TPEX,6186,新潤,30.4,30.45,30.0,30.05,494055.0
2026-09-11,TPEX,6187,萬潤,1250.0,1275.0,1220.0,1250.0,1656814.0
2026-09-11,TPEX,6188,廣明,63.5,63.5,62.5,62.6,573847.0
2026-09-11,TPEX,6190,萬泰科,68.0,68.0,66.8,66.8,1060039.0
2026-09-11,TPEX,6194,育富,30.0,30.1,29.95,29.95,15001.0
2026-09-11,TPEX,6195,詩肯,,,,,1038.0
2026-09-11,TPEX,6198,瑞築,19.4,19.4,19.4,19.4,5011.0
2026-09-11,TPEX,6199,天品,97.3,98.8,89.8,98.4,3138820.0
2026-09-11,TPEX,6203,海韻電,60.0,60.0,59.5,59.9,66363.0
2026-09-11,TPEX,6204,艾華,87.2,89.8,87.2,88.8,158889.0
2026-09-11,TPEX,6207,雷科,110.0,116.0,109.0,112.0,4826337.0
2026-09-11,TPEX,6208,日揚,75.0,75.8,74.3,74.3,119470.0
2026-09-11,TPEX,6210,慶生,17.85,17.85,17.85,17.85,1910.0
2026-09-11,TPEX,6212,理銘,,,,,0.0
2026-09-11,TPEX,6217,中探針,166.5,174.0,165.0,165.0,2538063.0
2026-09-11,TPEX,6218,豪勉,44.65,46.0,43.9,44.9,1160063.0
2026-09-11,TPEX,6219,富旺,12.1,12.1,11.85,11.9,120811.0
2026-09-11,TPEX,6220,岳豐,25.3,25.6,25.3,25.55,118355.0
2026-09-11,TPEX,6221,晉泰,23.3,23.3,23.3,23.3,386864.0
2026-09-11,TPEX,6222,立軒,19.2,19.7,19.1,19.1,37982.0
2026-09-11,TPEX,6223,旺矽,5600.0,5755.0,5365.0,5620.0,738539.0
2026-09-11,TPEX,6227,茂綸,123.5,127.5,120.5,127.5,4195228.0
2026-09-11,TPEX,6228,全譜,,,,,0.0
2026-09-11,TPEX,6229,研通,22.6,23.35,22.6,23.35,54028.0
2026-09-11,TPEX,6231,系微,214.0,214.0,207.0,208.5,462356.0
2026-09-11,TPEX,6233,旺玖,20.15,20.2,20.0,20.05,71129.0
2026-09-11,TPEX,6234,高僑,34.25,34.5,33.4,33.45,405999.0
2026-09-11,TPEX,6236,中湛,,,,,0.0
2026-09-11,TPEX,6237,驊訊,33.35,33.55,33.15,33.15,98753.0
2026-09-11,TPEX,6240,松崗,22.55,23.2,22.55,22.8,15200.0
2026-09-11,TPEX,6241,鑫永洋,15.5,16.4,15.5,15.55,159597.0
2026-09-11,TPEX,6242,立康,34.0,34.0,34.0,34.0,1703.0
2026-09-11,TPEX,6244,茂迪,22.25,22.45,22.2,22.3,1077490.0
2026-09-11,TPEX,6245,立端,80.9,83.1,80.6,81.3,778449.0
2026-09-11,TPEX,6246,臺龍,12.55,12.75,12.55,12.75,12213.0
2026-09-11,TPEX,6248,沛波,16.95,16.95,16.65,16.8,141498.0
2026-09-11,TPEX,6259,百徽,28.6,28.7,28.3,28.3,150865.0
2026-09-11,TPEX,6261,久元,75.3,75.9,74.6,75.0,439221.0
2026-09-11,TPEX,6263,普萊德,155.5,155.5,152.5,153.5,107893.0
2026-09-11,TPEX,6264,富裔,5.99,6.03,5.91,6.02,40100.0
2026-09-11,TPEX,6265,方土昶,49.95,50.5,48.6,48.75,6764997.0
2026-09-11,TPEX,6266,泰詠,24.8,24.8,24.65,24.8,70043.0
2026-09-11,TPEX,6270,倍微,28.0,28.35,28.0,28.05,151836.0
2026-09-11,TPEX,6274,台燿,1355.0,1395.0,1335.0,1365.0,4608423.0
2026-09-11,TPEX,6275,元山,45.4,45.45,44.85,45.15,103095.0
2026-09-11,TPEX,6276,安鈦克,18.9,19.9,18.9,19.9,15039.0
2026-09-11,TPEX,6279,胡連,111.5,111.5,110.5,111.0,411213.0
2026-09-11,TPEX,6284,佳邦,77.0,78.4,75.5,75.5,1013970.0
2026-09-11,TPEX,6290,良維,267.0,268.0,255.0,258.0,5032984.0
2026-09-11,TPEX,6291,沛亨,486.5,492.5,471.5,478.0,1486750.0
2026-09-11,TPEX,6292,迅德,65.1,66.7,65.0,65.2,468059.0
2026-09-11,TPEX,6294,智基,28.0,28.1,28.0,28.1,16447.0
2026-09-11,TPEX,6411,晶焱,77.3,78.5,77.1,77.1,169103.0
2026-09-11,TPEX,6417,韋僑,103.5,104.5,103.0,103.0,38855.0
2026-09-11,TPEX,6418,詠昇,35.0,35.0,34.4,34.55,60054.0
2026-09-11,TPEX,6419,京晨科,156.0,158.5,151.0,151.5,397183.0
2026-09-11,TPEX,6423,億而得,81.6,82.3,80.0,81.5,35320.0
2026-09-11,TPEX,6425,易發,63.0,63.0,60.5,61.2,410440.0
2026-09-11,TPEX,6432,今展科,54.8,55.5,53.4,53.6,296852.0
2026-09-11,TPEX,6435,大中,235.0,236.5,232.0,233.5,270034.0
2026-09-11,TPEX,6441,廣錠,26.05,26.9,24.9,25.05,1781120.0
2026-09-11,TPEX,6461,益得,24.3,25.95,24.1,25.55,116792.0
2026-09-11,TPEX,6462,神盾,97.6,98.5,96.2,96.2,406391.0
2026-09-11,TPEX,6465,威潤,42.55,42.6,41.7,41.7,130416.0
2026-09-11,TPEX,6469,大樹,67.1,67.1,66.0,66.1,591720.0
2026-09-11,TPEX,6470,宇智,43.0,43.45,42.9,43.25,14077.0
2026-09-11,TPEX,6474,華豫寧,35.6,35.6,35.0,35.15,48467.0
2026-09-11,TPEX,6482,弘煜科,24.8,24.8,23.65,24.1,18901.0
2026-09-11,TPEX,6485,點序,59.8,60.0,58.5,59.7,133833.0
2026-09-11,TPEX,6486,互動,80.8,80.9,80.0,80.5,73137.0
2026-09-11,TPEX,6488,環球晶,887.0,912.0,882.0,902.0,4744408.0
2026-09-11,TPEX,6492,生華科,33.8,33.9,33.5,33.6,136212.0
2026-09-11,TPEX,6494,九齊,50.8,51.0,49.85,49.85,73061.0
2026-09-11,TPEX,6496,科懋,,,,,539.0
2026-09-11,TPEX,6498,久禾光,67.2,68.3,65.5,65.5,423617.0
2026-09-11,TPEX,6499,益安,72.0,72.0,69.5,70.1,197207.0
2026-09-11,TPEX,6506,雙邦,18.2,18.2,18.1,18.1,60075.0
2026-09-11,TPEX,6508,惠光,24.75,25.1,24.6,25.1,46232.0
2026-09-11,TPEX,6509,聚和,45.5,45.55,45.05,45.05,666261.0
2026-09-11,TPEX,6510,精測,3565.0,3685.0,3445.0,3480.0,1104852.0
2026-09-11,TPEX,6512,啟發電,20.35,20.35,20.3,20.35,12831.0
2026-09-11,TPEX,6516,勤崴國際,56.5,57.0,56.2,56.8,17212.0
2026-09-11,TPEX,6517,保勝光學,64.5,65.5,63.2,63.2,372611.0
2026-09-11,TPEX,6523,達爾膚,89.5,90.5,89.2,90.5,14929.0
2026-09-11,TPEX,6527,明達醫,75.2,77.3,75.0,75.8,29050.0
2026-09-11,TPEX,6530,創威,95.6,96.4,92.8,92.8,1056923.0
2026-09-11,TPEX,6532,瑞耘,95.8,95.8,90.7,93.2,840135.0
2026-09-11,TPEX,6535,順藥,77.1,78.1,75.4,75.4,236563.0
2026-09-11,TPEX,6538,倉和,337.5,370.0,337.5,368.0,982420.0
2026-09-11,TPEX,6542,隆中,42.85,42.85,42.85,42.85,1000.0
2026-09-11,TPEX,6546,正基,59.0,59.9,58.9,59.1,132869.0
2026-09-11,TPEX,6547,高端疫苗,61.6,62.4,58.7,58.8,7692417.0
2026-09-11,TPEX,6548,長科*,69.5,71.4,68.5,70.0,1243156.0
2026-09-11,TPEX,6556,勝品,61.1,61.5,59.5,61.5,23100.0
2026-09-11,TPEX,6560,欣普羅,30.3,30.3,30.2,30.3,11083.0
2026-09-11,TPEX,6561,是方,317.0,317.5,314.0,315.0,76934.0
2026-09-11,TPEX,6568,宏觀,132.0,138.5,130.5,132.5,114838.0
2026-09-11,TPEX,6569,醫揚,89.2,90.3,89.2,90.3,28236.0
2026-09-11,TPEX,6570,維田,47.0,48.0,47.0,47.6,62200.0
2026-09-11,TPEX,6574,霈方,117.5,120.5,117.5,120.0,27461.0
2026-09-11,TPEX,6576,逸達,80.2,81.5,78.9,80.8,162353.0
2026-09-11,TPEX,6577,勁豐,78.2,78.7,78.2,78.7,4208.0
2026-09-11,TPEX,6578,達邦蛋白,17.6,17.6,17.3,17.55,22702.0
2026-09-11,TPEX,6584,南俊國際,550.0,569.0,536.0,567.0,507436.0
2026-09-11,TPEX,6588,東典光電,111.0,112.0,107.0,107.5,1089948.0
2026-09-11,TPEX,6590,普鴻,59.3,59.3,59.0,59.1,15759.0
2026-09-11,TPEX,6593,台灣銘板,31.8,31.8,31.65,31.75,9088.0
2026-09-11,TPEX,6596,寬宏藝術,94.2,95.5,94.0,94.0,153999.0
2026-09-11,TPEX,6597,立誠,,,,,2.0
2026-09-11,TPEX,6603,富強鑫,24.1,24.6,24.1,24.35,619014.0
2026-09-11,TPEX,6609,瀧澤科,39.6,39.6,39.05,39.1,67841.0
2026-09-11,TPEX,6612,奈米醫材,72.4,74.8,71.7,72.1,85474.0
2026-09-11,TPEX,6613,朋億*,263.0,265.0,258.0,260.0,181285.0
2026-09-11,TPEX,6615,慧智,,,,,499.0
2026-09-11,TPEX,6616,特昇-KY,8.48,8.48,8.2,8.4,6000.0
2026-09-11,TPEX,6617,共信-KY,130.0,132.0,128.5,130.0,452008.0
2026-09-11,TPEX,6620,漢達,123.5,126.5,123.5,124.0,1353932.0
2026-09-11,TPEX,6624,萬年清,39.85,39.85,38.15,39.35,10035.0
2026-09-11,TPEX,6629,泰金-KY,103.0,103.0,101.5,103.0,5081.0
2026-09-11,TPEX,6637,醫影,54.0,54.0,53.8,53.8,13150.0
2026-09-11,TPEX,6640,均華,1195.0,1195.0,1125.0,1170.0,394096.0
2026-09-11,TPEX,6642,富致,76.9,78.5,76.1,76.6,134737.0
2026-09-11,TPEX,6643,M31,419.0,419.0,406.0,406.0,405630.0
2026-09-11,TPEX,6649,台生材,35.6,36.35,35.4,35.75,63061.0
2026-09-11,TPEX,6651,全宇昕,138.0,138.5,135.5,136.5,146019.0
2026-09-11,TPEX,6654,天正國際,207.0,207.0,199.0,201.0,29723.0
2026-09-11,TPEX,6661,威健生技,16.3,16.5,16.15,16.15,5000.0
2026-09-11,TPEX,6662,樂斯科,28.5,28.5,28.5,28.5,1140.0
2026-09-11,TPEX,6664,群翊,342.5,342.5,334.0,336.0,343661.0
2026-09-11,TPEX,6667,信紘科,262.5,264.5,246.5,247.0,734101.0
2026-09-11,TPEX,6679,鈺太,196.0,198.0,191.5,194.5,190111.0
2026-09-11,TPEX,6680,鑫創電子,53.5,53.5,51.7,53.5,7513.0
2026-09-11,TPEX,6683,雍智科技,1265.0,1310.0,1255.0,1290.0,544450.0
2026-09-11,TPEX,6684,安格,44.55,45.4,44.45,44.65,36652.0
2026-09-11,TPEX,6690,安碁資訊,165.5,174.0,165.5,171.0,484958.0
2026-09-11,TPEX,6692,進能服,23.75,24.0,23.75,23.95,4030.0
2026-09-11,TPEX,6693,廣閎科,173.5,177.0,169.0,169.0,1005763.0
2026-09-11,TPEX,6697,東捷資訊,40.0,40.8,40.0,40.55,8640.0
2026-09-11,TPEX,6703,軒郁,99.9,100.5,99.9,100.0,18194.0
2026-09-11,TPEX,6708,天擎,37.8,37.8,37.1,37.1,10072.0
2026-09-11,TPEX,6712,長聖,156.5,156.5,154.0,154.0,183508.0
2026-09-11,TPEX,6716,應廣,115.0,117.5,114.0,115.0,395930.0
2026-09-11,TPEX,6720,久昌,,,,,1.0
2026-09-11,TPEX,6721,信實,50.1,50.3,49.7,49.7,48444.0
2026-09-11,TPEX,6725,矽科宏晟,218.0,222.0,210.5,213.0,172737.0
2026-09-11,TPEX,6727,亞泰金屬,505.0,524.0,499.0,507.0,978687.0
2026-09-11,TPEX,6728,上洋,106.5,107.5,106.5,107.5,7718.0
2026-09-11,TPEX,6730,常廣,32.0,32.0,31.5,31.5,7038.0
2026-09-11,TPEX,6732,昇佳電子,145.5,145.5,144.0,144.5,89702.0
2026-09-11,TPEX,6733,博晟生醫,25.45,25.45,25.05,25.15,79420.0
2026-09-11,TPEX,6735,美達科技,61.0,61.0,59.9,60.6,47127.0
2026-09-11,TPEX,6739,竹陞科技,1320.0,1370.0,1225.0,1270.0,1795448.0
2026-09-11,TPEX,6741,91APP*-KY,59.0,59.6,58.2,58.4,265604.0
2026-09-11,TPEX,6751,智聯服務,41.0,41.0,41.0,41.0,6025.0
2026-09-11,TPEX,6752,叡揚,95.0,96.0,95.0,95.0,9550.0
2026-09-11,TPEX,6761,穩得,163.0,169.0,162.0,162.0,299387.0
2026-09-11,TPEX,6762,達亞,160.0,162.0,160.0,161.0,5769.0
2026-09-11,TPEX,6763,綠界科技*,41.0,41.0,40.5,40.55,164962.0
2026-09-11,TPEX,6767,台微醫,24.65,24.65,24.65,24.65,1100.0
2026-09-11,TPEX,6785,昱展新藥,96.7,96.7,93.1,94.0,32760.0
2026-09-11,TPEX,6788,華景電,330.0,331.0,325.5,326.5,228856.0
2026-09-11,TPEX,6791,虎門科技,98.2,98.5,97.5,98.5,19051.0
2026-09-11,TPEX,6803,崑鼎,269.0,270.5,269.0,270.0,65715.0
2026-09-11,TPEX,6804,明係,18.25,18.75,17.8,17.8,119408.0
2026-09-11,TPEX,6811,宏碁資訊,219.5,227.5,219.5,225.5,190941.0
2026-09-11,TPEX,6821,聯寶,39.6,40.15,39.5,39.6,55204.0
2026-09-11,TPEX,6823,濾能,55.2,59.9,55.2,59.5,46150.0
2026-09-11,TPEX,6829,千附精密,231.5,235.5,228.0,228.0,1130867.0
2026-09-11,TPEX,6840,東研信超,89.0,91.6,89.0,89.0,271509.0
2026-09-11,TPEX,6841,長佳智能,52.6,52.6,51.7,51.8,298364.0
2026-09-11,TPEX,6843,進典,38.45,38.45,38.45,38.45,2070.0
2026-09-11,TPEX,6844,諾貝兒,59.5,59.6,59.3,59.6,16146.0
2026-09-11,TPEX,6846,綠茵,57.0,57.6,55.6,57.0,11202.0
2026-09-11,TPEX,6855,數泓科,113.0,115.0,113.0,115.0,5000.0
2026-09-11,TPEX,6856,鑫傳,41.1,41.1,41.0,41.0,3005.0
2026-09-11,TPEX,6859,伯特光,115.5,117.5,115.5,117.0,39417.0
2026-09-11,TPEX,6865,偉康科技,25.9,25.9,25.2,25.2,8362.0
2026-09-11,TPEX,6870,騰雲,291.0,311.5,287.0,306.5,222352.0
2026-09-11,TPEX,6872,浩宇生醫,25.7,25.7,24.5,24.85,582532.0
2026-09-11,TPEX,6874,倍力,68.4,68.4,67.5,67.9,12293.0
2026-09-11,TPEX,6875,國邑*,31.85,32.0,31.0,32.0,222572.0
2026-09-11,TPEX,6877,鏵友益,112.0,114.0,112.0,112.0,23486.0
2026-09-11,TPEX,6881,潤德,213.0,215.5,212.0,215.5,6069.0
2026-09-11,TPEX,6884,海柏特,30.9,31.0,30.7,31.0,4001.0
2026-09-11,TPEX,6894,衛司特,352.5,360.0,350.0,356.0,61515.0
2026-09-11,TPEX,6895,宏碩系統,157.0,157.0,151.0,153.0,13383.0
2026-09-11,TPEX,6899,創為精密,49.45,49.5,49.0,49.5,10381.0
2026-09-11,TPEX,6903,巨漢,295.0,302.0,292.5,296.5,207851.0
2026-09-11,TPEX,6904,伯鑫,125.0,125.0,120.0,120.0,6000.0
2026-09-11,TPEX,6907,雅特力-KY,187.0,190.0,180.0,180.0,1733646.0
2026-09-11,TPEX,6910,德鴻,25.0,25.3,24.7,24.7,25083.0
2026-09-11,TPEX,6913,鴻呈,127.0,130.5,127.0,128.5,369851.0
2026-09-11,TPEX,6922,宸曜,187.0,189.0,185.0,186.0,72363.0
2026-09-11,TPEX,6925,意藍,50.1,50.3,49.5,50.2,33320.0
2026-09-11,TPEX,6929,佑全,21.75,21.75,21.75,21.75,1032.0
2026-09-11,TPEX,6945,圓祥生技,99.5,99.5,96.5,98.5,179695.0
2026-09-11,TPEX,6953,家碩,237.0,237.0,229.0,229.5,56628.0
2026-09-11,TPEX,6961,旅天下,49.5,49.5,49.4,49.4,12284.0
2026-09-11,TPEX,6967,汎瑋材料,64.2,66.3,63.3,64.5,239396.0
2026-09-11,TPEX,6968,萬達寵物,41.7,41.7,41.45,41.7,61640.0
2026-09-11,TPEX,6971,惠民實業,24.8,25.1,24.55,24.9,43259.0
2026-09-11,TPEX,6982,大井泵浦,45.0,45.0,44.15,44.15,30644.0
2026-09-11,TPEX,6983,華洋精機,350.0,350.0,344.5,345.5,15895.0
2026-09-11,TPEX,6986,和迅,40.35,40.6,40.1,40.45,59018.0
2026-09-11,TPEX,6996,力領科技,167.0,167.0,164.0,165.0,59660.0
2026-09-11,TPEX,6997,博弘,,,,,0.0
2026-09-11,TPEX,7402,邑錡,101.5,106.0,100.0,100.5,750273.0
2026-09-11,TPEX,7547,碩網,47.85,48.5,47.85,48.5,3000.0
2026-09-11,TPEX,7556,意德士,242.0,244.0,240.0,243.0,25355.0
2026-09-11,TPEX,7584,樂意,26.8,28.8,26.7,26.75,71168.0
2026-09-11,TPEX,7642,昶瑞機電,74.5,75.6,72.1,73.8,40097.0
2026-09-11,TPEX,7703,銳澤,205.5,205.5,196.0,200.0,71722.0
2026-09-11,TPEX,7704,明遠精密,61.1,62.9,60.2,60.5,55918.0
2026-09-11,TPEX,7708,全家餐飲,92.5,93.0,91.9,91.9,25050.0
2026-09-11,TPEX,7709,榮田,85.9,86.9,81.5,84.0,225282.0
2026-09-11,TPEX,7712,博盛半導體,148.0,150.0,145.0,145.0,199044.0
2026-09-11,TPEX,7713,威力德生醫,75.0,75.0,75.0,75.0,2282.0
2026-09-11,TPEX,7714,創泓科技,154.5,173.5,154.5,173.5,656256.0
2026-09-11,TPEX,7715,裕山,28.3,28.3,27.25,27.7,61150.0
2026-09-11,TPEX,7716,昱臺國際,23.1,23.85,23.1,23.4,4000.0
2026-09-11,TPEX,7717,萊德光電-KY,470.0,528.0,463.0,517.0,1333597.0
2026-09-11,TPEX,7718,友鋮,46.25,46.25,46.2,46.2,35000.0
2026-09-11,TPEX,7723,築間,19.75,20.0,19.25,19.4,42593.0
2026-09-11,TPEX,7728,光焱科技,608.0,618.0,604.0,616.0,24782.0
2026-09-11,TPEX,7734,印能科技,2620.0,2660.0,2535.0,2580.0,517643.0
2026-09-11,TPEX,7738,東聯互動,164.5,168.0,163.0,164.5,32185.0
2026-09-11,TPEX,7743,金利食安,22.8,22.8,21.8,22.45,31091.0
2026-09-11,TPEX,7744,崴寶,509.0,509.0,486.0,497.0,122689.0
2026-09-11,TPEX,7747,昕奇雲端,112.0,112.5,112.0,112.5,2067.0
2026-09-11,TPEX,7751,竑騰,1430.0,1485.0,1420.0,1425.0,198970.0
2026-09-11,TPEX,7753,星亞,36.0,36.35,35.85,36.2,15168.0
2026-09-11,TPEX,7757,金色三麥,88.2,90.7,88.0,88.7,23505.0
2026-09-11,TPEX,7767,仁大資訊,45.15,45.95,45.15,45.65,53150.0
2026-09-11,TPEX,7770,君曜,37.5,37.5,36.0,36.05,8005.0
2026-09-11,TPEX,7772,耀穎,115.0,132.0,115.0,132.0,198822.0
2026-09-11,TPEX,7777,能率亞洲,36.1,37.35,36.1,36.8,902990.0
2026-09-11,TPEX,7782,光速火箭,25.6,25.65,25.5,25.65,5000.0
2026-09-11,TPEX,7792,安葆,316.5,320.0,305.5,305.5,326628.0
2026-09-11,TPEX,7794,宏碁智新,32.0,32.0,31.5,31.7,36453.0
2026-09-11,TPEX,7805,威聯通,501.0,501.0,495.0,495.0,65621.0
2026-09-11,TPEX,7810,捷創科技,213.5,221.5,213.5,219.5,135186.0
2026-09-11,TPEX,7811,民盛,73.0,73.2,73.0,73.2,7000.0
2026-09-11,TPEX,7814,海昌生技,29.0,29.0,28.4,29.0,33007.0
2026-09-11,TPEX,7819,精誠金融,34.05,34.45,34.05,34.45,12140.0
2026-09-11,TPEX,7820,立盈,112.0,113.5,108.0,110.0,34803.0
2026-09-11,TPEX,7825,和亞智慧,101.0,117.5,98.2,107.5,1720389.0
2026-09-11,TPEX,7828,創新服務,2010.0,2070.0,1955.0,1975.0,271622.0
2026-09-11,TPEX,7839,達人網,43.7,44.2,42.15,42.15,13000.0
2026-09-11,TPEX,7842,天能綠電,99.8,109.0,99.1,100.0,64792.0
2026-09-11,TPEX,8024,佑華,13.1,13.1,12.0,12.8,56594.0
2026-09-11,TPEX,8027,鈦昇,170.5,173.5,167.5,167.5,1557025.0
2026-09-11,TPEX,8032,光菱,34.85,34.9,34.5,34.65,23045.0
2026-09-11,TPEX,8034,榮群,19.9,20.0,19.65,19.75,53274.0
2026-09-11,TPEX,8038,長園科,30.0,30.05,29.4,29.8,235942.0
2026-09-11,TPEX,8040,九暘,77.8,79.3,76.6,77.2,1168486.0
2026-09-11,TPEX,8042,金山電,116.0,121.5,112.5,113.0,11191644.0
2026-09-11,TPEX,8043,蜜望實,137.0,141.0,135.5,136.0,1973437.0
2026-09-11,TPEX,8044,網家,23.25,23.35,23.0,23.1,284494.0
2026-09-11,TPEX,8047,星雲,45.0,49.75,44.95,47.4,20152.0
2026-09-11,TPEX,8048,德勝,48.15,48.6,47.1,47.5,270498.0
2026-09-11,TPEX,8049,晶采,24.45,24.5,24.35,24.45,79804.0
2026-09-11,TPEX,8050,廣積,55.8,57.1,55.7,56.1,1385808.0
2026-09-11,TPEX,8054,安國,81.9,82.0,79.5,80.0,689875.0
2026-09-11,TPEX,8064,東捷,124.5,127.5,114.5,115.0,11374137.0
2026-09-11,TPEX,8066,來思達,14.45,14.45,14.4,14.4,7420.0
2026-09-11,TPEX,8067,志旭,12.2,12.25,12.2,12.25,5000.0
2026-09-11,TPEX,8068,全達,16.4,16.4,16.05,16.2,69796.0
2026-09-11,TPEX,8069,元太,145.0,148.0,144.0,146.0,3528041.0
2026-09-11,TPEX,8071,能率網通,22.0,22.15,21.8,21.85,196711.0
2026-09-11,TPEX,8074,鉅橡,50.2,50.9,49.85,50.0,314925.0
2026-09-11,TPEX,8076,伍豐,22.05,22.05,21.7,21.75,491303.0
2026-09-11,TPEX,8077,洛碁,42.1,42.1,42.1,42.1,10000.0
2026-09-11,TPEX,8080,泰霖,29.25,29.5,29.0,29.5,7117.0
2026-09-11,TPEX,8083,瑞穎,158.0,158.0,156.5,157.5,36860.0
2026-09-11,TPEX,8084,巨虹,45.35,45.35,43.0,43.4,396866.0
2026-09-11,TPEX,8085,福華,14.6,14.9,14.45,14.45,235622.0
2026-09-11,TPEX,8086,宏捷科,106.5,107.5,105.0,106.0,2386341.0
2026-09-11,TPEX,8087,麗升能源,26.25,26.6,24.2,24.2,99821.0
2026-09-11,TPEX,8088,品安,42.8,42.8,41.9,42.0,374099.0
2026-09-11,TPEX,8089,康全電訊,18.0,18.2,17.85,18.0,65243.0
2026-09-11,TPEX,8091,翔名,206.5,208.0,203.0,207.0,448525.0
2026-09-11,TPEX,8092,建暐,12.8,12.8,12.8,12.8,1006.0
2026-09-11,TPEX,8093,保銳,26.45,26.45,25.0,25.5,37502.0
2026-09-11,TPEX,8096,擎亞,90.2,92.6,89.2,90.7,3667416.0
2026-09-11,TPEX,8097,常珵,48.45,48.65,48.1,48.4,100001.0
2026-09-11,TPEX,8099,大世科,59.5,61.1,59.3,59.3,195350.0
2026-09-11,TPEX,8102,傑霖科技,63.0,63.0,63.0,63.0,6126.0
2026-09-11,TPEX,8107,大億金茂,12.25,12.35,12.2,12.35,26120.0
2026-09-11,TPEX,8109,博大,126.5,128.5,125.0,127.0,153351.0
2026-09-11,TPEX,8111,立碁,69.6,72.5,68.9,71.7,5954148.0
2026-09-11,TPEX,8121,越峰,27.45,27.45,26.45,26.45,706261.0
2026-09-11,TPEX,8147,正淩,130.5,132.0,129.5,130.0,156746.0
2026-09-11,TPEX,8155,博智,333.0,334.5,325.5,325.5,609659.0
2026-09-11,TPEX,8171,天宇,19.95,20.1,19.75,19.85,175762.0
2026-09-11,TPEX,8176,智捷,9.78,9.92,9.64,9.92,49542.0
2026-09-11,TPEX,8182,加高,38.3,38.3,37.1,37.1,419000.0
2026-09-11,TPEX,8183,精星,29.0,29.3,28.65,28.65,435565.0
2026-09-11,TPEX,8227,巨有科技,235.0,239.0,229.5,239.0,5748311.0
2026-09-11,TPEX,8234,新漢,62.7,64.3,62.7,63.5,272837.0
2026-09-11,TPEX,8240,華宏,51.6,51.8,50.3,50.5,507189.0
2026-09-11,TPEX,8255,朋程,135.5,135.5,132.5,133.5,329328.0
2026-09-11,TPEX,8272,全景軟體,63.8,63.8,61.0,62.1,9237.0
2026-09-11,TPEX,8279,生展,78.0,79.2,78.0,78.7,7788.0
2026-09-11,TPEX,8284,三竹,67.6,69.5,67.2,68.6,85425.0
2026-09-11,TPEX,8289,泰藝,42.75,42.75,40.9,41.05,267977.0
2026-09-11,TPEX,8291,尚茂,29.75,30.1,29.75,30.0,10862.0
2026-09-11,TPEX,8299,群聯,2000.0,2000.0,1920.0,1990.0,4993107.0
2026-09-11,TPEX,8342,益張,,,,,103.0
2026-09-11,TPEX,8349,恒耀,38.1,38.4,37.9,38.4,122527.0
2026-09-11,TPEX,8354,冠好,17.15,17.25,16.9,17.25,57430.0
2026-09-11,TPEX,8358,金居,497.5,505.0,480.5,485.0,14698235.0
2026-09-11,TPEX,8383,千附,65.4,65.4,64.2,64.6,1059860.0
2026-09-11,TPEX,8390,金益鼎,90.7,92.0,90.5,91.2,376461.0
2026-09-11,TPEX,8401,白紗科,22.65,22.75,22.55,22.65,87376.0
2026-09-11,TPEX,8403,盛弘,18.85,18.9,18.75,18.9,78482.0
2026-09-11,TPEX,8409,商之器,18.1,18.1,18.1,18.1,2003.0
2026-09-11,TPEX,8410,森田,29.75,29.75,29.75,29.75,1340.0
2026-09-11,TPEX,8415,大國鋼,35.95,36.15,35.55,35.55,639306.0
2026-09-11,TPEX,8416,實威,170.0,170.0,170.0,170.0,1604.0
2026-09-11,TPEX,8421,旭源,12.4,12.5,12.35,12.5,107647.0
2026-09-11,TPEX,8423,保綠-KY,18.65,18.65,18.3,18.35,46077.0
2026-09-11,TPEX,8424,惠普,68.6,69.0,68.6,68.8,16276.0
2026-09-11,TPEX,8426,紅木-KY,20.45,20.6,19.85,20.55,55105.0
2026-09-11,TPEX,8431,匯鑽科,59.4,59.4,56.9,56.9,910419.0
2026-09-11,TPEX,8432,東生華,49.9,50.4,49.7,50.0,23151.0
2026-09-11,TPEX,8433,弘帆,53.5,53.5,52.2,53.3,15265.0
2026-09-11,TPEX,8435,鉅邁,52.9,53.2,52.9,53.2,4302.0
2026-09-11,TPEX,8436,大江,107.0,108.0,106.0,106.5,538878.0
2026-09-11,TPEX,8437,大地-KY,9.13,9.13,8.89,9.08,25309.0
2026-09-11,TPEX,8440,綠電,19.55,19.85,19.55,19.85,21601.0
2026-09-11,TPEX,8444,綠河-KY,4.5,4.5,4.5,4.5,1000.0
2026-09-11,TPEX,8446,華研,86.1,86.1,85.0,86.0,47714.0
2026-09-11,TPEX,8450,霹靂,14.1,14.45,14.0,14.45,133819.0
2026-09-11,TPEX,8455,大拓-KY,23.15,23.2,22.9,22.9,4050.0
2026-09-11,TPEX,8472,夠麻吉,76.0,81.8,74.0,80.0,37306.0
2026-09-11,TPEX,8477,創業家,15.05,15.3,15.05,15.3,19008.0
2026-09-11,TPEX,8489,三貝德,21.95,21.95,21.7,21.9,10901.0
2026-09-11,TPEX,8905,裕國,,,,,622.0
2026-09-11,TPEX,8906,花王,27.5,28.3,27.5,28.3,2368.0
2026-09-11,TPEX,8908,欣雄,40.5,41.0,40.0,40.0,20534.0
2026-09-11,TPEX,8916,光隆,41.0,41.4,40.95,41.0,13380.0
2026-09-11,TPEX,8917,欣泰,53.5,53.5,53.5,53.5,4000.0
2026-09-11,TPEX,8921,沈氏,15.8,16.3,15.8,16.3,3000.0
2026-09-11,TPEX,8923,時報,18.1,18.4,18.1,18.2,39003.0
2026-09-11,TPEX,8924,大田,50.2,50.8,50.0,50.1,65515.0
2026-09-11,TPEX,8927,北基,18.95,19.2,18.85,18.85,149879.0
2026-09-11,TPEX,8928,鉅明,23.1,23.25,22.9,22.9,31404.0
2026-09-11,TPEX,8929,富堡,12.95,12.95,12.95,12.95,5278.0
2026-09-11,TPEX,8930,青鋼,29.0,29.05,28.7,29.05,21079.0
2026-09-11,TPEX,8931,大汽電,41.05,41.45,40.55,41.25,90420.0
2026-09-11,TPEX,8932,智通*,91.0,91.7,90.1,90.6,1735712.0
2026-09-11,TPEX,8933,愛地雅,4.56,4.56,4.38,4.45,214320.0
2026-09-11,TPEX,8935,邦泰,17.95,17.95,17.65,17.85,92803.0
2026-09-11,TPEX,8936,國統,51.0,51.0,50.6,50.7,545826.0
2026-09-11,TPEX,8937,合騏*,29.2,30.85,29.2,29.5,126719.0
2026-09-11,TPEX,8938,明安,51.2,51.6,51.0,51.5,75297.0
2026-09-11,TPEX,8941,關中,,,,,483.0
2026-09-11,TPEX,8942,森鉅,41.55,41.7,41.5,41.7,65070.0
2026-09-11,TPEX,9949,琉園,23.95,24.05,23.9,24.05,7646.0
2026-09-11,TPEX,9950,萬國通,10.3,10.4,10.3,10.3,60180.0
2026-09-11,TPEX,9951,皇田,49.1,49.3,48.8,49.0,49382.0
2026-09-11,TPEX,9960,邁達康,31.5,34.1,31.3,31.3,67859.0
2026-09-11,TPEX,9962,有益,9.97,10.0,9.92,9.98,65024.0
