date,market,stock_id,name,open,high,low,close,volume
2026-09-15,TWSE,1101,台泥,24.4,24.4,23.9,23.9,35778533.0
2026-09-15,TWSE,1102,亞泥,35.3,35.3,34.85,35.0,5772878.0
2026-09-15,TWSE,1103,嘉泥,13.0,13.15,13.0,13.05,213653.0
2026-09-15,TWSE,1104,環泥,27.0,27.1,26.75,26.85,500283.0
2026-09-15,TWSE,1108,幸福,11.1,11.1,11.0,11.1,247541.0
2026-09-15,TWSE,1109,信大,13.4,13.45,13.35,13.4,68702.0
2026-09-15,TWSE,1110,東泥,15.65,15.85,15.55,15.55,147000.0
2026-09-15,TWSE,1201,味全,12.05,12.05,11.95,12.0,347797.0
2026-09-15,TWSE,1203,味王,43.0,43.7,42.5,43.2,25749.0
2026-09-15,TWSE,1210,大成,52.0,52.3,51.7,51.8,1310319.0
2026-09-15,TWSE,1213,大飲,,,,,
2026-09-15,TWSE,1215,卜蜂,110.0,110.0,107.5,107.5,1119388.0
2026-09-15,TWSE,1216,統一,74.6,75.3,74.6,74.6,9395978.0
2026-09-15,TWSE,1217,愛之味,9.97,9.98,9.93,9.96,232673.0
2026-09-15,TWSE,1218,泰山,14.25,14.35,14.2,14.3,880932.0
2026-09-15,TWSE,1219,福壽,11.4,11.45,11.25,11.25,284968.0
2026-09-15,TWSE,1220,台榮,10.8,10.8,10.7,10.75,90889.0
2026-09-15,TWSE,1225,福懋油,24.3,25.05,24.1,24.95,122021.0
2026-09-15,TWSE,1227,佳格,28.3,28.35,28.2,28.3,471785.0
2026-09-15,TWSE,1229,聯華,40.5,40.5,40.3,40.35,1516270.0
2026-09-15,TWSE,1231,聯華食,80.4,80.4,79.8,80.0,250436.0
2026-09-15,TWSE,1232,大統益,155.0,155.0,153.5,153.5,128103.0
2026-09-15,TWSE,1233,天仁,28.05,28.2,27.9,27.95,18015.0
2026-09-15,TWSE,1234,黑松,33.3,33.4,33.15,33.15,88661.0
2026-09-15,TWSE,1235,興泰,37.6,37.6,37.0,37.1,11392.0
2026-09-15,TWSE,1236,宏亞,25.55,25.9,25.55,25.85,32684.0
2026-09-15,TWSE,1256,鮮活果汁-KY,171.5,173.0,171.5,172.0,13838.0
2026-09-15,TWSE,1301,台塑,63.7,63.8,61.5,62.9,23847845.0
2026-09-15,TWSE,1303,南亞,232.0,236.5,220.5,234.0,54948757.0
2026-09-15,TWSE,1304,台聚,12.4,12.4,12.05,12.25,2067764.0
2026-09-15,TWSE,1305,華夏,12.15,12.15,11.85,11.9,1460709.0
2026-09-15,TWSE,1307,三芳,30.55,30.55,30.05,30.3,370496.0
2026-09-15,TWSE,1308,亞聚,14.35,14.35,14.05,14.15,1282420.0
2026-09-15,TWSE,1309,台達化,14.2,14.2,13.6,13.75,2351381.0
2026-09-15,TWSE,1310,台苯,8.6,8.7,8.51,8.65,1330470.0
2026-09-15,TWSE,1312,國喬,14.1,14.55,14.05,14.45,9453345.0
2026-09-15,TWSE,1313,聯成,12.0,12.0,11.65,11.75,1348275.0
2026-09-15,TWSE,1314,中石化,8.15,8.27,8.06,8.22,15174574.0
2026-09-15,TWSE,1315,達新,65.9,66.3,65.8,66.3,9317.0
2026-09-15,TWSE,1316,上曜,10.7,10.8,10.55,10.7,1078023.0
2026-09-15,TWSE,1319,東陽,78.3,78.6,77.7,78.3,714900.0
2026-09-15,TWSE,1321,大洋,31.8,32.3,31.75,32.3,43020.0
2026-09-15,TWSE,1323,永裕,21.85,21.9,21.45,21.7,106464.0
2026-09-15,TWSE,1324,地球,10.05,10.1,9.97,10.05,15154.0
2026-09-15,TWSE,1325,恆大,25.55,25.65,25.3,25.5,101358.0
2026-09-15,TWSE,1326,台化,70.5,70.5,66.2,67.6,27922318.0
2026-09-15,TWSE,1337,再生-KY,4.51,4.51,4.39,4.48,491099.0
2026-09-15,TWSE,1338,廣華-KY,14.45,14.6,14.3,14.6,47137.0
2026-09-15,TWSE,1339,昭輝,42.6,42.8,42.4,42.45,31601.0
2026-09-15,TWSE,1340,勝悅-KY,5.19,5.2,5.15,5.16,55079.0
2026-09-15,TWSE,1341,富林-KY,,,,,75.0
2026-09-15,TWSE,1342,八貫,99.1,101.0,98.4,99.8,98443.0
2026-09-15,TWSE,1402,遠東新,28.4,28.45,28.05,28.1,8417098.0
2026-09-15,TWSE,1409,新纖,24.2,24.65,23.9,24.35,9954614.0
2026-09-15,TWSE,1410,南染,24.4,24.65,24.05,24.2,101570.0
2026-09-15,TWSE,1413,宏洲,9.28,9.28,9.14,9.2,13521.0
2026-09-15,TWSE,1414,東和,17.5,17.6,17.25,17.6,423587.0
2026-09-15,TWSE,1416,廣豐,11.2,11.3,11.15,11.25,239221.0
2026-09-15,TWSE,1417,嘉裕,8.14,8.14,8.03,8.08,93662.0
2026-09-15,TWSE,1418,東華,17.5,17.5,17.25,17.4,17866.0
2026-09-15,TWSE,1419,新紡,66.2,66.5,65.2,66.5,88431.0
2026-09-15,TWSE,1423,利華,34.1,34.8,34.1,34.8,4002.0
2026-09-15,TWSE,1432,大魯閣,15.05,15.05,14.95,14.95,64471.0
2026-09-15,TWSE,1434,福懋,17.7,17.8,17.45,17.65,1288759.0
2026-09-15,TWSE,1435,中福,22.1,22.4,22.1,22.35,8033.0
2026-09-15,TWSE,1436,華友聯,36.6,36.6,36.0,36.45,139259.0
2026-09-15,TWSE,1437,勤益控,31.85,32.1,31.8,32.05,110491.0
2026-09-15,TWSE,1438,三地開發,21.05,21.35,21.05,21.35,12479.0
2026-09-15,TWSE,1439,雋揚,28.65,28.9,28.4,28.9,10248.0
2026-09-15,TWSE,1440,南紡,13.3,13.35,13.2,13.25,908353.0
2026-09-15,TWSE,1441,大東,8.68,8.75,8.58,8.75,29347.0
2026-09-15,TWSE,1442,名軒,29.8,30.0,29.65,29.85,110905.0
2026-09-15,TWSE,1443,立益物流,23.0,23.4,22.5,23.3,25260.0
2026-09-15,TWSE,1444,力麗,6.76,6.76,6.7,6.73,788614.0
2026-09-15,TWSE,1445,大宇,10.55,10.65,10.2,10.2,15077.0
2026-09-15,TWSE,1446,宏和,13.25,13.45,13.25,13.35,46059.0
2026-09-15,TWSE,1447,力鵬,6.49,6.49,6.25,6.43,904376.0
2026-09-15,TWSE,1449,佳和,12.2,12.35,12.1,12.3,185305.0
2026-09-15,TWSE,1451,年興,16.95,17.05,16.9,17.05,96981.0
2026-09-15,TWSE,1452,宏益,11.0,11.2,11.0,11.1,9061.0
2026-09-15,TWSE,1453,大將,10.9,10.95,10.9,10.9,14747.0
2026-09-15,TWSE,1454,台富,12.5,12.5,12.45,12.45,7001.0
2026-09-15,TWSE,1455,集盛,9.81,9.82,9.7,9.7,449168.0
2026-09-15,TWSE,1456,怡華,14.0,14.55,13.9,14.3,140028.0
2026-09-15,TWSE,1457,宜進,14.5,14.5,14.35,14.45,153986.0
2026-09-15,TWSE,1459,聯發,15.6,15.6,15.25,15.25,38356.0
2026-09-15,TWSE,1460,宏遠,6.49,6.49,6.39,6.42,289122.0
2026-09-15,TWSE,1463,強盛新,16.95,17.45,16.9,17.05,167015.0
2026-09-15,TWSE,1464,得力,9.98,9.98,9.94,9.95,220313.0
2026-09-15,TWSE,1465,偉全,11.9,11.95,11.75,11.9,78804.0
2026-09-15,TWSE,1466,聚隆,14.8,14.9,14.65,14.85,174021.0
2026-09-15,TWSE,1467,南緯,7.96,8.0,7.92,7.95,84741.0
2026-09-15,TWSE,1468,昶和,13.0,13.25,12.7,13.25,73000.0
2026-09-15,TWSE,1470,大統新創,23.85,23.85,23.8,23.8,3025.0
2026-09-15,TWSE,1471,首利,9.5,9.59,9.35,9.5,139326.0
2026-09-15,TWSE,1472,三洋實業,,,,,995.0
2026-09-15,TWSE,1473,台南,19.7,19.9,19.7,19.75,33401.0
2026-09-15,TWSE,1474,弘裕,9.9,9.91,9.81,9.88,41000.0
2026-09-15,TWSE,1475,業旺,26.05,26.05,25.8,26.05,30050.0
2026-09-15,TWSE,1476,儒鴻,291.0,291.0,285.0,288.0,783272.0
2026-09-15,TWSE,1477,聚陽,195.0,195.5,193.0,194.5,683737.0
2026-09-15,TWSE,1503,士電,201.0,205.0,197.0,197.0,2304098.0
2026-09-15,TWSE,1504,東元,70.4,72.3,69.8,70.3,8281276.0
2026-09-15,TWSE,1506,正道,9.9,9.9,9.73,9.85,293717.0
2026-09-15,TWSE,1512,瑞利,6.19,6.27,6.08,6.11,46005.0
2026-09-15,TWSE,1513,中興電,164.0,165.5,163.5,163.5,1280629.0
2026-09-15,TWSE,1514,亞力,100.0,101.5,99.6,100.0,932667.0
2026-09-15,TWSE,1515,力山,30.45,30.85,29.8,29.85,880449.0
2026-09-15,TWSE,1516,川飛,13.9,14.15,13.9,14.0,1316371.0
2026-09-15,TWSE,1517,利奇,10.55,10.55,10.3,10.5,256199.0
2026-09-15,TWSE,1519,華城,708.0,725.0,697.0,697.0,1792604.0
2026-09-15,TWSE,1521,大億,24.7,24.7,24.3,24.45,31013.0
2026-09-15,TWSE,1522,堤維西,25.4,25.4,25.0,25.1,571863.0
2026-09-15,TWSE,1524,耿鼎,25.95,26.2,25.7,25.85,141463.0
2026-09-15,TWSE,1525,江申,64.5,64.6,64.5,64.5,4200.0
2026-09-15,TWSE,1526,日馳,15.4,15.4,14.95,15.0,129719.0
2026-09-15,TWSE,1527,鑽全,32.4,32.4,32.1,32.3,132283.0
2026-09-15,TWSE,1528,恩德,21.55,23.3,21.4,23.3,15628482.0
2026-09-15,TWSE,1529,樂事綠能,15.7,15.85,15.55,15.7,195202.0
2026-09-15,TWSE,1530,亞崴,27.35,27.45,27.3,27.35,17749.0
2026-09-15,TWSE,1531,高林股,11.65,11.75,11.5,11.55,87259.0
2026-09-15,TWSE,1532,勤美,22.6,22.75,22.45,22.55,219795.0
2026-09-15,TWSE,1533,車王電,30.4,30.4,30.0,30.3,171581.0
2026-09-15,TWSE,1535,中宇,45.0,45.0,44.6,44.65,79608.0
2026-09-15,TWSE,1536,和大,47.15,47.4,46.7,46.85,740053.0
2026-09-15,TWSE,1537,廣隆,115.0,115.0,114.0,115.0,76601.0
2026-09-15,TWSE,1538,正峰,,,,,91.0
2026-09-15,TWSE,1539,巨庭,15.5,15.7,15.45,15.65,20118.0
2026-09-15,TWSE,1540,喬福,19.3,19.3,19.05,19.2,132834.0
2026-09-15,TWSE,1541,錩泰,20.65,20.9,20.55,20.65,17000.0
2026-09-15,TWSE,1558,伸興,108.5,108.5,107.0,107.5,118918.0
2026-09-15,TWSE,1560,中砂,775.0,776.0,740.0,753.0,2027263.0
2026-09-15,TWSE,1563,巧新,75.4,75.4,73.6,74.8,398591.0
2026-09-15,TWSE,1568,倉佑,28.15,29.1,27.9,28.95,215433.0
2026-09-15,TWSE,1582,信錦,70.3,70.3,68.9,70.0,320042.0
2026-09-15,TWSE,1583,程泰,47.15,47.2,47.1,47.2,5323.0
2026-09-15,TWSE,1587,吉茂,23.65,23.9,23.3,23.5,183592.0
2026-09-15,TWSE,1590,亞德客-KY,1255.0,1275.0,1250.0,1270.0,455226.0
2026-09-15,TWSE,1597,直得,144.5,144.5,137.5,138.0,1715043.0
2026-09-15,TWSE,1598,岱宇,20.5,20.65,20.2,20.4,102753.0
2026-09-15,TWSE,1603,華電,30.0,30.1,29.7,30.1,120122.0
2026-09-15,TWSE,1604,聲寶,23.4,23.45,23.35,23.4,116412.0
2026-09-15,TWSE,1605,華新,37.0,37.2,36.3,37.0,15139205.0
2026-09-15,TWSE,1608,華榮,36.2,36.2,35.65,36.0,1335613.0
2026-09-15,TWSE,1609,大亞,37.55,37.7,37.3,37.3,1877979.0
2026-09-15,TWSE,1611,中電,11.55,11.55,11.4,11.45,370381.0
2026-09-15,TWSE,1612,宏泰,34.6,34.85,34.55,34.7,218031.0
2026-09-15,TWSE,1614,三洋電,31.0,31.0,30.9,31.0,75173.0
2026-09-15,TWSE,1615,大山,43.5,43.5,43.05,43.35,96684.0
2026-09-15,TWSE,1616,億泰,19.05,19.1,18.4,18.4,195194.0
2026-09-15,TWSE,1617,榮星,17.55,17.9,17.3,17.65,154051.0
2026-09-15,TWSE,1618,合機,38.8,38.95,38.6,38.7,222069.0
2026-09-15,TWSE,1623,大東電,204.0,205.5,203.0,203.0,44662.0
2026-09-15,TWSE,1626,艾美特-KY,9.65,9.67,9.54,9.66,22911.0
2026-09-15,TWSE,1702,南僑,32.2,32.4,32.1,32.4,107223.0
2026-09-15,TWSE,1707,葡萄王,89.0,89.0,87.0,87.1,827212.0
2026-09-15,TWSE,1708,東鹼,48.8,48.8,47.75,47.95,1115778.0
2026-09-15,TWSE,1709,和益,36.2,36.7,35.3,36.05,10314662.0
2026-09-15,TWSE,1710,東聯,16.1,16.1,15.55,16.05,4907476.0
2026-09-15,TWSE,1711,永光,37.95,38.15,37.05,37.95,2550921.0
2026-09-15,TWSE,1712,興農,40.1,40.75,39.65,39.9,657882.0
2026-09-15,TWSE,1713,國化,42.4,43.1,42.15,42.5,813708.0
2026-09-15,TWSE,1714,和桐,14.7,15.15,14.65,14.95,13245531.0
2026-09-15,TWSE,1717,長興,70.4,70.4,68.2,69.2,8551098.0
2026-09-15,TWSE,1718,中纖,10.35,10.65,10.2,10.55,10779539.0
2026-09-15,TWSE,1720,生達,55.9,56.0,55.7,55.9,108454.0
2026-09-15,TWSE,1721,國慶科技,22.4,22.4,21.55,22.1,510534.0
2026-09-15,TWSE,1722,台肥,42.85,42.85,42.3,42.4,3543050.0
2026-09-15,TWSE,1723,中碳,81.7,81.9,80.2,81.9,504494.0
2026-09-15,TWSE,1725,元禎,32.8,33.0,32.4,33.0,23360.0
2026-09-15,TWSE,1726,永記,76.7,76.7,76.4,76.6,17502.0
2026-09-15,TWSE,1727,中華化,89.0,89.7,86.2,88.2,1593169.0
2026-09-15,TWSE,1730,花仙子,51.2,51.5,51.2,51.3,21404.0
2026-09-15,TWSE,1731,美吾華,21.0,21.05,20.8,20.9,48207.0
2026-09-15,TWSE,1732,毛寶,25.8,25.95,25.7,25.95,52211.0
2026-09-15,TWSE,1733,五鼎,30.7,30.7,30.2,30.35,77726.0
2026-09-15,TWSE,1734,杏輝,30.95,31.2,30.9,31.15,156837.0
2026-09-15,TWSE,1735,日勝化,19.75,19.95,19.7,19.7,57524.0
2026-09-15,TWSE,1736,喬山,130.0,130.0,124.0,124.0,649937.0
2026-09-15,TWSE,1737,臺鹽,30.55,30.55,30.25,30.45,385383.0
2026-09-15,TWSE,1752,南光,31.35,31.45,31.2,31.3,27777.0
2026-09-15,TWSE,1760,寶齡富錦,54.2,54.3,53.4,53.9,93816.0
2026-09-15,TWSE,1762,中化生,33.3,33.5,32.95,33.5,51356.0
2026-09-15,TWSE,1773,勝一,158.0,158.0,155.0,156.5,471819.0
2026-09-15,TWSE,1776,展宇,17.3,17.6,17.3,17.55,18575.0
2026-09-15,TWSE,1783,和康生,36.45,36.55,36.3,36.4,99594.0
2026-09-15,TWSE,1786,科妍,42.5,43.75,42.3,43.55,87252.0
2026-09-15,TWSE,1789,神隆,18.15,18.15,18.0,18.0,525386.0
2026-09-15,TWSE,1795,美時,173.0,175.0,170.5,173.5,542369.0
2026-09-15,TWSE,1802,台玻,57.7,58.4,56.4,57.8,11772428.0
2026-09-15,TWSE,1805,寶徠,10.1,10.1,10.1,10.1,12371.0
2026-09-15,TWSE,1806,冠軍,8.0,8.04,7.95,7.98,54370.0
2026-09-15,TWSE,1808,潤隆,34.05,34.3,33.1,33.2,1588085.0
2026-09-15,TWSE,1809,中釉,37.4,38.1,36.25,37.0,924772.0
2026-09-15,TWSE,1810,和成,24.0,24.4,23.75,23.8,2063129.0
2026-09-15,TWSE,1817,凱撒衛,40.25,40.45,40.15,40.3,25240.0
2026-09-15,TWSE,1903,士紙,47.0,47.5,46.75,47.5,76857.0
2026-09-15,TWSE,1904,正隆,24.8,24.95,24.45,24.8,1227068.0
2026-09-15,TWSE,1905,華紙,13.15,13.25,13.1,13.15,1139329.0
2026-09-15,TWSE,1906,寶隆,10.9,11.0,10.85,10.9,32014.0
2026-09-15,TWSE,1907,永豐餘,28.7,29.05,28.6,29.0,697691.0
2026-09-15,TWSE,1909,榮成,10.3,10.35,10.2,10.25,1736881.0
2026-09-15,TWSE,2002,中鋼,18.9,18.95,18.75,18.8,24252702.0
2026-09-15,TWSE,2006,東和鋼鐵,81.7,82.6,81.3,82.1,785685.0
2026-09-15,TWSE,2007,燁興,6.79,6.84,6.74,6.76,125472.0
2026-09-15,TWSE,2008,高興昌,30.55,30.55,30.5,30.5,5673.0
2026-09-15,TWSE,2009,第一銅,38.75,38.85,38.05,38.5,1480461.0
2026-09-15,TWSE,2010,春源,22.0,22.0,21.7,21.8,812456.0
2026-09-15,TWSE,2012,春雨,14.1,14.15,13.9,13.95,56557.0
2026-09-15,TWSE,2013,中鋼構,42.0,42.05,41.35,41.5,57504.0
2026-09-15,TWSE,2014,中鴻,16.55,16.6,16.4,16.5,2313645.0
2026-09-15,TWSE,2015,豐興,64.0,64.6,63.8,64.6,112337.0
2026-09-15,TWSE,2017,官田鋼,8.75,8.76,8.61,8.67,318103.0
2026-09-15,TWSE,2020,美亞,21.6,21.6,21.35,21.35,204203.0
2026-09-15,TWSE,2022,聚亨,7.29,7.34,7.19,7.28,247429.0
2026-09-15,TWSE,2023,燁輝,13.8,13.9,13.8,13.85,454384.0
2026-09-15,TWSE,2024,志聯,13.15,13.15,13.05,13.05,3709.0
2026-09-15,TWSE,2025,千興,12.3,12.3,12.1,12.3,246020.0
2026-09-15,TWSE,2027,大成鋼,46.5,46.55,45.7,45.75,9155087.0
2026-09-15,TWSE,2028,威致,15.7,15.7,15.55,15.65,61710.0
2026-09-15,TWSE,2029,盛餘,21.0,21.0,20.8,20.85,234764.0
2026-09-15,TWSE,2030,彰源,23.5,23.6,23.2,23.2,1149509.0
2026-09-15,TWSE,2031,新光鋼,43.95,43.95,43.2,43.55,503244.0
2026-09-15,TWSE,2032,新鋼,17.0,17.0,16.55,16.65,265487.0
2026-09-15,TWSE,2033,佳大,28.15,29.9,26.0,26.65,1949742.0
2026-09-15,TWSE,2034,允強,20.5,20.5,20.05,20.3,496105.0
2026-09-15,TWSE,2038,海光,12.0,12.1,11.85,11.95,134724.0
2026-09-15,TWSE,2049,上銀,349.5,350.0,323.5,323.5,9175490.0
2026-09-15,TWSE,2059,川湖,11900.0,12025.0,11785.0,11990.0,240070.0
2026-09-15,TWSE,2062,橋椿,18.1,18.15,18.0,18.15,188406.0
2026-09-15,TWSE,2069,運錩,24.65,24.65,23.45,23.9,2163882.0
2026-09-15,TWSE,2072,世紀風電,127.0,129.5,126.5,128.0,184759.0
2026-09-15,TWSE,2101,南港,30.25,30.3,29.85,30.15,1374391.0
2026-09-15,TWSE,2102,泰豐,17.95,17.95,17.75,17.9,68398.0
2026-09-15,TWSE,2103,台橡,25.7,25.75,25.15,25.45,2689775.0
2026-09-15,TWSE,2104,國際中橡,10.45,10.45,10.25,10.3,2230057.0
2026-09-15,TWSE,2105,正新,30.3,30.4,30.05,30.15,3420958.0
2026-09-15,TWSE,2106,建大,16.65,16.65,16.5,16.55,655761.0
2026-09-15,TWSE,2107,厚生,26.55,26.9,26.55,26.6,141169.0
2026-09-15,TWSE,2108,南帝,28.35,28.35,27.3,27.9,1293598.0
2026-09-15,TWSE,2109,華豐,14.7,14.85,14.7,14.75,64116.0
2026-09-15,TWSE,2114,鑫永銓,89.2,89.2,88.8,88.8,17371.0
2026-09-15,TWSE,2115,六暉-KY,23.65,23.95,23.65,23.8,55295.0
2026-09-15,TWSE,2201,裕隆,30.0,30.45,29.85,30.4,4054465.0
2026-09-15,TWSE,2204,中華,52.6,52.7,52.3,52.6,313186.0
2026-09-15,TWSE,2206,三陽工業,62.5,63.3,62.5,63.1,551925.0
2026-09-15,TWSE,2207,和泰車,527.0,539.0,525.0,538.0,197076.0
2026-09-15,TWSE,2208,台船,19.25,19.25,19.0,19.1,1964179.0
2026-09-15,TWSE,2211,長榮鋼,82.7,82.7,80.1,80.6,2562849.0
2026-09-15,TWSE,2227,裕日車,46.85,46.85,46.25,46.55,40703.0
2026-09-15,TWSE,2228,劍麟,74.7,75.3,74.7,74.9,46355.0
2026-09-15,TWSE,2231,為升,89.4,90.1,88.5,89.7,84667.0
2026-09-15,TWSE,2233,宇隆,160.0,160.0,154.0,157.0,668082.0
2026-09-15,TWSE,2236,百達-KY,122.5,122.5,117.5,120.0,333543.0
2026-09-15,TWSE,2237,華德動能-創,27.2,27.2,26.8,26.8,103415.0
2026-09-15,TWSE,2239,英利-KY,19.5,19.5,19.1,19.35,20020.0
2026-09-15,TWSE,2241,艾姆勒,33.2,33.85,32.85,33.45,259621.0
2026-09-15,TWSE,2243,宏旭-KY,50.0,50.0,47.6,47.6,414525.0
2026-09-15,TWSE,2247,汎德永業,227.0,229.5,227.0,229.5,17055.0
2026-09-15,TWSE,2248,華勝-KY,59.0,59.5,58.9,59.2,22928.0
2026-09-15,TWSE,2250,IKKA-KY,55.2,56.2,55.0,55.0,60534.0
2026-09-15,TWSE,2254,巨鎧精密-創,65.8,70.8,65.8,70.8,1166200.0
2026-09-15,TWSE,2258,鴻華先進-創,29.95,30.5,29.85,30.1,299052.0
2026-09-15,TWSE,2301,光寶科,273.5,281.5,272.0,277.5,12338615.0
2026-09-15,TWSE,2302,麗正,40.65,42.95,40.1,41.6,2504971.0
2026-09-15,TWSE,2303,聯電,136.5,143.5,135.0,142.5,132513207.0
2026-09-15,TWSE,2305,全友,40.45,45.15,39.5,45.15,33465049.0
2026-09-15,TWSE,2308,台達電,1560.0,1630.0,1560.0,1620.0,9470308.0
2026-09-15,TWSE,2312,金寶,30.4,31.65,30.0,30.85,8796329.0
2026-09-15,TWSE,2313,華通,215.5,222.0,213.0,221.0,13242484.0
2026-09-15,TWSE,2314,台揚,10.5,11.5,10.5,11.35,203391.0
2026-09-15,TWSE,2316,楠梓電,156.5,157.5,152.5,155.0,1087025.0
2026-09-15,TWSE,2317,鴻海,244.5,249.5,243.5,248.5,25260973.0
2026-09-15,TWSE,2323,中環,10.65,10.7,10.5,10.5,3634402.0
2026-09-15,TWSE,2324,仁寶,37.5,38.35,37.3,37.9,39727054.0
2026-09-15,TWSE,2327,國巨*,525.0,550.0,520.0,545.0,22504178.0
2026-09-15,TWSE,2328,廣宇,45.45,46.25,45.05,45.4,1172502.0
2026-09-15,TWSE,2329,華泰,41.25,42.4,40.9,41.75,1594756.0
2026-09-15,TWSE,2330,台積電,2385.0,2395.0,2380.0,2380.0,21520958.0
2026-09-15,TWSE,2331,精英,18.5,18.85,18.4,18.7,676819.0
2026-09-15,TWSE,2332,友訊,18.8,19.1,18.65,18.9,6382308.0
2026-09-15,TWSE,2337,旺宏,116.5,117.5,114.5,116.0,22286124.0
2026-09-15,TWSE,2338,光罩,46.1,52.4,45.4,48.0,55395670.0
2026-09-15,TWSE,2340,台亞,31.1,33.2,30.8,32.05,3265244.0
2026-09-15,TWSE,2342,茂矽,37.05,40.15,36.8,39.7,2550774.0
2026-09-15,TWSE,2344,華邦電,166.5,167.5,160.0,160.0,123411883.0
2026-09-15,TWSE,2345,智邦,1840.0,1895.0,1830.0,1875.0,3068576.0
2026-09-15,TWSE,2347,聯強,89.4,90.2,88.6,89.6,1958179.0
2026-09-15,TWSE,2348,海悅,70.0,70.7,69.1,70.5,278257.0
2026-09-15,TWSE,2349,錸德,10.35,10.4,10.1,10.2,1259919.0
2026-09-15,TWSE,2351,順德,234.0,257.0,228.5,257.0,13791973.0
2026-09-15,TWSE,2352,佳世達,28.6,29.05,28.2,28.75,4629908.0
2026-09-15,TWSE,2353,宏碁,31.0,31.55,30.95,31.4,11658204.0
2026-09-15,TWSE,2354,鴻準,64.7,64.9,63.3,64.7,8630064.0
2026-09-15,TWSE,2355,敬鵬,41.45,41.5,40.85,40.85,945997.0
2026-09-15,TWSE,2356,英業達,61.0,62.3,61.0,61.7,8218311.0
2026-09-15,TWSE,2357,華碩,900.0,936.0,900.0,934.0,2899208.0
2026-09-15,TWSE,2359,所羅門,127.0,128.5,125.0,126.5,1404871.0
2026-09-15,TWSE,2360,致茂,2105.0,2180.0,2080.0,2140.0,1183735.0
2026-09-15,TWSE,2362,藍天,46.5,47.25,46.4,46.65,546153.0
2026-09-15,TWSE,2363,矽統,50.0,52.3,49.7,51.4,3662831.0
2026-09-15,TWSE,2364,倫飛,62.6,65.1,61.6,64.6,299388.0
2026-09-15,TWSE,2365,昆盈,27.7,28.1,27.55,27.8,429993.0
2026-09-15,TWSE,2367,燿華,40.1,40.6,39.7,39.9,2848739.0
2026-09-15,TWSE,2368,金像電,985.0,1035.0,978.0,1020.0,4733419.0
2026-09-15,TWSE,2369,菱生,29.2,29.6,28.75,29.2,2074841.0
2026-09-15,TWSE,2371,大同,27.7,28.2,27.6,27.65,8675389.0
2026-09-15,TWSE,2373,震旦行,52.8,53.0,52.6,52.9,25324.0
2026-09-15,TWSE,2374,佳能,67.0,67.2,65.9,66.6,1434174.0
2026-09-15,TWSE,2375,凱美,116.0,123.0,114.5,119.5,1883815.0
2026-09-15,TWSE,2376,技嘉,346.0,348.5,343.0,344.0,2974248.0
2026-09-15,TWSE,2377,微星,148.0,152.5,148.0,150.5,7169742.0
2026-09-15,TWSE,2379,瑞昱,690.0,732.0,686.0,713.0,2719038.0
2026-09-15,TWSE,2380,虹光,16.95,17.1,16.7,17.0,111105.0
2026-09-15,TWSE,2382,廣達,330.0,334.0,328.5,332.5,8031414.0
2026-09-15,TWSE,2383,台光電,5270.0,5395.0,5230.0,5345.0,1226363.0
2026-09-15,TWSE,2385,群光,104.5,105.5,103.5,105.5,1337247.0
2026-09-15,TWSE,2387,精元,36.35,36.35,36.0,36.1,122570.0
2026-09-15,TWSE,2388,威盛,74.7,74.8,72.2,72.3,2929348.0
2026-09-15,TWSE,2390,云辰,10.1,10.1,9.81,9.95,613149.0
2026-09-15,TWSE,2392,正崴,42.05,42.4,41.05,41.5,1985279.0
2026-09-15,TWSE,2393,億光,61.4,62.5,61.0,62.5,877525.0
2026-09-15,TWSE,2395,研華,663.0,684.0,653.0,670.0,2641185.0
2026-09-15,TWSE,2397,友通,59.3,60.0,58.8,59.7,100900.0
2026-09-15,TWSE,2399,映泰,45.1,45.35,44.25,44.9,1673585.0
2026-09-15,TWSE,2401,凌陽,23.9,24.5,23.7,24.25,1546162.0
2026-09-15,TWSE,2402,毅嘉,54.0,54.9,53.2,54.4,756777.0
2026-09-15,TWSE,2404,漢唐,995.0,1040.0,992.0,1015.0,976489.0
2026-09-15,TWSE,2405,輔信,14.7,14.8,14.55,14.7,488360.0
2026-09-15,TWSE,2406,國碩,26.4,27.0,26.1,26.5,1734464.0
2026-09-15,TWSE,2408,南亞科,477.5,486.0,470.0,473.0,49215000.0
2026-09-15,TWSE,2409,友達,29.25,29.75,28.65,28.7,311779520.0
2026-09-15,TWSE,2412,中華電,141.0,142.5,140.5,142.5,18796712.0
2026-09-15,TWSE,2413,環科,49.2,51.7,48.8,50.6,5380592.0
2026-09-15,TWSE,2414,精技,53.4,53.4,52.4,52.7,84813.0
2026-09-15,TWSE,2415,錩新,27.05,27.55,26.7,27.2,132718.0
2026-09-15,TWSE,2417,圓剛,38.05,38.65,37.8,38.05,187390.0
2026-09-15,TWSE,2419,仲琦,27.3,27.4,26.75,26.75,677622.0
2026-09-15,TWSE,2420,新巨,53.2,54.1,52.9,54.0,221092.0
2026-09-15,TWSE,2421,建準,161.0,165.0,161.0,163.0,2126649.0
2026-09-15,TWSE,2423,固緯,71.4,73.5,71.4,72.8,62401.0
2026-09-15,TWSE,2424,隴華,7.7,8.01,7.7,7.98,49000.0
2026-09-15,TWSE,2425,承啟,36.95,37.15,36.0,36.3,553074.0
2026-09-15,TWSE,2426,鼎元,94.0,96.3,92.5,93.3,29582354.0
2026-09-15,TWSE,2427,三商電,22.85,23.45,22.65,22.8,2546117.0
2026-09-15,TWSE,2428,興勤,252.5,256.5,247.5,253.0,875915.0
2026-09-15,TWSE,2429,銘旺科,30.5,31.0,30.1,30.5,163418.0
2026-09-15,TWSE,2430,燦坤,17.75,17.95,17.7,17.95,49205.0
2026-09-15,TWSE,2431,聯昌,9.94,9.96,9.9,9.96,83220.0
2026-09-15,TWSE,2432,倚天酷碁-創,27.1,27.3,27.1,27.3,4000.0
2026-09-15,TWSE,2433,互盛電,41.05,41.05,40.7,40.85,54352.0
2026-09-15,TWSE,2434,統懋,59.5,65.6,59.1,61.3,827809.0
2026-09-15,TWSE,2436,偉詮電,66.2,69.3,65.6,67.9,3888239.0
2026-09-15,TWSE,2438,翔耀,18.5,19.4,18.5,19.0,52416.0
2026-09-15,TWSE,2439,美律,76.6,77.3,75.2,77.3,629205.0
2026-09-15,TWSE,2440,太空梭,13.8,13.95,13.7,13.95,125489.0
2026-09-15,TWSE,2441,超豐,110.5,115.5,109.5,114.0,2675752.0
2026-09-15,TWSE,2442,新美齊,14.85,14.85,14.55,14.6,1402479.0
2026-09-15,TWSE,2444,兆勁,11.1,11.9,11.0,11.7,791382.0
2026-09-15,TWSE,2449,京元電子,257.0,265.0,253.0,261.5,11531077.0
2026-09-15,TWSE,2450,神腦,28.2,28.3,28.15,28.25,62003.0
2026-09-15,TWSE,2451,創見,274.5,275.5,270.0,274.0,1548503.0
2026-09-15,TWSE,2453,凌群,53.3,56.0,53.2,55.3,2565311.0
2026-09-15,TWSE,2454,聯發科,4475.0,4650.0,4435.0,4560.0,6122500.0
2026-09-15,TWSE,2455,全新,497.0,535.0,493.0,535.0,1719569.0
2026-09-15,TWSE,2457,飛宏,21.6,21.9,21.5,21.5,692782.0
2026-09-15,TWSE,2458,義隆,126.0,127.5,124.5,126.5,1181243.0
2026-09-15,TWSE,2459,敦吉,65.5,65.6,65.0,65.3,47643.0
2026-09-15,TWSE,2460,建通,30.05,30.05,29.1,29.45,243293.0
2026-09-15,TWSE,2461,光群雷,17.8,17.85,17.25,17.4,655539.0
2026-09-15,TWSE,2462,良得電,19.0,19.3,19.0,19.2,124599.0
2026-09-15,TWSE,2464,盟立,184.5,184.5,175.0,175.5,9893934.0
2026-09-15,TWSE,2465,麗臺,87.5,90.4,87.4,88.6,1226388.0
2026-09-15,TWSE,2466,冠西電,104.0,107.5,103.0,103.0,1819218.0
2026-09-15,TWSE,2467,志聖,537.0,545.0,527.0,537.0,930052.0
2026-09-15,TWSE,2468,華經,38.8,39.35,38.4,39.35,2185407.0
2026-09-15,TWSE,2471,資通,51.0,52.5,50.8,50.9,1106194.0
2026-09-15,TWSE,2472,立隆電,209.0,214.5,205.0,210.5,1479337.0
2026-09-15,TWSE,2474,可成,203.5,206.0,203.0,205.5,1528502.0
2026-09-15,TWSE,2476,鉅祥,117.5,120.5,115.0,119.5,1103850.0
2026-09-15,TWSE,2477,美隆電,22.0,22.0,21.7,21.85,29152.0
2026-09-15,TWSE,2478,大毅,115.5,121.0,114.0,119.0,1749356.0
2026-09-15,TWSE,2480,敦陽科,159.0,163.5,157.5,157.5,591102.0
2026-09-15,TWSE,2481,強茂,148.0,164.0,146.0,159.0,61139738.0
2026-09-15,TWSE,2482,連宇,15.7,15.95,15.65,15.75,33464.0
2026-09-15,TWSE,2483,百容,30.15,31.15,29.6,30.85,584003.0
2026-09-15,TWSE,2484,希華,65.4,68.5,64.7,67.2,3550118.0
2026-09-15,TWSE,2485,兆赫,38.2,39.15,38.0,38.5,1286214.0
2026-09-15,TWSE,2486,一詮,231.5,238.5,228.0,234.5,3668068.0
2026-09-15,TWSE,2488,漢平,48.25,48.7,48.25,48.35,80485.0
2026-09-15,TWSE,2489,瑞軒,36.8,40.4,36.2,39.3,20867390.0
2026-09-15,TWSE,2491,吉祥全,39.25,41.15,38.8,39.5,1021615.0
2026-09-15,TWSE,2492,華新科,303.0,309.5,291.0,305.5,28422433.0
2026-09-15,TWSE,2493,揚博,171.0,173.5,167.5,170.5,605157.0
2026-09-15,TWSE,2495,普安,37.45,37.5,36.35,37.3,1147241.0
2026-09-15,TWSE,2496,卓越,55.5,55.5,54.8,54.9,7384.0
2026-09-15,TWSE,2497,怡利電,43.1,43.55,42.3,43.05,127267.0
2026-09-15,TWSE,2498,宏達電,39.9,40.25,39.85,39.9,1741906.0
2026-09-15,TWSE,2501,國建,22.1,22.1,21.8,21.85,1796594.0
2026-09-15,TWSE,2504,國產,31.5,31.5,30.95,30.95,1196185.0
2026-09-15,TWSE,2505,國揚,17.3,17.4,17.15,17.35,58376.0
2026-09-15,TWSE,2506,太設,8.65,8.65,8.56,8.58,175547.0
2026-09-15,TWSE,2509,全坤建,14.45,14.45,14.3,14.35,33577.0
2026-09-15,TWSE,2511,太子,8.39,8.43,8.38,8.4,385048.0
2026-09-15,TWSE,2514,龍邦,11.6,11.6,11.45,11.5,133838.0
2026-09-15,TWSE,2515,中工,12.0,12.0,11.9,12.0,2318466.0
2026-09-15,TWSE,2516,新建,14.5,14.65,14.45,14.6,79255.0
2026-09-15,TWSE,2520,冠德,36.05,36.6,36.05,36.6,988774.0
2026-09-15,TWSE,2524,京城,33.9,34.3,33.8,34.0,68081.0
2026-09-15,TWSE,2527,宏璟,42.85,43.9,42.85,43.7,235194.0
2026-09-15,TWSE,2528,皇普,20.1,20.1,19.4,19.4,247465.0
2026-09-15,TWSE,2530,華建,19.35,21.25,19.35,20.6,1944441.0
2026-09-15,TWSE,2534,宏盛,16.8,16.9,16.7,16.75,195568.0
2026-09-15,TWSE,2535,達欣工,89.1,89.8,88.5,89.7,220060.0
2026-09-15,TWSE,2536,宏普,19.0,19.45,18.95,19.45,480545.0
2026-09-15,TWSE,2537,聯上發,11.4,11.4,11.15,11.25,855927.0
2026-09-15,TWSE,2538,基泰,8.74,8.74,8.64,8.67,272347.0
2026-09-15,TWSE,2539,櫻花建,34.95,35.05,34.6,34.6,835731.0
2026-09-15,TWSE,2540,愛山林,49.05,49.1,47.9,48.05,402340.0
2026-09-15,TWSE,2542,興富發,46.3,46.35,45.25,45.7,8970322.0
2026-09-15,TWSE,2543,皇昌,37.8,38.0,37.2,37.6,549966.0
2026-09-15,TWSE,2545,皇翔,33.55,33.55,33.05,33.05,189642.0
2026-09-15,TWSE,2546,根基,101.0,103.0,100.5,102.0,106506.0
2026-09-15,TWSE,2547,日勝生,9.83,9.83,9.74,9.75,1386148.0
2026-09-15,TWSE,2548,華固,94.6,94.6,92.9,92.9,1321028.0
2026-09-15,TWSE,2597,潤弘,168.5,170.0,167.0,167.0,141717.0
2026-09-15,TWSE,2601,益航,6.52,6.52,6.35,6.38,1879257.0
2026-09-15,TWSE,2603,長榮,235.0,237.0,230.5,237.0,12908688.0
2026-09-15,TWSE,2605,新興,36.5,37.1,35.9,36.15,6995523.0
2026-09-15,TWSE,2606,裕民,76.5,77.0,75.2,76.2,2841174.0
2026-09-15,TWSE,2607,榮運,52.6,53.1,52.4,53.0,195201.0
2026-09-15,TWSE,2608,嘉里大榮,28.8,28.8,28.6,28.75,178497.0
2026-09-15,TWSE,2609,陽明,60.0,60.0,58.3,59.3,30195141.0
2026-09-15,TWSE,2610,華航,20.2,20.25,20.1,20.2,7960868.0
2026-09-15,TWSE,2611,志信,13.9,13.9,13.7,13.85,203412.0
2026-09-15,TWSE,2612,中航,65.1,65.1,62.9,63.9,574888.0
2026-09-15,TWSE,2613,中櫃,22.3,22.3,22.0,22.1,255806.0
2026-09-15,TWSE,2614,東森,17.95,17.95,17.75,17.8,489482.0
2026-09-15,TWSE,2615,萬海,113.0,114.5,110.0,113.0,13184172.0
2026-09-15,TWSE,2616,山隆,13.4,13.4,13.3,13.3,62305.0
2026-09-15,TWSE,2617,台航,33.7,33.85,32.6,33.05,1926875.0
2026-09-15,TWSE,2618,長榮航,42.1,42.35,41.65,42.05,10793404.0
2026-09-15,TWSE,2630,亞航,48.2,49.0,48.0,48.15,949897.0
2026-09-15,TWSE,2633,台灣高鐵,25.95,26.1,25.95,26.0,2519526.0
2026-09-15,TWSE,2634,漢翔,64.7,65.3,63.6,63.8,9453539.0
2026-09-15,TWSE,2636,台驊控股,70.0,70.7,69.3,69.7,347193.0
2026-09-15,TWSE,2637,慧洋-KY,102.0,102.0,99.3,101.0,3824716.0
2026-09-15,TWSE,2642,宅配通,20.2,20.25,20.1,20.2,36943.0
2026-09-15,TWSE,2645,長榮航太,172.0,174.0,171.0,173.0,825848.0
2026-09-15,TWSE,2646,星宇航空,20.2,20.2,20.1,20.1,3366966.0
2026-09-15,TWSE,2701,萬企,10.35,10.4,10.25,10.3,66660.0
2026-09-15,TWSE,2702,華園,12.55,12.75,12.5,12.75,31248.0
2026-09-15,TWSE,2704,國賓,45.25,45.9,45.25,45.6,62360.0
2026-09-15,TWSE,2705,六福,15.45,15.5,15.1,15.35,1135152.0
2026-09-15,TWSE,2706,第一店,12.2,12.2,12.1,12.15,85598.0
2026-09-15,TWSE,2707,晶華,177.5,178.0,177.0,177.5,75126.0
2026-09-15,TWSE,2712,遠雄來,14.2,14.2,13.7,14.05,47000.0
2026-09-15,TWSE,2722,夏都,21.8,21.85,21.25,21.25,12115.0
2026-09-15,TWSE,2723,美食-KY,77.5,78.4,76.3,78.0,259680.0
2026-09-15,TWSE,2727,王品,228.5,229.0,227.0,228.0,201070.0
2026-09-15,TWSE,2731,雄獅,141.0,141.5,139.0,140.0,346821.0
2026-09-15,TWSE,2739,寒舍,37.1,37.5,36.55,36.9,86698.0
2026-09-15,TWSE,2748,雲品,38.65,38.95,38.55,38.8,41130.0
2026-09-15,TWSE,2753,八方雲集,178.5,178.5,176.5,177.0,107467.0
2026-09-15,TWSE,2762,世界健身-KY,79.4,80.0,79.2,79.5,44672.0
2026-09-15,TWSE,2801,彰銀,27.9,28.65,27.8,28.55,54168016.0
2026-09-15,TWSE,2812,台中銀,19.5,19.5,19.3,19.45,16569657.0
2026-09-15,TWSE,2816,旺旺保,39.2,39.5,39.0,39.15,244146.0
2026-09-15,TWSE,2820,華票,17.3,17.45,17.2,17.4,3224892.0
2026-09-15,TWSE,2832,台產,56.1,56.7,55.8,56.6,298340.0
2026-09-15,TWSE,2834,臺企銀,18.0,18.4,17.85,18.35,73515266.0
2026-09-15,TWSE,2836,高雄銀,12.25,12.4,12.15,12.3,2752714.0
2026-09-15,TWSE,2838,聯邦銀,21.0,21.65,21.0,21.6,5220698.0
2026-09-15,TWSE,2845,遠東銀,13.6,13.85,13.5,13.75,13131800.0
2026-09-15,TWSE,2849,安泰銀,15.65,16.2,15.35,16.0,363739.0
2026-09-15,TWSE,2850,新產,157.5,157.5,155.5,156.0,256963.0
2026-09-15,TWSE,2851,中再保,47.1,47.6,46.4,47.5,4268713.0
2026-09-15,TWSE,2852,第一保,28.2,28.2,27.8,27.95,214337.0
2026-09-15,TWSE,2855,統一證,51.4,53.5,51.0,52.9,5956624.0
2026-09-15,TWSE,2880,華南金,46.0,46.4,45.1,46.3,11333629.0
2026-09-15,TWSE,2881,富邦金,146.5,154.5,146.0,154.0,19008138.0
2026-09-15,TWSE,2882,國泰金,109.0,114.0,108.5,112.5,18700175.0
2026-09-15,TWSE,2883,凱基金,37.85,39.0,37.25,38.8,43390833.0
2026-09-15,TWSE,2884,玉山金,46.25,46.4,45.2,46.35,42521670.0
2026-09-15,TWSE,2885,元大金,69.5,70.8,68.6,70.8,15209396.0
2026-09-15,TWSE,2886,兆豐金,51.4,52.5,51.1,52.5,22519207.0
2026-09-15,TWSE,2887,台新新光金,42.35,43.6,42.15,43.55,41755970.0
2026-09-15,TWSE,2889,國票金,16.7,17.05,16.55,17.05,17139445.0
2026-09-15,TWSE,2890,永豐金,43.7,45.1,43.4,44.8,31277251.0
2026-09-15,TWSE,2891,中信金,67.1,68.1,66.5,68.1,28023152.0
2026-09-15,TWSE,2892,第一金,38.55,40.0,38.55,39.85,37037261.0
2026-09-15,TWSE,2897,王道銀行,11.0,11.35,10.9,11.25,13429710.0
2026-09-15,TWSE,2901,欣欣,23.3,23.5,23.3,23.5,10106.0
2026-09-15,TWSE,2903,遠百,22.2,22.3,22.0,22.05,1171124.0
2026-09-15,TWSE,2904,匯僑,12.55,12.65,12.5,12.65,31689.0
2026-09-15,TWSE,2905,三商,18.35,18.5,18.1,18.5,934169.0
2026-09-15,TWSE,2906,高林,13.9,13.9,13.75,13.8,51020.0
2026-09-15,TWSE,2908,特力,21.9,22.0,21.75,22.0,230317.0
2026-09-15,TWSE,2910,統領,23.15,24.25,23.15,23.45,8142.0
2026-09-15,TWSE,2911,麗嬰房,6.37,6.37,6.26,6.28,45749.0
2026-09-15,TWSE,2912,統一超,216.0,217.0,215.5,216.5,1022196.0
2026-09-15,TWSE,2913,農林,10.9,11.0,10.85,10.95,621615.0
2026-09-15,TWSE,2915,潤泰全,56.3,57.0,56.0,56.7,1420228.0
2026-09-15,TWSE,2923,鼎固-KY,24.0,25.25,24.0,24.35,125720.0
2026-09-15,TWSE,2929,淘帝-KY,5.79,5.79,5.62,5.75,168814.0
2026-09-15,TWSE,2939,永邑-KY,19.7,19.8,19.55,19.55,13006.0
2026-09-15,TWSE,2945,三商家購,39.85,39.85,39.3,39.8,4455.0
2026-09-15,TWSE,3002,歐格,17.05,17.05,16.75,16.8,36198.0
2026-09-15,TWSE,3003,健和興,56.8,57.6,55.5,57.1,415201.0
2026-09-15,TWSE,3004,豐達科,118.5,118.5,115.5,115.5,487522.0
2026-09-15,TWSE,3005,神基,114.0,118.0,114.0,116.5,2806961.0
2026-09-15,TWSE,3006,晶豪科,280.5,287.5,270.5,270.5,13743680.0
2026-09-15,TWSE,3008,大立光,6395.0,6420.0,5995.0,5995.0,2655512.0
2026-09-15,TWSE,3010,華立,124.0,125.5,123.5,125.5,324694.0
2026-09-15,TWSE,3011,今皓,9.78,9.88,9.35,9.38,1194705.0
2026-09-15,TWSE,3013,晟銘電,84.4,85.1,82.8,82.8,733596.0
2026-09-15,TWSE,3014,聯陽,130.0,131.0,128.5,130.5,413330.0
2026-09-15,TWSE,3015,全漢,51.1,52.1,50.8,52.0,247849.0
2026-09-15,TWSE,3016,嘉晶,104.0,117.0,102.0,112.5,21536063.0
2026-09-15,TWSE,3017,奇鋐,3255.0,3360.0,3210.0,3310.0,2215371.0
2026-09-15,TWSE,3018,隆銘綠能,11.05,11.35,11.05,11.35,10182.0
2026-09-15,TWSE,3019,亞光,136.5,138.0,132.0,134.0,3299341.0
2026-09-15,TWSE,3021,鴻名,23.5,23.5,22.3,22.45,257214.0
2026-09-15,TWSE,3022,威強電,82.7,87.0,82.7,86.2,1241326.0
2026-09-15,TWSE,3023,信邦,320.0,328.0,317.0,320.5,638725.0
2026-09-15,TWSE,3024,憶聲,14.4,14.85,14.3,14.7,1227874.0
2026-09-15,TWSE,3025,星通,49.95,50.9,49.9,50.5,57142.0
2026-09-15,TWSE,3026,禾伸堂,730.0,757.0,717.0,731.0,8267483.0
2026-09-15,TWSE,3027,盛達,17.7,17.95,17.65,17.7,106686.0
2026-09-15,TWSE,3028,增你強,61.7,61.7,60.6,61.2,515321.0
2026-09-15,TWSE,3029,零壹,120.0,125.0,116.0,116.5,17817439.0
2026-09-15,TWSE,3030,德律,263.0,263.0,258.0,259.0,566636.0
2026-09-15,TWSE,3031,佰鴻,23.5,23.75,23.05,23.35,445527.0
2026-09-15,TWSE,3032,偉訓,72.0,72.0,70.0,70.8,393584.0
2026-09-15,TWSE,3033,威健,41.4,41.75,40.25,41.4,2824456.0
2026-09-15,TWSE,3034,聯詠,545.0,561.0,537.0,556.0,3546048.0
2026-09-15,TWSE,3035,智原,167.0,176.0,165.0,172.5,2897724.0
2026-09-15,TWSE,3036,文曄,190.0,193.5,189.0,192.0,3964216.0
2026-09-15,TWSE,3037,欣興,947.0,979.0,932.0,970.0,13143338.0
2026-09-15,TWSE,3038,全台,20.0,20.1,19.9,20.05,99910.0
2026-09-15,TWSE,3040,遠見,34.8,34.8,33.25,33.8,256152.0
2026-09-15,TWSE,3041,揚智,22.6,22.65,22.25,22.35,202816.0
2026-09-15,TWSE,3042,晶技,173.0,180.0,171.5,178.0,6149550.0
2026-09-15,TWSE,3043,科風,20.05,20.15,19.8,20.0,52203.0
2026-09-15,TWSE,3044,健鼎,495.0,517.0,493.0,510.0,2844808.0
2026-09-15,TWSE,3045,台灣大,120.5,121.5,120.0,121.5,4598994.0
2026-09-15,TWSE,3046,建碁,53.0,53.0,51.9,51.9,351905.0
2026-09-15,TWSE,3047,訊舟,13.5,13.5,13.3,13.5,395911.0
2026-09-15,TWSE,3048,益登,49.5,50.8,49.3,50.2,700043.0
2026-09-15,TWSE,3049,精金,12.1,12.15,11.9,12.0,3003993.0
2026-09-15,TWSE,3050,鈺德,11.1,11.2,11.0,11.2,268352.0
2026-09-15,TWSE,3051,力特,21.4,21.55,21.0,21.3,378572.0
2026-09-15,TWSE,3052,夆典,10.4,10.4,10.25,10.25,214770.0
2026-09-15,TWSE,3054,立萬利,55.4,56.2,54.6,55.8,38481.0
2026-09-15,TWSE,3055,蔚華科,149.5,159.5,148.5,159.5,1766532.0
2026-09-15,TWSE,3056,富華新,13.7,13.7,13.45,13.65,524578.0
2026-09-15,TWSE,3057,喬鼎,16.85,16.85,16.2,16.2,64913.0
2026-09-15,TWSE,3058,立德,8.05,8.08,7.99,8.02,648020.0
2026-09-15,TWSE,3059,華晶科,37.25,37.55,36.6,37.25,841905.0
2026-09-15,TWSE,3060,銘異,26.4,26.7,26.15,26.15,509498.0
2026-09-15,TWSE,3062,建漢,20.6,20.65,20.2,20.4,593286.0
2026-09-15,TWSE,3090,日電貿,161.0,165.5,157.0,163.5,3300214.0
2026-09-15,TWSE,3092,鴻碩,22.8,23.0,22.3,22.5,133661.0
2026-09-15,TWSE,3094,聯傑,40.45,44.5,40.35,44.0,7776747.0
2026-09-15,TWSE,3130,一零四,209.0,210.0,208.0,208.5,39650.0
2026-09-15,TWSE,3135,凌航,162.0,162.0,158.0,159.0,697803.0
2026-09-15,TWSE,3138,耀登,88.0,89.2,87.4,87.6,122214.0
2026-09-15,TWSE,3149,正達,61.7,61.7,59.7,60.9,4091587.0
2026-09-15,TWSE,3150,鈺寶-創,15.5,15.5,15.0,15.2,112504.0
2026-09-15,TWSE,3164,景岳,15.9,15.9,15.75,15.75,6323.0
2026-09-15,TWSE,3167,大量,810.0,832.0,781.0,810.0,3957928.0
2026-09-15,TWSE,3168,眾福科,42.75,42.75,42.05,42.05,5022.0
2026-09-15,TWSE,3189,景碩,795.0,810.0,784.0,798.0,11217499.0
2026-09-15,TWSE,3209,全科,44.8,45.2,44.15,44.7,771759.0
2026-09-15,TWSE,3229,晟鈦,68.6,72.9,66.4,66.9,16338975.0
2026-09-15,TWSE,3231,緯創,181.0,183.0,179.5,181.0,36189051.0
2026-09-15,TWSE,3257,虹冠電,46.3,46.9,45.85,46.5,94680.0
2026-09-15,TWSE,3266,昇陽,13.85,13.85,13.75,13.85,14370.0
2026-09-15,TWSE,3296,勝德,25.55,26.55,25.3,25.5,223778.0
2026-09-15,TWSE,3305,昇貿,98.9,101.5,98.3,100.0,572742.0
2026-09-15,TWSE,3308,聯德,22.1,22.1,21.35,21.75,50525.0
2026-09-15,TWSE,3311,閎暉,35.4,36.5,34.1,35.0,3173601.0
2026-09-15,TWSE,3312,弘憶股,47.5,48.0,46.7,47.4,493157.0
2026-09-15,TWSE,3321,同泰,17.05,17.25,16.95,17.0,86616.0
2026-09-15,TWSE,3338,泰碩,65.3,67.1,65.0,65.5,369818.0
2026-09-15,TWSE,3346,麗清,19.4,19.6,19.25,19.4,279170.0
2026-09-15,TWSE,3376,新日興,180.5,187.0,178.0,181.0,8310442.0
2026-09-15,TWSE,3380,明泰,30.3,30.65,29.7,29.95,2563653.0
2026-09-15,TWSE,3406,玉晶光,1015.0,1020.0,954.0,954.0,4840043.0
2026-09-15,TWSE,3413,京鼎,275.0,281.0,271.5,275.5,747118.0
2026-09-15,TWSE,3416,融程電,161.5,163.0,158.0,161.0,171902.0
2026-09-15,TWSE,3419,譁裕,11.0,11.0,10.9,11.0,46331.0
2026-09-15,TWSE,3432,台端,14.25,14.3,14.25,14.3,10001.0
2026-09-15,TWSE,3437,榮創,17.9,18.15,17.75,17.8,626113.0
2026-09-15,TWSE,3443,創意,5995.0,6575.0,5850.0,6400.0,2640389.0
2026-09-15,TWSE,3447,展達,27.0,27.75,26.85,27.35,85250.0
2026-09-15,TWSE,3450,聯鈞,490.0,535.0,489.0,509.0,11908342.0
2026-09-15,TWSE,3481,群創,46.9,48.25,46.25,47.65,108945391.0
2026-09-15,TWSE,3494,誠研,6.94,7.08,6.94,7.07,38467.0
2026-09-15,TWSE,3501,維熹,38.6,38.6,38.25,38.45,79566.0
2026-09-15,TWSE,3504,揚明光,79.5,82.0,77.3,78.0,1342053.0
2026-09-15,TWSE,3515,華擎,205.0,205.5,202.0,203.0,399669.0
2026-09-15,TWSE,3518,柏騰,28.9,30.15,28.8,30.0,495988.0
2026-09-15,TWSE,3528,安馳,81.6,82.2,81.0,81.3,124323.0
2026-09-15,TWSE,3530,晶相光,56.5,56.8,55.4,56.5,85811.0
2026-09-15,TWSE,3532,台勝科,410.0,419.0,400.0,416.0,5381568.0
2026-09-15,TWSE,3533,嘉澤,1580.0,1610.0,1555.0,1590.0,719459.0
2026-09-15,TWSE,3535,晶彩科,84.7,85.8,82.6,82.6,741944.0
2026-09-15,TWSE,3543,州巧,42.05,43.85,41.0,42.05,920174.0
2026-09-15,TWSE,3545,敦泰,47.7,49.55,47.7,49.05,529874.0
2026-09-15,TWSE,3550,聯穎,21.9,22.15,21.65,21.7,514696.0
2026-09-15,TWSE,3557,嘉威,23.1,23.1,22.7,22.7,87422.0
2026-09-15,TWSE,3563,牧德,659.0,673.0,645.0,645.0,306189.0
2026-09-15,TWSE,3576,聯合再生,16.35,17.0,16.05,16.6,4829226.0
2026-09-15,TWSE,3583,辛耘,692.0,694.0,675.0,683.0,743444.0
2026-09-15,TWSE,3588,通嘉,51.1,52.0,51.0,51.3,88751.0
2026-09-15,TWSE,3592,瑞鼎,218.5,224.0,217.0,222.0,319964.0
2026-09-15,TWSE,3593,力銘,9.73,10.15,9.73,10.15,3238.0
2026-09-15,TWSE,3596,智易,152.5,154.0,151.5,152.5,433548.0
2026-09-15,TWSE,3605,宏致,120.0,127.0,118.0,126.5,8387303.0
2026-09-15,TWSE,3607,谷崧,13.6,13.65,13.45,13.55,109266.0
2026-09-15,TWSE,3617,碩天,238.0,245.0,237.5,241.0,242436.0
2026-09-15,TWSE,3622,洋華,45.0,45.25,43.5,44.65,358670.0
2026-09-15,TWSE,3645,達邁,67.0,68.6,66.8,67.8,950237.0
2026-09-15,TWSE,3652,精聯,32.4,33.15,32.3,33.15,57567.0
2026-09-15,TWSE,3653,健策,5580.0,5920.0,5500.0,5820.0,988731.0
2026-09-15,TWSE,3661,世芯-KY,3410.0,3655.0,3410.0,3590.0,2098835.0
2026-09-15,TWSE,3665,貿聯-KY,1825.0,2000.0,1810.0,1955.0,2220323.0
2026-09-15,TWSE,3669,圓展,32.5,32.5,32.15,32.35,51491.0
2026-09-15,TWSE,3673,TPK-KY,60.6,65.3,60.0,63.4,4385449.0
2026-09-15,TWSE,3679,新至陞,108.0,109.0,108.0,108.0,9150.0
2026-09-15,TWSE,3686,達能,14.15,14.2,14.1,14.2,63480.0
2026-09-15,TWSE,3694,海華,50.0,50.0,49.15,49.2,602964.0
2026-09-15,TWSE,3701,大眾控,38.6,40.65,38.5,39.8,306295.0
2026-09-15,TWSE,3702,大聯大,106.0,109.0,105.5,107.0,5927398.0
2026-09-15,TWSE,3703,欣陸,19.7,19.75,19.6,19.65,354885.0
2026-09-15,TWSE,3704,合勤控,40.4,41.6,40.1,41.2,3075562.0
2026-09-15,TWSE,3705,永信,55.3,55.8,55.1,55.7,102879.0
2026-09-15,TWSE,3706,神達,79.7,79.8,78.5,78.7,8681870.0
2026-09-15,TWSE,3708,上緯投控,94.8,97.5,93.9,96.9,484774.0
2026-09-15,TWSE,3711,日月光投控,599.0,620.0,596.0,612.0,9475938.0
2026-09-15,TWSE,3712,永崴投控,20.7,20.85,20.25,20.6,382381.0
2026-09-15,TWSE,3714,富采,61.2,62.7,60.0,61.5,4988883.0
2026-09-15,TWSE,3715,定穎投控,119.5,123.5,119.0,120.5,2749798.0
2026-09-15,TWSE,3716,中化控股,33.9,33.9,33.7,33.85,126238.0
2026-09-15,TWSE,3717,聯嘉投控,21.15,21.25,20.9,21.1,580182.0
2026-09-15,TWSE,4104,佳醫,72.5,72.5,71.7,72.1,138144.0
2026-09-15,TWSE,4106,雃博,24.3,24.5,24.3,24.4,67955.0
2026-09-15,TWSE,4108,懷特,11.2,11.75,11.15,11.4,355630.0
2026-09-15,TWSE,4119,旭富,58.7,58.9,58.0,58.0,163842.0
2026-09-15,TWSE,4133,亞諾法,20.1,20.2,20.05,20.2,29712.0
2026-09-15,TWSE,4137,麗豐-KY,75.2,76.7,74.6,76.3,236757.0
2026-09-15,TWSE,4142,國光生,17.15,17.3,17.05,17.2,498289.0
2026-09-15,TWSE,4148,全宇生技-KY,34.15,35.75,34.0,34.5,165621.0
2026-09-15,TWSE,4155,訊映,15.1,15.1,14.5,14.7,380964.0
2026-09-15,TWSE,4164,承業醫,25.4,25.55,25.1,25.35,297030.0
2026-09-15,TWSE,4169,泰宗,145.0,145.0,142.5,142.5,157363.0
2026-09-15,TWSE,4178,永笙-KY,16.6,16.7,16.5,16.65,46002.0
2026-09-15,TWSE,4190,佐登-KY,25.35,25.9,25.1,25.9,32424.0
2026-09-15,TWSE,4195,基米-創,13.5,13.65,13.35,13.45,57667.0
2026-09-15,TWSE,4306,炎洲,14.7,14.7,14.6,14.65,729845.0
2026-09-15,TWSE,4414,如興,8.1,8.16,8.05,8.09,114149.0
2026-09-15,TWSE,4426,利勤,7.58,7.6,7.56,7.56,50156.0
2026-09-15,TWSE,4438,廣越,57.6,57.6,56.6,56.7,65892.0
2026-09-15,TWSE,4439,冠星-KY,93.9,93.9,93.3,93.9,9679.0
2026-09-15,TWSE,4440,宜新實業,17.6,17.65,17.5,17.55,153058.0
2026-09-15,TWSE,4441,振大環球,172.0,173.0,171.0,172.5,48035.0
2026-09-15,TWSE,4526,東台,30.0,30.6,30.0,30.1,820186.0
2026-09-15,TWSE,4532,瑞智,23.35,23.6,23.3,23.4,357951.0
2026-09-15,TWSE,4536,拓凱,162.5,162.5,160.0,160.5,94954.0
2026-09-15,TWSE,4540,全球傳動,57.5,57.5,55.4,56.3,1076624.0
2026-09-15,TWSE,4545,銘鈺,32.75,33.55,32.45,33.35,163606.0
2026-09-15,TWSE,4551,智伸科,155.0,158.5,152.0,156.0,354381.0
2026-09-15,TWSE,4552,力達-KY,15.7,15.7,15.3,15.35,132125.0
2026-09-15,TWSE,4555,氣立,42.25,42.45,41.5,41.9,94473.0
2026-09-15,TWSE,4557,永新-KY,50.0,50.6,49.6,50.5,17259.0
2026-09-15,TWSE,4560,強信-KY,29.3,29.3,28.8,29.0,229000.0
2026-09-15,TWSE,4562,穎漢,29.0,29.4,28.65,29.05,101691.0
2026-09-15,TWSE,4564,元翎,15.7,15.75,15.55,15.65,289434.0
2026-09-15,TWSE,4566,時碩工業,64.2,64.6,62.9,62.9,641366.0
2026-09-15,TWSE,4569,六方科-KY,152.0,154.0,152.0,152.5,37581.0
2026-09-15,TWSE,4571,鈞興-KY,147.5,149.5,146.5,149.0,78239.0
2026-09-15,TWSE,4572,駐龍,144.5,144.5,142.5,142.5,28267.0
2026-09-15,TWSE,4576,大銀微系統,238.0,238.5,227.5,228.0,2983328.0
2026-09-15,TWSE,4581,光隆精密-KY,47.1,47.15,47.1,47.15,3084.0
2026-09-15,TWSE,4582,聚恆-創,22.3,22.5,22.1,22.35,86842.0
2026-09-15,TWSE,4583,台灣精銳,424.0,434.0,424.0,430.0,35737.0
2026-09-15,TWSE,4585,達明,296.0,307.0,295.5,298.0,439740.0
2026-09-15,TWSE,4588,玖鼎電力,53.1,54.7,52.1,54.1,287791.0
2026-09-15,TWSE,4590,富田-創,89.5,89.9,88.1,88.3,197290.0
2026-09-15,TWSE,4720,德淵,18.0,18.4,17.95,18.25,222832.0
2026-09-15,TWSE,4722,國精化,182.0,192.0,177.0,190.0,936019.0
2026-09-15,TWSE,4736,泰博,127.5,128.5,126.5,128.5,183994.0
2026-09-15,TWSE,4737,華廣,57.5,58.4,53.2,54.0,210932.0
2026-09-15,TWSE,4739,康普,76.9,78.6,76.1,77.3,661074.0
2026-09-15,TWSE,4746,台耀,45.2,45.8,45.0,45.4,362984.0
2026-09-15,TWSE,4755,三福化,111.0,111.5,109.0,111.5,131487.0
2026-09-15,TWSE,4763,材料*-KY,48.9,49.6,47.7,49.35,7099162.0
2026-09-15,TWSE,4764,雙鍵,211.0,211.0,205.5,207.5,404425.0
2026-09-15,TWSE,4766,南寶,335.0,335.5,333.0,333.5,84070.0
2026-09-15,TWSE,4770,上品,227.0,229.0,220.5,224.5,281254.0
2026-09-15,TWSE,4771,望隼,199.0,204.5,199.0,204.0,45628.0
2026-09-15,TWSE,4807,日成-KY,28.45,28.8,27.8,28.0,98970.0
2026-09-15,TWSE,4904,遠傳,104.5,106.0,104.5,106.0,2183218.0
2026-09-15,TWSE,4906,正文,35.6,36.4,35.5,35.5,1766704.0
2026-09-15,TWSE,4912,聯德控股-KY,91.3,91.3,88.3,88.3,238664.0
2026-09-15,TWSE,4915,致伸,63.7,66.5,62.9,64.6,13116342.0
2026-09-15,TWSE,4916,事欣科,94.1,94.8,93.5,93.9,720678.0
2026-09-15,TWSE,4919,新唐,112.0,115.0,109.0,113.0,3067421.0
2026-09-15,TWSE,4927,泰鼎-KY,40.9,41.85,40.65,41.15,1794524.0
2026-09-15,TWSE,4930,燦星網,15.8,15.8,15.8,15.8,3655.0
2026-09-15,TWSE,4934,太極,13.45,13.55,13.3,13.5,206706.0
2026-09-15,TWSE,4935,茂林-KY,31.3,31.85,31.1,31.85,82275.0
2026-09-15,TWSE,4938,和碩,90.6,91.2,89.5,90.2,4745706.0
2026-09-15,TWSE,4942,嘉彰,31.85,31.85,31.5,31.7,66739.0
2026-09-15,TWSE,4943,康控-KY,7.43,7.43,7.35,7.35,75716.0
2026-09-15,TWSE,4949,有成精密,76.5,76.5,72.1,72.6,736607.0
2026-09-15,TWSE,4952,凌通,47.35,47.65,46.75,47.2,128795.0
2026-09-15,TWSE,4956,光鋐,31.6,34.45,31.3,33.4,1702877.0
2026-09-15,TWSE,4958,臻鼎-KY,480.0,498.0,475.5,489.5,18946773.0
2026-09-15,TWSE,4960,誠美材,20.15,20.35,19.9,19.95,1117203.0
2026-09-15,TWSE,4961,天鈺,170.5,178.0,168.0,178.0,1394040.0
2026-09-15,TWSE,4967,十銓,275.0,277.5,272.5,273.5,2704918.0
2026-09-15,TWSE,4968,立積,88.0,89.7,86.8,89.0,319082.0
2026-09-15,TWSE,4976,佳凌,36.1,36.85,35.0,35.0,1274281.0
2026-09-15,TWSE,4977,眾達-KY,170.0,173.0,167.0,167.0,1991220.0
2026-09-15,TWSE,4989,榮科,59.0,61.6,58.3,60.0,3185644.0
2026-09-15,TWSE,4994,傳奇,82.5,82.5,81.0,81.0,11505.0
2026-09-15,TWSE,4999,鑫禾,18.05,18.1,17.9,17.9,58142.0
2026-09-15,TWSE,5007,三星,55.2,55.7,55.2,55.7,25520.0
2026-09-15,TWSE,5203,訊連,55.4,57.7,55.3,57.7,161856.0
2026-09-15,TWSE,5215,科嘉-KY,38.0,38.0,37.2,37.5,36200.0
2026-09-15,TWSE,5222,全訊,104.0,104.0,102.0,102.0,107732.0
2026-09-15,TWSE,5225,東科-KY,53.0,53.5,52.6,53.1,204250.0
2026-09-15,TWSE,5234,達興材料,283.0,287.0,280.5,282.5,107659.0
2026-09-15,TWSE,5236,凌陽創新,130.0,131.5,129.5,130.0,65672.0
2026-09-15,TWSE,5243,乙盛-KY,87.0,87.4,86.3,86.3,568415.0
2026-09-15,TWSE,5244,弘凱,32.7,33.8,32.5,33.5,181723.0
2026-09-15,TWSE,5258,虹堡,41.95,42.8,41.0,42.3,212019.0
2026-09-15,TWSE,5269,祥碩,1305.0,1395.0,1300.0,1365.0,381292.0
2026-09-15,TWSE,5283,禾聯碩,52.4,53.6,52.4,53.6,35446.0
2026-09-15,TWSE,5284,jpp-KY,296.0,300.5,292.0,297.0,195496.0
2026-09-15,TWSE,5285,界霖,79.6,88.5,79.5,87.5,1732852.0
2026-09-15,TWSE,5288,豐祥-KY,178.5,183.5,178.5,182.5,52939.0
2026-09-15,TWSE,5292,華懋,226.0,226.0,213.5,215.5,100669.0
2026-09-15,TWSE,5306,桂盟,86.9,89.7,86.9,89.0,108624.0
2026-09-15,TWSE,5388,中磊,71.4,71.8,70.7,71.0,1233523.0
2026-09-15,TWSE,5434,崇越,524.0,547.0,518.0,539.0,726308.0
2026-09-15,TWSE,5469,瀚宇博,71.7,72.4,70.9,72.3,884631.0
2026-09-15,TWSE,5471,松翰,51.6,51.9,50.7,51.1,774596.0
2026-09-15,TWSE,5484,慧友,40.2,40.2,39.45,39.45,107189.0
2026-09-15,TWSE,5515,建國,49.35,49.75,49.2,49.45,220394.0
2026-09-15,TWSE,5519,隆大,25.85,25.85,25.0,25.3,450198.0
2026-09-15,TWSE,5521,工信,10.45,10.45,10.25,10.35,1704311.0
2026-09-15,TWSE,5522,遠雄,62.1,62.3,61.1,61.1,1008221.0
2026-09-15,TWSE,5525,順天,21.9,21.9,21.7,21.85,114307.0
2026-09-15,TWSE,5531,鄉林,7.19,7.19,7.07,7.08,273882.0
2026-09-15,TWSE,5533,皇鼎,13.8,13.9,13.75,13.8,145208.0
2026-09-15,TWSE,5534,長虹,74.0,74.0,73.3,73.6,446691.0
2026-09-15,TWSE,5538,東明-KY,35.7,35.8,35.35,35.5,55371.0
2026-09-15,TWSE,5546,永固-KY,14.95,14.95,14.1,14.75,21158.0
2026-09-15,TWSE,5607,遠雄港,53.2,53.2,51.8,52.1,530689.0
2026-09-15,TWSE,5608,四維航,16.85,16.85,16.45,16.6,1516369.0
2026-09-15,TWSE,5706,鳳凰,43.85,43.9,43.7,43.85,112425.0
2026-09-15,TWSE,5871,中租-KY,111.0,114.0,111.0,113.5,5931349.0
2026-09-15,TWSE,5876,上海商銀,48.25,49.95,48.25,49.9,9082786.0
2026-09-15,TWSE,5880,合庫金,26.95,27.45,26.85,27.45,22723824.0
2026-09-15,TWSE,5906,台南-KY,37.15,38.5,37.15,38.5,2000.0
2026-09-15,TWSE,5907,大洋-KY,4.82,4.97,4.7,4.76,858241.0
2026-09-15,TWSE,6005,群益證,31.4,32.15,31.05,32.1,3957126.0
2026-09-15,TWSE,6024,群益期,60.5,61.1,60.5,61.1,131168.0
2026-09-15,TWSE,6108,競國,22.0,22.5,21.4,22.15,2243278.0
2026-09-15,TWSE,6112,邁達特,47.5,50.6,47.3,50.6,10922099.0
2026-09-15,TWSE,6115,鎰勝,43.85,44.05,43.65,43.85,55331.0
2026-09-15,TWSE,6116,彩晶,13.9,14.1,13.6,13.85,24282099.0
2026-09-15,TWSE,6117,迎廣,61.0,62.4,60.9,61.1,111098.0
2026-09-15,TWSE,6120,達運,12.0,12.0,11.75,11.8,941952.0
2026-09-15,TWSE,6128,上福,18.85,19.0,18.8,18.95,40751.0
2026-09-15,TWSE,6133,金橋,22.8,23.65,22.65,23.25,1444781.0
2026-09-15,TWSE,6136,富爾特,24.6,24.75,24.6,24.75,694522.0
2026-09-15,TWSE,6139,亞翔,704.0,717.0,695.0,703.0,1351218.0
2026-09-15,TWSE,6141,柏承,48.7,49.9,47.8,48.8,2219101.0
2026-09-15,TWSE,6142,友勁,8.69,9.04,8.69,8.78,395789.0
2026-09-15,TWSE,6152,百一,15.0,15.25,14.8,15.2,1597719.0
2026-09-15,TWSE,6153,嘉聯益,17.35,17.45,17.0,17.15,1427385.0
2026-09-15,TWSE,6155,鈞寶,54.5,56.4,53.8,55.7,623866.0
2026-09-15,TWSE,6164,華興,11.25,11.25,11.05,11.1,205626.0
2026-09-15,TWSE,6165,浪凡,47.25,47.6,47.1,47.4,84575.0
2026-09-15,TWSE,6166,凌華,110.5,112.5,108.0,110.5,1071923.0
2026-09-15,TWSE,6168,宏齊,28.85,30.65,28.55,29.95,5305013.0
2026-09-15,TWSE,6176,瑞儀,90.4,94.6,89.7,93.6,5803862.0
2026-09-15,TWSE,6177,達麗,47.35,47.35,46.5,46.85,1166255.0
2026-09-15,TWSE,6183,關貿,90.2,92.2,90.2,92.2,22630.0
2026-09-15,TWSE,6184,大豐電,40.05,40.05,39.5,39.8,162415.0
2026-09-15,TWSE,6189,豐藝,46.3,47.1,46.05,47.05,275843.0
2026-09-15,TWSE,6191,精成科,81.9,82.5,80.9,82.0,870226.0
2026-09-15,TWSE,6192,巨路,109.0,110.5,108.5,110.0,147771.0
2026-09-15,TWSE,6196,帆宣,505.0,527.0,505.0,520.0,1602704.0
2026-09-15,TWSE,6197,佳必琪,298.0,301.0,294.5,297.0,815302.0
2026-09-15,TWSE,6201,亞弘電,44.45,44.95,44.45,44.95,12598.0
2026-09-15,TWSE,6202,盛群,54.8,55.7,54.1,54.7,514198.0
2026-09-15,TWSE,6205,詮欣,61.7,61.8,60.3,60.8,132645.0
2026-09-15,TWSE,6206,飛捷,138.0,138.0,135.0,136.0,546229.0
2026-09-15,TWSE,6209,今國光,78.9,81.6,76.5,76.5,8971424.0
2026-09-15,TWSE,6213,聯茂,492.0,521.0,482.0,515.0,10165821.0
2026-09-15,TWSE,6214,精誠,189.0,190.0,184.5,187.5,2489188.0
2026-09-15,TWSE,6215,和椿,97.5,97.5,95.0,96.2,481792.0
2026-09-15,TWSE,6216,居易,19.75,19.75,19.45,19.6,149091.0
2026-09-15,TWSE,6224,聚鼎,85.7,86.8,84.8,85.0,1034615.0
2026-09-15,TWSE,6225,天瀚,74.0,74.0,67.5,67.5,113206.0
2026-09-15,TWSE,6226,光鼎,29.5,33.0,29.4,33.0,33483872.0
2026-09-15,TWSE,6230,尼得科超眾,116.0,116.5,112.0,116.5,265526.0
2026-09-15,TWSE,6235,華孚,38.1,38.45,37.55,37.95,144664.0
2026-09-15,TWSE,6239,力成,265.0,277.0,262.0,271.5,7089592.0
2026-09-15,TWSE,6243,迅杰,36.8,37.7,36.35,36.9,274187.0
2026-09-15,TWSE,6257,矽格,206.0,213.0,204.0,210.0,3119037.0
2026-09-15,TWSE,6269,台郡,65.8,66.4,63.7,64.7,3565607.0
2026-09-15,TWSE,6271,同欣電,216.0,223.0,214.0,220.0,2105262.0
2026-09-15,TWSE,6272,驊陞,27.7,27.7,26.95,27.0,229488.0
2026-09-15,TWSE,6277,宏正,76.3,76.8,75.7,76.5,102167.0
2026-09-15,TWSE,6278,台表科,182.0,187.0,179.5,185.5,1629631.0
2026-09-15,TWSE,6281,全國電,51.2,51.4,51.2,51.3,27177.0
2026-09-15,TWSE,6282,康舒,42.4,42.95,41.8,42.5,3148192.0
2026-09-15,TWSE,6283,淳安,18.8,18.8,18.25,18.3,239517.0
2026-09-15,TWSE,6285,啟碁,218.5,224.5,216.0,222.0,2139358.0
2026-09-15,TWSE,6405,悅城,37.35,38.4,37.2,37.6,172239.0
2026-09-15,TWSE,6409,旭隼,854.0,875.0,846.0,874.0,342595.0
2026-09-15,TWSE,6412,群電,73.5,74.6,73.3,73.8,448152.0
2026-09-15,TWSE,6414,樺漢,365.5,374.0,365.5,371.5,658353.0
2026-09-15,TWSE,6415,矽力*-KY,386.0,424.5,385.0,414.0,2971389.0
2026-09-15,TWSE,6416,瑞祺電通,113.0,120.5,112.5,119.0,2469968.0
2026-09-15,TWSE,6426,統新,295.5,327.0,293.0,312.0,4544689.0
2026-09-15,TWSE,6431,光麗-KY,18.25,18.25,17.05,17.55,90063.0
2026-09-15,TWSE,6438,迅得,147.0,147.0,144.0,144.0,211336.0
2026-09-15,TWSE,6442,光聖,1620.0,1685.0,1575.0,1590.0,1802295.0
2026-09-15,TWSE,6443,元晶,23.0,24.2,22.85,23.35,3571378.0
2026-09-15,TWSE,6446,藥華藥,1280.0,1280.0,1165.0,1190.0,5500524.0
2026-09-15,TWSE,6449,鈺邦,214.0,217.0,205.5,214.5,1209797.0
2026-09-15,TWSE,6451,訊芯-KY,400.0,428.0,397.0,417.5,2234288.0
2026-09-15,TWSE,6456,GIS-KY,63.1,65.1,61.6,63.3,1658835.0
2026-09-15,TWSE,6464,台數科,76.1,76.2,75.6,75.9,7666.0
2026-09-15,TWSE,6472,保瑞,396.5,404.0,393.0,403.5,282241.0
2026-09-15,TWSE,6477,安集,33.7,34.3,33.7,34.05,368499.0
2026-09-15,TWSE,6491,晶碩,367.5,381.5,363.5,381.5,224638.0
2026-09-15,TWSE,6504,南六,36.65,37.8,36.65,37.25,40000.0
2026-09-15,TWSE,6505,台塑化,84.6,84.9,80.4,82.8,26088377.0
2026-09-15,TWSE,6515,穎崴,6685.0,6780.0,6555.0,6600.0,357074.0
2026-09-15,TWSE,6525,捷敏-KY,123.0,130.5,119.0,128.0,915342.0
2026-09-15,TWSE,6526,達發,618.0,637.0,607.0,630.0,255880.0
2026-09-15,TWSE,6531,愛普*,957.0,994.0,933.0,962.0,2627923.0
2026-09-15,TWSE,6533,晶心科,230.0,240.0,230.0,232.0,1020624.0
2026-09-15,TWSE,6534,正瀚-創,90.5,90.7,90.0,90.5,33218.0
2026-09-15,TWSE,6541,泰福-KY,30.4,31.05,30.4,30.75,281560.0
2026-09-15,TWSE,6550,北極星藥業-KY,9.99,9.99,9.88,9.9,1843391.0
2026-09-15,TWSE,6552,易華電,23.3,23.8,23.05,23.35,34920.0
2026-09-15,TWSE,6558,興能高,23.95,23.95,23.25,23.4,140417.0
2026-09-15,TWSE,6573,虹揚-KY,15.9,16.0,15.55,15.85,94724.0
2026-09-15,TWSE,6579,研揚,147.0,149.5,145.5,149.0,167830.0
2026-09-15,TWSE,6581,鋼聯,109.5,110.5,109.5,110.5,10450.0
2026-09-15,TWSE,6582,申豐,31.5,31.5,31.1,31.2,20907.0
2026-09-15,TWSE,6585,鼎基,102.0,103.5,100.0,103.5,118306.0
2026-09-15,TWSE,6589,台康生技,45.35,48.2,45.1,48.05,781892.0
2026-09-15,TWSE,6591,動力-KY,41.4,41.8,41.3,41.65,74212.0
2026-09-15,TWSE,6592,和潤企業,59.5,60.0,59.4,59.7,210297.0
2026-09-15,TWSE,6598,ABC-KY,27.9,28.2,27.7,27.75,89423.0
2026-09-15,TWSE,6605,帝寶,137.5,137.5,136.0,136.0,145270.0
2026-09-15,TWSE,6606,建德工業,25.5,25.65,25.2,25.25,59821.0
2026-09-15,TWSE,6614,資拓宏宇,35.8,36.1,35.3,35.45,61312.0
2026-09-15,TWSE,6625,必應,73.4,74.0,73.2,73.3,79869.0
2026-09-15,TWSE,6641,基士德-KY,,,,,10.0
2026-09-15,TWSE,6645,金萬林-創,13.05,13.15,12.6,13.0,59731.0
2026-09-15,TWSE,6655,科定,121.0,122.5,121.0,122.5,12526.0
2026-09-15,TWSE,6657,華安,35.5,35.5,33.6,33.85,253713.0
2026-09-15,TWSE,6658,聯策,166.0,169.0,162.5,166.0,106172.0
2026-09-15,TWSE,6666,羅麗芬-KY,45.2,45.2,43.6,44.2,28301.0
2026-09-15,TWSE,6668,中揚光,40.3,42.5,40.2,42.2,2630633.0
2026-09-15,TWSE,6669,緯穎,2315.0,2315.0,2240.0,2270.0,1985361.0
2026-09-15,TWSE,6670,復盛應用,273.0,276.0,272.5,272.5,90773.0
2026-09-15,TWSE,6671,三能-KY,23.0,23.0,22.55,22.55,7050.0
2026-09-15,TWSE,6672,騰輝電子-KY,288.5,297.5,285.0,294.5,2549602.0
2026-09-15,TWSE,6674,鋐寶科技,16.0,16.0,15.8,15.9,5600.0
2026-09-15,TWSE,6689,伊雲谷,66.1,70.5,66.1,70.5,2999752.0
2026-09-15,TWSE,6691,洋基工程,609.0,618.0,602.0,613.0,262367.0
2026-09-15,TWSE,6695,芯鼎,46.5,46.95,46.0,46.0,197636.0
2026-09-15,TWSE,6698,旭暉應材,31.2,31.85,31.2,31.35,95413.0
2026-09-15,TWSE,6706,惠特,135.0,151.0,133.0,151.0,22983083.0
2026-09-15,TWSE,6715,嘉基,313.5,351.0,312.0,346.0,937585.0
2026-09-15,TWSE,6719,力智,177.5,184.5,177.0,182.5,348990.0
2026-09-15,TWSE,6722,輝創,32.65,32.65,32.1,32.15,21555.0
2026-09-15,TWSE,6742,澤米,45.2,45.8,44.4,45.5,270427.0
2026-09-15,TWSE,6743,安普新,29.5,29.5,28.8,29.25,156031.0
2026-09-15,TWSE,6753,龍德造船,133.0,135.5,132.0,133.0,450184.0
2026-09-15,TWSE,6754,匯僑設計,43.25,43.25,41.7,41.7,14080.0
2026-09-15,TWSE,6756,威鋒電子,97.4,97.4,94.1,94.5,66769.0
2026-09-15,TWSE,6757,台灣虎航,53.7,54.0,53.6,53.9,299330.0
2026-09-15,TWSE,6768,志強-KY,61.5,62.1,61.1,61.7,247303.0
2026-09-15,TWSE,6770,力積電,69.0,71.4,68.1,70.7,90532617.0
2026-09-15,TWSE,6771,平和環保-創,41.75,41.75,41.6,41.7,4012.0
2026-09-15,TWSE,6776,展碁國際,51.2,51.7,51.1,51.6,52821.0
2026-09-15,TWSE,6781,AES-KY,999.0,1015.0,982.0,998.0,242818.0
2026-09-15,TWSE,6782,視陽,221.5,227.0,219.5,227.0,157812.0
2026-09-15,TWSE,6789,采鈺,435.0,443.0,429.5,436.0,803180.0
2026-09-15,TWSE,6790,永豐實,37.65,37.8,37.65,37.8,223611.0
2026-09-15,TWSE,6792,詠業,57.6,59.4,57.2,59.4,29000.0
2026-09-15,TWSE,6794,向榮生技,75.2,77.2,75.0,76.5,13000.0
2026-09-15,TWSE,6796,晉弘,51.7,51.8,49.5,50.2,136379.0
2026-09-15,TWSE,6799,來頡,77.9,79.5,77.3,78.7,104381.0
2026-09-15,TWSE,6805,富世達,2095.0,2210.0,2085.0,2165.0,917127.0
2026-09-15,TWSE,6807,峰源-KY,33.2,33.75,32.8,33.75,6305.0
2026-09-15,TWSE,6830,汎銓,540.0,584.0,538.0,556.0,1625120.0
2026-09-15,TWSE,6831,邁科,551.0,556.0,530.0,541.0,780502.0
2026-09-15,TWSE,6834,天二科技,104.0,104.5,98.1,98.2,7659329.0
2026-09-15,TWSE,6835,圓裕,31.05,31.05,30.1,30.1,8295.0
2026-09-15,TWSE,6838,台新藥,23.2,23.55,23.15,23.4,51525.0
2026-09-15,TWSE,6854,錼創科技-KY創,88.3,90.5,88.3,89.2,77672.0
2026-09-15,TWSE,6861,睿生光電,226.5,235.5,226.5,235.5,1105031.0
2026-09-15,TWSE,6862,三集瑞-KY,132.5,134.5,130.5,132.0,70368.0
2026-09-15,TWSE,6863,永道-KY,91.6,93.4,91.0,92.9,127991.0
2026-09-15,TWSE,6869,雲豹能源,63.2,63.5,62.4,63.5,178257.0
2026-09-15,TWSE,6873,泓德能源,67.8,69.2,67.5,68.0,210754.0
2026-09-15,TWSE,6885,全福生技,27.25,27.9,26.3,27.6,939721.0
2026-09-15,TWSE,6887,寶綠特-KY,36.8,38.2,36.5,38.2,31220.0
2026-09-15,TWSE,6890,來億-KY,148.0,148.5,146.5,147.5,242749.0
2026-09-15,TWSE,6901,鑽石投資,14.6,15.15,14.5,15.05,746786.0
2026-09-15,TWSE,6902,GOGOLOOK,120.5,125.0,120.5,124.0,58430.0
2026-09-15,TWSE,6906,現觀科,80.7,85.3,80.6,83.0,51003.0
2026-09-15,TWSE,6908,宏碁遊戲-創,30.2,30.85,30.2,30.85,3000.0
2026-09-15,TWSE,6909,創控,43.0,43.0,40.9,41.8,1773620.0
2026-09-15,TWSE,6914,阜爾運通,120.0,120.0,118.0,120.0,112104.0
2026-09-15,TWSE,6916,華凌,18.3,18.4,18.15,18.15,25000.0
2026-09-15,TWSE,6918,愛派司,72.6,74.1,72.6,73.1,36100.0
2026-09-15,TWSE,6919,康霈*,79.7,80.8,78.9,79.3,2862127.0
2026-09-15,TWSE,6921,嘉雨思-創,61.0,61.4,61.0,61.0,6000.0
2026-09-15,TWSE,6923,中台,76.4,76.4,75.2,75.7,34795.0
2026-09-15,TWSE,6924,榮惠-KY創,142.0,144.0,136.0,142.5,116184.0
2026-09-15,TWSE,6928,攸泰科技,48.0,48.0,46.05,47.0,41187.0
2026-09-15,TWSE,6931,青松健康,39.3,40.9,39.2,40.0,85548.0
2026-09-15,TWSE,6933,AMAX-KY,304.5,334.5,294.0,305.5,1977486.0
2026-09-15,TWSE,6934,心誠鎂,75.1,75.1,73.0,73.1,41714.0
2026-09-15,TWSE,6936,永鴻生技,31.7,31.75,31.6,31.6,12020.0
2026-09-15,TWSE,6937,天虹,284.5,290.0,279.0,283.5,327163.0
2026-09-15,TWSE,6944,兆聯實業,681.0,694.0,676.0,694.0,313537.0
2026-09-15,TWSE,6947,台鎔科技,68.6,68.6,67.6,67.7,88372.0
2026-09-15,TWSE,6949,沛爾生醫*-創,50.0,56.9,48.25,55.8,7805082.0
2026-09-15,TWSE,6951,青新-創,69.6,69.9,69.6,69.9,27574.0
2026-09-15,TWSE,6952,大武山,38.35,39.9,38.35,38.55,18981.0
2026-09-15,TWSE,6955,邦睿生技-創,,,,,
2026-09-15,TWSE,6957,裕慶-KY,231.5,242.5,231.0,240.0,193102.0
2026-09-15,TWSE,6958,日盛台駿,17.1,17.6,17.1,17.35,22027.0
2026-09-15,TWSE,6962,奕力-KY,30.15,31.15,30.1,30.75,1099973.0
2026-09-15,TWSE,6965,中傑-KY,68.3,69.9,67.4,68.6,76714.0
2026-09-15,TWSE,6969,成信實業*-創,33.3,33.55,32.5,32.65,158049.0
2026-09-15,TWSE,6988,威力暘-創,11.9,12.0,11.85,12.0,24000.0
2026-09-15,TWSE,6994,富威電力,28.2,29.5,27.75,28.0,1022128.0
2026-09-15,TWSE,7610,聯友金屬-創,1920.0,1920.0,1780.0,1780.0,972335.0
2026-09-15,TWSE,7631,聚賢研發-創,138.0,138.0,133.5,134.0,55086.0
2026-09-15,TWSE,7689,大鵬科CLMX,155.0,156.0,152.5,154.5,16454.0
2026-09-15,TWSE,7705,三商餐飲,30.2,30.2,29.85,29.85,46409.0
2026-09-15,TWSE,7711,永擎,478.0,478.0,478.0,478.0,411129.0
2026-09-15,TWSE,7721,微程式,59.6,59.6,58.8,58.9,35917.0
2026-09-15,TWSE,7722,LINEPAY,260.5,265.5,256.5,265.5,49166.0
2026-09-15,TWSE,7730,暉盛-創,168.0,169.5,166.0,168.0,25500.0
2026-09-15,TWSE,7732,金興精密,33.1,34.55,33.1,34.15,7000.0
2026-09-15,TWSE,7736,虎山,69.1,69.9,68.1,68.4,50697.0
2026-09-15,TWSE,7740,熙特爾-創,126.0,128.0,124.0,124.0,139213.0
2026-09-15,TWSE,7749,意騰-KY,347.5,347.5,337.0,339.0,162773.0
2026-09-15,TWSE,7750,新代,1905.0,1980.0,1855.0,1960.0,476393.0
2026-09-15,TWSE,7760,享溫馨,32.1,33.0,31.3,33.0,40011.0
2026-09-15,TWSE,7765,中華資安,234.0,240.0,234.0,240.0,536159.0
2026-09-15,TWSE,7768,頌勝科技,260.0,260.0,254.5,255.5,43557.0
2026-09-15,TWSE,7769,鴻勁,6295.0,6470.0,6210.0,6305.0,464710.0
2026-09-15,TWSE,7780,大研生醫*,16.3,16.3,15.95,16.1,1198755.0
2026-09-15,TWSE,7786,東方風能,114.5,115.5,113.5,114.0,51357.0
2026-09-15,TWSE,7788,松川精密,275.0,288.0,265.5,282.0,1779323.0
2026-09-15,TWSE,7791,皇家可口,55.3,55.3,54.9,55.1,25107.0
2026-09-15,TWSE,7795,長廣,495.0,517.0,477.0,491.0,1242531.0
2026-09-15,TWSE,7799,禾榮科,414.5,418.5,405.0,418.0,418070.0
2026-09-15,TWSE,7803,雲象科技-創,19.0,19.1,18.8,19.0,49100.0
2026-09-15,TWSE,7818,溢泰實業,59.2,60.4,59.1,60.2,61450.0
2026-09-15,TWSE,7821,神數,38.9,38.9,38.6,38.7,78749.0
2026-09-15,TWSE,7822,倍利科,822.0,834.0,809.0,810.0,122091.0
2026-09-15,TWSE,7823,奧義賽博-KY創,82.3,87.1,81.7,81.8,162402.0
2026-09-15,TWSE,7827,漢康-KY創,150.5,152.5,149.5,152.0,81945.0
2026-09-15,TWSE,7835,永悅健康-創,21.6,21.6,20.15,20.85,47160.0
2026-09-15,TWSE,7855,和運租車,42.1,42.1,42.0,42.0,396126.0
2026-09-15,TWSE,8011,台通,15.5,15.55,15.35,15.55,233338.0
2026-09-15,TWSE,8016,矽創,277.5,280.5,273.0,277.0,423108.0
2026-09-15,TWSE,8021,尖點,414.0,444.5,410.5,442.5,836712.0
2026-09-15,TWSE,8028,昇陽半導體,220.0,224.5,216.5,221.5,2320122.0
2026-09-15,TWSE,8033,雷虎,173.0,177.5,172.0,174.0,3146206.0
2026-09-15,TWSE,8039,台虹,268.0,280.0,261.0,274.0,14851591.0
2026-09-15,TWSE,8045,達運光電,47.0,48.1,46.7,47.85,373774.0
2026-09-15,TWSE,8046,南電,1040.0,1070.0,1025.0,1055.0,6139066.0
2026-09-15,TWSE,8070,長華*,49.25,50.6,48.25,50.2,2255437.0
2026-09-15,TWSE,8072,陞泰,26.1,26.85,26.0,26.35,182196.0
2026-09-15,TWSE,8081,致新,244.5,249.0,243.5,246.5,251738.0
2026-09-15,TWSE,8101,華冠,12.55,12.55,12.55,12.55,2341.0
2026-09-15,TWSE,8103,瀚荃,110.0,117.5,108.5,113.0,2666232.0
2026-09-15,TWSE,8104,錸寶,29.8,29.9,29.3,29.65,235573.0
2026-09-15,TWSE,8105,凌巨,14.7,14.7,14.35,14.5,1108990.0
2026-09-15,TWSE,8110,華東,41.05,41.8,40.7,41.5,2663437.0
2026-09-15,TWSE,8112,至上,84.0,84.1,82.8,83.6,4438980.0
2026-09-15,TWSE,8114,振樺電,177.5,181.0,175.5,179.5,282827.0
2026-09-15,TWSE,8131,福懋科,60.1,60.1,58.7,59.0,1369546.0
2026-09-15,TWSE,8150,南茂,85.5,88.2,84.3,86.6,10859992.0
2026-09-15,TWSE,8162,微矽電子-創,60.0,61.0,59.1,60.4,99050.0
2026-09-15,TWSE,8163,達方,29.6,29.95,29.4,29.7,357693.0
2026-09-15,TWSE,8201,無敵,11.85,11.9,11.7,11.9,31002.0
2026-09-15,TWSE,8210,勤誠,888.0,901.0,882.0,886.0,836211.0
2026-09-15,TWSE,8213,志超,32.7,32.95,32.25,32.85,264147.0
2026-09-15,TWSE,8215,明基材,25.0,25.25,24.7,24.95,397110.0
2026-09-15,TWSE,8222,寶一,34.7,35.25,34.45,34.7,259367.0
2026-09-15,TWSE,8249,菱光,37.6,37.7,37.1,37.55,83111.0
2026-09-15,TWSE,8261,富鼎,158.0,170.5,158.0,166.5,2715820.0
2026-09-15,TWSE,8271,宇瞻,206.0,206.0,201.0,202.0,993657.0
2026-09-15,TWSE,8341,日友,75.1,75.1,74.0,74.2,278352.0
2026-09-15,TWSE,8367,建新國際,40.05,40.7,40.05,40.7,7138.0
2026-09-15,TWSE,8374,羅昇,78.0,78.1,77.0,77.2,191303.0
2026-09-15,TWSE,8404,百和興業-KY,13.9,14.0,13.8,13.9,346241.0
2026-09-15,TWSE,8411,福貞-KY,12.9,12.9,12.65,12.65,164927.0
2026-09-15,TWSE,8422,可寧衛*,26.1,26.35,25.85,26.1,2808148.0
2026-09-15,TWSE,8429,金麗-KY,5.95,5.98,5.92,5.92,78613.0
2026-09-15,TWSE,8438,昶昕,66.8,67.7,66.1,67.7,63400.0
2026-09-15,TWSE,8442,威宏-KY,45.55,45.7,45.35,45.45,21000.0
2026-09-15,TWSE,8443,阿瘦,11.15,11.2,11.1,11.2,755929.0
2026-09-15,TWSE,8454,富邦媒,241.0,245.5,237.5,245.0,448426.0
2026-09-15,TWSE,8462,柏文,158.5,162.0,158.5,162.0,32033.0
2026-09-15,TWSE,8463,潤泰材,21.1,21.3,20.8,21.1,19012.0
2026-09-15,TWSE,8464,億豐,370.0,387.0,370.0,377.5,327377.0
2026-09-15,TWSE,8466,美吉吉-KY,13.6,13.75,13.55,13.75,23000.0
2026-09-15,TWSE,8467,波力-KY,82.4,84.6,82.4,83.2,14155.0
2026-09-15,TWSE,8473,山林水,38.55,38.65,38.0,38.4,334535.0
2026-09-15,TWSE,8476,台境*,19.65,19.7,19.15,19.7,159610.0
2026-09-15,TWSE,8478,東哥遊艇,141.0,142.0,140.0,142.0,48980.0
2026-09-15,TWSE,8481,政伸,41.45,41.45,40.8,40.8,13050.0
2026-09-15,TWSE,8482,商億-KY,47.25,47.3,47.25,47.3,4050.0
2026-09-15,TWSE,8487,愛爾達-創,70.3,70.3,70.0,70.1,10025.0
2026-09-15,TWSE,8488,吉源-KY,9.97,9.97,9.92,9.94,23270.0
2026-09-15,TWSE,8499,鼎炫-KY,250.0,257.0,250.0,251.5,27742.0
2026-09-15,TWSE,8926,台汽電,58.3,58.4,57.3,57.4,1956528.0
2026-09-15,TWSE,8940,新天地,14.7,14.7,14.55,14.65,70158.0
2026-09-15,TWSE,8996,高力,1295.0,1295.0,1205.0,1235.0,6220878.0
2026-09-15,TWSE,9103,美德醫療-DR,5.0,5.01,4.95,4.96,529998.0
2026-09-15,TWSE,9105,泰金寶-DR,8.55,8.61,8.31,8.38,16196412.0
2026-09-15,TWSE,9110,越南控-DR,3.03,3.03,3.03,3.03,1005.0
2026-09-15,TWSE,9136,巨騰-DR,9.41,9.45,9.29,9.39,113495.0
2026-09-15,TWSE,9802,鈺齊-KY,63.8,64.3,63.1,64.0,647825.0
2026-09-15,TWSE,9902,台火,13.5,13.5,13.05,13.3,114844.0
2026-09-15,TWSE,9904,寶成,24.2,24.25,24.0,24.05,7377138.0
2026-09-15,TWSE,9905,大華,21.35,21.45,21.25,21.25,143130.0
2026-09-15,TWSE,9906,欣巴巴,39.1,39.1,38.1,38.55,39757.0
2026-09-15,TWSE,9907,統一實,15.1,15.1,15.0,15.0,851983.0
2026-09-15,TWSE,9908,大台北,28.95,29.05,28.95,28.95,155746.0
2026-09-15,TWSE,9910,豐泰,67.8,68.1,67.5,67.8,513843.0
2026-09-15,TWSE,9911,櫻花,81.7,81.8,81.6,81.6,153375.0
2026-09-15,TWSE,9912,偉聯,12.85,13.1,12.8,13.1,14318.0
2026-09-15,TWSE,9914,美利達,67.9,69.3,66.4,68.7,3490279.0
2026-09-15,TWSE,9917,中保科,105.5,106.5,105.0,106.5,287227.0
2026-09-15,TWSE,9918,欣天然,43.15,43.5,42.7,43.5,16252.0
2026-09-15,TWSE,9919,康那香,13.9,14.0,13.8,13.95,63973.0
2026-09-15,TWSE,9921,巨大,85.9,90.2,85.3,89.7,2570098.0
2026-09-15,TWSE,9924,福興,38.1,38.25,37.8,38.0,111287.0
2026-09-15,TWSE,9925,新保,39.5,39.6,39.35,39.4,825476.0
2026-09-15,TWSE,9926,新海,49.25,49.5,48.9,49.5,8338.0
2026-09-15,TWSE,9927,泰銘,69.5,69.9,69.5,69.6,38347.0
2026-09-15,TWSE,9928,中視,17.6,17.85,17.6,17.6,53420.0
2026-09-15,TWSE,9929,秋雨,11.0,11.0,10.85,10.95,8000.0
2026-09-15,TWSE,9930,中聯資源,61.5,61.5,61.1,61.4,180932.0
2026-09-15,TWSE,9931,欣高,34.1,34.1,33.9,33.9,16100.0
2026-09-15,TWSE,9933,中鼎,41.65,41.95,40.8,41.2,2058153.0
2026-09-15,TWSE,9934,成霖,9.87,9.87,9.75,9.85,778890.0
2026-09-15,TWSE,9935,慶豐富,18.1,18.15,17.85,17.85,508673.0
2026-09-15,TWSE,9937,全國,54.7,55.1,54.0,54.8,112149.0
2026-09-15,TWSE,9938,百和,38.05,38.1,37.7,37.95,1421848.0
2026-09-15,TWSE,9939,宏全,128.0,128.0,125.5,126.0,779922.0
2026-09-15,TWSE,9940,信義,20.0,20.05,19.85,19.85,479039.0
2026-09-15,TWSE,9941,裕融,80.0,82.4,79.6,81.6,1560254.0
2026-09-15,TWSE,9942,茂順,113.5,114.0,113.0,113.5,45354.0
2026-09-15,TWSE,9943,好樂迪,50.8,51.0,50.6,50.9,36361.0
2026-09-15,TWSE,9944,新麗,17.4,17.4,17.15,17.15,25136.0
2026-09-15,TWSE,9945,潤泰新,27.85,27.95,27.65,27.85,2798187.0
2026-09-15,TWSE,9946,三發地產,16.95,17.0,16.8,16.9,182523.0
2026-09-15,TWSE,9955,佳龍,23.5,23.5,23.2,23.35,85646.0
2026-09-15,TWSE,9958,世紀鋼,90.2,91.8,90.0,91.1,867635.0
2026-09-15,TPEX,1240,茂生農經,55.0,55.2,55.0,55.2,3976.0
2026-09-15,TPEX,1259,安心,,,,,103.0
2026-09-15,TPEX,1264,德麥,245.5,245.5,242.0,243.0,77943.0
2026-09-15,TPEX,1268,漢來美食,171.5,172.0,171.0,172.0,16697.0
2026-09-15,TPEX,1294,漢田生技,50.8,50.9,50.7,50.7,8897.0
2026-09-15,TPEX,1295,生合,45.0,45.0,44.45,44.85,4411.0
2026-09-15,TPEX,1336,台翰,16.5,16.55,16.1,16.1,194734.0
2026-09-15,TPEX,1565,精華,96.7,96.8,96.0,96.4,130076.0
2026-09-15,TPEX,1569,濱川,48.7,50.4,48.3,49.4,670717.0
2026-09-15,TPEX,1570,力肯,33.1,33.1,31.95,32.45,17009.0
2026-09-15,TPEX,1580,新麥,96.2,96.2,95.4,96.0,226379.0
2026-09-15,TPEX,1584,精剛,17.9,18.0,17.75,18.0,253162.0
2026-09-15,TPEX,1586,和勤,18.05,18.05,17.75,18.0,328398.0
2026-09-15,TPEX,1591,駿吉-KY,40.8,42.3,39.0,39.0,1216178.0
2026-09-15,TPEX,1593,祺驊,31.4,31.4,31.35,31.4,6071.0
2026-09-15,TPEX,1595,川寶,61.5,63.0,61.4,61.7,98492.0
2026-09-15,TPEX,1599,宏佳騰,23.5,23.6,23.45,23.45,19090.0
2026-09-15,TPEX,1742,台蠟,17.7,17.7,17.35,17.6,19971.0
2026-09-15,TPEX,1777,生泰,73.7,73.7,73.0,73.4,14310.0
2026-09-15,TPEX,1780,立弘,24.3,24.8,24.3,24.8,16634.0
2026-09-15,TPEX,1781,合世,10.15,10.2,10.15,10.2,6005.0
2026-09-15,TPEX,1784,訊聯,58.5,58.5,58.5,58.5,6116.0
2026-09-15,TPEX,1785,光洋科,94.6,96.0,93.8,93.8,2398250.0
2026-09-15,TPEX,1788,杏昌,128.0,128.5,128.0,128.5,8180.0
2026-09-15,TPEX,1796,金穎生技,29.8,29.8,29.2,29.2,4000.0
2026-09-15,TPEX,1799,易威,29.1,29.1,28.85,28.85,65114.0
2026-09-15,TPEX,1813,寶利徠,11.25,11.35,11.25,11.25,7219.0
2026-09-15,TPEX,1815,富喬,119.0,121.5,114.5,114.5,46008990.0
2026-09-15,TPEX,2035,唐榮,27.1,27.1,26.9,26.9,15109.0
2026-09-15,TPEX,2061,風青,46.8,47.85,46.8,47.2,493960.0
2026-09-15,TPEX,2063,世鎧,24.0,24.0,23.55,23.65,26407.0
2026-09-15,TPEX,2064,晉椿,12.55,12.7,12.15,12.15,308000.0
2026-09-15,TPEX,2065,世豐,35.4,35.4,35.0,35.05,28831.0
2026-09-15,TPEX,2066,世德,51.5,51.5,50.7,50.7,8003.0
2026-09-15,TPEX,2067,嘉鋼,4.88,4.88,4.88,4.88,1000.0
2026-09-15,TPEX,2070,精湛,58.8,60.9,58.6,60.1,40721.0
2026-09-15,TPEX,2073,雄順,25.7,25.7,25.7,25.7,1130.0
2026-09-15,TPEX,2221,大甲,88.3,98.8,88.2,96.1,7255128.0
2026-09-15,TPEX,2230,泰茂,21.3,21.65,21.0,21.1,57808.0
2026-09-15,TPEX,2235,謚源,27.4,28.05,27.4,28.05,4100.0
2026-09-15,TPEX,2596,綠意,36.6,36.75,36.1,36.35,147411.0
2026-09-15,TPEX,2640,大車隊,155.0,157.0,155.0,156.0,47175.0
2026-09-15,TPEX,2641,正德,17.55,17.55,17.25,17.25,942821.0
2026-09-15,TPEX,2643,捷迅,62.9,62.9,62.8,62.8,3148.0
2026-09-15,TPEX,2718,全心投控,39.65,40.05,39.3,39.65,26191.0
2026-09-15,TPEX,2719,燦星旅,,,,,55.0
2026-09-15,TPEX,2724,藝舍-KY,10.15,10.3,10.15,10.3,8382.0
2026-09-15,TPEX,2726,雅茗-KY,8.08,8.08,7.97,8.04,24858.0
2026-09-15,TPEX,2729,瓦城,152.0,152.0,149.5,149.5,38157.0
2026-09-15,TPEX,2732,六角,62.0,62.4,61.8,62.4,29195.0
2026-09-15,TPEX,2734,易飛網,14.55,14.7,14.55,14.6,15238.0
2026-09-15,TPEX,2736,富野,11.4,11.45,11.35,11.4,16400.0
2026-09-15,TPEX,2740,華軒,32.1,32.1,32.1,32.1,2505.0
2026-09-15,TPEX,2743,山富,51.1,51.4,51.0,51.0,39473.0
2026-09-15,TPEX,2745,五福,84.2,84.2,83.6,83.7,68185.0
2026-09-15,TPEX,2751,王座,54.0,54.4,53.1,54.3,4744.0
2026-09-15,TPEX,2752,豆府,177.0,177.5,176.5,176.5,13118.0
2026-09-15,TPEX,2754,亞洲藏壽司,69.4,69.4,69.0,69.3,6337.0
2026-09-15,TPEX,2755,揚秦,98.5,98.5,97.9,98.1,29129.0
2026-09-15,TPEX,2756,聯發國際,61.2,62.0,61.2,62.0,37162.0
2026-09-15,TPEX,2916,滿心,40.5,40.5,40.2,40.4,30849.0
2026-09-15,TPEX,2924,宏太-KY,17.0,18.75,17.0,18.2,22020.0
2026-09-15,TPEX,2926,誠品生活,29.8,30.0,29.75,30.0,6220.0
2026-09-15,TPEX,2937,集雅社,43.95,44.45,43.95,44.45,5045.0
2026-09-15,TPEX,2941,米斯特,,,,,0.0
2026-09-15,TPEX,2947,振宇五金,60.5,60.8,60.2,60.2,17294.0
2026-09-15,TPEX,2948,寶陞,36.8,37.65,36.8,37.65,3000.0
2026-09-15,TPEX,2949,欣新網,61.2,61.2,61.1,61.2,3005.0
2026-09-15,TPEX,3064,泰偉,,,,,0.0
2026-09-15,TPEX,3066,李洲,23.65,25.05,23.4,24.15,1020277.0
2026-09-15,TPEX,3067,全域,,,,,0.0
2026-09-15,TPEX,3071,協禧,23.5,23.55,22.75,22.8,130101.0
2026-09-15,TPEX,3073,天方能源,21.6,21.65,21.0,21.0,15243.0
2026-09-15,TPEX,3078,僑威,43.5,43.9,43.5,43.5,342955.0
2026-09-15,TPEX,3081,聯亞,2725.0,2745.0,2650.0,2675.0,2327325.0
2026-09-15,TPEX,3083,網龍,22.15,22.15,21.7,21.75,120715.0
2026-09-15,TPEX,3085,新零售,11.15,11.5,11.15,11.4,3064.0
2026-09-15,TPEX,3086,華義*,29.25,29.65,28.7,28.7,74955.0
2026-09-15,TPEX,3088,艾訊,123.5,126.0,122.5,122.5,374015.0
2026-09-15,TPEX,3093,港建*,44.75,44.75,43.0,43.15,173435.0
2026-09-15,TPEX,3095,及成,36.75,36.75,34.7,35.15,5511.0
2026-09-15,TPEX,3105,穩懋,447.5,476.0,445.5,454.0,35941582.0
2026-09-15,TPEX,3114,好德,29.7,30.15,29.25,29.35,91246.0
2026-09-15,TPEX,3115,富榮綱,8.2,8.36,8.2,8.36,8027.0
2026-09-15,TPEX,3118,進階,31.4,31.65,31.3,31.65,19432.0
2026-09-15,TPEX,3122,笙泉,23.55,23.7,23.5,23.5,36536.0
2026-09-15,TPEX,3128,昇銳,20.6,21.95,20.3,20.8,617312.0
2026-09-15,TPEX,3131,弘塑,2295.0,2420.0,2295.0,2320.0,247942.0
2026-09-15,TPEX,3141,晶宏,88.4,94.1,87.6,91.6,5172931.0
2026-09-15,TPEX,3147,大綜,229.0,233.5,225.0,227.0,764681.0
2026-09-15,TPEX,3152,璟德,219.5,222.5,217.0,217.0,56090.0
2026-09-15,TPEX,3158,嘉實,89.4,89.4,86.1,86.1,19997.0
2026-09-15,TPEX,3162,精確,71.8,71.8,68.0,68.0,2085302.0
2026-09-15,TPEX,3163,波若威,650.0,655.0,631.0,635.0,1323031.0
2026-09-15,TPEX,3169,亞信,100.0,101.0,99.6,100.0,77213.0
2026-09-15,TPEX,3171,炎洲流通,59.6,59.6,58.6,59.2,4661.0
2026-09-15,TPEX,3176,基亞,36.5,39.0,36.5,38.05,1020947.0
2026-09-15,TPEX,3178,公準,58.2,59.9,58.2,59.5,45180.0
2026-09-15,TPEX,3188,鑫龍騰,23.75,23.75,23.45,23.45,89685.0
2026-09-15,TPEX,3191,雲嘉南,16.4,16.75,16.4,16.5,6344.0
2026-09-15,TPEX,3205,佰研,46.4,46.4,46.35,46.35,5314.0
2026-09-15,TPEX,3206,志豐,34.95,34.95,34.45,34.7,12020.0
2026-09-15,TPEX,3207,耀勝,36.7,37.2,36.35,36.65,83340.0
2026-09-15,TPEX,3211,順達,361.0,369.5,358.0,361.0,1922012.0
2026-09-15,TPEX,3213,茂訊,121.0,122.0,120.5,121.0,100297.0
2026-09-15,TPEX,3217,優群,126.0,127.5,126.0,127.0,163003.0
2026-09-15,TPEX,3218,大學光,134.0,135.0,133.0,133.0,106800.0
2026-09-15,TPEX,3219,倚強科,85.4,86.0,83.5,83.5,367965.0
2026-09-15,TPEX,3221,台嘉碩,45.8,47.85,45.8,46.3,1198978.0
2026-09-15,TPEX,3224,三顧,33.2,33.2,32.3,32.75,4001.0
2026-09-15,TPEX,3226,龍鋒,55.1,55.9,55.0,55.5,36004.0
2026-09-15,TPEX,3227,原相,182.0,182.0,180.0,180.0,538364.0
2026-09-15,TPEX,3228,金麗科,164.0,164.5,160.0,160.5,217170.0
2026-09-15,TPEX,3230,錦明,41.5,41.8,41.3,41.3,205073.0
2026-09-15,TPEX,3232,昱捷,19.85,21.55,19.85,21.55,263166.0
2026-09-15,TPEX,3234,光環,172.5,173.5,163.0,163.5,2378824.0
2026-09-15,TPEX,3236,千如,43.1,44.45,42.45,42.45,1329897.0
2026-09-15,TPEX,3252,海灣,15.35,15.35,15.0,15.3,22000.0
2026-09-15,TPEX,3259,鑫創,11.0,11.05,10.9,10.9,25511.0
2026-09-15,TPEX,3260,威剛,395.0,395.0,385.0,388.5,6137629.0
2026-09-15,TPEX,3264,欣銓,225.0,228.5,220.5,221.0,4635768.0
2026-09-15,TPEX,3265,台星科,162.0,165.5,160.5,160.5,334570.0
2026-09-15,TPEX,3268,海德威,17.35,17.35,17.0,17.0,44151.0
2026-09-15,TPEX,3272,東碩,14.0,14.05,13.95,14.05,22782.0
2026-09-15,TPEX,3276,宇環,13.95,14.0,13.55,13.55,142742.0
2026-09-15,TPEX,3284,太普高,19.3,19.7,19.2,19.25,64502.0
2026-09-15,TPEX,3285,微端,39.8,41.5,38.3,38.3,26663.0
2026-09-15,TPEX,3287,廣寰科,34.55,34.75,34.4,34.4,60377.0
2026-09-15,TPEX,3288,點晶,19.2,20.9,19.2,20.65,46212.0
2026-09-15,TPEX,3289,宜特,134.5,134.5,129.5,129.5,374139.0
2026-09-15,TPEX,3290,東浦,45.8,47.2,45.8,46.6,361131.0
2026-09-15,TPEX,3293,鈊象,699.0,701.0,695.0,696.0,861938.0
2026-09-15,TPEX,3294,英濟,28.75,29.4,28.65,28.65,207283.0
2026-09-15,TPEX,3297,杭特,28.8,30.85,28.4,30.85,348694.0
2026-09-15,TPEX,3303,岱稜,47.7,48.85,47.7,48.35,245963.0
2026-09-15,TPEX,3306,鼎天,46.55,46.55,45.15,45.35,142209.0
2026-09-15,TPEX,3310,佳穎,69.4,69.4,67.9,68.9,23029.0
2026-09-15,TPEX,3313,斐成,10.7,10.7,10.5,10.65,39752.0
2026-09-15,TPEX,3317,尼克森,55.1,55.2,53.7,53.8,220799.0
2026-09-15,TPEX,3322,建舜電,10.65,10.9,10.45,10.55,396772.0
2026-09-15,TPEX,3323,加百裕,26.75,27.2,26.6,26.6,143397.0
2026-09-15,TPEX,3324,雙鴻,1310.0,1365.0,1240.0,1260.0,4312127.0
2026-09-15,TPEX,3325,旭品,11.2,11.3,11.0,11.1,99215.0
2026-09-15,TPEX,3332,幸康,61.5,61.5,60.1,61.4,6200.0
2026-09-15,TPEX,3339,泰谷,42.35,42.4,40.9,41.5,687219.0
2026-09-15,TPEX,3349,寶德,19.9,20.1,19.5,20.1,1390100.0
2026-09-15,TPEX,3354,律勝,27.45,30.2,27.3,27.75,1550551.0
2026-09-15,TPEX,3357,臺慶科,200.0,204.5,199.0,199.0,573605.0
2026-09-15,TPEX,3360,尚立,14.4,14.45,14.0,14.05,294700.0
2026-09-15,TPEX,3362,先進光,170.0,176.0,166.5,168.0,3535910.0
2026-09-15,TPEX,3363,上詮,669.0,672.0,647.0,648.0,2659036.0
2026-09-15,TPEX,3372,典範,14.55,14.55,14.15,14.2,309287.0
2026-09-15,TPEX,3373,熱映,15.8,15.85,15.8,15.8,18370.0
2026-09-15,TPEX,3374,精材,429.0,430.5,407.0,408.5,8081294.0
2026-09-15,TPEX,3379,彬台,26.9,27.3,26.85,26.95,40868.0
2026-09-15,TPEX,3388,崇越電,81.6,81.6,80.0,80.0,265851.0
2026-09-15,TPEX,3390,旭軟,21.65,21.65,21.2,21.4,113454.0
2026-09-15,TPEX,3402,漢科,123.5,124.5,123.0,123.0,95367.0
2026-09-15,TPEX,3430,奇鈦科,100.5,105.0,100.5,101.0,184120.0
2026-09-15,TPEX,3434,哲固,29.85,32.5,29.55,32.5,768201.0
2026-09-15,TPEX,3438,類比科,62.0,62.2,60.7,61.0,43127.0
2026-09-15,TPEX,3441,聯一光,162.0,176.5,159.0,169.5,37878010.0
2026-09-15,TPEX,3444,利機,77.7,78.4,77.0,77.2,72837.0
2026-09-15,TPEX,3455,由田,228.5,233.5,225.5,225.5,790129.0
2026-09-15,TPEX,3465,進泰電子,29.3,29.3,29.0,29.0,4000.0
2026-09-15,TPEX,3466,德晉,24.0,24.3,23.7,24.3,93925.0
2026-09-15,TPEX,3467,台灣精材,70.8,70.8,70.8,70.8,609713.0
2026-09-15,TPEX,3479,安勤,132.0,133.5,129.5,129.5,380107.0
2026-09-15,TPEX,3483,力致,76.0,76.2,73.3,73.4,232812.0
2026-09-15,TPEX,3484,崧騰,44.05,44.55,43.6,43.8,154749.0
2026-09-15,TPEX,3485,敘豐,189.5,191.5,187.0,187.0,64051.0
2026-09-15,TPEX,3489,森寶,21.25,21.5,21.0,21.3,78554.0
2026-09-15,TPEX,3490,單井,42.1,43.8,41.75,42.0,5456841.0
2026-09-15,TPEX,3491,昇達科,1390.0,1410.0,1340.0,1355.0,695432.0
2026-09-15,TPEX,3492,長盛,19.0,19.2,18.65,18.8,136357.0
2026-09-15,TPEX,3498,陽程,188.5,190.0,173.5,173.5,4027950.0
2026-09-15,TPEX,3499,環天科,13.1,13.2,12.9,12.95,29764.0
2026-09-15,TPEX,3508,位速,22.05,22.9,21.8,21.8,213421.0
2026-09-15,TPEX,3511,矽瑪,18.5,18.6,17.8,18.15,149422.0
2026-09-15,TPEX,3512,皇龍,19.2,19.2,19.05,19.05,22614.0
2026-09-15,TPEX,3516,亞帝歐,25.35,25.35,25.35,25.35,1885.0
2026-09-15,TPEX,3520,華盈,17.2,17.4,17.0,17.15,57288.0
2026-09-15,TPEX,3521,台鋼建設,12.2,12.3,12.05,12.05,13030.0
2026-09-15,TPEX,3522,御嵿,12.85,13.05,12.7,12.95,135897.0
2026-09-15,TPEX,3523,迎輝,15.85,15.85,15.85,15.85,50593.0
2026-09-15,TPEX,3526,凡甲,266.0,266.5,262.0,262.0,246477.0
2026-09-15,TPEX,3527,聚積,49.9,49.9,48.6,48.6,51537.0
2026-09-15,TPEX,3529,力旺,2720.0,2720.0,2610.0,2625.0,919837.0
2026-09-15,TPEX,3531,先益,,,,,0.0
2026-09-15,TPEX,3537,堡達,53.5,53.5,51.7,51.8,166906.0
2026-09-15,TPEX,3540,曜越,22.55,22.55,21.9,21.9,448202.0
2026-09-15,TPEX,3541,西柏,22.05,22.1,21.85,22.05,6052.0
2026-09-15,TPEX,3546,宇峻,72.4,72.4,71.6,72.0,54686.0
2026-09-15,TPEX,3548,兆利,78.6,78.6,76.4,76.4,102687.0
2026-09-15,TPEX,3551,世禾,169.5,170.5,168.0,168.5,91413.0
2026-09-15,TPEX,3552,同致,41.3,41.45,40.3,40.3,169479.0
2026-09-15,TPEX,3555,博士旺,183.5,185.5,171.0,171.0,65856.0
2026-09-15,TPEX,3556,禾瑞亞,55.7,56.0,55.6,55.8,91453.0
2026-09-15,TPEX,3558,神準,118.5,120.0,118.5,119.5,36668.0
2026-09-15,TPEX,3564,其陽,48.5,48.85,46.6,46.7,180776.0
2026-09-15,TPEX,3567,逸昌,25.25,25.4,25.0,25.0,19194.0
2026-09-15,TPEX,3570,大塚,168.0,169.0,167.5,167.5,18678.0
2026-09-15,TPEX,3577,泓格,112.0,112.5,109.5,109.5,110930.0
2026-09-15,TPEX,3580,友威科,85.8,90.0,85.8,88.0,1136177.0
2026-09-15,TPEX,3581,博磊,96.5,97.8,92.8,92.8,283128.0
2026-09-15,TPEX,3587,閎康,232.5,234.0,229.0,229.0,252485.0
2026-09-15,TPEX,3594,磐儀,46.35,46.75,45.4,45.45,235312.0
2026-09-15,TPEX,3597,映興,26.3,26.3,26.3,26.3,2000.0
2026-09-15,TPEX,3609,三一東林,20.0,20.75,19.3,20.75,380567.0
2026-09-15,TPEX,3611,鼎翰,182.0,183.0,180.5,180.5,24123.0
2026-09-15,TPEX,3615,安可,34.3,34.3,32.8,32.8,368912.0
2026-09-15,TPEX,3623,富晶通,26.85,27.05,26.0,26.05,354945.0
2026-09-15,TPEX,3624,光頡,122.5,129.5,120.0,123.5,33226569.0
2026-09-15,TPEX,3625,西勝,12.45,12.45,12.05,12.3,108385.0
2026-09-15,TPEX,3628,盈正,72.7,73.8,71.8,72.0,201078.0
2026-09-15,TPEX,3629,地心引力,17.0,19.6,17.0,19.6,11008.0
2026-09-15,TPEX,3630,新鉅科,25.9,26.3,25.75,25.75,353694.0
2026-09-15,TPEX,3631,晟楠,37.7,38.1,36.7,36.7,73451.0
2026-09-15,TPEX,3632,研勤,7.11,7.11,7.1,7.1,9644.0
2026-09-15,TPEX,3646,艾恩特,24.9,24.95,24.75,24.85,10137.0
2026-09-15,TPEX,3663,鑫科,58.2,61.2,58.1,60.0,621561.0
2026-09-15,TPEX,3664,安瑞-KY,6.98,7.67,6.98,7.67,47748.0
2026-09-15,TPEX,3666,光耀,25.0,25.0,25.0,25.0,3007.0
2026-09-15,TPEX,3672,康聯訊,11.8,11.85,11.8,11.8,17003.0
2026-09-15,TPEX,3675,德微,288.0,291.5,269.0,269.0,1995362.0
2026-09-15,TPEX,3680,家登,498.0,504.0,488.5,488.5,1418347.0
2026-09-15,TPEX,3684,榮昌,52.3,54.2,52.3,54.2,37136.0
2026-09-15,TPEX,3685,元創精密,36.5,36.65,35.65,35.65,277565.0
2026-09-15,TPEX,3687,歐買尬,61.4,61.6,60.5,61.4,26022.0
2026-09-15,TPEX,3689,湧德,106.5,107.0,105.5,105.5,430293.0
2026-09-15,TPEX,3691,碩禾,95.2,96.8,94.1,94.1,142630.0
2026-09-15,TPEX,3693,營邦,680.0,685.0,662.0,666.0,1945027.0
2026-09-15,TPEX,3707,漢磊,60.4,62.3,58.9,58.9,4103425.0
2026-09-15,TPEX,3709,鑫聯大投控,61.8,61.9,60.5,60.8,297766.0
2026-09-15,TPEX,3713,新晶投控,14.1,14.1,14.0,14.05,7038.0
2026-09-15,TPEX,3718,中光電投控,60.3,61.5,59.3,59.6,6287642.0
2026-09-15,TPEX,4102,永日,18.7,18.8,18.25,18.8,17785.0
2026-09-15,TPEX,4105,東洋,78.1,78.7,77.9,78.3,485403.0
2026-09-15,TPEX,4107,邦特,112.0,112.0,110.5,111.0,27703.0
2026-09-15,TPEX,4109,加捷生醫,11.05,11.15,10.9,11.05,83228.0
2026-09-15,TPEX,4111,濟生,28.6,28.75,28.6,28.65,25598.0
2026-09-15,TPEX,4113,聯上,15.8,16.0,15.7,15.9,146100.0
2026-09-15,TPEX,4114,健喬,29.45,29.5,29.3,29.35,483497.0
2026-09-15,TPEX,4116,明基醫,39.3,39.6,39.25,39.6,30000.0
2026-09-15,TPEX,4120,友華,47.0,47.0,45.5,46.95,23172.0
2026-09-15,TPEX,4121,優盛,12.85,12.85,12.6,12.65,19541.0
2026-09-15,TPEX,4123,晟德,30.1,30.75,30.1,30.35,1147336.0
2026-09-15,TPEX,4126,太醫,76.8,77.7,76.8,77.7,7627.0
2026-09-15,TPEX,4127,天良,62.8,62.8,59.0,59.0,132541.0
2026-09-15,TPEX,4128,中天,14.55,14.7,14.4,14.5,464232.0
2026-09-15,TPEX,4129,聯合,82.1,83.0,81.9,82.6,164242.0
2026-09-15,TPEX,4131,浩泰,31.4,31.4,31.4,31.4,1000.0
2026-09-15,TPEX,4138,曜亞,53.2,53.9,53.0,53.9,42214.0
2026-09-15,TPEX,4139,馬光-KY,40.0,41.9,40.0,40.45,24000.0
2026-09-15,TPEX,4147,中裕,59.7,60.3,59.5,59.6,304671.0
2026-09-15,TPEX,4153,鈺緯,31.9,31.9,31.8,31.8,5000.0
2026-09-15,TPEX,4154,樂威科-KY,11.75,11.8,11.75,11.8,24000.0
2026-09-15,TPEX,4157,太景*-KY,8.67,8.8,8.66,8.69,703059.0
2026-09-15,TPEX,4160,訊聯基因,39.7,39.7,38.8,39.55,5201.0
2026-09-15,TPEX,4161,聿新科,22.15,22.45,22.05,22.3,10245.0
2026-09-15,TPEX,4162,智擎,54.2,55.0,54.1,54.8,216179.0
2026-09-15,TPEX,4163,鐿鈦,130.0,132.0,130.0,132.0,19626.0
2026-09-15,TPEX,4166,友霖,24.05,24.05,23.65,23.8,35000.0
2026-09-15,TPEX,4167,松瑞藥,18.9,19.2,18.9,19.05,369273.0
2026-09-15,TPEX,4168,醣聯,21.5,21.9,21.5,21.6,49306.0
2026-09-15,TPEX,4171,瑞基,16.05,16.2,16.05,16.15,33217.0
2026-09-15,TPEX,4173,久裕,17.1,17.1,17.1,17.1,7448.0
2026-09-15,TPEX,4174,浩鼎,25.1,26.25,25.1,26.0,389319.0
2026-09-15,TPEX,4175,杏一,51.2,51.5,51.2,51.5,6511.0
2026-09-15,TPEX,4183,福永生技,13.2,13.2,13.2,13.2,1005.0
2026-09-15,TPEX,4188,安克,14.6,14.6,14.0,14.2,102478.0
2026-09-15,TPEX,4192,杏國,,,,,318.0
2026-09-15,TPEX,4198,欣大健康,49.5,49.95,49.5,49.9,3010.0
2026-09-15,TPEX,4205,中華食,68.8,68.9,68.8,68.9,12736.0
2026-09-15,TPEX,4207,環泰,19.35,19.35,19.3,19.3,103084.0
2026-09-15,TPEX,4303,信立,35.25,35.4,34.85,34.85,425680.0
2026-09-15,TPEX,4304,勝昱,16.05,16.1,15.5,15.5,155899.0
2026-09-15,TPEX,4305,世坤,42.5,42.5,41.8,42.0,8000.0
2026-09-15,TPEX,4401,東隆興,14.25,14.25,13.55,13.55,68722.0
2026-09-15,TPEX,4402,郡都開發,14.35,14.65,14.35,14.35,1422001.0
2026-09-15,TPEX,4406,新昕纖,9.85,10.1,9.85,10.1,152076.0
2026-09-15,TPEX,4413,飛寶企業,19.85,19.85,18.8,18.8,4062.0
2026-09-15,TPEX,4416,三圓,10.7,11.8,10.7,11.6,2133475.0
2026-09-15,TPEX,4417,金洲,49.65,49.65,49.3,49.45,73279.0
2026-09-15,TPEX,4419,皇家美食,45.2,46.7,45.1,46.6,15002.0
2026-09-15,TPEX,4420,光明,39.75,39.8,39.0,39.25,57654.0
2026-09-15,TPEX,4430,耀億,17.4,17.55,17.1,17.25,16946.0
2026-09-15,TPEX,4432,銘旺實,15.8,15.8,15.5,15.75,20490.0
2026-09-15,TPEX,4433,興采,18.2,18.8,18.2,18.4,165880.0
2026-09-15,TPEX,4442,竣邦-KY,56.8,57.0,55.7,56.6,89567.0
2026-09-15,TPEX,4502,健信,15.65,15.7,15.5,15.7,20060.0
2026-09-15,TPEX,4503,金雨,22.5,22.6,22.15,22.2,96849.0
2026-09-15,TPEX,4506,崇友,118.5,119.0,118.5,118.5,47696.0
2026-09-15,TPEX,4510,高鋒,41.8,42.45,41.8,41.85,439910.0
2026-09-15,TPEX,4513,福裕,15.5,15.6,15.25,15.25,120851.0
2026-09-15,TPEX,4523,永彰,23.8,23.8,23.35,23.45,37506.0
2026-09-15,TPEX,4527,方土霖,41.0,41.0,40.5,40.8,21009.0
2026-09-15,TPEX,4528,江興鍛,15.15,15.15,14.8,14.85,19691.0
2026-09-15,TPEX,4529,淳紳,3.54,3.54,3.54,3.54,25000.0
2026-09-15,TPEX,4530,天意能創,25.7,25.7,25.7,25.7,1000.0
2026-09-15,TPEX,4533,協易機,24.55,24.55,24.05,24.35,413419.0
2026-09-15,TPEX,4534,慶騰,27.85,28.2,27.25,27.25,260235.0
2026-09-15,TPEX,4535,至興,27.0,27.0,26.2,26.9,20172.0
2026-09-15,TPEX,4538,大詠城,17.5,17.65,17.2,17.3,15000.0
2026-09-15,TPEX,4541,晟田,56.6,57.4,56.1,56.3,559940.0
2026-09-15,TPEX,4542,科嶠,249.0,266.0,249.0,250.0,317991.0
2026-09-15,TPEX,4543,萬在,27.6,28.0,27.55,27.6,65995.0
2026-09-15,TPEX,4549,桓達,94.6,94.6,93.0,94.2,45422.0
2026-09-15,TPEX,4550,長佳,24.2,24.2,24.2,24.2,6255.0
2026-09-15,TPEX,4554,橙的,28.0,28.35,28.0,28.1,10781.0
2026-09-15,TPEX,4556,旭然,92.0,95.2,84.4,85.0,1491156.0
2026-09-15,TPEX,4558,寶緯,17.25,17.25,17.05,17.25,6860.0
2026-09-15,TPEX,4561,健椿,39.5,40.4,39.5,39.5,54236.0
2026-09-15,TPEX,4563,百德,45.0,45.05,44.5,44.65,42874.0
2026-09-15,TPEX,4568,科際精密,39.85,39.85,39.85,39.85,2065.0
2026-09-15,TPEX,4577,達航科技,83.7,84.5,82.2,84.5,317934.0
2026-09-15,TPEX,4580,捷流閥業,80.8,80.8,80.1,80.8,42365.0
2026-09-15,TPEX,4584,君帆,37.5,37.5,37.0,37.0,10382.0
2026-09-15,TPEX,4609,唐鋒,4.24,4.24,4.24,4.24,1000.0
2026-09-15,TPEX,4702,中美實,9.19,9.29,9.18,9.25,15712.0
2026-09-15,TPEX,4706,大恭,35.8,35.95,34.1,34.1,20699.0
2026-09-15,TPEX,4707,磐亞,25.85,26.3,25.65,26.15,1007707.0
2026-09-15,TPEX,4711,永純,16.4,16.4,16.2,16.3,12722.0
2026-09-15,TPEX,4714,永捷,11.5,11.7,11.1,11.1,1994834.0
2026-09-15,TPEX,4716,大立,16.6,16.6,16.3,16.3,282790.0
2026-09-15,TPEX,4721,美琪瑪,71.1,72.8,70.8,71.0,221450.0
2026-09-15,TPEX,4726,永昕,22.95,23.0,22.45,22.6,82103.0
2026-09-15,TPEX,4728,雙美,395.0,395.0,392.5,395.0,6247.0
2026-09-15,TPEX,4729,熒茂,18.35,18.35,18.2,18.3,31000.0
2026-09-15,TPEX,4735,豪展,35.7,35.7,35.5,35.6,14202.0
2026-09-15,TPEX,4741,泓瀚,38.25,38.25,36.8,36.8,65659.0
2026-09-15,TPEX,4743,合一,43.9,44.4,43.25,43.5,731760.0
2026-09-15,TPEX,4744,皇將,26.65,27.6,26.6,27.45,65107.0
2026-09-15,TPEX,4745,合富-KY,11.55,11.65,11.5,11.65,17000.0
2026-09-15,TPEX,4747,強生*,25.0,25.0,24.45,24.5,21121.0
2026-09-15,TPEX,4749,新應材,709.0,715.0,704.0,705.0,258088.0
2026-09-15,TPEX,4754,國碳科,37.25,37.3,36.95,37.15,28272.0
2026-09-15,TPEX,4760,勤凱,262.0,269.5,257.0,257.0,361781.0
2026-09-15,TPEX,4767,誠泰科技,28.3,28.3,27.45,27.75,6000.0
2026-09-15,TPEX,4768,晶呈科技,301.0,302.0,292.5,292.5,237116.0
2026-09-15,TPEX,4772,台特化,238.5,238.5,235.0,238.5,247482.0
2026-09-15,TPEX,4806,桂田文創,,,,,290.0
2026-09-15,TPEX,4903,聯光通,34.8,34.95,33.8,34.2,839360.0
2026-09-15,TPEX,4905,台聯電,76.1,77.1,75.6,76.5,49550.0
2026-09-15,TPEX,4907,富宇,43.85,44.2,43.1,43.9,53269.0
2026-09-15,TPEX,4908,前鼎,223.0,245.0,218.0,224.0,7738240.0
2026-09-15,TPEX,4909,新復興,33.75,34.1,33.3,33.45,270258.0
2026-09-15,TPEX,4911,德英,28.5,28.5,28.1,28.4,6020.0
2026-09-15,TPEX,4923,力士,51.8,55.2,51.8,53.1,268178.0
2026-09-15,TPEX,4924,欣厚-KY,13.5,13.5,13.5,13.5,488153.0
2026-09-15,TPEX,4931,新盛力,229.5,233.0,225.0,225.0,1854422.0
2026-09-15,TPEX,4933,友輝,51.2,51.5,50.8,51.2,26419.0
2026-09-15,TPEX,4939,亞電,80.2,82.8,77.7,78.0,7960749.0
2026-09-15,TPEX,4946,辣椒,91.8,92.2,91.8,92.2,2346.0
2026-09-15,TPEX,4950,金耘國際,15.7,16.0,15.45,15.7,67480.0
2026-09-15,TPEX,4951,精拓科,81.1,81.9,79.8,80.2,184545.0
2026-09-15,TPEX,4953,緯致,124.5,125.5,120.5,121.0,713191.0
2026-09-15,TPEX,4966,譜瑞-KY,538.0,538.0,522.0,523.0,252891.0
2026-09-15,TPEX,4971,IET-KY,524.0,557.0,520.0,522.0,1435380.0
2026-09-15,TPEX,4972,湯石照明,16.3,16.35,16.25,16.25,7454.0
2026-09-15,TPEX,4973,廣穎,136.5,137.5,135.0,135.0,530207.0
2026-09-15,TPEX,4974,亞泰,70.6,70.8,70.2,70.3,48755.0
2026-09-15,TPEX,4979,華星光,542.0,542.0,501.0,509.0,1855133.0
2026-09-15,TPEX,4991,環宇-KY,445.5,448.0,418.0,418.0,2973687.0
2026-09-15,TPEX,4995,晶達,51.6,52.0,50.8,51.9,20152.0
2026-09-15,TPEX,5009,榮剛,31.8,32.2,31.8,31.95,1418789.0
2026-09-15,TPEX,5011,久陽,18.3,18.3,17.85,17.85,153612.0
2026-09-15,TPEX,5013,強新,28.35,30.0,28.35,30.0,51509.0
2026-09-15,TPEX,5014,建錩,9.89,9.89,9.76,9.76,94336.0
2026-09-15,TPEX,5015,華祺,21.75,21.8,21.75,21.8,10201.0
2026-09-15,TPEX,5016,松和,24.15,24.6,24.15,24.35,19000.0
2026-09-15,TPEX,5201,凱衛,29.85,31.2,29.85,30.5,187444.0
2026-09-15,TPEX,5202,力新,12.8,14.15,12.75,14.15,1999327.0
2026-09-15,TPEX,5205,中茂,18.7,18.7,18.7,18.7,1001.0
2026-09-15,TPEX,5206,坤悅,21.0,22.0,21.0,21.3,1211167.0
2026-09-15,TPEX,5209,新鼎,175.0,175.0,171.5,172.5,125247.0
2026-09-15,TPEX,5210,寶碩,28.95,28.95,28.5,28.5,64985.0
2026-09-15,TPEX,5211,蒙恬,21.0,21.0,20.4,20.6,64581.0
2026-09-15,TPEX,5212,凌網,46.95,46.95,46.1,46.35,14468.0
2026-09-15,TPEX,5213,亞昕,20.6,20.6,20.35,20.4,111754.0
2026-09-15,TPEX,5220,萬達光電,19.55,19.75,19.4,19.75,18059.0
2026-09-15,TPEX,5223,安力-KY,23.1,23.15,22.9,22.9,9006.0
2026-09-15,TPEX,5227,立凱-KY,30.1,30.1,29.1,29.1,172660.0
2026-09-15,TPEX,5228,鈺鎧,39.7,40.1,38.8,38.8,152065.0
2026-09-15,TPEX,5230,雷笛克光學,18.5,18.8,18.2,18.3,160410.0
2026-09-15,TPEX,5245,智晶,22.55,22.55,21.05,21.05,67507.0
2026-09-15,TPEX,5251,天鉞電,27.65,29.15,27.0,29.15,677617.0
2026-09-15,TPEX,5263,智崴,91.2,91.2,88.0,89.4,372064.0
2026-09-15,TPEX,5272,笙科,16.8,16.8,16.4,16.5,62349.0
2026-09-15,TPEX,5274,信驊,17980.0,18160.0,17405.0,17520.0,126816.0
2026-09-15,TPEX,5276,達輝-KY,17.9,17.9,17.9,17.9,1000.0
2026-09-15,TPEX,5278,尚凡*,23.45,23.5,23.2,23.3,45822.0
2026-09-15,TPEX,5287,數字,135.0,135.0,134.5,134.5,30674.0
2026-09-15,TPEX,5289,宜鼎,1295.0,1305.0,1260.0,1275.0,970507.0
2026-09-15,TPEX,5291,邑昇,57.3,59.7,56.5,56.7,463187.0
2026-09-15,TPEX,5299,杰力,93.0,93.5,92.1,92.3,53905.0
2026-09-15,TPEX,5301,寶得利,5.06,5.2,5.0,5.0,40389.0
2026-09-15,TPEX,5302,太欣,9.66,9.72,9.6,9.6,184731.0
2026-09-15,TPEX,5309,系統電,49.5,49.7,49.1,49.25,526073.0
2026-09-15,TPEX,5310,天剛,25.0,25.0,25.0,25.0,9280.0
2026-09-15,TPEX,5312,寶島科,91.0,91.0,89.7,89.7,6281.0
2026-09-15,TPEX,5314,世紀*,34.2,34.2,34.2,34.2,6990407.0
2026-09-15,TPEX,5315,光聯,18.05,18.15,18.0,18.0,72372.0
2026-09-15,TPEX,5321,美而快,72.8,73.6,66.0,66.4,728618.0
2026-09-15,TPEX,5324,士開,12.25,12.3,12.2,12.25,238096.0
2026-09-15,TPEX,5328,華容,53.9,55.2,51.5,51.5,3744722.0
2026-09-15,TPEX,5340,建榮,83.9,85.5,81.7,81.8,2699824.0
2026-09-15,TPEX,5344,立衛,13.1,13.15,13.1,13.15,8100.0
2026-09-15,TPEX,5345,馥鴻,21.0,21.0,21.0,21.0,7057.0
2026-09-15,TPEX,5347,世界,157.5,157.5,153.0,153.0,8949913.0
2026-09-15,TPEX,5348,正能量智能,15.45,16.15,15.35,16.0,11131.0
2026-09-15,TPEX,5351,鈺創,105.0,106.0,102.5,102.5,6367192.0
2026-09-15,TPEX,5353,台林,28.0,28.0,27.3,27.6,24060.0
2026-09-15,TPEX,5355,佳總,6.01,6.54,6.01,6.54,502059.0
2026-09-15,TPEX,5356,協益,25.85,25.85,25.75,25.85,21488.0
2026-09-15,TPEX,5364,力麗店,8.32,8.43,8.29,8.33,50248.0
2026-09-15,TPEX,5381,光譜,22.8,23.05,22.65,22.65,243452.0
2026-09-15,TPEX,5386,青雲,294.5,298.0,279.0,279.5,2331882.0
2026-09-15,TPEX,5392,能率,40.2,40.2,39.2,39.2,501425.0
2026-09-15,TPEX,5398,慕康生醫,14.3,14.5,14.25,14.25,15027.0
2026-09-15,TPEX,5403,中菲,93.2,93.2,92.7,93.1,31672.0
2026-09-15,TPEX,5410,國眾,33.1,33.2,32.7,32.8,201998.0
2026-09-15,TPEX,5425,台半,88.8,93.6,88.8,89.4,14780798.0
2026-09-15,TPEX,5426,振發,27.55,27.85,27.15,27.15,258532.0
2026-09-15,TPEX,5432,新門,145.5,146.5,143.0,143.0,55765.0
2026-09-15,TPEX,5438,東友,16.4,16.6,16.35,16.35,24257.0
2026-09-15,TPEX,5439,高技,245.0,247.5,237.5,237.5,961364.0
2026-09-15,TPEX,5443,均豪,103.0,105.0,102.0,102.0,956935.0
2026-09-15,TPEX,5450,南良,14.5,14.5,14.35,14.35,39381.0
2026-09-15,TPEX,5452,佶優,25.7,25.85,25.45,25.45,249421.0
2026-09-15,TPEX,5455,昇益,29.6,29.6,29.0,29.45,3169.0
2026-09-15,TPEX,5457,宣德,24.5,24.85,24.15,24.4,631179.0
2026-09-15,TPEX,5460,同協,16.7,16.7,16.55,16.7,20564.0
2026-09-15,TPEX,5464,霖宏,89.4,89.4,85.0,85.2,731348.0
2026-09-15,TPEX,5465,富驊,24.3,24.3,24.1,24.2,40090.0
2026-09-15,TPEX,5468,凱鈺,24.55,24.8,24.2,24.2,140161.0
2026-09-15,TPEX,5474,聰泰,151.5,152.5,150.0,150.5,111520.0
2026-09-15,TPEX,5475,德宏,173.0,179.5,169.5,170.0,3656454.0
2026-09-15,TPEX,5478,智冠,96.8,96.9,96.5,96.6,41840.0
2026-09-15,TPEX,5481,新華,21.25,21.25,20.6,21.2,178024.0
2026-09-15,TPEX,5483,中美晶,176.5,185.5,175.0,176.0,12220236.0
2026-09-15,TPEX,5487,通泰,28.9,29.85,28.9,29.6,32705.0
2026-09-15,TPEX,5488,松普,11.6,11.7,11.5,11.6,187529.0
2026-09-15,TPEX,5489,彩富,39.95,39.95,39.25,39.4,47621.0
2026-09-15,TPEX,5490,同亨,25.3,25.4,25.0,25.0,272470.0
2026-09-15,TPEX,5493,三聯,84.4,84.4,82.9,83.3,28681.0
2026-09-15,TPEX,5498,凱崴,50.4,51.0,49.05,49.05,690207.0
2026-09-15,TPEX,5508,永信建,52.1,52.5,51.7,51.9,157735.0
2026-09-15,TPEX,5511,德昌,69.2,69.5,69.0,69.1,94714.0
2026-09-15,TPEX,5512,力麒,7.73,7.74,7.64,7.67,638044.0
2026-09-15,TPEX,5514,三豐,15.2,15.3,15.15,15.15,4241.0
2026-09-15,TPEX,5516,雙喜,11.75,12.0,11.65,11.9,7500.0
2026-09-15,TPEX,5520,力泰,82.0,82.0,81.5,81.8,12000.0
2026-09-15,TPEX,5523,豐謙,30.2,30.35,30.2,30.35,18000.0
2026-09-15,TPEX,5529,鉅陞,25.2,26.15,24.05,24.7,778648.0
2026-09-15,TPEX,5530,龍巖,49.55,49.85,49.3,49.85,101463.0
2026-09-15,TPEX,5536,聖暉*,841.0,865.0,828.0,837.0,407593.0
2026-09-15,TPEX,5543,桓鼎-KY,28.2,28.2,26.5,27.45,13020.0
2026-09-15,TPEX,5547,久舜,19.85,19.9,19.85,19.9,10183.0
2026-09-15,TPEX,5548,安倉,20.3,20.3,20.15,20.3,9390.0
2026-09-15,TPEX,5601,台聯櫃,,,,,0.0
2026-09-15,TPEX,5603,陸海,13.6,13.6,13.4,13.55,59310.0
2026-09-15,TPEX,5604,中連,30.85,30.85,30.85,30.85,9345.0
2026-09-15,TPEX,5609,中菲行,78.9,78.9,78.3,78.4,83739.0
2026-09-15,TPEX,5701,劍湖山,4.11,4.23,4.1,4.23,122502.0
2026-09-15,TPEX,5703,亞都,,,,,275.0
2026-09-15,TPEX,5704,老爺知,22.9,22.9,22.55,22.65,28893.0
2026-09-15,TPEX,5864,致和證,35.3,35.4,34.1,34.1,1869690.0
2026-09-15,TPEX,5878,台名,38.1,38.1,38.05,38.05,3184.0
2026-09-15,TPEX,5902,德記,34.25,34.5,34.05,34.4,114162.0
2026-09-15,TPEX,5903,全家,184.0,185.0,183.5,184.5,19441.0
2026-09-15,TPEX,5904,寶雅*,73.0,73.8,72.5,73.0,5391606.0
2026-09-15,TPEX,5905,南仁湖,7.38,7.4,7.3,7.31,219200.0
2026-09-15,TPEX,6015,宏遠證,17.25,17.25,16.75,16.85,1681164.0
2026-09-15,TPEX,6016,康和證,22.5,22.6,21.85,21.9,3935592.0
2026-09-15,TPEX,6020,大展證,20.55,20.55,20.3,20.45,9098.0
2026-09-15,TPEX,6021,美好證,44.8,44.9,43.8,44.2,471137.0
2026-09-15,TPEX,6023,元大期,84.8,84.9,84.3,84.4,329074.0
2026-09-15,TPEX,6026,福邦證,15.25,15.3,15.0,15.0,914802.0
2026-09-15,TPEX,6028,公勝保經,95.0,95.2,94.2,94.2,12164.0
2026-09-15,TPEX,6101,寬魚國際,38.2,38.35,37.5,38.0,368329.0
2026-09-15,TPEX,6103,合邦,29.8,30.4,29.35,29.35,12222.0
2026-09-15,TPEX,6104,創惟,91.1,91.2,89.2,89.2,276744.0
2026-09-15,TPEX,6109,亞元,10.75,10.75,10.4,10.45,156422.0
2026-09-15,TPEX,6111,光聚晶電,34.1,34.1,33.2,33.3,142296.0
2026-09-15,TPEX,6113,亞矽,22.5,22.55,22.0,22.05,38982.0
2026-09-15,TPEX,6114,久威,23.55,23.55,22.7,22.8,30092.0
2026-09-15,TPEX,6118,建達,15.1,15.15,14.85,15.1,62706.0
2026-09-15,TPEX,6121,新普,378.5,378.5,372.5,373.0,329478.0
2026-09-15,TPEX,6122,擎邦,51.5,51.5,50.7,50.7,252830.0
2026-09-15,TPEX,6123,上奇,42.95,43.5,42.9,42.95,66164.0
2026-09-15,TPEX,6124,業強,27.0,27.0,26.5,26.5,3371.0
2026-09-15,TPEX,6125,廣運,48.0,48.35,47.55,47.55,437747.0
2026-09-15,TPEX,6126,信音,28.8,29.05,28.45,28.5,298858.0
2026-09-15,TPEX,6127,九豪,47.15,48.8,46.75,46.75,2077268.0
2026-09-15,TPEX,6129,普誠,14.2,14.2,13.45,13.55,264185.0
2026-09-15,TPEX,6130,上亞科技,24.2,24.5,23.2,24.0,503530.0
2026-09-15,TPEX,6134,萬旭,28.35,28.7,27.95,28.15,55153.0
2026-09-15,TPEX,6138,茂達,268.5,271.0,264.0,265.0,225071.0
2026-09-15,TPEX,6140,訊達,20.05,20.05,20.05,20.05,329406.0
2026-09-15,TPEX,6143,振曜,80.2,82.6,80.0,81.3,507944.0
2026-09-15,TPEX,6144,得利影,13.25,13.25,12.8,13.1,14035.0
2026-09-15,TPEX,6146,耕興,179.0,181.0,178.0,178.0,221350.0
2026-09-15,TPEX,6147,頎邦,194.5,206.5,194.5,200.0,64635262.0
2026-09-15,TPEX,6148,驊宏資,37.5,37.5,35.7,37.5,4829428.0
2026-09-15,TPEX,6150,撼訊,60.4,62.0,60.0,60.1,148846.0
2026-09-15,TPEX,6151,晉倫,34.5,34.5,34.2,34.25,66714.0
2026-09-15,TPEX,6154,順發,13.95,14.05,13.85,14.05,15269.0
2026-09-15,TPEX,6156,松上,20.05,20.15,19.9,20.05,256831.0
2026-09-15,TPEX,6158,禾昌,17.0,17.0,16.65,16.8,23211.0
2026-09-15,TPEX,6160,欣技,14.25,14.45,14.2,14.3,51372.0
2026-09-15,TPEX,6161,捷波,48.3,48.8,47.7,47.7,63145.0
2026-09-15,TPEX,6163,華電網,39.35,41.2,39.3,39.75,1561183.0
2026-09-15,TPEX,6167,久正,10.05,10.05,9.97,9.98,144234.0
2026-09-15,TPEX,6169,昱泉,12.15,12.15,12.15,12.15,2011.0
2026-09-15,TPEX,6170,統振,48.05,48.1,47.95,48.0,88222.0
2026-09-15,TPEX,6171,大城地產,25.6,25.85,25.25,25.85,5975.0
2026-09-15,TPEX,6173,信昌電,299.0,308.0,289.5,294.5,29159900.0
2026-09-15,TPEX,6174,安碁,41.85,43.35,41.35,42.45,594714.0
2026-09-15,TPEX,6175,立敦,69.3,70.3,68.8,69.0,345631.0
2026-09-15,TPEX,6179,亞通,33.9,35.4,33.15,34.85,9458277.0
2026-09-15,TPEX,6180,橘子,41.15,41.4,40.7,40.7,133557.0
2026-09-15,TPEX,6182,合晶,103.5,110.5,103.0,105.5,40671663.0
2026-09-15,TPEX,6185,幃翔,12.4,12.5,12.2,12.25,407432.0
2026-09-15,TPEX,6186,新潤,30.15,30.15,29.25,29.6,778834.0
2026-09-15,TPEX,6187,萬潤,1230.0,1265.0,1210.0,1215.0,1133122.0
2026-09-15,TPEX,6188,廣明,62.1,62.6,61.6,61.6,466602.0
2026-09-15,TPEX,6190,萬泰科,66.4,66.9,65.7,66.0,608694.0
2026-09-15,TPEX,6194,育富,30.0,30.3,29.95,30.3,72353.0
2026-09-15,TPEX,6195,詩肯,27.55,27.7,27.45,27.7,10070.0
2026-09-15,TPEX,6198,瑞築,,,,,0.0
2026-09-15,TPEX,6199,天品,100.5,102.5,98.0,102.5,3110233.0
2026-09-15,TPEX,6203,海韻電,60.0,60.4,59.3,59.3,40124.0
2026-09-15,TPEX,6204,艾華,91.0,91.8,89.5,89.5,210115.0
2026-09-15,TPEX,6207,雷科,106.0,109.5,104.0,104.0,1925074.0
2026-09-15,TPEX,6208,日揚,73.1,73.3,72.0,72.0,118644.0
2026-09-15,TPEX,6210,慶生,16.45,17.3,16.45,16.8,9207.0
2026-09-15,TPEX,6212,理銘,33.15,33.15,33.15,33.15,1500.0
2026-09-15,TPEX,6217,中探針,159.0,169.5,156.0,156.5,2960973.0
2026-09-15,TPEX,6218,豪勉,44.75,49.25,44.15,49.25,3926305.0
2026-09-15,TPEX,6219,富旺,12.25,12.25,12.0,12.0,25050.0
2026-09-15,TPEX,6220,岳豐,25.35,25.75,25.3,25.45,98249.0
2026-09-15,TPEX,6221,晉泰,28.15,28.15,28.15,28.15,1058647.0
2026-09-15,TPEX,6222,立軒,19.1,19.2,18.55,18.6,18397.0
2026-09-15,TPEX,6223,旺矽,5685.0,5800.0,5430.0,5440.0,658309.0
2026-09-15,TPEX,6227,茂綸,127.0,134.5,124.5,132.5,2681203.0
2026-09-15,TPEX,6228,全譜,,,,,181.0
2026-09-15,TPEX,6229,研通,23.9,23.9,23.2,23.2,24023.0
2026-09-15,TPEX,6231,系微,210.0,214.5,205.5,205.5,278589.0
2026-09-15,TPEX,6233,旺玖,20.3,20.3,20.0,20.05,77003.0
2026-09-15,TPEX,6234,高僑,33.75,34.3,33.5,33.5,139299.0
2026-09-15,TPEX,6236,中湛,,,,,0.0
2026-09-15,TPEX,6237,驊訊,33.85,33.85,33.2,33.2,79238.0
2026-09-15,TPEX,6240,松崗,23.1,25.45,23.1,24.6,165863.0
2026-09-15,TPEX,6241,鑫永洋,15.45,15.8,15.2,15.8,33427.0
2026-09-15,TPEX,6242,立康,33.85,34.0,33.7,33.8,9167.0
2026-09-15,TPEX,6244,茂迪,22.15,22.35,21.7,21.7,1026438.0
2026-09-15,TPEX,6245,立端,87.2,88.5,83.5,83.7,2063271.0
2026-09-15,TPEX,6246,臺龍,12.7,12.7,12.7,12.7,1010.0
2026-09-15,TPEX,6248,沛波,16.6,16.8,16.6,16.8,29433.0
2026-09-15,TPEX,6259,百徽,28.2,28.4,27.8,27.8,89307.0
2026-09-15,TPEX,6261,久元,73.6,76.8,73.0,75.5,391978.0
2026-09-15,TPEX,6263,普萊德,154.5,155.5,152.0,153.0,48609.0
2026-09-15,TPEX,6264,富裔,6.03,6.03,5.94,6.02,77671.0
2026-09-15,TPEX,6265,方土昶,48.5,49.55,47.1,47.1,1897395.0
2026-09-15,TPEX,6266,泰詠,24.85,25.15,24.75,24.85,83573.0
2026-09-15,TPEX,6270,倍微,27.75,28.5,27.75,28.05,73288.0
2026-09-15,TPEX,6274,台燿,1430.0,1450.0,1370.0,1370.0,6653166.0
2026-09-15,TPEX,6275,元山,45.0,45.3,44.75,44.8,95685.0
2026-09-15,TPEX,6276,安鈦克,19.05,19.5,19.05,19.1,7670.0
2026-09-15,TPEX,6279,胡連,111.5,111.5,110.0,110.5,242835.0
2026-09-15,TPEX,6284,佳邦,75.1,77.7,75.0,75.0,577231.0
2026-09-15,TPEX,6290,良維,260.0,265.5,253.5,253.5,1658242.0
2026-09-15,TPEX,6291,沛亨,459.0,467.5,445.0,446.0,914410.0
2026-09-15,TPEX,6292,迅德,66.5,66.5,63.7,64.1,318759.0
2026-09-15,TPEX,6294,智基,28.5,28.5,28.5,28.5,1717.0
2026-09-15,TPEX,6411,晶焱,76.9,77.5,75.8,75.8,164165.0
2026-09-15,TPEX,6417,韋僑,102.5,103.5,100.0,100.5,75761.0
2026-09-15,TPEX,6418,詠昇,34.4,35.2,34.4,34.7,64720.0
2026-09-15,TPEX,6419,京晨科,148.0,148.0,143.0,143.0,144677.0
2026-09-15,TPEX,6423,億而得,80.8,80.8,79.3,79.7,14916.0
2026-09-15,TPEX,6425,易發,61.2,61.6,59.6,59.6,145617.0
2026-09-15,TPEX,6432,今展科,52.6,54.0,52.2,52.2,189627.0
2026-09-15,TPEX,6435,大中,240.0,245.0,235.5,235.5,204509.0
2026-09-15,TPEX,6441,廣錠,23.85,24.45,23.6,24.3,196704.0
2026-09-15,TPEX,6461,益得,25.0,25.05,24.6,24.6,58969.0
2026-09-15,TPEX,6462,神盾,98.3,99.0,96.5,96.5,280612.0
2026-09-15,TPEX,6465,威潤,40.9,41.6,40.65,41.1,82066.0
2026-09-15,TPEX,6469,大樹,65.5,65.5,64.3,64.4,440684.0
2026-09-15,TPEX,6470,宇智,43.25,43.25,42.6,43.0,5412.0
2026-09-15,TPEX,6474,華豫寧,35.2,35.45,35.2,35.2,21006.0
2026-09-15,TPEX,6482,弘煜科,24.85,25.0,24.75,24.75,7035.0
2026-09-15,TPEX,6485,點序,59.5,59.5,58.5,58.5,113429.0
2026-09-15,TPEX,6486,互動,80.5,81.2,79.6,79.6,61514.0
2026-09-15,TPEX,6488,環球晶,901.0,959.0,895.0,914.0,8270423.0
2026-09-15,TPEX,6492,生華科,33.25,33.6,33.15,33.3,175768.0
2026-09-15,TPEX,6494,九齊,49.5,49.9,48.8,49.05,45539.0
2026-09-15,TPEX,6496,科懋,24.5,24.7,24.5,24.7,3378.0
2026-09-15,TPEX,6498,久禾光,66.3,66.3,64.2,64.2,115074.0
2026-09-15,TPEX,6499,益安,70.4,71.8,70.0,70.5,129950.0
2026-09-15,TPEX,6506,雙邦,17.9,17.9,17.9,17.9,37502.0
2026-09-15,TPEX,6508,惠光,25.45,25.45,24.75,24.75,17413.0
2026-09-15,TPEX,6509,聚和,44.85,46.5,44.85,46.15,751220.0
2026-09-15,TPEX,6510,精測,3325.0,3390.0,3215.0,3255.0,796237.0
2026-09-15,TPEX,6512,啟發電,20.1,20.35,20.1,20.35,7402.0
2026-09-15,TPEX,6516,勤崴國際,55.9,56.9,54.9,56.9,153901.0
2026-09-15,TPEX,6517,保勝光學,62.1,62.6,61.0,61.0,177596.0
2026-09-15,TPEX,6523,達爾膚,89.3,89.4,89.3,89.4,15964.0
2026-09-15,TPEX,6527,明達醫,73.9,75.0,73.9,75.0,16150.0
2026-09-15,TPEX,6530,創威,90.1,93.0,89.4,89.5,1056590.0
2026-09-15,TPEX,6532,瑞耘,93.4,94.0,91.4,91.7,293384.0
2026-09-15,TPEX,6535,順藥,75.8,76.6,75.2,75.2,116426.0
2026-09-15,TPEX,6538,倉和,372.5,376.0,364.0,365.0,180586.0
2026-09-15,TPEX,6542,隆中,44.3,44.3,44.3,44.3,1000.0
2026-09-15,TPEX,6546,正基,59.9,59.9,58.7,59.1,110357.0
2026-09-15,TPEX,6547,高端疫苗,58.7,60.7,58.0,59.7,2562282.0
2026-09-15,TPEX,6548,長科*,72.4,73.4,71.2,71.7,1731770.0
2026-09-15,TPEX,6556,勝品,62.2,62.2,60.4,60.4,9092.0
2026-09-15,TPEX,6560,欣普羅,30.7,32.75,30.7,31.85,108300.0
2026-09-15,TPEX,6561,是方,313.5,313.5,307.0,308.0,115662.0
2026-09-15,TPEX,6568,宏觀,135.5,136.0,131.5,131.5,35574.0
2026-09-15,TPEX,6569,醫揚,90.5,90.5,89.9,89.9,13591.0
2026-09-15,TPEX,6570,維田,47.25,47.25,46.0,46.2,147693.0
2026-09-15,TPEX,6574,霈方,120.0,120.0,118.0,119.5,10718.0
2026-09-15,TPEX,6576,逸達,82.1,82.2,80.8,81.9,63004.0
2026-09-15,TPEX,6577,勁豐,79.0,79.4,78.5,79.4,18759.0
2026-09-15,TPEX,6578,達邦蛋白,17.15,17.15,16.85,17.0,26005.0
2026-09-15,TPEX,6584,南俊國際,554.0,557.0,537.0,537.0,195691.0
2026-09-15,TPEX,6588,東典光電,106.5,107.0,100.0,100.0,986507.0
2026-09-15,TPEX,6590,普鴻,64.8,68.7,62.7,68.7,159375.0
2026-09-15,TPEX,6593,台灣銘板,31.95,31.95,31.6,31.6,20796.0
2026-09-15,TPEX,6596,寬宏藝術,93.9,94.5,93.0,94.0,98728.0
2026-09-15,TPEX,6597,立誠,,,,,0.0
2026-09-15,TPEX,6603,富強鑫,25.65,25.9,25.0,25.05,2032700.0
2026-09-15,TPEX,6609,瀧澤科,38.8,39.0,38.7,38.85,108394.0
2026-09-15,TPEX,6612,奈米醫材,71.3,71.3,69.7,69.7,40162.0
2026-09-15,TPEX,6613,朋億*,251.0,258.5,249.5,255.0,178942.0
2026-09-15,TPEX,6615,慧智,33.7,33.7,33.7,33.7,2028.0
2026-09-15,TPEX,6616,特昇-KY,8.3,8.59,8.3,8.55,10050.0
2026-09-15,TPEX,6617,共信-KY,128.0,135.0,125.5,125.5,839935.0
2026-09-15,TPEX,6620,漢達,127.5,132.5,122.0,122.0,2060953.0
2026-09-15,TPEX,6624,萬年清,39.55,40.4,38.3,39.3,11137.0
2026-09-15,TPEX,6629,泰金-KY,104.0,104.0,103.0,103.0,7000.0
2026-09-15,TPEX,6637,醫影,54.0,54.0,53.2,54.0,10217.0
2026-09-15,TPEX,6640,均華,1140.0,1155.0,1100.0,1100.0,197881.0
2026-09-15,TPEX,6642,富致,75.4,76.4,75.1,75.1,51802.0
2026-09-15,TPEX,6643,M31,420.5,420.5,410.0,410.0,207079.0
2026-09-15,TPEX,6649,台生材,35.95,36.05,35.3,36.05,23003.0
2026-09-15,TPEX,6651,全宇昕,140.0,142.0,140.0,141.5,44761.0
2026-09-15,TPEX,6654,天正國際,202.0,204.0,199.0,199.0,16597.0
2026-09-15,TPEX,6661,威健生技,16.6,16.6,15.8,16.6,6079.0
2026-09-15,TPEX,6662,樂斯科,28.6,28.6,28.5,28.5,2000.0
2026-09-15,TPEX,6664,群翊,332.5,339.5,332.0,333.0,120011.0
2026-09-15,TPEX,6667,信紘科,245.5,246.5,236.0,236.0,188084.0
2026-09-15,TPEX,6679,鈺太,196.5,196.5,193.0,194.0,135781.0
2026-09-15,TPEX,6680,鑫創電子,53.8,53.8,53.8,53.8,1032.0
2026-09-15,TPEX,6683,雍智科技,1390.0,1465.0,1390.0,1450.0,2204135.0
2026-09-15,TPEX,6684,安格,45.4,45.5,44.2,44.4,42174.0
2026-09-15,TPEX,6690,安碁資訊,201.0,201.0,182.5,183.5,2303078.0
2026-09-15,TPEX,6692,進能服,,,,,6.0
2026-09-15,TPEX,6693,廣閎科,178.0,181.5,173.5,173.5,793281.0
2026-09-15,TPEX,6697,東捷資訊,41.5,43.0,41.05,41.05,81394.0
2026-09-15,TPEX,6703,軒郁,100.5,100.5,100.0,100.5,27533.0
2026-09-15,TPEX,6708,天擎,37.35,38.65,37.35,37.35,29168.0
2026-09-15,TPEX,6712,長聖,155.0,157.0,154.5,155.5,112236.0
2026-09-15,TPEX,6716,應廣,118.0,121.0,114.0,115.0,581964.0
2026-09-15,TPEX,6720,久昌,131.5,131.5,129.5,129.5,6300.0
2026-09-15,TPEX,6721,信實,49.35,49.5,49.35,49.5,8551.0
2026-09-15,TPEX,6725,矽科宏晟,205.5,210.0,205.5,207.0,38480.0
2026-09-15,TPEX,6727,亞泰金屬,494.5,504.0,468.0,469.5,1067788.0
2026-09-15,TPEX,6728,上洋,108.0,108.0,107.0,107.5,10511.0
2026-09-15,TPEX,6730,常廣,31.5,31.9,31.5,31.9,3000.0
2026-09-15,TPEX,6732,昇佳電子,147.0,147.0,145.0,145.0,46542.0
2026-09-15,TPEX,6733,博晟生醫,25.1,25.15,24.9,25.05,34350.0
2026-09-15,TPEX,6735,美達科技,60.5,61.0,59.5,59.5,30588.0
2026-09-15,TPEX,6739,竹陞科技,1125.0,1125.0,1065.0,1065.0,309001.0
2026-09-15,TPEX,6741,91APP*-KY,59.0,59.1,58.5,58.8,77200.0
2026-09-15,TPEX,6751,智聯服務,41.3,41.5,41.3,41.5,2048.0
2026-09-15,TPEX,6752,叡揚,96.6,105.5,96.6,99.0,199705.0
2026-09-15,TPEX,6761,穩得,165.0,165.0,160.0,160.0,105880.0
2026-09-15,TPEX,6762,達亞,,,,,253.0
2026-09-15,TPEX,6763,綠界科技*,41.4,41.4,40.7,40.9,74070.0
2026-09-15,TPEX,6767,台微醫,24.65,24.65,24.65,24.65,1000.0
2026-09-15,TPEX,6785,昱展新藥,91.3,94.5,91.3,94.0,27835.0
2026-09-15,TPEX,6788,華景電,326.0,326.5,318.0,318.5,143249.0
2026-09-15,TPEX,6791,虎門科技,104.5,104.5,99.8,100.0,19184.0
2026-09-15,TPEX,6803,崑鼎,268.0,269.5,267.5,269.0,41673.0
2026-09-15,TPEX,6804,明係,17.85,18.45,17.85,18.25,53616.0
2026-09-15,TPEX,6811,宏碁資訊,255.5,255.5,242.5,251.0,1347616.0
2026-09-15,TPEX,6821,聯寶,40.8,40.8,39.95,40.1,32713.0
2026-09-15,TPEX,6823,濾能,60.9,60.9,57.6,57.6,56434.0
2026-09-15,TPEX,6829,千附精密,211.0,213.0,202.5,204.0,1280862.0
2026-09-15,TPEX,6840,東研信超,90.7,90.9,89.1,90.0,135471.0
2026-09-15,TPEX,6841,長佳智能,52.3,52.7,51.9,51.9,75492.0
2026-09-15,TPEX,6843,進典,37.9,38.5,37.7,38.5,12000.0
2026-09-15,TPEX,6844,諾貝兒,59.0,59.0,58.2,58.7,29620.0
2026-09-15,TPEX,6846,綠茵,57.4,58.7,57.4,58.7,4011.0
2026-09-15,TPEX,6855,數泓科,111.5,112.5,111.5,112.0,7318.0
2026-09-15,TPEX,6856,鑫傳,41.0,41.0,40.95,40.95,2000.0
2026-09-15,TPEX,6859,伯特光,116.0,117.0,116.0,116.0,9782.0
2026-09-15,TPEX,6865,偉康科技,27.7,29.55,25.45,26.7,157472.0
2026-09-15,TPEX,6870,騰雲,306.0,334.5,306.0,329.0,387778.0
2026-09-15,TPEX,6872,浩宇生醫,22.0,23.1,22.0,22.9,300048.0
2026-09-15,TPEX,6874,倍力,70.2,72.5,69.1,69.4,57044.0
2026-09-15,TPEX,6875,國邑*,32.0,32.5,31.8,32.25,101773.0
2026-09-15,TPEX,6877,鏵友益,110.5,112.5,108.0,108.0,50527.0
2026-09-15,TPEX,6881,潤德,210.0,211.0,210.0,211.0,3171.0
2026-09-15,TPEX,6884,海柏特,30.2,31.0,30.2,30.65,8100.0
2026-09-15,TPEX,6894,衛司特,357.0,363.5,351.5,352.5,37863.0
2026-09-15,TPEX,6895,宏碩系統,149.5,149.5,145.0,146.0,26085.0
2026-09-15,TPEX,6899,創為精密,49.1,49.4,49.05,49.15,8000.0
2026-09-15,TPEX,6903,巨漢,291.0,295.0,290.5,290.5,114869.0
2026-09-15,TPEX,6904,伯鑫,122.0,122.0,118.5,122.0,4001.0
2026-09-15,TPEX,6907,雅特力-KY,178.0,180.5,176.0,176.5,522441.0
2026-09-15,TPEX,6910,德鴻,24.85,25.25,24.85,24.9,15000.0
2026-09-15,TPEX,6913,鴻呈,126.0,127.0,124.5,124.5,228451.0
2026-09-15,TPEX,6922,宸曜,185.5,189.5,181.5,181.5,85814.0
2026-09-15,TPEX,6925,意藍,60.7,60.7,60.7,60.7,154153.0
2026-09-15,TPEX,6929,佑全,21.1,22.05,20.5,22.05,12255.0
2026-09-15,TPEX,6945,圓祥生技,100.0,109.5,100.0,109.5,834767.0
2026-09-15,TPEX,6953,家碩,231.0,231.0,220.0,224.5,31850.0
2026-09-15,TPEX,6961,旅天下,49.0,49.0,48.5,48.55,28354.0
2026-09-15,TPEX,6967,汎瑋材料,64.5,65.5,64.5,65.4,76911.0
2026-09-15,TPEX,6968,萬達寵物,41.2,41.55,41.2,41.55,20231.0
2026-09-15,TPEX,6971,惠民實業,24.8,24.8,24.55,24.55,12040.0
2026-09-15,TPEX,6982,大井泵浦,43.8,43.85,43.0,43.85,50200.0
2026-09-15,TPEX,6983,華洋精機,346.0,350.0,343.5,349.5,8503.0
2026-09-15,TPEX,6986,和迅,40.1,40.5,40.1,40.25,21000.0
2026-09-15,TPEX,6996,力領科技,165.5,171.0,165.5,169.5,60271.0
2026-09-15,TPEX,6997,博弘,66.5,66.8,66.5,66.7,13100.0
2026-09-15,TPEX,7402,邑錡,100.5,101.0,98.6,99.0,186095.0
2026-09-15,TPEX,7547,碩網,50.5,52.7,50.5,50.9,65085.0
2026-09-15,TPEX,7556,意德士,241.0,245.5,238.5,238.5,18435.0
2026-09-15,TPEX,7584,樂意,27.2,27.95,27.2,27.6,4043.0
2026-09-15,TPEX,7642,昶瑞機電,72.6,72.6,70.1,71.3,15484.0
2026-09-15,TPEX,7703,銳澤,195.0,201.0,195.0,199.0,67416.0
2026-09-15,TPEX,7704,明遠精密,60.6,61.6,60.5,61.4,8010.0
2026-09-15,TPEX,7708,全家餐飲,92.0,92.0,91.5,91.5,8786.0
2026-09-15,TPEX,7709,榮田,83.6,83.6,80.0,80.2,138795.0
2026-09-15,TPEX,7712,博盛半導體,150.5,151.5,148.5,150.0,60496.0
2026-09-15,TPEX,7713,威力德生醫,73.5,73.5,73.5,73.5,3250.0
2026-09-15,TPEX,7714,創泓科技,184.0,190.0,178.0,178.0,1033455.0
2026-09-15,TPEX,7715,裕山,27.65,27.65,27.3,27.4,33325.0
2026-09-15,TPEX,7716,昱臺國際,23.2,23.8,23.0,23.3,11000.0
2026-09-15,TPEX,7717,萊德光電-KY,478.5,503.0,472.0,479.5,585351.0
2026-09-15,TPEX,7718,友鋮,46.25,46.5,46.0,46.0,11207.0
2026-09-15,TPEX,7723,築間,18.9,19.0,18.65,18.75,25576.0
2026-09-15,TPEX,7728,光焱科技,679.0,696.0,635.0,635.0,124937.0
2026-09-15,TPEX,7734,印能科技,2500.0,2585.0,2405.0,2555.0,163814.0
2026-09-15,TPEX,7738,東聯互動,164.5,164.5,161.0,161.0,14194.0
2026-09-15,TPEX,7743,金利食安,23.05,24.5,22.8,22.8,94531.0
2026-09-15,TPEX,7744,崴寶,480.5,488.5,479.5,484.0,33392.0
2026-09-15,TPEX,7747,昕奇雲端,113.5,115.5,113.5,113.5,5701.0
2026-09-15,TPEX,7751,竑騰,1405.0,1440.0,1360.0,1360.0,136243.0
2026-09-15,TPEX,7753,星亞,35.7,35.75,35.6,35.6,13764.0
2026-09-15,TPEX,7757,金色三麥,87.7,87.8,87.0,87.0,17250.0
2026-09-15,TPEX,7767,仁大資訊,47.15,47.15,46.15,46.15,54511.0
2026-09-15,TPEX,7770,君曜,36.0,37.0,34.9,37.0,9000.0
2026-09-15,TPEX,7772,耀穎,126.0,133.0,121.5,130.0,121253.0
2026-09-15,TPEX,7777,能率亞洲,35.7,36.05,35.35,35.35,680789.0
2026-09-15,TPEX,7782,光速火箭,25.65,25.65,25.65,25.65,1019.0
2026-09-15,TPEX,7792,安葆,313.5,319.0,310.5,311.5,217354.0
2026-09-15,TPEX,7794,宏碁智新,32.2,32.2,31.1,31.3,28100.0
2026-09-15,TPEX,7805,威聯通,501.0,505.0,497.0,497.0,34592.0
2026-09-15,TPEX,7810,捷創科技,223.5,223.5,210.5,210.5,110805.0
2026-09-15,TPEX,7811,民盛,72.0,72.0,72.0,72.0,3000.0
2026-09-15,TPEX,7814,海昌生技,28.15,29.55,28.15,28.3,7000.0
2026-09-15,TPEX,7819,精誠金融,34.9,35.0,34.1,34.15,30426.0
2026-09-15,TPEX,7820,立盈,108.0,108.0,104.5,107.0,32230.0
2026-09-15,TPEX,7825,和亞智慧,88.2,88.9,80.6,81.0,1148254.0
2026-09-15,TPEX,7828,創新服務,1910.0,2040.0,1845.0,1845.0,303618.0
2026-09-15,TPEX,7839,達人網,43.35,44.8,43.0,43.8,20173.0
2026-09-15,TPEX,7842,天能綠電,97.4,98.1,97.4,97.6,18532.0
2026-09-15,TPEX,8024,佑華,12.7,13.35,12.6,12.9,56300.0
2026-09-15,TPEX,8027,鈦昇,165.0,170.5,164.0,164.0,1109301.0
2026-09-15,TPEX,8032,光菱,35.7,35.7,34.45,34.85,41200.0
2026-09-15,TPEX,8034,榮群,20.0,20.0,19.6,19.65,25403.0
2026-09-15,TPEX,8038,長園科,30.8,33.0,30.8,33.0,575782.0
2026-09-15,TPEX,8040,九暘,77.7,78.8,77.2,77.6,440105.0
2026-09-15,TPEX,8042,金山電,111.0,116.0,110.0,110.0,4254682.0
2026-09-15,TPEX,8043,蜜望實,134.0,137.0,128.5,128.5,1499440.0
2026-09-15,TPEX,8044,網家,23.6,23.75,23.3,23.45,262805.0
2026-09-15,TPEX,8047,星雲,46.7,46.7,46.65,46.7,14258.0
2026-09-15,TPEX,8048,德勝,47.3,48.55,47.25,48.55,69358.0
2026-09-15,TPEX,8049,晶采,24.65,24.7,24.45,24.55,97002.0
2026-09-15,TPEX,8050,廣積,57.0,58.0,56.9,57.0,1207447.0
2026-09-15,TPEX,8054,安國,83.1,83.4,80.5,80.5,518346.0
2026-09-15,TPEX,8064,東捷,113.0,115.5,108.0,108.0,6277797.0
2026-09-15,TPEX,8066,來思達,14.25,14.5,14.25,14.5,29237.0
2026-09-15,TPEX,8067,志旭,12.2,12.6,12.2,12.5,4090.0
2026-09-15,TPEX,8068,全達,16.3,16.3,15.9,15.9,98230.0
2026-09-15,TPEX,8069,元太,145.5,149.0,144.5,146.0,3778798.0
2026-09-15,TPEX,8071,能率網通,21.25,21.45,21.05,21.1,130405.0
2026-09-15,TPEX,8074,鉅橡,50.1,50.4,48.85,48.85,261167.0
2026-09-15,TPEX,8076,伍豐,21.75,21.75,21.05,21.05,776473.0
2026-09-15,TPEX,8077,洛碁,,,,,0.0
2026-09-15,TPEX,8080,泰霖,29.65,29.65,29.0,29.1,9000.0
2026-09-15,TPEX,8083,瑞穎,157.5,157.5,156.5,157.0,7541.0
2026-09-15,TPEX,8084,巨虹,41.5,41.8,41.05,41.15,275476.0
2026-09-15,TPEX,8085,福華,14.05,14.15,13.95,14.05,129458.0
2026-09-15,TPEX,8086,宏捷科,105.5,109.5,105.5,106.0,1854131.0
2026-09-15,TPEX,8087,麗升能源,24.3,24.4,23.5,24.0,18964.0
2026-09-15,TPEX,8088,品安,41.85,41.85,40.8,40.8,256860.0
2026-09-15,TPEX,8089,康全電訊,18.0,18.05,17.8,17.95,68223.0
2026-09-15,TPEX,8091,翔名,205.0,207.0,204.0,204.0,146300.0
2026-09-15,TPEX,8092,建暐,13.2,13.2,12.7,12.7,16000.0
2026-09-15,TPEX,8093,保銳,25.75,25.75,24.1,24.45,54150.0
2026-09-15,TPEX,8096,擎亞,86.0,89.8,85.1,86.0,4583244.0
2026-09-15,TPEX,8097,常珵,48.05,48.3,47.8,48.3,55111.0
2026-09-15,TPEX,8099,大世科,59.6,59.7,58.2,58.8,49686.0
2026-09-15,TPEX,8102,傑霖科技,61.1,61.1,60.0,60.5,23219.0
2026-09-15,TPEX,8107,大億金茂,,,,,4.0
2026-09-15,TPEX,8109,博大,128.0,128.0,126.5,126.5,92854.0
2026-09-15,TPEX,8111,立碁,70.3,71.6,67.6,68.1,6096524.0
2026-09-15,TPEX,8121,越峰,26.55,26.55,26.05,26.05,201700.0
2026-09-15,TPEX,8147,正淩,129.5,132.0,129.5,129.5,53477.0
2026-09-15,TPEX,8155,博智,316.5,324.5,312.0,313.5,421647.0
2026-09-15,TPEX,8171,天宇,19.8,20.2,19.7,19.8,156063.0
2026-09-15,TPEX,8176,智捷,10.0,10.0,9.81,9.91,68926.0
2026-09-15,TPEX,8182,加高,37.5,38.95,37.5,37.95,473212.0
2026-09-15,TPEX,8183,精星,28.15,28.15,27.55,27.55,237712.0
2026-09-15,TPEX,8227,巨有科技,239.0,253.0,239.0,249.5,1880718.0
2026-09-15,TPEX,8234,新漢,62.1,62.7,61.3,61.3,278064.0
2026-09-15,TPEX,8240,華宏,50.2,50.3,49.0,49.0,292311.0
2026-09-15,TPEX,8255,朋程,132.5,135.0,132.0,132.5,166247.0
2026-09-15,TPEX,8272,全景軟體,65.5,66.0,63.2,65.4,25142.0
2026-09-15,TPEX,8279,生展,78.2,78.4,78.2,78.4,2153.0
2026-09-15,TPEX,8284,三竹,69.0,69.7,68.2,69.0,53513.0
2026-09-15,TPEX,8289,泰藝,41.0,43.45,41.0,42.5,529985.0
2026-09-15,TPEX,8291,尚茂,31.75,31.85,29.35,29.55,7032.0
2026-09-15,TPEX,8299,群聯,1935.0,1960.0,1900.0,1920.0,2149679.0
2026-09-15,TPEX,8342,益張,85.5,85.5,83.0,83.0,6016.0
2026-09-15,TPEX,8349,恒耀,38.35,38.4,37.8,38.05,64878.0
2026-09-15,TPEX,8354,冠好,17.0,17.0,16.8,16.8,27224.0
2026-09-15,TPEX,8358,金居,515.0,516.0,480.0,482.0,27190994.0
2026-09-15,TPEX,8383,千附,64.1,64.4,63.2,63.3,605638.0
2026-09-15,TPEX,8390,金益鼎,90.4,91.0,90.0,90.3,191947.0
2026-09-15,TPEX,8401,白紗科,22.65,22.8,22.5,22.7,29022.0
2026-09-15,TPEX,8403,盛弘,18.9,18.9,18.8,18.8,39383.0
2026-09-15,TPEX,8409,商之器,18.05,18.05,18.05,18.05,6302.0
2026-09-15,TPEX,8410,森田,29.5,29.5,29.0,29.25,22000.0
2026-09-15,TPEX,8415,大國鋼,35.3,35.3,34.55,34.55,466082.0
2026-09-15,TPEX,8416,實威,169.5,169.5,169.5,169.5,2081.0
2026-09-15,TPEX,8421,旭源,12.2,13.1,12.1,12.65,235909.0
2026-09-15,TPEX,8423,保綠-KY,17.55,18.0,17.55,17.65,15637.0
2026-09-15,TPEX,8424,惠普,68.9,68.9,68.9,68.9,2022.0
2026-09-15,TPEX,8426,紅木-KY,20.4,20.65,20.3,20.3,18001.0
2026-09-15,TPEX,8431,匯鑽科,61.5,63.0,60.0,60.1,2630593.0
2026-09-15,TPEX,8432,東生華,49.8,50.0,49.8,49.9,7162.0
2026-09-15,TPEX,8433,弘帆,53.5,53.5,53.3,53.3,5030.0
2026-09-15,TPEX,8435,鉅邁,53.2,53.2,53.0,53.0,15658.0
2026-09-15,TPEX,8436,大江,106.0,106.5,105.0,105.0,336729.0
2026-09-15,TPEX,8437,大地-KY,9.01,9.08,8.98,8.98,13584.0
2026-09-15,TPEX,8440,綠電,20.0,20.2,19.85,19.85,44964.0
2026-09-15,TPEX,8444,綠河-KY,,,,,0.0
2026-09-15,TPEX,8446,華研,85.5,85.5,84.8,84.8,38308.0
2026-09-15,TPEX,8450,霹靂,14.25,14.4,14.0,14.35,20471.0
2026-09-15,TPEX,8455,大拓-KY,23.5,23.5,23.5,23.5,1080.0
2026-09-15,TPEX,8472,納維康,79.0,82.3,79.0,80.2,13219.0
2026-09-15,TPEX,8477,創業家,15.05,15.25,15.05,15.25,5000.0
2026-09-15,TPEX,8489,三貝德,21.5,21.75,21.5,21.6,38758.0
2026-09-15,TPEX,8905,裕國,33.9,34.3,33.9,34.3,2575.0
2026-09-15,TPEX,8906,花王,28.3,28.8,28.3,28.8,8799.0
2026-09-15,TPEX,8908,欣雄,40.4,40.4,40.0,40.15,10759.0
2026-09-15,TPEX,8916,光隆,40.75,41.55,40.75,40.8,74417.0
2026-09-15,TPEX,8917,欣泰,52.2,52.2,52.0,52.0,5000.0
2026-09-15,TPEX,8921,沈氏,16.55,16.65,16.55,16.65,2000.0
2026-09-15,TPEX,8923,時報,18.5,18.5,18.05,18.5,55000.0
2026-09-15,TPEX,8924,大田,50.0,50.0,49.65,49.9,41260.0
2026-09-15,TPEX,8927,北基,19.2,19.2,18.8,18.8,66701.0
2026-09-15,TPEX,8928,鉅明,23.25,23.25,22.95,22.95,8055.0
2026-09-15,TPEX,8929,富堡,12.9,13.0,12.9,13.0,9456.0
2026-09-15,TPEX,8930,青鋼,29.1,29.1,28.9,29.1,8035.0
2026-09-15,TPEX,8931,大汽電,43.9,43.9,42.8,43.1,64892.0
2026-09-15,TPEX,8932,智通*,90.8,92.7,85.1,85.8,2922147.0
2026-09-15,TPEX,8933,愛地雅,4.47,4.48,4.43,4.43,29566.0
2026-09-15,TPEX,8935,邦泰,17.6,17.7,17.45,17.45,50106.0
2026-09-15,TPEX,8936,國統,51.0,51.5,50.9,51.0,825853.0
2026-09-15,TPEX,8937,合騏*,28.6,28.7,27.5,27.65,307417.0
2026-09-15,TPEX,8938,明安,52.2,52.2,51.5,52.0,31921.0
2026-09-15,TPEX,8941,關中,45.0,45.0,45.0,45.0,2059.0
2026-09-15,TPEX,8942,森鉅,41.4,41.4,41.0,41.0,91632.0
2026-09-15,TPEX,9949,琉園,23.95,24.1,23.9,24.1,5281.0
2026-09-15,TPEX,9950,萬國通,10.25,10.3,10.2,10.25,33300.0
2026-09-15,TPEX,9951,皇田,48.9,48.9,48.5,48.75,23358.0
2026-09-15,TPEX,9960,邁達康,30.25,31.7,30.15,30.6,13673.0
2026-09-15,TPEX,9962,有益,9.91,10.15,9.91,10.05,30610.0
