date,market,stock_id,name,open,high,low,close,volume
2026-09-02,TWSE,1101,台泥,24.6,26.1,24.6,25.3,108834320.0
2026-09-02,TWSE,1102,亞泥,34.5,35.3,34.5,35.15,11287032.0
2026-09-02,TWSE,1103,嘉泥,13.15,13.4,13.15,13.25,464964.0
2026-09-02,TWSE,1104,環泥,26.6,27.25,26.6,27.1,841687.0
2026-09-02,TWSE,1108,幸福,11.75,11.8,11.7,11.7,139389.0
2026-09-02,TWSE,1109,信大,13.45,13.55,13.45,13.5,51990.0
2026-09-02,TWSE,1110,東泥,15.9,16.1,15.9,16.1,219047.0
2026-09-02,TWSE,1201,味全,12.2,12.25,12.15,12.2,465167.0
2026-09-02,TWSE,1203,味王,43.75,46.25,43.5,44.3,12886.0
2026-09-02,TWSE,1210,大成,51.5,51.9,51.5,51.7,1346713.0
2026-09-02,TWSE,1213,大飲,7.31,7.54,7.31,7.54,7650.0
2026-09-02,TWSE,1215,卜蜂,107.5,108.5,107.5,108.0,915981.0
2026-09-02,TWSE,1216,統一,76.7,76.7,75.3,76.2,10786631.0
2026-09-02,TWSE,1217,愛之味,9.96,10.0,9.95,10.0,268675.0
2026-09-02,TWSE,1218,泰山,14.5,14.55,14.4,14.5,891162.0
2026-09-02,TWSE,1219,福壽,11.3,11.6,11.3,11.5,269173.0
2026-09-02,TWSE,1220,台榮,10.8,10.8,10.7,10.7,132301.0
2026-09-02,TWSE,1225,福懋油,25.65,26.0,25.25,25.35,225779.0
2026-09-02,TWSE,1227,佳格,28.65,28.75,28.4,28.45,1321526.0
2026-09-02,TWSE,1229,聯華,41.5,42.0,41.45,41.6,2127790.0
2026-09-02,TWSE,1231,聯華食,80.4,80.7,80.3,80.3,198860.0
2026-09-02,TWSE,1232,大統益,155.5,157.0,155.5,157.0,78986.0
2026-09-02,TWSE,1233,天仁,28.75,28.75,28.35,28.35,18151.0
2026-09-02,TWSE,1234,黑松,33.1,33.4,33.1,33.3,65937.0
2026-09-02,TWSE,1235,興泰,36.15,38.5,36.15,37.35,17286.0
2026-09-02,TWSE,1236,宏亞,25.7,26.0,25.45,25.85,227629.0
2026-09-02,TWSE,1256,鮮活果汁-KY,184.0,184.0,177.0,178.0,155361.0
2026-09-02,TWSE,1301,台塑,66.4,69.0,65.8,67.8,69471543.0
2026-09-02,TWSE,1303,南亞,250.0,250.0,231.5,234.5,129835537.0
2026-09-02,TWSE,1304,台聚,12.6,13.15,12.5,12.65,4835490.0
2026-09-02,TWSE,1305,華夏,12.5,13.1,12.5,12.6,3617187.0
2026-09-02,TWSE,1307,三芳,30.55,30.9,30.55,30.6,465171.0
2026-09-02,TWSE,1308,亞聚,14.25,15.25,14.25,14.5,3865962.0
2026-09-02,TWSE,1309,台達化,13.5,14.45,13.5,13.85,5877645.0
2026-09-02,TWSE,1310,台苯,8.69,9.19,8.69,8.85,4593574.0
2026-09-02,TWSE,1312,國喬,15.8,16.5,15.1,15.65,139318330.0
2026-09-02,TWSE,1313,聯成,12.2,12.6,12.1,12.15,4440846.0
2026-09-02,TWSE,1314,中石化,8.19,8.44,8.19,8.26,27691213.0
2026-09-02,TWSE,1315,達新,66.0,66.2,65.5,66.1,38423.0
2026-09-02,TWSE,1316,上曜,10.95,11.1,10.85,10.95,3030294.0
2026-09-02,TWSE,1319,東陽,82.9,83.3,82.4,83.2,1807298.0
2026-09-02,TWSE,1321,大洋,32.1,32.8,32.1,32.65,95698.0
2026-09-02,TWSE,1323,永裕,21.4,21.4,21.15,21.25,32376.0
2026-09-02,TWSE,1324,地球,10.1,10.2,10.05,10.1,26771.0
2026-09-02,TWSE,1325,恆大,26.1,26.1,25.45,25.65,315633.0
2026-09-02,TWSE,1326,台化,69.3,74.9,67.3,74.3,119283939.0
2026-09-02,TWSE,1337,再生-KY,4.63,4.65,4.6,4.61,254452.0
2026-09-02,TWSE,1338,廣華-KY,14.5,14.6,14.35,14.55,80775.0
2026-09-02,TWSE,1339,昭輝,42.8,43.5,42.8,43.45,58145.0
2026-09-02,TWSE,1340,勝悅-KY,5.24,5.24,5.15,5.21,117087.0
2026-09-02,TWSE,1341,富林-KY,58.8,59.6,58.8,59.6,2002.0
2026-09-02,TWSE,1342,八貫,103.0,103.5,102.0,103.0,156751.0
2026-09-02,TWSE,1402,遠東新,28.3,29.45,28.3,29.4,16143437.0
2026-09-02,TWSE,1409,新纖,25.0,27.05,25.0,25.65,65478367.0
2026-09-02,TWSE,1410,南染,24.45,24.95,24.1,24.9,151235.0
2026-09-02,TWSE,1413,宏洲,9.17,9.41,9.17,9.24,24879.0
2026-09-02,TWSE,1414,東和,19.4,19.4,18.85,18.9,200832.0
2026-09-02,TWSE,1416,廣豐,11.8,11.8,11.7,11.7,389010.0
2026-09-02,TWSE,1417,嘉裕,8.33,8.34,8.27,8.31,138528.0
2026-09-02,TWSE,1418,東華,17.7,17.7,17.55,17.65,12011.0
2026-09-02,TWSE,1419,新紡,65.3,67.5,65.3,67.2,338092.0
2026-09-02,TWSE,1423,利華,35.4,35.6,34.4,35.6,19868.0
2026-09-02,TWSE,1432,大魯閣,15.0,15.1,14.95,15.05,53960.0
2026-09-02,TWSE,1434,福懋,18.0,18.5,18.0,18.35,3332759.0
2026-09-02,TWSE,1435,中福,21.65,22.65,21.65,22.0,6864.0
2026-09-02,TWSE,1436,華友聯,38.6,39.0,38.6,38.7,95053.0
2026-09-02,TWSE,1437,勤益控,31.85,32.15,31.85,31.95,53078.0
2026-09-02,TWSE,1438,三地開發,22.55,22.55,22.1,22.4,42383.0
2026-09-02,TWSE,1439,雋揚,29.25,29.3,29.05,29.2,17162.0
2026-09-02,TWSE,1440,南紡,13.8,14.25,13.8,13.85,3967705.0
2026-09-02,TWSE,1441,大東,8.82,8.85,8.82,8.82,17724.0
2026-09-02,TWSE,1442,名軒,29.15,29.9,29.15,29.55,131327.0
2026-09-02,TWSE,1443,立益物流,23.85,23.85,23.5,23.7,65027.0
2026-09-02,TWSE,1444,力麗,7.0,7.29,6.98,7.08,1885405.0
2026-09-02,TWSE,1445,大宇,10.25,10.4,10.2,10.3,46159.0
2026-09-02,TWSE,1446,宏和,13.6,13.7,13.55,13.6,107395.0
2026-09-02,TWSE,1447,力鵬,6.86,7.15,6.85,6.9,1684756.0
2026-09-02,TWSE,1449,佳和,12.45,12.45,12.3,12.4,336283.0
2026-09-02,TWSE,1451,年興,17.3,17.3,17.2,17.3,134920.0
2026-09-02,TWSE,1452,宏益,11.25,11.4,11.25,11.4,29079.0
2026-09-02,TWSE,1453,大將,11.2,11.2,11.1,11.15,10899.0
2026-09-02,TWSE,1454,台富,12.2,12.4,12.2,12.3,62883.0
2026-09-02,TWSE,1455,集盛,10.0,10.6,10.0,10.25,3348017.0
2026-09-02,TWSE,1456,怡華,14.15,14.25,13.95,14.25,45183.0
2026-09-02,TWSE,1457,宜進,14.25,14.45,14.25,14.4,97941.0
2026-09-02,TWSE,1459,聯發,15.5,15.75,15.5,15.5,99933.0
2026-09-02,TWSE,1460,宏遠,6.6,6.63,6.57,6.61,216255.0
2026-09-02,TWSE,1463,強盛新,17.25,17.55,17.2,17.55,83601.0
2026-09-02,TWSE,1464,得力,10.15,10.2,10.0,10.05,515865.0
2026-09-02,TWSE,1465,偉全,12.05,12.35,12.0,12.35,314076.0
2026-09-02,TWSE,1466,聚隆,16.0,16.4,16.0,16.1,219591.0
2026-09-02,TWSE,1467,南緯,8.31,8.48,8.29,8.3,120118.0
2026-09-02,TWSE,1468,昶和,13.0,13.05,12.75,13.0,304347.0
2026-09-02,TWSE,1470,大統新創,24.85,24.85,24.85,24.85,1176.0
2026-09-02,TWSE,1471,首利,9.95,9.95,9.8,9.94,270802.0
2026-09-02,TWSE,1472,三洋實業,90.0,90.0,88.5,88.5,15358.0
2026-09-02,TWSE,1473,台南,19.9,20.05,19.9,20.0,16122.0
2026-09-02,TWSE,1474,弘裕,10.0,10.0,9.96,9.97,170540.0
2026-09-02,TWSE,1475,業旺,26.2,26.3,25.8,26.1,7095.0
2026-09-02,TWSE,1476,儒鴻,309.0,317.0,309.0,314.5,821591.0
2026-09-02,TWSE,1477,聚陽,194.5,198.0,194.0,195.5,1187571.0
2026-09-02,TWSE,1503,士電,199.5,214.5,199.5,208.5,3538185.0
2026-09-02,TWSE,1504,東元,72.8,74.8,72.8,73.5,12981457.0
2026-09-02,TWSE,1506,正道,10.1,10.1,10.0,10.05,265595.0
2026-09-02,TWSE,1512,瑞利,6.37,6.41,6.27,6.38,104070.0
2026-09-02,TWSE,1513,中興電,164.0,170.5,164.0,166.0,3415068.0
2026-09-02,TWSE,1514,亞力,101.5,107.0,101.5,103.5,2050104.0
2026-09-02,TWSE,1515,力山,33.5,33.7,32.65,32.95,1382892.0
2026-09-02,TWSE,1516,川飛,14.4,14.4,13.8,13.8,38778.0
2026-09-02,TWSE,1517,利奇,11.15,11.2,11.15,11.15,235356.0
2026-09-02,TWSE,1519,華城,730.0,776.0,730.0,761.0,3405950.0
2026-09-02,TWSE,1521,大億,25.7,25.9,25.55,25.9,11529.0
2026-09-02,TWSE,1522,堤維西,27.65,28.05,27.3,27.6,1515400.0
2026-09-02,TWSE,1524,耿鼎,27.35,27.55,27.1,27.2,283299.0
2026-09-02,TWSE,1525,江申,67.7,67.7,66.5,67.6,11040.0
2026-09-02,TWSE,1526,日馳,16.25,16.5,16.15,16.2,93441.0
2026-09-02,TWSE,1527,鑽全,32.6,32.75,32.6,32.6,106319.0
2026-09-02,TWSE,1528,恩德,19.2,19.35,19.1,19.1,546534.0
2026-09-02,TWSE,1529,樂事綠能,16.95,17.35,16.95,17.0,277903.0
2026-09-02,TWSE,1530,亞崴,28.6,28.7,28.55,28.55,10134.0
2026-09-02,TWSE,1531,高林股,12.0,12.15,11.95,11.95,302534.0
2026-09-02,TWSE,1532,勤美,22.8,23.2,22.8,23.2,442544.0
2026-09-02,TWSE,1533,車王電,31.2,31.3,31.0,31.1,125258.0
2026-09-02,TWSE,1535,中宇,45.8,45.8,45.45,45.7,32581.0
2026-09-02,TWSE,1536,和大,50.0,50.3,49.3,49.35,1075726.0
2026-09-02,TWSE,1537,廣隆,118.5,118.5,117.0,118.0,274832.0
2026-09-02,TWSE,1538,正峰,,,,,2.0
2026-09-02,TWSE,1539,巨庭,15.7,15.7,15.55,15.6,13010.0
2026-09-02,TWSE,1540,喬福,19.5,19.7,19.5,19.55,144868.0
2026-09-02,TWSE,1541,錩泰,22.3,22.3,21.4,21.9,15065.0
2026-09-02,TWSE,1558,伸興,104.0,104.5,103.0,103.0,164224.0
2026-09-02,TWSE,1560,中砂,681.0,748.0,681.0,744.0,2090731.0
2026-09-02,TWSE,1568,倉佑,28.6,29.3,28.6,29.2,180158.0
2026-09-02,TWSE,1582,信錦,76.6,76.9,75.5,75.9,452102.0
2026-09-02,TWSE,1583,程泰,48.05,49.0,48.05,48.25,8093.0
2026-09-02,TWSE,1587,吉茂,24.25,24.4,24.0,24.05,137763.0
2026-09-02,TWSE,1590,亞德客-KY,1460.0,1460.0,1430.0,1445.0,548505.0
2026-09-02,TWSE,1597,直得,139.5,149.0,138.5,144.5,2406761.0
2026-09-02,TWSE,1598,岱宇,20.35,20.4,20.15,20.25,81708.0
2026-09-02,TWSE,1603,華電,30.6,30.8,30.5,30.6,120451.0
2026-09-02,TWSE,1604,聲寶,23.1,23.35,23.1,23.3,252401.0
2026-09-02,TWSE,1605,華新,39.15,39.9,38.7,38.75,16032104.0
2026-09-02,TWSE,1608,華榮,37.8,38.4,37.3,37.35,3280870.0
2026-09-02,TWSE,1609,大亞,37.45,38.1,37.25,37.25,3873594.0
2026-09-02,TWSE,1611,中電,11.85,11.95,11.8,11.8,762426.0
2026-09-02,TWSE,1612,宏泰,34.9,35.2,34.7,34.75,628163.0
2026-09-02,TWSE,1614,三洋電,30.55,30.85,30.55,30.8,38066.0
2026-09-02,TWSE,1615,大山,43.7,44.2,43.7,44.1,41576.0
2026-09-02,TWSE,1616,億泰,19.8,19.8,19.4,19.45,588877.0
2026-09-02,TWSE,1617,榮星,18.1,19.6,18.05,19.6,2128174.0
2026-09-02,TWSE,1618,合機,40.1,40.5,39.8,39.9,487202.0
2026-09-02,TWSE,1623,大東電,204.0,209.0,204.0,208.0,106397.0
2026-09-02,TWSE,1626,艾美特-KY,9.74,9.77,9.57,9.65,72853.0
2026-09-02,TWSE,1702,南僑,32.6,32.9,32.6,32.8,203659.0
2026-09-02,TWSE,1707,葡萄王,89.7,91.1,89.6,90.8,475735.0
2026-09-02,TWSE,1708,東鹼,50.6,51.6,50.6,51.3,2386771.0
2026-09-02,TWSE,1709,和益,33.8,36.75,33.55,36.4,31426363.0
2026-09-02,TWSE,1710,東聯,16.2,16.75,16.1,16.1,5853815.0
2026-09-02,TWSE,1711,永光,44.05,44.7,43.4,44.0,5016396.0
2026-09-02,TWSE,1712,興農,39.65,40.2,39.65,40.15,759266.0
2026-09-02,TWSE,1713,國化,44.15,45.2,44.15,45.0,301225.0
2026-09-02,TWSE,1714,和桐,17.65,18.55,17.55,18.55,30675263.0
2026-09-02,TWSE,1717,長興,83.5,85.5,81.0,84.7,52664043.0
2026-09-02,TWSE,1718,中纖,10.8,11.95,10.8,11.15,60760449.0
2026-09-02,TWSE,1720,生達,56.2,56.8,56.0,56.1,383243.0
2026-09-02,TWSE,1721,三晃,20.5,21.9,20.5,20.85,1120179.0
2026-09-02,TWSE,1722,台肥,44.5,44.8,44.35,44.65,6053189.0
2026-09-02,TWSE,1723,中碳,85.8,86.2,84.3,85.6,580635.0
2026-09-02,TWSE,1725,元禎,31.6,31.65,31.15,31.6,17000.0
2026-09-02,TWSE,1726,永記,76.6,77.6,76.6,77.0,25554.0
2026-09-02,TWSE,1727,中華化,100.0,101.0,94.5,95.3,7631288.0
2026-09-02,TWSE,1730,花仙子,52.0,52.0,50.9,51.4,39540.0
2026-09-02,TWSE,1731,美吾華,21.0,21.1,20.95,21.0,79037.0
2026-09-02,TWSE,1732,毛寶,26.05,26.15,25.9,26.1,170965.0
2026-09-02,TWSE,1733,五鼎,32.2,32.2,31.9,32.2,89934.0
2026-09-02,TWSE,1734,杏輝,30.6,30.8,30.6,30.6,283596.0
2026-09-02,TWSE,1735,日勝化,21.7,21.95,21.0,21.65,315453.0
2026-09-02,TWSE,1736,喬山,127.0,128.5,123.5,124.0,607155.0
2026-09-02,TWSE,1737,臺鹽,30.65,30.75,30.65,30.7,208062.0
2026-09-02,TWSE,1752,南光,31.55,31.65,31.5,31.65,23103.0
2026-09-02,TWSE,1760,寶齡富錦,58.0,58.1,57.6,58.0,129263.0
2026-09-02,TWSE,1762,中化生,35.95,35.95,35.55,35.8,66169.0
2026-09-02,TWSE,1773,勝一,165.0,173.5,161.5,171.5,2984887.0
2026-09-02,TWSE,1776,展宇,17.2,17.3,17.1,17.1,20031.0
2026-09-02,TWSE,1783,和康生,39.35,39.95,39.35,39.7,99349.0
2026-09-02,TWSE,1786,科妍,47.5,47.9,47.0,47.1,264707.0
2026-09-02,TWSE,1789,神隆,19.0,19.3,18.95,19.0,365379.0
2026-09-02,TWSE,1795,美時,186.0,187.5,185.0,186.5,557547.0
2026-09-02,TWSE,1802,台玻,61.0,63.0,60.6,61.3,35599791.0
2026-09-02,TWSE,1805,寶徠,10.1,10.15,10.0,10.15,97139.0
2026-09-02,TWSE,1806,冠軍,8.02,8.12,8.02,8.07,407694.0
2026-09-02,TWSE,1808,潤隆,34.0,34.9,34.0,34.85,3335679.0
2026-09-02,TWSE,1809,中釉,39.05,39.75,38.8,38.9,825455.0
2026-09-02,TWSE,1810,和成,25.15,25.2,24.65,24.7,3115409.0
2026-09-02,TWSE,1817,凱撒衛,40.1,40.45,40.1,40.3,37368.0
2026-09-02,TWSE,1903,士紙,47.6,48.05,47.6,47.95,73142.0
2026-09-02,TWSE,1904,正隆,25.0,25.2,24.7,24.85,2290195.0
2026-09-02,TWSE,1905,華紙,13.65,13.9,13.65,13.7,1891741.0
2026-09-02,TWSE,1906,寶隆,11.45,11.45,11.2,11.3,80297.0
2026-09-02,TWSE,1907,永豐餘,30.1,30.3,29.7,29.85,1103659.0
2026-09-02,TWSE,1909,榮成,11.05,11.3,10.95,11.0,3157852.0
2026-09-02,TWSE,2002,中鋼,18.95,19.1,18.9,19.05,25957801.0
2026-09-02,TWSE,2006,東和鋼鐵,79.9,82.0,79.9,81.2,2753837.0
2026-09-02,TWSE,2007,燁興,7.04,7.06,6.97,7.0,128315.0
2026-09-02,TWSE,2008,高興昌,30.55,31.2,30.55,31.2,5006.0
2026-09-02,TWSE,2009,第一銅,41.0,42.1,40.65,40.7,1469239.0
2026-09-02,TWSE,2010,春源,22.6,22.75,22.4,22.45,1057476.0
2026-09-02,TWSE,2012,春雨,14.7,14.75,14.6,14.65,43485.0
2026-09-02,TWSE,2013,中鋼構,41.45,41.95,41.45,41.8,43166.0
2026-09-02,TWSE,2014,中鴻,17.0,17.25,17.0,17.05,1278787.0
2026-09-02,TWSE,2015,豐興,63.8,64.5,63.8,64.2,172224.0
2026-09-02,TWSE,2017,官田鋼,9.15,9.23,9.03,9.15,769405.0
2026-09-02,TWSE,2020,美亞,21.7,21.9,21.7,21.9,174997.0
2026-09-02,TWSE,2022,聚亨,7.45,7.63,7.45,7.57,320656.0
2026-09-02,TWSE,2023,燁輝,13.95,13.95,13.65,13.7,1645680.0
2026-09-02,TWSE,2024,志聯,13.45,13.45,13.4,13.4,3012.0
2026-09-02,TWSE,2025,千興,12.6,12.95,12.55,12.8,571189.0
2026-09-02,TWSE,2027,大成鋼,48.6,50.3,48.6,49.8,12934911.0
2026-09-02,TWSE,2028,威致,15.7,15.95,15.7,15.8,62113.0
2026-09-02,TWSE,2029,盛餘,21.95,22.0,21.85,21.9,317963.0
2026-09-02,TWSE,2030,彰源,22.65,22.95,22.5,22.75,1615166.0
2026-09-02,TWSE,2031,新光鋼,44.85,45.6,44.85,45.15,451905.0
2026-09-02,TWSE,2032,新鋼,17.2,17.35,17.2,17.35,126206.0
2026-09-02,TWSE,2033,佳大,24.45,25.45,23.4,23.9,3447898.0
2026-09-02,TWSE,2034,允強,20.5,20.9,20.5,20.6,1336181.0
2026-09-02,TWSE,2038,海光,12.85,12.95,12.8,12.8,94412.0
2026-09-02,TWSE,2049,上銀,349.0,366.0,346.5,359.0,3172854.0
2026-09-02,TWSE,2059,川湖,14010.0,14740.0,14005.0,14150.0,341901.0
2026-09-02,TWSE,2062,橋椿,19.1,19.25,19.05,19.1,128477.0
2026-09-02,TWSE,2069,運錩,21.2,21.4,21.0,21.15,431714.0
2026-09-02,TWSE,2072,世紀風電,141.5,143.0,141.0,141.5,213328.0
2026-09-02,TWSE,2101,南港,31.1,31.45,31.1,31.4,1137980.0
2026-09-02,TWSE,2102,泰豐,18.45,18.55,18.35,18.5,229847.0
2026-09-02,TWSE,2103,台橡,28.35,29.45,28.2,28.8,7394990.0
2026-09-02,TWSE,2104,國際中橡,10.4,10.7,10.4,10.45,3163561.0
2026-09-02,TWSE,2105,正新,30.6,31.15,30.6,31.15,4240116.0
2026-09-02,TWSE,2106,建大,17.05,17.5,17.05,17.45,2202347.0
2026-09-02,TWSE,2107,厚生,26.7,27.1,26.7,27.0,195944.0
2026-09-02,TWSE,2108,南帝,30.25,31.85,30.25,30.5,921268.0
2026-09-02,TWSE,2109,華豐,14.8,14.85,14.75,14.8,196549.0
2026-09-02,TWSE,2114,鑫永銓,89.8,90.4,89.2,89.3,10324.0
2026-09-02,TWSE,2115,六暉-KY,23.9,24.0,23.8,23.95,61407.0
2026-09-02,TWSE,2201,裕隆,30.05,31.6,29.8,31.5,17333260.0
2026-09-02,TWSE,2204,中華,53.6,55.1,53.6,54.8,1013482.0
2026-09-02,TWSE,2206,三陽工業,62.1,63.3,62.1,63.2,408638.0
2026-09-02,TWSE,2207,和泰車,508.0,518.0,505.0,518.0,227871.0
2026-09-02,TWSE,2208,台船,19.25,19.4,19.1,19.15,1877174.0
2026-09-02,TWSE,2211,長榮鋼,82.4,83.2,82.4,83.1,339360.0
2026-09-02,TWSE,2227,裕日車,47.05,48.1,47.05,48.05,58102.0
2026-09-02,TWSE,2228,劍麟,74.4,76.2,74.3,74.6,112824.0
2026-09-02,TWSE,2231,為升,91.0,93.3,91.0,91.9,126350.0
2026-09-02,TWSE,2233,宇隆,172.0,177.0,170.5,176.0,491464.0
2026-09-02,TWSE,2236,百達-KY,120.0,121.5,120.0,120.0,136784.0
2026-09-02,TWSE,2237,華德動能-創,27.9,28.05,27.8,27.95,188783.0
2026-09-02,TWSE,2239,英利-KY,19.75,20.1,19.75,20.1,39010.0
2026-09-02,TWSE,2241,艾姆勒,34.6,34.65,33.3,34.05,547775.0
2026-09-02,TWSE,2243,宏旭-KY,42.05,46.2,42.0,46.2,356276.0
2026-09-02,TWSE,2247,汎德永業,231.0,232.0,230.0,231.0,31801.0
2026-09-02,TWSE,2248,華勝-KY,62.0,62.5,61.7,61.9,149045.0
2026-09-02,TWSE,2250,IKKA-KY,59.1,59.1,58.8,58.8,14153.0
2026-09-02,TWSE,2254,巨鎧精密-創,61.6,62.5,61.3,61.5,351021.0
2026-09-02,TWSE,2258,鴻華先進-創,30.95,31.55,30.95,31.5,294999.0
2026-09-02,TWSE,2301,光寶科,305.5,307.0,299.0,300.5,18521406.0
2026-09-02,TWSE,2302,麗正,44.75,45.75,44.0,44.0,4136779.0
2026-09-02,TWSE,2303,聯電,127.5,136.5,127.0,132.5,223238022.0
2026-09-02,TWSE,2305,全友,29.7,30.3,29.25,29.55,4589754.0
2026-09-02,TWSE,2308,台達電,1845.0,1865.0,1810.0,1865.0,8434152.0
2026-09-02,TWSE,2312,金寶,32.45,33.6,32.4,33.05,22765844.0
2026-09-02,TWSE,2313,華通,254.5,259.5,249.0,252.0,55591264.0
2026-09-02,TWSE,2314,台揚,11.45,11.5,11.4,11.4,92398.0
2026-09-02,TWSE,2316,楠梓電,161.0,171.0,159.0,166.5,3969050.0
2026-09-02,TWSE,2317,鴻海,253.0,256.0,251.0,256.0,34131729.0
2026-09-02,TWSE,2321,東訊,14.85,14.85,14.35,14.35,13238.0
2026-09-02,TWSE,2323,中環,10.95,11.05,10.9,10.95,4591611.0
2026-09-02,TWSE,2324,仁寶,40.35,40.8,39.5,39.9,63321988.0
2026-09-02,TWSE,2327,國巨*,551.0,576.0,550.0,568.0,57762664.0
2026-09-02,TWSE,2328,廣宇,46.9,48.35,46.9,47.5,2818061.0
2026-09-02,TWSE,2329,華泰,43.1,44.25,43.1,43.7,1537991.0
2026-09-02,TWSE,2330,台積電,2395.0,2440.0,2390.0,2440.0,31855287.0
2026-09-02,TWSE,2331,精英,19.6,19.95,19.6,19.7,1150655.0
2026-09-02,TWSE,2332,友訊,20.1,20.35,19.85,19.85,7775635.0
2026-09-02,TWSE,2337,旺宏,126.0,127.5,122.0,122.5,31995454.0
2026-09-02,TWSE,2338,光罩,38.85,40.05,38.85,39.25,1532419.0
2026-09-02,TWSE,2340,台亞,33.7,34.8,33.3,34.1,2906830.0
2026-09-02,TWSE,2342,茂矽,40.3,42.4,40.25,41.2,2791067.0
2026-09-02,TWSE,2344,華邦電,183.5,184.0,175.5,176.0,136605515.0
2026-09-02,TWSE,2345,智邦,2085.0,2235.0,2050.0,2205.0,5313838.0
2026-09-02,TWSE,2347,聯強,86.4,87.4,85.6,86.0,4443086.0
2026-09-02,TWSE,2348,海悅,70.3,71.1,70.3,70.7,103375.0
2026-09-02,TWSE,2349,錸德,11.0,11.3,11.0,11.1,1100972.0
2026-09-02,TWSE,2351,順德,229.0,231.0,221.0,226.0,5235791.0
2026-09-02,TWSE,2352,佳世達,28.15,28.75,28.15,28.4,3499616.0
2026-09-02,TWSE,2353,宏碁,31.35,31.75,31.2,31.75,13430684.0
2026-09-02,TWSE,2354,鴻準,65.0,66.5,64.7,65.9,24380122.0
2026-09-02,TWSE,2355,敬鵬,43.95,44.75,43.95,44.2,971388.0
2026-09-02,TWSE,2356,英業達,66.7,68.4,66.2,66.6,13332052.0
2026-09-02,TWSE,2357,華碩,1000.0,1025.0,987.0,1010.0,5653878.0
2026-09-02,TWSE,2359,所羅門,145.5,149.5,144.0,144.0,4432539.0
2026-09-02,TWSE,2360,致茂,1975.0,2055.0,1965.0,2030.0,1537485.0
2026-09-02,TWSE,2362,藍天,47.55,48.25,47.5,47.7,869171.0
2026-09-02,TWSE,2363,矽統,51.8,53.1,51.2,51.5,4380842.0
2026-09-02,TWSE,2364,倫飛,65.6,67.8,65.6,66.9,435131.0
2026-09-02,TWSE,2365,昆盈,29.4,30.05,29.4,29.95,747245.0
2026-09-02,TWSE,2367,燿華,44.45,45.2,44.15,44.65,3985572.0
2026-09-02,TWSE,2368,金像電,1175.0,1245.0,1155.0,1225.0,12953799.0
2026-09-02,TWSE,2369,菱生,31.4,32.2,31.4,31.7,3928935.0
2026-09-02,TWSE,2371,大同,28.15,29.15,28.15,28.65,9887622.0
2026-09-02,TWSE,2373,震旦行,52.8,53.1,52.8,53.1,40564.0
2026-09-02,TWSE,2374,佳能,69.5,70.7,68.7,68.7,2622237.0
2026-09-02,TWSE,2375,凱美,127.0,133.0,126.5,127.0,5031478.0
2026-09-02,TWSE,2376,技嘉,358.5,360.5,354.5,359.0,5668751.0
2026-09-02,TWSE,2377,微星,155.0,156.0,151.5,154.0,11358673.0
2026-09-02,TWSE,2379,瑞昱,723.0,753.0,723.0,744.0,2713152.0
2026-09-02,TWSE,2380,虹光,19.05,19.05,18.5,18.5,85704.0
2026-09-02,TWSE,2382,廣達,337.0,342.0,335.5,342.0,14159329.0
2026-09-02,TWSE,2383,台光電,5525.0,5735.0,5490.0,5640.0,1770102.0
2026-09-02,TWSE,2385,群光,106.5,109.0,106.5,107.0,4935093.0
2026-09-02,TWSE,2387,精元,36.65,37.05,36.6,36.9,252038.0
2026-09-02,TWSE,2388,威盛,72.9,74.9,72.9,73.3,2051162.0
2026-09-02,TWSE,2390,云辰,10.45,10.45,10.25,10.25,329944.0
2026-09-02,TWSE,2392,正崴,45.8,47.95,45.2,45.9,5269563.0
2026-09-02,TWSE,2393,億光,66.0,66.4,64.8,65.4,1832843.0
2026-09-02,TWSE,2395,研華,689.0,715.0,679.0,711.0,4999424.0
2026-09-02,TWSE,2397,友通,63.0,63.3,62.4,62.4,228636.0
2026-09-02,TWSE,2399,映泰,45.85,46.7,45.3,46.15,2523208.0
2026-09-02,TWSE,2401,凌陽,25.25,26.0,25.25,25.45,2272441.0
2026-09-02,TWSE,2402,毅嘉,60.0,63.2,59.9,62.2,6075518.0
2026-09-02,TWSE,2404,漢唐,1060.0,1105.0,1060.0,1100.0,1513709.0
2026-09-02,TWSE,2405,輔信,15.45,15.55,15.3,15.3,599052.0
2026-09-02,TWSE,2406,國碩,28.15,28.8,28.15,28.4,2884365.0
2026-09-02,TWSE,2408,南亞科,551.0,551.0,516.0,518.0,82818290.0
2026-09-02,TWSE,2409,友達,26.8,27.1,26.35,26.4,107148029.0
2026-09-02,TWSE,2412,中華電,136.0,136.5,135.5,136.0,6889714.0
2026-09-02,TWSE,2413,環科,43.0,44.05,43.0,43.2,432385.0
2026-09-02,TWSE,2414,精技,51.6,52.6,51.6,52.3,87972.0
2026-09-02,TWSE,2415,錩新,29.0,29.0,28.4,28.95,184808.0
2026-09-02,TWSE,2417,圓剛,43.8,44.1,43.45,43.5,348821.0
2026-09-02,TWSE,2419,仲琦,25.15,25.6,25.15,25.4,362632.0
2026-09-02,TWSE,2420,新巨,54.5,55.4,54.5,55.1,288344.0
2026-09-02,TWSE,2421,建準,182.0,184.0,175.0,177.0,12942807.0
2026-09-02,TWSE,2423,固緯,73.6,75.0,73.6,74.3,52626.0
2026-09-02,TWSE,2424,隴華,8.1,8.57,7.91,8.05,32000.0
2026-09-02,TWSE,2425,承啟,37.4,38.1,37.4,37.45,599173.0
2026-09-02,TWSE,2426,鼎元,98.5,107.5,96.2,107.5,68553081.0
2026-09-02,TWSE,2427,三商電,22.45,22.55,22.15,22.2,338947.0
2026-09-02,TWSE,2428,興勤,253.5,259.0,253.5,256.0,910750.0
2026-09-02,TWSE,2429,銘旺科,33.2,33.2,32.6,32.7,135390.0
2026-09-02,TWSE,2430,燦坤,17.65,17.8,17.65,17.8,29655.0
2026-09-02,TWSE,2431,聯昌,10.35,10.35,10.15,10.3,141155.0
2026-09-02,TWSE,2432,倚天酷碁-創,27.45,27.55,27.45,27.45,6000.0
2026-09-02,TWSE,2433,互盛電,41.45,41.6,41.4,41.55,25351.0
2026-09-02,TWSE,2434,統懋,68.1,68.2,68.1,68.2,389847.0
2026-09-02,TWSE,2436,偉詮電,65.6,68.0,65.6,66.7,4325793.0
2026-09-02,TWSE,2438,翔耀,18.15,18.35,18.15,18.25,52326.0
2026-09-02,TWSE,2439,美律,78.5,79.3,78.5,78.6,838080.0
2026-09-02,TWSE,2440,太空梭,14.15,14.35,14.15,14.3,176203.0
2026-09-02,TWSE,2441,超豐,115.5,122.5,115.5,119.5,5703873.0
2026-09-02,TWSE,2442,新美齊,19.3,19.4,19.25,19.35,1976779.0
2026-09-02,TWSE,2444,兆勁,11.1,11.15,10.95,11.0,103699.0
2026-09-02,TWSE,2449,京元電子,260.0,281.5,259.0,279.0,53349538.0
2026-09-02,TWSE,2450,神腦,28.1,28.25,28.1,28.15,53542.0
2026-09-02,TWSE,2451,創見,295.5,298.0,292.0,295.0,2797380.0
2026-09-02,TWSE,2453,凌群,52.1,52.6,52.1,52.2,154028.0
2026-09-02,TWSE,2454,聯發科,4315.0,4315.0,4315.0,4315.0,4931652.0
2026-09-02,TWSE,2455,全新,490.0,524.0,474.0,524.0,28052088.0
2026-09-02,TWSE,2457,飛宏,23.0,23.7,22.7,22.7,6205762.0
2026-09-02,TWSE,2458,義隆,136.0,139.0,136.0,138.0,1120753.0
2026-09-02,TWSE,2459,敦吉,66.8,67.0,66.2,66.7,55458.0
2026-09-02,TWSE,2460,建通,28.65,29.1,28.65,29.1,284346.0
2026-09-02,TWSE,2461,光群雷,18.65,18.65,18.2,18.3,625514.0
2026-09-02,TWSE,2462,良得電,20.9,20.9,19.9,20.55,570118.0
2026-09-02,TWSE,2464,盟立,183.5,188.0,177.0,184.5,10411363.0
2026-09-02,TWSE,2465,麗臺,94.1,97.6,93.4,95.8,2639803.0
2026-09-02,TWSE,2466,冠西電,99.8,102.5,99.0,99.5,815236.0
2026-09-02,TWSE,2467,志聖,620.0,643.0,617.0,624.0,1718207.0
2026-09-02,TWSE,2468,華經,33.8,33.9,33.45,33.45,136791.0
2026-09-02,TWSE,2471,資通,50.5,50.7,50.1,50.5,110664.0
2026-09-02,TWSE,2472,立隆電,223.0,233.0,223.0,224.0,2524609.0
2026-09-02,TWSE,2474,可成,208.0,214.5,208.0,213.5,5472628.0
2026-09-02,TWSE,2476,鉅祥,126.0,130.0,125.5,127.5,2318908.0
2026-09-02,TWSE,2477,美隆電,21.8,22.1,21.55,21.6,465941.0
2026-09-02,TWSE,2478,大毅,123.0,128.0,122.5,123.5,3801857.0
2026-09-02,TWSE,2480,敦陽科,155.5,157.5,155.5,155.5,246739.0
2026-09-02,TWSE,2481,強茂,151.0,160.5,149.5,157.0,36387336.0
2026-09-02,TWSE,2482,連宇,15.9,16.0,15.8,15.95,64267.0
2026-09-02,TWSE,2483,百容,35.5,36.05,34.8,34.8,750384.0
2026-09-02,TWSE,2484,希華,74.2,79.2,74.2,76.7,11587547.0
2026-09-02,TWSE,2485,兆赫,42.6,43.5,42.45,42.9,2502847.0
2026-09-02,TWSE,2486,一詮,266.0,276.0,266.0,276.0,4976542.0
2026-09-02,TWSE,2488,漢平,48.25,48.65,48.25,48.25,76390.0
2026-09-02,TWSE,2489,瑞軒,42.2,45.0,41.75,42.8,102064014.0
2026-09-02,TWSE,2491,吉祥全,45.75,45.75,45.75,45.75,1717223.0
2026-09-02,TWSE,2492,華新科,295.5,317.0,294.0,302.5,35972775.0
2026-09-02,TWSE,2493,揚博,179.5,188.5,179.5,187.0,1393113.0
2026-09-02,TWSE,2495,普安,38.45,39.05,37.5,37.95,986594.0
2026-09-02,TWSE,2496,卓越,55.0,55.0,54.6,54.6,9720.0
2026-09-02,TWSE,2497,怡利電,45.0,45.5,44.55,45.2,156353.0
2026-09-02,TWSE,2498,宏達電,40.7,41.9,40.45,40.9,4649290.0
2026-09-02,TWSE,2501,國建,22.3,22.6,22.3,22.5,744853.0
2026-09-02,TWSE,2504,國產,31.1,31.6,31.1,31.45,901362.0
2026-09-02,TWSE,2505,國揚,17.05,17.1,16.9,17.0,222063.0
2026-09-02,TWSE,2506,太設,8.56,8.61,8.5,8.56,128784.0
2026-09-02,TWSE,2509,全坤建,15.35,15.5,15.2,15.25,124998.0
2026-09-02,TWSE,2511,太子,8.25,8.38,8.25,8.3,829719.0
2026-09-02,TWSE,2514,龍邦,11.7,11.8,11.7,11.8,59807.0
2026-09-02,TWSE,2515,中工,12.05,12.1,12.05,12.05,3702043.0
2026-09-02,TWSE,2516,新建,14.25,14.25,14.05,14.1,42832.0
2026-09-02,TWSE,2520,冠德,35.8,36.15,35.5,36.1,1435971.0
2026-09-02,TWSE,2524,京城,34.5,35.05,34.5,34.9,54000.0
2026-09-02,TWSE,2527,宏璟,42.75,44.65,42.5,43.95,625997.0
2026-09-02,TWSE,2528,皇普,20.0,20.2,19.85,19.95,408519.0
2026-09-02,TWSE,2530,華建,18.85,19.75,18.85,19.75,2051351.0
2026-09-02,TWSE,2534,宏盛,17.2,17.35,17.1,17.15,292287.0
2026-09-02,TWSE,2535,達欣工,89.4,90.5,89.2,89.2,317838.0
2026-09-02,TWSE,2536,宏普,20.6,20.9,20.6,20.8,1445054.0
2026-09-02,TWSE,2537,聯上發,11.5,11.85,11.45,11.7,1175703.0
2026-09-02,TWSE,2538,基泰,8.85,8.89,8.82,8.83,388472.0
2026-09-02,TWSE,2539,櫻花建,35.25,35.55,34.8,35.55,1134452.0
2026-09-02,TWSE,2540,愛山林,48.8,49.5,48.1,48.1,782957.0
2026-09-02,TWSE,2542,興富發,46.55,48.0,46.55,47.9,8094788.0
2026-09-02,TWSE,2543,皇昌,39.25,39.45,38.55,38.65,1280483.0
2026-09-02,TWSE,2545,皇翔,34.05,34.6,34.0,34.55,199068.0
2026-09-02,TWSE,2546,根基,105.0,105.5,103.0,104.0,350692.0
2026-09-02,TWSE,2547,日勝生,9.96,10.05,9.96,9.98,1089594.0
2026-09-02,TWSE,2548,華固,93.1,93.5,92.9,93.2,633052.0
2026-09-02,TWSE,2597,潤弘,170.0,173.5,169.0,170.5,472822.0
2026-09-02,TWSE,2601,益航,6.81,6.83,6.75,6.76,1727040.0
2026-09-02,TWSE,2603,長榮,231.5,239.0,231.0,238.0,12604056.0
2026-09-02,TWSE,2605,新興,35.05,35.3,34.65,34.75,6608988.0
2026-09-02,TWSE,2606,裕民,74.5,75.0,72.8,75.0,5933965.0
2026-09-02,TWSE,2607,榮運,52.7,53.7,52.3,53.6,546758.0
2026-09-02,TWSE,2608,嘉里大榮,28.5,28.75,28.5,28.6,72344.0
2026-09-02,TWSE,2609,陽明,59.4,60.5,57.5,57.6,49894440.0
2026-09-02,TWSE,2610,華航,20.25,20.4,20.25,20.35,13074092.0
2026-09-02,TWSE,2611,志信,15.0,15.0,14.7,14.8,467557.0
2026-09-02,TWSE,2612,中航,60.0,62.2,59.3,60.9,741355.0
2026-09-02,TWSE,2613,中櫃,22.7,22.9,22.6,22.7,461577.0
2026-09-02,TWSE,2614,東森,18.2,18.35,18.2,18.25,362450.0
2026-09-02,TWSE,2615,萬海,112.5,116.0,111.0,114.5,19050703.0
2026-09-02,TWSE,2616,山隆,13.4,13.5,13.4,13.45,88692.0
2026-09-02,TWSE,2617,台航,30.9,31.35,30.8,31.2,1242908.0
2026-09-02,TWSE,2618,長榮航,41.55,42.4,41.5,42.4,21244156.0
2026-09-02,TWSE,2630,亞航,51.1,52.2,50.8,51.3,1372211.0
2026-09-02,TWSE,2633,台灣高鐵,25.9,26.3,25.9,26.25,3030084.0
2026-09-02,TWSE,2634,漢翔,67.0,67.7,66.6,67.0,11315388.0
2026-09-02,TWSE,2636,台驊控股,68.6,70.0,68.6,69.6,442676.0
2026-09-02,TWSE,2637,慧洋-KY,93.3,98.2,92.1,95.6,4930344.0
2026-09-02,TWSE,2642,宅配通,20.3,20.5,20.3,20.5,35928.0
2026-09-02,TWSE,2645,長榮航太,174.0,177.5,174.0,176.0,1648798.0
2026-09-02,TWSE,2646,星宇航空,20.75,20.85,20.6,20.65,5281490.0
2026-09-02,TWSE,2701,萬企,10.4,10.45,10.3,10.45,63804.0
2026-09-02,TWSE,2702,華園,12.7,12.7,12.5,12.7,44481.0
2026-09-02,TWSE,2704,國賓,44.3,45.35,44.3,45.0,363775.0
2026-09-02,TWSE,2705,六福,15.65,15.85,15.65,15.85,75094.0
2026-09-02,TWSE,2706,第一店,12.55,12.6,12.5,12.5,112281.0
2026-09-02,TWSE,2707,晶華,179.0,179.0,178.0,179.0,104610.0
2026-09-02,TWSE,2712,遠雄來,14.4,14.4,14.35,14.4,17000.0
2026-09-02,TWSE,2722,夏都,21.6,21.8,21.55,21.65,32280.0
2026-09-02,TWSE,2723,美食-KY,81.2,83.2,80.8,82.8,698668.0
2026-09-02,TWSE,2727,王品,234.5,235.0,232.0,232.5,247479.0
2026-09-02,TWSE,2731,雄獅,143.5,144.5,143.5,143.5,267176.0
2026-09-02,TWSE,2739,寒舍,37.95,38.75,37.85,37.85,222971.0
2026-09-02,TWSE,2748,雲品,38.9,38.9,38.6,38.85,58761.0
2026-09-02,TWSE,2753,八方雲集,182.0,182.5,179.0,179.5,159985.0
2026-09-02,TWSE,2762,世界健身-KY,81.5,82.3,81.5,82.3,24012.0
2026-09-02,TWSE,2801,彰銀,24.95,25.3,24.9,25.2,25541592.0
2026-09-02,TWSE,2812,台中銀,18.9,19.1,18.9,19.1,23179162.0
2026-09-02,TWSE,2816,旺旺保,39.05,39.15,38.65,38.65,399260.0
2026-09-02,TWSE,2820,華票,16.5,16.6,16.45,16.55,2062984.0
2026-09-02,TWSE,2832,台產,57.8,59.3,57.8,58.9,155798.0
2026-09-02,TWSE,2834,臺企銀,16.8,17.25,16.8,17.1,57899478.0
2026-09-02,TWSE,2836,高雄銀,11.9,12.05,11.9,12.0,1254149.0
2026-09-02,TWSE,2838,聯邦銀,20.1,20.4,20.1,20.25,1870566.0
2026-09-02,TWSE,2845,遠東銀,13.5,13.65,13.45,13.65,32700753.0
2026-09-02,TWSE,2849,安泰銀,14.15,14.5,14.15,14.4,173482.0
2026-09-02,TWSE,2850,新產,158.0,161.0,158.0,160.5,228028.0
2026-09-02,TWSE,2851,中再保,45.0,46.0,44.4,45.85,2902000.0
2026-09-02,TWSE,2852,第一保,27.95,28.35,27.95,28.25,221279.0
2026-09-02,TWSE,2855,統一證,49.5,50.3,49.3,50.0,5108225.0
2026-09-02,TWSE,2880,華南金,40.8,42.2,40.8,41.95,23432105.0
2026-09-02,TWSE,2881,富邦金,143.5,145.0,141.5,145.0,19553535.0
2026-09-02,TWSE,2882,國泰金,109.0,112.5,108.5,111.0,26452218.0
2026-09-02,TWSE,2883,凱基金,33.9,35.1,33.9,34.95,63652325.0
2026-09-02,TWSE,2884,玉山金,39.45,39.9,39.0,39.9,40006206.0
2026-09-02,TWSE,2885,元大金,65.0,66.9,65.0,66.7,20966131.0
2026-09-02,TWSE,2886,兆豐金,48.2,49.0,48.1,48.5,30744770.0
2026-09-02,TWSE,2887,台新新光金,38.9,40.3,38.85,40.3,89499178.0
2026-09-02,TWSE,2889,國票金,15.45,15.7,15.35,15.65,19361212.0
2026-09-02,TWSE,2890,永豐金,40.8,42.0,40.75,41.5,27422506.0
2026-09-02,TWSE,2891,中信金,65.5,66.5,65.1,66.5,39727859.0
2026-09-02,TWSE,2892,第一金,35.05,35.9,35.0,35.9,37065473.0
2026-09-02,TWSE,2897,王道銀行,10.35,10.65,10.35,10.6,14531847.0
2026-09-02,TWSE,2901,欣欣,23.7,23.7,23.4,23.55,4515.0
2026-09-02,TWSE,2903,遠百,22.2,22.4,22.1,22.2,2005199.0
2026-09-02,TWSE,2904,匯僑,12.8,12.85,12.8,12.85,59868.0
2026-09-02,TWSE,2905,三商,17.35,17.5,17.25,17.4,1002116.0
2026-09-02,TWSE,2906,高林,13.85,13.9,13.75,13.9,118498.0
2026-09-02,TWSE,2908,特力,21.9,22.0,21.85,21.95,248595.0
2026-09-02,TWSE,2910,統領,23.5,24.9,23.5,23.8,22100.0
2026-09-02,TWSE,2911,麗嬰房,6.6,6.6,6.42,6.42,62892.0
2026-09-02,TWSE,2912,統一超,216.5,218.0,215.5,216.0,1788795.0
2026-09-02,TWSE,2913,農林,11.15,11.3,11.1,11.15,1003957.0
2026-09-02,TWSE,2915,潤泰全,55.9,56.8,55.8,56.7,2422882.0
2026-09-02,TWSE,2923,鼎固-KY,24.05,25.15,23.75,24.75,150820.0
2026-09-02,TWSE,2929,淘帝-KY,5.6,5.63,5.55,5.55,129028.0
2026-09-02,TWSE,2939,永邑-KY,19.75,19.75,19.7,19.7,4009.0
2026-09-02,TWSE,2945,三商家購,40.15,40.2,40.0,40.0,6080.0
2026-09-02,TWSE,3002,歐格,17.3,17.55,17.2,17.2,60790.0
2026-09-02,TWSE,3003,健和興,67.7,69.3,67.7,68.0,565161.0
2026-09-02,TWSE,3004,豐達科,118.5,120.5,118.0,120.0,401666.0
2026-09-02,TWSE,3005,神基,117.0,119.0,117.0,118.5,2100276.0
2026-09-02,TWSE,3006,晶豪科,298.5,299.0,276.0,278.5,20165284.0
2026-09-02,TWSE,3008,大立光,7655.0,7995.0,7565.0,7580.0,3399074.0
2026-09-02,TWSE,3010,華立,127.5,130.0,127.5,128.0,324985.0
2026-09-02,TWSE,3011,今皓,10.55,10.6,10.25,10.25,434714.0
2026-09-02,TWSE,3013,晟銘電,88.0,93.9,88.0,92.4,2990312.0
2026-09-02,TWSE,3014,聯陽,129.0,132.5,129.0,131.5,856757.0
2026-09-02,TWSE,3015,全漢,53.1,53.9,53.1,53.6,257556.0
2026-09-02,TWSE,3016,嘉晶,102.0,108.0,102.0,104.0,7198205.0
2026-09-02,TWSE,3017,奇鋐,3435.0,3465.0,3350.0,3410.0,3084829.0
2026-09-02,TWSE,3018,隆銘綠能,11.6,13.1,11.6,12.8,98303.0
2026-09-02,TWSE,3019,亞光,143.5,152.0,142.5,143.5,8488033.0
2026-09-02,TWSE,3021,鴻名,19.95,20.45,19.95,20.4,132548.0
2026-09-02,TWSE,3022,威強電,90.5,93.1,89.5,92.5,1667997.0
2026-09-02,TWSE,3023,信邦,312.0,321.0,312.0,320.0,909100.0
2026-09-02,TWSE,3024,憶聲,14.95,15.15,14.75,14.85,2245000.0
2026-09-02,TWSE,3025,星通,52.6,52.7,52.0,52.2,293766.0
2026-09-02,TWSE,3026,禾伸堂,769.0,795.0,730.0,731.0,12797881.0
2026-09-02,TWSE,3027,盛達,18.2,18.4,18.1,18.2,75685.0
2026-09-02,TWSE,3028,增你強,64.3,65.2,64.3,64.6,553808.0
2026-09-02,TWSE,3029,零壹,113.5,114.0,111.5,112.5,657369.0
2026-09-02,TWSE,3030,德律,294.0,304.5,294.0,297.5,1396524.0
2026-09-02,TWSE,3031,佰鴻,24.45,25.05,24.45,24.5,575668.0
2026-09-02,TWSE,3032,偉訓,82.5,83.8,81.4,81.6,748995.0
2026-09-02,TWSE,3033,威健,44.7,44.95,44.2,44.25,3621107.0
2026-09-02,TWSE,3034,聯詠,539.0,554.0,539.0,552.0,4462054.0
2026-09-02,TWSE,3035,智原,177.5,187.5,177.5,183.5,6122226.0
2026-09-02,TWSE,3036,文曄,195.0,198.5,195.0,196.0,5086055.0
2026-09-02,TWSE,3037,欣興,921.0,994.0,911.0,971.0,94479548.0
2026-09-02,TWSE,3038,全台,20.2,20.3,20.05,20.2,143632.0
2026-09-02,TWSE,3040,遠見,37.1,37.1,36.25,36.25,187221.0
2026-09-02,TWSE,3041,揚智,23.2,24.05,23.15,23.2,1161841.0
2026-09-02,TWSE,3042,晶技,186.0,190.5,181.5,182.0,17544015.0
2026-09-02,TWSE,3043,科風,21.0,21.45,21.0,21.35,33611.0
2026-09-02,TWSE,3044,健鼎,496.5,506.0,494.5,503.0,2919218.0
2026-09-02,TWSE,3045,台灣大,115.0,116.0,113.5,115.5,12275130.0
2026-09-02,TWSE,3046,建碁,56.4,56.9,56.1,56.6,218033.0
2026-09-02,TWSE,3047,訊舟,13.8,13.95,13.65,13.75,385379.0
2026-09-02,TWSE,3048,益登,54.8,55.6,54.6,54.8,1294083.0
2026-09-02,TWSE,3049,精金,13.5,13.7,13.25,13.3,12428741.0
2026-09-02,TWSE,3050,鈺德,11.7,11.8,11.55,11.6,439345.0
2026-09-02,TWSE,3051,力特,23.0,23.15,22.75,22.8,410681.0
2026-09-02,TWSE,3052,夆典,10.65,10.65,10.55,10.6,306573.0
2026-09-02,TWSE,3054,立萬利,58.5,62.1,57.7,58.4,221235.0
2026-09-02,TWSE,3055,蔚華科,119.0,132.5,119.0,129.5,5176896.0
2026-09-02,TWSE,3056,富華新,13.95,14.1,13.95,14.05,327134.0
2026-09-02,TWSE,3057,喬鼎,17.2,17.95,17.15,17.6,93930.0
2026-09-02,TWSE,3058,立德,8.17,8.26,8.13,8.19,353968.0
2026-09-02,TWSE,3059,華晶科,39.6,39.95,39.15,39.2,1545156.0
2026-09-02,TWSE,3060,銘異,26.5,26.85,26.5,26.7,608593.0
2026-09-02,TWSE,3062,建漢,20.6,20.9,20.6,20.8,710334.0
2026-09-02,TWSE,3090,日電貿,172.0,179.5,172.0,173.0,9067944.0
2026-09-02,TWSE,3092,鴻碩,25.4,25.4,23.85,24.0,175740.0
2026-09-02,TWSE,3094,聯傑,40.6,41.8,40.6,41.2,6064529.0
2026-09-02,TWSE,3130,一零四,210.0,211.0,210.0,210.5,17695.0
2026-09-02,TWSE,3135,凌航,173.5,175.5,173.0,173.0,1314147.0
2026-09-02,TWSE,3138,耀登,97.4,99.5,97.4,97.8,171610.0
2026-09-02,TWSE,3149,正達,64.5,65.9,63.9,64.2,4015942.0
2026-09-02,TWSE,3150,鈺寶-創,16.6,17.05,16.6,17.05,24000.0
2026-09-02,TWSE,3164,景岳,15.95,15.95,15.85,15.85,12246.0
2026-09-02,TWSE,3167,大量,794.0,839.0,789.0,800.0,4499806.0
2026-09-02,TWSE,3168,眾福科,41.6,42.0,41.5,41.95,15601.0
2026-09-02,TWSE,3189,景碩,838.0,900.0,835.0,874.0,36368169.0
2026-09-02,TWSE,3209,全科,45.5,46.4,45.4,46.4,2441295.0
2026-09-02,TWSE,3229,晟鈦,53.6,53.8,50.9,50.9,1325011.0
2026-09-02,TWSE,3231,緯創,179.0,182.0,178.0,182.0,27956611.0
2026-09-02,TWSE,3257,虹冠電,50.1,50.7,49.75,49.95,223579.0
2026-09-02,TWSE,3266,昇陽,13.85,14.0,13.8,14.0,23308.0
2026-09-02,TWSE,3296,勝德,24.4,24.4,23.75,24.05,19279.0
2026-09-02,TWSE,3305,昇貿,114.0,115.5,113.5,114.5,1949038.0
2026-09-02,TWSE,3308,聯德,21.2,22.3,21.2,21.85,134126.0
2026-09-02,TWSE,3311,閎暉,32.4,32.95,32.15,32.15,287413.0
2026-09-02,TWSE,3312,弘憶股,51.4,53.2,51.4,52.4,816882.0
2026-09-02,TWSE,3321,同泰,17.3,17.7,17.3,17.5,188484.0
2026-09-02,TWSE,3338,泰碩,64.1,68.0,64.0,66.8,794606.0
2026-09-02,TWSE,3346,麗清,19.6,19.65,19.3,19.6,305755.0
2026-09-02,TWSE,3356,奇偶,62.8,63.0,62.0,62.3,349372.0
2026-09-02,TWSE,3376,新日興,216.0,219.0,210.0,213.0,5410658.0
2026-09-02,TWSE,3380,明泰,28.5,28.85,28.3,28.35,1834952.0
2026-09-02,TWSE,3406,玉晶光,1005.0,1090.0,993.0,1005.0,13040049.0
2026-09-02,TWSE,3413,京鼎,279.5,286.5,279.5,284.0,829486.0
2026-09-02,TWSE,3416,融程電,175.0,182.0,174.0,177.0,303433.0
2026-09-02,TWSE,3419,譁裕,11.8,12.1,11.75,12.0,121489.0
2026-09-02,TWSE,3432,台端,14.65,14.65,14.5,14.5,20437.0
2026-09-02,TWSE,3437,榮創,18.3,18.45,18.05,18.05,312895.0
2026-09-02,TWSE,3443,創意,6490.0,6490.0,5925.0,5995.0,2108698.0
2026-09-02,TWSE,3447,展達,30.4,31.1,29.6,29.7,229567.0
2026-09-02,TWSE,3450,聯鈞,648.0,653.0,620.0,625.0,16284651.0
2026-09-02,TWSE,3481,群創,49.9,50.2,49.2,49.3,137987627.0
2026-09-02,TWSE,3494,誠研,7.14,7.19,7.06,7.08,56797.0
2026-09-02,TWSE,3501,維熹,39.55,39.8,39.55,39.6,66601.0
2026-09-02,TWSE,3504,揚明光,90.3,92.3,86.8,87.2,4351499.0
2026-09-02,TWSE,3515,華擎,225.0,226.5,222.5,224.5,771237.0
2026-09-02,TWSE,3518,柏騰,29.0,31.4,28.8,31.4,2878511.0
2026-09-02,TWSE,3528,安馳,83.8,85.0,83.0,84.0,171651.0
2026-09-02,TWSE,3530,晶相光,58.5,60.0,58.5,59.0,100466.0
2026-09-02,TWSE,3532,台勝科,378.0,408.5,378.0,402.0,9118679.0
2026-09-02,TWSE,3533,嘉澤,1690.0,1770.0,1690.0,1745.0,1454962.0
2026-09-02,TWSE,3535,晶彩科,87.8,90.2,87.8,88.7,505718.0
2026-09-02,TWSE,3543,州巧,53.3,53.5,48.1,48.3,6418547.0
2026-09-02,TWSE,3545,敦泰,49.0,50.4,49.0,49.9,892229.0
2026-09-02,TWSE,3550,聯穎,23.65,24.15,23.5,23.65,1197891.0
2026-09-02,TWSE,3557,嘉威,24.2,24.55,24.1,24.4,34586.0
2026-09-02,TWSE,3563,牧德,679.0,716.0,679.0,710.0,738157.0
2026-09-02,TWSE,3576,聯合再生,17.95,18.1,17.7,17.8,11871847.0
2026-09-02,TWSE,3583,辛耘,725.0,790.0,725.0,773.0,1393728.0
2026-09-02,TWSE,3588,通嘉,52.9,54.7,52.9,53.3,231958.0
2026-09-02,TWSE,3591,艾笛森,22.3,23.3,22.25,22.7,1558378.0
2026-09-02,TWSE,3592,瑞鼎,221.0,228.5,221.0,224.5,452448.0
2026-09-02,TWSE,3593,力銘,,,,,132.0
2026-09-02,TWSE,3596,智易,158.5,161.5,158.5,159.5,1348708.0
2026-09-02,TWSE,3605,宏致,128.5,132.0,125.5,125.5,7867059.0
2026-09-02,TWSE,3607,谷崧,14.0,14.05,13.8,13.8,283916.0
2026-09-02,TWSE,3617,碩天,254.0,262.5,251.0,251.5,964295.0
2026-09-02,TWSE,3622,洋華,53.0,53.6,53.0,53.1,498910.0
2026-09-02,TWSE,3645,達邁,75.0,75.2,73.5,73.5,3696114.0
2026-09-02,TWSE,3652,精聯,32.85,33.0,32.8,32.8,89745.0
2026-09-02,TWSE,3653,健策,6075.0,6095.0,5820.0,5885.0,981544.0
2026-09-02,TWSE,3661,世芯-KY,4235.0,4350.0,4170.0,4275.0,2521101.0
2026-09-02,TWSE,3665,貿聯-KY,2190.0,2375.0,2165.0,2315.0,4568188.0
2026-09-02,TWSE,3669,圓展,35.7,35.95,35.25,35.25,214452.0
2026-09-02,TWSE,3673,TPK-KY,68.3,69.7,67.7,67.8,4935897.0
2026-09-02,TWSE,3679,新至陞,108.0,108.5,107.5,108.0,23780.0
2026-09-02,TWSE,3686,達能,14.45,14.7,14.45,14.65,65784.0
2026-09-02,TWSE,3694,海華,50.4,51.8,50.4,50.8,891373.0
2026-09-02,TWSE,3701,大眾控,40.8,42.5,40.8,41.05,589365.0
2026-09-02,TWSE,3702,大聯大,100.0,101.5,100.0,100.5,12367273.0
2026-09-02,TWSE,3703,欣陸,19.4,19.65,19.35,19.55,827584.0
2026-09-02,TWSE,3704,合勤控,41.7,42.3,41.4,41.7,1325634.0
2026-09-02,TWSE,3705,永信,55.4,56.1,55.4,55.9,170074.0
2026-09-02,TWSE,3706,神達,92.8,95.8,92.7,95.7,27970459.0
2026-09-02,TWSE,3708,上緯投控,101.0,103.0,100.5,100.5,562417.0
2026-09-02,TWSE,3711,日月光投控,588.0,615.0,582.0,610.0,26066376.0
2026-09-02,TWSE,3712,永崴投控,20.75,21.95,20.75,21.6,2904437.0
2026-09-02,TWSE,3714,富采,61.8,64.4,61.2,62.5,8785743.0
2026-09-02,TWSE,3715,定穎投控,123.5,132.5,123.5,132.5,9357457.0
2026-09-02,TWSE,3716,中化控股,34.85,34.9,34.6,34.6,263319.0
2026-09-02,TWSE,3717,聯嘉投控,22.7,22.8,22.15,22.3,1627170.0
2026-09-02,TWSE,4104,佳醫,70.9,71.2,70.9,71.1,121856.0
2026-09-02,TWSE,4106,雃博,24.3,24.4,24.15,24.35,37789.0
2026-09-02,TWSE,4108,懷特,11.55,11.6,11.45,11.55,367840.0
2026-09-02,TWSE,4119,旭富,55.3,56.5,55.2,56.3,229253.0
2026-09-02,TWSE,4133,亞諾法,20.75,20.8,20.7,20.75,15751.0
2026-09-02,TWSE,4137,麗豐-KY,84.2,84.8,83.3,83.4,326359.0
2026-09-02,TWSE,4142,國光生,17.7,17.8,17.65,17.7,491110.0
2026-09-02,TWSE,4148,全宇生技-KY,32.4,32.45,31.05,31.05,49711.0
2026-09-02,TWSE,4155,訊映,14.55,14.65,14.45,14.5,114889.0
2026-09-02,TWSE,4164,承業醫,25.85,26.0,25.8,25.9,186869.0
2026-09-02,TWSE,4169,泰宗,153.0,157.0,152.5,154.0,59094.0
2026-09-02,TWSE,4178,永笙-KY,17.2,17.2,16.95,16.95,87280.0
2026-09-02,TWSE,4190,佐登-KY,26.55,26.55,25.85,26.15,10871.0
2026-09-02,TWSE,4195,基米-創,14.2,14.35,14.1,14.25,56263.0
2026-09-02,TWSE,4306,炎洲,15.05,15.15,15.0,15.05,528197.0
2026-09-02,TWSE,4414,如興,8.37,8.46,8.35,8.37,93243.0
2026-09-02,TWSE,4426,利勤,7.59,7.59,7.51,7.57,128115.0
2026-09-02,TWSE,4438,廣越,59.7,61.5,59.7,60.8,313327.0
2026-09-02,TWSE,4439,冠星-KY,97.6,97.6,96.7,96.7,16418.0
2026-09-02,TWSE,4440,宜新實業,17.7,17.7,17.45,17.55,47758.0
2026-09-02,TWSE,4441,振大環球,171.5,173.0,169.5,172.5,111390.0
2026-09-02,TWSE,4526,東台,30.35,31.95,30.35,30.55,1477346.0
2026-09-02,TWSE,4532,瑞智,24.0,24.05,23.85,23.85,380676.0
2026-09-02,TWSE,4536,拓凱,162.5,166.5,162.5,164.5,214928.0
2026-09-02,TWSE,4540,全球傳動,58.8,60.4,58.0,59.4,1440568.0
2026-09-02,TWSE,4545,銘鈺,31.85,32.1,31.65,32.0,40308.0
2026-09-02,TWSE,4551,智伸科,162.0,173.0,161.0,167.5,1736135.0
2026-09-02,TWSE,4552,力達-KY,17.0,17.0,16.75,16.85,119063.0
2026-09-02,TWSE,4555,氣立,46.5,47.1,46.3,46.5,107504.0
2026-09-02,TWSE,4557,永新-KY,50.0,50.5,50.0,50.3,18774.0
2026-09-02,TWSE,4560,強信-KY,29.5,30.15,29.45,29.7,388100.0
2026-09-02,TWSE,4562,穎漢,30.9,31.4,30.85,30.95,125168.0
2026-09-02,TWSE,4564,元翎,16.8,16.85,16.55,16.65,601008.0
2026-09-02,TWSE,4566,時碩工業,65.2,65.8,64.8,65.3,729298.0
2026-09-02,TWSE,4569,六方科-KY,168.5,172.5,167.5,168.0,144966.0
2026-09-02,TWSE,4571,鈞興-KY,156.0,158.5,156.0,157.0,68000.0
2026-09-02,TWSE,4572,駐龍,144.0,145.0,143.0,144.5,27191.0
2026-09-02,TWSE,4576,大銀微系統,215.0,237.0,215.0,230.5,3703735.0
2026-09-02,TWSE,4581,光隆精密-KY,,,,,
2026-09-02,TWSE,4582,聚恆-創,23.55,24.0,23.55,23.75,42200.0
2026-09-02,TWSE,4583,台灣精銳,460.5,472.0,460.5,467.5,69883.0
2026-09-02,TWSE,4585,達明,293.5,297.5,293.5,294.5,246119.0
2026-09-02,TWSE,4588,玖鼎電力,52.3,53.3,52.3,52.8,25474.0
2026-09-02,TWSE,4590,富田-創,87.8,90.9,87.8,87.9,220162.0
2026-09-02,TWSE,4720,德淵,19.0,19.2,18.9,19.0,423492.0
2026-09-02,TWSE,4722,國精化,208.5,217.5,207.5,208.0,764950.0
2026-09-02,TWSE,4736,泰博,127.0,129.5,126.5,126.5,355236.0
2026-09-02,TWSE,4737,華廣,57.0,57.6,56.7,57.5,67923.0
2026-09-02,TWSE,4739,康普,87.7,88.0,85.6,85.7,1413262.0
2026-09-02,TWSE,4746,台耀,48.7,49.1,48.45,48.75,692302.0
2026-09-02,TWSE,4755,三福化,117.5,120.5,117.5,120.0,139698.0
2026-09-02,TWSE,4763,材料*-KY,46.95,50.7,46.95,50.0,14319214.0
2026-09-02,TWSE,4764,雙鍵,239.0,250.5,236.0,247.0,1638373.0
2026-09-02,TWSE,4766,南寶,343.5,351.0,343.5,350.0,196516.0
2026-09-02,TWSE,4770,上品,211.5,222.5,211.5,221.5,838187.0
2026-09-02,TWSE,4771,望隼,218.5,220.0,214.0,215.0,237081.0
2026-09-02,TWSE,4807,日成-KY,28.7,28.75,27.6,27.9,56691.0
2026-09-02,TWSE,4904,遠傳,100.5,101.0,100.0,101.0,3565741.0
2026-09-02,TWSE,4906,正文,36.35,38.9,36.1,38.2,17547363.0
2026-09-02,TWSE,4912,聯德控股-KY,99.5,101.0,98.0,98.7,1052502.0
2026-09-02,TWSE,4915,致伸,59.4,60.2,59.4,59.8,1401492.0
2026-09-02,TWSE,4916,事欣科,100.5,101.5,99.7,99.7,1304342.0
2026-09-02,TWSE,4919,新唐,120.0,125.0,120.0,124.0,2541694.0
2026-09-02,TWSE,4927,泰鼎-KY,41.2,42.75,40.6,41.75,4442337.0
2026-09-02,TWSE,4930,燦星網,16.0,16.2,16.0,16.15,23175.0
2026-09-02,TWSE,4934,太極,14.3,14.4,14.0,14.0,375451.0
2026-09-02,TWSE,4935,茂林-KY,33.75,33.85,33.5,33.65,60639.0
2026-09-02,TWSE,4938,和碩,90.6,92.3,90.1,91.0,8007243.0
2026-09-02,TWSE,4942,嘉彰,33.15,33.55,33.15,33.2,79830.0
2026-09-02,TWSE,4943,康控-KY,8.41,8.41,7.95,8.37,18180.0
2026-09-02,TWSE,4949,有成精密,76.7,82.6,75.7,81.7,1974151.0
2026-09-02,TWSE,4952,凌通,50.9,52.2,50.9,51.2,278825.0
2026-09-02,TWSE,4956,光鋐,36.0,37.25,35.8,36.2,2533476.0
2026-09-02,TWSE,4958,臻鼎-KY,512.0,550.0,508.0,535.0,71767430.0
2026-09-02,TWSE,4960,誠美材,21.05,21.65,21.05,21.2,1319654.0
2026-09-02,TWSE,4961,天鈺,160.5,168.5,160.0,167.5,756831.0
2026-09-02,TWSE,4967,十銓,277.5,282.5,274.0,276.0,4722023.0
2026-09-02,TWSE,4968,立積,90.9,93.3,90.9,93.0,374941.0
2026-09-02,TWSE,4976,佳凌,38.7,39.35,37.65,37.8,2231566.0
2026-09-02,TWSE,4977,眾達-KY,179.5,184.5,178.0,178.5,6878283.0
2026-09-02,TWSE,4989,榮科,65.1,68.0,64.7,64.7,5185141.0
2026-09-02,TWSE,4994,傳奇,83.6,84.1,81.9,83.1,7011.0
2026-09-02,TWSE,4999,鑫禾,18.5,18.8,18.5,18.8,13392.0
2026-09-02,TWSE,5007,三星,56.4,56.4,55.9,56.3,79089.0
2026-09-02,TWSE,5203,訊連,59.3,59.3,58.7,58.9,62942.0
2026-09-02,TWSE,5215,科嘉-KY,38.95,39.1,38.8,39.0,25407.0
2026-09-02,TWSE,5222,全訊,105.0,107.0,105.0,107.0,173471.0
2026-09-02,TWSE,5225,東科-KY,60.4,61.4,60.4,60.9,122830.0
2026-09-02,TWSE,5234,達興材料,294.5,305.0,294.5,301.0,308252.0
2026-09-02,TWSE,5236,凌陽創新,134.5,138.0,134.5,137.0,85029.0
2026-09-02,TWSE,5243,乙盛-KY,91.0,92.4,90.6,91.9,844076.0
2026-09-02,TWSE,5244,弘凱,34.5,35.0,34.5,34.7,118324.0
2026-09-02,TWSE,5258,虹堡,46.1,46.55,46.1,46.3,208775.0
2026-09-02,TWSE,5269,祥碩,1420.0,1490.0,1420.0,1470.0,635026.0
2026-09-02,TWSE,5283,禾聯碩,52.4,52.7,52.0,52.2,36643.0
2026-09-02,TWSE,5284,jpp-KY,325.0,338.5,325.0,337.0,403959.0
2026-09-02,TWSE,5285,界霖,80.5,83.3,80.5,81.5,688303.0
2026-09-02,TWSE,5288,豐祥-KY,185.5,192.5,185.5,189.5,171472.0
2026-09-02,TWSE,5292,華懋,219.5,241.0,219.0,241.0,1082080.0
2026-09-02,TWSE,5306,桂盟,93.2,94.9,93.2,93.9,109478.0
2026-09-02,TWSE,5388,中磊,77.9,77.9,77.1,77.1,2276326.0
2026-09-02,TWSE,5434,崇越,518.0,545.0,518.0,540.0,1037182.0
2026-09-02,TWSE,5469,瀚宇博,74.0,75.8,74.0,74.0,1142768.0
2026-09-02,TWSE,5471,松翰,61.3,63.0,61.2,61.4,3229033.0
2026-09-02,TWSE,5484,慧友,40.5,40.5,39.9,40.0,116524.0
2026-09-02,TWSE,5515,建國,51.9,52.5,51.8,52.5,203016.0
2026-09-02,TWSE,5519,隆大,27.65,27.85,27.65,27.7,218105.0
2026-09-02,TWSE,5521,工信,10.6,10.65,10.5,10.55,836108.0
2026-09-02,TWSE,5522,遠雄,61.4,62.7,61.4,62.4,289973.0
2026-09-02,TWSE,5525,順天,21.9,22.05,21.85,21.85,72567.0
2026-09-02,TWSE,5531,鄉林,7.26,7.31,7.24,7.27,651195.0
2026-09-02,TWSE,5533,皇鼎,13.85,14.0,13.85,13.95,78358.0
2026-09-02,TWSE,5534,長虹,75.0,76.1,75.0,75.9,671781.0
2026-09-02,TWSE,5538,東明-KY,37.0,37.2,36.7,37.05,59861.0
2026-09-02,TWSE,5546,永固-KY,14.4,14.9,14.3,14.3,76000.0
2026-09-02,TWSE,5607,遠雄港,51.5,51.8,51.4,51.7,485759.0
2026-09-02,TWSE,5608,四維航,16.95,17.05,16.65,16.7,4727320.0
2026-09-02,TWSE,5706,鳳凰,44.85,45.0,44.85,44.95,93232.0
2026-09-02,TWSE,5871,中租-KY,115.0,115.0,112.0,114.0,13951622.0
2026-09-02,TWSE,5876,上海商銀,42.6,44.65,42.6,44.5,15575235.0
2026-09-02,TWSE,5880,合庫金,25.35,25.7,25.3,25.6,15139049.0
2026-09-02,TWSE,5906,台南-KY,,,,,2.0
2026-09-02,TWSE,5907,大洋-KY,4.97,4.98,4.89,4.96,57000.0
2026-09-02,TWSE,6005,群益證,31.15,32.1,31.15,32.05,9193026.0
2026-09-02,TWSE,6024,群益期,63.0,63.5,63.0,63.1,155123.0
2026-09-02,TWSE,6108,競國,24.0,24.45,23.6,23.9,2663045.0
2026-09-02,TWSE,6112,邁達特,45.25,45.5,45.05,45.15,211114.0
2026-09-02,TWSE,6115,鎰勝,43.5,44.8,43.5,44.1,167424.0
2026-09-02,TWSE,6116,彩晶,14.35,14.6,14.25,14.3,14225679.0
2026-09-02,TWSE,6117,迎廣,63.6,66.8,63.6,64.1,289883.0
2026-09-02,TWSE,6120,達運,12.65,12.85,12.55,12.65,976415.0
2026-09-02,TWSE,6128,上福,19.9,20.1,19.7,19.95,121135.0
2026-09-02,TWSE,6133,金橋,23.25,23.4,23.05,23.05,452267.0
2026-09-02,TWSE,6136,富爾特,25.1,25.1,24.35,24.6,175982.0
2026-09-02,TWSE,6139,亞翔,757.0,780.0,757.0,770.0,1963615.0
2026-09-02,TWSE,6141,柏承,58.9,59.9,57.2,58.0,3590856.0
2026-09-02,TWSE,6142,友勁,8.8,8.87,8.7,8.86,540736.0
2026-09-02,TWSE,6152,百一,14.15,14.15,13.8,13.8,665493.0
2026-09-02,TWSE,6153,嘉聯益,18.25,18.4,17.95,17.95,5289757.0
2026-09-02,TWSE,6155,鈞寶,57.2,59.6,57.2,57.6,905363.0
2026-09-02,TWSE,6164,華興,12.3,12.35,12.15,12.25,195567.0
2026-09-02,TWSE,6165,浪凡,51.0,51.0,49.6,49.85,423519.0
2026-09-02,TWSE,6166,凌華,115.5,119.0,115.5,117.5,857022.0
2026-09-02,TWSE,6168,宏齊,28.25,28.55,27.6,27.95,2703228.0
2026-09-02,TWSE,6176,瑞儀,90.7,93.0,90.1,92.1,2344663.0
2026-09-02,TWSE,6177,達麗,47.05,48.1,47.0,47.55,978000.0
2026-09-02,TWSE,6183,關貿,90.4,91.7,90.4,91.1,33902.0
2026-09-02,TWSE,6184,大豐電,40.65,40.7,40.4,40.65,160014.0
2026-09-02,TWSE,6189,豐藝,47.95,48.5,47.95,48.15,326967.0
2026-09-02,TWSE,6191,精成科,83.8,85.8,83.8,84.3,1867646.0
2026-09-02,TWSE,6192,巨路,116.5,118.0,116.0,117.5,160403.0
2026-09-02,TWSE,6196,帆宣,485.0,511.0,485.0,507.0,1607397.0
2026-09-02,TWSE,6197,佳必琪,304.0,321.5,304.0,317.0,1926759.0
2026-09-02,TWSE,6201,亞弘電,45.0,45.0,44.0,44.2,41768.0
2026-09-02,TWSE,6202,盛群,57.9,60.2,57.9,59.0,1482736.0
2026-09-02,TWSE,6205,詮欣,69.2,70.5,68.5,68.5,1230290.0
2026-09-02,TWSE,6206,飛捷,138.0,140.0,137.0,139.0,605160.0
2026-09-02,TWSE,6209,今國光,81.0,84.8,80.4,81.9,21793225.0
2026-09-02,TWSE,6213,聯茂,550.0,575.0,545.0,550.0,13046089.0
2026-09-02,TWSE,6214,精誠,182.5,184.0,179.0,182.5,1319213.0
2026-09-02,TWSE,6215,和椿,98.0,100.5,98.0,99.1,649473.0
2026-09-02,TWSE,6216,居易,20.65,20.65,20.4,20.5,198698.0
2026-09-02,TWSE,6224,聚鼎,78.5,83.2,77.2,77.3,1965673.0
2026-09-02,TWSE,6225,天瀚,60.0,62.5,55.0,57.5,81176.0
2026-09-02,TWSE,6226,光鼎,32.8,34.0,31.0,34.0,10790578.0
2026-09-02,TWSE,6230,尼得科超眾,107.0,111.5,107.0,110.5,39007.0
2026-09-02,TWSE,6235,華孚,38.95,39.7,38.95,39.3,335290.0
2026-09-02,TWSE,6239,力成,274.0,289.0,274.0,284.0,15260677.0
2026-09-02,TWSE,6243,迅杰,39.9,40.2,39.45,39.55,529062.0
2026-09-02,TWSE,6257,矽格,211.0,225.0,211.0,221.5,17091245.0
2026-09-02,TWSE,6269,台郡,76.6,78.3,73.6,75.2,21712814.0
2026-09-02,TWSE,6271,同欣電,214.5,233.0,214.5,231.0,10324392.0
2026-09-02,TWSE,6272,驊陞,26.15,26.25,25.1,25.15,273281.0
2026-09-02,TWSE,6277,宏正,77.5,79.2,77.5,78.4,90733.0
2026-09-02,TWSE,6278,台表科,202.0,204.0,198.0,200.0,3520542.0
2026-09-02,TWSE,6281,全國電,51.0,51.5,51.0,51.3,61238.0
2026-09-02,TWSE,6282,康舒,44.8,45.7,44.8,44.9,4853996.0
2026-09-02,TWSE,6283,淳安,19.95,20.2,19.85,19.95,86364.0
2026-09-02,TWSE,6285,啟碁,245.0,253.0,244.5,249.0,4339526.0
2026-09-02,TWSE,6405,悅城,39.75,41.5,39.7,40.65,347659.0
2026-09-02,TWSE,6409,旭隼,1035.0,1065.0,1030.0,1030.0,423798.0
2026-09-02,TWSE,6412,群電,79.4,80.4,78.9,79.1,742585.0
2026-09-02,TWSE,6414,樺漢,390.0,399.0,390.0,396.0,1094835.0
2026-09-02,TWSE,6415,矽力*-KY,408.0,426.5,401.5,418.5,6257655.0
2026-09-02,TWSE,6416,瑞祺電通,102.0,102.0,99.7,100.5,317251.0
2026-09-02,TWSE,6426,統新,260.5,272.5,257.0,270.0,2021600.0
2026-09-02,TWSE,6431,光麗-KY,19.9,19.9,19.6,19.6,45005.0
2026-09-02,TWSE,6438,迅得,148.5,157.5,148.5,156.0,870141.0
2026-09-02,TWSE,6442,光聖,1630.0,1655.0,1610.0,1635.0,1814080.0
2026-09-02,TWSE,6443,元晶,26.0,26.15,25.75,25.75,5302337.0
2026-09-02,TWSE,6446,藥華藥,1375.0,1375.0,1310.0,1310.0,6426071.0
2026-09-02,TWSE,6449,鈺邦,234.0,246.5,232.5,236.0,1303616.0
2026-09-02,TWSE,6451,訊芯-KY,453.5,469.5,442.0,455.0,5338016.0
2026-09-02,TWSE,6456,GIS-KY,72.0,72.4,70.0,70.4,5124609.0
2026-09-02,TWSE,6464,台數科,77.0,78.0,77.0,77.3,11115.0
2026-09-02,TWSE,6472,保瑞,433.5,438.0,420.0,420.0,1140140.0
2026-09-02,TWSE,6477,安集,36.05,36.55,35.6,35.6,1442152.0
2026-09-02,TWSE,6491,晶碩,392.0,409.5,388.0,396.5,945537.0
2026-09-02,TWSE,6504,南六,37.1,38.35,37.0,37.9,41327.0
2026-09-02,TWSE,6505,台塑化,73.7,77.6,73.3,76.7,30357487.0
2026-09-02,TWSE,6515,穎崴,6450.0,6910.0,6450.0,6910.0,548463.0
2026-09-02,TWSE,6525,捷敏-KY,142.0,145.5,141.5,143.0,1087296.0
2026-09-02,TWSE,6526,達發,667.0,667.0,667.0,667.0,427589.0
2026-09-02,TWSE,6531,愛普*,936.0,980.0,923.0,958.0,4604911.0
2026-09-02,TWSE,6533,晶心科,273.0,282.5,251.0,262.5,6838596.0
2026-09-02,TWSE,6534,正瀚-創,90.9,91.9,90.9,91.5,25518.0
2026-09-02,TWSE,6541,泰福-KY,33.85,34.2,32.5,32.5,873215.0
2026-09-02,TWSE,6550,北極星藥業-KY,10.6,10.8,10.3,10.7,1501621.0
2026-09-02,TWSE,6552,易華電,24.85,24.85,24.5,24.55,118768.0
2026-09-02,TWSE,6558,興能高,24.65,24.95,24.5,24.6,159005.0
2026-09-02,TWSE,6573,虹揚-KY,17.25,17.95,17.1,17.2,225662.0
2026-09-02,TWSE,6579,研揚,146.0,150.0,146.0,150.0,282270.0
2026-09-02,TWSE,6581,鋼聯,108.5,109.0,108.0,108.5,20159.0
2026-09-02,TWSE,6582,申豐,32.5,32.5,31.85,32.15,46586.0
2026-09-02,TWSE,6585,鼎基,113.5,113.5,112.5,112.5,105922.0
2026-09-02,TWSE,6589,台康生技,48.0,49.0,47.9,48.0,676497.0
2026-09-02,TWSE,6591,動力-KY,42.65,42.85,42.5,42.5,87084.0
2026-09-02,TWSE,6592,和潤企業,59.9,60.8,59.9,60.2,640011.0
2026-09-02,TWSE,6598,ABC-KY,28.65,28.65,27.85,28.15,152444.0
2026-09-02,TWSE,6605,帝寶,138.0,139.5,138.0,138.0,183850.0
2026-09-02,TWSE,6606,建德工業,25.55,25.85,25.55,25.55,40583.0
2026-09-02,TWSE,6614,資拓宏宇,35.85,35.9,35.5,35.5,42463.0
2026-09-02,TWSE,6625,必應,76.5,76.5,75.9,75.9,73794.0
2026-09-02,TWSE,6641,基士德-KY,17.25,17.45,17.25,17.35,17000.0
2026-09-02,TWSE,6645,金萬林-創,12.45,12.65,12.3,12.3,31816.0
2026-09-02,TWSE,6655,科定,114.5,115.0,114.5,115.0,2000.0
2026-09-02,TWSE,6657,華安,30.1,31.2,30.0,30.6,136999.0
2026-09-02,TWSE,6658,聯策,172.5,188.5,171.0,188.5,1023229.0
2026-09-02,TWSE,6666,羅麗芬-KY,44.8,44.8,44.4,44.4,21400.0
2026-09-02,TWSE,6668,中揚光,43.35,44.15,42.85,42.85,2038606.0
2026-09-02,TWSE,6669,緯穎,7115.0,7800.0,7050.0,7800.0,2855090.0
2026-09-02,TWSE,6670,復盛應用,288.0,288.0,277.0,277.5,312854.0
2026-09-02,TWSE,6671,三能-KY,23.0,23.0,23.0,23.0,2000.0
2026-09-02,TWSE,6672,騰輝電子-KY,276.5,282.5,274.0,278.5,2152414.0
2026-09-02,TWSE,6674,鋐寶科技,15.8,15.8,15.8,15.8,3200.0
2026-09-02,TWSE,6689,伊雲谷,61.8,62.1,61.0,61.7,115115.0
2026-09-02,TWSE,6691,洋基工程,610.0,633.0,610.0,631.0,512218.0
2026-09-02,TWSE,6695,芯鼎,48.3,49.15,48.25,48.55,298004.0
2026-09-02,TWSE,6698,旭暉應材,32.1,32.85,32.1,32.5,111632.0
2026-09-02,TWSE,6706,惠特,123.5,131.0,123.5,127.0,2362716.0
2026-09-02,TWSE,6715,嘉基,312.5,344.0,312.5,335.5,1023752.0
2026-09-02,TWSE,6719,力智,188.5,195.0,188.5,192.0,523266.0
2026-09-02,TWSE,6722,輝創,32.7,32.95,32.6,32.85,14030.0
2026-09-02,TWSE,6742,澤米,44.1,46.8,43.9,45.6,515814.0
2026-09-02,TWSE,6743,安普新,27.3,28.0,27.3,28.0,212853.0
2026-09-02,TWSE,6753,龍德造船,140.5,142.5,140.5,142.5,908592.0
2026-09-02,TWSE,6754,匯僑設計,42.8,42.8,42.1,42.1,2136.0
2026-09-02,TWSE,6756,威鋒電子,100.5,103.0,100.0,102.0,224751.0
2026-09-02,TWSE,6757,台灣虎航,55.4,55.9,55.3,55.5,747638.0
2026-09-02,TWSE,6768,志強-KY,63.9,65.6,63.9,64.6,381678.0
2026-09-02,TWSE,6770,力積電,73.6,73.7,70.4,70.8,151879084.0
2026-09-02,TWSE,6771,平和環保-創,42.35,42.4,41.2,41.75,31034.0
2026-09-02,TWSE,6776,展碁國際,53.1,53.5,52.9,53.0,66588.0
2026-09-02,TWSE,6781,AES-KY,1140.0,1175.0,1135.0,1155.0,805166.0
2026-09-02,TWSE,6782,視陽,254.0,256.0,247.0,249.5,937730.0
2026-09-02,TWSE,6789,采鈺,469.5,497.0,467.5,490.0,4075023.0
2026-09-02,TWSE,6790,永豐實,37.9,38.05,37.9,38.0,120603.0
2026-09-02,TWSE,6792,詠業,59.9,60.0,59.6,59.6,12500.0
2026-09-02,TWSE,6794,向榮生技,77.9,77.9,76.9,76.9,11000.0
2026-09-02,TWSE,6796,晉弘,60.3,61.0,59.5,59.7,94563.0
2026-09-02,TWSE,6799,來頡,80.6,83.0,80.6,81.9,162505.0
2026-09-02,TWSE,6805,富世達,2305.0,2320.0,2130.0,2285.0,2618566.0
2026-09-02,TWSE,6807,峰源-KY,33.35,33.35,32.55,32.9,17068.0
2026-09-02,TWSE,6830,汎銓,527.0,572.0,510.0,572.0,2997028.0
2026-09-02,TWSE,6831,邁科,618.0,635.0,602.0,609.0,1084803.0
2026-09-02,TWSE,6834,天二科技,90.1,93.3,89.4,89.9,2064252.0
2026-09-02,TWSE,6835,圓裕,31.2,31.2,30.7,31.0,15095.0
2026-09-02,TWSE,6838,台新藥,23.3,23.3,22.95,23.0,59261.0
2026-09-02,TWSE,6854,錼創科技-KY創,93.2,99.3,92.2,96.0,296904.0
2026-09-02,TWSE,6861,睿生光電,186.5,198.0,186.5,193.5,202737.0
2026-09-02,TWSE,6862,三集瑞-KY,139.0,147.0,139.0,141.0,161085.0
2026-09-02,TWSE,6863,永道-KY,108.0,110.5,108.0,109.0,77066.0
2026-09-02,TWSE,6869,雲豹能源,66.4,68.0,66.2,68.0,748621.0
2026-09-02,TWSE,6873,泓德能源,68.7,69.5,68.5,69.0,212031.0
2026-09-02,TWSE,6885,全福生技,23.05,24.0,23.0,23.35,475111.0
2026-09-02,TWSE,6887,寶綠特-KY,37.65,37.65,36.35,37.35,34100.0
2026-09-02,TWSE,6890,來億-KY,166.5,172.0,166.5,168.0,170793.0
2026-09-02,TWSE,6901,鑽石投資,15.85,16.0,15.4,15.45,1553628.0
2026-09-02,TWSE,6902,GOGOLOOK,127.5,128.5,126.0,127.0,36723.0
2026-09-02,TWSE,6906,現觀科,77.3,78.0,76.0,77.3,59677.0
2026-09-02,TWSE,6908,宏碁遊戲-創,30.3,30.4,30.25,30.3,10110.0
2026-09-02,TWSE,6909,創控,40.8,41.7,40.8,41.15,133876.0
2026-09-02,TWSE,6914,阜爾運通,122.0,122.5,121.5,121.5,90952.0
2026-09-02,TWSE,6916,華凌,18.5,18.75,18.5,18.6,15690.0
2026-09-02,TWSE,6918,愛派司,77.5,77.8,77.0,77.6,31582.0
2026-09-02,TWSE,6919,康霈*,95.0,97.9,90.7,91.2,18657211.0
2026-09-02,TWSE,6921,嘉雨思-創,63.6,64.5,63.6,64.5,3093.0
2026-09-02,TWSE,6923,中台,75.9,76.4,75.2,76.0,64367.0
2026-09-02,TWSE,6924,榮惠-KY創,112.0,115.0,111.0,114.5,38272.0
2026-09-02,TWSE,6928,攸泰科技,47.9,48.2,47.7,47.85,58256.0
2026-09-02,TWSE,6931,青松健康,41.0,42.0,40.9,41.6,57685.0
2026-09-02,TWSE,6933,AMAX-KY,296.0,314.5,296.0,314.5,3418616.0
2026-09-02,TWSE,6934,心誠鎂,75.0,78.5,74.3,74.8,38810.0
2026-09-02,TWSE,6936,永鴻生技,32.4,32.6,32.35,32.6,13114.0
2026-09-02,TWSE,6937,天虹,285.5,297.5,285.0,289.0,416907.0
2026-09-02,TWSE,6944,兆聯實業,727.0,730.0,712.0,719.0,309802.0
2026-09-02,TWSE,6947,台鎔科技,69.9,71.8,69.6,70.1,197956.0
2026-09-02,TWSE,6951,青新-創,71.7,71.7,71.7,71.7,3928.0
2026-09-02,TWSE,6952,大武山,37.85,38.1,37.8,38.1,4015.0
2026-09-02,TWSE,6955,邦睿生技-創,107.0,107.0,105.5,105.5,8064.0
2026-09-02,TWSE,6957,裕慶-KY,217.0,229.0,217.0,220.5,85286.0
2026-09-02,TWSE,6958,日盛台駿,17.2,17.4,17.15,17.25,18070.0
2026-09-02,TWSE,6962,奕力-KY,31.95,33.85,31.9,32.45,11035205.0
2026-09-02,TWSE,6965,中傑-KY,73.2,74.4,73.0,73.8,32235.0
2026-09-02,TWSE,6969,成信實業*-創,34.95,35.65,34.7,34.9,120191.0
2026-09-02,TWSE,6988,威力暘-創,11.4,11.45,11.35,11.4,53000.0
2026-09-02,TWSE,6994,富威電力,35.95,36.3,35.4,35.75,443251.0
2026-09-02,TWSE,7610,聯友金屬-創,1525.0,1630.0,1485.0,1605.0,609180.0
2026-09-02,TWSE,7631,聚賢研發-創,145.0,151.5,145.0,147.0,114334.0
2026-09-02,TWSE,7689,大鵬科CLMX,171.0,176.0,171.0,175.0,64498.0
2026-09-02,TWSE,7705,三商餐飲,30.7,30.7,30.15,30.35,68074.0
2026-09-02,TWSE,7711,永擎,535.0,580.0,533.0,575.0,2373303.0
2026-09-02,TWSE,7721,微程式,61.5,63.4,61.4,61.4,40390.0
2026-09-02,TWSE,7722,LINEPAY,285.5,285.5,280.5,280.5,37189.0
2026-09-02,TWSE,7730,暉盛-創,171.0,175.0,171.0,173.0,21200.0
2026-09-02,TWSE,7732,金興精密,34.75,34.75,33.8,34.1,4000.0
2026-09-02,TWSE,7736,虎山,68.9,69.6,68.7,68.7,9059.0
2026-09-02,TWSE,7740,熙特爾-創,127.0,134.5,127.0,132.5,126904.0
2026-09-02,TWSE,7749,意騰-KY,380.0,386.0,369.0,371.0,356452.0
2026-09-02,TWSE,7750,新代,2270.0,2355.0,2210.0,2345.0,231928.0
2026-09-02,TWSE,7760,享溫馨,33.0,33.25,32.6,33.0,49116.0
2026-09-02,TWSE,7765,中華資安,223.5,224.5,222.5,223.5,23624.0
2026-09-02,TWSE,7768,頌勝科技,291.5,300.0,287.0,292.5,96772.0
2026-09-02,TWSE,7769,鴻勁,5865.0,5990.0,5755.0,5870.0,1154455.0
2026-09-02,TWSE,7780,大研生醫*,16.7,16.95,16.7,16.85,858312.0
2026-09-02,TWSE,7786,東方風能,117.5,118.0,117.0,117.5,70108.0
2026-09-02,TWSE,7788,松川精密,321.0,323.0,302.5,320.5,3576565.0
2026-09-02,TWSE,7791,皇家可口,56.2,56.7,56.0,56.0,63124.0
2026-09-02,TWSE,7795,長廣,507.0,554.0,498.0,538.0,1291279.0
2026-09-02,TWSE,7799,禾榮科,370.0,371.0,365.5,370.0,185617.0
2026-09-02,TWSE,7803,雲象科技-創,19.1,19.9,19.0,19.3,45362.0
2026-09-02,TWSE,7818,溢泰實業,60.0,60.5,59.4,60.5,137296.0
2026-09-02,TWSE,7821,神數,39.15,39.6,39.15,39.3,47915.0
2026-09-02,TWSE,7822,倍利科,901.0,944.0,901.0,940.0,132970.0
2026-09-02,TWSE,7823,奧義賽博-KY創,83.3,84.5,82.8,83.8,31477.0
2026-09-02,TWSE,7827,漢康-KY創,153.0,155.0,152.0,154.0,88106.0
2026-09-02,TWSE,7835,永悅健康-創,28.85,28.85,27.1,28.0,160920.0
2026-09-02,TWSE,7855,和運租車,43.2,43.2,42.9,42.95,1583587.0
2026-09-02,TWSE,8011,台通,16.1,16.1,15.8,15.85,294370.0
2026-09-02,TWSE,8016,矽創,288.0,302.5,288.0,297.5,838280.0
2026-09-02,TWSE,8021,尖點,435.0,465.0,430.0,450.0,8753655.0
2026-09-02,TWSE,8028,昇陽半導體,242.5,256.0,242.5,255.0,3511893.0
2026-09-02,TWSE,8033,雷虎,187.0,187.0,183.0,185.5,3433718.0
2026-09-02,TWSE,8039,台虹,328.0,334.5,309.5,319.0,37385107.0
2026-09-02,TWSE,8045,達運光電,52.3,52.7,51.1,51.3,163376.0
2026-09-02,TWSE,8046,南電,1260.0,1335.0,1220.0,1225.0,18224604.0
2026-09-02,TWSE,8070,長華*,50.2,50.8,50.1,50.3,1384859.0
2026-09-02,TWSE,8072,陞泰,26.25,26.45,26.15,26.2,100362.0
2026-09-02,TWSE,8081,致新,255.5,259.5,255.5,259.5,306798.0
2026-09-02,TWSE,8101,華冠,11.95,11.95,11.8,11.95,24781.0
2026-09-02,TWSE,8103,瀚荃,120.5,127.5,116.5,126.5,17338178.0
2026-09-02,TWSE,8104,錸寶,30.9,31.15,30.85,31.05,220652.0
2026-09-02,TWSE,8105,凌巨,16.0,16.35,15.6,15.85,5818683.0
2026-09-02,TWSE,8110,華東,46.0,46.0,45.0,45.15,3156158.0
2026-09-02,TWSE,8112,至上,91.5,91.7,90.5,91.3,5385732.0
2026-09-02,TWSE,8114,振樺電,194.5,196.5,193.0,196.0,326148.0
2026-09-02,TWSE,8131,福懋科,63.5,64.1,63.2,63.5,1460699.0
2026-09-02,TWSE,8150,南茂,89.3,96.3,89.3,93.2,49570952.0
2026-09-02,TWSE,8162,微矽電子-創,62.6,63.7,62.1,62.8,98639.0
2026-09-02,TWSE,8163,達方,30.9,31.8,30.9,31.2,517830.0
2026-09-02,TWSE,8201,無敵,11.85,11.95,11.6,11.9,39351.0
2026-09-02,TWSE,8210,勤誠,970.0,1010.0,970.0,990.0,1623015.0
2026-09-02,TWSE,8213,志超,32.95,33.8,32.95,33.5,470796.0
2026-09-02,TWSE,8215,明基材,25.3,25.95,25.2,25.25,501355.0
2026-09-02,TWSE,8222,寶一,39.6,39.9,38.5,38.5,668463.0
2026-09-02,TWSE,8249,菱光,41.85,42.0,41.0,41.0,266325.0
2026-09-02,TWSE,8261,富鼎,179.5,185.0,179.5,182.0,2345742.0
2026-09-02,TWSE,8271,宇瞻,228.5,232.0,226.0,226.0,2198827.0
2026-09-02,TWSE,8341,日友,75.6,75.9,75.3,75.4,240660.0
2026-09-02,TWSE,8367,建新國際,40.3,41.0,40.3,41.0,14264.0
2026-09-02,TWSE,8374,羅昇,81.1,82.5,80.7,80.7,197771.0
2026-09-02,TWSE,8404,百和興業-KY,16.25,16.35,16.15,16.35,268250.0
2026-09-02,TWSE,8411,福貞-KY,12.9,12.9,12.75,12.9,87342.0
2026-09-02,TWSE,8422,可寧衛*,26.8,27.0,26.75,26.75,3772736.0
2026-09-02,TWSE,8429,金麗-KY,6.06,6.06,6.0,6.01,63219.0
2026-09-02,TWSE,8438,昶昕,72.0,72.8,71.6,72.1,130634.0
2026-09-02,TWSE,8442,威宏-KY,45.45,45.85,45.15,45.4,54265.0
2026-09-02,TWSE,8443,阿瘦,11.4,11.4,11.4,11.4,2366.0
2026-09-02,TWSE,8454,富邦媒,247.0,249.0,245.0,247.0,275198.0
2026-09-02,TWSE,8462,柏文,167.5,172.0,167.0,171.5,65089.0
2026-09-02,TWSE,8463,潤泰材,21.25,21.4,21.25,21.3,40008.0
2026-09-02,TWSE,8464,億豐,370.0,375.0,370.0,372.5,306415.0
2026-09-02,TWSE,8466,美吉吉-KY,15.6,15.7,15.5,15.55,30256.0
2026-09-02,TWSE,8467,波力-KY,91.8,92.4,91.8,92.4,3053.0
2026-09-02,TWSE,8473,山林水,45.9,46.6,45.9,46.3,550993.0
2026-09-02,TWSE,8476,台境*,19.45,19.6,19.25,19.35,253978.0
2026-09-02,TWSE,8478,東哥遊艇,140.5,142.5,140.5,142.0,97545.0
2026-09-02,TWSE,8481,政伸,40.85,41.0,40.85,41.0,6062.0
2026-09-02,TWSE,8482,商億-KY,48.3,48.3,48.3,48.3,1199.0
2026-09-02,TWSE,8487,愛爾達-創,71.0,71.0,70.5,70.5,8735.0
2026-09-02,TWSE,8488,吉源-KY,9.92,9.95,9.82,9.92,6000.0
2026-09-02,TWSE,8499,鼎炫-KY,265.0,266.0,259.0,259.0,20224.0
2026-09-02,TWSE,8926,台汽電,55.8,57.0,55.8,56.7,1394325.0
2026-09-02,TWSE,8940,新天地,15.4,15.95,15.3,15.5,75617.0
2026-09-02,TWSE,8996,高力,1175.0,1200.0,1150.0,1175.0,2309421.0
2026-09-02,TWSE,9103,美德醫療-DR,5.13,5.13,5.07,5.09,429422.0
2026-09-02,TWSE,9105,泰金寶-DR,8.8,9.05,8.61,8.64,27454336.0
2026-09-02,TWSE,9110,越南控-DR,2.86,3.0,2.86,3.0,7166.0
2026-09-02,TWSE,9136,巨騰-DR,11.3,11.45,11.1,11.2,174680.0
2026-09-02,TWSE,9802,鈺齊-KY,71.1,72.6,71.1,71.7,530827.0
2026-09-02,TWSE,9902,台火,13.7,13.85,13.65,13.8,70474.0
2026-09-02,TWSE,9904,寶成,24.7,25.0,24.7,24.9,6985448.0
2026-09-02,TWSE,9905,大華,21.55,21.55,21.25,21.35,213280.0
2026-09-02,TWSE,9906,欣巴巴,39.95,42.2,39.95,40.25,34707.0
2026-09-02,TWSE,9907,統一實,15.2,15.5,15.2,15.45,1561800.0
2026-09-02,TWSE,9908,大台北,28.95,29.15,28.95,29.0,142408.0
2026-09-02,TWSE,9910,豐泰,67.7,68.7,67.7,68.3,719242.0
2026-09-02,TWSE,9911,櫻花,82.7,83.2,82.4,82.8,210994.0
2026-09-02,TWSE,9912,偉聯,12.8,13.05,12.55,12.75,205706.0
2026-09-02,TWSE,9914,美利達,82.2,83.0,81.6,82.1,1292370.0
2026-09-02,TWSE,9917,中保科,105.5,107.0,105.5,106.0,411541.0
2026-09-02,TWSE,9918,欣天然,42.6,42.9,42.55,42.9,22147.0
2026-09-02,TWSE,9919,康那香,13.9,14.0,13.85,13.95,100076.0
2026-09-02,TWSE,9921,巨大,101.5,103.5,100.0,102.5,1286163.0
2026-09-02,TWSE,9924,福興,38.45,38.7,38.3,38.65,111553.0
2026-09-02,TWSE,9925,新保,39.6,40.05,39.6,40.05,1047958.0
2026-09-02,TWSE,9926,新海,48.65,49.4,48.65,48.75,30457.0
2026-09-02,TWSE,9927,泰銘,69.5,70.1,69.5,69.7,88656.0
2026-09-02,TWSE,9928,中視,17.85,18.0,17.75,17.75,88976.0
2026-09-02,TWSE,9929,秋雨,11.0,11.2,10.8,10.85,17835.0
2026-09-02,TWSE,9930,中聯資源,62.7,63.3,62.6,63.2,73872.0
2026-09-02,TWSE,9931,欣高,33.9,33.95,33.8,33.95,9475.0
2026-09-02,TWSE,9933,中鼎,40.3,41.2,40.2,41.0,1977032.0
2026-09-02,TWSE,9934,成霖,11.05,11.15,11.05,11.1,500889.0
2026-09-02,TWSE,9935,慶豐富,19.75,19.75,19.55,19.65,131792.0
2026-09-02,TWSE,9937,全國,54.6,55.2,54.6,55.1,31050.0
2026-09-02,TWSE,9938,百和,41.8,41.95,41.5,41.6,983508.0
2026-09-02,TWSE,9939,宏全,131.0,132.5,131.0,132.5,600021.0
2026-09-02,TWSE,9940,信義,20.1,20.35,20.1,20.25,177523.0
2026-09-02,TWSE,9941,裕融,80.6,81.4,79.1,80.0,3991970.0
2026-09-02,TWSE,9942,茂順,115.0,116.0,115.0,115.0,43598.0
2026-09-02,TWSE,9943,好樂迪,51.4,51.5,51.0,51.3,22706.0
2026-09-02,TWSE,9944,新麗,17.2,17.4,17.2,17.25,36441.0
2026-09-02,TWSE,9945,潤泰新,27.6,28.1,27.6,28.05,4192254.0
2026-09-02,TWSE,9946,三發地產,17.3,17.35,17.2,17.3,256569.0
2026-09-02,TWSE,9955,佳龍,24.35,24.5,24.1,24.1,133244.0
2026-09-02,TWSE,9958,世紀鋼,90.4,92.0,90.4,90.6,1612960.0
2026-09-02,TPEX,1240,茂生農經,55.0,55.8,54.8,55.2,46121.0
2026-09-02,TPEX,1259,安心,62.1,62.1,62.1,62.1,1006.0
2026-09-02,TPEX,1264,德麥,253.0,253.5,251.5,252.5,11878.0
2026-09-02,TPEX,1268,漢來美食,182.5,183.0,181.0,181.5,55815.0
2026-09-02,TPEX,1294,漢田生技,53.8,53.8,53.6,53.6,13105.0
2026-09-02,TPEX,1295,生合,45.5,45.5,45.25,45.45,17192.0
2026-09-02,TPEX,1336,台翰,16.95,17.1,16.6,16.65,217741.0
2026-09-02,TPEX,1565,精華,99.5,100.5,98.7,100.5,170239.0
2026-09-02,TPEX,1569,濱川,46.35,48.0,45.95,47.9,650345.0
2026-09-02,TPEX,1570,力肯,33.1,33.2,32.9,33.15,35221.0
2026-09-02,TPEX,1580,新麥,104.0,104.0,102.0,103.0,139724.0
2026-09-02,TPEX,1584,精剛,18.3,18.3,17.9,18.05,359750.0
2026-09-02,TPEX,1586,和勤,18.15,18.2,18.05,18.15,79203.0
2026-09-02,TPEX,1591,駿吉-KY,37.0,37.0,36.0,36.3,213403.0
2026-09-02,TPEX,1593,祺驊,31.45,31.6,31.45,31.6,7226.0
2026-09-02,TPEX,1595,川寶,66.5,73.0,65.0,73.0,740810.0
2026-09-02,TPEX,1599,宏佳騰,22.9,22.95,22.9,22.9,8436.0
2026-09-02,TPEX,1742,台蠟,18.05,18.05,17.6,17.9,74037.0
2026-09-02,TPEX,1777,生泰,74.1,74.4,73.5,74.4,64139.0
2026-09-02,TPEX,1780,立弘,24.6,24.6,24.15,24.55,35000.0
2026-09-02,TPEX,1781,合世,10.45,10.45,10.35,10.35,11009.0
2026-09-02,TPEX,1784,訊聯,60.1,60.4,59.7,60.3,56908.0
2026-09-02,TPEX,1785,光洋科,103.0,104.0,102.0,102.0,3364332.0
2026-09-02,TPEX,1788,杏昌,129.0,129.0,129.0,129.0,13470.0
2026-09-02,TPEX,1796,金穎生技,30.3,30.3,29.9,29.9,7001.0
2026-09-02,TPEX,1799,易威,30.4,30.55,30.1,30.15,52124.0
2026-09-02,TPEX,1813,寶利徠,11.4,11.5,11.35,11.5,13363.0
2026-09-02,TPEX,1815,富喬,128.5,139.0,126.0,131.0,122385247.0
2026-09-02,TPEX,2035,唐榮,,,,,4.0
2026-09-02,TPEX,2061,風青,55.0,56.1,53.7,56.0,2117022.0
2026-09-02,TPEX,2063,世鎧,24.05,24.05,23.85,24.0,32108.0
2026-09-02,TPEX,2064,晉椿,12.4,12.4,12.35,12.35,3000.0
2026-09-02,TPEX,2065,世豐,36.5,36.5,36.1,36.2,58802.0
2026-09-02,TPEX,2066,世德,54.7,55.0,54.0,54.1,17000.0
2026-09-02,TPEX,2067,嘉鋼,4.8,4.88,4.76,4.84,34863.0
2026-09-02,TPEX,2070,精湛,68.1,69.4,66.4,66.4,177269.0
2026-09-02,TPEX,2073,雄順,,,,,0.0
2026-09-02,TPEX,2221,大甲,78.5,85.4,78.1,83.2,3234388.0
2026-09-02,TPEX,2230,泰茂,22.75,23.05,22.4,22.65,77713.0
2026-09-02,TPEX,2235,謚源,28.4,28.4,28.4,28.4,1000.0
2026-09-02,TPEX,2596,綠意,35.3,35.85,35.3,35.75,110717.0
2026-09-02,TPEX,2640,大車隊,157.5,158.5,156.5,158.5,34164.0
2026-09-02,TPEX,2641,正德,17.95,18.15,17.8,17.9,1128578.0
2026-09-02,TPEX,2643,捷迅,62.6,62.6,62.6,62.6,7268.0
2026-09-02,TPEX,2718,全心投控,41.65,41.7,41.65,41.7,10536.0
2026-09-02,TPEX,2719,燦星旅,20.25,20.4,20.25,20.4,5020.0
2026-09-02,TPEX,2724,藝舍-KY,10.9,10.9,10.4,10.4,12525.0
2026-09-02,TPEX,2726,雅茗-KY,8.33,8.7,8.16,8.25,26244.0
2026-09-02,TPEX,2729,瓦城,154.5,156.0,153.5,155.0,17107.0
2026-09-02,TPEX,2732,六角,65.2,65.7,64.6,65.3,73463.0
2026-09-02,TPEX,2734,易飛網,14.95,15.0,14.8,14.95,27602.0
2026-09-02,TPEX,2736,富野,11.7,11.7,11.45,11.55,87476.0
2026-09-02,TPEX,2740,華軒,30.8,30.8,30.8,30.8,1411.0
2026-09-02,TPEX,2743,山富,58.7,58.8,58.0,58.8,47806.0
2026-09-02,TPEX,2745,五福,88.3,88.3,87.9,87.9,28551.0
2026-09-02,TPEX,2751,王座,51.7,51.7,51.4,51.7,10710.0
2026-09-02,TPEX,2752,豆府,177.0,177.0,177.0,177.0,7661.0
2026-09-02,TPEX,2754,亞洲藏壽司,69.4,69.5,69.4,69.5,2502.0
2026-09-02,TPEX,2755,揚秦,102.0,102.5,102.0,102.5,7138.0
2026-09-02,TPEX,2756,聯發國際,62.5,64.0,62.0,64.0,20615.0
2026-09-02,TPEX,2916,滿心,40.0,40.2,39.95,40.0,27336.0
2026-09-02,TPEX,2924,宏太-KY,17.5,17.5,17.5,17.5,1000.0
2026-09-02,TPEX,2926,誠品生活,30.3,30.7,30.1,30.7,4030.0
2026-09-02,TPEX,2937,集雅社,44.15,44.15,44.1,44.1,4358.0
2026-09-02,TPEX,2941,米斯特,,,,,61.0
2026-09-02,TPEX,2947,振宇五金,61.6,61.7,61.0,61.5,63387.0
2026-09-02,TPEX,2948,寶陞,38.2,38.2,38.2,38.2,1940.0
2026-09-02,TPEX,2949,欣新網,,,,,48.0
2026-09-02,TPEX,3064,泰偉,,,,,177.0
2026-09-02,TPEX,3066,李洲,25.25,27.35,25.2,25.8,2091616.0
2026-09-02,TPEX,3067,全域,,,,,0.0
2026-09-02,TPEX,3071,協禧,24.55,24.9,24.35,24.5,123000.0
2026-09-02,TPEX,3073,天方能源,22.0,22.15,21.85,22.0,73105.0
2026-09-02,TPEX,3078,僑威,48.5,48.5,47.75,47.8,800077.0
2026-09-02,TPEX,3081,聯亞,3425.0,3565.0,3375.0,3395.0,3370648.0
2026-09-02,TPEX,3083,網龍,23.2,23.25,23.15,23.25,30184.0
2026-09-02,TPEX,3085,新零售,11.45,11.45,11.0,11.2,5183.0
2026-09-02,TPEX,3086,華義*,32.5,32.5,30.05,31.15,344766.0
2026-09-02,TPEX,3088,艾訊,126.0,126.5,123.0,123.0,410018.0
2026-09-02,TPEX,3093,港建*,48.25,48.25,46.5,46.6,390777.0
2026-09-02,TPEX,3095,及成,,,,,36.0
2026-09-02,TPEX,3105,穩懋,484.0,492.0,468.0,469.5,41973805.0
2026-09-02,TPEX,3114,好德,34.4,35.2,34.0,34.65,544749.0
2026-09-02,TPEX,3115,富榮綱,,,,,504.0
2026-09-02,TPEX,3118,進階,,,,,572.0
2026-09-02,TPEX,3122,笙泉,25.95,25.95,25.5,25.65,74460.0
2026-09-02,TPEX,3128,昇銳,20.1,20.3,20.0,20.3,69645.0
2026-09-02,TPEX,3131,弘塑,2450.0,2460.0,2395.0,2405.0,292967.0
2026-09-02,TPEX,3141,晶宏,93.5,99.5,91.6,99.5,18169821.0
2026-09-02,TPEX,3147,大綜,222.0,222.0,218.0,220.5,206441.0
2026-09-02,TPEX,3152,璟德,239.0,242.0,239.0,240.0,81275.0
2026-09-02,TPEX,3158,嘉實,84.4,84.4,83.3,84.1,8326.0
2026-09-02,TPEX,3162,精確,71.2,73.0,71.0,71.2,566054.0
2026-09-02,TPEX,3163,波若威,749.0,767.0,749.0,766.0,829057.0
2026-09-02,TPEX,3169,亞信,116.0,121.0,110.0,110.0,2592218.0
2026-09-02,TPEX,3171,炎洲流通,63.0,63.1,62.5,63.0,42200.0
2026-09-02,TPEX,3176,基亞,35.4,35.55,34.7,35.1,481058.0
2026-09-02,TPEX,3178,公準,62.5,63.6,62.5,62.6,71501.0
2026-09-02,TPEX,3188,鑫龍騰,24.45,24.75,24.45,24.45,126670.0
2026-09-02,TPEX,3191,雲嘉南,17.8,17.8,17.0,17.35,70818.0
2026-09-02,TPEX,3205,佰研,46.65,47.5,46.65,47.45,21017.0
2026-09-02,TPEX,3206,志豐,34.2,34.25,34.05,34.05,11148.0
2026-09-02,TPEX,3207,耀勝,38.1,40.6,38.05,40.2,190570.0
2026-09-02,TPEX,3211,順達,399.0,400.5,392.0,392.0,2861477.0
2026-09-02,TPEX,3213,茂訊,128.0,128.5,126.0,127.0,196091.0
2026-09-02,TPEX,3217,優群,137.5,137.5,135.5,135.5,361131.0
2026-09-02,TPEX,3218,大學光,142.0,145.0,140.0,140.5,199640.0
2026-09-02,TPEX,3219,倚強科,88.0,94.6,88.0,90.4,1217365.0
2026-09-02,TPEX,3221,台嘉碩,50.3,52.1,50.0,51.0,4241316.0
2026-09-02,TPEX,3224,三顧,34.75,34.75,34.05,34.25,66222.0
2026-09-02,TPEX,3226,龍鋒,54.0,54.0,53.5,54.0,13015.0
2026-09-02,TPEX,3227,原相,195.0,199.5,195.0,195.5,443607.0
2026-09-02,TPEX,3228,金麗科,178.0,188.0,175.0,179.0,631351.0
2026-09-02,TPEX,3230,錦明,44.7,45.5,44.1,44.1,370307.0
2026-09-02,TPEX,3232,昱捷,19.8,19.8,19.55,19.65,15025.0
2026-09-02,TPEX,3234,光環,199.0,220.0,199.0,211.0,8078711.0
2026-09-02,TPEX,3236,千如,43.9,44.3,43.75,43.8,1163035.0
2026-09-02,TPEX,3252,海灣,15.85,15.85,15.45,15.45,15000.0
2026-09-02,TPEX,3259,鑫創,13.9,13.9,12.65,13.7,19163.0
2026-09-02,TPEX,3260,威剛,411.0,415.5,409.0,412.5,3623728.0
2026-09-02,TPEX,3264,欣銓,234.0,239.5,232.0,233.5,5116916.0
2026-09-02,TPEX,3265,台星科,180.5,183.5,176.5,178.5,1240015.0
2026-09-02,TPEX,3268,海德威,17.35,17.75,17.35,17.75,12048.0
2026-09-02,TPEX,3272,東碩,14.2,14.2,14.0,14.2,8002.0
2026-09-02,TPEX,3276,宇環,14.45,14.45,14.2,14.35,81021.0
2026-09-02,TPEX,3284,太普高,20.35,20.85,20.35,20.6,57237.0
2026-09-02,TPEX,3285,微端,43.1,43.1,42.0,42.1,18187.0
2026-09-02,TPEX,3287,廣寰科,37.6,38.3,37.3,37.6,181490.0
2026-09-02,TPEX,3288,點晶,21.2,21.2,20.45,21.1,22200.0
2026-09-02,TPEX,3289,宜特,142.0,147.0,141.0,141.5,895214.0
2026-09-02,TPEX,3290,東浦,49.55,49.6,48.7,48.7,438221.0
2026-09-02,TPEX,3293,鈊象,701.0,710.0,700.0,708.0,4034186.0
2026-09-02,TPEX,3294,英濟,30.1,30.6,30.1,30.2,223442.0
2026-09-02,TPEX,3297,杭特,28.8,28.8,27.6,27.6,33361.0
2026-09-02,TPEX,3303,岱稜,51.6,51.6,51.3,51.6,120443.0
2026-09-02,TPEX,3306,鼎天,44.5,44.9,44.5,44.85,26007.0
2026-09-02,TPEX,3310,佳穎,69.7,69.7,68.2,69.2,23083.0
2026-09-02,TPEX,3313,斐成,10.95,11.1,10.9,10.95,113518.0
2026-09-02,TPEX,3317,尼克森,63.3,63.5,62.5,62.5,609182.0
2026-09-02,TPEX,3322,建舜電,11.25,11.35,11.1,11.15,177321.0
2026-09-02,TPEX,3323,加百裕,29.6,29.7,29.15,29.4,118844.0
2026-09-02,TPEX,3324,雙鴻,1375.0,1465.0,1370.0,1435.0,11001859.0
2026-09-02,TPEX,3325,旭品,11.3,11.4,11.1,11.25,122526.0
2026-09-02,TPEX,3332,幸康,61.8,61.8,61.0,61.0,11150.0
2026-09-02,TPEX,3339,泰谷,49.0,49.0,46.3,46.7,4949786.0
2026-09-02,TPEX,3349,寶德,22.9,22.9,22.35,22.8,13022.0
2026-09-02,TPEX,3354,律勝,23.55,26.05,23.55,26.05,959161.0
2026-09-02,TPEX,3357,臺慶科,212.0,214.5,208.5,209.0,1135944.0
2026-09-02,TPEX,3360,尚立,15.35,15.4,15.2,15.2,319523.0
2026-09-02,TPEX,3362,先進光,202.5,213.0,201.0,210.0,2377202.0
2026-09-02,TPEX,3363,上詮,786.0,818.0,757.0,780.0,6859364.0
2026-09-02,TPEX,3372,典範,14.9,14.95,14.8,14.95,266675.0
2026-09-02,TPEX,3373,熱映,16.35,16.45,16.35,16.4,24937.0
2026-09-02,TPEX,3374,精材,418.0,430.0,413.0,419.5,3821012.0
2026-09-02,TPEX,3379,彬台,28.25,29.15,28.25,29.1,20758.0
2026-09-02,TPEX,3388,崇越電,90.8,91.2,90.0,91.0,797896.0
2026-09-02,TPEX,3390,旭軟,22.4,22.45,22.2,22.3,145483.0
2026-09-02,TPEX,3402,漢科,124.5,124.5,121.0,121.0,188637.0
2026-09-02,TPEX,3430,奇鈦科,113.0,113.5,111.0,111.0,173368.0
2026-09-02,TPEX,3434,哲固,29.7,30.3,29.7,29.75,31560.0
2026-09-02,TPEX,3438,類比科,66.7,67.2,66.0,67.2,258441.0
2026-09-02,TPEX,3441,聯一光,133.0,140.0,130.0,139.5,3995236.0
2026-09-02,TPEX,3444,利機,81.3,83.8,81.3,83.7,281336.0
2026-09-02,TPEX,3455,由田,263.5,270.0,255.0,256.5,2486667.0
2026-09-02,TPEX,3465,進泰電子,29.3,29.3,29.0,29.0,12593.0
2026-09-02,TPEX,3466,德晉,25.0,25.25,24.75,24.95,123519.0
2026-09-02,TPEX,3467,台灣精材,49.1,50.5,49.1,49.55,34410.0
2026-09-02,TPEX,3479,安勤,126.0,126.5,123.5,124.0,457515.0
2026-09-02,TPEX,3483,力致,75.4,81.0,75.4,79.6,993755.0
2026-09-02,TPEX,3484,崧騰,51.0,51.1,49.95,51.0,531728.0
2026-09-02,TPEX,3485,敘豐,221.5,221.5,215.5,217.0,85870.0
2026-09-02,TPEX,3489,森寶,22.6,22.95,22.4,22.75,190970.0
2026-09-02,TPEX,3490,單井,46.0,46.45,43.9,46.05,4369941.0
2026-09-02,TPEX,3491,昇達科,1445.0,1465.0,1405.0,1445.0,1208610.0
2026-09-02,TPEX,3492,長盛,19.25,19.3,19.15,19.15,12224.0
2026-09-02,TPEX,3498,陽程,203.0,213.0,195.0,201.5,3126568.0
2026-09-02,TPEX,3499,環天科,12.65,12.65,12.3,12.4,34908.0
2026-09-02,TPEX,3508,位速,22.2,22.2,21.35,21.55,173732.0
2026-09-02,TPEX,3511,矽瑪,19.8,19.9,19.7,19.75,52406.0
2026-09-02,TPEX,3512,皇龍,19.7,19.7,19.5,19.7,33062.0
2026-09-02,TPEX,3516,亞帝歐,25.95,26.05,25.6,26.0,80912.0
2026-09-02,TPEX,3520,華盈,17.3,17.45,17.2,17.4,103723.0
2026-09-02,TPEX,3521,台鋼建設,12.1,12.25,12.0,12.25,30027.0
2026-09-02,TPEX,3522,御嵿,11.65,12.0,11.65,11.7,100051.0
2026-09-02,TPEX,3523,迎輝,14.85,14.85,14.85,14.85,5309.0
2026-09-02,TPEX,3526,凡甲,285.0,287.0,284.5,284.5,112840.0
2026-09-02,TPEX,3527,聚積,51.4,52.1,51.4,52.0,54145.0
2026-09-02,TPEX,3529,力旺,2595.0,2600.0,2395.0,2395.0,1829487.0
2026-09-02,TPEX,3531,先益,21.55,21.6,21.55,21.55,14005.0
2026-09-02,TPEX,3537,堡達,55.1,55.1,54.4,54.5,282693.0
2026-09-02,TPEX,3540,曜越,24.4,25.0,24.0,24.25,707292.0
2026-09-02,TPEX,3541,西柏,21.65,21.8,21.65,21.8,9565.0
2026-09-02,TPEX,3546,宇峻,71.7,72.6,71.3,72.4,95856.0
2026-09-02,TPEX,3548,兆利,86.0,86.8,85.1,85.1,232825.0
2026-09-02,TPEX,3551,世禾,180.5,183.5,180.0,180.0,214090.0
2026-09-02,TPEX,3552,同致,43.1,43.5,43.1,43.45,69027.0
2026-09-02,TPEX,3555,博士旺,205.0,206.0,192.0,197.0,244327.0
2026-09-02,TPEX,3556,禾瑞亞,62.9,63.5,62.5,63.0,229957.0
2026-09-02,TPEX,3558,神準,124.0,125.5,122.5,123.5,83135.0
2026-09-02,TPEX,3564,其陽,46.0,49.1,45.0,48.1,617367.0
2026-09-02,TPEX,3567,逸昌,25.7,25.7,25.5,25.7,19143.0
2026-09-02,TPEX,3570,大塚,162.5,163.5,162.0,163.5,24304.0
2026-09-02,TPEX,3577,泓格,115.0,116.0,113.0,113.0,327477.0
2026-09-02,TPEX,3580,友威科,83.7,90.1,83.1,89.0,635084.0
2026-09-02,TPEX,3581,博磊,111.0,117.5,108.0,111.5,503200.0
2026-09-02,TPEX,3587,閎康,252.0,278.5,251.5,265.0,1894872.0
2026-09-02,TPEX,3594,磐儀,48.5,50.9,47.55,48.9,1124736.0
2026-09-02,TPEX,3597,映興,25.95,26.15,25.95,26.0,5002.0
2026-09-02,TPEX,3609,三一東林,18.15,18.15,17.55,18.0,102834.0
2026-09-02,TPEX,3611,鼎翰,183.5,184.0,183.0,184.0,18919.0
2026-09-02,TPEX,3615,安可,37.55,37.7,37.25,37.25,339149.0
2026-09-02,TPEX,3623,富晶通,22.85,23.3,22.85,23.3,22119.0
2026-09-02,TPEX,3624,光頡,89.8,92.9,89.0,89.0,4999288.0
2026-09-02,TPEX,3625,西勝,12.8,13.5,12.65,13.15,189749.0
2026-09-02,TPEX,3628,盈正,67.8,69.3,67.7,69.2,28910.0
2026-09-02,TPEX,3629,地心引力,20.0,20.0,19.9,19.9,2070.0
2026-09-02,TPEX,3630,新鉅科,25.9,28.3,25.75,27.1,1832891.0
2026-09-02,TPEX,3631,晟楠,40.95,41.2,40.2,40.3,212781.0
2026-09-02,TPEX,3632,研勤,7.32,7.35,7.32,7.35,2734.0
2026-09-02,TPEX,3646,艾恩特,23.9,23.9,23.6,23.75,5033.0
2026-09-02,TPEX,3663,鑫科,62.6,64.0,62.4,62.6,303148.0
2026-09-02,TPEX,3664,安瑞-KY,8.34,8.34,8.34,8.34,134030.0
2026-09-02,TPEX,3666,光耀,24.9,25.0,24.7,25.0,68010.0
2026-09-02,TPEX,3672,康聯訊,12.1,12.15,12.0,12.15,17267.0
2026-09-02,TPEX,3675,德微,280.0,280.5,273.5,274.0,345768.0
2026-09-02,TPEX,3680,家登,541.0,544.0,518.0,520.0,2600573.0
2026-09-02,TPEX,3684,榮昌,53.2,54.1,53.2,54.0,19044.0
2026-09-02,TPEX,3685,元創精密,36.0,38.2,36.0,37.7,1102125.0
2026-09-02,TPEX,3687,歐買尬,64.3,64.5,63.2,63.7,47222.0
2026-09-02,TPEX,3689,湧德,118.0,120.5,117.5,118.5,1465369.0
2026-09-02,TPEX,3691,碩禾,105.5,107.0,101.5,101.5,587590.0
2026-09-02,TPEX,3693,營邦,627.0,654.0,626.0,642.0,2212892.0
2026-09-02,TPEX,3707,漢磊,63.0,63.8,62.2,62.2,2025637.0
2026-09-02,TPEX,3709,鑫聯大投控,66.4,67.6,66.0,66.0,451480.0
2026-09-02,TPEX,3710,連展投控,5.02,5.12,4.98,5.0,355845.0
2026-09-02,TPEX,3713,新晶投控,14.85,14.85,14.25,14.7,22001.0
2026-09-02,TPEX,4102,永日,19.25,19.25,18.85,19.15,16561.0
2026-09-02,TPEX,4105,東洋,77.5,78.0,77.5,77.7,209178.0
2026-09-02,TPEX,4107,邦特,113.5,113.5,113.0,113.0,20123.0
2026-09-02,TPEX,4109,加捷生醫,11.2,11.25,11.1,11.1,132768.0
2026-09-02,TPEX,4111,濟生,28.7,28.85,28.6,28.75,95689.0
2026-09-02,TPEX,4113,聯上,15.1,15.15,15.0,15.1,197851.0
2026-09-02,TPEX,4114,健喬,29.8,29.9,29.7,29.7,456491.0
2026-09-02,TPEX,4116,明基醫,40.1,40.1,40.0,40.1,12201.0
2026-09-02,TPEX,4120,友華,47.4,47.4,45.0,47.3,38298.0
2026-09-02,TPEX,4121,優盛,13.1,13.1,12.85,13.0,43407.0
2026-09-02,TPEX,4123,晟德,31.0,31.0,30.65,30.85,1515812.0
2026-09-02,TPEX,4126,太醫,77.5,77.6,77.5,77.6,4221.0
2026-09-02,TPEX,4127,天良,70.0,71.4,68.4,69.9,238359.0
2026-09-02,TPEX,4128,中天,15.0,15.05,14.85,14.9,629928.0
2026-09-02,TPEX,4129,聯合,81.8,81.8,81.3,81.5,158791.0
2026-09-02,TPEX,4131,浩泰,30.85,30.9,29.55,30.7,14862.0
2026-09-02,TPEX,4138,曜亞,51.8,52.2,51.8,51.9,15015.0
2026-09-02,TPEX,4139,馬光-KY,43.6,45.1,42.1,42.45,43073.0
2026-09-02,TPEX,4147,中裕,62.5,63.4,62.2,63.4,514237.0
2026-09-02,TPEX,4153,鈺緯,32.15,32.2,32.15,32.2,4000.0
2026-09-02,TPEX,4154,樂威科-KY,,,,,0.0
2026-09-02,TPEX,4157,太景*-KY,8.94,9.0,8.83,8.88,542983.0
2026-09-02,TPEX,4160,訊聯基因,39.5,39.85,39.3,39.85,28619.0
2026-09-02,TPEX,4161,聿新科,22.85,22.9,22.85,22.9,2953.0
2026-09-02,TPEX,4162,智擎,58.5,58.5,57.4,57.7,287700.0
2026-09-02,TPEX,4163,鐿鈦,137.5,138.0,137.0,137.5,10446.0
2026-09-02,TPEX,4166,友霖,24.7,24.8,24.45,24.8,63265.0
2026-09-02,TPEX,4167,松瑞藥,19.5,19.55,19.3,19.35,472502.0
2026-09-02,TPEX,4168,醣聯,22.2,22.45,21.9,22.25,67142.0
2026-09-02,TPEX,4171,瑞基,17.0,17.05,16.8,16.9,45892.0
2026-09-02,TPEX,4173,久裕,17.3,17.35,17.3,17.35,13133.0
2026-09-02,TPEX,4174,浩鼎,25.3,25.4,24.85,25.0,239455.0
2026-09-02,TPEX,4175,杏一,51.0,51.6,51.0,51.5,13632.0
2026-09-02,TPEX,4183,福永生技,14.0,14.0,14.0,14.0,1000.0
2026-09-02,TPEX,4188,安克,14.2,14.8,14.0,14.5,267419.0
2026-09-02,TPEX,4192,杏國,19.25,19.25,19.25,19.25,1969.0
2026-09-02,TPEX,4198,欣大健康,42.5,47.0,42.5,47.0,45324.0
2026-09-02,TPEX,4205,中華食,69.6,69.6,69.4,69.6,19059.0
2026-09-02,TPEX,4207,環泰,20.5,20.5,20.35,20.4,55045.0
2026-09-02,TPEX,4303,信立,37.7,37.7,36.2,36.3,1224465.0
2026-09-02,TPEX,4304,勝昱,21.5,21.5,20.55,20.6,89844.0
2026-09-02,TPEX,4305,世坤,,,,,0.0
2026-09-02,TPEX,4401,東隆興,13.9,14.0,13.8,14.0,18665.0
2026-09-02,TPEX,4402,郡都開發,15.3,15.3,14.15,14.95,29059.0
2026-09-02,TPEX,4406,新昕纖,10.05,10.05,9.99,9.99,66000.0
2026-09-02,TPEX,4413,飛寶企業,19.95,20.6,19.7,19.9,48176.0
2026-09-02,TPEX,4416,三圓,12.5,12.8,12.4,12.65,576979.0
2026-09-02,TPEX,4417,金洲,47.15,47.15,46.95,47.0,39504.0
2026-09-02,TPEX,4419,皇家美食,45.55,45.55,45.45,45.55,7000.0
2026-09-02,TPEX,4420,光明,37.8,38.7,37.8,38.6,57025.0
2026-09-02,TPEX,4430,耀億,17.8,17.8,17.35,17.6,39114.0
2026-09-02,TPEX,4432,銘旺實,15.65,15.85,15.55,15.85,27236.0
2026-09-02,TPEX,4433,興采,18.75,18.95,18.75,18.9,28315.0
2026-09-02,TPEX,4442,竣邦-KY,50.5,51.1,50.5,50.6,6011.0
2026-09-02,TPEX,4502,健信,15.6,15.7,15.55,15.65,29000.0
2026-09-02,TPEX,4503,金雨,24.5,24.5,24.25,24.3,125392.0
2026-09-02,TPEX,4506,崇友,121.5,123.0,121.5,122.0,56988.0
2026-09-02,TPEX,4510,高鋒,43.8,46.3,43.8,45.8,1789152.0
2026-09-02,TPEX,4513,福裕,16.15,16.25,16.0,16.05,161358.0
2026-09-02,TPEX,4523,永彰,23.7,24.05,23.55,23.8,14392.0
2026-09-02,TPEX,4527,方土霖,40.75,40.8,40.6,40.7,35002.0
2026-09-02,TPEX,4528,江興鍛,15.05,15.05,15.0,15.0,10174.0
2026-09-02,TPEX,4529,淳紳,4.03,4.03,3.8,3.8,40002.0
2026-09-02,TPEX,4530,天意能創,27.45,27.45,27.45,27.45,1187.0
2026-09-02,TPEX,4533,協易機,26.2,26.8,26.1,26.35,542607.0
2026-09-02,TPEX,4534,慶騰,30.0,30.8,29.65,29.9,421923.0
2026-09-02,TPEX,4535,至興,,,,,150.0
2026-09-02,TPEX,4538,大詠城,18.05,18.05,17.75,17.85,15000.0
2026-09-02,TPEX,4541,晟田,66.2,66.9,64.8,64.8,1405339.0
2026-09-02,TPEX,4542,科嶠,295.0,309.0,290.0,297.5,1326442.0
2026-09-02,TPEX,4543,萬在,30.6,30.6,30.15,30.3,42856.0
2026-09-02,TPEX,4549,桓達,102.0,102.5,101.0,102.5,21835.0
2026-09-02,TPEX,4550,長佳,24.0,24.0,23.9,24.0,19572.0
2026-09-02,TPEX,4554,橙的,30.0,30.0,29.45,29.95,21197.0
2026-09-02,TPEX,4556,旭然,71.7,72.4,70.0,70.0,132061.0
2026-09-02,TPEX,4558,寶緯,17.6,17.6,17.45,17.5,11295.0
2026-09-02,TPEX,4561,健椿,43.6,44.45,43.25,43.35,172179.0
2026-09-02,TPEX,4563,百德,46.85,46.95,44.75,45.4,979794.0
2026-09-02,TPEX,4568,科際精密,39.6,39.8,39.6,39.6,4029.0
2026-09-02,TPEX,4577,達航科技,86.2,92.5,86.1,88.8,929681.0
2026-09-02,TPEX,4580,捷流閥業,87.0,87.0,82.0,83.3,873215.0
2026-09-02,TPEX,4584,君帆,,,,,329.0
2026-09-02,TPEX,4609,唐鋒,4.26,4.26,4.25,4.25,37020.0
2026-09-02,TPEX,4702,中美實,9.8,9.8,9.63,9.71,23789.0
2026-09-02,TPEX,4706,大恭,32.4,32.4,32.4,32.4,1000.0
2026-09-02,TPEX,4707,磐亞,32.5,32.5,31.4,31.45,2073712.0
2026-09-02,TPEX,4711,永純,16.6,16.85,16.6,16.7,51043.0
2026-09-02,TPEX,4714,永捷,10.9,10.95,10.85,10.85,274802.0
2026-09-02,TPEX,4716,大立,17.55,17.65,17.3,17.3,942660.0
2026-09-02,TPEX,4721,美琪瑪,73.1,73.7,72.9,73.3,255632.0
2026-09-02,TPEX,4726,永昕,24.4,24.4,24.1,24.2,25100.0
2026-09-02,TPEX,4728,雙美,,,,,34.0
2026-09-02,TPEX,4729,熒茂,19.05,19.05,18.8,18.95,43367.0
2026-09-02,TPEX,4735,豪展,37.8,37.8,37.7,37.75,35041.0
2026-09-02,TPEX,4741,泓瀚,43.0,43.0,41.55,42.1,75735.0
2026-09-02,TPEX,4743,合一,46.7,46.85,46.25,46.65,553903.0
2026-09-02,TPEX,4744,皇將,27.25,27.5,27.1,27.5,48070.0
2026-09-02,TPEX,4745,合富-KY,11.7,11.8,11.7,11.8,7234.0
2026-09-02,TPEX,4747,強生*,26.05,26.1,24.6,24.6,280772.0
2026-09-02,TPEX,4749,新應材,805.0,808.0,787.0,787.0,751788.0
2026-09-02,TPEX,4754,國碳科,38.7,38.95,38.55,38.65,16331.0
2026-09-02,TPEX,4760,勤凱,264.0,282.0,264.0,272.5,436455.0
2026-09-02,TPEX,4767,誠泰科技,29.5,29.5,28.6,29.1,24051.0
2026-09-02,TPEX,4768,晶呈科技,307.0,307.5,298.0,298.0,341693.0
2026-09-02,TPEX,4772,台特化,264.0,265.5,256.0,256.0,685321.0
2026-09-02,TPEX,4806,桂田文創,8.99,9.13,8.99,9.13,2223.0
2026-09-02,TPEX,4903,聯光通,36.95,39.15,36.85,38.05,2553854.0
2026-09-02,TPEX,4905,台聯電,90.7,90.7,88.3,88.9,24525.0
2026-09-02,TPEX,4907,富宇,47.75,47.8,47.0,47.5,49961.0
2026-09-02,TPEX,4908,前鼎,227.0,241.5,215.5,218.0,17559055.0
2026-09-02,TPEX,4909,新復興,39.15,39.3,38.6,38.65,245632.0
2026-09-02,TPEX,4911,德英,29.5,29.95,29.2,29.95,27852.0
2026-09-02,TPEX,4923,力士,53.9,54.1,52.6,52.7,129395.0
2026-09-02,TPEX,4924,欣厚-KY,10.1,10.1,9.92,9.92,2000.0
2026-09-02,TPEX,4931,新盛力,257.0,264.5,250.0,250.0,4609266.0
2026-09-02,TPEX,4933,友輝,54.6,54.8,54.5,54.8,30055.0
2026-09-02,TPEX,4939,亞電,86.5,91.0,85.2,88.9,4093606.0
2026-09-02,TPEX,4946,辣椒,86.5,90.8,86.5,90.8,6231.0
2026-09-02,TPEX,4950,金耘國際,16.05,16.25,15.95,16.25,5004.0
2026-09-02,TPEX,4951,精拓科,79.2,81.0,78.5,79.4,137374.0
2026-09-02,TPEX,4953,緯致,123.0,123.5,122.0,123.0,176105.0
2026-09-02,TPEX,4966,譜瑞-KY,582.0,585.0,576.0,579.0,503349.0
2026-09-02,TPEX,4971,IET-KY,654.0,726.0,650.0,669.0,8621056.0
2026-09-02,TPEX,4972,湯石照明,16.8,16.8,16.6,16.75,9661.0
2026-09-02,TPEX,4973,廣穎,153.0,153.5,151.5,151.5,753139.0
2026-09-02,TPEX,4974,亞泰,68.4,72.0,68.4,71.5,492423.0
2026-09-02,TPEX,4979,華星光,600.0,624.0,600.0,624.0,2764197.0
2026-09-02,TPEX,4991,環宇-KY,524.0,545.0,524.0,530.0,5856964.0
2026-09-02,TPEX,4995,晶達,50.0,50.2,50.0,50.2,16206.0
2026-09-02,TPEX,5009,榮剛,34.2,34.2,33.5,33.55,1411052.0
2026-09-02,TPEX,5011,久陽,18.2,18.45,18.1,18.45,168209.0
2026-09-02,TPEX,5013,強新,28.55,28.65,28.5,28.65,15394.0
2026-09-02,TPEX,5014,建錩,10.1,10.15,10.05,10.1,79678.0
2026-09-02,TPEX,5015,華祺,22.1,22.1,22.0,22.05,8003.0
2026-09-02,TPEX,5016,松和,24.5,24.5,24.45,24.45,10000.0
2026-09-02,TPEX,5201,凱衛,26.0,26.25,25.65,25.65,34107.0
2026-09-02,TPEX,5202,力新,11.95,12.0,11.9,12.0,105461.0
2026-09-02,TPEX,5205,中茂,,,,,192.0
2026-09-02,TPEX,5206,坤悅,23.45,23.6,23.2,23.3,89212.0
2026-09-02,TPEX,5209,新鼎,155.0,155.5,154.0,155.0,38948.0
2026-09-02,TPEX,5210,寶碩,28.7,29.15,28.7,28.9,93534.0
2026-09-02,TPEX,5211,蒙恬,19.35,19.4,19.35,19.4,6363.0
2026-09-02,TPEX,5212,凌網,46.6,46.6,46.6,46.6,9316.0
2026-09-02,TPEX,5213,亞昕,21.0,21.2,20.9,21.0,118354.0
2026-09-02,TPEX,5220,萬達光電,19.9,19.9,19.9,19.9,1000.0
2026-09-02,TPEX,5223,安力-KY,24.1,25.45,24.05,24.7,104731.0
2026-09-02,TPEX,5227,立凱-KY,30.95,31.45,30.85,30.9,99170.0
2026-09-02,TPEX,5228,鈺鎧,41.1,41.1,40.4,40.75,184910.0
2026-09-02,TPEX,5230,雷笛克光學,17.8,17.85,17.5,17.85,135418.0
2026-09-02,TPEX,5245,智晶,23.7,23.7,23.2,23.3,46054.0
2026-09-02,TPEX,5251,天鉞電,26.7,26.7,26.1,26.55,38092.0
2026-09-02,TPEX,5263,智崴,99.7,99.7,97.5,98.1,96219.0
2026-09-02,TPEX,5272,笙科,17.0,17.3,17.0,17.1,31474.0
2026-09-02,TPEX,5274,信驊,17120.0,18395.0,17120.0,17725.0,797023.0
2026-09-02,TPEX,5276,達輝-KY,18.1,18.1,18.1,18.1,2000.0
2026-09-02,TPEX,5278,尚凡*,24.45,24.55,24.3,24.5,29563.0
2026-09-02,TPEX,5287,數字,136.0,136.0,135.0,135.5,118820.0
2026-09-02,TPEX,5289,宜鼎,1450.0,1450.0,1420.0,1420.0,1354181.0
2026-09-02,TPEX,5291,邑昇,71.4,73.2,70.2,70.7,1725328.0
2026-09-02,TPEX,5299,杰力,98.1,98.3,97.3,97.3,124987.0
2026-09-02,TPEX,5301,寶得利,5.75,5.75,5.75,5.75,3042.0
2026-09-02,TPEX,5302,太欣,10.3,10.45,10.3,10.3,176270.0
2026-09-02,TPEX,5309,系統電,53.1,53.2,52.5,52.5,881908.0
2026-09-02,TPEX,5310,天剛,24.25,24.25,24.25,24.25,1000.0
2026-09-02,TPEX,5312,寶島科,91.0,91.8,90.6,91.8,8909.0
2026-09-02,TPEX,5314,世紀*,35.95,35.95,34.2,34.2,3953214.0
2026-09-02,TPEX,5315,光聯,19.0,19.0,18.8,18.9,818142.0
2026-09-02,TPEX,5321,美而快,76.3,77.3,72.6,77.0,1242484.0
2026-09-02,TPEX,5324,士開,12.15,12.3,12.1,12.3,167311.0
2026-09-02,TPEX,5328,華容,61.5,62.2,61.0,61.5,2605510.0
2026-09-02,TPEX,5340,建榮,83.8,86.4,82.1,82.1,3558501.0
2026-09-02,TPEX,5344,立衛,13.5,13.7,13.5,13.6,7130.0
2026-09-02,TPEX,5345,馥鴻,22.25,22.25,22.0,22.0,7643.0
2026-09-02,TPEX,5347,世界,151.0,151.5,149.0,149.5,7536377.0
2026-09-02,TPEX,5348,正能量智能,16.75,16.75,16.75,16.75,1029.0
2026-09-02,TPEX,5351,鈺創,118.0,120.5,116.0,117.0,10672339.0
2026-09-02,TPEX,5353,台林,27.95,28.1,27.8,28.0,41281.0
2026-09-02,TPEX,5355,佳總,5.66,6.0,5.66,6.0,24025.0
2026-09-02,TPEX,5356,協益,25.8,26.25,25.8,26.15,15245.0
2026-09-02,TPEX,5364,力麗店,8.46,8.51,8.42,8.43,16122.0
2026-09-02,TPEX,5381,光譜,26.45,26.5,26.0,26.1,490308.0
2026-09-02,TPEX,5386,青雲,277.5,284.5,277.0,278.0,1490750.0
2026-09-02,TPEX,5392,能率,44.65,45.7,44.4,44.85,1102983.0
2026-09-02,TPEX,5398,慕康生醫,14.4,14.4,14.25,14.3,30034.0
2026-09-02,TPEX,5403,中菲,94.5,94.5,93.2,93.3,34866.0
2026-09-02,TPEX,5410,國眾,35.85,36.25,35.8,36.25,148566.0
2026-09-02,TPEX,5425,台半,93.5,94.7,92.5,92.5,6135308.0
2026-09-02,TPEX,5426,振發,30.6,31.0,29.2,29.3,1332818.0
2026-09-02,TPEX,5432,新門,151.5,152.5,147.5,149.0,71490.0
2026-09-02,TPEX,5438,東友,16.75,16.95,16.7,16.8,27456.0
2026-09-02,TPEX,5439,高技,271.5,272.5,267.0,269.5,2537892.0
2026-09-02,TPEX,5443,均豪,111.0,116.5,111.0,112.0,3232140.0
2026-09-02,TPEX,5450,南良,14.6,14.95,14.55,14.6,103244.0
2026-09-02,TPEX,5452,佶優,27.7,28.0,27.65,27.65,521411.0
2026-09-02,TPEX,5455,昇益,30.1,30.1,30.1,30.1,1001.0
2026-09-02,TPEX,5457,宣德,28.15,28.15,27.85,27.95,206997.0
2026-09-02,TPEX,5460,同協,16.2,16.2,15.9,15.95,27015.0
2026-09-02,TPEX,5464,霖宏,68.8,70.0,68.0,69.3,172655.0
2026-09-02,TPEX,5465,富驊,24.7,24.9,24.7,24.8,35505.0
2026-09-02,TPEX,5468,凱鈺,25.2,25.2,24.3,24.6,148335.0
2026-09-02,TPEX,5474,聰泰,153.5,154.5,150.0,150.5,90407.0
2026-09-02,TPEX,5475,德宏,195.5,204.5,190.0,190.0,5174839.0
2026-09-02,TPEX,5478,智冠,98.3,98.5,98.3,98.4,43410.0
2026-09-02,TPEX,5481,新華,20.45,20.6,20.05,20.6,261122.0
2026-09-02,TPEX,5483,中美晶,180.5,181.5,178.0,179.0,8631552.0
2026-09-02,TPEX,5487,通泰,29.5,29.65,29.35,29.6,14012.0
2026-09-02,TPEX,5488,松普,12.1,12.3,12.1,12.2,213457.0
2026-09-02,TPEX,5489,彩富,42.0,42.05,41.25,41.85,43411.0
2026-09-02,TPEX,5490,同亨,28.0,28.1,27.55,27.6,445790.0
2026-09-02,TPEX,5493,三聯,87.3,87.3,84.5,86.0,103395.0
2026-09-02,TPEX,5498,凱崴,56.4,56.9,55.6,55.8,1975579.0
2026-09-02,TPEX,5508,永信建,52.9,53.4,52.8,53.4,294411.0
2026-09-02,TPEX,5511,德昌,71.1,71.1,70.8,71.0,87422.0
2026-09-02,TPEX,5512,力麒,7.72,7.77,7.72,7.74,440788.0
2026-09-02,TPEX,5514,三豐,14.9,14.95,14.9,14.95,6161.0
2026-09-02,TPEX,5516,雙喜,11.7,12.0,11.7,11.85,21741.0
2026-09-02,TPEX,5520,力泰,82.8,82.8,82.8,82.8,10001.0
2026-09-02,TPEX,5523,豐謙,30.25,30.35,30.25,30.35,26992.0
2026-09-02,TPEX,5529,鉅陞,22.2,22.7,22.2,22.55,41197.0
2026-09-02,TPEX,5530,龍巖,50.2,50.5,49.95,50.2,158083.0
2026-09-02,TPEX,5536,聖暉*,880.0,880.0,823.0,823.0,1372184.0
2026-09-02,TPEX,5543,桓鼎-KY,29.1,29.1,28.8,28.8,4056.0
2026-09-02,TPEX,5547,久舜,19.7,19.7,19.65,19.7,27000.0
2026-09-02,TPEX,5548,安倉,20.45,20.45,20.45,20.45,8000.0
2026-09-02,TPEX,5601,台聯櫃,,,,,0.0
2026-09-02,TPEX,5603,陸海,14.2,14.2,14.0,14.1,64602.0
2026-09-02,TPEX,5604,中連,30.95,31.0,30.9,30.9,18187.0
2026-09-02,TPEX,5609,中菲行,77.9,78.3,77.9,78.0,69092.0
2026-09-02,TPEX,5701,劍湖山,4.36,4.37,4.2,4.24,73053.0
2026-09-02,TPEX,5703,亞都,14.05,14.05,13.8,13.8,52000.0
2026-09-02,TPEX,5704,老爺知,23.5,23.6,23.1,23.5,41876.0
2026-09-02,TPEX,5864,致和證,36.35,36.7,35.9,35.9,2398185.0
2026-09-02,TPEX,5878,台名,38.5,38.5,38.45,38.5,10038.0
2026-09-02,TPEX,5902,德記,34.7,34.7,34.5,34.5,4130.0
2026-09-02,TPEX,5903,全家,185.5,186.0,185.0,185.0,6337.0
2026-09-02,TPEX,5904,寶雅*,73.5,73.5,72.5,73.4,3747069.0
2026-09-02,TPEX,5905,南仁湖,7.81,7.81,7.73,7.74,271860.0
2026-09-02,TPEX,6015,宏遠證,16.5,16.55,16.2,16.3,917319.0
2026-09-02,TPEX,6016,康和證,21.4,21.4,20.65,20.95,6425750.0
2026-09-02,TPEX,6020,大展證,20.9,20.9,20.9,20.9,2000.0
2026-09-02,TPEX,6021,美好證,38.65,39.05,38.65,39.0,119875.0
2026-09-02,TPEX,6023,元大期,85.4,86.4,85.0,86.4,346793.0
2026-09-02,TPEX,6026,福邦證,15.0,15.1,15.0,15.05,625946.0
2026-09-02,TPEX,6028,公勝保經,96.1,96.9,95.0,96.9,19477.0
2026-09-02,TPEX,6101,寬魚國際,37.95,38.5,37.5,38.35,156339.0
2026-09-02,TPEX,6103,合邦,43.95,44.5,41.8,44.3,39407.0
2026-09-02,TPEX,6104,創惟,98.0,98.8,97.5,98.0,301809.0
2026-09-02,TPEX,6109,亞元,11.1,11.1,10.75,11.0,94778.0
2026-09-02,TPEX,6111,光聚晶電,38.0,38.05,37.5,37.5,129583.0
2026-09-02,TPEX,6113,亞矽,23.1,23.8,23.1,23.4,136984.0
2026-09-02,TPEX,6114,久威,25.25,25.35,25.1,25.2,9029.0
2026-09-02,TPEX,6118,建達,15.2,15.55,15.15,15.35,92877.0
2026-09-02,TPEX,6121,新普,407.5,407.5,401.0,404.0,365361.0
2026-09-02,TPEX,6122,擎邦,47.7,49.0,47.65,48.7,140951.0
2026-09-02,TPEX,6123,上奇,43.65,43.7,43.55,43.7,31328.0
2026-09-02,TPEX,6124,業強,26.65,26.8,26.55,26.55,16542.0
2026-09-02,TPEX,6125,廣運,50.6,52.5,50.3,51.7,1161414.0
2026-09-02,TPEX,6126,信音,30.5,30.5,30.2,30.2,277703.0
2026-09-02,TPEX,6127,九豪,49.45,50.2,48.55,48.6,2231718.0
2026-09-02,TPEX,6129,普誠,13.15,13.25,13.0,13.1,553719.0
2026-09-02,TPEX,6130,上亞科技,26.8,27.5,26.75,26.95,75600.0
2026-09-02,TPEX,6134,萬旭,29.05,29.35,29.0,29.05,103770.0
2026-09-02,TPEX,6138,茂達,291.0,295.5,288.0,288.0,486864.0
2026-09-02,TPEX,6140,訊達,16.9,16.9,16.7,16.75,51980.0
2026-09-02,TPEX,6143,振曜,88.5,89.5,88.3,88.6,249583.0
2026-09-02,TPEX,6144,得利影,13.3,13.35,12.9,13.25,20370.0
2026-09-02,TPEX,6146,耕興,194.0,194.0,191.5,192.5,292447.0
2026-09-02,TPEX,6147,頎邦,180.0,186.5,178.5,182.5,15644266.0
2026-09-02,TPEX,6148,驊宏資,28.0,28.1,27.7,28.0,35341.0
2026-09-02,TPEX,6150,撼訊,61.4,63.6,61.4,62.3,396536.0
2026-09-02,TPEX,6151,晉倫,35.65,35.65,35.0,35.55,131043.0
2026-09-02,TPEX,6154,順發,13.9,14.05,13.9,14.0,21785.0
2026-09-02,TPEX,6156,松上,21.15,21.25,20.9,20.95,434217.0
2026-09-02,TPEX,6158,禾昌,16.9,18.35,16.9,17.5,219854.0
2026-09-02,TPEX,6160,欣技,15.0,15.0,14.7,14.95,129147.0
2026-09-02,TPEX,6161,捷波,50.5,50.5,49.9,50.0,27326.0
2026-09-02,TPEX,6163,華電網,41.6,42.2,41.4,41.7,631137.0
2026-09-02,TPEX,6167,久正,10.4,10.45,10.35,10.4,199691.0
2026-09-02,TPEX,6169,昱泉,12.3,12.5,12.3,12.45,6353.0
2026-09-02,TPEX,6170,統振,47.9,48.1,47.8,48.0,118896.0
2026-09-02,TPEX,6171,大城地產,26.65,26.65,26.3,26.3,38327.0
2026-09-02,TPEX,6173,信昌電,255.0,263.5,253.5,260.5,9691431.0
2026-09-02,TPEX,6174,安碁,44.8,45.8,44.05,44.05,392964.0
2026-09-02,TPEX,6175,立敦,73.6,73.6,71.3,71.4,849872.0
2026-09-02,TPEX,6179,亞通,30.2,30.5,29.35,29.75,2044790.0
2026-09-02,TPEX,6180,橘子,40.5,41.2,40.4,41.2,276565.0
2026-09-02,TPEX,6182,合晶,114.0,114.5,109.0,110.5,68080895.0
2026-09-02,TPEX,6185,幃翔,12.8,12.8,12.6,12.8,210991.0
2026-09-02,TPEX,6186,新潤,31.45,31.65,31.15,31.45,312429.0
2026-09-02,TPEX,6187,萬潤,1360.0,1410.0,1335.0,1340.0,1990923.0
2026-09-02,TPEX,6188,廣明,68.0,68.8,67.9,67.9,471078.0
2026-09-02,TPEX,6190,萬泰科,72.1,72.5,69.0,69.1,4833150.0
2026-09-02,TPEX,6194,育富,29.8,29.8,29.75,29.75,18100.0
2026-09-02,TPEX,6195,詩肯,27.75,27.85,27.75,27.8,12550.0
2026-09-02,TPEX,6198,瑞築,19.4,19.5,19.4,19.45,46001.0
2026-09-02,TPEX,6199,天品,92.7,95.6,92.2,95.2,675697.0
2026-09-02,TPEX,6203,海韻電,60.3,61.0,60.3,60.9,117133.0
2026-09-02,TPEX,6204,艾華,89.8,91.0,88.5,90.0,286285.0
2026-09-02,TPEX,6207,雷科,105.5,114.5,104.5,110.5,4745213.0
2026-09-02,TPEX,6208,日揚,81.5,81.9,81.2,81.2,192476.0
2026-09-02,TPEX,6210,慶生,17.85,17.9,17.85,17.9,6067.0
2026-09-02,TPEX,6212,理銘,,,,,0.0
2026-09-02,TPEX,6217,中探針,190.0,207.5,189.5,195.5,16892688.0
2026-09-02,TPEX,6218,豪勉,41.95,45.35,41.95,43.55,4254677.0
2026-09-02,TPEX,6219,富旺,12.1,12.1,12.0,12.1,40255.0
2026-09-02,TPEX,6220,岳豐,25.5,26.0,25.5,25.9,91330.0
2026-09-02,TPEX,6221,晉泰,21.5,21.7,21.5,21.6,42524.0
2026-09-02,TPEX,6222,立軒,20.0,20.15,19.85,20.05,12018.0
2026-09-02,TPEX,6223,旺矽,5410.0,5535.0,5260.0,5290.0,1009900.0
2026-09-02,TPEX,6227,茂綸,113.0,118.0,113.0,116.0,498804.0
2026-09-02,TPEX,6228,全譜,,,,,100.0
2026-09-02,TPEX,6229,研通,24.2,24.3,23.75,23.95,36373.0
2026-09-02,TPEX,6231,系微,219.0,220.5,215.0,216.0,165974.0
2026-09-02,TPEX,6233,旺玖,21.3,21.55,21.2,21.2,67795.0
2026-09-02,TPEX,6234,高僑,35.8,36.0,35.5,35.55,135987.0
2026-09-02,TPEX,6236,中湛,,,,,0.0
2026-09-02,TPEX,6237,驊訊,34.75,38.3,34.75,37.05,710529.0
2026-09-02,TPEX,6240,松崗,25.8,27.3,23.5,27.3,138473.0
2026-09-02,TPEX,6241,鑫永洋,16.85,17.5,16.8,17.25,29114.0
2026-09-02,TPEX,6242,立康,34.45,34.5,34.0,34.0,4066.0
2026-09-02,TPEX,6244,茂迪,23.75,24.0,23.5,23.5,2193901.0
2026-09-02,TPEX,6245,立端,78.5,79.2,78.0,78.2,370069.0
2026-09-02,TPEX,6246,臺龍,12.5,13.55,12.5,13.15,308984.0
2026-09-02,TPEX,6248,沛波,17.2,17.2,17.0,17.0,58107.0
2026-09-02,TPEX,6259,百徽,30.35,30.7,29.95,29.95,225620.0
2026-09-02,TPEX,6261,久元,82.0,82.7,80.0,80.0,580277.0
2026-09-02,TPEX,6263,普萊德,166.5,174.0,166.0,173.0,509774.0
2026-09-02,TPEX,6264,富裔,5.91,6.07,5.91,6.07,29146.0
2026-09-02,TPEX,6265,方土昶,56.3,56.5,55.7,55.8,1807032.0
2026-09-02,TPEX,6266,泰詠,24.55,24.75,24.5,24.75,96924.0
2026-09-02,TPEX,6270,倍微,29.6,29.6,29.15,29.2,129819.0
2026-09-02,TPEX,6274,台燿,1435.0,1460.0,1400.0,1410.0,3583482.0
2026-09-02,TPEX,6275,元山,46.05,46.45,45.8,45.9,140895.0
2026-09-02,TPEX,6276,安鈦克,20.8,20.8,20.3,20.4,32120.0
2026-09-02,TPEX,6279,胡連,127.0,128.0,125.5,127.0,861777.0
2026-09-02,TPEX,6284,佳邦,78.9,79.4,78.0,78.0,895105.0
2026-09-02,TPEX,6290,良維,259.0,263.0,256.0,256.5,2457914.0
2026-09-02,TPEX,6291,沛亨,423.5,465.5,423.5,440.0,2187572.0
2026-09-02,TPEX,6292,迅德,61.8,62.3,61.5,61.7,109358.0
2026-09-02,TPEX,6294,智基,28.9,29.0,28.9,29.0,21705.0
2026-09-02,TPEX,6411,晶焱,80.7,82.6,80.5,81.4,440134.0
2026-09-02,TPEX,6417,韋僑,106.5,106.5,105.5,106.5,26888.0
2026-09-02,TPEX,6418,詠昇,35.8,35.9,34.75,35.35,103207.0
2026-09-02,TPEX,6419,京晨科,154.0,156.5,153.0,155.5,180443.0
2026-09-02,TPEX,6423,億而得,83.8,87.6,82.8,85.7,150620.0
2026-09-02,TPEX,6425,易發,67.4,67.4,64.7,65.0,631639.0
2026-09-02,TPEX,6432,今展科,62.3,62.5,61.6,61.8,248212.0
2026-09-02,TPEX,6435,大中,248.5,248.5,244.5,245.0,203487.0
2026-09-02,TPEX,6441,廣錠,21.35,21.35,21.1,21.35,6501.0
2026-09-02,TPEX,6462,神盾,101.0,102.0,100.5,101.0,331729.0
2026-09-02,TPEX,6465,威潤,47.2,48.0,46.7,46.95,148650.0
2026-09-02,TPEX,6469,大樹,67.6,68.0,67.5,67.9,189634.0
2026-09-02,TPEX,6470,宇智,41.25,41.95,41.2,41.95,24640.0
2026-09-02,TPEX,6474,華豫寧,36.8,36.8,36.3,36.7,40745.0
2026-09-02,TPEX,6482,弘煜科,24.6,25.4,24.55,25.4,11089.0
2026-09-02,TPEX,6485,點序,61.9,61.9,60.7,61.2,209963.0
2026-09-02,TPEX,6486,互動,84.2,84.2,84.2,84.2,592044.0
2026-09-02,TPEX,6488,環球晶,976.0,982.0,951.0,967.0,7323231.0
2026-09-02,TPEX,6492,生華科,34.25,34.3,34.05,34.2,167840.0
2026-09-02,TPEX,6494,九齊,54.9,55.2,54.7,55.2,62565.0
2026-09-02,TPEX,6496,科懋,24.0,24.3,23.8,24.3,9897.0
2026-09-02,TPEX,6498,久禾光,73.7,78.6,73.7,78.3,385184.0
2026-09-02,TPEX,6499,益安,72.8,76.8,72.8,75.0,539787.0
2026-09-02,TPEX,6506,雙邦,18.05,18.15,18.0,18.15,45034.0
2026-09-02,TPEX,6508,惠光,26.0,26.0,26.0,26.0,5070.0
2026-09-02,TPEX,6509,聚和,45.8,47.3,45.45,46.75,966092.0
2026-09-02,TPEX,6510,精測,3290.0,3435.0,3235.0,3435.0,1818255.0
2026-09-02,TPEX,6512,啟發電,,,,,1297.0
2026-09-02,TPEX,6516,勤崴國際,58.3,58.6,57.4,58.6,21120.0
2026-09-02,TPEX,6517,保勝光學,70.2,73.4,69.5,70.8,1103034.0
2026-09-02,TPEX,6523,達爾膚,89.5,89.5,89.1,89.5,40108.0
2026-09-02,TPEX,6527,明達醫,74.5,74.5,74.5,74.5,6187.0
2026-09-02,TPEX,6530,創威,93.7,105.0,93.3,101.0,8685955.0
2026-09-02,TPEX,6532,瑞耘,98.7,100.5,95.9,97.0,778920.0
2026-09-02,TPEX,6535,順藥,74.1,82.2,74.0,82.2,481345.0
2026-09-02,TPEX,6538,倉和,248.5,248.5,248.5,248.5,562833.0
2026-09-02,TPEX,6542,隆中,44.0,44.15,43.65,43.65,12425.0
2026-09-02,TPEX,6546,正基,63.5,64.0,63.2,63.5,157036.0
2026-09-02,TPEX,6547,高端疫苗,61.7,62.3,60.7,61.5,3324492.0
2026-09-02,TPEX,6548,長科*,72.2,74.9,71.5,73.9,2920309.0
2026-09-02,TPEX,6556,勝品,60.8,61.0,60.8,61.0,8050.0
2026-09-02,TPEX,6560,欣普羅,31.0,31.8,30.5,31.25,13000.0
2026-09-02,TPEX,6561,是方,322.5,327.0,322.5,325.0,54423.0
2026-09-02,TPEX,6568,宏觀,134.0,143.5,132.5,140.0,247983.0
2026-09-02,TPEX,6569,醫揚,91.7,92.0,91.1,91.1,27980.0
2026-09-02,TPEX,6570,維田,52.8,52.9,51.8,52.0,101046.0
2026-09-02,TPEX,6574,霈方,119.0,121.0,118.5,120.0,28138.0
2026-09-02,TPEX,6576,逸達,80.7,80.9,80.3,80.6,67344.0
2026-09-02,TPEX,6577,勁豐,79.7,80.4,79.7,80.3,10945.0
2026-09-02,TPEX,6578,達邦蛋白,17.9,17.9,17.8,17.85,27070.0
2026-09-02,TPEX,6584,南俊國際,660.0,679.0,650.0,658.0,1274823.0
2026-09-02,TPEX,6588,東典光電,107.0,114.0,107.0,107.5,2127284.0
2026-09-02,TPEX,6590,普鴻,65.5,65.5,64.9,64.9,6021.0
2026-09-02,TPEX,6593,台灣銘板,31.8,32.2,31.45,32.05,248191.0
2026-09-02,TPEX,6596,寬宏藝術,96.0,96.6,95.7,95.8,76786.0
2026-09-02,TPEX,6597,立誠,75.9,75.9,71.8,74.8,4711.0
2026-09-02,TPEX,6603,富強鑫,25.45,25.65,25.4,25.6,433665.0
2026-09-02,TPEX,6609,瀧澤科,40.2,41.35,40.2,40.55,291499.0
2026-09-02,TPEX,6612,奈米醫材,71.5,71.5,70.3,70.8,43570.0
2026-09-02,TPEX,6613,朋億*,272.0,272.0,262.0,264.5,561982.0
2026-09-02,TPEX,6615,慧智,34.1,34.25,34.1,34.25,2451.0
2026-09-02,TPEX,6616,特昇-KY,8.24,8.29,8.22,8.29,10015.0
2026-09-02,TPEX,6617,共信-KY,120.0,122.0,116.5,120.5,1211642.0
2026-09-02,TPEX,6620,漢達,87.9,95.4,87.7,95.4,2922498.0
2026-09-02,TPEX,6624,萬年清,39.0,40.55,38.55,40.55,7000.0
2026-09-02,TPEX,6629,泰金-KY,109.0,109.0,106.5,107.0,14064.0
2026-09-02,TPEX,6637,醫影,55.8,55.9,55.7,55.9,24868.0
2026-09-02,TPEX,6640,均華,1120.0,1230.0,1115.0,1210.0,1391072.0
2026-09-02,TPEX,6642,富致,81.1,81.1,79.3,79.8,150737.0
2026-09-02,TPEX,6643,M31,424.0,424.0,413.0,416.0,200816.0
2026-09-02,TPEX,6649,台生材,,,,,2.0
2026-09-02,TPEX,6651,全宇昕,155.5,155.5,151.5,151.5,125583.0
2026-09-02,TPEX,6654,天正國際,213.0,213.0,195.0,200.0,106831.0
2026-09-02,TPEX,6661,威健生技,17.0,17.2,17.0,17.2,3172.0
2026-09-02,TPEX,6662,樂斯科,29.2,29.2,28.5,28.5,10015.0
2026-09-02,TPEX,6664,群翊,365.0,377.0,360.5,362.5,586160.0
2026-09-02,TPEX,6667,信紘科,216.5,217.0,215.0,217.0,55850.0
2026-09-02,TPEX,6679,鈺太,208.5,213.0,204.5,204.5,332284.0
2026-09-02,TPEX,6680,鑫創電子,,,,,0.0
2026-09-02,TPEX,6683,雍智科技,1405.0,1460.0,1400.0,1460.0,768183.0
2026-09-02,TPEX,6684,安格,46.7,48.25,46.7,47.6,87295.0
2026-09-02,TPEX,6690,安碁資訊,164.0,165.5,163.0,165.5,33245.0
2026-09-02,TPEX,6692,進能服,23.15,23.15,23.15,23.15,1607.0
2026-09-02,TPEX,6693,廣閎科,180.0,180.0,173.0,173.0,1187606.0
2026-09-02,TPEX,6697,東捷資訊,40.85,41.3,40.5,41.25,25019.0
2026-09-02,TPEX,6703,軒郁,103.0,103.0,102.0,102.5,31300.0
2026-09-02,TPEX,6708,天擎,38.0,38.0,37.5,37.5,6232.0
2026-09-02,TPEX,6712,長聖,158.5,159.0,157.0,157.5,199873.0
2026-09-02,TPEX,6716,應廣,124.0,130.5,124.0,125.5,399874.0
2026-09-02,TPEX,6720,久昌,131.0,135.0,131.0,135.0,18240.0
2026-09-02,TPEX,6721,信實,51.8,51.8,51.2,51.2,16338.0
2026-09-02,TPEX,6725,矽科宏晟,225.5,227.0,225.0,225.0,18135.0
2026-09-02,TPEX,6727,亞泰金屬,580.0,605.0,570.0,580.0,2792875.0
2026-09-02,TPEX,6728,上洋,109.0,109.0,107.5,108.0,32372.0
2026-09-02,TPEX,6730,常廣,32.5,32.9,32.35,32.9,14009.0
2026-09-02,TPEX,6732,昇佳電子,151.5,152.5,150.0,151.5,142793.0
2026-09-02,TPEX,6733,博晟生醫,27.7,27.7,27.25,27.5,56447.0
2026-09-02,TPEX,6735,美達科技,65.5,67.5,65.5,66.0,130723.0
2026-09-02,TPEX,6739,竹陞科技,1130.0,1170.0,1120.0,1120.0,128044.0
2026-09-02,TPEX,6741,91APP*-KY,59.8,60.2,59.2,59.8,213808.0
2026-09-02,TPEX,6751,智聯服務,42.0,42.5,42.0,42.2,7000.0
2026-09-02,TPEX,6752,叡揚,97.0,97.2,97.0,97.0,9224.0
2026-09-02,TPEX,6761,穩得,185.5,190.0,185.5,185.5,211108.0
2026-09-02,TPEX,6762,達亞,164.0,165.0,164.0,165.0,3323.0
2026-09-02,TPEX,6763,綠界科技*,41.35,41.35,41.0,41.0,139136.0
2026-09-02,TPEX,6767,台微醫,,,,,0.0
2026-09-02,TPEX,6785,昱展新藥,92.1,93.0,90.7,91.2,46739.0
2026-09-02,TPEX,6788,華景電,379.0,379.0,367.0,368.0,307901.0
2026-09-02,TPEX,6791,虎門科技,100.5,101.0,99.2,100.5,16834.0
2026-09-02,TPEX,6803,崑鼎,271.5,271.5,269.5,269.5,45218.0
2026-09-02,TPEX,6804,明係,18.5,18.5,18.4,18.4,68020.0
2026-09-02,TPEX,6811,宏碁資訊,223.5,225.0,223.5,224.5,33286.0
2026-09-02,TPEX,6821,聯寶,42.7,42.7,41.3,42.0,111452.0
2026-09-02,TPEX,6823,濾能,61.2,61.5,60.1,60.8,102238.0
2026-09-02,TPEX,6829,千附精密,255.0,256.5,241.5,243.0,1123435.0
2026-09-02,TPEX,6840,東研信超,93.0,93.7,89.0,92.3,494141.0
2026-09-02,TPEX,6841,長佳智能,54.3,54.3,53.5,53.6,123347.0
2026-09-02,TPEX,6843,進典,39.0,39.0,37.85,38.4,16141.0
2026-09-02,TPEX,6844,諾貝兒,60.0,60.2,59.8,60.2,17000.0
2026-09-02,TPEX,6846,綠茵,58.9,58.9,57.5,58.1,8041.0
2026-09-02,TPEX,6855,數泓科,116.5,117.0,116.5,117.0,2067.0
2026-09-02,TPEX,6856,鑫傳,,,,,0.0
2026-09-02,TPEX,6859,伯特光,109.0,115.5,108.5,113.5,108515.0
2026-09-02,TPEX,6865,偉康科技,25.85,25.85,25.15,25.15,14281.0
2026-09-02,TPEX,6870,騰雲,275.0,299.0,275.0,292.0,254964.0
2026-09-02,TPEX,6872,浩宇生醫,14.45,15.4,14.35,15.4,98216.0
2026-09-02,TPEX,6874,倍力,84.3,84.3,83.0,83.6,122714.0
2026-09-02,TPEX,6875,國邑*,32.7,32.7,30.45,32.7,179938.0
2026-09-02,TPEX,6877,鏵友益,113.5,115.5,112.5,113.5,38048.0
2026-09-02,TPEX,6881,潤德,,,,,109.0
2026-09-02,TPEX,6884,海柏特,29.55,29.55,29.5,29.55,4151.0
2026-09-02,TPEX,6894,衛司特,351.5,356.0,348.5,356.0,50283.0
2026-09-02,TPEX,6895,宏碩系統,164.0,166.0,159.5,161.5,102530.0
2026-09-02,TPEX,6899,創為精密,50.1,50.1,49.85,49.85,4000.0
2026-09-02,TPEX,6903,巨漢,318.0,318.0,310.0,310.0,213951.0
2026-09-02,TPEX,6904,伯鑫,124.0,124.5,124.0,124.5,2000.0
2026-09-02,TPEX,6907,雅特力-KY,184.5,192.5,184.0,191.0,1227444.0
2026-09-02,TPEX,6910,德鴻,25.3,25.35,24.8,25.3,19208.0
2026-09-02,TPEX,6913,鴻呈,162.0,162.0,152.5,153.0,736984.0
2026-09-02,TPEX,6922,宸曜,204.5,210.5,204.5,206.5,95164.0
2026-09-02,TPEX,6925,意藍,50.5,50.6,50.3,50.6,12184.0
2026-09-02,TPEX,6929,佑全,22.0,22.75,22.0,22.75,3456.0
2026-09-02,TPEX,6945,圓祥生技,96.5,97.9,95.0,97.6,122994.0
2026-09-02,TPEX,6953,家碩,244.5,246.0,241.5,241.5,37610.0
2026-09-02,TPEX,6961,旅天下,50.2,50.3,50.1,50.2,23090.0
2026-09-02,TPEX,6967,汎瑋材料,73.2,73.2,72.0,72.0,31678.0
2026-09-02,TPEX,6968,萬達寵物,41.4,41.7,41.4,41.7,23211.0
2026-09-02,TPEX,6971,惠民實業,26.3,26.4,26.0,26.0,18354.0
2026-09-02,TPEX,6982,大井泵浦,47.55,48.55,47.55,48.2,35000.0
2026-09-02,TPEX,6983,華洋精機,351.0,351.0,344.0,345.5,41916.0
2026-09-02,TPEX,6986,和迅,42.8,42.95,42.05,42.5,37494.0
2026-09-02,TPEX,6996,力領科技,182.0,183.0,182.0,182.5,73933.0
2026-09-02,TPEX,6997,博弘,68.0,68.0,68.0,68.0,1250.0
2026-09-02,TPEX,7402,邑錡,109.0,110.5,107.5,107.5,302668.0
2026-09-02,TPEX,7547,碩網,50.3,51.0,50.2,50.8,5000.0
2026-09-02,TPEX,7556,意德士,247.5,257.0,247.5,252.5,23562.0
2026-09-02,TPEX,7584,樂意,26.3,27.4,25.85,26.8,9299.0
2026-09-02,TPEX,7642,昶瑞機電,76.8,77.0,75.9,77.0,9149.0
2026-09-02,TPEX,7703,銳澤,181.0,181.0,179.0,179.0,65108.0
2026-09-02,TPEX,7704,明遠精密,61.8,62.2,61.2,61.6,26073.0
2026-09-02,TPEX,7708,全家餐飲,92.0,92.0,91.9,92.0,5095.0
2026-09-02,TPEX,7709,榮田,72.7,75.0,72.0,73.6,126202.0
2026-09-02,TPEX,7712,博盛半導體,155.5,155.5,152.0,152.5,114558.0
2026-09-02,TPEX,7713,威力德生醫,74.0,74.0,74.0,74.0,2032.0
2026-09-02,TPEX,7714,創泓科技,170.0,171.5,165.0,168.0,203858.0
2026-09-02,TPEX,7715,裕山,29.5,29.5,29.0,29.0,14018.0
2026-09-02,TPEX,7716,昱臺國際,23.5,23.95,23.5,23.95,3000.0
2026-09-02,TPEX,7717,萊德光電-KY,423.0,434.0,421.0,423.0,91594.0
2026-09-02,TPEX,7718,友鋮,47.0,47.45,46.95,47.45,14000.0
2026-09-02,TPEX,7723,築間,18.95,19.05,18.7,18.85,74440.0
2026-09-02,TPEX,7728,光焱科技,674.0,688.0,660.0,667.0,54238.0
2026-09-02,TPEX,7734,印能科技,2850.0,2850.0,2790.0,2795.0,94245.0
2026-09-02,TPEX,7738,東聯互動,169.5,171.5,168.5,171.0,20161.0
2026-09-02,TPEX,7743,金利食安,21.35,21.35,21.2,21.2,7102.0
2026-09-02,TPEX,7744,崴寶,501.0,540.0,490.0,540.0,281967.0
2026-09-02,TPEX,7747,昕奇雲端,113.5,113.5,113.0,113.0,2014.0
2026-09-02,TPEX,7751,竑騰,1615.0,1685.0,1555.0,1555.0,447682.0
2026-09-02,TPEX,7753,星亞,36.4,36.4,36.25,36.35,9204.0
2026-09-02,TPEX,7757,金色三麥,89.0,89.0,88.4,88.6,4540.0
2026-09-02,TPEX,7767,仁大資訊,44.6,45.0,44.55,45.0,33336.0
2026-09-02,TPEX,7770,君曜,35.05,35.85,34.85,35.85,17275.0
2026-09-02,TPEX,7772,耀穎,91.5,92.0,88.8,90.5,54583.0
2026-09-02,TPEX,7777,能率亞洲,39.85,40.05,39.15,39.15,1184226.0
2026-09-02,TPEX,7782,光速火箭,25.95,25.95,25.95,25.95,1000.0
2026-09-02,TPEX,7792,安葆,316.5,316.5,305.5,308.0,240276.0
2026-09-02,TPEX,7794,宏碁智新,28.85,28.85,28.45,28.45,6150.0
2026-09-02,TPEX,7805,威聯通,514.0,525.0,513.0,523.0,85254.0
2026-09-02,TPEX,7810,捷創科技,223.0,228.0,219.5,222.0,70874.0
2026-09-02,TPEX,7811,民盛,,,,,61.0
2026-09-02,TPEX,7814,海昌生技,29.35,29.5,29.25,29.3,37562.0
2026-09-02,TPEX,7819,精誠金融,34.8,36.8,34.8,36.4,118741.0
2026-09-02,TPEX,7820,立盈,119.0,119.5,119.0,119.5,4204.0
2026-09-02,TPEX,7828,創新服務,1780.0,1810.0,1740.0,1760.0,149082.0
2026-09-02,TPEX,7839,達人網,43.9,44.5,43.9,44.2,3000.0
2026-09-02,TPEX,7842,天能綠電,97.1,99.7,97.0,98.9,33066.0
2026-09-02,TPEX,8024,佑華,13.0,13.1,12.8,13.0,28268.0
2026-09-02,TPEX,8027,鈦昇,186.0,189.0,181.0,182.0,2268211.0
2026-09-02,TPEX,8032,光菱,36.6,36.6,35.8,35.95,74088.0
2026-09-02,TPEX,8034,榮群,19.95,19.95,19.7,19.85,24011.0
2026-09-02,TPEX,8038,長園科,31.6,31.9,31.45,31.6,90843.0
2026-09-02,TPEX,8040,九暘,82.9,82.9,82.9,82.9,762599.0
2026-09-02,TPEX,8042,金山電,106.0,114.0,101.5,111.0,4482400.0
2026-09-02,TPEX,8043,蜜望實,142.5,144.5,142.0,142.0,1368484.0
2026-09-02,TPEX,8044,網家,24.25,24.4,23.95,24.25,415658.0
2026-09-02,TPEX,8047,星雲,44.0,44.0,44.0,44.0,34000.0
2026-09-02,TPEX,8048,德勝,52.6,52.9,52.1,52.9,56456.0
2026-09-02,TPEX,8049,晶采,24.5,24.6,24.4,24.5,99202.0
2026-09-02,TPEX,8050,廣積,56.5,56.7,55.9,56.4,556576.0
2026-09-02,TPEX,8054,安國,84.4,85.5,83.2,83.2,813457.0
2026-09-02,TPEX,8059,凱碩,13.2,13.6,13.2,13.5,184392.0
2026-09-02,TPEX,8064,東捷,105.0,107.0,104.0,104.5,2331364.0
2026-09-02,TPEX,8066,來思達,,,,,1147.0
2026-09-02,TPEX,8067,志旭,12.65,12.65,11.75,12.1,14000.0
2026-09-02,TPEX,8068,全達,16.8,17.05,16.8,16.95,58010.0
2026-09-02,TPEX,8069,元太,158.5,159.0,154.5,154.5,4966932.0
2026-09-02,TPEX,8071,能率網通,23.7,24.15,23.6,23.85,253633.0
2026-09-02,TPEX,8074,鉅橡,56.0,56.6,55.3,55.3,354588.0
2026-09-02,TPEX,8076,伍豐,22.4,22.65,22.25,22.35,812744.0
2026-09-02,TPEX,8077,洛碁,44.45,44.45,44.45,44.45,1016.0
2026-09-02,TPEX,8080,泰霖,28.75,29.35,28.6,29.35,14554.0
2026-09-02,TPEX,8083,瑞穎,158.0,158.5,157.5,158.5,38694.0
2026-09-02,TPEX,8084,巨虹,45.0,48.3,45.0,47.55,1347077.0
2026-09-02,TPEX,8085,福華,16.0,16.15,15.8,15.8,479468.0
2026-09-02,TPEX,8086,宏捷科,121.5,122.5,117.0,117.0,5573948.0
2026-09-02,TPEX,8087,麗升能源,26.5,26.9,26.3,26.5,8000.0
2026-09-02,TPEX,8088,品安,44.2,44.3,43.7,44.05,413055.0
2026-09-02,TPEX,8089,康全電訊,17.6,17.75,17.3,17.45,51663.0
2026-09-02,TPEX,8091,翔名,220.5,226.5,220.0,220.5,276420.0
2026-09-02,TPEX,8092,建暐,13.1,13.1,12.9,13.1,15161.0
2026-09-02,TPEX,8093,保銳,28.4,28.4,27.15,27.15,75011.0
2026-09-02,TPEX,8096,擎亞,110.5,113.5,109.0,109.5,1798929.0
2026-09-02,TPEX,8097,常珵,48.55,49.5,48.5,49.15,144010.0
2026-09-02,TPEX,8099,大世科,61.5,61.8,59.9,59.9,730702.0
2026-09-02,TPEX,8102,傑霖科技,66.0,66.0,65.1,65.1,3117.0
2026-09-02,TPEX,8107,大億金茂,12.3,12.5,12.3,12.35,16354.0
2026-09-02,TPEX,8109,博大,132.0,136.0,131.0,136.0,529983.0
2026-09-02,TPEX,8111,立碁,75.0,78.5,73.4,76.4,45295021.0
2026-09-02,TPEX,8121,越峰,27.5,27.85,27.45,27.5,335523.0
2026-09-02,TPEX,8147,正淩,128.5,130.0,125.5,126.0,91464.0
2026-09-02,TPEX,8155,博智,365.0,372.0,364.0,369.0,532734.0
2026-09-02,TPEX,8171,天宇,20.35,20.35,19.65,19.7,127059.0
2026-09-02,TPEX,8176,智捷,10.0,10.0,9.94,9.94,10583.0
2026-09-02,TPEX,8182,加高,40.8,41.3,39.75,39.75,442649.0
2026-09-02,TPEX,8183,精星,29.2,29.25,28.9,29.2,148685.0
2026-09-02,TPEX,8227,巨有科技,161.5,167.0,160.5,160.5,386196.0
2026-09-02,TPEX,8234,新漢,68.3,69.5,68.2,68.2,433354.0
2026-09-02,TPEX,8240,華宏,48.9,52.0,48.6,50.7,3049608.0
2026-09-02,TPEX,8255,朋程,149.5,150.0,146.5,146.5,265078.0
2026-09-02,TPEX,8272,全景軟體,65.0,65.8,65.0,65.8,8450.0
2026-09-02,TPEX,8277,商丞,7.55,8.48,7.55,8.0,542345.0
2026-09-02,TPEX,8279,生展,78.8,80.0,78.1,79.6,161774.0
2026-09-02,TPEX,8284,三竹,66.2,66.2,65.8,65.8,32105.0
2026-09-02,TPEX,8289,泰藝,46.5,47.5,46.5,47.4,233715.0
2026-09-02,TPEX,8291,尚茂,33.0,33.0,33.0,33.0,4699.0
2026-09-02,TPEX,8299,群聯,2100.0,2115.0,2060.0,2065.0,3168776.0
2026-09-02,TPEX,8342,益張,85.7,88.0,85.7,88.0,5000.0
2026-09-02,TPEX,8349,恒耀,39.05,39.1,38.7,38.7,89873.0
2026-09-02,TPEX,8354,冠好,17.2,17.85,17.1,17.7,306881.0
2026-09-02,TPEX,8358,金居,515.0,521.0,503.0,503.0,6012553.0
2026-09-02,TPEX,8383,千附,67.0,67.2,65.8,65.8,956301.0
2026-09-02,TPEX,8390,金益鼎,98.4,98.4,97.1,97.4,323900.0
2026-09-02,TPEX,8401,白紗科,22.75,22.8,22.75,22.75,33277.0
2026-09-02,TPEX,8403,盛弘,19.0,19.1,18.95,19.05,69273.0
2026-09-02,TPEX,8409,商之器,18.15,18.45,18.15,18.15,9004.0
2026-09-02,TPEX,8410,森田,30.25,30.5,30.25,30.45,15081.0
2026-09-02,TPEX,8415,大國鋼,37.1,37.5,37.1,37.25,334563.0
2026-09-02,TPEX,8416,實威,168.0,169.0,168.0,169.0,3291.0
2026-09-02,TPEX,8421,旭源,12.9,13.15,12.85,13.1,74839.0
2026-09-02,TPEX,8423,保綠-KY,17.95,18.15,17.95,18.0,47884.0
2026-09-02,TPEX,8424,惠普,68.6,68.8,68.6,68.8,2109.0
2026-09-02,TPEX,8426,紅木-KY,21.0,21.1,20.7,21.1,28396.0
2026-09-02,TPEX,8431,匯鑽科,54.3,59.8,54.1,59.8,3224024.0
2026-09-02,TPEX,8432,東生華,50.5,50.8,50.5,50.6,19000.0
2026-09-02,TPEX,8433,弘帆,55.1,55.2,55.1,55.2,2033.0
2026-09-02,TPEX,8435,鉅邁,53.2,53.7,53.2,53.7,18401.0
2026-09-02,TPEX,8436,大江,115.0,115.0,113.0,114.0,750522.0
2026-09-02,TPEX,8437,大地-KY,9.1,9.2,9.1,9.19,29123.0
2026-09-02,TPEX,8440,綠電,20.2,20.2,20.0,20.15,51014.0
2026-09-02,TPEX,8444,綠河-KY,4.52,4.52,4.51,4.51,7000.0
2026-09-02,TPEX,8446,華研,85.2,85.3,84.8,85.2,36057.0
2026-09-02,TPEX,8450,霹靂,14.5,14.65,14.5,14.65,3958.0
2026-09-02,TPEX,8455,大拓-KY,23.7,23.7,23.0,23.6,4000.0
2026-09-02,TPEX,8472,夠麻吉,67.5,67.8,67.5,67.7,7000.0
2026-09-02,TPEX,8477,創業家,15.3,15.3,15.3,15.3,5139.0
2026-09-02,TPEX,8489,三貝德,22.05,22.1,21.8,21.8,60534.0
2026-09-02,TPEX,8905,裕國,34.0,34.0,34.0,34.0,19265.0
2026-09-02,TPEX,8906,花王,28.65,28.7,28.65,28.65,10450.0
2026-09-02,TPEX,8908,欣雄,40.85,41.9,40.7,41.4,129964.0
2026-09-02,TPEX,8916,光隆,41.2,41.3,40.8,41.0,75714.0
2026-09-02,TPEX,8917,欣泰,,,,,150.0
2026-09-02,TPEX,8921,沈氏,,,,,420.0
2026-09-02,TPEX,8923,時報,,,,,1.0
2026-09-02,TPEX,8924,大田,50.3,50.4,50.0,50.2,91737.0
2026-09-02,TPEX,8927,北基,19.8,19.8,19.45,19.55,46920.0
2026-09-02,TPEX,8928,鉅明,24.3,24.65,24.25,24.45,32763.0
2026-09-02,TPEX,8929,富堡,13.2,13.2,13.05,13.05,6209.0
2026-09-02,TPEX,8930,青鋼,30.0,30.0,29.9,30.0,25143.0
2026-09-02,TPEX,8931,大汽電,41.35,41.5,41.0,41.2,48852.0
2026-09-02,TPEX,8932,智通*,93.0,93.0,90.3,90.8,1676856.0
2026-09-02,TPEX,8933,愛地雅,4.7,4.7,4.6,4.68,77231.0
2026-09-02,TPEX,8935,邦泰,18.05,18.1,17.8,18.1,188715.0
2026-09-02,TPEX,8936,國統,51.0,51.0,50.6,50.9,549309.0
2026-09-02,TPEX,8937,合騏*,28.55,29.6,28.55,29.6,803987.0
2026-09-02,TPEX,8938,明安,50.6,50.9,50.5,50.9,83654.0
2026-09-02,TPEX,8941,關中,44.0,44.0,44.0,44.0,1003.0
2026-09-02,TPEX,8942,森鉅,42.15,42.15,41.65,42.0,112844.0
2026-09-02,TPEX,9949,琉園,24.1,24.1,24.05,24.05,9460.0
2026-09-02,TPEX,9950,萬國通,10.35,10.35,10.25,10.25,46000.0
2026-09-02,TPEX,9951,皇田,54.7,54.7,54.2,54.3,216528.0
2026-09-02,TPEX,9960,邁達康,30.1,30.1,30.1,30.1,1011.0
2026-09-02,TPEX,9962,有益,10.3,10.35,10.25,10.3,51345.0
