date,market,stock_id,name,open,high,low,close,volume
2026-09-01,TWSE,1101,台泥,24.3,24.45,24.05,24.4,557094159.0
2026-09-01,TWSE,1102,亞泥,34.4,34.7,34.3,34.55,7813854.0
2026-09-01,TWSE,1103,嘉泥,13.2,13.2,13.1,13.2,344564.0
2026-09-01,TWSE,1104,環泥,26.45,26.8,26.45,26.65,8828367.0
2026-09-01,TWSE,1108,幸福,11.75,11.75,11.65,11.7,136398.0
2026-09-01,TWSE,1109,信大,13.5,13.6,13.4,13.45,108642.0
2026-09-01,TWSE,1110,東泥,15.85,15.95,15.8,15.95,304034.0
2026-09-01,TWSE,1201,味全,12.25,12.3,12.15,12.25,372064.0
2026-09-01,TWSE,1203,味王,44.65,44.65,44.1,44.1,20593.0
2026-09-01,TWSE,1210,大成,52.1,52.2,51.4,51.4,2190061.0
2026-09-01,TWSE,1213,大飲,7.7,7.7,7.31,7.31,4243.0
2026-09-01,TWSE,1215,卜蜂,109.0,109.5,107.0,107.5,1093819.0
2026-09-01,TWSE,1216,統一,75.7,76.2,75.1,76.2,14437589.0
2026-09-01,TWSE,1217,愛之味,10.05,10.05,9.93,9.99,320156.0
2026-09-01,TWSE,1218,泰山,14.5,14.65,14.45,14.5,1093224.0
2026-09-01,TWSE,1219,福壽,11.35,11.55,11.35,11.45,173330.0
2026-09-01,TWSE,1220,台榮,10.9,10.9,10.75,10.75,215591.0
2026-09-01,TWSE,1225,福懋油,25.25,25.75,25.25,25.7,56130.0
2026-09-01,TWSE,1227,佳格,28.65,28.85,28.4,28.85,1522322.0
2026-09-01,TWSE,1229,聯華,42.0,42.25,41.8,41.8,1529519.0
2026-09-01,TWSE,1231,聯華食,80.6,80.9,80.4,80.5,203528.0
2026-09-01,TWSE,1232,大統益,156.5,157.5,156.5,157.0,104076.0
2026-09-01,TWSE,1233,天仁,29.0,29.0,28.25,28.35,37106.0
2026-09-01,TWSE,1234,黑松,33.2,33.25,33.1,33.2,97933.0
2026-09-01,TWSE,1235,興泰,36.45,37.0,36.1,36.85,10001.0
2026-09-01,TWSE,1236,宏亞,25.55,25.7,25.4,25.7,64996.0
2026-09-01,TWSE,1256,鮮活果汁-KY,193.5,195.5,181.0,181.5,291982.0
2026-09-01,TWSE,1301,台塑,61.9,66.2,61.9,66.2,63377699.0
2026-09-01,TWSE,1303,南亞,224.0,242.5,223.5,242.5,173676393.0
2026-09-01,TWSE,1304,台聚,12.05,12.65,12.0,12.65,5160314.0
2026-09-01,TWSE,1305,華夏,12.1,12.55,12.0,12.55,2590927.0
2026-09-01,TWSE,1307,三芳,30.6,31.0,30.55,30.55,482592.0
2026-09-01,TWSE,1308,亞聚,14.0,14.5,13.95,14.4,3610790.0
2026-09-01,TWSE,1309,台達化,13.0,13.65,13.0,13.45,3118815.0
2026-09-01,TWSE,1310,台苯,8.43,8.75,8.37,8.75,3873860.0
2026-09-01,TWSE,1312,國喬,14.2,15.55,14.15,15.55,108410961.0
2026-09-01,TWSE,1313,聯成,11.85,12.25,11.85,12.15,3723524.0
2026-09-01,TWSE,1314,中石化,8.02,8.29,8.0,8.18,23245945.0
2026-09-01,TWSE,1315,達新,65.4,66.5,65.2,66.0,49112.0
2026-09-01,TWSE,1316,上曜,10.95,11.05,10.75,10.95,2944664.0
2026-09-01,TWSE,1319,東陽,82.0,82.9,81.7,82.6,1270226.0
2026-09-01,TWSE,1321,大洋,33.05,33.2,32.1,32.25,224170.0
2026-09-01,TWSE,1323,永裕,21.5,21.5,21.2,21.35,23170.0
2026-09-01,TWSE,1324,地球,10.25,10.25,10.1,10.1,14699.0
2026-09-01,TWSE,1325,恆大,26.05,26.25,25.95,26.05,103084.0
2026-09-01,TWSE,1326,台化,62.0,68.3,61.9,68.3,71396602.0
2026-09-01,TWSE,1337,再生-KY,4.67,4.68,4.59,4.63,309868.0
2026-09-01,TWSE,1338,廣華-KY,14.1,14.5,14.1,14.5,80780.0
2026-09-01,TWSE,1339,昭輝,43.5,43.5,42.8,42.8,63250.0
2026-09-01,TWSE,1340,勝悅-KY,5.21,5.26,5.18,5.25,73629.0
2026-09-01,TWSE,1341,富林-KY,58.9,59.8,58.2,59.8,9095.0
2026-09-01,TWSE,1342,八貫,103.0,104.0,103.0,103.5,99104.0
2026-09-01,TWSE,1402,遠東新,28.1,28.6,27.9,28.35,16991506.0
2026-09-01,TWSE,1409,新纖,24.05,24.65,23.7,24.6,11610980.0
2026-09-01,TWSE,1410,南染,24.5,24.55,24.15,24.3,140062.0
2026-09-01,TWSE,1413,宏洲,9.1,9.3,9.1,9.3,13518.0
2026-09-01,TWSE,1414,東和,19.4,19.4,19.05,19.4,234942.0
2026-09-01,TWSE,1416,廣豐,11.75,11.9,11.7,11.8,89935.0
2026-09-01,TWSE,1417,嘉裕,8.31,8.35,8.23,8.32,183823.0
2026-09-01,TWSE,1418,東華,17.6,17.8,17.6,17.75,14253.0
2026-09-01,TWSE,1419,新紡,66.4,66.4,65.7,65.7,54185.0
2026-09-01,TWSE,1423,利華,34.1,35.4,34.1,35.4,7461.0
2026-09-01,TWSE,1432,大魯閣,15.05,15.15,15.0,15.0,69753.0
2026-09-01,TWSE,1434,福懋,17.8,18.15,17.7,18.15,1823020.0
2026-09-01,TWSE,1435,中福,21.3,21.9,21.15,21.6,13552.0
2026-09-01,TWSE,1436,華友聯,38.55,38.6,38.0,38.45,86562.0
2026-09-01,TWSE,1437,勤益控,31.65,32.15,31.4,32.0,180446.0
2026-09-01,TWSE,1438,三地開發,22.15,22.4,22.1,22.4,29605.0
2026-09-01,TWSE,1439,雋揚,28.55,29.4,28.55,29.2,17177.0
2026-09-01,TWSE,1440,南紡,13.8,14.0,13.55,13.9,3049823.0
2026-09-01,TWSE,1441,大東,8.96,9.02,8.82,8.82,12791.0
2026-09-01,TWSE,1442,名軒,29.8,29.8,29.25,29.3,217188.0
2026-09-01,TWSE,1443,立益物流,24.5,24.5,24.3,24.35,11071.0
2026-09-01,TWSE,1444,力麗,7.17,7.17,7.08,7.09,1123537.0
2026-09-01,TWSE,1445,大宇,10.35,10.45,10.15,10.15,33047.0
2026-09-01,TWSE,1446,宏和,13.65,13.7,13.55,13.6,94309.0
2026-09-01,TWSE,1447,力鵬,6.88,6.88,6.77,6.84,787268.0
2026-09-01,TWSE,1449,佳和,12.35,12.45,12.25,12.45,216923.0
2026-09-01,TWSE,1451,年興,17.25,17.35,17.2,17.35,127385.0
2026-09-01,TWSE,1452,宏益,11.35,11.45,11.2,11.45,68199.0
2026-09-01,TWSE,1453,大將,11.05,11.3,11.0,11.2,51882.0
2026-09-01,TWSE,1454,台富,12.5,12.5,12.2,12.25,31206.0
2026-09-01,TWSE,1455,集盛,10.0,10.1,9.95,10.0,845296.0
2026-09-01,TWSE,1456,怡華,13.6,14.4,13.45,13.9,146279.0
2026-09-01,TWSE,1457,宜進,14.35,14.35,14.25,14.35,64791.0
2026-09-01,TWSE,1459,聯發,15.2,15.85,15.2,15.5,137637.0
2026-09-01,TWSE,1460,宏遠,6.62,6.62,6.56,6.6,207297.0
2026-09-01,TWSE,1463,強盛新,17.5,17.55,17.25,17.3,41219.0
2026-09-01,TWSE,1464,得力,10.15,10.2,10.05,10.15,262581.0
2026-09-01,TWSE,1465,偉全,11.95,12.1,11.85,12.05,219640.0
2026-09-01,TWSE,1466,聚隆,16.05,16.05,15.65,15.95,215671.0
2026-09-01,TWSE,1467,南緯,8.33,8.63,8.26,8.38,254720.0
2026-09-01,TWSE,1468,昶和,13.1,13.2,12.8,13.15,70000.0
2026-09-01,TWSE,1470,大統新創,23.75,24.05,23.45,24.05,7983.0
2026-09-01,TWSE,1471,首利,9.96,9.96,9.8,9.83,225209.0
2026-09-01,TWSE,1472,三洋實業,88.5,90.0,87.5,90.0,49311.0
2026-09-01,TWSE,1473,台南,20.05,20.05,19.8,20.0,36227.0
2026-09-01,TWSE,1474,弘裕,10.0,10.1,9.92,10.0,95259.0
2026-09-01,TWSE,1475,業旺,26.25,26.45,25.7,26.2,29003.0
2026-09-01,TWSE,1476,儒鴻,310.0,311.5,307.0,309.0,1016869.0
2026-09-01,TWSE,1477,聚陽,195.5,197.0,192.5,194.5,1702337.0
2026-09-01,TWSE,1503,士電,203.5,203.5,198.0,200.0,1976078.0
2026-09-01,TWSE,1504,東元,72.4,72.6,71.3,72.5,4705660.0
2026-09-01,TWSE,1506,正道,10.15,10.15,10.05,10.1,64071.0
2026-09-01,TWSE,1512,瑞利,6.27,6.58,6.27,6.37,49683.0
2026-09-01,TWSE,1513,中興電,167.5,168.0,163.0,164.0,3494872.0
2026-09-01,TWSE,1514,亞力,104.0,104.5,101.0,102.0,1632842.0
2026-09-01,TWSE,1515,力山,34.25,34.35,33.1,33.4,1848063.0
2026-09-01,TWSE,1516,川飛,14.5,14.6,14.5,14.6,9140.0
2026-09-01,TWSE,1517,利奇,11.15,11.25,11.15,11.25,116825.0
2026-09-01,TWSE,1519,華城,755.0,755.0,725.0,729.0,2499431.0
2026-09-01,TWSE,1521,大億,25.75,25.95,25.7,25.95,12111.0
2026-09-01,TWSE,1522,堤維西,28.0,28.05,27.75,28.0,238077.0
2026-09-01,TWSE,1524,耿鼎,27.5,27.6,27.25,27.35,186054.0
2026-09-01,TWSE,1525,江申,66.0,67.8,65.5,67.7,21004.0
2026-09-01,TWSE,1526,日馳,16.5,16.5,16.05,16.3,238513.0
2026-09-01,TWSE,1527,鑽全,32.5,32.7,32.5,32.7,70077.0
2026-09-01,TWSE,1528,恩德,19.65,19.75,19.15,19.3,623962.0
2026-09-01,TWSE,1529,樂事綠能,17.6,17.8,16.95,17.1,425849.0
2026-09-01,TWSE,1530,亞崴,29.3,29.5,28.65,28.7,22889.0
2026-09-01,TWSE,1531,高林股,12.7,12.8,11.95,12.1,925839.0
2026-09-01,TWSE,1532,勤美,22.8,23.0,22.75,23.0,181470.0
2026-09-01,TWSE,1533,車王電,32.0,32.1,31.15,31.2,192540.0
2026-09-01,TWSE,1535,中宇,45.95,46.0,45.5,45.8,54845.0
2026-09-01,TWSE,1536,和大,50.0,50.1,49.4,49.6,862353.0
2026-09-01,TWSE,1537,廣隆,118.5,119.0,118.5,118.5,119980.0
2026-09-01,TWSE,1538,正峰,,,,,1.0
2026-09-01,TWSE,1539,巨庭,15.8,15.8,15.55,15.6,23003.0
2026-09-01,TWSE,1540,喬福,19.5,19.5,19.35,19.5,84908.0
2026-09-01,TWSE,1541,錩泰,22.25,22.25,21.4,21.7,17035.0
2026-09-01,TWSE,1558,伸興,102.0,103.5,102.0,103.5,90309.0
2026-09-01,TWSE,1560,中砂,685.0,687.0,663.0,683.0,943741.0
2026-09-01,TWSE,1568,倉佑,29.1,29.1,28.4,28.7,153083.0
2026-09-01,TWSE,1582,信錦,76.7,77.2,76.1,76.5,670008.0
2026-09-01,TWSE,1583,程泰,48.35,48.35,48.0,48.05,31453.0
2026-09-01,TWSE,1587,吉茂,24.3,24.6,24.0,24.25,131556.0
2026-09-01,TWSE,1590,亞德客-KY,1385.0,1430.0,1365.0,1425.0,625352.0
2026-09-01,TWSE,1597,直得,148.5,153.0,137.0,138.5,4283166.0
2026-09-01,TWSE,1598,岱宇,20.7,20.7,20.25,20.25,118434.0
2026-09-01,TWSE,1603,華電,30.7,30.9,30.35,30.55,200932.0
2026-09-01,TWSE,1604,聲寶,23.15,23.25,23.05,23.25,236872.0
2026-09-01,TWSE,1605,華新,38.8,39.2,38.25,39.2,22240545.0
2026-09-01,TWSE,1608,華榮,37.55,37.95,36.95,37.7,3262509.0
2026-09-01,TWSE,1609,大亞,38.0,38.0,37.35,37.6,2784988.0
2026-09-01,TWSE,1611,中電,11.9,11.95,11.8,11.95,460869.0
2026-09-01,TWSE,1612,宏泰,35.2,35.2,34.85,35.1,380863.0
2026-09-01,TWSE,1614,三洋電,30.65,30.8,30.55,30.6,44537.0
2026-09-01,TWSE,1615,大山,44.05,44.35,43.95,44.05,98153.0
2026-09-01,TWSE,1616,億泰,19.5,19.75,19.4,19.55,183486.0
2026-09-01,TWSE,1617,榮星,17.55,17.9,17.25,17.85,359233.0
2026-09-01,TWSE,1618,合機,40.6,40.6,39.95,40.1,336020.0
2026-09-01,TWSE,1623,大東電,201.5,202.5,200.0,202.5,51728.0
2026-09-01,TWSE,1626,艾美特-KY,9.65,9.74,9.59,9.74,52661.0
2026-09-01,TWSE,1702,南僑,32.9,32.9,32.6,32.75,113796.0
2026-09-01,TWSE,1707,葡萄王,89.3,90.2,88.8,89.4,3701698.0
2026-09-01,TWSE,1708,東鹼,50.9,52.2,50.2,50.6,2605522.0
2026-09-01,TWSE,1709,和益,35.85,36.25,33.35,33.45,12716527.0
2026-09-01,TWSE,1710,東聯,15.85,16.55,15.75,16.35,6149644.0
2026-09-01,TWSE,1711,永光,43.9,44.65,43.05,43.35,5378570.0
2026-09-01,TWSE,1712,興農,39.8,40.05,39.5,39.95,9180588.0
2026-09-01,TWSE,1713,國化,44.2,44.3,43.8,44.15,100906.0
2026-09-01,TWSE,1714,和桐,16.55,16.95,16.55,16.9,9957194.0
2026-09-01,TWSE,1717,長興,77.6,84.5,76.4,82.5,53441718.0
2026-09-01,TWSE,1718,中纖,10.7,10.95,10.6,10.9,13572483.0
2026-09-01,TWSE,1720,生達,56.5,56.8,56.2,56.7,176835.0
2026-09-01,TWSE,1721,三晃,20.3,20.9,19.45,20.55,632784.0
2026-09-01,TWSE,1722,台肥,44.9,44.9,44.5,44.55,3737996.0
2026-09-01,TWSE,1723,中碳,86.6,87.5,86.0,86.1,310642.0
2026-09-01,TWSE,1725,元禎,31.8,31.8,31.0,31.3,20177.0
2026-09-01,TWSE,1726,永記,76.9,77.5,76.9,77.5,34315.0
2026-09-01,TWSE,1727,中華化,98.1,106.0,97.3,99.9,10204032.0
2026-09-01,TWSE,1730,花仙子,51.7,51.7,51.5,51.5,41789.0
2026-09-01,TWSE,1731,美吾華,21.05,21.05,20.85,20.9,35584.0
2026-09-01,TWSE,1732,毛寶,26.5,26.5,26.4,26.45,98517.0
2026-09-01,TWSE,1733,五鼎,31.85,32.1,31.65,31.95,158797.0
2026-09-01,TWSE,1734,杏輝,30.7,30.8,30.6,30.65,147449.0
2026-09-01,TWSE,1735,日勝化,20.6,20.9,20.6,20.65,52662.0
2026-09-01,TWSE,1736,喬山,125.5,129.0,125.5,126.0,255767.0
2026-09-01,TWSE,1737,臺鹽,30.75,30.8,30.7,30.7,189653.0
2026-09-01,TWSE,1752,南光,32.0,32.0,31.6,31.9,30321.0
2026-09-01,TWSE,1760,寶齡富錦,58.2,58.2,57.8,58.0,113827.0
2026-09-01,TWSE,1762,中化生,35.35,35.95,35.15,35.9,75670.0
2026-09-01,TWSE,1773,勝一,159.5,166.0,158.0,164.0,869625.0
2026-09-01,TWSE,1776,展宇,17.1,17.2,17.05,17.1,29080.0
2026-09-01,TWSE,1783,和康生,41.5,41.5,40.6,41.35,152813.0
2026-09-01,TWSE,1786,科妍,48.8,48.8,47.55,47.75,377064.0
2026-09-01,TWSE,1789,神隆,18.95,19.35,18.9,19.0,316807.0
2026-09-01,TWSE,1795,美時,188.5,190.0,186.0,186.0,981268.0
2026-09-01,TWSE,1802,台玻,60.1,61.2,59.5,60.8,28751184.0
2026-09-01,TWSE,1805,寶徠,10.25,10.25,10.1,10.1,51441.0
2026-09-01,TWSE,1806,冠軍,8.02,8.02,7.96,8.01,200034.0
2026-09-01,TWSE,1808,潤隆,34.65,35.0,33.95,34.1,2545863.0
2026-09-01,TWSE,1809,中釉,39.25,39.5,38.4,39.0,920277.0
2026-09-01,TWSE,1810,和成,25.0,25.2,24.8,24.9,2878595.0
2026-09-01,TWSE,1817,凱撒衛,40.45,40.45,40.05,40.1,46522.0
2026-09-01,TWSE,1903,士紙,48.0,48.0,47.5,47.8,108785.0
2026-09-01,TWSE,1904,正隆,25.1,25.4,24.85,25.2,2404976.0
2026-09-01,TWSE,1905,華紙,13.65,13.8,13.5,13.7,1997603.0
2026-09-01,TWSE,1906,寶隆,11.25,11.4,11.25,11.35,25732.0
2026-09-01,TWSE,1907,永豐餘,29.9,30.3,29.85,29.85,1107835.0
2026-09-01,TWSE,1909,榮成,10.75,11.3,10.75,11.1,4407261.0
2026-09-01,TWSE,2002,中鋼,19.0,19.05,18.9,18.95,33828536.0
2026-09-01,TWSE,2006,東和鋼鐵,80.5,80.8,79.5,80.8,2299980.0
2026-09-01,TWSE,2007,燁興,7.0,7.0,6.93,6.99,209311.0
2026-09-01,TWSE,2008,高興昌,30.55,30.6,30.5,30.55,8026.0
2026-09-01,TWSE,2009,第一銅,41.25,41.4,40.2,40.85,1510620.0
2026-09-01,TWSE,2010,春源,22.7,22.8,22.55,22.7,521306.0
2026-09-01,TWSE,2012,春雨,14.55,14.65,14.45,14.6,97510.0
2026-09-01,TWSE,2013,中鋼構,41.7,41.8,41.35,41.45,55638.0
2026-09-01,TWSE,2014,中鴻,17.05,17.1,16.95,17.05,1672219.0
2026-09-01,TWSE,2015,豐興,64.5,64.5,63.8,63.8,170547.0
2026-09-01,TWSE,2017,官田鋼,9.2,9.32,9.1,9.13,638463.0
2026-09-01,TWSE,2020,美亞,21.75,21.9,21.7,21.8,110322.0
2026-09-01,TWSE,2022,聚亨,7.65,7.66,7.57,7.58,207574.0
2026-09-01,TWSE,2023,燁輝,13.65,14.15,13.6,14.15,2234947.0
2026-09-01,TWSE,2024,志聯,13.4,13.4,13.2,13.25,12782.0
2026-09-01,TWSE,2025,千興,13.05,13.05,12.6,12.8,723642.0
2026-09-01,TWSE,2027,大成鋼,48.4,49.45,47.85,48.8,16409254.0
2026-09-01,TWSE,2028,威致,15.85,15.85,15.65,15.7,75618.0
2026-09-01,TWSE,2029,盛餘,22.0,22.2,21.9,21.95,131657.0
2026-09-01,TWSE,2030,彰源,23.05,23.1,22.55,22.65,1683487.0
2026-09-01,TWSE,2031,新光鋼,45.3,45.6,44.8,45.0,715715.0
2026-09-01,TWSE,2032,新鋼,17.15,17.25,17.05,17.25,230291.0
2026-09-01,TWSE,2033,佳大,28.0,28.2,25.95,26.0,4341648.0
2026-09-01,TWSE,2034,允強,20.55,20.7,20.4,20.55,901332.0
2026-09-01,TWSE,2038,海光,12.8,12.95,12.75,12.95,119199.0
2026-09-01,TWSE,2049,上銀,350.0,351.0,340.0,350.0,2579042.0
2026-09-01,TWSE,2059,川湖,14250.0,14310.0,13850.0,14180.0,982861.0
2026-09-01,TWSE,2062,橋椿,19.2,19.2,19.0,19.05,97988.0
2026-09-01,TWSE,2069,運錩,21.3,21.85,21.15,21.2,502175.0
2026-09-01,TWSE,2072,世紀風電,144.0,144.0,141.0,141.5,249011.0
2026-09-01,TWSE,2101,南港,31.7,31.7,31.2,31.25,2022474.0
2026-09-01,TWSE,2102,泰豐,18.45,18.55,18.4,18.5,168374.0
2026-09-01,TWSE,2103,台橡,28.3,28.55,28.05,28.4,2912222.0
2026-09-01,TWSE,2104,國際中橡,10.2,10.55,10.2,10.45,2234428.0
2026-09-01,TWSE,2105,正新,30.55,30.9,30.35,30.9,4564661.0
2026-09-01,TWSE,2106,建大,16.9,17.25,16.8,17.1,15574243.0
2026-09-01,TWSE,2107,厚生,26.6,27.05,26.55,26.9,200725.0
2026-09-01,TWSE,2108,南帝,30.45,30.85,30.1,30.5,579233.0
2026-09-01,TWSE,2109,華豐,14.8,14.85,14.75,14.8,83142.0
2026-09-01,TWSE,2114,鑫永銓,89.0,89.6,88.8,89.3,30252.0
2026-09-01,TWSE,2115,六暉-KY,23.9,23.95,23.8,23.9,24032.0
2026-09-01,TWSE,2201,裕隆,28.4,29.8,28.2,29.75,7296247.0
2026-09-01,TWSE,2204,中華,53.4,54.0,53.0,54.0,556635.0
2026-09-01,TWSE,2206,三陽工業,62.8,63.2,62.3,63.1,803313.0
2026-09-01,TWSE,2207,和泰車,521.0,521.0,512.0,513.0,769650.0
2026-09-01,TWSE,2208,台船,19.35,19.4,19.15,19.3,1708388.0
2026-09-01,TWSE,2211,長榮鋼,83.1,83.5,82.6,82.6,331615.0
2026-09-01,TWSE,2227,裕日車,47.8,47.8,47.2,47.4,40623.0
2026-09-01,TWSE,2228,劍麟,74.6,75.3,74.4,74.9,95139.0
2026-09-01,TWSE,2231,為升,92.9,92.9,91.1,91.3,153166.0
2026-09-01,TWSE,2233,宇隆,171.0,171.0,167.5,171.0,459055.0
2026-09-01,TWSE,2236,百達-KY,121.5,121.5,118.0,121.5,225994.0
2026-09-01,TWSE,2237,華德動能-創,28.1,28.1,27.8,27.9,111913.0
2026-09-01,TWSE,2239,英利-KY,20.05,20.05,19.65,19.85,47360.0
2026-09-01,TWSE,2241,艾姆勒,34.2,35.2,34.0,34.6,277572.0
2026-09-01,TWSE,2243,宏旭-KY,41.5,42.6,41.0,42.0,124540.0
2026-09-01,TWSE,2247,汎德永業,230.5,231.0,227.5,230.5,35396.0
2026-09-01,TWSE,2248,華勝-KY,63.3,63.3,61.7,62.6,35964.0
2026-09-01,TWSE,2250,IKKA-KY,58.6,59.7,58.4,58.7,57350.0
2026-09-01,TWSE,2254,巨鎧精密-創,61.6,62.7,61.0,61.5,901021.0
2026-09-01,TWSE,2258,鴻華先進-創,31.4,31.4,31.0,31.1,369504.0
2026-09-01,TWSE,2301,光寶科,311.0,314.5,304.0,305.0,26246499.0
2026-09-01,TWSE,2302,麗正,43.45,45.2,42.7,44.15,2670162.0
2026-09-01,TWSE,2303,聯電,126.5,129.0,124.0,129.0,217807917.0
2026-09-01,TWSE,2305,全友,29.0,31.9,28.75,30.05,10290983.0
2026-09-01,TWSE,2308,台達電,1785.0,1840.0,1775.0,1840.0,8899747.0
2026-09-01,TWSE,2312,金寶,31.8,32.45,31.45,32.35,10260531.0
2026-09-01,TWSE,2313,華通,240.0,257.5,238.5,248.5,67617167.0
2026-09-01,TWSE,2314,台揚,11.6,11.7,11.5,11.5,35890.0
2026-09-01,TWSE,2316,楠梓電,162.0,166.0,158.0,159.5,1830219.0
2026-09-01,TWSE,2317,鴻海,249.5,251.0,246.0,250.0,35223300.0
2026-09-01,TWSE,2321,東訊,13.85,15.0,13.85,14.95,42529.0
2026-09-01,TWSE,2323,中環,10.95,11.0,10.8,10.95,2535189.0
2026-09-01,TWSE,2324,仁寶,39.55,40.55,39.3,40.35,54595810.0
2026-09-01,TWSE,2327,國巨*,580.0,590.0,538.0,545.0,71750955.0
2026-09-01,TWSE,2328,廣宇,46.2,47.1,46.1,46.8,1353486.0
2026-09-01,TWSE,2329,華泰,43.6,43.8,42.8,43.5,2294738.0
2026-09-01,TWSE,2330,台積電,2395.0,2405.0,2375.0,2405.0,32792740.0
2026-09-01,TWSE,2331,精英,19.5,19.9,19.45,19.6,830398.0
2026-09-01,TWSE,2332,友訊,20.05,20.5,19.9,19.9,12241075.0
2026-09-01,TWSE,2337,旺宏,124.0,127.5,122.5,126.0,35996291.0
2026-09-01,TWSE,2338,光罩,40.15,40.15,38.5,39.05,1715895.0
2026-09-01,TWSE,2340,台亞,33.7,33.9,32.7,33.6,2840791.0
2026-09-01,TWSE,2342,茂矽,40.15,40.3,39.45,40.15,1166876.0
2026-09-01,TWSE,2344,華邦電,179.5,186.0,176.0,182.5,398679210.0
2026-09-01,TWSE,2345,智邦,2085.0,2085.0,1950.0,2035.0,4484579.0
2026-09-01,TWSE,2347,聯強,86.1,87.0,85.1,87.0,3095127.0
2026-09-01,TWSE,2348,海悅,71.5,72.0,70.6,70.6,245765.0
2026-09-01,TWSE,2349,錸德,11.1,11.15,10.9,11.1,1423804.0
2026-09-01,TWSE,2351,順德,232.5,239.5,222.5,232.5,5565662.0
2026-09-01,TWSE,2352,佳世達,28.1,28.4,27.85,28.35,4458726.0
2026-09-01,TWSE,2353,宏碁,30.8,31.5,30.55,31.5,11097480.0
2026-09-01,TWSE,2354,鴻準,63.0,65.1,62.6,64.7,14111640.0
2026-09-01,TWSE,2355,敬鵬,43.9,45.2,43.65,43.9,1704254.0
2026-09-01,TWSE,2356,英業達,64.7,67.5,63.8,66.7,21537788.0
2026-09-01,TWSE,2357,華碩,962.0,1005.0,951.0,999.0,5187639.0
2026-09-01,TWSE,2359,所羅門,146.0,147.5,142.5,144.5,3235770.0
2026-09-01,TWSE,2360,致茂,1970.0,1990.0,1905.0,1960.0,2334427.0
2026-09-01,TWSE,2362,藍天,47.2,48.3,47.2,47.75,811000.0
2026-09-01,TWSE,2363,矽統,50.6,51.3,50.4,51.1,3164672.0
2026-09-01,TWSE,2364,倫飛,65.6,67.1,65.0,66.0,481805.0
2026-09-01,TWSE,2365,昆盈,29.8,29.9,29.4,29.5,556347.0
2026-09-01,TWSE,2367,燿華,44.55,45.7,43.9,44.45,6123892.0
2026-09-01,TWSE,2368,金像電,1200.0,1240.0,1140.0,1165.0,20981904.0
2026-09-01,TWSE,2369,菱生,31.6,31.7,30.95,31.25,5092594.0
2026-09-01,TWSE,2371,大同,28.2,28.6,28.0,28.05,8630372.0
2026-09-01,TWSE,2373,震旦行,53.1,53.2,53.1,53.1,36591.0
2026-09-01,TWSE,2374,佳能,68.5,69.6,68.3,68.7,1909597.0
2026-09-01,TWSE,2375,凱美,130.5,135.5,123.0,127.0,5263981.0
2026-09-01,TWSE,2376,技嘉,348.0,358.0,345.5,358.0,6432000.0
2026-09-01,TWSE,2377,微星,145.5,155.0,145.0,155.0,17731986.0
2026-09-01,TWSE,2379,瑞昱,724.0,724.0,709.0,721.0,3002274.0
2026-09-01,TWSE,2380,虹光,18.95,19.05,18.6,19.05,52395.0
2026-09-01,TWSE,2382,廣達,329.5,338.5,326.0,338.5,18306869.0
2026-09-01,TWSE,2383,台光電,5300.0,5500.0,5300.0,5485.0,1999204.0
2026-09-01,TWSE,2385,群光,107.5,107.5,105.5,106.5,4667984.0
2026-09-01,TWSE,2387,精元,36.85,36.9,36.45,36.6,159160.0
2026-09-01,TWSE,2388,威盛,72.9,73.5,71.5,72.7,1997572.0
2026-09-01,TWSE,2390,云辰,10.5,10.5,10.3,10.4,398180.0
2026-09-01,TWSE,2392,正崴,44.35,45.85,43.7,45.0,14226070.0
2026-09-01,TWSE,2393,億光,66.0,66.1,65.0,66.1,2325359.0
2026-09-01,TWSE,2395,研華,664.0,677.0,656.0,677.0,3307652.0
2026-09-01,TWSE,2397,友通,61.6,63.0,61.3,63.0,184514.0
2026-09-01,TWSE,2399,映泰,46.65,47.05,45.1,45.6,3236845.0
2026-09-01,TWSE,2401,凌陽,25.65,25.65,25.15,25.25,1911228.0
2026-09-01,TWSE,2402,毅嘉,56.6,61.0,56.5,59.7,7201865.0
2026-09-01,TWSE,2404,漢唐,1065.0,1065.0,1035.0,1060.0,1469391.0
2026-09-01,TWSE,2405,輔信,15.4,15.55,15.25,15.35,761774.0
2026-09-01,TWSE,2406,國碩,28.5,28.75,27.85,28.05,3132529.0
2026-09-01,TWSE,2408,南亞科,546.0,558.0,531.0,543.0,191074130.0
2026-09-01,TWSE,2409,友達,25.75,26.65,25.4,26.65,162039205.0
2026-09-01,TWSE,2412,中華電,136.0,136.0,135.0,136.0,15450910.0
2026-09-01,TWSE,2413,環科,43.8,44.4,43.05,43.2,348305.0
2026-09-01,TWSE,2414,精技,51.9,52.1,51.6,51.8,117499.0
2026-09-01,TWSE,2415,錩新,28.9,29.35,28.65,28.95,152858.0
2026-09-01,TWSE,2417,圓剛,44.15,44.25,43.15,43.75,340463.0
2026-09-01,TWSE,2419,仲琦,25.15,25.45,24.9,25.1,318240.0
2026-09-01,TWSE,2420,新巨,55.2,55.2,54.1,54.5,300417.0
2026-09-01,TWSE,2421,建準,163.5,179.5,163.0,179.5,21013490.0
2026-09-01,TWSE,2423,固緯,73.7,74.3,73.0,73.7,67445.0
2026-09-01,TWSE,2424,隴華,8.1,8.29,7.68,8.01,29000.0
2026-09-01,TWSE,2425,承啟,38.3,38.4,37.4,37.4,773546.0
2026-09-01,TWSE,2426,鼎元,95.1,100.5,88.4,97.8,86618154.0
2026-09-01,TWSE,2427,三商電,22.65,22.8,22.25,22.35,202269.0
2026-09-01,TWSE,2428,興勤,260.0,266.0,250.0,252.0,2329729.0
2026-09-01,TWSE,2429,銘旺科,33.25,33.4,32.8,33.05,156721.0
2026-09-01,TWSE,2430,燦坤,17.7,17.8,17.65,17.8,18440.0
2026-09-01,TWSE,2431,聯昌,10.35,10.45,10.15,10.2,201994.0
2026-09-01,TWSE,2432,倚天酷碁-創,27.65,27.65,27.45,27.45,24284.0
2026-09-01,TWSE,2433,互盛電,41.55,41.55,41.4,41.5,18421.0
2026-09-01,TWSE,2434,統懋,58.1,62.0,57.0,62.0,2052954.0
2026-09-01,TWSE,2436,偉詮電,67.4,67.4,65.0,65.7,3754600.0
2026-09-01,TWSE,2438,翔耀,18.25,18.25,18.0,18.15,25485.0
2026-09-01,TWSE,2439,美律,78.5,79.3,77.8,78.8,1035146.0
2026-09-01,TWSE,2440,太空梭,14.4,14.4,14.0,14.25,235775.0
2026-09-01,TWSE,2441,超豐,117.0,117.0,113.0,115.5,4471896.0
2026-09-01,TWSE,2442,新美齊,19.4,19.4,19.25,19.3,1555072.0
2026-09-01,TWSE,2444,兆勁,10.9,11.1,10.9,11.0,90036.0
2026-09-01,TWSE,2449,京元電子,264.5,264.5,250.0,257.0,37673436.0
2026-09-01,TWSE,2450,神腦,28.3,28.3,28.05,28.1,90314.0
2026-09-01,TWSE,2451,創見,291.5,296.5,289.0,294.5,3132797.0
2026-09-01,TWSE,2453,凌群,52.1,52.3,52.0,52.3,136272.0
2026-09-01,TWSE,2454,聯發科,3885.0,3945.0,3820.0,3925.0,7222243.0
2026-09-01,TWSE,2455,全新,428.0,477.0,428.0,477.0,32356290.0
2026-09-01,TWSE,2457,飛宏,23.0,23.4,22.75,23.4,1264737.0
2026-09-01,TWSE,2458,義隆,138.5,138.5,135.0,135.5,1582845.0
2026-09-01,TWSE,2459,敦吉,67.3,67.3,66.6,66.9,30324.0
2026-09-01,TWSE,2460,建通,28.85,28.85,28.0,28.35,409768.0
2026-09-01,TWSE,2461,光群雷,18.95,18.95,18.4,18.6,596588.0
2026-09-01,TWSE,2462,良得電,20.15,20.65,19.8,20.55,351610.0
2026-09-01,TWSE,2464,盟立,185.0,187.0,175.0,180.0,15626012.0
2026-09-01,TWSE,2465,麗臺,93.6,96.8,93.1,94.0,2385753.0
2026-09-01,TWSE,2466,冠西電,105.5,106.0,99.0,99.0,1422163.0
2026-09-01,TWSE,2467,志聖,595.0,616.0,570.0,613.0,1360430.0
2026-09-01,TWSE,2468,華經,33.6,33.85,33.4,33.6,141472.0
2026-09-01,TWSE,2471,資通,49.8,50.5,49.8,50.5,167473.0
2026-09-01,TWSE,2472,立隆電,229.5,236.5,215.0,224.0,3198976.0
2026-09-01,TWSE,2474,可成,206.0,208.5,205.5,208.5,3772038.0
2026-09-01,TWSE,2476,鉅祥,124.5,126.0,122.5,125.5,1342005.0
2026-09-01,TWSE,2477,美隆電,20.7,22.75,20.2,21.9,1284510.0
2026-09-01,TWSE,2478,大毅,126.5,133.5,120.0,123.5,4271740.0
2026-09-01,TWSE,2480,敦陽科,156.5,157.0,155.0,157.0,111281.0
2026-09-01,TWSE,2481,強茂,150.5,155.5,146.5,151.0,22082974.0
2026-09-01,TWSE,2482,連宇,15.85,16.15,15.8,16.0,66322.0
2026-09-01,TWSE,2483,百容,36.0,36.65,34.75,35.2,1232235.0
2026-09-01,TWSE,2484,希華,75.5,76.2,73.6,74.0,6596000.0
2026-09-01,TWSE,2485,兆赫,42.0,44.05,42.0,42.75,3770926.0
2026-09-01,TWSE,2486,一詮,260.0,263.5,259.5,263.0,2420453.0
2026-09-01,TWSE,2488,漢平,48.1,48.5,48.1,48.5,57950.0
2026-09-01,TWSE,2489,瑞軒,40.0,44.2,40.0,42.2,89725408.0
2026-09-01,TWSE,2491,吉祥全,50.8,50.8,50.8,50.8,636975.0
2026-09-01,TWSE,2492,華新科,308.0,316.5,282.5,295.0,58056761.0
2026-09-01,TWSE,2493,揚博,178.0,183.0,173.5,179.5,1760283.0
2026-09-01,TWSE,2495,普安,38.0,38.8,37.85,38.35,809382.0
2026-09-01,TWSE,2496,卓越,55.0,55.0,54.5,54.5,12892.0
2026-09-01,TWSE,2497,怡利電,44.4,45.15,44.4,45.0,140201.0
2026-09-01,TWSE,2498,宏達電,40.65,40.9,40.15,40.2,3277335.0
2026-09-01,TWSE,2501,國建,22.5,22.6,22.3,22.35,1471352.0
2026-09-01,TWSE,2504,國產,31.7,31.75,31.2,31.2,1779787.0
2026-09-01,TWSE,2505,國揚,17.3,17.3,17.0,17.0,345234.0
2026-09-01,TWSE,2506,太設,8.55,8.57,8.48,8.56,187741.0
2026-09-01,TWSE,2509,全坤建,15.45,15.45,15.2,15.4,132456.0
2026-09-01,TWSE,2511,太子,8.32,8.32,8.24,8.3,938136.0
2026-09-01,TWSE,2514,龍邦,11.8,11.85,11.7,11.7,77282.0
2026-09-01,TWSE,2515,中工,11.95,12.05,11.95,12.05,5904713.0
2026-09-01,TWSE,2516,新建,14.15,14.2,14.0,14.0,56458.0
2026-09-01,TWSE,2520,冠德,35.3,36.45,34.95,36.45,2106475.0
2026-09-01,TWSE,2524,京城,35.15,35.15,34.4,34.75,57220.0
2026-09-01,TWSE,2527,宏璟,43.75,43.75,42.45,42.8,456830.0
2026-09-01,TWSE,2528,皇普,20.5,20.5,19.9,20.0,304655.0
2026-09-01,TWSE,2530,華建,19.2,19.25,18.75,18.8,8735399.0
2026-09-01,TWSE,2534,宏盛,17.55,17.6,17.2,17.4,308765.0
2026-09-01,TWSE,2535,達欣工,90.9,90.9,88.6,90.3,238531.0
2026-09-01,TWSE,2536,宏普,20.7,20.85,20.4,20.8,1994547.0
2026-09-01,TWSE,2537,聯上發,11.45,11.6,11.4,11.5,621400.0
2026-09-01,TWSE,2538,基泰,8.88,8.91,8.81,8.84,718665.0
2026-09-01,TWSE,2539,櫻花建,34.4,36.15,34.1,36.15,1664358.0
2026-09-01,TWSE,2540,愛山林,48.2,49.9,47.2,49.9,1644954.0
2026-09-01,TWSE,2542,興富發,46.9,47.15,46.5,46.65,5554761.0
2026-09-01,TWSE,2543,皇昌,38.35,39.8,38.05,39.8,1341149.0
2026-09-01,TWSE,2545,皇翔,34.95,34.95,34.1,34.25,228947.0
2026-09-01,TWSE,2546,根基,105.5,107.0,104.5,106.5,158068.0
2026-09-01,TWSE,2547,日勝生,10.0,10.0,9.95,9.96,2050633.0
2026-09-01,TWSE,2548,華固,94.5,94.5,92.9,92.9,1614841.0
2026-09-01,TWSE,2597,潤弘,172.0,172.0,169.0,171.0,170916.0
2026-09-01,TWSE,2601,益航,6.8,6.9,6.76,6.8,1899508.0
2026-09-01,TWSE,2603,長榮,234.0,234.5,230.5,233.5,10805315.0
2026-09-01,TWSE,2605,新興,35.3,35.65,34.95,35.35,8875293.0
2026-09-01,TWSE,2606,裕民,72.9,77.7,71.9,76.1,11442357.0
2026-09-01,TWSE,2607,榮運,52.3,52.7,51.7,52.7,1078477.0
2026-09-01,TWSE,2608,嘉里大榮,28.6,28.65,28.45,28.55,163585.0
2026-09-01,TWSE,2609,陽明,57.2,59.5,56.3,59.5,233814127.0
2026-09-01,TWSE,2610,華航,20.3,20.5,20.1,20.25,22214855.0
2026-09-01,TWSE,2611,志信,14.9,15.25,14.65,14.85,905556.0
2026-09-01,TWSE,2612,中航,60.6,63.0,59.6,60.5,1480479.0
2026-09-01,TWSE,2613,中櫃,22.9,23.5,22.65,22.7,893773.0
2026-09-01,TWSE,2614,東森,18.25,18.35,18.1,18.35,565533.0
2026-09-01,TWSE,2615,萬海,116.0,116.0,110.0,114.0,40434432.0
2026-09-01,TWSE,2616,山隆,13.45,13.45,13.35,13.45,54293.0
2026-09-01,TWSE,2617,台航,30.45,31.3,30.4,30.95,1052954.0
2026-09-01,TWSE,2618,長榮航,41.75,42.05,41.45,42.0,20960560.0
2026-09-01,TWSE,2630,亞航,50.6,52.0,50.6,51.3,1207163.0
2026-09-01,TWSE,2633,台灣高鐵,26.25,26.25,26.0,26.0,5270580.0
2026-09-01,TWSE,2634,漢翔,67.1,68.1,66.6,66.9,17759292.0
2026-09-01,TWSE,2636,台驊控股,69.2,70.0,68.8,68.8,757343.0
2026-09-01,TWSE,2637,慧洋-KY,92.9,94.5,91.0,94.1,4948732.0
2026-09-01,TWSE,2642,宅配通,20.55,20.6,20.4,20.5,30447.0
2026-09-01,TWSE,2645,長榮航太,172.5,175.5,171.5,173.0,1760829.0
2026-09-01,TWSE,2646,星宇航空,20.85,20.95,20.65,20.9,2859620.0
2026-09-01,TWSE,2701,萬企,10.6,10.65,10.55,10.65,77365.0
2026-09-01,TWSE,2702,華園,12.65,12.9,12.6,12.75,48518.0
2026-09-01,TWSE,2704,國賓,45.3,45.55,44.4,44.4,3950982.0
2026-09-01,TWSE,2705,六福,15.65,15.8,15.6,15.8,63667.0
2026-09-01,TWSE,2706,第一店,12.6,12.6,12.45,12.6,102666.0
2026-09-01,TWSE,2707,晶華,180.0,180.0,176.5,177.0,393928.0
2026-09-01,TWSE,2712,遠雄來,14.3,14.3,14.25,14.25,2000.0
2026-09-01,TWSE,2722,夏都,21.65,21.75,21.55,21.6,31932.0
2026-09-01,TWSE,2723,美食-KY,76.5,82.3,75.9,82.0,1268506.0
2026-09-01,TWSE,2727,王品,234.0,235.5,233.0,235.5,264933.0
2026-09-01,TWSE,2731,雄獅,145.0,145.5,144.0,144.0,196103.0
2026-09-01,TWSE,2739,寒舍,37.9,37.9,37.05,37.85,60221.0
2026-09-01,TWSE,2748,雲品,38.85,38.9,38.55,38.8,79406.0
2026-09-01,TWSE,2753,八方雲集,179.0,182.5,179.0,182.0,147334.0
2026-09-01,TWSE,2762,世界健身-KY,83.3,83.6,81.9,82.1,139844.0
2026-09-01,TWSE,2801,彰銀,24.75,25.15,24.65,25.15,28219778.0
2026-09-01,TWSE,2812,台中銀,18.8,19.05,18.75,19.05,13658848.0
2026-09-01,TWSE,2816,旺旺保,38.3,39.05,37.45,39.05,916510.0
2026-09-01,TWSE,2820,華票,16.6,16.65,16.5,16.5,2890576.0
2026-09-01,TWSE,2832,台產,59.6,59.6,57.2,58.3,616947.0
2026-09-01,TWSE,2834,臺企銀,16.5,16.95,16.45,16.95,750619689.0
2026-09-01,TWSE,2836,高雄銀,12.05,12.05,11.85,11.85,2758316.0
2026-09-01,TWSE,2838,聯邦銀,20.2,20.3,20.05,20.25,2939883.0
2026-09-01,TWSE,2845,遠東銀,13.4,13.5,13.35,13.5,24339507.0
2026-09-01,TWSE,2849,安泰銀,14.35,14.4,14.05,14.2,436088.0
2026-09-01,TWSE,2850,新產,160.0,160.0,158.0,159.0,343533.0
2026-09-01,TWSE,2851,中再保,44.6,46.2,44.25,46.2,4610548.0
2026-09-01,TWSE,2852,第一保,27.95,28.15,27.85,28.15,521344.0
2026-09-01,TWSE,2855,統一證,48.3,49.55,47.75,49.55,3538233.0
2026-09-01,TWSE,2880,華南金,40.25,41.4,40.2,41.35,48578786.0
2026-09-01,TWSE,2881,富邦金,143.0,145.0,142.0,144.0,33320565.0
2026-09-01,TWSE,2882,國泰金,106.5,111.0,105.5,110.5,59959891.0
2026-09-01,TWSE,2883,凱基金,32.7,33.85,32.55,33.85,104070641.0
2026-09-01,TWSE,2884,玉山金,38.5,39.75,38.5,39.75,75829053.0
2026-09-01,TWSE,2885,元大金,63.6,65.4,63.4,65.4,57279554.0
2026-09-01,TWSE,2886,兆豐金,47.9,48.6,47.75,48.55,33911276.0
2026-09-01,TWSE,2887,台新新光金,37.5,38.8,37.35,38.55,185653072.0
2026-09-01,TWSE,2889,國票金,15.9,16.05,15.8,15.95,29104268.0
2026-09-01,TWSE,2890,永豐金,39.65,41.1,39.6,41.1,62967549.0
2026-09-01,TWSE,2891,中信金,63.5,65.0,63.5,64.7,40176473.0
2026-09-01,TWSE,2892,第一金,34.3,35.3,34.3,35.3,89869003.0
2026-09-01,TWSE,2897,王道銀行,10.35,10.45,10.35,10.35,2589705.0
2026-09-01,TWSE,2901,欣欣,23.8,23.8,23.4,23.4,12979.0
2026-09-01,TWSE,2903,遠百,22.4,22.55,22.2,22.35,2230377.0
2026-09-01,TWSE,2904,匯僑,13.0,13.05,12.85,12.9,34285.0
2026-09-01,TWSE,2905,三商,17.2,17.5,17.0,17.5,1601652.0
2026-09-01,TWSE,2906,高林,13.95,14.0,13.8,13.8,100297.0
2026-09-01,TWSE,2908,特力,21.9,21.9,21.65,21.9,251357.0
2026-09-01,TWSE,2910,統領,24.1,24.35,24.05,24.15,16074.0
2026-09-01,TWSE,2911,麗嬰房,6.46,6.46,6.39,6.44,59735.0
2026-09-01,TWSE,2912,統一超,219.0,219.5,216.5,216.5,2638741.0
2026-09-01,TWSE,2913,農林,11.15,11.2,11.1,11.15,844783.0
2026-09-01,TWSE,2915,潤泰全,57.3,57.3,55.8,56.0,4283337.0
2026-09-01,TWSE,2923,鼎固-KY,25.1,25.35,23.95,24.2,220787.0
2026-09-01,TWSE,2929,淘帝-KY,5.69,5.69,5.57,5.6,88255.0
2026-09-01,TWSE,2939,永邑-KY,20.05,20.05,19.55,19.8,8001.0
2026-09-01,TWSE,2945,三商家購,40.2,40.2,40.0,40.0,41569.0
2026-09-01,TWSE,3002,歐格,17.45,17.45,17.0,17.45,76635.0
2026-09-01,TWSE,3003,健和興,72.1,72.3,68.1,69.0,1305927.0
2026-09-01,TWSE,3004,豐達科,118.5,119.0,117.5,118.5,259443.0
2026-09-01,TWSE,3005,神基,114.5,119.0,114.5,117.0,2788915.0
2026-09-01,TWSE,3006,晶豪科,265.5,293.5,263.5,292.5,23235364.0
2026-09-01,TWSE,3008,大立光,7065.0,7735.0,7025.0,7650.0,3700248.0
2026-09-01,TWSE,3010,華立,127.0,129.0,126.5,128.0,496632.0
2026-09-01,TWSE,3011,今皓,10.6,10.6,10.4,10.5,287179.0
2026-09-01,TWSE,3013,晟銘電,88.0,89.2,86.6,87.6,4408439.0
2026-09-01,TWSE,3014,聯陽,131.0,131.0,128.5,128.5,889558.0
2026-09-01,TWSE,3015,全漢,53.9,54.2,53.0,53.4,324561.0
2026-09-01,TWSE,3016,嘉晶,98.7,104.0,97.6,103.0,4664276.0
2026-09-01,TWSE,3017,奇鋐,3280.0,3425.0,3250.0,3425.0,4468442.0
2026-09-01,TWSE,3018,隆銘綠能,11.95,11.95,11.5,11.95,38703.0
2026-09-01,TWSE,3019,亞光,136.5,145.0,136.5,143.0,5879970.0
2026-09-01,TWSE,3021,鴻名,20.25,20.25,19.65,20.25,89358.0
2026-09-01,TWSE,3022,威強電,90.1,91.4,89.6,90.3,818397.0
2026-09-01,TWSE,3023,信邦,319.5,319.5,310.0,312.5,588638.0
2026-09-01,TWSE,3024,憶聲,14.6,15.0,14.35,14.95,2385291.0
2026-09-01,TWSE,3025,星通,53.1,53.1,52.5,52.6,167082.0
2026-09-01,TWSE,3026,禾伸堂,742.0,766.0,712.0,742.0,16901442.0
2026-09-01,TWSE,3027,盛達,18.2,18.45,18.05,18.2,116668.0
2026-09-01,TWSE,3028,增你強,63.9,64.7,63.5,64.7,787608.0
2026-09-01,TWSE,3029,零壹,111.0,115.0,110.5,113.0,1354857.0
2026-09-01,TWSE,3030,德律,295.0,297.5,285.0,290.5,672490.0
2026-09-01,TWSE,3031,佰鴻,24.2,24.85,24.2,24.65,400731.0
2026-09-01,TWSE,3032,偉訓,79.8,81.3,78.6,81.2,399895.0
2026-09-01,TWSE,3033,威健,45.05,45.05,44.15,44.55,2659811.0
2026-09-01,TWSE,3034,聯詠,543.0,544.0,533.0,540.0,5484810.0
2026-09-01,TWSE,3035,智原,177.0,178.0,172.5,175.0,2225256.0
2026-09-01,TWSE,3036,文曄,196.0,196.0,192.5,196.0,4392455.0
2026-09-01,TWSE,3037,欣興,999.0,999.0,999.0,999.0,5892091.0
2026-09-01,TWSE,3038,全台,20.05,20.25,20.05,20.2,171557.0
2026-09-01,TWSE,3040,遠見,36.9,37.35,36.0,37.35,123541.0
2026-09-01,TWSE,3041,揚智,22.85,22.9,22.55,22.6,350566.0
2026-09-01,TWSE,3042,晶技,186.0,187.5,182.0,185.5,13292309.0
2026-09-01,TWSE,3043,科風,20.85,21.0,20.65,21.0,28930.0
2026-09-01,TWSE,3044,健鼎,491.0,508.0,490.0,496.5,4756985.0
2026-09-01,TWSE,3045,台灣大,115.0,116.0,114.5,116.0,9272070.0
2026-09-01,TWSE,3046,建碁,56.3,56.7,55.3,56.5,400027.0
2026-09-01,TWSE,3047,訊舟,13.8,13.95,13.7,13.75,430215.0
2026-09-01,TWSE,3048,益登,55.1,56.3,54.3,54.9,1406697.0
2026-09-01,TWSE,3049,精金,13.6,14.3,13.4,13.55,31545040.0
2026-09-01,TWSE,3050,鈺德,11.7,11.8,11.55,11.7,377417.0
2026-09-01,TWSE,3051,力特,23.0,23.15,22.65,22.75,442379.0
2026-09-01,TWSE,3052,夆典,11.1,11.2,11.05,11.15,541496.0
2026-09-01,TWSE,3054,立萬利,56.7,58.2,56.0,57.9,103723.0
2026-09-01,TWSE,3055,蔚華科,127.5,130.0,117.5,120.5,2443045.0
2026-09-01,TWSE,3056,富華新,14.2,14.2,13.95,14.05,622010.0
2026-09-01,TWSE,3057,喬鼎,17.2,17.5,16.9,17.5,68504.0
2026-09-01,TWSE,3058,立德,8.15,8.27,8.1,8.25,380297.0
2026-09-01,TWSE,3059,華晶科,39.35,39.8,39.2,39.55,988334.0
2026-09-01,TWSE,3060,銘異,26.9,27.25,26.45,26.5,883062.0
2026-09-01,TWSE,3062,建漢,20.95,21.05,20.6,20.7,721616.0
2026-09-01,TWSE,3090,日電貿,172.0,178.5,167.0,175.0,9614767.0
2026-09-01,TWSE,3092,鴻碩,24.3,24.7,24.1,24.4,98194.0
2026-09-01,TWSE,3094,聯傑,40.0,40.95,39.7,40.5,4250873.0
2026-09-01,TWSE,3130,一零四,209.5,211.0,209.0,209.5,48406.0
2026-09-01,TWSE,3135,凌航,179.0,183.0,178.5,182.5,1490519.0
2026-09-01,TWSE,3138,耀登,97.6,98.6,96.0,96.0,176771.0
2026-09-01,TWSE,3149,正達,65.6,66.3,63.9,64.1,3881062.0
2026-09-01,TWSE,3150,鈺寶-創,16.75,16.95,16.75,16.95,4000.0
2026-09-01,TWSE,3164,景岳,15.85,15.95,15.8,15.95,13221.0
2026-09-01,TWSE,3167,大量,764.0,805.0,763.0,794.0,4296669.0
2026-09-01,TWSE,3168,眾福科,41.3,41.85,41.3,41.85,4000.0
2026-09-01,TWSE,3189,景碩,844.0,899.0,810.0,819.0,31932413.0
2026-09-01,TWSE,3209,全科,47.5,47.5,45.7,45.85,4144644.0
2026-09-01,TWSE,3229,晟鈦,55.4,56.9,53.2,53.4,1123660.0
2026-09-01,TWSE,3231,緯創,176.0,181.0,174.0,178.0,38946890.0
2026-09-01,TWSE,3257,虹冠電,50.0,50.0,49.35,49.55,138437.0
2026-09-01,TWSE,3266,昇陽,13.9,13.9,13.8,13.8,26292.0
2026-09-01,TWSE,3296,勝德,23.85,24.2,23.7,23.9,15369.0
2026-09-01,TWSE,3305,昇貿,114.5,115.5,111.5,112.0,2080138.0
2026-09-01,TWSE,3308,聯德,22.05,22.05,21.4,21.5,116490.0
2026-09-01,TWSE,3311,閎暉,32.6,32.6,32.05,32.4,116355.0
2026-09-01,TWSE,3312,弘憶股,51.9,52.0,50.8,51.4,486179.0
2026-09-01,TWSE,3321,同泰,18.8,18.8,17.0,17.45,380702.0
2026-09-01,TWSE,3338,泰碩,63.7,65.5,63.1,64.1,183362.0
2026-09-01,TWSE,3346,麗清,19.7,19.85,19.25,19.6,335067.0
2026-09-01,TWSE,3356,奇偶,62.1,63.2,61.7,62.7,313593.0
2026-09-01,TWSE,3376,新日興,217.0,218.0,210.0,214.0,7589400.0
2026-09-01,TWSE,3380,明泰,28.15,28.5,27.8,28.5,6684503.0
2026-09-01,TWSE,3406,玉晶光,916.0,1005.0,915.0,1005.0,11110178.0
2026-09-01,TWSE,3413,京鼎,286.0,286.0,277.0,279.0,2086794.0
2026-09-01,TWSE,3416,融程電,179.5,182.5,177.5,182.0,209581.0
2026-09-01,TWSE,3419,譁裕,11.75,12.05,11.75,11.95,53050.0
2026-09-01,TWSE,3432,台端,14.6,14.6,14.25,14.4,35512.0
2026-09-01,TWSE,3437,榮創,18.45,18.5,18.1,18.35,332534.0
2026-09-01,TWSE,3443,創意,5850.0,6100.0,5680.0,6100.0,2037697.0
2026-09-01,TWSE,3447,展達,28.75,30.75,28.55,30.15,555668.0
2026-09-01,TWSE,3450,聯鈞,627.0,646.0,601.0,646.0,19380494.0
2026-09-01,TWSE,3481,群創,48.15,50.5,47.6,49.85,264345359.0
2026-09-01,TWSE,3494,誠研,7.32,7.32,7.06,7.13,31120.0
2026-09-01,TWSE,3501,維熹,39.25,39.7,39.2,39.7,135141.0
2026-09-01,TWSE,3504,揚明光,87.7,93.3,86.3,90.3,6753559.0
2026-09-01,TWSE,3515,華擎,220.0,226.0,216.5,222.5,946107.0
2026-09-01,TWSE,3518,柏騰,27.6,29.0,27.5,28.55,291501.0
2026-09-01,TWSE,3528,安馳,83.7,83.7,81.9,82.2,109198.0
2026-09-01,TWSE,3530,晶相光,60.0,60.0,58.5,58.9,190352.0
2026-09-01,TWSE,3532,台勝科,393.0,394.5,367.5,379.0,4415477.0
2026-09-01,TWSE,3533,嘉澤,1730.0,1730.0,1675.0,1690.0,1678431.0
2026-09-01,TWSE,3535,晶彩科,90.2,90.2,87.2,87.8,393982.0
2026-09-01,TWSE,3543,州巧,53.9,55.3,52.5,53.3,10452889.0
2026-09-01,TWSE,3545,敦泰,49.0,49.35,48.25,48.6,591737.0
2026-09-01,TWSE,3550,聯穎,24.35,25.3,23.8,23.8,2273901.0
2026-09-01,TWSE,3557,嘉威,24.0,24.95,24.0,24.2,34531.0
2026-09-01,TWSE,3563,牧德,697.0,705.0,672.0,682.0,386602.0
2026-09-01,TWSE,3576,聯合再生,17.35,18.2,17.1,18.2,37850636.0
2026-09-01,TWSE,3583,辛耘,748.0,748.0,700.0,724.0,1549453.0
2026-09-01,TWSE,3588,通嘉,52.6,53.5,52.1,52.5,117373.0
2026-09-01,TWSE,3591,艾笛森,22.05,22.35,21.9,22.3,248203.0
2026-09-01,TWSE,3592,瑞鼎,224.0,225.0,219.0,219.0,2098259.0
2026-09-01,TWSE,3593,力銘,10.5,10.9,10.45,10.9,29848.0
2026-09-01,TWSE,3596,智易,161.0,161.0,158.0,158.0,1899802.0
2026-09-01,TWSE,3605,宏致,128.5,141.0,127.5,139.0,36448245.0
2026-09-01,TWSE,3607,谷崧,14.15,14.15,13.9,14.0,123082.0
2026-09-01,TWSE,3617,碩天,244.0,254.0,240.0,254.0,755491.0
2026-09-01,TWSE,3622,洋華,53.5,53.6,53.0,53.1,313993.0
2026-09-01,TWSE,3645,達邁,75.4,77.8,73.5,74.5,10020032.0
2026-09-01,TWSE,3652,精聯,33.1,33.2,32.7,32.85,77085.0
2026-09-01,TWSE,3653,健策,5710.0,6045.0,5690.0,5990.0,1749901.0
2026-09-01,TWSE,3661,世芯-KY,4015.0,4085.0,3900.0,4075.0,2040909.0
2026-09-01,TWSE,3665,貿聯-KY,2230.0,2240.0,2105.0,2170.0,3131169.0
2026-09-01,TWSE,3669,圓展,35.75,35.75,34.9,35.4,258790.0
2026-09-01,TWSE,3673,TPK-KY,67.6,69.5,67.1,68.2,5541636.0
2026-09-01,TWSE,3679,新至陞,107.5,108.5,107.0,108.5,23394.0
2026-09-01,TWSE,3686,達能,14.45,14.55,14.3,14.45,48474.0
2026-09-01,TWSE,3694,海華,50.4,50.9,50.1,50.4,317381.0
2026-09-01,TWSE,3701,大眾控,40.15,41.55,40.05,40.9,466943.0
2026-09-01,TWSE,3702,大聯大,100.0,100.5,97.2,99.6,11140110.0
2026-09-01,TWSE,3703,欣陸,19.4,19.55,19.15,19.55,10020352.0
2026-09-01,TWSE,3704,合勤控,42.0,43.6,41.65,41.65,2132609.0
2026-09-01,TWSE,3705,永信,55.9,56.0,55.4,55.8,106631.0
2026-09-01,TWSE,3706,神達,92.0,93.7,91.3,92.5,9599922.0
2026-09-01,TWSE,3708,上緯投控,101.5,103.0,100.5,102.5,387310.0
2026-09-01,TWSE,3711,日月光投控,601.0,601.0,565.0,584.0,33186077.0
2026-09-01,TWSE,3712,永崴投控,20.7,21.05,20.55,21.0,560112.0
2026-09-01,TWSE,3714,富采,62.2,62.5,60.6,61.6,5844434.0
2026-09-01,TWSE,3715,定穎投控,122.0,126.0,119.5,120.5,11778173.0
2026-09-01,TWSE,3716,中化控股,34.75,34.95,34.6,34.8,257368.0
2026-09-01,TWSE,3717,聯嘉投控,23.2,23.3,22.65,22.65,1230226.0
2026-09-01,TWSE,4104,佳醫,71.0,71.3,71.0,71.2,106124.0
2026-09-01,TWSE,4106,雃博,24.2,24.35,24.05,24.35,37651.0
2026-09-01,TWSE,4108,懷特,11.85,11.9,11.5,11.55,1086141.0
2026-09-01,TWSE,4119,旭富,53.6,55.4,53.6,55.4,286596.0
2026-09-01,TWSE,4133,亞諾法,20.55,20.85,20.55,20.75,38724.0
2026-09-01,TWSE,4137,麗豐-KY,85.9,85.9,84.0,84.2,318107.0
2026-09-01,TWSE,4142,國光生,18.0,18.0,17.7,17.75,574808.0
2026-09-01,TWSE,4148,全宇生技-KY,33.1,33.35,32.4,32.4,26560.0
2026-09-01,TWSE,4155,訊映,14.4,14.6,14.4,14.55,120740.0
2026-09-01,TWSE,4164,承業醫,26.0,26.1,25.65,25.75,481748.0
2026-09-01,TWSE,4169,泰宗,152.5,155.5,152.0,152.0,85743.0
2026-09-01,TWSE,4178,永笙-KY,17.2,17.2,17.0,17.2,118320.0
2026-09-01,TWSE,4190,佐登-KY,25.15,26.3,25.15,25.95,21727.0
2026-09-01,TWSE,4195,基米-創,14.15,14.4,14.1,14.35,80213.0
2026-09-01,TWSE,4306,炎洲,15.1,15.2,14.95,15.05,748280.0
2026-09-01,TWSE,4414,如興,8.35,8.39,8.33,8.37,100038.0
2026-09-01,TWSE,4426,利勤,7.67,7.67,7.58,7.59,115898.0
2026-09-01,TWSE,4438,廣越,59.8,60.3,58.8,59.3,193429.0
2026-09-01,TWSE,4439,冠星-KY,97.0,99.0,96.3,99.0,24306.0
2026-09-01,TWSE,4440,宜新實業,17.6,17.6,17.35,17.5,123381.0
2026-09-01,TWSE,4441,振大環球,176.0,176.0,170.0,171.5,102879.0
2026-09-01,TWSE,4526,東台,30.3,30.75,30.0,30.5,837700.0
2026-09-01,TWSE,4532,瑞智,23.9,23.95,23.8,23.85,363751.0
2026-09-01,TWSE,4536,拓凱,168.0,168.0,162.0,162.0,515260.0
2026-09-01,TWSE,4540,全球傳動,59.1,60.8,58.8,59.1,1637054.0
2026-09-01,TWSE,4545,銘鈺,31.55,31.65,31.2,31.65,93218.0
2026-09-01,TWSE,4551,智伸科,164.5,168.5,158.0,159.5,985562.0
2026-09-01,TWSE,4552,力達-KY,17.1,17.1,16.75,16.8,347794.0
2026-09-01,TWSE,4555,氣立,47.1,47.1,45.8,46.4,115840.0
2026-09-01,TWSE,4557,永新-KY,50.5,50.9,49.7,50.9,60085.0
2026-09-01,TWSE,4560,強信-KY,30.5,30.5,29.5,29.5,414462.0
2026-09-01,TWSE,4562,穎漢,30.55,31.2,30.55,30.9,78308.0
2026-09-01,TWSE,4564,元翎,16.9,16.9,16.6,16.8,577059.0
2026-09-01,TWSE,4566,時碩工業,65.3,65.8,64.3,64.9,942658.0
2026-09-01,TWSE,4569,六方科-KY,163.0,169.5,160.5,169.5,259066.0
2026-09-01,TWSE,4571,鈞興-KY,156.5,157.0,155.0,156.0,156640.0
2026-09-01,TWSE,4572,駐龍,141.0,148.0,141.0,144.0,62805.0
2026-09-01,TWSE,4576,大銀微系統,211.0,219.5,208.5,216.5,1246830.0
2026-09-01,TWSE,4581,光隆精密-KY,47.8,47.8,47.5,47.55,10222.0
2026-09-01,TWSE,4582,聚恆-創,23.35,23.55,23.25,23.55,41090.0
2026-09-01,TWSE,4583,台灣精銳,453.5,463.0,453.5,460.0,369410.0
2026-09-01,TWSE,4585,達明,300.0,300.0,292.5,293.5,230585.0
2026-09-01,TWSE,4588,玖鼎電力,54.0,54.0,52.1,52.1,50509.0
2026-09-01,TWSE,4590,富田-創,88.5,89.6,87.9,88.5,166521.0
2026-09-01,TWSE,4720,德淵,18.65,19.3,18.45,19.0,540095.0
2026-09-01,TWSE,4722,國精化,210.5,217.0,206.5,208.0,469631.0
2026-09-01,TWSE,4736,泰博,125.5,130.5,125.5,127.5,727087.0
2026-09-01,TWSE,4737,華廣,57.8,58.4,56.8,57.6,54002.0
2026-09-01,TWSE,4739,康普,87.1,89.5,86.1,87.4,1077092.0
2026-09-01,TWSE,4746,台耀,49.35,49.55,48.5,48.75,713708.0
2026-09-01,TWSE,4755,三福化,119.0,119.5,117.0,118.0,154808.0
2026-09-01,TWSE,4763,材料*-KY,45.3,47.0,45.2,46.3,4281641.0
2026-09-01,TWSE,4764,雙鍵,245.0,248.5,235.0,241.0,1305867.0
2026-09-01,TWSE,4766,南寶,345.0,352.0,343.0,345.0,246738.0
2026-09-01,TWSE,4770,上品,215.0,215.0,209.5,212.5,1133586.0
2026-09-01,TWSE,4771,望隼,205.0,218.0,205.0,215.0,607455.0
2026-09-01,TWSE,4807,日成-KY,27.7,28.45,27.7,28.05,94888.0
2026-09-01,TWSE,4904,遠傳,99.8,101.0,99.8,101.0,9105155.0
2026-09-01,TWSE,4906,正文,35.9,37.6,35.75,36.2,10004128.0
2026-09-01,TWSE,4912,聯德控股-KY,98.0,98.9,95.3,98.4,736699.0
2026-09-01,TWSE,4915,致伸,59.5,59.7,59.0,59.4,1419315.0
2026-09-01,TWSE,4916,事欣科,101.0,101.5,99.5,99.9,1488072.0
2026-09-01,TWSE,4919,新唐,120.0,121.0,117.0,120.0,1982506.0
2026-09-01,TWSE,4927,泰鼎-KY,42.45,43.5,40.3,40.35,5683301.0
2026-09-01,TWSE,4930,燦星網,16.15,16.15,16.0,16.05,21321.0
2026-09-01,TWSE,4934,太極,14.55,14.55,14.0,14.15,355112.0
2026-09-01,TWSE,4935,茂林-KY,34.55,34.55,33.4,33.8,83530.0
2026-09-01,TWSE,4938,和碩,88.0,91.9,87.7,91.1,21640773.0
2026-09-01,TWSE,4942,嘉彰,33.05,33.2,33.0,33.15,38717.0
2026-09-01,TWSE,4943,康控-KY,8.47,8.47,7.86,7.98,17268.0
2026-09-01,TWSE,4949,有成精密,73.0,77.7,73.0,76.7,1307947.0
2026-09-01,TWSE,4952,凌通,51.1,51.3,50.5,50.9,271179.0
2026-09-01,TWSE,4956,光鋐,36.45,37.85,36.15,36.3,2626313.0
2026-09-01,TWSE,4958,臻鼎-KY,471.0,504.0,468.0,500.0,49093086.0
2026-09-01,TWSE,4960,誠美材,21.75,21.75,20.85,21.2,2194414.0
2026-09-01,TWSE,4961,天鈺,159.0,163.5,158.5,162.5,781929.0
2026-09-01,TWSE,4967,十銓,271.5,279.5,271.0,276.0,2627769.0
2026-09-01,TWSE,4968,立積,92.8,92.8,90.7,90.8,296027.0
2026-09-01,TWSE,4976,佳凌,39.1,39.45,38.55,38.7,1612383.0
2026-09-01,TWSE,4977,眾達-KY,171.0,176.0,168.0,175.0,3005963.0
2026-09-01,TWSE,4989,榮科,66.8,68.5,64.5,64.7,5652636.0
2026-09-01,TWSE,4994,傳奇,83.0,83.7,80.9,81.9,18289.0
2026-09-01,TWSE,4999,鑫禾,18.7,18.9,18.55,18.85,37591.0
2026-09-01,TWSE,5007,三星,56.4,56.4,55.8,56.4,50054.0
2026-09-01,TWSE,5203,訊連,58.9,59.3,58.5,59.2,112071.0
2026-09-01,TWSE,5215,科嘉-KY,38.25,38.85,38.25,38.7,64260.0
2026-09-01,TWSE,5222,全訊,106.0,106.5,104.5,106.0,167896.0
2026-09-01,TWSE,5225,東科-KY,60.5,60.5,60.0,60.4,123965.0
2026-09-01,TWSE,5234,達興材料,303.5,303.5,292.5,295.5,304723.0
2026-09-01,TWSE,5236,凌陽創新,135.5,136.5,133.5,134.5,118549.0
2026-09-01,TWSE,5243,乙盛-KY,90.1,91.9,89.2,90.3,870161.0
2026-09-01,TWSE,5244,弘凱,35.3,35.4,34.4,34.4,148896.0
2026-09-01,TWSE,5258,虹堡,47.75,47.75,46.3,46.4,381268.0
2026-09-01,TWSE,5269,祥碩,1430.0,1440.0,1405.0,1425.0,377044.0
2026-09-01,TWSE,5283,禾聯碩,51.4,52.8,51.3,52.4,135681.0
2026-09-01,TWSE,5284,jpp-KY,321.0,330.0,316.5,323.0,239216.0
2026-09-01,TWSE,5285,界霖,83.4,83.8,79.4,81.0,734106.0
2026-09-01,TWSE,5288,豐祥-KY,186.0,188.0,184.5,186.5,105383.0
2026-09-01,TWSE,5292,華懋,217.5,220.0,216.5,219.5,163423.0
2026-09-01,TWSE,5306,桂盟,94.3,94.3,93.1,93.6,71850.0
2026-09-01,TWSE,5388,中磊,77.5,78.1,76.9,77.2,2535881.0
2026-09-01,TWSE,5434,崇越,525.0,525.0,507.0,515.0,922941.0
2026-09-01,TWSE,5469,瀚宇博,73.5,74.7,73.5,74.0,1064341.0
2026-09-01,TWSE,5471,松翰,61.4,61.6,59.6,61.2,2884189.0
2026-09-01,TWSE,5484,慧友,40.5,40.5,39.65,39.8,187711.0
2026-09-01,TWSE,5515,建國,52.8,52.8,51.4,52.3,404089.0
2026-09-01,TWSE,5519,隆大,27.95,27.95,27.65,27.7,258731.0
2026-09-01,TWSE,5521,工信,10.7,10.7,10.5,10.65,2108779.0
2026-09-01,TWSE,5522,遠雄,62.8,62.8,61.7,61.7,1127653.0
2026-09-01,TWSE,5525,順天,22.15,22.3,21.8,21.95,135767.0
2026-09-01,TWSE,5531,鄉林,7.31,7.35,7.25,7.26,501555.0
2026-09-01,TWSE,5533,皇鼎,13.9,13.95,13.85,13.95,25240.0
2026-09-01,TWSE,5534,長虹,75.6,76.1,75.0,75.4,527149.0
2026-09-01,TWSE,5538,東明-KY,36.65,37.3,36.65,37.0,25234.0
2026-09-01,TWSE,5546,永固-KY,14.7,14.9,14.5,14.7,42154.0
2026-09-01,TWSE,5607,遠雄港,51.6,52.3,51.2,51.6,601937.0
2026-09-01,TWSE,5608,四維航,16.95,17.5,16.8,16.95,7782505.0
2026-09-01,TWSE,5706,鳳凰,45.0,45.2,44.8,44.95,145052.0
2026-09-01,TWSE,5871,中租-KY,113.0,117.0,111.5,117.0,14494846.0
2026-09-01,TWSE,5876,上海商銀,43.15,43.15,42.5,42.9,13923271.0
2026-09-01,TWSE,5880,合庫金,25.25,25.65,25.05,25.55,45412466.0
2026-09-01,TWSE,5906,台南-KY,37.0,38.0,37.0,38.0,2002.0
2026-09-01,TWSE,5907,大洋-KY,4.99,5.01,4.86,4.95,249720.0
2026-09-01,TWSE,6005,群益證,31.4,31.45,31.0,31.0,8117315.0
2026-09-01,TWSE,6024,群益期,61.7,63.8,61.7,63.5,567647.0
2026-09-01,TWSE,6108,競國,26.0,26.15,23.7,23.85,6633776.0
2026-09-01,TWSE,6112,邁達特,45.0,45.7,44.85,45.4,236150.0
2026-09-01,TWSE,6115,鎰勝,44.05,44.05,43.55,43.65,372520.0
2026-09-01,TWSE,6116,彩晶,14.4,14.6,14.0,14.5,23352368.0
2026-09-01,TWSE,6117,迎廣,63.5,63.6,62.6,63.1,94332.0
2026-09-01,TWSE,6120,達運,12.85,12.85,12.55,12.7,989744.0
2026-09-01,TWSE,6128,上福,20.1,20.15,19.9,19.95,92910.0
2026-09-01,TWSE,6133,金橋,23.1,23.6,23.0,23.15,481177.0
2026-09-01,TWSE,6136,富爾特,25.05,25.1,24.5,24.5,208726.0
2026-09-01,TWSE,6139,亞翔,768.0,768.0,737.0,755.0,3030230.0
2026-09-01,TWSE,6141,柏承,58.1,59.5,55.1,58.9,5240503.0
2026-09-01,TWSE,6142,友勁,8.87,8.88,8.71,8.8,450864.0
2026-09-01,TWSE,6152,百一,14.1,14.5,14.0,14.15,919893.0
2026-09-01,TWSE,6153,嘉聯益,17.5,18.4,17.35,17.75,5781907.0
2026-09-01,TWSE,6155,鈞寶,58.0,60.5,57.1,57.1,1290397.0
2026-09-01,TWSE,6164,華興,12.4,12.4,12.15,12.25,223594.0
2026-09-01,TWSE,6165,浪凡,48.9,51.6,48.8,50.8,1442394.0
2026-09-01,TWSE,6166,凌華,116.5,116.5,113.0,115.5,1321867.0
2026-09-01,TWSE,6168,宏齊,28.2,28.95,28.05,28.45,2179384.0
2026-09-01,TWSE,6176,瑞儀,92.2,93.1,91.0,91.2,2628919.0
2026-09-01,TWSE,6177,達麗,47.45,47.65,47.0,47.1,602419.0
2026-09-01,TWSE,6183,關貿,91.0,92.0,90.9,91.0,45703.0
2026-09-01,TWSE,6184,大豐電,41.25,41.25,40.85,40.95,90243.0
2026-09-01,TWSE,6189,豐藝,48.45,48.45,47.7,48.1,300654.0
2026-09-01,TWSE,6191,精成科,84.0,84.9,83.0,83.7,1544470.0
2026-09-01,TWSE,6192,巨路,117.5,117.5,116.0,116.5,241980.0
2026-09-01,TWSE,6196,帆宣,492.5,492.5,476.5,485.0,757578.0
2026-09-01,TWSE,6197,佳必琪,305.0,308.5,300.0,302.5,1032324.0
2026-09-01,TWSE,6201,亞弘電,44.55,45.2,44.5,44.55,48263.0
2026-09-01,TWSE,6202,盛群,58.5,58.8,57.4,57.9,956311.0
2026-09-01,TWSE,6205,詮欣,66.2,71.1,65.9,71.1,1772800.0
2026-09-01,TWSE,6206,飛捷,136.5,139.0,136.0,138.0,671971.0
2026-09-01,TWSE,6209,今國光,75.8,82.2,75.8,79.5,20751886.0
2026-09-01,TWSE,6213,聯茂,563.0,591.0,534.0,548.0,17724290.0
2026-09-01,TWSE,6214,精誠,181.0,184.0,180.5,183.5,1817985.0
2026-09-01,TWSE,6215,和椿,96.7,99.3,96.7,98.0,381219.0
2026-09-01,TWSE,6216,居易,20.75,20.85,20.6,20.65,186237.0
2026-09-01,TWSE,6224,聚鼎,75.0,79.4,75.0,78.4,1419213.0
2026-09-01,TWSE,6225,天瀚,63.0,63.0,60.0,60.0,124176.0
2026-09-01,TWSE,6226,光鼎,35.25,36.6,31.5,31.6,64819357.0
2026-09-01,TWSE,6230,尼得科超眾,108.0,108.5,106.0,108.0,44765.0
2026-09-01,TWSE,6235,華孚,38.8,39.3,38.6,38.95,230257.0
2026-09-01,TWSE,6239,力成,282.5,283.5,271.0,277.0,15732900.0
2026-09-01,TWSE,6243,迅杰,41.1,41.1,39.9,39.9,605601.0
2026-09-01,TWSE,6257,矽格,212.5,214.5,202.0,208.5,12187479.0
2026-09-01,TWSE,6269,台郡,73.3,82.3,73.0,74.9,40184691.0
2026-09-01,TWSE,6271,同欣電,211.5,217.5,211.0,212.0,5131963.0
2026-09-01,TWSE,6272,驊陞,27.25,28.8,26.0,26.15,940159.0
2026-09-01,TWSE,6277,宏正,78.7,78.9,78.0,78.1,247423.0
2026-09-01,TWSE,6278,台表科,198.0,203.0,195.0,199.5,4088055.0
2026-09-01,TWSE,6281,全國電,51.2,51.4,51.0,51.3,36124.0
2026-09-01,TWSE,6282,康舒,44.9,45.5,44.5,44.9,4690411.0
2026-09-01,TWSE,6283,淳安,19.8,19.9,19.7,19.8,120017.0
2026-09-01,TWSE,6285,啟碁,243.5,255.0,241.5,244.0,6346389.0
2026-09-01,TWSE,6405,悅城,39.75,39.85,38.55,39.0,227992.0
2026-09-01,TWSE,6409,旭隼,1030.0,1040.0,994.0,1035.0,322202.0
2026-09-01,TWSE,6412,群電,79.1,79.5,78.5,79.0,676241.0
2026-09-01,TWSE,6414,樺漢,386.0,392.5,380.5,389.5,1375606.0
2026-09-01,TWSE,6415,矽力*-KY,452.0,452.0,412.5,412.5,4448947.0
2026-09-01,TWSE,6416,瑞祺電通,99.0,102.0,99.0,102.0,349847.0
2026-09-01,TWSE,6426,統新,260.5,270.0,254.0,261.0,1328823.0
2026-09-01,TWSE,6431,光麗-KY,20.2,20.2,19.4,20.1,145424.0
2026-09-01,TWSE,6438,迅得,150.0,150.0,146.0,148.5,250142.0
2026-09-01,TWSE,6442,光聖,1575.0,1655.0,1560.0,1630.0,3516984.0
2026-09-01,TWSE,6443,元晶,26.2,26.4,25.5,26.0,3872861.0
2026-09-01,TWSE,6446,藥華藥,1630.0,1645.0,1395.0,1395.0,10723537.0
2026-09-01,TWSE,6449,鈺邦,230.0,244.0,227.0,232.0,1560979.0
2026-09-01,TWSE,6451,訊芯-KY,443.5,456.0,426.0,456.0,3770094.0
2026-09-01,TWSE,6456,GIS-KY,74.1,76.0,71.0,71.6,5467789.0
2026-09-01,TWSE,6464,台數科,77.5,77.7,77.0,77.5,20309.0
2026-09-01,TWSE,6472,保瑞,444.5,444.5,433.0,433.0,763862.0
2026-09-01,TWSE,6477,安集,37.0,37.2,36.2,36.45,698578.0
2026-09-01,TWSE,6491,晶碩,375.5,399.5,374.5,399.5,1320586.0
2026-09-01,TWSE,6504,南六,37.1,37.6,37.1,37.4,10527.0
2026-09-01,TWSE,6505,台塑化,71.9,73.9,71.1,73.5,17193364.0
2026-09-01,TWSE,6515,穎崴,6295.0,6420.0,6000.0,6285.0,324076.0
2026-09-01,TWSE,6525,捷敏-KY,143.5,143.5,138.0,139.5,1154281.0
2026-09-01,TWSE,6526,達發,606.0,612.0,597.0,607.0,265942.0
2026-09-01,TWSE,6531,愛普*,895.0,928.0,879.0,927.0,2374677.0
2026-09-01,TWSE,6533,晶心科,262.5,262.5,254.0,261.0,910452.0
2026-09-01,TWSE,6534,正瀚-創,91.7,92.0,91.1,92.0,41406.0
2026-09-01,TWSE,6541,泰福-KY,35.85,36.05,33.6,34.0,1179836.0
2026-09-01,TWSE,6550,北極星藥業-KY,11.2,11.25,10.5,10.7,2173580.0
2026-09-01,TWSE,6552,易華電,25.1,25.1,24.5,24.7,92064.0
2026-09-01,TWSE,6558,興能高,25.1,25.45,24.65,24.65,202803.0
2026-09-01,TWSE,6573,虹揚-KY,18.2,18.2,17.25,17.4,422277.0
2026-09-01,TWSE,6579,研揚,147.5,147.5,144.0,146.5,340456.0
2026-09-01,TWSE,6581,鋼聯,108.5,110.5,108.0,108.5,43186.0
2026-09-01,TWSE,6582,申豐,33.1,33.1,32.3,32.5,48224.0
2026-09-01,TWSE,6585,鼎基,113.5,114.5,112.5,112.5,84410.0
2026-09-01,TWSE,6589,台康生技,49.35,49.85,48.0,48.15,813553.0
2026-09-01,TWSE,6591,動力-KY,42.6,42.9,42.2,42.7,88089.0
2026-09-01,TWSE,6592,和潤企業,60.8,60.8,59.8,60.2,727784.0
2026-09-01,TWSE,6598,ABC-KY,28.35,28.75,28.0,28.55,167795.0
2026-09-01,TWSE,6605,帝寶,138.5,139.5,137.5,138.5,219462.0
2026-09-01,TWSE,6606,建德工業,26.1,26.1,25.35,25.7,83211.0
2026-09-01,TWSE,6614,資拓宏宇,35.8,35.95,35.6,35.9,20220.0
2026-09-01,TWSE,6625,必應,76.5,76.9,76.3,76.6,63052.0
2026-09-01,TWSE,6641,基士德-KY,17.7,17.7,17.3,17.4,19124.0
2026-09-01,TWSE,6645,金萬林-創,12.45,12.6,12.25,12.3,47764.0
2026-09-01,TWSE,6655,科定,114.5,117.0,114.5,116.0,3128.0
2026-09-01,TWSE,6657,華安,30.3,30.45,29.9,29.9,81610.0
2026-09-01,TWSE,6658,聯策,166.5,173.5,166.0,171.5,415744.0
2026-09-01,TWSE,6666,羅麗芬-KY,44.45,44.45,44.0,44.4,17335.0
2026-09-01,TWSE,6668,中揚光,43.75,45.8,42.7,44.0,3777812.0
2026-09-01,TWSE,6669,緯穎,7100.0,7360.0,7035.0,7095.0,1921970.0
2026-09-01,TWSE,6670,復盛應用,274.5,288.0,272.5,287.5,604567.0
2026-09-01,TWSE,6671,三能-KY,23.05,23.05,23.0,23.0,5050.0
2026-09-01,TWSE,6672,騰輝電子-KY,285.0,291.5,273.0,275.0,3571101.0
2026-09-01,TWSE,6674,鋐寶科技,16.05,16.05,15.65,15.8,29410.0
2026-09-01,TWSE,6689,伊雲谷,62.3,62.9,61.7,61.8,97680.0
2026-09-01,TWSE,6691,洋基工程,618.0,619.0,605.0,615.0,510605.0
2026-09-01,TWSE,6695,芯鼎,48.8,49.25,48.0,48.6,384596.0
2026-09-01,TWSE,6698,旭暉應材,32.1,32.3,31.5,32.05,122618.0
2026-09-01,TWSE,6706,惠特,121.0,124.5,119.0,123.0,962739.0
2026-09-01,TWSE,6715,嘉基,353.0,353.0,318.5,318.5,813496.0
2026-09-01,TWSE,6719,力智,191.0,192.5,187.0,188.0,770622.0
2026-09-01,TWSE,6722,輝創,32.7,32.7,32.7,32.7,1020.0
2026-09-01,TWSE,6742,澤米,44.2,44.35,43.05,43.9,267557.0
2026-09-01,TWSE,6743,安普新,27.85,27.9,27.1,27.6,263041.0
2026-09-01,TWSE,6753,龍德造船,137.5,142.5,137.5,140.5,941910.0
2026-09-01,TWSE,6754,匯僑設計,42.8,42.8,41.65,42.1,9848.0
2026-09-01,TWSE,6756,威鋒電子,99.3,100.5,98.1,100.5,82503.0
2026-09-01,TWSE,6757,台灣虎航,55.1,56.1,54.7,56.1,1438900.0
2026-09-01,TWSE,6768,志強-KY,63.9,65.0,63.5,65.0,1475852.0
2026-09-01,TWSE,6770,力積電,69.0,73.2,68.0,73.0,207576800.0
2026-09-01,TWSE,6771,平和環保-創,40.15,41.75,40.1,41.75,25526.0
2026-09-01,TWSE,6776,展碁國際,53.0,53.0,52.6,53.0,76818.0
2026-09-01,TWSE,6781,AES-KY,1120.0,1135.0,1110.0,1125.0,601635.0
2026-09-01,TWSE,6782,視陽,241.5,254.5,239.0,254.5,1617035.0
2026-09-01,TWSE,6789,采鈺,455.0,467.5,449.0,467.5,1471402.0
2026-09-01,TWSE,6790,永豐實,38.05,38.05,37.85,37.95,151517.0
2026-09-01,TWSE,6792,詠業,59.3,60.0,59.0,60.0,14124.0
2026-09-01,TWSE,6794,向榮生技,78.2,78.2,76.0,77.9,33019.0
2026-09-01,TWSE,6796,晉弘,60.7,61.2,60.2,60.6,75111.0
2026-09-01,TWSE,6799,來頡,80.8,81.4,79.7,81.0,135449.0
2026-09-01,TWSE,6805,富世達,2360.0,2375.0,2230.0,2305.0,2864739.0
2026-09-01,TWSE,6807,峰源-KY,33.0,33.0,32.25,32.8,7500.0
2026-09-01,TWSE,6830,汎銓,522.0,523.0,501.0,520.0,1636512.0
2026-09-01,TWSE,6831,邁科,616.0,638.0,610.0,618.0,1216365.0
2026-09-01,TWSE,6834,天二科技,92.4,96.4,88.5,89.9,2121343.0
2026-09-01,TWSE,6835,圓裕,30.55,31.0,30.5,31.0,17201.0
2026-09-01,TWSE,6838,台新藥,23.25,23.45,22.95,23.0,55721.0
2026-09-01,TWSE,6854,錼創科技-KY創,89.8,96.7,87.5,93.2,374785.0
2026-09-01,TWSE,6861,睿生光電,190.5,191.5,183.0,188.0,251078.0
2026-09-01,TWSE,6862,三集瑞-KY,145.5,145.5,137.0,139.5,183944.0
2026-09-01,TWSE,6863,永道-KY,109.0,109.0,107.0,109.0,62365.0
2026-09-01,TWSE,6869,雲豹能源,67.7,67.7,66.5,66.6,239899.0
2026-09-01,TWSE,6873,泓德能源,70.3,70.3,68.2,69.0,593387.0
2026-09-01,TWSE,6885,全福生技,22.65,23.35,22.35,23.1,347841.0
2026-09-01,TWSE,6887,寶綠特-KY,37.2,37.25,36.2,36.55,38442.0
2026-09-01,TWSE,6890,來億-KY,168.0,168.5,165.5,167.0,129395.0
2026-09-01,TWSE,6901,鑽石投資,16.15,16.2,15.75,15.85,1805914.0
2026-09-01,TWSE,6902,GOGOLOOK,127.0,129.0,125.5,127.5,69503.0
2026-09-01,TWSE,6906,現觀科,81.0,81.9,77.1,78.0,135241.0
2026-09-01,TWSE,6908,宏碁遊戲-創,30.5,30.5,30.15,30.25,11000.0
2026-09-01,TWSE,6909,創控,40.6,42.3,40.15,40.8,175517.0
2026-09-01,TWSE,6914,阜爾運通,124.0,124.0,122.0,122.0,66007.0
2026-09-01,TWSE,6916,華凌,18.2,18.35,18.2,18.3,28208.0
2026-09-01,TWSE,6918,愛派司,77.0,77.5,76.9,77.2,25152.0
2026-09-01,TWSE,6919,康霈*,99.9,103.5,94.8,94.8,84080003.0
2026-09-01,TWSE,6921,嘉雨思-創,64.5,64.5,64.5,64.5,4520.0
2026-09-01,TWSE,6923,中台,75.9,77.0,75.3,76.9,56195.0
2026-09-01,TWSE,6924,榮惠-KY創,115.5,115.5,112.0,112.0,20396.0
2026-09-01,TWSE,6928,攸泰科技,47.65,48.0,47.35,47.8,48232.0
2026-09-01,TWSE,6931,青松健康,41.3,41.45,40.9,41.45,58514.0
2026-09-01,TWSE,6933,AMAX-KY,284.0,286.0,283.0,286.0,2056481.0
2026-09-01,TWSE,6934,心誠鎂,72.8,76.0,72.8,74.3,39709.0
2026-09-01,TWSE,6936,永鴻生技,32.4,32.4,32.3,32.35,20024.0
2026-09-01,TWSE,6937,天虹,288.5,288.5,275.5,282.0,314960.0
2026-09-01,TWSE,6944,兆聯實業,710.0,719.0,699.0,717.0,250635.0
2026-09-01,TWSE,6947,台鎔科技,69.6,70.3,69.3,70.3,320227.0
2026-09-01,TWSE,6951,青新-創,71.3,71.7,71.0,71.7,18403.0
2026-09-01,TWSE,6952,大武山,38.0,38.9,37.55,38.2,36010.0
2026-09-01,TWSE,6955,邦睿生技-創,108.0,108.0,107.0,108.0,5322.0
2026-09-01,TWSE,6957,裕慶-KY,227.0,227.0,218.0,219.5,174892.0
2026-09-01,TWSE,6958,日盛台駿,17.05,17.25,17.05,17.2,33208.0
2026-09-01,TWSE,6962,奕力-KY,30.85,31.55,30.85,31.55,6410031.0
2026-09-01,TWSE,6965,中傑-KY,73.0,74.0,73.0,73.9,23449.0
2026-09-01,TWSE,6969,成信實業*-創,34.9,34.9,34.2,34.6,70897.0
2026-09-01,TWSE,6988,威力暘-創,11.5,11.5,11.35,11.5,54000.0
2026-09-01,TWSE,6994,富威電力,35.85,35.9,35.0,35.3,398880.0
2026-09-01,TWSE,7610,聯友金屬-創,1460.0,1535.0,1450.0,1505.0,457229.0
2026-09-01,TWSE,7631,聚賢研發-創,144.0,144.5,142.5,144.0,23591.0
2026-09-01,TWSE,7689,大鵬科CLMX,176.0,176.0,171.0,174.5,80065.0
2026-09-01,TWSE,7705,三商餐飲,30.15,30.45,30.1,30.1,40342.0
2026-09-01,TWSE,7711,永擎,486.0,535.0,483.0,535.0,1893081.0
2026-09-01,TWSE,7721,微程式,61.7,62.0,60.2,61.3,40925.0
2026-09-01,TWSE,7722,LINEPAY,293.5,293.5,283.0,285.0,47098.0
2026-09-01,TWSE,7730,暉盛-創,172.5,176.5,171.5,173.0,51514.0
2026-09-01,TWSE,7732,金興精密,34.1,34.75,34.05,34.75,4000.0
2026-09-01,TWSE,7736,虎山,69.2,69.9,68.6,69.5,9170.0
2026-09-01,TWSE,7740,熙特爾-創,133.0,133.0,128.0,129.5,169280.0
2026-09-01,TWSE,7749,意騰-KY,371.0,371.0,358.5,362.0,927022.0
2026-09-01,TWSE,7750,新代,2270.0,2335.0,2240.0,2270.0,193786.0
2026-09-01,TWSE,7760,享溫馨,32.65,33.0,32.65,33.0,129294.0
2026-09-01,TWSE,7765,中華資安,226.0,226.0,223.5,223.5,29936.0
2026-09-01,TWSE,7768,頌勝科技,286.0,293.0,282.5,291.5,78572.0
2026-09-01,TWSE,7769,鴻勁,6485.0,6485.0,5845.0,5860.0,1526208.0
2026-09-01,TWSE,7780,大研生醫*,16.95,16.95,16.75,16.75,649744.0
2026-09-01,TWSE,7786,東方風能,118.0,118.5,116.0,117.0,238914.0
2026-09-01,TWSE,7788,松川精密,339.0,347.0,307.0,316.0,5539498.0
2026-09-01,TWSE,7791,皇家可口,56.3,56.4,56.3,56.4,5882.0
2026-09-01,TWSE,7795,長廣,545.0,557.0,508.0,508.0,1494562.0
2026-09-01,TWSE,7799,禾榮科,383.0,386.0,367.0,367.5,255014.0
2026-09-01,TWSE,7803,雲象科技-創,18.7,19.2,18.7,19.1,26010.0
2026-09-01,TWSE,7818,溢泰實業,60.6,60.6,59.9,60.2,80871.0
2026-09-01,TWSE,7821,神數,39.2,39.2,38.85,39.1,65938.0
2026-09-01,TWSE,7822,倍利科,933.0,933.0,891.0,914.0,172136.0
2026-09-01,TWSE,7823,奧義賽博-KY創,83.3,83.3,82.4,82.9,6600.0
2026-09-01,TWSE,7827,漢康-KY創,157.0,157.0,151.0,154.5,237261.0
2026-09-01,TWSE,7835,永悅健康-創,27.8,27.9,25.5,27.9,242920.0
2026-09-01,TWSE,7855,和運租車,43.3,43.3,43.1,43.1,1044839.0
2026-09-01,TWSE,8011,台通,16.2,16.2,15.9,15.95,236013.0
2026-09-01,TWSE,8016,矽創,292.5,293.5,288.0,289.0,571774.0
2026-09-01,TWSE,8021,尖點,442.5,461.0,423.5,435.0,9134188.0
2026-09-01,TWSE,8028,昇陽半導體,246.5,246.5,237.0,241.0,3870838.0
2026-09-01,TWSE,8033,雷虎,187.5,192.5,187.0,187.0,4731485.0
2026-09-01,TWSE,8039,台虹,343.0,347.0,309.5,327.0,38783903.0
2026-09-01,TWSE,8045,達運光電,53.5,53.5,52.1,52.3,64516.0
2026-09-01,TWSE,8046,南電,1220.0,1325.0,1155.0,1230.0,20651309.0
2026-09-01,TWSE,8070,長華*,50.9,51.0,49.5,50.2,3101741.0
2026-09-01,TWSE,8072,陞泰,26.2,26.3,26.05,26.15,84087.0
2026-09-01,TWSE,8081,致新,258.0,258.0,251.0,255.5,424074.0
2026-09-01,TWSE,8101,華冠,12.4,12.4,12.4,12.4,1202.0
2026-09-01,TWSE,8103,瀚荃,115.5,119.0,115.0,119.0,3561783.0
2026-09-01,TWSE,8104,錸寶,31.5,31.5,30.55,30.85,240534.0
2026-09-01,TWSE,8105,凌巨,16.65,16.8,15.6,16.1,14084879.0
2026-09-01,TWSE,8110,華東,45.55,46.25,45.0,45.65,2514360.0
2026-09-01,TWSE,8112,至上,90.3,91.9,89.8,90.8,5617523.0
2026-09-01,TWSE,8114,振樺電,194.0,196.5,192.0,192.0,472904.0
2026-09-01,TWSE,8131,福懋科,61.8,63.7,61.5,63.7,1261988.0
2026-09-01,TWSE,8150,南茂,89.5,89.8,86.6,89.1,15777775.0
2026-09-01,TWSE,8162,微矽電子-創,62.8,62.8,61.3,62.5,113946.0
2026-09-01,TWSE,8163,達方,31.7,31.7,31.0,31.1,472246.0
2026-09-01,TWSE,8201,無敵,11.9,11.95,11.55,11.9,22426.0
2026-09-01,TWSE,8210,勤誠,990.0,995.0,961.0,969.0,1151105.0
2026-09-01,TWSE,8213,志超,32.7,33.25,32.5,32.9,365110.0
2026-09-01,TWSE,8215,明基材,26.25,26.25,25.1,25.6,946273.0
2026-09-01,TWSE,8222,寶一,38.7,39.5,38.35,39.1,553475.0
2026-09-01,TWSE,8249,菱光,41.5,41.65,41.0,41.6,96390.0
2026-09-01,TWSE,8261,富鼎,183.0,185.5,177.5,178.5,2779027.0
2026-09-01,TWSE,8271,宇瞻,230.0,234.5,227.0,227.5,2491844.0
2026-09-01,TWSE,8341,日友,76.7,76.7,75.8,75.9,238224.0
2026-09-01,TWSE,8367,建新國際,40.55,40.7,40.3,40.7,11341.0
2026-09-01,TWSE,8374,羅昇,81.8,83.0,80.5,81.0,188238.0
2026-09-01,TWSE,8404,百和興業-KY,16.25,16.35,16.15,16.25,298878.0
2026-09-01,TWSE,8411,福貞-KY,12.9,13.0,12.75,13.0,103407.0
2026-09-01,TWSE,8422,可寧衛*,27.0,27.35,26.8,26.8,7483477.0
2026-09-01,TWSE,8429,金麗-KY,6.01,6.05,6.0,6.01,77727.0
2026-09-01,TWSE,8438,昶昕,71.0,73.5,70.8,71.7,211866.0
2026-09-01,TWSE,8442,威宏-KY,45.25,45.95,45.05,45.3,127504.0
2026-09-01,TWSE,8443,阿瘦,11.3,11.35,11.25,11.35,8411.0
2026-09-01,TWSE,8454,富邦媒,250.0,250.0,246.0,247.0,277751.0
2026-09-01,TWSE,8462,柏文,171.0,171.0,165.5,168.0,178350.0
2026-09-01,TWSE,8463,潤泰材,21.55,21.55,21.2,21.4,52007.0
2026-09-01,TWSE,8464,億豐,365.5,375.0,362.5,374.0,325804.0
2026-09-01,TWSE,8466,美吉吉-KY,15.3,15.7,15.3,15.6,16353.0
2026-09-01,TWSE,8467,波力-KY,91.5,92.3,91.5,92.2,10502.0
2026-09-01,TWSE,8473,山林水,46.1,46.2,45.5,45.9,310164.0
2026-09-01,TWSE,8476,台境*,19.85,19.85,19.2,19.4,272033.0
2026-09-01,TWSE,8478,東哥遊艇,141.5,142.5,140.5,141.0,131235.0
2026-09-01,TWSE,8481,政伸,40.85,40.9,40.5,40.8,5206.0
2026-09-01,TWSE,8482,商億-KY,46.45,48.15,45.5,46.3,7580.0
2026-09-01,TWSE,8487,愛爾達-創,71.9,71.9,70.4,70.5,30901.0
2026-09-01,TWSE,8488,吉源-KY,9.9,9.92,9.9,9.92,2000.0
2026-09-01,TWSE,8499,鼎炫-KY,271.0,271.0,256.0,260.0,68775.0
2026-09-01,TWSE,8926,台汽電,56.7,56.7,55.8,55.9,3842449.0
2026-09-01,TWSE,8940,新天地,15.05,15.3,14.85,15.3,161046.0
2026-09-01,TWSE,8996,高力,1240.0,1240.0,1140.0,1175.0,3492957.0
2026-09-01,TWSE,9103,美德醫療-DR,5.13,5.13,5.06,5.13,472066.0
2026-09-01,TWSE,9105,泰金寶-DR,8.26,8.78,8.21,8.71,24519862.0
2026-09-01,TWSE,9110,越南控-DR,2.99,3.0,2.9,3.0,11001.0
2026-09-01,TWSE,9136,巨騰-DR,11.4,11.7,11.2,11.3,69552.0
2026-09-01,TWSE,9802,鈺齊-KY,70.9,72.0,70.9,71.5,172324.0
2026-09-01,TWSE,9902,台火,13.7,13.75,13.6,13.7,63405.0
2026-09-01,TWSE,9904,寶成,24.4,24.85,24.25,24.85,19189197.0
2026-09-01,TWSE,9905,大華,21.55,21.55,21.4,21.5,57050.0
2026-09-01,TWSE,9906,欣巴巴,40.0,40.9,39.95,40.9,38972.0
2026-09-01,TWSE,9907,統一實,15.35,15.4,15.25,15.25,2810250.0
2026-09-01,TWSE,9908,大台北,29.0,29.0,28.95,29.0,69386.0
2026-09-01,TWSE,9910,豐泰,68.4,68.5,67.7,67.7,1385425.0
2026-09-01,TWSE,9911,櫻花,82.3,83.0,82.3,83.0,195522.0
2026-09-01,TWSE,9912,偉聯,13.05,13.6,12.9,12.9,549941.0
2026-09-01,TWSE,9914,美利達,83.1,83.2,81.8,81.9,1272068.0
2026-09-01,TWSE,9917,中保科,106.5,106.5,105.0,106.0,858688.0
2026-09-01,TWSE,9918,欣天然,43.0,43.0,42.7,42.75,26111.0
2026-09-01,TWSE,9919,康那香,13.85,14.0,13.85,13.95,144826.0
2026-09-01,TWSE,9921,巨大,102.5,102.5,100.0,102.0,1628648.0
2026-09-01,TWSE,9924,福興,38.5,38.5,38.3,38.4,98629.0
2026-09-01,TWSE,9925,新保,39.85,40.15,39.3,39.3,10669918.0
2026-09-01,TWSE,9926,新海,48.7,49.0,48.7,48.85,10056.0
2026-09-01,TWSE,9927,泰銘,69.2,70.0,68.7,69.8,142173.0
2026-09-01,TWSE,9928,中視,17.95,17.95,17.75,17.9,33702.0
2026-09-01,TWSE,9929,秋雨,11.0,11.0,11.0,11.0,1805.0
2026-09-01,TWSE,9930,中聯資源,63.0,63.0,62.5,63.0,78700.0
2026-09-01,TWSE,9931,欣高,33.85,33.9,33.7,33.9,22077.0
2026-09-01,TWSE,9933,中鼎,41.0,41.0,40.05,40.5,3317836.0
2026-09-01,TWSE,9934,成霖,11.0,11.1,11.0,11.05,478867.0
2026-09-01,TWSE,9935,慶豐富,19.7,20.0,19.55,19.6,377317.0
2026-09-01,TWSE,9937,全國,54.8,55.0,54.6,55.0,43053.0
2026-09-01,TWSE,9938,百和,42.05,42.1,41.85,41.85,692105.0
2026-09-01,TWSE,9939,宏全,131.0,133.0,130.0,131.5,897195.0
2026-09-01,TWSE,9940,信義,20.5,20.55,20.1,20.15,518710.0
2026-09-01,TWSE,9941,裕融,86.5,86.9,85.4,86.9,2276333.0
2026-09-01,TWSE,9942,茂順,116.0,116.0,114.5,116.0,79615.0
2026-09-01,TWSE,9943,好樂迪,50.7,51.4,50.5,51.1,66232.0
2026-09-01,TWSE,9944,新麗,17.35,17.45,17.2,17.2,21215.0
2026-09-01,TWSE,9945,潤泰新,27.9,28.0,27.7,27.8,4469745.0
2026-09-01,TWSE,9946,三發地產,17.45,17.45,17.2,17.25,530796.0
2026-09-01,TWSE,9955,佳龍,24.45,24.45,23.95,24.2,267178.0
2026-09-01,TWSE,9958,世紀鋼,91.3,91.4,90.2,90.3,2142011.0
2026-09-01,TPEX,1240,茂生農經,57.1,58.0,57.1,58.0,49984.0
2026-09-01,TPEX,1259,安心,63.5,63.8,63.4,63.8,5238.0
2026-09-01,TPEX,1264,德麥,251.0,254.0,251.0,253.0,23195.0
2026-09-01,TPEX,1268,漢來美食,182.0,183.0,181.5,182.5,32833.0
2026-09-01,TPEX,1294,漢田生技,54.1,54.1,53.7,53.9,11447.0
2026-09-01,TPEX,1295,生合,45.55,45.95,45.5,45.5,22151.0
2026-09-01,TPEX,1336,台翰,16.8,17.5,16.8,17.0,335829.0
2026-09-01,TPEX,1565,精華,98.3,99.6,98.0,99.6,124621.0
2026-09-01,TPEX,1569,濱川,46.1,47.1,46.05,46.35,435248.0
2026-09-01,TPEX,1570,力肯,33.25,33.35,33.1,33.1,37611.0
2026-09-01,TPEX,1580,新麥,105.5,105.5,103.5,104.5,222166.0
2026-09-01,TPEX,1584,精剛,18.0,18.5,18.0,18.25,373008.0
2026-09-01,TPEX,1586,和勤,18.1,18.2,18.0,18.05,86549.0
2026-09-01,TPEX,1591,駿吉-KY,37.45,37.45,36.35,36.65,121118.0
2026-09-01,TPEX,1593,祺驊,31.65,31.65,31.65,31.65,3059.0
2026-09-01,TPEX,1595,川寶,64.7,66.9,64.6,66.4,363077.0
2026-09-01,TPEX,1599,宏佳騰,23.0,23.0,22.85,22.95,13934.0
2026-09-01,TPEX,1742,台蠟,17.9,18.0,17.6,17.9,111033.0
2026-09-01,TPEX,1777,生泰,74.5,74.5,73.7,74.2,33003.0
2026-09-01,TPEX,1780,立弘,24.2,24.6,23.95,24.6,192049.0
2026-09-01,TPEX,1781,合世,10.6,10.6,10.35,10.4,27089.0
2026-09-01,TPEX,1784,訊聯,62.2,62.2,60.0,60.5,156040.0
2026-09-01,TPEX,1785,光洋科,103.0,104.5,103.0,103.0,2842168.0
2026-09-01,TPEX,1788,杏昌,130.0,130.0,128.5,129.0,29964.0
2026-09-01,TPEX,1796,金穎生技,30.2,30.2,29.65,29.9,3096.0
2026-09-01,TPEX,1799,易威,30.15,31.0,30.15,30.5,168540.0
2026-09-01,TPEX,1813,寶利徠,11.5,11.5,11.4,11.5,12659.0
2026-09-01,TPEX,1815,富喬,126.5,132.5,125.0,129.0,69204401.0
2026-09-01,TPEX,2035,唐榮,26.2,26.6,26.0,26.6,7017.0
2026-09-01,TPEX,2061,風青,52.5,56.7,51.4,55.0,4492726.0
2026-09-01,TPEX,2063,世鎧,24.0,24.05,23.85,24.05,18140.0
2026-09-01,TPEX,2064,晉椿,12.2,12.65,12.2,12.4,298000.0
2026-09-01,TPEX,2065,世豐,36.8,36.8,36.5,36.55,25664.0
2026-09-01,TPEX,2066,世德,54.1,55.0,52.3,54.2,53076.0
2026-09-01,TPEX,2067,嘉鋼,4.9,5.0,4.9,4.92,22258.0
2026-09-01,TPEX,2070,精湛,70.1,71.4,68.1,68.1,319937.0
2026-09-01,TPEX,2073,雄順,,,,,0.0
2026-09-01,TPEX,2221,大甲,76.0,80.0,75.7,77.7,1552932.0
2026-09-01,TPEX,2230,泰茂,22.8,22.8,22.0,22.1,130606.0
2026-09-01,TPEX,2235,謚源,28.45,28.7,28.0,28.3,8307.0
2026-09-01,TPEX,2596,綠意,35.25,35.25,34.8,35.2,94789.0
2026-09-01,TPEX,2640,大車隊,157.5,160.5,156.5,156.5,57006.0
2026-09-01,TPEX,2641,正德,17.95,18.05,17.9,17.9,1483126.0
2026-09-01,TPEX,2643,捷迅,62.0,63.3,61.9,63.2,7857.0
2026-09-01,TPEX,2718,全心投控,42.45,42.45,41.8,41.8,24373.0
2026-09-01,TPEX,2719,燦星旅,20.35,20.35,20.3,20.3,3506.0
2026-09-01,TPEX,2724,藝舍-KY,10.85,10.9,10.85,10.9,5000.0
2026-09-01,TPEX,2726,雅茗-KY,8.33,8.33,8.04,8.21,31977.0
2026-09-01,TPEX,2729,瓦城,155.5,156.0,155.0,155.0,12335.0
2026-09-01,TPEX,2732,六角,64.3,65.2,64.3,65.2,26165.0
2026-09-01,TPEX,2734,易飛網,15.05,15.05,15.0,15.0,10600.0
2026-09-01,TPEX,2736,富野,12.2,12.2,11.7,11.75,105568.0
2026-09-01,TPEX,2740,華軒,30.85,30.85,30.85,30.85,1111.0
2026-09-01,TPEX,2743,山富,58.8,59.4,58.7,59.0,62422.0
2026-09-01,TPEX,2745,五福,88.2,88.9,88.1,88.3,67352.0
2026-09-01,TPEX,2751,王座,53.0,53.0,51.5,51.6,8030.0
2026-09-01,TPEX,2752,豆府,179.0,179.0,177.0,177.0,11084.0
2026-09-01,TPEX,2754,亞洲藏壽司,68.9,69.5,68.9,69.5,11540.0
2026-09-01,TPEX,2755,揚秦,101.5,102.0,101.5,102.0,24868.0
2026-09-01,TPEX,2756,聯發國際,62.3,62.4,62.1,62.3,12727.0
2026-09-01,TPEX,2916,滿心,40.1,40.1,40.0,40.0,24685.0
2026-09-01,TPEX,2924,宏太-KY,17.7,17.7,16.45,17.55,7278.0
2026-09-01,TPEX,2926,誠品生活,30.35,31.3,30.35,30.6,5458.0
2026-09-01,TPEX,2937,集雅社,44.75,44.75,44.45,44.45,4313.0
2026-09-01,TPEX,2941,米斯特,30.8,31.8,30.8,31.8,2006.0
2026-09-01,TPEX,2947,振宇五金,62.7,62.7,61.5,61.5,12214.0
2026-09-01,TPEX,2948,寶陞,36.65,38.35,36.65,38.3,9335.0
2026-09-01,TPEX,2949,欣新網,61.1,61.1,61.1,61.1,1100.0
2026-09-01,TPEX,3064,泰偉,,,,,252.0
2026-09-01,TPEX,3066,李洲,25.2,26.45,25.15,25.55,1285568.0
2026-09-01,TPEX,3067,全域,,,,,1096.0
2026-09-01,TPEX,3071,協禧,24.45,25.0,24.45,24.7,205112.0
2026-09-01,TPEX,3073,天方能源,21.9,22.15,21.8,22.15,40376.0
2026-09-01,TPEX,3078,僑威,47.95,48.6,47.9,48.45,914266.0
2026-09-01,TPEX,3081,聯亞,3600.0,3600.0,3420.0,3425.0,2633171.0
2026-09-01,TPEX,3083,網龍,23.25,23.4,23.25,23.25,30151.0
2026-09-01,TPEX,3085,新零售,,,,,218.0
2026-09-01,TPEX,3086,華義*,30.8,33.25,30.25,32.7,885438.0
2026-09-01,TPEX,3088,艾訊,123.5,127.0,121.0,125.5,972462.0
2026-09-01,TPEX,3093,港建*,47.85,48.65,47.8,48.2,258202.0
2026-09-01,TPEX,3095,及成,34.9,35.8,34.9,35.8,4349.0
2026-09-01,TPEX,3105,穩懋,448.5,492.0,444.0,492.0,56845208.0
2026-09-01,TPEX,3114,好德,33.0,34.5,33.0,34.15,274298.0
2026-09-01,TPEX,3115,富榮綱,8.46,8.65,8.46,8.61,10724.0
2026-09-01,TPEX,3118,進階,32.0,32.0,31.4,31.9,45154.0
2026-09-01,TPEX,3122,笙泉,25.85,26.6,25.85,26.15,71220.0
2026-09-01,TPEX,3128,昇銳,20.35,20.55,20.0,20.1,179186.0
2026-09-01,TPEX,3131,弘塑,2420.0,2515.0,2400.0,2480.0,655767.0
2026-09-01,TPEX,3141,晶宏,83.0,90.5,81.9,90.5,10432486.0
2026-09-01,TPEX,3147,大綜,224.0,226.0,219.0,219.0,347610.0
2026-09-01,TPEX,3152,璟德,242.0,247.0,242.0,242.5,121519.0
2026-09-01,TPEX,3158,嘉實,84.4,84.5,83.5,83.5,7673.0
2026-09-01,TPEX,3162,精確,72.6,73.4,71.9,71.9,754840.0
2026-09-01,TPEX,3163,波若威,746.0,765.0,736.0,761.0,954368.0
2026-09-01,TPEX,3169,亞信,109.0,110.5,109.0,110.5,268186.0
2026-09-01,TPEX,3171,炎洲流通,63.0,63.0,62.6,62.9,20164.0
2026-09-01,TPEX,3176,基亞,37.15,37.4,35.15,35.15,1131766.0
2026-09-01,TPEX,3178,公準,62.0,63.4,61.7,62.0,74712.0
2026-09-01,TPEX,3188,鑫龍騰,24.75,24.85,24.6,24.65,123546.0
2026-09-01,TPEX,3191,雲嘉南,17.95,17.95,17.5,17.6,20127.0
2026-09-01,TPEX,3205,佰研,47.0,47.15,46.75,47.05,39302.0
2026-09-01,TPEX,3206,志豐,35.0,35.0,34.05,34.15,16123.0
2026-09-01,TPEX,3207,耀勝,38.9,39.35,38.5,38.6,115495.0
2026-09-01,TPEX,3211,順達,395.5,410.0,385.0,406.0,9808724.0
2026-09-01,TPEX,3213,茂訊,128.0,128.5,126.5,128.5,152585.0
2026-09-01,TPEX,3217,優群,136.5,139.5,136.0,138.0,604446.0
2026-09-01,TPEX,3218,大學光,144.0,145.0,143.0,143.0,348491.0
2026-09-01,TPEX,3219,倚強科,92.5,94.5,88.1,89.2,1414349.0
2026-09-01,TPEX,3221,台嘉碩,48.05,52.0,48.05,51.3,4129885.0
2026-09-01,TPEX,3224,三顧,35.25,35.25,34.25,34.25,48145.0
2026-09-01,TPEX,3226,龍鋒,54.0,54.0,53.6,53.9,20001.0
2026-09-01,TPEX,3227,原相,195.5,198.0,194.5,196.5,511468.0
2026-09-01,TPEX,3228,金麗科,172.0,188.0,169.0,180.0,863361.0
2026-09-01,TPEX,3230,錦明,45.0,45.4,44.5,44.7,483522.0
2026-09-01,TPEX,3232,昱捷,19.8,19.8,19.75,19.75,14004.0
2026-09-01,TPEX,3234,光環,185.0,203.0,183.5,200.0,3640072.0
2026-09-01,TPEX,3236,千如,45.0,46.8,44.5,44.9,3288388.0
2026-09-01,TPEX,3252,海灣,15.6,15.8,15.5,15.5,30337.0
2026-09-01,TPEX,3259,鑫創,13.0,13.75,13.0,13.75,25601.0
2026-09-01,TPEX,3260,威剛,416.5,417.5,410.5,412.0,4084544.0
2026-09-01,TPEX,3264,欣銓,233.0,239.0,232.5,237.5,7973715.0
2026-09-01,TPEX,3265,台星科,180.5,187.0,178.0,182.5,3191273.0
2026-09-01,TPEX,3268,海德威,18.0,18.3,17.15,17.75,107177.0
2026-09-01,TPEX,3272,東碩,14.6,15.0,14.05,14.25,158648.0
2026-09-01,TPEX,3276,宇環,14.4,14.65,14.35,14.5,130098.0
2026-09-01,TPEX,3284,太普高,20.5,20.9,20.5,20.65,82375.0
2026-09-01,TPEX,3285,微端,43.0,44.1,42.1,43.15,92224.0
2026-09-01,TPEX,3287,廣寰科,38.2,38.2,37.65,37.7,154384.0
2026-09-01,TPEX,3288,點晶,21.4,21.5,20.9,21.1,23174.0
2026-09-01,TPEX,3289,宜特,138.0,144.0,138.0,143.0,669711.0
2026-09-01,TPEX,3290,東浦,49.45,50.3,49.05,49.6,518470.0
2026-09-01,TPEX,3293,鈊象,719.0,721.0,707.0,711.0,3940140.0
2026-09-01,TPEX,3294,英濟,30.6,30.85,30.3,30.6,195428.0
2026-09-01,TPEX,3297,杭特,27.65,28.15,27.65,27.8,43502.0
2026-09-01,TPEX,3303,岱稜,51.7,52.0,51.6,51.8,153843.0
2026-09-01,TPEX,3306,鼎天,44.35,44.95,44.35,44.85,33192.0
2026-09-01,TPEX,3310,佳穎,68.9,69.0,68.6,68.8,28186.0
2026-09-01,TPEX,3313,斐成,11.0,11.25,10.9,10.9,82757.0
2026-09-01,TPEX,3317,尼克森,63.9,64.6,63.1,63.2,660372.0
2026-09-01,TPEX,3322,建舜電,11.4,11.4,11.2,11.25,290669.0
2026-09-01,TPEX,3323,加百裕,29.1,29.75,29.1,29.4,232588.0
2026-09-01,TPEX,3324,雙鴻,1300.0,1375.0,1300.0,1375.0,9282828.0
2026-09-01,TPEX,3325,旭品,11.45,11.55,11.3,11.35,64832.0
2026-09-01,TPEX,3332,幸康,61.0,61.8,60.1,61.8,13160.0
2026-09-01,TPEX,3339,泰谷,48.0,49.3,45.05,47.4,6667188.0
2026-09-01,TPEX,3349,寶德,22.9,22.9,22.0,22.9,167094.0
2026-09-01,TPEX,3354,律勝,24.05,24.65,23.7,23.7,344144.0
2026-09-01,TPEX,3357,臺慶科,216.0,223.5,215.0,215.5,1529678.0
2026-09-01,TPEX,3360,尚立,15.55,15.65,15.35,15.35,388484.0
2026-09-01,TPEX,3362,先進光,202.5,206.5,200.0,200.0,974895.0
2026-09-01,TPEX,3363,上詮,742.0,813.0,735.0,786.0,7870740.0
2026-09-01,TPEX,3372,典範,14.95,15.1,14.9,14.95,318305.0
2026-09-01,TPEX,3373,熱映,16.6,16.6,16.35,16.45,23520.0
2026-09-01,TPEX,3374,精材,422.5,431.0,412.0,421.5,22315773.0
2026-09-01,TPEX,3379,彬台,29.4,29.4,28.9,29.15,46765.0
2026-09-01,TPEX,3388,崇越電,91.9,92.5,91.1,91.7,933901.0
2026-09-01,TPEX,3390,旭軟,22.5,22.55,22.35,22.4,76851.0
2026-09-01,TPEX,3402,漢科,121.0,123.0,121.0,123.0,175811.0
2026-09-01,TPEX,3430,奇鈦科,116.0,116.5,113.0,113.0,202088.0
2026-09-01,TPEX,3434,哲固,29.85,29.85,29.7,29.7,52963.0
2026-09-01,TPEX,3438,類比科,64.3,66.7,63.2,66.7,405281.0
2026-09-01,TPEX,3441,聯一光,137.0,139.0,130.0,133.0,3261860.0
2026-09-01,TPEX,3444,利機,82.9,85.6,81.7,81.7,372723.0
2026-09-01,TPEX,3455,由田,270.0,271.5,253.5,265.0,3322901.0
2026-09-01,TPEX,3465,進泰電子,29.3,29.5,29.3,29.3,5277.0
2026-09-01,TPEX,3466,德晉,25.0,25.4,24.7,25.0,119448.0
2026-09-01,TPEX,3467,台灣精材,47.95,49.2,47.95,49.1,19022.0
2026-09-01,TPEX,3479,安勤,126.0,127.0,125.0,125.5,776355.0
2026-09-01,TPEX,3483,力致,75.0,76.8,75.0,75.4,347903.0
2026-09-01,TPEX,3484,崧騰,49.5,49.95,49.3,49.6,213021.0
2026-09-01,TPEX,3485,敘豐,219.5,227.5,219.5,225.0,145285.0
2026-09-01,TPEX,3489,森寶,22.8,22.8,22.5,22.7,113736.0
2026-09-01,TPEX,3490,單井,45.7,46.3,44.3,46.15,4764685.0
2026-09-01,TPEX,3491,昇達科,1425.0,1505.0,1390.0,1480.0,1970026.0
2026-09-01,TPEX,3492,長盛,19.2,19.25,19.1,19.25,25250.0
2026-09-01,TPEX,3498,陽程,215.5,217.0,194.5,203.5,4855186.0
2026-09-01,TPEX,3499,環天科,12.5,12.8,12.4,12.65,80562.0
2026-09-01,TPEX,3508,位速,20.65,22.5,20.5,22.2,351981.0
2026-09-01,TPEX,3511,矽瑪,19.75,20.05,19.05,19.65,169134.0
2026-09-01,TPEX,3512,皇龍,19.7,19.8,19.65,19.7,26815.0
2026-09-01,TPEX,3516,亞帝歐,26.2,26.2,25.85,25.9,284161.0
2026-09-01,TPEX,3520,華盈,17.45,17.5,17.3,17.3,167424.0
2026-09-01,TPEX,3521,台鋼建設,12.1,12.2,12.1,12.1,9827.0
2026-09-01,TPEX,3522,御嵿,11.75,11.85,11.6,11.6,21194.0
2026-09-01,TPEX,3523,迎輝,15.0,15.3,15.0,15.15,13200.0
2026-09-01,TPEX,3526,凡甲,283.5,287.5,283.5,285.0,180199.0
2026-09-01,TPEX,3527,聚積,51.0,52.5,50.7,51.4,77408.0
2026-09-01,TPEX,3529,力旺,2490.0,2640.0,2490.0,2640.0,637078.0
2026-09-01,TPEX,3531,先益,21.45,21.45,21.45,21.45,1000.0
2026-09-01,TPEX,3537,堡達,55.9,56.9,55.2,55.3,378351.0
2026-09-01,TPEX,3540,曜越,25.55,25.55,24.4,24.4,2291704.0
2026-09-01,TPEX,3541,西柏,21.6,21.8,21.6,21.65,25078.0
2026-09-01,TPEX,3546,宇峻,71.1,71.6,71.0,71.3,125951.0
2026-09-01,TPEX,3548,兆利,87.0,87.6,85.2,85.5,554022.0
2026-09-01,TPEX,3551,世禾,180.0,184.5,179.0,181.0,500317.0
2026-09-01,TPEX,3552,同致,43.0,43.7,43.0,43.05,92745.0
2026-09-01,TPEX,3555,博士旺,207.5,214.5,200.5,205.0,372207.0
2026-09-01,TPEX,3556,禾瑞亞,62.1,63.2,62.1,62.5,237042.0
2026-09-01,TPEX,3558,神準,123.0,124.5,122.5,123.0,48398.0
2026-09-01,TPEX,3564,其陽,44.7,45.5,44.5,44.7,69853.0
2026-09-01,TPEX,3567,逸昌,25.25,25.75,25.25,25.75,43392.0
2026-09-01,TPEX,3570,大塚,163.5,163.5,163.0,163.0,9701.0
2026-09-01,TPEX,3577,泓格,118.5,119.5,115.0,115.0,507800.0
2026-09-01,TPEX,3580,友威科,81.0,84.0,81.0,83.2,386885.0
2026-09-01,TPEX,3581,博磊,107.5,117.5,107.5,113.5,697783.0
2026-09-01,TPEX,3587,閎康,247.0,258.5,247.0,253.5,424120.0
2026-09-01,TPEX,3594,磐儀,48.55,53.0,48.55,50.5,2631674.0
2026-09-01,TPEX,3597,映興,26.15,26.35,26.0,26.35,23177.0
2026-09-01,TPEX,3609,三一東林,17.55,18.55,17.55,18.05,209707.0
2026-09-01,TPEX,3611,鼎翰,184.0,184.5,182.5,183.0,59382.0
2026-09-01,TPEX,3615,安可,37.8,38.0,37.4,37.55,339203.0
2026-09-01,TPEX,3623,富晶通,22.7,23.3,22.55,23.3,64896.0
2026-09-01,TPEX,3624,光頡,88.5,93.4,88.5,90.2,4888622.0
2026-09-01,TPEX,3625,西勝,12.0,12.95,12.0,12.8,449383.0
2026-09-01,TPEX,3628,盈正,68.8,68.9,67.8,68.5,43596.0
2026-09-01,TPEX,3629,地心引力,20.0,20.0,20.0,20.0,2000.0
2026-09-01,TPEX,3630,新鉅科,26.6,26.75,26.0,26.05,275241.0
2026-09-01,TPEX,3631,晟楠,41.0,42.2,40.5,40.95,392175.0
2026-09-01,TPEX,3632,研勤,7.2,7.32,7.2,7.32,14719.0
2026-09-01,TPEX,3646,艾恩特,23.9,23.9,23.5,23.65,8051.0
2026-09-01,TPEX,3663,鑫科,62.7,64.0,62.4,62.5,403430.0
2026-09-01,TPEX,3664,安瑞-KY,7.5,7.59,7.5,7.59,72678.0
2026-09-01,TPEX,3666,光耀,25.05,25.05,24.8,25.0,36088.0
2026-09-01,TPEX,3672,康聯訊,12.7,12.7,12.4,12.5,21828.0
2026-09-01,TPEX,3675,德微,274.0,286.0,274.0,278.5,641740.0
2026-09-01,TPEX,3680,家登,517.0,542.0,514.0,542.0,3072795.0
2026-09-01,TPEX,3684,榮昌,53.3,53.3,53.2,53.2,4441.0
2026-09-01,TPEX,3685,元創精密,38.2,38.6,37.1,37.7,967396.0
2026-09-01,TPEX,3687,歐買尬,64.0,64.3,63.1,63.8,54636.0
2026-09-01,TPEX,3689,湧德,119.0,121.0,116.5,118.0,1723788.0
2026-09-01,TPEX,3691,碩禾,98.0,106.5,98.0,106.5,1035547.0
2026-09-01,TPEX,3693,營邦,610.0,644.0,600.0,624.0,1918565.0
2026-09-01,TPEX,3707,漢磊,62.5,64.5,62.5,63.2,2685863.0
2026-09-01,TPEX,3709,鑫聯大投控,66.6,67.2,66.6,66.6,307781.0
2026-09-01,TPEX,3710,連展投控,4.86,5.09,4.86,5.08,246003.0
2026-09-01,TPEX,3713,新晶投控,14.4,14.75,14.3,14.75,26318.0
2026-09-01,TPEX,4102,永日,19.15,19.45,19.05,19.25,8231.0
2026-09-01,TPEX,4105,東洋,78.1,78.1,77.5,77.9,292286.0
2026-09-01,TPEX,4107,邦特,113.0,114.0,113.0,114.0,36325.0
2026-09-01,TPEX,4109,加捷生醫,11.35,11.35,11.15,11.2,84126.0
2026-09-01,TPEX,4111,濟生,28.7,28.8,28.65,28.75,31392.0
2026-09-01,TPEX,4113,聯上,14.9,15.15,14.9,15.0,47665.0
2026-09-01,TPEX,4114,健喬,29.75,29.95,29.75,29.8,420397.0
2026-09-01,TPEX,4116,明基醫,40.05,40.1,40.0,40.1,14201.0
2026-09-01,TPEX,4120,友華,47.4,47.4,47.4,47.4,4075.0
2026-09-01,TPEX,4121,優盛,13.1,13.1,12.95,13.05,44819.0
2026-09-01,TPEX,4123,晟德,31.25,31.25,30.95,31.05,1682509.0
2026-09-01,TPEX,4126,太醫,77.9,77.9,77.5,77.8,34389.0
2026-09-01,TPEX,4127,天良,71.3,72.8,69.0,71.0,303800.0
2026-09-01,TPEX,4128,中天,15.1,15.25,14.95,15.0,806200.0
2026-09-01,TPEX,4129,聯合,81.7,82.0,81.3,81.8,254142.0
2026-09-01,TPEX,4131,浩泰,30.6,30.6,30.2,30.6,6317.0
2026-09-01,TPEX,4138,曜亞,52.1,52.4,51.7,51.8,38437.0
2026-09-01,TPEX,4139,馬光-KY,42.0,42.95,41.9,42.95,90881.0
2026-09-01,TPEX,4147,中裕,62.5,62.6,61.7,62.4,711001.0
2026-09-01,TPEX,4153,鈺緯,32.45,32.45,31.8,32.1,20963.0
2026-09-01,TPEX,4154,樂威科-KY,12.5,12.5,12.5,12.5,8400.0
2026-09-01,TPEX,4157,太景*-KY,9.03,9.09,8.93,8.94,675287.0
2026-09-01,TPEX,4160,訊聯基因,39.65,39.65,39.5,39.6,12425.0
2026-09-01,TPEX,4161,聿新科,22.9,22.9,22.8,22.85,25257.0
2026-09-01,TPEX,4162,智擎,59.0,59.0,58.3,58.4,205230.0
2026-09-01,TPEX,4163,鐿鈦,139.0,139.0,137.5,138.0,44972.0
2026-09-01,TPEX,4166,友霖,24.9,25.45,24.7,24.7,123179.0
2026-09-01,TPEX,4167,松瑞藥,19.65,19.85,19.4,19.5,937220.0
2026-09-01,TPEX,4168,醣聯,22.55,22.55,22.25,22.45,88311.0
2026-09-01,TPEX,4171,瑞基,17.1,17.25,16.8,17.0,49668.0
2026-09-01,TPEX,4173,久裕,17.25,17.45,17.2,17.4,38114.0
2026-09-01,TPEX,4174,浩鼎,25.5,25.5,24.9,25.05,469090.0
2026-09-01,TPEX,4175,杏一,51.5,51.8,51.5,51.7,17387.0
2026-09-01,TPEX,4183,福永生技,14.0,14.0,14.0,14.0,1000.0
2026-09-01,TPEX,4188,安克,14.5,14.9,14.5,14.55,320775.0
2026-09-01,TPEX,4192,杏國,18.55,19.0,18.55,19.0,5055.0
2026-09-01,TPEX,4198,欣大健康,43.95,44.0,43.95,43.95,3481.0
2026-09-01,TPEX,4205,中華食,69.7,69.7,69.6,69.6,15088.0
2026-09-01,TPEX,4207,環泰,20.85,20.85,20.5,20.5,66102.0
2026-09-01,TPEX,4303,信立,37.8,38.4,37.4,37.55,1277577.0
2026-09-01,TPEX,4304,勝昱,23.0,23.6,22.8,22.8,189192.0
2026-09-01,TPEX,4305,世坤,,,,,0.0
2026-09-01,TPEX,4401,東隆興,13.95,14.3,13.75,13.9,57861.0
2026-09-01,TPEX,4402,郡都開發,15.35,15.35,14.85,14.85,6230.0
2026-09-01,TPEX,4406,新昕纖,10.1,10.15,9.96,10.05,46000.0
2026-09-01,TPEX,4413,飛寶企業,20.05,20.1,19.8,19.95,69262.0
2026-09-01,TPEX,4416,三圓,12.7,12.75,12.3,12.45,1135257.0
2026-09-01,TPEX,4417,金洲,47.1,47.2,46.95,47.15,65607.0
2026-09-01,TPEX,4419,皇家美食,45.75,45.75,45.7,45.75,3000.0
2026-09-01,TPEX,4420,光明,36.75,37.85,36.75,37.7,82840.0
2026-09-01,TPEX,4430,耀億,17.8,18.05,17.8,17.8,21975.0
2026-09-01,TPEX,4432,銘旺實,15.75,15.9,15.75,15.8,11299.0
2026-09-01,TPEX,4433,興采,18.95,18.95,18.8,18.95,38351.0
2026-09-01,TPEX,4442,竣邦-KY,51.5,51.6,50.7,50.7,25048.0
2026-09-01,TPEX,4502,健信,15.65,15.65,15.4,15.65,28203.0
2026-09-01,TPEX,4503,金雨,24.95,25.15,24.8,24.8,127671.0
2026-09-01,TPEX,4506,崇友,122.0,123.0,121.5,122.0,53021.0
2026-09-01,TPEX,4510,高鋒,44.95,45.8,44.55,44.55,738891.0
2026-09-01,TPEX,4513,福裕,16.05,16.3,16.05,16.1,228662.0
2026-09-01,TPEX,4523,永彰,23.8,24.2,23.8,24.1,48201.0
2026-09-01,TPEX,4527,方土霖,40.7,40.75,40.5,40.75,71183.0
2026-09-01,TPEX,4528,江興鍛,15.05,15.1,15.0,15.05,8855.0
2026-09-01,TPEX,4529,淳紳,3.71,4.03,3.71,3.99,60205.0
2026-09-01,TPEX,4530,天意能創,28.55,30.25,28.55,28.6,10071.0
2026-09-01,TPEX,4533,協易機,26.5,26.6,25.95,26.45,977102.0
2026-09-01,TPEX,4534,慶騰,29.6,30.4,29.6,30.0,396273.0
2026-09-01,TPEX,4535,至興,28.0,28.9,27.95,28.05,17004.0
2026-09-01,TPEX,4538,大詠城,17.95,18.1,17.7,17.7,16016.0
2026-09-01,TPEX,4541,晟田,66.7,67.4,66.3,66.5,1100445.0
2026-09-01,TPEX,4542,科嶠,306.0,319.0,302.5,306.0,2088821.0
2026-09-01,TPEX,4543,萬在,29.95,30.55,29.95,30.45,80217.0
2026-09-01,TPEX,4549,桓達,103.0,103.0,100.0,102.0,161478.0
2026-09-01,TPEX,4550,長佳,24.0,24.0,24.0,24.0,8060.0
2026-09-01,TPEX,4554,橙的,30.1,30.1,29.6,29.85,33820.0
2026-09-01,TPEX,4556,旭然,70.1,72.1,70.0,70.6,202470.0
2026-09-01,TPEX,4558,寶緯,17.2,17.6,17.2,17.5,42270.0
2026-09-01,TPEX,4561,健椿,43.6,44.0,42.8,43.65,161627.0
2026-09-01,TPEX,4563,百德,41.9,44.75,41.9,44.75,242321.0
2026-09-01,TPEX,4568,科際精密,39.5,40.1,39.5,40.1,8201.0
2026-09-01,TPEX,4577,達航科技,86.0,89.2,84.9,87.4,605289.0
2026-09-01,TPEX,4580,捷流閥業,87.0,87.0,87.0,87.0,594487.0
2026-09-01,TPEX,4584,君帆,39.0,39.15,38.5,39.15,6374.0
2026-09-01,TPEX,4609,唐鋒,4.45,4.45,4.25,4.25,7000.0
2026-09-01,TPEX,4702,中美實,9.64,9.78,9.63,9.68,88333.0
2026-09-01,TPEX,4706,大恭,32.4,32.4,32.4,32.4,1000.0
2026-09-01,TPEX,4707,磐亞,33.5,34.35,32.25,32.25,3689085.0
2026-09-01,TPEX,4711,永純,16.9,17.0,16.7,16.8,33687.0
2026-09-01,TPEX,4714,永捷,11.1,11.15,10.9,10.9,1070519.0
2026-09-01,TPEX,4716,大立,19.3,19.35,17.5,17.55,4997507.0
2026-09-01,TPEX,4721,美琪瑪,74.9,75.0,73.7,73.7,316557.0
2026-09-01,TPEX,4726,永昕,24.05,24.25,24.0,24.25,108031.0
2026-09-01,TPEX,4728,雙美,402.0,405.0,402.0,405.0,2167.0
2026-09-01,TPEX,4729,熒茂,18.9,19.05,18.8,18.95,52250.0
2026-09-01,TPEX,4735,豪展,38.6,38.6,37.8,37.8,70520.0
2026-09-01,TPEX,4741,泓瀚,43.2,44.15,42.8,42.85,126005.0
2026-09-01,TPEX,4743,合一,46.55,46.9,46.35,46.45,504275.0
2026-09-01,TPEX,4744,皇將,27.7,27.7,27.0,27.0,25055.0
2026-09-01,TPEX,4745,合富-KY,11.9,11.9,11.65,11.85,19528.0
2026-09-01,TPEX,4747,強生*,27.35,27.35,26.0,26.05,102115.0
2026-09-01,TPEX,4749,新應材,780.0,814.0,773.0,799.0,640651.0
2026-09-01,TPEX,4754,國碳科,38.6,38.65,38.55,38.6,45847.0
2026-09-01,TPEX,4760,勤凱,258.0,275.0,258.0,268.0,468862.0
2026-09-01,TPEX,4767,誠泰科技,29.0,29.1,28.6,28.6,9377.0
2026-09-01,TPEX,4768,晶呈科技,311.5,315.0,306.5,307.5,253213.0
2026-09-01,TPEX,4772,台特化,259.0,264.5,259.0,261.5,445413.0
2026-09-01,TPEX,4806,桂田文創,9.0,9.0,8.81,9.0,16055.0
2026-09-01,TPEX,4903,聯光通,36.5,37.75,36.5,37.6,1222301.0
2026-09-01,TPEX,4905,台聯電,91.4,91.4,89.4,89.4,60900.0
2026-09-01,TPEX,4907,富宇,46.75,47.9,46.75,47.8,61861.0
2026-09-01,TPEX,4908,前鼎,229.0,229.5,225.0,229.5,2057908.0
2026-09-01,TPEX,4909,新復興,38.7,40.5,38.7,39.15,392610.0
2026-09-01,TPEX,4911,德英,28.8,29.5,28.7,29.5,39729.0
2026-09-01,TPEX,4923,力士,55.9,56.2,53.7,54.2,277026.0
2026-09-01,TPEX,4924,欣厚-KY,10.05,10.05,9.9,9.99,19018.0
2026-09-01,TPEX,4931,新盛力,260.5,266.0,254.0,260.5,5290358.0
2026-09-01,TPEX,4933,友輝,55.4,55.8,55.1,55.1,48501.0
2026-09-01,TPEX,4939,亞電,88.6,89.4,86.3,87.1,4934613.0
2026-09-01,TPEX,4946,辣椒,93.0,93.0,91.8,91.8,22111.0
2026-09-01,TPEX,4950,金耘國際,16.3,16.3,16.3,16.3,2051.0
2026-09-01,TPEX,4951,精拓科,78.4,79.4,78.4,79.2,133139.0
2026-09-01,TPEX,4953,緯致,123.0,123.5,122.5,122.5,154653.0
2026-09-01,TPEX,4966,譜瑞-KY,583.0,592.0,579.0,580.0,667523.0
2026-09-01,TPEX,4971,IET-KY,612.0,660.0,600.0,660.0,5517884.0
2026-09-01,TPEX,4972,湯石照明,17.0,17.0,16.6,16.75,15827.0
2026-09-01,TPEX,4973,廣穎,156.0,156.0,153.0,153.0,701024.0
2026-09-01,TPEX,4974,亞泰,68.9,70.0,68.7,69.1,81837.0
2026-09-01,TPEX,4979,華星光,609.0,613.0,595.0,600.0,2166344.0
2026-09-01,TPEX,4991,環宇-KY,530.0,554.0,511.0,544.0,9314882.0
2026-09-01,TPEX,4995,晶達,50.1,50.5,50.1,50.3,19380.0
2026-09-01,TPEX,5009,榮剛,34.0,35.25,33.9,34.15,3660871.0
2026-09-01,TPEX,5011,久陽,18.25,18.7,18.25,18.3,202320.0
2026-09-01,TPEX,5013,強新,28.15,28.55,28.15,28.55,7347.0
2026-09-01,TPEX,5014,建錩,10.15,10.15,10.05,10.1,198095.0
2026-09-01,TPEX,5015,華祺,21.9,22.1,21.85,22.1,31234.0
2026-09-01,TPEX,5016,松和,24.5,24.6,24.5,24.5,10000.0
2026-09-01,TPEX,5201,凱衛,26.25,26.25,25.65,26.0,23031.0
2026-09-01,TPEX,5202,力新,12.05,12.05,12.0,12.0,76648.0
2026-09-01,TPEX,5205,中茂,20.55,20.55,20.55,20.55,1223.0
2026-09-01,TPEX,5206,坤悅,23.25,23.45,23.2,23.35,209065.0
2026-09-01,TPEX,5209,新鼎,155.5,155.5,154.0,155.5,97232.0
2026-09-01,TPEX,5210,寶碩,29.0,29.0,28.6,28.6,135269.0
2026-09-01,TPEX,5211,蒙恬,19.35,19.4,19.15,19.15,18007.0
2026-09-01,TPEX,5212,凌網,47.0,47.0,46.55,46.6,10090.0
2026-09-01,TPEX,5213,亞昕,21.1,21.25,20.95,21.0,285700.0
2026-09-01,TPEX,5220,萬達光電,19.8,20.0,19.8,20.0,5157.0
2026-09-01,TPEX,5223,安力-KY,23.3,23.5,23.3,23.5,18101.0
2026-09-01,TPEX,5227,立凱-KY,30.35,31.55,30.35,31.45,205921.0
2026-09-01,TPEX,5228,鈺鎧,41.6,42.75,41.45,41.55,184764.0
2026-09-01,TPEX,5230,雷笛克光學,18.05,18.1,17.8,17.9,32241.0
2026-09-01,TPEX,5245,智晶,23.8,23.8,23.05,23.2,38000.0
2026-09-01,TPEX,5251,天鉞電,26.0,26.3,25.95,26.3,28621.0
2026-09-01,TPEX,5263,智崴,98.8,100.0,98.1,99.6,159453.0
2026-09-01,TPEX,5272,笙科,17.35,17.35,16.8,17.1,129906.0
2026-09-01,TPEX,5274,信驊,16210.0,17670.0,16000.0,17120.0,504459.0
2026-09-01,TPEX,5276,達輝-KY,18.7,18.7,18.3,18.3,4000.0
2026-09-01,TPEX,5278,尚凡*,24.65,24.65,24.3,24.45,46329.0
2026-09-01,TPEX,5287,數字,136.5,136.5,136.0,136.5,68755.0
2026-09-01,TPEX,5289,宜鼎,1465.0,1475.0,1425.0,1450.0,1543182.0
2026-09-01,TPEX,5291,邑昇,69.6,73.2,68.7,72.4,2687697.0
2026-09-01,TPEX,5299,杰力,97.3,99.1,97.3,98.1,116973.0
2026-09-01,TPEX,5301,寶得利,5.67,5.75,5.67,5.75,7931.0
2026-09-01,TPEX,5302,太欣,10.2,10.45,10.2,10.35,249330.0
2026-09-01,TPEX,5309,系統電,53.9,54.3,53.5,53.5,971021.0
2026-09-01,TPEX,5310,天剛,24.3,24.3,24.3,24.3,1557.0
2026-09-01,TPEX,5312,寶島科,92.1,92.3,91.3,91.6,41648.0
2026-09-01,TPEX,5314,世紀*,36.0,36.8,34.4,35.3,5352178.0
2026-09-01,TPEX,5315,光聯,19.3,19.3,19.1,19.15,104718.0
2026-09-01,TPEX,5321,美而快,86.1,86.1,78.1,78.2,1842228.0
2026-09-01,TPEX,5324,士開,12.3,12.3,12.2,12.3,194481.0
2026-09-01,TPEX,5328,華容,62.5,64.2,62.2,62.3,5154965.0
2026-09-01,TPEX,5340,建榮,83.2,86.0,83.2,84.3,2571239.0
2026-09-01,TPEX,5344,立衛,13.6,13.65,13.6,13.6,24001.0
2026-09-01,TPEX,5345,馥鴻,21.9,21.9,21.9,21.9,3857.0
2026-09-01,TPEX,5347,世界,152.5,156.5,152.0,153.5,9584951.0
2026-09-01,TPEX,5348,正能量智能,16.8,16.8,16.8,16.8,1010.0
2026-09-01,TPEX,5351,鈺創,119.5,121.5,116.0,119.5,16305281.0
2026-09-01,TPEX,5353,台林,28.15,28.15,27.85,28.1,45096.0
2026-09-01,TPEX,5355,佳總,5.74,5.86,5.73,5.86,78006.0
2026-09-01,TPEX,5356,協益,26.4,26.45,25.9,26.1,58918.0
2026-09-01,TPEX,5364,力麗店,8.46,8.52,8.42,8.46,61188.0
2026-09-01,TPEX,5381,光譜,27.1,27.45,26.35,26.5,1050656.0
2026-09-01,TPEX,5386,青雲,284.0,284.5,273.0,277.5,1782083.0
2026-09-01,TPEX,5392,能率,46.45,46.45,44.7,44.7,1693205.0
2026-09-01,TPEX,5398,慕康生醫,14.3,14.65,14.2,14.2,112414.0
2026-09-01,TPEX,5403,中菲,93.0,94.3,92.7,94.3,100981.0
2026-09-01,TPEX,5410,國眾,35.8,35.8,35.65,35.65,254638.0
2026-09-01,TPEX,5425,台半,94.4,97.6,94.1,95.2,13402345.0
2026-09-01,TPEX,5426,振發,30.85,31.75,30.1,30.5,2320232.0
2026-09-01,TPEX,5432,新門,157.5,158.0,151.5,151.5,217489.0
2026-09-01,TPEX,5438,東友,16.8,16.9,16.75,16.85,18690.0
2026-09-01,TPEX,5439,高技,269.0,280.5,263.0,275.0,5310341.0
2026-09-01,TPEX,5443,均豪,117.5,123.0,111.5,111.5,6176492.0
2026-09-01,TPEX,5450,南良,14.8,15.0,14.7,14.7,53882.0
2026-09-01,TPEX,5452,佶優,27.8,28.35,27.8,27.85,387096.0
2026-09-01,TPEX,5455,昇益,30.4,30.4,30.4,30.4,1000.0
2026-09-01,TPEX,5457,宣德,28.0,28.7,27.8,27.9,402550.0
2026-09-01,TPEX,5460,同協,15.85,15.9,15.85,15.9,18213.0
2026-09-01,TPEX,5464,霖宏,74.3,74.3,69.0,69.0,322328.0
2026-09-01,TPEX,5465,富驊,24.4,24.8,24.4,24.7,94448.0
2026-09-01,TPEX,5468,凱鈺,25.2,25.6,24.3,25.2,237047.0
2026-09-01,TPEX,5474,聰泰,154.0,154.5,151.5,151.5,56397.0
2026-09-01,TPEX,5475,德宏,206.0,212.5,198.0,200.5,6420091.0
2026-09-01,TPEX,5478,智冠,98.5,98.7,98.3,98.4,68208.0
2026-09-01,TPEX,5481,新華,20.85,21.1,20.4,20.8,258391.0
2026-09-01,TPEX,5483,中美晶,178.5,185.0,178.0,183.5,16192278.0
2026-09-01,TPEX,5487,通泰,28.75,29.5,28.75,29.5,34150.0
2026-09-01,TPEX,5488,松普,12.0,12.2,11.9,12.05,646862.0
2026-09-01,TPEX,5489,彩富,41.2,41.55,40.7,41.55,60415.0
2026-09-01,TPEX,5490,同亨,27.6,28.0,27.55,27.9,404251.0
2026-09-01,TPEX,5493,三聯,86.7,87.9,86.1,86.8,114236.0
2026-09-01,TPEX,5498,凱崴,56.1,59.2,55.8,56.4,3875710.0
2026-09-01,TPEX,5508,永信建,52.8,53.2,52.6,52.9,181731.0
2026-09-01,TPEX,5511,德昌,70.9,71.5,70.9,71.0,82258.0
2026-09-01,TPEX,5512,力麒,7.72,7.75,7.71,7.73,525883.0
2026-09-01,TPEX,5514,三豐,14.8,14.8,14.2,14.8,33039.0
2026-09-01,TPEX,5516,雙喜,11.8,11.95,11.75,11.75,22082.0
2026-09-01,TPEX,5520,力泰,83.8,83.8,82.8,82.8,8000.0
2026-09-01,TPEX,5523,豐謙,,,,,67.0
2026-09-01,TPEX,5529,鉅陞,22.25,23.2,22.15,22.7,185611.0
2026-09-01,TPEX,5530,龍巖,50.1,50.3,50.0,50.2,303795.0
2026-09-01,TPEX,5536,聖暉*,872.0,893.0,870.0,883.0,693037.0
2026-09-01,TPEX,5543,桓鼎-KY,30.2,30.2,29.0,29.95,22000.0
2026-09-01,TPEX,5547,久舜,19.6,20.1,19.6,19.85,24000.0
2026-09-01,TPEX,5548,安倉,20.6,20.6,20.25,20.45,20133.0
2026-09-01,TPEX,5601,台聯櫃,,,,,35.0
2026-09-01,TPEX,5603,陸海,14.1,14.25,14.05,14.05,49587.0
2026-09-01,TPEX,5604,中連,30.85,31.0,30.85,30.85,19032.0
2026-09-01,TPEX,5609,中菲行,78.1,78.1,77.7,77.8,123631.0
2026-09-01,TPEX,5701,劍湖山,4.19,4.45,4.15,4.45,87990.0
2026-09-01,TPEX,5703,亞都,14.0,14.0,13.95,13.95,31775.0
2026-09-01,TPEX,5704,老爺知,23.3,23.55,23.3,23.55,34245.0
2026-09-01,TPEX,5864,致和證,35.8,36.9,35.75,36.6,2605339.0
2026-09-01,TPEX,5878,台名,38.5,38.5,38.1,38.5,6500.0
2026-09-01,TPEX,5902,德記,34.8,34.8,34.7,34.7,4113.0
2026-09-01,TPEX,5903,全家,184.5,185.5,184.0,185.5,25700.0
2026-09-01,TPEX,5904,寶雅*,75.0,75.0,73.5,73.5,7431004.0
2026-09-01,TPEX,5905,南仁湖,7.82,7.85,7.75,7.79,270118.0
2026-09-01,TPEX,6015,宏遠證,16.35,16.75,16.35,16.6,2381110.0
2026-09-01,TPEX,6016,康和證,21.25,21.8,21.25,21.55,3207305.0
2026-09-01,TPEX,6020,大展證,20.95,21.4,20.95,20.95,18100.0
2026-09-01,TPEX,6021,美好證,38.8,39.35,38.8,39.1,82506.0
2026-09-01,TPEX,6023,元大期,85.7,86.6,85.3,85.6,592719.0
2026-09-01,TPEX,6026,福邦證,15.0,15.25,15.0,15.15,892172.0
2026-09-01,TPEX,6028,公勝保經,95.8,96.2,94.7,96.2,5248.0
2026-09-01,TPEX,6101,寬魚國際,38.55,39.2,37.5,37.7,476861.0
2026-09-01,TPEX,6103,合邦,46.9,46.9,44.6,44.6,28657.0
2026-09-01,TPEX,6104,創惟,97.6,99.5,97.4,98.0,382187.0
2026-09-01,TPEX,6109,亞元,10.9,10.95,10.75,10.9,100985.0
2026-09-01,TPEX,6111,光聚晶電,38.0,38.15,36.9,38.15,198854.0
2026-09-01,TPEX,6113,亞矽,22.8,23.2,22.8,23.1,56374.0
2026-09-01,TPEX,6114,久威,25.4,25.65,25.2,25.25,10186.0
2026-09-01,TPEX,6118,建達,15.3,15.6,15.2,15.2,71446.0
2026-09-01,TPEX,6121,新普,403.5,411.0,403.5,408.5,372543.0
2026-09-01,TPEX,6122,擎邦,48.0,48.55,48.0,48.05,93738.0
2026-09-01,TPEX,6123,上奇,43.6,43.65,43.5,43.55,32868.0
2026-09-01,TPEX,6124,業強,27.3,27.4,27.05,27.05,15861.0
2026-09-01,TPEX,6125,廣運,50.6,51.4,50.2,50.8,638633.0
2026-09-01,TPEX,6126,信音,30.2,30.4,30.15,30.15,369625.0
2026-09-01,TPEX,6127,九豪,48.7,51.5,48.7,50.4,3963194.0
2026-09-01,TPEX,6129,普誠,13.15,13.35,13.05,13.1,553233.0
2026-09-01,TPEX,6130,上亞科技,27.1,27.15,26.8,26.8,69435.0
2026-09-01,TPEX,6134,萬旭,28.7,29.2,28.7,28.95,109454.0
2026-09-01,TPEX,6138,茂達,291.0,296.0,291.0,293.5,525603.0
2026-09-01,TPEX,6140,訊達,16.95,17.0,16.95,16.95,26710.0
2026-09-01,TPEX,6143,振曜,88.4,89.3,88.4,88.5,323026.0
2026-09-01,TPEX,6144,得利影,13.4,13.65,13.4,13.65,5023.0
2026-09-01,TPEX,6146,耕興,192.0,195.0,192.0,194.0,167711.0
2026-09-01,TPEX,6147,頎邦,178.0,187.0,175.5,183.5,23238950.0
2026-09-01,TPEX,6148,驊宏資,28.0,28.15,27.9,28.0,34570.0
2026-09-01,TPEX,6150,撼訊,61.5,61.5,60.4,60.9,91362.0
2026-09-01,TPEX,6151,晉倫,36.0,36.3,35.6,35.9,133454.0
2026-09-01,TPEX,6154,順發,14.1,14.1,13.85,14.1,36014.0
2026-09-01,TPEX,6156,松上,21.15,21.4,21.1,21.3,445344.0
2026-09-01,TPEX,6158,禾昌,16.6,16.85,16.5,16.85,50868.0
2026-09-01,TPEX,6160,欣技,15.1,15.55,15.05,15.05,47331.0
2026-09-01,TPEX,6161,捷波,49.6,50.4,49.6,50.0,51290.0
2026-09-01,TPEX,6163,華電網,41.85,42.9,41.85,41.95,442475.0
2026-09-01,TPEX,6167,久正,10.5,10.6,10.35,10.45,508680.0
2026-09-01,TPEX,6169,昱泉,12.4,12.5,12.3,12.35,13232.0
2026-09-01,TPEX,6170,統振,48.15,48.2,47.95,48.0,159030.0
2026-09-01,TPEX,6171,大城地產,26.7,26.7,26.3,26.45,35954.0
2026-09-01,TPEX,6173,信昌電,255.5,270.5,254.0,261.5,22089519.0
2026-09-01,TPEX,6174,安碁,45.5,46.25,44.5,44.75,737715.0
2026-09-01,TPEX,6175,立敦,74.0,76.5,73.5,73.7,1015824.0
2026-09-01,TPEX,6179,亞通,30.45,30.6,29.55,30.2,3897676.0
2026-09-01,TPEX,6180,橘子,41.2,41.5,40.8,40.8,495911.0
2026-09-01,TPEX,6182,合晶,106.5,116.0,106.5,116.0,72836683.0
2026-09-01,TPEX,6185,幃翔,13.0,13.05,12.8,12.9,219871.0
2026-09-01,TPEX,6186,新潤,32.0,32.0,31.1,31.35,913630.0
2026-09-01,TPEX,6187,萬潤,1350.0,1395.0,1320.0,1375.0,3193859.0
2026-09-01,TPEX,6188,廣明,67.2,68.1,67.2,67.9,370094.0
2026-09-01,TPEX,6190,萬泰科,71.0,73.2,70.8,71.6,2972694.0
2026-09-01,TPEX,6194,育富,29.85,29.85,29.4,29.75,23278.0
2026-09-01,TPEX,6195,詩肯,27.85,28.0,27.85,27.95,11467.0
2026-09-01,TPEX,6198,瑞築,19.85,19.85,19.4,19.4,6000.0
2026-09-01,TPEX,6199,天品,92.1,93.9,92.1,93.1,717394.0
2026-09-01,TPEX,6203,海韻電,60.0,60.3,59.8,60.3,55003.0
2026-09-01,TPEX,6204,艾華,84.5,90.3,84.3,90.0,390439.0
2026-09-01,TPEX,6207,雷科,105.0,110.5,105.0,107.5,2906079.0
2026-09-01,TPEX,6208,日揚,81.5,82.1,81.5,81.6,184786.0
2026-09-01,TPEX,6210,慶生,,,,,354.0
2026-09-01,TPEX,6212,理銘,,,,,118.0
2026-09-01,TPEX,6217,中探針,174.5,189.5,171.5,189.5,6265862.0
2026-09-01,TPEX,6218,豪勉,40.6,41.95,40.35,41.6,1336887.0
2026-09-01,TPEX,6219,富旺,12.05,12.1,12.05,12.1,29980.0
2026-09-01,TPEX,6220,岳豐,26.2,26.4,25.7,25.85,226031.0
2026-09-01,TPEX,6221,晉泰,21.7,21.7,21.55,21.55,123152.0
2026-09-01,TPEX,6222,立軒,19.9,20.0,19.5,20.0,19000.0
2026-09-01,TPEX,6223,旺矽,5200.0,5585.0,5090.0,5410.0,1649021.0
2026-09-01,TPEX,6227,茂綸,112.0,115.5,111.5,113.5,427838.0
2026-09-01,TPEX,6228,全譜,,,,,100.0
2026-09-01,TPEX,6229,研通,24.25,24.25,23.75,23.95,34410.0
2026-09-01,TPEX,6231,系微,219.5,224.0,219.0,222.5,145636.0
2026-09-01,TPEX,6233,旺玖,21.25,21.75,21.25,21.3,98782.0
2026-09-01,TPEX,6234,高僑,36.1,36.7,35.8,35.8,267033.0
2026-09-01,TPEX,6236,中湛,19.05,19.05,19.05,19.05,2000.0
2026-09-01,TPEX,6237,驊訊,34.65,35.35,34.65,35.15,126333.0
2026-09-01,TPEX,6240,松崗,26.05,27.8,25.2,25.8,341315.0
2026-09-01,TPEX,6241,鑫永洋,17.05,17.25,16.85,17.25,90271.0
2026-09-01,TPEX,6242,立康,33.6,33.6,33.6,33.6,3161.0
2026-09-01,TPEX,6244,茂迪,24.0,24.3,23.9,23.9,1389573.0
2026-09-01,TPEX,6245,立端,78.5,79.7,78.3,78.8,609886.0
2026-09-01,TPEX,6246,臺龍,12.5,12.55,12.2,12.35,32906.0
2026-09-01,TPEX,6248,沛波,17.05,17.2,17.05,17.15,31536.0
2026-09-01,TPEX,6259,百徽,30.6,32.1,30.6,30.6,428892.0
2026-09-01,TPEX,6261,久元,78.0,82.0,77.9,81.9,675395.0
2026-09-01,TPEX,6263,普萊德,166.0,166.0,164.5,165.5,114130.0
2026-09-01,TPEX,6264,富裔,6.07,6.08,5.98,6.05,17152.0
2026-09-01,TPEX,6265,方土昶,58.0,58.0,56.2,56.7,3033084.0
2026-09-01,TPEX,6266,泰詠,24.8,24.8,24.65,24.75,122842.0
2026-09-01,TPEX,6270,倍微,29.65,30.4,29.65,29.65,229069.0
2026-09-01,TPEX,6274,台燿,1435.0,1480.0,1430.0,1450.0,4920102.0
2026-09-01,TPEX,6275,元山,46.5,46.55,46.0,46.05,195173.0
2026-09-01,TPEX,6276,安鈦克,20.1,20.6,19.75,20.2,27667.0
2026-09-01,TPEX,6279,胡連,125.0,128.0,125.0,126.5,670569.0
2026-09-01,TPEX,6284,佳邦,77.9,81.4,77.9,80.1,2504601.0
2026-09-01,TPEX,6290,良維,252.0,268.0,251.0,259.5,5401763.0
2026-09-01,TPEX,6291,沛亨,405.0,434.0,405.0,424.0,795338.0
2026-09-01,TPEX,6292,迅德,62.6,62.9,61.8,61.8,130366.0
2026-09-01,TPEX,6294,智基,28.9,28.9,28.65,28.9,15459.0
2026-09-01,TPEX,6411,晶焱,79.8,81.4,79.8,80.6,173314.0
2026-09-01,TPEX,6417,韋僑,106.0,106.5,105.5,106.5,48417.0
2026-09-01,TPEX,6418,詠昇,35.0,36.6,34.5,35.6,281117.0
2026-09-01,TPEX,6419,京晨科,153.5,156.0,153.5,154.0,120347.0
2026-09-01,TPEX,6423,億而得,80.8,82.8,79.8,82.8,43150.0
2026-09-01,TPEX,6425,易發,68.6,69.8,67.3,67.4,2322063.0
2026-09-01,TPEX,6432,今展科,63.6,64.5,62.6,62.8,392740.0
2026-09-01,TPEX,6435,大中,246.0,254.0,246.0,248.5,488541.0
2026-09-01,TPEX,6441,廣錠,21.25,21.7,21.25,21.35,51051.0
2026-09-01,TPEX,6461,益得,16.8,17.2,16.6,16.65,130133.0
2026-09-01,TPEX,6462,神盾,101.0,102.5,100.5,101.0,385479.0
2026-09-01,TPEX,6465,威潤,48.45,49.3,47.5,47.5,267010.0
2026-09-01,TPEX,6469,大樹,68.0,68.2,67.3,67.6,544796.0
2026-09-01,TPEX,6470,宇智,41.5,41.6,41.15,41.6,49675.0
2026-09-01,TPEX,6474,華豫寧,36.95,37.4,36.65,36.8,48342.0
2026-09-01,TPEX,6482,弘煜科,24.85,25.3,24.85,24.85,15302.0
2026-09-01,TPEX,6485,點序,63.0,63.0,61.5,62.0,143230.0
2026-09-01,TPEX,6486,互動,77.8,77.8,75.8,76.6,106630.0
2026-09-01,TPEX,6488,環球晶,908.0,998.0,908.0,994.0,12770310.0
2026-09-01,TPEX,6492,生華科,34.5,34.5,34.25,34.35,152348.0
2026-09-01,TPEX,6494,九齊,54.4,55.1,54.3,55.0,87680.0
2026-09-01,TPEX,6496,科懋,24.85,24.9,24.05,24.35,5564.0
2026-09-01,TPEX,6498,久禾光,74.8,75.0,73.3,73.6,161277.0
2026-09-01,TPEX,6499,益安,75.1,76.7,73.9,74.3,678228.0
2026-09-01,TPEX,6506,雙邦,17.9,18.05,17.9,18.0,54043.0
2026-09-01,TPEX,6508,惠光,25.7,26.0,25.7,25.95,11748.0
2026-09-01,TPEX,6509,聚和,45.75,46.35,45.45,46.0,610863.0
2026-09-01,TPEX,6510,精測,2925.0,3125.0,2925.0,3125.0,898482.0
2026-09-01,TPEX,6512,啟發電,20.6,20.6,20.15,20.6,6664.0
2026-09-01,TPEX,6516,勤崴國際,58.7,58.7,57.4,58.3,31013.0
2026-09-01,TPEX,6517,保勝光學,71.5,71.8,69.0,69.1,602163.0
2026-09-01,TPEX,6523,達爾膚,89.5,89.7,89.5,89.6,10211.0
2026-09-01,TPEX,6527,明達醫,74.7,75.0,74.5,74.5,17079.0
2026-09-01,TPEX,6530,創威,89.9,96.9,89.1,96.4,5744138.0
2026-09-01,TPEX,6532,瑞耘,99.6,102.0,95.1,98.6,1994814.0
2026-09-01,TPEX,6535,順藥,73.7,77.3,73.7,74.8,657565.0
2026-09-01,TPEX,6538,倉和,224.0,226.0,224.0,226.0,846472.0
2026-09-01,TPEX,6542,隆中,45.4,45.4,44.15,44.15,18371.0
2026-09-01,TPEX,6546,正基,62.8,63.6,62.7,63.0,133674.0
2026-09-01,TPEX,6547,高端疫苗,63.9,63.9,60.6,61.3,7959754.0
2026-09-01,TPEX,6548,長科*,71.1,72.8,70.6,72.8,1719110.0
2026-09-01,TPEX,6556,勝品,60.5,61.0,60.5,61.0,3097.0
2026-09-01,TPEX,6560,欣普羅,31.0,31.2,31.0,31.0,27007.0
2026-09-01,TPEX,6561,是方,320.0,326.0,320.0,322.5,45074.0
2026-09-01,TPEX,6568,宏觀,132.0,135.0,132.0,132.5,48802.0
2026-09-01,TPEX,6569,醫揚,91.5,92.0,91.4,92.0,32143.0
2026-09-01,TPEX,6570,維田,50.6,51.8,50.6,51.7,87126.0
2026-09-01,TPEX,6574,霈方,120.5,122.0,119.5,119.5,50207.0
2026-09-01,TPEX,6576,逸達,80.7,81.1,80.2,81.0,90735.0
2026-09-01,TPEX,6577,勁豐,80.9,81.2,80.0,80.0,46099.0
2026-09-01,TPEX,6578,達邦蛋白,18.05,18.05,17.9,17.9,23097.0
2026-09-01,TPEX,6584,南俊國際,629.0,677.0,625.0,667.0,1467151.0
2026-09-01,TPEX,6588,東典光電,111.5,112.0,107.0,109.0,1599141.0
2026-09-01,TPEX,6590,普鴻,63.6,64.7,63.6,64.3,14472.0
2026-09-01,TPEX,6593,台灣銘板,32.85,32.85,31.75,31.75,119335.0
2026-09-01,TPEX,6596,寬宏藝術,96.7,96.7,96.3,96.3,53242.0
2026-09-01,TPEX,6597,立誠,,,,,100.0
2026-09-01,TPEX,6603,富強鑫,25.6,26.0,25.55,25.55,767180.0
2026-09-01,TPEX,6609,瀧澤科,39.85,40.2,39.65,40.1,143981.0
2026-09-01,TPEX,6612,奈米醫材,71.6,71.6,71.5,71.5,14586.0
2026-09-01,TPEX,6613,朋億*,279.0,279.0,271.0,274.0,664533.0
2026-09-01,TPEX,6615,慧智,34.45,34.6,34.3,34.6,6824.0
2026-09-01,TPEX,6616,特昇-KY,8.14,8.2,8.13,8.2,14000.0
2026-09-01,TPEX,6617,共信-KY,121.0,124.5,119.5,122.0,979189.0
2026-09-01,TPEX,6620,漢達,102.0,102.0,86.8,86.8,4752630.0
2026-09-01,TPEX,6624,萬年清,41.3,41.3,41.3,41.3,1008.0
2026-09-01,TPEX,6629,泰金-KY,109.5,112.5,108.5,109.0,49021.0
2026-09-01,TPEX,6637,醫影,56.1,56.2,55.8,55.8,39241.0
2026-09-01,TPEX,6640,均華,1175.0,1250.0,1120.0,1120.0,1346253.0
2026-09-01,TPEX,6642,富致,81.0,84.0,81.0,82.3,265206.0
2026-09-01,TPEX,6643,M31,412.5,438.0,412.5,422.0,590441.0
2026-09-01,TPEX,6649,台生材,34.45,35.4,34.45,35.4,12004.0
2026-09-01,TPEX,6651,全宇昕,149.0,158.0,149.0,155.5,509680.0
2026-09-01,TPEX,6654,天正國際,196.5,213.0,196.5,210.0,200491.0
2026-09-01,TPEX,6661,威健生技,17.1,17.15,17.1,17.15,2000.0
2026-09-01,TPEX,6662,樂斯科,,,,,11139.0
2026-09-01,TPEX,6664,群翊,351.0,373.0,351.0,365.0,552017.0
2026-09-01,TPEX,6667,信紘科,217.5,217.5,214.0,217.5,190508.0
2026-09-01,TPEX,6679,鈺太,210.0,215.0,207.0,208.5,415005.0
2026-09-01,TPEX,6680,鑫創電子,52.9,52.9,52.9,52.9,1002.0
2026-09-01,TPEX,6683,雍智科技,1330.0,1330.0,1330.0,1330.0,199673.0
2026-09-01,TPEX,6684,安格,46.55,47.15,46.55,46.7,54961.0
2026-09-01,TPEX,6690,安碁資訊,165.0,165.5,164.0,164.0,30570.0
2026-09-01,TPEX,6692,進能服,24.4,24.5,23.15,23.15,16185.0
2026-09-01,TPEX,6693,廣閎科,179.5,186.5,176.5,183.5,1430174.0
2026-09-01,TPEX,6697,東捷資訊,40.5,41.0,40.5,40.5,64000.0
2026-09-01,TPEX,6703,軒郁,103.0,103.5,102.5,103.0,48019.0
2026-09-01,TPEX,6708,天擎,37.3,37.95,37.3,37.55,8000.0
2026-09-01,TPEX,6712,長聖,157.0,158.5,157.0,157.5,164506.0
2026-09-01,TPEX,6716,應廣,123.0,127.5,122.0,126.0,277972.0
2026-09-01,TPEX,6720,久昌,132.5,134.0,132.0,132.0,25063.0
2026-09-01,TPEX,6721,信實,51.9,51.9,51.6,51.7,14519.0
2026-09-01,TPEX,6725,矽科宏晟,221.0,230.0,220.0,229.0,65537.0
2026-09-01,TPEX,6727,亞泰金屬,530.0,576.0,530.0,576.0,2095419.0
2026-09-01,TPEX,6728,上洋,109.0,109.0,108.5,109.0,5987.0
2026-09-01,TPEX,6730,常廣,,,,,111.0
2026-09-01,TPEX,6732,昇佳電子,152.0,154.5,151.0,151.5,125452.0
2026-09-01,TPEX,6733,博晟生醫,26.5,28.05,26.45,27.7,337504.0
2026-09-01,TPEX,6735,美達科技,63.8,68.7,63.8,66.5,266705.0
2026-09-01,TPEX,6739,竹陞科技,1200.0,1200.0,1150.0,1150.0,182740.0
2026-09-01,TPEX,6741,91APP*-KY,60.5,60.6,59.6,60.0,192962.0
2026-09-01,TPEX,6751,智聯服務,43.0,43.0,41.8,41.8,18004.0
2026-09-01,TPEX,6752,叡揚,,,,,545.0
2026-09-01,TPEX,6761,穩得,190.5,194.5,187.0,188.0,585421.0
2026-09-01,TPEX,6762,達亞,,,,,139.0
2026-09-01,TPEX,6763,綠界科技*,41.55,41.55,41.3,41.35,229655.0
2026-09-01,TPEX,6767,台微醫,25.5,25.5,25.45,25.5,4031.0
2026-09-01,TPEX,6785,昱展新藥,94.1,94.6,92.2,92.2,92741.0
2026-09-01,TPEX,6788,華景電,364.5,393.0,363.0,379.5,761596.0
2026-09-01,TPEX,6791,虎門科技,101.0,102.0,101.0,101.0,6406.0
2026-09-01,TPEX,6803,崑鼎,270.5,271.0,270.0,270.0,34244.0
2026-09-01,TPEX,6804,明係,18.5,18.65,18.4,18.45,86617.0
2026-09-01,TPEX,6811,宏碁資訊,226.5,226.5,224.5,226.5,41280.0
2026-09-01,TPEX,6821,聯寶,41.8,42.9,41.45,42.75,136141.0
2026-09-01,TPEX,6823,濾能,62.0,62.4,61.0,61.3,84511.0
2026-09-01,TPEX,6829,千附精密,249.5,255.0,240.5,251.0,1330833.0
2026-09-01,TPEX,6840,東研信超,93.0,94.6,91.5,92.5,476149.0
2026-09-01,TPEX,6841,長佳智能,53.7,54.3,53.6,54.3,143245.0
2026-09-01,TPEX,6843,進典,40.3,40.3,39.0,39.0,13000.0
2026-09-01,TPEX,6844,諾貝兒,59.7,60.2,59.6,60.2,29042.0
2026-09-01,TPEX,6846,綠茵,57.8,58.9,57.8,58.4,9004.0
2026-09-01,TPEX,6855,數泓科,,,,,105.0
2026-09-01,TPEX,6856,鑫傳,,,,,0.0
2026-09-01,TPEX,6859,伯特光,110.5,111.0,109.5,109.5,33511.0
2026-09-01,TPEX,6865,偉康科技,25.9,25.9,25.9,25.9,1598.0
2026-09-01,TPEX,6870,騰雲,259.0,277.0,259.0,277.0,245186.0
2026-09-01,TPEX,6872,浩宇生醫,13.8,14.15,13.8,14.0,33110.0
2026-09-01,TPEX,6874,倍力,83.4,84.7,82.9,83.6,75864.0
2026-09-01,TPEX,6875,國邑*,33.0,33.1,32.3,32.95,39182.0
2026-09-01,TPEX,6877,鏵友益,114.0,117.0,113.0,115.0,63721.0
2026-09-01,TPEX,6881,潤德,216.5,216.5,216.0,216.0,7513.0
2026-09-01,TPEX,6884,海柏特,30.2,30.2,30.0,30.0,7000.0
2026-09-01,TPEX,6894,衛司特,356.0,358.0,351.0,355.5,37221.0
2026-09-01,TPEX,6895,宏碩系統,164.0,169.5,158.5,167.5,191192.0
2026-09-01,TPEX,6899,創為精密,49.4,51.0,49.4,50.1,6150.0
2026-09-01,TPEX,6903,巨漢,311.5,323.5,311.5,318.0,277399.0
2026-09-01,TPEX,6904,伯鑫,,,,,0.0
2026-09-01,TPEX,6907,雅特力-KY,184.0,195.5,183.0,184.5,1594093.0
2026-09-01,TPEX,6910,德鴻,24.85,25.3,24.8,25.2,43182.0
2026-09-01,TPEX,6913,鴻呈,165.0,168.5,159.0,162.5,999996.0
2026-09-01,TPEX,6922,宸曜,207.5,210.0,205.0,205.5,131968.0
2026-09-01,TPEX,6925,意藍,51.5,51.5,50.1,50.9,54506.0
2026-09-01,TPEX,6929,佑全,23.9,23.9,23.9,23.9,1191.0
2026-09-01,TPEX,6945,圓祥生技,98.7,99.3,96.0,96.5,327248.0
2026-09-01,TPEX,6953,家碩,242.0,252.0,241.0,250.0,113928.0
2026-09-01,TPEX,6961,旅天下,50.6,50.7,50.5,50.5,16685.0
2026-09-01,TPEX,6967,汎瑋材料,72.5,73.7,72.3,72.6,49108.0
2026-09-01,TPEX,6968,萬達寵物,41.9,41.95,41.65,41.65,28263.0
2026-09-01,TPEX,6971,惠民實業,26.6,26.6,26.15,26.15,16187.0
2026-09-01,TPEX,6982,大井泵浦,47.5,47.6,47.05,47.55,14366.0
2026-09-01,TPEX,6983,華洋精機,359.5,359.5,346.5,355.5,57652.0
2026-09-01,TPEX,6986,和迅,43.9,43.9,42.35,42.9,53425.0
2026-09-01,TPEX,6996,力領科技,178.0,182.0,178.0,182.0,76936.0
2026-09-01,TPEX,6997,博弘,68.0,68.0,68.0,68.0,1000.0
2026-09-01,TPEX,7402,邑錡,110.0,112.0,109.5,109.5,354789.0
2026-09-01,TPEX,7547,碩網,49.6,51.8,49.6,51.6,10000.0
2026-09-01,TPEX,7556,意德士,255.0,257.0,252.0,253.0,28935.0
2026-09-01,TPEX,7584,樂意,25.5,25.5,25.5,25.5,2019.0
2026-09-01,TPEX,7642,昶瑞機電,78.1,79.3,76.7,77.1,20204.0
2026-09-01,TPEX,7703,銳澤,179.5,182.5,179.5,182.5,33114.0
2026-09-01,TPEX,7704,明遠精密,62.7,62.7,62.0,62.1,21142.0
2026-09-01,TPEX,7708,全家餐飲,91.8,92.1,91.8,92.0,12732.0
2026-09-01,TPEX,7709,榮田,68.6,77.4,68.6,72.5,226770.0
2026-09-01,TPEX,7712,博盛半導體,152.5,157.5,152.5,155.0,197512.0
2026-09-01,TPEX,7713,威力德生醫,73.8,74.0,73.6,73.8,6114.0
2026-09-01,TPEX,7714,創泓科技,172.0,172.0,167.0,167.5,236460.0
2026-09-01,TPEX,7715,裕山,29.65,30.15,29.5,29.5,17050.0
2026-09-01,TPEX,7716,昱臺國際,23.85,23.85,23.85,23.85,1050.0
2026-09-01,TPEX,7717,萊德光電-KY,430.0,443.5,424.5,429.5,193902.0
2026-09-01,TPEX,7718,友鋮,47.15,47.15,47.0,47.0,31235.0
2026-09-01,TPEX,7723,築間,19.05,19.15,18.95,19.1,22471.0
2026-09-01,TPEX,7728,光焱科技,636.0,686.0,636.0,653.0,52102.0
2026-09-01,TPEX,7734,印能科技,2790.0,2940.0,2790.0,2880.0,195578.0
2026-09-01,TPEX,7738,東聯互動,169.0,170.0,168.0,170.0,38002.0
2026-09-01,TPEX,7743,金利食安,20.95,21.2,20.95,21.2,6159.0
2026-09-01,TPEX,7744,崴寶,505.0,509.0,495.0,500.0,56722.0
2026-09-01,TPEX,7747,昕奇雲端,113.5,113.5,113.0,113.0,4132.0
2026-09-01,TPEX,7751,竑騰,1615.0,1705.0,1570.0,1660.0,865490.0
2026-09-01,TPEX,7753,星亞,36.45,36.8,36.45,36.55,6251.0
2026-09-01,TPEX,7757,金色三麥,91.2,91.2,90.1,90.5,11257.0
2026-09-01,TPEX,7767,仁大資訊,44.6,44.7,44.55,44.55,28423.0
2026-09-01,TPEX,7770,君曜,35.95,36.0,35.95,36.0,5019.0
2026-09-01,TPEX,7772,耀穎,88.5,93.0,88.5,91.0,69426.0
2026-09-01,TPEX,7777,能率亞洲,40.85,40.85,39.85,39.9,1720769.0
2026-09-01,TPEX,7782,光速火箭,,,,,166.0
2026-09-01,TPEX,7792,安葆,305.5,319.5,302.5,314.0,539154.0
2026-09-01,TPEX,7794,宏碁智新,28.05,28.9,27.95,28.45,28175.0
2026-09-01,TPEX,7805,威聯通,508.0,511.0,508.0,510.0,40631.0
2026-09-01,TPEX,7810,捷創科技,226.0,226.0,219.0,220.5,138687.0
2026-09-01,TPEX,7811,民盛,72.6,72.7,72.6,72.7,2015.0
2026-09-01,TPEX,7814,海昌生技,29.6,29.75,29.25,29.3,67180.0
2026-09-01,TPEX,7819,精誠金融,34.65,34.85,34.6,34.7,69191.0
2026-09-01,TPEX,7820,立盈,120.0,120.0,119.0,119.0,4362.0
2026-09-01,TPEX,7828,創新服務,1800.0,1845.0,1745.0,1810.0,218096.0
2026-09-01,TPEX,7839,達人網,43.9,44.35,43.15,44.2,10000.0
2026-09-01,TPEX,7842,天能綠電,97.6,101.5,97.6,100.0,25257.0
2026-09-01,TPEX,8024,佑華,13.4,13.4,12.9,13.2,36682.0
2026-09-01,TPEX,8027,鈦昇,179.5,192.0,179.0,185.0,3083262.0
2026-09-01,TPEX,8032,光菱,36.25,36.75,36.15,36.6,33872.0
2026-09-01,TPEX,8034,榮群,19.7,19.95,19.55,19.85,45024.0
2026-09-01,TPEX,8038,長園科,31.5,32.25,31.0,32.0,166322.0
2026-09-01,TPEX,8040,九暘,75.4,75.4,75.4,75.4,256514.0
2026-09-01,TPEX,8042,金山電,105.5,114.0,105.5,107.5,4431100.0
2026-09-01,TPEX,8043,蜜望實,142.0,151.5,142.0,147.0,4823013.0
2026-09-01,TPEX,8044,網家,24.2,24.85,24.1,24.25,625205.0
2026-09-01,TPEX,8047,星雲,,,,,0.0
2026-09-01,TPEX,8048,德勝,52.5,53.0,51.5,52.8,128866.0
2026-09-01,TPEX,8049,晶采,24.55,24.7,24.55,24.65,119730.0
2026-09-01,TPEX,8050,廣積,56.3,56.9,56.1,56.5,692596.0
2026-09-01,TPEX,8054,安國,83.5,84.7,83.5,83.7,574137.0
2026-09-01,TPEX,8059,凱碩,13.5,13.6,13.35,13.55,164103.0
2026-09-01,TPEX,8064,東捷,103.5,108.5,103.5,105.0,3753492.0
2026-09-01,TPEX,8066,來思達,14.5,14.5,14.4,14.45,26155.0
2026-09-01,TPEX,8067,志旭,12.4,12.4,12.25,12.25,3001.0
2026-09-01,TPEX,8068,全達,16.85,17.0,16.8,16.9,59379.0
2026-09-01,TPEX,8069,元太,154.0,160.0,154.0,158.0,8329076.0
2026-09-01,TPEX,8071,能率網通,24.1,24.15,23.85,23.95,506643.0
2026-09-01,TPEX,8074,鉅橡,56.2,57.5,56.2,56.3,417646.0
2026-09-01,TPEX,8076,伍豐,23.4,23.4,23.1,23.3,732160.0
2026-09-01,TPEX,8077,洛碁,44.2,44.2,44.2,44.2,1242.0
2026-09-01,TPEX,8080,泰霖,28.75,29.05,28.75,29.0,81692.0
2026-09-01,TPEX,8083,瑞穎,159.5,159.5,158.0,158.5,77034.0
2026-09-01,TPEX,8084,巨虹,46.9,46.95,44.5,45.4,256596.0
2026-09-01,TPEX,8085,福華,16.0,16.3,15.6,16.1,973183.0
2026-09-01,TPEX,8086,宏捷科,118.5,126.0,118.0,123.0,9809495.0
2026-09-01,TPEX,8087,麗升能源,26.1,26.4,26.1,26.4,6238.0
2026-09-01,TPEX,8088,品安,45.2,45.4,44.35,44.35,912179.0
2026-09-01,TPEX,8089,康全電訊,17.55,17.55,17.2,17.4,188894.0
2026-09-01,TPEX,8091,翔名,219.0,224.0,219.0,221.0,246162.0
2026-09-01,TPEX,8092,建暐,13.0,13.15,12.8,13.05,23063.0
2026-09-01,TPEX,8093,保銳,28.6,28.6,28.0,28.0,75605.0
2026-09-01,TPEX,8096,擎亞,109.5,114.0,109.0,111.5,2407004.0
2026-09-01,TPEX,8097,常珵,49.2,49.35,48.6,49.0,125935.0
2026-09-01,TPEX,8099,大世科,61.9,61.9,60.5,61.5,127796.0
2026-09-01,TPEX,8102,傑霖科技,67.2,67.2,66.5,66.5,3010.0
2026-09-01,TPEX,8107,大億金茂,12.55,12.6,12.4,12.5,39850.0
2026-09-01,TPEX,8109,博大,130.0,133.0,129.5,132.0,205975.0
2026-09-01,TPEX,8111,立碁,72.8,75.4,69.0,75.4,34425277.0
2026-09-01,TPEX,8121,越峰,27.8,28.35,27.8,27.9,380028.0
2026-09-01,TPEX,8147,正淩,131.0,134.5,129.0,129.0,249454.0
2026-09-01,TPEX,8155,博智,365.0,374.5,363.5,369.5,739127.0
2026-09-01,TPEX,8171,天宇,20.25,20.4,20.1,20.1,118424.0
2026-09-01,TPEX,8176,智捷,9.93,9.94,9.82,9.89,30053.0
2026-09-01,TPEX,8182,加高,40.3,41.2,40.3,40.55,511574.0
2026-09-01,TPEX,8183,精星,28.9,29.5,28.9,29.2,142773.0
2026-09-01,TPEX,8227,巨有科技,161.0,172.0,160.0,164.0,1348416.0
2026-09-01,TPEX,8234,新漢,68.6,69.6,68.2,68.3,371181.0
2026-09-01,TPEX,8240,華宏,47.05,48.9,46.7,48.9,1027079.0
2026-09-01,TPEX,8255,朋程,148.0,151.5,148.0,150.0,371806.0
2026-09-01,TPEX,8272,全景軟體,62.8,65.0,62.8,65.0,8698.0
2026-09-01,TPEX,8277,商丞,8.04,8.09,8.0,8.03,107522.0
2026-09-01,TPEX,8279,生展,80.0,80.0,78.5,79.6,187696.0
2026-09-01,TPEX,8284,三竹,66.7,66.7,66.2,66.3,33442.0
2026-09-01,TPEX,8289,泰藝,45.65,47.6,45.6,47.1,452333.0
2026-09-01,TPEX,8291,尚茂,32.9,33.0,32.5,33.0,23201.0
2026-09-01,TPEX,8299,群聯,2185.0,2185.0,2080.0,2125.0,4175253.0
2026-09-01,TPEX,8342,益張,,,,,87.0
2026-09-01,TPEX,8349,恒耀,39.1,39.1,38.5,39.1,139321.0
2026-09-01,TPEX,8354,冠好,17.2,17.35,17.1,17.3,55676.0
2026-09-01,TPEX,8358,金居,541.0,564.0,525.0,526.0,31423337.0
2026-09-01,TPEX,8383,千附,66.1,67.6,65.9,66.8,1405141.0
2026-09-01,TPEX,8390,金益鼎,99.5,99.9,98.7,98.7,238412.0
2026-09-01,TPEX,8401,白紗科,22.75,22.8,22.75,22.75,32136.0
2026-09-01,TPEX,8403,盛弘,19.1,19.1,19.1,19.1,22382.0
2026-09-01,TPEX,8409,商之器,18.25,18.3,18.25,18.3,16130.0
2026-09-01,TPEX,8410,森田,30.3,30.5,30.2,30.5,12128.0
2026-09-01,TPEX,8415,大國鋼,36.75,37.7,36.75,37.15,557948.0
2026-09-01,TPEX,8416,實威,169.0,169.5,169.0,169.5,4449.0
2026-09-01,TPEX,8421,旭源,13.65,13.65,12.75,13.1,420257.0
2026-09-01,TPEX,8423,保綠-KY,18.15,18.45,17.9,17.95,25988.0
2026-09-01,TPEX,8424,惠普,69.0,69.0,69.0,69.0,7054.0
2026-09-01,TPEX,8426,紅木-KY,21.05,21.05,21.05,21.05,1073.0
2026-09-01,TPEX,8431,匯鑽科,53.0,55.3,53.0,54.4,616863.0
2026-09-01,TPEX,8432,東生華,50.1,50.8,50.1,50.5,16300.0
2026-09-01,TPEX,8433,弘帆,55.3,55.4,55.3,55.4,9000.0
2026-09-01,TPEX,8435,鉅邁,53.8,53.8,53.0,53.6,38208.0
2026-09-01,TPEX,8436,大江,119.0,119.5,115.5,115.5,2336463.0
2026-09-01,TPEX,8437,大地-KY,9.29,9.29,9.1,9.21,12147.0
2026-09-01,TPEX,8440,綠電,20.15,20.35,20.1,20.2,38408.0
2026-09-01,TPEX,8444,綠河-KY,4.29,4.89,4.29,4.89,22050.0
2026-09-01,TPEX,8446,華研,85.2,85.3,84.8,85.0,33394.0
2026-09-01,TPEX,8450,霹靂,14.6,14.6,14.15,14.5,32620.0
2026-09-01,TPEX,8455,大拓-KY,22.55,23.0,22.55,23.0,4062.0
2026-09-01,TPEX,8472,夠麻吉,65.0,67.6,65.0,66.7,29571.0
2026-09-01,TPEX,8477,創業家,15.35,15.35,15.0,15.3,22031.0
2026-09-01,TPEX,8489,三貝德,22.5,22.5,22.2,22.25,33148.0
2026-09-01,TPEX,8905,裕國,34.6,34.6,34.6,34.6,2674.0
2026-09-01,TPEX,8906,花王,28.1,28.65,28.1,28.65,14928.0
2026-09-01,TPEX,8908,欣雄,40.55,40.85,40.5,40.85,76837.0
2026-09-01,TPEX,8916,光隆,40.95,41.3,40.7,40.9,42216.0
2026-09-01,TPEX,8917,欣泰,,,,,218.0
2026-09-01,TPEX,8921,沈氏,16.55,16.55,16.35,16.45,17778.0
2026-09-01,TPEX,8923,時報,18.8,18.8,18.75,18.75,8002.0
2026-09-01,TPEX,8924,大田,50.5,50.5,50.2,50.5,41341.0
2026-09-01,TPEX,8927,北基,19.25,19.8,19.2,19.4,214638.0
2026-09-01,TPEX,8928,鉅明,24.35,24.6,24.35,24.6,9070.0
2026-09-01,TPEX,8929,富堡,13.1,13.2,13.1,13.15,9718.0
2026-09-01,TPEX,8930,青鋼,30.5,30.5,30.0,30.05,25600.0
2026-09-01,TPEX,8931,大汽電,40.7,41.5,40.7,41.4,43357.0
2026-09-01,TPEX,8932,智通*,94.3,95.2,92.9,93.7,2147109.0
2026-09-01,TPEX,8933,愛地雅,4.68,4.7,4.5,4.7,90387.0
2026-09-01,TPEX,8935,邦泰,18.05,18.15,18.0,18.05,87630.0
2026-09-01,TPEX,8936,國統,51.0,51.0,50.6,50.8,598706.0
2026-09-01,TPEX,8937,合騏*,30.3,30.8,28.85,29.5,213942.0
2026-09-01,TPEX,8938,明安,51.0,51.0,50.7,50.8,50233.0
2026-09-01,TPEX,8941,關中,,,,,400.0
2026-09-01,TPEX,8942,森鉅,42.55,42.6,42.0,42.15,103252.0
2026-09-01,TPEX,9949,琉園,24.8,24.8,24.05,24.05,33961.0
2026-09-01,TPEX,9950,萬國通,10.35,10.35,10.1,10.3,59300.0
2026-09-01,TPEX,9951,皇田,54.2,54.7,54.1,54.6,141996.0
2026-09-01,TPEX,9960,邁達康,30.4,31.0,30.4,31.0,7419.0
2026-09-01,TPEX,9962,有益,10.45,10.45,10.15,10.4,39312.0
