date,market,stock_id,name,open,high,low,close,volume
2026-09-08,TWSE,1101,台泥,24.65,24.65,24.3,24.3,19462259.0
2026-09-08,TWSE,1102,亞泥,35.35,35.35,34.6,35.05,7148594.0
2026-09-08,TWSE,1103,嘉泥,13.4,13.4,13.2,13.2,260037.0
2026-09-08,TWSE,1104,環泥,27.85,27.85,27.35,27.5,532786.0
2026-09-08,TWSE,1108,幸福,11.6,11.65,11.55,11.65,223693.0
2026-09-08,TWSE,1109,信大,13.6,13.6,13.45,13.55,68230.0
2026-09-08,TWSE,1110,東泥,16.45,16.45,15.9,15.9,304101.0
2026-09-08,TWSE,1201,味全,12.25,12.25,12.15,12.2,319662.0
2026-09-08,TWSE,1203,味王,45.9,46.0,44.75,45.15,22076.0
2026-09-08,TWSE,1210,大成,52.2,52.4,51.7,52.1,819182.0
2026-09-08,TWSE,1213,大飲,7.45,7.65,7.45,7.65,3000.0
2026-09-08,TWSE,1215,卜蜂,111.0,111.5,110.0,111.0,578916.0
2026-09-08,TWSE,1216,統一,76.2,76.2,74.9,75.2,6436596.0
2026-09-08,TWSE,1217,愛之味,9.96,9.97,9.93,9.93,231588.0
2026-09-08,TWSE,1218,泰山,14.55,14.55,14.35,14.5,497711.0
2026-09-08,TWSE,1219,福壽,11.6,11.65,11.5,11.65,236180.0
2026-09-08,TWSE,1220,台榮,10.75,10.8,10.7,10.7,112641.0
2026-09-08,TWSE,1225,福懋油,25.35,25.5,24.95,25.0,107300.0
2026-09-08,TWSE,1227,佳格,28.85,28.85,28.3,28.4,924191.0
2026-09-08,TWSE,1229,聯華,42.2,42.2,41.45,41.65,1316229.0
2026-09-08,TWSE,1231,聯華食,81.0,81.0,80.1,80.1,294966.0
2026-09-08,TWSE,1232,大統益,157.5,157.5,156.5,157.5,90528.0
2026-09-08,TWSE,1233,天仁,28.25,28.4,28.05,28.1,29071.0
2026-09-08,TWSE,1234,黑松,33.5,33.6,33.3,33.3,120992.0
2026-09-08,TWSE,1235,興泰,39.0,39.0,37.85,38.95,21172.0
2026-09-08,TWSE,1236,宏亞,26.3,26.3,26.0,26.2,68305.0
2026-09-08,TWSE,1256,鮮活果汁-KY,177.5,177.5,172.0,173.5,89082.0
2026-09-08,TWSE,1301,台塑,67.0,68.9,66.2,66.6,29478606.0
2026-09-08,TWSE,1303,南亞,232.0,240.0,229.5,230.5,75938138.0
2026-09-08,TWSE,1304,台聚,12.5,12.5,12.2,12.2,1673530.0
2026-09-08,TWSE,1305,華夏,12.3,12.3,11.95,12.15,1281205.0
2026-09-08,TWSE,1307,三芳,30.75,30.75,30.3,30.5,314429.0
2026-09-08,TWSE,1308,亞聚,14.2,14.25,13.95,13.95,805663.0
2026-09-08,TWSE,1309,台達化,13.45,13.6,13.4,13.5,1212628.0
2026-09-08,TWSE,1310,台苯,8.73,8.76,8.56,8.6,1979507.0
2026-09-08,TWSE,1312,國喬,14.2,14.45,14.05,14.1,21712173.0
2026-09-08,TWSE,1313,聯成,12.0,12.0,11.7,11.8,1451984.0
2026-09-08,TWSE,1314,中石化,8.15,8.19,8.05,8.1,13045132.0
2026-09-08,TWSE,1315,達新,66.1,66.2,65.5,66.0,78934.0
2026-09-08,TWSE,1316,上曜,10.7,10.85,10.55,10.75,1525556.0
2026-09-08,TWSE,1319,東陽,83.0,83.0,81.4,81.7,1361614.0
2026-09-08,TWSE,1321,大洋,32.7,32.7,32.3,32.55,66000.0
2026-09-08,TWSE,1323,永裕,21.2,21.3,21.05,21.25,25356.0
2026-09-08,TWSE,1324,地球,10.2,10.2,10.05,10.2,22728.0
2026-09-08,TWSE,1325,恆大,25.5,26.35,25.5,26.2,434038.0
2026-09-08,TWSE,1326,台化,70.2,75.1,69.9,71.9,57918008.0
2026-09-08,TWSE,1337,再生-KY,4.57,4.67,4.52,4.56,224949.0
2026-09-08,TWSE,1338,廣華-KY,14.5,14.5,14.15,14.45,105179.0
2026-09-08,TWSE,1339,昭輝,43.15,43.45,42.8,42.8,88462.0
2026-09-08,TWSE,1340,勝悅-KY,5.27,5.27,5.11,5.11,188243.0
2026-09-08,TWSE,1341,富林-KY,60.0,60.0,59.8,60.0,8006.0
2026-09-08,TWSE,1342,八貫,104.0,105.0,103.5,103.5,175178.0
2026-09-08,TWSE,1402,遠東新,29.2,29.2,28.5,28.7,10067527.0
2026-09-08,TWSE,1409,新纖,24.7,24.8,24.2,24.35,7350280.0
2026-09-08,TWSE,1410,南染,24.75,24.8,24.5,24.75,102582.0
2026-09-08,TWSE,1413,宏洲,9.33,9.33,9.06,9.29,14000.0
2026-09-08,TWSE,1414,東和,17.9,18.0,17.7,17.75,154421.0
2026-09-08,TWSE,1416,廣豐,11.75,11.75,11.55,11.6,194113.0
2026-09-08,TWSE,1417,嘉裕,8.31,8.31,8.15,8.23,145536.0
2026-09-08,TWSE,1418,東華,17.75,17.85,17.5,17.85,5193.0
2026-09-08,TWSE,1419,新紡,67.6,68.3,66.8,68.3,86751.0
2026-09-08,TWSE,1423,利華,35.5,36.0,34.9,35.55,36504.0
2026-09-08,TWSE,1432,大魯閣,15.0,15.15,15.0,15.05,101747.0
2026-09-08,TWSE,1434,福懋,18.35,18.4,18.1,18.1,1722132.0
2026-09-08,TWSE,1435,中福,21.9,22.8,21.6,22.75,30893.0
2026-09-08,TWSE,1436,華友聯,38.4,38.4,37.75,37.9,125818.0
2026-09-08,TWSE,1437,勤益控,32.05,32.2,32.0,32.2,84592.0
2026-09-08,TWSE,1438,三地開發,22.55,23.15,22.35,22.7,128040.0
2026-09-08,TWSE,1439,雋揚,28.5,29.5,28.5,29.5,55335.0
2026-09-08,TWSE,1440,南紡,14.0,14.0,13.4,13.5,3393876.0
2026-09-08,TWSE,1441,大東,8.78,8.8,8.7,8.8,35569.0
2026-09-08,TWSE,1442,名軒,30.25,30.25,29.7,29.9,145717.0
2026-09-08,TWSE,1443,立益物流,23.9,23.9,23.8,23.8,10003.0
2026-09-08,TWSE,1444,力麗,7.15,7.16,7.01,7.03,1888976.0
2026-09-08,TWSE,1445,大宇,10.3,10.4,10.2,10.4,24940.0
2026-09-08,TWSE,1446,宏和,13.55,13.55,13.35,13.4,130982.0
2026-09-08,TWSE,1447,力鵬,6.71,6.72,6.63,6.68,1274485.0
2026-09-08,TWSE,1449,佳和,12.3,12.3,12.15,12.15,174352.0
2026-09-08,TWSE,1451,年興,17.3,17.35,17.2,17.3,42398.0
2026-09-08,TWSE,1452,宏益,11.4,11.4,11.2,11.25,128188.0
2026-09-08,TWSE,1453,大將,11.2,11.2,11.05,11.05,25966.0
2026-09-08,TWSE,1454,台富,12.35,12.35,12.25,12.35,57596.0
2026-09-08,TWSE,1455,集盛,10.05,10.05,9.71,9.8,1674869.0
2026-09-08,TWSE,1456,怡華,14.3,14.3,13.6,13.6,41225.0
2026-09-08,TWSE,1457,宜進,14.5,14.55,14.3,14.3,143901.0
2026-09-08,TWSE,1459,聯發,15.9,16.0,15.35,15.35,260639.0
2026-09-08,TWSE,1460,宏遠,6.61,6.62,6.56,6.59,129962.0
2026-09-08,TWSE,1463,強盛新,17.2,17.4,17.15,17.3,59557.0
2026-09-08,TWSE,1464,得力,10.15,10.15,10.0,10.05,218551.0
2026-09-08,TWSE,1465,偉全,11.95,12.0,11.85,11.9,117788.0
2026-09-08,TWSE,1466,聚隆,16.3,16.3,15.6,15.6,323863.0
2026-09-08,TWSE,1467,南緯,8.19,8.31,8.05,8.05,292951.0
2026-09-08,TWSE,1468,昶和,12.8,13.6,12.7,13.5,90056.0
2026-09-08,TWSE,1470,大統新創,24.25,24.5,24.0,24.5,17000.0
2026-09-08,TWSE,1471,首利,9.71,9.79,9.66,9.69,184294.0
2026-09-08,TWSE,1472,三洋實業,90.6,90.6,90.4,90.5,11544.0
2026-09-08,TWSE,1473,台南,20.1,20.15,19.9,20.1,35546.0
2026-09-08,TWSE,1474,弘裕,10.05,10.05,9.96,9.99,25750.0
2026-09-08,TWSE,1475,業旺,26.8,26.8,26.0,26.35,21000.0
2026-09-08,TWSE,1476,儒鴻,316.0,316.0,306.0,306.0,1813748.0
2026-09-08,TWSE,1477,聚陽,198.5,198.5,193.0,195.0,1846341.0
2026-09-08,TWSE,1503,士電,210.0,213.0,206.5,207.5,1513620.0
2026-09-08,TWSE,1504,東元,72.9,72.9,71.6,71.7,4386985.0
2026-09-08,TWSE,1506,正道,10.1,10.1,9.98,10.1,347545.0
2026-09-08,TWSE,1512,瑞利,6.24,6.31,6.24,6.24,44962.0
2026-09-08,TWSE,1513,中興電,167.0,169.5,165.0,167.0,2317216.0
2026-09-08,TWSE,1514,亞力,103.5,105.0,102.0,102.5,984014.0
2026-09-08,TWSE,1515,力山,31.05,31.3,30.5,30.55,753433.0
2026-09-08,TWSE,1516,川飛,14.55,14.75,14.1,14.75,45053.0
2026-09-08,TWSE,1517,利奇,11.0,11.0,10.7,10.7,381865.0
2026-09-08,TWSE,1519,華城,767.0,786.0,739.0,739.0,4407355.0
2026-09-08,TWSE,1521,大億,25.7,25.7,25.4,25.65,25004.0
2026-09-08,TWSE,1522,堤維西,27.15,27.15,26.55,27.05,537265.0
2026-09-08,TWSE,1524,耿鼎,26.95,27.05,26.7,26.75,259156.0
2026-09-08,TWSE,1525,江申,66.6,66.6,65.5,66.4,22265.0
2026-09-08,TWSE,1526,日馳,15.85,15.85,15.4,15.55,114139.0
2026-09-08,TWSE,1527,鑽全,32.7,32.75,32.6,32.75,153849.0
2026-09-08,TWSE,1528,恩德,19.25,19.3,18.85,19.15,392050.0
2026-09-08,TWSE,1529,樂事綠能,16.5,16.5,16.1,16.15,412587.0
2026-09-08,TWSE,1530,亞崴,28.6,29.15,28.5,29.0,19993.0
2026-09-08,TWSE,1531,高林股,12.05,12.3,11.85,11.85,283300.0
2026-09-08,TWSE,1532,勤美,23.0,23.0,22.75,22.8,278105.0
2026-09-08,TWSE,1533,車王電,31.35,31.35,30.6,30.8,45454.0
2026-09-08,TWSE,1535,中宇,45.65,46.1,45.35,46.0,55596.0
2026-09-08,TWSE,1536,和大,50.0,50.0,48.6,48.95,1747462.0
2026-09-08,TWSE,1537,廣隆,115.5,116.0,115.0,115.5,102277.0
2026-09-08,TWSE,1538,正峰,9.0,9.2,9.0,9.0,42298.0
2026-09-08,TWSE,1539,巨庭,15.7,15.75,15.55,15.75,26543.0
2026-09-08,TWSE,1540,喬福,19.7,19.9,19.5,19.5,116854.0
2026-09-08,TWSE,1541,錩泰,21.75,21.75,21.3,21.45,18022.0
2026-09-08,TWSE,1558,伸興,108.0,108.0,106.0,106.5,143939.0
2026-09-08,TWSE,1560,中砂,702.0,736.0,702.0,730.0,1767148.0
2026-09-08,TWSE,1563,巧新,88.8,88.8,79.0,79.5,1529112.0
2026-09-08,TWSE,1568,倉佑,29.45,29.45,29.05,29.25,145254.0
2026-09-08,TWSE,1582,信錦,74.4,74.4,73.2,73.5,227038.0
2026-09-08,TWSE,1583,程泰,48.9,49.3,48.0,49.3,30803.0
2026-09-08,TWSE,1587,吉茂,24.25,24.45,23.9,24.05,122233.0
2026-09-08,TWSE,1590,亞德客-KY,1420.0,1420.0,1355.0,1370.0,617158.0
2026-09-08,TWSE,1597,直得,159.5,164.0,151.0,152.0,5812714.0
2026-09-08,TWSE,1598,岱宇,20.35,20.55,20.1,20.5,311260.0
2026-09-08,TWSE,1603,華電,30.55,30.7,30.05,30.35,131866.0
2026-09-08,TWSE,1604,聲寶,23.6,23.65,23.55,23.65,343257.0
2026-09-08,TWSE,1605,華新,38.8,38.9,37.85,37.9,14416827.0
2026-09-08,TWSE,1608,華榮,36.85,36.85,35.95,36.05,2265012.0
2026-09-08,TWSE,1609,大亞,37.75,37.75,36.95,37.2,1961836.0
2026-09-08,TWSE,1611,中電,11.75,11.75,11.65,11.7,307870.0
2026-09-08,TWSE,1612,宏泰,35.1,35.1,34.65,34.7,477957.0
2026-09-08,TWSE,1614,三洋電,30.8,30.85,30.6,30.85,69050.0
2026-09-08,TWSE,1615,大山,44.5,44.5,43.5,43.85,88774.0
2026-09-08,TWSE,1616,億泰,19.1,19.1,18.7,18.7,301569.0
2026-09-08,TWSE,1617,榮星,18.7,18.7,17.85,17.85,453871.0
2026-09-08,TWSE,1618,合機,39.95,39.95,39.05,39.3,346143.0
2026-09-08,TWSE,1623,大東電,208.5,208.5,204.0,205.0,55873.0
2026-09-08,TWSE,1626,艾美特-KY,9.7,9.74,9.57,9.73,47824.0
2026-09-08,TWSE,1702,南僑,32.9,32.9,32.5,32.6,97911.0
2026-09-08,TWSE,1707,葡萄王,91.5,91.5,90.2,91.0,291036.0
2026-09-08,TWSE,1708,東鹼,51.6,51.6,50.0,50.0,2399428.0
2026-09-08,TWSE,1709,和益,34.5,34.7,33.3,34.2,6337416.0
2026-09-08,TWSE,1710,東聯,16.0,16.05,15.55,15.65,3974900.0
2026-09-08,TWSE,1711,永光,42.5,42.5,40.7,40.9,4512022.0
2026-09-08,TWSE,1712,興農,40.9,40.9,40.25,40.3,615342.0
2026-09-08,TWSE,1713,國化,43.3,43.65,43.1,43.5,222139.0
2026-09-08,TWSE,1714,和桐,16.75,16.75,16.35,16.45,7910221.0
2026-09-08,TWSE,1717,長興,77.7,77.9,73.1,73.5,17250969.0
2026-09-08,TWSE,1718,中纖,10.75,10.75,10.4,10.45,11225884.0
2026-09-08,TWSE,1720,生達,56.5,56.5,55.8,56.2,192955.0
2026-09-08,TWSE,1721,國慶科技,21.0,22.4,21.0,22.4,1221625.0
2026-09-08,TWSE,1722,台肥,45.1,45.1,44.45,44.6,2518924.0
2026-09-08,TWSE,1723,中碳,86.0,86.0,83.6,84.0,1171448.0
2026-09-08,TWSE,1725,元禎,32.55,32.55,31.5,32.1,55478.0
2026-09-08,TWSE,1726,永記,78.2,78.2,77.0,77.8,28858.0
2026-09-08,TWSE,1727,中華化,94.7,95.4,90.8,91.0,4256734.0
2026-09-08,TWSE,1730,花仙子,51.5,51.9,51.4,51.8,22822.0
2026-09-08,TWSE,1731,美吾華,21.1,21.1,20.85,20.95,90930.0
2026-09-08,TWSE,1732,毛寶,26.15,26.25,25.95,26.05,175490.0
2026-09-08,TWSE,1733,五鼎,32.3,32.5,31.7,31.7,262718.0
2026-09-08,TWSE,1734,杏輝,30.65,31.3,30.35,31.15,584301.0
2026-09-08,TWSE,1735,日勝化,20.45,20.45,20.0,20.25,56305.0
2026-09-08,TWSE,1736,喬山,127.5,127.5,125.0,126.0,166070.0
2026-09-08,TWSE,1737,臺鹽,30.8,30.8,30.55,30.55,293205.0
2026-09-08,TWSE,1752,南光,31.85,32.0,31.5,31.75,46469.0
2026-09-08,TWSE,1760,寶齡富錦,56.4,56.7,56.0,56.4,104577.0
2026-09-08,TWSE,1762,中化生,35.75,35.75,35.0,35.0,113954.0
2026-09-08,TWSE,1773,勝一,164.5,164.5,160.5,160.5,508877.0
2026-09-08,TWSE,1776,展宇,17.15,17.15,16.95,17.15,31420.0
2026-09-08,TWSE,1783,和康生,39.0,39.0,38.0,38.05,80311.0
2026-09-08,TWSE,1786,科妍,47.5,47.5,45.85,45.9,165215.0
2026-09-08,TWSE,1789,神隆,19.4,19.65,19.1,19.4,556821.0
2026-09-08,TWSE,1795,美時,184.0,184.0,180.5,180.5,550068.0
2026-09-08,TWSE,1802,台玻,60.4,61.5,60.0,60.7,21751725.0
2026-09-08,TWSE,1805,寶徠,10.15,10.15,10.0,10.1,102120.0
2026-09-08,TWSE,1806,冠軍,8.04,8.08,8.01,8.05,130537.0
2026-09-08,TWSE,1808,潤隆,35.05,35.05,34.0,34.25,1129564.0
2026-09-08,TWSE,1809,中釉,37.75,38.25,37.5,37.9,843802.0
2026-09-08,TWSE,1810,和成,24.4,24.5,24.0,24.05,1454568.0
2026-09-08,TWSE,1817,凱撒衛,40.1,40.2,39.9,40.1,97378.0
2026-09-08,TWSE,1903,士紙,47.65,47.7,47.25,47.6,59353.0
2026-09-08,TWSE,1904,正隆,25.0,25.0,24.1,24.45,2219831.0
2026-09-08,TWSE,1905,華紙,13.6,13.6,13.2,13.2,1594219.0
2026-09-08,TWSE,1906,寶隆,11.2,11.35,11.2,11.2,65700.0
2026-09-08,TWSE,1907,永豐餘,30.2,30.2,28.85,29.1,1675795.0
2026-09-08,TWSE,1909,榮成,11.05,11.1,10.8,10.85,2662029.0
2026-09-08,TWSE,2002,中鋼,19.15,19.15,19.0,19.0,15934299.0
2026-09-08,TWSE,2006,東和鋼鐵,81.9,81.9,80.4,80.8,1203974.0
2026-09-08,TWSE,2007,燁興,6.99,7.0,6.95,6.99,86314.0
2026-09-08,TWSE,2008,高興昌,30.9,31.5,30.85,31.4,19624.0
2026-09-08,TWSE,2009,第一銅,39.9,39.9,38.8,38.95,1261781.0
2026-09-08,TWSE,2010,春源,22.7,22.7,22.1,22.3,1171661.0
2026-09-08,TWSE,2012,春雨,14.45,14.6,14.3,14.6,44546.0
2026-09-08,TWSE,2013,中鋼構,41.75,41.75,41.5,41.75,50898.0
2026-09-08,TWSE,2014,中鴻,17.15,17.15,16.85,17.0,1382576.0
2026-09-08,TWSE,2015,豐興,65.2,65.2,63.8,64.7,203579.0
2026-09-08,TWSE,2017,官田鋼,9.14,9.16,8.92,8.93,1034788.0
2026-09-08,TWSE,2020,美亞,22.05,22.05,21.65,21.65,423339.0
2026-09-08,TWSE,2022,聚亨,7.55,7.55,7.44,7.48,454715.0
2026-09-08,TWSE,2023,燁輝,13.95,13.95,13.75,13.95,680478.0
2026-09-08,TWSE,2024,志聯,13.25,13.35,13.0,13.35,91926.0
2026-09-08,TWSE,2025,千興,12.6,12.65,12.3,12.45,480522.0
2026-09-08,TWSE,2027,大成鋼,50.6,50.6,48.3,49.1,20652125.0
2026-09-08,TWSE,2028,威致,15.8,15.8,15.65,15.75,84292.0
2026-09-08,TWSE,2029,盛餘,21.95,21.95,21.4,21.4,517674.0
2026-09-08,TWSE,2030,彰源,23.35,23.5,22.55,22.85,2364622.0
2026-09-08,TWSE,2031,新光鋼,45.5,45.5,44.2,44.3,608991.0
2026-09-08,TWSE,2032,新鋼,17.3,17.3,16.8,17.1,338601.0
2026-09-08,TWSE,2033,佳大,26.1,27.35,25.7,25.7,1215744.0
2026-09-08,TWSE,2034,允強,21.4,21.4,20.55,20.9,1589618.0
2026-09-08,TWSE,2038,海光,12.85,12.85,12.45,12.45,257650.0
2026-09-08,TWSE,2049,上銀,371.0,377.5,362.5,364.5,3895952.0
2026-09-08,TWSE,2059,川湖,14015.0,14145.0,13700.0,13905.0,300806.0
2026-09-08,TWSE,2062,橋椿,19.5,19.5,19.3,19.45,133001.0
2026-09-08,TWSE,2069,運錩,21.2,21.2,20.4,20.4,528856.0
2026-09-08,TWSE,2072,世紀風電,135.5,137.0,132.0,132.0,542916.0
2026-09-08,TWSE,2101,南港,31.65,31.65,31.0,31.1,1520694.0
2026-09-08,TWSE,2102,泰豐,18.3,18.3,17.8,17.9,390661.0
2026-09-08,TWSE,2103,台橡,28.45,28.45,27.2,27.4,6933841.0
2026-09-08,TWSE,2104,國際中橡,10.4,10.4,9.97,10.05,5335815.0
2026-09-08,TWSE,2105,正新,31.15,31.15,30.5,30.7,3947976.0
2026-09-08,TWSE,2106,建大,17.4,17.4,16.85,16.95,2147694.0
2026-09-08,TWSE,2107,厚生,26.85,26.85,26.35,26.5,194425.0
2026-09-08,TWSE,2108,南帝,29.95,30.05,28.85,29.0,1439064.0
2026-09-08,TWSE,2109,華豐,14.8,14.9,14.75,14.9,170419.0
2026-09-08,TWSE,2114,鑫永銓,88.8,90.3,88.6,90.0,22436.0
2026-09-08,TWSE,2115,六暉-KY,23.8,23.85,23.6,23.8,15050.0
2026-09-08,TWSE,2201,裕隆,31.15,31.25,30.7,30.8,4249110.0
2026-09-08,TWSE,2204,中華,54.2,54.2,53.4,53.6,739068.0
2026-09-08,TWSE,2206,三陽工業,64.1,64.1,62.7,63.4,499182.0
2026-09-08,TWSE,2207,和泰車,548.0,548.0,533.0,539.0,282089.0
2026-09-08,TWSE,2208,台船,19.1,19.1,18.8,18.8,1309960.0
2026-09-08,TWSE,2211,長榮鋼,83.6,83.6,82.4,83.0,236698.0
2026-09-08,TWSE,2227,裕日車,48.3,48.3,47.1,48.3,42829.0
2026-09-08,TWSE,2228,劍麟,73.8,74.9,73.5,74.9,71239.0
2026-09-08,TWSE,2231,為升,93.5,93.5,90.2,90.3,220836.0
2026-09-08,TWSE,2233,宇隆,170.0,171.0,166.5,168.5,342844.0
2026-09-08,TWSE,2236,百達-KY,121.5,121.5,118.5,120.0,197841.0
2026-09-08,TWSE,2237,華德動能-創,27.7,28.25,27.55,27.85,196915.0
2026-09-08,TWSE,2239,英利-KY,19.95,20.15,19.65,19.9,36001.0
2026-09-08,TWSE,2241,艾姆勒,35.45,35.55,34.35,34.35,293893.0
2026-09-08,TWSE,2243,宏旭-KY,47.0,47.1,44.9,45.25,273242.0
2026-09-08,TWSE,2247,汎德永業,235.5,235.5,229.5,234.0,38379.0
2026-09-08,TWSE,2248,華勝-KY,61.1,61.1,60.1,60.4,154253.0
2026-09-08,TWSE,2250,IKKA-KY,57.3,58.2,57.1,57.1,23647.0
2026-09-08,TWSE,2254,巨鎧精密-創,62.1,63.5,61.8,62.4,2583219.0
2026-09-08,TWSE,2258,鴻華先進-創,31.95,31.95,31.0,31.5,764327.0
2026-09-08,TWSE,2301,光寶科,314.0,314.0,297.0,299.0,25036378.0
2026-09-08,TWSE,2302,麗正,43.5,45.0,43.1,43.3,3870258.0
2026-09-08,TWSE,2303,聯電,134.5,143.0,134.0,143.0,337408282.0
2026-09-08,TWSE,2305,全友,31.1,33.7,30.55,33.4,12488405.0
2026-09-08,TWSE,2308,台達電,1845.0,1885.0,1825.0,1850.0,7560958.0
2026-09-08,TWSE,2312,金寶,33.35,33.35,31.85,32.3,11839430.0
2026-09-08,TWSE,2313,華通,252.5,258.0,239.0,240.0,56818132.0
2026-09-08,TWSE,2314,台揚,11.35,11.35,11.15,11.2,41963.0
2026-09-08,TWSE,2316,楠梓電,156.5,162.0,155.0,159.0,1664215.0
2026-09-08,TWSE,2317,鴻海,258.5,259.0,252.5,256.0,34027046.0
2026-09-08,TWSE,2321,東訊,13.45,14.4,13.45,14.4,5560.0
2026-09-08,TWSE,2323,中環,10.85,10.9,10.75,10.8,4165831.0
2026-09-08,TWSE,2324,仁寶,41.6,41.6,39.2,40.05,125562912.0
2026-09-08,TWSE,2327,國巨*,575.0,605.0,570.0,589.0,71286963.0
2026-09-08,TWSE,2328,廣宇,47.2,47.3,45.8,46.0,1592227.0
2026-09-08,TWSE,2329,華泰,43.5,43.9,43.15,43.3,1460462.0
2026-09-08,TWSE,2330,台積電,2435.0,2460.0,2430.0,2460.0,26898329.0
2026-09-08,TWSE,2331,精英,19.9,19.9,19.25,19.35,1117475.0
2026-09-08,TWSE,2332,友訊,19.7,19.8,19.15,19.45,11587248.0
2026-09-08,TWSE,2337,旺宏,124.5,126.5,123.0,124.5,28816682.0
2026-09-08,TWSE,2338,光罩,39.0,39.2,38.25,38.55,934885.0
2026-09-08,TWSE,2340,台亞,34.2,34.6,33.05,33.2,2793708.0
2026-09-08,TWSE,2342,茂矽,40.3,41.2,39.55,39.75,2873446.0
2026-09-08,TWSE,2344,華邦電,181.0,183.5,178.0,180.0,118922555.0
2026-09-08,TWSE,2345,智邦,2150.0,2155.0,2090.0,2100.0,2076808.0
2026-09-08,TWSE,2347,聯強,89.0,89.8,87.3,89.3,2680117.0
2026-09-08,TWSE,2348,海悅,72.2,72.3,70.8,71.2,361862.0
2026-09-08,TWSE,2349,錸德,11.15,11.15,10.75,10.8,1843799.0
2026-09-08,TWSE,2351,順德,236.0,244.5,229.0,233.5,7241569.0
2026-09-08,TWSE,2352,佳世達,29.7,29.7,28.6,29.0,5778552.0
2026-09-08,TWSE,2353,宏碁,33.0,33.05,31.65,32.3,29046453.0
2026-09-08,TWSE,2354,鴻準,66.7,66.8,64.7,65.7,11567781.0
2026-09-08,TWSE,2355,敬鵬,42.95,43.3,42.1,42.2,1259759.0
2026-09-08,TWSE,2356,英業達,68.2,68.2,65.2,66.1,24974529.0
2026-09-08,TWSE,2357,華碩,1025.0,1025.0,981.0,999.0,5002793.0
2026-09-08,TWSE,2359,所羅門,143.0,144.0,141.5,142.0,2129495.0
2026-09-08,TWSE,2360,致茂,2140.0,2230.0,2100.0,2230.0,1744981.0
2026-09-08,TWSE,2362,藍天,49.45,49.45,47.75,47.95,1176387.0
2026-09-08,TWSE,2363,矽統,52.0,53.4,51.1,52.5,9168337.0
2026-09-08,TWSE,2364,倫飛,67.4,67.4,65.5,66.2,381124.0
2026-09-08,TWSE,2365,昆盈,29.5,29.5,28.3,28.65,788997.0
2026-09-08,TWSE,2367,燿華,43.6,43.65,42.3,42.4,3156776.0
2026-09-08,TWSE,2368,金像電,1090.0,1145.0,1060.0,1120.0,8130245.0
2026-09-08,TWSE,2369,菱生,31.45,31.75,30.9,30.95,3238010.0
2026-09-08,TWSE,2371,大同,28.3,28.35,27.8,28.15,5199594.0
2026-09-08,TWSE,2373,震旦行,53.2,53.8,52.9,53.8,51086.0
2026-09-08,TWSE,2374,佳能,68.9,69.0,67.3,67.5,1894942.0
2026-09-08,TWSE,2375,凱美,128.0,130.5,126.0,127.0,4885326.0
2026-09-08,TWSE,2376,技嘉,369.5,371.0,361.0,364.5,5309018.0
2026-09-08,TWSE,2377,微星,164.0,164.0,156.0,158.5,14300757.0
2026-09-08,TWSE,2379,瑞昱,720.0,738.0,706.0,729.0,2781018.0
2026-09-08,TWSE,2380,虹光,19.25,19.25,17.6,18.3,160775.0
2026-09-08,TWSE,2382,廣達,350.0,351.5,340.5,347.5,13614465.0
2026-09-08,TWSE,2383,台光電,5550.0,5580.0,5280.0,5495.0,1515921.0
2026-09-08,TWSE,2385,群光,111.5,111.5,109.0,110.5,2873493.0
2026-09-08,TWSE,2387,精元,36.4,36.4,36.0,36.2,327098.0
2026-09-08,TWSE,2388,威盛,82.0,83.0,77.1,77.7,8928166.0
2026-09-08,TWSE,2390,云辰,10.25,10.25,10.0,10.05,548616.0
2026-09-08,TWSE,2392,正崴,46.2,46.3,44.3,44.35,3278504.0
2026-09-08,TWSE,2393,億光,64.8,64.9,63.2,63.5,1601153.0
2026-09-08,TWSE,2395,研華,727.0,727.0,677.0,680.0,3571608.0
2026-09-08,TWSE,2397,友通,62.9,62.9,61.2,61.9,225082.0
2026-09-08,TWSE,2399,映泰,47.5,48.45,46.7,46.8,7405380.0
2026-09-08,TWSE,2401,凌陽,25.7,25.95,25.4,25.55,1719854.0
2026-09-08,TWSE,2402,毅嘉,57.9,57.9,56.0,56.1,1311538.0
2026-09-08,TWSE,2404,漢唐,1070.0,1085.0,1060.0,1080.0,951408.0
2026-09-08,TWSE,2405,輔信,15.2,15.25,14.95,15.05,1064013.0
2026-09-08,TWSE,2406,國碩,27.5,27.7,27.2,27.25,2054941.0
2026-09-08,TWSE,2408,南亞科,519.0,525.0,508.0,517.0,57088818.0
2026-09-08,TWSE,2409,友達,26.95,29.45,26.7,28.7,523099639.0
2026-09-08,TWSE,2412,中華電,138.5,138.5,136.5,138.0,8953714.0
2026-09-08,TWSE,2413,環科,47.85,49.3,46.2,48.35,9650289.0
2026-09-08,TWSE,2414,精技,52.7,52.7,51.8,52.1,120682.0
2026-09-08,TWSE,2415,錩新,28.4,28.75,28.35,28.6,146843.0
2026-09-08,TWSE,2417,圓剛,41.7,41.75,39.8,39.8,1566719.0
2026-09-08,TWSE,2419,仲琦,27.5,27.55,26.7,26.95,1666405.0
2026-09-08,TWSE,2420,新巨,55.0,55.0,54.0,54.2,194989.0
2026-09-08,TWSE,2421,建準,178.0,178.5,169.0,171.5,6516903.0
2026-09-08,TWSE,2423,固緯,75.0,75.0,73.7,74.3,38038.0
2026-09-08,TWSE,2424,隴華,8.1,8.1,8.1,8.1,7000.0
2026-09-08,TWSE,2425,承啟,38.5,38.65,37.3,37.3,751168.0
2026-09-08,TWSE,2426,鼎元,106.0,109.5,99.1,99.1,61028043.0
2026-09-08,TWSE,2427,三商電,22.45,22.45,21.8,21.8,431920.0
2026-09-08,TWSE,2428,興勤,263.0,266.0,259.0,259.5,1426110.0
2026-09-08,TWSE,2429,銘旺科,31.15,31.7,30.8,31.0,245451.0
2026-09-08,TWSE,2430,燦坤,17.85,17.9,17.65,17.9,58317.0
2026-09-08,TWSE,2431,聯昌,10.1,10.1,10.0,10.1,90689.0
2026-09-08,TWSE,2432,倚天酷碁-創,27.2,28.1,27.2,27.9,62000.0
2026-09-08,TWSE,2433,互盛電,41.6,41.75,41.3,41.6,27039.0
2026-09-08,TWSE,2434,統懋,65.0,66.5,64.0,64.8,730478.0
2026-09-08,TWSE,2436,偉詮電,69.1,71.7,69.1,71.7,15538506.0
2026-09-08,TWSE,2438,翔耀,22.2,22.3,20.8,20.85,326307.0
2026-09-08,TWSE,2439,美律,77.8,77.8,76.5,76.9,1751823.0
2026-09-08,TWSE,2440,太空梭,15.3,15.3,14.45,14.45,628143.0
2026-09-08,TWSE,2441,超豐,118.0,119.0,117.0,118.0,3080253.0
2026-09-08,TWSE,2442,新美齊,19.4,19.45,19.25,19.45,4540143.0
2026-09-08,TWSE,2444,兆勁,10.9,11.85,10.85,11.85,816529.0
2026-09-08,TWSE,2449,京元電子,268.5,278.0,266.5,273.0,26506217.0
2026-09-08,TWSE,2450,神腦,28.35,28.45,28.2,28.35,121763.0
2026-09-08,TWSE,2451,創見,289.5,293.0,286.0,289.5,2660219.0
2026-09-08,TWSE,2453,凌群,51.9,52.2,51.7,51.9,207237.0
2026-09-08,TWSE,2454,聯發科,4500.0,4855.0,4485.0,4760.0,17178200.0
2026-09-08,TWSE,2455,全新,525.0,525.0,491.0,500.0,3476203.0
2026-09-08,TWSE,2457,飛宏,22.95,23.0,22.6,22.9,726926.0
2026-09-08,TWSE,2458,義隆,128.0,131.0,124.5,131.0,2608621.0
2026-09-08,TWSE,2459,敦吉,66.8,66.8,65.6,66.4,90921.0
2026-09-08,TWSE,2460,建通,28.65,28.65,28.1,28.45,177952.0
2026-09-08,TWSE,2461,光群雷,18.35,18.45,18.2,18.3,539139.0
2026-09-08,TWSE,2462,良得電,20.1,20.1,19.55,19.55,261374.0
2026-09-08,TWSE,2464,盟立,213.0,213.0,202.5,203.0,16856438.0
2026-09-08,TWSE,2465,麗臺,99.2,103.5,98.6,102.5,6180573.0
2026-09-08,TWSE,2466,冠西電,99.5,103.5,98.0,100.5,914384.0
2026-09-08,TWSE,2467,志聖,616.0,635.0,607.0,619.0,1069202.0
2026-09-08,TWSE,2468,華經,33.85,33.85,33.3,33.5,115000.0
2026-09-08,TWSE,2471,資通,49.9,50.3,49.75,49.75,96328.0
2026-09-08,TWSE,2472,立隆電,230.0,235.5,225.0,226.0,3064997.0
2026-09-08,TWSE,2474,可成,210.0,210.0,206.5,208.5,1942028.0
2026-09-08,TWSE,2476,鉅祥,124.0,124.0,120.5,122.0,1138213.0
2026-09-08,TWSE,2477,美隆電,21.75,21.75,21.55,21.65,73105.0
2026-09-08,TWSE,2478,大毅,128.5,131.0,126.0,127.0,7673176.0
2026-09-08,TWSE,2480,敦陽科,157.0,158.0,153.5,157.5,205243.0
2026-09-08,TWSE,2481,強茂,158.0,168.0,155.0,158.0,60890518.0
2026-09-08,TWSE,2482,連宇,16.25,16.25,15.5,15.5,203490.0
2026-09-08,TWSE,2483,百容,34.1,34.1,33.05,33.05,494165.0
2026-09-08,TWSE,2484,希華,71.6,72.2,70.3,70.3,5851564.0
2026-09-08,TWSE,2485,兆赫,41.75,41.85,40.7,40.7,2147493.0
2026-09-08,TWSE,2486,一詮,262.5,266.0,252.0,254.5,6478033.0
2026-09-08,TWSE,2488,漢平,49.45,49.45,48.5,48.7,128083.0
2026-09-08,TWSE,2489,瑞軒,41.0,41.65,40.55,40.9,18407786.0
2026-09-08,TWSE,2491,吉祥全,42.0,44.45,40.8,43.0,2607253.0
2026-09-08,TWSE,2492,華新科,310.0,328.0,309.5,323.0,47400166.0
2026-09-08,TWSE,2493,揚博,184.0,187.0,181.0,184.0,934961.0
2026-09-08,TWSE,2495,普安,38.0,38.0,36.6,37.4,1006490.0
2026-09-08,TWSE,2496,卓越,55.2,55.5,55.0,55.0,9335.0
2026-09-08,TWSE,2497,怡利電,45.6,45.65,44.25,44.25,360120.0
2026-09-08,TWSE,2498,宏達電,41.7,41.9,41.0,41.0,4139799.0
2026-09-08,TWSE,2501,國建,22.65,22.65,22.05,22.3,2776136.0
2026-09-08,TWSE,2504,國產,31.5,31.5,31.1,31.3,999325.0
2026-09-08,TWSE,2505,國揚,17.2,17.35,17.05,17.25,169941.0
2026-09-08,TWSE,2506,太設,8.56,8.59,8.54,8.58,40413.0
2026-09-08,TWSE,2509,全坤建,14.95,15.0,14.65,14.9,136901.0
2026-09-08,TWSE,2511,太子,8.49,8.52,8.41,8.52,1281701.0
2026-09-08,TWSE,2514,龍邦,11.85,11.85,11.65,11.75,74498.0
2026-09-08,TWSE,2515,中工,12.2,12.2,11.9,11.9,4909219.0
2026-09-08,TWSE,2516,新建,14.2,14.3,14.1,14.1,105965.0
2026-09-08,TWSE,2520,冠德,37.45,37.45,36.45,36.6,1710941.0
2026-09-08,TWSE,2524,京城,35.0,35.7,34.7,35.7,67043.0
2026-09-08,TWSE,2527,宏璟,43.85,45.8,43.0,43.4,1346910.0
2026-09-08,TWSE,2528,皇普,20.35,20.35,19.9,20.1,247091.0
2026-09-08,TWSE,2530,華建,20.4,20.4,19.7,19.75,727909.0
2026-09-08,TWSE,2534,宏盛,17.15,17.15,16.9,16.95,211426.0
2026-09-08,TWSE,2535,達欣工,90.1,90.1,88.7,89.2,173816.0
2026-09-08,TWSE,2536,宏普,19.25,19.25,18.85,18.85,495642.0
2026-09-08,TWSE,2537,聯上發,11.65,11.65,11.3,11.3,1869582.0
2026-09-08,TWSE,2538,基泰,8.89,8.89,8.79,8.79,463753.0
2026-09-08,TWSE,2539,櫻花建,35.15,35.15,34.9,35.15,769605.0
2026-09-08,TWSE,2540,愛山林,47.8,47.8,46.6,46.9,399708.0
2026-09-08,TWSE,2542,興富發,48.55,48.55,47.6,48.0,7664867.0
2026-09-08,TWSE,2543,皇昌,38.9,38.9,38.25,38.65,661238.0
2026-09-08,TWSE,2545,皇翔,35.3,35.3,34.5,34.5,294574.0
2026-09-08,TWSE,2546,根基,109.0,109.0,105.0,105.5,143247.0
2026-09-08,TWSE,2547,日勝生,10.1,10.1,9.93,9.95,1459952.0
2026-09-08,TWSE,2548,華固,95.0,95.0,93.3,94.2,564236.0
2026-09-08,TWSE,2597,潤弘,171.5,171.5,169.0,171.0,132056.0
2026-09-08,TWSE,2601,益航,6.79,6.85,6.72,6.8,2020511.0
2026-09-08,TWSE,2603,長榮,234.0,235.0,232.0,233.0,5618324.0
2026-09-08,TWSE,2605,新興,36.0,36.6,35.8,36.35,7665129.0
2026-09-08,TWSE,2606,裕民,79.0,79.0,76.7,78.6,5286800.0
2026-09-08,TWSE,2607,榮運,54.0,54.0,52.8,53.1,350480.0
2026-09-08,TWSE,2608,嘉里大榮,28.85,28.85,28.4,28.55,256199.0
2026-09-08,TWSE,2609,陽明,58.5,58.7,58.0,58.1,15705138.0
2026-09-08,TWSE,2610,華航,20.6,20.6,20.3,20.45,13861205.0
2026-09-08,TWSE,2611,志信,14.5,14.55,14.25,14.25,476329.0
2026-09-08,TWSE,2612,中航,63.8,64.3,63.0,64.0,611263.0
2026-09-08,TWSE,2613,中櫃,22.75,22.95,22.55,22.7,403908.0
2026-09-08,TWSE,2614,東森,18.3,18.3,18.05,18.05,1184592.0
2026-09-08,TWSE,2615,萬海,116.0,116.5,114.0,114.5,9069060.0
2026-09-08,TWSE,2616,山隆,13.5,13.5,13.35,13.4,82885.0
2026-09-08,TWSE,2617,台航,32.75,33.15,32.2,32.9,3612170.0
2026-09-08,TWSE,2618,長榮航,42.8,42.8,41.8,42.1,12951191.0
2026-09-08,TWSE,2630,亞航,50.9,50.9,49.65,49.8,671800.0
2026-09-08,TWSE,2633,台灣高鐵,26.1,26.15,25.95,26.0,5294404.0
2026-09-08,TWSE,2634,漢翔,66.1,66.8,64.7,66.3,10831919.0
2026-09-08,TWSE,2636,台驊控股,69.4,69.7,68.9,69.5,248640.0
2026-09-08,TWSE,2637,慧洋-KY,100.5,101.0,97.5,99.2,2787433.0
2026-09-08,TWSE,2642,宅配通,20.4,20.6,20.35,20.4,69346.0
2026-09-08,TWSE,2645,長榮航太,175.0,176.5,174.0,174.0,969090.0
2026-09-08,TWSE,2646,星宇航空,20.75,20.75,20.45,20.5,3157420.0
2026-09-08,TWSE,2701,萬企,10.4,10.5,10.4,10.4,66878.0
2026-09-08,TWSE,2702,華園,12.8,12.8,12.5,12.7,60047.0
2026-09-08,TWSE,2704,國賓,45.95,45.95,45.4,45.6,88998.0
2026-09-08,TWSE,2705,六福,15.85,15.85,15.55,15.65,99285.0
2026-09-08,TWSE,2706,第一店,12.55,12.6,12.45,12.55,313771.0
2026-09-08,TWSE,2707,晶華,180.0,180.0,177.5,179.0,104580.0
2026-09-08,TWSE,2712,遠雄來,14.35,14.6,14.35,14.6,20088.0
2026-09-08,TWSE,2722,夏都,21.6,22.05,21.4,21.85,34099.0
2026-09-08,TWSE,2723,美食-KY,83.8,83.8,81.5,82.4,253617.0
2026-09-08,TWSE,2727,王品,233.5,233.5,228.0,230.0,313585.0
2026-09-08,TWSE,2731,雄獅,145.0,145.0,143.0,144.5,183163.0
2026-09-08,TWSE,2739,寒舍,38.0,38.35,37.6,37.95,63771.0
2026-09-08,TWSE,2748,雲品,39.0,39.2,38.6,38.85,89689.0
2026-09-08,TWSE,2753,八方雲集,180.0,180.0,179.0,179.5,81553.0
2026-09-08,TWSE,2762,世界健身-KY,82.8,82.8,81.3,82.2,66046.0
2026-09-08,TWSE,2801,彰銀,26.8,26.8,26.2,26.5,24267028.0
2026-09-08,TWSE,2812,台中銀,19.45,19.45,19.05,19.25,14117215.0
2026-09-08,TWSE,2816,旺旺保,40.3,40.3,38.75,38.8,689440.0
2026-09-08,TWSE,2820,華票,17.1,17.1,16.75,16.85,3700534.0
2026-09-08,TWSE,2832,台產,58.7,58.7,57.9,57.9,160279.0
2026-09-08,TWSE,2834,臺企銀,17.05,17.2,16.9,17.2,42598738.0
2026-09-08,TWSE,2836,高雄銀,12.3,12.3,12.15,12.2,1224904.0
2026-09-08,TWSE,2838,聯邦銀,20.9,21.0,20.7,20.95,2366200.0
2026-09-08,TWSE,2845,遠東銀,13.7,13.8,13.55,13.75,14882250.0
2026-09-08,TWSE,2849,安泰銀,15.1,16.15,15.1,15.7,710172.0
2026-09-08,TWSE,2850,新產,161.0,161.0,156.5,157.0,461246.0
2026-09-08,TWSE,2851,中再保,46.9,46.9,44.45,44.95,4277862.0
2026-09-08,TWSE,2852,第一保,28.45,28.45,27.95,27.95,430439.0
2026-09-08,TWSE,2855,統一證,51.2,52.3,50.4,52.0,5706215.0
2026-09-08,TWSE,2880,華南金,44.7,44.7,43.95,44.35,13082688.0
2026-09-08,TWSE,2881,富邦金,155.0,155.5,148.0,149.5,21676639.0
2026-09-08,TWSE,2882,國泰金,117.0,117.0,113.5,114.5,25786342.0
2026-09-08,TWSE,2883,凱基金,37.1,37.45,36.3,36.95,51314316.0
2026-09-08,TWSE,2884,玉山金,44.0,44.4,43.25,43.55,54265583.0
2026-09-08,TWSE,2885,元大金,70.9,70.9,69.1,70.2,20843675.0
2026-09-08,TWSE,2886,兆豐金,50.4,50.4,49.3,50.2,20349647.0
2026-09-08,TWSE,2887,台新新光金,41.85,41.85,40.7,41.1,57658148.0
2026-09-08,TWSE,2889,國票金,16.65,16.7,16.35,16.45,15632611.0
2026-09-08,TWSE,2890,永豐金,43.25,43.25,42.15,42.6,20513376.0
2026-09-08,TWSE,2891,中信金,68.4,69.5,67.1,67.4,29922109.0
2026-09-08,TWSE,2892,第一金,38.0,38.0,36.85,37.3,38993734.0
2026-09-08,TWSE,2897,王道銀行,10.9,10.95,10.7,10.75,7811549.0
2026-09-08,TWSE,2901,欣欣,23.8,23.8,23.15,23.7,16299.0
2026-09-08,TWSE,2903,遠百,22.6,22.6,22.15,22.25,1062429.0
2026-09-08,TWSE,2904,匯僑,12.75,12.85,12.65,12.65,53449.0
2026-09-08,TWSE,2905,三商,18.25,18.3,17.9,17.9,1487962.0
2026-09-08,TWSE,2906,高林,13.9,13.9,13.5,13.75,147845.0
2026-09-08,TWSE,2908,特力,22.15,22.6,22.15,22.25,350309.0
2026-09-08,TWSE,2910,統領,23.8,24.15,23.75,23.75,33102.0
2026-09-08,TWSE,2911,麗嬰房,6.6,6.6,6.39,6.39,177472.0
2026-09-08,TWSE,2912,統一超,217.5,217.5,214.0,215.0,1328293.0
2026-09-08,TWSE,2913,農林,11.1,11.1,10.95,10.95,1515907.0
2026-09-08,TWSE,2915,潤泰全,57.8,57.8,56.6,56.7,1491180.0
2026-09-08,TWSE,2923,鼎固-KY,26.25,28.0,26.0,27.1,295431.0
2026-09-08,TWSE,2929,淘帝-KY,5.77,5.79,5.7,5.72,122785.0
2026-09-08,TWSE,2939,永邑-KY,20.0,20.0,19.3,19.75,65000.0
2026-09-08,TWSE,2945,三商家購,40.1,40.1,40.0,40.1,14755.0
2026-09-08,TWSE,3002,歐格,17.4,17.4,17.1,17.3,72180.0
2026-09-08,TWSE,3003,健和興,65.0,65.0,59.0,59.0,3354602.0
2026-09-08,TWSE,3004,豐達科,122.5,123.0,120.0,120.0,510277.0
2026-09-08,TWSE,3005,神基,115.5,116.0,112.0,113.0,2431067.0
2026-09-08,TWSE,3006,晶豪科,288.0,304.0,288.0,297.0,26812246.0
2026-09-08,TWSE,3008,大立光,7185.0,7185.0,6660.0,6660.0,2481903.0
2026-09-08,TWSE,3010,華立,130.5,130.5,128.5,129.5,527752.0
2026-09-08,TWSE,3011,今皓,10.2,10.25,10.0,10.0,502905.0
2026-09-08,TWSE,3013,晟銘電,89.5,89.5,86.3,86.3,906530.0
2026-09-08,TWSE,3014,聯陽,133.0,133.0,130.5,132.0,642570.0
2026-09-08,TWSE,3015,全漢,53.8,53.8,52.5,53.0,173251.0
2026-09-08,TWSE,3016,嘉晶,103.0,103.5,100.0,100.5,2695630.0
2026-09-08,TWSE,3017,奇鋐,3595.0,3595.0,3410.0,3420.0,3303272.0
2026-09-08,TWSE,3018,隆銘綠能,11.8,11.9,11.5,11.6,50790.0
2026-09-08,TWSE,3019,亞光,145.5,145.5,141.0,142.0,5128775.0
2026-09-08,TWSE,3021,鴻名,25.0,26.65,23.85,25.45,3025658.0
2026-09-08,TWSE,3022,威強電,97.0,98.6,91.2,91.5,4751940.0
2026-09-08,TWSE,3023,信邦,343.0,348.0,338.5,339.5,1465020.0
2026-09-08,TWSE,3024,憶聲,14.05,14.4,14.05,14.3,879446.0
2026-09-08,TWSE,3025,星通,51.8,51.9,50.3,50.9,336934.0
2026-09-08,TWSE,3026,禾伸堂,770.0,771.0,761.0,771.0,3646503.0
2026-09-08,TWSE,3027,盛達,18.4,18.4,18.05,18.05,146626.0
2026-09-08,TWSE,3028,增你強,64.3,64.7,63.4,63.4,821998.0
2026-09-08,TWSE,3029,零壹,113.0,113.0,108.5,109.5,918648.0
2026-09-08,TWSE,3030,德律,284.0,285.5,281.0,282.0,852445.0
2026-09-08,TWSE,3031,佰鴻,25.05,25.2,24.3,24.6,595093.0
2026-09-08,TWSE,3032,偉訓,79.7,79.7,78.3,78.6,264959.0
2026-09-08,TWSE,3033,威健,44.3,44.55,43.2,43.25,4248723.0
2026-09-08,TWSE,3034,聯詠,534.0,540.0,525.0,540.0,2295152.0
2026-09-08,TWSE,3035,智原,182.5,182.5,177.0,179.0,1564813.0
2026-09-08,TWSE,3036,文曄,195.0,195.0,191.5,192.5,6951071.0
2026-09-08,TWSE,3037,欣興,939.0,965.0,911.0,949.0,22187760.0
2026-09-08,TWSE,3038,全台,20.15,20.25,20.0,20.1,223317.0
2026-09-08,TWSE,3040,遠見,35.7,36.5,35.05,35.7,181975.0
2026-09-08,TWSE,3041,揚智,23.3,23.4,22.9,22.9,490745.0
2026-09-08,TWSE,3042,晶技,175.0,180.0,172.5,176.5,8521357.0
2026-09-08,TWSE,3043,科風,21.0,21.15,20.9,20.95,29713.0
2026-09-08,TWSE,3044,健鼎,495.5,500.0,489.0,493.0,1734445.0
2026-09-08,TWSE,3045,台灣大,118.0,118.0,116.5,117.0,4447140.0
2026-09-08,TWSE,3046,建碁,55.0,55.4,54.2,54.4,420927.0
2026-09-08,TWSE,3047,訊舟,13.65,13.65,13.4,13.4,392814.0
2026-09-08,TWSE,3048,益登,54.1,54.1,53.2,53.5,716778.0
2026-09-08,TWSE,3049,精金,12.9,13.05,12.7,12.75,6658125.0
2026-09-08,TWSE,3050,鈺德,11.5,11.5,11.35,11.4,284479.0
2026-09-08,TWSE,3051,力特,21.9,21.9,21.5,21.5,729745.0
2026-09-08,TWSE,3052,夆典,10.5,10.55,10.45,10.45,107959.0
2026-09-08,TWSE,3054,立萬利,55.7,58.7,55.7,57.8,132714.0
2026-09-08,TWSE,3055,蔚華科,133.5,144.0,133.0,134.5,3507051.0
2026-09-08,TWSE,3056,富華新,14.2,14.2,13.85,14.05,477758.0
2026-09-08,TWSE,3057,喬鼎,17.35,17.35,16.9,17.05,52710.0
2026-09-08,TWSE,3058,立德,8.05,8.15,8.0,8.0,406747.0
2026-09-08,TWSE,3059,華晶科,39.6,39.6,38.9,39.0,1028974.0
2026-09-08,TWSE,3060,銘異,26.8,26.8,26.0,26.2,575432.0
2026-09-08,TWSE,3062,建漢,20.9,20.9,20.35,20.5,914570.0
2026-09-08,TWSE,3090,日電貿,179.5,183.0,171.0,171.5,14273699.0
2026-09-08,TWSE,3092,鴻碩,23.75,23.75,23.2,23.55,93033.0
2026-09-08,TWSE,3094,聯傑,49.0,50.8,44.8,44.8,19617528.0
2026-09-08,TWSE,3130,一零四,210.0,210.5,209.5,210.0,51293.0
2026-09-08,TWSE,3135,凌航,175.5,176.5,172.5,173.0,853108.0
2026-09-08,TWSE,3138,耀登,95.5,96.1,93.6,93.6,118181.0
2026-09-08,TWSE,3149,正達,60.7,61.6,60.0,60.8,3273758.0
2026-09-08,TWSE,3150,鈺寶-創,16.7,16.7,16.6,16.65,6101.0
2026-09-08,TWSE,3164,景岳,16.25,16.25,15.75,15.95,29991.0
2026-09-08,TWSE,3167,大量,883.0,883.0,878.0,883.0,1836229.0
2026-09-08,TWSE,3168,眾福科,42.55,43.5,42.3,43.1,27659.0
2026-09-08,TWSE,3189,景碩,819.0,831.0,805.0,813.0,17014894.0
2026-09-08,TWSE,3209,全科,46.9,46.9,45.9,45.9,1217640.0
2026-09-08,TWSE,3229,晟鈦,50.4,51.3,49.45,50.6,548138.0
2026-09-08,TWSE,3231,緯創,199.5,200.5,192.0,197.0,65693512.0
2026-09-08,TWSE,3257,虹冠電,49.9,49.9,49.1,49.1,155931.0
2026-09-08,TWSE,3266,昇陽,13.95,14.05,13.9,14.05,47063.0
2026-09-08,TWSE,3296,勝德,24.25,24.25,23.55,24.25,28482.0
2026-09-08,TWSE,3305,昇貿,112.0,112.5,109.0,109.5,1241957.0
2026-09-08,TWSE,3308,聯德,22.3,22.95,21.6,21.9,65517.0
2026-09-08,TWSE,3311,閎暉,32.1,32.1,31.6,31.75,81223.0
2026-09-08,TWSE,3312,弘憶股,53.1,53.3,52.3,52.6,706532.0
2026-09-08,TWSE,3321,同泰,18.1,18.4,17.7,17.7,284515.0
2026-09-08,TWSE,3338,泰碩,66.2,66.5,65.3,66.0,274295.0
2026-09-08,TWSE,3346,麗清,18.9,19.35,18.7,18.7,315864.0
2026-09-08,TWSE,3356,奇偶,61.3,61.5,60.1,60.3,516276.0
2026-09-08,TWSE,3376,新日興,211.0,211.0,202.5,206.5,7165015.0
2026-09-08,TWSE,3380,明泰,31.05,31.2,29.7,29.85,3626927.0
2026-09-08,TWSE,3406,玉晶光,1040.0,1040.0,961.0,987.0,2303955.0
2026-09-08,TWSE,3413,京鼎,286.5,286.5,282.0,284.0,511293.0
2026-09-08,TWSE,3416,融程電,174.5,174.5,168.0,169.5,191537.0
2026-09-08,TWSE,3419,譁裕,11.7,11.7,11.45,11.5,128395.0
2026-09-08,TWSE,3432,台端,14.3,14.35,14.25,14.35,33622.0
2026-09-08,TWSE,3437,榮創,18.6,18.6,17.95,17.95,674245.0
2026-09-08,TWSE,3443,創意,6000.0,6030.0,5705.0,5935.0,2131993.0
2026-09-08,TWSE,3447,展達,30.1,30.1,28.6,28.85,56576.0
2026-09-08,TWSE,3450,聯鈞,596.0,596.0,569.0,585.0,962860.0
2026-09-08,TWSE,3481,群創,49.4,50.7,48.0,49.95,251338640.0
2026-09-08,TWSE,3494,誠研,7.31,7.51,7.01,7.1,88263.0
2026-09-08,TWSE,3501,維熹,40.0,40.2,39.55,39.6,106261.0
2026-09-08,TWSE,3504,揚明光,89.7,89.8,83.4,84.5,3258307.0
2026-09-08,TWSE,3515,華擎,231.0,233.0,225.0,231.0,795620.0
2026-09-08,TWSE,3518,柏騰,30.55,30.65,29.75,29.75,759489.0
2026-09-08,TWSE,3528,安馳,83.8,83.9,82.7,83.0,82995.0
2026-09-08,TWSE,3530,晶相光,60.0,60.1,57.6,57.6,106630.0
2026-09-08,TWSE,3532,台勝科,401.0,418.5,393.5,403.0,8013341.0
2026-09-08,TWSE,3533,嘉澤,1720.0,1725.0,1690.0,1695.0,628390.0
2026-09-08,TWSE,3535,晶彩科,87.9,93.5,86.8,90.9,1638541.0
2026-09-08,TWSE,3543,州巧,45.35,45.5,44.4,44.4,1264208.0
2026-09-08,TWSE,3545,敦泰,51.5,51.5,50.3,51.0,469370.0
2026-09-08,TWSE,3550,聯穎,23.45,23.55,22.85,22.95,892571.0
2026-09-08,TWSE,3557,嘉威,24.2,24.5,24.0,24.5,17747.0
2026-09-08,TWSE,3563,牧德,700.0,714.0,698.0,699.0,449213.0
2026-09-08,TWSE,3576,聯合再生,17.2,17.25,17.0,17.05,3431478.0
2026-09-08,TWSE,3583,辛耘,727.0,740.0,711.0,722.0,959876.0
2026-09-08,TWSE,3588,通嘉,53.4,54.3,52.3,53.2,203299.0
2026-09-08,TWSE,3591,艾笛森,24.0,24.3,23.2,23.6,3601707.0
2026-09-08,TWSE,3592,瑞鼎,224.5,224.5,221.5,221.5,211242.0
2026-09-08,TWSE,3593,力銘,10.5,10.5,10.2,10.5,38201.0
2026-09-08,TWSE,3596,智易,160.0,160.0,159.0,159.5,501910.0
2026-09-08,TWSE,3605,宏致,121.5,128.0,117.0,120.5,10428662.0
2026-09-08,TWSE,3607,谷崧,13.75,13.75,13.65,13.7,80020.0
2026-09-08,TWSE,3617,碩天,251.0,254.0,247.0,248.5,398563.0
2026-09-08,TWSE,3622,洋華,53.0,53.5,52.7,53.5,671225.0
2026-09-08,TWSE,3645,達邁,72.4,72.7,71.3,71.8,1382531.0
2026-09-08,TWSE,3652,精聯,33.3,33.65,32.4,32.4,186119.0
2026-09-08,TWSE,3653,健策,6000.0,6000.0,5600.0,5655.0,802151.0
2026-09-08,TWSE,3661,世芯-KY,4175.0,4180.0,4000.0,4040.0,3204560.0
2026-09-08,TWSE,3665,貿聯-KY,2175.0,2185.0,2060.0,2070.0,2560427.0
2026-09-08,TWSE,3669,圓展,34.45,34.45,32.95,33.05,656558.0
2026-09-08,TWSE,3673,TPK-KY,66.1,66.8,65.4,65.8,2723796.0
2026-09-08,TWSE,3679,新至陞,107.0,108.0,106.0,108.0,32009.0
2026-09-08,TWSE,3686,達能,14.35,14.4,14.2,14.4,64484.0
2026-09-08,TWSE,3694,海華,50.5,50.9,50.2,50.5,455108.0
2026-09-08,TWSE,3701,大眾控,41.95,41.95,40.8,41.0,763101.0
2026-09-08,TWSE,3702,大聯大,105.0,106.5,104.5,105.0,8385171.0
2026-09-08,TWSE,3703,欣陸,20.0,20.0,19.6,19.75,1897637.0
2026-09-08,TWSE,3704,合勤控,40.4,40.65,39.4,39.7,1402668.0
2026-09-08,TWSE,3705,永信,56.3,56.5,55.4,56.4,367256.0
2026-09-08,TWSE,3706,神達,93.0,93.1,91.7,92.6,9948246.0
2026-09-08,TWSE,3708,上緯投控,100.5,100.5,98.4,99.6,436707.0
2026-09-08,TWSE,3711,日月光投控,600.0,628.0,600.0,621.0,27604665.0
2026-09-08,TWSE,3712,永崴投控,21.15,21.2,20.65,20.65,553160.0
2026-09-08,TWSE,3714,富采,66.9,68.5,65.5,67.2,26485957.0
2026-09-08,TWSE,3715,定穎投控,119.0,121.5,117.0,119.5,3273965.0
2026-09-08,TWSE,3716,中化控股,34.15,34.3,33.8,33.9,289620.0
2026-09-08,TWSE,3717,聯嘉投控,22.35,22.4,21.75,21.85,2038372.0
2026-09-08,TWSE,4104,佳醫,71.5,71.5,70.6,71.2,106508.0
2026-09-08,TWSE,4106,雃博,24.5,24.5,24.2,24.45,79273.0
2026-09-08,TWSE,4108,懷特,11.35,11.4,11.2,11.4,120355.0
2026-09-08,TWSE,4119,旭富,55.6,55.8,54.6,54.6,130803.0
2026-09-08,TWSE,4133,亞諾法,20.55,20.65,20.5,20.5,51083.0
2026-09-08,TWSE,4137,麗豐-KY,79.6,79.6,77.7,78.1,292700.0
2026-09-08,TWSE,4142,國光生,17.7,17.95,17.5,17.7,891496.0
2026-09-08,TWSE,4148,全宇生技-KY,31.85,31.85,30.9,31.65,26287.0
2026-09-08,TWSE,4155,訊映,14.35,14.55,14.2,14.3,228723.0
2026-09-08,TWSE,4164,承業醫,26.4,26.4,25.9,25.9,322134.0
2026-09-08,TWSE,4169,泰宗,150.5,151.5,148.0,150.5,213751.0
2026-09-08,TWSE,4178,永笙-KY,16.9,17.2,16.8,17.0,36100.0
2026-09-08,TWSE,4190,佐登-KY,25.9,26.1,25.9,26.0,8938.0
2026-09-08,TWSE,4195,基米-創,13.8,13.85,13.5,13.75,85401.0
2026-09-08,TWSE,4306,炎洲,15.35,15.35,14.95,15.0,1319762.0
2026-09-08,TWSE,4414,如興,8.24,8.35,8.07,8.07,363224.0
2026-09-08,TWSE,4426,利勤,7.62,7.62,7.53,7.59,50140.0
2026-09-08,TWSE,4438,廣越,59.0,59.0,57.4,57.9,99955.0
2026-09-08,TWSE,4439,冠星-KY,97.1,97.1,95.9,96.3,9704.0
2026-09-08,TWSE,4440,宜新實業,17.75,17.85,17.65,17.7,98585.0
2026-09-08,TWSE,4441,振大環球,175.5,175.5,170.0,174.5,66462.0
2026-09-08,TWSE,4526,東台,31.6,32.75,31.1,32.35,5081838.0
2026-09-08,TWSE,4532,瑞智,23.85,23.9,23.45,23.5,1057991.0
2026-09-08,TWSE,4536,拓凱,165.5,165.5,161.5,163.0,232680.0
2026-09-08,TWSE,4540,全球傳動,61.3,62.8,59.8,59.8,2336680.0
2026-09-08,TWSE,4545,銘鈺,32.0,32.35,31.55,32.35,51361.0
2026-09-08,TWSE,4551,智伸科,172.5,173.0,166.5,167.5,1610154.0
2026-09-08,TWSE,4552,力達-KY,16.6,16.6,16.3,16.45,49909.0
2026-09-08,TWSE,4555,氣立,45.9,45.9,44.8,44.9,231342.0
2026-09-08,TWSE,4557,永新-KY,50.0,51.0,49.6,49.8,45463.0
2026-09-08,TWSE,4560,強信-KY,29.15,29.15,28.55,28.6,197151.0
2026-09-08,TWSE,4562,穎漢,31.3,31.65,30.3,30.5,170801.0
2026-09-08,TWSE,4564,元翎,16.45,16.45,15.95,15.95,936395.0
2026-09-08,TWSE,4566,時碩工業,64.8,64.8,63.4,63.6,514197.0
2026-09-08,TWSE,4569,六方科-KY,182.5,182.5,174.0,177.5,164814.0
2026-09-08,TWSE,4571,鈞興-KY,163.5,163.5,158.0,158.0,152117.0
2026-09-08,TWSE,4572,駐龍,142.5,144.5,140.0,143.0,34642.0
2026-09-08,TWSE,4576,大銀微系統,250.0,258.0,245.0,247.0,6096261.0
2026-09-08,TWSE,4581,光隆精密-KY,47.85,48.0,47.85,48.0,6100.0
2026-09-08,TWSE,4582,聚恆-創,23.6,23.6,23.05,23.05,105525.0
2026-09-08,TWSE,4583,台灣精銳,490.0,490.0,462.0,462.0,80310.0
2026-09-08,TWSE,4585,達明,297.0,300.0,293.5,297.5,271034.0
2026-09-08,TWSE,4588,玖鼎電力,52.2,52.3,51.8,52.1,30489.0
2026-09-08,TWSE,4590,富田-創,91.1,91.1,88.8,89.6,186446.0
2026-09-08,TWSE,4720,德淵,18.9,18.9,18.3,18.45,342130.0
2026-09-08,TWSE,4722,國精化,205.5,206.0,199.5,200.0,597461.0
2026-09-08,TWSE,4736,泰博,127.5,127.5,123.0,125.5,447902.0
2026-09-08,TWSE,4737,華廣,58.6,59.1,58.3,59.0,158485.0
2026-09-08,TWSE,4739,康普,84.3,84.9,82.5,82.5,662251.0
2026-09-08,TWSE,4746,台耀,45.45,46.7,45.15,46.4,862577.0
2026-09-08,TWSE,4755,三福化,119.0,119.0,115.5,116.0,123778.0
2026-09-08,TWSE,4763,材料*-KY,51.0,51.0,49.35,50.6,6183590.0
2026-09-08,TWSE,4764,雙鍵,231.5,233.0,227.5,228.0,451206.0
2026-09-08,TWSE,4766,南寶,348.0,348.0,342.5,344.5,150921.0
2026-09-08,TWSE,4770,上品,232.0,246.5,231.5,239.0,1370362.0
2026-09-08,TWSE,4771,望隼,207.5,207.5,204.5,206.0,148388.0
2026-09-08,TWSE,4807,日成-KY,28.95,30.15,27.4,27.4,235527.0
2026-09-08,TWSE,4904,遠傳,104.5,104.5,102.0,102.0,5386241.0
2026-09-08,TWSE,4906,正文,37.15,37.2,36.2,36.8,3449492.0
2026-09-08,TWSE,4912,聯德控股-KY,101.5,102.0,98.8,102.0,577598.0
2026-09-08,TWSE,4915,致伸,61.0,61.0,60.1,60.2,1787063.0
2026-09-08,TWSE,4916,事欣科,98.1,98.3,96.5,97.1,944260.0
2026-09-08,TWSE,4919,新唐,122.0,125.0,118.5,122.5,3275935.0
2026-09-08,TWSE,4927,泰鼎-KY,42.3,44.85,42.15,43.0,6268476.0
2026-09-08,TWSE,4930,燦星網,16.1,16.2,15.95,16.2,21645.0
2026-09-08,TWSE,4934,太極,14.05,14.05,13.6,13.6,414946.0
2026-09-08,TWSE,4935,茂林-KY,33.65,33.65,32.85,33.1,111192.0
2026-09-08,TWSE,4938,和碩,95.6,95.6,91.6,93.6,12701722.0
2026-09-08,TWSE,4942,嘉彰,33.2,33.25,32.75,33.0,92451.0
2026-09-08,TWSE,4943,康控-KY,7.0,7.0,6.53,6.61,169334.0
2026-09-08,TWSE,4949,有成精密,78.5,78.5,77.1,77.2,387145.0
2026-09-08,TWSE,4952,凌通,50.5,51.0,50.3,50.6,298136.0
2026-09-08,TWSE,4956,光鋐,37.0,37.0,35.05,35.1,4125899.0
2026-09-08,TWSE,4958,臻鼎-KY,472.5,508.0,469.0,501.0,34247775.0
2026-09-08,TWSE,4960,誠美材,21.45,21.5,20.95,21.0,1219728.0
2026-09-08,TWSE,4961,天鈺,167.0,167.0,164.0,165.5,293157.0
2026-09-08,TWSE,4967,十銓,280.0,284.0,277.0,277.5,3402723.0
2026-09-08,TWSE,4968,立積,92.3,92.3,90.2,90.3,257812.0
2026-09-08,TWSE,4976,佳凌,38.65,38.7,37.15,37.2,2668683.0
2026-09-08,TWSE,4977,眾達-KY,182.0,182.5,175.5,179.5,4658535.0
2026-09-08,TWSE,4989,榮科,62.0,62.7,60.9,61.8,2697045.0
2026-09-08,TWSE,4994,傳奇,81.6,82.8,81.1,81.7,16153.0
2026-09-08,TWSE,4999,鑫禾,18.4,18.4,18.15,18.35,40088.0
2026-09-08,TWSE,5007,三星,56.4,56.6,55.7,56.6,110153.0
2026-09-08,TWSE,5203,訊連,58.8,58.8,58.0,58.2,116488.0
2026-09-08,TWSE,5215,科嘉-KY,39.1,39.2,38.55,39.0,21100.0
2026-09-08,TWSE,5222,全訊,105.0,105.5,104.5,105.5,144019.0
2026-09-08,TWSE,5225,東科-KY,57.3,57.4,55.9,56.4,591260.0
2026-09-08,TWSE,5234,達興材料,301.0,303.0,296.5,302.0,219593.0
2026-09-08,TWSE,5236,凌陽創新,138.0,138.5,137.0,137.5,59919.0
2026-09-08,TWSE,5243,乙盛-KY,96.1,98.5,93.5,95.4,2774701.0
2026-09-08,TWSE,5244,弘凱,34.7,35.2,34.0,34.25,275001.0
2026-09-08,TWSE,5258,虹堡,45.9,46.25,45.0,45.9,445039.0
2026-09-08,TWSE,5269,祥碩,1450.0,1455.0,1420.0,1440.0,327722.0
2026-09-08,TWSE,5283,禾聯碩,54.7,54.7,53.8,54.1,80891.0
2026-09-08,TWSE,5284,jpp-KY,320.0,322.5,308.0,318.5,1032297.0
2026-09-08,TWSE,5285,界霖,88.8,88.8,86.3,87.7,628217.0
2026-09-08,TWSE,5288,豐祥-KY,189.5,191.0,186.0,191.0,92039.0
2026-09-08,TWSE,5292,華懋,218.0,221.5,217.5,220.0,100228.0
2026-09-08,TWSE,5306,桂盟,93.7,93.7,92.1,93.1,56045.0
2026-09-08,TWSE,5388,中磊,76.0,76.0,74.6,75.3,1632581.0
2026-09-08,TWSE,5434,崇越,548.0,549.0,539.0,541.0,442355.0
2026-09-08,TWSE,5469,瀚宇博,72.6,72.9,71.7,72.3,678284.0
2026-09-08,TWSE,5471,松翰,61.7,62.1,60.4,61.0,2720356.0
2026-09-08,TWSE,5484,慧友,39.8,39.8,39.35,39.4,101839.0
2026-09-08,TWSE,5515,建國,52.7,52.7,51.6,51.8,362816.0
2026-09-08,TWSE,5519,隆大,27.4,27.4,26.8,26.8,806631.0
2026-09-08,TWSE,5521,工信,10.6,10.6,10.4,10.55,1711601.0
2026-09-08,TWSE,5522,遠雄,64.6,64.6,63.1,63.3,362796.0
2026-09-08,TWSE,5525,順天,22.2,22.25,22.0,22.25,101524.0
2026-09-08,TWSE,5531,鄉林,7.41,7.41,7.22,7.22,452631.0
2026-09-08,TWSE,5533,皇鼎,14.0,14.0,13.85,13.9,70125.0
2026-09-08,TWSE,5534,長虹,77.2,77.2,75.3,75.6,641764.0
2026-09-08,TWSE,5538,東明-KY,37.5,37.5,36.75,37.0,28158.0
2026-09-08,TWSE,5546,永固-KY,14.8,15.2,14.6,14.95,77000.0
2026-09-08,TWSE,5607,遠雄港,56.8,57.0,55.0,55.2,997852.0
2026-09-08,TWSE,5608,四維航,17.15,17.35,17.0,17.3,3963464.0
2026-09-08,TWSE,5706,鳳凰,45.0,45.3,44.75,45.0,93218.0
2026-09-08,TWSE,5871,中租-KY,112.5,113.5,111.5,112.5,4853864.0
2026-09-08,TWSE,5876,上海商銀,46.5,46.95,46.05,46.95,9786207.0
2026-09-08,TWSE,5880,合庫金,26.75,26.75,26.3,26.5,15517404.0
2026-09-08,TWSE,5906,台南-KY,38.0,38.0,38.0,38.0,1440.0
2026-09-08,TWSE,5907,大洋-KY,4.94,4.98,4.85,4.85,354130.0
2026-09-08,TWSE,6005,群益證,33.1,33.2,32.4,32.7,5263332.0
2026-09-08,TWSE,6024,群益期,63.5,63.5,62.5,62.9,270122.0
2026-09-08,TWSE,6108,競國,23.3,23.6,22.8,22.95,1804750.0
2026-09-08,TWSE,6112,邁達特,46.0,46.0,45.2,45.25,405372.0
2026-09-08,TWSE,6115,鎰勝,44.85,44.9,44.1,44.1,242504.0
2026-09-08,TWSE,6116,彩晶,14.25,14.4,14.0,14.2,20901273.0
2026-09-08,TWSE,6117,迎廣,64.1,64.1,63.4,63.4,84220.0
2026-09-08,TWSE,6120,達運,12.5,12.5,12.2,12.35,1080966.0
2026-09-08,TWSE,6128,上福,19.9,19.9,19.65,19.8,118719.0
2026-09-08,TWSE,6133,金橋,24.0,25.0,23.55,24.8,2441605.0
2026-09-08,TWSE,6136,富爾特,24.85,24.85,24.05,24.05,270739.0
2026-09-08,TWSE,6139,亞翔,740.0,745.0,734.0,739.0,1612698.0
2026-09-08,TWSE,6141,柏承,51.5,52.9,51.3,51.9,2292537.0
2026-09-08,TWSE,6142,友勁,8.81,8.84,8.55,8.55,334950.0
2026-09-08,TWSE,6152,百一,13.75,13.9,13.5,13.5,507388.0
2026-09-08,TWSE,6153,嘉聯益,17.8,17.85,17.25,17.35,1746136.0
2026-09-08,TWSE,6155,鈞寶,57.5,59.6,57.0,58.2,2953810.0
2026-09-08,TWSE,6164,華興,11.95,12.0,11.7,11.7,291245.0
2026-09-08,TWSE,6165,浪凡,48.8,49.0,48.35,48.75,140759.0
2026-09-08,TWSE,6166,凌華,123.0,123.0,115.0,116.0,2676989.0
2026-09-08,TWSE,6168,宏齊,28.9,30.25,28.4,29.4,9407152.0
2026-09-08,TWSE,6176,瑞儀,92.4,92.4,91.3,91.4,1205355.0
2026-09-08,TWSE,6177,達麗,49.25,49.25,47.25,47.4,2661318.0
2026-09-08,TWSE,6183,關貿,93.6,93.6,90.1,92.5,27612.0
2026-09-08,TWSE,6184,大豐電,40.25,40.25,39.95,40.1,161941.0
2026-09-08,TWSE,6189,豐藝,48.2,48.25,47.35,47.55,475110.0
2026-09-08,TWSE,6191,精成科,83.4,83.4,82.0,82.8,907893.0
2026-09-08,TWSE,6192,巨路,116.5,116.5,114.0,115.0,229611.0
2026-09-08,TWSE,6196,帆宣,516.0,518.0,506.0,514.0,1299375.0
2026-09-08,TWSE,6197,佳必琪,316.0,317.0,308.0,308.0,1708357.0
2026-09-08,TWSE,6201,亞弘電,44.8,44.8,44.35,44.8,25684.0
2026-09-08,TWSE,6202,盛群,59.4,59.9,58.1,59.0,827866.0
2026-09-08,TWSE,6205,詮欣,66.9,66.9,64.2,65.2,223261.0
2026-09-08,TWSE,6206,飛捷,140.0,140.0,134.5,136.0,1085792.0
2026-09-08,TWSE,6209,今國光,81.5,81.8,77.6,79.1,8030529.0
2026-09-08,TWSE,6213,聯茂,535.0,535.0,505.0,513.0,12259299.0
2026-09-08,TWSE,6214,精誠,186.0,186.5,184.5,185.0,1001110.0
2026-09-08,TWSE,6215,和椿,101.0,101.0,97.7,97.8,395611.0
2026-09-08,TWSE,6216,居易,20.5,20.65,20.35,20.45,101783.0
2026-09-08,TWSE,6224,聚鼎,85.6,92.8,82.5,88.8,5449926.0
2026-09-08,TWSE,6225,天瀚,58.6,61.2,58.5,60.9,117718.0
2026-09-08,TWSE,6226,光鼎,34.0,34.4,32.35,32.4,5892985.0
2026-09-08,TWSE,6230,尼得科超眾,113.0,113.0,105.5,113.0,94495.0
2026-09-08,TWSE,6235,華孚,39.95,39.95,39.0,39.0,289644.0
2026-09-08,TWSE,6239,力成,281.5,285.0,279.5,280.0,7157757.0
2026-09-08,TWSE,6243,迅杰,40.2,40.2,39.05,39.05,272984.0
2026-09-08,TWSE,6257,矽格,214.5,217.0,212.5,213.0,4565595.0
2026-09-08,TWSE,6269,台郡,68.2,69.6,67.0,67.8,5634498.0
2026-09-08,TWSE,6271,同欣電,243.0,246.0,228.5,232.5,12241334.0
2026-09-08,TWSE,6272,驊陞,29.5,31.2,29.05,29.7,762367.0
2026-09-08,TWSE,6277,宏正,80.4,80.4,78.5,79.6,162939.0
2026-09-08,TWSE,6278,台表科,200.0,200.0,194.5,195.0,3707985.0
2026-09-08,TWSE,6281,全國電,51.7,51.7,51.3,51.6,36207.0
2026-09-08,TWSE,6282,康舒,44.75,45.05,43.85,44.35,3951194.0
2026-09-08,TWSE,6283,淳安,20.05,20.15,19.95,20.05,73757.0
2026-09-08,TWSE,6285,啟碁,246.5,248.0,239.5,239.5,2554738.0
2026-09-08,TWSE,6405,悅城,40.1,40.6,39.1,39.2,491523.0
2026-09-08,TWSE,6409,旭隼,987.0,1005.0,975.0,977.0,358702.0
2026-09-08,TWSE,6412,群電,78.2,78.2,76.7,77.0,684884.0
2026-09-08,TWSE,6414,樺漢,400.0,400.0,386.5,389.5,849905.0
2026-09-08,TWSE,6415,矽力*-KY,438.0,439.5,416.5,418.0,2669790.0
2026-09-08,TWSE,6416,瑞祺電通,102.0,102.0,99.1,99.8,289839.0
2026-09-08,TWSE,6426,統新,285.0,296.0,285.0,296.0,3492160.0
2026-09-08,TWSE,6431,光麗-KY,20.1,20.1,19.4,19.55,29102.0
2026-09-08,TWSE,6438,迅得,158.0,158.0,154.0,155.5,392894.0
2026-09-08,TWSE,6442,光聖,1770.0,1790.0,1700.0,1700.0,2020789.0
2026-09-08,TWSE,6443,元晶,24.95,25.2,24.5,24.6,2766162.0
2026-09-08,TWSE,6446,藥華藥,1315.0,1350.0,1285.0,1325.0,4821947.0
2026-09-08,TWSE,6449,鈺邦,242.0,243.0,230.0,231.5,2566505.0
2026-09-08,TWSE,6451,訊芯-KY,459.0,477.0,447.0,448.5,5514785.0
2026-09-08,TWSE,6456,GIS-KY,70.0,71.4,68.7,68.8,2412004.0
2026-09-08,TWSE,6464,台數科,78.4,78.4,77.0,78.0,20159.0
2026-09-08,TWSE,6472,保瑞,423.0,423.0,415.0,416.0,371207.0
2026-09-08,TWSE,6477,安集,35.2,35.2,34.3,34.6,463362.0
2026-09-08,TWSE,6491,晶碩,388.0,388.0,377.0,379.5,200324.0
2026-09-08,TWSE,6504,南六,37.0,38.0,37.0,37.7,97175.0
2026-09-08,TWSE,6505,台塑化,79.5,83.1,78.8,79.7,21188783.0
2026-09-08,TWSE,6515,穎崴,7275.0,7350.0,7000.0,7000.0,432307.0
2026-09-08,TWSE,6525,捷敏-KY,140.0,140.5,133.0,133.5,1269531.0
2026-09-08,TWSE,6526,達發,642.0,658.0,633.0,644.0,775824.0
2026-09-08,TWSE,6531,愛普*,939.0,968.0,936.0,960.0,2887072.0
2026-09-08,TWSE,6533,晶心科,255.5,262.0,255.0,257.0,1508129.0
2026-09-08,TWSE,6534,正瀚-創,91.9,92.4,91.1,92.4,60101.0
2026-09-08,TWSE,6541,泰福-KY,31.7,32.4,31.25,31.6,284019.0
2026-09-08,TWSE,6550,北極星藥業-KY,10.45,10.45,10.2,10.3,808499.0
2026-09-08,TWSE,6552,易華電,24.6,24.6,24.0,24.0,61820.0
2026-09-08,TWSE,6558,興能高,24.7,24.7,24.2,24.25,178025.0
2026-09-08,TWSE,6573,虹揚-KY,16.95,17.4,16.2,16.2,246776.0
2026-09-08,TWSE,6579,研揚,153.0,153.5,150.0,152.0,368537.0
2026-09-08,TWSE,6581,鋼聯,109.5,109.5,109.0,109.0,15225.0
2026-09-08,TWSE,6582,申豐,32.3,32.3,31.55,31.9,23588.0
2026-09-08,TWSE,6585,鼎基,113.5,114.0,112.0,114.0,154612.0
2026-09-08,TWSE,6589,台康生技,49.4,49.4,47.45,47.5,387555.0
2026-09-08,TWSE,6591,動力-KY,42.45,42.75,42.05,42.05,116854.0
2026-09-08,TWSE,6592,和潤企業,61.5,61.5,60.1,60.6,487734.0
2026-09-08,TWSE,6598,ABC-KY,27.55,27.55,26.7,27.1,67663.0
2026-09-08,TWSE,6605,帝寶,139.5,139.5,136.5,137.5,205227.0
2026-09-08,TWSE,6606,建德工業,25.8,25.95,25.05,25.05,199058.0
2026-09-08,TWSE,6614,資拓宏宇,35.5,35.85,35.5,35.85,23699.0
2026-09-08,TWSE,6625,必應,75.4,76.4,75.0,75.8,73999.0
2026-09-08,TWSE,6641,基士德-KY,17.35,17.35,17.0,17.25,23000.0
2026-09-08,TWSE,6645,金萬林-創,12.75,12.75,12.15,12.2,30632.0
2026-09-08,TWSE,6655,科定,117.5,121.0,117.5,120.0,23023.0
2026-09-08,TWSE,6657,華安,30.65,31.2,29.9,30.45,223618.0
2026-09-08,TWSE,6658,聯策,178.0,180.0,174.5,175.5,237159.0
2026-09-08,TWSE,6666,羅麗芬-KY,44.65,45.3,44.0,44.8,57002.0
2026-09-08,TWSE,6668,中揚光,42.75,42.75,40.45,40.9,1384012.0
2026-09-08,TWSE,6669,緯穎,2525.0,2545.0,2390.0,2490.0,5526691.0
2026-09-08,TWSE,6670,復盛應用,278.0,278.0,272.0,276.0,104114.0
2026-09-08,TWSE,6671,三能-KY,23.35,23.35,22.95,23.1,14000.0
2026-09-08,TWSE,6672,騰輝電子-KY,293.0,309.5,287.0,299.5,14526240.0
2026-09-08,TWSE,6674,鋐寶科技,16.1,17.2,16.1,16.5,292309.0
2026-09-08,TWSE,6689,伊雲谷,62.0,62.0,61.1,62.0,74278.0
2026-09-08,TWSE,6691,洋基工程,619.0,630.0,614.0,624.0,537844.0
2026-09-08,TWSE,6695,芯鼎,49.5,49.6,48.4,48.6,327664.0
2026-09-08,TWSE,6698,旭暉應材,31.5,32.25,31.1,31.6,133144.0
2026-09-08,TWSE,6706,惠特,127.0,128.5,123.5,123.5,1097853.0
2026-09-08,TWSE,6715,嘉基,321.5,351.0,315.5,339.0,1454017.0
2026-09-08,TWSE,6719,力智,194.0,194.0,189.0,190.0,336309.0
2026-09-08,TWSE,6722,輝創,33.35,33.7,32.3,32.9,52974.0
2026-09-08,TWSE,6742,澤米,46.5,46.6,44.1,44.2,353453.0
2026-09-08,TWSE,6743,安普新,28.45,28.85,28.25,28.65,245983.0
2026-09-08,TWSE,6753,龍德造船,138.0,139.0,136.0,137.5,451820.0
2026-09-08,TWSE,6754,匯僑設計,41.1,42.75,41.1,42.65,11027.0
2026-09-08,TWSE,6756,威鋒電子,103.5,103.5,99.8,99.9,104953.0
2026-09-08,TWSE,6757,台灣虎航,56.3,56.3,54.9,55.5,604325.0
2026-09-08,TWSE,6768,志強-KY,64.5,64.5,63.4,63.8,284110.0
2026-09-08,TWSE,6770,力積電,70.0,73.5,69.3,72.9,242829617.0
2026-09-08,TWSE,6771,平和環保-創,42.0,42.25,41.5,41.8,17013.0
2026-09-08,TWSE,6776,展碁國際,53.0,53.1,52.5,53.0,106870.0
2026-09-08,TWSE,6781,AES-KY,1135.0,1135.0,1075.0,1080.0,476773.0
2026-09-08,TWSE,6782,視陽,228.5,230.0,224.5,229.0,313866.0
2026-09-08,TWSE,6789,采鈺,476.0,485.0,467.5,471.0,1105025.0
2026-09-08,TWSE,6790,永豐實,38.2,38.2,38.0,38.1,62170.0
2026-09-08,TWSE,6792,詠業,60.2,60.8,58.8,60.2,45380.0
2026-09-08,TWSE,6794,向榮生技,73.7,75.0,73.0,75.0,19000.0
2026-09-08,TWSE,6796,晉弘,59.1,59.7,56.0,58.6,224608.0
2026-09-08,TWSE,6799,來頡,80.8,80.8,79.1,79.6,111209.0
2026-09-08,TWSE,6805,富世達,2260.0,2265.0,2210.0,2265.0,536333.0
2026-09-08,TWSE,6807,峰源-KY,33.1,33.75,32.2,33.75,27231.0
2026-09-08,TWSE,6830,汎銓,609.0,613.0,580.0,582.0,1563039.0
2026-09-08,TWSE,6831,邁科,617.0,617.0,568.0,568.0,1264644.0
2026-09-08,TWSE,6834,天二科技,95.0,99.5,94.2,97.0,5532933.0
2026-09-08,TWSE,6835,圓裕,31.1,31.5,31.0,31.3,19383.0
2026-09-08,TWSE,6838,台新藥,24.85,24.85,24.2,24.7,131061.0
2026-09-08,TWSE,6854,錼創科技-KY創,93.3,95.1,92.2,95.1,191038.0
2026-09-08,TWSE,6861,睿生光電,187.0,187.5,181.0,186.5,252842.0
2026-09-08,TWSE,6862,三集瑞-KY,142.0,142.5,140.0,140.5,111654.0
2026-09-08,TWSE,6863,永道-KY,105.0,105.0,103.0,103.5,61309.0
2026-09-08,TWSE,6869,雲豹能源,65.3,65.3,64.6,65.0,208721.0
2026-09-08,TWSE,6873,泓德能源,68.5,68.7,68.1,68.6,110959.0
2026-09-08,TWSE,6885,全福生技,24.35,25.9,24.0,25.15,1286251.0
2026-09-08,TWSE,6887,寶綠特-KY,37.95,37.95,36.8,37.95,15000.0
2026-09-08,TWSE,6890,來億-KY,170.0,170.0,165.5,166.0,265521.0
2026-09-08,TWSE,6901,鑽石投資,15.1,15.1,14.7,14.95,1134896.0
2026-09-08,TWSE,6902,GOGOLOOK,124.5,126.0,122.5,126.0,81398.0
2026-09-08,TWSE,6906,現觀科,83.8,88.7,82.7,86.5,450562.0
2026-09-08,TWSE,6908,宏碁遊戲-創,30.1,30.45,30.1,30.1,20365.0
2026-09-08,TWSE,6909,創控,40.35,40.4,40.05,40.1,150095.0
2026-09-08,TWSE,6914,阜爾運通,121.5,121.5,120.5,121.0,56667.0
2026-09-08,TWSE,6916,華凌,19.2,19.2,18.55,18.55,13229.0
2026-09-08,TWSE,6918,愛派司,77.7,78.0,77.0,78.0,18256.0
2026-09-08,TWSE,6919,康霈*,86.0,86.4,85.1,85.2,4358520.0
2026-09-08,TWSE,6921,嘉雨思-創,64.0,65.0,64.0,64.0,38100.0
2026-09-08,TWSE,6923,中台,76.5,76.7,75.5,76.6,33780.0
2026-09-08,TWSE,6924,榮惠-KY創,123.5,125.0,119.0,125.0,219941.0
2026-09-08,TWSE,6928,攸泰科技,48.8,48.8,47.85,47.9,101588.0
2026-09-08,TWSE,6931,青松健康,41.0,41.0,40.65,41.0,28032.0
2026-09-08,TWSE,6933,AMAX-KY,319.0,319.0,307.5,313.0,404357.0
2026-09-08,TWSE,6934,心誠鎂,75.8,78.8,72.8,77.6,91308.0
2026-09-08,TWSE,6936,永鴻生技,32.8,33.1,32.8,32.9,13725.0
2026-09-08,TWSE,6937,天虹,285.5,288.5,279.0,286.5,270684.0
2026-09-08,TWSE,6944,兆聯實業,699.0,733.0,699.0,719.0,597836.0
2026-09-08,TWSE,6947,台鎔科技,70.8,70.8,69.1,69.3,159724.0
2026-09-08,TWSE,6949,沛爾生醫*-創,81.9,81.9,67.1,67.1,24486488.0
2026-09-08,TWSE,6951,青新-創,71.1,71.3,71.0,71.3,31476.0
2026-09-08,TWSE,6952,大武山,38.5,39.35,38.0,39.25,22500.0
2026-09-08,TWSE,6955,邦睿生技-創,100.0,100.5,99.0,100.0,25384.0
2026-09-08,TWSE,6957,裕慶-KY,219.5,222.5,218.5,221.0,55038.0
2026-09-08,TWSE,6958,日盛台駿,17.4,17.6,17.1,17.45,26557.0
2026-09-08,TWSE,6962,奕力-KY,32.3,32.4,31.8,31.8,1024513.0
2026-09-08,TWSE,6965,中傑-KY,75.1,75.1,73.4,74.8,26000.0
2026-09-08,TWSE,6969,成信實業*-創,33.5,34.1,33.4,33.8,61310.0
2026-09-08,TWSE,6988,威力暘-創,11.85,12.25,11.8,12.25,17056.0
2026-09-08,TWSE,6994,富威電力,35.35,35.8,35.15,35.5,383134.0
2026-09-08,TWSE,7610,聯友金屬-創,2000.0,2000.0,2000.0,2000.0,327155.0
2026-09-08,TWSE,7631,聚賢研發-創,146.5,146.5,145.0,145.5,17434.0
2026-09-08,TWSE,7689,大鵬科CLMX,174.0,174.0,172.0,174.0,46531.0
2026-09-08,TWSE,7705,三商餐飲,30.0,30.0,29.6,29.8,70472.0
2026-09-08,TWSE,7711,永擎,645.0,675.0,621.0,660.0,2867311.0
2026-09-08,TWSE,7721,微程式,61.1,62.0,60.7,61.1,60028.0
2026-09-08,TWSE,7722,LINEPAY,285.5,285.5,274.0,279.0,110636.0
2026-09-08,TWSE,7730,暉盛-創,179.5,185.0,173.0,180.5,194952.0
2026-09-08,TWSE,7732,金興精密,33.55,34.85,33.55,34.85,10000.0
2026-09-08,TWSE,7736,虎山,69.8,69.8,68.7,69.4,12200.0
2026-09-08,TWSE,7740,熙特爾-創,131.0,131.0,127.5,128.0,89412.0
2026-09-08,TWSE,7749,意騰-KY,368.0,368.0,348.0,354.0,892657.0
2026-09-08,TWSE,7750,新代,2425.0,2475.0,2360.0,2375.0,336295.0
2026-09-08,TWSE,7760,享溫馨,33.0,33.5,33.0,33.2,37268.0
2026-09-08,TWSE,7765,中華資安,221.5,222.5,220.5,220.5,43921.0
2026-09-08,TWSE,7768,頌勝科技,289.5,289.5,282.5,283.0,58022.0
2026-09-08,TWSE,7769,鴻勁,6155.0,6575.0,6150.0,6565.0,1408004.0
2026-09-08,TWSE,7780,大研生醫*,16.8,16.8,16.6,16.65,701835.0
2026-09-08,TWSE,7786,東方風能,117.5,117.5,115.0,115.5,234207.0
2026-09-08,TWSE,7788,松川精密,335.0,335.0,310.0,316.5,3776454.0
2026-09-08,TWSE,7791,皇家可口,56.0,56.0,55.3,55.8,30289.0
2026-09-08,TWSE,7795,長廣,519.0,549.0,510.0,536.0,1861003.0
2026-09-08,TWSE,7799,禾榮科,380.0,403.0,370.5,395.0,670481.0
2026-09-08,TWSE,7803,雲象科技-創,19.75,19.75,19.0,19.5,58827.0
2026-09-08,TWSE,7818,溢泰實業,60.9,60.9,60.2,60.7,56569.0
2026-09-08,TWSE,7821,神數,39.55,39.9,39.4,39.75,99657.0
2026-09-08,TWSE,7822,倍利科,938.0,989.0,926.0,930.0,254988.0
2026-09-08,TWSE,7823,奧義賽博-KY創,83.8,83.8,81.6,83.2,27071.0
2026-09-08,TWSE,7827,漢康-KY創,152.5,154.5,151.0,154.0,147036.0
2026-09-08,TWSE,7835,永悅健康-創,23.0,23.4,21.05,23.2,73153.0
2026-09-08,TWSE,7855,和運租車,42.75,42.75,42.05,42.2,2098313.0
2026-09-08,TWSE,8011,台通,15.8,15.8,15.55,15.7,167825.0
2026-09-08,TWSE,8016,矽創,296.0,296.0,290.5,291.5,252670.0
2026-09-08,TWSE,8021,尖點,445.0,462.0,444.0,462.0,13046649.0
2026-09-08,TWSE,8028,昇陽半導體,243.0,256.0,241.0,249.5,5872402.0
2026-09-08,TWSE,8033,雷虎,177.5,178.0,173.5,177.0,2356741.0
2026-09-08,TWSE,8039,台虹,324.0,327.0,306.0,327.0,22298940.0
2026-09-08,TWSE,8045,達運光電,50.2,51.6,48.55,49.8,198342.0
2026-09-08,TWSE,8046,南電,1080.0,1085.0,1045.0,1050.0,7294802.0
2026-09-08,TWSE,8070,長華*,51.1,51.2,49.9,49.9,1655755.0
2026-09-08,TWSE,8072,陞泰,26.25,26.25,25.75,25.9,93107.0
2026-09-08,TWSE,8081,致新,257.5,257.5,252.5,253.0,316148.0
2026-09-08,TWSE,8101,華冠,12.0,12.0,12.0,12.0,1003.0
2026-09-08,TWSE,8103,瀚荃,125.0,128.0,122.0,123.5,4391489.0
2026-09-08,TWSE,8104,錸寶,30.7,31.1,30.4,30.55,187203.0
2026-09-08,TWSE,8105,凌巨,15.1,15.35,14.85,15.2,2555909.0
2026-09-08,TWSE,8110,華東,44.45,45.1,43.85,43.85,1900525.0
2026-09-08,TWSE,8112,至上,91.4,92.0,90.4,90.4,4624442.0
2026-09-08,TWSE,8114,振樺電,197.0,197.0,189.0,189.5,562614.0
2026-09-08,TWSE,8131,福懋科,62.0,63.0,61.6,61.9,1190124.0
2026-09-08,TWSE,8150,南茂,91.9,93.5,90.2,91.3,17151866.0
2026-09-08,TWSE,8162,微矽電子-創,60.9,62.1,60.3,61.1,61644.0
2026-09-08,TWSE,8163,達方,31.9,31.9,30.85,30.95,705155.0
2026-09-08,TWSE,8201,無敵,11.75,11.75,11.55,11.6,31175.0
2026-09-08,TWSE,8210,勤誠,988.0,988.0,936.0,937.0,2294432.0
2026-09-08,TWSE,8213,志超,33.3,33.45,32.85,32.95,261717.0
2026-09-08,TWSE,8215,明基材,25.9,25.9,25.1,25.35,410067.0
2026-09-08,TWSE,8222,寶一,37.45,37.45,36.5,36.7,319589.0
2026-09-08,TWSE,8249,菱光,40.6,40.8,40.0,40.0,235646.0
2026-09-08,TWSE,8261,富鼎,183.5,186.5,180.0,181.0,3161086.0
2026-09-08,TWSE,8271,宇瞻,222.0,226.5,220.0,222.0,1855792.0
2026-09-08,TWSE,8341,日友,76.5,76.5,75.0,75.1,162170.0
2026-09-08,TWSE,8367,建新國際,41.05,41.2,40.75,41.2,8411.0
2026-09-08,TWSE,8374,羅昇,87.9,88.8,82.9,82.9,1114276.0
2026-09-08,TWSE,8404,百和興業-KY,16.4,16.4,15.95,15.95,517530.0
2026-09-08,TWSE,8411,福貞-KY,13.0,13.0,12.85,13.0,40915.0
2026-09-08,TWSE,8422,可寧衛*,26.35,26.35,25.95,26.05,3685181.0
2026-09-08,TWSE,8429,金麗-KY,6.02,6.1,5.95,5.98,216748.0
2026-09-08,TWSE,8438,昶昕,69.1,70.5,68.6,68.7,108946.0
2026-09-08,TWSE,8442,威宏-KY,45.55,45.65,45.25,45.65,42500.0
2026-09-08,TWSE,8443,阿瘦,11.15,11.25,11.1,11.25,46590.0
2026-09-08,TWSE,8454,富邦媒,246.0,246.0,239.5,242.0,309355.0
2026-09-08,TWSE,8462,柏文,168.0,168.0,163.0,164.5,112753.0
2026-09-08,TWSE,8463,潤泰材,21.45,21.5,21.35,21.5,39000.0
2026-09-08,TWSE,8464,億豐,380.0,380.0,361.0,361.0,330177.0
2026-09-08,TWSE,8466,美吉吉-KY,15.1,15.35,15.1,15.3,13020.0
2026-09-08,TWSE,8467,波力-KY,91.8,93.5,90.0,90.3,25021.0
2026-09-08,TWSE,8473,山林水,45.9,45.9,45.1,45.5,1147278.0
2026-09-08,TWSE,8476,台境*,19.7,19.7,18.75,18.85,522057.0
2026-09-08,TWSE,8478,東哥遊艇,143.5,143.5,140.5,142.5,98090.0
2026-09-08,TWSE,8481,政伸,41.3,41.5,41.0,41.5,19150.0
2026-09-08,TWSE,8482,商億-KY,49.25,49.25,47.55,48.95,5007.0
2026-09-08,TWSE,8487,愛爾達-創,70.2,71.4,70.2,71.4,17916.0
2026-09-08,TWSE,8488,吉源-KY,10.6,11.4,10.4,10.75,366476.0
2026-09-08,TWSE,8499,鼎炫-KY,256.5,260.0,254.5,258.0,25100.0
2026-09-08,TWSE,8926,台汽電,58.1,58.2,57.4,57.9,3270402.0
2026-09-08,TWSE,8940,新天地,15.1,15.1,14.75,14.95,154485.0
2026-09-08,TWSE,8996,高力,1390.0,1410.0,1205.0,1240.0,8775069.0
2026-09-08,TWSE,9103,美德醫療-DR,5.14,5.15,5.07,5.15,615462.0
2026-09-08,TWSE,9105,泰金寶-DR,8.9,8.9,8.64,8.85,27003447.0
2026-09-08,TWSE,9110,越南控-DR,2.95,2.99,2.95,2.99,8000.0
2026-09-08,TWSE,9136,巨騰-DR,10.95,11.1,10.6,11.05,93100.0
2026-09-08,TWSE,9802,鈺齊-KY,72.6,72.6,71.8,72.0,424532.0
2026-09-08,TWSE,9902,台火,13.8,13.8,13.55,13.65,160770.0
2026-09-08,TWSE,9904,寶成,24.75,24.75,24.5,24.6,7781808.0
2026-09-08,TWSE,9905,大華,21.45,21.5,21.4,21.4,89295.0
2026-09-08,TWSE,9906,欣巴巴,42.05,43.8,41.65,42.55,99144.0
2026-09-08,TWSE,9907,統一實,15.4,15.4,15.15,15.3,1269621.0
2026-09-08,TWSE,9908,大台北,29.2,29.6,29.1,29.2,281504.0
2026-09-08,TWSE,9910,豐泰,69.1,69.9,68.0,69.8,1038117.0
2026-09-08,TWSE,9911,櫻花,81.9,82.0,81.5,81.7,143886.0
2026-09-08,TWSE,9912,偉聯,12.8,13.25,12.75,12.9,61260.0
2026-09-08,TWSE,9914,美利達,80.8,80.8,77.8,77.8,1437081.0
2026-09-08,TWSE,9917,中保科,107.0,107.0,106.5,106.5,339043.0
2026-09-08,TWSE,9918,欣天然,43.3,43.3,42.65,43.15,14176.0
2026-09-08,TWSE,9919,康那香,14.1,14.3,13.95,13.95,855123.0
2026-09-08,TWSE,9921,巨大,99.0,99.7,97.3,97.3,1038267.0
2026-09-08,TWSE,9924,福興,38.65,38.65,38.35,38.45,150650.0
2026-09-08,TWSE,9925,新保,39.6,39.6,39.4,39.55,766341.0
2026-09-08,TWSE,9926,新海,49.5,50.0,49.25,49.55,34607.0
2026-09-08,TWSE,9927,泰銘,70.0,70.0,69.3,69.7,76195.0
2026-09-08,TWSE,9928,中視,17.9,17.9,17.8,17.8,32166.0
2026-09-08,TWSE,9929,秋雨,11.15,11.3,11.0,11.3,13231.0
2026-09-08,TWSE,9930,中聯資源,63.7,63.9,62.5,63.1,122846.0
2026-09-08,TWSE,9931,欣高,33.95,34.25,33.9,34.2,45000.0
2026-09-08,TWSE,9933,中鼎,40.55,40.75,39.9,40.3,2634538.0
2026-09-08,TWSE,9934,成霖,11.1,11.1,10.8,10.8,945752.0
2026-09-08,TWSE,9935,慶豐富,19.7,19.7,19.4,19.45,436363.0
2026-09-08,TWSE,9937,全國,55.5,55.7,55.4,55.7,54132.0
2026-09-08,TWSE,9938,百和,41.3,41.35,40.85,41.1,999181.0
2026-09-08,TWSE,9939,宏全,132.5,132.5,128.5,129.0,1255257.0
2026-09-08,TWSE,9940,信義,20.65,20.65,20.2,20.4,234786.0
2026-09-08,TWSE,9941,裕融,81.8,81.8,79.9,80.5,1199197.0
2026-09-08,TWSE,9942,茂順,114.5,114.5,113.5,114.0,49298.0
2026-09-08,TWSE,9943,好樂迪,51.3,51.5,51.1,51.5,64146.0
2026-09-08,TWSE,9944,新麗,17.2,17.3,17.05,17.2,39137.0
2026-09-08,TWSE,9945,潤泰新,28.7,28.7,27.8,27.9,5082933.0
2026-09-08,TWSE,9946,三發地產,17.65,17.65,17.2,17.2,256081.0
2026-09-08,TWSE,9955,佳龍,24.3,24.5,23.55,23.9,229477.0
2026-09-08,TWSE,9958,世紀鋼,87.8,92.2,87.3,91.6,4682375.0
2026-09-08,TPEX,1240,茂生農經,55.3,55.3,55.3,55.3,8152.0
2026-09-08,TPEX,1259,安心,64.0,65.0,63.3,65.0,23036.0
2026-09-08,TPEX,1264,德麥,251.0,251.0,250.0,250.5,42548.0
2026-09-08,TPEX,1268,漢來美食,170.0,171.5,169.0,171.5,32954.0
2026-09-08,TPEX,1294,漢田生技,53.3,53.5,53.2,53.5,8812.0
2026-09-08,TPEX,1295,生合,46.0,46.0,45.55,45.6,7375.0
2026-09-08,TPEX,1336,台翰,16.3,16.45,16.3,16.45,94318.0
2026-09-08,TPEX,1565,精華,99.5,99.8,98.0,98.6,96169.0
2026-09-08,TPEX,1569,濱川,49.85,50.2,48.2,48.9,668702.0
2026-09-08,TPEX,1570,力肯,32.65,33.1,32.55,32.6,25089.0
2026-09-08,TPEX,1580,新麥,100.5,101.0,100.0,101.0,84696.0
2026-09-08,TPEX,1584,精剛,17.8,17.8,17.55,17.7,296498.0
2026-09-08,TPEX,1586,和勤,18.15,18.2,18.0,18.0,273615.0
2026-09-08,TPEX,1591,駿吉-KY,37.45,39.1,36.6,39.1,892310.0
2026-09-08,TPEX,1593,祺驊,31.55,31.65,31.5,31.6,14001.0
2026-09-08,TPEX,1595,川寶,67.5,67.6,65.4,65.4,501684.0
2026-09-08,TPEX,1599,宏佳騰,22.95,23.0,22.8,22.95,10036.0
2026-09-08,TPEX,1742,台蠟,17.75,17.75,17.45,17.65,17630.0
2026-09-08,TPEX,1777,生泰,75.0,75.0,74.4,74.8,59340.0
2026-09-08,TPEX,1780,立弘,24.1,24.8,24.05,24.8,80460.0
2026-09-08,TPEX,1781,合世,10.0,10.1,10.0,10.0,8012.0
2026-09-08,TPEX,1784,訊聯,60.1,60.1,59.2,59.4,45236.0
2026-09-08,TPEX,1785,光洋科,102.5,104.0,100.0,100.0,2746476.0
2026-09-08,TPEX,1788,杏昌,128.0,128.5,128.0,128.0,26817.0
2026-09-08,TPEX,1796,金穎生技,30.15,30.15,30.15,30.15,1074.0
2026-09-08,TPEX,1799,易威,30.2,30.5,29.9,30.15,195491.0
2026-09-08,TPEX,1813,寶利徠,11.45,11.45,11.35,11.35,9562.0
2026-09-08,TPEX,1815,富喬,131.0,141.5,123.0,135.0,115697783.0
2026-09-08,TPEX,2035,唐榮,26.35,26.35,26.35,26.35,1009.0
2026-09-08,TPEX,2061,風青,47.1,49.85,47.1,47.2,4077380.0
2026-09-08,TPEX,2063,世鎧,24.05,24.2,23.9,24.2,17050.0
2026-09-08,TPEX,2064,晉椿,12.45,12.75,12.15,12.25,330100.0
2026-09-08,TPEX,2065,世豐,36.5,36.55,36.2,36.3,61318.0
2026-09-08,TPEX,2066,世德,53.2,53.7,53.2,53.3,13219.0
2026-09-08,TPEX,2067,嘉鋼,4.82,4.97,4.82,4.97,11000.0
2026-09-08,TPEX,2070,精湛,62.0,62.7,61.3,61.7,106876.0
2026-09-08,TPEX,2073,雄順,25.6,25.6,25.6,25.6,1021.0
2026-09-08,TPEX,2221,大甲,87.2,90.9,85.5,85.8,5794828.0
2026-09-08,TPEX,2230,泰茂,22.25,22.6,22.15,22.15,43796.0
2026-09-08,TPEX,2235,謚源,27.1,27.2,26.85,26.85,39019.0
2026-09-08,TPEX,2596,綠意,34.85,34.9,34.3,34.5,174355.0
2026-09-08,TPEX,2640,大車隊,155.0,155.0,154.0,154.0,10289.0
2026-09-08,TPEX,2641,正德,18.0,18.05,17.9,17.95,998060.0
2026-09-08,TPEX,2643,捷迅,63.0,63.0,62.5,63.0,19194.0
2026-09-08,TPEX,2718,全心投控,41.0,41.05,41.0,41.05,4203.0
2026-09-08,TPEX,2719,燦星旅,19.7,19.75,19.3,19.3,41463.0
2026-09-08,TPEX,2724,藝舍-KY,10.7,10.7,10.7,10.7,1001.0
2026-09-08,TPEX,2726,雅茗-KY,8.03,8.09,7.91,8.08,50837.0
2026-09-08,TPEX,2729,瓦城,155.0,155.5,154.5,155.5,11826.0
2026-09-08,TPEX,2732,六角,63.1,63.3,62.6,63.1,30934.0
2026-09-08,TPEX,2734,易飛網,14.7,14.9,14.5,14.9,85664.0
2026-09-08,TPEX,2736,富野,11.4,11.6,11.4,11.6,13121.0
2026-09-08,TPEX,2740,華軒,29.5,30.95,28.2,30.95,7012.0
2026-09-08,TPEX,2743,山富,56.5,56.6,54.4,54.4,169093.0
2026-09-08,TPEX,2745,五福,88.2,88.2,87.3,87.6,39254.0
2026-09-08,TPEX,2751,王座,51.8,51.8,51.8,51.8,6220.0
2026-09-08,TPEX,2752,豆府,179.0,181.0,179.0,181.0,26490.0
2026-09-08,TPEX,2754,亞洲藏壽司,67.8,69.0,67.2,68.0,9578.0
2026-09-08,TPEX,2755,揚秦,99.7,99.9,99.2,99.9,58329.0
2026-09-08,TPEX,2756,聯發國際,62.2,62.4,62.2,62.2,25244.0
2026-09-08,TPEX,2916,滿心,40.1,40.25,39.95,40.05,49599.0
2026-09-08,TPEX,2924,宏太-KY,16.65,18.1,16.65,17.75,7165.0
2026-09-08,TPEX,2926,誠品生活,29.9,30.0,29.9,30.0,5001.0
2026-09-08,TPEX,2937,集雅社,43.65,43.65,43.55,43.55,18332.0
2026-09-08,TPEX,2941,米斯特,31.95,31.95,31.05,31.05,2056.0
2026-09-08,TPEX,2947,振宇五金,61.5,61.5,61.0,61.0,8502.0
2026-09-08,TPEX,2948,寶陞,,,,,13.0
2026-09-08,TPEX,2949,欣新網,63.9,63.9,63.9,63.9,3347.0
2026-09-08,TPEX,3064,泰偉,17.15,17.15,17.15,17.15,1746.0
2026-09-08,TPEX,3066,李洲,24.05,24.5,23.8,23.95,569294.0
2026-09-08,TPEX,3067,全域,16.65,16.8,16.6,16.6,5000.0
2026-09-08,TPEX,3071,協禧,24.85,24.85,24.05,24.45,171576.0
2026-09-08,TPEX,3073,天方能源,22.2,22.75,22.0,22.15,54019.0
2026-09-08,TPEX,3078,僑威,44.65,45.3,44.35,45.2,662365.0
2026-09-08,TPEX,3081,聯亞,3115.0,3150.0,2825.0,2865.0,4084634.0
2026-09-08,TPEX,3083,網龍,23.35,23.35,22.7,22.7,47852.0
2026-09-08,TPEX,3085,新零售,11.1,11.5,10.9,11.5,16677.0
2026-09-08,TPEX,3086,華義*,30.05,30.05,28.8,29.1,144479.0
2026-09-08,TPEX,3088,艾訊,124.0,124.0,121.0,121.0,706697.0
2026-09-08,TPEX,3093,港建*,46.1,46.1,45.0,45.0,155127.0
2026-09-08,TPEX,3095,及成,35.75,36.65,35.45,36.65,6247.0
2026-09-08,TPEX,3105,穩懋,457.0,458.0,440.0,441.5,17327103.0
2026-09-08,TPEX,3114,好德,30.85,30.85,30.0,30.0,206261.0
2026-09-08,TPEX,3115,富榮綱,9.19,9.19,9.19,9.19,2008.0
2026-09-08,TPEX,3118,進階,31.8,31.95,31.4,31.4,9382.0
2026-09-08,TPEX,3122,笙泉,24.55,25.0,24.5,24.6,49201.0
2026-09-08,TPEX,3128,昇銳,19.8,20.0,19.7,19.8,73490.0
2026-09-08,TPEX,3131,弘塑,2570.0,2725.0,2505.0,2635.0,918652.0
2026-09-08,TPEX,3141,晶宏,101.5,102.0,92.9,95.4,6305391.0
2026-09-08,TPEX,3147,大綜,222.0,222.5,218.0,218.0,157843.0
2026-09-08,TPEX,3152,璟德,236.5,241.0,232.0,232.0,132798.0
2026-09-08,TPEX,3158,嘉實,83.7,84.0,83.6,83.6,7128.0
2026-09-08,TPEX,3162,精確,71.0,73.9,69.5,69.6,1362785.0
2026-09-08,TPEX,3163,波若威,756.0,763.0,722.0,726.0,2369817.0
2026-09-08,TPEX,3169,亞信,107.0,107.0,102.0,103.0,281106.0
2026-09-08,TPEX,3171,炎洲流通,62.2,62.2,61.1,62.0,62718.0
2026-09-08,TPEX,3176,基亞,34.8,36.75,34.75,36.5,681086.0
2026-09-08,TPEX,3178,公準,61.0,61.0,59.5,59.5,29257.0
2026-09-08,TPEX,3188,鑫龍騰,24.5,24.5,24.2,24.3,150815.0
2026-09-08,TPEX,3191,雲嘉南,17.05,17.4,17.0,17.4,45704.0
2026-09-08,TPEX,3205,佰研,47.3,47.3,46.0,46.8,18010.0
2026-09-08,TPEX,3206,志豐,35.55,35.55,34.05,35.0,84372.0
2026-09-08,TPEX,3207,耀勝,39.1,39.45,38.35,39.45,172526.0
2026-09-08,TPEX,3211,順達,387.0,389.0,373.0,375.5,2420046.0
2026-09-08,TPEX,3213,茂訊,125.0,125.5,123.0,123.0,333966.0
2026-09-08,TPEX,3217,優群,134.5,134.5,133.0,133.5,260413.0
2026-09-08,TPEX,3218,大學光,137.5,138.0,136.5,137.0,82932.0
2026-09-08,TPEX,3219,倚強科,94.3,97.0,85.7,89.0,1374094.0
2026-09-08,TPEX,3221,台嘉碩,51.0,51.3,48.5,48.55,2357104.0
2026-09-08,TPEX,3224,三顧,33.45,33.5,32.8,32.8,45327.0
2026-09-08,TPEX,3226,龍鋒,54.0,55.3,54.0,55.2,27025.0
2026-09-08,TPEX,3227,原相,190.5,191.0,186.0,186.5,958493.0
2026-09-08,TPEX,3228,金麗科,179.0,184.5,177.5,177.5,324053.0
2026-09-08,TPEX,3230,錦明,43.25,43.25,41.8,41.8,289379.0
2026-09-08,TPEX,3232,昱捷,19.85,19.85,19.6,19.7,20012.0
2026-09-08,TPEX,3234,光環,203.5,206.5,195.5,197.0,3167845.0
2026-09-08,TPEX,3236,千如,45.4,45.65,43.45,43.45,2516489.0
2026-09-08,TPEX,3252,海灣,15.55,15.55,15.15,15.35,20007.0
2026-09-08,TPEX,3259,鑫創,11.1,11.2,11.1,11.1,36003.0
2026-09-08,TPEX,3260,威剛,418.5,428.0,414.0,414.0,13197551.0
2026-09-08,TPEX,3264,欣銓,234.0,242.0,222.5,225.0,6444583.0
2026-09-08,TPEX,3265,台星科,173.5,174.0,166.0,166.5,1882151.0
2026-09-08,TPEX,3268,海德威,18.3,19.0,18.1,18.3,70083.0
2026-09-08,TPEX,3272,東碩,14.35,14.4,14.2,14.25,23114.0
2026-09-08,TPEX,3276,宇環,14.05,14.25,14.0,14.05,100703.0
2026-09-08,TPEX,3284,太普高,20.2,20.45,19.85,19.95,113940.0
2026-09-08,TPEX,3285,微端,40.15,40.95,40.0,40.95,13780.0
2026-09-08,TPEX,3287,廣寰科,36.0,37.15,35.3,35.55,383389.0
2026-09-08,TPEX,3288,點晶,20.15,21.35,20.15,20.65,26810.0
2026-09-08,TPEX,3289,宜特,140.5,141.0,138.0,138.0,331338.0
2026-09-08,TPEX,3290,東浦,46.6,46.6,45.3,45.3,379064.0
2026-09-08,TPEX,3293,鈊象,714.0,714.0,704.0,708.0,1108695.0
2026-09-08,TPEX,3294,英濟,29.9,30.3,29.7,29.7,247147.0
2026-09-08,TPEX,3297,杭特,27.25,27.35,27.1,27.1,18476.0
2026-09-08,TPEX,3303,岱稜,51.5,51.7,51.3,51.4,131447.0
2026-09-08,TPEX,3306,鼎天,45.3,45.3,44.5,44.55,45145.0
2026-09-08,TPEX,3310,佳穎,68.8,68.8,67.1,67.6,19762.0
2026-09-08,TPEX,3313,斐成,10.85,11.25,10.7,10.9,186665.0
2026-09-08,TPEX,3317,尼克森,59.6,59.6,56.5,56.5,1850284.0
2026-09-08,TPEX,3322,建舜電,11.05,11.1,10.95,11.0,182241.0
2026-09-08,TPEX,3323,加百裕,28.3,28.6,27.6,27.7,399499.0
2026-09-08,TPEX,3324,雙鴻,1425.0,1425.0,1300.0,1340.0,2306103.0
2026-09-08,TPEX,3325,旭品,11.4,11.4,11.15,11.15,62398.0
2026-09-08,TPEX,3332,幸康,60.5,60.6,60.5,60.6,2015.0
2026-09-08,TPEX,3339,泰谷,44.3,44.9,42.85,43.1,886132.0
2026-09-08,TPEX,3349,寶德,22.15,22.3,20.35,22.0,406881.0
2026-09-08,TPEX,3354,律勝,26.4,28.85,26.25,28.3,4403722.0
2026-09-08,TPEX,3357,臺慶科,210.5,213.0,206.0,206.5,1027332.0
2026-09-08,TPEX,3360,尚立,14.9,14.9,14.65,14.7,190921.0
2026-09-08,TPEX,3362,先進光,191.5,192.5,182.5,187.5,4755519.0
2026-09-08,TPEX,3363,上詮,728.0,749.0,707.0,711.0,4255579.0
2026-09-08,TPEX,3372,典範,14.55,14.55,14.3,14.35,405239.0
2026-09-08,TPEX,3373,熱映,16.0,16.05,15.95,16.0,53350.0
2026-09-08,TPEX,3374,精材,474.0,482.5,456.0,475.0,3580084.0
2026-09-08,TPEX,3379,彬台,28.35,28.35,27.75,28.1,45724.0
2026-09-08,TPEX,3388,崇越電,88.2,88.3,82.5,85.0,1547174.0
2026-09-08,TPEX,3390,旭軟,22.0,22.0,21.35,21.75,201278.0
2026-09-08,TPEX,3402,漢科,123.5,124.0,122.0,122.5,133883.0
2026-09-08,TPEX,3430,奇鈦科,111.5,111.5,106.0,106.0,201762.0
2026-09-08,TPEX,3434,哲固,29.2,29.6,29.2,29.25,28777.0
2026-09-08,TPEX,3438,類比科,64.3,64.3,62.8,62.8,91298.0
2026-09-08,TPEX,3441,聯一光,130.0,134.0,123.5,132.0,12720903.0
2026-09-08,TPEX,3444,利機,82.1,84.4,80.5,83.1,205685.0
2026-09-08,TPEX,3455,由田,235.0,236.5,227.5,229.5,1119050.0
2026-09-08,TPEX,3465,進泰電子,29.05,29.05,29.0,29.05,10543.0
2026-09-08,TPEX,3466,德晉,24.3,24.4,24.0,24.35,164285.0
2026-09-08,TPEX,3467,台灣精材,50.5,51.5,50.5,51.3,49574.0
2026-09-08,TPEX,3479,安勤,125.5,125.5,122.0,122.5,287166.0
2026-09-08,TPEX,3483,力致,78.7,78.9,77.0,78.0,282953.0
2026-09-08,TPEX,3484,崧騰,45.3,45.7,45.3,45.4,113534.0
2026-09-08,TPEX,3485,敘豐,210.0,212.0,207.5,208.0,64649.0
2026-09-08,TPEX,3489,森寶,22.65,22.65,22.35,22.45,246748.0
2026-09-08,TPEX,3490,單井,45.85,46.3,43.4,43.45,3090055.0
2026-09-08,TPEX,3491,昇達科,1530.0,1570.0,1460.0,1490.0,1558713.0
2026-09-08,TPEX,3492,長盛,19.2,19.3,19.15,19.3,11202.0
2026-09-08,TPEX,3498,陽程,189.0,192.0,185.5,189.5,1407334.0
2026-09-08,TPEX,3499,環天科,13.95,14.2,13.6,13.7,283598.0
2026-09-08,TPEX,3508,位速,21.1,22.2,21.1,21.2,183715.0
2026-09-08,TPEX,3511,矽瑪,19.15,19.25,19.0,19.0,144973.0
2026-09-08,TPEX,3512,皇龍,19.2,19.2,19.15,19.2,13163.0
2026-09-08,TPEX,3516,亞帝歐,26.65,26.65,26.25,26.35,26065.0
2026-09-08,TPEX,3520,華盈,17.55,17.75,17.4,17.4,109896.0
2026-09-08,TPEX,3521,台鋼建設,12.25,12.3,12.0,12.15,121142.0
2026-09-08,TPEX,3522,御嵿,12.0,12.15,12.0,12.0,107332.0
2026-09-08,TPEX,3523,迎輝,15.1,15.45,15.0,15.4,13895.0
2026-09-08,TPEX,3526,凡甲,281.0,281.0,276.0,277.0,284420.0
2026-09-08,TPEX,3527,聚積,50.4,50.4,49.5,49.7,91684.0
2026-09-08,TPEX,3529,力旺,2640.0,2825.0,2555.0,2825.0,2252931.0
2026-09-08,TPEX,3531,先益,20.9,21.4,20.9,21.4,3093.0
2026-09-08,TPEX,3537,堡達,55.6,55.6,53.6,53.6,234474.0
2026-09-08,TPEX,3540,曜越,23.3,23.3,23.0,23.0,232421.0
2026-09-08,TPEX,3541,西柏,21.6,21.8,21.6,21.8,39902.0
2026-09-08,TPEX,3546,宇峻,73.0,73.7,72.6,73.5,177677.0
2026-09-08,TPEX,3548,兆利,83.4,83.4,80.2,81.3,271423.0
2026-09-08,TPEX,3551,世禾,181.5,181.5,178.5,181.0,186401.0
2026-09-08,TPEX,3552,同致,43.0,43.0,42.5,42.5,75995.0
2026-09-08,TPEX,3555,博士旺,206.5,213.0,194.5,194.5,112605.0
2026-09-08,TPEX,3556,禾瑞亞,58.1,58.2,56.0,56.2,331925.0
2026-09-08,TPEX,3558,神準,126.5,129.5,121.5,123.5,204101.0
2026-09-08,TPEX,3564,其陽,49.6,51.8,47.0,48.2,486963.0
2026-09-08,TPEX,3567,逸昌,25.25,25.35,25.25,25.3,15124.0
2026-09-08,TPEX,3570,大塚,164.0,164.0,162.0,162.5,11254.0
2026-09-08,TPEX,3577,泓格,115.0,115.0,108.5,108.5,407083.0
2026-09-08,TPEX,3580,友威科,88.0,89.8,85.4,85.5,304466.0
2026-09-08,TPEX,3581,博磊,108.5,110.0,105.5,105.5,185747.0
2026-09-08,TPEX,3587,閎康,255.0,255.0,245.5,246.0,363214.0
2026-09-08,TPEX,3594,磐儀,48.05,48.15,47.15,47.3,452234.0
2026-09-08,TPEX,3597,映興,26.7,26.7,26.5,26.5,17020.0
2026-09-08,TPEX,3609,三一東林,19.45,19.8,19.15,19.55,148967.0
2026-09-08,TPEX,3611,鼎翰,182.0,182.5,181.0,182.5,44616.0
2026-09-08,TPEX,3615,安可,36.55,36.55,35.5,35.65,299984.0
2026-09-08,TPEX,3623,富晶通,24.35,25.45,24.35,24.7,312342.0
2026-09-08,TPEX,3624,光頡,99.7,103.0,96.2,96.6,18670536.0
2026-09-08,TPEX,3625,西勝,12.4,12.65,12.3,12.3,83961.0
2026-09-08,TPEX,3628,盈正,67.4,69.0,67.4,68.2,83117.0
2026-09-08,TPEX,3629,地心引力,21.35,21.35,21.35,21.35,1008.0
2026-09-08,TPEX,3630,新鉅科,27.3,27.4,26.5,26.6,631645.0
2026-09-08,TPEX,3631,晟楠,37.9,38.05,37.7,37.9,46677.0
2026-09-08,TPEX,3632,研勤,7.11,7.19,7.11,7.19,13898.0
2026-09-08,TPEX,3646,艾恩特,24.3,24.3,23.75,24.0,7012.0
2026-09-08,TPEX,3663,鑫科,63.8,65.5,60.9,61.0,571962.0
2026-09-08,TPEX,3664,安瑞-KY,6.8,7.18,6.67,7.02,25003.0
2026-09-08,TPEX,3666,光耀,24.9,25.0,24.75,25.0,220675.0
2026-09-08,TPEX,3672,康聯訊,12.05,12.05,11.85,11.85,8003.0
2026-09-08,TPEX,3675,德微,285.5,287.0,274.0,274.0,719270.0
2026-09-08,TPEX,3680,家登,534.0,551.0,521.0,521.0,2196819.0
2026-09-08,TPEX,3684,榮昌,54.2,54.2,54.0,54.1,27755.0
2026-09-08,TPEX,3685,元創精密,36.75,36.75,36.1,36.65,419100.0
2026-09-08,TPEX,3687,歐買尬,62.3,63.0,62.3,62.4,15255.0
2026-09-08,TPEX,3689,湧德,113.0,113.0,110.0,110.5,1008382.0
2026-09-08,TPEX,3691,碩禾,99.3,99.3,97.2,97.3,204940.0
2026-09-08,TPEX,3693,營邦,689.0,715.0,633.0,669.0,3782305.0
2026-09-08,TPEX,3707,漢磊,61.8,63.2,60.0,60.0,4933417.0
2026-09-08,TPEX,3709,鑫聯大投控,64.7,64.7,62.0,62.0,1698470.0
2026-09-08,TPEX,3710,連展投控,5.07,5.07,4.82,5.0,320090.0
2026-09-08,TPEX,3713,新晶投控,14.3,14.35,14.0,14.3,101047.0
2026-09-08,TPEX,3718,中光電投控,71.5,71.6,65.6,66.1,7347571.0
2026-09-08,TPEX,4102,永日,19.15,19.15,18.8,18.95,15039.0
2026-09-08,TPEX,4105,東洋,77.2,77.3,76.6,76.9,246471.0
2026-09-08,TPEX,4107,邦特,113.0,113.0,112.5,113.0,68838.0
2026-09-08,TPEX,4109,加捷生醫,11.05,11.05,10.95,11.0,167679.0
2026-09-08,TPEX,4111,濟生,28.8,28.8,28.7,28.7,11773.0
2026-09-08,TPEX,4113,聯上,15.1,16.1,15.1,15.8,144512.0
2026-09-08,TPEX,4114,健喬,29.7,29.75,29.6,29.6,510188.0
2026-09-08,TPEX,4116,明基醫,40.2,40.2,39.85,40.0,31101.0
2026-09-08,TPEX,4120,友華,46.0,46.0,46.0,46.0,2149.0
2026-09-08,TPEX,4121,優盛,12.7,12.9,12.65,12.8,51589.0
2026-09-08,TPEX,4123,晟德,29.55,30.85,29.35,30.4,2574736.0
2026-09-08,TPEX,4126,太醫,77.9,78.0,77.8,78.0,13381.0
2026-09-08,TPEX,4127,天良,62.1,62.4,61.0,62.0,246443.0
2026-09-08,TPEX,4128,中天,14.7,14.95,14.65,14.95,703730.0
2026-09-08,TPEX,4129,聯合,82.8,83.8,82.8,83.5,219844.0
2026-09-08,TPEX,4131,浩泰,31.5,31.5,29.7,30.5,20401.0
2026-09-08,TPEX,4138,曜亞,53.6,53.6,52.6,52.8,39375.0
2026-09-08,TPEX,4139,馬光-KY,41.5,41.5,41.0,41.0,20121.0
2026-09-08,TPEX,4147,中裕,62.8,65.3,62.8,65.3,1173609.0
2026-09-08,TPEX,4153,鈺緯,31.8,32.0,31.8,32.0,2571.0
2026-09-08,TPEX,4154,樂威科-KY,,,,,0.0
2026-09-08,TPEX,4157,太景*-KY,9.17,9.19,8.96,9.01,1060732.0
2026-09-08,TPEX,4160,訊聯基因,39.8,40.3,39.75,39.8,36003.0
2026-09-08,TPEX,4161,聿新科,22.8,22.8,22.5,22.5,14041.0
2026-09-08,TPEX,4162,智擎,56.8,57.0,56.0,56.4,223342.0
2026-09-08,TPEX,4163,鐿鈦,133.5,134.0,127.5,129.5,267316.0
2026-09-08,TPEX,4166,友霖,25.0,25.2,24.7,25.15,193306.0
2026-09-08,TPEX,4167,松瑞藥,18.95,19.15,18.8,18.9,510599.0
2026-09-08,TPEX,4168,醣聯,22.0,22.0,21.5,21.85,106623.0
2026-09-08,TPEX,4171,瑞基,16.8,16.85,16.6,16.6,44981.0
2026-09-08,TPEX,4173,久裕,17.1,17.15,17.05,17.15,10714.0
2026-09-08,TPEX,4174,浩鼎,25.35,26.35,25.0,26.0,597284.0
2026-09-08,TPEX,4175,杏一,51.3,51.3,51.3,51.3,3002.0
2026-09-08,TPEX,4183,福永生技,,,,,0.0
2026-09-08,TPEX,4188,安克,13.4,13.6,12.8,12.8,274479.0
2026-09-08,TPEX,4192,杏國,,,,,1696.0
2026-09-08,TPEX,4198,欣大健康,45.9,47.9,45.9,46.4,3406.0
2026-09-08,TPEX,4205,中華食,69.7,69.7,69.3,69.3,17071.0
2026-09-08,TPEX,4207,環泰,20.1,20.1,19.7,19.95,229725.0
2026-09-08,TPEX,4303,信立,35.2,36.7,35.2,35.65,1120242.0
2026-09-08,TPEX,4304,勝昱,17.4,17.45,16.55,16.65,92115.0
2026-09-08,TPEX,4305,世坤,43.3,43.4,43.2,43.2,5000.0
2026-09-08,TPEX,4401,東隆興,14.0,14.0,13.85,14.0,18167.0
2026-09-08,TPEX,4402,郡都開發,14.5,14.5,14.25,14.25,2353.0
2026-09-08,TPEX,4406,新昕纖,9.99,10.0,9.95,9.95,75000.0
2026-09-08,TPEX,4413,飛寶企業,19.7,20.0,19.7,20.0,2091.0
2026-09-08,TPEX,4416,三圓,12.35,12.35,12.05,12.05,626786.0
2026-09-08,TPEX,4417,金洲,47.3,47.3,47.2,47.2,14016.0
2026-09-08,TPEX,4419,皇家美食,46.15,46.15,45.95,45.95,14002.0
2026-09-08,TPEX,4420,光明,38.8,38.85,38.5,38.85,54716.0
2026-09-08,TPEX,4430,耀億,17.35,17.6,17.2,17.4,15920.0
2026-09-08,TPEX,4432,銘旺實,15.7,15.7,15.5,15.65,21155.0
2026-09-08,TPEX,4433,興采,19.05,19.05,18.65,18.7,25503.0
2026-09-08,TPEX,4442,竣邦-KY,52.9,52.9,52.1,52.7,32170.0
2026-09-08,TPEX,4502,健信,15.65,15.75,15.65,15.75,10000.0
2026-09-08,TPEX,4503,金雨,23.7,24.0,23.2,23.3,164480.0
2026-09-08,TPEX,4506,崇友,122.0,122.5,121.5,122.0,33887.0
2026-09-08,TPEX,4510,高鋒,45.5,45.7,44.0,44.3,1528242.0
2026-09-08,TPEX,4513,福裕,15.7,15.7,15.55,15.55,201923.0
2026-09-08,TPEX,4523,永彰,23.65,23.65,23.45,23.45,28251.0
2026-09-08,TPEX,4527,方土霖,40.95,40.95,40.75,40.95,9526.0
2026-09-08,TPEX,4528,江興鍛,14.95,14.95,14.9,14.9,8727.0
2026-09-08,TPEX,4529,淳紳,3.7,3.71,3.65,3.71,25001.0
2026-09-08,TPEX,4530,天意能創,28.85,29.75,25.45,25.95,99149.0
2026-09-08,TPEX,4533,協易機,25.95,25.95,25.05,25.25,433220.0
2026-09-08,TPEX,4534,慶騰,29.0,29.5,28.5,28.9,572021.0
2026-09-08,TPEX,4535,至興,27.8,27.85,27.8,27.85,2065.0
2026-09-08,TPEX,4538,大詠城,17.7,17.9,17.45,17.45,10337.0
2026-09-08,TPEX,4541,晟田,61.8,62.3,60.3,60.3,843074.0
2026-09-08,TPEX,4542,科嶠,288.0,293.5,275.0,275.0,440620.0
2026-09-08,TPEX,4543,萬在,29.35,29.4,28.95,29.0,149729.0
2026-09-08,TPEX,4549,桓達,101.0,102.0,99.2,100.5,60919.0
2026-09-08,TPEX,4550,長佳,24.05,24.05,24.0,24.0,12151.0
2026-09-08,TPEX,4554,橙的,29.6,29.65,29.15,29.15,23244.0
2026-09-08,TPEX,4556,旭然,71.1,77.5,70.6,77.5,570434.0
2026-09-08,TPEX,4558,寶緯,17.1,17.2,16.9,17.2,37000.0
2026-09-08,TPEX,4561,健椿,42.3,42.3,41.1,41.1,145177.0
2026-09-08,TPEX,4563,百德,45.6,45.65,44.2,44.2,114408.0
2026-09-08,TPEX,4568,科際精密,39.4,39.4,39.15,39.15,7000.0
2026-09-08,TPEX,4577,達航科技,92.6,97.9,90.6,91.0,1868239.0
2026-09-08,TPEX,4580,捷流閥業,82.1,82.1,81.1,81.4,92741.0
2026-09-08,TPEX,4584,君帆,38.5,38.8,38.5,38.5,8219.0
2026-09-08,TPEX,4609,唐鋒,4.05,4.45,4.05,4.45,45412.0
2026-09-08,TPEX,4702,中美實,9.47,9.59,9.3,9.38,138575.0
2026-09-08,TPEX,4706,大恭,43.0,43.0,35.3,35.3,312527.0
2026-09-08,TPEX,4707,磐亞,28.8,29.1,28.0,28.3,1823196.0
2026-09-08,TPEX,4711,永純,16.7,16.7,16.45,16.7,87347.0
2026-09-08,TPEX,4714,永捷,10.65,10.95,10.6,10.8,652921.0
2026-09-08,TPEX,4716,大立,17.25,17.3,17.0,17.0,469341.0
2026-09-08,TPEX,4721,美琪瑪,71.3,72.0,71.0,71.3,222105.0
2026-09-08,TPEX,4726,永昕,23.7,24.0,23.5,23.9,200269.0
2026-09-08,TPEX,4728,雙美,395.0,395.0,391.5,392.5,5005.0
2026-09-08,TPEX,4729,熒茂,18.95,18.95,18.6,18.6,67433.0
2026-09-08,TPEX,4735,豪展,36.6,36.75,36.6,36.65,26566.0
2026-09-08,TPEX,4741,泓瀚,40.3,40.9,40.1,40.1,54557.0
2026-09-08,TPEX,4743,合一,45.7,46.95,45.5,46.95,1643918.0
2026-09-08,TPEX,4744,皇將,27.15,27.15,26.9,26.9,69034.0
2026-09-08,TPEX,4745,合富-KY,11.85,11.85,11.5,11.65,36638.0
2026-09-08,TPEX,4747,強生*,24.55,25.25,24.55,25.25,57017.0
2026-09-08,TPEX,4749,新應材,801.0,814.0,780.0,780.0,762158.0
2026-09-08,TPEX,4754,國碳科,39.0,39.0,38.55,38.55,27748.0
2026-09-08,TPEX,4760,勤凱,282.0,284.0,269.0,272.5,847943.0
2026-09-08,TPEX,4767,誠泰科技,29.1,29.2,28.5,29.0,23000.0
2026-09-08,TPEX,4768,晶呈科技,303.5,306.0,300.5,301.0,208624.0
2026-09-08,TPEX,4772,台特化,250.5,252.0,247.5,249.5,303515.0
2026-09-08,TPEX,4806,桂田文創,8.71,8.97,8.55,8.88,15216.0
2026-09-08,TPEX,4903,聯光通,36.55,36.6,35.5,35.5,531996.0
2026-09-08,TPEX,4905,台聯電,85.4,85.4,84.3,85.3,12444.0
2026-09-08,TPEX,4907,富宇,45.2,45.65,44.95,45.0,126213.0
2026-09-08,TPEX,4908,前鼎,224.0,235.5,221.0,227.5,1919372.0
2026-09-08,TPEX,4909,新復興,36.25,36.35,35.4,35.45,398381.0
2026-09-08,TPEX,4911,德英,29.15,29.25,28.8,29.25,22145.0
2026-09-08,TPEX,4923,力士,51.0,55.8,49.9,55.0,781766.0
2026-09-08,TPEX,4924,欣厚-KY,13.85,14.35,13.0,13.0,827196.0
2026-09-08,TPEX,4931,新盛力,254.5,257.5,240.5,241.5,3958511.0
2026-09-08,TPEX,4933,友輝,55.0,55.1,53.3,53.4,64792.0
2026-09-08,TPEX,4939,亞電,93.6,93.6,87.0,89.5,3926952.0
2026-09-08,TPEX,4946,辣椒,99.4,99.4,92.0,94.0,28920.0
2026-09-08,TPEX,4950,金耘國際,16.0,16.0,15.8,15.85,10002.0
2026-09-08,TPEX,4951,精拓科,79.8,80.5,78.4,79.3,152326.0
2026-09-08,TPEX,4953,緯致,120.0,120.0,118.0,118.0,181019.0
2026-09-08,TPEX,4966,譜瑞-KY,566.0,571.0,547.0,547.0,740812.0
2026-09-08,TPEX,4971,IET-KY,615.0,638.0,596.0,605.0,1954493.0
2026-09-08,TPEX,4972,湯石照明,16.6,16.6,16.5,16.5,7469.0
2026-09-08,TPEX,4973,廣穎,152.5,153.5,148.0,148.0,797483.0
2026-09-08,TPEX,4974,亞泰,71.8,71.8,70.8,71.4,118011.0
2026-09-08,TPEX,4979,華星光,598.0,630.0,590.0,605.0,12788066.0
2026-09-08,TPEX,4991,環宇-KY,500.0,501.0,467.0,493.0,701585.0
2026-09-08,TPEX,4995,晶達,50.2,50.2,50.0,50.0,7562.0
2026-09-08,TPEX,5009,榮剛,32.8,32.95,32.5,32.8,1347105.0
2026-09-08,TPEX,5011,久陽,18.25,18.5,18.05,18.35,339332.0
2026-09-08,TPEX,5013,強新,28.05,28.05,26.55,28.0,11130.0
2026-09-08,TPEX,5014,建錩,10.1,10.1,9.99,10.05,147360.0
2026-09-08,TPEX,5015,華祺,21.95,22.25,21.9,21.9,31215.0
2026-09-08,TPEX,5016,松和,24.6,24.6,24.5,24.55,6009.0
2026-09-08,TPEX,5201,凱衛,27.45,28.0,27.25,27.9,211356.0
2026-09-08,TPEX,5202,力新,11.85,11.9,11.75,11.8,64120.0
2026-09-08,TPEX,5205,中茂,19.75,19.75,19.75,19.75,1423.0
2026-09-08,TPEX,5206,坤悅,23.5,23.5,23.1,23.25,131987.0
2026-09-08,TPEX,5209,新鼎,153.0,153.0,152.0,153.0,77234.0
2026-09-08,TPEX,5210,寶碩,27.95,28.6,27.95,28.5,155412.0
2026-09-08,TPEX,5211,蒙恬,19.25,19.25,19.05,19.25,11749.0
2026-09-08,TPEX,5212,凌網,46.5,46.5,46.2,46.2,8200.0
2026-09-08,TPEX,5213,亞昕,21.0,21.25,20.9,21.15,430260.0
2026-09-08,TPEX,5220,萬達光電,19.4,19.55,19.25,19.55,16021.0
2026-09-08,TPEX,5223,安力-KY,23.2,23.45,23.05,23.25,28001.0
2026-09-08,TPEX,5227,立凱-KY,30.0,30.2,29.5,29.5,253989.0
2026-09-08,TPEX,5228,鈺鎧,43.55,43.55,41.35,41.5,346119.0
2026-09-08,TPEX,5230,雷笛克光學,18.45,19.55,18.2,19.05,1806443.0
2026-09-08,TPEX,5245,智晶,23.05,23.05,22.4,22.8,18020.0
2026-09-08,TPEX,5251,天鉞電,26.1,26.1,25.45,25.5,59645.0
2026-09-08,TPEX,5263,智崴,103.0,104.5,102.5,104.5,186303.0
2026-09-08,TPEX,5272,笙科,16.7,16.95,16.55,16.7,82676.0
2026-09-08,TPEX,5274,信驊,19260.0,19795.0,18840.0,19220.0,455611.0
2026-09-08,TPEX,5276,達輝-KY,17.2,17.2,17.2,17.2,1057.0
2026-09-08,TPEX,5278,尚凡*,24.15,24.15,23.85,23.85,63902.0
2026-09-08,TPEX,5287,數字,135.5,136.0,135.0,135.5,53470.0
2026-09-08,TPEX,5289,宜鼎,1430.0,1445.0,1370.0,1370.0,2064455.0
2026-09-08,TPEX,5291,邑昇,68.1,69.4,66.3,66.3,558237.0
2026-09-08,TPEX,5299,杰力,96.1,96.1,92.0,92.1,361512.0
2026-09-08,TPEX,5301,寶得利,5.31,5.33,5.3,5.32,15032.0
2026-09-08,TPEX,5302,太欣,10.25,10.3,10.2,10.2,189000.0
2026-09-08,TPEX,5309,系統電,53.2,53.4,50.6,50.7,1655908.0
2026-09-08,TPEX,5310,天剛,23.55,23.8,23.4,23.8,12010.0
2026-09-08,TPEX,5312,寶島科,91.9,91.9,91.0,91.7,16455.0
2026-09-08,TPEX,5314,世紀*,37.65,38.7,37.65,38.7,10220034.0
2026-09-08,TPEX,5315,光聯,18.7,18.7,18.4,18.4,303580.0
2026-09-08,TPEX,5321,美而快,77.5,78.8,76.1,78.4,326816.0
2026-09-08,TPEX,5324,士開,12.25,12.25,12.15,12.2,254402.0
2026-09-08,TPEX,5328,華容,60.9,61.1,59.0,59.1,2301263.0
2026-09-08,TPEX,5340,建榮,82.1,84.2,79.8,82.5,3347645.0
2026-09-08,TPEX,5344,立衛,13.55,13.55,13.4,13.45,38050.0
2026-09-08,TPEX,5345,馥鴻,21.8,21.8,21.8,21.8,2495.0
2026-09-08,TPEX,5347,世界,156.0,156.5,151.5,152.0,12669005.0
2026-09-08,TPEX,5348,正能量智能,16.55,16.55,16.55,16.55,1002.0
2026-09-08,TPEX,5351,鈺創,123.0,127.0,115.5,117.0,30211044.0
2026-09-08,TPEX,5353,台林,28.0,28.2,27.8,27.9,17000.0
2026-09-08,TPEX,5355,佳總,5.95,5.95,5.76,5.76,107038.0
2026-09-08,TPEX,5356,協益,26.1,26.15,26.0,26.0,97671.0
2026-09-08,TPEX,5364,力麗店,8.32,8.41,8.32,8.36,8697.0
2026-09-08,TPEX,5381,光譜,24.5,24.5,23.8,23.8,630063.0
2026-09-08,TPEX,5386,青雲,259.5,264.5,257.5,257.5,494285.0
2026-09-08,TPEX,5392,能率,42.4,42.9,41.15,41.15,1321259.0
2026-09-08,TPEX,5398,慕康生醫,14.25,14.25,14.2,14.25,225702.0
2026-09-08,TPEX,5403,中菲,93.9,94.0,92.5,92.6,33639.0
2026-09-08,TPEX,5410,國眾,35.55,35.55,35.1,35.35,222906.0
2026-09-08,TPEX,5425,台半,92.6,93.0,89.6,89.6,5638377.0
2026-09-08,TPEX,5426,振發,28.65,28.7,27.8,27.8,445410.0
2026-09-08,TPEX,5432,新門,162.5,170.0,160.0,162.0,177099.0
2026-09-08,TPEX,5438,東友,16.75,16.75,16.65,16.75,20740.0
2026-09-08,TPEX,5439,高技,264.0,265.0,256.5,257.5,1170141.0
2026-09-08,TPEX,5443,均豪,120.0,122.5,113.5,114.5,5552541.0
2026-09-08,TPEX,5450,南良,14.6,14.8,14.5,14.65,67538.0
2026-09-08,TPEX,5452,佶優,26.9,26.9,26.35,26.35,447116.0
2026-09-08,TPEX,5455,昇益,30.0,30.2,29.5,29.75,16057.0
2026-09-08,TPEX,5457,宣德,27.2,27.2,26.7,26.7,385516.0
2026-09-08,TPEX,5460,同協,16.9,17.8,16.4,17.15,986723.0
2026-09-08,TPEX,5464,霖宏,76.8,81.5,75.3,75.3,2252931.0
2026-09-08,TPEX,5465,富驊,24.2,24.45,24.0,24.25,56465.0
2026-09-08,TPEX,5468,凱鈺,24.3,24.5,24.05,24.3,128467.0
2026-09-08,TPEX,5474,聰泰,153.0,155.5,151.0,152.5,216086.0
2026-09-08,TPEX,5475,德宏,195.0,196.0,185.0,190.0,3105259.0
2026-09-08,TPEX,5478,智冠,97.9,97.9,97.3,97.4,105262.0
2026-09-08,TPEX,5481,新華,20.05,20.2,19.85,20.2,259155.0
2026-09-08,TPEX,5483,中美晶,185.0,187.5,179.5,180.0,10561156.0
2026-09-08,TPEX,5487,通泰,28.3,29.2,28.15,29.2,74407.0
2026-09-08,TPEX,5488,松普,12.0,12.0,11.75,11.75,210884.0
2026-09-08,TPEX,5489,彩富,41.3,41.35,40.55,40.65,21185.0
2026-09-08,TPEX,5490,同亨,26.0,26.15,25.85,25.85,279939.0
2026-09-08,TPEX,5493,三聯,85.9,85.9,83.2,83.2,41732.0
2026-09-08,TPEX,5498,凱崴,55.3,55.6,53.4,53.6,1157878.0
2026-09-08,TPEX,5508,永信建,53.5,54.6,53.0,54.4,248443.0
2026-09-08,TPEX,5511,德昌,69.4,69.6,69.2,69.6,282473.0
2026-09-08,TPEX,5512,力麒,7.72,7.76,7.69,7.74,942212.0
2026-09-08,TPEX,5514,三豐,15.05,15.05,15.0,15.0,14841.0
2026-09-08,TPEX,5516,雙喜,12.2,12.2,12.2,12.2,1029.0
2026-09-08,TPEX,5520,力泰,82.3,82.3,82.3,82.3,2003.0
2026-09-08,TPEX,5523,豐謙,,,,,0.0
2026-09-08,TPEX,5529,鉅陞,24.5,25.0,23.75,25.0,83004.0
2026-09-08,TPEX,5530,龍巖,49.6,49.6,49.2,49.4,184416.0
2026-09-08,TPEX,5536,聖暉*,885.0,885.0,848.0,851.0,620346.0
2026-09-08,TPEX,5543,桓鼎-KY,27.65,27.65,27.25,27.25,5034.0
2026-09-08,TPEX,5547,久舜,20.15,20.4,20.1,20.2,104187.0
2026-09-08,TPEX,5548,安倉,20.4,20.45,20.35,20.35,16075.0
2026-09-08,TPEX,5601,台聯櫃,29.9,31.0,29.9,31.0,15000.0
2026-09-08,TPEX,5603,陸海,13.95,13.95,13.8,13.8,235867.0
2026-09-08,TPEX,5604,中連,31.3,31.55,31.25,31.55,8003.0
2026-09-08,TPEX,5609,中菲行,78.8,78.9,78.6,78.8,122860.0
2026-09-08,TPEX,5701,劍湖山,4.18,4.31,4.16,4.25,40918.0
2026-09-08,TPEX,5703,亞都,,,,,2.0
2026-09-08,TPEX,5704,老爺知,23.35,23.35,22.8,23.1,48376.0
2026-09-08,TPEX,5864,致和證,37.75,38.0,37.15,37.25,2911930.0
2026-09-08,TPEX,5878,台名,38.2,38.2,38.15,38.15,3027.0
2026-09-08,TPEX,5902,德記,33.7,34.4,33.5,34.3,157401.0
2026-09-08,TPEX,5903,全家,184.0,185.5,184.0,185.0,17575.0
2026-09-08,TPEX,5904,寶雅*,71.7,72.1,71.1,71.7,2649285.0
2026-09-08,TPEX,5905,南仁湖,7.62,7.62,7.55,7.55,752781.0
2026-09-08,TPEX,6015,宏遠證,17.75,17.9,17.55,17.85,5992619.0
2026-09-08,TPEX,6016,康和證,23.0,23.3,22.6,23.15,11763677.0
2026-09-08,TPEX,6020,大展證,21.1,21.15,20.8,20.8,19140.0
2026-09-08,TPEX,6021,美好證,41.1,42.65,40.75,42.5,744237.0
2026-09-08,TPEX,6023,元大期,82.9,83.2,82.6,82.9,907726.0
2026-09-08,TPEX,6026,福邦證,15.25,15.45,15.2,15.4,1386810.0
2026-09-08,TPEX,6028,公勝保經,95.8,95.8,95.3,95.3,6611.0
2026-09-08,TPEX,6101,寬魚國際,37.6,37.7,36.45,37.0,331996.0
2026-09-08,TPEX,6103,合邦,34.1,36.9,34.05,35.4,44056.0
2026-09-08,TPEX,6104,創惟,96.3,96.5,92.4,92.5,734888.0
2026-09-08,TPEX,6109,亞元,10.7,10.8,10.6,10.75,140028.0
2026-09-08,TPEX,6111,光聚晶電,37.0,37.1,35.8,35.8,219545.0
2026-09-08,TPEX,6113,亞矽,23.0,23.1,22.75,22.75,59779.0
2026-09-08,TPEX,6114,久威,25.55,25.55,24.75,24.75,7000.0
2026-09-08,TPEX,6118,建達,15.25,15.45,15.2,15.2,49247.0
2026-09-08,TPEX,6121,新普,386.0,386.0,376.5,378.5,701979.0
2026-09-08,TPEX,6122,擎邦,51.5,51.5,50.5,50.5,164960.0
2026-09-08,TPEX,6123,上奇,43.6,43.6,43.2,43.5,20987.0
2026-09-08,TPEX,6124,業強,27.6,27.6,27.55,27.55,4093.0
2026-09-08,TPEX,6125,廣運,50.8,51.0,50.1,50.1,587415.0
2026-09-08,TPEX,6126,信音,29.2,29.2,28.7,28.8,459968.0
2026-09-08,TPEX,6127,九豪,49.75,50.0,48.2,48.2,1856972.0
2026-09-08,TPEX,6130,上亞科技,25.9,26.25,24.65,24.65,316683.0
2026-09-08,TPEX,6134,萬旭,29.7,29.7,28.5,28.5,196394.0
2026-09-08,TPEX,6138,茂達,285.5,286.0,273.5,276.0,986415.0
2026-09-08,TPEX,6140,訊達,16.4,16.45,16.2,16.4,46122.0
2026-09-08,TPEX,6143,振曜,86.0,86.0,84.3,84.3,566872.0
2026-09-08,TPEX,6144,得利影,13.3,13.3,13.3,13.3,1163.0
2026-09-08,TPEX,6146,耕興,180.5,183.5,180.0,180.0,176545.0
2026-09-08,TPEX,6147,頎邦,191.5,200.0,186.0,186.5,49846862.0
2026-09-08,TPEX,6148,驊宏資,28.3,28.35,27.95,28.35,69159.0
2026-09-08,TPEX,6150,撼訊,60.0,60.0,58.9,58.9,147858.0
2026-09-08,TPEX,6151,晉倫,34.9,34.95,34.35,34.4,150637.0
2026-09-08,TPEX,6154,順發,13.95,13.95,13.8,13.85,20347.0
2026-09-08,TPEX,6156,松上,20.5,20.55,20.15,20.2,403366.0
2026-09-08,TPEX,6158,禾昌,17.3,17.3,17.0,17.0,31146.0
2026-09-08,TPEX,6160,欣技,14.5,14.7,14.25,14.4,42756.0
2026-09-08,TPEX,6161,捷波,50.6,50.6,49.9,50.1,93407.0
2026-09-08,TPEX,6163,華電網,41.2,41.45,40.65,40.65,350663.0
2026-09-08,TPEX,6167,久正,10.2,10.3,10.2,10.2,161767.0
2026-09-08,TPEX,6169,昱泉,12.25,12.3,12.2,12.3,14299.0
2026-09-08,TPEX,6170,統振,48.15,48.2,47.85,47.95,189414.0
2026-09-08,TPEX,6171,大城地產,26.4,26.4,25.7,26.3,20826.0
2026-09-08,TPEX,6173,信昌電,285.0,285.0,267.5,273.5,17347143.0
2026-09-08,TPEX,6174,安碁,44.85,45.6,43.25,43.4,601992.0
2026-09-08,TPEX,6175,立敦,72.8,72.8,70.3,70.4,556817.0
2026-09-08,TPEX,6179,亞通,30.4,33.1,29.4,33.1,12259810.0
2026-09-08,TPEX,6180,橘子,42.1,42.2,41.2,41.5,335594.0
2026-09-08,TPEX,6182,合晶,114.0,119.0,109.0,109.0,58583430.0
2026-09-08,TPEX,6185,幃翔,12.75,12.75,12.6,12.75,137555.0
2026-09-08,TPEX,6186,新潤,30.4,30.9,29.8,30.5,664649.0
2026-09-08,TPEX,6187,萬潤,1355.0,1435.0,1350.0,1385.0,3668072.0
2026-09-08,TPEX,6188,廣明,65.0,65.1,63.8,65.0,1139365.0
2026-09-08,TPEX,6190,萬泰科,67.5,67.8,66.0,66.0,885311.0
2026-09-08,TPEX,6194,育富,29.7,29.8,29.7,29.8,22305.0
2026-09-08,TPEX,6195,詩肯,27.75,28.0,27.65,27.8,26056.0
2026-09-08,TPEX,6198,瑞築,19.5,19.5,19.45,19.45,9353.0
2026-09-08,TPEX,6199,天品,96.2,97.1,95.3,96.5,1234461.0
2026-09-08,TPEX,6203,海韻電,60.2,60.6,60.0,60.4,34531.0
2026-09-08,TPEX,6204,艾華,90.1,90.8,87.4,87.8,124255.0
2026-09-08,TPEX,6207,雷科,113.5,123.0,113.0,116.5,18540805.0
2026-09-08,TPEX,6208,日揚,75.5,78.8,75.5,76.1,208226.0
2026-09-08,TPEX,6210,慶生,,,,,58.0
2026-09-08,TPEX,6212,理銘,32.2,34.05,32.2,32.4,4225.0
2026-09-08,TPEX,6217,中探針,180.0,186.0,177.5,178.0,3335167.0
2026-09-08,TPEX,6218,豪勉,44.55,49.0,43.9,46.7,7430342.0
2026-09-08,TPEX,6219,富旺,12.6,12.6,12.15,12.15,43524.0
2026-09-08,TPEX,6220,岳豐,25.95,25.95,25.35,25.6,127224.0
2026-09-08,TPEX,6221,晉泰,21.3,21.35,21.15,21.15,55043.0
2026-09-08,TPEX,6222,立軒,20.35,20.35,20.35,20.35,1673.0
2026-09-08,TPEX,6223,旺矽,5580.0,5975.0,5470.0,5795.0,1877534.0
2026-09-08,TPEX,6227,茂綸,111.5,113.0,111.5,112.0,164482.0
2026-09-08,TPEX,6228,全譜,,,,,0.0
2026-09-08,TPEX,6229,研通,24.3,24.3,23.6,23.65,13033.0
2026-09-08,TPEX,6231,系微,211.5,235.0,211.0,235.0,730544.0
2026-09-08,TPEX,6233,旺玖,21.2,21.2,20.2,20.3,207219.0
2026-09-08,TPEX,6234,高僑,35.75,35.8,34.1,34.3,353670.0
2026-09-08,TPEX,6236,中湛,,,,,0.0
2026-09-08,TPEX,6237,驊訊,34.95,34.95,33.8,33.85,289843.0
2026-09-08,TPEX,6240,松崗,22.65,23.15,22.5,22.5,41156.0
2026-09-08,TPEX,6241,鑫永洋,15.9,15.9,15.1,15.4,122216.0
2026-09-08,TPEX,6242,立康,34.25,34.3,34.2,34.2,3050.0
2026-09-08,TPEX,6244,茂迪,23.35,23.45,22.75,22.8,1631841.0
2026-09-08,TPEX,6245,立端,79.5,81.1,79.2,79.3,621229.0
2026-09-08,TPEX,6246,臺龍,13.5,13.9,13.0,13.2,131116.0
2026-09-08,TPEX,6248,沛波,16.8,16.9,16.8,16.9,36708.0
2026-09-08,TPEX,6259,百徽,29.85,29.95,29.1,29.1,170757.0
2026-09-08,TPEX,6261,久元,79.5,80.5,78.0,78.2,387219.0
2026-09-08,TPEX,6263,普萊德,160.0,161.5,155.0,159.5,380342.0
2026-09-08,TPEX,6264,富裔,5.95,6.0,5.95,6.0,11138.0
2026-09-08,TPEX,6265,方土昶,54.6,55.9,53.6,53.8,2104736.0
2026-09-08,TPEX,6266,泰詠,24.6,24.65,24.45,24.65,103242.0
2026-09-08,TPEX,6270,倍微,28.65,29.6,28.5,28.75,221217.0
2026-09-08,TPEX,6274,台燿,1405.0,1430.0,1335.0,1345.0,5012748.0
2026-09-08,TPEX,6275,元山,46.0,46.0,45.4,45.4,195266.0
2026-09-08,TPEX,6276,安鈦克,21.0,21.0,20.4,20.55,21428.0
2026-09-08,TPEX,6279,胡連,114.0,114.5,113.0,113.5,350738.0
2026-09-08,TPEX,6284,佳邦,80.8,80.8,77.6,77.6,652019.0
2026-09-08,TPEX,6290,良維,272.0,272.0,262.0,264.5,2260024.0
2026-09-08,TPEX,6291,沛亨,458.0,483.0,458.0,463.5,2823773.0
2026-09-08,TPEX,6292,迅德,66.2,66.3,64.7,65.7,673172.0
2026-09-08,TPEX,6294,智基,28.8,28.8,28.8,28.8,3085.0
2026-09-08,TPEX,6411,晶焱,80.3,81.1,78.8,78.8,184891.0
2026-09-08,TPEX,6417,韋僑,106.0,107.5,104.5,104.5,76645.0
2026-09-08,TPEX,6418,詠昇,35.75,35.75,34.05,34.5,91746.0
2026-09-08,TPEX,6419,京晨科,154.0,154.0,148.5,149.0,101176.0
2026-09-08,TPEX,6423,億而得,84.4,85.4,83.2,83.8,153043.0
2026-09-08,TPEX,6425,易發,63.2,65.4,62.5,62.6,295423.0
2026-09-08,TPEX,6432,今展科,60.0,60.0,56.8,57.1,693792.0
2026-09-08,TPEX,6435,大中,254.5,257.5,246.0,246.0,328440.0
2026-09-08,TPEX,6441,廣錠,25.4,25.4,25.4,25.4,343136.0
2026-09-08,TPEX,6462,神盾,101.5,102.0,99.3,99.3,443532.0
2026-09-08,TPEX,6465,威潤,46.2,46.95,44.35,44.65,246984.0
2026-09-08,TPEX,6469,大樹,66.9,67.9,66.9,67.8,267268.0
2026-09-08,TPEX,6470,宇智,42.0,42.0,41.65,41.7,6045.0
2026-09-08,TPEX,6474,華豫寧,36.5,36.95,36.4,36.95,12000.0
2026-09-08,TPEX,6482,弘煜科,24.5,24.5,24.5,24.5,1021.0
2026-09-08,TPEX,6485,點序,61.8,61.8,60.4,60.4,131431.0
2026-09-08,TPEX,6486,互動,82.4,82.9,80.7,81.9,184136.0
2026-09-08,TPEX,6488,環球晶,986.0,1010.0,944.0,955.0,9619199.0
2026-09-08,TPEX,6492,生華科,34.2,34.35,33.65,34.25,242550.0
2026-09-08,TPEX,6494,九齊,55.5,55.5,53.5,53.6,92467.0
2026-09-08,TPEX,6496,科懋,,,,,1151.0
2026-09-08,TPEX,6498,久禾光,73.7,73.7,70.3,70.4,314379.0
2026-09-08,TPEX,6499,益安,73.1,74.1,72.0,72.0,171164.0
2026-09-08,TPEX,6506,雙邦,18.4,18.4,18.25,18.25,79176.0
2026-09-08,TPEX,6508,惠光,25.6,25.9,25.3,25.9,34691.0
2026-09-08,TPEX,6509,聚和,46.1,46.15,45.4,45.6,523865.0
2026-09-08,TPEX,6510,精測,3485.0,3710.0,3405.0,3620.0,1437241.0
2026-09-08,TPEX,6512,啟發電,20.2,21.05,19.95,20.85,9467.0
2026-09-08,TPEX,6516,勤崴國際,57.2,58.0,57.2,57.3,30280.0
2026-09-08,TPEX,6517,保勝光學,67.4,68.2,65.5,65.5,452893.0
2026-09-08,TPEX,6523,達爾膚,89.1,89.5,89.0,89.4,21634.0
2026-09-08,TPEX,6527,明達醫,74.7,76.0,74.2,75.0,22460.0
2026-09-08,TPEX,6530,創威,94.1,101.5,93.3,98.5,3855241.0
2026-09-08,TPEX,6532,瑞耘,100.0,100.0,96.9,97.9,548800.0
2026-09-08,TPEX,6535,順藥,74.5,79.0,74.5,77.8,268237.0
2026-09-08,TPEX,6538,倉和,307.0,328.0,299.0,321.0,1030822.0
2026-09-08,TPEX,6542,隆中,44.0,44.0,43.2,43.2,2000.0
2026-09-08,TPEX,6546,正基,62.1,62.3,60.8,60.8,156927.0
2026-09-08,TPEX,6547,高端疫苗,63.4,64.7,62.5,64.0,3087251.0
2026-09-08,TPEX,6548,長科*,74.2,74.2,70.6,70.6,3109652.0
2026-09-08,TPEX,6556,勝品,61.5,61.5,61.3,61.4,3000.0
2026-09-08,TPEX,6560,欣普羅,30.2,30.7,30.2,30.5,28450.0
2026-09-08,TPEX,6561,是方,321.0,322.0,319.5,320.0,34256.0
2026-09-08,TPEX,6568,宏觀,135.0,135.0,132.0,134.5,59236.0
2026-09-08,TPEX,6569,醫揚,91.0,91.2,90.7,90.7,21786.0
2026-09-08,TPEX,6570,維田,50.5,50.5,48.45,48.45,230914.0
2026-09-08,TPEX,6574,霈方,120.0,120.0,118.0,119.0,11511.0
2026-09-08,TPEX,6576,逸達,82.7,82.7,81.3,82.1,139621.0
2026-09-08,TPEX,6577,勁豐,80.0,80.5,79.5,80.3,40277.0
2026-09-08,TPEX,6578,達邦蛋白,17.9,18.1,17.6,17.95,104184.0
2026-09-08,TPEX,6584,南俊國際,618.0,623.0,602.0,602.0,428755.0
2026-09-08,TPEX,6588,東典光電,118.5,127.0,113.0,113.5,7906874.0
2026-09-08,TPEX,6590,普鴻,58.6,59.2,58.4,58.9,33810.0
2026-09-08,TPEX,6593,台灣銘板,31.5,31.8,31.45,31.8,47246.0
2026-09-08,TPEX,6596,寬宏藝術,94.9,95.5,94.5,94.9,52555.0
2026-09-08,TPEX,6597,立誠,,,,,0.0
2026-09-08,TPEX,6603,富強鑫,24.9,25.1,24.75,24.95,533544.0
2026-09-08,TPEX,6609,瀧澤科,39.35,39.6,39.15,39.4,76799.0
2026-09-08,TPEX,6612,奈米醫材,70.3,70.5,69.0,70.1,27431.0
2026-09-08,TPEX,6613,朋億*,268.0,268.0,258.5,258.5,212391.0
2026-09-08,TPEX,6615,慧智,34.0,34.05,33.3,33.9,38182.0
2026-09-08,TPEX,6616,特昇-KY,8.42,8.42,8.39,8.39,2000.0
2026-09-08,TPEX,6617,共信-KY,142.0,146.0,131.0,134.5,3943888.0
2026-09-08,TPEX,6620,漢達,121.5,124.0,120.0,124.0,5935868.0
2026-09-08,TPEX,6624,萬年清,,,,,0.0
2026-09-08,TPEX,6629,泰金-KY,106.5,107.5,105.5,106.5,26000.0
2026-09-08,TPEX,6637,醫影,55.0,55.0,54.0,54.1,77386.0
2026-09-08,TPEX,6640,均華,1305.0,1320.0,1205.0,1215.0,733776.0
2026-09-08,TPEX,6642,富致,79.9,80.0,76.3,76.8,261236.0
2026-09-08,TPEX,6643,M31,418.5,451.5,414.5,438.0,1032619.0
2026-09-08,TPEX,6649,台生材,35.0,36.1,35.0,35.0,31001.0
2026-09-08,TPEX,6651,全宇昕,145.0,145.0,140.0,142.5,234842.0
2026-09-08,TPEX,6654,天正國際,221.0,226.0,214.0,222.5,146271.0
2026-09-08,TPEX,6661,威健生技,16.3,16.3,16.3,16.3,2000.0
2026-09-08,TPEX,6662,樂斯科,28.5,28.5,28.5,28.5,5000.0
2026-09-08,TPEX,6664,群翊,356.0,367.5,355.0,356.5,248873.0
2026-09-08,TPEX,6667,信紘科,260.5,261.0,248.0,250.0,552446.0
2026-09-08,TPEX,6679,鈺太,208.0,208.5,199.0,199.5,740563.0
2026-09-08,TPEX,6680,鑫創電子,56.8,57.0,52.2,52.2,4048.0
2026-09-08,TPEX,6683,雍智科技,1400.0,1470.0,1395.0,1405.0,920941.0
2026-09-08,TPEX,6684,安格,46.0,46.3,45.2,45.4,81320.0
2026-09-08,TPEX,6690,安碁資訊,162.0,162.5,162.0,162.0,13204.0
2026-09-08,TPEX,6692,進能服,23.55,23.95,23.5,23.65,21120.0
2026-09-08,TPEX,6693,廣閎科,185.5,189.0,176.0,187.5,1629722.0
2026-09-08,TPEX,6697,東捷資訊,40.85,40.85,40.6,40.6,6030.0
2026-09-08,TPEX,6703,軒郁,102.0,102.5,101.0,102.0,94836.0
2026-09-08,TPEX,6708,天擎,38.3,38.3,37.0,38.0,7000.0
2026-09-08,TPEX,6712,長聖,155.0,156.5,155.0,156.0,155032.0
2026-09-08,TPEX,6716,應廣,123.0,128.5,117.5,118.0,1422028.0
2026-09-08,TPEX,6720,久昌,131.0,133.0,130.0,131.5,30000.0
2026-09-08,TPEX,6721,信實,50.3,50.5,50.2,50.5,6107.0
2026-09-08,TPEX,6725,矽科宏晟,225.5,226.5,222.5,223.0,64770.0
2026-09-08,TPEX,6727,亞泰金屬,545.0,570.0,516.0,526.0,1384731.0
2026-09-08,TPEX,6728,上洋,108.5,108.5,107.0,107.0,2034.0
2026-09-08,TPEX,6730,常廣,32.3,32.3,32.05,32.05,7040.0
2026-09-08,TPEX,6732,昇佳電子,149.0,149.0,146.0,146.5,120098.0
2026-09-08,TPEX,6733,博晟生醫,25.95,26.35,25.7,26.0,56986.0
2026-09-08,TPEX,6735,美達科技,61.6,62.8,61.5,62.1,65443.0
2026-09-08,TPEX,6739,竹陞科技,1110.0,1170.0,1110.0,1145.0,228439.0
2026-09-08,TPEX,6741,91APP*-KY,60.1,60.1,59.1,59.4,135430.0
2026-09-08,TPEX,6751,智聯服務,41.1,41.5,41.1,41.5,7000.0
2026-09-08,TPEX,6752,叡揚,95.2,96.0,95.1,95.2,18665.0
2026-09-08,TPEX,6761,穩得,180.5,180.5,174.5,175.0,255431.0
2026-09-08,TPEX,6762,達亞,,,,,261.0
2026-09-08,TPEX,6763,綠界科技*,40.75,41.0,40.6,41.0,138305.0
2026-09-08,TPEX,6767,台微醫,24.4,24.8,24.05,24.8,9000.0
2026-09-08,TPEX,6785,昱展新藥,93.3,93.3,92.0,93.0,52712.0
2026-09-08,TPEX,6788,華景電,361.5,361.5,348.0,348.0,210723.0
2026-09-08,TPEX,6791,虎門科技,99.1,100.0,99.1,99.3,11591.0
2026-09-08,TPEX,6803,崑鼎,270.0,271.5,270.0,271.0,46817.0
2026-09-08,TPEX,6804,明係,18.3,18.3,17.95,18.0,56224.0
2026-09-08,TPEX,6811,宏碁資訊,226.5,227.5,222.5,224.0,77831.0
2026-09-08,TPEX,6821,聯寶,40.95,41.0,39.9,40.65,123556.0
2026-09-08,TPEX,6823,濾能,60.0,61.1,59.7,60.0,42720.0
2026-09-08,TPEX,6829,千附精密,259.0,261.0,239.5,241.0,1152096.0
2026-09-08,TPEX,6840,東研信超,92.9,101.0,92.9,93.2,757944.0
2026-09-08,TPEX,6841,長佳智能,54.0,54.0,53.2,53.2,100818.0
2026-09-08,TPEX,6843,進典,38.2,38.2,38.2,38.2,1000.0
2026-09-08,TPEX,6844,諾貝兒,59.8,59.9,59.8,59.9,5002.0
2026-09-08,TPEX,6846,綠茵,58.5,58.5,58.5,58.5,1005.0
2026-09-08,TPEX,6855,數泓科,119.5,119.5,116.0,119.0,8593.0
2026-09-08,TPEX,6856,鑫傳,,,,,100.0
2026-09-08,TPEX,6859,伯特光,113.0,113.0,111.5,111.5,14086.0
2026-09-08,TPEX,6865,偉康科技,25.8,26.5,25.8,26.5,6730.0
2026-09-08,TPEX,6870,騰雲,305.0,305.0,288.0,291.5,59090.0
2026-09-08,TPEX,6872,浩宇生醫,22.4,22.4,22.4,22.4,193488.0
2026-09-08,TPEX,6874,倍力,68.9,69.2,68.3,68.4,41295.0
2026-09-08,TPEX,6875,國邑*,32.7,32.8,32.0,32.3,89921.0
2026-09-08,TPEX,6877,鏵友益,125.0,127.0,116.5,117.5,189483.0
2026-09-08,TPEX,6881,潤德,,,,,48.0
2026-09-08,TPEX,6884,海柏特,30.5,31.0,30.05,30.05,29916.0
2026-09-08,TPEX,6894,衛司特,353.0,353.0,338.0,340.0,56478.0
2026-09-08,TPEX,6895,宏碩系統,153.0,154.5,151.5,151.5,27466.0
2026-09-08,TPEX,6899,創為精密,49.65,49.95,49.65,49.95,9080.0
2026-09-08,TPEX,6903,巨漢,315.5,315.5,308.0,310.0,142124.0
2026-09-08,TPEX,6904,伯鑫,123.0,123.0,123.0,123.0,1000.0
2026-09-08,TPEX,6907,雅特力-KY,198.0,210.5,192.5,204.0,7210182.0
2026-09-08,TPEX,6910,德鴻,24.5,24.9,24.1,24.9,21096.0
2026-09-08,TPEX,6913,鴻呈,135.0,135.0,130.5,130.5,516386.0
2026-09-08,TPEX,6922,宸曜,209.5,209.5,192.5,193.0,412697.0
2026-09-08,TPEX,6925,意藍,49.2,50.0,49.2,49.5,11583.0
2026-09-08,TPEX,6929,佑全,,,,,0.0
2026-09-08,TPEX,6945,圓祥生技,94.6,96.7,94.6,95.8,88052.0
2026-09-08,TPEX,6953,家碩,241.0,241.0,233.0,234.5,23098.0
2026-09-08,TPEX,6961,旅天下,49.9,49.9,49.7,49.75,4025.0
2026-09-08,TPEX,6967,汎瑋材料,73.3,73.3,69.4,70.0,64552.0
2026-09-08,TPEX,6968,萬達寵物,41.75,41.75,41.25,41.7,39990.0
2026-09-08,TPEX,6971,惠民實業,26.65,26.7,26.35,26.65,193127.0
2026-09-08,TPEX,6982,大井泵浦,46.15,46.3,45.85,46.3,29216.0
2026-09-08,TPEX,6983,華洋精機,357.0,357.0,343.5,344.0,39753.0
2026-09-08,TPEX,6986,和迅,40.85,41.3,40.75,41.3,107938.0
2026-09-08,TPEX,6996,力領科技,174.0,174.0,169.0,169.5,322081.0
2026-09-08,TPEX,6997,博弘,68.3,68.3,68.0,68.0,7000.0
2026-09-08,TPEX,7402,邑錡,104.5,104.5,101.0,101.0,286191.0
2026-09-08,TPEX,7547,碩網,50.3,50.3,49.5,49.5,3125.0
2026-09-08,TPEX,7556,意德士,249.0,249.0,246.0,246.0,10569.0
2026-09-08,TPEX,7584,樂意,27.8,27.8,26.8,27.05,7184.0
2026-09-08,TPEX,7642,昶瑞機電,75.2,76.0,75.0,75.7,15974.0
2026-09-08,TPEX,7703,銳澤,201.5,202.0,198.0,200.0,64862.0
2026-09-08,TPEX,7704,明遠精密,60.3,62.6,60.0,60.7,41351.0
2026-09-08,TPEX,7708,全家餐飲,92.5,92.5,92.3,92.3,7496.0
2026-09-08,TPEX,7709,榮田,93.5,93.5,89.1,92.0,1811653.0
2026-09-08,TPEX,7712,博盛半導體,156.0,156.0,150.0,150.0,155241.0
2026-09-08,TPEX,7713,威力德生醫,,,,,40.0
2026-09-08,TPEX,7714,創泓科技,162.0,162.0,155.5,155.5,171103.0
2026-09-08,TPEX,7715,裕山,28.65,28.9,28.65,28.7,50000.0
2026-09-08,TPEX,7716,昱臺國際,23.9,23.9,23.9,23.9,1306.0
2026-09-08,TPEX,7717,萊德光電-KY,493.5,510.0,456.0,466.0,1561682.0
2026-09-08,TPEX,7718,友鋮,46.6,46.6,46.5,46.6,22053.0
2026-09-08,TPEX,7723,築間,18.55,18.7,18.5,18.6,30093.0
2026-09-08,TPEX,7728,光焱科技,621.0,634.0,620.0,628.0,17718.0
2026-09-08,TPEX,7734,印能科技,2995.0,2995.0,2860.0,2910.0,192487.0
2026-09-08,TPEX,7738,東聯互動,165.0,176.0,164.5,168.0,81114.0
2026-09-08,TPEX,7743,金利食安,21.9,21.9,21.75,21.9,13256.0
2026-09-08,TPEX,7744,崴寶,555.0,555.0,508.0,523.0,477462.0
2026-09-08,TPEX,7747,昕奇雲端,,,,,51.0
2026-09-08,TPEX,7751,竑騰,1610.0,1620.0,1545.0,1545.0,158246.0
2026-09-08,TPEX,7753,星亞,36.55,36.8,36.5,36.5,12306.0
2026-09-08,TPEX,7757,金色三麥,88.8,89.0,88.8,89.0,2048.0
2026-09-08,TPEX,7767,仁大資訊,45.0,45.0,45.0,45.0,4481.0
2026-09-08,TPEX,7770,君曜,34.6,34.9,34.4,34.5,17014.0
2026-09-08,TPEX,7772,耀穎,131.0,131.0,131.0,131.0,149049.0
2026-09-08,TPEX,7777,能率亞洲,38.3,38.3,37.6,37.6,801524.0
2026-09-08,TPEX,7782,光速火箭,26.1,26.1,26.0,26.0,4250.0
2026-09-08,TPEX,7792,安葆,315.0,323.0,313.5,316.5,490675.0
2026-09-08,TPEX,7794,宏碁智新,34.8,34.8,30.0,33.0,399310.0
2026-09-08,TPEX,7805,威聯通,509.0,512.0,506.0,508.0,28330.0
2026-09-08,TPEX,7810,捷創科技,217.5,224.0,213.5,219.0,111868.0
2026-09-08,TPEX,7811,民盛,74.0,74.2,74.0,74.2,3003.0
2026-09-08,TPEX,7814,海昌生技,29.0,29.7,28.6,29.7,35132.0
2026-09-08,TPEX,7819,精誠金融,34.6,34.6,34.5,34.5,20428.0
2026-09-08,TPEX,7820,立盈,114.5,118.5,114.5,118.5,5067.0
2026-09-08,TPEX,7828,創新服務,1890.0,2055.0,1890.0,2035.0,802220.0
2026-09-08,TPEX,7839,達人網,43.5,44.3,42.1,43.95,15148.0
2026-09-08,TPEX,7842,天能綠電,97.3,101.0,97.3,98.2,9314.0
2026-09-08,TPEX,8024,佑華,12.85,13.4,12.85,13.05,66876.0
2026-09-08,TPEX,8027,鈦昇,181.5,187.0,175.5,177.0,4078854.0
2026-09-08,TPEX,8032,光菱,35.75,36.1,35.5,35.7,39298.0
2026-09-08,TPEX,8034,榮群,21.6,21.6,20.6,20.6,290562.0
2026-09-08,TPEX,8038,長園科,30.7,31.0,30.5,31.0,91758.0
2026-09-08,TPEX,8040,九暘,82.8,83.8,78.4,79.0,5062384.0
2026-09-08,TPEX,8042,金山電,121.5,121.5,112.0,113.0,10903000.0
2026-09-08,TPEX,8043,蜜望實,142.0,142.5,138.0,138.0,1613598.0
2026-09-08,TPEX,8044,網家,23.75,23.75,23.5,23.55,279678.0
2026-09-08,TPEX,8047,星雲,42.1,42.1,42.1,42.1,10007.0
2026-09-08,TPEX,8048,德勝,50.6,50.6,50.0,50.0,68374.0
2026-09-08,TPEX,8049,晶采,24.4,24.4,24.25,24.3,173491.0
2026-09-08,TPEX,8050,廣積,56.7,56.7,55.1,55.3,636702.0
2026-09-08,TPEX,8054,安國,84.5,86.4,83.3,83.3,1492723.0
2026-09-08,TPEX,8059,凱碩,13.3,13.45,13.25,13.4,126915.0
2026-09-08,TPEX,8064,東捷,134.5,134.5,134.5,134.5,7726064.0
2026-09-08,TPEX,8066,來思達,14.5,14.5,14.4,14.4,4779.0
2026-09-08,TPEX,8067,志旭,12.05,12.25,12.05,12.1,4034.0
2026-09-08,TPEX,8068,全達,17.0,17.05,16.7,16.8,19121.0
2026-09-08,TPEX,8069,元太,153.0,153.0,147.0,147.0,5283086.0
2026-09-08,TPEX,8071,能率網通,23.5,23.5,22.4,22.45,319471.0
2026-09-08,TPEX,8074,鉅橡,54.5,54.6,52.2,52.5,416282.0
2026-09-08,TPEX,8076,伍豐,21.95,22.05,21.7,22.0,593471.0
2026-09-08,TPEX,8077,洛碁,43.95,43.95,43.95,43.95,1005.0
2026-09-08,TPEX,8080,泰霖,28.65,28.65,28.55,28.6,11386.0
2026-09-08,TPEX,8083,瑞穎,157.0,158.0,156.5,157.5,38193.0
2026-09-08,TPEX,8084,巨虹,45.3,46.05,45.1,45.3,657166.0
2026-09-08,TPEX,8085,福華,15.3,15.6,15.1,15.15,260678.0
2026-09-08,TPEX,8086,宏捷科,113.0,114.0,110.0,110.0,1952694.0
2026-09-08,TPEX,8087,麗升能源,,,,,2.0
2026-09-08,TPEX,8088,品安,44.05,44.55,43.2,43.2,457897.0
2026-09-08,TPEX,8089,康全電訊,17.2,17.4,16.85,16.9,117459.0
2026-09-08,TPEX,8091,翔名,216.5,217.5,213.5,213.5,179139.0
2026-09-08,TPEX,8092,建暐,13.0,13.0,12.65,12.9,17056.0
2026-09-08,TPEX,8093,保銳,26.4,27.2,26.25,26.4,41965.0
2026-09-08,TPEX,8096,擎亞,107.0,107.0,100.5,101.0,2592296.0
2026-09-08,TPEX,8097,常珵,48.8,48.8,48.2,48.55,119667.0
2026-09-08,TPEX,8099,大世科,59.3,59.3,58.1,58.1,28585.0
2026-09-08,TPEX,8102,傑霖科技,67.6,67.6,66.7,67.2,5056.0
2026-09-08,TPEX,8107,大億金茂,12.4,12.8,12.3,12.35,55608.0
2026-09-08,TPEX,8109,博大,129.5,129.5,128.0,128.5,135256.0
2026-09-08,TPEX,8111,立碁,72.1,72.5,69.5,69.5,5857713.0
2026-09-08,TPEX,8121,越峰,27.65,27.65,27.0,27.0,340845.0
2026-09-08,TPEX,8147,正淩,141.0,141.0,135.0,137.0,419031.0
2026-09-08,TPEX,8155,博智,349.5,349.5,338.5,341.5,504345.0
2026-09-08,TPEX,8171,天宇,19.45,19.6,19.4,19.6,90756.0
2026-09-08,TPEX,8176,智捷,9.75,9.8,9.71,9.8,21717.0
2026-09-08,TPEX,8182,加高,40.5,40.5,38.65,38.65,350138.0
2026-09-08,TPEX,8183,精星,27.95,28.15,27.85,28.0,267695.0
2026-09-08,TPEX,8227,巨有科技,166.0,180.0,163.0,180.0,1635781.0
2026-09-08,TPEX,8234,新漢,66.8,68.4,65.1,66.9,788704.0
2026-09-08,TPEX,8240,華宏,55.9,55.9,52.3,52.3,3224557.0
2026-09-08,TPEX,8255,朋程,144.5,144.5,139.5,139.5,356150.0
2026-09-08,TPEX,8272,全景軟體,64.0,64.0,62.6,63.8,4230.0
2026-09-08,TPEX,8277,商丞,7.99,8.1,7.98,8.08,263051.0
2026-09-08,TPEX,8279,生展,78.1,79.1,78.0,78.2,18464.0
2026-09-08,TPEX,8284,三竹,66.2,66.2,66.2,66.2,1000.0
2026-09-08,TPEX,8289,泰藝,45.45,45.5,43.2,43.25,319853.0
2026-09-08,TPEX,8291,尚茂,31.0,31.2,30.0,30.0,23986.0
2026-09-08,TPEX,8299,群聯,2115.0,2160.0,2080.0,2085.0,2754769.0
2026-09-08,TPEX,8342,益張,85.2,86.0,85.2,86.0,4000.0
2026-09-08,TPEX,8349,恒耀,38.8,38.95,38.7,38.85,100187.0
2026-09-08,TPEX,8354,冠好,17.45,17.45,17.3,17.3,43486.0
2026-09-08,TPEX,8358,金居,520.0,528.0,512.0,520.0,3974009.0
2026-09-08,TPEX,8383,千附,66.5,66.5,64.6,64.7,773803.0
2026-09-08,TPEX,8390,金益鼎,96.6,98.7,96.3,97.9,324891.0
2026-09-08,TPEX,8401,白紗科,22.8,22.85,22.75,22.75,66703.0
2026-09-08,TPEX,8403,盛弘,19.15,19.15,18.9,18.95,57482.0
2026-09-08,TPEX,8409,商之器,18.1,18.25,18.1,18.25,11631.0
2026-09-08,TPEX,8410,森田,29.9,29.95,28.7,29.25,151408.0
2026-09-08,TPEX,8415,大國鋼,37.2,37.4,37.0,37.05,206345.0
2026-09-08,TPEX,8416,實威,169.5,169.5,168.5,168.5,2193.0
2026-09-08,TPEX,8421,旭源,12.35,12.7,12.35,12.7,175219.0
2026-09-08,TPEX,8423,保綠-KY,18.15,18.15,18.0,18.15,34156.0
2026-09-08,TPEX,8424,惠普,68.7,68.7,68.5,68.5,5062.0
2026-09-08,TPEX,8426,紅木-KY,20.55,20.8,20.35,20.8,9788.0
2026-09-08,TPEX,8431,匯鑽科,66.3,67.3,61.8,63.3,3595807.0
2026-09-08,TPEX,8432,東生華,50.2,50.5,50.0,50.3,33500.0
2026-09-08,TPEX,8433,弘帆,54.6,54.6,54.2,54.3,10002.0
2026-09-08,TPEX,8435,鉅邁,53.5,53.5,53.4,53.4,12425.0
2026-09-08,TPEX,8436,大江,111.5,111.5,109.0,109.0,374352.0
2026-09-08,TPEX,8437,大地-KY,9.1,9.19,8.88,9.18,11935.0
2026-09-08,TPEX,8440,綠電,20.3,20.3,19.9,20.0,36685.0
2026-09-08,TPEX,8444,綠河-KY,5.0,5.0,5.0,5.0,5155.0
2026-09-08,TPEX,8446,華研,85.4,85.5,85.0,85.1,28542.0
2026-09-08,TPEX,8450,霹靂,14.4,14.55,14.3,14.5,18890.0
2026-09-08,TPEX,8455,大拓-KY,23.7,23.7,22.75,22.75,7051.0
2026-09-08,TPEX,8472,夠麻吉,82.4,82.4,73.0,74.2,38101.0
2026-09-08,TPEX,8477,創業家,15.2,15.4,15.2,15.4,25420.0
2026-09-08,TPEX,8489,三貝德,22.2,22.2,21.8,22.0,30746.0
2026-09-08,TPEX,8905,裕國,,,,,1176.0
2026-09-08,TPEX,8906,花王,28.5,29.05,28.5,29.05,2042.0
2026-09-08,TPEX,8908,欣雄,40.2,40.85,40.2,40.4,27353.0
2026-09-08,TPEX,8916,光隆,41.3,41.3,41.0,41.0,18256.0
2026-09-08,TPEX,8917,欣泰,53.0,53.0,53.0,53.0,1162.0
2026-09-08,TPEX,8921,沈氏,,,,,0.0
2026-09-08,TPEX,8923,時報,18.4,18.4,18.15,18.15,2002.0
2026-09-08,TPEX,8924,大田,50.5,50.9,50.3,50.3,21380.0
2026-09-08,TPEX,8927,北基,19.35,19.4,19.1,19.1,102548.0
2026-09-08,TPEX,8928,鉅明,24.45,24.45,23.6,23.8,77426.0
2026-09-08,TPEX,8929,富堡,13.05,13.05,13.05,13.05,3799.0
2026-09-08,TPEX,8930,青鋼,29.9,29.9,29.65,29.65,16202.0
2026-09-08,TPEX,8931,大汽電,41.3,41.3,40.8,40.9,100047.0
2026-09-08,TPEX,8932,智通*,94.0,94.6,91.6,92.4,2009291.0
2026-09-08,TPEX,8933,愛地雅,4.6,4.6,4.51,4.56,41591.0
2026-09-08,TPEX,8935,邦泰,17.95,18.0,17.9,17.95,88479.0
2026-09-08,TPEX,8936,國統,50.2,50.4,50.0,50.1,931481.0
2026-09-08,TPEX,8937,合騏*,28.7,28.7,27.05,27.7,117998.0
2026-09-08,TPEX,8938,明安,52.6,52.6,51.6,52.0,33879.0
2026-09-08,TPEX,8941,關中,44.4,44.4,44.4,44.4,2031.0
2026-09-08,TPEX,8942,森鉅,42.1,42.1,41.75,41.85,119457.0
2026-09-08,TPEX,9949,琉園,24.45,24.45,23.9,24.4,34492.0
2026-09-08,TPEX,9950,萬國通,10.2,10.4,10.2,10.4,27001.0
2026-09-08,TPEX,9951,皇田,50.1,50.1,50.0,50.1,32307.0
2026-09-08,TPEX,9960,邁達康,30.3,31.0,29.45,30.0,23826.0
2026-09-08,TPEX,9962,有益,10.2,10.3,10.0,10.05,71293.0
