date,market,stock_id,name,open,high,low,close,volume
2026-08-25,TWSE,1101,台泥,24.95,25.7,24.65,24.7,46815406.0
2026-08-25,TWSE,1102,亞泥,34.95,35.15,34.6,34.8,6518204.0
2026-08-25,TWSE,1103,嘉泥,13.3,13.4,13.2,13.25,569387.0
2026-08-25,TWSE,1104,環泥,26.7,26.8,26.65,26.8,451809.0
2026-08-25,TWSE,1108,幸福,11.8,11.8,11.7,11.75,96683.0
2026-08-25,TWSE,1109,信大,13.6,13.6,13.5,13.55,83104.0
2026-08-25,TWSE,1110,東泥,15.95,16.1,15.85,15.9,138185.0
2026-08-25,TWSE,1201,味全,12.35,12.4,12.3,12.35,446088.0
2026-08-25,TWSE,1203,味王,44.1,44.4,44.1,44.4,3813.0
2026-08-25,TWSE,1210,大成,53.3,53.3,52.6,52.6,1382818.0
2026-08-25,TWSE,1213,大飲,7.24,7.52,7.01,7.17,57207.0
2026-08-25,TWSE,1215,卜蜂,112.0,112.0,107.5,109.0,1328703.0
2026-08-25,TWSE,1216,統一,76.8,77.5,76.2,77.4,12986766.0
2026-08-25,TWSE,1217,愛之味,10.05,10.05,9.97,10.05,466813.0
2026-08-25,TWSE,1218,泰山,14.8,14.8,14.45,14.55,1073503.0
2026-08-25,TWSE,1219,福壽,11.15,11.2,11.1,11.15,167237.0
2026-08-25,TWSE,1220,台榮,10.95,11.05,10.9,10.95,86569.0
2026-08-25,TWSE,1225,福懋油,24.75,25.1,24.55,24.65,36875.0
2026-08-25,TWSE,1227,佳格,29.4,29.4,29.0,29.05,483251.0
2026-08-25,TWSE,1229,聯華,42.4,42.5,41.75,41.9,1454382.0
2026-08-25,TWSE,1231,聯華食,82.4,82.4,81.1,81.1,301716.0
2026-08-25,TWSE,1232,大統益,159.5,159.5,156.0,157.0,76942.0
2026-08-25,TWSE,1233,天仁,28.9,28.9,28.2,28.35,19861.0
2026-08-25,TWSE,1234,黑松,33.4,33.6,33.25,33.6,34642.0
2026-08-25,TWSE,1235,興泰,38.2,38.2,36.2,36.4,23514.0
2026-08-25,TWSE,1236,宏亞,25.5,25.55,25.3,25.5,57444.0
2026-08-25,TWSE,1256,鮮活果汁-KY,179.5,179.5,177.0,178.5,26550.0
2026-08-25,TWSE,1301,台塑,59.0,59.3,55.9,57.0,41808955.0
2026-08-25,TWSE,1303,南亞,189.0,190.0,179.0,180.0,74410238.0
2026-08-25,TWSE,1304,台聚,12.25,12.3,11.75,11.85,2795344.0
2026-08-25,TWSE,1305,華夏,12.25,12.25,11.7,11.8,2077071.0
2026-08-25,TWSE,1307,三芳,31.15,31.2,30.7,30.8,506789.0
2026-08-25,TWSE,1308,亞聚,14.35,14.45,13.75,13.75,1507724.0
2026-08-25,TWSE,1309,台達化,13.3,13.35,12.95,13.05,2153808.0
2026-08-25,TWSE,1310,台苯,8.16,8.2,8.04,8.06,4148000.0
2026-08-25,TWSE,1312,國喬,12.0,12.15,11.75,11.8,3276973.0
2026-08-25,TWSE,1313,聯成,12.0,12.0,11.55,11.6,2174403.0
2026-08-25,TWSE,1314,中石化,8.23,8.27,7.97,7.98,29069019.0
2026-08-25,TWSE,1315,達新,65.8,66.3,65.8,66.2,12641.0
2026-08-25,TWSE,1316,上曜,11.55,11.95,11.2,11.3,10301476.0
2026-08-25,TWSE,1319,東陽,82.8,83.1,82.4,82.6,1122365.0
2026-08-25,TWSE,1321,大洋,32.4,32.4,32.1,32.3,56020.0
2026-08-25,TWSE,1323,永裕,21.6,21.6,21.5,21.6,8505.0
2026-08-25,TWSE,1324,地球,10.05,10.15,10.05,10.05,5391.0
2026-08-25,TWSE,1325,恆大,26.6,26.6,26.05,26.1,146714.0
2026-08-25,TWSE,1326,台化,59.9,60.5,56.3,57.1,33373804.0
2026-08-25,TWSE,1337,再生-KY,4.69,4.69,4.62,4.64,188159.0
2026-08-25,TWSE,1338,廣華-KY,14.6,14.65,14.5,14.5,49211.0
2026-08-25,TWSE,1339,昭輝,45.5,45.85,45.2,45.6,81683.0
2026-08-25,TWSE,1340,勝悅-KY,5.18,5.19,5.12,5.16,62161.0
2026-08-25,TWSE,1341,富林-KY,,,,,3.0
2026-08-25,TWSE,1342,八貫,103.5,104.0,103.0,103.0,106610.0
2026-08-25,TWSE,1402,遠東新,30.3,30.65,29.05,29.45,26253322.0
2026-08-25,TWSE,1409,新纖,24.65,24.9,24.3,24.3,8256139.0
2026-08-25,TWSE,1410,南染,25.35,25.5,25.0,25.3,65278.0
2026-08-25,TWSE,1413,宏洲,9.39,9.39,9.39,9.39,1062.0
2026-08-25,TWSE,1414,東和,20.5,20.6,19.35,19.35,417221.0
2026-08-25,TWSE,1416,廣豐,12.05,12.35,11.95,12.05,936765.0
2026-08-25,TWSE,1417,嘉裕,8.35,8.35,8.25,8.33,58339.0
2026-08-25,TWSE,1418,東華,17.95,17.95,17.6,17.85,15273.0
2026-08-25,TWSE,1419,新紡,66.9,67.1,65.6,66.0,63071.0
2026-08-25,TWSE,1423,利華,35.8,35.8,35.0,35.0,7102.0
2026-08-25,TWSE,1432,大魯閣,15.05,15.1,15.0,15.0,60707.0
2026-08-25,TWSE,1434,福懋,18.15,18.35,17.55,17.75,4746073.0
2026-08-25,TWSE,1435,中福,22.65,22.8,22.6,22.8,10432.0
2026-08-25,TWSE,1436,華友聯,38.75,38.95,38.6,38.8,99122.0
2026-08-25,TWSE,1437,勤益控,32.3,32.3,31.7,31.8,70951.0
2026-08-25,TWSE,1438,三地開發,22.55,22.6,22.4,22.45,24366.0
2026-08-25,TWSE,1439,雋揚,29.65,29.65,29.5,29.55,17048.0
2026-08-25,TWSE,1440,南紡,14.1,14.35,13.6,13.6,2270913.0
2026-08-25,TWSE,1441,大東,9.2,9.2,8.83,9.11,15021.0
2026-08-25,TWSE,1442,名軒,30.55,30.75,30.35,30.6,110642.0
2026-08-25,TWSE,1443,立益物流,25.2,25.3,25.2,25.2,20264.0
2026-08-25,TWSE,1444,力麗,7.56,7.71,7.3,7.31,2861422.0
2026-08-25,TWSE,1445,大宇,10.65,10.7,10.45,10.5,40452.0
2026-08-25,TWSE,1446,宏和,13.75,13.75,13.55,13.6,117395.0
2026-08-25,TWSE,1447,力鵬,7.2,7.28,6.95,6.97,1693228.0
2026-08-25,TWSE,1449,佳和,12.35,12.55,12.25,12.55,436769.0
2026-08-25,TWSE,1451,年興,17.35,17.35,17.25,17.35,138573.0
2026-08-25,TWSE,1452,宏益,11.5,11.55,11.4,11.5,65440.0
2026-08-25,TWSE,1453,大將,11.2,11.3,11.15,11.25,28425.0
2026-08-25,TWSE,1454,台富,12.35,12.35,12.2,12.35,23790.0
2026-08-25,TWSE,1455,集盛,10.2,10.25,9.95,10.0,1502316.0
2026-08-25,TWSE,1456,怡華,14.05,14.05,13.55,13.55,29280.0
2026-08-25,TWSE,1457,宜進,14.25,14.45,14.25,14.45,19137.0
2026-08-25,TWSE,1459,聯發,14.7,14.7,14.4,14.7,122560.0
2026-08-25,TWSE,1460,宏遠,6.68,6.8,6.64,6.77,133410.0
2026-08-25,TWSE,1463,強盛新,17.85,17.85,17.5,17.65,15121.0
2026-08-25,TWSE,1464,得力,10.3,10.35,10.25,10.35,147269.0
2026-08-25,TWSE,1465,偉全,12.15,12.2,12.0,12.05,94823.0
2026-08-25,TWSE,1466,聚隆,16.2,16.25,15.8,16.15,278467.0
2026-08-25,TWSE,1467,南緯,8.46,8.59,8.4,8.41,220929.0
2026-08-25,TWSE,1468,昶和,13.1,13.25,12.9,13.2,62136.0
2026-08-25,TWSE,1470,大統新創,23.35,23.85,23.25,23.8,24049.0
2026-08-25,TWSE,1471,首利,9.66,10.6,9.66,10.3,1787621.0
2026-08-25,TWSE,1472,三洋實業,87.2,88.0,87.2,87.5,41000.0
2026-08-25,TWSE,1473,台南,19.9,20.05,19.9,20.0,20996.0
2026-08-25,TWSE,1474,弘裕,10.05,10.05,9.93,10.05,74457.0
2026-08-25,TWSE,1475,業旺,26.5,26.5,26.5,26.5,3098.0
2026-08-25,TWSE,1476,儒鴻,315.0,317.5,314.0,315.0,866355.0
2026-08-25,TWSE,1477,聚陽,202.0,202.5,199.0,201.0,1239237.0
2026-08-25,TWSE,1503,士電,202.0,204.0,198.5,199.5,745250.0
2026-08-25,TWSE,1504,東元,72.5,75.5,71.3,71.5,16076936.0
2026-08-25,TWSE,1506,正道,10.25,10.25,10.2,10.25,128196.0
2026-08-25,TWSE,1512,瑞利,6.58,6.58,6.49,6.49,116223.0
2026-08-25,TWSE,1513,中興電,167.0,167.5,164.0,164.0,1508681.0
2026-08-25,TWSE,1514,亞力,103.5,103.5,101.0,101.5,816116.0
2026-08-25,TWSE,1515,力山,33.4,34.65,33.2,33.35,1731768.0
2026-08-25,TWSE,1516,川飛,15.1,15.5,14.6,14.6,12610.0
2026-08-25,TWSE,1517,利奇,11.5,11.5,11.25,11.3,315262.0
2026-08-25,TWSE,1519,華城,729.0,730.0,712.0,712.0,1099208.0
2026-08-25,TWSE,1521,大億,25.55,25.75,25.55,25.75,14074.0
2026-08-25,TWSE,1522,堤維西,28.15,28.35,27.9,28.3,338409.0
2026-08-25,TWSE,1524,耿鼎,27.45,27.5,27.2,27.45,213466.0
2026-08-25,TWSE,1525,江申,66.8,67.6,65.7,67.0,46048.0
2026-08-25,TWSE,1526,日馳,16.7,16.75,16.55,16.6,125575.0
2026-08-25,TWSE,1527,鑽全,32.75,32.75,32.45,32.6,157145.0
2026-08-25,TWSE,1528,恩德,18.8,18.95,18.6,18.65,391402.0
2026-08-25,TWSE,1529,樂事綠能,17.1,17.2,17.1,17.1,197174.0
2026-08-25,TWSE,1530,亞崴,29.55,29.55,29.2,29.2,21004.0
2026-08-25,TWSE,1531,高林股,13.1,13.2,13.05,13.15,231805.0
2026-08-25,TWSE,1532,勤美,23.1,23.25,22.9,23.05,146463.0
2026-08-25,TWSE,1533,車王電,33.0,33.0,31.75,31.85,171097.0
2026-08-25,TWSE,1535,中宇,46.25,46.25,45.55,45.95,29130.0
2026-08-25,TWSE,1536,和大,49.3,49.75,48.8,49.1,673071.0
2026-08-25,TWSE,1537,廣隆,120.5,120.5,119.5,120.0,107671.0
2026-08-25,TWSE,1538,正峰,9.0,9.0,8.96,8.96,3002.0
2026-08-25,TWSE,1539,巨庭,15.85,15.9,15.75,15.85,22405.0
2026-08-25,TWSE,1540,喬福,19.1,19.35,19.1,19.2,101075.0
2026-08-25,TWSE,1541,錩泰,21.45,21.85,21.35,21.75,13179.0
2026-08-25,TWSE,1558,伸興,100.0,103.5,99.1,102.5,110593.0
2026-08-25,TWSE,1560,中砂,681.0,702.0,678.0,680.0,588696.0
2026-08-25,TWSE,1563,巧新,63.5,64.0,62.0,63.0,1278701.0
2026-08-25,TWSE,1568,倉佑,29.1,29.2,28.65,28.65,108848.0
2026-08-25,TWSE,1582,信錦,73.6,74.0,72.9,73.0,218961.0
2026-08-25,TWSE,1583,程泰,52.1,52.1,51.0,51.5,45119.0
2026-08-25,TWSE,1587,吉茂,24.4,24.4,23.95,24.0,83976.0
2026-08-25,TWSE,1590,亞德客-KY,1425.0,1450.0,1415.0,1435.0,445918.0
2026-08-25,TWSE,1597,直得,133.0,137.0,131.5,131.5,788380.0
2026-08-25,TWSE,1598,岱宇,20.3,21.15,20.3,20.95,703040.0
2026-08-25,TWSE,1603,華電,30.85,31.15,30.8,31.1,168811.0
2026-08-25,TWSE,1604,聲寶,23.3,23.3,23.2,23.3,169352.0
2026-08-25,TWSE,1605,華新,37.8,39.4,37.8,38.1,31646041.0
2026-08-25,TWSE,1608,華榮,36.2,37.2,36.15,36.7,6270141.0
2026-08-25,TWSE,1609,大亞,37.05,37.9,37.05,37.35,2523372.0
2026-08-25,TWSE,1611,中電,12.4,12.4,12.05,12.2,697349.0
2026-08-25,TWSE,1612,宏泰,34.6,35.0,34.6,34.7,526951.0
2026-08-25,TWSE,1614,三洋電,30.8,30.85,30.7,30.8,31641.0
2026-08-25,TWSE,1615,大山,44.5,44.5,44.0,44.1,45102.0
2026-08-25,TWSE,1616,億泰,19.4,19.75,19.3,19.6,344523.0
2026-08-25,TWSE,1617,榮星,17.55,17.75,17.3,17.35,161513.0
2026-08-25,TWSE,1618,合機,39.1,39.4,38.7,39.4,456179.0
2026-08-25,TWSE,1623,大東電,202.0,202.0,198.0,198.0,106096.0
2026-08-25,TWSE,1626,艾美特-KY,9.6,9.61,9.56,9.6,62822.0
2026-08-25,TWSE,1702,南僑,33.1,33.15,32.75,33.05,129850.0
2026-08-25,TWSE,1707,葡萄王,90.1,90.7,89.4,90.6,384929.0
2026-08-25,TWSE,1708,東鹼,52.0,52.2,49.8,49.8,4920633.0
2026-08-25,TWSE,1709,和益,34.25,36.3,33.55,34.65,20640510.0
2026-08-25,TWSE,1710,東聯,15.8,15.85,15.15,15.3,4594336.0
2026-08-25,TWSE,1711,永光,40.25,42.9,39.8,41.4,8666046.0
2026-08-25,TWSE,1712,興農,39.65,39.9,39.45,39.8,726505.0
2026-08-25,TWSE,1713,國化,44.45,44.65,43.8,43.9,100838.0
2026-08-25,TWSE,1714,和桐,17.05,17.15,16.5,16.65,12910366.0
2026-08-25,TWSE,1717,長興,71.9,72.7,70.6,71.3,6475936.0
2026-08-25,TWSE,1718,中纖,10.7,10.85,10.45,10.75,16377721.0
2026-08-25,TWSE,1720,生達,57.0,57.2,56.9,57.1,256016.0
2026-08-25,TWSE,1721,三晃,19.9,20.15,19.55,19.6,379338.0
2026-08-25,TWSE,1722,台肥,46.6,46.75,46.05,46.2,4821744.0
2026-08-25,TWSE,1723,中碳,88.9,90.0,87.8,88.4,594489.0
2026-08-25,TWSE,1725,元禎,30.9,31.35,30.65,31.35,15055.0
2026-08-25,TWSE,1726,永記,77.8,78.2,77.7,77.8,7974.0
2026-08-25,TWSE,1727,中華化,89.8,93.0,88.9,90.0,3671937.0
2026-08-25,TWSE,1730,花仙子,51.3,51.7,51.2,51.3,23071.0
2026-08-25,TWSE,1731,美吾華,21.25,21.3,21.05,21.05,43833.0
2026-08-25,TWSE,1732,毛寶,26.5,26.55,26.35,26.35,134328.0
2026-08-25,TWSE,1733,五鼎,32.5,32.55,31.9,32.25,114650.0
2026-08-25,TWSE,1734,杏輝,32.75,32.75,32.0,32.55,181678.0
2026-08-25,TWSE,1735,日勝化,20.05,20.35,19.95,20.1,65501.0
2026-08-25,TWSE,1736,喬山,132.0,132.5,127.0,127.0,281508.0
2026-08-25,TWSE,1737,臺鹽,31.0,31.05,30.85,30.9,758767.0
2026-08-25,TWSE,1752,南光,31.8,31.85,31.7,31.8,31215.0
2026-08-25,TWSE,1760,寶齡富錦,58.6,58.7,58.2,58.2,97020.0
2026-08-25,TWSE,1762,中化生,36.3,36.3,35.65,36.2,103058.0
2026-08-25,TWSE,1773,勝一,160.0,162.0,160.0,160.0,389775.0
2026-08-25,TWSE,1776,展宇,16.95,17.0,16.8,16.8,43568.0
2026-08-25,TWSE,1783,和康生,40.45,40.45,40.05,40.35,58279.0
2026-08-25,TWSE,1786,科妍,51.0,51.0,49.7,49.9,63995.0
2026-08-25,TWSE,1789,神隆,19.45,19.45,19.05,19.2,224613.0
2026-08-25,TWSE,1795,美時,202.0,202.5,196.0,196.0,2264609.0
2026-08-25,TWSE,1802,台玻,57.6,58.3,56.9,56.9,17990067.0
2026-08-25,TWSE,1805,寶徠,10.05,10.15,10.05,10.15,97540.0
2026-08-25,TWSE,1806,冠軍,8.05,8.15,8.01,8.02,311623.0
2026-08-25,TWSE,1808,潤隆,37.05,37.35,35.4,35.7,3635477.0
2026-08-25,TWSE,1809,中釉,38.35,39.1,37.7,37.7,691871.0
2026-08-25,TWSE,1810,和成,25.55,25.8,25.15,25.15,2629350.0
2026-08-25,TWSE,1817,凱撒衛,40.05,40.05,39.9,40.0,16788.0
2026-08-25,TWSE,1903,士紙,49.05,50.0,48.55,49.05,162950.0
2026-08-25,TWSE,1904,正隆,26.0,26.45,25.7,25.75,3242882.0
2026-08-25,TWSE,1905,華紙,13.6,13.75,13.35,13.4,1182896.0
2026-08-25,TWSE,1906,寶隆,11.45,11.55,11.45,11.55,396962.0
2026-08-25,TWSE,1907,永豐餘,31.2,31.7,30.7,31.0,1218226.0
2026-08-25,TWSE,1909,榮成,11.2,11.3,10.9,10.95,3499776.0
2026-08-25,TWSE,2002,中鋼,19.5,19.7,19.2,19.2,24094140.0
2026-08-25,TWSE,2006,東和鋼鐵,82.9,84.0,81.8,82.5,2071020.0
2026-08-25,TWSE,2007,燁興,7.11,7.13,7.06,7.07,81872.0
2026-08-25,TWSE,2008,高興昌,30.6,30.7,30.5,30.5,12170.0
2026-08-25,TWSE,2009,第一銅,40.4,42.85,40.4,41.9,8264491.0
2026-08-25,TWSE,2010,春源,23.0,23.1,22.75,22.8,606363.0
2026-08-25,TWSE,2012,春雨,15.0,15.05,14.95,14.95,39838.0
2026-08-25,TWSE,2013,中鋼構,42.15,42.2,41.8,41.95,58677.0
2026-08-25,TWSE,2014,中鴻,17.55,17.7,17.3,17.3,1415389.0
2026-08-25,TWSE,2015,豐興,64.8,64.8,64.2,64.7,96800.0
2026-08-25,TWSE,2017,官田鋼,9.19,9.19,9.0,9.11,326213.0
2026-08-25,TWSE,2020,美亞,21.85,22.15,21.75,21.95,264860.0
2026-08-25,TWSE,2022,聚亨,7.78,7.84,7.74,7.77,275917.0
2026-08-25,TWSE,2023,燁輝,13.95,14.0,13.85,13.95,641220.0
2026-08-25,TWSE,2024,志聯,13.55,13.55,13.55,13.55,3010.0
2026-08-25,TWSE,2025,千興,13.1,13.2,12.7,12.95,729562.0
2026-08-25,TWSE,2027,大成鋼,51.0,52.3,50.5,51.0,15833188.0
2026-08-25,TWSE,2028,威致,15.95,15.95,15.75,15.8,83941.0
2026-08-25,TWSE,2029,盛餘,22.3,22.6,22.3,22.45,754366.0
2026-08-25,TWSE,2030,彰源,22.55,23.8,22.5,23.0,6543561.0
2026-08-25,TWSE,2031,新光鋼,46.65,47.25,46.0,46.1,1346440.0
2026-08-25,TWSE,2032,新鋼,17.5,17.65,17.25,17.35,775952.0
2026-08-25,TWSE,2033,佳大,21.9,22.35,21.4,22.0,604140.0
2026-08-25,TWSE,2034,允強,20.45,20.65,20.35,20.5,1115306.0
2026-08-25,TWSE,2038,海光,12.75,13.0,12.75,12.9,123216.0
2026-08-25,TWSE,2049,上銀,350.0,360.5,342.5,343.5,2903949.0
2026-08-25,TWSE,2059,川湖,13650.0,14720.0,13650.0,14410.0,564938.0
2026-08-25,TWSE,2062,橋椿,19.15,19.3,19.05,19.25,94760.0
2026-08-25,TWSE,2069,運錩,20.6,20.95,20.45,20.75,676396.0
2026-08-25,TWSE,2072,世紀風電,156.0,158.0,149.5,150.5,505858.0
2026-08-25,TWSE,2101,南港,33.25,33.65,33.05,33.5,1337520.0
2026-08-25,TWSE,2102,泰豐,18.9,18.9,18.5,18.65,321896.0
2026-08-25,TWSE,2103,台橡,28.6,28.8,27.65,28.3,6462701.0
2026-08-25,TWSE,2104,國際中橡,10.65,10.7,10.3,10.35,2350734.0
2026-08-25,TWSE,2105,正新,31.6,31.65,31.1,31.45,2593540.0
2026-08-25,TWSE,2106,建大,17.65,17.85,17.4,17.45,1058070.0
2026-08-25,TWSE,2107,厚生,26.95,27.1,26.35,26.65,349196.0
2026-08-25,TWSE,2108,南帝,31.5,31.55,30.2,30.25,1224694.0
2026-08-25,TWSE,2109,華豐,14.85,14.9,14.8,14.85,52388.0
2026-08-25,TWSE,2114,鑫永銓,88.6,88.6,88.2,88.4,11385.0
2026-08-25,TWSE,2115,六暉-KY,24.4,24.75,23.95,24.05,88583.0
2026-08-25,TWSE,2201,裕隆,29.3,29.3,28.75,29.1,2848403.0
2026-08-25,TWSE,2204,中華,55.0,55.0,53.9,54.3,806417.0
2026-08-25,TWSE,2206,三陽工業,64.5,64.6,63.6,64.0,430290.0
2026-08-25,TWSE,2207,和泰車,518.0,527.0,517.0,522.0,179166.0
2026-08-25,TWSE,2208,台船,19.3,19.45,19.2,19.2,1722872.0
2026-08-25,TWSE,2211,長榮鋼,84.7,85.2,84.0,84.8,367784.0
2026-08-25,TWSE,2227,裕日車,48.45,49.0,48.45,49.0,13700.0
2026-08-25,TWSE,2228,劍麟,75.5,75.5,74.3,74.3,166377.0
2026-08-25,TWSE,2231,為升,93.8,93.8,91.5,91.5,308914.0
2026-08-25,TWSE,2233,宇隆,175.5,177.0,171.0,174.5,920226.0
2026-08-25,TWSE,2236,百達-KY,121.5,122.0,120.5,122.0,81288.0
2026-08-25,TWSE,2237,華德動能-創,27.55,28.75,27.55,28.1,349237.0
2026-08-25,TWSE,2239,英利-KY,19.9,20.25,19.8,19.9,18065.0
2026-08-25,TWSE,2241,艾姆勒,34.65,35.75,33.85,33.9,661456.0
2026-08-25,TWSE,2243,宏旭-KY,40.1,40.5,39.75,39.75,100415.0
2026-08-25,TWSE,2247,汎德永業,225.0,226.0,225.0,226.0,4653.0
2026-08-25,TWSE,2248,華勝-KY,66.0,66.0,61.9,63.5,304100.0
2026-08-25,TWSE,2250,IKKA-KY,60.4,60.6,59.9,59.9,50927.0
2026-08-25,TWSE,2254,巨鎧精密-創,59.4,59.4,58.6,58.6,15000.0
2026-08-25,TWSE,2258,鴻華先進-創,31.95,32.05,31.2,31.45,328722.0
2026-08-25,TWSE,2301,光寶科,263.5,287.0,263.5,287.0,44389247.0
2026-08-25,TWSE,2302,麗正,42.45,44.2,42.2,42.65,1873624.0
2026-08-25,TWSE,2303,聯電,118.0,128.0,117.5,123.5,196622654.0
2026-08-25,TWSE,2305,全友,26.3,27.25,26.2,26.65,2230770.0
2026-08-25,TWSE,2308,台達電,1720.0,1775.0,1710.0,1735.0,4498318.0
2026-08-25,TWSE,2312,金寶,31.5,32.75,31.4,31.75,13286779.0
2026-08-25,TWSE,2313,華通,214.0,220.5,212.5,212.5,13628503.0
2026-08-25,TWSE,2314,台揚,10.85,11.9,10.85,11.9,287289.0
2026-08-25,TWSE,2316,楠梓電,159.0,161.5,154.0,155.5,1477778.0
2026-08-25,TWSE,2317,鴻海,246.0,246.5,243.5,243.5,23690554.0
2026-08-25,TWSE,2321,東訊,15.0,15.0,15.0,15.0,3037.0
2026-08-25,TWSE,2323,中環,10.95,10.95,10.65,10.7,4193727.0
2026-08-25,TWSE,2324,仁寶,40.0,42.6,39.5,41.6,136886767.0
2026-08-25,TWSE,2327,國巨*,557.0,580.0,551.0,551.0,23354983.0
2026-08-25,TWSE,2328,廣宇,44.9,45.5,44.85,44.9,1092532.0
2026-08-25,TWSE,2329,華泰,43.15,44.25,43.15,43.7,2306039.0
2026-08-25,TWSE,2330,台積電,2410.0,2410.0,2375.0,2375.0,13073210.0
2026-08-25,TWSE,2331,精英,19.85,20.0,19.6,19.6,862556.0
2026-08-25,TWSE,2332,友訊,20.3,20.85,20.3,20.35,12714797.0
2026-08-25,TWSE,2337,旺宏,121.0,128.0,119.5,124.0,39966925.0
2026-08-25,TWSE,2338,光罩,38.25,39.25,38.25,38.35,682696.0
2026-08-25,TWSE,2340,台亞,30.95,33.8,30.95,32.15,5924251.0
2026-08-25,TWSE,2342,茂矽,38.7,40.7,38.7,38.7,2354593.0
2026-08-25,TWSE,2344,華邦電,179.5,184.5,175.5,177.0,99392300.0
2026-08-25,TWSE,2345,智邦,2055.0,2130.0,2045.0,2070.0,1772738.0
2026-08-25,TWSE,2347,聯強,86.6,89.4,86.6,88.3,1514672.0
2026-08-25,TWSE,2348,海悅,72.4,73.0,71.1,71.6,240451.0
2026-08-25,TWSE,2349,錸德,11.0,11.05,10.9,10.95,791703.0
2026-08-25,TWSE,2351,順德,187.5,201.0,185.5,200.5,7898021.0
2026-08-25,TWSE,2352,佳世達,29.0,29.15,28.65,28.65,1844453.0
2026-08-25,TWSE,2353,宏碁,30.7,31.6,30.7,31.1,12582129.0
2026-08-25,TWSE,2354,鴻準,60.3,60.8,59.9,60.5,2904574.0
2026-08-25,TWSE,2355,敬鵬,41.8,42.35,41.55,41.65,1292180.0
2026-08-25,TWSE,2356,英業達,65.9,67.3,65.5,66.1,12846904.0
2026-08-25,TWSE,2357,華碩,919.0,939.0,916.0,923.0,1674244.0
2026-08-25,TWSE,2359,所羅門,150.0,151.0,145.5,145.5,6013586.0
2026-08-25,TWSE,2360,致茂,2105.0,2130.0,2065.0,2070.0,1048016.0
2026-08-25,TWSE,2362,藍天,47.3,49.0,47.2,48.85,1427228.0
2026-08-25,TWSE,2363,矽統,50.4,52.6,50.4,50.6,4165416.0
2026-08-25,TWSE,2364,倫飛,81.2,81.2,74.4,74.6,1241349.0
2026-08-25,TWSE,2365,昆盈,30.2,30.9,30.0,30.1,2621487.0
2026-08-25,TWSE,2367,燿華,42.2,43.1,42.05,42.5,2931547.0
2026-08-25,TWSE,2368,金像電,963.0,1000.0,946.0,948.0,4900373.0
2026-08-25,TWSE,2369,菱生,30.75,33.1,30.75,32.2,8377204.0
2026-08-25,TWSE,2371,大同,27.8,28.05,27.45,27.45,7303019.0
2026-08-25,TWSE,2373,震旦行,53.4,53.4,53.1,53.2,23372.0
2026-08-25,TWSE,2374,佳能,68.7,68.7,67.0,67.1,2351451.0
2026-08-25,TWSE,2375,凱美,122.5,125.0,120.0,120.5,1641092.0
2026-08-25,TWSE,2376,技嘉,338.5,343.5,337.0,341.0,2793179.0
2026-08-25,TWSE,2377,微星,142.0,145.0,141.5,144.0,6263930.0
2026-08-25,TWSE,2379,瑞昱,713.0,725.0,706.0,716.0,927419.0
2026-08-25,TWSE,2380,虹光,19.8,19.8,19.2,19.2,56733.0
2026-08-25,TWSE,2382,廣達,321.5,325.5,321.0,325.0,5764547.0
2026-08-25,TWSE,2383,台光電,5690.0,5705.0,5415.0,5430.0,1846142.0
2026-08-25,TWSE,2385,群光,105.5,106.5,105.5,105.5,1005275.0
2026-08-25,TWSE,2387,精元,36.4,36.5,36.2,36.35,219937.0
2026-08-25,TWSE,2388,威盛,73.8,74.9,72.1,72.1,2214243.0
2026-08-25,TWSE,2390,云辰,10.4,10.45,10.25,10.25,454732.0
2026-08-25,TWSE,2392,正崴,41.45,45.2,41.45,44.25,7794623.0
2026-08-25,TWSE,2393,億光,65.0,65.6,64.4,65.4,1338772.0
2026-08-25,TWSE,2395,研華,660.0,670.0,652.0,658.0,1514328.0
2026-08-25,TWSE,2397,友通,63.1,63.5,62.6,62.7,132802.0
2026-08-25,TWSE,2399,映泰,45.3,48.2,45.3,47.75,13956847.0
2026-08-25,TWSE,2401,凌陽,25.55,26.05,25.2,25.2,2074063.0
2026-08-25,TWSE,2402,毅嘉,54.8,56.7,54.4,54.4,1431635.0
2026-08-25,TWSE,2404,漢唐,1060.0,1075.0,1050.0,1065.0,596604.0
2026-08-25,TWSE,2405,輔信,15.4,15.55,15.4,15.5,871812.0
2026-08-25,TWSE,2406,國碩,28.7,29.1,28.3,28.3,2958296.0
2026-08-25,TWSE,2408,南亞科,521.0,538.0,500.0,501.0,71724193.0
2026-08-25,TWSE,2409,友達,25.7,26.1,25.25,25.25,72335126.0
2026-08-25,TWSE,2412,中華電,136.5,137.0,135.5,136.5,7091132.0
2026-08-25,TWSE,2413,環科,43.8,44.45,43.05,43.05,471162.0
2026-08-25,TWSE,2414,精技,52.2,52.6,51.6,52.5,260669.0
2026-08-25,TWSE,2415,錩新,31.05,31.05,29.95,30.15,282032.0
2026-08-25,TWSE,2417,圓剛,43.6,44.4,42.9,43.2,547503.0
2026-08-25,TWSE,2419,仲琦,24.9,24.9,24.5,24.5,168790.0
2026-08-25,TWSE,2420,新巨,57.6,57.8,56.9,57.2,526562.0
2026-08-25,TWSE,2421,建準,141.5,146.0,141.5,143.5,1242470.0
2026-08-25,TWSE,2423,固緯,75.6,75.6,73.4,73.4,77449.0
2026-08-25,TWSE,2424,隴華,7.9,8.8,7.83,8.37,17304.0
2026-08-25,TWSE,2425,承啟,37.55,38.1,37.25,37.9,1137563.0
2026-08-25,TWSE,2426,鼎元,84.9,90.4,82.5,82.6,63455238.0
2026-08-25,TWSE,2427,三商電,22.3,22.35,22.15,22.15,202713.0
2026-08-25,TWSE,2428,興勤,253.5,258.0,250.5,250.5,668910.0
2026-08-25,TWSE,2429,銘旺科,32.2,33.1,31.6,32.7,287287.0
2026-08-25,TWSE,2430,燦坤,17.55,17.8,17.4,17.8,48642.0
2026-08-25,TWSE,2431,聯昌,10.4,10.4,10.3,10.35,62045.0
2026-08-25,TWSE,2432,倚天酷碁-創,27.25,27.65,27.25,27.65,15020.0
2026-08-25,TWSE,2433,互盛電,41.65,41.8,41.6,41.7,44445.0
2026-08-25,TWSE,2434,統懋,49.3,53.5,49.15,53.5,869326.0
2026-08-25,TWSE,2436,偉詮電,63.1,65.7,62.9,63.2,3247359.0
2026-08-25,TWSE,2438,翔耀,17.9,18.5,17.8,18.2,33759.0
2026-08-25,TWSE,2439,美律,82.4,82.4,81.8,82.4,1349070.0
2026-08-25,TWSE,2440,太空梭,13.9,14.0,13.75,13.85,180648.0
2026-08-25,TWSE,2441,超豐,112.0,115.5,112.0,113.5,2962007.0
2026-08-25,TWSE,2442,新美齊,20.0,20.05,19.55,19.6,1900632.0
2026-08-25,TWSE,2444,兆勁,11.05,11.15,10.9,10.9,138357.0
2026-08-25,TWSE,2449,京元電子,231.5,243.0,231.0,239.0,13529160.0
2026-08-25,TWSE,2450,神腦,28.2,28.25,28.2,28.25,33745.0
2026-08-25,TWSE,2451,創見,317.0,329.5,312.0,316.0,16775302.0
2026-08-25,TWSE,2453,凌群,52.9,53.4,52.1,52.1,191149.0
2026-08-25,TWSE,2454,聯發科,3820.0,3825.0,3745.0,3765.0,3321459.0
2026-08-25,TWSE,2455,全新,401.5,405.5,381.5,381.5,3076652.0
2026-08-25,TWSE,2457,飛宏,23.05,23.35,22.75,22.9,735454.0
2026-08-25,TWSE,2458,義隆,140.5,140.5,139.0,139.0,688114.0
2026-08-25,TWSE,2459,敦吉,67.4,67.7,66.7,67.2,142084.0
2026-08-25,TWSE,2460,建通,29.0,29.1,28.65,28.9,255389.0
2026-08-25,TWSE,2461,光群雷,18.15,18.25,18.05,18.2,1275863.0
2026-08-25,TWSE,2462,良得電,19.55,19.7,19.3,19.55,190661.0
2026-08-25,TWSE,2464,盟立,177.0,191.0,175.0,187.5,11959456.0
2026-08-25,TWSE,2465,麗臺,85.2,93.3,85.2,91.7,5091709.0
2026-08-25,TWSE,2466,冠西電,104.5,106.0,101.0,101.0,3217950.0
2026-08-25,TWSE,2467,志聖,554.0,579.0,533.0,533.0,931944.0
2026-08-25,TWSE,2468,華經,34.15,34.35,33.8,34.0,145919.0
2026-08-25,TWSE,2471,資通,49.0,49.2,48.85,48.85,82384.0
2026-08-25,TWSE,2472,立隆電,218.5,225.0,218.5,220.0,981700.0
2026-08-25,TWSE,2474,可成,203.0,205.0,203.0,204.5,1747640.0
2026-08-25,TWSE,2476,鉅祥,116.0,118.0,114.0,115.5,858844.0
2026-08-25,TWSE,2477,美隆電,20.85,20.9,20.7,20.7,70823.0
2026-08-25,TWSE,2478,大毅,123.5,125.5,120.0,120.5,3004306.0
2026-08-25,TWSE,2480,敦陽科,160.0,160.5,158.5,160.5,110852.0
2026-08-25,TWSE,2481,強茂,134.0,137.5,133.5,134.0,9411577.0
2026-08-25,TWSE,2482,連宇,16.05,16.35,15.85,16.05,90892.0
2026-08-25,TWSE,2483,百容,35.8,37.05,35.8,36.1,577325.0
2026-08-25,TWSE,2484,希華,75.0,75.8,72.1,72.1,10926077.0
2026-08-25,TWSE,2485,兆赫,40.95,44.7,40.95,42.1,5542254.0
2026-08-25,TWSE,2486,一詮,247.0,257.0,243.5,249.0,14006202.0
2026-08-25,TWSE,2488,漢平,48.85,48.9,48.4,48.9,137839.0
2026-08-25,TWSE,2489,瑞軒,37.65,39.2,36.85,36.9,70237701.0
2026-08-25,TWSE,2491,吉祥全,39.45,40.0,38.0,38.7,1115366.0
2026-08-25,TWSE,2492,華新科,266.0,276.0,264.5,265.0,11549095.0
2026-08-25,TWSE,2493,揚博,176.5,181.5,174.0,174.0,1049684.0
2026-08-25,TWSE,2495,普安,37.45,38.05,37.3,37.5,1008218.0
2026-08-25,TWSE,2496,卓越,55.3,55.3,54.6,55.0,17859.0
2026-08-25,TWSE,2497,怡利電,45.95,46.2,45.15,45.3,157757.0
2026-08-25,TWSE,2498,宏達電,41.15,41.35,40.5,40.5,2290380.0
2026-08-25,TWSE,2501,國建,23.15,23.5,22.95,23.1,1018243.0
2026-08-25,TWSE,2504,國產,31.35,32.0,31.3,31.9,1801406.0
2026-08-25,TWSE,2505,國揚,17.5,17.55,17.3,17.5,280816.0
2026-08-25,TWSE,2506,太設,8.61,8.61,8.56,8.59,104744.0
2026-08-25,TWSE,2509,全坤建,14.85,14.85,14.6,14.65,68842.0
2026-08-25,TWSE,2511,太子,8.34,8.36,8.27,8.31,390787.0
2026-08-25,TWSE,2514,龍邦,12.05,12.05,11.9,12.0,93857.0
2026-08-25,TWSE,2515,中工,12.0,12.2,11.95,12.0,6582869.0
2026-08-25,TWSE,2516,新建,14.85,14.85,14.25,14.45,107674.0
2026-08-25,TWSE,2520,冠德,37.0,37.15,36.0,36.45,1055818.0
2026-08-25,TWSE,2524,京城,34.85,35.1,34.2,35.1,35853.0
2026-08-25,TWSE,2527,宏璟,43.1,43.5,42.8,42.8,457727.0
2026-08-25,TWSE,2528,皇普,20.45,20.65,20.3,20.45,186371.0
2026-08-25,TWSE,2530,華建,19.65,19.8,19.35,19.45,480562.0
2026-08-25,TWSE,2534,宏盛,17.4,17.4,17.15,17.25,269565.0
2026-08-25,TWSE,2535,達欣工,91.6,92.0,90.3,91.0,140384.0
2026-08-25,TWSE,2536,宏普,20.75,20.9,20.7,20.8,706489.0
2026-08-25,TWSE,2537,聯上發,11.8,11.8,11.5,11.5,717423.0
2026-08-25,TWSE,2538,基泰,9.1,9.17,9.04,9.07,430204.0
2026-08-25,TWSE,2539,櫻花建,36.5,36.5,34.95,35.05,1503629.0
2026-08-25,TWSE,2540,愛山林,47.45,47.45,46.2,46.3,522900.0
2026-08-25,TWSE,2542,興富發,48.8,48.85,48.05,48.3,7277704.0
2026-08-25,TWSE,2543,皇昌,38.7,39.5,38.6,38.65,414975.0
2026-08-25,TWSE,2545,皇翔,34.7,34.9,34.5,34.7,139850.0
2026-08-25,TWSE,2546,根基,114.0,114.0,106.0,107.0,526483.0
2026-08-25,TWSE,2547,日勝生,10.15,10.2,10.1,10.15,816385.0
2026-08-25,TWSE,2548,華固,97.7,98.3,96.4,96.6,529800.0
2026-08-25,TWSE,2597,潤弘,170.0,171.5,168.5,168.5,125775.0
2026-08-25,TWSE,2601,益航,8.03,8.03,7.1,7.22,20912344.0
2026-08-25,TWSE,2603,長榮,254.0,256.5,248.5,250.5,22432318.0
2026-08-25,TWSE,2605,新興,38.05,39.0,36.25,36.6,29783116.0
2026-08-25,TWSE,2606,裕民,73.5,76.0,72.1,72.3,14604626.0
2026-08-25,TWSE,2607,榮運,53.0,53.6,52.2,52.3,845363.0
2026-08-25,TWSE,2608,嘉里大榮,28.95,28.95,28.6,28.7,340331.0
2026-08-25,TWSE,2609,陽明,65.8,66.8,63.5,64.5,170173225.0
2026-08-25,TWSE,2610,華航,20.45,20.9,20.45,20.5,29481044.0
2026-08-25,TWSE,2611,志信,18.45,18.45,16.35,16.55,5731216.0
2026-08-25,TWSE,2612,中航,61.2,62.4,59.6,60.3,2003970.0
2026-08-25,TWSE,2613,中櫃,25.7,25.95,23.75,23.9,10527276.0
2026-08-25,TWSE,2614,東森,19.0,19.0,18.55,18.6,889078.0
2026-08-25,TWSE,2615,萬海,130.0,130.0,123.0,124.5,89461603.0
2026-08-25,TWSE,2616,山隆,13.55,13.55,13.4,13.5,61302.0
2026-08-25,TWSE,2617,台航,32.2,32.65,31.5,31.75,3000454.0
2026-08-25,TWSE,2618,長榮航,42.65,43.6,42.55,42.65,20270027.0
2026-08-25,TWSE,2630,亞航,50.8,51.7,50.3,50.7,1342362.0
2026-08-25,TWSE,2633,台灣高鐵,26.1,26.2,26.0,26.2,1463430.0
2026-08-25,TWSE,2634,漢翔,69.2,70.5,68.5,68.6,21260732.0
2026-08-25,TWSE,2636,台驊控股,77.4,78.9,73.5,74.6,3809703.0
2026-08-25,TWSE,2637,慧洋-KY,103.0,108.0,96.5,97.1,21718935.0
2026-08-25,TWSE,2642,宅配通,20.75,20.85,20.3,20.6,100029.0
2026-08-25,TWSE,2645,長榮航太,177.5,178.5,173.5,174.0,1921792.0
2026-08-25,TWSE,2646,星宇航空,21.3,21.45,21.25,21.3,2738937.0
2026-08-25,TWSE,2701,萬企,10.75,10.75,10.65,10.7,26605.0
2026-08-25,TWSE,2702,華園,12.6,12.6,12.45,12.6,29130.0
2026-08-25,TWSE,2704,國賓,46.4,46.65,45.8,45.8,88243.0
2026-08-25,TWSE,2705,六福,16.05,16.2,15.8,15.9,58513.0
2026-08-25,TWSE,2706,第一店,12.6,12.8,12.5,12.5,191428.0
2026-08-25,TWSE,2707,晶華,182.5,183.5,180.0,180.5,111906.0
2026-08-25,TWSE,2712,遠雄來,14.65,14.65,14.6,14.6,2000.0
2026-08-25,TWSE,2722,夏都,22.8,22.8,22.05,22.05,68661.0
2026-08-25,TWSE,2723,美食-KY,73.0,78.0,73.0,77.5,1877255.0
2026-08-25,TWSE,2727,王品,237.5,237.5,234.0,235.5,287983.0
2026-08-25,TWSE,2731,雄獅,147.0,147.0,145.0,145.5,173227.0
2026-08-25,TWSE,2739,寒舍,38.8,38.8,37.55,37.85,194275.0
2026-08-25,TWSE,2748,雲品,38.85,39.0,38.5,38.55,81995.0
2026-08-25,TWSE,2753,八方雲集,188.0,188.5,186.5,188.5,260921.0
2026-08-25,TWSE,2762,世界健身-KY,83.0,83.4,82.7,83.0,48596.0
2026-08-25,TWSE,2801,彰銀,24.1,24.2,23.85,24.0,8838735.0
2026-08-25,TWSE,2812,台中銀,18.85,19.1,18.8,19.05,11363006.0
2026-08-25,TWSE,2816,旺旺保,38.0,38.0,37.0,37.35,761790.0
2026-08-25,TWSE,2820,華票,16.35,16.45,16.3,16.45,998343.0
2026-08-25,TWSE,2832,台產,61.5,61.5,60.6,60.7,135585.0
2026-08-25,TWSE,2834,臺企銀,16.55,16.65,16.35,16.35,27028638.0
2026-08-25,TWSE,2836,高雄銀,12.1,12.15,12.05,12.1,938442.0
2026-08-25,TWSE,2838,聯邦銀,20.35,20.45,20.15,20.3,1275155.0
2026-08-25,TWSE,2845,遠東銀,13.65,13.7,13.55,13.6,10218398.0
2026-08-25,TWSE,2849,安泰銀,14.45,14.5,14.35,14.5,23515.0
2026-08-25,TWSE,2850,新產,168.5,169.0,164.0,164.5,193766.0
2026-08-25,TWSE,2851,中再保,46.9,47.3,42.55,42.85,10448817.0
2026-08-25,TWSE,2852,第一保,29.3,29.4,28.95,29.2,757744.0
2026-08-25,TWSE,2855,統一證,47.0,47.0,45.5,46.2,4285554.0
2026-08-25,TWSE,2880,華南金,39.5,40.25,39.15,39.25,12930557.0
2026-08-25,TWSE,2881,富邦金,135.0,135.0,131.0,132.0,13555025.0
2026-08-25,TWSE,2882,國泰金,101.0,101.0,98.8,98.9,10491603.0
2026-08-25,TWSE,2883,凱基金,31.75,31.95,30.7,31.0,36847710.0
2026-08-25,TWSE,2884,玉山金,38.0,38.25,37.75,38.15,25359791.0
2026-08-25,TWSE,2885,元大金,63.9,64.2,62.3,62.4,18133372.0
2026-08-25,TWSE,2886,兆豐金,46.85,47.15,46.4,46.85,20203847.0
2026-08-25,TWSE,2887,台新新光金,37.25,37.55,36.5,36.5,31001018.0
2026-08-25,TWSE,2889,國票金,15.75,15.8,15.6,15.65,3985078.0
2026-08-25,TWSE,2890,永豐金,39.55,39.8,38.95,38.95,17164821.0
2026-08-25,TWSE,2891,中信金,64.9,65.6,63.6,63.6,17542213.0
2026-08-25,TWSE,2892,第一金,33.55,33.8,33.25,33.55,23922167.0
2026-08-25,TWSE,2897,王道銀行,10.25,10.25,10.15,10.25,1607230.0
2026-08-25,TWSE,2901,欣欣,23.55,23.9,23.55,23.9,4588.0
2026-08-25,TWSE,2903,遠百,22.8,23.05,22.55,22.8,1699905.0
2026-08-25,TWSE,2904,匯僑,12.95,12.95,12.9,12.9,42732.0
2026-08-25,TWSE,2905,三商,17.6,17.6,17.3,17.3,936300.0
2026-08-25,TWSE,2906,高林,14.05,14.05,13.85,13.95,159294.0
2026-08-25,TWSE,2908,特力,21.8,22.0,21.8,22.0,198791.0
2026-08-25,TWSE,2910,統領,24.45,24.45,24.45,24.45,1068.0
2026-08-25,TWSE,2911,麗嬰房,6.72,6.72,6.52,6.68,156816.0
2026-08-25,TWSE,2912,統一超,222.5,224.0,220.0,223.5,2490906.0
2026-08-25,TWSE,2913,農林,11.3,11.35,11.2,11.25,1449599.0
2026-08-25,TWSE,2915,潤泰全,60.9,61.3,59.0,59.7,4564107.0
2026-08-25,TWSE,2923,鼎固-KY,24.6,25.45,24.45,24.55,58467.0
2026-08-25,TWSE,2929,淘帝-KY,5.75,5.75,5.63,5.69,49593.0
2026-08-25,TWSE,2939,永邑-KY,21.1,21.1,19.55,19.65,13000.0
2026-08-25,TWSE,2945,三商家購,40.3,40.3,39.95,40.0,9058.0
2026-08-25,TWSE,3002,歐格,17.15,17.15,16.8,17.0,85542.0
2026-08-25,TWSE,3003,健和興,64.0,64.4,63.9,63.9,332871.0
2026-08-25,TWSE,3004,豐達科,121.5,122.0,120.0,120.0,136780.0
2026-08-25,TWSE,3005,神基,117.0,117.0,115.5,116.0,1503799.0
2026-08-25,TWSE,3006,晶豪科,257.0,282.0,252.5,282.0,19416434.0
2026-08-25,TWSE,3008,大立光,5620.0,5700.0,5375.0,5385.0,2364421.0
2026-08-25,TWSE,3010,華立,126.5,128.5,126.5,126.5,199139.0
2026-08-25,TWSE,3011,今皓,10.8,10.8,10.55,10.6,336012.0
2026-08-25,TWSE,3013,晟銘電,83.8,85.5,83.0,84.9,696522.0
2026-08-25,TWSE,3014,聯陽,131.0,131.5,129.5,129.5,365156.0
2026-08-25,TWSE,3015,全漢,53.5,53.8,52.5,52.5,299275.0
2026-08-25,TWSE,3016,嘉晶,100.0,106.0,100.0,100.0,5558840.0
2026-08-25,TWSE,3017,奇鋐,2865.0,2935.0,2830.0,2855.0,2274318.0
2026-08-25,TWSE,3018,隆銘綠能,13.95,13.95,13.0,13.5,79497.0
2026-08-25,TWSE,3019,亞光,136.0,138.0,133.0,133.0,1556270.0
2026-08-25,TWSE,3021,鴻名,20.1,20.2,19.95,20.1,42466.0
2026-08-25,TWSE,3022,威強電,90.5,95.0,90.0,93.8,1846065.0
2026-08-25,TWSE,3023,信邦,322.0,324.5,317.0,318.0,459990.0
2026-08-25,TWSE,3024,憶聲,13.9,14.6,13.9,14.5,2178683.0
2026-08-25,TWSE,3025,星通,56.1,56.5,55.8,55.9,153741.0
2026-08-25,TWSE,3026,禾伸堂,645.0,670.0,621.0,643.0,12901313.0
2026-08-25,TWSE,3027,盛達,18.1,18.3,17.9,18.05,143418.0
2026-08-25,TWSE,3028,增你強,66.9,68.2,66.7,66.7,870197.0
2026-08-25,TWSE,3029,零壹,111.5,113.5,111.5,113.5,1034170.0
2026-08-25,TWSE,3030,德律,287.0,290.0,281.0,281.5,515556.0
2026-08-25,TWSE,3031,佰鴻,23.8,24.6,23.5,23.65,1602867.0
2026-08-25,TWSE,3032,偉訓,79.7,80.5,79.5,79.5,126232.0
2026-08-25,TWSE,3033,威健,45.6,47.4,45.55,46.8,5310917.0
2026-08-25,TWSE,3034,聯詠,530.0,545.0,528.0,542.0,3982588.0
2026-08-25,TWSE,3035,智原,170.5,176.0,168.0,170.0,1652604.0
2026-08-25,TWSE,3036,文曄,205.5,207.0,200.5,200.5,6928984.0
2026-08-25,TWSE,3037,欣興,1100.0,1120.0,1065.0,1075.0,10751981.0
2026-08-25,TWSE,3038,全台,20.4,20.6,20.4,20.6,50290.0
2026-08-25,TWSE,3040,遠見,38.95,38.95,38.0,38.4,72840.0
2026-08-25,TWSE,3041,揚智,22.35,22.75,22.3,22.3,490149.0
2026-08-25,TWSE,3042,晶技,186.5,187.5,177.5,177.5,12007976.0
2026-08-25,TWSE,3043,科風,21.35,21.35,20.85,21.2,68028.0
2026-08-25,TWSE,3044,健鼎,459.0,461.0,445.5,450.0,3079316.0
2026-08-25,TWSE,3045,台灣大,115.0,115.0,114.0,115.0,9496643.0
2026-08-25,TWSE,3046,建碁,58.3,58.3,57.0,57.0,251798.0
2026-08-25,TWSE,3047,訊舟,13.85,13.95,13.7,13.75,289165.0
2026-08-25,TWSE,3048,益登,56.0,57.0,55.7,55.7,1027722.0
2026-08-25,TWSE,3049,精金,12.7,12.7,12.6,12.7,10131116.0
2026-08-25,TWSE,3050,鈺德,11.6,11.7,11.5,11.6,375861.0
2026-08-25,TWSE,3051,力特,22.7,23.5,22.65,23.05,541020.0
2026-08-25,TWSE,3052,夆典,11.2,11.35,11.15,11.25,465024.0
2026-08-25,TWSE,3054,立萬利,53.3,53.9,51.9,51.9,97033.0
2026-08-25,TWSE,3055,蔚華科,109.5,111.5,107.0,109.5,676536.0
2026-08-25,TWSE,3056,富華新,14.4,14.45,14.1,14.2,549468.0
2026-08-25,TWSE,3057,喬鼎,17.1,17.25,16.6,16.6,71252.0
2026-08-25,TWSE,3058,立德,8.37,8.38,8.15,8.18,229739.0
2026-08-25,TWSE,3059,華晶科,39.6,39.95,39.2,39.2,915761.0
2026-08-25,TWSE,3060,銘異,27.45,27.8,27.35,27.4,466305.0
2026-08-25,TWSE,3062,建漢,20.65,21.25,20.55,20.55,1436246.0
2026-08-25,TWSE,3090,日電貿,164.5,169.0,163.0,163.0,3998293.0
2026-08-25,TWSE,3092,鴻碩,24.3,24.9,24.3,24.55,211737.0
2026-08-25,TWSE,3094,聯傑,36.15,38.6,36.15,38.0,2589333.0
2026-08-25,TWSE,3130,一零四,213.5,214.0,212.5,213.0,46561.0
2026-08-25,TWSE,3135,凌航,175.0,183.0,173.5,177.0,4831971.0
2026-08-25,TWSE,3138,耀登,92.1,94.0,92.1,92.7,92314.0
2026-08-25,TWSE,3149,正達,65.0,65.7,64.0,64.1,3237004.0
2026-08-25,TWSE,3150,鈺寶-創,17.15,17.2,16.9,16.9,21039.0
2026-08-25,TWSE,3164,景岳,15.95,15.95,15.95,15.95,5572.0
2026-08-25,TWSE,3167,大量,715.0,753.0,665.0,665.0,5852675.0
2026-08-25,TWSE,3168,眾福科,41.6,41.6,41.3,41.3,6005.0
2026-08-25,TWSE,3189,景碩,814.0,842.0,791.0,794.0,11764951.0
2026-08-25,TWSE,3209,全科,51.8,52.8,51.8,52.2,2038929.0
2026-08-25,TWSE,3229,晟鈦,61.3,61.4,58.8,59.7,4835973.0
2026-08-25,TWSE,3231,緯創,176.0,177.5,173.5,175.5,20241627.0
2026-08-25,TWSE,3257,虹冠電,49.55,50.2,49.3,49.3,168299.0
2026-08-25,TWSE,3266,昇陽,14.0,14.0,13.95,14.0,17054.0
2026-08-25,TWSE,3296,勝德,24.0,24.35,23.35,24.35,17603.0
2026-08-25,TWSE,3305,昇貿,108.0,110.0,107.5,107.5,766667.0
2026-08-25,TWSE,3308,聯德,20.35,20.4,20.0,20.05,32139.0
2026-08-25,TWSE,3311,閎暉,31.75,32.2,31.55,31.95,96244.0
2026-08-25,TWSE,3312,弘憶股,51.9,52.0,51.0,51.0,652089.0
2026-08-25,TWSE,3321,同泰,18.0,18.2,17.9,18.0,94027.0
2026-08-25,TWSE,3338,泰碩,61.5,61.6,60.4,60.9,146293.0
2026-08-25,TWSE,3346,麗清,20.6,20.6,20.0,20.15,179317.0
2026-08-25,TWSE,3356,奇偶,63.3,63.4,62.0,62.2,598690.0
2026-08-25,TWSE,3376,新日興,185.5,191.0,183.5,186.5,2406536.0
2026-08-25,TWSE,3380,明泰,27.55,27.8,27.1,27.15,754925.0
2026-08-25,TWSE,3406,玉晶光,670.0,707.0,656.0,657.0,4085580.0
2026-08-25,TWSE,3413,京鼎,285.0,288.5,284.0,284.5,612856.0
2026-08-25,TWSE,3416,融程電,177.5,179.5,175.0,175.0,135143.0
2026-08-25,TWSE,3419,譁裕,12.35,12.35,11.95,12.2,77345.0
2026-08-25,TWSE,3432,台端,14.7,15.2,14.6,14.6,21156.0
2026-08-25,TWSE,3437,榮創,17.6,18.4,17.6,17.8,732911.0
2026-08-25,TWSE,3443,創意,5635.0,5690.0,5350.0,5365.0,1656444.0
2026-08-25,TWSE,3447,展達,27.4,28.0,27.4,27.45,82129.0
2026-08-25,TWSE,3450,聯鈞,547.0,550.0,506.0,507.0,10502677.0
2026-08-25,TWSE,3481,群創,46.05,46.95,45.45,45.45,122839516.0
2026-08-25,TWSE,3494,誠研,7.17,7.17,7.0,7.1,101280.0
2026-08-25,TWSE,3501,維熹,40.0,40.1,39.75,39.9,105723.0
2026-08-25,TWSE,3504,揚明光,79.9,83.5,78.0,78.0,2673958.0
2026-08-25,TWSE,3515,華擎,221.0,222.5,218.5,221.0,323335.0
2026-08-25,TWSE,3518,柏騰,27.75,27.95,27.15,27.4,183446.0
2026-08-25,TWSE,3528,安馳,84.9,84.9,83.4,83.4,102124.0
2026-08-25,TWSE,3530,晶相光,55.3,56.2,55.3,56.2,64034.0
2026-08-25,TWSE,3532,台勝科,344.5,376.5,344.5,376.5,7236642.0
2026-08-25,TWSE,3533,嘉澤,1615.0,1635.0,1600.0,1610.0,842330.0
2026-08-25,TWSE,3535,晶彩科,87.0,87.5,85.5,85.5,383958.0
2026-08-25,TWSE,3543,州巧,44.4,44.7,39.7,41.4,5466396.0
2026-08-25,TWSE,3545,敦泰,50.4,50.9,49.95,50.2,474288.0
2026-08-25,TWSE,3550,聯穎,22.9,23.55,22.9,23.0,919697.0
2026-08-25,TWSE,3557,嘉威,24.45,24.5,24.35,24.35,29678.0
2026-08-25,TWSE,3563,牧德,673.0,683.0,665.0,665.0,276872.0
2026-08-25,TWSE,3576,聯合再生,17.3,17.55,17.0,17.0,6960137.0
2026-08-25,TWSE,3583,辛耘,704.0,727.0,688.0,688.0,686842.0
2026-08-25,TWSE,3588,通嘉,52.3,53.1,52.0,52.0,86192.0
2026-08-25,TWSE,3591,艾笛森,21.1,21.9,20.8,21.4,596818.0
2026-08-25,TWSE,3592,瑞鼎,225.5,229.0,223.5,224.5,240118.0
2026-08-25,TWSE,3593,力銘,11.0,11.0,10.8,11.0,21333.0
2026-08-25,TWSE,3596,智易,160.5,162.5,160.0,160.0,1101035.0
2026-08-25,TWSE,3605,宏致,109.0,119.0,108.5,115.5,14380707.0
2026-08-25,TWSE,3607,谷崧,14.2,14.4,13.95,14.0,122180.0
2026-08-25,TWSE,3617,碩天,261.5,261.5,250.5,257.5,1018736.0
2026-08-25,TWSE,3622,洋華,52.7,54.5,52.6,53.8,1731467.0
2026-08-25,TWSE,3645,達邁,65.2,66.5,65.0,65.2,483415.0
2026-08-25,TWSE,3652,精聯,33.6,33.8,33.2,33.25,147042.0
2026-08-25,TWSE,3653,健策,5280.0,5490.0,5110.0,5155.0,1962404.0
2026-08-25,TWSE,3661,世芯-KY,3730.0,3795.0,3680.0,3735.0,1136509.0
2026-08-25,TWSE,3665,貿聯-KY,2275.0,2275.0,2050.0,2050.0,4781290.0
2026-08-25,TWSE,3669,圓展,38.35,38.35,37.45,37.45,155997.0
2026-08-25,TWSE,3673,TPK-KY,64.8,67.0,63.0,63.1,9209008.0
2026-08-25,TWSE,3679,新至陞,110.5,110.5,109.5,109.5,21465.0
2026-08-25,TWSE,3686,達能,14.3,14.6,14.3,14.45,58480.0
2026-08-25,TWSE,3694,海華,50.9,51.1,50.1,50.2,782000.0
2026-08-25,TWSE,3701,大眾控,40.75,41.2,39.8,39.8,508632.0
2026-08-25,TWSE,3702,大聯大,112.5,113.0,111.0,111.0,9956028.0
2026-08-25,TWSE,3703,欣陸,19.65,19.95,19.65,19.8,1744498.0
2026-08-25,TWSE,3704,合勤控,41.75,42.65,41.5,41.9,994642.0
2026-08-25,TWSE,3705,永信,55.7,56.1,55.1,55.8,179034.0
2026-08-25,TWSE,3706,神達,90.7,92.8,90.5,92.1,9405467.0
2026-08-25,TWSE,3708,上緯投控,104.0,104.5,103.0,103.0,373039.0
2026-08-25,TWSE,3711,日月光投控,586.0,601.0,585.0,592.0,7820797.0
2026-08-25,TWSE,3712,永崴投控,20.8,21.2,20.55,20.7,1117422.0
2026-08-25,TWSE,3714,富采,57.8,60.4,57.2,57.2,12114622.0
2026-08-25,TWSE,3715,定穎投控,107.0,112.5,107.0,108.0,2600297.0
2026-08-25,TWSE,3716,中化控股,36.1,36.6,35.8,36.1,782261.0
2026-08-25,TWSE,3717,聯嘉投控,22.5,22.75,22.15,22.45,1300568.0
2026-08-25,TWSE,4104,佳醫,71.7,71.8,71.3,71.8,51607.0
2026-08-25,TWSE,4106,雃博,24.6,24.7,24.3,24.7,83713.0
2026-08-25,TWSE,4108,懷特,11.4,11.5,10.95,11.05,306410.0
2026-08-25,TWSE,4119,旭富,52.0,52.3,51.7,51.9,63612.0
2026-08-25,TWSE,4133,亞諾法,21.3,21.3,20.75,20.8,124134.0
2026-08-25,TWSE,4137,麗豐-KY,90.1,90.1,88.0,88.5,414727.0
2026-08-25,TWSE,4142,國光生,18.35,18.55,17.8,17.8,1636513.0
2026-08-25,TWSE,4148,全宇生技-KY,32.25,32.25,31.85,31.9,9128.0
2026-08-25,TWSE,4155,訊映,14.8,14.8,14.4,14.45,274872.0
2026-08-25,TWSE,4164,承業醫,26.6,26.6,26.4,26.4,271069.0
2026-08-25,TWSE,4169,泰宗,158.5,161.0,156.5,157.0,114748.0
2026-08-25,TWSE,4178,永笙-KY,17.55,17.55,17.3,17.3,61662.0
2026-08-25,TWSE,4190,佐登-KY,25.0,25.55,25.0,25.15,11491.0
2026-08-25,TWSE,4195,基米-創,14.6,14.6,14.25,14.25,19724.0
2026-08-25,TWSE,4306,炎洲,15.3,15.45,15.15,15.2,588993.0
2026-08-25,TWSE,4414,如興,8.36,8.44,8.32,8.41,76372.0
2026-08-25,TWSE,4426,利勤,7.82,7.83,7.75,7.81,139505.0
2026-08-25,TWSE,4438,廣越,60.3,60.7,60.2,60.4,63879.0
2026-08-25,TWSE,4439,冠星-KY,97.2,98.1,97.1,97.2,19128.0
2026-08-25,TWSE,4440,宜新實業,17.6,17.6,17.5,17.5,34134.0
2026-08-25,TWSE,4441,振大環球,180.5,180.5,177.0,177.0,67593.0
2026-08-25,TWSE,4526,東台,29.9,30.1,29.55,29.7,542809.0
2026-08-25,TWSE,4532,瑞智,24.2,24.25,23.95,24.1,383117.0
2026-08-25,TWSE,4536,拓凱,172.0,172.5,170.5,171.5,98571.0
2026-08-25,TWSE,4540,全球傳動,57.8,58.8,56.8,56.8,997649.0
2026-08-25,TWSE,4545,銘鈺,32.5,32.6,31.9,32.3,59104.0
2026-08-25,TWSE,4551,智伸科,156.5,158.0,153.0,154.0,490806.0
2026-08-25,TWSE,4552,力達-KY,17.75,17.75,17.5,17.6,64386.0
2026-08-25,TWSE,4555,氣立,46.4,46.8,45.5,45.9,77976.0
2026-08-25,TWSE,4557,永新-KY,51.8,52.0,51.6,51.9,6256.0
2026-08-25,TWSE,4560,強信-KY,33.2,33.2,32.65,33.15,525004.0
2026-08-25,TWSE,4562,穎漢,31.15,31.6,31.0,31.1,87916.0
2026-08-25,TWSE,4564,元翎,17.05,17.05,16.75,16.9,281937.0
2026-08-25,TWSE,4566,時碩工業,66.5,67.0,65.3,65.5,1300442.0
2026-08-25,TWSE,4569,六方科-KY,159.0,161.5,159.0,160.5,10137.0
2026-08-25,TWSE,4571,鈞興-KY,158.0,159.0,156.0,156.0,96562.0
2026-08-25,TWSE,4572,駐龍,140.0,140.0,138.5,140.0,8047.0
2026-08-25,TWSE,4576,大銀微系統,207.0,207.0,198.0,198.0,1011856.0
2026-08-25,TWSE,4581,光隆精密-KY,47.8,47.8,47.55,47.75,6362.0
2026-08-25,TWSE,4582,聚恆-創,23.9,23.95,23.15,23.6,125300.0
2026-08-25,TWSE,4583,台灣精銳,470.0,476.5,464.5,471.0,54496.0
2026-08-25,TWSE,4585,達明,297.5,297.5,290.5,292.5,159699.0
2026-08-25,TWSE,4588,玖鼎電力,52.2,52.2,51.7,51.7,23327.0
2026-08-25,TWSE,4590,富田-創,88.5,88.5,85.8,85.8,360773.0
2026-08-25,TWSE,4720,德淵,17.85,18.05,17.7,17.95,339586.0
2026-08-25,TWSE,4722,國精化,204.0,206.5,201.5,202.5,364430.0
2026-08-25,TWSE,4736,泰博,143.5,144.0,140.0,140.5,400272.0
2026-08-25,TWSE,4737,華廣,57.2,57.3,56.5,56.5,20717.0
2026-08-25,TWSE,4739,康普,84.4,85.2,83.2,84.1,955984.0
2026-08-25,TWSE,4746,台耀,50.7,51.2,49.9,50.0,977032.0
2026-08-25,TWSE,4755,三福化,116.0,120.5,116.0,116.5,305108.0
2026-08-25,TWSE,4763,材料*-KY,47.5,47.55,45.8,46.8,17473221.0
2026-08-25,TWSE,4764,雙鍵,217.0,220.0,206.5,206.5,1002538.0
2026-08-25,TWSE,4766,南寶,350.0,358.0,348.0,353.5,221550.0
2026-08-25,TWSE,4770,上品,212.5,212.5,206.0,206.0,377764.0
2026-08-25,TWSE,4771,望隼,202.5,202.5,198.5,200.5,125856.0
2026-08-25,TWSE,4807,日成-KY,30.45,30.45,27.8,27.8,851690.0
2026-08-25,TWSE,4904,遠傳,101.5,102.0,100.5,101.5,4418922.0
2026-08-25,TWSE,4906,正文,34.5,34.95,33.8,34.0,2298265.0
2026-08-25,TWSE,4912,聯德控股-KY,91.0,91.5,87.6,89.9,847247.0
2026-08-25,TWSE,4915,致伸,60.9,61.0,60.3,60.5,1158200.0
2026-08-25,TWSE,4916,事欣科,98.8,100.5,98.5,98.6,1042972.0
2026-08-25,TWSE,4919,新唐,116.0,121.0,114.5,116.0,3214949.0
2026-08-25,TWSE,4927,泰鼎-KY,32.75,35.55,32.75,34.7,3516806.0
2026-08-25,TWSE,4930,燦星網,16.1,16.1,15.9,16.0,35807.0
2026-08-25,TWSE,4934,太極,14.45,14.45,14.15,14.2,292595.0
2026-08-25,TWSE,4935,茂林-KY,34.1,34.45,34.0,34.05,47437.0
2026-08-25,TWSE,4938,和碩,88.7,89.9,88.6,89.3,4123757.0
2026-08-25,TWSE,4942,嘉彰,33.3,33.3,33.0,33.25,149742.0
2026-08-25,TWSE,4943,康控-KY,8.59,8.59,8.25,8.31,10003.0
2026-08-25,TWSE,4949,有成精密,70.9,71.0,69.8,70.0,238939.0
2026-08-25,TWSE,4952,凌通,51.1,51.8,50.3,50.6,338714.0
2026-08-25,TWSE,4956,光鋐,34.95,36.75,34.2,36.75,3249545.0
2026-08-25,TWSE,4958,臻鼎-KY,440.0,446.5,433.5,435.5,12795888.0
2026-08-25,TWSE,4960,誠美材,20.8,21.15,20.7,20.85,1259799.0
2026-08-25,TWSE,4961,天鈺,168.0,168.0,164.0,165.0,158629.0
2026-08-25,TWSE,4967,十銓,277.0,291.5,276.0,278.0,12526281.0
2026-08-25,TWSE,4968,立積,90.8,91.4,90.0,90.0,232980.0
2026-08-25,TWSE,4976,佳凌,38.8,40.15,37.4,37.4,2695344.0
2026-08-25,TWSE,4977,眾達-KY,150.0,154.0,145.0,145.0,2354174.0
2026-08-25,TWSE,4989,榮科,61.9,62.8,60.6,60.7,2021213.0
2026-08-25,TWSE,4994,傳奇,83.2,84.5,82.5,84.5,5116.0
2026-08-25,TWSE,4999,鑫禾,18.9,18.9,18.8,18.9,20966.0
2026-08-25,TWSE,5007,三星,55.9,56.4,55.9,56.4,33462.0
2026-08-25,TWSE,5203,訊連,58.6,59.3,58.5,58.5,78745.0
2026-08-25,TWSE,5215,科嘉-KY,40.5,40.5,39.85,40.0,43197.0
2026-08-25,TWSE,5222,全訊,107.5,107.5,105.0,105.5,137626.0
2026-08-25,TWSE,5225,東科-KY,59.6,59.9,59.0,59.6,193359.0
2026-08-25,TWSE,5234,達興材料,304.0,307.0,299.5,300.0,166146.0
2026-08-25,TWSE,5236,凌陽創新,135.5,137.0,135.0,135.0,67207.0
2026-08-25,TWSE,5243,乙盛-KY,88.3,91.3,87.9,89.3,801175.0
2026-08-25,TWSE,5244,弘凱,34.0,35.0,33.95,34.1,142664.0
2026-08-25,TWSE,5258,虹堡,47.6,48.4,46.9,48.0,305579.0
2026-08-25,TWSE,5269,祥碩,1430.0,1430.0,1400.0,1400.0,165605.0
2026-08-25,TWSE,5283,禾聯碩,58.5,59.2,58.0,59.2,163209.0
2026-08-25,TWSE,5284,jpp-KY,332.5,332.5,318.0,318.5,529004.0
2026-08-25,TWSE,5285,界霖,76.4,80.9,76.4,77.9,1171470.0
2026-08-25,TWSE,5288,豐祥-KY,189.0,192.0,189.0,190.0,42595.0
2026-08-25,TWSE,5292,華懋,212.0,222.0,202.0,210.5,733695.0
2026-08-25,TWSE,5306,桂盟,95.5,95.6,94.5,94.6,63337.0
2026-08-25,TWSE,5388,中磊,77.9,78.6,77.6,77.6,2131146.0
2026-08-25,TWSE,5434,崇越,513.0,525.0,513.0,521.0,345754.0
2026-08-25,TWSE,5469,瀚宇博,71.4,72.4,70.6,70.6,1187307.0
2026-08-25,TWSE,5471,松翰,57.1,57.6,56.1,56.1,834770.0
2026-08-25,TWSE,5484,慧友,41.1,41.25,40.55,40.8,203879.0
2026-08-25,TWSE,5515,建國,54.8,55.3,52.9,53.4,838346.0
2026-08-25,TWSE,5519,隆大,27.95,28.0,27.75,27.85,100199.0
2026-08-25,TWSE,5521,工信,11.1,11.25,10.85,11.05,2056432.0
2026-08-25,TWSE,5522,遠雄,64.2,64.6,63.5,63.5,315267.0
2026-08-25,TWSE,5525,順天,22.6,22.65,22.25,22.35,46170.0
2026-08-25,TWSE,5531,鄉林,7.56,7.56,7.38,7.4,396555.0
2026-08-25,TWSE,5533,皇鼎,14.0,14.0,13.9,13.95,86689.0
2026-08-25,TWSE,5534,長虹,80.5,80.8,79.8,80.2,2612624.0
2026-08-25,TWSE,5538,東明-KY,37.35,38.3,36.9,37.35,90031.0
2026-08-25,TWSE,5546,永固-KY,14.0,14.3,13.7,13.85,57045.0
2026-08-25,TWSE,5607,遠雄港,56.4,58.3,55.0,55.5,2416355.0
2026-08-25,TWSE,5608,四維航,19.05,19.5,18.0,18.0,47067041.0
2026-08-25,TWSE,5706,鳳凰,45.85,45.85,45.15,45.45,79164.0
2026-08-25,TWSE,5871,中租-KY,115.0,117.0,114.0,115.5,5094890.0
2026-08-25,TWSE,5876,上海商銀,44.1,44.35,43.4,43.4,4049402.0
2026-08-25,TWSE,5880,合庫金,25.1,25.2,24.85,25.0,7888175.0
2026-08-25,TWSE,5906,台南-KY,,,,,20.0
2026-08-25,TWSE,5907,大洋-KY,4.96,4.98,4.9,4.98,114711.0
2026-08-25,TWSE,6005,群益證,30.65,30.85,30.25,30.25,3707669.0
2026-08-25,TWSE,6024,群益期,63.1,63.5,62.4,62.7,260913.0
2026-08-25,TWSE,6108,競國,24.7,24.7,23.4,23.4,3904718.0
2026-08-25,TWSE,6112,邁達特,44.4,44.6,44.15,44.55,112565.0
2026-08-25,TWSE,6115,鎰勝,44.85,44.85,44.1,44.35,174229.0
2026-08-25,TWSE,6116,彩晶,13.9,14.75,13.85,14.2,38042376.0
2026-08-25,TWSE,6117,迎廣,62.1,62.1,60.6,61.0,116324.0
2026-08-25,TWSE,6120,達運,12.6,12.7,12.55,12.6,1050522.0
2026-08-25,TWSE,6128,上福,20.5,20.5,20.2,20.25,26080.0
2026-08-25,TWSE,6133,金橋,22.25,22.5,22.2,22.4,434164.0
2026-08-25,TWSE,6136,富爾特,25.05,25.15,24.95,25.15,197398.0
2026-08-25,TWSE,6139,亞翔,763.0,779.0,757.0,758.0,1133191.0
2026-08-25,TWSE,6141,柏承,45.8,47.25,43.05,46.05,4853320.0
2026-08-25,TWSE,6142,友勁,8.95,9.0,8.85,8.86,480702.0
2026-08-25,TWSE,6152,百一,14.1,14.15,13.75,13.75,567748.0
2026-08-25,TWSE,6153,嘉聯益,16.7,16.8,16.45,16.5,1413033.0
2026-08-25,TWSE,6155,鈞寶,56.8,58.0,55.8,55.8,818196.0
2026-08-25,TWSE,6164,華興,12.05,12.15,12.0,12.0,302401.0
2026-08-25,TWSE,6165,浪凡,48.15,48.2,47.8,47.85,190128.0
2026-08-25,TWSE,6166,凌華,118.5,120.5,118.0,119.0,750367.0
2026-08-25,TWSE,6168,宏齊,25.1,27.75,25.05,27.15,7647026.0
2026-08-25,TWSE,6176,瑞儀,102.5,108.0,99.8,101.5,4649928.0
2026-08-25,TWSE,6177,達麗,47.4,47.5,46.8,47.2,1493400.0
2026-08-25,TWSE,6183,關貿,94.0,94.0,93.3,93.5,16015.0
2026-08-25,TWSE,6184,大豐電,41.65,41.65,41.5,41.6,62024.0
2026-08-25,TWSE,6189,豐藝,48.1,49.6,48.1,49.45,565422.0
2026-08-25,TWSE,6191,精成科,82.2,82.9,81.1,81.1,1162493.0
2026-08-25,TWSE,6192,巨路,116.5,116.5,115.5,116.0,66094.0
2026-08-25,TWSE,6196,帆宣,491.5,506.0,488.0,493.0,435722.0
2026-08-25,TWSE,6197,佳必琪,288.5,295.5,288.5,290.0,371451.0
2026-08-25,TWSE,6201,亞弘電,44.8,44.95,44.5,44.8,17719.0
2026-08-25,TWSE,6202,盛群,56.4,57.5,56.1,56.2,750207.0
2026-08-25,TWSE,6205,詮欣,60.8,61.5,59.8,59.8,125350.0
2026-08-25,TWSE,6206,飛捷,137.5,140.5,135.0,139.0,1756203.0
2026-08-25,TWSE,6209,今國光,69.1,71.5,67.8,67.8,3508090.0
2026-08-25,TWSE,6213,聯茂,509.0,525.0,478.0,482.5,17393180.0
2026-08-25,TWSE,6214,精誠,179.5,181.0,179.5,179.5,1775545.0
2026-08-25,TWSE,6215,和椿,97.3,98.5,96.1,96.1,416918.0
2026-08-25,TWSE,6216,居易,22.3,22.4,22.25,22.4,64615.0
2026-08-25,TWSE,6224,聚鼎,75.4,77.8,74.1,76.8,1395040.0
2026-08-25,TWSE,6225,天瀚,71.1,71.1,71.1,71.1,89259.0
2026-08-25,TWSE,6226,光鼎,21.2,23.3,21.0,23.3,19067009.0
2026-08-25,TWSE,6230,尼得科超眾,105.5,107.0,105.5,107.0,9447.0
2026-08-25,TWSE,6235,華孚,38.5,38.5,37.6,37.7,214877.0
2026-08-25,TWSE,6239,力成,267.0,277.0,265.5,269.5,8593580.0
2026-08-25,TWSE,6243,迅杰,42.05,43.0,41.9,41.9,714420.0
2026-08-25,TWSE,6257,矽格,198.5,203.5,197.5,197.5,2272196.0
2026-08-25,TWSE,6269,台郡,62.3,63.5,61.9,61.9,1305140.0
2026-08-25,TWSE,6271,同欣電,192.5,198.5,192.5,193.0,1935027.0
2026-08-25,TWSE,6272,驊陞,23.9,24.1,23.25,23.25,92790.0
2026-08-25,TWSE,6277,宏正,81.1,81.4,80.5,81.2,301965.0
2026-08-25,TWSE,6278,台表科,183.5,188.0,177.0,179.0,8596646.0
2026-08-25,TWSE,6281,全國電,51.8,51.8,51.2,51.8,31426.0
2026-08-25,TWSE,6282,康舒,44.3,45.6,44.3,44.35,5473964.0
2026-08-25,TWSE,6283,淳安,20.0,20.1,19.85,20.1,54030.0
2026-08-25,TWSE,6285,啟碁,235.5,238.5,230.5,230.5,2223237.0
2026-08-25,TWSE,6405,悅城,39.25,39.65,37.8,38.15,362774.0
2026-08-25,TWSE,6409,旭隼,1000.0,1030.0,1000.0,1010.0,205985.0
2026-08-25,TWSE,6412,群電,77.9,78.4,77.7,77.7,247383.0
2026-08-25,TWSE,6414,樺漢,402.5,404.5,394.0,395.5,803854.0
2026-08-25,TWSE,6415,矽力*-KY,442.0,464.5,439.5,450.0,1675626.0
2026-08-25,TWSE,6416,瑞祺電通,101.0,101.5,98.5,99.0,432452.0
2026-08-25,TWSE,6426,統新,239.5,242.5,233.0,238.5,1021206.0
2026-08-25,TWSE,6431,光麗-KY,20.25,20.25,19.6,19.7,21545.0
2026-08-25,TWSE,6438,迅得,144.0,145.0,143.0,143.5,164504.0
2026-08-25,TWSE,6442,光聖,1510.0,1540.0,1460.0,1460.0,1111539.0
2026-08-25,TWSE,6443,元晶,26.0,26.55,25.8,25.85,2910521.0
2026-08-25,TWSE,6446,藥華藥,1420.0,1490.0,1405.0,1475.0,3304095.0
2026-08-25,TWSE,6449,鈺邦,215.0,218.0,210.5,210.5,292166.0
2026-08-25,TWSE,6451,訊芯-KY,416.0,423.5,400.0,400.0,2696160.0
2026-08-25,TWSE,6456,GIS-KY,67.6,69.5,65.5,65.5,3005494.0
2026-08-25,TWSE,6464,台數科,78.9,79.1,78.3,79.0,59580.0
2026-08-25,TWSE,6472,保瑞,452.5,461.5,442.0,453.0,2076617.0
2026-08-25,TWSE,6477,安集,36.65,37.0,35.95,35.95,1000191.0
2026-08-25,TWSE,6491,晶碩,372.5,372.5,364.0,366.0,199776.0
2026-08-25,TWSE,6504,南六,38.5,38.5,37.65,37.9,13038.0
2026-08-25,TWSE,6505,台塑化,75.2,75.2,68.6,69.9,39342586.0
2026-08-25,TWSE,6515,穎崴,6500.0,6550.0,6145.0,6145.0,173364.0
2026-08-25,TWSE,6525,捷敏-KY,137.0,144.0,137.0,137.0,915029.0
2026-08-25,TWSE,6526,達發,571.0,587.0,570.0,578.0,244435.0
2026-08-25,TWSE,6531,愛普*,887.0,905.0,840.0,845.0,3613917.0
2026-08-25,TWSE,6533,晶心科,248.5,250.5,245.0,246.5,403141.0
2026-08-25,TWSE,6534,正瀚-創,92.5,93.0,91.8,92.5,38120.0
2026-08-25,TWSE,6541,泰福-KY,36.8,37.05,36.25,36.35,139591.0
2026-08-25,TWSE,6550,北極星藥業-KY,12.95,13.0,11.4,11.6,6057708.0
2026-08-25,TWSE,6552,易華電,24.75,25.2,24.75,25.2,116348.0
2026-08-25,TWSE,6558,興能高,24.5,25.1,24.5,24.95,94587.0
2026-08-25,TWSE,6573,虹揚-KY,16.9,17.55,16.8,17.1,160311.0
2026-08-25,TWSE,6579,研揚,147.0,149.5,147.0,147.0,273368.0
2026-08-25,TWSE,6581,鋼聯,108.5,108.5,108.0,108.5,15428.0
2026-08-25,TWSE,6582,申豐,32.7,32.7,32.15,32.7,23821.0
2026-08-25,TWSE,6585,鼎基,115.5,115.5,112.5,113.5,219984.0
2026-08-25,TWSE,6589,台康生技,51.2,52.5,50.1,50.3,514086.0
2026-08-25,TWSE,6591,動力-KY,42.45,43.1,42.45,42.85,63665.0
2026-08-25,TWSE,6592,和潤企業,61.5,61.6,60.6,61.2,341316.0
2026-08-25,TWSE,6598,ABC-KY,28.55,28.55,27.7,28.0,211335.0
2026-08-25,TWSE,6605,帝寶,141.5,141.5,138.5,139.5,220515.0
2026-08-25,TWSE,6606,建德工業,26.2,26.2,25.45,25.5,85021.0
2026-08-25,TWSE,6614,資拓宏宇,35.95,35.95,35.9,35.9,8036.0
2026-08-25,TWSE,6625,必應,76.3,77.3,76.2,77.1,79200.0
2026-08-25,TWSE,6641,基士德-KY,18.0,18.0,18.0,18.0,2001.0
2026-08-25,TWSE,6645,金萬林-創,13.25,13.25,13.0,13.0,10000.0
2026-08-25,TWSE,6655,科定,115.0,115.0,114.5,114.5,2000.0
2026-08-25,TWSE,6657,華安,30.85,30.95,29.8,29.8,73711.0
2026-08-25,TWSE,6658,聯策,161.0,163.5,155.5,156.5,129971.0
2026-08-25,TWSE,6666,羅麗芬-KY,44.6,44.7,43.75,44.3,50539.0
2026-08-25,TWSE,6668,中揚光,36.6,37.8,35.55,35.55,383876.0
2026-08-25,TWSE,6669,緯穎,6300.0,6410.0,6205.0,6300.0,922282.0
2026-08-25,TWSE,6670,復盛應用,268.5,268.5,264.0,265.5,79599.0
2026-08-25,TWSE,6671,三能-KY,23.5,23.5,23.1,23.1,102157.0
2026-08-25,TWSE,6672,騰輝電子-KY,267.0,271.0,258.0,259.0,2894489.0
2026-08-25,TWSE,6674,鋐寶科技,16.5,17.7,16.5,16.8,160415.0
2026-08-25,TWSE,6689,伊雲谷,63.0,63.0,60.9,61.4,107474.0
2026-08-25,TWSE,6691,洋基工程,593.0,618.0,593.0,611.0,516771.0
2026-08-25,TWSE,6695,芯鼎,47.2,48.25,47.0,47.15,221164.0
2026-08-25,TWSE,6698,旭暉應材,31.5,31.7,30.7,30.7,83754.0
2026-08-25,TWSE,6706,惠特,116.5,118.5,114.5,114.5,508155.0
2026-08-25,TWSE,6715,嘉基,435.5,444.0,403.5,403.5,931056.0
2026-08-25,TWSE,6719,力智,193.0,195.5,191.5,191.5,325852.0
2026-08-25,TWSE,6722,輝創,32.5,32.6,32.35,32.6,13070.0
2026-08-25,TWSE,6742,澤米,44.5,44.85,42.9,43.0,239323.0
2026-08-25,TWSE,6743,安普新,25.2,25.3,25.0,25.05,87894.0
2026-08-25,TWSE,6753,龍德造船,141.5,143.0,140.0,141.0,710125.0
2026-08-25,TWSE,6754,匯僑設計,42.4,42.4,42.4,42.4,1549.0
2026-08-25,TWSE,6756,威鋒電子,98.5,99.8,97.5,98.4,68247.0
2026-08-25,TWSE,6757,台灣虎航,55.3,56.4,55.3,56.0,754092.0
2026-08-25,TWSE,6768,志強-KY,65.2,66.0,65.1,65.9,280455.0
2026-08-25,TWSE,6770,力積電,68.4,72.9,67.6,70.8,162099266.0
2026-08-25,TWSE,6771,平和環保-創,43.45,44.1,43.15,43.65,62789.0
2026-08-25,TWSE,6776,展碁國際,53.3,53.9,53.3,53.5,60836.0
2026-08-25,TWSE,6781,AES-KY,1050.0,1070.0,1045.0,1045.0,221755.0
2026-08-25,TWSE,6782,視陽,205.0,212.0,205.0,210.0,383449.0
2026-08-25,TWSE,6789,采鈺,428.5,431.0,415.0,415.0,800830.0
2026-08-25,TWSE,6790,永豐實,38.05,38.25,38.0,38.25,71845.0
2026-08-25,TWSE,6792,詠業,58.8,59.9,58.2,58.2,12414.0
2026-08-25,TWSE,6794,向榮生技,71.8,76.6,71.5,75.0,67000.0
2026-08-25,TWSE,6796,晉弘,64.0,64.6,62.5,62.5,104071.0
2026-08-25,TWSE,6799,來頡,79.1,79.4,78.5,78.6,112273.0
2026-08-25,TWSE,6805,富世達,1765.0,1765.0,1690.0,1710.0,870314.0
2026-08-25,TWSE,6807,峰源-KY,36.05,36.5,35.15,35.15,30216.0
2026-08-25,TWSE,6830,汎銓,480.0,501.0,446.5,446.5,5182262.0
2026-08-25,TWSE,6831,邁科,573.0,593.0,546.0,549.0,790250.0
2026-08-25,TWSE,6834,天二科技,90.2,92.8,89.8,89.9,1389912.0
2026-08-25,TWSE,6835,圓裕,31.8,31.85,30.55,30.95,18024.0
2026-08-25,TWSE,6838,台新藥,23.2,23.3,22.9,23.1,51000.0
2026-08-25,TWSE,6854,錼創科技-KY創,91.1,92.5,89.8,90.9,168374.0
2026-08-25,TWSE,6861,睿生光電,188.0,191.5,182.5,187.5,349960.0
2026-08-25,TWSE,6862,三集瑞-KY,138.5,141.0,136.0,137.0,75782.0
2026-08-25,TWSE,6863,永道-KY,113.5,113.5,109.5,109.5,104213.0
2026-08-25,TWSE,6869,雲豹能源,66.7,66.9,66.0,66.6,236109.0
2026-08-25,TWSE,6873,泓德能源,69.2,69.7,68.6,68.6,422509.0
2026-08-25,TWSE,6885,全福生技,20.7,20.95,20.4,20.9,140267.0
2026-08-25,TWSE,6887,寶綠特-KY,36.5,38.0,35.8,37.2,34002.0
2026-08-25,TWSE,6890,來億-KY,159.0,163.5,158.5,163.5,96041.0
2026-08-25,TWSE,6901,鑽石投資,17.3,17.55,16.6,16.6,1730846.0
2026-08-25,TWSE,6902,GOGOLOOK,129.5,129.5,124.5,126.0,54866.0
2026-08-25,TWSE,6906,現觀科,70.9,72.9,70.7,71.4,16177.0
2026-08-25,TWSE,6908,宏碁遊戲-創,30.35,30.35,30.25,30.25,17000.0
2026-08-25,TWSE,6909,創控,39.65,40.85,39.65,40.0,148791.0
2026-08-25,TWSE,6914,阜爾運通,148.0,148.5,147.0,147.5,125015.0
2026-08-25,TWSE,6916,華凌,18.65,18.65,18.65,18.65,2300.0
2026-08-25,TWSE,6918,愛派司,74.5,74.8,74.0,74.5,19071.0
2026-08-25,TWSE,6919,康霈*,117.5,118.5,110.5,110.5,6558073.0
2026-08-25,TWSE,6921,嘉雨思-創,70.6,70.6,68.6,68.9,9017.0
2026-08-25,TWSE,6923,中台,76.9,76.9,75.8,76.7,8120.0
2026-08-25,TWSE,6924,榮惠-KY創,114.0,114.0,112.0,114.0,17206.0
2026-08-25,TWSE,6928,攸泰科技,47.55,48.15,47.55,47.75,32463.0
2026-08-25,TWSE,6931,青松健康,42.0,42.0,41.8,41.85,20559.0
2026-08-25,TWSE,6933,AMAX-KY,185.0,198.0,185.0,194.5,543374.0
2026-08-25,TWSE,6934,心誠鎂,72.0,75.0,72.0,73.1,20073.0
2026-08-25,TWSE,6936,永鴻生技,32.9,33.0,32.4,32.4,15670.0
2026-08-25,TWSE,6937,天虹,260.0,266.5,260.0,260.5,156197.0
2026-08-25,TWSE,6944,兆聯實業,712.0,717.0,705.0,705.0,131293.0
2026-08-25,TWSE,6947,台鎔科技,71.3,71.3,69.9,70.0,119046.0
2026-08-25,TWSE,6949,沛爾生醫-創,1180.0,1260.0,1165.0,1235.0,534962.0
2026-08-25,TWSE,6951,青新-創,71.6,72.2,71.2,71.2,18080.0
2026-08-25,TWSE,6952,大武山,37.6,37.85,37.6,37.85,3000.0
2026-08-25,TWSE,6955,邦睿生技-創,119.5,120.0,118.5,120.0,11357.0
2026-08-25,TWSE,6957,裕慶-KY,217.0,219.0,215.0,215.5,42358.0
2026-08-25,TWSE,6958,日盛台駿,17.5,17.7,17.45,17.7,5565.0
2026-08-25,TWSE,6962,奕力-KY,31.35,31.9,31.25,31.35,1491583.0
2026-08-25,TWSE,6965,中傑-KY,75.0,75.5,75.0,75.5,4131.0
2026-08-25,TWSE,6969,成信實業*-創,35.25,35.25,33.6,34.3,90278.0
2026-08-25,TWSE,6988,威力暘-創,11.8,11.8,11.2,11.75,105423.0
2026-08-25,TWSE,6994,富威電力,35.15,36.0,34.95,35.3,341147.0
2026-08-25,TWSE,7610,聯友金屬-創,1770.0,1820.0,1660.0,1710.0,900470.0
2026-08-25,TWSE,7631,聚賢研發-創,146.5,146.5,144.5,144.5,33444.0
2026-08-25,TWSE,7689,大鵬科CLMX,173.0,181.5,171.5,180.0,351617.0
2026-08-25,TWSE,7705,三商餐飲,30.65,31.2,30.55,30.9,51661.0
2026-08-25,TWSE,7711,永擎,462.0,506.0,458.5,497.5,1969834.0
2026-08-25,TWSE,7721,微程式,65.3,65.3,60.0,60.7,62070.0
2026-08-25,TWSE,7722,LINEPAY,283.0,283.0,278.0,278.0,39179.0
2026-08-25,TWSE,7730,暉盛-創,170.0,175.0,170.0,172.5,84540.0
2026-08-25,TWSE,7732,金興精密,33.85,34.7,33.8,34.7,14000.0
2026-08-25,TWSE,7736,虎山,70.9,70.9,69.3,69.3,24001.0
2026-08-25,TWSE,7740,熙特爾-創,139.5,139.5,137.0,139.0,79234.0
2026-08-25,TWSE,7749,意騰-KY,367.5,382.0,367.5,382.0,200415.0
2026-08-25,TWSE,7750,新代,2200.0,2225.0,2130.0,2140.0,185764.0
2026-08-25,TWSE,7760,享溫馨,33.2,33.4,33.0,33.3,25021.0
2026-08-25,TWSE,7765,中華資安,223.0,226.0,222.5,224.0,13211.0
2026-08-25,TWSE,7768,頌勝科技,315.0,315.0,290.0,290.0,149136.0
2026-08-25,TWSE,7769,鴻勁,6405.0,6560.0,6255.0,6255.0,265962.0
2026-08-25,TWSE,7780,大研生醫*,17.1,17.15,16.85,16.9,733594.0
2026-08-25,TWSE,7786,東方風能,122.5,123.5,119.0,121.5,254431.0
2026-08-25,TWSE,7788,松川精密,246.0,259.0,246.0,253.0,843194.0
2026-08-25,TWSE,7791,皇家可口,56.9,56.9,56.7,56.7,10909.0
2026-08-25,TWSE,7795,長廣,568.0,610.0,565.0,568.0,749507.0
2026-08-25,TWSE,7799,禾榮科,365.0,369.0,353.0,355.0,208689.0
2026-08-25,TWSE,7803,雲象科技-創,19.45,19.9,19.35,19.6,28000.0
2026-08-25,TWSE,7818,溢泰實業,62.7,62.8,62.3,62.6,69122.0
2026-08-25,TWSE,7821,神數,39.6,39.6,39.1,39.45,26126.0
2026-08-25,TWSE,7822,倍利科,932.0,940.0,905.0,915.0,174721.0
2026-08-25,TWSE,7823,奧義賽博-KY創,83.8,83.9,83.1,83.8,15279.0
2026-08-25,TWSE,7827,漢康-KY創,161.5,161.5,155.5,159.0,302703.0
2026-08-25,TWSE,7835,永悅健康-創,20.85,22.1,20.7,20.7,20011.0
2026-08-25,TWSE,7855,和運租車,43.65,43.8,43.6,43.65,858454.0
2026-08-25,TWSE,8011,台通,15.85,16.15,15.85,16.1,221402.0
2026-08-25,TWSE,8016,矽創,295.5,299.0,293.5,295.5,371086.0
2026-08-25,TWSE,8021,尖點,397.0,411.0,388.0,388.5,3247872.0
2026-08-25,TWSE,8028,昇陽半導體,242.5,249.5,242.5,242.5,1249637.0
2026-08-25,TWSE,8033,雷虎,188.0,188.0,184.5,185.0,683870.0
2026-08-25,TWSE,8039,台虹,282.0,295.0,265.0,265.0,50659016.0
2026-08-25,TWSE,8045,達運光電,52.5,53.5,51.8,53.2,84451.0
2026-08-25,TWSE,8046,南電,1135.0,1170.0,1105.0,1135.0,7449592.0
2026-08-25,TWSE,8070,長華*,48.55,50.1,48.55,49.0,2059235.0
2026-08-25,TWSE,8072,陞泰,26.2,26.25,26.0,26.2,54001.0
2026-08-25,TWSE,8081,致新,256.0,260.0,253.0,253.0,279929.0
2026-08-25,TWSE,8101,華冠,14.2,14.2,14.0,14.2,16341.0
2026-08-25,TWSE,8103,瀚荃,91.1,102.0,88.2,97.2,6471410.0
2026-08-25,TWSE,8104,錸寶,30.85,31.7,30.75,30.75,266970.0
2026-08-25,TWSE,8110,華東,45.6,46.95,45.2,45.55,4629783.0
2026-08-25,TWSE,8112,至上,93.5,98.0,93.4,95.4,18117535.0
2026-08-25,TWSE,8114,振樺電,198.5,199.5,195.0,195.5,284069.0
2026-08-25,TWSE,8131,福懋科,62.8,63.8,62.0,62.4,1389618.0
2026-08-25,TWSE,8150,南茂,86.6,90.3,86.3,87.7,14493308.0
2026-08-25,TWSE,8162,微矽電子-創,59.9,60.9,59.4,60.5,92856.0
2026-08-25,TWSE,8163,達方,31.0,31.35,30.8,30.8,267904.0
2026-08-25,TWSE,8201,無敵,12.05,12.05,11.8,11.8,13092.0
2026-08-25,TWSE,8210,勤誠,948.0,996.0,942.0,967.0,995911.0
2026-08-25,TWSE,8213,志超,32.95,33.0,32.55,32.65,298627.0
2026-08-25,TWSE,8215,明基材,23.95,24.2,23.8,23.85,267605.0
2026-08-25,TWSE,8222,寶一,39.75,39.75,38.6,38.7,396549.0
2026-08-25,TWSE,8249,菱光,40.2,40.75,40.0,40.0,106794.0
2026-08-25,TWSE,8261,富鼎,178.0,185.5,177.5,177.5,2950727.0
2026-08-25,TWSE,8271,宇瞻,232.0,246.0,231.5,235.5,8274468.0
2026-08-25,TWSE,8341,日友,77.2,77.7,76.5,76.5,149013.0
2026-08-25,TWSE,8367,建新國際,40.95,41.05,40.8,40.95,19218.0
2026-08-25,TWSE,8374,羅昇,81.2,82.2,80.2,81.4,240211.0
2026-08-25,TWSE,8404,百和興業-KY,16.3,16.55,16.2,16.2,138677.0
2026-08-25,TWSE,8411,福貞-KY,12.75,12.9,12.75,12.9,22369.0
2026-08-25,TWSE,8422,可寧衛*,27.0,27.4,26.9,27.2,5444895.0
2026-08-25,TWSE,8429,金麗-KY,6.06,6.1,6.03,6.03,62171.0
2026-08-25,TWSE,8438,昶昕,66.4,66.6,65.7,66.5,63593.0
2026-08-25,TWSE,8442,威宏-KY,46.85,50.0,46.1,49.45,241919.0
2026-08-25,TWSE,8443,阿瘦,11.3,11.35,11.3,11.35,7800.0
2026-08-25,TWSE,8454,富邦媒,250.0,252.0,248.0,251.0,264721.0
2026-08-25,TWSE,8462,柏文,175.5,175.5,173.5,175.5,55750.0
2026-08-25,TWSE,8463,潤泰材,21.55,21.55,21.3,21.35,20218.0
2026-08-25,TWSE,8464,億豐,368.0,370.5,360.0,360.5,231887.0
2026-08-25,TWSE,8466,美吉吉-KY,15.85,15.85,15.8,15.8,3300.0
2026-08-25,TWSE,8467,波力-KY,95.7,96.2,95.1,95.1,8031.0
2026-08-25,TWSE,8473,山林水,46.4,46.6,44.55,44.55,998289.0
2026-08-25,TWSE,8476,台境*,20.0,20.2,19.8,20.05,216416.0
2026-08-25,TWSE,8478,東哥遊艇,142.5,143.0,140.5,141.5,66340.0
2026-08-25,TWSE,8481,政伸,41.35,41.35,41.0,41.0,10050.0
2026-08-25,TWSE,8482,商億-KY,47.85,47.85,47.7,47.8,6291.0
2026-08-25,TWSE,8487,愛爾達-創,71.0,71.3,71.0,71.3,6464.0
2026-08-25,TWSE,8488,吉源-KY,10.0,10.05,10.0,10.0,24000.0
2026-08-25,TWSE,8499,鼎炫-KY,265.0,265.0,265.0,265.0,1885.0
2026-08-25,TWSE,8926,台汽電,57.5,57.5,56.5,56.5,1802150.0
2026-08-25,TWSE,8940,新天地,15.45,15.8,15.35,15.65,24763.0
2026-08-25,TWSE,8996,高力,1090.0,1195.0,1070.0,1145.0,3292497.0
2026-08-25,TWSE,9103,美德醫療-DR,5.23,5.23,5.13,5.13,915694.0
2026-08-25,TWSE,9105,泰金寶-DR,8.46,8.74,8.42,8.42,20277191.0
2026-08-25,TWSE,9110,越南控-DR,2.91,3.07,2.91,3.07,7000.0
2026-08-25,TWSE,9136,巨騰-DR,11.6,11.6,10.65,11.35,591060.0
2026-08-25,TWSE,9802,鈺齊-KY,71.7,72.8,70.9,72.2,460760.0
2026-08-25,TWSE,9902,台火,13.95,14.0,13.8,13.9,121777.0
2026-08-25,TWSE,9904,寶成,25.05,25.1,24.8,25.05,10875120.0
2026-08-25,TWSE,9905,大華,21.5,21.6,21.45,21.5,126584.0
2026-08-25,TWSE,9906,欣巴巴,38.9,39.45,38.9,39.05,26731.0
2026-08-25,TWSE,9907,統一實,15.3,15.3,15.15,15.3,809667.0
2026-08-25,TWSE,9908,大台北,29.25,29.25,29.1,29.15,109779.0
2026-08-25,TWSE,9910,豐泰,70.2,71.1,69.7,71.0,959792.0
2026-08-25,TWSE,9911,櫻花,83.1,83.2,82.6,83.1,140328.0
2026-08-25,TWSE,9912,偉聯,12.9,12.9,12.85,12.85,13080.0
2026-08-25,TWSE,9914,美利達,87.1,87.6,84.2,84.5,2035903.0
2026-08-25,TWSE,9917,中保科,110.5,110.5,110.0,110.0,154837.0
2026-08-25,TWSE,9918,欣天然,43.5,43.5,42.6,43.3,6604.0
2026-08-25,TWSE,9919,康那香,13.6,13.9,13.6,13.85,198335.0
2026-08-25,TWSE,9921,巨大,108.5,109.5,103.5,104.0,2801621.0
2026-08-25,TWSE,9924,福興,38.5,38.8,38.4,38.8,149417.0
2026-08-25,TWSE,9925,新保,39.9,40.15,39.9,40.15,683364.0
2026-08-25,TWSE,9926,新海,48.8,49.3,48.8,49.3,7131.0
2026-08-25,TWSE,9927,泰銘,69.2,69.3,69.1,69.3,30175.0
2026-08-25,TWSE,9928,中視,18.5,18.5,18.15,18.3,99001.0
2026-08-25,TWSE,9929,秋雨,11.3,11.3,11.3,11.3,6000.0
2026-08-25,TWSE,9930,中聯資源,64.1,64.2,63.7,64.0,68549.0
2026-08-25,TWSE,9931,欣高,33.9,34.05,33.9,34.05,13742.0
2026-08-25,TWSE,9933,中鼎,42.0,42.3,41.45,41.55,1350638.0
2026-08-25,TWSE,9934,成霖,11.5,11.55,11.25,11.25,1001584.0
2026-08-25,TWSE,9935,慶豐富,20.05,20.3,20.05,20.3,191518.0
2026-08-25,TWSE,9937,全國,54.8,55.0,54.7,55.0,15231.0
2026-08-25,TWSE,9938,百和,42.55,42.55,42.0,42.4,523144.0
2026-08-25,TWSE,9939,宏全,135.0,136.0,133.0,134.5,993158.0
2026-08-25,TWSE,9940,信義,21.0,21.45,20.7,20.85,163032.0
2026-08-25,TWSE,9941,裕融,85.4,86.1,85.1,85.9,785831.0
2026-08-25,TWSE,9942,茂順,114.5,115.0,114.0,114.5,36549.0
2026-08-25,TWSE,9943,好樂迪,51.6,51.6,51.1,51.6,27093.0
2026-08-25,TWSE,9944,新麗,17.5,17.5,17.5,17.5,17371.0
2026-08-25,TWSE,9945,潤泰新,29.3,29.55,28.55,29.0,9606216.0
2026-08-25,TWSE,9946,三發地產,19.45,19.75,19.15,19.15,746037.0
2026-08-25,TWSE,9955,佳龍,25.0,26.15,25.0,25.25,564824.0
2026-08-25,TWSE,9958,世紀鋼,99.4,99.8,97.3,97.3,4841452.0
2026-08-25,TPEX,1240,茂生農經,57.0,57.1,56.9,56.9,21279.0
2026-08-25,TPEX,1259,安心,,,,,181.0
2026-08-25,TPEX,1264,德麥,253.5,254.0,253.0,254.0,17725.0
2026-08-25,TPEX,1268,漢來美食,180.0,181.5,180.0,181.0,8942.0
2026-08-25,TPEX,1294,漢田生技,54.3,54.5,54.3,54.5,17371.0
2026-08-25,TPEX,1295,生合,45.4,47.4,45.4,47.05,140984.0
2026-08-25,TPEX,1336,台翰,16.75,16.8,15.9,16.35,452998.0
2026-08-25,TPEX,1565,精華,93.6,94.6,93.5,94.6,34092.0
2026-08-25,TPEX,1569,濱川,45.0,45.1,44.25,44.75,281341.0
2026-08-25,TPEX,1570,力肯,33.4,33.4,32.6,33.25,129073.0
2026-08-25,TPEX,1580,新麥,107.0,107.0,106.0,106.0,43428.0
2026-08-25,TPEX,1584,精剛,17.9,17.9,17.6,17.85,244908.0
2026-08-25,TPEX,1586,和勤,18.3,18.3,18.05,18.05,150654.0
2026-08-25,TPEX,1591,駿吉-KY,36.5,36.5,35.3,35.7,131482.0
2026-08-25,TPEX,1593,祺驊,32.0,32.0,31.85,32.0,22026.0
2026-08-25,TPEX,1595,川寶,63.0,63.8,61.4,63.2,113585.0
2026-08-25,TPEX,1599,宏佳騰,23.1,23.35,23.0,23.1,10270.0
2026-08-25,TPEX,1742,台蠟,18.2,18.2,17.4,17.4,50003.0
2026-08-25,TPEX,1777,生泰,74.0,74.2,73.8,74.2,18000.0
2026-08-25,TPEX,1780,立弘,24.85,24.85,24.4,24.85,187000.0
2026-08-25,TPEX,1781,合世,10.85,10.85,10.75,10.85,17109.0
2026-08-25,TPEX,1784,訊聯,61.4,62.4,61.0,62.1,76910.0
2026-08-25,TPEX,1785,光洋科,101.0,102.5,99.0,102.5,2920671.0
2026-08-25,TPEX,1788,杏昌,,,,,1287.0
2026-08-25,TPEX,1796,金穎生技,29.8,29.8,28.95,29.0,39033.0
2026-08-25,TPEX,1799,易威,29.95,29.95,29.7,29.9,94935.0
2026-08-25,TPEX,1813,寶利徠,11.5,11.5,11.5,11.5,10614.0
2026-08-25,TPEX,1815,富喬,106.5,109.0,102.5,109.0,36949262.0
2026-08-25,TPEX,2035,唐榮,,,,,4.0
2026-08-25,TPEX,2061,風青,50.5,52.4,50.5,50.6,1361036.0
2026-08-25,TPEX,2063,世鎧,24.1,24.2,24.0,24.2,31029.0
2026-08-25,TPEX,2064,晉椿,,,,,0.0
2026-08-25,TPEX,2065,世豐,36.2,36.6,36.0,36.5,46310.0
2026-08-25,TPEX,2066,世德,54.2,54.2,53.2,53.4,21175.0
2026-08-25,TPEX,2067,嘉鋼,4.82,4.82,4.78,4.79,13961.0
2026-08-25,TPEX,2070,精湛,65.0,66.3,64.1,65.6,162186.0
2026-08-25,TPEX,2073,雄順,26.4,26.4,26.4,26.4,1004.0
2026-08-25,TPEX,2221,大甲,64.0,69.5,63.0,67.3,4154365.0
2026-08-25,TPEX,2230,泰茂,23.0,24.2,22.9,24.2,58671.0
2026-08-25,TPEX,2235,謚源,26.8,26.85,26.8,26.85,9000.0
2026-08-25,TPEX,2596,綠意,34.3,34.7,34.3,34.6,114985.0
2026-08-25,TPEX,2640,大車隊,157.0,157.0,155.5,157.0,20606.0
2026-08-25,TPEX,2641,正德,19.0,19.6,18.75,18.9,23396686.0
2026-08-25,TPEX,2643,捷迅,62.4,62.4,62.0,62.0,3267.0
2026-08-25,TPEX,2718,全心投控,49.9,49.9,48.95,49.5,56996.0
2026-08-25,TPEX,2719,燦星旅,20.3,20.6,20.25,20.6,10000.0
2026-08-25,TPEX,2724,藝舍-KY,10.7,10.7,10.7,10.7,101025.0
2026-08-25,TPEX,2726,雅茗-KY,8.4,8.45,8.25,8.43,38894.0
2026-08-25,TPEX,2729,瓦城,156.0,157.0,154.0,154.5,75567.0
2026-08-25,TPEX,2732,六角,64.2,64.3,64.0,64.1,16804.0
2026-08-25,TPEX,2734,易飛網,15.0,15.05,14.95,15.05,18464.0
2026-08-25,TPEX,2736,富野,12.1,12.2,12.0,12.2,71889.0
2026-08-25,TPEX,2740,華軒,30.45,31.55,30.45,31.55,6493.0
2026-08-25,TPEX,2743,山富,59.2,59.6,58.6,58.7,46116.0
2026-08-25,TPEX,2745,五福,88.3,88.5,88.0,88.5,33196.0
2026-08-25,TPEX,2751,王座,,,,,50.0
2026-08-25,TPEX,2752,豆府,180.0,180.0,179.0,179.0,8385.0
2026-08-25,TPEX,2754,亞洲藏壽司,69.0,69.4,68.6,69.4,10356.0
2026-08-25,TPEX,2755,揚秦,101.5,102.0,101.5,102.0,16109.0
2026-08-25,TPEX,2756,聯發國際,62.5,62.8,61.7,62.8,8036.0
2026-08-25,TPEX,2916,滿心,40.2,40.25,40.0,40.15,21056.0
2026-08-25,TPEX,2924,宏太-KY,16.95,16.95,15.2,16.55,16004.0
2026-08-25,TPEX,2926,誠品生活,29.85,30.0,29.85,30.0,5284.0
2026-08-25,TPEX,2937,集雅社,48.3,48.3,48.3,48.3,1238.0
2026-08-25,TPEX,2941,米斯特,,,,,23.0
2026-08-25,TPEX,2947,振宇五金,61.4,61.7,61.3,61.6,47572.0
2026-08-25,TPEX,2948,寶陞,37.85,38.8,37.85,38.8,5006.0
2026-08-25,TPEX,2949,欣新網,,,,,843.0
2026-08-25,TPEX,3064,泰偉,,,,,0.0
2026-08-25,TPEX,3066,李洲,23.45,23.55,23.05,23.5,191266.0
2026-08-25,TPEX,3067,全域,17.2,17.2,16.65,16.9,13100.0
2026-08-25,TPEX,3071,協禧,24.5,24.5,23.85,24.4,150638.0
2026-08-25,TPEX,3073,天方能源,22.35,22.6,22.2,22.5,46919.0
2026-08-25,TPEX,3078,僑威,53.5,53.5,52.6,53.0,601783.0
2026-08-25,TPEX,3081,聯亞,2690.0,2995.0,2645.0,2960.0,4733624.0
2026-08-25,TPEX,3083,網龍,23.2,23.2,22.95,23.1,52295.0
2026-08-25,TPEX,3085,新零售,11.5,11.5,11.5,11.5,1007.0
2026-08-25,TPEX,3086,華義*,26.3,26.7,25.95,26.3,93881.0
2026-08-25,TPEX,3088,艾訊,126.5,126.5,122.5,124.0,520230.0
2026-08-25,TPEX,3093,港建*,44.75,44.75,43.65,44.75,250786.0
2026-08-25,TPEX,3095,及成,36.0,36.0,34.2,34.8,20189.0
2026-08-25,TPEX,3105,穩懋,350.5,381.5,349.5,379.0,16441553.0
2026-08-25,TPEX,3114,好德,34.45,34.45,33.2,34.0,207212.0
2026-08-25,TPEX,3115,富榮綱,9.14,9.14,9.08,9.08,2240.0
2026-08-25,TPEX,3118,進階,31.5,31.5,31.3,31.3,11118.0
2026-08-25,TPEX,3122,笙泉,25.65,25.65,25.05,25.5,29125.0
2026-08-25,TPEX,3128,昇銳,23.15,23.15,22.25,22.95,136176.0
2026-08-25,TPEX,3131,弘塑,2345.0,2345.0,2155.0,2260.0,577453.0
2026-08-25,TPEX,3141,晶宏,72.8,72.8,70.4,72.7,365991.0
2026-08-25,TPEX,3147,大綜,216.5,216.5,211.5,216.5,235014.0
2026-08-25,TPEX,3152,璟德,246.5,264.5,246.0,260.5,616505.0
2026-08-25,TPEX,3158,嘉實,84.2,84.2,82.7,82.7,2025.0
2026-08-25,TPEX,3162,精確,65.7,66.8,65.0,66.8,1627011.0
2026-08-25,TPEX,3163,波若威,707.0,786.0,690.0,770.0,4822302.0
2026-08-25,TPEX,3169,亞信,98.9,99.4,98.0,98.8,58624.0
2026-08-25,TPEX,3171,炎洲流通,63.2,64.0,62.8,64.0,24070.0
2026-08-25,TPEX,3176,基亞,37.25,38.1,36.85,37.7,663687.0
2026-08-25,TPEX,3178,公準,58.9,59.3,58.1,59.0,24340.0
2026-08-25,TPEX,3188,鑫龍騰,24.0,24.15,23.85,24.1,107314.0
2026-08-25,TPEX,3191,雲嘉南,18.0,18.25,17.95,18.25,12006.0
2026-08-25,TPEX,3205,佰研,48.1,48.1,46.5,47.45,26174.0
2026-08-25,TPEX,3206,志豐,34.85,34.85,34.05,34.55,14170.0
2026-08-25,TPEX,3207,耀勝,39.15,39.85,39.15,39.45,75890.0
2026-08-25,TPEX,3211,順達,318.0,331.0,315.5,331.0,4522812.0
2026-08-25,TPEX,3213,茂訊,126.5,126.5,124.5,126.5,156702.0
2026-08-25,TPEX,3217,優群,136.5,136.5,134.0,135.5,339882.0
2026-08-25,TPEX,3218,大學光,135.5,135.5,134.0,134.5,214577.0
2026-08-25,TPEX,3219,倚強科,76.1,77.7,74.5,74.7,568794.0
2026-08-25,TPEX,3221,台嘉碩,47.1,49.45,46.05,49.3,1994450.0
2026-08-25,TPEX,3224,三顧,34.8,36.0,34.8,35.9,96683.0
2026-08-25,TPEX,3226,龍鋒,52.1,52.8,52.0,52.8,25324.0
2026-08-25,TPEX,3227,原相,193.0,195.0,188.0,194.0,644212.0
2026-08-25,TPEX,3228,金麗科,139.5,142.0,137.5,142.0,90574.0
2026-08-25,TPEX,3230,錦明,41.75,42.2,41.2,42.15,369322.0
2026-08-25,TPEX,3232,昱捷,19.9,19.9,19.4,19.7,27002.0
2026-08-25,TPEX,3234,光環,162.0,182.5,158.0,182.5,9039439.0
2026-08-25,TPEX,3236,千如,43.05,43.35,41.8,43.2,1043221.0
2026-08-25,TPEX,3252,海灣,16.25,16.25,15.85,15.9,115003.0
2026-08-25,TPEX,3259,鑫創,10.7,11.8,10.6,11.8,118623.0
2026-08-25,TPEX,3260,威剛,437.5,437.5,407.0,418.5,17221847.0
2026-08-25,TPEX,3264,欣銓,205.5,213.0,202.5,213.0,3997339.0
2026-08-25,TPEX,3265,台星科,165.0,169.0,158.5,168.0,1078185.0
2026-08-25,TPEX,3268,海德威,18.5,18.5,17.8,17.9,105688.0
2026-08-25,TPEX,3272,東碩,13.8,13.9,13.75,13.9,11197.0
2026-08-25,TPEX,3276,宇環,14.2,14.25,14.05,14.2,103477.0
2026-08-25,TPEX,3284,太普高,20.6,20.6,20.2,20.4,72992.0
2026-08-25,TPEX,3285,微端,36.65,37.5,36.65,36.8,26294.0
2026-08-25,TPEX,3287,廣寰科,38.85,39.2,38.1,39.0,525019.0
2026-08-25,TPEX,3288,點晶,21.6,21.6,20.9,21.3,22160.0
2026-08-25,TPEX,3289,宜特,133.0,136.0,130.0,135.0,420380.0
2026-08-25,TPEX,3290,東浦,49.95,49.95,48.55,49.25,314143.0
2026-08-25,TPEX,3293,鈊象,715.0,717.0,702.0,711.0,5436811.0
2026-08-25,TPEX,3294,英濟,30.3,30.45,29.7,30.45,144637.0
2026-08-25,TPEX,3297,杭特,27.4,27.4,27.05,27.05,42931.0
2026-08-25,TPEX,3303,岱稜,52.4,52.4,51.7,52.2,156453.0
2026-08-25,TPEX,3306,鼎天,44.5,44.85,44.1,44.75,23002.0
2026-08-25,TPEX,3310,佳穎,68.3,68.5,68.0,68.0,12179.0
2026-08-25,TPEX,3313,斐成,10.6,10.65,10.4,10.5,121596.0
2026-08-25,TPEX,3317,尼克森,64.1,64.7,62.1,63.8,380642.0
2026-08-25,TPEX,3322,建舜電,11.15,11.15,10.85,11.05,302019.0
2026-08-25,TPEX,3323,加百裕,29.6,29.6,29.1,29.3,198515.0
2026-08-25,TPEX,3324,雙鴻,1005.0,1075.0,993.0,1065.0,4011479.0
2026-08-25,TPEX,3325,旭品,11.2,11.3,11.0,11.25,131220.0
2026-08-25,TPEX,3332,幸康,61.0,62.5,61.0,62.5,2377.0
2026-08-25,TPEX,3339,泰谷,38.1,39.4,37.3,39.2,757265.0
2026-08-25,TPEX,3349,寶德,23.6,24.15,22.75,24.15,163133.0
2026-08-25,TPEX,3354,律勝,20.45,20.45,20.0,20.4,50595.0
2026-08-25,TPEX,3357,臺慶科,210.0,211.0,203.5,209.5,913902.0
2026-08-25,TPEX,3360,尚立,15.35,15.35,15.1,15.35,236191.0
2026-08-25,TPEX,3362,先進光,187.0,198.0,181.5,195.0,8713902.0
2026-08-25,TPEX,3363,上詮,556.0,623.0,549.0,623.0,3497858.0
2026-08-25,TPEX,3372,典範,14.85,15.0,14.6,15.0,183169.0
2026-08-25,TPEX,3373,熱映,16.65,16.7,16.55,16.6,12848.0
2026-08-25,TPEX,3374,精材,299.0,311.0,289.0,311.0,9705517.0
2026-08-25,TPEX,3379,彬台,29.2,29.2,28.55,28.95,114218.0
2026-08-25,TPEX,3388,崇越電,89.7,89.7,85.8,89.0,2140135.0
2026-08-25,TPEX,3390,旭軟,21.5,21.55,21.15,21.5,129252.0
2026-08-25,TPEX,3402,漢科,120.0,120.5,118.5,120.5,134523.0
2026-08-25,TPEX,3430,奇鈦科,114.0,114.0,110.0,113.5,211596.0
2026-08-25,TPEX,3434,哲固,29.65,29.8,29.5,29.75,31146.0
2026-08-25,TPEX,3438,類比科,55.8,57.7,55.5,57.7,58318.0
2026-08-25,TPEX,3441,聯一光,111.0,119.0,108.5,114.0,26997675.0
2026-08-25,TPEX,3444,利機,84.0,96.0,84.0,86.6,3604884.0
2026-08-25,TPEX,3455,由田,232.0,240.5,223.5,240.0,1204738.0
2026-08-25,TPEX,3465,進泰電子,29.45,29.5,29.3,29.4,12004.0
2026-08-25,TPEX,3466,德晉,24.5,24.5,24.1,24.35,57485.0
2026-08-25,TPEX,3467,台灣精材,45.8,46.3,45.2,46.0,24025.0
2026-08-25,TPEX,3479,安勤,128.0,131.0,127.0,131.0,309284.0
2026-08-25,TPEX,3483,力致,71.3,71.7,70.2,71.7,209923.0
2026-08-25,TPEX,3484,崧騰,49.9,50.1,49.6,50.0,71871.0
2026-08-25,TPEX,3485,敘豐,232.0,238.0,216.5,235.5,193078.0
2026-08-25,TPEX,3489,森寶,23.7,23.7,22.65,22.8,164578.0
2026-08-25,TPEX,3490,單井,50.9,54.6,50.0,54.6,3704287.0
2026-08-25,TPEX,3491,昇達科,1280.0,1285.0,1225.0,1270.0,1152641.0
2026-08-25,TPEX,3492,長盛,20.15,20.15,19.8,19.95,84346.0
2026-08-25,TPEX,3498,陽程,185.5,200.0,180.5,200.0,1027800.0
2026-08-25,TPEX,3499,環天科,12.3,12.55,12.15,12.5,35349.0
2026-08-25,TPEX,3508,位速,22.6,23.05,22.0,22.4,409135.0
2026-08-25,TPEX,3511,矽瑪,19.35,19.65,19.05,19.5,151680.0
2026-08-25,TPEX,3512,皇龍,19.45,19.6,19.3,19.35,28612.0
2026-08-25,TPEX,3516,亞帝歐,25.2,27.4,25.2,26.35,143789.0
2026-08-25,TPEX,3520,華盈,17.8,17.8,17.2,17.8,297510.0
2026-08-25,TPEX,3521,台鋼建設,12.25,12.45,12.1,12.45,22902.0
2026-08-25,TPEX,3522,御嵿,11.55,11.65,11.45,11.5,96418.0
2026-08-25,TPEX,3523,迎輝,14.85,14.85,14.85,14.85,4224.0
2026-08-25,TPEX,3526,凡甲,279.0,279.0,271.0,278.0,425007.0
2026-08-25,TPEX,3527,聚積,50.4,50.8,49.5,50.8,66098.0
2026-08-25,TPEX,3529,力旺,2180.0,2210.0,2090.0,2195.0,1020242.0
2026-08-25,TPEX,3531,先益,21.9,21.9,21.9,21.9,1001.0
2026-08-25,TPEX,3537,堡達,54.7,54.7,53.2,54.4,241875.0
2026-08-25,TPEX,3540,曜越,24.3,25.4,23.95,24.8,2182286.0
2026-08-25,TPEX,3541,西柏,21.85,21.85,21.8,21.8,15086.0
2026-08-25,TPEX,3546,宇峻,71.7,71.9,71.1,71.3,131729.0
2026-08-25,TPEX,3548,兆利,75.6,80.7,74.9,79.9,352297.0
2026-08-25,TPEX,3551,世禾,172.0,175.5,170.0,175.5,219673.0
2026-08-25,TPEX,3552,同致,45.5,45.5,44.2,44.9,125431.0
2026-08-25,TPEX,3555,博士旺,160.0,161.5,156.0,159.5,37082.0
2026-08-25,TPEX,3556,禾瑞亞,63.1,63.1,61.4,61.5,273665.0
2026-08-25,TPEX,3558,神準,125.0,125.5,123.5,125.5,107623.0
2026-08-25,TPEX,3564,其陽,46.0,46.15,44.1,44.75,43330.0
2026-08-25,TPEX,3567,逸昌,25.05,25.3,24.95,25.3,27172.0
2026-08-25,TPEX,3570,大塚,161.5,162.5,161.5,162.5,11708.0
2026-08-25,TPEX,3577,泓格,114.0,114.0,110.5,114.0,223224.0
2026-08-25,TPEX,3580,友威科,75.5,77.5,74.9,77.3,163041.0
2026-08-25,TPEX,3581,博磊,101.0,105.0,99.4,105.0,265948.0
2026-08-25,TPEX,3587,閎康,246.0,251.5,240.5,251.5,289101.0
2026-08-25,TPEX,3594,磐儀,50.7,50.8,49.65,50.7,546686.0
2026-08-25,TPEX,3597,映興,26.55,26.55,26.35,26.5,12031.0
2026-08-25,TPEX,3609,三一東林,20.75,20.8,19.5,19.5,371882.0
2026-08-25,TPEX,3611,鼎翰,185.5,186.0,185.5,185.5,18662.0
2026-08-25,TPEX,3615,安可,36.3,37.0,35.1,36.9,324923.0
2026-08-25,TPEX,3623,富晶通,21.85,21.85,21.45,21.75,19250.0
2026-08-25,TPEX,3624,光頡,85.9,87.5,81.8,87.5,3119035.0
2026-08-25,TPEX,3625,西勝,11.45,12.45,11.45,12.45,440766.0
2026-08-25,TPEX,3628,盈正,66.2,67.9,66.0,67.1,31995.0
2026-08-25,TPEX,3629,地心引力,14.9,14.9,14.9,14.9,15008.0
2026-08-25,TPEX,3630,新鉅科,25.5,25.8,25.3,25.45,231918.0
2026-08-25,TPEX,3631,晟楠,38.6,39.8,37.2,39.8,182662.0
2026-08-25,TPEX,3632,研勤,7.17,7.2,7.17,7.2,5279.0
2026-08-25,TPEX,3646,艾恩特,23.05,23.55,23.05,23.5,8012.0
2026-08-25,TPEX,3663,鑫科,60.9,60.9,58.9,60.4,327829.0
2026-08-25,TPEX,3664,安瑞-KY,5.38,5.39,5.38,5.39,5100.0
2026-08-25,TPEX,3666,光耀,25.1,25.2,25.1,25.2,22007.0
2026-08-25,TPEX,3672,康聯訊,12.0,12.45,11.8,12.45,16252.0
2026-08-25,TPEX,3675,德微,265.0,268.0,255.5,268.0,344851.0
2026-08-25,TPEX,3680,家登,464.0,464.0,448.5,461.5,638076.0
2026-08-25,TPEX,3684,榮昌,54.0,54.0,53.8,53.9,30916.0
2026-08-25,TPEX,3685,元創精密,36.25,38.0,36.2,37.4,643148.0
2026-08-25,TPEX,3687,歐買尬,62.0,62.3,61.8,62.0,31148.0
2026-08-25,TPEX,3689,湧德,107.5,107.5,104.5,106.0,730993.0
2026-08-25,TPEX,3691,碩禾,98.0,98.5,96.7,98.0,334657.0
2026-08-25,TPEX,3693,營邦,533.0,560.0,521.0,553.0,1069642.0
2026-08-25,TPEX,3707,漢磊,61.8,62.0,59.7,62.0,2734751.0
2026-08-25,TPEX,3709,鑫聯大投控,68.0,68.0,66.7,67.7,402164.0
2026-08-25,TPEX,3710,連展投控,5.29,5.29,5.15,5.15,120821.0
2026-08-25,TPEX,3713,新晶投控,14.8,14.8,14.5,14.8,25100.0
2026-08-25,TPEX,4102,永日,18.75,19.2,18.6,19.2,14160.0
2026-08-25,TPEX,4105,東洋,77.9,78.3,77.8,77.8,249024.0
2026-08-25,TPEX,4107,邦特,113.5,114.0,113.0,114.0,61283.0
2026-08-25,TPEX,4109,加捷生醫,11.3,11.35,11.2,11.2,118160.0
2026-08-25,TPEX,4111,濟生,29.0,29.0,28.7,28.85,181157.0
2026-08-25,TPEX,4113,聯上,14.75,14.95,14.75,14.95,104297.0
2026-08-25,TPEX,4114,健喬,30.25,30.25,29.9,29.9,821604.0
2026-08-25,TPEX,4116,明基醫,39.1,39.35,39.0,39.35,32223.0
2026-08-25,TPEX,4120,友華,47.45,47.45,46.75,47.45,7115.0
2026-08-25,TPEX,4121,優盛,13.0,13.2,12.95,13.2,19353.0
2026-08-25,TPEX,4123,晟德,32.35,32.45,32.0,32.45,1354964.0
2026-08-25,TPEX,4126,太醫,77.5,77.6,77.0,77.2,33236.0
2026-08-25,TPEX,4127,天良,86.0,88.0,84.7,87.0,90187.0
2026-08-25,TPEX,4128,中天,15.2,15.2,14.85,15.05,776490.0
2026-08-25,TPEX,4129,聯合,88.2,88.2,86.1,87.0,218943.0
2026-08-25,TPEX,4131,浩泰,32.3,32.35,31.35,32.35,3659.0
2026-08-25,TPEX,4138,曜亞,51.2,51.3,51.0,51.3,50866.0
2026-08-25,TPEX,4139,馬光-KY,38.8,38.8,36.55,36.6,29386.0
2026-08-25,TPEX,4147,中裕,63.3,64.5,63.3,63.8,993027.0
2026-08-25,TPEX,4153,鈺緯,33.7,33.7,32.95,33.45,4228.0
2026-08-25,TPEX,4154,樂威科-KY,12.5,12.5,12.5,12.5,15800.0
2026-08-25,TPEX,4157,太景*-KY,9.04,9.12,8.92,9.12,521753.0
2026-08-25,TPEX,4160,訊聯基因,39.3,40.4,39.3,39.7,23877.0
2026-08-25,TPEX,4161,聿新科,23.3,23.3,22.7,23.0,34556.0
2026-08-25,TPEX,4162,智擎,58.6,59.0,58.3,59.0,114787.0
2026-08-25,TPEX,4163,鐿鈦,138.5,138.5,136.5,137.5,51034.0
2026-08-25,TPEX,4166,友霖,24.05,24.55,24.0,24.4,67170.0
2026-08-25,TPEX,4167,松瑞藥,20.45,20.65,20.25,20.25,845272.0
2026-08-25,TPEX,4168,醣聯,22.6,22.8,22.3,22.7,78494.0
2026-08-25,TPEX,4171,瑞基,17.2,17.6,17.2,17.55,143064.0
2026-08-25,TPEX,4173,久裕,17.5,17.5,17.35,17.4,35373.0
2026-08-25,TPEX,4174,浩鼎,26.6,26.6,25.85,26.1,217612.0
2026-08-25,TPEX,4175,杏一,50.7,50.7,50.5,50.5,17863.0
2026-08-25,TPEX,4183,福永生技,,,,,0.0
2026-08-25,TPEX,4188,安克,12.35,13.3,12.35,13.3,803133.0
2026-08-25,TPEX,4192,杏國,19.5,20.0,19.0,20.0,30577.0
2026-08-25,TPEX,4198,欣大健康,41.3,41.3,40.0,40.9,4420.0
2026-08-25,TPEX,4205,中華食,69.8,69.8,69.8,69.8,2297.0
2026-08-25,TPEX,4207,環泰,20.8,20.8,20.6,20.75,29117.0
2026-08-25,TPEX,4303,信立,52.9,54.0,52.1,53.2,2185796.0
2026-08-25,TPEX,4304,勝昱,26.65,26.65,24.0,25.15,118663.0
2026-08-25,TPEX,4305,世坤,44.7,44.7,44.7,44.7,1034.0
2026-08-25,TPEX,4401,東隆興,14.15,14.15,13.9,14.1,33405.0
2026-08-25,TPEX,4402,郡都開發,14.9,14.9,14.55,14.8,8076.0
2026-08-25,TPEX,4406,新昕纖,10.1,10.15,10.1,10.1,45000.0
2026-08-25,TPEX,4413,飛寶企業,19.55,20.0,19.45,19.65,79000.0
2026-08-25,TPEX,4416,三圓,16.3,16.3,14.45,15.25,4663975.0
2026-08-25,TPEX,4417,金洲,46.85,46.95,46.7,46.9,21799.0
2026-08-25,TPEX,4419,皇家美食,46.25,46.3,46.2,46.3,10160.0
2026-08-25,TPEX,4420,光明,36.8,36.85,36.6,36.85,5435.0
2026-08-25,TPEX,4430,耀億,18.4,18.4,17.65,17.75,44073.0
2026-08-25,TPEX,4432,銘旺實,15.7,15.7,15.65,15.65,19130.0
2026-08-25,TPEX,4433,興采,19.0,19.1,18.95,19.1,18071.0
2026-08-25,TPEX,4442,竣邦-KY,51.2,51.2,50.7,51.2,21202.0
2026-08-25,TPEX,4502,健信,15.65,15.7,15.55,15.7,17033.0
2026-08-25,TPEX,4503,金雨,24.3,24.7,24.0,24.55,199982.0
2026-08-25,TPEX,4506,崇友,122.0,123.5,122.0,123.5,20025.0
2026-08-25,TPEX,4510,高鋒,43.3,43.3,42.2,42.85,436914.0
2026-08-25,TPEX,4513,福裕,16.6,16.65,16.2,16.35,448217.0
2026-08-25,TPEX,4523,永彰,24.3,24.3,23.8,23.9,21497.0
2026-08-25,TPEX,4527,方土霖,41.05,41.05,40.75,41.05,13061.0
2026-08-25,TPEX,4528,江興鍛,15.0,15.0,14.95,15.0,12424.0
2026-08-25,TPEX,4529,淳紳,3.07,3.18,3.07,3.18,22000.0
2026-08-25,TPEX,4530,天意能創,27.75,27.75,26.7,26.7,25181.0
2026-08-25,TPEX,4533,協易機,26.1,26.1,25.15,25.75,611328.0
2026-08-25,TPEX,4534,慶騰,29.45,29.45,28.5,29.2,488840.0
2026-08-25,TPEX,4535,至興,28.75,28.75,28.7,28.7,3010.0
2026-08-25,TPEX,4538,大詠城,17.35,17.6,17.35,17.45,24000.0
2026-08-25,TPEX,4541,晟田,66.4,67.6,64.6,66.5,1878339.0
2026-08-25,TPEX,4542,科嶠,248.5,265.0,241.0,265.0,433345.0
2026-08-25,TPEX,4543,萬在,31.5,31.5,29.4,30.8,128502.0
2026-08-25,TPEX,4549,桓達,100.0,102.0,99.5,102.0,19965.0
2026-08-25,TPEX,4550,長佳,24.15,24.3,24.1,24.3,9499.0
2026-08-25,TPEX,4554,橙的,28.4,28.4,27.85,28.3,218191.0
2026-08-25,TPEX,4556,旭然,75.1,75.1,69.0,72.3,321630.0
2026-08-25,TPEX,4558,寶緯,17.7,17.7,17.15,17.55,26057.0
2026-08-25,TPEX,4561,健椿,44.3,44.45,42.8,44.15,245415.0
2026-08-25,TPEX,4563,百德,39.15,40.25,39.15,39.8,34644.0
2026-08-25,TPEX,4568,科際精密,,,,,32.0
2026-08-25,TPEX,4577,達航科技,74.6,75.5,70.8,75.5,244926.0
2026-08-25,TPEX,4580,捷流閥業,78.9,79.0,78.4,78.8,33088.0
2026-08-25,TPEX,4584,君帆,38.6,39.7,38.6,39.6,4395.0
2026-08-25,TPEX,4609,唐鋒,4.57,4.57,4.2,4.2,15249.0
2026-08-25,TPEX,4702,中美實,9.74,9.74,9.6,9.62,30191.0
2026-08-25,TPEX,4706,大恭,32.85,33.0,32.5,32.6,5239.0
2026-08-25,TPEX,4707,磐亞,35.1,35.55,33.9,35.15,5068574.0
2026-08-25,TPEX,4711,永純,16.6,16.75,16.5,16.7,31291.0
2026-08-25,TPEX,4714,永捷,10.75,10.75,10.6,10.65,286949.0
2026-08-25,TPEX,4716,大立,17.05,17.05,16.7,16.95,253595.0
2026-08-25,TPEX,4721,美琪瑪,72.0,73.5,71.7,73.5,256558.0
2026-08-25,TPEX,4726,永昕,24.25,24.4,24.0,24.4,41754.0
2026-08-25,TPEX,4728,雙美,399.0,399.0,399.0,399.0,2040.0
2026-08-25,TPEX,4729,熒茂,18.55,19.0,18.5,19.0,59631.0
2026-08-25,TPEX,4735,豪展,38.0,38.35,37.85,38.3,29937.0
2026-08-25,TPEX,4741,泓瀚,41.65,42.1,40.05,40.9,72011.0
2026-08-25,TPEX,4743,合一,47.55,47.55,46.45,46.95,1281240.0
2026-08-25,TPEX,4744,皇將,28.25,28.25,27.6,27.6,31539.0
2026-08-25,TPEX,4745,合富-KY,11.85,11.9,11.7,11.8,36877.0
2026-08-25,TPEX,4749,新應材,745.0,780.0,726.0,760.0,576412.0
2026-08-25,TPEX,4754,國碳科,38.4,38.4,38.15,38.15,12350.0
2026-08-25,TPEX,4760,勤凱,253.0,253.5,240.0,251.5,280932.0
2026-08-25,TPEX,4767,誠泰科技,27.2,27.5,27.2,27.5,18027.0
2026-08-25,TPEX,4768,晶呈科技,309.5,311.5,301.0,307.0,193052.0
2026-08-25,TPEX,4772,台特化,264.5,264.5,257.0,260.5,409311.0
2026-08-25,TPEX,4806,桂田文創,8.86,9.27,8.76,9.27,16206.0
2026-08-25,TPEX,4903,聯光通,35.55,36.3,35.35,36.0,706868.0
2026-08-25,TPEX,4905,台聯電,90.5,90.5,89.1,90.1,27228.0
2026-08-25,TPEX,4907,富宇,47.85,47.85,46.0,46.3,155111.0
2026-08-25,TPEX,4908,前鼎,147.0,162.0,140.0,162.0,1689243.0
2026-08-25,TPEX,4909,新復興,37.8,38.25,37.05,37.9,127323.0
2026-08-25,TPEX,4911,德英,29.1,29.1,28.9,29.1,11018.0
2026-08-25,TPEX,4923,力士,51.3,51.3,49.35,50.6,280101.0
2026-08-25,TPEX,4924,欣厚-KY,9.74,9.93,9.74,9.91,16000.0
2026-08-25,TPEX,4931,新盛力,252.0,259.0,238.5,245.0,9268115.0
2026-08-25,TPEX,4933,友輝,53.8,53.8,53.0,53.5,60540.0
2026-08-25,TPEX,4939,亞電,64.0,71.7,63.5,71.7,31984106.0
2026-08-25,TPEX,4946,辣椒,92.6,92.8,90.8,92.8,20617.0
2026-08-25,TPEX,4950,金耘國際,15.6,15.6,15.45,15.45,54001.0
2026-08-25,TPEX,4951,精拓科,76.4,76.6,75.1,76.6,152138.0
2026-08-25,TPEX,4953,緯致,123.0,123.0,121.5,122.5,124511.0
2026-08-25,TPEX,4966,譜瑞-KY,557.0,560.0,545.0,556.0,841593.0
2026-08-25,TPEX,4971,IET-KY,520.0,554.0,502.0,554.0,551120.0
2026-08-25,TPEX,4972,湯石照明,16.65,16.65,16.65,16.65,3369.0
2026-08-25,TPEX,4973,廣穎,154.0,155.0,149.5,155.0,1489546.0
2026-08-25,TPEX,4974,亞泰,68.5,68.5,67.5,68.3,95608.0
2026-08-25,TPEX,4979,華星光,536.0,601.0,520.0,601.0,16036882.0
2026-08-25,TPEX,4991,環宇-KY,435.0,451.5,418.5,445.0,4104983.0
2026-08-25,TPEX,4995,晶達,49.0,49.0,47.9,48.65,9193.0
2026-08-25,TPEX,5009,榮剛,34.45,34.45,33.65,33.75,1188125.0
2026-08-25,TPEX,5011,久陽,17.55,17.65,17.25,17.45,77939.0
2026-08-25,TPEX,5013,強新,28.25,28.25,28.0,28.0,3404.0
2026-08-25,TPEX,5014,建錩,10.2,10.2,10.1,10.1,122768.0
2026-08-25,TPEX,5015,華祺,21.45,21.45,21.05,21.4,7348.0
2026-08-25,TPEX,5016,松和,24.5,24.7,24.5,24.65,9000.0
2026-08-25,TPEX,5201,凱衛,26.35,26.5,26.0,26.5,13014.0
2026-08-25,TPEX,5202,力新,11.85,12.0,11.8,11.95,83350.0
2026-08-25,TPEX,5205,中茂,20.5,20.5,20.5,20.5,1193.0
2026-08-25,TPEX,5206,坤悅,23.0,23.2,22.6,23.2,138637.0
2026-08-25,TPEX,5209,新鼎,160.5,160.5,158.5,159.5,67094.0
2026-08-25,TPEX,5210,寶碩,28.9,29.1,28.6,29.1,74117.0
2026-08-25,TPEX,5211,蒙恬,19.0,19.55,19.0,19.55,14561.0
2026-08-25,TPEX,5212,凌網,47.0,47.0,46.65,46.65,4702.0
2026-08-25,TPEX,5213,亞昕,21.65,21.65,21.35,21.4,72879.0
2026-08-25,TPEX,5220,萬達光電,19.8,19.9,19.6,19.85,9005.0
2026-08-25,TPEX,5223,安力-KY,23.1,23.5,22.7,23.3,22234.0
2026-08-25,TPEX,5227,立凱-KY,31.0,31.0,30.5,30.7,176258.0
2026-08-25,TPEX,5228,鈺鎧,40.8,41.25,39.35,40.15,154686.0
2026-08-25,TPEX,5230,雷笛克光學,17.55,17.6,17.35,17.5,39509.0
2026-08-25,TPEX,5245,智晶,22.8,23.25,22.8,23.25,8312.0
2026-08-25,TPEX,5251,天鉞電,25.0,25.15,24.95,25.15,12545.0
2026-08-25,TPEX,5263,智崴,87.2,89.5,87.2,89.0,97836.0
2026-08-25,TPEX,5272,笙科,16.75,17.2,16.7,17.2,50339.0
2026-08-25,TPEX,5274,信驊,15115.0,15400.0,14805.0,15400.0,198954.0
2026-08-25,TPEX,5276,達輝-KY,19.1,19.1,18.45,18.45,32457.0
2026-08-25,TPEX,5278,尚凡*,24.4,24.45,24.3,24.4,65301.0
2026-08-25,TPEX,5287,數字,155.0,155.5,154.0,155.5,53969.0
2026-08-25,TPEX,5289,宜鼎,1545.0,1550.0,1475.0,1510.0,2182706.0
2026-08-25,TPEX,5291,邑昇,56.7,58.7,56.1,58.4,777389.0
2026-08-25,TPEX,5299,杰力,98.4,98.7,96.0,98.4,197232.0
2026-08-25,TPEX,5301,寶得利,5.18,5.73,5.18,5.57,20461.0
2026-08-25,TPEX,5302,太欣,10.45,10.45,10.2,10.35,212023.0
2026-08-25,TPEX,5309,系統電,52.3,52.3,50.8,52.2,701417.0
2026-08-25,TPEX,5310,天剛,24.1,24.1,24.0,24.0,5051.0
2026-08-25,TPEX,5312,寶島科,92.6,92.8,92.0,92.1,11988.0
2026-08-25,TPEX,5314,世紀*,31.45,31.45,31.45,31.45,5392515.0
2026-08-25,TPEX,5315,光聯,19.2,19.3,19.1,19.2,75856.0
2026-08-25,TPEX,5321,美而快,78.7,81.0,78.7,81.0,719128.0
2026-08-25,TPEX,5324,士開,12.2,12.3,12.1,12.3,255524.0
2026-08-25,TPEX,5328,華容,61.2,63.0,58.7,63.0,5266238.0
2026-08-25,TPEX,5340,建榮,75.9,77.7,75.3,77.0,1523384.0
2026-08-25,TPEX,5344,立衛,13.4,13.45,13.4,13.4,11000.0
2026-08-25,TPEX,5345,馥鴻,20.8,21.0,20.7,20.9,6774.0
2026-08-25,TPEX,5347,世界,151.5,151.5,146.5,150.5,9849746.0
2026-08-25,TPEX,5348,正能量智能,15.8,16.35,15.8,16.3,3131.0
2026-08-25,TPEX,5351,鈺創,114.5,116.0,111.0,115.5,13980472.0
2026-08-25,TPEX,5353,台林,28.45,28.45,27.8,28.0,28000.0
2026-08-25,TPEX,5355,佳總,5.78,5.85,5.45,5.85,30011.0
2026-08-25,TPEX,5356,協益,25.75,26.25,25.65,26.05,486950.0
2026-08-25,TPEX,5364,力麗店,8.57,8.57,8.41,8.48,28050.0
2026-08-25,TPEX,5381,光譜,24.5,24.6,24.2,24.6,221813.0
2026-08-25,TPEX,5386,青雲,240.0,241.0,228.5,236.0,798163.0
2026-08-25,TPEX,5392,能率,45.8,45.8,44.75,45.25,935248.0
2026-08-25,TPEX,5398,慕康生醫,14.35,14.55,14.15,14.25,46024.0
2026-08-25,TPEX,5403,中菲,92.3,92.8,91.6,92.8,33204.0
2026-08-25,TPEX,5410,國眾,36.7,36.7,36.25,36.55,233036.0
2026-08-25,TPEX,5425,台半,85.7,88.1,83.8,87.9,6527560.0
2026-08-25,TPEX,5426,振發,28.0,28.0,26.9,27.85,578849.0
2026-08-25,TPEX,5432,新門,146.0,146.0,137.5,141.0,93643.0
2026-08-25,TPEX,5438,東友,16.7,16.9,16.7,16.75,36555.0
2026-08-25,TPEX,5439,高技,239.0,241.5,233.0,241.5,959713.0
2026-08-25,TPEX,5443,均豪,102.0,103.5,99.0,102.5,744471.0
2026-08-25,TPEX,5450,南良,15.05,15.05,14.65,14.85,121013.0
2026-08-25,TPEX,5452,佶優,27.0,27.15,26.6,26.85,306401.0
2026-08-25,TPEX,5455,昇益,29.3,29.65,29.3,29.65,3000.0
2026-08-25,TPEX,5457,宣德,26.8,27.2,26.55,27.2,150624.0
2026-08-25,TPEX,5460,同協,16.0,17.0,16.0,16.75,107951.0
2026-08-25,TPEX,5464,霖宏,69.9,69.9,67.0,69.2,236985.0
2026-08-25,TPEX,5465,富驊,24.05,24.2,24.0,24.1,20404.0
2026-08-25,TPEX,5468,凱鈺,26.3,26.3,24.8,25.9,249913.0
2026-08-25,TPEX,5474,聰泰,151.0,152.0,148.5,150.5,86838.0
2026-08-25,TPEX,5475,德宏,156.0,173.0,156.0,173.0,1620445.0
2026-08-25,TPEX,5478,智冠,98.6,99.2,98.6,98.8,43324.0
2026-08-25,TPEX,5481,新華,21.3,21.7,21.1,21.5,709013.0
2026-08-25,TPEX,5483,中美晶,179.0,183.0,176.0,183.0,14612110.0
2026-08-25,TPEX,5487,通泰,29.7,29.85,29.1,29.25,54001.0
2026-08-25,TPEX,5488,松普,12.0,12.3,12.0,12.2,242957.0
2026-08-25,TPEX,5489,彩富,40.45,41.35,40.3,41.05,38060.0
2026-08-25,TPEX,5490,同亨,29.0,29.2,28.7,28.9,637764.0
2026-08-25,TPEX,5493,三聯,77.7,78.0,77.0,77.8,32412.0
2026-08-25,TPEX,5498,凱崴,50.5,52.2,48.9,52.1,1374180.0
2026-08-25,TPEX,5508,永信建,53.0,53.0,52.5,52.5,172216.0
2026-08-25,TPEX,5511,德昌,72.9,72.9,71.0,71.7,188164.0
2026-08-25,TPEX,5512,力麒,7.77,7.8,7.69,7.73,923649.0
2026-08-25,TPEX,5514,三豐,14.4,14.55,14.3,14.55,14000.0
2026-08-25,TPEX,5516,雙喜,11.7,11.95,11.65,11.9,11395.0
2026-08-25,TPEX,5520,力泰,,,,,27.0
2026-08-25,TPEX,5523,豐謙,30.2,30.35,30.2,30.35,17000.0
2026-08-25,TPEX,5529,鉅陞,21.15,21.4,21.15,21.4,47909.0
2026-08-25,TPEX,5530,龍巖,50.1,50.6,50.0,50.6,130478.0
2026-08-25,TPEX,5536,聖暉*,860.0,860.0,803.0,853.0,1277503.0
2026-08-25,TPEX,5543,桓鼎-KY,24.7,25.0,24.5,24.8,6288.0
2026-08-25,TPEX,5547,久舜,20.0,20.05,19.85,19.95,12252.0
2026-08-25,TPEX,5548,安倉,20.45,20.5,20.2,20.45,34005.0
2026-08-25,TPEX,5601,台聯櫃,30.5,30.5,29.8,30.05,3124.0
2026-08-25,TPEX,5603,陸海,14.45,15.2,14.45,14.65,232423.0
2026-08-25,TPEX,5604,中連,30.7,30.7,30.7,30.7,4508.0
2026-08-25,TPEX,5609,中菲行,79.5,79.9,79.1,79.1,159973.0
2026-08-25,TPEX,5701,劍湖山,4.11,4.21,3.96,4.21,126685.0
2026-08-25,TPEX,5703,亞都,15.4,15.4,14.9,14.9,3006.0
2026-08-25,TPEX,5704,老爺知,23.45,23.5,22.95,23.5,45188.0
2026-08-25,TPEX,5864,致和證,33.5,33.55,33.05,33.45,1324406.0
2026-08-25,TPEX,5878,台名,38.6,38.6,38.6,38.6,1052.0
2026-08-25,TPEX,5902,德記,34.65,34.85,34.65,34.8,24122.0
2026-08-25,TPEX,5903,全家,186.5,186.5,185.5,185.5,6273.0
2026-08-25,TPEX,5904,寶雅*,75.5,76.2,74.3,74.9,5543285.0
2026-08-25,TPEX,5905,南仁湖,7.92,7.95,7.88,7.9,162836.0
2026-08-25,TPEX,6015,宏遠證,15.75,15.75,15.45,15.55,976281.0
2026-08-25,TPEX,6016,康和證,19.2,19.3,19.0,19.3,1450600.0
2026-08-25,TPEX,6020,大展證,20.55,20.6,20.4,20.5,27048.0
2026-08-25,TPEX,6021,美好證,39.0,39.0,38.25,38.75,67103.0
2026-08-25,TPEX,6023,元大期,82.2,82.2,81.7,82.0,358271.0
2026-08-25,TPEX,6026,福邦證,14.65,14.7,14.5,14.7,590996.0
2026-08-25,TPEX,6028,公勝保經,96.0,97.0,92.0,96.7,33330.0
2026-08-25,TPEX,6101,寬魚國際,38.5,39.2,37.7,38.0,282825.0
2026-08-25,TPEX,6103,合邦,32.45,35.4,32.45,35.4,12966.0
2026-08-25,TPEX,6104,創惟,96.5,97.3,94.8,97.3,491439.0
2026-08-25,TPEX,6109,亞元,10.85,10.85,10.7,10.75,54116.0
2026-08-25,TPEX,6111,光聚晶電,36.1,36.35,35.8,36.15,81745.0
2026-08-25,TPEX,6113,亞矽,23.4,23.4,22.65,22.75,90542.0
2026-08-25,TPEX,6114,久威,25.05,25.55,25.05,25.55,11001.0
2026-08-25,TPEX,6118,建達,15.3,15.45,15.2,15.35,27330.0
2026-08-25,TPEX,6121,新普,393.0,398.0,388.5,398.0,367351.0
2026-08-25,TPEX,6122,擎邦,48.6,49.0,48.3,48.9,203222.0
2026-08-25,TPEX,6123,上奇,43.4,43.4,43.15,43.3,19117.0
2026-08-25,TPEX,6124,業強,,,,,1537.0
2026-08-25,TPEX,6125,廣運,51.8,51.8,50.2,51.6,1358349.0
2026-08-25,TPEX,6126,信音,29.6,29.75,29.25,29.75,227041.0
2026-08-25,TPEX,6127,九豪,48.0,48.0,46.15,47.75,1477988.0
2026-08-25,TPEX,6129,普誠,13.15,13.55,13.15,13.45,616669.0
2026-08-25,TPEX,6130,上亞科技,27.7,27.75,26.95,27.1,78886.0
2026-08-25,TPEX,6134,萬旭,28.1,28.2,27.7,28.1,81197.0
2026-08-25,TPEX,6138,茂達,276.0,283.0,268.5,283.0,449314.0
2026-08-25,TPEX,6140,訊達,17.6,17.6,17.0,17.25,62379.0
2026-08-25,TPEX,6143,振曜,89.4,89.4,88.5,89.2,186398.0
2026-08-25,TPEX,6144,得利影,13.4,13.45,12.75,12.9,34002.0
2026-08-25,TPEX,6146,耕興,192.0,195.0,189.5,195.0,438722.0
2026-08-25,TPEX,6147,頎邦,157.0,171.0,152.0,169.0,22978434.0
2026-08-25,TPEX,6148,驊宏資,27.2,27.4,26.9,27.4,122330.0
2026-08-25,TPEX,6150,撼訊,62.4,62.5,60.5,60.8,114062.0
2026-08-25,TPEX,6151,晉倫,35.6,36.2,35.5,35.9,65811.0
2026-08-25,TPEX,6154,順發,13.95,14.0,13.8,13.85,22228.0
2026-08-25,TPEX,6156,松上,20.75,20.75,20.2,20.55,381452.0
2026-08-25,TPEX,6158,禾昌,16.15,16.45,16.15,16.45,26641.0
2026-08-25,TPEX,6160,欣技,15.7,15.7,15.0,15.4,104267.0
2026-08-25,TPEX,6161,捷波,51.5,51.5,49.95,50.2,96998.0
2026-08-25,TPEX,6163,華電網,41.7,42.0,40.75,42.0,389721.0
2026-08-25,TPEX,6167,久正,10.55,10.55,10.4,10.5,210181.0
2026-08-25,TPEX,6169,昱泉,12.3,12.3,12.3,12.3,2096.0
2026-08-25,TPEX,6170,統振,47.5,48.3,47.5,47.9,250702.0
2026-08-25,TPEX,6171,大城地產,23.9,23.95,23.6,23.95,46000.0
2026-08-25,TPEX,6173,信昌電,201.0,205.0,190.5,203.5,6485470.0
2026-08-25,TPEX,6174,安碁,43.9,46.2,43.1,45.55,1100407.0
2026-08-25,TPEX,6175,立敦,73.0,73.2,70.3,71.8,827121.0
2026-08-25,TPEX,6179,亞通,27.55,27.8,27.05,27.4,2563188.0
2026-08-25,TPEX,6180,橘子,41.4,41.6,40.85,41.6,253083.0
2026-08-25,TPEX,6182,合晶,108.5,111.5,104.5,108.0,58128262.0
2026-08-25,TPEX,6185,幃翔,12.9,12.9,12.5,12.65,768396.0
2026-08-25,TPEX,6186,新潤,33.35,33.7,33.15,33.65,264415.0
2026-08-25,TPEX,6187,萬潤,1190.0,1270.0,1165.0,1270.0,2263240.0
2026-08-25,TPEX,6188,廣明,67.5,67.9,66.2,67.5,581546.0
2026-08-25,TPEX,6190,萬泰科,64.7,66.9,64.1,66.8,919784.0
2026-08-25,TPEX,6194,育富,29.6,29.65,29.5,29.5,45063.0
2026-08-25,TPEX,6195,詩肯,27.75,28.0,27.75,28.0,17904.0
2026-08-25,TPEX,6198,瑞築,19.5,19.8,19.5,19.8,2001.0
2026-08-25,TPEX,6199,天品,92.7,94.1,91.8,93.7,754273.0
2026-08-25,TPEX,6203,海韻電,59.6,59.9,59.6,59.9,45267.0
2026-08-25,TPEX,6204,艾華,85.0,85.0,80.6,81.8,110731.0
2026-08-25,TPEX,6207,雷科,100.0,101.5,96.2,100.5,1738438.0
2026-08-25,TPEX,6208,日揚,81.6,81.9,81.2,81.5,243573.0
2026-08-25,TPEX,6210,慶生,17.7,17.7,17.25,17.7,5056.0
2026-08-25,TPEX,6212,理銘,31.5,31.5,31.5,31.5,1300.0
2026-08-25,TPEX,6217,中探針,149.0,155.0,141.0,154.0,1762410.0
2026-08-25,TPEX,6218,豪勉,38.7,40.95,38.0,40.5,1841148.0
2026-08-25,TPEX,6219,富旺,12.2,12.3,12.1,12.3,62228.0
2026-08-25,TPEX,6220,岳豐,25.25,25.8,25.05,25.8,89335.0
2026-08-25,TPEX,6221,晉泰,23.0,23.0,22.7,22.9,75432.0
2026-08-25,TPEX,6222,立軒,20.15,20.4,20.15,20.2,3141.0
2026-08-25,TPEX,6223,旺矽,5485.0,5645.0,5370.0,5600.0,433895.0
2026-08-25,TPEX,6227,茂綸,120.0,120.0,115.5,117.5,247540.0
2026-08-25,TPEX,6228,全譜,17.2,17.2,16.5,16.85,6028.0
2026-08-25,TPEX,6229,研通,23.4,23.55,23.1,23.3,41709.0
2026-08-25,TPEX,6231,系微,209.0,215.0,205.5,210.0,211743.0
2026-08-25,TPEX,6233,旺玖,21.05,21.4,20.95,21.35,93297.0
2026-08-25,TPEX,6234,高僑,34.8,35.15,33.55,35.05,152314.0
2026-08-25,TPEX,6236,中湛,,,,,0.0
2026-08-25,TPEX,6237,驊訊,33.3,33.75,32.8,33.75,66218.0
2026-08-25,TPEX,6240,松崗,22.1,24.25,20.7,23.35,100661.0
2026-08-25,TPEX,6241,鑫永洋,17.55,18.05,17.1,17.15,312187.0
2026-08-25,TPEX,6242,立康,33.7,34.0,33.65,34.0,4204.0
2026-08-25,TPEX,6244,茂迪,24.45,24.7,24.1,24.55,1877670.0
2026-08-25,TPEX,6245,立端,81.3,81.4,80.5,81.2,344915.0
2026-08-25,TPEX,6246,臺龍,12.2,12.25,12.15,12.2,22180.0
2026-08-25,TPEX,6248,沛波,17.05,17.1,16.75,16.9,348424.0
2026-08-25,TPEX,6259,百徽,29.5,29.6,28.3,29.35,307322.0
2026-08-25,TPEX,6261,久元,78.8,80.0,77.3,79.9,350004.0
2026-08-25,TPEX,6263,普萊德,161.0,163.5,160.0,163.5,66639.0
2026-08-25,TPEX,6264,富裔,5.92,6.03,5.9,6.03,18175.0
2026-08-25,TPEX,6265,方土昶,61.7,61.7,58.7,59.4,6557002.0
2026-08-25,TPEX,6266,泰詠,25.0,25.15,24.85,25.15,80339.0
2026-08-25,TPEX,6270,倍微,28.85,29.1,28.4,29.1,117559.0
2026-08-25,TPEX,6274,台燿,1430.0,1485.0,1395.0,1485.0,5453462.0
2026-08-25,TPEX,6275,元山,45.4,45.4,44.0,44.35,180077.0
2026-08-25,TPEX,6276,安鈦克,19.85,21.1,19.85,20.7,27650.0
2026-08-25,TPEX,6279,胡連,126.0,128.0,125.0,127.5,310902.0
2026-08-25,TPEX,6284,佳邦,74.8,77.0,73.3,77.0,1055802.0
2026-08-25,TPEX,6290,良維,227.5,239.0,216.0,239.0,9152706.0
2026-08-25,TPEX,6291,沛亨,359.0,384.0,352.0,383.5,460563.0
2026-08-25,TPEX,6292,迅德,60.1,61.3,59.8,61.0,87439.0
2026-08-25,TPEX,6294,智基,28.6,28.65,28.6,28.65,4087.0
2026-08-25,TPEX,6411,晶焱,77.5,78.0,76.1,77.8,202771.0
2026-08-25,TPEX,6417,韋僑,108.0,108.5,105.5,108.0,53059.0
2026-08-25,TPEX,6418,詠昇,32.55,33.75,32.0,33.0,108885.0
2026-08-25,TPEX,6419,京晨科,158.0,158.0,151.5,153.0,336152.0
2026-08-25,TPEX,6423,億而得,78.8,79.6,77.8,79.6,20003.0
2026-08-25,TPEX,6425,易發,58.5,58.8,56.2,58.8,187210.0
2026-08-25,TPEX,6432,今展科,64.4,64.4,60.5,62.0,877593.0
2026-08-25,TPEX,6435,大中,254.5,262.5,251.0,261.5,529727.0
2026-08-25,TPEX,6441,廣錠,21.9,21.9,21.2,21.25,30078.0
2026-08-25,TPEX,6461,益得,15.7,15.85,15.65,15.85,50764.0
2026-08-25,TPEX,6462,神盾,98.9,99.4,97.8,99.4,246455.0
2026-08-25,TPEX,6465,威潤,46.35,46.35,43.6,45.55,176260.0
2026-08-25,TPEX,6469,大樹,69.0,69.0,68.4,68.6,299010.0
2026-08-25,TPEX,6470,宇智,41.5,42.25,41.2,41.7,30271.0
2026-08-25,TPEX,6474,華豫寧,38.95,38.95,38.6,38.8,52416.0
2026-08-25,TPEX,6482,弘煜科,26.8,26.8,24.8,25.0,140813.0
2026-08-25,TPEX,6485,點序,59.1,59.6,57.5,59.4,184398.0
2026-08-25,TPEX,6486,互動,73.9,74.1,73.5,74.1,57071.0
2026-08-25,TPEX,6488,環球晶,989.0,998.0,940.0,980.0,9687718.0
2026-08-25,TPEX,6492,生華科,35.0,35.75,34.7,35.5,503656.0
2026-08-25,TPEX,6494,九齊,53.2,53.4,52.4,53.3,94337.0
2026-08-25,TPEX,6496,科懋,24.55,24.55,24.2,24.5,8081.0
2026-08-25,TPEX,6498,久禾光,74.1,74.3,72.8,73.9,66206.0
2026-08-25,TPEX,6499,益安,63.6,65.6,63.6,65.4,134745.0
2026-08-25,TPEX,6506,雙邦,17.6,17.75,17.55,17.55,49338.0
2026-08-25,TPEX,6508,惠光,26.65,26.65,25.8,26.0,32422.0
2026-08-25,TPEX,6509,聚和,45.05,45.05,44.25,44.8,716616.0
2026-08-25,TPEX,6510,精測,2600.0,2695.0,2570.0,2680.0,147130.0
2026-08-25,TPEX,6512,啟發電,,,,,1218.0
2026-08-25,TPEX,6516,勤崴國際,57.4,57.7,56.9,57.5,31206.0
2026-08-25,TPEX,6517,保勝光學,64.0,65.6,62.8,65.2,386022.0
2026-08-25,TPEX,6523,達爾膚,89.9,90.0,89.9,90.0,10807.0
2026-08-25,TPEX,6527,明達醫,75.5,76.0,75.5,75.6,34187.0
2026-08-25,TPEX,6530,創威,79.3,85.2,78.3,84.6,961679.0
2026-08-25,TPEX,6532,瑞耘,89.7,89.7,87.5,89.3,621321.0
2026-08-25,TPEX,6535,順藥,77.4,78.1,73.8,77.5,609120.0
2026-08-25,TPEX,6538,倉和,200.0,210.5,192.0,205.5,5320233.0
2026-08-25,TPEX,6542,隆中,44.0,44.3,44.0,44.3,2000.0
2026-08-25,TPEX,6546,正基,62.8,63.0,61.6,62.4,177274.0
2026-08-25,TPEX,6547,高端疫苗,55.5,56.7,54.9,56.3,4071414.0
2026-08-25,TPEX,6548,長科*,70.8,70.8,67.4,70.3,2004830.0
2026-08-25,TPEX,6556,勝品,59.3,62.5,59.3,62.0,23665.0
2026-08-25,TPEX,6560,欣普羅,30.55,30.95,30.5,30.95,9255.0
2026-08-25,TPEX,6561,是方,318.5,322.0,318.5,322.0,29721.0
2026-08-25,TPEX,6568,宏觀,126.5,128.5,124.0,127.5,69982.0
2026-08-25,TPEX,6569,醫揚,91.1,91.3,90.8,91.3,37178.0
2026-08-25,TPEX,6570,維田,52.0,53.0,51.7,52.9,85250.0
2026-08-25,TPEX,6574,霈方,118.0,118.5,112.5,118.5,82589.0
2026-08-25,TPEX,6576,逸達,78.9,79.4,78.1,79.4,60079.0
2026-08-25,TPEX,6577,勁豐,80.0,80.7,79.6,80.0,46798.0
2026-08-25,TPEX,6578,達邦蛋白,17.9,18.05,17.7,18.05,41419.0
2026-08-25,TPEX,6584,南俊國際,586.0,595.0,577.0,594.0,291538.0
2026-08-25,TPEX,6588,東典光電,99.5,111.5,97.0,111.5,3404795.0
2026-08-25,TPEX,6590,普鴻,64.0,64.5,64.0,64.5,9481.0
2026-08-25,TPEX,6593,台灣銘板,32.15,32.15,32.15,32.15,4718.0
2026-08-25,TPEX,6596,寬宏藝術,96.2,96.5,95.6,96.3,100488.0
2026-08-25,TPEX,6597,立誠,72.0,72.2,71.9,72.2,10000.0
2026-08-25,TPEX,6603,富強鑫,26.2,26.4,25.85,26.25,865453.0
2026-08-25,TPEX,6609,瀧澤科,39.0,39.85,38.75,39.55,57017.0
2026-08-25,TPEX,6612,奈米醫材,72.2,73.7,72.0,73.5,56551.0
2026-08-25,TPEX,6613,朋億*,251.0,251.0,243.0,247.5,265678.0
2026-08-25,TPEX,6615,慧智,33.95,33.95,33.95,33.95,2305.0
2026-08-25,TPEX,6616,特昇-KY,8.42,8.42,8.15,8.32,20015.0
2026-08-25,TPEX,6617,共信-KY,112.0,118.0,111.0,115.5,2275927.0
2026-08-25,TPEX,6620,漢達,75.8,75.8,74.1,74.6,302428.0
2026-08-25,TPEX,6624,萬年清,42.85,42.85,42.7,42.8,4000.0
2026-08-25,TPEX,6629,泰金-KY,110.0,111.0,109.5,110.5,5005.0
2026-08-25,TPEX,6637,醫影,62.2,62.6,62.2,62.6,25576.0
2026-08-25,TPEX,6640,均華,955.0,986.0,928.0,980.0,168234.0
2026-08-25,TPEX,6642,富致,75.9,76.6,74.5,76.6,91998.0
2026-08-25,TPEX,6643,M31,402.5,414.5,399.0,414.5,137055.0
2026-08-25,TPEX,6649,台生材,35.6,35.6,35.0,35.35,9003.0
2026-08-25,TPEX,6651,全宇昕,139.0,142.0,137.0,142.0,153058.0
2026-08-25,TPEX,6654,天正國際,162.0,163.0,161.5,163.0,3362.0
2026-08-25,TPEX,6661,威健生技,,,,,0.0
2026-08-25,TPEX,6662,樂斯科,,,,,132.0
2026-08-25,TPEX,6664,群翊,346.0,352.0,333.5,346.0,592176.0
2026-08-25,TPEX,6667,信紘科,217.0,219.0,215.0,218.5,86413.0
2026-08-25,TPEX,6679,鈺太,196.0,198.0,192.0,198.0,142527.0
2026-08-25,TPEX,6680,鑫創電子,,,,,59.0
2026-08-25,TPEX,6683,雍智科技,1085.0,1130.0,1050.0,1130.0,334027.0
2026-08-25,TPEX,6684,安格,45.6,46.3,45.05,46.15,45937.0
2026-08-25,TPEX,6690,安碁資訊,165.0,166.0,164.5,164.5,50644.0
2026-08-25,TPEX,6692,進能服,24.2,24.2,23.9,24.15,7016.0
2026-08-25,TPEX,6693,廣閎科,161.0,166.0,159.5,165.5,408845.0
2026-08-25,TPEX,6697,東捷資訊,40.6,41.3,40.6,41.3,16335.0
2026-08-25,TPEX,6703,軒郁,103.0,103.5,102.5,103.0,31395.0
2026-08-25,TPEX,6708,天擎,37.0,37.8,36.5,37.8,27130.0
2026-08-25,TPEX,6712,長聖,158.0,159.0,154.5,156.0,547362.0
2026-08-25,TPEX,6716,應廣,122.5,128.5,120.5,127.5,843851.0
2026-08-25,TPEX,6720,久昌,130.0,134.0,130.0,134.0,9117.0
2026-08-25,TPEX,6721,信實,,,,,181.0
2026-08-25,TPEX,6725,矽科宏晟,223.0,226.5,218.0,223.0,61091.0
2026-08-25,TPEX,6727,亞泰金屬,452.5,475.0,440.0,470.5,1516858.0
2026-08-25,TPEX,6728,上洋,110.0,110.0,108.5,109.0,13112.0
2026-08-25,TPEX,6730,常廣,33.2,33.75,33.0,33.25,27000.0
2026-08-25,TPEX,6732,昇佳電子,150.0,150.5,148.0,149.5,86990.0
2026-08-25,TPEX,6733,博晟生醫,25.5,25.55,25.1,25.55,27303.0
2026-08-25,TPEX,6735,美達科技,62.5,63.2,61.9,62.4,82472.0
2026-08-25,TPEX,6739,竹陞科技,966.0,974.0,927.0,960.0,107900.0
2026-08-25,TPEX,6741,91APP*-KY,56.6,57.6,56.0,57.3,441902.0
2026-08-25,TPEX,6751,智聯服務,41.4,41.4,41.4,41.4,1099.0
2026-08-25,TPEX,6752,叡揚,96.5,96.8,94.1,96.8,21630.0
2026-08-25,TPEX,6761,穩得,183.0,183.0,175.0,181.0,319722.0
2026-08-25,TPEX,6762,達亞,162.0,165.0,162.0,164.0,4471.0
2026-08-25,TPEX,6763,綠界科技*,41.9,41.9,41.3,41.7,98320.0
2026-08-25,TPEX,6767,台微醫,25.0,25.0,25.0,25.0,1000.0
2026-08-25,TPEX,6785,昱展新藥,96.7,97.3,95.2,95.7,72537.0
2026-08-25,TPEX,6788,華景電,353.0,355.0,343.0,353.0,163386.0
2026-08-25,TPEX,6791,虎門科技,100.0,101.0,100.0,101.0,8184.0
2026-08-25,TPEX,6803,崑鼎,269.0,270.0,268.0,269.0,29876.0
2026-08-25,TPEX,6804,明係,18.15,18.8,18.05,18.25,68465.0
2026-08-25,TPEX,6811,宏碁資訊,225.0,227.0,224.5,225.5,54853.0
2026-08-25,TPEX,6821,聯寶,41.7,41.7,40.05,41.05,50233.0
2026-08-25,TPEX,6823,濾能,64.1,64.1,61.3,62.6,45012.0
2026-08-25,TPEX,6829,千附精密,214.0,219.0,210.5,217.5,463314.0
2026-08-25,TPEX,6840,東研信超,82.5,83.5,81.1,83.4,329577.0
2026-08-25,TPEX,6841,長佳智能,54.5,54.7,53.5,53.5,286680.0
2026-08-25,TPEX,6843,進典,,,,,0.0
2026-08-25,TPEX,6844,諾貝兒,59.6,60.3,59.5,60.3,8570.0
2026-08-25,TPEX,6846,綠茵,57.0,57.7,56.8,57.7,15065.0
2026-08-25,TPEX,6855,數泓科,,,,,114.0
2026-08-25,TPEX,6856,鑫傳,42.0,42.0,42.0,42.0,2000.0
2026-08-25,TPEX,6859,伯特光,112.0,112.0,106.5,107.5,24465.0
2026-08-25,TPEX,6865,偉康科技,24.7,25.5,24.6,25.5,21050.0
2026-08-25,TPEX,6870,騰雲,258.5,261.0,258.0,259.0,6426.0
2026-08-25,TPEX,6872,浩宇生醫,15.8,15.8,15.1,15.35,25000.0
2026-08-25,TPEX,6874,倍力,79.0,80.3,78.9,80.0,17998.0
2026-08-25,TPEX,6875,國邑*,32.0,32.15,31.65,32.0,31207.0
2026-08-25,TPEX,6877,鏵友益,114.0,114.5,110.5,114.5,23677.0
2026-08-25,TPEX,6881,潤德,,,,,73.0
2026-08-25,TPEX,6884,海柏特,,,,,500.0
2026-08-25,TPEX,6894,衛司特,323.0,324.0,320.0,324.0,25880.0
2026-08-25,TPEX,6895,宏碩系統,139.5,139.5,130.5,136.5,64692.0
2026-08-25,TPEX,6899,創為精密,49.4,50.0,49.35,50.0,10195.0
2026-08-25,TPEX,6903,巨漢,302.5,306.0,298.0,306.0,485138.0
2026-08-25,TPEX,6904,伯鑫,124.0,124.0,124.0,124.0,1193.0
2026-08-25,TPEX,6907,雅特力-KY,178.0,182.0,172.5,182.0,1106501.0
2026-08-25,TPEX,6910,德鴻,24.6,25.05,24.45,24.45,17055.0
2026-08-25,TPEX,6913,鴻呈,138.0,140.0,137.0,140.0,200540.0
2026-08-25,TPEX,6922,宸曜,205.5,210.0,201.5,204.0,268879.0
2026-08-25,TPEX,6925,意藍,50.7,50.7,50.4,50.4,3342.0
2026-08-25,TPEX,6929,佑全,23.15,23.2,23.15,23.2,4100.0
2026-08-25,TPEX,6945,圓祥生技,101.0,102.0,99.6,100.0,93686.0
2026-08-25,TPEX,6953,家碩,223.0,230.0,221.5,230.0,30309.0
2026-08-25,TPEX,6961,旅天下,50.8,51.4,50.8,51.4,4201.0
2026-08-25,TPEX,6967,汎瑋材料,72.9,72.9,70.8,72.6,60448.0
2026-08-25,TPEX,6968,萬達寵物,42.0,42.0,41.5,41.5,33078.0
2026-08-25,TPEX,6971,惠民實業,26.25,26.3,26.0,26.15,23205.0
2026-08-25,TPEX,6982,大井泵浦,47.5,48.5,47.3,48.1,16000.0
2026-08-25,TPEX,6983,華洋精機,293.0,293.0,282.5,290.5,36305.0
2026-08-25,TPEX,6986,和迅,42.8,42.8,40.7,42.3,59113.0
2026-08-25,TPEX,6996,力領科技,175.5,181.5,175.0,178.5,159519.0
2026-08-25,TPEX,6997,博弘,68.0,68.5,68.0,68.5,9432.0
2026-08-25,TPEX,7402,邑錡,105.0,107.0,103.5,106.0,155553.0
2026-08-25,TPEX,7547,碩網,51.1,51.1,51.1,51.1,3100.0
2026-08-25,TPEX,7556,意德士,244.0,250.0,244.0,249.0,17041.0
2026-08-25,TPEX,7584,樂意,25.55,26.1,24.95,26.1,6000.0
2026-08-25,TPEX,7642,昶瑞機電,77.7,79.0,77.3,78.5,7000.0
2026-08-25,TPEX,7703,銳澤,177.0,177.5,174.0,177.5,43837.0
2026-08-25,TPEX,7704,明遠精密,61.6,62.6,61.5,62.6,20109.0
2026-08-25,TPEX,7708,全家餐飲,92.2,92.3,92.2,92.3,5490.0
2026-08-25,TPEX,7709,榮田,69.3,70.4,68.6,69.3,37509.0
2026-08-25,TPEX,7712,博盛半導體,148.0,148.5,142.0,147.0,620901.0
2026-08-25,TPEX,7713,威力德生醫,72.9,72.9,72.9,72.9,1056.0
2026-08-25,TPEX,7714,創泓科技,176.5,176.5,167.5,170.0,278722.0
2026-08-25,TPEX,7715,裕山,32.4,32.4,30.15,30.15,61090.0
2026-08-25,TPEX,7716,昱臺國際,,,,,0.0
2026-08-25,TPEX,7717,萊德光電-KY,386.0,394.5,377.0,394.0,84667.0
2026-08-25,TPEX,7718,友鋮,47.0,47.5,46.8,47.0,15009.0
2026-08-25,TPEX,7723,築間,19.4,19.4,19.05,19.1,35798.0
2026-08-25,TPEX,7728,光焱科技,578.0,598.0,578.0,598.0,7504.0
2026-08-25,TPEX,7734,印能科技,2800.0,2935.0,2710.0,2890.0,312229.0
2026-08-25,TPEX,7738,東聯互動,168.5,169.0,168.0,169.0,9242.0
2026-08-25,TPEX,7743,金利食安,20.5,20.5,20.5,20.5,1029.0
2026-08-25,TPEX,7744,崴寶,480.0,505.0,475.0,505.0,99444.0
2026-08-25,TPEX,7747,昕奇雲端,114.0,114.0,114.0,114.0,202014.0
2026-08-25,TPEX,7751,竑騰,1685.0,1830.0,1655.0,1810.0,1731602.0
2026-08-25,TPEX,7753,星亞,38.15,38.15,37.15,37.3,12133.0
2026-08-25,TPEX,7757,金色三麥,89.1,89.1,88.9,88.9,3121.0
2026-08-25,TPEX,7767,仁大資訊,45.15,45.15,45.05,45.1,20230.0
2026-08-25,TPEX,7770,君曜,36.8,36.8,36.7,36.7,2158.0
2026-08-25,TPEX,7772,耀穎,85.7,86.7,83.9,85.2,50500.0
2026-08-25,TPEX,7777,能率亞洲,37.9,37.9,36.85,37.75,1046921.0
2026-08-25,TPEX,7782,光速火箭,,,,,128.0
2026-08-25,TPEX,7792,安葆,298.5,300.0,291.5,299.0,328158.0
2026-08-25,TPEX,7794,宏碁智新,28.05,28.8,28.0,28.8,10000.0
2026-08-25,TPEX,7805,威聯通,514.0,521.0,506.0,521.0,54305.0
2026-08-25,TPEX,7810,捷創科技,215.0,215.0,209.0,212.0,43565.0
2026-08-25,TPEX,7811,民盛,72.6,72.6,72.6,72.6,2362.0
2026-08-25,TPEX,7814,海昌生技,29.95,30.2,29.8,29.85,9115.0
2026-08-25,TPEX,7819,精誠金融,34.9,34.9,34.5,34.6,20113.0
2026-08-25,TPEX,7820,立盈,120.0,121.0,120.0,121.0,3590.0
2026-08-25,TPEX,7828,創新服務,1500.0,1555.0,1480.0,1520.0,131799.0
2026-08-25,TPEX,7839,達人網,44.2,45.0,44.0,45.0,9000.0
2026-08-25,TPEX,7842,天能綠電,100.5,109.0,99.8,107.5,132400.0
2026-08-25,TPEX,8024,佑華,13.1,13.1,12.9,13.1,27372.0
2026-08-25,TPEX,8027,鈦昇,167.5,169.5,161.0,169.5,953894.0
2026-08-25,TPEX,8032,光菱,35.5,35.9,35.25,35.7,17394.0
2026-08-25,TPEX,8034,榮群,18.4,18.7,18.3,18.7,56073.0
2026-08-25,TPEX,8038,長園科,30.25,30.7,30.0,30.7,110049.0
2026-08-25,TPEX,8040,九暘,69.4,70.7,67.6,70.7,160467.0
2026-08-25,TPEX,8042,金山電,97.6,99.4,93.2,98.9,2405440.0
2026-08-25,TPEX,8043,蜜望實,134.0,134.0,127.0,132.5,1711951.0
2026-08-25,TPEX,8044,網家,25.4,25.4,24.95,25.05,251092.0
2026-08-25,TPEX,8047,星雲,45.8,45.8,43.3,45.2,17239.0
2026-08-25,TPEX,8048,德勝,51.0,51.9,50.1,51.9,63758.0
2026-08-25,TPEX,8049,晶采,24.4,24.4,24.2,24.35,129501.0
2026-08-25,TPEX,8050,廣積,57.9,58.0,56.8,57.3,751948.0
2026-08-25,TPEX,8054,安國,80.0,81.5,78.6,81.4,667113.0
2026-08-25,TPEX,8059,凱碩,13.3,13.4,13.1,13.35,88717.0
2026-08-25,TPEX,8064,東捷,96.5,97.0,92.0,96.9,1393939.0
2026-08-25,TPEX,8066,來思達,14.95,14.95,14.8,14.8,4453.0
2026-08-25,TPEX,8067,志旭,11.9,12.25,11.9,12.2,13312.0
2026-08-25,TPEX,8068,全達,17.0,17.1,16.7,17.0,85051.0
2026-08-25,TPEX,8069,元太,157.5,159.0,155.0,158.5,3457759.0
2026-08-25,TPEX,8071,能率網通,23.55,23.65,23.0,23.65,339991.0
2026-08-25,TPEX,8074,鉅橡,53.6,54.2,52.4,54.1,400123.0
2026-08-25,TPEX,8076,伍豐,23.05,23.3,23.05,23.3,312290.0
2026-08-25,TPEX,8077,洛碁,41.55,41.6,39.2,40.0,15047.0
2026-08-25,TPEX,8080,泰霖,27.85,28.0,27.85,28.0,8003.0
2026-08-25,TPEX,8083,瑞穎,159.5,160.0,158.5,159.0,43499.0
2026-08-25,TPEX,8084,巨虹,47.0,49.0,46.35,46.9,331788.0
2026-08-25,TPEX,8085,福華,12.85,13.9,12.5,13.9,2289990.0
2026-08-25,TPEX,8086,宏捷科,111.0,116.0,109.0,115.5,3136312.0
2026-08-25,TPEX,8087,麗升能源,26.05,26.35,25.95,26.35,30012.0
2026-08-25,TPEX,8088,品安,46.0,46.15,44.6,46.1,515490.0
2026-08-25,TPEX,8089,康全電訊,18.25,18.25,17.7,18.2,99436.0
2026-08-25,TPEX,8091,翔名,216.0,216.0,209.0,215.0,206702.0
2026-08-25,TPEX,8092,建暐,14.1,14.1,13.2,13.55,183257.0
2026-08-25,TPEX,8093,保銳,27.3,28.95,26.55,27.35,208081.0
2026-08-25,TPEX,8096,擎亞,105.0,107.5,100.5,107.5,2762027.0
2026-08-25,TPEX,8097,常珵,47.35,49.45,47.35,49.45,149105.0
2026-08-25,TPEX,8099,大世科,58.1,58.9,58.0,58.9,42833.0
2026-08-25,TPEX,8102,傑霖科技,66.8,69.0,66.0,67.8,8529.0
2026-08-25,TPEX,8107,大億金茂,12.5,12.5,12.35,12.35,28003.0
2026-08-25,TPEX,8109,博大,130.0,130.0,125.5,128.5,245341.0
2026-08-25,TPEX,8111,立碁,62.6,66.9,61.1,65.6,12495040.0
2026-08-25,TPEX,8121,越峰,27.3,27.3,26.3,26.95,673268.0
2026-08-25,TPEX,8147,正淩,119.0,120.0,117.5,120.0,61709.0
2026-08-25,TPEX,8155,博智,312.5,324.5,310.0,324.0,430216.0
2026-08-25,TPEX,8171,天宇,19.7,19.8,19.65,19.8,38355.0
2026-08-25,TPEX,8176,智捷,9.87,9.87,9.68,9.74,134590.0
2026-08-25,TPEX,8182,加高,39.15,41.5,38.7,41.3,1040740.0
2026-08-25,TPEX,8183,精星,29.1,29.15,28.6,29.0,220081.0
2026-08-25,TPEX,8227,巨有科技,148.0,165.0,145.5,165.0,1910913.0
2026-08-25,TPEX,8234,新漢,67.2,67.2,65.5,66.3,288653.0
2026-08-25,TPEX,8240,華宏,41.3,41.9,40.7,41.75,63411.0
2026-08-25,TPEX,8255,朋程,145.5,146.5,141.5,146.0,270546.0
2026-08-25,TPEX,8272,全景軟體,60.6,62.5,60.6,62.5,3220.0
2026-08-25,TPEX,8277,商丞,8.01,8.1,7.98,8.05,65588.0
2026-08-25,TPEX,8279,生展,83.8,83.8,82.5,82.8,41434.0
2026-08-25,TPEX,8284,三竹,66.7,67.8,66.7,67.0,44683.0
2026-08-25,TPEX,8289,泰藝,46.1,47.25,44.1,47.0,401203.0
2026-08-25,TPEX,8291,尚茂,33.2,33.25,33.15,33.25,8576.0
2026-08-25,TPEX,8299,群聯,2110.0,2120.0,2000.0,2085.0,4364544.0
2026-08-25,TPEX,8342,益張,86.0,86.1,86.0,86.0,4000.0
2026-08-25,TPEX,8349,恒耀,39.2,39.2,38.75,39.15,69219.0
2026-08-25,TPEX,8354,冠好,17.45,17.7,17.2,17.7,80810.0
2026-08-25,TPEX,8358,金居,411.0,429.0,399.0,429.0,12093364.0
2026-08-25,TPEX,8383,千附,65.0,65.0,62.6,63.5,2104276.0
2026-08-25,TPEX,8390,金益鼎,101.0,102.0,98.7,100.0,684927.0
2026-08-25,TPEX,8401,白紗科,23.15,23.15,23.1,23.1,5050.0
2026-08-25,TPEX,8403,盛弘,19.15,19.25,19.0,19.2,102343.0
2026-08-25,TPEX,8409,商之器,18.0,18.3,17.9,17.9,9127.0
2026-08-25,TPEX,8410,森田,33.0,33.0,31.6,32.0,110438.0
2026-08-25,TPEX,8415,大國鋼,38.4,38.6,38.05,38.15,543798.0
2026-08-25,TPEX,8416,實威,168.5,169.0,168.5,168.5,8678.0
2026-08-25,TPEX,8421,旭源,13.75,13.8,13.5,13.8,115907.0
2026-08-25,TPEX,8423,保綠-KY,17.9,17.9,17.8,17.85,16861.0
2026-08-25,TPEX,8424,惠普,,,,,676.0
2026-08-25,TPEX,8426,紅木-KY,20.6,20.8,20.45,20.45,26442.0
2026-08-25,TPEX,8431,匯鑽科,45.6,45.65,44.7,45.3,102811.0
2026-08-25,TPEX,8432,東生華,50.7,50.8,50.1,50.4,20482.0
2026-08-25,TPEX,8433,弘帆,56.1,56.3,56.0,56.3,15739.0
2026-08-25,TPEX,8435,鉅邁,53.2,53.3,52.8,52.8,26298.0
2026-08-25,TPEX,8436,大江,124.5,125.0,122.5,124.5,539131.0
2026-08-25,TPEX,8437,大地-KY,9.05,9.16,9.0,9.16,22673.0
2026-08-25,TPEX,8440,綠電,20.7,20.7,20.4,20.7,81097.0
2026-08-25,TPEX,8444,綠河-KY,4.75,5.25,4.75,5.0,13210.0
2026-08-25,TPEX,8446,華研,85.0,85.0,84.7,84.9,30594.0
2026-08-25,TPEX,8450,霹靂,14.7,14.7,14.45,14.45,25050.0
2026-08-25,TPEX,8455,大拓-KY,25.0,25.0,23.2,24.0,6060.0
2026-08-25,TPEX,8472,夠麻吉,70.1,70.1,67.1,67.3,8093.0
2026-08-25,TPEX,8477,創業家,15.7,15.7,15.5,15.6,21001.0
2026-08-25,TPEX,8489,三貝德,22.8,22.9,22.55,22.85,28038.0
2026-08-25,TPEX,8905,裕國,34.2,34.9,34.15,34.9,4716.0
2026-08-25,TPEX,8906,花王,28.4,28.4,27.95,28.25,28010.0
2026-08-25,TPEX,8908,欣雄,40.05,40.3,39.6,40.1,17144.0
2026-08-25,TPEX,8916,光隆,40.5,40.55,40.3,40.5,33806.0
2026-08-25,TPEX,8917,欣泰,53.2,53.6,53.2,53.2,13021.0
2026-08-25,TPEX,8921,沈氏,17.35,17.35,17.35,17.35,1000.0
2026-08-25,TPEX,8923,時報,18.25,18.25,18.25,18.25,2000.0
2026-08-25,TPEX,8924,大田,50.6,50.6,50.3,50.4,47827.0
2026-08-25,TPEX,8927,北基,20.25,20.3,20.05,20.2,46148.0
2026-08-25,TPEX,8928,鉅明,23.75,24.55,23.75,24.5,121965.0
2026-08-25,TPEX,8929,富堡,13.2,13.3,13.2,13.3,3419.0
2026-08-25,TPEX,8930,青鋼,29.7,30.0,29.7,30.0,53140.0
2026-08-25,TPEX,8931,大汽電,40.85,41.0,40.1,41.0,15009.0
2026-08-25,TPEX,8932,智通*,105.0,113.0,105.0,112.0,7620141.0
2026-08-25,TPEX,8933,愛地雅,4.6,4.6,4.43,4.46,46101.0
2026-08-25,TPEX,8935,邦泰,18.05,18.35,17.8,18.1,143311.0
2026-08-25,TPEX,8936,國統,51.6,51.6,50.7,51.1,610979.0
2026-08-25,TPEX,8937,合騏*,27.5,27.5,26.25,26.4,77029.0
2026-08-25,TPEX,8938,明安,51.9,52.0,51.8,51.9,102062.0
2026-08-25,TPEX,8941,關中,44.65,44.7,44.6,44.6,7335.0
2026-08-25,TPEX,8942,森鉅,42.45,42.75,42.15,42.7,252367.0
2026-08-25,TPEX,9949,琉園,23.5,23.95,23.4,23.95,42084.0
2026-08-25,TPEX,9950,萬國通,10.3,10.35,10.1,10.2,38011.0
2026-08-25,TPEX,9951,皇田,54.3,54.3,53.1,53.9,45365.0
2026-08-25,TPEX,9960,邁達康,,,,,811.0
2026-08-25,TPEX,9962,有益,10.4,10.4,10.2,10.25,11689.0
