date,market,stock_id,name,open,high,low,close,volume
2026-09-23,TWSE,1101,台泥,24.35,24.8,24.15,24.55,29414044.0
2026-09-23,TWSE,1102,亞泥,35.35,35.45,34.9,35.45,6405564.0
2026-09-23,TWSE,1103,嘉泥,13.2,13.2,13.0,13.1,420478.0
2026-09-23,TWSE,1104,環泥,26.65,26.7,26.55,26.6,374933.0
2026-09-23,TWSE,1108,幸福,11.15,11.15,11.05,11.1,92955.0
2026-09-23,TWSE,1109,信大,13.4,13.4,13.3,13.35,69712.0
2026-09-23,TWSE,1110,東泥,15.35,15.6,15.05,15.05,371914.0
2026-09-23,TWSE,1201,味全,11.75,11.75,11.65,11.7,926725.0
2026-09-23,TWSE,1203,味王,45.65,45.65,43.35,43.35,7573.0
2026-09-23,TWSE,1210,大成,52.5,52.5,51.9,52.1,707946.0
2026-09-23,TWSE,1213,大飲,7.45,7.64,7.42,7.44,11000.0
2026-09-23,TWSE,1215,卜蜂,108.0,108.0,105.0,105.0,1435219.0
2026-09-23,TWSE,1216,統一,75.2,75.3,74.4,74.6,6519421.0
2026-09-23,TWSE,1217,愛之味,9.99,9.99,9.93,9.97,320497.0
2026-09-23,TWSE,1218,泰山,14.6,14.6,14.35,14.45,381412.0
2026-09-23,TWSE,1219,福壽,11.5,11.6,11.45,11.5,132455.0
2026-09-23,TWSE,1220,台榮,10.8,10.8,10.75,10.8,32831.0
2026-09-23,TWSE,1225,福懋油,24.8,24.8,24.5,24.5,15123.0
2026-09-23,TWSE,1227,佳格,28.45,28.45,28.05,28.2,439604.0
2026-09-23,TWSE,1229,聯華,40.55,40.55,39.95,39.95,3524662.0
2026-09-23,TWSE,1231,聯華食,80.3,80.3,79.6,79.8,198985.0
2026-09-23,TWSE,1232,大統益,155.0,155.5,154.5,154.5,68874.0
2026-09-23,TWSE,1233,天仁,28.2,28.2,28.1,28.1,13007.0
2026-09-23,TWSE,1234,黑松,33.3,33.3,33.05,33.05,88186.0
2026-09-23,TWSE,1235,興泰,39.0,39.4,37.45,37.45,24619.0
2026-09-23,TWSE,1236,宏亞,25.45,25.55,25.25,25.35,28817.0
2026-09-23,TWSE,1256,鮮活果汁-KY,170.5,171.0,167.0,167.5,78805.0
2026-09-23,TWSE,1301,台塑,65.8,66.5,64.5,64.6,18404604.0
2026-09-23,TWSE,1303,南亞,245.0,251.5,230.5,231.5,71431271.0
2026-09-23,TWSE,1304,台聚,12.35,12.35,12.2,12.25,1554948.0
2026-09-23,TWSE,1305,華夏,12.05,12.15,11.95,12.05,743646.0
2026-09-23,TWSE,1307,三芳,30.95,30.95,30.65,30.65,329215.0
2026-09-23,TWSE,1308,亞聚,14.25,14.25,14.05,14.15,577158.0
2026-09-23,TWSE,1309,台達化,13.8,13.85,13.65,13.75,936344.0
2026-09-23,TWSE,1310,台苯,8.92,8.92,8.7,8.73,2237724.0
2026-09-23,TWSE,1312,國喬,14.65,14.85,14.5,14.7,11685981.0
2026-09-23,TWSE,1313,聯成,12.45,12.45,12.1,12.2,2056305.0
2026-09-23,TWSE,1314,中石化,9.2,9.2,8.68,8.74,73718022.0
2026-09-23,TWSE,1315,達新,68.1,68.3,67.9,68.2,39097.0
2026-09-23,TWSE,1316,上曜,10.75,10.8,10.55,10.55,1180679.0
2026-09-23,TWSE,1319,東陽,80.5,80.5,79.5,79.7,1149113.0
2026-09-23,TWSE,1321,大洋,32.75,32.75,32.2,32.5,67000.0
2026-09-23,TWSE,1323,永裕,21.35,21.35,21.35,21.35,4499.0
2026-09-23,TWSE,1324,地球,10.0,10.0,9.98,9.98,10892.0
2026-09-23,TWSE,1325,恆大,25.75,26.0,25.6,25.85,147814.0
2026-09-23,TWSE,1326,台化,68.4,69.2,66.5,66.5,20038232.0
2026-09-23,TWSE,1337,再生-KY,4.48,4.48,4.42,4.42,153650.0
2026-09-23,TWSE,1338,廣華-KY,14.8,14.8,14.6,14.75,63429.0
2026-09-23,TWSE,1339,昭輝,43.1,43.35,42.7,43.1,24225.0
2026-09-23,TWSE,1340,勝悅-KY,5.26,5.26,5.2,5.24,75945.0
2026-09-23,TWSE,1341,富林-KY,60.0,60.0,60.0,60.0,1353.0
2026-09-23,TWSE,1342,八貫,101.5,101.5,100.0,100.5,84673.0
2026-09-23,TWSE,1402,遠東新,28.1,28.1,27.6,27.85,4713230.0
2026-09-23,TWSE,1409,新纖,24.6,24.75,24.1,24.1,9111079.0
2026-09-23,TWSE,1410,南染,24.4,24.6,24.1,24.25,263048.0
2026-09-23,TWSE,1413,宏洲,9.17,9.5,9.17,9.5,20242.0
2026-09-23,TWSE,1414,東和,17.25,17.25,17.1,17.2,36508.0
2026-09-23,TWSE,1416,廣豐,11.4,11.55,11.3,11.4,145268.0
2026-09-23,TWSE,1417,嘉裕,8.07,8.07,7.98,8.02,161773.0
2026-09-23,TWSE,1418,東華,17.55,17.6,17.35,17.35,37232.0
2026-09-23,TWSE,1419,新紡,66.6,66.6,65.7,65.9,52129.0
2026-09-23,TWSE,1423,利華,35.35,35.35,35.35,35.35,1755.0
2026-09-23,TWSE,1432,大魯閣,15.0,15.0,14.95,15.0,66946.0
2026-09-23,TWSE,1434,福懋,18.0,18.0,17.9,17.95,820852.0
2026-09-23,TWSE,1435,中福,23.0,23.3,22.6,22.6,7165.0
2026-09-23,TWSE,1436,華友聯,37.75,37.75,36.9,36.9,230024.0
2026-09-23,TWSE,1437,勤益控,33.0,33.0,32.75,32.8,68937.0
2026-09-23,TWSE,1438,三地開發,21.95,21.95,21.7,21.7,45008.0
2026-09-23,TWSE,1439,雋揚,29.3,29.3,28.3,28.3,12793.0
2026-09-23,TWSE,1440,南紡,13.45,13.45,13.2,13.25,2271519.0
2026-09-23,TWSE,1442,名軒,31.95,31.95,30.45,31.15,1463470.0
2026-09-23,TWSE,1443,立益物流,24.0,24.0,23.35,23.35,4808.0
2026-09-23,TWSE,1444,力麗,6.99,7.0,6.86,6.86,514109.0
2026-09-23,TWSE,1445,大宇,10.15,10.15,10.05,10.05,42954.0
2026-09-23,TWSE,1446,宏和,13.7,13.9,13.6,13.65,236260.0
2026-09-23,TWSE,1447,力鵬,6.52,6.54,6.4,6.4,805700.0
2026-09-23,TWSE,1449,佳和,12.55,12.6,12.3,12.35,414228.0
2026-09-23,TWSE,1451,年興,17.15,17.15,17.0,17.1,131244.0
2026-09-23,TWSE,1452,宏益,10.8,10.85,10.75,10.75,46861.0
2026-09-23,TWSE,1453,大將,11.0,11.0,10.85,10.9,34749.0
2026-09-23,TWSE,1454,台富,12.5,12.65,12.35,12.55,37552.0
2026-09-23,TWSE,1455,集盛,9.85,9.85,9.7,9.71,409984.0
2026-09-23,TWSE,1456,怡華,14.25,14.25,13.8,14.2,126200.0
2026-09-23,TWSE,1457,宜進,14.6,14.6,14.45,14.5,67428.0
2026-09-23,TWSE,1459,聯發,15.9,15.9,15.7,15.8,47754.0
2026-09-23,TWSE,1460,宏遠,6.39,6.39,6.27,6.3,142157.0
2026-09-23,TWSE,1463,強盛新,17.75,17.75,17.55,17.65,143021.0
2026-09-23,TWSE,1464,得力,10.05,10.05,9.96,10.0,361994.0
2026-09-23,TWSE,1465,偉全,11.65,11.7,11.5,11.6,173094.0
2026-09-23,TWSE,1466,聚隆,15.1,15.1,14.75,14.95,275284.0
2026-09-23,TWSE,1467,南緯,8.22,8.23,8.01,8.15,214081.0
2026-09-23,TWSE,1468,昶和,13.1,13.25,12.85,13.0,68000.0
2026-09-23,TWSE,1470,大統新創,24.45,24.45,24.15,24.45,11001.0
2026-09-23,TWSE,1471,首利,9.59,9.6,9.45,9.48,287994.0
2026-09-23,TWSE,1472,三洋實業,87.1,88.0,87.0,87.1,47090.0
2026-09-23,TWSE,1473,台南,19.6,19.6,19.5,19.5,130097.0
2026-09-23,TWSE,1474,弘裕,10.0,10.0,9.93,10.0,35699.0
2026-09-23,TWSE,1475,業旺,26.15,26.2,25.95,26.1,6200.0
2026-09-23,TWSE,1476,儒鴻,279.0,280.0,273.0,274.0,2066725.0
2026-09-23,TWSE,1477,聚陽,192.5,192.5,188.5,190.5,2119942.0
2026-09-23,TWSE,1503,士電,200.0,200.0,196.5,197.0,863639.0
2026-09-23,TWSE,1504,東元,69.8,69.8,68.6,68.6,4590638.0
2026-09-23,TWSE,1506,正道,9.8,9.81,9.72,9.73,90116.0
2026-09-23,TWSE,1512,瑞利,6.26,6.26,6.12,6.19,50501.0
2026-09-23,TWSE,1513,中興電,167.5,168.0,165.0,166.0,2115591.0
2026-09-23,TWSE,1514,亞力,103.5,103.5,101.5,102.0,601036.0
2026-09-23,TWSE,1515,力山,30.35,30.5,29.85,30.15,530273.0
2026-09-23,TWSE,1516,川飛,13.3,13.3,13.1,13.1,52589.0
2026-09-23,TWSE,1517,利奇,10.45,10.55,10.3,10.35,271226.0
2026-09-23,TWSE,1519,華城,726.0,726.0,712.0,712.0,546175.0
2026-09-23,TWSE,1521,大億,25.1,27.3,25.1,26.4,272423.0
2026-09-23,TWSE,1522,堤維西,26.55,26.55,25.35,26.3,551295.0
2026-09-23,TWSE,1524,耿鼎,26.45,26.45,26.1,26.1,249531.0
2026-09-23,TWSE,1525,江申,,,,,17.0
2026-09-23,TWSE,1526,日馳,15.0,15.0,14.65,14.65,111030.0
2026-09-23,TWSE,1527,鑽全,32.5,32.8,32.5,32.7,105160.0
2026-09-23,TWSE,1528,恩德,27.35,27.9,26.0,26.15,35909953.0
2026-09-23,TWSE,1529,樂事綠能,16.05,16.9,16.0,16.35,1818711.0
2026-09-23,TWSE,1530,亞崴,26.95,26.95,26.8,26.8,20765.0
2026-09-23,TWSE,1531,高林股,11.75,11.75,11.7,11.75,89336.0
2026-09-23,TWSE,1532,勤美,22.85,22.85,22.45,22.5,306199.0
2026-09-23,TWSE,1533,車王電,30.7,31.0,30.4,30.75,143623.0
2026-09-23,TWSE,1535,中宇,45.95,46.0,45.85,45.85,26589.0
2026-09-23,TWSE,1536,和大,47.1,47.1,46.25,46.35,947570.0
2026-09-23,TWSE,1537,廣隆,115.5,116.0,115.0,115.0,55064.0
2026-09-23,TWSE,1538,正峰,,,,,110.0
2026-09-23,TWSE,1539,巨庭,15.6,15.65,15.5,15.65,24829.0
2026-09-23,TWSE,1540,喬福,19.65,19.8,19.45,19.45,85180.0
2026-09-23,TWSE,1541,錩泰,21.0,21.0,21.0,21.0,1023.0
2026-09-23,TWSE,1558,伸興,110.0,112.0,110.0,111.5,138586.0
2026-09-23,TWSE,1560,中砂,935.0,960.0,929.0,950.0,3983118.0
2026-09-23,TWSE,1563,巧新,73.5,73.6,72.1,72.4,603317.0
2026-09-23,TWSE,1568,倉佑,31.7,31.7,30.6,30.6,299163.0
2026-09-23,TWSE,1582,信錦,71.3,71.3,70.6,70.6,425971.0
2026-09-23,TWSE,1583,程泰,46.5,46.75,46.4,46.4,15106.0
2026-09-23,TWSE,1587,吉茂,24.0,24.0,23.7,23.75,47782.0
2026-09-23,TWSE,1590,亞德客-KY,1270.0,1285.0,1245.0,1260.0,1220937.0
2026-09-23,TWSE,1597,直得,141.0,141.0,135.0,135.0,959290.0
2026-09-23,TWSE,1598,岱宇,21.0,21.0,20.35,20.45,177966.0
2026-09-23,TWSE,1603,華電,30.4,30.4,30.05,30.1,63568.0
2026-09-23,TWSE,1604,聲寶,23.55,23.65,23.55,23.55,121001.0
2026-09-23,TWSE,1605,華新,37.65,38.6,37.0,37.0,19721518.0
2026-09-23,TWSE,1608,華榮,36.1,36.3,35.6,35.6,1125727.0
2026-09-23,TWSE,1609,大亞,38.35,38.45,37.9,38.1,3790142.0
2026-09-23,TWSE,1611,中電,11.35,11.55,11.2,11.5,1108295.0
2026-09-23,TWSE,1612,宏泰,35.15,35.2,35.0,35.05,287334.0
2026-09-23,TWSE,1614,三洋電,31.45,31.45,31.05,31.1,93017.0
2026-09-23,TWSE,1615,大山,43.25,43.25,42.9,43.15,91146.0
2026-09-23,TWSE,1616,億泰,18.8,18.8,18.35,18.45,214486.0
2026-09-23,TWSE,1617,榮星,20.0,20.45,19.25,19.6,2088317.0
2026-09-23,TWSE,1618,合機,39.1,39.5,39.05,39.2,296113.0
2026-09-23,TWSE,1623,大東電,202.5,203.0,199.5,201.0,130204.0
2026-09-23,TWSE,1626,艾美特-KY,9.73,9.82,9.68,9.82,34248.0
2026-09-23,TWSE,1702,南僑,33.35,33.35,33.05,33.25,151080.0
2026-09-23,TWSE,1707,葡萄王,87.3,87.5,86.8,86.9,286339.0
2026-09-23,TWSE,1708,東鹼,50.9,50.9,50.0,50.1,1496143.0
2026-09-23,TWSE,1709,和益,43.1,47.4,41.35,45.95,82848609.0
2026-09-23,TWSE,1710,東聯,17.0,17.0,16.4,16.75,4911161.0
2026-09-23,TWSE,1711,永光,39.8,39.9,38.65,38.7,2832909.0
2026-09-23,TWSE,1712,興農,39.9,40.2,39.75,39.9,535474.0
2026-09-23,TWSE,1713,國化,41.45,41.55,41.3,41.35,143415.0
2026-09-23,TWSE,1714,和桐,16.2,16.2,15.95,16.1,7400591.0
2026-09-23,TWSE,1717,長興,72.6,72.9,71.0,71.0,4480652.0
2026-09-23,TWSE,1718,中纖,10.85,10.9,10.65,10.7,10222817.0
2026-09-23,TWSE,1720,生達,56.2,56.4,55.9,56.0,434288.0
2026-09-23,TWSE,1721,國慶科技,25.95,25.95,23.4,24.35,3133290.0
2026-09-23,TWSE,1722,台肥,42.3,42.35,41.75,41.85,4556677.0
2026-09-23,TWSE,1723,中碳,81.3,81.3,80.5,80.7,416306.0
2026-09-23,TWSE,1725,元禎,34.6,34.6,33.55,33.55,70892.0
2026-09-23,TWSE,1726,永記,76.7,76.9,76.6,76.9,16236.0
2026-09-23,TWSE,1727,中華化,103.0,107.0,99.6,106.0,6851763.0
2026-09-23,TWSE,1730,花仙子,51.4,51.4,51.3,51.3,8403.0
2026-09-23,TWSE,1731,美吾華,20.9,20.95,20.85,20.95,69803.0
2026-09-23,TWSE,1732,毛寶,26.0,26.2,26.0,26.2,77928.0
2026-09-23,TWSE,1733,五鼎,30.4,30.5,30.1,30.1,57023.0
2026-09-23,TWSE,1734,杏輝,31.65,32.05,31.65,32.0,165583.0
2026-09-23,TWSE,1735,日勝化,20.55,20.6,20.4,20.4,25090.0
2026-09-23,TWSE,1736,喬山,124.0,125.0,122.5,124.5,415976.0
2026-09-23,TWSE,1737,臺鹽,30.05,30.25,29.95,30.1,364911.0
2026-09-23,TWSE,1752,南光,31.3,31.5,31.3,31.4,32421.0
2026-09-23,TWSE,1760,寶齡富錦,54.0,54.0,53.4,53.6,109732.0
2026-09-23,TWSE,1762,中化生,34.4,34.4,33.5,33.65,83937.0
2026-09-23,TWSE,1773,勝一,164.5,165.0,162.0,162.0,653800.0
2026-09-23,TWSE,1776,展宇,18.35,18.5,17.85,18.15,59645.0
2026-09-23,TWSE,1783,和康生,36.55,36.55,36.1,36.4,54340.0
2026-09-23,TWSE,1786,科妍,43.65,43.65,42.6,42.85,215914.0
2026-09-23,TWSE,1789,神隆,19.15,19.15,18.85,18.85,314127.0
2026-09-23,TWSE,1795,美時,178.0,179.0,176.0,176.5,736044.0
2026-09-23,TWSE,1802,台玻,60.8,61.7,58.8,58.8,26413098.0
2026-09-23,TWSE,1805,寶徠,10.25,10.3,10.15,10.25,337030.0
2026-09-23,TWSE,1806,冠軍,8.0,8.02,7.98,7.98,161775.0
2026-09-23,TWSE,1808,潤隆,35.95,35.95,34.75,35.0,2041741.0
2026-09-23,TWSE,1809,中釉,39.4,40.9,38.85,40.6,3769718.0
2026-09-23,TWSE,1810,和成,24.1,24.15,23.7,23.85,1112163.0
2026-09-23,TWSE,1817,凱撒衛,40.55,40.55,40.25,40.3,45938.0
2026-09-23,TWSE,1903,士紙,47.35,47.4,46.8,47.15,68452.0
2026-09-23,TWSE,1904,正隆,24.8,25.45,24.55,25.0,2212423.0
2026-09-23,TWSE,1905,華紙,13.25,13.25,13.05,13.15,2066362.0
2026-09-23,TWSE,1906,寶隆,10.85,10.85,10.8,10.85,30828.0
2026-09-23,TWSE,1907,永豐餘,29.2,29.2,28.8,29.0,309793.0
2026-09-23,TWSE,1909,榮成,10.1,10.2,10.05,10.15,1254124.0
2026-09-23,TWSE,2002,中鋼,18.75,18.8,18.6,18.65,29039115.0
2026-09-23,TWSE,2006,東和鋼鐵,85.5,87.0,84.7,86.1,1510596.0
2026-09-23,TWSE,2007,燁興,6.82,6.97,6.82,6.95,63147.0
2026-09-23,TWSE,2008,高興昌,30.9,30.9,30.5,30.5,7313.0
2026-09-23,TWSE,2009,第一銅,39.9,40.45,39.7,40.1,1745085.0
2026-09-23,TWSE,2010,春源,21.9,22.15,21.8,22.05,951177.0
2026-09-23,TWSE,2012,春雨,14.3,14.3,14.1,14.15,19553.0
2026-09-23,TWSE,2013,中鋼構,41.65,41.65,41.25,41.35,26011.0
2026-09-23,TWSE,2014,中鴻,16.6,16.65,16.5,16.6,1271444.0
2026-09-23,TWSE,2015,豐興,64.7,64.7,64.0,64.2,101609.0
2026-09-23,TWSE,2017,官田鋼,8.95,9.16,8.76,8.94,630161.0
2026-09-23,TWSE,2020,美亞,21.4,21.5,21.35,21.5,191146.0
2026-09-23,TWSE,2022,聚亨,7.17,7.19,7.11,7.14,214037.0
2026-09-23,TWSE,2023,燁輝,13.65,13.65,13.55,13.6,786965.0
2026-09-23,TWSE,2024,志聯,12.95,12.95,12.95,12.95,12185.0
2026-09-23,TWSE,2025,千興,12.45,12.55,12.2,12.55,514000.0
2026-09-23,TWSE,2027,大成鋼,46.85,47.2,46.4,46.5,8426590.0
2026-09-23,TWSE,2028,威致,15.95,15.95,15.7,15.9,65441.0
2026-09-23,TWSE,2029,盛餘,21.3,21.3,20.95,21.1,138800.0
2026-09-23,TWSE,2030,彰源,24.3,27.25,24.3,27.25,11042702.0
2026-09-23,TWSE,2031,新光鋼,44.5,45.9,44.4,45.65,1427135.0
2026-09-23,TWSE,2032,新鋼,17.0,17.8,16.9,17.45,1139914.0
2026-09-23,TWSE,2033,佳大,35.0,37.3,34.6,37.3,1365679.0
2026-09-23,TWSE,2034,允強,21.5,22.4,21.3,21.95,7254339.0
2026-09-23,TWSE,2038,海光,12.15,12.2,12.0,12.1,172860.0
2026-09-23,TWSE,2049,上銀,337.0,338.0,331.0,331.0,1648560.0
2026-09-23,TWSE,2059,川湖,12900.0,13305.0,12670.0,12670.0,420250.0
2026-09-23,TWSE,2062,橋椿,18.25,18.25,18.05,18.05,95950.0
2026-09-23,TWSE,2069,運錩,24.25,26.3,24.15,25.6,4747216.0
2026-09-23,TWSE,2072,世紀風電,131.0,131.0,127.5,128.0,192369.0
2026-09-23,TWSE,2101,南港,30.5,30.6,29.95,29.95,2034265.0
2026-09-23,TWSE,2102,泰豐,17.05,17.15,16.5,16.65,1077313.0
2026-09-23,TWSE,2103,台橡,27.95,27.95,27.2,27.35,2248619.0
2026-09-23,TWSE,2104,國際中橡,10.65,10.75,10.5,10.6,3363489.0
2026-09-23,TWSE,2105,正新,30.3,30.3,30.0,30.0,3461428.0
2026-09-23,TWSE,2106,建大,16.65,16.65,16.4,16.45,902601.0
2026-09-23,TWSE,2107,厚生,27.05,27.1,26.8,27.0,134225.0
2026-09-23,TWSE,2108,南帝,28.85,28.85,28.6,28.6,254278.0
2026-09-23,TWSE,2109,華豐,14.85,14.85,14.75,14.8,30308.0
2026-09-23,TWSE,2114,鑫永銓,90.0,90.2,89.7,89.7,18171.0
2026-09-23,TWSE,2115,六暉-KY,23.65,23.95,23.65,23.75,35400.0
2026-09-23,TWSE,2201,裕隆,29.25,29.45,29.15,29.25,2073952.0
2026-09-23,TWSE,2204,中華,53.0,53.0,52.5,52.7,524145.0
2026-09-23,TWSE,2206,三陽工業,64.1,64.1,63.2,63.8,247423.0
2026-09-23,TWSE,2207,和泰車,530.0,530.0,521.0,521.0,134095.0
2026-09-23,TWSE,2208,台船,19.4,19.4,19.2,19.25,2310286.0
2026-09-23,TWSE,2211,長榮鋼,80.8,80.8,79.8,80.0,1081383.0
2026-09-23,TWSE,2227,裕日車,45.5,45.5,45.05,45.3,53260.0
2026-09-23,TWSE,2228,劍麟,74.5,75.0,74.2,74.4,95851.0
2026-09-23,TWSE,2231,為升,94.3,95.0,91.8,92.5,166028.0
2026-09-23,TWSE,2233,宇隆,162.0,167.0,162.0,165.0,576166.0
2026-09-23,TWSE,2236,百達-KY,111.0,113.5,109.5,112.5,387114.0
2026-09-23,TWSE,2237,華德動能-創,27.1,27.1,26.8,27.0,92722.0
2026-09-23,TWSE,2239,英利-KY,18.6,19.75,18.6,18.95,157627.0
2026-09-23,TWSE,2241,艾姆勒,38.0,41.05,36.85,41.05,6315136.0
2026-09-23,TWSE,2243,宏旭-KY,54.6,56.0,51.8,52.6,601493.0
2026-09-23,TWSE,2247,汎德永業,230.0,232.0,229.5,232.0,31972.0
2026-09-23,TWSE,2248,華勝-KY,60.5,61.9,60.1,61.7,32048.0
2026-09-23,TWSE,2250,IKKA-KY,57.0,57.4,56.4,56.4,37383.0
2026-09-23,TWSE,2254,巨鎧精密-創,79.1,82.1,79.1,82.1,1667999.0
2026-09-23,TWSE,2258,鴻華先進-創,31.5,31.5,30.35,30.9,424630.0
2026-09-23,TWSE,2301,光寶科,299.5,299.5,283.0,284.5,20206920.0
2026-09-23,TWSE,2302,麗正,44.9,45.0,43.65,43.7,2844166.0
2026-09-23,TWSE,2303,聯電,161.0,168.5,160.0,160.0,286598057.0
2026-09-23,TWSE,2305,全友,57.5,60.0,56.8,60.0,6816969.0
2026-09-23,TWSE,2308,台達電,1965.0,1965.0,1900.0,1900.0,16957990.0
2026-09-23,TWSE,2312,金寶,31.6,31.7,31.05,31.05,5608822.0
2026-09-23,TWSE,2313,華通,227.0,229.0,222.0,222.0,15506654.0
2026-09-23,TWSE,2314,台揚,11.7,11.7,11.1,11.1,102756.0
2026-09-23,TWSE,2316,楠梓電,158.0,164.5,158.0,160.5,2838547.0
2026-09-23,TWSE,2317,鴻海,252.0,254.0,250.5,253.0,38635614.0
2026-09-23,TWSE,2321,東訊,26.0,26.0,23.7,23.9,9792.0
2026-09-23,TWSE,2323,中環,10.9,10.95,10.75,10.85,6359248.0
2026-09-23,TWSE,2324,仁寶,38.0,38.1,37.05,37.05,38170830.0
2026-09-23,TWSE,2327,國巨*,578.0,588.0,566.0,571.0,42736611.0
2026-09-23,TWSE,2328,廣宇,48.2,48.2,47.0,47.0,1654590.0
2026-09-23,TWSE,2329,華泰,44.5,44.65,43.3,43.3,1910924.0
2026-09-23,TWSE,2330,台積電,2505.0,2510.0,2460.0,2460.0,22009927.0
2026-09-23,TWSE,2331,精英,19.55,19.65,19.2,19.2,640792.0
2026-09-23,TWSE,2332,友訊,21.15,21.15,20.0,20.2,18928219.0
2026-09-23,TWSE,2337,旺宏,122.5,123.5,118.0,118.0,24190725.0
2026-09-23,TWSE,2338,光罩,49.05,49.25,47.3,47.35,9962184.0
2026-09-23,TWSE,2340,台亞,34.85,35.2,34.1,34.1,2849398.0
2026-09-23,TWSE,2342,茂矽,41.25,43.0,41.25,42.15,5155677.0
2026-09-23,TWSE,2344,華邦電,179.0,180.5,170.5,171.0,97424949.0
2026-09-23,TWSE,2345,智邦,1900.0,1935.0,1865.0,1915.0,3976822.0
2026-09-23,TWSE,2347,聯強,91.0,91.0,89.0,89.9,1932164.0
2026-09-23,TWSE,2348,海悅,73.0,73.1,72.5,72.5,322098.0
2026-09-23,TWSE,2349,錸德,10.55,10.55,10.35,10.35,1272538.0
2026-09-23,TWSE,2351,順德,238.5,243.5,233.0,238.5,3789121.0
2026-09-23,TWSE,2352,佳世達,29.85,29.85,29.4,29.4,4168335.0
2026-09-23,TWSE,2353,宏碁,32.5,32.5,31.4,31.4,18207801.0
2026-09-23,TWSE,2354,鴻準,65.5,66.2,65.0,65.6,8906567.0
2026-09-23,TWSE,2355,敬鵬,41.8,42.1,41.5,41.5,1690137.0
2026-09-23,TWSE,2356,英業達,62.5,62.5,61.2,61.2,8627488.0
2026-09-23,TWSE,2357,華碩,956.0,956.0,942.0,953.0,1339183.0
2026-09-23,TWSE,2359,所羅門,133.0,133.0,129.5,130.0,2066213.0
2026-09-23,TWSE,2360,致茂,2395.0,2540.0,2350.0,2440.0,2946819.0
2026-09-23,TWSE,2362,藍天,48.7,48.75,47.55,47.9,407063.0
2026-09-23,TWSE,2363,矽統,60.0,63.0,58.0,60.3,45225870.0
2026-09-23,TWSE,2364,倫飛,68.1,69.0,67.1,67.5,359018.0
2026-09-23,TWSE,2365,昆盈,29.9,29.9,28.55,28.65,693529.0
2026-09-23,TWSE,2367,燿華,42.65,42.9,41.9,41.95,4598038.0
2026-09-23,TWSE,2368,金像電,1070.0,1075.0,1025.0,1040.0,8317821.0
2026-09-23,TWSE,2369,菱生,32.3,32.8,31.2,31.35,8673963.0
2026-09-23,TWSE,2371,大同,30.2,30.2,29.4,29.45,10913053.0
2026-09-23,TWSE,2373,震旦行,53.5,53.5,52.8,53.1,16414.0
2026-09-23,TWSE,2374,佳能,67.9,67.9,66.4,66.5,2016256.0
2026-09-23,TWSE,2375,凱美,121.0,122.0,118.5,118.5,1962353.0
2026-09-23,TWSE,2376,技嘉,373.0,375.0,360.5,366.5,6797095.0
2026-09-23,TWSE,2377,微星,156.0,156.5,153.5,153.5,4830764.0
2026-09-23,TWSE,2379,瑞昱,750.0,764.0,746.0,755.0,3730412.0
2026-09-23,TWSE,2380,虹光,17.05,17.05,16.5,16.5,91768.0
2026-09-23,TWSE,2382,廣達,348.5,349.0,340.0,342.0,11292711.0
2026-09-23,TWSE,2383,台光電,5100.0,5100.0,4855.0,4860.0,2101406.0
2026-09-23,TWSE,2385,群光,105.5,106.0,104.0,104.0,2196662.0
2026-09-23,TWSE,2387,精元,37.05,37.45,36.9,37.4,264445.0
2026-09-23,TWSE,2388,威盛,70.5,73.1,70.3,70.9,4635969.0
2026-09-23,TWSE,2390,云辰,10.3,10.3,10.1,10.15,266467.0
2026-09-23,TWSE,2392,正崴,44.75,44.85,43.0,43.45,4808572.0
2026-09-23,TWSE,2393,億光,64.6,64.6,63.1,63.6,1412826.0
2026-09-23,TWSE,2395,研華,719.0,720.0,702.0,703.0,1756338.0
2026-09-23,TWSE,2397,友通,62.0,63.9,62.0,62.5,280755.0
2026-09-23,TWSE,2399,映泰,50.2,50.2,47.2,47.5,8029229.0
2026-09-23,TWSE,2401,凌陽,26.4,26.6,25.6,25.75,3057885.0
2026-09-23,TWSE,2402,毅嘉,54.3,54.9,53.9,54.1,960980.0
2026-09-23,TWSE,2404,漢唐,1140.0,1175.0,1130.0,1140.0,1655529.0
2026-09-23,TWSE,2405,輔信,15.35,15.4,15.05,15.05,1226085.0
2026-09-23,TWSE,2406,國碩,30.95,31.0,29.5,30.1,33061443.0
2026-09-23,TWSE,2408,南亞科,530.0,533.0,496.0,497.0,63282202.0
2026-09-23,TWSE,2409,友達,34.9,36.65,34.0,36.65,1162430621.0
2026-09-23,TWSE,2412,中華電,145.0,145.0,143.0,145.0,5469034.0
2026-09-23,TWSE,2413,環科,54.0,54.1,51.6,53.0,8885890.0
2026-09-23,TWSE,2414,精技,53.2,53.2,52.7,53.1,85291.0
2026-09-23,TWSE,2415,錩新,27.25,27.3,26.7,27.0,138241.0
2026-09-23,TWSE,2417,圓剛,39.9,39.9,39.0,39.0,316734.0
2026-09-23,TWSE,2419,仲琦,30.35,30.35,29.25,29.25,8485769.0
2026-09-23,TWSE,2420,新巨,54.0,54.0,53.6,53.7,228341.0
2026-09-23,TWSE,2421,建準,168.5,170.5,167.0,167.0,1829549.0
2026-09-23,TWSE,2423,固緯,74.2,74.4,73.8,73.8,54090.0
2026-09-23,TWSE,2424,隴華,7.9,8.46,7.9,8.25,29398.0
2026-09-23,TWSE,2425,承啟,38.4,38.4,37.2,37.2,592075.0
2026-09-23,TWSE,2426,鼎元,101.5,103.5,98.0,98.8,32316192.0
2026-09-23,TWSE,2427,三商電,24.0,24.0,23.55,23.6,568193.0
2026-09-23,TWSE,2428,興勤,263.0,264.0,255.0,255.0,1381839.0
2026-09-23,TWSE,2429,銘旺科,32.2,32.2,31.0,31.1,193718.0
2026-09-23,TWSE,2430,燦坤,18.0,18.15,17.9,18.15,41036.0
2026-09-23,TWSE,2431,聯昌,10.3,10.4,10.15,10.25,108271.0
2026-09-23,TWSE,2432,倚天酷碁-創,27.2,27.45,27.2,27.3,22035.0
2026-09-23,TWSE,2433,互盛電,40.3,40.3,40.05,40.3,22085.0
2026-09-23,TWSE,2434,統懋,62.4,66.7,62.2,66.7,901373.0
2026-09-23,TWSE,2436,偉詮電,70.0,71.5,69.5,71.0,9048029.0
2026-09-23,TWSE,2438,翔耀,20.85,20.85,20.0,20.0,106267.0
2026-09-23,TWSE,2439,美律,78.5,79.0,77.5,78.1,871706.0
2026-09-23,TWSE,2440,太空梭,14.5,14.55,14.3,14.4,173002.0
2026-09-23,TWSE,2441,超豐,129.0,131.0,127.0,127.0,8632039.0
2026-09-23,TWSE,2442,新美齊,14.8,14.8,14.5,14.55,734348.0
2026-09-23,TWSE,2444,兆勁,14.5,15.15,13.25,14.55,6502371.0
2026-09-23,TWSE,2449,京元電子,314.0,330.0,312.0,317.0,72526468.0
2026-09-23,TWSE,2450,神腦,28.3,28.35,28.2,28.3,99176.0
2026-09-23,TWSE,2451,創見,288.5,289.0,282.0,285.0,1886282.0
2026-09-23,TWSE,2453,凌群,54.9,55.2,54.0,54.0,352177.0
2026-09-23,TWSE,2454,聯發科,5280.0,5480.0,5150.0,5180.0,12131543.0
2026-09-23,TWSE,2455,全新,570.0,570.0,537.0,547.0,18755075.0
2026-09-23,TWSE,2457,飛宏,22.5,22.55,22.05,22.1,828999.0
2026-09-23,TWSE,2458,義隆,132.0,132.0,129.0,129.5,1905883.0
2026-09-23,TWSE,2459,敦吉,65.9,65.9,65.3,65.6,39592.0
2026-09-23,TWSE,2460,建通,30.8,30.8,30.0,30.25,241351.0
2026-09-23,TWSE,2461,光群雷,17.8,17.85,17.35,17.35,558804.0
2026-09-23,TWSE,2462,良得電,19.75,19.95,19.7,19.9,182222.0
2026-09-23,TWSE,2464,盟立,195.0,201.0,190.0,190.5,11046575.0
2026-09-23,TWSE,2465,麗臺,93.5,94.0,91.1,91.1,1185190.0
2026-09-23,TWSE,2466,冠西電,111.5,120.0,111.5,115.5,2847575.0
2026-09-23,TWSE,2467,志聖,533.0,537.0,526.0,528.0,743564.0
2026-09-23,TWSE,2468,華經,47.05,47.05,45.5,46.85,2869403.0
2026-09-23,TWSE,2471,資通,53.8,53.8,52.2,52.2,382747.0
2026-09-23,TWSE,2472,立隆電,217.5,222.5,215.5,217.5,3002410.0
2026-09-23,TWSE,2474,可成,212.0,212.5,209.5,210.0,1539073.0
2026-09-23,TWSE,2476,鉅祥,124.5,125.5,122.5,123.5,1012699.0
2026-09-23,TWSE,2477,美隆電,23.25,23.45,22.85,23.2,335714.0
2026-09-23,TWSE,2478,大毅,123.0,124.0,119.5,120.0,1736423.0
2026-09-23,TWSE,2480,敦陽科,164.0,164.0,161.5,162.5,197786.0
2026-09-23,TWSE,2481,強茂,171.5,175.0,170.0,171.0,32263968.0
2026-09-23,TWSE,2482,連宇,15.95,16.8,15.95,16.4,227197.0
2026-09-23,TWSE,2483,百容,33.5,33.5,32.3,32.5,383448.0
2026-09-23,TWSE,2484,希華,71.0,71.2,69.6,69.6,2956102.0
2026-09-23,TWSE,2485,兆赫,41.25,41.35,39.8,39.8,2547902.0
2026-09-23,TWSE,2486,一詮,241.0,241.5,233.5,233.5,3177621.0
2026-09-23,TWSE,2488,漢平,49.1,49.8,48.8,49.1,153802.0
2026-09-23,TWSE,2489,瑞軒,43.1,43.7,41.9,41.95,29552768.0
2026-09-23,TWSE,2491,吉祥全,40.5,41.9,39.9,40.05,601503.0
2026-09-23,TWSE,2492,華新科,318.5,324.0,310.5,311.0,21974598.0
2026-09-23,TWSE,2493,揚博,185.0,201.0,182.5,194.5,4958962.0
2026-09-23,TWSE,2495,普安,39.1,39.6,38.25,38.45,1619210.0
2026-09-23,TWSE,2496,卓越,54.8,55.2,54.8,54.8,6323.0
2026-09-23,TWSE,2497,怡利電,44.0,44.0,43.5,43.5,186060.0
2026-09-23,TWSE,2498,宏達電,40.4,40.75,39.65,40.1,4952959.0
2026-09-23,TWSE,2501,國建,21.7,21.7,21.4,21.45,1315428.0
2026-09-23,TWSE,2504,國產,31.15,31.15,30.7,31.15,1769491.0
2026-09-23,TWSE,2505,國揚,17.0,17.15,17.0,17.15,238200.0
2026-09-23,TWSE,2506,太設,8.41,8.41,8.3,8.38,340901.0
2026-09-23,TWSE,2509,全坤建,15.0,15.2,14.5,14.55,175050.0
2026-09-23,TWSE,2511,太子,8.5,8.5,8.39,8.42,496866.0
2026-09-23,TWSE,2514,龍邦,11.8,11.8,11.7,11.8,48272.0
2026-09-23,TWSE,2515,中工,12.0,12.0,11.85,11.9,3508982.0
2026-09-23,TWSE,2516,新建,15.0,15.0,14.85,14.85,155502.0
2026-09-23,TWSE,2520,冠德,38.4,38.4,36.75,37.25,1369277.0
2026-09-23,TWSE,2524,京城,36.0,36.0,34.9,35.4,54848.0
2026-09-23,TWSE,2527,宏璟,47.4,48.8,47.35,48.15,1099295.0
2026-09-23,TWSE,2528,皇普,20.6,20.65,20.25,20.45,349064.0
2026-09-23,TWSE,2530,華建,20.3,20.6,20.0,20.4,655874.0
2026-09-23,TWSE,2534,宏盛,17.15,17.15,16.85,17.0,175075.0
2026-09-23,TWSE,2535,達欣工,90.1,90.2,89.5,89.8,264482.0
2026-09-23,TWSE,2536,宏普,19.6,19.6,19.45,19.5,315886.0
2026-09-23,TWSE,2537,聯上發,11.3,11.4,11.3,11.35,494893.0
2026-09-23,TWSE,2538,基泰,8.53,8.66,8.52,8.61,745175.0
2026-09-23,TWSE,2539,櫻花建,35.3,35.3,35.0,35.25,341624.0
2026-09-23,TWSE,2540,愛山林,49.7,49.7,48.95,49.5,206622.0
2026-09-23,TWSE,2542,興富發,46.8,46.8,45.4,45.45,22311403.0
2026-09-23,TWSE,2543,皇昌,38.4,38.65,38.15,38.15,612993.0
2026-09-23,TWSE,2545,皇翔,34.85,34.85,34.15,34.3,128597.0
2026-09-23,TWSE,2546,根基,105.5,106.0,104.5,106.0,107410.0
2026-09-23,TWSE,2547,日勝生,10.05,10.05,9.93,9.95,1034181.0
2026-09-23,TWSE,2548,華固,94.6,94.6,93.5,94.3,616447.0
2026-09-23,TWSE,2597,潤弘,172.0,172.0,168.0,168.5,185193.0
2026-09-23,TWSE,2601,益航,5.92,5.93,5.84,5.91,4011556.0
2026-09-23,TWSE,2603,長榮,242.0,243.5,240.0,242.5,6321791.0
2026-09-23,TWSE,2605,新興,37.6,37.75,37.1,37.1,5164616.0
2026-09-23,TWSE,2606,裕民,77.8,77.8,76.3,76.7,2274843.0
2026-09-23,TWSE,2607,榮運,53.9,53.9,53.3,53.7,232726.0
2026-09-23,TWSE,2608,嘉里大榮,29.0,29.1,28.75,28.8,94117.0
2026-09-23,TWSE,2609,陽明,61.3,61.4,60.4,60.8,16601037.0
2026-09-23,TWSE,2610,華航,20.35,20.5,20.25,20.5,20154934.0
2026-09-23,TWSE,2611,志信,14.55,14.55,14.25,14.25,591625.0
2026-09-23,TWSE,2612,中航,63.6,63.6,62.8,62.9,181480.0
2026-09-23,TWSE,2613,中櫃,22.25,22.4,22.15,22.3,114657.0
2026-09-23,TWSE,2614,東森,18.2,18.3,18.15,18.25,766076.0
2026-09-23,TWSE,2615,萬海,118.5,119.5,116.5,116.5,8707967.0
2026-09-23,TWSE,2616,山隆,13.3,13.35,13.25,13.35,94001.0
2026-09-23,TWSE,2617,台航,33.3,33.35,32.95,33.1,584460.0
2026-09-23,TWSE,2618,長榮航,42.2,42.5,41.75,42.5,18311354.0
2026-09-23,TWSE,2630,亞航,47.55,47.55,47.0,47.0,456511.0
2026-09-23,TWSE,2633,台灣高鐵,25.85,25.85,25.55,25.6,5707955.0
2026-09-23,TWSE,2634,漢翔,64.0,64.2,63.0,63.1,5761215.0
2026-09-23,TWSE,2636,台驊控股,70.1,70.7,69.7,70.7,203735.0
2026-09-23,TWSE,2637,慧洋-KY,103.0,103.0,100.5,100.5,2029861.0
2026-09-23,TWSE,2642,宅配通,20.25,20.5,20.2,20.5,33997.0
2026-09-23,TWSE,2645,長榮航太,175.0,175.0,172.0,172.5,971542.0
2026-09-23,TWSE,2646,星宇航空,20.25,20.3,20.15,20.3,3940666.0
2026-09-23,TWSE,2701,萬企,10.4,10.4,10.3,10.35,56023.0
2026-09-23,TWSE,2702,華園,12.9,12.95,12.85,12.9,29149.0
2026-09-23,TWSE,2704,國賓,46.05,46.05,45.05,45.05,48213.0
2026-09-23,TWSE,2705,六福,15.35,15.4,15.2,15.25,106023.0
2026-09-23,TWSE,2706,第一店,12.2,12.2,12.1,12.15,23321.0
2026-09-23,TWSE,2707,晶華,177.5,178.5,177.5,178.0,153921.0
2026-09-23,TWSE,2712,遠雄來,13.45,13.5,13.45,13.5,5200.0
2026-09-23,TWSE,2722,夏都,21.1,21.2,21.0,21.2,25686.0
2026-09-23,TWSE,2723,美食-KY,79.9,79.9,78.5,79.2,161669.0
2026-09-23,TWSE,2727,王品,226.5,229.0,226.5,228.0,169208.0
2026-09-23,TWSE,2731,雄獅,144.5,144.5,143.0,143.5,201868.0
2026-09-23,TWSE,2739,寒舍,37.2,37.45,36.6,37.0,81539.0
2026-09-23,TWSE,2748,雲品,38.9,38.9,38.7,38.7,12237.0
2026-09-23,TWSE,2753,八方雲集,179.5,181.0,179.0,181.0,134729.0
2026-09-23,TWSE,2762,世界健身-KY,79.9,80.5,79.9,80.1,48270.0
2026-09-23,TWSE,2801,彰銀,28.7,28.7,28.3,28.35,14996270.0
2026-09-23,TWSE,2812,台中銀,19.25,19.3,19.15,19.25,9842479.0
2026-09-23,TWSE,2816,旺旺保,40.95,40.95,40.15,40.35,251408.0
2026-09-23,TWSE,2820,華票,17.4,17.45,17.25,17.3,2133590.0
2026-09-23,TWSE,2832,台產,58.9,58.9,58.1,58.3,161318.0
2026-09-23,TWSE,2834,臺企銀,18.4,18.45,18.2,18.25,16455807.0
2026-09-23,TWSE,2836,高雄銀,12.25,12.35,12.25,12.3,901652.0
2026-09-23,TWSE,2838,聯邦銀,21.65,21.65,21.35,21.5,1156623.0
2026-09-23,TWSE,2845,遠東銀,13.6,13.6,13.45,13.5,3406781.0
2026-09-23,TWSE,2849,安泰銀,16.3,16.3,16.0,16.1,98819.0
2026-09-23,TWSE,2850,新產,161.0,161.0,159.0,159.0,68790.0
2026-09-23,TWSE,2851,中再保,48.4,48.4,47.2,47.4,1837125.0
2026-09-23,TWSE,2852,第一保,28.15,28.35,28.05,28.25,203444.0
2026-09-23,TWSE,2855,統一證,57.3,59.7,56.6,56.9,9097963.0
2026-09-23,TWSE,2880,華南金,47.35,47.35,46.35,46.55,8500509.0
2026-09-23,TWSE,2881,富邦金,156.5,156.5,153.5,154.5,17070787.0
2026-09-23,TWSE,2882,國泰金,114.5,114.5,111.0,112.0,15772789.0
2026-09-23,TWSE,2883,凱基金,40.8,40.8,39.3,39.3,47074088.0
2026-09-23,TWSE,2884,玉山金,46.75,46.75,45.8,46.05,17191693.0
2026-09-23,TWSE,2885,元大金,71.1,71.7,70.2,70.6,23313467.0
2026-09-23,TWSE,2886,兆豐金,51.8,51.8,50.3,50.5,21285539.0
2026-09-23,TWSE,2887,台新新光金,44.4,44.4,42.9,42.9,47245611.0
2026-09-23,TWSE,2889,國票金,16.9,16.95,16.8,16.85,5934928.0
2026-09-23,TWSE,2890,永豐金,46.35,46.35,45.25,45.4,13630029.0
2026-09-23,TWSE,2891,中信金,71.0,71.0,69.5,69.6,16809301.0
2026-09-23,TWSE,2892,第一金,40.45,40.45,39.7,39.9,19900972.0
2026-09-23,TWSE,2897,王道銀行,11.25,11.25,11.05,11.1,3750675.0
2026-09-23,TWSE,2901,欣欣,23.2,25.5,23.2,24.4,221777.0
2026-09-23,TWSE,2903,遠百,22.4,22.45,22.3,22.3,384458.0
2026-09-23,TWSE,2904,匯僑,12.7,12.7,12.55,12.6,14821.0
2026-09-23,TWSE,2905,三商,18.75,18.9,18.5,18.55,1473362.0
2026-09-23,TWSE,2906,高林,13.75,13.75,13.55,13.6,48509.0
2026-09-23,TWSE,2908,特力,21.9,22.05,21.85,22.05,265436.0
2026-09-23,TWSE,2910,統領,24.1,24.1,23.7,23.8,13000.0
2026-09-23,TWSE,2911,麗嬰房,6.22,6.22,6.13,6.2,127334.0
2026-09-23,TWSE,2912,統一超,216.0,216.0,214.0,214.0,963738.0
2026-09-23,TWSE,2913,農林,11.1,11.1,10.95,11.05,818151.0
2026-09-23,TWSE,2915,潤泰全,59.5,59.8,59.1,59.3,1504534.0
2026-09-23,TWSE,2923,鼎固-KY,27.0,27.0,25.95,26.4,84100.0
2026-09-23,TWSE,2929,淘帝-KY,5.88,5.88,5.76,5.79,46577.0
2026-09-23,TWSE,2939,永邑-KY,19.8,19.95,19.8,19.95,9002.0
2026-09-23,TWSE,2945,三商家購,40.7,40.7,40.35,40.6,14253.0
2026-09-23,TWSE,3002,歐格,19.8,20.4,18.95,19.5,782856.0
2026-09-23,TWSE,3003,健和興,59.2,59.4,58.1,58.3,573792.0
2026-09-23,TWSE,3004,豐達科,119.0,119.0,117.5,117.5,171722.0
2026-09-23,TWSE,3005,神基,119.5,119.5,117.0,118.5,1815746.0
2026-09-23,TWSE,3006,晶豪科,288.5,290.5,278.0,278.5,9766932.0
2026-09-23,TWSE,3008,大立光,6510.0,6750.0,6390.0,6405.0,2454340.0
2026-09-23,TWSE,3010,華立,126.5,126.5,124.0,124.5,378741.0
2026-09-23,TWSE,3011,今皓,10.2,10.2,9.99,10.05,240868.0
2026-09-23,TWSE,3013,晟銘電,84.1,86.7,83.1,83.1,754735.0
2026-09-23,TWSE,3014,聯陽,142.5,142.5,138.0,139.0,3657873.0
2026-09-23,TWSE,3015,全漢,53.3,54.0,53.0,53.1,396268.0
2026-09-23,TWSE,3016,嘉晶,125.0,132.5,124.5,132.5,30369344.0
2026-09-23,TWSE,3017,奇鋐,3500.0,3505.0,3385.0,3390.0,2288258.0
2026-09-23,TWSE,3018,隆銘綠能,12.0,12.2,11.9,11.9,60713.0
2026-09-23,TWSE,3019,亞光,138.0,138.0,135.0,135.0,1889313.0
2026-09-23,TWSE,3021,鴻名,26.5,26.5,25.3,25.3,632184.0
2026-09-23,TWSE,3022,威強電,93.4,93.8,91.5,91.5,1048535.0
2026-09-23,TWSE,3023,信邦,325.0,325.0,317.5,320.5,487602.0
2026-09-23,TWSE,3024,憶聲,14.95,14.95,14.45,14.45,1387098.0
2026-09-23,TWSE,3025,星通,52.4,52.8,51.7,51.7,109675.0
2026-09-23,TWSE,3026,禾伸堂,822.0,856.0,770.0,780.0,12453517.0
2026-09-23,TWSE,3027,盛達,19.5,19.5,18.35,18.8,995984.0
2026-09-23,TWSE,3028,增你強,63.4,63.7,62.3,62.3,645293.0
2026-09-23,TWSE,3029,零壹,121.0,124.0,121.0,121.0,2336064.0
2026-09-23,TWSE,3030,德律,272.0,273.0,267.0,268.0,580592.0
2026-09-23,TWSE,3031,佰鴻,28.1,28.75,27.3,28.7,3083633.0
2026-09-23,TWSE,3032,偉訓,79.6,81.5,77.5,77.9,673964.0
2026-09-23,TWSE,3033,威健,42.3,42.35,41.4,41.45,2226519.0
2026-09-23,TWSE,3034,聯詠,553.0,567.0,549.0,557.0,3863999.0
2026-09-23,TWSE,3035,智原,196.0,210.0,195.5,203.0,15188469.0
2026-09-23,TWSE,3036,文曄,208.0,209.0,205.0,205.0,7809360.0
2026-09-23,TWSE,3037,欣興,1120.0,1120.0,1105.0,1120.0,10824677.0
2026-09-23,TWSE,3038,全台,20.3,20.35,20.2,20.25,170648.0
2026-09-23,TWSE,3040,遠見,36.0,36.0,34.9,34.9,215208.0
2026-09-23,TWSE,3041,揚智,24.1,24.45,23.65,23.7,775043.0
2026-09-23,TWSE,3042,晶技,186.5,188.0,183.5,183.5,6734712.0
2026-09-23,TWSE,3043,科風,20.85,21.25,20.7,20.7,68521.0
2026-09-23,TWSE,3044,健鼎,534.0,545.0,533.0,539.0,4201331.0
2026-09-23,TWSE,3045,台灣大,125.0,125.0,122.5,123.0,14859045.0
2026-09-23,TWSE,3046,建碁,54.3,54.3,54.0,54.1,131247.0
2026-09-23,TWSE,3047,訊舟,15.3,15.3,14.65,14.8,3774926.0
2026-09-23,TWSE,3048,益登,51.8,51.9,50.3,50.5,833056.0
2026-09-23,TWSE,3049,精金,12.65,13.3,12.55,12.85,17344815.0
2026-09-23,TWSE,3050,鈺德,11.8,11.8,11.5,11.6,519894.0
2026-09-23,TWSE,3051,力特,23.1,23.7,22.85,23.05,1094267.0
2026-09-23,TWSE,3052,夆典,10.45,10.45,10.35,10.35,222887.0
2026-09-23,TWSE,3054,立萬利,58.8,59.3,57.1,58.5,144760.0
2026-09-23,TWSE,3055,蔚華科,196.0,206.5,189.5,206.5,8151045.0
2026-09-23,TWSE,3056,富華新,14.4,14.4,14.15,14.25,616217.0
2026-09-23,TWSE,3057,喬鼎,16.35,16.7,16.35,16.5,54928.0
2026-09-23,TWSE,3058,立德,8.32,8.33,8.1,8.2,360868.0
2026-09-23,TWSE,3059,華晶科,38.35,38.45,37.65,37.85,1134133.0
2026-09-23,TWSE,3060,銘異,27.45,27.45,26.65,26.7,576747.0
2026-09-23,TWSE,3062,建漢,23.15,23.2,22.2,22.35,7900418.0
2026-09-23,TWSE,3090,日電貿,167.0,168.5,164.0,164.5,2503897.0
2026-09-23,TWSE,3092,鴻碩,23.8,23.8,22.9,22.9,132191.0
2026-09-23,TWSE,3094,聯傑,56.2,56.2,52.5,52.6,17360784.0
2026-09-23,TWSE,3130,一零四,209.0,209.0,208.5,209.0,39577.0
2026-09-23,TWSE,3135,凌航,163.0,163.0,160.0,160.0,582987.0
2026-09-23,TWSE,3138,耀登,102.5,105.0,99.6,100.0,782046.0
2026-09-23,TWSE,3149,正達,66.0,67.9,64.1,64.1,7140114.0
2026-09-23,TWSE,3150,鈺寶-創,15.5,15.55,15.4,15.5,29460.0
2026-09-23,TWSE,3164,景岳,16.05,16.2,16.05,16.2,10124.0
2026-09-23,TWSE,3167,大量,815.0,868.0,812.0,864.0,5538268.0
2026-09-23,TWSE,3168,眾福科,43.0,43.0,42.25,42.35,11094.0
2026-09-23,TWSE,3189,景碩,875.0,909.0,875.0,909.0,29109027.0
2026-09-23,TWSE,3209,全科,46.15,46.3,45.7,45.85,657484.0
2026-09-23,TWSE,3229,晟鈦,61.1,61.4,57.1,57.3,3296427.0
2026-09-23,TWSE,3231,緯創,188.0,188.0,180.5,180.5,69481193.0
2026-09-23,TWSE,3257,虹冠電,49.85,49.85,48.65,48.95,153521.0
2026-09-23,TWSE,3266,昇陽,14.05,14.05,13.85,14.0,21240.0
2026-09-23,TWSE,3296,勝德,28.55,28.8,27.75,28.1,220363.0
2026-09-23,TWSE,3305,昇貿,104.0,105.0,103.0,103.0,879322.0
2026-09-23,TWSE,3308,聯德,21.85,21.85,21.6,21.6,89866.0
2026-09-23,TWSE,3311,閎暉,37.7,38.85,36.75,36.75,694635.0
2026-09-23,TWSE,3312,弘憶股,56.0,56.3,53.9,55.0,4146735.0
2026-09-23,TWSE,3321,同泰,17.7,19.1,17.7,18.7,470987.0
2026-09-23,TWSE,3338,泰碩,68.2,68.2,66.6,66.8,259717.0
2026-09-23,TWSE,3346,麗清,24.8,26.0,23.75,24.05,3921232.0
2026-09-23,TWSE,3356,奇偶,68.6,68.6,67.0,67.0,394706.0
2026-09-23,TWSE,3376,新日興,180.5,181.0,175.0,180.5,3426008.0
2026-09-23,TWSE,3380,明泰,33.55,33.7,31.9,32.95,13199398.0
2026-09-23,TWSE,3406,玉晶光,962.0,973.0,920.0,923.0,6148749.0
2026-09-23,TWSE,3413,京鼎,286.5,289.5,283.0,283.0,659237.0
2026-09-23,TWSE,3416,融程電,165.5,165.5,162.0,162.0,177053.0
2026-09-23,TWSE,3419,譁裕,11.05,11.2,10.9,11.05,236791.0
2026-09-23,TWSE,3432,台端,15.05,15.15,14.7,14.95,55720.0
2026-09-23,TWSE,3437,榮創,22.3,22.4,21.5,21.6,2900082.0
2026-09-23,TWSE,3443,創意,8370.0,8375.0,8370.0,8375.0,711474.0
2026-09-23,TWSE,3447,展達,29.0,29.0,27.8,27.8,100409.0
2026-09-23,TWSE,3450,聯鈞,555.0,559.0,525.0,526.0,8652711.0
2026-09-23,TWSE,3481,群創,50.6,52.2,49.95,50.5,502870543.0
2026-09-23,TWSE,3494,誠研,7.27,7.39,6.91,7.12,106345.0
2026-09-23,TWSE,3501,維熹,38.3,38.3,38.0,38.05,132179.0
2026-09-23,TWSE,3504,揚明光,79.3,79.9,77.1,78.0,1308962.0
2026-09-23,TWSE,3515,華擎,215.0,215.0,213.0,213.5,338214.0
2026-09-23,TWSE,3518,柏騰,31.85,33.25,31.85,32.25,1473774.0
2026-09-23,TWSE,3528,安馳,84.5,84.8,83.5,83.8,119899.0
2026-09-23,TWSE,3530,晶相光,60.0,60.0,58.0,58.3,212662.0
2026-09-23,TWSE,3532,台勝科,447.0,459.5,431.5,434.5,8358710.0
2026-09-23,TWSE,3533,嘉澤,1745.0,1745.0,1745.0,1745.0,858627.0
2026-09-23,TWSE,3535,晶彩科,92.3,92.8,86.3,86.3,1655162.0
2026-09-23,TWSE,3543,州巧,46.0,47.7,45.3,47.0,2410579.0
2026-09-23,TWSE,3545,敦泰,51.8,52.9,51.3,52.0,804403.0
2026-09-23,TWSE,3550,聯穎,24.8,24.85,23.75,24.05,1906316.0
2026-09-23,TWSE,3557,嘉威,23.2,23.4,22.9,23.1,48916.0
2026-09-23,TWSE,3563,牧德,667.0,715.0,667.0,711.0,1154879.0
2026-09-23,TWSE,3576,聯合再生,18.0,18.25,17.4,17.6,13074950.0
2026-09-23,TWSE,3583,辛耘,713.0,725.0,704.0,704.0,549504.0
2026-09-23,TWSE,3588,通嘉,54.3,54.8,53.1,53.1,252481.0
2026-09-23,TWSE,3591,艾笛森,25.3,25.35,23.3,24.35,5400296.0
2026-09-23,TWSE,3592,瑞鼎,227.0,229.5,225.5,228.5,365699.0
2026-09-23,TWSE,3593,力銘,8.77,8.99,8.23,8.8,31201.0
2026-09-23,TWSE,3596,智易,157.0,157.0,154.0,154.5,769377.0
2026-09-23,TWSE,3605,宏致,177.0,177.0,165.0,171.5,38677204.0
2026-09-23,TWSE,3607,谷崧,13.95,13.95,13.65,13.9,202098.0
2026-09-23,TWSE,3617,碩天,251.0,253.5,244.0,244.0,370955.0
2026-09-23,TWSE,3622,洋華,45.6,45.6,45.1,45.15,204425.0
2026-09-23,TWSE,3645,達邁,71.3,71.6,68.9,69.3,1279172.0
2026-09-23,TWSE,3652,精聯,34.85,34.85,34.35,34.35,98868.0
2026-09-23,TWSE,3653,健策,5985.0,6050.0,5780.0,5830.0,916002.0
2026-09-23,TWSE,3661,世芯-KY,3760.0,3950.0,3670.0,3715.0,3598114.0
2026-09-23,TWSE,3665,貿聯-KY,2335.0,2345.0,2215.0,2245.0,6053409.0
2026-09-23,TWSE,3669,圓展,32.95,32.95,32.5,32.55,75156.0
2026-09-23,TWSE,3673,TPK-KY,66.4,67.5,65.4,65.6,4941576.0
2026-09-23,TWSE,3679,新至陞,109.0,110.5,108.5,109.0,91107.0
2026-09-23,TWSE,3686,達能,15.95,16.05,15.25,15.4,498009.0
2026-09-23,TWSE,3694,海華,51.7,51.7,50.5,50.5,560808.0
2026-09-23,TWSE,3701,大眾控,42.8,43.6,41.45,41.6,959369.0
2026-09-23,TWSE,3702,大聯大,114.5,115.5,112.0,113.0,9840538.0
2026-09-23,TWSE,3703,欣陸,19.8,19.8,19.7,19.75,569154.0
2026-09-23,TWSE,3704,合勤控,42.5,42.6,40.85,41.3,5363474.0
2026-09-23,TWSE,3705,永信,56.9,57.0,56.2,56.7,226489.0
2026-09-23,TWSE,3706,神達,80.5,80.5,79.2,79.3,5535851.0
2026-09-23,TWSE,3708,上緯投控,99.7,101.5,98.6,98.6,466591.0
2026-09-23,TWSE,3711,日月光投控,691.0,711.0,690.0,693.0,24987417.0
2026-09-23,TWSE,3712,永崴投控,21.15,21.15,20.7,20.75,324228.0
2026-09-23,TWSE,3714,富采,70.3,72.3,68.0,68.9,44868856.0
2026-09-23,TWSE,3715,定穎投控,121.5,130.0,121.0,128.5,16190129.0
2026-09-23,TWSE,3716,中化控股,34.2,34.3,33.85,33.85,151542.0
2026-09-23,TWSE,3717,聯嘉投控,25.3,26.3,24.95,25.25,8764718.0
2026-09-23,TWSE,4104,佳醫,72.4,72.4,71.7,72.2,144184.0
2026-09-23,TWSE,4106,雃博,24.5,24.5,24.25,24.35,79004.0
2026-09-23,TWSE,4108,懷特,11.6,11.6,11.35,11.45,233328.0
2026-09-23,TWSE,4119,旭富,57.3,58.1,57.3,57.4,64260.0
2026-09-23,TWSE,4133,亞諾法,20.45,20.7,20.45,20.6,39198.0
2026-09-23,TWSE,4137,麗豐-KY,77.8,78.8,77.8,78.8,121222.0
2026-09-23,TWSE,4142,國光生,17.7,17.85,17.6,17.85,730682.0
2026-09-23,TWSE,4148,全宇生技-KY,32.5,32.5,32.1,32.15,33884.0
2026-09-23,TWSE,4155,訊映,15.0,15.0,14.75,14.85,181250.0
2026-09-23,TWSE,4164,承業醫,26.3,26.7,26.2,26.5,416927.0
2026-09-23,TWSE,4169,泰宗,151.5,158.0,150.0,150.0,81837.0
2026-09-23,TWSE,4178,永笙-KY,16.95,16.95,16.6,16.6,23010.0
2026-09-23,TWSE,4190,佐登-KY,24.9,25.4,24.55,25.2,17824.0
2026-09-23,TWSE,4195,基米-創,13.0,13.2,12.85,12.9,210950.0
2026-09-23,TWSE,4306,炎洲,14.8,14.8,14.55,14.6,636299.0
2026-09-23,TWSE,4414,如興,8.28,8.45,8.2,8.25,40163.0
2026-09-23,TWSE,4426,利勤,7.67,8.05,7.67,7.81,235432.0
2026-09-23,TWSE,4438,廣越,56.3,56.6,56.2,56.2,32287.0
2026-09-23,TWSE,4439,冠星-KY,96.8,97.5,95.0,97.5,29047.0
2026-09-23,TWSE,4440,宜新實業,17.55,17.65,17.45,17.6,17000.0
2026-09-23,TWSE,4441,振大環球,171.0,172.0,169.5,170.0,121833.0
2026-09-23,TWSE,4526,東台,33.05,33.05,31.95,31.95,1609947.0
2026-09-23,TWSE,4532,瑞智,25.2,25.2,24.8,25.15,1108468.0
2026-09-23,TWSE,4536,拓凱,165.0,166.0,163.5,165.0,184560.0
2026-09-23,TWSE,4540,全球傳動,60.4,60.9,59.3,59.9,1508571.0
2026-09-23,TWSE,4545,銘鈺,33.95,34.0,33.3,33.6,75209.0
2026-09-23,TWSE,4551,智伸科,159.5,162.0,156.0,157.0,649650.0
2026-09-23,TWSE,4552,力達-KY,15.9,16.0,15.8,15.9,37768.0
2026-09-23,TWSE,4555,氣立,43.65,43.65,42.5,42.5,87026.0
2026-09-23,TWSE,4557,永新-KY,49.75,50.2,49.35,49.7,64252.0
2026-09-23,TWSE,4560,強信-KY,29.1,29.1,28.75,28.9,242100.0
2026-09-23,TWSE,4562,穎漢,31.85,31.9,30.6,30.6,154153.0
2026-09-23,TWSE,4564,元翎,16.15,16.15,15.9,16.05,439074.0
2026-09-23,TWSE,4566,時碩工業,66.2,66.5,65.0,65.0,611536.0
2026-09-23,TWSE,4569,六方科-KY,153.0,157.0,153.0,155.0,24733.0
2026-09-23,TWSE,4571,鈞興-KY,152.0,152.0,150.0,150.0,140965.0
2026-09-23,TWSE,4572,駐龍,139.5,140.0,139.0,139.0,23876.0
2026-09-23,TWSE,4576,大銀微系統,236.0,237.0,231.0,232.0,1065758.0
2026-09-23,TWSE,4581,光隆精密-KY,48.35,48.35,48.35,48.35,2000.0
2026-09-23,TWSE,4582,聚恆-創,22.4,22.65,22.3,22.65,47000.0
2026-09-23,TWSE,4583,台灣精銳,435.0,439.0,427.0,429.0,45215.0
2026-09-23,TWSE,4585,達明,300.0,302.0,297.5,297.5,109744.0
2026-09-23,TWSE,4588,玖鼎電力,57.4,57.6,55.4,55.4,112426.0
2026-09-23,TWSE,4590,富田-創,92.4,92.4,90.7,90.7,242116.0
2026-09-23,TWSE,4720,德淵,19.2,19.25,18.85,19.1,762236.0
2026-09-23,TWSE,4722,國精化,192.0,196.0,188.5,189.5,496633.0
2026-09-23,TWSE,4736,泰博,134.0,134.0,132.0,132.5,142997.0
2026-09-23,TWSE,4737,華廣,60.4,60.4,59.6,59.6,23662.0
2026-09-23,TWSE,4739,康普,82.7,82.9,79.9,79.9,728614.0
2026-09-23,TWSE,4746,台耀,48.3,49.6,48.0,48.2,926534.0
2026-09-23,TWSE,4755,三福化,117.5,117.5,114.5,115.0,94979.0
2026-09-23,TWSE,4763,材料*-KY,50.9,51.3,47.9,48.05,15801826.0
2026-09-23,TWSE,4764,雙鍵,204.5,206.5,195.0,196.5,975434.0
2026-09-23,TWSE,4766,南寶,344.5,346.0,341.5,342.0,81437.0
2026-09-23,TWSE,4770,上品,260.5,262.0,248.0,250.0,949020.0
2026-09-23,TWSE,4771,望隼,220.0,220.0,215.0,216.0,171620.0
2026-09-23,TWSE,4807,日成-KY,30.95,30.95,29.45,29.5,175766.0
2026-09-23,TWSE,4904,遠傳,106.5,106.5,105.0,105.5,2638062.0
2026-09-23,TWSE,4906,正文,38.8,40.6,38.25,38.7,17451931.0
2026-09-23,TWSE,4912,聯德控股-KY,99.0,99.0,97.0,97.4,362425.0
2026-09-23,TWSE,4915,致伸,65.2,65.3,64.5,64.9,2175407.0
2026-09-23,TWSE,4916,事欣科,105.5,106.0,103.0,103.5,2514373.0
2026-09-23,TWSE,4919,新唐,127.0,138.0,126.5,133.5,31470265.0
2026-09-23,TWSE,4927,泰鼎-KY,42.75,44.1,42.7,43.5,3713312.0
2026-09-23,TWSE,4930,燦星網,16.05,16.05,15.8,15.85,22689.0
2026-09-23,TWSE,4934,太極,14.45,15.2,14.2,14.4,982369.0
2026-09-23,TWSE,4935,茂林-KY,33.5,33.5,32.3,33.2,134786.0
2026-09-23,TWSE,4938,和碩,91.0,91.0,89.6,90.0,8368084.0
2026-09-23,TWSE,4942,嘉彰,31.5,31.55,31.3,31.3,177037.0
2026-09-23,TWSE,4943,康控-KY,7.39,7.39,7.01,7.01,18281.0
2026-09-23,TWSE,4949,有成精密,78.8,79.0,75.5,75.6,829985.0
2026-09-23,TWSE,4952,凌通,49.0,50.0,48.9,49.05,359816.0
2026-09-23,TWSE,4956,光鋐,47.0,47.1,42.2,42.2,23195519.0
2026-09-23,TWSE,4958,臻鼎-KY,480.0,505.0,480.0,489.0,45198008.0
2026-09-23,TWSE,4960,誠美材,23.6,24.95,23.15,23.4,11027992.0
2026-09-23,TWSE,4961,天鈺,183.5,183.5,179.5,180.5,946443.0
2026-09-23,TWSE,4967,十銓,278.0,278.5,272.0,272.0,1821361.0
2026-09-23,TWSE,4968,立積,92.5,94.2,91.8,92.9,385332.0
2026-09-23,TWSE,4976,佳凌,37.15,37.3,35.9,35.95,882227.0
2026-09-23,TWSE,4977,眾達-KY,177.0,177.0,168.0,170.5,2483549.0
2026-09-23,TWSE,4989,榮科,61.9,62.1,60.6,60.7,2184268.0
2026-09-23,TWSE,4994,傳奇,83.9,83.9,81.8,83.1,8001.0
2026-09-23,TWSE,4999,鑫禾,17.9,17.95,17.6,17.9,90264.0
2026-09-23,TWSE,5007,三星,55.6,55.6,55.4,55.5,6567.0
2026-09-23,TWSE,5203,訊連,58.9,59.2,58.1,58.6,66810.0
2026-09-23,TWSE,5215,科嘉-KY,37.9,38.45,37.7,38.0,18000.0
2026-09-23,TWSE,5222,全訊,106.5,108.5,105.5,107.5,185976.0
2026-09-23,TWSE,5225,東科-KY,55.7,56.3,55.5,55.9,142404.0
2026-09-23,TWSE,5234,達興材料,298.0,299.0,294.5,296.5,211656.0
2026-09-23,TWSE,5236,凌陽創新,134.5,137.0,134.0,135.5,104676.0
2026-09-23,TWSE,5243,乙盛-KY,90.0,90.8,88.3,88.5,840469.0
2026-09-23,TWSE,5244,弘凱,36.5,36.6,35.7,35.75,143797.0
2026-09-23,TWSE,5258,虹堡,43.1,43.1,42.3,42.4,348660.0
2026-09-23,TWSE,5269,祥碩,1490.0,1495.0,1465.0,1475.0,452300.0
2026-09-23,TWSE,5283,禾聯碩,54.6,55.0,54.2,54.2,30216.0
2026-09-23,TWSE,5284,jpp-KY,305.0,308.5,298.0,302.0,550582.0
2026-09-23,TWSE,5285,界霖,93.0,96.1,91.0,93.5,2089028.0
2026-09-23,TWSE,5288,豐祥-KY,190.5,190.5,187.5,189.0,70321.0
2026-09-23,TWSE,5292,華懋,217.0,219.0,215.0,218.0,66003.0
2026-09-23,TWSE,5306,桂盟,89.2,89.7,89.1,89.3,46682.0
2026-09-23,TWSE,5388,中磊,73.5,73.6,72.3,72.3,1460640.0
2026-09-23,TWSE,5434,崇越,544.0,547.0,531.0,534.0,528157.0
2026-09-23,TWSE,5469,瀚宇博,74.0,74.1,72.7,72.7,1107174.0
2026-09-23,TWSE,5471,松翰,52.7,53.2,52.1,52.3,757007.0
2026-09-23,TWSE,5484,慧友,40.4,40.4,39.4,39.4,174774.0
2026-09-23,TWSE,5515,建國,49.6,50.5,49.5,50.2,287635.0
2026-09-23,TWSE,5519,隆大,26.0,26.15,25.8,25.8,265241.0
2026-09-23,TWSE,5521,工信,10.7,10.7,10.5,10.6,2036920.0
2026-09-23,TWSE,5522,遠雄,62.4,62.4,61.2,61.9,537651.0
2026-09-23,TWSE,5525,順天,22.85,22.85,22.4,22.55,151019.0
2026-09-23,TWSE,5531,鄉林,6.93,7.08,6.93,7.07,691113.0
2026-09-23,TWSE,5533,皇鼎,14.25,14.25,14.05,14.1,74425.0
2026-09-23,TWSE,5534,長虹,75.0,75.0,74.1,74.4,502034.0
2026-09-23,TWSE,5538,東明-KY,35.6,36.0,35.3,35.35,51192.0
2026-09-23,TWSE,5546,永固-KY,14.3,14.3,14.2,14.3,26254.0
2026-09-23,TWSE,5607,遠雄港,53.2,53.2,52.1,52.4,316175.0
2026-09-23,TWSE,5608,四維航,17.15,17.4,17.05,17.15,2481924.0
2026-09-23,TWSE,5706,鳳凰,44.65,44.65,44.2,44.4,66726.0
2026-09-23,TWSE,5871,中租-KY,111.0,111.0,108.0,108.0,14871324.0
2026-09-23,TWSE,5876,上海商銀,49.45,49.7,49.05,49.7,4559819.0
2026-09-23,TWSE,5880,合庫金,27.35,27.35,27.0,27.05,9623047.0
2026-09-23,TWSE,5906,台南-KY,42.35,42.35,38.4,40.2,5094.0
2026-09-23,TWSE,5907,大洋-KY,4.85,4.92,4.81,4.84,363143.0
2026-09-23,TWSE,6005,群益證,32.6,33.1,32.25,32.4,10839671.0
2026-09-23,TWSE,6024,群益期,61.5,61.8,61.3,61.3,211094.0
2026-09-23,TWSE,6108,競國,24.15,24.6,23.45,23.6,1649559.0
2026-09-23,TWSE,6112,邁達特,49.25,50.2,48.8,48.8,2567318.0
2026-09-23,TWSE,6115,鎰勝,44.75,44.75,44.15,44.3,71322.0
2026-09-23,TWSE,6116,彩晶,15.1,16.25,14.85,15.45,236177579.0
2026-09-23,TWSE,6117,迎廣,61.7,63.2,61.3,62.3,233359.0
2026-09-23,TWSE,6120,達運,12.8,13.8,12.65,13.15,14679997.0
2026-09-23,TWSE,6128,上福,19.4,19.4,19.0,19.1,63299.0
2026-09-23,TWSE,6133,金橋,28.25,28.45,26.2,27.2,5851877.0
2026-09-23,TWSE,6136,富爾特,24.75,24.8,24.65,24.8,161886.0
2026-09-23,TWSE,6139,亞翔,729.0,731.0,715.0,715.0,1640135.0
2026-09-23,TWSE,6141,柏承,49.95,53.8,49.3,50.8,3439141.0
2026-09-23,TWSE,6142,友勁,9.18,9.19,9.03,9.05,316981.0
2026-09-23,TWSE,6152,百一,15.8,15.85,15.3,15.35,1835936.0
2026-09-23,TWSE,6153,嘉聯益,17.7,17.7,17.1,17.1,2408418.0
2026-09-23,TWSE,6155,鈞寶,57.9,58.2,56.0,56.0,823995.0
2026-09-23,TWSE,6164,華興,12.45,12.5,12.15,12.3,554146.0
2026-09-23,TWSE,6165,浪凡,50.6,50.6,49.1,49.1,329196.0
2026-09-23,TWSE,6166,凌華,126.5,133.0,125.0,127.0,7119231.0
2026-09-23,TWSE,6168,宏齊,45.0,45.6,42.1,44.0,68487034.0
2026-09-23,TWSE,6176,瑞儀,94.6,94.6,92.1,92.2,2290771.0
2026-09-23,TWSE,6177,達麗,47.65,47.65,46.95,47.1,1322868.0
2026-09-23,TWSE,6183,關貿,92.5,92.5,91.1,91.1,10594.0
2026-09-23,TWSE,6184,大豐電,40.45,40.5,40.05,40.4,133209.0
2026-09-23,TWSE,6189,豐藝,48.3,48.4,47.9,48.0,307252.0
2026-09-23,TWSE,6191,精成科,84.0,84.7,82.7,84.3,1764099.0
2026-09-23,TWSE,6192,巨路,111.0,111.5,110.5,110.5,52723.0
2026-09-23,TWSE,6196,帆宣,542.0,549.0,534.0,535.0,1220757.0
2026-09-23,TWSE,6197,佳必琪,325.0,328.0,317.0,317.5,2209938.0
2026-09-23,TWSE,6201,亞弘電,45.2,45.2,44.5,44.55,44035.0
2026-09-23,TWSE,6202,盛群,58.2,59.2,57.7,57.8,2040010.0
2026-09-23,TWSE,6205,詮欣,71.2,71.2,65.5,65.5,2191446.0
2026-09-23,TWSE,6206,飛捷,143.0,143.0,140.0,140.5,507033.0
2026-09-23,TWSE,6209,今國光,79.6,79.9,76.9,77.1,4731553.0
2026-09-23,TWSE,6213,聯茂,545.0,574.0,539.0,543.0,21327081.0
2026-09-23,TWSE,6214,精誠,191.5,192.0,189.5,190.5,2108714.0
2026-09-23,TWSE,6215,和椿,99.3,99.3,97.5,97.5,318819.0
2026-09-23,TWSE,6216,居易,19.85,19.85,19.7,19.7,115140.0
2026-09-23,TWSE,6224,聚鼎,90.2,90.3,80.7,81.8,3101774.0
2026-09-23,TWSE,6225,天瀚,51.3,51.3,51.3,51.3,263294.0
2026-09-23,TWSE,6226,光鼎,44.95,44.95,43.5,44.2,4041380.0
2026-09-23,TWSE,6230,尼得科超眾,114.0,114.0,110.0,111.0,28906.0
2026-09-23,TWSE,6235,華孚,38.8,38.85,38.35,38.85,314647.0
2026-09-23,TWSE,6239,力成,296.0,302.0,290.0,292.0,19534311.0
2026-09-23,TWSE,6243,迅杰,39.4,39.4,37.5,37.5,286327.0
2026-09-23,TWSE,6257,矽格,257.0,263.0,248.5,249.0,20208841.0
2026-09-23,TWSE,6269,台郡,65.7,66.3,64.4,64.6,3315776.0
2026-09-23,TWSE,6271,同欣電,233.0,234.0,228.0,228.0,2773016.0
2026-09-23,TWSE,6272,驊陞,26.55,26.65,25.8,25.8,224266.0
2026-09-23,TWSE,6277,宏正,79.4,79.4,78.0,78.3,108699.0
2026-09-23,TWSE,6278,台表科,202.0,213.5,200.0,213.5,14195515.0
2026-09-23,TWSE,6281,全國電,51.1,51.1,51.0,51.1,40179.0
2026-09-23,TWSE,6282,康舒,43.85,44.0,42.95,43.0,3417306.0
2026-09-23,TWSE,6283,淳安,18.9,18.9,18.65,18.75,35100.0
2026-09-23,TWSE,6285,啟碁,236.0,239.0,233.5,233.5,2876664.0
2026-09-23,TWSE,6405,悅城,41.6,44.5,41.4,41.95,1641771.0
2026-09-23,TWSE,6409,旭隼,902.0,907.0,888.0,888.0,249947.0
2026-09-23,TWSE,6412,群電,74.5,74.7,74.3,74.3,295697.0
2026-09-23,TWSE,6414,樺漢,380.0,380.0,376.0,376.0,764855.0
2026-09-23,TWSE,6415,矽力*-KY,440.0,443.0,430.0,430.0,1574814.0
2026-09-23,TWSE,6416,瑞祺電通,121.5,122.0,115.5,115.5,921621.0
2026-09-23,TWSE,6426,統新,378.0,379.5,350.5,356.0,3056802.0
2026-09-23,TWSE,6431,光麗-KY,17.3,17.55,17.25,17.4,55044.0
2026-09-23,TWSE,6438,迅得,153.5,158.5,152.0,152.5,470430.0
2026-09-23,TWSE,6442,光聖,1550.0,1560.0,1510.0,1510.0,1173320.0
2026-09-23,TWSE,6443,元晶,30.0,30.2,28.05,28.4,43017402.0
2026-09-23,TWSE,6446,藥華藥,1150.0,1180.0,1125.0,1160.0,3254526.0
2026-09-23,TWSE,6449,鈺邦,218.0,220.5,211.0,211.0,1097239.0
2026-09-23,TWSE,6451,訊芯-KY,446.5,450.0,425.0,425.0,2126953.0
2026-09-23,TWSE,6456,GIS-KY,73.5,79.0,73.2,73.6,23340535.0
2026-09-23,TWSE,6464,台數科,77.6,78.0,76.4,77.9,318053.0
2026-09-23,TWSE,6472,保瑞,424.0,425.0,417.5,420.0,437306.0
2026-09-23,TWSE,6477,安集,35.65,36.3,34.5,34.5,3066180.0
2026-09-23,TWSE,6491,晶碩,407.0,410.0,402.0,404.0,232492.0
2026-09-23,TWSE,6504,南六,37.35,37.35,36.7,36.7,21122.0
2026-09-23,TWSE,6505,台塑化,88.3,89.3,86.3,87.2,16511927.0
2026-09-23,TWSE,6515,穎崴,5850.0,5895.0,5530.0,5765.0,1415513.0
2026-09-23,TWSE,6525,捷敏-KY,135.5,135.5,133.0,133.0,558294.0
2026-09-23,TWSE,6526,達發,736.0,796.0,733.0,764.0,4916606.0
2026-09-23,TWSE,6531,愛普*,969.0,978.0,934.0,934.0,1936612.0
2026-09-23,TWSE,6533,晶心科,268.5,278.5,254.5,254.5,4446657.0
2026-09-23,TWSE,6534,正瀚-創,90.3,91.1,90.2,90.2,10363.0
2026-09-23,TWSE,6541,泰福-KY,31.5,31.5,30.85,31.1,228823.0
2026-09-23,TWSE,6552,易華電,24.5,24.5,24.25,24.25,35168.0
2026-09-23,TWSE,6558,興能高,24.55,24.55,24.2,24.45,172519.0
2026-09-23,TWSE,6573,虹揚-KY,16.5,16.5,16.1,16.2,147735.0
2026-09-23,TWSE,6579,研揚,155.0,155.0,153.0,153.0,213915.0
2026-09-23,TWSE,6581,鋼聯,109.0,109.0,109.0,109.0,2469.0
2026-09-23,TWSE,6582,申豐,31.2,31.3,31.2,31.3,15359.0
2026-09-23,TWSE,6585,鼎基,107.0,107.0,105.0,105.5,114559.0
2026-09-23,TWSE,6589,台康生技,51.7,52.9,50.9,51.9,587448.0
2026-09-23,TWSE,6591,動力-KY,45.5,45.9,45.2,45.45,156310.0
2026-09-23,TWSE,6592,和潤企業,58.8,58.8,58.0,58.2,931868.0
2026-09-23,TWSE,6598,ABC-KY,27.85,27.85,27.4,27.4,128313.0
2026-09-23,TWSE,6605,帝寶,141.0,141.0,138.5,140.0,155344.0
2026-09-23,TWSE,6606,建德工業,25.25,25.55,25.15,25.15,32100.0
2026-09-23,TWSE,6614,資拓宏宇,35.5,35.8,35.5,35.8,14226.0
2026-09-23,TWSE,6625,必應,74.2,74.5,73.8,74.3,48955.0
2026-09-23,TWSE,6641,基士德-KY,16.95,16.95,16.95,16.95,1002.0
2026-09-23,TWSE,6645,金萬林-創,12.15,12.6,12.15,12.6,44605.0
2026-09-23,TWSE,6655,科定,128.0,128.5,124.5,124.5,40458.0
2026-09-23,TWSE,6657,華安,33.4,33.45,32.0,32.95,298876.0
2026-09-23,TWSE,6658,聯策,175.5,185.0,175.5,176.5,395954.0
2026-09-23,TWSE,6666,羅麗芬-KY,44.2,45.0,43.8,45.0,31892.0
2026-09-23,TWSE,6668,中揚光,50.0,51.5,48.95,49.4,6915990.0
2026-09-23,TWSE,6669,緯穎,2155.0,2180.0,2090.0,2115.0,6260344.0
2026-09-23,TWSE,6670,復盛應用,272.5,273.0,269.5,271.0,193609.0
2026-09-23,TWSE,6671,三能-KY,23.05,23.05,23.0,23.0,4100.0
2026-09-23,TWSE,6672,騰輝電子-KY,315.0,315.0,300.0,302.0,4972041.0
2026-09-23,TWSE,6674,鋐寶科技,18.45,18.5,18.15,18.2,3422973.0
2026-09-23,TWSE,6689,伊雲谷,65.4,65.5,63.8,64.1,496404.0
2026-09-23,TWSE,6691,洋基工程,641.0,649.0,634.0,635.0,536554.0
2026-09-23,TWSE,6695,芯鼎,50.5,51.8,50.0,50.3,479775.0
2026-09-23,TWSE,6698,旭暉應材,32.2,32.2,31.3,31.35,177179.0
2026-09-23,TWSE,6706,惠特,165.5,168.0,148.0,149.0,13997656.0
2026-09-23,TWSE,6715,嘉基,451.5,469.5,445.0,451.5,3208138.0
2026-09-23,TWSE,6719,力智,186.0,191.0,184.5,187.5,721463.0
2026-09-23,TWSE,6722,輝創,32.95,33.05,32.4,32.7,44617.0
2026-09-23,TWSE,6742,澤米,55.0,55.6,52.0,52.7,1532708.0
2026-09-23,TWSE,6743,安普新,29.55,30.15,29.3,29.85,386921.0
2026-09-23,TWSE,6753,龍德造船,134.5,134.5,133.0,133.5,196062.0
2026-09-23,TWSE,6754,匯僑設計,42.25,42.25,41.8,41.8,7200.0
2026-09-23,TWSE,6756,威鋒電子,97.2,98.1,96.6,97.6,69379.0
2026-09-23,TWSE,6757,台灣虎航,54.5,54.5,54.0,54.3,402531.0
2026-09-23,TWSE,6768,志強-KY,62.9,62.9,62.0,62.4,94907.0
2026-09-23,TWSE,6770,力積電,73.9,74.7,71.8,71.8,95975202.0
2026-09-23,TWSE,6771,平和環保-創,42.4,42.75,41.8,42.4,25020.0
2026-09-23,TWSE,6776,展碁國際,52.6,52.8,52.2,52.4,89542.0
2026-09-23,TWSE,6781,AES-KY,1025.0,1030.0,1005.0,1015.0,361683.0
2026-09-23,TWSE,6782,視陽,248.0,248.0,237.5,237.5,282659.0
2026-09-23,TWSE,6789,采鈺,464.0,484.0,464.0,468.5,2247650.0
2026-09-23,TWSE,6790,永豐實,37.95,37.95,37.8,37.9,137078.0
2026-09-23,TWSE,6792,詠業,60.7,60.7,58.6,58.8,44000.0
2026-09-23,TWSE,6794,向榮生技,75.4,75.4,72.2,74.2,33101.0
2026-09-23,TWSE,6796,晉弘,52.8,52.8,50.1,50.4,63308.0
2026-09-23,TWSE,6799,來頡,84.9,88.3,83.8,85.2,554825.0
2026-09-23,TWSE,6805,富世達,2500.0,2565.0,2470.0,2500.0,1915047.0
2026-09-23,TWSE,6807,峰源-KY,32.5,32.5,31.9,32.45,21000.0
2026-09-23,TWSE,6830,汎銓,565.0,575.0,543.0,547.0,1560833.0
2026-09-23,TWSE,6831,邁科,522.0,529.0,507.0,512.0,563117.0
2026-09-23,TWSE,6834,天二科技,120.0,121.0,110.0,111.5,6166638.0
2026-09-23,TWSE,6835,圓裕,31.05,31.75,31.05,31.75,70544.0
2026-09-23,TWSE,6838,台新藥,23.9,23.9,23.7,23.9,63089.0
2026-09-23,TWSE,6854,錼創科技-KY創,93.6,95.9,93.2,93.7,190611.0
2026-09-23,TWSE,6861,睿生光電,247.0,270.5,242.5,267.0,5402990.0
2026-09-23,TWSE,6862,三集瑞-KY,143.5,143.5,138.0,138.5,407929.0
2026-09-23,TWSE,6863,永道-KY,97.5,98.9,96.5,97.6,94048.0
2026-09-23,TWSE,6869,雲豹能源,70.4,71.8,69.5,69.5,676178.0
2026-09-23,TWSE,6873,泓德能源,69.4,70.2,69.1,69.1,274996.0
2026-09-23,TWSE,6885,全福生技,31.15,31.15,29.0,29.7,1906847.0
2026-09-23,TWSE,6887,寶綠特-KY,38.9,39.0,38.3,39.0,16000.0
2026-09-23,TWSE,6890,來億-KY,146.5,149.0,146.5,148.5,139203.0
2026-09-23,TWSE,6901,鑽石投資,15.6,15.6,15.25,15.35,697124.0
2026-09-23,TWSE,6902,GOGOLOOK,167.0,170.5,161.5,169.5,2984863.0
2026-09-23,TWSE,6906,現觀科,80.1,83.6,80.1,82.8,63395.0
2026-09-23,TWSE,6908,宏碁遊戲-創,29.7,29.75,29.55,29.6,27521.0
2026-09-23,TWSE,6909,創控,44.0,44.0,41.85,41.9,328170.0
2026-09-23,TWSE,6914,阜爾運通,121.0,121.5,120.5,120.5,22862.0
2026-09-23,TWSE,6916,華凌,18.15,18.3,18.15,18.15,25101.0
2026-09-23,TWSE,6918,愛派司,75.5,75.8,74.5,74.8,5153.0
2026-09-23,TWSE,6919,康霈*,88.0,89.5,82.2,82.6,8245884.0
2026-09-23,TWSE,6921,嘉雨思-創,69.8,69.8,67.9,68.0,15001.0
2026-09-23,TWSE,6923,中台,76.9,76.9,75.9,76.1,48178.0
2026-09-23,TWSE,6924,榮惠-KY創,133.5,139.0,133.0,135.0,35321.0
2026-09-23,TWSE,6928,攸泰科技,47.35,47.35,46.0,46.0,41912.0
2026-09-23,TWSE,6931,青松健康,39.1,39.1,38.8,39.0,70856.0
2026-09-23,TWSE,6933,AMAX-KY,326.0,330.5,317.0,318.5,1197818.0
2026-09-23,TWSE,6934,心誠鎂,72.6,74.6,72.6,73.0,118272.0
2026-09-23,TWSE,6936,永鴻生技,31.8,31.95,31.75,31.95,15272.0
2026-09-23,TWSE,6937,天虹,300.0,310.5,298.0,301.5,712081.0
2026-09-23,TWSE,6944,兆聯實業,719.0,735.0,715.0,722.0,325028.0
2026-09-23,TWSE,6947,台鎔科技,68.2,69.8,68.2,68.5,96679.0
2026-09-23,TWSE,6949,沛爾生醫*-創,53.0,53.8,50.6,50.8,3651236.0
2026-09-23,TWSE,6951,青新-創,69.5,69.6,69.3,69.3,45732.0
2026-09-23,TWSE,6952,大武山,38.8,38.8,38.3,38.45,11220.0
2026-09-23,TWSE,6955,邦睿生技-創,95.0,95.0,92.4,95.0,23905.0
2026-09-23,TWSE,6957,裕慶-KY,297.5,312.0,292.0,303.0,698734.0
2026-09-23,TWSE,6958,日盛台駿,17.75,17.75,17.3,17.5,24141.0
2026-09-23,TWSE,6962,奕力-KY,31.45,32.05,31.3,31.9,1800838.0
2026-09-23,TWSE,6965,中傑-KY,69.7,70.8,69.1,69.2,28151.0
2026-09-23,TWSE,6969,成信實業*-創,32.0,32.45,31.75,32.25,175724.0
2026-09-23,TWSE,6988,威力暘-創,12.1,12.1,11.7,11.9,61000.0
2026-09-23,TWSE,6994,富威電力,28.3,28.3,27.1,27.3,400953.0
2026-09-23,TWSE,7610,聯友金屬-創,1945.0,1945.0,1850.0,1905.0,605272.0
2026-09-23,TWSE,7631,聚賢研發-創,142.0,142.0,138.5,138.5,71325.0
2026-09-23,TWSE,7689,大鵬科CLMX,162.5,162.5,160.0,160.0,31978.0
2026-09-23,TWSE,7705,三商餐飲,29.8,29.95,29.75,29.95,43500.0
2026-09-23,TWSE,7711,永擎,552.0,555.0,534.0,537.0,1174530.0
2026-09-23,TWSE,7721,微程式,63.6,64.0,62.0,62.1,74542.0
2026-09-23,TWSE,7722,LINEPAY,262.0,262.0,260.0,260.5,38502.0
2026-09-23,TWSE,7730,暉盛-創,174.0,177.0,171.0,172.0,48867.0
2026-09-23,TWSE,7732,金興精密,34.3,34.3,34.3,34.3,1000.0
2026-09-23,TWSE,7736,虎山,68.5,68.5,68.2,68.2,12106.0
2026-09-23,TWSE,7740,熙特爾-創,121.0,121.0,117.0,120.0,233796.0
2026-09-23,TWSE,7749,意騰-KY,384.0,384.5,374.0,380.0,219109.0
2026-09-23,TWSE,7750,新代,2030.0,2030.0,1945.0,1945.0,170848.0
2026-09-23,TWSE,7760,享溫馨,33.0,33.3,32.5,32.5,62065.0
2026-09-23,TWSE,7765,中華資安,242.0,242.5,237.5,241.0,200262.0
2026-09-23,TWSE,7768,頌勝科技,301.0,311.0,293.5,293.5,127508.0
2026-09-23,TWSE,7769,鴻勁,6210.0,6225.0,5925.0,6155.0,1210764.0
2026-09-23,TWSE,7780,大研生醫*,16.25,16.25,16.05,16.1,645675.0
2026-09-23,TWSE,7786,東方風能,120.5,120.5,118.0,118.0,65364.0
2026-09-23,TWSE,7788,松川精密,298.0,298.5,288.5,290.5,1025001.0
2026-09-23,TWSE,7791,皇家可口,56.5,56.5,55.0,55.7,28709.0
2026-09-23,TWSE,7795,長廣,495.0,517.0,488.0,505.0,1099491.0
2026-09-23,TWSE,7799,禾榮科,522.0,534.0,503.0,508.0,998102.0
2026-09-23,TWSE,7803,雲象科技-創,17.9,18.75,17.9,18.25,84519.0
2026-09-23,TWSE,7812,稜研科技*-創,71.0,75.0,68.5,70.0,478021.0
2026-09-23,TWSE,7818,溢泰實業,60.3,60.3,59.9,60.1,54257.0
2026-09-23,TWSE,7821,神數,38.35,38.4,36.9,37.05,673629.0
2026-09-23,TWSE,7822,倍利科,853.0,880.0,845.0,865.0,172371.0
2026-09-23,TWSE,7823,奧義賽博-KY創,80.5,81.0,79.7,80.0,59685.0
2026-09-23,TWSE,7827,漢康-KY創,163.0,167.5,162.0,163.0,321478.0
2026-09-23,TWSE,7835,永悅健康-創,20.65,20.65,19.8,20.05,80075.0
2026-09-23,TWSE,7855,和運租車,42.15,42.15,42.0,42.0,770642.0
2026-09-23,TWSE,8011,台通,16.5,16.5,16.0,16.05,393126.0
2026-09-23,TWSE,8016,矽創,285.0,286.0,282.0,282.0,376653.0
2026-09-23,TWSE,8021,尖點,471.5,480.0,460.0,477.0,13222841.0
2026-09-23,TWSE,8028,昇陽半導體,262.0,274.0,257.0,263.5,13456615.0
2026-09-23,TWSE,8033,雷虎,172.5,172.5,169.5,169.5,1554195.0
2026-09-23,TWSE,8039,台虹,270.0,277.0,261.5,262.5,10462920.0
2026-09-23,TWSE,8045,達運光電,54.0,55.4,53.8,53.8,157571.0
2026-09-23,TWSE,8046,南電,1125.0,1165.0,1120.0,1165.0,17065812.0
2026-09-23,TWSE,8070,長華*,50.4,50.4,49.7,49.9,1792453.0
2026-09-23,TWSE,8072,陞泰,27.8,27.8,27.2,27.3,74697.0
2026-09-23,TWSE,8081,致新,253.0,254.0,250.0,252.0,259181.0
2026-09-23,TWSE,8101,華冠,11.25,11.35,11.25,11.35,11671.0
2026-09-23,TWSE,8103,瀚荃,130.5,130.5,121.5,122.5,6183566.0
2026-09-23,TWSE,8104,錸寶,31.5,31.5,30.7,30.75,319038.0
2026-09-23,TWSE,8105,凌巨,15.3,15.7,15.2,15.3,3509010.0
2026-09-23,TWSE,8110,華東,53.0,53.1,48.7,48.95,47786757.0
2026-09-23,TWSE,8112,至上,83.6,83.8,82.2,82.2,6088483.0
2026-09-23,TWSE,8114,振樺電,179.5,179.5,176.0,176.0,312192.0
2026-09-23,TWSE,8131,福懋科,63.5,63.8,61.3,61.4,2568558.0
2026-09-23,TWSE,8150,南茂,105.5,110.5,99.5,105.5,130239665.0
2026-09-23,TWSE,8162,微矽電子-創,61.0,61.6,59.0,59.8,149000.0
2026-09-23,TWSE,8163,達方,30.55,30.6,30.0,30.3,640456.0
2026-09-23,TWSE,8201,無敵,12.0,12.3,11.8,12.3,43812.0
2026-09-23,TWSE,8210,勤誠,910.0,920.0,897.0,898.0,1083226.0
2026-09-23,TWSE,8213,志超,33.6,33.6,33.05,33.25,224149.0
2026-09-23,TWSE,8215,明基材,29.5,31.0,28.35,28.35,12705569.0
2026-09-23,TWSE,8222,寶一,35.4,35.65,35.25,35.25,191614.0
2026-09-23,TWSE,8249,菱光,39.3,39.45,39.1,39.25,82837.0
2026-09-23,TWSE,8261,富鼎,177.0,180.5,175.0,176.5,2746376.0
2026-09-23,TWSE,8271,宇瞻,206.0,206.0,201.0,201.5,1067905.0
2026-09-23,TWSE,8341,日友,74.6,75.1,74.6,74.7,126767.0
2026-09-23,TWSE,8367,建新國際,40.6,40.65,40.5,40.5,54101.0
2026-09-23,TWSE,8374,羅昇,78.4,78.4,76.5,76.5,127134.0
2026-09-23,TWSE,8404,百和興業-KY,13.8,13.8,13.55,13.55,293678.0
2026-09-23,TWSE,8411,福貞-KY,12.55,12.6,12.3,12.45,101036.0
2026-09-23,TWSE,8422,可寧衛*,26.05,26.05,25.7,25.7,5860709.0
2026-09-23,TWSE,8429,金麗-KY,5.95,5.95,5.86,5.88,174087.0
2026-09-23,TWSE,8438,昶昕,68.7,75.5,68.5,74.6,1068146.0
2026-09-23,TWSE,8442,威宏-KY,46.2,46.25,45.65,46.2,38846.0
2026-09-23,TWSE,8443,阿瘦,11.25,11.25,11.25,11.25,18053.0
2026-09-23,TWSE,8454,富邦媒,249.5,249.5,240.0,241.0,432051.0
2026-09-23,TWSE,8462,柏文,159.5,161.5,159.0,160.0,42570.0
2026-09-23,TWSE,8463,潤泰材,21.25,21.25,20.95,21.15,78374.0
2026-09-23,TWSE,8464,億豐,371.5,375.5,366.0,375.0,388945.0
2026-09-23,TWSE,8466,美吉吉-KY,16.35,16.8,15.9,16.0,220100.0
2026-09-23,TWSE,8467,波力-KY,87.8,89.5,87.8,89.0,4306.0
2026-09-23,TWSE,8473,山林水,39.05,39.05,38.55,38.65,235850.0
2026-09-23,TWSE,8476,台境*,19.5,19.75,19.3,19.5,447248.0
2026-09-23,TWSE,8478,東哥遊艇,140.5,140.5,139.0,139.5,93792.0
2026-09-23,TWSE,8481,政伸,41.8,41.8,41.0,41.1,26108.0
2026-09-23,TWSE,8482,商億-KY,48.0,48.0,48.0,48.0,1000.0
2026-09-23,TWSE,8487,愛爾達-創,70.4,71.5,70.3,71.5,9898.0
2026-09-23,TWSE,8488,吉源-KY,9.91,10.1,9.91,9.99,13011.0
2026-09-23,TWSE,8499,鼎炫-KY,258.0,258.0,252.5,252.5,16786.0
2026-09-23,TWSE,8926,台汽電,59.6,59.6,58.7,58.7,2112213.0
2026-09-23,TWSE,8940,新天地,15.1,15.1,14.9,14.9,22372.0
2026-09-23,TWSE,8996,高力,1520.0,1655.0,1490.0,1655.0,5780868.0
2026-09-23,TWSE,9103,美德醫療-DR,5.0,5.0,4.96,4.96,384959.0
2026-09-23,TWSE,9105,泰金寶-DR,8.44,8.47,8.35,8.35,11697091.0
2026-09-23,TWSE,9110,越南控-DR,2.78,2.78,2.65,2.69,28042.0
2026-09-23,TWSE,9136,巨騰-DR,9.64,9.72,9.15,9.28,372754.0
2026-09-23,TWSE,9802,鈺齊-KY,64.5,64.5,63.0,63.5,450390.0
2026-09-23,TWSE,9902,台火,13.6,13.6,13.35,13.45,28681.0
2026-09-23,TWSE,9904,寶成,24.9,24.9,24.6,24.6,6702241.0
2026-09-23,TWSE,9905,大華,21.15,21.25,21.15,21.2,64258.0
2026-09-23,TWSE,9906,欣巴巴,41.6,42.6,39.1,40.1,133941.0
2026-09-23,TWSE,9907,統一實,15.05,15.05,14.85,14.9,1386501.0
2026-09-23,TWSE,9908,大台北,29.15,29.15,28.95,29.0,77014.0
2026-09-23,TWSE,9910,豐泰,69.0,69.1,68.4,68.6,757311.0
2026-09-23,TWSE,9911,櫻花,81.9,81.9,81.3,81.5,217228.0
2026-09-23,TWSE,9912,偉聯,12.95,13.0,12.95,13.0,9079.0
2026-09-23,TWSE,9914,美利達,67.7,68.0,66.6,66.7,1356365.0
2026-09-23,TWSE,9917,中保科,106.5,107.0,106.0,106.0,349315.0
2026-09-23,TWSE,9918,欣天然,43.1,43.1,42.8,43.0,19010.0
2026-09-23,TWSE,9919,康那香,14.05,14.1,13.9,14.0,168329.0
2026-09-23,TWSE,9921,巨大,91.7,91.8,89.0,89.7,796143.0
2026-09-23,TWSE,9924,福興,38.0,38.05,37.8,37.8,158271.0
2026-09-23,TWSE,9925,新保,39.6,39.8,39.6,39.65,310576.0
2026-09-23,TWSE,9926,新海,49.4,49.4,49.05,49.3,4942.0
2026-09-23,TWSE,9927,泰銘,70.3,70.5,70.0,70.2,100273.0
2026-09-23,TWSE,9928,中視,17.6,17.75,17.6,17.65,19960.0
2026-09-23,TWSE,9929,秋雨,11.1,11.1,11.0,11.0,71307.0
2026-09-23,TWSE,9930,中聯資源,61.3,61.3,60.5,60.8,137742.0
2026-09-23,TWSE,9931,欣高,34.0,34.05,33.9,33.95,22411.0
2026-09-23,TWSE,9933,中鼎,41.35,41.5,40.85,40.9,1235623.0
2026-09-23,TWSE,9934,成霖,9.93,9.93,9.82,9.82,523202.0
2026-09-23,TWSE,9935,慶豐富,18.2,18.4,18.1,18.35,229109.0
2026-09-23,TWSE,9937,全國,54.6,54.6,54.1,54.2,13428.0
2026-09-23,TWSE,9938,百和,38.35,38.5,38.1,38.35,891796.0
2026-09-23,TWSE,9939,宏全,126.0,126.0,124.5,125.5,779562.0
2026-09-23,TWSE,9940,信義,20.75,20.75,20.25,20.35,185883.0
2026-09-23,TWSE,9941,裕融,80.6,80.6,79.6,79.7,686487.0
2026-09-23,TWSE,9942,茂順,114.5,115.0,114.0,114.5,30248.0
2026-09-23,TWSE,9943,好樂迪,50.7,51.0,50.4,50.4,72928.0
2026-09-23,TWSE,9944,新麗,17.25,17.25,17.1,17.2,24168.0
2026-09-23,TWSE,9945,潤泰新,29.3,29.4,28.85,28.95,5007814.0
2026-09-23,TWSE,9946,三發地產,17.8,17.8,17.25,17.25,197476.0
2026-09-23,TWSE,9955,佳龍,23.6,23.6,23.25,23.3,170629.0
2026-09-23,TWSE,9958,世紀鋼,92.2,92.5,91.1,91.1,908665.0
2026-09-23,TPEX,1240,茂生農經,55.0,55.0,54.6,54.7,11586.0
2026-09-23,TPEX,1259,安心,,,,,171.0
2026-09-23,TPEX,1264,德麥,244.0,244.5,242.0,244.5,26849.0
2026-09-23,TPEX,1268,漢來美食,175.0,176.0,172.0,174.5,31572.0
2026-09-23,TPEX,1294,漢田生技,50.8,50.8,50.2,50.7,19876.0
2026-09-23,TPEX,1295,生合,45.9,45.9,45.0,45.3,29208.0
2026-09-23,TPEX,1336,台翰,17.0,17.2,16.95,16.95,114170.0
2026-09-23,TPEX,1565,精華,96.3,97.1,95.9,96.0,68604.0
2026-09-23,TPEX,1569,濱川,64.2,65.2,63.0,63.3,4444471.0
2026-09-23,TPEX,1570,力肯,32.3,32.5,32.1,32.5,50021.0
2026-09-23,TPEX,1580,新麥,96.5,96.6,96.4,96.5,12501.0
2026-09-23,TPEX,1584,精剛,18.2,18.3,17.95,18.1,339578.0
2026-09-23,TPEX,1586,和勤,17.95,17.95,17.8,17.95,152466.0
2026-09-23,TPEX,1591,駿吉-KY,41.2,42.0,39.45,41.6,391704.0
2026-09-23,TPEX,1593,祺驊,32.0,32.0,31.95,31.95,9110.0
2026-09-23,TPEX,1595,川寶,77.0,81.5,76.7,78.5,6380659.0
2026-09-23,TPEX,1599,宏佳騰,23.25,23.25,23.1,23.1,7541.0
2026-09-23,TPEX,1742,台蠟,17.6,17.6,17.35,17.5,64001.0
2026-09-23,TPEX,1777,生泰,74.5,74.5,73.6,74.1,67167.0
2026-09-23,TPEX,1780,立弘,25.05,25.2,24.8,24.85,95100.0
2026-09-23,TPEX,1781,合世,10.1,10.1,10.05,10.05,3007.0
2026-09-23,TPEX,1784,訊聯,61.0,62.7,61.0,62.5,199073.0
2026-09-23,TPEX,1785,光洋科,96.4,98.6,96.2,96.5,4478909.0
2026-09-23,TPEX,1788,杏昌,127.5,128.0,127.5,127.5,19122.0
2026-09-23,TPEX,1796,金穎生技,30.3,30.3,29.5,30.0,7048.0
2026-09-23,TPEX,1799,易威,28.7,29.0,28.55,28.8,33891.0
2026-09-23,TPEX,1813,寶利徠,11.3,11.35,11.3,11.35,7290.0
2026-09-23,TPEX,1815,富喬,122.5,124.5,119.5,120.0,32611733.0
2026-09-23,TPEX,2035,唐榮,26.05,27.0,26.05,27.0,17009.0
2026-09-23,TPEX,2061,風青,55.5,56.7,54.9,55.8,1643917.0
2026-09-23,TPEX,2063,世鎧,23.75,23.75,23.6,23.6,12052.0
2026-09-23,TPEX,2064,晉椿,11.85,12.0,11.8,11.8,10002.0
2026-09-23,TPEX,2065,世豐,35.05,35.25,35.0,35.1,50285.0
2026-09-23,TPEX,2066,世德,53.3,53.3,52.2,52.8,58314.0
2026-09-23,TPEX,2067,嘉鋼,5.57,5.57,5.01,5.51,10108.0
2026-09-23,TPEX,2070,精湛,61.6,62.2,60.6,60.8,71723.0
2026-09-23,TPEX,2073,雄順,25.9,25.95,25.9,25.9,3107.0
2026-09-23,TPEX,2221,大甲,166.0,168.5,149.5,158.5,20182532.0
2026-09-23,TPEX,2230,泰茂,21.35,21.5,21.25,21.25,280190.0
2026-09-23,TPEX,2235,謚源,,,,,26.0
2026-09-23,TPEX,2596,綠意,35.1,35.4,34.9,35.0,63755.0
2026-09-23,TPEX,2640,大車隊,159.5,160.0,156.5,157.5,40479.0
2026-09-23,TPEX,2641,正德,17.55,17.65,17.5,17.5,990153.0
2026-09-23,TPEX,2643,捷迅,62.9,62.9,62.9,62.9,1214.0
2026-09-23,TPEX,2718,全心投控,41.05,41.1,40.65,40.65,20650.0
2026-09-23,TPEX,2719,燦星旅,19.6,19.65,19.55,19.55,6208.0
2026-09-23,TPEX,2724,藝舍-KY,12.95,12.95,11.65,12.3,4323.0
2026-09-23,TPEX,2726,雅茗-KY,8.2,8.2,8.0,8.05,51000.0
2026-09-23,TPEX,2729,瓦城,159.5,159.5,157.0,157.5,16237.0
2026-09-23,TPEX,2732,六角,62.2,66.5,62.0,65.0,98432.0
2026-09-23,TPEX,2734,易飛網,14.5,14.5,14.4,14.5,36139.0
2026-09-23,TPEX,2736,富野,11.35,11.35,11.25,11.25,69800.0
2026-09-23,TPEX,2740,華軒,30.85,30.85,30.85,30.85,1354.0
2026-09-23,TPEX,2743,山富,55.0,55.0,54.0,54.0,31234.0
2026-09-23,TPEX,2745,五福,84.3,85.1,84.3,84.9,88591.0
2026-09-23,TPEX,2751,王座,54.4,54.4,53.0,54.4,4000.0
2026-09-23,TPEX,2752,豆府,179.0,179.0,173.0,178.5,13617.0
2026-09-23,TPEX,2754,亞洲藏壽司,69.3,69.3,68.2,68.6,21333.0
2026-09-23,TPEX,2755,揚秦,99.5,99.5,99.5,99.5,11929.0
2026-09-23,TPEX,2756,聯發國際,62.5,63.2,61.1,62.9,26505.0
2026-09-23,TPEX,2916,滿心,40.5,40.65,40.25,40.35,39005.0
2026-09-23,TPEX,2924,宏太-KY,19.05,19.05,19.05,19.05,1001.0
2026-09-23,TPEX,2926,誠品生活,30.0,30.1,30.0,30.1,2632.0
2026-09-23,TPEX,2937,集雅社,,,,,48.0
2026-09-23,TPEX,2938,床的世界,18.4,19.0,18.4,18.8,224925.0
2026-09-23,TPEX,2941,米斯特,31.45,31.45,31.45,31.45,1002.0
2026-09-23,TPEX,2947,振宇五金,60.5,60.5,60.4,60.4,3410.0
2026-09-23,TPEX,2948,寶陞,37.4,37.4,36.1,37.15,13000.0
2026-09-23,TPEX,2949,欣新網,,,,,0.0
2026-09-23,TPEX,3064,泰偉,,,,,1.0
2026-09-23,TPEX,3066,李洲,28.1,29.05,27.25,27.25,1477175.0
2026-09-23,TPEX,3067,全域,16.55,16.55,16.55,16.55,1000.0
2026-09-23,TPEX,3071,協禧,23.15,23.35,23.05,23.05,96886.0
2026-09-23,TPEX,3073,天方能源,20.3,20.65,20.3,20.3,30328.0
2026-09-23,TPEX,3078,僑威,45.5,45.5,45.0,45.2,487216.0
2026-09-23,TPEX,3081,聯亞,2825.0,2845.0,2585.0,2680.0,4647456.0
2026-09-23,TPEX,3083,網龍,22.85,22.85,22.6,22.85,18530.0
2026-09-23,TPEX,3085,新零售,11.05,11.45,11.05,11.45,8995.0
2026-09-23,TPEX,3086,華義*,28.7,28.9,28.5,28.55,49704.0
2026-09-23,TPEX,3088,艾訊,128.5,129.0,125.5,127.0,346913.0
2026-09-23,TPEX,3093,港建*,45.3,46.0,44.4,44.55,138975.0
2026-09-23,TPEX,3095,及成,33.25,33.8,33.25,33.25,13254.0
2026-09-23,TPEX,3105,穩懋,507.0,518.0,486.5,497.0,27447172.0
2026-09-23,TPEX,3114,好德,32.0,32.6,31.0,31.15,171250.0
2026-09-23,TPEX,3115,富榮綱,8.43,8.43,7.7,8.02,33038.0
2026-09-23,TPEX,3118,進階,,,,,68.0
2026-09-23,TPEX,3122,笙泉,23.7,24.9,23.4,24.25,104001.0
2026-09-23,TPEX,3128,昇銳,20.65,20.75,20.25,20.25,39553.0
2026-09-23,TPEX,3131,弘塑,2425.0,2445.0,2360.0,2365.0,259201.0
2026-09-23,TPEX,3141,晶宏,89.8,90.4,86.0,86.4,2526696.0
2026-09-23,TPEX,3147,大綜,232.5,236.0,231.5,234.5,244628.0
2026-09-23,TPEX,3152,璟德,221.5,223.0,220.0,220.5,51383.0
2026-09-23,TPEX,3158,嘉實,85.7,85.7,85.5,85.5,5040.0
2026-09-23,TPEX,3162,精確,75.2,75.5,74.0,74.7,491332.0
2026-09-23,TPEX,3163,波若威,671.0,671.0,648.0,663.0,1340025.0
2026-09-23,TPEX,3169,亞信,107.5,114.0,107.0,111.0,690506.0
2026-09-23,TPEX,3171,炎洲流通,59.4,59.4,58.6,58.9,8593.0
2026-09-23,TPEX,3176,基亞,38.1,38.75,38.05,38.55,244498.0
2026-09-23,TPEX,3178,公準,73.0,73.9,70.0,70.0,616738.0
2026-09-23,TPEX,3188,鑫龍騰,23.55,23.65,23.4,23.5,146633.0
2026-09-23,TPEX,3191,雲嘉南,16.4,16.8,16.4,16.6,26067.0
2026-09-23,TPEX,3205,佰研,46.55,46.65,46.3,46.65,16113.0
2026-09-23,TPEX,3206,志豐,35.5,35.5,34.95,34.95,9736.0
2026-09-23,TPEX,3207,耀勝,38.1,38.6,37.85,38.1,91880.0
2026-09-23,TPEX,3211,順達,390.5,390.5,380.0,380.0,1828011.0
2026-09-23,TPEX,3213,茂訊,125.5,126.0,123.5,124.0,67569.0
2026-09-23,TPEX,3217,優群,131.0,131.0,129.0,130.0,137383.0
2026-09-23,TPEX,3218,大學光,133.5,134.0,133.5,133.5,114343.0
2026-09-23,TPEX,3219,倚強科,108.5,110.0,100.0,104.5,6148316.0
2026-09-23,TPEX,3221,台嘉碩,48.3,50.3,47.55,50.1,3134759.0
2026-09-23,TPEX,3224,三顧,32.55,32.55,31.25,31.95,32264.0
2026-09-23,TPEX,3226,龍鋒,57.9,58.3,57.7,58.2,34039.0
2026-09-23,TPEX,3227,原相,185.0,186.5,184.0,185.5,580198.0
2026-09-23,TPEX,3228,金麗科,172.0,172.0,166.5,167.0,238449.0
2026-09-23,TPEX,3230,錦明,41.4,42.95,40.7,41.15,375752.0
2026-09-23,TPEX,3232,昱捷,21.05,21.85,21.05,21.2,31378.0
2026-09-23,TPEX,3234,光環,174.5,174.5,169.0,170.0,1465814.0
2026-09-23,TPEX,3236,千如,43.8,44.6,43.2,43.7,1108222.0
2026-09-23,TPEX,3252,海灣,15.25,15.3,15.25,15.3,55008.0
2026-09-23,TPEX,3259,鑫創,10.2,10.35,10.15,10.35,21269.0
2026-09-23,TPEX,3260,威剛,388.5,389.5,382.5,383.0,3408294.0
2026-09-23,TPEX,3264,欣銓,273.0,273.5,250.5,252.0,29511521.0
2026-09-23,TPEX,3265,台星科,189.0,189.5,179.0,180.0,2506502.0
2026-09-23,TPEX,3268,海德威,19.95,19.95,19.5,19.6,48432.0
2026-09-23,TPEX,3272,東碩,14.0,14.1,13.9,14.0,10150.0
2026-09-23,TPEX,3276,宇環,13.9,13.9,13.8,13.85,38010.0
2026-09-23,TPEX,3284,太普高,19.7,19.8,19.55,19.75,123336.0
2026-09-23,TPEX,3285,微端,42.15,42.45,41.55,42.35,27157.0
2026-09-23,TPEX,3287,廣寰科,42.6,43.6,41.35,41.35,986985.0
2026-09-23,TPEX,3288,點晶,21.45,22.45,20.65,21.5,85233.0
2026-09-23,TPEX,3289,宜特,138.5,139.5,136.0,136.5,602527.0
2026-09-23,TPEX,3290,東浦,46.2,46.7,45.65,45.75,727561.0
2026-09-23,TPEX,3293,鈊象,728.0,730.0,724.0,729.0,814164.0
2026-09-23,TPEX,3294,英濟,32.0,33.7,32.0,33.7,1285972.0
2026-09-23,TPEX,3297,杭特,34.25,35.45,33.15,33.7,607083.0
2026-09-23,TPEX,3303,岱稜,48.35,48.55,48.25,48.25,105318.0
2026-09-23,TPEX,3306,鼎天,45.1,45.95,45.05,45.9,162161.0
2026-09-23,TPEX,3310,佳穎,68.9,68.9,67.5,68.5,9165.0
2026-09-23,TPEX,3313,斐成,10.45,10.55,10.45,10.45,36557.0
2026-09-23,TPEX,3317,尼克森,63.4,66.5,63.1,66.5,9460047.0
2026-09-23,TPEX,3322,建舜電,11.05,11.25,10.95,11.25,248350.0
2026-09-23,TPEX,3323,加百裕,27.95,28.1,27.8,27.95,140370.0
2026-09-23,TPEX,3324,雙鴻,1605.0,1630.0,1555.0,1595.0,4107062.0
2026-09-23,TPEX,3325,旭品,12.1,12.1,11.8,11.85,159977.0
2026-09-23,TPEX,3332,幸康,60.2,60.2,60.2,60.2,1000.0
2026-09-23,TPEX,3339,泰谷,45.55,46.95,44.55,46.95,2073402.0
2026-09-23,TPEX,3349,寶德,19.4,19.75,19.2,19.2,94075.0
2026-09-23,TPEX,3354,律勝,28.9,28.95,27.6,28.15,905205.0
2026-09-23,TPEX,3357,臺慶科,209.5,214.5,206.0,206.0,735247.0
2026-09-23,TPEX,3360,尚立,15.05,15.15,14.9,15.05,210151.0
2026-09-23,TPEX,3362,先進光,172.5,174.5,170.0,170.0,863117.0
2026-09-23,TPEX,3363,上詮,660.0,665.0,631.0,643.0,3019835.0
2026-09-23,TPEX,3372,典範,16.2,16.55,15.9,15.9,463398.0
2026-09-23,TPEX,3373,熱映,16.0,16.0,15.85,16.0,23406.0
2026-09-23,TPEX,3374,精材,486.0,486.0,463.0,472.0,17905476.0
2026-09-23,TPEX,3379,彬台,28.2,28.25,27.15,27.5,48238.0
2026-09-23,TPEX,3388,崇越電,82.1,82.2,81.1,81.1,290715.0
2026-09-23,TPEX,3390,旭軟,21.8,21.9,21.7,21.9,96233.0
2026-09-23,TPEX,3402,漢科,128.0,130.5,126.5,129.0,364990.0
2026-09-23,TPEX,3430,奇鈦科,108.5,108.5,106.0,106.5,118483.0
2026-09-23,TPEX,3434,哲固,32.35,32.4,31.7,31.7,66436.0
2026-09-23,TPEX,3438,類比科,62.1,63.3,61.5,61.6,56720.0
2026-09-23,TPEX,3441,聯一光,180.5,180.5,175.5,177.5,730443.0
2026-09-23,TPEX,3444,利機,80.5,81.4,79.7,80.2,112233.0
2026-09-23,TPEX,3455,由田,248.0,252.0,244.0,244.0,666091.0
2026-09-23,TPEX,3465,進泰電子,28.8,29.6,28.25,29.6,80062.0
2026-09-23,TPEX,3466,德晉,24.2,24.3,24.1,24.25,89873.0
2026-09-23,TPEX,3467,台灣精材,88.8,88.8,85.0,86.5,877572.0
2026-09-23,TPEX,3479,安勤,130.5,131.5,128.0,130.5,385963.0
2026-09-23,TPEX,3483,力致,77.9,79.5,76.6,76.6,252977.0
2026-09-23,TPEX,3484,崧騰,45.95,45.95,45.6,45.9,61378.0
2026-09-23,TPEX,3485,敘豐,202.0,202.0,198.0,198.0,49849.0
2026-09-23,TPEX,3489,森寶,22.7,23.3,22.7,22.75,181247.0
2026-09-23,TPEX,3490,單井,45.65,45.95,44.1,44.15,2397801.0
2026-09-23,TPEX,3491,昇達科,1490.0,1575.0,1490.0,1565.0,1988676.0
2026-09-23,TPEX,3492,長盛,19.2,19.2,18.95,19.2,39004.0
2026-09-23,TPEX,3498,陽程,205.0,209.5,197.5,199.0,2121225.0
2026-09-23,TPEX,3499,環天科,13.4,13.4,13.25,13.3,26342.0
2026-09-23,TPEX,3508,位速,26.5,26.5,24.85,24.95,702132.0
2026-09-23,TPEX,3511,矽瑪,19.55,19.65,19.05,19.3,92363.0
2026-09-23,TPEX,3512,皇龍,19.3,19.3,19.1,19.25,26362.0
2026-09-23,TPEX,3516,亞帝歐,25.45,25.45,25.15,25.45,4681.0
2026-09-23,TPEX,3520,華盈,17.35,17.35,17.05,17.2,112010.0
2026-09-23,TPEX,3521,台鋼建設,11.95,12.0,11.8,11.8,50115.0
2026-09-23,TPEX,3522,御嵿,13.0,13.0,12.8,12.8,100318.0
2026-09-23,TPEX,3523,迎輝,15.0,15.0,15.0,15.0,38023.0
2026-09-23,TPEX,3526,凡甲,271.5,272.5,269.0,269.0,150756.0
2026-09-23,TPEX,3527,聚積,51.6,51.7,51.2,51.2,40614.0
2026-09-23,TPEX,3529,力旺,3190.0,3350.0,3020.0,3305.0,3388602.0
2026-09-23,TPEX,3531,先益,20.85,21.15,20.75,20.9,7000.0
2026-09-23,TPEX,3537,堡達,52.9,53.6,52.7,52.9,87492.0
2026-09-23,TPEX,3540,曜越,23.0,23.1,22.8,23.05,109065.0
2026-09-23,TPEX,3541,西柏,25.5,25.8,24.6,24.6,649591.0
2026-09-23,TPEX,3546,宇峻,72.5,72.9,72.2,72.3,110530.0
2026-09-23,TPEX,3548,兆利,78.3,78.9,77.7,77.7,158869.0
2026-09-23,TPEX,3551,世禾,183.5,186.0,182.0,183.5,1313279.0
2026-09-23,TPEX,3552,同致,39.55,43.05,39.55,43.05,1288942.0
2026-09-23,TPEX,3555,博士旺,174.5,177.5,171.5,171.5,33415.0
2026-09-23,TPEX,3556,禾瑞亞,57.1,57.1,56.5,56.6,131958.0
2026-09-23,TPEX,3558,神準,123.0,123.0,122.0,122.5,33604.0
2026-09-23,TPEX,3564,其陽,49.4,49.4,47.55,48.1,224729.0
2026-09-23,TPEX,3567,逸昌,25.6,25.95,25.45,25.65,57145.0
2026-09-23,TPEX,3570,大塚,167.5,167.5,167.0,167.5,14703.0
2026-09-23,TPEX,3577,泓格,116.0,116.5,114.0,114.0,117838.0
2026-09-23,TPEX,3580,友威科,102.5,105.5,99.0,99.7,1058618.0
2026-09-23,TPEX,3581,博磊,103.0,106.0,102.5,105.0,217005.0
2026-09-23,TPEX,3587,閎康,239.5,241.0,236.0,236.0,251908.0
2026-09-23,TPEX,3594,磐儀,46.8,47.45,46.1,46.6,376670.0
2026-09-23,TPEX,3597,映興,27.5,28.7,27.1,28.35,281396.0
2026-09-23,TPEX,3609,三一東林,22.95,24.4,22.9,23.55,108202.0
2026-09-23,TPEX,3611,鼎翰,182.5,183.0,182.5,183.0,11487.0
2026-09-23,TPEX,3615,安可,37.45,41.1,37.45,38.3,2205271.0
2026-09-23,TPEX,3623,富晶通,28.35,28.45,27.7,27.7,162516.0
2026-09-23,TPEX,3624,光頡,122.0,134.0,122.0,134.0,23302391.0
2026-09-23,TPEX,3625,西勝,11.4,11.85,11.3,11.75,77280.0
2026-09-23,TPEX,3628,盈正,72.6,74.5,72.2,74.3,78852.0
2026-09-23,TPEX,3629,地心引力,,,,,0.0
2026-09-23,TPEX,3630,新鉅科,26.3,27.95,26.05,27.05,1635923.0
2026-09-23,TPEX,3631,晟楠,40.0,40.8,40.0,40.3,148054.0
2026-09-23,TPEX,3632,研勤,7.19,7.2,7.19,7.2,32770.0
2026-09-23,TPEX,3646,艾恩特,24.8,24.85,24.35,24.7,16019.0
2026-09-23,TPEX,3663,鑫科,61.4,61.4,60.6,60.7,214378.0
2026-09-23,TPEX,3664,安瑞-KY,8.25,9.0,8.25,8.9,103299.0
2026-09-23,TPEX,3666,光耀,25.15,25.3,25.0,25.2,23085.0
2026-09-23,TPEX,3672,康聯訊,11.9,11.95,11.8,11.95,13002.0
2026-09-23,TPEX,3675,德微,309.0,332.0,307.5,332.0,3335546.0
2026-09-23,TPEX,3680,家登,542.0,545.0,528.0,528.0,850953.0
2026-09-23,TPEX,3684,榮昌,,,,,621.0
2026-09-23,TPEX,3685,元創精密,35.6,35.6,34.5,35.1,187749.0
2026-09-23,TPEX,3687,歐買尬,61.8,61.8,60.6,60.6,44830.0
2026-09-23,TPEX,3689,湧德,108.5,110.0,108.5,109.5,397708.0
2026-09-23,TPEX,3691,碩禾,118.5,121.5,117.0,121.5,1762114.0
2026-09-23,TPEX,3693,營邦,706.0,738.0,705.0,732.0,2428504.0
2026-09-23,TPEX,3707,漢磊,70.9,76.4,69.8,70.2,55913769.0
2026-09-23,TPEX,3709,鑫聯大投控,64.4,64.4,63.3,63.3,141578.0
2026-09-23,TPEX,3710,連展投控,7.58,7.75,7.5,7.75,268238.0
2026-09-23,TPEX,3713,新晶投控,14.2,14.2,13.9,14.1,34244.0
2026-09-23,TPEX,3718,中光電投控,66.2,66.7,64.7,64.7,1400895.0
2026-09-23,TPEX,4102,永日,18.55,18.75,18.5,18.7,19918.0
2026-09-23,TPEX,4105,東洋,79.1,79.1,78.5,78.7,227443.0
2026-09-23,TPEX,4107,邦特,112.0,112.0,110.0,110.5,51373.0
2026-09-23,TPEX,4109,加捷生醫,10.95,11.05,10.9,11.05,146711.0
2026-09-23,TPEX,4111,濟生,28.8,28.9,28.5,28.8,86702.0
2026-09-23,TPEX,4113,聯上,15.7,15.7,15.6,15.65,76475.0
2026-09-23,TPEX,4114,健喬,29.8,29.8,29.55,29.6,336707.0
2026-09-23,TPEX,4116,明基醫,39.45,39.45,39.4,39.4,13001.0
2026-09-23,TPEX,4120,友華,46.15,46.15,45.5,46.1,43926.0
2026-09-23,TPEX,4121,優盛,12.65,12.65,12.6,12.6,24158.0
2026-09-23,TPEX,4123,晟德,31.0,31.5,30.85,31.5,1403197.0
2026-09-23,TPEX,4126,太醫,77.8,78.0,77.8,77.9,9323.0
2026-09-23,TPEX,4127,天良,51.4,52.9,49.0,49.6,3628851.0
2026-09-23,TPEX,4128,中天,14.6,14.85,14.6,14.85,763256.0
2026-09-23,TPEX,4129,聯合,82.5,82.9,82.2,82.9,42906.0
2026-09-23,TPEX,4131,浩泰,31.0,32.3,31.0,32.3,12339.0
2026-09-23,TPEX,4138,曜亞,54.9,55.9,54.9,55.9,41798.0
2026-09-23,TPEX,4139,馬光-KY,40.5,41.55,40.5,41.5,32016.0
2026-09-23,TPEX,4147,中裕,65.0,66.5,64.9,64.9,1716952.0
2026-09-23,TPEX,4153,鈺緯,31.85,32.1,31.35,32.1,12244.0
2026-09-23,TPEX,4154,樂威科-KY,11.5,12.25,11.5,11.85,27000.0
2026-09-23,TPEX,4157,太景*-KY,8.99,9.02,8.87,8.87,1127126.0
2026-09-23,TPEX,4160,訊聯基因,39.7,40.35,39.7,39.75,68947.0
2026-09-23,TPEX,4161,聿新科,22.25,22.45,22.0,22.2,30834.0
2026-09-23,TPEX,4162,智擎,56.2,56.6,56.0,56.2,297997.0
2026-09-23,TPEX,4163,鐿鈦,134.0,134.0,133.0,133.0,10086.0
2026-09-23,TPEX,4166,友霖,24.25,24.45,24.0,24.2,54000.0
2026-09-23,TPEX,4167,松瑞藥,19.8,19.9,19.7,19.7,638940.0
2026-09-23,TPEX,4168,醣聯,21.6,21.6,21.35,21.45,75876.0
2026-09-23,TPEX,4171,瑞基,16.5,16.5,16.3,16.35,28486.0
2026-09-23,TPEX,4173,久裕,17.4,17.4,17.15,17.2,18322.0
2026-09-23,TPEX,4174,浩鼎,29.25,32.6,29.0,32.6,2907095.0
2026-09-23,TPEX,4175,杏一,51.3,51.5,51.3,51.5,10412.0
2026-09-23,TPEX,4183,福永生技,13.85,14.25,13.85,14.25,16002.0
2026-09-23,TPEX,4188,安克,13.5,14.85,13.15,14.85,617065.0
2026-09-23,TPEX,4192,杏國,18.15,18.15,18.15,18.15,1184.0
2026-09-23,TPEX,4198,欣大健康,49.1,49.4,47.5,49.4,20202.0
2026-09-23,TPEX,4205,中華食,68.8,68.9,68.6,68.9,29619.0
2026-09-23,TPEX,4207,環泰,19.45,19.7,19.4,19.7,61926.0
2026-09-23,TPEX,4303,信立,34.65,35.1,34.45,34.65,409788.0
2026-09-23,TPEX,4304,勝昱,22.1,22.15,18.75,18.75,407704.0
2026-09-23,TPEX,4305,世坤,,,,,0.0
2026-09-23,TPEX,4401,東隆興,13.95,13.95,13.65,13.85,44106.0
2026-09-23,TPEX,4402,郡都開發,13.6,13.9,13.4,13.9,22386.0
2026-09-23,TPEX,4406,新昕纖,10.25,10.25,10.2,10.2,15000.0
2026-09-23,TPEX,4413,飛寶企業,19.85,21.0,19.8,20.8,101684.0
2026-09-23,TPEX,4416,三圓,13.5,14.5,13.05,14.1,2102237.0
2026-09-23,TPEX,4417,金洲,49.8,49.8,49.4,49.55,53517.0
2026-09-23,TPEX,4419,皇家美食,46.0,46.7,45.2,46.7,38003.0
2026-09-23,TPEX,4420,光明,35.5,36.0,35.5,35.7,19671.0
2026-09-23,TPEX,4430,耀億,17.45,17.45,17.15,17.2,38764.0
2026-09-23,TPEX,4432,銘旺實,15.4,15.6,15.3,15.55,54077.0
2026-09-23,TPEX,4433,興采,18.4,18.4,18.2,18.3,71470.0
2026-09-23,TPEX,4442,竣邦-KY,53.8,54.6,53.8,54.1,13549.0
2026-09-23,TPEX,4502,健信,15.65,15.7,15.65,15.7,9000.0
2026-09-23,TPEX,4503,金雨,23.3,24.4,23.2,24.05,280522.0
2026-09-23,TPEX,4506,崇友,118.0,118.5,118.0,118.0,37362.0
2026-09-23,TPEX,4510,高鋒,44.1,44.1,43.5,43.5,276714.0
2026-09-23,TPEX,4513,福裕,16.75,16.8,16.45,16.45,175930.0
2026-09-23,TPEX,4523,永彰,23.75,23.95,23.7,23.7,43184.0
2026-09-23,TPEX,4527,方土霖,40.8,40.9,40.8,40.9,12322.0
2026-09-23,TPEX,4528,江興鍛,14.9,15.0,14.9,15.0,4666.0
2026-09-23,TPEX,4529,淳紳,3.38,3.38,3.23,3.28,48326.0
2026-09-23,TPEX,4530,天意能創,25.0,25.0,25.0,25.0,1394.0
2026-09-23,TPEX,4533,協易機,24.8,25.15,24.55,25.15,1097905.0
2026-09-23,TPEX,4534,慶騰,30.5,32.25,30.15,31.5,839728.0
2026-09-23,TPEX,4535,至興,27.0,27.1,27.0,27.1,107000.0
2026-09-23,TPEX,4538,大詠城,17.55,17.6,17.5,17.5,10000.0
2026-09-23,TPEX,4541,晟田,60.2,60.2,58.6,59.3,973034.0
2026-09-23,TPEX,4542,科嶠,325.5,335.0,317.0,331.5,2995847.0
2026-09-23,TPEX,4543,萬在,28.7,28.7,28.2,28.35,30426.0
2026-09-23,TPEX,4549,桓達,96.3,97.9,96.2,97.0,36998.0
2026-09-23,TPEX,4550,長佳,24.1,24.15,24.05,24.15,11140.0
2026-09-23,TPEX,4554,橙的,28.7,28.7,28.05,28.1,32180.0
2026-09-23,TPEX,4556,旭然,85.2,93.6,85.2,93.6,1411618.0
2026-09-23,TPEX,4558,寶緯,17.2,17.2,17.1,17.1,3000.0
2026-09-23,TPEX,4561,健椿,41.95,42.15,41.7,42.0,111241.0
2026-09-23,TPEX,4563,百德,50.1,51.0,48.35,49.1,309010.0
2026-09-23,TPEX,4568,科際精密,40.25,40.25,40.25,40.25,1100.0
2026-09-23,TPEX,4577,達航科技,86.5,86.9,84.5,84.6,139613.0
2026-09-23,TPEX,4580,捷流閥業,81.4,81.4,80.8,81.4,40149.0
2026-09-23,TPEX,4584,君帆,,,,,0.0
2026-09-23,TPEX,4609,唐鋒,4.1,4.43,4.1,4.25,11100.0
2026-09-23,TPEX,4702,中美實,9.3,9.41,9.3,9.33,65111.0
2026-09-23,TPEX,4706,大恭,33.6,33.8,33.6,33.6,3002.0
2026-09-23,TPEX,4707,磐亞,30.0,30.55,29.0,29.2,1949787.0
2026-09-23,TPEX,4711,永純,16.55,16.55,16.3,16.3,24173.0
2026-09-23,TPEX,4714,永捷,12.2,12.4,12.0,12.05,1988261.0
2026-09-23,TPEX,4716,大立,17.05,17.3,16.9,16.9,767613.0
2026-09-23,TPEX,4721,美琪瑪,74.1,75.3,74.1,75.3,266369.0
2026-09-23,TPEX,4726,永昕,22.7,22.7,22.25,22.35,109291.0
2026-09-23,TPEX,4728,雙美,400.0,400.0,400.0,400.0,1016.0
2026-09-23,TPEX,4729,熒茂,18.8,19.0,18.65,18.8,63515.0
2026-09-23,TPEX,4735,豪展,36.2,36.2,35.85,35.85,21189.0
2026-09-23,TPEX,4741,泓瀚,38.85,38.85,37.5,37.55,42744.0
2026-09-23,TPEX,4743,合一,44.55,45.4,44.55,45.15,1050501.0
2026-09-23,TPEX,4744,皇將,28.0,28.75,27.9,27.9,37159.0
2026-09-23,TPEX,4745,合富-KY,11.85,11.9,11.7,11.9,29732.0
2026-09-23,TPEX,4747,強生*,23.1,23.9,23.1,23.8,41448.0
2026-09-23,TPEX,4749,新應材,729.0,731.0,717.0,726.0,655336.0
2026-09-23,TPEX,4754,國碳科,37.35,37.75,37.2,37.75,54964.0
2026-09-23,TPEX,4760,勤凱,266.0,269.0,263.0,265.0,180876.0
2026-09-23,TPEX,4767,誠泰科技,27.85,27.85,27.3,27.8,19030.0
2026-09-23,TPEX,4768,晶呈科技,319.0,337.0,311.0,329.0,1037174.0
2026-09-23,TPEX,4772,台特化,245.5,246.5,243.0,245.0,249735.0
2026-09-23,TPEX,4903,聯光通,43.0,43.7,41.3,42.15,11640043.0
2026-09-23,TPEX,4905,台聯電,78.3,78.3,78.1,78.1,3198.0
2026-09-23,TPEX,4907,富宇,45.2,45.2,44.6,44.75,37791.0
2026-09-23,TPEX,4908,前鼎,222.5,225.0,207.5,210.0,3953399.0
2026-09-23,TPEX,4909,新復興,35.2,35.2,34.55,34.55,216428.0
2026-09-23,TPEX,4911,德英,29.0,29.0,28.9,28.9,2867.0
2026-09-23,TPEX,4923,力士,61.4,67.4,60.9,66.7,3516175.0
2026-09-23,TPEX,4924,欣厚-KY,18.4,18.4,16.9,16.9,1748440.0
2026-09-23,TPEX,4931,新盛力,242.5,242.5,237.0,238.5,1522402.0
2026-09-23,TPEX,4933,友輝,52.7,53.7,52.5,53.1,41487.0
2026-09-23,TPEX,4939,亞電,77.2,77.5,74.5,74.7,3633160.0
2026-09-23,TPEX,4946,辣椒,97.9,100.5,95.8,98.0,70539.0
2026-09-23,TPEX,4950,金耘國際,15.5,15.75,15.35,15.75,25422.0
2026-09-23,TPEX,4951,精拓科,93.8,99.7,93.1,93.8,1545677.0
2026-09-23,TPEX,4953,緯致,119.0,119.0,116.5,117.0,291425.0
2026-09-23,TPEX,4966,譜瑞-KY,582.0,583.0,564.0,564.0,784639.0
2026-09-23,TPEX,4971,IET-KY,563.0,572.0,541.0,545.0,1226861.0
2026-09-23,TPEX,4972,湯石照明,16.3,16.3,16.15,16.2,40768.0
2026-09-23,TPEX,4973,廣穎,140.0,140.0,134.5,135.0,678815.0
2026-09-23,TPEX,4974,亞泰,70.7,71.1,70.7,70.8,67469.0
2026-09-23,TPEX,4979,華星光,612.0,613.0,583.0,590.0,7373498.0
2026-09-23,TPEX,4991,環宇-KY,476.5,477.5,439.5,447.5,5549938.0
2026-09-23,TPEX,4995,晶達,50.5,50.5,49.25,49.65,32335.0
2026-09-23,TPEX,5009,榮剛,32.3,32.3,32.1,32.1,553673.0
2026-09-23,TPEX,5011,久陽,18.0,18.9,18.0,18.2,389653.0
2026-09-23,TPEX,5013,強新,32.0,32.95,32.0,32.5,120920.0
2026-09-23,TPEX,5014,建錩,9.99,10.0,9.89,9.98,192767.0
2026-09-23,TPEX,5015,華祺,21.05,21.7,21.05,21.45,29229.0
2026-09-23,TPEX,5016,松和,24.6,24.75,24.55,24.75,9000.0
2026-09-23,TPEX,5201,凱衛,28.65,29.3,28.2,29.2,184208.0
2026-09-23,TPEX,5202,力新,14.15,14.6,14.0,14.15,532630.0
2026-09-23,TPEX,5205,中茂,,,,,1.0
2026-09-23,TPEX,5206,坤悅,22.95,23.1,22.9,22.95,118658.0
2026-09-23,TPEX,5209,新鼎,169.0,169.5,167.5,167.5,54208.0
2026-09-23,TPEX,5210,寶碩,30.3,30.3,29.75,29.8,205285.0
2026-09-23,TPEX,5211,蒙恬,20.3,20.35,20.2,20.3,9919.0
2026-09-23,TPEX,5212,凌網,48.0,48.0,47.9,47.9,7006.0
2026-09-23,TPEX,5213,亞昕,20.85,20.9,20.7,20.85,94547.0
2026-09-23,TPEX,5220,萬達光電,19.85,19.95,19.8,19.8,54027.0
2026-09-23,TPEX,5223,安力-KY,22.5,22.95,22.5,22.8,8202.0
2026-09-23,TPEX,5227,立凱-KY,31.0,31.0,30.2,30.25,130152.0
2026-09-23,TPEX,5228,鈺鎧,40.0,40.3,39.45,39.65,89524.0
2026-09-23,TPEX,5230,雷笛克光學,21.75,22.9,21.35,21.9,2245456.0
2026-09-23,TPEX,5245,智晶,20.4,20.7,20.3,20.5,153321.0
2026-09-23,TPEX,5251,天鉞電,30.65,31.4,30.6,30.65,210361.0
2026-09-23,TPEX,5263,智崴,90.1,91.3,89.8,90.8,131412.0
2026-09-23,TPEX,5272,笙科,17.2,17.25,17.05,17.25,37774.0
2026-09-23,TPEX,5274,信驊,20385.0,20620.0,19780.0,20280.0,256661.0
2026-09-23,TPEX,5276,達輝-KY,,,,,0.0
2026-09-23,TPEX,5278,尚凡*,24.35,24.55,23.85,24.0,50642.0
2026-09-23,TPEX,5287,數字,137.5,137.5,136.5,137.0,28539.0
2026-09-23,TPEX,5289,宜鼎,1325.0,1375.0,1295.0,1305.0,2056033.0
2026-09-23,TPEX,5291,邑昇,58.2,58.6,57.5,57.5,198216.0
2026-09-23,TPEX,5299,杰力,97.5,102.5,96.6,100.5,601502.0
2026-09-23,TPEX,5301,寶得利,5.0,5.0,4.86,4.86,7004.0
2026-09-23,TPEX,5302,太欣,9.72,10.15,9.72,9.77,244629.0
2026-09-23,TPEX,5309,系統電,52.4,52.4,51.3,51.5,544179.0
2026-09-23,TPEX,5310,天剛,25.65,25.65,25.35,25.45,52048.0
2026-09-23,TPEX,5312,寶島科,91.2,91.2,90.0,90.1,26843.0
2026-09-23,TPEX,5314,世紀*,26.3,27.0,25.0,26.0,12117067.0
2026-09-23,TPEX,5315,光聯,19.35,19.4,18.95,18.95,143946.0
2026-09-23,TPEX,5321,美而快,68.7,71.4,68.5,70.5,229480.0
2026-09-23,TPEX,5324,士開,12.4,12.5,12.35,12.5,69540.0
2026-09-23,TPEX,5328,華容,52.8,53.5,51.3,52.2,2271461.0
2026-09-23,TPEX,5340,建榮,84.1,84.1,81.8,82.0,1327150.0
2026-09-23,TPEX,5344,立衛,13.3,14.25,13.3,13.95,206529.0
2026-09-23,TPEX,5345,馥鴻,21.7,21.7,21.5,21.65,7214.0
2026-09-23,TPEX,5347,世界,175.5,176.5,170.5,173.0,12955276.0
2026-09-23,TPEX,5348,正能量智能,16.55,16.55,15.5,16.1,11610.0
2026-09-23,TPEX,5351,鈺創,108.0,110.0,106.0,109.5,6748624.0
2026-09-23,TPEX,5353,台林,28.65,28.65,28.0,28.1,42749.0
2026-09-23,TPEX,5355,佳總,6.8,6.85,6.73,6.8,90647.0
2026-09-23,TPEX,5356,協益,26.0,26.15,25.8,25.85,59090.0
2026-09-23,TPEX,5364,力麗店,8.31,8.45,8.3,8.32,109000.0
2026-09-23,TPEX,5381,光譜,23.55,23.55,23.35,23.55,141506.0
2026-09-23,TPEX,5386,青雲,284.0,289.5,281.0,282.0,637550.0
2026-09-23,TPEX,5392,能率,39.9,40.25,39.5,39.5,535985.0
2026-09-23,TPEX,5398,慕康生醫,13.95,13.95,13.95,13.95,3123.0
2026-09-23,TPEX,5403,中菲,93.0,93.0,92.9,93.0,8482.0
2026-09-23,TPEX,5410,國眾,32.9,33.05,32.75,32.9,115565.0
2026-09-23,TPEX,5425,台半,95.4,97.0,93.9,95.7,21316902.0
2026-09-23,TPEX,5426,振發,28.65,28.8,28.1,28.1,247437.0
2026-09-23,TPEX,5432,新門,154.5,166.5,151.5,163.5,254773.0
2026-09-23,TPEX,5438,東友,16.6,17.8,16.6,16.75,186913.0
2026-09-23,TPEX,5439,高技,257.5,258.0,250.0,253.0,1280446.0
2026-09-23,TPEX,5443,均豪,110.0,110.5,105.5,106.0,1342147.0
2026-09-23,TPEX,5450,南良,14.75,15.2,14.6,14.65,242160.0
2026-09-23,TPEX,5452,佶優,27.8,28.2,27.8,27.9,386691.0
2026-09-23,TPEX,5455,昇益,30.4,30.4,30.4,30.4,1001.0
2026-09-23,TPEX,5457,宣德,23.9,24.45,23.9,24.4,490295.0
2026-09-23,TPEX,5460,同協,17.0,17.05,16.75,16.95,38238.0
2026-09-23,TPEX,5464,霖宏,90.2,92.5,89.5,91.4,535778.0
2026-09-23,TPEX,5465,富驊,31.45,33.15,30.85,32.05,2136690.0
2026-09-23,TPEX,5468,凱鈺,24.45,24.9,24.4,24.6,73322.0
2026-09-23,TPEX,5474,聰泰,166.0,167.0,163.0,163.5,141202.0
2026-09-23,TPEX,5475,德宏,183.0,183.5,175.0,177.0,2350786.0
2026-09-23,TPEX,5478,智冠,97.2,97.3,97.0,97.0,39309.0
2026-09-23,TPEX,5481,新華,22.1,22.2,21.95,22.1,149256.0
2026-09-23,TPEX,5483,中美晶,195.0,195.0,183.0,184.5,41907426.0
2026-09-23,TPEX,5487,通泰,29.4,29.7,28.4,28.9,98500.0
2026-09-23,TPEX,5488,松普,12.05,12.05,11.8,12.0,240117.0
2026-09-23,TPEX,5489,彩富,43.35,43.85,42.4,42.75,64206.0
2026-09-23,TPEX,5490,同亨,25.5,25.7,25.4,25.5,133706.0
2026-09-23,TPEX,5493,三聯,93.2,93.2,91.8,92.6,331526.0
2026-09-23,TPEX,5498,凱崴,51.7,52.0,50.2,50.2,988032.0
2026-09-23,TPEX,5508,永信建,54.0,54.3,53.4,53.4,301451.0
2026-09-23,TPEX,5511,德昌,69.3,70.5,69.1,69.9,68098.0
2026-09-23,TPEX,5512,力麒,7.67,7.71,7.67,7.69,483656.0
2026-09-23,TPEX,5514,三豐,15.05,15.05,14.7,14.7,21101.0
2026-09-23,TPEX,5516,雙喜,12.0,12.0,11.95,11.95,2315.0
2026-09-23,TPEX,5520,力泰,83.0,83.0,83.0,83.0,1039.0
2026-09-23,TPEX,5523,豐謙,30.2,30.35,30.15,30.35,60647.0
2026-09-23,TPEX,5529,鉅陞,25.85,26.25,25.7,26.0,139748.0
2026-09-23,TPEX,5530,龍巖,49.25,49.4,47.7,49.0,353425.0
2026-09-23,TPEX,5536,聖暉*,900.0,902.0,883.0,893.0,1349006.0
2026-09-23,TPEX,5543,桓鼎-KY,28.7,28.7,27.0,27.9,9025.0
2026-09-23,TPEX,5547,久舜,20.2,20.2,19.95,20.0,29581.0
2026-09-23,TPEX,5548,安倉,20.35,20.45,20.35,20.4,28544.0
2026-09-23,TPEX,5601,台聯櫃,,,,,0.0
2026-09-23,TPEX,5603,陸海,13.45,13.55,13.45,13.5,54554.0
2026-09-23,TPEX,5604,中連,31.0,31.3,30.95,31.0,15924.0
2026-09-23,TPEX,5609,中菲行,78.7,79.0,78.5,78.7,46264.0
2026-09-23,TPEX,5701,劍湖山,4.16,4.16,4.0,4.08,187198.0
2026-09-23,TPEX,5703,亞都,,,,,0.0
2026-09-23,TPEX,5704,老爺知,23.05,23.05,22.5,22.7,9312.0
2026-09-23,TPEX,5864,致和證,37.05,37.7,36.9,37.1,2296218.0
2026-09-23,TPEX,5878,台名,38.05,38.1,38.05,38.1,4100.0
2026-09-23,TPEX,5902,德記,34.4,34.4,33.9,34.15,116112.0
2026-09-23,TPEX,5903,全家,185.0,186.0,185.0,186.0,35931.0
2026-09-23,TPEX,5904,寶雅*,71.3,71.7,70.6,70.8,4786964.0
2026-09-23,TPEX,5905,南仁湖,7.25,7.29,7.24,7.26,340760.0
2026-09-23,TPEX,6015,宏遠證,18.0,18.1,17.8,17.85,2361320.0
2026-09-23,TPEX,6016,康和證,23.8,24.25,23.75,23.8,5025603.0
2026-09-23,TPEX,6020,大展證,20.7,20.75,20.4,20.7,36092.0
2026-09-23,TPEX,6021,美好證,45.0,45.5,42.0,42.25,447706.0
2026-09-23,TPEX,6023,元大期,88.0,88.1,87.4,87.6,491458.0
2026-09-23,TPEX,6026,福邦證,16.0,16.2,15.95,15.95,1783951.0
2026-09-23,TPEX,6028,公勝保經,97.0,99.5,96.5,99.2,40941.0
2026-09-23,TPEX,6101,寬魚國際,38.3,38.6,38.0,38.4,95669.0
2026-09-23,TPEX,6103,合邦,33.1,37.2,33.05,37.2,59078.0
2026-09-23,TPEX,6104,創惟,90.6,91.0,90.1,90.3,203920.0
2026-09-23,TPEX,6109,亞元,10.4,10.5,10.3,10.5,97122.0
2026-09-23,TPEX,6111,光聚晶電,36.5,36.5,35.7,36.3,106989.0
2026-09-23,TPEX,6113,亞矽,22.35,22.75,22.25,22.3,44262.0
2026-09-23,TPEX,6114,久威,23.4,23.4,23.3,23.3,27200.0
2026-09-23,TPEX,6118,建達,15.9,16.8,15.9,16.8,945027.0
2026-09-23,TPEX,6121,新普,378.5,379.0,374.5,376.5,342367.0
2026-09-23,TPEX,6122,擎邦,53.1,55.4,53.0,55.2,2197575.0
2026-09-23,TPEX,6123,上奇,43.2,43.3,43.0,43.0,32279.0
2026-09-23,TPEX,6124,業強,27.25,27.3,26.9,26.9,16369.0
2026-09-23,TPEX,6125,廣運,49.6,49.8,48.6,48.6,342799.0
2026-09-23,TPEX,6126,信音,30.85,31.2,30.7,30.7,292459.0
2026-09-23,TPEX,6127,九豪,48.6,49.3,47.95,47.95,1227774.0
2026-09-23,TPEX,6129,普誠,15.15,15.15,14.6,14.8,406834.0
2026-09-23,TPEX,6130,上亞科技,23.9,24.25,23.5,23.7,52027.0
2026-09-23,TPEX,6134,萬旭,29.65,29.65,28.8,28.85,110167.0
2026-09-23,TPEX,6138,茂達,279.5,281.0,274.5,274.5,345755.0
2026-09-23,TPEX,6140,訊達,22.3,22.4,20.3,21.25,693453.0
2026-09-23,TPEX,6143,振曜,82.0,82.0,81.2,81.2,278499.0
2026-09-23,TPEX,6144,得利影,12.2,12.6,12.2,12.6,6105.0
2026-09-23,TPEX,6146,耕興,180.0,182.0,179.5,181.0,245403.0
2026-09-23,TPEX,6147,頎邦,221.0,227.0,213.5,214.5,39797236.0
2026-09-23,TPEX,6148,驊宏資,39.65,39.95,36.85,37.35,2023224.0
2026-09-23,TPEX,6150,撼訊,62.4,62.7,60.6,60.8,293821.0
2026-09-23,TPEX,6151,晉倫,35.1,35.2,34.9,35.0,61294.0
2026-09-23,TPEX,6154,順發,14.1,14.2,14.05,14.2,54800.0
2026-09-23,TPEX,6156,松上,20.7,20.9,20.65,20.8,345547.0
2026-09-23,TPEX,6158,禾昌,17.25,17.25,17.0,17.25,58117.0
2026-09-23,TPEX,6160,欣技,14.25,14.25,14.1,14.1,37657.0
2026-09-23,TPEX,6161,捷波,48.9,50.5,48.3,49.9,131708.0
2026-09-23,TPEX,6163,華電網,41.8,41.9,40.95,41.1,619011.0
2026-09-23,TPEX,6167,久正,10.4,10.45,10.3,10.35,161923.0
2026-09-23,TPEX,6169,昱泉,11.85,12.1,11.85,12.05,5483.0
2026-09-23,TPEX,6170,統振,48.0,48.25,47.8,47.85,118878.0
2026-09-23,TPEX,6171,大城地產,26.4,26.85,26.2,26.45,53840.0
2026-09-23,TPEX,6173,信昌電,306.0,313.0,301.0,302.5,10187145.0
2026-09-23,TPEX,6174,安碁,44.15,45.95,43.35,44.55,830879.0
2026-09-23,TPEX,6175,立敦,70.5,71.5,69.5,69.5,487353.0
2026-09-23,TPEX,6179,亞通,36.1,36.1,34.7,35.1,6285143.0
2026-09-23,TPEX,6180,橘子,40.65,40.8,40.5,40.65,197915.0
2026-09-23,TPEX,6182,合晶,120.0,125.0,114.5,115.5,117146809.0
2026-09-23,TPEX,6185,幃翔,12.75,12.75,12.5,12.6,312208.0
2026-09-23,TPEX,6186,新潤,29.75,29.8,29.2,29.2,1063697.0
2026-09-23,TPEX,6187,萬潤,1225.0,1230.0,1180.0,1205.0,1492765.0
2026-09-23,TPEX,6188,廣明,62.3,62.6,61.7,61.7,456186.0
2026-09-23,TPEX,6190,萬泰科,69.0,69.1,68.1,68.1,1183743.0
2026-09-23,TPEX,6194,育富,30.35,30.55,30.35,30.55,43339.0
2026-09-23,TPEX,6195,詩肯,28.0,28.0,28.0,28.0,12335.0
2026-09-23,TPEX,6198,瑞築,19.55,19.6,19.4,19.4,3000.0
2026-09-23,TPEX,6199,天品,116.5,122.0,116.0,122.0,5058638.0
2026-09-23,TPEX,6203,海韻電,59.9,60.0,59.5,59.9,31283.0
2026-09-23,TPEX,6204,艾華,104.0,104.5,98.0,98.0,368230.0
2026-09-23,TPEX,6207,雷科,116.0,117.0,113.5,114.0,2695592.0
2026-09-23,TPEX,6208,日揚,75.6,76.3,75.0,75.0,123534.0
2026-09-23,TPEX,6210,慶生,17.0,17.4,17.0,17.4,8118.0
2026-09-23,TPEX,6212,理銘,31.75,32.5,31.5,32.5,3293.0
2026-09-23,TPEX,6217,中探針,173.5,175.0,167.0,167.5,1916154.0
2026-09-23,TPEX,6218,豪勉,63.4,63.5,59.9,61.3,2997607.0
2026-09-23,TPEX,6219,富旺,12.25,12.25,12.05,12.05,108087.0
2026-09-23,TPEX,6220,岳豐,25.2,25.3,25.0,25.1,53550.0
2026-09-23,TPEX,6221,晉泰,31.5,32.7,30.45,31.6,1193979.0
2026-09-23,TPEX,6222,立軒,18.95,18.95,18.35,18.35,55001.0
2026-09-23,TPEX,6223,旺矽,5445.0,5625.0,5335.0,5620.0,1067674.0
2026-09-23,TPEX,6227,茂綸,138.0,138.0,132.5,134.5,797395.0
2026-09-23,TPEX,6228,全譜,17.0,17.0,17.0,17.0,8291.0
2026-09-23,TPEX,6229,研通,23.9,23.9,23.6,23.7,30151.0
2026-09-23,TPEX,6231,系微,224.5,226.0,221.5,225.0,148440.0
2026-09-23,TPEX,6233,旺玖,21.15,21.5,21.15,21.4,82285.0
2026-09-23,TPEX,6234,高僑,38.65,40.0,38.0,38.2,1333431.0
2026-09-23,TPEX,6236,中湛,17.3,17.3,17.3,17.3,2000.0
2026-09-23,TPEX,6237,驊訊,34.5,37.4,34.5,37.4,983202.0
2026-09-23,TPEX,6240,松崗,24.0,24.8,24.0,24.55,96115.0
2026-09-23,TPEX,6241,鑫永洋,15.25,15.75,15.25,15.45,238882.0
2026-09-23,TPEX,6242,立康,33.95,33.95,33.95,33.95,1002.0
2026-09-23,TPEX,6244,茂迪,23.7,24.3,23.5,23.6,2554531.0
2026-09-23,TPEX,6245,立端,85.4,85.7,84.6,84.6,514653.0
2026-09-23,TPEX,6246,臺龍,13.0,13.0,13.0,13.0,2420.0
2026-09-23,TPEX,6248,沛波,16.65,16.75,16.65,16.75,67708.0
2026-09-23,TPEX,6259,百徽,29.8,29.8,29.05,29.05,99208.0
2026-09-23,TPEX,6261,久元,80.0,80.4,77.8,78.5,458419.0
2026-09-23,TPEX,6263,普萊德,157.5,157.5,156.5,157.0,49203.0
2026-09-23,TPEX,6264,富裔,6.0,6.01,5.96,6.01,62000.0
2026-09-23,TPEX,6265,方土昶,47.85,48.55,47.15,47.2,1098866.0
2026-09-23,TPEX,6266,泰詠,25.0,25.0,24.85,24.9,87689.0
2026-09-23,TPEX,6270,倍微,28.85,29.3,28.8,29.2,91573.0
2026-09-23,TPEX,6274,台燿,1440.0,1485.0,1420.0,1460.0,6868715.0
2026-09-23,TPEX,6275,元山,45.65,46.15,45.65,45.7,122114.0
2026-09-23,TPEX,6276,安鈦克,19.5,20.1,19.4,19.85,17270.0
2026-09-23,TPEX,6279,胡連,112.5,112.5,111.0,111.0,152002.0
2026-09-23,TPEX,6284,佳邦,75.6,76.6,74.4,74.5,405019.0
2026-09-23,TPEX,6290,良維,277.5,281.5,272.5,274.0,2282279.0
2026-09-23,TPEX,6291,沛亨,501.0,504.0,485.0,493.0,941879.0
2026-09-23,TPEX,6292,迅德,66.0,67.2,65.7,65.7,191501.0
2026-09-23,TPEX,6294,智基,28.45,28.5,28.45,28.5,7263.0
2026-09-23,TPEX,6411,晶焱,79.0,79.5,78.1,78.4,167032.0
2026-09-23,TPEX,6417,韋僑,102.0,102.0,101.0,102.0,30231.0
2026-09-23,TPEX,6418,詠昇,34.5,35.3,34.5,34.85,26998.0
2026-09-23,TPEX,6419,京晨科,152.5,153.0,150.0,151.0,41320.0
2026-09-23,TPEX,6423,億而得,85.3,87.2,85.0,86.3,60680.0
2026-09-23,TPEX,6425,易發,72.7,78.3,71.9,72.8,2988806.0
2026-09-23,TPEX,6432,今展科,62.8,63.5,60.6,60.6,986642.0
2026-09-23,TPEX,6435,大中,249.0,254.0,247.0,249.0,486407.0
2026-09-23,TPEX,6441,廣錠,24.55,25.65,24.25,24.5,245323.0
2026-09-23,TPEX,6461,益得,24.5,24.5,23.3,24.0,113621.0
2026-09-23,TPEX,6462,神盾,98.8,100.5,98.4,99.2,385137.0
2026-09-23,TPEX,6465,威潤,42.9,43.0,41.5,41.7,113735.0
2026-09-23,TPEX,6469,大樹,64.4,65.0,64.4,64.7,222814.0
2026-09-23,TPEX,6470,宇智,42.6,43.0,42.6,43.0,5128.0
2026-09-23,TPEX,6474,華豫寧,35.35,35.45,35.35,35.45,49460.0
2026-09-23,TPEX,6482,弘煜科,24.05,24.05,23.7,23.7,32538.0
2026-09-23,TPEX,6485,點序,69.3,70.4,66.6,67.8,551240.0
2026-09-23,TPEX,6486,互動,80.9,81.3,80.9,81.0,23290.0
2026-09-23,TPEX,6488,環球晶,929.0,1005.0,922.0,950.0,28714838.0
2026-09-23,TPEX,6492,生華科,34.1,34.4,34.0,34.4,186411.0
2026-09-23,TPEX,6494,九齊,53.0,53.0,51.3,51.4,82109.0
2026-09-23,TPEX,6496,科懋,24.3,24.3,23.6,23.85,25631.0
2026-09-23,TPEX,6498,久禾光,67.3,68.0,66.3,66.6,57741.0
2026-09-23,TPEX,6499,益安,73.5,73.9,71.9,73.3,247470.0
2026-09-23,TPEX,6506,雙邦,18.15,18.15,18.05,18.15,20138.0
2026-09-23,TPEX,6508,惠光,29.0,29.0,27.05,27.45,119406.0
2026-09-23,TPEX,6509,聚和,47.3,47.5,46.75,47.3,485069.0
2026-09-23,TPEX,6510,精測,3735.0,3740.0,3420.0,3475.0,1619664.0
2026-09-23,TPEX,6512,啟發電,20.15,20.15,20.15,20.15,6554.0
2026-09-23,TPEX,6516,勤崴國際,58.0,58.0,56.4,57.5,49074.0
2026-09-23,TPEX,6517,保勝光學,64.8,64.8,63.1,63.5,148897.0
2026-09-23,TPEX,6523,達爾膚,89.6,89.6,89.5,89.6,20966.0
2026-09-23,TPEX,6527,明達醫,75.0,75.0,73.3,74.1,18050.0
2026-09-23,TPEX,6530,創威,100.5,101.5,97.5,98.7,1648039.0
2026-09-23,TPEX,6532,瑞耘,99.7,99.7,97.6,97.9,357055.0
2026-09-23,TPEX,6535,順藥,79.1,82.8,77.9,82.3,388932.0
2026-09-23,TPEX,6538,倉和,440.0,457.5,405.0,410.5,2838908.0
2026-09-23,TPEX,6542,隆中,41.0,41.0,40.65,41.0,11043.0
2026-09-23,TPEX,6546,正基,60.1,60.6,57.5,57.5,1432982.0
2026-09-23,TPEX,6547,高端疫苗,59.4,61.5,59.4,60.8,2960114.0
2026-09-23,TPEX,6548,長科*,73.7,75.5,72.0,72.0,2476778.0
2026-09-23,TPEX,6556,勝品,61.7,61.7,61.5,61.5,2010.0
2026-09-23,TPEX,6560,欣普羅,33.1,33.7,33.0,33.2,17350.0
2026-09-23,TPEX,6561,是方,313.0,314.5,310.0,310.0,71994.0
2026-09-23,TPEX,6568,宏觀,141.5,145.5,140.0,140.0,143041.0
2026-09-23,TPEX,6569,醫揚,91.5,92.0,91.3,92.0,14301.0
2026-09-23,TPEX,6570,維田,47.0,47.45,46.55,46.55,101307.0
2026-09-23,TPEX,6574,霈方,119.0,120.0,119.0,120.0,27250.0
2026-09-23,TPEX,6576,逸達,80.6,81.2,80.5,80.9,37247.0
2026-09-23,TPEX,6577,勁豐,80.1,80.4,79.3,79.8,37860.0
2026-09-23,TPEX,6578,達邦蛋白,16.9,16.95,16.6,16.8,75137.0
2026-09-23,TPEX,6584,南俊國際,552.0,555.0,542.0,542.0,257623.0
2026-09-23,TPEX,6588,東典光電,112.0,119.0,112.0,112.5,2259816.0
2026-09-23,TPEX,6590,普鴻,69.9,69.9,65.6,67.8,33676.0
2026-09-23,TPEX,6593,台灣銘板,31.95,32.35,31.95,32.3,47813.0
2026-09-23,TPEX,6596,寬宏藝術,97.7,97.7,96.6,97.0,124886.0
2026-09-23,TPEX,6597,立誠,66.5,68.0,66.5,68.0,5000.0
2026-09-23,TPEX,6603,富強鑫,27.9,27.95,27.05,27.2,1491815.0
2026-09-23,TPEX,6609,瀧澤科,39.9,40.05,39.75,39.85,69475.0
2026-09-23,TPEX,6612,奈米醫材,71.5,72.1,71.5,71.7,11481.0
2026-09-23,TPEX,6613,朋億*,269.0,272.0,267.5,269.0,177081.0
2026-09-23,TPEX,6615,慧智,33.7,34.0,33.6,34.0,11292.0
2026-09-23,TPEX,6616,特昇-KY,8.23,8.23,8.0,8.05,57551.0
2026-09-23,TPEX,6617,共信-KY,142.0,143.5,136.5,142.0,1096789.0
2026-09-23,TPEX,6620,漢達,126.5,132.5,125.0,130.0,2875398.0
2026-09-23,TPEX,6624,萬年清,38.9,38.9,38.1,38.1,2215.0
2026-09-23,TPEX,6629,泰金-KY,104.0,105.5,103.5,104.0,8011.0
2026-09-23,TPEX,6637,醫影,54.4,54.4,53.9,54.0,33531.0
2026-09-23,TPEX,6640,均華,1040.0,1070.0,1015.0,1050.0,283520.0
2026-09-23,TPEX,6642,富致,79.4,79.9,78.0,78.6,91671.0
2026-09-23,TPEX,6643,M31,497.0,501.0,475.0,476.5,959630.0
2026-09-23,TPEX,6649,台生材,35.65,35.65,35.3,35.45,6006.0
2026-09-23,TPEX,6651,全宇昕,153.0,155.0,152.0,152.0,143711.0
2026-09-23,TPEX,6654,天正國際,202.5,202.5,194.5,194.5,38691.0
2026-09-23,TPEX,6661,威健生技,,,,,0.0
2026-09-23,TPEX,6662,樂斯科,27.8,28.5,27.8,28.5,4092.0
2026-09-23,TPEX,6664,群翊,350.5,352.0,346.0,346.0,159049.0
2026-09-23,TPEX,6667,信紘科,263.5,268.5,257.5,261.5,472028.0
2026-09-23,TPEX,6679,鈺太,199.0,203.5,199.0,201.5,154893.0
2026-09-23,TPEX,6680,鑫創電子,,,,,0.0
2026-09-23,TPEX,6683,雍智科技,1595.0,1605.0,1540.0,1555.0,777075.0
2026-09-23,TPEX,6684,安格,50.0,51.4,48.95,49.2,103474.0
2026-09-23,TPEX,6690,安碁資訊,178.5,179.0,177.0,178.5,161088.0
2026-09-23,TPEX,6692,進能服,23.3,23.3,22.45,22.6,16502.0
2026-09-23,TPEX,6693,廣閎科,180.0,197.0,180.0,197.0,2977943.0
2026-09-23,TPEX,6697,東捷資訊,41.7,41.7,41.05,41.15,25234.0
2026-09-23,TPEX,6703,軒郁,100.0,100.5,100.0,100.0,22805.0
2026-09-23,TPEX,6708,天擎,38.7,38.95,38.7,38.95,6000.0
2026-09-23,TPEX,6712,長聖,160.0,163.0,160.0,162.0,301494.0
2026-09-23,TPEX,6716,應廣,119.0,119.0,117.0,117.5,259862.0
2026-09-23,TPEX,6720,久昌,129.0,129.5,129.0,129.5,83523.0
2026-09-23,TPEX,6721,信實,50.3,50.4,50.3,50.3,5314.0
2026-09-23,TPEX,6725,矽科宏晟,218.0,223.0,217.5,218.0,32394.0
2026-09-23,TPEX,6727,亞泰金屬,476.0,486.5,465.0,465.0,805392.0
2026-09-23,TPEX,6728,上洋,108.0,108.5,107.0,108.5,32032.0
2026-09-23,TPEX,6730,常廣,32.05,32.3,31.8,32.3,6062.0
2026-09-23,TPEX,6732,昇佳電子,149.5,150.0,148.5,149.0,43415.0
2026-09-23,TPEX,6733,博晟生醫,25.35,25.35,25.0,25.35,45418.0
2026-09-23,TPEX,6735,美達科技,65.0,68.4,63.8,63.8,118232.0
2026-09-23,TPEX,6739,竹陞科技,1095.0,1105.0,1045.0,1060.0,274784.0
2026-09-23,TPEX,6741,91APP*-KY,57.0,57.0,55.6,55.7,295021.0
2026-09-23,TPEX,6751,智聯服務,,,,,142.0
2026-09-23,TPEX,6752,叡揚,96.6,96.6,96.1,96.1,15862.0
2026-09-23,TPEX,6761,穩得,164.5,167.5,162.5,164.0,79176.0
2026-09-23,TPEX,6762,達亞,161.5,161.5,161.5,161.5,1001.0
2026-09-23,TPEX,6763,綠界科技*,42.7,42.7,41.4,41.85,130914.0
2026-09-23,TPEX,6767,台微醫,24.8,24.8,24.4,24.4,2000.0
2026-09-23,TPEX,6785,昱展新藥,96.6,99.2,96.2,98.9,21360.0
2026-09-23,TPEX,6788,華景電,342.0,342.0,336.0,336.0,94674.0
2026-09-23,TPEX,6791,虎門科技,99.1,100.0,98.6,99.1,9088.0
2026-09-23,TPEX,6803,崑鼎,266.5,267.5,266.0,266.0,54553.0
2026-09-23,TPEX,6804,明係,18.2,18.25,18.1,18.25,36026.0
2026-09-23,TPEX,6811,宏碁資訊,253.0,253.0,247.0,248.5,195895.0
2026-09-23,TPEX,6821,聯寶,42.1,42.1,40.5,40.5,63051.0
2026-09-23,TPEX,6823,濾能,60.9,60.9,59.8,60.2,48099.0
2026-09-23,TPEX,6829,千附精密,210.0,212.5,207.0,207.0,692195.0
2026-09-23,TPEX,6840,東研信超,106.0,106.5,103.0,104.5,273449.0
2026-09-23,TPEX,6841,長佳智能,53.2,53.6,53.0,53.5,66449.0
2026-09-23,TPEX,6843,進典,38.8,38.85,38.3,38.7,8150.0
2026-09-23,TPEX,6844,諾貝兒,56.2,56.9,56.2,56.9,12379.0
2026-09-23,TPEX,6846,綠茵,59.0,59.0,57.5,58.3,4102.0
2026-09-23,TPEX,6855,數泓科,112.0,116.0,111.0,116.0,5010.0
2026-09-23,TPEX,6856,鑫傳,41.1,41.85,41.1,41.85,6022.0
2026-09-23,TPEX,6859,伯特光,119.0,126.0,118.5,120.5,101494.0
2026-09-23,TPEX,6865,偉康科技,27.5,28.2,27.45,28.2,25016.0
2026-09-23,TPEX,6870,騰雲,306.5,328.5,298.5,328.5,1139704.0
2026-09-23,TPEX,6872,浩宇生醫,24.05,24.45,23.0,23.2,218921.0
2026-09-23,TPEX,6874,倍力,68.8,69.9,68.6,69.4,9464.0
2026-09-23,TPEX,6875,國邑*,32.75,33.3,31.8,31.85,251182.0
2026-09-23,TPEX,6877,鏵友益,125.0,127.5,123.5,126.5,106818.0
2026-09-23,TPEX,6881,潤德,,,,,22.0
2026-09-23,TPEX,6884,海柏特,,,,,500.0
2026-09-23,TPEX,6894,衛司特,371.5,372.5,367.0,372.5,37102.0
2026-09-23,TPEX,6895,宏碩系統,147.0,147.0,141.0,143.0,13400.0
2026-09-23,TPEX,6899,創為精密,50.1,50.1,49.3,49.3,15000.0
2026-09-23,TPEX,6903,巨漢,305.0,313.0,303.5,308.5,239477.0
2026-09-23,TPEX,6904,伯鑫,120.5,120.5,120.5,120.5,1012.0
2026-09-23,TPEX,6907,雅特力-KY,187.5,187.5,183.5,184.5,635403.0
2026-09-23,TPEX,6910,德鴻,25.7,25.8,25.45,25.5,8000.0
2026-09-23,TPEX,6913,鴻呈,130.5,130.5,128.0,128.0,207077.0
2026-09-23,TPEX,6922,宸曜,204.5,208.0,199.5,204.5,96607.0
2026-09-23,TPEX,6925,意藍,56.8,62.0,56.7,62.0,455450.0
2026-09-23,TPEX,6929,佑全,22.05,22.05,20.85,22.05,14002.0
2026-09-23,TPEX,6945,圓祥生技,135.0,137.5,128.0,137.0,476937.0
2026-09-23,TPEX,6953,家碩,242.0,242.0,234.0,235.5,13590.0
2026-09-23,TPEX,6961,旅天下,47.4,47.5,47.1,47.3,21880.0
2026-09-23,TPEX,6967,汎瑋材料,66.1,66.5,65.9,66.4,46734.0
2026-09-23,TPEX,6968,萬達寵物,41.55,41.6,41.4,41.55,55617.0
2026-09-23,TPEX,6971,惠民實業,23.55,23.7,23.55,23.7,23254.0
2026-09-23,TPEX,6982,大井泵浦,44.2,44.2,43.0,43.6,24028.0
2026-09-23,TPEX,6983,華洋精機,348.0,352.0,347.5,348.0,28944.0
2026-09-23,TPEX,6986,和迅,45.25,45.9,44.8,45.5,127220.0
2026-09-23,TPEX,6996,力領科技,171.0,173.0,169.5,170.0,41594.0
2026-09-23,TPEX,6997,博弘,66.8,66.8,66.7,66.7,5060.0
2026-09-23,TPEX,7402,邑錡,100.0,102.0,99.9,100.0,182395.0
2026-09-23,TPEX,7547,碩網,52.1,54.3,52.1,54.0,100359.0
2026-09-23,TPEX,7556,意德士,258.5,262.0,256.5,262.0,17500.0
2026-09-23,TPEX,7584,樂意,27.35,27.8,27.1,27.1,7115.0
2026-09-23,TPEX,7642,昶瑞機電,68.5,69.0,68.3,68.6,9006.0
2026-09-23,TPEX,7703,銳澤,200.0,203.5,200.0,201.0,95917.0
2026-09-23,TPEX,7704,明遠精密,62.1,62.1,61.6,61.9,17005.0
2026-09-23,TPEX,7708,全家餐飲,91.9,92.0,91.9,92.0,8265.0
2026-09-23,TPEX,7709,榮田,89.5,89.5,84.0,85.5,120641.0
2026-09-23,TPEX,7712,博盛半導體,160.0,171.0,159.0,166.0,730987.0
2026-09-23,TPEX,7713,威力德生醫,73.9,74.5,73.9,74.0,12008.0
2026-09-23,TPEX,7714,創泓科技,163.5,165.0,161.5,162.0,205713.0
2026-09-23,TPEX,7715,裕山,27.85,27.85,27.1,27.2,58297.0
2026-09-23,TPEX,7716,昱臺國際,23.9,23.9,23.9,23.9,1000.0
2026-09-23,TPEX,7717,萊德光電-KY,601.0,631.0,596.0,608.0,1589404.0
2026-09-23,TPEX,7718,友鋮,46.75,46.75,45.7,46.0,24030.0
2026-09-23,TPEX,7723,築間,18.35,18.45,18.25,18.35,61451.0
2026-09-23,TPEX,7728,光焱科技,580.0,591.0,576.0,589.0,41747.0
2026-09-23,TPEX,7734,印能科技,2560.0,2610.0,2550.0,2580.0,116734.0
2026-09-23,TPEX,7738,東聯互動,157.0,157.0,154.0,156.0,35442.0
2026-09-23,TPEX,7743,金利食安,25.0,25.15,24.75,25.0,53199.0
2026-09-23,TPEX,7744,崴寶,545.0,546.0,530.0,534.0,76760.0
2026-09-23,TPEX,7747,昕奇雲端,113.5,113.5,112.0,113.5,8229.0
2026-09-23,TPEX,7751,竑騰,1420.0,1440.0,1410.0,1435.0,53007.0
2026-09-23,TPEX,7753,星亞,35.75,35.8,35.35,35.5,11009.0
2026-09-23,TPEX,7757,金色三麥,88.1,90.3,86.9,89.2,27153.0
2026-09-23,TPEX,7767,仁大資訊,46.65,46.65,46.4,46.65,4000.0
2026-09-23,TPEX,7770,君曜,39.9,40.2,39.2,39.5,22000.0
2026-09-23,TPEX,7772,耀穎,199.0,199.0,171.0,173.5,2682639.0
2026-09-23,TPEX,7777,能率亞洲,36.0,36.0,35.5,35.5,566115.0
2026-09-23,TPEX,7782,光速火箭,25.3,25.3,25.3,25.3,2000.0
2026-09-23,TPEX,7792,安葆,378.5,415.5,378.0,415.5,2621988.0
2026-09-23,TPEX,7794,宏碁智新,30.8,30.8,30.2,30.2,17103.0
2026-09-23,TPEX,7805,威聯通,504.0,508.0,499.0,500.0,40105.0
2026-09-23,TPEX,7810,捷創科技,231.0,240.0,226.5,234.5,423687.0
2026-09-23,TPEX,7811,民盛,73.0,73.0,73.0,73.0,2005.0
2026-09-23,TPEX,7814,海昌生技,28.3,28.3,28.15,28.2,27000.0
2026-09-23,TPEX,7819,精誠金融,34.4,34.5,34.35,34.4,5032.0
2026-09-23,TPEX,7820,立盈,104.0,107.0,103.5,106.5,14694.0
2026-09-23,TPEX,7825,和亞智慧,75.3,76.8,74.8,74.8,193150.0
2026-09-23,TPEX,7828,創新服務,1940.0,2025.0,1910.0,1970.0,314623.0
2026-09-23,TPEX,7839,達人網,43.0,43.3,42.95,43.0,14530.0
2026-09-23,TPEX,7842,天能綠電,98.5,98.5,95.2,96.2,10141.0
2026-09-23,TPEX,7856,漢測,4800.0,4800.0,4520.0,4730.0,631287.0
2026-09-23,TPEX,8024,佑華,12.7,12.7,12.4,12.55,42103.0
2026-09-23,TPEX,8027,鈦昇,183.0,185.0,176.0,176.5,1481573.0
2026-09-23,TPEX,8032,光菱,35.75,36.25,35.7,36.0,19013.0
2026-09-23,TPEX,8034,榮群,21.1,21.1,20.55,20.55,67457.0
2026-09-23,TPEX,8038,長園科,32.3,33.0,32.05,32.55,109351.0
2026-09-23,TPEX,8040,九暘,86.8,93.0,85.4,91.1,7075816.0
2026-09-23,TPEX,8042,金山電,112.5,115.5,111.5,111.5,1779623.0
2026-09-23,TPEX,8043,蜜望實,132.5,136.0,131.5,131.5,1113245.0
2026-09-23,TPEX,8044,網家,23.85,24.0,23.75,24.0,193863.0
2026-09-23,TPEX,8047,星雲,42.0,45.8,42.0,45.75,43003.0
2026-09-23,TPEX,8048,德勝,48.85,50.3,48.6,50.0,187271.0
2026-09-23,TPEX,8049,晶采,24.5,24.6,24.35,24.45,83120.0
2026-09-23,TPEX,8050,廣積,59.9,60.5,59.2,59.3,966952.0
2026-09-23,TPEX,8054,安國,87.0,87.9,84.4,84.5,1007024.0
2026-09-23,TPEX,8059,凱碩,17.6,18.0,16.85,17.6,377991.0
2026-09-23,TPEX,8064,東捷,135.0,137.5,133.0,133.0,4547855.0
2026-09-23,TPEX,8066,來思達,15.15,15.15,14.9,15.15,8484.0
2026-09-23,TPEX,8067,志旭,11.5,11.55,11.25,11.25,21254.0
2026-09-23,TPEX,8068,全達,18.35,18.95,18.0,18.5,1689454.0
2026-09-23,TPEX,8069,元太,146.5,148.0,144.0,144.0,5796924.0
2026-09-23,TPEX,8071,能率網通,21.85,22.05,21.8,21.8,130181.0
2026-09-23,TPEX,8074,鉅橡,52.0,52.0,50.5,50.6,190873.0
2026-09-23,TPEX,8076,伍豐,21.4,21.6,21.4,21.5,374716.0
2026-09-23,TPEX,8077,洛碁,,,,,1274.0
2026-09-23,TPEX,8080,泰霖,28.2,29.1,28.1,28.15,29258.0
2026-09-23,TPEX,8083,瑞穎,156.0,156.0,154.5,155.0,59599.0
2026-09-23,TPEX,8084,巨虹,40.7,40.7,36.75,36.75,3260800.0
2026-09-23,TPEX,8085,福華,14.5,14.5,14.1,14.2,141066.0
2026-09-23,TPEX,8086,宏捷科,111.0,112.0,108.5,109.0,1419875.0
2026-09-23,TPEX,8087,麗升能源,24.75,24.75,24.45,24.45,5009.0
2026-09-23,TPEX,8088,品安,42.8,43.0,42.2,42.2,206663.0
2026-09-23,TPEX,8089,康全電訊,19.15,19.7,19.15,19.5,120739.0
2026-09-23,TPEX,8091,翔名,218.0,218.0,215.5,216.0,168455.0
2026-09-23,TPEX,8092,建暐,12.9,13.05,12.65,12.95,156302.0
2026-09-23,TPEX,8093,保銳,24.55,24.55,23.85,23.85,2000.0
2026-09-23,TPEX,8096,擎亞,85.6,86.4,83.4,83.9,3152664.0
2026-09-23,TPEX,8097,常珵,49.4,49.4,48.7,48.7,38005.0
2026-09-23,TPEX,8099,大世科,60.6,60.6,60.1,60.5,24238.0
2026-09-23,TPEX,8102,傑霖科技,61.0,61.0,60.0,60.1,6015.0
2026-09-23,TPEX,8107,大億金茂,12.1,12.2,12.0,12.2,38062.0
2026-09-23,TPEX,8109,博大,131.0,132.0,130.5,132.0,127825.0
2026-09-23,TPEX,8111,立碁,76.5,77.4,74.1,74.1,7927990.0
2026-09-23,TPEX,8121,越峰,28.0,28.55,27.9,27.9,467690.0
2026-09-23,TPEX,8147,正淩,136.5,139.5,135.0,137.5,160261.0
2026-09-23,TPEX,8155,博智,350.5,351.0,335.5,347.0,684095.0
2026-09-23,TPEX,8171,天宇,20.75,21.2,20.6,20.65,257162.0
2026-09-23,TPEX,8176,智捷,9.72,9.86,9.68,9.78,109259.0
2026-09-23,TPEX,8182,加高,40.05,41.95,39.3,40.45,2580159.0
2026-09-23,TPEX,8227,巨有科技,308.5,310.0,290.0,310.0,949847.0
2026-09-23,TPEX,8234,新漢,61.8,61.8,60.7,60.7,222508.0
2026-09-23,TPEX,8240,華宏,51.9,52.7,50.6,52.0,556049.0
2026-09-23,TPEX,8255,朋程,141.5,148.0,141.0,141.0,1024136.0
2026-09-23,TPEX,8272,全景軟體,64.5,64.8,63.6,64.8,9100.0
2026-09-23,TPEX,8277,商丞,15.65,16.0,15.55,15.75,92156.0
2026-09-23,TPEX,8279,生展,78.1,78.9,78.0,78.1,12002.0
2026-09-23,TPEX,8284,三竹,68.3,68.3,68.3,68.3,1444.0
2026-09-23,TPEX,8289,泰藝,44.65,45.8,43.95,44.45,671134.0
2026-09-23,TPEX,8291,尚茂,29.5,29.8,29.1,29.8,12290.0
2026-09-23,TPEX,8299,群聯,2280.0,2350.0,2200.0,2215.0,7432107.0
2026-09-23,TPEX,8342,益張,85.2,85.3,85.2,85.2,5002.0
2026-09-23,TPEX,8349,恒耀,37.95,38.45,37.7,38.45,116289.0
2026-09-23,TPEX,8354,冠好,17.0,17.2,16.95,17.2,9231.0
2026-09-23,TPEX,8358,金居,498.0,502.0,490.0,497.0,2049747.0
2026-09-23,TPEX,8383,千附,66.6,67.0,66.0,66.1,437621.0
2026-09-23,TPEX,8390,金益鼎,90.4,91.0,90.2,90.4,196045.0
2026-09-23,TPEX,8401,白紗科,22.6,22.6,22.5,22.55,36043.0
2026-09-23,TPEX,8403,盛弘,19.0,19.2,18.95,19.0,84845.0
2026-09-23,TPEX,8409,商之器,18.1,18.35,18.1,18.3,6004.0
2026-09-23,TPEX,8410,森田,28.7,28.7,27.8,28.2,248331.0
2026-09-23,TPEX,8415,大國鋼,35.1,35.3,35.05,35.15,112403.0
2026-09-23,TPEX,8416,實威,168.5,168.5,168.5,168.5,2850.0
2026-09-23,TPEX,8421,旭源,12.8,12.9,12.7,12.8,59097.0
2026-09-23,TPEX,8423,保綠-KY,18.1,18.1,17.95,17.95,21978.0
2026-09-23,TPEX,8424,惠普,68.8,68.8,68.8,68.8,2221.0
2026-09-23,TPEX,8426,紅木-KY,20.45,20.6,20.3,20.5,15000.0
2026-09-23,TPEX,8431,匯鑽科,64.0,64.6,62.3,63.2,1100348.0
2026-09-23,TPEX,8432,東生華,50.4,50.7,50.1,50.7,22005.0
2026-09-23,TPEX,8433,弘帆,53.0,53.0,52.8,52.8,15340.0
2026-09-23,TPEX,8435,鉅邁,52.8,53.0,52.8,52.8,32669.0
2026-09-23,TPEX,8436,大江,105.0,106.5,105.0,105.0,350020.0
2026-09-23,TPEX,8437,大地-KY,9.1,9.89,9.08,9.87,66154.0
2026-09-23,TPEX,8440,綠電,20.05,20.35,20.05,20.35,47671.0
2026-09-23,TPEX,8444,綠河-KY,4.35,4.44,4.3,4.44,5208.0
2026-09-23,TPEX,8446,華研,84.7,85.0,84.1,84.1,24909.0
2026-09-23,TPEX,8450,霹靂,14.65,14.65,14.2,14.3,23972.0
2026-09-23,TPEX,8455,大拓-KY,22.35,22.35,22.35,22.35,10110.0
2026-09-23,TPEX,8472,納維康,78.0,78.3,78.0,78.3,4000.0
2026-09-23,TPEX,8477,創業家,14.25,14.5,14.25,14.5,32157.0
2026-09-23,TPEX,8489,三貝德,23.4,23.4,22.5,22.65,156216.0
2026-09-23,TPEX,8905,裕國,35.0,35.0,34.8,34.8,5243.0
2026-09-23,TPEX,8906,花王,29.0,29.45,29.0,29.45,9460.0
2026-09-23,TPEX,8908,欣雄,40.5,40.5,40.0,40.0,71564.0
2026-09-23,TPEX,8916,光隆,40.95,40.95,40.75,40.9,21985.0
2026-09-23,TPEX,8917,欣泰,54.0,55.0,54.0,55.0,8052.0
2026-09-23,TPEX,8921,沈氏,,,,,4.0
2026-09-23,TPEX,8923,時報,,,,,0.0
2026-09-23,TPEX,8924,大田,49.9,49.9,49.5,49.5,46304.0
2026-09-23,TPEX,8927,北基,19.1,19.25,18.85,19.1,175127.0
2026-09-23,TPEX,8928,鉅明,23.4,23.4,23.0,23.0,27000.0
2026-09-23,TPEX,8929,富堡,12.85,12.9,12.75,12.8,16593.0
2026-09-23,TPEX,8930,青鋼,29.0,29.0,28.5,28.9,32532.0
2026-09-23,TPEX,8931,大汽電,43.2,43.2,42.6,43.0,100086.0
2026-09-23,TPEX,8932,智通*,95.1,95.1,92.2,93.2,1069861.0
2026-09-23,TPEX,8933,愛地雅,4.36,4.5,4.36,4.5,89948.0
2026-09-23,TPEX,8935,邦泰,17.3,17.5,17.25,17.3,73764.0
2026-09-23,TPEX,8936,國統,52.4,52.4,51.9,52.0,601568.0
2026-09-23,TPEX,8937,合騏*,27.4,27.65,27.15,27.2,89625.0
2026-09-23,TPEX,8938,明安,52.9,53.0,52.3,52.3,54640.0
2026-09-23,TPEX,8941,關中,43.95,44.0,43.95,43.95,3111.0
2026-09-23,TPEX,8942,森鉅,40.7,40.7,40.55,40.6,121911.0
2026-09-23,TPEX,9949,琉園,23.95,24.65,23.95,24.0,117334.0
2026-09-23,TPEX,9950,萬國通,10.15,10.15,10.15,10.15,16121.0
2026-09-23,TPEX,9951,皇田,48.1,48.2,47.95,48.0,59195.0
2026-09-23,TPEX,9960,邁達康,35.25,38.7,32.75,37.6,181412.0
2026-09-23,TPEX,9962,有益,9.97,10.0,9.92,10.0,62682.0
