date,market,stock_id,name,open,high,low,close,volume
2026-09-16,TWSE,1101,台泥,24.0,24.05,23.8,23.8,20277886.0
2026-09-16,TWSE,1102,亞泥,34.95,35.2,34.8,35.2,5120946.0
2026-09-16,TWSE,1103,嘉泥,13.1,13.1,12.95,13.0,365933.0
2026-09-16,TWSE,1104,環泥,26.85,26.85,26.6,26.65,413954.0
2026-09-16,TWSE,1108,幸福,11.0,11.1,11.0,11.05,123202.0
2026-09-16,TWSE,1109,信大,13.4,13.45,13.35,13.45,52197.0
2026-09-16,TWSE,1110,東泥,15.65,15.65,15.4,15.4,523661.0
2026-09-16,TWSE,1201,味全,12.0,12.05,11.95,12.05,357441.0
2026-09-16,TWSE,1203,味王,42.1,42.75,42.1,42.65,21867.0
2026-09-16,TWSE,1210,大成,51.8,52.0,51.5,51.6,1335950.0
2026-09-16,TWSE,1213,大飲,7.25,7.49,7.19,7.19,36550.0
2026-09-16,TWSE,1215,卜蜂,107.5,108.0,105.5,105.5,866770.0
2026-09-16,TWSE,1216,統一,74.9,74.9,73.9,74.5,10616868.0
2026-09-16,TWSE,1217,愛之味,9.96,9.98,9.93,9.97,340167.0
2026-09-16,TWSE,1218,泰山,14.3,14.3,14.15,14.25,408681.0
2026-09-16,TWSE,1219,福壽,11.25,11.35,11.15,11.2,191741.0
2026-09-16,TWSE,1220,台榮,10.8,10.8,10.7,10.75,44095.0
2026-09-16,TWSE,1225,福懋油,24.5,25.15,24.5,24.65,44496.0
2026-09-16,TWSE,1227,佳格,28.3,28.35,28.1,28.15,475914.0
2026-09-16,TWSE,1229,聯華,40.3,40.4,40.1,40.35,1425646.0
2026-09-16,TWSE,1231,聯華食,79.8,79.8,79.2,79.3,381816.0
2026-09-16,TWSE,1232,大統益,154.0,155.0,153.5,154.5,81651.0
2026-09-16,TWSE,1233,天仁,28.0,28.0,27.85,27.85,16020.0
2026-09-16,TWSE,1234,黑松,33.15,33.25,33.05,33.1,100499.0
2026-09-16,TWSE,1235,興泰,37.05,37.05,35.9,36.9,11021.0
2026-09-16,TWSE,1236,宏亞,25.8,26.1,25.4,25.55,61821.0
2026-09-16,TWSE,1256,鮮活果汁-KY,173.0,174.0,171.0,171.0,27564.0
2026-09-16,TWSE,1301,台塑,62.1,62.5,61.2,62.0,17895998.0
2026-09-16,TWSE,1303,南亞,230.0,230.5,221.0,221.5,55715933.0
2026-09-16,TWSE,1304,台聚,12.15,12.2,12.0,12.15,1673059.0
2026-09-16,TWSE,1305,華夏,11.95,11.95,11.7,11.7,1005203.0
2026-09-16,TWSE,1307,三芳,30.25,30.3,30.15,30.15,279688.0
2026-09-16,TWSE,1308,亞聚,14.05,14.1,13.85,13.9,1101680.0
2026-09-16,TWSE,1309,台達化,13.65,13.7,13.45,13.65,1260046.0
2026-09-16,TWSE,1310,台苯,8.68,8.68,8.45,8.45,1468489.0
2026-09-16,TWSE,1312,國喬,14.45,14.7,14.3,14.35,9867693.0
2026-09-16,TWSE,1313,聯成,11.7,11.95,11.65,11.8,1678846.0
2026-09-16,TWSE,1314,中石化,8.23,8.24,8.08,8.11,12078524.0
2026-09-16,TWSE,1315,達新,65.5,65.8,65.4,65.8,16053.0
2026-09-16,TWSE,1316,上曜,10.7,10.7,10.4,10.4,1750884.0
2026-09-16,TWSE,1319,東陽,78.2,79.3,78.1,79.0,950303.0
2026-09-16,TWSE,1321,大洋,31.9,32.3,31.9,32.15,36026.0
2026-09-16,TWSE,1323,永裕,21.7,21.9,21.35,21.35,73861.0
2026-09-16,TWSE,1324,地球,10.05,10.1,9.99,10.0,53590.0
2026-09-16,TWSE,1325,恆大,25.5,25.6,25.2,25.35,122292.0
2026-09-16,TWSE,1326,台化,66.6,66.8,64.9,65.8,23789944.0
2026-09-16,TWSE,1337,再生-KY,4.48,4.48,4.39,4.39,269204.0
2026-09-16,TWSE,1338,廣華-KY,14.5,14.55,14.2,14.3,95767.0
2026-09-16,TWSE,1339,昭輝,42.25,42.7,42.15,42.7,36880.0
2026-09-16,TWSE,1340,勝悅-KY,5.13,5.18,5.06,5.07,110986.0
2026-09-16,TWSE,1341,富林-KY,58.2,59.4,58.2,59.4,3510.0
2026-09-16,TWSE,1342,八貫,99.8,101.5,99.8,100.5,74895.0
2026-09-16,TWSE,1402,遠東新,28.05,28.05,27.7,27.8,9055012.0
2026-09-16,TWSE,1409,新纖,24.25,24.25,23.8,23.9,9754438.0
2026-09-16,TWSE,1410,南染,24.1,24.55,23.8,23.9,208159.0
2026-09-16,TWSE,1413,宏洲,9.2,9.22,9.2,9.22,2000.0
2026-09-16,TWSE,1414,東和,17.65,17.65,17.2,17.2,102554.0
2026-09-16,TWSE,1416,廣豐,11.3,11.35,11.15,11.25,309661.0
2026-09-16,TWSE,1417,嘉裕,8.12,8.14,7.96,7.98,315338.0
2026-09-16,TWSE,1418,東華,17.45,17.55,17.3,17.55,5242.0
2026-09-16,TWSE,1419,新紡,66.5,66.5,64.9,65.9,128424.0
2026-09-16,TWSE,1423,利華,34.5,35.25,34.5,35.25,2001.0
2026-09-16,TWSE,1432,大魯閣,15.0,15.05,14.95,14.95,103442.0
2026-09-16,TWSE,1434,福懋,17.65,17.65,17.45,17.5,1208799.0
2026-09-16,TWSE,1435,中福,22.35,22.35,21.75,21.75,5278.0
2026-09-16,TWSE,1436,華友聯,36.2,36.45,36.0,36.1,62288.0
2026-09-16,TWSE,1437,勤益控,32.0,32.25,31.85,32.25,125672.0
2026-09-16,TWSE,1438,三地開發,21.2,21.2,21.1,21.2,19606.0
2026-09-16,TWSE,1439,雋揚,28.05,28.15,27.55,27.7,57437.0
2026-09-16,TWSE,1440,南紡,13.35,13.35,13.05,13.05,1700760.0
2026-09-16,TWSE,1441,大東,8.59,8.74,8.58,8.61,21949.0
2026-09-16,TWSE,1442,名軒,29.95,30.0,29.8,29.9,119625.0
2026-09-16,TWSE,1443,立益物流,22.75,23.1,22.55,23.0,7032.0
2026-09-16,TWSE,1444,力麗,6.7,6.74,6.66,6.66,884227.0
2026-09-16,TWSE,1445,大宇,10.3,10.3,10.1,10.15,59192.0
2026-09-16,TWSE,1446,宏和,13.35,13.4,13.25,13.3,79045.0
2026-09-16,TWSE,1447,力鵬,6.43,6.43,6.3,6.31,736501.0
2026-09-16,TWSE,1449,佳和,12.3,12.3,12.1,12.1,204958.0
2026-09-16,TWSE,1451,年興,17.15,17.15,16.9,16.9,97725.0
2026-09-16,TWSE,1452,宏益,11.2,11.2,11.0,11.0,14255.0
2026-09-16,TWSE,1453,大將,10.95,11.0,10.8,10.8,47026.0
2026-09-16,TWSE,1454,台富,12.85,12.85,12.45,12.55,43194.0
2026-09-16,TWSE,1455,集盛,9.7,9.72,9.59,9.6,470308.0
2026-09-16,TWSE,1456,怡華,14.3,14.6,13.9,13.9,241173.0
2026-09-16,TWSE,1457,宜進,14.35,14.45,14.3,14.35,37872.0
2026-09-16,TWSE,1459,聯發,15.35,15.5,15.35,15.35,172508.0
2026-09-16,TWSE,1460,宏遠,6.42,6.42,6.26,6.28,386923.0
2026-09-16,TWSE,1463,強盛新,17.15,17.6,17.15,17.6,281006.0
2026-09-16,TWSE,1464,得力,10.0,10.0,9.9,9.96,492932.0
2026-09-16,TWSE,1465,偉全,11.9,11.95,11.8,11.95,30280.0
2026-09-16,TWSE,1466,聚隆,14.95,14.95,14.6,14.7,171002.0
2026-09-16,TWSE,1467,南緯,7.91,7.94,7.9,7.9,62059.0
2026-09-16,TWSE,1468,昶和,13.0,13.1,12.75,13.1,92000.0
2026-09-16,TWSE,1470,大統新創,23.7,23.9,23.7,23.85,4003.0
2026-09-16,TWSE,1471,首利,9.5,9.5,9.3,9.3,114788.0
2026-09-16,TWSE,1472,三洋實業,88.6,89.1,87.5,88.3,25050.0
2026-09-16,TWSE,1473,台南,19.7,19.95,19.55,19.65,164728.0
2026-09-16,TWSE,1474,弘裕,9.83,9.88,9.71,9.72,81744.0
2026-09-16,TWSE,1475,業旺,26.1,26.5,25.8,26.25,18528.0
2026-09-16,TWSE,1476,儒鴻,290.0,290.0,285.0,285.0,1039100.0
2026-09-16,TWSE,1477,聚陽,195.0,195.0,192.0,192.0,726664.0
2026-09-16,TWSE,1503,士電,197.0,198.5,195.0,195.0,839563.0
2026-09-16,TWSE,1504,東元,70.5,70.9,69.0,69.0,3641620.0
2026-09-16,TWSE,1506,正道,9.85,9.85,9.68,9.77,274176.0
2026-09-16,TWSE,1512,瑞利,6.11,6.18,6.1,6.13,20719.0
2026-09-16,TWSE,1513,中興電,163.5,164.5,162.0,162.0,1255434.0
2026-09-16,TWSE,1514,亞力,100.0,101.5,99.6,99.6,595972.0
2026-09-16,TWSE,1515,力山,29.65,29.8,29.15,29.15,516938.0
2026-09-16,TWSE,1516,川飛,14.4,14.4,14.35,14.4,24241.0
2026-09-16,TWSE,1517,利奇,10.5,10.55,10.4,10.5,253540.0
2026-09-16,TWSE,1519,華城,704.0,708.0,694.0,694.0,1232165.0
2026-09-16,TWSE,1521,大億,24.6,25.0,24.5,24.75,26502.0
2026-09-16,TWSE,1522,堤維西,25.15,25.3,24.9,25.05,355332.0
2026-09-16,TWSE,1524,耿鼎,25.85,25.95,25.8,25.8,117411.0
2026-09-16,TWSE,1525,江申,64.2,64.2,64.2,64.2,1001.0
2026-09-16,TWSE,1526,日馳,15.0,15.0,14.7,14.7,83980.0
2026-09-16,TWSE,1527,鑽全,32.3,32.35,32.1,32.2,130444.0
2026-09-16,TWSE,1528,恩德,23.75,25.3,23.6,24.65,37110090.0
2026-09-16,TWSE,1529,樂事綠能,15.55,15.65,15.25,15.25,431421.0
2026-09-16,TWSE,1530,亞崴,27.5,27.5,27.25,27.25,23037.0
2026-09-16,TWSE,1531,高林股,11.55,11.6,11.5,11.55,44280.0
2026-09-16,TWSE,1532,勤美,22.5,22.7,22.3,22.3,315519.0
2026-09-16,TWSE,1533,車王電,30.8,30.8,29.9,29.95,81172.0
2026-09-16,TWSE,1535,中宇,44.65,44.65,44.1,44.35,53337.0
2026-09-16,TWSE,1536,和大,46.85,47.05,46.0,46.0,1446637.0
2026-09-16,TWSE,1537,廣隆,114.5,114.5,114.0,114.0,28063.0
2026-09-16,TWSE,1538,正峰,,,,,5.0
2026-09-16,TWSE,1539,巨庭,15.45,15.7,15.45,15.5,11315.0
2026-09-16,TWSE,1540,喬福,19.3,19.5,19.1,19.1,110532.0
2026-09-16,TWSE,1541,錩泰,20.5,21.05,20.5,20.75,27193.0
2026-09-16,TWSE,1558,伸興,107.5,108.5,106.5,108.5,107345.0
2026-09-16,TWSE,1560,中砂,746.0,752.0,735.0,735.0,702383.0
2026-09-16,TWSE,1563,巧新,74.5,75.6,74.0,74.0,419146.0
2026-09-16,TWSE,1568,倉佑,29.2,29.2,28.6,28.8,105428.0
2026-09-16,TWSE,1582,信錦,70.0,70.6,69.1,69.1,275233.0
2026-09-16,TWSE,1583,程泰,47.2,47.2,46.85,46.85,11167.0
2026-09-16,TWSE,1587,吉茂,23.4,23.5,23.2,23.25,147335.0
2026-09-16,TWSE,1590,亞德客-KY,1260.0,1285.0,1255.0,1280.0,445567.0
2026-09-16,TWSE,1597,直得,136.0,139.0,133.0,133.5,1501685.0
2026-09-16,TWSE,1598,岱宇,20.4,20.4,20.0,20.1,132445.0
2026-09-16,TWSE,1603,華電,30.2,30.2,29.8,29.95,142859.0
2026-09-16,TWSE,1604,聲寶,23.4,23.45,23.3,23.35,280935.0
2026-09-16,TWSE,1605,華新,37.0,37.0,36.2,36.35,12337053.0
2026-09-16,TWSE,1608,華榮,36.0,36.0,35.35,35.4,1271056.0
2026-09-16,TWSE,1609,大亞,37.7,37.7,37.2,37.2,1529214.0
2026-09-16,TWSE,1611,中電,11.4,11.4,11.3,11.3,341988.0
2026-09-16,TWSE,1612,宏泰,34.7,34.8,34.5,34.5,317949.0
2026-09-16,TWSE,1614,三洋電,30.75,31.0,30.75,30.9,34728.0
2026-09-16,TWSE,1615,大山,43.7,43.7,43.05,43.05,47605.0
2026-09-16,TWSE,1616,億泰,18.6,18.6,18.25,18.35,157515.0
2026-09-16,TWSE,1617,榮星,17.65,17.8,17.45,17.6,203969.0
2026-09-16,TWSE,1618,合機,38.7,38.85,38.45,38.45,185429.0
2026-09-16,TWSE,1623,大東電,203.0,205.0,200.0,204.0,52457.0
2026-09-16,TWSE,1626,艾美特-KY,9.52,9.66,9.41,9.41,47811.0
2026-09-16,TWSE,1702,南僑,32.1,32.35,32.1,32.35,122852.0
2026-09-16,TWSE,1707,葡萄王,87.2,87.2,86.2,86.3,345389.0
2026-09-16,TWSE,1708,東鹼,47.95,48.35,47.4,48.0,873025.0
2026-09-16,TWSE,1709,和益,36.0,36.35,34.3,35.5,8469055.0
2026-09-16,TWSE,1710,東聯,15.95,16.1,15.6,15.7,3352053.0
2026-09-16,TWSE,1711,永光,37.95,39.1,37.95,38.1,2825800.0
2026-09-16,TWSE,1712,興農,40.05,40.05,39.65,39.9,366057.0
2026-09-16,TWSE,1713,國化,42.7,42.8,42.05,42.05,440957.0
2026-09-16,TWSE,1714,和桐,14.9,15.35,14.9,15.15,5071270.0
2026-09-16,TWSE,1717,長興,69.2,69.5,68.1,68.1,4705926.0
2026-09-16,TWSE,1718,中纖,10.6,10.6,10.3,10.4,6493005.0
2026-09-16,TWSE,1720,生達,55.9,56.1,55.9,56.1,73488.0
2026-09-16,TWSE,1721,國慶科技,21.8,21.85,21.1,21.1,501644.0
2026-09-16,TWSE,1722,台肥,42.3,42.45,41.8,42.0,3554623.0
2026-09-16,TWSE,1723,中碳,81.8,81.8,81.2,81.3,274991.0
2026-09-16,TWSE,1725,元禎,32.5,33.25,32.5,32.65,51131.0
2026-09-16,TWSE,1726,永記,76.5,76.8,76.5,76.5,18872.0
2026-09-16,TWSE,1727,中華化,88.0,92.8,87.6,90.1,2685038.0
2026-09-16,TWSE,1730,花仙子,51.5,51.5,51.2,51.2,23148.0
2026-09-16,TWSE,1731,美吾華,20.8,20.9,20.75,20.75,45977.0
2026-09-16,TWSE,1732,毛寶,25.95,25.95,25.7,25.85,39067.0
2026-09-16,TWSE,1733,五鼎,30.4,30.5,29.85,29.9,114872.0
2026-09-16,TWSE,1734,杏輝,30.9,31.3,30.9,31.3,163938.0
2026-09-16,TWSE,1735,日勝化,19.7,19.7,19.3,19.3,72692.0
2026-09-16,TWSE,1736,喬山,125.0,126.5,123.5,125.0,274367.0
2026-09-16,TWSE,1737,臺鹽,30.45,30.5,30.3,30.4,235619.0
2026-09-16,TWSE,1752,南光,31.1,31.5,31.1,31.2,63210.0
2026-09-16,TWSE,1760,寶齡富錦,53.9,54.5,53.8,53.8,102984.0
2026-09-16,TWSE,1762,中化生,33.25,33.5,33.05,33.5,30739.0
2026-09-16,TWSE,1773,勝一,156.5,159.0,155.5,157.5,284373.0
2026-09-16,TWSE,1776,展宇,17.6,17.85,17.5,17.75,53577.0
2026-09-16,TWSE,1783,和康生,36.5,36.5,36.2,36.2,56653.0
2026-09-16,TWSE,1786,科妍,43.4,43.55,42.75,43.05,75399.0
2026-09-16,TWSE,1789,神隆,18.05,18.1,17.9,18.1,313893.0
2026-09-16,TWSE,1795,美時,175.0,178.5,173.0,178.5,725132.0
2026-09-16,TWSE,1802,台玻,57.6,57.8,56.0,56.0,10001475.0
2026-09-16,TWSE,1805,寶徠,10.05,10.1,10.05,10.1,22556.0
2026-09-16,TWSE,1806,冠軍,7.96,8.01,7.93,7.99,91760.0
2026-09-16,TWSE,1808,潤隆,33.2,33.5,32.9,33.0,1211558.0
2026-09-16,TWSE,1809,中釉,36.9,37.15,36.0,36.0,778635.0
2026-09-16,TWSE,1810,和成,23.7,23.85,23.4,23.45,861105.0
2026-09-16,TWSE,1817,凱撒衛,40.25,40.25,40.2,40.2,9362.0
2026-09-16,TWSE,1903,士紙,47.35,47.35,47.05,47.2,47531.0
2026-09-16,TWSE,1904,正隆,24.65,24.9,24.35,24.4,1308734.0
2026-09-16,TWSE,1905,華紙,13.2,13.25,12.95,13.05,1357003.0
2026-09-16,TWSE,1906,寶隆,10.85,10.85,10.75,10.75,39045.0
2026-09-16,TWSE,1907,永豐餘,29.0,29.15,28.8,28.85,561160.0
2026-09-16,TWSE,1909,榮成,10.15,10.25,10.05,10.1,1943300.0
2026-09-16,TWSE,2002,中鋼,18.8,18.8,18.65,18.65,30609530.0
2026-09-16,TWSE,2006,東和鋼鐵,81.9,82.1,80.7,80.9,1149181.0
2026-09-16,TWSE,2007,燁興,6.76,6.76,6.63,6.65,253053.0
2026-09-16,TWSE,2008,高興昌,30.5,30.55,30.5,30.5,39282.0
2026-09-16,TWSE,2009,第一銅,38.3,38.45,38.15,38.2,868888.0
2026-09-16,TWSE,2010,春源,21.8,21.8,21.5,21.55,544328.0
2026-09-16,TWSE,2012,春雨,13.95,14.15,13.85,13.95,22527.0
2026-09-16,TWSE,2013,中鋼構,41.15,41.6,41.15,41.4,33224.0
2026-09-16,TWSE,2014,中鴻,16.5,16.5,16.2,16.25,2321052.0
2026-09-16,TWSE,2015,豐興,63.9,64.5,63.9,64.5,89765.0
2026-09-16,TWSE,2017,官田鋼,8.64,8.72,8.58,8.62,340434.0
2026-09-16,TWSE,2020,美亞,21.35,21.55,21.35,21.55,387958.0
2026-09-16,TWSE,2022,聚亨,7.3,7.3,7.12,7.19,310625.0
2026-09-16,TWSE,2023,燁輝,13.8,13.85,13.6,13.7,1486524.0
2026-09-16,TWSE,2024,志聯,13.0,13.0,12.85,12.85,14997.0
2026-09-16,TWSE,2025,千興,12.15,12.2,11.85,11.85,392957.0
2026-09-16,TWSE,2027,大成鋼,45.75,45.75,44.95,45.0,12037554.0
2026-09-16,TWSE,2028,威致,15.65,15.65,15.4,15.6,65002.0
2026-09-16,TWSE,2029,盛餘,20.9,20.9,20.6,20.65,326731.0
2026-09-16,TWSE,2030,彰源,23.25,23.25,22.1,22.2,2317619.0
2026-09-16,TWSE,2031,新光鋼,43.85,43.85,43.2,43.3,228735.0
2026-09-16,TWSE,2032,新鋼,16.6,16.85,16.25,16.85,300586.0
2026-09-16,TWSE,2033,佳大,26.7,27.05,25.45,25.5,768559.0
2026-09-16,TWSE,2034,允強,20.25,20.8,20.25,20.45,1226459.0
2026-09-16,TWSE,2038,海光,12.05,12.05,11.75,11.75,299531.0
2026-09-16,TWSE,2049,上銀,318.0,334.5,313.5,329.0,5290726.0
2026-09-16,TWSE,2059,川湖,11920.0,12075.0,11665.0,11715.0,211570.0
2026-09-16,TWSE,2062,橋椿,18.15,18.15,18.0,18.0,88301.0
2026-09-16,TWSE,2069,運錩,24.0,24.0,22.8,22.8,1388503.0
2026-09-16,TWSE,2072,世紀風電,128.0,129.5,127.5,127.5,157128.0
2026-09-16,TWSE,2101,南港,30.05,30.3,29.95,30.0,843126.0
2026-09-16,TWSE,2102,泰豐,17.75,17.85,17.75,17.8,120061.0
2026-09-16,TWSE,2103,台橡,25.5,25.8,25.35,25.75,1765093.0
2026-09-16,TWSE,2104,國際中橡,10.3,10.35,10.25,10.3,823029.0
2026-09-16,TWSE,2105,正新,30.15,30.2,30.0,30.0,4049274.0
2026-09-16,TWSE,2106,建大,16.55,16.6,16.45,16.6,707336.0
2026-09-16,TWSE,2107,厚生,26.6,26.85,26.55,26.7,202629.0
2026-09-16,TWSE,2108,南帝,27.9,27.9,27.55,27.75,561831.0
2026-09-16,TWSE,2109,華豐,14.85,15.0,14.65,14.7,136987.0
2026-09-16,TWSE,2114,鑫永銓,88.6,88.6,88.5,88.6,4239.0
2026-09-16,TWSE,2115,六暉-KY,23.65,23.9,23.65,23.7,53840.0
2026-09-16,TWSE,2201,裕隆,30.35,30.4,29.6,29.65,2929514.0
2026-09-16,TWSE,2204,中華,52.5,52.8,51.9,52.0,699842.0
2026-09-16,TWSE,2206,三陽工業,63.5,63.5,62.9,63.4,1052906.0
2026-09-16,TWSE,2207,和泰車,538.0,538.0,529.0,530.0,172922.0
2026-09-16,TWSE,2208,台船,19.0,19.05,18.75,18.75,928659.0
2026-09-16,TWSE,2211,長榮鋼,80.7,80.9,80.0,80.1,586677.0
2026-09-16,TWSE,2227,裕日車,46.55,46.6,45.5,45.6,114872.0
2026-09-16,TWSE,2228,劍麟,74.9,75.6,74.8,74.9,72925.0
2026-09-16,TWSE,2231,為升,89.6,89.7,88.9,89.0,84419.0
2026-09-16,TWSE,2233,宇隆,157.5,159.0,156.0,156.5,263805.0
2026-09-16,TWSE,2236,百達-KY,118.0,120.0,116.0,118.0,314246.0
2026-09-16,TWSE,2237,華德動能-創,26.8,26.9,26.7,26.8,39290.0
2026-09-16,TWSE,2239,英利-KY,19.6,19.6,19.15,19.3,16200.0
2026-09-16,TWSE,2241,艾姆勒,33.65,34.0,33.25,33.35,155149.0
2026-09-16,TWSE,2243,宏旭-KY,47.85,48.0,47.15,47.45,127776.0
2026-09-16,TWSE,2247,汎德永業,228.5,230.0,227.5,229.5,26645.0
2026-09-16,TWSE,2248,華勝-KY,60.0,60.0,59.1,59.3,26006.0
2026-09-16,TWSE,2250,IKKA-KY,55.8,55.8,54.6,54.8,54040.0
2026-09-16,TWSE,2254,巨鎧精密-創,70.9,74.4,70.9,73.1,1509097.0
2026-09-16,TWSE,2258,鴻華先進-創,29.9,30.25,29.8,30.05,286831.0
2026-09-16,TWSE,2301,光寶科,281.0,286.0,273.0,274.0,17907973.0
2026-09-16,TWSE,2302,麗正,41.6,42.1,40.2,40.2,1486684.0
2026-09-16,TWSE,2303,聯電,140.5,141.0,138.0,138.5,102009653.0
2026-09-16,TWSE,2305,全友,45.6,48.05,44.2,44.95,93620288.0
2026-09-16,TWSE,2308,台達電,1590.0,1715.0,1585.0,1670.0,14802962.0
2026-09-16,TWSE,2312,金寶,30.9,31.45,30.5,31.1,8006946.0
2026-09-16,TWSE,2313,華通,218.5,224.0,217.0,218.5,11772158.0
2026-09-16,TWSE,2314,台揚,10.9,11.2,10.9,11.0,90417.0
2026-09-16,TWSE,2316,楠梓電,157.0,160.0,154.5,155.0,1022268.0
2026-09-16,TWSE,2317,鴻海,247.5,250.0,246.5,246.5,15812094.0
2026-09-16,TWSE,2323,中環,10.55,10.6,10.4,10.4,3498973.0
2026-09-16,TWSE,2324,仁寶,38.3,38.45,36.9,36.95,46454725.0
2026-09-16,TWSE,2327,國巨*,550.0,558.0,535.0,537.0,22575963.0
2026-09-16,TWSE,2328,廣宇,45.4,45.85,44.85,44.9,1828166.0
2026-09-16,TWSE,2329,華泰,41.75,42.2,41.25,41.45,1213027.0
2026-09-16,TWSE,2330,台積電,2405.0,2405.0,2380.0,2385.0,15215752.0
2026-09-16,TWSE,2331,精英,18.75,18.9,18.5,18.5,728374.0
2026-09-16,TWSE,2332,友訊,18.9,19.2,18.75,18.8,8493922.0
2026-09-16,TWSE,2337,旺宏,116.0,116.5,114.0,114.5,28359737.0
2026-09-16,TWSE,2338,光罩,47.3,49.85,45.7,46.1,29585483.0
2026-09-16,TWSE,2340,台亞,32.05,32.35,31.15,31.15,1931697.0
2026-09-16,TWSE,2342,茂矽,41.65,41.9,38.35,38.4,5432362.0
2026-09-16,TWSE,2344,華邦電,162.5,164.0,158.5,159.5,71179694.0
2026-09-16,TWSE,2345,智邦,1870.0,1895.0,1830.0,1840.0,2272078.0
2026-09-16,TWSE,2347,聯強,89.3,90.2,88.5,88.5,2705824.0
2026-09-16,TWSE,2348,海悅,69.8,70.5,69.7,70.2,171609.0
2026-09-16,TWSE,2349,錸德,10.2,10.25,10.1,10.1,1210342.0
2026-09-16,TWSE,2351,順德,252.5,256.0,244.0,251.5,12699025.0
2026-09-16,TWSE,2352,佳世達,28.75,29.05,28.3,28.3,3647989.0
2026-09-16,TWSE,2353,宏碁,31.4,31.45,30.8,30.9,9020306.0
2026-09-16,TWSE,2354,鴻準,64.5,65.1,63.9,64.6,6936955.0
2026-09-16,TWSE,2355,敬鵬,40.85,41.3,40.3,40.4,1165926.0
2026-09-16,TWSE,2356,英業達,61.8,62.7,60.5,60.5,9229037.0
2026-09-16,TWSE,2357,華碩,930.0,933.0,908.0,928.0,2598522.0
2026-09-16,TWSE,2359,所羅門,127.0,129.0,125.0,125.0,2049232.0
2026-09-16,TWSE,2360,致茂,2100.0,2155.0,2075.0,2080.0,985458.0
2026-09-16,TWSE,2362,藍天,46.55,46.65,46.25,46.25,613204.0
2026-09-16,TWSE,2363,矽統,51.0,51.3,50.3,50.3,2106753.0
2026-09-16,TWSE,2364,倫飛,65.1,65.3,63.8,64.0,164571.0
2026-09-16,TWSE,2365,昆盈,27.8,27.85,27.05,27.1,781512.0
2026-09-16,TWSE,2367,燿華,39.8,40.4,39.55,39.55,2130451.0
2026-09-16,TWSE,2368,金像電,1010.0,1015.0,971.0,972.0,6666940.0
2026-09-16,TWSE,2369,菱生,29.2,29.5,28.8,28.85,1907224.0
2026-09-16,TWSE,2371,大同,27.95,28.3,27.7,28.1,7713128.0
2026-09-16,TWSE,2373,震旦行,52.4,52.7,52.4,52.5,39389.0
2026-09-16,TWSE,2374,佳能,66.6,66.9,65.7,65.7,1326411.0
2026-09-16,TWSE,2375,凱美,119.5,122.5,117.5,117.5,1600067.0
2026-09-16,TWSE,2376,技嘉,346.5,346.5,341.5,343.0,2237694.0
2026-09-16,TWSE,2377,微星,150.5,151.0,148.0,148.0,3410222.0
2026-09-16,TWSE,2379,瑞昱,717.0,717.0,703.0,703.0,1859893.0
2026-09-16,TWSE,2380,虹光,17.0,17.0,16.8,16.8,37785.0
2026-09-16,TWSE,2382,廣達,331.0,338.0,330.5,333.0,7988351.0
2026-09-16,TWSE,2383,台光電,5300.0,5365.0,5110.0,5115.0,1525730.0
2026-09-16,TWSE,2385,群光,105.5,106.5,104.5,105.5,1455229.0
2026-09-16,TWSE,2387,精元,36.1,36.3,35.9,36.1,121236.0
2026-09-16,TWSE,2388,威盛,72.1,72.8,69.4,69.4,3721940.0
2026-09-16,TWSE,2390,云辰,9.98,10.1,9.94,9.94,239914.0
2026-09-16,TWSE,2392,正崴,41.6,42.25,41.1,41.1,1985053.0
2026-09-16,TWSE,2393,億光,62.5,62.5,61.6,61.7,516010.0
2026-09-16,TWSE,2395,研華,696.0,705.0,683.0,685.0,3502426.0
2026-09-16,TWSE,2397,友通,59.4,60.0,59.0,59.0,136367.0
2026-09-16,TWSE,2399,映泰,45.0,46.6,44.25,46.0,4643801.0
2026-09-16,TWSE,2401,凌陽,24.0,24.2,23.7,23.75,1721054.0
2026-09-16,TWSE,2402,毅嘉,55.0,55.0,53.3,53.4,1091415.0
2026-09-16,TWSE,2404,漢唐,1015.0,1050.0,1015.0,1035.0,965057.0
2026-09-16,TWSE,2405,輔信,14.7,14.85,14.6,14.65,497201.0
2026-09-16,TWSE,2406,國碩,26.5,26.95,25.85,25.85,1698955.0
2026-09-16,TWSE,2408,南亞科,473.5,476.5,465.5,465.5,34239430.0
2026-09-16,TWSE,2409,友達,28.35,28.75,27.75,27.9,238024652.0
2026-09-16,TWSE,2412,中華電,143.5,143.5,142.5,143.5,16914018.0
2026-09-16,TWSE,2413,環科,49.2,51.2,47.5,48.2,3950916.0
2026-09-16,TWSE,2414,精技,52.4,52.8,52.2,52.5,129546.0
2026-09-16,TWSE,2415,錩新,27.15,27.15,26.8,26.95,39205.0
2026-09-16,TWSE,2417,圓剛,37.95,38.5,37.9,37.95,277605.0
2026-09-16,TWSE,2419,仲琦,26.9,26.9,26.55,26.6,493599.0
2026-09-16,TWSE,2420,新巨,53.6,54.1,53.3,53.4,233052.0
2026-09-16,TWSE,2421,建準,163.5,163.5,158.0,158.0,2719238.0
2026-09-16,TWSE,2423,固緯,72.1,72.7,72.0,72.0,44303.0
2026-09-16,TWSE,2424,隴華,7.7,7.98,7.7,7.97,16185.0
2026-09-16,TWSE,2425,承啟,36.0,36.3,35.25,35.6,539910.0
2026-09-16,TWSE,2426,鼎元,92.9,94.5,90.6,90.8,26180761.0
2026-09-16,TWSE,2427,三商電,22.95,24.5,22.65,24.35,5301477.0
2026-09-16,TWSE,2428,興勤,252.0,260.0,252.0,253.0,794119.0
2026-09-16,TWSE,2429,銘旺科,30.4,30.4,30.0,30.05,113436.0
2026-09-16,TWSE,2430,燦坤,17.85,18.0,17.8,18.0,34539.0
2026-09-16,TWSE,2431,聯昌,9.96,10.0,9.7,9.76,206137.0
2026-09-16,TWSE,2432,倚天酷碁-創,27.15,27.2,27.05,27.05,46000.0
2026-09-16,TWSE,2433,互盛電,40.6,40.6,40.0,40.25,77767.0
2026-09-16,TWSE,2434,統懋,63.1,63.1,59.3,59.3,323108.0
2026-09-16,TWSE,2436,偉詮電,68.0,68.1,66.0,66.3,3379379.0
2026-09-16,TWSE,2438,翔耀,19.0,19.8,18.8,19.8,84810.0
2026-09-16,TWSE,2439,美律,78.3,78.5,76.6,76.6,920480.0
2026-09-16,TWSE,2440,太空梭,13.8,13.95,13.65,13.8,214588.0
2026-09-16,TWSE,2441,超豐,114.0,121.0,114.0,115.0,6099917.0
2026-09-16,TWSE,2442,新美齊,14.5,14.6,14.35,14.45,1093630.0
2026-09-16,TWSE,2444,兆勁,11.55,11.8,11.5,11.65,250935.0
2026-09-16,TWSE,2449,京元電子,260.5,261.5,256.5,257.0,7605273.0
2026-09-16,TWSE,2450,神腦,28.1,28.25,28.1,28.25,47457.0
2026-09-16,TWSE,2451,創見,276.0,276.5,271.5,273.0,1233606.0
2026-09-16,TWSE,2453,凌群,54.7,55.3,53.2,53.6,1042773.0
2026-09-16,TWSE,2454,聯發科,4505.0,4575.0,4430.0,4430.0,6209254.0
2026-09-16,TWSE,2455,全新,528.0,536.0,506.0,520.0,1671642.0
2026-09-16,TWSE,2457,飛宏,21.5,21.75,21.0,21.05,1203973.0
2026-09-16,TWSE,2458,義隆,126.5,127.0,125.0,125.0,724849.0
2026-09-16,TWSE,2459,敦吉,65.4,65.5,65.1,65.3,31265.0
2026-09-16,TWSE,2460,建通,29.0,29.3,28.35,28.8,347798.0
2026-09-16,TWSE,2461,光群雷,17.4,17.55,17.35,17.4,246569.0
2026-09-16,TWSE,2462,良得電,19.15,19.15,18.7,18.9,148131.0
2026-09-16,TWSE,2464,盟立,174.0,181.5,173.0,176.0,6261941.0
2026-09-16,TWSE,2465,麗臺,88.8,91.0,88.6,89.5,1093990.0
2026-09-16,TWSE,2466,冠西電,103.0,104.5,100.5,102.0,701940.0
2026-09-16,TWSE,2467,志聖,527.0,541.0,515.0,516.0,794077.0
2026-09-16,TWSE,2468,華經,40.95,43.25,40.05,43.25,7140627.0
2026-09-16,TWSE,2471,資通,51.0,54.0,50.8,51.7,1987251.0
2026-09-16,TWSE,2472,立隆電,211.0,216.0,208.0,208.0,2251524.0
2026-09-16,TWSE,2474,可成,205.0,205.0,203.0,203.5,1707551.0
2026-09-16,TWSE,2476,鉅祥,118.0,120.0,116.5,117.0,691939.0
2026-09-16,TWSE,2477,美隆電,21.95,21.95,21.7,21.75,71307.0
2026-09-16,TWSE,2478,大毅,118.5,121.5,116.5,117.0,1494229.0
2026-09-16,TWSE,2480,敦陽科,158.0,162.0,158.0,161.0,428248.0
2026-09-16,TWSE,2481,強茂,158.0,163.5,152.0,153.5,58386182.0
2026-09-16,TWSE,2482,連宇,15.95,15.95,15.6,15.65,34970.0
2026-09-16,TWSE,2483,百容,30.95,30.95,30.3,30.3,304112.0
2026-09-16,TWSE,2484,希華,66.8,69.8,66.8,68.0,4704529.0
2026-09-16,TWSE,2485,兆赫,38.7,38.75,37.55,37.55,1328003.0
2026-09-16,TWSE,2486,一詮,234.0,237.5,228.0,228.0,3063177.0
2026-09-16,TWSE,2488,漢平,48.2,48.85,48.2,48.3,55198.0
2026-09-16,TWSE,2489,瑞軒,39.3,39.6,37.4,37.5,15674743.0
2026-09-16,TWSE,2491,吉祥全,40.15,40.7,39.7,39.95,628740.0
2026-09-16,TWSE,2492,華新科,305.5,315.5,300.0,300.0,21610352.0
2026-09-16,TWSE,2493,揚博,170.5,174.5,169.5,171.0,522879.0
2026-09-16,TWSE,2495,普安,37.2,38.5,36.45,36.45,1455835.0
2026-09-16,TWSE,2496,卓越,55.0,55.0,54.6,54.9,3531.0
2026-09-16,TWSE,2497,怡利電,43.05,43.65,42.85,42.95,155751.0
2026-09-16,TWSE,2498,宏達電,39.95,40.15,39.2,39.25,2667623.0
2026-09-16,TWSE,2501,國建,21.85,21.9,21.3,21.3,3634884.0
2026-09-16,TWSE,2504,國產,31.0,31.05,30.5,30.5,1858662.0
2026-09-16,TWSE,2505,國揚,17.2,17.3,17.0,17.15,253507.0
2026-09-16,TWSE,2506,太設,8.55,8.59,8.52,8.57,146181.0
2026-09-16,TWSE,2509,全坤建,14.35,14.35,14.05,14.05,95860.0
2026-09-16,TWSE,2511,太子,8.4,8.4,8.33,8.37,480766.0
2026-09-16,TWSE,2514,龍邦,11.5,11.55,11.4,11.5,137769.0
2026-09-16,TWSE,2515,中工,11.95,11.95,11.7,11.75,5105437.0
2026-09-16,TWSE,2516,新建,14.6,14.6,14.35,14.35,57316.0
2026-09-16,TWSE,2520,冠德,36.7,36.7,36.15,36.5,1083142.0
2026-09-16,TWSE,2524,京城,33.9,33.9,33.3,33.3,88830.0
2026-09-16,TWSE,2527,宏璟,43.35,43.4,42.3,42.5,499243.0
2026-09-16,TWSE,2528,皇普,19.7,19.7,19.3,19.5,221913.0
2026-09-16,TWSE,2530,華建,20.25,20.25,19.7,20.15,805807.0
2026-09-16,TWSE,2534,宏盛,16.65,16.95,16.65,16.7,213067.0
2026-09-16,TWSE,2535,達欣工,89.5,89.7,88.6,88.6,170019.0
2026-09-16,TWSE,2536,宏普,19.5,19.5,19.1,19.1,438700.0
2026-09-16,TWSE,2537,聯上發,11.3,11.3,11.05,11.05,616251.0
2026-09-16,TWSE,2538,基泰,8.68,8.68,8.59,8.63,633201.0
2026-09-16,TWSE,2539,櫻花建,34.6,34.6,33.95,34.05,908259.0
2026-09-16,TWSE,2540,愛山林,47.9,48.05,47.45,47.5,406019.0
2026-09-16,TWSE,2542,興富發,45.6,45.6,44.85,45.25,9711683.0
2026-09-16,TWSE,2543,皇昌,37.5,37.8,37.35,37.35,525134.0
2026-09-16,TWSE,2545,皇翔,33.0,33.3,32.95,33.15,84780.0
2026-09-16,TWSE,2546,根基,103.5,106.0,102.5,105.5,238982.0
2026-09-16,TWSE,2547,日勝生,9.75,9.75,9.6,9.69,2249415.0
2026-09-16,TWSE,2548,華固,92.9,93.0,91.6,91.6,1610583.0
2026-09-16,TWSE,2597,潤弘,167.0,169.5,166.5,169.5,115120.0
2026-09-16,TWSE,2601,益航,6.38,6.38,6.21,6.23,2025754.0
2026-09-16,TWSE,2603,長榮,235.0,237.0,231.5,233.5,6962846.0
2026-09-16,TWSE,2605,新興,36.15,36.55,34.85,35.05,8993430.0
2026-09-16,TWSE,2606,裕民,75.7,76.0,73.9,74.6,4503726.0
2026-09-16,TWSE,2607,榮運,52.8,53.0,52.6,53.0,194503.0
2026-09-16,TWSE,2608,嘉里大榮,28.65,28.65,28.5,28.6,112075.0
2026-09-16,TWSE,2609,陽明,59.4,59.9,58.6,58.8,22032722.0
2026-09-16,TWSE,2610,華航,20.25,20.25,19.9,19.9,22908902.0
2026-09-16,TWSE,2611,志信,13.95,14.15,13.95,14.0,427341.0
2026-09-16,TWSE,2612,中航,63.9,63.9,61.3,61.5,594852.0
2026-09-16,TWSE,2613,中櫃,22.1,22.2,21.8,21.8,192836.0
2026-09-16,TWSE,2614,東森,17.8,17.9,17.7,17.7,444311.0
2026-09-16,TWSE,2615,萬海,113.5,115.0,111.0,112.0,8078477.0
2026-09-16,TWSE,2616,山隆,13.3,13.3,13.25,13.25,61118.0
2026-09-16,TWSE,2617,台航,33.05,33.05,32.3,32.4,1456809.0
2026-09-16,TWSE,2618,長榮航,42.2,42.25,40.85,41.2,20290683.0
2026-09-16,TWSE,2630,亞航,47.8,48.1,46.25,46.25,778426.0
2026-09-16,TWSE,2633,台灣高鐵,25.9,26.0,25.85,25.85,4195719.0
2026-09-16,TWSE,2634,漢翔,63.2,63.8,62.0,62.0,7430842.0
2026-09-16,TWSE,2636,台驊控股,69.8,69.8,68.9,69.2,233086.0
2026-09-16,TWSE,2637,慧洋-KY,101.0,101.0,95.9,96.9,3917647.0
2026-09-16,TWSE,2642,宅配通,20.2,20.3,20.2,20.2,23178.0
2026-09-16,TWSE,2645,長榮航太,172.0,173.0,170.0,170.0,860644.0
2026-09-16,TWSE,2646,星宇航空,20.1,20.2,20.0,20.1,5088904.0
2026-09-16,TWSE,2701,萬企,10.3,10.3,10.25,10.3,60709.0
2026-09-16,TWSE,2702,華園,12.75,12.75,12.55,12.65,21010.0
2026-09-16,TWSE,2704,國賓,45.6,45.6,44.95,44.95,47671.0
2026-09-16,TWSE,2705,六福,15.15,15.5,15.1,15.25,113760.0
2026-09-16,TWSE,2706,第一店,12.15,12.15,12.1,12.1,67560.0
2026-09-16,TWSE,2707,晶華,177.5,177.5,177.0,177.5,62775.0
2026-09-16,TWSE,2712,遠雄來,13.7,13.85,13.5,13.8,77000.0
2026-09-16,TWSE,2722,夏都,21.7,21.7,21.0,21.15,51811.0
2026-09-16,TWSE,2723,美食-KY,78.0,78.0,76.8,77.6,171562.0
2026-09-16,TWSE,2727,王品,227.5,228.5,227.5,228.5,94232.0
2026-09-16,TWSE,2731,雄獅,140.5,141.5,139.5,141.5,207010.0
2026-09-16,TWSE,2739,寒舍,36.9,37.05,36.45,36.5,62619.0
2026-09-16,TWSE,2748,雲品,38.8,38.95,38.65,38.95,34475.0
2026-09-16,TWSE,2753,八方雲集,177.0,178.5,176.5,176.5,174259.0
2026-09-16,TWSE,2762,世界健身-KY,79.6,79.6,79.2,79.4,32376.0
2026-09-16,TWSE,2801,彰銀,28.65,28.65,27.75,28.0,38455068.0
2026-09-16,TWSE,2812,台中銀,19.5,19.5,19.2,19.35,14214013.0
2026-09-16,TWSE,2816,旺旺保,39.15,40.05,39.1,39.1,380707.0
2026-09-16,TWSE,2820,華票,17.4,17.4,17.2,17.35,2974451.0
2026-09-16,TWSE,2832,台產,56.3,57.8,56.3,57.5,346402.0
2026-09-16,TWSE,2834,臺企銀,18.4,18.5,18.0,18.0,42777943.0
2026-09-16,TWSE,2836,高雄銀,12.3,12.35,12.15,12.25,1143253.0
2026-09-16,TWSE,2838,聯邦銀,21.5,21.65,21.25,21.45,1711368.0
2026-09-16,TWSE,2845,遠東銀,13.85,13.85,13.5,13.6,7755084.0
2026-09-16,TWSE,2849,安泰銀,15.7,15.85,15.55,15.75,211497.0
2026-09-16,TWSE,2850,新產,156.0,156.0,155.0,155.5,150623.0
2026-09-16,TWSE,2851,中再保,47.7,47.9,46.35,46.5,2135227.0
2026-09-16,TWSE,2852,第一保,27.95,27.95,27.7,27.75,261957.0
2026-09-16,TWSE,2855,統一證,52.9,52.9,50.8,51.5,5011104.0
2026-09-16,TWSE,2880,華南金,46.3,47.25,46.3,46.9,15252989.0
2026-09-16,TWSE,2881,富邦金,154.0,154.5,149.5,151.0,15894184.0
2026-09-16,TWSE,2882,國泰金,113.5,114.0,109.5,110.0,16604431.0
2026-09-16,TWSE,2883,凱基金,38.7,38.95,38.0,38.15,54357732.0
2026-09-16,TWSE,2884,玉山金,46.3,46.5,45.3,45.65,35427709.0
2026-09-16,TWSE,2885,元大金,70.7,70.7,68.2,68.3,23441138.0
2026-09-16,TWSE,2886,兆豐金,52.5,52.9,51.2,51.8,20370352.0
2026-09-16,TWSE,2887,台新新光金,43.6,43.8,43.1,43.4,43388044.0
2026-09-16,TWSE,2889,國票金,17.1,17.1,16.65,16.85,12957544.0
2026-09-16,TWSE,2890,永豐金,44.8,45.2,44.1,44.55,26932735.0
2026-09-16,TWSE,2891,中信金,69.5,69.9,68.2,69.7,59318127.0
2026-09-16,TWSE,2892,第一金,40.4,40.4,39.5,39.55,30707411.0
2026-09-16,TWSE,2897,王道銀行,11.25,11.3,11.05,11.2,6343448.0
2026-09-16,TWSE,2901,欣欣,23.2,23.45,22.3,22.7,33874.0
2026-09-16,TWSE,2903,遠百,22.1,22.15,21.85,21.85,1529035.0
2026-09-16,TWSE,2904,匯僑,12.6,12.6,12.45,12.55,53802.0
2026-09-16,TWSE,2905,三商,18.55,18.95,18.5,18.85,2369419.0
2026-09-16,TWSE,2906,高林,13.95,13.95,13.55,13.6,143868.0
2026-09-16,TWSE,2908,特力,21.9,21.9,21.8,21.85,179016.0
2026-09-16,TWSE,2910,統領,24.05,24.05,23.3,23.3,11064.0
2026-09-16,TWSE,2911,麗嬰房,6.28,6.34,6.28,6.32,29837.0
2026-09-16,TWSE,2912,統一超,216.0,217.0,215.0,215.5,1125625.0
2026-09-16,TWSE,2913,農林,10.9,10.95,10.85,10.95,651398.0
2026-09-16,TWSE,2915,潤泰全,56.8,57.2,56.6,56.9,867924.0
2026-09-16,TWSE,2923,鼎固-KY,23.85,24.15,23.0,23.0,327576.0
2026-09-16,TWSE,2929,淘帝-KY,5.89,5.89,5.62,5.72,53522.0
2026-09-16,TWSE,2939,永邑-KY,19.7,19.8,19.3,19.4,21002.0
2026-09-16,TWSE,2945,三商家購,39.25,39.25,39.0,39.05,13483.0
2026-09-16,TWSE,3002,歐格,16.75,16.9,16.65,16.65,35302.0
2026-09-16,TWSE,3003,健和興,56.8,57.9,56.6,56.6,356754.0
2026-09-16,TWSE,3004,豐達科,115.0,116.0,114.0,114.0,184882.0
2026-09-16,TWSE,3005,神基,116.5,117.0,114.5,115.0,1588708.0
2026-09-16,TWSE,3006,晶豪科,272.0,274.0,263.0,264.0,9092194.0
2026-09-16,TWSE,3008,大立光,6015.0,6195.0,5930.0,6055.0,2988683.0
2026-09-16,TWSE,3010,華立,125.0,125.0,122.5,122.5,488994.0
2026-09-16,TWSE,3011,今皓,9.38,9.59,9.2,9.44,988520.0
2026-09-16,TWSE,3013,晟銘電,81.5,83.2,81.5,81.5,634971.0
2026-09-16,TWSE,3014,聯陽,130.0,131.0,129.5,130.5,288580.0
2026-09-16,TWSE,3015,全漢,51.0,51.6,50.6,50.6,356508.0
2026-09-16,TWSE,3016,嘉晶,113.0,119.0,107.5,110.0,30912478.0
2026-09-16,TWSE,3017,奇鋐,3265.0,3300.0,3100.0,3115.0,3217593.0
2026-09-16,TWSE,3018,隆銘綠能,11.35,11.35,11.25,11.25,9361.0
2026-09-16,TWSE,3019,亞光,133.0,134.5,131.0,132.0,2307775.0
2026-09-16,TWSE,3021,鴻名,22.45,24.65,21.8,24.65,660797.0
2026-09-16,TWSE,3022,威強電,86.3,88.6,85.1,85.2,1114601.0
2026-09-16,TWSE,3023,信邦,320.0,325.5,316.5,318.5,769688.0
2026-09-16,TWSE,3024,憶聲,14.85,14.85,14.3,14.3,1009988.0
2026-09-16,TWSE,3025,星通,50.5,50.9,50.3,50.3,51844.0
2026-09-16,TWSE,3026,禾伸堂,744.0,749.0,721.0,726.0,6230611.0
2026-09-16,TWSE,3027,盛達,17.7,17.85,17.4,17.55,167679.0
2026-09-16,TWSE,3028,增你強,61.2,61.4,60.5,60.7,446467.0
2026-09-16,TWSE,3029,零壹,116.5,121.0,115.0,118.5,7857851.0
2026-09-16,TWSE,3030,德律,258.5,262.0,258.5,258.5,377353.0
2026-09-16,TWSE,3031,佰鴻,23.35,23.55,23.0,23.0,229023.0
2026-09-16,TWSE,3032,偉訓,71.0,71.7,69.9,70.5,310804.0
2026-09-16,TWSE,3033,威健,41.25,41.6,40.8,40.8,2357253.0
2026-09-16,TWSE,3034,聯詠,556.0,559.0,526.0,541.0,3608523.0
2026-09-16,TWSE,3035,智原,172.5,172.5,169.0,170.0,1298444.0
2026-09-16,TWSE,3036,文曄,193.0,196.5,192.0,192.5,7214663.0
2026-09-16,TWSE,3037,欣興,969.0,986.0,951.0,951.0,9646657.0
2026-09-16,TWSE,3038,全台,20.05,20.1,20.0,20.05,62416.0
2026-09-16,TWSE,3040,遠見,33.45,34.3,33.1,34.3,352277.0
2026-09-16,TWSE,3041,揚智,22.5,22.65,21.95,21.95,516002.0
2026-09-16,TWSE,3042,晶技,175.0,186.0,175.0,181.0,8407802.0
2026-09-16,TWSE,3043,科風,20.25,20.3,20.0,20.1,43669.0
2026-09-16,TWSE,3044,健鼎,502.0,508.0,490.0,490.5,2732822.0
2026-09-16,TWSE,3045,台灣大,121.5,124.5,121.0,124.0,10604689.0
2026-09-16,TWSE,3046,建碁,52.5,52.6,51.9,52.2,126639.0
2026-09-16,TWSE,3047,訊舟,13.4,13.6,13.35,13.4,251967.0
2026-09-16,TWSE,3048,益登,50.2,50.3,49.4,49.4,669936.0
2026-09-16,TWSE,3049,精金,11.95,12.1,11.8,11.8,2397221.0
2026-09-16,TWSE,3050,鈺德,11.2,11.2,10.9,11.05,498124.0
2026-09-16,TWSE,3051,力特,21.45,21.5,20.9,20.9,354649.0
2026-09-16,TWSE,3052,夆典,10.3,10.3,10.15,10.2,264661.0
2026-09-16,TWSE,3054,立萬利,57.5,57.5,54.7,54.7,34437.0
2026-09-16,TWSE,3055,蔚華科,161.0,162.5,156.5,157.5,1373705.0
2026-09-16,TWSE,3056,富華新,13.65,13.65,13.45,13.6,369668.0
2026-09-16,TWSE,3057,喬鼎,16.25,16.35,15.6,15.65,107861.0
2026-09-16,TWSE,3058,立德,8.02,8.02,7.91,7.94,675087.0
2026-09-16,TWSE,3059,華晶科,37.6,37.7,37.05,37.3,949694.0
2026-09-16,TWSE,3060,銘異,26.0,26.25,25.5,25.5,735525.0
2026-09-16,TWSE,3062,建漢,20.4,20.4,20.1,20.25,848680.0
2026-09-16,TWSE,3090,日電貿,162.0,166.0,159.0,159.0,2541717.0
2026-09-16,TWSE,3092,鴻碩,22.55,23.0,21.6,21.6,251283.0
2026-09-16,TWSE,3094,聯傑,43.95,44.0,42.2,42.25,4642507.0
2026-09-16,TWSE,3130,一零四,208.5,209.0,208.0,208.0,25374.0
2026-09-16,TWSE,3135,凌航,161.0,161.0,158.0,158.5,482885.0
2026-09-16,TWSE,3138,耀登,88.0,88.4,86.0,86.5,117058.0
2026-09-16,TWSE,3149,正達,61.0,61.3,59.4,59.4,2834368.0
2026-09-16,TWSE,3150,鈺寶-創,15.05,15.2,15.0,15.05,47000.0
2026-09-16,TWSE,3164,景岳,15.65,15.75,15.65,15.7,8673.0
2026-09-16,TWSE,3167,大量,805.0,834.0,785.0,792.0,3934764.0
2026-09-16,TWSE,3168,眾福科,43.4,43.4,41.8,43.0,25035.0
2026-09-16,TWSE,3189,景碩,795.0,822.0,791.0,795.0,7509520.0
2026-09-16,TWSE,3209,全科,44.7,44.8,44.25,44.25,570765.0
2026-09-16,TWSE,3229,晟鈦,65.2,66.9,60.3,60.3,7363074.0
2026-09-16,TWSE,3231,緯創,181.0,184.0,181.0,182.5,21186201.0
2026-09-16,TWSE,3257,虹冠電,46.6,47.55,46.5,46.6,167692.0
2026-09-16,TWSE,3266,昇陽,13.8,13.8,13.65,13.75,36270.0
2026-09-16,TWSE,3296,勝德,25.3,27.7,25.1,27.0,217217.0
2026-09-16,TWSE,3305,昇貿,100.5,101.0,98.0,98.1,748240.0
2026-09-16,TWSE,3308,聯德,21.25,22.0,21.25,22.0,39565.0
2026-09-16,TWSE,3311,閎暉,35.0,37.6,34.85,36.8,2318623.0
2026-09-16,TWSE,3312,弘憶股,47.5,47.8,46.7,46.7,287469.0
2026-09-16,TWSE,3321,同泰,17.2,17.75,16.8,16.8,139415.0
2026-09-16,TWSE,3338,泰碩,65.1,66.0,64.5,64.7,176725.0
2026-09-16,TWSE,3346,麗清,19.75,19.75,19.2,19.3,186617.0
2026-09-16,TWSE,3376,新日興,180.5,182.0,173.0,173.0,6133879.0
2026-09-16,TWSE,3380,明泰,29.95,30.0,29.5,29.55,1117376.0
2026-09-16,TWSE,3406,玉晶光,944.0,973.0,906.0,915.0,9449175.0
2026-09-16,TWSE,3413,京鼎,276.0,277.5,274.0,274.0,404311.0
2026-09-16,TWSE,3416,融程電,162.0,163.0,160.0,160.0,106860.0
2026-09-16,TWSE,3419,譁裕,11.0,11.0,10.75,10.75,93009.0
2026-09-16,TWSE,3432,台端,,,,,
2026-09-16,TWSE,3437,榮創,17.95,17.95,17.5,17.5,471448.0
2026-09-16,TWSE,3443,創意,6400.0,6455.0,6035.0,6035.0,2199061.0
2026-09-16,TWSE,3447,展達,27.35,27.35,26.65,26.8,99200.0
2026-09-16,TWSE,3450,聯鈞,506.0,524.0,492.0,492.5,8062676.0
2026-09-16,TWSE,3481,群創,47.8,48.1,46.8,46.8,77381620.0
2026-09-16,TWSE,3494,誠研,7.25,7.25,6.98,7.07,17116.0
2026-09-16,TWSE,3501,維熹,38.55,38.55,38.05,38.2,58221.0
2026-09-16,TWSE,3504,揚明光,78.1,79.9,77.0,77.0,1419165.0
2026-09-16,TWSE,3515,華擎,202.5,204.0,201.0,201.0,291043.0
2026-09-16,TWSE,3518,柏騰,30.0,30.55,29.6,29.7,430131.0
2026-09-16,TWSE,3528,安馳,81.5,81.5,77.0,80.4,213618.0
2026-09-16,TWSE,3530,晶相光,56.3,56.7,55.5,55.6,47410.0
2026-09-16,TWSE,3532,台勝科,416.0,444.0,403.0,407.0,9430827.0
2026-09-16,TWSE,3533,嘉澤,1590.0,1590.0,1520.0,1520.0,746610.0
2026-09-16,TWSE,3535,晶彩科,82.6,83.3,81.1,81.1,303185.0
2026-09-16,TWSE,3543,州巧,42.1,42.7,42.0,42.0,424798.0
2026-09-16,TWSE,3545,敦泰,49.8,49.8,48.3,48.45,415935.0
2026-09-16,TWSE,3550,聯穎,21.75,22.1,21.2,21.2,615041.0
2026-09-16,TWSE,3557,嘉威,22.4,22.9,22.4,22.75,22119.0
2026-09-16,TWSE,3563,牧德,649.0,656.0,639.0,643.0,236655.0
2026-09-16,TWSE,3576,聯合再生,16.45,16.45,16.05,16.05,4939724.0
2026-09-16,TWSE,3583,辛耘,679.0,688.0,664.0,664.0,647457.0
2026-09-16,TWSE,3588,通嘉,51.3,51.5,50.6,50.6,77169.0
2026-09-16,TWSE,3592,瑞鼎,222.0,222.5,219.5,219.5,149879.0
2026-09-16,TWSE,3593,力銘,9.51,9.95,9.51,9.95,13235.0
2026-09-16,TWSE,3596,智易,153.0,156.0,153.0,155.0,869537.0
2026-09-16,TWSE,3605,宏致,124.5,129.5,122.0,127.5,7841855.0
2026-09-16,TWSE,3607,谷崧,13.55,13.6,13.45,13.55,145208.0
2026-09-16,TWSE,3617,碩天,240.5,241.5,236.0,236.0,251146.0
2026-09-16,TWSE,3622,洋華,44.95,45.4,44.75,44.8,203040.0
2026-09-16,TWSE,3645,達邁,67.8,68.2,66.8,66.8,735490.0
2026-09-16,TWSE,3652,精聯,33.25,33.45,32.9,33.15,62773.0
2026-09-16,TWSE,3653,健策,5735.0,5765.0,5240.0,5310.0,2469366.0
2026-09-16,TWSE,3661,世芯-KY,3535.0,3590.0,3335.0,3355.0,2699862.0
2026-09-16,TWSE,3665,貿聯-KY,1940.0,2020.0,1925.0,1980.0,2594783.0
2026-09-16,TWSE,3669,圓展,32.3,32.4,32.0,32.0,79060.0
2026-09-16,TWSE,3673,TPK-KY,63.4,64.2,61.5,61.5,2301828.0
2026-09-16,TWSE,3679,新至陞,108.0,108.5,107.0,108.0,26550.0
2026-09-16,TWSE,3686,達能,14.15,14.15,14.05,14.1,73742.0
2026-09-16,TWSE,3694,海華,49.8,49.8,48.5,48.5,387294.0
2026-09-16,TWSE,3701,大眾控,39.85,40.0,38.8,38.8,335733.0
2026-09-16,TWSE,3702,大聯大,106.5,108.0,106.5,107.0,4409655.0
2026-09-16,TWSE,3703,欣陸,19.55,19.65,19.5,19.5,579720.0
2026-09-16,TWSE,3704,合勤控,41.9,42.4,39.7,39.8,10631775.0
2026-09-16,TWSE,3705,永信,55.7,56.1,55.7,56.0,208172.0
2026-09-16,TWSE,3706,神達,78.5,78.9,77.6,77.6,7205968.0
2026-09-16,TWSE,3708,上緯投控,96.1,97.2,95.4,95.4,237684.0
2026-09-16,TWSE,3711,日月光投控,601.0,608.0,592.0,592.0,14790324.0
2026-09-16,TWSE,3712,永崴投控,20.55,20.7,20.35,20.55,684780.0
2026-09-16,TWSE,3714,富采,61.3,61.7,60.1,60.1,3640157.0
2026-09-16,TWSE,3715,定穎投控,120.5,123.5,119.0,119.5,3599210.0
2026-09-16,TWSE,3716,中化控股,33.9,33.9,33.6,33.7,220294.0
2026-09-16,TWSE,3717,聯嘉投控,21.1,21.1,20.9,21.0,470577.0
2026-09-16,TWSE,4104,佳醫,71.9,72.0,71.7,71.7,115452.0
2026-09-16,TWSE,4106,雃博,24.4,24.4,24.15,24.4,47869.0
2026-09-16,TWSE,4108,懷特,11.6,11.7,11.3,11.3,228173.0
2026-09-16,TWSE,4119,旭富,57.9,60.2,57.3,59.6,318971.0
2026-09-16,TWSE,4133,亞諾法,20.1,20.3,20.1,20.2,29332.0
2026-09-16,TWSE,4137,麗豐-KY,76.3,77.3,76.3,76.6,170363.0
2026-09-16,TWSE,4142,國光生,17.2,17.3,17.05,17.2,668255.0
2026-09-16,TWSE,4148,全宇生技-KY,35.2,35.2,33.55,33.55,77786.0
2026-09-16,TWSE,4155,訊映,14.65,14.75,14.6,14.7,72600.0
2026-09-16,TWSE,4164,承業醫,25.35,25.45,25.1,25.4,316644.0
2026-09-16,TWSE,4169,泰宗,142.0,143.5,141.0,143.0,86980.0
2026-09-16,TWSE,4178,永笙-KY,16.55,16.55,16.4,16.45,151071.0
2026-09-16,TWSE,4190,佐登-KY,25.35,25.4,25.3,25.4,3631.0
2026-09-16,TWSE,4195,基米-創,13.25,13.3,13.15,13.3,53892.0
2026-09-16,TWSE,4306,炎洲,14.65,14.65,14.4,14.4,720958.0
2026-09-16,TWSE,4414,如興,8.09,8.14,8.09,8.1,56853.0
2026-09-16,TWSE,4426,利勤,7.5,7.6,7.45,7.47,109179.0
2026-09-16,TWSE,4438,廣越,56.7,56.7,56.2,56.3,53313.0
2026-09-16,TWSE,4439,冠星-KY,93.9,93.9,93.5,93.5,3791.0
2026-09-16,TWSE,4440,宜新實業,17.55,17.65,17.5,17.65,30254.0
2026-09-16,TWSE,4441,振大環球,170.5,173.5,170.5,171.0,30680.0
2026-09-16,TWSE,4526,東台,30.25,30.25,29.7,29.8,882665.0
2026-09-16,TWSE,4532,瑞智,23.4,23.5,23.35,23.35,308610.0
2026-09-16,TWSE,4536,拓凱,160.0,164.0,160.0,162.5,91920.0
2026-09-16,TWSE,4540,全球傳動,56.2,59.5,55.7,57.3,2223370.0
2026-09-16,TWSE,4545,銘鈺,32.6,32.9,32.6,32.6,57541.0
2026-09-16,TWSE,4551,智伸科,155.0,156.5,153.5,153.5,269290.0
2026-09-16,TWSE,4552,力達-KY,15.4,15.4,15.25,15.35,159046.0
2026-09-16,TWSE,4555,氣立,42.35,42.35,41.4,41.65,57565.0
2026-09-16,TWSE,4557,永新-KY,50.5,50.7,50.0,50.2,90091.0
2026-09-16,TWSE,4560,強信-KY,28.85,29.1,28.75,28.95,148107.0
2026-09-16,TWSE,4562,穎漢,29.35,29.55,29.0,29.15,142877.0
2026-09-16,TWSE,4564,元翎,15.85,15.85,15.5,15.8,496241.0
2026-09-16,TWSE,4566,時碩工業,63.1,64.1,62.6,62.8,447348.0
2026-09-16,TWSE,4569,六方科-KY,152.5,155.5,152.5,154.0,41611.0
2026-09-16,TWSE,4571,鈞興-KY,150.5,150.5,147.5,147.5,98967.0
2026-09-16,TWSE,4572,駐龍,144.0,144.0,138.5,141.5,14426.0
2026-09-16,TWSE,4576,大銀微系統,224.0,237.5,223.5,230.5,1857842.0
2026-09-16,TWSE,4581,光隆精密-KY,47.15,47.15,47.15,47.15,7040.0
2026-09-16,TWSE,4582,聚恆-創,22.5,22.5,22.1,22.15,51198.0
2026-09-16,TWSE,4583,台灣精銳,426.5,432.0,420.0,420.0,69581.0
2026-09-16,TWSE,4585,達明,296.0,299.0,295.5,296.0,190130.0
2026-09-16,TWSE,4588,玖鼎電力,54.1,54.2,53.1,53.4,61042.0
2026-09-16,TWSE,4590,富田-創,88.0,88.7,86.8,86.8,225421.0
2026-09-16,TWSE,4720,德淵,18.2,18.25,17.85,17.9,348727.0
2026-09-16,TWSE,4722,國精化,186.5,195.5,182.0,185.0,1243585.0
2026-09-16,TWSE,4736,泰博,128.0,129.5,127.5,129.0,126080.0
2026-09-16,TWSE,4737,華廣,54.0,56.5,53.3,56.5,62037.0
2026-09-16,TWSE,4739,康普,77.4,77.8,76.0,76.0,555466.0
2026-09-16,TWSE,4746,台耀,45.5,46.5,45.2,46.05,361971.0
2026-09-16,TWSE,4755,三福化,111.5,112.5,111.0,111.0,87341.0
2026-09-16,TWSE,4763,材料*-KY,49.5,49.5,48.1,48.1,8910769.0
2026-09-16,TWSE,4764,雙鍵,206.5,211.5,202.0,202.5,372450.0
2026-09-16,TWSE,4766,南寶,330.5,335.0,330.5,333.0,100253.0
2026-09-16,TWSE,4770,上品,226.5,226.5,219.0,220.0,292874.0
2026-09-16,TWSE,4771,望隼,203.5,212.0,203.5,210.5,193385.0
2026-09-16,TWSE,4807,日成-KY,28.1,30.8,28.1,30.8,372346.0
2026-09-16,TWSE,4904,遠傳,106.5,107.5,105.5,106.5,4578462.0
2026-09-16,TWSE,4906,正文,35.45,35.5,34.85,35.1,2574071.0
2026-09-16,TWSE,4912,聯德控股-KY,89.2,89.9,87.3,87.7,194218.0
2026-09-16,TWSE,4915,致伸,64.0,65.7,63.4,65.6,8267711.0
2026-09-16,TWSE,4916,事欣科,94.1,94.1,92.3,92.3,684396.0
2026-09-16,TWSE,4919,新唐,112.0,114.0,110.0,111.0,2297812.0
2026-09-16,TWSE,4927,泰鼎-KY,41.15,41.5,40.05,40.05,1538858.0
2026-09-16,TWSE,4930,燦星網,15.75,15.9,15.75,15.9,3334.0
2026-09-16,TWSE,4934,太極,13.4,13.5,13.2,13.2,297752.0
2026-09-16,TWSE,4935,茂林-KY,31.85,31.85,30.65,30.95,118973.0
2026-09-16,TWSE,4938,和碩,90.6,90.6,88.3,88.3,7402017.0
2026-09-16,TWSE,4942,嘉彰,31.55,31.75,31.15,31.4,107824.0
2026-09-16,TWSE,4943,康控-KY,7.61,7.61,7.01,7.53,8485.0
2026-09-16,TWSE,4949,有成精密,72.5,72.9,71.0,71.5,371204.0
2026-09-16,TWSE,4952,凌通,47.0,47.25,46.15,46.15,180271.0
2026-09-16,TWSE,4956,光鋐,33.1,33.4,32.05,32.05,1010476.0
2026-09-16,TWSE,4958,臻鼎-KY,485.5,493.5,476.0,477.5,19168557.0
2026-09-16,TWSE,4960,誠美材,20.0,20.1,19.5,19.5,1915556.0
2026-09-16,TWSE,4961,天鈺,178.0,180.5,174.5,178.5,1273246.0
2026-09-16,TWSE,4967,十銓,272.5,274.5,266.0,266.0,2851415.0
2026-09-16,TWSE,4968,立積,88.8,89.6,88.0,88.0,154292.0
2026-09-16,TWSE,4976,佳凌,34.75,35.75,34.55,34.9,783006.0
2026-09-16,TWSE,4977,眾達-KY,166.0,166.5,160.5,160.5,2090246.0
2026-09-16,TWSE,4989,榮科,59.8,60.7,58.3,58.3,2251477.0
2026-09-16,TWSE,4994,傳奇,81.2,81.9,80.1,81.3,7212.0
2026-09-16,TWSE,4999,鑫禾,17.95,17.95,17.9,17.95,10262.0
2026-09-16,TWSE,5007,三星,55.5,55.8,55.5,55.6,22104.0
2026-09-16,TWSE,5203,訊連,57.4,58.8,56.8,56.8,162501.0
2026-09-16,TWSE,5215,科嘉-KY,37.5,37.6,37.2,37.25,32355.0
2026-09-16,TWSE,5222,全訊,103.0,103.0,101.0,101.0,135048.0
2026-09-16,TWSE,5225,東科-KY,53.1,53.8,53.1,53.2,152923.0
2026-09-16,TWSE,5234,達興材料,285.0,286.0,281.0,282.5,146939.0
2026-09-16,TWSE,5236,凌陽創新,130.5,130.5,129.5,130.0,38973.0
2026-09-16,TWSE,5243,乙盛-KY,86.4,87.0,85.1,85.3,607190.0
2026-09-16,TWSE,5244,弘凱,33.3,33.95,33.25,33.95,58248.0
2026-09-16,TWSE,5258,虹堡,41.8,42.7,41.5,41.95,137123.0
2026-09-16,TWSE,5269,祥碩,1380.0,1385.0,1345.0,1370.0,283562.0
2026-09-16,TWSE,5283,禾聯碩,53.2,53.4,52.8,52.9,23254.0
2026-09-16,TWSE,5284,jpp-KY,295.0,301.5,290.0,290.0,207016.0
2026-09-16,TWSE,5285,界霖,86.5,87.4,83.4,83.4,1199764.0
2026-09-16,TWSE,5288,豐祥-KY,182.5,184.5,181.0,183.0,56501.0
2026-09-16,TWSE,5292,華懋,212.5,215.0,209.0,209.0,133494.0
2026-09-16,TWSE,5306,桂盟,88.9,89.8,88.9,89.5,45128.0
2026-09-16,TWSE,5388,中磊,71.7,72.3,71.3,72.0,1657783.0
2026-09-16,TWSE,5434,崇越,539.0,540.0,530.0,537.0,424026.0
2026-09-16,TWSE,5469,瀚宇博,72.3,73.0,71.3,71.5,704295.0
2026-09-16,TWSE,5471,松翰,51.3,51.3,49.9,49.9,692885.0
2026-09-16,TWSE,5484,慧友,39.45,39.5,39.0,39.0,127616.0
2026-09-16,TWSE,5515,建國,49.25,49.7,48.35,48.4,326001.0
2026-09-16,TWSE,5519,隆大,25.3,25.45,25.2,25.2,261627.0
2026-09-16,TWSE,5521,工信,10.35,10.4,10.25,10.35,839240.0
2026-09-16,TWSE,5522,遠雄,61.0,61.0,60.2,60.7,822371.0
2026-09-16,TWSE,5525,順天,21.8,21.9,21.7,21.7,85049.0
2026-09-16,TWSE,5531,鄉林,7.05,7.12,7.0,7.03,407551.0
2026-09-16,TWSE,5533,皇鼎,13.75,13.9,13.75,13.85,119460.0
2026-09-16,TWSE,5534,長虹,73.4,73.4,72.7,73.1,712436.0
2026-09-16,TWSE,5538,東明-KY,35.3,35.5,34.95,35.1,39300.0
2026-09-16,TWSE,5546,永固-KY,14.4,14.75,14.35,14.5,27182.0
2026-09-16,TWSE,5607,遠雄港,51.9,52.7,51.8,52.5,489041.0
2026-09-16,TWSE,5608,四維航,16.5,16.6,16.2,16.3,2346331.0
2026-09-16,TWSE,5706,鳳凰,43.85,43.95,43.7,43.75,87921.0
2026-09-16,TWSE,5871,中租-KY,113.0,114.0,111.5,111.5,4767486.0
2026-09-16,TWSE,5876,上海商銀,49.85,50.0,49.3,49.8,5628831.0
2026-09-16,TWSE,5880,合庫金,27.55,27.55,26.8,27.0,23217099.0
2026-09-16,TWSE,5906,台南-KY,,,,,
2026-09-16,TWSE,5907,大洋-KY,4.83,4.84,4.74,4.82,244122.0
2026-09-16,TWSE,6005,群益證,31.85,31.85,31.1,31.1,9479912.0
2026-09-16,TWSE,6024,群益期,60.8,60.9,60.3,60.5,239326.0
2026-09-16,TWSE,6108,競國,22.1,22.8,22.1,22.4,2680974.0
2026-09-16,TWSE,6112,邁達特,51.6,52.9,48.1,48.15,21595485.0
2026-09-16,TWSE,6115,鎰勝,43.8,43.95,43.7,43.8,78284.0
2026-09-16,TWSE,6116,彩晶,13.85,13.9,13.65,13.65,12653885.0
2026-09-16,TWSE,6117,迎廣,62.2,62.2,60.8,61.0,142267.0
2026-09-16,TWSE,6120,達運,12.05,12.1,11.75,11.75,1215164.0
2026-09-16,TWSE,6128,上福,18.95,19.0,18.85,18.9,68006.0
2026-09-16,TWSE,6133,金橋,23.75,23.75,22.95,22.95,1878837.0
2026-09-16,TWSE,6136,富爾特,24.6,24.8,24.2,24.6,347077.0
2026-09-16,TWSE,6139,亞翔,701.0,726.0,701.0,713.0,2055879.0
2026-09-16,TWSE,6141,柏承,48.8,50.0,48.2,48.35,1516835.0
2026-09-16,TWSE,6142,友勁,8.88,8.88,8.63,8.7,244312.0
2026-09-16,TWSE,6152,百一,15.45,15.45,15.0,15.05,1176163.0
2026-09-16,TWSE,6153,嘉聯益,17.15,17.3,16.85,16.9,1389536.0
2026-09-16,TWSE,6155,鈞寶,56.0,57.4,55.6,55.6,555983.0
2026-09-16,TWSE,6164,華興,11.1,11.35,11.05,11.05,215445.0
2026-09-16,TWSE,6165,浪凡,47.95,47.95,47.0,47.0,142182.0
2026-09-16,TWSE,6166,凌華,112.0,112.0,108.0,109.0,812352.0
2026-09-16,TWSE,6168,宏齊,29.65,30.2,29.2,29.25,3346135.0
2026-09-16,TWSE,6176,瑞儀,93.4,94.5,91.6,92.0,1969799.0
2026-09-16,TWSE,6177,達麗,46.75,46.95,46.1,46.85,1288714.0
2026-09-16,TWSE,6183,關貿,90.7,92.2,90.7,91.0,20811.0
2026-09-16,TWSE,6184,大豐電,39.7,39.75,39.4,39.55,200792.0
2026-09-16,TWSE,6189,豐藝,47.0,47.0,46.4,46.6,175811.0
2026-09-16,TWSE,6191,精成科,82.1,83.4,81.0,81.0,919848.0
2026-09-16,TWSE,6192,巨路,109.5,110.5,109.5,109.5,56394.0
2026-09-16,TWSE,6196,帆宣,521.0,530.0,516.0,518.0,1109429.0
2026-09-16,TWSE,6197,佳必琪,297.0,300.0,292.0,292.0,762733.0
2026-09-16,TWSE,6201,亞弘電,44.9,44.9,44.4,44.9,13225.0
2026-09-16,TWSE,6202,盛群,54.6,54.7,53.5,53.7,698267.0
2026-09-16,TWSE,6205,詮欣,60.8,61.3,60.0,60.2,136002.0
2026-09-16,TWSE,6206,飛捷,136.5,140.5,136.0,137.0,679676.0
2026-09-16,TWSE,6209,今國光,75.9,78.5,75.3,75.6,5765279.0
2026-09-16,TWSE,6213,聯茂,514.0,531.0,511.0,519.0,11540383.0
2026-09-16,TWSE,6214,精誠,189.0,195.0,186.0,190.0,3389449.0
2026-09-16,TWSE,6215,和椿,96.3,97.6,95.7,95.7,346228.0
2026-09-16,TWSE,6216,居易,19.6,19.6,19.25,19.3,120867.0
2026-09-16,TWSE,6224,聚鼎,84.5,88.5,84.4,86.0,1348110.0
2026-09-16,TWSE,6225,天瀚,60.8,70.0,60.8,63.5,114514.0
2026-09-16,TWSE,6226,光鼎,33.95,36.3,33.05,36.3,81114487.0
2026-09-16,TWSE,6230,尼得科超眾,119.0,119.0,108.0,109.0,396676.0
2026-09-16,TWSE,6235,華孚,37.8,38.2,37.55,37.55,238946.0
2026-09-16,TWSE,6239,力成,271.0,279.5,268.0,268.0,7964169.0
2026-09-16,TWSE,6243,迅杰,36.9,37.0,36.3,36.4,156724.0
2026-09-16,TWSE,6257,矽格,210.0,214.5,207.5,207.5,2791002.0
2026-09-16,TWSE,6269,台郡,64.3,64.8,63.1,63.3,2615223.0
2026-09-16,TWSE,6271,同欣電,218.5,234.0,218.5,221.0,6201502.0
2026-09-16,TWSE,6272,驊陞,27.4,27.65,26.2,26.4,232216.0
2026-09-16,TWSE,6277,宏正,76.1,77.4,76.0,76.3,117501.0
2026-09-16,TWSE,6278,台表科,186.0,187.0,180.5,180.5,1557487.0
2026-09-16,TWSE,6281,全國電,51.4,51.4,51.2,51.2,25524.0
2026-09-16,TWSE,6282,康舒,42.45,43.2,41.55,41.55,3732535.0
2026-09-16,TWSE,6283,淳安,18.2,18.3,17.85,18.05,155366.0
2026-09-16,TWSE,6285,啟碁,221.0,226.0,220.0,222.0,2429329.0
2026-09-16,TWSE,6405,悅城,37.55,37.9,37.1,37.1,143069.0
2026-09-16,TWSE,6409,旭隼,878.0,886.0,865.0,870.0,274170.0
2026-09-16,TWSE,6412,群電,74.0,75.1,73.7,73.8,351266.0
2026-09-16,TWSE,6414,樺漢,373.5,377.5,369.5,369.5,882570.0
2026-09-16,TWSE,6415,矽力*-KY,414.0,417.5,403.0,406.0,2869603.0
2026-09-16,TWSE,6416,瑞祺電通,118.5,123.5,117.0,118.0,2341906.0
2026-09-16,TWSE,6426,統新,306.0,312.0,298.0,300.0,2409765.0
2026-09-16,TWSE,6431,光麗-KY,17.15,17.55,17.05,17.3,8034.0
2026-09-16,TWSE,6438,迅得,144.5,145.0,142.5,142.5,160313.0
2026-09-16,TWSE,6442,光聖,1580.0,1595.0,1505.0,1510.0,2407912.0
2026-09-16,TWSE,6443,元晶,23.35,23.65,22.7,22.7,3113764.0
2026-09-16,TWSE,6446,藥華藥,1200.0,1220.0,1170.0,1205.0,2315449.0
2026-09-16,TWSE,6449,鈺邦,214.0,219.5,208.5,209.5,1204011.0
2026-09-16,TWSE,6451,訊芯-KY,412.5,418.5,393.5,394.0,2301670.0
2026-09-16,TWSE,6456,GIS-KY,62.5,63.4,61.4,61.6,1606173.0
2026-09-16,TWSE,6464,台數科,75.9,78.0,75.8,78.0,24088.0
2026-09-16,TWSE,6472,保瑞,404.0,415.5,404.0,411.0,460996.0
2026-09-16,TWSE,6477,安集,33.9,34.15,33.5,33.5,292810.0
2026-09-16,TWSE,6491,晶碩,378.0,395.0,376.5,390.0,590199.0
2026-09-16,TWSE,6504,南六,37.25,37.55,36.55,36.55,30043.0
2026-09-16,TWSE,6505,台塑化,81.4,83.1,80.0,82.9,17586676.0
2026-09-16,TWSE,6515,穎崴,6600.0,6725.0,6305.0,6310.0,362102.0
2026-09-16,TWSE,6525,捷敏-KY,126.0,130.0,125.5,125.5,531566.0
2026-09-16,TWSE,6526,達發,637.0,637.0,623.0,623.0,202854.0
2026-09-16,TWSE,6531,愛普*,953.0,964.0,887.0,890.0,4824312.0
2026-09-16,TWSE,6533,晶心科,232.0,234.0,224.0,224.5,612997.0
2026-09-16,TWSE,6534,正瀚-創,91.9,91.9,89.8,89.8,25539.0
2026-09-16,TWSE,6541,泰福-KY,30.45,31.2,30.3,30.3,293163.0
2026-09-16,TWSE,6550,北極星藥業-KY,9.9,10.1,9.9,9.9,1026794.0
2026-09-16,TWSE,6552,易華電,23.25,23.6,23.05,23.35,27835.0
2026-09-16,TWSE,6558,興能高,23.3,23.5,23.05,23.05,173822.0
2026-09-16,TWSE,6573,虹揚-KY,15.9,15.95,15.55,15.55,89311.0
2026-09-16,TWSE,6579,研揚,150.0,150.5,147.5,147.5,233090.0
2026-09-16,TWSE,6581,鋼聯,110.0,110.5,108.5,109.0,36271.0
2026-09-16,TWSE,6582,申豐,31.5,31.5,31.0,31.2,21437.0
2026-09-16,TWSE,6585,鼎基,104.0,104.0,102.5,102.5,66736.0
2026-09-16,TWSE,6589,台康生技,48.0,49.6,47.8,48.65,620762.0
2026-09-16,TWSE,6591,動力-KY,41.85,42.85,41.4,41.5,24295.0
2026-09-16,TWSE,6592,和潤企業,59.8,60.0,59.5,59.7,155943.0
2026-09-16,TWSE,6598,ABC-KY,27.6,27.75,27.1,27.15,107991.0
2026-09-16,TWSE,6605,帝寶,136.5,138.5,136.0,137.5,278582.0
2026-09-16,TWSE,6606,建德工業,25.25,25.65,24.95,25.05,82672.0
2026-09-16,TWSE,6614,資拓宏宇,35.45,35.75,35.45,35.45,21860.0
2026-09-16,TWSE,6625,必應,73.5,74.3,73.3,73.3,83413.0
2026-09-16,TWSE,6641,基士德-KY,17.15,17.15,16.8,16.8,10535.0
2026-09-16,TWSE,6645,金萬林-創,12.8,12.9,12.6,12.65,38894.0
2026-09-16,TWSE,6655,科定,122.5,123.0,122.0,123.0,14793.0
2026-09-16,TWSE,6657,華安,33.5,34.1,33.2,33.6,173306.0
2026-09-16,TWSE,6658,聯策,165.5,168.0,163.0,163.0,96868.0
2026-09-16,TWSE,6666,羅麗芬-KY,45.05,45.05,43.6,44.0,32061.0
2026-09-16,TWSE,6668,中揚光,41.5,45.5,40.8,42.7,5594952.0
2026-09-16,TWSE,6669,緯穎,2235.0,2345.0,2235.0,2315.0,2767688.0
2026-09-16,TWSE,6670,復盛應用,274.0,274.0,270.0,270.5,164177.0
2026-09-16,TWSE,6671,三能-KY,23.0,23.0,22.55,22.75,3496.0
2026-09-16,TWSE,6672,騰輝電子-KY,294.5,303.5,289.5,291.0,4204679.0
2026-09-16,TWSE,6674,鋐寶科技,15.75,15.9,15.6,15.6,4000.0
2026-09-16,TWSE,6689,伊雲谷,71.0,74.7,68.0,69.3,7763172.0
2026-09-16,TWSE,6691,洋基工程,607.0,623.0,607.0,608.0,246634.0
2026-09-16,TWSE,6695,芯鼎,45.95,46.45,45.6,45.6,225604.0
2026-09-16,TWSE,6698,旭暉應材,31.35,31.7,31.3,31.45,131318.0
2026-09-16,TWSE,6706,惠特,150.5,155.5,141.0,143.5,19143749.0
2026-09-16,TWSE,6715,嘉基,333.5,380.0,333.5,357.5,2625978.0
2026-09-16,TWSE,6719,力智,183.0,184.0,179.0,179.0,285019.0
2026-09-16,TWSE,6722,輝創,32.25,32.25,32.0,32.0,13025.0
2026-09-16,TWSE,6742,澤米,45.95,45.95,44.2,44.2,245117.0
2026-09-16,TWSE,6743,安普新,29.35,29.8,28.75,29.5,392619.0
2026-09-16,TWSE,6753,龍德造船,131.0,132.5,130.0,130.0,451999.0
2026-09-16,TWSE,6754,匯僑設計,41.7,42.0,41.3,41.3,11000.0
2026-09-16,TWSE,6756,威鋒電子,94.2,94.7,93.5,93.8,71459.0
2026-09-16,TWSE,6757,台灣虎航,53.8,54.0,52.7,52.8,920004.0
2026-09-16,TWSE,6768,志強-KY,61.9,63.2,61.7,62.4,241559.0
2026-09-16,TWSE,6770,力積電,70.0,70.1,66.7,66.9,162022743.0
2026-09-16,TWSE,6771,平和環保-創,42.1,42.2,41.2,41.7,29291.0
2026-09-16,TWSE,6776,展碁國際,51.4,51.9,51.4,51.7,43351.0
2026-09-16,TWSE,6781,AES-KY,998.0,1010.0,982.0,982.0,313842.0
2026-09-16,TWSE,6782,視陽,222.5,234.0,222.5,231.0,195636.0
2026-09-16,TWSE,6789,采鈺,435.5,438.0,425.0,425.0,756040.0
2026-09-16,TWSE,6790,永豐實,37.8,37.8,37.7,37.7,46930.0
2026-09-16,TWSE,6792,詠業,58.1,59.4,58.0,58.7,31000.0
2026-09-16,TWSE,6794,向榮生技,76.5,76.5,75.0,76.5,16000.0
2026-09-16,TWSE,6796,晉弘,51.8,51.8,49.7,50.9,43882.0
2026-09-16,TWSE,6799,來頡,78.3,78.3,77.3,77.5,82153.0
2026-09-16,TWSE,6805,富世達,2175.0,2195.0,2010.0,2025.0,1303815.0
2026-09-16,TWSE,6807,峰源-KY,32.4,32.6,32.4,32.6,2000.0
2026-09-16,TWSE,6830,汎銓,553.0,561.0,532.0,532.0,1006110.0
2026-09-16,TWSE,6831,邁科,539.0,546.0,512.0,513.0,532270.0
2026-09-16,TWSE,6834,天二科技,98.2,102.0,97.0,97.1,5641078.0
2026-09-16,TWSE,6835,圓裕,30.75,30.75,29.9,30.35,15000.0
2026-09-16,TWSE,6838,台新藥,23.4,23.4,23.1,23.35,72365.0
2026-09-16,TWSE,6854,錼創科技-KY創,88.3,89.8,87.2,87.4,212464.0
2026-09-16,TWSE,6861,睿生光電,235.5,242.5,222.0,228.0,3944720.0
2026-09-16,TWSE,6862,三集瑞-KY,133.5,133.5,130.0,130.0,138260.0
2026-09-16,TWSE,6863,永道-KY,92.7,94.8,91.4,92.9,109926.0
2026-09-16,TWSE,6869,雲豹能源,62.8,63.5,62.7,63.5,325886.0
2026-09-16,TWSE,6873,泓德能源,68.9,68.9,67.0,67.1,156299.0
2026-09-16,TWSE,6885,全福生技,28.0,28.0,26.6,26.6,578526.0
2026-09-16,TWSE,6887,寶綠特-KY,39.0,39.8,37.0,37.15,19010.0
2026-09-16,TWSE,6890,來億-KY,148.0,149.5,147.0,148.5,157125.0
2026-09-16,TWSE,6901,鑽石投資,15.05,15.15,14.9,15.1,530157.0
2026-09-16,TWSE,6902,GOGOLOOK,124.0,126.0,122.5,124.5,65270.0
2026-09-16,TWSE,6906,現觀科,82.0,84.7,81.5,83.0,24704.0
2026-09-16,TWSE,6908,宏碁遊戲-創,30.15,30.15,30.1,30.1,9040.0
2026-09-16,TWSE,6909,創控,41.8,41.8,40.25,40.35,379125.0
2026-09-16,TWSE,6914,阜爾運通,119.5,120.0,119.0,119.5,35104.0
2026-09-16,TWSE,6916,華凌,18.25,18.25,17.85,17.95,31000.0
2026-09-16,TWSE,6918,愛派司,73.5,73.5,73.5,73.5,3200.0
2026-09-16,TWSE,6919,康霈*,79.8,83.4,79.6,79.9,4142059.0
2026-09-16,TWSE,6921,嘉雨思-創,61.2,61.4,59.9,59.9,15000.0
2026-09-16,TWSE,6923,中台,76.0,76.2,75.6,76.0,61698.0
2026-09-16,TWSE,6924,榮惠-KY創,140.0,140.0,128.0,128.0,76567.0
2026-09-16,TWSE,6928,攸泰科技,46.05,46.05,44.6,45.5,51460.0
2026-09-16,TWSE,6931,青松健康,40.0,40.0,39.5,39.5,24728.0
2026-09-16,TWSE,6933,AMAX-KY,310.5,312.0,280.5,286.0,1753249.0
2026-09-16,TWSE,6934,心誠鎂,76.4,76.4,72.3,72.3,29650.0
2026-09-16,TWSE,6936,永鴻生技,31.6,31.8,31.5,31.8,27109.0
2026-09-16,TWSE,6937,天虹,282.5,287.0,277.5,277.5,274117.0
2026-09-16,TWSE,6944,兆聯實業,689.0,699.0,689.0,691.0,138983.0
2026-09-16,TWSE,6947,台鎔科技,67.6,67.6,66.5,66.6,175483.0
2026-09-16,TWSE,6949,沛爾生醫*-創,54.8,56.0,51.0,51.4,7426041.0
2026-09-16,TWSE,6951,青新-創,70.0,70.0,69.8,69.9,13758.0
2026-09-16,TWSE,6952,大武山,38.4,38.8,38.2,38.75,9000.0
2026-09-16,TWSE,6955,邦睿生技-創,98.5,98.5,97.7,97.7,5000.0
2026-09-16,TWSE,6957,裕慶-KY,244.0,245.0,238.0,245.0,170601.0
2026-09-16,TWSE,6958,日盛台駿,17.15,17.75,17.05,17.15,70002.0
2026-09-16,TWSE,6962,奕力-KY,30.9,31.0,30.55,30.55,720664.0
2026-09-16,TWSE,6965,中傑-KY,67.7,69.3,67.7,69.0,26290.0
2026-09-16,TWSE,6969,成信實業*-創,32.1,32.8,31.7,32.2,157126.0
2026-09-16,TWSE,6988,威力暘-創,11.95,11.95,11.8,11.8,11001.0
2026-09-16,TWSE,6994,富威電力,27.5,27.5,25.6,26.1,1892332.0
2026-09-16,TWSE,7610,聯友金屬-創,1695.0,1755.0,1655.0,1655.0,878535.0
2026-09-16,TWSE,7631,聚賢研發-創,133.5,135.0,133.0,134.0,13246.0
2026-09-16,TWSE,7689,大鵬科CLMX,154.5,154.5,153.5,153.5,15716.0
2026-09-16,TWSE,7705,三商餐飲,29.8,29.9,29.75,29.9,27365.0
2026-09-16,TWSE,7711,永擎,461.0,473.0,438.0,468.0,3570247.0
2026-09-16,TWSE,7721,微程式,58.7,58.8,56.6,57.5,73122.0
2026-09-16,TWSE,7722,LINEPAY,261.0,267.0,261.0,264.0,29380.0
2026-09-16,TWSE,7730,暉盛-創,168.0,171.0,167.0,169.0,95271.0
2026-09-16,TWSE,7732,金興精密,33.0,33.8,33.0,33.8,3000.0
2026-09-16,TWSE,7736,虎山,69.0,69.9,68.5,69.0,6889.0
2026-09-16,TWSE,7740,熙特爾-創,126.0,126.0,121.5,123.5,177665.0
2026-09-16,TWSE,7749,意騰-KY,339.0,354.5,338.5,352.5,193727.0
2026-09-16,TWSE,7750,新代,1910.0,1940.0,1890.0,1890.0,139284.0
2026-09-16,TWSE,7760,享溫馨,33.0,33.0,32.5,32.95,18060.0
2026-09-16,TWSE,7765,中華資安,255.0,260.0,235.0,235.0,2000032.0
2026-09-16,TWSE,7768,頌勝科技,252.0,255.0,252.0,252.5,33937.0
2026-09-16,TWSE,7769,鴻勁,6255.0,6285.0,6105.0,6135.0,420235.0
2026-09-16,TWSE,7780,大研生醫*,16.1,16.15,16.0,16.05,602925.0
2026-09-16,TWSE,7786,東方風能,114.0,119.5,113.0,119.5,117863.0
2026-09-16,TWSE,7788,松川精密,280.0,291.5,279.5,280.5,1428881.0
2026-09-16,TWSE,7791,皇家可口,55.1,55.4,55.0,55.4,19730.0
2026-09-16,TWSE,7795,長廣,486.5,490.5,463.0,466.0,932332.0
2026-09-16,TWSE,7799,禾榮科,410.0,424.0,408.0,415.5,277482.0
2026-09-16,TWSE,7803,雲象科技-創,18.6,19.0,18.5,18.55,35210.0
2026-09-16,TWSE,7818,溢泰實業,60.1,60.2,59.2,60.0,96519.0
2026-09-16,TWSE,7821,神數,38.6,38.65,38.3,38.6,75390.0
2026-09-16,TWSE,7822,倍利科,810.0,821.0,792.0,800.0,129355.0
2026-09-16,TWSE,7823,奧義賽博-KY創,82.2,83.5,80.3,80.3,72158.0
2026-09-16,TWSE,7827,漢康-KY創,151.0,151.0,148.0,149.5,100172.0
2026-09-16,TWSE,7835,永悅健康-創,20.75,21.7,20.75,21.25,12053.0
2026-09-16,TWSE,7855,和運租車,42.05,42.1,42.0,42.0,367485.0
2026-09-16,TWSE,8011,台通,15.7,15.7,15.4,15.4,197565.0
2026-09-16,TWSE,8016,矽創,277.0,278.0,274.0,274.0,388121.0
2026-09-16,TWSE,8021,尖點,442.5,445.0,428.0,431.5,563545.0
2026-09-16,TWSE,8028,昇陽半導體,221.0,231.5,220.0,226.5,3338771.0
2026-09-16,TWSE,8033,雷虎,171.0,172.0,166.5,166.5,2429775.0
2026-09-16,TWSE,8039,台虹,273.0,285.0,269.5,270.0,17266429.0
2026-09-16,TWSE,8045,達運光電,50.1,52.6,50.1,52.6,144843.0
2026-09-16,TWSE,8046,南電,1070.0,1110.0,1055.0,1085.0,7742890.0
2026-09-16,TWSE,8070,長華*,49.9,50.2,49.45,49.45,878758.0
2026-09-16,TWSE,8072,陞泰,26.35,28.45,26.25,26.95,1107818.0
2026-09-16,TWSE,8081,致新,246.5,248.5,245.0,246.0,149828.0
2026-09-16,TWSE,8101,華冠,11.5,11.85,11.5,11.8,5909.0
2026-09-16,TWSE,8103,瀚荃,111.0,116.5,111.0,114.0,1820514.0
2026-09-16,TWSE,8104,錸寶,29.6,29.75,28.9,28.9,290666.0
2026-09-16,TWSE,8105,凌巨,14.5,14.55,14.15,14.15,1668621.0
2026-09-16,TWSE,8110,華東,41.7,41.7,40.5,40.5,1901645.0
2026-09-16,TWSE,8112,至上,83.2,83.9,82.5,82.6,3987720.0
2026-09-16,TWSE,8114,振樺電,177.0,180.0,176.0,176.0,263909.0
2026-09-16,TWSE,8131,福懋科,59.1,59.4,57.5,57.5,1423126.0
2026-09-16,TWSE,8150,南茂,86.0,88.1,84.4,84.4,11605119.0
2026-09-16,TWSE,8162,微矽電子-創,59.0,59.7,58.1,58.8,96728.0
2026-09-16,TWSE,8163,達方,29.6,29.8,29.05,29.05,617702.0
2026-09-16,TWSE,8201,無敵,11.7,12.05,11.6,11.6,41242.0
2026-09-16,TWSE,8210,勤誠,887.0,903.0,873.0,874.0,852882.0
2026-09-16,TWSE,8213,志超,33.0,33.15,32.25,32.3,268725.0
2026-09-16,TWSE,8215,明基材,25.0,25.0,24.5,24.5,316404.0
2026-09-16,TWSE,8222,寶一,34.95,34.95,34.25,34.25,252099.0
2026-09-16,TWSE,8249,菱光,37.55,37.55,37.1,37.1,141470.0
2026-09-16,TWSE,8261,富鼎,166.5,172.0,164.5,165.0,1836022.0
2026-09-16,TWSE,8271,宇瞻,202.0,203.0,198.5,199.5,1043149.0
2026-09-16,TWSE,8341,日友,74.2,74.6,74.2,74.2,132619.0
2026-09-16,TWSE,8367,建新國際,40.7,40.7,40.5,40.5,7065.0
2026-09-16,TWSE,8374,羅昇,76.1,77.2,76.0,76.0,124293.0
2026-09-16,TWSE,8404,百和興業-KY,13.9,13.9,13.65,13.65,427126.0
2026-09-16,TWSE,8411,福貞-KY,12.7,12.75,12.55,12.75,129927.0
2026-09-16,TWSE,8422,可寧衛*,26.15,26.2,25.8,25.95,4672298.0
2026-09-16,TWSE,8429,金麗-KY,5.93,5.93,5.88,5.88,170626.0
2026-09-16,TWSE,8438,昶昕,67.1,67.4,66.6,67.2,72393.0
2026-09-16,TWSE,8442,威宏-KY,45.65,45.7,44.8,45.65,48403.0
2026-09-16,TWSE,8443,阿瘦,11.15,11.2,11.1,11.2,21244.0
2026-09-16,TWSE,8454,富邦媒,242.0,245.0,241.0,242.0,335448.0
2026-09-16,TWSE,8462,柏文,160.5,161.0,159.5,160.5,43371.0
2026-09-16,TWSE,8463,潤泰材,21.1,21.2,20.95,21.15,17025.0
2026-09-16,TWSE,8464,億豐,381.0,384.0,376.5,382.0,318653.0
2026-09-16,TWSE,8466,美吉吉-KY,13.5,13.75,13.5,13.6,6307.0
2026-09-16,TWSE,8467,波力-KY,84.3,84.3,83.3,84.3,8260.0
2026-09-16,TWSE,8473,山林水,38.1,38.35,37.7,37.85,461515.0
2026-09-16,TWSE,8476,台境*,19.3,19.5,19.05,19.5,232621.0
2026-09-16,TWSE,8478,東哥遊艇,140.5,142.0,140.5,141.5,41040.0
2026-09-16,TWSE,8481,政伸,40.7,40.8,40.7,40.8,2003.0
2026-09-16,TWSE,8482,商億-KY,47.3,47.3,47.3,47.3,1150.0
2026-09-16,TWSE,8487,愛爾達-創,70.5,70.5,70.0,70.0,7216.0
2026-09-16,TWSE,8488,吉源-KY,9.93,9.94,9.86,9.86,21573.0
2026-09-16,TWSE,8499,鼎炫-KY,252.0,259.0,250.5,251.0,22406.0
2026-09-16,TWSE,8926,台汽電,57.4,58.2,57.2,57.4,1459609.0
2026-09-16,TWSE,8940,新天地,14.75,15.1,14.6,14.7,27563.0
2026-09-16,TWSE,8996,高力,1245.0,1260.0,1200.0,1220.0,973745.0
2026-09-16,TWSE,9103,美德醫療-DR,4.99,5.04,4.96,4.96,460315.0
2026-09-16,TWSE,9105,泰金寶-DR,8.38,8.54,8.32,8.42,11512792.0
2026-09-16,TWSE,9110,越南控-DR,,,,,
2026-09-16,TWSE,9136,巨騰-DR,9.39,9.65,9.23,9.59,269288.0
2026-09-16,TWSE,9802,鈺齊-KY,63.1,65.0,63.1,63.8,450323.0
2026-09-16,TWSE,9902,台火,13.3,13.3,13.1,13.15,59332.0
2026-09-16,TWSE,9904,寶成,24.15,24.35,24.05,24.25,6567302.0
2026-09-16,TWSE,9905,大華,21.25,21.25,21.1,21.2,203413.0
2026-09-16,TWSE,9906,欣巴巴,39.0,39.0,36.95,36.95,93242.0
2026-09-16,TWSE,9907,統一實,15.0,15.05,14.9,14.9,1312596.0
2026-09-16,TWSE,9908,大台北,29.1,29.1,28.95,29.0,90067.0
2026-09-16,TWSE,9910,豐泰,67.8,68.8,67.7,68.4,821779.0
2026-09-16,TWSE,9911,櫻花,81.6,81.7,81.3,81.3,291881.0
2026-09-16,TWSE,9912,偉聯,13.15,13.2,13.0,13.0,23074.0
2026-09-16,TWSE,9914,美利達,68.2,69.2,67.2,68.1,2615301.0
2026-09-16,TWSE,9917,中保科,106.0,106.0,105.5,106.0,336597.0
2026-09-16,TWSE,9918,欣天然,42.75,43.5,42.75,42.8,38153.0
2026-09-16,TWSE,9919,康那香,13.95,13.95,13.8,13.9,94790.0
2026-09-16,TWSE,9921,巨大,89.5,91.8,88.5,91.1,1449432.0
2026-09-16,TWSE,9924,福興,38.0,38.0,37.6,37.7,145334.0
2026-09-16,TWSE,9925,新保,39.4,39.55,39.35,39.45,274170.0
2026-09-16,TWSE,9926,新海,49.0,49.45,48.95,49.0,7174.0
2026-09-16,TWSE,9927,泰銘,69.5,69.7,69.4,69.7,79512.0
2026-09-16,TWSE,9928,中視,17.6,17.7,17.6,17.7,32000.0
2026-09-16,TWSE,9929,秋雨,11.0,11.0,10.8,10.95,10001.0
2026-09-16,TWSE,9930,中聯資源,61.6,61.6,60.8,61.0,139278.0
2026-09-16,TWSE,9931,欣高,33.9,33.9,33.9,33.9,3006.0
2026-09-16,TWSE,9933,中鼎,41.6,42.4,40.9,41.9,3421059.0
2026-09-16,TWSE,9934,成霖,9.86,9.87,9.73,9.75,706017.0
2026-09-16,TWSE,9935,慶豐富,17.95,18.0,17.85,17.9,261765.0
2026-09-16,TWSE,9937,全國,54.5,54.8,53.9,54.8,138988.0
2026-09-16,TWSE,9938,百和,37.8,38.15,37.8,37.85,875487.0
2026-09-16,TWSE,9939,宏全,125.5,126.0,124.5,125.5,820511.0
2026-09-16,TWSE,9940,信義,19.85,19.9,19.75,19.85,231983.0
2026-09-16,TWSE,9941,裕融,82.0,82.2,81.0,81.0,428413.0
2026-09-16,TWSE,9942,茂順,113.5,114.0,113.0,113.5,22482.0
2026-09-16,TWSE,9943,好樂迪,50.8,50.8,50.5,50.5,31152.0
2026-09-16,TWSE,9944,新麗,17.15,17.3,17.0,17.15,28024.0
2026-09-16,TWSE,9945,潤泰新,27.8,27.95,27.65,27.95,3583516.0
2026-09-16,TWSE,9946,三發地產,16.9,16.9,16.6,16.7,224867.0
2026-09-16,TWSE,9955,佳龍,23.3,23.3,23.1,23.1,107382.0
2026-09-16,TWSE,9958,世紀鋼,91.4,92.5,90.5,90.5,1329255.0
2026-09-16,TPEX,1240,茂生農經,55.2,55.2,55.2,55.2,3277.0
2026-09-16,TPEX,1259,安心,,,,,21.0
2026-09-16,TPEX,1264,德麥,242.5,244.5,242.5,243.5,23075.0
2026-09-16,TPEX,1268,漢來美食,172.5,172.5,172.0,172.0,9185.0
2026-09-16,TPEX,1294,漢田生技,50.7,51.1,50.7,51.1,6557.0
2026-09-16,TPEX,1295,生合,45.5,45.5,44.5,44.55,16249.0
2026-09-16,TPEX,1336,台翰,16.3,16.35,16.1,16.15,109587.0
2026-09-16,TPEX,1565,精華,96.8,97.0,95.1,95.8,124405.0
2026-09-16,TPEX,1569,濱川,49.35,51.0,49.35,50.7,724591.0
2026-09-16,TPEX,1570,力肯,32.45,32.45,32.05,32.35,15052.0
2026-09-16,TPEX,1580,新麥,96.0,97.5,95.5,97.5,105441.0
2026-09-16,TPEX,1584,精剛,17.95,18.0,17.85,18.0,216287.0
2026-09-16,TPEX,1586,和勤,18.0,18.05,17.85,17.9,187305.0
2026-09-16,TPEX,1591,駿吉-KY,39.05,39.3,38.1,38.35,263189.0
2026-09-16,TPEX,1593,祺驊,31.4,31.5,31.15,31.15,5532.0
2026-09-16,TPEX,1595,川寶,62.0,63.3,62.0,63.3,100110.0
2026-09-16,TPEX,1599,宏佳騰,23.1,23.1,22.75,22.9,24100.0
2026-09-16,TPEX,1742,台蠟,17.6,17.6,17.45,17.6,20024.0
2026-09-16,TPEX,1777,生泰,73.5,73.9,73.0,73.7,44197.0
2026-09-16,TPEX,1780,立弘,24.8,25.1,24.5,24.5,58000.0
2026-09-16,TPEX,1781,合世,10.2,10.2,10.2,10.2,3008.0
2026-09-16,TPEX,1784,訊聯,58.5,58.5,57.9,58.3,61393.0
2026-09-16,TPEX,1785,光洋科,93.5,95.5,93.5,94.7,2181004.0
2026-09-16,TPEX,1788,杏昌,128.0,128.5,127.5,128.0,19889.0
2026-09-16,TPEX,1796,金穎生技,29.2,29.25,29.2,29.2,5341.0
2026-09-16,TPEX,1799,易威,28.85,28.9,28.6,28.6,110150.0
2026-09-16,TPEX,1813,寶利徠,11.25,11.25,11.2,11.25,6518.0
2026-09-16,TPEX,1815,富喬,115.5,121.5,115.5,118.5,44719311.0
2026-09-16,TPEX,2035,唐榮,27.0,27.0,27.0,27.0,1003.0
2026-09-16,TPEX,2061,風青,47.2,51.9,47.15,51.9,2203128.0
2026-09-16,TPEX,2063,世鎧,23.75,23.75,23.55,23.6,15125.0
2026-09-16,TPEX,2064,晉椿,11.95,12.45,11.9,12.1,315350.0
2026-09-16,TPEX,2065,世豐,35.1,35.5,35.0,35.5,45230.0
2026-09-16,TPEX,2066,世德,51.1,51.4,50.6,51.3,26077.0
2026-09-16,TPEX,2067,嘉鋼,4.99,4.99,4.87,4.97,33000.0
2026-09-16,TPEX,2070,精湛,61.0,61.1,60.3,61.1,19093.0
2026-09-16,TPEX,2073,雄順,25.9,26.0,25.9,26.0,2000.0
2026-09-16,TPEX,2221,大甲,96.1,105.5,95.6,105.5,9020600.0
2026-09-16,TPEX,2230,泰茂,20.95,22.25,20.95,21.4,48067.0
2026-09-16,TPEX,2235,謚源,27.5,28.25,27.45,28.25,5000.0
2026-09-16,TPEX,2596,綠意,36.15,36.55,35.0,35.35,148398.0
2026-09-16,TPEX,2640,大車隊,155.5,160.5,155.5,159.0,40732.0
2026-09-16,TPEX,2641,正德,17.25,17.65,17.25,17.5,805859.0
2026-09-16,TPEX,2643,捷迅,62.3,63.0,62.3,62.6,4159.0
2026-09-16,TPEX,2718,全心投控,39.5,40.0,39.5,40.0,15175.0
2026-09-16,TPEX,2719,燦星旅,19.35,19.55,19.35,19.55,2444.0
2026-09-16,TPEX,2724,藝舍-KY,10.15,10.55,10.1,10.55,9000.0
2026-09-16,TPEX,2726,雅茗-KY,8.06,8.13,8.06,8.13,2000.0
2026-09-16,TPEX,2729,瓦城,154.0,155.5,151.5,153.0,71441.0
2026-09-16,TPEX,2732,六角,62.5,62.9,62.1,62.8,10236.0
2026-09-16,TPEX,2734,易飛網,14.55,14.7,14.5,14.5,43153.0
2026-09-16,TPEX,2736,富野,11.4,11.45,11.3,11.35,25365.0
2026-09-16,TPEX,2740,華軒,32.0,32.0,32.0,32.0,1388.0
2026-09-16,TPEX,2743,山富,51.3,52.5,51.3,52.0,27041.0
2026-09-16,TPEX,2745,五福,84.0,84.1,83.4,83.6,65247.0
2026-09-16,TPEX,2751,王座,53.5,53.5,53.5,53.5,1000.0
2026-09-16,TPEX,2752,豆府,177.0,177.0,177.0,177.0,1310.0
2026-09-16,TPEX,2754,亞洲藏壽司,69.2,69.2,69.2,69.2,2533.0
2026-09-16,TPEX,2755,揚秦,98.3,98.3,97.9,98.1,47953.0
2026-09-16,TPEX,2756,聯發國際,62.6,63.0,62.2,62.8,52117.0
2026-09-16,TPEX,2916,滿心,40.45,40.45,40.4,40.4,6293.0
2026-09-16,TPEX,2924,宏太-KY,16.85,17.95,16.85,16.9,30161.0
2026-09-16,TPEX,2926,誠品生活,29.95,29.95,29.95,29.95,2589.0
2026-09-16,TPEX,2937,集雅社,44.45,44.45,44.45,44.45,3101.0
2026-09-16,TPEX,2938,床的世界,18.85,18.85,18.3,18.55,659117.0
2026-09-16,TPEX,2941,米斯特,30.7,31.65,30.6,31.65,8001.0
2026-09-16,TPEX,2947,振宇五金,60.6,60.6,60.4,60.4,3080.0
2026-09-16,TPEX,2948,寶陞,,,,,249.0
2026-09-16,TPEX,2949,欣新網,64.2,65.0,64.0,65.0,6079.0
2026-09-16,TPEX,3064,泰偉,,,,,1.0
2026-09-16,TPEX,3066,李洲,24.75,26.4,24.55,25.75,2081874.0
2026-09-16,TPEX,3067,全域,17.0,17.0,17.0,17.0,1000.0
2026-09-16,TPEX,3071,協禧,23.0,23.3,23.0,23.3,50996.0
2026-09-16,TPEX,3073,天方能源,21.2,21.2,20.4,20.85,15390.0
2026-09-16,TPEX,3078,僑威,44.1,45.2,43.5,44.95,1086530.0
2026-09-16,TPEX,3081,聯亞,2695.0,2930.0,2695.0,2805.0,5759487.0
2026-09-16,TPEX,3083,網龍,21.75,22.1,21.65,22.1,30174.0
2026-09-16,TPEX,3085,新零售,11.75,11.75,11.75,11.75,1001.0
2026-09-16,TPEX,3086,華義*,28.8,29.7,28.8,29.5,39051.0
2026-09-16,TPEX,3088,艾訊,122.0,124.5,122.0,124.0,275564.0
2026-09-16,TPEX,3093,港建*,43.25,44.4,43.2,44.3,112646.0
2026-09-16,TPEX,3095,及成,34.4,34.4,34.4,34.4,1315.0
2026-09-16,TPEX,3105,穩懋,469.0,473.0,454.0,472.5,29234902.0
2026-09-16,TPEX,3114,好德,29.7,30.1,29.5,30.0,112266.0
2026-09-16,TPEX,3115,富榮綱,8.1,8.25,8.0,8.2,14006.0
2026-09-16,TPEX,3118,進階,31.65,31.65,31.4,31.4,11062.0
2026-09-16,TPEX,3122,笙泉,23.8,24.0,23.5,24.0,17505.0
2026-09-16,TPEX,3128,昇銳,21.3,21.7,20.6,20.6,369814.0
2026-09-16,TPEX,3131,弘塑,2365.0,2365.0,2315.0,2325.0,148463.0
2026-09-16,TPEX,3141,晶宏,91.4,95.5,91.1,92.8,4460312.0
2026-09-16,TPEX,3147,大綜,228.0,239.5,228.0,233.0,996041.0
2026-09-16,TPEX,3152,璟德,217.0,222.0,217.0,221.0,80333.0
2026-09-16,TPEX,3158,嘉實,86.3,88.0,86.1,86.2,20875.0
2026-09-16,TPEX,3162,精確,68.1,74.4,68.1,73.5,2447857.0
2026-09-16,TPEX,3163,波若威,640.0,675.0,640.0,663.0,2048184.0
2026-09-16,TPEX,3169,亞信,100.0,101.5,100.0,101.0,65557.0
2026-09-16,TPEX,3171,炎洲流通,59.5,59.5,59.5,59.5,1245.0
2026-09-16,TPEX,3176,基亞,38.15,38.15,37.0,37.85,692432.0
2026-09-16,TPEX,3178,公準,60.3,61.9,59.8,61.3,52861.0
2026-09-16,TPEX,3188,鑫龍騰,23.5,23.65,23.5,23.65,92551.0
2026-09-16,TPEX,3191,雲嘉南,16.5,17.0,16.3,16.4,13794.0
2026-09-16,TPEX,3205,佰研,46.25,47.85,46.0,46.3,24628.0
2026-09-16,TPEX,3206,志豐,34.95,35.0,34.2,34.2,11006.0
2026-09-16,TPEX,3207,耀勝,36.8,37.45,36.7,36.7,81390.0
2026-09-16,TPEX,3211,順達,362.5,377.0,362.5,370.0,2633626.0
2026-09-16,TPEX,3213,茂訊,121.5,123.5,120.0,122.5,208919.0
2026-09-16,TPEX,3217,優群,127.5,127.5,126.0,127.5,180405.0
2026-09-16,TPEX,3218,大學光,134.0,134.5,133.0,133.5,77030.0
2026-09-16,TPEX,3219,倚強科,83.5,84.5,82.3,82.5,352353.0
2026-09-16,TPEX,3221,台嘉碩,46.6,47.4,46.2,47.3,1041248.0
2026-09-16,TPEX,3224,三顧,33.3,33.3,32.8,33.0,11040.0
2026-09-16,TPEX,3226,龍鋒,55.7,56.0,55.7,56.0,170002.0
2026-09-16,TPEX,3227,原相,180.5,184.5,180.0,184.0,461294.0
2026-09-16,TPEX,3228,金麗科,161.0,165.0,161.0,164.5,121412.0
2026-09-16,TPEX,3230,錦明,41.45,42.75,41.3,41.3,555374.0
2026-09-16,TPEX,3232,昱捷,22.3,22.7,21.55,21.75,364239.0
2026-09-16,TPEX,3234,光環,163.5,179.5,163.5,177.5,3166582.0
2026-09-16,TPEX,3236,千如,43.75,43.75,42.9,43.6,976918.0
2026-09-16,TPEX,3252,海灣,15.3,15.3,15.0,15.3,14000.0
2026-09-16,TPEX,3259,鑫創,10.9,10.9,10.8,10.8,26872.0
2026-09-16,TPEX,3260,威剛,389.5,399.5,389.0,399.5,3365120.0
2026-09-16,TPEX,3264,欣銓,221.5,225.5,220.0,223.0,3559105.0
2026-09-16,TPEX,3265,台星科,162.0,163.5,160.5,162.0,287762.0
2026-09-16,TPEX,3268,海德威,17.0,17.35,16.65,17.15,28503.0
2026-09-16,TPEX,3272,東碩,14.0,14.05,13.95,13.95,11951.0
2026-09-16,TPEX,3276,宇環,13.7,13.85,13.6,13.8,60149.0
2026-09-16,TPEX,3284,太普高,19.5,21.15,19.2,19.85,513157.0
2026-09-16,TPEX,3285,微端,39.6,39.6,38.9,38.9,4918.0
2026-09-16,TPEX,3287,廣寰科,35.35,35.35,34.4,35.0,74354.0
2026-09-16,TPEX,3288,點晶,20.65,21.35,20.0,20.0,66876.0
2026-09-16,TPEX,3289,宜特,130.5,133.0,129.5,131.5,314969.0
2026-09-16,TPEX,3290,東浦,47.1,47.6,46.65,47.05,454938.0
2026-09-16,TPEX,3293,鈊象,699.0,713.0,698.0,708.0,1177903.0
2026-09-16,TPEX,3294,英濟,28.7,29.25,28.7,29.25,184284.0
2026-09-16,TPEX,3297,杭特,33.0,33.9,31.8,31.8,2121375.0
2026-09-16,TPEX,3303,岱稜,48.6,48.7,48.3,48.35,74956.0
2026-09-16,TPEX,3306,鼎天,45.75,45.75,44.85,45.0,50279.0
2026-09-16,TPEX,3310,佳穎,68.9,69.0,67.7,69.0,8000.0
2026-09-16,TPEX,3313,斐成,10.55,10.6,10.5,10.5,34472.0
2026-09-16,TPEX,3317,尼克森,54.6,55.7,54.0,55.5,363211.0
2026-09-16,TPEX,3322,建舜電,10.6,10.75,10.6,10.75,118320.0
2026-09-16,TPEX,3323,加百裕,26.65,27.1,26.6,27.0,111971.0
2026-09-16,TPEX,3324,雙鴻,1275.0,1375.0,1255.0,1360.0,4834419.0
2026-09-16,TPEX,3325,旭品,11.2,11.2,11.05,11.1,56031.0
2026-09-16,TPEX,3332,幸康,60.2,61.0,60.1,60.3,6867.0
2026-09-16,TPEX,3339,泰谷,41.0,44.2,41.0,43.8,1472931.0
2026-09-16,TPEX,3349,寶德,20.1,20.25,19.85,19.95,26069.0
2026-09-16,TPEX,3354,律勝,28.1,30.5,27.85,30.5,2209987.0
2026-09-16,TPEX,3357,臺慶科,202.0,202.0,198.0,201.0,451844.0
2026-09-16,TPEX,3360,尚立,14.35,14.45,14.25,14.45,245407.0
2026-09-16,TPEX,3362,先進光,167.5,178.5,167.5,177.0,5758651.0
2026-09-16,TPEX,3363,上詮,647.0,690.0,647.0,684.0,3106061.0
2026-09-16,TPEX,3372,典範,14.2,15.45,14.2,14.95,546339.0
2026-09-16,TPEX,3373,熱映,16.0,16.05,15.9,15.95,23563.0
2026-09-16,TPEX,3374,精材,417.0,436.0,410.5,424.0,13043220.0
2026-09-16,TPEX,3379,彬台,26.95,27.7,26.95,27.6,42578.0
2026-09-16,TPEX,3388,崇越電,80.0,81.0,80.0,81.0,213952.0
2026-09-16,TPEX,3390,旭軟,21.5,21.8,21.3,21.6,66567.0
2026-09-16,TPEX,3402,漢科,124.0,125.5,124.0,125.0,88458.0
2026-09-16,TPEX,3430,奇鈦科,103.0,103.0,102.0,102.0,76361.0
2026-09-16,TPEX,3434,哲固,32.9,32.95,30.95,30.95,1206033.0
2026-09-16,TPEX,3438,類比科,61.9,62.1,61.5,62.0,35873.0
2026-09-16,TPEX,3441,聯一光,170.0,186.0,170.0,186.0,19050439.0
2026-09-16,TPEX,3444,利機,77.8,79.9,77.3,79.3,155582.0
2026-09-16,TPEX,3455,由田,228.5,244.5,228.5,240.5,1333085.0
2026-09-16,TPEX,3465,進泰電子,29.0,29.2,29.0,29.15,14101.0
2026-09-16,TPEX,3466,德晉,24.3,24.7,24.1,24.4,42037.0
2026-09-16,TPEX,3467,台灣精材,71.2,76.5,68.0,71.6,3311999.0
2026-09-16,TPEX,3479,安勤,131.0,131.0,129.0,129.0,244293.0
2026-09-16,TPEX,3483,力致,73.5,75.7,73.4,74.7,199907.0
2026-09-16,TPEX,3484,崧騰,44.85,44.95,44.4,44.75,54630.0
2026-09-16,TPEX,3485,敘豐,190.5,195.0,190.5,194.0,30110.0
2026-09-16,TPEX,3489,森寶,21.35,21.65,21.35,21.65,20517.0
2026-09-16,TPEX,3490,單井,42.0,45.5,41.45,44.8,6951843.0
2026-09-16,TPEX,3491,昇達科,1410.0,1445.0,1380.0,1440.0,1346490.0
2026-09-16,TPEX,3492,長盛,18.85,18.85,18.7,18.75,46072.0
2026-09-16,TPEX,3498,陽程,175.0,190.5,174.0,190.5,2817620.0
2026-09-16,TPEX,3499,環天科,13.05,13.65,13.05,13.25,31709.0
2026-09-16,TPEX,3508,位速,21.8,22.2,21.0,21.35,219495.0
2026-09-16,TPEX,3511,矽瑪,18.2,18.55,18.2,18.5,60300.0
2026-09-16,TPEX,3512,皇龍,19.05,19.05,19.0,19.05,50097.0
2026-09-16,TPEX,3516,亞帝歐,25.5,25.5,25.0,25.35,12334.0
2026-09-16,TPEX,3520,華盈,17.15,17.45,17.05,17.2,71434.0
2026-09-16,TPEX,3521,台鋼建設,12.0,12.2,11.95,12.05,15852.0
2026-09-16,TPEX,3522,御嵿,12.9,13.15,12.9,13.1,162690.0
2026-09-16,TPEX,3523,迎輝,15.85,15.85,14.65,15.5,59943.0
2026-09-16,TPEX,3526,凡甲,263.5,267.5,263.5,266.0,130745.0
2026-09-16,TPEX,3527,聚積,48.65,49.45,48.4,48.8,97978.0
2026-09-16,TPEX,3529,力旺,2650.0,2740.0,2625.0,2700.0,559994.0
2026-09-16,TPEX,3531,先益,21.3,21.3,21.3,21.3,1532.0
2026-09-16,TPEX,3537,堡達,52.2,52.7,52.0,52.6,116484.0
2026-09-16,TPEX,3540,曜越,21.6,23.25,21.6,22.95,411911.0
2026-09-16,TPEX,3541,西柏,21.9,22.15,21.6,21.8,24411.0
2026-09-16,TPEX,3546,宇峻,71.8,72.1,71.8,72.0,68657.0
2026-09-16,TPEX,3548,兆利,76.8,80.0,76.8,79.3,161120.0
2026-09-16,TPEX,3551,世禾,169.5,172.5,169.5,172.0,63794.0
2026-09-16,TPEX,3552,同致,41.95,41.95,40.45,41.5,139698.0
2026-09-16,TPEX,3555,博士旺,178.0,179.0,171.5,171.5,77890.0
2026-09-16,TPEX,3556,禾瑞亞,56.0,56.9,55.9,56.9,107487.0
2026-09-16,TPEX,3558,神準,120.0,121.0,119.5,121.0,30271.0
2026-09-16,TPEX,3564,其陽,46.9,48.25,46.75,48.2,100748.0
2026-09-16,TPEX,3567,逸昌,24.8,25.1,24.8,25.05,18136.0
2026-09-16,TPEX,3570,大塚,167.5,167.5,166.0,167.5,27917.0
2026-09-16,TPEX,3577,泓格,109.5,114.5,109.5,113.0,175859.0
2026-09-16,TPEX,3580,友威科,88.0,93.4,88.0,90.8,1717953.0
2026-09-16,TPEX,3581,博磊,94.5,96.5,93.3,95.9,113187.0
2026-09-16,TPEX,3587,閎康,230.5,235.5,230.5,235.0,254427.0
2026-09-16,TPEX,3594,磐儀,45.55,46.15,45.45,45.8,173246.0
2026-09-16,TPEX,3597,映興,26.25,26.3,25.85,26.15,7500.0
2026-09-16,TPEX,3609,三一東林,20.75,22.3,20.3,21.7,294566.0
2026-09-16,TPEX,3611,鼎翰,181.5,182.5,181.5,181.5,5537.0
2026-09-16,TPEX,3615,安可,33.0,34.15,33.0,34.1,283972.0
2026-09-16,TPEX,3623,富晶通,26.15,28.65,25.6,28.4,565056.0
2026-09-16,TPEX,3624,光頡,125.0,127.0,121.0,123.0,22768169.0
2026-09-16,TPEX,3625,西勝,12.3,12.35,12.0,12.05,108695.0
2026-09-16,TPEX,3628,盈正,72.0,73.7,72.0,73.3,104644.0
2026-09-16,TPEX,3629,地心引力,18.1,18.2,18.1,18.2,3000.0
2026-09-16,TPEX,3630,新鉅科,25.85,26.9,25.85,26.0,366477.0
2026-09-16,TPEX,3631,晟楠,36.8,38.2,36.8,38.05,88400.0
2026-09-16,TPEX,3632,研勤,7.1,7.1,7.08,7.08,7268.0
2026-09-16,TPEX,3646,艾恩特,25.0,25.15,24.9,24.9,8018.0
2026-09-16,TPEX,3663,鑫科,61.0,62.9,60.2,60.4,878263.0
2026-09-16,TPEX,3664,安瑞-KY,7.63,8.15,7.63,8.14,91000.0
2026-09-16,TPEX,3666,光耀,24.8,25.0,24.8,25.0,34204.0
2026-09-16,TPEX,3672,康聯訊,12.1,12.1,11.8,11.8,7206.0
2026-09-16,TPEX,3675,德微,270.0,295.5,270.0,295.5,1639049.0
2026-09-16,TPEX,3680,家登,489.0,514.0,489.0,511.0,1322907.0
2026-09-16,TPEX,3684,榮昌,54.1,54.2,54.1,54.1,8242.0
2026-09-16,TPEX,3685,元創精密,35.65,36.1,33.5,35.3,1147547.0
2026-09-16,TPEX,3687,歐買尬,61.4,61.6,60.9,61.2,18105.0
2026-09-16,TPEX,3689,湧德,106.0,108.0,106.0,108.0,362543.0
2026-09-16,TPEX,3691,碩禾,94.4,96.0,94.0,95.4,156085.0
2026-09-16,TPEX,3693,營邦,673.0,685.0,671.0,681.0,1122045.0
2026-09-16,TPEX,3707,漢磊,60.3,63.0,60.0,63.0,7120436.0
2026-09-16,TPEX,3709,鑫聯大投控,61.9,62.7,61.7,62.4,185596.0
2026-09-16,TPEX,3713,新晶投控,14.3,14.3,14.0,14.0,59836.0
2026-09-16,TPEX,3718,中光電投控,59.6,65.4,59.6,64.9,5394984.0
2026-09-16,TPEX,4102,永日,18.75,18.95,18.55,18.95,25783.0
2026-09-16,TPEX,4105,東洋,78.3,78.7,78.1,78.6,330833.0
2026-09-16,TPEX,4107,邦特,111.0,111.5,111.0,111.0,23512.0
2026-09-16,TPEX,4109,加捷生醫,11.1,11.2,10.9,11.1,120769.0
2026-09-16,TPEX,4111,濟生,28.6,28.75,28.4,28.7,53383.0
2026-09-16,TPEX,4113,聯上,15.95,16.1,15.55,15.85,91828.0
2026-09-16,TPEX,4114,健喬,29.45,29.5,29.35,29.35,404680.0
2026-09-16,TPEX,4116,明基醫,39.6,39.65,39.45,39.45,9000.0
2026-09-16,TPEX,4120,友華,46.0,46.1,45.5,45.85,36324.0
2026-09-16,TPEX,4121,優盛,12.75,12.75,12.55,12.55,39077.0
2026-09-16,TPEX,4123,晟德,30.35,30.75,30.25,30.75,1430749.0
2026-09-16,TPEX,4126,太醫,77.6,78.0,77.5,77.8,9319.0
2026-09-16,TPEX,4127,天良,60.0,60.9,58.9,59.8,127594.0
2026-09-16,TPEX,4128,中天,14.6,14.6,14.45,14.55,364965.0
2026-09-16,TPEX,4129,聯合,82.5,82.8,82.4,82.4,44698.0
2026-09-16,TPEX,4131,浩泰,31.45,31.45,31.45,31.45,1200.0
2026-09-16,TPEX,4138,曜亞,53.9,53.9,53.8,53.9,11929.0
2026-09-16,TPEX,4139,馬光-KY,41.4,41.9,39.9,41.15,70002.0
2026-09-16,TPEX,4147,中裕,59.6,61.5,59.6,60.8,549927.0
2026-09-16,TPEX,4153,鈺緯,31.8,31.8,31.8,31.8,1100.0
2026-09-16,TPEX,4154,樂威科-KY,11.7,11.7,11.05,11.25,6000.0
2026-09-16,TPEX,4157,太景*-KY,8.7,8.95,8.7,8.95,623774.0
2026-09-16,TPEX,4160,訊聯基因,38.95,39.05,38.7,38.9,10566.0
2026-09-16,TPEX,4161,聿新科,22.2,22.35,22.1,22.25,20969.0
2026-09-16,TPEX,4162,智擎,54.7,54.9,54.3,54.6,201433.0
2026-09-16,TPEX,4163,鐿鈦,132.0,133.5,132.0,133.0,16670.0
2026-09-16,TPEX,4166,友霖,23.9,23.9,23.7,23.8,35318.0
2026-09-16,TPEX,4167,松瑞藥,19.2,19.2,19.05,19.1,426378.0
2026-09-16,TPEX,4168,醣聯,21.5,21.6,21.45,21.55,54729.0
2026-09-16,TPEX,4171,瑞基,16.9,16.9,16.25,16.3,16536.0
2026-09-16,TPEX,4173,久裕,17.1,17.1,16.9,17.0,82264.0
2026-09-16,TPEX,4174,浩鼎,26.6,26.65,25.85,26.65,244206.0
2026-09-16,TPEX,4175,杏一,51.5,51.5,51.5,51.5,3444.0
2026-09-16,TPEX,4183,福永生技,13.0,13.05,13.0,13.05,2000.0
2026-09-16,TPEX,4188,安克,14.0,14.65,13.95,14.15,72442.0
2026-09-16,TPEX,4192,杏國,18.2,19.45,18.2,19.45,5923.0
2026-09-16,TPEX,4198,欣大健康,49.9,50.0,47.25,49.4,11414.0
2026-09-16,TPEX,4205,中華食,68.9,69.0,68.8,69.0,12169.0
2026-09-16,TPEX,4207,環泰,19.8,19.8,19.35,19.45,57674.0
2026-09-16,TPEX,4303,信立,34.9,35.0,34.7,34.8,314435.0
2026-09-16,TPEX,4304,勝昱,16.05,16.05,14.2,14.3,107597.0
2026-09-16,TPEX,4305,世坤,,,,,23.0
2026-09-16,TPEX,4401,東隆興,13.7,13.8,13.6,13.65,50516.0
2026-09-16,TPEX,4402,郡都開發,14.05,14.25,14.0,14.25,9604.0
2026-09-16,TPEX,4406,新昕纖,10.0,10.15,10.0,10.05,121000.0
2026-09-16,TPEX,4413,飛寶企業,19.2,19.2,19.2,19.2,1013.0
2026-09-16,TPEX,4416,三圓,11.4,11.5,11.05,11.2,1134638.0
2026-09-16,TPEX,4417,金洲,49.9,50.1,49.5,49.65,62158.0
2026-09-16,TPEX,4419,皇家美食,46.3,46.3,46.3,46.3,1701.0
2026-09-16,TPEX,4420,光明,40.0,40.0,38.5,38.5,191442.0
2026-09-16,TPEX,4430,耀億,17.15,17.75,17.15,17.25,14260.0
2026-09-16,TPEX,4432,銘旺實,15.4,15.65,15.4,15.65,22226.0
2026-09-16,TPEX,4433,興采,18.55,18.55,18.25,18.25,41930.0
2026-09-16,TPEX,4442,竣邦-KY,56.7,57.3,55.7,56.0,53035.0
2026-09-16,TPEX,4502,健信,15.7,15.7,15.5,15.7,28000.0
2026-09-16,TPEX,4503,金雨,22.4,22.6,22.2,22.5,57590.0
2026-09-16,TPEX,4506,崇友,118.0,120.5,118.0,119.0,56273.0
2026-09-16,TPEX,4510,高鋒,42.2,42.7,42.1,42.5,224513.0
2026-09-16,TPEX,4513,福裕,15.25,15.55,15.25,15.5,70622.0
2026-09-16,TPEX,4523,永彰,24.5,24.5,23.65,23.8,65102.0
2026-09-16,TPEX,4527,方土霖,40.8,40.85,40.8,40.8,11028.0
2026-09-16,TPEX,4528,江興鍛,14.9,15.0,14.7,14.8,27060.0
2026-09-16,TPEX,4529,淳紳,3.54,3.54,3.45,3.53,15307.0
2026-09-16,TPEX,4530,天意能創,25.45,25.45,25.1,25.1,2025.0
2026-09-16,TPEX,4533,協易機,24.2,24.9,24.2,24.9,241745.0
2026-09-16,TPEX,4534,慶騰,27.3,28.05,27.3,27.9,249202.0
2026-09-16,TPEX,4535,至興,27.0,27.0,27.0,27.0,1060.0
2026-09-16,TPEX,4538,大詠城,17.65,17.65,17.15,17.35,21123.0
2026-09-16,TPEX,4541,晟田,56.3,57.3,56.1,56.8,549242.0
2026-09-16,TPEX,4542,科嶠,254.5,255.0,251.5,253.5,154426.0
2026-09-16,TPEX,4543,萬在,27.9,28.0,27.5,27.75,65616.0
2026-09-16,TPEX,4549,桓達,94.5,97.2,94.5,95.0,61897.0
2026-09-16,TPEX,4550,長佳,24.2,24.2,24.2,24.2,1100.0
2026-09-16,TPEX,4554,橙的,28.1,28.45,28.1,28.15,6130.0
2026-09-16,TPEX,4556,旭然,85.0,87.5,80.4,81.4,1009962.0
2026-09-16,TPEX,4558,寶緯,16.95,17.6,16.85,17.6,16000.0
2026-09-16,TPEX,4561,健椿,39.7,40.1,39.7,39.8,53038.0
2026-09-16,TPEX,4563,百德,44.8,46.2,44.8,45.5,135512.0
2026-09-16,TPEX,4568,科際精密,39.95,39.95,39.95,39.95,1001.0
2026-09-16,TPEX,4577,達航科技,83.5,85.5,83.5,83.8,188891.0
2026-09-16,TPEX,4580,捷流閥業,81.1,81.1,80.5,81.0,70296.0
2026-09-16,TPEX,4584,君帆,37.0,37.0,37.0,37.0,2109.0
2026-09-16,TPEX,4609,唐鋒,4.23,4.23,4.23,4.23,5000.0
2026-09-16,TPEX,4702,中美實,9.53,9.53,9.3,9.36,28490.0
2026-09-16,TPEX,4706,大恭,34.4,34.4,33.5,33.75,29826.0
2026-09-16,TPEX,4707,磐亞,26.15,27.5,26.15,26.75,1610119.0
2026-09-16,TPEX,4711,永純,16.25,16.5,16.25,16.5,45138.0
2026-09-16,TPEX,4714,永捷,11.3,11.7,11.2,11.45,1407351.0
2026-09-16,TPEX,4716,大立,16.5,16.65,16.4,16.65,195164.0
2026-09-16,TPEX,4721,美琪瑪,71.0,71.6,70.8,71.4,258812.0
2026-09-16,TPEX,4726,永昕,22.6,22.7,22.35,22.45,90565.0
2026-09-16,TPEX,4728,雙美,395.0,395.0,391.0,392.0,11036.0
2026-09-16,TPEX,4729,熒茂,18.3,18.55,18.3,18.5,15136.0
2026-09-16,TPEX,4735,豪展,35.6,35.65,35.6,35.65,8272.0
2026-09-16,TPEX,4741,泓瀚,36.8,39.4,36.8,37.25,64495.0
2026-09-16,TPEX,4743,合一,44.1,44.2,43.5,44.2,541264.0
2026-09-16,TPEX,4744,皇將,28.0,30.15,28.0,30.15,318860.0
2026-09-16,TPEX,4745,合富-KY,11.6,11.7,11.5,11.7,14461.0
2026-09-16,TPEX,4747,強生*,24.95,24.95,23.75,23.8,81605.0
2026-09-16,TPEX,4749,新應材,712.0,722.0,707.0,716.0,286787.0
2026-09-16,TPEX,4754,國碳科,37.15,37.65,37.15,37.5,7640.0
2026-09-16,TPEX,4760,勤凱,262.0,262.0,256.0,260.0,153506.0
2026-09-16,TPEX,4767,誠泰科技,27.9,28.1,27.7,28.1,8000.0
2026-09-16,TPEX,4768,晶呈科技,293.5,316.5,293.5,313.0,552752.0
2026-09-16,TPEX,4772,台特化,238.0,242.0,236.0,240.0,173593.0
2026-09-16,TPEX,4806,桂田文創,9.01,9.01,9.01,9.01,1380.0
2026-09-16,TPEX,4903,聯光通,34.15,34.85,34.05,34.1,547734.0
2026-09-16,TPEX,4905,台聯電,78.1,80.6,76.9,78.2,52086.0
2026-09-16,TPEX,4907,富宇,43.55,43.95,43.45,43.7,20530.0
2026-09-16,TPEX,4908,前鼎,226.0,243.0,223.5,240.5,10848011.0
2026-09-16,TPEX,4909,新復興,33.45,34.1,33.4,33.9,215391.0
2026-09-16,TPEX,4911,德英,28.1,29.1,28.1,29.1,8020.0
2026-09-16,TPEX,4923,力士,53.3,56.0,53.3,53.9,382396.0
2026-09-16,TPEX,4924,欣厚-KY,14.85,14.85,14.0,14.5,1079370.0
2026-09-16,TPEX,4931,新盛力,226.0,237.5,226.0,236.0,2180198.0
2026-09-16,TPEX,4933,友輝,50.9,51.5,50.9,51.2,41954.0
2026-09-16,TPEX,4939,亞電,78.0,83.8,78.0,82.0,7212272.0
2026-09-16,TPEX,4946,辣椒,89.0,92.4,89.0,90.1,26716.0
2026-09-16,TPEX,4950,金耘國際,15.6,15.75,15.6,15.65,24096.0
2026-09-16,TPEX,4951,精拓科,80.5,81.8,80.5,81.3,120677.0
2026-09-16,TPEX,4953,緯致,123.0,123.5,120.5,121.0,299791.0
2026-09-16,TPEX,4966,譜瑞-KY,526.0,542.0,525.0,541.0,311737.0
2026-09-16,TPEX,4971,IET-KY,530.0,574.0,530.0,574.0,2253996.0
2026-09-16,TPEX,4972,湯石照明,16.3,16.3,16.2,16.2,16270.0
2026-09-16,TPEX,4973,廣穎,135.5,139.0,135.5,139.0,387596.0
2026-09-16,TPEX,4974,亞泰,70.3,71.0,70.3,70.8,37384.0
2026-09-16,TPEX,4979,華星光,516.0,547.0,510.0,547.0,1070526.0
2026-09-16,TPEX,4991,環宇-KY,424.0,438.5,417.0,428.0,4210358.0
2026-09-16,TPEX,4995,晶達,51.4,51.4,51.4,51.4,1491.0
2026-09-16,TPEX,5009,榮剛,32.1,32.3,32.0,32.3,632855.0
2026-09-16,TPEX,5011,久陽,18.15,18.15,17.85,18.05,90854.0
2026-09-16,TPEX,5013,強新,30.0,30.0,29.5,29.8,28005.0
2026-09-16,TPEX,5014,建錩,9.7,9.79,9.7,9.77,52421.0
2026-09-16,TPEX,5015,華祺,21.7,21.8,21.7,21.8,24427.0
2026-09-16,TPEX,5016,松和,24.4,24.7,24.4,24.55,5050.0
2026-09-16,TPEX,5201,凱衛,30.9,30.9,28.0,28.9,154414.0
2026-09-16,TPEX,5202,力新,14.35,14.85,13.6,13.95,4231989.0
2026-09-16,TPEX,5205,中茂,18.65,18.65,18.65,18.65,2554.0
2026-09-16,TPEX,5206,坤悅,21.3,21.45,21.0,21.3,323053.0
2026-09-16,TPEX,5209,新鼎,174.5,175.0,171.5,173.0,124158.0
2026-09-16,TPEX,5210,寶碩,28.5,28.9,28.5,28.75,28414.0
2026-09-16,TPEX,5211,蒙恬,20.4,20.85,20.4,20.6,51433.0
2026-09-16,TPEX,5212,凌網,46.15,46.75,46.15,46.6,4140.0
2026-09-16,TPEX,5213,亞昕,20.45,20.45,20.2,20.3,208293.0
2026-09-16,TPEX,5220,萬達光電,19.8,19.8,19.7,19.8,8022.0
2026-09-16,TPEX,5223,安力-KY,22.9,23.1,22.85,23.1,8250.0
2026-09-16,TPEX,5227,立凱-KY,30.0,32.0,29.55,31.4,799374.0
2026-09-16,TPEX,5228,鈺鎧,38.75,39.55,38.7,39.35,131662.0
2026-09-16,TPEX,5230,雷笛克光學,18.35,18.95,18.3,18.65,338577.0
2026-09-16,TPEX,5245,智晶,21.0,21.5,20.6,21.0,77104.0
2026-09-16,TPEX,5251,天鉞電,31.2,32.05,29.6,30.15,2203692.0
2026-09-16,TPEX,5263,智崴,91.7,92.0,88.6,90.8,105378.0
2026-09-16,TPEX,5272,笙科,16.5,16.6,16.3,16.6,66703.0
2026-09-16,TPEX,5274,信驊,17965.0,18420.0,17485.0,18250.0,180449.0
2026-09-16,TPEX,5276,達輝-KY,17.9,17.9,17.9,17.9,1069.0
2026-09-16,TPEX,5278,尚凡*,23.3,24.0,23.05,23.25,196200.0
2026-09-16,TPEX,5287,數字,135.0,135.0,134.5,135.0,18709.0
2026-09-16,TPEX,5289,宜鼎,1285.0,1310.0,1270.0,1295.0,867742.0
2026-09-16,TPEX,5291,邑昇,57.3,58.3,57.1,58.2,216990.0
2026-09-16,TPEX,5299,杰力,92.9,94.9,92.9,94.0,133645.0
2026-09-16,TPEX,5301,寶得利,5.0,5.17,5.0,5.16,34000.0
2026-09-16,TPEX,5302,太欣,9.55,9.69,9.53,9.67,200815.0
2026-09-16,TPEX,5309,系統電,49.5,50.8,49.5,50.5,729659.0
2026-09-16,TPEX,5310,天剛,24.95,25.0,24.5,24.75,12109.0
2026-09-16,TPEX,5312,寶島科,90.6,90.7,89.7,90.3,10122.0
2026-09-16,TPEX,5314,世紀*,30.8,30.8,30.8,30.8,15086328.0
2026-09-16,TPEX,5315,光聯,18.0,18.5,18.0,18.5,163062.0
2026-09-16,TPEX,5321,美而快,66.1,67.9,63.8,67.9,977835.0
2026-09-16,TPEX,5324,士開,12.2,12.3,12.2,12.3,125507.0
2026-09-16,TPEX,5328,華容,52.2,53.4,51.5,52.7,2898040.0
2026-09-16,TPEX,5340,建榮,81.4,84.9,81.4,84.0,3328294.0
2026-09-16,TPEX,5344,立衛,13.5,13.5,13.25,13.25,28554.0
2026-09-16,TPEX,5345,馥鴻,22.8,22.9,21.6,21.65,8140.0
2026-09-16,TPEX,5347,世界,155.5,158.5,153.0,158.0,7162052.0
2026-09-16,TPEX,5348,正能量智能,16.1,16.1,15.45,15.85,9831.0
2026-09-16,TPEX,5351,鈺創,104.5,106.5,104.5,105.5,5899820.0
2026-09-16,TPEX,5353,台林,27.75,27.9,27.7,27.7,31552.0
2026-09-16,TPEX,5355,佳總,6.48,7.1,6.46,6.85,499793.0
2026-09-16,TPEX,5356,協益,25.85,25.85,25.75,25.8,48957.0
2026-09-16,TPEX,5364,力麗店,8.33,8.39,8.3,8.38,37056.0
2026-09-16,TPEX,5381,光譜,22.55,23.15,22.55,23.15,181089.0
2026-09-16,TPEX,5386,青雲,285.0,293.0,284.0,291.0,1290651.0
2026-09-16,TPEX,5392,能率,39.15,39.75,39.15,39.65,459707.0
2026-09-16,TPEX,5398,慕康生醫,14.4,14.4,14.2,14.2,7024.0
2026-09-16,TPEX,5403,中菲,93.9,95.7,93.2,93.4,31891.0
2026-09-16,TPEX,5410,國眾,32.9,33.35,32.85,33.1,121681.0
2026-09-16,TPEX,5425,台半,89.4,95.5,89.4,94.8,25347938.0
2026-09-16,TPEX,5426,振發,27.8,29.05,27.35,28.65,735491.0
2026-09-16,TPEX,5432,新門,145.5,145.5,143.0,145.0,39644.0
2026-09-16,TPEX,5438,東友,16.8,16.8,16.35,16.45,30139.0
2026-09-16,TPEX,5439,高技,238.5,246.0,238.0,243.5,678675.0
2026-09-16,TPEX,5443,均豪,103.5,105.5,103.0,105.0,767919.0
2026-09-16,TPEX,5450,南良,14.35,14.6,14.35,14.55,49415.0
2026-09-16,TPEX,5452,佶優,25.55,26.75,25.55,26.35,199614.0
2026-09-16,TPEX,5455,昇益,29.95,30.0,29.95,29.95,3000.0
2026-09-16,TPEX,5457,宣德,24.6,24.75,24.05,24.45,410496.0
2026-09-16,TPEX,5460,同協,16.6,16.8,16.5,16.8,51134.0
2026-09-16,TPEX,5464,霖宏,85.2,93.7,84.1,93.7,1187193.0
2026-09-16,TPEX,5465,富驊,24.2,24.2,23.55,24.15,127264.0
2026-09-16,TPEX,5468,凱鈺,24.4,25.05,24.35,24.7,120817.0
2026-09-16,TPEX,5474,聰泰,150.5,152.5,150.5,152.0,90063.0
2026-09-16,TPEX,5475,德宏,171.5,186.0,171.5,182.0,5477473.0
2026-09-16,TPEX,5478,智冠,97.0,97.2,96.8,96.8,29543.0
2026-09-16,TPEX,5481,新華,21.0,22.2,20.85,21.8,608349.0
2026-09-16,TPEX,5483,中美晶,179.0,183.5,178.0,183.5,9062807.0
2026-09-16,TPEX,5487,通泰,29.6,29.95,29.35,29.9,23451.0
2026-09-16,TPEX,5488,松普,11.6,11.7,11.55,11.55,95308.0
2026-09-16,TPEX,5489,彩富,40.55,42.9,39.8,40.4,76233.0
2026-09-16,TPEX,5490,同亨,25.2,25.2,25.05,25.15,138771.0
2026-09-16,TPEX,5493,三聯,83.5,84.5,83.4,84.0,16082.0
2026-09-16,TPEX,5498,凱崴,50.8,51.0,49.6,50.8,824275.0
2026-09-16,TPEX,5508,永信建,52.4,52.5,51.7,51.9,201188.0
2026-09-16,TPEX,5511,德昌,69.6,70.2,69.2,69.2,57003.0
2026-09-16,TPEX,5512,力麒,7.7,7.72,7.65,7.68,259065.0
2026-09-16,TPEX,5514,三豐,15.2,15.2,15.1,15.1,3048.0
2026-09-16,TPEX,5516,雙喜,11.9,11.9,11.7,11.9,11017.0
2026-09-16,TPEX,5520,力泰,82.0,82.0,82.0,82.0,1011.0
2026-09-16,TPEX,5523,豐謙,,,,,26.0
2026-09-16,TPEX,5529,鉅陞,24.7,25.5,24.45,24.45,95316.0
2026-09-16,TPEX,5530,龍巖,49.9,49.95,49.5,49.9,116243.0
2026-09-16,TPEX,5536,聖暉*,842.0,853.0,839.0,839.0,201429.0
2026-09-16,TPEX,5543,桓鼎-KY,29.2,29.2,27.0,27.4,21020.0
2026-09-16,TPEX,5547,久舜,19.85,19.9,19.85,19.85,18539.0
2026-09-16,TPEX,5548,安倉,20.0,20.3,20.0,20.25,25364.0
2026-09-16,TPEX,5601,台聯櫃,29.5,30.65,29.5,30.65,26000.0
2026-09-16,TPEX,5603,陸海,13.8,13.8,13.45,13.55,31960.0
2026-09-16,TPEX,5604,中連,30.85,30.85,30.85,30.85,1461.0
2026-09-16,TPEX,5609,中菲行,78.4,78.5,78.2,78.3,24437.0
2026-09-16,TPEX,5701,劍湖山,4.23,4.24,4.04,4.24,68707.0
2026-09-16,TPEX,5703,亞都,13.7,13.7,13.7,13.7,2220.0
2026-09-16,TPEX,5704,老爺知,22.65,22.65,22.4,22.5,18182.0
2026-09-16,TPEX,5864,致和證,34.05,34.55,34.05,34.3,1332705.0
2026-09-16,TPEX,5878,台名,38.05,38.05,38.05,38.05,3129.0
2026-09-16,TPEX,5902,德記,34.0,34.3,34.0,34.25,113267.0
2026-09-16,TPEX,5903,全家,183.5,184.0,183.5,183.5,10184.0
2026-09-16,TPEX,5904,寶雅*,73.6,73.9,72.8,73.6,4544249.0
2026-09-16,TPEX,5905,南仁湖,7.29,7.49,7.25,7.38,426020.0
2026-09-16,TPEX,6015,宏遠證,16.8,17.2,16.8,17.0,1130519.0
2026-09-16,TPEX,6016,康和證,21.85,22.3,21.85,22.1,2682024.0
2026-09-16,TPEX,6020,大展證,20.6,20.6,20.5,20.55,11050.0
2026-09-16,TPEX,6021,美好證,43.4,45.0,43.3,44.9,518572.0
2026-09-16,TPEX,6023,元大期,84.5,85.0,84.3,85.0,417654.0
2026-09-16,TPEX,6026,福邦證,15.05,15.3,15.05,15.25,816357.0
2026-09-16,TPEX,6028,公勝保經,94.3,95.1,94.3,94.6,5220.0
2026-09-16,TPEX,6101,寬魚國際,38.0,38.2,37.7,38.15,59742.0
2026-09-16,TPEX,6103,合邦,30.35,32.25,30.35,32.25,14206.0
2026-09-16,TPEX,6104,創惟,90.0,91.0,89.5,90.9,174767.0
2026-09-16,TPEX,6109,亞元,10.45,10.45,10.3,10.35,178526.0
2026-09-16,TPEX,6111,光聚晶電,33.1,34.5,33.1,34.1,172896.0
2026-09-16,TPEX,6113,亞矽,22.15,22.3,22.05,22.05,35749.0
2026-09-16,TPEX,6114,久威,23.2,23.2,22.85,22.85,47051.0
2026-09-16,TPEX,6118,建達,15.1,15.3,15.1,15.1,98315.0
2026-09-16,TPEX,6121,新普,373.0,376.5,370.0,376.5,512375.0
2026-09-16,TPEX,6122,擎邦,50.8,51.3,50.5,51.1,189707.0
2026-09-16,TPEX,6123,上奇,43.2,43.2,42.8,43.0,20437.0
2026-09-16,TPEX,6124,業強,26.95,27.0,26.8,26.8,6495.0
2026-09-16,TPEX,6125,廣運,47.55,48.4,47.55,48.05,377928.0
2026-09-16,TPEX,6126,信音,28.5,29.75,28.5,29.7,589530.0
2026-09-16,TPEX,6127,九豪,47.2,48.95,46.9,48.55,1661644.0
2026-09-16,TPEX,6129,普誠,13.5,14.9,13.45,14.9,920324.0
2026-09-16,TPEX,6130,上亞科技,24.3,24.35,23.7,24.2,56013.0
2026-09-16,TPEX,6134,萬旭,28.4,29.2,28.2,28.5,228647.0
2026-09-16,TPEX,6138,茂達,266.0,275.0,266.0,272.5,229741.0
2026-09-16,TPEX,6140,訊達,22.0,22.0,20.55,21.25,1591741.0
2026-09-16,TPEX,6143,振曜,80.6,82.6,80.1,82.5,340369.0
2026-09-16,TPEX,6144,得利影,13.1,13.1,12.8,13.05,13480.0
2026-09-16,TPEX,6146,耕興,179.0,179.0,174.5,175.5,718693.0
2026-09-16,TPEX,6147,頎邦,201.5,207.5,197.5,207.5,64856669.0
2026-09-16,TPEX,6148,驊宏資,37.6,38.9,36.35,36.65,21439176.0
2026-09-16,TPEX,6150,撼訊,60.6,62.0,60.6,60.8,77318.0
2026-09-16,TPEX,6151,晉倫,34.85,34.85,33.95,34.2,172971.0
2026-09-16,TPEX,6154,順發,13.95,14.05,13.9,14.05,22548.0
2026-09-16,TPEX,6156,松上,20.15,20.5,20.05,20.4,329364.0
2026-09-16,TPEX,6158,禾昌,16.95,17.15,16.8,16.95,43613.0
2026-09-16,TPEX,6160,欣技,14.5,14.55,14.3,14.55,24809.0
2026-09-16,TPEX,6161,捷波,47.8,48.7,47.8,48.45,46410.0
2026-09-16,TPEX,6163,華電網,39.75,41.15,39.75,40.5,775773.0
2026-09-16,TPEX,6167,久正,9.98,10.2,9.96,10.0,120828.0
2026-09-16,TPEX,6169,昱泉,11.95,12.0,11.95,11.95,9694.0
2026-09-16,TPEX,6170,統振,47.95,48.2,47.9,48.0,103969.0
2026-09-16,TPEX,6171,大城地產,25.3,25.85,25.3,25.85,17124.0
2026-09-16,TPEX,6173,信昌電,304.0,323.0,295.0,315.0,28232789.0
2026-09-16,TPEX,6174,安碁,44.35,45.5,43.15,44.9,1195457.0
2026-09-16,TPEX,6175,立敦,69.6,69.8,68.6,69.3,447662.0
2026-09-16,TPEX,6179,亞通,34.4,38.0,34.4,37.7,11871827.0
2026-09-16,TPEX,6180,橘子,41.05,41.05,40.6,40.6,156956.0
2026-09-16,TPEX,6182,合晶,108.0,113.0,106.5,112.0,45146903.0
2026-09-16,TPEX,6185,幃翔,12.45,12.45,12.1,12.25,365490.0
2026-09-16,TPEX,6186,新潤,29.65,30.1,29.65,30.05,175611.0
2026-09-16,TPEX,6187,萬潤,1220.0,1255.0,1220.0,1220.0,1024583.0
2026-09-16,TPEX,6188,廣明,61.5,62.0,61.3,61.4,716891.0
2026-09-16,TPEX,6190,萬泰科,66.9,69.4,66.8,68.8,2341457.0
2026-09-16,TPEX,6194,育富,30.2,30.2,29.95,29.95,60411.0
2026-09-16,TPEX,6195,詩肯,27.7,27.7,27.7,27.7,93339.0
2026-09-16,TPEX,6198,瑞築,20.15,20.15,19.5,19.5,6000.0
2026-09-16,TPEX,6199,天品,101.5,103.0,99.3,102.5,3772105.0
2026-09-16,TPEX,6203,海韻電,60.8,61.0,59.4,59.5,46446.0
2026-09-16,TPEX,6204,艾華,90.7,91.7,90.0,91.2,189496.0
2026-09-16,TPEX,6207,雷科,104.5,112.0,104.5,109.5,4752230.0
2026-09-16,TPEX,6208,日揚,72.0,73.0,71.9,72.0,105404.0
2026-09-16,TPEX,6210,慶生,16.7,17.35,16.65,17.3,12177.0
2026-09-16,TPEX,6212,理銘,,,,,0.0
2026-09-16,TPEX,6217,中探針,157.5,166.0,157.5,165.0,2441061.0
2026-09-16,TPEX,6218,豪勉,50.2,54.1,48.5,54.1,15402423.0
2026-09-16,TPEX,6219,富旺,12.2,12.2,11.95,12.0,57116.0
2026-09-16,TPEX,6220,岳豐,25.35,25.6,24.9,25.4,158638.0
2026-09-16,TPEX,6221,晉泰,30.95,30.95,28.8,29.1,7539447.0
2026-09-16,TPEX,6222,立軒,18.4,18.95,18.2,18.95,21685.0
2026-09-16,TPEX,6223,旺矽,5570.0,5660.0,5490.0,5600.0,438158.0
2026-09-16,TPEX,6227,茂綸,134.5,134.5,128.0,133.0,1744766.0
2026-09-16,TPEX,6228,全譜,17.85,17.85,17.85,17.85,1000.0
2026-09-16,TPEX,6229,研通,23.2,23.6,23.2,23.35,34005.0
2026-09-16,TPEX,6231,系微,208.5,212.5,206.0,211.5,230915.0
2026-09-16,TPEX,6233,旺玖,20.1,20.3,20.05,20.3,73449.0
2026-09-16,TPEX,6234,高僑,33.5,34.9,33.5,34.85,189282.0
2026-09-16,TPEX,6236,中湛,,,,,0.0
2026-09-16,TPEX,6237,驊訊,33.1,33.5,33.1,33.25,129994.0
2026-09-16,TPEX,6240,松崗,25.0,26.95,24.5,24.5,174161.0
2026-09-16,TPEX,6241,鑫永洋,15.55,15.7,15.45,15.6,16786.0
2026-09-16,TPEX,6242,立康,33.8,33.9,33.8,33.9,4000.0
2026-09-16,TPEX,6244,茂迪,21.8,22.3,21.8,22.2,976984.0
2026-09-16,TPEX,6245,立端,85.1,85.1,82.2,83.4,814662.0
2026-09-16,TPEX,6246,臺龍,12.7,12.7,12.65,12.7,27066.0
2026-09-16,TPEX,6248,沛波,16.75,16.8,16.55,16.8,82276.0
2026-09-16,TPEX,6259,百徽,28.1,28.25,27.95,27.95,104966.0
2026-09-16,TPEX,6261,久元,75.5,77.9,75.2,76.3,519475.0
2026-09-16,TPEX,6263,普萊德,155.0,156.5,154.0,156.0,42969.0
2026-09-16,TPEX,6264,富裔,6.0,6.02,5.9,6.02,104300.0
2026-09-16,TPEX,6265,方土昶,47.95,48.7,47.7,48.6,1141914.0
2026-09-16,TPEX,6266,泰詠,25.0,25.0,24.55,25.0,95441.0
2026-09-16,TPEX,6270,倍微,27.95,28.35,27.95,28.25,70334.0
2026-09-16,TPEX,6274,台燿,1360.0,1460.0,1345.0,1415.0,7140413.0
2026-09-16,TPEX,6275,元山,44.55,45.1,44.55,44.85,77909.0
2026-09-16,TPEX,6276,安鈦克,19.8,19.8,19.2,19.7,16200.0
2026-09-16,TPEX,6279,胡連,110.5,112.0,110.5,111.0,189347.0
2026-09-16,TPEX,6284,佳邦,75.7,75.9,74.5,75.8,382113.0
2026-09-16,TPEX,6290,良維,253.0,269.0,253.0,264.0,2910301.0
2026-09-16,TPEX,6291,沛亨,446.0,490.5,446.0,490.5,1721330.0
2026-09-16,TPEX,6292,迅德,65.0,65.0,63.9,64.8,130563.0
2026-09-16,TPEX,6294,智基,28.2,28.6,28.2,28.6,5396.0
2026-09-16,TPEX,6411,晶焱,76.0,77.5,76.0,77.0,94137.0
2026-09-16,TPEX,6417,韋僑,100.5,104.5,100.5,101.5,845185.0
2026-09-16,TPEX,6418,詠昇,33.95,34.9,33.95,34.7,58100.0
2026-09-16,TPEX,6419,京晨科,146.0,151.5,144.0,149.5,112992.0
2026-09-16,TPEX,6423,億而得,78.7,81.0,78.7,81.0,13063.0
2026-09-16,TPEX,6425,易發,60.7,62.2,60.5,61.7,131528.0
2026-09-16,TPEX,6432,今展科,53.0,53.3,52.0,52.6,193503.0
2026-09-16,TPEX,6435,大中,238.0,245.5,236.5,243.0,315078.0
2026-09-16,TPEX,6441,廣錠,24.4,24.5,22.9,22.9,455051.0
2026-09-16,TPEX,6461,益得,24.6,24.9,24.4,24.55,30763.0
2026-09-16,TPEX,6462,神盾,96.8,98.5,96.7,98.2,156878.0
2026-09-16,TPEX,6465,威潤,41.1,41.65,41.1,41.55,75910.0
2026-09-16,TPEX,6469,大樹,64.1,64.3,63.7,63.7,534857.0
2026-09-16,TPEX,6470,宇智,43.25,43.4,43.25,43.4,39847.0
2026-09-16,TPEX,6474,華豫寧,35.2,35.3,35.0,35.3,15257.0
2026-09-16,TPEX,6482,弘煜科,24.8,25.0,24.6,24.8,11205.0
2026-09-16,TPEX,6485,點序,58.9,59.8,58.5,59.8,123157.0
2026-09-16,TPEX,6486,互動,79.9,81.1,79.9,81.1,64157.0
2026-09-16,TPEX,6488,環球晶,927.0,940.0,910.0,937.0,6717655.0
2026-09-16,TPEX,6492,生華科,33.45,33.8,33.25,33.8,94390.0
2026-09-16,TPEX,6494,九齊,49.05,50.0,49.05,49.6,78716.0
2026-09-16,TPEX,6496,科懋,24.05,24.65,24.05,24.65,14621.0
2026-09-16,TPEX,6498,久禾光,65.0,66.4,65.0,66.2,94932.0
2026-09-16,TPEX,6499,益安,70.8,73.1,70.4,73.0,219084.0
2026-09-16,TPEX,6506,雙邦,17.9,17.95,17.85,17.9,22784.0
2026-09-16,TPEX,6508,惠光,24.95,25.25,24.95,25.25,8677.0
2026-09-16,TPEX,6509,聚和,46.5,46.6,45.6,45.7,574537.0
2026-09-16,TPEX,6510,精測,3285.0,3325.0,3200.0,3230.0,697505.0
2026-09-16,TPEX,6512,啟發電,20.15,20.6,20.1,20.6,5100.0
2026-09-16,TPEX,6516,勤崴國際,56.9,56.9,55.5,56.7,56272.0
2026-09-16,TPEX,6517,保勝光學,62.3,63.9,62.1,62.8,295772.0
2026-09-16,TPEX,6523,達爾膚,89.9,90.0,89.5,89.8,11640.0
2026-09-16,TPEX,6527,明達醫,75.0,75.4,75.0,75.2,11282.0
2026-09-16,TPEX,6530,創威,90.3,97.4,90.3,96.6,1760838.0
2026-09-16,TPEX,6532,瑞耘,91.8,93.2,91.8,92.0,284138.0
2026-09-16,TPEX,6535,順藥,75.3,76.0,74.4,74.6,144274.0
2026-09-16,TPEX,6538,倉和,370.5,398.5,365.0,380.5,467511.0
2026-09-16,TPEX,6542,隆中,42.85,44.3,42.6,42.6,22050.0
2026-09-16,TPEX,6546,正基,59.4,60.5,59.4,60.2,89206.0
2026-09-16,TPEX,6547,高端疫苗,59.7,60.8,59.1,60.5,2507402.0
2026-09-16,TPEX,6548,長科*,72.3,72.4,71.3,71.6,1092278.0
2026-09-16,TPEX,6556,勝品,61.3,61.3,61.2,61.3,4020.0
2026-09-16,TPEX,6560,欣普羅,33.6,35.0,33.0,35.0,129660.0
2026-09-16,TPEX,6561,是方,308.0,313.0,306.0,313.0,40404.0
2026-09-16,TPEX,6568,宏觀,133.0,138.0,133.0,135.5,180362.0
2026-09-16,TPEX,6569,醫揚,90.2,91.2,90.1,91.2,7394.0
2026-09-16,TPEX,6570,維田,46.7,47.45,46.7,47.0,23195.0
2026-09-16,TPEX,6574,霈方,119.5,120.0,119.0,120.0,16767.0
2026-09-16,TPEX,6576,逸達,81.2,83.5,81.2,82.8,78760.0
2026-09-16,TPEX,6577,勁豐,78.9,79.7,78.9,79.7,16804.0
2026-09-16,TPEX,6578,達邦蛋白,17.0,17.0,16.85,17.0,44145.0
2026-09-16,TPEX,6584,南俊國際,539.0,558.0,533.0,555.0,262484.0
2026-09-16,TPEX,6588,東典光電,102.5,110.0,102.0,110.0,1140064.0
2026-09-16,TPEX,6590,普鴻,69.0,75.0,69.0,71.6,223840.0
2026-09-16,TPEX,6593,台灣銘板,31.4,31.6,31.25,31.6,21625.0
2026-09-16,TPEX,6596,寬宏藝術,94.1,94.5,94.0,94.5,45405.0
2026-09-16,TPEX,6597,立誠,70.1,70.1,70.1,70.1,1311.0
2026-09-16,TPEX,6603,富強鑫,25.05,25.4,24.8,25.4,765355.0
2026-09-16,TPEX,6609,瀧澤科,38.8,39.5,38.4,38.85,151766.0
2026-09-16,TPEX,6612,奈米醫材,69.7,71.0,69.0,71.0,31874.0
2026-09-16,TPEX,6613,朋億*,258.0,266.0,256.0,264.0,162029.0
2026-09-16,TPEX,6615,慧智,33.55,33.55,33.5,33.55,6217.0
2026-09-16,TPEX,6616,特昇-KY,8.27,8.4,8.21,8.39,13469.0
2026-09-16,TPEX,6617,共信-KY,127.5,138.0,126.0,138.0,1393069.0
2026-09-16,TPEX,6620,漢達,119.0,134.0,118.5,134.0,2960517.0
2026-09-16,TPEX,6624,萬年清,40.55,40.55,38.4,38.85,9020.0
2026-09-16,TPEX,6629,泰金-KY,102.5,103.0,101.5,101.5,4247.0
2026-09-16,TPEX,6637,醫影,54.0,54.5,53.9,54.0,19499.0
2026-09-16,TPEX,6640,均華,1105.0,1120.0,1095.0,1115.0,129876.0
2026-09-16,TPEX,6642,富致,75.9,75.9,75.3,75.8,30518.0
2026-09-16,TPEX,6643,M31,414.0,426.0,410.5,420.0,175775.0
2026-09-16,TPEX,6649,台生材,35.55,36.0,35.5,35.5,35001.0
2026-09-16,TPEX,6651,全宇昕,142.0,146.5,142.0,145.0,97455.0
2026-09-16,TPEX,6654,天正國際,199.0,205.0,199.0,202.0,18299.0
2026-09-16,TPEX,6661,威健生技,16.6,16.6,16.0,16.0,2000.0
2026-09-16,TPEX,6662,樂斯科,28.5,28.5,28.5,28.5,1121.0
2026-09-16,TPEX,6664,群翊,334.5,337.0,332.5,336.0,145065.0
2026-09-16,TPEX,6667,信紘科,236.5,239.0,234.0,236.5,128137.0
2026-09-16,TPEX,6679,鈺太,194.0,197.5,194.0,197.5,71736.0
2026-09-16,TPEX,6680,鑫創電子,53.9,53.9,53.9,53.9,1145.0
2026-09-16,TPEX,6683,雍智科技,1450.0,1595.0,1420.0,1595.0,2242924.0
2026-09-16,TPEX,6684,安格,45.3,47.7,45.3,46.85,132872.0
2026-09-16,TPEX,6690,安碁資訊,184.5,187.0,179.0,181.0,764700.0
2026-09-16,TPEX,6692,進能服,23.45,23.5,23.0,23.1,6079.0
2026-09-16,TPEX,6693,廣閎科,173.5,189.0,173.0,184.0,1512713.0
2026-09-16,TPEX,6697,東捷資訊,41.1,41.4,41.05,41.05,13251.0
2026-09-16,TPEX,6703,軒郁,100.5,101.0,99.6,101.0,18765.0
2026-09-16,TPEX,6708,天擎,38.1,38.1,37.1,37.1,11151.0
2026-09-16,TPEX,6712,長聖,157.5,158.0,156.5,157.5,113693.0
2026-09-16,TPEX,6716,應廣,115.5,120.0,115.5,118.5,318707.0
2026-09-16,TPEX,6720,久昌,129.5,129.5,129.5,129.5,2002.0
2026-09-16,TPEX,6721,信實,49.4,51.1,49.35,51.1,7119.0
2026-09-16,TPEX,6725,矽科宏晟,206.0,210.0,206.0,207.5,29286.0
2026-09-16,TPEX,6727,亞泰金屬,472.0,487.0,472.0,477.0,598675.0
2026-09-16,TPEX,6728,上洋,107.0,107.0,106.0,107.0,12195.0
2026-09-16,TPEX,6730,常廣,,,,,0.0
2026-09-16,TPEX,6732,昇佳電子,146.0,147.0,145.5,146.5,36415.0
2026-09-16,TPEX,6733,博晟生醫,25.1,25.95,25.1,25.55,15531.0
2026-09-16,TPEX,6735,美達科技,59.9,62.3,59.9,61.3,47941.0
2026-09-16,TPEX,6739,竹陞科技,1065.0,1085.0,1050.0,1050.0,262219.0
2026-09-16,TPEX,6741,91APP*-KY,58.9,59.0,58.6,58.8,105298.0
2026-09-16,TPEX,6751,智聯服務,41.5,42.0,41.45,42.0,10011.0
2026-09-16,TPEX,6752,叡揚,101.0,104.5,96.6,96.6,120599.0
2026-09-16,TPEX,6761,穩得,162.0,164.0,162.0,163.5,52922.0
2026-09-16,TPEX,6762,達亞,,,,,292.0
2026-09-16,TPEX,6763,綠界科技*,41.15,41.3,40.9,41.0,77811.0
2026-09-16,TPEX,6767,台微醫,24.3,24.65,24.3,24.65,5016.0
2026-09-16,TPEX,6785,昱展新藥,95.0,95.4,94.2,94.6,16833.0
2026-09-16,TPEX,6788,華景電,320.0,328.0,320.0,326.5,84316.0
2026-09-16,TPEX,6791,虎門科技,99.5,100.0,99.5,99.7,14147.0
2026-09-16,TPEX,6803,崑鼎,269.0,269.0,268.0,269.0,17084.0
2026-09-16,TPEX,6804,明係,18.35,18.45,18.1,18.4,51000.0
2026-09-16,TPEX,6811,宏碁資訊,246.0,254.5,245.0,246.0,728780.0
2026-09-16,TPEX,6821,聯寶,40.95,41.5,40.5,41.0,52151.0
2026-09-16,TPEX,6823,濾能,58.0,60.3,58.0,59.7,54333.0
2026-09-16,TPEX,6829,千附精密,204.0,213.0,204.0,212.5,634810.0
2026-09-16,TPEX,6840,東研信超,90.3,92.7,90.2,92.7,226980.0
2026-09-16,TPEX,6841,長佳智能,52.8,53.0,52.4,52.8,77569.0
2026-09-16,TPEX,6843,進典,39.7,39.7,38.5,39.35,4200.0
2026-09-16,TPEX,6844,諾貝兒,58.0,58.1,57.6,58.1,18327.0
2026-09-16,TPEX,6846,綠茵,59.0,59.0,58.5,58.5,2230.0
2026-09-16,TPEX,6855,數泓科,,,,,556.0
2026-09-16,TPEX,6856,鑫傳,41.0,41.35,40.8,41.3,7374.0
2026-09-16,TPEX,6859,伯特光,117.5,124.0,117.5,123.0,112499.0
2026-09-16,TPEX,6865,偉康科技,26.7,27.1,26.1,26.95,33137.0
2026-09-16,TPEX,6870,騰雲,326.5,330.0,301.0,316.0,470706.0
2026-09-16,TPEX,6872,浩宇生醫,22.9,23.65,22.5,23.1,270092.0
2026-09-16,TPEX,6874,倍力,70.0,70.8,68.8,69.4,26140.0
2026-09-16,TPEX,6875,國邑*,32.25,33.0,32.0,32.75,147048.0
2026-09-16,TPEX,6877,鏵友益,106.5,115.5,106.5,113.0,62055.0
2026-09-16,TPEX,6881,潤德,211.0,212.5,211.0,212.0,4057.0
2026-09-16,TPEX,6884,海柏特,30.65,30.65,30.65,30.65,1130.0
2026-09-16,TPEX,6894,衛司特,354.0,355.5,352.0,353.0,20918.0
2026-09-16,TPEX,6895,宏碩系統,146.5,146.5,143.0,144.0,40694.0
2026-09-16,TPEX,6899,創為精密,50.0,50.0,49.55,49.55,2040.0
2026-09-16,TPEX,6903,巨漢,293.0,298.0,293.0,296.5,63000.0
2026-09-16,TPEX,6904,伯鑫,,,,,151.0
2026-09-16,TPEX,6907,雅特力-KY,176.5,182.0,176.5,181.5,502927.0
2026-09-16,TPEX,6910,德鴻,25.45,25.45,24.85,25.1,8099.0
2026-09-16,TPEX,6913,鴻呈,126.0,127.0,125.0,126.5,157474.0
2026-09-16,TPEX,6922,宸曜,182.5,186.0,182.5,184.5,31128.0
2026-09-16,TPEX,6925,意藍,58.4,60.2,56.9,57.8,569723.0
2026-09-16,TPEX,6929,佑全,21.25,21.75,21.25,21.35,6077.0
2026-09-16,TPEX,6945,圓祥生技,114.5,120.0,110.5,120.0,706914.0
2026-09-16,TPEX,6953,家碩,224.5,230.0,224.5,229.0,15452.0
2026-09-16,TPEX,6961,旅天下,48.55,48.55,48.55,48.55,7234.0
2026-09-16,TPEX,6967,汎瑋材料,65.8,65.8,64.8,65.0,81613.0
2026-09-16,TPEX,6968,萬達寵物,41.55,41.65,41.3,41.5,52323.0
2026-09-16,TPEX,6971,惠民實業,24.5,24.6,24.5,24.5,20100.0
2026-09-16,TPEX,6982,大井泵浦,44.0,44.35,43.55,44.0,16001.0
2026-09-16,TPEX,6983,華洋精機,349.5,356.5,349.5,351.5,36596.0
2026-09-16,TPEX,6986,和迅,40.3,40.5,40.05,40.5,44000.0
2026-09-16,TPEX,6996,力領科技,166.5,170.5,166.5,169.0,26015.0
2026-09-16,TPEX,6997,博弘,66.7,67.0,66.7,67.0,2100.0
2026-09-16,TPEX,7402,邑錡,99.0,100.0,98.6,100.0,140883.0
2026-09-16,TPEX,7547,碩網,50.9,50.9,49.8,50.2,29293.0
2026-09-16,TPEX,7556,意德士,243.5,245.0,238.5,243.5,15734.0
2026-09-16,TPEX,7584,樂意,27.15,27.2,27.15,27.2,2000.0
2026-09-16,TPEX,7642,昶瑞機電,71.0,71.0,68.0,69.0,39442.0
2026-09-16,TPEX,7703,銳澤,199.0,201.0,197.0,198.0,29994.0
2026-09-16,TPEX,7704,明遠精密,61.0,61.5,60.5,60.5,34639.0
2026-09-16,TPEX,7708,全家餐飲,91.5,92.0,91.5,92.0,2215.0
2026-09-16,TPEX,7709,榮田,81.0,83.0,80.5,81.8,79918.0
2026-09-16,TPEX,7712,博盛半導體,151.0,156.5,150.5,154.0,212982.0
2026-09-16,TPEX,7713,威力德生醫,,,,,0.0
2026-09-16,TPEX,7714,創泓科技,183.0,184.0,178.0,181.5,343974.0
2026-09-16,TPEX,7715,裕山,28.25,28.25,27.45,28.1,18000.0
2026-09-16,TPEX,7716,昱臺國際,23.1,23.3,23.1,23.3,6000.0
2026-09-16,TPEX,7717,萊德光電-KY,500.0,527.0,492.0,527.0,950123.0
2026-09-16,TPEX,7718,友鋮,46.1,46.1,46.0,46.0,11000.0
2026-09-16,TPEX,7723,築間,18.8,18.8,18.5,18.75,35874.0
2026-09-16,TPEX,7728,光焱科技,643.0,647.0,629.0,635.0,30745.0
2026-09-16,TPEX,7734,印能科技,2550.0,2585.0,2490.0,2490.0,164474.0
2026-09-16,TPEX,7738,東聯互動,163.0,165.5,156.5,158.5,76816.0
2026-09-16,TPEX,7743,金利食安,22.9,23.7,22.9,23.7,70281.0
2026-09-16,TPEX,7744,崴寶,488.0,497.0,488.0,490.0,30509.0
2026-09-16,TPEX,7747,昕奇雲端,114.0,114.0,112.5,112.5,3143.0
2026-09-16,TPEX,7751,竑騰,1390.0,1415.0,1365.0,1400.0,148169.0
2026-09-16,TPEX,7753,星亞,35.75,35.75,35.75,35.75,2107.0
2026-09-16,TPEX,7757,金色三麥,87.0,88.7,87.0,88.4,11475.0
2026-09-16,TPEX,7767,仁大資訊,46.85,46.85,45.65,46.15,27020.0
2026-09-16,TPEX,7770,君曜,36.95,37.6,36.95,37.6,20025.0
2026-09-16,TPEX,7772,耀穎,135.0,135.0,129.5,133.0,109535.0
2026-09-16,TPEX,7777,能率亞洲,35.5,37.0,35.4,36.85,697485.0
2026-09-16,TPEX,7782,光速火箭,25.7,25.7,25.65,25.65,16000.0
2026-09-16,TPEX,7792,安葆,311.0,316.0,305.5,312.0,206810.0
2026-09-16,TPEX,7794,宏碁智新,31.5,31.5,30.8,31.0,32461.0
2026-09-16,TPEX,7805,威聯通,495.0,504.0,495.0,500.0,23227.0
2026-09-16,TPEX,7810,捷創科技,211.0,218.5,211.0,216.5,46491.0
2026-09-16,TPEX,7811,民盛,72.5,72.5,72.5,72.5,3002.0
2026-09-16,TPEX,7814,海昌生技,28.25,28.85,28.25,28.5,5210.0
2026-09-16,TPEX,7819,精誠金融,34.8,34.8,34.3,34.35,12398.0
2026-09-16,TPEX,7820,立盈,107.0,108.0,105.0,108.0,7015.0
2026-09-16,TPEX,7825,和亞智慧,78.7,88.4,78.1,88.0,708392.0
2026-09-16,TPEX,7828,創新服務,1860.0,2020.0,1855.0,2005.0,284932.0
2026-09-16,TPEX,7839,達人網,43.9,44.3,43.7,43.8,6000.0
2026-09-16,TPEX,7842,天能綠電,99.1,99.1,99.1,99.1,1015.0
2026-09-16,TPEX,8024,佑華,13.1,13.1,12.65,12.95,50506.0
2026-09-16,TPEX,8027,鈦昇,165.0,174.0,165.0,174.0,2002157.0
2026-09-16,TPEX,8032,光菱,34.9,35.2,34.45,34.6,43278.0
2026-09-16,TPEX,8034,榮群,19.8,19.95,19.6,19.75,49375.0
2026-09-16,TPEX,8038,長園科,32.05,32.7,31.5,32.05,584473.0
2026-09-16,TPEX,8040,九暘,77.8,79.9,77.8,78.2,603099.0
2026-09-16,TPEX,8042,金山電,111.5,114.0,110.5,114.0,2015843.0
2026-09-16,TPEX,8043,蜜望實,130.0,132.5,129.0,132.0,894095.0
2026-09-16,TPEX,8044,網家,23.6,23.9,23.5,23.75,127377.0
2026-09-16,TPEX,8047,星雲,,,,,0.0
2026-09-16,TPEX,8048,德勝,48.6,49.2,48.5,49.0,41686.0
2026-09-16,TPEX,8049,晶采,24.65,24.65,24.45,24.45,96778.0
2026-09-16,TPEX,8050,廣積,57.1,57.7,57.1,57.5,653099.0
2026-09-16,TPEX,8054,安國,81.5,82.3,80.9,82.0,300257.0
2026-09-16,TPEX,8064,東捷,109.0,118.5,109.0,118.5,5608560.0
2026-09-16,TPEX,8066,來思達,14.85,15.4,14.85,15.2,27157.0
2026-09-16,TPEX,8067,志旭,11.9,12.25,11.8,12.0,22726.0
2026-09-16,TPEX,8068,全達,15.95,15.95,15.5,15.75,182237.0
2026-09-16,TPEX,8069,元太,147.0,149.0,146.5,148.0,3920841.0
2026-09-16,TPEX,8071,能率網通,20.9,21.35,20.9,21.15,171624.0
2026-09-16,TPEX,8074,鉅橡,50.1,50.5,49.2,50.3,255118.0
2026-09-16,TPEX,8076,伍豐,21.05,21.3,21.05,21.2,354312.0
2026-09-16,TPEX,8077,洛碁,43.8,43.85,43.8,43.85,2110.0
2026-09-16,TPEX,8080,泰霖,28.8,29.05,28.0,29.0,16005.0
2026-09-16,TPEX,8083,瑞穎,157.0,157.0,155.5,156.0,35812.0
2026-09-16,TPEX,8084,巨虹,41.7,41.85,40.7,41.45,334435.0
2026-09-16,TPEX,8085,福華,14.0,14.55,14.0,14.3,159948.0
2026-09-16,TPEX,8086,宏捷科,107.5,108.0,106.0,107.5,1896832.0
2026-09-16,TPEX,8087,麗升能源,24.8,24.8,24.8,24.8,4556.0
2026-09-16,TPEX,8088,品安,41.15,42.05,41.15,41.8,326661.0
2026-09-16,TPEX,8089,康全電訊,18.2,18.25,17.75,18.1,180053.0
2026-09-16,TPEX,8091,翔名,206.0,216.0,206.0,211.0,494692.0
2026-09-16,TPEX,8092,建暐,13.0,13.0,12.65,12.75,17005.0
2026-09-16,TPEX,8093,保銳,24.05,26.85,24.05,25.3,55441.0
2026-09-16,TPEX,8096,擎亞,86.1,90.4,85.6,89.8,3522015.0
2026-09-16,TPEX,8097,常珵,48.3,48.45,47.7,48.25,85057.0
2026-09-16,TPEX,8099,大世科,59.9,59.9,58.4,59.0,31424.0
2026-09-16,TPEX,8102,傑霖科技,60.5,62.6,60.5,62.6,3050.0
2026-09-16,TPEX,8107,大億金茂,12.2,12.2,12.1,12.2,29683.0
2026-09-16,TPEX,8109,博大,126.5,131.0,126.5,130.0,210096.0
2026-09-16,TPEX,8111,立碁,68.5,74.2,68.5,72.8,12583273.0
2026-09-16,TPEX,8121,越峰,26.55,27.0,26.0,26.8,359705.0
2026-09-16,TPEX,8147,正淩,129.5,132.0,129.5,130.5,45541.0
2026-09-16,TPEX,8155,博智,315.0,322.5,313.0,322.5,262308.0
2026-09-16,TPEX,8171,天宇,19.8,20.0,19.8,19.9,72840.0
2026-09-16,TPEX,8176,智捷,9.91,9.95,9.82,9.83,63466.0
2026-09-16,TPEX,8182,加高,38.6,39.3,38.25,38.75,335624.0
2026-09-16,TPEX,8183,精星,27.55,28.3,27.55,28.0,159558.0
2026-09-16,TPEX,8227,巨有科技,250.5,274.0,248.0,272.0,2751086.0
2026-09-16,TPEX,8234,新漢,61.7,62.5,61.6,61.9,236311.0
2026-09-16,TPEX,8240,華宏,49.0,50.1,49.0,49.35,362283.0
2026-09-16,TPEX,8255,朋程,134.0,136.0,133.5,136.0,205552.0
2026-09-16,TPEX,8272,全景軟體,65.0,67.0,65.0,65.0,18386.0
2026-09-16,TPEX,8279,生展,79.4,79.4,78.6,79.2,3057.0
2026-09-16,TPEX,8284,三竹,69.5,69.5,68.9,68.9,13264.0
2026-09-16,TPEX,8289,泰藝,43.0,43.1,42.05,42.3,293307.0
2026-09-16,TPEX,8291,尚茂,28.55,29.85,28.55,29.8,27714.0
2026-09-16,TPEX,8299,群聯,1930.0,1985.0,1910.0,1985.0,3048423.0
2026-09-16,TPEX,8342,益張,83.1,83.4,81.0,82.0,13092.0
2026-09-16,TPEX,8349,恒耀,37.6,38.2,37.5,38.1,66024.0
2026-09-16,TPEX,8354,冠好,16.85,16.85,16.65,16.85,22720.0
2026-09-16,TPEX,8358,金居,495.5,510.0,482.5,510.0,20297030.0
2026-09-16,TPEX,8383,千附,63.4,65.8,63.4,65.5,824752.0
2026-09-16,TPEX,8390,金益鼎,91.5,92.8,91.1,92.3,210557.0
2026-09-16,TPEX,8401,白紗科,22.7,22.7,22.7,22.7,1924.0
2026-09-16,TPEX,8403,盛弘,18.85,18.95,18.8,18.95,24326.0
2026-09-16,TPEX,8409,商之器,18.05,18.05,18.05,18.05,2007.0
2026-09-16,TPEX,8410,森田,29.05,29.4,28.9,29.4,6254.0
2026-09-16,TPEX,8415,大國鋼,34.6,34.9,34.6,34.65,726260.0
2026-09-16,TPEX,8416,實威,169.5,169.5,169.5,169.5,1049.0
2026-09-16,TPEX,8421,旭源,12.95,13.05,12.85,12.85,176863.0
2026-09-16,TPEX,8423,保綠-KY,18.0,18.0,17.7,17.9,9906.0
2026-09-16,TPEX,8424,惠普,69.0,69.1,69.0,69.0,7230.0
2026-09-16,TPEX,8426,紅木-KY,20.4,20.65,20.4,20.65,6270.0
2026-09-16,TPEX,8431,匯鑽科,60.1,65.8,60.0,65.0,3883950.0
2026-09-16,TPEX,8432,東生華,49.9,50.4,49.85,50.1,9020.0
2026-09-16,TPEX,8433,弘帆,53.2,53.3,52.9,53.3,16083.0
2026-09-16,TPEX,8435,鉅邁,53.0,53.2,52.9,52.9,23577.0
2026-09-16,TPEX,8436,大江,105.0,105.5,102.5,103.5,1765160.0
2026-09-16,TPEX,8437,大地-KY,8.8,9.0,8.8,9.0,11892.0
2026-09-16,TPEX,8440,綠電,20.0,20.0,19.6,19.8,47667.0
2026-09-16,TPEX,8444,綠河-KY,4.6,4.6,4.6,4.6,6000.0
2026-09-16,TPEX,8446,華研,85.0,85.0,84.7,85.0,28859.0
2026-09-16,TPEX,8450,霹靂,14.25,14.4,14.0,14.05,29639.0
2026-09-16,TPEX,8455,大拓-KY,24.2,24.2,23.95,23.95,3060.0
2026-09-16,TPEX,8472,納維康,77.4,81.7,77.4,78.9,44107.0
2026-09-16,TPEX,8477,創業家,15.15,15.15,15.15,15.15,1017.0
2026-09-16,TPEX,8489,三貝德,21.55,21.65,21.5,21.65,25055.0
2026-09-16,TPEX,8905,裕國,34.3,34.75,34.3,34.75,9969.0
2026-09-16,TPEX,8906,花王,28.8,29.35,28.25,28.9,13000.0
2026-09-16,TPEX,8908,欣雄,40.05,40.5,39.85,40.05,44546.0
2026-09-16,TPEX,8916,光隆,40.9,41.0,40.75,40.75,42794.0
2026-09-16,TPEX,8917,欣泰,54.0,54.0,52.6,52.6,11010.0
2026-09-16,TPEX,8921,沈氏,16.5,16.5,16.5,16.5,1000.0
2026-09-16,TPEX,8923,時報,,,,,32.0
2026-09-16,TPEX,8924,大田,49.9,49.9,49.4,49.9,107360.0
2026-09-16,TPEX,8927,北基,19.0,19.0,18.7,18.7,65206.0
2026-09-16,TPEX,8928,鉅明,23.3,23.35,22.95,22.95,6010.0
2026-09-16,TPEX,8929,富堡,12.95,13.0,12.95,13.0,6829.0
2026-09-16,TPEX,8930,青鋼,29.0,29.0,28.45,28.85,42201.0
2026-09-16,TPEX,8931,大汽電,43.0,43.35,42.9,43.0,161206.0
2026-09-16,TPEX,8932,智通*,86.2,90.7,85.9,89.3,2314062.0
2026-09-16,TPEX,8933,愛地雅,4.43,4.59,4.43,4.54,16354.0
2026-09-16,TPEX,8935,邦泰,17.5,17.6,16.5,17.6,211594.0
2026-09-16,TPEX,8936,國統,51.4,51.9,51.2,51.7,849271.0
2026-09-16,TPEX,8937,合騏*,28.0,29.4,27.5,29.0,77115.0
2026-09-16,TPEX,8938,明安,52.6,52.6,51.8,52.4,39050.0
2026-09-16,TPEX,8941,關中,43.55,44.95,43.55,44.55,7181.0
2026-09-16,TPEX,8942,森鉅,41.0,41.35,40.9,41.15,124771.0
2026-09-16,TPEX,9949,琉園,23.95,24.1,23.95,24.05,7367.0
2026-09-16,TPEX,9950,萬國通,10.2,10.3,10.2,10.3,12031.0
2026-09-16,TPEX,9951,皇田,48.6,48.6,47.95,48.0,166578.0
2026-09-16,TPEX,9960,邁達康,30.65,30.8,30.6,30.8,5047.0
2026-09-16,TPEX,9962,有益,10.0,10.0,10.0,10.0,9007.0
