date,market,stock_id,name,open,high,low,close,volume
2026-09-30,TWSE,1101,台泥,25.4,25.6,25.05,25.3,31598983.0
2026-09-30,TWSE,1102,亞泥,35.5,35.65,34.9,35.3,9645067.0
2026-09-30,TWSE,1103,嘉泥,13.05,13.1,13.0,13.0,249926.0
2026-09-30,TWSE,1104,環泥,26.65,26.7,26.55,26.55,447642.0
2026-09-30,TWSE,1108,幸福,11.05,11.15,11.0,11.0,188302.0
2026-09-30,TWSE,1109,信大,13.3,13.4,13.3,13.3,95288.0
2026-09-30,TWSE,1110,東泥,14.75,14.9,14.35,14.35,1203041.0
2026-09-30,TWSE,1201,味全,11.65,11.65,11.5,11.5,839007.0
2026-09-30,TWSE,1203,味王,43.35,43.8,42.15,43.3,31195.0
2026-09-30,TWSE,1210,大成,51.8,52.0,51.6,51.6,901163.0
2026-09-30,TWSE,1213,大飲,7.11,7.29,6.9,7.29,45218.0
2026-09-30,TWSE,1215,卜蜂,105.5,106.0,104.5,105.5,438883.0
2026-09-30,TWSE,1216,統一,74.9,74.9,73.9,73.9,6515894.0
2026-09-30,TWSE,1217,愛之味,9.95,9.95,9.89,9.9,615207.0
2026-09-30,TWSE,1218,泰山,14.4,14.45,14.35,14.45,321550.0
2026-09-30,TWSE,1219,福壽,11.45,11.5,11.25,11.35,207054.0
2026-09-30,TWSE,1220,台榮,10.8,10.85,10.75,10.75,70951.0
2026-09-30,TWSE,1225,福懋油,24.45,24.5,24.4,24.4,28996.0
2026-09-30,TWSE,1227,佳格,28.15,28.2,27.95,28.0,1445323.0
2026-09-30,TWSE,1229,聯華,40.1,40.2,39.5,39.55,3074216.0
2026-09-30,TWSE,1231,聯華食,79.6,80.0,79.6,79.6,141891.0
2026-09-30,TWSE,1232,大統益,154.0,154.5,154.0,154.0,52006.0
2026-09-30,TWSE,1233,天仁,28.1,28.1,27.6,27.6,13323.0
2026-09-30,TWSE,1234,黑松,33.05,33.2,32.9,32.9,131420.0
2026-09-30,TWSE,1235,興泰,35.4,35.5,32.85,32.85,89039.0
2026-09-30,TWSE,1236,宏亞,25.5,25.5,25.25,25.35,21234.0
2026-09-30,TWSE,1256,鮮活果汁-KY,168.5,170.0,167.5,168.5,30384.0
2026-09-30,TWSE,1301,台塑,65.0,67.7,64.6,64.6,34908356.0
2026-09-30,TWSE,1303,南亞,236.0,248.0,235.5,247.0,79311489.0
2026-09-30,TWSE,1304,台聚,12.5,12.9,12.25,12.3,2772924.0
2026-09-30,TWSE,1305,華夏,12.2,12.45,12.05,12.1,1147533.0
2026-09-30,TWSE,1307,三芳,30.9,31.35,30.85,30.85,666273.0
2026-09-30,TWSE,1308,亞聚,14.3,14.75,14.05,14.1,1556217.0
2026-09-30,TWSE,1309,台達化,13.8,14.25,13.65,13.65,1682322.0
2026-09-30,TWSE,1310,台苯,8.89,9.15,8.88,8.9,2438328.0
2026-09-30,TWSE,1312,國喬,14.55,15.2,14.4,14.45,11424741.0
2026-09-30,TWSE,1313,聯成,12.15,12.5,12.05,12.05,1943110.0
2026-09-30,TWSE,1314,中石化,8.89,9.1,8.72,8.74,47669196.0
2026-09-30,TWSE,1315,達新,68.2,68.8,68.1,68.1,35564.0
2026-09-30,TWSE,1316,上曜,10.45,10.55,10.45,10.45,699804.0
2026-09-30,TWSE,1319,東陽,78.5,78.6,77.8,77.8,1284003.0
2026-09-30,TWSE,1321,大洋,32.4,32.4,32.05,32.35,114000.0
2026-09-30,TWSE,1323,永裕,21.4,21.6,21.2,21.2,49535.0
2026-09-30,TWSE,1324,地球,10.15,10.15,9.98,9.98,24229.0
2026-09-30,TWSE,1325,恆大,25.7,25.85,25.5,25.55,132148.0
2026-09-30,TWSE,1326,台化,67.1,71.4,67.1,67.5,25578827.0
2026-09-30,TWSE,1337,再生-KY,4.45,4.46,4.42,4.43,94840.0
2026-09-30,TWSE,1338,廣華-KY,14.7,14.8,14.5,14.75,52801.0
2026-09-30,TWSE,1339,昭輝,42.5,42.5,41.85,42.3,80100.0
2026-09-30,TWSE,1340,勝悅-KY,5.21,5.25,5.21,5.21,113889.0
2026-09-30,TWSE,1341,富林-KY,,,,,15.0
2026-09-30,TWSE,1342,八貫,100.0,101.0,100.0,101.0,72695.0
2026-09-30,TWSE,1402,遠東新,28.15,28.25,27.7,27.75,5992054.0
2026-09-30,TWSE,1409,新纖,24.4,24.75,24.2,24.35,5902385.0
2026-09-30,TWSE,1410,南染,24.1,24.25,24.0,24.1,35201.0
2026-09-30,TWSE,1413,宏洲,9.19,9.45,9.07,9.08,56815.0
2026-09-30,TWSE,1414,東和,17.45,17.6,17.3,17.5,109892.0
2026-09-30,TWSE,1416,廣豐,11.45,11.55,11.3,11.35,249389.0
2026-09-30,TWSE,1417,嘉裕,8.11,8.11,8.04,8.04,199029.0
2026-09-30,TWSE,1418,東華,18.3,18.8,18.3,18.3,25023.0
2026-09-30,TWSE,1419,新紡,66.3,66.3,65.5,65.6,56925.0
2026-09-30,TWSE,1423,利華,34.55,35.5,34.35,34.35,6436.0
2026-09-30,TWSE,1432,大魯閣,15.05,15.05,14.95,14.95,80105.0
2026-09-30,TWSE,1434,福懋,17.95,18.3,17.9,18.0,1341588.0
2026-09-30,TWSE,1435,中福,22.3,22.3,21.55,21.75,6479.0
2026-09-30,TWSE,1436,華友聯,36.5,36.5,35.5,35.5,169161.0
2026-09-30,TWSE,1437,勤益控,31.85,32.1,31.55,31.85,71000.0
2026-09-30,TWSE,1438,三地開發,21.9,21.9,21.15,21.15,80755.0
2026-09-30,TWSE,1439,雋揚,28.2,28.2,28.15,28.15,5026.0
2026-09-30,TWSE,1440,南紡,13.5,13.65,13.25,13.3,2972551.0
2026-09-30,TWSE,1441,大東,9.58,10.15,9.58,10.15,101129.0
2026-09-30,TWSE,1442,名軒,27.7,27.9,26.85,26.9,645434.0
2026-09-30,TWSE,1443,立益物流,23.05,23.05,23.0,23.0,8001.0
2026-09-30,TWSE,1444,力麗,6.86,6.99,6.86,6.94,1187457.0
2026-09-30,TWSE,1445,大宇,10.05,10.15,10.0,10.0,49254.0
2026-09-30,TWSE,1446,宏和,13.45,13.5,13.35,13.35,157652.0
2026-09-30,TWSE,1447,力鵬,6.39,6.65,6.39,6.5,1370015.0
2026-09-30,TWSE,1449,佳和,12.45,12.45,12.25,12.35,200913.0
2026-09-30,TWSE,1451,年興,17.05,17.05,16.9,16.9,117464.0
2026-09-30,TWSE,1452,宏益,10.75,10.8,10.7,10.7,52416.0
2026-09-30,TWSE,1453,大將,10.85,10.85,10.8,10.8,12794.0
2026-09-30,TWSE,1454,台富,12.25,12.3,12.15,12.15,30096.0
2026-09-30,TWSE,1455,集盛,9.69,9.76,9.66,9.68,520420.0
2026-09-30,TWSE,1456,怡華,14.8,14.8,14.3,14.6,95229.0
2026-09-30,TWSE,1457,宜進,14.35,14.45,14.3,14.3,75983.0
2026-09-30,TWSE,1459,聯發,15.95,16.15,15.9,16.0,98990.0
2026-09-30,TWSE,1460,宏遠,6.39,6.39,6.24,6.24,144069.0
2026-09-30,TWSE,1463,強盛新,17.6,17.6,17.45,17.55,40209.0
2026-09-30,TWSE,1464,得力,9.98,9.99,9.93,9.94,445668.0
2026-09-30,TWSE,1465,偉全,11.65,11.65,11.45,11.55,73543.0
2026-09-30,TWSE,1466,聚隆,14.8,14.9,14.3,14.85,188257.0
2026-09-30,TWSE,1467,南緯,8.02,8.16,8.02,8.03,65726.0
2026-09-30,TWSE,1468,昶和,13.05,13.2,12.85,13.15,59000.0
2026-09-30,TWSE,1470,大統新創,23.5,23.5,23.45,23.45,5025.0
2026-09-30,TWSE,1471,首利,9.36,9.4,9.23,9.3,134939.0
2026-09-30,TWSE,1472,三洋實業,88.5,88.6,88.1,88.1,25130.0
2026-09-30,TWSE,1473,台南,19.5,19.55,19.3,19.3,30004.0
2026-09-30,TWSE,1474,弘裕,10.0,10.05,9.95,10.05,65447.0
2026-09-30,TWSE,1475,業旺,25.85,26.2,25.8,25.8,25142.0
2026-09-30,TWSE,1476,儒鴻,275.5,278.0,273.0,273.0,1313965.0
2026-09-30,TWSE,1477,聚陽,190.5,192.5,190.0,190.0,518380.0
2026-09-30,TWSE,1503,士電,194.5,197.0,194.0,194.0,803599.0
2026-09-30,TWSE,1504,東元,68.5,69.3,68.5,68.5,3285032.0
2026-09-30,TWSE,1506,正道,9.69,9.69,9.56,9.57,264142.0
2026-09-30,TWSE,1512,瑞利,6.18,6.18,6.05,6.12,31876.0
2026-09-30,TWSE,1513,中興電,166.0,168.5,165.0,167.0,1788378.0
2026-09-30,TWSE,1514,亞力,101.5,103.5,101.5,102.0,1216690.0
2026-09-30,TWSE,1515,力山,29.45,29.5,29.15,29.3,332858.0
2026-09-30,TWSE,1516,川飛,13.15,13.5,13.15,13.5,27899.0
2026-09-30,TWSE,1517,利奇,10.3,10.5,10.3,10.35,128242.0
2026-09-30,TWSE,1519,華城,718.0,720.0,688.0,688.0,1241444.0
2026-09-30,TWSE,1521,大億,26.85,26.85,25.55,25.55,23333.0
2026-09-30,TWSE,1522,堤維西,26.75,26.8,26.5,26.55,346508.0
2026-09-30,TWSE,1524,耿鼎,25.9,26.2,25.8,25.85,146061.0
2026-09-30,TWSE,1525,江申,63.9,63.9,63.6,63.7,19739.0
2026-09-30,TWSE,1526,日馳,14.8,14.85,14.5,14.55,41781.0
2026-09-30,TWSE,1527,鑽全,32.65,33.1,32.55,32.6,280870.0
2026-09-30,TWSE,1528,恩德,24.85,25.8,24.75,25.5,3744186.0
2026-09-30,TWSE,1529,樂事綠能,15.45,15.7,15.35,15.45,409818.0
2026-09-30,TWSE,1530,亞崴,26.65,26.65,26.45,26.45,22949.0
2026-09-30,TWSE,1531,高林股,11.65,11.75,11.6,11.6,59839.0
2026-09-30,TWSE,1532,勤美,22.35,22.4,22.1,22.1,344891.0
2026-09-30,TWSE,1533,車王電,30.3,30.55,30.3,30.4,50241.0
2026-09-30,TWSE,1535,中宇,45.25,45.55,45.1,45.55,20045.0
2026-09-30,TWSE,1536,和大,47.0,47.2,46.55,46.55,478397.0
2026-09-30,TWSE,1537,廣隆,114.5,115.5,114.5,115.5,71880.0
2026-09-30,TWSE,1538,正峰,,,,,126.0
2026-09-30,TWSE,1539,巨庭,15.5,15.5,15.45,15.45,27659.0
2026-09-30,TWSE,1540,喬福,19.5,19.6,19.35,19.35,90124.0
2026-09-30,TWSE,1541,錩泰,20.95,21.0,20.95,21.0,8000.0
2026-09-30,TWSE,1558,伸興,111.5,114.0,111.5,114.0,171197.0
2026-09-30,TWSE,1560,中砂,960.0,977.0,955.0,956.0,1083052.0
2026-09-30,TWSE,1563,巧新,74.5,78.5,74.5,76.1,615079.0
2026-09-30,TWSE,1568,倉佑,30.5,32.85,30.5,32.4,688490.0
2026-09-30,TWSE,1582,信錦,70.0,70.5,69.5,70.1,281706.0
2026-09-30,TWSE,1583,程泰,46.95,46.95,46.95,46.95,12038.0
2026-09-30,TWSE,1587,吉茂,23.75,24.25,23.75,23.85,140304.0
2026-09-30,TWSE,1590,亞德客-KY,1135.0,1250.0,1135.0,1210.0,943554.0
2026-09-30,TWSE,1597,直得,133.5,146.5,133.5,146.5,2569668.0
2026-09-30,TWSE,1598,岱宇,20.4,20.65,20.25,20.3,163357.0
2026-09-30,TWSE,1603,華電,29.9,30.35,29.2,30.05,155153.0
2026-09-30,TWSE,1604,聲寶,23.45,23.45,23.3,23.3,166022.0
2026-09-30,TWSE,1605,華新,36.75,36.95,36.25,36.35,9511965.0
2026-09-30,TWSE,1608,華榮,35.8,36.0,35.2,35.2,1543165.0
2026-09-30,TWSE,1609,大亞,38.0,38.55,37.75,38.5,4993226.0
2026-09-30,TWSE,1611,中電,11.35,11.4,11.3,11.35,415734.0
2026-09-30,TWSE,1612,宏泰,35.1,35.4,35.1,35.35,535101.0
2026-09-30,TWSE,1614,三洋電,31.15,31.15,31.0,31.05,116382.0
2026-09-30,TWSE,1615,大山,43.0,43.35,42.6,42.6,92718.0
2026-09-30,TWSE,1616,億泰,18.3,18.5,18.15,18.3,105222.0
2026-09-30,TWSE,1617,榮星,21.0,21.9,20.95,21.9,1391792.0
2026-09-30,TWSE,1618,合機,38.8,38.8,38.3,38.35,241741.0
2026-09-30,TWSE,1623,大東電,199.0,199.0,197.5,198.0,27900.0
2026-09-30,TWSE,1626,艾美特-KY,9.58,9.84,9.58,9.6,60103.0
2026-09-30,TWSE,1702,南僑,33.0,33.1,32.95,32.95,134137.0
2026-09-30,TWSE,1707,葡萄王,87.0,87.1,85.9,85.9,427733.0
2026-09-30,TWSE,1708,東鹼,52.5,53.4,51.7,52.0,4663111.0
2026-09-30,TWSE,1709,和益,43.5,44.95,43.2,44.0,27159406.0
2026-09-30,TWSE,1710,東聯,16.4,16.9,16.35,16.55,3644785.0
2026-09-30,TWSE,1711,永光,38.65,40.75,38.65,40.55,5053634.0
2026-09-30,TWSE,1712,興農,39.85,40.05,39.6,39.6,586602.0
2026-09-30,TWSE,1713,國化,41.5,41.9,41.45,41.8,123591.0
2026-09-30,TWSE,1714,和桐,15.75,15.9,15.6,15.75,3601474.0
2026-09-30,TWSE,1717,長興,71.4,73.1,71.4,72.5,6975970.0
2026-09-30,TWSE,1718,中纖,10.5,10.7,10.5,10.55,5005317.0
2026-09-30,TWSE,1720,生達,56.2,56.3,56.0,56.1,125048.0
2026-09-30,TWSE,1721,國慶科技,24.3,26.45,24.15,26.1,4078788.0
2026-09-30,TWSE,1722,台肥,41.35,41.45,40.95,41.15,2888528.0
2026-09-30,TWSE,1723,中碳,80.5,82.2,80.0,80.0,536994.0
2026-09-30,TWSE,1725,元禎,34.0,34.5,33.85,34.0,40001.0
2026-09-30,TWSE,1726,永記,76.4,76.4,76.2,76.2,18289.0
2026-09-30,TWSE,1727,中華化,113.0,122.0,104.0,118.5,29773336.0
2026-09-30,TWSE,1730,花仙子,51.2,51.3,51.2,51.2,21368.0
2026-09-30,TWSE,1731,美吾華,20.9,20.9,20.7,20.85,131235.0
2026-09-30,TWSE,1732,毛寶,26.05,26.1,25.85,25.95,56322.0
2026-09-30,TWSE,1733,五鼎,30.0,30.1,29.35,29.45,269231.0
2026-09-30,TWSE,1734,杏輝,31.9,32.1,31.75,32.1,128119.0
2026-09-30,TWSE,1735,日勝化,20.25,20.25,20.05,20.05,16457.0
2026-09-30,TWSE,1736,喬山,129.0,132.5,128.0,128.0,398602.0
2026-09-30,TWSE,1737,臺鹽,30.1,30.2,29.95,29.95,192863.0
2026-09-30,TWSE,1752,南光,31.35,31.5,31.3,31.35,30284.0
2026-09-30,TWSE,1760,寶齡富錦,54.0,54.8,53.9,53.9,95411.0
2026-09-30,TWSE,1762,中化生,33.5,34.0,33.5,33.7,41752.0
2026-09-30,TWSE,1773,勝一,164.5,169.5,164.0,167.5,908342.0
2026-09-30,TWSE,1776,展宇,18.4,18.4,17.9,18.2,14993.0
2026-09-30,TWSE,1783,和康生,36.45,37.0,36.45,36.65,25800.0
2026-09-30,TWSE,1786,科妍,42.5,43.15,42.5,42.65,92188.0
2026-09-30,TWSE,1789,神隆,18.5,18.9,18.5,18.55,178229.0
2026-09-30,TWSE,1795,美時,178.0,179.0,177.0,177.5,477261.0
2026-09-30,TWSE,1802,台玻,58.0,58.4,57.3,57.6,7975945.0
2026-09-30,TWSE,1805,寶徠,10.25,10.25,9.96,10.05,192799.0
2026-09-30,TWSE,1806,冠軍,7.98,8.02,7.93,7.94,62887.0
2026-09-30,TWSE,1808,潤隆,31.7,31.95,31.6,31.6,511395.0
2026-09-30,TWSE,1809,中釉,45.1,47.25,43.05,45.0,30009242.0
2026-09-30,TWSE,1810,和成,24.0,24.15,23.65,23.7,1046015.0
2026-09-30,TWSE,1817,凱撒衛,40.1,40.1,39.85,39.85,48076.0
2026-09-30,TWSE,1903,士紙,47.3,47.5,47.0,47.0,61723.0
2026-09-30,TWSE,1904,正隆,25.0,25.05,24.05,24.25,2418384.0
2026-09-30,TWSE,1905,華紙,13.2,13.3,12.8,12.85,3133256.0
2026-09-30,TWSE,1906,寶隆,10.75,10.85,10.7,10.8,38292.0
2026-09-30,TWSE,1907,永豐餘,28.25,28.35,27.9,27.9,1306075.0
2026-09-30,TWSE,1909,榮成,10.05,10.2,10.05,10.05,1358907.0
2026-09-30,TWSE,2002,中鋼,18.8,19.1,18.75,18.8,36951740.0
2026-09-30,TWSE,2006,東和鋼鐵,87.9,88.0,85.4,85.4,1997985.0
2026-09-30,TWSE,2007,燁興,6.93,7.03,6.88,6.9,283063.0
2026-09-30,TWSE,2008,高興昌,30.6,30.6,30.5,30.5,13251.0
2026-09-30,TWSE,2009,第一銅,39.55,40.45,39.15,39.15,1672790.0
2026-09-30,TWSE,2010,春源,22.35,22.8,22.35,22.45,1729221.0
2026-09-30,TWSE,2012,春雨,14.45,14.45,14.15,14.15,77143.0
2026-09-30,TWSE,2013,中鋼構,41.1,41.45,41.0,41.2,49044.0
2026-09-30,TWSE,2014,中鴻,16.85,17.2,16.75,16.8,4542538.0
2026-09-30,TWSE,2015,豐興,64.6,64.6,63.1,63.1,269986.0
2026-09-30,TWSE,2017,官田鋼,8.98,9.12,8.92,8.92,372566.0
2026-09-30,TWSE,2020,美亞,22.5,24.3,22.5,24.3,5753984.0
2026-09-30,TWSE,2022,聚亨,7.2,7.49,7.18,7.3,301203.0
2026-09-30,TWSE,2023,燁輝,13.65,13.85,13.55,13.55,1159080.0
2026-09-30,TWSE,2024,志聯,12.9,12.9,12.75,12.75,5397.0
2026-09-30,TWSE,2025,千興,13.3,14.05,13.1,13.35,2029531.0
2026-09-30,TWSE,2027,大成鋼,47.6,48.8,47.0,47.15,12474332.0
2026-09-30,TWSE,2028,威致,16.5,17.05,16.05,16.6,224787.0
2026-09-30,TWSE,2029,盛餘,21.55,22.25,21.45,22.15,824545.0
2026-09-30,TWSE,2030,彰源,33.4,33.4,33.4,33.4,5239284.0
2026-09-30,TWSE,2031,新光鋼,46.0,46.85,45.1,45.7,1842390.0
2026-09-30,TWSE,2032,新鋼,18.9,20.4,18.8,19.9,12313640.0
2026-09-30,TWSE,2033,佳大,36.8,39.95,36.5,38.5,5178933.0
2026-09-30,TWSE,2034,允強,23.1,25.0,22.85,23.4,17704386.0
2026-09-30,TWSE,2038,海光,12.6,13.3,12.55,12.65,1265575.0
2026-09-30,TWSE,2049,上銀,326.0,338.5,325.5,335.5,2189754.0
2026-09-30,TWSE,2059,川湖,12350.0,12550.0,11900.0,12115.0,448531.0
2026-09-30,TWSE,2062,橋椿,18.0,18.1,17.95,18.0,150971.0
2026-09-30,TWSE,2069,運錩,25.95,27.2,25.9,26.5,2256458.0
2026-09-30,TWSE,2072,世紀風電,128.5,133.0,128.0,131.5,261627.0
2026-09-30,TWSE,2101,南港,29.8,30.1,29.75,29.8,1292890.0
2026-09-30,TWSE,2102,泰豐,16.35,16.4,16.25,16.3,287960.0
2026-09-30,TWSE,2103,台橡,27.8,28.0,27.4,27.4,2596683.0
2026-09-30,TWSE,2104,國際中橡,11.1,11.4,10.65,10.7,6186219.0
2026-09-30,TWSE,2105,正新,30.2,30.5,30.1,30.1,3385450.0
2026-09-30,TWSE,2106,建大,16.65,16.7,16.45,16.45,749249.0
2026-09-30,TWSE,2107,厚生,26.75,27.05,26.75,26.8,192914.0
2026-09-30,TWSE,2108,南帝,28.6,28.95,28.15,28.2,458121.0
2026-09-30,TWSE,2109,華豐,14.65,14.65,14.35,14.35,311170.0
2026-09-30,TWSE,2114,鑫永銓,89.5,89.8,89.5,89.7,22383.0
2026-09-30,TWSE,2115,六暉-KY,23.95,23.95,23.65,23.7,39315.0
2026-09-30,TWSE,2201,裕隆,29.25,29.4,29.15,29.2,1888734.0
2026-09-30,TWSE,2204,中華,52.3,52.7,52.0,52.0,399395.0
2026-09-30,TWSE,2206,三陽工業,62.9,63.1,62.5,62.5,409880.0
2026-09-30,TWSE,2207,和泰車,509.0,516.0,506.0,506.0,229210.0
2026-09-30,TWSE,2208,台船,19.5,19.55,19.1,19.1,2641807.0
2026-09-30,TWSE,2211,長榮鋼,79.7,79.9,78.8,78.8,1174060.0
2026-09-30,TWSE,2227,裕日車,45.0,45.0,44.75,44.75,29865.0
2026-09-30,TWSE,2228,劍麟,75.0,75.6,74.8,75.0,34896.0
2026-09-30,TWSE,2231,為升,91.8,92.5,91.3,92.0,141046.0
2026-09-30,TWSE,2233,宇隆,164.0,169.0,163.5,168.0,453502.0
2026-09-30,TWSE,2236,百達-KY,102.0,107.5,102.0,107.0,1517893.0
2026-09-30,TWSE,2237,華德動能-創,27.0,27.25,26.9,26.9,71800.0
2026-09-30,TWSE,2239,英利-KY,18.85,19.2,18.7,18.8,54101.0
2026-09-30,TWSE,2241,艾姆勒,43.0,44.5,41.2,44.0,3176721.0
2026-09-30,TWSE,2243,宏旭-KY,49.95,51.9,49.7,50.5,120258.0
2026-09-30,TWSE,2247,汎德永業,227.5,227.5,223.0,223.0,32877.0
2026-09-30,TWSE,2248,華勝-KY,61.0,61.5,60.2,61.5,7015.0
2026-09-30,TWSE,2250,IKKA-KY,56.7,56.8,56.6,56.8,13600.0
2026-09-30,TWSE,2254,巨鎧精密-創,89.2,92.1,89.2,91.8,2038020.0
2026-09-30,TWSE,2258,鴻華先進-創,30.6,31.3,30.5,30.95,469300.0
2026-09-30,TWSE,2301,光寶科,282.5,288.5,279.0,281.0,13566253.0
2026-09-30,TWSE,2302,麗正,45.15,47.25,45.15,45.3,3489415.0
2026-09-30,TWSE,2303,聯電,151.5,156.0,151.5,153.5,111591705.0
2026-09-30,TWSE,2305,全友,61.7,69.1,61.1,69.1,5849225.0
2026-09-30,TWSE,2308,台達電,1880.0,1950.0,1810.0,1835.0,14404821.0
2026-09-30,TWSE,2312,金寶,30.6,30.9,30.55,30.7,3153662.0
2026-09-30,TWSE,2313,華通,221.5,227.0,219.0,226.0,10064805.0
2026-09-30,TWSE,2314,台揚,10.95,11.25,10.9,11.05,102554.0
2026-09-30,TWSE,2316,楠梓電,160.0,164.5,159.5,162.0,1377279.0
2026-09-30,TWSE,2317,鴻海,247.0,254.0,247.0,250.5,31188879.0
2026-09-30,TWSE,2321,東訊,25.0,25.0,25.0,25.0,2537.0
2026-09-30,TWSE,2323,中環,10.8,10.9,10.65,10.7,4169493.0
2026-09-30,TWSE,2324,仁寶,36.5,37.0,36.05,36.05,29621824.0
2026-09-30,TWSE,2327,國巨*,570.0,570.0,548.0,548.0,41164381.0
2026-09-30,TWSE,2328,廣宇,47.0,47.4,46.9,47.0,774116.0
2026-09-30,TWSE,2329,華泰,44.45,44.45,43.75,43.8,1151596.0
2026-09-30,TWSE,2330,台積電,2475.0,2495.0,2475.0,2475.0,26893348.0
2026-09-30,TWSE,2331,精英,18.75,19.0,18.7,18.7,541430.0
2026-09-30,TWSE,2332,友訊,20.05,20.3,19.95,20.1,5216187.0
2026-09-30,TWSE,2337,旺宏,115.5,118.5,114.5,118.5,15127999.0
2026-09-30,TWSE,2338,光罩,46.3,48.35,46.3,47.1,4039504.0
2026-09-30,TWSE,2340,台亞,34.4,38.0,34.4,38.0,15628464.0
2026-09-30,TWSE,2342,茂矽,47.0,53.0,46.85,50.1,27339538.0
2026-09-30,TWSE,2344,華邦電,167.5,174.0,166.0,174.0,45790945.0
2026-09-30,TWSE,2345,智邦,1845.0,1880.0,1800.0,1810.0,4157981.0
2026-09-30,TWSE,2347,聯強,94.5,100.0,94.1,94.5,4671338.0
2026-09-30,TWSE,2348,海悅,71.5,71.5,70.5,70.5,278973.0
2026-09-30,TWSE,2349,錸德,10.4,10.45,10.3,10.4,1158181.0
2026-09-30,TWSE,2351,順德,221.0,221.0,214.0,215.5,3820238.0
2026-09-30,TWSE,2352,佳世達,29.05,29.55,29.0,29.0,3583810.0
2026-09-30,TWSE,2353,宏碁,31.75,31.75,31.4,31.4,6310399.0
2026-09-30,TWSE,2354,鴻準,65.7,65.8,65.1,65.1,4886601.0
2026-09-30,TWSE,2355,敬鵬,41.75,42.0,41.55,41.6,1204852.0
2026-09-30,TWSE,2356,英業達,60.4,60.4,59.2,59.2,9470802.0
2026-09-30,TWSE,2357,華碩,967.0,969.0,950.0,963.0,2455352.0
2026-09-30,TWSE,2359,所羅門,128.0,129.5,127.5,128.5,731248.0
2026-09-30,TWSE,2360,致茂,2255.0,2325.0,2160.0,2185.0,2434644.0
2026-09-30,TWSE,2362,藍天,47.5,47.85,46.65,46.7,544757.0
2026-09-30,TWSE,2363,矽統,58.1,59.5,57.4,59.2,4883360.0
2026-09-30,TWSE,2364,倫飛,65.7,66.1,64.9,64.9,94006.0
2026-09-30,TWSE,2365,昆盈,28.2,28.6,28.1,28.1,572445.0
2026-09-30,TWSE,2367,燿華,41.75,42.5,41.3,42.25,2486323.0
2026-09-30,TWSE,2368,金像電,1100.0,1125.0,1070.0,1120.0,8818025.0
2026-09-30,TWSE,2369,菱生,31.3,32.2,31.15,31.6,4196281.0
2026-09-30,TWSE,2371,大同,28.9,29.65,28.65,29.35,9023803.0
2026-09-30,TWSE,2373,震旦行,52.5,52.7,52.5,52.5,27189.0
2026-09-30,TWSE,2374,佳能,66.4,66.9,66.1,66.2,1129796.0
2026-09-30,TWSE,2375,凱美,117.5,118.0,116.0,117.5,943463.0
2026-09-30,TWSE,2376,技嘉,364.5,370.0,359.0,362.0,8243400.0
2026-09-30,TWSE,2377,微星,150.5,154.0,150.5,151.0,2346623.0
2026-09-30,TWSE,2379,瑞昱,715.0,778.0,715.0,760.0,3051454.0
2026-09-30,TWSE,2380,虹光,16.8,16.85,16.55,16.55,53213.0
2026-09-30,TWSE,2382,廣達,341.0,342.0,336.5,336.5,10639698.0
2026-09-30,TWSE,2383,台光電,4910.0,5055.0,4870.0,4920.0,2146878.0
2026-09-30,TWSE,2385,群光,104.5,106.0,104.0,104.5,2244933.0
2026-09-30,TWSE,2387,精元,36.65,36.75,36.25,36.25,164403.0
2026-09-30,TWSE,2388,威盛,70.1,72.4,69.8,71.2,2745942.0
2026-09-30,TWSE,2390,云辰,10.15,10.35,10.1,10.2,264078.0
2026-09-30,TWSE,2392,正崴,41.5,41.7,40.8,40.85,2296930.0
2026-09-30,TWSE,2393,億光,63.7,64.3,63.3,63.6,1548656.0
2026-09-30,TWSE,2395,研華,714.0,754.0,712.0,730.0,3797824.0
2026-09-30,TWSE,2397,友通,62.6,63.9,62.5,63.0,205189.0
2026-09-30,TWSE,2399,映泰,47.3,49.95,47.0,49.2,9457571.0
2026-09-30,TWSE,2401,凌陽,25.55,26.3,25.35,26.05,2382079.0
2026-09-30,TWSE,2402,毅嘉,54.8,57.5,54.6,56.9,2274646.0
2026-09-30,TWSE,2404,漢唐,1250.0,1255.0,1180.0,1220.0,3026743.0
2026-09-30,TWSE,2405,輔信,15.1,15.25,15.05,15.15,728911.0
2026-09-30,TWSE,2406,國碩,29.85,30.85,29.7,30.3,4945789.0
2026-09-30,TWSE,2408,南亞科,491.0,507.0,488.0,506.0,24966274.0
2026-09-30,TWSE,2409,友達,34.4,35.8,33.8,35.05,539771575.0
2026-09-30,TWSE,2412,中華電,146.0,146.0,143.0,144.0,11652180.0
2026-09-30,TWSE,2413,環科,50.9,52.0,50.8,51.0,1495022.0
2026-09-30,TWSE,2414,精技,52.9,53.2,52.7,53.1,94978.0
2026-09-30,TWSE,2415,錩新,27.4,27.6,27.05,27.25,133360.0
2026-09-30,TWSE,2417,圓剛,39.05,39.2,38.7,38.7,289907.0
2026-09-30,TWSE,2419,仲琦,28.65,29.65,28.6,29.0,1112751.0
2026-09-30,TWSE,2420,新巨,53.9,54.3,53.7,53.9,168026.0
2026-09-30,TWSE,2421,建準,165.5,165.5,161.0,163.5,1737849.0
2026-09-30,TWSE,2423,固緯,72.3,72.5,71.8,72.0,128162.0
2026-09-30,TWSE,2424,隴華,7.85,8.45,7.85,8.12,31369.0
2026-09-30,TWSE,2425,承啟,37.4,37.7,36.8,37.45,320575.0
2026-09-30,TWSE,2426,鼎元,96.8,101.5,96.3,99.8,26792812.0
2026-09-30,TWSE,2427,三商電,23.45,23.55,23.2,23.25,268772.0
2026-09-30,TWSE,2428,興勤,255.0,255.0,249.0,251.5,627862.0
2026-09-30,TWSE,2429,銘旺科,30.75,31.2,30.6,30.65,166022.0
2026-09-30,TWSE,2430,燦坤,18.25,18.25,17.95,18.1,46687.0
2026-09-30,TWSE,2431,聯昌,10.05,10.05,9.99,10.0,81012.0
2026-09-30,TWSE,2432,倚天酷碁-創,27.25,27.65,27.25,27.65,7000.0
2026-09-30,TWSE,2433,互盛電,40.1,40.1,40.0,40.0,22405.0
2026-09-30,TWSE,2434,統懋,64.6,67.1,64.0,64.8,423909.0
2026-09-30,TWSE,2436,偉詮電,71.8,76.5,71.5,75.9,12261097.0
2026-09-30,TWSE,2438,翔耀,19.4,19.7,19.2,19.7,42204.0
2026-09-30,TWSE,2439,美律,78.2,78.4,77.9,78.1,1655190.0
2026-09-30,TWSE,2440,太空梭,14.3,14.3,14.05,14.15,237635.0
2026-09-30,TWSE,2441,超豐,122.5,123.5,121.5,122.0,2178482.0
2026-09-30,TWSE,2442,新美齊,14.3,14.45,14.25,14.35,599670.0
2026-09-30,TWSE,2444,兆勁,14.6,15.2,14.45,15.05,1916012.0
2026-09-30,TWSE,2449,京元電子,305.5,305.5,293.0,294.5,29756706.0
2026-09-30,TWSE,2450,神腦,28.25,28.3,28.2,28.2,72438.0
2026-09-30,TWSE,2451,創見,285.0,288.0,283.0,286.0,1570470.0
2026-09-30,TWSE,2453,凌群,53.9,53.9,53.2,53.5,146093.0
2026-09-30,TWSE,2454,聯發科,5150.0,5195.0,4890.0,4910.0,13758267.0
2026-09-30,TWSE,2455,全新,543.0,550.0,540.0,543.0,1025212.0
2026-09-30,TWSE,2457,飛宏,21.8,22.2,21.75,21.75,848756.0
2026-09-30,TWSE,2458,義隆,138.0,138.0,135.5,136.0,1645198.0
2026-09-30,TWSE,2459,敦吉,65.2,65.4,64.9,64.9,28055.0
2026-09-30,TWSE,2460,建通,29.45,29.95,29.45,29.85,175462.0
2026-09-30,TWSE,2461,光群雷,17.6,17.8,17.4,17.4,260253.0
2026-09-30,TWSE,2462,良得電,20.25,20.25,19.85,19.85,118354.0
2026-09-30,TWSE,2464,盟立,194.5,200.0,192.0,192.0,9138976.0
2026-09-30,TWSE,2465,麗臺,88.7,93.0,88.6,91.9,1231345.0
2026-09-30,TWSE,2466,冠西電,119.5,119.5,112.5,113.5,2218538.0
2026-09-30,TWSE,2467,志聖,534.0,554.0,529.0,544.0,889505.0
2026-09-30,TWSE,2468,華經,46.85,46.85,45.25,46.05,920536.0
2026-09-30,TWSE,2471,資通,51.4,52.0,51.1,51.3,187884.0
2026-09-30,TWSE,2472,立隆電,217.0,220.0,212.5,213.0,1505198.0
2026-09-30,TWSE,2474,可成,207.0,207.0,205.0,205.5,1568422.0
2026-09-30,TWSE,2476,鉅祥,122.5,125.0,121.5,124.5,828647.0
2026-09-30,TWSE,2477,美隆電,23.05,23.1,22.85,23.1,148490.0
2026-09-30,TWSE,2478,大毅,118.5,121.0,116.5,117.5,1301254.0
2026-09-30,TWSE,2480,敦陽科,161.0,161.0,159.0,159.5,153315.0
2026-09-30,TWSE,2481,強茂,175.0,180.0,172.0,175.5,20652896.0
2026-09-30,TWSE,2482,連宇,16.25,16.55,16.2,16.35,104643.0
2026-09-30,TWSE,2483,百容,32.2,32.95,32.2,32.5,208005.0
2026-09-30,TWSE,2484,希華,75.0,79.5,74.2,76.9,30199086.0
2026-09-30,TWSE,2485,兆赫,39.15,40.1,39.0,39.75,1310521.0
2026-09-30,TWSE,2486,一詮,231.0,237.5,230.5,237.0,1955933.0
2026-09-30,TWSE,2488,漢平,48.85,49.2,48.7,48.7,33167.0
2026-09-30,TWSE,2489,瑞軒,40.25,41.15,40.1,41.1,8627458.0
2026-09-30,TWSE,2491,吉祥全,39.8,40.75,39.75,40.2,455070.0
2026-09-30,TWSE,2492,華新科,313.0,321.0,299.0,302.0,31201956.0
2026-09-30,TWSE,2493,揚博,190.0,202.0,190.0,196.0,1972776.0
2026-09-30,TWSE,2495,普安,39.05,39.55,38.75,38.95,882955.0
2026-09-30,TWSE,2496,卓越,54.8,55.1,54.6,55.1,6405.0
2026-09-30,TWSE,2497,怡利電,44.2,44.2,43.5,43.6,87631.0
2026-09-30,TWSE,2498,宏達電,41.8,43.4,41.75,43.0,8994708.0
2026-09-30,TWSE,2501,國建,21.05,21.4,21.0,21.15,2205717.0
2026-09-30,TWSE,2504,國產,30.9,30.9,30.5,30.55,2041127.0
2026-09-30,TWSE,2505,國揚,17.1,17.1,16.95,16.95,303325.0
2026-09-30,TWSE,2506,太設,8.38,8.42,8.34,8.41,273693.0
2026-09-30,TWSE,2509,全坤建,14.2,14.2,14.0,14.05,156579.0
2026-09-30,TWSE,2511,太子,8.39,8.39,8.32,8.32,617420.0
2026-09-30,TWSE,2514,龍邦,11.5,11.5,11.4,11.4,35096.0
2026-09-30,TWSE,2515,中工,12.0,12.0,11.8,11.8,4178372.0
2026-09-30,TWSE,2516,新建,15.5,15.5,14.9,14.9,264706.0
2026-09-30,TWSE,2520,冠德,37.2,37.5,36.85,37.0,1043424.0
2026-09-30,TWSE,2524,京城,34.85,34.85,34.25,34.25,56370.0
2026-09-30,TWSE,2527,宏璟,48.2,49.5,48.2,48.35,634439.0
2026-09-30,TWSE,2528,皇普,19.55,19.6,19.25,19.3,315990.0
2026-09-30,TWSE,2530,華建,20.0,20.25,19.85,20.1,399870.0
2026-09-30,TWSE,2534,宏盛,16.8,17.0,16.65,16.9,214610.0
2026-09-30,TWSE,2535,達欣工,89.9,89.9,89.1,89.1,113837.0
2026-09-30,TWSE,2536,宏普,19.15,19.2,19.1,19.15,608246.0
2026-09-30,TWSE,2537,聯上發,11.3,11.3,11.2,11.25,537977.0
2026-09-30,TWSE,2538,基泰,8.7,8.71,8.58,8.71,475327.0
2026-09-30,TWSE,2539,櫻花建,34.45,34.45,33.9,34.0,1069477.0
2026-09-30,TWSE,2540,愛山林,49.0,49.15,47.6,47.6,462170.0
2026-09-30,TWSE,2542,興富發,39.25,39.35,38.6,38.6,11497190.0
2026-09-30,TWSE,2543,皇昌,37.95,38.75,37.95,38.15,724402.0
2026-09-30,TWSE,2545,皇翔,34.2,34.3,33.9,33.9,116282.0
2026-09-30,TWSE,2546,根基,107.5,108.5,106.0,106.0,140126.0
2026-09-30,TWSE,2547,日勝生,9.82,9.88,9.81,9.85,774661.0
2026-09-30,TWSE,2548,華固,93.4,93.4,92.1,92.2,1191007.0
2026-09-30,TWSE,2597,潤弘,168.0,168.0,166.5,167.0,87871.0
2026-09-30,TWSE,2603,長榮,244.0,244.0,237.5,238.0,6250427.0
2026-09-30,TWSE,2605,新興,36.8,37.0,35.25,35.4,10030192.0
2026-09-30,TWSE,2606,裕民,75.8,75.8,73.1,73.4,4989525.0
2026-09-30,TWSE,2607,榮運,53.5,53.9,53.0,53.1,391612.0
2026-09-30,TWSE,2608,嘉里大榮,28.6,28.9,28.55,28.55,215391.0
2026-09-30,TWSE,2609,陽明,59.6,59.6,58.1,58.4,23606564.0
2026-09-30,TWSE,2610,華航,20.3,20.3,20.1,20.1,7852078.0
2026-09-30,TWSE,2611,志信,14.15,14.15,13.95,14.05,225756.0
2026-09-30,TWSE,2612,中航,62.0,62.0,60.7,60.8,388561.0
2026-09-30,TWSE,2613,中櫃,22.2,22.2,21.95,21.95,110543.0
2026-09-30,TWSE,2614,東森,18.25,19.1,18.25,18.85,2885213.0
2026-09-30,TWSE,2615,萬海,116.5,116.5,111.0,111.0,10041037.0
2026-09-30,TWSE,2616,山隆,13.25,13.25,13.2,13.2,55544.0
2026-09-30,TWSE,2617,台航,32.9,32.9,31.1,31.25,2312297.0
2026-09-30,TWSE,2618,長榮航,42.0,42.0,41.45,41.5,14347588.0
2026-09-30,TWSE,2630,亞航,46.5,47.1,46.3,46.3,464796.0
2026-09-30,TWSE,2633,台灣高鐵,25.7,25.8,25.45,25.45,6250246.0
2026-09-30,TWSE,2634,漢翔,63.6,64.2,63.1,63.1,4595082.0
2026-09-30,TWSE,2636,台驊控股,71.9,71.9,70.4,70.4,222241.0
2026-09-30,TWSE,2637,慧洋-KY,99.8,99.9,95.0,95.0,4494224.0
2026-09-30,TWSE,2642,宅配通,20.35,20.35,20.2,20.3,24291.0
2026-09-30,TWSE,2645,長榮航太,172.0,173.5,172.0,172.0,377047.0
2026-09-30,TWSE,2646,星宇航空,20.2,20.2,20.05,20.05,2798512.0
2026-09-30,TWSE,2701,萬企,10.25,10.25,10.25,10.25,27138.0
2026-09-30,TWSE,2702,華園,12.7,12.8,12.65,12.65,11443.0
2026-09-30,TWSE,2704,國賓,44.95,45.1,44.55,45.0,121193.0
2026-09-30,TWSE,2705,六福,15.15,15.15,15.0,15.05,56174.0
2026-09-30,TWSE,2706,第一店,12.2,12.2,12.1,12.1,93277.0
2026-09-30,TWSE,2707,晶華,176.5,176.5,175.0,175.0,158264.0
2026-09-30,TWSE,2712,遠雄來,13.4,13.4,13.3,13.4,10100.0
2026-09-30,TWSE,2722,夏都,21.3,21.4,21.2,21.2,55123.0
2026-09-30,TWSE,2723,美食-KY,78.3,78.3,76.6,76.6,423602.0
2026-09-30,TWSE,2727,王品,232.0,235.0,232.0,235.0,427899.0
2026-09-30,TWSE,2731,雄獅,145.0,145.0,143.0,143.0,152724.0
2026-09-30,TWSE,2739,寒舍,37.1,37.1,36.1,36.25,29683.0
2026-09-30,TWSE,2748,雲品,38.8,38.8,38.7,38.7,25097.0
2026-09-30,TWSE,2753,八方雲集,180.0,180.0,178.5,179.0,108662.0
2026-09-30,TWSE,2762,世界健身-KY,79.0,79.7,79.0,79.0,21525.0
2026-09-30,TWSE,2801,彰銀,28.05,28.05,27.45,27.5,22785123.0
2026-09-30,TWSE,2812,台中銀,19.05,19.05,18.8,18.8,19296779.0
2026-09-30,TWSE,2816,旺旺保,40.15,40.6,39.75,39.85,309191.0
2026-09-30,TWSE,2820,華票,17.0,17.0,16.8,16.85,2931349.0
2026-09-30,TWSE,2832,台產,57.7,57.7,56.8,56.8,203771.0
2026-09-30,TWSE,2834,臺企銀,17.8,17.85,17.6,17.6,33187671.0
2026-09-30,TWSE,2836,高雄銀,12.15,12.2,12.0,12.0,1866824.0
2026-09-30,TWSE,2838,聯邦銀,21.1,21.1,20.5,20.55,4376710.0
2026-09-30,TWSE,2845,遠東銀,13.3,13.3,13.1,13.1,9621102.0
2026-09-30,TWSE,2849,安泰銀,15.65,15.8,15.5,15.5,150507.0
2026-09-30,TWSE,2850,新產,157.0,163.0,157.0,161.0,649133.0
2026-09-30,TWSE,2851,中再保,47.45,48.1,46.75,47.05,1827052.0
2026-09-30,TWSE,2852,第一保,28.0,28.0,27.7,27.7,331084.0
2026-09-30,TWSE,2855,統一證,57.5,57.5,55.0,55.5,6563643.0
2026-09-30,TWSE,2880,華南金,46.0,46.2,44.7,44.9,12588665.0
2026-09-30,TWSE,2881,富邦金,150.0,155.0,150.0,151.5,14184273.0
2026-09-30,TWSE,2882,國泰金,112.0,113.5,110.5,111.5,19177458.0
2026-09-30,TWSE,2883,凱基金,39.3,39.75,38.85,38.95,37568266.0
2026-09-30,TWSE,2884,玉山金,45.0,45.95,44.9,44.9,32018146.0
2026-09-30,TWSE,2885,元大金,70.0,70.0,68.5,68.7,20346003.0
2026-09-30,TWSE,2886,兆豐金,49.6,49.8,48.95,49.1,20847357.0
2026-09-30,TWSE,2887,台新新光金,43.0,43.0,41.65,41.8,46941880.0
2026-09-30,TWSE,2889,國票金,16.6,16.6,16.4,16.4,9771251.0
2026-09-30,TWSE,2890,永豐金,45.3,45.45,43.8,43.9,34667144.0
2026-09-30,TWSE,2891,中信金,67.3,69.7,67.3,68.7,27538151.0
2026-09-30,TWSE,2892,第一金,39.5,39.55,38.55,38.6,26936589.0
2026-09-30,TWSE,2897,王道銀行,11.05,11.1,10.95,10.95,4961924.0
2026-09-30,TWSE,2901,欣欣,23.6,23.8,23.5,23.8,50924.0
2026-09-30,TWSE,2903,遠百,22.1,22.2,21.9,21.9,1122713.0
2026-09-30,TWSE,2904,匯僑,12.75,12.75,12.6,12.6,16574.0
2026-09-30,TWSE,2905,三商,18.4,18.45,18.0,18.0,1238085.0
2026-09-30,TWSE,2906,高林,13.5,13.5,13.3,13.3,67157.0
2026-09-30,TWSE,2908,特力,22.0,22.0,21.6,21.7,286050.0
2026-09-30,TWSE,2910,統領,23.35,23.35,23.0,23.1,20115.0
2026-09-30,TWSE,2911,麗嬰房,6.1,6.11,6.02,6.03,124868.0
2026-09-30,TWSE,2912,統一超,213.0,213.0,211.5,212.0,1493082.0
2026-09-30,TWSE,2913,農林,11.0,11.1,11.0,11.0,729074.0
2026-09-30,TWSE,2915,潤泰全,60.1,60.1,58.5,58.5,1554776.0
2026-09-30,TWSE,2923,鼎固-KY,24.9,25.0,23.9,23.9,116429.0
2026-09-30,TWSE,2929,淘帝-KY,5.9,5.92,5.81,5.81,102847.0
2026-09-30,TWSE,2939,永邑-KY,19.85,20.25,19.65,20.25,51000.0
2026-09-30,TWSE,2945,三商家購,39.6,39.9,39.6,39.8,25135.0
2026-09-30,TWSE,3002,歐格,18.8,19.0,18.6,18.9,138621.0
2026-09-30,TWSE,3003,健和興,59.9,60.4,59.5,59.7,286357.0
2026-09-30,TWSE,3004,豐達科,117.0,118.5,117.0,117.5,85163.0
2026-09-30,TWSE,3005,神基,116.5,117.5,116.0,117.0,983939.0
2026-09-30,TWSE,3006,晶豪科,272.0,286.5,270.0,285.0,9171752.0
2026-09-30,TWSE,3008,大立光,6100.0,6205.0,5940.0,6020.0,1784096.0
2026-09-30,TWSE,3010,華立,126.0,127.0,125.0,125.0,367596.0
2026-09-30,TWSE,3011,今皓,10.0,10.0,9.9,9.9,174436.0
2026-09-30,TWSE,3013,晟銘電,84.4,85.0,83.9,84.0,637300.0
2026-09-30,TWSE,3014,聯陽,140.5,145.0,139.5,143.5,3216326.0
2026-09-30,TWSE,3015,全漢,53.8,54.4,53.2,53.7,341596.0
2026-09-30,TWSE,3016,嘉晶,165.0,176.0,161.5,172.5,75400142.0
2026-09-30,TWSE,3017,奇鋐,3420.0,3460.0,3285.0,3400.0,3928028.0
2026-09-30,TWSE,3018,隆銘綠能,11.8,12.0,11.8,11.95,30637.0
2026-09-30,TWSE,3019,亞光,135.0,137.5,134.5,135.5,1562554.0
2026-09-30,TWSE,3021,鴻名,29.4,29.6,28.7,29.6,1253253.0
2026-09-30,TWSE,3022,威強電,93.1,95.4,92.6,93.0,1607789.0
2026-09-30,TWSE,3023,信邦,310.0,313.0,306.0,307.5,885891.0
2026-09-30,TWSE,3024,憶聲,14.5,14.5,14.1,14.2,944848.0
2026-09-30,TWSE,3025,星通,52.4,53.0,52.3,52.4,70091.0
2026-09-30,TWSE,3026,禾伸堂,804.0,804.0,785.0,796.0,5185200.0
2026-09-30,TWSE,3027,盛達,18.5,18.75,18.4,18.4,130399.0
2026-09-30,TWSE,3028,增你強,62.7,63.6,62.6,62.7,536354.0
2026-09-30,TWSE,3029,零壹,120.0,120.5,116.5,117.5,1708421.0
2026-09-30,TWSE,3030,德律,270.5,280.5,269.0,276.0,1413018.0
2026-09-30,TWSE,3031,佰鴻,30.35,31.65,30.3,31.25,10641422.0
2026-09-30,TWSE,3032,偉訓,78.3,78.6,77.5,77.9,294028.0
2026-09-30,TWSE,3033,威健,41.8,42.35,41.7,42.0,2109280.0
2026-09-30,TWSE,3034,聯詠,550.0,550.0,538.0,540.0,2795234.0
2026-09-30,TWSE,3035,智原,208.0,217.0,204.5,210.0,7221057.0
2026-09-30,TWSE,3036,文曄,206.5,207.5,205.0,207.5,4569244.0
2026-09-30,TWSE,3037,欣興,1170.0,1185.0,1130.0,1165.0,10830272.0
2026-09-30,TWSE,3038,全台,20.3,20.5,20.3,20.3,140660.0
2026-09-30,TWSE,3040,遠見,34.85,34.85,33.85,33.85,159639.0
2026-09-30,TWSE,3041,揚智,23.2,23.75,23.2,23.6,343091.0
2026-09-30,TWSE,3042,晶技,214.5,222.5,205.0,208.5,34407830.0
2026-09-30,TWSE,3043,科風,20.0,20.8,20.0,20.1,97293.0
2026-09-30,TWSE,3044,健鼎,530.0,535.0,520.0,521.0,2303013.0
2026-09-30,TWSE,3045,台灣大,122.5,122.5,120.5,121.0,5806538.0
2026-09-30,TWSE,3046,建碁,53.6,54.3,53.3,53.6,65074.0
2026-09-30,TWSE,3047,訊舟,14.55,14.75,14.4,14.55,493787.0
2026-09-30,TWSE,3048,益登,51.9,52.0,51.0,51.1,1041856.0
2026-09-30,TWSE,3049,精金,12.25,12.45,12.15,12.15,2310163.0
2026-09-30,TWSE,3050,鈺德,11.5,11.65,11.45,11.65,316070.0
2026-09-30,TWSE,3051,力特,22.25,22.85,22.25,22.65,336487.0
2026-09-30,TWSE,3052,夆典,10.4,10.45,10.35,10.35,132344.0
2026-09-30,TWSE,3054,立萬利,59.0,59.4,58.6,58.8,92619.0
2026-09-30,TWSE,3055,蔚華科,196.0,207.5,191.5,203.5,7359541.0
2026-09-30,TWSE,3056,富華新,14.05,14.05,13.8,13.85,425780.0
2026-09-30,TWSE,3057,喬鼎,15.95,16.35,15.7,16.25,85796.0
2026-09-30,TWSE,3058,立德,8.22,8.25,8.14,8.15,282792.0
2026-09-30,TWSE,3059,華晶科,37.95,38.3,37.8,37.85,754485.0
2026-09-30,TWSE,3060,銘異,26.7,28.35,26.7,27.45,2096629.0
2026-09-30,TWSE,3062,建漢,21.9,22.35,21.85,22.0,1045142.0
2026-09-30,TWSE,3090,日電貿,163.5,164.0,160.0,161.0,1579579.0
2026-09-30,TWSE,3092,鴻碩,22.75,23.1,22.7,22.75,148779.0
2026-09-30,TWSE,3094,聯傑,53.0,59.7,52.7,59.7,10028323.0
2026-09-30,TWSE,3130,一零四,208.5,209.0,208.5,209.0,39946.0
2026-09-30,TWSE,3135,凌航,156.0,158.0,155.5,156.5,262621.0
2026-09-30,TWSE,3138,耀登,98.0,99.9,98.0,98.1,439498.0
2026-09-30,TWSE,3149,正達,63.2,68.0,63.0,67.3,9373933.0
2026-09-30,TWSE,3150,鈺寶-創,15.35,15.55,15.15,15.15,41000.0
2026-09-30,TWSE,3164,景岳,16.4,16.65,16.4,16.6,102558.0
2026-09-30,TWSE,3167,大量,936.0,946.0,895.0,903.0,4902893.0
2026-09-30,TWSE,3168,眾福科,42.3,42.3,42.15,42.15,8000.0
2026-09-30,TWSE,3189,景碩,960.0,969.0,939.0,955.0,16460239.0
2026-09-30,TWSE,3209,全科,45.85,46.15,45.3,45.5,691172.0
2026-09-30,TWSE,3229,晟鈦,56.5,58.5,56.2,57.1,1133433.0
2026-09-30,TWSE,3231,緯創,182.5,186.5,182.0,185.5,32141710.0
2026-09-30,TWSE,3257,虹冠電,48.7,50.0,48.7,49.3,147570.0
2026-09-30,TWSE,3266,昇陽,14.0,14.0,13.75,13.75,43120.0
2026-09-30,TWSE,3296,勝德,28.0,29.6,27.75,27.8,113130.0
2026-09-30,TWSE,3305,昇貿,103.0,105.0,103.0,104.5,624352.0
2026-09-30,TWSE,3308,聯德,21.85,23.5,21.85,22.2,228442.0
2026-09-30,TWSE,3311,閎暉,38.45,38.5,37.55,38.15,303974.0
2026-09-30,TWSE,3312,弘憶股,50.5,51.8,50.2,50.9,629455.0
2026-09-30,TWSE,3321,同泰,18.25,18.25,17.8,18.15,139227.0
2026-09-30,TWSE,3338,泰碩,67.6,68.2,67.6,67.9,208716.0
2026-09-30,TWSE,3346,麗清,23.85,24.15,23.25,23.8,722827.0
2026-09-30,TWSE,3356,奇偶,65.2,66.7,65.0,65.6,195733.0
2026-09-30,TWSE,3376,新日興,172.0,173.0,171.0,171.5,2076761.0
2026-09-30,TWSE,3380,明泰,31.8,32.3,31.45,31.6,3870773.0
2026-09-30,TWSE,3406,玉晶光,890.0,893.0,869.0,882.0,2568917.0
2026-09-30,TWSE,3413,京鼎,287.0,292.5,286.5,291.0,729896.0
2026-09-30,TWSE,3416,融程電,162.0,164.0,161.0,162.0,160947.0
2026-09-30,TWSE,3419,譁裕,10.9,11.8,10.9,11.8,488427.0
2026-09-30,TWSE,3432,台端,14.6,14.8,14.5,14.8,16088.0
2026-09-30,TWSE,3437,榮創,21.55,22.65,21.5,22.4,2071802.0
2026-09-30,TWSE,3443,創意,8410.0,8415.0,7925.0,7925.0,1082917.0
2026-09-30,TWSE,3447,展達,27.6,27.6,27.05,27.15,54033.0
2026-09-30,TWSE,3450,聯鈞,513.0,535.0,510.0,525.0,5251568.0
2026-09-30,TWSE,3481,群創,49.6,50.3,48.55,49.75,104276061.0
2026-09-30,TWSE,3494,誠研,7.17,7.17,6.92,7.09,44736.0
2026-09-30,TWSE,3501,維熹,37.9,37.9,37.5,37.5,151396.0
2026-09-30,TWSE,3504,揚明光,78.4,80.0,77.7,79.5,627895.0
2026-09-30,TWSE,3515,華擎,212.5,213.0,210.5,211.0,152206.0
2026-09-30,TWSE,3518,柏騰,35.0,37.4,35.0,37.4,5608941.0
2026-09-30,TWSE,3528,安馳,85.2,86.0,84.2,84.7,130611.0
2026-09-30,TWSE,3530,晶相光,58.5,59.5,58.4,58.4,39475.0
2026-09-30,TWSE,3532,台勝科,450.0,472.0,449.0,454.0,7089443.0
2026-09-30,TWSE,3533,嘉澤,1680.0,1765.0,1680.0,1710.0,2102968.0
2026-09-30,TWSE,3535,晶彩科,87.7,91.4,87.1,89.8,1109711.0
2026-09-30,TWSE,3543,州巧,46.45,50.2,46.1,50.2,4142472.0
2026-09-30,TWSE,3545,敦泰,51.0,52.6,51.0,51.9,503191.0
2026-09-30,TWSE,3550,聯穎,23.85,26.2,23.8,26.2,3498604.0
2026-09-30,TWSE,3557,嘉威,22.95,22.95,22.8,22.8,30567.0
2026-09-30,TWSE,3563,牧德,773.0,815.0,773.0,794.0,1814860.0
2026-09-30,TWSE,3576,聯合再生,18.25,18.4,17.95,17.95,11641227.0
2026-09-30,TWSE,3583,辛耘,698.0,721.0,698.0,713.0,714980.0
2026-09-30,TWSE,3588,通嘉,52.0,53.9,52.0,53.7,133618.0
2026-09-30,TWSE,3591,艾笛森,24.4,26.8,24.35,26.4,1678493.0
2026-09-30,TWSE,3592,瑞鼎,222.5,228.0,222.5,225.0,258399.0
2026-09-30,TWSE,3593,力銘,10.25,10.45,10.0,10.3,24771.0
2026-09-30,TWSE,3596,智易,154.5,155.5,153.0,153.5,450284.0
2026-09-30,TWSE,3605,宏致,182.0,190.5,179.0,182.5,12502653.0
2026-09-30,TWSE,3607,谷崧,13.7,13.8,13.7,13.7,55129.0
2026-09-30,TWSE,3617,碩天,242.0,245.5,240.5,240.5,258989.0
2026-09-30,TWSE,3622,洋華,44.2,44.75,44.0,44.65,112007.0
2026-09-30,TWSE,3645,達邁,73.3,73.3,71.7,72.7,1758340.0
2026-09-30,TWSE,3652,精聯,33.7,34.15,33.7,33.85,45323.0
2026-09-30,TWSE,3653,健策,7000.0,7160.0,6850.0,6895.0,1660061.0
2026-09-30,TWSE,3661,世芯-KY,3750.0,3795.0,3675.0,3685.0,1176972.0
2026-09-30,TWSE,3665,貿聯-KY,2385.0,2465.0,2375.0,2445.0,4555402.0
2026-09-30,TWSE,3669,圓展,32.25,32.5,32.25,32.45,49381.0
2026-09-30,TWSE,3673,TPK-KY,65.5,69.5,65.5,68.7,11366605.0
2026-09-30,TWSE,3679,新至陞,108.5,108.5,108.0,108.5,9180.0
2026-09-30,TWSE,3686,達能,14.65,15.0,14.65,14.85,41418.0
2026-09-30,TWSE,3694,海華,50.8,50.8,50.2,50.4,239881.0
2026-09-30,TWSE,3701,大眾控,41.15,42.9,41.15,41.75,552964.0
2026-09-30,TWSE,3702,大聯大,117.5,120.0,115.0,115.0,10942986.0
2026-09-30,TWSE,3703,欣陸,19.75,19.85,19.5,19.5,1119772.0
2026-09-30,TWSE,3704,合勤控,40.5,40.7,39.9,40.25,1130753.0
2026-09-30,TWSE,3705,永信,56.0,56.0,55.8,55.9,125154.0
2026-09-30,TWSE,3706,神達,78.5,79.0,78.2,78.9,2938741.0
2026-09-30,TWSE,3708,上緯投控,98.1,99.5,97.6,97.6,306892.0
2026-09-30,TWSE,3711,日月光投控,685.0,693.0,678.0,687.0,14276948.0
2026-09-30,TWSE,3712,永崴投控,20.7,20.9,20.6,20.65,426421.0
2026-09-30,TWSE,3714,富采,66.6,69.0,66.4,68.1,7402683.0
2026-09-30,TWSE,3715,定穎投控,121.5,126.5,120.5,124.5,2792958.0
2026-09-30,TWSE,3716,中化控股,33.95,34.15,33.75,33.9,134468.0
2026-09-30,TWSE,3717,聯嘉投控,26.0,27.85,25.85,27.85,17004945.0
2026-09-30,TWSE,4104,佳醫,71.9,72.5,71.9,72.1,135872.0
2026-09-30,TWSE,4106,雃博,24.1,24.25,24.1,24.25,46364.0
2026-09-30,TWSE,4108,懷特,11.45,11.75,11.35,11.35,133476.0
2026-09-30,TWSE,4119,旭富,56.7,56.9,55.3,55.4,112376.0
2026-09-30,TWSE,4133,亞諾法,20.35,20.8,20.35,20.45,46762.0
2026-09-30,TWSE,4137,麗豐-KY,76.3,76.9,76.3,76.5,76356.0
2026-09-30,TWSE,4142,國光生,17.8,18.15,17.8,18.1,1093940.0
2026-09-30,TWSE,4148,全宇生技-KY,32.1,32.25,31.7,31.95,58415.0
2026-09-30,TWSE,4155,訊映,14.85,14.85,14.6,14.6,150826.0
2026-09-30,TWSE,4164,承業醫,26.45,27.25,26.45,26.9,541103.0
2026-09-30,TWSE,4169,泰宗,148.0,152.5,147.5,148.5,65399.0
2026-09-30,TWSE,4178,永笙-KY,16.4,16.8,16.4,16.55,90603.0
2026-09-30,TWSE,4190,佐登-KY,25.15,25.15,25.05,25.05,6232.0
2026-09-30,TWSE,4195,基米-創,14.4,15.8,14.4,15.8,816104.0
2026-09-30,TWSE,4306,炎洲,14.5,14.8,14.35,14.65,863069.0
2026-09-30,TWSE,4414,如興,8.21,8.21,8.11,8.11,139371.0
2026-09-30,TWSE,4426,利勤,7.7,7.7,7.6,7.61,81280.0
2026-09-30,TWSE,4438,廣越,57.1,57.1,56.6,56.7,16880.0
2026-09-30,TWSE,4439,冠星-KY,96.8,96.8,95.0,96.5,14109.0
2026-09-30,TWSE,4440,宜新實業,17.45,17.5,17.35,17.45,27020.0
2026-09-30,TWSE,4441,振大環球,170.5,171.5,170.0,170.0,68339.0
2026-09-30,TWSE,4526,東台,31.75,32.7,31.45,32.15,1230357.0
2026-09-30,TWSE,4532,瑞智,25.2,25.35,25.0,25.05,535748.0
2026-09-30,TWSE,4536,拓凱,164.5,164.5,161.5,161.5,167097.0
2026-09-30,TWSE,4540,全球傳動,60.2,62.7,60.0,62.6,5084830.0
2026-09-30,TWSE,4545,銘鈺,34.15,35.6,33.7,35.55,326852.0
2026-09-30,TWSE,4551,智伸科,162.5,179.5,162.0,179.5,2692592.0
2026-09-30,TWSE,4552,力達-KY,15.5,15.55,15.35,15.35,126861.0
2026-09-30,TWSE,4555,氣立,41.75,42.25,41.2,41.6,69189.0
2026-09-30,TWSE,4557,永新-KY,49.6,50.4,49.6,50.1,34834.0
2026-09-30,TWSE,4560,強信-KY,29.55,29.55,29.2,29.35,139100.0
2026-09-30,TWSE,4562,穎漢,30.0,30.35,29.8,30.0,103878.0
2026-09-30,TWSE,4564,元翎,16.15,16.25,16.1,16.2,447952.0
2026-09-30,TWSE,4566,時碩工業,74.3,75.2,71.7,73.2,6270637.0
2026-09-30,TWSE,4569,六方科-KY,154.0,156.0,153.0,154.0,35115.0
2026-09-30,TWSE,4571,鈞興-KY,152.0,153.5,152.0,152.5,46746.0
2026-09-30,TWSE,4572,駐龍,140.0,140.0,138.5,139.0,15872.0
2026-09-30,TWSE,4576,大銀微系統,226.0,241.0,224.5,241.0,2503523.0
2026-09-30,TWSE,4581,光隆精密-KY,47.7,47.7,47.7,47.7,1000.0
2026-09-30,TWSE,4582,聚恆-創,22.45,22.45,22.2,22.2,23001.0
2026-09-30,TWSE,4583,台灣精銳,429.0,437.0,429.0,429.0,38563.0
2026-09-30,TWSE,4585,達明,289.0,295.5,289.0,290.0,130588.0
2026-09-30,TWSE,4588,玖鼎電力,54.9,55.6,54.6,55.3,40000.0
2026-09-30,TWSE,4590,富田-創,90.0,90.0,88.1,88.5,112776.0
2026-09-30,TWSE,4720,德淵,19.15,19.4,19.15,19.15,383913.0
2026-09-30,TWSE,4722,國精化,184.0,194.5,184.0,190.0,633493.0
2026-09-30,TWSE,4736,泰博,130.0,131.0,128.0,128.5,140135.0
2026-09-30,TWSE,4737,華廣,56.8,56.8,55.5,55.6,21141.0
2026-09-30,TWSE,4739,康普,80.1,85.0,80.0,83.2,1792925.0
2026-09-30,TWSE,4746,台耀,47.8,48.2,47.45,47.7,873374.0
2026-09-30,TWSE,4755,三福化,115.5,118.5,115.0,118.0,196326.0
2026-09-30,TWSE,4763,材料*-KY,46.4,46.85,45.8,46.85,6564454.0
2026-09-30,TWSE,4764,雙鍵,179.5,184.0,175.0,183.0,1162027.0
2026-09-30,TWSE,4766,南寶,343.5,344.0,341.0,341.0,75315.0
2026-09-30,TWSE,4770,上品,277.0,295.0,277.0,286.5,2148058.0
2026-09-30,TWSE,4771,望隼,213.5,215.0,211.0,211.5,76634.0
2026-09-30,TWSE,4807,日成-KY,29.55,29.55,29.15,29.15,59195.0
2026-09-30,TWSE,4904,遠傳,106.0,106.0,104.0,104.5,5442744.0
2026-09-30,TWSE,4906,正文,37.65,40.8,37.45,40.2,13404590.0
2026-09-30,TWSE,4912,聯德控股-KY,96.4,97.6,95.2,96.8,336807.0
2026-09-30,TWSE,4915,致伸,64.1,64.4,63.4,63.5,1749925.0
2026-09-30,TWSE,4916,事欣科,102.0,102.5,101.0,101.5,962674.0
2026-09-30,TWSE,4919,新唐,134.0,139.5,132.0,135.5,9319257.0
2026-09-30,TWSE,4927,泰鼎-KY,43.75,44.3,43.4,43.75,1936781.0
2026-09-30,TWSE,4930,燦星網,15.95,15.95,15.85,15.85,14291.0
2026-09-30,TWSE,4934,太極,14.2,14.25,14.1,14.15,192772.0
2026-09-30,TWSE,4935,茂林-KY,33.2,33.2,32.65,32.65,59283.0
2026-09-30,TWSE,4938,和碩,91.8,95.0,90.8,90.8,11561261.0
2026-09-30,TWSE,4942,嘉彰,31.95,32.0,31.7,31.95,45000.0
2026-09-30,TWSE,4943,康控-KY,7.11,7.14,6.98,6.98,16653.0
2026-09-30,TWSE,4949,有成精密,74.7,76.9,74.6,76.0,499018.0
2026-09-30,TWSE,4952,凌通,48.95,49.8,48.95,49.2,115759.0
2026-09-30,TWSE,4956,光鋐,43.55,46.2,43.5,46.0,16057652.0
2026-09-30,TWSE,4958,臻鼎-KY,479.0,499.5,472.5,498.5,41991459.0
2026-09-30,TWSE,4960,誠美材,22.3,23.85,22.3,23.45,5046690.0
2026-09-30,TWSE,4961,天鈺,180.5,188.0,179.5,184.5,1610173.0
2026-09-30,TWSE,4967,十銓,270.5,273.0,270.0,272.0,572713.0
2026-09-30,TWSE,4968,立積,92.5,94.0,92.2,92.8,264713.0
2026-09-30,TWSE,4976,佳凌,35.2,35.65,35.1,35.5,455830.0
2026-09-30,TWSE,4977,眾達-KY,167.0,171.5,165.5,168.5,1245907.0
2026-09-30,TWSE,4989,榮科,59.6,60.3,59.3,59.5,1431027.0
2026-09-30,TWSE,4994,傳奇,82.5,82.5,81.0,82.3,8694.0
2026-09-30,TWSE,4999,鑫禾,17.95,18.0,17.7,17.7,37859.0
2026-09-30,TWSE,5007,三星,55.6,56.0,55.4,55.4,42297.0
2026-09-30,TWSE,5203,訊連,58.3,60.1,58.3,58.6,147899.0
2026-09-30,TWSE,5215,科嘉-KY,38.05,38.05,37.3,37.3,30159.0
2026-09-30,TWSE,5222,全訊,106.0,107.0,104.5,104.5,159423.0
2026-09-30,TWSE,5225,東科-KY,56.1,56.2,55.0,55.3,116342.0
2026-09-30,TWSE,5234,達興材料,294.5,322.0,294.0,322.0,635167.0
2026-09-30,TWSE,5236,凌陽創新,135.5,137.0,135.0,135.5,48510.0
2026-09-30,TWSE,5243,乙盛-KY,88.1,89.6,88.0,88.7,593023.0
2026-09-30,TWSE,5244,弘凱,35.05,36.0,35.0,35.5,81001.0
2026-09-30,TWSE,5258,虹堡,41.6,41.6,41.2,41.2,113462.0
2026-09-30,TWSE,5269,祥碩,1485.0,1495.0,1460.0,1475.0,255261.0
2026-09-30,TWSE,5283,禾聯碩,52.8,53.1,52.5,52.6,36234.0
2026-09-30,TWSE,5284,jpp-KY,298.5,303.0,298.0,300.0,260949.0
2026-09-30,TWSE,5285,界霖,89.9,92.9,89.1,90.5,781129.0
2026-09-30,TWSE,5288,豐祥-KY,188.0,188.5,186.0,186.5,103079.0
2026-09-30,TWSE,5292,華懋,217.0,219.0,215.5,218.5,36861.0
2026-09-30,TWSE,5306,桂盟,88.8,89.3,88.5,88.6,49248.0
2026-09-30,TWSE,5388,中磊,73.1,73.1,71.7,71.7,2347623.0
2026-09-30,TWSE,5434,崇越,539.0,545.0,538.0,540.0,390228.0
2026-09-30,TWSE,5469,瀚宇博,73.4,73.8,73.1,73.6,584373.0
2026-09-30,TWSE,5471,松翰,51.9,52.9,51.8,52.7,521664.0
2026-09-30,TWSE,5484,慧友,39.7,39.7,39.15,39.25,74494.0
2026-09-30,TWSE,5515,建國,52.5,52.8,52.3,52.7,253867.0
2026-09-30,TWSE,5519,隆大,25.05,25.15,25.0,25.0,147353.0
2026-09-30,TWSE,5521,工信,10.5,10.5,10.45,10.5,601362.0
2026-09-30,TWSE,5522,遠雄,60.7,61.0,60.7,60.7,371905.0
2026-09-30,TWSE,5525,順天,22.0,22.0,21.8,21.95,53695.0
2026-09-30,TWSE,5531,鄉林,6.96,7.01,6.85,6.85,677557.0
2026-09-30,TWSE,5533,皇鼎,13.95,13.95,13.85,13.85,22277.0
2026-09-30,TWSE,5534,長虹,73.8,73.9,73.3,73.3,500299.0
2026-09-30,TWSE,5538,東明-KY,36.2,36.2,35.3,35.4,26710.0
2026-09-30,TWSE,5546,永固-KY,14.2,14.2,14.1,14.1,32000.0
2026-09-30,TWSE,5607,遠雄港,52.3,52.6,51.7,51.9,796752.0
2026-09-30,TWSE,5608,四維航,16.95,17.0,16.6,16.7,2452196.0
2026-09-30,TWSE,5706,鳳凰,44.3,44.3,43.6,43.9,67556.0
2026-09-30,TWSE,5871,中租-KY,107.0,107.5,106.5,107.0,5001745.0
2026-09-30,TWSE,5876,上海商銀,48.95,49.35,48.55,48.85,6497420.0
2026-09-30,TWSE,5880,合庫金,26.45,26.6,26.0,26.05,17358159.0
2026-09-30,TWSE,5906,台南-KY,,,,,
2026-09-30,TWSE,5907,大洋-KY,4.85,4.85,4.79,4.79,96136.0
2026-09-30,TWSE,6005,群益證,32.0,32.15,31.65,31.65,4412919.0
2026-09-30,TWSE,6024,群益期,60.8,61.1,59.7,60.2,304599.0
2026-09-30,TWSE,6108,競國,24.5,24.65,24.0,24.4,1269830.0
2026-09-30,TWSE,6112,邁達特,47.75,47.9,47.0,47.35,861750.0
2026-09-30,TWSE,6115,鎰勝,44.05,44.3,43.95,44.0,113334.0
2026-09-30,TWSE,6116,彩晶,14.9,15.2,14.6,14.9,32973446.0
2026-09-30,TWSE,6117,迎廣,61.9,62.2,61.7,61.7,154228.0
2026-09-30,TWSE,6120,達運,12.75,13.25,12.65,13.05,2603544.0
2026-09-30,TWSE,6128,上福,19.1,19.35,19.1,19.1,35311.0
2026-09-30,TWSE,6133,金橋,25.9,28.5,25.9,28.5,9954159.0
2026-09-30,TWSE,6136,富爾特,24.9,25.15,24.85,24.95,130621.0
2026-09-30,TWSE,6139,亞翔,753.0,759.0,726.0,732.0,3500385.0
2026-09-30,TWSE,6141,柏承,52.6,53.3,51.3,52.9,1437515.0
2026-09-30,TWSE,6142,友勁,9.19,9.19,9.05,9.06,262971.0
2026-09-30,TWSE,6152,百一,15.05,15.1,14.75,15.1,588881.0
2026-09-30,TWSE,6153,嘉聯益,17.2,17.75,17.2,17.65,3119140.0
2026-09-30,TWSE,6155,鈞寶,61.5,64.9,61.2,64.0,7364788.0
2026-09-30,TWSE,6164,華興,12.2,12.5,12.2,12.4,254364.0
2026-09-30,TWSE,6165,浪凡,48.95,49.1,48.6,48.85,113250.0
2026-09-30,TWSE,6166,凌華,131.0,143.5,130.0,135.0,5049553.0
2026-09-30,TWSE,6168,宏齊,44.4,45.55,44.3,45.2,5660688.0
2026-09-30,TWSE,6176,瑞儀,91.2,91.9,90.2,90.2,1403217.0
2026-09-30,TWSE,6177,達麗,46.25,46.55,46.0,46.25,620878.0
2026-09-30,TWSE,6183,關貿,91.3,91.3,90.0,90.5,78004.0
2026-09-30,TWSE,6184,大豐電,40.3,40.35,40.0,40.1,94428.0
2026-09-30,TWSE,6189,豐藝,49.2,50.3,49.2,50.2,997103.0
2026-09-30,TWSE,6191,精成科,82.3,83.9,82.1,83.1,1039095.0
2026-09-30,TWSE,6192,巨路,110.0,110.5,109.5,109.5,78523.0
2026-09-30,TWSE,6196,帆宣,554.0,554.0,537.0,544.0,1880519.0
2026-09-30,TWSE,6197,佳必琪,322.0,322.5,318.5,319.0,683759.0
2026-09-30,TWSE,6201,亞弘電,44.8,44.8,44.1,44.2,47983.0
2026-09-30,TWSE,6202,盛群,58.2,59.0,58.0,58.4,694313.0
2026-09-30,TWSE,6205,詮欣,72.5,72.8,70.5,71.1,2134375.0
2026-09-30,TWSE,6206,飛捷,139.0,145.0,138.5,143.0,1288184.0
2026-09-30,TWSE,6209,今國光,80.1,84.2,79.6,81.5,10707256.0
2026-09-30,TWSE,6213,聯茂,620.0,628.0,588.0,620.0,27479007.0
2026-09-30,TWSE,6214,精誠,190.5,190.5,188.0,189.0,1149103.0
2026-09-30,TWSE,6215,和椿,96.8,98.2,96.3,97.2,178676.0
2026-09-30,TWSE,6216,居易,19.5,19.6,19.45,19.5,49833.0
2026-09-30,TWSE,6224,聚鼎,82.2,82.2,79.4,81.2,704380.0
2026-09-30,TWSE,6225,天瀚,46.35,55.4,46.35,55.4,800324.0
2026-09-30,TWSE,6226,光鼎,44.25,45.55,43.45,45.55,2182112.0
2026-09-30,TWSE,6230,尼得科超眾,113.0,115.5,111.5,111.5,39395.0
2026-09-30,TWSE,6235,華孚,38.6,39.4,38.55,38.85,229677.0
2026-09-30,TWSE,6239,力成,285.5,285.5,279.5,281.0,6785487.0
2026-09-30,TWSE,6243,迅杰,39.5,39.85,38.9,39.0,362425.0
2026-09-30,TWSE,6257,矽格,239.5,241.5,235.0,236.5,6304390.0
2026-09-30,TWSE,6269,台郡,64.8,65.4,64.3,64.9,1825258.0
2026-09-30,TWSE,6271,同欣電,227.0,229.5,226.0,227.0,1230881.0
2026-09-30,TWSE,6272,驊陞,25.45,25.45,25.0,25.4,140022.0
2026-09-30,TWSE,6277,宏正,77.4,78.5,76.6,76.7,132823.0
2026-09-30,TWSE,6278,台表科,209.0,221.5,209.0,216.0,11298020.0
2026-09-30,TWSE,6281,全國電,51.0,51.2,50.8,51.2,48633.0
2026-09-30,TWSE,6282,康舒,42.75,43.35,42.55,42.8,2561775.0
2026-09-30,TWSE,6283,淳安,18.85,19.25,18.8,18.8,60120.0
2026-09-30,TWSE,6285,啟碁,238.5,238.5,232.0,232.5,2760613.0
2026-09-30,TWSE,6405,悅城,41.1,45.55,40.95,45.55,1486305.0
2026-09-30,TWSE,6409,旭隼,877.0,894.0,872.0,877.0,225342.0
2026-09-30,TWSE,6412,群電,74.3,75.2,73.8,74.1,437674.0
2026-09-30,TWSE,6414,樺漢,380.5,409.5,377.5,398.0,3643742.0
2026-09-30,TWSE,6415,矽力*-KY,416.0,417.0,408.5,409.0,3215719.0
2026-09-30,TWSE,6416,瑞祺電通,116.0,118.0,115.0,116.0,276356.0
2026-09-30,TWSE,6426,統新,381.5,388.5,350.5,354.0,3408026.0
2026-09-30,TWSE,6431,光麗-KY,17.2,17.55,17.0,17.55,40001.0
2026-09-30,TWSE,6438,迅得,157.0,164.0,156.0,162.0,1008689.0
2026-09-30,TWSE,6442,光聖,1530.0,1545.0,1490.0,1500.0,850892.0
2026-09-30,TWSE,6443,元晶,27.4,27.9,27.2,27.5,3356314.0
2026-09-30,TWSE,6446,藥華藥,1160.0,1200.0,1160.0,1195.0,2230766.0
2026-09-30,TWSE,6449,鈺邦,211.0,211.0,205.0,205.5,510332.0
2026-09-30,TWSE,6451,訊芯-KY,410.0,422.5,408.5,416.5,822428.0
2026-09-30,TWSE,6456,GIS-KY,85.0,89.4,84.1,89.4,18926798.0
2026-09-30,TWSE,6464,台數科,76.5,76.5,75.8,75.8,19400.0
2026-09-30,TWSE,6472,保瑞,425.5,428.5,422.0,422.5,277944.0
2026-09-30,TWSE,6477,安集,34.0,34.35,34.0,34.1,230701.0
2026-09-30,TWSE,6491,晶碩,402.0,406.0,399.5,406.0,213667.0
2026-09-30,TWSE,6504,南六,37.5,37.5,37.0,37.2,3094.0
2026-09-30,TWSE,6505,台塑化,90.0,95.5,89.9,94.3,40587920.0
2026-09-30,TWSE,6515,穎崴,5720.0,5765.0,5650.0,5675.0,384513.0
2026-09-30,TWSE,6525,捷敏-KY,133.5,137.5,132.5,133.5,552653.0
2026-09-30,TWSE,6526,達發,825.0,833.0,800.0,814.0,1776119.0
2026-09-30,TWSE,6531,愛普*,980.0,980.0,916.0,929.0,4705817.0
2026-09-30,TWSE,6533,晶心科,272.5,303.5,268.0,303.5,11054299.0
2026-09-30,TWSE,6534,正瀚-創,90.5,90.5,89.8,89.8,13284.0
2026-09-30,TWSE,6541,泰福-KY,30.15,30.55,29.95,29.95,711417.0
2026-09-30,TWSE,6550,北極星藥業-KY,18.25,18.35,17.2,17.4,1596103.0
2026-09-30,TWSE,6552,易華電,24.85,25.1,24.65,24.8,59443.0
2026-09-30,TWSE,6558,興能高,24.7,25.65,24.7,25.4,761437.0
2026-09-30,TWSE,6573,虹揚-KY,15.9,15.9,15.75,15.9,77020.0
2026-09-30,TWSE,6579,研揚,153.5,160.5,153.0,157.5,667432.0
2026-09-30,TWSE,6581,鋼聯,108.0,108.5,108.0,108.0,11296.0
2026-09-30,TWSE,6582,申豐,31.05,31.1,30.8,30.8,74462.0
2026-09-30,TWSE,6585,鼎基,104.5,105.0,103.0,103.5,79882.0
2026-09-30,TWSE,6589,台康生技,51.5,51.8,51.0,51.6,355887.0
2026-09-30,TWSE,6591,動力-KY,44.1,44.2,43.2,43.2,64009.0
2026-09-30,TWSE,6592,和潤企業,57.4,57.6,56.9,56.9,740809.0
2026-09-30,TWSE,6598,ABC-KY,27.3,27.6,27.15,27.2,87846.0
2026-09-30,TWSE,6605,帝寶,139.0,139.0,137.0,138.0,177541.0
2026-09-30,TWSE,6606,建德工業,25.45,25.45,24.7,24.75,77626.0
2026-09-30,TWSE,6614,資拓宏宇,35.5,35.5,35.1,35.15,37754.0
2026-09-30,TWSE,6625,必應,74.0,74.0,73.6,73.9,115776.0
2026-09-30,TWSE,6641,基士德-KY,16.95,16.95,16.95,16.95,1000.0
2026-09-30,TWSE,6645,金萬林-創,12.5,12.9,12.0,12.5,53051.0
2026-09-30,TWSE,6655,科定,124.5,124.5,124.5,124.5,3010.0
2026-09-30,TWSE,6657,華安,32.8,33.3,32.25,32.45,76576.0
2026-09-30,TWSE,6658,聯策,179.5,183.0,177.5,181.0,206713.0
2026-09-30,TWSE,6666,羅麗芬-KY,45.25,45.95,45.05,45.65,20185.0
2026-09-30,TWSE,6668,中揚光,47.0,49.45,46.85,47.65,1980484.0
2026-09-30,TWSE,6669,緯穎,2105.0,2125.0,2085.0,2100.0,1642771.0
2026-09-30,TWSE,6670,復盛應用,273.0,277.0,273.0,273.0,232821.0
2026-09-30,TWSE,6671,三能-KY,23.1,23.1,22.8,22.85,9000.0
2026-09-30,TWSE,6672,騰輝電子-KY,330.5,335.5,321.0,335.5,8175142.0
2026-09-30,TWSE,6674,鋐寶科技,18.35,18.35,18.25,18.25,327304.0
2026-09-30,TWSE,6689,伊雲谷,63.9,64.8,63.9,64.4,131757.0
2026-09-30,TWSE,6691,洋基工程,657.0,665.0,645.0,654.0,923010.0
2026-09-30,TWSE,6695,芯鼎,50.7,54.5,50.3,54.1,1257413.0
2026-09-30,TWSE,6698,旭暉應材,31.7,33.9,31.6,33.9,241170.0
2026-09-30,TWSE,6706,惠特,142.0,154.5,141.5,151.0,4511914.0
2026-09-30,TWSE,6715,嘉基,460.0,468.5,442.0,452.0,346088.0
2026-09-30,TWSE,6719,力智,183.5,186.0,183.5,184.0,432838.0
2026-09-30,TWSE,6722,輝創,32.4,32.65,32.3,32.3,15187.0
2026-09-30,TWSE,6742,澤米,53.3,55.0,53.3,54.2,723913.0
2026-09-30,TWSE,6743,安普新,30.6,32.35,30.6,31.1,692999.0
2026-09-30,TWSE,6753,龍德造船,132.5,134.5,132.0,132.5,206011.0
2026-09-30,TWSE,6754,匯僑設計,41.5,41.55,41.4,41.4,11301.0
2026-09-30,TWSE,6756,威鋒電子,97.5,99.0,97.5,98.8,79769.0
2026-09-30,TWSE,6757,台灣虎航,53.4,53.6,52.9,53.4,346431.0
2026-09-30,TWSE,6768,志強-KY,62.8,63.3,62.3,62.5,101164.0
2026-09-30,TWSE,6770,力積電,71.1,72.9,70.6,72.3,63341436.0
2026-09-30,TWSE,6771,平和環保-創,42.2,42.5,41.7,41.8,20118.0
2026-09-30,TWSE,6776,展碁國際,51.8,52.1,51.7,51.9,70436.0
2026-09-30,TWSE,6781,AES-KY,1015.0,1025.0,1010.0,1010.0,253538.0
2026-09-30,TWSE,6782,視陽,231.0,238.0,230.5,234.5,129912.0
2026-09-30,TWSE,6789,采鈺,465.0,482.0,463.0,478.5,922802.0
2026-09-30,TWSE,6790,永豐實,37.7,37.75,37.55,37.6,128761.0
2026-09-30,TWSE,6792,詠業,59.0,59.2,58.9,58.9,21104.0
2026-09-30,TWSE,6794,向榮生技,73.7,73.7,70.8,71.8,36010.0
2026-09-30,TWSE,6796,晉弘,52.0,52.0,51.4,51.7,26423.0
2026-09-30,TWSE,6799,來頡,86.7,92.9,86.7,90.3,744102.0
2026-09-30,TWSE,6805,富世達,2455.0,2550.0,2420.0,2515.0,1045620.0
2026-09-30,TWSE,6807,峰源-KY,31.75,32.1,31.5,31.9,13913.0
2026-09-30,TWSE,6830,汎銓,539.0,548.0,532.0,533.0,911857.0
2026-09-30,TWSE,6831,邁科,497.5,497.5,485.5,492.0,786787.0
2026-09-30,TWSE,6834,天二科技,114.0,116.0,111.5,112.5,2757804.0
2026-09-30,TWSE,6835,圓裕,31.6,31.6,30.9,30.9,7241.0
2026-09-30,TWSE,6838,台新藥,25.5,26.25,25.45,25.65,274766.0
2026-09-30,TWSE,6854,錼創科技-KY創,92.0,92.4,90.7,91.0,88099.0
2026-09-30,TWSE,6861,睿生光電,271.0,288.0,270.5,285.0,2318339.0
2026-09-30,TWSE,6862,三集瑞-KY,140.0,140.0,138.0,138.0,40327.0
2026-09-30,TWSE,6863,永道-KY,96.6,97.1,95.9,96.2,35979.0
2026-09-30,TWSE,6869,雲豹能源,69.5,71.5,68.8,70.9,457988.0
2026-09-30,TWSE,6873,泓德能源,68.4,68.4,67.1,67.9,133311.0
2026-09-30,TWSE,6885,全福生技,31.0,32.3,30.7,31.0,1297844.0
2026-09-30,TWSE,6887,寶綠特-KY,37.75,38.9,37.55,38.1,17108.0
2026-09-30,TWSE,6890,來億-KY,146.5,149.5,146.5,147.0,86198.0
2026-09-30,TWSE,6901,鑽石投資,16.4,17.25,16.4,17.25,4821111.0
2026-09-30,TWSE,6902,GOGOLOOK,173.0,175.0,162.0,162.5,739617.0
2026-09-30,TWSE,6906,現觀科,84.4,84.4,82.5,83.7,27331.0
2026-09-30,TWSE,6908,宏碁遊戲-創,28.0,28.0,27.0,27.05,262835.0
2026-09-30,TWSE,6909,創控,41.95,42.7,41.95,41.95,261738.0
2026-09-30,TWSE,6914,阜爾運通,120.5,120.5,119.5,119.5,43637.0
2026-09-30,TWSE,6916,華凌,18.75,19.25,18.45,18.45,36717.0
2026-09-30,TWSE,6918,愛派司,74.1,74.1,73.5,74.0,277687.0
2026-09-30,TWSE,6919,康霈*,80.1,81.4,79.5,79.5,3299496.0
2026-09-30,TWSE,6921,嘉雨思-創,68.7,68.7,65.4,67.0,27012.0
2026-09-30,TWSE,6923,中台,77.2,77.2,74.7,74.8,57356.0
2026-09-30,TWSE,6924,榮惠-KY創,136.0,137.0,134.0,135.0,11462.0
2026-09-30,TWSE,6928,攸泰科技,45.5,46.3,45.45,45.5,29926.0
2026-09-30,TWSE,6931,青松健康,39.9,39.9,38.75,38.75,45371.0
2026-09-30,TWSE,6933,AMAX-KY,385.5,395.0,375.5,378.0,4137444.0
2026-09-30,TWSE,6934,心誠鎂,73.2,76.1,73.1,76.1,42232.0
2026-09-30,TWSE,6936,永鴻生技,31.7,31.7,31.7,31.7,3150.0
2026-09-30,TWSE,6937,天虹,300.5,314.0,299.5,308.0,1184738.0
2026-09-30,TWSE,6944,兆聯實業,763.0,795.0,760.0,776.0,674422.0
2026-09-30,TWSE,6947,台鎔科技,67.1,69.0,67.0,67.2,147551.0
2026-09-30,TWSE,6949,沛爾生醫*-創,49.85,51.5,48.45,49.2,3077533.0
2026-09-30,TWSE,6951,青新-創,69.5,69.5,69.1,69.1,28225.0
2026-09-30,TWSE,6952,大武山,38.0,38.8,38.0,38.8,19852.0
2026-09-30,TWSE,6955,邦睿生技-創,95.3,95.3,95.3,95.3,1008.0
2026-09-30,TWSE,6957,裕慶-KY,334.5,337.5,307.5,337.5,842520.0
2026-09-30,TWSE,6958,日盛台駿,17.45,17.45,17.05,17.05,35256.0
2026-09-30,TWSE,6962,奕力-KY,31.2,32.1,31.2,31.85,1348910.0
2026-09-30,TWSE,6965,中傑-KY,66.4,67.0,64.8,64.8,84456.0
2026-09-30,TWSE,6969,成信實業*-創,30.65,31.65,30.25,31.65,163053.0
2026-09-30,TWSE,6988,威力暘-創,11.55,11.6,11.4,11.5,143000.0
2026-09-30,TWSE,6994,富威電力,26.5,26.65,26.1,26.6,299424.0
2026-09-30,TWSE,7610,聯友金屬-創,1790.0,1835.0,1730.0,1730.0,565924.0
2026-09-30,TWSE,7631,聚賢研發-創,139.0,139.0,137.5,137.5,20037.0
2026-09-30,TWSE,7689,大鵬科CLMX,158.5,161.0,158.5,158.5,26406.0
2026-09-30,TWSE,7705,三商餐飲,29.9,29.9,29.75,29.75,39583.0
2026-09-30,TWSE,7711,永擎,540.0,553.0,537.0,546.0,438674.0
2026-09-30,TWSE,7721,微程式,61.7,62.2,61.7,61.8,33463.0
2026-09-30,TWSE,7722,LINEPAY,258.5,260.0,257.0,258.0,53965.0
2026-09-30,TWSE,7730,暉盛-創,173.0,176.0,172.5,174.5,66534.0
2026-09-30,TWSE,7732,金興精密,33.5,33.5,32.8,33.5,23025.0
2026-09-30,TWSE,7736,虎山,68.3,68.5,68.2,68.2,27095.0
2026-09-30,TWSE,7740,熙特爾-創,107.0,108.0,102.0,102.0,337585.0
2026-09-30,TWSE,7749,意騰-KY,393.5,394.0,385.0,386.0,226401.0
2026-09-30,TWSE,7750,新代,1960.0,1980.0,1940.0,1960.0,82412.0
2026-09-30,TWSE,7760,享溫馨,32.6,33.25,32.6,33.25,17030.0
2026-09-30,TWSE,7765,中華資安,240.0,240.0,235.5,237.0,111626.0
2026-09-30,TWSE,7768,頌勝科技,304.5,307.5,297.0,304.0,114668.0
2026-09-30,TWSE,7769,鴻勁,5605.0,5795.0,5570.0,5585.0,992836.0
2026-09-30,TWSE,7780,大研生醫*,16.05,16.2,16.0,16.05,450257.0
2026-09-30,TWSE,7786,東方風能,118.0,120.5,116.5,118.5,110073.0
2026-09-30,TWSE,7788,松川精密,290.5,296.0,287.0,287.5,928026.0
2026-09-30,TWSE,7791,皇家可口,55.1,55.4,55.0,55.4,41945.0
2026-09-30,TWSE,7795,長廣,480.0,502.0,480.0,496.0,517331.0
2026-09-30,TWSE,7799,禾榮科,496.0,510.0,490.0,490.5,621797.0
2026-09-30,TWSE,7803,雲象科技-創,18.0,18.0,17.6,17.75,52156.0
2026-09-30,TWSE,7812,稜研科技*-創,70.4,70.8,69.1,69.4,64523.0
2026-09-30,TWSE,7818,溢泰實業,59.9,59.9,59.4,59.9,54677.0
2026-09-30,TWSE,7821,神數,36.4,36.6,36.05,36.1,176922.0
2026-09-30,TWSE,7822,倍利科,930.0,986.0,925.0,976.0,361243.0
2026-09-30,TWSE,7823,奧義賽博-KY創,81.5,81.5,80.0,80.0,39162.0
2026-09-30,TWSE,7827,漢康-KY創,161.0,167.0,158.0,163.5,407175.0
2026-09-30,TWSE,7835,永悅健康-創,20.0,20.0,19.9,20.0,44054.0
2026-09-30,TWSE,7855,和運租車,41.85,41.85,41.5,41.5,867500.0
2026-09-30,TWSE,8011,台通,15.9,16.0,15.75,15.8,169654.0
2026-09-30,TWSE,8016,矽創,284.0,286.0,282.5,285.0,334696.0
2026-09-30,TWSE,8021,尖點,475.5,481.5,470.0,480.0,755727.0
2026-09-30,TWSE,8028,昇陽半導體,270.5,295.5,269.5,289.0,18892813.0
2026-09-30,TWSE,8033,雷虎,168.5,173.0,168.5,169.0,1566222.0
2026-09-30,TWSE,8039,台虹,257.5,273.5,256.5,273.5,14052899.0
2026-09-30,TWSE,8045,達運光電,53.6,54.5,53.2,53.4,85861.0
2026-09-30,TWSE,8046,南電,1210.0,1280.0,1200.0,1270.0,9218794.0
2026-09-30,TWSE,8070,長華*,49.75,50.0,49.4,49.7,667296.0
2026-09-30,TWSE,8072,陞泰,28.35,28.35,27.7,27.8,148699.0
2026-09-30,TWSE,8081,致新,254.0,257.0,253.0,255.5,360523.0
2026-09-30,TWSE,8101,華冠,10.95,11.0,10.7,10.7,6828.0
2026-09-30,TWSE,8103,瀚荃,122.5,122.5,117.0,117.0,3898756.0
2026-09-30,TWSE,8104,錸寶,31.1,31.7,31.0,31.4,414116.0
2026-09-30,TWSE,8105,凌巨,14.9,15.0,14.7,14.9,988490.0
2026-09-30,TWSE,8110,華東,48.5,48.9,48.0,48.4,4399510.0
2026-09-30,TWSE,8112,至上,83.5,83.6,82.6,82.7,3568622.0
2026-09-30,TWSE,8114,振樺電,177.5,181.0,177.5,179.0,213036.0
2026-09-30,TWSE,8131,福懋科,61.4,61.8,60.9,61.6,607921.0
2026-09-30,TWSE,8150,南茂,112.0,112.0,104.5,104.5,53281367.0
2026-09-30,TWSE,8162,微矽電子-創,65.6,66.5,64.5,65.4,412662.0
2026-09-30,TWSE,8163,達方,30.2,30.3,29.8,30.15,385982.0
2026-09-30,TWSE,8201,無敵,14.6,14.6,14.2,14.6,843746.0
2026-09-30,TWSE,8210,勤誠,894.0,894.0,876.0,877.0,1137156.0
2026-09-30,TWSE,8213,志超,33.1,33.1,32.8,32.8,529799.0
2026-09-30,TWSE,8215,明基材,27.85,28.4,27.6,28.0,1185197.0
2026-09-30,TWSE,8222,寶一,35.25,35.6,35.25,35.3,101144.0
2026-09-30,TWSE,8249,菱光,39.3,39.65,38.05,39.05,384513.0
2026-09-30,TWSE,8261,富鼎,174.5,181.5,174.5,176.5,1003785.0
2026-09-30,TWSE,8271,宇瞻,200.0,201.5,199.0,199.5,564200.0
2026-09-30,TWSE,8341,日友,74.5,74.6,74.3,74.3,101431.0
2026-09-30,TWSE,8367,建新國際,40.6,40.6,40.05,40.05,7068.0
2026-09-30,TWSE,8374,羅昇,75.4,76.7,75.4,76.0,105764.0
2026-09-30,TWSE,8404,百和興業-KY,13.6,13.6,13.15,13.15,378530.0
2026-09-30,TWSE,8411,福貞-KY,11.9,11.95,11.65,11.9,435221.0
2026-09-30,TWSE,8422,可寧衛*,25.75,25.75,25.45,25.5,2697535.0
2026-09-30,TWSE,8429,金麗-KY,5.85,5.88,5.82,5.85,149803.0
2026-09-30,TWSE,8438,昶昕,76.9,83.4,76.6,80.0,682528.0
2026-09-30,TWSE,8442,威宏-KY,44.55,44.8,44.05,44.8,39185.0
2026-09-30,TWSE,8443,阿瘦,11.1,11.15,11.1,11.15,3566.0
2026-09-30,TWSE,8454,富邦媒,239.0,240.0,236.0,236.0,339721.0
2026-09-30,TWSE,8462,柏文,158.0,158.0,156.5,157.0,55925.0
2026-09-30,TWSE,8463,潤泰材,21.0,21.1,20.9,20.95,101166.0
2026-09-30,TWSE,8464,億豐,372.5,375.0,371.0,372.5,525038.0
2026-09-30,TWSE,8466,美吉吉-KY,16.1,16.1,15.25,15.25,33002.0
2026-09-30,TWSE,8467,波力-KY,89.0,89.0,88.0,88.0,5340.0
2026-09-30,TWSE,8473,山林水,39.4,39.8,39.25,39.5,286371.0
2026-09-30,TWSE,8476,台境*,19.5,20.35,19.5,19.85,247315.0
2026-09-30,TWSE,8478,東哥遊艇,139.5,140.0,139.0,139.0,48714.0
2026-09-30,TWSE,8481,政伸,40.8,40.8,40.6,40.7,23000.0
2026-09-30,TWSE,8482,商億-KY,47.05,47.05,47.05,47.05,1000.0
2026-09-30,TWSE,8487,愛爾達-創,70.3,70.4,70.0,70.4,15023.0
2026-09-30,TWSE,8488,吉源-KY,9.8,9.81,9.8,9.8,8000.0
2026-09-30,TWSE,8499,鼎炫-KY,254.5,258.0,254.5,257.0,17191.0
2026-09-30,TWSE,8926,台汽電,59.2,59.2,58.3,58.3,1273804.0
2026-09-30,TWSE,8940,新天地,15.1,15.1,15.0,15.0,13923.0
2026-09-30,TWSE,8996,高力,1505.0,1625.0,1480.0,1585.0,5083158.0
2026-09-30,TWSE,9103,美德醫療-DR,4.97,5.01,4.96,4.96,524463.0
2026-09-30,TWSE,9105,泰金寶-DR,8.42,8.72,8.38,8.66,22593426.0
2026-09-30,TWSE,9110,越南控-DR,2.91,2.91,2.57,2.85,13000.0
2026-09-30,TWSE,9136,巨騰-DR,9.19,9.3,9.05,9.13,331515.0
2026-09-30,TWSE,9802,鈺齊-KY,64.0,64.9,63.9,64.7,372962.0
2026-09-30,TWSE,9902,台火,13.3,13.3,13.05,13.05,106715.0
2026-09-30,TWSE,9904,寶成,25.0,25.0,24.8,24.8,8331264.0
2026-09-30,TWSE,9905,大華,21.2,21.25,21.2,21.2,62421.0
2026-09-30,TWSE,9906,欣巴巴,39.55,41.7,39.3,39.3,54943.0
2026-09-30,TWSE,9907,統一實,14.85,14.9,14.7,14.7,2608962.0
2026-09-30,TWSE,9908,大台北,28.95,29.0,28.9,28.9,105882.0
2026-09-30,TWSE,9910,豐泰,69.6,70.5,68.9,69.1,691928.0
2026-09-30,TWSE,9911,櫻花,81.7,81.9,81.3,81.6,196240.0
2026-09-30,TWSE,9912,偉聯,12.8,12.95,12.8,12.95,12357.0
2026-09-30,TWSE,9914,美利達,66.6,68.5,66.6,67.1,1913117.0
2026-09-30,TWSE,9917,中保科,106.0,106.5,105.5,105.5,337338.0
2026-09-30,TWSE,9918,欣天然,42.45,42.95,42.35,42.5,14677.0
2026-09-30,TWSE,9919,康那香,13.8,13.8,13.5,13.7,725134.0
2026-09-30,TWSE,9921,巨大,91.5,95.8,91.5,94.1,1580527.0
2026-09-30,TWSE,9924,福興,37.85,38.0,37.75,37.75,51682.0
2026-09-30,TWSE,9925,新保,39.65,39.7,39.45,39.45,581438.0
2026-09-30,TWSE,9926,新海,49.0,49.0,48.8,48.8,12055.0
2026-09-30,TWSE,9927,泰銘,70.2,70.2,69.5,69.9,448407.0
2026-09-30,TWSE,9928,中視,17.75,17.9,17.6,17.8,62990.0
2026-09-30,TWSE,9929,秋雨,11.0,11.0,10.9,10.9,6694.0
2026-09-30,TWSE,9930,中聯資源,60.5,60.6,60.2,60.2,99688.0
2026-09-30,TWSE,9931,欣高,33.8,33.8,33.7,33.7,22798.0
2026-09-30,TWSE,9933,中鼎,40.95,41.3,40.35,40.35,1752598.0
2026-09-30,TWSE,9934,成霖,9.84,9.91,9.81,9.85,352758.0
2026-09-30,TWSE,9935,慶豐富,18.25,18.3,18.1,18.2,209319.0
2026-09-30,TWSE,9937,全國,54.2,54.2,54.1,54.1,30473.0
2026-09-30,TWSE,9938,百和,38.1,38.3,37.95,38.2,511066.0
2026-09-30,TWSE,9939,宏全,124.5,125.5,124.5,124.5,401073.0
2026-09-30,TWSE,9940,信義,20.05,20.15,19.9,19.9,417812.0
2026-09-30,TWSE,9941,裕融,79.7,79.7,78.3,78.3,1151910.0
2026-09-30,TWSE,9942,茂順,114.0,115.0,113.0,113.0,115960.0
2026-09-30,TWSE,9943,好樂迪,50.5,50.5,50.1,50.2,80614.0
2026-09-30,TWSE,9944,新麗,17.25,17.25,17.1,17.1,32754.0
2026-09-30,TWSE,9945,潤泰新,29.65,29.85,29.05,29.05,7370448.0
2026-09-30,TWSE,9946,三發地產,17.0,17.05,16.8,16.85,232370.0
2026-09-30,TWSE,9955,佳龍,23.0,23.0,22.0,22.7,378978.0
2026-09-30,TWSE,9958,世紀鋼,91.7,92.8,91.7,92.1,596425.0
2026-09-30,TPEX,1240,茂生農經,54.1,54.3,53.8,54.3,12775.0
2026-09-30,TPEX,1259,安心,68.0,68.1,67.8,68.1,20168.0
2026-09-30,TPEX,1264,德麥,244.0,245.0,244.0,245.0,21469.0
2026-09-30,TPEX,1268,漢來美食,176.0,176.0,175.0,175.0,18089.0
2026-09-30,TPEX,1294,漢田生技,50.2,50.4,49.75,50.4,21920.0
2026-09-30,TPEX,1295,生合,46.9,47.4,46.7,47.4,28229.0
2026-09-30,TPEX,1336,台翰,17.0,17.35,17.0,17.35,480116.0
2026-09-30,TPEX,1565,精華,95.8,96.7,95.7,96.5,62594.0
2026-09-30,TPEX,1569,濱川,64.6,66.0,61.3,62.6,4462499.0
2026-09-30,TPEX,1570,力肯,33.15,33.35,32.85,33.2,50125.0
2026-09-30,TPEX,1580,新麥,97.6,98.0,97.0,97.1,54568.0
2026-09-30,TPEX,1584,精剛,18.15,19.2,18.15,18.85,1683806.0
2026-09-30,TPEX,1586,和勤,18.05,18.2,17.7,17.9,1237292.0
2026-09-30,TPEX,1591,駿吉-KY,41.4,43.3,41.4,42.75,389750.0
2026-09-30,TPEX,1593,祺驊,31.7,31.7,31.7,31.7,11011.0
2026-09-30,TPEX,1595,川寶,79.4,85.3,76.2,85.3,5815559.0
2026-09-30,TPEX,1599,宏佳騰,23.2,23.2,22.9,23.05,14088.0
2026-09-30,TPEX,1742,台蠟,17.85,17.85,17.5,17.6,69945.0
2026-09-30,TPEX,1777,生泰,74.0,74.0,73.9,73.9,4050.0
2026-09-30,TPEX,1780,立弘,24.95,25.3,24.65,25.3,127450.0
2026-09-30,TPEX,1781,合世,9.82,9.99,9.82,9.99,21011.0
2026-09-30,TPEX,1784,訊聯,60.4,61.3,60.4,61.2,81105.0
2026-09-30,TPEX,1785,光洋科,98.9,103.5,98.6,100.5,9349480.0
2026-09-30,TPEX,1788,杏昌,128.5,128.5,128.0,128.0,5212.0
2026-09-30,TPEX,1796,金穎生技,29.3,29.3,29.0,29.15,6303.0
2026-09-30,TPEX,1799,易威,28.6,29.1,28.45,29.0,116875.0
2026-09-30,TPEX,1813,寶利徠,11.3,11.3,11.3,11.3,7942.0
2026-09-30,TPEX,1815,富喬,117.0,117.5,116.0,116.0,16579982.0
2026-09-30,TPEX,2035,唐榮,26.5,26.5,26.5,26.5,2093.0
2026-09-30,TPEX,2061,風青,60.4,63.3,59.2,59.8,4832541.0
2026-09-30,TPEX,2063,世鎧,23.55,23.55,23.25,23.5,35158.0
2026-09-30,TPEX,2064,晉椿,,,,,0.0
2026-09-30,TPEX,2065,世豐,35.4,35.8,35.2,35.55,48518.0
2026-09-30,TPEX,2066,世德,52.4,52.6,52.2,52.2,15053.0
2026-09-30,TPEX,2067,嘉鋼,5.39,5.39,4.78,4.91,50891.0
2026-09-30,TPEX,2070,精湛,63.2,63.6,62.5,63.3,69489.0
2026-09-30,TPEX,2073,雄順,25.25,25.25,25.2,25.2,3000.0
2026-09-30,TPEX,2221,大甲,178.0,198.0,170.0,197.5,2950201.0
2026-09-30,TPEX,2230,泰茂,21.7,22.0,21.7,21.8,66282.0
2026-09-30,TPEX,2235,謚源,27.1,28.0,27.1,28.0,3556.0
2026-09-30,TPEX,2596,綠意,34.0,35.45,34.0,35.1,67084.0
2026-09-30,TPEX,2640,大車隊,157.5,158.0,157.0,157.0,14405.0
2026-09-30,TPEX,2641,正德,17.35,17.55,17.25,17.5,1153291.0
2026-09-30,TPEX,2643,捷迅,62.7,62.7,62.4,62.6,7184.0
2026-09-30,TPEX,2718,全心投控,40.2,40.5,40.05,40.45,24829.0
2026-09-30,TPEX,2719,燦星旅,19.75,19.75,19.75,19.75,1295.0
2026-09-30,TPEX,2724,藝舍-KY,,,,,977.0
2026-09-30,TPEX,2726,雅茗-KY,8.07,8.07,7.93,8.0,17200.0
2026-09-30,TPEX,2729,瓦城,157.0,157.0,156.0,156.0,15946.0
2026-09-30,TPEX,2732,六角,63.1,63.3,63.0,63.1,20955.0
2026-09-30,TPEX,2734,易飛網,14.4,14.5,14.4,14.45,26770.0
2026-09-30,TPEX,2736,富野,11.3,11.4,11.3,11.35,27724.0
2026-09-30,TPEX,2740,華軒,30.4,30.4,27.9,30.15,13825.0
2026-09-30,TPEX,2743,山富,53.9,54.0,53.2,53.3,18444.0
2026-09-30,TPEX,2745,五福,85.2,85.2,84.9,84.9,26904.0
2026-09-30,TPEX,2751,王座,52.6,53.4,52.6,52.7,14707.0
2026-09-30,TPEX,2752,豆府,177.5,177.5,177.0,177.0,10921.0
2026-09-30,TPEX,2754,亞洲藏壽司,69.5,69.5,68.0,68.0,18369.0
2026-09-30,TPEX,2755,揚秦,98.9,99.1,98.5,98.9,26267.0
2026-09-30,TPEX,2756,聯發國際,62.8,62.8,62.8,62.8,1162.0
2026-09-30,TPEX,2916,滿心,40.55,40.55,40.5,40.55,10152.0
2026-09-30,TPEX,2924,宏太-KY,18.4,18.4,16.7,18.3,19000.0
2026-09-30,TPEX,2926,誠品生活,29.55,30.2,29.5,30.2,12016.0
2026-09-30,TPEX,2937,集雅社,44.7,44.7,44.7,44.7,1000.0
2026-09-30,TPEX,2938,床的世界,18.4,18.7,18.4,18.6,32154.0
2026-09-30,TPEX,2941,米斯特,31.0,31.0,31.0,31.0,4058.0
2026-09-30,TPEX,2947,振宇五金,60.6,60.6,60.5,60.5,8146.0
2026-09-30,TPEX,2948,寶陞,37.4,37.4,37.4,37.4,1438.0
2026-09-30,TPEX,2949,欣新網,65.0,70.4,65.0,68.9,15288.0
2026-09-30,TPEX,3064,泰偉,,,,,128.0
2026-09-30,TPEX,3066,李洲,29.25,29.75,28.55,29.2,2402034.0
2026-09-30,TPEX,3067,全域,,,,,1.0
2026-09-30,TPEX,3071,協禧,23.0,23.2,22.9,23.05,126001.0
2026-09-30,TPEX,3073,天方能源,20.95,21.0,20.55,20.6,9611.0
2026-09-30,TPEX,3078,僑威,45.85,46.2,45.8,46.15,359094.0
2026-09-30,TPEX,3081,聯亞,2700.0,2730.0,2665.0,2695.0,1417727.0
2026-09-30,TPEX,3083,網龍,22.7,22.75,22.6,22.6,60339.0
2026-09-30,TPEX,3085,新零售,11.5,12.1,11.5,12.1,4528.0
2026-09-30,TPEX,3086,華義*,27.2,28.1,27.1,27.4,97415.0
2026-09-30,TPEX,3088,艾訊,138.0,138.5,133.0,133.5,962646.0
2026-09-30,TPEX,3093,港建*,44.5,44.95,44.3,44.7,211123.0
2026-09-30,TPEX,3095,及成,33.25,33.55,33.2,33.5,8167.0
2026-09-30,TPEX,3105,穩懋,509.0,542.0,509.0,542.0,43189140.0
2026-09-30,TPEX,3114,好德,35.8,35.8,33.9,34.6,651466.0
2026-09-30,TPEX,3115,富榮綱,8.5,8.69,8.17,8.5,23440.0
2026-09-30,TPEX,3118,進階,31.6,31.75,31.3,31.3,48876.0
2026-09-30,TPEX,3122,笙泉,23.35,24.45,23.35,24.2,73720.0
2026-09-30,TPEX,3128,昇銳,20.35,20.35,20.2,20.35,60988.0
2026-09-30,TPEX,3131,弘塑,2505.0,2590.0,2435.0,2525.0,767966.0
2026-09-30,TPEX,3141,晶宏,85.7,86.2,84.1,85.3,1076359.0
2026-09-30,TPEX,3147,大綜,245.5,250.0,243.5,243.5,543552.0
2026-09-30,TPEX,3152,璟德,227.0,235.5,226.5,231.0,90844.0
2026-09-30,TPEX,3158,嘉實,85.0,85.1,84.9,84.9,20401.0
2026-09-30,TPEX,3162,精確,81.9,87.9,81.7,85.4,7118616.0
2026-09-30,TPEX,3163,波若威,658.0,664.0,643.0,643.0,1071193.0
2026-09-30,TPEX,3169,亞信,116.0,117.0,115.0,115.0,261451.0
2026-09-30,TPEX,3171,炎洲流通,58.6,58.8,58.6,58.8,4102.0
2026-09-30,TPEX,3176,基亞,37.35,37.95,37.05,37.7,288236.0
2026-09-30,TPEX,3178,公準,69.9,70.5,68.7,69.4,238592.0
2026-09-30,TPEX,3188,鑫龍騰,23.4,23.6,23.3,23.3,128820.0
2026-09-30,TPEX,3191,雲嘉南,16.8,16.8,16.5,16.75,21506.0
2026-09-30,TPEX,3205,佰研,46.8,47.0,46.75,46.8,6063.0
2026-09-30,TPEX,3206,志豐,34.55,34.95,34.2,34.95,18170.0
2026-09-30,TPEX,3207,耀勝,38.65,39.05,38.45,38.8,186523.0
2026-09-30,TPEX,3211,順達,390.0,406.0,388.0,398.5,8225022.0
2026-09-30,TPEX,3213,茂訊,126.5,126.5,124.0,124.5,123253.0
2026-09-30,TPEX,3217,優群,130.5,131.0,129.0,130.0,284710.0
2026-09-30,TPEX,3218,大學光,134.0,135.0,133.5,135.0,84298.0
2026-09-30,TPEX,3219,倚強科,130.0,134.5,127.5,131.5,6655737.0
2026-09-30,TPEX,3221,台嘉碩,51.9,52.2,50.5,51.2,3081456.0
2026-09-30,TPEX,3224,三顧,31.0,31.45,30.85,31.45,18205.0
2026-09-30,TPEX,3226,龍鋒,60.8,60.8,59.6,60.4,58478.0
2026-09-30,TPEX,3227,原相,187.0,187.5,184.0,185.0,724298.0
2026-09-30,TPEX,3228,金麗科,186.5,186.5,177.5,182.0,609570.0
2026-09-30,TPEX,3230,錦明,41.9,41.9,41.25,41.4,308729.0
2026-09-30,TPEX,3232,昱捷,20.8,21.05,20.8,20.9,42202.0
2026-09-30,TPEX,3234,光環,177.5,179.0,172.5,173.0,1854985.0
2026-09-30,TPEX,3236,千如,44.6,45.15,44.05,44.15,913088.0
2026-09-30,TPEX,3252,海灣,15.5,15.5,15.2,15.3,28540.0
2026-09-30,TPEX,3259,鑫創,9.6,10.65,8.9,10.65,37913.0
2026-09-30,TPEX,3260,威剛,380.0,382.5,377.0,377.5,3491406.0
2026-09-30,TPEX,3264,欣銓,243.5,247.0,238.0,243.5,15626650.0
2026-09-30,TPEX,3265,台星科,183.5,193.0,182.0,186.0,2362892.0
2026-09-30,TPEX,3268,海德威,21.5,22.0,21.25,21.75,139690.0
2026-09-30,TPEX,3272,東碩,14.2,14.5,13.85,13.95,21212.0
2026-09-30,TPEX,3276,宇環,13.85,14.15,13.85,14.05,57359.0
2026-09-30,TPEX,3284,太普高,19.5,20.1,19.5,19.9,216052.0
2026-09-30,TPEX,3285,微端,41.3,41.55,41.2,41.5,11029.0
2026-09-30,TPEX,3287,廣寰科,42.0,43.45,41.4,42.15,922612.0
2026-09-30,TPEX,3288,點晶,21.2,21.5,20.65,21.2,24193.0
2026-09-30,TPEX,3289,宜特,141.0,143.5,139.5,139.5,1535680.0
2026-09-30,TPEX,3290,東浦,48.35,52.4,48.35,52.2,2614255.0
2026-09-30,TPEX,3293,鈊象,781.0,791.0,777.0,788.0,2078140.0
2026-09-30,TPEX,3294,英濟,33.5,33.55,32.4,32.45,984659.0
2026-09-30,TPEX,3297,杭特,33.1,33.5,32.6,32.6,174144.0
2026-09-30,TPEX,3303,岱稜,48.65,48.8,48.5,48.65,149048.0
2026-09-30,TPEX,3306,鼎天,48.0,48.55,47.7,48.05,175707.0
2026-09-30,TPEX,3310,佳穎,67.3,69.2,67.3,68.8,12002.0
2026-09-30,TPEX,3313,斐成,10.5,10.65,10.45,10.45,34587.0
2026-09-30,TPEX,3317,尼克森,65.4,65.9,64.6,65.2,2129671.0
2026-09-30,TPEX,3322,建舜電,11.1,11.35,11.05,11.3,251150.0
2026-09-30,TPEX,3323,加百裕,29.5,30.25,29.5,29.7,692859.0
2026-09-30,TPEX,3324,雙鴻,1620.0,1645.0,1530.0,1530.0,4369641.0
2026-09-30,TPEX,3325,旭品,11.7,11.9,11.65,11.9,59221.0
2026-09-30,TPEX,3332,幸康,61.5,63.9,61.5,63.7,18626.0
2026-09-30,TPEX,3339,泰谷,45.9,47.0,45.65,45.65,1467681.0
2026-09-30,TPEX,3349,寶德,19.95,19.95,19.6,19.95,17060.0
2026-09-30,TPEX,3354,律勝,29.7,32.15,29.5,32.15,2583019.0
2026-09-30,TPEX,3357,臺慶科,204.5,207.0,204.0,204.5,368083.0
2026-09-30,TPEX,3360,尚立,15.15,15.4,15.1,15.35,334751.0
2026-09-30,TPEX,3362,先進光,173.0,173.5,171.0,171.0,652459.0
2026-09-30,TPEX,3363,上詮,661.0,671.0,648.0,649.0,1534278.0
2026-09-30,TPEX,3372,典範,16.3,16.8,16.3,16.55,644859.0
2026-09-30,TPEX,3373,熱映,16.05,16.1,16.0,16.0,56289.0
2026-09-30,TPEX,3374,精材,462.0,462.0,452.0,454.5,1205825.0
2026-09-30,TPEX,3379,彬台,27.6,27.85,27.35,27.7,39807.0
2026-09-30,TPEX,3388,崇越電,81.8,86.4,81.8,85.3,960822.0
2026-09-30,TPEX,3390,旭軟,22.7,22.75,22.3,22.6,195587.0
2026-09-30,TPEX,3402,漢科,133.0,137.5,133.0,136.0,1030068.0
2026-09-30,TPEX,3430,奇鈦科,112.5,114.0,111.5,111.5,188208.0
2026-09-30,TPEX,3434,哲固,31.35,31.6,31.35,31.4,48267.0
2026-09-30,TPEX,3438,類比科,61.5,62.0,60.7,61.9,85012.0
2026-09-30,TPEX,3441,聯一光,184.5,187.0,181.5,184.5,1109260.0
2026-09-30,TPEX,3444,利機,81.1,82.3,80.8,81.3,235168.0
2026-09-30,TPEX,3455,由田,268.5,279.0,260.5,267.0,5809978.0
2026-09-30,TPEX,3465,進泰電子,29.65,29.7,29.55,29.7,11078.0
2026-09-30,TPEX,3466,德晉,23.8,23.95,23.6,23.9,389820.0
2026-09-30,TPEX,3467,台灣精材,74.6,77.7,73.6,73.7,1034250.0
2026-09-30,TPEX,3479,安勤,140.0,140.0,136.0,136.0,712864.0
2026-09-30,TPEX,3483,力致,78.2,79.7,78.2,79.1,346501.0
2026-09-30,TPEX,3484,崧騰,47.0,47.2,46.55,46.55,86389.0
2026-09-30,TPEX,3485,敘豐,204.0,214.0,204.0,209.0,139436.0
2026-09-30,TPEX,3489,森寶,23.1,23.55,23.0,23.35,90908.0
2026-09-30,TPEX,3490,單井,45.2,45.9,44.35,44.35,1917888.0
2026-09-30,TPEX,3491,昇達科,1540.0,1540.0,1480.0,1500.0,881076.0
2026-09-30,TPEX,3492,長盛,19.05,19.15,19.05,19.15,18000.0
2026-09-30,TPEX,3498,陽程,234.5,234.5,221.0,229.0,7143013.0
2026-09-30,TPEX,3499,環天科,13.75,13.85,13.7,13.8,43274.0
2026-09-30,TPEX,3508,位速,25.9,26.9,25.65,25.9,511890.0
2026-09-30,TPEX,3511,矽瑪,19.5,19.8,19.5,19.75,99615.0
2026-09-30,TPEX,3512,皇龍,19.2,19.2,19.1,19.2,20282.0
2026-09-30,TPEX,3516,亞帝歐,25.0,25.4,25.0,25.4,14004.0
2026-09-30,TPEX,3520,華盈,17.35,17.35,17.0,17.35,160966.0
2026-09-30,TPEX,3521,台鋼建設,11.75,11.9,11.7,11.85,20019.0
2026-09-30,TPEX,3522,御嵿,12.55,12.6,12.3,12.5,111892.0
2026-09-30,TPEX,3523,迎輝,15.0,15.0,14.55,15.0,13803.0
2026-09-30,TPEX,3526,凡甲,271.5,272.0,270.0,272.0,91582.0
2026-09-30,TPEX,3527,聚積,51.1,53.1,51.1,53.1,51759.0
2026-09-30,TPEX,3529,力旺,3450.0,3635.0,3305.0,3305.0,2605135.0
2026-09-30,TPEX,3531,先益,20.85,20.9,20.85,20.9,2000.0
2026-09-30,TPEX,3537,堡達,53.0,53.3,52.8,53.3,114436.0
2026-09-30,TPEX,3540,曜越,22.85,23.05,22.75,23.05,161052.0
2026-09-30,TPEX,3541,西柏,24.5,24.6,24.1,24.4,66915.0
2026-09-30,TPEX,3546,宇峻,72.7,72.9,72.3,72.6,55915.0
2026-09-30,TPEX,3548,兆利,77.2,77.7,77.0,77.3,169730.0
2026-09-30,TPEX,3551,世禾,188.0,191.0,187.0,187.5,930398.0
2026-09-30,TPEX,3552,同致,43.8,44.55,43.0,44.1,407230.0
2026-09-30,TPEX,3555,博士旺,169.0,171.0,168.0,168.5,41188.0
2026-09-30,TPEX,3556,禾瑞亞,58.3,58.4,57.8,58.1,144238.0
2026-09-30,TPEX,3558,神準,124.5,125.0,123.5,125.0,46774.0
2026-09-30,TPEX,3564,其陽,50.8,51.4,50.5,50.6,155747.0
2026-09-30,TPEX,3567,逸昌,25.6,26.35,25.6,26.2,125245.0
2026-09-30,TPEX,3570,大塚,167.5,169.0,167.0,167.0,18583.0
2026-09-30,TPEX,3577,泓格,120.5,123.5,116.5,117.5,627555.0
2026-09-30,TPEX,3580,友威科,112.0,116.0,108.0,110.5,4891227.0
2026-09-30,TPEX,3581,博磊,109.5,117.0,109.5,117.0,571002.0
2026-09-30,TPEX,3587,閎康,240.0,243.0,238.5,238.5,330290.0
2026-09-30,TPEX,3594,磐儀,47.3,48.05,46.85,47.9,428543.0
2026-09-30,TPEX,3597,映興,27.9,28.2,27.15,28.1,71444.0
2026-09-30,TPEX,3609,三一東林,23.9,23.9,23.0,23.0,27058.0
2026-09-30,TPEX,3611,鼎翰,183.0,184.5,183.0,183.0,30389.0
2026-09-30,TPEX,3615,安可,42.2,45.8,42.1,45.8,2887683.0
2026-09-30,TPEX,3623,富晶通,29.2,30.3,29.2,29.8,365917.0
2026-09-30,TPEX,3624,光頡,140.5,144.0,134.0,137.5,16906205.0
2026-09-30,TPEX,3625,西勝,11.05,11.3,11.05,11.15,95110.0
2026-09-30,TPEX,3628,盈正,73.0,73.3,72.7,72.7,79804.0
2026-09-30,TPEX,3629,地心引力,17.25,17.3,16.9,17.3,4170.0
2026-09-30,TPEX,3630,新鉅科,26.7,26.95,26.7,26.95,229444.0
2026-09-30,TPEX,3631,晟楠,40.1,40.8,40.0,40.5,143000.0
2026-09-30,TPEX,3632,研勤,7.19,7.19,7.15,7.15,24257.0
2026-09-30,TPEX,3646,艾恩特,25.0,25.0,24.85,24.95,18512.0
2026-09-30,TPEX,3663,鑫科,63.1,68.6,63.0,67.8,2718147.0
2026-09-30,TPEX,3664,安瑞-KY,8.86,8.86,8.86,8.86,17000.0
2026-09-30,TPEX,3666,光耀,25.25,25.3,25.15,25.3,38150.0
2026-09-30,TPEX,3672,康聯訊,12.2,12.4,12.0,12.35,9926.0
2026-09-30,TPEX,3675,德微,337.0,338.0,328.5,330.0,1348618.0
2026-09-30,TPEX,3680,家登,553.0,562.0,545.0,555.0,1654641.0
2026-09-30,TPEX,3684,榮昌,53.4,53.6,51.4,52.9,84973.0
2026-09-30,TPEX,3685,元創精密,35.2,35.2,34.25,35.0,293731.0
2026-09-30,TPEX,3687,歐買尬,60.1,61.1,60.1,60.3,28424.0
2026-09-30,TPEX,3689,湧德,111.5,111.5,109.5,110.5,385288.0
2026-09-30,TPEX,3691,碩禾,118.0,122.5,117.5,119.5,973676.0
2026-09-30,TPEX,3693,營邦,708.0,713.0,687.0,687.0,1274541.0
2026-09-30,TPEX,3707,漢磊,72.5,77.3,71.7,75.7,30579126.0
2026-09-30,TPEX,3709,鑫聯大投控,64.4,65.6,64.4,65.2,362718.0
2026-09-30,TPEX,3710,連展投控,8.6,8.62,8.21,8.32,262505.0
2026-09-30,TPEX,3713,新晶投控,13.85,13.9,13.6,13.9,52086.0
2026-09-30,TPEX,3718,中光電投控,65.3,66.2,64.9,65.5,1507057.0
2026-09-30,TPEX,4102,永日,18.25,18.45,18.25,18.45,37329.0
2026-09-30,TPEX,4105,東洋,78.8,78.8,78.2,78.5,543776.0
2026-09-30,TPEX,4107,邦特,111.0,111.5,110.0,110.5,26158.0
2026-09-30,TPEX,4109,加捷生醫,11.05,11.1,10.95,11.05,51756.0
2026-09-30,TPEX,4111,濟生,28.65,28.9,28.65,28.9,31542.0
2026-09-30,TPEX,4113,聯上,15.55,15.55,15.2,15.55,305208.0
2026-09-30,TPEX,4114,健喬,29.4,29.6,29.35,29.55,475461.0
2026-09-30,TPEX,4116,明基醫,39.8,40.0,39.75,39.8,17148.0
2026-09-30,TPEX,4120,友華,46.1,46.1,45.9,45.9,7130.0
2026-09-30,TPEX,4121,優盛,12.6,12.75,12.55,12.75,73488.0
2026-09-30,TPEX,4123,晟德,31.0,31.3,30.8,31.25,987851.0
2026-09-30,TPEX,4126,太醫,77.9,78.1,77.8,78.1,20710.0
2026-09-30,TPEX,4127,天良,46.65,47.35,45.6,45.6,422146.0
2026-09-30,TPEX,4128,中天,15.15,15.45,15.05,15.35,1725507.0
2026-09-30,TPEX,4129,聯合,82.8,83.7,82.8,83.4,100894.0
2026-09-30,TPEX,4131,浩泰,32.25,32.25,30.65,30.65,47535.0
2026-09-30,TPEX,4138,曜亞,55.0,55.6,54.0,54.3,75934.0
2026-09-30,TPEX,4139,馬光-KY,41.95,42.5,41.2,41.8,65021.0
2026-09-30,TPEX,4147,中裕,63.1,64.4,63.0,63.7,581062.0
2026-09-30,TPEX,4153,鈺緯,31.2,31.7,31.2,31.45,8042.0
2026-09-30,TPEX,4154,樂威科-KY,12.5,12.5,12.5,12.5,18274.0
2026-09-30,TPEX,4157,太景*-KY,8.7,8.91,8.69,8.89,672030.0
2026-09-30,TPEX,4160,訊聯基因,39.15,39.15,38.75,39.1,50555.0
2026-09-30,TPEX,4161,聿新科,21.9,22.05,21.75,21.75,46933.0
2026-09-30,TPEX,4162,智擎,55.4,56.0,55.4,55.6,176848.0
2026-09-30,TPEX,4163,鐿鈦,135.0,136.0,134.0,136.0,22212.0
2026-09-30,TPEX,4166,友霖,23.85,24.2,23.85,24.1,47000.0
2026-09-30,TPEX,4167,松瑞藥,19.65,19.9,19.45,19.85,859170.0
2026-09-30,TPEX,4168,醣聯,21.7,22.4,21.6,22.35,191536.0
2026-09-30,TPEX,4171,瑞基,16.65,16.8,16.4,16.45,58089.0
2026-09-30,TPEX,4173,久裕,17.1,17.3,17.0,17.3,41962.0
2026-09-30,TPEX,4174,浩鼎,39.0,39.2,38.55,39.2,1204344.0
2026-09-30,TPEX,4175,杏一,50.6,51.0,50.6,51.0,12661.0
2026-09-30,TPEX,4183,福永生技,13.9,13.95,13.55,13.55,3010.0
2026-09-30,TPEX,4188,安克,13.9,14.25,13.7,14.25,137223.0
2026-09-30,TPEX,4192,杏國,18.45,18.65,18.45,18.65,5034.0
2026-09-30,TPEX,4198,欣大健康,49.5,49.5,49.5,49.5,2787.0
2026-09-30,TPEX,4205,中華食,68.5,68.5,68.5,68.5,26952.0
2026-09-30,TPEX,4207,環泰,19.4,19.45,19.35,19.35,36062.0
2026-09-30,TPEX,4303,信立,33.55,33.6,33.2,33.45,690630.0
2026-09-30,TPEX,4304,勝昱,17.3,17.7,17.3,17.3,46763.0
2026-09-30,TPEX,4305,世坤,,,,,0.0
2026-09-30,TPEX,4401,東隆興,14.0,14.0,13.75,13.9,26043.0
2026-09-30,TPEX,4402,郡都開發,14.15,14.2,13.75,13.8,26084.0
2026-09-30,TPEX,4406,新昕纖,10.1,10.3,10.1,10.3,18000.0
2026-09-30,TPEX,4413,飛寶企業,21.4,21.4,20.3,20.3,91603.0
2026-09-30,TPEX,4416,三圓,13.85,13.85,13.35,13.35,901917.0
2026-09-30,TPEX,4417,金洲,49.95,50.1,49.55,49.55,51830.0
2026-09-30,TPEX,4419,皇家美食,49.0,50.2,49.0,50.2,479152.0
2026-09-30,TPEX,4420,光明,35.75,36.2,35.75,36.05,36541.0
2026-09-30,TPEX,4430,耀億,17.9,17.9,17.4,17.75,30341.0
2026-09-30,TPEX,4432,銘旺實,15.3,15.45,15.25,15.4,30385.0
2026-09-30,TPEX,4433,興采,18.2,18.2,17.7,18.05,169988.0
2026-09-30,TPEX,4442,竣邦-KY,53.8,54.1,53.0,54.1,26334.0
2026-09-30,TPEX,4502,健信,15.75,15.9,15.45,15.9,47492.0
2026-09-30,TPEX,4503,金雨,24.25,24.25,23.8,24.15,176624.0
2026-09-30,TPEX,4506,崇友,118.0,118.0,117.5,118.0,25880.0
2026-09-30,TPEX,4510,高鋒,43.6,44.65,43.6,44.0,575426.0
2026-09-30,TPEX,4513,福裕,16.35,16.35,16.2,16.2,137680.0
2026-09-30,TPEX,4523,永彰,23.85,24.1,23.85,23.9,46543.0
2026-09-30,TPEX,4528,江興鍛,15.1,15.1,14.95,14.95,6024.0
2026-09-30,TPEX,4529,淳紳,3.33,3.33,3.33,3.33,17000.0
2026-09-30,TPEX,4530,天意能創,24.95,24.95,24.15,24.75,10203.0
2026-09-30,TPEX,4533,協易機,25.8,25.8,25.5,25.65,539391.0
2026-09-30,TPEX,4534,慶騰,31.5,31.55,30.7,30.95,635176.0
2026-09-30,TPEX,4535,至興,26.6,27.0,26.6,27.0,23054.0
2026-09-30,TPEX,4538,大詠城,17.4,17.4,17.25,17.35,10000.0
2026-09-30,TPEX,4541,晟田,59.4,63.2,59.2,61.6,2180881.0
2026-09-30,TPEX,4542,科嶠,345.0,347.0,338.0,344.0,473170.0
2026-09-30,TPEX,4543,萬在,28.75,29.5,28.75,29.45,95335.0
2026-09-30,TPEX,4549,桓達,95.8,97.7,95.6,97.1,68923.0
2026-09-30,TPEX,4550,長佳,24.6,24.65,24.2,24.45,50073.0
2026-09-30,TPEX,4554,橙的,28.3,28.35,28.05,28.25,50534.0
2026-09-30,TPEX,4556,旭然,93.7,101.5,93.7,101.5,1059253.0
2026-09-30,TPEX,4558,寶緯,17.0,17.15,16.95,16.95,25000.0
2026-09-30,TPEX,4561,健椿,42.15,43.3,42.15,43.2,268801.0
2026-09-30,TPEX,4563,百德,51.5,52.4,49.9,51.7,347125.0
2026-09-30,TPEX,4568,科際精密,39.05,39.8,39.05,39.45,17200.0
2026-09-30,TPEX,4577,達航科技,85.3,92.4,85.3,92.4,1095238.0
2026-09-30,TPEX,4580,捷流閥業,82.2,82.2,81.3,81.8,95122.0
2026-09-30,TPEX,4584,君帆,37.0,37.0,37.0,37.0,11300.0
2026-09-30,TPEX,4609,唐鋒,4.25,4.25,4.15,4.15,6004.0
2026-09-30,TPEX,4702,中美實,9.43,9.43,9.31,9.31,64632.0
2026-09-30,TPEX,4706,大恭,33.85,33.85,33.85,33.85,2046.0
2026-09-30,TPEX,4707,磐亞,29.75,30.7,29.6,30.35,1493971.0
2026-09-30,TPEX,4711,永純,16.5,16.6,16.2,16.35,19189.0
2026-09-30,TPEX,4714,永捷,11.9,12.1,11.9,12.05,631094.0
2026-09-30,TPEX,4716,大立,17.05,17.05,16.75,16.85,684953.0
2026-09-30,TPEX,4721,美琪瑪,79.0,84.3,78.9,82.5,1291948.0
2026-09-30,TPEX,4726,永昕,22.35,22.95,22.35,22.95,61129.0
2026-09-30,TPEX,4728,雙美,399.0,399.0,399.0,399.0,1077.0
2026-09-30,TPEX,4729,熒茂,19.1,20.65,19.1,20.65,1070022.0
2026-09-30,TPEX,4735,豪展,36.2,36.5,36.1,36.1,13433.0
2026-09-30,TPEX,4741,泓瀚,40.65,42.25,40.4,40.8,173246.0
2026-09-30,TPEX,4743,合一,45.85,47.35,45.4,47.15,2001345.0
2026-09-30,TPEX,4744,皇將,28.7,29.45,28.7,29.2,201783.0
2026-09-30,TPEX,4745,合富-KY,12.1,12.2,12.1,12.2,28175.0
2026-09-30,TPEX,4747,強生*,23.2,23.6,22.6,23.6,86472.0
2026-09-30,TPEX,4749,新應材,782.0,788.0,752.0,766.0,891575.0
2026-09-30,TPEX,4754,國碳科,37.7,37.9,37.5,37.9,44980.0
2026-09-30,TPEX,4760,勤凱,264.0,264.5,260.0,262.5,124730.0
2026-09-30,TPEX,4767,誠泰科技,28.35,28.35,28.0,28.2,6000.0
2026-09-30,TPEX,4768,晶呈科技,365.0,382.0,360.0,380.0,2942023.0
2026-09-30,TPEX,4772,台特化,274.0,280.5,268.5,269.0,2314861.0
2026-09-30,TPEX,4903,聯光通,42.6,43.15,42.0,42.9,3430291.0
2026-09-30,TPEX,4905,台聯電,77.2,77.7,76.0,76.5,37605.0
2026-09-30,TPEX,4907,富宇,45.25,45.25,44.75,45.0,25144.0
2026-09-30,TPEX,4908,前鼎,210.5,212.0,205.5,207.0,1300665.0
2026-09-30,TPEX,4909,新復興,36.6,36.6,35.8,36.4,371263.0
2026-09-30,TPEX,4911,德英,28.2,28.4,28.15,28.2,17543.0
2026-09-30,TPEX,4923,力士,61.4,62.7,60.8,61.4,668893.0
2026-09-30,TPEX,4924,欣厚-KY,15.4,16.5,15.35,16.5,439385.0
2026-09-30,TPEX,4931,新盛力,248.5,262.0,248.0,252.0,8814291.0
2026-09-30,TPEX,4933,友輝,53.5,54.5,53.2,54.4,65192.0
2026-09-30,TPEX,4939,亞電,77.0,82.8,77.0,82.8,10819156.0
2026-09-30,TPEX,4946,辣椒,101.0,101.5,100.0,101.5,18085.0
2026-09-30,TPEX,4950,金耘國際,15.6,15.65,15.6,15.65,9253.0
2026-09-30,TPEX,4951,精拓科,90.3,93.2,89.6,91.5,543725.0
2026-09-30,TPEX,4953,緯致,117.0,118.0,116.5,117.0,148875.0
2026-09-30,TPEX,4966,譜瑞-KY,572.0,575.0,568.0,571.0,321850.0
2026-09-30,TPEX,4971,IET-KY,553.0,558.0,537.0,539.0,907076.0
2026-09-30,TPEX,4972,湯石照明,16.25,16.3,16.2,16.3,16521.0
2026-09-30,TPEX,4973,廣穎,136.0,138.5,136.0,138.0,396859.0
2026-09-30,TPEX,4974,亞泰,71.0,71.1,70.6,71.0,74560.0
2026-09-30,TPEX,4979,華星光,576.0,576.0,561.0,569.0,649327.0
2026-09-30,TPEX,4991,環宇-KY,485.0,498.0,471.5,488.0,5131750.0
2026-09-30,TPEX,4995,晶達,51.8,51.8,50.3,50.5,58524.0
2026-09-30,TPEX,5009,榮剛,32.75,33.55,32.7,33.1,6167485.0
2026-09-30,TPEX,5011,久陽,18.9,19.25,18.8,18.8,282929.0
2026-09-30,TPEX,5013,強新,38.5,38.75,38.05,38.75,1247573.0
2026-09-30,TPEX,5014,建錩,10.2,10.35,10.2,10.25,374384.0
2026-09-30,TPEX,5015,華祺,21.75,21.9,21.45,21.9,36041.0
2026-09-30,TPEX,5016,松和,24.95,25.85,24.95,25.55,137250.0
2026-09-30,TPEX,5201,凱衛,29.75,30.2,29.45,29.95,119117.0
2026-09-30,TPEX,5202,力新,14.55,14.75,14.1,14.15,624145.0
2026-09-30,TPEX,5205,中茂,17.3,18.9,17.3,18.9,16315.0
2026-09-30,TPEX,5206,坤悅,22.75,22.85,22.5,22.7,129777.0
2026-09-30,TPEX,5209,新鼎,166.5,168.5,166.5,167.5,38599.0
2026-09-30,TPEX,5210,寶碩,30.35,30.9,30.3,30.6,242068.0
2026-09-30,TPEX,5211,蒙恬,20.4,20.65,20.2,20.65,20388.0
2026-09-30,TPEX,5212,凌網,49.15,49.15,48.15,48.9,20204.0
2026-09-30,TPEX,5213,亞昕,20.95,20.95,20.75,20.9,61994.0
2026-09-30,TPEX,5220,萬達光電,22.8,24.2,22.0,24.2,1478703.0
2026-09-30,TPEX,5223,安力-KY,23.1,23.1,23.1,23.1,1000.0
2026-09-30,TPEX,5227,立凱-KY,30.65,32.0,30.65,31.5,450431.0
2026-09-30,TPEX,5228,鈺鎧,39.45,40.55,39.4,39.75,90400.0
2026-09-30,TPEX,5230,雷笛克光學,22.45,24.1,21.7,23.35,1614600.0
2026-09-30,TPEX,5245,智晶,20.85,20.9,20.45,20.85,248893.0
2026-09-30,TPEX,5251,天鉞電,30.2,30.3,29.95,30.0,71113.0
2026-09-30,TPEX,5263,智崴,89.6,89.9,88.6,89.1,200176.0
2026-09-30,TPEX,5272,笙科,17.2,18.6,17.2,18.0,550245.0
2026-09-30,TPEX,5274,信驊,19525.0,19675.0,18680.0,18750.0,237752.0
2026-09-30,TPEX,5276,達輝-KY,18.45,18.45,17.6,17.6,10001.0
2026-09-30,TPEX,5278,尚凡*,23.9,23.95,23.75,23.95,93186.0
2026-09-30,TPEX,5287,數字,137.0,137.5,136.5,137.5,25906.0
2026-09-30,TPEX,5289,宜鼎,1300.0,1325.0,1290.0,1290.0,883559.0
2026-09-30,TPEX,5291,邑昇,59.9,62.5,59.8,61.6,671629.0
2026-09-30,TPEX,5299,杰力,102.0,103.5,99.9,102.5,439906.0
2026-09-30,TPEX,5302,太欣,9.75,9.88,9.75,9.81,162396.0
2026-09-30,TPEX,5309,系統電,60.5,64.0,60.0,62.7,21770519.0
2026-09-30,TPEX,5310,天剛,29.3,29.3,27.55,27.6,41892.0
2026-09-30,TPEX,5312,寶島科,89.9,90.1,89.8,89.9,27243.0
2026-09-30,TPEX,5314,世紀*,28.05,29.0,28.05,28.85,10207450.0
2026-09-30,TPEX,5315,光聯,18.75,18.9,18.75,18.75,85983.0
2026-09-30,TPEX,5321,美而快,66.6,68.2,66.6,67.7,203773.0
2026-09-30,TPEX,5324,士開,12.4,12.5,12.35,12.45,175188.0
2026-09-30,TPEX,5328,華容,53.3,53.8,52.8,53.1,1715790.0
2026-09-30,TPEX,5340,建榮,81.0,81.7,80.6,81.0,960128.0
2026-09-30,TPEX,5344,立衛,13.35,14.2,13.25,13.85,210461.0
2026-09-30,TPEX,5345,馥鴻,22.0,22.0,20.8,21.5,11110.0
2026-09-30,TPEX,5347,世界,184.5,185.0,179.0,181.0,23813597.0
2026-09-30,TPEX,5348,正能量智能,16.3,16.35,16.3,16.35,2278.0
2026-09-30,TPEX,5351,鈺創,111.5,112.5,109.5,110.5,7552396.0
2026-09-30,TPEX,5353,台林,28.6,28.6,28.2,28.45,39740.0
2026-09-30,TPEX,5355,佳總,7.0,7.09,7.0,7.05,103232.0
2026-09-30,TPEX,5356,協益,25.55,25.9,25.55,25.7,30598.0
2026-09-30,TPEX,5364,力麗店,8.4,8.45,8.32,8.39,11190.0
2026-09-30,TPEX,5381,光譜,23.35,23.85,23.35,23.65,323422.0
2026-09-30,TPEX,5386,青雲,290.5,291.5,285.5,290.0,746864.0
2026-09-30,TPEX,5392,能率,39.4,40.2,39.4,40.1,647650.0
2026-09-30,TPEX,5398,慕康生醫,14.05,14.1,13.65,13.85,26366.0
2026-09-30,TPEX,5403,中菲,92.9,93.0,92.8,92.8,34214.0
2026-09-30,TPEX,5410,國眾,33.4,33.4,32.85,32.95,243277.0
2026-09-30,TPEX,5425,台半,96.4,97.0,94.5,96.0,7115959.0
2026-09-30,TPEX,5426,振發,28.0,28.5,28.0,28.45,303005.0
2026-09-30,TPEX,5432,新門,162.0,162.5,159.5,160.0,70638.0
2026-09-30,TPEX,5438,東友,17.45,17.65,17.0,17.35,189938.0
2026-09-30,TPEX,5439,高技,259.0,267.5,253.0,254.0,2609034.0
2026-09-30,TPEX,5443,均豪,118.5,119.5,112.5,113.0,5774210.0
2026-09-30,TPEX,5450,南良,14.65,14.95,14.65,14.8,108040.0
2026-09-30,TPEX,5452,佶優,27.3,27.5,27.25,27.4,229339.0
2026-09-30,TPEX,5455,昇益,,,,,249.0
2026-09-30,TPEX,5457,宣德,23.65,24.35,23.6,24.35,547668.0
2026-09-30,TPEX,5460,同協,16.85,17.15,16.6,17.15,61503.0
2026-09-30,TPEX,5464,霖宏,91.6,91.6,88.1,88.2,476058.0
2026-09-30,TPEX,5465,富驊,32.8,34.35,32.8,33.05,1753744.0
2026-09-30,TPEX,5468,凱鈺,25.6,26.45,25.2,25.85,215788.0
2026-09-30,TPEX,5474,聰泰,160.0,165.0,158.5,164.0,214035.0
2026-09-30,TPEX,5475,德宏,183.0,185.0,178.5,179.5,3961993.0
2026-09-30,TPEX,5478,智冠,97.1,97.4,97.0,97.1,28516.0
2026-09-30,TPEX,5481,新華,22.1,22.1,21.8,21.8,419583.0
2026-09-30,TPEX,5483,中美晶,193.0,207.5,192.0,207.5,37434839.0
2026-09-30,TPEX,5487,通泰,28.9,29.55,28.5,28.6,113911.0
2026-09-30,TPEX,5488,松普,11.8,12.15,11.75,12.1,160972.0
2026-09-30,TPEX,5489,彩富,42.45,43.1,42.35,42.55,34260.0
2026-09-30,TPEX,5490,同亨,25.5,25.7,25.5,25.65,122117.0
2026-09-30,TPEX,5493,三聯,91.0,91.5,90.5,90.6,110143.0
2026-09-30,TPEX,5498,凱崴,50.6,51.4,50.4,51.2,1056760.0
2026-09-30,TPEX,5508,永信建,53.0,53.4,52.7,53.1,227291.0
2026-09-30,TPEX,5511,德昌,70.1,70.1,69.3,69.6,121478.0
2026-09-30,TPEX,5512,力麒,7.78,7.78,7.66,7.71,523786.0
2026-09-30,TPEX,5514,三豐,15.05,15.05,15.05,15.05,9001.0
2026-09-30,TPEX,5516,雙喜,12.0,12.1,12.0,12.0,4024.0
2026-09-30,TPEX,5520,力泰,,,,,348.0
2026-09-30,TPEX,5523,豐謙,30.2,30.35,30.2,30.35,25223.0
2026-09-30,TPEX,5529,鉅陞,26.2,26.6,26.2,26.45,153216.0
2026-09-30,TPEX,5530,龍巖,48.8,48.85,48.4,48.85,193160.0
2026-09-30,TPEX,5536,聖暉*,908.0,935.0,908.0,919.0,1538550.0
2026-09-30,TPEX,5543,桓鼎-KY,26.95,27.2,26.5,26.7,9000.0
2026-09-30,TPEX,5547,久舜,20.0,20.2,20.0,20.15,29077.0
2026-09-30,TPEX,5548,安倉,20.2,20.2,20.05,20.15,42563.0
2026-09-30,TPEX,5601,台聯櫃,,,,,210.0
2026-09-30,TPEX,5603,陸海,13.4,13.45,13.35,13.35,92217.0
2026-09-30,TPEX,5604,中連,31.25,31.3,31.0,31.2,10480.0
2026-09-30,TPEX,5609,中菲行,78.2,78.6,78.0,78.1,125284.0
2026-09-30,TPEX,5701,劍湖山,4.02,4.06,3.99,4.06,78831.0
2026-09-30,TPEX,5703,亞都,13.5,13.5,13.35,13.35,3180.0
2026-09-30,TPEX,5704,老爺知,22.5,22.65,22.2,22.65,85532.0
2026-09-30,TPEX,5864,致和證,37.45,39.35,37.35,39.2,5235161.0
2026-09-30,TPEX,5878,台名,38.0,38.0,37.85,37.85,5818.0
2026-09-30,TPEX,5902,德記,34.45,34.7,34.45,34.5,75415.0
2026-09-30,TPEX,5903,全家,186.5,186.5,186.0,186.0,19124.0
2026-09-30,TPEX,5904,寶雅*,68.9,70.1,68.8,69.7,4944374.0
2026-09-30,TPEX,5905,南仁湖,7.4,7.4,7.29,7.32,367214.0
2026-09-30,TPEX,6015,宏遠證,17.6,18.1,17.55,17.95,2636023.0
2026-09-30,TPEX,6016,康和證,23.75,24.4,23.65,24.3,5330397.0
2026-09-30,TPEX,6020,大展證,20.7,20.75,20.7,20.75,12047.0
2026-09-30,TPEX,6021,美好證,41.7,41.95,41.45,41.8,117702.0
2026-09-30,TPEX,6023,元大期,86.7,86.7,85.0,85.0,754375.0
2026-09-30,TPEX,6026,福邦證,16.0,16.15,15.9,16.1,1099889.0
2026-09-30,TPEX,6028,公勝保經,98.7,99.0,98.5,99.0,9175.0
2026-09-30,TPEX,6101,寬魚國際,37.85,37.85,37.0,37.4,226865.0
2026-09-30,TPEX,6103,合邦,38.6,39.3,37.7,38.3,133292.0
2026-09-30,TPEX,6104,創惟,90.9,91.6,90.7,91.5,420859.0
2026-09-30,TPEX,6109,亞元,10.5,10.65,10.5,10.55,132178.0
2026-09-30,TPEX,6111,光聚晶電,37.8,38.7,37.55,38.65,234305.0
2026-09-30,TPEX,6113,亞矽,22.3,22.8,22.3,22.65,73766.0
2026-09-30,TPEX,6114,久威,24.1,24.1,23.35,23.45,99538.0
2026-09-30,TPEX,6118,建達,16.4,16.8,16.0,16.05,703270.0
2026-09-30,TPEX,6121,新普,381.0,381.0,376.5,377.0,454636.0
2026-09-30,TPEX,6122,擎邦,60.3,60.9,59.2,60.5,2318789.0
2026-09-30,TPEX,6123,上奇,43.1,43.3,42.0,43.05,87329.0
2026-09-30,TPEX,6124,業強,27.85,27.85,27.2,27.2,13919.0
2026-09-30,TPEX,6125,廣運,49.8,50.0,49.6,49.9,484930.0
2026-09-30,TPEX,6126,信音,30.8,31.05,30.7,30.9,291112.0
2026-09-30,TPEX,6127,九豪,52.0,52.3,50.0,51.7,4105464.0
2026-09-30,TPEX,6129,普誠,14.65,15.05,14.6,14.9,410797.0
2026-09-30,TPEX,6130,上亞科技,23.8,23.85,23.5,23.75,155114.0
2026-09-30,TPEX,6134,萬旭,29.3,29.45,29.05,29.2,170172.0
2026-09-30,TPEX,6138,茂達,280.0,281.0,276.0,276.0,336254.0
2026-09-30,TPEX,6140,訊達,20.75,20.95,20.1,20.2,323060.0
2026-09-30,TPEX,6143,振曜,80.9,81.5,80.9,81.0,183744.0
2026-09-30,TPEX,6144,得利影,12.45,12.55,12.45,12.55,6210.0
2026-09-30,TPEX,6146,耕興,180.0,182.5,180.0,181.5,205818.0
2026-09-30,TPEX,6147,頎邦,211.5,214.5,209.0,209.5,21118600.0
2026-09-30,TPEX,6148,驊宏資,37.95,39.4,37.9,38.1,1367595.0
2026-09-30,TPEX,6150,撼訊,62.2,64.1,62.2,63.6,345542.0
2026-09-30,TPEX,6151,晉倫,34.75,35.05,34.3,34.75,118037.0
2026-09-30,TPEX,6154,順發,14.15,14.25,14.15,14.2,34972.0
2026-09-30,TPEX,6156,松上,21.8,22.1,21.55,21.85,747559.0
2026-09-30,TPEX,6158,禾昌,17.35,17.4,17.05,17.2,89334.0
2026-09-30,TPEX,6160,欣技,13.95,14.1,13.85,13.9,60848.0
2026-09-30,TPEX,6161,捷波,50.1,51.5,49.7,51.5,208100.0
2026-09-30,TPEX,6163,華電網,42.0,42.3,41.2,41.7,1256370.0
2026-09-30,TPEX,6167,久正,10.25,10.35,10.25,10.3,201293.0
2026-09-30,TPEX,6169,昱泉,12.0,12.0,12.0,12.0,2024.0
2026-09-30,TPEX,6170,統振,48.8,48.9,48.5,48.65,125523.0
2026-09-30,TPEX,6171,大城地產,26.7,26.9,26.6,26.75,150666.0
2026-09-30,TPEX,6173,信昌電,301.0,303.5,288.0,288.5,11071890.0
2026-09-30,TPEX,6174,安碁,45.35,46.2,44.65,45.5,504089.0
2026-09-30,TPEX,6175,立敦,70.0,70.9,69.9,70.4,513309.0
2026-09-30,TPEX,6179,亞通,37.8,37.8,35.7,36.3,7550981.0
2026-09-30,TPEX,6180,橘子,41.1,41.4,40.8,41.4,235016.0
2026-09-30,TPEX,6182,合晶,123.0,133.0,121.0,133.0,157376273.0
2026-09-30,TPEX,6185,幃翔,12.45,12.5,12.35,12.5,104255.0
2026-09-30,TPEX,6186,新潤,28.85,29.2,28.85,29.15,294354.0
2026-09-30,TPEX,6187,萬潤,1375.0,1420.0,1275.0,1310.0,5059066.0
2026-09-30,TPEX,6188,廣明,61.8,62.4,61.8,62.1,664211.0
2026-09-30,TPEX,6190,萬泰科,70.1,71.2,69.6,70.4,1974577.0
2026-09-30,TPEX,6194,育富,30.5,30.5,29.85,29.85,42008.0
2026-09-30,TPEX,6195,詩肯,28.35,28.35,28.2,28.25,10985.0
2026-09-30,TPEX,6198,瑞築,20.05,20.05,20.05,20.05,1000.0
2026-09-30,TPEX,6199,天品,126.0,128.0,125.0,127.5,6641206.0
2026-09-30,TPEX,6203,海韻電,59.6,60.2,59.6,60.0,88817.0
2026-09-30,TPEX,6204,艾華,105.0,108.0,103.0,103.0,349828.0
2026-09-30,TPEX,6207,雷科,141.0,151.0,140.0,151.0,20816512.0
2026-09-30,TPEX,6208,日揚,75.4,76.3,75.1,76.0,112507.0
2026-09-30,TPEX,6210,慶生,17.55,17.95,17.5,17.9,21155.0
2026-09-30,TPEX,6212,理銘,,,,,23.0
2026-09-30,TPEX,6217,中探針,173.0,178.0,173.0,176.5,3169323.0
2026-09-30,TPEX,6218,豪勉,63.3,63.3,61.6,61.9,1279332.0
2026-09-30,TPEX,6219,富旺,12.1,12.3,12.0,12.2,84294.0
2026-09-30,TPEX,6220,岳豐,25.2,25.3,25.1,25.2,71680.0
2026-09-30,TPEX,6221,晉泰,31.75,32.9,30.55,31.0,2259917.0
2026-09-30,TPEX,6222,立軒,19.4,20.05,18.95,19.3,6025.0
2026-09-30,TPEX,6223,旺矽,5275.0,5320.0,5100.0,5125.0,1044727.0
2026-09-30,TPEX,6227,茂綸,136.0,137.5,132.0,132.0,936861.0
2026-09-30,TPEX,6228,全譜,20.6,20.6,18.8,18.8,28329.0
2026-09-30,TPEX,6229,研通,23.95,24.25,23.65,24.2,128280.0
2026-09-30,TPEX,6231,系微,240.5,243.0,234.5,235.0,424042.0
2026-09-30,TPEX,6233,旺玖,21.8,22.9,21.8,22.8,314981.0
2026-09-30,TPEX,6234,高僑,39.0,40.8,38.85,39.75,1424987.0
2026-09-30,TPEX,6236,中湛,19.05,19.05,18.5,18.5,2037.0
2026-09-30,TPEX,6237,驊訊,36.25,37.2,36.2,36.5,248130.0
2026-09-30,TPEX,6240,松崗,25.5,26.45,25.45,25.55,33200.0
2026-09-30,TPEX,6241,鑫永洋,15.55,16.95,15.55,16.3,124847.0
2026-09-30,TPEX,6242,立康,34.5,34.5,34.05,34.05,6419.0
2026-09-30,TPEX,6244,茂迪,23.6,25.1,23.6,25.05,10341679.0
2026-09-30,TPEX,6245,立端,88.9,90.6,87.1,87.8,999902.0
2026-09-30,TPEX,6246,臺龍,13.2,13.2,12.85,12.85,26030.0
2026-09-30,TPEX,6248,沛波,17.0,17.15,17.0,17.15,86844.0
2026-09-30,TPEX,6259,百徽,29.6,30.35,29.3,30.25,185192.0
2026-09-30,TPEX,6261,久元,78.6,79.9,78.1,79.1,362188.0
2026-09-30,TPEX,6263,普萊德,157.5,159.0,157.5,158.5,88483.0
2026-09-30,TPEX,6264,富裔,6.01,6.04,5.97,6.03,35100.0
2026-09-30,TPEX,6265,方土昶,48.35,48.95,48.2,48.65,908160.0
2026-09-30,TPEX,6266,泰詠,25.0,25.0,24.85,25.0,154435.0
2026-09-30,TPEX,6270,倍微,30.2,30.4,30.0,30.0,165690.0
2026-09-30,TPEX,6274,台燿,1500.0,1550.0,1485.0,1520.0,6268204.0
2026-09-30,TPEX,6275,元山,47.35,47.45,46.9,47.15,220136.0
2026-09-30,TPEX,6276,安鈦克,19.0,19.35,19.0,19.3,11142.0
2026-09-30,TPEX,6279,胡連,113.0,113.0,111.0,112.5,335441.0
2026-09-30,TPEX,6284,佳邦,78.2,78.6,75.6,75.6,1469826.0
2026-09-30,TPEX,6290,良維,272.0,283.5,270.0,280.0,3400356.0
2026-09-30,TPEX,6291,沛亨,504.0,510.0,494.0,500.0,933333.0
2026-09-30,TPEX,6292,迅德,67.0,67.3,66.2,66.6,172979.0
2026-09-30,TPEX,6294,智基,29.0,29.0,28.25,28.25,27894.0
2026-09-30,TPEX,6411,晶焱,78.2,78.3,77.4,77.6,197651.0
2026-09-30,TPEX,6417,韋僑,102.5,103.5,102.0,102.0,68266.0
2026-09-30,TPEX,6418,詠昇,34.5,35.2,34.5,34.65,81834.0
2026-09-30,TPEX,6419,京晨科,155.0,158.5,153.0,156.0,273551.0
2026-09-30,TPEX,6423,億而得,86.3,86.3,84.6,85.9,29356.0
2026-09-30,TPEX,6425,易發,74.2,79.8,74.2,79.0,4399645.0
2026-09-30,TPEX,6432,今展科,60.3,65.1,59.8,63.5,1297178.0
2026-09-30,TPEX,6435,大中,255.5,259.0,252.0,252.0,297849.0
2026-09-30,TPEX,6441,廣錠,24.8,25.3,24.55,24.7,120443.0
2026-09-30,TPEX,6461,益得,24.0,24.5,24.0,24.45,64091.0
2026-09-30,TPEX,6462,神盾,105.5,106.5,102.5,106.0,1054051.0
2026-09-30,TPEX,6465,威潤,41.15,41.8,40.3,41.75,60129.0
2026-09-30,TPEX,6469,大樹,64.5,64.7,64.3,64.4,236602.0
2026-09-30,TPEX,6470,宇智,42.35,42.7,42.0,42.7,32896.0
2026-09-30,TPEX,6474,華豫寧,35.5,35.7,35.5,35.7,16375.0
2026-09-30,TPEX,6482,弘煜科,23.4,23.5,23.4,23.5,4120.0
2026-09-30,TPEX,6485,點序,70.6,77.0,70.6,77.0,2164988.0
2026-09-30,TPEX,6486,互動,80.8,80.9,80.6,80.6,43831.0
2026-09-30,TPEX,6488,環球晶,966.0,1035.0,953.0,1035.0,18827804.0
2026-09-30,TPEX,6492,生華科,34.35,34.4,34.05,34.35,194495.0
2026-09-30,TPEX,6494,九齊,51.0,51.8,51.0,51.8,68427.0
2026-09-30,TPEX,6496,科懋,23.4,23.85,23.05,23.65,159911.0
2026-09-30,TPEX,6498,久禾光,67.8,67.8,66.3,66.8,79544.0
2026-09-30,TPEX,6499,益安,73.9,78.0,73.9,77.7,492781.0
2026-09-30,TPEX,6506,雙邦,18.4,18.6,18.4,18.6,52190.0
2026-09-30,TPEX,6508,惠光,27.1,27.45,26.95,26.95,30964.0
2026-09-30,TPEX,6509,聚和,48.5,50.1,48.3,49.1,1818153.0
2026-09-30,TPEX,6510,精測,3170.0,3240.0,3065.0,3065.0,1036485.0
2026-09-30,TPEX,6512,啟發電,20.1,20.25,20.1,20.25,4702.0
2026-09-30,TPEX,6516,勤崴國際,57.5,57.5,56.2,56.5,31124.0
2026-09-30,TPEX,6517,保勝光學,63.2,63.6,63.1,63.6,90816.0
2026-09-30,TPEX,6523,達爾膚,91.0,93.0,90.6,91.0,112974.0
2026-09-30,TPEX,6527,明達醫,73.1,75.0,73.1,75.0,37018.0
2026-09-30,TPEX,6530,創威,100.0,105.0,100.0,104.5,3590722.0
2026-09-30,TPEX,6532,瑞耘,114.0,118.5,114.0,118.5,1529140.0
2026-09-30,TPEX,6535,順藥,80.7,82.9,80.7,82.2,247467.0
2026-09-30,TPEX,6538,倉和,360.5,374.5,355.0,356.0,2131168.0
2026-09-30,TPEX,6542,隆中,40.25,40.5,40.25,40.5,8056.0
2026-09-30,TPEX,6546,正基,59.5,60.1,59.2,59.4,220394.0
2026-09-30,TPEX,6547,高端疫苗,61.0,63.4,60.8,62.4,3731198.0
2026-09-30,TPEX,6548,長科*,72.2,73.5,72.1,72.2,1011757.0
2026-09-30,TPEX,6556,勝品,62.0,62.1,62.0,62.1,4000.0
2026-09-30,TPEX,6560,欣普羅,32.45,32.45,32.1,32.2,20031.0
2026-09-30,TPEX,6561,是方,309.0,309.5,306.5,307.0,101983.0
2026-09-30,TPEX,6568,宏觀,146.5,150.0,142.5,142.5,211357.0
2026-09-30,TPEX,6569,醫揚,92.1,92.2,91.6,92.2,14952.0
2026-09-30,TPEX,6570,維田,47.85,47.85,47.15,47.55,98216.0
2026-09-30,TPEX,6574,霈方,118.5,119.0,118.0,118.5,29151.0
2026-09-30,TPEX,6576,逸達,79.5,79.6,79.3,79.5,57172.0
2026-09-30,TPEX,6577,勁豐,79.4,80.0,79.3,80.0,27801.0
2026-09-30,TPEX,6578,達邦蛋白,16.4,16.5,16.3,16.45,48702.0
2026-09-30,TPEX,6584,南俊國際,545.0,549.0,540.0,540.0,176355.0
2026-09-30,TPEX,6588,東典光電,109.5,113.5,108.0,108.0,1081663.0
2026-09-30,TPEX,6590,普鴻,66.2,66.3,65.9,65.9,25586.0
2026-09-30,TPEX,6593,台灣銘板,32.1,32.25,31.7,32.25,13945.0
2026-09-30,TPEX,6596,寬宏藝術,97.8,97.8,97.0,97.3,91395.0
2026-09-30,TPEX,6597,立誠,65.6,68.7,65.6,68.7,6185.0
2026-09-30,TPEX,6603,富強鑫,30.0,30.7,28.6,28.8,6995035.0
2026-09-30,TPEX,6609,瀧澤科,39.7,40.0,39.45,39.95,76268.0
2026-09-30,TPEX,6612,奈米醫材,72.0,72.5,71.8,72.5,39937.0
2026-09-30,TPEX,6613,朋億*,272.0,276.5,272.0,274.0,216861.0
2026-09-30,TPEX,6615,慧智,33.4,33.5,33.4,33.5,4190.0
2026-09-30,TPEX,6616,特昇-KY,8.25,8.25,8.05,8.18,7237.0
2026-09-30,TPEX,6617,共信-KY,135.0,142.0,135.0,138.5,697885.0
2026-09-30,TPEX,6620,漢達,137.5,145.0,133.0,141.0,7363820.0
2026-09-30,TPEX,6624,萬年清,39.45,39.45,38.15,38.25,10016.0
2026-09-30,TPEX,6629,泰金-KY,102.5,103.5,102.5,103.5,5001.0
2026-09-30,TPEX,6637,醫影,54.4,54.5,53.6,53.8,15715.0
2026-09-30,TPEX,6640,均華,1065.0,1090.0,1030.0,1040.0,278977.0
2026-09-30,TPEX,6642,富致,80.8,82.0,80.8,81.7,164212.0
2026-09-30,TPEX,6643,M31,506.0,555.0,500.0,555.0,2688596.0
2026-09-30,TPEX,6649,台生材,36.5,36.5,36.45,36.5,3683.0
2026-09-30,TPEX,6651,全宇昕,151.5,151.5,145.0,146.0,338515.0
2026-09-30,TPEX,6654,天正國際,206.5,217.5,203.0,216.0,84734.0
2026-09-30,TPEX,6661,威健生技,,,,,5.0
2026-09-30,TPEX,6662,樂斯科,,,,,534.0
2026-09-30,TPEX,6664,群翊,373.5,387.0,370.5,376.0,839063.0
2026-09-30,TPEX,6667,信紘科,261.0,263.5,259.5,262.0,253798.0
2026-09-30,TPEX,6679,鈺太,209.0,210.0,205.0,206.0,277320.0
2026-09-30,TPEX,6680,鑫創電子,51.0,51.9,51.0,51.9,3821.0
2026-09-30,TPEX,6683,雍智科技,1495.0,1605.0,1490.0,1590.0,1228077.0
2026-09-30,TPEX,6684,安格,50.7,51.1,50.1,50.2,96846.0
2026-09-30,TPEX,6690,安碁資訊,178.0,179.5,175.0,177.0,186684.0
2026-09-30,TPEX,6692,進能服,22.5,23.85,22.5,23.85,8300.0
2026-09-30,TPEX,6693,廣閎科,222.5,223.5,210.0,211.5,3056908.0
2026-09-30,TPEX,6697,東捷資訊,41.65,41.7,41.1,41.3,33401.0
2026-09-30,TPEX,6703,軒郁,100.0,100.5,99.8,100.5,48640.0
2026-09-30,TPEX,6708,天擎,51.7,51.7,51.7,51.7,883126.0
2026-09-30,TPEX,6712,長聖,163.5,163.5,161.0,162.0,179516.0
2026-09-30,TPEX,6716,應廣,116.0,116.5,114.0,114.0,202648.0
2026-09-30,TPEX,6720,久昌,128.0,129.0,127.5,127.5,12431.0
2026-09-30,TPEX,6721,信實,50.2,50.2,50.0,50.0,9077.0
2026-09-30,TPEX,6725,矽科宏晟,219.0,221.0,216.5,218.0,50868.0
2026-09-30,TPEX,6727,亞泰金屬,487.5,499.5,485.0,485.0,986862.0
2026-09-30,TPEX,6728,上洋,108.5,109.0,108.5,109.0,17184.0
2026-09-30,TPEX,6730,常廣,32.3,32.3,31.7,32.0,7204.0
2026-09-30,TPEX,6732,昇佳電子,152.0,153.5,151.0,151.5,71805.0
2026-09-30,TPEX,6733,博晟生醫,25.2,25.3,24.85,24.95,98720.0
2026-09-30,TPEX,6735,美達科技,65.5,67.7,64.7,67.3,111999.0
2026-09-30,TPEX,6739,竹陞科技,1140.0,1140.0,1100.0,1135.0,256344.0
2026-09-30,TPEX,6741,91APP*-KY,56.5,56.5,55.0,55.1,294521.0
2026-09-30,TPEX,6751,智聯服務,44.95,44.95,44.5,44.5,6000.0
2026-09-30,TPEX,6752,叡揚,97.6,97.6,95.6,96.0,10280.0
2026-09-30,TPEX,6761,穩得,164.5,165.5,163.5,165.0,99513.0
2026-09-30,TPEX,6762,達亞,158.0,158.0,158.0,158.0,4007.0
2026-09-30,TPEX,6763,綠界科技*,41.2,41.4,41.1,41.3,118408.0
2026-09-30,TPEX,6767,台微醫,24.1,24.5,24.1,24.5,3000.0
2026-09-30,TPEX,6785,昱展新藥,96.3,97.7,94.8,95.1,68222.0
2026-09-30,TPEX,6788,華景電,346.0,351.5,346.0,349.0,171510.0
2026-09-30,TPEX,6791,虎門科技,99.9,99.9,99.2,99.5,7464.0
2026-09-30,TPEX,6803,崑鼎,267.0,267.0,266.0,267.0,36816.0
2026-09-30,TPEX,6804,明係,18.1,18.5,18.1,18.35,53028.0
2026-09-30,TPEX,6811,宏碁資訊,241.0,241.0,237.5,240.5,229357.0
2026-09-30,TPEX,6821,聯寶,41.1,42.8,40.95,42.8,153891.0
2026-09-30,TPEX,6823,濾能,63.4,63.4,60.8,60.8,89701.0
2026-09-30,TPEX,6829,千附精密,210.0,210.5,208.0,208.5,477359.0
2026-09-30,TPEX,6840,東研信超,100.5,100.5,97.8,98.9,214063.0
2026-09-30,TPEX,6841,長佳智能,57.7,58.8,56.5,58.8,812611.0
2026-09-30,TPEX,6843,進典,39.05,39.05,38.55,38.55,3270.0
2026-09-30,TPEX,6844,諾貝兒,57.4,57.5,57.0,57.5,13681.0
2026-09-30,TPEX,6846,綠茵,59.2,59.2,58.1,58.5,6115.0
2026-09-30,TPEX,6855,數泓科,111.0,116.0,110.5,116.0,8009.0
2026-09-30,TPEX,6856,鑫傳,41.1,42.0,41.05,42.0,13002.0
2026-09-30,TPEX,6859,伯特光,120.0,120.5,119.0,120.5,21429.0
2026-09-30,TPEX,6865,偉康科技,28.0,29.15,27.05,29.15,59528.0
2026-09-30,TPEX,6870,騰雲,331.0,331.0,315.0,323.5,134890.0
2026-09-30,TPEX,6872,浩宇生醫,25.8,25.8,23.6,24.05,241338.0
2026-09-30,TPEX,6874,倍力,69.7,70.7,69.7,69.8,20330.0
2026-09-30,TPEX,6875,國邑*,31.5,32.0,31.35,31.35,183439.0
2026-09-30,TPEX,6877,鏵友益,129.0,129.0,124.0,126.0,66298.0
2026-09-30,TPEX,6881,潤德,214.5,214.5,214.5,214.5,4000.0
2026-09-30,TPEX,6884,海柏特,31.1,31.1,30.55,30.55,13000.0
2026-09-30,TPEX,6894,衛司特,365.5,368.5,361.0,361.0,44520.0
2026-09-30,TPEX,6895,宏碩系統,147.0,151.5,146.5,151.5,18477.0
2026-09-30,TPEX,6899,創為精密,50.0,50.0,48.9,49.8,11010.0
2026-09-30,TPEX,6903,巨漢,306.5,318.5,306.5,315.5,566119.0
2026-09-30,TPEX,6904,伯鑫,123.0,123.0,123.0,123.0,1198.0
2026-09-30,TPEX,6907,雅特力-KY,184.0,189.5,182.0,188.0,762017.0
2026-09-30,TPEX,6910,德鴻,26.9,26.95,26.6,26.95,16210.0
2026-09-30,TPEX,6913,鴻呈,128.5,129.5,128.5,128.5,76536.0
2026-09-30,TPEX,6922,宸曜,228.5,230.0,218.5,221.0,202860.0
2026-09-30,TPEX,6925,意藍,74.8,75.0,72.7,73.8,1228751.0
2026-09-30,TPEX,6929,佑全,22.1,22.1,21.8,21.8,4040.0
2026-09-30,TPEX,6945,圓祥生技,140.0,149.0,140.0,148.5,711953.0
2026-09-30,TPEX,6953,家碩,243.0,246.5,241.0,245.0,42486.0
2026-09-30,TPEX,6961,旅天下,47.65,48.1,47.5,48.1,31190.0
2026-09-30,TPEX,6967,汎瑋材料,67.2,71.1,67.1,70.2,282205.0
2026-09-30,TPEX,6968,萬達寵物,41.35,41.55,41.25,41.45,20831.0
2026-09-30,TPEX,6971,惠民實業,23.5,23.5,23.5,23.5,6005.0
2026-09-30,TPEX,6982,大井泵浦,44.0,44.5,43.5,44.1,21844.0
2026-09-30,TPEX,6983,華洋精機,350.5,350.5,340.0,348.0,42936.0
2026-09-30,TPEX,6986,和迅,44.05,44.25,44.0,44.05,148112.0
2026-09-30,TPEX,6996,力領科技,169.0,170.5,169.0,169.5,11608.0
2026-09-30,TPEX,6997,博弘,67.0,67.0,67.0,67.0,1514.0
2026-09-30,TPEX,7402,邑錡,99.9,102.5,99.5,101.0,194569.0
2026-09-30,TPEX,7547,碩網,64.4,66.3,62.8,64.8,819218.0
2026-09-30,TPEX,7556,意德士,272.0,272.0,264.5,264.5,75175.0
2026-09-30,TPEX,7584,樂意,28.55,28.7,28.5,28.7,6001.0
2026-09-30,TPEX,7642,昶瑞機電,68.5,69.3,68.0,68.5,33615.0
2026-09-30,TPEX,7703,銳澤,199.0,204.0,199.0,201.5,46517.0
2026-09-30,TPEX,7704,明遠精密,61.3,62.0,61.0,61.4,73003.0
2026-09-30,TPEX,7708,全家餐飲,92.0,92.2,92.0,92.2,10416.0
2026-09-30,TPEX,7709,榮田,87.2,88.2,86.0,86.3,106924.0
2026-09-30,TPEX,7712,博盛半導體,164.5,165.5,160.5,161.0,179220.0
2026-09-30,TPEX,7713,威力德生醫,74.1,74.3,74.0,74.3,5028.0
2026-09-30,TPEX,7714,創泓科技,164.5,177.0,162.0,172.0,567252.0
2026-09-30,TPEX,7715,裕山,30.35,30.35,28.3,28.4,141704.0
2026-09-30,TPEX,7716,昱臺國際,23.9,23.9,23.9,23.9,1000.0
2026-09-30,TPEX,7717,萊德光電-KY,600.0,618.0,590.0,604.0,653179.0
2026-09-30,TPEX,7718,友鋮,46.8,47.0,45.8,45.8,38003.0
2026-09-30,TPEX,7723,築間,18.35,18.4,18.2,18.4,44438.0
2026-09-30,TPEX,7728,光焱科技,615.0,667.0,615.0,667.0,154961.0
2026-09-30,TPEX,7734,印能科技,2740.0,2780.0,2630.0,2665.0,150730.0
2026-09-30,TPEX,7738,東聯互動,158.0,158.0,154.5,155.5,14629.0
2026-09-30,TPEX,7743,金利食安,24.6,25.0,24.0,25.0,49322.0
2026-09-30,TPEX,7744,崴寶,532.0,540.0,523.0,523.0,83620.0
2026-09-30,TPEX,7747,昕奇雲端,111.5,111.5,111.5,111.5,1135.0
2026-09-30,TPEX,7751,竑騰,1625.0,1650.0,1530.0,1625.0,354828.0
2026-09-30,TPEX,7753,星亞,35.4,35.6,35.4,35.6,18064.0
2026-09-30,TPEX,7757,金色三麥,90.5,90.5,89.5,90.2,19648.0
2026-09-30,TPEX,7767,仁大資訊,46.35,46.35,46.3,46.3,2275.0
2026-09-30,TPEX,7770,君曜,42.95,42.95,41.5,42.6,21052.0
2026-09-30,TPEX,7772,耀穎,180.0,180.0,175.0,176.0,101236.0
2026-09-30,TPEX,7777,能率亞洲,36.05,38.35,35.8,38.0,2320080.0
2026-09-30,TPEX,7782,光速火箭,25.15,25.25,25.1,25.25,3111.0
2026-09-30,TPEX,7792,安葆,420.0,424.0,413.0,424.0,365930.0
2026-09-30,TPEX,7794,宏碁智新,30.25,30.7,30.25,30.6,11066.0
2026-09-30,TPEX,7805,威聯通,498.0,498.0,491.5,494.0,30351.0
2026-09-30,TPEX,7810,捷創科技,229.0,236.0,228.5,235.0,206542.0
2026-09-30,TPEX,7811,民盛,73.5,73.5,73.5,73.5,1000.0
2026-09-30,TPEX,7814,海昌生技,28.4,28.4,28.25,28.25,17054.0
2026-09-30,TPEX,7819,精誠金融,34.25,34.3,33.5,33.7,50136.0
2026-09-30,TPEX,7820,立盈,106.5,111.0,106.5,110.5,20360.0
2026-09-30,TPEX,7825,和亞智慧,82.6,86.5,81.4,84.4,374653.0
2026-09-30,TPEX,7828,創新服務,1920.0,1965.0,1875.0,1885.0,248664.0
2026-09-30,TPEX,7839,達人網,43.2,43.2,42.5,43.2,9226.0
2026-09-30,TPEX,7842,天能綠電,94.3,98.4,94.3,98.3,15473.0
2026-09-30,TPEX,7856,漢測,4340.0,4400.0,4235.0,4250.0,262064.0
2026-09-30,TPEX,8024,佑華,11.6,13.1,11.6,12.55,84804.0
2026-09-30,TPEX,8027,鈦昇,222.0,222.0,219.0,222.0,1860710.0
2026-09-30,TPEX,8032,光菱,35.8,36.5,35.8,36.2,47831.0
2026-09-30,TPEX,8034,榮群,20.5,20.85,20.25,20.35,72255.0
2026-09-30,TPEX,8038,長園科,31.9,34.7,31.9,34.6,392497.0
2026-09-30,TPEX,8040,九暘,101.0,102.5,98.0,98.5,4657019.0
2026-09-30,TPEX,8042,金山電,113.0,114.0,111.0,111.5,1351882.0
2026-09-30,TPEX,8043,蜜望實,133.0,133.5,130.5,130.5,792073.0
2026-09-30,TPEX,8044,網家,24.2,24.3,24.05,24.3,196505.0
2026-09-30,TPEX,8047,星雲,51.2,51.5,50.2,50.8,411025.0
2026-09-30,TPEX,8048,德勝,49.95,50.9,49.7,50.6,97012.0
2026-09-30,TPEX,8049,晶采,24.6,24.65,24.55,24.6,118534.0
2026-09-30,TPEX,8050,廣積,67.1,68.0,63.0,63.6,6175760.0
2026-09-30,TPEX,8054,安國,89.0,89.0,86.6,88.6,1060873.0
2026-09-30,TPEX,8059,凱碩,17.05,17.5,17.0,17.15,155842.0
2026-09-30,TPEX,8064,東捷,144.0,155.0,144.0,145.5,23198445.0
2026-09-30,TPEX,8066,來思達,15.25,15.25,14.8,15.15,7742.0
2026-09-30,TPEX,8067,志旭,12.3,12.5,12.3,12.35,8001.0
2026-09-30,TPEX,8068,全達,17.6,18.0,17.55,17.75,129310.0
2026-09-30,TPEX,8069,元太,145.0,146.5,143.5,144.0,5453615.0
2026-09-30,TPEX,8071,能率網通,21.8,22.1,21.8,22.05,330790.0
2026-09-30,TPEX,8074,鉅橡,51.2,51.8,51.1,51.6,267411.0
2026-09-30,TPEX,8076,伍豐,21.7,21.8,21.55,21.8,525492.0
2026-09-30,TPEX,8077,洛碁,42.3,42.35,42.15,42.15,10009.0
2026-09-30,TPEX,8080,泰霖,27.7,27.85,27.7,27.8,10779.0
2026-09-30,TPEX,8083,瑞穎,156.0,157.0,155.5,156.0,48000.0
2026-09-30,TPEX,8084,巨虹,26.85,26.85,26.85,26.85,1033679.0
2026-09-30,TPEX,8085,福華,14.15,14.55,14.15,14.4,134566.0
2026-09-30,TPEX,8086,宏捷科,111.0,116.0,111.0,114.5,4749908.0
2026-09-30,TPEX,8087,麗升能源,23.3,23.3,22.6,22.8,20836.0
2026-09-30,TPEX,8088,品安,42.3,44.55,42.3,44.4,705207.0
2026-09-30,TPEX,8089,康全電訊,19.05,19.5,18.95,19.5,133024.0
2026-09-30,TPEX,8091,翔名,221.5,223.0,215.5,217.0,333348.0
2026-09-30,TPEX,8092,建暐,12.85,12.85,12.5,12.6,29571.0
2026-09-30,TPEX,8093,保銳,24.3,24.65,23.65,23.65,32658.0
2026-09-30,TPEX,8096,擎亞,89.3,91.1,88.2,88.3,3247616.0
2026-09-30,TPEX,8097,常珵,48.85,49.3,48.0,48.5,117799.0
2026-09-30,TPEX,8099,大世科,60.2,60.2,59.1,59.6,46104.0
2026-09-30,TPEX,8102,傑霖科技,57.5,60.4,57.3,59.9,14000.0
2026-09-30,TPEX,8107,大億金茂,12.05,12.1,11.7,12.0,70342.0
2026-09-30,TPEX,8109,博大,134.5,136.0,133.5,135.0,193119.0
2026-09-30,TPEX,8111,立碁,80.4,81.2,78.9,79.3,8601972.0
2026-09-30,TPEX,8121,越峰,32.0,32.0,31.15,31.5,1238513.0
2026-09-30,TPEX,8147,正淩,149.5,160.5,148.0,158.5,1227046.0
2026-09-30,TPEX,8155,博智,310.0,318.5,302.0,316.0,1235300.0
2026-09-30,TPEX,8171,天宇,20.7,20.8,20.5,20.8,196272.0
2026-09-30,TPEX,8176,智捷,9.62,9.78,9.62,9.76,91427.0
2026-09-30,TPEX,8182,加高,41.5,42.4,41.05,41.4,711780.0
2026-09-30,TPEX,8227,巨有科技,370.5,370.5,370.5,370.5,747553.0
2026-09-30,TPEX,8234,新漢,62.4,63.0,62.2,62.6,249670.0
2026-09-30,TPEX,8240,華宏,54.3,57.3,54.0,57.3,2462656.0
2026-09-30,TPEX,8255,朋程,147.0,149.0,145.5,147.0,568669.0
2026-09-30,TPEX,8272,全景軟體,63.6,64.5,63.5,64.5,4004.0
2026-09-30,TPEX,8277,商丞,15.5,15.5,15.15,15.5,161010.0
2026-09-30,TPEX,8279,生展,78.8,78.8,78.0,78.0,10202.0
2026-09-30,TPEX,8284,三竹,68.0,68.0,66.9,68.0,55775.0
2026-09-30,TPEX,8289,泰藝,46.25,46.95,45.7,46.4,430057.0
2026-09-30,TPEX,8291,尚茂,28.9,29.95,28.55,28.55,51189.0
2026-09-30,TPEX,8299,群聯,2150.0,2215.0,2140.0,2150.0,2992255.0
2026-09-30,TPEX,8342,益張,83.5,83.5,83.5,83.5,1083.0
2026-09-30,TPEX,8349,恒耀,39.5,40.4,39.4,40.4,156808.0
2026-09-30,TPEX,8354,冠好,16.8,17.3,16.8,16.9,19603.0
2026-09-30,TPEX,8358,金居,509.0,515.0,495.0,495.0,8673658.0
2026-09-30,TPEX,8383,千附,67.7,68.6,67.7,68.4,705471.0
2026-09-30,TPEX,8390,金益鼎,90.2,90.6,89.6,90.4,182271.0
2026-09-30,TPEX,8401,白紗科,22.8,22.8,22.45,22.75,11645.0
2026-09-30,TPEX,8403,盛弘,19.05,19.05,18.9,18.95,141883.0
2026-09-30,TPEX,8409,商之器,18.05,18.05,18.0,18.0,6006.0
2026-09-30,TPEX,8410,森田,28.0,28.0,27.7,27.8,26827.0
2026-09-30,TPEX,8415,大國鋼,35.2,35.65,35.15,35.2,499024.0
2026-09-30,TPEX,8416,實威,169.0,169.0,169.0,169.0,1102.0
2026-09-30,TPEX,8421,旭源,12.9,12.95,12.85,12.95,64360.0
2026-09-30,TPEX,8423,保綠-KY,18.15,18.2,17.95,18.2,10888.0
2026-09-30,TPEX,8424,惠普,69.5,70.7,69.5,70.7,14579.0
2026-09-30,TPEX,8426,紅木-KY,20.5,20.75,20.3,20.65,50091.0
2026-09-30,TPEX,8431,匯鑽科,65.7,67.1,65.3,66.8,1228054.0
2026-09-30,TPEX,8432,東生華,50.8,50.9,50.6,50.7,54108.0
2026-09-30,TPEX,8433,弘帆,53.2,53.2,52.8,52.8,6002.0
2026-09-30,TPEX,8435,鉅邁,53.0,53.4,53.0,53.4,46065.0
2026-09-30,TPEX,8436,大江,106.5,107.5,106.0,106.5,319157.0
2026-09-30,TPEX,8437,大地-KY,10.25,10.5,10.1,10.2,53705.0
2026-09-30,TPEX,8440,綠電,20.25,20.4,20.2,20.35,80833.0
2026-09-30,TPEX,8444,綠河-KY,4.35,4.35,4.28,4.35,8040.0
2026-09-30,TPEX,8446,華研,84.4,85.0,84.3,84.8,49775.0
2026-09-30,TPEX,8450,霹靂,14.15,14.3,14.1,14.3,27770.0
2026-09-30,TPEX,8455,大拓-KY,22.1,22.1,22.1,22.1,4600.0
2026-09-30,TPEX,8472,納維康,74.4,74.4,69.5,69.5,21005.0
2026-09-30,TPEX,8477,創業家,14.1,14.35,14.1,14.1,12608.0
2026-09-30,TPEX,8489,三貝德,22.0,22.45,21.95,22.45,39365.0
2026-09-30,TPEX,8905,裕國,34.7,34.7,34.65,34.65,4321.0
2026-09-30,TPEX,8906,花王,29.0,29.0,28.5,28.6,15140.0
2026-09-30,TPEX,8908,欣雄,40.0,40.35,40.0,40.35,13127.0
2026-09-30,TPEX,8916,光隆,41.25,41.3,41.0,41.05,27723.0
2026-09-30,TPEX,8917,欣泰,55.0,55.5,53.7,53.7,4202.0
2026-09-30,TPEX,8921,沈氏,16.25,16.8,16.25,16.8,2202.0
2026-09-30,TPEX,8923,時報,18.0,18.0,18.0,18.0,1000.0
2026-09-30,TPEX,8924,大田,49.15,49.5,49.1,49.45,29272.0
2026-09-30,TPEX,8927,北基,18.85,18.9,18.7,18.75,123400.0
2026-09-30,TPEX,8928,鉅明,22.7,22.95,22.7,22.95,9683.0
2026-09-30,TPEX,8929,富堡,12.85,13.25,12.8,13.2,27111.0
2026-09-30,TPEX,8930,青鋼,28.7,28.75,28.6,28.75,38116.0
2026-09-30,TPEX,8931,大汽電,43.0,43.5,42.9,43.25,244261.0
2026-09-30,TPEX,8932,智通*,93.4,94.1,92.5,92.6,829775.0
2026-09-30,TPEX,8933,愛地雅,4.41,4.57,4.4,4.5,117068.0
2026-09-30,TPEX,8935,邦泰,19.0,20.4,18.8,19.65,604890.0
2026-09-30,TPEX,8936,國統,52.3,52.7,52.1,52.6,1080686.0
2026-09-30,TPEX,8937,合騏*,25.1,26.2,24.4,26.2,343647.0
2026-09-30,TPEX,8938,明安,52.5,53.0,52.5,52.6,34103.0
2026-09-30,TPEX,8941,關中,44.0,44.0,43.8,43.8,5001.0
2026-09-30,TPEX,8942,森鉅,40.3,40.55,40.05,40.2,146344.0
2026-09-30,TPEX,9949,琉園,24.05,24.4,24.0,24.3,1517603.0
2026-09-30,TPEX,9950,萬國通,10.7,10.7,10.2,10.2,23002.0
2026-09-30,TPEX,9951,皇田,47.15,47.15,47.0,47.0,74809.0
2026-09-30,TPEX,9960,邁達康,41.2,41.95,40.4,41.5,67949.0
2026-09-30,TPEX,9962,有益,10.2,10.35,10.15,10.35,94699.0
