date,market,stock_id,name,open,high,low,close,volume
2026-08-19,TWSE,1101,台泥,24.1,24.45,23.9,24.1,26187879.0
2026-08-19,TWSE,1102,亞泥,33.3,33.5,33.2,33.5,5619606.0
2026-08-19,TWSE,1103,嘉泥,13.05,13.15,13.05,13.05,229211.0
2026-08-19,TWSE,1104,環泥,26.5,26.55,26.4,26.4,1290439.0
2026-08-19,TWSE,1108,幸福,11.8,11.9,11.7,11.8,210430.0
2026-08-19,TWSE,1109,信大,13.5,13.75,13.5,13.75,73848.0
2026-08-19,TWSE,1110,東泥,15.95,16.15,15.85,15.85,344258.0
2026-08-19,TWSE,1201,味全,12.2,12.35,12.2,12.3,262139.0
2026-08-19,TWSE,1203,味王,43.6,43.85,43.55,43.7,16803.0
2026-08-19,TWSE,1210,大成,52.0,53.2,52.0,53.0,2459412.0
2026-08-19,TWSE,1213,大飲,7.5,7.5,7.3,7.3,124128.0
2026-08-19,TWSE,1215,卜蜂,108.5,110.0,108.0,110.0,557101.0
2026-08-19,TWSE,1216,統一,75.0,76.2,74.7,76.2,9101134.0
2026-08-19,TWSE,1217,愛之味,9.99,9.99,9.93,9.94,429956.0
2026-08-19,TWSE,1218,泰山,14.6,14.6,14.25,14.3,1682527.0
2026-08-19,TWSE,1219,福壽,11.2,11.3,11.1,11.25,427512.0
2026-08-19,TWSE,1220,台榮,10.9,11.05,10.8,10.95,280738.0
2026-08-19,TWSE,1225,福懋油,24.4,24.5,24.3,24.3,61595.0
2026-08-19,TWSE,1227,佳格,28.8,29.1,28.7,29.0,794570.0
2026-08-19,TWSE,1229,聯華,40.85,41.0,40.65,40.95,969668.0
2026-08-19,TWSE,1231,聯華食,80.3,82.1,80.3,81.9,411012.0
2026-08-19,TWSE,1232,大統益,153.0,155.0,153.0,155.0,144170.0
2026-08-19,TWSE,1233,天仁,28.0,28.0,27.7,27.8,16073.0
2026-08-19,TWSE,1234,黑松,33.3,33.5,33.25,33.35,110473.0
2026-08-19,TWSE,1235,興泰,36.0,36.3,35.6,35.6,20243.0
2026-08-19,TWSE,1236,宏亞,25.35,25.55,25.1,25.4,79990.0
2026-08-19,TWSE,1256,鮮活果汁-KY,178.0,178.0,174.5,175.5,106802.0
2026-08-19,TWSE,1301,台塑,59.2,60.3,58.7,58.9,20595196.0
2026-08-19,TWSE,1303,南亞,199.5,204.5,198.0,200.0,69266366.0
2026-08-19,TWSE,1304,台聚,11.85,12.1,11.85,11.9,1671055.0
2026-08-19,TWSE,1305,華夏,11.85,12.15,11.85,11.9,1122144.0
2026-08-19,TWSE,1307,三芳,30.35,30.55,30.3,30.3,515237.0
2026-08-19,TWSE,1308,亞聚,13.4,13.75,13.4,13.45,1411605.0
2026-08-19,TWSE,1309,台達化,12.7,12.95,12.6,12.8,884363.0
2026-08-19,TWSE,1310,台苯,8.12,8.28,8.07,8.15,3251161.0
2026-08-19,TWSE,1312,國喬,11.7,11.95,11.7,11.8,3143415.0
2026-08-19,TWSE,1313,聯成,11.7,11.8,11.55,11.6,1262092.0
2026-08-19,TWSE,1314,中石化,7.78,7.95,7.78,7.86,18612952.0
2026-08-19,TWSE,1315,達新,66.0,66.6,65.4,65.8,125155.0
2026-08-19,TWSE,1316,上曜,10.6,10.65,10.35,10.45,2191846.0
2026-08-19,TWSE,1319,東陽,83.1,83.1,81.4,81.9,2649034.0
2026-08-19,TWSE,1321,大洋,31.65,31.95,31.65,31.75,46000.0
2026-08-19,TWSE,1323,永裕,21.65,21.65,21.3,21.3,31532.0
2026-08-19,TWSE,1324,地球,10.05,10.15,9.98,10.0,33894.0
2026-08-19,TWSE,1325,恆大,26.2,26.2,25.85,25.9,116079.0
2026-08-19,TWSE,1326,台化,59.0,61.4,59.0,59.4,25250779.0
2026-08-19,TWSE,1337,再生-KY,4.64,4.65,4.58,4.62,254909.0
2026-08-19,TWSE,1338,廣華-KY,14.9,14.9,14.5,14.5,38154.0
2026-08-19,TWSE,1339,昭輝,45.0,45.55,44.75,45.0,104348.0
2026-08-19,TWSE,1340,勝悅-KY,5.05,5.19,5.05,5.07,47654.0
2026-08-19,TWSE,1341,富林-KY,60.4,60.5,60.4,60.5,3000.0
2026-08-19,TWSE,1342,八貫,101.5,102.0,100.5,101.5,142283.0
2026-08-19,TWSE,1402,遠東新,27.5,27.8,27.4,27.8,11144359.0
2026-08-19,TWSE,1409,新纖,24.2,24.55,24.0,24.35,8470444.0
2026-08-19,TWSE,1410,南染,25.65,26.3,25.65,25.75,52117.0
2026-08-19,TWSE,1413,宏洲,9.26,9.32,9.26,9.32,12984.0
2026-08-19,TWSE,1414,東和,20.3,20.45,19.8,20.4,406910.0
2026-08-19,TWSE,1416,廣豐,11.8,11.9,11.65,11.7,532050.0
2026-08-19,TWSE,1417,嘉裕,8.23,8.29,8.2,8.27,111892.0
2026-08-19,TWSE,1418,東華,17.85,18.15,17.8,17.8,37154.0
2026-08-19,TWSE,1419,新紡,63.5,64.0,63.4,63.5,99458.0
2026-08-19,TWSE,1423,利華,35.3,35.35,35.0,35.35,5575.0
2026-08-19,TWSE,1432,大魯閣,15.2,15.2,15.0,15.05,68760.0
2026-08-19,TWSE,1434,福懋,17.6,17.75,17.5,17.55,1312193.0
2026-08-19,TWSE,1435,中福,23.85,23.85,23.45,23.45,12690.0
2026-08-19,TWSE,1436,華友聯,37.3,37.55,36.8,37.55,164081.0
2026-08-19,TWSE,1437,勤益控,31.3,31.5,30.95,31.4,10066574.0
2026-08-19,TWSE,1438,三地開發,22.1,22.4,22.0,22.4,31100.0
2026-08-19,TWSE,1439,雋揚,28.8,29.15,28.75,29.15,71015.0
2026-08-19,TWSE,1440,南紡,13.6,13.65,13.3,13.35,1897006.0
2026-08-19,TWSE,1441,大東,8.85,8.85,8.81,8.81,12206.0
2026-08-19,TWSE,1442,名軒,29.75,29.95,29.55,29.6,138866.0
2026-08-19,TWSE,1443,立益物流,24.7,24.95,24.65,24.65,12441.0
2026-08-19,TWSE,1444,力麗,7.1,7.54,7.1,7.3,2402335.0
2026-08-19,TWSE,1445,大宇,10.15,10.25,10.15,10.2,57155.0
2026-08-19,TWSE,1446,宏和,13.65,13.7,13.65,13.7,86546.0
2026-08-19,TWSE,1447,力鵬,6.76,6.98,6.75,6.9,1754689.0
2026-08-19,TWSE,1449,佳和,12.2,12.35,12.1,12.2,439247.0
2026-08-19,TWSE,1451,年興,17.3,17.4,17.2,17.4,73283.0
2026-08-19,TWSE,1452,宏益,11.45,11.6,11.4,11.45,96692.0
2026-08-19,TWSE,1453,大將,11.15,11.2,11.1,11.2,42550.0
2026-08-19,TWSE,1454,台富,12.55,12.6,12.3,12.3,46708.0
2026-08-19,TWSE,1455,集盛,9.99,10.1,9.87,10.0,1651693.0
2026-08-19,TWSE,1456,怡華,13.6,14.1,13.45,13.8,67523.0
2026-08-19,TWSE,1457,宜進,14.25,14.4,14.25,14.35,51440.0
2026-08-19,TWSE,1459,聯發,13.9,14.05,13.35,13.75,213936.0
2026-08-19,TWSE,1460,宏遠,6.56,6.76,6.53,6.56,312920.0
2026-08-19,TWSE,1463,強盛新,17.55,17.7,17.5,17.7,90005.0
2026-08-19,TWSE,1464,得力,10.15,10.2,10.1,10.1,234286.0
2026-08-19,TWSE,1465,偉全,12.05,12.15,11.95,12.05,220498.0
2026-08-19,TWSE,1466,聚隆,16.3,16.4,16.2,16.3,158049.0
2026-08-19,TWSE,1467,南緯,8.41,8.43,8.26,8.26,300540.0
2026-08-19,TWSE,1468,昶和,13.15,13.35,13.0,13.2,44008.0
2026-08-19,TWSE,1470,大統新創,23.95,23.95,23.1,23.6,24018.0
2026-08-19,TWSE,1471,首利,9.4,9.48,9.36,9.36,181580.0
2026-08-19,TWSE,1472,三洋實業,89.0,89.1,88.5,88.5,10380.0
2026-08-19,TWSE,1473,台南,19.7,19.9,19.6,19.9,37188.0
2026-08-19,TWSE,1474,弘裕,9.96,9.99,9.92,9.99,63558.0
2026-08-19,TWSE,1475,業旺,25.05,25.35,24.95,25.35,5000.0
2026-08-19,TWSE,1476,儒鴻,316.5,316.5,309.5,310.5,1478798.0
2026-08-19,TWSE,1477,聚陽,205.5,205.5,195.0,197.5,4103694.0
2026-08-19,TWSE,1503,士電,201.0,204.0,199.0,199.5,989417.0
2026-08-19,TWSE,1504,東元,71.7,72.5,70.3,71.0,8487694.0
2026-08-19,TWSE,1506,正道,10.2,10.3,10.15,10.15,189027.0
2026-08-19,TWSE,1512,瑞利,6.68,6.68,6.51,6.55,38208.0
2026-08-19,TWSE,1513,中興電,170.0,171.5,166.0,167.0,2630720.0
2026-08-19,TWSE,1514,亞力,101.5,102.0,99.7,100.0,1160313.0
2026-08-19,TWSE,1515,力山,33.15,34.7,31.95,31.95,3412856.0
2026-08-19,TWSE,1516,川飛,0.0,0.0,0.0,0.0,28.0
2026-08-19,TWSE,1517,利奇,11.4,11.4,11.25,11.25,226228.0
2026-08-19,TWSE,1519,華城,723.0,735.0,711.0,714.0,1678221.0
2026-08-19,TWSE,1521,大億,25.5,25.65,25.35,25.45,14472.0
2026-08-19,TWSE,1522,堤維西,28.2,28.25,27.8,27.9,306152.0
2026-08-19,TWSE,1524,耿鼎,27.05,27.15,26.8,26.9,258698.0
2026-08-19,TWSE,1525,江申,66.0,67.3,64.3,67.3,21212.0
2026-08-19,TWSE,1526,日馳,17.35,17.35,16.55,16.55,463909.0
2026-08-19,TWSE,1527,鑽全,32.8,33.35,32.8,33.15,184547.0
2026-08-19,TWSE,1528,恩德,19.1,19.4,18.7,18.7,620789.0
2026-08-19,TWSE,1529,樂事綠能,16.9,16.95,16.75,16.8,205953.0
2026-08-19,TWSE,1530,亞崴,28.65,28.85,28.5,28.55,13002.0
2026-08-19,TWSE,1531,高林股,12.95,13.0,12.9,13.0,130613.0
2026-08-19,TWSE,1532,勤美,22.5,22.55,22.35,22.45,333404.0
2026-08-19,TWSE,1533,車王電,31.4,31.5,30.95,31.5,100651.0
2026-08-19,TWSE,1535,中宇,45.9,46.35,45.85,46.0,49256.0
2026-08-19,TWSE,1536,和大,51.3,51.4,50.1,50.4,1226080.0
2026-08-19,TWSE,1537,廣隆,127.5,128.0,127.0,127.5,479431.0
2026-08-19,TWSE,1538,正峰,9.16,9.16,9.16,9.16,1000.0
2026-08-19,TWSE,1539,巨庭,15.9,15.95,15.8,15.8,21295.0
2026-08-19,TWSE,1540,喬福,19.2,19.25,18.9,18.95,161456.0
2026-08-19,TWSE,1541,錩泰,22.5,22.5,21.4,22.25,14257.0
2026-08-19,TWSE,1558,伸興,99.9,99.9,98.4,98.9,112656.0
2026-08-19,TWSE,1560,中砂,742.0,743.0,704.0,708.0,1743350.0
2026-08-19,TWSE,1563,巧新,62.0,62.7,60.9,62.0,755565.0
2026-08-19,TWSE,1568,倉佑,29.5,29.55,28.75,29.05,264710.0
2026-08-19,TWSE,1582,信錦,73.0,73.1,72.1,72.8,388672.0
2026-08-19,TWSE,1583,程泰,48.8,48.95,48.8,48.8,14190.0
2026-08-19,TWSE,1587,吉茂,24.25,24.75,23.95,23.95,212488.0
2026-08-19,TWSE,1590,亞德客-KY,1480.0,1515.0,1465.0,1480.0,639957.0
2026-08-19,TWSE,1597,直得,147.0,149.0,137.0,139.5,970461.0
2026-08-19,TWSE,1598,岱宇,20.1,20.15,19.8,19.85,743103.0
2026-08-19,TWSE,1603,華電,30.5,30.5,30.0,30.35,171846.0
2026-08-19,TWSE,1604,聲寶,23.15,23.15,23.05,23.1,69831.0
2026-08-19,TWSE,1605,華新,38.3,38.5,37.0,37.1,21511050.0
2026-08-19,TWSE,1608,華榮,36.35,36.45,35.25,35.45,3197293.0
2026-08-19,TWSE,1609,大亞,37.45,37.8,36.8,36.95,2448919.0
2026-08-19,TWSE,1611,中電,12.15,12.2,12.05,12.1,405305.0
2026-08-19,TWSE,1612,宏泰,34.2,34.65,34.1,34.35,728999.0
2026-08-19,TWSE,1614,三洋電,30.65,30.65,30.5,30.65,37510.0
2026-08-19,TWSE,1615,大山,43.6,44.0,43.5,43.6,93290.0
2026-08-19,TWSE,1616,億泰,19.05,19.15,18.75,18.75,176312.0
2026-08-19,TWSE,1617,榮星,18.2,18.4,17.6,17.7,455555.0
2026-08-19,TWSE,1618,合機,38.7,38.9,38.2,38.45,416660.0
2026-08-19,TWSE,1623,大東電,208.0,208.0,203.0,205.0,75285.0
2026-08-19,TWSE,1626,艾美特-KY,9.69,9.72,9.62,9.66,47791.0
2026-08-19,TWSE,1702,南僑,32.0,32.15,32.0,32.1,183521.0
2026-08-19,TWSE,1707,葡萄王,90.6,90.7,89.1,89.2,422057.0
2026-08-19,TWSE,1708,東鹼,49.0,50.3,48.8,50.1,3299660.0
2026-08-19,TWSE,1709,和益,32.55,33.25,30.95,32.7,7855737.0
2026-08-19,TWSE,1710,東聯,15.1,15.25,14.85,15.0,2709606.0
2026-08-19,TWSE,1711,永光,39.2,39.4,38.35,38.45,3032634.0
2026-08-19,TWSE,1712,興農,38.95,39.4,38.9,39.4,925901.0
2026-08-19,TWSE,1713,國化,44.4,44.45,44.05,44.1,106975.0
2026-08-19,TWSE,1714,和桐,17.2,17.3,16.55,16.9,13519524.0
2026-08-19,TWSE,1717,長興,72.1,72.2,69.6,70.5,7562403.0
2026-08-19,TWSE,1718,中纖,10.65,10.8,10.35,10.5,17269581.0
2026-08-19,TWSE,1720,生達,55.9,56.0,55.7,55.9,148026.0
2026-08-19,TWSE,1721,三晃,20.4,20.4,19.6,19.65,470755.0
2026-08-19,TWSE,1722,台肥,45.6,46.0,45.55,45.9,1906158.0
2026-08-19,TWSE,1723,中碳,87.1,88.2,85.3,86.4,508980.0
2026-08-19,TWSE,1725,元禎,30.9,30.95,30.7,30.7,31221.0
2026-08-19,TWSE,1726,永記,77.6,77.7,76.9,77.2,42979.0
2026-08-19,TWSE,1727,中華化,84.2,90.8,83.2,89.1,14542729.0
2026-08-19,TWSE,1730,花仙子,51.1,51.6,51.1,51.3,20290.0
2026-08-19,TWSE,1731,美吾華,20.8,20.8,20.65,20.7,89808.0
2026-08-19,TWSE,1732,毛寶,26.05,26.3,26.0,26.1,35315.0
2026-08-19,TWSE,1733,五鼎,31.1,31.3,30.9,31.25,72474.0
2026-08-19,TWSE,1734,杏輝,31.65,31.8,31.55,31.65,138772.0
2026-08-19,TWSE,1735,日勝化,20.4,20.4,20.1,20.1,37995.0
2026-08-19,TWSE,1736,喬山,131.5,131.5,126.5,129.0,446959.0
2026-08-19,TWSE,1737,臺鹽,32.05,32.2,32.05,32.2,115872.0
2026-08-19,TWSE,1752,南光,31.85,31.9,31.7,31.8,26587.0
2026-08-19,TWSE,1760,寶齡富錦,58.4,59.0,58.2,58.3,94610.0
2026-08-19,TWSE,1762,中化生,35.25,35.25,34.5,34.65,85877.0
2026-08-19,TWSE,1773,勝一,157.0,157.0,154.5,155.0,372639.0
2026-08-19,TWSE,1776,展宇,16.9,17.05,16.75,16.95,115246.0
2026-08-19,TWSE,1783,和康生,40.25,40.4,39.95,40.0,97684.0
2026-08-19,TWSE,1786,科妍,49.4,50.5,49.4,49.55,169638.0
2026-08-19,TWSE,1789,神隆,18.75,19.0,18.55,18.8,373051.0
2026-08-19,TWSE,1795,美時,183.0,185.0,182.0,184.0,702196.0
2026-08-19,TWSE,1802,台玻,59.0,59.8,56.5,56.5,30343307.0
2026-08-19,TWSE,1805,寶徠,9.9,10.05,9.9,10.05,60542.0
2026-08-19,TWSE,1806,冠軍,7.94,8.08,7.86,8.02,518607.0
2026-08-19,TWSE,1808,潤隆,32.75,33.2,32.6,32.85,516786.0
2026-08-19,TWSE,1809,中釉,39.45,39.65,38.0,38.0,1224201.0
2026-08-19,TWSE,1810,和成,26.0,28.45,26.0,26.85,16581414.0
2026-08-19,TWSE,1817,凱撒衛,40.45,40.45,39.8,39.85,46739.0
2026-08-19,TWSE,1903,士紙,47.5,47.65,47.25,47.4,53137.0
2026-08-19,TWSE,1904,正隆,24.7,24.9,24.3,24.55,1781199.0
2026-08-19,TWSE,1905,華紙,13.4,13.45,13.15,13.2,1191229.0
2026-08-19,TWSE,1906,寶隆,11.45,11.45,11.4,11.4,46259.0
2026-08-19,TWSE,1907,永豐餘,29.0,29.4,29.0,29.3,755371.0
2026-08-19,TWSE,1909,榮成,11.15,11.3,10.9,11.1,7382221.0
2026-08-19,TWSE,2002,中鋼,18.85,19.0,18.85,18.95,18138961.0
2026-08-19,TWSE,2006,東和鋼鐵,79.2,81.0,78.5,80.8,1884791.0
2026-08-19,TWSE,2007,燁興,6.98,7.02,6.98,6.98,181607.0
2026-08-19,TWSE,2008,高興昌,30.65,30.75,30.65,30.65,10330.0
2026-08-19,TWSE,2009,第一銅,39.05,39.35,38.7,38.75,1060555.0
2026-08-19,TWSE,2010,春源,22.6,22.85,22.5,22.75,817114.0
2026-08-19,TWSE,2012,春雨,15.1,15.2,14.95,14.95,64565.0
2026-08-19,TWSE,2013,中鋼構,40.9,41.2,40.85,40.95,85134.0
2026-08-19,TWSE,2014,中鴻,16.95,17.1,16.9,16.95,1459226.0
2026-08-19,TWSE,2015,豐興,62.5,63.2,62.5,63.1,119661.0
2026-08-19,TWSE,2017,官田鋼,8.75,8.95,8.75,8.9,603515.0
2026-08-19,TWSE,2020,美亞,21.7,21.7,21.4,21.45,167901.0
2026-08-19,TWSE,2022,聚亨,7.64,7.68,7.62,7.64,260933.0
2026-08-19,TWSE,2023,燁輝,13.75,13.95,13.7,13.9,997611.0
2026-08-19,TWSE,2024,志聯,13.5,13.5,13.3,13.3,5310.0
2026-08-19,TWSE,2025,千興,12.65,12.7,12.5,12.7,287223.0
2026-08-19,TWSE,2027,大成鋼,49.3,50.2,48.8,49.7,15806951.0
2026-08-19,TWSE,2028,威致,15.8,15.9,15.55,15.55,69276.0
2026-08-19,TWSE,2029,盛餘,21.6,21.8,21.45,21.8,396546.0
2026-08-19,TWSE,2030,彰源,21.0,21.3,20.7,20.85,3118455.0
2026-08-19,TWSE,2031,新光鋼,44.25,44.4,43.7,44.35,1289423.0
2026-08-19,TWSE,2032,新鋼,16.7,16.8,16.6,16.6,172607.0
2026-08-19,TWSE,2033,佳大,22.15,22.3,21.25,22.0,1383605.0
2026-08-19,TWSE,2034,允強,19.95,20.0,19.7,19.8,549914.0
2026-08-19,TWSE,2038,海光,12.6,12.65,12.45,12.55,142019.0
2026-08-19,TWSE,2049,上銀,383.0,385.0,366.0,368.0,4108074.0
2026-08-19,TWSE,2059,川湖,14105.0,15085.0,13965.0,14370.0,1536780.0
2026-08-19,TWSE,2062,橋椿,18.8,18.8,18.6,18.65,79753.0
2026-08-19,TWSE,2069,運錩,19.85,19.85,19.75,19.85,236042.0
2026-08-19,TWSE,2072,世紀風電,151.5,153.0,151.0,151.5,258512.0
2026-08-19,TWSE,2101,南港,31.7,32.2,31.6,32.0,1542418.0
2026-08-19,TWSE,2102,泰豐,18.6,18.85,18.6,18.65,138306.0
2026-08-19,TWSE,2103,台橡,27.5,28.0,27.25,27.85,5082989.0
2026-08-19,TWSE,2104,國際中橡,10.35,10.4,10.25,10.35,1982208.0
2026-08-19,TWSE,2105,正新,30.65,31.15,30.6,31.1,5776609.0
2026-08-19,TWSE,2106,建大,17.45,17.5,17.25,17.4,1977600.0
2026-08-19,TWSE,2107,厚生,25.7,26.1,25.7,25.95,328833.0
2026-08-19,TWSE,2108,南帝,29.5,30.0,29.4,29.45,878920.0
2026-08-19,TWSE,2109,華豐,14.65,14.7,14.6,14.6,57653.0
2026-08-19,TWSE,2114,鑫永銓,88.0,88.6,88.0,88.0,24274.0
2026-08-19,TWSE,2115,六暉-KY,22.9,23.25,22.9,22.95,48289.0
2026-08-19,TWSE,2201,裕隆,28.5,28.75,28.2,28.25,2201883.0
2026-08-19,TWSE,2204,中華,52.4,52.7,52.0,52.5,558858.0
2026-08-19,TWSE,2206,三陽工業,61.8,62.5,61.7,62.4,628569.0
2026-08-19,TWSE,2207,和泰車,511.0,514.0,509.0,512.0,214905.0
2026-08-19,TWSE,2208,台船,19.5,19.85,19.25,19.4,3045989.0
2026-08-19,TWSE,2211,長榮鋼,80.8,81.1,80.4,80.9,844847.0
2026-08-19,TWSE,2227,裕日車,48.35,48.5,48.35,48.4,29231.0
2026-08-19,TWSE,2228,劍麟,77.9,77.9,76.0,76.4,87335.0
2026-08-19,TWSE,2231,為升,97.3,98.5,96.0,96.0,255344.0
2026-08-19,TWSE,2233,宇隆,196.0,201.0,190.5,192.5,742838.0
2026-08-19,TWSE,2236,百達-KY,122.5,124.0,120.5,124.0,204908.0
2026-08-19,TWSE,2237,華德動能-創,27.1,27.35,26.85,27.15,278179.0
2026-08-19,TWSE,2239,英利-KY,19.05,19.4,19.05,19.3,24000.0
2026-08-19,TWSE,2241,艾姆勒,32.05,32.5,31.7,31.9,201108.0
2026-08-19,TWSE,2243,宏旭-KY,41.0,41.0,39.05,39.75,160442.0
2026-08-19,TWSE,2247,汎德永業,223.5,223.5,221.0,222.0,20589.0
2026-08-19,TWSE,2248,華勝-KY,59.9,60.0,58.8,60.0,82677.0
2026-08-19,TWSE,2250,IKKA-KY,60.8,61.2,60.1,60.3,102092.0
2026-08-19,TWSE,2254,巨鎧精密-創,0.0,0.0,0.0,0.0,0.0
2026-08-19,TWSE,2258,鴻華先進-創,31.15,31.5,31.1,31.15,253308.0
2026-08-19,TWSE,2301,光寶科,266.0,279.5,265.0,273.5,40919145.0
2026-08-19,TWSE,2302,麗正,42.4,45.95,42.4,45.3,9804427.0
2026-08-19,TWSE,2303,聯電,122.5,124.0,117.5,119.0,91483851.0
2026-08-19,TWSE,2305,全友,28.7,29.4,27.6,27.6,2953159.0
2026-08-19,TWSE,2308,台達電,1900.0,1905.0,1820.0,1820.0,11391040.0
2026-08-19,TWSE,2312,金寶,33.1,33.1,31.65,31.95,12896324.0
2026-08-19,TWSE,2313,華通,212.5,214.0,209.0,211.0,15115726.0
2026-08-19,TWSE,2314,台揚,11.1,11.1,11.05,11.05,110505.0
2026-08-19,TWSE,2316,楠梓電,168.0,168.5,158.5,159.0,3092112.0
2026-08-19,TWSE,2317,鴻海,255.0,256.5,247.5,249.0,50539577.0
2026-08-19,TWSE,2321,東訊,14.95,15.0,14.95,15.0,5580.0
2026-08-19,TWSE,2323,中環,11.6,11.8,11.0,11.1,15410482.0
2026-08-19,TWSE,2324,仁寶,41.75,43.2,40.15,40.6,138341095.0
2026-08-19,TWSE,2327,國巨*,614.0,615.0,574.0,576.0,37659843.0
2026-08-19,TWSE,2328,廣宇,45.5,45.55,43.9,43.9,1846796.0
2026-08-19,TWSE,2329,華泰,44.0,44.5,43.0,43.1,2175416.0
2026-08-19,TWSE,2330,台積電,2415.0,2415.0,2375.0,2380.0,19997213.0
2026-08-19,TWSE,2331,精英,19.65,20.5,19.3,20.25,3844534.0
2026-08-19,TWSE,2332,友訊,22.0,22.05,21.0,21.0,21007891.0
2026-08-19,TWSE,2337,旺宏,130.0,133.5,121.0,122.0,107033213.0
2026-08-19,TWSE,2338,光罩,39.0,39.35,38.05,38.15,1180366.0
2026-08-19,TWSE,2340,台亞,31.9,32.3,30.25,30.3,2185732.0
2026-08-19,TWSE,2342,茂矽,40.1,43.95,39.95,41.0,6997456.0
2026-08-19,TWSE,2344,華邦電,186.0,192.0,176.0,176.5,183343610.0
2026-08-19,TWSE,2345,智邦,2280.0,2350.0,2210.0,2225.0,3175549.0
2026-08-19,TWSE,2347,聯強,88.4,88.5,86.0,86.0,3645276.0
2026-08-19,TWSE,2348,海悅,69.6,70.1,68.9,69.4,329840.0
2026-08-19,TWSE,2349,錸德,11.5,11.55,11.15,11.2,1695909.0
2026-08-19,TWSE,2351,順德,170.5,186.0,169.0,176.0,6305331.0
2026-08-19,TWSE,2352,佳世達,28.95,28.95,28.2,28.35,5705505.0
2026-08-19,TWSE,2353,宏碁,31.1,31.1,30.45,30.55,15383939.0
2026-08-19,TWSE,2354,鴻準,61.5,61.5,59.6,59.9,8098369.0
2026-08-19,TWSE,2355,敬鵬,42.35,42.35,41.25,41.25,2153952.0
2026-08-19,TWSE,2356,英業達,66.5,66.8,64.3,64.9,19434188.0
2026-08-19,TWSE,2357,華碩,930.0,933.0,891.0,910.0,4643243.0
2026-08-19,TWSE,2359,所羅門,178.0,183.0,164.5,177.5,34472242.0
2026-08-19,TWSE,2360,致茂,2350.0,2390.0,2290.0,2305.0,1770409.0
2026-08-19,TWSE,2362,藍天,48.35,48.35,47.15,47.2,1259041.0
2026-08-19,TWSE,2363,矽統,53.1,53.6,51.3,51.3,3297620.0
2026-08-19,TWSE,2364,倫飛,87.7,89.8,83.6,84.8,1194049.0
2026-08-19,TWSE,2365,昆盈,31.5,31.5,29.95,30.0,1331884.0
2026-08-19,TWSE,2367,燿華,43.4,43.8,42.4,42.6,3808962.0
2026-08-19,TWSE,2368,金像電,1020.0,1110.0,1010.0,1070.0,14252588.0
2026-08-19,TWSE,2369,菱生,32.6,32.85,30.8,30.8,5030195.0
2026-08-19,TWSE,2371,大同,27.3,27.45,26.2,26.75,11658213.0
2026-08-19,TWSE,2373,震旦行,53.0,53.1,53.0,53.0,24403.0
2026-08-19,TWSE,2374,佳能,71.1,71.2,69.3,69.3,2515816.0
2026-08-19,TWSE,2375,凱美,127.0,128.5,122.0,122.5,2945547.0
2026-08-19,TWSE,2376,技嘉,359.0,362.5,346.0,348.0,13207722.0
2026-08-19,TWSE,2377,微星,149.5,150.0,144.5,148.0,15368582.0
2026-08-19,TWSE,2379,瑞昱,710.0,723.0,690.0,707.0,2427837.0
2026-08-19,TWSE,2380,虹光,21.4,21.4,20.0,20.25,82216.0
2026-08-19,TWSE,2382,廣達,330.0,330.5,323.5,327.0,15430111.0
2026-08-19,TWSE,2383,台光電,6350.0,6470.0,6170.0,6205.0,2005998.0
2026-08-19,TWSE,2385,群光,106.5,106.5,104.0,104.5,2018026.0
2026-08-19,TWSE,2387,精元,36.4,36.4,35.65,35.85,878526.0
2026-08-19,TWSE,2388,威盛,79.4,80.0,72.4,72.4,6220398.0
2026-08-19,TWSE,2390,云辰,10.35,10.4,10.15,10.25,390631.0
2026-08-19,TWSE,2392,正崴,43.0,43.6,40.2,40.3,7050849.0
2026-08-19,TWSE,2393,億光,65.0,65.0,63.4,64.1,2430540.0
2026-08-19,TWSE,2395,研華,674.0,682.0,666.0,679.0,3694654.0
2026-08-19,TWSE,2397,友通,65.8,66.3,63.5,63.9,807373.0
2026-08-19,TWSE,2399,映泰,46.15,46.6,45.15,45.15,5368706.0
2026-08-19,TWSE,2401,凌陽,26.65,26.75,25.2,25.35,4165772.0
2026-08-19,TWSE,2402,毅嘉,54.4,54.4,52.3,52.4,1560436.0
2026-08-19,TWSE,2404,漢唐,1150.0,1155.0,1110.0,1115.0,1191566.0
2026-08-19,TWSE,2405,輔信,16.0,16.0,15.55,15.55,991706.0
2026-08-19,TWSE,2406,國碩,29.65,29.65,28.7,28.75,4189618.0
2026-08-19,TWSE,2408,南亞科,540.0,553.0,511.0,515.0,85565761.0
2026-08-19,TWSE,2409,友達,27.2,27.25,26.25,26.35,152715952.0
2026-08-19,TWSE,2412,中華電,136.5,137.5,135.5,137.0,13921584.0
2026-08-19,TWSE,2413,環科,44.75,44.85,43.2,43.25,582482.0
2026-08-19,TWSE,2414,精技,53.2,53.2,51.8,52.4,286328.0
2026-08-19,TWSE,2415,錩新,29.7,29.7,29.15,29.2,125671.0
2026-08-19,TWSE,2417,圓剛,45.05,45.3,43.2,43.25,794900.0
2026-08-19,TWSE,2419,仲琦,25.15,25.15,24.2,24.25,349187.0
2026-08-19,TWSE,2420,新巨,58.2,58.8,56.9,57.0,837504.0
2026-08-19,TWSE,2421,建準,149.0,149.5,144.5,145.5,1976757.0
2026-08-19,TWSE,2423,固緯,74.3,75.6,74.3,74.9,106289.0
2026-08-19,TWSE,2424,隴華,8.25,8.36,8.25,8.36,7105.0
2026-08-19,TWSE,2425,承啟,38.55,40.45,38.55,39.55,3761925.0
2026-08-19,TWSE,2426,鼎元,73.2,73.2,67.0,67.1,21819339.0
2026-08-19,TWSE,2427,三商電,22.6,22.65,22.05,22.2,499452.0
2026-08-19,TWSE,2428,興勤,254.5,258.0,252.0,252.0,1008248.0
2026-08-19,TWSE,2429,銘旺科,36.0,36.7,34.0,34.0,525439.0
2026-08-19,TWSE,2430,燦坤,17.05,17.15,17.05,17.15,21646.0
2026-08-19,TWSE,2431,聯昌,10.2,10.3,10.15,10.2,215567.0
2026-08-19,TWSE,2432,倚天酷碁-創,27.65,27.7,27.45,27.5,41692.0
2026-08-19,TWSE,2433,互盛電,41.85,41.85,41.7,41.75,14114.0
2026-08-19,TWSE,2434,統懋,51.6,53.1,49.6,50.3,461859.0
2026-08-19,TWSE,2436,偉詮電,66.6,66.7,63.4,64.7,7222927.0
2026-08-19,TWSE,2438,翔耀,18.55,18.55,18.0,18.05,31790.0
2026-08-19,TWSE,2439,美律,79.1,79.7,79.0,79.0,1201135.0
2026-08-19,TWSE,2440,太空梭,13.75,13.9,13.6,13.6,234440.0
2026-08-19,TWSE,2441,超豐,119.0,120.0,113.0,114.5,4069947.0
2026-08-19,TWSE,2442,新美齊,19.15,19.4,19.15,19.3,1066360.0
2026-08-19,TWSE,2444,兆勁,11.05,11.15,10.95,10.95,73184.0
2026-08-19,TWSE,2449,京元電子,250.5,251.0,233.0,236.0,20381684.0
2026-08-19,TWSE,2450,神腦,28.15,28.25,28.15,28.15,70108.0
2026-08-19,TWSE,2451,創見,291.0,294.5,280.0,280.0,3911399.0
2026-08-19,TWSE,2453,凌群,52.0,52.0,51.4,51.5,222601.0
2026-08-19,TWSE,2454,聯發科,4020.0,4050.0,3885.0,3885.0,9323808.0
2026-08-19,TWSE,2455,全新,435.0,437.5,409.5,417.5,35432951.0
2026-08-19,TWSE,2457,飛宏,23.9,24.05,23.0,23.0,1511307.0
2026-08-19,TWSE,2458,義隆,144.5,145.0,140.0,141.0,2666951.0
2026-08-19,TWSE,2459,敦吉,66.5,66.5,65.9,66.4,68047.0
2026-08-19,TWSE,2460,建通,28.6,29.25,28.45,28.65,270238.0
2026-08-19,TWSE,2461,光群雷,17.5,18.15,17.5,18.1,890737.0
2026-08-19,TWSE,2462,良得電,19.35,19.5,19.35,19.4,70759.0
2026-08-19,TWSE,2464,盟立,190.0,199.5,174.5,178.0,18539197.0
2026-08-19,TWSE,2465,麗臺,90.6,91.6,85.5,86.2,3913211.0
2026-08-19,TWSE,2466,冠西電,91.9,99.2,91.9,97.0,3252638.0
2026-08-19,TWSE,2467,志聖,599.0,616.0,557.0,564.0,2558610.0
2026-08-19,TWSE,2468,華經,35.3,35.8,34.95,35.3,196575.0
2026-08-19,TWSE,2471,資通,49.5,49.55,48.8,48.95,192283.0
2026-08-19,TWSE,2472,立隆電,239.5,242.5,227.0,228.5,2295271.0
2026-08-19,TWSE,2474,可成,205.0,205.0,202.5,204.0,2608523.0
2026-08-19,TWSE,2476,鉅祥,118.5,123.0,117.0,119.5,2115786.0
2026-08-19,TWSE,2477,美隆電,20.95,21.15,20.6,20.8,71537.0
2026-08-19,TWSE,2478,大毅,123.5,129.5,122.0,122.5,4008974.0
2026-08-19,TWSE,2480,敦陽科,157.5,158.0,156.0,156.5,132918.0
2026-08-19,TWSE,2481,強茂,146.0,152.5,139.0,139.5,42148201.0
2026-08-19,TWSE,2482,連宇,15.9,15.95,15.75,15.75,143228.0
2026-08-19,TWSE,2483,百容,37.8,38.2,36.5,37.6,1252762.0
2026-08-19,TWSE,2484,希華,75.2,75.4,70.5,71.9,8813284.0
2026-08-19,TWSE,2485,兆赫,42.1,42.15,40.5,40.6,2305385.0
2026-08-19,TWSE,2486,一詮,241.5,249.0,235.0,235.0,9207171.0
2026-08-19,TWSE,2488,漢平,49.3,49.95,49.0,49.15,98877.0
2026-08-19,TWSE,2489,瑞軒,32.4,32.45,30.8,31.1,5084589.0
2026-08-19,TWSE,2491,吉祥全,40.0,40.3,37.15,39.2,2485218.0
2026-08-19,TWSE,2492,華新科,292.0,301.0,281.0,282.0,22180113.0
2026-08-19,TWSE,2493,揚博,194.5,195.0,180.5,181.5,2869723.0
2026-08-19,TWSE,2495,普安,38.6,38.6,37.3,37.5,1200873.0
2026-08-19,TWSE,2496,卓越,60.0,60.0,59.3,59.4,61267.0
2026-08-19,TWSE,2497,怡利電,45.9,46.15,45.05,45.05,276273.0
2026-08-19,TWSE,2498,宏達電,40.8,40.95,39.5,39.5,4174656.0
2026-08-19,TWSE,2501,國建,22.75,22.9,22.6,22.9,993509.0
2026-08-19,TWSE,2504,國產,30.5,30.65,30.4,30.65,1063900.0
2026-08-19,TWSE,2505,國揚,17.9,17.95,17.6,17.9,526216.0
2026-08-19,TWSE,2506,太設,8.58,8.65,8.57,8.57,116634.0
2026-08-19,TWSE,2509,全坤建,14.15,14.35,14.1,14.15,156676.0
2026-08-19,TWSE,2511,太子,8.25,8.29,8.21,8.22,584782.0
2026-08-19,TWSE,2514,龍邦,11.85,11.9,11.75,11.75,161551.0
2026-08-19,TWSE,2515,中工,11.9,11.9,11.7,11.75,3054758.0
2026-08-19,TWSE,2516,新建,13.9,13.95,13.9,13.9,220745.0
2026-08-19,TWSE,2520,冠德,35.6,36.15,35.25,35.9,1392481.0
2026-08-19,TWSE,2524,京城,34.65,34.75,34.35,34.35,90886.0
2026-08-19,TWSE,2527,宏璟,44.2,44.8,44.0,44.5,577900.0
2026-08-19,TWSE,2528,皇普,20.15,20.3,20.0,20.15,185076.0
2026-08-19,TWSE,2530,華建,19.55,19.7,19.35,19.35,465456.0
2026-08-19,TWSE,2534,宏盛,16.95,16.95,16.8,16.8,165156.0
2026-08-19,TWSE,2535,達欣工,91.3,91.6,89.9,90.2,261530.0
2026-08-19,TWSE,2536,宏普,20.8,20.9,20.65,20.85,1004824.0
2026-08-19,TWSE,2537,聯上發,11.2,11.25,11.05,11.15,1105484.0
2026-08-19,TWSE,2538,基泰,9.12,9.27,9.01,9.07,596662.0
2026-08-19,TWSE,2539,櫻花建,41.5,41.5,41.0,41.15,2066628.0
2026-08-19,TWSE,2540,愛山林,45.2,46.3,44.8,45.95,1056512.0
2026-08-19,TWSE,2542,興富發,47.0,47.8,46.8,47.75,16522010.0
2026-08-19,TWSE,2543,皇昌,38.75,38.8,38.2,38.25,532397.0
2026-08-19,TWSE,2545,皇翔,33.4,33.8,33.4,33.7,214352.0
2026-08-19,TWSE,2546,根基,106.5,107.0,103.5,107.0,383894.0
2026-08-19,TWSE,2547,日勝生,10.2,10.2,10.05,10.15,756715.0
2026-08-19,TWSE,2548,華固,93.2,93.8,92.8,93.6,1708924.0
2026-08-19,TWSE,2597,潤弘,166.5,168.0,164.5,165.5,133225.0
2026-08-19,TWSE,2601,益航,6.5,6.82,6.5,6.82,4865868.0
2026-08-19,TWSE,2603,長榮,232.0,242.0,231.0,238.0,30600277.0
2026-08-19,TWSE,2605,新興,33.3,35.7,33.25,35.2,24205597.0
2026-08-19,TWSE,2606,裕民,68.4,69.9,68.0,69.0,6005637.0
2026-08-19,TWSE,2607,榮運,50.4,50.8,50.1,50.5,666873.0
2026-08-19,TWSE,2608,嘉里大榮,28.5,28.6,28.5,28.5,102628.0
2026-08-19,TWSE,2609,陽明,55.1,57.2,54.6,56.2,86793977.0
2026-08-19,TWSE,2610,華航,20.15,20.3,20.0,20.1,21925871.0
2026-08-19,TWSE,2611,志信,15.15,15.45,15.05,15.4,1357726.0
2026-08-19,TWSE,2612,中航,55.6,57.4,55.5,56.7,1296612.0
2026-08-19,TWSE,2613,中櫃,21.6,22.55,21.6,21.8,1251006.0
2026-08-19,TWSE,2614,東森,18.15,18.15,17.95,18.05,440754.0
2026-08-19,TWSE,2615,萬海,99.9,108.0,98.9,105.0,77404867.0
2026-08-19,TWSE,2616,山隆,13.35,13.5,13.3,13.35,83004.0
2026-08-19,TWSE,2617,台航,29.4,30.15,29.4,29.85,2282392.0
2026-08-19,TWSE,2618,長榮航,41.45,42.3,41.4,41.9,29021608.0
2026-08-19,TWSE,2630,亞航,51.7,54.9,51.4,51.7,8252419.0
2026-08-19,TWSE,2633,台灣高鐵,25.95,26.1,25.9,25.9,2960816.0
2026-08-19,TWSE,2634,漢翔,71.9,76.5,70.7,73.3,101347604.0
2026-08-19,TWSE,2636,台驊控股,70.0,70.7,69.0,69.6,674913.0
2026-08-19,TWSE,2637,慧洋-KY,87.0,88.8,86.9,88.7,3140972.0
2026-08-19,TWSE,2642,宅配通,20.2,20.5,20.2,20.2,27516.0
2026-08-19,TWSE,2645,長榮航太,184.0,184.0,177.0,180.0,4937122.0
2026-08-19,TWSE,2646,星宇航空,20.7,20.9,20.7,20.8,5529984.0
2026-08-19,TWSE,2701,萬企,10.65,10.65,10.6,10.6,45060.0
2026-08-19,TWSE,2702,華園,12.2,12.3,12.15,12.15,23663.0
2026-08-19,TWSE,2704,國賓,46.15,46.3,45.7,45.9,214541.0
2026-08-19,TWSE,2705,六福,15.85,15.9,15.5,15.6,1086621.0
2026-08-19,TWSE,2706,第一店,12.5,12.5,12.45,12.45,38953.0
2026-08-19,TWSE,2707,晶華,178.0,178.5,177.5,178.0,70028.0
2026-08-19,TWSE,2712,遠雄來,14.3,14.35,14.3,14.35,8000.0
2026-08-19,TWSE,2722,夏都,21.6,21.85,21.55,21.55,13154.0
2026-08-19,TWSE,2723,美食-KY,63.5,63.6,62.4,62.5,229823.0
2026-08-19,TWSE,2727,王品,234.0,234.5,230.0,232.5,295056.0
2026-08-19,TWSE,2731,雄獅,145.0,145.5,142.0,142.0,673778.0
2026-08-19,TWSE,2739,寒舍,36.15,36.15,35.6,35.7,51221.0
2026-08-19,TWSE,2748,雲品,38.1,38.55,37.95,38.25,60147.0
2026-08-19,TWSE,2753,八方雲集,183.0,183.5,182.0,182.5,92738.0
2026-08-19,TWSE,2762,世界健身-KY,82.7,82.8,82.2,82.4,39029.0
2026-08-19,TWSE,2801,彰銀,23.65,24.0,23.65,23.9,14905210.0
2026-08-19,TWSE,2812,台中銀,18.7,19.05,18.7,19.0,13824159.0
2026-08-19,TWSE,2816,旺旺保,34.3,34.65,34.1,34.15,323701.0
2026-08-19,TWSE,2820,華票,16.2,16.35,16.15,16.25,1847590.0
2026-08-19,TWSE,2832,台產,58.8,59.3,58.8,59.1,63561.0
2026-08-19,TWSE,2834,臺企銀,16.3,16.55,16.25,16.5,24755437.0
2026-08-19,TWSE,2836,高雄銀,12.0,12.05,11.95,12.0,980604.0
2026-08-19,TWSE,2838,聯邦銀,19.85,20.2,19.85,20.1,1612372.0
2026-08-19,TWSE,2845,遠東銀,13.55,13.55,13.45,13.45,5616528.0
2026-08-19,TWSE,2849,安泰銀,14.35,14.5,14.1,14.15,237760.0
2026-08-19,TWSE,2850,新產,161.0,162.0,160.0,161.5,202544.0
2026-08-19,TWSE,2851,中再保,38.8,39.65,38.8,39.3,2602753.0
2026-08-19,TWSE,2852,第一保,27.4,27.4,27.15,27.35,354802.0
2026-08-19,TWSE,2855,統一證,46.6,46.95,46.35,46.85,2682917.0
2026-08-19,TWSE,2867,三商壽,9.61,9.86,9.61,9.82,22793640.0
2026-08-19,TWSE,2880,華南金,38.9,40.1,38.7,39.7,33199568.0
2026-08-19,TWSE,2881,富邦金,125.0,129.5,125.0,129.5,22389687.0
2026-08-19,TWSE,2882,國泰金,98.2,99.5,98.0,99.2,15171632.0
2026-08-19,TWSE,2883,凱基金,31.1,31.35,30.85,30.95,50381336.0
2026-08-19,TWSE,2884,玉山金,38.0,38.4,37.5,38.1,46641520.0
2026-08-19,TWSE,2885,元大金,65.2,66.1,63.6,64.0,46680070.0
2026-08-19,TWSE,2886,兆豐金,46.85,47.3,46.15,46.9,41758491.0
2026-08-19,TWSE,2887,台新新光金,36.95,37.5,36.8,36.9,62432665.0
2026-08-19,TWSE,2889,國票金,15.6,15.7,15.55,15.6,4230034.0
2026-08-19,TWSE,2890,永豐金,39.55,40.5,39.35,39.6,30985498.0
2026-08-19,TWSE,2891,中信金,66.2,66.5,65.9,66.5,26516862.0
2026-08-19,TWSE,2892,第一金,33.4,34.25,33.25,33.7,40530045.0
2026-08-19,TWSE,2897,王道銀行,10.15,10.15,10.05,10.15,1421906.0
2026-08-19,TWSE,2901,欣欣,23.95,23.95,23.45,23.6,10031.0
2026-08-19,TWSE,2903,遠百,21.6,21.8,21.55,21.75,2066853.0
2026-08-19,TWSE,2904,匯僑,12.75,12.75,12.6,12.65,35063.0
2026-08-19,TWSE,2905,三商,18.05,18.2,17.75,17.75,1971529.0
2026-08-19,TWSE,2906,高林,13.6,13.85,13.55,13.65,291472.0
2026-08-19,TWSE,2908,特力,21.8,22.0,21.7,21.7,178534.0
2026-08-19,TWSE,2910,統領,23.95,24.2,23.95,24.0,26337.0
2026-08-19,TWSE,2911,麗嬰房,6.79,6.86,6.7,6.7,73467.0
2026-08-19,TWSE,2912,統一超,213.0,216.0,212.5,215.0,1696201.0
2026-08-19,TWSE,2913,農林,10.95,11.25,10.9,11.1,2151788.0
2026-08-19,TWSE,2915,潤泰全,60.1,61.3,58.8,60.8,6640048.0
2026-08-19,TWSE,2923,鼎固-KY,25.65,25.65,23.9,23.9,316018.0
2026-08-19,TWSE,2929,淘帝-KY,5.71,5.72,5.66,5.7,93722.0
2026-08-19,TWSE,2939,永邑-KY,19.45,19.45,19.2,19.2,7002.0
2026-08-19,TWSE,2945,三商家購,39.95,40.2,39.95,39.95,17725.0
2026-08-19,TWSE,3002,歐格,17.4,17.9,16.9,16.95,172028.0
2026-08-19,TWSE,3003,健和興,66.4,69.7,66.0,67.9,1229241.0
2026-08-19,TWSE,3004,豐達科,124.5,126.0,121.0,122.5,446275.0
2026-08-19,TWSE,3005,神基,122.0,123.0,116.5,117.5,6556208.0
2026-08-19,TWSE,3006,晶豪科,278.0,279.0,246.5,248.0,15822266.0
2026-08-19,TWSE,3008,大立光,5115.0,5330.0,5055.0,5290.0,3723401.0
2026-08-19,TWSE,3010,華立,127.0,130.0,126.5,128.0,703756.0
2026-08-19,TWSE,3011,今皓,11.0,11.2,10.7,10.7,496372.0
2026-08-19,TWSE,3013,晟銘電,85.1,85.5,82.8,83.1,938181.0
2026-08-19,TWSE,3014,聯陽,131.5,132.0,129.0,130.0,770508.0
2026-08-19,TWSE,3015,全漢,54.7,54.8,53.4,53.7,360121.0
2026-08-19,TWSE,3016,嘉晶,106.0,109.0,103.0,105.0,8729366.0
2026-08-19,TWSE,3017,奇鋐,3150.0,3180.0,2990.0,3035.0,3613625.0
2026-08-19,TWSE,3018,隆銘綠能,14.0,14.0,13.5,13.55,89616.0
2026-08-19,TWSE,3019,亞光,140.0,142.0,135.5,137.5,2294936.0
2026-08-19,TWSE,3021,鴻名,20.35,20.7,19.9,19.95,202783.0
2026-08-19,TWSE,3022,威強電,93.3,94.5,92.5,92.8,2122490.0
2026-08-19,TWSE,3023,信邦,310.5,311.0,305.0,307.0,541081.0
2026-08-19,TWSE,3024,憶聲,13.9,13.95,13.35,13.45,2086635.0
2026-08-19,TWSE,3025,星通,57.8,58.1,56.1,56.4,216059.0
2026-08-19,TWSE,3026,禾伸堂,673.0,685.0,656.0,668.0,1321195.0
2026-08-19,TWSE,3027,盛達,17.85,17.95,17.65,17.75,171112.0
2026-08-19,TWSE,3028,增你強,67.3,67.3,65.5,65.6,1019152.0
2026-08-19,TWSE,3029,零壹,109.5,109.5,107.5,107.5,677973.0
2026-08-19,TWSE,3030,德律,298.5,301.5,289.5,289.5,778281.0
2026-08-19,TWSE,3031,佰鴻,23.0,23.0,22.15,22.15,356482.0
2026-08-19,TWSE,3032,偉訓,82.3,82.3,79.4,79.6,526954.0
2026-08-19,TWSE,3033,威健,46.8,46.95,45.5,45.6,4620879.0
2026-08-19,TWSE,3034,聯詠,502.0,508.0,499.5,505.0,2567924.0
2026-08-19,TWSE,3035,智原,177.0,177.5,169.0,170.5,2542365.0
2026-08-19,TWSE,3036,文曄,203.5,206.0,200.0,202.0,5439887.0
2026-08-19,TWSE,3037,欣興,1130.0,1200.0,1115.0,1145.0,38561591.0
2026-08-19,TWSE,3038,全台,20.5,20.5,20.3,20.4,115248.0
2026-08-19,TWSE,3040,遠見,38.05,38.05,37.6,37.9,37095.0
2026-08-19,TWSE,3041,揚智,23.2,23.2,22.2,22.3,790862.0
2026-08-19,TWSE,3042,晶技,192.0,192.5,176.0,178.5,23920588.0
2026-08-19,TWSE,3043,科風,21.4,21.6,21.0,21.15,66850.0
2026-08-19,TWSE,3044,健鼎,493.0,502.0,482.0,488.5,3068950.0
2026-08-19,TWSE,3045,台灣大,110.5,111.5,110.0,111.0,8689461.0
2026-08-19,TWSE,3046,建碁,62.0,62.4,58.2,59.0,913965.0
2026-08-19,TWSE,3047,訊舟,14.1,14.1,13.8,13.8,524669.0
2026-08-19,TWSE,3048,益登,57.5,57.8,55.3,55.4,2515866.0
2026-08-19,TWSE,3049,精金,10.85,10.95,10.65,10.65,1446469.0
2026-08-19,TWSE,3050,鈺德,11.6,11.6,11.4,11.45,338724.0
2026-08-19,TWSE,3051,力特,22.8,22.95,22.5,22.55,380897.0
2026-08-19,TWSE,3052,夆典,11.3,11.3,11.1,11.15,249651.0
2026-08-19,TWSE,3054,立萬利,51.5,55.2,51.4,53.7,569461.0
2026-08-19,TWSE,3055,蔚華科,113.0,122.0,112.0,117.5,2214126.0
2026-08-19,TWSE,3056,富華新,14.0,14.1,13.95,14.05,479142.0
2026-08-19,TWSE,3057,喬鼎,16.9,17.6,16.8,16.85,198528.0
2026-08-19,TWSE,3058,立德,8.16,8.21,8.13,8.13,346472.0
2026-08-19,TWSE,3059,華晶科,40.85,41.0,39.25,39.3,2467762.0
2026-08-19,TWSE,3060,銘異,28.35,28.4,27.5,27.6,791420.0
2026-08-19,TWSE,3062,建漢,21.0,21.0,20.25,20.25,839665.0
2026-08-19,TWSE,3090,日電貿,167.0,168.5,161.0,161.5,5949576.0
2026-08-19,TWSE,3092,鴻碩,24.15,24.55,23.55,23.65,161474.0
2026-08-19,TWSE,3094,聯傑,36.95,37.4,36.1,36.3,888978.0
2026-08-19,TWSE,3130,一零四,214.0,214.0,209.5,212.0,82033.0
2026-08-19,TWSE,3135,凌航,167.5,167.5,157.5,157.5,1443495.0
2026-08-19,TWSE,3138,耀登,100.0,100.0,94.5,95.0,311138.0
2026-08-19,TWSE,3149,正達,67.1,68.0,66.3,66.4,4599511.0
2026-08-19,TWSE,3150,鈺寶-創,17.1,17.15,17.0,17.15,7000.0
2026-08-19,TWSE,3164,景岳,15.7,15.7,15.6,15.6,8566.0
2026-08-19,TWSE,3167,大量,762.0,770.0,753.0,770.0,5862980.0
2026-08-19,TWSE,3168,眾福科,41.8,41.8,41.5,41.5,8000.0
2026-08-19,TWSE,3189,景碩,917.0,937.0,861.0,865.0,26966801.0
2026-08-19,TWSE,3209,全科,52.2,52.2,50.7,51.2,2853900.0
2026-08-19,TWSE,3229,晟鈦,54.7,57.4,50.5,51.1,1983196.0
2026-08-19,TWSE,3231,緯創,186.5,187.0,179.0,181.0,39193616.0
2026-08-19,TWSE,3257,虹冠電,50.5,51.9,49.3,49.3,356165.0
2026-08-19,TWSE,3266,昇陽,13.9,14.0,13.8,13.8,24041.0
2026-08-19,TWSE,3296,勝德,23.0,23.5,22.6,23.5,33345.0
2026-08-19,TWSE,3305,昇貿,112.0,113.0,108.5,109.5,1281653.0
2026-08-19,TWSE,3308,聯德,20.6,21.15,19.85,20.1,48810.0
2026-08-19,TWSE,3311,閎暉,32.3,32.3,31.45,31.45,271546.0
2026-08-19,TWSE,3312,弘憶股,53.6,53.8,52.1,52.2,1048062.0
2026-08-19,TWSE,3321,同泰,18.5,18.5,17.9,18.0,187043.0
2026-08-19,TWSE,3338,泰碩,63.5,63.5,61.4,62.0,233262.0
2026-08-19,TWSE,3346,麗清,20.3,20.3,19.8,19.8,245371.0
2026-08-19,TWSE,3356,奇偶,64.6,65.0,63.7,64.0,677224.0
2026-08-19,TWSE,3376,新日興,193.0,193.5,188.5,189.0,2559363.0
2026-08-19,TWSE,3380,明泰,27.9,28.05,26.8,26.9,1869863.0
2026-08-19,TWSE,3406,玉晶光,676.0,695.0,669.0,685.0,5616144.0
2026-08-19,TWSE,3413,京鼎,298.0,302.0,288.5,288.5,1767147.0
2026-08-19,TWSE,3416,融程電,184.0,184.0,176.0,176.0,529238.0
2026-08-19,TWSE,3419,譁裕,12.1,12.25,11.8,11.95,99275.0
2026-08-19,TWSE,3432,台端,15.25,15.25,14.6,14.6,37687.0
2026-08-19,TWSE,3437,榮創,17.45,17.55,16.95,17.0,359310.0
2026-08-19,TWSE,3443,創意,5845.0,5885.0,5520.0,5535.0,2450968.0
2026-08-19,TWSE,3447,展達,27.05,27.3,26.45,26.55,70427.0
2026-08-19,TWSE,3450,聯鈞,562.0,600.0,559.0,579.0,22420757.0
2026-08-19,TWSE,3481,群創,50.8,51.2,49.2,49.5,209580264.0
2026-08-19,TWSE,3494,誠研,7.17,7.17,7.06,7.15,33265.0
2026-08-19,TWSE,3501,維熹,39.55,40.05,39.5,39.75,86573.0
2026-08-19,TWSE,3504,揚明光,80.0,82.5,77.6,77.9,3813141.0
2026-08-19,TWSE,3515,華擎,218.0,219.5,215.0,216.5,793747.0
2026-08-19,TWSE,3518,柏騰,28.6,28.6,27.9,28.2,258160.0
2026-08-19,TWSE,3528,安馳,88.0,88.6,85.8,86.1,324895.0
2026-08-19,TWSE,3530,晶相光,56.4,56.5,55.1,55.1,87262.0
2026-08-19,TWSE,3532,台勝科,360.0,402.5,360.0,369.0,19319356.0
2026-08-19,TWSE,3533,嘉澤,1690.0,1695.0,1620.0,1625.0,1892986.0
2026-08-19,TWSE,3535,晶彩科,92.6,92.7,88.5,89.0,542023.0
2026-08-19,TWSE,3543,州巧,42.05,43.25,42.05,42.6,1862070.0
2026-08-19,TWSE,3545,敦泰,49.4,49.65,48.25,48.35,691806.0
2026-08-19,TWSE,3550,聯穎,23.3,24.25,22.6,22.7,1877968.0
2026-08-19,TWSE,3557,嘉威,24.4,24.55,24.35,24.5,48466.0
2026-08-19,TWSE,3563,牧德,707.0,707.0,674.0,690.0,517001.0
2026-08-19,TWSE,3576,聯合再生,17.6,17.7,17.05,17.05,9847920.0
2026-08-19,TWSE,3583,辛耘,743.0,743.0,697.0,702.0,960903.0
2026-08-19,TWSE,3588,通嘉,54.5,54.5,52.5,52.7,130615.0
2026-08-19,TWSE,3591,艾笛森,20.6,20.7,20.05,20.5,355803.0
2026-08-19,TWSE,3592,瑞鼎,230.0,230.0,221.5,221.5,466559.0
2026-08-19,TWSE,3593,力銘,11.2,11.2,10.6,11.0,13606.0
2026-08-19,TWSE,3596,智易,163.5,165.0,160.5,162.0,2107946.0
2026-08-19,TWSE,3605,宏致,133.0,133.0,119.0,121.0,11788125.0
2026-08-19,TWSE,3607,谷崧,14.3,14.3,13.9,13.9,94005.0
2026-08-19,TWSE,3617,碩天,260.0,260.5,251.5,255.5,1001065.0
2026-08-19,TWSE,3622,洋華,50.0,50.2,48.8,49.35,457178.0
2026-08-19,TWSE,3645,達邁,69.5,69.8,66.8,66.8,676674.0
2026-08-19,TWSE,3652,精聯,37.0,37.05,36.0,36.75,870746.0
2026-08-19,TWSE,3653,健策,5370.0,5485.0,5120.0,5150.0,3457799.0
2026-08-19,TWSE,3661,世芯-KY,4105.0,4135.0,3680.0,3715.0,3983342.0
2026-08-19,TWSE,3665,貿聯-KY,2130.0,2310.0,2125.0,2240.0,3107456.0
2026-08-19,TWSE,3669,圓展,38.0,38.0,36.55,36.55,331754.0
2026-08-19,TWSE,3673,TPK-KY,62.6,62.6,60.1,60.2,2804720.0
2026-08-19,TWSE,3679,新至陞,110.0,110.5,110.0,110.0,35405.0
2026-08-19,TWSE,3686,達能,14.4,14.55,14.2,14.25,59545.0
2026-08-19,TWSE,3694,海華,53.0,53.0,51.5,51.5,652908.0
2026-08-19,TWSE,3701,大眾控,41.3,41.3,39.25,39.35,489417.0
2026-08-19,TWSE,3702,大聯大,110.5,111.0,106.0,106.5,10734022.0
2026-08-19,TWSE,3703,欣陸,19.65,19.65,19.2,19.4,3866755.0
2026-08-19,TWSE,3704,合勤控,42.8,43.2,41.2,41.35,3735889.0
2026-08-19,TWSE,3705,永信,53.6,54.7,53.6,54.4,333501.0
2026-08-19,TWSE,3706,神達,92.0,92.0,90.1,90.6,10907550.0
2026-08-19,TWSE,3708,上緯投控,104.0,105.0,103.0,104.0,680279.0
2026-08-19,TWSE,3711,日月光投控,630.0,634.0,596.0,599.0,20070634.0
2026-08-19,TWSE,3712,永崴投控,22.35,22.35,20.2,20.4,1129011.0
2026-08-19,TWSE,3714,富采,59.0,59.0,55.8,56.0,6705054.0
2026-08-19,TWSE,3715,定穎投控,115.0,115.0,110.0,110.0,3518394.0
2026-08-19,TWSE,3716,中化控股,34.7,34.7,33.8,34.0,777542.0
2026-08-19,TWSE,3717,聯嘉投控,22.5,23.2,22.2,22.45,1641446.0
2026-08-19,TWSE,4104,佳醫,71.3,71.9,71.2,71.5,99099.0
2026-08-19,TWSE,4106,雃博,24.85,24.85,24.45,24.8,136450.0
2026-08-19,TWSE,4108,懷特,11.05,11.1,10.75,10.75,486902.0
2026-08-19,TWSE,4119,旭富,52.9,53.4,52.2,52.3,122979.0
2026-08-19,TWSE,4133,亞諾法,20.9,20.9,20.65,20.75,39815.0
2026-08-19,TWSE,4137,麗豐-KY,90.5,91.2,90.1,90.1,189765.0
2026-08-19,TWSE,4142,國光生,17.25,17.3,17.1,17.3,501715.0
2026-08-19,TWSE,4148,全宇生技-KY,31.4,31.95,31.05,31.35,54118.0
2026-08-19,TWSE,4155,訊映,14.8,14.8,14.55,14.7,164218.0
2026-08-19,TWSE,4164,承業醫,26.2,26.2,25.85,25.85,396377.0
2026-08-19,TWSE,4169,泰宗,149.5,150.5,148.0,148.5,126939.0
2026-08-19,TWSE,4178,永笙-KY,17.4,17.4,17.2,17.2,97322.0
2026-08-19,TWSE,4190,佐登-KY,25.25,25.3,24.4,25.0,12232.0
2026-08-19,TWSE,4195,基米-創,14.6,14.8,14.35,14.35,120556.0
2026-08-19,TWSE,4306,炎洲,15.6,15.7,15.3,15.45,1195967.0
2026-08-19,TWSE,4414,如興,8.53,8.59,8.46,8.46,195693.0
2026-08-19,TWSE,4426,利勤,7.82,7.84,7.76,7.77,69049.0
2026-08-19,TWSE,4438,廣越,60.5,60.5,59.0,59.5,123528.0
2026-08-19,TWSE,4439,冠星-KY,105.0,107.5,105.0,106.5,79838.0
2026-08-19,TWSE,4440,宜新實業,17.7,17.7,17.5,17.6,1359056.0
2026-08-19,TWSE,4441,振大環球,193.0,194.5,191.0,192.0,97738.0
2026-08-19,TWSE,4526,東台,30.95,30.95,30.0,30.2,882067.0
2026-08-19,TWSE,4532,瑞智,23.6,23.8,23.5,23.6,633327.0
2026-08-19,TWSE,4536,拓凱,167.0,168.5,166.5,167.0,137439.0
2026-08-19,TWSE,4540,全球傳動,61.9,62.8,59.5,61.7,3315248.0
2026-08-19,TWSE,4545,銘鈺,32.1,32.45,30.7,31.4,91541.0
2026-08-19,TWSE,4551,智伸科,170.5,173.5,163.0,163.5,811164.0
2026-08-19,TWSE,4552,力達-KY,17.5,17.55,17.4,17.55,37666.0
2026-08-19,TWSE,4555,氣立,48.6,48.7,47.4,47.65,241962.0
2026-08-19,TWSE,4557,永新-KY,51.5,51.8,50.7,50.7,42144.0
2026-08-19,TWSE,4560,強信-KY,32.4,33.8,32.2,32.8,404003.0
2026-08-19,TWSE,4562,穎漢,32.85,33.1,31.85,32.1,195495.0
2026-08-19,TWSE,4564,元翎,17.2,17.85,17.05,17.35,949788.0
2026-08-19,TWSE,4566,時碩工業,75.0,75.0,73.2,73.5,1639604.0
2026-08-19,TWSE,4569,六方科-KY,159.5,161.0,158.0,159.5,22722.0
2026-08-19,TWSE,4571,鈞興-KY,169.5,172.5,163.0,164.0,283387.0
2026-08-19,TWSE,4572,駐龍,139.0,140.5,139.0,140.5,4466.0
2026-08-19,TWSE,4576,大銀微系統,223.5,226.5,209.0,210.5,1617769.0
2026-08-19,TWSE,4581,光隆精密-KY,48.1,48.1,47.7,47.85,5015.0
2026-08-19,TWSE,4582,聚恆-創,24.35,24.6,23.6,24.0,225528.0
2026-08-19,TWSE,4583,台灣精銳,489.0,493.5,468.5,472.0,255932.0
2026-08-19,TWSE,4585,達明,312.5,315.0,299.0,299.0,274979.0
2026-08-19,TWSE,4588,玖鼎電力,52.9,53.0,51.2,52.1,39020.0
2026-08-19,TWSE,4590,富田-創,90.0,90.7,86.2,86.5,480734.0
2026-08-19,TWSE,4720,德淵,18.1,19.45,17.7,18.25,2052883.0
2026-08-19,TWSE,4722,國精化,219.5,219.5,205.0,206.0,1074493.0
2026-08-19,TWSE,4736,泰博,143.0,143.0,140.0,140.5,363370.0
2026-08-19,TWSE,4737,華廣,57.2,57.7,56.9,57.4,48117.0
2026-08-19,TWSE,4739,康普,91.3,91.9,87.0,87.0,1920171.0
2026-08-19,TWSE,4746,台耀,52.9,52.9,51.7,52.3,339088.0
2026-08-19,TWSE,4755,三福化,117.0,117.5,114.0,114.0,136915.0
2026-08-19,TWSE,4763,材料*-KY,50.1,50.8,49.75,50.4,4233566.0
2026-08-19,TWSE,4764,雙鍵,227.0,227.5,203.0,206.0,1896012.0
2026-08-19,TWSE,4766,南寶,331.0,336.0,329.5,330.0,128248.0
2026-08-19,TWSE,4770,上品,216.0,219.5,213.0,214.0,203942.0
2026-08-19,TWSE,4771,望隼,200.5,200.5,197.0,198.0,60460.0
2026-08-19,TWSE,4807,日成-KY,31.7,32.05,30.75,30.85,149681.0
2026-08-19,TWSE,4904,遠傳,100.0,101.5,99.9,101.5,6073013.0
2026-08-19,TWSE,4906,正文,35.8,35.9,34.2,34.2,3037214.0
2026-08-19,TWSE,4912,聯德控股-KY,92.3,92.9,91.0,91.0,181436.0
2026-08-19,TWSE,4915,致伸,60.6,60.7,59.4,59.4,3293257.0
2026-08-19,TWSE,4916,事欣科,103.0,105.0,99.1,100.5,3708301.0
2026-08-19,TWSE,4919,新唐,124.0,125.0,118.0,118.0,3335871.0
2026-08-19,TWSE,4927,泰鼎-KY,33.55,33.8,32.7,32.75,1753969.0
2026-08-19,TWSE,4930,燦星網,16.3,16.3,16.0,16.05,24931.0
2026-08-19,TWSE,4934,太極,14.5,14.5,14.0,14.05,437481.0
2026-08-19,TWSE,4935,茂林-KY,34.3,34.75,34.3,34.75,61000.0
2026-08-19,TWSE,4938,和碩,89.9,91.0,87.4,91.0,13164912.0
2026-08-19,TWSE,4942,嘉彰,33.15,33.3,33.15,33.25,83884.0
2026-08-19,TWSE,4943,康控-KY,8.49,8.49,8.3,8.42,10101.0
2026-08-19,TWSE,4949,有成精密,74.9,75.1,72.6,73.0,1312150.0
2026-08-19,TWSE,4952,凌通,52.3,52.7,50.0,50.9,529411.0
2026-08-19,TWSE,4956,光鋐,30.75,30.95,29.4,29.5,595801.0
2026-08-19,TWSE,4958,臻鼎-KY,507.0,513.0,469.0,474.0,39505304.0
2026-08-19,TWSE,4960,誠美材,21.8,21.8,20.45,20.5,2721381.0
2026-08-19,TWSE,4961,天鈺,163.5,164.5,159.5,160.0,401576.0
2026-08-19,TWSE,4967,十銓,265.0,267.0,252.0,252.0,3655444.0
2026-08-19,TWSE,4968,立積,94.9,94.9,90.1,90.1,671461.0
2026-08-19,TWSE,4976,佳凌,38.7,39.75,37.5,37.55,2535031.0
2026-08-19,TWSE,4977,眾達-KY,157.0,160.0,149.0,151.0,4511096.0
2026-08-19,TWSE,4989,榮科,64.2,66.2,62.7,62.7,4680962.0
2026-08-19,TWSE,4994,傳奇,83.8,85.0,82.6,82.7,15368.0
2026-08-19,TWSE,4999,鑫禾,18.95,18.95,18.6,18.7,16586.0
2026-08-19,TWSE,5007,三星,55.9,56.5,55.9,56.0,47363.0
2026-08-19,TWSE,5203,訊連,60.1,60.1,58.1,58.4,427031.0
2026-08-19,TWSE,5215,科嘉-KY,39.9,40.25,39.7,40.25,49560.0
2026-08-19,TWSE,5222,全訊,121.0,121.5,117.0,117.0,361193.0
2026-08-19,TWSE,5225,東科-KY,60.8,60.9,59.8,60.0,341396.0
2026-08-19,TWSE,5234,達興材料,323.5,323.5,303.0,303.0,463737.0
2026-08-19,TWSE,5236,凌陽創新,137.5,138.0,135.0,135.0,94287.0
2026-08-19,TWSE,5243,乙盛-KY,89.9,90.9,88.0,88.2,646534.0
2026-08-19,TWSE,5244,弘凱,33.3,33.3,32.7,32.9,92555.0
2026-08-19,TWSE,5258,虹堡,48.65,48.95,47.2,47.45,409552.0
2026-08-19,TWSE,5269,祥碩,1400.0,1400.0,1360.0,1360.0,325963.0
2026-08-19,TWSE,5283,禾聯碩,57.9,58.5,56.2,56.5,121060.0
2026-08-19,TWSE,5284,jpp-KY,302.0,314.5,300.5,300.5,446515.0
2026-08-19,TWSE,5285,界霖,77.3,79.3,76.5,76.5,689131.0
2026-08-19,TWSE,5288,豐祥-KY,194.0,195.0,189.5,191.5,126610.0
2026-08-19,TWSE,5292,華懋,195.0,196.0,190.5,191.0,282293.0
2026-08-19,TWSE,5306,桂盟,93.3,93.6,92.8,93.4,77239.0
2026-08-19,TWSE,5388,中磊,79.8,80.0,78.1,78.1,4471274.0
2026-08-19,TWSE,5434,崇越,539.0,567.0,523.0,553.0,2802574.0
2026-08-19,TWSE,5469,瀚宇博,74.7,75.4,73.9,74.0,1124803.0
2026-08-19,TWSE,5471,松翰,58.4,58.6,55.8,56.2,2074071.0
2026-08-19,TWSE,5484,慧友,40.8,40.8,38.7,39.35,324156.0
2026-08-19,TWSE,5515,建國,52.0,54.5,51.5,54.2,1741460.0
2026-08-19,TWSE,5519,隆大,27.8,27.9,27.65,27.8,217334.0
2026-08-19,TWSE,5521,工信,10.8,10.9,10.4,10.45,3195225.0
2026-08-19,TWSE,5522,遠雄,62.2,63.6,62.2,63.1,640556.0
2026-08-19,TWSE,5525,順天,21.8,22.1,21.75,21.75,67525.0
2026-08-19,TWSE,5531,鄉林,7.4,7.43,7.34,7.39,375880.0
2026-08-19,TWSE,5533,皇鼎,13.9,13.95,13.8,13.85,82333.0
2026-08-19,TWSE,5534,長虹,78.7,79.1,78.4,78.8,412021.0
2026-08-19,TWSE,5538,東明-KY,34.6,35.45,34.6,35.25,138701.0
2026-08-19,TWSE,5546,永固-KY,13.3,14.0,13.3,14.0,39474.0
2026-08-19,TWSE,5607,遠雄港,53.0,53.5,52.5,53.0,1798121.0
2026-08-19,TWSE,5608,四維航,14.65,15.95,14.55,15.95,14628709.0
2026-08-19,TWSE,5706,鳳凰,45.55,45.95,45.0,45.05,112138.0
2026-08-19,TWSE,5871,中租-KY,109.0,109.5,108.5,109.5,3353278.0
2026-08-19,TWSE,5876,上海商銀,42.45,43.2,42.25,43.2,6595939.0
2026-08-19,TWSE,5880,合庫金,24.65,25.2,24.5,24.95,26633409.0
2026-08-19,TWSE,5906,台南-KY,38.0,38.0,38.0,38.0,2262.0
2026-08-19,TWSE,5907,大洋-KY,4.94,4.98,4.86,4.88,219206.0
2026-08-19,TWSE,6005,群益證,30.45,30.7,30.4,30.5,4757516.0
2026-08-19,TWSE,6024,群益期,60.8,61.3,60.6,60.8,190629.0
2026-08-19,TWSE,6108,競國,23.1,24.0,23.0,23.6,3495620.0
2026-08-19,TWSE,6112,邁達特,45.7,45.95,43.8,43.9,573429.0
2026-08-19,TWSE,6115,鎰勝,44.95,45.0,44.75,44.8,184065.0
2026-08-19,TWSE,6116,彩晶,14.05,14.1,13.7,13.7,13102584.0
2026-08-19,TWSE,6117,迎廣,62.9,62.9,61.3,61.7,318133.0
2026-08-19,TWSE,6120,達運,12.85,12.85,12.5,12.6,1409707.0
2026-08-19,TWSE,6128,上福,20.25,20.3,20.15,20.15,37993.0
2026-08-19,TWSE,6133,金橋,22.3,22.7,22.2,22.25,410185.0
2026-08-19,TWSE,6136,富爾特,24.8,25.0,24.75,25.0,328880.0
2026-08-19,TWSE,6139,亞翔,815.0,816.0,780.0,782.0,2664930.0
2026-08-19,TWSE,6141,柏承,39.2,42.35,39.2,41.25,7786785.0
2026-08-19,TWSE,6142,友勁,9.22,9.26,8.99,9.0,843739.0
2026-08-19,TWSE,6152,百一,14.15,14.35,13.8,13.8,742966.0
2026-08-19,TWSE,6153,嘉聯益,16.4,16.95,16.4,16.4,2300136.0
2026-08-19,TWSE,6155,鈞寶,59.6,61.0,57.2,57.4,1740978.0
2026-08-19,TWSE,6164,華興,12.0,12.0,11.8,11.8,201491.0
2026-08-19,TWSE,6165,浪凡,47.6,48.0,47.1,47.3,232244.0
2026-08-19,TWSE,6166,凌華,128.5,129.0,121.0,122.5,2381683.0
2026-08-19,TWSE,6168,宏齊,24.75,25.0,24.1,24.25,915851.0
2026-08-19,TWSE,6177,達麗,48.65,49.1,48.0,49.1,3075622.0
2026-08-19,TWSE,6183,關貿,92.7,93.1,92.5,92.8,26984.0
2026-08-19,TWSE,6184,大豐電,42.0,42.0,41.9,41.9,35955.0
2026-08-19,TWSE,6189,豐藝,48.0,48.05,47.4,47.5,374734.0
2026-08-19,TWSE,6191,精成科,86.2,86.9,84.8,85.4,1778170.0
2026-08-19,TWSE,6192,巨路,116.0,116.5,114.5,115.5,160418.0
2026-08-19,TWSE,6196,帆宣,513.0,520.0,501.0,503.0,1090805.0
2026-08-19,TWSE,6197,佳必琪,303.0,304.0,294.0,294.0,1215328.0
2026-08-19,TWSE,6201,亞弘電,44.9,44.9,44.0,44.3,63137.0
2026-08-19,TWSE,6202,盛群,60.0,60.1,57.0,57.3,1914113.0
2026-08-19,TWSE,6205,詮欣,62.0,64.7,61.8,61.9,281447.0
2026-08-19,TWSE,6206,飛捷,146.0,148.0,142.5,143.5,1787898.0
2026-08-19,TWSE,6209,今國光,71.1,72.0,67.2,67.7,4239298.0
2026-08-19,TWSE,6213,聯茂,486.0,500.0,477.0,488.0,3600293.0
2026-08-19,TWSE,6214,精誠,175.0,176.0,173.5,176.0,5269144.0
2026-08-19,TWSE,6215,和椿,104.0,106.0,100.5,101.5,1281632.0
2026-08-19,TWSE,6216,居易,22.25,22.25,22.0,22.0,88005.0
2026-08-19,TWSE,6224,聚鼎,66.2,66.5,64.0,65.3,530365.0
2026-08-19,TWSE,6225,天瀚,48.8,48.8,48.8,48.8,363060.0
2026-08-19,TWSE,6226,光鼎,19.4,21.1,19.4,21.1,15604523.0
2026-08-19,TWSE,6230,尼得科超眾,111.5,111.5,108.0,108.0,21793.0
2026-08-19,TWSE,6235,華孚,39.3,39.35,37.7,37.7,521757.0
2026-08-19,TWSE,6239,力成,279.0,279.5,265.0,265.5,11353209.0
2026-08-19,TWSE,6243,迅杰,44.95,46.5,42.8,42.85,1633751.0
2026-08-19,TWSE,6257,矽格,208.0,208.5,199.5,199.5,6262729.0
2026-08-19,TWSE,6269,台郡,65.8,66.5,63.9,64.4,2974942.0
2026-08-19,TWSE,6271,同欣電,196.0,199.5,193.0,195.0,2471066.0
2026-08-19,TWSE,6272,驊陞,23.9,23.9,23.0,23.0,188409.0
2026-08-19,TWSE,6277,宏正,87.5,88.2,82.0,84.0,899664.0
2026-08-19,TWSE,6278,台表科,175.0,177.5,168.0,172.0,4528509.0
2026-08-19,TWSE,6281,全國電,51.7,51.7,51.1,51.2,56252.0
2026-08-19,TWSE,6282,康舒,46.9,47.55,46.0,46.4,6629587.0
2026-08-19,TWSE,6283,淳安,20.1,20.1,19.85,19.95,89166.0
2026-08-19,TWSE,6285,啟碁,243.0,244.5,236.0,236.0,3408804.0
2026-08-19,TWSE,6405,悅城,39.6,39.85,38.25,38.5,201690.0
2026-08-19,TWSE,6409,旭隼,985.0,1080.0,983.0,1065.0,1188346.0
2026-08-19,TWSE,6412,群電,78.7,78.7,76.7,76.9,759058.0
2026-08-19,TWSE,6414,樺漢,418.0,419.0,386.5,389.5,4143465.0
2026-08-19,TWSE,6415,矽力*-KY,453.5,464.5,445.0,445.5,2988991.0
2026-08-19,TWSE,6416,瑞祺電通,94.5,96.1,91.4,92.5,353580.0
2026-08-19,TWSE,6426,統新,239.5,244.5,233.5,244.0,825472.0
2026-08-19,TWSE,6431,光麗-KY,19.3,20.0,18.5,19.9,84180.0
2026-08-19,TWSE,6438,迅得,147.5,148.0,143.0,143.0,233103.0
2026-08-19,TWSE,6442,光聖,1650.0,1705.0,1530.0,1555.0,4607203.0
2026-08-19,TWSE,6443,元晶,27.5,27.65,26.35,26.35,4728704.0
2026-08-19,TWSE,6446,藥華藥,1430.0,1430.0,1345.0,1400.0,5232513.0
2026-08-19,TWSE,6449,鈺邦,231.0,233.5,224.0,224.0,417394.0
2026-08-19,TWSE,6451,訊芯-KY,470.5,474.5,419.5,421.0,6411097.0
2026-08-19,TWSE,6456,GIS-KY,65.4,67.7,65.0,65.5,2121392.0
2026-08-19,TWSE,6464,台數科,76.9,79.0,76.8,79.0,377897.0
2026-08-19,TWSE,6472,保瑞,413.5,416.5,404.0,404.5,398333.0
2026-08-19,TWSE,6477,安集,37.8,40.3,37.8,38.4,5552916.0
2026-08-19,TWSE,6491,晶碩,363.0,365.0,358.0,361.5,226372.0
2026-08-19,TWSE,6504,南六,37.8,37.8,37.0,37.1,33051.0
2026-08-19,TWSE,6505,台塑化,71.3,76.2,71.3,72.0,39001736.0
2026-08-19,TWSE,6515,穎崴,6480.0,6695.0,6210.0,6315.0,440750.0
2026-08-19,TWSE,6525,捷敏-KY,148.0,158.0,147.0,148.0,4913226.0
2026-08-19,TWSE,6526,達發,600.0,603.0,578.0,579.0,467549.0
2026-08-19,TWSE,6531,愛普*,893.0,925.0,847.0,863.0,7561123.0
2026-08-19,TWSE,6533,晶心科,244.0,248.5,243.0,245.0,913515.0
2026-08-19,TWSE,6534,正瀚-創,91.2,91.3,90.7,91.1,51253.0
2026-08-19,TWSE,6541,泰福-KY,37.3,37.3,35.5,35.5,708021.0
2026-08-19,TWSE,6550,北極星藥業-KY,10.8,10.8,10.15,10.3,2499641.0
2026-08-19,TWSE,6552,易華電,24.7,24.7,24.25,24.35,45755.0
2026-08-19,TWSE,6558,興能高,25.55,25.55,25.0,25.0,169574.0
2026-08-19,TWSE,6573,虹揚-KY,16.55,16.8,16.0,16.15,238834.0
2026-08-19,TWSE,6579,研揚,153.0,153.5,150.0,151.0,518489.0
2026-08-19,TWSE,6581,鋼聯,107.0,108.5,107.0,107.5,34119.0
2026-08-19,TWSE,6582,申豐,31.65,31.65,31.05,31.1,35306.0
2026-08-19,TWSE,6585,鼎基,120.0,120.0,115.0,116.5,338956.0
2026-08-19,TWSE,6589,台康生技,48.4,49.3,48.3,48.7,323561.0
2026-08-19,TWSE,6591,動力-KY,43.95,44.15,43.25,43.35,118280.0
2026-08-19,TWSE,6592,和潤企業,60.5,60.9,60.5,60.6,170812.0
2026-08-19,TWSE,6598,ABC-KY,28.8,29.2,27.75,27.75,257963.0
2026-08-19,TWSE,6605,帝寶,139.0,140.0,137.5,138.0,227043.0
2026-08-19,TWSE,6606,建德工業,26.8,27.1,26.1,26.35,171588.0
2026-08-19,TWSE,6614,資拓宏宇,36.1,36.1,35.75,35.85,42820.0
2026-08-19,TWSE,6625,必應,76.8,77.0,76.3,76.8,66851.0
2026-08-19,TWSE,6641,基士德-KY,18.1,18.3,18.0,18.0,30540.0
2026-08-19,TWSE,6645,金萬林-創,13.1,13.2,12.85,12.85,18499.0
2026-08-19,TWSE,6655,科定,115.0,115.0,115.0,115.0,5000.0
2026-08-19,TWSE,6657,華安,30.5,30.5,29.5,29.7,144738.0
2026-08-19,TWSE,6658,聯策,157.5,163.0,157.0,161.5,286723.0
2026-08-19,TWSE,6666,羅麗芬-KY,43.2,43.75,43.2,43.7,18909.0
2026-08-19,TWSE,6668,中揚光,36.15,36.95,35.3,35.5,368292.0
2026-08-19,TWSE,6669,緯穎,6595.0,6650.0,6285.0,6400.0,1657408.0
2026-08-19,TWSE,6670,復盛應用,261.0,263.5,261.0,261.5,82958.0
2026-08-19,TWSE,6671,三能-KY,22.3,22.3,22.25,22.3,16215.0
2026-08-19,TWSE,6672,騰輝電子-KY,283.0,295.0,277.5,288.0,8355505.0
2026-08-19,TWSE,6674,鋐寶科技,15.0,15.0,14.55,14.75,24037.0
2026-08-19,TWSE,6689,伊雲谷,60.7,61.0,60.2,60.2,67888.0
2026-08-19,TWSE,6691,洋基工程,730.0,736.0,707.0,713.0,1105310.0
2026-08-19,TWSE,6695,芯鼎,50.2,50.3,48.3,48.3,418222.0
2026-08-19,TWSE,6698,旭暉應材,31.55,31.55,30.9,30.95,95960.0
2026-08-19,TWSE,6706,惠特,122.5,123.5,116.5,118.5,919142.0
2026-08-19,TWSE,6715,嘉基,405.0,428.0,393.0,419.0,1164315.0
2026-08-19,TWSE,6719,力智,203.0,204.0,194.0,194.5,812522.0
2026-08-19,TWSE,6722,輝創,32.35,32.4,32.1,32.25,12419.0
2026-08-19,TWSE,6742,澤米,43.8,44.2,42.5,43.75,367584.0
2026-08-19,TWSE,6743,安普新,25.55,26.2,24.9,24.95,224583.0
2026-08-19,TWSE,6753,龍德造船,147.5,152.0,144.0,144.5,2541575.0
2026-08-19,TWSE,6754,匯僑設計,41.65,41.65,41.5,41.5,11041.0
2026-08-19,TWSE,6756,威鋒電子,99.7,99.7,97.1,97.2,91964.0
2026-08-19,TWSE,6757,台灣虎航,56.3,56.8,56.0,56.6,1548799.0
2026-08-19,TWSE,6768,志強-KY,65.0,66.1,63.5,63.7,827597.0
2026-08-19,TWSE,6770,力積電,75.0,75.7,69.5,69.7,226495303.0
2026-08-19,TWSE,6771,平和環保-創,41.5,41.7,41.05,41.5,37003.0
2026-08-19,TWSE,6776,展碁國際,53.6,53.7,53.3,53.4,42004.0
2026-08-19,TWSE,6781,AES-KY,1100.0,1110.0,1055.0,1060.0,548495.0
2026-08-19,TWSE,6782,視陽,201.5,201.5,198.5,198.5,91538.0
2026-08-19,TWSE,6789,采鈺,444.0,454.0,433.0,433.0,962543.0
2026-08-19,TWSE,6790,永豐實,37.85,38.0,37.85,37.9,106834.0
2026-08-19,TWSE,6792,詠業,58.1,58.7,58.0,58.5,15183.0
2026-08-19,TWSE,6794,向榮生技,70.0,70.0,67.0,68.1,56086.0
2026-08-19,TWSE,6796,晉弘,59.1,60.9,59.1,59.6,43735.0
2026-08-19,TWSE,6799,來頡,81.8,82.3,78.7,78.8,287288.0
2026-08-19,TWSE,6805,富世達,1950.0,1995.0,1900.0,1960.0,2057755.0
2026-08-19,TWSE,6807,峰源-KY,38.0,38.0,36.95,37.9,10122.0
2026-08-19,TWSE,6830,汎銓,444.0,444.0,420.5,431.5,1774631.0
2026-08-19,TWSE,6831,邁科,697.0,697.0,653.0,655.0,743027.0
2026-08-19,TWSE,6834,天二科技,99.5,102.5,94.2,95.2,2452546.0
2026-08-19,TWSE,6835,圓裕,31.6,31.8,30.65,31.0,23359.0
2026-08-19,TWSE,6838,台新藥,22.85,22.9,22.4,22.45,187627.0
2026-08-19,TWSE,6854,錼創科技-KY創,92.0,92.0,89.2,89.7,224789.0
2026-08-19,TWSE,6861,睿生光電,208.0,209.0,197.0,198.5,297814.0
2026-08-19,TWSE,6862,三集瑞-KY,142.0,142.0,137.0,137.0,75031.0
2026-08-19,TWSE,6863,永道-KY,109.0,111.5,107.0,109.0,222603.0
2026-08-19,TWSE,6869,雲豹能源,65.5,69.8,65.4,69.8,1025065.0
2026-08-19,TWSE,6873,泓德能源,67.6,72.2,67.6,70.2,687024.0
2026-08-19,TWSE,6885,全福生技,20.35,20.45,20.2,20.45,113033.0
2026-08-19,TWSE,6887,寶綠特-KY,35.85,36.3,35.2,36.3,27171.0
2026-08-19,TWSE,6890,來億-KY,162.5,163.0,159.0,160.5,273349.0
2026-08-19,TWSE,6901,鑽石投資,16.95,17.0,16.45,16.55,1276460.0
2026-08-19,TWSE,6902,GOGOLOOK,134.5,134.5,131.0,133.5,40711.0
2026-08-19,TWSE,6906,現觀科,72.6,72.6,71.6,71.7,14585.0
2026-08-19,TWSE,6908,宏碁遊戲-創,31.7,32.0,31.35,31.4,35650.0
2026-08-19,TWSE,6909,創控,40.25,41.0,39.9,40.0,170388.0
2026-08-19,TWSE,6914,阜爾運通,148.0,148.5,147.5,147.5,58570.0
2026-08-19,TWSE,6916,華凌,18.65,18.7,18.6,18.6,13000.0
2026-08-19,TWSE,6918,愛派司,74.0,74.6,73.8,74.6,11002.0
2026-08-19,TWSE,6919,康霈*,102.0,106.0,101.0,104.5,3113457.0
2026-08-19,TWSE,6921,嘉雨思-創,71.5,71.5,70.0,71.0,11100.0
2026-08-19,TWSE,6923,中台,76.5,76.7,75.6,75.9,26176.0
2026-08-19,TWSE,6924,榮惠-KY創,112.5,114.5,111.5,114.0,19528.0
2026-08-19,TWSE,6928,攸泰科技,49.3,49.35,48.0,48.0,105830.0
2026-08-19,TWSE,6931,青松健康,42.0,42.2,41.5,41.5,77409.0
2026-08-19,TWSE,6933,AMAX-KY,193.0,193.0,186.5,191.5,461807.0
2026-08-19,TWSE,6934,心誠鎂,72.5,73.4,72.3,72.3,23000.0
2026-08-19,TWSE,6936,永鴻生技,32.25,32.55,32.15,32.35,53815.0
2026-08-19,TWSE,6937,天虹,287.0,287.0,269.5,270.0,302911.0
2026-08-19,TWSE,6944,兆聯實業,754.0,761.0,741.0,743.0,214838.0
2026-08-19,TWSE,6947,台鎔科技,74.0,74.0,72.1,72.1,1145136.0
2026-08-19,TWSE,6949,沛爾生醫-創,1035.0,1085.0,1035.0,1055.0,186295.0
2026-08-19,TWSE,6951,青新-創,72.1,72.1,71.5,72.0,8739.0
2026-08-19,TWSE,6952,大武山,36.2,37.0,36.2,37.0,20128.0
2026-08-19,TWSE,6955,邦睿生技-創,121.5,121.5,119.0,119.0,9020.0
2026-08-19,TWSE,6957,裕慶-KY,217.5,218.0,213.5,214.0,58244.0
2026-08-19,TWSE,6958,日盛台駿,17.65,17.65,17.3,17.4,39037.0
2026-08-19,TWSE,6962,奕力-KY,30.95,31.0,30.2,30.2,1780408.0
2026-08-19,TWSE,6965,中傑-KY,74.9,75.0,74.0,74.0,40653.0
2026-08-19,TWSE,6969,成信實業*-創,32.7,33.0,31.85,32.2,110649.0
2026-08-19,TWSE,6988,威力暘-創,12.35,12.35,12.1,12.2,25000.0
2026-08-19,TWSE,6994,富威電力,36.35,37.3,35.35,35.4,709296.0
2026-08-19,TWSE,7610,聯友金屬-創,1925.0,1945.0,1740.0,1740.0,795040.0
2026-08-19,TWSE,7631,聚賢研發-創,145.0,146.5,144.0,144.5,61590.0
2026-08-19,TWSE,7689,大鵬科CLMX,173.0,173.0,170.5,172.0,51947.0
2026-08-19,TWSE,7705,三商餐飲,30.7,30.75,30.6,30.6,11094.0
2026-08-19,TWSE,7711,永擎,480.0,495.0,480.0,492.0,870862.0
2026-08-19,TWSE,7721,微程式,62.3,62.4,61.8,62.0,39563.0
2026-08-19,TWSE,7722,LINEPAY,278.0,278.0,274.0,276.0,65892.0
2026-08-19,TWSE,7730,暉盛-創,173.5,174.0,157.0,157.0,71913.0
2026-08-19,TWSE,7732,金興精密,33.8,34.5,33.5,33.5,45000.0
2026-08-19,TWSE,7736,虎山,69.4,71.1,69.3,69.5,22012.0
2026-08-19,TWSE,7740,熙特爾-創,143.0,144.5,141.0,141.5,79717.0
2026-08-19,TWSE,7749,意騰-KY,343.5,344.5,324.0,327.0,178208.0
2026-08-19,TWSE,7750,新代,2410.0,2535.0,2405.0,2490.0,890438.0
2026-08-19,TWSE,7760,享溫馨,33.2,33.2,32.8,33.0,43015.0
2026-08-19,TWSE,7765,中華資安,224.0,226.0,222.0,223.0,28724.0
2026-08-19,TWSE,7768,頌勝科技,272.5,274.0,263.5,263.5,63429.0
2026-08-19,TWSE,7769,鴻勁,6670.0,6775.0,6500.0,6525.0,535071.0
2026-08-19,TWSE,7780,大研生醫*,16.8,16.8,16.65,16.7,606219.0
2026-08-19,TWSE,7786,東方風能,125.5,125.5,122.0,123.0,161522.0
2026-08-19,TWSE,7788,松川精密,279.5,283.5,267.0,278.0,2253392.0
2026-08-19,TWSE,7791,皇家可口,56.9,56.9,56.2,56.3,22836.0
2026-08-19,TWSE,7795,長廣,546.0,574.0,537.0,572.0,904733.0
2026-08-19,TWSE,7799,禾榮科,351.5,352.5,347.0,351.0,98768.0
2026-08-19,TWSE,7803,雲象科技-創,19.85,19.85,19.1,19.1,32290.0
2026-08-19,TWSE,7818,溢泰實業,62.2,63.1,62.0,62.4,34880.0
2026-08-19,TWSE,7821,神數,39.2,39.25,38.9,38.9,164139.0
2026-08-19,TWSE,7822,倍利科,907.0,935.0,897.0,897.0,204502.0
2026-08-19,TWSE,7823,奧義賽博-KY創,84.3,84.4,83.1,83.5,24008.0
2026-08-19,TWSE,7827,漢康-KY創,156.0,156.0,151.5,156.0,202923.0
2026-08-19,TWSE,7835,永悅健康-創,22.9,22.9,21.7,22.0,73195.0
2026-08-19,TWSE,7855,和運租車,43.7,44.0,43.55,43.55,2063586.0
2026-08-19,TWSE,8011,台通,16.0,16.0,15.75,15.8,370598.0
2026-08-19,TWSE,8016,矽創,301.5,305.0,288.0,288.0,2032061.0
2026-08-19,TWSE,8021,尖點,437.0,452.0,400.0,408.5,10703530.0
2026-08-19,TWSE,8028,昇陽半導體,265.0,265.0,248.0,248.5,4958913.0
2026-08-19,TWSE,8033,雷虎,185.0,195.0,185.0,186.0,2118292.0
2026-08-19,TWSE,8039,台虹,258.0,284.5,258.0,277.5,31881009.0
2026-08-19,TWSE,8045,達運光電,53.8,53.8,51.4,51.6,89550.0
2026-08-19,TWSE,8046,南電,1320.0,1355.0,1245.0,1245.0,10339787.0
2026-08-19,TWSE,8070,長華*,49.3,54.4,49.15,54.4,13023416.0
2026-08-19,TWSE,8072,陞泰,26.95,26.95,26.2,26.5,71784.0
2026-08-19,TWSE,8081,致新,256.0,258.0,250.5,252.0,409387.0
2026-08-19,TWSE,8101,華冠,10.2,10.65,9.81,10.0,36695.0
2026-08-19,TWSE,8103,瀚荃,80.1,88.0,80.0,83.4,3721183.0
2026-08-19,TWSE,8104,錸寶,31.8,31.95,30.75,30.8,270895.0
2026-08-19,TWSE,8105,凌巨,13.6,14.55,13.6,13.8,48154094.0
2026-08-19,TWSE,8110,華東,45.8,47.0,44.3,44.3,4989686.0
2026-08-19,TWSE,8112,至上,93.3,94.2,90.3,90.3,11463283.0
2026-08-19,TWSE,8114,振樺電,205.0,205.0,194.5,195.5,879000.0
2026-08-19,TWSE,8131,福懋科,64.2,65.8,62.1,62.2,1870761.0
2026-08-19,TWSE,8150,南茂,91.5,92.4,87.6,89.1,28382010.0
2026-08-19,TWSE,8162,微矽電子-創,61.5,61.5,56.7,56.8,264327.0
2026-08-19,TWSE,8163,達方,31.7,31.7,31.05,31.05,578000.0
2026-08-19,TWSE,8201,無敵,11.85,11.85,11.55,11.55,17014.0
2026-08-19,TWSE,8210,勤誠,1040.0,1070.0,1015.0,1025.0,1699375.0
2026-08-19,TWSE,8213,志超,34.05,34.05,33.0,33.0,401670.0
2026-08-19,TWSE,8215,明基材,24.9,24.9,24.05,24.2,364377.0
2026-08-19,TWSE,8222,寶一,40.25,41.9,40.2,40.3,1327836.0
2026-08-19,TWSE,8249,菱光,42.0,42.0,39.95,39.95,339325.0
2026-08-19,TWSE,8261,富鼎,196.5,210.5,185.0,186.5,13143315.0
2026-08-19,TWSE,8271,宇瞻,229.0,232.0,223.0,223.0,2874908.0
2026-08-19,TWSE,8341,日友,75.8,76.1,75.6,75.8,99224.0
2026-08-19,TWSE,8367,建新國際,40.55,40.55,40.45,40.45,42695.0
2026-08-19,TWSE,8374,羅昇,86.7,87.2,83.0,84.3,435902.0
2026-08-19,TWSE,8404,百和興業-KY,16.1,16.15,16.0,16.0,147616.0
2026-08-19,TWSE,8411,福貞-KY,12.9,12.95,12.8,12.8,79519.0
2026-08-19,TWSE,8422,可寧衛*,26.55,27.15,26.4,27.1,9577639.0
2026-08-19,TWSE,8429,金麗-KY,6.02,6.02,5.98,5.98,88038.0
2026-08-19,TWSE,8438,昶昕,67.7,67.9,65.8,66.5,218362.0
2026-08-19,TWSE,8442,威宏-KY,44.05,44.75,44.0,44.55,45203.0
2026-08-19,TWSE,8443,阿瘦,11.45,11.45,11.45,11.45,1548367.0
2026-08-19,TWSE,8454,富邦媒,262.0,262.5,256.0,258.0,438167.0
2026-08-19,TWSE,8462,柏文,176.0,176.0,174.0,174.0,85971.0
2026-08-19,TWSE,8463,潤泰材,21.35,21.35,21.15,21.25,31619.0
2026-08-19,TWSE,8464,億豐,371.0,372.0,364.5,371.0,353221.0
2026-08-19,TWSE,8466,美吉吉-KY,16.05,16.05,15.85,15.85,25086.0
2026-08-19,TWSE,8467,波力-KY,99.0,100.0,98.5,98.5,28487.0
2026-08-19,TWSE,8473,山林水,45.8,46.15,45.15,45.35,489250.0
2026-08-19,TWSE,8476,台境*,19.8,20.45,19.8,20.15,443260.0
2026-08-19,TWSE,8478,東哥遊艇,140.5,142.0,139.0,139.5,162999.0
2026-08-19,TWSE,8481,政伸,40.2,40.45,40.0,40.1,45200.0
2026-08-19,TWSE,8482,商億-KY,49.3,49.3,48.5,48.5,4010.0
2026-08-19,TWSE,8487,愛爾達-創,72.9,72.9,71.3,71.3,15336.0
2026-08-19,TWSE,8488,吉源-KY,10.15,10.25,9.76,9.9,325000.0
2026-08-19,TWSE,8499,鼎炫-KY,266.0,279.5,260.5,275.5,60298.0
2026-08-19,TWSE,8926,台汽電,56.4,56.8,55.8,56.0,2376990.0
2026-08-19,TWSE,8940,新天地,15.5,15.8,15.15,15.2,33870.0
2026-08-19,TWSE,8996,高力,1265.0,1265.0,1165.0,1175.0,2317593.0
2026-08-19,TWSE,9103,美德醫療-DR,5.21,5.23,5.14,5.2,1014559.0
2026-08-19,TWSE,9105,泰金寶-DR,8.82,8.83,8.38,8.42,25110344.0
2026-08-19,TWSE,9110,越南控-DR,3.04,3.05,3.04,3.05,3000.0
2026-08-19,TWSE,9136,巨騰-DR,11.55,12.1,11.55,12.0,417726.0
2026-08-19,TWSE,9802,鈺齊-KY,70.5,70.8,69.5,70.3,714532.0
2026-08-19,TWSE,9902,台火,14.0,14.0,13.75,13.85,48422.0
2026-08-19,TWSE,9904,寶成,24.7,24.7,24.3,24.5,18651672.0
2026-08-19,TWSE,9905,大華,21.4,21.45,21.3,21.35,103573.0
2026-08-19,TWSE,9906,欣巴巴,39.15,39.6,38.05,39.2,40538.0
2026-08-19,TWSE,9907,統一實,14.8,14.95,14.75,14.85,1226639.0
2026-08-19,TWSE,9908,大台北,29.0,29.1,29.0,29.0,93081.0
2026-08-19,TWSE,9910,豐泰,69.3,69.5,68.0,69.1,1639641.0
2026-08-19,TWSE,9911,櫻花,82.1,82.3,81.8,82.2,144798.0
2026-08-19,TWSE,9912,偉聯,12.95,13.0,12.8,12.85,588959.0
2026-08-19,TWSE,9914,美利達,81.0,82.0,80.3,80.6,1183670.0
2026-08-19,TWSE,9917,中保科,108.0,108.5,108.0,108.5,227513.0
2026-08-19,TWSE,9918,欣天然,42.3,42.5,42.3,42.45,8281.0
2026-08-19,TWSE,9919,康那香,13.85,13.95,13.8,13.8,94989.0
2026-08-19,TWSE,9921,巨大,97.0,98.4,95.2,97.4,2787832.0
2026-08-19,TWSE,9924,福興,38.3,38.4,38.15,38.25,229361.0
2026-08-19,TWSE,9925,新保,40.05,40.2,39.95,40.0,985234.0
2026-08-19,TWSE,9926,新海,48.85,48.85,48.5,48.7,23853.0
2026-08-19,TWSE,9927,泰銘,69.2,69.3,68.5,68.7,77691.0
2026-08-19,TWSE,9928,中視,18.7,18.7,18.5,18.6,54429.0
2026-08-19,TWSE,9929,秋雨,11.35,11.35,11.3,11.3,3820.0
2026-08-19,TWSE,9930,中聯資源,62.7,63.2,62.5,63.2,70415.0
2026-08-19,TWSE,9931,欣高,33.6,33.9,33.6,33.65,22416.0
2026-08-19,TWSE,9933,中鼎,42.25,42.25,41.45,41.8,1838616.0
2026-08-19,TWSE,9934,成霖,11.4,11.4,11.25,11.35,557819.0
2026-08-19,TWSE,9935,慶豐富,20.65,20.65,20.4,20.5,355936.0
2026-08-19,TWSE,9937,全國,54.7,55.1,54.4,55.0,52426.0
2026-08-19,TWSE,9938,百和,42.0,42.0,41.2,41.2,1435268.0
2026-08-19,TWSE,9939,宏全,130.5,131.0,128.0,129.5,1173528.0
2026-08-19,TWSE,9940,信義,20.8,20.85,20.65,20.7,219281.0
2026-08-19,TWSE,9941,裕融,83.5,84.4,83.4,84.2,697723.0
2026-08-19,TWSE,9942,茂順,114.5,115.0,114.5,114.5,64458.0
2026-08-19,TWSE,9943,好樂迪,50.7,50.9,50.7,50.7,37439.0
2026-08-19,TWSE,9944,新麗,17.5,17.5,17.25,17.25,36390.0
2026-08-19,TWSE,9945,潤泰新,30.2,30.2,29.6,29.7,11027127.0
2026-08-19,TWSE,9946,三發地產,19.05,19.1,18.85,18.85,274221.0
2026-08-19,TWSE,9955,佳龍,24.6,25.4,24.5,24.55,225484.0
2026-08-19,TWSE,9958,世紀鋼,103.0,103.5,101.0,101.0,1815464.0
2026-08-19,TPEX,1240,茂生農經,57.0,57.1,57.0,57.1,2107.0
2026-08-19,TPEX,1259,安心,,,,,4.0
2026-08-19,TPEX,1264,德麥,259.0,260.0,256.0,256.0,42521.0
2026-08-19,TPEX,1268,漢來美食,177.0,183.0,177.0,181.5,75808.0
2026-08-19,TPEX,1294,漢田生技,56.1,56.8,56.0,56.8,17419.0
2026-08-19,TPEX,1295,生合,45.85,45.9,45.55,45.85,41205.0
2026-08-19,TPEX,1336,台翰,17.25,17.65,17.0,17.35,346592.0
2026-08-19,TPEX,1565,精華,94.0,94.9,93.8,94.9,72225.0
2026-08-19,TPEX,1569,濱川,43.65,44.3,43.5,43.8,260939.0
2026-08-19,TPEX,1570,力肯,33.3,33.35,33.0,33.2,33020.0
2026-08-19,TPEX,1580,新麥,107.5,108.0,106.5,107.5,70048.0
2026-08-19,TPEX,1584,精剛,17.85,17.85,17.6,17.75,238758.0
2026-08-19,TPEX,1586,和勤,18.5,18.6,18.1,18.2,1118632.0
2026-08-19,TPEX,1591,駿吉-KY,35.05,35.85,34.65,35.4,140145.0
2026-08-19,TPEX,1593,祺驊,31.5,31.8,31.5,31.8,4461.0
2026-08-19,TPEX,1595,川寶,61.6,63.6,60.3,62.0,123795.0
2026-08-19,TPEX,1599,宏佳騰,23.0,23.4,23.0,23.25,24082.0
2026-08-19,TPEX,1742,台蠟,17.7,18.2,17.5,18.0,129026.0
2026-08-19,TPEX,1777,生泰,73.5,74.1,73.5,74.1,6234.0
2026-08-19,TPEX,1780,立弘,24.1,24.8,23.9,24.8,65650.0
2026-08-19,TPEX,1781,合世,,,,,8.0
2026-08-19,TPEX,1784,訊聯,59.4,60.5,59.3,60.1,42174.0
2026-08-19,TPEX,1785,光洋科,97.8,101.5,97.4,101.0,8038002.0
2026-08-19,TPEX,1788,杏昌,129.5,130.0,129.5,130.0,6026.0
2026-08-19,TPEX,1796,金穎生技,30.75,30.75,29.65,29.65,10289.0
2026-08-19,TPEX,1799,易威,29.8,30.45,29.8,29.95,76239.0
2026-08-19,TPEX,1813,寶利徠,,,,,1732.0
2026-08-19,TPEX,1815,富喬,93.0,98.8,91.1,98.0,42898775.0
2026-08-19,TPEX,2035,唐榮,26.9,27.15,26.7,27.15,17036.0
2026-08-19,TPEX,2061,風青,47.5,50.0,47.2,48.85,1471273.0
2026-08-19,TPEX,2063,世鎧,24.15,24.5,24.05,24.5,35070.0
2026-08-19,TPEX,2064,晉椿,12.55,12.8,12.35,12.45,272000.0
2026-08-19,TPEX,2065,世豐,35.2,35.45,35.2,35.35,51135.0
2026-08-19,TPEX,2066,世德,57.3,58.3,57.0,57.0,124025.0
2026-08-19,TPEX,2067,嘉鋼,5.88,5.92,5.75,5.75,21150.0
2026-08-19,TPEX,2070,精湛,66.9,71.5,64.6,64.7,1298870.0
2026-08-19,TPEX,2073,雄順,,,,,85.0
2026-08-19,TPEX,2221,大甲,53.7,53.7,51.8,52.6,267670.0
2026-08-19,TPEX,2230,泰茂,25.6,25.6,24.3,24.3,61691.0
2026-08-19,TPEX,2235,謚源,26.65,27.6,26.65,27.6,6020.0
2026-08-19,TPEX,2596,綠意,32.9,33.3,32.8,33.25,64120.0
2026-08-19,TPEX,2640,大車隊,155.0,155.0,153.0,154.5,18479.0
2026-08-19,TPEX,2641,正德,17.85,18.6,17.65,18.35,6160196.0
2026-08-19,TPEX,2643,捷迅,61.7,61.9,61.4,61.9,12189.0
2026-08-19,TPEX,2718,全心投控,48.9,49.4,48.6,49.1,32497.0
2026-08-19,TPEX,2719,燦星旅,21.0,21.0,21.0,21.0,5000.0
2026-08-19,TPEX,2724,藝舍-KY,10.65,10.65,10.3,10.55,103307.0
2026-08-19,TPEX,2726,雅茗-KY,8.45,8.6,8.4,8.5,44220.0
2026-08-19,TPEX,2729,瓦城,160.5,160.5,159.0,159.5,12178.0
2026-08-19,TPEX,2732,六角,65.4,65.4,63.5,64.4,21675.0
2026-08-19,TPEX,2734,易飛網,14.85,15.0,14.85,15.0,37746.0
2026-08-19,TPEX,2736,富野,11.35,11.45,11.3,11.4,28064.0
2026-08-19,TPEX,2740,華軒,29.7,29.7,29.7,29.7,1110.0
2026-08-19,TPEX,2743,山富,56.1,57.4,56.0,57.3,60318.0
2026-08-19,TPEX,2745,五福,87.5,88.3,87.2,87.8,45097.0
2026-08-19,TPEX,2751,王座,54.4,54.4,54.4,54.4,1025.0
2026-08-19,TPEX,2752,豆府,179.0,179.0,179.0,179.0,1175.0
2026-08-19,TPEX,2754,亞洲藏壽司,69.0,69.1,68.7,68.7,19283.0
2026-08-19,TPEX,2755,揚秦,103.0,104.0,102.5,103.5,13307.0
2026-08-19,TPEX,2756,聯發國際,59.5,62.0,59.5,61.1,54564.0
2026-08-19,TPEX,2916,滿心,40.15,40.3,40.05,40.15,32581.0
2026-08-19,TPEX,2924,宏太-KY,17.4,17.4,17.4,17.4,1000.0
2026-08-19,TPEX,2926,誠品生活,30.3,30.4,30.3,30.4,7099.0
2026-08-19,TPEX,2937,集雅社,47.55,48.2,47.55,48.2,6830.0
2026-08-19,TPEX,2941,米斯特,30.0,30.0,30.0,30.0,9051.0
2026-08-19,TPEX,2947,振宇五金,,,,,219.0
2026-08-19,TPEX,2948,寶陞,37.15,37.35,37.15,37.35,2101.0
2026-08-19,TPEX,2949,欣新網,61.0,61.0,61.0,61.0,2072.0
2026-08-19,TPEX,3064,泰偉,,,,,0.0
2026-08-19,TPEX,3066,李洲,22.9,23.2,22.55,23.0,253979.0
2026-08-19,TPEX,3067,全域,17.1,17.1,17.1,17.1,1000.0
2026-08-19,TPEX,3071,協禧,24.45,24.6,24.0,24.4,110155.0
2026-08-19,TPEX,3073,天方能源,22.9,22.9,22.55,22.65,47432.0
2026-08-19,TPEX,3078,僑威,52.5,53.7,52.5,53.1,464468.0
2026-08-19,TPEX,3081,聯亞,2750.0,2900.0,2650.0,2680.0,5486735.0
2026-08-19,TPEX,3083,網龍,23.0,23.45,23.0,23.35,55000.0
2026-08-19,TPEX,3085,新零售,11.5,11.95,11.5,11.95,5222.0
2026-08-19,TPEX,3086,華義*,26.15,27.05,26.15,26.35,128795.0
2026-08-19,TPEX,3088,艾訊,126.0,128.5,124.5,126.5,632573.0
2026-08-19,TPEX,3093,港建*,47.05,48.95,46.5,48.2,502680.0
2026-08-19,TPEX,3095,及成,36.15,36.7,35.7,36.7,7557.0
2026-08-19,TPEX,3105,穩懋,353.5,374.0,351.0,363.5,17947311.0
2026-08-19,TPEX,3114,好德,32.2,32.6,31.65,31.95,141430.0
2026-08-19,TPEX,3115,富榮綱,8.27,8.89,8.27,8.89,6003.0
2026-08-19,TPEX,3118,進階,31.65,31.7,31.65,31.65,13164.0
2026-08-19,TPEX,3122,笙泉,25.4,25.4,25.15,25.25,46483.0
2026-08-19,TPEX,3128,昇銳,22.05,22.5,21.8,21.8,195641.0
2026-08-19,TPEX,3131,弘塑,2465.0,2465.0,2340.0,2355.0,364590.0
2026-08-19,TPEX,3141,晶宏,68.2,71.2,67.8,71.1,379437.0
2026-08-19,TPEX,3147,大綜,220.0,225.0,217.5,221.5,349064.0
2026-08-19,TPEX,3152,璟德,217.5,224.5,217.5,223.0,85615.0
2026-08-19,TPEX,3158,嘉實,83.0,83.0,82.8,82.8,3003.0
2026-08-19,TPEX,3162,精確,61.9,64.4,60.1,62.2,553180.0
2026-08-19,TPEX,3163,波若威,675.0,721.0,675.0,710.0,876572.0
2026-08-19,TPEX,3169,亞信,100.5,103.5,100.0,100.0,78660.0
2026-08-19,TPEX,3171,炎洲流通,63.3,63.5,63.1,63.2,10000.0
2026-08-19,TPEX,3176,基亞,34.6,34.8,34.0,34.0,314188.0
2026-08-19,TPEX,3178,公準,58.5,58.7,57.7,58.1,30595.0
2026-08-19,TPEX,3188,鑫龍騰,24.35,24.35,23.8,23.85,187110.0
2026-08-19,TPEX,3191,雲嘉南,18.0,18.4,17.9,18.15,7026.0
2026-08-19,TPEX,3205,佰研,47.6,49.2,47.6,48.25,17111.0
2026-08-19,TPEX,3206,志豐,34.3,34.9,33.25,34.9,49870.0
2026-08-19,TPEX,3207,耀勝,41.5,42.2,39.5,39.5,229173.0
2026-08-19,TPEX,3211,順達,374.5,376.5,365.0,369.0,2999585.0
2026-08-19,TPEX,3213,茂訊,130.5,134.0,129.5,132.5,204468.0
2026-08-19,TPEX,3217,優群,134.5,136.5,133.0,136.0,338343.0
2026-08-19,TPEX,3218,大學光,132.5,136.0,132.5,136.0,150896.0
2026-08-19,TPEX,3219,倚強科,68.8,72.0,68.6,69.2,248700.0
2026-08-19,TPEX,3221,台嘉碩,45.0,48.5,45.0,47.85,1913335.0
2026-08-19,TPEX,3224,三顧,34.5,35.5,34.1,34.3,79101.0
2026-08-19,TPEX,3226,龍鋒,52.2,52.5,52.2,52.5,18019.0
2026-08-19,TPEX,3227,原相,194.0,200.0,192.5,198.0,598197.0
2026-08-19,TPEX,3228,金麗科,140.0,142.0,138.0,139.0,127179.0
2026-08-19,TPEX,3230,錦明,42.55,43.8,41.1,41.1,565223.0
2026-08-19,TPEX,3232,昱捷,19.45,19.5,19.45,19.5,6010.0
2026-08-19,TPEX,3234,光環,138.5,149.5,138.0,147.5,3425365.0
2026-08-19,TPEX,3236,千如,42.0,47.7,42.0,46.65,7080867.0
2026-08-19,TPEX,3252,海灣,15.7,16.05,15.7,15.8,34000.0
2026-08-19,TPEX,3259,鑫創,11.35,11.35,11.35,11.35,49810.0
2026-08-19,TPEX,3260,威剛,377.5,395.0,375.0,395.0,6354257.0
2026-08-19,TPEX,3264,欣銓,205.0,210.5,202.5,206.5,2994452.0
2026-08-19,TPEX,3265,台星科,171.0,187.0,167.5,180.5,5818500.0
2026-08-19,TPEX,3268,海德威,18.0,18.4,17.7,18.4,25194.0
2026-08-19,TPEX,3272,東碩,13.9,14.1,13.8,14.1,51008.0
2026-08-19,TPEX,3276,宇環,14.2,14.5,14.15,14.45,52071.0
2026-08-19,TPEX,3284,太普高,20.75,20.95,20.1,20.6,108186.0
2026-08-19,TPEX,3285,微端,36.25,36.8,36.25,36.65,42006.0
2026-08-19,TPEX,3287,廣寰科,38.3,39.25,37.55,38.0,665470.0
2026-08-19,TPEX,3288,點晶,22.85,23.5,21.2,22.25,46607.0
2026-08-19,TPEX,3289,宜特,131.5,136.0,131.5,135.0,432728.0
2026-08-19,TPEX,3290,東浦,50.6,52.0,50.3,50.9,430306.0
2026-08-19,TPEX,3293,鈊象,742.0,763.0,733.0,749.0,2246442.0
2026-08-19,TPEX,3294,英濟,30.45,30.85,30.0,30.5,208041.0
2026-08-19,TPEX,3297,杭特,27.25,27.25,26.9,26.95,19043.0
2026-08-19,TPEX,3303,岱稜,51.3,53.1,51.3,52.8,144037.0
2026-08-19,TPEX,3306,鼎天,43.9,44.45,43.9,44.2,51455.0
2026-08-19,TPEX,3310,佳穎,68.5,69.5,68.5,69.5,11010.0
2026-08-19,TPEX,3313,斐成,10.2,10.25,10.2,10.25,74519.0
2026-08-19,TPEX,3317,尼克森,66.9,69.7,65.8,66.9,931789.0
2026-08-19,TPEX,3322,建舜電,11.15,11.4,11.1,11.25,165137.0
2026-08-19,TPEX,3323,加百裕,29.5,30.3,29.2,29.55,306832.0
2026-08-19,TPEX,3324,雙鴻,962.0,1005.0,955.0,989.0,1541613.0
2026-08-19,TPEX,3325,旭品,11.1,11.4,11.1,11.3,92808.0
2026-08-19,TPEX,3332,幸康,61.0,62.0,61.0,62.0,3015.0
2026-08-19,TPEX,3339,泰谷,38.0,38.65,36.95,37.65,695761.0
2026-08-19,TPEX,3349,寶德,22.5,23.9,22.4,23.5,111258.0
2026-08-19,TPEX,3354,律勝,20.4,20.4,20.15,20.15,64724.0
2026-08-19,TPEX,3357,臺慶科,207.0,226.0,207.0,218.5,2445927.0
2026-08-19,TPEX,3360,尚立,15.4,16.0,15.3,15.7,542166.0
2026-08-19,TPEX,3362,先進光,171.0,184.5,171.0,181.5,4041176.0
2026-08-19,TPEX,3363,上詮,569.0,592.0,561.0,584.0,2076627.0
2026-08-19,TPEX,3372,典範,15.2,15.2,14.85,14.85,251388.0
2026-08-19,TPEX,3373,熱映,16.45,16.6,16.4,16.4,33499.0
2026-08-19,TPEX,3374,精材,296.0,306.5,294.0,299.0,11900457.0
2026-08-19,TPEX,3379,彬台,29.35,29.8,28.5,29.1,131746.0
2026-08-19,TPEX,3388,崇越電,98.0,99.6,91.4,93.3,8403263.0
2026-08-19,TPEX,3390,旭軟,21.3,21.7,21.25,21.5,142402.0
2026-08-19,TPEX,3402,漢科,121.5,122.5,120.0,122.0,222088.0
2026-08-19,TPEX,3430,奇鈦科,113.0,118.5,113.0,117.5,883901.0
2026-08-19,TPEX,3434,哲固,30.9,31.2,30.7,30.75,29416.0
2026-08-19,TPEX,3438,類比科,55.2,57.5,55.2,57.5,61105.0
2026-08-19,TPEX,3441,聯一光,83.6,90.3,82.2,88.5,9647530.0
2026-08-19,TPEX,3444,利機,75.0,77.9,73.8,76.2,238627.0
2026-08-19,TPEX,3455,由田,245.0,260.0,243.5,247.0,3405410.0
2026-08-19,TPEX,3465,進泰電子,29.4,29.5,29.35,29.4,21016.0
2026-08-19,TPEX,3466,德晉,24.55,24.85,24.55,24.8,37861.0
2026-08-19,TPEX,3467,台灣精材,44.7,46.05,44.0,45.95,15907.0
2026-08-19,TPEX,3479,安勤,126.5,131.5,126.0,131.0,400304.0
2026-08-19,TPEX,3483,力致,70.5,72.4,70.3,70.5,306213.0
2026-08-19,TPEX,3484,崧騰,50.4,51.9,50.2,51.6,232538.0
2026-08-19,TPEX,3485,敘豐,202.0,209.5,201.0,202.0,66341.0
2026-08-19,TPEX,3489,森寶,23.4,24.0,23.4,23.8,122442.0
2026-08-19,TPEX,3490,單井,43.7,47.95,43.05,46.8,11938829.0
2026-08-19,TPEX,3491,昇達科,1215.0,1275.0,1210.0,1225.0,874196.0
2026-08-19,TPEX,3492,長盛,19.9,20.1,19.6,20.05,128681.0
2026-08-19,TPEX,3498,陽程,170.0,190.5,169.0,190.5,3131550.0
2026-08-19,TPEX,3499,環天科,12.75,12.75,12.4,12.75,38982.0
2026-08-19,TPEX,3508,位速,22.0,22.75,20.7,22.75,1077030.0
2026-08-19,TPEX,3511,矽瑪,19.5,19.7,19.3,19.35,187215.0
2026-08-19,TPEX,3512,皇龍,19.55,19.7,19.35,19.7,30145.0
2026-08-19,TPEX,3516,亞帝歐,25.25,25.45,25.25,25.35,7125.0
2026-08-19,TPEX,3520,華盈,18.3,18.6,18.0,18.25,340223.0
2026-08-19,TPEX,3521,台鋼建設,12.2,12.3,12.1,12.1,37950.0
2026-08-19,TPEX,3522,御嵿,11.5,11.65,11.5,11.65,46085.0
2026-08-19,TPEX,3523,迎輝,15.15,15.15,14.45,15.05,7681.0
2026-08-19,TPEX,3526,凡甲,280.0,285.5,279.5,283.5,244859.0
2026-08-19,TPEX,3527,聚積,50.9,51.1,49.6,51.0,63388.0
2026-08-19,TPEX,3529,力旺,2300.0,2380.0,2230.0,2260.0,1087108.0
2026-08-19,TPEX,3531,先益,21.8,21.8,21.8,21.8,1004.0
2026-08-19,TPEX,3537,堡達,52.5,57.5,52.5,56.3,1212155.0
2026-08-19,TPEX,3540,曜越,20.25,20.5,20.05,20.15,153215.0
2026-08-19,TPEX,3541,西柏,21.8,21.8,21.65,21.75,7510.0
2026-08-19,TPEX,3546,宇峻,70.3,72.2,70.3,71.8,117211.0
2026-08-19,TPEX,3548,兆利,72.4,74.5,72.4,74.5,143910.0
2026-08-19,TPEX,3551,世禾,170.0,174.5,168.5,173.5,183383.0
2026-08-19,TPEX,3552,同致,45.1,46.5,44.7,45.75,226449.0
2026-08-19,TPEX,3555,博士旺,160.5,166.0,159.0,160.0,74863.0
2026-08-19,TPEX,3556,禾瑞亞,61.8,63.2,60.8,61.7,157367.0
2026-08-19,TPEX,3558,神準,125.0,128.0,123.5,123.5,78265.0
2026-08-19,TPEX,3564,其陽,44.6,47.25,44.6,46.1,78352.0
2026-08-19,TPEX,3567,逸昌,25.1,25.7,24.85,25.3,35176.0
2026-08-19,TPEX,3570,大塚,162.5,162.5,162.5,162.5,8594.0
2026-08-19,TPEX,3577,泓格,122.5,124.5,117.5,119.5,474237.0
2026-08-19,TPEX,3580,友威科,78.3,81.1,77.6,77.8,181170.0
2026-08-19,TPEX,3581,博磊,104.5,109.5,103.0,105.5,296010.0
2026-08-19,TPEX,3587,閎康,238.0,254.5,235.5,251.5,641395.0
2026-08-19,TPEX,3594,磐儀,49.7,52.5,49.05,50.8,580387.0
2026-08-19,TPEX,3597,映興,26.7,26.7,26.6,26.6,11024.0
2026-08-19,TPEX,3609,三一東林,24.2,24.85,24.0,24.0,120000.0
2026-08-19,TPEX,3611,鼎翰,186.5,188.0,186.5,188.0,14466.0
2026-08-19,TPEX,3615,安可,35.35,36.8,34.8,36.0,373364.0
2026-08-19,TPEX,3623,富晶通,21.15,21.65,21.15,21.55,34296.0
2026-08-19,TPEX,3624,光頡,82.5,93.0,82.5,89.7,10534474.0
2026-08-19,TPEX,3625,西勝,12.6,12.6,12.6,12.6,202012.0
2026-08-19,TPEX,3628,盈正,68.5,70.0,68.5,68.9,49443.0
2026-08-19,TPEX,3629,地心引力,14.35,14.35,13.85,13.85,5000.0
2026-08-19,TPEX,3630,新鉅科,25.4,25.5,25.1,25.15,360125.0
2026-08-19,TPEX,3631,晟楠,38.8,42.65,38.75,41.25,652384.0
2026-08-19,TPEX,3632,研勤,7.21,7.21,7.19,7.19,23095.0
2026-08-19,TPEX,3646,艾恩特,23.3,23.3,23.0,23.0,29476.0
2026-08-19,TPEX,3663,鑫科,62.0,62.5,60.7,61.0,256377.0
2026-08-19,TPEX,3664,安瑞-KY,6.07,6.07,6.0,6.0,8051.0
2026-08-19,TPEX,3666,光耀,25.0,25.0,25.0,25.0,1050.0
2026-08-19,TPEX,3672,康聯訊,12.8,12.8,12.8,12.8,18501.0
2026-08-19,TPEX,3675,德微,271.5,294.0,271.0,276.5,2046493.0
2026-08-19,TPEX,3680,家登,465.0,474.0,458.5,461.0,1064114.0
2026-08-19,TPEX,3684,榮昌,,,,,278.0
2026-08-19,TPEX,3685,元創精密,37.7,37.7,36.1,36.6,377465.0
2026-08-19,TPEX,3687,歐買尬,65.8,65.8,64.1,65.2,37789.0
2026-08-19,TPEX,3689,湧德,105.0,107.5,104.5,106.5,622553.0
2026-08-19,TPEX,3691,碩禾,100.0,102.0,99.1,101.5,281504.0
2026-08-19,TPEX,3693,營邦,509.0,522.0,502.0,508.0,636455.0
2026-08-19,TPEX,3707,漢磊,61.4,63.6,60.9,61.4,2997907.0
2026-08-19,TPEX,3709,鑫聯大投控,67.7,68.7,67.0,68.0,296391.0
2026-08-19,TPEX,3710,連展投控,5.26,5.3,5.19,5.25,96264.0
2026-08-19,TPEX,3713,新晶投控,14.9,14.9,14.75,14.8,7202.0
2026-08-19,TPEX,4102,永日,18.8,18.9,18.4,18.9,18875.0
2026-08-19,TPEX,4105,東洋,76.0,77.2,76.0,77.0,313391.0
2026-08-19,TPEX,4107,邦特,113.5,114.0,113.0,114.0,37652.0
2026-08-19,TPEX,4109,加捷生醫,11.25,11.45,11.25,11.25,115542.0
2026-08-19,TPEX,4111,濟生,29.8,30.2,29.7,30.1,217604.0
2026-08-19,TPEX,4113,聯上,14.85,14.85,14.55,14.85,385240.0
2026-08-19,TPEX,4114,健喬,29.95,30.45,29.9,30.25,1162362.0
2026-08-19,TPEX,4116,明基醫,39.15,39.25,39.15,39.2,11095.0
2026-08-19,TPEX,4120,友華,47.0,47.95,47.0,47.3,17735.0
2026-08-19,TPEX,4121,優盛,13.0,13.1,12.85,13.05,30160.0
2026-08-19,TPEX,4123,晟德,31.9,32.45,31.7,32.4,1864339.0
2026-08-19,TPEX,4126,太醫,77.7,77.7,77.3,77.5,28129.0
2026-08-19,TPEX,4127,天良,91.0,94.5,88.8,88.8,285956.0
2026-08-19,TPEX,4128,中天,15.05,15.1,14.75,15.0,925744.0
2026-08-19,TPEX,4129,聯合,86.0,87.5,85.8,87.0,198661.0
2026-08-19,TPEX,4131,浩泰,31.95,32.3,31.95,32.3,3388.0
2026-08-19,TPEX,4138,曜亞,50.9,51.0,50.8,51.0,8716.0
2026-08-19,TPEX,4139,馬光-KY,37.0,37.0,37.0,37.0,2002.0
2026-08-19,TPEX,4147,中裕,62.9,63.3,62.2,62.4,443226.0
2026-08-19,TPEX,4153,鈺緯,32.55,33.0,32.55,33.0,6010.0
2026-08-19,TPEX,4154,樂威科-KY,,,,,0.0
2026-08-19,TPEX,4157,太景*-KY,8.69,8.81,8.63,8.77,265782.0
2026-08-19,TPEX,4160,訊聯基因,39.4,39.4,39.25,39.3,6111.0
2026-08-19,TPEX,4161,聿新科,22.8,23.05,22.7,22.7,15666.0
2026-08-19,TPEX,4162,智擎,59.0,59.2,58.0,58.2,241494.0
2026-08-19,TPEX,4163,鐿鈦,143.5,146.5,143.0,145.5,44355.0
2026-08-19,TPEX,4166,友霖,23.95,24.15,23.4,24.0,160000.0
2026-08-19,TPEX,4167,松瑞藥,19.45,19.9,19.25,19.85,1040064.0
2026-08-19,TPEX,4168,醣聯,22.3,22.5,22.1,22.5,100679.0
2026-08-19,TPEX,4171,瑞基,16.8,17.15,16.5,17.15,73865.0
2026-08-19,TPEX,4173,久裕,17.3,17.35,17.25,17.35,41320.0
2026-08-19,TPEX,4174,浩鼎,25.8,25.8,25.6,25.6,122976.0
2026-08-19,TPEX,4175,杏一,50.3,50.4,50.1,50.4,8676.0
2026-08-19,TPEX,4183,福永生技,14.5,14.6,14.1,14.1,11000.0
2026-08-19,TPEX,4188,安克,10.15,10.15,9.89,10.1,13000.0
2026-08-19,TPEX,4192,杏國,,,,,547.0
2026-08-19,TPEX,4198,欣大健康,,,,,0.0
2026-08-19,TPEX,4205,中華食,69.0,69.2,69.0,69.0,37400.0
2026-08-19,TPEX,4207,環泰,20.65,20.75,20.05,20.6,214460.0
2026-08-19,TPEX,4303,信立,47.55,49.2,47.5,48.4,510377.0
2026-08-19,TPEX,4304,勝昱,21.3,21.3,21.3,21.3,47074.0
2026-08-19,TPEX,4305,世坤,43.5,43.5,43.5,43.5,1049.0
2026-08-19,TPEX,4401,東隆興,14.1,14.1,13.9,14.0,12052.0
2026-08-19,TPEX,4402,郡都開發,15.75,15.75,15.75,15.75,4123.0
2026-08-19,TPEX,4406,新昕纖,10.05,10.05,9.95,10.0,13001.0
2026-08-19,TPEX,4413,飛寶企業,19.55,20.0,19.55,19.6,21233.0
2026-08-19,TPEX,4416,三圓,12.4,12.95,12.1,12.35,3368781.0
2026-08-19,TPEX,4417,金洲,47.1,47.1,46.95,47.1,18247.0
2026-08-19,TPEX,4419,皇家美食,46.3,46.3,46.25,46.25,2805.0
2026-08-19,TPEX,4420,光明,36.0,36.75,36.0,36.25,14456.0
2026-08-19,TPEX,4430,耀億,17.5,19.3,17.35,18.95,307880.0
2026-08-19,TPEX,4432,銘旺實,15.9,15.9,15.55,15.6,42000.0
2026-08-19,TPEX,4433,興采,19.25,19.35,19.05,19.2,47961.0
2026-08-19,TPEX,4442,竣邦-KY,51.2,52.1,51.2,51.5,44005.0
2026-08-19,TPEX,4502,健信,15.65,15.7,15.65,15.7,2222.0
2026-08-19,TPEX,4503,金雨,23.9,24.65,23.85,24.25,319330.0
2026-08-19,TPEX,4506,崇友,123.0,123.5,122.0,122.0,54189.0
2026-08-19,TPEX,4510,高鋒,44.7,46.9,44.7,46.15,2313374.0
2026-08-19,TPEX,4513,福裕,16.95,17.0,16.35,16.45,618927.0
2026-08-19,TPEX,4523,永彰,24.0,24.1,23.85,24.1,42312.0
2026-08-19,TPEX,4527,方土霖,40.85,40.9,40.85,40.9,7001.0
2026-08-19,TPEX,4528,江興鍛,15.1,15.1,15.05,15.05,10280.0
2026-08-19,TPEX,4529,淳紳,3.42,3.42,3.23,3.25,35080.0
2026-08-19,TPEX,4530,宏易,26.1,26.8,26.0,26.8,26004.0
2026-08-19,TPEX,4533,協易機,26.1,26.85,25.85,25.9,798797.0
2026-08-19,TPEX,4534,慶騰,30.0,31.4,29.75,30.1,586444.0
2026-08-19,TPEX,4535,至興,28.35,28.45,28.3,28.45,3000.0
2026-08-19,TPEX,4538,大詠城,17.3,17.45,17.05,17.25,11039.0
2026-08-19,TPEX,4541,晟田,69.8,72.2,67.5,67.6,3827603.0
2026-08-19,TPEX,4542,科嶠,243.0,255.0,240.5,254.0,447185.0
2026-08-19,TPEX,4543,萬在,31.0,32.2,31.0,32.05,61511.0
2026-08-19,TPEX,4549,桓達,100.5,102.0,100.0,100.0,59457.0
2026-08-19,TPEX,4550,長佳,24.35,24.45,24.2,24.35,84000.0
2026-08-19,TPEX,4554,橙的,32.2,32.2,31.4,31.8,29413.0
2026-08-19,TPEX,4556,旭然,76.1,81.7,76.0,76.5,333258.0
2026-08-19,TPEX,4558,寶緯,17.0,17.1,16.65,16.75,32050.0
2026-08-19,TPEX,4561,健椿,48.7,50.8,47.3,47.3,1943150.0
2026-08-19,TPEX,4563,百德,39.75,40.0,39.45,39.45,81474.0
2026-08-19,TPEX,4568,科際精密,39.2,39.45,39.2,39.4,6000.0
2026-08-19,TPEX,4577,達航科技,75.8,79.2,75.5,76.4,281891.0
2026-08-19,TPEX,4580,捷流閥業,78.9,79.5,78.6,78.8,52433.0
2026-08-19,TPEX,4584,君帆,39.8,39.8,39.0,39.0,4002.0
2026-08-19,TPEX,4609,唐鋒,4.92,4.92,4.57,4.57,4001.0
2026-08-19,TPEX,4702,中美實,9.51,9.98,9.51,9.77,119927.0
2026-08-19,TPEX,4706,大恭,32.5,32.5,32.5,32.5,1010.0
2026-08-19,TPEX,4707,磐亞,32.0,33.7,31.25,31.4,3067054.0
2026-08-19,TPEX,4711,永純,16.75,16.9,16.65,16.7,30990.0
2026-08-19,TPEX,4714,永捷,10.5,10.5,10.35,10.45,444219.0
2026-08-19,TPEX,4716,大立,17.0,17.2,16.7,16.85,439934.0
2026-08-19,TPEX,4721,美琪瑪,72.6,73.8,72.5,73.1,315855.0
2026-08-19,TPEX,4726,永昕,24.05,24.3,23.95,24.3,113364.0
2026-08-19,TPEX,4728,雙美,395.5,395.5,395.5,395.5,1289.0
2026-08-19,TPEX,4729,熒茂,18.6,19.15,18.6,18.9,76865.0
2026-08-19,TPEX,4735,豪展,36.15,39.75,36.0,39.75,304668.0
2026-08-19,TPEX,4741,泓瀚,42.35,42.85,41.55,41.55,43339.0
2026-08-19,TPEX,4743,合一,47.0,47.65,46.55,47.35,1024655.0
2026-08-19,TPEX,4744,皇將,28.7,28.75,28.0,28.0,40091.0
2026-08-19,TPEX,4745,合富-KY,11.8,11.8,11.55,11.7,48386.0
2026-08-19,TPEX,4747,強生,53.1,58.3,53.0,56.5,159403.0
2026-08-19,TPEX,4749,新應材,744.0,767.0,744.0,759.0,378339.0
2026-08-19,TPEX,4754,國碳科,38.2,38.2,38.05,38.1,38004.0
2026-08-19,TPEX,4760,勤凱,246.5,257.0,240.5,250.0,555545.0
2026-08-19,TPEX,4767,誠泰科技,27.45,27.55,27.4,27.5,12000.0
2026-08-19,TPEX,4768,晶呈科技,295.0,301.0,292.5,298.0,162032.0
2026-08-19,TPEX,4772,台特化,245.0,250.5,243.5,247.5,488734.0
2026-08-19,TPEX,4806,桂田文創,8.95,8.95,8.95,8.95,1405.0
2026-08-19,TPEX,4903,聯光通,34.5,35.05,34.3,34.55,417675.0
2026-08-19,TPEX,4905,台聯電,86.1,93.8,85.8,90.2,198305.0
2026-08-19,TPEX,4907,富宇,47.5,47.5,46.7,47.05,40021.0
2026-08-19,TPEX,4908,前鼎,143.5,155.0,143.5,152.5,908943.0
2026-08-19,TPEX,4909,新復興,38.0,39.9,37.05,37.1,449611.0
2026-08-19,TPEX,4911,德英,28.5,28.5,27.5,27.75,32703.0
2026-08-19,TPEX,4923,力士,50.3,57.0,50.3,53.4,648157.0
2026-08-19,TPEX,4924,欣厚-KY,9.84,9.84,9.52,9.55,21140.0
2026-08-19,TPEX,4931,新盛力,252.0,271.5,250.0,268.0,2096690.0
2026-08-19,TPEX,4933,友輝,52.9,53.0,52.3,53.0,40371.0
2026-08-19,TPEX,4939,亞電,60.2,63.1,60.1,60.5,7968112.0
2026-08-19,TPEX,4946,辣椒,85.5,92.0,85.5,89.7,56141.0
2026-08-19,TPEX,4950,金耘國際,16.75,16.8,16.05,16.05,21551.0
2026-08-19,TPEX,4951,精拓科,76.0,77.3,75.7,76.5,246186.0
2026-08-19,TPEX,4953,緯致,120.5,123.5,120.5,123.0,179090.0
2026-08-19,TPEX,4966,譜瑞-KY,560.0,590.0,557.0,582.0,1624063.0
2026-08-19,TPEX,4971,IET-KY,524.0,574.0,520.0,528.0,4333825.0
2026-08-19,TPEX,4972,湯石照明,16.5,17.05,16.5,16.5,12132.0
2026-08-19,TPEX,4973,廣穎,145.0,151.5,144.0,150.5,935906.0
2026-08-19,TPEX,4974,亞泰,68.5,68.7,68.0,68.2,82784.0
2026-08-19,TPEX,4979,華星光,495.0,533.0,495.0,529.0,1349596.0
2026-08-19,TPEX,4991,環宇-KY,461.5,495.0,457.5,486.5,982599.0
2026-08-19,TPEX,4995,晶達,49.1,49.1,49.1,49.1,1752.0
2026-08-19,TPEX,5009,榮剛,32.8,33.3,32.55,33.2,1098489.0
2026-08-19,TPEX,5011,久陽,17.7,17.7,17.3,17.3,131483.0
2026-08-19,TPEX,5013,強新,27.4,27.4,25.5,26.3,97901.0
2026-08-19,TPEX,5014,建錩,10.1,10.15,10.0,10.1,152584.0
2026-08-19,TPEX,5015,華祺,21.6,21.6,21.0,21.55,5205.0
2026-08-19,TPEX,5016,松和,24.5,24.7,24.5,24.7,16505.0
2026-08-19,TPEX,5201,凱衛,25.95,27.2,25.15,27.2,49117.0
2026-08-19,TPEX,5202,力新,11.75,11.9,11.75,11.8,142681.0
2026-08-19,TPEX,5205,中茂,20.65,20.65,20.65,20.65,6190.0
2026-08-19,TPEX,5206,坤悅,23.0,23.0,22.75,23.0,52498.0
2026-08-19,TPEX,5209,新鼎,160.0,162.0,160.0,161.5,24415.0
2026-08-19,TPEX,5210,寶碩,29.0,29.0,28.5,28.65,78266.0
2026-08-19,TPEX,5211,蒙恬,19.1,19.35,19.1,19.2,16882.0
2026-08-19,TPEX,5212,凌網,,,,,127.0
2026-08-19,TPEX,5213,亞昕,21.1,21.1,20.8,21.1,272700.0
2026-08-19,TPEX,5220,萬達光電,19.5,20.0,19.25,20.0,16000.0
2026-08-19,TPEX,5223,安力-KY,23.65,23.95,23.6,23.6,12002.0
2026-08-19,TPEX,5227,立凱-KY,32.4,33.35,30.7,31.5,643452.0
2026-08-19,TPEX,5228,鈺鎧,41.0,44.3,41.0,42.55,337365.0
2026-08-19,TPEX,5230,雷笛克光學,17.35,17.55,17.15,17.55,78353.0
2026-08-19,TPEX,5245,智晶,,,,,51.0
2026-08-19,TPEX,5251,天鉞電,24.8,25.0,24.55,24.9,16769.0
2026-08-19,TPEX,5263,智崴,88.5,89.9,88.0,88.0,124917.0
2026-08-19,TPEX,5272,笙科,17.1,17.25,16.55,17.25,40064.0
2026-08-19,TPEX,5274,信驊,16250.0,16700.0,15585.0,15830.0,471821.0
2026-08-19,TPEX,5276,達輝-KY,19.5,19.7,19.4,19.65,13001.0
2026-08-19,TPEX,5278,尚凡*,24.15,24.35,24.0,24.3,67002.0
2026-08-19,TPEX,5287,數字,153.0,153.5,152.0,153.5,41785.0
2026-08-19,TPEX,5289,宜鼎,1400.0,1540.0,1390.0,1515.0,2236174.0
2026-08-19,TPEX,5291,邑昇,54.0,57.5,54.0,55.0,604467.0
2026-08-19,TPEX,5299,杰力,99.5,104.0,98.4,99.6,658090.0
2026-08-19,TPEX,5301,寶得利,5.51,5.51,5.5,5.5,19270.0
2026-08-19,TPEX,5302,太欣,10.6,10.6,10.3,10.3,324161.0
2026-08-19,TPEX,5309,系統電,51.2,53.1,50.9,52.7,1469472.0
2026-08-19,TPEX,5310,天剛,25.3,25.6,25.3,25.5,11645.0
2026-08-19,TPEX,5312,寶島科,90.1,91.3,89.9,90.6,65393.0
2026-08-19,TPEX,5314,世紀*,21.5,21.5,21.5,21.5,11029477.0
2026-08-19,TPEX,5315,光聯,19.0,19.1,18.9,19.05,190587.0
2026-08-19,TPEX,5321,美而快,71.5,72.0,67.5,71.0,773645.0
2026-08-19,TPEX,5324,士開,12.15,12.3,12.1,12.3,406710.0
2026-08-19,TPEX,5328,華容,60.4,65.5,60.4,63.1,12712208.0
2026-08-19,TPEX,5340,建榮,74.9,77.7,74.5,75.8,1276324.0
2026-08-19,TPEX,5344,立衛,13.55,13.65,13.55,13.65,2000.0
2026-08-19,TPEX,5345,馥鴻,21.0,21.8,20.55,21.45,17837.0
2026-08-19,TPEX,5347,世界,149.0,152.5,147.5,151.5,20960649.0
2026-08-19,TPEX,5348,正能量智能,16.95,16.95,15.7,16.75,4000.0
2026-08-19,TPEX,5351,鈺創,117.0,129.0,116.0,126.5,33997970.0
2026-08-19,TPEX,5353,台林,27.9,27.95,27.8,27.9,21000.0
2026-08-19,TPEX,5355,佳總,5.35,5.74,5.35,5.65,34012.0
2026-08-19,TPEX,5356,協益,26.05,26.05,25.65,25.95,38071.0
2026-08-19,TPEX,5364,力麗店,8.55,8.55,8.5,8.51,22498.0
2026-08-19,TPEX,5371,中光電,88.5,90.7,84.3,84.3,7932239.0
2026-08-19,TPEX,5381,光譜,24.05,24.3,23.7,23.7,280375.0
2026-08-19,TPEX,5386,青雲,224.0,239.0,223.0,230.5,884217.0
2026-08-19,TPEX,5392,能率,45.3,48.0,45.2,45.3,3312897.0
2026-08-19,TPEX,5398,慕康生醫,14.0,14.2,13.95,14.2,86020.0
2026-08-19,TPEX,5403,中菲,91.7,92.1,91.7,92.1,17485.0
2026-08-19,TPEX,5410,國眾,35.6,36.0,35.6,35.8,147196.0
2026-08-19,TPEX,5425,台半,90.2,98.5,89.4,91.8,44297157.0
2026-08-19,TPEX,5426,振發,26.8,27.35,26.6,27.2,310805.0
2026-08-19,TPEX,5432,新門,143.0,152.0,142.5,149.0,335552.0
2026-08-19,TPEX,5438,東友,16.8,16.95,16.8,16.95,58546.0
2026-08-19,TPEX,5439,高技,236.0,243.5,233.5,234.5,1383381.0
2026-08-19,TPEX,5443,均豪,105.0,107.5,103.0,104.5,950024.0
2026-08-19,TPEX,5450,南良,15.4,15.55,15.15,15.15,175756.0
2026-08-19,TPEX,5452,佶優,26.5,27.0,26.3,26.7,282903.0
2026-08-19,TPEX,5455,昇益,29.6,29.6,29.6,29.6,3000.0
2026-08-19,TPEX,5457,宣德,26.8,26.9,26.25,26.75,314510.0
2026-08-19,TPEX,5460,同協,15.7,16.1,15.7,16.0,37856.0
2026-08-19,TPEX,5464,霖宏,71.2,73.1,70.3,70.7,302411.0
2026-08-19,TPEX,5465,富驊,23.95,24.4,23.95,24.25,85146.0
2026-08-19,TPEX,5468,凱鈺,29.2,29.2,27.5,27.9,422655.0
2026-08-19,TPEX,5474,聰泰,163.0,166.0,159.5,159.5,613880.0
2026-08-19,TPEX,5475,德宏,172.5,181.0,171.0,180.0,2523432.0
2026-08-19,TPEX,5478,智冠,98.6,99.2,98.5,98.8,86393.0
2026-08-19,TPEX,5481,新華,18.95,19.85,18.5,19.35,421361.0
2026-08-19,TPEX,5483,中美晶,179.0,179.5,174.0,176.5,18277092.0
2026-08-19,TPEX,5487,通泰,29.2,29.5,28.85,29.1,75158.0
2026-08-19,TPEX,5488,松普,12.1,12.5,12.1,12.35,357802.0
2026-08-19,TPEX,5489,彩富,42.0,42.5,40.85,41.3,105110.0
2026-08-19,TPEX,5490,同亨,30.0,30.6,29.8,29.8,579367.0
2026-08-19,TPEX,5493,三聯,78.5,79.8,78.1,78.4,33451.0
2026-08-19,TPEX,5498,凱崴,48.4,50.3,48.2,49.2,1200463.0
2026-08-19,TPEX,5508,永信建,52.1,52.6,51.7,52.2,206437.0
2026-08-19,TPEX,5511,德昌,70.0,71.0,70.0,71.0,146292.0
2026-08-19,TPEX,5512,力麒,7.84,7.84,7.77,7.79,199399.0
2026-08-19,TPEX,5514,三豐,14.4,14.6,14.05,14.6,26606.0
2026-08-19,TPEX,5516,雙喜,11.6,11.9,11.55,11.7,54469.0
2026-08-19,TPEX,5520,力泰,,,,,0.0
2026-08-19,TPEX,5523,豐謙,,,,,0.0
2026-08-19,TPEX,5529,鉅陞,20.9,21.0,20.9,20.95,30091.0
2026-08-19,TPEX,5530,龍巖,49.0,50.0,49.0,49.9,313623.0
2026-08-19,TPEX,5536,聖暉*,880.0,921.0,860.0,873.0,2307204.0
2026-08-19,TPEX,5543,桓鼎-KY,25.3,25.3,24.0,24.05,4500.0
2026-08-19,TPEX,5547,久舜,19.9,19.95,19.85,19.95,8000.0
2026-08-19,TPEX,5548,安倉,20.55,20.55,20.55,20.55,4375.0
2026-08-19,TPEX,5601,台聯櫃,30.25,30.25,29.6,30.25,11010.0
2026-08-19,TPEX,5603,陸海,14.35,14.4,14.25,14.4,85473.0
2026-08-19,TPEX,5604,中連,30.8,30.8,30.6,30.6,6282.0
2026-08-19,TPEX,5609,中菲行,77.4,77.7,76.8,77.3,198006.0
2026-08-19,TPEX,5701,劍湖山,4.02,4.19,3.96,4.19,49875.0
2026-08-19,TPEX,5703,亞都,14.55,14.95,14.55,14.95,4161.0
2026-08-19,TPEX,5704,老爺知,22.0,22.5,21.9,22.4,167447.0
2026-08-19,TPEX,5864,致和證,32.95,32.95,32.35,32.7,2522984.0
2026-08-19,TPEX,5878,台名,38.6,38.6,38.6,38.6,1020.0
2026-08-19,TPEX,5902,德記,34.55,34.55,34.4,34.4,6287.0
2026-08-19,TPEX,5903,全家,184.0,186.0,184.0,185.0,21196.0
2026-08-19,TPEX,5904,寶雅*,78.3,82.5,77.6,78.0,22385359.0
2026-08-19,TPEX,5905,南仁湖,7.89,7.91,7.82,7.9,231536.0
2026-08-19,TPEX,6015,宏遠證,15.5,15.65,15.35,15.45,1011334.0
2026-08-19,TPEX,6016,康和證,19.2,19.25,19.0,19.15,1438415.0
2026-08-19,TPEX,6020,大展證,20.5,20.5,20.35,20.35,8001.0
2026-08-19,TPEX,6021,美好證,36.7,36.75,35.8,35.9,38158.0
2026-08-19,TPEX,6023,元大期,83.3,84.1,83.3,83.5,299566.0
2026-08-19,TPEX,6026,福邦證,14.4,14.55,14.4,14.5,600489.0
2026-08-19,TPEX,6028,公勝保經,98.3,99.5,98.3,99.5,20564.0
2026-08-19,TPEX,6101,寬魚國際,38.45,39.7,37.45,38.0,349200.0
2026-08-19,TPEX,6103,合邦,,,,,0.0
2026-08-19,TPEX,6104,創惟,90.4,92.7,89.3,92.5,428127.0
2026-08-19,TPEX,6109,亞元,10.8,11.1,10.75,11.1,48519.0
2026-08-19,TPEX,6111,光聚晶電,36.0,36.3,35.4,35.7,237621.0
2026-08-19,TPEX,6113,亞矽,23.0,23.55,22.95,23.15,104745.0
2026-08-19,TPEX,6114,久威,25.75,25.75,24.5,24.5,293309.0
2026-08-19,TPEX,6118,建達,15.1,15.3,15.05,15.3,105070.0
2026-08-19,TPEX,6121,新普,397.0,402.0,390.5,401.5,696073.0
2026-08-19,TPEX,6122,擎邦,48.0,48.0,46.95,47.3,169706.0
2026-08-19,TPEX,6123,上奇,42.8,43.2,42.7,42.85,13370.0
2026-08-19,TPEX,6124,業強,27.0,27.0,27.0,27.0,3529.0
2026-08-19,TPEX,6125,廣運,50.5,54.2,50.5,51.9,4624277.0
2026-08-19,TPEX,6126,信音,29.55,29.85,29.35,29.45,441050.0
2026-08-19,TPEX,6127,九豪,46.9,51.5,46.7,49.7,4158669.0
2026-08-19,TPEX,6129,普誠,13.65,13.85,13.6,13.7,188290.0
2026-08-19,TPEX,6130,上亞科技,28.05,28.45,27.75,28.4,40343.0
2026-08-19,TPEX,6134,萬旭,27.7,28.15,27.7,27.75,118545.0
2026-08-19,TPEX,6138,茂達,277.5,299.0,274.0,297.0,1183709.0
2026-08-19,TPEX,6140,訊達,16.0,16.5,16.0,16.3,64754.0
2026-08-19,TPEX,6143,振曜,89.0,89.8,88.2,89.3,266406.0
2026-08-19,TPEX,6144,得利影,13.5,13.5,13.5,13.5,1054.0
2026-08-19,TPEX,6146,耕興,194.0,196.5,193.0,195.5,282191.0
2026-08-19,TPEX,6147,頎邦,157.0,165.5,156.5,161.5,17263524.0
2026-08-19,TPEX,6148,驊宏資,27.5,27.75,27.2,27.6,73205.0
2026-08-19,TPEX,6150,撼訊,58.8,59.9,58.0,59.0,64898.0
2026-08-19,TPEX,6151,晉倫,36.95,37.05,35.8,36.0,156593.0
2026-08-19,TPEX,6154,順發,13.75,13.95,13.7,13.95,19513.0
2026-08-19,TPEX,6156,松上,20.7,21.35,20.7,21.05,366880.0
2026-08-19,TPEX,6158,禾昌,16.4,16.6,16.4,16.6,21106.0
2026-08-19,TPEX,6160,欣技,13.85,13.95,13.5,13.95,30099.0
2026-08-19,TPEX,6161,捷波,49.95,50.9,49.8,50.4,38938.0
2026-08-19,TPEX,6163,華電網,41.7,43.05,41.2,41.6,975155.0
2026-08-19,TPEX,6167,久正,10.5,10.8,10.5,10.65,176969.0
2026-08-19,TPEX,6169,昱泉,12.6,12.6,12.5,12.6,5100.0
2026-08-19,TPEX,6170,統振,47.9,47.9,47.55,47.55,150856.0
2026-08-19,TPEX,6171,大城地產,23.65,23.65,23.15,23.25,24052.0
2026-08-19,TPEX,6173,信昌電,190.0,213.5,189.5,213.5,9948745.0
2026-08-19,TPEX,6174,安碁,41.3,44.75,41.3,44.75,806098.0
2026-08-19,TPEX,6175,立敦,74.0,77.9,73.0,75.7,971593.0
2026-08-19,TPEX,6179,亞通,26.6,27.2,26.6,26.85,786735.0
2026-08-19,TPEX,6180,橘子,41.1,41.15,40.8,40.85,170771.0
2026-08-19,TPEX,6182,合晶,114.0,117.5,109.0,110.0,76371211.0
2026-08-19,TPEX,6185,幃翔,13.2,13.2,13.1,13.2,113076.0
2026-08-19,TPEX,6186,新潤,33.05,33.1,32.55,32.7,800443.0
2026-08-19,TPEX,6187,萬潤,1210.0,1355.0,1205.0,1305.0,4863908.0
2026-08-19,TPEX,6188,廣明,69.2,70.6,68.6,69.1,738714.0
2026-08-19,TPEX,6190,萬泰科,65.1,65.8,64.0,65.0,748730.0
2026-08-19,TPEX,6194,育富,29.6,29.65,29.4,29.4,55726.0
2026-08-19,TPEX,6195,詩肯,,,,,437.0
2026-08-19,TPEX,6198,瑞築,19.9,19.9,19.35,19.35,64079.0
2026-08-19,TPEX,6199,天品,95.0,99.8,95.0,95.9,1509277.0
2026-08-19,TPEX,6203,海韻電,59.8,60.4,59.8,60.3,57441.0
2026-08-19,TPEX,6204,艾華,76.8,84.8,76.8,83.5,336770.0
2026-08-19,TPEX,6207,雷科,99.3,108.0,99.3,102.0,2995323.0
2026-08-19,TPEX,6208,日揚,80.9,81.7,79.9,81.5,180671.0
2026-08-19,TPEX,6210,慶生,16.9,17.25,16.9,17.1,4530.0
2026-08-19,TPEX,6212,理銘,,,,,0.0
2026-08-19,TPEX,6217,中探針,147.5,164.5,145.0,153.0,2843653.0
2026-08-19,TPEX,6218,豪勉,37.1,39.5,37.1,38.55,1447088.0
2026-08-19,TPEX,6219,富旺,12.3,12.3,11.95,12.1,68028.0
2026-08-19,TPEX,6220,岳豐,25.2,25.65,25.05,25.55,101370.0
2026-08-19,TPEX,6221,晉泰,22.05,22.3,22.05,22.3,18997.0
2026-08-19,TPEX,6222,立軒,,,,,0.0
2026-08-19,TPEX,6223,旺矽,5000.0,5550.0,5000.0,5255.0,1144417.0
2026-08-19,TPEX,6227,茂綸,118.0,119.0,115.5,117.0,347313.0
2026-08-19,TPEX,6228,全譜,17.4,17.4,17.3,17.3,2102.0
2026-08-19,TPEX,6229,研通,24.35,24.35,23.6,23.85,50013.0
2026-08-19,TPEX,6231,系微,220.5,223.0,213.0,213.5,211239.0
2026-08-19,TPEX,6233,旺玖,20.7,21.45,20.5,21.2,112189.0
2026-08-19,TPEX,6234,高僑,35.6,36.1,35.05,35.3,200655.0
2026-08-19,TPEX,6236,中湛,,,,,18.0
2026-08-19,TPEX,6237,驊訊,32.8,33.75,32.7,33.25,111118.0
2026-08-19,TPEX,6240,松崗,20.85,20.85,20.05,20.75,35144.0
2026-08-19,TPEX,6242,立康,34.0,34.1,34.0,34.1,8000.0
2026-08-19,TPEX,6244,茂迪,24.65,25.25,24.65,25.15,1438320.0
2026-08-19,TPEX,6245,立端,81.2,84.3,80.2,83.4,585035.0
2026-08-19,TPEX,6246,臺龍,12.1,12.2,12.0,12.2,79380.0
2026-08-19,TPEX,6248,沛波,18.2,18.25,18.1,18.1,32927.0
2026-08-19,TPEX,6259,百徽,29.8,31.6,29.8,30.6,393310.0
2026-08-19,TPEX,6261,久元,76.6,78.1,75.8,76.2,383095.0
2026-08-19,TPEX,6263,普萊德,160.0,162.5,160.0,161.5,73183.0
2026-08-19,TPEX,6264,富裔,6.0,6.02,5.93,6.02,4000.0
2026-08-19,TPEX,6265,方土昶,57.5,59.4,56.5,59.2,6213300.0
2026-08-19,TPEX,6266,泰詠,24.7,25.1,24.6,25.0,108886.0
2026-08-19,TPEX,6270,倍微,29.7,30.25,29.7,29.9,122514.0
2026-08-19,TPEX,6274,台燿,1455.0,1575.0,1455.0,1500.0,5742661.0
2026-08-19,TPEX,6275,元山,44.2,46.0,44.0,45.15,872823.0
2026-08-19,TPEX,6276,安鈦克,19.7,19.7,19.0,19.0,16282.0
2026-08-19,TPEX,6279,胡連,126.0,128.0,124.0,128.0,396009.0
2026-08-19,TPEX,6284,佳邦,74.4,80.8,73.9,79.1,1516401.0
2026-08-19,TPEX,6290,良維,205.0,229.0,204.0,223.5,4618236.0
2026-08-19,TPEX,6291,沛亨,360.5,396.0,360.0,376.0,494700.0
2026-08-19,TPEX,6292,迅德,61.7,63.2,61.7,62.2,156210.0
2026-08-19,TPEX,6294,智基,28.65,28.8,28.6,28.7,36347.0
2026-08-19,TPEX,6411,晶焱,78.0,80.8,76.6,78.1,434699.0
2026-08-19,TPEX,6417,韋僑,109.0,109.0,107.0,107.0,61224.0
2026-08-19,TPEX,6418,詠昇,32.6,32.7,32.1,32.25,36539.0
2026-08-19,TPEX,6419,京晨科,161.5,167.5,159.5,161.5,432212.0
2026-08-19,TPEX,6423,億而得,75.4,79.4,75.3,78.9,42033.0
2026-08-19,TPEX,6425,易發,56.9,59.8,56.9,57.8,194093.0
2026-08-19,TPEX,6432,今展科,66.2,69.8,66.0,67.7,573161.0
2026-08-19,TPEX,6435,大中,251.0,272.0,246.5,257.0,927500.0
2026-08-19,TPEX,6441,廣錠,21.85,21.85,21.5,21.55,35652.0
2026-08-19,TPEX,6461,益得,15.8,15.9,15.8,15.9,40380.0
2026-08-19,TPEX,6462,神盾,97.5,98.3,96.0,97.0,376868.0
2026-08-19,TPEX,6465,威潤,46.8,47.05,46.0,46.1,99083.0
2026-08-19,TPEX,6469,大樹,67.9,68.0,66.8,67.9,464860.0
2026-08-19,TPEX,6470,宇智,41.05,41.6,41.0,41.55,24495.0
2026-08-19,TPEX,6474,華豫寧,39.75,40.0,39.7,39.8,128572.0
2026-08-19,TPEX,6482,弘煜科,28.6,28.6,27.85,28.5,7187.0
2026-08-19,TPEX,6485,點序,58.0,61.0,58.0,61.0,257682.0
2026-08-19,TPEX,6486,互動,73.7,74.2,73.5,74.2,64261.0
2026-08-19,TPEX,6488,環球晶,1010.0,1030.0,972.0,983.0,11169571.0
2026-08-19,TPEX,6492,生華科,37.55,38.5,37.55,37.55,136756.0
2026-08-19,TPEX,6494,九齊,54.7,56.0,53.5,55.4,229410.0
2026-08-19,TPEX,6496,科懋,24.1,25.0,23.95,25.0,20066.0
2026-08-19,TPEX,6498,久禾光,73.7,75.8,73.1,73.9,67788.0
2026-08-19,TPEX,6499,益安,61.5,62.5,60.6,61.6,104391.0
2026-08-19,TPEX,6506,雙邦,17.35,17.35,17.15,17.15,90206.0
2026-08-19,TPEX,6508,惠光,26.0,26.1,25.75,25.75,9528.0
2026-08-19,TPEX,6509,聚和,45.6,46.25,45.45,45.85,434896.0
2026-08-19,TPEX,6510,精測,2665.0,2900.0,2650.0,2660.0,415629.0
2026-08-19,TPEX,6512,啟發電,20.3,20.3,19.95,19.95,2539.0
2026-08-19,TPEX,6516,勤崴國際,58.8,58.9,57.5,58.5,57894.0
2026-08-19,TPEX,6517,保勝光學,68.3,69.5,66.6,66.6,1795341.0
2026-08-19,TPEX,6523,達爾膚,90.0,90.0,89.1,89.8,29678.0
2026-08-19,TPEX,6527,明達醫,74.7,74.9,74.6,74.7,10078.0
2026-08-19,TPEX,6530,創威,78.5,82.3,78.1,79.9,466580.0
2026-08-19,TPEX,6532,瑞耘,82.3,90.7,82.3,87.8,1052154.0
2026-08-19,TPEX,6535,順藥,83.1,83.3,80.7,81.0,377563.0
2026-08-19,TPEX,6538,倉和,186.0,197.5,185.0,191.5,2381155.0
2026-08-19,TPEX,6542,隆中,45.35,45.7,45.35,45.7,2697.0
2026-08-19,TPEX,6546,正基,61.3,63.1,61.0,62.0,139387.0
2026-08-19,TPEX,6547,高端疫苗,52.2,52.9,51.4,51.7,2833973.0
2026-08-19,TPEX,6548,長科*,70.2,74.7,69.6,71.1,2231306.0
2026-08-19,TPEX,6556,勝品,58.3,58.8,58.3,58.5,12024.0
2026-08-19,TPEX,6560,欣普羅,30.5,31.0,30.5,31.0,13171.0
2026-08-19,TPEX,6561,是方,318.5,321.0,318.5,320.0,34010.0
2026-08-19,TPEX,6568,宏觀,125.5,129.0,124.5,125.5,82518.0
2026-08-19,TPEX,6569,醫揚,92.0,93.4,91.8,92.9,81858.0
2026-08-19,TPEX,6570,維田,54.1,55.5,54.0,55.1,71041.0
2026-08-19,TPEX,6574,霈方,122.5,124.0,121.0,122.5,23713.0
2026-08-19,TPEX,6576,逸達,79.4,79.5,78.8,79.2,41286.0
2026-08-19,TPEX,6577,勁豐,80.5,80.7,79.3,80.7,37902.0
2026-08-19,TPEX,6578,達邦蛋白,17.9,18.1,17.8,18.0,12001.0
2026-08-19,TPEX,6584,南俊國際,586.0,618.0,575.0,600.0,718419.0
2026-08-19,TPEX,6588,東典光電,92.7,98.5,91.1,95.0,1922086.0
2026-08-19,TPEX,6590,普鴻,65.0,65.5,65.0,65.5,4398.0
2026-08-19,TPEX,6593,台灣銘板,32.75,32.9,32.1,32.65,27120.0
2026-08-19,TPEX,6596,寬宏藝術,95.0,95.0,93.3,93.5,198580.0
2026-08-19,TPEX,6597,立誠,67.2,73.0,67.2,73.0,63250.0
2026-08-19,TPEX,6603,富強鑫,27.1,28.05,27.0,27.1,1715088.0
2026-08-19,TPEX,6609,瀧澤科,38.6,39.1,38.5,39.0,90767.0
2026-08-19,TPEX,6612,奈米醫材,72.4,73.3,72.0,73.3,34512.0
2026-08-19,TPEX,6613,朋億*,253.0,257.5,248.5,251.0,204858.0
2026-08-19,TPEX,6615,慧智,33.7,33.7,33.65,33.65,2191.0
2026-08-19,TPEX,6616,特昇-KY,8.56,8.62,8.43,8.55,7015.0
2026-08-19,TPEX,6617,共信-KY,97.0,97.0,94.5,95.2,255613.0
2026-08-19,TPEX,6620,漢達,76.5,76.5,74.7,74.8,290861.0
2026-08-19,TPEX,6624,萬年清,42.25,42.25,42.25,42.25,1000.0
2026-08-19,TPEX,6629,泰金-KY,112.0,112.0,109.0,111.5,8012.0
2026-08-19,TPEX,6637,醫影,61.0,61.2,60.8,61.2,75678.0
2026-08-19,TPEX,6640,均華,1015.0,1055.0,966.0,966.0,299462.0
2026-08-19,TPEX,6642,富致,78.0,80.8,78.0,79.1,200980.0
2026-08-19,TPEX,6643,M31,396.5,417.0,396.5,409.5,239260.0
2026-08-19,TPEX,6649,台生材,34.75,35.8,34.75,35.1,40000.0
2026-08-19,TPEX,6651,全宇昕,135.5,142.0,134.0,138.0,206814.0
2026-08-19,TPEX,6654,天正國際,162.5,167.5,162.5,167.5,14810.0
2026-08-19,TPEX,6661,威健生技,17.25,17.25,17.0,17.0,3100.0
2026-08-19,TPEX,6662,樂斯科,,,,,725.0
2026-08-19,TPEX,6664,群翊,323.5,333.5,320.0,333.5,144991.0
2026-08-19,TPEX,6667,信紘科,220.0,224.0,217.0,224.0,83551.0
2026-08-19,TPEX,6679,鈺太,196.0,202.0,195.0,199.5,153775.0
2026-08-19,TPEX,6680,鑫創電子,51.5,51.5,51.5,51.5,3050.0
2026-08-19,TPEX,6683,雍智科技,1200.0,1275.0,1185.0,1190.0,464083.0
2026-08-19,TPEX,6684,安格,46.5,47.0,46.0,46.1,47599.0
2026-08-19,TPEX,6690,安碁資訊,162.5,163.5,162.5,162.5,12817.0
2026-08-19,TPEX,6692,進能服,24.65,25.2,24.3,24.5,36160.0
2026-08-19,TPEX,6693,廣閎科,168.0,187.5,167.0,174.0,1154095.0
2026-08-19,TPEX,6697,東捷資訊,40.2,40.6,40.2,40.6,7416.0
2026-08-19,TPEX,6703,軒郁,102.0,103.5,101.5,103.5,23876.0
2026-08-19,TPEX,6708,天擎,38.15,39.75,38.15,39.75,5086.0
2026-08-19,TPEX,6712,長聖,145.5,148.5,145.5,146.5,107895.0
2026-08-19,TPEX,6716,應廣,134.0,138.0,132.5,136.5,422178.0
2026-08-19,TPEX,6720,久昌,136.0,137.5,132.0,137.5,14499.0
2026-08-19,TPEX,6721,信實,51.4,51.4,51.4,51.4,1147.0
2026-08-19,TPEX,6725,矽科宏晟,230.0,230.0,223.0,228.0,100152.0
2026-08-19,TPEX,6727,亞泰金屬,414.0,454.0,414.0,443.5,1255052.0
2026-08-19,TPEX,6728,上洋,106.5,106.5,105.5,105.5,9392.0
2026-08-19,TPEX,6730,常廣,33.0,33.0,32.85,32.9,14001.0
2026-08-19,TPEX,6732,昇佳電子,149.0,152.0,148.0,150.5,140615.0
2026-08-19,TPEX,6733,博晟生醫,25.3,25.45,25.1,25.3,55908.0
2026-08-19,TPEX,6735,美達科技,62.2,64.1,60.9,61.2,66514.0
2026-08-19,TPEX,6739,竹陞科技,954.0,1005.0,954.0,978.0,93747.0
2026-08-19,TPEX,6741,91APP*-KY,54.3,54.6,54.2,54.2,128167.0
2026-08-19,TPEX,6751,智聯服務,41.3,41.3,41.3,41.3,3045.0
2026-08-19,TPEX,6752,叡揚,100.5,101.0,100.5,101.0,32566.0
2026-08-19,TPEX,6761,穩得,177.0,182.5,176.0,182.0,328817.0
2026-08-19,TPEX,6762,達亞,,,,,61.0
2026-08-19,TPEX,6763,綠界科技*,41.95,42.1,41.7,41.9,99780.0
2026-08-19,TPEX,6767,台微醫,25.5,25.5,25.3,25.3,3000.0
2026-08-19,TPEX,6785,昱展新藥,99.2,99.2,97.6,98.3,46340.0
2026-08-19,TPEX,6788,華景電,349.5,359.5,340.5,350.0,169928.0
2026-08-19,TPEX,6791,虎門科技,98.9,99.1,98.9,99.1,7031.0
2026-08-19,TPEX,6803,崑鼎,268.0,268.0,267.5,268.0,34660.0
2026-08-19,TPEX,6804,明係,18.55,19.15,18.55,18.95,97865.0
2026-08-19,TPEX,6811,宏碁資訊,222.0,225.5,218.5,225.5,113245.0
2026-08-19,TPEX,6821,聯寶,41.15,41.95,40.9,41.6,93571.0
2026-08-19,TPEX,6823,濾能,62.0,62.3,61.0,61.6,55368.0
2026-08-19,TPEX,6829,千附精密,216.0,222.0,213.0,213.5,718635.0
2026-08-19,TPEX,6840,東研信超,81.5,82.9,80.5,82.4,233401.0
2026-08-19,TPEX,6841,長佳智能,52.5,53.1,52.3,52.5,183276.0
2026-08-19,TPEX,6843,進典,38.85,39.1,38.85,39.1,6000.0
2026-08-19,TPEX,6844,諾貝兒,61.0,61.0,60.0,60.0,16026.0
2026-08-19,TPEX,6846,綠茵,57.9,57.9,56.6,57.4,9322.0
2026-08-19,TPEX,6855,數泓科,116.0,116.0,116.0,116.0,4053.0
2026-08-19,TPEX,6856,鑫傳,42.95,44.2,42.95,44.2,3100.0
2026-08-19,TPEX,6859,伯特光,105.5,114.5,105.5,113.5,118402.0
2026-08-19,TPEX,6865,偉康科技,,,,,0.0
2026-08-19,TPEX,6870,騰雲,248.5,265.0,248.5,261.5,30278.0
2026-08-19,TPEX,6872,浩宇生醫,15.25,15.4,15.05,15.05,10000.0
2026-08-19,TPEX,6874,倍力,77.9,78.6,77.0,78.6,21171.0
2026-08-19,TPEX,6875,國邑*,33.0,33.0,32.5,32.6,28120.0
2026-08-19,TPEX,6877,鏵友益,114.5,120.0,114.5,120.0,29032.0
2026-08-19,TPEX,6881,潤德,204.0,207.0,204.0,206.0,9583.0
2026-08-19,TPEX,6884,海柏特,30.5,30.5,30.5,30.5,5001.0
2026-08-19,TPEX,6894,衛司特,320.5,335.0,320.5,330.5,25384.0
2026-08-19,TPEX,6895,宏碩系統,126.5,126.5,120.0,120.0,34407.0
2026-08-19,TPEX,6899,創為精密,50.3,50.4,50.2,50.2,6111.0
2026-08-19,TPEX,6903,巨漢,317.5,322.5,310.5,316.5,403061.0
2026-08-19,TPEX,6904,伯鑫,,,,,0.0
2026-08-19,TPEX,6907,雅特力-KY,186.0,201.0,182.5,192.5,8889739.0
2026-08-19,TPEX,6910,德鴻,24.45,24.45,24.2,24.2,13014.0
2026-08-19,TPEX,6913,鴻呈,143.0,146.0,139.0,140.5,408845.0
2026-08-19,TPEX,6922,宸曜,195.0,208.0,189.0,200.5,427338.0
2026-08-19,TPEX,6925,意藍,49.5,51.2,49.5,50.2,16092.0
2026-08-19,TPEX,6929,佑全,22.45,22.45,21.95,22.4,10022.0
2026-08-19,TPEX,6945,圓祥生技,101.0,102.5,99.5,99.5,149498.0
2026-08-19,TPEX,6953,家碩,229.0,232.5,228.5,230.0,45120.0
2026-08-19,TPEX,6961,旅天下,51.0,51.0,50.8,50.8,9501.0
2026-08-19,TPEX,6967,汎瑋材料,71.8,75.6,71.6,75.6,118961.0
2026-08-19,TPEX,6968,萬達寵物,44.2,44.2,43.25,43.45,21425.0
2026-08-19,TPEX,6971,惠民實業,25.9,25.9,25.85,25.9,38500.0
2026-08-19,TPEX,6982,大井泵浦,48.0,48.5,48.0,48.3,7505.0
2026-08-19,TPEX,6983,華洋精機,299.0,300.0,293.0,299.5,46290.0
2026-08-19,TPEX,6986,和迅,42.95,42.95,42.35,42.9,24110.0
2026-08-19,TPEX,6996,力領科技,179.0,179.5,177.0,177.5,25868.0
2026-08-19,TPEX,6997,博弘,68.9,68.9,68.9,68.9,1000.0
2026-08-19,TPEX,7402,邑錡,111.0,114.5,107.0,109.0,547158.0
2026-08-19,TPEX,7547,碩網,51.8,53.5,51.8,53.5,3520.0
2026-08-19,TPEX,7556,意德士,257.5,257.5,243.0,243.5,41892.0
2026-08-19,TPEX,7584,樂意,27.35,27.35,27.35,27.35,1010.0
2026-08-19,TPEX,7642,昶瑞機電,75.8,78.3,75.8,78.2,10000.0
2026-08-19,TPEX,7703,銳澤,177.5,178.5,173.5,177.0,36356.0
2026-08-19,TPEX,7704,明遠精密,63.2,63.7,62.7,62.7,18060.0
2026-08-19,TPEX,7708,全家餐飲,92.2,93.0,92.1,93.0,13505.0
2026-08-19,TPEX,7709,榮田,71.3,71.3,70.1,71.0,12181.0
2026-08-19,TPEX,7712,博盛半導體,141.0,150.0,140.5,144.0,163408.0
2026-08-19,TPEX,7713,威力德生醫,71.1,71.1,71.0,71.0,2000.0
2026-08-19,TPEX,7714,創泓科技,167.0,174.0,162.0,164.5,342435.0
2026-08-19,TPEX,7715,裕山,31.0,32.1,30.9,31.65,30024.0
2026-08-19,TPEX,7716,昱臺國際,,,,,0.0
2026-08-19,TPEX,7717,萊德光電-KY,417.0,420.5,398.0,398.0,166713.0
2026-08-19,TPEX,7718,友鋮,48.0,48.2,47.6,47.85,45164.0
2026-08-19,TPEX,7723,築間,18.9,19.15,18.5,19.15,76093.0
2026-08-19,TPEX,7728,光焱科技,585.0,585.0,585.0,585.0,2021.0
2026-08-19,TPEX,7734,印能科技,2945.0,3020.0,2810.0,2905.0,212955.0
2026-08-19,TPEX,7738,東聯互動,163.5,167.0,163.5,165.0,5121.0
2026-08-19,TPEX,7743,金利食安,20.6,21.25,20.6,21.25,2035.0
2026-08-19,TPEX,7744,崴寶,495.5,513.0,477.0,484.5,195761.0
2026-08-19,TPEX,7747,昕奇雲端,113.0,114.0,113.0,114.0,5505.0
2026-08-19,TPEX,7751,竑騰,1435.0,1515.0,1420.0,1435.0,510072.0
2026-08-19,TPEX,7753,星亞,37.3,37.55,37.3,37.3,7000.0
2026-08-19,TPEX,7757,金色三麥,91.8,91.8,89.8,89.8,3375.0
2026-08-19,TPEX,7767,仁大資訊,43.8,45.2,43.8,44.7,37141.0
2026-08-19,TPEX,7770,君曜,36.8,37.95,36.8,37.95,3012.0
2026-08-19,TPEX,7772,耀穎,88.0,92.0,88.0,89.0,49051.0
2026-08-19,TPEX,7777,能率亞洲,37.7,38.95,37.45,37.55,1116501.0
2026-08-19,TPEX,7782,光速火箭,25.7,27.9,25.4,25.4,73284.0
2026-08-19,TPEX,7792,安葆,288.5,288.5,288.5,288.5,618601.0
2026-08-19,TPEX,7794,宏碁智新,28.2,28.2,27.75,28.0,19250.0
2026-08-19,TPEX,7805,威聯通,692.0,702.0,682.0,693.0,71504.0
2026-08-19,TPEX,7810,捷創科技,195.5,195.5,192.5,194.0,13155.0
2026-08-19,TPEX,7811,民盛,71.1,71.6,71.1,71.6,3021.0
2026-08-19,TPEX,7814,海昌生技,31.0,31.0,30.35,31.0,42112.0
2026-08-19,TPEX,7819,精誠金融,35.9,36.75,35.8,35.8,39300.0
2026-08-19,TPEX,7820,立盈,111.5,120.0,111.5,120.0,15276.0
2026-08-19,TPEX,7828,創新服務,1575.0,1675.0,1575.0,1615.0,196754.0
2026-08-19,TPEX,7839,達人網,44.95,45.0,44.95,45.0,12000.0
2026-08-19,TPEX,7842,天能綠電,99.9,103.0,95.2,101.0,169387.0
2026-08-19,TPEX,8024,佑華,13.0,13.3,12.95,13.3,9641.0
2026-08-19,TPEX,8027,鈦昇,166.0,176.5,165.5,169.0,1782934.0
2026-08-19,TPEX,8032,光菱,35.3,36.0,35.2,35.9,36056.0
2026-08-19,TPEX,8034,榮群,18.35,18.5,18.3,18.5,41927.0
2026-08-19,TPEX,8038,長園科,30.1,30.8,30.1,30.7,121165.0
2026-08-19,TPEX,8040,九暘,67.8,71.8,67.4,71.2,271222.0
2026-08-19,TPEX,8042,金山電,99.2,111.5,98.5,111.5,5745566.0
2026-08-19,TPEX,8043,蜜望實,132.0,149.5,132.0,143.0,6107889.0
2026-08-19,TPEX,8044,網家,25.6,25.6,25.15,25.25,280580.0
2026-08-19,TPEX,8047,星雲,48.0,49.15,46.0,49.15,22000.0
2026-08-19,TPEX,8048,德勝,51.8,51.8,50.9,51.5,62737.0
2026-08-19,TPEX,8049,晶采,24.6,24.85,24.3,24.35,154533.0
2026-08-19,TPEX,8050,廣積,56.0,56.9,55.7,56.7,1245318.0
2026-08-19,TPEX,8054,安國,78.5,80.7,78.4,79.0,555781.0
2026-08-19,TPEX,8059,凱碩,13.45,13.7,13.3,13.5,99414.0
2026-08-19,TPEX,8064,東捷,98.5,102.5,96.6,99.2,1504176.0
2026-08-19,TPEX,8066,來思達,14.5,14.65,14.5,14.65,26875.0
2026-08-19,TPEX,8067,志旭,12.75,12.8,12.35,12.7,30000.0
2026-08-19,TPEX,8068,全達,16.95,17.1,16.8,16.95,35761.0
2026-08-19,TPEX,8069,元太,153.5,161.5,153.0,161.0,8642385.0
2026-08-19,TPEX,8071,能率網通,23.55,24.6,23.2,24.1,966806.0
2026-08-19,TPEX,8074,鉅橡,53.9,55.7,53.3,55.0,297546.0
2026-08-19,TPEX,8076,伍豐,23.2,23.2,23.0,23.15,301148.0
2026-08-19,TPEX,8077,洛碁,44.9,45.05,44.9,44.9,4000.0
2026-08-19,TPEX,8080,泰霖,27.7,27.8,27.7,27.75,23042.0
2026-08-19,TPEX,8083,瑞穎,159.0,159.0,157.5,158.5,122226.0
2026-08-19,TPEX,8084,巨虹,49.3,51.0,49.3,50.4,175422.0
2026-08-19,TPEX,8085,福華,11.95,12.4,11.75,12.3,1046347.0
2026-08-19,TPEX,8086,宏捷科,112.0,119.5,111.5,115.5,4702977.0
2026-08-19,TPEX,8087,麗升能源,27.7,27.7,26.25,26.95,4010.0
2026-08-19,TPEX,8088,品安,44.6,46.0,44.6,45.2,472347.0
2026-08-19,TPEX,8089,康全電訊,17.45,17.85,17.35,17.7,94979.0
2026-08-19,TPEX,8091,翔名,212.5,223.0,212.5,220.5,306569.0
2026-08-19,TPEX,8092,建暐,12.4,12.45,12.3,12.35,16117.0
2026-08-19,TPEX,8093,保銳,23.2,24.5,22.5,22.95,71804.0
2026-08-19,TPEX,8096,擎亞,106.0,110.0,105.5,108.0,3035332.0
2026-08-19,TPEX,8097,常珵,50.1,50.5,49.3,50.4,125039.0
2026-08-19,TPEX,8099,大世科,58.9,59.4,58.1,59.1,412604.0
2026-08-19,TPEX,8102,傑霖科技,68.9,69.0,68.8,68.9,4139.0
2026-08-19,TPEX,8107,大億金茂,12.05,12.15,11.9,11.9,26041.0
2026-08-19,TPEX,8109,博大,135.5,142.0,133.5,135.5,2124245.0
2026-08-19,TPEX,8111,立碁,54.5,56.2,54.2,55.2,873011.0
2026-08-19,TPEX,8121,越峰,27.65,28.55,27.05,27.7,623693.0
2026-08-19,TPEX,8147,正淩,119.5,121.0,118.0,119.0,60384.0
2026-08-19,TPEX,8155,博智,311.0,321.0,307.0,311.0,593705.0
2026-08-19,TPEX,8171,天宇,19.25,19.45,18.65,19.4,79510.0
2026-08-19,TPEX,8176,智捷,9.95,10.1,9.93,9.96,49018.0
2026-08-19,TPEX,8182,加高,39.2,40.9,39.0,40.4,752447.0
2026-08-19,TPEX,8183,精星,29.25,29.5,28.8,28.95,315608.0
2026-08-19,TPEX,8227,巨有科技,148.0,151.0,145.0,148.0,234395.0
2026-08-19,TPEX,8234,新漢,67.7,70.8,67.0,70.6,1159605.0
2026-08-19,TPEX,8240,華宏,42.1,42.1,40.7,41.5,79878.0
2026-08-19,TPEX,8255,朋程,144.5,152.5,144.0,146.0,567448.0
2026-08-19,TPEX,8272,全景軟體,63.2,63.2,61.6,62.5,7800.0
2026-08-19,TPEX,8277,商丞,7.85,8.03,7.85,8.03,32824.0
2026-08-19,TPEX,8279,生展,85.4,85.4,83.6,84.6,38156.0
2026-08-19,TPEX,8284,三竹,66.0,66.7,66.0,66.6,22209.0
2026-08-19,TPEX,8289,泰藝,44.7,47.2,44.65,47.0,444141.0
2026-08-19,TPEX,8291,尚茂,31.6,34.5,31.6,33.25,28893.0
2026-08-19,TPEX,8299,群聯,1920.0,1970.0,1905.0,1965.0,4867602.0
2026-08-19,TPEX,8342,益張,87.0,87.4,87.0,87.4,5638.0
2026-08-19,TPEX,8349,恒耀,39.1,39.4,39.0,39.4,80806.0
2026-08-19,TPEX,8354,冠好,17.25,17.4,17.15,17.25,43503.0
2026-08-19,TPEX,8358,金居,398.0,413.5,392.0,410.5,15547200.0
2026-08-19,TPEX,8383,千附,68.3,69.9,66.8,67.2,1626314.0
2026-08-19,TPEX,8390,金益鼎,97.0,97.0,95.2,95.4,358896.0
2026-08-19,TPEX,8401,白紗科,23.0,23.0,22.8,22.85,23486.0
2026-08-19,TPEX,8403,盛弘,19.35,19.45,19.25,19.35,64218.0
2026-08-19,TPEX,8409,商之器,,,,,2.0
2026-08-19,TPEX,8410,森田,31.2,31.5,31.2,31.5,4101.0
2026-08-19,TPEX,8415,大國鋼,38.0,38.0,37.25,38.0,372679.0
2026-08-19,TPEX,8416,實威,169.5,169.5,168.5,168.5,3012.0
2026-08-19,TPEX,8421,旭源,13.2,13.3,13.1,13.15,45823.0
2026-08-19,TPEX,8423,保綠-KY,17.85,17.85,17.8,17.8,8037.0
2026-08-19,TPEX,8424,惠普,69.0,69.2,69.0,69.2,5050.0
2026-08-19,TPEX,8426,紅木-KY,20.9,21.2,20.7,21.2,6101.0
2026-08-19,TPEX,8431,匯鑽科,45.25,46.35,44.5,44.5,352335.0
2026-08-19,TPEX,8432,東生華,49.7,50.0,49.7,50.0,6200.0
2026-08-19,TPEX,8433,弘帆,54.5,54.8,54.2,54.4,15000.0
2026-08-19,TPEX,8435,鉅邁,53.5,53.6,53.2,53.5,23965.0
2026-08-19,TPEX,8436,大江,123.5,124.5,123.0,124.0,484705.0
2026-08-19,TPEX,8437,大地-KY,9.33,9.33,8.95,9.05,10227.0
2026-08-19,TPEX,8440,綠電,20.1,20.3,20.05,20.3,54713.0
2026-08-19,TPEX,8444,綠河-KY,,,,,0.0
2026-08-19,TPEX,8446,華研,85.9,86.2,84.9,85.1,50767.0
2026-08-19,TPEX,8450,霹靂,14.8,14.8,14.45,14.45,8185.0
2026-08-19,TPEX,8455,大拓-KY,22.75,23.3,22.7,23.3,6225.0
2026-08-19,TPEX,8472,夠麻吉,69.0,69.3,67.0,69.3,4229.0
2026-08-19,TPEX,8477,創業家,15.8,15.9,15.7,15.9,5000.0
2026-08-19,TPEX,8489,三貝德,22.45,22.85,22.45,22.7,26740.0
2026-08-19,TPEX,8905,裕國,33.95,34.55,33.5,34.55,7254.0
2026-08-19,TPEX,8906,花王,27.0,27.6,27.0,27.6,20000.0
2026-08-19,TPEX,8908,欣雄,39.9,39.95,39.6,39.6,22306.0
2026-08-19,TPEX,8916,光隆,40.3,40.6,40.05,40.4,62787.0
2026-08-19,TPEX,8917,欣泰,53.5,53.5,53.5,53.5,1000.0
2026-08-19,TPEX,8921,沈氏,17.4,17.4,17.4,17.4,6000.0
2026-08-19,TPEX,8923,時報,18.65,18.65,18.65,18.65,10000.0
2026-08-19,TPEX,8924,大田,50.4,50.8,50.4,50.6,38458.0
2026-08-19,TPEX,8927,北基,19.7,19.9,19.65,19.9,51016.0
2026-08-19,TPEX,8928,鉅明,22.85,23.0,22.8,22.9,14006.0
2026-08-19,TPEX,8929,富堡,13.25,13.25,13.05,13.15,17591.0
2026-08-19,TPEX,8930,青鋼,29.25,29.4,29.25,29.35,24443.0
2026-08-19,TPEX,8931,大汽電,40.95,40.95,40.6,40.6,12435.0
2026-08-19,TPEX,8932,智通*,107.0,111.5,105.0,109.0,3126861.0
2026-08-19,TPEX,8933,愛地雅,4.41,4.6,4.4,4.44,101590.0
2026-08-19,TPEX,8935,邦泰,17.75,17.75,16.7,17.4,196672.0
2026-08-19,TPEX,8936,國統,49.95,50.6,49.7,50.6,996630.0
2026-08-19,TPEX,8937,合騏*,23.4,25.55,23.2,25.55,340803.0
2026-08-19,TPEX,8938,明安,52.5,52.9,52.1,52.7,46813.0
2026-08-19,TPEX,8941,關中,44.4,44.75,44.4,44.75,25350.0
2026-08-19,TPEX,8942,森鉅,41.4,41.6,41.0,41.25,152249.0
2026-08-19,TPEX,9949,琉園,23.45,23.45,23.05,23.3,37850.0
2026-08-19,TPEX,9950,萬國通,10.2,10.2,10.15,10.2,51013.0
2026-08-19,TPEX,9951,皇田,53.0,53.9,53.0,53.9,78906.0
2026-08-19,TPEX,9960,邁達康,29.55,30.5,29.5,30.2,25210.0
2026-08-19,TPEX,9962,有益,10.2,10.25,10.1,10.15,39285.0
