date,market,stock_id,name,open,high,low,close,volume
2026-09-22,TWSE,1101,台泥,24.3,24.3,24.05,24.15,12445836.0
2026-09-22,TWSE,1102,亞泥,35.15,35.25,34.8,35.25,4908275.0
2026-09-22,TWSE,1103,嘉泥,13.25,13.25,13.05,13.15,410169.0
2026-09-22,TWSE,1104,環泥,26.8,26.8,26.6,26.6,467432.0
2026-09-22,TWSE,1108,幸福,11.15,11.2,11.05,11.15,186518.0
2026-09-22,TWSE,1109,信大,13.4,13.4,13.35,13.4,73925.0
2026-09-22,TWSE,1110,東泥,15.4,15.4,15.25,15.4,145292.0
2026-09-22,TWSE,1201,味全,11.6,11.8,11.55,11.75,3448405.0
2026-09-22,TWSE,1203,味王,45.85,45.85,43.95,43.95,17990.0
2026-09-22,TWSE,1210,大成,52.3,52.8,52.3,52.5,968217.0
2026-09-22,TWSE,1213,大飲,7.4,7.4,7.12,7.12,8213.0
2026-09-22,TWSE,1215,卜蜂,110.0,110.0,107.0,107.5,659184.0
2026-09-22,TWSE,1216,統一,75.0,75.0,74.5,74.7,3921858.0
2026-09-22,TWSE,1217,愛之味,10.0,10.0,9.97,9.99,320739.0
2026-09-22,TWSE,1218,泰山,14.7,14.7,14.45,14.5,670153.0
2026-09-22,TWSE,1219,福壽,11.5,11.6,11.45,11.6,132239.0
2026-09-22,TWSE,1220,台榮,10.9,10.9,10.75,10.8,70562.0
2026-09-22,TWSE,1225,福懋油,24.6,25.3,24.6,24.8,10847.0
2026-09-22,TWSE,1227,佳格,28.45,28.45,28.15,28.2,454332.0
2026-09-22,TWSE,1229,聯華,40.75,40.75,40.2,40.25,1651778.0
2026-09-22,TWSE,1231,聯華食,80.9,80.9,80.2,80.2,143284.0
2026-09-22,TWSE,1232,大統益,155.5,155.5,154.5,154.5,38804.0
2026-09-22,TWSE,1233,天仁,28.25,28.3,28.1,28.2,17014.0
2026-09-22,TWSE,1234,黑松,33.2,33.2,33.05,33.1,57979.0
2026-09-22,TWSE,1235,興泰,38.2,39.4,37.9,37.9,21380.0
2026-09-22,TWSE,1236,宏亞,25.7,25.8,25.4,25.55,27792.0
2026-09-22,TWSE,1256,鮮活果汁-KY,170.5,171.5,170.0,170.0,28247.0
2026-09-22,TWSE,1301,台塑,65.1,66.0,64.7,65.2,12591053.0
2026-09-22,TWSE,1303,南亞,238.5,245.0,235.0,239.5,50390368.0
2026-09-22,TWSE,1304,台聚,12.3,12.4,12.2,12.35,1356181.0
2026-09-22,TWSE,1305,華夏,11.95,12.15,11.95,12.0,625827.0
2026-09-22,TWSE,1307,三芳,30.5,30.9,30.5,30.85,292514.0
2026-09-22,TWSE,1308,亞聚,14.1,14.4,14.1,14.25,983804.0
2026-09-22,TWSE,1309,台達化,13.7,13.9,13.6,13.8,867307.0
2026-09-22,TWSE,1310,台苯,8.81,8.85,8.65,8.8,1952850.0
2026-09-22,TWSE,1312,國喬,14.75,14.75,14.55,14.6,5849788.0
2026-09-22,TWSE,1313,聯成,12.25,12.4,12.15,12.3,2440228.0
2026-09-22,TWSE,1314,中石化,9.1,9.49,9.01,9.18,87704113.0
2026-09-22,TWSE,1315,達新,68.2,68.4,67.9,68.4,62762.0
2026-09-22,TWSE,1316,上曜,10.8,10.8,10.55,10.7,1925863.0
2026-09-22,TWSE,1319,東陽,80.5,80.7,79.9,80.3,936689.0
2026-09-22,TWSE,1321,大洋,33.05,33.05,32.5,32.6,79200.0
2026-09-22,TWSE,1323,永裕,21.35,21.4,21.3,21.4,12461.0
2026-09-22,TWSE,1324,地球,9.99,10.2,9.98,9.99,24964.0
2026-09-22,TWSE,1325,恆大,25.65,25.9,25.55,25.55,126088.0
2026-09-22,TWSE,1326,台化,68.3,69.0,67.6,67.8,9958720.0
2026-09-22,TWSE,1337,再生-KY,4.44,4.49,4.43,4.43,210269.0
2026-09-22,TWSE,1338,廣華-KY,14.55,14.9,14.25,14.6,254463.0
2026-09-22,TWSE,1339,昭輝,43.65,43.65,42.2,42.8,73152.0
2026-09-22,TWSE,1340,勝悅-KY,5.2,5.24,5.17,5.21,105506.0
2026-09-22,TWSE,1341,富林-KY,59.7,60.0,59.7,60.0,3004.0
2026-09-22,TWSE,1342,八貫,101.5,102.0,100.0,100.0,97932.0
2026-09-22,TWSE,1402,遠東新,28.1,28.2,27.75,27.85,5928803.0
2026-09-22,TWSE,1409,新纖,24.7,24.7,24.35,24.45,5998706.0
2026-09-22,TWSE,1410,南染,24.2,24.6,24.2,24.45,123071.0
2026-09-22,TWSE,1413,宏洲,9.2,9.28,9.18,9.18,11069.0
2026-09-22,TWSE,1414,東和,17.35,17.35,17.0,17.25,334099.0
2026-09-22,TWSE,1416,廣豐,11.45,11.5,11.3,11.35,147334.0
2026-09-22,TWSE,1417,嘉裕,8.12,8.12,7.97,8.02,90922.0
2026-09-22,TWSE,1418,東華,17.5,17.65,17.35,17.55,68257.0
2026-09-22,TWSE,1419,新紡,66.4,66.6,66.1,66.1,16507.0
2026-09-22,TWSE,1423,利華,36.2,36.2,34.75,34.75,13652.0
2026-09-22,TWSE,1432,大魯閣,15.0,15.05,14.9,15.0,93657.0
2026-09-22,TWSE,1434,福懋,17.8,18.1,17.75,18.0,1632231.0
2026-09-22,TWSE,1435,中福,22.9,23.55,22.9,23.1,7482.0
2026-09-22,TWSE,1436,華友聯,38.65,38.65,37.35,37.4,137613.0
2026-09-22,TWSE,1437,勤益控,32.95,33.0,32.7,33.0,103911.0
2026-09-22,TWSE,1438,三地開發,22.5,22.5,21.7,21.95,29862.0
2026-09-22,TWSE,1439,雋揚,29.45,29.45,29.15,29.35,44116.0
2026-09-22,TWSE,1440,南紡,13.45,13.6,13.35,13.4,1453601.0
2026-09-22,TWSE,1442,名軒,31.7,31.8,31.4,31.6,1043362.0
2026-09-22,TWSE,1443,立益物流,23.9,23.9,23.8,23.8,2092.0
2026-09-22,TWSE,1444,力麗,6.88,6.99,6.87,6.93,572463.0
2026-09-22,TWSE,1445,大宇,10.3,10.3,10.15,10.25,12011.0
2026-09-22,TWSE,1446,宏和,13.8,13.85,13.75,13.85,192070.0
2026-09-22,TWSE,1447,力鵬,6.47,6.53,6.45,6.49,617263.0
2026-09-22,TWSE,1449,佳和,12.2,12.65,12.2,12.55,413571.0
2026-09-22,TWSE,1451,年興,17.05,17.1,17.0,17.1,106114.0
2026-09-22,TWSE,1452,宏益,10.8,11.3,10.8,10.9,63272.0
2026-09-22,TWSE,1453,大將,11.25,11.25,10.9,11.0,27505.0
2026-09-22,TWSE,1454,台富,12.55,12.55,12.4,12.45,18762.0
2026-09-22,TWSE,1455,集盛,9.95,9.95,9.76,9.77,483707.0
2026-09-22,TWSE,1456,怡華,14.25,14.6,14.15,14.5,150402.0
2026-09-22,TWSE,1457,宜進,14.45,14.55,14.3,14.5,74546.0
2026-09-22,TWSE,1459,聯發,15.85,15.85,15.65,15.75,35319.0
2026-09-22,TWSE,1460,宏遠,6.38,6.38,6.32,6.34,145789.0
2026-09-22,TWSE,1463,強盛新,17.6,17.6,17.15,17.6,86291.0
2026-09-22,TWSE,1464,得力,9.95,10.05,9.93,9.95,314906.0
2026-09-22,TWSE,1465,偉全,11.65,11.8,11.55,11.55,190789.0
2026-09-22,TWSE,1466,聚隆,14.95,15.25,14.75,15.1,341388.0
2026-09-22,TWSE,1467,南緯,8.1,8.13,8.06,8.09,48497.0
2026-09-22,TWSE,1468,昶和,13.2,13.3,13.05,13.1,39000.0
2026-09-22,TWSE,1470,大統新創,24.5,24.5,24.45,24.5,24000.0
2026-09-22,TWSE,1471,首利,9.37,9.7,9.37,9.6,309644.0
2026-09-22,TWSE,1472,三洋實業,85.9,88.4,85.9,87.3,129376.0
2026-09-22,TWSE,1473,台南,19.55,19.65,19.55,19.6,37372.0
2026-09-22,TWSE,1474,弘裕,10.05,10.1,9.98,10.05,36177.0
2026-09-22,TWSE,1475,業旺,26.3,26.3,25.9,26.1,10040.0
2026-09-22,TWSE,1476,儒鴻,284.0,285.0,279.0,279.0,1124231.0
2026-09-22,TWSE,1477,聚陽,194.5,194.5,191.0,191.5,938292.0
2026-09-22,TWSE,1503,士電,200.0,200.5,198.5,198.5,596250.0
2026-09-22,TWSE,1504,東元,69.8,69.9,69.1,69.1,4717440.0
2026-09-22,TWSE,1506,正道,9.8,9.84,9.71,9.8,159815.0
2026-09-22,TWSE,1512,瑞利,6.26,6.32,6.18,6.26,43947.0
2026-09-22,TWSE,1513,中興電,167.0,168.0,166.0,166.5,2036486.0
2026-09-22,TWSE,1514,亞力,102.0,103.5,101.0,102.5,921067.0
2026-09-22,TWSE,1515,力山,30.6,30.65,30.1,30.15,413863.0
2026-09-22,TWSE,1516,川飛,13.55,13.55,13.35,13.45,62290.0
2026-09-22,TWSE,1517,利奇,10.45,10.55,10.4,10.45,97835.0
2026-09-22,TWSE,1519,華城,726.0,726.0,717.0,718.0,463781.0
2026-09-22,TWSE,1521,大億,25.0,25.0,24.65,24.9,33204.0
2026-09-22,TWSE,1522,堤維西,26.0,26.5,25.85,26.45,204963.0
2026-09-22,TWSE,1524,耿鼎,26.05,26.4,26.0,26.4,169914.0
2026-09-22,TWSE,1525,江申,65.6,65.7,64.4,64.6,8000.0
2026-09-22,TWSE,1526,日馳,15.0,15.05,14.95,15.0,34818.0
2026-09-22,TWSE,1527,鑽全,32.2,32.5,32.1,32.45,115230.0
2026-09-22,TWSE,1528,恩德,25.55,27.05,25.35,27.05,23401861.0
2026-09-22,TWSE,1529,樂事綠能,15.4,16.35,15.2,16.35,1517201.0
2026-09-22,TWSE,1530,亞崴,27.1,27.2,26.7,26.95,36179.0
2026-09-22,TWSE,1531,高林股,11.8,11.8,11.65,11.75,50367.0
2026-09-22,TWSE,1532,勤美,22.85,22.85,22.55,22.75,211058.0
2026-09-22,TWSE,1533,車王電,30.85,30.85,30.0,30.5,78874.0
2026-09-22,TWSE,1535,中宇,45.9,45.95,45.45,45.95,34126.0
2026-09-22,TWSE,1536,和大,46.5,46.9,46.3,46.75,482448.0
2026-09-22,TWSE,1537,廣隆,116.0,116.5,115.5,116.0,62969.0
2026-09-22,TWSE,1538,正峰,8.3,8.3,8.3,8.3,3452.0
2026-09-22,TWSE,1539,巨庭,15.55,15.75,15.55,15.7,30502.0
2026-09-22,TWSE,1540,喬福,19.55,19.65,19.5,19.6,91457.0
2026-09-22,TWSE,1541,錩泰,21.15,21.2,21.0,21.0,6000.0
2026-09-22,TWSE,1558,伸興,110.5,111.0,110.0,111.0,74255.0
2026-09-22,TWSE,1560,中砂,903.0,916.0,861.0,914.0,5320084.0
2026-09-22,TWSE,1563,巧新,73.8,74.0,73.0,73.5,290153.0
2026-09-22,TWSE,1568,倉佑,30.55,31.85,30.55,31.3,352970.0
2026-09-22,TWSE,1582,信錦,70.9,71.3,70.5,71.1,193170.0
2026-09-22,TWSE,1583,程泰,47.2,47.8,46.8,47.5,26002.0
2026-09-22,TWSE,1587,吉茂,23.5,24.0,23.4,23.95,77454.0
2026-09-22,TWSE,1590,亞德客-KY,1240.0,1255.0,1225.0,1240.0,1001473.0
2026-09-22,TWSE,1597,直得,139.5,140.5,137.5,138.0,632362.0
2026-09-22,TWSE,1598,岱宇,20.15,21.05,20.15,20.85,329897.0
2026-09-22,TWSE,1603,華電,30.3,30.4,30.0,30.1,69760.0
2026-09-22,TWSE,1604,聲寶,23.55,23.6,23.5,23.55,121786.0
2026-09-22,TWSE,1605,華新,37.2,37.7,36.85,37.1,13068814.0
2026-09-22,TWSE,1608,華榮,35.8,36.0,35.7,35.85,1103345.0
2026-09-22,TWSE,1609,大亞,38.0,38.25,37.85,37.95,2694678.0
2026-09-22,TWSE,1611,中電,11.1,11.4,11.05,11.35,3186347.0
2026-09-22,TWSE,1612,宏泰,35.05,35.25,34.85,35.0,209129.0
2026-09-22,TWSE,1614,三洋電,31.05,31.55,31.05,31.2,94778.0
2026-09-22,TWSE,1615,大山,43.1,43.1,42.5,43.0,92055.0
2026-09-22,TWSE,1616,億泰,18.45,18.5,18.25,18.4,347560.0
2026-09-22,TWSE,1617,榮星,18.55,20.1,18.45,19.4,1114478.0
2026-09-22,TWSE,1618,合機,39.55,39.55,39.0,39.05,252960.0
2026-09-22,TWSE,1623,大東電,204.5,204.5,202.0,202.5,88969.0
2026-09-22,TWSE,1626,艾美特-KY,9.75,9.75,9.65,9.75,75593.0
2026-09-22,TWSE,1702,南僑,32.95,33.45,32.95,33.25,294393.0
2026-09-22,TWSE,1707,葡萄王,87.3,88.1,86.9,87.3,182970.0
2026-09-22,TWSE,1708,東鹼,51.2,51.2,50.2,50.6,1266067.0
2026-09-22,TWSE,1709,和益,39.2,43.1,39.05,43.1,27383341.0
2026-09-22,TWSE,1710,東聯,16.35,17.15,16.25,17.0,7132841.0
2026-09-22,TWSE,1711,永光,39.65,39.95,39.35,39.4,2092822.0
2026-09-22,TWSE,1712,興農,40.0,40.05,39.85,39.9,269013.0
2026-09-22,TWSE,1713,國化,41.7,41.7,41.45,41.5,295496.0
2026-09-22,TWSE,1714,和桐,15.7,16.05,15.55,15.95,6256933.0
2026-09-22,TWSE,1717,長興,72.2,72.8,71.6,71.7,3909748.0
2026-09-22,TWSE,1718,中纖,10.6,10.85,10.6,10.75,8391918.0
2026-09-22,TWSE,1720,生達,56.0,56.0,55.8,56.0,90820.0
2026-09-22,TWSE,1721,國慶科技,22.0,24.2,22.0,24.2,2190831.0
2026-09-22,TWSE,1722,台肥,42.7,42.85,42.1,42.2,2388742.0
2026-09-22,TWSE,1723,中碳,80.7,81.2,80.4,80.7,288703.0
2026-09-22,TWSE,1725,元禎,34.5,34.5,33.8,34.35,76595.0
2026-09-22,TWSE,1726,永記,76.8,77.7,76.6,76.7,24247.0
2026-09-22,TWSE,1727,中華化,107.0,109.5,100.5,103.0,7483460.0
2026-09-22,TWSE,1730,花仙子,51.3,51.3,51.3,51.3,19014.0
2026-09-22,TWSE,1731,美吾華,20.8,20.95,20.8,20.9,65272.0
2026-09-22,TWSE,1732,毛寶,26.1,26.1,25.95,26.05,46145.0
2026-09-22,TWSE,1733,五鼎,30.6,30.6,30.25,30.4,58760.0
2026-09-22,TWSE,1734,杏輝,32.1,32.1,31.5,32.0,355060.0
2026-09-22,TWSE,1735,日勝化,20.45,20.6,20.4,20.55,33666.0
2026-09-22,TWSE,1736,喬山,126.0,126.0,123.0,123.0,392367.0
2026-09-22,TWSE,1737,臺鹽,29.75,30.3,29.75,30.3,1267842.0
2026-09-22,TWSE,1752,南光,31.4,31.55,31.3,31.3,27320.0
2026-09-22,TWSE,1760,寶齡富錦,53.7,54.4,53.7,54.0,64536.0
2026-09-22,TWSE,1762,中化生,33.8,34.2,33.8,33.9,29739.0
2026-09-22,TWSE,1773,勝一,164.0,164.0,161.5,161.5,214448.0
2026-09-22,TWSE,1776,展宇,18.3,18.4,18.25,18.4,24234.0
2026-09-22,TWSE,1783,和康生,36.75,36.75,36.4,36.5,63311.0
2026-09-22,TWSE,1786,科妍,44.1,44.2,43.75,43.85,126935.0
2026-09-22,TWSE,1789,神隆,19.0,19.3,18.85,19.15,363137.0
2026-09-22,TWSE,1795,美時,180.5,180.5,178.0,178.0,389932.0
2026-09-22,TWSE,1802,台玻,59.3,60.5,58.5,60.1,19550629.0
2026-09-22,TWSE,1805,寶徠,10.15,10.25,10.15,10.25,55988.0
2026-09-22,TWSE,1806,冠軍,7.98,8.03,7.97,8.02,93870.0
2026-09-22,TWSE,1808,潤隆,36.0,36.35,35.35,35.9,1730674.0
2026-09-22,TWSE,1809,中釉,38.6,39.9,38.2,39.0,1670248.0
2026-09-22,TWSE,1810,和成,24.15,24.15,23.75,23.9,1257945.0
2026-09-22,TWSE,1817,凱撒衛,40.5,40.5,40.35,40.5,45322.0
2026-09-22,TWSE,1903,士紙,46.8,47.35,46.55,47.1,51232.0
2026-09-22,TWSE,1904,正隆,24.75,24.75,24.5,24.55,784060.0
2026-09-22,TWSE,1905,華紙,13.3,13.3,13.15,13.2,1089827.0
2026-09-22,TWSE,1906,寶隆,10.9,10.9,10.75,10.85,35750.0
2026-09-22,TWSE,1907,永豐餘,29.25,29.35,28.85,28.9,633351.0
2026-09-22,TWSE,1909,榮成,10.15,10.25,10.1,10.15,1316874.0
2026-09-22,TWSE,2002,中鋼,18.8,18.8,18.65,18.65,28536026.0
2026-09-22,TWSE,2006,東和鋼鐵,86.9,87.2,85.0,85.5,1618283.0
2026-09-22,TWSE,2007,燁興,6.99,6.99,6.83,6.91,94590.0
2026-09-22,TWSE,2008,高興昌,30.85,30.9,30.5,30.6,13780.0
2026-09-22,TWSE,2009,第一銅,39.75,39.95,39.15,39.5,955791.0
2026-09-22,TWSE,2010,春源,22.15,22.15,21.75,21.8,790708.0
2026-09-22,TWSE,2012,春雨,14.05,14.2,14.0,14.2,157819.0
2026-09-22,TWSE,2013,中鋼構,41.65,41.65,41.15,41.35,24787.0
2026-09-22,TWSE,2014,中鴻,16.65,16.7,16.55,16.55,830007.0
2026-09-22,TWSE,2015,豐興,65.2,65.2,63.8,64.7,161695.0
2026-09-22,TWSE,2017,官田鋼,8.89,8.97,8.8,8.92,233888.0
2026-09-22,TWSE,2020,美亞,21.5,21.6,21.4,21.4,253900.0
2026-09-22,TWSE,2022,聚亨,7.22,7.22,7.13,7.13,224423.0
2026-09-22,TWSE,2023,燁輝,13.7,13.7,13.6,13.6,847867.0
2026-09-22,TWSE,2024,志聯,12.85,12.95,12.85,12.95,6455.0
2026-09-22,TWSE,2025,千興,12.4,12.4,12.25,12.4,221716.0
2026-09-22,TWSE,2027,大成鋼,47.6,47.65,46.6,46.65,5906011.0
2026-09-22,TWSE,2028,威致,15.6,15.95,15.55,15.95,130980.0
2026-09-22,TWSE,2029,盛餘,20.95,21.3,20.95,21.2,428143.0
2026-09-22,TWSE,2030,彰源,24.8,24.8,23.95,24.8,3483382.0
2026-09-22,TWSE,2031,新光鋼,45.0,45.0,44.3,44.65,238936.0
2026-09-22,TWSE,2032,新鋼,17.05,17.05,16.8,17.0,153099.0
2026-09-22,TWSE,2033,佳大,33.05,35.25,32.0,33.95,4526603.0
2026-09-22,TWSE,2034,允強,21.5,21.55,21.15,21.45,950186.0
2026-09-22,TWSE,2038,海光,12.15,12.2,12.0,12.05,140962.0
2026-09-22,TWSE,2049,上銀,339.0,339.0,332.5,334.0,1300568.0
2026-09-22,TWSE,2059,川湖,13000.0,13050.0,12510.0,12800.0,542518.0
2026-09-22,TWSE,2062,橋椿,18.35,18.35,18.0,18.05,369068.0
2026-09-22,TWSE,2069,運錩,24.5,24.5,23.7,24.2,648408.0
2026-09-22,TWSE,2072,世紀風電,133.0,133.0,129.0,129.0,224196.0
2026-09-22,TWSE,2101,南港,30.7,30.7,30.5,30.5,4264129.0
2026-09-22,TWSE,2102,泰豐,17.3,17.3,17.0,17.05,1314741.0
2026-09-22,TWSE,2103,台橡,27.9,27.95,27.4,27.8,1778319.0
2026-09-22,TWSE,2104,國際中橡,10.45,10.6,10.45,10.6,1297102.0
2026-09-22,TWSE,2105,正新,30.0,30.25,29.95,30.05,2281678.0
2026-09-22,TWSE,2106,建大,16.5,16.6,16.45,16.6,7345544.0
2026-09-22,TWSE,2107,厚生,27.05,27.3,27.0,27.05,237491.0
2026-09-22,TWSE,2108,南帝,28.75,28.95,28.65,28.85,235753.0
2026-09-22,TWSE,2109,華豐,14.8,14.85,14.7,14.75,38425.0
2026-09-22,TWSE,2114,鑫永銓,89.4,89.7,89.1,89.7,29365.0
2026-09-22,TWSE,2115,六暉-KY,23.7,24.0,23.65,23.85,37710.0
2026-09-22,TWSE,2201,裕隆,29.7,29.95,29.2,29.25,4093458.0
2026-09-22,TWSE,2204,中華,52.7,53.1,52.5,52.7,398998.0
2026-09-22,TWSE,2206,三陽工業,64.1,64.1,63.3,63.8,411369.0
2026-09-22,TWSE,2207,和泰車,535.0,535.0,523.0,523.0,152604.0
2026-09-22,TWSE,2208,台船,19.2,19.3,19.0,19.2,1615611.0
2026-09-22,TWSE,2211,長榮鋼,80.8,80.8,80.2,80.4,386203.0
2026-09-22,TWSE,2227,裕日車,46.0,46.0,45.25,45.4,49190.0
2026-09-22,TWSE,2228,劍麟,74.3,75.4,73.9,74.0,401050.0
2026-09-22,TWSE,2231,為升,91.8,93.4,91.1,93.3,177980.0
2026-09-22,TWSE,2233,宇隆,162.0,163.5,160.5,160.5,219215.0
2026-09-22,TWSE,2236,百達-KY,115.0,115.0,109.0,109.0,592981.0
2026-09-22,TWSE,2237,華德動能-創,27.15,27.25,27.1,27.1,59369.0
2026-09-22,TWSE,2239,英利-KY,19.0,19.25,18.5,18.7,329073.0
2026-09-22,TWSE,2241,艾姆勒,35.05,37.35,34.5,37.35,1533116.0
2026-09-22,TWSE,2243,宏旭-KY,49.8,54.0,49.4,54.0,765164.0
2026-09-22,TWSE,2247,汎德永業,230.0,231.5,229.5,231.5,29370.0
2026-09-22,TWSE,2248,華勝-KY,61.5,61.5,60.5,60.5,3040.0
2026-09-22,TWSE,2250,IKKA-KY,56.9,57.3,56.3,56.8,28410.0
2026-09-22,TWSE,2254,巨鎧精密-創,76.8,78.8,76.8,78.8,1483546.0
2026-09-22,TWSE,2258,鴻華先進-創,31.5,31.5,31.0,31.35,254616.0
2026-09-22,TWSE,2301,光寶科,289.0,294.0,281.5,288.5,16254104.0
2026-09-22,TWSE,2302,麗正,44.85,45.15,43.7,44.15,2658334.0
2026-09-22,TWSE,2303,聯電,156.5,159.0,153.0,157.0,158568199.0
2026-09-22,TWSE,2305,全友,59.1,61.9,55.5,58.8,9399397.0
2026-09-22,TWSE,2308,台達電,1750.0,1885.0,1740.0,1875.0,19102054.0
2026-09-22,TWSE,2312,金寶,31.1,31.55,31.0,31.3,5842601.0
2026-09-22,TWSE,2313,華通,228.0,228.5,219.0,222.0,22722962.0
2026-09-22,TWSE,2314,台揚,10.65,11.5,10.65,11.5,210457.0
2026-09-22,TWSE,2316,楠梓電,156.0,158.5,155.5,156.0,839410.0
2026-09-22,TWSE,2317,鴻海,251.5,252.0,249.0,250.0,16771284.0
2026-09-22,TWSE,2321,東訊,27.6,27.6,26.0,26.0,4626.0
2026-09-22,TWSE,2323,中環,10.8,10.9,10.75,10.8,3610061.0
2026-09-22,TWSE,2324,仁寶,38.05,38.5,37.6,37.6,27563778.0
2026-09-22,TWSE,2327,國巨*,556.0,579.0,556.0,557.0,27387944.0
2026-09-22,TWSE,2328,廣宇,46.8,48.15,46.2,47.75,3335413.0
2026-09-22,TWSE,2329,華泰,44.5,44.9,44.0,44.0,3381474.0
2026-09-22,TWSE,2330,台積電,2445.0,2485.0,2445.0,2480.0,16086510.0
2026-09-22,TWSE,2331,精英,19.05,19.45,18.8,19.4,1485484.0
2026-09-22,TWSE,2332,友訊,19.5,20.6,19.5,20.55,16764492.0
2026-09-22,TWSE,2337,旺宏,123.5,124.5,119.5,120.0,26114015.0
2026-09-22,TWSE,2338,光罩,50.0,51.2,48.5,49.05,12226301.0
2026-09-22,TWSE,2340,台亞,34.4,34.7,34.0,34.5,2473700.0
2026-09-22,TWSE,2342,茂矽,41.15,41.75,40.45,41.0,2115154.0
2026-09-22,TWSE,2344,華邦電,180.0,180.0,174.0,174.0,76635914.0
2026-09-22,TWSE,2345,智邦,1840.0,1880.0,1810.0,1840.0,3499481.0
2026-09-22,TWSE,2347,聯強,90.8,91.0,89.1,89.8,4649153.0
2026-09-22,TWSE,2348,海悅,73.9,73.9,72.3,73.0,432867.0
2026-09-22,TWSE,2349,錸德,10.4,10.5,10.35,10.4,1713124.0
2026-09-22,TWSE,2351,順德,243.0,243.5,236.0,236.5,2557086.0
2026-09-22,TWSE,2352,佳世達,29.45,29.8,29.25,29.6,8883719.0
2026-09-22,TWSE,2353,宏碁,32.05,32.6,32.0,32.15,13720271.0
2026-09-22,TWSE,2354,鴻準,65.5,65.5,64.7,64.9,6500860.0
2026-09-22,TWSE,2355,敬鵬,41.05,41.5,40.95,41.3,1131618.0
2026-09-22,TWSE,2356,英業達,62.3,62.6,61.5,61.8,6876074.0
2026-09-22,TWSE,2357,華碩,973.0,973.0,943.0,946.0,2037308.0
2026-09-22,TWSE,2359,所羅門,132.0,132.5,129.5,132.0,1587213.0
2026-09-22,TWSE,2360,致茂,2515.0,2515.0,2315.0,2375.0,3796584.0
2026-09-22,TWSE,2362,藍天,48.05,48.45,48.05,48.25,279293.0
2026-09-22,TWSE,2363,矽統,54.7,59.0,54.7,59.0,14131099.0
2026-09-22,TWSE,2364,倫飛,65.1,68.2,64.5,67.5,371238.0
2026-09-22,TWSE,2365,昆盈,28.25,29.3,28.2,29.2,966559.0
2026-09-22,TWSE,2367,燿華,40.8,41.9,40.8,41.8,3540050.0
2026-09-22,TWSE,2368,金像電,1020.0,1050.0,1000.0,1045.0,7314499.0
2026-09-22,TWSE,2369,菱生,31.55,33.6,31.55,32.25,22679351.0
2026-09-22,TWSE,2371,大同,29.0,30.35,29.0,30.0,21014487.0
2026-09-22,TWSE,2373,震旦行,53.0,53.1,52.6,53.1,21013.0
2026-09-22,TWSE,2374,佳能,67.8,67.9,67.3,67.3,1469145.0
2026-09-22,TWSE,2375,凱美,120.5,123.0,118.0,118.5,2369137.0
2026-09-22,TWSE,2376,技嘉,360.0,376.0,355.0,368.0,11634817.0
2026-09-22,TWSE,2377,微星,154.0,156.5,153.0,153.0,5796230.0
2026-09-22,TWSE,2379,瑞昱,733.0,743.0,724.0,740.0,2964925.0
2026-09-22,TWSE,2380,虹光,17.0,17.1,16.5,16.5,123846.0
2026-09-22,TWSE,2382,廣達,344.0,344.5,339.0,344.5,8285050.0
2026-09-22,TWSE,2383,台光電,4900.0,4945.0,4795.0,4895.0,2394262.0
2026-09-22,TWSE,2385,群光,107.0,107.0,105.0,105.5,1252368.0
2026-09-22,TWSE,2387,精元,36.85,37.15,36.5,37.05,208476.0
2026-09-22,TWSE,2388,威盛,70.5,70.9,69.5,69.7,2376608.0
2026-09-22,TWSE,2390,云辰,10.2,10.3,10.05,10.25,339673.0
2026-09-22,TWSE,2392,正崴,42.05,44.85,41.05,44.55,5140025.0
2026-09-22,TWSE,2393,億光,64.4,64.6,63.9,64.2,747378.0
2026-09-22,TWSE,2395,研華,688.0,712.0,688.0,706.0,2085226.0
2026-09-22,TWSE,2397,友通,60.8,62.2,60.8,61.8,170106.0
2026-09-22,TWSE,2399,映泰,48.55,51.0,48.2,49.45,11211179.0
2026-09-22,TWSE,2401,凌陽,25.5,26.45,25.5,26.25,4848287.0
2026-09-22,TWSE,2402,毅嘉,54.5,54.8,53.8,54.0,758230.0
2026-09-22,TWSE,2404,漢唐,1125.0,1160.0,1090.0,1130.0,2092541.0
2026-09-22,TWSE,2405,輔信,15.15,15.3,15.05,15.2,788492.0
2026-09-22,TWSE,2406,國碩,28.35,30.4,28.05,30.4,12317610.0
2026-09-22,TWSE,2408,南亞科,525.0,528.0,513.0,516.0,34499395.0
2026-09-22,TWSE,2409,友達,31.85,33.35,31.8,33.35,822971740.0
2026-09-22,TWSE,2412,中華電,145.0,145.0,143.0,144.5,9034372.0
2026-09-22,TWSE,2413,環科,53.2,58.4,52.6,54.0,24916387.0
2026-09-22,TWSE,2414,精技,53.5,53.5,52.5,52.9,144199.0
2026-09-22,TWSE,2415,錩新,27.25,27.25,27.05,27.15,48330.0
2026-09-22,TWSE,2417,圓剛,39.2,39.6,38.9,39.3,341658.0
2026-09-22,TWSE,2419,仲琦,28.15,30.65,27.8,30.65,10193931.0
2026-09-22,TWSE,2420,新巨,53.5,53.9,53.4,53.8,96630.0
2026-09-22,TWSE,2421,建準,170.5,170.5,166.0,166.5,1442731.0
2026-09-22,TWSE,2423,固緯,73.5,74.2,73.5,74.1,35506.0
2026-09-22,TWSE,2424,隴華,7.93,8.05,7.93,8.01,15010.0
2026-09-22,TWSE,2425,承啟,37.0,38.2,36.9,38.1,884121.0
2026-09-22,TWSE,2426,鼎元,102.0,103.0,99.6,99.8,21381046.0
2026-09-22,TWSE,2427,三商電,24.4,24.55,23.8,23.8,1734660.0
2026-09-22,TWSE,2428,興勤,260.5,265.0,258.0,258.5,1000263.0
2026-09-22,TWSE,2429,銘旺科,31.15,32.05,30.8,32.05,270513.0
2026-09-22,TWSE,2430,燦坤,18.0,18.1,18.0,18.1,19291.0
2026-09-22,TWSE,2431,聯昌,10.1,10.25,10.05,10.25,96772.0
2026-09-22,TWSE,2432,倚天酷碁-創,27.35,27.45,27.35,27.45,10000.0
2026-09-22,TWSE,2433,互盛電,40.6,40.6,40.0,40.35,36103.0
2026-09-22,TWSE,2434,統懋,63.0,63.8,60.7,60.7,372420.0
2026-09-22,TWSE,2436,偉詮電,68.1,70.2,67.4,70.0,8568018.0
2026-09-22,TWSE,2438,翔耀,21.1,21.3,20.0,20.7,189467.0
2026-09-22,TWSE,2439,美律,78.8,78.9,78.2,78.6,629039.0
2026-09-22,TWSE,2440,太空梭,14.3,14.5,14.2,14.4,409475.0
2026-09-22,TWSE,2441,超豐,125.0,129.0,125.0,127.5,6951031.0
2026-09-22,TWSE,2442,新美齊,14.75,14.8,14.25,14.7,791676.0
2026-09-22,TWSE,2444,兆勁,13.6,13.85,13.6,13.85,2310416.0
2026-09-22,TWSE,2449,京元電子,298.0,310.0,296.5,301.5,56082091.0
2026-09-22,TWSE,2450,神腦,28.3,28.3,28.2,28.3,54015.0
2026-09-22,TWSE,2451,創見,284.5,288.0,282.0,286.0,1852572.0
2026-09-22,TWSE,2453,凌群,55.5,55.5,54.8,54.8,255351.0
2026-09-22,TWSE,2454,聯發科,4800.0,5035.0,4780.0,5010.0,11237165.0
2026-09-22,TWSE,2455,全新,571.0,590.0,545.0,572.0,15658626.0
2026-09-22,TWSE,2457,飛宏,22.05,22.3,22.0,22.2,946087.0
2026-09-22,TWSE,2458,義隆,132.0,132.5,130.0,130.5,883659.0
2026-09-22,TWSE,2459,敦吉,65.8,65.8,65.3,65.5,38516.0
2026-09-22,TWSE,2460,建通,29.45,30.8,29.3,30.15,198372.0
2026-09-22,TWSE,2461,光群雷,17.6,17.9,17.45,17.7,218083.0
2026-09-22,TWSE,2462,良得電,19.85,19.85,19.3,19.8,144287.0
2026-09-22,TWSE,2464,盟立,197.0,197.0,190.0,192.5,9685560.0
2026-09-22,TWSE,2465,麗臺,92.9,93.4,90.6,92.0,1415222.0
2026-09-22,TWSE,2466,冠西電,104.5,110.0,104.5,110.0,1237185.0
2026-09-22,TWSE,2467,志聖,535.0,535.0,521.0,526.0,680491.0
2026-09-22,TWSE,2468,華經,48.4,49.45,46.55,46.55,26714608.0
2026-09-22,TWSE,2471,資通,53.6,54.0,53.2,53.2,531148.0
2026-09-22,TWSE,2472,立隆電,218.0,219.5,211.5,213.0,2522957.0
2026-09-22,TWSE,2474,可成,210.5,213.0,210.5,211.0,3356077.0
2026-09-22,TWSE,2476,鉅祥,124.0,125.5,123.0,124.5,770503.0
2026-09-22,TWSE,2477,美隆電,22.45,23.4,22.4,23.1,654749.0
2026-09-22,TWSE,2478,大毅,122.0,124.0,119.5,120.0,1568307.0
2026-09-22,TWSE,2480,敦陽科,165.5,167.0,163.0,164.5,253333.0
2026-09-22,TWSE,2481,強茂,171.0,173.5,166.0,168.0,19412600.0
2026-09-22,TWSE,2482,連宇,16.1,16.1,15.95,15.95,73602.0
2026-09-22,TWSE,2483,百容,33.55,33.75,32.7,32.8,581598.0
2026-09-22,TWSE,2484,希華,71.0,71.2,70.0,70.0,2646140.0
2026-09-22,TWSE,2485,兆赫,39.85,41.2,39.3,40.9,3326911.0
2026-09-22,TWSE,2486,一詮,238.5,241.5,234.5,234.5,3235161.0
2026-09-22,TWSE,2488,漢平,48.75,48.95,48.7,48.75,47177.0
2026-09-22,TWSE,2489,瑞軒,44.5,45.5,42.55,43.0,43474007.0
2026-09-22,TWSE,2491,吉祥全,42.1,43.2,40.0,40.05,1556152.0
2026-09-22,TWSE,2492,華新科,311.5,326.0,307.5,308.5,22904042.0
2026-09-22,TWSE,2493,揚博,192.5,195.0,180.0,183.0,4252819.0
2026-09-22,TWSE,2495,普安,38.05,40.2,37.75,39.1,3372973.0
2026-09-22,TWSE,2496,卓越,55.2,55.2,54.7,54.8,11314.0
2026-09-22,TWSE,2497,怡利電,44.35,44.35,43.4,43.7,287137.0
2026-09-22,TWSE,2498,宏達電,40.0,40.4,39.8,40.1,3173733.0
2026-09-22,TWSE,2501,國建,21.8,21.8,21.6,21.7,1579142.0
2026-09-22,TWSE,2504,國產,31.35,31.35,30.8,31.1,2032047.0
2026-09-22,TWSE,2505,國揚,16.85,17.15,16.75,17.0,1809649.0
2026-09-22,TWSE,2506,太設,8.35,8.49,8.3,8.37,836729.0
2026-09-22,TWSE,2509,全坤建,14.9,15.0,14.8,14.8,46722.0
2026-09-22,TWSE,2511,太子,8.45,8.48,8.39,8.44,643657.0
2026-09-22,TWSE,2514,龍邦,11.85,11.85,11.7,11.8,68052.0
2026-09-22,TWSE,2515,中工,12.0,12.0,11.85,12.0,6256703.0
2026-09-22,TWSE,2516,新建,14.75,15.05,14.7,14.85,430730.0
2026-09-22,TWSE,2520,冠德,37.9,38.6,37.6,38.35,1214024.0
2026-09-22,TWSE,2524,京城,37.2,37.2,34.9,35.25,426485.0
2026-09-22,TWSE,2527,宏璟,46.05,47.1,45.6,46.9,628952.0
2026-09-22,TWSE,2528,皇普,20.15,20.5,19.8,20.5,719084.0
2026-09-22,TWSE,2530,華建,20.8,20.8,20.15,20.2,1005021.0
2026-09-22,TWSE,2534,宏盛,17.0,17.05,16.9,17.0,162586.0
2026-09-22,TWSE,2535,達欣工,89.6,90.5,89.2,89.8,159616.0
2026-09-22,TWSE,2536,宏普,19.45,19.6,19.4,19.5,272954.0
2026-09-22,TWSE,2537,聯上發,11.35,11.5,11.3,11.35,697392.0
2026-09-22,TWSE,2538,基泰,8.51,8.63,8.46,8.57,2182774.0
2026-09-22,TWSE,2539,櫻花建,36.0,36.0,35.1,35.25,582551.0
2026-09-22,TWSE,2540,愛山林,50.1,50.1,48.45,49.1,644798.0
2026-09-22,TWSE,2542,興富發,47.6,47.6,46.4,46.45,17948076.0
2026-09-22,TWSE,2543,皇昌,39.45,39.45,38.4,38.4,857590.0
2026-09-22,TWSE,2545,皇翔,34.75,34.9,34.45,34.45,161425.0
2026-09-22,TWSE,2546,根基,105.0,105.0,104.0,104.0,122105.0
2026-09-22,TWSE,2547,日勝生,10.15,10.15,9.96,10.0,1379302.0
2026-09-22,TWSE,2548,華固,96.5,96.5,93.7,93.7,1747614.0
2026-09-22,TWSE,2597,潤弘,171.0,172.0,170.5,171.0,124680.0
2026-09-22,TWSE,2601,益航,5.8,5.99,5.79,5.93,6717506.0
2026-09-22,TWSE,2603,長榮,241.5,243.5,236.5,242.0,6287955.0
2026-09-22,TWSE,2605,新興,36.7,38.2,36.1,37.3,12860816.0
2026-09-22,TWSE,2606,裕民,78.0,78.3,76.9,77.3,2328261.0
2026-09-22,TWSE,2607,榮運,53.3,53.6,53.0,53.6,141790.0
2026-09-22,TWSE,2608,嘉里大榮,29.1,29.15,28.6,28.85,353309.0
2026-09-22,TWSE,2609,陽明,61.0,61.4,59.8,61.1,22246087.0
2026-09-22,TWSE,2610,華航,20.25,20.35,20.1,20.25,6925883.0
2026-09-22,TWSE,2611,志信,14.45,14.5,14.35,14.5,287660.0
2026-09-22,TWSE,2612,中航,62.8,63.8,62.4,63.3,340722.0
2026-09-22,TWSE,2613,中櫃,22.1,22.45,22.0,22.3,178972.0
2026-09-22,TWSE,2614,東森,18.0,18.2,18.0,18.15,532467.0
2026-09-22,TWSE,2615,萬海,121.0,121.0,116.5,117.0,14255960.0
2026-09-22,TWSE,2616,山隆,13.3,13.35,13.3,13.3,57059.0
2026-09-22,TWSE,2617,台航,32.75,33.35,32.6,33.3,1511057.0
2026-09-22,TWSE,2618,長榮航,41.95,42.2,41.5,41.95,7627935.0
2026-09-22,TWSE,2630,亞航,47.5,47.6,47.0,47.15,577488.0
2026-09-22,TWSE,2633,台灣高鐵,25.75,25.8,25.65,25.7,3581734.0
2026-09-22,TWSE,2634,漢翔,65.3,65.3,63.6,63.7,6322309.0
2026-09-22,TWSE,2636,台驊控股,71.2,71.2,70.1,70.5,194909.0
2026-09-22,TWSE,2637,慧洋-KY,101.0,103.5,100.5,102.5,1509669.0
2026-09-22,TWSE,2642,宅配通,20.3,20.3,20.2,20.3,17695.0
2026-09-22,TWSE,2645,長榮航太,175.5,179.5,173.5,175.0,1261209.0
2026-09-22,TWSE,2646,星宇航空,20.5,20.5,20.2,20.25,2997636.0
2026-09-22,TWSE,2701,萬企,10.35,10.4,10.3,10.4,25071.0
2026-09-22,TWSE,2702,華園,12.7,12.9,12.7,12.9,21126.0
2026-09-22,TWSE,2704,國賓,46.15,46.15,45.5,45.6,29156.0
2026-09-22,TWSE,2705,六福,15.4,15.4,15.0,15.25,215671.0
2026-09-22,TWSE,2706,第一店,12.15,12.2,12.1,12.1,117955.0
2026-09-22,TWSE,2707,晶華,176.5,178.5,176.5,177.5,76629.0
2026-09-22,TWSE,2712,遠雄來,13.45,13.5,13.45,13.5,3319.0
2026-09-22,TWSE,2722,夏都,21.25,21.25,21.05,21.15,15351.0
2026-09-22,TWSE,2723,美食-KY,78.9,80.1,78.7,79.1,210731.0
2026-09-22,TWSE,2727,王品,226.0,228.0,226.0,227.0,115269.0
2026-09-22,TWSE,2731,雄獅,143.0,144.0,143.0,143.5,126468.0
2026-09-22,TWSE,2739,寒舍,37.7,37.7,36.9,37.15,41560.0
2026-09-22,TWSE,2748,雲品,39.2,39.2,38.6,38.9,21430.0
2026-09-22,TWSE,2753,八方雲集,179.5,180.0,178.5,179.5,55664.0
2026-09-22,TWSE,2762,世界健身-KY,80.0,80.4,79.8,79.9,33825.0
2026-09-22,TWSE,2801,彰銀,28.75,28.8,28.25,28.45,24240937.0
2026-09-22,TWSE,2812,台中銀,19.4,19.4,19.15,19.2,14256297.0
2026-09-22,TWSE,2816,旺旺保,40.65,40.8,40.1,40.7,218603.0
2026-09-22,TWSE,2820,華票,17.4,17.5,17.3,17.5,2947732.0
2026-09-22,TWSE,2832,台產,58.4,59.0,58.4,58.5,123376.0
2026-09-22,TWSE,2834,臺企銀,18.3,18.45,18.15,18.35,17234830.0
2026-09-22,TWSE,2836,高雄銀,12.4,12.4,12.25,12.25,1388602.0
2026-09-22,TWSE,2838,聯邦銀,21.4,21.65,21.25,21.6,1956146.0
2026-09-22,TWSE,2845,遠東銀,13.55,13.65,13.45,13.55,6499819.0
2026-09-22,TWSE,2849,安泰銀,16.05,16.2,15.9,16.2,191553.0
2026-09-22,TWSE,2850,新產,159.5,161.0,157.5,160.5,136609.0
2026-09-22,TWSE,2851,中再保,47.25,48.5,46.85,48.15,4110074.0
2026-09-22,TWSE,2852,第一保,28.3,28.3,28.0,28.25,240069.0
2026-09-22,TWSE,2855,統一證,53.4,58.0,53.1,57.3,12609766.0
2026-09-22,TWSE,2880,華南金,47.15,47.55,46.6,46.65,8530932.0
2026-09-22,TWSE,2881,富邦金,150.5,156.0,149.5,154.5,15221165.0
2026-09-22,TWSE,2882,國泰金,110.5,114.0,109.5,113.0,15970215.0
2026-09-22,TWSE,2883,凱基金,39.3,40.8,38.95,40.45,53769739.0
2026-09-22,TWSE,2884,玉山金,45.3,46.55,44.9,46.2,24243212.0
2026-09-22,TWSE,2885,元大金,69.5,70.6,69.1,70.4,12965915.0
2026-09-22,TWSE,2886,兆豐金,51.0,51.2,50.0,51.1,12052512.0
2026-09-22,TWSE,2887,台新新光金,43.7,44.45,42.7,43.8,55573672.0
2026-09-22,TWSE,2889,國票金,17.1,17.1,16.75,16.9,10664633.0
2026-09-22,TWSE,2890,永豐金,45.2,46.15,44.75,45.7,18347361.0
2026-09-22,TWSE,2891,中信金,69.5,71.0,69.0,70.4,21196337.0
2026-09-22,TWSE,2892,第一金,39.5,40.0,38.9,39.75,16248699.0
2026-09-22,TWSE,2897,王道銀行,11.1,11.35,11.05,11.25,9099521.0
2026-09-22,TWSE,2901,欣欣,23.45,23.65,23.2,23.2,21448.0
2026-09-22,TWSE,2903,遠百,22.3,22.5,22.25,22.4,1332377.0
2026-09-22,TWSE,2904,匯僑,12.55,12.85,12.55,12.65,66649.0
2026-09-22,TWSE,2905,三商,18.6,19.0,18.4,18.75,2090984.0
2026-09-22,TWSE,2906,高林,13.9,13.9,13.65,13.7,117077.0
2026-09-22,TWSE,2908,特力,22.1,22.15,22.0,22.0,219438.0
2026-09-22,TWSE,2910,統領,24.3,24.3,23.85,23.85,13000.0
2026-09-22,TWSE,2911,麗嬰房,6.35,6.35,6.2,6.2,103922.0
2026-09-22,TWSE,2912,統一超,216.0,216.0,214.5,215.0,1167249.0
2026-09-22,TWSE,2913,農林,11.0,11.15,11.0,11.05,2611881.0
2026-09-22,TWSE,2915,潤泰全,58.7,59.5,58.2,59.3,1165805.0
2026-09-22,TWSE,2923,鼎固-KY,27.1,27.1,25.65,26.25,75702.0
2026-09-22,TWSE,2929,淘帝-KY,5.72,5.85,5.72,5.79,94934.0
2026-09-22,TWSE,2939,永邑-KY,20.0,20.0,19.9,19.9,27002.0
2026-09-22,TWSE,2945,三商家購,40.0,41.0,40.0,40.7,23598.0
2026-09-22,TWSE,3002,歐格,21.1,21.35,19.55,19.8,1873547.0
2026-09-22,TWSE,3003,健和興,59.9,59.9,58.9,58.9,326968.0
2026-09-22,TWSE,3004,豐達科,118.5,119.0,117.0,117.5,209763.0
2026-09-22,TWSE,3005,神基,119.0,120.0,116.5,119.0,2988019.0
2026-09-22,TWSE,3006,晶豪科,293.0,293.0,279.0,285.0,11308937.0
2026-09-22,TWSE,3008,大立光,6465.0,6615.0,6305.0,6400.0,2092892.0
2026-09-22,TWSE,3010,華立,125.0,125.5,124.0,125.0,209715.0
2026-09-22,TWSE,3011,今皓,9.98,10.2,9.93,10.15,477661.0
2026-09-22,TWSE,3013,晟銘電,82.7,83.8,82.1,83.1,638436.0
2026-09-22,TWSE,3014,聯陽,137.0,142.0,136.0,139.5,4097724.0
2026-09-22,TWSE,3015,全漢,52.5,53.3,52.2,52.8,527460.0
2026-09-22,TWSE,3016,嘉晶,118.0,123.0,115.5,120.5,12523363.0
2026-09-22,TWSE,3017,奇鋐,3480.0,3495.0,3365.0,3415.0,1743425.0
2026-09-22,TWSE,3018,隆銘綠能,12.0,12.15,11.0,12.0,104343.0
2026-09-22,TWSE,3019,亞光,138.5,138.5,136.0,136.0,1460975.0
2026-09-22,TWSE,3021,鴻名,26.85,27.5,26.05,26.25,666998.0
2026-09-22,TWSE,3022,威強電,91.1,94.6,91.0,92.8,1972703.0
2026-09-22,TWSE,3023,信邦,326.0,329.0,320.0,320.5,413068.0
2026-09-22,TWSE,3024,憶聲,15.2,15.2,14.75,14.9,1384325.0
2026-09-22,TWSE,3025,星通,51.5,52.8,50.8,52.2,203117.0
2026-09-22,TWSE,3026,禾伸堂,800.0,825.0,780.0,791.0,8530973.0
2026-09-22,TWSE,3027,盛達,17.6,19.1,17.55,19.1,574317.0
2026-09-22,TWSE,3028,增你強,62.7,63.2,61.9,62.8,659140.0
2026-09-22,TWSE,3029,零壹,125.5,125.5,120.0,121.0,3536538.0
2026-09-22,TWSE,3030,德律,268.5,272.0,267.5,268.5,378465.0
2026-09-22,TWSE,3031,佰鴻,27.95,29.85,27.3,28.1,5912480.0
2026-09-22,TWSE,3032,偉訓,75.3,78.8,75.2,78.2,652396.0
2026-09-22,TWSE,3033,威健,41.85,42.05,41.5,41.9,1680935.0
2026-09-22,TWSE,3034,聯詠,557.0,557.0,545.0,548.0,2909033.0
2026-09-22,TWSE,3035,智原,194.5,194.5,190.0,191.0,4394281.0
2026-09-22,TWSE,3036,文曄,207.0,207.5,204.0,206.5,6446456.0
2026-09-22,TWSE,3037,欣興,999.0,1055.0,999.0,1020.0,17461527.0
2026-09-22,TWSE,3038,全台,20.35,20.35,20.2,20.2,163765.0
2026-09-22,TWSE,3040,遠見,34.5,35.5,34.4,35.5,264539.0
2026-09-22,TWSE,3041,揚智,23.2,24.0,22.75,23.75,1273844.0
2026-09-22,TWSE,3042,晶技,186.5,186.5,183.0,183.5,4002497.0
2026-09-22,TWSE,3043,科風,20.65,21.1,20.5,20.85,87028.0
2026-09-22,TWSE,3044,健鼎,518.0,526.0,511.0,524.0,1926772.0
2026-09-22,TWSE,3045,台灣大,124.0,125.0,122.5,124.5,6275213.0
2026-09-22,TWSE,3046,建碁,54.2,54.5,53.5,53.8,157182.0
2026-09-22,TWSE,3047,訊舟,13.9,15.2,13.9,15.2,4747573.0
2026-09-22,TWSE,3048,益登,51.0,51.6,50.7,51.1,735187.0
2026-09-22,TWSE,3049,精金,12.1,12.55,12.1,12.55,5174901.0
2026-09-22,TWSE,3050,鈺德,11.45,11.7,11.35,11.7,773138.0
2026-09-22,TWSE,3051,力特,22.75,23.0,22.4,23.0,572302.0
2026-09-22,TWSE,3052,夆典,10.4,10.45,10.35,10.35,190769.0
2026-09-22,TWSE,3054,立萬利,57.9,58.7,57.9,58.3,73509.0
2026-09-22,TWSE,3055,蔚華科,168.0,188.0,167.0,188.0,4218111.0
2026-09-22,TWSE,3056,富華新,14.65,14.65,14.3,14.35,809563.0
2026-09-22,TWSE,3057,喬鼎,16.2,16.55,16.15,16.55,80974.0
2026-09-22,TWSE,3058,立德,8.15,8.35,8.14,8.32,634099.0
2026-09-22,TWSE,3059,華晶科,38.3,38.3,37.95,38.15,965646.0
2026-09-22,TWSE,3060,銘異,26.95,27.45,26.7,27.1,800088.0
2026-09-22,TWSE,3062,建漢,21.25,23.15,21.1,23.15,7006632.0
2026-09-22,TWSE,3090,日電貿,165.0,170.5,164.0,164.5,3226882.0
2026-09-22,TWSE,3092,鴻碩,23.5,23.5,23.1,23.35,61255.0
2026-09-22,TWSE,3094,聯傑,54.9,56.8,54.5,56.8,6327733.0
2026-09-22,TWSE,3130,一零四,208.5,209.0,208.5,209.0,48532.0
2026-09-22,TWSE,3135,凌航,164.5,164.5,161.5,161.5,467010.0
2026-09-22,TWSE,3138,耀登,108.0,108.0,102.0,102.5,1019159.0
2026-09-22,TWSE,3149,正達,64.7,66.1,63.1,65.1,6314547.0
2026-09-22,TWSE,3150,鈺寶-創,15.25,15.8,15.25,15.35,61290.0
2026-09-22,TWSE,3164,景岳,15.85,16.25,15.8,15.8,71105.0
2026-09-22,TWSE,3167,大量,834.0,836.0,805.0,806.0,3127531.0
2026-09-22,TWSE,3168,眾福科,43.3,43.45,43.0,43.25,11102.0
2026-09-22,TWSE,3189,景碩,849.0,878.0,824.0,827.0,23391137.0
2026-09-22,TWSE,3209,全科,46.1,46.3,45.85,45.85,780862.0
2026-09-22,TWSE,3229,晟鈦,67.4,68.4,59.9,60.2,6844198.0
2026-09-22,TWSE,3231,緯創,188.5,189.5,186.0,186.5,21876489.0
2026-09-22,TWSE,3257,虹冠電,48.9,49.35,48.5,49.15,163456.0
2026-09-22,TWSE,3266,昇陽,14.05,14.05,14.0,14.0,32010.0
2026-09-22,TWSE,3296,勝德,29.2,29.25,28.35,28.5,208242.0
2026-09-22,TWSE,3305,昇貿,103.5,104.0,102.0,102.5,656403.0
2026-09-22,TWSE,3308,聯德,22.45,22.45,21.75,21.95,30287.0
2026-09-22,TWSE,3311,閎暉,38.5,38.75,36.55,37.7,942621.0
2026-09-22,TWSE,3312,弘憶股,50.5,55.5,50.4,54.7,3190062.0
2026-09-22,TWSE,3321,同泰,18.0,18.0,17.65,17.7,162029.0
2026-09-22,TWSE,3338,泰碩,68.5,68.7,67.1,67.9,303040.0
2026-09-22,TWSE,3346,麗清,22.3,24.5,22.3,24.5,4021757.0
2026-09-22,TWSE,3356,奇偶,72.9,72.9,68.0,68.6,470515.0
2026-09-22,TWSE,3376,新日興,180.0,180.5,177.0,177.0,1515070.0
2026-09-22,TWSE,3380,明泰,30.4,33.15,30.25,33.15,10726272.0
2026-09-22,TWSE,3406,玉晶光,973.0,1005.0,925.0,952.0,7311337.0
2026-09-22,TWSE,3413,京鼎,288.0,288.0,283.0,283.5,369922.0
2026-09-22,TWSE,3416,融程電,163.0,166.0,162.0,163.5,249762.0
2026-09-22,TWSE,3419,譁裕,11.4,11.45,10.75,11.05,472914.0
2026-09-22,TWSE,3432,台端,15.3,15.7,14.95,15.1,123949.0
2026-09-22,TWSE,3437,榮創,22.45,24.3,22.15,22.3,11410568.0
2026-09-22,TWSE,3443,創意,7395.0,7755.0,7030.0,7615.0,3187762.0
2026-09-22,TWSE,3447,展達,29.15,29.4,28.1,29.0,159207.0
2026-09-22,TWSE,3450,聯鈞,544.0,554.0,536.0,545.0,8662034.0
2026-09-22,TWSE,3481,群創,48.95,50.5,48.7,50.4,287816265.0
2026-09-22,TWSE,3494,誠研,7.37,7.37,7.16,7.28,65147.0
2026-09-22,TWSE,3501,維熹,38.65,38.65,38.2,38.25,76882.0
2026-09-22,TWSE,3504,揚明光,81.5,81.6,78.4,78.4,1004591.0
2026-09-22,TWSE,3515,華擎,214.0,214.5,211.0,213.0,427372.0
2026-09-22,TWSE,3518,柏騰,31.1,32.3,30.95,31.65,936907.0
2026-09-22,TWSE,3528,安馳,84.7,84.7,83.2,83.8,123094.0
2026-09-22,TWSE,3530,晶相光,58.9,60.5,58.4,59.2,131740.0
2026-09-22,TWSE,3532,台勝科,450.5,452.0,432.5,440.0,3944057.0
2026-09-22,TWSE,3533,嘉澤,1600.0,1615.0,1570.0,1590.0,836492.0
2026-09-22,TWSE,3535,晶彩科,88.8,90.9,88.0,89.3,738199.0
2026-09-22,TWSE,3543,州巧,44.8,46.1,44.3,45.05,963062.0
2026-09-22,TWSE,3545,敦泰,52.4,53.4,51.5,51.7,524311.0
2026-09-22,TWSE,3550,聯穎,23.7,24.6,23.65,24.5,2356646.0
2026-09-22,TWSE,3557,嘉威,23.0,23.0,22.9,23.0,30401.0
2026-09-22,TWSE,3563,牧德,677.0,677.0,660.0,660.0,257104.0
2026-09-22,TWSE,3576,聯合再生,17.5,18.5,17.15,17.7,26492615.0
2026-09-22,TWSE,3583,辛耘,710.0,710.0,696.0,702.0,377871.0
2026-09-22,TWSE,3588,通嘉,53.0,53.3,52.7,53.1,112533.0
2026-09-22,TWSE,3591,艾笛森,27.65,27.7,25.2,25.85,12519988.0
2026-09-22,TWSE,3592,瑞鼎,224.0,225.5,222.5,225.5,145266.0
2026-09-22,TWSE,3593,力銘,9.48,9.49,9.07,9.07,30807.0
2026-09-22,TWSE,3596,智易,155.5,157.0,153.0,155.0,680316.0
2026-09-22,TWSE,3605,宏致,154.0,169.0,151.0,169.0,50842491.0
2026-09-22,TWSE,3607,谷崧,13.75,13.85,13.7,13.8,85905.0
2026-09-22,TWSE,3617,碩天,249.0,249.0,244.0,249.0,172076.0
2026-09-22,TWSE,3622,洋華,45.45,46.5,45.45,45.85,138079.0
2026-09-22,TWSE,3645,達邁,68.7,72.3,68.5,70.5,2048379.0
2026-09-22,TWSE,3652,精聯,33.8,35.0,33.8,34.9,180851.0
2026-09-22,TWSE,3653,健策,5765.0,5890.0,5700.0,5790.0,972711.0
2026-09-22,TWSE,3661,世芯-KY,3700.0,3700.0,3580.0,3665.0,1760586.0
2026-09-22,TWSE,3665,貿聯-KY,2225.0,2320.0,2190.0,2300.0,4506398.0
2026-09-22,TWSE,3669,圓展,33.05,33.05,32.65,32.65,43738.0
2026-09-22,TWSE,3673,TPK-KY,64.9,66.8,64.3,65.7,4757379.0
2026-09-22,TWSE,3679,新至陞,109.0,109.0,107.5,108.5,48915.0
2026-09-22,TWSE,3686,達能,14.75,15.7,14.7,15.7,522248.0
2026-09-22,TWSE,3694,海華,51.0,51.6,50.7,51.1,715958.0
2026-09-22,TWSE,3701,大眾控,41.5,44.6,41.1,42.7,2006658.0
2026-09-22,TWSE,3702,大聯大,115.0,115.5,111.5,114.0,7318381.0
2026-09-22,TWSE,3703,欣陸,20.0,20.0,19.65,19.8,797510.0
2026-09-22,TWSE,3704,合勤控,41.3,42.35,40.55,42.15,3288841.0
2026-09-22,TWSE,3705,永信,56.9,56.9,56.1,56.6,170180.0
2026-09-22,TWSE,3706,神達,80.5,80.5,79.5,79.8,4521331.0
2026-09-22,TWSE,3708,上緯投控,97.8,101.0,96.9,99.7,518273.0
2026-09-22,TWSE,3711,日月光投控,655.0,674.0,655.0,663.0,17093063.0
2026-09-22,TWSE,3712,永崴投控,20.65,21.2,20.5,21.05,939277.0
2026-09-22,TWSE,3714,富采,68.9,70.8,67.1,68.8,26800907.0
2026-09-22,TWSE,3715,定穎投控,119.5,122.0,118.5,118.5,2328106.0
2026-09-22,TWSE,3716,中化控股,33.7,34.2,33.7,34.15,197705.0
2026-09-22,TWSE,3717,聯嘉投控,26.0,27.6,24.8,24.9,20510332.0
2026-09-22,TWSE,4104,佳醫,72.5,72.5,72.0,72.2,124068.0
2026-09-22,TWSE,4106,雃博,24.35,24.55,24.35,24.55,36471.0
2026-09-22,TWSE,4108,懷特,11.45,11.5,11.2,11.3,131618.0
2026-09-22,TWSE,4119,旭富,58.1,58.4,57.3,57.3,106674.0
2026-09-22,TWSE,4133,亞諾法,20.6,20.6,20.35,20.55,36678.0
2026-09-22,TWSE,4137,麗豐-KY,78.8,78.8,77.5,77.7,148126.0
2026-09-22,TWSE,4142,國光生,17.75,17.8,17.55,17.7,359673.0
2026-09-22,TWSE,4148,全宇生技-KY,33.3,33.35,32.3,32.75,38503.0
2026-09-22,TWSE,4155,訊映,15.15,15.2,14.9,14.9,153830.0
2026-09-22,TWSE,4164,承業醫,26.05,26.4,25.95,26.25,297247.0
2026-09-22,TWSE,4169,泰宗,158.0,158.0,152.0,152.0,95466.0
2026-09-22,TWSE,4178,永笙-KY,17.0,17.0,16.8,16.8,63660.0
2026-09-22,TWSE,4190,佐登-KY,25.2,25.3,24.7,25.2,15235.0
2026-09-22,TWSE,4195,基米-創,13.2,13.2,13.0,13.0,55015.0
2026-09-22,TWSE,4306,炎洲,14.7,14.75,14.6,14.65,463855.0
2026-09-22,TWSE,4414,如興,8.4,8.4,8.18,8.25,113454.0
2026-09-22,TWSE,4426,利勤,7.6,7.67,7.59,7.59,33862.0
2026-09-22,TWSE,4438,廣越,56.5,56.9,56.3,56.3,27217.0
2026-09-22,TWSE,4439,冠星-KY,93.4,95.3,93.4,95.3,19518.0
2026-09-22,TWSE,4440,宜新實業,17.55,17.55,17.5,17.55,25188.0
2026-09-22,TWSE,4441,振大環球,171.5,173.5,171.0,171.5,45513.0
2026-09-22,TWSE,4526,東台,31.55,33.05,31.25,32.6,2738281.0
2026-09-22,TWSE,4532,瑞智,25.0,25.6,24.8,25.15,2051271.0
2026-09-22,TWSE,4536,拓凱,166.0,167.0,164.0,166.0,254891.0
2026-09-22,TWSE,4540,全球傳動,59.6,61.9,58.7,60.4,3708988.0
2026-09-22,TWSE,4545,銘鈺,33.5,34.15,33.5,34.0,109627.0
2026-09-22,TWSE,4551,智伸科,161.0,161.0,157.0,158.0,288575.0
2026-09-22,TWSE,4552,力達-KY,16.0,16.15,15.95,15.95,155130.0
2026-09-22,TWSE,4555,氣立,42.85,43.4,42.8,43.3,56675.0
2026-09-22,TWSE,4557,永新-KY,49.0,49.9,49.0,49.65,50076.0
2026-09-22,TWSE,4560,強信-KY,28.95,29.05,28.7,29.0,167001.0
2026-09-22,TWSE,4562,穎漢,30.1,31.35,29.95,31.35,209540.0
2026-09-22,TWSE,4564,元翎,15.7,16.0,15.65,16.0,704107.0
2026-09-22,TWSE,4566,時碩工業,64.6,65.9,64.2,65.9,698873.0
2026-09-22,TWSE,4569,六方科-KY,157.0,157.0,153.0,154.5,60297.0
2026-09-22,TWSE,4571,鈞興-KY,152.5,152.5,150.0,151.5,113014.0
2026-09-22,TWSE,4572,駐龍,141.0,141.0,139.5,140.5,8258.0
2026-09-22,TWSE,4576,大銀微系統,240.0,241.5,233.0,233.5,1595336.0
2026-09-22,TWSE,4581,光隆精密-KY,48.25,48.5,48.25,48.45,8000.0
2026-09-22,TWSE,4582,聚恆-創,22.4,22.4,22.2,22.4,49675.0
2026-09-22,TWSE,4583,台灣精銳,443.5,443.5,426.5,434.0,40870.0
2026-09-22,TWSE,4585,達明,301.5,301.5,298.0,299.0,75165.0
2026-09-22,TWSE,4588,玖鼎電力,56.0,57.0,55.9,57.0,132669.0
2026-09-22,TWSE,4590,富田-創,93.0,93.5,91.2,91.7,216801.0
2026-09-22,TWSE,4720,德淵,18.75,20.2,18.65,19.55,2461400.0
2026-09-22,TWSE,4722,國精化,190.5,194.5,184.0,191.0,1300758.0
2026-09-22,TWSE,4736,泰博,134.0,134.5,132.5,133.5,256420.0
2026-09-22,TWSE,4737,華廣,60.2,60.5,59.9,60.5,52029.0
2026-09-22,TWSE,4739,康普,79.5,82.9,79.3,82.1,838886.0
2026-09-22,TWSE,4746,台耀,47.9,48.4,47.6,47.8,436677.0
2026-09-22,TWSE,4755,三福化,113.5,119.0,113.5,115.5,360976.0
2026-09-22,TWSE,4763,材料*-KY,51.2,53.5,49.6,49.65,17213150.0
2026-09-22,TWSE,4764,雙鍵,207.5,207.5,200.5,200.5,599557.0
2026-09-22,TWSE,4766,南寶,345.0,345.0,343.0,343.5,57625.0
2026-09-22,TWSE,4770,上品,254.0,263.5,246.0,257.5,1909144.0
2026-09-22,TWSE,4771,望隼,215.0,220.0,211.0,219.0,365558.0
2026-09-22,TWSE,4807,日成-KY,31.05,31.3,30.65,30.95,122142.0
2026-09-22,TWSE,4904,遠傳,107.0,107.0,105.0,106.0,3630994.0
2026-09-22,TWSE,4906,正文,37.0,38.8,36.55,38.5,10235573.0
2026-09-22,TWSE,4912,聯德控股-KY,97.8,99.3,96.6,97.7,691649.0
2026-09-22,TWSE,4915,致伸,65.2,65.3,64.4,65.0,2759607.0
2026-09-22,TWSE,4916,事欣科,106.0,106.5,104.5,105.0,3951443.0
2026-09-22,TWSE,4919,新唐,135.0,135.0,125.0,125.5,21754489.0
2026-09-22,TWSE,4927,泰鼎-KY,43.75,43.9,42.05,42.05,4271157.0
2026-09-22,TWSE,4930,燦星網,16.2,16.2,15.75,16.15,283465.0
2026-09-22,TWSE,4934,太極,14.0,14.9,14.0,14.45,963475.0
2026-09-22,TWSE,4935,茂林-KY,34.9,34.9,33.3,33.3,94259.0
2026-09-22,TWSE,4938,和碩,90.3,90.8,89.5,90.8,5939887.0
2026-09-22,TWSE,4942,嘉彰,31.35,31.7,31.35,31.4,50788.0
2026-09-22,TWSE,4943,康控-KY,7.15,7.15,7.1,7.1,18991.0
2026-09-22,TWSE,4949,有成精密,75.9,80.0,75.5,77.0,1400509.0
2026-09-22,TWSE,4952,凌通,48.35,49.35,48.1,48.6,222650.0
2026-09-22,TWSE,4956,光鋐,42.9,46.85,42.65,46.85,27061766.0
2026-09-22,TWSE,4958,臻鼎-KY,476.5,482.0,463.5,470.0,26718285.0
2026-09-22,TWSE,4960,誠美材,23.1,24.4,23.05,23.45,10818233.0
2026-09-22,TWSE,4961,天鈺,184.5,184.5,180.0,181.5,699260.0
2026-09-22,TWSE,4967,十銓,278.0,278.0,274.0,276.5,1625376.0
2026-09-22,TWSE,4968,立積,93.2,93.2,91.7,92.5,198593.0
2026-09-22,TWSE,4976,佳凌,37.0,37.45,36.55,36.75,879122.0
2026-09-22,TWSE,4977,眾達-KY,175.5,176.0,172.0,174.0,1462152.0
2026-09-22,TWSE,4989,榮科,61.9,61.9,60.8,60.9,1394120.0
2026-09-22,TWSE,4994,傳奇,80.8,83.3,80.4,83.0,26066.0
2026-09-22,TWSE,4999,鑫禾,17.9,18.0,17.8,17.9,36692.0
2026-09-22,TWSE,5007,三星,55.6,55.6,55.3,55.3,18356.0
2026-09-22,TWSE,5203,訊連,58.2,58.8,58.2,58.6,47034.0
2026-09-22,TWSE,5215,科嘉-KY,38.0,38.25,37.5,37.7,34234.0
2026-09-22,TWSE,5222,全訊,104.0,107.5,104.0,106.5,281650.0
2026-09-22,TWSE,5225,東科-KY,55.0,55.9,54.9,55.7,177660.0
2026-09-22,TWSE,5234,達興材料,302.0,302.0,292.5,292.5,154000.0
2026-09-22,TWSE,5236,凌陽創新,134.0,135.5,133.5,134.5,45797.0
2026-09-22,TWSE,5243,乙盛-KY,91.0,91.0,89.3,89.8,557156.0
2026-09-22,TWSE,5244,弘凱,37.2,37.2,36.5,36.5,243792.0
2026-09-22,TWSE,5258,虹堡,42.35,44.3,42.35,43.2,369627.0
2026-09-22,TWSE,5269,祥碩,1505.0,1505.0,1470.0,1475.0,382204.0
2026-09-22,TWSE,5283,禾聯碩,56.2,56.2,54.1,54.6,72693.0
2026-09-22,TWSE,5284,jpp-KY,294.0,302.0,294.0,300.0,197511.0
2026-09-22,TWSE,5285,界霖,95.2,95.3,90.7,91.7,1787258.0
2026-09-22,TWSE,5288,豐祥-KY,189.5,191.5,188.5,190.0,49150.0
2026-09-22,TWSE,5292,華懋,219.5,219.5,215.0,218.0,41600.0
2026-09-22,TWSE,5306,桂盟,88.5,89.7,88.5,89.4,51053.0
2026-09-22,TWSE,5388,中磊,73.5,73.5,72.7,72.9,1144838.0
2026-09-22,TWSE,5434,崇越,540.0,543.0,533.0,537.0,372313.0
2026-09-22,TWSE,5469,瀚宇博,72.9,73.7,72.6,73.5,769300.0
2026-09-22,TWSE,5471,松翰,52.5,53.1,52.1,52.2,770060.0
2026-09-22,TWSE,5484,慧友,39.65,40.2,39.3,40.2,111050.0
2026-09-22,TWSE,5515,建國,50.2,50.2,49.3,49.55,251087.0
2026-09-22,TWSE,5519,隆大,26.4,26.4,25.85,25.95,215420.0
2026-09-22,TWSE,5521,工信,10.7,10.7,10.4,10.65,1262058.0
2026-09-22,TWSE,5522,遠雄,62.3,62.3,61.2,61.5,408017.0
2026-09-22,TWSE,5525,順天,22.3,22.8,22.3,22.5,230297.0
2026-09-22,TWSE,5531,鄉林,6.94,7.02,6.91,6.95,3355049.0
2026-09-22,TWSE,5533,皇鼎,14.15,14.2,14.1,14.2,14176.0
2026-09-22,TWSE,5534,長虹,76.2,76.2,74.9,74.9,400272.0
2026-09-22,TWSE,5538,東明-KY,35.3,35.7,35.2,35.3,10062.0
2026-09-22,TWSE,5546,永固-KY,14.45,14.8,14.3,14.35,44000.0
2026-09-22,TWSE,5607,遠雄港,53.4,53.4,52.4,52.6,417227.0
2026-09-22,TWSE,5608,四維航,16.9,17.25,16.75,17.15,2875355.0
2026-09-22,TWSE,5706,鳳凰,44.9,44.95,44.05,44.35,85282.0
2026-09-22,TWSE,5871,中租-KY,112.0,112.0,110.5,110.5,8498645.0
2026-09-22,TWSE,5876,上海商銀,49.45,49.6,48.85,49.25,2969452.0
2026-09-22,TWSE,5880,合庫金,27.3,27.3,27.0,27.2,9534595.0
2026-09-22,TWSE,5906,台南-KY,42.7,42.7,40.6,42.0,7001.0
2026-09-22,TWSE,5907,大洋-KY,4.85,4.92,4.83,4.85,215042.0
2026-09-22,TWSE,6005,群益證,31.65,32.5,31.6,32.25,10749030.0
2026-09-22,TWSE,6024,群益期,61.2,61.5,60.8,61.5,207823.0
2026-09-22,TWSE,6108,競國,23.9,24.4,23.6,23.8,1004474.0
2026-09-22,TWSE,6112,邁達特,51.8,51.8,49.0,49.0,4435065.0
2026-09-22,TWSE,6115,鎰勝,45.0,45.0,44.3,44.5,97813.0
2026-09-22,TWSE,6116,彩晶,14.25,14.9,14.25,14.8,56764125.0
2026-09-22,TWSE,6117,迎廣,60.9,61.8,60.8,61.3,148961.0
2026-09-22,TWSE,6120,達運,12.5,12.85,12.5,12.65,2457119.0
2026-09-22,TWSE,6128,上福,19.4,19.65,19.4,19.4,28485.0
2026-09-22,TWSE,6133,金橋,27.45,29.4,27.1,28.0,11880767.0
2026-09-22,TWSE,6136,富爾特,24.7,24.9,24.65,24.7,83676.0
2026-09-22,TWSE,6139,亞翔,740.0,745.0,717.0,718.0,1725029.0
2026-09-22,TWSE,6141,柏承,49.85,49.85,48.4,49.0,1343800.0
2026-09-22,TWSE,6142,友勁,9.02,9.18,8.86,9.06,741309.0
2026-09-22,TWSE,6152,百一,15.15,15.8,15.0,15.8,2784357.0
2026-09-22,TWSE,6153,嘉聯益,17.1,17.5,17.0,17.4,2269143.0
2026-09-22,TWSE,6155,鈞寶,57.1,58.0,56.6,57.0,702360.0
2026-09-22,TWSE,6164,華興,12.25,12.95,12.25,12.4,1249918.0
2026-09-22,TWSE,6165,浪凡,50.3,51.5,49.8,50.4,961308.0
2026-09-22,TWSE,6166,凌華,115.0,125.5,114.5,125.5,4116162.0
2026-09-22,TWSE,6168,宏齊,41.45,42.7,41.4,42.7,11637620.0
2026-09-22,TWSE,6176,瑞儀,96.1,96.2,93.5,93.8,2753029.0
2026-09-22,TWSE,6177,達麗,47.8,48.0,47.55,47.65,840456.0
2026-09-22,TWSE,6183,關貿,91.6,92.3,91.3,91.6,30709.0
2026-09-22,TWSE,6184,大豐電,40.5,40.7,40.3,40.5,256853.0
2026-09-22,TWSE,6189,豐藝,47.95,48.25,47.55,48.25,356361.0
2026-09-22,TWSE,6191,精成科,83.4,84.2,83.2,83.2,1145875.0
2026-09-22,TWSE,6192,巨路,111.5,111.5,110.5,110.5,68464.0
2026-09-22,TWSE,6196,帆宣,549.0,549.0,532.0,535.0,1270481.0
2026-09-22,TWSE,6197,佳必琪,324.0,324.0,319.0,322.0,2175287.0
2026-09-22,TWSE,6201,亞弘電,46.3,46.3,45.25,45.35,30929.0
2026-09-22,TWSE,6202,盛群,56.5,58.0,56.3,57.5,1454157.0
2026-09-22,TWSE,6205,詮欣,64.5,70.0,64.1,70.0,1276548.0
2026-09-22,TWSE,6206,飛捷,139.0,142.5,137.5,142.0,1182203.0
2026-09-22,TWSE,6209,今國光,81.0,81.2,79.1,79.1,4049535.0
2026-09-22,TWSE,6213,聯茂,515.0,542.0,510.0,542.0,17958275.0
2026-09-22,TWSE,6214,精誠,193.5,194.0,191.0,191.5,1692764.0
2026-09-22,TWSE,6215,和椿,98.7,99.3,98.1,98.2,284345.0
2026-09-22,TWSE,6216,居易,19.45,19.75,19.35,19.65,158760.0
2026-09-22,TWSE,6224,聚鼎,90.0,91.4,88.1,89.2,1654424.0
2026-09-22,TWSE,6225,天瀚,57.9,60.1,55.6,56.9,197859.0
2026-09-22,TWSE,6226,光鼎,45.3,45.45,42.9,44.5,6890544.0
2026-09-22,TWSE,6230,尼得科超眾,111.0,113.0,110.5,112.0,26360.0
2026-09-22,TWSE,6235,華孚,37.85,38.6,37.8,38.6,289576.0
2026-09-22,TWSE,6239,力成,286.0,296.5,286.0,292.5,27709326.0
2026-09-22,TWSE,6243,迅杰,38.5,38.8,38.15,38.4,175189.0
2026-09-22,TWSE,6257,矽格,248.5,258.5,242.5,250.5,28056800.0
2026-09-22,TWSE,6269,台郡,64.4,66.3,63.7,65.3,4622999.0
2026-09-22,TWSE,6271,同欣電,232.0,234.0,229.5,230.0,2285410.0
2026-09-22,TWSE,6272,驊陞,27.0,27.2,26.3,26.3,266806.0
2026-09-22,TWSE,6277,宏正,77.7,79.7,77.7,79.3,134919.0
2026-09-22,TWSE,6278,台表科,197.0,198.0,193.5,194.5,2894823.0
2026-09-22,TWSE,6281,全國電,51.1,51.1,51.0,51.0,24488.0
2026-09-22,TWSE,6282,康舒,43.25,43.5,42.7,43.35,3237435.0
2026-09-22,TWSE,6283,淳安,18.6,18.9,18.5,18.8,52367.0
2026-09-22,TWSE,6285,啟碁,229.0,235.0,227.0,234.0,3297313.0
2026-09-22,TWSE,6405,悅城,40.3,42.25,40.3,41.6,925436.0
2026-09-22,TWSE,6409,旭隼,917.0,918.0,892.0,894.0,270422.0
2026-09-22,TWSE,6412,群電,74.0,75.1,74.0,74.1,501733.0
2026-09-22,TWSE,6414,樺漢,376.0,376.5,373.0,375.0,554166.0
2026-09-22,TWSE,6415,矽力*-KY,429.0,430.5,422.0,427.5,1909525.0
2026-09-22,TWSE,6416,瑞祺電通,120.0,121.5,118.0,121.0,630622.0
2026-09-22,TWSE,6426,統新,375.0,376.0,354.5,374.0,2656404.0
2026-09-22,TWSE,6431,光麗-KY,17.05,17.4,16.8,17.3,91049.0
2026-09-22,TWSE,6438,迅得,148.5,152.0,147.0,150.5,220433.0
2026-09-22,TWSE,6442,光聖,1590.0,1595.0,1520.0,1525.0,1794761.0
2026-09-22,TWSE,6443,元晶,26.45,28.05,25.9,28.05,10747044.0
2026-09-22,TWSE,6446,藥華藥,1185.0,1190.0,1150.0,1150.0,2811409.0
2026-09-22,TWSE,6449,鈺邦,218.0,223.0,215.0,215.5,551726.0
2026-09-22,TWSE,6451,訊芯-KY,443.5,444.5,434.0,434.0,1711346.0
2026-09-22,TWSE,6456,GIS-KY,66.7,71.9,65.9,71.9,12215288.0
2026-09-22,TWSE,6464,台數科,77.9,77.9,77.6,77.6,6354.0
2026-09-22,TWSE,6472,保瑞,446.5,448.0,420.5,420.5,1013146.0
2026-09-22,TWSE,6477,安集,35.15,37.6,34.9,37.4,6170287.0
2026-09-22,TWSE,6491,晶碩,395.0,411.0,394.0,407.0,690487.0
2026-09-22,TWSE,6504,南六,37.1,38.25,37.1,37.6,70170.0
2026-09-22,TWSE,6505,台塑化,87.0,89.8,86.1,88.5,15280658.0
2026-09-22,TWSE,6515,穎崴,6570.0,6570.0,5795.0,5795.0,1406461.0
2026-09-22,TWSE,6525,捷敏-KY,137.0,137.5,132.5,132.5,609992.0
2026-09-22,TWSE,6526,達發,700.0,734.0,688.0,724.0,2896069.0
2026-09-22,TWSE,6531,愛普*,965.0,975.0,932.0,948.0,1894948.0
2026-09-22,TWSE,6533,晶心科,269.0,270.5,260.0,263.5,1937477.0
2026-09-22,TWSE,6534,正瀚-創,90.0,91.3,90.0,90.2,14702.0
2026-09-22,TWSE,6541,泰福-KY,32.8,32.8,31.25,31.35,450609.0
2026-09-22,TWSE,6552,易華電,24.2,24.55,24.2,24.5,48203.0
2026-09-22,TWSE,6558,興能高,23.85,24.45,23.75,24.1,160852.0
2026-09-22,TWSE,6573,虹揚-KY,16.4,16.75,16.4,16.5,106890.0
2026-09-22,TWSE,6579,研揚,152.0,154.0,151.5,153.0,205335.0
2026-09-22,TWSE,6581,鋼聯,109.5,109.5,109.5,109.5,9181.0
2026-09-22,TWSE,6582,申豐,31.5,31.5,30.95,31.1,43830.0
2026-09-22,TWSE,6585,鼎基,106.0,107.0,106.0,106.0,59199.0
2026-09-22,TWSE,6589,台康生技,52.6,52.6,51.5,51.7,525105.0
2026-09-22,TWSE,6591,動力-KY,43.9,46.45,43.9,45.2,310666.0
2026-09-22,TWSE,6592,和潤企業,58.9,59.2,58.7,58.8,416842.0
2026-09-22,TWSE,6598,ABC-KY,28.55,28.65,27.85,27.85,109824.0
2026-09-22,TWSE,6605,帝寶,139.0,140.0,138.0,140.0,207792.0
2026-09-22,TWSE,6606,建德工業,25.15,25.6,25.1,25.4,14061.0
2026-09-22,TWSE,6614,資拓宏宇,36.25,36.25,35.55,35.55,23000.0
2026-09-22,TWSE,6625,必應,75.0,75.0,74.3,74.3,49587.0
2026-09-22,TWSE,6641,基士德-KY,17.4,17.4,16.8,17.0,9153.0
2026-09-22,TWSE,6645,金萬林-創,12.6,12.8,12.3,12.45,41900.0
2026-09-22,TWSE,6655,科定,126.5,130.0,124.5,124.5,40500.0
2026-09-22,TWSE,6657,華安,32.9,33.6,31.85,32.95,140618.0
2026-09-22,TWSE,6658,聯策,173.5,179.0,173.0,173.5,225028.0
2026-09-22,TWSE,6666,羅麗芬-KY,44.95,44.95,44.8,44.95,6221.0
2026-09-22,TWSE,6668,中揚光,49.25,54.1,48.45,50.3,18858378.0
2026-09-22,TWSE,6669,緯穎,2180.0,2190.0,2110.0,2150.0,3304766.0
2026-09-22,TWSE,6670,復盛應用,275.5,275.5,271.0,272.5,123287.0
2026-09-22,TWSE,6671,三能-KY,23.05,23.05,23.05,23.05,3044.0
2026-09-22,TWSE,6672,騰輝電子-KY,306.5,316.0,304.0,310.0,4860040.0
2026-09-22,TWSE,6674,鋐寶科技,17.35,17.35,17.35,17.35,75024.0
2026-09-22,TWSE,6689,伊雲谷,67.1,67.1,64.5,65.4,519739.0
2026-09-22,TWSE,6691,洋基工程,650.0,650.0,631.0,632.0,599914.0
2026-09-22,TWSE,6695,芯鼎,51.0,51.0,49.7,50.5,227529.0
2026-09-22,TWSE,6698,旭暉應材,32.5,32.5,31.75,32.2,89798.0
2026-09-22,TWSE,6706,惠特,150.0,164.0,150.0,164.0,14648276.0
2026-09-22,TWSE,6715,嘉基,433.0,475.0,433.0,451.5,5331633.0
2026-09-22,TWSE,6719,力智,185.0,185.0,182.0,183.0,270830.0
2026-09-22,TWSE,6722,輝創,33.0,33.0,32.4,32.95,35910.0
2026-09-22,TWSE,6742,澤米,53.5,56.1,52.0,54.0,2612628.0
2026-09-22,TWSE,6743,安普新,29.6,30.0,29.35,29.5,298316.0
2026-09-22,TWSE,6753,龍德造船,136.0,136.0,132.0,133.5,325183.0
2026-09-22,TWSE,6754,匯僑設計,42.5,42.5,42.1,42.25,8650.0
2026-09-22,TWSE,6756,威鋒電子,97.9,97.9,96.4,97.0,56276.0
2026-09-22,TWSE,6757,台灣虎航,54.1,54.2,53.5,54.2,258415.0
2026-09-22,TWSE,6768,志強-KY,62.5,62.9,62.0,62.4,175546.0
2026-09-22,TWSE,6770,力積電,74.4,74.5,72.5,72.7,93490025.0
2026-09-22,TWSE,6771,平和環保-創,42.8,42.8,41.95,42.4,16030.0
2026-09-22,TWSE,6776,展碁國際,52.2,52.7,52.2,52.5,46981.0
2026-09-22,TWSE,6781,AES-KY,1015.0,1025.0,1010.0,1010.0,203562.0
2026-09-22,TWSE,6782,視陽,241.0,248.0,234.5,248.0,313938.0
2026-09-22,TWSE,6789,采鈺,467.0,467.0,455.0,458.5,603507.0
2026-09-22,TWSE,6790,永豐實,37.95,38.0,37.7,37.85,78406.0
2026-09-22,TWSE,6792,詠業,59.4,59.8,59.1,59.7,26010.0
2026-09-22,TWSE,6794,向榮生技,76.0,76.0,74.5,75.5,14214.0
2026-09-22,TWSE,6796,晉弘,51.4,51.9,51.3,51.3,19404.0
2026-09-22,TWSE,6799,來頡,84.7,84.7,83.1,83.8,125636.0
2026-09-22,TWSE,6805,富世達,2325.0,2445.0,2300.0,2415.0,2483339.0
2026-09-22,TWSE,6807,峰源-KY,32.45,32.55,32.3,32.5,14000.0
2026-09-22,TWSE,6830,汎銓,576.0,588.0,548.0,553.0,2635979.0
2026-09-22,TWSE,6831,邁科,540.0,540.0,513.0,513.0,854155.0
2026-09-22,TWSE,6834,天二科技,113.0,119.5,109.5,115.0,12137974.0
2026-09-22,TWSE,6835,圓裕,31.05,31.3,30.85,31.1,20449.0
2026-09-22,TWSE,6838,台新藥,24.2,24.2,23.7,23.9,94890.0
2026-09-22,TWSE,6854,錼創科技-KY創,94.7,95.3,92.2,92.9,143806.0
2026-09-22,TWSE,6861,睿生光電,235.0,252.0,234.0,246.0,4377975.0
2026-09-22,TWSE,6862,三集瑞-KY,132.5,144.0,132.5,144.0,298253.0
2026-09-22,TWSE,6863,永道-KY,95.2,98.6,95.2,98.3,85176.0
2026-09-22,TWSE,6869,雲豹能源,67.5,70.7,67.5,69.3,547419.0
2026-09-22,TWSE,6873,泓德能源,69.8,71.5,69.0,69.4,348982.0
2026-09-22,TWSE,6885,全福生技,31.8,33.0,30.6,31.5,3001983.0
2026-09-22,TWSE,6887,寶綠特-KY,39.85,39.85,38.15,38.9,18033.0
2026-09-22,TWSE,6890,來億-KY,150.0,150.0,146.0,146.0,195215.0
2026-09-22,TWSE,6901,鑽石投資,15.4,15.55,15.3,15.5,719877.0
2026-09-22,TWSE,6902,GOGOLOOK,155.0,155.0,155.0,155.0,317546.0
2026-09-22,TWSE,6906,現觀科,84.4,85.2,79.4,80.0,140863.0
2026-09-22,TWSE,6908,宏碁遊戲-創,30.25,30.25,29.8,29.8,13507.0
2026-09-22,TWSE,6909,創控,42.55,44.0,41.85,42.85,466383.0
2026-09-22,TWSE,6914,阜爾運通,120.5,121.0,120.5,121.0,14228.0
2026-09-22,TWSE,6916,華凌,18.2,18.25,18.05,18.1,21000.0
2026-09-22,TWSE,6918,愛派司,75.0,75.0,75.0,75.0,2053.0
2026-09-22,TWSE,6919,康霈*,86.0,86.5,81.8,83.1,6857975.0
2026-09-22,TWSE,6921,嘉雨思-創,65.0,69.8,64.0,69.8,89772.0
2026-09-22,TWSE,6923,中台,77.4,77.9,76.4,76.8,76257.0
2026-09-22,TWSE,6924,榮惠-KY創,135.5,138.0,132.0,133.5,16268.0
2026-09-22,TWSE,6928,攸泰科技,46.8,47.45,46.7,47.2,35555.0
2026-09-22,TWSE,6931,青松健康,39.2,39.4,39.1,39.1,56040.0
2026-09-22,TWSE,6933,AMAX-KY,345.0,348.0,316.0,317.5,1620072.0
2026-09-22,TWSE,6934,心誠鎂,75.9,76.6,73.0,73.1,154259.0
2026-09-22,TWSE,6936,永鴻生技,31.7,32.0,31.7,32.0,12432.0
2026-09-22,TWSE,6937,天虹,303.5,303.5,293.0,300.5,416452.0
2026-09-22,TWSE,6944,兆聯實業,708.0,724.0,705.0,712.0,244569.0
2026-09-22,TWSE,6947,台鎔科技,67.5,68.6,67.3,67.9,79882.0
2026-09-22,TWSE,6949,沛爾生醫*-創,54.0,54.9,53.0,53.8,2711421.0
2026-09-22,TWSE,6951,青新-創,70.3,70.3,69.3,69.3,28987.0
2026-09-22,TWSE,6952,大武山,39.35,39.6,38.3,38.75,58410.0
2026-09-22,TWSE,6955,邦睿生技-創,96.1,96.1,94.5,94.5,7281.0
2026-09-22,TWSE,6957,裕慶-KY,274.5,295.0,272.5,290.0,639987.0
2026-09-22,TWSE,6958,日盛台駿,17.65,17.95,17.45,17.75,59310.0
2026-09-22,TWSE,6962,奕力-KY,31.1,31.3,30.75,31.2,973586.0
2026-09-22,TWSE,6965,中傑-KY,70.9,70.9,69.1,70.1,15111.0
2026-09-22,TWSE,6969,成信實業*-創,33.25,33.4,32.85,32.85,51770.0
2026-09-22,TWSE,6988,威力暘-創,12.1,12.1,11.75,12.05,83000.0
2026-09-22,TWSE,6994,富威電力,27.8,28.25,27.35,28.25,541467.0
2026-09-22,TWSE,7610,聯友金屬-創,1945.0,1965.0,1890.0,1890.0,696823.0
2026-09-22,TWSE,7631,聚賢研發-創,139.0,143.0,138.5,141.5,111296.0
2026-09-22,TWSE,7689,大鵬科CLMX,162.5,163.5,159.5,161.0,26996.0
2026-09-22,TWSE,7705,三商餐飲,30.0,30.1,29.9,29.95,52752.0
2026-09-22,TWSE,7711,永擎,576.0,576.0,535.0,544.0,1170824.0
2026-09-22,TWSE,7721,微程式,61.2,63.6,61.2,62.8,93870.0
2026-09-22,TWSE,7722,LINEPAY,262.5,263.0,262.0,262.0,28807.0
2026-09-22,TWSE,7730,暉盛-創,175.5,176.0,169.0,170.5,208000.0
2026-09-22,TWSE,7732,金興精密,34.5,34.5,34.45,34.45,2001.0
2026-09-22,TWSE,7736,虎山,68.9,70.9,68.4,68.4,58002.0
2026-09-22,TWSE,7740,熙特爾-創,126.0,126.0,120.5,120.5,181991.0
2026-09-22,TWSE,7749,意騰-KY,361.0,380.0,360.5,377.5,257048.0
2026-09-22,TWSE,7750,新代,1950.0,1990.0,1910.0,1960.0,95874.0
2026-09-22,TWSE,7760,享溫馨,32.8,33.0,32.3,33.0,67101.0
2026-09-22,TWSE,7765,中華資安,245.0,247.5,238.0,240.0,272306.0
2026-09-22,TWSE,7768,頌勝科技,289.0,306.0,283.5,299.5,177500.0
2026-09-22,TWSE,7769,鴻勁,6530.0,6530.0,5920.0,6000.0,1732162.0
2026-09-22,TWSE,7780,大研生醫*,16.5,16.5,16.15,16.25,525843.0
2026-09-22,TWSE,7786,東方風能,120.0,120.0,118.0,120.0,82018.0
2026-09-22,TWSE,7788,松川精密,298.0,302.0,291.0,291.0,1039243.0
2026-09-22,TWSE,7791,皇家可口,55.2,56.4,55.2,56.1,22704.0
2026-09-22,TWSE,7795,長廣,489.0,491.0,480.0,484.0,497416.0
2026-09-22,TWSE,7799,禾榮科,507.0,524.0,489.0,522.0,1128287.0
2026-09-22,TWSE,7803,雲象科技-創,19.3,19.3,18.75,18.9,31706.0
2026-09-22,TWSE,7818,溢泰實業,60.0,60.3,59.7,60.2,41302.0
2026-09-22,TWSE,7821,神數,39.0,39.05,38.8,38.9,84063.0
2026-09-22,TWSE,7822,倍利科,850.0,851.0,836.0,850.0,87976.0
2026-09-22,TWSE,7823,奧義賽博-KY創,81.2,82.4,81.1,82.1,22580.0
2026-09-22,TWSE,7827,漢康-KY創,162.0,163.5,159.5,162.0,191807.0
2026-09-22,TWSE,7835,永悅健康-創,20.5,21.2,20.1,20.2,50000.0
2026-09-22,TWSE,7855,和運租車,42.1,42.2,42.05,42.15,241343.0
2026-09-22,TWSE,8011,台通,15.75,16.7,15.7,16.5,1419140.0
2026-09-22,TWSE,8016,矽創,283.0,284.5,279.0,281.5,461821.0
2026-09-22,TWSE,8021,尖點,461.5,481.0,457.0,466.0,8458274.0
2026-09-22,TWSE,8028,昇陽半導體,262.0,268.0,254.5,257.5,12260077.0
2026-09-22,TWSE,8033,雷虎,175.0,176.0,170.5,171.0,1953817.0
2026-09-22,TWSE,8039,台虹,270.0,272.0,262.5,265.0,9175138.0
2026-09-22,TWSE,8045,達運光電,55.1,56.2,53.8,53.8,216721.0
2026-09-22,TWSE,8046,南電,1110.0,1150.0,1050.0,1060.0,13819215.0
2026-09-22,TWSE,8070,長華*,50.9,50.9,49.9,49.9,1358076.0
2026-09-22,TWSE,8072,陞泰,28.3,28.3,27.4,27.5,232728.0
2026-09-22,TWSE,8081,致新,253.5,253.5,250.5,250.5,174636.0
2026-09-22,TWSE,8101,華冠,11.25,11.25,11.25,11.25,1469.0
2026-09-22,TWSE,8103,瀚荃,129.0,130.5,123.5,128.5,8348872.0
2026-09-22,TWSE,8104,錸寶,31.0,31.7,30.85,31.2,470558.0
2026-09-22,TWSE,8105,凌巨,14.9,15.25,14.9,15.1,1752262.0
2026-09-22,TWSE,8110,華東,50.2,52.1,48.55,52.1,30985739.0
2026-09-22,TWSE,8112,至上,83.5,83.5,82.5,83.1,3579738.0
2026-09-22,TWSE,8114,振樺電,179.5,180.0,176.0,177.5,360055.0
2026-09-22,TWSE,8131,福懋科,61.9,63.2,61.3,61.7,2714877.0
2026-09-22,TWSE,8150,南茂,96.0,103.0,94.8,103.0,63139168.0
2026-09-22,TWSE,8162,微矽電子-創,62.4,62.5,60.4,60.4,190408.0
2026-09-22,TWSE,8163,達方,30.05,30.4,29.7,30.4,401670.0
2026-09-22,TWSE,8201,無敵,12.0,12.0,12.0,12.0,2687.0
2026-09-22,TWSE,8210,勤誠,905.0,909.0,897.0,900.0,979590.0
2026-09-22,TWSE,8213,志超,33.2,33.35,32.75,33.2,339153.0
2026-09-22,TWSE,8215,明基材,27.8,30.05,27.5,30.05,7641871.0
2026-09-22,TWSE,8222,寶一,35.65,35.9,35.35,35.75,249503.0
2026-09-22,TWSE,8249,菱光,39.0,39.45,38.55,39.35,122454.0
2026-09-22,TWSE,8261,富鼎,177.5,178.0,172.5,173.5,1716225.0
2026-09-22,TWSE,8271,宇瞻,207.0,208.0,204.0,204.0,904844.0
2026-09-22,TWSE,8341,日友,74.7,75.0,74.5,74.8,84393.0
2026-09-22,TWSE,8367,建新國際,40.75,40.75,40.5,40.65,17176.0
2026-09-22,TWSE,8374,羅昇,77.5,77.9,77.1,77.4,196402.0
2026-09-22,TWSE,8404,百和興業-KY,13.6,13.85,13.6,13.85,132672.0
2026-09-22,TWSE,8411,福貞-KY,12.65,12.65,12.35,12.5,138578.0
2026-09-22,TWSE,8422,可寧衛*,26.5,26.5,25.95,26.0,4346271.0
2026-09-22,TWSE,8429,金麗-KY,5.95,5.95,5.9,5.91,66820.0
2026-09-22,TWSE,8438,昶昕,68.1,69.7,68.1,69.0,132639.0
2026-09-22,TWSE,8442,威宏-KY,46.2,46.2,45.55,46.2,40119.0
2026-09-22,TWSE,8443,阿瘦,11.2,11.25,11.2,11.25,36067.0
2026-09-22,TWSE,8454,富邦媒,246.5,250.0,245.0,246.5,350863.0
2026-09-22,TWSE,8462,柏文,161.5,162.0,161.0,161.5,19651.0
2026-09-22,TWSE,8463,潤泰材,21.3,21.3,21.1,21.25,29200.0
2026-09-22,TWSE,8464,億豐,371.0,373.0,369.5,370.0,769961.0
2026-09-22,TWSE,8466,美吉吉-KY,14.05,15.75,14.05,15.75,178745.0
2026-09-22,TWSE,8467,波力-KY,90.0,91.6,89.0,91.1,6372.0
2026-09-22,TWSE,8473,山林水,39.2,39.2,38.5,38.7,336478.0
2026-09-22,TWSE,8476,台境*,19.5,19.75,19.4,19.5,214585.0
2026-09-22,TWSE,8478,東哥遊艇,141.0,141.5,140.0,140.0,84078.0
2026-09-22,TWSE,8481,政伸,41.05,41.05,40.95,41.0,17184.0
2026-09-22,TWSE,8482,商億-KY,47.85,48.9,47.85,48.4,6089.0
2026-09-22,TWSE,8487,愛爾達-創,71.9,71.9,70.6,71.5,10854.0
2026-09-22,TWSE,8488,吉源-KY,10.0,10.1,9.91,9.91,29000.0
2026-09-22,TWSE,8499,鼎炫-KY,255.5,257.0,253.5,255.0,14508.0
2026-09-22,TWSE,8926,台汽電,60.0,60.1,59.1,59.5,3221140.0
2026-09-22,TWSE,8940,新天地,15.1,15.2,15.0,15.0,23319.0
2026-09-22,TWSE,8996,高力,1430.0,1520.0,1405.0,1505.0,2063073.0
2026-09-22,TWSE,9103,美德醫療-DR,4.99,5.02,4.97,4.98,498380.0
2026-09-22,TWSE,9105,泰金寶-DR,8.38,8.46,8.34,8.38,11038027.0
2026-09-22,TWSE,9110,越南控-DR,3.1,3.1,2.71,2.9,83006.0
2026-09-22,TWSE,9136,巨騰-DR,9.97,9.97,9.58,9.72,306761.0
2026-09-22,TWSE,9802,鈺齊-KY,64.7,64.8,63.5,63.6,587289.0
2026-09-22,TWSE,9902,台火,13.4,13.45,13.3,13.4,63815.0
2026-09-22,TWSE,9904,寶成,24.65,24.9,24.65,24.85,9552021.0
2026-09-22,TWSE,9905,大華,21.4,21.4,21.2,21.2,143571.0
2026-09-22,TWSE,9906,欣巴巴,40.05,42.65,40.05,41.6,341320.0
2026-09-22,TWSE,9907,統一實,15.05,15.05,14.95,14.95,730293.0
2026-09-22,TWSE,9908,大台北,29.0,29.25,29.0,29.05,156831.0
2026-09-22,TWSE,9910,豐泰,68.6,69.1,68.2,68.4,676005.0
2026-09-22,TWSE,9911,櫻花,82.0,82.0,81.4,81.5,182722.0
2026-09-22,TWSE,9912,偉聯,13.45,13.45,12.95,12.95,35712.0
2026-09-22,TWSE,9914,美利達,67.6,68.2,67.2,67.5,1000638.0
2026-09-22,TWSE,9917,中保科,108.0,108.0,106.5,106.5,246930.0
2026-09-22,TWSE,9918,欣天然,43.35,43.4,43.1,43.1,6363.0
2026-09-22,TWSE,9919,康那香,13.9,14.15,13.9,13.95,135375.0
2026-09-22,TWSE,9921,巨大,90.3,91.9,90.2,90.5,682782.0
2026-09-22,TWSE,9924,福興,38.35,38.35,38.0,38.2,46508.0
2026-09-22,TWSE,9925,新保,39.6,39.65,39.5,39.6,362982.0
2026-09-22,TWSE,9926,新海,49.45,49.45,49.0,49.35,8760.0
2026-09-22,TWSE,9927,泰銘,70.0,70.4,70.0,70.3,132097.0
2026-09-22,TWSE,9928,中視,17.65,17.8,17.55,17.7,12159.0
2026-09-22,TWSE,9929,秋雨,11.25,11.4,11.1,11.1,33001.0
2026-09-22,TWSE,9930,中聯資源,61.3,61.3,60.6,60.7,151501.0
2026-09-22,TWSE,9931,欣高,34.1,34.1,34.0,34.05,3008.0
2026-09-22,TWSE,9933,中鼎,42.3,42.5,41.3,41.35,2115919.0
2026-09-22,TWSE,9934,成霖,9.84,9.9,9.82,9.88,216811.0
2026-09-22,TWSE,9935,慶豐富,18.2,18.25,18.15,18.2,117702.0
2026-09-22,TWSE,9937,全國,54.6,54.6,54.2,54.2,20453.0
2026-09-22,TWSE,9938,百和,37.85,38.55,37.85,38.4,1060321.0
2026-09-22,TWSE,9939,宏全,126.5,126.5,125.0,126.0,388371.0
2026-09-22,TWSE,9940,信義,20.8,20.8,20.5,20.6,542949.0
2026-09-22,TWSE,9941,裕融,80.1,80.5,79.6,80.2,571029.0
2026-09-22,TWSE,9942,茂順,114.5,115.0,114.5,114.5,19997.0
2026-09-22,TWSE,9943,好樂迪,50.7,50.7,50.5,50.6,36021.0
2026-09-22,TWSE,9944,新麗,17.3,17.35,17.1,17.25,23497.0
2026-09-22,TWSE,9945,潤泰新,29.15,29.25,28.9,29.25,4897359.0
2026-09-22,TWSE,9946,三發地產,16.95,17.65,16.95,17.55,537279.0
2026-09-22,TWSE,9955,佳龍,23.5,23.65,23.4,23.4,131646.0
2026-09-22,TWSE,9958,世紀鋼,93.6,93.8,91.9,91.9,1117456.0
2026-09-22,TPEX,1240,茂生農經,55.2,55.2,54.8,54.8,10799.0
2026-09-22,TPEX,1259,安心,67.1,68.0,66.2,67.9,21243.0
2026-09-22,TPEX,1264,德麥,245.5,245.5,244.0,244.0,37978.0
2026-09-22,TPEX,1268,漢來美食,174.0,174.5,174.0,174.5,7751.0
2026-09-22,TPEX,1294,漢田生技,51.2,51.2,50.5,50.8,28038.0
2026-09-22,TPEX,1295,生合,45.2,45.2,44.75,44.75,21163.0
2026-09-22,TPEX,1336,台翰,17.15,17.2,16.85,16.9,54090.0
2026-09-22,TPEX,1565,精華,96.5,96.5,96.0,96.3,44905.0
2026-09-22,TPEX,1569,濱川,61.5,66.4,61.0,64.2,14467730.0
2026-09-22,TPEX,1570,力肯,32.1,32.3,32.1,32.3,6730.0
2026-09-22,TPEX,1580,新麥,97.3,97.3,96.5,96.6,55696.0
2026-09-22,TPEX,1584,精剛,18.25,18.25,18.05,18.1,258950.0
2026-09-22,TPEX,1586,和勤,18.0,18.05,17.8,17.95,195103.0
2026-09-22,TPEX,1591,駿吉-KY,41.25,41.25,40.4,40.55,261017.0
2026-09-22,TPEX,1593,祺驊,31.95,32.05,31.6,31.9,23587.0
2026-09-22,TPEX,1595,川寶,70.1,75.3,69.5,74.6,2826243.0
2026-09-22,TPEX,1599,宏佳騰,23.4,23.4,23.0,23.1,19860.0
2026-09-22,TPEX,1742,台蠟,17.7,17.7,17.4,17.5,144465.0
2026-09-22,TPEX,1777,生泰,74.4,74.6,73.6,74.3,52353.0
2026-09-22,TPEX,1780,立弘,24.9,25.2,24.8,25.2,131304.0
2026-09-22,TPEX,1781,合世,10.2,10.2,9.95,10.1,15010.0
2026-09-22,TPEX,1784,訊聯,58.8,60.6,58.5,60.4,151047.0
2026-09-22,TPEX,1785,光洋科,98.5,98.5,96.0,96.0,3448097.0
2026-09-22,TPEX,1788,杏昌,127.5,128.0,127.5,127.5,12942.0
2026-09-22,TPEX,1796,金穎生技,30.3,30.3,29.55,29.55,10106.0
2026-09-22,TPEX,1799,易威,29.2,29.2,28.6,28.7,56855.0
2026-09-22,TPEX,1813,寶利徠,11.25,11.7,11.2,11.5,39528.0
2026-09-22,TPEX,1815,富喬,125.0,129.5,120.0,122.0,70516300.0
2026-09-22,TPEX,2035,唐榮,27.0,27.0,27.0,27.0,2005.0
2026-09-22,TPEX,2061,風青,54.1,55.4,53.6,55.1,2050501.0
2026-09-22,TPEX,2063,世鎧,23.95,23.95,23.6,23.9,26272.0
2026-09-22,TPEX,2064,晉椿,11.95,11.95,11.95,11.95,3002.0
2026-09-22,TPEX,2065,世豐,35.05,35.15,35.0,35.05,87374.0
2026-09-22,TPEX,2066,世德,52.8,52.8,51.9,52.5,25483.0
2026-09-22,TPEX,2067,嘉鋼,5.08,5.29,5.05,5.29,14000.0
2026-09-22,TPEX,2070,精湛,61.6,64.0,61.6,61.6,141867.0
2026-09-22,TPEX,2073,雄順,25.1,25.85,25.1,25.85,2000.0
2026-09-22,TPEX,2221,大甲,152.0,154.0,147.5,154.0,1745091.0
2026-09-22,TPEX,2230,泰茂,21.35,22.0,21.15,21.35,128110.0
2026-09-22,TPEX,2235,謚源,27.9,28.4,27.15,28.4,7000.0
2026-09-22,TPEX,2596,綠意,35.0,35.0,34.4,34.7,83733.0
2026-09-22,TPEX,2640,大車隊,166.0,166.0,159.5,159.5,111758.0
2026-09-22,TPEX,2641,正德,17.75,17.75,17.55,17.55,887030.0
2026-09-22,TPEX,2643,捷迅,63.0,63.0,62.2,62.9,8194.0
2026-09-22,TPEX,2718,全心投控,41.0,41.25,40.55,41.1,23242.0
2026-09-22,TPEX,2719,燦星旅,19.65,19.65,19.65,19.65,2253.0
2026-09-22,TPEX,2724,藝舍-KY,12.25,12.25,12.25,12.25,2169.0
2026-09-22,TPEX,2726,雅茗-KY,8.08,8.08,7.95,8.04,28100.0
2026-09-22,TPEX,2729,瓦城,160.0,162.5,159.0,159.0,42150.0
2026-09-22,TPEX,2732,六角,62.3,62.8,62.3,62.8,18230.0
2026-09-22,TPEX,2734,易飛網,14.45,14.5,14.45,14.5,54376.0
2026-09-22,TPEX,2736,富野,11.35,11.35,11.3,11.3,22045.0
2026-09-22,TPEX,2740,華軒,31.15,31.15,31.15,31.15,1619.0
2026-09-22,TPEX,2743,山富,55.3,55.4,54.3,54.3,21654.0
2026-09-22,TPEX,2745,五福,84.1,84.4,83.8,84.3,85300.0
2026-09-22,TPEX,2751,王座,53.4,54.5,53.2,54.5,4107.0
2026-09-22,TPEX,2752,豆府,179.5,180.0,179.0,179.0,7206.0
2026-09-22,TPEX,2754,亞洲藏壽司,68.4,69.6,68.0,68.6,38363.0
2026-09-22,TPEX,2755,揚秦,98.7,99.6,98.7,99.5,21328.0
2026-09-22,TPEX,2756,聯發國際,62.9,62.9,61.3,62.5,8140.0
2026-09-22,TPEX,2916,滿心,40.7,40.7,40.3,40.3,18374.0
2026-09-22,TPEX,2924,宏太-KY,17.65,19.0,17.65,19.0,8070.0
2026-09-22,TPEX,2926,誠品生活,29.9,30.0,29.8,30.0,8208.0
2026-09-22,TPEX,2937,集雅社,44.75,44.75,44.7,44.7,2046.0
2026-09-22,TPEX,2938,床的世界,18.25,18.5,18.25,18.4,42787.0
2026-09-22,TPEX,2941,米斯特,32.85,32.85,31.6,31.6,2000.0
2026-09-22,TPEX,2947,振宇五金,,,,,141.0
2026-09-22,TPEX,2948,寶陞,36.65,37.6,36.5,36.65,13095.0
2026-09-22,TPEX,2949,欣新網,,,,,3.0
2026-09-22,TPEX,3064,泰偉,,,,,2.0
2026-09-22,TPEX,3066,李洲,29.2,29.35,27.9,28.05,1522375.0
2026-09-22,TPEX,3067,全域,16.0,17.3,16.0,16.55,14190.0
2026-09-22,TPEX,3071,協禧,23.7,23.7,23.05,23.05,267198.0
2026-09-22,TPEX,3073,天方能源,20.8,20.8,20.25,20.3,48793.0
2026-09-22,TPEX,3078,僑威,46.2,46.2,45.35,45.65,625877.0
2026-09-22,TPEX,3081,聯亞,2940.0,2950.0,2825.0,2825.0,2369933.0
2026-09-22,TPEX,3083,網龍,22.9,23.05,22.7,23.0,90389.0
2026-09-22,TPEX,3085,新零售,,,,,459.0
2026-09-22,TPEX,3086,華義*,28.9,29.9,28.7,28.7,83795.0
2026-09-22,TPEX,3088,艾訊,130.0,131.5,127.5,128.0,596229.0
2026-09-22,TPEX,3093,港建*,45.6,45.8,45.3,45.3,87493.0
2026-09-22,TPEX,3095,及成,34.0,34.1,33.1,33.25,18065.0
2026-09-22,TPEX,3105,穩懋,501.0,515.0,489.0,501.0,33954584.0
2026-09-22,TPEX,3114,好德,31.95,32.0,31.5,31.9,168138.0
2026-09-22,TPEX,3115,富榮綱,8.26,8.26,8.26,8.26,1004.0
2026-09-22,TPEX,3118,進階,31.5,31.5,31.4,31.4,15027.0
2026-09-22,TPEX,3122,笙泉,24.25,24.3,23.85,23.85,56969.0
2026-09-22,TPEX,3128,昇銳,22.0,22.0,20.45,20.45,146223.0
2026-09-22,TPEX,3131,弘塑,2515.0,2520.0,2410.0,2410.0,296253.0
2026-09-22,TPEX,3141,晶宏,93.4,93.7,88.7,89.2,4005880.0
2026-09-22,TPEX,3147,大綜,238.0,239.0,231.5,232.0,608143.0
2026-09-22,TPEX,3152,璟德,222.0,223.5,221.0,221.0,60171.0
2026-09-22,TPEX,3158,嘉實,85.8,85.8,85.6,85.6,8013.0
2026-09-22,TPEX,3162,精確,76.9,76.9,73.5,75.1,1328674.0
2026-09-22,TPEX,3163,波若威,679.0,685.0,661.0,667.0,1668335.0
2026-09-22,TPEX,3169,亞信,106.0,111.0,106.0,107.0,388903.0
2026-09-22,TPEX,3171,炎洲流通,59.4,59.7,58.8,59.4,22131.0
2026-09-22,TPEX,3176,基亞,38.3,38.4,37.85,38.35,279690.0
2026-09-22,TPEX,3178,公準,77.3,81.6,72.5,72.5,2867900.0
2026-09-22,TPEX,3188,鑫龍騰,23.75,23.75,23.5,23.5,81970.0
2026-09-22,TPEX,3191,雲嘉南,16.6,16.9,16.5,16.85,21001.0
2026-09-22,TPEX,3205,佰研,47.0,47.0,46.55,46.55,18005.0
2026-09-22,TPEX,3206,志豐,35.25,35.8,34.85,35.4,115914.0
2026-09-22,TPEX,3207,耀勝,38.05,38.65,37.45,38.0,182329.0
2026-09-22,TPEX,3211,順達,393.0,398.0,381.0,385.0,6245071.0
2026-09-22,TPEX,3213,茂訊,126.0,126.5,124.5,125.0,144734.0
2026-09-22,TPEX,3217,優群,131.0,131.0,129.5,129.5,184949.0
2026-09-22,TPEX,3218,大學光,135.0,135.0,133.5,133.5,134191.0
2026-09-22,TPEX,3219,倚強科,104.5,108.5,99.7,108.5,2822302.0
2026-09-22,TPEX,3221,台嘉碩,49.3,49.7,48.0,48.0,1097588.0
2026-09-22,TPEX,3224,三顧,32.45,32.45,31.5,31.9,28207.0
2026-09-22,TPEX,3226,龍鋒,57.5,58.0,57.2,58.0,43112.0
2026-09-22,TPEX,3227,原相,186.5,186.5,184.0,184.0,822206.0
2026-09-22,TPEX,3228,金麗科,178.0,180.0,169.5,171.5,346441.0
2026-09-22,TPEX,3230,錦明,41.65,42.3,40.55,41.3,626191.0
2026-09-22,TPEX,3232,昱捷,21.15,21.35,21.1,21.2,35165.0
2026-09-22,TPEX,3234,光環,180.5,181.0,172.5,173.0,2432615.0
2026-09-22,TPEX,3236,千如,43.75,46.5,43.1,43.1,3406080.0
2026-09-22,TPEX,3252,海灣,15.25,15.25,15.05,15.25,85343.0
2026-09-22,TPEX,3259,鑫創,10.15,10.4,10.15,10.25,22325.0
2026-09-22,TPEX,3260,威剛,392.0,393.0,384.0,384.0,4853407.0
2026-09-22,TPEX,3264,欣銓,289.0,289.5,274.5,276.5,38164508.0
2026-09-22,TPEX,3265,台星科,182.5,198.0,181.5,189.5,5385273.0
2026-09-22,TPEX,3268,海德威,20.4,20.6,19.95,19.95,228693.0
2026-09-22,TPEX,3272,東碩,14.0,14.05,13.95,14.05,20480.0
2026-09-22,TPEX,3276,宇環,14.05,14.1,13.9,13.9,46607.0
2026-09-22,TPEX,3284,太普高,20.1,20.45,19.8,19.8,145439.0
2026-09-22,TPEX,3285,微端,43.2,43.2,41.0,42.15,70805.0
2026-09-22,TPEX,3287,廣寰科,42.3,43.7,41.0,42.6,1447391.0
2026-09-22,TPEX,3288,點晶,22.2,23.1,21.45,21.45,167336.0
2026-09-22,TPEX,3289,宜特,138.5,140.0,136.5,138.5,1608191.0
2026-09-22,TPEX,3290,東浦,46.7,47.25,45.75,46.6,1432306.0
2026-09-22,TPEX,3293,鈊象,725.0,729.0,719.0,727.0,1163385.0
2026-09-22,TPEX,3294,英濟,31.05,31.2,30.0,30.65,348210.0
2026-09-22,TPEX,3297,杭特,38.9,38.9,34.0,34.0,1429835.0
2026-09-22,TPEX,3303,岱稜,49.05,49.05,48.3,48.35,145317.0
2026-09-22,TPEX,3306,鼎天,45.3,45.35,45.05,45.1,74286.0
2026-09-22,TPEX,3310,佳穎,68.5,68.5,66.0,67.8,33000.0
2026-09-22,TPEX,3313,斐成,10.55,10.6,10.4,10.45,101049.0
2026-09-22,TPEX,3317,尼克森,57.9,60.8,57.0,60.5,1594999.0
2026-09-22,TPEX,3322,建舜電,11.35,11.35,10.9,11.0,177985.0
2026-09-22,TPEX,3323,加百裕,28.0,28.0,27.75,27.95,202944.0
2026-09-22,TPEX,3324,雙鴻,1580.0,1630.0,1545.0,1600.0,5557781.0
2026-09-22,TPEX,3325,旭品,12.4,12.75,12.15,12.25,503195.0
2026-09-22,TPEX,3332,幸康,61.2,61.2,60.2,60.2,2039.0
2026-09-22,TPEX,3339,泰谷,48.8,48.9,44.55,46.1,4987028.0
2026-09-22,TPEX,3349,寶德,19.8,19.95,19.55,19.7,71008.0
2026-09-22,TPEX,3354,律勝,30.35,30.4,28.3,28.8,1662369.0
2026-09-22,TPEX,3357,臺慶科,213.0,217.5,206.0,210.5,1453724.0
2026-09-22,TPEX,3360,尚立,15.25,15.3,15.0,15.0,287820.0
2026-09-22,TPEX,3362,先進光,177.5,179.0,171.0,172.5,1403197.0
2026-09-22,TPEX,3363,上詮,677.0,684.0,655.0,660.0,2787228.0
2026-09-22,TPEX,3372,典範,16.6,16.7,16.0,16.2,705433.0
2026-09-22,TPEX,3373,熱映,16.0,16.05,15.9,15.9,36608.0
2026-09-22,TPEX,3374,精材,465.0,487.0,459.0,487.0,17275373.0
2026-09-22,TPEX,3379,彬台,28.05,28.4,27.5,27.5,83157.0
2026-09-22,TPEX,3388,崇越電,84.4,84.4,81.8,81.8,621935.0
2026-09-22,TPEX,3390,旭軟,22.0,22.0,21.75,21.8,110616.0
2026-09-22,TPEX,3402,漢科,128.0,128.5,126.5,126.5,155438.0
2026-09-22,TPEX,3430,奇鈦科,107.0,107.5,105.0,106.5,225871.0
2026-09-22,TPEX,3434,哲固,33.35,33.7,32.2,32.25,214632.0
2026-09-22,TPEX,3438,類比科,63.5,63.8,61.7,62.1,73370.0
2026-09-22,TPEX,3441,聯一光,175.5,181.5,172.5,181.0,2181834.0
2026-09-22,TPEX,3444,利機,83.4,83.4,79.2,79.7,346059.0
2026-09-22,TPEX,3455,由田,257.5,260.5,246.0,247.5,1675276.0
2026-09-22,TPEX,3465,進泰電子,29.0,29.1,28.8,29.1,16001.0
2026-09-22,TPEX,3466,德晉,24.4,24.75,24.2,24.2,261466.0
2026-09-22,TPEX,3467,台灣精材,77.7,85.0,77.7,84.8,1307489.0
2026-09-22,TPEX,3479,安勤,133.5,135.0,129.5,129.5,621164.0
2026-09-22,TPEX,3483,力致,75.1,78.0,74.9,77.9,537666.0
2026-09-22,TPEX,3484,崧騰,45.75,46.0,45.5,45.55,65755.0
2026-09-22,TPEX,3485,敘豐,198.0,206.5,197.0,199.0,137594.0
2026-09-22,TPEX,3489,森寶,22.35,23.25,22.3,22.65,282342.0
2026-09-22,TPEX,3490,單井,46.0,46.0,44.55,45.5,3079574.0
2026-09-22,TPEX,3491,昇達科,1550.0,1555.0,1480.0,1480.0,1386718.0
2026-09-22,TPEX,3492,長盛,19.2,19.2,19.1,19.2,13100.0
2026-09-22,TPEX,3498,陽程,202.0,210.0,196.5,205.5,3268795.0
2026-09-22,TPEX,3499,環天科,13.95,14.0,13.35,13.4,69567.0
2026-09-22,TPEX,3508,位速,26.7,27.7,25.95,26.5,1915746.0
2026-09-22,TPEX,3511,矽瑪,19.65,19.9,19.4,19.75,123227.0
2026-09-22,TPEX,3512,皇龍,19.3,19.3,19.15,19.3,15300.0
2026-09-22,TPEX,3516,亞帝歐,25.2,25.25,24.85,25.25,21417.0
2026-09-22,TPEX,3520,華盈,17.6,17.6,17.1,17.3,147070.0
2026-09-22,TPEX,3521,台鋼建設,12.15,12.15,11.8,12.0,28093.0
2026-09-22,TPEX,3522,御嵿,13.3,13.3,12.85,13.0,77702.0
2026-09-22,TPEX,3523,迎輝,15.0,15.1,15.0,15.0,23101.0
2026-09-22,TPEX,3526,凡甲,271.0,273.0,268.5,271.5,176647.0
2026-09-22,TPEX,3527,聚積,52.0,52.9,51.1,51.1,175010.0
2026-09-22,TPEX,3529,力旺,2895.0,3110.0,2890.0,3110.0,1636172.0
2026-09-22,TPEX,3531,先益,20.85,21.2,20.8,21.2,9093.0
2026-09-22,TPEX,3537,堡達,54.1,54.1,52.7,52.9,184101.0
2026-09-22,TPEX,3540,曜越,23.9,23.9,23.0,23.0,201643.0
2026-09-22,TPEX,3541,西柏,22.75,24.6,22.75,24.6,785463.0
2026-09-22,TPEX,3546,宇峻,73.4,73.4,72.5,72.5,89678.0
2026-09-22,TPEX,3548,兆利,81.4,81.4,78.5,78.8,181990.0
2026-09-22,TPEX,3551,世禾,188.5,189.0,181.0,182.5,787548.0
2026-09-22,TPEX,3552,同致,39.55,39.55,39.15,39.15,502469.0
2026-09-22,TPEX,3555,博士旺,177.0,178.0,171.5,172.0,33638.0
2026-09-22,TPEX,3556,禾瑞亞,58.0,58.0,57.1,57.1,160066.0
2026-09-22,TPEX,3558,神準,125.5,125.5,123.0,124.0,68618.0
2026-09-22,TPEX,3564,其陽,50.9,50.9,49.0,49.0,130369.0
2026-09-22,TPEX,3567,逸昌,25.35,25.6,25.35,25.5,43206.0
2026-09-22,TPEX,3570,大塚,170.0,170.0,167.5,168.0,49226.0
2026-09-22,TPEX,3577,泓格,117.0,118.0,115.0,115.5,192250.0
2026-09-22,TPEX,3580,友威科,101.5,104.0,99.5,101.5,1229009.0
2026-09-22,TPEX,3581,博磊,105.5,106.0,101.0,101.0,253389.0
2026-09-22,TPEX,3587,閎康,241.0,242.0,238.0,239.0,246499.0
2026-09-22,TPEX,3594,磐儀,47.75,47.8,46.65,46.65,272857.0
2026-09-22,TPEX,3597,映興,26.5,27.45,26.5,27.05,93144.0
2026-09-22,TPEX,3609,三一東林,24.45,25.8,23.5,23.55,341847.0
2026-09-22,TPEX,3611,鼎翰,182.5,183.5,182.5,182.5,18216.0
2026-09-22,TPEX,3615,安可,37.95,38.4,37.0,37.45,750325.0
2026-09-22,TPEX,3623,富晶通,28.4,29.1,28.0,28.0,316764.0
2026-09-22,TPEX,3624,光頡,133.5,136.0,122.0,122.0,17888371.0
2026-09-22,TPEX,3625,西勝,11.4,11.95,11.4,11.45,129633.0
2026-09-22,TPEX,3628,盈正,72.3,72.8,71.8,72.8,97321.0
2026-09-22,TPEX,3629,地心引力,,,,,139.0
2026-09-22,TPEX,3630,新鉅科,26.45,26.55,26.0,26.0,311432.0
2026-09-22,TPEX,3631,晟楠,41.05,41.05,39.3,39.9,157908.0
2026-09-22,TPEX,3632,研勤,7.43,7.43,7.19,7.19,9134.0
2026-09-22,TPEX,3646,艾恩特,24.4,24.8,24.4,24.55,28008.0
2026-09-22,TPEX,3663,鑫科,63.0,63.0,60.6,60.6,399920.0
2026-09-22,TPEX,3664,安瑞-KY,8.0,8.5,8.0,8.25,77000.0
2026-09-22,TPEX,3666,光耀,25.0,25.2,25.0,25.15,37310.0
2026-09-22,TPEX,3672,康聯訊,12.0,12.0,11.7,12.0,31253.0
2026-09-22,TPEX,3675,德微,304.0,308.0,295.5,302.0,1826561.0
2026-09-22,TPEX,3680,家登,552.0,556.0,538.0,538.0,1745598.0
2026-09-22,TPEX,3684,榮昌,53.5,54.1,53.5,54.0,22286.0
2026-09-22,TPEX,3685,元創精密,35.7,35.95,35.3,35.65,190763.0
2026-09-22,TPEX,3687,歐買尬,61.9,62.0,61.0,61.0,53214.0
2026-09-22,TPEX,3689,湧德,111.0,111.5,108.0,108.0,532127.0
2026-09-22,TPEX,3691,碩禾,103.0,110.5,102.0,110.5,2195850.0
2026-09-22,TPEX,3693,營邦,719.0,739.0,697.0,700.0,2110054.0
2026-09-22,TPEX,3707,漢磊,67.0,69.5,66.0,69.5,19868360.0
2026-09-22,TPEX,3709,鑫聯大投控,64.8,64.8,63.3,63.5,198829.0
2026-09-22,TPEX,3710,連展投控,7.5,7.77,7.5,7.72,303065.0
2026-09-22,TPEX,3713,新晶投控,14.45,14.45,14.0,14.05,44376.0
2026-09-22,TPEX,3718,中光電投控,67.0,67.4,66.0,66.2,2202037.0
2026-09-22,TPEX,4102,永日,18.85,18.85,18.65,18.75,7284.0
2026-09-22,TPEX,4105,東洋,79.0,79.3,78.6,79.0,406838.0
2026-09-22,TPEX,4107,邦特,111.0,111.5,111.0,111.0,16281.0
2026-09-22,TPEX,4109,加捷生醫,11.2,11.25,11.0,11.1,232713.0
2026-09-22,TPEX,4111,濟生,28.85,28.9,28.75,28.85,38405.0
2026-09-22,TPEX,4113,聯上,15.55,15.65,15.5,15.65,90018.0
2026-09-22,TPEX,4114,健喬,29.6,29.65,29.5,29.6,601493.0
2026-09-22,TPEX,4116,明基醫,39.55,40.0,39.35,39.4,43273.0
2026-09-22,TPEX,4120,友華,46.0,46.0,45.5,46.0,19703.0
2026-09-22,TPEX,4121,優盛,12.7,12.8,12.55,12.65,42747.0
2026-09-22,TPEX,4123,晟德,30.75,31.1,30.65,31.0,1568142.0
2026-09-22,TPEX,4126,太醫,78.0,78.0,77.6,77.7,16739.0
2026-09-22,TPEX,4127,天良,60.0,60.0,54.0,54.2,824393.0
2026-09-22,TPEX,4128,中天,14.65,14.7,14.5,14.65,615992.0
2026-09-22,TPEX,4129,聯合,82.5,82.7,82.0,82.0,132533.0
2026-09-22,TPEX,4131,浩泰,31.0,31.45,30.0,31.2,27000.0
2026-09-22,TPEX,4138,曜亞,54.8,54.9,54.6,54.9,52862.0
2026-09-22,TPEX,4139,馬光-KY,41.45,41.45,40.2,41.0,21456.0
2026-09-22,TPEX,4147,中裕,65.0,65.7,63.9,65.2,1788326.0
2026-09-22,TPEX,4153,鈺緯,31.85,32.15,31.85,32.15,2428.0
2026-09-22,TPEX,4154,樂威科-KY,,,,,71.0
2026-09-22,TPEX,4157,太景*-KY,8.99,9.05,8.85,8.88,696970.0
2026-09-22,TPEX,4160,訊聯基因,39.15,40.0,39.15,39.7,40268.0
2026-09-22,TPEX,4161,聿新科,22.2,22.2,22.05,22.15,23736.0
2026-09-22,TPEX,4162,智擎,55.8,56.3,55.8,56.3,310697.0
2026-09-22,TPEX,4163,鐿鈦,134.0,134.0,132.0,133.0,23245.0
2026-09-22,TPEX,4166,友霖,24.3,24.3,24.0,24.25,68167.0
2026-09-22,TPEX,4167,松瑞藥,19.5,19.8,19.5,19.75,712525.0
2026-09-22,TPEX,4168,醣聯,21.8,21.8,21.4,21.6,134084.0
2026-09-22,TPEX,4171,瑞基,16.6,16.6,16.45,16.45,15686.0
2026-09-22,TPEX,4173,久裕,17.4,17.45,17.4,17.4,31210.0
2026-09-22,TPEX,4174,浩鼎,29.9,31.05,29.0,29.65,2062842.0
2026-09-22,TPEX,4175,杏一,51.5,51.5,51.0,51.0,10865.0
2026-09-22,TPEX,4183,福永生技,14.35,14.35,13.65,13.65,21014.0
2026-09-22,TPEX,4188,安克,13.9,13.9,13.4,13.5,146219.0
2026-09-22,TPEX,4192,杏國,18.0,18.1,17.9,18.1,12004.0
2026-09-22,TPEX,4198,欣大健康,47.3,49.4,47.1,49.4,27000.0
2026-09-22,TPEX,4205,中華食,68.8,69.0,68.5,68.8,38135.0
2026-09-22,TPEX,4207,環泰,19.45,19.45,19.35,19.35,42870.0
2026-09-22,TPEX,4303,信立,35.1,35.2,34.65,34.65,561101.0
2026-09-22,TPEX,4304,勝昱,20.8,20.8,20.8,20.8,166787.0
2026-09-22,TPEX,4305,世坤,,,,,0.0
2026-09-22,TPEX,4401,東隆興,14.15,14.15,13.75,13.85,29001.0
2026-09-22,TPEX,4402,郡都開發,14.0,14.3,13.65,13.75,28122.0
2026-09-22,TPEX,4406,新昕纖,10.4,10.4,10.1,10.25,51005.0
2026-09-22,TPEX,4413,飛寶企業,19.85,20.7,19.1,19.85,159513.0
2026-09-22,TPEX,4416,三圓,14.15,14.35,13.2,13.5,5225630.0
2026-09-22,TPEX,4417,金洲,50.1,50.1,49.8,50.0,52591.0
2026-09-22,TPEX,4419,皇家美食,47.5,47.5,45.8,45.8,26002.0
2026-09-22,TPEX,4420,光明,35.55,36.5,35.05,36.15,66988.0
2026-09-22,TPEX,4430,耀億,17.25,17.45,17.25,17.45,10732.0
2026-09-22,TPEX,4432,銘旺實,15.5,15.6,15.4,15.55,30280.0
2026-09-22,TPEX,4433,興采,17.95,18.75,17.8,18.5,227632.0
2026-09-22,TPEX,4442,竣邦-KY,54.7,54.7,53.6,53.6,37646.0
2026-09-22,TPEX,4502,健信,15.75,15.75,15.7,15.75,5559.0
2026-09-22,TPEX,4503,金雨,23.6,23.75,23.0,23.3,113817.0
2026-09-22,TPEX,4506,崇友,118.5,119.0,118.0,118.0,68341.0
2026-09-22,TPEX,4510,高鋒,44.75,44.8,43.8,43.95,445987.0
2026-09-22,TPEX,4513,福裕,16.85,17.0,16.6,16.75,456712.0
2026-09-22,TPEX,4523,永彰,24.05,24.05,23.65,23.65,73400.0
2026-09-22,TPEX,4527,方土霖,40.7,41.0,40.7,40.8,20091.0
2026-09-22,TPEX,4528,江興鍛,14.85,14.9,14.8,14.85,20182.0
2026-09-22,TPEX,4529,淳紳,3.45,3.45,3.37,3.41,61104.0
2026-09-22,TPEX,4530,天意能創,,,,,116.0
2026-09-22,TPEX,4533,協易機,25.35,25.5,24.6,24.9,727569.0
2026-09-22,TPEX,4534,慶騰,34.8,34.8,30.6,30.6,1998366.0
2026-09-22,TPEX,4535,至興,27.1,27.1,27.0,27.0,10005.0
2026-09-22,TPEX,4538,大詠城,17.75,17.75,17.4,17.5,12010.0
2026-09-22,TPEX,4541,晟田,61.0,61.3,59.5,60.1,869346.0
2026-09-22,TPEX,4542,科嶠,318.0,332.5,310.0,332.5,3090148.0
2026-09-22,TPEX,4543,萬在,29.25,29.25,28.5,28.55,75780.0
2026-09-22,TPEX,4549,桓達,97.8,98.6,96.5,97.0,23677.0
2026-09-22,TPEX,4550,長佳,24.1,24.15,23.95,23.95,21066.0
2026-09-22,TPEX,4554,橙的,28.5,28.5,28.3,28.3,15100.0
2026-09-22,TPEX,4556,旭然,87.3,89.6,84.3,85.1,926244.0
2026-09-22,TPEX,4558,寶緯,17.2,17.2,17.15,17.2,33060.0
2026-09-22,TPEX,4561,健椿,41.45,41.9,40.75,41.6,185958.0
2026-09-22,TPEX,4563,百德,47.5,51.7,47.4,50.1,968663.0
2026-09-22,TPEX,4568,科際精密,38.8,39.65,38.8,39.65,9150.0
2026-09-22,TPEX,4577,達航科技,88.4,88.4,85.2,85.8,214421.0
2026-09-22,TPEX,4580,捷流閥業,81.5,81.5,80.9,81.4,41516.0
2026-09-22,TPEX,4584,君帆,,,,,1.0
2026-09-22,TPEX,4609,唐鋒,4.06,4.06,4.06,4.06,1005.0
2026-09-22,TPEX,4702,中美實,9.39,9.4,9.3,9.3,48466.0
2026-09-22,TPEX,4706,大恭,34.0,34.0,33.8,33.8,5000.0
2026-09-22,TPEX,4707,磐亞,29.5,29.75,28.65,29.7,2383332.0
2026-09-22,TPEX,4711,永純,16.5,16.55,16.25,16.3,33162.0
2026-09-22,TPEX,4714,永捷,12.5,12.95,12.2,12.2,5313971.0
2026-09-22,TPEX,4716,大立,17.0,17.1,16.85,16.9,416864.0
2026-09-22,TPEX,4721,美琪瑪,74.7,75.6,74.2,74.5,261315.0
2026-09-22,TPEX,4726,永昕,22.95,22.95,22.25,22.65,174183.0
2026-09-22,TPEX,4728,雙美,393.5,393.5,393.5,393.5,2035.0
2026-09-22,TPEX,4729,熒茂,18.95,18.95,18.8,18.8,64984.0
2026-09-22,TPEX,4735,豪展,36.15,36.25,35.85,35.85,31109.0
2026-09-22,TPEX,4741,泓瀚,38.6,39.2,37.8,37.8,67745.0
2026-09-22,TPEX,4743,合一,44.75,45.15,44.4,44.4,706432.0
2026-09-22,TPEX,4744,皇將,29.1,29.1,28.2,28.2,26083.0
2026-09-22,TPEX,4745,合富-KY,11.85,11.9,11.75,11.85,29396.0
2026-09-22,TPEX,4747,強生*,23.7,23.8,23.6,23.6,43352.0
2026-09-22,TPEX,4749,新應材,745.0,746.0,725.0,728.0,598149.0
2026-09-22,TPEX,4754,國碳科,37.4,37.5,37.25,37.35,30367.0
2026-09-22,TPEX,4760,勤凱,270.5,276.0,263.0,263.0,509310.0
2026-09-22,TPEX,4767,誠泰科技,27.9,27.9,27.6,27.7,3101.0
2026-09-22,TPEX,4768,晶呈科技,323.0,325.0,310.0,311.5,363064.0
2026-09-22,TPEX,4772,台特化,248.0,248.0,243.5,243.5,278587.0
2026-09-22,TPEX,4806,桂田文創,9.48,10.4,9.02,10.4,44109.0
2026-09-22,TPEX,4903,聯光通,42.05,43.65,40.6,42.05,18478649.0
2026-09-22,TPEX,4905,台聯電,78.2,78.2,77.1,77.6,14138.0
2026-09-22,TPEX,4907,富宇,45.35,45.6,44.85,45.45,34804.0
2026-09-22,TPEX,4908,前鼎,233.5,234.0,222.5,222.5,3130215.0
2026-09-22,TPEX,4909,新復興,35.8,35.8,34.6,34.6,246444.0
2026-09-22,TPEX,4911,德英,28.8,29.0,28.8,29.0,10639.0
2026-09-22,TPEX,4923,力士,63.5,64.9,59.1,61.4,1432588.0
2026-09-22,TPEX,4924,欣厚-KY,18.75,18.75,18.75,18.75,561408.0
2026-09-22,TPEX,4931,新盛力,242.5,249.5,237.0,240.5,5284912.0
2026-09-22,TPEX,4933,友輝,52.4,53.5,52.3,53.1,106316.0
2026-09-22,TPEX,4939,亞電,80.3,81.3,76.2,76.7,5817103.0
2026-09-22,TPEX,4946,辣椒,93.9,95.1,93.0,95.1,35003.0
2026-09-22,TPEX,4950,金耘國際,15.45,15.6,15.4,15.5,16451.0
2026-09-22,TPEX,4951,精拓科,109.5,109.5,92.1,92.9,4192136.0
2026-09-22,TPEX,4953,緯致,120.5,120.5,118.0,118.0,321810.0
2026-09-22,TPEX,4966,譜瑞-KY,570.0,586.0,569.0,582.0,1192195.0
2026-09-22,TPEX,4971,IET-KY,594.0,594.0,565.0,568.0,1268955.0
2026-09-22,TPEX,4972,湯石照明,16.45,16.45,16.4,16.4,10354.0
2026-09-22,TPEX,4973,廣穎,141.0,142.0,137.0,137.0,506419.0
2026-09-22,TPEX,4974,亞泰,71.0,71.2,70.6,70.7,72129.0
2026-09-22,TPEX,4979,華星光,630.0,637.0,605.0,605.0,11642241.0
2026-09-22,TPEX,4991,環宇-KY,499.0,504.0,470.0,473.0,5675744.0
2026-09-22,TPEX,4995,晶達,51.7,51.7,50.5,50.5,5289.0
2026-09-22,TPEX,5009,榮剛,31.95,32.35,31.95,32.1,930308.0
2026-09-22,TPEX,5011,久陽,18.25,18.8,17.9,17.9,320546.0
2026-09-22,TPEX,5013,強新,33.3,35.2,31.8,32.3,245864.0
2026-09-22,TPEX,5014,建錩,9.88,9.93,9.86,9.88,141980.0
2026-09-22,TPEX,5015,華祺,21.5,21.5,21.2,21.35,11411.0
2026-09-22,TPEX,5016,松和,24.55,24.8,24.5,24.55,10082.0
2026-09-22,TPEX,5201,凱衛,29.1,29.65,28.45,29.25,239318.0
2026-09-22,TPEX,5202,力新,14.85,14.9,14.25,14.5,1246697.0
2026-09-22,TPEX,5205,中茂,17.25,17.25,17.25,17.25,3065.0
2026-09-22,TPEX,5206,坤悅,23.05,23.45,22.9,22.95,295519.0
2026-09-22,TPEX,5209,新鼎,173.0,173.0,169.5,169.5,103790.0
2026-09-22,TPEX,5210,寶碩,29.3,30.1,29.3,30.0,288956.0
2026-09-22,TPEX,5211,蒙恬,20.75,20.75,20.2,20.2,18189.0
2026-09-22,TPEX,5212,凌網,48.3,48.45,47.9,48.0,21449.0
2026-09-22,TPEX,5213,亞昕,20.75,20.9,20.75,20.75,112339.0
2026-09-22,TPEX,5220,萬達光電,19.65,19.95,19.55,19.8,44315.0
2026-09-22,TPEX,5223,安力-KY,22.5,23.0,22.5,22.7,7002.0
2026-09-22,TPEX,5227,立凱-KY,31.4,31.45,30.65,30.85,268599.0
2026-09-22,TPEX,5228,鈺鎧,40.7,41.3,39.3,39.6,181772.0
2026-09-22,TPEX,5230,雷笛克光學,21.5,21.75,20.6,21.75,1162812.0
2026-09-22,TPEX,5245,智晶,20.95,20.95,20.3,20.4,168706.0
2026-09-22,TPEX,5251,天鉞電,31.35,31.6,30.25,30.35,412892.0
2026-09-22,TPEX,5263,智崴,88.6,90.6,88.5,90.0,95712.0
2026-09-22,TPEX,5272,笙科,17.3,17.3,17.0,17.15,76355.0
2026-09-22,TPEX,5274,信驊,21800.0,21800.0,20625.0,20905.0,363011.0
2026-09-22,TPEX,5276,達輝-KY,18.5,18.5,18.5,18.5,1028.0
2026-09-22,TPEX,5278,尚凡*,24.05,24.45,23.8,24.2,157803.0
2026-09-22,TPEX,5287,數字,137.0,138.0,136.0,137.5,83470.0
2026-09-22,TPEX,5289,宜鼎,1325.0,1330.0,1295.0,1295.0,957320.0
2026-09-22,TPEX,5291,邑昇,59.9,59.9,58.1,58.2,191658.0
2026-09-22,TPEX,5299,杰力,97.9,97.9,96.3,96.4,139280.0
2026-09-22,TPEX,5301,寶得利,4.91,5.0,4.91,5.0,54368.0
2026-09-22,TPEX,5302,太欣,9.86,9.9,9.7,9.71,219573.0
2026-09-22,TPEX,5309,系統電,52.8,53.1,51.8,51.8,965777.0
2026-09-22,TPEX,5310,天剛,25.15,25.6,25.15,25.5,38874.0
2026-09-22,TPEX,5312,寶島科,90.9,90.9,90.9,90.9,3697.0
2026-09-22,TPEX,5314,世紀*,28.0,28.15,26.15,26.15,27152616.0
2026-09-22,TPEX,5315,光聯,19.25,19.55,18.75,19.35,343887.0
2026-09-22,TPEX,5321,美而快,69.5,70.9,68.0,68.8,377223.0
2026-09-22,TPEX,5324,士開,12.7,12.7,12.4,12.55,114079.0
2026-09-22,TPEX,5328,華容,53.5,54.2,52.0,52.0,2742207.0
2026-09-22,TPEX,5340,建榮,82.2,85.9,81.8,83.2,4362837.0
2026-09-22,TPEX,5344,立衛,13.05,13.1,13.0,13.0,54037.0
2026-09-22,TPEX,5345,馥鴻,21.5,21.5,21.5,21.5,1617.0
2026-09-22,TPEX,5347,世界,175.0,181.5,172.0,173.0,32465392.0
2026-09-22,TPEX,5348,正能量智能,16.55,16.55,16.55,16.55,1100.0
2026-09-22,TPEX,5351,鈺創,111.5,112.0,106.0,106.0,7162546.0
2026-09-22,TPEX,5353,台林,27.7,28.15,27.7,28.0,89852.0
2026-09-22,TPEX,5355,佳總,6.99,7.0,6.62,6.95,127583.0
2026-09-22,TPEX,5356,協益,25.95,26.05,25.9,26.05,54278.0
2026-09-22,TPEX,5364,力麗店,8.35,8.45,8.31,8.36,44587.0
2026-09-22,TPEX,5381,光譜,24.2,24.2,23.45,23.55,341928.0
2026-09-22,TPEX,5386,青雲,290.5,293.0,280.5,281.5,884511.0
2026-09-22,TPEX,5392,能率,40.9,40.9,39.7,39.8,688588.0
2026-09-22,TPEX,5398,慕康生醫,14.05,14.15,14.0,14.0,10027.0
2026-09-22,TPEX,5403,中菲,93.5,93.5,92.7,93.2,20299.0
2026-09-22,TPEX,5410,國眾,33.3,33.4,32.8,32.9,313508.0
2026-09-22,TPEX,5425,台半,94.5,95.3,93.5,93.5,9210854.0
2026-09-22,TPEX,5426,振發,29.5,29.65,28.6,28.6,499081.0
2026-09-22,TPEX,5432,新門,162.0,162.0,153.5,153.5,71851.0
2026-09-22,TPEX,5438,東友,16.5,16.55,16.4,16.55,32355.0
2026-09-22,TPEX,5439,高技,247.5,255.0,247.0,253.5,1470356.0
2026-09-22,TPEX,5443,均豪,111.0,111.0,106.5,106.5,1324180.0
2026-09-22,TPEX,5450,南良,14.65,14.85,14.5,14.85,95533.0
2026-09-22,TPEX,5452,佶優,28.2,28.2,27.7,27.8,385776.0
2026-09-22,TPEX,5455,昇益,30.4,30.4,30.4,30.4,1007.0
2026-09-22,TPEX,5457,宣德,24.2,24.3,23.6,23.8,774719.0
2026-09-22,TPEX,5460,同協,17.15,17.2,16.85,17.0,50716.0
2026-09-22,TPEX,5464,霖宏,91.0,92.4,90.1,91.3,392272.0
2026-09-22,TPEX,5465,富驊,32.25,32.25,30.7,31.8,6510875.0
2026-09-22,TPEX,5468,凱鈺,24.9,25.35,24.4,24.45,205630.0
2026-09-22,TPEX,5474,聰泰,168.5,169.0,164.0,166.0,353891.0
2026-09-22,TPEX,5475,德宏,188.5,195.0,179.5,181.0,8854537.0
2026-09-22,TPEX,5478,智冠,97.8,97.9,97.1,97.1,46544.0
2026-09-22,TPEX,5481,新華,21.8,22.15,21.8,22.05,120973.0
2026-09-22,TPEX,5483,中美晶,190.0,202.0,190.0,195.0,33494595.0
2026-09-22,TPEX,5487,通泰,29.4,29.8,29.0,29.4,56301.0
2026-09-22,TPEX,5488,松普,11.85,12.05,11.75,11.8,286064.0
2026-09-22,TPEX,5489,彩富,46.5,46.6,43.0,43.2,270629.0
2026-09-22,TPEX,5490,同亨,25.75,25.75,25.5,25.5,360335.0
2026-09-22,TPEX,5493,三聯,91.9,93.0,90.2,92.4,368630.0
2026-09-22,TPEX,5498,凱崴,52.8,53.2,51.2,51.2,1259149.0
2026-09-22,TPEX,5508,永信建,54.3,54.6,53.6,53.8,292284.0
2026-09-22,TPEX,5511,德昌,69.5,69.6,69.2,69.3,91679.0
2026-09-22,TPEX,5512,力麒,7.76,7.76,7.55,7.67,636441.0
2026-09-22,TPEX,5514,三豐,14.85,14.9,14.6,14.9,5128.0
2026-09-22,TPEX,5516,雙喜,11.85,12.05,11.85,12.05,4061.0
2026-09-22,TPEX,5520,力泰,84.0,84.0,82.1,82.1,4838.0
2026-09-22,TPEX,5523,豐謙,30.2,30.35,30.2,30.35,27000.0
2026-09-22,TPEX,5529,鉅陞,25.9,26.45,25.6,25.8,100142.0
2026-09-22,TPEX,5530,龍巖,49.15,49.4,48.8,48.9,191598.0
2026-09-22,TPEX,5536,聖暉*,876.0,905.0,869.0,888.0,2293789.0
2026-09-22,TPEX,5543,桓鼎-KY,27.7,27.7,26.7,27.0,10108.0
2026-09-22,TPEX,5547,久舜,20.0,20.1,20.0,20.1,31322.0
2026-09-22,TPEX,5548,安倉,20.2,20.4,20.15,20.3,26498.0
2026-09-22,TPEX,5601,台聯櫃,29.7,30.0,29.7,30.0,25000.0
2026-09-22,TPEX,5603,陸海,13.5,13.6,13.4,13.45,44649.0
2026-09-22,TPEX,5604,中連,31.0,31.0,31.0,31.0,9691.0
2026-09-22,TPEX,5609,中菲行,78.8,78.8,78.5,78.7,43053.0
2026-09-22,TPEX,5701,劍湖山,4.12,4.21,4.0,4.2,218348.0
2026-09-22,TPEX,5703,亞都,,,,,1.0
2026-09-22,TPEX,5704,老爺知,22.7,23.1,22.5,22.55,23280.0
2026-09-22,TPEX,5864,致和證,37.9,38.2,36.3,36.8,5997588.0
2026-09-22,TPEX,5878,台名,,,,,0.0
2026-09-22,TPEX,5902,德記,34.25,34.65,34.15,34.35,377531.0
2026-09-22,TPEX,5903,全家,185.0,185.0,184.5,185.0,23060.0
2026-09-22,TPEX,5904,寶雅*,71.5,72.0,70.7,70.7,7772407.0
2026-09-22,TPEX,5905,南仁湖,7.3,7.3,7.26,7.26,368930.0
2026-09-22,TPEX,6015,宏遠證,18.05,18.25,17.75,17.8,3727397.0
2026-09-22,TPEX,6016,康和證,23.95,24.25,23.5,23.65,6825933.0
2026-09-22,TPEX,6020,大展證,20.8,20.9,20.65,20.7,27028.0
2026-09-22,TPEX,6021,美好證,45.4,45.65,44.4,45.1,391227.0
2026-09-22,TPEX,6023,元大期,88.1,88.5,87.5,87.9,272616.0
2026-09-22,TPEX,6026,福邦證,15.95,16.15,15.85,15.95,2386597.0
2026-09-22,TPEX,6028,公勝保經,97.1,98.0,96.0,96.4,17552.0
2026-09-22,TPEX,6101,寬魚國際,39.0,39.0,38.0,38.3,242691.0
2026-09-22,TPEX,6103,合邦,37.6,37.6,33.85,33.85,40414.0
2026-09-22,TPEX,6104,創惟,92.1,92.1,90.4,90.4,370299.0
2026-09-22,TPEX,6109,亞元,10.5,10.55,10.3,10.5,80504.0
2026-09-22,TPEX,6111,光聚晶電,36.35,36.8,35.9,36.5,196342.0
2026-09-22,TPEX,6113,亞矽,23.15,23.15,22.55,22.6,51499.0
2026-09-22,TPEX,6114,久威,24.3,24.75,23.5,23.5,87828.0
2026-09-22,TPEX,6118,建達,15.55,15.65,15.3,15.3,174699.0
2026-09-22,TPEX,6121,新普,376.0,379.5,373.5,377.0,563189.0
2026-09-22,TPEX,6122,擎邦,52.3,53.0,51.6,52.9,923520.0
2026-09-22,TPEX,6123,上奇,43.0,43.1,42.95,43.1,29686.0
2026-09-22,TPEX,6124,業強,26.8,27.1,26.65,26.8,15897.0
2026-09-22,TPEX,6125,廣運,50.2,50.4,48.9,48.9,516833.0
2026-09-22,TPEX,6126,信音,30.8,31.1,30.7,30.7,420233.0
2026-09-22,TPEX,6127,九豪,49.8,50.2,48.05,48.15,1824865.0
2026-09-22,TPEX,6129,普誠,15.35,15.4,14.8,15.1,489468.0
2026-09-22,TPEX,6130,上亞科技,24.0,24.3,23.5,23.75,69004.0
2026-09-22,TPEX,6134,萬旭,30.35,30.35,29.0,29.25,281870.0
2026-09-22,TPEX,6138,茂達,276.5,278.5,274.0,275.0,478048.0
2026-09-22,TPEX,6140,訊達,23.5,23.5,21.95,22.1,1686647.0
2026-09-22,TPEX,6143,振曜,83.9,83.9,82.0,82.0,239280.0
2026-09-22,TPEX,6144,得利影,12.6,12.85,12.25,12.55,25051.0
2026-09-22,TPEX,6146,耕興,180.5,181.5,179.0,179.5,184933.0
2026-09-22,TPEX,6147,頎邦,230.0,233.0,218.0,219.0,53926857.0
2026-09-22,TPEX,6148,驊宏資,39.95,40.2,38.65,38.75,2685451.0
2026-09-22,TPEX,6150,撼訊,62.6,62.7,61.5,61.5,178502.0
2026-09-22,TPEX,6151,晉倫,35.2,35.7,35.0,35.2,125105.0
2026-09-22,TPEX,6154,順發,14.15,14.2,14.05,14.05,41271.0
2026-09-22,TPEX,6156,松上,21.25,21.25,20.8,20.8,342809.0
2026-09-22,TPEX,6158,禾昌,17.1,17.3,17.05,17.3,20177.0
2026-09-22,TPEX,6160,欣技,14.25,14.25,14.05,14.1,38281.0
2026-09-22,TPEX,6161,捷波,49.05,49.05,48.5,48.5,26931.0
2026-09-22,TPEX,6163,華電網,42.65,42.65,41.7,41.75,465946.0
2026-09-22,TPEX,6167,久正,10.45,10.5,10.25,10.35,301884.0
2026-09-22,TPEX,6169,昱泉,12.05,12.05,11.8,12.05,18311.0
2026-09-22,TPEX,6170,統振,48.25,48.3,48.0,48.1,82614.0
2026-09-22,TPEX,6171,大城地產,26.0,26.5,26.0,26.4,59745.0
2026-09-22,TPEX,6173,信昌電,330.5,331.0,300.0,303.0,15767584.0
2026-09-22,TPEX,6174,安碁,44.6,45.05,43.9,43.9,305709.0
2026-09-22,TPEX,6175,立敦,72.4,72.5,70.0,70.0,764911.0
2026-09-22,TPEX,6179,亞通,37.7,37.7,35.6,35.85,12581615.0
2026-09-22,TPEX,6180,橘子,40.8,40.9,40.65,40.65,225597.0
2026-09-22,TPEX,6182,合晶,116.5,125.0,116.5,119.0,102073626.0
2026-09-22,TPEX,6185,幃翔,12.85,12.85,12.65,12.65,199623.0
2026-09-22,TPEX,6186,新潤,29.8,29.9,29.55,29.75,587331.0
2026-09-22,TPEX,6187,萬潤,1260.0,1270.0,1215.0,1215.0,1384337.0
2026-09-22,TPEX,6188,廣明,63.2,63.8,62.3,62.3,533002.0
2026-09-22,TPEX,6190,萬泰科,70.6,71.2,68.8,69.0,2177813.0
2026-09-22,TPEX,6194,育富,30.5,30.5,30.05,30.45,16068.0
2026-09-22,TPEX,6195,詩肯,27.8,28.0,27.8,27.9,46495.0
2026-09-22,TPEX,6198,瑞築,19.5,19.55,19.5,19.55,4002.0
2026-09-22,TPEX,6199,天品,115.0,118.5,114.5,116.5,7302496.0
2026-09-22,TPEX,6203,海韻電,60.0,60.0,59.5,59.5,56768.0
2026-09-22,TPEX,6204,艾華,110.0,111.0,102.0,103.0,775497.0
2026-09-22,TPEX,6207,雷科,119.0,120.0,114.0,115.5,5349195.0
2026-09-22,TPEX,6208,日揚,77.0,77.0,75.0,75.0,140707.0
2026-09-22,TPEX,6210,慶生,17.3,17.75,17.3,17.45,9181.0
2026-09-22,TPEX,6212,理銘,32.0,32.0,32.0,32.0,1120.0
2026-09-22,TPEX,6217,中探針,180.0,180.0,169.0,170.5,3460768.0
2026-09-22,TPEX,6218,豪勉,69.0,69.0,61.0,61.0,12763387.0
2026-09-22,TPEX,6219,富旺,12.25,12.25,12.05,12.15,83020.0
2026-09-22,TPEX,6220,岳豐,25.15,25.35,24.85,25.15,156426.0
2026-09-22,TPEX,6221,晉泰,30.45,30.95,30.0,30.55,975522.0
2026-09-22,TPEX,6222,立軒,18.45,19.05,18.4,19.05,43000.0
2026-09-22,TPEX,6223,旺矽,5615.0,5735.0,5090.0,5345.0,2303296.0
2026-09-22,TPEX,6227,茂綸,133.0,141.5,132.0,135.0,2126219.0
2026-09-22,TPEX,6228,全譜,,,,,282.0
2026-09-22,TPEX,6229,研通,23.7,23.7,23.6,23.6,24723.0
2026-09-22,TPEX,6231,系微,228.0,230.0,223.0,224.5,310480.0
2026-09-22,TPEX,6233,旺玖,21.6,21.6,21.0,21.15,100650.0
2026-09-22,TPEX,6234,高僑,41.95,41.95,38.5,38.65,2502422.0
2026-09-22,TPEX,6236,中湛,15.75,16.75,15.75,16.75,7421.0
2026-09-22,TPEX,6237,驊訊,34.7,34.7,33.8,34.0,121299.0
2026-09-22,TPEX,6240,松崗,24.35,24.85,23.95,24.2,40302.0
2026-09-22,TPEX,6241,鑫永洋,15.95,16.0,15.25,15.25,195121.0
2026-09-22,TPEX,6242,立康,,,,,182.0
2026-09-22,TPEX,6244,茂迪,24.1,24.35,23.65,23.7,4708205.0
2026-09-22,TPEX,6245,立端,89.0,89.0,85.2,85.7,1140254.0
2026-09-22,TPEX,6246,臺龍,12.95,13.0,12.8,12.8,13618.0
2026-09-22,TPEX,6248,沛波,16.8,16.8,16.75,16.8,22569.0
2026-09-22,TPEX,6259,百徽,30.2,30.3,29.4,29.45,132342.0
2026-09-22,TPEX,6261,久元,80.1,81.7,78.5,79.9,654774.0
2026-09-22,TPEX,6263,普萊德,159.0,159.0,157.0,157.0,66373.0
2026-09-22,TPEX,6264,富裔,6.0,6.01,5.96,6.01,25100.0
2026-09-22,TPEX,6265,方土昶,49.1,49.1,47.3,47.3,1590954.0
2026-09-22,TPEX,6266,泰詠,25.2,25.2,24.85,24.9,87283.0
2026-09-22,TPEX,6270,倍微,30.35,30.35,29.1,29.15,194931.0
2026-09-22,TPEX,6274,台燿,1480.0,1510.0,1395.0,1440.0,11765124.0
2026-09-22,TPEX,6275,元山,46.1,46.5,45.45,45.45,140015.0
2026-09-22,TPEX,6276,安鈦克,19.65,20.1,19.35,19.45,15169.0
2026-09-22,TPEX,6279,胡連,113.5,113.5,111.5,112.0,380978.0
2026-09-22,TPEX,6284,佳邦,76.5,77.0,75.5,75.6,412437.0
2026-09-22,TPEX,6290,良維,286.0,291.5,275.5,276.0,4445282.0
2026-09-22,TPEX,6291,沛亨,520.0,520.0,492.5,501.0,1533244.0
2026-09-22,TPEX,6292,迅德,68.8,68.8,65.6,65.8,362825.0
2026-09-22,TPEX,6294,智基,28.65,28.65,28.45,28.45,4050.0
2026-09-22,TPEX,6411,晶焱,80.0,80.0,78.4,78.8,195093.0
2026-09-22,TPEX,6417,韋僑,103.0,103.5,101.0,101.5,74609.0
2026-09-22,TPEX,6418,詠昇,35.4,36.6,34.75,35.1,60436.0
2026-09-22,TPEX,6419,京晨科,152.5,152.5,151.0,151.0,59657.0
2026-09-22,TPEX,6423,億而得,87.8,87.8,85.0,85.4,43510.0
2026-09-22,TPEX,6425,易發,74.8,75.2,70.3,72.7,3622285.0
2026-09-22,TPEX,6432,今展科,62.0,63.0,60.9,62.0,1315592.0
2026-09-22,TPEX,6435,大中,247.5,251.5,246.0,246.0,347149.0
2026-09-22,TPEX,6441,廣錠,25.6,25.95,24.35,24.55,599846.0
2026-09-22,TPEX,6461,益得,24.75,24.75,24.15,24.15,102519.0
2026-09-22,TPEX,6462,神盾,100.0,102.5,97.9,98.0,1096010.0
2026-09-22,TPEX,6465,威潤,42.6,44.45,41.85,42.0,173732.0
2026-09-22,TPEX,6469,大樹,64.5,64.8,64.3,64.3,284236.0
2026-09-22,TPEX,6470,宇智,43.0,43.0,42.75,43.0,21384.0
2026-09-22,TPEX,6474,華豫寧,35.35,35.4,35.3,35.3,14732.0
2026-09-22,TPEX,6482,弘煜科,,,,,257.0
2026-09-22,TPEX,6485,點序,77.3,77.3,69.0,69.0,1579915.0
2026-09-22,TPEX,6486,互動,81.5,81.9,81.0,81.6,65781.0
2026-09-22,TPEX,6488,環球晶,950.0,1010.0,950.0,971.0,19730685.0
2026-09-22,TPEX,6492,生華科,34.4,34.5,33.85,34.1,114546.0
2026-09-22,TPEX,6494,九齊,52.0,52.7,51.1,51.8,181524.0
2026-09-22,TPEX,6496,科懋,24.05,24.05,23.7,24.0,14823.0
2026-09-22,TPEX,6498,久禾光,68.1,68.6,67.0,67.2,80540.0
2026-09-22,TPEX,6499,益安,76.0,76.3,72.8,73.5,315909.0
2026-09-22,TPEX,6506,雙邦,18.05,18.15,18.05,18.15,29561.0
2026-09-22,TPEX,6508,惠光,28.85,29.15,28.0,29.0,379136.0
2026-09-22,TPEX,6509,聚和,47.4,47.45,46.75,47.15,689678.0
2026-09-22,TPEX,6510,精測,3515.0,3775.0,3460.0,3700.0,1530974.0
2026-09-22,TPEX,6512,啟發電,20.25,20.25,20.15,20.2,18238.0
2026-09-22,TPEX,6516,勤崴國際,59.6,59.6,57.4,57.5,27550.0
2026-09-22,TPEX,6517,保勝光學,66.6,67.3,63.8,64.2,416399.0
2026-09-22,TPEX,6523,達爾膚,89.5,89.9,89.5,89.7,23965.0
2026-09-22,TPEX,6527,明達醫,75.0,75.0,75.0,75.0,26501.0
2026-09-22,TPEX,6530,創威,101.5,102.5,99.8,100.5,2030812.0
2026-09-22,TPEX,6532,瑞耘,100.0,101.0,97.9,98.5,522531.0
2026-09-22,TPEX,6535,順藥,77.5,78.1,76.7,78.0,110035.0
2026-09-22,TPEX,6538,倉和,440.0,468.0,416.5,445.5,4260624.0
2026-09-22,TPEX,6542,隆中,41.4,41.4,40.55,41.1,8000.0
2026-09-22,TPEX,6546,正基,61.0,61.0,60.0,60.0,139344.0
2026-09-22,TPEX,6547,高端疫苗,58.5,59.9,57.7,59.3,3607607.0
2026-09-22,TPEX,6548,長科*,74.0,74.9,73.1,73.6,1571630.0
2026-09-22,TPEX,6556,勝品,61.6,61.6,61.3,61.5,4030.0
2026-09-22,TPEX,6560,欣普羅,33.05,33.5,33.05,33.1,31025.0
2026-09-22,TPEX,6561,是方,314.5,314.5,311.5,312.5,38804.0
2026-09-22,TPEX,6568,宏觀,145.5,145.5,140.0,141.0,94127.0
2026-09-22,TPEX,6569,醫揚,91.8,91.9,91.3,91.5,20068.0
2026-09-22,TPEX,6570,維田,47.55,47.65,46.9,47.05,71234.0
2026-09-22,TPEX,6574,霈方,122.5,122.5,119.0,120.0,37932.0
2026-09-22,TPEX,6576,逸達,80.8,81.2,80.4,80.9,65655.0
2026-09-22,TPEX,6577,勁豐,79.5,79.8,79.2,79.7,44710.0
2026-09-22,TPEX,6578,達邦蛋白,17.1,17.25,17.0,17.1,39015.0
2026-09-22,TPEX,6584,南俊國際,570.0,584.0,553.0,553.0,411741.0
2026-09-22,TPEX,6588,東典光電,116.0,118.5,112.0,112.0,1679554.0
2026-09-22,TPEX,6590,普鴻,69.2,69.2,65.5,68.3,29942.0
2026-09-22,TPEX,6593,台灣銘板,31.95,32.0,31.95,32.0,8383.0
2026-09-22,TPEX,6596,寬宏藝術,98.2,98.2,96.5,96.8,81374.0
2026-09-22,TPEX,6597,立誠,69.0,69.0,65.0,69.0,18285.0
2026-09-22,TPEX,6603,富強鑫,28.5,28.55,27.3,27.95,3913880.0
2026-09-22,TPEX,6609,瀧澤科,40.4,40.4,39.7,39.8,73722.0
2026-09-22,TPEX,6612,奈米醫材,71.8,71.8,71.0,71.5,23237.0
2026-09-22,TPEX,6613,朋億*,272.5,272.5,267.0,267.0,303758.0
2026-09-22,TPEX,6615,慧智,33.7,33.7,33.7,33.7,2426.0
2026-09-22,TPEX,6616,特昇-KY,8.19,8.2,8.16,8.16,13050.0
2026-09-22,TPEX,6617,共信-KY,140.5,142.0,138.0,141.0,666410.0
2026-09-22,TPEX,6620,漢達,137.5,137.5,125.0,126.5,5275186.0
2026-09-22,TPEX,6624,萬年清,38.55,38.55,37.6,37.6,12000.0
2026-09-22,TPEX,6629,泰金-KY,104.5,106.0,102.5,106.0,16165.0
2026-09-22,TPEX,6637,醫影,54.0,54.4,54.0,54.4,10678.0
2026-09-22,TPEX,6640,均華,1130.0,1140.0,1030.0,1035.0,673340.0
2026-09-22,TPEX,6642,富致,79.8,79.9,78.5,78.8,116265.0
2026-09-22,TPEX,6643,M31,482.5,520.0,482.0,489.5,1898117.0
2026-09-22,TPEX,6649,台生材,35.4,35.65,35.4,35.65,2007.0
2026-09-22,TPEX,6651,全宇昕,153.5,154.5,150.5,152.0,161412.0
2026-09-22,TPEX,6654,天正國際,211.5,211.5,200.0,201.0,38537.0
2026-09-22,TPEX,6661,威健生技,16.0,16.0,15.95,15.95,11201.0
2026-09-22,TPEX,6662,樂斯科,29.4,29.4,28.5,28.5,2015.0
2026-09-22,TPEX,6664,群翊,348.5,348.5,342.0,347.0,236288.0
2026-09-22,TPEX,6667,信紘科,260.5,268.0,259.5,263.5,855063.0
2026-09-22,TPEX,6679,鈺太,200.5,203.5,199.0,199.0,173742.0
2026-09-22,TPEX,6680,鑫創電子,55.1,55.1,55.0,55.0,9087.0
2026-09-22,TPEX,6683,雍智科技,1645.0,1655.0,1585.0,1590.0,1930232.0
2026-09-22,TPEX,6684,安格,50.8,52.9,49.25,49.25,304189.0
2026-09-22,TPEX,6690,安碁資訊,180.0,181.5,178.0,180.0,175740.0
2026-09-22,TPEX,6692,進能服,23.2,23.7,23.2,23.3,44106.0
2026-09-22,TPEX,6693,廣閎科,180.5,184.0,179.0,179.5,585967.0
2026-09-22,TPEX,6697,東捷資訊,41.4,41.7,41.1,41.7,19586.0
2026-09-22,TPEX,6703,軒郁,101.0,101.0,99.7,101.0,62938.0
2026-09-22,TPEX,6708,天擎,40.0,40.0,38.8,38.9,11091.0
2026-09-22,TPEX,6712,長聖,158.5,160.5,158.0,160.0,211420.0
2026-09-22,TPEX,6716,應廣,117.5,120.5,117.0,118.0,430977.0
2026-09-22,TPEX,6720,久昌,126.0,128.5,126.0,128.5,6586.0
2026-09-22,TPEX,6721,信實,50.2,50.2,50.1,50.2,8096.0
2026-09-22,TPEX,6725,矽科宏晟,220.0,222.0,218.0,218.0,51650.0
2026-09-22,TPEX,6727,亞泰金屬,485.0,488.0,463.5,475.0,1156179.0
2026-09-22,TPEX,6728,上洋,108.0,108.5,108.0,108.0,11053.0
2026-09-22,TPEX,6730,常廣,32.0,32.4,32.0,32.4,7000.0
2026-09-22,TPEX,6732,昇佳電子,150.0,151.5,149.0,150.0,101866.0
2026-09-22,TPEX,6733,博晟生醫,25.05,25.4,25.0,25.35,99375.0
2026-09-22,TPEX,6735,美達科技,63.8,64.3,62.8,63.9,62151.0
2026-09-22,TPEX,6739,竹陞科技,1130.0,1130.0,1080.0,1080.0,210479.0
2026-09-22,TPEX,6741,91APP*-KY,57.6,58.1,55.8,57.0,130048.0
2026-09-22,TPEX,6751,智聯服務,43.8,43.85,43.8,43.8,8483.0
2026-09-22,TPEX,6752,叡揚,97.0,97.9,96.5,97.0,18953.0
2026-09-22,TPEX,6761,穩得,168.0,168.0,165.0,165.0,156039.0
2026-09-22,TPEX,6762,達亞,,,,,569.0
2026-09-22,TPEX,6763,綠界科技*,41.35,41.65,41.0,41.6,247662.0
2026-09-22,TPEX,6767,台微醫,25.0,25.4,23.55,25.4,5000.0
2026-09-22,TPEX,6785,昱展新藥,101.0,101.0,96.2,96.2,84729.0
2026-09-22,TPEX,6788,華景電,344.5,345.0,335.5,336.5,194940.0
2026-09-22,TPEX,6791,虎門科技,100.5,100.5,100.0,100.0,9141.0
2026-09-22,TPEX,6803,崑鼎,267.0,268.0,266.0,267.0,64521.0
2026-09-22,TPEX,6804,明係,18.45,18.45,18.15,18.25,73001.0
2026-09-22,TPEX,6811,宏碁資訊,260.5,260.5,250.0,251.5,446762.0
2026-09-22,TPEX,6821,聯寶,41.5,41.85,40.8,40.85,98295.0
2026-09-22,TPEX,6823,濾能,60.9,60.9,59.7,60.0,26291.0
2026-09-22,TPEX,6829,千附精密,220.5,220.5,209.0,210.0,1225296.0
2026-09-22,TPEX,6840,東研信超,108.0,108.0,101.5,104.5,592973.0
2026-09-22,TPEX,6841,長佳智能,53.8,53.8,53.1,53.6,105314.0
2026-09-22,TPEX,6843,進典,39.2,39.2,38.2,38.9,11330.0
2026-09-22,TPEX,6844,諾貝兒,56.5,56.5,56.2,56.2,12547.0
2026-09-22,TPEX,6846,綠茵,59.1,59.2,58.2,58.2,3418.0
2026-09-22,TPEX,6855,數泓科,113.0,114.0,111.0,112.0,7769.0
2026-09-22,TPEX,6856,鑫傳,41.1,41.8,40.8,41.8,5039.0
2026-09-22,TPEX,6859,伯特光,124.5,124.5,117.0,117.5,36371.0
2026-09-22,TPEX,6865,偉康科技,26.8,27.5,26.75,27.5,7022.0
2026-09-22,TPEX,6870,騰雲,312.0,314.0,299.0,299.0,82332.0
2026-09-22,TPEX,6872,浩宇生醫,23.2,25.0,22.45,23.8,591561.0
2026-09-22,TPEX,6874,倍力,70.0,70.0,68.8,68.8,13260.0
2026-09-22,TPEX,6875,國邑*,33.5,34.75,32.8,32.8,480741.0
2026-09-22,TPEX,6877,鏵友益,121.0,126.0,121.0,123.5,99686.0
2026-09-22,TPEX,6881,潤德,,,,,87.0
2026-09-22,TPEX,6884,海柏特,,,,,751.0
2026-09-22,TPEX,6894,衛司特,375.5,382.5,370.0,370.0,121885.0
2026-09-22,TPEX,6895,宏碩系統,140.5,143.0,140.5,143.0,11201.0
2026-09-22,TPEX,6899,創為精密,50.6,50.6,50.0,50.2,12410.0
2026-09-22,TPEX,6903,巨漢,308.0,310.0,302.0,303.5,164880.0
2026-09-22,TPEX,6904,伯鑫,,,,,134.0
2026-09-22,TPEX,6907,雅特力-KY,188.0,191.5,185.5,187.5,1656857.0
2026-09-22,TPEX,6910,德鴻,25.6,26.25,25.2,25.65,45054.0
2026-09-22,TPEX,6913,鴻呈,131.5,132.0,128.5,129.0,220234.0
2026-09-22,TPEX,6922,宸曜,206.0,208.5,203.0,204.0,171109.0
2026-09-22,TPEX,6925,意藍,58.3,58.3,56.1,56.4,119793.0
2026-09-22,TPEX,6929,佑全,22.0,22.0,22.0,22.0,3399.0
2026-09-22,TPEX,6945,圓祥生技,130.5,137.5,130.5,135.0,626964.0
2026-09-22,TPEX,6953,家碩,240.5,242.0,237.5,237.5,22480.0
2026-09-22,TPEX,6961,旅天下,47.9,47.9,47.15,47.5,25100.0
2026-09-22,TPEX,6967,汎瑋材料,66.2,66.8,65.8,66.3,74277.0
2026-09-22,TPEX,6968,萬達寵物,41.55,41.55,41.3,41.55,34758.0
2026-09-22,TPEX,6971,惠民實業,23.85,23.85,23.65,23.7,44615.0
2026-09-22,TPEX,6982,大井泵浦,44.75,44.75,43.1,43.5,32721.0
2026-09-22,TPEX,6983,華洋精機,351.5,351.5,340.0,348.0,49320.0
2026-09-22,TPEX,6986,和迅,42.6,46.4,41.5,45.25,161651.0
2026-09-22,TPEX,6996,力領科技,171.5,172.0,169.0,169.0,49807.0
2026-09-22,TPEX,6997,博弘,67.0,67.0,66.5,67.0,6530.0
2026-09-22,TPEX,7402,邑錡,101.5,101.5,100.0,100.0,134673.0
2026-09-22,TPEX,7547,碩網,51.3,52.3,51.3,51.8,78149.0
2026-09-22,TPEX,7556,意德士,261.5,264.0,258.5,258.5,30883.0
2026-09-22,TPEX,7584,樂意,29.1,29.1,27.95,27.95,7275.0
2026-09-22,TPEX,7642,昶瑞機電,69.2,71.3,68.0,68.3,38837.0
2026-09-22,TPEX,7703,銳澤,199.5,202.0,199.5,200.0,35412.0
2026-09-22,TPEX,7704,明遠精密,63.0,63.0,61.5,62.1,56152.0
2026-09-22,TPEX,7708,全家餐飲,91.8,92.2,91.8,91.9,20545.0
2026-09-22,TPEX,7709,榮田,87.5,90.0,85.0,87.0,291870.0
2026-09-22,TPEX,7712,博盛半導體,161.0,161.0,157.5,157.5,209692.0
2026-09-22,TPEX,7713,威力德生醫,74.8,74.8,73.8,73.8,6000.0
2026-09-22,TPEX,7714,創泓科技,178.0,178.0,163.0,163.0,655855.0
2026-09-22,TPEX,7715,裕山,27.1,28.3,26.7,27.85,154875.0
2026-09-22,TPEX,7716,昱臺國際,23.35,23.95,23.3,23.95,7000.0
2026-09-22,TPEX,7717,萊德光電-KY,606.0,621.0,586.0,595.0,1213177.0
2026-09-22,TPEX,7718,友鋮,46.95,46.95,45.65,45.65,44157.0
2026-09-22,TPEX,7723,築間,18.45,18.45,18.3,18.35,74237.0
2026-09-22,TPEX,7728,光焱科技,607.0,607.0,576.0,576.0,102838.0
2026-09-22,TPEX,7734,印能科技,2610.0,2690.0,2560.0,2560.0,180264.0
2026-09-22,TPEX,7738,東聯互動,160.5,160.5,157.5,157.5,19726.0
2026-09-22,TPEX,7743,金利食安,25.0,25.0,24.35,25.0,42524.0
2026-09-22,TPEX,7744,崴寶,542.0,546.0,523.0,534.0,188036.0
2026-09-22,TPEX,7747,昕奇雲端,111.0,114.0,111.0,114.0,7746.0
2026-09-22,TPEX,7751,竑騰,1460.0,1490.0,1420.0,1420.0,100314.0
2026-09-22,TPEX,7753,星亞,35.45,35.9,35.45,35.85,6003.0
2026-09-22,TPEX,7757,金色三麥,89.9,89.9,88.4,88.6,4199.0
2026-09-22,TPEX,7767,仁大資訊,46.55,46.95,46.55,46.65,17050.0
2026-09-22,TPEX,7770,君曜,39.0,39.9,39.0,39.9,19032.0
2026-09-22,TPEX,7772,耀穎,177.5,188.0,176.0,188.0,1505386.0
2026-09-22,TPEX,7777,能率亞洲,36.0,36.2,35.6,35.75,911166.0
2026-09-22,TPEX,7782,光速火箭,25.85,25.85,25.3,25.3,7000.0
2026-09-22,TPEX,7792,安葆,345.0,378.0,332.0,378.0,2184631.0
2026-09-22,TPEX,7794,宏碁智新,30.85,30.85,30.5,30.5,32151.0
2026-09-22,TPEX,7805,威聯通,500.0,509.0,498.0,505.0,68703.0
2026-09-22,TPEX,7810,捷創科技,222.5,227.0,218.5,226.5,116043.0
2026-09-22,TPEX,7811,民盛,73.0,73.0,73.0,73.0,11000.0
2026-09-22,TPEX,7814,海昌生技,28.5,28.5,28.3,28.3,7000.0
2026-09-22,TPEX,7819,精誠金融,34.6,34.6,34.35,34.35,32672.0
2026-09-22,TPEX,7820,立盈,103.0,108.5,102.0,104.5,24529.0
2026-09-22,TPEX,7825,和亞智慧,77.4,77.5,74.9,75.5,365490.0
2026-09-22,TPEX,7828,創新服務,2110.0,2110.0,1920.0,1920.0,385949.0
2026-09-22,TPEX,7839,達人網,43.9,43.9,43.0,43.3,8515.0
2026-09-22,TPEX,7842,天能綠電,98.5,98.5,95.9,97.3,14370.0
2026-09-22,TPEX,7856,漢測,4400.0,4995.0,4305.0,4730.0,2111876.0
2026-09-22,TPEX,8024,佑華,12.7,12.8,12.6,12.7,25806.0
2026-09-22,TPEX,8027,鈦昇,183.0,189.0,180.0,181.0,3300548.0
2026-09-22,TPEX,8032,光菱,36.3,36.4,35.8,35.8,48562.0
2026-09-22,TPEX,8034,榮群,21.2,21.3,20.85,20.95,314753.0
2026-09-22,TPEX,8038,長園科,33.2,34.2,32.1,32.25,242834.0
2026-09-22,TPEX,8040,九暘,84.7,91.5,84.7,85.1,5640246.0
2026-09-22,TPEX,8042,金山電,116.5,117.0,111.5,111.5,2727423.0
2026-09-22,TPEX,8043,蜜望實,136.0,136.5,131.0,131.0,1035818.0
2026-09-22,TPEX,8044,網家,24.25,24.45,23.65,23.65,449339.0
2026-09-22,TPEX,8047,星雲,,,,,3.0
2026-09-22,TPEX,8048,德勝,50.2,50.2,49.0,49.1,104114.0
2026-09-22,TPEX,8049,晶采,24.45,24.5,24.3,24.45,219686.0
2026-09-22,TPEX,8050,廣積,59.7,59.8,59.1,59.3,984079.0
2026-09-22,TPEX,8054,安國,86.2,92.0,85.9,86.1,4333342.0
2026-09-22,TPEX,8059,凱碩,19.5,19.55,18.15,18.15,519287.0
2026-09-22,TPEX,8064,東捷,139.0,142.0,133.0,134.0,11516526.0
2026-09-22,TPEX,8066,來思達,15.25,15.25,14.95,15.2,8245.0
2026-09-22,TPEX,8067,志旭,11.5,11.55,11.35,11.55,8003.0
2026-09-22,TPEX,8068,全達,16.55,17.65,16.4,17.65,451877.0
2026-09-22,TPEX,8069,元太,146.0,147.0,144.0,145.0,5795804.0
2026-09-22,TPEX,8071,能率網通,22.45,22.45,21.85,21.85,266542.0
2026-09-22,TPEX,8074,鉅橡,52.0,52.0,51.0,51.7,371457.0
2026-09-22,TPEX,8076,伍豐,21.4,21.65,21.4,21.4,346079.0
2026-09-22,TPEX,8077,洛碁,43.0,43.0,42.3,42.3,9033.0
2026-09-22,TPEX,8080,泰霖,28.1,28.25,28.1,28.15,16048.0
2026-09-22,TPEX,8083,瑞穎,157.5,157.5,155.5,156.0,41098.0
2026-09-22,TPEX,8084,巨虹,40.85,41.45,40.5,40.8,475187.0
2026-09-22,TPEX,8085,福華,14.5,14.65,14.4,14.5,138147.0
2026-09-22,TPEX,8086,宏捷科,111.0,112.0,110.0,110.0,1982954.0
2026-09-22,TPEX,8087,麗升能源,24.45,25.0,24.45,24.8,19805.0
2026-09-22,TPEX,8088,品安,43.75,43.75,42.2,42.2,417370.0
2026-09-22,TPEX,8089,康全電訊,19.95,19.95,19.1,19.15,332153.0
2026-09-22,TPEX,8091,翔名,217.5,217.5,214.0,215.5,276015.0
2026-09-22,TPEX,8092,建暐,12.7,13.65,12.7,12.8,276756.0
2026-09-22,TPEX,8093,保銳,24.6,24.6,24.1,24.1,29382.0
2026-09-22,TPEX,8096,擎亞,87.5,88.2,84.0,84.2,4279190.0
2026-09-22,TPEX,8097,常珵,49.65,50.8,49.05,49.25,282002.0
2026-09-22,TPEX,8099,大世科,59.9,60.9,59.8,60.6,170186.0
2026-09-22,TPEX,8102,傑霖科技,61.1,61.1,61.0,61.0,3278.0
2026-09-22,TPEX,8107,大億金茂,12.25,12.3,12.1,12.1,36821.0
2026-09-22,TPEX,8109,博大,134.0,134.0,131.0,131.0,130967.0
2026-09-22,TPEX,8111,立碁,81.5,82.9,76.1,77.5,22989685.0
2026-09-22,TPEX,8121,越峰,27.9,28.2,27.7,27.95,599892.0
2026-09-22,TPEX,8147,正淩,142.0,143.0,135.5,137.5,449119.0
2026-09-22,TPEX,8155,博智,337.0,354.5,333.0,344.5,1013398.0
2026-09-22,TPEX,8171,天宇,20.5,20.8,20.4,20.6,257307.0
2026-09-22,TPEX,8176,智捷,9.87,9.87,9.68,9.77,106129.0
2026-09-22,TPEX,8182,加高,40.5,40.5,39.7,39.7,441862.0
2026-09-22,TPEX,8183,精星,28.6,29.0,28.1,28.2,832967.0
2026-09-22,TPEX,8227,巨有科技,299.5,316.0,295.0,305.0,1713962.0
2026-09-22,TPEX,8234,新漢,63.0,63.0,61.1,61.1,499716.0
2026-09-22,TPEX,8240,華宏,51.7,54.1,51.0,51.9,1481166.0
2026-09-22,TPEX,8255,朋程,139.5,142.0,139.5,139.5,363387.0
2026-09-22,TPEX,8272,全景軟體,64.4,65.4,64.1,65.3,13100.0
2026-09-22,TPEX,8277,商丞,15.25,16.1,15.2,16.0,373560.0
2026-09-22,TPEX,8279,生展,79.3,79.3,77.6,78.1,55361.0
2026-09-22,TPEX,8284,三竹,68.8,69.4,68.2,69.0,5599.0
2026-09-22,TPEX,8289,泰藝,45.25,45.25,43.95,44.3,290243.0
2026-09-22,TPEX,8291,尚茂,29.55,29.55,29.2,29.45,20313.0
2026-09-22,TPEX,8299,群聯,2195.0,2240.0,2165.0,2185.0,5388944.0
2026-09-22,TPEX,8342,益張,84.0,84.0,83.5,83.5,3200.0
2026-09-22,TPEX,8349,恒耀,38.0,38.0,37.45,37.95,211566.0
2026-09-22,TPEX,8354,冠好,16.85,17.7,16.8,17.35,135127.0
2026-09-22,TPEX,8358,金居,501.0,501.0,490.0,491.5,2206107.0
2026-09-22,TPEX,8383,千附,67.8,68.0,66.4,66.4,608476.0
2026-09-22,TPEX,8390,金益鼎,90.6,91.3,90.1,90.4,481492.0
2026-09-22,TPEX,8401,白紗科,22.75,22.8,22.55,22.55,13632.0
2026-09-22,TPEX,8403,盛弘,18.9,19.0,18.9,18.95,32121.0
2026-09-22,TPEX,8409,商之器,,,,,6.0
2026-09-22,TPEX,8410,森田,29.0,29.0,28.6,28.7,82053.0
2026-09-22,TPEX,8415,大國鋼,35.0,35.25,34.95,34.95,277469.0
2026-09-22,TPEX,8416,實威,168.5,169.0,168.5,168.5,13216.0
2026-09-22,TPEX,8421,旭源,13.0,13.0,12.8,12.8,62084.0
2026-09-22,TPEX,8423,保綠-KY,18.0,18.3,18.0,18.0,34633.0
2026-09-22,TPEX,8424,惠普,69.0,69.0,68.9,68.9,7090.0
2026-09-22,TPEX,8426,紅木-KY,20.5,20.8,20.4,20.6,13100.0
2026-09-22,TPEX,8431,匯鑽科,65.0,68.4,63.1,64.0,3693959.0
2026-09-22,TPEX,8432,東生華,50.8,50.8,50.6,50.6,16425.0
2026-09-22,TPEX,8433,弘帆,53.2,53.9,53.0,53.0,29510.0
2026-09-22,TPEX,8435,鉅邁,53.1,53.1,52.9,52.9,10001.0
2026-09-22,TPEX,8436,大江,103.5,107.0,103.5,106.0,889792.0
2026-09-22,TPEX,8437,大地-KY,8.98,9.21,8.96,9.03,16201.0
2026-09-22,TPEX,8440,綠電,20.0,20.35,20.0,20.05,56030.0
2026-09-22,TPEX,8444,綠河-KY,4.46,4.51,4.46,4.51,4957.0
2026-09-22,TPEX,8446,華研,84.5,84.6,84.2,84.2,24090.0
2026-09-22,TPEX,8450,霹靂,14.0,14.2,14.0,14.2,31655.0
2026-09-22,TPEX,8455,大拓-KY,23.7,23.7,22.35,22.35,9402.0
2026-09-22,TPEX,8472,納維康,77.8,78.3,75.3,78.3,10000.0
2026-09-22,TPEX,8477,創業家,14.25,14.45,14.2,14.25,61129.0
2026-09-22,TPEX,8489,三貝德,21.4,23.65,21.2,23.4,485302.0
2026-09-22,TPEX,8905,裕國,34.9,34.9,34.75,34.75,6219.0
2026-09-22,TPEX,8906,花王,29.95,29.95,29.0,29.8,7100.0
2026-09-22,TPEX,8908,欣雄,40.45,40.5,40.45,40.5,39003.0
2026-09-22,TPEX,8916,光隆,40.85,41.1,40.85,40.95,63871.0
2026-09-22,TPEX,8917,欣泰,54.5,55.0,54.5,54.5,9002.0
2026-09-22,TPEX,8921,沈氏,17.3,17.35,17.3,17.35,2007.0
2026-09-22,TPEX,8923,時報,18.65,18.65,18.65,18.65,7002.0
2026-09-22,TPEX,8924,大田,49.45,50.3,49.45,49.95,72923.0
2026-09-22,TPEX,8927,北基,19.15,19.35,18.75,19.15,131349.0
2026-09-22,TPEX,8928,鉅明,22.9,23.4,22.9,23.4,8038.0
2026-09-22,TPEX,8929,富堡,12.85,13.0,12.85,12.85,17393.0
2026-09-22,TPEX,8930,青鋼,28.8,29.5,28.5,29.2,74954.0
2026-09-22,TPEX,8931,大汽電,43.05,43.15,42.8,43.05,35495.0
2026-09-22,TPEX,8932,智通*,95.1,96.5,93.3,93.7,1206535.0
2026-09-22,TPEX,8933,愛地雅,4.48,4.5,4.35,4.35,209956.0
2026-09-22,TPEX,8935,邦泰,17.25,17.4,17.25,17.25,82094.0
2026-09-22,TPEX,8936,國統,52.7,52.9,52.0,52.0,760680.0
2026-09-22,TPEX,8937,合騏*,29.3,29.3,27.0,27.7,174277.0
2026-09-22,TPEX,8938,明安,52.7,53.0,52.2,52.9,131361.0
2026-09-22,TPEX,8941,關中,43.3,44.0,43.3,44.0,3347.0
2026-09-22,TPEX,8942,森鉅,40.5,40.75,40.4,40.7,75242.0
2026-09-22,TPEX,9949,琉園,24.05,24.45,23.9,23.9,61390.0
2026-09-22,TPEX,9950,萬國通,10.2,10.25,10.15,10.15,50112.0
2026-09-22,TPEX,9951,皇田,48.4,48.4,48.15,48.2,17661.0
2026-09-22,TPEX,9960,邁達康,32.95,35.35,32.6,35.25,185642.0
2026-09-22,TPEX,9962,有益,10.0,10.0,9.97,9.97,5035.0
