date,market,stock_id,name,open,high,low,close,volume
2026-09-17,TWSE,1101,台泥,23.85,24.05,23.75,24.05,18247875.0
2026-09-17,TWSE,1102,亞泥,35.25,35.25,34.8,34.95,5340789.0
2026-09-17,TWSE,1103,嘉泥,13.05,13.05,12.95,13.0,269287.0
2026-09-17,TWSE,1104,環泥,26.75,26.8,26.6,26.65,620830.0
2026-09-17,TWSE,1108,幸福,11.05,11.05,10.95,11.05,453335.0
2026-09-17,TWSE,1109,信大,13.45,13.45,13.35,13.4,168856.0
2026-09-17,TWSE,1110,東泥,15.4,15.45,15.25,15.45,257822.0
2026-09-17,TWSE,1201,味全,12.05,12.1,11.95,12.05,286731.0
2026-09-17,TWSE,1203,味王,42.25,42.9,42.25,42.25,19933.0
2026-09-17,TWSE,1210,大成,51.6,52.0,51.4,51.5,1348078.0
2026-09-17,TWSE,1213,大飲,7.2,7.35,7.17,7.35,10000.0
2026-09-17,TWSE,1215,卜蜂,105.5,107.0,105.0,106.0,544606.0
2026-09-17,TWSE,1216,統一,74.8,74.8,74.2,74.5,7214403.0
2026-09-17,TWSE,1217,愛之味,9.97,9.97,9.93,9.93,268137.0
2026-09-17,TWSE,1218,泰山,14.3,14.35,14.25,14.35,374082.0
2026-09-17,TWSE,1219,福壽,11.2,11.25,11.15,11.15,156430.0
2026-09-17,TWSE,1220,台榮,10.75,10.8,10.7,10.8,38702.0
2026-09-17,TWSE,1225,福懋油,25.4,25.4,24.6,24.6,96157.0
2026-09-17,TWSE,1227,佳格,28.25,28.25,28.05,28.05,1158683.0
2026-09-17,TWSE,1229,聯華,40.4,40.7,40.05,40.05,2019769.0
2026-09-17,TWSE,1231,聯華食,79.5,79.9,79.3,79.3,268126.0
2026-09-17,TWSE,1232,大統益,155.5,156.0,154.0,154.0,77474.0
2026-09-17,TWSE,1233,天仁,27.9,27.9,27.85,27.85,17147.0
2026-09-17,TWSE,1234,黑松,33.25,33.25,33.05,33.1,114928.0
2026-09-17,TWSE,1235,興泰,36.15,36.6,36.1,36.35,11624.0
2026-09-17,TWSE,1236,宏亞,25.45,25.55,25.25,25.55,74298.0
2026-09-17,TWSE,1256,鮮活果汁-KY,172.0,172.0,170.5,170.5,32188.0
2026-09-17,TWSE,1301,台塑,62.1,63.7,61.7,62.4,18778277.0
2026-09-17,TWSE,1303,南亞,222.5,232.0,222.5,224.0,48008257.0
2026-09-17,TWSE,1304,台聚,12.15,12.45,12.15,12.2,4270887.0
2026-09-17,TWSE,1305,華夏,11.7,12.15,11.7,11.95,2051397.0
2026-09-17,TWSE,1307,三芳,30.3,30.55,30.25,30.35,886890.0
2026-09-17,TWSE,1308,亞聚,14.05,14.3,13.95,14.0,791329.0
2026-09-17,TWSE,1309,台達化,13.55,14.0,13.55,13.7,4806987.0
2026-09-17,TWSE,1310,台苯,8.45,8.59,8.45,8.49,1295664.0
2026-09-17,TWSE,1312,國喬,14.3,14.85,14.3,14.8,14773724.0
2026-09-17,TWSE,1313,聯成,11.8,12.25,11.8,11.95,3579577.0
2026-09-17,TWSE,1314,中石化,8.11,8.22,8.1,8.15,17974530.0
2026-09-17,TWSE,1315,達新,66.0,66.2,65.6,66.2,32914.0
2026-09-17,TWSE,1316,上曜,10.4,10.7,10.4,10.7,1799998.0
2026-09-17,TWSE,1319,東陽,79.0,79.3,78.6,78.8,2168326.0
2026-09-17,TWSE,1321,大洋,32.2,32.35,32.0,32.3,65000.0
2026-09-17,TWSE,1323,永裕,21.35,21.55,21.25,21.4,43359.0
2026-09-17,TWSE,1324,地球,9.98,10.05,9.98,9.99,13810.0
2026-09-17,TWSE,1325,恆大,25.6,25.95,25.5,25.6,141790.0
2026-09-17,TWSE,1326,台化,66.1,67.7,65.4,65.8,15902772.0
2026-09-17,TWSE,1337,再生-KY,4.39,4.44,4.39,4.4,103957.0
2026-09-17,TWSE,1338,廣華-KY,14.25,14.35,14.2,14.25,31259.0
2026-09-17,TWSE,1339,昭輝,42.7,43.4,42.55,43.1,62439.0
2026-09-17,TWSE,1340,勝悅-KY,5.07,5.23,5.07,5.16,80429.0
2026-09-17,TWSE,1341,富林-KY,,,,,7.0
2026-09-17,TWSE,1342,八貫,100.5,101.0,99.9,99.9,63431.0
2026-09-17,TWSE,1402,遠東新,27.9,27.9,27.35,27.4,11778604.0
2026-09-17,TWSE,1409,新纖,23.9,24.1,23.8,23.95,8276245.0
2026-09-17,TWSE,1410,南染,23.9,24.7,23.9,24.7,71356.0
2026-09-17,TWSE,1413,宏洲,9.2,9.2,9.11,9.18,3264.0
2026-09-17,TWSE,1414,東和,17.4,17.4,17.0,17.2,312292.0
2026-09-17,TWSE,1416,廣豐,11.35,11.35,11.1,11.25,180705.0
2026-09-17,TWSE,1417,嘉裕,7.98,8.1,7.94,8.02,236638.0
2026-09-17,TWSE,1418,東華,17.55,18.15,17.55,17.9,37832.0
2026-09-17,TWSE,1419,新紡,65.9,66.2,65.5,65.5,143031.0
2026-09-17,TWSE,1423,利華,,,,,10347.0
2026-09-17,TWSE,1432,大魯閣,14.95,15.05,14.95,14.95,86493.0
2026-09-17,TWSE,1434,福懋,17.5,17.7,17.45,17.5,1258682.0
2026-09-17,TWSE,1435,中福,,,,,6.0
2026-09-17,TWSE,1436,華友聯,36.4,36.4,35.95,36.2,267184.0
2026-09-17,TWSE,1437,勤益控,31.95,32.4,31.95,32.25,225573.0
2026-09-17,TWSE,1438,三地開發,21.55,21.55,21.25,21.25,52126.0
2026-09-17,TWSE,1439,雋揚,28.1,28.1,28.1,28.1,15254.0
2026-09-17,TWSE,1440,南紡,13.05,13.25,12.9,12.9,2474429.0
2026-09-17,TWSE,1441,大東,8.66,8.72,8.55,8.72,30524.0
2026-09-17,TWSE,1442,名軒,29.9,30.5,29.3,30.25,815182.0
2026-09-17,TWSE,1443,立益物流,23.0,23.35,23.0,23.05,8431.0
2026-09-17,TWSE,1444,力麗,6.65,6.72,6.65,6.69,594816.0
2026-09-17,TWSE,1445,大宇,10.4,10.4,10.1,10.15,282036.0
2026-09-17,TWSE,1446,宏和,13.3,13.4,13.3,13.35,141588.0
2026-09-17,TWSE,1447,力鵬,6.3,6.36,6.3,6.32,609501.0
2026-09-17,TWSE,1449,佳和,12.3,12.3,12.05,12.05,232126.0
2026-09-17,TWSE,1451,年興,16.9,17.05,16.9,17.05,21081.0
2026-09-17,TWSE,1452,宏益,10.9,11.0,10.85,10.85,237876.0
2026-09-17,TWSE,1453,大將,10.8,10.85,10.75,10.85,45297.0
2026-09-17,TWSE,1454,台富,12.35,12.65,12.3,12.6,36242.0
2026-09-17,TWSE,1455,集盛,9.62,9.65,9.52,9.52,476524.0
2026-09-17,TWSE,1456,怡華,14.35,14.35,13.85,13.9,154010.0
2026-09-17,TWSE,1457,宜進,14.35,14.45,14.25,14.3,84460.0
2026-09-17,TWSE,1459,聯發,15.5,15.7,15.4,15.55,176813.0
2026-09-17,TWSE,1460,宏遠,6.25,6.31,6.25,6.25,249188.0
2026-09-17,TWSE,1463,強盛新,17.65,17.95,17.6,17.75,226513.0
2026-09-17,TWSE,1464,得力,9.96,10.0,9.87,9.91,568570.0
2026-09-17,TWSE,1465,偉全,11.9,12.0,11.7,11.7,204531.0
2026-09-17,TWSE,1466,聚隆,14.85,14.9,14.7,14.85,224159.0
2026-09-17,TWSE,1467,南緯,8.02,8.05,7.93,7.97,136520.0
2026-09-17,TWSE,1468,昶和,12.9,12.9,12.65,12.85,45000.0
2026-09-17,TWSE,1470,大統新創,24.0,24.15,23.75,23.8,45000.0
2026-09-17,TWSE,1471,首利,9.31,9.54,9.26,9.3,174527.0
2026-09-17,TWSE,1472,三洋實業,87.8,88.0,87.5,87.8,25082.0
2026-09-17,TWSE,1473,台南,19.8,19.8,19.6,19.6,61171.0
2026-09-17,TWSE,1474,弘裕,9.86,9.96,9.82,9.83,76550.0
2026-09-17,TWSE,1475,業旺,26.5,26.5,25.85,25.9,14130.0
2026-09-17,TWSE,1476,儒鴻,286.0,287.5,281.0,284.0,1088777.0
2026-09-17,TWSE,1477,聚陽,192.0,193.0,189.0,191.0,1946631.0
2026-09-17,TWSE,1503,士電,195.5,197.5,195.5,195.5,657655.0
2026-09-17,TWSE,1504,東元,69.0,70.2,68.9,70.2,5463569.0
2026-09-17,TWSE,1506,正道,9.75,9.82,9.75,9.77,60009.0
2026-09-17,TWSE,1512,瑞利,6.13,6.23,6.1,6.18,70569.0
2026-09-17,TWSE,1513,中興電,162.5,164.0,162.5,162.5,1473069.0
2026-09-17,TWSE,1514,亞力,100.0,100.5,99.4,99.8,1066817.0
2026-09-17,TWSE,1515,力山,29.15,29.45,29.0,29.25,381507.0
2026-09-17,TWSE,1516,川飛,14.4,14.5,14.4,14.5,8172.0
2026-09-17,TWSE,1517,利奇,10.4,10.5,10.3,10.4,201084.0
2026-09-17,TWSE,1519,華城,698.0,709.0,697.0,706.0,753594.0
2026-09-17,TWSE,1521,大億,24.6,25.25,24.6,25.15,28086.0
2026-09-17,TWSE,1522,堤維西,25.05,25.2,24.9,25.05,605495.0
2026-09-17,TWSE,1524,耿鼎,25.65,25.9,25.65,25.75,211523.0
2026-09-17,TWSE,1525,江申,64.2,65.0,63.6,65.0,5161.0
2026-09-17,TWSE,1526,日馳,14.75,14.75,14.45,14.7,188010.0
2026-09-17,TWSE,1527,鑽全,32.45,32.45,32.25,32.3,60040.0
2026-09-17,TWSE,1528,恩德,24.8,26.3,24.6,24.95,29029986.0
2026-09-17,TWSE,1529,樂事綠能,14.6,14.95,14.35,14.8,3885317.0
2026-09-17,TWSE,1530,亞崴,27.5,27.5,26.8,27.1,36426.0
2026-09-17,TWSE,1531,高林股,11.6,11.75,11.5,11.6,104201.0
2026-09-17,TWSE,1532,勤美,22.4,22.45,22.3,22.3,1009353.0
2026-09-17,TWSE,1533,車王電,30.05,30.2,29.95,30.1,78742.0
2026-09-17,TWSE,1535,中宇,44.35,44.5,44.3,44.5,29002.0
2026-09-17,TWSE,1536,和大,46.1,46.5,46.0,46.25,1697948.0
2026-09-17,TWSE,1537,廣隆,114.0,115.5,114.0,115.0,48919.0
2026-09-17,TWSE,1538,正峰,,,,,668.0
2026-09-17,TWSE,1539,巨庭,15.55,15.6,15.55,15.6,15001.0
2026-09-17,TWSE,1540,喬福,19.15,19.45,19.15,19.35,69363.0
2026-09-17,TWSE,1541,錩泰,,,,,8000.0
2026-09-17,TWSE,1558,伸興,108.5,109.5,108.0,109.5,110561.0
2026-09-17,TWSE,1560,中砂,740.0,754.0,739.0,741.0,672723.0
2026-09-17,TWSE,1563,巧新,74.8,74.8,72.9,73.7,533204.0
2026-09-17,TWSE,1568,倉佑,28.9,30.15,28.8,29.5,589788.0
2026-09-17,TWSE,1582,信錦,69.8,70.3,68.7,69.9,436365.0
2026-09-17,TWSE,1583,程泰,46.9,47.0,46.85,46.85,31338.0
2026-09-17,TWSE,1587,吉茂,23.15,23.6,23.15,23.45,95068.0
2026-09-17,TWSE,1590,亞德客-KY,1305.0,1305.0,1230.0,1240.0,917020.0
2026-09-17,TWSE,1597,直得,134.5,138.5,134.5,138.5,681067.0
2026-09-17,TWSE,1598,岱宇,20.1,20.3,20.05,20.15,56091.0
2026-09-17,TWSE,1603,華電,29.9,30.05,29.75,29.85,104854.0
2026-09-17,TWSE,1604,聲寶,23.3,23.4,23.3,23.35,264074.0
2026-09-17,TWSE,1605,華新,36.35,36.85,36.3,36.75,9678848.0
2026-09-17,TWSE,1608,華榮,35.5,36.0,35.45,36.0,1542296.0
2026-09-17,TWSE,1609,大亞,37.5,37.5,37.15,37.3,1490732.0
2026-09-17,TWSE,1611,中電,11.3,11.45,11.3,11.4,738923.0
2026-09-17,TWSE,1612,宏泰,34.65,34.85,34.55,34.85,222570.0
2026-09-17,TWSE,1614,三洋電,30.85,31.15,30.85,30.95,62498.0
2026-09-17,TWSE,1615,大山,43.4,43.4,42.9,43.0,49062.0
2026-09-17,TWSE,1616,億泰,18.4,18.45,18.15,18.25,188620.0
2026-09-17,TWSE,1617,榮星,17.75,18.3,17.7,17.95,257476.0
2026-09-17,TWSE,1618,合機,38.45,38.75,38.45,38.55,169131.0
2026-09-17,TWSE,1623,大東電,204.0,204.0,202.5,203.0,28072.0
2026-09-17,TWSE,1626,艾美特-KY,9.5,9.68,9.48,9.67,75762.0
2026-09-17,TWSE,1702,南僑,32.35,32.35,32.15,32.3,77179.0
2026-09-17,TWSE,1707,葡萄王,86.3,86.8,86.2,86.5,232551.0
2026-09-17,TWSE,1708,東鹼,48.05,49.5,48.05,49.3,2020634.0
2026-09-17,TWSE,1709,和益,35.95,39.05,35.9,39.05,21302413.0
2026-09-17,TWSE,1710,東聯,15.7,16.1,15.7,15.7,4330157.0
2026-09-17,TWSE,1711,永光,38.5,39.8,38.2,39.25,2924715.0
2026-09-17,TWSE,1712,興農,39.9,40.0,39.6,39.6,836043.0
2026-09-17,TWSE,1713,國化,41.75,42.1,41.75,41.9,215929.0
2026-09-17,TWSE,1714,和桐,15.25,15.65,15.2,15.6,5865650.0
2026-09-17,TWSE,1717,長興,68.8,71.3,68.8,70.7,7073755.0
2026-09-17,TWSE,1718,中纖,10.4,10.6,10.4,10.5,6566522.0
2026-09-17,TWSE,1720,生達,56.1,56.2,55.8,55.9,151263.0
2026-09-17,TWSE,1721,國慶科技,21.2,21.95,21.2,21.8,410586.0
2026-09-17,TWSE,1722,台肥,42.05,42.15,41.7,41.85,2620903.0
2026-09-17,TWSE,1723,中碳,81.0,81.9,80.1,80.1,910872.0
2026-09-17,TWSE,1725,元禎,32.15,33.45,32.15,33.15,55864.0
2026-09-17,TWSE,1726,永記,76.6,76.8,76.4,76.8,31765.0
2026-09-17,TWSE,1727,中華化,91.5,98.7,90.9,95.6,8782788.0
2026-09-17,TWSE,1730,花仙子,51.3,51.4,51.2,51.2,40253.0
2026-09-17,TWSE,1731,美吾華,20.8,20.95,20.75,20.75,73843.0
2026-09-17,TWSE,1732,毛寶,25.9,25.9,25.8,25.85,48035.0
2026-09-17,TWSE,1733,五鼎,30.2,30.85,30.15,30.25,261960.0
2026-09-17,TWSE,1734,杏輝,31.3,31.45,31.05,31.3,440505.0
2026-09-17,TWSE,1735,日勝化,19.15,19.95,19.15,19.6,31356.0
2026-09-17,TWSE,1736,喬山,126.0,127.0,124.0,125.5,467246.0
2026-09-17,TWSE,1737,臺鹽,30.4,30.5,30.3,30.5,143047.0
2026-09-17,TWSE,1752,南光,31.2,31.3,31.2,31.2,10321.0
2026-09-17,TWSE,1760,寶齡富錦,54.4,54.4,53.5,53.6,130258.0
2026-09-17,TWSE,1762,中化生,33.95,33.95,33.3,33.65,34475.0
2026-09-17,TWSE,1773,勝一,158.0,160.0,157.5,159.0,261687.0
2026-09-17,TWSE,1776,展宇,17.75,18.6,17.7,18.35,152688.0
2026-09-17,TWSE,1783,和康生,36.25,36.3,36.15,36.25,34840.0
2026-09-17,TWSE,1786,科妍,43.05,43.4,42.7,42.75,92785.0
2026-09-17,TWSE,1789,神隆,18.15,18.25,18.1,18.15,274779.0
2026-09-17,TWSE,1795,美時,179.0,179.5,176.0,178.0,875931.0
2026-09-17,TWSE,1802,台玻,56.4,58.7,56.2,58.5,12004130.0
2026-09-17,TWSE,1805,寶徠,10.0,10.1,10.0,10.1,30095.0
2026-09-17,TWSE,1806,冠軍,7.99,8.0,7.97,7.99,56956.0
2026-09-17,TWSE,1808,潤隆,33.0,33.75,33.0,33.65,2542566.0
2026-09-17,TWSE,1809,中釉,36.45,37.4,36.45,37.3,907335.0
2026-09-17,TWSE,1810,和成,23.4,23.65,23.4,23.5,1027641.0
2026-09-17,TWSE,1817,凱撒衛,40.2,40.2,40.1,40.2,38117.0
2026-09-17,TWSE,1903,士紙,47.3,47.3,46.95,46.95,232860.0
2026-09-17,TWSE,1904,正隆,24.5,24.8,24.4,24.4,2904506.0
2026-09-17,TWSE,1905,華紙,13.1,13.2,13.05,13.1,3228321.0
2026-09-17,TWSE,1906,寶隆,10.75,10.95,10.75,10.8,32444.0
2026-09-17,TWSE,1907,永豐餘,28.95,29.05,28.85,28.85,547293.0
2026-09-17,TWSE,1909,榮成,10.0,10.15,10.0,10.15,5104456.0
2026-09-17,TWSE,2002,中鋼,18.7,18.75,18.65,18.65,26366296.0
2026-09-17,TWSE,2006,東和鋼鐵,81.3,82.5,80.8,81.1,1894701.0
2026-09-17,TWSE,2007,燁興,6.65,6.77,6.63,6.72,493222.0
2026-09-17,TWSE,2008,高興昌,30.8,30.8,30.5,30.5,4324.0
2026-09-17,TWSE,2009,第一銅,38.45,38.9,38.45,38.8,1630917.0
2026-09-17,TWSE,2010,春源,21.55,21.65,21.5,21.6,560308.0
2026-09-17,TWSE,2012,春雨,13.8,14.0,13.8,13.9,36658.0
2026-09-17,TWSE,2013,中鋼構,41.2,41.65,41.2,41.3,42809.0
2026-09-17,TWSE,2014,中鴻,16.4,16.45,16.25,16.35,1070824.0
2026-09-17,TWSE,2015,豐興,64.8,64.8,63.6,63.7,259913.0
2026-09-17,TWSE,2017,官田鋼,8.68,8.74,8.64,8.73,509293.0
2026-09-17,TWSE,2020,美亞,21.55,21.55,21.4,21.45,139736.0
2026-09-17,TWSE,2022,聚亨,7.19,7.19,7.08,7.15,341830.0
2026-09-17,TWSE,2023,燁輝,13.75,13.8,13.6,13.7,2070388.0
2026-09-17,TWSE,2024,志聯,12.85,12.85,12.85,12.85,5014.0
2026-09-17,TWSE,2025,千興,11.9,12.15,11.9,12.0,336897.0
2026-09-17,TWSE,2027,大成鋼,45.2,46.65,45.1,46.55,14323752.0
2026-09-17,TWSE,2028,威致,15.7,15.7,15.45,15.6,54946.0
2026-09-17,TWSE,2029,盛餘,20.65,20.75,20.55,20.6,308823.0
2026-09-17,TWSE,2030,彰源,22.5,22.7,22.35,22.7,2808902.0
2026-09-17,TWSE,2031,新光鋼,43.3,43.65,43.3,43.45,947969.0
2026-09-17,TWSE,2032,新鋼,16.6,16.65,16.55,16.6,514042.0
2026-09-17,TWSE,2033,佳大,26.0,28.05,25.8,28.05,1238288.0
2026-09-17,TWSE,2034,允強,20.45,20.7,20.35,20.7,751327.0
2026-09-17,TWSE,2038,海光,11.75,12.05,11.75,12.0,125488.0
2026-09-17,TWSE,2049,上銀,330.0,332.5,325.0,331.5,2282437.0
2026-09-17,TWSE,2059,川湖,12040.0,12445.0,11800.0,12045.0,454477.0
2026-09-17,TWSE,2062,橋椿,18.2,18.2,18.0,18.05,117031.0
2026-09-17,TWSE,2069,運錩,23.0,23.75,23.0,23.65,962714.0
2026-09-17,TWSE,2072,世紀風電,128.0,128.0,126.0,126.5,160617.0
2026-09-17,TWSE,2101,南港,30.35,30.35,29.85,29.85,2015928.0
2026-09-17,TWSE,2102,泰豐,17.75,17.9,17.75,17.85,154136.0
2026-09-17,TWSE,2103,台橡,25.75,27.15,25.75,26.85,6778855.0
2026-09-17,TWSE,2104,國際中橡,10.35,10.6,10.3,10.45,4517906.0
2026-09-17,TWSE,2105,正新,30.15,30.25,29.8,29.9,8791079.0
2026-09-17,TWSE,2106,建大,16.65,16.65,16.45,16.5,1269795.0
2026-09-17,TWSE,2107,厚生,26.6,26.8,26.6,26.6,341164.0
2026-09-17,TWSE,2108,南帝,27.8,28.65,27.75,28.15,1556969.0
2026-09-17,TWSE,2109,華豐,14.75,14.75,14.65,14.7,57464.0
2026-09-17,TWSE,2114,鑫永銓,88.3,88.8,88.2,88.6,26174.0
2026-09-17,TWSE,2115,六暉-KY,23.7,23.9,23.65,23.65,62160.0
2026-09-17,TWSE,2201,裕隆,29.75,30.05,29.65,29.85,2280778.0
2026-09-17,TWSE,2204,中華,52.1,52.4,52.0,52.1,476628.0
2026-09-17,TWSE,2206,三陽工業,63.7,63.8,63.0,63.6,521934.0
2026-09-17,TWSE,2207,和泰車,535.0,535.0,516.0,520.0,673022.0
2026-09-17,TWSE,2208,台船,18.8,19.0,18.8,18.85,608633.0
2026-09-17,TWSE,2211,長榮鋼,80.5,80.6,80.0,80.1,361105.0
2026-09-17,TWSE,2227,裕日車,45.8,45.8,45.2,45.5,38481.0
2026-09-17,TWSE,2228,劍麟,75.0,75.9,74.9,75.0,66422.0
2026-09-17,TWSE,2231,為升,88.9,90.1,88.9,89.8,76899.0
2026-09-17,TWSE,2233,宇隆,156.0,158.5,156.0,158.0,341052.0
2026-09-17,TWSE,2236,百達-KY,117.0,118.0,106.5,114.0,2111973.0
2026-09-17,TWSE,2237,華德動能-創,26.8,27.2,26.8,27.15,61400.0
2026-09-17,TWSE,2239,英利-KY,19.45,19.55,19.05,19.4,48100.0
2026-09-17,TWSE,2241,艾姆勒,33.5,34.0,32.8,33.65,241827.0
2026-09-17,TWSE,2243,宏旭-KY,47.95,48.25,47.6,47.85,699207.0
2026-09-17,TWSE,2247,汎德永業,229.5,229.5,228.0,229.5,15215.0
2026-09-17,TWSE,2248,華勝-KY,59.8,60.4,59.8,60.2,12000.0
2026-09-17,TWSE,2250,IKKA-KY,55.0,58.0,55.0,55.8,109700.0
2026-09-17,TWSE,2254,巨鎧精密-創,73.1,77.0,73.0,74.2,2865537.0
2026-09-17,TWSE,2258,鴻華先進-創,30.2,30.45,29.95,30.15,246890.0
2026-09-17,TWSE,2301,光寶科,273.0,279.0,271.0,277.0,13634786.0
2026-09-17,TWSE,2302,麗正,40.5,44.2,40.5,44.2,5846455.0
2026-09-17,TWSE,2303,聯電,139.5,142.5,138.0,142.0,117165966.0
2026-09-17,TWSE,2305,全友,44.5,49.4,44.1,49.4,25857898.0
2026-09-17,TWSE,2308,台達電,1680.0,1730.0,1655.0,1710.0,10673726.0
2026-09-17,TWSE,2312,金寶,31.4,31.4,30.65,30.95,10732941.0
2026-09-17,TWSE,2313,華通,221.5,225.0,216.0,225.0,18970240.0
2026-09-17,TWSE,2314,台揚,10.5,10.5,10.4,10.5,314583.0
2026-09-17,TWSE,2316,楠梓電,155.5,159.5,154.0,158.5,1103894.0
2026-09-17,TWSE,2317,鴻海,247.5,248.5,246.0,248.0,19737377.0
2026-09-17,TWSE,2323,中環,10.5,10.65,10.45,10.55,2707759.0
2026-09-17,TWSE,2324,仁寶,37.2,37.35,36.8,37.35,22476027.0
2026-09-17,TWSE,2327,國巨*,539.0,543.0,526.0,536.0,27854767.0
2026-09-17,TWSE,2328,廣宇,45.0,45.85,45.0,45.75,1289323.0
2026-09-17,TWSE,2329,華泰,41.7,43.45,41.45,42.55,2165182.0
2026-09-17,TWSE,2330,台積電,2375.0,2395.0,2375.0,2380.0,20919285.0
2026-09-17,TWSE,2331,精英,18.6,18.8,18.5,18.8,1346881.0
2026-09-17,TWSE,2332,友訊,18.8,19.4,18.8,19.35,11634426.0
2026-09-17,TWSE,2337,旺宏,116.0,120.0,116.0,119.0,22351849.0
2026-09-17,TWSE,2338,光罩,46.1,50.7,45.35,50.7,26655259.0
2026-09-17,TWSE,2340,台亞,31.75,33.65,31.65,33.1,4536464.0
2026-09-17,TWSE,2342,茂矽,39.0,41.0,38.9,40.55,3781871.0
2026-09-17,TWSE,2344,華邦電,163.5,169.5,163.5,169.0,83218538.0
2026-09-17,TWSE,2345,智邦,1840.0,1860.0,1830.0,1840.0,3116998.0
2026-09-17,TWSE,2347,聯強,89.3,89.7,88.3,88.7,3211283.0
2026-09-17,TWSE,2348,海悅,70.1,70.3,69.7,70.2,590768.0
2026-09-17,TWSE,2349,錸德,10.1,10.25,10.1,10.2,1391804.0
2026-09-17,TWSE,2351,順德,254.0,256.0,231.0,236.0,11722519.0
2026-09-17,TWSE,2352,佳世達,28.6,29.5,28.3,29.15,5900535.0
2026-09-17,TWSE,2353,宏碁,31.0,32.0,30.95,32.0,18042980.0
2026-09-17,TWSE,2354,鴻準,65.0,66.0,64.8,65.2,6149398.0
2026-09-17,TWSE,2355,敬鵬,40.6,41.0,40.25,40.7,1128035.0
2026-09-17,TWSE,2356,英業達,60.8,61.8,60.5,61.7,8635681.0
2026-09-17,TWSE,2357,華碩,928.0,947.0,925.0,939.0,2547613.0
2026-09-17,TWSE,2359,所羅門,125.5,129.5,125.0,129.5,1372642.0
2026-09-17,TWSE,2360,致茂,2090.0,2130.0,2070.0,2090.0,1119387.0
2026-09-17,TWSE,2362,藍天,46.45,47.0,46.3,47.0,358490.0
2026-09-17,TWSE,2363,矽統,50.6,52.3,50.6,52.0,3055894.0
2026-09-17,TWSE,2364,倫飛,64.2,65.0,64.0,64.0,106938.0
2026-09-17,TWSE,2365,昆盈,27.2,27.7,27.2,27.65,402273.0
2026-09-17,TWSE,2367,燿華,40.0,40.2,39.7,39.8,2308835.0
2026-09-17,TWSE,2368,金像電,986.0,1010.0,966.0,992.0,5363645.0
2026-09-17,TWSE,2369,菱生,29.0,29.45,28.95,29.45,1975232.0
2026-09-17,TWSE,2371,大同,28.2,28.35,27.85,28.25,5338154.0
2026-09-17,TWSE,2373,震旦行,52.5,53.0,52.5,52.7,12054.0
2026-09-17,TWSE,2374,佳能,66.4,67.1,66.0,66.7,2119041.0
2026-09-17,TWSE,2375,凱美,118.5,120.5,117.0,120.5,1325231.0
2026-09-17,TWSE,2376,技嘉,344.5,350.0,341.0,350.0,4050554.0
2026-09-17,TWSE,2377,微星,149.0,153.5,148.5,153.5,6238224.0
2026-09-17,TWSE,2379,瑞昱,711.0,726.0,711.0,720.0,2540007.0
2026-09-17,TWSE,2380,虹光,16.75,16.85,16.5,16.8,106155.0
2026-09-17,TWSE,2382,廣達,334.5,341.0,333.0,340.5,16995268.0
2026-09-17,TWSE,2383,台光電,5060.0,5175.0,5030.0,5085.0,1686031.0
2026-09-17,TWSE,2385,群光,106.0,107.0,105.0,105.5,2414053.0
2026-09-17,TWSE,2387,精元,36.0,36.45,35.95,36.35,134450.0
2026-09-17,TWSE,2388,威盛,70.2,71.4,69.4,71.3,2250709.0
2026-09-17,TWSE,2390,云辰,9.95,10.1,9.91,9.99,299844.0
2026-09-17,TWSE,2392,正崴,41.3,42.65,40.35,41.95,1933367.0
2026-09-17,TWSE,2393,億光,62.0,63.5,62.0,63.1,1856784.0
2026-09-17,TWSE,2395,研華,685.0,695.0,676.0,695.0,2260135.0
2026-09-17,TWSE,2397,友通,59.2,59.8,59.0,59.0,101389.0
2026-09-17,TWSE,2399,映泰,46.0,47.5,45.85,47.3,5827804.0
2026-09-17,TWSE,2401,凌陽,23.8,24.4,23.8,24.4,1394388.0
2026-09-17,TWSE,2402,毅嘉,53.6,54.5,53.0,54.5,592487.0
2026-09-17,TWSE,2404,漢唐,1040.0,1060.0,1030.0,1035.0,746369.0
2026-09-17,TWSE,2405,輔信,14.65,14.8,14.65,14.75,487701.0
2026-09-17,TWSE,2406,國碩,26.05,26.65,26.0,26.45,1661791.0
2026-09-17,TWSE,2408,南亞科,476.0,495.0,475.0,492.5,36437142.0
2026-09-17,TWSE,2409,友達,28.2,29.6,28.15,29.4,262801666.0
2026-09-17,TWSE,2412,中華電,143.5,144.0,142.0,143.5,14825696.0
2026-09-17,TWSE,2413,環科,50.4,53.0,50.4,53.0,6868994.0
2026-09-17,TWSE,2414,精技,52.5,52.5,52.0,52.1,103942.0
2026-09-17,TWSE,2415,錩新,27.3,27.35,26.95,27.1,42025.0
2026-09-17,TWSE,2417,圓剛,38.1,38.4,38.05,38.3,178001.0
2026-09-17,TWSE,2419,仲琦,26.9,27.5,26.8,27.35,883317.0
2026-09-17,TWSE,2420,新巨,53.5,53.8,53.5,53.6,174632.0
2026-09-17,TWSE,2421,建準,159.0,161.5,158.0,160.5,1439873.0
2026-09-17,TWSE,2423,固緯,72.0,73.4,72.0,72.6,91323.0
2026-09-17,TWSE,2424,隴華,7.7,8.76,7.7,8.6,107671.0
2026-09-17,TWSE,2425,承啟,35.8,36.6,35.7,36.2,371471.0
2026-09-17,TWSE,2426,鼎元,90.9,99.8,90.9,99.8,50843543.0
2026-09-17,TWSE,2427,三商電,23.9,24.3,23.45,23.65,3954120.0
2026-09-17,TWSE,2428,興勤,257.5,257.5,252.5,254.0,499295.0
2026-09-17,TWSE,2429,銘旺科,30.05,31.15,30.05,31.15,120575.0
2026-09-17,TWSE,2430,燦坤,18.0,18.05,17.75,17.8,75583.0
2026-09-17,TWSE,2431,聯昌,9.76,9.9,9.76,9.9,63100.0
2026-09-17,TWSE,2432,倚天酷碁-創,27.1,27.1,27.1,27.1,2000.0
2026-09-17,TWSE,2433,互盛電,40.3,40.4,40.3,40.3,13130.0
2026-09-17,TWSE,2434,統懋,59.6,64.5,59.1,61.5,506459.0
2026-09-17,TWSE,2436,偉詮電,66.6,68.2,66.6,68.0,2346850.0
2026-09-17,TWSE,2438,翔耀,19.7,19.7,19.2,19.25,63113.0
2026-09-17,TWSE,2439,美律,76.5,78.0,76.5,78.0,879449.0
2026-09-17,TWSE,2440,太空梭,13.75,14.2,13.75,13.95,115953.0
2026-09-17,TWSE,2441,超豐,116.0,117.5,115.0,116.5,2201806.0
2026-09-17,TWSE,2442,新美齊,14.35,14.35,14.05,14.15,1537330.0
2026-09-17,TWSE,2444,兆勁,11.55,11.95,11.45,11.65,245848.0
2026-09-17,TWSE,2449,京元電子,259.5,263.0,257.0,261.5,7774589.0
2026-09-17,TWSE,2450,神腦,28.3,28.35,28.15,28.25,217758.0
2026-09-17,TWSE,2451,創見,273.0,285.0,273.0,282.5,2846188.0
2026-09-17,TWSE,2453,凌群,53.8,56.2,53.4,55.3,1392854.0
2026-09-17,TWSE,2454,聯發科,4435.0,4625.0,4435.0,4530.0,6640865.0
2026-09-17,TWSE,2455,全新,515.0,534.0,506.0,515.0,19718194.0
2026-09-17,TWSE,2457,飛宏,21.3,21.8,21.25,21.65,623383.0
2026-09-17,TWSE,2458,義隆,126.0,129.5,126.0,128.5,756459.0
2026-09-17,TWSE,2459,敦吉,65.3,65.6,65.2,65.5,28775.0
2026-09-17,TWSE,2460,建通,28.8,29.2,28.8,28.95,134529.0
2026-09-17,TWSE,2461,光群雷,17.5,17.6,17.35,17.4,498699.0
2026-09-17,TWSE,2462,良得電,18.95,19.5,18.85,19.35,106988.0
2026-09-17,TWSE,2464,盟立,177.0,184.5,176.0,183.0,7797549.0
2026-09-17,TWSE,2465,麗臺,90.4,91.2,89.5,90.4,1046583.0
2026-09-17,TWSE,2466,冠西電,102.5,108.0,102.5,104.0,911148.0
2026-09-17,TWSE,2467,志聖,523.0,527.0,515.0,519.0,537328.0
2026-09-17,TWSE,2468,華經,43.25,45.0,42.0,43.65,46253058.0
2026-09-17,TWSE,2471,資通,52.5,52.5,51.3,51.9,563115.0
2026-09-17,TWSE,2472,立隆電,209.0,212.0,205.5,210.5,1625050.0
2026-09-17,TWSE,2474,可成,204.0,207.0,203.5,207.0,2887644.0
2026-09-17,TWSE,2476,鉅祥,117.5,118.5,116.5,117.5,734370.0
2026-09-17,TWSE,2477,美隆電,21.7,21.9,21.7,21.8,52829.0
2026-09-17,TWSE,2478,大毅,118.0,120.0,116.5,120.0,1397005.0
2026-09-17,TWSE,2480,敦陽科,162.5,163.5,159.5,160.0,308305.0
2026-09-17,TWSE,2481,強茂,154.5,168.5,154.0,168.5,62194518.0
2026-09-17,TWSE,2482,連宇,15.65,16.05,15.6,15.95,60038.0
2026-09-17,TWSE,2483,百容,30.75,31.7,30.45,31.7,501309.0
2026-09-17,TWSE,2484,希華,68.9,72.0,68.5,71.4,7913131.0
2026-09-17,TWSE,2485,兆赫,37.9,39.0,37.75,38.95,1623960.0
2026-09-17,TWSE,2486,一詮,229.0,235.0,228.0,229.5,2991564.0
2026-09-17,TWSE,2488,漢平,48.3,48.75,48.3,48.6,20039.0
2026-09-17,TWSE,2489,瑞軒,37.8,41.25,37.6,41.25,36281643.0
2026-09-17,TWSE,2491,吉祥全,39.85,41.6,39.85,40.55,663271.0
2026-09-17,TWSE,2492,華新科,304.0,307.5,295.5,307.5,15103377.0
2026-09-17,TWSE,2493,揚博,173.0,188.0,170.5,188.0,2384094.0
2026-09-17,TWSE,2495,普安,36.9,37.2,36.7,37.05,536968.0
2026-09-17,TWSE,2496,卓越,55.0,55.0,55.0,55.0,2361.0
2026-09-17,TWSE,2497,怡利電,43.0,43.5,43.0,43.35,117302.0
2026-09-17,TWSE,2498,宏達電,39.45,40.5,39.45,40.2,3120072.0
2026-09-17,TWSE,2501,國建,21.45,21.45,21.15,21.15,1932115.0
2026-09-17,TWSE,2504,國產,30.7,30.75,30.55,30.55,948202.0
2026-09-17,TWSE,2505,國揚,17.05,17.25,17.0,17.2,193981.0
2026-09-17,TWSE,2506,太設,8.53,8.6,8.53,8.6,52989.0
2026-09-17,TWSE,2509,全坤建,14.05,14.4,14.05,14.4,66328.0
2026-09-17,TWSE,2511,太子,8.41,8.41,8.28,8.3,478040.0
2026-09-17,TWSE,2514,龍邦,11.5,11.55,11.4,11.5,51926.0
2026-09-17,TWSE,2515,中工,11.75,11.95,11.75,11.8,1890579.0
2026-09-17,TWSE,2516,新建,14.4,14.6,14.4,14.45,187118.0
2026-09-17,TWSE,2520,冠德,36.5,36.65,36.15,36.4,1386974.0
2026-09-17,TWSE,2524,京城,33.4,33.6,33.15,33.25,62383.0
2026-09-17,TWSE,2527,宏璟,42.7,43.75,42.6,43.05,262376.0
2026-09-17,TWSE,2528,皇普,19.45,19.55,19.25,19.55,214118.0
2026-09-17,TWSE,2530,華建,20.25,20.25,19.8,19.8,501048.0
2026-09-17,TWSE,2534,宏盛,16.85,16.85,16.65,16.8,136394.0
2026-09-17,TWSE,2535,達欣工,89.7,89.9,88.8,88.8,170325.0
2026-09-17,TWSE,2536,宏普,19.15,19.2,19.0,19.1,397597.0
2026-09-17,TWSE,2537,聯上發,11.15,11.25,11.1,11.15,342112.0
2026-09-17,TWSE,2538,基泰,8.62,8.68,8.56,8.63,445185.0
2026-09-17,TWSE,2539,櫻花建,34.25,34.35,33.95,33.95,565066.0
2026-09-17,TWSE,2540,愛山林,48.1,48.5,47.8,48.5,302167.0
2026-09-17,TWSE,2542,興富發,45.45,46.15,45.1,45.9,11786811.0
2026-09-17,TWSE,2543,皇昌,37.5,39.25,37.5,38.7,923137.0
2026-09-17,TWSE,2545,皇翔,33.3,33.45,33.1,33.3,108012.0
2026-09-17,TWSE,2546,根基,105.5,108.5,105.5,106.5,286122.0
2026-09-17,TWSE,2547,日勝生,9.74,9.74,9.6,9.69,1071966.0
2026-09-17,TWSE,2548,華固,91.6,92.0,91.5,91.9,783756.0
2026-09-17,TWSE,2597,潤弘,169.5,170.0,168.5,168.5,129907.0
2026-09-17,TWSE,2601,益航,6.23,6.28,6.19,6.21,1683505.0
2026-09-17,TWSE,2603,長榮,234.0,241.0,233.0,239.0,12583031.0
2026-09-17,TWSE,2605,新興,35.1,36.8,35.1,36.05,12864086.0
2026-09-17,TWSE,2606,裕民,74.9,77.5,74.6,76.0,5725760.0
2026-09-17,TWSE,2607,榮運,53.2,53.3,52.8,53.1,233926.0
2026-09-17,TWSE,2608,嘉里大榮,28.7,29.05,28.6,28.8,690148.0
2026-09-17,TWSE,2609,陽明,58.8,61.2,58.7,60.2,41409617.0
2026-09-17,TWSE,2610,華航,19.95,20.1,19.9,19.95,12213671.0
2026-09-17,TWSE,2611,志信,14.05,14.25,14.05,14.15,354019.0
2026-09-17,TWSE,2612,中航,61.8,63.4,61.7,62.3,609588.0
2026-09-17,TWSE,2613,中櫃,21.85,22.6,21.85,22.05,323888.0
2026-09-17,TWSE,2614,東森,17.8,17.85,17.65,17.7,651343.0
2026-09-17,TWSE,2615,萬海,112.5,118.5,112.0,115.0,25797544.0
2026-09-17,TWSE,2616,山隆,13.25,13.3,13.25,13.25,64698.0
2026-09-17,TWSE,2617,台航,32.4,33.3,32.3,32.45,1546038.0
2026-09-17,TWSE,2618,長榮航,41.4,41.55,41.0,41.3,10972884.0
2026-09-17,TWSE,2630,亞航,46.4,47.4,46.4,47.1,518606.0
2026-09-17,TWSE,2633,台灣高鐵,25.95,26.1,25.85,25.95,4834935.0
2026-09-17,TWSE,2634,漢翔,62.0,65.2,62.0,65.0,10249412.0
2026-09-17,TWSE,2636,台驊控股,69.2,70.6,69.2,70.2,300673.0
2026-09-17,TWSE,2637,慧洋-KY,98.0,105.0,97.7,102.5,7219610.0
2026-09-17,TWSE,2642,宅配通,20.05,20.2,20.05,20.15,37165.0
2026-09-17,TWSE,2645,長榮航太,170.0,173.0,170.0,170.5,828387.0
2026-09-17,TWSE,2646,星宇航空,20.1,20.15,20.05,20.15,2679729.0
2026-09-17,TWSE,2701,萬企,10.35,10.35,10.3,10.3,32991.0
2026-09-17,TWSE,2702,華園,12.7,12.7,12.55,12.7,30908.0
2026-09-17,TWSE,2704,國賓,45.15,45.65,45.15,45.45,142021.0
2026-09-17,TWSE,2705,六福,15.35,15.35,15.0,15.1,209815.0
2026-09-17,TWSE,2706,第一店,12.1,12.15,12.1,12.1,55729.0
2026-09-17,TWSE,2707,晶華,178.0,178.0,176.5,177.0,89082.0
2026-09-17,TWSE,2712,遠雄來,13.55,13.75,13.3,13.75,56200.0
2026-09-17,TWSE,2722,夏都,21.4,21.4,21.0,21.05,17551.0
2026-09-17,TWSE,2723,美食-KY,77.4,77.7,76.7,77.5,189370.0
2026-09-17,TWSE,2727,王品,228.5,228.5,226.5,227.0,191850.0
2026-09-17,TWSE,2731,雄獅,142.0,142.5,141.0,141.0,147997.0
2026-09-17,TWSE,2739,寒舍,37.05,37.05,36.45,36.75,43590.0
2026-09-17,TWSE,2748,雲品,38.85,38.85,38.35,38.65,110204.0
2026-09-17,TWSE,2753,八方雲集,177.0,178.0,177.0,178.0,58456.0
2026-09-17,TWSE,2762,世界健身-KY,79.4,79.8,79.0,79.3,44708.0
2026-09-17,TWSE,2801,彰銀,28.05,28.9,27.8,28.9,40587271.0
2026-09-17,TWSE,2812,台中銀,19.4,19.4,19.25,19.3,11508444.0
2026-09-17,TWSE,2816,旺旺保,39.45,39.8,39.25,39.65,360798.0
2026-09-17,TWSE,2820,華票,17.35,17.4,17.1,17.3,3254212.0
2026-09-17,TWSE,2832,台產,57.9,58.5,57.6,58.1,261999.0
2026-09-17,TWSE,2834,臺企銀,18.0,18.3,18.0,18.2,29664934.0
2026-09-17,TWSE,2836,高雄銀,12.3,12.3,12.2,12.25,1178354.0
2026-09-17,TWSE,2838,聯邦銀,21.5,21.55,21.25,21.55,1522410.0
2026-09-17,TWSE,2845,遠東銀,13.6,13.65,13.45,13.6,8908274.0
2026-09-17,TWSE,2849,安泰銀,16.1,16.2,15.6,16.0,180405.0
2026-09-17,TWSE,2850,新產,155.5,157.0,155.0,157.0,139122.0
2026-09-17,TWSE,2851,中再保,46.5,46.65,45.7,46.35,3506154.0
2026-09-17,TWSE,2852,第一保,27.75,27.95,27.7,27.85,150239.0
2026-09-17,TWSE,2855,統一證,51.5,52.0,51.0,51.6,4591433.0
2026-09-17,TWSE,2880,華南金,46.95,47.7,46.5,47.35,18245339.0
2026-09-17,TWSE,2881,富邦金,152.0,153.0,150.0,153.0,20793317.0
2026-09-17,TWSE,2882,國泰金,110.5,112.5,109.5,112.5,27370591.0
2026-09-17,TWSE,2883,凱基金,38.3,39.2,38.05,39.15,44169972.0
2026-09-17,TWSE,2884,玉山金,45.8,46.45,45.35,46.45,41914863.0
2026-09-17,TWSE,2885,元大金,69.0,69.4,68.2,69.4,14347692.0
2026-09-17,TWSE,2886,兆豐金,51.6,51.6,50.3,50.9,26462696.0
2026-09-17,TWSE,2887,台新新光金,43.6,44.75,43.05,44.4,64631663.0
2026-09-17,TWSE,2889,國票金,16.9,17.35,16.8,17.3,19056573.0
2026-09-17,TWSE,2890,永豐金,44.75,45.3,43.95,45.3,39272275.0
2026-09-17,TWSE,2891,中信金,70.1,71.0,69.5,70.8,50439678.0
2026-09-17,TWSE,2892,第一金,39.7,40.0,39.25,40.0,24115235.0
2026-09-17,TWSE,2897,王道銀行,11.2,11.2,11.0,11.15,5623926.0
2026-09-17,TWSE,2901,欣欣,22.95,23.4,22.75,22.9,16610.0
2026-09-17,TWSE,2903,遠百,21.85,21.9,21.75,21.8,1238522.0
2026-09-17,TWSE,2904,匯僑,12.55,12.55,12.45,12.55,48778.0
2026-09-17,TWSE,2905,三商,18.9,19.0,18.5,18.55,2043085.0
2026-09-17,TWSE,2906,高林,13.5,13.6,13.4,13.5,82855.0
2026-09-17,TWSE,2908,特力,21.75,22.1,21.75,22.05,220283.0
2026-09-17,TWSE,2910,統領,23.35,23.35,23.3,23.3,9000.0
2026-09-17,TWSE,2911,麗嬰房,6.31,6.42,6.31,6.4,40251.0
2026-09-17,TWSE,2912,統一超,216.0,216.5,214.5,215.0,1495045.0
2026-09-17,TWSE,2913,農林,11.0,11.0,10.9,10.95,491142.0
2026-09-17,TWSE,2915,潤泰全,57.1,57.7,56.6,56.6,2441861.0
2026-09-17,TWSE,2923,鼎固-KY,23.1,24.0,22.5,23.7,241304.0
2026-09-17,TWSE,2929,淘帝-KY,5.72,5.93,5.66,5.75,80021.0
2026-09-17,TWSE,2939,永邑-KY,19.3,19.4,19.25,19.4,7000.0
2026-09-17,TWSE,2945,三商家購,38.8,39.5,38.8,39.5,8355.0
2026-09-17,TWSE,3002,歐格,16.7,16.95,16.7,16.95,51846.0
2026-09-17,TWSE,3003,健和興,57.7,57.9,56.8,57.9,264868.0
2026-09-17,TWSE,3004,豐達科,115.0,116.0,114.0,116.0,173641.0
2026-09-17,TWSE,3005,神基,116.0,117.0,115.0,115.0,1479672.0
2026-09-17,TWSE,3006,晶豪科,266.0,285.0,265.5,281.0,12191590.0
2026-09-17,TWSE,3008,大立光,6160.0,6415.0,6150.0,6225.0,2427181.0
2026-09-17,TWSE,3010,華立,122.5,124.0,122.5,122.5,188357.0
2026-09-17,TWSE,3011,今皓,9.44,9.76,9.44,9.64,636201.0
2026-09-17,TWSE,3013,晟銘電,82.0,84.0,81.8,82.8,374821.0
2026-09-17,TWSE,3014,聯陽,131.0,133.0,131.0,132.5,776601.0
2026-09-17,TWSE,3015,全漢,50.5,51.3,50.5,50.9,295362.0
2026-09-17,TWSE,3016,嘉晶,110.5,116.0,107.5,115.5,19161129.0
2026-09-17,TWSE,3017,奇鋐,3115.0,3225.0,3100.0,3175.0,2744795.0
2026-09-17,TWSE,3018,隆銘綠能,11.15,11.9,11.1,11.9,45556.0
2026-09-17,TWSE,3019,亞光,132.5,139.0,132.5,137.5,6039368.0
2026-09-17,TWSE,3021,鴻名,25.85,27.1,25.5,27.1,1380579.0
2026-09-17,TWSE,3022,威強電,85.3,86.0,84.8,86.0,564520.0
2026-09-17,TWSE,3023,信邦,320.0,326.0,319.0,320.5,973835.0
2026-09-17,TWSE,3024,憶聲,14.3,14.5,14.3,14.5,464259.0
2026-09-17,TWSE,3025,星通,50.1,51.0,50.1,50.6,53242.0
2026-09-17,TWSE,3026,禾伸堂,740.0,786.0,720.0,772.0,8067246.0
2026-09-17,TWSE,3027,盛達,17.4,18.15,17.4,17.75,58133.0
2026-09-17,TWSE,3028,增你強,60.8,61.4,60.6,61.2,466216.0
2026-09-17,TWSE,3029,零壹,120.0,126.0,118.5,119.5,11771589.0
2026-09-17,TWSE,3030,德律,260.5,263.5,259.5,262.5,313927.0
2026-09-17,TWSE,3031,佰鴻,22.8,24.6,22.8,24.25,699782.0
2026-09-17,TWSE,3032,偉訓,70.5,71.8,70.3,71.6,172679.0
2026-09-17,TWSE,3033,威健,41.1,41.55,40.95,41.5,1557663.0
2026-09-17,TWSE,3034,聯詠,548.0,553.0,543.0,548.0,2987298.0
2026-09-17,TWSE,3035,智原,170.5,174.5,170.5,173.5,1179558.0
2026-09-17,TWSE,3036,文曄,193.0,194.5,190.0,191.0,7596677.0
2026-09-17,TWSE,3037,欣興,961.0,971.0,940.0,961.0,11860204.0
2026-09-17,TWSE,3038,全台,20.2,20.2,20.0,20.1,88564.0
2026-09-17,TWSE,3040,遠見,34.2,34.55,33.75,34.0,264984.0
2026-09-17,TWSE,3041,揚智,22.35,22.55,22.2,22.3,283644.0
2026-09-17,TWSE,3042,晶技,183.0,189.0,181.5,185.5,13592217.0
2026-09-17,TWSE,3043,科風,20.3,20.45,20.15,20.45,56300.0
2026-09-17,TWSE,3044,健鼎,492.5,511.0,487.5,504.0,3359354.0
2026-09-17,TWSE,3045,台灣大,124.0,124.5,122.5,124.5,8257070.0
2026-09-17,TWSE,3046,建碁,52.5,52.8,52.1,52.1,166337.0
2026-09-17,TWSE,3047,訊舟,13.5,13.6,13.45,13.6,229583.0
2026-09-17,TWSE,3048,益登,49.8,50.8,49.6,50.4,630681.0
2026-09-17,TWSE,3049,精金,11.85,12.15,11.85,12.05,2380004.0
2026-09-17,TWSE,3050,鈺德,11.15,11.15,11.0,11.15,296645.0
2026-09-17,TWSE,3051,力特,21.25,21.55,21.1,21.25,306340.0
2026-09-17,TWSE,3052,夆典,10.25,10.35,10.2,10.3,111255.0
2026-09-17,TWSE,3054,立萬利,55.0,56.5,55.0,55.6,71093.0
2026-09-17,TWSE,3055,蔚華科,161.0,167.0,158.0,164.0,1593629.0
2026-09-17,TWSE,3056,富華新,13.55,13.75,13.5,13.75,374564.0
2026-09-17,TWSE,3057,喬鼎,16.1,16.15,15.8,16.0,69326.0
2026-09-17,TWSE,3058,立德,7.94,7.98,7.92,7.96,287416.0
2026-09-17,TWSE,3059,華晶科,37.2,37.85,37.2,37.85,698139.0
2026-09-17,TWSE,3060,銘異,25.55,26.3,25.55,26.1,389742.0
2026-09-17,TWSE,3062,建漢,20.25,20.8,20.25,20.8,745444.0
2026-09-17,TWSE,3090,日電貿,160.5,163.5,159.0,163.5,1568571.0
2026-09-17,TWSE,3092,鴻碩,22.0,22.6,21.65,22.35,337402.0
2026-09-17,TWSE,3094,聯傑,42.25,45.0,42.25,44.55,5878795.0
2026-09-17,TWSE,3130,一零四,208.5,208.5,208.0,208.5,13103.0
2026-09-17,TWSE,3135,凌航,159.0,162.5,159.0,162.0,438547.0
2026-09-17,TWSE,3138,耀登,92.0,95.1,92.0,95.1,192166.0
2026-09-17,TWSE,3149,正達,59.9,62.3,59.7,61.3,2668449.0
2026-09-17,TWSE,3150,鈺寶-創,15.05,15.5,15.0,15.15,26170.0
2026-09-17,TWSE,3164,景岳,15.7,16.1,15.6,15.85,7724.0
2026-09-17,TWSE,3167,大量,810.0,832.0,805.0,824.0,2994886.0
2026-09-17,TWSE,3168,眾福科,,,,,192.0
2026-09-17,TWSE,3189,景碩,810.0,832.0,792.0,820.0,10957053.0
2026-09-17,TWSE,3209,全科,44.25,45.45,44.25,45.35,875358.0
2026-09-17,TWSE,3229,晟鈦,59.4,63.7,58.5,61.1,6248616.0
2026-09-17,TWSE,3231,緯創,182.0,185.5,181.0,183.0,32629615.0
2026-09-17,TWSE,3257,虹冠電,46.9,48.25,46.7,48.1,145234.0
2026-09-17,TWSE,3266,昇陽,13.65,13.65,13.55,13.65,37112.0
2026-09-17,TWSE,3296,勝德,27.25,27.25,25.8,26.05,163690.0
2026-09-17,TWSE,3305,昇貿,98.9,101.5,98.9,101.0,482002.0
2026-09-17,TWSE,3308,聯德,22.3,22.3,21.45,21.95,33567.0
2026-09-17,TWSE,3311,閎暉,36.8,38.4,36.05,38.1,2089428.0
2026-09-17,TWSE,3312,弘憶股,47.2,47.7,47.0,47.7,257810.0
2026-09-17,TWSE,3321,同泰,16.85,17.1,16.75,17.05,174110.0
2026-09-17,TWSE,3338,泰碩,64.2,65.5,64.2,65.1,184157.0
2026-09-17,TWSE,3346,麗清,19.55,19.9,19.4,19.75,211278.0
2026-09-17,TWSE,3376,新日興,172.5,178.0,170.5,176.5,4033824.0
2026-09-17,TWSE,3380,明泰,29.5,30.35,29.5,30.2,1395282.0
2026-09-17,TWSE,3406,玉晶光,950.0,1005.0,941.0,1005.0,4089353.0
2026-09-17,TWSE,3413,京鼎,276.0,277.5,274.5,276.5,296866.0
2026-09-17,TWSE,3416,融程電,162.0,162.5,160.5,161.0,81894.0
2026-09-17,TWSE,3419,譁裕,10.85,10.9,10.75,10.8,67296.0
2026-09-17,TWSE,3432,台端,14.2,14.3,14.15,14.2,9495.0
2026-09-17,TWSE,3437,榮創,17.5,18.7,17.5,18.5,1123662.0
2026-09-17,TWSE,3443,創意,6070.0,6295.0,6050.0,6170.0,1261412.0
2026-09-17,TWSE,3447,展達,27.0,28.0,26.9,27.4,96569.0
2026-09-17,TWSE,3450,聯鈞,503.0,541.0,498.5,541.0,8784191.0
2026-09-17,TWSE,3481,群創,47.9,48.7,47.2,48.7,99548905.0
2026-09-17,TWSE,3494,誠研,7.12,7.12,6.97,7.06,78105.0
2026-09-17,TWSE,3501,維熹,38.2,38.3,37.95,38.0,122405.0
2026-09-17,TWSE,3504,揚明光,78.5,82.0,78.3,80.6,1882201.0
2026-09-17,TWSE,3515,華擎,203.0,214.0,202.5,211.0,923429.0
2026-09-17,TWSE,3518,柏騰,29.9,30.95,29.75,30.3,512408.0
2026-09-17,TWSE,3528,安馳,80.0,81.4,80.0,81.1,44397.0
2026-09-17,TWSE,3530,晶相光,55.6,57.5,55.6,57.5,72267.0
2026-09-17,TWSE,3532,台勝科,409.0,447.0,409.0,440.0,7746606.0
2026-09-17,TWSE,3533,嘉澤,1520.0,1535.0,1495.0,1510.0,837111.0
2026-09-17,TWSE,3535,晶彩科,82.0,85.4,81.7,85.4,704523.0
2026-09-17,TWSE,3543,州巧,42.55,42.8,42.25,42.6,389630.0
2026-09-17,TWSE,3545,敦泰,48.75,50.0,48.75,49.85,462992.0
2026-09-17,TWSE,3550,聯穎,21.6,22.5,21.4,22.4,895643.0
2026-09-17,TWSE,3557,嘉威,22.75,23.25,22.6,23.25,30332.0
2026-09-17,TWSE,3563,牧德,648.0,653.0,640.0,642.0,203757.0
2026-09-17,TWSE,3576,聯合再生,16.05,16.4,16.05,16.3,3071511.0
2026-09-17,TWSE,3583,辛耘,678.0,680.0,668.0,671.0,431450.0
2026-09-17,TWSE,3588,通嘉,50.8,52.2,50.7,51.1,140267.0
2026-09-17,TWSE,3592,瑞鼎,221.5,223.5,221.0,222.5,164962.0
2026-09-17,TWSE,3593,力銘,10.0,10.0,9.55,9.9,21010.0
2026-09-17,TWSE,3596,智易,155.5,155.5,153.0,153.0,662710.0
2026-09-17,TWSE,3605,宏致,130.0,140.0,129.0,140.0,20987973.0
2026-09-17,TWSE,3607,谷崧,13.4,13.7,13.4,13.55,155287.0
2026-09-17,TWSE,3617,碩天,239.0,246.0,237.5,243.0,348925.0
2026-09-17,TWSE,3622,洋華,45.55,45.75,44.9,45.25,174023.0
2026-09-17,TWSE,3645,達邁,68.0,68.7,67.3,68.5,547658.0
2026-09-17,TWSE,3652,精聯,33.35,34.0,32.85,33.8,118206.0
2026-09-17,TWSE,3653,健策,5320.0,5540.0,5210.0,5240.0,1608326.0
2026-09-17,TWSE,3661,世芯-KY,3385.0,3400.0,3310.0,3345.0,1986894.0
2026-09-17,TWSE,3665,貿聯-KY,1980.0,2030.0,1935.0,1995.0,2539303.0
2026-09-17,TWSE,3669,圓展,32.6,32.7,32.0,32.4,133491.0
2026-09-17,TWSE,3673,TPK-KY,62.1,64.8,62.1,64.0,3259727.0
2026-09-17,TWSE,3679,新至陞,108.0,108.0,107.5,107.5,11339.0
2026-09-17,TWSE,3686,達能,14.0,14.1,14.0,14.0,89781.0
2026-09-17,TWSE,3694,海華,48.55,49.65,48.5,49.4,333046.0
2026-09-17,TWSE,3701,大眾控,38.5,40.4,38.5,40.0,433166.0
2026-09-17,TWSE,3702,大聯大,107.5,108.0,105.5,106.0,7003594.0
2026-09-17,TWSE,3703,欣陸,19.5,19.8,19.5,19.6,565647.0
2026-09-17,TWSE,3704,合勤控,39.95,40.95,39.9,40.15,2536945.0
2026-09-17,TWSE,3705,永信,56.1,56.3,55.9,56.0,146549.0
2026-09-17,TWSE,3706,神達,78.0,79.1,77.7,79.0,4322540.0
2026-09-17,TWSE,3708,上緯投控,94.6,95.6,93.5,93.5,569232.0
2026-09-17,TWSE,3711,日月光投控,599.0,610.0,597.0,605.0,9509979.0
2026-09-17,TWSE,3712,永崴投控,20.5,20.7,20.5,20.6,210116.0
2026-09-17,TWSE,3714,富采,61.1,64.7,61.0,64.3,10803088.0
2026-09-17,TWSE,3715,定穎投控,121.5,123.5,120.0,123.5,2451847.0
2026-09-17,TWSE,3716,中化控股,34.0,34.0,33.65,33.7,189509.0
2026-09-17,TWSE,3717,聯嘉投控,21.0,22.15,21.0,21.95,803152.0
2026-09-17,TWSE,4104,佳醫,72.0,72.0,71.7,71.9,90605.0
2026-09-17,TWSE,4106,雃博,24.45,24.45,24.25,24.4,99352.0
2026-09-17,TWSE,4108,懷特,11.3,11.3,11.2,11.3,89978.0
2026-09-17,TWSE,4119,旭富,59.7,60.5,59.6,59.7,188754.0
2026-09-17,TWSE,4133,亞諾法,20.1,20.2,20.1,20.2,31322.0
2026-09-17,TWSE,4137,麗豐-KY,76.9,77.5,76.6,76.8,183884.0
2026-09-17,TWSE,4142,國光生,17.4,17.4,17.2,17.25,314081.0
2026-09-17,TWSE,4148,全宇生技-KY,33.6,33.65,32.9,32.9,49707.0
2026-09-17,TWSE,4155,訊映,14.75,14.95,14.6,14.85,135914.0
2026-09-17,TWSE,4164,承業醫,25.4,25.55,25.25,25.4,270151.0
2026-09-17,TWSE,4169,泰宗,143.0,153.0,143.0,150.0,123244.0
2026-09-17,TWSE,4178,永笙-KY,16.5,16.7,16.4,16.7,83172.0
2026-09-17,TWSE,4190,佐登-KY,25.05,25.85,25.05,25.6,13130.0
2026-09-17,TWSE,4195,基米-創,13.1,13.6,13.0,13.3,158357.0
2026-09-17,TWSE,4306,炎洲,14.4,14.55,14.4,14.4,338998.0
2026-09-17,TWSE,4414,如興,8.15,8.34,8.15,8.29,119756.0
2026-09-17,TWSE,4426,利勤,7.62,7.62,7.49,7.5,43839.0
2026-09-17,TWSE,4438,廣越,56.3,56.3,55.4,55.6,151862.0
2026-09-17,TWSE,4439,冠星-KY,93.3,94.7,93.2,94.7,9000.0
2026-09-17,TWSE,4440,宜新實業,17.65,17.65,17.5,17.65,87291.0
2026-09-17,TWSE,4441,振大環球,172.0,173.0,171.0,171.5,42185.0
2026-09-17,TWSE,4526,東台,30.0,30.7,30.0,30.65,911534.0
2026-09-17,TWSE,4532,瑞智,23.55,23.65,23.4,23.6,321356.0
2026-09-17,TWSE,4536,拓凱,163.5,164.5,162.0,164.0,62987.0
2026-09-17,TWSE,4540,全球傳動,58.0,60.6,57.1,60.4,5661887.0
2026-09-17,TWSE,4545,銘鈺,32.5,32.85,32.15,32.6,69725.0
2026-09-17,TWSE,4551,智伸科,155.0,157.0,154.0,155.5,277554.0
2026-09-17,TWSE,4552,力達-KY,15.4,15.4,15.0,15.35,326300.0
2026-09-17,TWSE,4555,氣立,41.15,41.8,41.05,41.7,157574.0
2026-09-17,TWSE,4557,永新-KY,51.0,51.0,49.45,49.65,28468.0
2026-09-17,TWSE,4560,強信-KY,29.15,29.15,28.75,29.15,180000.0
2026-09-17,TWSE,4562,穎漢,29.6,29.8,29.2,29.35,96559.0
2026-09-17,TWSE,4564,元翎,15.8,15.9,15.65,15.85,494434.0
2026-09-17,TWSE,4566,時碩工業,63.1,64.4,63.0,64.1,442064.0
2026-09-17,TWSE,4569,六方科-KY,155.0,158.0,155.0,156.5,22585.0
2026-09-17,TWSE,4571,鈞興-KY,146.5,151.0,146.5,149.0,53184.0
2026-09-17,TWSE,4572,駐龍,140.5,142.0,140.5,142.0,7721.0
2026-09-17,TWSE,4576,大銀微系統,230.0,234.5,228.0,233.0,1353618.0
2026-09-17,TWSE,4581,光隆精密-KY,47.9,48.0,47.9,48.0,13001.0
2026-09-17,TWSE,4582,聚恆-創,22.0,22.5,22.0,22.3,27691.0
2026-09-17,TWSE,4583,台灣精銳,420.0,429.0,419.5,422.0,75432.0
2026-09-17,TWSE,4585,達明,296.0,296.0,293.0,294.5,80312.0
2026-09-17,TWSE,4588,玖鼎電力,54.7,55.9,53.5,54.9,100564.0
2026-09-17,TWSE,4590,富田-創,87.2,89.4,87.2,88.2,247516.0
2026-09-17,TWSE,4720,德淵,17.95,18.4,17.95,18.35,183931.0
2026-09-17,TWSE,4722,國精化,186.0,191.5,185.5,187.0,630526.0
2026-09-17,TWSE,4736,泰博,130.0,130.5,128.5,130.0,152975.0
2026-09-17,TWSE,4737,華廣,56.4,59.8,55.8,59.7,346016.0
2026-09-17,TWSE,4739,康普,76.5,78.1,76.3,78.0,596773.0
2026-09-17,TWSE,4746,台耀,46.1,46.2,45.65,45.9,290463.0
2026-09-17,TWSE,4755,三福化,111.0,113.5,111.0,113.5,100132.0
2026-09-17,TWSE,4763,材料*-KY,45.5,45.55,44.9,44.9,8644639.0
2026-09-17,TWSE,4764,雙鍵,204.0,215.0,203.5,209.0,326420.0
2026-09-17,TWSE,4766,南寶,334.5,337.0,332.0,336.5,80283.0
2026-09-17,TWSE,4770,上品,220.0,225.5,220.0,220.5,170390.0
2026-09-17,TWSE,4771,望隼,211.5,214.0,206.0,206.0,159108.0
2026-09-17,TWSE,4807,日成-KY,31.5,32.15,29.65,31.0,1135477.0
2026-09-17,TWSE,4904,遠傳,107.0,107.0,104.0,105.0,6256302.0
2026-09-17,TWSE,4906,正文,35.2,35.7,35.0,35.55,2210534.0
2026-09-17,TWSE,4912,聯德控股-KY,85.9,91.5,85.0,90.9,387030.0
2026-09-17,TWSE,4915,致伸,65.5,66.1,64.5,65.6,9537941.0
2026-09-17,TWSE,4916,事欣科,93.0,94.0,92.5,93.9,536437.0
2026-09-17,TWSE,4919,新唐,112.0,117.0,111.5,116.0,2771263.0
2026-09-17,TWSE,4927,泰鼎-KY,40.05,43.2,40.05,42.6,2927230.0
2026-09-17,TWSE,4930,燦星網,15.8,16.4,15.8,16.1,171873.0
2026-09-17,TWSE,4934,太極,13.2,13.5,13.2,13.4,345855.0
2026-09-17,TWSE,4935,茂林-KY,30.55,30.9,30.5,30.8,106682.0
2026-09-17,TWSE,4938,和碩,88.7,89.0,88.3,89.0,6698604.0
2026-09-17,TWSE,4942,嘉彰,31.15,31.4,30.6,31.4,234024.0
2026-09-17,TWSE,4943,康控-KY,7.59,7.59,7.1,7.38,36503.0
2026-09-17,TWSE,4949,有成精密,71.0,72.8,71.0,72.0,218795.0
2026-09-17,TWSE,4952,凌通,46.8,47.7,46.7,47.35,151140.0
2026-09-17,TWSE,4956,光鋐,31.8,35.25,31.8,35.25,7633753.0
2026-09-17,TWSE,4958,臻鼎-KY,482.5,498.0,471.0,493.5,21886748.0
2026-09-17,TWSE,4960,誠美材,19.6,20.2,19.6,20.0,1719437.0
2026-09-17,TWSE,4961,天鈺,179.5,185.0,179.0,181.0,1833790.0
2026-09-17,TWSE,4967,十銓,267.0,276.0,267.0,275.0,1951254.0
2026-09-17,TWSE,4968,立積,88.8,89.7,88.4,89.7,217407.0
2026-09-17,TWSE,4976,佳凌,35.35,37.5,35.3,36.3,2182767.0
2026-09-17,TWSE,4977,眾達-KY,163.0,176.5,162.5,176.5,5346322.0
2026-09-17,TWSE,4989,榮科,58.5,61.5,58.3,61.3,2313672.0
2026-09-17,TWSE,4994,傳奇,81.5,82.9,81.5,82.9,2000.0
2026-09-17,TWSE,4999,鑫禾,17.95,17.95,17.8,17.85,36320.0
2026-09-17,TWSE,5007,三星,55.8,55.8,55.5,55.6,32010.0
2026-09-17,TWSE,5203,訊連,57.5,58.0,56.8,57.2,123745.0
2026-09-17,TWSE,5215,科嘉-KY,37.35,37.75,37.1,37.5,33935.0
2026-09-17,TWSE,5222,全訊,102.5,103.5,102.0,103.0,71653.0
2026-09-17,TWSE,5225,東科-KY,53.1,54.3,53.1,54.3,181936.0
2026-09-17,TWSE,5234,達興材料,283.0,285.5,281.0,282.5,119659.0
2026-09-17,TWSE,5236,凌陽創新,131.0,131.5,130.5,131.0,62521.0
2026-09-17,TWSE,5243,乙盛-KY,85.6,89.0,85.6,88.4,556123.0
2026-09-17,TWSE,5244,弘凱,34.0,35.5,34.0,34.8,177558.0
2026-09-17,TWSE,5258,虹堡,42.05,42.5,42.0,42.0,118667.0
2026-09-17,TWSE,5269,祥碩,1375.0,1480.0,1365.0,1475.0,1571251.0
2026-09-17,TWSE,5283,禾聯碩,52.4,53.1,52.4,52.9,20063.0
2026-09-17,TWSE,5284,jpp-KY,290.5,296.5,288.0,292.0,198723.0
2026-09-17,TWSE,5285,界霖,84.2,86.1,83.6,84.0,778833.0
2026-09-17,TWSE,5288,豐祥-KY,183.5,186.5,183.0,185.5,50582.0
2026-09-17,TWSE,5292,華懋,208.0,216.5,208.0,209.0,121916.0
2026-09-17,TWSE,5306,桂盟,89.8,90.5,89.5,89.7,75173.0
2026-09-17,TWSE,5388,中磊,72.0,72.8,71.3,71.9,1808126.0
2026-09-17,TWSE,5434,崇越,542.0,553.0,533.0,537.0,723499.0
2026-09-17,TWSE,5469,瀚宇博,72.0,75.2,71.1,74.7,2173084.0
2026-09-17,TWSE,5471,松翰,50.0,51.0,50.0,50.7,469283.0
2026-09-17,TWSE,5484,慧友,38.5,40.0,38.2,39.7,127068.0
2026-09-17,TWSE,5515,建國,48.4,49.55,48.35,49.05,282746.0
2026-09-17,TWSE,5519,隆大,25.2,25.3,25.1,25.15,256380.0
2026-09-17,TWSE,5521,工信,10.35,10.45,10.35,10.45,705257.0
2026-09-17,TWSE,5522,遠雄,60.5,60.8,60.0,60.0,1146743.0
2026-09-17,TWSE,5525,順天,21.75,22.15,21.75,21.75,41749.0
2026-09-17,TWSE,5531,鄉林,7.01,7.12,7.01,7.12,416151.0
2026-09-17,TWSE,5533,皇鼎,13.95,14.0,13.8,13.9,215429.0
2026-09-17,TWSE,5534,長虹,73.0,73.2,72.8,72.9,543655.0
2026-09-17,TWSE,5538,東明-KY,35.05,35.4,34.75,35.05,67496.0
2026-09-17,TWSE,5546,永固-KY,14.7,14.8,14.45,14.8,15040.0
2026-09-17,TWSE,5607,遠雄港,52.5,52.9,52.2,52.6,355808.0
2026-09-17,TWSE,5608,四維航,16.25,16.9,16.25,16.65,3291337.0
2026-09-17,TWSE,5706,鳳凰,43.8,43.95,43.7,43.9,46375.0
2026-09-17,TWSE,5871,中租-KY,112.0,113.0,111.5,112.5,4687527.0
2026-09-17,TWSE,5876,上海商銀,49.9,50.0,49.15,49.75,6244581.0
2026-09-17,TWSE,5880,合庫金,27.1,27.35,26.75,27.35,19851298.0
2026-09-17,TWSE,5906,台南-KY,39.0,39.0,39.0,39.0,1000.0
2026-09-17,TWSE,5907,大洋-KY,4.82,4.96,4.79,4.93,541142.0
2026-09-17,TWSE,6005,群益證,31.1,31.45,30.85,30.85,9755873.0
2026-09-17,TWSE,6024,群益期,60.8,60.8,60.4,60.6,153818.0
2026-09-17,TWSE,6108,競國,23.0,23.2,22.3,23.0,2492543.0
2026-09-17,TWSE,6112,邁達特,48.75,50.9,48.5,49.7,7410399.0
2026-09-17,TWSE,6115,鎰勝,43.9,44.25,43.75,43.8,150543.0
2026-09-17,TWSE,6116,彩晶,13.8,14.15,13.75,14.15,16856838.0
2026-09-17,TWSE,6117,迎廣,61.1,61.4,60.7,60.7,112230.0
2026-09-17,TWSE,6120,達運,11.85,12.1,11.8,12.0,838279.0
2026-09-17,TWSE,6128,上福,18.9,19.15,18.9,19.15,29820.0
2026-09-17,TWSE,6133,金橋,23.1,24.3,23.05,23.7,1966373.0
2026-09-17,TWSE,6136,富爾特,24.8,24.85,24.5,24.75,234931.0
2026-09-17,TWSE,6139,亞翔,713.0,722.0,707.0,707.0,1697549.0
2026-09-17,TWSE,6141,柏承,48.25,50.8,48.2,49.9,1246123.0
2026-09-17,TWSE,6142,友勁,8.7,8.9,8.63,8.88,299682.0
2026-09-17,TWSE,6152,百一,15.05,15.5,15.05,15.15,1327034.0
2026-09-17,TWSE,6153,嘉聯益,16.95,17.3,16.95,17.2,1245378.0
2026-09-17,TWSE,6155,鈞寶,56.8,56.8,55.7,56.4,416749.0
2026-09-17,TWSE,6164,華興,11.1,11.45,11.1,11.3,200116.0
2026-09-17,TWSE,6165,浪凡,47.6,48.3,47.2,48.05,198592.0
2026-09-17,TWSE,6166,凌華,110.5,110.5,107.5,109.5,729973.0
2026-09-17,TWSE,6168,宏齊,29.4,32.15,29.4,32.15,17480412.0
2026-09-17,TWSE,6176,瑞儀,91.6,92.7,91.0,92.2,1338307.0
2026-09-17,TWSE,6177,達麗,46.85,47.1,46.65,46.7,641447.0
2026-09-17,TWSE,6183,關貿,91.5,91.5,91.0,91.0,6243.0
2026-09-17,TWSE,6184,大豐電,39.55,39.55,39.35,39.45,102878.0
2026-09-17,TWSE,6189,豐藝,46.65,46.95,46.6,46.7,180422.0
2026-09-17,TWSE,6191,精成科,81.4,83.3,81.2,82.7,988595.0
2026-09-17,TWSE,6192,巨路,110.0,110.0,109.5,109.5,70215.0
2026-09-17,TWSE,6196,帆宣,521.0,528.0,516.0,521.0,795146.0
2026-09-17,TWSE,6197,佳必琪,293.5,299.5,292.5,295.0,507371.0
2026-09-17,TWSE,6201,亞弘電,44.9,44.9,44.45,44.45,15399.0
2026-09-17,TWSE,6202,盛群,53.8,54.7,53.7,54.5,476603.0
2026-09-17,TWSE,6205,詮欣,60.7,64.0,60.7,61.6,207633.0
2026-09-17,TWSE,6206,飛捷,137.5,138.5,135.5,138.0,412910.0
2026-09-17,TWSE,6209,今國光,76.2,81.0,76.2,80.0,11325045.0
2026-09-17,TWSE,6213,聯茂,525.0,555.0,514.0,550.0,21280091.0
2026-09-17,TWSE,6214,精誠,191.0,193.0,188.5,191.0,2413021.0
2026-09-17,TWSE,6215,和椿,97.1,97.4,95.6,97.3,224717.0
2026-09-17,TWSE,6216,居易,19.3,19.6,19.3,19.4,138024.0
2026-09-17,TWSE,6224,聚鼎,86.0,89.1,85.2,88.3,1112255.0
2026-09-17,TWSE,6225,天瀚,64.0,64.0,59.9,60.4,152119.0
2026-09-17,TWSE,6226,光鼎,39.85,39.9,39.6,39.9,6533964.0
2026-09-17,TWSE,6230,尼得科超眾,109.0,111.0,109.0,110.0,56895.0
2026-09-17,TWSE,6235,華孚,38.15,38.15,37.6,37.6,212575.0
2026-09-17,TWSE,6239,力成,270.0,275.5,268.0,274.5,6854413.0
2026-09-17,TWSE,6243,迅杰,36.35,37.0,36.3,37.0,176451.0
2026-09-17,TWSE,6257,矽格,209.5,212.5,208.0,210.0,3109254.0
2026-09-17,TWSE,6269,台郡,63.5,65.8,63.5,65.0,2523412.0
2026-09-17,TWSE,6271,同欣電,224.5,228.0,221.0,228.0,2718739.0
2026-09-17,TWSE,6272,驊陞,26.45,28.9,26.45,27.75,500776.0
2026-09-17,TWSE,6277,宏正,76.5,77.3,76.0,76.0,140177.0
2026-09-17,TWSE,6278,台表科,187.5,188.0,182.5,183.0,2342952.0
2026-09-17,TWSE,6281,全國電,51.2,51.4,50.9,50.9,42269.0
2026-09-17,TWSE,6282,康舒,42.15,42.75,41.95,42.65,3168091.0
2026-09-17,TWSE,6283,淳安,18.2,18.2,17.8,17.95,118880.0
2026-09-17,TWSE,6285,啟碁,225.0,227.0,219.0,219.0,4239436.0
2026-09-17,TWSE,6405,悅城,37.25,38.05,37.25,37.6,285607.0
2026-09-17,TWSE,6409,旭隼,879.0,898.0,879.0,880.0,300551.0
2026-09-17,TWSE,6412,群電,74.1,74.4,73.6,73.8,398001.0
2026-09-17,TWSE,6414,樺漢,372.0,372.0,366.0,367.5,1124779.0
2026-09-17,TWSE,6415,矽力*-KY,413.5,424.0,411.0,418.5,1839686.0
2026-09-17,TWSE,6416,瑞祺電通,118.0,123.0,117.0,118.0,1112172.0
2026-09-17,TWSE,6426,統新,303.0,330.0,303.0,330.0,2826802.0
2026-09-17,TWSE,6431,光麗-KY,17.5,17.85,17.45,17.55,26002.0
2026-09-17,TWSE,6438,迅得,143.0,145.5,143.0,144.0,139758.0
2026-09-17,TWSE,6442,光聖,1515.0,1610.0,1515.0,1575.0,2503186.0
2026-09-17,TWSE,6443,元晶,22.7,24.0,22.7,23.8,4067362.0
2026-09-17,TWSE,6446,藥華藥,1220.0,1225.0,1185.0,1205.0,2565604.0
2026-09-17,TWSE,6449,鈺邦,210.5,217.0,210.0,217.0,444419.0
2026-09-17,TWSE,6451,訊芯-KY,400.5,427.0,399.5,421.0,3127610.0
2026-09-17,TWSE,6456,GIS-KY,62.3,65.2,62.2,64.8,1886675.0
2026-09-17,TWSE,6464,台數科,77.0,77.9,77.0,77.3,4585.0
2026-09-17,TWSE,6472,保瑞,416.5,422.0,412.0,412.0,410320.0
2026-09-17,TWSE,6477,安集,33.75,34.0,33.55,33.95,363563.0
2026-09-17,TWSE,6491,晶碩,389.5,396.5,382.5,393.0,370715.0
2026-09-17,TWSE,6504,南六,36.6,37.35,36.6,36.6,43544.0
2026-09-17,TWSE,6505,台塑化,83.4,85.0,80.2,80.5,24128549.0
2026-09-17,TWSE,6515,穎崴,6380.0,6470.0,6205.0,6210.0,337561.0
2026-09-17,TWSE,6525,捷敏-KY,126.5,130.0,125.0,128.5,840308.0
2026-09-17,TWSE,6526,達發,627.0,637.0,625.0,629.0,398507.0
2026-09-17,TWSE,6531,愛普*,905.0,950.0,898.0,949.0,3297045.0
2026-09-17,TWSE,6533,晶心科,224.5,229.0,224.5,229.0,503592.0
2026-09-17,TWSE,6534,正瀚-創,90.6,91.3,89.8,89.8,20035.0
2026-09-17,TWSE,6541,泰福-KY,30.7,30.9,30.4,30.55,207977.0
2026-09-17,TWSE,6550,北極星藥業-KY,10.0,10.05,9.91,9.92,1037484.0
2026-09-17,TWSE,6552,易華電,23.65,23.65,23.35,23.4,26100.0
2026-09-17,TWSE,6558,興能高,23.1,23.55,23.1,23.45,60148.0
2026-09-17,TWSE,6573,虹揚-KY,15.6,16.5,15.6,16.2,106938.0
2026-09-17,TWSE,6579,研揚,148.0,150.5,147.5,149.0,177634.0
2026-09-17,TWSE,6581,鋼聯,109.5,109.5,108.5,109.5,14671.0
2026-09-17,TWSE,6582,申豐,31.2,31.5,30.95,31.05,31466.0
2026-09-17,TWSE,6585,鼎基,103.5,105.5,103.0,103.0,150043.0
2026-09-17,TWSE,6589,台康生技,49.0,50.2,48.85,48.95,628129.0
2026-09-17,TWSE,6591,動力-KY,41.5,42.25,41.4,42.05,76820.0
2026-09-17,TWSE,6592,和潤企業,59.9,59.9,59.3,59.6,433942.0
2026-09-17,TWSE,6598,ABC-KY,27.5,27.8,27.25,27.4,40136.0
2026-09-17,TWSE,6605,帝寶,138.0,138.0,136.0,136.0,172096.0
2026-09-17,TWSE,6606,建德工業,24.85,25.85,24.4,24.7,139292.0
2026-09-17,TWSE,6614,資拓宏宇,35.45,35.45,35.45,35.45,10131.0
2026-09-17,TWSE,6625,必應,73.5,74.1,73.3,73.5,23514.0
2026-09-17,TWSE,6641,基士德-KY,16.8,16.9,16.8,16.9,3720.0
2026-09-17,TWSE,6645,金萬林-創,13.5,13.5,12.5,12.65,35000.0
2026-09-17,TWSE,6655,科定,123.0,123.0,123.0,123.0,1010.0
2026-09-17,TWSE,6657,華安,33.7,34.95,33.4,33.85,115366.0
2026-09-17,TWSE,6658,聯策,165.5,170.0,164.5,167.5,175145.0
2026-09-17,TWSE,6666,羅麗芬-KY,44.85,44.85,43.75,44.35,28101.0
2026-09-17,TWSE,6668,中揚光,42.95,45.9,42.4,43.2,4951332.0
2026-09-17,TWSE,6669,緯穎,2305.0,2320.0,2085.0,2165.0,9125545.0
2026-09-17,TWSE,6670,復盛應用,272.5,273.0,270.0,270.0,89235.0
2026-09-17,TWSE,6671,三能-KY,22.95,22.95,22.8,22.85,12070.0
2026-09-17,TWSE,6672,騰輝電子-KY,295.5,306.0,290.0,304.0,5010539.0
2026-09-17,TWSE,6674,鋐寶科技,15.75,16.1,15.75,15.95,3487.0
2026-09-17,TWSE,6689,伊雲谷,69.1,71.5,66.1,67.0,2460921.0
2026-09-17,TWSE,6691,洋基工程,610.0,624.0,610.0,618.0,578902.0
2026-09-17,TWSE,6695,芯鼎,46.0,48.1,46.0,47.9,270512.0
2026-09-17,TWSE,6698,旭暉應材,31.5,32.35,31.5,31.9,106373.0
2026-09-17,TWSE,6706,惠特,143.5,149.0,140.5,147.0,11524955.0
2026-09-17,TWSE,6715,嘉基,354.0,393.0,339.5,393.0,3523438.0
2026-09-17,TWSE,6719,力智,179.5,182.5,179.5,180.5,205327.0
2026-09-17,TWSE,6722,輝創,32.0,32.5,31.9,32.5,24477.0
2026-09-17,TWSE,6742,澤米,44.8,46.65,44.8,46.6,492106.0
2026-09-17,TWSE,6743,安普新,29.9,29.9,29.05,29.15,314087.0
2026-09-17,TWSE,6753,龍德造船,130.0,133.0,130.0,132.5,281970.0
2026-09-17,TWSE,6754,匯僑設計,41.5,41.55,40.5,40.9,17436.0
2026-09-17,TWSE,6756,威鋒電子,95.0,95.8,94.6,95.6,78361.0
2026-09-17,TWSE,6757,台灣虎航,53.1,53.1,52.6,53.0,624216.0
2026-09-17,TWSE,6768,志強-KY,62.6,62.6,61.7,62.0,343833.0
2026-09-17,TWSE,6770,力積電,67.8,70.0,67.8,69.9,91880819.0
2026-09-17,TWSE,6771,平和環保-創,42.35,43.1,41.0,42.2,118180.0
2026-09-17,TWSE,6776,展碁國際,51.7,52.1,51.7,52.0,38321.0
2026-09-17,TWSE,6781,AES-KY,1000.0,1010.0,992.0,1005.0,212301.0
2026-09-17,TWSE,6782,視陽,230.0,232.5,227.5,231.5,179167.0
2026-09-17,TWSE,6789,采鈺,427.0,444.5,427.0,434.0,1068142.0
2026-09-17,TWSE,6790,永豐實,37.7,37.8,37.65,37.65,116940.0
2026-09-17,TWSE,6792,詠業,58.8,59.2,58.7,58.7,25000.0
2026-09-17,TWSE,6794,向榮生技,76.5,76.7,74.5,75.1,18000.0
2026-09-17,TWSE,6796,晉弘,50.7,50.7,50.0,50.2,45604.0
2026-09-17,TWSE,6799,來頡,77.7,79.1,77.7,78.4,97374.0
2026-09-17,TWSE,6805,富世達,2035.0,2070.0,2010.0,2045.0,1046754.0
2026-09-17,TWSE,6807,峰源-KY,33.0,33.0,33.0,33.0,1083.0
2026-09-17,TWSE,6830,汎銓,533.0,567.0,525.0,529.0,1668659.0
2026-09-17,TWSE,6831,邁科,526.0,535.0,518.0,525.0,361609.0
2026-09-17,TWSE,6834,天二科技,98.8,100.5,97.5,100.0,2882279.0
2026-09-17,TWSE,6835,圓裕,30.65,30.8,29.9,30.7,15010.0
2026-09-17,TWSE,6838,台新藥,23.35,24.0,23.3,23.65,79818.0
2026-09-17,TWSE,6854,錼創科技-KY創,87.9,91.8,87.9,89.2,158660.0
2026-09-17,TWSE,6861,睿生光電,227.5,233.5,219.0,223.0,2650095.0
2026-09-17,TWSE,6862,三集瑞-KY,133.5,133.5,129.5,131.5,91400.0
2026-09-17,TWSE,6863,永道-KY,93.9,95.3,92.6,92.7,70206.0
2026-09-17,TWSE,6869,雲豹能源,64.0,65.0,63.7,64.8,242869.0
2026-09-17,TWSE,6873,泓德能源,67.0,67.4,66.5,67.1,191004.0
2026-09-17,TWSE,6885,全福生技,26.6,27.5,26.0,27.2,763093.0
2026-09-17,TWSE,6887,寶綠特-KY,37.0,37.8,36.95,37.05,10000.0
2026-09-17,TWSE,6890,來億-KY,149.0,150.5,146.0,146.0,205622.0
2026-09-17,TWSE,6901,鑽石投資,15.15,15.3,15.0,15.2,658792.0
2026-09-17,TWSE,6902,GOGOLOOK,124.5,125.5,123.0,125.5,22478.0
2026-09-17,TWSE,6906,現觀科,83.3,83.3,81.8,81.8,20718.0
2026-09-17,TWSE,6908,宏碁遊戲-創,30.15,30.15,29.9,30.1,6200.0
2026-09-17,TWSE,6909,創控,40.7,42.3,40.7,41.7,331575.0
2026-09-17,TWSE,6914,阜爾運通,119.5,120.0,119.5,119.5,20767.0
2026-09-17,TWSE,6916,華凌,18.15,18.4,18.0,18.0,24007.0
2026-09-17,TWSE,6918,愛派司,73.5,74.4,73.5,74.0,9050.0
2026-09-17,TWSE,6919,康霈*,80.4,83.5,79.7,81.6,4166800.0
2026-09-17,TWSE,6921,嘉雨思-創,59.7,59.7,59.4,59.7,8226.0
2026-09-17,TWSE,6923,中台,76.2,76.2,75.6,75.6,26388.0
2026-09-17,TWSE,6924,榮惠-KY創,128.0,135.0,128.0,135.0,54589.0
2026-09-17,TWSE,6928,攸泰科技,45.6,47.5,45.5,46.7,50047.0
2026-09-17,TWSE,6931,青松健康,39.45,39.5,39.05,39.3,29310.0
2026-09-17,TWSE,6933,AMAX-KY,286.0,314.5,282.5,314.5,932211.0
2026-09-17,TWSE,6934,心誠鎂,72.0,74.6,71.8,73.3,26163.0
2026-09-17,TWSE,6936,永鴻生技,31.8,32.1,31.6,31.8,11400.0
2026-09-17,TWSE,6937,天虹,281.0,295.0,280.0,290.0,396107.0
2026-09-17,TWSE,6944,兆聯實業,691.0,698.0,685.0,685.0,233341.0
2026-09-17,TWSE,6947,台鎔科技,66.6,67.7,66.6,66.7,85842.0
2026-09-17,TWSE,6949,沛爾生醫*-創,50.5,53.3,50.0,53.1,4290274.0
2026-09-17,TWSE,6951,青新-創,70.0,70.0,69.5,69.6,26247.0
2026-09-17,TWSE,6952,大武山,38.8,39.0,38.05,39.0,17000.0
2026-09-17,TWSE,6955,邦睿生技-創,97.6,97.6,95.1,95.1,12190.0
2026-09-17,TWSE,6957,裕慶-KY,246.0,260.0,246.0,258.5,390360.0
2026-09-17,TWSE,6958,日盛台駿,17.2,17.8,17.05,17.55,41116.0
2026-09-17,TWSE,6962,奕力-KY,30.55,30.85,30.55,30.8,646316.0
2026-09-17,TWSE,6965,中傑-KY,69.0,69.2,68.0,69.1,24000.0
2026-09-17,TWSE,6969,成信實業*-創,32.25,32.8,31.9,32.0,91200.0
2026-09-17,TWSE,6988,威力暘-創,11.9,11.9,11.8,11.8,16000.0
2026-09-17,TWSE,6994,富威電力,26.2,27.2,26.0,27.0,1120272.0
2026-09-17,TWSE,7610,聯友金屬-創,1685.0,1810.0,1630.0,1730.0,1215127.0
2026-09-17,TWSE,7631,聚賢研發-創,135.5,136.5,135.0,135.5,11431.0
2026-09-17,TWSE,7689,大鵬科CLMX,153.0,155.0,153.0,154.0,16425.0
2026-09-17,TWSE,7705,三商餐飲,30.1,30.15,29.8,30.0,55332.0
2026-09-17,TWSE,7711,永擎,472.0,514.0,472.0,514.0,1415029.0
2026-09-17,TWSE,7721,微程式,56.0,58.4,56.0,58.4,56603.0
2026-09-17,TWSE,7722,LINEPAY,268.0,268.0,262.0,262.0,38949.0
2026-09-17,TWSE,7730,暉盛-創,170.0,171.5,168.5,169.0,43150.0
2026-09-17,TWSE,7732,金興精密,,,,,
2026-09-17,TWSE,7736,虎山,69.5,69.5,68.5,68.6,4700.0
2026-09-17,TWSE,7740,熙特爾-創,124.0,126.0,120.5,122.5,248896.0
2026-09-17,TWSE,7749,意騰-KY,351.0,362.0,350.5,359.0,218843.0
2026-09-17,TWSE,7750,新代,1900.0,1935.0,1890.0,1895.0,127185.0
2026-09-17,TWSE,7760,享溫馨,32.8,32.85,32.5,32.5,15028.0
2026-09-17,TWSE,7765,中華資安,237.0,244.5,233.0,240.0,669563.0
2026-09-17,TWSE,7768,頌勝科技,252.0,262.0,252.0,260.0,52566.0
2026-09-17,TWSE,7769,鴻勁,6205.0,6235.0,6100.0,6125.0,437655.0
2026-09-17,TWSE,7780,大研生醫*,16.05,16.2,16.05,16.15,377122.0
2026-09-17,TWSE,7786,東方風能,119.5,119.5,116.5,117.0,126979.0
2026-09-17,TWSE,7788,松川精密,283.5,299.0,279.5,292.0,1282512.0
2026-09-17,TWSE,7791,皇家可口,55.4,55.8,55.1,55.4,27390.0
2026-09-17,TWSE,7795,長廣,466.0,495.0,463.5,476.0,914868.0
2026-09-17,TWSE,7799,禾榮科,430.0,457.0,424.0,457.0,1643273.0
2026-09-17,TWSE,7803,雲象科技-創,18.25,18.45,17.8,18.2,114491.0
2026-09-17,TWSE,7818,溢泰實業,59.4,60.0,59.4,60.0,36601.0
2026-09-17,TWSE,7821,神數,38.5,38.85,38.5,38.6,29542.0
2026-09-17,TWSE,7822,倍利科,800.0,824.0,800.0,810.0,94411.0
2026-09-17,TWSE,7823,奧義賽博-KY創,81.0,81.0,79.4,79.4,31110.0
2026-09-17,TWSE,7827,漢康-KY創,149.5,150.0,147.0,148.5,95174.0
2026-09-17,TWSE,7835,永悅健康-創,21.45,21.8,20.4,21.15,44075.0
2026-09-17,TWSE,7855,和運租車,42.1,42.1,42.0,42.05,362217.0
2026-09-17,TWSE,8011,台通,15.5,15.7,15.5,15.7,219476.0
2026-09-17,TWSE,8016,矽創,277.5,277.5,271.5,277.5,450572.0
2026-09-17,TWSE,8021,尖點,433.0,443.0,411.5,440.0,8326562.0
2026-09-17,TWSE,8028,昇陽半導體,228.0,236.5,227.0,233.0,3815963.0
2026-09-17,TWSE,8033,雷虎,165.5,170.0,165.5,169.0,1680089.0
2026-09-17,TWSE,8039,台虹,277.5,278.0,271.0,275.5,12424803.0
2026-09-17,TWSE,8045,達運光電,57.0,57.0,50.7,52.8,867843.0
2026-09-17,TWSE,8046,南電,1095.0,1115.0,1060.0,1105.0,7955496.0
2026-09-17,TWSE,8070,長華*,49.45,49.95,49.0,49.25,890121.0
2026-09-17,TWSE,8072,陞泰,27.4,28.0,26.7,26.75,633573.0
2026-09-17,TWSE,8081,致新,247.0,249.0,247.0,247.5,219443.0
2026-09-17,TWSE,8101,華冠,12.15,12.25,12.15,12.25,3667.0
2026-09-17,TWSE,8103,瀚荃,114.5,124.0,113.5,120.0,5849716.0
2026-09-17,TWSE,8104,錸寶,29.0,29.6,28.95,29.5,160175.0
2026-09-17,TWSE,8105,凌巨,14.2,14.6,14.2,14.4,1147996.0
2026-09-17,TWSE,8110,華東,40.7,42.1,40.7,41.9,2378545.0
2026-09-17,TWSE,8112,至上,83.0,83.4,82.4,82.5,4889102.0
2026-09-17,TWSE,8114,振樺電,175.0,178.0,175.0,177.0,316820.0
2026-09-17,TWSE,8131,福懋科,58.1,59.2,58.1,58.9,741036.0
2026-09-17,TWSE,8150,南茂,85.2,87.3,84.7,87.1,8426884.0
2026-09-17,TWSE,8162,微矽電子-創,59.2,59.7,59.0,59.7,21105.0
2026-09-17,TWSE,8163,達方,29.2,29.65,29.2,29.65,478881.0
2026-09-17,TWSE,8201,無敵,11.6,11.8,11.6,11.75,8877.0
2026-09-17,TWSE,8210,勤誠,884.0,889.0,876.0,883.0,570341.0
2026-09-17,TWSE,8213,志超,32.25,32.7,32.25,32.5,309655.0
2026-09-17,TWSE,8215,明基材,24.55,26.1,24.55,25.85,3256276.0
2026-09-17,TWSE,8222,寶一,34.4,34.7,34.25,34.65,199043.0
2026-09-17,TWSE,8249,菱光,37.4,38.2,37.4,37.95,138683.0
2026-09-17,TWSE,8261,富鼎,165.5,176.0,165.5,173.5,2851869.0
2026-09-17,TWSE,8271,宇瞻,200.0,214.5,200.0,210.0,2217042.0
2026-09-17,TWSE,8341,日友,74.2,74.4,74.1,74.1,93654.0
2026-09-17,TWSE,8367,建新國際,40.8,40.8,40.8,40.8,1079.0
2026-09-17,TWSE,8374,羅昇,77.1,77.3,76.0,76.7,129123.0
2026-09-17,TWSE,8404,百和興業-KY,13.65,13.95,13.65,13.65,278687.0
2026-09-17,TWSE,8411,福貞-KY,12.65,12.65,12.55,12.65,56845.0
2026-09-17,TWSE,8422,可寧衛*,25.95,26.35,25.85,26.0,3346952.0
2026-09-17,TWSE,8429,金麗-KY,5.87,5.94,5.87,5.92,95616.0
2026-09-17,TWSE,8438,昶昕,67.7,69.1,67.6,68.4,161020.0
2026-09-17,TWSE,8442,威宏-KY,46.2,46.2,45.15,45.7,37552.0
2026-09-17,TWSE,8443,阿瘦,11.15,11.2,11.1,11.2,30346.0
2026-09-17,TWSE,8454,富邦媒,243.0,244.0,239.0,243.0,235747.0
2026-09-17,TWSE,8462,柏文,161.0,161.0,158.0,158.5,108937.0
2026-09-17,TWSE,8463,潤泰材,20.85,21.25,20.85,21.2,34155.0
2026-09-17,TWSE,8464,億豐,387.0,387.0,372.0,374.0,317533.0
2026-09-17,TWSE,8466,美吉吉-KY,13.65,13.8,13.6,13.8,9000.0
2026-09-17,TWSE,8467,波力-KY,82.4,86.0,82.4,84.0,23276.0
2026-09-17,TWSE,8473,山林水,37.85,37.95,37.5,37.75,603863.0
2026-09-17,TWSE,8476,台境*,19.25,19.8,19.15,19.5,249048.0
2026-09-17,TWSE,8478,東哥遊艇,141.5,142.0,141.0,142.0,34260.0
2026-09-17,TWSE,8481,政伸,41.15,41.15,41.15,41.15,1262.0
2026-09-17,TWSE,8482,商億-KY,47.25,47.25,47.15,47.15,5050.0
2026-09-17,TWSE,8487,愛爾達-創,70.6,70.6,70.6,70.6,1339.0
2026-09-17,TWSE,8488,吉源-KY,9.92,10.15,9.92,9.95,12180.0
2026-09-17,TWSE,8499,鼎炫-KY,,,,,689.0
2026-09-17,TWSE,8926,台汽電,58.0,59.3,57.8,58.5,2432315.0
2026-09-17,TWSE,8940,新天地,14.8,15.1,14.65,14.8,23206.0
2026-09-17,TWSE,8996,高力,1230.0,1300.0,1230.0,1300.0,1197638.0
2026-09-17,TWSE,9103,美德醫療-DR,5.02,5.02,4.95,4.96,301424.0
2026-09-17,TWSE,9105,泰金寶-DR,8.48,8.52,8.39,8.44,10939555.0
2026-09-17,TWSE,9110,越南控-DR,,,,,
2026-09-17,TWSE,9136,巨騰-DR,9.59,9.78,9.38,9.61,189750.0
2026-09-17,TWSE,9802,鈺齊-KY,64.5,64.5,63.1,63.7,367752.0
2026-09-17,TWSE,9902,台火,13.3,13.3,13.15,13.2,38749.0
2026-09-17,TWSE,9904,寶成,24.35,24.55,24.3,24.5,12968117.0
2026-09-17,TWSE,9905,大華,21.2,21.25,21.1,21.25,67732.0
2026-09-17,TWSE,9906,欣巴巴,36.95,37.8,36.55,37.3,61558.0
2026-09-17,TWSE,9907,統一實,14.95,15.0,14.85,14.85,848159.0
2026-09-17,TWSE,9908,大台北,29.1,29.1,28.95,29.0,76784.0
2026-09-17,TWSE,9910,豐泰,68.8,68.8,67.3,67.5,1620541.0
2026-09-17,TWSE,9911,櫻花,81.7,81.7,81.3,81.3,157958.0
2026-09-17,TWSE,9912,偉聯,13.4,13.4,12.85,13.1,54131.0
2026-09-17,TWSE,9914,美利達,68.1,69.2,67.6,67.9,1374165.0
2026-09-17,TWSE,9917,中保科,106.0,106.0,105.0,106.0,391351.0
2026-09-17,TWSE,9918,欣天然,42.8,43.0,42.7,42.9,17343.0
2026-09-17,TWSE,9919,康那香,13.95,14.0,13.9,14.0,119708.0
2026-09-17,TWSE,9921,巨大,91.5,93.2,90.2,90.7,1129238.0
2026-09-17,TWSE,9924,福興,37.8,38.1,37.7,37.7,66261.0
2026-09-17,TWSE,9925,新保,39.45,39.55,39.4,39.5,302737.0
2026-09-17,TWSE,9926,新海,48.95,49.05,48.95,49.05,10243.0
2026-09-17,TWSE,9927,泰銘,69.4,69.7,69.4,69.5,132614.0
2026-09-17,TWSE,9928,中視,17.55,17.75,17.4,17.75,80253.0
2026-09-17,TWSE,9929,秋雨,10.85,11.0,10.85,11.0,10100.0
2026-09-17,TWSE,9930,中聯資源,61.2,61.2,60.7,61.0,105470.0
2026-09-17,TWSE,9931,欣高,33.9,33.95,33.9,33.95,18151.0
2026-09-17,TWSE,9933,中鼎,41.8,43.0,41.5,42.75,4281491.0
2026-09-17,TWSE,9934,成霖,9.75,9.8,9.74,9.78,441822.0
2026-09-17,TWSE,9935,慶豐富,18.0,18.1,17.95,18.0,164539.0
2026-09-17,TWSE,9937,全國,54.0,54.2,54.0,54.1,94210.0
2026-09-17,TWSE,9938,百和,37.9,38.2,37.7,37.9,866776.0
2026-09-17,TWSE,9939,宏全,126.0,126.5,125.0,125.5,268156.0
2026-09-17,TWSE,9940,信義,19.9,19.9,19.8,19.85,176341.0
2026-09-17,TWSE,9941,裕融,81.4,81.9,80.2,80.8,1407033.0
2026-09-17,TWSE,9942,茂順,114.0,114.0,113.5,114.0,41245.0
2026-09-17,TWSE,9943,好樂迪,50.7,50.7,50.6,50.6,10745.0
2026-09-17,TWSE,9944,新麗,17.2,17.35,16.95,17.2,33513.0
2026-09-17,TWSE,9945,潤泰新,28.1,28.4,27.95,28.05,4061805.0
2026-09-17,TWSE,9946,三發地產,16.7,16.8,16.65,16.65,160443.0
2026-09-17,TWSE,9955,佳龍,23.15,23.9,23.15,23.45,152169.0
2026-09-17,TWSE,9958,世紀鋼,89.0,90.3,88.1,89.2,5815544.0
2026-09-17,TPEX,1240,茂生農經,55.1,55.7,55.1,55.6,5217.0
2026-09-17,TPEX,1259,安心,63.5,64.5,63.5,64.5,17335.0
2026-09-17,TPEX,1264,德麥,243.5,244.5,243.5,244.5,13732.0
2026-09-17,TPEX,1268,漢來美食,172.0,173.5,172.0,173.0,20694.0
2026-09-17,TPEX,1294,漢田生技,51.0,51.5,51.0,51.5,9980.0
2026-09-17,TPEX,1295,生合,44.25,44.6,44.25,44.5,12428.0
2026-09-17,TPEX,1336,台翰,16.15,17.0,16.15,16.75,359439.0
2026-09-17,TPEX,1565,精華,96.1,96.9,95.7,96.5,119296.0
2026-09-17,TPEX,1569,濱川,51.0,53.0,50.4,52.0,1361993.0
2026-09-17,TPEX,1570,力肯,32.35,32.6,32.0,32.6,34072.0
2026-09-17,TPEX,1580,新麥,97.5,97.5,96.0,96.7,125130.0
2026-09-17,TPEX,1584,精剛,18.0,18.2,18.0,18.2,360886.0
2026-09-17,TPEX,1586,和勤,17.95,18.0,17.85,17.95,208779.0
2026-09-17,TPEX,1591,駿吉-KY,38.35,39.5,38.35,39.4,219528.0
2026-09-17,TPEX,1593,祺驊,31.85,32.35,31.2,31.55,26255.0
2026-09-17,TPEX,1595,川寶,68.8,68.8,64.4,64.4,312916.0
2026-09-17,TPEX,1599,宏佳騰,23.55,23.55,23.0,23.1,9061.0
2026-09-17,TPEX,1742,台蠟,17.9,17.9,17.5,17.55,13003.0
2026-09-17,TPEX,1777,生泰,73.7,74.1,73.4,73.9,14000.0
2026-09-17,TPEX,1780,立弘,24.5,25.2,24.35,25.15,148010.0
2026-09-17,TPEX,1781,合世,10.0,10.05,9.93,10.05,12106.0
2026-09-17,TPEX,1784,訊聯,58.3,59.1,58.1,59.1,42315.0
2026-09-17,TPEX,1785,光洋科,95.3,98.6,95.1,96.0,6867036.0
2026-09-17,TPEX,1788,杏昌,128.0,128.5,128.0,128.0,11586.0
2026-09-17,TPEX,1796,金穎生技,29.8,29.8,29.5,29.5,4003.0
2026-09-17,TPEX,1799,易威,28.8,28.8,28.4,28.5,108418.0
2026-09-17,TPEX,1813,寶利徠,11.25,11.5,11.2,11.35,31022.0
2026-09-17,TPEX,1815,富喬,119.0,119.5,111.0,112.0,53701860.0
2026-09-17,TPEX,2035,唐榮,27.25,27.8,27.25,27.8,15105.0
2026-09-17,TPEX,2061,風青,52.5,56.0,51.9,52.4,2799988.0
2026-09-17,TPEX,2063,世鎧,23.7,23.8,23.6,23.8,19246.0
2026-09-17,TPEX,2064,晉椿,12.15,12.45,11.9,11.95,358317.0
2026-09-17,TPEX,2065,世豐,35.5,35.65,35.0,35.25,53446.0
2026-09-17,TPEX,2066,世德,52.9,52.9,51.0,52.3,31207.0
2026-09-17,TPEX,2067,嘉鋼,4.97,5.4,4.97,5.21,49983.0
2026-09-17,TPEX,2070,精湛,61.5,62.0,61.4,61.7,71109.0
2026-09-17,TPEX,2073,雄順,,,,,79.0
2026-09-17,TPEX,2221,大甲,110.5,116.0,108.0,116.0,8408052.0
2026-09-17,TPEX,2230,泰茂,21.8,21.95,21.3,21.95,89808.0
2026-09-17,TPEX,2235,謚源,28.2,28.5,27.7,28.3,8000.0
2026-09-17,TPEX,2596,綠意,35.45,35.45,34.45,34.7,166039.0
2026-09-17,TPEX,2640,大車隊,159.0,172.0,159.0,172.0,198836.0
2026-09-17,TPEX,2641,正德,17.4,17.65,17.4,17.6,965906.0
2026-09-17,TPEX,2643,捷迅,62.6,62.7,62.6,62.6,8100.0
2026-09-17,TPEX,2718,全心投控,40.0,40.1,40.0,40.1,12647.0
2026-09-17,TPEX,2719,燦星旅,19.5,19.5,19.45,19.5,4230.0
2026-09-17,TPEX,2724,藝舍-KY,10.4,10.75,10.4,10.75,4382.0
2026-09-17,TPEX,2726,雅茗-KY,8.13,8.13,7.94,8.1,21486.0
2026-09-17,TPEX,2729,瓦城,155.0,157.0,153.5,154.5,36686.0
2026-09-17,TPEX,2732,六角,62.8,63.4,62.8,62.8,12325.0
2026-09-17,TPEX,2734,易飛網,14.5,14.6,14.5,14.55,25573.0
2026-09-17,TPEX,2736,富野,11.35,11.4,11.35,11.4,29455.0
2026-09-17,TPEX,2740,華軒,31.8,31.8,31.8,31.8,1303.0
2026-09-17,TPEX,2743,山富,52.9,53.5,52.7,53.0,48071.0
2026-09-17,TPEX,2745,五福,83.7,84.8,83.5,84.5,56687.0
2026-09-17,TPEX,2751,王座,53.5,53.5,53.5,53.5,1110.0
2026-09-17,TPEX,2752,豆府,179.0,180.0,179.0,180.0,2289.0
2026-09-17,TPEX,2754,亞洲藏壽司,69.0,69.9,69.0,69.5,20183.0
2026-09-17,TPEX,2755,揚秦,98.0,98.5,98.0,98.3,29929.0
2026-09-17,TPEX,2756,聯發國際,62.2,63.0,62.2,63.0,5100.0
2026-09-17,TPEX,2916,滿心,40.65,40.75,40.5,40.65,12969.0
2026-09-17,TPEX,2924,宏太-KY,16.85,17.45,16.85,17.45,3000.0
2026-09-17,TPEX,2926,誠品生活,29.95,30.0,29.95,30.0,2390.0
2026-09-17,TPEX,2937,集雅社,44.45,44.45,44.45,44.45,5042.0
2026-09-17,TPEX,2938,床的世界,18.45,18.55,18.15,18.15,364224.0
2026-09-17,TPEX,2941,米斯特,29.9,30.9,29.9,30.0,5002.0
2026-09-17,TPEX,2947,振宇五金,60.1,60.2,60.0,60.2,6539.0
2026-09-17,TPEX,2948,寶陞,37.75,37.75,37.75,37.75,1474.0
2026-09-17,TPEX,2949,欣新網,,,,,131.0
2026-09-17,TPEX,3064,泰偉,,,,,60.0
2026-09-17,TPEX,3066,李洲,25.8,28.3,25.6,28.3,5369371.0
2026-09-17,TPEX,3067,全域,,,,,0.0
2026-09-17,TPEX,3071,協禧,23.3,23.4,23.25,23.4,83325.0
2026-09-17,TPEX,3073,天方能源,20.85,22.1,20.85,20.85,8479.0
2026-09-17,TPEX,3078,僑威,44.6,44.8,44.2,44.6,492687.0
2026-09-17,TPEX,3081,聯亞,2910.0,2930.0,2715.0,2720.0,4266082.0
2026-09-17,TPEX,3083,網龍,21.85,22.2,21.85,22.15,40489.0
2026-09-17,TPEX,3085,新零售,11.75,11.75,11.7,11.7,5305.0
2026-09-17,TPEX,3086,華義*,29.7,29.7,28.9,28.9,58291.0
2026-09-17,TPEX,3088,艾訊,125.0,127.5,125.0,126.0,654464.0
2026-09-17,TPEX,3093,港建*,44.5,45.0,44.05,44.15,101911.0
2026-09-17,TPEX,3095,及成,35.6,36.8,35.6,36.0,6709.0
2026-09-17,TPEX,3105,穩懋,482.0,507.0,469.0,471.0,47614133.0
2026-09-17,TPEX,3114,好德,30.35,30.7,30.15,30.35,130397.0
2026-09-17,TPEX,3115,富榮綱,8.2,8.45,7.94,8.18,14031.0
2026-09-17,TPEX,3118,進階,31.4,31.65,31.4,31.65,11216.0
2026-09-17,TPEX,3122,笙泉,24.05,24.45,23.9,24.45,34111.0
2026-09-17,TPEX,3128,昇銳,20.75,20.85,20.25,20.25,125166.0
2026-09-17,TPEX,3131,弘塑,2365.0,2465.0,2365.0,2395.0,315893.0
2026-09-17,TPEX,3141,晶宏,93.4,97.5,93.2,94.4,5433063.0
2026-09-17,TPEX,3147,大綜,234.0,240.0,230.0,232.5,657054.0
2026-09-17,TPEX,3152,璟德,222.5,223.5,219.5,219.5,95888.0
2026-09-17,TPEX,3158,嘉實,86.1,86.1,85.6,86.0,11627.0
2026-09-17,TPEX,3162,精確,73.7,74.6,72.3,72.7,885940.0
2026-09-17,TPEX,3163,波若威,676.0,682.0,645.0,652.0,1697004.0
2026-09-17,TPEX,3169,亞信,100.0,103.5,100.0,101.5,122617.0
2026-09-17,TPEX,3171,炎洲流通,59.3,59.3,59.3,59.3,1152.0
2026-09-17,TPEX,3176,基亞,37.95,39.95,37.95,39.9,1332475.0
2026-09-17,TPEX,3178,公準,61.3,62.9,61.3,62.8,60780.0
2026-09-17,TPEX,3188,鑫龍騰,23.75,24.0,23.65,23.9,136879.0
2026-09-17,TPEX,3191,雲嘉南,16.5,16.6,16.4,16.55,24892.0
2026-09-17,TPEX,3205,佰研,46.4,47.4,46.3,46.65,19550.0
2026-09-17,TPEX,3206,志豐,34.95,34.95,33.75,34.75,34479.0
2026-09-17,TPEX,3207,耀勝,37.25,38.4,36.55,37.15,143302.0
2026-09-17,TPEX,3211,順達,375.5,379.5,360.5,360.5,2359710.0
2026-09-17,TPEX,3213,茂訊,122.5,124.5,122.0,124.0,204984.0
2026-09-17,TPEX,3217,優群,128.0,128.5,127.5,128.0,174901.0
2026-09-17,TPEX,3218,大學光,134.5,135.5,134.5,134.5,115528.0
2026-09-17,TPEX,3219,倚強科,82.6,84.6,81.3,81.7,456474.0
2026-09-17,TPEX,3221,台嘉碩,47.55,48.6,47.05,47.1,929044.0
2026-09-17,TPEX,3224,三顧,33.45,33.45,32.9,33.3,10002.0
2026-09-17,TPEX,3226,龍鋒,56.8,56.9,56.0,56.7,18016.0
2026-09-17,TPEX,3227,原相,184.5,186.0,182.0,182.5,680015.0
2026-09-17,TPEX,3228,金麗科,164.5,168.5,162.5,164.0,154751.0
2026-09-17,TPEX,3230,錦明,41.75,42.45,41.75,41.8,257919.0
2026-09-17,TPEX,3232,昱捷,21.8,22.05,21.05,21.3,79252.0
2026-09-17,TPEX,3234,光環,180.0,194.0,176.0,177.0,3853431.0
2026-09-17,TPEX,3236,千如,43.65,44.7,42.75,42.75,1297783.0
2026-09-17,TPEX,3252,海灣,15.35,15.35,15.35,15.35,3000.0
2026-09-17,TPEX,3259,鑫創,10.8,10.8,10.8,10.8,1000.0
2026-09-17,TPEX,3260,威剛,405.5,405.5,395.0,395.0,3657298.0
2026-09-17,TPEX,3264,欣銓,229.5,245.0,229.5,244.5,21408104.0
2026-09-17,TPEX,3265,台星科,164.5,174.5,164.5,168.0,1270342.0
2026-09-17,TPEX,3268,海德威,17.4,18.1,17.15,18.1,96777.0
2026-09-17,TPEX,3272,東碩,13.95,14.0,13.95,14.0,41141.0
2026-09-17,TPEX,3276,宇環,13.7,13.9,13.6,13.9,69177.0
2026-09-17,TPEX,3284,太普高,19.85,20.15,19.7,19.85,118656.0
2026-09-17,TPEX,3285,微端,39.0,39.5,39.0,39.35,7577.0
2026-09-17,TPEX,3287,廣寰科,35.45,38.5,35.45,38.5,905699.0
2026-09-17,TPEX,3288,點晶,20.05,20.5,19.25,20.05,30746.0
2026-09-17,TPEX,3289,宜特,133.5,134.0,131.5,133.5,391272.0
2026-09-17,TPEX,3290,東浦,47.7,47.7,46.75,46.75,420581.0
2026-09-17,TPEX,3293,鈊象,712.0,725.0,708.0,725.0,2148417.0
2026-09-17,TPEX,3294,英濟,30.3,30.5,29.65,30.0,277268.0
2026-09-17,TPEX,3297,杭特,32.0,32.0,30.1,30.1,514097.0
2026-09-17,TPEX,3303,岱稜,48.6,48.65,48.25,48.4,111055.0
2026-09-17,TPEX,3306,鼎天,45.15,45.15,44.75,44.8,36397.0
2026-09-17,TPEX,3310,佳穎,69.5,69.5,68.0,68.2,24000.0
2026-09-17,TPEX,3313,斐成,10.55,10.6,10.45,10.45,85705.0
2026-09-17,TPEX,3317,尼克森,56.1,56.2,55.1,55.1,407707.0
2026-09-17,TPEX,3322,建舜電,10.85,10.95,10.65,10.65,197720.0
2026-09-17,TPEX,3323,加百裕,27.1,27.25,26.95,27.0,168764.0
2026-09-17,TPEX,3324,雙鴻,1375.0,1460.0,1335.0,1385.0,6498032.0
2026-09-17,TPEX,3325,旭品,11.15,11.25,11.05,11.15,73464.0
2026-09-17,TPEX,3332,幸康,60.5,60.5,60.5,60.5,3000.0
2026-09-17,TPEX,3339,泰谷,44.2,46.35,43.65,44.95,3676568.0
2026-09-17,TPEX,3349,寶德,19.65,20.0,19.5,20.0,57094.0
2026-09-17,TPEX,3354,律勝,30.65,31.7,29.25,29.25,2566656.0
2026-09-17,TPEX,3357,臺慶科,203.0,205.0,199.0,200.0,525053.0
2026-09-17,TPEX,3360,尚立,14.65,14.7,14.45,14.6,222901.0
2026-09-17,TPEX,3362,先進光,177.5,182.0,174.0,175.0,2933111.0
2026-09-17,TPEX,3363,上詮,698.0,699.0,653.0,655.0,4182638.0
2026-09-17,TPEX,3372,典範,15.0,16.4,14.7,16.4,2594988.0
2026-09-17,TPEX,3373,熱映,15.95,16.0,15.9,15.95,23105.0
2026-09-17,TPEX,3374,精材,429.0,445.0,423.0,429.0,13060902.0
2026-09-17,TPEX,3379,彬台,27.6,28.0,27.2,27.3,33035.0
2026-09-17,TPEX,3388,崇越電,81.0,82.6,80.6,80.6,372213.0
2026-09-17,TPEX,3390,旭軟,21.6,21.8,21.4,21.65,184697.0
2026-09-17,TPEX,3402,漢科,125.0,128.0,125.0,125.5,132621.0
2026-09-17,TPEX,3430,奇鈦科,103.0,105.0,101.5,102.5,158379.0
2026-09-17,TPEX,3434,哲固,31.5,31.85,30.9,31.2,327596.0
2026-09-17,TPEX,3438,類比科,63.0,63.6,62.2,62.4,42560.0
2026-09-17,TPEX,3441,聯一光,198.5,201.0,188.5,192.5,47642132.0
2026-09-17,TPEX,3444,利機,79.6,86.7,79.6,85.4,609353.0
2026-09-17,TPEX,3455,由田,242.5,263.0,239.5,246.0,4337018.0
2026-09-17,TPEX,3465,進泰電子,29.0,29.3,28.95,29.25,20234.0
2026-09-17,TPEX,3466,德晉,24.6,24.6,23.8,23.8,127836.0
2026-09-17,TPEX,3467,台灣精材,72.8,78.7,70.8,73.5,2790883.0
2026-09-17,TPEX,3479,安勤,130.0,132.0,129.5,130.0,431867.0
2026-09-17,TPEX,3483,力致,75.2,76.3,74.0,74.0,128944.0
2026-09-17,TPEX,3484,崧騰,45.4,45.9,45.0,45.9,112321.0
2026-09-17,TPEX,3485,敘豐,199.0,202.5,195.5,196.0,75979.0
2026-09-17,TPEX,3489,森寶,21.65,23.0,21.5,22.2,129034.0
2026-09-17,TPEX,3490,單井,45.5,46.2,44.5,45.35,5283377.0
2026-09-17,TPEX,3491,昇達科,1465.0,1540.0,1435.0,1485.0,2091813.0
2026-09-17,TPEX,3492,長盛,18.8,18.9,18.75,18.9,15014.0
2026-09-17,TPEX,3498,陽程,192.5,193.0,180.0,184.5,3582242.0
2026-09-17,TPEX,3499,環天科,13.25,14.1,13.05,13.75,157472.0
2026-09-17,TPEX,3508,位速,21.5,22.1,21.35,21.6,200535.0
2026-09-17,TPEX,3511,矽瑪,18.55,18.9,18.5,18.6,90510.0
2026-09-17,TPEX,3512,皇龍,19.15,19.15,19.0,19.1,19740.0
2026-09-17,TPEX,3516,亞帝歐,25.3,25.3,25.0,25.0,18110.0
2026-09-17,TPEX,3520,華盈,17.4,17.4,17.2,17.4,58009.0
2026-09-17,TPEX,3521,台鋼建設,12.0,12.2,11.9,12.0,37457.0
2026-09-17,TPEX,3522,御嵿,13.3,13.55,12.95,13.05,259450.0
2026-09-17,TPEX,3523,迎輝,14.1,15.5,14.1,15.05,42300.0
2026-09-17,TPEX,3526,凡甲,267.5,269.5,265.0,265.0,136115.0
2026-09-17,TPEX,3527,聚積,50.0,50.2,49.5,50.1,70914.0
2026-09-17,TPEX,3529,力旺,2735.0,2810.0,2660.0,2710.0,1057425.0
2026-09-17,TPEX,3531,先益,21.05,21.3,21.05,21.3,5000.0
2026-09-17,TPEX,3537,堡達,53.1,53.5,52.6,52.7,121945.0
2026-09-17,TPEX,3540,曜越,23.0,23.3,22.9,23.0,194009.0
2026-09-17,TPEX,3541,西柏,21.85,22.0,21.8,22.0,8550.0
2026-09-17,TPEX,3546,宇峻,72.0,72.7,71.6,71.9,67442.0
2026-09-17,TPEX,3548,兆利,79.0,81.2,78.8,79.0,157082.0
2026-09-17,TPEX,3551,世禾,172.0,177.5,172.0,176.0,298725.0
2026-09-17,TPEX,3552,同致,41.5,41.6,40.85,41.15,86297.0
2026-09-17,TPEX,3555,博士旺,175.5,179.0,173.5,173.5,48940.0
2026-09-17,TPEX,3556,禾瑞亞,56.9,57.8,56.9,56.9,143912.0
2026-09-17,TPEX,3558,神準,121.5,123.0,121.5,123.0,72179.0
2026-09-17,TPEX,3564,其陽,48.2,49.15,47.6,48.2,109446.0
2026-09-17,TPEX,3567,逸昌,25.1,25.5,25.1,25.15,13555.0
2026-09-17,TPEX,3570,大塚,166.5,170.5,166.5,169.5,66332.0
2026-09-17,TPEX,3577,泓格,113.5,119.0,113.5,118.5,487263.0
2026-09-17,TPEX,3580,友威科,90.8,99.5,90.8,94.6,2131949.0
2026-09-17,TPEX,3581,博磊,98.1,99.6,96.2,96.2,190256.0
2026-09-17,TPEX,3587,閎康,237.5,241.0,235.0,236.0,231738.0
2026-09-17,TPEX,3594,磐儀,46.0,46.4,45.85,46.1,184722.0
2026-09-17,TPEX,3597,映興,26.2,26.3,26.2,26.3,16000.0
2026-09-17,TPEX,3609,三一東林,21.8,22.75,21.5,22.2,129068.0
2026-09-17,TPEX,3611,鼎翰,182.0,182.0,181.0,181.0,75421.0
2026-09-17,TPEX,3615,安可,34.55,37.5,34.55,36.2,1979558.0
2026-09-17,TPEX,3623,富晶通,29.25,29.5,28.15,28.4,721762.0
2026-09-17,TPEX,3624,光頡,124.5,130.0,115.0,118.0,21693744.0
2026-09-17,TPEX,3625,西勝,12.05,12.05,11.6,11.75,225982.0
2026-09-17,TPEX,3628,盈正,73.7,74.8,73.3,74.0,159637.0
2026-09-17,TPEX,3629,地心引力,,,,,0.0
2026-09-17,TPEX,3630,新鉅科,26.1,26.25,25.85,25.85,227118.0
2026-09-17,TPEX,3631,晟楠,38.1,40.65,38.1,40.15,241705.0
2026-09-17,TPEX,3632,研勤,7.08,7.08,7.08,7.08,11281.0
2026-09-17,TPEX,3646,艾恩特,24.95,24.95,24.95,24.95,3027.0
2026-09-17,TPEX,3663,鑫科,61.6,64.1,60.9,61.0,1075626.0
2026-09-17,TPEX,3664,安瑞-KY,8.14,8.15,8.14,8.15,12000.0
2026-09-17,TPEX,3666,光耀,24.9,25.0,24.85,25.0,14026.0
2026-09-17,TPEX,3672,康聯訊,11.85,11.85,11.8,11.8,3639.0
2026-09-17,TPEX,3675,德微,304.0,309.5,283.5,284.0,2733672.0
2026-09-17,TPEX,3680,家登,508.0,535.0,506.0,527.0,2061526.0
2026-09-17,TPEX,3684,榮昌,54.5,54.5,54.0,54.1,23820.0
2026-09-17,TPEX,3685,元創精密,35.3,35.9,35.05,35.85,202573.0
2026-09-17,TPEX,3687,歐買尬,61.5,61.5,61.0,61.0,14709.0
2026-09-17,TPEX,3689,湧德,108.5,110.0,108.0,108.0,392019.0
2026-09-17,TPEX,3691,碩禾,95.9,98.4,94.7,94.9,196658.0
2026-09-17,TPEX,3693,營邦,693.0,725.0,688.0,697.0,2911534.0
2026-09-17,TPEX,3707,漢磊,63.3,65.7,61.9,61.9,7170411.0
2026-09-17,TPEX,3709,鑫聯大投控,63.2,63.3,62.7,63.0,136326.0
2026-09-17,TPEX,3713,新晶投控,14.1,14.35,14.0,14.05,29002.0
2026-09-17,TPEX,3718,中光電投控,64.4,65.5,63.9,64.1,3234985.0
2026-09-17,TPEX,4102,永日,18.9,19.3,18.85,18.95,30545.0
2026-09-17,TPEX,4105,東洋,78.6,78.8,78.0,78.6,649617.0
2026-09-17,TPEX,4107,邦特,111.5,111.5,111.5,111.5,20300.0
2026-09-17,TPEX,4109,加捷生醫,11.15,11.2,11.05,11.15,130547.0
2026-09-17,TPEX,4111,濟生,28.75,28.85,28.75,28.8,125933.0
2026-09-17,TPEX,4113,聯上,15.8,15.9,15.7,15.85,60002.0
2026-09-17,TPEX,4114,健喬,29.4,29.7,29.35,29.65,1008394.0
2026-09-17,TPEX,4116,明基醫,39.5,39.65,39.4,39.55,21320.0
2026-09-17,TPEX,4120,友華,44.7,46.6,44.6,46.45,18641.0
2026-09-17,TPEX,4121,優盛,12.6,12.85,12.6,12.7,46314.0
2026-09-17,TPEX,4123,晟德,30.8,30.95,30.45,30.8,1137227.0
2026-09-17,TPEX,4126,太醫,78.1,78.1,77.7,77.8,52175.0
2026-09-17,TPEX,4127,天良,59.9,59.9,59.6,59.6,55480.0
2026-09-17,TPEX,4128,中天,14.65,14.75,14.5,14.65,500413.0
2026-09-17,TPEX,4129,聯合,83.5,83.5,82.3,82.3,89414.0
2026-09-17,TPEX,4131,浩泰,31.3,31.9,30.5,31.9,11384.0
2026-09-17,TPEX,4138,曜亞,53.7,53.9,53.2,53.9,21395.0
2026-09-17,TPEX,4139,馬光-KY,41.35,42.95,40.55,41.95,71039.0
2026-09-17,TPEX,4147,中裕,61.4,62.7,61.0,62.5,745748.0
2026-09-17,TPEX,4153,鈺緯,31.8,32.0,31.7,32.0,5220.0
2026-09-17,TPEX,4154,樂威科-KY,11.25,11.5,11.25,11.25,4000.0
2026-09-17,TPEX,4157,太景*-KY,8.96,9.09,8.96,9.06,991018.0
2026-09-17,TPEX,4160,訊聯基因,39.4,39.4,38.9,39.05,12742.0
2026-09-17,TPEX,4161,聿新科,22.25,22.35,22.15,22.25,12374.0
2026-09-17,TPEX,4162,智擎,54.9,55.8,54.6,55.8,341454.0
2026-09-17,TPEX,4163,鐿鈦,134.5,134.5,132.5,133.0,24744.0
2026-09-17,TPEX,4166,友霖,24.1,24.5,23.9,24.45,118000.0
2026-09-17,TPEX,4167,松瑞藥,19.1,19.55,19.0,19.5,1160186.0
2026-09-17,TPEX,4168,醣聯,21.55,21.8,21.4,21.8,179263.0
2026-09-17,TPEX,4171,瑞基,16.25,16.75,16.25,16.5,26438.0
2026-09-17,TPEX,4173,久裕,17.1,17.1,16.95,17.05,17205.0
2026-09-17,TPEX,4174,浩鼎,26.95,28.35,26.8,27.75,687251.0
2026-09-17,TPEX,4175,杏一,51.5,51.5,51.5,51.5,6304.0
2026-09-17,TPEX,4183,福永生技,13.3,13.3,13.05,13.05,2000.0
2026-09-17,TPEX,4188,安克,14.15,14.15,13.75,13.8,168843.0
2026-09-17,TPEX,4192,杏國,18.8,18.8,17.75,18.15,28462.0
2026-09-17,TPEX,4198,欣大健康,49.5,49.95,47.6,49.45,9861.0
2026-09-17,TPEX,4205,中華食,68.9,69.0,68.9,69.0,16178.0
2026-09-17,TPEX,4207,環泰,19.45,19.55,19.4,19.45,51398.0
2026-09-17,TPEX,4303,信立,34.9,35.05,34.75,34.85,444982.0
2026-09-17,TPEX,4304,勝昱,14.4,15.7,14.4,15.7,74771.0
2026-09-17,TPEX,4305,世坤,41.8,42.7,41.8,42.7,2060.0
2026-09-17,TPEX,4401,東隆興,13.9,14.0,13.65,13.95,43052.0
2026-09-17,TPEX,4402,郡都開發,14.45,14.45,14.45,14.45,1077.0
2026-09-17,TPEX,4406,新昕纖,10.1,10.1,10.05,10.1,31050.0
2026-09-17,TPEX,4413,飛寶企業,19.2,19.6,18.9,19.3,17275.0
2026-09-17,TPEX,4416,三圓,11.25,11.3,10.8,11.05,1520477.0
2026-09-17,TPEX,4417,金洲,49.8,49.8,49.45,49.75,38849.0
2026-09-17,TPEX,4419,皇家美食,46.15,46.15,45.6,45.65,4201.0
2026-09-17,TPEX,4420,光明,36.7,36.7,36.0,36.0,144850.0
2026-09-17,TPEX,4430,耀億,17.3,17.35,17.15,17.25,14075.0
2026-09-17,TPEX,4432,銘旺實,15.7,15.7,15.6,15.6,17602.0
2026-09-17,TPEX,4433,興采,18.25,18.3,18.0,18.15,127210.0
2026-09-17,TPEX,4442,竣邦-KY,56.0,56.0,54.5,54.6,68366.0
2026-09-17,TPEX,4502,健信,15.65,15.7,15.5,15.7,20000.0
2026-09-17,TPEX,4503,金雨,22.95,22.95,22.5,22.8,46635.0
2026-09-17,TPEX,4506,崇友,119.0,120.0,118.5,119.5,98744.0
2026-09-17,TPEX,4510,高鋒,42.7,44.9,42.7,44.05,1077719.0
2026-09-17,TPEX,4513,福裕,15.65,16.0,15.65,15.8,126875.0
2026-09-17,TPEX,4523,永彰,23.95,24.1,23.7,23.7,80683.0
2026-09-17,TPEX,4527,方土霖,40.7,40.7,40.55,40.7,21051.0
2026-09-17,TPEX,4528,江興鍛,14.85,14.95,14.5,14.85,104051.0
2026-09-17,TPEX,4529,淳紳,3.53,3.53,3.45,3.45,20031.0
2026-09-17,TPEX,4530,天意能創,24.55,24.55,22.6,24.3,96060.0
2026-09-17,TPEX,4533,協易機,24.7,24.8,24.55,24.6,361496.0
2026-09-17,TPEX,4534,慶騰,27.5,28.35,27.5,27.95,339954.0
2026-09-17,TPEX,4535,至興,27.0,27.1,27.0,27.1,5002.0
2026-09-17,TPEX,4538,大詠城,17.6,17.6,17.25,17.35,13000.0
2026-09-17,TPEX,4541,晟田,56.9,57.6,56.7,57.5,562826.0
2026-09-17,TPEX,4542,科嶠,258.0,278.5,257.5,278.5,764719.0
2026-09-17,TPEX,4543,萬在,28.1,28.3,27.8,28.25,64118.0
2026-09-17,TPEX,4549,桓達,95.1,96.0,95.1,95.1,22114.0
2026-09-17,TPEX,4550,長佳,24.2,24.2,23.95,23.95,16330.0
2026-09-17,TPEX,4554,橙的,28.45,28.5,28.3,28.4,6049.0
2026-09-17,TPEX,4556,旭然,81.5,85.0,80.6,82.8,638242.0
2026-09-17,TPEX,4558,寶緯,17.5,17.55,17.2,17.55,43000.0
2026-09-17,TPEX,4561,健椿,40.45,40.7,40.3,40.3,70550.0
2026-09-17,TPEX,4563,百德,45.8,47.1,45.5,46.2,265313.0
2026-09-17,TPEX,4568,科際精密,38.7,39.6,38.7,39.6,8020.0
2026-09-17,TPEX,4577,達航科技,84.4,87.1,82.6,83.2,348191.0
2026-09-17,TPEX,4580,捷流閥業,81.5,81.6,81.0,81.0,43818.0
2026-09-17,TPEX,4584,君帆,37.3,37.3,37.0,37.0,2600.0
2026-09-17,TPEX,4609,唐鋒,4.23,4.24,4.23,4.24,10000.0
2026-09-17,TPEX,4702,中美實,9.35,9.43,9.3,9.34,40075.0
2026-09-17,TPEX,4706,大恭,34.0,34.0,33.6,33.7,9010.0
2026-09-17,TPEX,4707,磐亞,27.0,27.65,26.8,26.8,1579320.0
2026-09-17,TPEX,4711,永純,16.65,16.65,16.35,16.5,11515.0
2026-09-17,TPEX,4714,永捷,11.5,11.8,11.4,11.5,2270537.0
2026-09-17,TPEX,4716,大立,17.0,17.0,16.7,16.8,323176.0
2026-09-17,TPEX,4721,美琪瑪,71.7,73.1,71.7,73.1,188832.0
2026-09-17,TPEX,4726,永昕,22.45,22.75,22.2,22.6,96375.0
2026-09-17,TPEX,4728,雙美,392.0,392.0,391.0,392.0,15256.0
2026-09-17,TPEX,4729,熒茂,18.55,18.8,18.4,18.55,70134.0
2026-09-17,TPEX,4735,豪展,35.95,35.95,35.5,35.65,52910.0
2026-09-17,TPEX,4741,泓瀚,37.45,38.6,37.45,37.85,43953.0
2026-09-17,TPEX,4743,合一,44.4,44.8,44.25,44.6,747127.0
2026-09-17,TPEX,4744,皇將,31.0,31.4,29.2,30.3,325086.0
2026-09-17,TPEX,4745,合富-KY,11.65,11.7,11.65,11.7,3150.0
2026-09-17,TPEX,4747,強生*,23.85,24.45,23.7,24.0,23908.0
2026-09-17,TPEX,4749,新應材,722.0,743.0,722.0,740.0,387359.0
2026-09-17,TPEX,4754,國碳科,37.5,38.1,37.35,37.4,10287.0
2026-09-17,TPEX,4760,勤凱,261.0,264.5,256.0,256.5,230282.0
2026-09-17,TPEX,4767,誠泰科技,28.1,28.1,28.1,28.1,1106.0
2026-09-17,TPEX,4768,晶呈科技,314.5,324.0,308.5,308.5,375789.0
2026-09-17,TPEX,4772,台特化,241.0,245.0,241.0,241.5,248064.0
2026-09-17,TPEX,4806,桂田文創,8.79,9.16,8.79,9.15,7293.0
2026-09-17,TPEX,4903,聯光通,34.5,34.9,34.2,34.2,472561.0
2026-09-17,TPEX,4905,台聯電,80.2,80.2,78.2,79.2,21077.0
2026-09-17,TPEX,4907,富宇,43.7,43.9,43.7,43.9,11658.0
2026-09-17,TPEX,4908,前鼎,245.0,262.0,232.5,238.0,10331818.0
2026-09-17,TPEX,4909,新復興,34.0,35.7,34.0,34.2,395026.0
2026-09-17,TPEX,4911,德英,28.25,28.85,28.25,28.65,17320.0
2026-09-17,TPEX,4923,力士,54.9,56.0,54.1,55.3,389730.0
2026-09-17,TPEX,4924,欣厚-KY,14.8,14.8,13.55,14.25,362399.0
2026-09-17,TPEX,4931,新盛力,241.0,243.0,232.0,233.0,3066388.0
2026-09-17,TPEX,4933,友輝,51.2,51.7,50.9,51.3,47535.0
2026-09-17,TPEX,4939,亞電,82.0,82.5,75.3,77.6,7542244.0
2026-09-17,TPEX,4946,辣椒,89.1,90.6,89.1,89.8,7273.0
2026-09-17,TPEX,4950,金耘國際,15.6,15.6,15.4,15.55,30209.0
2026-09-17,TPEX,4951,精拓科,81.6,84.5,81.6,82.5,392102.0
2026-09-17,TPEX,4953,緯致,122.0,122.0,119.0,119.0,294391.0
2026-09-17,TPEX,4966,譜瑞-KY,543.0,566.0,542.0,556.0,901987.0
2026-09-17,TPEX,4971,IET-KY,604.0,606.0,555.0,555.0,3065626.0
2026-09-17,TPEX,4972,湯石照明,16.25,16.25,16.2,16.2,4320.0
2026-09-17,TPEX,4973,廣穎,139.0,140.0,137.5,138.0,467706.0
2026-09-17,TPEX,4974,亞泰,70.8,71.3,70.5,70.6,65074.0
2026-09-17,TPEX,4979,華星光,556.0,561.0,532.0,556.0,982047.0
2026-09-17,TPEX,4991,環宇-KY,445.0,458.0,428.5,431.0,3734113.0
2026-09-17,TPEX,4995,晶達,50.1,50.9,50.0,50.5,21801.0
2026-09-17,TPEX,5009,榮剛,32.3,32.75,32.25,32.55,826514.0
2026-09-17,TPEX,5011,久陽,18.3,18.3,18.05,18.05,80021.0
2026-09-17,TPEX,5013,強新,29.8,30.2,29.5,29.8,25771.0
2026-09-17,TPEX,5014,建錩,9.78,9.98,9.63,9.81,112060.0
2026-09-17,TPEX,5015,華祺,21.6,21.6,21.6,21.6,2322.0
2026-09-17,TPEX,5016,松和,24.55,24.7,24.55,24.7,2000.0
2026-09-17,TPEX,5201,凱衛,29.35,29.35,28.7,28.95,20064.0
2026-09-17,TPEX,5202,力新,13.6,14.05,13.55,14.0,1040314.0
2026-09-17,TPEX,5205,中茂,,,,,258.0
2026-09-17,TPEX,5206,坤悅,21.15,21.7,21.15,21.65,178350.0
2026-09-17,TPEX,5209,新鼎,174.5,176.0,173.0,176.0,184861.0
2026-09-17,TPEX,5210,寶碩,28.75,29.6,28.7,29.05,111171.0
2026-09-17,TPEX,5211,蒙恬,20.65,20.65,20.4,20.45,21854.0
2026-09-17,TPEX,5212,凌網,46.7,47.3,46.7,47.1,34694.0
2026-09-17,TPEX,5213,亞昕,20.4,20.45,20.3,20.45,128133.0
2026-09-17,TPEX,5220,萬達光電,19.75,19.75,19.45,19.7,13529.0
2026-09-17,TPEX,5223,安力-KY,22.95,23.0,22.9,22.9,6200.0
2026-09-17,TPEX,5227,立凱-KY,30.45,32.8,29.4,32.7,614396.0
2026-09-17,TPEX,5228,鈺鎧,39.85,40.4,38.9,39.05,187853.0
2026-09-17,TPEX,5230,雷笛克光學,18.75,18.9,18.6,18.7,141773.0
2026-09-17,TPEX,5245,智晶,21.7,21.7,20.55,20.7,132989.0
2026-09-17,TPEX,5251,天鉞電,30.15,30.95,29.45,29.7,562264.0
2026-09-17,TPEX,5263,智崴,90.4,91.0,89.0,89.7,168207.0
2026-09-17,TPEX,5272,笙科,16.65,16.75,16.55,16.75,46517.0
2026-09-17,TPEX,5274,信驊,18250.0,18800.0,18225.0,18275.0,182208.0
2026-09-17,TPEX,5276,達輝-KY,,,,,0.0
2026-09-17,TPEX,5278,尚凡*,23.35,23.85,23.3,23.85,146455.0
2026-09-17,TPEX,5287,數字,135.5,136.0,135.0,136.0,62986.0
2026-09-17,TPEX,5289,宜鼎,1310.0,1310.0,1260.0,1260.0,1004961.0
2026-09-17,TPEX,5291,邑昇,58.4,60.6,58.0,58.2,556564.0
2026-09-17,TPEX,5299,杰力,95.0,95.8,94.4,95.0,166349.0
2026-09-17,TPEX,5301,寶得利,5.15,5.15,4.85,5.14,79887.0
2026-09-17,TPEX,5302,太欣,9.67,9.78,9.67,9.77,154010.0
2026-09-17,TPEX,5309,系統電,51.2,51.2,50.5,50.6,554801.0
2026-09-17,TPEX,5310,天剛,24.85,24.95,24.8,24.95,22123.0
2026-09-17,TPEX,5312,寶島科,91.0,91.3,89.9,90.3,21800.0
2026-09-17,TPEX,5314,世紀*,27.75,27.75,27.75,27.75,28463815.0
2026-09-17,TPEX,5315,光聯,18.5,19.2,18.4,18.85,459784.0
2026-09-17,TPEX,5321,美而快,66.7,71.9,66.7,70.1,520752.0
2026-09-17,TPEX,5324,士開,12.2,12.3,12.1,12.25,172403.0
2026-09-17,TPEX,5328,華容,53.0,54.0,52.0,52.3,2136327.0
2026-09-17,TPEX,5340,建榮,84.8,85.2,81.5,81.5,2366052.0
2026-09-17,TPEX,5344,立衛,13.25,13.25,13.1,13.2,25306.0
2026-09-17,TPEX,5345,馥鴻,21.0,22.6,21.0,22.6,3147.0
2026-09-17,TPEX,5347,世界,160.0,171.5,159.5,165.5,31259104.0
2026-09-17,TPEX,5348,正能量智能,16.05,16.05,15.45,15.95,4115.0
2026-09-17,TPEX,5351,鈺創,107.5,109.0,105.5,106.0,7523243.0
2026-09-17,TPEX,5353,台林,27.45,27.95,27.45,27.75,20422.0
2026-09-17,TPEX,5355,佳總,7.09,7.09,6.51,6.93,228950.0
2026-09-17,TPEX,5356,協益,25.85,25.85,25.7,25.8,114052.0
2026-09-17,TPEX,5364,力麗店,8.38,8.38,8.32,8.32,7000.0
2026-09-17,TPEX,5381,光譜,23.3,23.75,23.25,23.35,240983.0
2026-09-17,TPEX,5386,青雲,291.5,297.0,281.0,283.5,1547689.0
2026-09-17,TPEX,5392,能率,40.3,40.35,39.9,40.0,493725.0
2026-09-17,TPEX,5398,慕康生醫,14.2,14.35,14.15,14.15,16892.0
2026-09-17,TPEX,5403,中菲,93.2,93.4,93.1,93.3,26724.0
2026-09-17,TPEX,5410,國眾,33.1,33.3,33.05,33.2,118049.0
2026-09-17,TPEX,5425,台半,95.6,95.7,91.6,92.6,14622141.0
2026-09-17,TPEX,5426,振發,29.0,29.5,28.5,29.05,885517.0
2026-09-17,TPEX,5432,新門,147.0,148.0,145.5,145.5,41897.0
2026-09-17,TPEX,5438,東友,16.55,16.65,16.35,16.45,37663.0
2026-09-17,TPEX,5439,高技,247.5,251.0,237.0,238.5,1256920.0
2026-09-17,TPEX,5443,均豪,106.0,114.0,106.0,108.0,2720631.0
2026-09-17,TPEX,5450,南良,14.55,14.95,14.5,14.65,49092.0
2026-09-17,TPEX,5452,佶優,26.55,26.75,26.35,26.7,220245.0
2026-09-17,TPEX,5455,昇益,29.5,29.95,29.5,29.95,8000.0
2026-09-17,TPEX,5457,宣德,24.8,24.8,24.5,24.75,260214.0
2026-09-17,TPEX,5460,同協,17.05,17.8,17.0,17.6,181668.0
2026-09-17,TPEX,5464,霖宏,99.0,99.8,89.6,90.1,2285350.0
2026-09-17,TPEX,5465,富驊,24.05,24.5,24.05,24.3,62518.0
2026-09-17,TPEX,5468,凱鈺,25.2,25.2,24.6,24.6,114601.0
2026-09-17,TPEX,5474,聰泰,153.0,155.5,152.0,154.5,293212.0
2026-09-17,TPEX,5475,德宏,183.5,188.5,168.0,171.5,7690386.0
2026-09-17,TPEX,5478,智冠,97.0,97.8,97.0,97.6,59194.0
2026-09-17,TPEX,5481,新華,22.25,22.3,21.65,21.85,590684.0
2026-09-17,TPEX,5483,中美晶,183.5,191.5,181.5,182.0,18747105.0
2026-09-17,TPEX,5487,通泰,29.9,30.4,29.5,29.5,13000.0
2026-09-17,TPEX,5488,松普,11.6,12.15,11.6,12.0,503187.0
2026-09-17,TPEX,5489,彩富,40.4,41.0,40.4,40.9,25344.0
2026-09-17,TPEX,5490,同亨,25.25,25.5,25.25,25.5,160893.0
2026-09-17,TPEX,5493,三聯,85.6,85.6,84.5,85.3,37956.0
2026-09-17,TPEX,5498,凱崴,51.2,53.1,50.4,50.4,1401835.0
2026-09-17,TPEX,5508,永信建,52.3,55.3,52.1,54.8,571664.0
2026-09-17,TPEX,5511,德昌,69.1,69.9,69.1,69.7,72604.0
2026-09-17,TPEX,5512,力麒,7.68,7.74,7.67,7.71,288759.0
2026-09-17,TPEX,5514,三豐,15.1,15.1,15.0,15.0,2117.0
2026-09-17,TPEX,5516,雙喜,11.85,11.85,11.5,11.65,14339.0
2026-09-17,TPEX,5520,力泰,,,,,0.0
2026-09-17,TPEX,5523,豐謙,30.3,30.35,30.3,30.35,4000.0
2026-09-17,TPEX,5529,鉅陞,24.5,25.5,24.5,25.5,55015.0
2026-09-17,TPEX,5530,龍巖,49.8,49.9,49.65,49.85,62781.0
2026-09-17,TPEX,5536,聖暉*,845.0,858.0,825.0,825.0,373069.0
2026-09-17,TPEX,5543,桓鼎-KY,27.2,27.6,26.6,27.0,11000.0
2026-09-17,TPEX,5547,久舜,19.85,19.85,19.85,19.85,26450.0
2026-09-17,TPEX,5548,安倉,20.25,20.3,20.1,20.15,21253.0
2026-09-17,TPEX,5601,台聯櫃,,,,,0.0
2026-09-17,TPEX,5603,陸海,13.6,13.6,13.45,13.5,301387.0
2026-09-17,TPEX,5604,中連,30.9,31.1,30.9,31.1,6527.0
2026-09-17,TPEX,5609,中菲行,79.2,79.2,78.3,78.5,49163.0
2026-09-17,TPEX,5701,劍湖山,4.24,4.28,4.1,4.28,73292.0
2026-09-17,TPEX,5703,亞都,13.75,13.75,13.75,13.75,2003.0
2026-09-17,TPEX,5704,老爺知,22.95,22.95,22.5,22.8,18491.0
2026-09-17,TPEX,5864,致和證,34.55,35.25,34.55,34.85,1975308.0
2026-09-17,TPEX,5878,台名,,,,,0.0
2026-09-17,TPEX,5902,德記,34.9,34.9,34.1,34.45,11000.0
2026-09-17,TPEX,5903,全家,184.0,184.0,184.0,184.0,18955.0
2026-09-17,TPEX,5904,寶雅*,73.3,73.6,71.0,72.6,13032868.0
2026-09-17,TPEX,5905,南仁湖,7.39,7.45,7.35,7.4,149172.0
2026-09-17,TPEX,6015,宏遠證,17.15,17.55,17.1,17.35,2656446.0
2026-09-17,TPEX,6016,康和證,22.2,23.1,22.2,22.9,5464705.0
2026-09-17,TPEX,6020,大展證,20.6,20.7,20.3,20.55,91159.0
2026-09-17,TPEX,6021,美好證,44.9,45.3,44.05,45.1,628069.0
2026-09-17,TPEX,6023,元大期,85.8,88.7,85.7,88.0,1611471.0
2026-09-17,TPEX,6026,福邦證,15.3,15.6,15.3,15.5,1721289.0
2026-09-17,TPEX,6028,公勝保經,95.1,97.7,95.1,95.6,5682.0
2026-09-17,TPEX,6101,寬魚國際,38.2,38.45,37.95,38.4,125363.0
2026-09-17,TPEX,6103,合邦,34.45,35.45,34.45,35.45,28602.0
2026-09-17,TPEX,6104,創惟,91.5,91.7,90.6,90.9,303288.0
2026-09-17,TPEX,6109,亞元,10.35,10.5,10.3,10.45,113207.0
2026-09-17,TPEX,6111,光聚晶電,34.25,34.75,33.95,34.75,179812.0
2026-09-17,TPEX,6113,亞矽,22.15,22.35,22.15,22.3,34483.0
2026-09-17,TPEX,6114,久威,23.2,23.2,22.9,23.0,4614.0
2026-09-17,TPEX,6118,建達,15.15,15.2,15.1,15.15,25452.0
2026-09-17,TPEX,6121,新普,379.0,379.0,372.0,374.0,625773.0
2026-09-17,TPEX,6122,擎邦,51.6,51.6,50.8,51.3,302880.0
2026-09-17,TPEX,6123,上奇,43.0,43.4,42.8,43.1,28381.0
2026-09-17,TPEX,6124,業強,26.8,27.1,26.8,27.1,8244.0
2026-09-17,TPEX,6125,廣運,48.45,49.0,48.35,48.35,377002.0
2026-09-17,TPEX,6126,信音,29.5,31.6,29.2,31.6,2225429.0
2026-09-17,TPEX,6127,九豪,48.8,49.7,47.8,48.4,1634320.0
2026-09-17,TPEX,6129,普誠,14.9,15.05,14.5,14.55,1001640.0
2026-09-17,TPEX,6130,上亞科技,24.15,24.25,23.95,24.05,28234.0
2026-09-17,TPEX,6134,萬旭,29.0,29.25,28.65,28.7,151894.0
2026-09-17,TPEX,6138,茂達,272.5,275.0,269.0,269.0,326236.0
2026-09-17,TPEX,6140,訊達,20.45,20.9,19.6,19.85,856171.0
2026-09-17,TPEX,6143,振曜,81.7,83.4,81.7,82.0,216083.0
2026-09-17,TPEX,6144,得利影,12.8,12.9,12.75,12.9,6040.0
2026-09-17,TPEX,6146,耕興,175.5,177.5,175.5,176.0,367887.0
2026-09-17,TPEX,6147,頎邦,212.5,219.0,206.0,209.5,70708351.0
2026-09-17,TPEX,6148,驊宏資,37.0,38.45,35.95,36.25,5438045.0
2026-09-17,TPEX,6150,撼訊,61.3,61.8,60.7,61.4,90081.0
2026-09-17,TPEX,6151,晉倫,34.2,34.45,34.2,34.35,65397.0
2026-09-17,TPEX,6154,順發,13.95,14.15,13.9,14.05,34952.0
2026-09-17,TPEX,6156,松上,20.45,20.6,20.4,20.6,624750.0
2026-09-17,TPEX,6158,禾昌,16.9,17.25,16.85,17.2,94076.0
2026-09-17,TPEX,6160,欣技,14.5,14.5,14.1,14.5,38032.0
2026-09-17,TPEX,6161,捷波,48.6,49.05,48.55,48.9,84204.0
2026-09-17,TPEX,6163,華電網,41.0,42.2,40.65,41.55,795518.0
2026-09-17,TPEX,6167,久正,10.05,10.25,10.0,10.25,200535.0
2026-09-17,TPEX,6169,昱泉,11.9,12.3,11.9,12.3,4239.0
2026-09-17,TPEX,6170,統振,48.1,48.25,48.1,48.25,148754.0
2026-09-17,TPEX,6171,大城地產,25.7,25.7,25.2,25.4,69831.0
2026-09-17,TPEX,6173,信昌電,315.0,325.0,295.0,303.5,26376715.0
2026-09-17,TPEX,6174,安碁,44.45,45.75,43.85,43.9,543326.0
2026-09-17,TPEX,6175,立敦,70.0,70.9,69.1,69.1,315418.0
2026-09-17,TPEX,6179,亞通,38.0,41.45,37.75,41.45,13621663.0
2026-09-17,TPEX,6180,橘子,40.65,40.85,40.6,40.8,134772.0
2026-09-17,TPEX,6182,合晶,112.5,117.5,110.0,110.5,59013216.0
2026-09-17,TPEX,6185,幃翔,12.35,12.4,12.3,12.4,96491.0
2026-09-17,TPEX,6186,新潤,30.05,30.25,29.9,30.05,331534.0
2026-09-17,TPEX,6187,萬潤,1250.0,1270.0,1210.0,1210.0,1221289.0
2026-09-17,TPEX,6188,廣明,61.4,62.5,61.4,61.9,545211.0
2026-09-17,TPEX,6190,萬泰科,69.3,69.6,68.1,68.4,3974893.0
2026-09-17,TPEX,6194,育富,30.0,30.4,30.0,30.4,55737.0
2026-09-17,TPEX,6195,詩肯,27.7,27.7,27.7,27.7,3774.0
2026-09-17,TPEX,6198,瑞築,,,,,0.0
2026-09-17,TPEX,6199,天品,102.5,106.0,101.0,105.0,3499934.0
2026-09-17,TPEX,6203,海韻電,60.1,60.3,59.4,59.6,46847.0
2026-09-17,TPEX,6204,艾華,94.6,100.0,92.9,100.0,648625.0
2026-09-17,TPEX,6207,雷科,110.0,117.5,110.0,113.5,7479093.0
2026-09-17,TPEX,6208,日揚,72.8,75.0,72.8,73.6,212136.0
2026-09-17,TPEX,6210,慶生,16.65,17.4,16.65,17.1,9159.0
2026-09-17,TPEX,6212,理銘,31.6,32.3,31.6,32.3,9031.0
2026-09-17,TPEX,6217,中探針,167.0,171.5,162.5,162.5,2897544.0
2026-09-17,TPEX,6218,豪勉,56.0,58.9,53.7,56.0,24670044.0
2026-09-17,TPEX,6219,富旺,12.0,12.1,12.0,12.0,45544.0
2026-09-17,TPEX,6220,岳豐,25.45,25.5,25.15,25.15,146612.0
2026-09-17,TPEX,6221,晉泰,29.6,29.6,28.1,28.65,1929476.0
2026-09-17,TPEX,6222,立軒,19.1,19.1,18.55,19.1,12078.0
2026-09-17,TPEX,6223,旺矽,5730.0,5860.0,5485.0,5500.0,824614.0
2026-09-17,TPEX,6227,茂綸,132.5,145.5,132.5,137.5,4886634.0
2026-09-17,TPEX,6228,全譜,,,,,0.0
2026-09-17,TPEX,6229,研通,23.6,23.6,23.25,23.3,26139.0
2026-09-17,TPEX,6231,系微,212.0,217.5,211.0,212.0,285421.0
2026-09-17,TPEX,6233,旺玖,20.25,20.65,20.25,20.4,103426.0
2026-09-17,TPEX,6234,高僑,35.15,35.7,35.0,35.0,142177.0
2026-09-17,TPEX,6236,中湛,,,,,0.0
2026-09-17,TPEX,6237,驊訊,34.25,34.45,33.55,33.9,175691.0
2026-09-17,TPEX,6240,松崗,24.7,26.8,24.6,25.0,198096.0
2026-09-17,TPEX,6241,鑫永洋,16.0,16.0,15.45,15.75,26795.0
2026-09-17,TPEX,6242,立康,33.9,34.0,33.9,33.9,4277.0
2026-09-17,TPEX,6244,茂迪,22.35,22.95,22.35,22.35,1137605.0
2026-09-17,TPEX,6245,立端,83.4,86.0,83.2,84.4,959995.0
2026-09-17,TPEX,6246,臺龍,12.8,12.8,12.5,12.6,15008.0
2026-09-17,TPEX,6248,沛波,16.6,16.75,16.55,16.75,78400.0
2026-09-17,TPEX,6259,百徽,28.3,28.5,28.15,28.15,98731.0
2026-09-17,TPEX,6261,久元,76.2,76.8,74.2,75.4,650763.0
2026-09-17,TPEX,6263,普萊德,156.5,157.0,155.5,156.5,42841.0
2026-09-17,TPEX,6264,富裔,5.98,6.01,5.98,6.01,43835.0
2026-09-17,TPEX,6265,方土昶,49.2,49.55,48.7,48.7,1178588.0
2026-09-17,TPEX,6266,泰詠,25.05,25.05,24.8,25.0,90861.0
2026-09-17,TPEX,6270,倍微,28.35,28.85,28.35,28.6,83476.0
2026-09-17,TPEX,6274,台燿,1445.0,1460.0,1275.0,1320.0,22637144.0
2026-09-17,TPEX,6275,元山,44.95,45.45,44.9,45.15,124501.0
2026-09-17,TPEX,6276,安鈦克,19.8,20.15,19.8,20.0,11036.0
2026-09-17,TPEX,6279,胡連,111.5,112.0,111.0,111.0,279339.0
2026-09-17,TPEX,6284,佳邦,76.7,77.2,75.0,75.1,431823.0
2026-09-17,TPEX,6290,良維,267.5,282.0,266.0,266.0,4472816.0
2026-09-17,TPEX,6291,沛亨,494.5,539.0,494.5,517.0,4957076.0
2026-09-17,TPEX,6292,迅德,64.8,67.6,64.6,66.2,426649.0
2026-09-17,TPEX,6294,智基,28.65,28.65,28.55,28.65,12808.0
2026-09-17,TPEX,6411,晶焱,77.3,79.7,77.3,77.7,236127.0
2026-09-17,TPEX,6417,韋僑,103.0,105.0,103.0,104.0,217054.0
2026-09-17,TPEX,6418,詠昇,34.65,34.9,34.5,34.5,48116.0
2026-09-17,TPEX,6419,京晨科,151.0,153.5,148.0,152.0,105431.0
2026-09-17,TPEX,6423,億而得,81.7,81.7,79.3,79.6,11866.0
2026-09-17,TPEX,6425,易發,62.0,63.8,61.9,62.9,321861.0
2026-09-17,TPEX,6432,今展科,53.1,53.7,52.6,53.5,221353.0
2026-09-17,TPEX,6435,大中,243.0,247.0,241.0,241.0,233085.0
2026-09-17,TPEX,6441,廣錠,23.45,23.5,22.7,23.45,262531.0
2026-09-17,TPEX,6461,益得,24.8,26.7,24.65,25.2,75683.0
2026-09-17,TPEX,6462,神盾,98.8,100.5,97.6,97.6,426840.0
2026-09-17,TPEX,6465,威潤,41.55,41.95,41.3,41.45,72133.0
2026-09-17,TPEX,6469,大樹,63.7,64.3,63.7,64.0,422073.0
2026-09-17,TPEX,6470,宇智,43.6,43.6,43.0,43.1,19322.0
2026-09-17,TPEX,6474,華豫寧,35.5,35.6,35.5,35.55,5817.0
2026-09-17,TPEX,6482,弘煜科,24.5,24.9,24.5,24.7,14016.0
2026-09-17,TPEX,6485,點序,60.8,61.5,59.4,59.4,286213.0
2026-09-17,TPEX,6486,互動,81.1,81.8,80.5,81.2,87345.0
2026-09-17,TPEX,6488,環球晶,942.0,977.0,906.0,912.0,10545390.0
2026-09-17,TPEX,6492,生華科,33.8,34.95,33.8,34.35,331450.0
2026-09-17,TPEX,6494,九齊,50.1,50.2,49.3,49.6,56253.0
2026-09-17,TPEX,6496,科懋,24.1,24.45,24.1,24.45,4394.0
2026-09-17,TPEX,6498,久禾光,66.8,66.8,65.4,65.8,117347.0
2026-09-17,TPEX,6499,益安,73.1,74.7,72.3,74.0,204717.0
2026-09-17,TPEX,6506,雙邦,17.9,18.05,17.85,18.0,80586.0
2026-09-17,TPEX,6508,惠光,25.25,25.4,25.25,25.25,104768.0
2026-09-17,TPEX,6509,聚和,45.7,46.2,45.65,45.85,386931.0
2026-09-17,TPEX,6510,精測,3260.0,3355.0,3165.0,3200.0,671660.0
2026-09-17,TPEX,6512,啟發電,20.25,20.55,20.25,20.55,3640.0
2026-09-17,TPEX,6516,勤崴國際,56.7,58.4,56.3,57.6,52913.0
2026-09-17,TPEX,6517,保勝光學,63.4,63.6,62.7,63.5,183981.0
2026-09-17,TPEX,6523,達爾膚,89.7,89.7,89.7,89.7,5928.0
2026-09-17,TPEX,6527,明達醫,75.5,75.5,74.5,75.0,11000.0
2026-09-17,TPEX,6530,創威,97.6,101.5,97.0,99.7,5317928.0
2026-09-17,TPEX,6532,瑞耘,92.1,96.4,92.1,93.9,687782.0
2026-09-17,TPEX,6535,順藥,75.2,77.0,75.1,76.2,196920.0
2026-09-17,TPEX,6538,倉和,377.0,392.5,344.0,353.0,832288.0
2026-09-17,TPEX,6542,隆中,44.05,44.05,41.6,42.45,24062.0
2026-09-17,TPEX,6546,正基,60.8,61.2,60.2,60.4,224321.0
2026-09-17,TPEX,6547,高端疫苗,60.9,61.7,60.3,60.7,2351500.0
2026-09-17,TPEX,6548,長科*,72.0,75.3,72.0,72.6,3261685.0
2026-09-17,TPEX,6556,勝品,61.3,61.4,61.3,61.4,2155.0
2026-09-17,TPEX,6560,欣普羅,35.8,35.8,33.8,34.25,194620.0
2026-09-17,TPEX,6561,是方,313.5,316.5,312.0,316.5,28747.0
2026-09-17,TPEX,6568,宏觀,138.0,143.0,138.0,139.0,190555.0
2026-09-17,TPEX,6569,醫揚,89.7,90.5,89.7,90.3,12404.0
2026-09-17,TPEX,6570,維田,47.2,47.65,46.2,46.7,82404.0
2026-09-17,TPEX,6574,霈方,120.0,121.5,118.0,120.0,46484.0
2026-09-17,TPEX,6576,逸達,82.8,83.5,82.8,83.3,70788.0
2026-09-17,TPEX,6577,勁豐,79.8,80.2,79.3,79.3,15052.0
2026-09-17,TPEX,6578,達邦蛋白,17.05,17.05,16.7,16.7,62345.0
2026-09-17,TPEX,6584,南俊國際,557.0,571.0,550.0,551.0,305497.0
2026-09-17,TPEX,6588,東典光電,115.5,121.0,114.5,118.5,6776350.0
2026-09-17,TPEX,6590,普鴻,70.3,70.3,65.5,65.5,161257.0
2026-09-17,TPEX,6593,台灣銘板,31.5,31.5,31.45,31.45,5051.0
2026-09-17,TPEX,6596,寬宏藝術,94.5,96.1,94.5,95.9,101915.0
2026-09-17,TPEX,6597,立誠,73.4,73.4,68.0,69.9,11008.0
2026-09-17,TPEX,6603,富強鑫,25.45,27.9,25.3,27.9,6377038.0
2026-09-17,TPEX,6609,瀧澤科,38.75,39.05,38.7,39.0,155772.0
2026-09-17,TPEX,6612,奈米醫材,71.1,71.1,71.0,71.0,22101.0
2026-09-17,TPEX,6613,朋億*,264.0,268.0,260.5,261.0,193351.0
2026-09-17,TPEX,6615,慧智,33.4,33.5,33.4,33.5,4886.0
2026-09-17,TPEX,6616,特昇-KY,8.23,8.36,8.09,8.36,13838.0
2026-09-17,TPEX,6617,共信-KY,138.0,149.0,137.5,143.0,3188691.0
2026-09-17,TPEX,6620,漢達,143.0,147.0,143.0,147.0,2032547.0
2026-09-17,TPEX,6624,萬年清,39.15,39.15,38.15,38.75,7160.0
2026-09-17,TPEX,6629,泰金-KY,103.0,104.5,101.5,103.5,45103.0
2026-09-17,TPEX,6637,醫影,54.0,54.4,53.9,54.4,18289.0
2026-09-17,TPEX,6640,均華,1120.0,1200.0,1115.0,1120.0,335213.0
2026-09-17,TPEX,6642,富致,76.4,76.5,75.4,75.6,52475.0
2026-09-17,TPEX,6643,M31,425.0,451.0,425.0,438.0,783943.0
2026-09-17,TPEX,6649,台生材,35.8,36.1,35.1,36.1,40031.0
2026-09-17,TPEX,6651,全宇昕,145.0,148.0,145.0,147.0,144254.0
2026-09-17,TPEX,6654,天正國際,201.0,202.0,199.0,200.0,9526.0
2026-09-17,TPEX,6661,威健生技,16.6,16.6,16.05,16.05,5000.0
2026-09-17,TPEX,6662,樂斯科,27.5,28.4,27.5,28.4,9428.0
2026-09-17,TPEX,6664,群翊,336.0,343.0,332.0,332.0,279326.0
2026-09-17,TPEX,6667,信紘科,239.0,244.0,238.0,238.5,127750.0
2026-09-17,TPEX,6679,鈺太,198.0,199.5,196.0,196.5,252061.0
2026-09-17,TPEX,6680,鑫創電子,,,,,177.0
2026-09-17,TPEX,6683,雍智科技,1605.0,1695.0,1530.0,1575.0,2321777.0
2026-09-17,TPEX,6684,安格,49.1,50.0,47.5,47.5,315842.0
2026-09-17,TPEX,6690,安碁資訊,179.5,180.0,174.0,178.0,320051.0
2026-09-17,TPEX,6692,進能服,23.1,23.45,23.1,23.45,11540.0
2026-09-17,TPEX,6693,廣閎科,184.0,188.5,180.5,180.5,1311823.0
2026-09-17,TPEX,6697,東捷資訊,41.0,41.0,40.7,40.85,37421.0
2026-09-17,TPEX,6703,軒郁,100.0,100.5,99.9,100.5,18364.0
2026-09-17,TPEX,6708,天擎,37.15,40.0,37.15,39.15,105359.0
2026-09-17,TPEX,6712,長聖,158.0,161.5,157.5,159.0,386662.0
2026-09-17,TPEX,6716,應廣,118.5,122.0,116.0,117.0,497265.0
2026-09-17,TPEX,6720,久昌,130.5,130.5,129.0,129.0,4051.0
2026-09-17,TPEX,6721,信實,50.9,51.0,50.9,51.0,2146.0
2026-09-17,TPEX,6725,矽科宏晟,210.0,218.0,210.0,216.0,130920.0
2026-09-17,TPEX,6727,亞泰金屬,481.5,508.0,463.0,470.5,1554626.0
2026-09-17,TPEX,6728,上洋,107.0,107.5,107.0,107.5,23201.0
2026-09-17,TPEX,6730,常廣,31.9,31.9,31.9,31.9,4010.0
2026-09-17,TPEX,6732,昇佳電子,147.5,151.0,147.5,150.5,90700.0
2026-09-17,TPEX,6733,博晟生醫,25.5,25.6,25.2,25.4,78352.0
2026-09-17,TPEX,6735,美達科技,63.7,63.7,60.1,60.5,61448.0
2026-09-17,TPEX,6739,竹陞科技,1055.0,1100.0,1055.0,1080.0,261109.0
2026-09-17,TPEX,6741,91APP*-KY,58.6,59.1,58.6,59.1,65536.0
2026-09-17,TPEX,6751,智聯服務,41.8,42.0,41.8,42.0,4608.0
2026-09-17,TPEX,6752,叡揚,96.6,98.5,96.1,96.1,30476.0
2026-09-17,TPEX,6761,穩得,167.5,167.5,161.5,162.0,123113.0
2026-09-17,TPEX,6762,達亞,,,,,82.0
2026-09-17,TPEX,6763,綠界科技*,41.0,41.3,40.95,41.3,156264.0
2026-09-17,TPEX,6767,台微醫,24.65,24.65,22.25,24.55,30116.0
2026-09-17,TPEX,6785,昱展新藥,95.0,104.0,94.1,104.0,170366.0
2026-09-17,TPEX,6788,華景電,330.5,336.5,324.5,324.5,198954.0
2026-09-17,TPEX,6791,虎門科技,99.5,101.0,99.5,100.0,8132.0
2026-09-17,TPEX,6803,崑鼎,268.5,268.5,267.5,267.5,43633.0
2026-09-17,TPEX,6804,明係,18.05,18.45,17.85,18.4,58440.0
2026-09-17,TPEX,6811,宏碁資訊,246.0,254.5,246.0,249.5,399777.0
2026-09-17,TPEX,6821,聯寶,41.5,42.0,40.3,41.4,50198.0
2026-09-17,TPEX,6823,濾能,61.0,61.0,59.3,59.4,53201.0
2026-09-17,TPEX,6829,千附精密,213.0,217.5,211.0,211.5,545264.0
2026-09-17,TPEX,6840,東研信超,92.9,101.5,92.9,101.5,1212558.0
2026-09-17,TPEX,6841,長佳智能,52.8,53.5,52.7,53.3,189351.0
2026-09-17,TPEX,6843,進典,39.85,39.85,39.1,39.1,3058.0
2026-09-17,TPEX,6844,諾貝兒,57.5,57.5,56.7,57.1,23620.0
2026-09-17,TPEX,6846,綠茵,58.8,58.8,58.8,58.8,1000.0
2026-09-17,TPEX,6855,數泓科,,,,,7.0
2026-09-17,TPEX,6856,鑫傳,40.5,41.35,40.5,41.35,3300.0
2026-09-17,TPEX,6859,伯特光,129.0,129.0,119.0,119.0,119288.0
2026-09-17,TPEX,6865,偉康科技,26.45,26.5,26.1,26.5,29302.0
2026-09-17,TPEX,6870,騰雲,317.5,322.5,309.0,322.0,104456.0
2026-09-17,TPEX,6872,浩宇生醫,23.0,23.4,21.0,21.0,433491.0
2026-09-17,TPEX,6874,倍力,69.1,69.5,68.5,68.8,49024.0
2026-09-17,TPEX,6875,國邑*,32.6,33.1,31.55,33.0,153117.0
2026-09-17,TPEX,6877,鏵友益,115.0,117.0,114.5,114.5,32523.0
2026-09-17,TPEX,6881,潤德,212.0,212.0,212.0,212.0,1053.0
2026-09-17,TPEX,6884,海柏特,30.5,30.5,30.5,30.5,2589.0
2026-09-17,TPEX,6894,衛司特,355.0,361.5,355.0,355.0,59456.0
2026-09-17,TPEX,6895,宏碩系統,145.5,145.5,143.0,144.0,19050.0
2026-09-17,TPEX,6899,創為精密,49.3,49.6,48.7,49.6,14000.0
2026-09-17,TPEX,6903,巨漢,298.0,305.5,297.5,297.5,150845.0
2026-09-17,TPEX,6904,伯鑫,,,,,22.0
2026-09-17,TPEX,6907,雅特力-KY,182.0,183.0,178.5,179.0,609950.0
2026-09-17,TPEX,6910,德鴻,25.15,25.2,25.0,25.05,11200.0
2026-09-17,TPEX,6913,鴻呈,127.0,130.0,127.0,128.5,274423.0
2026-09-17,TPEX,6922,宸曜,185.0,191.0,185.0,188.0,79349.0
2026-09-17,TPEX,6925,意藍,57.5,61.8,56.6,56.7,237328.0
2026-09-17,TPEX,6929,佑全,22.0,22.0,21.35,21.35,4240.0
2026-09-17,TPEX,6945,圓祥生技,119.5,130.0,118.0,124.0,1792434.0
2026-09-17,TPEX,6953,家碩,227.5,233.0,227.5,231.5,19264.0
2026-09-17,TPEX,6961,旅天下,48.4,48.4,48.0,48.25,40255.0
2026-09-17,TPEX,6967,汎瑋材料,66.5,66.6,65.5,66.0,69393.0
2026-09-17,TPEX,6968,萬達寵物,41.5,41.6,41.25,41.5,120779.0
2026-09-17,TPEX,6971,惠民實業,24.5,24.5,24.4,24.4,32324.0
2026-09-17,TPEX,6982,大井泵浦,44.95,44.95,44.0,44.4,11021.0
2026-09-17,TPEX,6983,華洋精機,351.0,352.0,346.0,350.0,12400.0
2026-09-17,TPEX,6986,和迅,40.25,40.4,40.2,40.4,37300.0
2026-09-17,TPEX,6996,力領科技,170.0,171.5,170.0,170.0,17442.0
2026-09-17,TPEX,6997,博弘,69.3,69.3,67.0,67.0,2004.0
2026-09-17,TPEX,7402,邑錡,100.5,101.5,99.7,100.0,134893.0
2026-09-17,TPEX,7547,碩網,50.2,50.2,49.7,49.7,7102.0
2026-09-17,TPEX,7556,意德士,246.5,253.5,245.0,247.5,9598.0
2026-09-17,TPEX,7584,樂意,26.9,27.95,26.9,27.95,4370.0
2026-09-17,TPEX,7642,昶瑞機電,70.7,71.0,69.5,70.0,7680.0
2026-09-17,TPEX,7703,銳澤,202.0,202.5,197.0,198.5,69057.0
2026-09-17,TPEX,7704,明遠精密,60.5,60.8,60.4,60.7,11005.0
2026-09-17,TPEX,7708,全家餐飲,91.9,92.0,91.9,92.0,24034.0
2026-09-17,TPEX,7709,榮田,81.8,81.9,80.0,80.1,92160.0
2026-09-17,TPEX,7712,博盛半導體,156.0,158.0,152.0,153.0,274704.0
2026-09-17,TPEX,7713,威力德生醫,73.1,73.1,73.1,73.1,1002.0
2026-09-17,TPEX,7714,創泓科技,180.0,182.0,174.0,174.0,330999.0
2026-09-17,TPEX,7715,裕山,28.1,28.95,28.1,28.5,16120.0
2026-09-17,TPEX,7716,昱臺國際,23.45,23.45,23.3,23.3,19000.0
2026-09-17,TPEX,7717,萊德光電-KY,544.0,579.0,530.0,579.0,3339058.0
2026-09-17,TPEX,7718,友鋮,46.05,46.05,46.0,46.0,12000.0
2026-09-17,TPEX,7723,築間,18.8,19.05,18.65,18.75,47330.0
2026-09-17,TPEX,7728,光焱科技,637.0,637.0,626.0,632.0,21108.0
2026-09-17,TPEX,7734,印能科技,2565.0,2735.0,2555.0,2580.0,454220.0
2026-09-17,TPEX,7738,東聯互動,160.0,161.0,158.0,161.0,20101.0
2026-09-17,TPEX,7743,金利食安,24.45,24.5,23.65,24.3,49692.0
2026-09-17,TPEX,7744,崴寶,499.0,517.0,499.0,508.0,88110.0
2026-09-17,TPEX,7747,昕奇雲端,,,,,581.0
2026-09-17,TPEX,7751,竑騰,1430.0,1455.0,1395.0,1420.0,75547.0
2026-09-17,TPEX,7753,星亞,35.8,35.9,35.7,35.7,15305.0
2026-09-17,TPEX,7757,金色三麥,87.1,88.2,87.1,88.2,6491.0
2026-09-17,TPEX,7767,仁大資訊,46.0,46.45,46.0,46.2,34000.0
2026-09-17,TPEX,7770,君曜,37.6,38.7,37.6,38.3,22356.0
2026-09-17,TPEX,7772,耀穎,133.0,146.0,133.0,146.0,471560.0
2026-09-17,TPEX,7777,能率亞洲,38.0,38.4,36.9,36.9,975410.0
2026-09-17,TPEX,7782,光速火箭,25.2,26.3,25.2,25.45,8000.0
2026-09-17,TPEX,7792,安葆,314.0,321.0,310.5,313.0,298492.0
2026-09-17,TPEX,7794,宏碁智新,31.2,31.2,30.6,31.0,24247.0
2026-09-17,TPEX,7805,威聯通,500.0,503.0,500.0,503.0,18529.0
2026-09-17,TPEX,7810,捷創科技,220.0,224.5,217.5,219.0,61677.0
2026-09-17,TPEX,7811,民盛,72.5,72.5,72.5,72.5,2008.0
2026-09-17,TPEX,7814,海昌生技,28.5,28.55,28.5,28.5,12076.0
2026-09-17,TPEX,7819,精誠金融,34.8,34.8,34.3,34.55,8906.0
2026-09-17,TPEX,7820,立盈,106.0,107.0,105.0,106.0,17300.0
2026-09-17,TPEX,7825,和亞智慧,88.6,90.0,83.2,83.9,536121.0
2026-09-17,TPEX,7828,創新服務,2050.0,2055.0,1920.0,1935.0,365906.0
2026-09-17,TPEX,7839,達人網,44.3,44.3,43.0,43.0,7010.0
2026-09-17,TPEX,7842,天能綠電,97.5,97.5,96.3,96.5,13656.0
2026-09-17,TPEX,8024,佑華,12.8,13.4,12.65,12.95,43133.0
2026-09-17,TPEX,8027,鈦昇,174.5,183.5,172.0,173.0,2681713.0
2026-09-17,TPEX,8032,光菱,34.65,35.1,34.65,34.7,19157.0
2026-09-17,TPEX,8034,榮群,19.95,20.0,19.7,19.85,77874.0
2026-09-17,TPEX,8038,長園科,32.1,33.0,31.65,31.9,146793.0
2026-09-17,TPEX,8040,九暘,79.2,83.0,78.3,78.3,1272352.0
2026-09-17,TPEX,8042,金山電,115.5,118.0,110.5,110.5,3488455.0
2026-09-17,TPEX,8043,蜜望實,133.5,136.5,130.0,130.0,1126023.0
2026-09-17,TPEX,8044,網家,23.8,24.35,23.8,24.2,438915.0
2026-09-17,TPEX,8047,星雲,45.25,45.9,45.15,45.15,6635.0
2026-09-17,TPEX,8048,德勝,49.5,49.6,48.7,49.0,118355.0
2026-09-17,TPEX,8049,晶采,24.45,24.55,24.35,24.45,115549.0
2026-09-17,TPEX,8050,廣積,57.5,59.2,57.5,58.9,1943978.0
2026-09-17,TPEX,8054,安國,83.0,84.7,82.6,83.5,750722.0
2026-09-17,TPEX,8064,東捷,123.0,130.0,123.0,130.0,5826350.0
2026-09-17,TPEX,8066,來思達,15.05,15.1,14.95,15.05,27613.0
2026-09-17,TPEX,8067,志旭,12.05,12.05,11.6,11.7,13001.0
2026-09-17,TPEX,8068,全達,15.75,16.0,15.75,15.95,109399.0
2026-09-17,TPEX,8069,元太,149.0,151.0,145.5,145.5,5128445.0
2026-09-17,TPEX,8071,能率網通,21.55,21.8,21.05,21.5,426031.0
2026-09-17,TPEX,8074,鉅橡,50.5,51.5,49.7,49.75,305353.0
2026-09-17,TPEX,8076,伍豐,21.35,21.65,21.35,21.5,513753.0
2026-09-17,TPEX,8077,洛碁,45.1,45.1,43.5,43.5,13000.0
2026-09-17,TPEX,8080,泰霖,28.9,29.0,28.75,28.75,15206.0
2026-09-17,TPEX,8083,瑞穎,156.5,157.0,156.5,156.5,22092.0
2026-09-17,TPEX,8084,巨虹,41.55,41.8,41.0,41.65,273032.0
2026-09-17,TPEX,8085,福華,14.3,14.65,14.25,14.3,130565.0
2026-09-17,TPEX,8086,宏捷科,109.0,112.5,107.5,108.0,3048792.0
2026-09-17,TPEX,8087,麗升能源,24.3,24.4,23.1,24.0,31086.0
2026-09-17,TPEX,8088,品安,42.5,42.9,41.8,41.8,211920.0
2026-09-17,TPEX,8089,康全電訊,18.2,18.2,18.0,18.1,66493.0
2026-09-17,TPEX,8091,翔名,215.0,215.5,212.0,213.5,273556.0
2026-09-17,TPEX,8092,建暐,12.7,12.75,12.6,12.65,25172.0
2026-09-17,TPEX,8093,保銳,24.3,25.5,24.3,24.5,33499.0
2026-09-17,TPEX,8096,擎亞,90.1,91.0,88.1,88.2,3502672.0
2026-09-17,TPEX,8097,常珵,48.5,49.0,48.25,48.85,465029.0
2026-09-17,TPEX,8099,大世科,59.7,59.7,58.9,59.6,70281.0
2026-09-17,TPEX,8102,傑霖科技,62.6,62.6,60.8,61.5,9109.0
2026-09-17,TPEX,8107,大億金茂,12.35,12.35,12.05,12.1,26654.0
2026-09-17,TPEX,8109,博大,130.5,131.0,129.5,130.5,55801.0
2026-09-17,TPEX,8111,立碁,73.9,74.8,72.0,73.5,11805762.0
2026-09-17,TPEX,8121,越峰,27.1,27.5,27.1,27.25,298909.0
2026-09-17,TPEX,8147,正淩,130.5,133.5,130.5,132.0,64421.0
2026-09-17,TPEX,8155,博智,326.0,334.0,315.0,317.5,517992.0
2026-09-17,TPEX,8171,天宇,20.05,20.2,19.9,20.15,71296.0
2026-09-17,TPEX,8176,智捷,9.83,9.89,9.5,9.78,186810.0
2026-09-17,TPEX,8182,加高,39.55,40.2,38.7,38.85,473073.0
2026-09-17,TPEX,8183,精星,28.15,28.4,28.0,28.0,151769.0
2026-09-17,TPEX,8227,巨有科技,273.0,281.0,258.0,258.0,3231438.0
2026-09-17,TPEX,8234,新漢,62.4,62.9,62.2,62.3,177772.0
2026-09-17,TPEX,8240,華宏,49.65,52.6,49.65,50.6,902816.0
2026-09-17,TPEX,8255,朋程,136.0,137.0,135.0,135.5,170406.0
2026-09-17,TPEX,8272,全景軟體,65.1,65.3,63.6,64.9,6292.0
2026-09-17,TPEX,8279,生展,79.6,79.9,79.5,79.5,7470.0
2026-09-17,TPEX,8284,三竹,69.0,69.6,68.5,69.1,20162.0
2026-09-17,TPEX,8289,泰藝,42.6,44.25,42.6,43.05,324622.0
2026-09-17,TPEX,8291,尚茂,28.5,29.7,28.05,28.85,18553.0
2026-09-17,TPEX,8299,群聯,2000.0,2040.0,1950.0,1970.0,2823460.0
2026-09-17,TPEX,8342,益張,82.0,82.0,82.0,82.0,6050.0
2026-09-17,TPEX,8349,恒耀,37.8,38.35,37.5,38.35,81940.0
2026-09-17,TPEX,8354,冠好,16.7,17.25,16.7,17.05,160289.0
2026-09-17,TPEX,8358,金居,506.0,507.0,477.5,478.5,31333412.0
2026-09-17,TPEX,8383,千附,65.6,67.4,65.5,66.2,830241.0
2026-09-17,TPEX,8390,金益鼎,92.4,92.6,91.7,92.3,121401.0
2026-09-17,TPEX,8401,白紗科,22.7,23.0,22.7,22.9,14490.0
2026-09-17,TPEX,8403,盛弘,18.95,19.05,18.9,19.05,47006.0
2026-09-17,TPEX,8409,商之器,18.15,18.15,18.1,18.1,5008.0
2026-09-17,TPEX,8410,森田,29.45,29.8,29.1,29.35,13232.0
2026-09-17,TPEX,8415,大國鋼,34.75,35.15,34.7,34.8,530536.0
2026-09-17,TPEX,8416,實威,169.0,169.0,169.0,169.0,2759.0
2026-09-17,TPEX,8421,旭源,12.85,13.8,12.85,13.15,254636.0
2026-09-17,TPEX,8423,保綠-KY,17.75,18.0,17.75,17.8,13116.0
2026-09-17,TPEX,8424,惠普,69.0,69.0,68.9,68.9,2100.0
2026-09-17,TPEX,8426,紅木-KY,20.55,20.65,20.5,20.65,4120.0
2026-09-17,TPEX,8431,匯鑽科,65.0,68.0,63.4,64.8,3261383.0
2026-09-17,TPEX,8432,東生華,50.1,50.7,49.9,50.1,18031.0
2026-09-17,TPEX,8433,弘帆,53.3,53.6,53.3,53.6,6019.0
2026-09-17,TPEX,8435,鉅邁,53.5,53.7,52.9,53.0,45310.0
2026-09-17,TPEX,8436,大江,105.0,107.0,102.5,104.0,2541202.0
2026-09-17,TPEX,8437,大地-KY,9.24,9.24,9.0,9.12,26134.0
2026-09-17,TPEX,8440,綠電,20.15,20.15,19.75,19.9,46244.0
2026-09-17,TPEX,8444,綠河-KY,4.3,5.0,4.25,5.0,19000.0
2026-09-17,TPEX,8446,華研,85.0,85.4,84.8,85.1,26600.0
2026-09-17,TPEX,8450,霹靂,14.35,14.35,14.1,14.15,18597.0
2026-09-17,TPEX,8455,大拓-KY,,,,,400.0
2026-09-17,TPEX,8472,納維康,79.0,81.6,76.0,76.0,28036.0
2026-09-17,TPEX,8477,創業家,15.0,15.15,15.0,15.0,13002.0
2026-09-17,TPEX,8489,三貝德,21.6,21.65,21.4,21.55,27410.0
2026-09-17,TPEX,8905,裕國,34.9,35.0,34.9,35.0,6790.0
2026-09-17,TPEX,8906,花王,29.2,29.5,29.0,29.4,25151.0
2026-09-17,TPEX,8908,欣雄,40.1,40.5,40.0,40.25,38557.0
2026-09-17,TPEX,8916,光隆,40.9,41.5,40.9,41.25,188228.0
2026-09-17,TPEX,8917,欣泰,,,,,0.0
2026-09-17,TPEX,8921,沈氏,16.35,16.35,16.3,16.3,12000.0
2026-09-17,TPEX,8923,時報,,,,,0.0
2026-09-17,TPEX,8924,大田,49.4,49.95,49.4,49.9,63819.0
2026-09-17,TPEX,8927,北基,18.9,19.1,18.75,19.0,89705.0
2026-09-17,TPEX,8928,鉅明,23.45,23.6,22.8,23.4,16379.0
2026-09-17,TPEX,8929,富堡,13.05,13.25,13.0,13.0,13561.0
2026-09-17,TPEX,8930,青鋼,28.85,29.0,28.6,28.85,30780.0
2026-09-17,TPEX,8931,大汽電,42.95,44.15,42.95,43.6,79288.0
2026-09-17,TPEX,8932,智通*,89.3,91.4,88.4,89.1,1204806.0
2026-09-17,TPEX,8933,愛地雅,4.54,4.54,4.48,4.5,21989.0
2026-09-17,TPEX,8935,邦泰,17.1,17.6,17.1,17.55,108708.0
2026-09-17,TPEX,8936,國統,51.9,52.2,51.7,52.2,943970.0
2026-09-17,TPEX,8937,合騏*,28.95,29.0,27.5,28.55,176864.0
2026-09-17,TPEX,8938,明安,52.0,52.4,52.0,52.4,56609.0
2026-09-17,TPEX,8941,關中,44.5,44.6,42.3,43.4,12126.0
2026-09-17,TPEX,8942,森鉅,41.55,41.55,41.2,41.35,258867.0
2026-09-17,TPEX,9949,琉園,23.95,24.15,23.95,24.15,7517.0
2026-09-17,TPEX,9950,萬國通,10.4,10.4,10.25,10.25,72000.0
2026-09-17,TPEX,9951,皇田,47.7,48.0,47.65,48.0,42377.0
2026-09-17,TPEX,9960,邁達康,30.95,31.05,30.9,31.05,8134.0
2026-09-17,TPEX,9962,有益,10.0,10.1,9.95,9.95,14002.0
