date,market,stock_id,name,open,high,low,close,volume
2026-09-18,TWSE,1101,台泥,24.1,24.6,24.05,24.45,23063655.0
2026-09-18,TWSE,1102,亞泥,34.9,35.3,34.8,35.3,9655743.0
2026-09-18,TWSE,1103,嘉泥,13.05,13.1,13.0,13.05,253149.0
2026-09-18,TWSE,1104,環泥,26.65,26.85,26.6,26.8,249342.0
2026-09-18,TWSE,1108,幸福,11.0,11.1,11.0,11.05,511622.0
2026-09-18,TWSE,1109,信大,13.4,13.45,13.35,13.4,91847.0
2026-09-18,TWSE,1110,東泥,15.45,15.5,15.35,15.5,360534.0
2026-09-18,TWSE,1201,味全,12.1,12.1,12.0,12.1,347806.0
2026-09-18,TWSE,1203,味王,42.4,43.85,42.4,43.35,12909.0
2026-09-18,TWSE,1210,大成,51.6,52.2,51.6,52.0,685412.0
2026-09-18,TWSE,1213,大飲,8.05,8.08,7.09,7.09,28044.0
2026-09-18,TWSE,1215,卜蜂,106.5,108.0,106.0,107.0,435883.0
2026-09-18,TWSE,1216,統一,74.7,75.6,74.5,75.5,9416599.0
2026-09-18,TWSE,1217,愛之味,9.98,10.0,9.94,10.0,410853.0
2026-09-18,TWSE,1218,泰山,14.4,14.4,14.25,14.4,617015.0
2026-09-18,TWSE,1219,福壽,11.15,11.3,11.15,11.25,179443.0
2026-09-18,TWSE,1220,台榮,10.85,10.85,10.7,10.8,153513.0
2026-09-18,TWSE,1225,福懋油,24.7,25.1,24.65,25.0,112556.0
2026-09-18,TWSE,1227,佳格,28.05,28.25,28.05,28.2,504186.0
2026-09-18,TWSE,1229,聯華,40.1,40.6,40.0,40.35,1710655.0
2026-09-18,TWSE,1231,聯華食,79.4,79.8,79.4,79.5,170610.0
2026-09-18,TWSE,1232,大統益,155.0,155.0,154.0,154.5,90359.0
2026-09-18,TWSE,1233,天仁,28.0,28.05,27.95,28.05,18198.0
2026-09-18,TWSE,1234,黑松,33.1,33.35,33.1,33.35,69371.0
2026-09-18,TWSE,1235,興泰,36.5,38.85,36.5,37.5,13633.0
2026-09-18,TWSE,1236,宏亞,25.5,25.6,24.8,25.55,129151.0
2026-09-18,TWSE,1256,鮮活果汁-KY,171.5,171.5,170.0,170.5,62378.0
2026-09-18,TWSE,1301,台塑,62.8,64.7,62.5,64.6,26190059.0
2026-09-18,TWSE,1303,南亞,228.0,239.5,226.5,236.0,92909712.0
2026-09-18,TWSE,1304,台聚,12.25,12.65,12.15,12.6,3387387.0
2026-09-18,TWSE,1305,華夏,12.1,12.35,11.85,12.3,2519543.0
2026-09-18,TWSE,1307,三芳,30.35,30.75,30.35,30.6,330779.0
2026-09-18,TWSE,1308,亞聚,14.15,14.45,13.95,14.4,2927097.0
2026-09-18,TWSE,1309,台達化,13.75,14.3,13.5,14.1,3424625.0
2026-09-18,TWSE,1310,台苯,8.51,9.11,8.51,9.03,10239090.0
2026-09-18,TWSE,1312,國喬,14.7,15.1,14.65,14.95,17167705.0
2026-09-18,TWSE,1313,聯成,12.0,12.4,11.95,12.3,5663264.0
2026-09-18,TWSE,1314,中石化,8.23,8.96,8.23,8.96,128600273.0
2026-09-18,TWSE,1315,達新,66.1,66.9,66.1,66.9,45224.0
2026-09-18,TWSE,1316,上曜,10.7,10.75,10.6,10.65,821479.0
2026-09-18,TWSE,1319,東陽,79.5,80.1,79.2,79.9,1163285.0
2026-09-18,TWSE,1321,大洋,32.35,32.6,31.85,32.5,208000.0
2026-09-18,TWSE,1323,永裕,21.45,21.45,21.35,21.45,40350.0
2026-09-18,TWSE,1324,地球,9.99,10.05,9.99,9.99,21729.0
2026-09-18,TWSE,1325,恆大,25.8,25.85,25.65,25.8,138712.0
2026-09-18,TWSE,1326,台化,66.3,68.7,66.1,68.6,24043657.0
2026-09-18,TWSE,1337,再生-KY,4.42,4.53,4.42,4.49,369808.0
2026-09-18,TWSE,1338,廣華-KY,14.3,14.35,14.2,14.35,30680.0
2026-09-18,TWSE,1339,昭輝,42.65,43.4,42.65,43.2,112282.0
2026-09-18,TWSE,1340,勝悅-KY,5.22,5.24,5.13,5.15,157641.0
2026-09-18,TWSE,1341,富林-KY,59.2,59.2,59.2,59.2,1006.0
2026-09-18,TWSE,1342,八貫,100.0,101.5,100.0,100.5,218920.0
2026-09-18,TWSE,1402,遠東新,27.45,28.2,27.35,28.1,11978020.0
2026-09-18,TWSE,1409,新纖,24.1,25.1,24.1,24.8,13959451.0
2026-09-18,TWSE,1410,南染,24.65,25.05,24.25,24.25,180070.0
2026-09-18,TWSE,1413,宏洲,9.22,9.22,9.21,9.21,8243.0
2026-09-18,TWSE,1414,東和,17.2,17.45,17.15,17.4,108614.0
2026-09-18,TWSE,1416,廣豐,11.3,11.4,11.25,11.3,183418.0
2026-09-18,TWSE,1417,嘉裕,7.98,8.07,7.98,8.02,96130.0
2026-09-18,TWSE,1418,東華,17.45,17.8,17.45,17.6,29143.0
2026-09-18,TWSE,1419,新紡,66.0,66.3,65.8,66.2,42105.0
2026-09-18,TWSE,1423,利華,35.25,35.25,35.0,35.0,7158.0
2026-09-18,TWSE,1432,大魯閣,15.0,15.0,14.9,14.9,117740.0
2026-09-18,TWSE,1434,福懋,17.6,18.0,17.55,17.85,2213287.0
2026-09-18,TWSE,1435,中福,22.75,22.75,22.4,22.4,7318.0
2026-09-18,TWSE,1436,華友聯,36.0,36.7,36.0,36.7,89191.0
2026-09-18,TWSE,1437,勤益控,32.4,32.65,32.35,32.45,146633.0
2026-09-18,TWSE,1438,三地開發,21.45,21.6,21.15,21.4,31706.0
2026-09-18,TWSE,1439,雋揚,28.1,28.7,28.1,28.55,10192.0
2026-09-18,TWSE,1440,南紡,13.05,13.55,12.9,13.45,2744843.0
2026-09-18,TWSE,1442,名軒,30.45,30.95,30.4,30.9,416925.0
2026-09-18,TWSE,1443,立益物流,23.0,23.35,22.85,23.35,15647.0
2026-09-18,TWSE,1444,力麗,6.7,7.05,6.7,7.01,1795139.0
2026-09-18,TWSE,1445,大宇,10.35,10.35,10.0,10.0,146249.0
2026-09-18,TWSE,1446,宏和,13.35,13.85,13.35,13.55,251259.0
2026-09-18,TWSE,1447,力鵬,6.33,6.67,6.33,6.63,1160757.0
2026-09-18,TWSE,1449,佳和,12.1,12.7,12.1,12.3,611266.0
2026-09-18,TWSE,1451,年興,16.95,17.1,16.95,17.1,95337.0
2026-09-18,TWSE,1452,宏益,10.8,10.95,10.75,10.8,152536.0
2026-09-18,TWSE,1453,大將,10.9,10.95,10.9,10.95,15602.0
2026-09-18,TWSE,1454,台富,12.6,12.95,12.6,12.6,29292.0
2026-09-18,TWSE,1455,集盛,9.51,9.95,9.51,9.89,963403.0
2026-09-18,TWSE,1456,怡華,14.15,14.3,13.9,13.9,137568.0
2026-09-18,TWSE,1457,宜進,14.3,14.5,14.3,14.45,111847.0
2026-09-18,TWSE,1459,聯發,15.75,15.75,15.5,15.75,130591.0
2026-09-18,TWSE,1460,宏遠,6.25,6.4,6.25,6.38,236252.0
2026-09-18,TWSE,1463,強盛新,17.65,17.7,17.45,17.45,24187.0
2026-09-18,TWSE,1464,得力,9.92,9.98,9.9,9.94,370710.0
2026-09-18,TWSE,1465,偉全,11.8,11.85,11.55,11.55,496088.0
2026-09-18,TWSE,1466,聚隆,14.85,15.3,14.8,14.95,299518.0
2026-09-18,TWSE,1467,南緯,7.97,8.32,7.97,8.14,167036.0
2026-09-18,TWSE,1468,昶和,12.9,13.1,12.7,13.1,77646.0
2026-09-18,TWSE,1470,大統新創,24.4,24.4,24.0,24.25,37462.0
2026-09-18,TWSE,1471,首利,9.3,9.73,9.3,9.35,222912.0
2026-09-18,TWSE,1472,三洋實業,87.1,87.9,87.1,87.5,14593.0
2026-09-18,TWSE,1473,台南,19.6,19.85,19.6,19.8,18451.0
2026-09-18,TWSE,1474,弘裕,9.98,10.6,9.78,10.05,443245.0
2026-09-18,TWSE,1475,業旺,26.25,26.25,25.85,26.05,21532.0
2026-09-18,TWSE,1476,儒鴻,285.5,286.0,283.0,284.0,1077099.0
2026-09-18,TWSE,1477,聚陽,192.0,195.5,191.0,194.0,1369161.0
2026-09-18,TWSE,1503,士電,197.0,199.5,197.0,197.5,795159.0
2026-09-18,TWSE,1504,東元,70.3,70.9,70.0,70.9,4233525.0
2026-09-18,TWSE,1506,正道,9.84,9.85,9.78,9.8,72380.0
2026-09-18,TWSE,1512,瑞利,6.18,6.19,6.12,6.19,68674.0
2026-09-18,TWSE,1513,中興電,163.5,165.5,163.5,165.0,1750471.0
2026-09-18,TWSE,1514,亞力,100.0,101.5,100.0,101.0,758306.0
2026-09-18,TWSE,1515,力山,29.35,29.6,29.3,29.3,548679.0
2026-09-18,TWSE,1516,川飛,14.45,14.45,13.35,13.35,148811.0
2026-09-18,TWSE,1517,利奇,10.35,10.5,10.35,10.5,201429.0
2026-09-18,TWSE,1519,華城,711.0,715.0,703.0,705.0,618004.0
2026-09-18,TWSE,1521,大億,25.15,25.25,24.9,25.15,15764.0
2026-09-18,TWSE,1522,堤維西,25.4,25.9,25.3,25.85,389954.0
2026-09-18,TWSE,1524,耿鼎,25.8,26.15,25.8,25.95,255646.0
2026-09-18,TWSE,1525,江申,65.0,65.0,65.0,65.0,1001.0
2026-09-18,TWSE,1526,日馳,14.9,14.9,14.6,14.75,49055.0
2026-09-18,TWSE,1527,鑽全,32.3,32.5,32.3,32.35,55727.0
2026-09-18,TWSE,1528,恩德,25.75,25.75,24.0,24.1,11821729.0
2026-09-18,TWSE,1529,樂事綠能,14.7,15.05,14.6,14.8,2142441.0
2026-09-18,TWSE,1530,亞崴,27.1,27.25,27.1,27.2,33497.0
2026-09-18,TWSE,1531,高林股,11.5,11.8,11.5,11.75,73514.0
2026-09-18,TWSE,1532,勤美,22.4,22.55,22.35,22.45,223665.0
2026-09-18,TWSE,1533,車王電,30.25,30.7,30.1,30.65,52558.0
2026-09-18,TWSE,1535,中宇,44.5,44.95,44.5,44.9,55075.0
2026-09-18,TWSE,1536,和大,46.2,46.8,46.2,46.65,878684.0
2026-09-18,TWSE,1537,廣隆,116.0,116.0,114.5,115.5,53859.0
2026-09-18,TWSE,1538,正峰,,,,,790.0
2026-09-18,TWSE,1539,巨庭,15.75,15.75,15.55,15.55,19079.0
2026-09-18,TWSE,1540,喬福,19.5,19.7,19.3,19.5,173983.0
2026-09-18,TWSE,1541,錩泰,20.9,20.9,20.65,20.85,11000.0
2026-09-18,TWSE,1558,伸興,108.0,111.0,108.0,110.0,182294.0
2026-09-18,TWSE,1560,中砂,750.0,815.0,750.0,815.0,3169755.0
2026-09-18,TWSE,1563,巧新,74.0,77.4,74.0,76.2,695799.0
2026-09-18,TWSE,1568,倉佑,29.5,31.0,29.5,30.35,466364.0
2026-09-18,TWSE,1582,信錦,70.4,71.4,70.3,70.5,225087.0
2026-09-18,TWSE,1583,程泰,46.5,47.45,46.05,46.3,21129.0
2026-09-18,TWSE,1587,吉茂,23.3,23.75,23.3,23.75,47669.0
2026-09-18,TWSE,1590,亞德客-KY,1230.0,1265.0,1230.0,1245.0,1181757.0
2026-09-18,TWSE,1597,直得,139.0,141.5,137.5,138.0,1157014.0
2026-09-18,TWSE,1598,岱宇,20.15,20.35,20.15,20.3,94541.0
2026-09-18,TWSE,1603,華電,30.1,30.25,30.0,30.25,99981.0
2026-09-18,TWSE,1604,聲寶,23.35,23.55,23.35,23.5,189492.0
2026-09-18,TWSE,1605,華新,37.35,37.55,36.85,37.15,9490729.0
2026-09-18,TWSE,1608,華榮,35.95,36.3,35.95,36.1,1226319.0
2026-09-18,TWSE,1609,大亞,37.5,37.85,37.45,37.65,3791122.0
2026-09-18,TWSE,1611,中電,11.4,11.55,11.4,11.5,375457.0
2026-09-18,TWSE,1612,宏泰,34.9,35.1,34.9,34.95,1069242.0
2026-09-18,TWSE,1614,三洋電,30.9,31.05,30.9,30.95,55309.0
2026-09-18,TWSE,1615,大山,43.0,43.75,42.95,43.1,87261.0
2026-09-18,TWSE,1616,億泰,18.35,18.55,18.35,18.45,312552.0
2026-09-18,TWSE,1617,榮星,18.1,18.7,18.1,18.45,293653.0
2026-09-18,TWSE,1618,合機,38.55,39.15,38.55,38.95,287807.0
2026-09-18,TWSE,1623,大東電,204.0,207.0,204.0,204.0,26428.0
2026-09-18,TWSE,1626,艾美特-KY,9.65,9.7,9.54,9.69,45515.0
2026-09-18,TWSE,1702,南僑,32.35,32.7,32.3,32.7,118878.0
2026-09-18,TWSE,1707,葡萄王,86.6,87.5,86.6,87.0,118639.0
2026-09-18,TWSE,1708,東鹼,49.35,51.5,49.35,51.1,4464810.0
2026-09-18,TWSE,1709,和益,40.8,42.95,39.1,42.95,35011882.0
2026-09-18,TWSE,1710,東聯,15.85,16.9,15.7,16.65,11642598.0
2026-09-18,TWSE,1711,永光,39.7,40.8,39.6,39.6,4245817.0
2026-09-18,TWSE,1712,興農,39.8,40.0,39.7,39.75,294839.0
2026-09-18,TWSE,1713,國化,41.8,42.05,41.65,41.8,258089.0
2026-09-18,TWSE,1714,和桐,15.65,16.25,15.55,16.05,10370991.0
2026-09-18,TWSE,1717,長興,71.7,72.3,71.2,71.3,6176640.0
2026-09-18,TWSE,1718,中纖,10.55,11.0,10.5,10.9,20789291.0
2026-09-18,TWSE,1720,生達,55.9,56.1,55.9,56.1,91034.0
2026-09-18,TWSE,1721,國慶科技,22.0,22.6,21.85,22.15,794138.0
2026-09-18,TWSE,1722,台肥,41.95,42.25,41.9,42.15,2303922.0
2026-09-18,TWSE,1723,中碳,80.5,81.4,80.3,81.0,415017.0
2026-09-18,TWSE,1725,元禎,33.35,34.55,33.15,33.6,115368.0
2026-09-18,TWSE,1726,永記,76.6,77.8,76.6,76.9,18203.0
2026-09-18,TWSE,1727,中華化,98.7,105.0,97.7,105.0,15353455.0
2026-09-18,TWSE,1730,花仙子,51.5,51.5,51.3,51.3,10427.0
2026-09-18,TWSE,1731,美吾華,20.85,20.95,20.75,20.95,69247.0
2026-09-18,TWSE,1732,毛寶,25.85,26.0,25.85,25.95,47577.0
2026-09-18,TWSE,1733,五鼎,30.1,30.4,30.05,30.35,38485.0
2026-09-18,TWSE,1734,杏輝,31.1,31.5,31.1,31.5,138861.0
2026-09-18,TWSE,1735,日勝化,19.7,19.95,19.7,19.9,69879.0
2026-09-18,TWSE,1736,喬山,126.5,129.0,125.5,129.0,651676.0
2026-09-18,TWSE,1737,臺鹽,30.45,30.6,30.4,30.6,85609.0
2026-09-18,TWSE,1752,南光,31.5,31.5,31.2,31.3,46342.0
2026-09-18,TWSE,1760,寶齡富錦,55.1,55.1,54.0,54.4,77760.0
2026-09-18,TWSE,1762,中化生,33.7,34.2,33.65,33.8,56107.0
2026-09-18,TWSE,1773,勝一,159.0,164.0,159.0,163.0,633018.0
2026-09-18,TWSE,1776,展宇,18.25,18.9,18.25,18.55,166213.0
2026-09-18,TWSE,1783,和康生,36.3,36.4,36.2,36.3,67867.0
2026-09-18,TWSE,1786,科妍,42.85,43.75,42.8,43.75,132933.0
2026-09-18,TWSE,1789,神隆,18.2,19.85,18.2,19.6,2195512.0
2026-09-18,TWSE,1795,美時,179.0,181.5,177.5,180.0,772740.0
2026-09-18,TWSE,1802,台玻,59.1,61.7,58.3,58.5,23405436.0
2026-09-18,TWSE,1805,寶徠,10.25,10.25,10.05,10.15,60136.0
2026-09-18,TWSE,1806,冠軍,7.92,8.0,7.92,7.97,109692.0
2026-09-18,TWSE,1808,潤隆,33.65,34.45,33.2,34.15,2117102.0
2026-09-18,TWSE,1809,中釉,37.15,38.5,37.15,37.3,858357.0
2026-09-18,TWSE,1810,和成,23.6,23.8,23.55,23.7,992140.0
2026-09-18,TWSE,1817,凱撒衛,40.1,40.25,40.1,40.25,14416.0
2026-09-18,TWSE,1903,士紙,47.0,47.65,47.0,47.15,102241.0
2026-09-18,TWSE,1904,正隆,24.45,25.1,24.4,25.0,1307142.0
2026-09-18,TWSE,1905,華紙,13.1,13.5,13.1,13.5,1824107.0
2026-09-18,TWSE,1906,寶隆,10.85,10.95,10.85,10.85,38036.0
2026-09-18,TWSE,1907,永豐餘,28.95,29.5,28.95,29.45,1248099.0
2026-09-18,TWSE,1909,榮成,10.1,10.4,10.1,10.3,1752256.0
2026-09-18,TWSE,2002,中鋼,18.7,18.8,18.65,18.7,17570221.0
2026-09-18,TWSE,2006,東和鋼鐵,82.1,83.3,81.9,82.5,4340270.0
2026-09-18,TWSE,2007,燁興,6.8,6.9,6.76,6.81,71544.0
2026-09-18,TWSE,2008,高興昌,31.35,31.4,30.75,30.9,22278.0
2026-09-18,TWSE,2009,第一銅,39.2,39.25,38.95,39.2,784797.0
2026-09-18,TWSE,2010,春源,21.65,21.9,21.6,21.9,666352.0
2026-09-18,TWSE,2012,春雨,14.0,14.35,14.0,14.1,87049.0
2026-09-18,TWSE,2013,中鋼構,41.3,41.7,41.3,41.35,19243.0
2026-09-18,TWSE,2014,中鴻,16.4,16.55,16.3,16.55,1131865.0
2026-09-18,TWSE,2015,豐興,63.8,64.3,63.8,64.2,59466.0
2026-09-18,TWSE,2017,官田鋼,8.73,8.81,8.7,8.74,282016.0
2026-09-18,TWSE,2020,美亞,21.45,21.55,21.4,21.5,131259.0
2026-09-18,TWSE,2022,聚亨,7.17,7.21,7.1,7.18,245712.0
2026-09-18,TWSE,2023,燁輝,13.7,13.75,13.65,13.7,748868.0
2026-09-18,TWSE,2024,志聯,12.85,12.9,12.8,12.9,23317.0
2026-09-18,TWSE,2025,千興,12.2,12.35,12.05,12.35,435184.0
2026-09-18,TWSE,2027,大成鋼,46.6,47.55,46.15,47.1,10660209.0
2026-09-18,TWSE,2028,威致,15.6,15.65,15.5,15.6,102070.0
2026-09-18,TWSE,2029,盛餘,20.65,20.85,20.65,20.85,335538.0
2026-09-18,TWSE,2030,彰源,22.6,23.55,22.6,23.5,2176915.0
2026-09-18,TWSE,2031,新光鋼,43.6,44.3,43.45,44.3,430643.0
2026-09-18,TWSE,2032,新鋼,16.65,16.9,16.65,16.85,248449.0
2026-09-18,TWSE,2033,佳大,27.95,30.85,27.8,30.85,3407460.0
2026-09-18,TWSE,2034,允強,20.85,21.1,20.55,21.05,1511513.0
2026-09-18,TWSE,2038,海光,12.1,12.1,11.9,12.1,82819.0
2026-09-18,TWSE,2049,上銀,334.0,339.0,332.0,336.0,2515565.0
2026-09-18,TWSE,2059,川湖,12400.0,12730.0,12215.0,12295.0,453913.0
2026-09-18,TWSE,2062,橋椿,18.05,18.2,18.0,18.05,200683.0
2026-09-18,TWSE,2069,運錩,23.55,24.3,23.0,24.2,1277466.0
2026-09-18,TWSE,2072,世紀風電,126.5,129.0,126.0,129.0,267657.0
2026-09-18,TWSE,2101,南港,30.0,30.45,29.9,30.35,990883.0
2026-09-18,TWSE,2102,泰豐,17.85,18.2,17.85,18.1,216489.0
2026-09-18,TWSE,2103,台橡,27.0,28.45,26.75,28.2,7673485.0
2026-09-18,TWSE,2104,國際中橡,10.4,10.85,10.4,10.75,4747256.0
2026-09-18,TWSE,2105,正新,29.95,30.3,29.9,30.1,3040799.0
2026-09-18,TWSE,2106,建大,16.5,16.7,16.5,16.65,489854.0
2026-09-18,TWSE,2107,厚生,26.6,26.9,26.55,26.85,180048.0
2026-09-18,TWSE,2108,南帝,28.2,29.25,28.05,29.0,733929.0
2026-09-18,TWSE,2109,華豐,14.85,14.85,14.75,14.8,74865.0
2026-09-18,TWSE,2114,鑫永銓,88.9,89.2,88.6,89.1,29204.0
2026-09-18,TWSE,2115,六暉-KY,23.7,24.1,23.7,23.95,95334.0
2026-09-18,TWSE,2201,裕隆,29.9,30.65,29.85,30.6,3280401.0
2026-09-18,TWSE,2204,中華,52.4,52.9,52.2,52.6,313527.0
2026-09-18,TWSE,2206,三陽工業,63.8,64.0,63.1,64.0,612614.0
2026-09-18,TWSE,2207,和泰車,522.0,532.0,522.0,532.0,243250.0
2026-09-18,TWSE,2208,台船,19.0,19.0,18.9,19.0,1057680.0
2026-09-18,TWSE,2211,長榮鋼,80.2,80.7,80.2,80.5,319773.0
2026-09-18,TWSE,2227,裕日車,45.1,45.35,45.1,45.35,42067.0
2026-09-18,TWSE,2228,劍麟,75.0,76.9,75.0,76.9,72868.0
2026-09-18,TWSE,2231,為升,89.8,91.0,89.8,90.5,87381.0
2026-09-18,TWSE,2233,宇隆,159.5,163.5,157.0,157.0,444270.0
2026-09-18,TWSE,2236,百達-KY,112.5,119.0,112.5,117.0,338198.0
2026-09-18,TWSE,2237,華德動能-創,27.2,27.45,27.0,27.25,68170.0
2026-09-18,TWSE,2239,英利-KY,19.45,19.55,18.95,19.2,231233.0
2026-09-18,TWSE,2241,艾姆勒,33.7,34.05,33.5,33.7,1362207.0
2026-09-18,TWSE,2243,宏旭-KY,48.75,49.1,47.2,49.05,227060.0
2026-09-18,TWSE,2247,汎德永業,231.0,231.0,228.5,231.0,60688.0
2026-09-18,TWSE,2248,華勝-KY,60.9,61.0,60.2,60.8,161000.0
2026-09-18,TWSE,2250,IKKA-KY,56.1,57.0,56.0,56.1,93464.0
2026-09-18,TWSE,2254,巨鎧精密-創,74.2,75.2,72.8,75.2,1708137.0
2026-09-18,TWSE,2258,鴻華先進-創,30.2,30.95,30.2,30.9,324238.0
2026-09-18,TWSE,2301,光寶科,282.0,282.5,277.0,278.0,10539679.0
2026-09-18,TWSE,2302,麗正,43.95,45.55,43.8,44.2,9551316.0
2026-09-18,TWSE,2303,聯電,144.5,149.5,142.5,147.5,256821287.0
2026-09-18,TWSE,2305,全友,52.8,54.3,52.8,54.3,7012311.0
2026-09-18,TWSE,2308,台達電,1730.0,1745.0,1685.0,1685.0,10796328.0
2026-09-18,TWSE,2312,金寶,31.3,31.7,31.0,31.0,8741145.0
2026-09-18,TWSE,2313,華通,232.5,235.0,218.0,218.5,30339891.0
2026-09-18,TWSE,2314,台揚,10.45,10.6,10.45,10.55,116924.0
2026-09-18,TWSE,2316,楠梓電,160.5,163.0,155.5,155.5,1739252.0
2026-09-18,TWSE,2317,鴻海,249.5,253.5,249.5,250.5,26522419.0
2026-09-18,TWSE,2323,中環,10.6,10.85,10.6,10.75,5535867.0
2026-09-18,TWSE,2324,仁寶,37.5,37.95,37.35,37.4,25735494.0
2026-09-18,TWSE,2327,國巨*,543.0,553.0,529.0,529.0,22992927.0
2026-09-18,TWSE,2328,廣宇,46.2,46.7,46.05,46.35,1158324.0
2026-09-18,TWSE,2329,華泰,42.75,43.35,42.4,42.9,2682148.0
2026-09-18,TWSE,2330,台積電,2405.0,2445.0,2400.0,2425.0,18116974.0
2026-09-18,TWSE,2331,精英,18.95,19.25,18.8,19.0,1586624.0
2026-09-18,TWSE,2332,友訊,19.35,19.8,19.35,19.4,6289312.0
2026-09-18,TWSE,2337,旺宏,121.5,122.5,116.5,116.5,29307672.0
2026-09-18,TWSE,2338,光罩,52.9,54.5,48.3,48.8,56292754.0
2026-09-18,TWSE,2340,台亞,33.2,34.2,32.85,32.95,2641617.0
2026-09-18,TWSE,2342,茂矽,40.55,41.6,39.5,39.6,2423589.0
2026-09-18,TWSE,2344,華邦電,177.0,180.0,170.0,170.0,120007010.0
2026-09-18,TWSE,2345,智邦,1865.0,1885.0,1790.0,1800.0,4448162.0
2026-09-18,TWSE,2347,聯強,89.3,90.0,88.9,89.5,2713697.0
2026-09-18,TWSE,2348,海悅,69.7,74.1,69.7,73.9,1013530.0
2026-09-18,TWSE,2349,錸德,10.3,10.4,10.25,10.4,1241917.0
2026-09-18,TWSE,2351,順德,238.5,240.5,235.0,238.0,3806561.0
2026-09-18,TWSE,2352,佳世達,29.2,29.35,28.75,29.0,6215571.0
2026-09-18,TWSE,2353,宏碁,32.0,32.8,32.0,32.4,19345151.0
2026-09-18,TWSE,2354,鴻準,65.9,69.0,65.9,66.3,25062428.0
2026-09-18,TWSE,2355,敬鵬,41.1,41.9,41.0,41.1,2293520.0
2026-09-18,TWSE,2356,英業達,62.1,62.5,61.5,61.5,7811109.0
2026-09-18,TWSE,2357,華碩,943.0,967.0,943.0,948.0,3407956.0
2026-09-18,TWSE,2359,所羅門,129.5,135.0,128.5,131.0,3550735.0
2026-09-18,TWSE,2360,致茂,2115.0,2160.0,2085.0,2085.0,1269378.0
2026-09-18,TWSE,2362,藍天,47.1,47.45,47.05,47.3,1275287.0
2026-09-18,TWSE,2363,矽統,52.5,53.7,52.2,52.9,6735653.0
2026-09-18,TWSE,2364,倫飛,64.6,65.7,64.5,65.0,315177.0
2026-09-18,TWSE,2365,昆盈,27.8,28.2,27.8,27.9,909951.0
2026-09-18,TWSE,2367,燿華,40.25,41.95,40.25,40.65,5741233.0
2026-09-18,TWSE,2368,金像電,1035.0,1085.0,950.0,950.0,13646634.0
2026-09-18,TWSE,2369,菱生,29.65,30.7,29.65,30.3,8084381.0
2026-09-18,TWSE,2371,大同,28.5,29.8,28.4,29.7,31989217.0
2026-09-18,TWSE,2373,震旦行,52.6,52.8,52.4,52.8,43341.0
2026-09-18,TWSE,2374,佳能,67.4,67.7,66.7,66.8,1895364.0
2026-09-18,TWSE,2375,凱美,120.5,123.5,117.5,117.5,1988463.0
2026-09-18,TWSE,2376,技嘉,353.5,357.5,351.5,355.0,4850854.0
2026-09-18,TWSE,2377,微星,154.5,157.0,153.0,153.0,6751254.0
2026-09-18,TWSE,2379,瑞昱,726.0,731.0,715.0,715.0,3100032.0
2026-09-18,TWSE,2380,虹光,16.85,16.85,15.9,16.5,410706.0
2026-09-18,TWSE,2382,廣達,341.5,346.0,340.0,344.0,16289321.0
2026-09-18,TWSE,2383,台光電,5135.0,5255.0,4635.0,4695.0,5813349.0
2026-09-18,TWSE,2385,群光,105.5,106.5,105.0,105.5,2372980.0
2026-09-18,TWSE,2387,精元,36.15,36.5,36.15,36.35,167575.0
2026-09-18,TWSE,2388,威盛,71.9,72.4,69.5,69.7,4760943.0
2026-09-18,TWSE,2390,云辰,10.2,10.25,10.05,10.25,771990.0
2026-09-18,TWSE,2392,正崴,42.0,42.9,41.95,42.1,1560844.0
2026-09-18,TWSE,2393,億光,63.3,63.9,62.6,63.2,1435863.0
2026-09-18,TWSE,2395,研華,692.0,700.0,686.0,686.0,3120413.0
2026-09-18,TWSE,2397,友通,59.5,60.8,59.1,59.9,386125.0
2026-09-18,TWSE,2399,映泰,47.45,50.8,47.25,49.0,18069855.0
2026-09-18,TWSE,2401,凌陽,24.5,24.85,24.5,24.75,2242550.0
2026-09-18,TWSE,2402,毅嘉,54.5,54.9,54.3,54.3,815040.0
2026-09-18,TWSE,2404,漢唐,1040.0,1055.0,1025.0,1030.0,636296.0
2026-09-18,TWSE,2405,輔信,14.85,15.0,14.75,14.9,1083829.0
2026-09-18,TWSE,2406,國碩,26.7,27.3,26.6,26.6,1984659.0
2026-09-18,TWSE,2408,南亞科,499.0,504.0,488.0,488.0,44996045.0
2026-09-18,TWSE,2409,友達,29.75,31.05,29.5,30.0,368721904.0
2026-09-18,TWSE,2412,中華電,143.5,145.0,143.0,145.0,15263938.0
2026-09-18,TWSE,2413,環科,54.2,55.7,51.3,53.1,17418227.0
2026-09-18,TWSE,2414,精技,52.3,52.9,52.3,52.6,121659.0
2026-09-18,TWSE,2415,錩新,27.15,27.3,26.6,26.95,126797.0
2026-09-18,TWSE,2417,圓剛,38.65,39.2,38.55,38.95,413782.0
2026-09-18,TWSE,2419,仲琦,27.6,28.1,27.35,27.9,1787710.0
2026-09-18,TWSE,2420,新巨,53.6,54.0,53.4,53.5,322778.0
2026-09-18,TWSE,2421,建準,161.0,166.5,161.0,162.0,2197326.0
2026-09-18,TWSE,2423,固緯,72.7,73.1,72.5,72.8,50341.0
2026-09-18,TWSE,2424,隴華,8.14,8.48,7.88,7.88,109468.0
2026-09-18,TWSE,2425,承啟,36.85,37.1,36.6,36.6,444296.0
2026-09-18,TWSE,2426,鼎元,101.5,103.5,95.6,96.0,62010959.0
2026-09-18,TWSE,2427,三商電,23.65,23.8,23.3,23.3,1366218.0
2026-09-18,TWSE,2428,興勤,256.0,259.5,252.0,254.5,849080.0
2026-09-18,TWSE,2429,銘旺科,31.05,31.15,30.7,31.15,81606.0
2026-09-18,TWSE,2430,燦坤,18.05,18.05,17.85,18.05,103531.0
2026-09-18,TWSE,2431,聯昌,9.81,9.95,9.81,9.92,71083.0
2026-09-18,TWSE,2432,倚天酷碁-創,27.3,27.45,27.1,27.45,16004.0
2026-09-18,TWSE,2433,互盛電,40.3,40.3,40.05,40.25,51655.0
2026-09-18,TWSE,2434,統懋,61.8,62.9,59.6,60.0,378520.0
2026-09-18,TWSE,2436,偉詮電,68.4,69.0,67.5,67.6,3054512.0
2026-09-18,TWSE,2438,翔耀,19.3,19.7,19.2,19.2,46575.0
2026-09-18,TWSE,2439,美律,78.5,79.3,78.0,79.3,1577799.0
2026-09-18,TWSE,2440,太空梭,13.9,14.2,13.9,14.2,154146.0
2026-09-18,TWSE,2441,超豐,117.5,121.0,117.0,118.5,5169729.0
2026-09-18,TWSE,2442,新美齊,14.1,14.4,14.1,14.3,1182536.0
2026-09-18,TWSE,2444,兆勁,11.65,12.5,11.65,12.2,406830.0
2026-09-18,TWSE,2449,京元電子,265.5,274.0,264.5,265.0,15860463.0
2026-09-18,TWSE,2450,神腦,28.3,28.35,28.2,28.3,89296.0
2026-09-18,TWSE,2451,創見,281.5,283.5,277.0,277.0,1966741.0
2026-09-18,TWSE,2453,凌群,56.0,56.0,54.2,54.6,787924.0
2026-09-18,TWSE,2454,聯發科,4565.0,4700.0,4500.0,4500.0,6495763.0
2026-09-18,TWSE,2455,全新,535.0,566.0,515.0,534.0,28618653.0
2026-09-18,TWSE,2457,飛宏,21.75,22.4,21.75,22.2,1173581.0
2026-09-18,TWSE,2458,義隆,128.5,130.5,128.5,129.0,904593.0
2026-09-18,TWSE,2459,敦吉,65.5,65.7,65.3,65.5,88144.0
2026-09-18,TWSE,2460,建通,28.95,29.3,28.9,29.1,292024.0
2026-09-18,TWSE,2461,光群雷,17.5,17.65,17.45,17.55,598343.0
2026-09-18,TWSE,2462,良得電,19.25,19.65,19.25,19.35,93010.0
2026-09-18,TWSE,2464,盟立,183.0,186.0,178.0,179.5,8382682.0
2026-09-18,TWSE,2465,麗臺,91.1,92.9,89.2,89.2,1832879.0
2026-09-18,TWSE,2466,冠西電,105.0,106.5,102.0,102.5,845205.0
2026-09-18,TWSE,2467,志聖,528.0,545.0,519.0,519.0,956336.0
2026-09-18,TWSE,2468,華經,43.45,44.5,41.5,41.7,9363080.0
2026-09-18,TWSE,2471,資通,51.5,52.4,51.3,52.3,320667.0
2026-09-18,TWSE,2472,立隆電,213.0,217.0,208.0,208.5,1767567.0
2026-09-18,TWSE,2474,可成,207.0,209.0,206.0,208.5,3204951.0
2026-09-18,TWSE,2476,鉅祥,118.0,120.5,117.5,119.5,774132.0
2026-09-18,TWSE,2477,美隆電,21.9,22.0,21.85,22.0,77932.0
2026-09-18,TWSE,2478,大毅,121.0,124.0,117.5,118.0,1857946.0
2026-09-18,TWSE,2480,敦陽科,161.0,161.5,160.0,161.5,278116.0
2026-09-18,TWSE,2481,強茂,174.0,174.0,161.0,163.0,67322321.0
2026-09-18,TWSE,2482,連宇,16.05,16.15,15.9,16.0,58925.0
2026-09-18,TWSE,2483,百容,31.95,32.4,31.7,32.4,503527.0
2026-09-18,TWSE,2484,希華,71.5,73.7,70.2,70.3,7728849.0
2026-09-18,TWSE,2485,兆赫,39.35,41.3,39.05,39.35,4014575.0
2026-09-18,TWSE,2486,一詮,234.5,237.0,229.0,229.0,3144822.0
2026-09-18,TWSE,2488,漢平,48.5,48.8,48.5,48.65,100516.0
2026-09-18,TWSE,2489,瑞軒,42.0,44.75,41.35,43.2,123007380.0
2026-09-18,TWSE,2491,吉祥全,40.35,41.0,40.05,40.3,1145322.0
2026-09-18,TWSE,2492,華新科,309.0,314.5,295.0,297.0,21642767.0
2026-09-18,TWSE,2493,揚博,205.0,206.5,199.0,206.5,3978826.0
2026-09-18,TWSE,2495,普安,37.45,38.1,37.4,37.5,1483284.0
2026-09-18,TWSE,2496,卓越,54.5,54.9,54.5,54.9,13004.0
2026-09-18,TWSE,2497,怡利電,43.5,43.9,43.35,43.65,466074.0
2026-09-18,TWSE,2498,宏達電,40.25,40.4,39.85,39.85,4471663.0
2026-09-18,TWSE,2501,國建,21.2,21.55,20.85,21.4,4945601.0
2026-09-18,TWSE,2504,國產,30.55,30.85,30.55,30.85,806886.0
2026-09-18,TWSE,2505,國揚,17.2,17.35,17.1,17.25,193034.0
2026-09-18,TWSE,2506,太設,8.52,8.61,8.52,8.61,184232.0
2026-09-18,TWSE,2509,全坤建,14.4,14.45,14.2,14.35,88573.0
2026-09-18,TWSE,2511,太子,8.31,8.42,8.31,8.39,975351.0
2026-09-18,TWSE,2514,龍邦,11.45,11.6,11.45,11.6,41234.0
2026-09-18,TWSE,2515,中工,11.85,12.25,11.85,12.05,12829832.0
2026-09-18,TWSE,2516,新建,14.5,14.65,14.45,14.55,78869.0
2026-09-18,TWSE,2520,冠德,36.35,37.4,36.3,37.35,2928562.0
2026-09-18,TWSE,2524,京城,33.45,34.25,33.3,34.1,105350.0
2026-09-18,TWSE,2527,宏璟,43.4,43.85,43.25,43.75,928788.0
2026-09-18,TWSE,2528,皇普,19.75,19.8,19.45,19.75,182260.0
2026-09-18,TWSE,2530,華建,19.85,20.15,19.65,20.15,587634.0
2026-09-18,TWSE,2534,宏盛,16.9,17.1,16.85,17.05,305383.0
2026-09-18,TWSE,2535,達欣工,89.7,90.0,88.9,89.7,240831.0
2026-09-18,TWSE,2536,宏普,19.2,19.55,19.1,19.45,829150.0
2026-09-18,TWSE,2537,聯上發,11.2,11.45,11.2,11.4,1021901.0
2026-09-18,TWSE,2538,基泰,8.64,8.73,8.58,8.69,249282.0
2026-09-18,TWSE,2539,櫻花建,34.15,34.4,34.1,34.4,367876.0
2026-09-18,TWSE,2540,愛山林,48.5,50.1,48.2,49.75,835096.0
2026-09-18,TWSE,2542,興富發,46.2,47.0,45.8,46.85,12055585.0
2026-09-18,TWSE,2543,皇昌,38.8,39.3,38.65,39.0,1149841.0
2026-09-18,TWSE,2545,皇翔,33.65,33.95,33.25,33.85,240156.0
2026-09-18,TWSE,2546,根基,104.5,106.5,103.5,104.0,251863.0
2026-09-18,TWSE,2547,日勝生,9.7,9.9,9.7,9.87,1293610.0
2026-09-18,TWSE,2548,華固,91.9,94.2,91.7,93.6,902582.0
2026-09-18,TWSE,2597,潤弘,170.0,173.0,169.0,172.0,351872.0
2026-09-18,TWSE,2601,益航,6.21,6.33,6.2,6.3,2344657.0
2026-09-18,TWSE,2603,長榮,236.5,242.5,236.0,242.5,8766454.0
2026-09-18,TWSE,2605,新興,36.0,37.45,35.65,37.15,14491606.0
2026-09-18,TWSE,2606,裕民,76.0,77.0,74.6,77.0,3653421.0
2026-09-18,TWSE,2607,榮運,53.2,53.5,52.9,53.4,682049.0
2026-09-18,TWSE,2608,嘉里大榮,28.9,28.95,28.75,28.9,271400.0
2026-09-18,TWSE,2609,陽明,59.8,62.0,59.8,62.0,41269391.0
2026-09-18,TWSE,2610,華航,20.1,20.35,20.05,20.35,14343844.0
2026-09-18,TWSE,2611,志信,14.25,14.35,14.15,14.3,386817.0
2026-09-18,TWSE,2612,中航,62.6,63.4,61.5,63.4,522621.0
2026-09-18,TWSE,2613,中櫃,22.05,22.35,22.0,22.3,233058.0
2026-09-18,TWSE,2614,東森,17.8,18.1,17.8,18.1,682054.0
2026-09-18,TWSE,2615,萬海,114.5,121.0,113.5,120.5,18631521.0
2026-09-18,TWSE,2616,山隆,13.3,13.4,13.25,13.3,142693.0
2026-09-18,TWSE,2617,台航,32.4,33.4,32.15,33.1,2187351.0
2026-09-18,TWSE,2618,長榮航,41.35,42.25,41.2,42.05,16921237.0
2026-09-18,TWSE,2630,亞航,47.35,47.55,46.85,47.0,600911.0
2026-09-18,TWSE,2633,台灣高鐵,25.95,26.05,25.9,26.05,3639848.0
2026-09-18,TWSE,2634,漢翔,65.0,65.2,63.9,63.9,7679237.0
2026-09-18,TWSE,2636,台驊控股,70.2,71.1,69.8,70.9,672072.0
2026-09-18,TWSE,2637,慧洋-KY,101.5,103.0,100.0,102.0,3613965.0
2026-09-18,TWSE,2642,宅配通,20.15,20.4,20.05,20.4,40037.0
2026-09-18,TWSE,2645,長榮航太,171.0,174.0,171.0,172.5,880302.0
2026-09-18,TWSE,2646,星宇航空,20.15,20.3,20.1,20.25,2867552.0
2026-09-18,TWSE,2701,萬企,10.45,10.45,10.3,10.4,106988.0
2026-09-18,TWSE,2702,華園,12.7,12.8,12.7,12.7,38762.0
2026-09-18,TWSE,2704,國賓,45.8,46.0,45.45,45.95,77539.0
2026-09-18,TWSE,2705,六福,15.3,15.4,15.15,15.35,131184.0
2026-09-18,TWSE,2706,第一店,12.15,12.2,12.1,12.15,90106.0
2026-09-18,TWSE,2707,晶華,177.0,177.5,176.5,177.0,50655.0
2026-09-18,TWSE,2712,遠雄來,13.7,13.7,13.4,13.45,22212.0
2026-09-18,TWSE,2722,夏都,21.3,21.3,21.0,21.0,31459.0
2026-09-18,TWSE,2723,美食-KY,77.5,79.7,77.5,79.1,413655.0
2026-09-18,TWSE,2727,王品,227.5,228.5,226.5,227.0,221204.0
2026-09-18,TWSE,2731,雄獅,142.5,144.0,141.5,144.0,368125.0
2026-09-18,TWSE,2739,寒舍,37.4,37.4,36.55,36.75,95345.0
2026-09-18,TWSE,2748,雲品,38.55,38.95,38.55,38.75,82739.0
2026-09-18,TWSE,2753,八方雲集,178.5,179.0,178.0,178.5,158804.0
2026-09-18,TWSE,2762,世界健身-KY,79.3,79.7,79.0,79.4,140565.0
2026-09-18,TWSE,2801,彰銀,28.95,29.75,28.85,29.6,55925715.0
2026-09-18,TWSE,2812,台中銀,19.35,19.55,19.1,19.5,27622117.0
2026-09-18,TWSE,2816,旺旺保,39.75,40.95,39.75,40.95,1080465.0
2026-09-18,TWSE,2820,華票,17.3,17.6,17.2,17.45,4405274.0
2026-09-18,TWSE,2832,台產,58.4,59.3,58.2,59.1,424403.0
2026-09-18,TWSE,2834,臺企銀,18.25,18.8,18.15,18.75,62652493.0
2026-09-18,TWSE,2836,高雄銀,12.25,12.6,12.25,12.5,4235154.0
2026-09-18,TWSE,2838,聯邦銀,21.55,21.9,21.4,21.8,3025891.0
2026-09-18,TWSE,2845,遠東銀,13.6,13.8,13.5,13.75,9361852.0
2026-09-18,TWSE,2849,安泰銀,16.0,16.05,15.8,15.95,243361.0
2026-09-18,TWSE,2850,新產,157.0,159.0,157.0,158.5,350209.0
2026-09-18,TWSE,2851,中再保,46.35,47.05,45.8,47.0,3980332.0
2026-09-18,TWSE,2852,第一保,27.85,28.15,27.8,28.15,568426.0
2026-09-18,TWSE,2855,統一證,51.8,52.7,51.4,52.5,3818844.0
2026-09-18,TWSE,2880,華南金,47.25,48.3,46.95,47.9,16181633.0
2026-09-18,TWSE,2881,富邦金,153.0,154.5,151.0,151.5,14045882.0
2026-09-18,TWSE,2882,國泰金,113.0,114.0,111.0,112.0,19698413.0
2026-09-18,TWSE,2883,凱基金,39.45,40.15,39.2,39.65,47181728.0
2026-09-18,TWSE,2884,玉山金,46.1,47.35,45.9,47.3,51011663.0
2026-09-18,TWSE,2885,元大金,69.2,69.8,68.6,69.0,24272039.0
2026-09-18,TWSE,2886,兆豐金,51.0,52.0,50.6,51.9,24220366.0
2026-09-18,TWSE,2887,台新新光金,44.45,44.8,43.7,44.05,61871541.0
2026-09-18,TWSE,2889,國票金,17.3,17.4,17.0,17.3,15773759.0
2026-09-18,TWSE,2890,永豐金,45.5,46.3,44.8,45.95,36030980.0
2026-09-18,TWSE,2891,中信金,70.8,71.7,70.1,71.2,43768969.0
2026-09-18,TWSE,2892,第一金,40.0,40.95,39.85,40.75,32824142.0
2026-09-18,TWSE,2897,王道銀行,11.2,11.3,11.1,11.25,6108209.0
2026-09-18,TWSE,2901,欣欣,22.9,23.35,22.5,22.95,51405.0
2026-09-18,TWSE,2903,遠百,21.85,22.15,21.85,22.05,699536.0
2026-09-18,TWSE,2904,匯僑,12.5,12.55,12.45,12.5,59356.0
2026-09-18,TWSE,2905,三商,18.6,18.85,18.5,18.65,1992584.0
2026-09-18,TWSE,2906,高林,13.65,13.8,13.45,13.8,224814.0
2026-09-18,TWSE,2908,特力,21.9,22.15,21.9,22.1,220261.0
2026-09-18,TWSE,2910,統領,23.4,24.0,23.4,23.4,12029.0
2026-09-18,TWSE,2911,麗嬰房,6.39,6.39,6.3,6.32,76286.0
2026-09-18,TWSE,2912,統一超,215.0,217.5,215.0,217.5,1131376.0
2026-09-18,TWSE,2913,農林,10.95,11.1,10.95,11.1,1452874.0
2026-09-18,TWSE,2915,潤泰全,56.9,58.8,56.9,58.6,3128197.0
2026-09-18,TWSE,2923,鼎固-KY,23.2,24.7,23.2,24.7,135528.0
2026-09-18,TWSE,2929,淘帝-KY,5.76,5.82,5.51,5.72,244212.0
2026-09-18,TWSE,2939,永邑-KY,19.4,21.0,19.4,21.0,11015.0
2026-09-18,TWSE,2945,三商家購,39.5,39.6,39.45,39.6,9164.0
2026-09-18,TWSE,3002,歐格,16.95,18.6,16.95,18.6,779652.0
2026-09-18,TWSE,3003,健和興,58.3,58.6,57.9,58.3,641622.0
2026-09-18,TWSE,3004,豐達科,117.5,118.0,116.0,117.0,417657.0
2026-09-18,TWSE,3005,神基,116.0,118.5,116.0,118.0,3131786.0
2026-09-18,TWSE,3006,晶豪科,281.5,285.5,276.5,278.5,11004816.0
2026-09-18,TWSE,3008,大立光,6360.0,6370.0,6020.0,6020.0,2145354.0
2026-09-18,TWSE,3010,華立,123.0,124.5,123.0,124.0,310774.0
2026-09-18,TWSE,3011,今皓,9.71,9.98,9.66,9.97,1211571.0
2026-09-18,TWSE,3013,晟銘電,83.0,84.0,82.5,82.5,431107.0
2026-09-18,TWSE,3014,聯陽,133.0,134.5,133.0,133.5,1161132.0
2026-09-18,TWSE,3015,全漢,50.9,51.8,50.9,51.4,288085.0
2026-09-18,TWSE,3016,嘉晶,116.0,122.0,113.5,115.5,24388426.0
2026-09-18,TWSE,3017,奇鋐,3285.0,3350.0,3175.0,3185.0,3034388.0
2026-09-18,TWSE,3018,隆銘綠能,11.75,11.9,11.65,11.65,48513.0
2026-09-18,TWSE,3019,亞光,138.0,139.0,135.5,136.5,2606065.0
2026-09-18,TWSE,3021,鴻名,27.35,28.05,26.25,26.3,3737746.0
2026-09-18,TWSE,3022,威強電,86.1,90.5,86.1,88.9,2348054.0
2026-09-18,TWSE,3023,信邦,323.0,326.0,317.0,317.0,641088.0
2026-09-18,TWSE,3024,憶聲,14.5,14.9,14.5,14.8,1150691.0
2026-09-18,TWSE,3025,星通,51.4,51.5,51.0,51.2,119954.0
2026-09-18,TWSE,3026,禾伸堂,778.0,822.0,758.0,760.0,13168960.0
2026-09-18,TWSE,3027,盛達,17.8,17.85,17.7,17.7,78976.0
2026-09-18,TWSE,3028,增你強,61.2,61.8,61.0,61.1,1701218.0
2026-09-18,TWSE,3029,零壹,117.0,119.0,115.5,116.0,4143030.0
2026-09-18,TWSE,3030,德律,268.0,268.0,264.0,264.0,434361.0
2026-09-18,TWSE,3031,佰鴻,24.75,26.65,24.55,26.65,3775643.0
2026-09-18,TWSE,3032,偉訓,72.0,77.0,72.0,76.1,481782.0
2026-09-18,TWSE,3033,威健,41.85,42.0,41.2,41.8,3684896.0
2026-09-18,TWSE,3034,聯詠,553.0,558.0,543.0,545.0,2264012.0
2026-09-18,TWSE,3035,智原,175.0,182.0,175.0,179.0,3654978.0
2026-09-18,TWSE,3036,文曄,193.0,206.0,193.0,204.0,18950036.0
2026-09-18,TWSE,3037,欣興,979.0,993.0,940.0,940.0,16743181.0
2026-09-18,TWSE,3038,全台,20.25,20.4,20.25,20.4,181993.0
2026-09-18,TWSE,3040,遠見,34.5,35.5,33.6,33.7,303416.0
2026-09-18,TWSE,3041,揚智,22.5,22.85,22.45,22.45,356003.0
2026-09-18,TWSE,3042,晶技,186.0,190.5,178.5,178.5,12530454.0
2026-09-18,TWSE,3043,科風,20.65,20.7,20.45,20.45,64901.0
2026-09-18,TWSE,3044,健鼎,518.0,530.0,496.5,502.0,4794495.0
2026-09-18,TWSE,3045,台灣大,124.5,124.5,122.5,124.0,5985415.0
2026-09-18,TWSE,3046,建碁,52.2,53.3,52.2,53.2,237956.0
2026-09-18,TWSE,3047,訊舟,13.7,13.85,13.6,13.85,750326.0
2026-09-18,TWSE,3048,益登,50.5,51.2,50.3,50.4,2037514.0
2026-09-18,TWSE,3049,精金,12.15,12.3,12.0,12.0,3711042.0
2026-09-18,TWSE,3050,鈺德,11.15,11.35,11.1,11.3,627565.0
2026-09-18,TWSE,3051,力特,21.5,22.15,21.5,21.7,486971.0
2026-09-18,TWSE,3052,夆典,10.3,10.4,10.2,10.35,418092.0
2026-09-18,TWSE,3054,立萬利,56.0,57.4,55.7,57.1,98330.0
2026-09-18,TWSE,3055,蔚華科,168.0,169.5,160.5,161.0,1551946.0
2026-09-18,TWSE,3056,富華新,13.6,14.05,13.6,14.05,665922.0
2026-09-18,TWSE,3057,喬鼎,16.05,16.5,16.05,16.25,123016.0
2026-09-18,TWSE,3058,立德,7.92,8.05,7.92,8.04,488639.0
2026-09-18,TWSE,3059,華晶科,37.9,38.3,37.85,38.3,1585273.0
2026-09-18,TWSE,3060,銘異,26.3,27.25,26.3,26.65,1708672.0
2026-09-18,TWSE,3062,建漢,20.8,21.25,20.8,21.2,1210172.0
2026-09-18,TWSE,3090,日電貿,164.5,166.5,159.5,160.0,2961032.0
2026-09-18,TWSE,3092,鴻碩,22.35,22.35,22.0,22.15,225911.0
2026-09-18,TWSE,3094,聯傑,44.55,47.2,44.55,47.0,11574856.0
2026-09-18,TWSE,3130,一零四,208.5,209.0,208.0,208.0,37122.0
2026-09-18,TWSE,3135,凌航,164.0,165.0,161.5,161.5,487929.0
2026-09-18,TWSE,3138,耀登,104.0,104.5,97.1,104.5,2114776.0
2026-09-18,TWSE,3149,正達,62.0,64.4,61.9,62.0,7435090.0
2026-09-18,TWSE,3150,鈺寶-創,15.65,15.65,15.0,15.0,28209.0
2026-09-18,TWSE,3164,景岳,16.0,16.0,15.8,15.8,29985.0
2026-09-18,TWSE,3167,大量,830.0,843.0,795.0,817.0,4546506.0
2026-09-18,TWSE,3168,眾福科,42.0,42.85,42.0,42.75,24359.0
2026-09-18,TWSE,3189,景碩,825.0,835.0,785.0,805.0,15730754.0
2026-09-18,TWSE,3209,全科,45.65,45.7,45.1,45.35,684299.0
2026-09-18,TWSE,3229,晟鈦,61.4,62.8,58.6,58.6,3176518.0
2026-09-18,TWSE,3231,緯創,184.0,188.5,184.0,186.5,31292426.0
2026-09-18,TWSE,3257,虹冠電,48.35,48.65,47.95,47.95,157646.0
2026-09-18,TWSE,3266,昇陽,13.85,13.95,13.8,13.9,35083.0
2026-09-18,TWSE,3296,勝德,25.7,26.1,25.6,25.75,125015.0
2026-09-18,TWSE,3305,昇貿,102.0,103.0,101.0,101.0,707312.0
2026-09-18,TWSE,3308,聯德,22.4,22.4,20.9,21.7,94672.0
2026-09-18,TWSE,3311,閎暉,38.3,38.8,37.0,37.0,2257336.0
2026-09-18,TWSE,3312,弘憶股,48.35,49.3,48.25,48.75,659940.0
2026-09-18,TWSE,3321,同泰,17.0,17.45,17.0,17.05,94602.0
2026-09-18,TWSE,3338,泰碩,65.4,67.4,64.5,66.0,831281.0
2026-09-18,TWSE,3346,麗清,19.75,20.35,19.5,20.3,572975.0
2026-09-18,TWSE,3376,新日興,176.5,179.0,175.0,175.5,2385744.0
2026-09-18,TWSE,3380,明泰,30.5,30.7,30.0,30.35,2338685.0
2026-09-18,TWSE,3406,玉晶光,1045.0,1045.0,947.0,965.0,10750888.0
2026-09-18,TWSE,3413,京鼎,279.0,282.0,278.5,281.0,661957.0
2026-09-18,TWSE,3416,融程電,162.0,163.0,160.5,161.0,117654.0
2026-09-18,TWSE,3419,譁裕,10.85,10.9,10.6,10.75,303116.0
2026-09-18,TWSE,3432,台端,14.1,14.2,14.1,14.15,20046.0
2026-09-18,TWSE,3437,榮創,18.8,20.35,18.75,20.35,3072175.0
2026-09-18,TWSE,3443,創意,6315.0,6610.0,6205.0,6500.0,2334082.0
2026-09-18,TWSE,3447,展達,27.95,28.2,27.2,27.45,131676.0
2026-09-18,TWSE,3450,聯鈞,558.0,564.0,520.0,525.0,16344584.0
2026-09-18,TWSE,3481,群創,49.05,50.2,48.5,48.5,140533721.0
2026-09-18,TWSE,3494,誠研,7.05,7.07,6.95,7.07,56533.0
2026-09-18,TWSE,3501,維熹,38.15,38.4,37.95,38.1,191341.0
2026-09-18,TWSE,3504,揚明光,80.7,81.2,78.6,78.7,1195369.0
2026-09-18,TWSE,3515,華擎,214.0,216.5,210.0,211.0,559073.0
2026-09-18,TWSE,3518,柏騰,30.35,31.85,30.35,31.1,750089.0
2026-09-18,TWSE,3528,安馳,82.0,83.6,81.4,82.2,275105.0
2026-09-18,TWSE,3530,晶相光,57.8,58.0,57.1,57.1,170438.0
2026-09-18,TWSE,3532,台勝科,449.0,474.0,432.0,441.5,9584549.0
2026-09-18,TWSE,3533,嘉澤,1520.0,1620.0,1520.0,1555.0,841164.0
2026-09-18,TWSE,3535,晶彩科,86.5,90.4,86.0,86.5,1010767.0
2026-09-18,TWSE,3543,州巧,42.8,45.1,42.8,44.3,2664852.0
2026-09-18,TWSE,3545,敦泰,50.1,50.9,50.1,50.5,490007.0
2026-09-18,TWSE,3550,聯穎,22.75,23.65,22.5,22.75,3015363.0
2026-09-18,TWSE,3557,嘉威,23.0,23.25,22.9,23.0,71249.0
2026-09-18,TWSE,3563,牧德,651.0,676.0,649.0,659.0,520685.0
2026-09-18,TWSE,3576,聯合再生,16.4,16.65,16.3,16.3,3162711.0
2026-09-18,TWSE,3583,辛耘,689.0,704.0,682.0,688.0,602536.0
2026-09-18,TWSE,3588,通嘉,51.3,52.2,51.3,51.3,174488.0
2026-09-18,TWSE,3592,瑞鼎,222.5,225.0,222.5,223.5,273009.0
2026-09-18,TWSE,3593,力銘,9.98,9.98,9.49,9.9,15108.0
2026-09-18,TWSE,3596,智易,154.5,155.5,154.0,154.0,559101.0
2026-09-18,TWSE,3605,宏致,145.0,152.5,137.5,140.0,41785207.0
2026-09-18,TWSE,3607,谷崧,13.5,13.8,13.5,13.7,401373.0
2026-09-18,TWSE,3617,碩天,245.0,249.0,243.5,243.5,415400.0
2026-09-18,TWSE,3622,洋華,45.6,46.25,45.2,45.95,404369.0
2026-09-18,TWSE,3645,達邁,69.2,69.9,68.6,68.8,649472.0
2026-09-18,TWSE,3652,精聯,34.0,34.0,33.3,33.5,110070.0
2026-09-18,TWSE,3653,健策,5400.0,5605.0,5320.0,5355.0,970920.0
2026-09-18,TWSE,3661,世芯-KY,3365.0,3430.0,3260.0,3295.0,3207956.0
2026-09-18,TWSE,3665,貿聯-KY,2035.0,2085.0,1985.0,2010.0,3284559.0
2026-09-18,TWSE,3669,圓展,32.5,32.65,32.05,32.55,106626.0
2026-09-18,TWSE,3673,TPK-KY,64.2,65.8,63.7,63.8,2864782.0
2026-09-18,TWSE,3679,新至陞,108.0,108.5,107.0,107.5,38581.0
2026-09-18,TWSE,3686,達能,14.05,14.2,14.0,14.15,62994.0
2026-09-18,TWSE,3694,海華,49.8,50.7,49.8,50.2,756525.0
2026-09-18,TWSE,3701,大眾控,40.5,42.6,40.25,41.25,1236009.0
2026-09-18,TWSE,3702,大聯大,107.5,112.0,107.0,111.0,12125324.0
2026-09-18,TWSE,3703,欣陸,19.6,20.05,19.6,19.95,847722.0
2026-09-18,TWSE,3704,合勤控,40.5,40.9,39.75,40.3,3611889.0
2026-09-18,TWSE,3705,永信,55.9,56.6,55.9,56.6,157650.0
2026-09-18,TWSE,3706,神達,79.5,80.9,79.2,80.5,7653188.0
2026-09-18,TWSE,3708,上緯投控,93.3,97.4,93.3,96.5,707669.0
2026-09-18,TWSE,3711,日月光投控,615.0,628.0,612.0,614.0,11193901.0
2026-09-18,TWSE,3712,永崴投控,20.7,20.95,20.7,20.75,778608.0
2026-09-18,TWSE,3714,富采,65.0,67.8,64.4,65.5,17654106.0
2026-09-18,TWSE,3715,定穎投控,125.0,125.5,118.5,118.5,4150799.0
2026-09-18,TWSE,3716,中化控股,34.0,34.1,33.75,33.95,331108.0
2026-09-18,TWSE,3717,聯嘉投控,22.0,23.15,21.9,22.9,3951914.0
2026-09-18,TWSE,4104,佳醫,72.0,72.2,71.8,72.2,162201.0
2026-09-18,TWSE,4106,雃博,24.3,24.4,24.15,24.4,151403.0
2026-09-18,TWSE,4108,懷特,11.2,11.5,11.2,11.45,95847.0
2026-09-18,TWSE,4119,旭富,59.9,59.9,59.0,59.2,264628.0
2026-09-18,TWSE,4133,亞諾法,20.2,20.45,20.2,20.4,100097.0
2026-09-18,TWSE,4137,麗豐-KY,77.1,77.3,76.7,77.0,95396.0
2026-09-18,TWSE,4142,國光生,17.45,17.85,17.45,17.75,1167549.0
2026-09-18,TWSE,4148,全宇生技-KY,32.9,33.4,32.45,32.5,94001.0
2026-09-18,TWSE,4155,訊映,14.8,14.9,14.7,14.85,154314.0
2026-09-18,TWSE,4164,承業醫,25.6,25.8,25.5,25.8,888175.0
2026-09-18,TWSE,4169,泰宗,150.0,153.0,147.0,147.0,106324.0
2026-09-18,TWSE,4178,永笙-KY,16.85,16.85,16.55,16.6,86387.0
2026-09-18,TWSE,4190,佐登-KY,25.35,25.7,25.35,25.7,25764.0
2026-09-18,TWSE,4195,基米-創,13.3,13.3,13.1,13.15,68396.0
2026-09-18,TWSE,4306,炎洲,14.4,14.75,14.4,14.6,1750550.0
2026-09-18,TWSE,4414,如興,8.2,8.35,8.12,8.3,176822.0
2026-09-18,TWSE,4426,利勤,7.5,7.57,7.49,7.56,116115.0
2026-09-18,TWSE,4438,廣越,55.8,57.0,55.8,56.7,73112.0
2026-09-18,TWSE,4439,冠星-KY,95.5,95.5,93.2,94.5,29234.0
2026-09-18,TWSE,4440,宜新實業,17.65,17.65,17.45,17.6,37162.0
2026-09-18,TWSE,4441,振大環球,172.0,174.5,172.0,173.0,48234.0
2026-09-18,TWSE,4526,東台,30.75,31.65,30.75,31.15,1805756.0
2026-09-18,TWSE,4532,瑞智,24.95,25.35,24.2,25.0,3898371.0
2026-09-18,TWSE,4536,拓凱,164.0,165.0,163.0,165.0,130218.0
2026-09-18,TWSE,4540,全球傳動,60.2,60.9,58.9,59.0,2342833.0
2026-09-18,TWSE,4545,銘鈺,32.7,33.15,32.65,33.15,62622.0
2026-09-18,TWSE,4551,智伸科,158.0,161.0,156.5,158.0,467163.0
2026-09-18,TWSE,4552,力達-KY,15.45,16.45,15.45,16.2,418801.0
2026-09-18,TWSE,4555,氣立,41.75,43.2,41.75,42.75,259367.0
2026-09-18,TWSE,4557,永新-KY,49.5,50.0,49.5,49.85,107557.0
2026-09-18,TWSE,4560,強信-KY,29.25,29.25,28.9,29.2,177061.0
2026-09-18,TWSE,4562,穎漢,29.55,30.45,29.55,29.7,168525.0
2026-09-18,TWSE,4564,元翎,15.85,16.05,15.75,15.8,462448.0
2026-09-18,TWSE,4566,時碩工業,64.3,65.3,64.0,64.7,737219.0
2026-09-18,TWSE,4569,六方科-KY,159.0,159.0,153.0,153.0,92827.0
2026-09-18,TWSE,4571,鈞興-KY,149.0,151.5,149.0,149.5,55325.0
2026-09-18,TWSE,4572,駐龍,141.5,141.5,139.5,141.0,15415.0
2026-09-18,TWSE,4576,大銀微系統,234.0,237.5,230.5,231.5,1365542.0
2026-09-18,TWSE,4581,光隆精密-KY,48.3,48.3,48.0,48.1,16003.0
2026-09-18,TWSE,4582,聚恆-創,22.3,22.5,22.2,22.3,54017.0
2026-09-18,TWSE,4583,台灣精銳,424.5,426.5,419.0,420.0,101526.0
2026-09-18,TWSE,4585,達明,302.0,302.0,297.5,300.0,275702.0
2026-09-18,TWSE,4588,玖鼎電力,54.9,55.2,54.2,55.0,98191.0
2026-09-18,TWSE,4590,富田-創,88.3,90.1,88.3,89.3,270459.0
2026-09-18,TWSE,4720,德淵,18.4,18.65,18.4,18.65,267246.0
2026-09-18,TWSE,4722,國精化,190.0,190.0,180.5,183.0,837745.0
2026-09-18,TWSE,4736,泰博,130.0,133.0,130.0,132.5,322400.0
2026-09-18,TWSE,4737,華廣,59.6,60.5,58.2,60.3,155714.0
2026-09-18,TWSE,4739,康普,78.8,80.2,78.3,79.7,2100657.0
2026-09-18,TWSE,4746,台耀,45.95,47.8,45.95,47.65,1154637.0
2026-09-18,TWSE,4755,三福化,115.0,115.0,113.5,114.0,126066.0
2026-09-18,TWSE,4763,材料*-KY,45.1,47.7,44.95,47.7,7501706.0
2026-09-18,TWSE,4764,雙鍵,206.5,212.0,198.0,203.5,1581667.0
2026-09-18,TWSE,4766,南寶,338.0,344.0,337.5,342.0,179460.0
2026-09-18,TWSE,4770,上品,223.5,242.5,223.5,242.0,1415362.0
2026-09-18,TWSE,4771,望隼,208.0,215.0,206.0,213.0,593144.0
2026-09-18,TWSE,4807,日成-KY,31.0,31.0,29.8,29.9,260679.0
2026-09-18,TWSE,4904,遠傳,105.5,107.0,104.0,106.5,7012403.0
2026-09-18,TWSE,4906,正文,35.75,36.65,35.75,36.1,2974549.0
2026-09-18,TWSE,4912,聯德控股-KY,91.5,93.9,89.7,92.7,686951.0
2026-09-18,TWSE,4915,致伸,65.6,65.6,63.8,63.9,5324145.0
2026-09-18,TWSE,4916,事欣科,94.9,103.0,94.9,103.0,4563455.0
2026-09-18,TWSE,4919,新唐,116.5,118.5,114.5,115.0,2095303.0
2026-09-18,TWSE,4927,泰鼎-KY,43.05,45.45,43.0,43.4,6486759.0
2026-09-18,TWSE,4930,燦星網,16.1,16.15,15.95,16.15,113425.0
2026-09-18,TWSE,4934,太極,13.55,13.9,13.5,13.75,376470.0
2026-09-18,TWSE,4935,茂林-KY,30.95,31.7,30.85,31.65,133993.0
2026-09-18,TWSE,4938,和碩,89.1,90.4,89.1,90.4,7287528.0
2026-09-18,TWSE,4942,嘉彰,31.5,31.5,31.0,31.2,114559.0
2026-09-18,TWSE,4943,康控-KY,7.59,7.59,7.15,7.36,22701.0
2026-09-18,TWSE,4949,有成精密,73.3,76.7,72.7,73.6,629154.0
2026-09-18,TWSE,4952,凌通,47.65,47.65,47.2,47.45,172696.0
2026-09-18,TWSE,4956,光鋐,36.1,38.75,35.6,38.75,8496611.0
2026-09-18,TWSE,4958,臻鼎-KY,496.0,504.0,475.0,476.0,26008525.0
2026-09-18,TWSE,4960,誠美材,20.25,22.0,20.25,22.0,7450308.0
2026-09-18,TWSE,4961,天鈺,183.0,186.0,181.0,181.0,1702024.0
2026-09-18,TWSE,4967,十銓,277.0,278.0,271.0,271.0,1803089.0
2026-09-18,TWSE,4968,立積,91.2,92.3,90.7,91.6,397661.0
2026-09-18,TWSE,4976,佳凌,36.15,36.6,35.9,35.9,927355.0
2026-09-18,TWSE,4977,眾達-KY,180.5,180.5,171.5,173.0,6116371.0
2026-09-18,TWSE,4989,榮科,61.6,62.5,59.9,59.9,3294222.0
2026-09-18,TWSE,4994,傳奇,82.6,83.9,81.5,81.5,15556.0
2026-09-18,TWSE,4999,鑫禾,17.9,17.9,17.75,17.9,62266.0
2026-09-18,TWSE,5007,三星,55.6,55.6,55.6,55.6,19177.0
2026-09-18,TWSE,5203,訊連,57.8,58.3,57.7,58.2,113822.0
2026-09-18,TWSE,5215,科嘉-KY,37.4,37.95,37.3,37.65,22903.0
2026-09-18,TWSE,5222,全訊,103.5,105.0,103.5,103.5,135731.0
2026-09-18,TWSE,5225,東科-KY,54.2,54.7,53.9,54.7,80681.0
2026-09-18,TWSE,5234,達興材料,286.5,296.0,286.0,294.0,299522.0
2026-09-18,TWSE,5236,凌陽創新,131.0,133.0,131.0,132.5,69285.0
2026-09-18,TWSE,5243,乙盛-KY,89.5,90.2,88.4,88.8,1364841.0
2026-09-18,TWSE,5244,弘凱,35.2,36.2,35.2,35.45,253798.0
2026-09-18,TWSE,5258,虹堡,42.35,42.8,42.35,42.65,326309.0
2026-09-18,TWSE,5269,祥碩,1465.0,1505.0,1455.0,1480.0,888674.0
2026-09-18,TWSE,5283,禾聯碩,53.4,53.4,52.8,53.3,39571.0
2026-09-18,TWSE,5284,jpp-KY,293.0,297.5,293.0,293.5,232501.0
2026-09-18,TWSE,5285,界霖,84.2,89.9,84.2,88.7,2105231.0
2026-09-18,TWSE,5288,豐祥-KY,185.5,192.5,185.5,188.5,165937.0
2026-09-18,TWSE,5292,華懋,212.0,219.0,211.5,216.5,103193.0
2026-09-18,TWSE,5306,桂盟,89.6,89.6,88.7,89.4,52601.0
2026-09-18,TWSE,5388,中磊,72.8,74.0,72.8,73.9,2093845.0
2026-09-18,TWSE,5434,崇越,545.0,545.0,529.0,530.0,611175.0
2026-09-18,TWSE,5469,瀚宇博,75.6,75.9,73.0,73.0,2251688.0
2026-09-18,TWSE,5471,松翰,51.3,51.6,51.0,51.1,582120.0
2026-09-18,TWSE,5484,慧友,39.8,39.95,39.3,39.4,119140.0
2026-09-18,TWSE,5515,建國,49.15,49.7,49.0,49.55,132159.0
2026-09-18,TWSE,5519,隆大,25.15,25.25,24.95,25.25,199776.0
2026-09-18,TWSE,5521,工信,10.5,10.65,10.45,10.65,1692712.0
2026-09-18,TWSE,5522,遠雄,60.4,61.4,60.2,60.7,574398.0
2026-09-18,TWSE,5525,順天,21.8,22.0,21.8,21.9,40405.0
2026-09-18,TWSE,5531,鄉林,7.11,7.37,7.1,7.26,277499.0
2026-09-18,TWSE,5533,皇鼎,13.9,13.95,13.85,13.9,159395.0
2026-09-18,TWSE,5534,長虹,72.9,74.5,72.9,74.4,329430.0
2026-09-18,TWSE,5538,東明-KY,35.75,35.75,35.0,35.25,30292.0
2026-09-18,TWSE,5546,永固-KY,15.0,15.0,14.55,14.75,13070.0
2026-09-18,TWSE,5607,遠雄港,52.6,53.4,52.3,52.9,443164.0
2026-09-18,TWSE,5608,四維航,16.5,16.9,16.3,16.9,3602684.0
2026-09-18,TWSE,5706,鳳凰,43.6,43.9,43.6,43.75,79216.0
2026-09-18,TWSE,5871,中租-KY,112.5,112.5,111.5,112.0,3409288.0
2026-09-18,TWSE,5876,上海商銀,49.75,50.0,48.85,49.95,6710336.0
2026-09-18,TWSE,5880,合庫金,27.25,27.6,27.1,27.55,20508852.0
2026-09-18,TWSE,5906,台南-KY,39.0,39.0,39.0,39.0,1157.0
2026-09-18,TWSE,5907,大洋-KY,4.92,4.92,4.83,4.88,265244.0
2026-09-18,TWSE,6005,群益證,31.05,31.55,30.95,31.3,6321704.0
2026-09-18,TWSE,6024,群益期,60.4,61.7,60.4,61.5,414249.0
2026-09-18,TWSE,6108,競國,23.2,25.15,23.2,24.3,3588253.0
2026-09-18,TWSE,6112,邁達特,48.25,49.5,48.0,48.75,3359765.0
2026-09-18,TWSE,6115,鎰勝,44.0,44.2,43.85,44.05,143494.0
2026-09-18,TWSE,6116,彩晶,14.15,14.55,13.95,13.95,18960049.0
2026-09-18,TWSE,6117,迎廣,61.3,61.9,60.9,60.9,165610.0
2026-09-18,TWSE,6120,達運,12.1,12.35,12.1,12.3,1195676.0
2026-09-18,TWSE,6128,上福,19.2,19.25,19.15,19.15,52265.0
2026-09-18,TWSE,6133,金橋,24.0,26.05,23.7,26.05,13090191.0
2026-09-18,TWSE,6136,富爾特,25.05,25.05,24.6,24.85,194694.0
2026-09-18,TWSE,6139,亞翔,711.0,722.0,696.0,696.0,2157163.0
2026-09-18,TWSE,6141,柏承,50.6,51.4,48.5,49.5,1487337.0
2026-09-18,TWSE,6142,友勁,8.97,8.97,8.8,8.83,329243.0
2026-09-18,TWSE,6152,百一,15.1,15.2,14.75,14.75,1574459.0
2026-09-18,TWSE,6153,嘉聯益,17.25,17.55,17.2,17.25,1457086.0
2026-09-18,TWSE,6155,鈞寶,56.7,57.4,55.5,55.5,620416.0
2026-09-18,TWSE,6164,華興,11.45,11.95,11.45,11.8,895115.0
2026-09-18,TWSE,6165,浪凡,48.3,48.9,48.3,48.6,268149.0
2026-09-18,TWSE,6166,凌華,111.5,114.0,111.5,112.0,866395.0
2026-09-18,TWSE,6168,宏齊,32.15,35.35,31.6,35.35,29893142.0
2026-09-18,TWSE,6176,瑞儀,92.3,94.1,92.3,93.4,1660971.0
2026-09-18,TWSE,6177,達麗,46.7,47.9,46.6,47.65,954487.0
2026-09-18,TWSE,6183,關貿,91.0,91.8,90.9,90.9,28731.0
2026-09-18,TWSE,6184,大豐電,39.5,39.55,39.35,39.55,173973.0
2026-09-18,TWSE,6189,豐藝,46.7,47.45,46.7,47.4,302563.0
2026-09-18,TWSE,6191,精成科,83.0,83.8,82.1,82.2,1747762.0
2026-09-18,TWSE,6192,巨路,110.0,111.0,110.0,110.5,100229.0
2026-09-18,TWSE,6196,帆宣,524.0,535.0,516.0,516.0,973428.0
2026-09-18,TWSE,6197,佳必琪,302.0,309.5,300.0,304.5,1462984.0
2026-09-18,TWSE,6201,亞弘電,44.45,44.85,44.35,44.8,28055.0
2026-09-18,TWSE,6202,盛群,55.0,55.5,54.2,54.3,616239.0
2026-09-18,TWSE,6205,詮欣,61.8,65.1,61.8,63.3,522047.0
2026-09-18,TWSE,6206,飛捷,139.0,142.5,138.5,141.5,1378419.0
2026-09-18,TWSE,6209,今國光,80.0,80.5,78.0,78.0,7575261.0
2026-09-18,TWSE,6213,聯茂,548.0,548.0,495.0,495.0,37381131.0
2026-09-18,TWSE,6214,精誠,192.0,193.0,190.0,193.0,1401174.0
2026-09-18,TWSE,6215,和椿,97.3,99.1,97.3,98.0,417385.0
2026-09-18,TWSE,6216,居易,19.4,19.55,19.3,19.35,183452.0
2026-09-18,TWSE,6224,聚鼎,88.5,90.2,86.5,86.5,1679467.0
2026-09-18,TWSE,6225,天瀚,59.2,63.0,58.9,60.2,173832.0
2026-09-18,TWSE,6226,光鼎,43.85,43.85,42.15,43.85,23028325.0
2026-09-18,TWSE,6230,尼得科超眾,113.0,114.0,110.5,110.5,67734.0
2026-09-18,TWSE,6235,華孚,38.0,38.1,37.85,38.0,219410.0
2026-09-18,TWSE,6239,力成,277.0,283.0,273.5,274.5,13168497.0
2026-09-18,TWSE,6243,迅杰,37.0,37.5,37.0,37.2,214469.0
2026-09-18,TWSE,6257,矽格,215.5,226.0,215.0,222.5,19035481.0
2026-09-18,TWSE,6269,台郡,65.8,66.6,63.3,63.7,2709677.0
2026-09-18,TWSE,6271,同欣電,231.0,234.0,225.0,225.0,4871036.0
2026-09-18,TWSE,6272,驊陞,28.85,28.85,26.55,27.0,439469.0
2026-09-18,TWSE,6277,宏正,76.0,78.4,76.0,78.1,294144.0
2026-09-18,TWSE,6278,台表科,185.5,190.0,183.5,184.0,2460456.0
2026-09-18,TWSE,6281,全國電,50.9,51.1,50.9,50.9,64065.0
2026-09-18,TWSE,6282,康舒,43.0,43.55,42.65,42.75,2951116.0
2026-09-18,TWSE,6283,淳安,18.0,18.0,17.8,17.9,170074.0
2026-09-18,TWSE,6285,啟碁,223.0,228.5,223.0,226.5,3711605.0
2026-09-18,TWSE,6405,悅城,37.6,41.35,37.6,41.35,610708.0
2026-09-18,TWSE,6409,旭隼,888.0,900.0,873.0,877.0,280912.0
2026-09-18,TWSE,6412,群電,74.0,74.6,73.9,74.0,423878.0
2026-09-18,TWSE,6414,樺漢,374.5,380.0,371.5,371.5,1136338.0
2026-09-18,TWSE,6415,矽力*-KY,423.0,425.0,410.5,411.0,1654266.0
2026-09-18,TWSE,6416,瑞祺電通,120.0,124.0,117.5,119.0,1252363.0
2026-09-18,TWSE,6426,統新,357.5,363.0,356.0,363.0,1230185.0
2026-09-18,TWSE,6431,光麗-KY,17.55,17.65,17.4,17.4,35307.0
2026-09-18,TWSE,6438,迅得,144.5,147.5,144.5,145.5,267450.0
2026-09-18,TWSE,6442,光聖,1615.0,1635.0,1495.0,1510.0,2347299.0
2026-09-18,TWSE,6443,元晶,23.9,24.85,23.7,23.75,3522880.0
2026-09-18,TWSE,6446,藥華藥,1210.0,1220.0,1190.0,1195.0,2713445.0
2026-09-18,TWSE,6449,鈺邦,218.0,222.0,210.0,211.5,679922.0
2026-09-18,TWSE,6451,訊芯-KY,423.0,442.0,418.0,419.0,4393185.0
2026-09-18,TWSE,6456,GIS-KY,65.3,68.0,64.6,65.1,2358821.0
2026-09-18,TWSE,6464,台數科,77.3,77.9,77.3,77.8,19054.0
2026-09-18,TWSE,6472,保瑞,417.5,428.0,414.0,425.0,835861.0
2026-09-18,TWSE,6477,安集,34.05,34.35,33.8,33.8,454355.0
2026-09-18,TWSE,6491,晶碩,392.5,401.0,391.0,401.0,505905.0
2026-09-18,TWSE,6504,南六,36.6,37.05,36.45,36.95,34020.0
2026-09-18,TWSE,6505,台塑化,81.1,87.4,80.6,86.2,36254128.0
2026-09-18,TWSE,6515,穎崴,6350.0,6595.0,6110.0,6120.0,466502.0
2026-09-18,TWSE,6525,捷敏-KY,129.5,130.5,128.5,129.0,672942.0
2026-09-18,TWSE,6526,達發,639.0,649.0,629.0,629.0,443827.0
2026-09-18,TWSE,6531,愛普*,950.0,951.0,915.0,920.0,3045428.0
2026-09-18,TWSE,6533,晶心科,232.0,251.5,232.0,251.5,2132108.0
2026-09-18,TWSE,6534,正瀚-創,91.4,91.5,90.1,90.1,16070.0
2026-09-18,TWSE,6541,泰福-KY,30.6,30.8,30.3,30.8,306578.0
2026-09-18,TWSE,6552,易華電,24.0,24.2,23.75,23.95,89734.0
2026-09-18,TWSE,6558,興能高,23.65,23.95,23.65,23.8,101473.0
2026-09-18,TWSE,6573,虹揚-KY,16.4,17.2,16.15,16.75,273661.0
2026-09-18,TWSE,6579,研揚,150.0,152.5,150.0,152.0,296375.0
2026-09-18,TWSE,6581,鋼聯,108.5,109.5,108.5,109.5,7215.0
2026-09-18,TWSE,6582,申豐,31.55,31.55,30.9,31.3,102310.0
2026-09-18,TWSE,6585,鼎基,104.0,105.5,104.0,104.5,69010.0
2026-09-18,TWSE,6589,台康生技,49.0,51.5,48.6,51.2,1508629.0
2026-09-18,TWSE,6591,動力-KY,42.0,42.65,41.9,42.65,70372.0
2026-09-18,TWSE,6592,和潤企業,59.5,59.9,59.4,59.8,158879.0
2026-09-18,TWSE,6598,ABC-KY,27.4,27.95,27.15,27.9,69275.0
2026-09-18,TWSE,6605,帝寶,136.5,137.5,134.5,136.0,1028650.0
2026-09-18,TWSE,6606,建德工業,24.85,25.45,24.85,25.05,72000.0
2026-09-18,TWSE,6614,資拓宏宇,35.9,35.9,35.5,35.65,36151.0
2026-09-18,TWSE,6625,必應,74.0,74.5,73.8,74.4,40389.0
2026-09-18,TWSE,6641,基士德-KY,16.9,17.05,16.9,17.05,14200.0
2026-09-18,TWSE,6645,金萬林-創,12.5,12.75,12.35,12.5,38382.0
2026-09-18,TWSE,6655,科定,123.0,125.0,123.0,124.5,13034.0
2026-09-18,TWSE,6657,華安,34.8,36.0,33.75,34.3,123304.0
2026-09-18,TWSE,6658,聯策,167.5,174.5,167.5,169.0,215023.0
2026-09-18,TWSE,6666,羅麗芬-KY,44.35,44.9,44.05,44.75,16500.0
2026-09-18,TWSE,6668,中揚光,42.8,45.5,42.7,44.8,3244397.0
2026-09-18,TWSE,6669,緯穎,2175.0,2260.0,2135.0,2135.0,5761930.0
2026-09-18,TWSE,6670,復盛應用,270.0,274.5,270.0,273.5,113298.0
2026-09-18,TWSE,6671,三能-KY,22.95,22.95,22.95,22.95,20000.0
2026-09-18,TWSE,6672,騰輝電子-KY,306.0,315.0,285.5,293.5,10176575.0
2026-09-18,TWSE,6674,鋐寶科技,15.75,15.8,15.65,15.65,22103.0
2026-09-18,TWSE,6689,伊雲谷,67.0,67.0,63.9,65.5,940604.0
2026-09-18,TWSE,6691,洋基工程,622.0,627.0,610.0,610.0,463671.0
2026-09-18,TWSE,6695,芯鼎,48.8,49.75,48.75,49.55,483297.0
2026-09-18,TWSE,6698,旭暉應材,32.25,32.9,31.65,31.65,115582.0
2026-09-18,TWSE,6706,惠特,148.0,160.0,140.5,145.0,12351126.0
2026-09-18,TWSE,6715,嘉基,406.0,432.0,391.5,394.0,5910220.0
2026-09-18,TWSE,6719,力智,183.0,185.5,181.0,181.0,466716.0
2026-09-18,TWSE,6722,輝創,32.0,32.4,31.95,32.4,25015.0
2026-09-18,TWSE,6742,澤米,47.5,51.2,47.0,51.2,1748558.0
2026-09-18,TWSE,6743,安普新,28.35,29.4,28.1,29.3,298656.0
2026-09-18,TWSE,6753,龍德造船,133.0,134.5,133.0,133.0,367785.0
2026-09-18,TWSE,6754,匯僑設計,42.0,42.05,40.9,41.8,44020.0
2026-09-18,TWSE,6756,威鋒電子,96.4,96.9,94.6,95.7,127700.0
2026-09-18,TWSE,6757,台灣虎航,53.2,54.0,53.0,53.4,398011.0
2026-09-18,TWSE,6768,志強-KY,62.2,63.5,62.2,62.5,463997.0
2026-09-18,TWSE,6770,力積電,70.5,72.0,70.1,71.2,119460580.0
2026-09-18,TWSE,6771,平和環保-創,42.2,43.0,41.6,42.4,68000.0
2026-09-18,TWSE,6776,展碁國際,52.0,52.3,52.0,52.0,72174.0
2026-09-18,TWSE,6781,AES-KY,1015.0,1015.0,995.0,996.0,243840.0
2026-09-18,TWSE,6782,視陽,235.0,250.0,232.5,249.0,862116.0
2026-09-18,TWSE,6789,采鈺,444.0,451.5,433.0,433.5,780066.0
2026-09-18,TWSE,6790,永豐實,38.0,38.05,37.8,38.0,112805.0
2026-09-18,TWSE,6792,詠業,58.7,59.8,58.5,59.1,21200.0
2026-09-18,TWSE,6794,向榮生技,75.9,76.0,75.0,76.0,22065.0
2026-09-18,TWSE,6796,晉弘,50.3,51.7,50.2,50.4,76000.0
2026-09-18,TWSE,6799,來頡,79.5,82.3,79.4,81.2,274151.0
2026-09-18,TWSE,6805,富世達,2095.0,2200.0,2080.0,2090.0,1107601.0
2026-09-18,TWSE,6807,峰源-KY,32.7,32.9,32.6,32.9,9000.0
2026-09-18,TWSE,6830,汎銓,541.0,548.0,509.0,512.0,1600231.0
2026-09-18,TWSE,6831,邁科,530.0,543.0,519.0,525.0,341117.0
2026-09-18,TWSE,6834,天二科技,100.0,107.0,100.0,101.5,6365386.0
2026-09-18,TWSE,6835,圓裕,31.3,31.3,30.4,30.75,33442.0
2026-09-18,TWSE,6838,台新藥,23.8,24.35,23.75,24.2,204170.0
2026-09-18,TWSE,6854,錼創科技-KY創,90.5,91.3,89.0,89.0,102356.0
2026-09-18,TWSE,6861,睿生光電,224.0,229.5,207.5,209.0,2357371.0
2026-09-18,TWSE,6862,三集瑞-KY,131.5,133.5,130.0,130.0,104147.0
2026-09-18,TWSE,6863,永道-KY,93.6,94.8,93.6,94.5,100289.0
2026-09-18,TWSE,6869,雲豹能源,64.8,68.9,64.8,68.0,769876.0
2026-09-18,TWSE,6873,泓德能源,67.9,69.5,67.2,69.4,287814.0
2026-09-18,TWSE,6885,全福生技,27.2,29.65,27.2,29.5,2011633.0
2026-09-18,TWSE,6887,寶綠特-KY,37.4,38.3,37.4,38.3,13000.0
2026-09-18,TWSE,6890,來億-KY,146.5,150.0,145.5,147.5,203250.0
2026-09-18,TWSE,6901,鑽石投資,15.3,15.5,15.15,15.5,826908.0
2026-09-18,TWSE,6902,GOGOLOOK,126.0,128.5,125.5,128.5,117869.0
2026-09-18,TWSE,6906,現觀科,81.8,82.9,81.3,81.7,25317.0
2026-09-18,TWSE,6908,宏碁遊戲-創,30.4,30.5,30.1,30.2,13100.0
2026-09-18,TWSE,6909,創控,41.7,42.7,41.45,41.7,294635.0
2026-09-18,TWSE,6914,阜爾運通,120.5,121.5,120.5,121.5,55970.0
2026-09-18,TWSE,6916,華凌,18.4,18.4,18.1,18.1,14000.0
2026-09-18,TWSE,6918,愛派司,75.0,77.0,74.0,74.9,25002.0
2026-09-18,TWSE,6919,康霈*,81.5,83.1,81.5,82.9,2593148.0
2026-09-18,TWSE,6921,嘉雨思-創,59.8,60.6,59.4,60.6,11435.0
2026-09-18,TWSE,6923,中台,76.2,76.2,75.5,76.0,42312.0
2026-09-18,TWSE,6924,榮惠-KY創,136.0,140.0,131.0,132.0,48987.0
2026-09-18,TWSE,6928,攸泰科技,46.7,47.1,45.5,46.9,47293.0
2026-09-18,TWSE,6931,青松健康,39.05,39.35,39.05,39.3,37008.0
2026-09-18,TWSE,6933,AMAX-KY,324.0,345.5,316.5,345.5,2860719.0
2026-09-18,TWSE,6934,心誠鎂,73.9,75.5,73.3,75.5,32000.0
2026-09-18,TWSE,6936,永鴻生技,32.0,32.0,31.8,31.85,4384.0
2026-09-18,TWSE,6937,天虹,294.0,301.0,291.0,291.0,534217.0
2026-09-18,TWSE,6944,兆聯實業,693.0,697.0,685.0,686.0,263225.0
2026-09-18,TWSE,6947,台鎔科技,66.8,67.7,66.7,67.1,82054.0
2026-09-18,TWSE,6949,沛爾生醫*-創,51.6,55.3,51.6,54.4,4524535.0
2026-09-18,TWSE,6951,青新-創,70.4,70.4,69.7,70.4,5113.0
2026-09-18,TWSE,6952,大武山,38.85,39.3,38.6,39.25,12025.0
2026-09-18,TWSE,6955,邦睿生技-創,96.8,96.8,96.0,96.0,16063.0
2026-09-18,TWSE,6957,裕慶-KY,260.0,280.5,260.0,274.0,692018.0
2026-09-18,TWSE,6958,日盛台駿,17.25,17.6,17.25,17.5,30141.0
2026-09-18,TWSE,6962,奕力-KY,31.0,31.15,30.7,30.9,917263.0
2026-09-18,TWSE,6965,中傑-KY,69.2,70.5,69.2,70.5,33017.0
2026-09-18,TWSE,6969,成信實業*-創,32.5,32.7,31.9,32.4,82501.0
2026-09-18,TWSE,6988,威力暘-創,11.9,12.0,11.75,11.9,64000.0
2026-09-18,TWSE,6994,富威電力,27.6,27.7,26.6,26.75,534726.0
2026-09-18,TWSE,7610,聯友金屬-創,1715.0,1810.0,1705.0,1770.0,866311.0
2026-09-18,TWSE,7631,聚賢研發-創,137.0,139.5,136.0,136.5,64225.0
2026-09-18,TWSE,7689,大鵬科CLMX,159.5,166.5,159.5,161.0,56666.0
2026-09-18,TWSE,7705,三商餐飲,30.0,30.0,29.95,29.95,34061.0
2026-09-18,TWSE,7711,永擎,560.0,565.0,556.0,565.0,613102.0
2026-09-18,TWSE,7721,微程式,62.5,62.5,60.3,60.5,91733.0
2026-09-18,TWSE,7722,LINEPAY,262.5,265.5,261.5,265.5,61089.0
2026-09-18,TWSE,7730,暉盛-創,173.5,177.5,169.0,175.5,114453.0
2026-09-18,TWSE,7732,金興精密,34.1,34.1,34.1,34.1,10000.0
2026-09-18,TWSE,7736,虎山,69.5,69.5,68.6,69.5,5017.0
2026-09-18,TWSE,7740,熙特爾-創,123.0,124.5,121.0,121.0,116521.0
2026-09-18,TWSE,7749,意騰-KY,358.0,361.5,353.0,358.0,140763.0
2026-09-18,TWSE,7750,新代,1895.0,1945.0,1875.0,1900.0,106755.0
2026-09-18,TWSE,7760,享溫馨,32.15,32.8,32.15,32.8,25160.0
2026-09-18,TWSE,7765,中華資安,236.5,236.5,228.5,231.0,387841.0
2026-09-18,TWSE,7768,頌勝科技,262.0,265.0,261.0,262.5,27666.0
2026-09-18,TWSE,7769,鴻勁,6230.0,6615.0,6055.0,6135.0,1042674.0
2026-09-18,TWSE,7780,大研生醫*,16.15,16.25,16.1,16.25,440848.0
2026-09-18,TWSE,7786,東方風能,116.5,120.5,116.0,120.5,189815.0
2026-09-18,TWSE,7788,松川精密,296.5,299.0,285.0,287.0,1085774.0
2026-09-18,TWSE,7791,皇家可口,55.2,55.8,55.2,55.8,10236.0
2026-09-18,TWSE,7795,長廣,504.0,523.0,481.0,483.0,2112780.0
2026-09-18,TWSE,7799,禾榮科,462.5,502.0,461.5,502.0,2515618.0
2026-09-18,TWSE,7803,雲象科技-創,17.8,20.0,17.5,19.3,128845.0
2026-09-18,TWSE,7818,溢泰實業,59.5,60.1,59.5,60.1,46262.0
2026-09-18,TWSE,7821,神數,38.7,39.0,38.6,38.75,42334.0
2026-09-18,TWSE,7822,倍利科,821.0,866.0,821.0,850.0,160261.0
2026-09-18,TWSE,7823,奧義賽博-KY創,79.0,81.3,79.0,80.5,22452.0
2026-09-18,TWSE,7827,漢康-KY創,149.5,150.5,149.0,150.0,152762.0
2026-09-18,TWSE,7835,永悅健康-創,20.95,21.0,20.4,21.0,27025.0
2026-09-18,TWSE,7855,和運租車,42.1,42.2,42.05,42.1,376860.0
2026-09-18,TWSE,8011,台通,15.7,15.85,15.65,15.8,188198.0
2026-09-18,TWSE,8016,矽創,279.5,281.0,276.0,276.0,379208.0
2026-09-18,TWSE,8021,尖點,458.0,481.0,446.5,450.0,10346171.0
2026-09-18,TWSE,8028,昇陽半導體,237.5,249.5,235.5,244.0,9261432.0
2026-09-18,TWSE,8033,雷虎,170.0,173.0,168.0,168.0,2003257.0
2026-09-18,TWSE,8039,台虹,278.0,279.0,256.5,257.0,22338443.0
2026-09-18,TWSE,8045,達運光電,53.1,56.6,53.1,54.6,468137.0
2026-09-18,TWSE,8046,南電,1120.0,1130.0,1060.0,1065.0,8133171.0
2026-09-18,TWSE,8070,長華*,49.5,50.7,49.5,50.1,1868960.0
2026-09-18,TWSE,8072,陞泰,27.0,27.05,26.6,26.6,127078.0
2026-09-18,TWSE,8081,致新,249.0,254.0,249.0,251.0,350702.0
2026-09-18,TWSE,8101,華冠,11.35,12.3,11.35,12.3,8120.0
2026-09-18,TWSE,8103,瀚荃,120.0,132.0,119.0,132.0,10401607.0
2026-09-18,TWSE,8104,錸寶,29.65,30.2,29.65,30.1,279750.0
2026-09-18,TWSE,8105,凌巨,14.4,14.65,14.4,14.6,1274585.0
2026-09-18,TWSE,8110,華東,43.15,44.9,42.85,43.1,8718839.0
2026-09-18,TWSE,8112,至上,83.4,83.7,82.7,82.8,5188936.0
2026-09-18,TWSE,8114,振樺電,178.0,179.5,177.0,178.5,347672.0
2026-09-18,TWSE,8131,福懋科,59.3,59.8,59.0,59.1,977299.0
2026-09-18,TWSE,8150,南茂,88.1,90.1,86.3,86.7,15264426.0
2026-09-18,TWSE,8162,微矽電子-創,59.7,61.4,59.7,60.1,133620.0
2026-09-18,TWSE,8163,達方,29.65,29.95,29.65,29.8,349519.0
2026-09-18,TWSE,8201,無敵,11.9,11.9,11.65,11.65,15845.0
2026-09-18,TWSE,8210,勤誠,892.0,903.0,887.0,891.0,882451.0
2026-09-18,TWSE,8213,志超,32.5,33.0,32.5,32.55,173174.0
2026-09-18,TWSE,8215,明基材,25.95,27.2,25.55,27.0,3835092.0
2026-09-18,TWSE,8222,寶一,34.65,35.1,34.65,35.0,194183.0
2026-09-18,TWSE,8249,菱光,38.2,38.55,38.2,38.4,154044.0
2026-09-18,TWSE,8261,富鼎,173.5,175.5,168.5,169.0,2090294.0
2026-09-18,TWSE,8271,宇瞻,211.0,213.0,204.0,204.0,2162395.0
2026-09-18,TWSE,8341,日友,74.7,74.7,74.2,74.5,103438.0
2026-09-18,TWSE,8367,建新國際,40.8,40.85,40.1,40.8,22623.0
2026-09-18,TWSE,8374,羅昇,76.9,78.0,76.8,77.3,121447.0
2026-09-18,TWSE,8404,百和興業-KY,13.7,13.75,13.55,13.6,385315.0
2026-09-18,TWSE,8411,福貞-KY,12.6,12.6,12.5,12.6,78072.0
2026-09-18,TWSE,8422,可寧衛*,26.0,26.1,25.7,25.85,6767421.0
2026-09-18,TWSE,8429,金麗-KY,5.92,5.97,5.9,5.93,186234.0
2026-09-18,TWSE,8438,昶昕,68.8,69.7,66.5,68.8,188127.0
2026-09-18,TWSE,8442,威宏-KY,45.35,46.15,45.35,46.1,25624.0
2026-09-18,TWSE,8443,阿瘦,11.2,11.2,11.15,11.2,30029.0
2026-09-18,TWSE,8454,富邦媒,242.5,249.0,242.5,249.0,353251.0
2026-09-18,TWSE,8462,柏文,158.5,161.5,158.5,161.5,44601.0
2026-09-18,TWSE,8463,潤泰材,21.05,21.15,20.5,20.9,169016.0
2026-09-18,TWSE,8464,億豐,373.5,376.0,371.5,372.5,488463.0
2026-09-18,TWSE,8466,美吉吉-KY,14.0,14.2,13.65,13.95,44004.0
2026-09-18,TWSE,8467,波力-KY,84.5,88.6,84.5,88.6,18886.0
2026-09-18,TWSE,8473,山林水,37.9,38.7,37.75,38.15,1097260.0
2026-09-18,TWSE,8476,台境*,19.45,19.9,19.45,19.9,256838.0
2026-09-18,TWSE,8478,東哥遊艇,142.5,144.0,142.0,143.5,129096.0
2026-09-18,TWSE,8481,政伸,41.1,41.1,40.8,41.0,5098.0
2026-09-18,TWSE,8482,商億-KY,46.85,47.8,46.3,47.25,32050.0
2026-09-18,TWSE,8487,愛爾達-創,70.6,71.0,70.5,71.0,22298.0
2026-09-18,TWSE,8488,吉源-KY,9.91,9.91,9.81,9.82,59000.0
2026-09-18,TWSE,8499,鼎炫-KY,252.5,254.0,251.0,251.5,38092.0
2026-09-18,TWSE,8926,台汽電,59.0,59.2,58.1,58.8,1987497.0
2026-09-18,TWSE,8940,新天地,15.1,15.1,14.65,14.75,28918.0
2026-09-18,TWSE,8996,高力,1330.0,1360.0,1285.0,1300.0,1360555.0
2026-09-18,TWSE,9103,美德醫療-DR,4.98,5.0,4.95,4.96,329692.0
2026-09-18,TWSE,9105,泰金寶-DR,8.49,8.56,8.42,8.43,10456156.0
2026-09-18,TWSE,9110,越南控-DR,2.96,2.96,2.96,2.96,2005.0
2026-09-18,TWSE,9136,巨騰-DR,9.69,9.69,9.43,9.56,93000.0
2026-09-18,TWSE,9802,鈺齊-KY,63.8,65.5,63.7,65.5,375092.0
2026-09-18,TWSE,9902,台火,13.35,13.35,13.15,13.25,164304.0
2026-09-18,TWSE,9904,寶成,24.55,24.8,24.4,24.8,14262042.0
2026-09-18,TWSE,9905,大華,21.3,21.3,20.95,21.3,138990.0
2026-09-18,TWSE,9906,欣巴巴,37.0,37.95,35.95,37.6,73513.0
2026-09-18,TWSE,9907,統一實,15.0,15.0,14.85,14.95,1698985.0
2026-09-18,TWSE,9908,大台北,29.0,29.1,28.95,29.05,152106.0
2026-09-18,TWSE,9910,豐泰,67.9,69.1,67.6,69.1,1077673.0
2026-09-18,TWSE,9911,櫻花,81.7,81.7,81.3,81.5,261066.0
2026-09-18,TWSE,9912,偉聯,13.0,13.05,12.95,13.0,14561.0
2026-09-18,TWSE,9914,美利達,67.7,68.2,67.3,67.6,1187634.0
2026-09-18,TWSE,9917,中保科,106.0,106.0,105.5,106.0,480653.0
2026-09-18,TWSE,9918,欣天然,42.75,43.25,42.7,43.2,52429.0
2026-09-18,TWSE,9919,康那香,13.9,14.15,13.9,13.95,147213.0
2026-09-18,TWSE,9921,巨大,90.6,91.0,89.5,90.0,1298284.0
2026-09-18,TWSE,9924,福興,37.75,38.1,37.75,37.95,92108.0
2026-09-18,TWSE,9925,新保,39.5,39.6,39.4,39.5,366989.0
2026-09-18,TWSE,9926,新海,49.1,49.45,49.1,49.4,10469.0
2026-09-18,TWSE,9927,泰銘,69.9,70.0,69.7,69.8,53384.0
2026-09-18,TWSE,9928,中視,17.7,17.7,17.6,17.7,19502.0
2026-09-18,TWSE,9929,秋雨,11.0,11.2,11.0,11.2,4000.0
2026-09-18,TWSE,9930,中聯資源,60.9,61.0,60.6,61.0,158323.0
2026-09-18,TWSE,9931,欣高,34.0,34.15,33.95,34.1,30239.0
2026-09-18,TWSE,9933,中鼎,43.0,43.05,42.1,42.4,2251532.0
2026-09-18,TWSE,9934,成霖,9.8,9.9,9.8,9.87,393847.0
2026-09-18,TWSE,9935,慶豐富,18.1,18.2,18.0,18.05,160423.0
2026-09-18,TWSE,9937,全國,54.1,54.4,54.1,54.4,21029.0
2026-09-18,TWSE,9938,百和,38.1,38.2,37.9,38.0,815942.0
2026-09-18,TWSE,9939,宏全,125.5,127.0,125.5,126.5,338344.0
2026-09-18,TWSE,9940,信義,19.85,20.4,19.85,20.3,220290.0
2026-09-18,TWSE,9941,裕融,81.4,81.4,80.3,80.7,898461.0
2026-09-18,TWSE,9942,茂順,114.0,114.5,113.5,114.0,32099.0
2026-09-18,TWSE,9943,好樂迪,50.7,50.8,50.6,50.8,72051.0
2026-09-18,TWSE,9944,新麗,17.2,17.25,17.1,17.25,41599.0
2026-09-18,TWSE,9945,潤泰新,28.15,28.95,28.05,28.95,10535444.0
2026-09-18,TWSE,9946,三發地產,16.85,17.05,16.75,17.0,127552.0
2026-09-18,TWSE,9955,佳龍,23.65,23.85,23.55,23.65,94689.0
2026-09-18,TWSE,9958,世紀鋼,89.2,92.5,88.9,91.9,2073073.0
2026-09-18,TPEX,1240,茂生農經,,,,,3090.0
2026-09-18,TPEX,1259,安心,64.5,68.0,63.6,68.0,91335.0
2026-09-18,TPEX,1264,德麥,244.0,246.0,244.0,244.0,25187.0
2026-09-18,TPEX,1268,漢來美食,172.5,174.0,172.5,174.0,31492.0
2026-09-18,TPEX,1294,漢田生技,51.5,51.5,51.4,51.5,15565.0
2026-09-18,TPEX,1295,生合,44.65,45.7,44.05,44.45,39403.0
2026-09-18,TPEX,1336,台翰,17.15,17.35,16.7,17.35,470091.0
2026-09-18,TPEX,1565,精華,97.5,98.0,95.5,98.0,253480.0
2026-09-18,TPEX,1569,濱川,52.0,57.0,52.0,55.5,5422427.0
2026-09-18,TPEX,1570,力肯,32.2,32.5,32.0,32.3,132068.0
2026-09-18,TPEX,1580,新麥,96.5,98.4,96.0,98.4,155107.0
2026-09-18,TPEX,1584,精剛,18.3,18.5,18.2,18.2,556862.0
2026-09-18,TPEX,1586,和勤,18.0,18.05,17.85,18.0,699699.0
2026-09-18,TPEX,1591,駿吉-KY,39.1,42.9,39.1,41.7,570191.0
2026-09-18,TPEX,1593,祺驊,31.7,32.1,31.7,31.9,28782.0
2026-09-18,TPEX,1595,川寶,66.0,67.5,64.8,65.7,576197.0
2026-09-18,TPEX,1599,宏佳騰,23.15,23.15,23.1,23.1,11852.0
2026-09-18,TPEX,1742,台蠟,17.85,17.85,17.45,17.55,46001.0
2026-09-18,TPEX,1777,生泰,73.5,74.3,73.3,74.3,40500.0
2026-09-18,TPEX,1780,立弘,25.15,25.35,24.8,25.15,53000.0
2026-09-18,TPEX,1781,合世,9.95,10.15,9.92,10.15,22288.0
2026-09-18,TPEX,1784,訊聯,58.7,59.0,58.0,58.0,146822.0
2026-09-18,TPEX,1785,光洋科,97.1,97.7,95.5,96.8,4892756.0
2026-09-18,TPEX,1788,杏昌,128.0,128.0,128.0,128.0,23030.0
2026-09-18,TPEX,1796,金穎生技,29.8,29.8,29.5,29.6,14002.0
2026-09-18,TPEX,1799,易威,28.45,29.4,28.4,28.85,138533.0
2026-09-18,TPEX,1813,寶利徠,11.25,11.35,11.25,11.35,7685.0
2026-09-18,TPEX,1815,富喬,118.0,123.0,117.5,119.5,96783757.0
2026-09-18,TPEX,2035,唐榮,27.0,27.0,27.0,27.0,1278.0
2026-09-18,TPEX,2061,風青,52.9,54.0,51.9,52.4,1974028.0
2026-09-18,TPEX,2063,世鎧,24.0,24.0,23.9,23.9,31001.0
2026-09-18,TPEX,2064,晉椿,11.75,11.75,11.75,11.75,2017.0
2026-09-18,TPEX,2065,世豐,35.25,35.45,35.05,35.15,68056.0
2026-09-18,TPEX,2066,世德,53.8,53.8,52.3,52.7,93027.0
2026-09-18,TPEX,2067,嘉鋼,5.21,5.21,5.1,5.1,7130.0
2026-09-18,TPEX,2070,精湛,62.1,62.4,61.5,61.6,113051.0
2026-09-18,TPEX,2073,雄順,,,,,0.0
2026-09-18,TPEX,2221,大甲,124.0,127.5,119.0,127.5,13593190.0
2026-09-18,TPEX,2230,泰茂,21.95,22.0,21.4,21.4,221415.0
2026-09-18,TPEX,2235,謚源,,,,,0.0
2026-09-18,TPEX,2596,綠意,35.05,35.15,34.7,35.1,74553.0
2026-09-18,TPEX,2640,大車隊,172.5,176.0,169.0,170.5,93983.0
2026-09-18,TPEX,2641,正德,17.65,17.65,17.5,17.55,1330688.0
2026-09-18,TPEX,2643,捷迅,62.5,62.6,62.5,62.5,12460.0
2026-09-18,TPEX,2718,全心投控,40.7,40.7,40.15,40.7,15189.0
2026-09-18,TPEX,2719,燦星旅,19.5,19.8,19.5,19.5,14200.0
2026-09-18,TPEX,2724,藝舍-KY,10.75,11.65,10.75,11.65,41737.0
2026-09-18,TPEX,2726,雅茗-KY,8.13,8.13,8.0,8.05,39000.0
2026-09-18,TPEX,2729,瓦城,156.0,157.0,155.5,156.5,64346.0
2026-09-18,TPEX,2732,六角,63.6,63.6,62.1,62.3,22880.0
2026-09-18,TPEX,2734,易飛網,14.55,14.75,14.5,14.5,31603.0
2026-09-18,TPEX,2736,富野,11.5,11.55,11.35,11.4,25861.0
2026-09-18,TPEX,2740,華軒,31.5,31.5,31.5,31.5,1111.0
2026-09-18,TPEX,2743,山富,54.0,54.7,53.5,54.2,99311.0
2026-09-18,TPEX,2745,五福,84.6,84.6,84.1,84.6,42665.0
2026-09-18,TPEX,2751,王座,,,,,2000.0
2026-09-18,TPEX,2752,豆府,180.0,180.0,178.0,178.0,19365.0
2026-09-18,TPEX,2754,亞洲藏壽司,69.1,69.9,68.9,68.9,24122.0
2026-09-18,TPEX,2755,揚秦,98.3,98.4,98.2,98.4,32405.0
2026-09-18,TPEX,2756,聯發國際,62.2,62.5,62.2,62.3,26317.0
2026-09-18,TPEX,2916,滿心,40.65,40.65,40.55,40.55,57268.0
2026-09-18,TPEX,2924,宏太-KY,17.95,17.95,17.95,17.95,3000.0
2026-09-18,TPEX,2926,誠品生活,30.0,30.0,29.55,30.0,21071.0
2026-09-18,TPEX,2937,集雅社,44.45,44.5,44.45,44.5,2102.0
2026-09-18,TPEX,2938,床的世界,18.05,18.15,18.05,18.1,129403.0
2026-09-18,TPEX,2941,米斯特,31.0,31.0,30.9,30.9,6000.0
2026-09-18,TPEX,2947,振宇五金,60.1,60.2,60.1,60.2,2044.0
2026-09-18,TPEX,2948,寶陞,36.95,36.95,36.85,36.85,3309.0
2026-09-18,TPEX,2949,欣新網,,,,,534.0
2026-09-18,TPEX,3064,泰偉,,,,,1.0
2026-09-18,TPEX,3066,李洲,28.55,30.75,27.5,29.9,8481410.0
2026-09-18,TPEX,3067,全域,17.0,17.0,16.45,16.9,3346.0
2026-09-18,TPEX,3071,協禧,23.4,23.4,23.25,23.4,200814.0
2026-09-18,TPEX,3073,天方能源,20.9,20.9,20.0,20.55,61102.0
2026-09-18,TPEX,3078,僑威,44.55,45.0,44.5,44.5,805842.0
2026-09-18,TPEX,3081,聯亞,2780.0,2915.0,2730.0,2880.0,3331794.0
2026-09-18,TPEX,3083,網龍,22.0,22.5,21.9,22.4,55548.0
2026-09-18,TPEX,3085,新零售,11.65,11.65,11.65,11.65,2557.0
2026-09-18,TPEX,3086,華義*,29.4,29.4,28.9,28.9,355293.0
2026-09-18,TPEX,3088,艾訊,127.5,128.0,125.5,126.5,386411.0
2026-09-18,TPEX,3093,港建*,44.25,45.05,44.2,44.75,229829.0
2026-09-18,TPEX,3095,及成,36.4,36.4,34.5,34.6,30286.0
2026-09-18,TPEX,3105,穩懋,487.5,502.0,467.0,500.0,44401092.0
2026-09-18,TPEX,3114,好德,30.6,31.25,30.6,31.15,199016.0
2026-09-18,TPEX,3115,富榮綱,8.43,8.43,7.78,7.99,55535.0
2026-09-18,TPEX,3118,進階,31.65,31.65,31.65,31.65,2259.0
2026-09-18,TPEX,3122,笙泉,24.5,24.5,24.2,24.3,15158.0
2026-09-18,TPEX,3128,昇銳,20.4,21.15,20.2,20.45,210136.0
2026-09-18,TPEX,3131,弘塑,2475.0,2475.0,2415.0,2445.0,222239.0
2026-09-18,TPEX,3141,晶宏,95.4,95.9,92.9,93.7,3863901.0
2026-09-18,TPEX,3147,大綜,234.5,244.0,234.0,242.5,1005762.0
2026-09-18,TPEX,3152,璟德,222.5,224.0,220.0,224.0,116955.0
2026-09-18,TPEX,3158,嘉實,86.0,88.5,85.2,86.2,21182.0
2026-09-18,TPEX,3162,精確,73.2,77.8,73.2,76.9,3095541.0
2026-09-18,TPEX,3163,波若威,656.0,673.0,652.0,665.0,1911009.0
2026-09-18,TPEX,3169,亞信,102.5,104.0,102.0,103.5,80863.0
2026-09-18,TPEX,3171,炎洲流通,59.4,59.8,59.4,59.6,21390.0
2026-09-18,TPEX,3176,基亞,40.0,40.0,38.2,38.2,1178404.0
2026-09-18,TPEX,3178,公準,64.0,69.0,63.6,69.0,1081791.0
2026-09-18,TPEX,3188,鑫龍騰,24.65,24.95,23.95,24.0,392117.0
2026-09-18,TPEX,3191,雲嘉南,16.55,16.65,16.55,16.65,15089.0
2026-09-18,TPEX,3205,佰研,47.0,47.0,47.0,47.0,3339.0
2026-09-18,TPEX,3206,志豐,34.75,35.3,34.75,35.0,43529.0
2026-09-18,TPEX,3207,耀勝,37.5,40.65,37.5,39.15,378605.0
2026-09-18,TPEX,3211,順達,368.0,369.0,361.5,368.0,1617498.0
2026-09-18,TPEX,3213,茂訊,125.0,125.0,123.5,124.5,80325.0
2026-09-18,TPEX,3217,優群,128.5,130.5,128.0,130.5,244414.0
2026-09-18,TPEX,3218,大學光,135.5,135.5,134.0,134.0,125978.0
2026-09-18,TPEX,3219,倚強科,83.3,89.8,82.7,89.8,592264.0
2026-09-18,TPEX,3221,台嘉碩,47.75,48.0,47.05,47.5,974322.0
2026-09-18,TPEX,3224,三顧,33.3,33.6,31.9,32.0,149159.0
2026-09-18,TPEX,3226,龍鋒,56.6,56.9,56.3,56.9,33025.0
2026-09-18,TPEX,3227,原相,184.0,186.0,182.5,186.0,646205.0
2026-09-18,TPEX,3228,金麗科,165.5,168.5,164.5,167.0,196529.0
2026-09-18,TPEX,3230,錦明,42.3,42.4,41.65,41.8,264277.0
2026-09-18,TPEX,3232,昱捷,21.1,21.4,21.05,21.15,31215.0
2026-09-18,TPEX,3234,光環,178.5,185.0,175.0,180.0,2706030.0
2026-09-18,TPEX,3236,千如,43.5,43.9,42.9,43.35,822774.0
2026-09-18,TPEX,3252,海灣,15.3,15.35,15.25,15.3,71571.0
2026-09-18,TPEX,3259,鑫創,10.75,10.8,10.7,10.75,33984.0
2026-09-18,TPEX,3260,威剛,399.5,401.5,395.0,396.5,7024044.0
2026-09-18,TPEX,3264,欣銓,251.0,268.5,250.5,268.5,29371558.0
2026-09-18,TPEX,3265,台星科,173.0,182.0,171.5,180.0,2668585.0
2026-09-18,TPEX,3268,海德威,18.1,18.7,18.1,18.5,75476.0
2026-09-18,TPEX,3272,東碩,13.95,14.1,13.9,14.1,17545.0
2026-09-18,TPEX,3276,宇環,13.8,13.95,13.8,13.95,150013.0
2026-09-18,TPEX,3284,太普高,21.1,21.1,20.15,20.35,192328.0
2026-09-18,TPEX,3285,微端,40.0,41.0,40.0,40.75,20236.0
2026-09-18,TPEX,3287,廣寰科,42.3,42.35,41.7,42.35,1079595.0
2026-09-18,TPEX,3288,點晶,20.05,20.45,19.65,20.2,27476.0
2026-09-18,TPEX,3289,宜特,134.5,137.0,134.0,136.5,602167.0
2026-09-18,TPEX,3290,東浦,46.8,47.1,46.2,46.3,1257877.0
2026-09-18,TPEX,3293,鈊象,725.0,729.0,714.0,729.0,4291321.0
2026-09-18,TPEX,3294,英濟,30.05,30.45,29.75,30.3,460514.0
2026-09-18,TPEX,3297,杭特,30.75,33.1,30.25,33.1,1088806.0
2026-09-18,TPEX,3303,岱稜,48.6,49.1,48.25,49.1,555764.0
2026-09-18,TPEX,3306,鼎天,45.05,45.15,44.8,45.0,76620.0
2026-09-18,TPEX,3310,佳穎,69.0,69.0,68.8,68.8,6035.0
2026-09-18,TPEX,3313,斐成,10.7,10.8,10.5,10.65,186071.0
2026-09-18,TPEX,3317,尼克森,55.9,56.2,55.2,56.2,675398.0
2026-09-18,TPEX,3322,建舜電,10.9,11.0,10.75,10.95,502467.0
2026-09-18,TPEX,3323,加百裕,27.75,27.75,27.15,27.2,206258.0
2026-09-18,TPEX,3324,雙鴻,1480.0,1515.0,1420.0,1480.0,8418099.0
2026-09-18,TPEX,3325,旭品,11.15,11.2,11.1,11.2,81727.0
2026-09-18,TPEX,3332,幸康,60.7,60.7,60.7,60.7,20095.0
2026-09-18,TPEX,3339,泰谷,44.9,46.9,44.5,45.35,3790577.0
2026-09-18,TPEX,3349,寶德,19.55,20.0,19.55,20.0,33254.0
2026-09-18,TPEX,3354,律勝,29.35,30.0,29.1,29.2,878287.0
2026-09-18,TPEX,3357,臺慶科,203.0,207.5,201.5,207.5,3103529.0
2026-09-18,TPEX,3360,尚立,14.65,14.8,14.55,14.8,282171.0
2026-09-18,TPEX,3362,先進光,177.0,181.5,176.5,178.5,2729760.0
2026-09-18,TPEX,3363,上詮,671.0,683.0,658.0,683.0,2703846.0
2026-09-18,TPEX,3372,典範,16.6,16.75,16.05,16.4,2316909.0
2026-09-18,TPEX,3373,熱映,16.0,16.0,15.8,15.9,32872.0
2026-09-18,TPEX,3374,精材,440.0,444.5,418.5,444.5,13851295.0
2026-09-18,TPEX,3379,彬台,27.2,27.6,27.2,27.3,43616.0
2026-09-18,TPEX,3388,崇越電,81.1,81.8,81.0,81.6,213995.0
2026-09-18,TPEX,3390,旭軟,22.0,22.25,21.75,22.2,124287.0
2026-09-18,TPEX,3402,漢科,127.0,129.0,126.5,129.0,478774.0
2026-09-18,TPEX,3430,奇鈦科,105.0,105.0,102.0,103.5,240300.0
2026-09-18,TPEX,3434,哲固,31.2,33.2,31.0,32.6,668153.0
2026-09-18,TPEX,3438,類比科,62.5,63.9,62.1,63.2,75433.0
2026-09-18,TPEX,3441,聯一光,185.0,187.0,177.0,185.5,2936940.0
2026-09-18,TPEX,3444,利機,85.1,85.1,81.8,82.2,369308.0
2026-09-18,TPEX,3455,由田,255.0,256.0,243.0,255.5,2807635.0
2026-09-18,TPEX,3465,進泰電子,29.0,29.25,29.0,29.25,9017.0
2026-09-18,TPEX,3466,德晉,23.8,24.6,23.4,24.45,307045.0
2026-09-18,TPEX,3467,台灣精材,76.0,77.4,73.4,77.4,1104912.0
2026-09-18,TPEX,3479,安勤,131.5,132.5,129.5,131.5,424364.0
2026-09-18,TPEX,3483,力致,74.8,75.2,74.1,75.2,302833.0
2026-09-18,TPEX,3484,崧騰,46.15,46.75,45.6,46.75,166332.0
2026-09-18,TPEX,3485,敘豐,202.0,202.0,197.5,198.5,51770.0
2026-09-18,TPEX,3489,森寶,22.3,23.25,22.15,22.25,84383.0
2026-09-18,TPEX,3490,單井,45.35,45.75,43.85,44.35,4612950.0
2026-09-18,TPEX,3491,昇達科,1515.0,1565.0,1475.0,1565.0,1666534.0
2026-09-18,TPEX,3492,長盛,18.95,19.0,18.95,19.0,3100.0
2026-09-18,TPEX,3498,陽程,185.5,200.0,183.0,195.0,2544352.0
2026-09-18,TPEX,3499,環天科,13.75,13.75,13.3,13.3,49937.0
2026-09-18,TPEX,3508,位速,21.7,23.75,21.65,23.75,672485.0
2026-09-18,TPEX,3511,矽瑪,18.6,19.0,18.6,19.0,239385.0
2026-09-18,TPEX,3512,皇龍,19.1,19.45,19.0,19.15,118790.0
2026-09-18,TPEX,3516,亞帝歐,25.0,25.05,25.0,25.0,137839.0
2026-09-18,TPEX,3520,華盈,17.3,17.6,17.3,17.5,350987.0
2026-09-18,TPEX,3521,台鋼建設,12.05,12.1,11.95,12.0,24413.0
2026-09-18,TPEX,3522,御嵿,13.3,13.35,13.1,13.3,160163.0
2026-09-18,TPEX,3523,迎輝,14.95,15.4,14.7,15.0,28229.0
2026-09-18,TPEX,3526,凡甲,266.0,271.0,266.0,271.0,257428.0
2026-09-18,TPEX,3527,聚積,50.2,51.0,50.0,50.0,56325.0
2026-09-18,TPEX,3529,力旺,2770.0,2890.0,2760.0,2845.0,1534528.0
2026-09-18,TPEX,3531,先益,21.25,21.25,21.25,21.25,1635.0
2026-09-18,TPEX,3537,堡達,53.3,53.5,52.8,53.3,151863.0
2026-09-18,TPEX,3540,曜越,23.15,23.4,22.8,23.35,271207.0
2026-09-18,TPEX,3541,西柏,22.0,22.2,21.85,22.15,17031.0
2026-09-18,TPEX,3546,宇峻,71.9,74.0,71.9,74.0,117197.0
2026-09-18,TPEX,3548,兆利,79.6,80.6,78.5,80.6,157399.0
2026-09-18,TPEX,3551,世禾,180.0,188.5,178.0,187.5,1562817.0
2026-09-18,TPEX,3552,同致,41.1,41.5,39.3,39.3,3733440.0
2026-09-18,TPEX,3555,博士旺,174.0,178.0,174.0,175.0,73523.0
2026-09-18,TPEX,3556,禾瑞亞,57.4,57.7,56.9,57.6,155857.0
2026-09-18,TPEX,3558,神準,123.5,124.0,121.0,121.0,205507.0
2026-09-18,TPEX,3564,其陽,49.05,51.0,48.05,49.85,446289.0
2026-09-18,TPEX,3567,逸昌,25.2,25.3,25.2,25.3,35502.0
2026-09-18,TPEX,3570,大塚,170.0,172.0,169.5,170.5,58973.0
2026-09-18,TPEX,3577,泓格,119.0,120.0,117.0,119.0,361008.0
2026-09-18,TPEX,3580,友威科,95.3,97.6,94.0,96.8,1170604.0
2026-09-18,TPEX,3581,博磊,98.2,103.0,96.3,102.0,342901.0
2026-09-18,TPEX,3587,閎康,240.0,243.5,237.5,241.5,460590.0
2026-09-18,TPEX,3594,磐儀,46.7,47.3,46.2,46.75,460795.0
2026-09-18,TPEX,3597,映興,26.25,26.25,26.2,26.25,10190.0
2026-09-18,TPEX,3609,三一東林,21.85,22.3,21.6,21.9,153850.0
2026-09-18,TPEX,3611,鼎翰,182.5,183.5,182.5,182.5,42668.0
2026-09-18,TPEX,3615,安可,36.3,37.5,36.25,36.9,1074806.0
2026-09-18,TPEX,3623,富晶通,28.65,28.65,27.75,27.75,257918.0
2026-09-18,TPEX,3624,光頡,122.0,126.5,117.0,126.0,18208909.0
2026-09-18,TPEX,3625,西勝,11.6,11.8,11.4,11.5,93435.0
2026-09-18,TPEX,3628,盈正,76.0,76.0,73.0,73.5,279443.0
2026-09-18,TPEX,3629,地心引力,,,,,0.0
2026-09-18,TPEX,3630,新鉅科,26.0,26.1,25.85,25.85,463004.0
2026-09-18,TPEX,3631,晟楠,40.6,40.85,39.55,40.15,173484.0
2026-09-18,TPEX,3632,研勤,7.2,7.2,7.08,7.08,12482.0
2026-09-18,TPEX,3646,艾恩特,24.9,24.9,24.55,24.8,35155.0
2026-09-18,TPEX,3663,鑫科,62.1,62.1,60.3,61.2,370446.0
2026-09-18,TPEX,3664,安瑞-KY,8.15,8.4,8.15,8.4,39000.0
2026-09-18,TPEX,3666,光耀,24.85,25.0,24.85,25.0,58043.0
2026-09-18,TPEX,3672,康聯訊,11.65,12.05,11.65,12.05,3103.0
2026-09-18,TPEX,3675,德微,291.0,300.0,287.0,294.0,1517569.0
2026-09-18,TPEX,3680,家登,530.0,536.0,523.0,533.0,1624937.0
2026-09-18,TPEX,3684,榮昌,54.1,54.2,54.0,54.2,20670.0
2026-09-18,TPEX,3685,元創精密,35.7,36.15,35.35,35.9,631013.0
2026-09-18,TPEX,3687,歐買尬,61.0,61.7,60.8,61.0,54541.0
2026-09-18,TPEX,3689,湧德,109.5,110.0,108.5,109.5,416471.0
2026-09-18,TPEX,3691,碩禾,96.7,98.1,95.2,97.5,234036.0
2026-09-18,TPEX,3693,營邦,717.0,721.0,693.0,704.0,1913975.0
2026-09-18,TPEX,3707,漢磊,62.6,63.3,62.0,62.9,2745802.0
2026-09-18,TPEX,3709,鑫聯大投控,63.5,63.6,62.8,63.4,540320.0
2026-09-18,TPEX,3713,新晶投控,14.25,14.25,13.9,14.1,36326.0
2026-09-18,TPEX,3718,中光電投控,64.6,67.1,64.6,67.1,3562254.0
2026-09-18,TPEX,4102,永日,18.9,19.0,18.55,18.8,29718.0
2026-09-18,TPEX,4105,東洋,78.8,78.8,78.1,78.4,588768.0
2026-09-18,TPEX,4107,邦特,112.0,112.0,111.5,112.0,63557.0
2026-09-18,TPEX,4109,加捷生醫,11.2,11.25,11.15,11.25,59341.0
2026-09-18,TPEX,4111,濟生,28.8,28.9,28.8,28.8,20368.0
2026-09-18,TPEX,4113,聯上,17.35,17.35,15.45,15.45,899216.0
2026-09-18,TPEX,4114,健喬,29.7,29.8,29.5,29.8,1004583.0
2026-09-18,TPEX,4116,明基醫,39.4,39.55,39.4,39.4,39310.0
2026-09-18,TPEX,4120,友華,45.85,45.9,45.8,45.8,23020.0
2026-09-18,TPEX,4121,優盛,12.7,12.85,12.7,12.75,42205.0
2026-09-18,TPEX,4123,晟德,30.8,30.9,30.45,30.9,1494037.0
2026-09-18,TPEX,4126,太醫,77.8,78.1,77.7,77.7,80283.0
2026-09-18,TPEX,4127,天良,60.4,61.4,59.6,61.4,188205.0
2026-09-18,TPEX,4128,中天,14.7,14.7,14.15,14.6,5209116.0
2026-09-18,TPEX,4129,聯合,82.4,83.0,82.0,83.0,206833.0
2026-09-18,TPEX,4131,浩泰,31.5,31.5,30.0,31.4,14296.0
2026-09-18,TPEX,4138,曜亞,53.9,54.0,53.7,53.9,9086.0
2026-09-18,TPEX,4139,馬光-KY,41.95,42.35,41.1,42.0,36101.0
2026-09-18,TPEX,4147,中裕,62.4,62.9,61.2,62.9,1815058.0
2026-09-18,TPEX,4153,鈺緯,31.95,31.95,31.95,31.95,12436.0
2026-09-18,TPEX,4154,樂威科-KY,11.25,11.65,11.25,11.65,58260.0
2026-09-18,TPEX,4157,太景*-KY,9.09,9.1,8.99,9.06,836083.0
2026-09-18,TPEX,4160,訊聯基因,39.05,39.15,38.95,39.15,6147.0
2026-09-18,TPEX,4161,聿新科,22.25,22.25,22.2,22.25,22877.0
2026-09-18,TPEX,4162,智擎,55.9,55.9,55.1,55.6,451265.0
2026-09-18,TPEX,4163,鐿鈦,133.5,133.5,132.0,132.5,20270.0
2026-09-18,TPEX,4166,友霖,24.7,24.7,24.3,24.5,107000.0
2026-09-18,TPEX,4167,松瑞藥,19.45,19.65,19.2,19.65,1931575.0
2026-09-18,TPEX,4168,醣聯,21.8,22.0,21.5,21.95,108978.0
2026-09-18,TPEX,4171,瑞基,16.3,16.5,16.3,16.45,47847.0
2026-09-18,TPEX,4173,久裕,17.15,17.35,17.15,17.35,36042.0
2026-09-18,TPEX,4174,浩鼎,27.55,29.3,27.2,27.2,3779111.0
2026-09-18,TPEX,4175,杏一,51.5,51.5,51.2,51.2,3734.0
2026-09-18,TPEX,4183,福永生技,13.0,13.05,13.0,13.05,8000.0
2026-09-18,TPEX,4188,安克,13.5,14.5,13.5,14.0,97879.0
2026-09-18,TPEX,4192,杏國,17.95,18.3,17.95,18.3,7056.0
2026-09-18,TPEX,4198,欣大健康,49.45,49.45,49.45,49.45,1800.0
2026-09-18,TPEX,4205,中華食,68.9,68.9,68.8,68.8,31331.0
2026-09-18,TPEX,4207,環泰,19.5,19.5,19.3,19.4,183383.0
2026-09-18,TPEX,4303,信立,35.1,36.05,35.05,35.7,778272.0
2026-09-18,TPEX,4304,勝昱,17.25,17.25,17.25,17.25,122906.0
2026-09-18,TPEX,4305,世坤,,,,,11.0
2026-09-18,TPEX,4401,東隆興,14.1,14.1,13.65,14.1,129942.0
2026-09-18,TPEX,4402,郡都開發,14.45,14.7,14.05,14.05,61008.0
2026-09-18,TPEX,4406,新昕纖,10.15,10.25,10.15,10.2,25030.0
2026-09-18,TPEX,4413,飛寶企業,,,,,0.0
2026-09-18,TPEX,4416,三圓,11.25,12.15,11.15,12.15,4794272.0
2026-09-18,TPEX,4417,金洲,50.1,50.5,49.75,50.2,160329.0
2026-09-18,TPEX,4419,皇家美食,45.65,46.8,44.7,45.95,33408.0
2026-09-18,TPEX,4420,光明,36.0,36.25,35.65,36.1,38716.0
2026-09-18,TPEX,4430,耀億,17.25,17.5,17.2,17.25,14729.0
2026-09-18,TPEX,4432,銘旺實,15.5,15.6,15.45,15.6,7209.0
2026-09-18,TPEX,4433,興采,18.15,18.15,17.95,18.1,94872.0
2026-09-18,TPEX,4442,竣邦-KY,55.0,55.4,54.5,54.5,40801.0
2026-09-18,TPEX,4502,健信,15.65,15.75,15.6,15.75,43100.0
2026-09-18,TPEX,4503,金雨,23.3,23.8,22.8,23.15,190237.0
2026-09-18,TPEX,4506,崇友,120.0,120.0,119.0,119.5,51895.0
2026-09-18,TPEX,4510,高鋒,44.55,44.55,43.75,44.45,610448.0
2026-09-18,TPEX,4513,福裕,16.45,16.9,16.1,16.2,569255.0
2026-09-18,TPEX,4523,永彰,23.75,24.85,23.75,24.75,127287.0
2026-09-18,TPEX,4527,方土霖,40.7,40.75,40.7,40.7,15301.0
2026-09-18,TPEX,4528,江興鍛,14.85,15.0,14.75,14.85,68145.0
2026-09-18,TPEX,4529,淳紳,3.46,3.46,3.44,3.44,20030.0
2026-09-18,TPEX,4530,天意能創,23.85,23.85,22.0,22.7,106837.0
2026-09-18,TPEX,4533,協易機,24.55,25.3,24.55,25.3,529219.0
2026-09-18,TPEX,4534,慶騰,28.5,30.15,28.5,29.35,695748.0
2026-09-18,TPEX,4535,至興,27.1,27.1,27.1,27.1,1000.0
2026-09-18,TPEX,4538,大詠城,17.1,17.55,17.1,17.25,24181.0
2026-09-18,TPEX,4541,晟田,57.9,62.5,57.9,62.0,2277997.0
2026-09-18,TPEX,4542,科嶠,291.0,298.0,275.0,275.0,1053627.0
2026-09-18,TPEX,4543,萬在,28.5,28.6,28.1,28.6,77950.0
2026-09-18,TPEX,4549,桓達,95.6,97.0,95.5,97.0,24294.0
2026-09-18,TPEX,4550,長佳,24.1,24.2,24.1,24.2,10060.0
2026-09-18,TPEX,4554,橙的,28.65,28.8,28.45,28.45,6261.0
2026-09-18,TPEX,4556,旭然,84.4,88.3,82.6,83.2,594982.0
2026-09-18,TPEX,4558,寶緯,17.65,17.75,17.65,17.75,4000.0
2026-09-18,TPEX,4561,健椿,41.05,41.3,40.3,41.1,87059.0
2026-09-18,TPEX,4563,百德,46.2,47.5,46.2,47.0,216435.0
2026-09-18,TPEX,4568,科際精密,39.6,39.6,39.6,39.6,1000.0
2026-09-18,TPEX,4577,達航科技,84.3,87.4,84.3,86.9,262104.0
2026-09-18,TPEX,4580,捷流閥業,81.3,81.5,81.0,81.3,44413.0
2026-09-18,TPEX,4584,君帆,,,,,150.0
2026-09-18,TPEX,4609,唐鋒,4.24,4.24,4.24,4.24,7050.0
2026-09-18,TPEX,4702,中美實,9.34,9.38,9.32,9.38,62917.0
2026-09-18,TPEX,4706,大恭,34.0,34.0,33.5,33.5,5350.0
2026-09-18,TPEX,4707,磐亞,27.0,28.25,27.0,28.0,1508099.0
2026-09-18,TPEX,4711,永純,16.5,16.55,16.45,16.45,134240.0
2026-09-18,TPEX,4714,永捷,11.75,12.45,11.5,12.1,4095806.0
2026-09-18,TPEX,4716,大立,17.1,17.15,16.7,17.0,468837.0
2026-09-18,TPEX,4721,美琪瑪,74.0,74.0,72.7,74.0,618603.0
2026-09-18,TPEX,4726,永昕,22.6,23.1,22.5,23.0,472381.0
2026-09-18,TPEX,4728,雙美,390.5,406.0,390.0,406.0,26004.0
2026-09-18,TPEX,4729,熒茂,18.65,18.85,18.55,18.85,74300.0
2026-09-18,TPEX,4735,豪展,35.85,36.1,35.85,35.95,37798.0
2026-09-18,TPEX,4741,泓瀚,39.4,39.4,37.9,38.35,94544.0
2026-09-18,TPEX,4743,合一,44.65,44.95,43.9,44.0,2199401.0
2026-09-18,TPEX,4744,皇將,30.4,30.4,29.55,29.6,193277.0
2026-09-18,TPEX,4745,合富-KY,11.65,11.75,11.55,11.75,84043.0
2026-09-18,TPEX,4747,強生*,24.05,24.3,24.05,24.05,29464.0
2026-09-18,TPEX,4749,新應材,750.0,760.0,730.0,741.0,842634.0
2026-09-18,TPEX,4754,國碳科,37.4,37.45,37.2,37.45,26080.0
2026-09-18,TPEX,4760,勤凱,261.0,266.0,260.0,265.5,262855.0
2026-09-18,TPEX,4767,誠泰科技,28.3,28.3,28.0,28.0,6039.0
2026-09-18,TPEX,4768,晶呈科技,317.0,323.5,314.0,315.0,413080.0
2026-09-18,TPEX,4772,台特化,244.5,250.0,239.5,250.0,572903.0
2026-09-18,TPEX,4806,桂田文創,9.43,9.43,9.34,9.34,4663.0
2026-09-18,TPEX,4903,聯光通,34.6,37.6,34.3,37.6,2314763.0
2026-09-18,TPEX,4905,台聯電,77.0,79.2,77.0,78.4,17245.0
2026-09-18,TPEX,4907,富宇,47.0,47.0,44.55,45.5,209176.0
2026-09-18,TPEX,4908,前鼎,240.0,248.5,232.5,243.5,7760473.0
2026-09-18,TPEX,4909,新復興,34.5,35.3,34.15,35.3,538220.0
2026-09-18,TPEX,4911,德英,28.55,29.0,28.5,29.0,24869.0
2026-09-18,TPEX,4923,力士,55.8,60.8,55.8,60.8,2269074.0
2026-09-18,TPEX,4924,欣厚-KY,13.8,15.65,13.8,15.5,591478.0
2026-09-18,TPEX,4931,新盛力,236.0,239.5,234.5,237.5,2279686.0
2026-09-18,TPEX,4933,友輝,52.3,52.4,51.5,52.0,89017.0
2026-09-18,TPEX,4939,亞電,78.5,79.3,77.2,78.3,5376883.0
2026-09-18,TPEX,4946,辣椒,89.8,91.9,89.8,90.1,9503.0
2026-09-18,TPEX,4950,金耘國際,15.6,16.0,15.6,16.0,16054.0
2026-09-18,TPEX,4951,精拓科,83.0,90.7,82.9,90.7,1107695.0
2026-09-18,TPEX,4953,緯致,120.0,123.0,119.5,123.0,405869.0
2026-09-18,TPEX,4966,譜瑞-KY,560.0,568.0,553.0,568.0,845634.0
2026-09-18,TPEX,4971,IET-KY,566.0,592.0,558.0,592.0,2256488.0
2026-09-18,TPEX,4972,湯石照明,16.25,16.3,16.15,16.3,32133.0
2026-09-18,TPEX,4973,廣穎,140.0,141.5,138.5,139.5,573789.0
2026-09-18,TPEX,4974,亞泰,70.6,71.8,70.6,71.8,131002.0
2026-09-18,TPEX,4979,華星光,578.0,611.0,571.0,611.0,10012525.0
2026-09-18,TPEX,4991,環宇-KY,450.5,474.0,450.5,474.0,7575115.0
2026-09-18,TPEX,4995,晶達,50.5,51.1,50.3,51.1,53399.0
2026-09-18,TPEX,5009,榮剛,32.55,32.55,32.0,32.0,2022536.0
2026-09-18,TPEX,5011,久陽,18.45,18.45,17.85,18.05,559444.0
2026-09-18,TPEX,5013,強新,29.2,29.4,29.2,29.2,21145.0
2026-09-18,TPEX,5014,建錩,9.81,9.97,9.77,9.88,154218.0
2026-09-18,TPEX,5015,華祺,21.35,21.7,21.3,21.7,17748.0
2026-09-18,TPEX,5016,松和,24.5,24.7,24.5,24.65,11500.0
2026-09-18,TPEX,5201,凱衛,29.45,29.45,28.4,28.8,464056.0
2026-09-18,TPEX,5202,力新,13.9,15.4,13.9,15.4,4925042.0
2026-09-18,TPEX,5205,中茂,,,,,1.0
2026-09-18,TPEX,5206,坤悅,22.8,23.2,22.25,22.3,633435.0
2026-09-18,TPEX,5209,新鼎,177.0,177.0,173.5,174.5,113430.0
2026-09-18,TPEX,5210,寶碩,29.05,30.4,29.05,29.3,833402.0
2026-09-18,TPEX,5211,蒙恬,20.5,20.6,20.45,20.55,37366.0
2026-09-18,TPEX,5212,凌網,47.4,48.65,47.4,48.6,38972.0
2026-09-18,TPEX,5213,亞昕,21.1,21.25,20.3,20.3,600988.0
2026-09-18,TPEX,5220,萬達光電,19.75,19.75,19.65,19.75,20000.0
2026-09-18,TPEX,5223,安力-KY,22.9,23.1,22.9,23.05,5096.0
2026-09-18,TPEX,5227,立凱-KY,32.75,32.75,31.5,31.6,322771.0
2026-09-18,TPEX,5228,鈺鎧,39.7,40.8,39.4,40.35,341579.0
2026-09-18,TPEX,5230,雷笛克光學,19.3,20.55,18.85,20.55,2694744.0
2026-09-18,TPEX,5245,智晶,21.3,21.3,20.6,20.7,70388.0
2026-09-18,TPEX,5251,天鉞電,30.25,32.6,29.7,31.7,1434854.0
2026-09-18,TPEX,5263,智崴,89.9,92.3,89.6,89.9,164326.0
2026-09-18,TPEX,5272,笙科,16.75,16.8,16.55,16.8,38108.0
2026-09-18,TPEX,5274,信驊,18890.0,19500.0,18870.0,19290.0,265912.0
2026-09-18,TPEX,5276,達輝-KY,18.85,18.85,17.8,18.5,3006.0
2026-09-18,TPEX,5278,尚凡*,23.8,23.95,23.55,23.85,31179.0
2026-09-18,TPEX,5287,數字,136.5,139.0,136.5,139.0,210442.0
2026-09-18,TPEX,5289,宜鼎,1290.0,1315.0,1280.0,1315.0,1288267.0
2026-09-18,TPEX,5291,邑昇,58.9,59.3,58.3,58.3,241916.0
2026-09-18,TPEX,5299,杰力,95.0,96.7,94.6,96.7,212721.0
2026-09-18,TPEX,5301,寶得利,5.08,5.25,5.08,5.17,7132.0
2026-09-18,TPEX,5302,太欣,9.77,9.82,9.7,9.75,138192.0
2026-09-18,TPEX,5309,系統電,51.1,51.5,50.6,51.5,979586.0
2026-09-18,TPEX,5310,天剛,25.0,25.0,24.8,24.8,17001.0
2026-09-18,TPEX,5312,寶島科,90.0,91.2,90.0,91.0,21236.0
2026-09-18,TPEX,5314,世紀*,28.85,30.5,28.8,30.5,126572186.0
2026-09-18,TPEX,5315,光聯,18.85,18.85,18.55,18.75,229932.0
2026-09-18,TPEX,5321,美而快,70.6,73.7,70.3,72.0,363186.0
2026-09-18,TPEX,5324,士開,12.25,12.35,12.2,12.3,114218.0
2026-09-18,TPEX,5328,華容,53.4,53.5,52.3,53.1,2025909.0
2026-09-18,TPEX,5340,建榮,82.7,86.2,82.6,83.1,3653456.0
2026-09-18,TPEX,5344,立衛,13.2,13.2,12.8,13.05,132133.0
2026-09-18,TPEX,5345,馥鴻,21.15,22.1,21.15,22.1,3223.0
2026-09-18,TPEX,5347,世界,169.0,174.0,167.0,172.0,32534327.0
2026-09-18,TPEX,5348,正能量智能,16.45,16.5,15.95,16.4,6002.0
2026-09-18,TPEX,5351,鈺創,109.0,114.0,108.0,113.5,10846550.0
2026-09-18,TPEX,5353,台林,27.75,27.8,27.5,27.6,92100.0
2026-09-18,TPEX,5355,佳總,6.93,6.99,6.82,6.99,124444.0
2026-09-18,TPEX,5356,協益,25.8,26.0,25.8,26.0,65377.0
2026-09-18,TPEX,5364,力麗店,8.32,8.45,8.32,8.35,64352.0
2026-09-18,TPEX,5381,光譜,23.6,23.8,23.1,23.1,325064.0
2026-09-18,TPEX,5386,青雲,287.0,294.0,286.0,294.0,1086874.0
2026-09-18,TPEX,5392,能率,40.5,40.5,39.65,40.2,903021.0
2026-09-18,TPEX,5398,慕康生醫,14.15,14.35,13.9,13.9,81008.0
2026-09-18,TPEX,5403,中菲,93.5,93.5,92.9,93.0,21750.0
2026-09-18,TPEX,5410,國眾,33.4,33.4,33.05,33.25,375135.0
2026-09-18,TPEX,5425,台半,93.2,94.1,92.5,92.6,7381068.0
2026-09-18,TPEX,5426,振發,29.5,29.5,29.1,29.35,636940.0
2026-09-18,TPEX,5432,新門,146.5,160.0,146.5,160.0,244374.0
2026-09-18,TPEX,5438,東友,16.4,16.45,16.25,16.3,147414.0
2026-09-18,TPEX,5439,高技,244.0,247.0,242.0,247.0,1446369.0
2026-09-18,TPEX,5443,均豪,111.0,111.5,108.0,109.0,1676279.0
2026-09-18,TPEX,5450,南良,14.85,14.85,14.4,14.6,98957.0
2026-09-18,TPEX,5452,佶優,27.35,27.35,26.55,27.3,582341.0
2026-09-18,TPEX,5455,昇益,30.5,30.5,30.5,30.5,11000.0
2026-09-18,TPEX,5457,宣德,24.95,24.95,23.3,23.3,5070077.0
2026-09-18,TPEX,5460,同協,17.9,17.9,17.2,17.4,103818.0
2026-09-18,TPEX,5464,霖宏,91.0,95.9,90.1,92.7,1179814.0
2026-09-18,TPEX,5465,富驊,26.6,26.7,26.6,26.7,515128.0
2026-09-18,TPEX,5468,凱鈺,24.6,25.1,24.6,24.8,143700.0
2026-09-18,TPEX,5474,聰泰,156.0,163.0,154.5,162.5,553616.0
2026-09-18,TPEX,5475,德宏,175.0,180.0,171.5,179.0,7910983.0
2026-09-18,TPEX,5478,智冠,97.6,97.6,97.5,97.5,58459.0
2026-09-18,TPEX,5481,新華,21.85,22.2,21.85,22.15,275166.0
2026-09-18,TPEX,5483,中美晶,187.0,190.0,180.5,187.5,19594881.0
2026-09-18,TPEX,5487,通泰,29.55,30.2,29.4,29.65,35303.0
2026-09-18,TPEX,5488,松普,12.0,12.0,11.75,11.85,252714.0
2026-09-18,TPEX,5489,彩富,40.1,41.5,40.1,41.25,38000.0
2026-09-18,TPEX,5490,同亨,25.7,25.7,25.3,25.4,227209.0
2026-09-18,TPEX,5493,三聯,87.1,87.3,85.6,86.9,130439.0
2026-09-18,TPEX,5498,凱崴,50.9,52.0,50.8,51.8,896914.0
2026-09-18,TPEX,5508,永信建,58.5,60.0,56.0,56.0,2827455.0
2026-09-18,TPEX,5511,德昌,70.9,70.9,69.6,70.3,244486.0
2026-09-18,TPEX,5512,力麒,7.8,7.83,7.49,7.49,2008599.0
2026-09-18,TPEX,5514,三豐,15.4,15.4,15.0,15.0,17302.0
2026-09-18,TPEX,5516,雙喜,11.75,12.0,11.75,11.85,22000.0
2026-09-18,TPEX,5520,力泰,82.0,82.0,82.0,82.0,1000.0
2026-09-18,TPEX,5523,豐謙,30.3,30.35,30.3,30.35,20932.0
2026-09-18,TPEX,5529,鉅陞,26.15,26.15,25.25,26.0,201783.0
2026-09-18,TPEX,5530,龍巖,50.1,50.1,48.9,48.9,517541.0
2026-09-18,TPEX,5536,聖暉*,831.0,888.0,831.0,888.0,985079.0
2026-09-18,TPEX,5543,桓鼎-KY,28.15,28.15,26.5,26.5,21292.0
2026-09-18,TPEX,5547,久舜,20.15,20.15,19.85,19.95,38986.0
2026-09-18,TPEX,5548,安倉,20.4,20.4,20.1,20.15,35036.0
2026-09-18,TPEX,5601,台聯櫃,,,,,8000.0
2026-09-18,TPEX,5603,陸海,13.7,13.7,13.45,13.5,471248.0
2026-09-18,TPEX,5604,中連,31.1,31.1,30.9,31.05,18685.0
2026-09-18,TPEX,5609,中菲行,78.6,79.2,78.5,79.2,341204.0
2026-09-18,TPEX,5701,劍湖山,4.26,4.27,4.17,4.26,42269.0
2026-09-18,TPEX,5703,亞都,13.75,13.75,13.7,13.7,13003.0
2026-09-18,TPEX,5704,老爺知,22.8,23.0,22.5,22.9,29711.0
2026-09-18,TPEX,5864,致和證,34.95,35.45,34.8,35.15,4026273.0
2026-09-18,TPEX,5878,台名,38.2,38.2,38.15,38.15,4038.0
2026-09-18,TPEX,5902,德記,,,,,117.0
2026-09-18,TPEX,5903,全家,184.0,184.5,184.0,184.5,14765.0
2026-09-18,TPEX,5904,寶雅*,71.8,72.1,71.1,72.1,6401484.0
2026-09-18,TPEX,5905,南仁湖,7.45,7.45,7.31,7.38,236051.0
2026-09-18,TPEX,6015,宏遠證,17.4,17.6,17.3,17.6,4735312.0
2026-09-18,TPEX,6016,康和證,23.0,23.1,22.5,23.0,5646306.0
2026-09-18,TPEX,6020,大展證,20.6,20.6,20.4,20.55,55066.0
2026-09-18,TPEX,6021,美好證,45.3,45.8,45.0,45.45,487956.0
2026-09-18,TPEX,6023,元大期,88.2,88.2,86.5,87.5,824333.0
2026-09-18,TPEX,6026,福邦證,15.5,15.55,15.35,15.5,1723556.0
2026-09-18,TPEX,6028,公勝保經,96.5,96.5,96.5,96.5,1240.0
2026-09-18,TPEX,6101,寬魚國際,38.4,38.4,37.9,38.4,205457.0
2026-09-18,TPEX,6103,合邦,37.95,38.95,36.8,38.95,148719.0
2026-09-18,TPEX,6104,創惟,91.5,91.6,90.4,90.4,652969.0
2026-09-18,TPEX,6109,亞元,10.35,10.6,10.2,10.4,190890.0
2026-09-18,TPEX,6111,光聚晶電,34.7,36.85,34.25,35.8,415819.0
2026-09-18,TPEX,6113,亞矽,22.2,22.5,22.15,22.3,120427.0
2026-09-18,TPEX,6114,久威,22.95,23.3,22.8,23.3,22304.0
2026-09-18,TPEX,6118,建達,15.2,15.2,15.1,15.15,50591.0
2026-09-18,TPEX,6121,新普,376.0,376.0,371.5,371.5,1885337.0
2026-09-18,TPEX,6122,擎邦,51.5,51.7,50.6,51.2,421569.0
2026-09-18,TPEX,6123,上奇,43.2,43.2,42.9,43.15,13243.0
2026-09-18,TPEX,6124,業強,26.65,27.1,26.65,27.1,5785.0
2026-09-18,TPEX,6125,廣運,48.65,50.2,48.4,50.2,545151.0
2026-09-18,TPEX,6126,信音,32.1,32.1,31.1,31.3,1225229.0
2026-09-18,TPEX,6127,九豪,49.1,49.65,48.3,48.85,1323657.0
2026-09-18,TPEX,6129,普誠,14.6,14.75,14.35,14.7,367873.0
2026-09-18,TPEX,6130,上亞科技,24.25,24.3,23.65,23.85,104356.0
2026-09-18,TPEX,6134,萬旭,28.7,28.95,28.65,28.95,46245.0
2026-09-18,TPEX,6138,茂達,272.5,277.5,271.5,276.0,552104.0
2026-09-18,TPEX,6140,訊達,20.25,21.8,20.0,21.8,1207304.0
2026-09-18,TPEX,6143,振曜,82.5,82.8,81.6,82.8,208961.0
2026-09-18,TPEX,6144,得利影,12.65,13.1,12.6,12.85,21038.0
2026-09-18,TPEX,6146,耕興,178.0,178.5,176.0,178.5,270422.0
2026-09-18,TPEX,6147,頎邦,217.0,229.0,213.0,229.0,74318325.0
2026-09-18,TPEX,6148,驊宏資,36.25,39.85,35.9,39.85,9105634.0
2026-09-18,TPEX,6150,撼訊,62.8,62.8,61.3,61.3,166625.0
2026-09-18,TPEX,6151,晉倫,34.45,35.6,34.45,35.45,241782.0
2026-09-18,TPEX,6154,順發,14.1,14.1,14.0,14.1,46583.0
2026-09-18,TPEX,6156,松上,20.7,20.85,20.5,20.65,414857.0
2026-09-18,TPEX,6158,禾昌,17.25,17.25,16.85,17.2,52973.0
2026-09-18,TPEX,6160,欣技,14.75,14.75,14.25,14.45,57132.0
2026-09-18,TPEX,6161,捷波,48.9,48.9,48.4,48.8,89939.0
2026-09-18,TPEX,6163,華電網,41.95,41.95,41.05,41.55,694071.0
2026-09-18,TPEX,6167,久正,10.25,10.35,10.15,10.3,210199.0
2026-09-18,TPEX,6169,昱泉,11.95,12.1,11.85,12.05,21230.0
2026-09-18,TPEX,6170,統振,48.3,48.3,47.85,47.9,174482.0
2026-09-18,TPEX,6171,大城地產,27.0,27.0,25.4,25.45,186390.0
2026-09-18,TPEX,6173,信昌電,309.0,314.0,300.0,314.0,18688556.0
2026-09-18,TPEX,6174,安碁,44.45,44.95,44.35,44.95,365291.0
2026-09-18,TPEX,6175,立敦,70.0,70.4,69.6,69.7,582056.0
2026-09-18,TPEX,6179,亞通,41.6,41.9,37.75,37.9,30832868.0
2026-09-18,TPEX,6180,橘子,41.0,41.0,40.7,40.7,274257.0
2026-09-18,TPEX,6182,合晶,114.5,116.5,111.0,116.0,65449670.0
2026-09-18,TPEX,6185,幃翔,12.35,12.45,12.35,12.45,60044.0
2026-09-18,TPEX,6186,新潤,30.7,31.3,29.95,29.95,3231683.0
2026-09-18,TPEX,6187,萬潤,1240.0,1255.0,1230.0,1250.0,1060111.0
2026-09-18,TPEX,6188,廣明,62.5,62.6,61.7,62.6,739449.0
2026-09-18,TPEX,6190,萬泰科,68.8,69.8,68.5,69.4,3253941.0
2026-09-18,TPEX,6194,育富,30.3,30.5,30.2,30.45,41004.0
2026-09-18,TPEX,6195,詩肯,27.7,27.7,27.7,27.7,31951.0
2026-09-18,TPEX,6198,瑞築,,,,,0.0
2026-09-18,TPEX,6199,天品,105.0,113.0,103.5,113.0,4671372.0
2026-09-18,TPEX,6203,海韻電,60.0,60.0,59.6,59.6,117406.0
2026-09-18,TPEX,6204,艾華,107.0,110.0,101.5,110.0,980424.0
2026-09-18,TPEX,6207,雷科,114.0,115.5,111.5,115.5,5464000.0
2026-09-18,TPEX,6208,日揚,74.1,75.4,73.6,75.4,124690.0
2026-09-18,TPEX,6210,慶生,16.8,17.55,16.7,17.55,29359.0
2026-09-18,TPEX,6212,理銘,32.3,32.6,32.3,32.6,14055.0
2026-09-18,TPEX,6217,中探針,165.0,178.5,165.0,178.5,5346317.0
2026-09-18,TPEX,6218,豪勉,57.2,61.6,56.1,61.6,15628932.0
2026-09-18,TPEX,6219,富旺,12.2,12.3,12.15,12.3,141732.0
2026-09-18,TPEX,6220,岳豐,25.3,25.3,25.0,25.05,263432.0
2026-09-18,TPEX,6221,晉泰,31.3,31.5,30.5,31.5,1644733.0
2026-09-18,TPEX,6222,立軒,20.55,20.85,19.1,19.6,40027.0
2026-09-18,TPEX,6223,旺矽,5625.0,5840.0,5620.0,5800.0,828095.0
2026-09-18,TPEX,6227,茂綸,138.0,139.5,130.0,132.0,2306178.0
2026-09-18,TPEX,6228,全譜,17.15,17.5,17.15,17.3,11120.0
2026-09-18,TPEX,6229,研通,23.4,23.5,23.3,23.5,30202.0
2026-09-18,TPEX,6231,系微,215.5,223.0,215.0,222.5,395647.0
2026-09-18,TPEX,6233,旺玖,20.5,20.8,20.4,20.7,318446.0
2026-09-18,TPEX,6234,高僑,35.0,38.5,35.0,38.5,1395035.0
2026-09-18,TPEX,6236,中湛,16.0,16.0,16.0,16.0,7076.0
2026-09-18,TPEX,6237,驊訊,34.0,34.5,33.6,34.0,228477.0
2026-09-18,TPEX,6240,松崗,25.05,26.15,24.95,25.0,71114.0
2026-09-18,TPEX,6241,鑫永洋,15.75,15.9,15.2,15.9,185864.0
2026-09-18,TPEX,6242,立康,34.0,34.0,33.95,33.95,5348.0
2026-09-18,TPEX,6244,茂迪,22.6,23.7,22.35,22.9,3434589.0
2026-09-18,TPEX,6245,立端,85.6,86.1,84.5,85.6,1020191.0
2026-09-18,TPEX,6246,臺龍,12.9,12.9,12.65,12.65,3005.0
2026-09-18,TPEX,6248,沛波,16.8,16.9,16.8,16.85,75335.0
2026-09-18,TPEX,6259,百徽,28.5,29.7,28.15,29.25,379550.0
2026-09-18,TPEX,6261,久元,75.8,79.4,75.8,79.2,1060656.0
2026-09-18,TPEX,6263,普萊德,157.0,158.5,155.0,157.5,118624.0
2026-09-18,TPEX,6264,富裔,6.03,6.03,6.0,6.01,92671.0
2026-09-18,TPEX,6265,方土昶,49.4,49.7,49.0,49.25,1479012.0
2026-09-18,TPEX,6266,泰詠,25.0,25.0,24.85,24.85,90621.0
2026-09-18,TPEX,6270,倍微,28.6,29.6,28.6,29.3,306696.0
2026-09-18,TPEX,6274,台燿,1365.0,1395.0,1335.0,1370.0,10688162.0
2026-09-18,TPEX,6275,元山,45.15,45.5,44.85,45.1,129082.0
2026-09-18,TPEX,6276,安鈦克,20.7,20.7,19.85,19.85,14039.0
2026-09-18,TPEX,6279,胡連,111.5,113.5,111.0,113.5,525755.0
2026-09-18,TPEX,6284,佳邦,76.3,76.3,75.5,76.0,323664.0
2026-09-18,TPEX,6290,良維,274.0,288.0,270.5,282.5,9258421.0
2026-09-18,TPEX,6291,沛亨,523.0,525.0,500.0,524.0,2481941.0
2026-09-18,TPEX,6292,迅德,66.9,67.4,66.4,67.3,351875.0
2026-09-18,TPEX,6294,智基,28.65,28.65,28.65,28.65,5305.0
2026-09-18,TPEX,6411,晶焱,78.8,78.8,77.8,78.8,219461.0
2026-09-18,TPEX,6417,韋僑,104.0,105.0,103.0,104.0,101468.0
2026-09-18,TPEX,6418,詠昇,34.55,34.7,34.5,34.55,50112.0
2026-09-18,TPEX,6419,京晨科,153.5,154.0,152.0,153.5,134702.0
2026-09-18,TPEX,6423,億而得,81.4,82.0,79.6,81.8,24089.0
2026-09-18,TPEX,6425,易發,63.7,68.5,63.7,68.2,1732811.0
2026-09-18,TPEX,6432,今展科,54.0,58.8,53.2,58.8,993100.0
2026-09-18,TPEX,6435,大中,243.5,247.0,243.5,246.0,193977.0
2026-09-18,TPEX,6441,廣錠,23.8,24.15,22.9,22.9,336228.0
2026-09-18,TPEX,6461,益得,25.25,25.65,25.05,25.2,62302.0
2026-09-18,TPEX,6462,神盾,97.8,99.2,97.1,97.1,515840.0
2026-09-18,TPEX,6465,威潤,44.3,44.3,41.5,42.5,286788.0
2026-09-18,TPEX,6469,大樹,64.3,65.4,64.0,65.4,452081.0
2026-09-18,TPEX,6470,宇智,43.3,43.3,42.55,43.0,43288.0
2026-09-18,TPEX,6474,華豫寧,35.65,35.65,35.6,35.6,20431.0
2026-09-18,TPEX,6482,弘煜科,24.7,24.8,24.1,24.15,26240.0
2026-09-18,TPEX,6485,點序,60.5,65.3,60.1,65.3,1738084.0
2026-09-18,TPEX,6486,互動,81.3,81.3,80.7,80.7,52247.0
2026-09-18,TPEX,6488,環球晶,925.0,960.0,901.0,944.0,15917459.0
2026-09-18,TPEX,6492,生華科,34.3,34.45,33.7,33.7,375267.0
2026-09-18,TPEX,6494,九齊,50.3,51.5,49.8,51.5,115294.0
2026-09-18,TPEX,6496,科懋,24.4,24.65,24.15,24.65,9461.0
2026-09-18,TPEX,6498,久禾光,66.0,67.0,65.9,66.9,106646.0
2026-09-18,TPEX,6499,益安,76.4,76.4,74.1,74.5,412556.0
2026-09-18,TPEX,6506,雙邦,18.1,18.1,18.05,18.05,35001.0
2026-09-18,TPEX,6508,惠光,25.6,27.0,25.6,26.5,267879.0
2026-09-18,TPEX,6509,聚和,46.2,46.7,45.55,46.45,1237233.0
2026-09-18,TPEX,6510,精測,3330.0,3520.0,3320.0,3520.0,483856.0
2026-09-18,TPEX,6512,啟發電,,,,,162.0
2026-09-18,TPEX,6516,勤崴國際,57.2,59.0,57.2,58.6,56184.0
2026-09-18,TPEX,6517,保勝光學,64.4,65.9,63.8,65.0,372083.0
2026-09-18,TPEX,6523,達爾膚,89.7,89.7,89.7,89.7,12527.0
2026-09-18,TPEX,6527,明達醫,75.0,75.5,73.6,74.5,23500.0
2026-09-18,TPEX,6530,創威,100.5,103.0,98.8,100.5,3073823.0
2026-09-18,TPEX,6532,瑞耘,94.5,101.5,94.5,99.3,1394685.0
2026-09-18,TPEX,6535,順藥,76.2,78.9,76.2,78.9,375633.0
2026-09-18,TPEX,6538,倉和,352.5,388.0,348.5,388.0,2425273.0
2026-09-18,TPEX,6542,隆中,42.05,42.3,41.6,41.85,7110.0
2026-09-18,TPEX,6546,正基,60.2,60.8,59.9,60.0,457725.0
2026-09-18,TPEX,6547,高端疫苗,60.5,61.0,58.5,59.7,5001707.0
2026-09-18,TPEX,6548,長科*,73.6,75.5,72.8,74.8,5422214.0
2026-09-18,TPEX,6556,勝品,61.6,61.6,61.1,61.1,3200.0
2026-09-18,TPEX,6560,欣普羅,34.25,35.8,34.25,34.85,61558.0
2026-09-18,TPEX,6561,是方,315.5,317.0,314.5,317.0,67235.0
2026-09-18,TPEX,6568,宏觀,140.5,145.0,140.5,142.5,142174.0
2026-09-18,TPEX,6569,醫揚,90.2,91.1,90.2,91.1,60876.0
2026-09-18,TPEX,6570,維田,47.35,47.5,46.85,47.45,86624.0
2026-09-18,TPEX,6574,霈方,120.0,121.5,119.5,120.5,48748.0
2026-09-18,TPEX,6576,逸達,83.1,83.2,80.4,80.4,392607.0
2026-09-18,TPEX,6577,勁豐,78.8,79.6,78.6,79.0,46150.0
2026-09-18,TPEX,6578,達邦蛋白,16.9,17.05,16.8,16.95,76108.0
2026-09-18,TPEX,6584,南俊國際,560.0,576.0,554.0,576.0,903472.0
2026-09-18,TPEX,6588,東典光電,119.5,122.5,116.0,117.5,3951257.0
2026-09-18,TPEX,6590,普鴻,65.5,69.8,65.5,68.3,56806.0
2026-09-18,TPEX,6593,台灣銘板,31.3,32.0,31.3,31.85,16852.0
2026-09-18,TPEX,6596,寬宏藝術,95.9,97.0,95.6,97.0,76378.0
2026-09-18,TPEX,6597,立誠,68.0,70.1,67.0,70.1,14250.0
2026-09-18,TPEX,6603,富強鑫,28.35,30.0,27.95,28.55,9201369.0
2026-09-18,TPEX,6609,瀧澤科,39.1,39.2,38.85,39.1,72735.0
2026-09-18,TPEX,6612,奈米醫材,71.3,71.8,71.0,71.0,12301.0
2026-09-18,TPEX,6613,朋億*,262.5,271.0,262.5,270.0,336859.0
2026-09-18,TPEX,6615,慧智,33.6,33.9,33.6,33.85,8661.0
2026-09-18,TPEX,6616,特昇-KY,8.36,8.5,8.2,8.5,17000.0
2026-09-18,TPEX,6617,共信-KY,143.0,144.5,139.5,143.0,911558.0
2026-09-18,TPEX,6620,漢達,147.0,155.0,140.5,149.0,10392690.0
2026-09-18,TPEX,6624,萬年清,39.2,39.2,38.0,38.0,14381.0
2026-09-18,TPEX,6629,泰金-KY,104.5,104.5,102.0,104.0,12000.0
2026-09-18,TPEX,6637,醫影,54.1,54.6,54.0,54.6,10100.0
2026-09-18,TPEX,6640,均華,1140.0,1205.0,1140.0,1180.0,524994.0
2026-09-18,TPEX,6642,富致,76.6,78.5,76.1,78.2,139947.0
2026-09-18,TPEX,6643,M31,450.0,458.0,439.5,458.0,957514.0
2026-09-18,TPEX,6649,台生材,35.75,35.75,35.75,35.75,62072.0
2026-09-18,TPEX,6651,全宇昕,149.0,149.0,143.0,146.5,184047.0
2026-09-18,TPEX,6654,天正國際,200.0,201.5,196.0,197.5,38853.0
2026-09-18,TPEX,6661,威健生技,16.75,16.75,16.15,16.65,6000.0
2026-09-18,TPEX,6662,樂斯科,28.0,28.5,27.8,28.5,6000.0
2026-09-18,TPEX,6664,群翊,338.0,340.0,333.0,339.5,190658.0
2026-09-18,TPEX,6667,信紘科,242.0,262.0,242.0,262.0,1532973.0
2026-09-18,TPEX,6679,鈺太,198.0,198.5,196.5,197.5,192966.0
2026-09-18,TPEX,6680,鑫創電子,,,,,1081.0
2026-09-18,TPEX,6683,雍智科技,1600.0,1670.0,1570.0,1670.0,2958626.0
2026-09-18,TPEX,6684,安格,47.8,49.45,47.6,49.05,121216.0
2026-09-18,TPEX,6690,安碁資訊,179.0,190.0,178.5,186.5,551958.0
2026-09-18,TPEX,6692,進能服,23.8,24.0,23.05,23.55,12511.0
2026-09-18,TPEX,6693,廣閎科,183.0,186.5,180.5,183.5,1088155.0
2026-09-18,TPEX,6697,東捷資訊,41.0,41.8,41.0,41.55,44049.0
2026-09-18,TPEX,6703,軒郁,100.0,101.0,99.9,101.0,15686.0
2026-09-18,TPEX,6708,天擎,39.85,39.95,38.5,39.7,69346.0
2026-09-18,TPEX,6712,長聖,159.5,159.5,157.5,158.5,268657.0
2026-09-18,TPEX,6716,應廣,120.0,121.0,117.5,119.5,707124.0
2026-09-18,TPEX,6720,久昌,128.0,130.5,127.0,129.0,98422.0
2026-09-18,TPEX,6721,信實,51.0,51.0,51.0,51.0,1120.0
2026-09-18,TPEX,6725,矽科宏晟,220.5,223.0,216.0,223.0,57830.0
2026-09-18,TPEX,6727,亞泰金屬,483.0,487.0,474.0,487.0,851081.0
2026-09-18,TPEX,6728,上洋,107.5,108.0,107.5,108.0,10111.0
2026-09-18,TPEX,6730,常廣,31.8,31.9,31.8,31.8,6000.0
2026-09-18,TPEX,6732,昇佳電子,151.0,151.5,148.5,150.0,101728.0
2026-09-18,TPEX,6733,博晟生醫,25.7,25.7,25.2,25.5,52408.0
2026-09-18,TPEX,6735,美達科技,61.1,62.9,61.0,62.8,102044.0
2026-09-18,TPEX,6739,竹陞科技,1125.0,1180.0,1080.0,1150.0,356955.0
2026-09-18,TPEX,6741,91APP*-KY,59.2,59.5,57.9,58.8,289540.0
2026-09-18,TPEX,6751,智聯服務,42.6,42.85,42.0,42.8,12772.0
2026-09-18,TPEX,6752,叡揚,98.7,98.7,97.0,97.2,15276.0
2026-09-18,TPEX,6761,穩得,163.5,167.5,162.0,167.5,149045.0
2026-09-18,TPEX,6762,達亞,162.0,162.0,162.0,162.0,1688.0
2026-09-18,TPEX,6763,綠界科技*,41.4,41.4,40.9,41.35,151567.0
2026-09-18,TPEX,6767,台微醫,23.6,24.4,23.6,24.1,35000.0
2026-09-18,TPEX,6785,昱展新藥,104.5,108.0,99.0,99.0,231237.0
2026-09-18,TPEX,6788,華景電,333.0,342.0,329.0,341.5,241415.0
2026-09-18,TPEX,6791,虎門科技,101.5,101.5,100.0,101.0,17274.0
2026-09-18,TPEX,6803,崑鼎,267.5,268.5,267.0,267.0,61102.0
2026-09-18,TPEX,6804,明係,18.45,18.45,18.15,18.15,100400.0
2026-09-18,TPEX,6811,宏碁資訊,250.0,272.5,250.0,266.5,1183718.0
2026-09-18,TPEX,6821,聯寶,42.3,42.3,40.2,40.6,89127.0
2026-09-18,TPEX,6823,濾能,60.3,60.3,59.2,59.2,73120.0
2026-09-18,TPEX,6829,千附精密,215.0,232.5,214.0,224.5,1025002.0
2026-09-18,TPEX,6840,東研信超,104.0,111.0,101.5,108.0,1542208.0
2026-09-18,TPEX,6841,長佳智能,52.6,54.4,52.6,54.4,125193.0
2026-09-18,TPEX,6843,進典,39.65,39.65,38.55,39.25,12200.0
2026-09-18,TPEX,6844,諾貝兒,57.6,57.6,56.1,57.6,37650.0
2026-09-18,TPEX,6846,綠茵,58.9,59.4,58.2,59.0,14420.0
2026-09-18,TPEX,6855,數泓科,114.5,114.5,114.5,114.5,14004.0
2026-09-18,TPEX,6856,鑫傳,42.7,43.95,41.0,42.0,14172.0
2026-09-18,TPEX,6859,伯特光,121.0,121.5,119.5,121.0,31280.0
2026-09-18,TPEX,6865,偉康科技,27.1,27.4,26.6,27.0,12634.0
2026-09-18,TPEX,6870,騰雲,327.5,327.5,312.0,312.0,66869.0
2026-09-18,TPEX,6872,浩宇生醫,22.1,22.1,21.0,21.1,129521.0
2026-09-18,TPEX,6874,倍力,69.0,69.9,69.0,69.1,36010.0
2026-09-18,TPEX,6875,國邑*,33.0,33.55,32.65,33.0,261102.0
2026-09-18,TPEX,6877,鏵友益,116.0,120.0,116.0,119.5,39380.0
2026-09-18,TPEX,6881,潤德,214.0,216.0,214.0,215.0,8411.0
2026-09-18,TPEX,6884,海柏特,30.8,31.0,30.8,31.0,6000.0
2026-09-18,TPEX,6894,衛司特,356.5,366.0,356.5,361.5,94052.0
2026-09-18,TPEX,6895,宏碩系統,146.5,147.5,143.0,143.0,27504.0
2026-09-18,TPEX,6899,創為精密,49.05,50.0,49.05,50.0,8092.0
2026-09-18,TPEX,6903,巨漢,300.5,309.0,298.0,309.0,274912.0
2026-09-18,TPEX,6904,伯鑫,122.5,122.5,119.0,119.0,3000.0
2026-09-18,TPEX,6907,雅特力-KY,182.0,192.0,182.0,186.5,1859197.0
2026-09-18,TPEX,6910,德鴻,25.1,25.75,25.1,25.75,36250.0
2026-09-18,TPEX,6913,鴻呈,131.0,131.0,128.5,130.5,256429.0
2026-09-18,TPEX,6922,宸曜,189.0,189.5,185.5,188.0,54453.0
2026-09-18,TPEX,6925,意藍,56.8,62.3,56.8,59.9,640016.0
2026-09-18,TPEX,6929,佑全,21.9,22.05,21.9,22.05,3433.0
2026-09-18,TPEX,6945,圓祥生技,119.5,132.0,114.0,132.0,1216424.0
2026-09-18,TPEX,6953,家碩,233.0,239.5,233.0,238.0,19796.0
2026-09-18,TPEX,6961,旅天下,48.1,48.3,47.5,48.0,71359.0
2026-09-18,TPEX,6967,汎瑋材料,65.9,66.4,65.4,66.2,71267.0
2026-09-18,TPEX,6968,萬達寵物,41.5,41.6,41.2,41.5,91072.0
2026-09-18,TPEX,6971,惠民實業,24.7,24.7,24.4,24.4,17215.0
2026-09-18,TPEX,6982,大井泵浦,45.0,45.0,44.2,44.5,20380.0
2026-09-18,TPEX,6983,華洋精機,354.0,355.0,344.5,355.0,34127.0
2026-09-18,TPEX,6986,和迅,40.5,40.5,39.4,40.2,104510.0
2026-09-18,TPEX,6996,力領科技,171.5,173.0,171.0,173.0,68011.0
2026-09-18,TPEX,6997,博弘,69.3,69.3,67.0,67.0,2000.0
2026-09-18,TPEX,7402,邑錡,100.5,101.0,100.0,101.0,120399.0
2026-09-18,TPEX,7547,碩網,49.5,49.95,49.35,49.95,4021.0
2026-09-18,TPEX,7556,意德士,250.0,262.0,250.0,262.0,101683.0
2026-09-18,TPEX,7584,樂意,28.75,28.8,28.45,28.8,5656.0
2026-09-18,TPEX,7642,昶瑞機電,70.0,73.0,70.0,71.3,24160.0
2026-09-18,TPEX,7703,銳澤,198.5,204.0,198.5,203.0,101333.0
2026-09-18,TPEX,7704,明遠精密,61.7,62.5,60.7,62.1,43150.0
2026-09-18,TPEX,7708,全家餐飲,91.7,92.0,91.6,91.6,6565.0
2026-09-18,TPEX,7709,榮田,80.7,82.6,80.1,81.8,91417.0
2026-09-18,TPEX,7712,博盛半導體,155.0,159.0,154.5,158.0,249922.0
2026-09-18,TPEX,7713,威力德生醫,74.0,74.0,73.8,73.8,7194.0
2026-09-18,TPEX,7714,創泓科技,177.0,186.0,174.5,179.5,482027.0
2026-09-18,TPEX,7715,裕山,28.2,28.5,27.8,28.0,45602.0
2026-09-18,TPEX,7716,昱臺國際,23.45,23.5,23.45,23.5,10000.0
2026-09-18,TPEX,7717,萊德光電-KY,601.0,624.0,594.0,600.0,2193237.0
2026-09-18,TPEX,7718,友鋮,46.0,46.15,45.8,45.9,44145.0
2026-09-18,TPEX,7723,築間,18.75,18.8,18.7,18.8,14209.0
2026-09-18,TPEX,7728,光焱科技,623.0,623.0,569.0,584.0,327681.0
2026-09-18,TPEX,7734,印能科技,2660.0,2675.0,2535.0,2670.0,652987.0
2026-09-18,TPEX,7738,東聯互動,161.0,163.0,160.0,163.0,23199.0
2026-09-18,TPEX,7743,金利食安,25.05,25.2,24.5,25.0,68528.0
2026-09-18,TPEX,7744,崴寶,521.0,534.0,512.0,531.0,113131.0
2026-09-18,TPEX,7747,昕奇雲端,114.0,114.0,114.0,114.0,2325.0
2026-09-18,TPEX,7751,竑騰,1445.0,1485.0,1445.0,1485.0,465613.0
2026-09-18,TPEX,7753,星亞,35.5,36.1,35.4,35.95,13113.0
2026-09-18,TPEX,7757,金色三麥,90.5,93.8,88.3,90.0,18358.0
2026-09-18,TPEX,7767,仁大資訊,46.25,46.85,46.2,46.4,45310.0
2026-09-18,TPEX,7770,君曜,38.3,40.5,38.0,40.5,24578.0
2026-09-18,TPEX,7772,耀穎,148.0,160.5,147.0,155.5,1756499.0
2026-09-18,TPEX,7777,能率亞洲,36.4,36.4,35.45,35.95,2786578.0
2026-09-18,TPEX,7782,光速火箭,25.55,25.8,24.5,25.8,22134.0
2026-09-18,TPEX,7792,安葆,320.0,344.0,320.0,339.0,1663727.0
2026-09-18,TPEX,7794,宏碁智新,30.7,31.0,30.65,31.0,40452.0
2026-09-18,TPEX,7805,威聯通,501.0,509.0,498.5,499.5,75150.0
2026-09-18,TPEX,7810,捷創科技,219.5,220.0,216.5,218.5,19269.0
2026-09-18,TPEX,7811,民盛,72.5,73.0,72.5,73.0,12071.0
2026-09-18,TPEX,7814,海昌生技,28.65,28.65,28.55,28.55,3043.0
2026-09-18,TPEX,7819,精誠金融,34.3,34.95,34.3,34.35,34050.0
2026-09-18,TPEX,7820,立盈,106.5,106.5,101.5,104.0,39948.0
2026-09-18,TPEX,7825,和亞智慧,82.0,84.8,78.7,79.7,630657.0
2026-09-18,TPEX,7828,創新服務,2010.0,2125.0,2010.0,2125.0,556615.0
2026-09-18,TPEX,7839,達人網,43.35,43.5,42.95,43.3,13000.0
2026-09-18,TPEX,7842,天能綠電,94.0,96.4,93.8,96.4,3031.0
2026-09-18,TPEX,8024,佑華,13.05,13.05,12.6,12.75,50405.0
2026-09-18,TPEX,8027,鈦昇,177.0,180.0,173.5,180.0,4057148.0
2026-09-18,TPEX,8032,光菱,34.85,35.4,34.8,35.4,34049.0
2026-09-18,TPEX,8034,榮群,20.3,20.3,19.85,20.0,284509.0
2026-09-18,TPEX,8038,長園科,32.75,32.75,31.85,31.9,311091.0
2026-09-18,TPEX,8040,九暘,79.5,83.5,78.5,82.7,2364033.0
2026-09-18,TPEX,8042,金山電,114.0,114.0,110.5,113.0,1616315.0
2026-09-18,TPEX,8043,蜜望實,133.5,134.0,130.5,133.0,831427.0
2026-09-18,TPEX,8044,網家,24.2,24.8,23.5,23.5,4104860.0
2026-09-18,TPEX,8047,星雲,46.5,46.5,45.0,45.1,5001.0
2026-09-18,TPEX,8048,德勝,49.6,50.0,49.0,49.6,205253.0
2026-09-18,TPEX,8049,晶采,24.45,24.55,24.45,24.55,47912.0
2026-09-18,TPEX,8050,廣積,59.6,59.9,58.8,59.3,1546892.0
2026-09-18,TPEX,8054,安國,84.1,85.1,83.3,84.4,762998.0
2026-09-18,TPEX,8064,東捷,127.5,136.0,125.0,136.0,27222210.0
2026-09-18,TPEX,8066,來思達,15.0,15.35,14.95,15.35,30351.0
2026-09-18,TPEX,8067,志旭,11.65,11.65,11.4,11.55,26150.0
2026-09-18,TPEX,8068,全達,16.15,16.15,15.85,16.15,69378.0
2026-09-18,TPEX,8069,元太,147.0,147.0,143.5,146.5,10251544.0
2026-09-18,TPEX,8071,能率網通,21.65,22.05,21.45,22.0,362151.0
2026-09-18,TPEX,8074,鉅橡,50.5,50.6,49.95,50.1,234502.0
2026-09-18,TPEX,8076,伍豐,21.6,21.6,21.2,21.4,566716.0
2026-09-18,TPEX,8077,洛碁,,,,,131.0
2026-09-18,TPEX,8080,泰霖,28.75,28.75,28.75,28.75,4329.0
2026-09-18,TPEX,8083,瑞穎,157.5,158.0,156.0,158.0,63301.0
2026-09-18,TPEX,8084,巨虹,41.7,41.8,40.7,41.75,689471.0
2026-09-18,TPEX,8085,福華,14.8,14.95,14.25,14.4,170340.0
2026-09-18,TPEX,8086,宏捷科,110.0,111.5,107.5,111.0,2594454.0
2026-09-18,TPEX,8087,麗升能源,24.0,24.0,23.35,23.5,44913.0
2026-09-18,TPEX,8088,品安,42.6,42.9,42.25,42.7,417144.0
2026-09-18,TPEX,8089,康全電訊,18.15,18.65,18.1,18.6,248672.0
2026-09-18,TPEX,8091,翔名,216.0,216.5,214.0,215.0,283585.0
2026-09-18,TPEX,8092,建暐,12.65,12.75,12.6,12.75,24323.0
2026-09-18,TPEX,8093,保銳,25.4,25.4,24.4,25.15,23336.0
2026-09-18,TPEX,8096,擎亞,89.7,90.3,87.1,88.2,2468168.0
2026-09-18,TPEX,8097,常珵,48.9,49.25,47.8,49.15,419298.0
2026-09-18,TPEX,8099,大世科,59.7,60.0,59.4,60.0,61145.0
2026-09-18,TPEX,8102,傑霖科技,62.9,62.9,62.9,62.9,4000.0
2026-09-18,TPEX,8107,大億金茂,12.2,12.2,12.0,12.05,34867.0
2026-09-18,TPEX,8109,博大,131.5,134.0,130.5,134.0,382024.0
2026-09-18,TPEX,8111,立碁,74.8,79.6,73.7,78.0,22925795.0
2026-09-18,TPEX,8121,越峰,27.3,27.9,27.25,27.9,439242.0
2026-09-18,TPEX,8147,正淩,132.5,134.0,131.5,134.0,110179.0
2026-09-18,TPEX,8155,博智,324.5,326.5,320.5,323.0,328300.0
2026-09-18,TPEX,8171,天宇,20.15,20.2,20.0,20.05,95780.0
2026-09-18,TPEX,8176,智捷,9.66,9.85,9.6,9.83,33434.0
2026-09-18,TPEX,8182,加高,39.8,39.8,39.1,39.5,351402.0
2026-09-18,TPEX,8183,精星,28.2,28.35,27.9,28.05,323450.0
2026-09-18,TPEX,8227,巨有科技,263.0,279.0,252.0,279.0,1730534.0
2026-09-18,TPEX,8234,新漢,63.0,63.0,61.6,62.5,427193.0
2026-09-18,TPEX,8240,華宏,50.7,51.0,50.0,51.0,324582.0
2026-09-18,TPEX,8255,朋程,137.0,137.0,135.5,136.0,234805.0
2026-09-18,TPEX,8272,全景軟體,64.9,65.0,64.9,64.9,5018.0
2026-09-18,TPEX,8279,生展,79.0,79.0,78.7,78.9,15300.0
2026-09-18,TPEX,8284,三竹,69.1,69.1,68.5,68.8,20210.0
2026-09-18,TPEX,8289,泰藝,43.2,44.25,43.2,44.2,299490.0
2026-09-18,TPEX,8291,尚茂,29.5,31.7,29.5,31.7,34849.0
2026-09-18,TPEX,8299,群聯,2030.0,2140.0,2010.0,2140.0,6695309.0
2026-09-18,TPEX,8342,益張,,,,,2003.0
2026-09-18,TPEX,8349,恒耀,38.35,38.4,37.45,37.9,162326.0
2026-09-18,TPEX,8354,冠好,17.05,17.1,16.9,17.0,21334.0
2026-09-18,TPEX,8358,金居,487.5,499.5,484.0,499.5,4532354.0
2026-09-18,TPEX,8383,千附,67.0,69.1,66.6,68.5,2836535.0
2026-09-18,TPEX,8390,金益鼎,92.9,92.9,91.3,91.8,373399.0
2026-09-18,TPEX,8401,白紗科,22.9,22.9,22.7,22.75,14334.0
2026-09-18,TPEX,8403,盛弘,19.05,19.05,18.95,19.0,76801.0
2026-09-18,TPEX,8409,商之器,18.1,18.1,18.1,18.1,1006.0
2026-09-18,TPEX,8410,森田,29.6,29.6,29.4,29.5,12300.0
2026-09-18,TPEX,8415,大國鋼,34.85,35.1,34.35,34.35,5262564.0
2026-09-18,TPEX,8416,實威,172.5,172.5,170.5,170.5,2366.0
2026-09-18,TPEX,8421,旭源,12.95,13.2,12.9,13.0,239785.0
2026-09-18,TPEX,8423,保綠-KY,17.95,17.95,17.85,17.85,19080.0
2026-09-18,TPEX,8424,惠普,69.0,69.4,69.0,69.3,5121.0
2026-09-18,TPEX,8426,紅木-KY,20.4,20.65,20.1,20.6,40002.0
2026-09-18,TPEX,8431,匯鑽科,64.5,65.6,62.2,62.5,2244869.0
2026-09-18,TPEX,8432,東生華,50.4,50.6,50.0,50.6,40152.0
2026-09-18,TPEX,8433,弘帆,53.4,53.6,53.3,53.4,29000.0
2026-09-18,TPEX,8435,鉅邁,53.0,53.1,52.9,53.1,10944.0
2026-09-18,TPEX,8436,大江,104.5,105.0,103.5,103.5,660045.0
2026-09-18,TPEX,8437,大地-KY,9.0,9.28,8.94,9.1,23528.0
2026-09-18,TPEX,8440,綠電,19.95,20.2,19.85,20.05,81755.0
2026-09-18,TPEX,8444,綠河-KY,4.6,4.6,4.5,4.59,48201.0
2026-09-18,TPEX,8446,華研,85.0,85.0,84.4,84.7,110341.0
2026-09-18,TPEX,8450,霹靂,14.15,14.3,14.0,14.15,34865.0
2026-09-18,TPEX,8455,大拓-KY,22.55,23.1,22.55,22.7,5073.0
2026-09-18,TPEX,8472,納維康,76.0,76.8,76.0,76.0,6004.0
2026-09-18,TPEX,8477,創業家,15.0,15.0,14.95,15.0,6002.0
2026-09-18,TPEX,8489,三貝德,21.5,21.75,21.4,21.6,44970.0
2026-09-18,TPEX,8905,裕國,34.9,34.95,34.85,34.85,12697.0
2026-09-18,TPEX,8906,花王,29.9,30.5,29.4,29.5,69220.0
2026-09-18,TPEX,8908,欣雄,40.25,40.25,40.15,40.15,29498.0
2026-09-18,TPEX,8916,光隆,41.25,41.35,41.0,41.0,107222.0
2026-09-18,TPEX,8917,欣泰,52.2,52.2,52.2,52.2,8000.0
2026-09-18,TPEX,8921,沈氏,16.85,16.85,16.85,16.85,1000.0
2026-09-18,TPEX,8923,時報,,,,,0.0
2026-09-18,TPEX,8924,大田,49.9,50.1,49.5,50.1,133484.0
2026-09-18,TPEX,8927,北基,18.8,19.2,18.4,18.4,242051.0
2026-09-18,TPEX,8928,鉅明,23.05,23.05,23.0,23.0,17250.0
2026-09-18,TPEX,8929,富堡,,,,,256.0
2026-09-18,TPEX,8930,青鋼,28.85,28.85,28.8,28.8,23730.0
2026-09-18,TPEX,8931,大汽電,43.05,43.45,43.0,43.0,38239.0
2026-09-18,TPEX,8932,智通*,90.1,92.9,89.1,92.9,3735037.0
2026-09-18,TPEX,8933,愛地雅,4.5,4.6,4.41,4.57,42429.0
2026-09-18,TPEX,8935,邦泰,17.35,17.7,17.3,17.7,81639.0
2026-09-18,TPEX,8936,國統,52.4,52.5,52.0,52.1,867722.0
2026-09-18,TPEX,8937,合騏*,27.8,29.35,27.8,28.6,66346.0
2026-09-18,TPEX,8938,明安,52.6,52.6,50.4,50.4,177314.0
2026-09-18,TPEX,8941,關中,43.8,43.85,42.9,43.8,7548.0
2026-09-18,TPEX,8942,森鉅,41.5,41.5,40.3,40.3,649543.0
2026-09-18,TPEX,9949,琉園,24.15,24.15,23.95,24.0,55193.0
2026-09-18,TPEX,9950,萬國通,10.25,10.3,10.25,10.3,5000.0
2026-09-18,TPEX,9951,皇田,48.4,48.7,48.15,48.45,49675.0
2026-09-18,TPEX,9960,邁達康,30.65,31.8,30.65,31.8,18612.0
2026-09-18,TPEX,9962,有益,10.0,10.0,9.94,10.0,31177.0
