date,market,stock_id,name,open,high,low,close,volume
2026-09-14,TWSE,1101,台泥,24.65,24.75,24.5,24.5,14583409.0
2026-09-14,TWSE,1102,亞泥,35.05,35.35,35.05,35.3,5225956.0
2026-09-14,TWSE,1103,嘉泥,13.05,13.2,13.0,13.05,220974.0
2026-09-14,TWSE,1104,環泥,27.1,27.25,27.0,27.2,521516.0
2026-09-14,TWSE,1108,幸福,11.3,11.3,11.05,11.2,468557.0
2026-09-14,TWSE,1109,信大,13.45,13.45,13.35,13.35,140591.0
2026-09-14,TWSE,1110,東泥,15.75,15.85,15.55,15.85,428726.0
2026-09-14,TWSE,1201,味全,12.05,12.1,12.0,12.05,448275.0
2026-09-14,TWSE,1203,味王,44.15,44.35,43.25,43.7,21562.0
2026-09-14,TWSE,1210,大成,52.3,52.5,52.1,52.1,766923.0
2026-09-14,TWSE,1213,大飲,7.5,7.53,7.31,7.49,15000.0
2026-09-14,TWSE,1215,卜蜂,110.5,111.0,109.5,110.5,844521.0
2026-09-14,TWSE,1216,統一,75.1,75.3,74.8,75.0,7643624.0
2026-09-14,TWSE,1217,愛之味,9.95,9.99,9.92,9.96,472361.0
2026-09-14,TWSE,1218,泰山,14.35,14.35,14.2,14.25,730570.0
2026-09-14,TWSE,1219,福壽,11.5,11.5,11.35,11.4,245896.0
2026-09-14,TWSE,1220,台榮,10.8,10.9,10.8,10.85,61952.0
2026-09-14,TWSE,1225,福懋油,24.15,24.35,24.1,24.3,45942.0
2026-09-14,TWSE,1227,佳格,28.3,28.5,28.25,28.45,503876.0
2026-09-14,TWSE,1229,聯華,41.5,41.5,40.6,40.7,2720299.0
2026-09-14,TWSE,1231,聯華食,80.0,80.3,79.7,80.1,262389.0
2026-09-14,TWSE,1232,大統益,155.0,156.0,155.0,156.0,96817.0
2026-09-14,TWSE,1233,天仁,28.0,28.2,27.85,28.2,24255.0
2026-09-14,TWSE,1234,黑松,33.2,33.45,33.0,33.3,236788.0
2026-09-14,TWSE,1235,興泰,38.0,38.05,37.6,37.6,7594.0
2026-09-14,TWSE,1236,宏亞,26.2,26.2,25.7,26.1,26221.0
2026-09-14,TWSE,1256,鮮活果汁-KY,171.5,172.0,170.0,171.0,63839.0
2026-09-14,TWSE,1301,台塑,64.6,65.5,64.2,64.6,12666314.0
2026-09-14,TWSE,1303,南亞,237.5,239.5,234.0,234.5,48646230.0
2026-09-14,TWSE,1304,台聚,12.6,12.7,12.35,12.35,2660116.0
2026-09-14,TWSE,1305,華夏,12.45,12.5,12.05,12.15,1593440.0
2026-09-14,TWSE,1307,三芳,30.55,30.7,30.35,30.55,343053.0
2026-09-14,TWSE,1308,亞聚,14.6,14.7,14.3,14.3,1177769.0
2026-09-14,TWSE,1309,台達化,14.45,14.7,14.0,14.05,4878705.0
2026-09-14,TWSE,1310,台苯,8.8,8.83,8.62,8.63,1644380.0
2026-09-14,TWSE,1312,國喬,14.95,15.05,14.3,14.35,24432713.0
2026-09-14,TWSE,1313,聯成,11.95,12.1,11.75,11.95,1596339.0
2026-09-14,TWSE,1314,中石化,8.13,8.17,8.08,8.12,8416494.0
2026-09-14,TWSE,1315,達新,66.2,66.5,65.7,66.3,33115.0
2026-09-14,TWSE,1316,上曜,10.8,10.9,10.65,10.7,1783039.0
2026-09-14,TWSE,1319,東陽,77.7,79.1,77.7,79.0,880581.0
2026-09-14,TWSE,1321,大洋,32.05,32.3,31.95,32.0,48000.0
2026-09-14,TWSE,1323,永裕,21.4,21.85,21.4,21.65,163591.0
2026-09-14,TWSE,1324,地球,9.98,10.05,9.95,10.05,29975.0
2026-09-14,TWSE,1325,恆大,25.7,25.85,25.55,25.55,180325.0
2026-09-14,TWSE,1326,台化,70.4,71.8,69.8,70.2,18556570.0
2026-09-14,TWSE,1337,再生-KY,4.5,4.51,4.48,4.49,158696.0
2026-09-14,TWSE,1338,廣華-KY,14.3,14.4,14.25,14.4,75484.0
2026-09-14,TWSE,1339,昭輝,43.25,43.25,42.8,42.95,51929.0
2026-09-14,TWSE,1340,勝悅-KY,5.23,5.25,5.16,5.22,69113.0
2026-09-14,TWSE,1341,富林-KY,59.0,59.0,57.9,57.9,2001.0
2026-09-14,TWSE,1342,八貫,100.5,100.5,99.2,99.3,156146.0
2026-09-14,TWSE,1402,遠東新,28.3,28.8,28.3,28.65,8635057.0
2026-09-14,TWSE,1409,新纖,24.1,24.5,24.1,24.45,15115858.0
2026-09-14,TWSE,1410,南染,24.7,24.75,24.4,24.4,17200.0
2026-09-14,TWSE,1413,宏洲,9.2,9.28,9.18,9.28,28402.0
2026-09-14,TWSE,1414,東和,17.7,17.7,17.2,17.3,171989.0
2026-09-14,TWSE,1416,廣豐,11.35,11.45,11.2,11.3,325079.0
2026-09-14,TWSE,1417,嘉裕,8.15,8.16,8.08,8.08,97191.0
2026-09-14,TWSE,1418,東華,17.55,17.6,17.35,17.5,40006.0
2026-09-14,TWSE,1419,新紡,66.0,67.1,65.6,67.1,56445.0
2026-09-14,TWSE,1423,利華,34.8,35.45,34.8,34.85,6131.0
2026-09-14,TWSE,1432,大魯閣,15.0,15.05,15.0,15.0,124225.0
2026-09-14,TWSE,1434,福懋,17.85,17.95,17.75,17.8,953733.0
2026-09-14,TWSE,1435,中福,24.4,24.4,22.5,22.65,11255.0
2026-09-14,TWSE,1436,華友聯,36.9,36.9,36.5,36.6,78155.0
2026-09-14,TWSE,1437,勤益控,31.5,31.9,31.45,31.85,45779.0
2026-09-14,TWSE,1438,三地開發,21.55,21.75,21.25,21.35,36425.0
2026-09-14,TWSE,1439,雋揚,29.3,29.3,29.3,29.3,2100.0
2026-09-14,TWSE,1440,南紡,13.35,13.55,13.2,13.4,2703166.0
2026-09-14,TWSE,1441,大東,8.76,8.76,8.69,8.69,34221.0
2026-09-14,TWSE,1442,名軒,29.9,30.4,29.5,30.15,296448.0
2026-09-14,TWSE,1443,立益物流,23.5,23.95,23.5,23.5,25199.0
2026-09-14,TWSE,1444,力麗,6.9,6.91,6.76,6.76,2027699.0
2026-09-14,TWSE,1445,大宇,10.05,10.3,10.05,10.3,103234.0
2026-09-14,TWSE,1446,宏和,13.3,13.35,13.25,13.3,77210.0
2026-09-14,TWSE,1447,力鵬,6.63,6.63,6.49,6.49,1186311.0
2026-09-14,TWSE,1449,佳和,12.1,12.35,12.1,12.2,351717.0
2026-09-14,TWSE,1451,年興,16.9,17.1,16.9,17.0,152025.0
2026-09-14,TWSE,1452,宏益,11.1,11.2,11.1,11.2,16507.0
2026-09-14,TWSE,1453,大將,11.0,11.0,10.95,10.95,27646.0
2026-09-14,TWSE,1454,台富,12.65,12.75,12.45,12.5,61513.0
2026-09-14,TWSE,1455,集盛,9.93,9.96,9.76,9.84,1005983.0
2026-09-14,TWSE,1456,怡華,14.35,14.8,13.55,14.35,444069.0
2026-09-14,TWSE,1457,宜進,14.3,14.5,14.25,14.5,56008.0
2026-09-14,TWSE,1459,聯發,15.5,15.6,15.3,15.5,127372.0
2026-09-14,TWSE,1460,宏遠,6.51,6.53,6.43,6.47,182464.0
2026-09-14,TWSE,1463,強盛新,17.05,17.2,16.95,17.2,69267.0
2026-09-14,TWSE,1464,得力,10.0,10.05,9.96,9.99,171362.0
2026-09-14,TWSE,1465,偉全,11.95,12.0,11.85,11.9,97918.0
2026-09-14,TWSE,1466,聚隆,14.95,14.95,14.65,14.8,266554.0
2026-09-14,TWSE,1467,南緯,8.2,8.2,7.96,7.96,413548.0
2026-09-14,TWSE,1468,昶和,13.25,13.25,12.9,13.15,46009.0
2026-09-14,TWSE,1470,大統新創,24.8,24.8,23.8,23.95,30088.0
2026-09-14,TWSE,1471,首利,9.6,9.6,9.48,9.48,267604.0
2026-09-14,TWSE,1472,三洋實業,,,,,581.0
2026-09-14,TWSE,1473,台南,20.0,20.0,19.85,19.9,22198.0
2026-09-14,TWSE,1474,弘裕,9.91,10.05,9.89,10.0,122711.0
2026-09-14,TWSE,1475,業旺,26.5,27.4,26.0,26.05,14018.0
2026-09-14,TWSE,1476,儒鴻,290.0,292.0,287.0,288.5,741092.0
2026-09-14,TWSE,1477,聚陽,195.0,197.5,195.0,196.5,785085.0
2026-09-14,TWSE,1503,士電,202.0,203.0,200.0,202.0,1253200.0
2026-09-14,TWSE,1504,東元,69.6,69.9,69.3,69.5,4571707.0
2026-09-14,TWSE,1506,正道,9.95,9.99,9.92,9.92,264324.0
2026-09-14,TWSE,1512,瑞利,6.25,6.3,6.05,6.19,34900.0
2026-09-14,TWSE,1513,中興電,164.0,166.5,163.5,165.0,1438476.0
2026-09-14,TWSE,1514,亞力,100.5,101.5,100.0,100.5,813120.0
2026-09-14,TWSE,1515,力山,29.8,31.6,29.25,30.9,1771618.0
2026-09-14,TWSE,1516,川飛,14.1,14.1,13.7,13.95,18025.0
2026-09-14,TWSE,1517,利奇,10.65,10.65,10.35,10.45,466841.0
2026-09-14,TWSE,1519,華城,708.0,713.0,704.0,712.0,864336.0
2026-09-14,TWSE,1521,大億,24.9,25.0,24.8,24.85,17451.0
2026-09-14,TWSE,1522,堤維西,25.9,25.95,25.45,25.5,762939.0
2026-09-14,TWSE,1524,耿鼎,26.0,26.15,26.0,26.05,207106.0
2026-09-14,TWSE,1525,江申,64.8,64.9,64.8,64.9,2101.0
2026-09-14,TWSE,1526,日馳,15.3,15.4,15.05,15.15,101449.0
2026-09-14,TWSE,1527,鑽全,32.5,32.5,32.35,32.45,144492.0
2026-09-14,TWSE,1528,恩德,19.9,21.2,19.9,21.2,9585675.0
2026-09-14,TWSE,1529,樂事綠能,15.8,16.0,15.75,15.85,198967.0
2026-09-14,TWSE,1530,亞崴,28.1,28.1,27.4,27.45,74234.0
2026-09-14,TWSE,1531,高林股,11.7,11.8,11.6,11.65,74140.0
2026-09-14,TWSE,1532,勤美,22.65,22.75,22.55,22.6,493923.0
2026-09-14,TWSE,1533,車王電,30.75,30.95,30.35,30.65,55123.0
2026-09-14,TWSE,1535,中宇,45.2,45.2,45.0,45.05,69415.0
2026-09-14,TWSE,1536,和大,47.3,48.15,47.2,47.35,824471.0
2026-09-14,TWSE,1537,廣隆,114.5,115.5,114.5,114.5,56561.0
2026-09-14,TWSE,1538,正峰,8.81,8.85,8.8,8.85,19685.0
2026-09-14,TWSE,1539,巨庭,15.45,15.5,15.45,15.5,13083.0
2026-09-14,TWSE,1540,喬福,19.35,19.5,19.25,19.3,143203.0
2026-09-14,TWSE,1541,錩泰,21.0,21.1,20.7,21.1,14000.0
2026-09-14,TWSE,1558,伸興,107.0,109.5,106.0,108.5,383611.0
2026-09-14,TWSE,1560,中砂,747.0,794.0,744.0,790.0,4096116.0
2026-09-14,TWSE,1563,巧新,77.1,78.5,75.9,76.0,603041.0
2026-09-14,TWSE,1568,倉佑,28.95,28.95,28.05,28.2,508871.0
2026-09-14,TWSE,1582,信錦,69.4,70.7,69.4,70.1,315530.0
2026-09-14,TWSE,1583,程泰,47.4,48.45,47.4,47.9,16784.0
2026-09-14,TWSE,1587,吉茂,23.8,23.8,23.6,23.6,67706.0
2026-09-14,TWSE,1590,亞德客-KY,1260.0,1295.0,1250.0,1285.0,1173008.0
2026-09-14,TWSE,1597,直得,143.5,151.5,142.5,147.0,1692093.0
2026-09-14,TWSE,1598,岱宇,20.95,20.95,20.35,20.5,130090.0
2026-09-14,TWSE,1603,華電,30.0,30.15,29.9,30.0,69053.0
2026-09-14,TWSE,1604,聲寶,23.45,23.45,23.35,23.45,204467.0
2026-09-14,TWSE,1605,華新,37.1,37.75,37.0,37.4,11202902.0
2026-09-14,TWSE,1608,華榮,36.0,36.4,35.85,36.2,1654152.0
2026-09-14,TWSE,1609,大亞,37.3,38.0,37.2,37.85,2422552.0
2026-09-14,TWSE,1611,中電,11.5,11.65,11.5,11.55,351639.0
2026-09-14,TWSE,1612,宏泰,34.65,35.0,34.5,34.85,435791.0
2026-09-14,TWSE,1614,三洋電,31.1,31.4,30.9,31.1,126648.0
2026-09-14,TWSE,1615,大山,43.95,43.95,43.6,43.7,60511.0
2026-09-14,TWSE,1616,億泰,18.8,19.35,18.7,18.8,367332.0
2026-09-14,TWSE,1617,榮星,17.95,17.95,17.5,17.5,295105.0
2026-09-14,TWSE,1618,合機,38.7,39.25,38.7,38.8,241434.0
2026-09-14,TWSE,1623,大東電,208.0,210.0,205.5,205.5,104717.0
2026-09-14,TWSE,1626,艾美特-KY,9.61,9.65,9.44,9.65,116499.0
2026-09-14,TWSE,1702,南僑,32.4,32.45,32.15,32.2,165514.0
2026-09-14,TWSE,1707,葡萄王,90.6,90.8,89.0,89.0,850789.0
2026-09-14,TWSE,1708,東鹼,49.0,49.25,48.3,48.5,1541659.0
2026-09-14,TWSE,1709,和益,35.3,36.8,34.7,36.2,16271099.0
2026-09-14,TWSE,1710,東聯,16.0,16.3,15.9,16.0,3321973.0
2026-09-14,TWSE,1711,永光,38.2,39.0,38.1,38.45,2395790.0
2026-09-14,TWSE,1712,興農,40.6,40.65,40.15,40.25,693279.0
2026-09-14,TWSE,1713,國化,42.6,43.0,42.55,42.55,147942.0
2026-09-14,TWSE,1714,和桐,15.65,15.85,15.3,15.35,19762675.0
2026-09-14,TWSE,1717,長興,70.5,71.6,70.2,70.9,4923000.0
2026-09-14,TWSE,1718,中纖,10.6,10.7,10.35,10.4,12521222.0
2026-09-14,TWSE,1720,生達,56.0,56.2,55.8,56.0,183746.0
2026-09-14,TWSE,1721,國慶科技,23.3,23.3,22.35,22.4,796291.0
2026-09-14,TWSE,1722,台肥,43.55,43.55,42.75,43.25,5066091.0
2026-09-14,TWSE,1723,中碳,82.1,82.1,81.0,81.7,508597.0
2026-09-14,TWSE,1725,元禎,32.6,33.45,32.3,32.9,48157.0
2026-09-14,TWSE,1726,永記,77.0,77.0,76.8,76.9,20643.0
2026-09-14,TWSE,1727,中華化,89.1,92.3,89.0,89.6,1398176.0
2026-09-14,TWSE,1730,花仙子,51.3,51.4,51.2,51.4,16988.0
2026-09-14,TWSE,1731,美吾華,20.8,20.9,20.8,20.8,69198.0
2026-09-14,TWSE,1732,毛寶,25.75,26.0,25.75,26.0,51319.0
2026-09-14,TWSE,1733,五鼎,30.6,30.95,30.6,30.8,67040.0
2026-09-14,TWSE,1734,杏輝,30.9,31.2,30.9,31.2,135143.0
2026-09-14,TWSE,1735,日勝化,20.05,20.05,19.85,19.95,22207.0
2026-09-14,TWSE,1736,喬山,123.5,130.5,123.5,128.5,372843.0
2026-09-14,TWSE,1737,臺鹽,30.7,30.7,30.45,30.6,209614.0
2026-09-14,TWSE,1752,南光,31.45,31.55,31.25,31.35,35378.0
2026-09-14,TWSE,1760,寶齡富錦,54.8,54.8,54.1,54.1,189293.0
2026-09-14,TWSE,1762,中化生,34.0,34.15,33.15,33.7,154069.0
2026-09-14,TWSE,1773,勝一,160.5,160.5,158.5,159.0,340739.0
2026-09-14,TWSE,1776,展宇,17.45,17.6,17.2,17.6,53165.0
2026-09-14,TWSE,1783,和康生,36.4,36.65,36.35,36.4,60352.0
2026-09-14,TWSE,1786,科妍,42.55,43.3,42.25,43.3,219151.0
2026-09-14,TWSE,1789,神隆,18.5,18.5,18.15,18.3,848728.0
2026-09-14,TWSE,1795,美時,175.0,176.0,172.0,173.5,1335501.0
2026-09-14,TWSE,1802,台玻,58.5,59.2,57.8,58.2,11734113.0
2026-09-14,TWSE,1805,寶徠,10.0,10.15,9.99,10.1,24302.0
2026-09-14,TWSE,1806,冠軍,8.0,8.05,7.95,8.03,154451.0
2026-09-14,TWSE,1808,潤隆,33.95,34.45,33.6,34.45,2080015.0
2026-09-14,TWSE,1809,中釉,37.25,38.0,37.25,37.45,622776.0
2026-09-14,TWSE,1810,和成,23.7,24.2,23.55,23.55,2591112.0
2026-09-14,TWSE,1817,凱撒衛,40.5,40.5,40.25,40.45,14361.0
2026-09-14,TWSE,1903,士紙,47.2,47.5,47.2,47.4,38276.0
2026-09-14,TWSE,1904,正隆,25.25,25.45,24.7,24.8,1907342.0
2026-09-14,TWSE,1905,華紙,13.2,13.25,13.1,13.2,1288136.0
2026-09-14,TWSE,1906,寶隆,10.95,11.0,10.9,11.0,31309.0
2026-09-14,TWSE,1907,永豐餘,28.7,29.05,28.65,29.05,808765.0
2026-09-14,TWSE,1909,榮成,10.55,10.65,10.4,10.45,2667535.0
2026-09-14,TWSE,2002,中鋼,19.0,19.05,18.9,18.9,26834303.0
2026-09-14,TWSE,2006,東和鋼鐵,80.6,82.5,80.6,82.5,1099446.0
2026-09-14,TWSE,2007,燁興,6.87,6.87,6.8,6.81,253955.0
2026-09-14,TWSE,2008,高興昌,30.6,30.6,30.5,30.55,8000.0
2026-09-14,TWSE,2009,第一銅,39.0,39.15,38.65,39.0,2623563.0
2026-09-14,TWSE,2010,春源,22.1,22.2,22.0,22.05,874433.0
2026-09-14,TWSE,2012,春雨,14.3,14.35,14.0,14.1,63412.0
2026-09-14,TWSE,2013,中鋼構,41.5,41.85,41.45,41.45,78979.0
2026-09-14,TWSE,2014,中鴻,16.75,16.8,16.6,16.65,3238938.0
2026-09-14,TWSE,2015,豐興,64.2,64.6,64.1,64.4,187687.0
2026-09-14,TWSE,2017,官田鋼,8.81,8.87,8.7,8.77,515988.0
2026-09-14,TWSE,2020,美亞,21.65,21.75,21.55,21.6,425719.0
2026-09-14,TWSE,2022,聚亨,7.35,7.38,7.21,7.3,399192.0
2026-09-14,TWSE,2023,燁輝,14.0,14.05,13.85,13.9,893275.0
2026-09-14,TWSE,2024,志聯,,,,,47.0
2026-09-14,TWSE,2025,千興,12.45,12.45,12.2,12.3,239496.0
2026-09-14,TWSE,2027,大成鋼,47.2,47.4,46.3,46.5,20851259.0
2026-09-14,TWSE,2028,威致,16.05,16.05,15.7,15.7,103062.0
2026-09-14,TWSE,2029,盛餘,21.15,21.3,21.0,21.1,363703.0
2026-09-14,TWSE,2030,彰源,22.5,23.5,22.5,23.5,2375000.0
2026-09-14,TWSE,2031,新光鋼,43.65,44.05,43.6,43.95,506003.0
2026-09-14,TWSE,2032,新鋼,16.7,17.0,16.6,17.0,216285.0
2026-09-14,TWSE,2033,佳大,29.5,29.5,27.7,28.4,1191652.0
2026-09-14,TWSE,2034,允強,20.4,20.4,20.2,20.25,584277.0
2026-09-14,TWSE,2038,海光,12.2,12.35,12.1,12.1,103108.0
2026-09-14,TWSE,2049,上銀,354.5,378.0,346.0,359.0,8834128.0
2026-09-14,TWSE,2059,川湖,12300.0,12300.0,11950.0,12080.0,399167.0
2026-09-14,TWSE,2062,橋椿,18.1,18.3,18.1,18.1,161586.0
2026-09-14,TWSE,2069,運錩,23.3,25.2,23.3,24.65,3483002.0
2026-09-14,TWSE,2072,世紀風電,130.0,130.5,126.5,127.0,416167.0
2026-09-14,TWSE,2101,南港,30.25,30.6,30.25,30.25,869838.0
2026-09-14,TWSE,2102,泰豐,17.8,17.95,17.7,17.95,92589.0
2026-09-14,TWSE,2103,台橡,25.5,25.95,25.3,25.75,2539776.0
2026-09-14,TWSE,2104,國際中橡,10.45,10.55,10.4,10.5,2010432.0
2026-09-14,TWSE,2105,正新,30.45,30.5,30.3,30.4,2957716.0
2026-09-14,TWSE,2106,建大,16.75,16.8,16.7,16.7,780713.0
2026-09-14,TWSE,2107,厚生,27.05,27.05,26.7,26.75,211838.0
2026-09-14,TWSE,2108,南帝,29.0,29.3,28.9,29.1,489135.0
2026-09-14,TWSE,2109,華豐,14.75,14.85,14.6,14.7,154542.0
2026-09-14,TWSE,2114,鑫永銓,89.4,89.5,88.6,89.2,26080.0
2026-09-14,TWSE,2115,六暉-KY,23.75,23.8,23.7,23.75,64456.0
2026-09-14,TWSE,2201,裕隆,30.0,30.4,29.95,30.0,2773874.0
2026-09-14,TWSE,2204,中華,53.0,53.1,52.7,52.8,564058.0
2026-09-14,TWSE,2206,三陽工業,63.6,63.6,62.7,63.1,909814.0
2026-09-14,TWSE,2207,和泰車,521.0,531.0,521.0,530.0,157054.0
2026-09-14,TWSE,2208,台船,19.05,19.25,18.9,19.1,4230791.0
2026-09-14,TWSE,2211,長榮鋼,83.0,83.5,82.5,82.7,397512.0
2026-09-14,TWSE,2227,裕日車,47.0,47.1,46.9,47.1,39584.0
2026-09-14,TWSE,2228,劍麟,75.6,75.6,74.6,74.7,53703.0
2026-09-14,TWSE,2231,為升,89.7,90.7,89.2,89.3,162029.0
2026-09-14,TWSE,2233,宇隆,161.0,162.5,159.5,160.5,406868.0
2026-09-14,TWSE,2236,百達-KY,125.0,129.0,121.5,123.0,349124.0
2026-09-14,TWSE,2237,華德動能-創,27.7,27.7,27.15,27.2,209792.0
2026-09-14,TWSE,2239,英利-KY,19.6,19.6,19.05,19.25,53090.0
2026-09-14,TWSE,2241,艾姆勒,34.3,34.7,33.9,33.9,195134.0
2026-09-14,TWSE,2243,宏旭-KY,48.0,51.2,48.0,50.0,639765.0
2026-09-14,TWSE,2247,汎德永業,227.0,230.0,227.0,230.0,17981.0
2026-09-14,TWSE,2248,華勝-KY,61.3,61.3,59.0,59.3,67465.0
2026-09-14,TWSE,2250,IKKA-KY,57.3,57.3,55.8,55.8,43822.0
2026-09-14,TWSE,2254,巨鎧精密-創,65.6,66.0,64.9,65.8,834010.0
2026-09-14,TWSE,2258,鴻華先進-創,30.5,30.9,30.1,30.55,439498.0
2026-09-14,TWSE,2301,光寶科,283.0,283.0,272.0,277.0,21494554.0
2026-09-14,TWSE,2302,麗正,41.95,42.5,40.75,41.0,1747354.0
2026-09-14,TWSE,2303,聯電,139.0,141.5,137.5,140.5,120877009.0
2026-09-14,TWSE,2305,全友,38.65,41.05,37.7,41.05,57982441.0
2026-09-14,TWSE,2308,台達電,1595.0,1635.0,1595.0,1620.0,15924565.0
2026-09-14,TWSE,2312,金寶,30.6,30.85,30.4,30.45,7057940.0
2026-09-14,TWSE,2313,華通,220.0,224.0,218.5,221.5,9352804.0
2026-09-14,TWSE,2314,台揚,10.5,10.5,10.35,10.5,127766.0
2026-09-14,TWSE,2316,楠梓電,157.5,159.5,154.0,158.0,1489229.0
2026-09-14,TWSE,2317,鴻海,247.5,249.5,247.0,248.0,24164352.0
2026-09-14,TWSE,2323,中環,10.5,10.75,10.5,10.7,4726062.0
2026-09-14,TWSE,2324,仁寶,38.0,38.1,37.65,37.8,34534208.0
2026-09-14,TWSE,2327,國巨*,552.0,570.0,544.0,544.0,35558765.0
2026-09-14,TWSE,2328,廣宇,45.6,46.45,45.5,46.0,1183172.0
2026-09-14,TWSE,2329,華泰,41.5,41.95,41.35,41.6,1348641.0
2026-09-14,TWSE,2330,台積電,2430.0,2430.0,2405.0,2410.0,21131357.0
2026-09-14,TWSE,2331,精英,18.5,18.8,18.5,18.7,795070.0
2026-09-14,TWSE,2332,友訊,18.85,19.15,18.65,19.0,6713977.0
2026-09-14,TWSE,2337,旺宏,118.5,120.5,117.5,119.0,22360977.0
2026-09-14,TWSE,2338,光罩,44.75,49.4,44.0,47.75,67315117.0
2026-09-14,TWSE,2340,台亞,31.4,32.1,30.7,31.65,2286140.0
2026-09-14,TWSE,2342,茂矽,38.6,38.6,37.6,37.7,1300187.0
2026-09-14,TWSE,2344,華邦電,173.0,173.5,170.5,171.5,74789115.0
2026-09-14,TWSE,2345,智邦,1910.0,1925.0,1870.0,1885.0,4090126.0
2026-09-14,TWSE,2347,聯強,87.6,89.6,87.6,89.0,2484676.0
2026-09-14,TWSE,2348,海悅,71.0,71.0,70.1,70.3,282334.0
2026-09-14,TWSE,2349,錸德,10.4,10.4,10.25,10.3,1355048.0
2026-09-14,TWSE,2351,順德,226.5,237.5,226.5,234.0,3662954.0
2026-09-14,TWSE,2352,佳世達,28.75,29.0,28.65,28.7,2516741.0
2026-09-14,TWSE,2353,宏碁,31.1,31.2,30.75,31.1,9509718.0
2026-09-14,TWSE,2354,鴻準,64.1,66.7,63.9,65.7,18151328.0
2026-09-14,TWSE,2355,敬鵬,41.65,42.0,41.3,41.5,1370968.0
2026-09-14,TWSE,2356,英業達,61.5,62.2,60.8,62.0,9980073.0
2026-09-14,TWSE,2357,華碩,930.0,930.0,912.0,924.0,5904124.0
2026-09-14,TWSE,2359,所羅門,127.0,130.5,127.0,128.0,2493198.0
2026-09-14,TWSE,2360,致茂,2175.0,2235.0,2120.0,2160.0,2248955.0
2026-09-14,TWSE,2362,藍天,47.3,47.45,46.8,47.15,641879.0
2026-09-14,TWSE,2363,矽統,51.6,51.8,50.5,50.7,4409621.0
2026-09-14,TWSE,2364,倫飛,62.1,62.9,61.9,62.0,241398.0
2026-09-14,TWSE,2365,昆盈,28.0,28.35,27.9,28.05,448380.0
2026-09-14,TWSE,2367,燿華,40.05,41.0,40.05,40.7,2077151.0
2026-09-14,TWSE,2368,金像電,1010.0,1040.0,1000.0,1030.0,4402634.0
2026-09-14,TWSE,2369,菱生,29.5,29.75,29.2,29.5,2514939.0
2026-09-14,TWSE,2371,大同,27.5,27.7,27.3,27.45,4457513.0
2026-09-14,TWSE,2373,震旦行,52.8,53.0,52.8,52.9,21731.0
2026-09-14,TWSE,2374,佳能,66.5,68.0,66.4,67.3,1827659.0
2026-09-14,TWSE,2375,凱美,119.5,123.5,118.0,118.5,2981405.0
2026-09-14,TWSE,2376,技嘉,343.5,350.5,342.5,349.0,3432007.0
2026-09-14,TWSE,2377,微星,146.0,151.0,144.5,149.0,8830213.0
2026-09-14,TWSE,2379,瑞昱,691.0,704.0,688.0,704.0,1978660.0
2026-09-14,TWSE,2380,虹光,17.1,17.5,16.85,16.9,165483.0
2026-09-14,TWSE,2382,廣達,330.5,336.5,329.5,336.5,11011208.0
2026-09-14,TWSE,2383,台光電,5270.0,5420.0,5210.0,5365.0,1100726.0
2026-09-14,TWSE,2385,群光,102.5,105.5,102.0,105.0,1802172.0
2026-09-14,TWSE,2387,精元,36.7,36.9,36.3,36.35,209808.0
2026-09-14,TWSE,2388,威盛,75.7,76.5,75.1,75.2,2593225.0
2026-09-14,TWSE,2390,云辰,10.1,10.35,10.0,10.0,801841.0
2026-09-14,TWSE,2392,正崴,42.3,43.15,41.0,42.3,2532212.0
2026-09-14,TWSE,2393,億光,61.5,62.1,61.3,62.1,833766.0
2026-09-14,TWSE,2395,研華,655.0,695.0,650.0,674.0,4777433.0
2026-09-14,TWSE,2397,友通,59.4,60.5,59.3,59.8,255543.0
2026-09-14,TWSE,2399,映泰,45.3,46.15,45.15,45.5,2215732.0
2026-09-14,TWSE,2401,凌陽,24.25,24.35,23.7,24.1,2658941.0
2026-09-14,TWSE,2402,毅嘉,53.8,54.3,53.4,54.0,1034429.0
2026-09-14,TWSE,2404,漢唐,1025.0,1040.0,1000.0,1005.0,1637345.0
2026-09-14,TWSE,2405,輔信,14.55,14.8,14.55,14.65,991005.0
2026-09-14,TWSE,2406,國碩,26.5,26.9,26.3,26.4,3041349.0
2026-09-14,TWSE,2408,南亞科,498.0,498.0,490.0,493.0,38482147.0
2026-09-14,TWSE,2409,友達,30.5,30.9,29.0,30.2,519203137.0
2026-09-14,TWSE,2412,中華電,140.0,140.5,139.0,140.5,14548634.0
2026-09-14,TWSE,2413,環科,49.4,52.0,48.5,50.2,5052523.0
2026-09-14,TWSE,2414,精技,52.5,53.5,52.4,53.0,229635.0
2026-09-14,TWSE,2415,錩新,27.2,27.55,27.05,27.05,107543.0
2026-09-14,TWSE,2417,圓剛,38.15,38.7,38.05,38.4,290606.0
2026-09-14,TWSE,2419,仲琦,26.9,27.35,26.8,27.05,966605.0
2026-09-14,TWSE,2420,新巨,54.0,54.1,53.2,53.3,439223.0
2026-09-14,TWSE,2421,建準,161.0,166.5,160.0,164.5,2503930.0
2026-09-14,TWSE,2423,固緯,71.8,73.0,71.3,72.2,121367.0
2026-09-14,TWSE,2424,隴華,8.02,8.49,8.01,8.01,139000.0
2026-09-14,TWSE,2425,承啟,36.5,37.6,36.5,36.95,725103.0
2026-09-14,TWSE,2426,鼎元,94.0,101.5,92.4,97.1,50681192.0
2026-09-14,TWSE,2427,三商電,22.4,22.9,22.3,22.4,885909.0
2026-09-14,TWSE,2428,興勤,247.5,263.0,247.0,255.0,2241225.0
2026-09-14,TWSE,2429,銘旺科,30.6,31.1,30.1,30.45,140022.0
2026-09-14,TWSE,2430,燦坤,17.95,17.95,17.7,17.95,44635.0
2026-09-14,TWSE,2431,聯昌,9.96,9.98,9.93,9.98,106551.0
2026-09-14,TWSE,2432,倚天酷碁-創,27.25,27.25,27.2,27.2,15530.0
2026-09-14,TWSE,2433,互盛電,41.0,41.05,41.0,41.05,33272.0
2026-09-14,TWSE,2434,統懋,58.2,60.2,58.2,60.2,258793.0
2026-09-14,TWSE,2436,偉詮電,67.0,67.4,66.4,67.1,3317408.0
2026-09-14,TWSE,2438,翔耀,19.1,19.45,19.0,19.05,123680.0
2026-09-14,TWSE,2439,美律,76.1,76.9,76.0,76.5,742851.0
2026-09-14,TWSE,2440,太空梭,14.2,14.2,13.8,14.05,199000.0
2026-09-14,TWSE,2441,超豐,113.5,113.5,110.5,111.5,2722337.0
2026-09-14,TWSE,2442,新美齊,15.5,15.5,14.95,15.1,1602368.0
2026-09-14,TWSE,2444,兆勁,11.5,12.3,11.5,12.2,1486861.0
2026-09-14,TWSE,2449,京元電子,266.0,266.5,260.0,263.0,17759730.0
2026-09-14,TWSE,2450,神腦,28.1,28.4,28.1,28.3,52005.0
2026-09-14,TWSE,2451,創見,279.0,279.5,275.0,276.5,2210620.0
2026-09-14,TWSE,2453,凌群,52.7,53.2,52.1,52.7,379472.0
2026-09-14,TWSE,2454,聯發科,4635.0,4655.0,4535.0,4585.0,7591878.0
2026-09-14,TWSE,2455,全新,514.0,527.0,499.5,515.0,1842066.0
2026-09-14,TWSE,2457,飛宏,22.3,22.3,21.85,21.85,1195388.0
2026-09-14,TWSE,2458,義隆,126.0,128.0,126.0,126.5,892804.0
2026-09-14,TWSE,2459,敦吉,65.3,65.7,65.2,65.5,47523.0
2026-09-14,TWSE,2460,建通,30.5,30.65,29.8,30.05,507623.0
2026-09-14,TWSE,2461,光群雷,17.7,17.8,17.3,17.65,389983.0
2026-09-14,TWSE,2462,良得電,19.25,19.35,19.0,19.25,186112.0
2026-09-14,TWSE,2464,盟立,187.0,192.0,183.0,188.5,10923447.0
2026-09-14,TWSE,2465,麗臺,88.9,91.5,88.7,90.0,1621201.0
2026-09-14,TWSE,2466,冠西電,100.0,109.5,100.0,106.0,1996361.0
2026-09-14,TWSE,2467,志聖,563.0,582.0,546.0,552.0,1186327.0
2026-09-14,TWSE,2468,華經,33.0,35.8,33.0,35.8,4234479.0
2026-09-14,TWSE,2471,資通,49.7,50.4,49.05,49.8,93015.0
2026-09-14,TWSE,2472,立隆電,212.5,221.0,211.5,213.5,2416404.0
2026-09-14,TWSE,2474,可成,202.5,205.0,202.0,204.0,1585455.0
2026-09-14,TWSE,2476,鉅祥,117.5,118.5,116.0,118.0,931731.0
2026-09-14,TWSE,2477,美隆電,21.95,22.0,21.9,22.0,52380.0
2026-09-14,TWSE,2478,大毅,120.0,124.0,118.0,118.5,2662181.0
2026-09-14,TWSE,2480,敦陽科,155.0,158.0,155.0,157.5,208382.0
2026-09-14,TWSE,2481,強茂,151.0,157.0,149.0,150.0,27272517.0
2026-09-14,TWSE,2482,連宇,15.8,15.8,15.6,15.75,83551.0
2026-09-14,TWSE,2483,百容,30.6,30.85,29.95,30.1,601889.0
2026-09-14,TWSE,2484,希華,67.2,67.5,66.2,66.7,3520829.0
2026-09-14,TWSE,2485,兆赫,39.1,39.45,38.55,38.55,2097379.0
2026-09-14,TWSE,2486,一詮,236.0,243.0,235.0,237.5,4035275.0
2026-09-14,TWSE,2488,漢平,49.1,49.1,48.25,48.55,158617.0
2026-09-14,TWSE,2489,瑞軒,36.7,37.65,36.7,36.9,12150618.0
2026-09-14,TWSE,2491,吉祥全,39.3,40.7,38.6,39.6,1568607.0
2026-09-14,TWSE,2492,華新科,320.5,340.0,310.0,311.5,57397388.0
2026-09-14,TWSE,2493,揚博,172.0,174.5,170.0,173.5,849445.0
2026-09-14,TWSE,2495,普安,37.0,38.9,37.0,37.45,2135847.0
2026-09-14,TWSE,2496,卓越,54.5,54.6,54.4,54.6,10038.0
2026-09-14,TWSE,2497,怡利電,42.2,43.2,42.2,43.1,162185.0
2026-09-14,TWSE,2498,宏達電,39.9,40.3,39.8,39.95,1980958.0
2026-09-14,TWSE,2501,國建,22.2,22.3,22.05,22.15,1155871.0
2026-09-14,TWSE,2504,國產,31.3,31.55,31.3,31.3,596329.0
2026-09-14,TWSE,2505,國揚,17.35,17.4,17.2,17.3,97763.0
2026-09-14,TWSE,2506,太設,8.57,8.71,8.52,8.7,186911.0
2026-09-14,TWSE,2509,全坤建,14.6,14.75,14.4,14.45,146703.0
2026-09-14,TWSE,2511,太子,8.44,8.46,8.4,8.45,530740.0
2026-09-14,TWSE,2514,龍邦,11.7,11.7,11.55,11.6,85707.0
2026-09-14,TWSE,2515,中工,11.95,12.0,11.9,12.0,3281211.0
2026-09-14,TWSE,2516,新建,14.7,14.75,14.4,14.5,103224.0
2026-09-14,TWSE,2520,冠德,36.05,36.7,36.05,36.45,532088.0
2026-09-14,TWSE,2524,京城,34.55,34.6,34.05,34.3,59285.0
2026-09-14,TWSE,2527,宏璟,44.0,44.25,42.55,43.45,686565.0
2026-09-14,TWSE,2528,皇普,19.9,20.05,19.7,19.8,261605.0
2026-09-14,TWSE,2530,華建,19.5,20.2,19.45,20.1,1137524.0
2026-09-14,TWSE,2534,宏盛,16.75,16.8,16.7,16.75,142023.0
2026-09-14,TWSE,2535,達欣工,89.5,90.1,89.4,89.8,156074.0
2026-09-14,TWSE,2536,宏普,19.15,19.2,19.0,19.1,417106.0
2026-09-14,TWSE,2537,聯上發,11.35,11.4,11.25,11.3,262793.0
2026-09-14,TWSE,2538,基泰,8.73,8.78,8.71,8.74,282334.0
2026-09-14,TWSE,2539,櫻花建,35.05,35.55,34.95,35.15,864961.0
2026-09-14,TWSE,2540,愛山林,49.2,49.7,49.0,49.1,517567.0
2026-09-14,TWSE,2542,興富發,46.0,46.85,46.0,46.5,6255442.0
2026-09-14,TWSE,2543,皇昌,38.5,38.75,37.9,37.9,1344710.0
2026-09-14,TWSE,2545,皇翔,34.05,34.15,33.7,33.75,231187.0
2026-09-14,TWSE,2546,根基,101.0,103.0,101.0,101.0,156772.0
2026-09-14,TWSE,2547,日勝生,9.95,9.95,9.8,9.82,2786114.0
2026-09-14,TWSE,2548,華固,94.4,95.3,94.0,94.9,543962.0
2026-09-14,TWSE,2597,潤弘,169.5,171.5,168.5,169.0,171133.0
2026-09-14,TWSE,2601,益航,6.66,6.69,6.52,6.54,2500788.0
2026-09-14,TWSE,2603,長榮,229.0,235.5,228.5,234.5,8626038.0
2026-09-14,TWSE,2605,新興,35.95,37.5,35.9,36.5,15254289.0
2026-09-14,TWSE,2606,裕民,77.0,79.3,76.3,76.5,5184382.0
2026-09-14,TWSE,2607,榮運,52.6,53.4,52.6,53.3,271321.0
2026-09-14,TWSE,2608,嘉里大榮,28.7,29.3,28.7,28.9,1015721.0
2026-09-14,TWSE,2609,陽明,57.6,60.7,57.6,59.4,79512906.0
2026-09-14,TWSE,2610,華航,20.0,20.45,20.0,20.4,13188384.0
2026-09-14,TWSE,2611,志信,14.0,14.15,13.8,13.9,294368.0
2026-09-14,TWSE,2612,中航,63.4,65.6,63.0,64.2,933428.0
2026-09-14,TWSE,2613,中櫃,22.15,22.65,22.1,22.25,269182.0
2026-09-14,TWSE,2614,東森,17.95,18.0,17.85,17.95,305215.0
2026-09-14,TWSE,2615,萬海,109.0,114.5,109.0,112.0,27656631.0
2026-09-14,TWSE,2616,山隆,13.3,13.4,13.3,13.35,118108.0
2026-09-14,TWSE,2617,台航,33.45,34.75,33.35,33.65,5793879.0
2026-09-14,TWSE,2618,長榮航,41.55,42.45,41.55,42.35,17079967.0
2026-09-14,TWSE,2630,亞航,47.55,49.8,47.5,48.0,1899639.0
2026-09-14,TWSE,2633,台灣高鐵,25.85,26.15,25.85,26.05,3739231.0
2026-09-14,TWSE,2634,漢翔,63.6,65.8,63.0,63.8,17127563.0
2026-09-14,TWSE,2636,台驊控股,70.8,71.4,70.5,71.2,837082.0
2026-09-14,TWSE,2637,慧洋-KY,98.3,103.5,98.3,101.0,6806320.0
2026-09-14,TWSE,2642,宅配通,20.2,20.3,20.2,20.25,32145.0
2026-09-14,TWSE,2645,長榮航太,172.0,176.0,171.0,173.0,1922734.0
2026-09-14,TWSE,2646,星宇航空,20.2,20.3,20.15,20.2,4532460.0
2026-09-14,TWSE,2701,萬企,10.35,10.4,10.3,10.35,48494.0
2026-09-14,TWSE,2702,華園,12.65,12.7,12.6,12.7,79139.0
2026-09-14,TWSE,2704,國賓,46.0,46.0,45.2,45.75,113270.0
2026-09-14,TWSE,2705,六福,15.5,15.6,15.45,15.5,81793.0
2026-09-14,TWSE,2706,第一店,12.2,12.25,12.15,12.2,89346.0
2026-09-14,TWSE,2707,晶華,177.5,178.5,177.5,177.5,96457.0
2026-09-14,TWSE,2712,遠雄來,14.25,14.25,14.25,14.25,2000.0
2026-09-14,TWSE,2722,夏都,21.7,21.7,21.35,21.45,17138.0
2026-09-14,TWSE,2723,美食-KY,78.4,79.0,77.7,77.7,370052.0
2026-09-14,TWSE,2727,王品,228.5,230.0,228.5,229.0,147414.0
2026-09-14,TWSE,2731,雄獅,142.5,142.5,141.0,141.0,286338.0
2026-09-14,TWSE,2739,寒舍,37.4,37.8,37.25,37.25,82343.0
2026-09-14,TWSE,2748,雲品,39.2,39.2,38.7,38.8,72199.0
2026-09-14,TWSE,2753,八方雲集,178.0,178.5,177.5,178.0,114801.0
2026-09-14,TWSE,2762,世界健身-KY,80.1,82.9,79.6,79.9,148063.0
2026-09-14,TWSE,2801,彰銀,26.75,27.95,26.55,27.9,38086522.0
2026-09-14,TWSE,2812,台中銀,19.1,19.55,19.05,19.5,29131881.0
2026-09-14,TWSE,2816,旺旺保,38.65,39.7,38.65,39.6,454061.0
2026-09-14,TWSE,2820,華票,17.15,17.45,17.05,17.4,6054938.0
2026-09-14,TWSE,2832,台產,56.7,57.2,56.2,57.0,415185.0
2026-09-14,TWSE,2834,臺企銀,17.7,18.0,17.55,18.0,38854381.0
2026-09-14,TWSE,2836,高雄銀,12.15,12.3,12.15,12.3,1550728.0
2026-09-14,TWSE,2838,聯邦銀,20.8,21.15,20.8,21.05,1859432.0
2026-09-14,TWSE,2845,遠東銀,13.35,13.7,13.35,13.7,11371305.0
2026-09-14,TWSE,2849,安泰銀,15.35,15.75,15.35,15.65,146766.0
2026-09-14,TWSE,2850,新產,156.5,159.5,156.5,159.0,156596.0
2026-09-14,TWSE,2851,中再保,44.95,47.45,44.9,47.15,5733749.0
2026-09-14,TWSE,2852,第一保,27.7,28.1,27.7,28.05,261674.0
2026-09-14,TWSE,2855,統一證,51.0,52.0,50.5,51.9,3714186.0
2026-09-14,TWSE,2880,華南金,44.75,45.9,44.6,45.85,18673673.0
2026-09-14,TWSE,2881,富邦金,146.0,148.5,144.0,148.5,10662888.0
2026-09-14,TWSE,2882,國泰金,109.0,111.0,108.0,110.5,15394406.0
2026-09-14,TWSE,2883,凱基金,36.95,37.85,36.75,37.85,44415166.0
2026-09-14,TWSE,2884,玉山金,44.7,46.3,44.35,46.3,50967537.0
2026-09-14,TWSE,2885,元大金,69.6,70.3,68.5,70.0,17923620.0
2026-09-14,TWSE,2886,兆豐金,49.4,51.9,49.4,51.7,35912878.0
2026-09-14,TWSE,2887,台新新光金,41.6,42.8,41.55,42.65,41541777.0
2026-09-14,TWSE,2889,國票金,16.4,16.75,16.25,16.75,17403008.0
2026-09-14,TWSE,2890,永豐金,42.8,44.1,42.6,43.7,32601711.0
2026-09-14,TWSE,2891,中信金,66.5,67.4,66.3,67.1,22714818.0
2026-09-14,TWSE,2892,第一金,37.7,39.05,37.7,38.9,34933986.0
2026-09-14,TWSE,2897,王道銀行,10.8,11.0,10.75,11.0,3621275.0
2026-09-14,TWSE,2901,欣欣,23.3,23.55,23.0,23.0,28232.0
2026-09-14,TWSE,2903,遠百,22.3,22.45,22.25,22.3,920658.0
2026-09-14,TWSE,2904,匯僑,12.65,12.65,12.55,12.55,25969.0
2026-09-14,TWSE,2905,三商,18.2,18.6,18.0,18.5,1630561.0
2026-09-14,TWSE,2906,高林,13.85,14.1,13.8,13.9,136037.0
2026-09-14,TWSE,2908,特力,22.1,22.1,21.9,21.95,203171.0
2026-09-14,TWSE,2910,統領,24.05,24.05,23.25,23.25,13707.0
2026-09-14,TWSE,2911,麗嬰房,6.41,6.48,6.36,6.39,42771.0
2026-09-14,TWSE,2912,統一超,217.0,218.0,216.0,216.5,1098197.0
2026-09-14,TWSE,2913,農林,11.0,11.0,10.9,10.9,564636.0
2026-09-14,TWSE,2915,潤泰全,56.4,56.9,56.0,56.6,1308487.0
2026-09-14,TWSE,2923,鼎固-KY,26.6,26.6,24.7,25.4,240973.0
2026-09-14,TWSE,2929,淘帝-KY,5.74,5.83,5.7,5.72,122209.0
2026-09-14,TWSE,2939,永邑-KY,19.7,19.7,19.7,19.7,457002.0
2026-09-14,TWSE,2945,三商家購,39.3,39.65,39.25,39.65,8365.0
2026-09-14,TWSE,3002,歐格,17.0,17.1,16.75,17.05,60384.0
2026-09-14,TWSE,3003,健和興,57.3,58.1,56.7,57.0,838069.0
2026-09-14,TWSE,3004,豐達科,120.5,121.5,118.5,118.5,308627.0
2026-09-14,TWSE,3005,神基,114.0,116.0,113.0,115.5,1906337.0
2026-09-14,TWSE,3006,晶豪科,304.0,304.5,282.0,290.5,20614655.0
2026-09-14,TWSE,3008,大立光,6520.0,6900.0,6420.0,6660.0,1987534.0
2026-09-14,TWSE,3010,華立,123.5,126.0,123.0,124.5,417514.0
2026-09-14,TWSE,3011,今皓,9.89,10.05,9.7,9.7,425708.0
2026-09-14,TWSE,3013,晟銘電,85.8,89.3,84.7,84.7,1752990.0
2026-09-14,TWSE,3014,聯陽,129.0,130.5,129.0,130.5,495734.0
2026-09-14,TWSE,3015,全漢,51.2,52.3,51.2,51.6,248390.0
2026-09-14,TWSE,3016,嘉晶,106.5,109.5,101.0,109.5,19649188.0
2026-09-14,TWSE,3017,奇鋐,3360.0,3390.0,3300.0,3370.0,2111512.0
2026-09-14,TWSE,3018,隆銘綠能,11.0,11.1,10.95,11.05,30937.0
2026-09-14,TWSE,3019,亞光,136.5,141.5,135.5,137.5,2701523.0
2026-09-14,TWSE,3021,鴻名,23.8,24.3,23.3,23.5,285866.0
2026-09-14,TWSE,3022,威強電,82.2,85.0,82.1,83.2,1163839.0
2026-09-14,TWSE,3023,信邦,323.0,325.0,321.0,322.0,446538.0
2026-09-14,TWSE,3024,憶聲,14.55,14.55,14.1,14.4,1064637.0
2026-09-14,TWSE,3025,星通,50.3,51.2,50.0,50.7,116163.0
2026-09-14,TWSE,3026,禾伸堂,782.0,803.0,737.0,744.0,14914692.0
2026-09-14,TWSE,3027,盛達,17.8,18.0,17.7,17.7,85797.0
2026-09-14,TWSE,3028,增你強,61.6,62.0,61.3,61.7,521603.0
2026-09-14,TWSE,3029,零壹,114.5,118.0,113.5,116.5,6837674.0
2026-09-14,TWSE,3030,德律,264.5,264.5,261.0,263.0,633921.0
2026-09-14,TWSE,3031,佰鴻,23.95,23.95,23.5,23.6,491613.0
2026-09-14,TWSE,3032,偉訓,77.0,77.0,73.0,73.0,1061840.0
2026-09-14,TWSE,3033,威健,41.5,41.95,41.35,41.55,2044160.0
2026-09-14,TWSE,3034,聯詠,536.0,547.0,536.0,547.0,2414338.0
2026-09-14,TWSE,3035,智原,175.0,176.0,169.5,169.5,3566876.0
2026-09-14,TWSE,3036,文曄,190.0,192.0,189.0,191.0,4084350.0
2026-09-14,TWSE,3037,欣興,969.0,990.0,958.0,977.0,11445626.0
2026-09-14,TWSE,3038,全台,20.05,20.1,19.9,20.0,350721.0
2026-09-14,TWSE,3040,遠見,34.15,34.3,33.45,34.1,436160.0
2026-09-14,TWSE,3041,揚智,22.7,22.8,22.35,22.5,460807.0
2026-09-14,TWSE,3042,晶技,176.0,178.0,173.5,176.0,6057403.0
2026-09-14,TWSE,3043,科風,20.5,20.5,20.05,20.25,53311.0
2026-09-14,TWSE,3044,健鼎,494.0,514.0,490.0,508.0,2664934.0
2026-09-14,TWSE,3045,台灣大,119.0,121.0,119.0,121.0,5785236.0
2026-09-14,TWSE,3046,建碁,52.0,52.8,52.0,52.3,270771.0
2026-09-14,TWSE,3047,訊舟,13.7,13.8,13.5,13.55,431614.0
2026-09-14,TWSE,3048,益登,50.5,51.0,50.1,50.2,1079726.0
2026-09-14,TWSE,3049,精金,12.1,12.3,12.0,12.1,3504288.0
2026-09-14,TWSE,3050,鈺德,11.1,11.2,11.1,11.1,188461.0
2026-09-14,TWSE,3051,力特,21.1,22.15,20.85,21.15,1108604.0
2026-09-14,TWSE,3052,夆典,10.35,10.4,10.2,10.4,457429.0
2026-09-14,TWSE,3054,立萬利,56.0,57.7,55.6,56.0,35420.0
2026-09-14,TWSE,3055,蔚華科,158.5,162.0,148.0,154.5,11742273.0
2026-09-14,TWSE,3056,富華新,13.95,13.95,13.7,13.75,611342.0
2026-09-14,TWSE,3057,喬鼎,15.5,16.95,15.5,16.75,91505.0
2026-09-14,TWSE,3058,立德,8.08,8.15,8.02,8.03,349706.0
2026-09-14,TWSE,3059,華晶科,37.4,37.75,37.2,37.25,1123309.0
2026-09-14,TWSE,3060,銘異,26.5,26.85,26.15,26.6,553992.0
2026-09-14,TWSE,3062,建漢,20.25,20.65,20.15,20.55,979348.0
2026-09-14,TWSE,3090,日電貿,165.0,170.5,163.0,163.0,4471621.0
2026-09-14,TWSE,3092,鴻碩,23.2,23.6,22.8,22.8,139737.0
2026-09-14,TWSE,3094,聯傑,41.05,41.6,40.35,40.9,2294363.0
2026-09-14,TWSE,3130,一零四,209.0,209.5,208.0,209.0,51104.0
2026-09-14,TWSE,3135,凌航,163.0,164.5,161.0,162.5,849586.0
2026-09-14,TWSE,3138,耀登,88.8,89.9,88.3,89.0,97214.0
2026-09-14,TWSE,3149,正達,60.0,64.0,59.8,62.3,5226750.0
2026-09-14,TWSE,3150,鈺寶-創,16.0,16.0,15.7,15.8,13251.0
2026-09-14,TWSE,3164,景岳,16.0,16.0,15.8,15.95,9483.0
2026-09-14,TWSE,3167,大量,828.0,859.0,806.0,828.0,4549544.0
2026-09-14,TWSE,3168,眾福科,42.3,42.75,42.3,42.75,4200.0
2026-09-14,TWSE,3189,景碩,811.0,833.0,806.0,822.0,8394038.0
2026-09-14,TWSE,3209,全科,45.45,45.75,44.55,44.65,2277511.0
2026-09-14,TWSE,3229,晟鈦,61.3,67.5,61.2,67.5,7223482.0
2026-09-14,TWSE,3231,緯創,182.0,188.0,181.0,185.5,43003222.0
2026-09-14,TWSE,3257,虹冠電,46.6,46.9,46.2,46.7,176479.0
2026-09-14,TWSE,3266,昇陽,13.85,14.0,13.7,14.0,63000.0
2026-09-14,TWSE,3296,勝德,23.7,26.0,23.7,26.0,405295.0
2026-09-14,TWSE,3305,昇貿,99.5,101.5,99.2,99.9,1082603.0
2026-09-14,TWSE,3308,聯德,20.8,21.5,20.8,21.5,24216.0
2026-09-14,TWSE,3311,閎暉,34.75,35.0,34.7,35.0,419620.0
2026-09-14,TWSE,3312,弘憶股,47.6,48.75,47.5,47.55,560979.0
2026-09-14,TWSE,3321,同泰,16.9,17.35,16.9,17.35,128587.0
2026-09-14,TWSE,3338,泰碩,66.3,67.4,65.9,66.5,223151.0
2026-09-14,TWSE,3346,麗清,20.55,20.7,19.0,19.8,1314908.0
2026-09-14,TWSE,3376,新日興,185.5,189.0,182.0,183.0,6129310.0
2026-09-14,TWSE,3380,明泰,30.25,31.15,30.25,30.75,2234714.0
2026-09-14,TWSE,3406,玉晶光,1020.0,1140.0,1000.0,1060.0,10717908.0
2026-09-14,TWSE,3413,京鼎,280.0,281.5,276.0,279.5,1368110.0
2026-09-14,TWSE,3416,融程電,159.0,162.5,158.0,160.5,238114.0
2026-09-14,TWSE,3419,譁裕,11.15,11.2,11.0,11.0,76209.0
2026-09-14,TWSE,3432,台端,14.25,14.45,14.25,14.45,9050.0
2026-09-14,TWSE,3437,榮創,19.0,19.0,18.0,18.15,2415950.0
2026-09-14,TWSE,3443,創意,6200.0,6200.0,5970.0,6120.0,1484010.0
2026-09-14,TWSE,3447,展達,27.0,27.55,26.8,26.85,108169.0
2026-09-14,TWSE,3450,聯鈞,505.0,518.0,505.0,512.0,1871232.0
2026-09-14,TWSE,3481,群創,48.1,48.35,47.25,47.7,139160521.0
2026-09-14,TWSE,3494,誠研,7.09,7.18,7.03,7.11,68309.0
2026-09-14,TWSE,3501,維熹,39.0,39.0,38.7,38.7,90816.0
2026-09-14,TWSE,3504,揚明光,81.3,85.6,80.6,80.7,2352024.0
2026-09-14,TWSE,3515,華擎,211.0,211.0,206.5,207.0,1786060.0
2026-09-14,TWSE,3518,柏騰,29.15,30.1,28.9,28.95,583695.0
2026-09-14,TWSE,3528,安馳,83.0,84.0,81.8,81.8,194198.0
2026-09-14,TWSE,3530,晶相光,57.8,57.8,55.1,56.5,139383.0
2026-09-14,TWSE,3532,台勝科,409.5,423.5,406.5,423.0,7432373.0
2026-09-14,TWSE,3533,嘉澤,1545.0,1595.0,1540.0,1580.0,1034014.0
2026-09-14,TWSE,3535,晶彩科,83.8,84.9,83.3,83.7,474443.0
2026-09-14,TWSE,3543,州巧,42.15,42.7,41.5,42.2,797373.0
2026-09-14,TWSE,3545,敦泰,48.8,49.45,48.5,48.55,648300.0
2026-09-14,TWSE,3550,聯穎,21.95,22.25,21.95,21.95,579447.0
2026-09-14,TWSE,3557,嘉威,23.6,23.6,23.15,23.3,32179.0
2026-09-14,TWSE,3563,牧德,655.0,667.0,652.0,659.0,402033.0
2026-09-14,TWSE,3576,聯合再生,16.5,16.6,16.4,16.4,4360624.0
2026-09-14,TWSE,3583,辛耘,695.0,716.0,690.0,704.0,669217.0
2026-09-14,TWSE,3588,通嘉,51.5,52.4,51.5,51.6,119447.0
2026-09-14,TWSE,3592,瑞鼎,220.5,221.0,218.5,219.5,279871.0
2026-09-14,TWSE,3593,力銘,10.0,10.35,10.0,10.35,3109.0
2026-09-14,TWSE,3596,智易,153.0,154.5,152.0,152.5,763969.0
2026-09-14,TWSE,3605,宏致,125.0,127.0,122.0,122.5,4915056.0
2026-09-14,TWSE,3607,谷崧,13.6,14.1,13.6,13.6,324151.0
2026-09-14,TWSE,3617,碩天,239.0,243.0,237.0,242.5,462394.0
2026-09-14,TWSE,3622,洋華,47.25,47.25,45.05,45.3,442632.0
2026-09-14,TWSE,3645,達邁,69.6,70.0,68.4,68.5,1456092.0
2026-09-14,TWSE,3652,精聯,32.7,33.25,32.5,32.8,62000.0
2026-09-14,TWSE,3653,健策,5650.0,5875.0,5615.0,5765.0,707675.0
2026-09-14,TWSE,3661,世芯-KY,3870.0,3870.0,3650.0,3650.0,5595150.0
2026-09-14,TWSE,3665,貿聯-KY,1880.0,1890.0,1850.0,1875.0,1944589.0
2026-09-14,TWSE,3669,圓展,32.75,32.75,32.3,32.3,148190.0
2026-09-14,TWSE,3673,TPK-KY,61.4,62.2,60.5,61.7,1642664.0
2026-09-14,TWSE,3679,新至陞,107.5,109.0,107.5,108.5,38310.0
2026-09-14,TWSE,3686,達能,14.2,14.2,14.1,14.15,147899.0
2026-09-14,TWSE,3694,海華,49.5,50.2,49.3,49.7,444277.0
2026-09-14,TWSE,3701,大眾控,40.0,40.55,39.65,39.9,621171.0
2026-09-14,TWSE,3702,大聯大,105.5,108.0,104.5,106.5,7925671.0
2026-09-14,TWSE,3703,欣陸,19.8,19.9,19.75,19.8,590561.0
2026-09-14,TWSE,3704,合勤控,39.0,40.75,38.85,40.5,3177682.0
2026-09-14,TWSE,3705,永信,55.9,55.9,55.4,55.8,80040.0
2026-09-14,TWSE,3706,神達,81.5,81.5,79.6,80.1,11525024.0
2026-09-14,TWSE,3708,上緯投控,96.2,97.2,95.7,95.7,492780.0
2026-09-14,TWSE,3711,日月光投控,630.0,630.0,605.0,618.0,22695774.0
2026-09-14,TWSE,3712,永崴投控,21.0,21.1,20.7,20.7,521490.0
2026-09-14,TWSE,3714,富采,60.6,62.5,60.5,61.7,6784296.0
2026-09-14,TWSE,3715,定穎投控,122.0,124.0,122.0,123.0,3109049.0
2026-09-14,TWSE,3716,中化控股,33.85,33.95,33.6,33.85,294202.0
2026-09-14,TWSE,3717,聯嘉投控,21.3,21.3,21.0,21.05,758063.0
2026-09-14,TWSE,4104,佳醫,72.8,72.8,71.9,72.6,203411.0
2026-09-14,TWSE,4106,雃博,24.4,24.4,24.05,24.35,117335.0
2026-09-14,TWSE,4108,懷特,11.2,11.2,11.0,11.1,505349.0
2026-09-14,TWSE,4119,旭富,58.7,58.7,57.3,58.3,349598.0
2026-09-14,TWSE,4133,亞諾法,20.35,20.4,20.15,20.25,45888.0
2026-09-14,TWSE,4137,麗豐-KY,76.2,76.7,74.9,75.2,158938.0
2026-09-14,TWSE,4142,國光生,17.5,17.5,17.2,17.2,777192.0
2026-09-14,TWSE,4148,全宇生技-KY,32.3,34.3,32.2,33.8,141786.0
2026-09-14,TWSE,4155,訊映,14.75,15.15,14.65,15.15,351331.0
2026-09-14,TWSE,4164,承業醫,25.2,25.5,25.2,25.5,272445.0
2026-09-14,TWSE,4169,泰宗,147.0,149.0,145.0,145.0,134666.0
2026-09-14,TWSE,4178,永笙-KY,16.85,16.85,16.0,16.5,132145.0
2026-09-14,TWSE,4190,佐登-KY,25.8,25.9,25.25,25.85,12735.0
2026-09-14,TWSE,4195,基米-創,13.85,13.85,13.35,13.6,73316.0
2026-09-14,TWSE,4306,炎洲,14.75,14.9,14.6,14.7,1648901.0
2026-09-14,TWSE,4414,如興,8.18,8.18,8.09,8.1,158634.0
2026-09-14,TWSE,4426,利勤,7.68,7.68,7.54,7.65,89175.0
2026-09-14,TWSE,4438,廣越,57.7,58.0,57.1,58.0,62136.0
2026-09-14,TWSE,4439,冠星-KY,93.3,94.7,93.3,94.5,28605.0
2026-09-14,TWSE,4440,宜新實業,17.45,17.6,17.45,17.6,17100.0
2026-09-14,TWSE,4441,振大環球,171.5,174.0,171.5,173.5,35045.0
2026-09-14,TWSE,4526,東台,30.55,31.3,30.2,30.3,1592005.0
2026-09-14,TWSE,4532,瑞智,23.55,23.6,23.3,23.45,648466.0
2026-09-14,TWSE,4536,拓凱,162.0,163.5,162.0,162.0,114838.0
2026-09-14,TWSE,4540,全球傳動,56.5,59.7,56.4,58.1,1194645.0
2026-09-14,TWSE,4545,銘鈺,32.5,34.5,32.3,32.6,577593.0
2026-09-14,TWSE,4551,智伸科,156.5,159.5,155.0,157.0,486821.0
2026-09-14,TWSE,4552,力達-KY,15.95,15.95,15.55,15.7,224661.0
2026-09-14,TWSE,4555,氣立,42.0,42.7,41.8,42.5,86763.0
2026-09-14,TWSE,4557,永新-KY,50.4,50.4,49.8,50.0,16101.0
2026-09-14,TWSE,4560,強信-KY,29.75,29.8,29.2,29.45,560010.0
2026-09-14,TWSE,4562,穎漢,29.1,29.5,29.0,29.3,87136.0
2026-09-14,TWSE,4564,元翎,15.5,15.85,15.5,15.7,499785.0
2026-09-14,TWSE,4566,時碩工業,63.2,65.5,62.9,64.9,918609.0
2026-09-14,TWSE,4569,六方科-KY,160.0,160.0,152.5,155.0,93667.0
2026-09-14,TWSE,4571,鈞興-KY,151.0,151.0,149.0,150.5,118528.0
2026-09-14,TWSE,4572,駐龍,145.5,145.5,140.5,142.5,25938.0
2026-09-14,TWSE,4576,大銀微系統,234.0,250.0,232.5,242.0,3945958.0
2026-09-14,TWSE,4581,光隆精密-KY,47.15,47.2,47.1,47.15,6020.0
2026-09-14,TWSE,4582,聚恆-創,23.0,23.6,22.1,22.7,80285.0
2026-09-14,TWSE,4583,台灣精銳,434.5,440.0,430.5,433.0,56456.0
2026-09-14,TWSE,4585,達明,289.5,298.0,286.0,298.0,774554.0
2026-09-14,TWSE,4588,玖鼎電力,51.0,51.0,50.3,50.6,20206.0
2026-09-14,TWSE,4590,富田-創,91.5,91.8,89.9,89.9,270976.0
2026-09-14,TWSE,4720,德淵,18.15,18.3,18.15,18.25,270594.0
2026-09-14,TWSE,4722,國精化,180.5,193.5,177.5,184.0,939412.0
2026-09-14,TWSE,4736,泰博,128.5,129.0,127.5,127.5,156507.0
2026-09-14,TWSE,4737,華廣,58.2,58.4,56.9,58.4,78085.0
2026-09-14,TWSE,4739,康普,76.9,79.8,76.0,78.1,1307360.0
2026-09-14,TWSE,4746,台耀,46.5,46.6,45.25,45.25,518291.0
2026-09-14,TWSE,4755,三福化,112.0,116.5,112.0,112.0,311398.0
2026-09-14,TWSE,4763,材料*-KY,47.6,49.15,47.6,48.85,3338500.0
2026-09-14,TWSE,4764,雙鍵,214.0,216.0,210.0,215.0,472631.0
2026-09-14,TWSE,4766,南寶,338.0,340.5,336.0,337.0,96565.0
2026-09-14,TWSE,4770,上品,232.5,234.0,227.5,231.0,630760.0
2026-09-14,TWSE,4771,望隼,204.0,204.0,200.0,201.5,109742.0
2026-09-14,TWSE,4807,日成-KY,30.15,30.15,28.05,28.65,226264.0
2026-09-14,TWSE,4904,遠傳,103.5,105.5,103.5,105.5,2828853.0
2026-09-14,TWSE,4906,正文,35.55,36.35,35.5,35.9,2421158.0
2026-09-14,TWSE,4912,聯德控股-KY,89.8,91.4,87.9,90.0,308521.0
2026-09-14,TWSE,4915,致伸,61.9,63.2,61.7,62.8,4011438.0
2026-09-14,TWSE,4916,事欣科,94.7,96.8,94.3,94.3,1564404.0
2026-09-14,TWSE,4919,新唐,115.0,116.0,112.0,112.5,2474731.0
2026-09-14,TWSE,4927,泰鼎-KY,42.15,42.45,41.0,41.3,1805392.0
2026-09-14,TWSE,4930,燦星網,16.0,16.05,15.7,15.85,228867.0
2026-09-14,TWSE,4934,太極,13.55,13.55,13.3,13.4,427016.0
2026-09-14,TWSE,4935,茂林-KY,32.45,32.55,31.85,31.9,116283.0
2026-09-14,TWSE,4938,和碩,90.0,91.6,89.6,91.0,6247357.0
2026-09-14,TWSE,4942,嘉彰,32.95,32.95,31.85,31.9,144998.0
2026-09-14,TWSE,4943,康控-KY,7.37,7.37,6.87,7.29,10668.0
2026-09-14,TWSE,4949,有成精密,73.6,77.5,73.6,76.5,1073623.0
2026-09-14,TWSE,4952,凌通,48.55,48.55,47.0,47.25,191547.0
2026-09-14,TWSE,4956,光鋐,33.3,33.3,32.05,32.05,1323223.0
2026-09-14,TWSE,4958,臻鼎-KY,482.0,504.0,478.0,495.0,18746769.0
2026-09-14,TWSE,4960,誠美材,19.75,20.55,19.7,20.25,1259946.0
2026-09-14,TWSE,4961,天鈺,170.0,172.0,169.0,170.0,691906.0
2026-09-14,TWSE,4967,十銓,272.5,283.5,270.5,280.5,3105493.0
2026-09-14,TWSE,4968,立積,88.7,88.7,87.6,88.2,236603.0
2026-09-14,TWSE,4976,佳凌,36.2,37.45,36.1,36.1,1189067.0
2026-09-14,TWSE,4977,眾達-KY,173.5,176.5,171.5,175.0,3931111.0
2026-09-14,TWSE,4989,榮科,60.8,61.6,60.0,60.1,2477255.0
2026-09-14,TWSE,4994,傳奇,83.0,83.0,81.5,82.8,3809.0
2026-09-14,TWSE,4999,鑫禾,17.95,18.25,17.95,18.05,21631.0
2026-09-14,TWSE,5007,三星,55.8,55.8,55.5,55.8,28121.0
2026-09-14,TWSE,5203,訊連,55.4,55.9,55.1,55.8,71930.0
2026-09-14,TWSE,5215,科嘉-KY,38.4,38.45,37.75,38.45,49725.0
2026-09-14,TWSE,5222,全訊,102.5,104.0,102.5,103.0,176204.0
2026-09-14,TWSE,5225,東科-KY,53.0,53.3,52.8,53.0,288538.0
2026-09-14,TWSE,5234,達興材料,288.0,288.0,278.0,287.0,320279.0
2026-09-14,TWSE,5236,凌陽創新,134.0,134.0,130.5,131.0,157267.0
2026-09-14,TWSE,5243,乙盛-KY,89.1,91.4,88.9,89.6,802438.0
2026-09-14,TWSE,5244,弘凱,33.8,34.15,33.8,33.8,70142.0
2026-09-14,TWSE,5258,虹堡,43.95,44.0,42.35,42.35,768565.0
2026-09-14,TWSE,5269,祥碩,1340.0,1345.0,1315.0,1315.0,506590.0
2026-09-14,TWSE,5283,禾聯碩,53.9,53.9,52.7,53.1,81524.0
2026-09-14,TWSE,5284,jpp-KY,302.0,304.0,296.5,297.5,296123.0
2026-09-14,TWSE,5285,界霖,82.3,83.9,81.3,82.5,747385.0
2026-09-14,TWSE,5288,豐祥-KY,178.0,186.0,178.0,180.5,197949.0
2026-09-14,TWSE,5292,華懋,216.0,219.0,216.0,217.0,59343.0
2026-09-14,TWSE,5306,桂盟,90.5,90.6,86.9,88.5,408857.0
2026-09-14,TWSE,5388,中磊,70.1,72.3,70.0,71.7,2030590.0
2026-09-14,TWSE,5434,崇越,520.0,533.0,518.0,527.0,425342.0
2026-09-14,TWSE,5469,瀚宇博,71.1,72.9,70.9,72.3,1025524.0
2026-09-14,TWSE,5471,松翰,52.5,52.9,51.5,51.5,1009528.0
2026-09-14,TWSE,5484,慧友,40.25,40.25,39.7,39.85,110596.0
2026-09-14,TWSE,5515,建國,49.3,50.1,49.15,49.85,311325.0
2026-09-14,TWSE,5519,隆大,26.3,26.3,25.8,25.85,431982.0
2026-09-14,TWSE,5521,工信,10.55,10.55,10.45,10.45,1435471.0
2026-09-14,TWSE,5522,遠雄,62.0,62.6,62.0,62.6,386247.0
2026-09-14,TWSE,5525,順天,22.05,22.1,21.8,21.95,56539.0
2026-09-14,TWSE,5531,鄉林,7.18,7.21,7.12,7.16,329929.0
2026-09-14,TWSE,5533,皇鼎,13.8,13.9,13.75,13.9,134000.0
2026-09-14,TWSE,5534,長虹,74.2,74.5,73.6,74.0,1059667.0
2026-09-14,TWSE,5538,東明-KY,35.45,36.05,35.4,35.7,72129.0
2026-09-14,TWSE,5546,永固-KY,14.25,14.75,14.25,14.55,17371.0
2026-09-14,TWSE,5607,遠雄港,52.1,53.9,52.1,53.0,996840.0
2026-09-14,TWSE,5608,四維航,16.75,17.3,16.75,16.75,4513754.0
2026-09-14,TWSE,5706,鳳凰,44.05,44.3,44.0,44.3,82188.0
2026-09-14,TWSE,5871,中租-KY,111.5,112.0,111.0,111.5,3658742.0
2026-09-14,TWSE,5876,上海商銀,47.1,48.75,47.1,48.65,7005480.0
2026-09-14,TWSE,5880,合庫金,26.55,27.2,26.55,27.2,28731550.0
2026-09-14,TWSE,5906,台南-KY,33.8,37.35,33.8,37.3,4074.0
2026-09-14,TWSE,5907,大洋-KY,4.85,4.92,4.83,4.84,189496.0
2026-09-14,TWSE,6005,群益證,31.0,31.75,30.9,31.5,4322098.0
2026-09-14,TWSE,6024,群益期,60.5,61.1,60.2,60.7,274143.0
2026-09-14,TWSE,6108,競國,22.4,22.8,22.0,22.15,2309114.0
2026-09-14,TWSE,6112,邁達特,45.15,46.5,44.8,46.05,1468030.0
2026-09-14,TWSE,6115,鎰勝,43.9,44.0,43.8,43.85,65296.0
2026-09-14,TWSE,6116,彩晶,14.35,14.35,14.0,14.1,30914685.0
2026-09-14,TWSE,6117,迎廣,61.7,62.0,61.1,61.3,136233.0
2026-09-14,TWSE,6120,達運,12.15,12.15,11.9,11.95,1811089.0
2026-09-14,TWSE,6128,上福,19.0,19.0,18.75,18.8,221905.0
2026-09-14,TWSE,6133,金橋,21.8,23.75,21.8,23.55,2949068.0
2026-09-14,TWSE,6136,富爾特,24.6,24.7,24.55,24.7,246367.0
2026-09-14,TWSE,6139,亞翔,742.0,744.0,709.0,709.0,3092463.0
2026-09-14,TWSE,6141,柏承,53.4,54.3,51.0,51.0,4241696.0
2026-09-14,TWSE,6142,友勁,8.79,9.15,8.77,8.85,929557.0
2026-09-14,TWSE,6152,百一,15.2,15.4,14.65,15.0,2340189.0
2026-09-14,TWSE,6153,嘉聯益,17.25,17.65,17.2,17.3,1675336.0
2026-09-14,TWSE,6155,鈞寶,56.1,57.9,55.3,55.3,1479063.0
2026-09-14,TWSE,6164,華興,11.3,11.35,11.1,11.25,265778.0
2026-09-14,TWSE,6165,浪凡,47.7,47.7,47.15,47.35,357432.0
2026-09-14,TWSE,6166,凌華,110.0,114.0,110.0,112.5,702803.0
2026-09-14,TWSE,6168,宏齊,29.2,30.0,29.0,29.45,3287785.0
2026-09-14,TWSE,6176,瑞儀,88.1,90.0,87.9,88.9,1858134.0
2026-09-14,TWSE,6177,達麗,47.3,47.65,46.9,47.5,2046258.0
2026-09-14,TWSE,6183,關貿,90.8,91.8,90.8,91.2,19435.0
2026-09-14,TWSE,6184,大豐電,40.45,40.45,40.0,40.05,94213.0
2026-09-14,TWSE,6189,豐藝,46.3,47.0,46.0,46.55,503215.0
2026-09-14,TWSE,6191,精成科,81.1,83.0,80.5,82.3,980838.0
2026-09-14,TWSE,6192,巨路,112.0,112.0,110.5,111.0,298015.0
2026-09-14,TWSE,6196,帆宣,520.0,529.0,506.0,511.0,2106566.0
2026-09-14,TWSE,6197,佳必琪,298.0,304.5,298.0,300.0,1083400.0
2026-09-14,TWSE,6201,亞弘電,44.25,45.45,44.15,45.0,24667.0
2026-09-14,TWSE,6202,盛群,56.0,56.0,55.0,55.2,745278.0
2026-09-14,TWSE,6205,詮欣,62.2,62.3,60.6,61.3,277729.0
2026-09-14,TWSE,6206,飛捷,133.5,141.0,133.5,138.0,1817205.0
2026-09-14,TWSE,6209,今國光,79.0,84.8,78.6,80.0,18994955.0
2026-09-14,TWSE,6213,聯茂,503.0,537.0,501.0,509.0,17380948.0
2026-09-14,TWSE,6214,精誠,188.0,190.5,187.0,188.5,2105028.0
2026-09-14,TWSE,6215,和椿,98.5,99.6,98.0,98.2,583092.0
2026-09-14,TWSE,6216,居易,19.8,19.95,19.7,19.8,157597.0
2026-09-14,TWSE,6224,聚鼎,87.3,91.0,87.0,87.5,3482253.0
2026-09-14,TWSE,6225,天瀚,76.0,80.0,74.9,74.9,238162.0
2026-09-14,TWSE,6226,光鼎,33.05,33.35,30.0,30.0,41710661.0
2026-09-14,TWSE,6230,尼得科超眾,105.5,106.5,105.5,106.0,28065.0
2026-09-14,TWSE,6235,華孚,38.1,38.65,38.1,38.2,185515.0
2026-09-14,TWSE,6239,力成,278.0,278.0,270.5,273.0,12530702.0
2026-09-14,TWSE,6243,迅杰,37.4,37.8,36.7,36.8,464850.0
2026-09-14,TWSE,6257,矽格,212.0,213.0,209.5,211.5,4963308.0
2026-09-14,TWSE,6269,台郡,65.3,67.3,64.7,66.1,3488730.0
2026-09-14,TWSE,6271,同欣電,222.0,226.0,219.0,220.0,2287072.0
2026-09-14,TWSE,6272,驊陞,29.1,29.1,27.65,27.65,449865.0
2026-09-14,TWSE,6277,宏正,77.8,77.8,76.3,76.3,245044.0
2026-09-14,TWSE,6278,台表科,186.0,189.0,183.5,186.5,2170507.0
2026-09-14,TWSE,6281,全國電,51.3,51.5,51.2,51.3,31077.0
2026-09-14,TWSE,6282,康舒,42.7,43.5,42.55,42.75,5542408.0
2026-09-14,TWSE,6283,淳安,19.55,19.55,19.0,19.0,341400.0
2026-09-14,TWSE,6285,啟碁,227.0,227.0,222.5,222.5,2595591.0
2026-09-14,TWSE,6405,悅城,37.1,38.55,37.1,38.35,282207.0
2026-09-14,TWSE,6409,旭隼,856.0,875.0,846.0,861.0,416961.0
2026-09-14,TWSE,6412,群電,72.8,74.1,72.6,73.7,444314.0
2026-09-14,TWSE,6414,樺漢,365.0,377.0,363.5,370.0,953289.0
2026-09-14,TWSE,6415,矽力*-KY,400.0,407.0,395.0,401.0,2303227.0
2026-09-14,TWSE,6416,瑞祺電通,111.5,117.5,111.5,115.5,2758405.0
2026-09-14,TWSE,6426,統新,317.5,326.5,295.5,302.0,4640884.0
2026-09-14,TWSE,6431,光麗-KY,18.25,18.25,18.25,18.25,5003.0
2026-09-14,TWSE,6438,迅得,149.5,149.5,148.0,148.0,251203.0
2026-09-14,TWSE,6442,光聖,1740.0,1750.0,1670.0,1670.0,2086098.0
2026-09-14,TWSE,6443,元晶,23.3,23.5,23.2,23.2,1802892.0
2026-09-14,TWSE,6446,藥華藥,1300.0,1315.0,1280.0,1280.0,2676454.0
2026-09-14,TWSE,6449,鈺邦,222.0,230.5,215.5,217.0,1938261.0
2026-09-14,TWSE,6451,訊芯-KY,420.0,420.0,408.0,409.5,1880454.0
2026-09-14,TWSE,6456,GIS-KY,63.0,64.0,62.5,63.4,1579556.0
2026-09-14,TWSE,6464,台數科,76.6,77.3,76.5,76.5,12965.0
2026-09-14,TWSE,6472,保瑞,400.0,402.5,399.0,399.0,490077.0
2026-09-14,TWSE,6477,安集,33.7,34.6,33.6,33.7,825149.0
2026-09-14,TWSE,6491,晶碩,366.0,369.0,359.0,367.5,274414.0
2026-09-14,TWSE,6504,南六,37.2,37.2,36.5,36.7,26092.0
2026-09-14,TWSE,6505,台塑化,90.0,90.6,83.5,83.6,54971557.0
2026-09-14,TWSE,6515,穎崴,7030.0,7185.0,6760.0,6890.0,477979.0
2026-09-14,TWSE,6525,捷敏-KY,126.5,127.0,124.5,124.5,891252.0
2026-09-14,TWSE,6526,達發,632.0,637.0,624.0,624.0,371358.0
2026-09-14,TWSE,6531,愛普*,1005.0,1015.0,973.0,988.0,3956907.0
2026-09-14,TWSE,6533,晶心科,239.0,239.5,231.0,232.5,1125823.0
2026-09-14,TWSE,6534,正瀚-創,91.0,91.8,90.4,90.7,70515.0
2026-09-14,TWSE,6541,泰福-KY,31.55,31.95,30.6,30.8,512263.0
2026-09-14,TWSE,6550,北極星藥業-KY,10.15,10.15,9.97,9.97,2230580.0
2026-09-14,TWSE,6552,易華電,23.2,23.4,23.0,23.3,73695.0
2026-09-14,TWSE,6558,興能高,23.65,24.4,23.65,24.0,195579.0
2026-09-14,TWSE,6573,虹揚-KY,15.65,16.15,15.65,15.9,121014.0
2026-09-14,TWSE,6579,研揚,146.0,149.5,145.0,148.0,221847.0
2026-09-14,TWSE,6581,鋼聯,109.5,111.5,109.0,111.5,20593.0
2026-09-14,TWSE,6582,申豐,31.6,31.6,31.15,31.5,30365.0
2026-09-14,TWSE,6585,鼎基,102.5,104.0,101.5,103.0,183004.0
2026-09-14,TWSE,6589,台康生技,47.1,47.7,45.0,45.3,974907.0
2026-09-14,TWSE,6591,動力-KY,41.85,42.0,41.55,41.9,89737.0
2026-09-14,TWSE,6592,和潤企業,59.7,60.0,59.6,59.8,191228.0
2026-09-14,TWSE,6598,ABC-KY,29.05,29.05,28.15,28.2,174237.0
2026-09-14,TWSE,6605,帝寶,135.5,138.0,135.5,137.5,519749.0
2026-09-14,TWSE,6606,建德工業,25.55,25.8,25.4,25.7,26345.0
2026-09-14,TWSE,6614,資拓宏宇,35.65,35.7,35.5,35.7,22450.0
2026-09-14,TWSE,6625,必應,75.7,75.7,73.3,73.3,185715.0
2026-09-14,TWSE,6641,基士德-KY,17.1,17.1,16.7,16.9,37070.0
2026-09-14,TWSE,6645,金萬林-創,12.4,13.6,12.4,13.0,78550.0
2026-09-14,TWSE,6655,科定,121.5,122.5,121.5,122.5,7500.0
2026-09-14,TWSE,6657,華安,37.45,37.45,35.6,35.6,377232.0
2026-09-14,TWSE,6658,聯策,172.5,172.5,167.0,167.5,139040.0
2026-09-14,TWSE,6666,羅麗芬-KY,42.5,44.45,42.5,44.0,57134.0
2026-09-14,TWSE,6668,中揚光,40.5,40.95,39.3,39.3,809275.0
2026-09-14,TWSE,6669,緯穎,2290.0,2335.0,2285.0,2310.0,1896940.0
2026-09-14,TWSE,6670,復盛應用,274.5,278.0,274.0,275.0,212003.0
2026-09-14,TWSE,6671,三能-KY,23.0,23.0,23.0,23.0,4200.0
2026-09-14,TWSE,6672,騰輝電子-KY,291.5,303.0,291.0,292.0,3675064.0
2026-09-14,TWSE,6674,鋐寶科技,15.9,16.05,15.8,15.8,13070.0
2026-09-14,TWSE,6689,伊雲谷,60.1,65.0,60.1,64.1,658239.0
2026-09-14,TWSE,6691,洋基工程,612.0,618.0,607.0,609.0,417102.0
2026-09-14,TWSE,6695,芯鼎,46.9,47.55,46.5,46.5,293188.0
2026-09-14,TWSE,6698,旭暉應材,31.8,31.8,31.1,31.1,77073.0
2026-09-14,TWSE,6706,惠特,123.5,137.5,122.5,137.5,6196518.0
2026-09-14,TWSE,6715,嘉基,323.5,334.5,316.5,321.5,984121.0
2026-09-14,TWSE,6719,力智,183.5,183.5,179.0,180.0,693702.0
2026-09-14,TWSE,6722,輝創,32.4,33.3,32.35,32.65,22816.0
2026-09-14,TWSE,6742,澤米,45.6,45.9,44.55,45.2,364344.0
2026-09-14,TWSE,6743,安普新,29.0,29.5,28.5,29.3,466421.0
2026-09-14,TWSE,6753,龍德造船,135.0,138.5,134.0,134.0,1292433.0
2026-09-14,TWSE,6754,匯僑設計,42.5,42.5,41.95,42.05,5300.0
2026-09-14,TWSE,6756,威鋒電子,98.3,98.3,94.9,96.0,96170.0
2026-09-14,TWSE,6757,台灣虎航,53.8,54.5,53.3,54.2,652538.0
2026-09-14,TWSE,6768,志強-KY,62.1,62.3,61.5,61.5,450923.0
2026-09-14,TWSE,6770,力積電,72.1,72.1,69.8,70.7,131561180.0
2026-09-14,TWSE,6771,平和環保-創,41.8,41.9,41.1,41.75,24008.0
2026-09-14,TWSE,6776,展碁國際,51.7,52.0,51.3,51.6,111833.0
2026-09-14,TWSE,6781,AES-KY,1010.0,1020.0,997.0,1005.0,342381.0
2026-09-14,TWSE,6782,視陽,227.0,227.0,220.5,223.5,261263.0
2026-09-14,TWSE,6789,采鈺,459.0,459.0,446.0,446.0,1333966.0
2026-09-14,TWSE,6790,永豐實,37.8,37.85,37.65,37.8,177608.0
2026-09-14,TWSE,6792,詠業,58.4,58.5,57.4,57.6,29259.0
2026-09-14,TWSE,6794,向榮生技,75.9,77.0,75.3,77.0,12100.0
2026-09-14,TWSE,6796,晉弘,55.4,55.4,51.6,51.7,201536.0
2026-09-14,TWSE,6799,來頡,78.2,79.2,77.9,78.7,125714.0
2026-09-14,TWSE,6805,富世達,2135.0,2230.0,2110.0,2150.0,1018040.0
2026-09-14,TWSE,6807,峰源-KY,33.15,33.45,33.15,33.45,2000.0
2026-09-14,TWSE,6830,汎銓,579.0,586.0,541.0,551.0,1179502.0
2026-09-14,TWSE,6831,邁科,534.0,568.0,534.0,567.0,661071.0
2026-09-14,TWSE,6834,天二科技,102.5,114.5,100.5,108.0,15065804.0
2026-09-14,TWSE,6835,圓裕,31.0,31.0,29.9,30.15,37008.0
2026-09-14,TWSE,6838,台新藥,23.85,23.85,23.05,23.6,90902.0
2026-09-14,TWSE,6854,錼創科技-KY創,88.3,91.0,88.0,89.1,167594.0
2026-09-14,TWSE,6861,睿生光電,205.0,221.5,188.5,214.5,3995263.0
2026-09-14,TWSE,6862,三集瑞-KY,132.5,136.0,131.5,133.0,122789.0
2026-09-14,TWSE,6863,永道-KY,95.0,95.0,90.9,91.2,332673.0
2026-09-14,TWSE,6869,雲豹能源,63.1,63.5,62.5,63.5,374122.0
2026-09-14,TWSE,6873,泓德能源,68.1,68.9,67.3,68.1,207982.0
2026-09-14,TWSE,6885,全福生技,26.25,28.25,26.15,27.1,1574997.0
2026-09-14,TWSE,6887,寶綠特-KY,36.6,37.45,36.6,37.35,10000.0
2026-09-14,TWSE,6890,來億-KY,150.0,151.5,147.5,150.0,284239.0
2026-09-14,TWSE,6901,鑽石投資,14.85,15.15,14.75,14.75,788528.0
2026-09-14,TWSE,6902,GOGOLOOK,125.5,126.5,121.0,121.0,86586.0
2026-09-14,TWSE,6906,現觀科,81.1,81.2,80.3,80.7,21258.0
2026-09-14,TWSE,6908,宏碁遊戲-創,30.1,30.1,29.95,29.95,4000.0
2026-09-14,TWSE,6909,創控,40.95,43.9,40.95,43.9,818553.0
2026-09-14,TWSE,6914,阜爾運通,121.0,121.0,120.0,120.0,39143.0
2026-09-14,TWSE,6916,華凌,18.5,18.7,18.5,18.5,11001.0
2026-09-14,TWSE,6918,愛派司,74.0,74.0,72.9,72.9,64770.0
2026-09-14,TWSE,6919,康霈*,84.1,84.4,79.4,79.5,8422562.0
2026-09-14,TWSE,6921,嘉雨思-創,62.2,62.2,61.0,61.0,7000.0
2026-09-14,TWSE,6923,中台,76.5,76.6,75.2,76.3,54408.0
2026-09-14,TWSE,6924,榮惠-KY創,141.0,141.5,139.0,141.5,77998.0
2026-09-14,TWSE,6928,攸泰科技,47.5,47.65,45.7,46.05,75963.0
2026-09-14,TWSE,6931,青松健康,38.6,39.5,38.1,39.3,53627.0
2026-09-14,TWSE,6933,AMAX-KY,333.0,333.0,315.0,320.0,493403.0
2026-09-14,TWSE,6934,心誠鎂,75.0,76.1,74.7,75.1,24339.0
2026-09-14,TWSE,6936,永鴻生技,32.1,32.1,31.5,31.7,34573.0
2026-09-14,TWSE,6937,天虹,291.0,291.5,283.0,288.5,420315.0
2026-09-14,TWSE,6944,兆聯實業,700.0,709.0,690.0,690.0,423732.0
2026-09-14,TWSE,6947,台鎔科技,69.4,69.4,68.4,68.6,135248.0
2026-09-14,TWSE,6949,沛爾生醫*-創,55.9,60.1,53.0,53.0,13618885.0
2026-09-14,TWSE,6951,青新-創,70.3,70.5,70.0,70.2,31044.0
2026-09-14,TWSE,6952,大武山,38.5,39.45,38.35,38.8,14040.0
2026-09-14,TWSE,6955,邦睿生技-創,99.0,99.0,99.0,99.0,1002.0
2026-09-14,TWSE,6957,裕慶-KY,223.5,234.0,222.5,231.5,161581.0
2026-09-14,TWSE,6958,日盛台駿,17.45,17.45,17.15,17.3,30058.0
2026-09-14,TWSE,6962,奕力-KY,30.4,30.55,30.25,30.4,1073054.0
2026-09-14,TWSE,6965,中傑-KY,70.0,71.2,69.4,69.8,78100.0
2026-09-14,TWSE,6969,成信實業*-創,34.0,34.0,32.85,33.65,178075.0
2026-09-14,TWSE,6988,威力暘-創,11.95,11.95,11.85,11.9,24000.0
2026-09-14,TWSE,6994,富威電力,31.95,31.95,29.35,29.35,2234014.0
2026-09-14,TWSE,7610,聯友金屬-創,2000.0,2035.0,1950.0,1975.0,587269.0
2026-09-14,TWSE,7631,聚賢研發-創,140.0,140.0,136.0,138.0,93268.0
2026-09-14,TWSE,7689,大鵬科CLMX,157.0,158.0,155.0,156.5,65177.0
2026-09-14,TWSE,7705,三商餐飲,29.85,29.95,29.8,29.95,20362.0
2026-09-14,TWSE,7711,永擎,531.0,531.0,531.0,531.0,318431.0
2026-09-14,TWSE,7721,微程式,60.0,61.1,59.2,59.2,81261.0
2026-09-14,TWSE,7722,LINEPAY,267.5,267.5,261.5,261.5,126604.0
2026-09-14,TWSE,7730,暉盛-創,171.0,172.0,167.5,172.0,70771.0
2026-09-14,TWSE,7732,金興精密,33.85,33.85,33.5,33.5,8000.0
2026-09-14,TWSE,7736,虎山,69.7,69.7,69.1,69.1,3000.0
2026-09-14,TWSE,7740,熙特爾-創,123.0,135.0,123.0,129.0,222207.0
2026-09-14,TWSE,7749,意騰-KY,355.5,357.0,349.5,349.5,193800.0
2026-09-14,TWSE,7750,新代,2190.0,2195.0,1995.0,1995.0,526912.0
2026-09-14,TWSE,7760,享溫馨,32.0,32.7,32.0,32.5,38061.0
2026-09-14,TWSE,7765,中華資安,217.5,222.5,216.0,218.5,102026.0
2026-09-14,TWSE,7768,頌勝科技,271.5,271.5,263.0,263.0,62715.0
2026-09-14,TWSE,7769,鴻勁,6350.0,6440.0,6210.0,6310.0,497739.0
2026-09-14,TWSE,7780,大研生醫*,16.45,16.5,16.35,16.4,711546.0
2026-09-14,TWSE,7786,東方風能,113.5,115.0,111.5,115.0,220150.0
2026-09-14,TWSE,7788,松川精密,302.0,304.5,286.5,286.5,1966280.0
2026-09-14,TWSE,7791,皇家可口,56.1,56.1,55.3,55.3,24224.0
2026-09-14,TWSE,7795,長廣,518.0,520.0,502.0,507.0,1392730.0
2026-09-14,TWSE,7799,禾榮科,436.0,436.5,412.5,414.5,1310142.0
2026-09-14,TWSE,7803,雲象科技-創,19.0,19.05,18.65,19.05,61035.0
2026-09-14,TWSE,7818,溢泰實業,60.1,60.8,59.5,60.0,71982.0
2026-09-14,TWSE,7821,神數,39.1,39.1,38.85,38.9,62828.0
2026-09-14,TWSE,7822,倍利科,871.0,871.0,833.0,834.0,130921.0
2026-09-14,TWSE,7823,奧義賽博-KY創,79.9,81.0,79.2,81.0,33000.0
2026-09-14,TWSE,7827,漢康-KY創,152.0,152.5,151.5,152.5,127913.0
2026-09-14,TWSE,7835,永悅健康-創,22.4,22.4,20.9,21.6,34557.0
2026-09-14,TWSE,7855,和運租車,42.05,42.2,42.0,42.1,576354.0
2026-09-14,TWSE,8011,台通,15.5,15.65,15.5,15.55,276480.0
2026-09-14,TWSE,8016,矽創,276.0,278.5,274.0,277.5,542020.0
2026-09-14,TWSE,8021,尖點,430.0,430.0,418.0,418.5,1115991.0
2026-09-14,TWSE,8028,昇陽半導體,223.0,226.5,221.5,225.5,2654941.0
2026-09-14,TWSE,8033,雷虎,171.0,182.0,170.0,172.5,8654378.0
2026-09-14,TWSE,8039,台虹,272.0,280.0,270.5,272.0,22099927.0
2026-09-14,TWSE,8045,達運光電,46.3,47.8,45.25,47.2,75565.0
2026-09-14,TWSE,8046,南電,1045.0,1100.0,1035.0,1080.0,6348878.0
2026-09-14,TWSE,8070,長華*,48.9,49.25,48.6,49.0,1242250.0
2026-09-14,TWSE,8072,陞泰,25.85,26.2,25.85,26.1,52899.0
2026-09-14,TWSE,8081,致新,246.5,248.0,243.5,247.0,253053.0
2026-09-14,TWSE,8101,華冠,11.45,12.15,11.4,12.15,8320.0
2026-09-14,TWSE,8103,瀚荃,110.0,115.0,108.5,113.0,3454472.0
2026-09-14,TWSE,8104,錸寶,29.9,30.0,29.6,29.8,146371.0
2026-09-14,TWSE,8105,凌巨,14.45,14.75,14.45,14.65,1339591.0
2026-09-14,TWSE,8110,華東,42.75,42.75,42.0,42.15,2307197.0
2026-09-14,TWSE,8112,至上,84.8,85.1,84.2,84.6,6187886.0
2026-09-14,TWSE,8114,振樺電,175.5,179.0,175.5,177.5,483677.0
2026-09-14,TWSE,8131,福懋科,60.7,61.1,60.3,60.3,1652441.0
2026-09-14,TWSE,8150,南茂,88.2,88.2,85.5,86.7,22223021.0
2026-09-14,TWSE,8162,微矽電子-創,59.9,61.7,59.3,61.2,87496.0
2026-09-14,TWSE,8163,達方,29.7,29.85,29.6,29.6,452194.0
2026-09-14,TWSE,8201,無敵,11.75,11.95,11.7,11.95,21010.0
2026-09-14,TWSE,8210,勤誠,899.0,910.0,895.0,900.0,751039.0
2026-09-14,TWSE,8213,志超,32.05,32.85,31.85,32.25,500715.0
2026-09-14,TWSE,8215,明基材,24.75,25.2,24.7,25.05,501843.0
2026-09-14,TWSE,8222,寶一,34.7,35.45,34.5,34.7,444313.0
2026-09-14,TWSE,8249,菱光,38.05,38.35,37.6,37.6,268236.0
2026-09-14,TWSE,8261,富鼎,164.5,166.0,162.0,162.0,1680219.0
2026-09-14,TWSE,8271,宇瞻,208.0,208.5,205.5,206.0,1384179.0
2026-09-14,TWSE,8341,日友,74.5,74.6,74.4,74.4,144361.0
2026-09-14,TWSE,8367,建新國際,40.5,40.5,39.85,40.2,47375.0
2026-09-14,TWSE,8374,羅昇,79.5,79.5,78.5,78.6,200599.0
2026-09-14,TWSE,8404,百和興業-KY,14.35,14.35,13.85,13.9,803329.0
2026-09-14,TWSE,8411,福貞-KY,12.95,13.0,12.8,13.0,65791.0
2026-09-14,TWSE,8422,可寧衛*,26.1,26.25,26.0,26.05,2447685.0
2026-09-14,TWSE,8429,金麗-KY,5.97,6.0,5.92,5.95,232330.0
2026-09-14,TWSE,8438,昶昕,67.9,68.0,66.8,67.0,88635.0
2026-09-14,TWSE,8442,威宏-KY,45.8,45.8,45.55,45.75,19917.0
2026-09-14,TWSE,8443,阿瘦,11.15,11.15,11.1,11.15,28175.0
2026-09-14,TWSE,8454,富邦媒,233.5,245.0,233.5,241.0,674132.0
2026-09-14,TWSE,8462,柏文,163.0,163.0,159.0,159.5,175142.0
2026-09-14,TWSE,8463,潤泰材,21.2,21.35,21.2,21.35,13011.0
2026-09-14,TWSE,8464,億豐,362.0,371.0,362.0,371.0,340665.0
2026-09-14,TWSE,8466,美吉吉-KY,13.9,14.2,13.8,14.05,27064.0
2026-09-14,TWSE,8467,波力-KY,86.9,87.0,83.5,83.5,44569.0
2026-09-14,TWSE,8473,山林水,39.3,39.5,38.15,38.3,892140.0
2026-09-14,TWSE,8476,台境*,19.7,19.9,19.05,19.9,174940.0
2026-09-14,TWSE,8478,東哥遊艇,141.0,142.0,140.0,141.5,44366.0
2026-09-14,TWSE,8481,政伸,41.1,41.3,40.9,40.9,10000.0
2026-09-14,TWSE,8482,商億-KY,48.5,48.5,47.55,47.6,6080.0
2026-09-14,TWSE,8487,愛爾達-創,70.5,70.5,70.5,70.5,2762.0
2026-09-14,TWSE,8488,吉源-KY,10.2,10.2,10.05,10.05,33370.0
2026-09-14,TWSE,8499,鼎炫-KY,257.0,257.0,251.5,251.5,32565.0
2026-09-14,TWSE,8926,台汽電,58.2,58.9,57.2,58.0,3258492.0
2026-09-14,TWSE,8940,新天地,14.8,14.85,14.7,14.75,39807.0
2026-09-14,TWSE,8996,高力,1270.0,1365.0,1230.0,1330.0,5053896.0
2026-09-14,TWSE,9103,美德醫療-DR,5.0,5.01,4.98,5.0,388501.0
2026-09-14,TWSE,9105,泰金寶-DR,8.52,8.67,8.47,8.59,15246314.0
2026-09-14,TWSE,9110,越南控-DR,2.92,2.95,2.92,2.94,6000.0
2026-09-14,TWSE,9136,巨騰-DR,9.88,9.99,9.19,9.41,1524531.0
2026-09-14,TWSE,9802,鈺齊-KY,65.0,65.6,63.5,64.7,1074213.0
2026-09-14,TWSE,9902,台火,13.5,13.6,13.3,13.4,99637.0
2026-09-14,TWSE,9904,寶成,24.1,24.3,24.0,24.2,9628628.0
2026-09-14,TWSE,9905,大華,21.45,21.45,21.3,21.35,121390.0
2026-09-14,TWSE,9906,欣巴巴,39.5,40.1,39.2,39.2,40266.0
2026-09-14,TWSE,9907,統一實,15.15,15.25,15.1,15.1,1302316.0
2026-09-14,TWSE,9908,大台北,28.95,29.05,28.95,28.95,91094.0
2026-09-14,TWSE,9910,豐泰,67.8,68.2,67.4,67.8,1161483.0
2026-09-14,TWSE,9911,櫻花,81.8,82.0,81.6,81.8,180485.0
2026-09-14,TWSE,9912,偉聯,13.15,13.2,13.0,13.0,54751.0
2026-09-14,TWSE,9914,美利達,75.5,75.5,69.7,69.7,5894846.0
2026-09-14,TWSE,9917,中保科,105.5,106.0,105.5,105.5,274676.0
2026-09-14,TWSE,9918,欣天然,42.95,43.45,42.9,43.2,24165.0
2026-09-14,TWSE,9919,康那香,14.1,14.1,13.9,13.95,106397.0
2026-09-14,TWSE,9921,巨大,95.3,95.4,87.6,87.6,5413165.0
2026-09-14,TWSE,9924,福興,38.15,38.4,38.1,38.2,84985.0
2026-09-14,TWSE,9925,新保,39.7,39.7,39.5,39.55,384563.0
2026-09-14,TWSE,9926,新海,49.45,49.45,49.0,49.4,9001.0
2026-09-14,TWSE,9927,泰銘,69.7,69.9,69.5,69.9,65977.0
2026-09-14,TWSE,9928,中視,17.5,17.75,17.5,17.6,60036.0
2026-09-14,TWSE,9929,秋雨,11.1,11.1,11.1,11.1,1000.0
2026-09-14,TWSE,9930,中聯資源,62.2,62.2,61.7,62.0,104736.0
2026-09-14,TWSE,9931,欣高,34.15,34.2,34.1,34.2,13217.0
2026-09-14,TWSE,9933,中鼎,39.95,41.8,39.95,41.7,4303607.0
2026-09-14,TWSE,9934,成霖,10.0,10.1,9.91,9.93,2192891.0
2026-09-14,TWSE,9935,慶豐富,18.65,18.65,18.0,18.1,1824504.0
2026-09-14,TWSE,9937,全國,55.0,55.2,53.8,55.0,90522.0
2026-09-14,TWSE,9938,百和,38.9,39.0,38.05,38.15,2501545.0
2026-09-14,TWSE,9939,宏全,127.0,129.5,127.0,129.5,632517.0
2026-09-14,TWSE,9940,信義,20.25,20.25,20.1,20.1,205197.0
2026-09-14,TWSE,9941,裕融,80.0,80.3,79.7,80.3,664359.0
2026-09-14,TWSE,9942,茂順,113.5,114.0,113.0,113.5,60403.0
2026-09-14,TWSE,9943,好樂迪,50.8,51.2,50.7,50.8,63972.0
2026-09-14,TWSE,9944,新麗,17.3,17.4,17.05,17.4,41237.0
2026-09-14,TWSE,9945,潤泰新,27.75,28.1,27.6,28.1,5061036.0
2026-09-14,TWSE,9946,三發地產,17.15,17.15,17.0,17.0,140921.0
2026-09-14,TWSE,9955,佳龍,23.45,23.7,23.25,23.5,211522.0
2026-09-14,TWSE,9958,世紀鋼,90.4,90.7,89.8,90.1,791712.0
2026-09-14,TPEX,1240,茂生農經,54.9,55.4,54.9,55.4,7688.0
2026-09-14,TPEX,1259,安心,64.4,65.0,63.5,65.0,18083.0
2026-09-14,TPEX,1264,德麥,247.5,247.5,246.0,246.5,36909.0
2026-09-14,TPEX,1268,漢來美食,171.5,172.0,171.0,172.0,37505.0
2026-09-14,TPEX,1294,漢田生技,52.0,52.0,50.8,50.9,19310.0
2026-09-14,TPEX,1295,生合,44.55,45.0,44.55,45.0,10077.0
2026-09-14,TPEX,1336,台翰,16.45,16.75,16.15,16.7,198671.0
2026-09-14,TPEX,1565,精華,96.9,96.9,95.9,96.0,78856.0
2026-09-14,TPEX,1569,濱川,49.6,50.1,48.4,49.0,928920.0
2026-09-14,TPEX,1570,力肯,32.0,32.0,31.8,32.0,31725.0
2026-09-14,TPEX,1580,新麥,97.5,97.5,96.2,96.7,99056.0
2026-09-14,TPEX,1584,精剛,17.9,18.0,17.7,18.0,316408.0
2026-09-14,TPEX,1586,和勤,18.05,18.05,17.9,18.0,184335.0
2026-09-14,TPEX,1591,駿吉-KY,37.5,41.25,37.0,41.25,1089692.0
2026-09-14,TPEX,1593,祺驊,31.8,31.8,31.4,31.45,11000.0
2026-09-14,TPEX,1595,川寶,61.5,62.4,61.2,61.8,101227.0
2026-09-14,TPEX,1599,宏佳騰,23.3,23.75,23.3,23.65,40275.0
2026-09-14,TPEX,1742,台蠟,17.5,17.8,17.4,17.4,49001.0
2026-09-14,TPEX,1777,生泰,74.5,74.5,73.2,73.2,107233.0
2026-09-14,TPEX,1780,立弘,24.2,24.8,24.2,24.8,22131.0
2026-09-14,TPEX,1781,合世,10.05,10.2,9.96,10.2,6119.0
2026-09-14,TPEX,1784,訊聯,58.4,58.6,57.5,58.6,37805.0
2026-09-14,TPEX,1785,光洋科,95.0,96.2,93.8,95.1,3409285.0
2026-09-14,TPEX,1788,杏昌,128.0,128.5,128.0,128.0,18146.0
2026-09-14,TPEX,1796,金穎生技,29.8,29.8,29.5,29.5,3062.0
2026-09-14,TPEX,1799,易威,29.35,29.6,29.0,29.1,71948.0
2026-09-14,TPEX,1813,寶利徠,11.35,11.4,11.25,11.35,27994.0
2026-09-14,TPEX,1815,富喬,126.0,127.0,119.5,120.0,52981933.0
2026-09-14,TPEX,2035,唐榮,,,,,3.0
2026-09-14,TPEX,2061,風青,46.6,47.9,46.0,47.2,821901.0
2026-09-14,TPEX,2063,世鎧,24.3,24.3,24.05,24.05,4030.0
2026-09-14,TPEX,2064,晉椿,12.3,12.3,12.3,12.3,1000.0
2026-09-14,TPEX,2065,世豐,35.55,35.55,35.1,35.3,18020.0
2026-09-14,TPEX,2066,世德,51.2,51.2,50.2,50.8,44321.0
2026-09-14,TPEX,2067,嘉鋼,4.95,4.95,4.67,4.88,15330.0
2026-09-14,TPEX,2070,精湛,59.0,59.8,58.3,59.7,29216.0
2026-09-14,TPEX,2073,雄順,25.0,25.1,25.0,25.1,2200.0
2026-09-14,TPEX,2221,大甲,92.8,97.8,89.2,89.9,5304238.0
2026-09-14,TPEX,2230,泰茂,21.5,22.15,21.35,21.4,30340.0
2026-09-14,TPEX,2235,謚源,28.0,28.4,28.0,28.4,9103.0
2026-09-14,TPEX,2596,綠意,36.3,36.75,36.0,36.45,334548.0
2026-09-14,TPEX,2640,大車隊,154.0,154.5,153.5,154.5,13755.0
2026-09-14,TPEX,2641,正德,17.7,17.7,17.45,17.45,1099146.0
2026-09-14,TPEX,2643,捷迅,62.5,62.9,62.5,62.9,3025.0
2026-09-14,TPEX,2718,全心投控,39.95,40.5,39.95,40.1,28134.0
2026-09-14,TPEX,2719,燦星旅,19.4,19.5,19.3,19.45,7000.0
2026-09-14,TPEX,2724,藝舍-KY,10.5,10.5,10.5,10.5,1966.0
2026-09-14,TPEX,2726,雅茗-KY,8.15,8.15,7.92,8.04,10100.0
2026-09-14,TPEX,2729,瓦城,152.5,153.0,152.5,153.0,8779.0
2026-09-14,TPEX,2732,六角,62.3,62.4,62.1,62.3,42967.0
2026-09-14,TPEX,2734,易飛網,14.55,14.7,14.55,14.6,42218.0
2026-09-14,TPEX,2736,富野,11.45,11.45,11.3,11.4,29133.0
2026-09-14,TPEX,2740,華軒,31.6,32.15,31.6,32.15,6124.0
2026-09-14,TPEX,2743,山富,51.5,51.5,51.1,51.1,51045.0
2026-09-14,TPEX,2745,五福,85.1,85.1,83.8,84.5,81093.0
2026-09-14,TPEX,2751,王座,52.8,54.5,52.8,54.5,4398.0
2026-09-14,TPEX,2752,豆府,177.0,177.0,176.5,177.0,7372.0
2026-09-14,TPEX,2754,亞洲藏壽司,69.4,70.3,69.0,70.3,41795.0
2026-09-14,TPEX,2755,揚秦,98.3,98.5,98.3,98.5,14917.0
2026-09-14,TPEX,2756,聯發國際,62.1,62.1,61.2,61.2,80112.0
2026-09-14,TPEX,2916,滿心,40.1,40.7,40.05,40.7,63553.0
2026-09-14,TPEX,2924,宏太-KY,17.05,17.05,17.05,17.05,1001.0
2026-09-14,TPEX,2926,誠品生活,30.05,30.1,30.05,30.1,2021.0
2026-09-14,TPEX,2937,集雅社,43.5,43.95,43.5,43.95,7001.0
2026-09-14,TPEX,2941,米斯特,30.75,30.75,30.2,30.7,4016.0
2026-09-14,TPEX,2947,振宇五金,60.5,60.8,60.5,60.5,10941.0
2026-09-14,TPEX,2948,寶陞,37.9,37.9,37.3,37.3,2034.0
2026-09-14,TPEX,2949,欣新網,,,,,12.0
2026-09-14,TPEX,3064,泰偉,,,,,0.0
2026-09-14,TPEX,3066,李洲,23.0,23.7,22.85,23.55,305654.0
2026-09-14,TPEX,3067,全域,,,,,0.0
2026-09-14,TPEX,3071,協禧,23.65,23.65,23.25,23.5,61711.0
2026-09-14,TPEX,3073,天方能源,21.8,22.0,21.5,21.6,24368.0
2026-09-14,TPEX,3078,僑威,43.9,43.9,43.45,43.8,361556.0
2026-09-14,TPEX,3081,聯亞,2725.0,2830.0,2685.0,2745.0,2727080.0
2026-09-14,TPEX,3083,網龍,22.45,22.45,22.0,22.2,87550.0
2026-09-14,TPEX,3085,新零售,,,,,406.0
2026-09-14,TPEX,3086,華義*,29.0,29.8,29.0,29.65,42693.0
2026-09-14,TPEX,3088,艾訊,124.0,125.0,122.5,124.0,290784.0
2026-09-14,TPEX,3093,港建*,43.55,44.3,43.15,43.6,129604.0
2026-09-14,TPEX,3095,及成,,,,,817.0
2026-09-14,TPEX,3105,穩懋,423.0,451.0,420.0,444.0,13606699.0
2026-09-14,TPEX,3114,好德,29.85,30.1,29.45,29.85,142212.0
2026-09-14,TPEX,3115,富榮綱,8.36,8.37,8.3,8.37,7799.0
2026-09-14,TPEX,3118,進階,31.2,31.7,31.2,31.6,14530.0
2026-09-14,TPEX,3122,笙泉,23.5,24.1,23.4,24.0,19545.0
2026-09-14,TPEX,3128,昇銳,20.7,20.85,20.2,20.2,172597.0
2026-09-14,TPEX,3131,弘塑,2275.0,2345.0,2250.0,2310.0,234943.0
2026-09-14,TPEX,3141,晶宏,87.4,91.5,87.0,89.0,2257146.0
2026-09-14,TPEX,3147,大綜,223.5,232.5,222.0,226.0,1212627.0
2026-09-14,TPEX,3152,璟德,220.5,221.0,218.0,219.5,53335.0
2026-09-14,TPEX,3158,嘉實,85.9,90.5,85.9,89.2,105806.0
2026-09-14,TPEX,3162,精確,69.1,73.6,69.1,73.2,1134240.0
2026-09-14,TPEX,3163,波若威,647.0,666.0,645.0,656.0,1268065.0
2026-09-14,TPEX,3169,亞信,99.6,101.5,99.4,100.0,72040.0
2026-09-14,TPEX,3171,炎洲流通,59.1,59.6,57.3,59.6,41107.0
2026-09-14,TPEX,3176,基亞,35.1,36.6,35.1,36.5,624378.0
2026-09-14,TPEX,3178,公準,59.3,59.3,56.2,58.9,69483.0
2026-09-14,TPEX,3188,鑫龍騰,23.65,23.7,23.5,23.65,73718.0
2026-09-14,TPEX,3191,雲嘉南,16.7,16.7,16.5,16.5,10601.0
2026-09-14,TPEX,3205,佰研,47.3,47.3,46.4,46.4,9104.0
2026-09-14,TPEX,3206,志豐,34.95,35.0,34.05,34.15,42349.0
2026-09-14,TPEX,3207,耀勝,36.5,37.2,36.1,36.5,87165.0
2026-09-14,TPEX,3211,順達,356.0,372.0,349.0,362.5,2399196.0
2026-09-14,TPEX,3213,茂訊,120.5,122.5,119.5,121.0,160863.0
2026-09-14,TPEX,3217,優群,127.0,127.5,125.0,127.0,254887.0
2026-09-14,TPEX,3218,大學光,133.0,135.0,132.5,134.0,82781.0
2026-09-14,TPEX,3219,倚強科,84.8,87.9,84.5,85.1,235439.0
2026-09-14,TPEX,3221,台嘉碩,45.0,46.7,44.3,45.95,849765.0
2026-09-14,TPEX,3224,三顧,33.0,33.7,32.5,32.6,50902.0
2026-09-14,TPEX,3226,龍鋒,56.0,56.5,55.1,55.9,30032.0
2026-09-14,TPEX,3227,原相,181.5,182.5,179.5,181.0,515369.0
2026-09-14,TPEX,3228,金麗科,166.0,166.0,163.0,165.5,136523.0
2026-09-14,TPEX,3230,錦明,42.0,42.8,41.8,41.8,368869.0
2026-09-14,TPEX,3232,昱捷,19.5,19.6,19.45,19.6,17056.0
2026-09-14,TPEX,3234,光環,183.0,186.5,173.0,174.0,3550021.0
2026-09-14,TPEX,3236,千如,42.3,43.9,41.45,43.1,1412277.0
2026-09-14,TPEX,3252,海灣,15.2,15.3,15.2,15.3,6000.0
2026-09-14,TPEX,3259,鑫創,11.0,11.0,11.0,11.0,10534.0
2026-09-14,TPEX,3260,威剛,400.0,401.5,394.0,398.0,4599130.0
2026-09-14,TPEX,3264,欣銓,225.0,232.0,222.0,227.5,5269541.0
2026-09-14,TPEX,3265,台星科,163.5,164.0,159.5,163.0,729023.0
2026-09-14,TPEX,3268,海德威,17.3,17.45,17.25,17.3,31362.0
2026-09-14,TPEX,3272,東碩,14.0,14.25,13.95,13.95,17950.0
2026-09-14,TPEX,3276,宇環,13.95,14.1,13.9,13.95,46529.0
2026-09-14,TPEX,3284,太普高,19.05,19.6,19.05,19.3,51244.0
2026-09-14,TPEX,3285,微端,,,,,126.0
2026-09-14,TPEX,3287,廣寰科,34.35,35.0,34.3,34.8,59526.0
2026-09-14,TPEX,3288,點晶,20.1,21.0,20.0,20.6,35107.0
2026-09-14,TPEX,3289,宜特,131.5,134.5,130.0,133.0,365649.0
2026-09-14,TPEX,3290,東浦,45.25,46.2,45.1,46.0,254767.0
2026-09-14,TPEX,3293,鈊象,692.0,703.0,687.0,699.0,804556.0
2026-09-14,TPEX,3294,英濟,28.85,29.4,28.6,29.0,181885.0
2026-09-14,TPEX,3297,杭特,27.0,29.5,27.0,28.05,391256.0
2026-09-14,TPEX,3303,岱稜,47.9,48.15,47.35,47.9,215976.0
2026-09-14,TPEX,3306,鼎天,45.0,46.0,44.7,45.55,86350.0
2026-09-14,TPEX,3310,佳穎,70.4,70.4,67.3,68.5,11122.0
2026-09-14,TPEX,3313,斐成,10.7,10.7,10.6,10.7,27686.0
2026-09-14,TPEX,3317,尼克森,54.5,55.6,53.3,54.7,412606.0
2026-09-14,TPEX,3322,建舜電,10.85,10.85,10.6,10.65,278071.0
2026-09-14,TPEX,3323,加百裕,26.75,27.1,26.5,26.7,277889.0
2026-09-14,TPEX,3324,雙鴻,1335.0,1355.0,1280.0,1305.0,948015.0
2026-09-14,TPEX,3325,旭品,11.05,11.3,11.0,11.1,43093.0
2026-09-14,TPEX,3332,幸康,61.5,61.5,60.3,61.0,3081.0
2026-09-14,TPEX,3339,泰谷,44.15,44.75,42.35,42.35,1043014.0
2026-09-14,TPEX,3349,寶德,20.0,20.0,19.8,20.0,1580568.0
2026-09-14,TPEX,3354,律勝,29.6,30.95,28.0,28.0,1751614.0
2026-09-14,TPEX,3357,臺慶科,197.0,202.0,194.5,199.0,692350.0
2026-09-14,TPEX,3360,尚立,14.55,14.55,14.25,14.3,137117.0
2026-09-14,TPEX,3362,先進光,174.5,180.0,162.0,168.5,5327496.0
2026-09-14,TPEX,3363,上詮,660.0,685.0,656.0,675.0,2240538.0
2026-09-14,TPEX,3372,典範,14.3,14.8,14.1,14.55,325517.0
2026-09-14,TPEX,3373,熱映,15.85,15.95,15.8,15.85,27230.0
2026-09-14,TPEX,3374,精材,440.0,447.5,417.5,429.5,17670498.0
2026-09-14,TPEX,3379,彬台,26.8,27.3,26.0,27.1,59583.0
2026-09-14,TPEX,3388,崇越電,81.0,81.4,79.8,81.0,472047.0
2026-09-14,TPEX,3390,旭軟,21.4,21.75,21.25,21.5,135999.0
2026-09-14,TPEX,3402,漢科,123.0,124.0,121.5,123.5,82124.0
2026-09-14,TPEX,3430,奇鈦科,101.5,102.5,99.9,100.5,224574.0
2026-09-14,TPEX,3434,哲固,29.7,30.05,29.45,29.55,75987.0
2026-09-14,TPEX,3438,類比科,61.2,62.1,61.2,61.4,55793.0
2026-09-14,TPEX,3441,聯一光,167.0,173.0,157.5,160.5,36401811.0
2026-09-14,TPEX,3444,利機,77.5,79.1,77.5,77.8,144828.0
2026-09-14,TPEX,3455,由田,230.0,237.0,222.5,230.5,1434056.0
2026-09-14,TPEX,3465,進泰電子,29.0,29.3,29.0,29.15,10000.0
2026-09-14,TPEX,3466,德晉,24.0,24.15,23.65,24.15,187776.0
2026-09-14,TPEX,3467,台灣精材,64.4,64.4,64.4,64.4,124690.0
2026-09-14,TPEX,3479,安勤,129.0,132.0,128.5,129.0,305951.0
2026-09-14,TPEX,3483,力致,75.8,77.9,75.8,76.0,128458.0
2026-09-14,TPEX,3484,崧騰,43.7,44.15,43.5,43.75,144754.0
2026-09-14,TPEX,3485,敘豐,189.0,193.0,187.0,190.0,71632.0
2026-09-14,TPEX,3489,森寶,22.0,22.0,21.15,21.15,96681.0
2026-09-14,TPEX,3490,單井,41.05,43.55,40.75,42.1,2847065.0
2026-09-14,TPEX,3491,昇達科,1410.0,1460.0,1385.0,1390.0,1463994.0
2026-09-14,TPEX,3492,長盛,18.95,19.1,18.95,19.0,5260.0
2026-09-14,TPEX,3498,陽程,188.0,199.0,186.5,190.5,2569642.0
2026-09-14,TPEX,3499,環天科,13.4,13.5,13.1,13.2,53392.0
2026-09-14,TPEX,3508,位速,21.2,22.5,20.9,22.1,291814.0
2026-09-14,TPEX,3511,矽瑪,18.55,19.15,18.45,18.6,86785.0
2026-09-14,TPEX,3512,皇龍,19.25,19.25,19.15,19.2,5200.0
2026-09-14,TPEX,3516,亞帝歐,25.4,25.4,24.65,25.4,149247.0
2026-09-14,TPEX,3520,華盈,17.55,17.55,17.3,17.35,81430.0
2026-09-14,TPEX,3521,台鋼建設,11.95,12.2,11.95,12.2,7010.0
2026-09-14,TPEX,3522,御嵿,12.15,13.4,12.15,12.85,394503.0
2026-09-14,TPEX,3523,迎輝,13.2,14.45,13.2,14.45,27001.0
2026-09-14,TPEX,3526,凡甲,266.5,270.0,264.5,266.0,141454.0
2026-09-14,TPEX,3527,聚積,48.15,50.4,48.15,49.75,26802.0
2026-09-14,TPEX,3529,力旺,2530.0,2770.0,2530.0,2730.0,1325591.0
2026-09-14,TPEX,3531,先益,21.3,21.3,21.3,21.3,1000.0
2026-09-14,TPEX,3537,堡達,51.3,52.9,51.1,52.2,123130.0
2026-09-14,TPEX,3540,曜越,22.1,22.8,22.0,22.7,278044.0
2026-09-14,TPEX,3541,西柏,21.85,22.3,21.85,22.1,49600.0
2026-09-14,TPEX,3546,宇峻,72.5,72.7,72.0,72.4,93197.0
2026-09-14,TPEX,3548,兆利,78.5,79.4,76.8,78.0,168280.0
2026-09-14,TPEX,3551,世禾,169.5,171.0,168.5,169.5,158129.0
2026-09-14,TPEX,3552,同致,42.1,42.1,41.55,41.75,94557.0
2026-09-14,TPEX,3555,博士旺,182.0,192.0,180.0,185.0,45381.0
2026-09-14,TPEX,3556,禾瑞亞,55.8,56.1,54.8,55.9,162276.0
2026-09-14,TPEX,3558,神準,116.5,120.5,116.5,119.0,34179.0
2026-09-14,TPEX,3564,其陽,48.5,49.3,47.6,47.6,272312.0
2026-09-14,TPEX,3567,逸昌,25.3,25.35,25.3,25.35,15141.0
2026-09-14,TPEX,3570,大塚,167.5,168.0,166.5,168.0,51819.0
2026-09-14,TPEX,3577,泓格,111.5,112.5,111.0,111.5,142260.0
2026-09-14,TPEX,3580,友威科,82.5,83.6,81.7,81.9,137232.0
2026-09-14,TPEX,3581,博磊,98.5,99.7,95.8,96.5,185682.0
2026-09-14,TPEX,3587,閎康,234.5,237.0,230.0,233.0,247965.0
2026-09-14,TPEX,3594,磐儀,45.35,46.8,45.1,46.5,255730.0
2026-09-14,TPEX,3597,映興,26.0,27.0,26.0,26.65,61049.0
2026-09-14,TPEX,3609,三一東林,18.15,19.85,18.1,19.85,575359.0
2026-09-14,TPEX,3611,鼎翰,181.5,182.0,181.5,181.5,24850.0
2026-09-14,TPEX,3615,安可,33.85,34.3,33.3,33.95,283656.0
2026-09-14,TPEX,3623,富晶通,27.2,28.85,27.0,27.0,925511.0
2026-09-14,TPEX,3624,光頡,122.0,128.5,117.0,124.0,44895002.0
2026-09-14,TPEX,3625,西勝,12.2,12.65,12.2,12.45,136294.0
2026-09-14,TPEX,3628,盈正,76.2,78.0,73.6,73.7,639149.0
2026-09-14,TPEX,3629,地心引力,18.5,18.5,18.0,18.0,8001.0
2026-09-14,TPEX,3630,新鉅科,26.0,26.0,25.75,25.85,223410.0
2026-09-14,TPEX,3631,晟楠,38.6,39.4,38.0,38.6,99041.0
2026-09-14,TPEX,3632,研勤,7.11,7.11,7.11,7.11,2367.0
2026-09-14,TPEX,3646,艾恩特,25.0,25.0,24.7,24.9,48333.0
2026-09-14,TPEX,3663,鑫科,59.0,59.0,56.7,58.0,272530.0
2026-09-14,TPEX,3664,安瑞-KY,6.8,6.98,6.8,6.98,14634.0
2026-09-14,TPEX,3666,光耀,25.0,25.0,25.0,25.0,4003.0
2026-09-14,TPEX,3672,康聯訊,12.1,12.1,11.8,11.95,11002.0
2026-09-14,TPEX,3675,德微,258.0,284.5,256.0,284.5,1888867.0
2026-09-14,TPEX,3680,家登,500.0,516.0,492.0,507.0,1217709.0
2026-09-14,TPEX,3684,榮昌,54.0,54.3,54.0,54.2,161895.0
2026-09-14,TPEX,3685,元創精密,36.55,37.4,36.3,37.25,408161.0
2026-09-14,TPEX,3687,歐買尬,61.9,62.0,61.0,61.6,43719.0
2026-09-14,TPEX,3689,湧德,107.0,107.5,106.0,106.5,534543.0
2026-09-14,TPEX,3691,碩禾,94.0,96.8,91.8,95.2,277760.0
2026-09-14,TPEX,3693,營邦,656.0,695.0,637.0,688.0,1905519.0
2026-09-14,TPEX,3707,漢磊,58.3,61.3,57.7,60.2,3469240.0
2026-09-14,TPEX,3709,鑫聯大投控,62.1,62.5,61.0,62.0,193700.0
2026-09-14,TPEX,3713,新晶投控,14.6,14.6,14.1,14.25,36014.0
2026-09-14,TPEX,3718,中光電投控,63.0,63.5,60.8,60.9,5520350.0
2026-09-14,TPEX,4102,永日,19.2,19.3,18.65,18.65,23103.0
2026-09-14,TPEX,4105,東洋,77.7,78.1,76.9,78.1,242185.0
2026-09-14,TPEX,4107,邦特,112.0,112.5,111.5,111.5,42678.0
2026-09-14,TPEX,4109,加捷生醫,10.85,11.15,10.85,11.05,159879.0
2026-09-14,TPEX,4111,濟生,28.8,28.8,28.4,28.55,89658.0
2026-09-14,TPEX,4113,聯上,15.75,15.85,15.75,15.85,44648.0
2026-09-14,TPEX,4114,健喬,29.6,29.6,29.3,29.45,395793.0
2026-09-14,TPEX,4116,明基醫,39.3,39.3,39.3,39.3,12200.0
2026-09-14,TPEX,4120,友華,47.1,47.1,47.1,47.1,1056.0
2026-09-14,TPEX,4121,優盛,12.8,12.8,12.65,12.7,14112.0
2026-09-14,TPEX,4123,晟德,30.3,30.4,30.0,30.35,898592.0
2026-09-14,TPEX,4126,太醫,77.4,77.4,77.1,77.2,11546.0
2026-09-14,TPEX,4127,天良,62.0,62.5,60.6,62.5,94214.0
2026-09-14,TPEX,4128,中天,14.5,14.55,14.1,14.4,567004.0
2026-09-14,TPEX,4129,聯合,81.6,82.5,81.4,82.4,113982.0
2026-09-14,TPEX,4131,浩泰,32.6,32.6,30.5,32.0,13943.0
2026-09-14,TPEX,4138,曜亞,53.6,53.7,53.0,53.7,20376.0
2026-09-14,TPEX,4139,馬光-KY,41.0,41.25,40.0,40.0,191736.0
2026-09-14,TPEX,4147,中裕,59.6,60.2,58.8,59.9,494813.0
2026-09-14,TPEX,4153,鈺緯,31.9,31.9,31.9,31.9,1346.0
2026-09-14,TPEX,4154,樂威科-KY,11.45,12.0,11.45,11.8,7100.0
2026-09-14,TPEX,4157,太景*-KY,8.65,8.76,8.63,8.67,425048.0
2026-09-14,TPEX,4160,訊聯基因,38.7,39.2,38.55,39.2,16986.0
2026-09-14,TPEX,4161,聿新科,21.75,22.45,21.75,22.35,11000.0
2026-09-14,TPEX,4162,智擎,54.5,54.5,53.9,54.1,199494.0
2026-09-14,TPEX,4163,鐿鈦,128.5,130.0,128.5,130.0,15672.0
2026-09-14,TPEX,4166,友霖,23.8,23.85,23.6,23.7,48096.0
2026-09-14,TPEX,4167,松瑞藥,18.85,19.0,18.7,18.85,461612.0
2026-09-14,TPEX,4168,醣聯,21.6,21.8,21.05,21.8,38213.0
2026-09-14,TPEX,4171,瑞基,16.25,16.25,16.1,16.15,54727.0
2026-09-14,TPEX,4173,久裕,17.1,17.2,16.95,17.1,64790.0
2026-09-14,TPEX,4174,浩鼎,25.4,25.4,24.8,25.1,377928.0
2026-09-14,TPEX,4175,杏一,51.0,51.2,50.6,51.2,5586.0
2026-09-14,TPEX,4183,福永生技,13.5,13.5,13.2,13.5,3000.0
2026-09-14,TPEX,4188,安克,14.7,15.15,14.3,14.6,132159.0
2026-09-14,TPEX,4192,杏國,18.2,18.85,18.2,18.85,11465.0
2026-09-14,TPEX,4198,欣大健康,48.0,49.8,48.0,49.8,4083.0
2026-09-14,TPEX,4205,中華食,69.0,69.1,68.8,68.8,31563.0
2026-09-14,TPEX,4207,環泰,19.5,19.5,19.35,19.35,121620.0
2026-09-14,TPEX,4303,信立,36.3,36.35,35.75,35.75,393361.0
2026-09-14,TPEX,4304,勝昱,17.2,17.2,17.2,17.2,6108.0
2026-09-14,TPEX,4305,世坤,41.9,42.0,41.85,42.0,11005.0
2026-09-14,TPEX,4401,東隆興,13.95,14.25,13.8,13.95,16255.0
2026-09-14,TPEX,4402,郡都開發,14.55,14.55,14.05,14.3,3516.0
2026-09-14,TPEX,4406,新昕纖,9.9,9.95,9.9,9.95,9924.0
2026-09-14,TPEX,4413,飛寶企業,,,,,0.0
2026-09-14,TPEX,4416,三圓,10.95,10.95,10.25,10.75,1599486.0
2026-09-14,TPEX,4417,金洲,50.0,50.0,49.2,49.65,102781.0
2026-09-14,TPEX,4419,皇家美食,45.3,45.3,45.1,45.1,12006.0
2026-09-14,TPEX,4420,光明,39.2,40.0,39.0,39.85,68042.0
2026-09-14,TPEX,4430,耀億,17.5,17.6,17.3,17.5,6484.0
2026-09-14,TPEX,4432,銘旺實,15.4,15.6,15.35,15.55,10021.0
2026-09-14,TPEX,4433,興采,18.4,18.5,18.3,18.35,117036.0
2026-09-14,TPEX,4442,竣邦-KY,54.8,56.7,54.1,55.6,74699.0
2026-09-14,TPEX,4502,健信,15.65,15.75,15.5,15.65,87000.0
2026-09-14,TPEX,4503,金雨,22.4,22.7,22.3,22.5,86316.0
2026-09-14,TPEX,4506,崇友,119.5,119.5,119.0,119.0,85054.0
2026-09-14,TPEX,4510,高鋒,42.5,42.5,41.3,41.8,687703.0
2026-09-14,TPEX,4513,福裕,15.35,15.7,15.1,15.45,202697.0
2026-09-14,TPEX,4523,永彰,24.1,24.1,23.75,23.8,46098.0
2026-09-14,TPEX,4527,方土霖,41.0,41.05,40.9,41.0,25197.0
2026-09-14,TPEX,4528,江興鍛,15.1,15.2,14.85,14.9,23852.0
2026-09-14,TPEX,4529,淳紳,3.58,3.82,3.45,3.55,26000.0
2026-09-14,TPEX,4530,天意能創,25.7,25.7,25.7,25.7,1042.0
2026-09-14,TPEX,4533,協易機,24.9,24.9,24.3,24.55,309156.0
2026-09-14,TPEX,4534,慶騰,27.8,28.45,27.3,27.85,233977.0
2026-09-14,TPEX,4535,至興,27.3,27.4,27.3,27.4,14003.0
2026-09-14,TPEX,4538,大詠城,17.2,17.5,17.1,17.25,13000.0
2026-09-14,TPEX,4541,晟田,56.5,57.6,56.2,57.2,625312.0
2026-09-14,TPEX,4542,科嶠,256.5,262.0,250.5,252.0,249851.0
2026-09-14,TPEX,4543,萬在,28.05,28.15,27.7,28.0,51589.0
2026-09-14,TPEX,4549,桓達,94.3,95.5,94.0,95.4,42260.0
2026-09-14,TPEX,4550,長佳,23.5,24.4,23.5,24.35,17132.0
2026-09-14,TPEX,4554,橙的,28.05,28.3,28.0,28.3,8242.0
2026-09-14,TPEX,4556,旭然,104.0,104.0,90.0,90.4,2427919.0
2026-09-14,TPEX,4558,寶緯,17.1,17.45,16.95,17.25,18000.0
2026-09-14,TPEX,4561,健椿,40.4,40.5,39.0,40.0,98302.0
2026-09-14,TPEX,4563,百德,44.25,45.5,44.0,45.0,133144.0
2026-09-14,TPEX,4568,科際精密,38.55,38.55,38.55,38.55,4201.0
2026-09-14,TPEX,4577,達航科技,85.0,85.6,83.6,84.4,258451.0
2026-09-14,TPEX,4580,捷流閥業,81.3,81.3,80.4,80.6,53164.0
2026-09-14,TPEX,4584,君帆,37.8,37.8,37.6,37.6,3895.0
2026-09-14,TPEX,4609,唐鋒,4.24,4.24,4.24,4.24,1004.0
2026-09-14,TPEX,4702,中美實,9.28,9.32,9.15,9.24,36557.0
2026-09-14,TPEX,4706,大恭,35.75,38.2,35.75,36.35,35988.0
2026-09-14,TPEX,4707,磐亞,26.1,26.3,25.2,26.1,1570486.0
2026-09-14,TPEX,4711,永純,16.3,16.45,16.05,16.2,45547.0
2026-09-14,TPEX,4714,永捷,11.8,11.8,11.35,11.4,2087383.0
2026-09-14,TPEX,4716,大立,16.7,16.75,16.5,16.55,513143.0
2026-09-14,TPEX,4721,美琪瑪,70.8,72.1,70.4,71.2,135805.0
2026-09-14,TPEX,4726,永昕,22.9,23.0,22.25,22.95,184476.0
2026-09-14,TPEX,4728,雙美,400.0,400.0,400.0,400.0,1024.0
2026-09-14,TPEX,4729,熒茂,18.2,18.75,18.15,18.3,51535.0
2026-09-14,TPEX,4735,豪展,35.9,36.05,35.65,35.9,22179.0
2026-09-14,TPEX,4741,泓瀚,37.3,38.3,36.6,37.1,93221.0
2026-09-14,TPEX,4743,合一,43.8,43.8,43.0,43.45,833834.0
2026-09-14,TPEX,4744,皇將,27.0,27.4,26.75,26.95,49109.0
2026-09-14,TPEX,4745,合富-KY,11.6,11.65,11.55,11.55,8040.0
2026-09-14,TPEX,4747,強生*,25.05,25.1,24.75,25.0,33123.0
2026-09-14,TPEX,4749,新應材,707.0,727.0,701.0,709.0,442878.0
2026-09-14,TPEX,4754,國碳科,37.5,37.5,37.5,37.5,8696.0
2026-09-14,TPEX,4760,勤凱,255.0,259.5,246.5,255.5,316288.0
2026-09-14,TPEX,4767,誠泰科技,27.9,27.9,27.25,27.75,16110.0
2026-09-14,TPEX,4768,晶呈科技,295.5,313.0,289.0,301.0,322057.0
2026-09-14,TPEX,4772,台特化,232.0,239.5,228.5,238.5,467684.0
2026-09-14,TPEX,4806,桂田文創,8.7,9.06,8.27,9.03,33406.0
2026-09-14,TPEX,4903,聯光通,33.45,36.45,33.4,34.8,2313730.0
2026-09-14,TPEX,4905,台聯電,81.2,81.2,77.5,77.5,33912.0
2026-09-14,TPEX,4907,富宇,43.8,44.45,43.75,44.05,80236.0
2026-09-14,TPEX,4908,前鼎,227.5,235.0,220.0,225.5,4101250.0
2026-09-14,TPEX,4909,新復興,34.0,34.1,33.5,33.6,267948.0
2026-09-14,TPEX,4911,德英,28.1,28.5,28.1,28.5,8976.0
2026-09-14,TPEX,4923,力士,51.0,53.3,50.5,52.1,231453.0
2026-09-14,TPEX,4924,欣厚-KY,12.75,13.25,12.3,12.3,1559096.0
2026-09-14,TPEX,4931,新盛力,229.0,237.5,223.0,231.5,2526754.0
2026-09-14,TPEX,4933,友輝,51.1,51.7,50.7,51.2,48156.0
2026-09-14,TPEX,4939,亞電,82.4,83.8,80.4,80.6,9704624.0
2026-09-14,TPEX,4946,辣椒,92.9,93.0,91.6,91.6,8571.0
2026-09-14,TPEX,4950,金耘國際,15.65,16.45,15.65,16.4,8770.0
2026-09-14,TPEX,4951,精拓科,84.1,84.1,81.0,81.0,258240.0
2026-09-14,TPEX,4953,緯致,118.5,121.0,117.5,120.5,466299.0
2026-09-14,TPEX,4966,譜瑞-KY,528.0,545.0,521.0,537.0,268979.0
2026-09-14,TPEX,4971,IET-KY,531.0,559.0,531.0,531.0,1426024.0
2026-09-14,TPEX,4972,湯石照明,16.65,16.65,16.25,16.25,26429.0
2026-09-14,TPEX,4973,廣穎,140.0,140.0,136.5,138.0,561148.0
2026-09-14,TPEX,4974,亞泰,70.8,71.1,70.0,70.8,62712.0
2026-09-14,TPEX,4979,華星光,510.0,547.0,508.0,547.0,1017192.0
2026-09-14,TPEX,4991,環宇-KY,430.0,451.5,422.0,445.0,3527457.0
2026-09-14,TPEX,4995,晶達,50.4,52.6,49.6,51.2,77926.0
2026-09-14,TPEX,5009,榮剛,32.3,32.3,31.85,31.85,1899428.0
2026-09-14,TPEX,5011,久陽,18.3,18.3,18.1,18.1,83384.0
2026-09-14,TPEX,5013,強新,28.2,29.95,28.2,29.0,25136.0
2026-09-14,TPEX,5014,建錩,9.89,9.9,9.82,9.82,195043.0
2026-09-14,TPEX,5015,華祺,22.1,22.1,21.85,21.85,8543.0
2026-09-14,TPEX,5016,松和,24.4,24.5,24.2,24.45,10000.0
2026-09-14,TPEX,5201,凱衛,29.45,29.95,29.25,29.95,67117.0
2026-09-14,TPEX,5202,力新,12.15,12.9,12.05,12.9,1029659.0
2026-09-14,TPEX,5205,中茂,19.7,19.75,19.7,19.75,4001.0
2026-09-14,TPEX,5206,坤悅,22.35,22.35,22.05,22.1,104267.0
2026-09-14,TPEX,5209,新鼎,173.0,182.0,172.5,173.0,379479.0
2026-09-14,TPEX,5210,寶碩,29.0,29.8,28.4,28.45,268813.0
2026-09-14,TPEX,5211,蒙恬,20.1,20.4,19.95,20.4,27293.0
2026-09-14,TPEX,5212,凌網,46.55,46.8,46.5,46.8,18113.0
2026-09-14,TPEX,5213,亞昕,20.65,20.65,20.4,20.55,223399.0
2026-09-14,TPEX,5220,萬達光電,19.95,19.95,19.55,19.7,13549.0
2026-09-14,TPEX,5223,安力-KY,24.05,24.05,23.0,23.45,13501.0
2026-09-14,TPEX,5227,立凱-KY,29.95,30.2,29.2,29.5,156265.0
2026-09-14,TPEX,5228,鈺鎧,39.9,39.9,38.25,39.5,132888.0
2026-09-14,TPEX,5230,雷笛克光學,18.3,18.9,18.3,18.45,143426.0
2026-09-14,TPEX,5245,智晶,21.65,21.75,21.5,21.75,11000.0
2026-09-14,TPEX,5251,天鉞電,26.35,28.3,26.35,26.5,419482.0
2026-09-14,TPEX,5263,智崴,92.1,92.5,90.3,91.2,240323.0
2026-09-14,TPEX,5272,笙科,16.95,16.95,16.8,16.8,38262.0
2026-09-14,TPEX,5274,信驊,17765.0,18035.0,17170.0,17980.0,222355.0
2026-09-14,TPEX,5276,達輝-KY,,,,,0.0
2026-09-14,TPEX,5278,尚凡*,23.8,23.8,23.45,23.5,34700.0
2026-09-14,TPEX,5287,數字,135.5,135.5,134.5,134.5,32175.0
2026-09-14,TPEX,5289,宜鼎,1265.0,1310.0,1245.0,1290.0,943832.0
2026-09-14,TPEX,5291,邑昇,57.2,58.8,57.2,57.5,442192.0
2026-09-14,TPEX,5299,杰力,91.8,94.1,91.1,93.0,145196.0
2026-09-14,TPEX,5301,寶得利,5.32,5.36,5.01,5.01,29000.0
2026-09-14,TPEX,5302,太欣,9.72,9.75,9.63,9.66,215853.0
2026-09-14,TPEX,5309,系統電,49.45,49.65,48.05,49.2,903848.0
2026-09-14,TPEX,5310,天剛,25.0,25.0,25.0,25.0,10536.0
2026-09-14,TPEX,5312,寶島科,91.3,91.3,89.8,89.8,14262.0
2026-09-14,TPEX,5314,世紀*,37.95,37.95,37.95,37.95,14411770.0
2026-09-14,TPEX,5315,光聯,18.1,18.1,18.0,18.05,156535.0
2026-09-14,TPEX,5321,美而快,75.5,75.5,71.6,71.8,763755.0
2026-09-14,TPEX,5324,士開,12.2,12.25,12.1,12.25,255167.0
2026-09-14,TPEX,5328,華容,55.4,55.6,53.5,54.0,3343731.0
2026-09-14,TPEX,5340,建榮,86.0,87.0,84.1,84.3,5698611.0
2026-09-14,TPEX,5344,立衛,13.3,13.3,13.15,13.15,21100.0
2026-09-14,TPEX,5345,馥鴻,22.3,22.4,20.55,20.55,22020.0
2026-09-14,TPEX,5347,世界,155.0,160.0,152.5,159.5,6762699.0
2026-09-14,TPEX,5348,正能量智能,16.9,16.9,15.55,15.55,3093.0
2026-09-14,TPEX,5351,鈺創,106.0,107.5,104.0,106.0,6356283.0
2026-09-14,TPEX,5353,台林,28.2,28.2,27.25,27.6,64026.0
2026-09-14,TPEX,5355,佳總,5.84,5.99,5.84,5.95,79209.0
2026-09-14,TPEX,5356,協益,26.15,26.2,25.85,25.85,9560.0
2026-09-14,TPEX,5364,力麗店,8.32,8.38,8.2,8.28,37035.0
2026-09-14,TPEX,5381,光譜,22.85,23.0,22.55,22.85,219600.0
2026-09-14,TPEX,5386,青雲,308.0,321.5,299.5,302.0,2817196.0
2026-09-14,TPEX,5392,能率,40.2,40.25,39.5,39.7,633838.0
2026-09-14,TPEX,5398,慕康生醫,14.35,14.7,14.25,14.25,70115.0
2026-09-14,TPEX,5403,中菲,93.5,93.5,92.8,93.2,54850.0
2026-09-14,TPEX,5410,國眾,32.5,33.3,32.35,33.1,480717.0
2026-09-14,TPEX,5425,台半,84.6,92.0,84.4,90.1,13336568.0
2026-09-14,TPEX,5426,振發,27.95,28.05,27.15,27.75,343304.0
2026-09-14,TPEX,5432,新門,146.5,150.0,145.5,147.0,22752.0
2026-09-14,TPEX,5438,東友,16.2,16.6,16.2,16.4,46231.0
2026-09-14,TPEX,5439,高技,245.5,251.0,240.0,246.5,1085907.0
2026-09-14,TPEX,5443,均豪,103.0,105.0,102.0,102.5,955237.0
2026-09-14,TPEX,5450,南良,14.45,14.75,14.25,14.4,64076.0
2026-09-14,TPEX,5452,佶優,25.8,26.1,25.65,25.85,204381.0
2026-09-14,TPEX,5455,昇益,30.0,30.0,29.6,29.6,2000.0
2026-09-14,TPEX,5457,宣德,26.0,26.0,24.5,24.5,705101.0
2026-09-14,TPEX,5460,同協,17.05,17.05,16.6,16.6,778501.0
2026-09-14,TPEX,5464,霖宏,87.4,91.2,85.6,89.1,974351.0
2026-09-14,TPEX,5465,富驊,24.4,24.4,24.05,24.25,48000.0
2026-09-14,TPEX,5468,凱鈺,25.55,26.0,25.0,25.0,232894.0
2026-09-14,TPEX,5474,聰泰,147.5,152.5,147.5,151.5,130193.0
2026-09-14,TPEX,5475,德宏,172.5,181.5,171.0,176.0,4672728.0
2026-09-14,TPEX,5478,智冠,96.8,97.3,96.5,96.8,46404.0
2026-09-14,TPEX,5481,新華,20.75,21.4,20.6,21.2,102306.0
2026-09-14,TPEX,5483,中美晶,172.5,179.0,170.0,176.5,7080290.0
2026-09-14,TPEX,5487,通泰,29.5,30.0,29.3,29.3,8105.0
2026-09-14,TPEX,5488,松普,11.7,11.7,11.5,11.65,163263.0
2026-09-14,TPEX,5489,彩富,40.25,40.35,39.05,40.35,43384.0
2026-09-14,TPEX,5490,同亨,25.35,25.55,25.1,25.3,245633.0
2026-09-14,TPEX,5493,三聯,84.5,84.5,82.7,83.0,36327.0
2026-09-14,TPEX,5498,凱崴,50.0,51.6,49.9,50.3,720653.0
2026-09-14,TPEX,5508,永信建,52.3,52.8,52.1,52.1,273909.0
2026-09-14,TPEX,5511,德昌,69.4,69.5,69.1,69.5,51180.0
2026-09-14,TPEX,5512,力麒,7.73,7.74,7.68,7.72,444122.0
2026-09-14,TPEX,5514,三豐,14.65,15.25,14.65,15.25,7271.0
2026-09-14,TPEX,5516,雙喜,11.8,12.3,11.7,11.75,42527.0
2026-09-14,TPEX,5520,力泰,82.0,82.0,82.0,82.0,4098.0
2026-09-14,TPEX,5523,豐謙,30.2,30.35,30.2,30.35,27000.0
2026-09-14,TPEX,5529,鉅陞,23.8,23.85,23.5,23.8,108770.0
2026-09-14,TPEX,5530,龍巖,49.55,49.8,49.4,49.55,110828.0
2026-09-14,TPEX,5536,聖暉*,833.0,853.0,816.0,849.0,244779.0
2026-09-14,TPEX,5543,桓鼎-KY,28.2,28.2,27.15,27.55,10040.0
2026-09-14,TPEX,5547,久舜,20.0,20.0,19.85,19.85,11124.0
2026-09-14,TPEX,5548,安倉,20.2,20.3,20.0,20.3,12610.0
2026-09-14,TPEX,5601,台聯櫃,31.0,31.1,30.2,30.2,10010.0
2026-09-14,TPEX,5603,陸海,13.55,13.6,13.45,13.6,120164.0
2026-09-14,TPEX,5604,中連,30.8,31.2,30.8,31.2,13507.0
2026-09-14,TPEX,5609,中菲行,78.6,78.8,78.1,78.8,136643.0
2026-09-14,TPEX,5701,劍湖山,4.1,4.39,4.09,4.11,22288.0
2026-09-14,TPEX,5703,亞都,,,,,648.0
2026-09-14,TPEX,5704,老爺知,22.95,23.25,22.65,22.85,16798.0
2026-09-14,TPEX,5864,致和證,34.95,35.6,34.25,35.5,2370501.0
2026-09-14,TPEX,5878,台名,38.1,38.1,38.1,38.1,1289.0
2026-09-14,TPEX,5902,德記,34.8,34.8,34.7,34.7,191100.0
2026-09-14,TPEX,5903,全家,184.0,185.0,183.5,185.0,15463.0
2026-09-14,TPEX,5904,寶雅*,72.4,72.9,71.6,72.9,3374471.0
2026-09-14,TPEX,5905,南仁湖,7.44,7.44,7.29,7.33,728737.0
2026-09-14,TPEX,6015,宏遠證,16.85,17.4,16.75,17.35,1739154.0
2026-09-14,TPEX,6016,康和證,22.2,22.75,21.95,22.55,3401175.0
2026-09-14,TPEX,6020,大展證,20.4,20.45,20.3,20.4,15022.0
2026-09-14,TPEX,6021,美好證,42.55,44.8,42.55,44.75,626896.0
2026-09-14,TPEX,6023,元大期,84.2,85.2,84.2,85.2,253344.0
2026-09-14,TPEX,6026,福邦證,15.1,15.3,15.05,15.25,835727.0
2026-09-14,TPEX,6028,公勝保經,95.0,95.0,95.0,95.0,1100.0
2026-09-14,TPEX,6101,寬魚國際,37.9,37.95,37.45,37.95,195784.0
2026-09-14,TPEX,6103,合邦,31.3,31.3,31.0,31.0,3049.0
2026-09-14,TPEX,6104,創惟,90.5,91.3,89.7,90.0,249101.0
2026-09-14,TPEX,6109,亞元,10.5,10.65,10.45,10.6,1367962.0
2026-09-14,TPEX,6111,光聚晶電,34.55,34.55,33.6,33.6,162501.0
2026-09-14,TPEX,6113,亞矽,21.8,22.45,21.5,22.25,72111.0
2026-09-14,TPEX,6114,久威,23.0,23.0,22.75,22.9,9222.0
2026-09-14,TPEX,6118,建達,14.9,15.05,14.75,15.0,63403.0
2026-09-14,TPEX,6121,新普,376.5,381.5,374.5,379.0,256822.0
2026-09-14,TPEX,6122,擎邦,50.8,51.8,50.7,51.1,336497.0
2026-09-14,TPEX,6123,上奇,42.6,42.9,42.55,42.75,24469.0
2026-09-14,TPEX,6124,業強,26.6,27.05,26.6,26.9,4032.0
2026-09-14,TPEX,6125,廣運,48.0,48.7,47.5,48.35,428223.0
2026-09-14,TPEX,6126,信音,28.65,28.9,28.55,28.85,254810.0
2026-09-14,TPEX,6127,九豪,46.95,47.95,45.4,47.45,2092581.0
2026-09-14,TPEX,6129,普誠,14.25,14.25,13.4,13.75,711800.0
2026-09-14,TPEX,6130,上亞科技,24.4,24.45,23.55,24.15,59570.0
2026-09-14,TPEX,6134,萬旭,27.95,28.5,27.95,28.25,79674.0
2026-09-14,TPEX,6138,茂達,265.5,272.0,261.0,268.5,318830.0
2026-09-14,TPEX,6140,訊達,18.0,18.25,17.7,18.25,295938.0
2026-09-14,TPEX,6143,振曜,80.7,80.7,79.3,80.2,217924.0
2026-09-14,TPEX,6144,得利影,13.2,13.2,13.2,13.2,2040.0
2026-09-14,TPEX,6146,耕興,179.0,181.0,178.5,179.0,172884.0
2026-09-14,TPEX,6147,頎邦,176.0,191.5,171.0,189.0,41813811.0
2026-09-14,TPEX,6148,驊宏資,33.3,34.1,33.3,34.1,1357315.0
2026-09-14,TPEX,6150,撼訊,61.3,61.6,60.5,60.6,220972.0
2026-09-14,TPEX,6151,晉倫,34.15,34.4,33.75,34.3,89259.0
2026-09-14,TPEX,6154,順發,13.9,14.2,13.9,14.05,23798.0
2026-09-14,TPEX,6156,松上,20.25,20.35,20.0,20.0,425357.0
2026-09-14,TPEX,6158,禾昌,17.2,17.2,16.6,16.85,44204.0
2026-09-14,TPEX,6160,欣技,14.5,14.6,14.25,14.25,31166.0
2026-09-14,TPEX,6161,捷波,47.6,48.45,47.45,48.0,51116.0
2026-09-14,TPEX,6163,華電網,38.7,39.55,37.9,39.35,353720.0
2026-09-14,TPEX,6167,久正,10.15,10.15,9.93,10.05,180459.0
2026-09-14,TPEX,6169,昱泉,12.0,12.15,12.0,12.15,9039.0
2026-09-14,TPEX,6170,統振,47.95,48.15,47.95,48.05,102796.0
2026-09-14,TPEX,6171,大城地產,25.75,25.9,25.4,25.9,57303.0
2026-09-14,TPEX,6173,信昌電,274.0,304.5,272.5,293.5,25710457.0
2026-09-14,TPEX,6174,安碁,40.35,42.2,40.3,41.0,486136.0
2026-09-14,TPEX,6175,立敦,68.5,69.9,67.4,69.3,390721.0
2026-09-14,TPEX,6179,亞通,35.5,36.1,32.85,34.4,13238513.0
2026-09-14,TPEX,6180,橘子,40.8,41.15,40.75,41.15,112552.0
2026-09-14,TPEX,6182,合晶,102.5,105.5,100.0,103.5,18139616.0
2026-09-14,TPEX,6185,幃翔,12.6,12.6,12.4,12.5,491595.0
2026-09-14,TPEX,6186,新潤,30.1,30.45,29.9,30.15,378820.0
2026-09-14,TPEX,6187,萬潤,1210.0,1250.0,1185.0,1225.0,1979354.0
2026-09-14,TPEX,6188,廣明,62.6,63.0,61.9,62.4,604277.0
2026-09-14,TPEX,6190,萬泰科,66.5,67.3,65.6,66.0,945213.0
2026-09-14,TPEX,6194,育富,29.9,30.0,29.9,29.95,16476.0
2026-09-14,TPEX,6195,詩肯,27.65,27.9,27.35,27.9,21375.0
2026-09-14,TPEX,6198,瑞築,19.4,19.4,19.4,19.4,3293.0
2026-09-14,TPEX,6199,天品,98.4,101.0,97.7,100.5,3123850.0
2026-09-14,TPEX,6203,海韻電,60.8,60.8,59.7,59.7,54630.0
2026-09-14,TPEX,6204,艾華,88.2,91.4,87.7,90.8,218031.0
2026-09-14,TPEX,6207,雷科,108.5,109.0,105.0,106.5,2789834.0
2026-09-14,TPEX,6208,日揚,73.6,75.0,73.0,73.1,145412.0
2026-09-14,TPEX,6210,慶生,17.0,17.85,16.5,17.5,37604.0
2026-09-14,TPEX,6212,理銘,32.2,32.2,32.2,32.2,1200.0
2026-09-14,TPEX,6217,中探針,162.0,163.5,156.5,161.0,1920589.0
2026-09-14,TPEX,6218,豪勉,44.6,45.85,43.25,44.8,1415640.0
2026-09-14,TPEX,6219,富旺,11.95,12.45,11.95,12.05,56383.0
2026-09-14,TPEX,6220,岳豐,25.35,25.75,25.3,25.6,46676.0
2026-09-14,TPEX,6221,晉泰,25.6,25.6,25.6,25.6,314134.0
2026-09-14,TPEX,6222,立軒,19.1,19.25,19.1,19.2,5005.0
2026-09-14,TPEX,6223,旺矽,5455.0,5660.0,5370.0,5595.0,562826.0
2026-09-14,TPEX,6227,茂綸,130.0,134.0,124.5,127.0,4911471.0
2026-09-14,TPEX,6228,全譜,,,,,0.0
2026-09-14,TPEX,6229,研通,23.35,23.35,23.2,23.3,7043.0
2026-09-14,TPEX,6231,系微,209.5,217.0,204.0,208.0,393321.0
2026-09-14,TPEX,6233,旺玖,20.1,20.5,20.0,20.3,57171.0
2026-09-14,TPEX,6234,高僑,33.2,34.2,32.65,33.85,214330.0
2026-09-14,TPEX,6236,中湛,,,,,0.0
2026-09-14,TPEX,6237,驊訊,33.6,33.6,33.05,33.2,78787.0
2026-09-14,TPEX,6240,松崗,22.8,23.85,22.8,23.25,62342.0
2026-09-14,TPEX,6241,鑫永洋,15.5,15.5,15.1,15.45,40617.0
2026-09-14,TPEX,6242,立康,33.7,33.7,33.7,33.7,1301.0
2026-09-14,TPEX,6244,茂迪,22.25,22.55,21.95,22.1,1091442.0
2026-09-14,TPEX,6245,立端,82.1,88.0,82.1,85.5,3293174.0
2026-09-14,TPEX,6246,臺龍,12.55,12.7,12.55,12.65,7012.0
2026-09-14,TPEX,6248,沛波,16.8,16.8,16.55,16.8,49105.0
2026-09-14,TPEX,6259,百徽,28.1,28.8,27.75,28.05,169001.0
2026-09-14,TPEX,6261,久元,74.6,74.9,72.9,73.7,298690.0
2026-09-14,TPEX,6263,普萊德,153.5,155.5,152.5,155.0,39166.0
2026-09-14,TPEX,6264,富裔,6.0,6.03,6.0,6.01,74050.0
2026-09-14,TPEX,6265,方土昶,47.65,49.7,47.4,49.2,2079153.0
2026-09-14,TPEX,6266,泰詠,24.6,24.85,24.5,24.85,79835.0
2026-09-14,TPEX,6270,倍微,27.8,28.65,27.65,28.05,114217.0
2026-09-14,TPEX,6274,台燿,1340.0,1440.0,1320.0,1410.0,7441172.0
2026-09-14,TPEX,6275,元山,45.55,45.55,44.95,45.3,109091.0
2026-09-14,TPEX,6276,安鈦克,19.35,19.75,19.25,19.7,16260.0
2026-09-14,TPEX,6279,胡連,110.5,112.0,110.0,111.0,238589.0
2026-09-14,TPEX,6284,佳邦,75.1,76.9,74.4,75.6,730168.0
2026-09-14,TPEX,6290,良維,253.0,262.0,252.0,260.0,1490515.0
2026-09-14,TPEX,6291,沛亨,460.5,484.5,440.0,466.5,2183370.0
2026-09-14,TPEX,6292,迅德,65.7,67.7,65.5,66.0,777856.0
2026-09-14,TPEX,6294,智基,28.1,28.5,28.1,28.5,6549.0
2026-09-14,TPEX,6411,晶焱,76.4,77.8,76.4,77.0,157816.0
2026-09-14,TPEX,6417,韋僑,102.5,104.0,102.5,103.5,15415.0
2026-09-14,TPEX,6418,詠昇,34.55,35.35,34.5,35.3,109379.0
2026-09-14,TPEX,6419,京晨科,150.0,151.0,147.0,147.0,100427.0
2026-09-14,TPEX,6423,億而得,81.5,82.2,81.5,81.6,19100.0
2026-09-14,TPEX,6425,易發,60.5,62.1,60.0,61.1,143891.0
2026-09-14,TPEX,6432,今展科,54.4,54.4,52.1,52.7,302681.0
2026-09-14,TPEX,6435,大中,226.5,246.5,226.0,241.0,366305.0
2026-09-14,TPEX,6441,廣錠,24.8,25.4,23.85,24.35,401868.0
2026-09-14,TPEX,6461,益得,25.4,25.7,25.0,25.5,44519.0
2026-09-14,TPEX,6462,神盾,96.3,98.6,95.1,98.3,325464.0
2026-09-14,TPEX,6465,威潤,41.8,41.85,40.8,41.65,84133.0
2026-09-14,TPEX,6469,大樹,66.1,66.1,65.2,65.5,269955.0
2026-09-14,TPEX,6470,宇智,43.05,43.05,42.6,42.6,29034.0
2026-09-14,TPEX,6474,華豫寧,35.15,35.35,35.1,35.2,33334.0
2026-09-14,TPEX,6482,弘煜科,24.65,24.65,24.65,24.65,1350.0
2026-09-14,TPEX,6485,點序,59.1,59.9,58.7,59.7,91921.0
2026-09-14,TPEX,6486,互動,80.0,81.2,80.0,80.5,74831.0
2026-09-14,TPEX,6488,環球晶,880.0,907.0,872.0,900.0,4179894.0
2026-09-14,TPEX,6492,生華科,33.8,34.0,33.5,33.5,155875.0
2026-09-14,TPEX,6494,九齊,49.8,50.7,49.45,49.5,59086.0
2026-09-14,TPEX,6496,科懋,24.4,24.4,23.75,24.25,5330.0
2026-09-14,TPEX,6498,久禾光,65.7,66.6,64.8,66.2,138329.0
2026-09-14,TPEX,6499,益安,70.4,70.4,68.5,70.2,166598.0
2026-09-14,TPEX,6506,雙邦,18.3,18.3,17.9,17.9,77020.0
2026-09-14,TPEX,6508,惠光,24.8,25.05,24.75,25.0,35221.0
2026-09-14,TPEX,6509,聚和,45.25,45.25,44.35,45.2,471798.0
2026-09-14,TPEX,6510,精測,3400.0,3520.0,3370.0,3375.0,860216.0
2026-09-14,TPEX,6512,啟發電,20.35,20.35,20.1,20.1,5556.0
2026-09-14,TPEX,6516,勤崴國際,56.2,56.3,55.8,56.2,29251.0
2026-09-14,TPEX,6517,保勝光學,63.5,63.5,61.5,61.7,327901.0
2026-09-14,TPEX,6523,達爾膚,90.1,90.1,89.2,90.0,21514.0
2026-09-14,TPEX,6527,明達醫,75.2,75.3,74.9,75.1,18000.0
2026-09-14,TPEX,6530,創威,90.2,93.9,90.1,90.8,614713.0
2026-09-14,TPEX,6532,瑞耘,92.0,95.5,91.8,93.5,312088.0
2026-09-14,TPEX,6535,順藥,75.5,77.0,74.5,75.8,151113.0
2026-09-14,TPEX,6538,倉和,362.0,379.5,355.0,372.5,441514.0
2026-09-14,TPEX,6542,隆中,44.3,44.3,43.0,43.1,10015.0
2026-09-14,TPEX,6546,正基,58.8,60.0,58.6,59.3,98138.0
2026-09-14,TPEX,6547,高端疫苗,58.4,59.3,56.5,58.1,5840388.0
2026-09-14,TPEX,6548,長科*,68.6,73.5,68.5,72.3,2846522.0
2026-09-14,TPEX,6556,勝品,61.5,61.5,60.4,60.4,3002.0
2026-09-14,TPEX,6560,欣普羅,30.7,30.7,30.7,30.7,2141.0
2026-09-14,TPEX,6561,是方,317.5,318.5,313.0,313.5,57810.0
2026-09-14,TPEX,6568,宏觀,132.0,138.5,132.0,135.0,60573.0
2026-09-14,TPEX,6569,醫揚,89.8,91.2,89.0,91.2,23687.0
2026-09-14,TPEX,6570,維田,47.5,47.6,47.2,47.2,40120.0
2026-09-14,TPEX,6574,霈方,118.0,119.5,117.5,119.5,9901.0
2026-09-14,TPEX,6576,逸達,80.1,82.2,79.7,82.2,142037.0
2026-09-14,TPEX,6577,勁豐,78.5,79.0,78.5,79.0,13306.0
2026-09-14,TPEX,6578,達邦蛋白,17.2,17.2,16.95,17.1,56199.0
2026-09-14,TPEX,6584,南俊國際,562.0,567.0,543.0,544.0,375443.0
2026-09-14,TPEX,6588,東典光電,105.0,113.0,104.0,107.0,1495848.0
2026-09-14,TPEX,6590,普鴻,60.0,62.5,60.0,62.5,31067.0
2026-09-14,TPEX,6593,台灣銘板,31.5,31.9,31.5,31.75,16238.0
2026-09-14,TPEX,6596,寬宏藝術,93.9,93.9,93.0,93.0,88164.0
2026-09-14,TPEX,6597,立誠,,,,,43.0
2026-09-14,TPEX,6603,富強鑫,24.15,26.3,24.15,25.9,1922187.0
2026-09-14,TPEX,6609,瀧澤科,39.1,39.4,38.5,38.8,56510.0
2026-09-14,TPEX,6612,奈米醫材,71.3,71.8,71.3,71.8,2658.0
2026-09-14,TPEX,6613,朋億*,254.5,256.5,251.5,253.5,166274.0
2026-09-14,TPEX,6615,慧智,33.9,33.9,33.5,33.65,3027.0
2026-09-14,TPEX,6616,特昇-KY,8.21,8.35,8.21,8.35,2015.0
2026-09-14,TPEX,6617,共信-KY,130.0,130.0,125.5,125.5,412896.0
2026-09-14,TPEX,6620,漢達,125.0,128.0,120.0,127.0,1397394.0
2026-09-14,TPEX,6624,萬年清,38.3,42.35,38.05,38.25,17209.0
2026-09-14,TPEX,6629,泰金-KY,104.5,104.5,103.0,103.0,2061.0
2026-09-14,TPEX,6637,醫影,54.0,54.0,54.0,54.0,2264.0
2026-09-14,TPEX,6640,均華,1140.0,1185.0,1085.0,1130.0,379214.0
2026-09-14,TPEX,6642,富致,76.5,76.7,75.4,75.4,47373.0
2026-09-14,TPEX,6643,M31,402.0,432.0,400.0,420.5,438114.0
2026-09-14,TPEX,6649,台生材,35.85,36.25,35.15,35.95,33003.0
2026-09-14,TPEX,6651,全宇昕,135.5,143.0,135.5,142.0,125019.0
2026-09-14,TPEX,6654,天正國際,202.5,205.0,197.0,204.0,21410.0
2026-09-14,TPEX,6661,威健生技,16.85,16.85,16.3,16.6,3000.0
2026-09-14,TPEX,6662,樂斯科,28.65,28.7,28.65,28.7,2001.0
2026-09-14,TPEX,6664,群翊,330.0,338.0,328.0,336.0,257260.0
2026-09-14,TPEX,6667,信紘科,244.5,249.0,238.5,245.0,195291.0
2026-09-14,TPEX,6679,鈺太,194.0,198.0,192.0,197.0,134999.0
2026-09-14,TPEX,6680,鑫創電子,53.8,53.8,52.0,52.0,7041.0
2026-09-14,TPEX,6683,雍智科技,1260.0,1375.0,1235.0,1335.0,730985.0
2026-09-14,TPEX,6684,安格,45.7,45.7,44.35,44.35,43190.0
2026-09-14,TPEX,6690,安碁資訊,181.0,188.0,181.0,188.0,572188.0
2026-09-14,TPEX,6692,進能服,23.15,23.45,22.8,23.45,23455.0
2026-09-14,TPEX,6693,廣閎科,163.0,184.0,163.0,179.0,1445840.0
2026-09-14,TPEX,6697,東捷資訊,40.95,42.45,40.95,41.5,65448.0
2026-09-14,TPEX,6703,軒郁,99.9,100.5,99.5,100.5,33087.0
2026-09-14,TPEX,6708,天擎,37.0,37.0,36.8,36.8,3075.0
2026-09-14,TPEX,6712,長聖,153.5,154.5,151.5,154.0,156932.0
2026-09-14,TPEX,6716,應廣,114.0,124.5,112.5,120.5,770073.0
2026-09-14,TPEX,6720,久昌,131.5,131.5,129.0,130.5,24014.0
2026-09-14,TPEX,6721,信實,49.6,49.65,49.6,49.6,8625.0
2026-09-14,TPEX,6725,矽科宏晟,211.5,213.0,206.0,206.5,80492.0
2026-09-14,TPEX,6727,亞泰金屬,505.0,509.0,482.0,488.5,1201489.0
2026-09-14,TPEX,6728,上洋,107.5,108.0,106.5,108.0,17433.0
2026-09-14,TPEX,6730,常廣,31.5,31.9,31.5,31.9,2122.0
2026-09-14,TPEX,6732,昇佳電子,144.5,147.0,143.0,145.0,74908.0
2026-09-14,TPEX,6733,博晟生醫,24.95,25.15,24.85,25.15,28006.0
2026-09-14,TPEX,6735,美達科技,60.6,61.0,59.0,60.0,56145.0
2026-09-14,TPEX,6739,竹陞科技,1270.0,1270.0,1145.0,1145.0,538871.0
2026-09-14,TPEX,6741,91APP*-KY,59.2,59.2,58.1,59.0,83900.0
2026-09-14,TPEX,6751,智聯服務,42.0,42.4,41.65,41.65,4409.0
2026-09-14,TPEX,6752,叡揚,96.0,97.4,95.8,96.6,39131.0
2026-09-14,TPEX,6761,穩得,162.0,164.0,160.0,162.0,150151.0
2026-09-14,TPEX,6762,達亞,,,,,0.0
2026-09-14,TPEX,6763,綠界科技*,40.5,41.3,40.1,41.1,151951.0
2026-09-14,TPEX,6767,台微醫,24.5,24.65,24.5,24.65,3000.0
2026-09-14,TPEX,6785,昱展新藥,95.4,95.6,93.2,93.3,16775.0
2026-09-14,TPEX,6788,華景電,323.0,330.5,322.5,326.0,104139.0
2026-09-14,TPEX,6791,虎門科技,98.6,103.0,98.6,102.5,38635.0
2026-09-14,TPEX,6803,崑鼎,270.0,270.0,268.0,268.5,44555.0
2026-09-14,TPEX,6804,明係,17.6,18.0,17.6,18.0,18200.0
2026-09-14,TPEX,6811,宏碁資訊,235.0,248.0,233.0,248.0,1038693.0
2026-09-14,TPEX,6821,聯寶,39.7,41.3,39.55,40.5,88610.0
2026-09-14,TPEX,6823,濾能,59.0,59.5,58.8,59.2,56143.0
2026-09-14,TPEX,6829,千附精密,222.0,229.5,215.5,215.5,1054598.0
2026-09-14,TPEX,6840,東研信超,90.5,90.9,86.8,90.7,362553.0
2026-09-14,TPEX,6841,長佳智能,52.3,52.3,51.0,52.0,88652.0
2026-09-14,TPEX,6843,進典,38.45,38.45,37.85,37.85,7010.0
2026-09-14,TPEX,6844,諾貝兒,59.2,59.3,59.0,59.1,14221.0
2026-09-14,TPEX,6846,綠茵,56.2,59.9,56.2,59.9,11327.0
2026-09-14,TPEX,6855,數泓科,113.0,113.0,113.0,113.0,1592.0
2026-09-14,TPEX,6856,鑫傳,,,,,0.0
2026-09-14,TPEX,6859,伯特光,116.0,117.0,113.0,117.0,39485.0
2026-09-14,TPEX,6865,偉康科技,25.8,27.7,25.8,27.7,129142.0
2026-09-14,TPEX,6870,騰雲,308.0,314.5,301.0,304.5,120913.0
2026-09-14,TPEX,6872,浩宇生醫,22.65,23.5,22.4,22.5,481050.0
2026-09-14,TPEX,6874,倍力,68.0,70.5,68.0,69.7,35467.0
2026-09-14,TPEX,6875,國邑*,31.85,32.1,31.45,32.0,193723.0
2026-09-14,TPEX,6877,鏵友益,110.5,112.5,109.0,112.0,42310.0
2026-09-14,TPEX,6881,潤德,212.5,213.5,212.0,213.0,9037.0
2026-09-14,TPEX,6884,海柏特,30.25,32.35,30.2,32.35,5799.0
2026-09-14,TPEX,6894,衛司特,354.5,369.0,354.5,364.0,118147.0
2026-09-14,TPEX,6895,宏碩系統,153.0,153.0,150.0,150.0,20644.0
2026-09-14,TPEX,6899,創為精密,49.5,49.5,49.05,49.1,5056.0
2026-09-14,TPEX,6903,巨漢,292.5,297.0,290.0,292.0,144133.0
2026-09-14,TPEX,6904,伯鑫,122.5,122.5,122.5,122.5,1000.0
2026-09-14,TPEX,6907,雅特力-KY,178.0,180.5,174.0,178.0,897998.0
2026-09-14,TPEX,6910,德鴻,25.45,25.45,24.8,25.1,18000.0
2026-09-14,TPEX,6913,鴻呈,128.5,128.5,122.5,125.5,383292.0
2026-09-14,TPEX,6922,宸曜,183.5,188.5,183.0,185.5,66079.0
2026-09-14,TPEX,6925,意藍,51.2,55.2,51.2,55.2,107097.0
2026-09-14,TPEX,6929,佑全,21.05,22.4,21.05,22.05,6332.0
2026-09-14,TPEX,6945,圓祥生技,98.5,99.8,96.5,99.8,136612.0
2026-09-14,TPEX,6953,家碩,223.5,232.5,223.5,228.0,43147.0
2026-09-14,TPEX,6961,旅天下,49.05,49.1,49.05,49.1,6043.0
2026-09-14,TPEX,6967,汎瑋材料,64.5,65.4,64.0,64.7,100429.0
2026-09-14,TPEX,6968,萬達寵物,41.25,41.55,41.05,41.5,45640.0
2026-09-14,TPEX,6971,惠民實業,24.85,24.9,24.8,24.8,11250.0
2026-09-14,TPEX,6982,大井泵浦,44.15,44.15,43.0,44.15,41404.0
2026-09-14,TPEX,6983,華洋精機,345.5,353.0,340.5,349.0,33538.0
2026-09-14,TPEX,6986,和迅,41.0,41.2,40.0,40.35,38105.0
2026-09-14,TPEX,6996,力領科技,164.0,165.5,164.0,165.5,24377.0
2026-09-14,TPEX,6997,博弘,,,,,0.0
2026-09-14,TPEX,7402,邑錡,101.5,103.5,101.0,101.5,230846.0
2026-09-14,TPEX,7547,碩網,50.0,51.4,49.5,49.5,47250.0
2026-09-14,TPEX,7556,意德士,237.0,243.0,237.0,242.0,11784.0
2026-09-14,TPEX,7584,樂意,26.1,28.3,26.1,28.3,15091.0
2026-09-14,TPEX,7642,昶瑞機電,73.9,73.9,71.7,72.6,19582.0
2026-09-14,TPEX,7703,銳澤,199.0,199.0,193.5,195.0,62818.0
2026-09-14,TPEX,7704,明遠精密,60.2,61.7,60.2,61.0,23169.0
2026-09-14,TPEX,7708,全家餐飲,91.9,91.9,91.5,91.8,10616.0
2026-09-14,TPEX,7709,榮田,82.7,84.9,82.0,83.5,122042.0
2026-09-14,TPEX,7712,博盛半導體,141.5,153.0,141.5,150.5,174766.0
2026-09-14,TPEX,7713,威力德生醫,73.0,73.5,73.0,73.5,2048.0
2026-09-14,TPEX,7714,創泓科技,178.5,189.5,178.5,183.0,1611349.0
2026-09-14,TPEX,7715,裕山,27.65,28.05,27.5,27.65,62128.0
2026-09-14,TPEX,7716,昱臺國際,23.4,23.4,23.3,23.3,2000.0
2026-09-14,TPEX,7717,萊德光電-KY,505.0,540.0,485.0,487.0,1919156.0
2026-09-14,TPEX,7718,友鋮,45.8,46.0,45.8,46.0,15050.0
2026-09-14,TPEX,7723,築間,19.15,19.15,18.85,19.05,24681.0
2026-09-14,TPEX,7728,光焱科技,640.0,666.0,622.0,643.0,67333.0
2026-09-14,TPEX,7734,印能科技,2455.0,2580.0,2445.0,2485.0,306246.0
2026-09-14,TPEX,7738,東聯互動,163.5,163.5,160.0,163.5,32560.0
2026-09-14,TPEX,7743,金利食安,21.8,23.0,21.8,22.9,13995.0
2026-09-14,TPEX,7744,崴寶,485.0,487.0,477.5,480.5,95385.0
2026-09-14,TPEX,7747,昕奇雲端,113.5,113.5,112.0,113.5,5155.0
2026-09-14,TPEX,7751,竑騰,1305.0,1460.0,1305.0,1405.0,266286.0
2026-09-14,TPEX,7753,星亞,36.55,36.55,36.0,36.0,15185.0
2026-09-14,TPEX,7757,金色三麥,88.7,88.7,88.0,88.6,6190.0
2026-09-14,TPEX,7767,仁大資訊,46.2,49.45,46.0,47.0,188820.0
2026-09-14,TPEX,7770,君曜,36.05,36.5,36.05,36.5,4401.0
2026-09-14,TPEX,7772,耀穎,125.0,131.5,123.0,126.0,137821.0
2026-09-14,TPEX,7777,能率亞洲,36.0,36.3,35.5,35.85,898312.0
2026-09-14,TPEX,7782,光速火箭,,,,,196.0
2026-09-14,TPEX,7792,安葆,301.0,313.0,300.0,312.0,257132.0
2026-09-14,TPEX,7794,宏碁智新,31.7,31.9,31.5,31.9,12100.0
2026-09-14,TPEX,7805,威聯通,498.5,502.0,494.5,497.0,28721.0
2026-09-14,TPEX,7810,捷創科技,221.5,225.5,215.5,221.5,72545.0
2026-09-14,TPEX,7811,民盛,72.0,72.2,72.0,72.2,7000.0
2026-09-14,TPEX,7814,海昌生技,29.0,29.0,28.15,28.15,14017.0
2026-09-14,TPEX,7819,精誠金融,34.4,34.4,34.1,34.1,24442.0
2026-09-14,TPEX,7820,立盈,,,,,311.0
2026-09-14,TPEX,7825,和亞智慧,102.5,102.5,90.0,92.4,1214716.0
2026-09-14,TPEX,7828,創新服務,1970.0,1975.0,1875.0,1950.0,280094.0
2026-09-14,TPEX,7839,達人網,43.0,43.5,43.0,43.35,8010.0
2026-09-14,TPEX,7842,天能綠電,97.3,99.6,97.3,99.5,14010.0
2026-09-14,TPEX,8024,佑華,12.4,12.75,12.25,12.6,33178.0
2026-09-14,TPEX,8027,鈦昇,165.5,169.5,161.0,166.0,1411703.0
2026-09-14,TPEX,8032,光菱,34.6,34.65,34.55,34.55,18027.0
2026-09-14,TPEX,8034,榮群,19.8,19.85,19.55,19.75,47834.0
2026-09-14,TPEX,8038,長園科,29.1,30.35,29.1,30.0,94052.0
2026-09-14,TPEX,8040,九暘,76.5,78.7,75.5,78.1,735163.0
2026-09-14,TPEX,8042,金山電,110.0,114.5,108.5,111.0,3268509.0
2026-09-14,TPEX,8043,蜜望實,133.5,135.5,131.5,133.0,1038709.0
2026-09-14,TPEX,8044,網家,23.05,23.85,22.9,23.85,272058.0
2026-09-14,TPEX,8047,星雲,46.7,46.7,46.7,46.7,4003.0
2026-09-14,TPEX,8048,德勝,47.5,48.4,47.2,48.15,39814.0
2026-09-14,TPEX,8049,晶采,24.7,24.7,24.45,24.55,116080.0
2026-09-14,TPEX,8050,廣積,55.4,57.3,55.1,56.6,779773.0
2026-09-14,TPEX,8054,安國,80.5,82.7,79.6,82.5,570857.0
2026-09-14,TPEX,8064,東捷,113.0,117.5,109.5,113.5,5198930.0
2026-09-14,TPEX,8066,來思達,14.3,14.3,14.3,14.3,719271.0
2026-09-14,TPEX,8067,志旭,12.2,12.6,12.2,12.5,10400.0
2026-09-14,TPEX,8068,全達,16.2,16.45,16.0,16.25,70448.0
2026-09-14,TPEX,8069,元太,145.0,148.0,143.0,145.5,4039267.0
2026-09-14,TPEX,8071,能率網通,21.3,21.7,21.3,21.4,281244.0
2026-09-14,TPEX,8074,鉅橡,48.9,50.2,48.9,49.9,253415.0
2026-09-14,TPEX,8076,伍豐,21.7,21.7,21.4,21.6,419140.0
2026-09-14,TPEX,8077,洛碁,42.35,42.35,42.35,42.35,1060.0
2026-09-14,TPEX,8080,泰霖,29.5,29.5,29.1,29.1,8103.0
2026-09-14,TPEX,8083,瑞穎,158.0,158.0,156.0,156.5,31440.0
2026-09-14,TPEX,8084,巨虹,43.4,43.4,41.1,41.1,522214.0
2026-09-14,TPEX,8085,福華,14.5,14.5,14.0,14.05,198106.0
2026-09-14,TPEX,8086,宏捷科,103.5,108.0,103.5,105.5,1636981.0
2026-09-14,TPEX,8087,麗升能源,24.2,24.8,23.85,24.4,11057.0
2026-09-14,TPEX,8088,品安,41.7,41.8,41.2,41.6,213223.0
2026-09-14,TPEX,8089,康全電訊,18.0,18.2,17.5,18.1,115676.0
2026-09-14,TPEX,8091,翔名,206.0,210.0,203.0,207.0,220065.0
2026-09-14,TPEX,8092,建暐,13.0,13.0,12.5,12.7,17101.0
2026-09-14,TPEX,8093,保銳,25.5,25.65,25.2,25.65,14521.0
2026-09-14,TPEX,8096,擎亞,89.4,89.4,84.4,86.0,7597150.0
2026-09-14,TPEX,8097,常珵,48.4,48.4,47.85,48.3,55002.0
2026-09-14,TPEX,8099,大世科,60.2,60.4,58.6,58.6,147943.0
2026-09-14,TPEX,8102,傑霖科技,,,,,0.0
2026-09-14,TPEX,8107,大億金茂,12.35,12.35,12.3,12.3,15108.0
2026-09-14,TPEX,8109,博大,126.5,128.0,125.0,127.5,157901.0
2026-09-14,TPEX,8111,立碁,70.1,72.9,69.3,70.7,4521736.0
2026-09-14,TPEX,8121,越峰,26.5,26.95,26.0,26.5,234601.0
2026-09-14,TPEX,8147,正淩,128.0,132.5,128.0,131.5,100004.0
2026-09-14,TPEX,8155,博智,323.0,323.0,315.0,316.5,487169.0
2026-09-14,TPEX,8171,天宇,19.85,19.85,19.65,19.8,52319.0
2026-09-14,TPEX,8176,智捷,9.92,9.97,9.91,9.94,116246.0
2026-09-14,TPEX,8182,加高,37.05,38.0,36.5,37.4,211160.0
2026-09-14,TPEX,8183,精星,29.0,29.05,28.0,28.0,253848.0
2026-09-14,TPEX,8227,巨有科技,240.5,259.0,235.0,241.0,19943918.0
2026-09-14,TPEX,8234,新漢,63.9,63.9,62.0,62.7,295100.0
2026-09-14,TPEX,8240,華宏,51.0,51.3,49.65,50.0,448354.0
2026-09-14,TPEX,8255,朋程,134.0,136.0,132.5,133.5,193175.0
2026-09-14,TPEX,8272,全景軟體,62.1,67.8,61.4,65.0,50926.0
2026-09-14,TPEX,8279,生展,78.7,78.7,78.0,78.7,10020.0
2026-09-14,TPEX,8284,三竹,69.4,69.4,68.5,68.6,20321.0
2026-09-14,TPEX,8289,泰藝,41.05,41.5,40.15,40.85,264698.0
2026-09-14,TPEX,8291,尚茂,28.9,31.75,28.9,31.5,8862.0
2026-09-14,TPEX,8299,群聯,1920.0,1960.0,1910.0,1935.0,2299174.0
2026-09-14,TPEX,8342,益張,85.2,85.2,85.2,85.2,1038.0
2026-09-14,TPEX,8349,恒耀,38.3,38.55,37.9,38.4,44001.0
2026-09-14,TPEX,8354,冠好,17.15,17.15,17.0,17.0,6430.0
2026-09-14,TPEX,8358,金居,477.0,530.0,477.0,518.0,34055725.0
2026-09-14,TPEX,8383,千附,64.7,65.4,63.8,64.0,735870.0
2026-09-14,TPEX,8390,金益鼎,91.0,91.2,90.0,90.4,229278.0
2026-09-14,TPEX,8401,白紗科,22.65,22.65,22.4,22.65,23033.0
2026-09-14,TPEX,8403,盛弘,18.9,18.95,18.75,18.95,153672.0
2026-09-14,TPEX,8409,商之器,17.95,18.1,17.9,18.05,5080.0
2026-09-14,TPEX,8410,森田,29.15,29.3,28.8,29.0,25078.0
2026-09-14,TPEX,8415,大國鋼,35.55,35.55,34.9,34.9,595757.0
2026-09-14,TPEX,8416,實威,170.0,170.0,170.0,170.0,3721.0
2026-09-14,TPEX,8421,旭源,12.4,12.4,12.2,12.35,1555174.0
2026-09-14,TPEX,8423,保綠-KY,17.7,18.3,17.1,17.7,61355.0
2026-09-14,TPEX,8424,惠普,69.2,69.2,68.8,68.8,12596.0
2026-09-14,TPEX,8426,紅木-KY,20.5,20.65,20.5,20.55,3005.0
2026-09-14,TPEX,8431,匯鑽科,56.3,62.5,55.2,62.5,2535438.0
2026-09-14,TPEX,8432,東生華,50.5,50.5,49.75,50.2,16267.0
2026-09-14,TPEX,8433,弘帆,,,,,485.0
2026-09-14,TPEX,8435,鉅邁,53.6,53.7,53.2,53.2,16841.0
2026-09-14,TPEX,8436,大江,106.5,106.5,105.0,105.5,290830.0
2026-09-14,TPEX,8437,大地-KY,9.49,9.49,9.0,9.11,72979.0
2026-09-14,TPEX,8440,綠電,19.85,20.0,19.5,20.0,117989.0
2026-09-14,TPEX,8444,綠河-KY,4.88,4.88,4.6,4.6,2000.0
2026-09-14,TPEX,8446,華研,85.2,85.8,85.2,85.5,43005.0
2026-09-14,TPEX,8450,霹靂,14.45,14.45,14.25,14.45,15179.0
2026-09-14,TPEX,8455,大拓-KY,23.6,23.6,23.6,23.6,1000.0
2026-09-14,TPEX,8472,納維康,78.1,83.1,78.1,81.0,11828.0
2026-09-14,TPEX,8477,創業家,15.3,15.3,15.3,15.3,6000.0
2026-09-14,TPEX,8489,三貝德,21.95,21.95,21.7,21.75,18622.0
2026-09-14,TPEX,8905,裕國,33.85,34.15,33.85,34.0,7328.0
2026-09-14,TPEX,8906,花王,28.25,28.3,28.25,28.3,7120.0
2026-09-14,TPEX,8908,欣雄,40.0,41.0,40.0,40.0,47605.0
2026-09-14,TPEX,8916,光隆,41.15,41.15,40.75,40.75,70971.0
2026-09-14,TPEX,8917,欣泰,51.5,52.5,51.5,52.1,489233.0
2026-09-14,TPEX,8921,沈氏,16.25,16.55,16.25,16.55,3000.0
2026-09-14,TPEX,8923,時報,,,,,0.0
2026-09-14,TPEX,8924,大田,50.0,50.5,49.85,50.0,96265.0
2026-09-14,TPEX,8927,北基,18.85,19.15,18.8,19.1,67999.0
2026-09-14,TPEX,8928,鉅明,22.6,23.35,22.6,23.25,7462.0
2026-09-14,TPEX,8929,富堡,12.9,13.1,12.8,13.0,40437.0
2026-09-14,TPEX,8930,青鋼,29.0,29.1,28.8,29.1,15231.0
2026-09-14,TPEX,8931,大汽電,41.3,44.05,41.05,43.2,425105.0
2026-09-14,TPEX,8932,智通*,90.5,91.6,88.5,90.6,1617358.0
2026-09-14,TPEX,8933,愛地雅,4.44,4.47,4.4,4.47,57045.0
2026-09-14,TPEX,8935,邦泰,17.8,17.8,17.4,17.7,94696.0
2026-09-14,TPEX,8936,國統,50.7,51.4,50.4,51.0,712962.0
2026-09-14,TPEX,8937,合騏*,29.5,29.5,28.3,28.7,138197.0
2026-09-14,TPEX,8938,明安,51.2,53.0,51.1,52.2,110987.0
2026-09-14,TPEX,8941,關中,44.25,45.4,44.25,45.4,4192.0
2026-09-14,TPEX,8942,森鉅,41.5,41.5,41.2,41.4,88093.0
2026-09-14,TPEX,9949,琉園,24.2,24.2,23.95,23.95,6472.0
2026-09-14,TPEX,9950,萬國通,10.25,10.25,10.25,10.25,504030.0
2026-09-14,TPEX,9951,皇田,49.0,49.0,48.6,48.8,16862.0
2026-09-14,TPEX,9960,邁達康,31.2,31.2,30.25,30.25,29432.0
2026-09-14,TPEX,9962,有益,9.95,9.99,9.9,9.98,46008.0
