date,market,stock_id,name,open,high,low,close,volume
2026-08-24,TWSE,1101,台泥,24.75,24.95,24.55,24.85,35370288.0
2026-08-24,TWSE,1102,亞泥,34.7,35.05,34.6,34.95,16339386.0
2026-08-24,TWSE,1103,嘉泥,13.2,13.3,13.15,13.3,204227.0
2026-08-24,TWSE,1104,環泥,26.55,26.85,26.55,26.85,657618.0
2026-08-24,TWSE,1108,幸福,11.8,11.8,11.75,11.8,190642.0
2026-08-24,TWSE,1109,信大,13.5,13.6,13.5,13.55,80067.0
2026-08-24,TWSE,1110,東泥,16.1,16.15,16.0,16.1,280101.0
2026-08-24,TWSE,1201,味全,12.4,12.5,12.35,12.45,275284.0
2026-08-24,TWSE,1203,味王,44.95,44.95,43.7,44.95,11297.0
2026-08-24,TWSE,1210,大成,52.7,53.4,52.7,53.1,1479624.0
2026-08-24,TWSE,1213,大飲,,,,,25.0
2026-08-24,TWSE,1215,卜蜂,111.0,112.0,110.5,112.0,967035.0
2026-08-24,TWSE,1216,統一,78.1,78.6,77.0,77.5,15352876.0
2026-08-24,TWSE,1217,愛之味,10.0,10.05,9.96,10.05,704791.0
2026-08-24,TWSE,1218,泰山,15.1,15.1,14.55,14.7,1684681.0
2026-08-24,TWSE,1219,福壽,11.15,11.25,11.1,11.25,280491.0
2026-08-24,TWSE,1220,台榮,11.0,11.0,10.85,10.95,146378.0
2026-08-24,TWSE,1225,福懋油,24.55,24.75,24.5,24.75,40898.0
2026-08-24,TWSE,1227,佳格,29.15,29.5,29.15,29.4,780208.0
2026-08-24,TWSE,1229,聯華,42.1,42.5,42.1,42.4,2713653.0
2026-08-24,TWSE,1231,聯華食,82.4,83.3,82.0,82.4,218115.0
2026-08-24,TWSE,1232,大統益,156.5,158.5,156.0,158.0,255321.0
2026-08-24,TWSE,1233,天仁,28.0,28.35,27.85,28.35,42077.0
2026-08-24,TWSE,1234,黑松,33.4,33.4,33.25,33.4,136534.0
2026-08-24,TWSE,1235,興泰,36.15,37.8,36.15,37.7,39855.0
2026-08-24,TWSE,1236,宏亞,25.4,25.65,25.4,25.55,54363.0
2026-08-24,TWSE,1256,鮮活果汁-KY,179.0,181.5,179.0,179.5,35168.0
2026-08-24,TWSE,1301,台塑,57.8,59.5,57.8,59.4,20206463.0
2026-08-24,TWSE,1303,南亞,188.5,193.5,185.0,192.0,54268548.0
2026-08-24,TWSE,1304,台聚,11.95,12.25,11.8,12.2,3789192.0
2026-08-24,TWSE,1305,華夏,11.95,12.25,11.9,12.25,2945034.0
2026-08-24,TWSE,1307,三芳,30.65,31.15,30.6,31.15,723865.0
2026-08-24,TWSE,1308,亞聚,13.45,14.25,13.45,14.15,3119464.0
2026-08-24,TWSE,1309,台達化,12.8,13.5,12.75,13.4,3969443.0
2026-08-24,TWSE,1310,台苯,8.15,8.23,8.1,8.21,3166805.0
2026-08-24,TWSE,1312,國喬,11.8,12.1,11.7,12.0,3750639.0
2026-08-24,TWSE,1313,聯成,11.55,12.0,11.55,11.95,3390842.0
2026-08-24,TWSE,1314,中石化,7.82,8.26,7.82,8.23,46442629.0
2026-08-24,TWSE,1315,達新,65.8,66.3,65.8,66.3,29070.0
2026-08-24,TWSE,1316,上曜,10.75,11.35,10.75,11.2,10948958.0
2026-08-24,TWSE,1319,東陽,82.6,82.8,82.2,82.8,1432016.0
2026-08-24,TWSE,1321,大洋,32.3,32.4,32.25,32.3,87000.0
2026-08-24,TWSE,1323,永裕,21.5,21.6,21.5,21.6,8586.0
2026-08-24,TWSE,1324,地球,10.0,10.05,10.0,10.05,20819.0
2026-08-24,TWSE,1325,恆大,26.2,26.9,26.2,26.65,247073.0
2026-08-24,TWSE,1326,台化,59.0,60.3,58.2,60.1,19453470.0
2026-08-24,TWSE,1337,再生-KY,4.56,4.71,4.53,4.68,432785.0
2026-08-24,TWSE,1338,廣華-KY,14.8,14.8,14.55,14.7,80172.0
2026-08-24,TWSE,1339,昭輝,45.6,45.65,45.2,45.5,55191.0
2026-08-24,TWSE,1340,勝悅-KY,5.08,5.16,5.08,5.16,83575.0
2026-08-24,TWSE,1341,富林-KY,,,,,26.0
2026-08-24,TWSE,1342,八貫,103.5,103.5,103.0,103.0,77668.0
2026-08-24,TWSE,1402,遠東新,29.25,30.6,29.05,30.35,40320281.0
2026-08-24,TWSE,1409,新纖,24.4,24.65,24.3,24.5,7776097.0
2026-08-24,TWSE,1410,南染,25.55,25.7,25.15,25.3,57392.0
2026-08-24,TWSE,1413,宏洲,9.22,9.38,9.2,9.37,8744.0
2026-08-24,TWSE,1414,東和,20.3,20.55,20.1,20.5,432334.0
2026-08-24,TWSE,1416,廣豐,11.75,12.05,11.7,12.0,521656.0
2026-08-24,TWSE,1417,嘉裕,8.23,8.34,8.23,8.31,208388.0
2026-08-24,TWSE,1418,東華,17.6,17.75,17.6,17.75,7127.0
2026-08-24,TWSE,1419,新紡,64.5,66.9,64.5,66.9,171261.0
2026-08-24,TWSE,1423,利華,36.0,36.0,35.8,35.8,7312.0
2026-08-24,TWSE,1432,大魯閣,15.05,15.1,15.0,15.05,60868.0
2026-08-24,TWSE,1434,福懋,17.6,18.15,17.6,18.1,3124973.0
2026-08-24,TWSE,1435,中福,23.65,23.65,22.8,23.3,24806.0
2026-08-24,TWSE,1436,華友聯,38.55,38.8,38.2,38.75,222822.0
2026-08-24,TWSE,1437,勤益控,32.15,32.45,32.05,32.35,75079.0
2026-08-24,TWSE,1438,三地開發,22.6,22.6,22.1,22.45,30127.0
2026-08-24,TWSE,1439,雋揚,29.35,29.65,29.3,29.65,44246.0
2026-08-24,TWSE,1440,南紡,13.6,14.0,13.55,14.0,2482857.0
2026-08-24,TWSE,1441,大東,8.87,8.9,8.87,8.9,15625.0
2026-08-24,TWSE,1442,名軒,30.25,30.55,30.15,30.55,293556.0
2026-08-24,TWSE,1443,立益物流,25.15,25.15,25.15,25.15,4381.0
2026-08-24,TWSE,1444,力麗,7.51,7.56,7.3,7.52,1711884.0
2026-08-24,TWSE,1445,大宇,10.4,11.0,10.35,10.55,155449.0
2026-08-24,TWSE,1446,宏和,13.7,13.75,13.6,13.7,185009.0
2026-08-24,TWSE,1447,力鵬,7.0,7.33,6.91,7.18,2028874.0
2026-08-24,TWSE,1449,佳和,12.2,12.3,12.1,12.3,256521.0
2026-08-24,TWSE,1451,年興,17.2,17.35,17.2,17.35,53942.0
2026-08-24,TWSE,1452,宏益,11.5,11.55,11.35,11.55,150936.0
2026-08-24,TWSE,1453,大將,11.2,11.3,11.15,11.3,23415.0
2026-08-24,TWSE,1454,台富,12.3,12.45,12.3,12.4,18293.0
2026-08-24,TWSE,1455,集盛,10.1,10.35,10.0,10.1,2142113.0
2026-08-24,TWSE,1456,怡華,13.75,14.05,13.45,13.95,84143.0
2026-08-24,TWSE,1457,宜進,14.5,14.5,14.35,14.5,80026.0
2026-08-24,TWSE,1459,聯發,14.7,14.75,14.4,14.7,133679.0
2026-08-24,TWSE,1460,宏遠,6.61,6.74,6.61,6.74,320675.0
2026-08-24,TWSE,1463,強盛新,17.55,17.6,17.55,17.6,15134.0
2026-08-24,TWSE,1464,得力,10.2,10.3,10.15,10.3,170508.0
2026-08-24,TWSE,1465,偉全,12.25,12.3,12.0,12.15,382175.0
2026-08-24,TWSE,1466,聚隆,16.3,16.3,16.05,16.2,501490.0
2026-08-24,TWSE,1467,南緯,8.27,8.65,8.22,8.65,227031.0
2026-08-24,TWSE,1468,昶和,13.05,13.25,12.8,13.25,63113.0
2026-08-24,TWSE,1470,大統新創,23.7,23.7,23.7,23.7,3149.0
2026-08-24,TWSE,1471,首利,9.62,9.7,9.48,9.67,223794.0
2026-08-24,TWSE,1472,三洋實業,87.5,87.6,87.5,87.6,2002.0
2026-08-24,TWSE,1473,台南,20.0,20.0,19.9,19.95,40769.0
2026-08-24,TWSE,1474,弘裕,10.05,10.1,10.0,10.1,67281.0
2026-08-24,TWSE,1475,業旺,26.8,26.8,25.5,26.5,4180.0
2026-08-24,TWSE,1476,儒鴻,316.5,321.5,316.0,318.0,679932.0
2026-08-24,TWSE,1477,聚陽,200.5,205.0,199.0,203.0,1454605.0
2026-08-24,TWSE,1503,士電,201.5,203.5,198.5,202.0,1173246.0
2026-08-24,TWSE,1504,東元,73.1,73.3,72.0,72.1,7713386.0
2026-08-24,TWSE,1506,正道,10.2,10.35,10.15,10.3,181078.0
2026-08-24,TWSE,1512,瑞利,6.55,6.64,6.51,6.58,62243.0
2026-08-24,TWSE,1513,中興電,166.0,168.0,165.5,166.0,1962002.0
2026-08-24,TWSE,1514,亞力,101.5,103.0,101.0,102.5,997729.0
2026-08-24,TWSE,1515,力山,35.0,35.3,32.9,33.55,5405155.0
2026-08-24,TWSE,1516,川飛,14.65,15.2,14.65,15.2,2025.0
2026-08-24,TWSE,1517,利奇,11.4,11.6,11.35,11.6,370053.0
2026-08-24,TWSE,1519,華城,728.0,732.0,717.0,723.0,1135682.0
2026-08-24,TWSE,1521,大億,25.3,25.55,25.3,25.55,5643.0
2026-08-24,TWSE,1522,堤維西,27.8,28.2,27.8,28.05,298561.0
2026-08-24,TWSE,1524,耿鼎,27.45,27.65,27.3,27.45,306932.0
2026-08-24,TWSE,1525,江申,67.9,67.9,67.0,67.3,6080.0
2026-08-24,TWSE,1526,日馳,16.7,16.95,16.65,16.8,176574.0
2026-08-24,TWSE,1527,鑽全,32.8,32.9,32.65,32.8,36747.0
2026-08-24,TWSE,1528,恩德,18.6,18.7,18.3,18.6,479248.0
2026-08-24,TWSE,1529,樂事綠能,17.0,17.2,16.9,17.2,281896.0
2026-08-24,TWSE,1530,亞崴,29.6,29.6,29.35,29.5,23353.0
2026-08-24,TWSE,1531,高林股,13.05,13.1,13.0,13.05,140114.0
2026-08-24,TWSE,1532,勤美,22.95,23.1,22.8,23.1,381246.0
2026-08-24,TWSE,1533,車王電,31.4,31.7,31.25,31.7,114440.0
2026-08-24,TWSE,1535,中宇,46.7,46.7,45.85,46.0,47933.0
2026-08-24,TWSE,1536,和大,50.3,50.3,49.1,49.25,1278184.0
2026-08-24,TWSE,1537,廣隆,120.5,120.5,119.5,120.5,143989.0
2026-08-24,TWSE,1538,正峰,,,,,
2026-08-24,TWSE,1539,巨庭,15.75,15.9,15.75,15.9,36471.0
2026-08-24,TWSE,1540,喬福,19.25,19.3,19.05,19.1,93296.0
2026-08-24,TWSE,1541,錩泰,22.3,22.3,21.55,21.8,11080.0
2026-08-24,TWSE,1558,伸興,104.5,104.5,98.2,100.0,184925.0
2026-08-24,TWSE,1560,中砂,692.0,694.0,675.0,679.0,804373.0
2026-08-24,TWSE,1563,巧新,63.4,65.8,63.1,63.5,1460026.0
2026-08-24,TWSE,1568,倉佑,28.85,29.3,28.75,29.1,162119.0
2026-08-24,TWSE,1582,信錦,73.2,74.0,73.1,74.0,159386.0
2026-08-24,TWSE,1583,程泰,56.0,56.2,51.5,51.7,229086.0
2026-08-24,TWSE,1587,吉茂,24.1,24.4,23.95,24.3,98009.0
2026-08-24,TWSE,1590,亞德客-KY,1420.0,1445.0,1385.0,1435.0,871462.0
2026-08-24,TWSE,1597,直得,136.0,136.5,131.0,133.0,1148919.0
2026-08-24,TWSE,1598,岱宇,20.15,20.3,20.0,20.3,95667.0
2026-08-24,TWSE,1603,華電,30.95,30.95,30.65,30.8,96219.0
2026-08-24,TWSE,1604,聲寶,23.25,23.3,23.2,23.3,250805.0
2026-08-24,TWSE,1605,華新,36.8,37.45,36.3,37.3,12911674.0
2026-08-24,TWSE,1608,華榮,35.8,36.05,35.55,35.85,2057475.0
2026-08-24,TWSE,1609,大亞,36.9,37.25,36.55,37.05,1315714.0
2026-08-24,TWSE,1611,中電,12.2,12.3,12.15,12.3,303249.0
2026-08-24,TWSE,1612,宏泰,34.55,34.7,34.3,34.65,494317.0
2026-08-24,TWSE,1614,三洋電,30.65,30.8,30.6,30.8,14194.0
2026-08-24,TWSE,1615,大山,44.25,44.5,44.15,44.45,56786.0
2026-08-24,TWSE,1616,億泰,19.25,19.45,19.2,19.4,112266.0
2026-08-24,TWSE,1617,榮星,17.6,17.65,17.4,17.55,112755.0
2026-08-24,TWSE,1618,合機,39.2,39.2,38.75,39.1,261533.0
2026-08-24,TWSE,1623,大東電,203.0,203.0,200.0,201.0,140349.0
2026-08-24,TWSE,1626,艾美特-KY,9.47,9.6,9.47,9.6,34752.0
2026-08-24,TWSE,1702,南僑,32.75,33.05,32.75,33.05,123356.0
2026-08-24,TWSE,1707,葡萄王,90.5,91.3,89.8,90.1,475980.0
2026-08-24,TWSE,1708,東鹼,50.7,52.8,50.3,51.4,9466486.0
2026-08-24,TWSE,1709,和益,30.8,33.3,30.6,33.3,15257404.0
2026-08-24,TWSE,1710,東聯,15.1,15.9,15.1,15.85,7678000.0
2026-08-24,TWSE,1711,永光,39.1,41.2,38.7,40.1,4559807.0
2026-08-24,TWSE,1712,興農,39.35,39.55,39.2,39.55,1515646.0
2026-08-24,TWSE,1713,國化,44.4,44.7,44.3,44.7,49419.0
2026-08-24,TWSE,1714,和桐,17.0,17.35,16.85,17.0,12832352.0
2026-08-24,TWSE,1717,長興,70.3,72.0,69.7,71.6,6746269.0
2026-08-24,TWSE,1718,中纖,10.4,10.7,10.35,10.7,13455936.0
2026-08-24,TWSE,1720,生達,57.1,57.2,56.8,57.2,218880.0
2026-08-24,TWSE,1721,三晃,19.5,19.95,19.4,19.65,339155.0
2026-08-24,TWSE,1722,台肥,46.25,46.6,46.25,46.55,3091135.0
2026-08-24,TWSE,1723,中碳,86.5,90.9,86.5,88.3,1543445.0
2026-08-24,TWSE,1725,元禎,31.4,31.75,30.5,31.15,77213.0
2026-08-24,TWSE,1726,永記,77.6,77.9,77.2,77.8,8060.0
2026-08-24,TWSE,1727,中華化,90.0,91.5,86.2,90.2,5669020.0
2026-08-24,TWSE,1730,花仙子,51.7,51.7,51.2,51.2,34958.0
2026-08-24,TWSE,1731,美吾華,20.85,21.3,20.85,21.2,213203.0
2026-08-24,TWSE,1732,毛寶,26.4,26.4,26.25,26.3,81368.0
2026-08-24,TWSE,1733,五鼎,32.3,32.35,31.9,32.25,149724.0
2026-08-24,TWSE,1734,杏輝,32.5,32.5,32.3,32.5,181218.0
2026-08-24,TWSE,1735,日勝化,20.35,20.65,20.3,20.45,84828.0
2026-08-24,TWSE,1736,喬山,131.5,132.0,128.0,131.5,491085.0
2026-08-24,TWSE,1737,臺鹽,32.45,32.5,31.9,32.5,764182.0
2026-08-24,TWSE,1752,南光,32.05,32.05,31.7,32.0,17926.0
2026-08-24,TWSE,1760,寶齡富錦,58.5,59.3,58.5,59.0,55437.0
2026-08-24,TWSE,1762,中化生,35.4,36.45,35.4,36.3,193616.0
2026-08-24,TWSE,1773,勝一,155.0,160.5,155.0,159.5,389593.0
2026-08-24,TWSE,1776,展宇,17.05,17.2,17.0,17.0,35076.0
2026-08-24,TWSE,1783,和康生,40.3,40.4,40.15,40.4,28362.0
2026-08-24,TWSE,1786,科妍,49.6,50.4,49.1,50.4,116918.0
2026-08-24,TWSE,1789,神隆,19.45,19.55,19.15,19.45,562161.0
2026-08-24,TWSE,1795,美時,195.0,197.0,190.5,196.5,1724029.0
2026-08-24,TWSE,1802,台玻,57.9,57.9,56.1,57.6,24675666.0
2026-08-24,TWSE,1805,寶徠,10.15,10.2,10.1,10.2,58909.0
2026-08-24,TWSE,1806,冠軍,8.02,8.06,8.0,8.06,199470.0
2026-08-24,TWSE,1808,潤隆,34.65,37.8,34.3,37.0,7419835.0
2026-08-24,TWSE,1809,中釉,37.95,38.4,37.25,38.35,667790.0
2026-08-24,TWSE,1810,和成,26.05,26.2,25.35,25.55,3968068.0
2026-08-24,TWSE,1817,凱撒衛,40.3,40.3,39.9,40.05,63026.0
2026-08-24,TWSE,1903,士紙,48.4,49.05,48.2,49.05,214257.0
2026-08-24,TWSE,1904,正隆,25.6,25.9,25.25,25.7,4093122.0
2026-08-24,TWSE,1905,華紙,13.5,13.7,13.4,13.65,1405234.0
2026-08-24,TWSE,1906,寶隆,11.45,11.5,11.4,11.5,28619.0
2026-08-24,TWSE,1907,永豐餘,30.45,31.2,30.4,31.2,2332334.0
2026-08-24,TWSE,1909,榮成,11.1,11.2,11.0,11.2,3913361.0
2026-08-24,TWSE,2002,中鋼,19.15,19.5,19.15,19.45,31436536.0
2026-08-24,TWSE,2006,東和鋼鐵,81.2,81.8,80.3,81.6,1100952.0
2026-08-24,TWSE,2007,燁興,7.09,7.1,7.02,7.1,121064.0
2026-08-24,TWSE,2008,高興昌,30.6,31.0,30.6,31.0,8114.0
2026-08-24,TWSE,2009,第一銅,39.4,39.9,39.0,39.8,1038238.0
2026-08-24,TWSE,2010,春源,22.7,23.0,22.7,22.95,1049310.0
2026-08-24,TWSE,2012,春雨,14.9,15.05,14.7,15.0,132844.0
2026-08-24,TWSE,2013,中鋼構,41.45,41.8,41.45,41.8,115668.0
2026-08-24,TWSE,2014,中鴻,17.35,17.5,17.1,17.5,2324299.0
2026-08-24,TWSE,2015,豐興,64.4,64.8,64.1,64.8,108305.0
2026-08-24,TWSE,2017,官田鋼,9.25,9.3,9.1,9.19,323644.0
2026-08-24,TWSE,2020,美亞,21.75,21.8,21.6,21.8,335140.0
2026-08-24,TWSE,2022,聚亨,7.81,7.81,7.72,7.77,342701.0
2026-08-24,TWSE,2023,燁輝,13.95,14.05,13.85,13.95,858073.0
2026-08-24,TWSE,2024,志聯,13.2,13.4,13.2,13.4,7882.0
2026-08-24,TWSE,2025,千興,12.45,12.9,12.45,12.9,655368.0
2026-08-24,TWSE,2027,大成鋼,50.5,50.5,49.4,50.3,9436777.0
2026-08-24,TWSE,2028,威致,15.85,15.9,15.7,15.9,77204.0
2026-08-24,TWSE,2029,盛餘,21.85,22.3,21.8,22.2,429567.0
2026-08-24,TWSE,2030,彰源,21.85,22.5,21.6,22.3,3653445.0
2026-08-24,TWSE,2031,新光鋼,46.0,46.45,45.5,46.35,1191365.0
2026-08-24,TWSE,2032,新鋼,17.05,17.3,16.9,17.3,364851.0
2026-08-24,TWSE,2033,佳大,22.7,22.9,22.0,22.0,304953.0
2026-08-24,TWSE,2034,允強,20.4,20.45,20.15,20.45,773406.0
2026-08-24,TWSE,2038,海光,12.85,13.0,12.7,12.75,398093.0
2026-08-24,TWSE,2049,上銀,366.5,368.5,348.0,349.0,5394098.0
2026-08-24,TWSE,2059,川湖,13900.0,14000.0,13310.0,13385.0,651440.0
2026-08-24,TWSE,2062,橋椿,19.15,19.2,19.05,19.15,112085.0
2026-08-24,TWSE,2069,運錩,20.05,20.35,20.05,20.35,466642.0
2026-08-24,TWSE,2072,世紀風電,152.0,156.0,151.5,155.0,403947.0
2026-08-24,TWSE,2101,南港,33.0,33.45,32.5,33.25,1300682.0
2026-08-24,TWSE,2102,泰豐,18.85,18.9,18.65,18.9,65694.0
2026-08-24,TWSE,2103,台橡,27.9,28.8,27.6,28.4,7697215.0
2026-08-24,TWSE,2104,國際中橡,10.5,10.7,10.4,10.65,3498998.0
2026-08-24,TWSE,2105,正新,31.45,31.8,31.35,31.55,4465557.0
2026-08-24,TWSE,2106,建大,17.6,17.7,17.45,17.65,1659442.0
2026-08-24,TWSE,2107,厚生,26.1,26.8,26.1,26.75,942008.0
2026-08-24,TWSE,2108,南帝,29.45,31.5,29.45,31.4,2589228.0
2026-08-24,TWSE,2109,華豐,14.7,14.85,14.7,14.85,95650.0
2026-08-24,TWSE,2114,鑫永銓,88.0,88.6,88.0,88.6,18358.0
2026-08-24,TWSE,2115,六暉-KY,24.4,24.75,24.0,24.25,356230.0
2026-08-24,TWSE,2201,裕隆,29.2,29.9,29.2,29.3,4620700.0
2026-08-24,TWSE,2204,中華,54.9,55.6,54.6,55.1,1555526.0
2026-08-24,TWSE,2206,三陽工業,63.4,64.3,63.4,64.3,797276.0
2026-08-24,TWSE,2207,和泰車,505.0,519.0,505.0,518.0,181001.0
2026-08-24,TWSE,2208,台船,19.45,19.45,19.1,19.3,1493921.0
2026-08-24,TWSE,2211,長榮鋼,83.3,84.7,83.1,84.4,839269.0
2026-08-24,TWSE,2227,裕日車,48.9,49.05,48.4,49.05,33377.0
2026-08-24,TWSE,2228,劍麟,76.6,76.6,75.4,75.4,116608.0
2026-08-24,TWSE,2231,為升,94.0,94.0,92.7,93.3,236786.0
2026-08-24,TWSE,2233,宇隆,182.5,184.5,175.5,177.0,1029535.0
2026-08-24,TWSE,2236,百達-KY,122.0,122.5,119.5,122.0,268416.0
2026-08-24,TWSE,2237,華德動能-創,27.0,27.75,26.95,27.45,279811.0
2026-08-24,TWSE,2239,英利-KY,19.8,20.2,19.75,20.15,26521.0
2026-08-24,TWSE,2241,艾姆勒,33.55,35.65,33.45,35.1,780642.0
2026-08-24,TWSE,2243,宏旭-KY,40.1,40.75,39.9,40.1,112481.0
2026-08-24,TWSE,2247,汎德永業,225.5,226.5,224.5,226.5,19158.0
2026-08-24,TWSE,2248,華勝-KY,63.8,66.9,63.6,66.9,98918.0
2026-08-24,TWSE,2250,IKKA-KY,60.2,60.9,60.1,60.7,35767.0
2026-08-24,TWSE,2254,巨鎧精密-創,59.9,60.3,59.8,60.3,3000.0
2026-08-24,TWSE,2258,鴻華先進-創,32.1,32.35,31.6,32.0,216696.0
2026-08-24,TWSE,2301,光寶科,266.0,269.5,251.0,261.0,25885707.0
2026-08-24,TWSE,2302,麗正,42.8,43.15,42.05,42.45,1857634.0
2026-08-24,TWSE,2303,聯電,115.5,117.0,114.0,116.5,58537906.0
2026-08-24,TWSE,2305,全友,26.6,26.7,25.9,26.0,2271244.0
2026-08-24,TWSE,2308,台達電,1760.0,1760.0,1720.0,1750.0,5768589.0
2026-08-24,TWSE,2312,金寶,31.3,31.4,30.85,31.05,6550803.0
2026-08-24,TWSE,2313,華通,216.0,222.0,211.0,213.5,24343203.0
2026-08-24,TWSE,2314,台揚,11.05,11.05,10.85,10.85,154111.0
2026-08-24,TWSE,2316,楠梓電,157.5,163.0,155.5,158.5,1669559.0
2026-08-24,TWSE,2317,鴻海,245.0,247.0,243.0,245.5,25420299.0
2026-08-24,TWSE,2321,東訊,13.95,15.7,13.95,15.4,11854.0
2026-08-24,TWSE,2323,中環,10.8,11.0,10.6,10.85,4871411.0
2026-08-24,TWSE,2324,仁寶,38.4,39.0,37.9,38.95,42759328.0
2026-08-24,TWSE,2327,國巨*,561.0,567.0,553.0,554.0,20632149.0
2026-08-24,TWSE,2328,廣宇,45.15,45.45,44.8,44.9,1442496.0
2026-08-24,TWSE,2329,華泰,42.8,43.2,42.4,43.15,1061560.0
2026-08-24,TWSE,2330,台積電,2375.0,2410.0,2365.0,2410.0,18922480.0
2026-08-24,TWSE,2331,精英,19.95,20.2,19.75,19.8,1331720.0
2026-08-24,TWSE,2332,友訊,20.4,20.95,20.1,20.2,12989832.0
2026-08-24,TWSE,2337,旺宏,120.5,122.5,119.5,122.5,30188173.0
2026-08-24,TWSE,2338,光罩,38.25,38.55,37.8,38.25,642918.0
2026-08-24,TWSE,2340,台亞,31.1,31.8,30.6,31.2,3693226.0
2026-08-24,TWSE,2342,茂矽,39.1,39.75,38.6,38.65,1221600.0
2026-08-24,TWSE,2344,華邦電,176.0,182.0,174.5,181.0,114128808.0
2026-08-24,TWSE,2345,智邦,2090.0,2110.0,2020.0,2035.0,2809274.0
2026-08-24,TWSE,2347,聯強,86.6,88.2,86.2,87.5,1748499.0
2026-08-24,TWSE,2348,海悅,71.8,72.7,71.6,72.4,508538.0
2026-08-24,TWSE,2349,錸德,11.15,11.15,11.0,11.0,936114.0
2026-08-24,TWSE,2351,順德,182.0,185.0,177.0,183.0,2540595.0
2026-08-24,TWSE,2352,佳世達,29.25,29.35,28.75,28.8,2948055.0
2026-08-24,TWSE,2353,宏碁,31.0,31.0,30.5,30.7,8315197.0
2026-08-24,TWSE,2354,鴻準,59.4,60.5,59.2,60.2,3291872.0
2026-08-24,TWSE,2355,敬鵬,41.7,41.8,41.3,41.7,966026.0
2026-08-24,TWSE,2356,英業達,64.5,65.9,64.0,65.7,12579251.0
2026-08-24,TWSE,2357,華碩,913.0,923.0,906.0,921.0,1887246.0
2026-08-24,TWSE,2359,所羅門,159.0,159.5,149.0,150.0,10440621.0
2026-08-24,TWSE,2360,致茂,2190.0,2190.0,2085.0,2100.0,1573161.0
2026-08-24,TWSE,2362,藍天,47.35,47.5,46.7,47.35,777376.0
2026-08-24,TWSE,2363,矽統,51.1,51.5,50.4,50.7,1788029.0
2026-08-24,TWSE,2364,倫飛,83.1,83.1,80.0,80.8,470389.0
2026-08-24,TWSE,2365,昆盈,30.7,30.9,30.0,30.6,2614895.0
2026-08-24,TWSE,2367,燿華,42.5,42.8,41.95,42.1,2322788.0
2026-08-24,TWSE,2368,金像電,1015.0,1025.0,958.0,965.0,7379773.0
2026-08-24,TWSE,2369,菱生,31.0,31.45,30.6,30.75,2669511.0
2026-08-24,TWSE,2371,大同,27.85,27.85,27.35,27.6,6031020.0
2026-08-24,TWSE,2373,震旦行,53.1,53.4,53.1,53.4,18905.0
2026-08-24,TWSE,2374,佳能,68.2,69.1,67.8,68.5,4136830.0
2026-08-24,TWSE,2375,凱美,124.0,126.5,121.0,122.5,2168985.0
2026-08-24,TWSE,2376,技嘉,342.5,344.0,338.5,339.5,3485613.0
2026-08-24,TWSE,2377,微星,140.0,142.5,140.0,141.5,5039691.0
2026-08-24,TWSE,2379,瑞昱,703.0,729.0,703.0,714.0,1902188.0
2026-08-24,TWSE,2380,虹光,19.7,19.95,19.25,19.6,49261.0
2026-08-24,TWSE,2382,廣達,327.5,327.5,320.5,321.5,8751856.0
2026-08-24,TWSE,2383,台光電,6005.0,6015.0,5650.0,5680.0,2568603.0
2026-08-24,TWSE,2385,群光,106.5,106.5,105.5,106.0,1488807.0
2026-08-24,TWSE,2387,精元,36.3,36.55,36.2,36.4,164106.0
2026-08-24,TWSE,2388,威盛,73.7,74.5,73.0,73.9,1624702.0
2026-08-24,TWSE,2390,云辰,10.3,10.55,10.25,10.35,565778.0
2026-08-24,TWSE,2392,正崴,40.4,41.9,40.1,41.6,2545941.0
2026-08-24,TWSE,2393,億光,66.2,66.2,64.4,64.7,1657905.0
2026-08-24,TWSE,2395,研華,672.0,672.0,643.0,649.0,4085882.0
2026-08-24,TWSE,2397,友通,64.0,64.1,62.1,62.8,296582.0
2026-08-24,TWSE,2399,映泰,46.35,46.8,45.6,45.7,5190928.0
2026-08-24,TWSE,2401,凌陽,25.4,25.9,25.4,25.5,1367854.0
2026-08-24,TWSE,2402,毅嘉,53.1,54.8,52.6,54.8,1211116.0
2026-08-24,TWSE,2404,漢唐,1075.0,1080.0,1050.0,1060.0,835869.0
2026-08-24,TWSE,2405,輔信,15.55,15.6,15.4,15.45,615770.0
2026-08-24,TWSE,2406,國碩,28.55,28.8,28.35,28.45,1856551.0
2026-08-24,TWSE,2408,南亞科,519.0,534.0,512.0,528.0,65354270.0
2026-08-24,TWSE,2409,友達,25.8,25.8,25.35,25.6,53047576.0
2026-08-24,TWSE,2412,中華電,136.5,137.0,136.0,136.5,5317550.0
2026-08-24,TWSE,2413,環科,43.55,43.8,43.25,43.8,287091.0
2026-08-24,TWSE,2414,精技,52.0,52.4,51.8,52.3,176846.0
2026-08-24,TWSE,2415,錩新,30.75,30.75,30.05,30.3,140782.0
2026-08-24,TWSE,2417,圓剛,44.0,44.05,43.2,43.6,634436.0
2026-08-24,TWSE,2419,仲琦,24.5,24.8,24.35,24.65,213419.0
2026-08-24,TWSE,2420,新巨,57.2,57.6,56.7,57.5,505933.0
2026-08-24,TWSE,2421,建準,144.0,144.5,141.0,142.5,924879.0
2026-08-24,TWSE,2423,固緯,75.6,77.0,75.3,75.6,109560.0
2026-08-24,TWSE,2424,隴華,8.02,8.1,8.02,8.1,4187.0
2026-08-24,TWSE,2425,承啟,38.6,38.8,37.55,37.55,2150436.0
2026-08-24,TWSE,2426,鼎元,80.0,82.2,80.0,82.2,28510396.0
2026-08-24,TWSE,2427,三商電,22.1,22.35,22.1,22.3,187085.0
2026-08-24,TWSE,2428,興勤,264.0,269.0,253.0,253.5,2293535.0
2026-08-24,TWSE,2429,銘旺科,32.6,32.8,31.9,31.95,178222.0
2026-08-24,TWSE,2430,燦坤,17.35,17.75,17.3,17.7,100780.0
2026-08-24,TWSE,2431,聯昌,10.2,10.45,10.15,10.3,142340.0
2026-08-24,TWSE,2432,倚天酷碁-創,27.35,27.35,27.35,27.35,4001.0
2026-08-24,TWSE,2433,互盛電,41.9,41.9,41.75,41.85,13383.0
2026-08-24,TWSE,2434,統懋,49.75,49.75,48.0,48.65,185639.0
2026-08-24,TWSE,2436,偉詮電,63.3,63.4,62.3,62.9,1780222.0
2026-08-24,TWSE,2438,翔耀,18.05,18.05,17.9,17.9,62690.0
2026-08-24,TWSE,2439,美律,81.7,82.5,81.4,82.5,2016648.0
2026-08-24,TWSE,2440,太空梭,13.75,14.05,13.75,14.05,208702.0
2026-08-24,TWSE,2441,超豐,114.5,115.5,111.5,112.5,2186675.0
2026-08-24,TWSE,2442,新美齊,19.55,19.9,19.5,19.9,4062478.0
2026-08-24,TWSE,2444,兆勁,10.95,11.05,10.95,11.0,66147.0
2026-08-24,TWSE,2449,京元電子,234.0,236.0,230.5,232.0,10664247.0
2026-08-24,TWSE,2450,神腦,28.25,28.25,28.1,28.25,82581.0
2026-08-24,TWSE,2451,創見,285.0,312.5,285.0,312.5,18341659.0
2026-08-24,TWSE,2453,凌群,52.0,52.1,51.8,52.1,114430.0
2026-08-24,TWSE,2454,聯發科,3725.0,3810.0,3695.0,3790.0,6657464.0
2026-08-24,TWSE,2455,全新,404.0,411.0,393.5,406.0,14167138.0
2026-08-24,TWSE,2457,飛宏,22.7,23.05,22.55,23.0,743191.0
2026-08-24,TWSE,2458,義隆,141.5,142.0,139.0,140.5,2155868.0
2026-08-24,TWSE,2459,敦吉,67.3,67.3,66.8,67.1,71819.0
2026-08-24,TWSE,2460,建通,29.0,29.0,28.6,28.8,118504.0
2026-08-24,TWSE,2461,光群雷,18.2,18.25,17.95,18.15,471645.0
2026-08-24,TWSE,2462,良得電,19.6,19.65,19.45,19.6,75099.0
2026-08-24,TWSE,2464,盟立,181.5,181.5,173.0,179.0,5601206.0
2026-08-24,TWSE,2465,麗臺,86.6,89.3,85.0,85.9,3498808.0
2026-08-24,TWSE,2466,冠西電,97.9,105.5,96.1,104.0,3477327.0
2026-08-24,TWSE,2467,志聖,559.0,568.0,552.0,560.0,837313.0
2026-08-24,TWSE,2468,華經,35.6,35.6,34.9,35.05,271501.0
2026-08-24,TWSE,2471,資通,49.0,49.2,48.8,48.9,84592.0
2026-08-24,TWSE,2472,立隆電,225.0,226.5,217.0,218.0,1240327.0
2026-08-24,TWSE,2474,可成,204.0,204.0,202.5,203.5,1686568.0
2026-08-24,TWSE,2476,鉅祥,119.0,120.5,114.5,116.5,1915312.0
2026-08-24,TWSE,2477,美隆電,20.95,20.95,20.85,20.85,77152.0
2026-08-24,TWSE,2478,大毅,128.5,131.5,122.0,123.5,6960110.0
2026-08-24,TWSE,2480,敦陽科,160.0,160.5,158.0,160.0,87484.0
2026-08-24,TWSE,2481,強茂,137.5,139.5,132.0,133.0,16032556.0
2026-08-24,TWSE,2482,連宇,15.85,16.2,15.8,16.15,79784.0
2026-08-24,TWSE,2483,百容,35.7,36.4,35.6,36.1,604612.0
2026-08-24,TWSE,2484,希華,71.3,78.2,71.3,76.5,28080345.0
2026-08-24,TWSE,2485,兆赫,41.0,41.7,40.65,40.9,1399348.0
2026-08-24,TWSE,2486,一詮,249.0,251.0,238.5,243.5,17124147.0
2026-08-24,TWSE,2488,漢平,48.75,49.05,48.6,48.85,94110.0
2026-08-24,TWSE,2489,瑞軒,33.0,35.65,33.0,35.65,35363872.0
2026-08-24,TWSE,2491,吉祥全,37.1,40.0,36.2,39.0,1374180.0
2026-08-24,TWSE,2492,華新科,274.0,277.0,262.5,266.0,24706670.0
2026-08-24,TWSE,2493,揚博,183.5,183.5,176.5,176.5,1706685.0
2026-08-24,TWSE,2495,普安,37.0,37.4,36.7,37.15,608044.0
2026-08-24,TWSE,2496,卓越,54.9,55.1,54.5,55.1,16313.0
2026-08-24,TWSE,2497,怡利電,45.35,46.1,45.35,45.6,166469.0
2026-08-24,TWSE,2498,宏達電,40.35,41.3,40.0,40.95,3800168.0
2026-08-24,TWSE,2501,國建,23.0,23.15,22.8,23.15,1809043.0
2026-08-24,TWSE,2504,國產,31.0,31.3,30.95,31.3,1398663.0
2026-08-24,TWSE,2505,國揚,17.3,17.55,17.3,17.5,281565.0
2026-08-24,TWSE,2506,太設,8.63,8.64,8.56,8.61,201082.0
2026-08-24,TWSE,2509,全坤建,14.9,15.0,14.65,14.8,119710.0
2026-08-24,TWSE,2511,太子,8.3,8.36,8.28,8.36,504874.0
2026-08-24,TWSE,2514,龍邦,11.9,12.05,11.85,12.05,60558.0
2026-08-24,TWSE,2515,中工,11.95,12.05,11.95,12.0,5103941.0
2026-08-24,TWSE,2516,新建,14.05,14.5,14.05,14.35,242664.0
2026-08-24,TWSE,2520,冠德,36.55,37.05,36.2,36.8,2723656.0
2026-08-24,TWSE,2524,京城,34.85,35.4,34.5,35.4,54645.0
2026-08-24,TWSE,2527,宏璟,44.5,44.6,43.95,44.4,509870.0
2026-08-24,TWSE,2528,皇普,20.35,20.55,20.2,20.55,268914.0
2026-08-24,TWSE,2530,華建,19.5,19.9,19.4,19.9,605076.0
2026-08-24,TWSE,2534,宏盛,17.25,17.35,17.2,17.35,188980.0
2026-08-24,TWSE,2535,達欣工,91.8,92.5,91.3,91.6,282335.0
2026-08-24,TWSE,2536,宏普,20.8,21.0,20.8,20.85,586501.0
2026-08-24,TWSE,2537,聯上發,11.6,11.9,11.6,11.7,1504347.0
2026-08-24,TWSE,2538,基泰,9.06,9.13,9.03,9.13,267034.0
2026-08-24,TWSE,2539,櫻花建,35.45,36.1,34.75,36.1,1606623.0
2026-08-24,TWSE,2540,愛山林,48.25,48.8,47.35,47.55,640286.0
2026-08-24,TWSE,2542,興富發,48.25,49.0,48.2,48.8,11744799.0
2026-08-24,TWSE,2543,皇昌,38.9,38.95,38.5,38.95,430518.0
2026-08-24,TWSE,2545,皇翔,34.1,34.75,34.1,34.7,471553.0
2026-08-24,TWSE,2546,根基,117.0,117.5,112.0,114.5,393577.0
2026-08-24,TWSE,2547,日勝生,10.2,10.25,10.15,10.25,814477.0
2026-08-24,TWSE,2548,華固,96.0,97.5,95.9,97.5,1658846.0
2026-08-24,TWSE,2597,潤弘,169.5,170.0,167.5,169.5,111093.0
2026-08-24,TWSE,2601,益航,6.78,7.39,6.76,7.39,12206714.0
2026-08-24,TWSE,2603,長榮,246.5,254.0,246.0,251.5,33249355.0
2026-08-24,TWSE,2605,新興,36.25,38.3,36.25,37.8,37504751.0
2026-08-24,TWSE,2606,裕民,70.5,73.0,70.2,72.6,15910892.0
2026-08-24,TWSE,2607,榮運,51.7,52.7,51.7,52.4,992362.0
2026-08-24,TWSE,2608,嘉里大榮,28.65,28.9,28.65,28.8,389062.0
2026-08-24,TWSE,2609,陽明,60.7,64.6,60.1,64.0,198985656.0
2026-08-24,TWSE,2610,華航,20.15,20.5,20.0,20.4,27868101.0
2026-08-24,TWSE,2611,志信,15.9,17.5,15.6,17.2,6954522.0
2026-08-24,TWSE,2612,中航,58.0,61.0,58.0,60.2,2429334.0
2026-08-24,TWSE,2613,中櫃,22.65,24.9,22.65,24.9,3807856.0
2026-08-24,TWSE,2614,東森,18.45,18.85,18.3,18.8,2542839.0
2026-08-24,TWSE,2615,萬海,113.0,124.5,111.5,124.5,87111618.0
2026-08-24,TWSE,2616,山隆,13.5,13.6,13.4,13.55,104123.0
2026-08-24,TWSE,2617,台航,31.0,31.95,30.9,31.8,4401407.0
2026-08-24,TWSE,2618,長榮航,42.0,42.6,41.6,42.6,26556485.0
2026-08-24,TWSE,2630,亞航,52.7,52.9,51.0,51.3,2575909.0
2026-08-24,TWSE,2633,台灣高鐵,25.95,26.2,25.95,26.15,2955102.0
2026-08-24,TWSE,2634,漢翔,73.0,73.5,69.0,69.3,59948602.0
2026-08-24,TWSE,2636,台驊控股,71.1,74.7,70.7,73.3,2768032.0
2026-08-24,TWSE,2637,慧洋-KY,93.5,104.0,93.4,102.0,17870989.0
2026-08-24,TWSE,2642,宅配通,20.2,20.75,20.2,20.75,64368.0
2026-08-24,TWSE,2645,長榮航太,179.0,180.5,176.5,177.0,1505845.0
2026-08-24,TWSE,2646,星宇航空,21.15,21.4,21.1,21.3,3845701.0
2026-08-24,TWSE,2701,萬企,10.6,10.7,10.6,10.7,89410.0
2026-08-24,TWSE,2702,華園,12.3,12.55,12.3,12.55,45227.0
2026-08-24,TWSE,2704,國賓,46.45,46.8,46.05,46.5,141098.0
2026-08-24,TWSE,2705,六福,15.9,16.1,15.8,16.05,123408.0
2026-08-24,TWSE,2706,第一店,12.5,12.55,12.45,12.55,127465.0
2026-08-24,TWSE,2707,晶華,180.0,183.0,180.0,183.0,495130.0
2026-08-24,TWSE,2712,遠雄來,14.55,14.7,14.55,14.65,14000.0
2026-08-24,TWSE,2722,夏都,22.5,23.65,22.15,22.45,228505.0
2026-08-24,TWSE,2723,美食-KY,73.0,73.2,72.5,73.2,1644639.0
2026-08-24,TWSE,2727,王品,234.0,239.0,234.0,237.5,304729.0
2026-08-24,TWSE,2731,雄獅,145.5,147.5,145.0,146.5,461511.0
2026-08-24,TWSE,2739,寒舍,36.7,38.5,36.7,38.05,483099.0
2026-08-24,TWSE,2748,雲品,38.7,39.1,38.65,38.9,171486.0
2026-08-24,TWSE,2753,八方雲集,186.5,188.0,186.5,188.0,254005.0
2026-08-24,TWSE,2762,世界健身-KY,82.6,83.2,82.5,83.0,27214.0
2026-08-24,TWSE,2801,彰銀,23.85,24.15,23.7,24.1,13355207.0
2026-08-24,TWSE,2812,台中銀,18.8,18.95,18.7,18.85,8506180.0
2026-08-24,TWSE,2816,旺旺保,36.8,38.2,36.5,37.9,1737607.0
2026-08-24,TWSE,2820,華票,16.3,16.4,16.3,16.4,863082.0
2026-08-24,TWSE,2832,台產,61.9,61.9,61.0,61.5,215366.0
2026-08-24,TWSE,2834,臺企銀,16.5,16.55,16.45,16.55,27697246.0
2026-08-24,TWSE,2836,高雄銀,12.1,12.1,12.0,12.1,857578.0
2026-08-24,TWSE,2838,聯邦銀,20.15,20.55,20.15,20.35,1982230.0
2026-08-24,TWSE,2845,遠東銀,13.55,13.7,13.45,13.65,12696705.0
2026-08-24,TWSE,2849,安泰銀,14.35,14.5,14.3,14.5,162309.0
2026-08-24,TWSE,2850,新產,165.5,168.5,164.0,168.5,288879.0
2026-08-24,TWSE,2851,中再保,48.5,48.5,44.25,47.1,23729409.0
2026-08-24,TWSE,2852,第一保,29.15,29.4,28.9,29.2,1263795.0
2026-08-24,TWSE,2855,統一證,46.65,47.1,46.25,47.1,2116917.0
2026-08-24,TWSE,2880,華南金,38.65,39.8,38.6,39.6,17503839.0
2026-08-24,TWSE,2881,富邦金,129.0,135.5,127.5,134.0,38191506.0
2026-08-24,TWSE,2882,國泰金,97.3,101.0,97.3,100.5,21874820.0
2026-08-24,TWSE,2883,凱基金,30.4,31.55,30.3,31.55,49167372.0
2026-08-24,TWSE,2884,玉山金,37.35,38.0,37.15,38.0,21544456.0
2026-08-24,TWSE,2885,元大金,62.6,64.0,62.0,64.0,22927496.0
2026-08-24,TWSE,2886,兆豐金,46.35,47.05,46.2,46.95,27479375.0
2026-08-24,TWSE,2887,台新新光金,35.9,37.4,35.85,37.25,56135743.0
2026-08-24,TWSE,2889,國票金,15.65,15.8,15.6,15.75,6242589.0
2026-08-24,TWSE,2890,永豐金,39.3,39.8,39.15,39.6,12337566.0
2026-08-24,TWSE,2891,中信金,63.7,65.5,63.0,65.0,51685764.0
2026-08-24,TWSE,2892,第一金,33.25,33.8,33.2,33.65,32059690.0
2026-08-24,TWSE,2897,王道銀行,10.2,10.25,10.15,10.25,2544347.0
2026-08-24,TWSE,2901,欣欣,23.9,24.0,23.9,24.0,4947.0
2026-08-24,TWSE,2903,遠百,22.8,22.95,22.65,22.8,2983685.0
2026-08-24,TWSE,2904,匯僑,12.9,13.0,12.85,12.9,27622.0
2026-08-24,TWSE,2905,三商,17.35,17.65,17.2,17.65,1577311.0
2026-08-24,TWSE,2906,高林,13.7,14.0,13.6,13.95,528851.0
2026-08-24,TWSE,2908,特力,21.8,21.95,21.7,21.95,251050.0
2026-08-24,TWSE,2910,統領,24.45,24.55,24.05,24.45,15000.0
2026-08-24,TWSE,2911,麗嬰房,6.67,6.85,6.67,6.72,145717.0
2026-08-24,TWSE,2912,統一超,219.0,225.5,219.0,223.5,5515619.0
2026-08-24,TWSE,2913,農林,11.25,11.35,11.15,11.3,1318141.0
2026-08-24,TWSE,2915,潤泰全,61.4,61.6,60.5,61.1,3884994.0
2026-08-24,TWSE,2923,鼎固-KY,25.15,25.3,24.35,25.25,180890.0
2026-08-24,TWSE,2929,淘帝-KY,5.7,5.76,5.65,5.75,69479.0
2026-08-24,TWSE,2939,永邑-KY,19.55,19.55,19.55,19.55,2000.0
2026-08-24,TWSE,2945,三商家購,40.3,40.3,40.3,40.3,2025.0
2026-08-24,TWSE,3002,歐格,16.7,17.0,16.55,17.0,43515.0
2026-08-24,TWSE,3003,健和興,64.4,65.5,63.7,64.9,327983.0
2026-08-24,TWSE,3004,豐達科,121.0,121.5,120.0,121.0,194850.0
2026-08-24,TWSE,3005,神基,117.0,118.5,116.0,117.0,1971541.0
2026-08-24,TWSE,3006,晶豪科,249.5,260.5,247.0,256.5,9305545.0
2026-08-24,TWSE,3008,大立光,5520.0,5750.0,5260.0,5610.0,3439678.0
2026-08-24,TWSE,3010,華立,127.0,129.0,127.0,127.0,301321.0
2026-08-24,TWSE,3011,今皓,10.65,10.9,10.65,10.8,345426.0
2026-08-24,TWSE,3013,晟銘電,82.2,83.1,81.2,82.9,550183.0
2026-08-24,TWSE,3014,聯陽,130.5,131.0,129.0,130.0,578430.0
2026-08-24,TWSE,3015,全漢,54.1,54.1,53.0,53.1,158251.0
2026-08-24,TWSE,3016,嘉晶,103.0,103.5,97.9,98.4,3524488.0
2026-08-24,TWSE,3017,奇鋐,2995.0,3035.0,2850.0,2865.0,2515057.0
2026-08-24,TWSE,3018,隆銘綠能,13.7,14.0,13.55,13.95,109583.0
2026-08-24,TWSE,3019,亞光,136.5,137.0,133.5,135.5,1561491.0
2026-08-24,TWSE,3021,鴻名,20.15,20.2,19.95,20.15,78890.0
2026-08-24,TWSE,3022,威強電,92.6,92.6,89.2,90.2,1932554.0
2026-08-24,TWSE,3023,信邦,317.0,321.0,315.0,318.5,356884.0
2026-08-24,TWSE,3024,憶聲,13.75,13.9,13.6,13.85,739769.0
2026-08-24,TWSE,3025,星通,55.9,56.4,55.8,56.1,176361.0
2026-08-24,TWSE,3026,禾伸堂,701.0,745.0,639.0,639.0,13288166.0
2026-08-24,TWSE,3027,盛達,17.9,18.1,17.9,18.1,69446.0
2026-08-24,TWSE,3028,增你強,65.9,67.2,65.4,67.1,494007.0
2026-08-24,TWSE,3029,零壹,111.0,112.0,110.0,111.0,416331.0
2026-08-24,TWSE,3030,德律,289.5,290.5,283.5,285.0,533042.0
2026-08-24,TWSE,3031,佰鴻,22.5,24.7,22.35,23.75,1953691.0
2026-08-24,TWSE,3032,偉訓,78.3,80.1,77.4,80.0,292465.0
2026-08-24,TWSE,3033,威健,45.15,45.85,44.75,45.45,3464194.0
2026-08-24,TWSE,3034,聯詠,528.0,531.0,526.0,530.0,1443424.0
2026-08-24,TWSE,3035,智原,172.0,172.5,168.5,169.5,1374915.0
2026-08-24,TWSE,3036,文曄,206.0,209.0,204.5,206.0,3364306.0
2026-08-24,TWSE,3037,欣興,1120.0,1120.0,1030.0,1085.0,23202820.0
2026-08-24,TWSE,3038,全台,20.45,20.65,20.4,20.6,100253.0
2026-08-24,TWSE,3040,遠見,38.85,38.85,38.4,38.5,62492.0
2026-08-24,TWSE,3041,揚智,22.55,22.65,22.2,22.4,247772.0
2026-08-24,TWSE,3042,晶技,187.5,202.0,187.5,190.0,38491497.0
2026-08-24,TWSE,3043,科風,21.25,21.25,20.85,21.0,74326.0
2026-08-24,TWSE,3044,健鼎,504.0,515.0,455.0,459.0,9309480.0
2026-08-24,TWSE,3045,台灣大,114.5,115.0,113.5,115.0,13272143.0
2026-08-24,TWSE,3046,建碁,58.2,58.3,57.8,58.1,197377.0
2026-08-24,TWSE,3047,訊舟,13.85,13.9,13.7,13.85,217701.0
2026-08-24,TWSE,3048,益登,56.0,56.3,55.2,56.0,1069185.0
2026-08-24,TWSE,3049,精金,11.25,12.0,11.25,11.55,9199081.0
2026-08-24,TWSE,3050,鈺德,11.55,11.6,11.45,11.6,223647.0
2026-08-24,TWSE,3051,力特,22.3,22.65,22.2,22.6,272178.0
2026-08-24,TWSE,3052,夆典,11.2,11.25,11.15,11.15,288911.0
2026-08-24,TWSE,3054,立萬利,52.9,53.5,52.5,53.2,79191.0
2026-08-24,TWSE,3055,蔚華科,110.5,112.5,108.0,108.5,1003112.0
2026-08-24,TWSE,3056,富華新,14.25,14.4,14.15,14.4,1629548.0
2026-08-24,TWSE,3057,喬鼎,17.3,17.3,16.8,17.1,43880.0
2026-08-24,TWSE,3058,立德,8.15,8.26,8.12,8.26,275121.0
2026-08-24,TWSE,3059,華晶科,39.2,39.8,38.95,39.2,1051419.0
2026-08-24,TWSE,3060,銘異,27.4,28.0,27.1,27.55,412711.0
2026-08-24,TWSE,3062,建漢,20.65,20.65,20.3,20.55,412702.0
2026-08-24,TWSE,3090,日電貿,175.5,177.0,164.0,165.0,9808733.0
2026-08-24,TWSE,3092,鴻碩,23.7,24.35,23.55,24.0,103740.0
2026-08-24,TWSE,3094,聯傑,36.1,36.1,35.4,35.75,457598.0
2026-08-24,TWSE,3130,一零四,212.0,213.5,212.0,213.5,86007.0
2026-08-24,TWSE,3135,凌航,168.0,171.5,166.5,170.5,3120931.0
2026-08-24,TWSE,3138,耀登,94.0,94.7,93.0,93.5,85055.0
2026-08-24,TWSE,3149,正達,65.7,66.9,64.8,65.0,4256701.0
2026-08-24,TWSE,3150,鈺寶-創,17.35,17.35,17.15,17.15,35000.0
2026-08-24,TWSE,3164,景岳,15.85,15.9,15.85,15.9,23899.0
2026-08-24,TWSE,3167,大量,770.0,795.0,714.0,725.0,7094273.0
2026-08-24,TWSE,3168,眾福科,41.95,41.95,41.3,41.6,22930.0
2026-08-24,TWSE,3189,景碩,842.0,842.0,792.0,811.0,17272838.0
2026-08-24,TWSE,3209,全科,51.1,52.6,51.0,51.4,1525931.0
2026-08-24,TWSE,3229,晟鈦,57.4,61.8,54.5,61.8,2856128.0
2026-08-24,TWSE,3231,緯創,178.0,178.0,175.0,175.5,28030661.0
2026-08-24,TWSE,3257,虹冠電,49.65,49.95,49.4,49.85,70649.0
2026-08-24,TWSE,3266,昇陽,13.8,14.0,13.8,14.0,21033.0
2026-08-24,TWSE,3296,勝德,23.45,24.0,23.4,24.0,10199.0
2026-08-24,TWSE,3305,昇貿,109.0,109.5,107.5,108.0,682545.0
2026-08-24,TWSE,3308,聯德,19.6,20.0,19.6,19.75,17077.0
2026-08-24,TWSE,3311,閎暉,31.7,32.0,31.6,31.95,67786.0
2026-08-24,TWSE,3312,弘憶股,52.0,52.3,51.2,51.3,553086.0
2026-08-24,TWSE,3321,同泰,18.1,18.6,18.05,18.15,143292.0
2026-08-24,TWSE,3338,泰碩,62.0,62.0,61.0,61.0,137248.0
2026-08-24,TWSE,3346,麗清,20.35,20.8,20.0,20.5,239688.0
2026-08-24,TWSE,3356,奇偶,63.0,63.8,62.4,63.2,333229.0
2026-08-24,TWSE,3376,新日興,188.5,188.5,183.0,183.0,1700493.0
2026-08-24,TWSE,3380,明泰,27.3,27.75,27.1,27.55,642692.0
2026-08-24,TWSE,3406,玉晶光,653.0,660.0,628.0,652.0,2080079.0
2026-08-24,TWSE,3413,京鼎,286.5,288.0,283.5,284.5,1099652.0
2026-08-24,TWSE,3416,融程電,178.0,178.5,174.5,177.0,263296.0
2026-08-24,TWSE,3419,譁裕,12.3,12.3,12.0,12.2,68157.0
2026-08-24,TWSE,3432,台端,15.0,15.2,14.7,15.1,22132.0
2026-08-24,TWSE,3437,榮創,17.25,17.95,17.15,17.6,535355.0
2026-08-24,TWSE,3443,創意,5620.0,5830.0,5425.0,5600.0,3184974.0
2026-08-24,TWSE,3447,展達,27.55,27.55,27.2,27.45,23124.0
2026-08-24,TWSE,3450,聯鈞,558.0,578.0,541.0,551.0,13968830.0
2026-08-24,TWSE,3481,群創,45.95,46.3,45.05,46.05,126141176.0
2026-08-24,TWSE,3494,誠研,7.19,7.19,7.06,7.1,35104.0
2026-08-24,TWSE,3501,維熹,39.9,40.0,39.8,40.0,64703.0
2026-08-24,TWSE,3504,揚明光,78.4,80.8,76.9,79.7,2176605.0
2026-08-24,TWSE,3515,華擎,217.0,219.0,215.5,218.5,205892.0
2026-08-24,TWSE,3518,柏騰,28.65,28.65,27.85,27.85,207676.0
2026-08-24,TWSE,3528,安馳,85.1,85.2,83.6,83.6,111102.0
2026-08-24,TWSE,3530,晶相光,55.5,55.6,55.0,55.6,45853.0
2026-08-24,TWSE,3532,台勝科,350.5,353.0,337.5,342.5,6281628.0
2026-08-24,TWSE,3533,嘉澤,1600.0,1640.0,1585.0,1595.0,1203274.0
2026-08-24,TWSE,3535,晶彩科,88.3,89.1,86.2,86.8,358082.0
2026-08-24,TWSE,3543,州巧,43.45,44.0,42.1,44.0,1923018.0
2026-08-24,TWSE,3545,敦泰,49.55,50.6,49.5,50.1,521242.0
2026-08-24,TWSE,3550,聯穎,22.7,23.4,22.35,23.05,824305.0
2026-08-24,TWSE,3557,嘉威,24.5,25.3,24.5,24.5,35926.0
2026-08-24,TWSE,3563,牧德,674.0,678.0,664.0,677.0,162862.0
2026-08-24,TWSE,3576,聯合再生,17.0,17.65,16.9,17.3,7736750.0
2026-08-24,TWSE,3583,辛耘,712.0,715.0,699.0,704.0,559155.0
2026-08-24,TWSE,3588,通嘉,53.0,53.4,52.0,52.0,184238.0
2026-08-24,TWSE,3591,艾笛森,20.2,21.1,20.2,20.7,404646.0
2026-08-24,TWSE,3592,瑞鼎,223.5,225.5,223.0,223.5,174441.0
2026-08-24,TWSE,3593,力銘,11.35,11.35,11.35,11.35,2347.0
2026-08-24,TWSE,3596,智易,161.5,162.5,161.0,161.0,699982.0
2026-08-24,TWSE,3605,宏致,109.0,111.0,106.5,108.5,5102278.0
2026-08-24,TWSE,3607,谷崧,14.0,14.05,13.85,14.05,80014.0
2026-08-24,TWSE,3617,碩天,258.0,267.5,254.5,259.5,1231180.0
2026-08-24,TWSE,3622,洋華,48.7,49.8,48.7,49.8,205037.0
2026-08-24,TWSE,3645,達邁,65.8,66.0,64.9,65.0,672676.0
2026-08-24,TWSE,3652,精聯,34.4,34.6,33.8,34.1,96161.0
2026-08-24,TWSE,3653,健策,5530.0,5560.0,5330.0,5395.0,1267177.0
2026-08-24,TWSE,3661,世芯-KY,3740.0,3790.0,3670.0,3700.0,1387703.0
2026-08-24,TWSE,3665,貿聯-KY,2270.0,2360.0,2225.0,2275.0,3470516.0
2026-08-24,TWSE,3669,圓展,37.8,38.45,37.65,38.2,215913.0
2026-08-24,TWSE,3673,TPK-KY,63.9,64.2,62.1,63.3,6954689.0
2026-08-24,TWSE,3679,新至陞,110.5,110.5,109.5,110.0,37211.0
2026-08-24,TWSE,3686,達能,14.3,14.7,14.25,14.55,56534.0
2026-08-24,TWSE,3694,海華,51.4,51.7,50.8,50.9,341907.0
2026-08-24,TWSE,3701,大眾控,40.3,41.15,39.65,40.75,563609.0
2026-08-24,TWSE,3702,大聯大,104.5,111.5,104.5,111.0,12845812.0
2026-08-24,TWSE,3703,欣陸,19.9,19.9,19.65,19.85,1788984.0
2026-08-24,TWSE,3704,合勤控,42.55,43.5,41.65,41.65,2342926.0
2026-08-24,TWSE,3705,永信,55.3,55.7,55.1,55.7,176032.0
2026-08-24,TWSE,3706,神達,90.0,90.9,89.7,90.0,4842984.0
2026-08-24,TWSE,3708,上緯投控,103.0,104.0,102.0,103.5,304937.0
2026-08-24,TWSE,3711,日月光投控,589.0,593.0,579.0,587.0,12861208.0
2026-08-24,TWSE,3712,永崴投控,20.5,20.7,20.25,20.65,781421.0
2026-08-24,TWSE,3714,富采,57.2,59.2,56.7,57.3,6989900.0
2026-08-24,TWSE,3715,定穎投控,109.5,109.5,107.0,107.0,1813015.0
2026-08-24,TWSE,3716,中化控股,36.8,37.15,36.1,36.7,1653377.0
2026-08-24,TWSE,3717,聯嘉投控,22.4,22.5,22.15,22.25,895268.0
2026-08-24,TWSE,4104,佳醫,71.7,71.9,71.5,71.7,88059.0
2026-08-24,TWSE,4106,雃博,24.45,24.6,24.45,24.5,30980.0
2026-08-24,TWSE,4108,懷特,11.1,11.6,11.0,11.35,477658.0
2026-08-24,TWSE,4119,旭富,52.3,53.1,51.8,52.3,103660.0
2026-08-24,TWSE,4133,亞諾法,20.95,21.0,20.75,20.75,179961.0
2026-08-24,TWSE,4137,麗豐-KY,90.1,90.9,90.0,90.3,139245.0
2026-08-24,TWSE,4142,國光生,18.05,18.3,17.9,18.15,2013422.0
2026-08-24,TWSE,4148,全宇生技-KY,31.7,32.0,31.7,31.9,13100.0
2026-08-24,TWSE,4155,訊映,14.75,14.8,14.65,14.75,163278.0
2026-08-24,TWSE,4164,承業醫,26.55,26.8,26.4,26.7,371881.0
2026-08-24,TWSE,4169,泰宗,164.0,174.0,163.0,163.0,401106.0
2026-08-24,TWSE,4178,永笙-KY,17.45,17.55,17.45,17.55,66426.0
2026-08-24,TWSE,4190,佐登-KY,,,,,263.0
2026-08-24,TWSE,4195,基米-創,14.35,14.4,14.15,14.25,65427.0
2026-08-24,TWSE,4306,炎洲,15.35,15.35,15.2,15.3,709053.0
2026-08-24,TWSE,4414,如興,8.25,8.48,8.25,8.48,170213.0
2026-08-24,TWSE,4426,利勤,7.82,7.85,7.79,7.81,63000.0
2026-08-24,TWSE,4438,廣越,60.3,60.7,60.1,60.7,24489.0
2026-08-24,TWSE,4439,冠星-KY,97.6,99.8,97.6,98.5,55644.0
2026-08-24,TWSE,4440,宜新實業,17.65,17.65,17.5,17.5,55200.0
2026-08-24,TWSE,4441,振大環球,183.5,184.5,181.0,182.0,29001.0
2026-08-24,TWSE,4526,東台,29.95,30.15,29.65,29.75,507336.0
2026-08-24,TWSE,4532,瑞智,24.05,24.15,23.9,24.1,512482.0
2026-08-24,TWSE,4536,拓凱,171.0,172.5,170.5,172.0,189619.0
2026-08-24,TWSE,4540,全球傳動,59.0,59.7,57.3,57.8,1193680.0
2026-08-24,TWSE,4545,銘鈺,32.1,32.15,31.75,32.15,43058.0
2026-08-24,TWSE,4551,智伸科,162.0,163.5,157.0,157.5,424131.0
2026-08-24,TWSE,4552,力達-KY,17.7,17.8,17.6,17.75,84884.0
2026-08-24,TWSE,4555,氣立,47.35,47.35,46.05,46.4,176675.0
2026-08-24,TWSE,4557,永新-KY,51.2,52.5,51.2,52.3,35068.0
2026-08-24,TWSE,4560,強信-KY,33.0,33.55,32.2,33.0,752001.0
2026-08-24,TWSE,4562,穎漢,31.85,31.85,30.95,31.15,147654.0
2026-08-24,TWSE,4564,元翎,16.8,16.9,16.6,16.85,439772.0
2026-08-24,TWSE,4566,時碩工業,68.3,68.6,65.7,67.0,1896821.0
2026-08-24,TWSE,4569,六方科-KY,162.0,162.0,158.5,159.0,17109.0
2026-08-24,TWSE,4571,鈞興-KY,162.0,162.0,157.5,158.0,162214.0
2026-08-24,TWSE,4572,駐龍,140.0,141.0,140.0,140.5,17492.0
2026-08-24,TWSE,4576,大銀微系統,208.0,208.5,199.0,202.5,1584800.0
2026-08-24,TWSE,4581,光隆精密-KY,48.25,48.25,48.25,48.25,1042.0
2026-08-24,TWSE,4582,聚恆-創,25.5,25.5,23.0,23.7,443300.0
2026-08-24,TWSE,4583,台灣精銳,474.5,483.5,466.5,471.0,116345.0
2026-08-24,TWSE,4585,達明,301.0,301.5,292.5,295.5,332966.0
2026-08-24,TWSE,4588,玖鼎電力,52.6,52.6,51.8,51.8,19936.0
2026-08-24,TWSE,4590,富田-創,87.2,87.6,85.4,87.4,280142.0
2026-08-24,TWSE,4720,德淵,17.8,18.05,17.7,18.0,288805.0
2026-08-24,TWSE,4722,國精化,203.0,209.0,200.5,206.0,561936.0
2026-08-24,TWSE,4736,泰博,145.5,145.5,141.0,142.5,455711.0
2026-08-24,TWSE,4737,華廣,57.5,57.6,56.1,57.0,41586.0
2026-08-24,TWSE,4739,康普,83.8,84.0,82.1,84.0,898539.0
2026-08-24,TWSE,4746,台耀,54.4,54.4,53.3,53.9,1610662.0
2026-08-24,TWSE,4755,三福化,115.0,117.0,114.5,116.0,94445.0
2026-08-24,TWSE,4763,材料*-KY,50.2,50.3,49.1,49.65,5896996.0
2026-08-24,TWSE,4764,雙鍵,211.0,231.5,209.5,219.0,1863227.0
2026-08-24,TWSE,4766,南寶,347.0,353.0,343.5,352.5,282688.0
2026-08-24,TWSE,4770,上品,210.0,212.0,209.5,212.0,131254.0
2026-08-24,TWSE,4771,望隼,200.5,200.5,197.0,199.0,74984.0
2026-08-24,TWSE,4807,日成-KY,31.0,31.35,30.45,30.85,68179.0
2026-08-24,TWSE,4904,遠傳,101.5,102.5,101.0,102.5,4347575.0
2026-08-24,TWSE,4906,正文,34.8,35.15,34.2,34.6,2853094.0
2026-08-24,TWSE,4912,聯德控股-KY,91.5,93.6,90.4,91.1,546119.0
2026-08-24,TWSE,4915,致伸,60.2,60.7,60.1,60.6,1032856.0
2026-08-24,TWSE,4916,事欣科,99.3,100.0,98.2,98.7,1578571.0
2026-08-24,TWSE,4919,新唐,118.5,118.5,113.0,114.0,2726784.0
2026-08-24,TWSE,4927,泰鼎-KY,32.9,33.65,32.45,33.05,1851975.0
2026-08-24,TWSE,4930,燦星網,16.2,16.2,16.1,16.15,14278.0
2026-08-24,TWSE,4934,太極,14.25,14.4,14.1,14.4,320321.0
2026-08-24,TWSE,4935,茂林-KY,34.9,34.9,33.95,34.45,55029.0
2026-08-24,TWSE,4938,和碩,89.1,89.1,87.8,88.6,7860023.0
2026-08-24,TWSE,4942,嘉彰,33.1,33.4,33.1,33.4,40042.0
2026-08-24,TWSE,4943,康控-KY,8.61,8.61,8.55,8.55,12117.0
2026-08-24,TWSE,4949,有成精密,70.7,71.5,69.8,69.8,370862.0
2026-08-24,TWSE,4952,凌通,52.9,53.3,50.9,51.0,1148887.0
2026-08-24,TWSE,4956,光鋐,30.45,33.45,30.45,33.45,4363803.0
2026-08-24,TWSE,4958,臻鼎-KY,461.0,461.0,431.5,441.0,28399863.0
2026-08-24,TWSE,4960,誠美材,20.5,21.1,20.1,20.9,1588754.0
2026-08-24,TWSE,4961,天鈺,164.5,166.0,163.5,166.0,186801.0
2026-08-24,TWSE,4967,十銓,266.5,277.0,264.0,276.0,7651001.0
2026-08-24,TWSE,4968,立積,91.0,91.4,90.1,90.8,234668.0
2026-08-24,TWSE,4976,佳凌,38.2,38.6,37.3,38.0,2662853.0
2026-08-24,TWSE,4977,眾達-KY,159.0,160.0,150.0,150.5,6080444.0
2026-08-24,TWSE,4989,榮科,62.1,63.4,61.0,61.9,2917307.0
2026-08-24,TWSE,4994,傳奇,86.0,87.0,81.7,83.2,35250.0
2026-08-24,TWSE,4999,鑫禾,18.85,18.95,18.65,18.95,47956.0
2026-08-24,TWSE,5007,三星,56.4,56.4,55.9,56.4,17047.0
2026-08-24,TWSE,5203,訊連,59.0,59.2,58.5,59.1,61142.0
2026-08-24,TWSE,5215,科嘉-KY,39.9,40.5,39.9,40.45,42470.0
2026-08-24,TWSE,5222,全訊,105.5,107.0,104.5,107.0,157013.0
2026-08-24,TWSE,5225,東科-KY,60.4,60.5,59.5,59.6,220172.0
2026-08-24,TWSE,5234,達興材料,302.5,304.0,297.0,302.5,140154.0
2026-08-24,TWSE,5236,凌陽創新,136.0,137.0,135.0,135.5,75603.0
2026-08-24,TWSE,5243,乙盛-KY,88.3,88.6,87.0,87.3,461446.0
2026-08-24,TWSE,5244,弘凱,33.6,34.2,33.35,34.05,185605.0
2026-08-24,TWSE,5258,虹堡,48.0,48.1,47.4,47.6,218447.0
2026-08-24,TWSE,5269,祥碩,1425.0,1425.0,1405.0,1415.0,241491.0
2026-08-24,TWSE,5283,禾聯碩,57.3,58.2,57.0,57.9,67721.0
2026-08-24,TWSE,5284,jpp-KY,349.5,349.5,330.0,334.5,1959244.0
2026-08-24,TWSE,5285,界霖,77.1,78.2,74.8,75.5,526412.0
2026-08-24,TWSE,5288,豐祥-KY,189.0,191.0,188.5,191.0,31311.0
2026-08-24,TWSE,5292,華懋,214.0,219.0,207.5,218.0,467445.0
2026-08-24,TWSE,5306,桂盟,96.1,96.4,95.0,95.7,84795.0
2026-08-24,TWSE,5388,中磊,77.9,78.4,77.5,77.6,2412760.0
2026-08-24,TWSE,5434,崇越,526.0,526.0,511.0,513.0,658947.0
2026-08-24,TWSE,5469,瀚宇博,71.6,72.1,70.6,70.7,1197096.0
2026-08-24,TWSE,5471,松翰,58.0,58.0,56.4,56.5,1474919.0
2026-08-24,TWSE,5484,慧友,40.7,40.7,39.7,40.0,206149.0
2026-08-24,TWSE,5515,建國,54.5,56.4,54.1,55.7,1079904.0
2026-08-24,TWSE,5519,隆大,28.05,28.05,27.8,27.95,139589.0
2026-08-24,TWSE,5521,工信,10.65,11.0,10.65,10.95,3234857.0
2026-08-24,TWSE,5522,遠雄,64.0,64.5,63.6,64.2,381548.0
2026-08-24,TWSE,5525,順天,22.25,22.8,22.15,22.55,187393.0
2026-08-24,TWSE,5531,鄉林,7.56,7.58,7.46,7.56,491100.0
2026-08-24,TWSE,5533,皇鼎,13.95,14.0,13.9,14.0,100000.0
2026-08-24,TWSE,5534,長虹,80.5,80.9,79.2,80.4,1817862.0
2026-08-24,TWSE,5538,東明-KY,37.3,38.35,36.95,37.3,90276.0
2026-08-24,TWSE,5546,永固-KY,13.4,14.0,13.4,14.0,43000.0
2026-08-24,TWSE,5607,遠雄港,55.3,56.4,55.0,55.9,1845755.0
2026-08-24,TWSE,5608,四維航,17.15,18.75,16.8,18.75,54906253.0
2026-08-24,TWSE,5706,鳳凰,45.5,45.8,45.1,45.6,237436.0
2026-08-24,TWSE,5871,中租-KY,111.5,115.5,111.5,115.5,9432964.0
2026-08-24,TWSE,5876,上海商銀,43.5,44.15,43.4,44.15,6475010.0
2026-08-24,TWSE,5880,合庫金,24.8,25.2,24.65,25.05,13765561.0
2026-08-24,TWSE,5906,台南-KY,,,,,
2026-08-24,TWSE,5907,大洋-KY,4.91,4.98,4.9,4.96,177003.0
2026-08-24,TWSE,6005,群益證,30.35,30.9,30.2,30.65,3692690.0
2026-08-24,TWSE,6024,群益期,61.4,63.1,61.4,63.0,690807.0
2026-08-24,TWSE,6108,競國,26.55,26.55,24.8,25.95,6326680.0
2026-08-24,TWSE,6112,邁達特,44.5,44.6,44.2,44.4,132183.0
2026-08-24,TWSE,6115,鎰勝,44.65,44.65,44.05,44.35,349393.0
2026-08-24,TWSE,6116,彩晶,13.9,13.9,13.65,13.8,12417261.0
2026-08-24,TWSE,6117,迎廣,61.0,61.4,60.7,61.1,102569.0
2026-08-24,TWSE,6120,達運,12.6,12.65,12.5,12.55,848820.0
2026-08-24,TWSE,6128,上福,20.25,20.5,20.2,20.5,85255.0
2026-08-24,TWSE,6133,金橋,22.2,22.35,22.1,22.2,234265.0
2026-08-24,TWSE,6136,富爾特,24.9,25.15,24.9,25.15,121528.0
2026-08-24,TWSE,6139,亞翔,763.0,766.0,755.0,762.0,887911.0
2026-08-24,TWSE,6141,柏承,43.25,46.8,42.3,45.4,5207209.0
2026-08-24,TWSE,6142,友勁,9.0,9.0,8.88,8.99,411291.0
2026-08-24,TWSE,6152,百一,14.1,14.2,14.0,14.1,640473.0
2026-08-24,TWSE,6153,嘉聯益,16.65,16.85,16.5,16.7,1568519.0
2026-08-24,TWSE,6155,鈞寶,56.8,58.4,56.5,56.7,820411.0
2026-08-24,TWSE,6164,華興,11.9,12.05,11.8,12.0,334367.0
2026-08-24,TWSE,6165,浪凡,47.5,48.2,47.4,48.1,184859.0
2026-08-24,TWSE,6166,凌華,120.5,121.5,118.5,118.5,930070.0
2026-08-24,TWSE,6168,宏齊,25.0,25.8,24.85,25.35,1957355.0
2026-08-24,TWSE,6177,達麗,47.05,48.6,47.05,47.5,3177432.0
2026-08-24,TWSE,6183,關貿,94.5,94.5,93.1,93.6,24409.0
2026-08-24,TWSE,6184,大豐電,41.5,41.85,41.5,41.6,116288.0
2026-08-24,TWSE,6189,豐藝,48.0,48.25,47.8,48.1,143631.0
2026-08-24,TWSE,6191,精成科,82.7,83.6,81.9,82.0,1557057.0
2026-08-24,TWSE,6192,巨路,116.0,117.5,115.5,116.5,69062.0
2026-08-24,TWSE,6196,帆宣,498.5,498.5,483.5,490.5,1175922.0
2026-08-24,TWSE,6197,佳必琪,300.0,300.5,290.5,290.5,631390.0
2026-08-24,TWSE,6201,亞弘電,44.8,44.95,44.7,44.8,14002.0
2026-08-24,TWSE,6202,盛群,57.4,57.4,55.8,56.1,939916.0
2026-08-24,TWSE,6205,詮欣,61.6,61.8,60.6,60.7,139844.0
2026-08-24,TWSE,6206,飛捷,142.0,142.0,137.0,138.5,1632544.0
2026-08-24,TWSE,6209,今國光,69.8,70.1,67.7,69.5,3238889.0
2026-08-24,TWSE,6213,聯茂,534.0,555.0,498.5,513.0,38855929.0
2026-08-24,TWSE,6214,精誠,179.5,180.0,178.5,179.5,2917826.0
2026-08-24,TWSE,6215,和椿,99.3,99.3,97.2,97.3,729297.0
2026-08-24,TWSE,6216,居易,22.15,22.45,22.15,22.35,53568.0
2026-08-24,TWSE,6224,聚鼎,73.5,77.2,72.5,75.4,3840134.0
2026-08-24,TWSE,6225,天瀚,64.7,64.7,64.7,64.7,131142.0
2026-08-24,TWSE,6226,光鼎,21.65,22.05,21.2,21.2,7637747.0
2026-08-24,TWSE,6230,尼得科超眾,107.0,107.5,106.0,107.5,22514.0
2026-08-24,TWSE,6235,華孚,37.7,38.6,37.7,38.2,367567.0
2026-08-24,TWSE,6239,力成,268.5,269.0,263.5,267.5,5436241.0
2026-08-24,TWSE,6243,迅杰,42.55,42.8,41.8,42.05,898233.0
2026-08-24,TWSE,6257,矽格,200.0,200.0,196.5,198.5,4287674.0
2026-08-24,TWSE,6269,台郡,63.6,63.6,62.4,62.4,1373512.0
2026-08-24,TWSE,6271,同欣電,195.0,196.0,191.5,192.5,2105510.0
2026-08-24,TWSE,6272,驊陞,23.4,23.95,23.3,23.6,126606.0
2026-08-24,TWSE,6277,宏正,81.4,81.6,79.9,81.1,806619.0
2026-08-24,TWSE,6278,台表科,180.0,190.5,178.0,187.0,17236125.0
2026-08-24,TWSE,6281,全國電,51.5,51.8,51.5,51.8,21512.0
2026-08-24,TWSE,6282,康舒,45.0,45.0,44.15,44.25,5135115.0
2026-08-24,TWSE,6283,淳安,20.0,20.4,20.0,20.35,124630.0
2026-08-24,TWSE,6285,啟碁,239.0,240.5,233.0,235.5,2231537.0
2026-08-24,TWSE,6405,悅城,39.1,39.2,38.25,39.0,213388.0
2026-08-24,TWSE,6409,旭隼,1040.0,1060.0,995.0,995.0,428565.0
2026-08-24,TWSE,6412,群電,78.3,78.6,77.8,78.0,306352.0
2026-08-24,TWSE,6414,樺漢,402.5,402.5,395.0,395.0,932166.0
2026-08-24,TWSE,6415,矽力*-KY,451.5,452.5,438.0,445.5,1954645.0
2026-08-24,TWSE,6416,瑞祺電通,103.0,105.5,101.0,101.0,1096370.0
2026-08-24,TWSE,6426,統新,251.0,260.5,240.0,241.0,4260441.0
2026-08-24,TWSE,6431,光麗-KY,19.7,20.3,19.2,20.3,107648.0
2026-08-24,TWSE,6438,迅得,143.5,145.0,141.5,144.0,280789.0
2026-08-24,TWSE,6442,光聖,1570.0,1600.0,1500.0,1525.0,2174362.0
2026-08-24,TWSE,6443,元晶,26.1,26.4,25.9,25.95,1589319.0
2026-08-24,TWSE,6446,藥華藥,1375.0,1410.0,1360.0,1400.0,1610602.0
2026-08-24,TWSE,6449,鈺邦,224.5,224.5,214.0,214.0,382311.0
2026-08-24,TWSE,6451,訊芯-KY,431.0,438.0,413.0,418.0,4508702.0
2026-08-24,TWSE,6456,GIS-KY,70.5,70.5,67.1,68.0,6164120.0
2026-08-24,TWSE,6464,台數科,78.3,79.0,78.0,79.0,65301.0
2026-08-24,TWSE,6472,保瑞,438.5,462.0,432.0,455.0,3077150.0
2026-08-24,TWSE,6477,安集,37.8,38.25,37.0,37.0,1579854.0
2026-08-24,TWSE,6491,晶碩,374.0,374.5,367.0,372.0,225535.0
2026-08-24,TWSE,6504,南六,38.2,38.5,37.9,38.3,68008.0
2026-08-24,TWSE,6505,台塑化,72.9,76.5,72.5,75.8,20465693.0
2026-08-24,TWSE,6515,穎崴,6445.0,6700.0,6250.0,6400.0,228425.0
2026-08-24,TWSE,6525,捷敏-KY,141.5,142.0,137.0,138.0,1204242.0
2026-08-24,TWSE,6526,達發,582.0,595.0,566.0,572.0,421910.0
2026-08-24,TWSE,6531,愛普*,885.0,924.0,870.0,883.0,4142975.0
2026-08-24,TWSE,6533,晶心科,245.0,250.0,243.0,250.0,437354.0
2026-08-24,TWSE,6534,正瀚-創,92.4,93.2,92.1,92.3,26062.0
2026-08-24,TWSE,6541,泰福-KY,36.95,37.35,36.5,36.95,249931.0
2026-08-24,TWSE,6550,北極星藥業-KY,12.25,12.25,12.0,12.25,1417839.0
2026-08-24,TWSE,6552,易華電,24.55,24.85,24.55,24.85,36989.0
2026-08-24,TWSE,6558,興能高,24.6,25.0,24.6,24.65,89954.0
2026-08-24,TWSE,6573,虹揚-KY,17.0,17.3,16.75,17.1,238687.0
2026-08-24,TWSE,6579,研揚,150.5,151.0,148.0,148.0,358393.0
2026-08-24,TWSE,6581,鋼聯,108.0,108.5,107.5,108.5,8060.0
2026-08-24,TWSE,6582,申豐,33.4,33.6,32.0,32.7,73505.0
2026-08-24,TWSE,6585,鼎基,115.0,116.5,115.0,116.5,122826.0
2026-08-24,TWSE,6589,台康生技,51.6,52.0,51.0,51.2,728147.0
2026-08-24,TWSE,6591,動力-KY,42.85,42.85,42.55,42.85,70434.0
2026-08-24,TWSE,6592,和潤企業,60.2,61.7,60.2,61.5,649941.0
2026-08-24,TWSE,6598,ABC-KY,28.75,28.8,27.8,28.55,298787.0
2026-08-24,TWSE,6605,帝寶,141.0,142.0,140.0,141.5,257449.0
2026-08-24,TWSE,6606,建德工業,25.95,25.95,25.55,25.65,85013.0
2026-08-24,TWSE,6614,資拓宏宇,35.6,35.95,35.6,35.95,24097.0
2026-08-24,TWSE,6625,必應,76.6,76.8,76.3,76.3,53133.0
2026-08-24,TWSE,6641,基士德-KY,17.85,17.85,17.75,17.85,30710.0
2026-08-24,TWSE,6645,金萬林-創,12.9,13.05,12.9,13.05,6202.0
2026-08-24,TWSE,6655,科定,116.0,116.0,116.0,116.0,1048.0
2026-08-24,TWSE,6657,華安,30.25,31.0,30.1,30.6,98978.0
2026-08-24,TWSE,6658,聯策,163.0,163.5,158.0,161.0,173657.0
2026-08-24,TWSE,6666,羅麗芬-KY,45.8,45.8,43.7,44.3,162668.0
2026-08-24,TWSE,6668,中揚光,36.45,37.0,35.75,36.4,335341.0
2026-08-24,TWSE,6669,緯穎,6285.0,6445.0,6230.0,6255.0,762579.0
2026-08-24,TWSE,6670,復盛應用,265.5,269.5,265.5,268.5,131754.0
2026-08-24,TWSE,6671,三能-KY,23.5,23.5,22.8,23.05,22000.0
2026-08-24,TWSE,6672,騰輝電子-KY,285.0,292.0,264.0,267.5,6973935.0
2026-08-24,TWSE,6674,鋐寶科技,16.1,17.45,16.0,16.3,231615.0
2026-08-24,TWSE,6689,伊雲谷,61.0,61.3,60.7,61.1,51778.0
2026-08-24,TWSE,6691,洋基工程,605.0,607.0,592.0,593.0,1034885.0
2026-08-24,TWSE,6695,芯鼎,47.85,48.1,47.2,47.45,222909.0
2026-08-24,TWSE,6698,旭暉應材,32.0,32.0,31.1,31.4,91200.0
2026-08-24,TWSE,6706,惠特,118.0,120.5,115.5,116.5,828966.0
2026-08-24,TWSE,6715,嘉基,498.0,500.0,443.0,448.0,1959487.0
2026-08-24,TWSE,6719,力智,197.0,197.0,192.0,193.5,535956.0
2026-08-24,TWSE,6722,輝創,32.25,32.45,32.25,32.45,15058.0
2026-08-24,TWSE,6742,澤米,44.05,44.5,43.2,44.5,152834.0
2026-08-24,TWSE,6743,安普新,25.0,25.4,25.0,25.2,76430.0
2026-08-24,TWSE,6753,龍德造船,143.5,144.5,140.5,141.5,862720.0
2026-08-24,TWSE,6754,匯僑設計,42.0,42.4,41.95,42.4,7054.0
2026-08-24,TWSE,6756,威鋒電子,97.6,98.4,95.3,98.4,57247.0
2026-08-24,TWSE,6757,台灣虎航,56.0,56.3,55.4,55.8,1307654.0
2026-08-24,TWSE,6768,志強-KY,65.0,65.6,64.8,65.2,328331.0
2026-08-24,TWSE,6770,力積電,67.0,68.5,66.5,68.4,116273055.0
2026-08-24,TWSE,6771,平和環保-創,42.2,43.05,42.0,43.0,66741.0
2026-08-24,TWSE,6776,展碁國際,53.2,53.5,53.0,53.5,34227.0
2026-08-24,TWSE,6781,AES-KY,1075.0,1075.0,1040.0,1050.0,333115.0
2026-08-24,TWSE,6782,視陽,205.0,205.0,199.0,202.0,130124.0
2026-08-24,TWSE,6789,采鈺,429.0,429.0,421.0,424.0,485108.0
2026-08-24,TWSE,6790,永豐實,38.5,38.5,38.2,38.35,74579.0
2026-08-24,TWSE,6792,詠業,58.8,59.0,58.5,58.8,21264.0
2026-08-24,TWSE,6794,向榮生技,68.9,72.0,68.9,71.8,54000.0
2026-08-24,TWSE,6796,晉弘,62.5,67.2,61.0,65.3,197015.0
2026-08-24,TWSE,6799,來頡,78.4,80.7,78.4,79.1,82584.0
2026-08-24,TWSE,6805,富世達,1870.0,1875.0,1760.0,1765.0,880852.0
2026-08-24,TWSE,6807,峰源-KY,37.3,38.0,37.0,38.0,6065.0
2026-08-24,TWSE,6830,汎銓,428.5,462.0,417.5,462.0,4328417.0
2026-08-24,TWSE,6831,邁科,600.0,600.0,554.0,574.0,991143.0
2026-08-24,TWSE,6834,天二科技,93.4,95.0,89.7,89.7,2147862.0
2026-08-24,TWSE,6835,圓裕,31.25,31.35,30.65,31.1,13050.0
2026-08-24,TWSE,6838,台新藥,22.75,23.2,22.7,23.2,34433.0
2026-08-24,TWSE,6854,錼創科技-KY創,92.4,94.8,91.0,91.3,149594.0
2026-08-24,TWSE,6861,睿生光電,195.5,196.0,185.5,187.0,460578.0
2026-08-24,TWSE,6862,三集瑞-KY,140.5,141.5,137.0,137.0,88627.0
2026-08-24,TWSE,6863,永道-KY,113.5,115.5,112.5,113.5,130005.0
2026-08-24,TWSE,6869,雲豹能源,67.0,68.2,66.2,67.1,351362.0
2026-08-24,TWSE,6873,泓德能源,69.0,69.9,68.7,69.0,157156.0
2026-08-24,TWSE,6885,全福生技,20.45,20.8,20.35,20.7,51448.0
2026-08-24,TWSE,6887,寶綠特-KY,36.2,37.1,36.05,37.1,24141.0
2026-08-24,TWSE,6890,來億-KY,161.5,162.0,158.5,159.0,372873.0
2026-08-24,TWSE,6901,鑽石投資,17.0,17.3,16.75,17.3,2044834.0
2026-08-24,TWSE,6902,GOGOLOOK,126.0,129.0,125.5,126.5,54517.0
2026-08-24,TWSE,6906,現觀科,71.7,71.7,70.9,70.9,3792.0
2026-08-24,TWSE,6908,宏碁遊戲-創,30.3,30.35,30.0,30.35,23346.0
2026-08-24,TWSE,6909,創控,39.9,40.2,39.6,40.0,127339.0
2026-08-24,TWSE,6914,阜爾運通,148.5,148.5,147.0,147.5,180220.0
2026-08-24,TWSE,6916,華凌,18.85,18.95,18.85,18.85,6076.0
2026-08-24,TWSE,6918,愛派司,75.9,75.9,74.3,74.4,77634.0
2026-08-24,TWSE,6919,康霈*,108.5,118.0,107.5,113.5,11255400.0
2026-08-24,TWSE,6921,嘉雨思-創,70.5,70.5,69.7,69.7,7205.0
2026-08-24,TWSE,6923,中台,77.4,77.4,76.7,77.1,25281.0
2026-08-24,TWSE,6924,榮惠-KY創,120.0,121.5,114.5,117.0,54549.0
2026-08-24,TWSE,6928,攸泰科技,48.05,48.05,46.95,47.55,65392.0
2026-08-24,TWSE,6931,青松健康,41.4,42.25,41.4,41.9,76657.0
2026-08-24,TWSE,6933,AMAX-KY,191.0,193.0,185.0,185.5,266491.0
2026-08-24,TWSE,6934,心誠鎂,71.1,72.0,71.1,72.0,11000.0
2026-08-24,TWSE,6936,永鴻生技,32.85,32.95,32.5,32.9,25575.0
2026-08-24,TWSE,6937,天虹,265.5,265.5,257.5,260.0,210311.0
2026-08-24,TWSE,6944,兆聯實業,715.0,716.0,701.0,708.0,238873.0
2026-08-24,TWSE,6947,台鎔科技,70.8,70.9,70.0,70.3,171842.0
2026-08-24,TWSE,6949,沛爾生醫-創,1140.0,1190.0,1140.0,1155.0,267357.0
2026-08-24,TWSE,6951,青新-創,71.8,71.8,70.7,71.8,91851.0
2026-08-24,TWSE,6952,大武山,37.05,37.6,37.0,37.6,8200.0
2026-08-24,TWSE,6955,邦睿生技-創,120.0,120.5,119.5,119.5,5000.0
2026-08-24,TWSE,6957,裕慶-KY,217.5,219.0,215.0,216.0,59352.0
2026-08-24,TWSE,6958,日盛台駿,17.4,17.75,17.4,17.75,17223.0
2026-08-24,TWSE,6962,奕力-KY,31.0,31.35,30.65,31.2,1699781.0
2026-08-24,TWSE,6965,中傑-KY,75.2,75.2,74.6,75.1,5106.0
2026-08-24,TWSE,6969,成信實業*-創,35.9,36.5,34.75,35.25,324743.0
2026-08-24,TWSE,6988,威力暘-創,11.95,11.95,11.75,11.8,29010.0
2026-08-24,TWSE,6994,富威電力,35.25,35.6,34.7,35.5,321080.0
2026-08-24,TWSE,7610,聯友金屬-創,1550.0,1685.0,1490.0,1685.0,656762.0
2026-08-24,TWSE,7631,聚賢研發-創,147.5,148.0,143.5,147.5,58451.0
2026-08-24,TWSE,7689,大鵬科CLMX,173.0,173.5,171.5,172.0,42678.0
2026-08-24,TWSE,7705,三商餐飲,30.95,31.0,30.85,30.95,18036.0
2026-08-24,TWSE,7711,永擎,452.0,489.0,447.5,461.5,1633532.0
2026-08-24,TWSE,7721,微程式,61.2,61.7,61.1,61.1,37536.0
2026-08-24,TWSE,7722,LINEPAY,280.0,286.5,280.0,285.0,53938.0
2026-08-24,TWSE,7730,暉盛-創,164.5,167.0,162.5,167.0,29154.0
2026-08-24,TWSE,7732,金興精密,34.3,34.8,34.3,34.8,3000.0
2026-08-24,TWSE,7736,虎山,69.9,71.5,69.0,70.9,38260.0
2026-08-24,TWSE,7740,熙特爾-創,141.0,141.5,139.0,139.5,95271.0
2026-08-24,TWSE,7749,意騰-KY,336.5,358.5,335.5,347.5,161432.0
2026-08-24,TWSE,7750,新代,2435.0,2435.0,2215.0,2215.0,626426.0
2026-08-24,TWSE,7760,享溫馨,33.0,33.3,32.8,33.2,90701.0
2026-08-24,TWSE,7765,中華資安,224.0,224.0,224.0,224.0,8033.0
2026-08-24,TWSE,7768,頌勝科技,296.0,319.0,296.0,310.0,224148.0
2026-08-24,TWSE,7769,鴻勁,6405.0,6550.0,6350.0,6405.0,330386.0
2026-08-24,TWSE,7780,大研生醫*,16.85,17.35,16.75,17.1,1290460.0
2026-08-24,TWSE,7786,東方風能,123.0,123.0,121.5,122.0,91174.0
2026-08-24,TWSE,7788,松川精密,255.5,255.5,246.5,248.5,977899.0
2026-08-24,TWSE,7791,皇家可口,57.0,57.4,56.8,57.0,16130.0
2026-08-24,TWSE,7795,長廣,552.0,565.0,534.0,565.0,396932.0
2026-08-24,TWSE,7799,禾榮科,372.0,376.0,358.5,358.5,398303.0
2026-08-24,TWSE,7803,雲象科技-創,19.2,19.6,19.05,19.6,35708.0
2026-08-24,TWSE,7818,溢泰實業,62.4,62.9,62.2,62.5,39830.0
2026-08-24,TWSE,7821,神數,39.1,39.4,39.1,39.4,65834.0
2026-08-24,TWSE,7822,倍利科,975.0,991.0,918.0,918.0,342203.0
2026-08-24,TWSE,7823,奧義賽博-KY創,84.0,84.1,83.0,84.0,26021.0
2026-08-24,TWSE,7827,漢康-KY創,159.5,165.5,158.0,161.0,382371.0
2026-08-24,TWSE,7835,永悅健康-創,21.4,21.4,19.85,20.65,60107.0
2026-08-24,TWSE,7855,和運租車,43.35,43.7,43.3,43.55,708861.0
2026-08-24,TWSE,8011,台通,15.85,16.05,15.85,16.0,166141.0
2026-08-24,TWSE,8016,矽創,292.0,299.5,289.5,296.0,558138.0
2026-08-24,TWSE,8021,尖點,407.0,410.5,394.0,397.0,3418276.0
2026-08-24,TWSE,8028,昇陽半導體,245.5,246.0,240.0,242.5,1319554.0
2026-08-24,TWSE,8033,雷虎,190.5,190.5,185.0,185.5,885478.0
2026-08-24,TWSE,8039,台虹,274.0,306.0,261.0,282.0,68745448.0
2026-08-24,TWSE,8045,達運光電,53.2,53.2,51.7,51.9,51341.0
2026-08-24,TWSE,8046,南電,1180.0,1200.0,1105.0,1135.0,11628964.0
2026-08-24,TWSE,8070,長華*,50.0,50.0,48.7,48.8,3019561.0
2026-08-24,TWSE,8072,陞泰,26.35,26.35,26.1,26.35,53810.0
2026-08-24,TWSE,8081,致新,259.0,259.5,253.5,257.0,463163.0
2026-08-24,TWSE,8101,華冠,11.8,13.25,11.8,13.15,63302.0
2026-08-24,TWSE,8103,瀚荃,91.5,96.3,90.2,94.0,6918574.0
2026-08-24,TWSE,8104,錸寶,31.35,31.45,30.5,30.7,190980.0
2026-08-24,TWSE,8110,華東,44.5,45.35,43.85,45.2,3645221.0
2026-08-24,TWSE,8112,至上,93.5,94.5,92.7,93.5,9150843.0
2026-08-24,TWSE,8114,振樺電,196.5,198.5,196.0,198.5,288218.0
2026-08-24,TWSE,8131,福懋科,62.5,63.2,61.8,62.4,987598.0
2026-08-24,TWSE,8150,南茂,88.0,88.0,86.3,86.7,10194701.0
2026-08-24,TWSE,8162,微矽電子-創,58.8,60.0,58.0,59.1,106566.0
2026-08-24,TWSE,8163,達方,31.25,31.25,30.85,31.0,322895.0
2026-08-24,TWSE,8201,無敵,11.75,12.05,11.75,11.95,14310.0
2026-08-24,TWSE,8210,勤誠,964.0,964.0,942.0,944.0,1079525.0
2026-08-24,TWSE,8213,志超,32.7,33.0,32.5,32.95,234704.0
2026-08-24,TWSE,8215,明基材,24.2,24.2,23.9,23.95,380139.0
2026-08-24,TWSE,8222,寶一,40.45,40.75,38.95,39.5,575360.0
2026-08-24,TWSE,8249,菱光,40.1,40.4,39.9,40.2,152243.0
2026-08-24,TWSE,8261,富鼎,180.5,181.0,176.0,177.5,2493487.0
2026-08-24,TWSE,8271,宇瞻,233.0,237.0,230.5,232.5,7334224.0
2026-08-24,TWSE,8341,日友,76.6,76.7,76.3,76.6,108668.0
2026-08-24,TWSE,8367,建新國際,40.65,40.85,40.6,40.85,49530.0
2026-08-24,TWSE,8374,羅昇,83.6,84.9,80.2,80.8,438190.0
2026-08-24,TWSE,8404,百和興業-KY,16.25,16.5,16.2,16.5,399870.0
2026-08-24,TWSE,8411,福貞-KY,12.85,12.9,12.75,12.8,45677.0
2026-08-24,TWSE,8422,可寧衛*,27.0,27.4,26.7,26.85,5906218.0
2026-08-24,TWSE,8429,金麗-KY,6.06,6.06,6.03,6.06,59172.0
2026-08-24,TWSE,8438,昶昕,66.6,66.6,65.8,66.3,74462.0
2026-08-24,TWSE,8442,威宏-KY,47.5,48.5,46.6,46.85,221464.0
2026-08-24,TWSE,8443,阿瘦,11.35,11.4,11.3,11.4,7940.0
2026-08-24,TWSE,8454,富邦媒,254.0,254.0,248.0,250.5,493471.0
2026-08-24,TWSE,8462,柏文,175.0,176.0,173.5,175.5,39160.0
2026-08-24,TWSE,8463,潤泰材,21.3,21.45,21.3,21.4,32426.0
2026-08-24,TWSE,8464,億豐,375.5,375.5,370.5,371.5,291971.0
2026-08-24,TWSE,8466,美吉吉-KY,15.6,15.8,15.6,15.8,8000.0
2026-08-24,TWSE,8467,波力-KY,96.0,96.9,96.0,96.9,4050.0
2026-08-24,TWSE,8473,山林水,45.2,46.45,45.2,46.35,618612.0
2026-08-24,TWSE,8476,台境*,20.1,20.3,19.95,20.05,110069.0
2026-08-24,TWSE,8478,東哥遊艇,142.0,143.0,141.0,143.0,81494.0
2026-08-24,TWSE,8481,政伸,41.2,41.2,41.05,41.1,5125.0
2026-08-24,TWSE,8482,商億-KY,49.8,49.8,49.35,49.35,2919.0
2026-08-24,TWSE,8487,愛爾達-創,70.6,70.9,70.6,70.9,10411.0
2026-08-24,TWSE,8488,吉源-KY,9.91,9.98,9.91,9.93,24000.0
2026-08-24,TWSE,8499,鼎炫-KY,265.0,265.0,265.0,265.0,3171.0
2026-08-24,TWSE,8926,台汽電,57.3,57.7,56.6,57.3,3056654.0
2026-08-24,TWSE,8940,新天地,15.1,15.5,15.1,15.3,21764.0
2026-08-24,TWSE,8996,高力,1105.0,1125.0,1085.0,1090.0,1864549.0
2026-08-24,TWSE,9103,美德醫療-DR,5.28,5.28,5.21,5.25,804677.0
2026-08-24,TWSE,9105,泰金寶-DR,8.25,8.42,8.22,8.42,10950360.0
2026-08-24,TWSE,9110,越南控-DR,,,,,
2026-08-24,TWSE,9136,巨騰-DR,11.25,11.3,10.9,11.25,185200.0
2026-08-24,TWSE,9802,鈺齊-KY,71.2,71.8,71.1,71.5,371560.0
2026-08-24,TWSE,9902,台火,13.7,13.85,13.7,13.85,84598.0
2026-08-24,TWSE,9904,寶成,25.05,25.25,24.9,25.0,14601292.0
2026-08-24,TWSE,9905,大華,21.55,21.55,21.4,21.5,138005.0
2026-08-24,TWSE,9906,欣巴巴,38.8,39.7,38.8,39.4,46618.0
2026-08-24,TWSE,9907,統一實,15.2,15.35,15.2,15.3,1721065.0
2026-08-24,TWSE,9908,大台北,29.15,29.2,29.05,29.2,123284.0
2026-08-24,TWSE,9910,豐泰,70.4,70.8,69.6,70.4,841719.0
2026-08-24,TWSE,9911,櫻花,83.0,83.3,82.5,83.0,141105.0
2026-08-24,TWSE,9912,偉聯,12.75,13.0,12.75,12.9,129884.0
2026-08-24,TWSE,9914,美利達,88.2,89.0,86.6,87.8,2176501.0
2026-08-24,TWSE,9917,中保科,110.0,111.0,109.5,111.0,516025.0
2026-08-24,TWSE,9918,欣天然,42.8,43.3,42.8,43.3,8273.0
2026-08-24,TWSE,9919,康那香,14.1,14.1,13.9,14.0,132612.0
2026-08-24,TWSE,9921,巨大,110.0,110.0,106.0,107.5,4662743.0
2026-08-24,TWSE,9924,福興,38.95,38.95,38.3,38.45,163804.0
2026-08-24,TWSE,9925,新保,40.1,40.15,39.7,39.7,1602527.0
2026-08-24,TWSE,9926,新海,49.0,49.3,48.6,49.3,14447.0
2026-08-24,TWSE,9927,泰銘,69.5,69.6,69.2,69.3,33873.0
2026-08-24,TWSE,9928,中視,18.55,18.55,18.25,18.45,61000.0
2026-08-24,TWSE,9929,秋雨,11.25,11.3,11.25,11.3,4513.0
2026-08-24,TWSE,9930,中聯資源,63.5,64.1,63.4,64.1,79183.0
2026-08-24,TWSE,9931,欣高,34.05,34.05,33.75,34.05,14116.0
2026-08-24,TWSE,9933,中鼎,42.5,42.7,41.75,42.15,1480376.0
2026-08-24,TWSE,9934,成霖,11.4,11.55,11.4,11.45,806930.0
2026-08-24,TWSE,9935,慶豐富,20.05,20.25,20.0,20.25,337768.0
2026-08-24,TWSE,9937,全國,55.2,55.2,55.0,55.1,12053.0
2026-08-24,TWSE,9938,百和,42.4,42.85,42.25,42.55,954437.0
2026-08-24,TWSE,9939,宏全,133.0,136.0,133.0,134.0,1624832.0
2026-08-24,TWSE,9940,信義,20.8,21.1,20.65,21.05,436257.0
2026-08-24,TWSE,9941,裕融,85.3,86.2,85.1,85.4,1094535.0
2026-08-24,TWSE,9942,茂順,114.0,115.0,114.0,114.0,81574.0
2026-08-24,TWSE,9943,好樂迪,51.3,51.6,51.2,51.6,48783.0
2026-08-24,TWSE,9944,新麗,17.5,17.55,17.5,17.5,24161.0
2026-08-24,TWSE,9945,潤泰新,29.95,30.05,29.3,29.4,8692959.0
2026-08-24,TWSE,9946,三發地產,19.1,19.2,19.05,19.2,342268.0
2026-08-24,TWSE,9955,佳龍,24.95,25.05,24.7,24.9,237061.0
2026-08-24,TWSE,9958,世紀鋼,101.0,104.0,101.0,102.0,1346793.0
2026-08-24,TPEX,1240,茂生農經,57.1,57.1,57.1,57.1,6161.0
2026-08-24,TPEX,1259,安心,64.8,65.0,63.5,63.7,11225.0
2026-08-24,TPEX,1264,德麥,255.0,255.0,252.5,253.0,45352.0
2026-08-24,TPEX,1268,漢來美食,180.0,182.0,180.0,180.5,15841.0
2026-08-24,TPEX,1294,漢田生技,56.0,56.0,55.1,55.2,38490.0
2026-08-24,TPEX,1295,生合,45.2,45.5,45.2,45.3,30100.0
2026-08-24,TPEX,1336,台翰,17.0,17.05,16.65,16.75,279756.0
2026-08-24,TPEX,1565,精華,95.2,95.2,93.9,94.4,72842.0
2026-08-24,TPEX,1569,濱川,44.85,45.8,44.25,45.5,487359.0
2026-08-24,TPEX,1570,力肯,33.5,34.2,33.4,33.45,26809.0
2026-08-24,TPEX,1580,新麥,107.0,107.5,106.5,107.0,51358.0
2026-08-24,TPEX,1584,精剛,18.2,18.2,17.8,17.8,218914.0
2026-08-24,TPEX,1586,和勤,18.2,18.4,18.2,18.25,522299.0
2026-08-24,TPEX,1591,駿吉-KY,36.75,38.85,36.0,36.3,397460.0
2026-08-24,TPEX,1593,祺驊,31.9,31.9,31.85,31.85,6557.0
2026-08-24,TPEX,1595,川寶,64.1,64.5,62.0,62.0,120870.0
2026-08-24,TPEX,1599,宏佳騰,23.05,23.25,22.9,23.1,12466.0
2026-08-24,TPEX,1742,台蠟,17.5,17.75,17.5,17.75,27513.0
2026-08-24,TPEX,1777,生泰,74.0,74.3,73.6,74.3,38084.0
2026-08-24,TPEX,1780,立弘,25.0,25.1,24.2,25.1,95700.0
2026-08-24,TPEX,1781,合世,10.95,10.95,10.85,10.9,12079.0
2026-08-24,TPEX,1784,訊聯,61.6,61.7,61.1,61.1,37452.0
2026-08-24,TPEX,1785,光洋科,101.5,104.0,101.5,101.5,2685170.0
2026-08-24,TPEX,1788,杏昌,130.0,131.5,130.0,130.5,39996.0
2026-08-24,TPEX,1796,金穎生技,29.75,29.95,29.5,29.5,26004.0
2026-08-24,TPEX,1799,易威,30.15,30.15,29.9,29.9,72905.0
2026-08-24,TPEX,1813,寶利徠,11.5,11.6,11.5,11.5,36321.0
2026-08-24,TPEX,1815,富喬,113.0,115.5,107.0,107.5,67606368.0
2026-08-24,TPEX,2035,唐榮,,,,,5.0
2026-08-24,TPEX,2061,風青,50.2,52.5,50.2,51.0,1156618.0
2026-08-24,TPEX,2063,世鎧,24.35,24.35,24.05,24.1,36100.0
2026-08-24,TPEX,2064,晉椿,12.65,12.75,12.35,12.65,291071.0
2026-08-24,TPEX,2065,世豐,36.5,36.5,36.15,36.2,21551.0
2026-08-24,TPEX,2066,世德,53.0,54.5,53.0,54.3,254020.0
2026-08-24,TPEX,2067,嘉鋼,5.07,5.08,4.95,4.95,55051.0
2026-08-24,TPEX,2070,精湛,70.2,70.2,65.1,65.1,331187.0
2026-08-24,TPEX,2073,雄順,,,,,21.0
2026-08-24,TPEX,2221,大甲,59.4,63.3,58.5,63.3,1186386.0
2026-08-24,TPEX,2230,泰茂,22.3,23.85,22.3,23.0,125381.0
2026-08-24,TPEX,2235,謚源,27.0,27.05,26.9,26.9,5054.0
2026-08-24,TPEX,2596,綠意,34.1,34.45,33.8,34.2,109132.0
2026-08-24,TPEX,2640,大車隊,159.0,159.0,156.0,157.0,29240.0
2026-08-24,TPEX,2641,正德,19.1,19.6,18.75,18.85,12661307.0
2026-08-24,TPEX,2643,捷迅,63.1,63.4,62.2,62.8,11322.0
2026-08-24,TPEX,2718,全心投控,49.75,50.0,48.95,49.9,107785.0
2026-08-24,TPEX,2719,燦星旅,20.9,20.9,20.5,20.7,32060.0
2026-08-24,TPEX,2724,藝舍-KY,10.7,11.0,10.7,11.0,53866.0
2026-08-24,TPEX,2726,雅茗-KY,8.56,8.56,8.26,8.41,27200.0
2026-08-24,TPEX,2729,瓦城,161.0,164.0,161.0,162.5,88958.0
2026-08-24,TPEX,2732,六角,64.2,64.3,64.1,64.3,22035.0
2026-08-24,TPEX,2734,易飛網,15.15,15.25,14.95,14.95,154921.0
2026-08-24,TPEX,2736,富野,12.0,12.3,12.0,12.1,319886.0
2026-08-24,TPEX,2740,華軒,30.6,30.6,30.6,30.6,3507.0
2026-08-24,TPEX,2743,山富,59.1,61.0,59.1,59.6,162172.0
2026-08-24,TPEX,2745,五福,89.8,90.0,88.7,88.7,71507.0
2026-08-24,TPEX,2751,王座,54.5,55.6,54.5,54.5,12181.0
2026-08-24,TPEX,2752,豆府,180.0,180.0,180.0,180.0,2265.0
2026-08-24,TPEX,2754,亞洲藏壽司,69.1,69.9,69.0,69.1,10518.0
2026-08-24,TPEX,2755,揚秦,102.5,102.5,101.5,101.5,31509.0
2026-08-24,TPEX,2756,聯發國際,61.4,62.4,61.4,62.4,8309.0
2026-08-24,TPEX,2916,滿心,40.25,40.3,40.1,40.15,24179.0
2026-08-24,TPEX,2924,宏太-KY,17.15,17.15,15.8,16.6,14000.0
2026-08-24,TPEX,2926,誠品生活,30.1,30.1,29.9,30.1,12001.0
2026-08-24,TPEX,2937,集雅社,48.25,48.25,48.25,48.25,5068.0
2026-08-24,TPEX,2941,米斯特,,,,,1.0
2026-08-24,TPEX,2947,振宇五金,62.7,62.7,61.3,61.4,5166.0
2026-08-24,TPEX,2948,寶陞,,,,,16.0
2026-08-24,TPEX,2949,欣新網,59.3,61.6,59.3,61.6,7205.0
2026-08-24,TPEX,3064,泰偉,,,,,0.0
2026-08-24,TPEX,3066,李洲,24.0,24.4,23.45,23.45,564735.0
2026-08-24,TPEX,3067,全域,16.5,17.4,16.5,17.4,7010.0
2026-08-24,TPEX,3071,協禧,24.3,24.65,24.15,24.5,128885.0
2026-08-24,TPEX,3073,天方能源,22.65,22.95,21.7,21.7,53871.0
2026-08-24,TPEX,3078,僑威,54.7,54.7,53.5,53.6,820133.0
2026-08-24,TPEX,3081,聯亞,2910.0,2910.0,2750.0,2765.0,3313333.0
2026-08-24,TPEX,3083,網龍,23.6,23.6,23.3,23.3,51103.0
2026-08-24,TPEX,3085,新零售,,,,,741.0
2026-08-24,TPEX,3086,華義*,26.5,26.6,26.1,26.1,79678.0
2026-08-24,TPEX,3088,艾訊,124.0,126.5,124.0,125.0,435968.0
2026-08-24,TPEX,3093,港建*,46.15,46.7,45.1,45.2,176307.0
2026-08-24,TPEX,3095,及成,36.55,36.55,36.55,36.55,1051.0
2026-08-24,TPEX,3105,穩懋,370.5,372.5,355.0,355.0,12164169.0
2026-08-24,TPEX,3114,好德,33.0,34.6,33.0,34.25,378379.0
2026-08-24,TPEX,3115,富榮綱,9.06,9.06,9.0,9.0,30012.0
2026-08-24,TPEX,3118,進階,31.75,31.8,31.5,31.5,21255.0
2026-08-24,TPEX,3122,笙泉,25.8,25.8,25.35,25.5,48430.0
2026-08-24,TPEX,3128,昇銳,22.75,23.3,22.35,22.55,171144.0
2026-08-24,TPEX,3131,弘塑,2305.0,2405.0,2285.0,2335.0,222578.0
2026-08-24,TPEX,3141,晶宏,71.0,75.0,71.0,72.3,750564.0
2026-08-24,TPEX,3147,大綜,218.0,223.0,216.5,216.5,267491.0
2026-08-24,TPEX,3152,璟德,256.5,257.0,249.0,252.0,862088.0
2026-08-24,TPEX,3158,嘉實,84.0,84.6,83.8,84.3,9061.0
2026-08-24,TPEX,3162,精確,61.5,62.4,60.8,60.8,230399.0
2026-08-24,TPEX,3163,波若威,783.0,793.0,725.0,727.0,5597034.0
2026-08-24,TPEX,3169,亞信,100.0,101.5,99.3,99.3,64519.0
2026-08-24,TPEX,3171,炎洲流通,63.0,63.2,62.9,63.2,12214.0
2026-08-24,TPEX,3176,基亞,37.0,37.5,36.35,36.9,706882.0
2026-08-24,TPEX,3178,公準,61.5,61.5,59.4,59.5,25940.0
2026-08-24,TPEX,3188,鑫龍騰,24.1,24.25,23.9,24.1,123978.0
2026-08-24,TPEX,3191,雲嘉南,18.1,18.2,17.9,18.1,24122.0
2026-08-24,TPEX,3205,佰研,48.2,48.95,47.7,48.95,12632.0
2026-08-24,TPEX,3206,志豐,34.2,34.65,33.8,34.4,48932.0
2026-08-24,TPEX,3207,耀勝,41.45,41.55,40.1,40.25,93498.0
2026-08-24,TPEX,3211,順達,349.5,350.0,326.0,326.0,8625488.0
2026-08-24,TPEX,3213,茂訊,128.5,128.5,126.5,127.5,143277.0
2026-08-24,TPEX,3217,優群,138.0,139.0,136.5,137.0,322811.0
2026-08-24,TPEX,3218,大學光,137.0,137.5,135.5,135.5,88306.0
2026-08-24,TPEX,3219,倚強科,71.7,78.5,71.6,76.8,681738.0
2026-08-24,TPEX,3221,台嘉碩,48.6,49.0,47.6,47.6,1457275.0
2026-08-24,TPEX,3224,三顧,34.15,34.65,34.1,34.4,12006.0
2026-08-24,TPEX,3226,龍鋒,51.9,52.7,51.8,52.7,21000.0
2026-08-24,TPEX,3227,原相,195.5,197.0,193.0,193.0,724120.0
2026-08-24,TPEX,3228,金麗科,144.0,144.0,139.5,139.5,84324.0
2026-08-24,TPEX,3230,錦明,43.35,43.8,41.9,42.0,640510.0
2026-08-24,TPEX,3232,昱捷,19.85,19.9,19.8,19.8,8002.0
2026-08-24,TPEX,3234,光環,150.5,166.0,148.0,166.0,7649771.0
2026-08-24,TPEX,3236,千如,43.7,45.0,43.35,43.35,932899.0
2026-08-24,TPEX,3252,海灣,16.05,16.55,16.0,16.0,38000.0
2026-08-24,TPEX,3259,鑫創,9.75,10.75,9.75,10.75,135481.0
2026-08-24,TPEX,3260,威剛,425.5,459.5,421.5,438.5,32345699.0
2026-08-24,TPEX,3264,欣銓,205.0,209.0,204.0,205.5,2463140.0
2026-08-24,TPEX,3265,台星科,168.0,171.0,166.0,166.0,927366.0
2026-08-24,TPEX,3268,海德威,17.85,17.85,17.55,17.6,14063.0
2026-08-24,TPEX,3272,東碩,13.85,13.9,13.8,13.9,20102.0
2026-08-24,TPEX,3276,宇環,14.25,14.4,14.2,14.25,123174.0
2026-08-24,TPEX,3284,太普高,20.9,20.9,20.6,20.65,111395.0
2026-08-24,TPEX,3285,微端,36.8,37.3,36.8,37.1,10672.0
2026-08-24,TPEX,3287,廣寰科,38.55,39.15,38.2,38.45,551031.0
2026-08-24,TPEX,3288,點晶,21.6,22.9,21.3,21.6,42067.0
2026-08-24,TPEX,3289,宜特,135.5,137.0,133.5,133.5,293448.0
2026-08-24,TPEX,3290,東浦,51.0,51.0,48.55,49.6,782208.0
2026-08-24,TPEX,3293,鈊象,728.0,728.0,715.0,721.0,2854769.0
2026-08-24,TPEX,3294,英濟,30.5,30.6,30.15,30.15,159118.0
2026-08-24,TPEX,3297,杭特,27.05,27.55,27.05,27.4,14926.0
2026-08-24,TPEX,3303,岱稜,54.0,54.0,52.5,52.5,256511.0
2026-08-24,TPEX,3306,鼎天,45.05,45.05,44.55,44.55,32602.0
2026-08-24,TPEX,3310,佳穎,68.0,69.0,67.4,67.9,11309.0
2026-08-24,TPEX,3313,斐成,10.4,10.85,10.4,10.6,252535.0
2026-08-24,TPEX,3317,尼克森,66.2,66.9,65.0,65.0,397362.0
2026-08-24,TPEX,3322,建舜電,11.2,11.2,11.0,11.1,167298.0
2026-08-24,TPEX,3323,加百裕,29.55,30.25,29.55,29.75,154218.0
2026-08-24,TPEX,3324,雙鴻,973.0,1050.0,970.0,1015.0,2610664.0
2026-08-24,TPEX,3325,旭品,11.15,11.35,11.15,11.2,44518.0
2026-08-24,TPEX,3332,幸康,,,,,31.0
2026-08-24,TPEX,3339,泰谷,38.15,40.0,38.1,38.4,741346.0
2026-08-24,TPEX,3349,寶德,24.2,24.55,22.95,24.1,210587.0
2026-08-24,TPEX,3354,律勝,20.25,20.8,20.25,20.45,33190.0
2026-08-24,TPEX,3357,臺慶科,209.5,216.0,209.5,210.0,646625.0
2026-08-24,TPEX,3360,尚立,15.65,15.9,15.35,15.35,352640.0
2026-08-24,TPEX,3362,先進光,190.0,202.5,188.0,188.5,12412202.0
2026-08-24,TPEX,3363,上詮,601.0,603.0,565.0,567.0,2053523.0
2026-08-24,TPEX,3372,典範,15.1,15.35,14.95,14.95,278629.0
2026-08-24,TPEX,3373,熱映,16.75,16.8,16.6,16.6,46555.0
2026-08-24,TPEX,3374,精材,302.0,312.5,299.0,302.5,6455361.0
2026-08-24,TPEX,3379,彬台,29.0,29.9,29.0,29.2,86834.0
2026-08-24,TPEX,3388,崇越電,91.3,92.6,90.3,90.5,1934741.0
2026-08-24,TPEX,3390,旭軟,21.7,21.8,21.5,21.6,125321.0
2026-08-24,TPEX,3402,漢科,120.0,121.0,120.0,120.0,88529.0
2026-08-24,TPEX,3430,奇鈦科,116.0,117.5,113.5,114.0,246014.0
2026-08-24,TPEX,3434,哲固,29.9,30.0,29.55,29.7,43408.0
2026-08-24,TPEX,3438,類比科,56.8,56.8,56.1,56.4,18088.0
2026-08-24,TPEX,3441,聯一光,113.5,117.0,109.0,112.5,28153423.0
2026-08-24,TPEX,3444,利機,80.2,87.7,80.0,87.7,1058057.0
2026-08-24,TPEX,3455,由田,235.5,241.0,231.5,232.5,1040935.0
2026-08-24,TPEX,3465,進泰電子,29.4,29.85,29.35,29.45,30000.0
2026-08-24,TPEX,3466,德晉,24.2,24.55,24.15,24.5,99594.0
2026-08-24,TPEX,3467,台灣精材,45.85,46.15,45.8,46.15,12069.0
2026-08-24,TPEX,3479,安勤,127.5,130.0,127.5,128.0,347761.0
2026-08-24,TPEX,3483,力致,71.8,72.4,71.1,71.1,165996.0
2026-08-24,TPEX,3484,崧騰,49.9,50.2,49.6,49.9,126751.0
2026-08-24,TPEX,3485,敘豐,235.0,235.0,223.0,230.0,189768.0
2026-08-24,TPEX,3489,森寶,22.3,23.6,22.1,23.4,333637.0
2026-08-24,TPEX,3490,單井,57.4,57.8,49.55,49.7,5437067.0
2026-08-24,TPEX,3491,昇達科,1300.0,1355.0,1280.0,1290.0,1395194.0
2026-08-24,TPEX,3492,長盛,20.25,20.35,20.0,20.15,93230.0
2026-08-24,TPEX,3498,陽程,191.0,200.5,180.0,185.0,1011420.0
2026-08-24,TPEX,3499,環天科,12.45,12.6,12.4,12.55,17596.0
2026-08-24,TPEX,3508,位速,25.0,25.0,22.55,22.6,589851.0
2026-08-24,TPEX,3511,矽瑪,19.5,19.7,19.45,19.55,116283.0
2026-08-24,TPEX,3512,皇龍,19.55,19.55,19.45,19.55,18957.0
2026-08-24,TPEX,3516,亞帝歐,25.85,25.85,25.2,25.5,14965.0
2026-08-24,TPEX,3520,華盈,18.7,18.8,17.8,17.85,316194.0
2026-08-24,TPEX,3521,台鋼建設,12.05,12.15,12.05,12.1,13112.0
2026-08-24,TPEX,3522,御嵿,11.85,11.9,11.5,11.7,47106.0
2026-08-24,TPEX,3523,迎輝,15.8,15.8,15.1,15.1,24633.0
2026-08-24,TPEX,3526,凡甲,282.0,283.0,279.0,279.0,204404.0
2026-08-24,TPEX,3527,聚積,51.0,51.3,50.4,50.4,73743.0
2026-08-24,TPEX,3529,力旺,2155.0,2215.0,2140.0,2200.0,522530.0
2026-08-24,TPEX,3531,先益,21.75,21.95,21.7,21.9,13005.0
2026-08-24,TPEX,3537,堡達,55.4,55.8,54.3,55.2,300286.0
2026-08-24,TPEX,3540,曜越,24.5,24.95,23.6,24.95,3147789.0
2026-08-24,TPEX,3541,西柏,21.65,22.0,21.65,21.85,12607.0
2026-08-24,TPEX,3546,宇峻,71.9,72.0,71.6,71.8,89234.0
2026-08-24,TPEX,3548,兆利,75.1,77.0,75.1,75.8,115858.0
2026-08-24,TPEX,3551,世禾,173.0,176.0,173.0,173.0,128078.0
2026-08-24,TPEX,3552,同致,46.5,46.5,45.3,45.3,35529.0
2026-08-24,TPEX,3555,博士旺,163.0,168.0,161.0,161.0,23515.0
2026-08-24,TPEX,3556,禾瑞亞,63.5,64.9,62.5,63.1,655402.0
2026-08-24,TPEX,3558,神準,128.5,129.5,127.0,127.0,71258.0
2026-08-24,TPEX,3564,其陽,45.3,45.6,44.8,45.2,87447.0
2026-08-24,TPEX,3567,逸昌,24.8,25.1,24.8,25.05,21207.0
2026-08-24,TPEX,3570,大塚,162.5,162.5,162.0,162.5,12258.0
2026-08-24,TPEX,3577,泓格,114.0,116.0,112.0,114.0,213902.0
2026-08-24,TPEX,3580,友威科,77.1,79.4,76.7,76.7,153054.0
2026-08-24,TPEX,3581,博磊,102.5,106.0,100.5,100.5,242019.0
2026-08-24,TPEX,3587,閎康,247.5,252.0,246.5,247.0,321862.0
2026-08-24,TPEX,3594,磐儀,50.7,52.0,50.7,51.1,687425.0
2026-08-24,TPEX,3597,映興,26.5,26.75,26.05,26.55,26075.0
2026-08-24,TPEX,3609,三一東林,21.9,21.9,21.0,21.0,81187.0
2026-08-24,TPEX,3611,鼎翰,187.5,187.5,185.5,186.0,45058.0
2026-08-24,TPEX,3615,安可,36.6,37.35,36.0,36.0,288670.0
2026-08-24,TPEX,3623,富晶通,22.0,22.0,21.5,21.8,12081.0
2026-08-24,TPEX,3624,光頡,86.9,89.1,86.0,86.1,3151544.0
2026-08-24,TPEX,3625,西勝,11.3,11.5,11.15,11.35,525088.0
2026-08-24,TPEX,3628,盈正,66.1,67.1,65.2,66.4,80833.0
2026-08-24,TPEX,3629,地心引力,14.5,14.5,13.55,13.55,2000.0
2026-08-24,TPEX,3630,新鉅科,25.4,26.2,25.35,25.35,382965.0
2026-08-24,TPEX,3631,晟楠,39.75,40.5,38.8,38.8,133073.0
2026-08-24,TPEX,3632,研勤,7.2,7.2,7.2,7.2,5267.0
2026-08-24,TPEX,3646,艾恩特,23.2,23.6,22.9,23.5,24084.0
2026-08-24,TPEX,3663,鑫科,61.9,62.3,61.0,61.0,176137.0
2026-08-24,TPEX,3664,安瑞-KY,5.42,5.42,5.36,5.36,16200.0
2026-08-24,TPEX,3666,光耀,24.9,25.15,24.85,25.15,23014.0
2026-08-24,TPEX,3672,康聯訊,12.5,12.5,12.1,12.1,10260.0
2026-08-24,TPEX,3675,德微,265.0,272.5,262.0,265.0,457567.0
2026-08-24,TPEX,3680,家登,472.0,488.0,464.0,464.0,1030597.0
2026-08-24,TPEX,3684,榮昌,53.6,53.9,53.5,53.8,63454.0
2026-08-24,TPEX,3685,元創精密,36.7,37.25,35.6,36.0,280561.0
2026-08-24,TPEX,3687,歐買尬,63.2,63.2,62.2,62.2,64633.0
2026-08-24,TPEX,3689,湧德,106.5,108.0,106.5,107.5,391826.0
2026-08-24,TPEX,3691,碩禾,100.5,101.0,98.2,98.3,320497.0
2026-08-24,TPEX,3693,營邦,515.0,547.0,514.0,533.0,930872.0
2026-08-24,TPEX,3707,漢磊,62.3,64.9,62.0,62.0,5581810.0
2026-08-24,TPEX,3709,鑫聯大投控,68.2,68.8,67.8,68.2,333336.0
2026-08-24,TPEX,3710,連展投控,5.38,5.38,5.15,5.25,324348.0
2026-08-24,TPEX,3713,新晶投控,14.65,14.8,14.65,14.8,4229.0
2026-08-24,TPEX,4102,永日,19.15,19.15,18.6,19.15,45985.0
2026-08-24,TPEX,4105,東洋,78.4,79.0,77.8,77.9,447515.0
2026-08-24,TPEX,4107,邦特,114.0,114.0,112.5,114.0,64531.0
2026-08-24,TPEX,4109,加捷生醫,11.35,11.45,11.2,11.3,106042.0
2026-08-24,TPEX,4111,濟生,30.2,30.3,29.9,30.1,292251.0
2026-08-24,TPEX,4113,聯上,15.0,15.0,14.8,14.85,77431.0
2026-08-24,TPEX,4114,健喬,30.55,30.65,30.25,30.25,784482.0
2026-08-24,TPEX,4116,明基醫,39.3,39.3,39.15,39.15,39161.0
2026-08-24,TPEX,4120,友華,47.0,47.7,46.65,47.5,42277.0
2026-08-24,TPEX,4121,優盛,13.05,13.2,13.0,13.1,8036.0
2026-08-24,TPEX,4123,晟德,32.8,32.95,32.35,32.35,1692910.0
2026-08-24,TPEX,4126,太醫,77.8,77.8,77.6,77.6,13559.0
2026-08-24,TPEX,4127,天良,91.3,91.6,85.3,85.3,379256.0
2026-08-24,TPEX,4128,中天,15.7,15.75,15.1,15.15,1569251.0
2026-08-24,TPEX,4129,聯合,88.1,88.5,87.0,87.3,73538.0
2026-08-24,TPEX,4131,浩泰,32.4,32.4,31.5,31.5,4092.0
2026-08-24,TPEX,4138,曜亞,51.1,51.4,50.9,51.2,60411.0
2026-08-24,TPEX,4139,馬光-KY,35.05,37.95,35.0,36.0,62282.0
2026-08-24,TPEX,4147,中裕,63.9,64.1,62.8,63.7,844805.0
2026-08-24,TPEX,4153,鈺緯,32.65,33.45,32.65,33.45,11065.0
2026-08-24,TPEX,4154,樂威科-KY,12.2,12.2,12.2,12.2,1000.0
2026-08-24,TPEX,4157,太景*-KY,9.22,9.34,9.0,9.0,1292358.0
2026-08-24,TPEX,4160,訊聯基因,39.5,39.85,39.2,39.7,29221.0
2026-08-24,TPEX,4161,聿新科,23.3,23.3,23.0,23.0,8280.0
2026-08-24,TPEX,4162,智擎,60.0,60.2,59.1,59.2,180308.0
2026-08-24,TPEX,4163,鐿鈦,142.0,142.5,136.0,139.5,118685.0
2026-08-24,TPEX,4166,友霖,23.9,24.05,23.5,24.05,72000.0
2026-08-24,TPEX,4167,松瑞藥,20.85,21.1,20.35,20.4,1198374.0
2026-08-24,TPEX,4168,醣聯,22.65,22.65,22.35,22.6,60600.0
2026-08-24,TPEX,4171,瑞基,17.25,17.25,17.05,17.1,29541.0
2026-08-24,TPEX,4173,久裕,17.6,17.6,17.2,17.5,82290.0
2026-08-24,TPEX,4174,浩鼎,26.8,27.0,26.25,26.3,199201.0
2026-08-24,TPEX,4175,杏一,51.4,51.8,51.2,51.2,8094.0
2026-08-24,TPEX,4183,福永生技,13.55,14.2,13.55,14.2,2005.0
2026-08-24,TPEX,4188,安克,12.1,12.1,11.75,12.1,606466.0
2026-08-24,TPEX,4192,杏國,20.0,20.0,19.5,20.0,12035.0
2026-08-24,TPEX,4198,欣大健康,41.7,41.7,40.0,41.2,8199.0
2026-08-24,TPEX,4205,中華食,69.3,69.3,68.8,69.3,54672.0
2026-08-24,TPEX,4207,環泰,20.75,20.9,20.7,20.9,49910.0
2026-08-24,TPEX,4303,信立,53.5,54.5,52.3,53.2,2959346.0
2026-08-24,TPEX,4304,勝昱,28.25,28.25,25.7,26.65,329430.0
2026-08-24,TPEX,4305,世坤,,,,,0.0
2026-08-24,TPEX,4401,東隆興,14.1,14.3,14.0,14.1,32103.0
2026-08-24,TPEX,4402,郡都開發,15.3,15.3,14.5,15.0,7545.0
2026-08-24,TPEX,4406,新昕纖,10.05,10.1,10.05,10.05,10031.0
2026-08-24,TPEX,4413,飛寶企業,19.2,19.45,19.0,19.45,39000.0
2026-08-24,TPEX,4416,三圓,14.7,15.1,14.7,15.1,1437594.0
2026-08-24,TPEX,4417,金洲,46.85,47.2,46.85,47.1,40432.0
2026-08-24,TPEX,4419,皇家美食,46.2,46.5,46.2,46.2,8024.0
2026-08-24,TPEX,4420,光明,36.6,36.9,36.6,36.8,14895.0
2026-08-24,TPEX,4430,耀億,17.75,18.2,17.7,17.9,46756.0
2026-08-24,TPEX,4432,銘旺實,15.85,15.95,15.7,15.7,18100.0
2026-08-24,TPEX,4433,興采,19.2,19.2,19.0,19.0,26625.0
2026-08-24,TPEX,4442,竣邦-KY,51.0,51.3,50.6,51.1,43543.0
2026-08-24,TPEX,4502,健信,15.65,15.65,15.65,15.65,2010.0
2026-08-24,TPEX,4503,金雨,24.2,24.4,24.0,24.2,147149.0
2026-08-24,TPEX,4506,崇友,122.5,123.0,122.0,122.0,51807.0
2026-08-24,TPEX,4510,高鋒,43.5,44.3,43.25,43.4,431381.0
2026-08-24,TPEX,4513,福裕,16.65,16.75,16.5,16.65,130611.0
2026-08-24,TPEX,4523,永彰,24.3,24.3,23.95,23.95,25237.0
2026-08-24,TPEX,4527,方土霖,40.7,41.05,40.55,41.05,11040.0
2026-08-24,TPEX,4528,江興鍛,15.05,15.05,14.95,14.95,22719.0
2026-08-24,TPEX,4529,淳紳,3.21,3.21,3.2,3.21,23011.0
2026-08-24,TPEX,4530,天意能創,27.9,27.9,27.05,27.7,14008.0
2026-08-24,TPEX,4533,協易機,25.55,25.95,25.5,25.9,486728.0
2026-08-24,TPEX,4534,慶騰,29.8,30.0,29.25,29.45,495528.0
2026-08-24,TPEX,4535,至興,29.05,29.05,28.5,28.75,13000.0
2026-08-24,TPEX,4538,大詠城,17.6,17.6,17.4,17.4,8052.0
2026-08-24,TPEX,4541,晟田,68.5,69.7,67.0,67.1,1664861.0
2026-08-24,TPEX,4542,科嶠,251.5,265.0,248.5,250.0,386345.0
2026-08-24,TPEX,4543,萬在,33.0,33.3,32.65,32.75,79437.0
2026-08-24,TPEX,4549,桓達,101.0,101.0,99.5,100.5,62167.0
2026-08-24,TPEX,4550,長佳,24.35,24.45,24.15,24.45,14545.0
2026-08-24,TPEX,4554,橙的,32.85,33.3,32.5,32.75,208559.0
2026-08-24,TPEX,4556,旭然,74.2,76.1,74.2,74.3,120888.0
2026-08-24,TPEX,4558,寶緯,17.05,18.6,17.0,17.75,122086.0
2026-08-24,TPEX,4561,健椿,44.9,45.6,44.3,44.3,251957.0
2026-08-24,TPEX,4563,百德,39.55,40.2,39.5,39.9,33594.0
2026-08-24,TPEX,4568,科際精密,39.55,39.95,39.4,39.6,14550.0
2026-08-24,TPEX,4577,達航科技,76.9,78.1,73.8,73.8,192891.0
2026-08-24,TPEX,4580,捷流閥業,78.6,79.0,78.3,79.0,37091.0
2026-08-24,TPEX,4584,君帆,39.75,39.75,39.75,39.75,1386.0
2026-08-24,TPEX,4609,唐鋒,,,,,2.0
2026-08-24,TPEX,4702,中美實,9.77,9.77,9.53,9.63,116684.0
2026-08-24,TPEX,4706,大恭,34.85,34.95,33.5,33.5,26284.0
2026-08-24,TPEX,4707,磐亞,35.0,36.15,34.3,35.8,13296009.0
2026-08-24,TPEX,4711,永純,16.6,16.75,16.6,16.75,12449.0
2026-08-24,TPEX,4714,永捷,10.9,11.1,10.75,10.75,833522.0
2026-08-24,TPEX,4716,大立,16.9,17.25,16.75,17.1,480780.0
2026-08-24,TPEX,4721,美琪瑪,73.2,74.6,72.9,72.9,292295.0
2026-08-24,TPEX,4726,永昕,24.8,24.8,24.15,24.55,71784.0
2026-08-24,TPEX,4728,雙美,409.5,416.0,395.5,401.0,35598.0
2026-08-24,TPEX,4729,熒茂,19.0,19.0,18.7,18.7,149028.0
2026-08-24,TPEX,4735,豪展,39.4,39.75,37.05,37.75,274847.0
2026-08-24,TPEX,4741,泓瀚,41.05,41.7,41.05,41.65,48799.0
2026-08-24,TPEX,4743,合一,49.3,50.2,47.55,47.6,3002685.0
2026-08-24,TPEX,4744,皇將,28.05,28.3,27.95,27.95,17586.0
2026-08-24,TPEX,4745,合富-KY,12.0,12.0,11.85,11.95,14185.0
2026-08-24,TPEX,4749,新應材,761.0,767.0,746.0,746.0,312214.0
2026-08-24,TPEX,4754,國碳科,38.3,38.55,38.3,38.4,20372.0
2026-08-24,TPEX,4760,勤凱,261.5,267.5,256.0,256.0,265515.0
2026-08-24,TPEX,4767,誠泰科技,27.2,27.45,27.05,27.4,19505.0
2026-08-24,TPEX,4768,晶呈科技,339.0,339.0,315.0,315.0,461363.0
2026-08-24,TPEX,4772,台特化,257.0,269.5,255.0,264.5,939459.0
2026-08-24,TPEX,4806,桂田文創,8.8,9.22,8.8,9.22,11087.0
2026-08-24,TPEX,4903,聯光通,35.1,36.75,34.8,35.95,625240.0
2026-08-24,TPEX,4905,台聯電,89.1,91.0,89.1,90.5,44806.0
2026-08-24,TPEX,4907,富宇,47.8,49.0,47.5,48.7,188725.0
2026-08-24,TPEX,4908,前鼎,154.0,156.0,147.0,147.5,848173.0
2026-08-24,TPEX,4909,新復興,37.8,38.65,37.7,37.7,133009.0
2026-08-24,TPEX,4911,德英,28.85,29.15,28.85,29.05,12895.0
2026-08-24,TPEX,4923,力士,51.0,52.2,51.0,51.3,112941.0
2026-08-24,TPEX,4924,欣厚-KY,9.58,9.74,9.58,9.74,5000.0
2026-08-24,TPEX,4931,新盛力,266.0,272.0,252.0,252.0,8262328.0
2026-08-24,TPEX,4933,友輝,53.5,54.3,53.5,54.0,44738.0
2026-08-24,TPEX,4939,亞電,67.0,69.7,65.2,65.2,24648347.0
2026-08-24,TPEX,4946,辣椒,94.0,94.9,92.5,92.8,29793.0
2026-08-24,TPEX,4950,金耘國際,16.0,16.0,15.85,15.85,11335.0
2026-08-24,TPEX,4951,精拓科,76.6,77.7,76.5,76.8,100351.0
2026-08-24,TPEX,4953,緯致,122.5,123.5,122.0,122.5,99811.0
2026-08-24,TPEX,4966,譜瑞-KY,567.0,573.0,557.0,557.0,611483.0
2026-08-24,TPEX,4971,IET-KY,575.0,581.0,530.0,530.0,3495739.0
2026-08-24,TPEX,4972,湯石照明,16.55,16.65,16.4,16.65,18063.0
2026-08-24,TPEX,4973,廣穎,159.0,164.5,157.5,157.5,2503756.0
2026-08-24,TPEX,4974,亞泰,69.7,70.0,68.7,68.8,101044.0
2026-08-24,TPEX,4979,華星光,581.0,605.0,547.0,547.0,13487748.0
2026-08-24,TPEX,4991,環宇-KY,481.0,483.0,435.0,435.0,4595745.0
2026-08-24,TPEX,4995,晶達,48.85,48.95,48.85,48.95,3021.0
2026-08-24,TPEX,5009,榮剛,35.2,35.5,34.05,34.15,2208428.0
2026-08-24,TPEX,5011,久陽,17.7,17.75,17.55,17.7,63109.0
2026-08-24,TPEX,5013,強新,27.7,28.25,27.7,28.25,18624.0
2026-08-24,TPEX,5014,建錩,10.35,10.35,10.1,10.1,138340.0
2026-08-24,TPEX,5015,華祺,21.7,21.7,21.6,21.6,6628.0
2026-08-24,TPEX,5016,松和,24.65,24.65,24.65,24.65,3000.0
2026-08-24,TPEX,5201,凱衛,26.75,26.75,26.1,26.4,17118.0
2026-08-24,TPEX,5202,力新,12.15,12.3,12.0,12.0,138837.0
2026-08-24,TPEX,5205,中茂,20.55,20.55,20.55,20.55,1376.0
2026-08-24,TPEX,5206,坤悅,22.5,23.05,22.5,22.9,272267.0
2026-08-24,TPEX,5209,新鼎,162.0,162.0,159.5,160.0,91272.0
2026-08-24,TPEX,5210,寶碩,28.55,28.95,28.55,28.6,56414.0
2026-08-24,TPEX,5211,蒙恬,19.35,19.45,19.15,19.2,21409.0
2026-08-24,TPEX,5212,凌網,47.0,47.2,46.8,47.2,10491.0
2026-08-24,TPEX,5213,亞昕,21.6,21.65,21.35,21.65,196154.0
2026-08-24,TPEX,5220,萬達光電,19.95,19.95,19.75,19.8,18041.0
2026-08-24,TPEX,5223,安力-KY,23.5,23.6,23.25,23.25,13001.0
2026-08-24,TPEX,5227,立凱-KY,31.2,31.8,30.5,31.05,210984.0
2026-08-24,TPEX,5228,鈺鎧,41.25,42.0,40.65,40.85,109280.0
2026-08-24,TPEX,5230,雷笛克光學,17.65,17.65,17.5,17.5,49552.0
2026-08-24,TPEX,5245,智晶,23.5,23.7,23.25,23.25,20202.0
2026-08-24,TPEX,5251,天鉞電,25.05,25.05,24.9,25.05,30153.0
2026-08-24,TPEX,5263,智崴,89.3,90.0,88.1,88.1,224722.0
2026-08-24,TPEX,5272,笙科,17.0,17.1,16.8,16.85,53990.0
2026-08-24,TPEX,5274,信驊,15350.0,15500.0,14600.0,15115.0,306626.0
2026-08-24,TPEX,5276,達輝-KY,19.5,20.4,18.45,19.5,68043.0
2026-08-24,TPEX,5278,尚凡*,24.6,24.6,24.3,24.35,41170.0
2026-08-24,TPEX,5287,數字,155.5,156.0,154.5,155.0,74587.0
2026-08-24,TPEX,5289,宜鼎,1580.0,1660.0,1570.0,1570.0,3496895.0
2026-08-24,TPEX,5291,邑昇,57.2,57.2,55.5,56.1,446873.0
2026-08-24,TPEX,5299,杰力,99.3,100.5,98.5,98.5,139708.0
2026-08-24,TPEX,5301,寶得利,5.2,5.21,5.2,5.21,12464.0
2026-08-24,TPEX,5302,太欣,10.4,10.5,10.25,10.45,209265.0
2026-08-24,TPEX,5309,系統電,53.0,53.2,52.3,52.3,567689.0
2026-08-24,TPEX,5310,天剛,24.8,25.7,24.8,24.95,15001.0
2026-08-24,TPEX,5312,寶島科,92.7,92.7,91.7,92.5,45313.0
2026-08-24,TPEX,5314,世紀*,28.6,28.6,28.6,28.6,1346180.0
2026-08-24,TPEX,5315,光聯,19.35,19.35,19.1,19.15,59092.0
2026-08-24,TPEX,5321,美而快,71.2,78.5,71.2,78.5,781027.0
2026-08-24,TPEX,5324,士開,12.2,12.3,12.15,12.3,259429.0
2026-08-24,TPEX,5328,華容,61.3,63.1,61.3,61.9,5162252.0
2026-08-24,TPEX,5340,建榮,77.5,78.7,76.0,76.0,1588423.0
2026-08-24,TPEX,5344,立衛,13.4,13.7,13.4,13.4,37201.0
2026-08-24,TPEX,5345,馥鴻,21.55,21.85,21.55,21.85,8021.0
2026-08-24,TPEX,5347,世界,150.5,157.0,150.5,151.0,12073216.0
2026-08-24,TPEX,5348,正能量智能,16.9,16.9,16.9,16.9,1193.0
2026-08-24,TPEX,5351,鈺創,121.0,128.0,117.0,118.0,20033451.0
2026-08-24,TPEX,5353,台林,27.5,28.1,27.5,28.0,26200.0
2026-08-24,TPEX,5355,佳總,5.91,5.91,5.53,5.79,34015.0
2026-08-24,TPEX,5356,協益,25.9,25.9,25.7,25.7,38797.0
2026-08-24,TPEX,5364,力麗店,8.63,8.63,8.5,8.5,35142.0
2026-08-24,TPEX,5381,光譜,24.9,24.95,24.5,24.7,338437.0
2026-08-24,TPEX,5386,青雲,239.0,246.0,238.0,242.0,922776.0
2026-08-24,TPEX,5392,能率,46.05,46.45,45.4,45.9,947553.0
2026-08-24,TPEX,5398,慕康生醫,14.2,14.55,14.2,14.35,12503.0
2026-08-24,TPEX,5403,中菲,92.5,92.6,90.8,92.6,29168.0
2026-08-24,TPEX,5410,國眾,36.5,36.8,36.4,36.7,257034.0
2026-08-24,TPEX,5425,台半,87.8,89.3,86.1,86.1,11248979.0
2026-08-24,TPEX,5426,振發,27.35,29.65,27.25,28.0,1607593.0
2026-08-24,TPEX,5432,新門,158.5,162.0,147.0,147.0,373643.0
2026-08-24,TPEX,5438,東友,17.0,17.0,16.65,16.65,28416.0
2026-08-24,TPEX,5439,高技,240.0,247.5,238.0,239.5,1340182.0
2026-08-24,TPEX,5443,均豪,104.0,106.0,101.5,101.5,713436.0
2026-08-24,TPEX,5450,南良,15.3,15.4,15.0,15.0,106201.0
2026-08-24,TPEX,5452,佶優,27.6,27.65,27.2,27.35,273930.0
2026-08-24,TPEX,5455,昇益,,,,,0.0
2026-08-24,TPEX,5457,宣德,27.25,27.3,26.9,26.9,279470.0
2026-08-24,TPEX,5460,同協,15.9,16.35,15.9,16.1,36009.0
2026-08-24,TPEX,5464,霖宏,68.0,69.9,66.3,68.6,547686.0
2026-08-24,TPEX,5465,富驊,24.1,24.25,24.1,24.2,19000.0
2026-08-24,TPEX,5468,凱鈺,28.2,28.2,26.2,26.3,262130.0
2026-08-24,TPEX,5474,聰泰,156.5,156.5,153.0,153.5,141656.0
2026-08-24,TPEX,5475,德宏,172.0,173.0,158.0,159.5,2247450.0
2026-08-24,TPEX,5478,智冠,99.4,99.5,98.7,98.7,52736.0
2026-08-24,TPEX,5481,新華,20.8,21.5,20.5,21.0,285792.0
2026-08-24,TPEX,5483,中美晶,178.5,188.5,178.5,181.5,33175644.0
2026-08-24,TPEX,5487,通泰,29.6,30.8,29.4,29.7,71083.0
2026-08-24,TPEX,5488,松普,12.2,12.45,12.15,12.2,212993.0
2026-08-24,TPEX,5489,彩富,41.6,41.8,40.8,41.0,96304.0
2026-08-24,TPEX,5490,同亨,29.4,29.65,29.0,29.05,438085.0
2026-08-24,TPEX,5493,三聯,79.8,79.9,77.6,77.7,35942.0
2026-08-24,TPEX,5498,凱崴,50.5,52.5,50.1,51.1,1897099.0
2026-08-24,TPEX,5508,永信建,53.8,54.3,53.1,53.3,144894.0
2026-08-24,TPEX,5511,德昌,73.2,73.4,72.4,72.7,120894.0
2026-08-24,TPEX,5512,力麒,7.82,7.85,7.77,7.77,474804.0
2026-08-24,TPEX,5514,三豐,14.55,14.6,14.3,14.55,16922.0
2026-08-24,TPEX,5516,雙喜,11.95,12.25,11.95,12.0,16570.0
2026-08-24,TPEX,5520,力泰,83.4,83.4,83.4,83.4,1030.0
2026-08-24,TPEX,5523,豐謙,30.35,30.35,30.35,30.35,2000.0
2026-08-24,TPEX,5529,鉅陞,21.6,21.6,21.3,21.4,74164.0
2026-08-24,TPEX,5530,龍巖,50.7,51.3,49.9,50.4,423928.0
2026-08-24,TPEX,5536,聖暉*,881.0,892.0,860.0,860.0,600752.0
2026-08-24,TPEX,5543,桓鼎-KY,24.1,24.1,24.0,24.0,4050.0
2026-08-24,TPEX,5547,久舜,19.85,19.85,19.75,19.75,10120.0
2026-08-24,TPEX,5548,安倉,20.5,20.75,20.5,20.5,13120.0
2026-08-24,TPEX,5601,台聯櫃,29.6,29.9,29.6,29.9,11001.0
2026-08-24,TPEX,5603,陸海,15.8,15.8,15.2,15.2,412466.0
2026-08-24,TPEX,5604,中連,30.8,30.8,30.65,30.65,4570.0
2026-08-24,TPEX,5609,中菲行,79.8,80.7,79.5,79.5,356576.0
2026-08-24,TPEX,5701,劍湖山,4.03,4.11,3.93,4.11,134565.0
2026-08-24,TPEX,5703,亞都,15.15,15.5,14.8,15.5,9005.0
2026-08-24,TPEX,5704,老爺知,23.5,23.6,23.25,23.5,110344.0
2026-08-24,TPEX,5864,致和證,34.5,34.5,33.3,34.0,2697636.0
2026-08-24,TPEX,5878,台名,38.9,38.9,38.55,38.55,5000.0
2026-08-24,TPEX,5902,德記,35.05,35.05,34.8,34.8,12027.0
2026-08-24,TPEX,5903,全家,186.0,186.5,185.5,185.5,16830.0
2026-08-24,TPEX,5904,寶雅*,74.1,76.5,73.9,75.9,7159844.0
2026-08-24,TPEX,5905,南仁湖,8.01,8.02,7.91,7.92,266300.0
2026-08-24,TPEX,6015,宏遠證,15.9,16.1,15.75,15.8,790520.0
2026-08-24,TPEX,6016,康和證,19.8,19.8,19.2,19.35,1323515.0
2026-08-24,TPEX,6020,大展證,20.6,20.6,20.55,20.55,12051.0
2026-08-24,TPEX,6021,美好證,38.8,39.55,38.8,38.85,206162.0
2026-08-24,TPEX,6023,元大期,83.0,83.4,82.1,82.6,393144.0
2026-08-24,TPEX,6026,福邦證,14.8,14.9,14.6,14.7,525580.0
2026-08-24,TPEX,6028,公勝保經,96.0,97.7,90.9,93.1,147896.0
2026-08-24,TPEX,6101,寬魚國際,38.5,38.5,37.5,38.45,184056.0
2026-08-24,TPEX,6103,合邦,29.3,32.2,29.3,32.2,14621.0
2026-08-24,TPEX,6104,創惟,95.5,98.3,95.5,96.5,728493.0
2026-08-24,TPEX,6109,亞元,10.75,10.9,10.7,10.75,67142.0
2026-08-24,TPEX,6111,光聚晶電,36.15,36.5,36.05,36.2,109708.0
2026-08-24,TPEX,6113,亞矽,23.1,23.45,23.0,23.4,88747.0
2026-08-24,TPEX,6114,久威,24.95,25.4,24.95,25.1,14055.0
2026-08-24,TPEX,6118,建達,15.35,15.5,15.2,15.35,67392.0
2026-08-24,TPEX,6121,新普,392.0,399.5,388.0,391.0,501028.0
2026-08-24,TPEX,6122,擎邦,47.9,48.7,47.9,48.65,269039.0
2026-08-24,TPEX,6123,上奇,43.3,43.3,43.05,43.3,18852.0
2026-08-24,TPEX,6124,業強,26.45,26.95,26.45,26.75,14199.0
2026-08-24,TPEX,6125,廣運,53.7,53.9,52.3,52.4,1627713.0
2026-08-24,TPEX,6126,信音,29.5,29.65,29.2,29.45,270636.0
2026-08-24,TPEX,6127,九豪,48.4,49.8,48.2,48.2,1116912.0
2026-08-24,TPEX,6129,普誠,13.75,13.8,13.35,13.4,765192.0
2026-08-24,TPEX,6130,上亞科技,27.85,28.05,27.05,27.1,68908.0
2026-08-24,TPEX,6134,萬旭,28.0,28.3,27.85,28.05,86974.0
2026-08-24,TPEX,6138,茂達,280.0,286.0,275.5,275.5,584606.0
2026-08-24,TPEX,6140,訊達,17.35,17.8,17.35,17.55,125985.0
2026-08-24,TPEX,6143,振曜,90.1,90.4,89.7,89.8,156109.0
2026-08-24,TPEX,6144,得利影,13.7,13.7,13.1,13.45,30333.0
2026-08-24,TPEX,6146,耕興,191.0,195.5,191.0,194.0,265361.0
2026-08-24,TPEX,6147,頎邦,157.5,162.0,157.0,157.0,14378267.0
2026-08-24,TPEX,6148,驊宏資,27.6,27.6,27.35,27.4,78967.0
2026-08-24,TPEX,6150,撼訊,61.5,63.7,61.2,61.7,302732.0
2026-08-24,TPEX,6151,晉倫,36.0,36.05,35.7,35.95,58447.0
2026-08-24,TPEX,6154,順發,13.85,13.85,13.85,13.85,5166.0
2026-08-24,TPEX,6156,松上,21.15,21.35,20.8,20.8,371046.0
2026-08-24,TPEX,6158,禾昌,16.35,16.5,16.35,16.5,13962.0
2026-08-24,TPEX,6160,欣技,16.1,16.1,15.25,15.25,249017.0
2026-08-24,TPEX,6161,捷波,50.2,51.6,50.0,51.6,115037.0
2026-08-24,TPEX,6163,華電網,42.55,42.55,41.5,41.75,264887.0
2026-08-24,TPEX,6167,久正,10.6,10.75,10.6,10.65,41613.0
2026-08-24,TPEX,6169,昱泉,12.3,12.5,12.25,12.5,6370.0
2026-08-24,TPEX,6170,統振,47.5,47.65,47.5,47.65,58264.0
2026-08-24,TPEX,6171,大城地產,24.0,24.0,23.35,23.6,78000.0
2026-08-24,TPEX,6173,信昌電,209.5,215.0,203.0,203.0,8463561.0
2026-08-24,TPEX,6174,安碁,45.35,45.75,43.65,44.05,955831.0
2026-08-24,TPEX,6175,立敦,74.0,75.2,73.2,73.2,392614.0
2026-08-24,TPEX,6179,亞通,27.0,27.6,26.95,26.95,1001341.0
2026-08-24,TPEX,6180,橘子,41.4,41.55,41.0,41.5,209614.0
2026-08-24,TPEX,6182,合晶,108.5,116.5,108.5,110.0,108885215.0
2026-08-24,TPEX,6185,幃翔,12.85,12.95,12.75,12.85,229167.0
2026-08-24,TPEX,6186,新潤,32.85,33.7,32.85,33.3,527736.0
2026-08-24,TPEX,6187,萬潤,1185.0,1220.0,1165.0,1205.0,1539414.0
2026-08-24,TPEX,6188,廣明,68.0,68.2,67.4,67.5,456637.0
2026-08-24,TPEX,6190,萬泰科,66.3,67.3,65.0,65.0,1361861.0
2026-08-24,TPEX,6194,育富,29.55,29.55,29.45,29.45,21000.0
2026-08-24,TPEX,6195,詩肯,28.8,28.8,27.75,27.9,14535.0
2026-08-24,TPEX,6198,瑞築,19.4,19.5,19.4,19.5,54026.0
2026-08-24,TPEX,6199,天品,94.0,94.2,92.5,93.5,701345.0
2026-08-24,TPEX,6203,海韻電,60.1,60.9,59.8,59.9,75509.0
2026-08-24,TPEX,6204,艾華,87.6,90.0,84.8,84.9,264668.0
2026-08-24,TPEX,6207,雷科,104.0,105.5,100.0,100.0,1409764.0
2026-08-24,TPEX,6208,日揚,82.3,82.3,81.4,81.6,112750.0
2026-08-24,TPEX,6210,慶生,17.5,18.1,17.5,17.7,11268.0
2026-08-24,TPEX,6212,理銘,,,,,71.0
2026-08-24,TPEX,6217,中探針,149.0,158.0,148.0,148.0,1658660.0
2026-08-24,TPEX,6218,豪勉,38.4,39.65,37.85,38.6,1499637.0
2026-08-24,TPEX,6219,富旺,12.25,12.35,12.0,12.3,96510.0
2026-08-24,TPEX,6220,岳豐,25.9,26.35,25.35,25.6,156277.0
2026-08-24,TPEX,6221,晉泰,23.0,23.0,22.7,22.8,87847.0
2026-08-24,TPEX,6222,立軒,20.15,20.15,20.15,20.15,1010.0
2026-08-24,TPEX,6223,旺矽,5580.0,5675.0,5485.0,5565.0,517509.0
2026-08-24,TPEX,6227,茂綸,121.0,121.0,118.5,119.0,248254.0
2026-08-24,TPEX,6228,全譜,17.45,17.45,17.3,17.35,4259.0
2026-08-24,TPEX,6229,研通,23.2,23.35,23.05,23.3,40634.0
2026-08-24,TPEX,6231,系微,217.5,217.5,210.0,210.0,183461.0
2026-08-24,TPEX,6233,旺玖,21.0,21.65,21.0,21.25,141252.0
2026-08-24,TPEX,6234,高僑,35.45,35.65,34.8,34.9,119183.0
2026-08-24,TPEX,6236,中湛,,,,,0.0
2026-08-24,TPEX,6237,驊訊,33.75,34.05,33.5,33.5,89133.0
2026-08-24,TPEX,6240,松崗,20.55,22.05,20.3,22.05,85916.0
2026-08-24,TPEX,6242,立康,34.0,34.0,34.0,34.0,2355.0
2026-08-24,TPEX,6244,茂迪,24.65,25.0,24.25,24.55,2109476.0
2026-08-24,TPEX,6245,立端,81.4,82.4,81.3,81.6,263467.0
2026-08-24,TPEX,6246,臺龍,12.45,12.45,12.3,12.4,11197.0
2026-08-24,TPEX,6248,沛波,18.5,18.5,18.3,18.3,219464.0
2026-08-24,TPEX,6259,百徽,29.9,30.6,29.6,29.6,431936.0
2026-08-24,TPEX,6261,久元,76.8,81.1,76.6,78.6,808198.0
2026-08-24,TPEX,6263,普萊德,162.0,162.5,160.5,161.5,67781.0
2026-08-24,TPEX,6264,富裔,6.03,6.04,6.03,6.03,5101.0
2026-08-24,TPEX,6265,方土昶,58.8,65.3,58.6,62.2,10837663.0
2026-08-24,TPEX,6266,泰詠,25.25,25.25,25.0,25.15,72218.0
2026-08-24,TPEX,6270,倍微,30.1,30.1,29.2,29.2,121393.0
2026-08-24,TPEX,6274,台燿,1505.0,1540.0,1455.0,1455.0,3715760.0
2026-08-24,TPEX,6275,元山,43.8,45.35,43.8,44.85,357481.0
2026-08-24,TPEX,6276,安鈦克,19.2,19.95,19.15,19.85,21235.0
2026-08-24,TPEX,6279,胡連,128.0,129.0,126.5,126.5,276840.0
2026-08-24,TPEX,6284,佳邦,76.1,77.1,74.7,74.8,570338.0
2026-08-24,TPEX,6290,良維,217.0,232.5,216.5,229.0,8666476.0
2026-08-24,TPEX,6291,沛亨,388.5,391.5,366.0,366.0,500842.0
2026-08-24,TPEX,6292,迅德,61.6,61.9,61.0,61.2,96689.0
2026-08-24,TPEX,6294,智基,29.0,29.0,28.8,28.8,4897.0
2026-08-24,TPEX,6411,晶焱,78.0,78.7,77.5,77.5,193348.0
2026-08-24,TPEX,6417,韋僑,108.5,110.0,108.0,109.0,21018.0
2026-08-24,TPEX,6418,詠昇,34.1,34.1,32.2,32.3,72982.0
2026-08-24,TPEX,6419,京晨科,163.0,166.5,159.0,159.0,235121.0
2026-08-24,TPEX,6423,億而得,81.4,81.4,78.0,79.4,44250.0
2026-08-24,TPEX,6425,易發,57.4,58.5,57.2,57.5,136008.0
2026-08-24,TPEX,6432,今展科,66.3,68.0,64.8,64.8,785623.0
2026-08-24,TPEX,6435,大中,250.5,258.0,250.5,254.5,348563.0
2026-08-24,TPEX,6441,廣錠,21.6,21.6,21.5,21.6,11075.0
2026-08-24,TPEX,6461,益得,15.65,16.0,15.65,15.7,193222.0
2026-08-24,TPEX,6462,神盾,100.5,102.0,98.8,98.9,527048.0
2026-08-24,TPEX,6465,威潤,46.0,46.45,45.4,45.55,129205.0
2026-08-24,TPEX,6469,大樹,71.3,71.5,69.2,69.2,381109.0
2026-08-24,TPEX,6470,宇智,41.95,41.95,41.75,41.75,9447.0
2026-08-24,TPEX,6474,華豫寧,38.95,39.05,38.75,39.0,88711.0
2026-08-24,TPEX,6482,弘煜科,29.0,29.0,28.8,29.0,97969.0
2026-08-24,TPEX,6485,點序,59.0,61.0,59.0,59.9,124622.0
2026-08-24,TPEX,6486,互動,73.8,73.9,73.4,73.9,49545.0
2026-08-24,TPEX,6488,環球晶,970.0,1035.0,970.0,1010.0,11898166.0
2026-08-24,TPEX,6492,生華科,35.0,35.0,34.5,34.65,986654.0
2026-08-24,TPEX,6494,九齊,54.9,55.5,53.5,53.5,92208.0
2026-08-24,TPEX,6496,科懋,24.25,24.25,24.25,24.25,2402.0
2026-08-24,TPEX,6498,久禾光,76.3,77.0,74.4,74.8,69285.0
2026-08-24,TPEX,6499,益安,64.9,64.9,63.2,64.1,126464.0
2026-08-24,TPEX,6506,雙邦,17.9,17.9,17.55,17.55,40649.0
2026-08-24,TPEX,6508,惠光,26.25,26.6,25.9,25.9,32213.0
2026-08-24,TPEX,6509,聚和,46.2,46.3,44.9,45.05,880123.0
2026-08-24,TPEX,6510,精測,2650.0,2735.0,2635.0,2650.0,170744.0
2026-08-24,TPEX,6512,啟發電,20.5,20.5,20.5,20.5,2942.0
2026-08-24,TPEX,6516,勤崴國際,58.3,58.3,57.9,57.9,10073.0
2026-08-24,TPEX,6517,保勝光學,65.7,67.4,64.1,64.1,435191.0
2026-08-24,TPEX,6523,達爾膚,90.0,90.1,89.4,90.1,13475.0
2026-08-24,TPEX,6527,明達醫,74.8,75.4,74.8,75.3,16056.0
2026-08-24,TPEX,6530,創威,82.3,85.6,80.4,80.4,756533.0
2026-08-24,TPEX,6532,瑞耘,86.3,92.4,84.5,90.0,947728.0
2026-08-24,TPEX,6535,順藥,81.0,81.1,77.4,77.4,327070.0
2026-08-24,TPEX,6538,倉和,194.5,204.5,193.0,193.0,1541435.0
2026-08-24,TPEX,6542,隆中,44.95,44.95,44.85,44.85,2000.0
2026-08-24,TPEX,6546,正基,63.4,64.2,62.1,62.7,157381.0
2026-08-24,TPEX,6547,高端疫苗,55.5,57.5,55.1,55.5,5214675.0
2026-08-24,TPEX,6548,長科*,69.0,73.6,68.8,70.8,2518434.0
2026-08-24,TPEX,6556,勝品,59.0,59.2,59.0,59.2,4001.0
2026-08-24,TPEX,6560,欣普羅,,,,,65.0
2026-08-24,TPEX,6561,是方,322.0,323.5,320.0,321.0,25440.0
2026-08-24,TPEX,6568,宏觀,126.0,130.5,125.0,125.0,63581.0
2026-08-24,TPEX,6569,醫揚,93.5,94.0,92.5,92.5,41649.0
2026-08-24,TPEX,6570,維田,52.2,53.0,52.0,52.6,53167.0
2026-08-24,TPEX,6574,霈方,118.5,119.5,118.5,118.5,23839.0
2026-08-24,TPEX,6576,逸達,79.8,79.8,78.5,79.4,109381.0
2026-08-24,TPEX,6577,勁豐,81.4,82.6,80.8,81.4,85299.0
2026-08-24,TPEX,6578,達邦蛋白,18.2,18.3,18.1,18.25,36004.0
2026-08-24,TPEX,6584,南俊國際,581.0,612.0,581.0,586.0,476235.0
2026-08-24,TPEX,6588,東典光電,106.5,108.0,100.0,101.5,1983409.0
2026-08-24,TPEX,6590,普鴻,64.3,64.3,64.3,64.3,4322.0
2026-08-24,TPEX,6593,台灣銘板,32.4,33.0,32.4,32.65,20449.0
2026-08-24,TPEX,6596,寬宏藝術,95.4,96.7,95.4,96.2,150191.0
2026-08-24,TPEX,6597,立誠,,,,,42.0
2026-08-24,TPEX,6603,富強鑫,27.4,27.4,26.05,26.4,1651131.0
2026-08-24,TPEX,6609,瀧澤科,39.1,39.6,39.1,39.5,85735.0
2026-08-24,TPEX,6612,奈米醫材,73.0,73.8,72.4,73.1,32541.0
2026-08-24,TPEX,6613,朋億*,253.5,256.0,249.5,251.0,104295.0
2026-08-24,TPEX,6615,慧智,35.5,35.5,34.4,34.4,11516.0
2026-08-24,TPEX,6616,特昇-KY,8.4,8.58,8.4,8.4,7888.0
2026-08-24,TPEX,6617,共信-KY,105.5,116.0,102.5,111.0,1375355.0
2026-08-24,TPEX,6620,漢達,75.0,76.0,74.7,75.8,161755.0
2026-08-24,TPEX,6624,萬年清,42.3,42.3,42.3,42.3,1000.0
2026-08-24,TPEX,6629,泰金-KY,110.0,112.5,109.5,111.5,24011.0
2026-08-24,TPEX,6637,醫影,62.1,63.4,62.1,63.0,120314.0
2026-08-24,TPEX,6640,均華,1035.0,1040.0,967.0,968.0,321790.0
2026-08-24,TPEX,6642,富致,78.7,79.5,75.8,75.9,205261.0
2026-08-24,TPEX,6643,M31,416.0,419.0,406.0,406.0,106921.0
2026-08-24,TPEX,6649,台生材,34.5,35.85,34.5,35.3,17021.0
2026-08-24,TPEX,6651,全宇昕,143.5,144.0,139.0,139.0,215735.0
2026-08-24,TPEX,6654,天正國際,163.0,165.0,160.0,164.5,18571.0
2026-08-24,TPEX,6661,威健生技,17.45,17.45,17.2,17.2,3000.0
2026-08-24,TPEX,6662,樂斯科,,,,,73.0
2026-08-24,TPEX,6664,群翊,374.0,380.0,353.0,353.0,2136098.0
2026-08-24,TPEX,6667,信紘科,222.5,222.5,217.5,218.5,80327.0
2026-08-24,TPEX,6679,鈺太,198.0,206.0,196.5,196.5,197459.0
2026-08-24,TPEX,6680,鑫創電子,51.9,51.9,50.8,50.8,13005.0
2026-08-24,TPEX,6683,雍智科技,1090.0,1140.0,1080.0,1090.0,433235.0
2026-08-24,TPEX,6684,安格,45.85,46.4,45.85,45.85,43239.0
2026-08-24,TPEX,6690,安碁資訊,166.0,166.0,164.0,164.5,28031.0
2026-08-24,TPEX,6692,進能服,24.35,24.35,23.75,23.75,12200.0
2026-08-24,TPEX,6693,廣閎科,163.5,170.5,161.0,161.0,486349.0
2026-08-24,TPEX,6697,東捷資訊,41.0,41.0,40.75,40.75,20100.0
2026-08-24,TPEX,6703,軒郁,103.5,104.0,103.0,104.0,16864.0
2026-08-24,TPEX,6708,天擎,38.15,38.25,38.15,38.15,9185.0
2026-08-24,TPEX,6712,長聖,155.0,166.5,155.0,162.0,1136453.0
2026-08-24,TPEX,6716,應廣,128.0,129.5,120.5,122.5,1009305.0
2026-08-24,TPEX,6720,久昌,140.0,140.0,133.0,133.0,30127.0
2026-08-24,TPEX,6721,信實,52.0,52.6,52.0,52.6,10221.0
2026-08-24,TPEX,6725,矽科宏晟,229.0,232.0,222.5,223.0,91684.0
2026-08-24,TPEX,6727,亞泰金屬,447.5,463.0,444.0,445.0,769965.0
2026-08-24,TPEX,6728,上洋,109.0,109.0,107.5,108.5,12374.0
2026-08-24,TPEX,6730,常廣,34.0,34.0,34.0,34.0,1000.0
2026-08-24,TPEX,6732,昇佳電子,151.0,151.5,150.0,150.5,51829.0
2026-08-24,TPEX,6733,博晟生醫,25.7,26.0,25.45,25.5,68148.0
2026-08-24,TPEX,6735,美達科技,62.5,64.3,62.5,63.4,49323.0
2026-08-24,TPEX,6739,竹陞科技,978.0,1015.0,956.0,972.0,113806.0
2026-08-24,TPEX,6741,91APP*-KY,55.0,57.5,54.5,57.1,518260.0
2026-08-24,TPEX,6751,智聯服務,41.35,41.45,41.0,41.45,9010.0
2026-08-24,TPEX,6752,叡揚,100.0,100.0,99.8,99.8,11615.0
2026-08-24,TPEX,6761,穩得,186.0,187.0,183.0,183.0,316226.0
2026-08-24,TPEX,6762,達亞,,,,,311.0
2026-08-24,TPEX,6763,綠界科技*,42.2,42.45,41.9,41.9,103416.0
2026-08-24,TPEX,6767,台微醫,24.8,24.8,24.8,24.8,2000.0
2026-08-24,TPEX,6785,昱展新藥,98.2,98.8,97.0,98.8,19515.0
2026-08-24,TPEX,6788,華景電,353.5,362.5,352.5,353.0,215331.0
2026-08-24,TPEX,6791,虎門科技,100.0,100.5,100.0,100.5,7504.0
2026-08-24,TPEX,6803,崑鼎,271.0,272.0,268.0,270.0,43067.0
2026-08-24,TPEX,6804,明係,18.25,18.85,18.15,18.15,60448.0
2026-08-24,TPEX,6811,宏碁資訊,225.0,226.0,225.0,225.0,28088.0
2026-08-24,TPEX,6821,聯寶,43.8,43.8,41.5,41.75,112777.0
2026-08-24,TPEX,6823,濾能,62.3,62.9,61.6,62.8,48304.0
2026-08-24,TPEX,6829,千附精密,206.5,218.0,206.5,215.0,604327.0
2026-08-24,TPEX,6840,東研信超,83.6,84.5,82.5,82.7,170598.0
2026-08-24,TPEX,6841,長佳智能,53.5,54.7,53.1,54.2,336114.0
2026-08-24,TPEX,6843,進典,38.9,38.9,38.9,38.9,1002.0
2026-08-24,TPEX,6844,諾貝兒,59.7,60.3,59.5,60.3,19826.0
2026-08-24,TPEX,6846,綠茵,57.3,57.9,57.0,57.4,11167.0
2026-08-24,TPEX,6855,數泓科,113.0,115.5,112.0,115.5,16829.0
2026-08-24,TPEX,6856,鑫傳,42.05,42.05,42.0,42.0,2001.0
2026-08-24,TPEX,6859,伯特光,110.0,110.5,106.5,110.0,72051.0
2026-08-24,TPEX,6865,偉康科技,24.85,25.4,24.8,25.0,6121.0
2026-08-24,TPEX,6870,騰雲,264.5,264.5,257.0,260.5,14971.0
2026-08-24,TPEX,6872,浩宇生醫,15.3,16.1,15.3,15.35,12000.0
2026-08-24,TPEX,6874,倍力,79.7,79.7,78.3,78.8,22288.0
2026-08-24,TPEX,6875,國邑*,32.5,32.8,32.0,32.0,44200.0
2026-08-24,TPEX,6877,鏵友益,115.0,116.0,113.0,114.5,41500.0
2026-08-24,TPEX,6881,潤德,218.0,218.0,218.0,218.0,3660.0
2026-08-24,TPEX,6884,海柏特,30.5,30.5,30.5,30.5,5310.0
2026-08-24,TPEX,6894,衛司特,335.0,335.0,326.5,328.0,9616.0
2026-08-24,TPEX,6895,宏碩系統,134.5,138.5,133.5,138.0,83624.0
2026-08-24,TPEX,6899,創為精密,49.9,50.0,49.8,49.8,15175.0
2026-08-24,TPEX,6903,巨漢,306.0,312.0,304.5,304.5,161265.0
2026-08-24,TPEX,6904,伯鑫,123.0,123.0,123.0,123.0,1008.0
2026-08-24,TPEX,6907,雅特力-KY,192.0,195.0,180.0,180.0,1784467.0
2026-08-24,TPEX,6910,德鴻,24.5,25.45,24.5,24.75,17006.0
2026-08-24,TPEX,6913,鴻呈,137.5,140.0,137.0,138.5,160385.0
2026-08-24,TPEX,6922,宸曜,202.5,216.5,200.0,205.0,539281.0
2026-08-24,TPEX,6925,意藍,50.8,50.8,50.1,50.4,6008.0
2026-08-24,TPEX,6929,佑全,22.85,23.9,22.85,23.8,7154.0
2026-08-24,TPEX,6945,圓祥生技,101.5,104.0,100.0,101.5,235949.0
2026-08-24,TPEX,6953,家碩,227.0,227.0,223.0,223.5,23069.0
2026-08-24,TPEX,6961,旅天下,51.4,51.4,50.6,51.4,11442.0
2026-08-24,TPEX,6967,汎瑋材料,73.9,73.9,72.4,72.9,27214.0
2026-08-24,TPEX,6968,萬達寵物,41.85,42.5,41.75,42.0,37174.0
2026-08-24,TPEX,6971,惠民實業,26.55,26.55,25.9,26.15,31021.0
2026-08-24,TPEX,6982,大井泵浦,47.75,47.75,47.5,47.5,5000.0
2026-08-24,TPEX,6983,華洋精機,291.0,297.5,286.5,288.0,53941.0
2026-08-24,TPEX,6986,和迅,42.9,43.0,42.5,42.8,32100.0
2026-08-24,TPEX,6996,力領科技,179.5,180.0,176.5,177.5,36812.0
2026-08-24,TPEX,6997,博弘,68.5,68.5,68.5,68.5,1001.0
2026-08-24,TPEX,7402,邑錡,106.5,107.0,105.5,105.5,158793.0
2026-08-24,TPEX,7547,碩網,51.8,52.0,51.5,51.5,21130.0
2026-08-24,TPEX,7556,意德士,253.0,257.0,246.5,246.5,32330.0
2026-08-24,TPEX,7584,樂意,26.15,26.15,26.15,26.15,1000.0
2026-08-24,TPEX,7642,昶瑞機電,79.0,79.0,78.3,78.3,3003.0
2026-08-24,TPEX,7703,銳澤,179.0,180.0,178.5,179.5,51723.0
2026-08-24,TPEX,7704,明遠精密,62.3,63.6,62.2,62.2,15154.0
2026-08-24,TPEX,7708,全家餐飲,92.6,92.6,92.3,92.3,7642.0
2026-08-24,TPEX,7709,榮田,70.2,71.9,70.2,71.0,11941.0
2026-08-24,TPEX,7712,博盛半導體,142.0,150.5,142.0,149.5,463925.0
2026-08-24,TPEX,7713,威力德生醫,72.4,74.0,72.0,72.9,19241.0
2026-08-24,TPEX,7714,創泓科技,178.0,181.0,173.5,175.0,226587.0
2026-08-24,TPEX,7715,裕山,32.65,32.65,31.15,31.35,10282.0
2026-08-24,TPEX,7716,昱臺國際,24.55,24.55,24.0,24.0,11001.0
2026-08-24,TPEX,7717,萊德光電-KY,388.0,403.0,385.0,386.0,109799.0
2026-08-24,TPEX,7718,友鋮,47.9,48.0,47.25,47.35,17056.0
2026-08-24,TPEX,7723,築間,19.7,19.7,19.3,19.4,70673.0
2026-08-24,TPEX,7728,光焱科技,571.0,581.0,570.0,581.0,13373.0
2026-08-24,TPEX,7734,印能科技,2880.0,2955.0,2780.0,2780.0,127679.0
2026-08-24,TPEX,7738,東聯互動,166.5,173.0,166.5,169.5,43823.0
2026-08-24,TPEX,7743,金利食安,20.5,20.5,20.5,20.5,3000.0
2026-08-24,TPEX,7744,崴寶,495.0,495.0,478.5,487.0,83583.0
2026-08-24,TPEX,7747,昕奇雲端,114.5,114.5,113.5,114.5,4341.0
2026-08-24,TPEX,7751,竑騰,1745.0,1795.0,1620.0,1665.0,1118967.0
2026-08-24,TPEX,7753,星亞,37.5,37.7,37.2,37.4,18027.0
2026-08-24,TPEX,7757,金色三麥,89.2,92.0,89.2,89.9,11187.0
2026-08-24,TPEX,7767,仁大資訊,45.0,45.5,45.0,45.3,64615.0
2026-08-24,TPEX,7770,君曜,37.5,37.5,36.35,37.3,13001.0
2026-08-24,TPEX,7772,耀穎,85.3,88.4,84.7,87.9,71289.0
2026-08-24,TPEX,7777,能率亞洲,40.9,40.9,37.85,37.9,3008408.0
2026-08-24,TPEX,7782,光速火箭,,,,,59.0
2026-08-24,TPEX,7792,安葆,295.0,303.5,293.0,298.5,383822.0
2026-08-24,TPEX,7794,宏碁智新,28.7,28.7,28.7,28.7,1001.0
2026-08-24,TPEX,7805,威聯通,539.0,546.0,511.0,514.0,297575.0
2026-08-24,TPEX,7810,捷創科技,225.0,225.0,213.0,213.0,206499.0
2026-08-24,TPEX,7811,民盛,72.5,72.5,72.5,72.5,3225.0
2026-08-24,TPEX,7814,海昌生技,30.0,30.05,29.9,29.95,23153.0
2026-08-24,TPEX,7819,精誠金融,35.5,35.5,34.9,34.9,19418.0
2026-08-24,TPEX,7820,立盈,121.5,122.5,121.0,121.5,23511.0
2026-08-24,TPEX,7828,創新服務,1610.0,1660.0,1550.0,1550.0,109431.0
2026-08-24,TPEX,7839,達人網,44.3,45.1,44.3,45.1,113000.0
2026-08-24,TPEX,7842,天能綠電,105.5,105.5,100.0,102.0,39832.0
2026-08-24,TPEX,8024,佑華,13.35,13.4,12.85,13.15,19033.0
2026-08-24,TPEX,8027,鈦昇,169.0,173.0,167.5,167.5,975045.0
2026-08-24,TPEX,8032,光菱,35.8,35.8,35.6,35.7,13092.0
2026-08-24,TPEX,8034,榮群,18.35,18.5,18.3,18.35,23158.0
2026-08-24,TPEX,8038,長園科,30.8,31.0,30.35,30.65,133452.0
2026-08-24,TPEX,8040,九暘,69.9,70.6,69.3,69.5,216245.0
2026-08-24,TPEX,8042,金山電,98.9,102.5,98.9,99.0,1544384.0
2026-08-24,TPEX,8043,蜜望實,137.5,141.5,135.0,135.0,1811772.0
2026-08-24,TPEX,8044,網家,25.5,25.5,24.95,25.25,377799.0
2026-08-24,TPEX,8047,星雲,45.2,45.9,43.2,45.85,32293.0
2026-08-24,TPEX,8048,德勝,51.0,52.2,51.0,51.2,42028.0
2026-08-24,TPEX,8049,晶采,24.5,24.5,24.4,24.45,124355.0
2026-08-24,TPEX,8050,廣積,57.0,57.9,56.5,57.5,952922.0
2026-08-24,TPEX,8054,安國,79.9,83.6,79.9,80.5,601591.0
2026-08-24,TPEX,8059,凱碩,13.45,13.5,13.3,13.4,162276.0
2026-08-24,TPEX,8064,東捷,97.3,99.6,96.7,97.0,978296.0
2026-08-24,TPEX,8066,來思達,,,,,1956.0
2026-08-24,TPEX,8067,志旭,12.45,12.85,11.95,12.3,21013.0
2026-08-24,TPEX,8068,全達,17.05,17.05,16.9,17.0,41400.0
2026-08-24,TPEX,8069,元太,161.5,162.5,158.5,158.5,4212626.0
2026-08-24,TPEX,8071,能率網通,24.0,24.15,23.55,23.55,574975.0
2026-08-24,TPEX,8074,鉅橡,54.2,55.3,53.6,53.6,209346.0
2026-08-24,TPEX,8076,伍豐,23.2,23.3,23.1,23.2,393215.0
2026-08-24,TPEX,8077,洛碁,,,,,0.0
2026-08-24,TPEX,8080,泰霖,27.8,28.3,27.8,28.0,10140.0
2026-08-24,TPEX,8083,瑞穎,159.5,160.0,159.5,159.5,19221.0
2026-08-24,TPEX,8084,巨虹,49.0,49.0,46.2,46.3,1062487.0
2026-08-24,TPEX,8085,福華,12.35,12.85,12.35,12.65,493176.0
2026-08-24,TPEX,8086,宏捷科,110.5,115.0,110.5,112.0,3399811.0
2026-08-24,TPEX,8087,麗升能源,26.6,27.2,26.4,26.4,14102.0
2026-08-24,TPEX,8088,品安,45.95,47.7,45.95,46.3,676492.0
2026-08-24,TPEX,8089,康全電訊,18.0,18.35,17.85,18.25,97073.0
2026-08-24,TPEX,8091,翔名,216.5,221.5,216.0,216.0,226038.0
2026-08-24,TPEX,8092,建暐,12.95,12.95,12.65,12.85,4003.0
2026-08-24,TPEX,8093,保銳,24.05,27.3,24.0,27.3,361055.0
2026-08-24,TPEX,8096,擎亞,106.0,109.0,105.5,106.0,1697267.0
2026-08-24,TPEX,8097,常珵,51.0,51.0,49.0,49.4,148211.0
2026-08-24,TPEX,8099,大世科,58.1,59.0,58.0,58.0,113166.0
2026-08-24,TPEX,8102,傑霖科技,,,,,320.0
2026-08-24,TPEX,8107,大億金茂,12.35,12.45,12.3,12.4,37026.0
2026-08-24,TPEX,8109,博大,129.0,131.0,128.5,128.5,195008.0
2026-08-24,TPEX,8111,立碁,65.0,66.5,63.1,63.1,10136152.0
2026-08-24,TPEX,8121,越峰,27.5,28.0,27.1,27.1,516066.0
2026-08-24,TPEX,8147,正淩,122.0,122.5,118.5,119.5,83400.0
2026-08-24,TPEX,8155,博智,320.5,332.5,318.0,318.0,620690.0
2026-08-24,TPEX,8171,天宇,19.5,19.75,19.45,19.7,65007.0
2026-08-24,TPEX,8176,智捷,9.91,9.95,9.85,9.94,82433.0
2026-08-24,TPEX,8182,加高,40.45,40.6,39.55,39.65,565284.0
2026-08-24,TPEX,8183,精星,29.25,29.5,29.1,29.1,128105.0
2026-08-24,TPEX,8227,巨有科技,155.5,155.5,149.5,150.0,378618.0
2026-08-24,TPEX,8234,新漢,66.6,67.5,66.2,67.1,380372.0
2026-08-24,TPEX,8240,華宏,42.7,42.7,41.8,41.8,105876.0
2026-08-24,TPEX,8255,朋程,145.0,146.0,144.0,144.0,150713.0
2026-08-24,TPEX,8272,全景軟體,61.6,62.3,61.6,62.3,2302.0
2026-08-24,TPEX,8277,商丞,8.0,8.01,7.98,8.01,57538.0
2026-08-24,TPEX,8279,生展,85.5,85.5,83.0,84.6,59045.0
2026-08-24,TPEX,8284,三竹,67.5,67.5,67.1,67.1,11214.0
2026-08-24,TPEX,8289,泰藝,46.75,46.75,45.2,45.2,297887.0
2026-08-24,TPEX,8291,尚茂,37.3,37.3,32.55,33.2,34789.0
2026-08-24,TPEX,8299,群聯,2095.0,2215.0,2070.0,2135.0,6388744.0
2026-08-24,TPEX,8342,益張,,,,,10.0
2026-08-24,TPEX,8349,恒耀,39.4,39.4,39.0,39.2,28042.0
2026-08-24,TPEX,8354,冠好,17.4,17.75,17.35,17.65,109981.0
2026-08-24,TPEX,8358,金居,430.0,435.0,417.0,417.0,14155691.0
2026-08-24,TPEX,8383,千附,65.3,66.1,64.4,65.2,859151.0
2026-08-24,TPEX,8390,金益鼎,102.0,103.5,100.0,100.0,928013.0
2026-08-24,TPEX,8401,白紗科,23.2,23.2,23.15,23.15,7168.0
2026-08-24,TPEX,8403,盛弘,19.7,19.7,19.55,19.55,220407.0
2026-08-24,TPEX,8409,商之器,18.0,18.0,18.0,18.0,2015.0
2026-08-24,TPEX,8410,森田,32.7,32.8,32.5,32.7,30427.0
2026-08-24,TPEX,8415,大國鋼,38.45,38.75,38.2,38.45,545796.0
2026-08-24,TPEX,8416,實威,168.0,168.5,166.5,168.5,20288.0
2026-08-24,TPEX,8421,旭源,13.7,13.9,13.5,13.75,125137.0
2026-08-24,TPEX,8423,保綠-KY,17.75,17.75,17.75,17.75,4939.0
2026-08-24,TPEX,8424,惠普,69.2,69.3,69.1,69.3,4015.0
2026-08-24,TPEX,8426,紅木-KY,20.9,21.1,20.75,20.75,25229.0
2026-08-24,TPEX,8431,匯鑽科,46.65,47.0,45.5,45.5,77154.0
2026-08-24,TPEX,8432,東生華,50.5,50.9,50.5,50.5,8106.0
2026-08-24,TPEX,8433,弘帆,56.3,56.3,56.0,56.3,11170.0
2026-08-24,TPEX,8435,鉅邁,53.9,53.9,53.5,53.5,7319.0
2026-08-24,TPEX,8436,大江,125.0,125.0,123.5,124.0,477103.0
2026-08-24,TPEX,8437,大地-KY,9.3,9.3,9.0,9.1,12016.0
2026-08-24,TPEX,8440,綠電,20.5,21.0,20.3,20.65,116236.0
2026-08-24,TPEX,8444,綠河-KY,,,,,0.0
2026-08-24,TPEX,8446,華研,85.3,85.3,84.7,85.1,45179.0
2026-08-24,TPEX,8450,霹靂,14.7,14.75,14.45,14.6,15393.0
2026-08-24,TPEX,8455,大拓-KY,24.6,24.6,23.3,24.2,3000.0
2026-08-24,TPEX,8472,夠麻吉,67.8,67.8,67.8,67.8,1040.0
2026-08-24,TPEX,8477,創業家,15.7,15.7,15.6,15.6,15037.0
2026-08-24,TPEX,8489,三貝德,22.8,23.2,22.75,23.0,54736.0
2026-08-24,TPEX,8905,裕國,34.4,34.85,34.35,34.85,8489.0
2026-08-24,TPEX,8906,花王,27.45,28.5,27.3,28.4,35384.0
2026-08-24,TPEX,8908,欣雄,40.1,40.1,40.0,40.05,5977.0
2026-08-24,TPEX,8916,光隆,40.5,40.6,40.35,40.55,48828.0
2026-08-24,TPEX,8917,欣泰,,,,,10.0
2026-08-24,TPEX,8921,沈氏,17.55,17.55,17.0,17.0,3219.0
2026-08-24,TPEX,8923,時報,,,,,1.0
2026-08-24,TPEX,8924,大田,50.8,50.8,50.6,50.7,34055.0
2026-08-24,TPEX,8927,北基,20.3,20.3,20.0,20.2,128236.0
2026-08-24,TPEX,8928,鉅明,23.25,23.75,23.05,23.75,35001.0
2026-08-24,TPEX,8929,富堡,13.15,13.2,13.1,13.2,11581.0
2026-08-24,TPEX,8930,青鋼,29.7,29.8,29.7,29.8,21157.0
2026-08-24,TPEX,8931,大汽電,,,,,38.0
2026-08-24,TPEX,8932,智通*,106.0,108.5,104.0,105.5,1248981.0
2026-08-24,TPEX,8933,愛地雅,4.51,4.74,4.45,4.6,77572.0
2026-08-24,TPEX,8935,邦泰,18.05,18.4,17.9,18.35,187499.0
2026-08-24,TPEX,8936,國統,51.4,51.6,51.2,51.4,683311.0
2026-08-24,TPEX,8937,合騏*,26.8,27.5,26.55,26.95,186105.0
2026-08-24,TPEX,8938,明安,52.0,52.3,51.8,52.2,188081.0
2026-08-24,TPEX,8941,關中,44.6,44.65,43.7,44.65,4783.0
2026-08-24,TPEX,8942,森鉅,42.25,42.6,42.05,42.45,247980.0
2026-08-24,TPEX,9949,琉園,23.2,23.9,23.2,23.65,28121.0
2026-08-24,TPEX,9950,萬國通,10.35,10.35,10.3,10.35,13026.0
2026-08-24,TPEX,9951,皇田,54.0,54.4,54.0,54.3,49905.0
2026-08-24,TPEX,9960,邁達康,,,,,2.0
2026-08-24,TPEX,9962,有益,10.45,10.45,10.3,10.3,25984.0
