date,market,stock_id,name,open,high,low,close,volume
2026-10-08,TWSE,1101,台泥,25.25,25.7,25.1,25.5,24862063.0
2026-10-08,TWSE,1102,亞泥,35.35,35.9,35.35,35.9,5747053.0
2026-10-08,TWSE,1103,嘉泥,13.1,13.15,13.05,13.15,386372.0
2026-10-08,TWSE,1104,環泥,26.7,26.9,26.6,26.85,299150.0
2026-10-08,TWSE,1108,幸福,11.15,11.15,11.05,11.1,62661.0
2026-10-08,TWSE,1109,信大,13.3,13.3,13.2,13.3,51104.0
2026-10-08,TWSE,1110,東泥,14.3,14.45,14.25,14.45,311909.0
2026-10-08,TWSE,1201,味全,11.4,11.5,11.35,11.45,993929.0
2026-10-08,TWSE,1203,味王,43.0,43.1,43.0,43.0,7327.0
2026-10-08,TWSE,1210,大成,51.4,51.5,51.2,51.3,1170988.0
2026-10-08,TWSE,1213,大飲,7.2,7.31,7.06,7.31,4002.0
2026-10-08,TWSE,1215,卜蜂,104.0,105.0,104.0,105.0,269949.0
2026-10-08,TWSE,1216,統一,73.7,75.5,73.7,75.5,15650434.0
2026-10-08,TWSE,1217,愛之味,9.91,9.92,9.88,9.89,403350.0
2026-10-08,TWSE,1218,泰山,14.4,14.5,14.35,14.45,413825.0
2026-10-08,TWSE,1219,福壽,11.2,11.25,11.15,11.25,100851.0
2026-10-08,TWSE,1220,台榮,10.9,10.95,10.9,10.9,39897.0
2026-10-08,TWSE,1225,福懋油,23.65,24.2,23.6,24.2,62896.0
2026-10-08,TWSE,1227,佳格,27.5,27.8,27.5,27.7,616143.0
2026-10-08,TWSE,1229,聯華,39.45,39.7,39.35,39.65,1354162.0
2026-10-08,TWSE,1231,聯華食,77.5,78.3,77.5,78.0,348885.0
2026-10-08,TWSE,1232,大統益,153.5,155.0,153.0,154.0,84167.0
2026-10-08,TWSE,1233,天仁,28.0,28.05,28.0,28.05,8019.0
2026-10-08,TWSE,1234,黑松,32.45,32.45,32.1,32.3,116537.0
2026-10-08,TWSE,1235,興泰,31.1,31.1,30.95,30.95,5200.0
2026-10-08,TWSE,1236,宏亞,25.4,25.8,25.4,25.8,32930.0
2026-10-08,TWSE,1256,鮮活果汁-KY,166.0,168.0,166.0,166.5,24712.0
2026-10-08,TWSE,1301,台塑,69.0,75.4,68.9,75.4,117004541.0
2026-10-08,TWSE,1303,南亞,293.0,322.0,293.0,314.0,119996258.0
2026-10-08,TWSE,1304,台聚,12.55,13.1,12.5,13.05,6143309.0
2026-10-08,TWSE,1305,華夏,12.45,12.9,12.35,12.9,3170664.0
2026-10-08,TWSE,1307,三芳,31.5,31.5,31.2,31.5,416871.0
2026-10-08,TWSE,1308,亞聚,14.35,14.8,14.3,14.75,2136038.0
2026-10-08,TWSE,1309,台達化,14.1,14.45,14.0,14.4,2185612.0
2026-10-08,TWSE,1310,台苯,9.55,9.8,9.55,9.74,3070715.0
2026-10-08,TWSE,1312,國喬,14.85,15.15,14.75,15.05,17604737.0
2026-10-08,TWSE,1313,聯成,12.5,12.75,12.5,12.6,3243816.0
2026-10-08,TWSE,1314,中石化,8.76,8.98,8.75,8.91,29544257.0
2026-10-08,TWSE,1315,達新,68.9,73.9,68.8,72.0,181871.0
2026-10-08,TWSE,1316,上曜,10.35,10.45,10.35,10.35,694855.0
2026-10-08,TWSE,1319,東陽,78.3,80.2,78.0,80.0,1679957.0
2026-10-08,TWSE,1321,大洋,32.4,32.5,32.2,32.45,132030.0
2026-10-08,TWSE,1323,永裕,21.5,21.7,21.45,21.5,25339.0
2026-10-08,TWSE,1324,地球,9.97,9.97,9.92,9.92,61361.0
2026-10-08,TWSE,1325,恆大,27.0,28.5,27.0,27.8,2189873.0
2026-10-08,TWSE,1326,台化,72.5,77.1,72.3,75.8,61381552.0
2026-10-08,TWSE,1337,再生-KY,4.38,4.45,4.38,4.41,134121.0
2026-10-08,TWSE,1338,廣華-KY,14.7,15.05,14.7,15.05,27022.0
2026-10-08,TWSE,1339,昭輝,41.8,42.7,41.8,42.45,52627.0
2026-10-08,TWSE,1340,勝悅-KY,5.13,5.19,5.13,5.18,139867.0
2026-10-08,TWSE,1341,富林-KY,,,,,48.0
2026-10-08,TWSE,1342,八貫,99.9,101.0,99.9,101.0,103935.0
2026-10-08,TWSE,1402,遠東新,27.9,28.65,27.9,28.6,8405185.0
2026-10-08,TWSE,1409,新纖,25.75,27.15,25.7,26.15,38227710.0
2026-10-08,TWSE,1410,南染,23.95,24.2,23.85,23.9,29726.0
2026-10-08,TWSE,1413,宏洲,9.35,9.35,9.16,9.3,16901.0
2026-10-08,TWSE,1414,東和,17.15,17.65,17.15,17.65,159199.0
2026-10-08,TWSE,1416,廣豐,11.8,11.85,11.75,11.85,223881.0
2026-10-08,TWSE,1417,嘉裕,8.06,8.16,8.06,8.16,158701.0
2026-10-08,TWSE,1418,東華,18.8,18.8,18.25,18.6,14009.0
2026-10-08,TWSE,1419,新紡,65.9,66.0,65.6,65.7,15065.0
2026-10-08,TWSE,1423,利華,35.5,35.5,34.55,34.55,3014.0
2026-10-08,TWSE,1432,大魯閣,15.0,15.0,14.95,15.0,40577.0
2026-10-08,TWSE,1434,福懋,18.05,19.15,18.05,18.95,9693754.0
2026-10-08,TWSE,1435,中福,21.35,21.35,20.6,21.05,12903.0
2026-10-08,TWSE,1436,華友聯,36.0,36.5,36.0,36.25,149820.0
2026-10-08,TWSE,1437,勤益控,31.25,31.3,31.15,31.2,52117.0
2026-10-08,TWSE,1438,三地開發,21.7,21.8,21.5,21.75,12383.0
2026-10-08,TWSE,1439,雋揚,,,,,11.0
2026-10-08,TWSE,1440,南紡,13.45,14.05,13.45,13.95,8440432.0
2026-10-08,TWSE,1441,大東,9.91,9.91,9.54,9.71,31944.0
2026-10-08,TWSE,1442,名軒,26.05,27.1,26.05,26.8,353536.0
2026-10-08,TWSE,1443,立益物流,23.1,23.1,23.1,23.1,2155.0
2026-10-08,TWSE,1444,力麗,6.79,7.21,6.79,6.99,3245486.0
2026-10-08,TWSE,1445,大宇,10.55,11.05,10.2,10.4,145142.0
2026-10-08,TWSE,1446,宏和,13.35,13.45,13.35,13.45,66486.0
2026-10-08,TWSE,1447,力鵬,6.38,6.8,6.38,6.62,1514190.0
2026-10-08,TWSE,1449,佳和,12.45,13.3,12.4,12.8,1531355.0
2026-10-08,TWSE,1451,年興,17.0,17.05,16.9,17.0,83246.0
2026-10-08,TWSE,1452,宏益,10.7,10.8,10.6,10.7,58761.0
2026-10-08,TWSE,1453,大將,11.1,11.1,10.85,10.95,23248.0
2026-10-08,TWSE,1454,台富,12.05,12.15,12.05,12.1,32798.0
2026-10-08,TWSE,1455,集盛,9.99,10.9,9.92,10.8,20355917.0
2026-10-08,TWSE,1456,怡華,14.75,14.95,14.35,14.4,74489.0
2026-10-08,TWSE,1457,宜進,14.1,14.35,14.1,14.3,131883.0
2026-10-08,TWSE,1459,聯發,18.5,19.35,18.0,18.25,2030581.0
2026-10-08,TWSE,1460,宏遠,6.14,6.18,6.11,6.15,253751.0
2026-10-08,TWSE,1463,強盛新,17.6,17.65,17.45,17.65,68013.0
2026-10-08,TWSE,1464,得力,9.91,9.95,9.91,9.94,286395.0
2026-10-08,TWSE,1465,偉全,11.55,11.6,11.45,11.6,46775.0
2026-10-08,TWSE,1466,聚隆,14.3,14.65,14.3,14.55,242741.0
2026-10-08,TWSE,1467,南緯,8.03,8.39,8.03,8.21,277083.0
2026-10-08,TWSE,1468,昶和,13.25,13.45,13.0,13.4,78000.0
2026-10-08,TWSE,1470,大統新創,24.55,24.55,24.15,24.3,3000.0
2026-10-08,TWSE,1471,首利,9.4,9.47,9.4,9.42,276590.0
2026-10-08,TWSE,1472,三洋實業,89.2,90.8,89.0,89.0,54520.0
2026-10-08,TWSE,1473,台南,19.0,19.1,19.0,19.05,90350.0
2026-10-08,TWSE,1474,弘裕,9.99,10.05,9.89,10.0,390907.0
2026-10-08,TWSE,1475,業旺,26.0,26.0,25.5,25.5,24025.0
2026-10-08,TWSE,1476,儒鴻,293.0,303.5,291.5,297.0,3318487.0
2026-10-08,TWSE,1477,聚陽,204.0,207.0,202.0,202.5,2017762.0
2026-10-08,TWSE,1503,士電,199.0,201.0,198.0,199.5,1254051.0
2026-10-08,TWSE,1504,東元,71.9,73.9,70.8,73.3,29405336.0
2026-10-08,TWSE,1506,正道,9.61,9.71,9.6,9.63,43841.0
2026-10-08,TWSE,1512,瑞利,6.29,6.29,6.14,6.28,72019.0
2026-10-08,TWSE,1513,中興電,168.0,169.5,167.0,168.0,2948824.0
2026-10-08,TWSE,1514,亞力,104.5,105.5,103.5,103.5,1753122.0
2026-10-08,TWSE,1515,力山,28.4,28.55,28.15,28.4,334108.0
2026-10-08,TWSE,1516,川飛,13.55,13.8,13.55,13.6,27558.0
2026-10-08,TWSE,1517,利奇,10.3,10.4,10.25,10.4,204453.0
2026-10-08,TWSE,1519,華城,702.0,713.0,701.0,702.0,1882727.0
2026-10-08,TWSE,1521,大億,25.85,25.9,25.55,25.7,19681.0
2026-10-08,TWSE,1522,堤維西,25.4,26.05,25.4,25.95,351261.0
2026-10-08,TWSE,1524,耿鼎,25.7,26.15,25.7,26.1,406748.0
2026-10-08,TWSE,1525,江申,64.2,64.2,63.2,63.2,16278.0
2026-10-08,TWSE,1526,日馳,15.1,15.1,14.8,15.05,55427.0
2026-10-08,TWSE,1527,鑽全,32.45,32.7,32.4,32.5,112100.0
2026-10-08,TWSE,1528,恩德,24.1,24.4,23.9,24.05,1795413.0
2026-10-08,TWSE,1529,樂事綠能,15.85,15.85,15.7,15.7,259752.0
2026-10-08,TWSE,1530,亞崴,26.6,26.6,26.05,26.35,32691.0
2026-10-08,TWSE,1531,高林股,11.3,11.5,11.25,11.5,92675.0
2026-10-08,TWSE,1532,勤美,21.7,21.85,21.55,21.75,318245.0
2026-10-08,TWSE,1533,車王電,30.55,30.55,30.1,30.55,144726.0
2026-10-08,TWSE,1535,中宇,46.1,46.35,45.3,45.75,41383.0
2026-10-08,TWSE,1536,和大,46.75,46.85,46.45,46.55,598083.0
2026-10-08,TWSE,1537,廣隆,113.0,113.5,113.0,113.0,67507.0
2026-10-08,TWSE,1538,正峰,8.63,8.86,8.63,8.85,9262.0
2026-10-08,TWSE,1539,巨庭,15.55,15.6,15.5,15.6,28078.0
2026-10-08,TWSE,1540,喬福,18.9,19.0,18.9,18.9,100150.0
2026-10-08,TWSE,1541,錩泰,20.4,20.65,20.4,20.55,12003.0
2026-10-08,TWSE,1558,伸興,110.0,110.5,109.0,109.0,33069.0
2026-10-08,TWSE,1560,中砂,1030.0,1040.0,1015.0,1020.0,963089.0
2026-10-08,TWSE,1563,巧新,79.3,81.4,78.5,80.6,426231.0
2026-10-08,TWSE,1568,倉佑,31.4,31.6,30.7,31.35,290594.0
2026-10-08,TWSE,1582,信錦,72.1,73.0,71.7,71.7,316105.0
2026-10-08,TWSE,1583,程泰,46.9,47.45,45.6,47.3,39351.0
2026-10-08,TWSE,1587,吉茂,23.4,23.85,23.35,23.8,52493.0
2026-10-08,TWSE,1590,亞德客-KY,1215.0,1245.0,1200.0,1230.0,594237.0
2026-10-08,TWSE,1597,直得,144.0,147.5,142.5,145.0,934518.0
2026-10-08,TWSE,1598,岱宇,20.1,20.25,20.0,20.25,262742.0
2026-10-08,TWSE,1603,華電,30.7,30.75,30.4,30.6,151020.0
2026-10-08,TWSE,1604,聲寶,23.25,23.3,23.25,23.3,54325.0
2026-10-08,TWSE,1605,華新,38.75,40.35,38.7,39.9,47344571.0
2026-10-08,TWSE,1608,華榮,36.45,37.3,36.3,37.05,4763045.0
2026-10-08,TWSE,1609,大亞,38.55,39.15,38.5,39.0,6046222.0
2026-10-08,TWSE,1611,中電,11.25,11.35,11.25,11.3,333816.0
2026-10-08,TWSE,1612,宏泰,35.0,35.25,34.9,35.05,793425.0
2026-10-08,TWSE,1614,三洋電,31.05,31.15,31.0,31.0,35148.0
2026-10-08,TWSE,1615,大山,41.9,42.0,41.8,41.9,67214.0
2026-10-08,TWSE,1616,億泰,18.2,18.65,18.2,18.65,239792.0
2026-10-08,TWSE,1617,榮星,23.05,24.5,23.05,23.95,2242446.0
2026-10-08,TWSE,1618,合機,38.95,39.45,38.95,39.3,330073.0
2026-10-08,TWSE,1623,大東電,196.5,200.0,195.0,195.0,56503.0
2026-10-08,TWSE,1626,艾美特-KY,9.77,9.79,9.62,9.79,16601.0
2026-10-08,TWSE,1702,南僑,32.7,32.85,32.6,32.75,149538.0
2026-10-08,TWSE,1707,葡萄王,84.0,85.0,84.0,84.9,156126.0
2026-10-08,TWSE,1708,東鹼,57.3,58.3,56.6,57.3,4765830.0
2026-10-08,TWSE,1709,和益,63.3,64.6,59.2,60.2,45441633.0
2026-10-08,TWSE,1710,東聯,17.35,17.9,17.35,17.6,6111456.0
2026-10-08,TWSE,1711,永光,51.8,51.8,45.2,45.45,57037696.0
2026-10-08,TWSE,1712,興農,39.8,40.0,39.8,39.85,283408.0
2026-10-08,TWSE,1713,國化,45.45,45.5,44.65,44.75,142317.0
2026-10-08,TWSE,1714,和桐,19.3,20.35,18.5,19.65,89527508.0
2026-10-08,TWSE,1717,長興,75.6,76.0,74.7,75.6,8535860.0
2026-10-08,TWSE,1718,中纖,11.35,11.7,11.1,11.3,23717182.0
2026-10-08,TWSE,1720,生達,55.9,56.3,55.9,56.1,106810.0
2026-10-08,TWSE,1721,國慶科技,29.5,29.5,27.55,27.75,4598549.0
2026-10-08,TWSE,1722,台肥,41.1,41.4,41.1,41.3,1588591.0
2026-10-08,TWSE,1723,中碳,80.9,81.6,80.6,81.4,270203.0
2026-10-08,TWSE,1725,元禎,34.0,34.5,33.9,34.1,48175.0
2026-10-08,TWSE,1726,永記,76.5,76.6,76.0,76.2,29150.0
2026-10-08,TWSE,1727,中華化,105.5,109.5,105.0,106.0,7556204.0
2026-10-08,TWSE,1730,花仙子,51.1,51.1,51.0,51.1,26831.0
2026-10-08,TWSE,1731,美吾華,21.0,21.0,20.9,20.95,122448.0
2026-10-08,TWSE,1732,毛寶,26.45,27.4,26.45,26.75,657201.0
2026-10-08,TWSE,1733,五鼎,30.0,30.55,29.95,30.55,160289.0
2026-10-08,TWSE,1734,杏輝,32.1,32.15,31.85,32.1,118663.0
2026-10-08,TWSE,1735,日勝化,23.4,23.85,22.95,23.15,382047.0
2026-10-08,TWSE,1736,喬山,121.5,122.0,119.0,122.0,983309.0
2026-10-08,TWSE,1737,臺鹽,29.9,30.0,29.9,29.95,102845.0
2026-10-08,TWSE,1752,南光,31.5,31.65,31.4,31.5,34167.0
2026-10-08,TWSE,1760,寶齡富錦,54.2,54.5,53.8,54.3,73604.0
2026-10-08,TWSE,1762,中化生,33.7,34.0,33.7,33.9,50606.0
2026-10-08,TWSE,1773,勝一,177.5,179.5,174.5,177.0,1401435.0
2026-10-08,TWSE,1776,展宇,18.6,18.6,18.35,18.5,40275.0
2026-10-08,TWSE,1783,和康生,38.55,38.6,38.25,38.55,100524.0
2026-10-08,TWSE,1786,科妍,41.0,41.95,41.0,41.45,120471.0
2026-10-08,TWSE,1789,神隆,18.65,19.0,18.65,18.95,328732.0
2026-10-08,TWSE,1795,美時,176.5,182.5,176.5,182.5,1412712.0
2026-10-08,TWSE,1802,台玻,60.1,65.7,59.8,65.7,108469283.0
2026-10-08,TWSE,1805,寶徠,10.0,10.0,9.93,10.0,74369.0
2026-10-08,TWSE,1806,冠軍,7.86,8.0,7.85,7.96,292392.0
2026-10-08,TWSE,1808,潤隆,32.0,32.55,31.5,32.35,1998944.0
2026-10-08,TWSE,1809,中釉,44.8,47.5,44.8,46.5,4564309.0
2026-10-08,TWSE,1810,和成,23.7,23.9,23.3,23.4,1194506.0
2026-10-08,TWSE,1817,凱撒衛,39.6,39.7,39.5,39.7,51908.0
2026-10-08,TWSE,1903,士紙,47.4,47.4,47.1,47.25,14632.0
2026-10-08,TWSE,1904,正隆,24.55,25.3,24.45,25.25,2126905.0
2026-10-08,TWSE,1905,華紙,12.7,12.95,12.65,12.9,1803898.0
2026-10-08,TWSE,1906,寶隆,10.65,10.75,10.6,10.7,23517.0
2026-10-08,TWSE,1907,永豐餘,27.8,28.3,27.8,28.3,19714348.0
2026-10-08,TWSE,1909,榮成,10.1,10.25,10.1,10.15,1424566.0
2026-10-08,TWSE,2002,中鋼,19.0,19.0,18.8,18.95,22428217.0
2026-10-08,TWSE,2006,東和鋼鐵,86.8,87.1,85.2,85.9,1718705.0
2026-10-08,TWSE,2007,燁興,6.98,6.98,6.86,6.95,90976.0
2026-10-08,TWSE,2008,高興昌,30.7,30.95,30.6,30.95,6143.0
2026-10-08,TWSE,2009,第一銅,39.5,40.0,39.25,39.9,1127269.0
2026-10-08,TWSE,2010,春源,22.55,22.65,22.45,22.65,439284.0
2026-10-08,TWSE,2012,春雨,14.1,14.1,13.95,14.0,49409.0
2026-10-08,TWSE,2013,中鋼構,41.15,41.3,41.1,41.25,33156.0
2026-10-08,TWSE,2014,中鴻,16.95,17.0,16.85,16.9,730292.0
2026-10-08,TWSE,2015,豐興,64.8,65.1,64.5,64.5,153057.0
2026-10-08,TWSE,2017,官田鋼,8.84,8.92,8.84,8.89,247295.0
2026-10-08,TWSE,2020,美亞,24.85,25.05,24.25,24.4,1847439.0
2026-10-08,TWSE,2022,聚亨,7.18,7.21,7.14,7.16,221667.0
2026-10-08,TWSE,2023,燁輝,13.85,13.95,13.85,13.9,433037.0
2026-10-08,TWSE,2024,志聯,12.75,12.8,12.75,12.75,7873.0
2026-10-08,TWSE,2025,千興,14.05,14.05,13.5,13.5,776423.0
2026-10-08,TWSE,2027,大成鋼,47.8,48.1,47.45,47.75,8402153.0
2026-10-08,TWSE,2028,威致,16.85,16.9,16.75,16.9,66103.0
2026-10-08,TWSE,2029,盛餘,21.85,22.0,21.75,21.95,122405.0
2026-10-08,TWSE,2030,彰源,37.4,38.5,35.9,36.75,6649614.0
2026-10-08,TWSE,2031,新光鋼,45.95,45.95,45.6,45.9,327117.0
2026-10-08,TWSE,2032,新鋼,19.0,19.15,18.5,18.7,1487123.0
2026-10-08,TWSE,2033,佳大,55.9,55.9,52.8,53.2,989442.0
2026-10-08,TWSE,2034,允強,24.1,24.7,23.7,24.15,3786366.0
2026-10-08,TWSE,2038,海光,12.3,12.8,12.3,12.55,211046.0
2026-10-08,TWSE,2049,上銀,350.0,356.5,341.5,342.5,3604925.0
2026-10-08,TWSE,2059,川湖,11790.0,11790.0,11790.0,11790.0,414071.0
2026-10-08,TWSE,2062,橋椿,17.85,17.9,17.8,17.85,129794.0
2026-10-08,TWSE,2069,運錩,24.95,25.7,24.95,25.05,797693.0
2026-10-08,TWSE,2072,世紀風電,130.5,131.5,130.0,130.5,142796.0
2026-10-08,TWSE,2101,南港,29.2,29.9,29.2,29.75,2365059.0
2026-10-08,TWSE,2102,泰豐,16.5,16.6,16.45,16.55,145363.0
2026-10-08,TWSE,2103,台橡,28.45,29.3,28.25,29.0,6834786.0
2026-10-08,TWSE,2104,國際中橡,11.3,11.4,11.1,11.3,2791037.0
2026-10-08,TWSE,2105,正新,30.15,30.4,30.1,30.35,3322848.0
2026-10-08,TWSE,2106,建大,16.5,16.7,16.45,16.7,520852.0
2026-10-08,TWSE,2107,厚生,27.9,28.45,27.8,28.15,725802.0
2026-10-08,TWSE,2108,南帝,28.75,29.9,28.75,29.75,1280074.0
2026-10-08,TWSE,2109,華豐,14.3,14.35,14.25,14.35,194307.0
2026-10-08,TWSE,2114,鑫永銓,90.4,90.4,89.8,90.0,17847.0
2026-10-08,TWSE,2115,六暉-KY,24.75,25.45,24.7,24.85,352296.0
2026-10-08,TWSE,2201,裕隆,28.4,28.95,28.3,28.9,2096479.0
2026-10-08,TWSE,2204,中華,51.1,51.8,51.0,51.6,729751.0
2026-10-08,TWSE,2206,三陽工業,63.1,63.2,62.8,63.1,572777.0
2026-10-08,TWSE,2207,和泰車,516.0,526.0,516.0,526.0,322224.0
2026-10-08,TWSE,2208,台船,18.5,18.7,18.4,18.5,1681909.0
2026-10-08,TWSE,2211,長榮鋼,79.2,79.8,79.2,79.8,323936.0
2026-10-08,TWSE,2227,裕日車,44.5,44.5,44.0,44.4,41276.0
2026-10-08,TWSE,2228,劍麟,74.0,74.4,73.9,73.9,36420.0
2026-10-08,TWSE,2231,為升,90.3,92.0,90.3,91.0,72772.0
2026-10-08,TWSE,2233,宇隆,167.5,169.5,167.0,168.0,191214.0
2026-10-08,TWSE,2236,百達-KY,91.3,92.5,79.5,84.3,4944717.0
2026-10-08,TWSE,2237,華德動能-創,26.8,26.8,26.4,26.65,142246.0
2026-10-08,TWSE,2239,英利-KY,18.0,18.2,18.0,18.15,25163.0
2026-10-08,TWSE,2241,艾姆勒,47.6,52.0,47.4,52.0,10415526.0
2026-10-08,TWSE,2243,宏旭-KY,57.3,62.0,57.3,59.7,799043.0
2026-10-08,TWSE,2247,汎德永業,225.0,226.0,225.0,226.0,15287.0
2026-10-08,TWSE,2248,華勝-KY,60.7,61.0,60.5,61.0,14007.0
2026-10-08,TWSE,2250,IKKA-KY,55.1,55.3,54.9,54.9,38927.0
2026-10-08,TWSE,2254,巨鎧精密-創,102.0,106.0,91.4,91.4,5827764.0
2026-10-08,TWSE,2258,鴻華先進-創,31.0,31.3,30.8,30.9,330646.0
2026-10-08,TWSE,2301,光寶科,299.0,304.5,295.0,300.0,16513558.0
2026-10-08,TWSE,2302,麗正,46.0,48.8,45.15,48.3,5963579.0
2026-10-08,TWSE,2303,聯電,148.5,150.0,145.5,148.5,148662709.0
2026-10-08,TWSE,2305,全友,58.2,60.2,57.1,58.9,12962485.0
2026-10-08,TWSE,2308,台達電,2025.0,2045.0,1975.0,1990.0,10861290.0
2026-10-08,TWSE,2312,金寶,30.8,31.25,30.65,31.05,6995297.0
2026-10-08,TWSE,2313,華通,254.5,261.0,246.0,246.0,60718141.0
2026-10-08,TWSE,2314,台揚,10.9,10.95,10.85,10.85,100285.0
2026-10-08,TWSE,2316,楠梓電,175.0,191.0,174.0,179.0,6353407.0
2026-10-08,TWSE,2317,鴻海,254.0,254.5,251.5,252.0,36168012.0
2026-10-08,TWSE,2321,東訊,,,,,155.0
2026-10-08,TWSE,2324,仁寶,36.2,36.3,35.8,36.1,21869289.0
2026-10-08,TWSE,2327,國巨*,630.0,686.0,627.0,647.0,92783877.0
2026-10-08,TWSE,2328,廣宇,48.35,48.5,47.8,48.2,1314052.0
2026-10-08,TWSE,2329,華泰,45.45,45.7,45.05,45.4,2203651.0
2026-10-08,TWSE,2330,台積電,2565.0,2585.0,2560.0,2585.0,16941183.0
2026-10-08,TWSE,2331,精英,19.05,19.1,18.9,19.0,694659.0
2026-10-08,TWSE,2332,友訊,20.5,21.3,20.25,21.1,9991814.0
2026-10-08,TWSE,2337,旺宏,120.0,120.5,117.0,118.0,23220839.0
2026-10-08,TWSE,2338,光罩,47.65,48.35,47.3,47.8,2120430.0
2026-10-08,TWSE,2340,台亞,46.4,49.0,43.5,48.15,44973554.0
2026-10-08,TWSE,2342,茂矽,49.0,50.6,48.85,50.1,5479403.0
2026-10-08,TWSE,2344,華邦電,178.5,181.5,175.0,179.5,63384928.0
2026-10-08,TWSE,2345,智邦,2050.0,2140.0,2005.0,2015.0,5207562.0
2026-10-08,TWSE,2347,聯強,95.6,96.8,95.2,96.8,2349146.0
2026-10-08,TWSE,2348,海悅,70.9,71.1,70.4,70.6,335684.0
2026-10-08,TWSE,2349,錸德,10.35,10.45,10.25,10.3,1377682.0
2026-10-08,TWSE,2351,順德,218.5,226.0,218.0,218.0,3476946.0
2026-10-08,TWSE,2352,佳世達,29.0,29.05,28.8,28.9,2820787.0
2026-10-08,TWSE,2353,宏碁,31.3,31.45,31.05,31.3,7746065.0
2026-10-08,TWSE,2354,鴻準,62.8,62.9,62.0,62.1,5895133.0
2026-10-08,TWSE,2355,敬鵬,43.8,44.9,43.6,44.6,2986168.0
2026-10-08,TWSE,2356,英業達,58.8,58.9,58.1,58.1,9697087.0
2026-10-08,TWSE,2357,華碩,1000.0,1010.0,983.0,989.0,2487312.0
2026-10-08,TWSE,2359,所羅門,127.5,127.5,126.0,127.5,852857.0
2026-10-08,TWSE,2360,致茂,2480.0,2560.0,2385.0,2400.0,5234411.0
2026-10-08,TWSE,2362,藍天,46.65,46.8,46.45,46.7,341028.0
2026-10-08,TWSE,2363,矽統,59.5,61.8,58.5,60.7,7703102.0
2026-10-08,TWSE,2364,倫飛,64.5,65.1,64.3,64.6,67099.0
2026-10-08,TWSE,2365,昆盈,27.8,28.1,27.7,27.85,506082.0
2026-10-08,TWSE,2367,燿華,47.4,49.0,47.1,47.2,16045078.0
2026-10-08,TWSE,2368,金像電,1265.0,1310.0,1240.0,1245.0,11605752.0
2026-10-08,TWSE,2369,菱生,31.65,33.1,31.3,32.7,12552538.0
2026-10-08,TWSE,2371,大同,30.9,31.4,30.55,30.6,16830972.0
2026-10-08,TWSE,2373,震旦行,53.1,53.1,52.5,52.5,16579.0
2026-10-08,TWSE,2374,佳能,66.2,66.8,66.2,66.6,1120674.0
2026-10-08,TWSE,2375,凱美,126.5,134.5,126.0,129.5,12565851.0
2026-10-08,TWSE,2376,技嘉,375.5,375.5,361.0,365.5,14202861.0
2026-10-08,TWSE,2377,微星,155.5,156.5,155.0,156.0,3993242.0
2026-10-08,TWSE,2379,瑞昱,755.0,755.0,737.0,741.0,1420276.0
2026-10-08,TWSE,2380,虹光,16.45,16.65,15.75,15.8,358145.0
2026-10-08,TWSE,2382,廣達,335.0,337.5,332.5,335.0,9720312.0
2026-10-08,TWSE,2383,台光電,6015.0,6325.0,5950.0,5950.0,2968881.0
2026-10-08,TWSE,2385,群光,105.0,106.0,103.5,105.0,3390680.0
2026-10-08,TWSE,2387,精元,36.2,36.35,36.05,36.1,186824.0
2026-10-08,TWSE,2388,威盛,71.0,72.3,70.5,71.5,1615347.0
2026-10-08,TWSE,2390,云辰,10.0,10.15,10.0,10.05,278355.0
2026-10-08,TWSE,2392,正崴,41.1,41.1,40.4,40.75,1347513.0
2026-10-08,TWSE,2393,億光,67.0,68.0,66.1,68.0,2297603.0
2026-10-08,TWSE,2395,研華,740.0,740.0,722.0,733.0,1684627.0
2026-10-08,TWSE,2397,友通,65.0,65.0,63.2,63.4,184260.0
2026-10-08,TWSE,2399,映泰,49.6,51.0,48.85,49.95,7874104.0
2026-10-08,TWSE,2401,凌陽,26.85,26.9,26.2,26.45,1934572.0
2026-10-08,TWSE,2402,毅嘉,59.9,63.6,59.3,61.9,6668560.0
2026-10-08,TWSE,2404,漢唐,1335.0,1340.0,1305.0,1330.0,749646.0
2026-10-08,TWSE,2405,輔信,15.05,15.2,15.0,15.1,581439.0
2026-10-08,TWSE,2406,國碩,31.4,31.4,30.8,30.9,3453660.0
2026-10-08,TWSE,2408,南亞科,525.0,529.0,514.0,514.0,38411816.0
2026-10-08,TWSE,2409,友達,37.5,38.15,37.0,37.95,349688890.0
2026-10-08,TWSE,2412,中華電,145.5,145.5,144.0,145.5,7080591.0
2026-10-08,TWSE,2413,環科,57.1,59.0,56.9,58.1,12287291.0
2026-10-08,TWSE,2414,精技,53.9,54.0,53.5,54.0,158831.0
2026-10-08,TWSE,2415,錩新,29.65,30.5,28.7,29.2,1307945.0
2026-10-08,TWSE,2417,圓剛,38.5,38.5,37.9,37.9,439692.0
2026-10-08,TWSE,2419,仲琦,27.7,27.75,27.2,27.3,810858.0
2026-10-08,TWSE,2420,新巨,57.0,57.3,56.2,56.6,258680.0
2026-10-08,TWSE,2421,建準,171.5,173.5,168.5,171.5,1937016.0
2026-10-08,TWSE,2423,固緯,70.6,71.8,70.5,71.5,51856.0
2026-10-08,TWSE,2424,隴華,8.65,9.05,8.65,8.9,42591.0
2026-10-08,TWSE,2425,承啟,36.6,36.95,36.5,36.6,267755.0
2026-10-08,TWSE,2426,鼎元,105.5,106.5,102.0,104.0,23822354.0
2026-10-08,TWSE,2427,三商電,22.95,23.1,22.85,22.95,312512.0
2026-10-08,TWSE,2428,興勤,264.5,275.0,264.5,267.0,1964422.0
2026-10-08,TWSE,2429,銘旺科,30.4,30.4,30.05,30.1,153070.0
2026-10-08,TWSE,2430,燦坤,17.55,17.6,17.55,17.6,40118.0
2026-10-08,TWSE,2431,聯昌,10.1,10.15,9.98,10.15,130486.0
2026-10-08,TWSE,2432,倚天酷碁-創,29.9,29.9,28.25,28.3,136271.0
2026-10-08,TWSE,2433,互盛電,39.7,39.75,39.5,39.5,71708.0
2026-10-08,TWSE,2434,統懋,61.2,61.2,59.7,60.5,182519.0
2026-10-08,TWSE,2436,偉詮電,74.1,74.4,71.6,72.4,5802177.0
2026-10-08,TWSE,2438,翔耀,19.6,19.6,19.3,19.3,25404.0
2026-10-08,TWSE,2439,美律,77.3,79.4,76.7,78.7,4148169.0
2026-10-08,TWSE,2440,太空梭,14.2,14.25,14.05,14.15,136274.0
2026-10-08,TWSE,2441,超豐,127.0,127.5,125.0,127.0,2774900.0
2026-10-08,TWSE,2442,新美齊,13.9,14.15,13.9,14.0,754557.0
2026-10-08,TWSE,2444,兆勁,15.4,16.15,15.4,15.75,1198345.0
2026-10-08,TWSE,2449,京元電子,297.5,305.0,294.0,299.5,23768059.0
2026-10-08,TWSE,2450,神腦,28.05,28.15,28.05,28.15,46257.0
2026-10-08,TWSE,2451,創見,283.0,289.0,282.5,287.0,2495410.0
2026-10-08,TWSE,2453,凌群,53.2,53.6,53.2,53.3,143617.0
2026-10-08,TWSE,2454,聯發科,4920.0,4940.0,4835.0,4835.0,7695137.0
2026-10-08,TWSE,2455,全新,562.0,575.0,547.0,559.0,15372361.0
2026-10-08,TWSE,2457,飛宏,22.0,22.25,21.9,22.0,765898.0
2026-10-08,TWSE,2458,義隆,133.0,134.5,131.5,134.0,1032856.0
2026-10-08,TWSE,2459,敦吉,65.1,65.2,64.8,65.0,81727.0
2026-10-08,TWSE,2460,建通,30.4,30.85,30.3,30.45,191619.0
2026-10-08,TWSE,2461,光群雷,17.2,17.2,16.8,17.05,735463.0
2026-10-08,TWSE,2462,良得電,20.15,20.35,19.95,20.05,161335.0
2026-10-08,TWSE,2464,盟立,184.0,195.0,181.0,193.0,12298958.0
2026-10-08,TWSE,2465,麗臺,91.9,91.9,89.0,89.0,1108262.0
2026-10-08,TWSE,2466,冠西電,165.0,183.5,164.5,180.5,10204554.0
2026-10-08,TWSE,2467,志聖,570.0,589.0,566.0,569.0,1682322.0
2026-10-08,TWSE,2468,華經,41.85,43.75,41.5,41.85,2749683.0
2026-10-08,TWSE,2471,資通,51.2,51.3,51.0,51.2,53173.0
2026-10-08,TWSE,2472,立隆電,232.0,246.0,231.0,243.5,9533962.0
2026-10-08,TWSE,2474,可成,204.5,204.5,198.5,199.0,3492425.0
2026-10-08,TWSE,2476,鉅祥,132.0,132.5,129.5,131.5,1222988.0
2026-10-08,TWSE,2477,美隆電,22.6,22.6,22.35,22.35,121568.0
2026-10-08,TWSE,2478,大毅,130.0,138.5,130.0,134.5,13874633.0
2026-10-08,TWSE,2480,敦陽科,168.0,168.0,165.5,167.5,145905.0
2026-10-08,TWSE,2481,強茂,175.5,180.0,172.5,178.5,18329609.0
2026-10-08,TWSE,2482,連宇,15.7,16.35,15.7,16.25,158398.0
2026-10-08,TWSE,2483,百容,38.35,40.6,38.35,38.85,2452268.0
2026-10-08,TWSE,2484,希華,80.7,88.2,80.0,87.1,23490048.0
2026-10-08,TWSE,2485,兆赫,43.4,44.8,42.5,43.7,13342994.0
2026-10-08,TWSE,2486,一詮,242.0,251.0,240.0,240.0,5691350.0
2026-10-08,TWSE,2488,漢平,49.4,49.9,49.4,49.7,101744.0
2026-10-08,TWSE,2489,瑞軒,39.75,42.3,39.5,41.4,25774712.0
2026-10-08,TWSE,2491,吉祥全,39.95,40.7,39.65,39.7,464182.0
2026-10-08,TWSE,2492,華新科,389.0,428.0,388.0,428.0,53327805.0
2026-10-08,TWSE,2493,揚博,210.0,220.0,209.0,214.0,3178323.0
2026-10-08,TWSE,2495,普安,38.45,38.9,37.55,37.65,1537778.0
2026-10-08,TWSE,2496,卓越,54.9,55.0,54.7,54.9,19198.0
2026-10-08,TWSE,2497,怡利電,44.3,44.9,44.0,44.75,260629.0
2026-10-08,TWSE,2498,宏達電,42.6,42.75,42.1,42.3,3877569.0
2026-10-08,TWSE,2501,國建,20.25,20.65,20.15,20.6,1731575.0
2026-10-08,TWSE,2504,國產,30.85,31.55,30.75,31.55,1984061.0
2026-10-08,TWSE,2505,國揚,16.95,17.05,16.9,17.0,171765.0
2026-10-08,TWSE,2506,太設,8.36,8.42,8.35,8.39,36889.0
2026-10-08,TWSE,2509,全坤建,13.75,13.75,13.5,13.6,250418.0
2026-10-08,TWSE,2511,太子,8.25,8.27,8.23,8.25,459789.0
2026-10-08,TWSE,2514,龍邦,11.25,11.3,11.2,11.3,58080.0
2026-10-08,TWSE,2515,中工,11.85,12.2,11.85,12.15,12336878.0
2026-10-08,TWSE,2516,新建,14.5,15.1,14.5,15.05,259296.0
2026-10-08,TWSE,2520,冠德,36.65,37.0,36.5,37.0,504392.0
2026-10-08,TWSE,2524,京城,33.8,34.15,33.6,33.65,27432.0
2026-10-08,TWSE,2527,宏璟,49.8,51.1,49.45,50.7,570748.0
2026-10-08,TWSE,2528,皇普,18.95,18.95,18.8,18.8,222170.0
2026-10-08,TWSE,2530,華建,19.8,20.0,19.75,20.0,314756.0
2026-10-08,TWSE,2534,宏盛,16.65,16.75,16.6,16.6,151169.0
2026-10-08,TWSE,2535,達欣工,88.4,90.0,88.2,90.0,299512.0
2026-10-08,TWSE,2536,宏普,18.35,18.55,18.25,18.4,274752.0
2026-10-08,TWSE,2537,聯上發,10.95,11.05,10.95,11.0,184658.0
2026-10-08,TWSE,2538,基泰,8.64,8.78,8.64,8.78,280089.0
2026-10-08,TWSE,2539,櫻花建,33.45,33.95,33.35,33.8,744586.0
2026-10-08,TWSE,2540,愛山林,47.4,48.8,47.4,48.75,452442.0
2026-10-08,TWSE,2542,興富發,38.2,38.9,38.05,38.8,8465451.0
2026-10-08,TWSE,2543,皇昌,38.35,39.25,38.1,39.15,1148845.0
2026-10-08,TWSE,2545,皇翔,33.7,33.95,33.5,33.85,142198.0
2026-10-08,TWSE,2546,根基,105.5,108.5,105.5,108.5,167243.0
2026-10-08,TWSE,2547,日勝生,9.69,9.72,9.67,9.68,762206.0
2026-10-08,TWSE,2548,華固,91.2,91.5,91.0,91.2,889123.0
2026-10-08,TWSE,2597,潤弘,164.0,166.0,163.5,165.5,227491.0
2026-10-08,TWSE,2601,益航,6.11,6.17,6.05,6.08,2578607.0
2026-10-08,TWSE,2603,長榮,236.5,238.0,231.5,232.5,8250125.0
2026-10-08,TWSE,2605,新興,36.35,36.8,36.1,36.6,6385572.0
2026-10-08,TWSE,2606,裕民,75.1,75.4,74.0,74.5,1914953.0
2026-10-08,TWSE,2607,榮運,53.9,55.7,53.9,55.7,1207069.0
2026-10-08,TWSE,2608,嘉里大榮,28.7,28.7,28.55,28.55,220351.0
2026-10-08,TWSE,2609,陽明,59.1,59.6,58.8,59.1,10003733.0
2026-10-08,TWSE,2610,華航,20.2,20.35,20.15,20.35,9470549.0
2026-10-08,TWSE,2611,志信,15.35,15.35,14.95,15.05,463505.0
2026-10-08,TWSE,2612,中航,62.6,62.9,61.6,61.7,269937.0
2026-10-08,TWSE,2613,中櫃,21.85,22.05,21.65,21.95,223575.0
2026-10-08,TWSE,2614,東森,15.9,15.9,15.4,15.45,3951401.0
2026-10-08,TWSE,2615,萬海,112.0,112.5,110.5,111.5,5741412.0
2026-10-08,TWSE,2616,山隆,13.15,13.2,13.1,13.15,131592.0
2026-10-08,TWSE,2617,台航,32.25,32.25,31.75,32.1,719216.0
2026-10-08,TWSE,2618,長榮航,41.9,41.95,41.5,41.95,7085704.0
2026-10-08,TWSE,2630,亞航,45.75,46.15,45.45,45.55,485961.0
2026-10-08,TWSE,2633,台灣高鐵,25.65,25.75,25.6,25.75,2041952.0
2026-10-08,TWSE,2634,漢翔,64.6,64.7,63.6,63.6,4788645.0
2026-10-08,TWSE,2636,台驊控股,70.5,70.5,70.0,70.1,159097.0
2026-10-08,TWSE,2637,慧洋-KY,99.9,99.9,96.3,96.8,2710353.0
2026-10-08,TWSE,2642,宅配通,20.25,20.25,20.1,20.2,38437.0
2026-10-08,TWSE,2645,長榮航太,172.5,175.5,172.5,173.5,657502.0
2026-10-08,TWSE,2646,星宇航空,20.05,20.1,20.0,20.1,2609026.0
2026-10-08,TWSE,2701,萬企,10.35,10.35,10.25,10.3,33942.0
2026-10-08,TWSE,2702,華園,12.1,12.15,12.05,12.05,30638.0
2026-10-08,TWSE,2704,國賓,45.3,45.3,44.65,44.65,36929.0
2026-10-08,TWSE,2705,六福,15.1,15.15,15.05,15.1,62039.0
2026-10-08,TWSE,2706,第一店,12.1,12.15,12.05,12.1,69573.0
2026-10-08,TWSE,2707,晶華,174.5,175.5,174.5,175.0,72108.0
2026-10-08,TWSE,2712,遠雄來,13.2,13.25,13.2,13.2,6587.0
2026-10-08,TWSE,2722,夏都,21.75,21.75,21.35,21.5,19269.0
2026-10-08,TWSE,2723,美食-KY,78.0,80.4,77.7,80.1,281257.0
2026-10-08,TWSE,2727,王品,233.0,235.0,233.0,233.5,203129.0
2026-10-08,TWSE,2731,雄獅,143.5,145.0,143.5,144.0,148971.0
2026-10-08,TWSE,2739,寒舍,36.3,36.8,36.2,36.2,23050.0
2026-10-08,TWSE,2748,雲品,39.0,39.0,38.65,38.65,17308.0
2026-10-08,TWSE,2753,八方雲集,181.0,184.0,181.0,184.0,111257.0
2026-10-08,TWSE,2762,世界健身-KY,77.4,78.0,77.4,77.7,16059.0
2026-10-08,TWSE,2801,彰銀,27.4,27.8,27.3,27.75,11317628.0
2026-10-08,TWSE,2812,台中銀,18.75,18.95,18.75,18.85,10263590.0
2026-10-08,TWSE,2816,旺旺保,39.7,40.55,39.7,40.5,391876.0
2026-10-08,TWSE,2820,華票,16.65,16.85,16.65,16.85,565172.0
2026-10-08,TWSE,2832,台產,56.3,57.0,56.2,57.0,103536.0
2026-10-08,TWSE,2834,臺企銀,17.35,17.6,17.35,17.55,11374182.0
2026-10-08,TWSE,2836,高雄銀,12.05,12.15,12.0,12.1,1064791.0
2026-10-08,TWSE,2838,聯邦銀,20.4,20.6,20.25,20.5,907446.0
2026-10-08,TWSE,2845,遠東銀,12.85,13.0,12.85,13.0,4400831.0
2026-10-08,TWSE,2849,安泰銀,15.4,15.6,15.25,15.35,68809.0
2026-10-08,TWSE,2850,新產,159.0,163.5,159.0,163.5,305764.0
2026-10-08,TWSE,2851,中再保,46.3,47.8,46.15,47.75,3196379.0
2026-10-08,TWSE,2852,第一保,27.55,27.75,27.45,27.75,305876.0
2026-10-08,TWSE,2855,統一證,58.0,59.2,57.5,57.7,3866931.0
2026-10-08,TWSE,2880,華南金,45.65,46.9,45.6,46.9,10570913.0
2026-10-08,TWSE,2881,富邦金,154.5,155.5,154.0,155.5,12226914.0
2026-10-08,TWSE,2882,國泰金,112.5,114.0,111.5,113.0,21904476.0
2026-10-08,TWSE,2883,凱基金,37.8,38.5,37.6,38.5,39336180.0
2026-10-08,TWSE,2884,玉山金,45.6,45.85,45.4,45.75,11827886.0
2026-10-08,TWSE,2885,元大金,69.6,70.2,69.0,70.0,15612664.0
2026-10-08,TWSE,2886,兆豐金,49.35,49.8,49.2,49.8,16485479.0
2026-10-08,TWSE,2887,台新新光金,41.75,42.25,41.5,42.15,27208918.0
2026-10-08,TWSE,2889,國票金,16.2,16.4,16.2,16.3,3092329.0
2026-10-08,TWSE,2890,永豐金,45.4,45.5,44.65,44.65,19443931.0
2026-10-08,TWSE,2891,中信金,68.8,69.5,68.3,68.7,21099687.0
2026-10-08,TWSE,2892,第一金,38.5,38.9,38.4,38.9,13833369.0
2026-10-08,TWSE,2897,王道銀行,10.6,10.7,10.55,10.65,1199486.0
2026-10-08,TWSE,2901,欣欣,24.75,25.6,24.75,24.9,61460.0
2026-10-08,TWSE,2903,遠百,21.75,21.95,21.75,21.95,666050.0
2026-10-08,TWSE,2904,匯僑,12.5,12.65,12.5,12.65,19225.0
2026-10-08,TWSE,2905,三商,17.65,17.8,17.65,17.7,341708.0
2026-10-08,TWSE,2906,高林,13.35,13.35,13.25,13.3,42515.0
2026-10-08,TWSE,2908,特力,21.9,22.05,21.85,22.05,332698.0
2026-10-08,TWSE,2910,統領,23.45,23.5,23.45,23.5,3020.0
2026-10-08,TWSE,2911,麗嬰房,5.8,5.97,5.79,5.92,236575.0
2026-10-08,TWSE,2912,統一超,211.0,214.0,210.5,213.5,1917539.0
2026-10-08,TWSE,2913,農林,10.9,11.15,10.9,10.9,2165599.0
2026-10-08,TWSE,2915,潤泰全,57.6,58.6,57.6,58.5,1338517.0
2026-10-08,TWSE,2923,鼎固-KY,23.8,24.0,23.55,23.7,38360.0
2026-10-08,TWSE,2929,淘帝-KY,5.64,5.79,5.64,5.73,120078.0
2026-10-08,TWSE,2939,永邑-KY,24.8,24.8,23.7,24.3,44112.0
2026-10-08,TWSE,2945,三商家購,39.5,39.8,39.3,39.8,5447.0
2026-10-08,TWSE,3002,歐格,18.9,19.1,18.9,18.9,100520.0
2026-10-08,TWSE,3003,健和興,58.8,59.4,58.3,58.5,247236.0
2026-10-08,TWSE,3004,豐達科,121.5,122.5,120.0,121.0,395484.0
2026-10-08,TWSE,3005,神基,118.5,119.0,117.5,118.0,989835.0
2026-10-08,TWSE,3006,晶豪科,273.5,275.0,270.0,270.5,5153730.0
2026-10-08,TWSE,3008,大立光,6830.0,6970.0,6745.0,6845.0,2150347.0
2026-10-08,TWSE,3010,華立,130.5,132.0,130.5,132.0,615295.0
2026-10-08,TWSE,3011,今皓,9.53,10.1,9.53,10.0,543697.0
2026-10-08,TWSE,3013,晟銘電,96.3,97.9,93.7,96.3,4384685.0
2026-10-08,TWSE,3014,聯陽,146.5,149.5,145.5,149.0,4847736.0
2026-10-08,TWSE,3015,全漢,54.1,54.1,52.4,52.6,446053.0
2026-10-08,TWSE,3016,嘉晶,188.5,195.5,185.0,195.0,4013446.0
2026-10-08,TWSE,3017,奇鋐,3650.0,3655.0,3505.0,3545.0,3515134.0
2026-10-08,TWSE,3018,隆銘綠能,11.65,11.7,11.3,11.5,41061.0
2026-10-08,TWSE,3019,亞光,140.0,141.0,137.5,138.0,2894659.0
2026-10-08,TWSE,3021,鴻名,27.75,29.9,27.75,27.95,3144039.0
2026-10-08,TWSE,3022,威強電,90.8,91.0,89.5,90.7,640835.0
2026-10-08,TWSE,3023,信邦,317.5,328.0,317.5,323.0,781901.0
2026-10-08,TWSE,3024,憶聲,13.65,13.8,13.6,13.8,329709.0
2026-10-08,TWSE,3025,星通,58.2,59.9,57.5,58.5,1206891.0
2026-10-08,TWSE,3026,禾伸堂,801.0,872.0,801.0,839.0,15543764.0
2026-10-08,TWSE,3027,盛達,19.45,20.35,19.45,19.75,524098.0
2026-10-08,TWSE,3028,增你強,62.7,63.4,62.6,63.1,460628.0
2026-10-08,TWSE,3029,零壹,113.5,116.0,110.5,115.5,2666774.0
2026-10-08,TWSE,3030,德律,306.0,317.0,302.5,313.5,2951750.0
2026-10-08,TWSE,3031,佰鴻,33.5,33.7,32.8,33.5,4489489.0
2026-10-08,TWSE,3032,偉訓,78.3,78.3,77.2,77.2,345185.0
2026-10-08,TWSE,3033,威健,41.8,42.1,41.6,41.7,1637046.0
2026-10-08,TWSE,3034,聯詠,538.0,539.0,527.0,529.0,2030575.0
2026-10-08,TWSE,3035,智原,211.0,213.0,208.0,209.0,3130684.0
2026-10-08,TWSE,3036,文曄,215.0,218.0,213.5,215.5,6629983.0
2026-10-08,TWSE,3037,欣興,1310.0,1345.0,1300.0,1305.0,9178597.0
2026-10-08,TWSE,3038,全台,20.4,20.55,20.35,20.45,201579.0
2026-10-08,TWSE,3040,遠見,33.1,33.7,32.7,33.0,661649.0
2026-10-08,TWSE,3041,揚智,24.25,24.45,23.9,24.0,556506.0
2026-10-08,TWSE,3042,晶技,205.0,213.0,202.5,210.5,12723483.0
2026-10-08,TWSE,3043,科風,20.9,20.95,20.8,20.85,60294.0
2026-10-08,TWSE,3044,健鼎,585.0,590.0,577.0,582.0,2557389.0
2026-10-08,TWSE,3045,台灣大,123.0,123.0,122.0,122.5,5429501.0
2026-10-08,TWSE,3046,建碁,53.4,53.7,52.8,53.0,189410.0
2026-10-08,TWSE,3047,訊舟,14.55,14.55,14.4,14.5,336000.0
2026-10-08,TWSE,3048,益登,52.9,54.6,52.9,53.4,1218169.0
2026-10-08,TWSE,3049,精金,12.15,12.25,12.1,12.2,2250919.0
2026-10-08,TWSE,3050,鈺德,11.65,11.65,11.5,11.6,354815.0
2026-10-08,TWSE,3051,力特,22.3,22.8,22.3,22.45,379569.0
2026-10-08,TWSE,3052,夆典,10.45,10.55,10.45,10.5,92627.0
2026-10-08,TWSE,3054,立萬利,60.4,60.4,58.2,58.9,220580.0
2026-10-08,TWSE,3055,蔚華科,218.0,227.5,213.0,223.0,1231682.0
2026-10-08,TWSE,3056,富華新,13.65,13.75,13.65,13.65,373464.0
2026-10-08,TWSE,3057,喬鼎,15.35,15.35,15.0,15.0,116765.0
2026-10-08,TWSE,3058,立德,8.19,8.28,8.19,8.2,314258.0
2026-10-08,TWSE,3059,華晶科,38.55,38.75,38.35,38.55,1112500.0
2026-10-08,TWSE,3060,銘異,28.95,29.25,28.7,29.15,1031879.0
2026-10-08,TWSE,3062,建漢,22.65,22.65,22.15,22.35,1318010.0
2026-10-08,TWSE,3090,日電貿,172.0,180.0,171.0,174.0,13804591.0
2026-10-08,TWSE,3092,鴻碩,24.2,25.0,24.0,24.55,261590.0
2026-10-08,TWSE,3094,聯傑,69.2,70.2,66.2,67.5,4766933.0
2026-10-08,TWSE,3130,一零四,207.5,208.0,207.5,207.5,41519.0
2026-10-08,TWSE,3135,凌航,158.0,158.0,156.5,157.0,367350.0
2026-10-08,TWSE,3138,耀登,102.5,104.0,100.0,102.0,505241.0
2026-10-08,TWSE,3149,正達,75.3,77.6,75.0,77.1,8553875.0
2026-10-08,TWSE,3150,鈺寶-創,15.3,15.3,14.95,15.05,96988.0
2026-10-08,TWSE,3164,景岳,16.55,16.7,16.55,16.7,24335.0
2026-10-08,TWSE,3167,大量,1025.0,1060.0,1015.0,1025.0,1566156.0
2026-10-08,TWSE,3168,眾福科,42.15,42.75,42.0,42.2,12009.0
2026-10-08,TWSE,3189,景碩,1085.0,1145.0,1085.0,1100.0,13227551.0
2026-10-08,TWSE,3209,全科,47.2,47.2,46.05,46.5,1781169.0
2026-10-08,TWSE,3229,晟鈦,55.5,56.5,55.1,55.7,737866.0
2026-10-08,TWSE,3231,緯創,188.5,189.5,185.0,185.0,26744927.0
2026-10-08,TWSE,3257,虹冠電,49.5,49.95,49.35,49.5,98943.0
2026-10-08,TWSE,3266,昇陽,14.1,14.1,13.9,14.0,8216.0
2026-10-08,TWSE,3296,勝德,28.05,28.75,28.05,28.5,60087.0
2026-10-08,TWSE,3305,昇貿,109.0,111.0,108.0,110.0,786744.0
2026-10-08,TWSE,3308,聯德,22.45,22.45,21.7,22.35,32856.0
2026-10-08,TWSE,3311,閎暉,46.8,48.0,43.8,47.35,5622195.0
2026-10-08,TWSE,3312,弘憶股,51.2,51.8,50.8,51.5,421836.0
2026-10-08,TWSE,3321,同泰,17.7,17.85,17.35,17.65,177772.0
2026-10-08,TWSE,3338,泰碩,70.8,72.0,70.3,70.5,404700.0
2026-10-08,TWSE,3346,麗清,23.45,23.6,23.3,23.3,294170.0
2026-10-08,TWSE,3356,奇偶,68.0,68.1,67.3,67.6,210395.0
2026-10-08,TWSE,3376,新日興,171.5,172.5,168.5,169.0,2611746.0
2026-10-08,TWSE,3380,明泰,31.3,31.4,30.65,30.9,1614615.0
2026-10-08,TWSE,3406,玉晶光,1045.0,1120.0,1035.0,1085.0,6012633.0
2026-10-08,TWSE,3413,京鼎,295.0,295.5,288.5,288.5,784506.0
2026-10-08,TWSE,3416,融程電,168.0,170.0,168.0,169.0,132706.0
2026-10-08,TWSE,3419,譁裕,12.0,12.0,11.75,11.9,69251.0
2026-10-08,TWSE,3432,台端,14.75,14.75,14.5,14.7,19324.0
2026-10-08,TWSE,3437,榮創,21.35,21.6,20.95,21.3,997296.0
2026-10-08,TWSE,3443,創意,8485.0,8750.0,8350.0,8460.0,1576800.0
2026-10-08,TWSE,3447,展達,27.4,28.1,27.4,27.5,36283.0
2026-10-08,TWSE,3450,聯鈞,538.0,559.0,533.0,535.0,12116633.0
2026-10-08,TWSE,3481,群創,51.2,52.7,50.7,52.5,101925493.0
2026-10-08,TWSE,3494,誠研,7.08,7.1,7.02,7.08,21915.0
2026-10-08,TWSE,3501,維熹,38.05,38.05,37.7,37.7,42724.0
2026-10-08,TWSE,3504,揚明光,82.1,85.3,82.1,83.6,1058471.0
2026-10-08,TWSE,3515,華擎,219.0,220.5,218.0,219.0,242041.0
2026-10-08,TWSE,3518,柏騰,51.4,52.0,47.6,50.3,5277051.0
2026-10-08,TWSE,3528,安馳,87.2,87.4,85.3,85.4,110081.0
2026-10-08,TWSE,3530,晶相光,59.7,59.9,58.6,58.6,121619.0
2026-10-08,TWSE,3532,台勝科,468.0,513.0,467.0,513.0,10243209.0
2026-10-08,TWSE,3533,嘉澤,1890.0,1895.0,1825.0,1825.0,962170.0
2026-10-08,TWSE,3535,晶彩科,92.0,93.6,91.1,91.9,516594.0
2026-10-08,TWSE,3543,州巧,53.2,55.7,52.6,55.7,3460594.0
2026-10-08,TWSE,3545,敦泰,50.2,50.3,49.3,49.5,742196.0
2026-10-08,TWSE,3550,聯穎,24.85,25.1,24.5,24.55,844854.0
2026-10-08,TWSE,3557,嘉威,23.7,23.7,23.4,23.65,29447.0
2026-10-08,TWSE,3563,牧德,756.0,769.0,740.0,740.0,744403.0
2026-10-08,TWSE,3576,聯合再生,18.45,18.8,18.15,18.6,8455427.0
2026-10-08,TWSE,3583,辛耘,750.0,768.0,741.0,743.0,1158547.0
2026-10-08,TWSE,3588,通嘉,55.7,56.5,55.3,55.6,230552.0
2026-10-08,TWSE,3591,艾笛森,26.95,27.3,26.65,26.8,671582.0
2026-10-08,TWSE,3592,瑞鼎,239.0,239.0,235.0,236.0,298963.0
2026-10-08,TWSE,3593,力銘,10.65,10.75,10.65,10.75,5010.0
2026-10-08,TWSE,3596,智易,156.5,157.5,156.0,157.0,870755.0
2026-10-08,TWSE,3605,宏致,179.0,185.0,162.0,167.0,30368731.0
2026-10-08,TWSE,3607,谷崧,13.75,14.3,13.7,14.0,301740.0
2026-10-08,TWSE,3617,碩天,247.0,247.0,242.5,245.5,231206.0
2026-10-08,TWSE,3622,洋華,46.1,48.5,46.1,47.05,389619.0
2026-10-08,TWSE,3645,達邁,74.3,75.5,74.1,74.3,1666813.0
2026-10-08,TWSE,3652,精聯,34.2,35.7,34.2,35.15,194226.0
2026-10-08,TWSE,3653,健策,6970.0,7020.0,6760.0,6805.0,1021389.0
2026-10-08,TWSE,3661,世芯-KY,4200.0,4295.0,4135.0,4190.0,3535589.0
2026-10-08,TWSE,3665,貿聯-KY,2325.0,2330.0,2285.0,2315.0,3474113.0
2026-10-08,TWSE,3669,圓展,32.6,32.95,32.2,32.2,145894.0
2026-10-08,TWSE,3673,TPK-KY,75.8,77.5,75.5,76.3,8485167.0
2026-10-08,TWSE,3679,新至陞,108.5,108.5,107.5,108.0,50520.0
2026-10-08,TWSE,3686,達能,15.65,15.8,15.5,15.8,73403.0
2026-10-08,TWSE,3694,海華,50.8,51.9,50.8,51.9,1034487.0
2026-10-08,TWSE,3701,大眾控,64.0,64.9,59.1,61.1,13550462.0
2026-10-08,TWSE,3702,大聯大,119.5,121.0,117.5,120.0,5167767.0
2026-10-08,TWSE,3703,欣陸,19.35,19.5,19.35,19.35,382969.0
2026-10-08,TWSE,3704,合勤控,39.95,40.1,39.4,39.45,873494.0
2026-10-08,TWSE,3705,永信,57.1,57.5,56.7,57.4,273853.0
2026-10-08,TWSE,3706,神達,80.8,80.9,80.2,80.9,3073038.0
2026-10-08,TWSE,3708,上緯投控,96.4,97.0,95.7,96.2,121729.0
2026-10-08,TWSE,3711,日月光投控,735.0,748.0,728.0,732.0,8235725.0
2026-10-08,TWSE,3712,永崴投控,20.6,20.65,20.35,20.35,215571.0
2026-10-08,TWSE,3714,富采,67.0,68.0,66.8,67.4,4384737.0
2026-10-08,TWSE,3715,定穎投控,136.0,144.0,133.0,139.0,19985024.0
2026-10-08,TWSE,3716,中化控股,33.7,33.85,33.5,33.65,144566.0
2026-10-08,TWSE,3717,聯嘉投控,28.4,28.4,26.7,27.45,12885614.0
2026-10-08,TWSE,4104,佳醫,72.0,72.0,71.5,72.0,87095.0
2026-10-08,TWSE,4106,雃博,24.2,24.25,24.1,24.25,110772.0
2026-10-08,TWSE,4108,懷特,11.35,11.4,11.2,11.35,246919.0
2026-10-08,TWSE,4119,旭富,52.8,53.9,52.8,53.6,79031.0
2026-10-08,TWSE,4133,亞諾法,20.6,22.2,20.6,21.7,610380.0
2026-10-08,TWSE,4137,麗豐-KY,75.5,76.4,75.5,76.4,57334.0
2026-10-08,TWSE,4142,國光生,18.1,18.6,18.1,18.55,2377320.0
2026-10-08,TWSE,4148,全宇生技-KY,31.7,32.1,31.7,32.1,7115.0
2026-10-08,TWSE,4164,承業醫,29.0,29.7,28.1,28.2,1248199.0
2026-10-08,TWSE,4169,泰宗,149.0,152.0,148.5,151.5,81351.0
2026-10-08,TWSE,4178,永笙-KY,17.6,18.2,17.6,18.05,287917.0
2026-10-08,TWSE,4190,佐登-KY,24.75,24.75,24.5,24.5,13679.0
2026-10-08,TWSE,4195,基米-創,16.45,16.5,15.55,15.85,168411.0
2026-10-08,TWSE,4306,炎洲,14.4,14.6,14.4,14.5,557127.0
2026-10-08,TWSE,4414,如興,8.02,8.13,8.02,8.07,126834.0
2026-10-08,TWSE,4426,利勤,7.53,7.62,7.53,7.61,81284.0
2026-10-08,TWSE,4438,廣越,56.2,56.4,56.0,56.4,61202.0
2026-10-08,TWSE,4439,冠星-KY,95.8,96.0,95.8,96.0,6412.0
2026-10-08,TWSE,4440,宜新實業,17.05,17.55,17.05,17.45,56199.0
2026-10-08,TWSE,4441,振大環球,170.5,172.0,170.5,171.0,48955.0
2026-10-08,TWSE,4526,東台,34.1,34.1,33.35,33.45,1089997.0
2026-10-08,TWSE,4532,瑞智,24.4,24.6,24.4,24.6,337407.0
2026-10-08,TWSE,4536,拓凱,159.0,159.0,157.5,158.0,129871.0
2026-10-08,TWSE,4540,全球傳動,59.6,59.8,58.5,58.9,913816.0
2026-10-08,TWSE,4545,銘鈺,38.6,38.6,37.7,38.45,140588.0
2026-10-08,TWSE,4551,智伸科,182.0,193.5,179.0,187.0,4416501.0
2026-10-08,TWSE,4552,力達-KY,15.45,15.5,15.3,15.4,105481.0
2026-10-08,TWSE,4555,氣立,42.75,43.2,42.25,42.25,177041.0
2026-10-08,TWSE,4557,永新-KY,50.2,50.7,50.1,50.2,52546.0
2026-10-08,TWSE,4560,強信-KY,30.05,30.1,29.8,30.05,194000.0
2026-10-08,TWSE,4562,穎漢,30.0,30.85,29.95,30.2,103371.0
2026-10-08,TWSE,4564,元翎,15.8,16.05,15.7,15.85,495232.0
2026-10-08,TWSE,4566,時碩工業,76.4,78.1,75.5,77.3,2485046.0
2026-10-08,TWSE,4569,六方科-KY,157.0,160.0,155.0,159.5,160895.0
2026-10-08,TWSE,4571,鈞興-KY,153.5,154.0,153.0,153.5,51868.0
2026-10-08,TWSE,4572,駐龍,139.5,139.5,138.0,139.0,20357.0
2026-10-08,TWSE,4576,大銀微系統,235.0,239.5,228.0,232.0,1740797.0
2026-10-08,TWSE,4581,光隆精密-KY,48.0,48.1,48.0,48.1,14013.0
2026-10-08,TWSE,4582,聚恆-創,22.0,22.15,22.0,22.1,48468.0
2026-10-08,TWSE,4583,台灣精銳,416.0,420.0,410.0,416.0,79627.0
2026-10-08,TWSE,4585,達明,290.0,291.5,290.0,290.5,73224.0
2026-10-08,TWSE,4588,玖鼎電力,55.9,57.0,55.5,56.6,100389.0
2026-10-08,TWSE,4590,富田-創,88.2,89.8,88.2,89.4,134324.0
2026-10-08,TWSE,4720,德淵,25.3,25.3,23.15,23.25,12742306.0
2026-10-08,TWSE,4722,國精化,218.5,231.5,218.5,224.0,2837011.0
2026-10-08,TWSE,4736,泰博,130.0,132.5,130.0,131.5,229040.0
2026-10-08,TWSE,4737,華廣,55.4,55.7,55.0,55.0,45257.0
2026-10-08,TWSE,4739,康普,88.0,91.0,87.4,87.4,2530534.0
2026-10-08,TWSE,4746,台耀,48.3,48.8,47.95,48.05,474740.0
2026-10-08,TWSE,4755,三福化,134.0,137.5,126.5,127.5,1603833.0
2026-10-08,TWSE,4763,材料*-KY,47.0,47.1,46.0,46.35,4816814.0
2026-10-08,TWSE,4764,雙鍵,197.5,218.0,197.5,206.5,3077189.0
2026-10-08,TWSE,4766,南寶,353.5,359.5,352.0,359.5,259704.0
2026-10-08,TWSE,4770,上品,266.0,270.0,266.0,267.5,415240.0
2026-10-08,TWSE,4771,望隼,204.0,207.5,203.0,203.0,145123.0
2026-10-08,TWSE,4807,日成-KY,30.8,32.4,30.8,31.6,174830.0
2026-10-08,TWSE,4904,遠傳,105.0,106.0,104.5,106.0,3772718.0
2026-10-08,TWSE,4906,正文,43.1,44.0,41.85,42.2,14425584.0
2026-10-08,TWSE,4912,聯德控股-KY,109.5,112.0,108.0,109.5,620411.0
2026-10-08,TWSE,4915,致伸,63.5,63.7,62.9,62.9,2407663.0
2026-10-08,TWSE,4916,事欣科,110.0,113.5,102.0,102.5,12878549.0
2026-10-08,TWSE,4919,新唐,151.5,164.0,150.0,159.5,26226063.0
2026-10-08,TWSE,4927,泰鼎-KY,55.8,57.0,51.0,54.5,27695654.0
2026-10-08,TWSE,4930,燦星網,15.8,15.8,15.7,15.8,5545.0
2026-10-08,TWSE,4934,太極,15.2,15.55,14.9,15.55,1234108.0
2026-10-08,TWSE,4935,茂林-KY,33.45,33.45,32.7,32.95,36341.0
2026-10-08,TWSE,4938,和碩,90.0,90.1,89.3,90.0,3371719.0
2026-10-08,TWSE,4942,嘉彰,31.55,31.6,31.4,31.55,65102.0
2026-10-08,TWSE,4943,康控-KY,6.69,6.69,6.59,6.64,14985.0
2026-10-08,TWSE,4949,有成精密,82.3,86.5,81.9,83.9,2167866.0
2026-10-08,TWSE,4952,凌通,49.8,50.2,49.0,49.35,215058.0
2026-10-08,TWSE,4956,光鋐,42.5,43.3,42.45,42.8,3438846.0
2026-10-08,TWSE,4958,臻鼎-KY,576.0,600.0,573.0,595.0,35265114.0
2026-10-08,TWSE,4960,誠美材,24.1,24.5,24.0,24.15,1854745.0
2026-10-08,TWSE,4961,天鈺,184.5,185.5,178.0,179.0,1320564.0
2026-10-08,TWSE,4967,十銓,267.5,268.0,265.0,265.0,1388324.0
2026-10-08,TWSE,4968,立積,98.8,98.8,97.0,97.2,266920.0
2026-10-08,TWSE,4976,佳凌,37.95,37.95,37.15,37.6,803719.0
2026-10-08,TWSE,4977,眾達-KY,177.0,183.0,175.0,175.0,6153338.0
2026-10-08,TWSE,4989,榮科,68.4,74.7,67.0,73.7,23621619.0
2026-10-08,TWSE,4994,傳奇,81.9,82.0,81.9,82.0,6666.0
2026-10-08,TWSE,4999,鑫禾,17.7,17.7,17.6,17.7,53337.0
2026-10-08,TWSE,5007,三星,56.0,56.2,55.6,55.6,7259.0
2026-10-08,TWSE,5203,訊連,58.3,61.8,58.1,59.9,373375.0
2026-10-08,TWSE,5215,科嘉-KY,38.2,38.2,37.7,37.7,22900.0
2026-10-08,TWSE,5222,全訊,102.5,103.0,101.5,103.0,311697.0
2026-10-08,TWSE,5225,東科-KY,52.9,53.8,52.8,53.2,252452.0
2026-10-08,TWSE,5234,達興材料,329.0,342.5,324.0,336.5,1778116.0
2026-10-08,TWSE,5236,凌陽創新,128.0,128.0,126.0,126.0,146697.0
2026-10-08,TWSE,5243,乙盛-KY,96.2,97.8,95.6,96.8,1654510.0
2026-10-08,TWSE,5244,弘凱,37.9,41.25,37.8,40.75,2240895.0
2026-10-08,TWSE,5258,虹堡,41.4,42.35,41.4,42.15,204985.0
2026-10-08,TWSE,5269,祥碩,1480.0,1480.0,1455.0,1455.0,166797.0
2026-10-08,TWSE,5283,禾聯碩,51.4,52.2,51.4,51.6,32288.0
2026-10-08,TWSE,5284,jpp-KY,293.0,293.5,286.5,286.5,359269.0
2026-10-08,TWSE,5285,界霖,100.0,106.5,96.3,97.8,12538476.0
2026-10-08,TWSE,5288,豐祥-KY,189.5,190.0,188.5,189.0,69531.0
2026-10-08,TWSE,5292,華懋,248.5,250.5,237.5,243.0,598168.0
2026-10-08,TWSE,5306,桂盟,87.9,88.2,87.1,87.9,137716.0
2026-10-08,TWSE,5388,中磊,73.2,75.3,73.2,74.0,4831924.0
2026-10-08,TWSE,5434,崇越,630.0,634.0,600.0,605.0,843184.0
2026-10-08,TWSE,5469,瀚宇博,81.0,81.4,79.9,80.5,2777057.0
2026-10-08,TWSE,5471,松翰,52.2,52.3,51.3,51.7,471739.0
2026-10-08,TWSE,5484,慧友,38.55,39.25,38.55,38.95,103194.0
2026-10-08,TWSE,5515,建國,51.9,52.2,51.5,52.0,217501.0
2026-10-08,TWSE,5519,隆大,24.7,24.8,24.7,24.8,153870.0
2026-10-08,TWSE,5521,工信,10.95,11.15,10.9,11.1,2572273.0
2026-10-08,TWSE,5522,遠雄,60.0,61.4,60.0,61.2,508943.0
2026-10-08,TWSE,5525,順天,22.05,22.05,21.8,21.95,25225.0
2026-10-08,TWSE,5531,鄉林,6.79,7.08,6.78,7.01,789017.0
2026-10-08,TWSE,5533,皇鼎,13.85,14.05,13.85,13.9,70472.0
2026-10-08,TWSE,5534,長虹,71.0,71.7,70.6,71.6,435913.0
2026-10-08,TWSE,5538,東明-KY,36.65,36.65,36.2,36.3,32002.0
2026-10-08,TWSE,5546,永固-KY,13.7,13.95,13.5,13.85,13257.0
2026-10-08,TWSE,5607,遠雄港,52.3,52.9,52.2,52.5,267751.0
2026-10-08,TWSE,5608,四維航,16.7,16.8,16.55,16.55,1527623.0
2026-10-08,TWSE,5706,鳳凰,44.8,44.8,44.0,44.5,57307.0
2026-10-08,TWSE,5871,中租-KY,106.0,106.5,105.5,106.0,3963527.0
2026-10-08,TWSE,5876,上海商銀,49.0,49.5,48.45,49.5,4928280.0
2026-10-08,TWSE,5880,合庫金,26.0,26.55,26.0,26.55,14443344.0
2026-10-08,TWSE,5906,台南-KY,38.0,38.0,38.0,38.0,2066.0
2026-10-08,TWSE,5907,大洋-KY,4.73,4.76,4.65,4.68,125032.0
2026-10-08,TWSE,6005,群益證,32.7,33.05,32.55,32.55,5210777.0
2026-10-08,TWSE,6024,群益期,59.7,59.7,59.3,59.4,115676.0
2026-10-08,TWSE,6108,競國,24.5,26.15,24.5,25.95,3288330.0
2026-10-08,TWSE,6112,邁達特,44.8,44.9,44.45,44.75,481304.0
2026-10-08,TWSE,6115,鎰勝,43.8,43.95,43.75,43.9,79655.0
2026-10-08,TWSE,6116,彩晶,15.45,15.65,15.2,15.5,27509287.0
2026-10-08,TWSE,6117,迎廣,69.2,72.0,67.7,68.0,2756495.0
2026-10-08,TWSE,6120,達運,14.15,14.25,13.8,14.0,4140449.0
2026-10-08,TWSE,6128,上福,19.15,19.2,19.15,19.2,19849.0
2026-10-08,TWSE,6133,金橋,28.05,28.35,26.65,26.95,4246208.0
2026-10-08,TWSE,6136,富爾特,25.2,25.3,25.1,25.25,102554.0
2026-10-08,TWSE,6139,亞翔,788.0,795.0,780.0,787.0,2624441.0
2026-10-08,TWSE,6141,柏承,51.2,54.0,50.0,53.4,2606451.0
2026-10-08,TWSE,6142,友勁,9.02,9.17,8.95,9.1,598337.0
2026-10-08,TWSE,6152,百一,19.7,20.1,18.9,19.8,22537105.0
2026-10-08,TWSE,6153,嘉聯益,18.15,18.2,17.7,18.0,2479870.0
2026-10-08,TWSE,6155,鈞寶,67.5,73.4,67.5,71.5,5825924.0
2026-10-08,TWSE,6164,華興,13.2,13.4,13.1,13.35,635370.0
2026-10-08,TWSE,6165,浪凡,47.7,48.2,47.2,47.75,2661013.0
2026-10-08,TWSE,6166,凌華,130.0,131.0,127.5,131.0,1186488.0
2026-10-08,TWSE,6168,宏齊,43.65,44.15,40.3,41.45,11762842.0
2026-10-08,TWSE,6176,瑞儀,91.5,91.5,90.7,91.1,799317.0
2026-10-08,TWSE,6177,達麗,45.4,45.95,45.15,45.9,563178.0
2026-10-08,TWSE,6183,關貿,91.4,92.0,90.7,91.4,37490.0
2026-10-08,TWSE,6184,大豐電,39.9,40.0,39.9,40.0,68896.0
2026-10-08,TWSE,6189,豐藝,49.9,49.9,49.3,49.4,138952.0
2026-10-08,TWSE,6191,精成科,87.1,87.7,86.1,87.5,2128335.0
2026-10-08,TWSE,6192,巨路,111.0,112.0,111.0,111.5,74131.0
2026-10-08,TWSE,6196,帆宣,660.0,675.0,660.0,670.0,1308585.0
2026-10-08,TWSE,6197,佳必琪,366.0,371.0,363.0,371.0,4100968.0
2026-10-08,TWSE,6201,亞弘電,44.05,44.4,44.0,44.25,9556.0
2026-10-08,TWSE,6202,盛群,60.4,61.6,59.9,60.9,1570677.0
2026-10-08,TWSE,6205,詮欣,72.8,73.4,71.8,71.9,777156.0
2026-10-08,TWSE,6206,飛捷,135.5,136.0,134.0,134.5,624846.0
2026-10-08,TWSE,6209,今國光,87.8,92.0,87.4,90.9,18905469.0
2026-10-08,TWSE,6213,聯茂,787.0,813.0,780.0,796.0,15950810.0
2026-10-08,TWSE,6214,精誠,188.5,190.5,188.0,189.5,642850.0
2026-10-08,TWSE,6215,和椿,98.1,99.0,96.9,97.0,416766.0
2026-10-08,TWSE,6216,居易,19.9,21.75,19.9,21.25,687226.0
2026-10-08,TWSE,6224,聚鼎,78.6,83.3,78.6,80.2,1030870.0
2026-10-08,TWSE,6225,天瀚,65.7,70.4,65.7,68.7,200482.0
2026-10-08,TWSE,6226,光鼎,42.45,45.0,42.45,43.45,17085438.0
2026-10-08,TWSE,6230,尼得科超眾,115.0,118.5,114.5,115.5,93642.0
2026-10-08,TWSE,6235,華孚,37.4,37.4,36.55,36.7,614074.0
2026-10-08,TWSE,6239,力成,310.5,313.0,304.0,307.5,14753768.0
2026-10-08,TWSE,6243,迅杰,39.0,39.55,38.6,39.3,236240.0
2026-10-08,TWSE,6257,矽格,283.0,293.5,272.0,278.0,47560492.0
2026-10-08,TWSE,6269,台郡,65.3,65.6,64.9,65.3,1215398.0
2026-10-08,TWSE,6271,同欣電,239.5,246.0,239.0,241.5,4128147.0
2026-10-08,TWSE,6272,驊陞,25.3,25.6,25.15,25.5,98135.0
2026-10-08,TWSE,6277,宏正,77.6,78.3,77.6,78.1,70614.0
2026-10-08,TWSE,6278,台表科,229.5,250.5,227.0,250.5,22125364.0
2026-10-08,TWSE,6281,全國電,51.2,51.2,50.8,50.9,12713.0
2026-10-08,TWSE,6282,康舒,43.75,44.4,43.55,44.05,4699810.0
2026-10-08,TWSE,6283,淳安,18.95,18.95,18.85,18.95,31185.0
2026-10-08,TWSE,6285,啟碁,258.0,264.0,252.5,257.5,11372573.0
2026-10-08,TWSE,6405,悅城,40.6,41.5,39.75,40.25,696923.0
2026-10-08,TWSE,6409,旭隼,890.0,922.0,885.0,888.0,289303.0
2026-10-08,TWSE,6412,群電,74.5,74.5,73.8,74.0,636655.0
2026-10-08,TWSE,6414,樺漢,400.5,402.5,393.5,395.0,592679.0
2026-10-08,TWSE,6415,矽力*-KY,443.0,461.0,442.0,456.5,2192023.0
2026-10-08,TWSE,6416,瑞祺電通,120.5,120.5,117.0,118.0,804806.0
2026-10-08,TWSE,6426,統新,353.0,368.5,347.0,347.5,2596104.0
2026-10-08,TWSE,6431,光麗-KY,16.65,17.0,16.6,17.0,169234.0
2026-10-08,TWSE,6438,迅得,168.0,169.0,164.5,165.5,570411.0
2026-10-08,TWSE,6442,光聖,1715.0,1815.0,1715.0,1815.0,3981562.0
2026-10-08,TWSE,6443,元晶,28.0,28.05,27.45,27.6,3731970.0
2026-10-08,TWSE,6446,藥華藥,1180.0,1215.0,1165.0,1205.0,1490041.0
2026-10-08,TWSE,6449,鈺邦,238.0,261.5,237.0,261.5,8074670.0
2026-10-08,TWSE,6451,訊芯-KY,423.5,441.5,423.5,426.5,2029946.0
2026-10-08,TWSE,6456,GIS-KY,101.0,108.0,96.3,102.0,71277531.0
2026-10-08,TWSE,6464,台數科,76.9,77.0,75.6,76.5,15515.0
2026-10-08,TWSE,6472,保瑞,416.5,432.5,416.0,428.0,568449.0
2026-10-08,TWSE,6477,安集,33.7,34.0,33.7,33.85,317814.0
2026-10-08,TWSE,6491,晶碩,402.0,421.0,402.0,411.5,619088.0
2026-10-08,TWSE,6504,南六,37.7,38.5,37.6,37.95,106609.0
2026-10-08,TWSE,6505,台塑化,102.0,110.0,101.0,107.0,33569331.0
2026-10-08,TWSE,6515,穎崴,5785.0,6010.0,5520.0,5520.0,2214944.0
2026-10-08,TWSE,6525,捷敏-KY,139.5,143.0,136.0,142.0,1578755.0
2026-10-08,TWSE,6526,達發,833.0,833.0,772.0,786.0,2292002.0
2026-10-08,TWSE,6531,愛普*,1035.0,1045.0,999.0,1000.0,3513689.0
2026-10-08,TWSE,6533,晶心科,341.5,347.0,338.0,347.0,1028962.0
2026-10-08,TWSE,6534,正瀚-創,94.1,94.5,94.0,94.0,59259.0
2026-10-08,TWSE,6541,泰福-KY,32.85,33.9,32.3,32.7,669151.0
2026-10-08,TWSE,6550,北極星藥業-KY,16.1,16.6,16.0,16.05,559433.0
2026-10-08,TWSE,6552,易華電,24.65,24.95,24.35,24.6,61182.0
2026-10-08,TWSE,6558,興能高,25.2,25.4,24.95,24.95,131391.0
2026-10-08,TWSE,6573,虹揚-KY,15.9,16.2,15.7,15.9,120100.0
2026-10-08,TWSE,6579,研揚,155.5,157.5,152.0,153.0,631812.0
2026-10-08,TWSE,6581,鋼聯,108.5,108.5,106.5,108.0,45100.0
2026-10-08,TWSE,6582,申豐,31.85,31.85,31.25,31.3,39960.0
2026-10-08,TWSE,6585,鼎基,106.0,107.5,105.0,105.0,261745.0
2026-10-08,TWSE,6589,台康生技,51.4,53.0,50.4,50.6,585619.0
2026-10-08,TWSE,6591,動力-KY,41.85,42.35,41.6,42.25,74206.0
2026-10-08,TWSE,6592,和潤企業,55.5,56.9,55.5,56.6,366192.0
2026-10-08,TWSE,6598,ABC-KY,26.0,27.2,26.0,26.75,134911.0
2026-10-08,TWSE,6605,帝寶,136.0,137.5,136.0,137.5,173505.0
2026-10-08,TWSE,6606,建德工業,24.0,24.95,23.75,24.25,101201.0
2026-10-08,TWSE,6614,資拓宏宇,35.9,35.9,35.3,35.5,30230.0
2026-10-08,TWSE,6625,必應,73.5,73.9,73.5,73.8,22979.0
2026-10-08,TWSE,6641,基士德-KY,16.8,17.15,16.8,17.15,8375.0
2026-10-08,TWSE,6645,金萬林-創,12.65,12.85,12.2,12.3,74792.0
2026-10-08,TWSE,6655,科定,128.5,128.5,128.5,128.5,2206.0
2026-10-08,TWSE,6657,華安,34.0,34.15,33.25,33.4,275365.0
2026-10-08,TWSE,6658,聯策,203.0,208.5,201.5,202.5,1041902.0
2026-10-08,TWSE,6666,羅麗芬-KY,45.15,45.15,43.6,44.05,30177.0
2026-10-08,TWSE,6668,中揚光,51.9,52.6,50.0,50.2,5003588.0
2026-10-08,TWSE,6669,緯穎,2300.0,2310.0,2235.0,2240.0,3671800.0
2026-10-08,TWSE,6670,復盛應用,272.0,274.5,272.0,274.0,72357.0
2026-10-08,TWSE,6671,三能-KY,22.65,23.3,22.65,23.05,9556.0
2026-10-08,TWSE,6672,騰輝電子-KY,505.0,505.0,497.5,505.0,2902172.0
2026-10-08,TWSE,6674,鋐寶科技,18.25,18.35,18.25,18.3,41051.0
2026-10-08,TWSE,6689,伊雲谷,62.7,63.7,62.6,62.7,177696.0
2026-10-08,TWSE,6691,洋基工程,787.0,793.0,775.0,776.0,652779.0
2026-10-08,TWSE,6695,芯鼎,52.2,52.2,50.8,51.4,354869.0
2026-10-08,TWSE,6698,旭暉應材,31.2,32.6,31.0,31.9,236329.0
2026-10-08,TWSE,6706,惠特,148.5,158.0,148.5,154.0,4186096.0
2026-10-08,TWSE,6715,嘉基,480.0,519.0,470.0,485.0,2985564.0
2026-10-08,TWSE,6719,力智,190.0,190.5,187.5,189.5,279398.0
2026-10-08,TWSE,6722,輝創,33.05,33.05,32.9,33.0,65130.0
2026-10-08,TWSE,6742,澤米,59.0,61.0,59.0,59.9,946587.0
2026-10-08,TWSE,6743,安普新,35.65,37.45,35.65,35.75,653665.0
2026-10-08,TWSE,6753,龍德造船,131.0,132.5,131.0,131.0,184022.0
2026-10-08,TWSE,6754,匯僑設計,41.75,41.75,40.1,40.5,24360.0
2026-10-08,TWSE,6756,威鋒電子,97.6,98.8,97.4,97.9,77271.0
2026-10-08,TWSE,6757,台灣虎航,52.9,53.2,52.8,53.2,254851.0
2026-10-08,TWSE,6768,志強-KY,64.0,65.9,64.0,64.9,611030.0
2026-10-08,TWSE,6770,力積電,74.3,74.8,72.4,72.6,92620796.0
2026-10-08,TWSE,6771,平和環保-創,41.85,42.3,41.7,42.3,11000.0
2026-10-08,TWSE,6776,展碁國際,52.6,52.6,52.1,52.4,54488.0
2026-10-08,TWSE,6781,AES-KY,1030.0,1045.0,1020.0,1025.0,260109.0
2026-10-08,TWSE,6782,視陽,231.0,233.5,229.5,232.5,169855.0
2026-10-08,TWSE,6789,采鈺,484.0,496.0,484.0,485.5,791765.0
2026-10-08,TWSE,6790,永豐實,37.35,37.35,37.2,37.25,147031.0
2026-10-08,TWSE,6792,詠業,60.0,60.2,59.5,59.8,23006.0
2026-10-08,TWSE,6794,向榮生技,73.8,73.8,72.0,72.0,62279.0
2026-10-08,TWSE,6796,晉弘,57.2,57.2,56.0,56.0,25651.0
2026-10-08,TWSE,6799,來頡,91.1,93.0,90.7,91.5,132012.0
2026-10-08,TWSE,6805,富世達,2425.0,2510.0,2390.0,2455.0,933348.0
2026-10-08,TWSE,6807,峰源-KY,,,,,
2026-10-08,TWSE,6830,汎銓,527.0,544.0,527.0,530.0,953802.0
2026-10-08,TWSE,6831,邁科,494.5,500.0,488.0,488.0,516642.0
2026-10-08,TWSE,6834,天二科技,123.5,135.0,123.5,125.0,18440394.0
2026-10-08,TWSE,6835,圓裕,32.5,32.5,31.5,32.05,24056.0
2026-10-08,TWSE,6838,台新藥,25.05,25.15,24.7,25.1,120869.0
2026-10-08,TWSE,6854,錼創科技-KY創,93.2,94.0,91.1,91.4,148438.0
2026-10-08,TWSE,6861,睿生光電,272.5,277.5,265.0,270.5,1130708.0
2026-10-08,TWSE,6862,三集瑞-KY,145.5,152.5,145.0,148.5,626402.0
2026-10-08,TWSE,6863,永道-KY,96.0,97.0,95.8,96.8,35697.0
2026-10-08,TWSE,6869,雲豹能源,69.5,70.8,69.0,70.8,216883.0
2026-10-08,TWSE,6873,泓德能源,63.5,65.1,63.5,65.1,272201.0
2026-10-08,TWSE,6885,全福生技,29.4,30.9,29.4,30.4,1215020.0
2026-10-08,TWSE,6887,寶綠特-KY,37.35,37.35,36.5,36.8,17050.0
2026-10-08,TWSE,6890,來億-KY,148.5,158.0,148.5,156.0,611113.0
2026-10-08,TWSE,6901,鑽石投資,17.5,17.65,17.15,17.15,2380758.0
2026-10-08,TWSE,6902,GOGOLOOK,143.0,143.0,136.0,138.0,548403.0
2026-10-08,TWSE,6906,現觀科,79.4,80.2,78.5,79.3,34567.0
2026-10-08,TWSE,6908,宏碁遊戲-創,26.0,26.35,25.9,26.05,67943.0
2026-10-08,TWSE,6909,創控,43.2,43.7,43.0,43.3,175510.0
2026-10-08,TWSE,6914,阜爾運通,119.5,119.5,118.5,119.0,49535.0
2026-10-08,TWSE,6916,華凌,19.05,19.1,18.8,19.0,44320.0
2026-10-08,TWSE,6918,愛派司,74.5,74.6,73.7,73.7,233127.0
2026-10-08,TWSE,6919,康霈*,79.0,79.1,78.1,78.1,2101543.0
2026-10-08,TWSE,6921,嘉雨思-創,,,,,300.0
2026-10-08,TWSE,6923,中台,74.1,74.1,73.4,73.4,21799.0
2026-10-08,TWSE,6924,榮惠-KY創,135.5,136.0,130.5,131.0,35807.0
2026-10-08,TWSE,6928,攸泰科技,44.0,45.6,44.0,45.0,57440.0
2026-10-08,TWSE,6931,青松健康,37.95,38.5,37.95,38.1,45704.0
2026-10-08,TWSE,6933,AMAX-KY,373.5,388.5,371.0,385.5,1136341.0
2026-10-08,TWSE,6934,心誠鎂,73.6,73.7,73.3,73.6,14212.0
2026-10-08,TWSE,6936,永鴻生技,32.1,32.45,32.1,32.2,31471.0
2026-10-08,TWSE,6937,天虹,299.0,300.0,292.0,292.5,348445.0
2026-10-08,TWSE,6944,兆聯實業,835.0,908.0,835.0,908.0,1837073.0
2026-10-08,TWSE,6947,台鎔科技,68.1,69.0,67.5,68.1,156194.0
2026-10-08,TWSE,6949,沛爾生醫*-創,46.6,47.7,44.85,45.3,2319027.0
2026-10-08,TWSE,6951,青新-創,69.2,69.2,68.8,69.0,17832.0
2026-10-08,TWSE,6952,大武山,38.6,39.1,38.6,39.1,20400.0
2026-10-08,TWSE,6955,邦睿生技-創,93.0,93.0,93.0,93.0,1258.0
2026-10-08,TWSE,6957,裕慶-KY,405.0,444.0,404.5,444.0,647772.0
2026-10-08,TWSE,6958,日盛台駿,16.9,16.9,16.75,16.75,11966.0
2026-10-08,TWSE,6962,奕力-KY,33.4,33.4,32.75,32.9,1023705.0
2026-10-08,TWSE,6965,中傑-KY,60.6,62.9,60.6,62.9,100233.0
2026-10-08,TWSE,6969,成信實業*-創,30.55,30.7,30.25,30.55,28727.0
2026-10-08,TWSE,6988,威力暘-創,12.9,12.9,12.4,12.85,165038.0
2026-10-08,TWSE,6994,富威電力,30.1,30.8,29.9,30.25,597222.0
2026-10-08,TWSE,7610,聯友金屬-創,1820.0,1890.0,1800.0,1805.0,991455.0
2026-10-08,TWSE,7631,聚賢研發-創,141.0,141.0,138.5,140.5,66162.0
2026-10-08,TWSE,7689,大鵬科CLMX,159.0,159.0,157.5,157.5,30747.0
2026-10-08,TWSE,7705,三商餐飲,29.55,29.8,29.5,29.75,74124.0
2026-10-08,TWSE,7711,永擎,622.0,646.0,616.0,632.0,1032120.0
2026-10-08,TWSE,7721,微程式,62.1,62.1,61.3,61.4,46517.0
2026-10-08,TWSE,7722,LINEPAY,263.0,274.5,261.0,270.0,132742.0
2026-10-08,TWSE,7730,暉盛-創,190.5,206.0,188.5,195.5,260249.0
2026-10-08,TWSE,7732,金興精密,33.4,33.55,33.4,33.55,5000.0
2026-10-08,TWSE,7736,虎山,71.5,72.4,71.0,71.8,71169.0
2026-10-08,TWSE,7740,熙特爾-創,102.0,110.0,102.0,108.0,409121.0
2026-10-08,TWSE,7749,意騰-KY,390.0,393.0,384.0,391.0,95508.0
2026-10-08,TWSE,7750,新代,1965.0,2045.0,1965.0,1995.0,139291.0
2026-10-08,TWSE,7760,享溫馨,32.8,33.1,32.55,32.55,43280.0
2026-10-08,TWSE,7765,中華資安,234.0,236.0,233.0,235.0,98601.0
2026-10-08,TWSE,7768,頌勝科技,304.0,305.5,299.5,300.5,42224.0
2026-10-08,TWSE,7769,鴻勁,5910.0,6020.0,5820.0,5885.0,571718.0
2026-10-08,TWSE,7780,大研生醫*,15.8,16.15,15.8,16.15,805093.0
2026-10-08,TWSE,7786,東方風能,117.5,118.0,116.5,116.5,53157.0
2026-10-08,TWSE,7788,松川精密,342.0,345.5,329.0,329.0,4724716.0
2026-10-08,TWSE,7791,皇家可口,53.3,53.8,52.9,53.8,59264.0
2026-10-08,TWSE,7795,長廣,556.0,565.0,540.0,545.0,836375.0
2026-10-08,TWSE,7799,禾榮科,532.0,537.0,515.0,516.0,741773.0
2026-10-08,TWSE,7803,雲象科技-創,17.2,17.6,17.15,17.5,67055.0
2026-10-08,TWSE,7812,稜研科技*-創,64.7,65.5,64.7,65.0,109161.0
2026-10-08,TWSE,7818,溢泰實業,60.7,61.4,60.6,61.0,50665.0
2026-10-08,TWSE,7821,神數,35.0,35.1,34.9,35.0,71872.0
2026-10-08,TWSE,7822,倍利科,993.0,1005.0,946.0,950.0,291623.0
2026-10-08,TWSE,7823,奧義賽博-KY創,78.0,79.3,78.0,78.7,21237.0
2026-10-08,TWSE,7827,漢康-KY創,166.0,166.5,163.0,165.5,331081.0
2026-10-08,TWSE,7835,永悅健康-創,20.0,20.05,19.55,19.8,59306.0
2026-10-08,TWSE,7855,和運租車,41.35,42.0,41.3,41.9,378938.0
2026-10-08,TWSE,8011,台通,16.8,17.0,16.65,16.9,1070698.0
2026-10-08,TWSE,8016,矽創,296.0,296.0,288.5,289.5,696822.0
2026-10-08,TWSE,8021,尖點,562.0,574.0,549.0,556.0,7632227.0
2026-10-08,TWSE,8028,昇陽半導體,281.5,294.0,280.5,285.0,7462037.0
2026-10-08,TWSE,8033,雷虎,175.0,178.0,173.5,174.0,2695167.0
2026-10-08,TWSE,8039,台虹,295.5,304.5,288.0,304.5,18188875.0
2026-10-08,TWSE,8045,達運光電,53.5,55.9,53.3,55.9,98837.0
2026-10-08,TWSE,8046,南電,1505.0,1560.0,1470.0,1480.0,8901338.0
2026-10-08,TWSE,8070,長華*,51.7,52.7,51.4,51.5,2449814.0
2026-10-08,TWSE,8072,陞泰,27.1,27.2,26.9,26.9,91057.0
2026-10-08,TWSE,8081,致新,264.0,264.0,260.5,262.5,334415.0
2026-10-08,TWSE,8101,華冠,10.1,10.5,10.1,10.2,4303.0
2026-10-08,TWSE,8103,瀚荃,120.0,123.0,118.0,118.0,2509435.0
2026-10-08,TWSE,8104,錸寶,31.3,31.35,30.9,30.95,168382.0
2026-10-08,TWSE,8105,凌巨,15.2,15.35,15.1,15.15,1080900.0
2026-10-08,TWSE,8110,華東,48.9,49.8,48.5,49.5,4090321.0
2026-10-08,TWSE,8112,至上,84.1,84.5,83.7,83.7,3022395.0
2026-10-08,TWSE,8114,振樺電,178.0,179.0,176.0,177.5,332981.0
2026-10-08,TWSE,8131,福懋科,65.0,69.2,63.8,68.2,8343432.0
2026-10-08,TWSE,8150,南茂,126.0,129.0,125.0,128.5,34884607.0
2026-10-08,TWSE,8162,微矽電子-創,65.0,65.6,64.2,64.9,152041.0
2026-10-08,TWSE,8163,達方,30.2,30.3,29.8,29.9,1126844.0
2026-10-08,TWSE,8201,無敵,16.3,16.95,16.3,16.75,270988.0
2026-10-08,TWSE,8210,勤誠,885.0,891.0,870.0,872.0,2460069.0
2026-10-08,TWSE,8213,志超,34.3,37.7,34.3,37.7,6176926.0
2026-10-08,TWSE,8215,明基材,28.3,28.45,27.9,27.95,1131752.0
2026-10-08,TWSE,8222,寶一,35.05,35.45,35.0,35.05,237181.0
2026-10-08,TWSE,8249,菱光,39.1,40.0,39.1,39.7,124930.0
2026-10-08,TWSE,8261,富鼎,194.0,195.0,190.5,191.0,6445501.0
2026-10-08,TWSE,8271,宇瞻,202.5,204.0,201.0,202.0,1125229.0
2026-10-08,TWSE,8341,日友,73.7,73.8,73.6,73.6,162705.0
2026-10-08,TWSE,8367,建新國際,41.0,41.0,40.9,40.9,4050.0
2026-10-08,TWSE,8374,羅昇,75.5,75.9,75.1,75.6,130839.0
2026-10-08,TWSE,8404,百和興業-KY,13.3,13.55,13.3,13.5,153799.0
2026-10-08,TWSE,8411,福貞-KY,11.65,11.7,11.55,11.7,74882.0
2026-10-08,TWSE,8422,可寧衛*,25.3,25.7,25.2,25.6,3845044.0
2026-10-08,TWSE,8429,金麗-KY,5.87,5.95,5.87,5.89,55696.0
2026-10-08,TWSE,8438,昶昕,81.4,82.5,80.8,81.7,333108.0
2026-10-08,TWSE,8442,威宏-KY,45.5,46.6,45.5,46.1,38278.0
2026-10-08,TWSE,8443,阿瘦,10.95,11.15,10.95,11.15,6924.0
2026-10-08,TWSE,8454,富邦媒,239.0,245.0,239.0,244.5,296552.0
2026-10-08,TWSE,8462,柏文,157.0,158.0,157.0,158.0,23824.0
2026-10-08,TWSE,8463,潤泰材,21.25,21.25,21.15,21.25,10031.0
2026-10-08,TWSE,8464,億豐,367.0,367.0,364.0,365.5,284419.0
2026-10-08,TWSE,8466,美吉吉-KY,15.5,15.5,15.2,15.35,13000.0
2026-10-08,TWSE,8467,波力-KY,89.5,91.5,89.5,91.5,11780.0
2026-10-08,TWSE,8473,山林水,40.05,40.15,39.8,40.1,205850.0
2026-10-08,TWSE,8476,台境*,20.3,21.7,20.0,20.9,676115.0
2026-10-08,TWSE,8478,東哥遊艇,139.0,140.5,139.0,139.5,50825.0
2026-10-08,TWSE,8481,政伸,40.55,40.55,40.5,40.5,15000.0
2026-10-08,TWSE,8482,商億-KY,49.2,49.2,47.8,48.0,5008.0
2026-10-08,TWSE,8487,愛爾達-創,70.1,70.1,69.8,70.0,6658.0
2026-10-08,TWSE,8488,吉源-KY,9.63,9.83,9.6,9.82,28025.0
2026-10-08,TWSE,8499,鼎炫-KY,253.0,253.0,250.5,252.5,13047.0
2026-10-08,TWSE,8926,台汽電,59.3,60.9,59.2,60.3,3989167.0
2026-10-08,TWSE,8940,新天地,15.4,15.55,15.05,15.15,61267.0
2026-10-08,TWSE,8996,高力,1660.0,1660.0,1605.0,1645.0,1093594.0
2026-10-08,TWSE,9103,美德醫療-DR,5.3,5.44,5.23,5.35,4488428.0
2026-10-08,TWSE,9105,泰金寶-DR,8.66,9.04,8.62,8.89,48793653.0
2026-10-08,TWSE,9110,越南控-DR,3.56,3.56,3.12,3.38,220000.0
2026-10-08,TWSE,9136,巨騰-DR,9.33,9.35,9.26,9.35,59098.0
2026-10-08,TWSE,9802,鈺齊-KY,64.9,66.1,64.8,65.9,425245.0
2026-10-08,TWSE,9902,台火,13.15,13.35,12.85,13.05,89676.0
2026-10-08,TWSE,9904,寶成,24.6,25.0,24.55,24.95,14390454.0
2026-10-08,TWSE,9905,大華,21.3,21.3,21.2,21.25,65015.0
2026-10-08,TWSE,9906,欣巴巴,40.85,41.15,39.5,40.0,87722.0
2026-10-08,TWSE,9907,統一實,14.75,14.85,14.7,14.8,689296.0
2026-10-08,TWSE,9908,大台北,28.9,29.15,28.9,29.05,163087.0
2026-10-08,TWSE,9910,豐泰,66.8,66.8,66.1,66.3,1240889.0
2026-10-08,TWSE,9911,櫻花,81.2,81.4,81.2,81.3,235297.0
2026-10-08,TWSE,9912,偉聯,12.9,13.05,12.9,13.05,17100.0
2026-10-08,TWSE,9914,美利達,66.0,67.7,65.9,67.4,1102614.0
2026-10-08,TWSE,9917,中保科,106.5,106.5,106.0,106.5,149645.0
2026-10-08,TWSE,9918,欣天然,43.35,43.35,43.0,43.0,31261.0
2026-10-08,TWSE,9919,康那香,14.15,14.7,14.15,14.65,1875646.0
2026-10-08,TWSE,9921,巨大,88.7,91.8,88.7,91.8,1153145.0
2026-10-08,TWSE,9924,福興,38.1,38.15,37.8,37.95,61375.0
2026-10-08,TWSE,9925,新保,39.45,39.5,39.35,39.4,302104.0
2026-10-08,TWSE,9926,新海,49.0,49.0,49.0,49.0,2140.0
2026-10-08,TWSE,9927,泰銘,62.1,62.6,62.1,62.5,114320.0
2026-10-08,TWSE,9928,中視,18.0,18.0,17.85,17.85,30747.0
2026-10-08,TWSE,9929,秋雨,11.55,12.55,11.55,12.55,341364.0
2026-10-08,TWSE,9930,中聯資源,58.8,58.8,58.5,58.7,122857.0
2026-10-08,TWSE,9931,欣高,34.2,34.2,33.55,34.0,30801.0
2026-10-08,TWSE,9933,中鼎,44.7,44.95,43.5,43.55,6961563.0
2026-10-08,TWSE,9934,成霖,9.71,9.82,9.68,9.82,382970.0
2026-10-08,TWSE,9935,慶豐富,18.25,18.3,18.15,18.25,120120.0
2026-10-08,TWSE,9937,全國,55.3,55.3,54.5,54.5,6594.0
2026-10-08,TWSE,9938,百和,39.0,39.75,38.9,39.15,1298397.0
2026-10-08,TWSE,9939,宏全,126.5,128.5,126.0,127.5,722034.0
2026-10-08,TWSE,9940,信義,20.1,20.1,19.9,20.0,188136.0
2026-10-08,TWSE,9941,裕融,75.4,76.6,75.0,76.3,789975.0
2026-10-08,TWSE,9942,茂順,114.0,114.0,113.0,113.0,30263.0
2026-10-08,TWSE,9943,好樂迪,50.4,50.5,50.0,50.1,64698.0
2026-10-08,TWSE,9944,新麗,17.15,17.25,17.1,17.25,19974.0
2026-10-08,TWSE,9945,潤泰新,28.8,29.4,28.8,29.3,3556108.0
2026-10-08,TWSE,9946,三發地產,16.7,16.75,16.6,16.65,133965.0
2026-10-08,TWSE,9955,佳龍,24.5,24.5,23.75,23.9,272816.0
2026-10-08,TWSE,9958,世紀鋼,89.7,90.0,89.0,89.0,623593.0
2026-10-08,TPEX,1240,茂生農經,54.2,54.2,53.7,53.8,11885.0
2026-10-08,TPEX,1259,安心,65.5,65.5,64.2,64.2,12009.0
2026-10-08,TPEX,1264,德麥,249.5,250.0,249.0,249.5,29964.0
2026-10-08,TPEX,1268,漢來美食,175.0,175.0,174.0,174.5,16323.0
2026-10-08,TPEX,1294,漢田生技,49.35,49.65,49.35,49.65,15957.0
2026-10-08,TPEX,1295,生合,50.5,51.2,49.55,50.1,63964.0
2026-10-08,TPEX,1336,台翰,18.05,18.15,17.8,17.8,164744.0
2026-10-08,TPEX,1565,精華,97.7,97.8,96.9,97.5,392324.0
2026-10-08,TPEX,1569,濱川,70.9,72.2,68.7,70.0,4430772.0
2026-10-08,TPEX,1570,力肯,32.25,32.65,32.25,32.65,17279.0
2026-10-08,TPEX,1580,新麥,96.2,97.0,96.2,97.0,83011.0
2026-10-08,TPEX,1584,精剛,18.1,18.2,17.7,17.8,794550.0
2026-10-08,TPEX,1586,和勤,17.75,17.95,17.7,17.8,158001.0
2026-10-08,TPEX,1591,駿吉-KY,40.65,42.15,40.55,41.4,106281.0
2026-10-08,TPEX,1593,祺驊,31.6,31.6,31.55,31.55,5659.0
2026-10-08,TPEX,1595,川寶,72.3,75.3,72.3,73.4,1557303.0
2026-10-08,TPEX,1599,宏佳騰,22.65,22.75,22.5,22.55,33154.0
2026-10-08,TPEX,1742,台蠟,17.65,17.65,17.4,17.6,14078.0
2026-10-08,TPEX,1777,生泰,74.8,76.0,74.8,75.7,16875.0
2026-10-08,TPEX,1780,立弘,24.65,24.75,24.6,24.65,44691.0
2026-10-08,TPEX,1781,合世,9.99,10.9,9.99,10.9,645465.0
2026-10-08,TPEX,1784,訊聯,59.3,60.3,59.1,59.3,55100.0
2026-10-08,TPEX,1785,光洋科,105.0,105.5,103.0,103.5,8863240.0
2026-10-08,TPEX,1788,杏昌,127.0,128.0,127.0,127.5,50780.0
2026-10-08,TPEX,1796,金穎生技,30.3,30.3,29.5,29.5,10003.0
2026-10-08,TPEX,1799,易威,28.2,29.0,28.15,28.6,142582.0
2026-10-08,TPEX,1813,寶利徠,11.2,11.5,11.1,11.1,41525.0
2026-10-08,TPEX,1815,富喬,132.5,139.5,129.0,135.0,96686111.0
2026-10-08,TPEX,2035,唐榮,26.65,27.65,26.65,27.65,3087.0
2026-10-08,TPEX,2061,風青,68.4,68.8,66.0,67.3,2237664.0
2026-10-08,TPEX,2063,世鎧,23.55,23.6,23.35,23.55,36534.0
2026-10-08,TPEX,2064,晉椿,11.85,11.9,11.85,11.9,10004.0
2026-10-08,TPEX,2065,世豐,35.7,36.05,35.4,35.8,65679.0
2026-10-08,TPEX,2066,世德,51.6,52.2,51.6,52.2,21000.0
2026-10-08,TPEX,2070,精湛,62.3,62.5,61.9,61.9,46399.0
2026-10-08,TPEX,2073,雄順,,,,,291.0
2026-10-08,TPEX,2221,大甲,188.5,195.0,188.5,192.0,585989.0
2026-10-08,TPEX,2230,泰茂,21.75,23.45,21.75,22.3,174727.0
2026-10-08,TPEX,2235,謚源,28.3,28.5,28.3,28.5,2000.0
2026-10-08,TPEX,2596,綠意,34.5,34.5,33.75,34.15,52250.0
2026-10-08,TPEX,2640,大車隊,155.0,156.5,155.0,155.0,12601.0
2026-10-08,TPEX,2641,正德,17.15,17.3,17.15,17.2,667093.0
2026-10-08,TPEX,2643,捷迅,62.8,62.9,62.2,62.9,6144.0
2026-10-08,TPEX,2718,全心投控,,,,,608.0
2026-10-08,TPEX,2719,燦星旅,19.15,19.35,19.15,19.35,8476.0
2026-10-08,TPEX,2724,藝舍-KY,12.45,13.2,12.4,13.2,3361.0
2026-10-08,TPEX,2726,雅茗-KY,7.98,7.99,7.92,7.98,42050.0
2026-10-08,TPEX,2729,瓦城,154.0,154.5,153.5,154.5,9344.0
2026-10-08,TPEX,2732,六角,63.2,63.2,63.0,63.2,14228.0
2026-10-08,TPEX,2734,易飛網,14.5,14.65,14.4,14.65,180778.0
2026-10-08,TPEX,2736,富野,11.05,11.25,11.05,11.15,33151.0
2026-10-08,TPEX,2740,華軒,31.35,31.35,31.35,31.35,1499.0
2026-10-08,TPEX,2743,山富,51.9,52.0,51.0,51.9,28287.0
2026-10-08,TPEX,2745,五福,85.8,86.1,85.7,86.0,44127.0
2026-10-08,TPEX,2751,王座,57.2,57.2,54.6,56.1,24207.0
2026-10-08,TPEX,2752,豆府,179.5,180.0,179.5,180.0,3819.0
2026-10-08,TPEX,2754,亞洲藏壽司,67.3,67.3,67.3,67.3,8230.0
2026-10-08,TPEX,2755,揚秦,98.1,98.1,96.8,98.0,28149.0
2026-10-08,TPEX,2756,聯發國際,60.2,61.3,59.0,61.1,95194.0
2026-10-08,TPEX,2916,滿心,40.5,40.6,40.5,40.6,10210.0
2026-10-08,TPEX,2924,宏太-KY,18.15,18.15,18.15,18.15,1000.0
2026-10-08,TPEX,2926,誠品生活,29.95,30.2,29.4,30.2,6306.0
2026-10-08,TPEX,2937,集雅社,45.0,45.0,45.0,45.0,3453.0
2026-10-08,TPEX,2938,床的世界,18.3,18.55,18.3,18.55,54308.0
2026-10-08,TPEX,2941,米斯特,31.85,31.85,30.0,31.15,7068.0
2026-10-08,TPEX,2947,振宇五金,60.6,60.7,60.2,60.2,15439.0
2026-10-08,TPEX,2948,寶陞,36.4,36.8,36.4,36.8,3173.0
2026-10-08,TPEX,2949,欣新網,64.8,64.8,64.8,64.8,1135.0
2026-10-08,TPEX,3064,泰偉,14.9,14.95,14.9,14.95,2285.0
2026-10-08,TPEX,3066,李洲,27.6,28.25,27.05,27.15,1035256.0
2026-10-08,TPEX,3067,全域,16.5,16.5,16.3,16.3,7676.0
2026-10-08,TPEX,3071,協禧,22.85,22.85,22.5,22.75,182158.0
2026-10-08,TPEX,3073,天方能源,20.45,22.45,20.4,22.45,48861.0
2026-10-08,TPEX,3078,僑威,46.4,46.55,46.0,46.55,340791.0
2026-10-08,TPEX,3081,聯亞,3075.0,3120.0,2955.0,2960.0,3049921.0
2026-10-08,TPEX,3083,網龍,23.2,23.2,22.95,22.95,22902.0
2026-10-08,TPEX,3086,華義*,26.5,27.35,26.5,27.0,45106.0
2026-10-08,TPEX,3088,艾訊,131.5,134.0,131.5,132.0,492656.0
2026-10-08,TPEX,3093,港建*,46.5,46.7,45.8,46.15,136311.0
2026-10-08,TPEX,3095,及成,33.0,33.0,32.65,32.65,5703.0
2026-10-08,TPEX,3105,穩懋,578.0,592.0,566.0,581.0,16489383.0
2026-10-08,TPEX,3114,好德,39.55,39.55,38.2,38.35,721968.0
2026-10-08,TPEX,3115,富榮綱,8.07,8.11,8.0,8.0,23013.0
2026-10-08,TPEX,3118,進階,31.3,31.4,31.1,31.3,17593.0
2026-10-08,TPEX,3122,笙泉,24.1,24.1,23.7,23.95,33067.0
2026-10-08,TPEX,3128,昇銳,20.1,20.3,20.05,20.2,34964.0
2026-10-08,TPEX,3131,弘塑,2410.0,2465.0,2390.0,2465.0,234589.0
2026-10-08,TPEX,3141,晶宏,81.5,81.9,78.6,79.1,1437796.0
2026-10-08,TPEX,3147,大綜,290.0,318.0,289.5,308.0,2607740.0
2026-10-08,TPEX,3152,璟德,243.0,243.0,238.5,243.0,71337.0
2026-10-08,TPEX,3158,嘉實,85.0,85.0,85.0,85.0,2730.0
2026-10-08,TPEX,3162,精確,83.1,83.4,81.3,82.2,1194522.0
2026-10-08,TPEX,3163,波若威,699.0,700.0,678.0,689.0,1733512.0
2026-10-08,TPEX,3169,亞信,109.0,109.0,106.0,106.5,133094.0
2026-10-08,TPEX,3171,炎洲流通,57.8,58.0,57.8,58.0,4235.0
2026-10-08,TPEX,3176,基亞,38.55,39.7,38.3,38.7,502461.0
2026-10-08,TPEX,3178,公準,67.4,67.7,66.4,67.5,52257.0
2026-10-08,TPEX,3188,鑫龍騰,22.55,23.0,22.5,22.85,107631.0
2026-10-08,TPEX,3191,雲嘉南,17.45,17.5,17.45,17.45,6015.0
2026-10-08,TPEX,3205,佰研,46.8,46.8,46.2,46.6,16647.0
2026-10-08,TPEX,3206,志豐,34.4,34.45,33.9,34.2,19107.0
2026-10-08,TPEX,3207,耀勝,39.05,39.7,38.9,39.25,124273.0
2026-10-08,TPEX,3211,順達,386.0,395.5,378.0,388.0,2941595.0
2026-10-08,TPEX,3213,茂訊,123.5,124.0,123.0,123.5,104169.0
2026-10-08,TPEX,3217,優群,128.0,128.5,127.0,127.0,249057.0
2026-10-08,TPEX,3218,大學光,133.5,134.0,133.0,133.0,114382.0
2026-10-08,TPEX,3219,倚強科,130.0,143.0,130.0,130.0,6013632.0
2026-10-08,TPEX,3221,台嘉碩,53.4,55.9,52.5,55.0,3238774.0
2026-10-08,TPEX,3224,三顧,32.65,32.65,31.95,32.3,3615520.0
2026-10-08,TPEX,3226,龍鋒,57.3,57.3,57.3,57.3,5018.0
2026-10-08,TPEX,3227,原相,185.5,188.0,185.5,187.0,640182.0
2026-10-08,TPEX,3228,金麗科,166.0,166.0,161.5,164.5,315074.0
2026-10-08,TPEX,3230,錦明,40.35,40.35,39.9,39.9,303028.0
2026-10-08,TPEX,3232,昱捷,20.05,20.05,19.9,19.95,7779.0
2026-10-08,TPEX,3234,光環,186.5,188.5,181.0,183.0,4368650.0
2026-10-08,TPEX,3236,千如,55.4,61.5,54.6,58.9,19326884.0
2026-10-08,TPEX,3252,海灣,15.05,15.35,14.95,15.35,33138.0
2026-10-08,TPEX,3259,鑫創,11.1,11.95,10.95,11.95,8099.0
2026-10-08,TPEX,3260,威剛,365.0,369.0,362.5,362.5,4275766.0
2026-10-08,TPEX,3264,欣銓,244.5,256.5,243.0,256.0,16181628.0
2026-10-08,TPEX,3265,台星科,238.5,238.5,238.5,238.5,4588924.0
2026-10-08,TPEX,3268,海德威,24.2,24.7,24.0,24.4,382347.0
2026-10-08,TPEX,3272,東碩,13.9,13.9,13.65,13.9,9662.0
2026-10-08,TPEX,3276,宇環,14.2,14.25,14.1,14.2,34221.0
2026-10-08,TPEX,3284,太普高,21.5,21.65,21.0,21.25,273111.0
2026-10-08,TPEX,3285,微端,43.0,44.3,42.9,44.1,64514.0
2026-10-08,TPEX,3287,廣寰科,43.0,43.45,42.8,43.45,867062.0
2026-10-08,TPEX,3288,點晶,22.65,22.65,21.7,22.15,40278.0
2026-10-08,TPEX,3289,宜特,141.0,142.5,140.5,142.5,309453.0
2026-10-08,TPEX,3290,東浦,52.1,55.8,51.3,55.8,3903340.0
2026-10-08,TPEX,3293,鈊象,780.0,788.0,773.0,788.0,1067695.0
2026-10-08,TPEX,3294,英濟,31.9,31.95,31.35,31.5,274048.0
2026-10-08,TPEX,3297,杭特,33.0,33.3,32.5,32.55,303252.0
2026-10-08,TPEX,3303,岱稜,49.95,50.7,49.9,50.7,242323.0
2026-10-08,TPEX,3306,鼎天,46.8,46.85,46.6,46.85,29260.0
2026-10-08,TPEX,3310,佳穎,68.3,68.5,67.8,68.3,48015.0
2026-10-08,TPEX,3313,斐成,10.3,10.4,10.3,10.35,87448.0
2026-10-08,TPEX,3317,尼克森,69.8,72.5,69.0,71.5,8256566.0
2026-10-08,TPEX,3322,建舜電,11.0,11.35,10.55,10.55,1179322.0
2026-10-08,TPEX,3323,加百裕,29.5,30.25,29.5,29.8,503402.0
2026-10-08,TPEX,3324,雙鴻,1420.0,1570.0,1395.0,1520.0,6102316.0
2026-10-08,TPEX,3325,旭品,11.3,11.35,11.2,11.25,68452.0
2026-10-08,TPEX,3332,幸康,,,,,0.0
2026-10-08,TPEX,3339,泰谷,44.8,46.55,44.4,45.75,910857.0
2026-10-08,TPEX,3349,寶德,18.3,18.8,17.85,18.5,65396.0
2026-10-08,TPEX,3354,律勝,30.5,32.4,30.4,32.0,2415813.0
2026-10-08,TPEX,3357,臺慶科,223.0,229.0,217.5,226.5,1570103.0
2026-10-08,TPEX,3360,尚立,15.2,15.45,15.15,15.4,190328.0
2026-10-08,TPEX,3362,先進光,193.0,198.0,190.0,190.0,3875393.0
2026-10-08,TPEX,3363,上詮,674.0,676.0,663.0,667.0,1691073.0
2026-10-08,TPEX,3372,典範,16.6,16.9,16.35,16.4,334300.0
2026-10-08,TPEX,3373,熱映,17.4,18.75,17.1,18.5,1764239.0
2026-10-08,TPEX,3374,精材,491.0,512.0,481.5,497.0,9151990.0
2026-10-08,TPEX,3379,彬台,27.7,27.7,27.15,27.3,45611.0
2026-10-08,TPEX,3388,崇越電,86.5,88.0,86.2,87.0,572787.0
2026-10-08,TPEX,3390,旭軟,22.3,22.3,22.05,22.2,93315.0
2026-10-08,TPEX,3402,漢科,139.5,140.5,139.0,139.5,213759.0
2026-10-08,TPEX,3430,奇鈦科,112.0,112.0,110.0,111.0,88187.0
2026-10-08,TPEX,3434,哲固,31.1,31.3,30.7,30.9,67240.0
2026-10-08,TPEX,3438,類比科,60.8,60.8,60.1,60.6,73381.0
2026-10-08,TPEX,3441,聯一光,245.0,249.5,236.5,249.5,1993580.0
2026-10-08,TPEX,3444,利機,78.3,78.3,77.2,78.3,31497.0
2026-10-08,TPEX,3455,由田,283.0,284.0,273.0,284.0,817516.0
2026-10-08,TPEX,3465,進泰電子,29.5,29.5,29.25,29.35,8001.0
2026-10-08,TPEX,3466,德晉,27.5,28.9,27.5,28.6,655561.0
2026-10-08,TPEX,3467,台灣精材,71.2,72.7,70.4,70.5,328407.0
2026-10-08,TPEX,3479,安勤,135.0,135.0,133.0,133.5,375735.0
2026-10-08,TPEX,3483,力致,79.0,81.7,78.5,79.0,401143.0
2026-10-08,TPEX,3484,崧騰,49.6,50.0,49.1,49.2,109447.0
2026-10-08,TPEX,3485,敘豐,218.5,223.0,215.5,221.5,72558.0
2026-10-08,TPEX,3489,森寶,22.3,22.75,22.3,22.65,46094.0
2026-10-08,TPEX,3490,單井,45.6,46.4,45.2,45.2,1299097.0
2026-10-08,TPEX,3491,昇達科,1685.0,1730.0,1670.0,1685.0,1136496.0
2026-10-08,TPEX,3492,長盛,19.25,19.35,19.1,19.15,22029.0
2026-10-08,TPEX,3498,陽程,230.0,232.0,225.5,225.5,1455534.0
2026-10-08,TPEX,3499,環天科,13.3,13.3,13.15,13.15,32805.0
2026-10-08,TPEX,3508,位速,25.1,25.45,24.55,24.7,182976.0
2026-10-08,TPEX,3511,矽瑪,19.8,20.35,19.8,19.95,66306.0
2026-10-08,TPEX,3512,皇龍,18.95,19.0,18.8,19.0,17001.0
2026-10-08,TPEX,3516,亞帝歐,25.7,26.0,25.6,26.0,27612.0
2026-10-08,TPEX,3520,華盈,17.7,18.3,17.7,18.2,224099.0
2026-10-08,TPEX,3521,台鋼建設,11.5,11.55,11.3,11.45,51127.0
2026-10-08,TPEX,3522,御嵿,12.2,12.2,11.8,12.0,56311.0
2026-10-08,TPEX,3523,迎輝,13.75,14.45,13.75,14.45,10399.0
2026-10-08,TPEX,3526,凡甲,277.0,277.0,273.0,275.5,169002.0
2026-10-08,TPEX,3527,聚積,50.5,52.8,50.4,51.6,258783.0
2026-10-08,TPEX,3529,力旺,3000.0,3035.0,2915.0,2915.0,879456.0
2026-10-08,TPEX,3531,先益,21.2,21.65,21.2,21.65,12145.0
2026-10-08,TPEX,3537,堡達,55.6,58.1,55.6,56.9,455525.0
2026-10-08,TPEX,3540,曜越,24.0,24.0,23.65,23.8,122223.0
2026-10-08,TPEX,3541,西柏,24.7,24.7,24.3,24.5,68449.0
2026-10-08,TPEX,3546,宇峻,72.6,73.5,72.5,73.5,120849.0
2026-10-08,TPEX,3548,兆利,74.6,74.6,72.5,73.8,145511.0
2026-10-08,TPEX,3551,世禾,198.5,199.0,195.0,198.0,403929.0
2026-10-08,TPEX,3552,同致,44.05,44.05,43.05,43.2,161283.0
2026-10-08,TPEX,3555,博士旺,161.0,161.0,158.0,158.0,60930.0
2026-10-08,TPEX,3556,禾瑞亞,64.6,66.5,64.6,65.7,657623.0
2026-10-08,TPEX,3558,神準,134.5,139.0,134.5,135.5,457531.0
2026-10-08,TPEX,3564,其陽,61.2,66.9,59.7,66.9,2876733.0
2026-10-08,TPEX,3567,逸昌,26.05,26.25,25.85,26.2,24561.0
2026-10-08,TPEX,3570,大塚,170.0,170.5,169.0,170.5,10808.0
2026-10-08,TPEX,3577,泓格,110.0,110.0,106.0,106.0,300887.0
2026-10-08,TPEX,3580,友威科,102.0,103.0,100.5,102.5,393686.0
2026-10-08,TPEX,3581,博磊,113.5,113.5,109.0,110.5,247252.0
2026-10-08,TPEX,3587,閎康,246.5,250.0,242.5,243.0,528197.0
2026-10-08,TPEX,3594,磐儀,46.2,46.5,45.9,46.25,169752.0
2026-10-08,TPEX,3597,映興,40.4,40.4,40.4,40.4,772814.0
2026-10-08,TPEX,3609,三一東林,24.8,25.15,24.25,25.1,133337.0
2026-10-08,TPEX,3611,鼎翰,183.0,184.5,183.0,184.5,36294.0
2026-10-08,TPEX,3615,安可,43.9,43.9,42.45,42.9,723929.0
2026-10-08,TPEX,3623,富晶通,30.0,30.45,29.6,29.9,136401.0
2026-10-08,TPEX,3624,光頡,165.5,175.0,161.5,175.0,47965111.0
2026-10-08,TPEX,3628,盈正,72.3,72.3,71.2,71.5,99155.0
2026-10-08,TPEX,3629,地心引力,15.3,15.3,15.3,15.3,11000.0
2026-10-08,TPEX,3630,新鉅科,28.2,28.35,27.55,27.75,651712.0
2026-10-08,TPEX,3631,晟楠,43.9,47.05,43.2,47.05,1152927.0
2026-10-08,TPEX,3646,艾恩特,25.1,25.1,25.1,25.1,2051.0
2026-10-08,TPEX,3663,鑫科,62.0,62.3,61.4,61.6,396141.0
2026-10-08,TPEX,3664,安瑞-KY,8.19,8.2,8.19,8.2,5000.0
2026-10-08,TPEX,3666,光耀,25.4,27.5,25.4,26.6,216296.0
2026-10-08,TPEX,3672,康聯訊,12.1,12.3,11.75,11.9,135124.0
2026-10-08,TPEX,3675,德微,352.5,360.0,343.0,344.0,1188093.0
2026-10-08,TPEX,3680,家登,572.0,577.0,556.0,571.0,1164527.0
2026-10-08,TPEX,3684,榮昌,62.1,66.5,58.5,62.5,1275775.0
2026-10-08,TPEX,3685,元創精密,35.35,38.4,35.35,37.9,2490854.0
2026-10-08,TPEX,3687,歐買尬,60.5,61.1,60.5,60.7,25241.0
2026-10-08,TPEX,3689,湧德,118.0,119.5,117.0,117.5,1001052.0
2026-10-08,TPEX,3691,碩禾,103.5,105.0,103.5,103.5,258793.0
2026-10-08,TPEX,3693,營邦,760.0,789.0,715.0,736.0,7498262.0
2026-10-08,TPEX,3707,漢磊,88.2,90.4,85.1,85.9,28868476.0
2026-10-08,TPEX,3709,鑫聯大投控,65.9,66.2,65.3,66.2,6263225.0
2026-10-08,TPEX,3710,連展投控,8.07,8.26,8.05,8.26,136064.0
2026-10-08,TPEX,3713,新晶投控,14.65,14.85,13.85,14.85,473178.0
2026-10-08,TPEX,3718,中光電投控,64.0,64.0,62.8,63.1,1237763.0
2026-10-08,TPEX,4102,永日,18.6,18.9,18.4,18.8,44228.0
2026-10-08,TPEX,4105,東洋,80.4,81.2,80.2,80.9,979437.0
2026-10-08,TPEX,4107,邦特,109.5,110.0,109.0,109.5,20896.0
2026-10-08,TPEX,4109,加捷生醫,10.9,11.0,10.9,10.95,113593.0
2026-10-08,TPEX,4111,濟生,28.85,29.1,28.85,29.0,46717.0
2026-10-08,TPEX,4113,聯上,14.95,14.95,14.55,14.95,208816.0
2026-10-08,TPEX,4114,健喬,29.35,30.2,29.35,30.15,2912992.0
2026-10-08,TPEX,4116,明基醫,39.55,40.0,39.55,39.9,7122.0
2026-10-08,TPEX,4120,友華,46.1,46.5,45.8,46.0,7846.0
2026-10-08,TPEX,4121,優盛,12.95,13.75,12.95,13.25,406875.0
2026-10-08,TPEX,4123,晟德,30.95,31.35,30.9,31.35,1334003.0
2026-10-08,TPEX,4126,太醫,77.5,77.7,77.5,77.5,25718.0
2026-10-08,TPEX,4127,天良,42.35,42.65,40.2,40.55,2113050.0
2026-10-08,TPEX,4128,中天,15.45,15.7,15.35,15.55,1496403.0
2026-10-08,TPEX,4129,聯合,83.2,83.9,83.2,83.7,98349.0
2026-10-08,TPEX,4131,浩泰,31.4,31.4,31.2,31.2,4000.0
2026-10-08,TPEX,4138,曜亞,53.8,54.6,53.7,53.8,18272.0
2026-10-08,TPEX,4139,馬光-KY,43.15,45.5,43.15,45.0,134264.0
2026-10-08,TPEX,4147,中裕,60.8,61.9,60.8,61.2,397066.0
2026-10-08,TPEX,4153,鈺緯,31.8,31.8,30.9,30.9,27709.0
2026-10-08,TPEX,4154,樂威科-KY,11.75,12.45,11.75,12.45,3000.0
2026-10-08,TPEX,4157,太景*-KY,8.63,9.4,8.6,9.33,7692254.0
2026-10-08,TPEX,4160,訊聯基因,38.65,39.6,38.6,38.9,19317.0
2026-10-08,TPEX,4161,聿新科,21.3,21.6,21.2,21.4,18055.0
2026-10-08,TPEX,4162,智擎,57.5,57.7,56.7,57.2,618145.0
2026-10-08,TPEX,4163,鐿鈦,130.0,135.5,130.0,135.5,19938.0
2026-10-08,TPEX,4166,友霖,23.9,24.35,23.9,24.2,82000.0
2026-10-08,TPEX,4167,松瑞藥,20.95,22.4,20.95,22.0,9766473.0
2026-10-08,TPEX,4168,醣聯,23.0,23.0,22.65,22.8,44969.0
2026-10-08,TPEX,4171,瑞基,19.05,20.2,18.4,19.85,2581255.0
2026-10-08,TPEX,4173,久裕,17.1,17.55,17.1,17.55,75316.0
2026-10-08,TPEX,4174,浩鼎,52.0,54.0,50.0,53.7,1079532.0
2026-10-08,TPEX,4175,杏一,51.6,51.6,51.0,51.0,9084.0
2026-10-08,TPEX,4183,福永生技,,,,,0.0
2026-10-08,TPEX,4188,安克,13.95,14.0,13.75,13.95,47758.0
2026-10-08,TPEX,4192,杏國,17.8,18.1,17.75,18.0,33002.0
2026-10-08,TPEX,4198,欣大健康,47.2,47.2,46.1,47.15,3061.0
2026-10-08,TPEX,4205,中華食,67.4,67.8,67.4,67.8,32969.0
2026-10-08,TPEX,4207,環泰,19.25,19.5,19.25,19.45,217738.0
2026-10-08,TPEX,4303,信立,31.6,32.9,31.2,31.65,1199597.0
2026-10-08,TPEX,4304,勝昱,16.5,17.0,16.05,16.65,27212.0
2026-10-08,TPEX,4305,世坤,41.2,41.2,40.85,40.95,11000.0
2026-10-08,TPEX,4401,東隆興,13.75,13.95,13.75,13.95,85406.0
2026-10-08,TPEX,4402,郡都開發,13.5,13.8,13.0,13.35,25133.0
2026-10-08,TPEX,4406,新昕纖,10.15,10.15,10.15,10.15,13002.0
2026-10-08,TPEX,4413,飛寶企業,20.0,20.0,19.35,19.85,37534.0
2026-10-08,TPEX,4416,三圓,12.65,13.0,12.25,12.25,1406530.0
2026-10-08,TPEX,4417,金洲,48.95,48.95,48.25,48.8,29125.0
2026-10-08,TPEX,4419,皇家美食,45.4,48.5,45.4,48.5,3005.0
2026-10-08,TPEX,4420,光明,35.4,36.0,35.4,35.8,51587.0
2026-10-08,TPEX,4430,耀億,17.75,19.55,17.75,19.55,479477.0
2026-10-08,TPEX,4432,銘旺實,15.2,15.35,15.15,15.2,18341.0
2026-10-08,TPEX,4433,興采,18.0,18.0,17.8,17.9,15147.0
2026-10-08,TPEX,4442,竣邦-KY,53.0,53.4,53.0,53.4,6146.0
2026-10-08,TPEX,4502,健信,15.65,15.7,15.65,15.7,3402.0
2026-10-08,TPEX,4503,金雨,23.9,24.5,23.8,24.3,147535.0
2026-10-08,TPEX,4506,崇友,118.0,118.0,117.5,118.0,42564.0
2026-10-08,TPEX,4510,高鋒,41.85,41.95,41.65,41.65,284487.0
2026-10-08,TPEX,4513,福裕,16.2,16.25,16.05,16.15,188521.0
2026-10-08,TPEX,4523,永彰,24.0,24.1,23.7,24.0,38605.0
2026-10-08,TPEX,4527,方土霖,45.0,45.0,44.9,45.0,29366.0
2026-10-08,TPEX,4528,江興鍛,14.75,14.8,14.65,14.8,22546.0
2026-10-08,TPEX,4529,淳紳,3.39,3.4,3.31,3.31,5141.0
2026-10-08,TPEX,4530,天意能創,24.3,25.85,24.3,25.75,6005.0
2026-10-08,TPEX,4533,協易機,25.5,25.55,25.25,25.45,314375.0
2026-10-08,TPEX,4534,慶騰,30.25,31.05,29.9,30.75,642376.0
2026-10-08,TPEX,4535,至興,26.7,26.8,26.5,26.5,3000.0
2026-10-08,TPEX,4538,大詠城,17.95,17.95,17.5,17.6,16420.0
2026-10-08,TPEX,4541,晟田,58.6,59.0,58.3,58.8,580557.0
2026-10-08,TPEX,4542,科嶠,325.0,338.5,317.0,329.0,944795.0
2026-10-08,TPEX,4543,萬在,32.75,32.75,31.55,32.55,458864.0
2026-10-08,TPEX,4549,桓達,98.1,98.4,97.4,98.0,19006.0
2026-10-08,TPEX,4550,長佳,24.05,24.15,24.05,24.1,10013.0
2026-10-08,TPEX,4554,橙的,28.2,28.2,27.75,27.85,8680.0
2026-10-08,TPEX,4556,旭然,142.5,145.0,133.0,145.0,853236.0
2026-10-08,TPEX,4558,寶緯,17.05,17.05,17.0,17.05,9177.0
2026-10-08,TPEX,4561,健椿,41.9,43.1,41.65,43.1,251843.0
2026-10-08,TPEX,4563,百德,52.4,53.7,52.4,53.2,188842.0
2026-10-08,TPEX,4568,科際精密,39.0,39.05,39.0,39.0,8250.0
2026-10-08,TPEX,4577,達航科技,88.8,92.1,87.5,90.6,497130.0
2026-10-08,TPEX,4580,捷流閥業,82.5,82.5,82.0,82.2,28139.0
2026-10-08,TPEX,4584,君帆,37.9,38.0,37.9,38.0,4020.0
2026-10-08,TPEX,4609,唐鋒,4.61,4.61,4.61,4.61,1017.0
2026-10-08,TPEX,4702,中美實,9.37,9.38,9.31,9.36,48800.0
2026-10-08,TPEX,4706,大恭,47.45,47.45,44.2,45.0,506741.0
2026-10-08,TPEX,4707,磐亞,32.0,33.5,31.45,32.8,5051846.0
2026-10-08,TPEX,4711,永純,17.05,18.1,16.85,17.2,1249270.0
2026-10-08,TPEX,4714,永捷,12.1,12.8,12.0,12.45,3856260.0
2026-10-08,TPEX,4716,大立,19.8,20.8,19.5,19.75,6940508.0
2026-10-08,TPEX,4721,美琪瑪,82.3,83.8,80.6,81.9,421372.0
2026-10-08,TPEX,4726,永昕,22.7,24.0,22.7,23.8,146420.0
2026-10-08,TPEX,4728,雙美,408.0,408.0,396.0,396.0,5080.0
2026-10-08,TPEX,4729,熒茂,19.6,19.6,19.4,19.45,72357.0
2026-10-08,TPEX,4735,豪展,38.0,38.7,37.95,38.05,93449.0
2026-10-08,TPEX,4741,泓瀚,40.5,40.75,40.2,40.3,30655.0
2026-10-08,TPEX,4743,合一,47.35,48.4,47.1,48.1,1410382.0
2026-10-08,TPEX,4744,皇將,28.05,28.75,28.05,28.55,9011.0
2026-10-08,TPEX,4745,合富-KY,12.05,12.2,12.05,12.2,7409.0
2026-10-08,TPEX,4747,強生*,23.35,23.35,23.2,23.35,17925.0
2026-10-08,TPEX,4749,新應材,771.0,773.0,758.0,759.0,1126450.0
2026-10-08,TPEX,4754,國碳科,37.9,37.9,37.7,37.85,17199.0
2026-10-08,TPEX,4760,勤凱,337.5,367.0,334.0,367.0,1300419.0
2026-10-08,TPEX,4767,誠泰科技,28.5,28.5,28.1,28.4,5135.0
2026-10-08,TPEX,4768,晶呈科技,363.0,369.0,360.0,365.5,413222.0
2026-10-08,TPEX,4772,台特化,278.0,278.5,272.0,274.5,657240.0
2026-10-08,TPEX,4806,桂田文創,11.0,11.3,10.9,11.25,21076.0
2026-10-08,TPEX,4903,聯光通,48.9,50.7,45.75,45.95,19353875.0
2026-10-08,TPEX,4905,台聯電,90.0,92.2,89.0,89.0,37798.0
2026-10-08,TPEX,4907,富宇,42.85,43.2,42.65,42.85,34334.0
2026-10-08,TPEX,4908,前鼎,251.0,256.0,242.0,243.5,7040475.0
2026-10-08,TPEX,4909,新復興,37.15,37.6,36.8,37.0,217242.0
2026-10-08,TPEX,4911,德英,27.8,28.0,27.75,28.0,15268.0
2026-10-08,TPEX,4923,力士,62.4,62.6,61.1,61.4,457489.0
2026-10-08,TPEX,4924,欣厚-KY,15.7,17.25,15.2,17.15,1122228.0
2026-10-08,TPEX,4931,新盛力,249.0,249.0,242.0,244.5,4446549.0
2026-10-08,TPEX,4933,友輝,52.6,53.2,52.4,53.0,45071.0
2026-10-08,TPEX,4939,亞電,76.2,80.7,76.2,78.3,12238393.0
2026-10-08,TPEX,4946,辣椒,99.0,99.5,98.1,99.5,11806.0
2026-10-08,TPEX,4950,金耘國際,15.6,15.9,15.5,15.9,14066.0
2026-10-08,TPEX,4951,精拓科,89.0,89.3,88.2,88.3,142420.0
2026-10-08,TPEX,4953,緯致,117.5,118.0,116.5,117.0,189497.0
2026-10-08,TPEX,4966,譜瑞-KY,563.0,563.0,557.0,558.0,466553.0
2026-10-08,TPEX,4971,IET-KY,603.0,608.0,584.0,596.0,1152059.0
2026-10-08,TPEX,4972,湯石照明,16.15,16.2,16.1,16.2,27331.0
2026-10-08,TPEX,4973,廣穎,145.0,149.0,145.0,149.0,1445117.0
2026-10-08,TPEX,4974,亞泰,69.2,69.4,68.9,68.9,150484.0
2026-10-08,TPEX,4979,華星光,570.0,574.0,558.0,565.0,3602877.0
2026-10-08,TPEX,4991,環宇-KY,513.0,515.0,498.0,511.0,2416205.0
2026-10-08,TPEX,4995,晶達,46.35,47.4,46.35,46.8,18568.0
2026-10-08,TPEX,5009,榮剛,32.9,34.0,32.7,33.65,4100405.0
2026-10-08,TPEX,5011,久陽,22.5,23.0,21.7,22.45,1504810.0
2026-10-08,TPEX,5013,強新,52.7,53.9,50.7,53.0,610724.0
2026-10-08,TPEX,5014,建錩,10.15,10.15,10.0,10.1,91600.0
2026-10-08,TPEX,5015,華祺,22.4,22.9,22.35,22.9,18540.0
2026-10-08,TPEX,5016,松和,27.45,27.45,26.65,26.75,96603.0
2026-10-08,TPEX,5201,凱衛,27.35,28.15,27.35,28.15,36161.0
2026-10-08,TPEX,5202,力新,14.35,14.4,14.05,14.05,508297.0
2026-10-08,TPEX,5205,中茂,33.3,33.3,33.2,33.3,144494.0
2026-10-08,TPEX,5206,坤悅,23.4,23.4,22.95,23.0,381103.0
2026-10-08,TPEX,5209,新鼎,180.0,182.0,178.5,181.0,406691.0
2026-10-08,TPEX,5210,寶碩,29.85,30.05,29.8,29.9,126903.0
2026-10-08,TPEX,5211,蒙恬,20.85,20.9,20.6,20.6,24708.0
2026-10-08,TPEX,5212,凌網,49.05,49.05,48.9,48.9,9142.0
2026-10-08,TPEX,5213,亞昕,20.2,20.2,20.0,20.05,189582.0
2026-10-08,TPEX,5220,萬達光電,21.9,22.4,21.25,22.1,91325.0
2026-10-08,TPEX,5223,安力-KY,22.5,22.9,22.3,22.4,22007.0
2026-10-08,TPEX,5227,立凱-KY,29.0,29.0,28.65,28.8,142813.0
2026-10-08,TPEX,5228,鈺鎧,61.0,61.3,57.3,61.3,4797986.0
2026-10-08,TPEX,5230,雷笛克光學,23.8,25.0,23.75,25.0,4460282.0
2026-10-08,TPEX,5245,智晶,20.0,20.6,19.7,19.95,88664.0
2026-10-08,TPEX,5251,天鉞電,31.4,31.4,29.7,29.8,187445.0
2026-10-08,TPEX,5263,智崴,92.0,98.0,91.0,96.1,878185.0
2026-10-08,TPEX,5272,笙科,17.6,17.6,17.5,17.5,21728.0
2026-10-08,TPEX,5274,信驊,16355.0,17840.0,15975.0,17485.0,1205820.0
2026-10-08,TPEX,5276,達輝-KY,,,,,191.0
2026-10-08,TPEX,5278,尚凡*,23.25,23.3,23.0,23.1,161669.0
2026-10-08,TPEX,5287,數字,137.0,137.5,137.0,137.0,48012.0
2026-10-08,TPEX,5289,宜鼎,1270.0,1280.0,1250.0,1250.0,1149254.0
2026-10-08,TPEX,5291,邑昇,64.5,65.9,62.1,62.2,435426.0
2026-10-08,TPEX,5299,杰力,99.5,99.9,98.1,98.1,183737.0
2026-10-08,TPEX,5301,寶得利,6.0,6.0,5.8,5.8,28097.0
2026-10-08,TPEX,5302,太欣,9.79,9.85,9.74,9.82,237895.0
2026-10-08,TPEX,5309,系統電,69.0,69.9,66.4,67.8,17219552.0
2026-10-08,TPEX,5310,天剛,30.15,30.15,28.6,28.6,47092.0
2026-10-08,TPEX,5312,寶島科,89.0,89.5,89.0,89.3,12305.0
2026-10-08,TPEX,5314,世紀*,27.5,27.95,27.05,27.15,18241962.0
2026-10-08,TPEX,5315,光聯,19.15,19.3,19.0,19.25,237627.0
2026-10-08,TPEX,5321,美而快,69.7,71.4,69.4,70.8,198662.0
2026-10-08,TPEX,5324,士開,12.35,12.6,12.35,12.5,47659.0
2026-10-08,TPEX,5328,華容,57.8,59.5,57.0,58.3,4173969.0
2026-10-08,TPEX,5340,建榮,91.0,97.0,90.6,94.4,14490340.0
2026-10-08,TPEX,5344,立衛,14.4,14.4,14.0,14.1,35084.0
2026-10-08,TPEX,5345,馥鴻,21.1,21.55,20.9,21.55,13892.0
2026-10-08,TPEX,5347,世界,189.5,191.0,185.0,186.5,10670455.0
2026-10-08,TPEX,5348,正能量智能,17.45,18.05,17.3,17.3,34347.0
2026-10-08,TPEX,5351,鈺創,115.5,118.5,114.5,115.0,12013082.0
2026-10-08,TPEX,5353,台林,29.2,29.2,28.6,28.9,19365.0
2026-10-08,TPEX,5355,佳總,7.76,7.8,7.5,7.77,121065.0
2026-10-08,TPEX,5356,協益,26.25,26.25,25.75,25.75,63074.0
2026-10-08,TPEX,5364,力麗店,8.29,8.35,8.29,8.35,15329.0
2026-10-08,TPEX,5381,光譜,22.15,22.25,21.6,21.6,871353.0
2026-10-08,TPEX,5386,青雲,279.0,295.0,279.0,282.5,1024372.0
2026-10-08,TPEX,5392,能率,38.85,38.85,38.2,38.2,993226.0
2026-10-08,TPEX,5398,慕康生醫,16.4,16.5,15.0,15.3,825961.0
2026-10-08,TPEX,5403,中菲,91.6,91.8,91.5,91.8,25663.0
2026-10-08,TPEX,5410,國眾,33.25,33.5,33.25,33.5,123300.0
2026-10-08,TPEX,5425,台半,102.5,103.5,99.9,100.5,7410207.0
2026-10-08,TPEX,5426,振發,30.2,30.3,29.25,29.25,720272.0
2026-10-08,TPEX,5432,新門,194.5,195.5,179.5,179.5,579990.0
2026-10-08,TPEX,5438,東友,17.0,17.1,16.9,17.1,49152.0
2026-10-08,TPEX,5439,高技,262.0,269.0,254.0,260.5,1942531.0
2026-10-08,TPEX,5443,均豪,112.0,113.0,109.5,110.5,1088049.0
2026-10-08,TPEX,5450,南良,14.55,14.8,14.45,14.8,109182.0
2026-10-08,TPEX,5452,佶優,31.0,31.2,30.15,30.45,1686279.0
2026-10-08,TPEX,5455,昇益,30.8,30.8,30.8,30.8,2800.0
2026-10-08,TPEX,5457,宣德,23.85,24.05,23.3,23.3,711169.0
2026-10-08,TPEX,5460,同協,19.05,21.15,18.2,20.75,3712116.0
2026-10-08,TPEX,5464,霖宏,94.8,95.0,91.3,94.6,351419.0
2026-10-08,TPEX,5465,富驊,33.55,33.7,32.5,32.75,385556.0
2026-10-08,TPEX,5468,凱鈺,24.35,24.4,23.95,23.95,83043.0
2026-10-08,TPEX,5474,聰泰,159.0,162.0,159.0,159.5,64007.0
2026-10-08,TPEX,5475,德宏,194.0,203.0,192.0,203.0,17231839.0
2026-10-08,TPEX,5478,智冠,96.8,97.7,96.8,97.1,53024.0
2026-10-08,TPEX,5481,新華,20.45,20.45,20.0,20.45,56749.0
2026-10-08,TPEX,5483,中美晶,221.0,221.0,208.5,216.5,21542828.0
2026-10-08,TPEX,5487,通泰,30.4,30.4,28.9,28.95,171312.0
2026-10-08,TPEX,5488,松普,11.95,11.95,11.75,11.9,268902.0
2026-10-08,TPEX,5489,彩富,41.6,41.6,41.1,41.5,20100.0
2026-10-08,TPEX,5490,同亨,25.6,25.6,25.4,25.4,82459.0
2026-10-08,TPEX,5493,三聯,90.0,92.0,89.5,91.3,77494.0
2026-10-08,TPEX,5498,凱崴,54.9,55.4,53.1,54.1,1483154.0
2026-10-08,TPEX,5508,永信建,53.9,54.2,53.4,53.8,162195.0
2026-10-08,TPEX,5511,德昌,68.1,70.7,68.1,70.0,194517.0
2026-10-08,TPEX,5512,力麒,7.52,7.59,7.5,7.54,211685.0
2026-10-08,TPEX,5514,三豐,14.9,15.1,14.85,15.1,60251.0
2026-10-08,TPEX,5516,雙喜,11.75,12.7,11.7,12.7,31777.0
2026-10-08,TPEX,5520,力泰,,,,,35.0
2026-10-08,TPEX,5523,豐謙,30.2,30.35,30.2,30.35,10011.0
2026-10-08,TPEX,5529,鉅陞,25.65,25.95,25.15,25.75,298407.0
2026-10-08,TPEX,5530,龍巖,48.3,48.3,47.8,48.15,269652.0
2026-10-08,TPEX,5536,聖暉*,1050.0,1085.0,1025.0,1030.0,3109177.0
2026-10-08,TPEX,5543,桓鼎-KY,28.25,28.25,26.6,26.6,8010.0
2026-10-08,TPEX,5547,久舜,20.2,20.2,20.0,20.15,46105.0
2026-10-08,TPEX,5548,安倉,20.1,20.1,20.0,20.1,21150.0
2026-10-08,TPEX,5601,台聯櫃,28.7,29.3,28.6,29.3,9596.0
2026-10-08,TPEX,5603,陸海,14.05,14.2,13.95,14.0,70153.0
2026-10-08,TPEX,5604,中連,31.65,31.65,31.55,31.6,7403.0
2026-10-08,TPEX,5609,中菲行,78.7,79.2,78.7,79.1,164505.0
2026-10-08,TPEX,5701,劍湖山,4.05,4.13,4.0,4.0,193203.0
2026-10-08,TPEX,5703,亞都,,,,,122.0
2026-10-08,TPEX,5704,老爺知,22.5,23.1,22.5,22.85,60836.0
2026-10-08,TPEX,5864,致和證,39.05,39.7,38.8,39.45,1815977.0
2026-10-08,TPEX,5878,台名,37.5,37.5,37.5,37.5,3130.0
2026-10-08,TPEX,5902,德記,34.2,34.2,33.7,34.0,29089.0
2026-10-08,TPEX,5903,全家,185.0,185.5,185.0,185.5,10217.0
2026-10-08,TPEX,5904,寶雅*,70.3,70.3,69.1,69.5,2301893.0
2026-10-08,TPEX,5905,南仁湖,7.35,7.41,7.32,7.39,142667.0
2026-10-08,TPEX,6015,宏遠證,18.0,18.3,17.85,18.15,3043304.0
2026-10-08,TPEX,6016,康和證,24.2,24.2,23.75,23.95,6933569.0
2026-10-08,TPEX,6020,大展證,20.6,20.75,20.5,20.5,5001.0
2026-10-08,TPEX,6021,美好證,42.8,43.95,42.8,43.25,333572.0
2026-10-08,TPEX,6023,元大期,84.1,84.6,84.1,84.1,214298.0
2026-10-08,TPEX,6026,福邦證,15.85,15.9,15.75,15.8,447268.0
2026-10-08,TPEX,6028,公勝保經,109.0,114.0,106.5,113.5,67955.0
2026-10-08,TPEX,6101,寬魚國際,38.8,39.05,38.05,38.2,169904.0
2026-10-08,TPEX,6103,合邦,39.9,39.9,37.1,37.8,84598.0
2026-10-08,TPEX,6104,創惟,87.6,88.2,87.2,87.3,433060.0
2026-10-08,TPEX,6109,亞元,10.4,10.5,10.3,10.5,44739.0
2026-10-08,TPEX,6111,光聚晶電,35.8,35.95,35.5,35.5,85506.0
2026-10-08,TPEX,6113,亞矽,24.55,25.6,23.7,23.7,507820.0
2026-10-08,TPEX,6114,久威,22.5,22.85,22.5,22.6,15171.0
2026-10-08,TPEX,6118,建達,16.15,16.25,15.85,16.1,130038.0
2026-10-08,TPEX,6121,新普,372.5,372.5,363.0,364.0,546586.0
2026-10-08,TPEX,6122,擎邦,60.0,63.4,59.5,63.0,1514337.0
2026-10-08,TPEX,6123,上奇,43.1,43.1,42.5,42.5,18358.0
2026-10-08,TPEX,6124,業強,26.95,27.45,26.8,27.45,11118.0
2026-10-08,TPEX,6125,廣運,50.1,52.1,49.85,51.2,987656.0
2026-10-08,TPEX,6126,信音,32.5,32.5,31.8,31.9,561816.0
2026-10-08,TPEX,6127,九豪,58.5,64.1,58.5,64.1,25426559.0
2026-10-08,TPEX,6129,普誠,14.45,14.45,14.2,14.25,163125.0
2026-10-08,TPEX,6130,上亞科技,22.5,23.0,22.05,23.0,88009.0
2026-10-08,TPEX,6134,萬旭,28.35,28.45,28.0,28.0,200320.0
2026-10-08,TPEX,6138,茂達,268.0,271.0,266.5,267.0,529237.0
2026-10-08,TPEX,6140,訊達,20.05,20.15,20.0,20.15,199390.0
2026-10-08,TPEX,6143,振曜,78.0,78.1,77.0,77.0,498451.0
2026-10-08,TPEX,6144,得利影,13.35,13.35,12.95,13.3,7525.0
2026-10-08,TPEX,6146,耕興,182.0,197.5,182.0,191.5,1417483.0
2026-10-08,TPEX,6147,頎邦,230.0,236.5,222.0,226.0,48534420.0
2026-10-08,TPEX,6148,驊宏資,37.1,37.65,36.65,37.15,750589.0
2026-10-08,TPEX,6150,撼訊,64.8,65.0,62.5,64.0,379187.0
2026-10-08,TPEX,6151,晉倫,35.65,35.7,35.1,35.15,78306.0
2026-10-08,TPEX,6154,順發,14.25,14.25,14.15,14.25,24724.0
2026-10-08,TPEX,6156,松上,23.6,23.95,23.45,23.8,814436.0
2026-10-08,TPEX,6158,禾昌,17.8,17.9,17.7,17.9,38411.0
2026-10-08,TPEX,6160,欣技,13.85,14.1,13.8,13.95,36358.0
2026-10-08,TPEX,6161,捷波,48.95,49.0,48.75,49.0,27880.0
2026-10-08,TPEX,6163,華電網,43.05,45.1,41.75,43.85,1829799.0
2026-10-08,TPEX,6169,昱泉,11.8,12.0,11.7,12.0,20001.0
2026-10-08,TPEX,6170,統振,48.9,49.6,48.75,49.6,186889.0
2026-10-08,TPEX,6171,大城地產,24.3,24.7,23.9,24.1,72250.0
2026-10-08,TPEX,6174,安碁,58.2,64.0,58.0,64.0,10284343.0
2026-10-08,TPEX,6175,立敦,75.6,78.4,75.1,77.9,2002239.0
2026-10-08,TPEX,6179,亞通,37.35,39.4,37.3,37.8,9550207.0
2026-10-08,TPEX,6180,橘子,39.5,39.6,38.7,39.15,844129.0
2026-10-08,TPEX,6182,合晶,132.0,133.0,125.5,129.0,61054182.0
2026-10-08,TPEX,6185,幃翔,12.5,12.5,12.3,12.3,393513.0
2026-10-08,TPEX,6186,新潤,28.95,28.95,28.75,28.9,156095.0
2026-10-08,TPEX,6187,萬潤,1500.0,1595.0,1490.0,1525.0,2984238.0
2026-10-08,TPEX,6188,廣明,62.8,63.1,62.3,62.5,674436.0
2026-10-08,TPEX,6190,萬泰科,75.9,77.7,75.2,76.5,2870452.0
2026-10-08,TPEX,6194,育富,31.75,32.45,31.75,32.25,88589.0
2026-10-08,TPEX,6195,詩肯,27.8,28.1,27.8,28.05,8531.0
2026-10-08,TPEX,6198,瑞築,,,,,2.0
2026-10-08,TPEX,6199,天品,140.0,142.5,138.5,142.0,7944362.0
2026-10-08,TPEX,6203,海韻電,59.8,60.0,58.5,59.9,68162.0
2026-10-08,TPEX,6204,艾華,111.5,113.0,107.0,111.5,382959.0
2026-10-08,TPEX,6207,雷科,145.5,148.5,142.0,146.0,4072464.0
2026-10-08,TPEX,6208,日揚,79.0,79.1,78.3,78.3,137473.0
2026-10-08,TPEX,6210,慶生,17.55,17.85,17.5,17.85,17000.0
2026-10-08,TPEX,6212,理銘,,,,,0.0
2026-10-08,TPEX,6217,中探針,169.0,169.5,165.0,168.0,2557498.0
2026-10-08,TPEX,6218,豪勉,60.8,62.9,55.7,56.0,6068199.0
2026-10-08,TPEX,6219,富旺,12.0,12.05,11.95,12.0,60481.0
2026-10-08,TPEX,6220,岳豐,25.7,25.75,25.45,25.5,135171.0
2026-10-08,TPEX,6221,晉泰,29.8,30.3,29.65,29.65,331920.0
2026-10-08,TPEX,6222,立軒,19.45,19.45,19.45,19.45,1000.0
2026-10-08,TPEX,6223,旺矽,5450.0,5665.0,5450.0,5575.0,544005.0
2026-10-08,TPEX,6227,茂綸,141.5,141.5,137.5,138.5,569010.0
2026-10-08,TPEX,6228,全譜,19.1,19.1,17.8,18.0,27888.0
2026-10-08,TPEX,6229,研通,23.8,24.2,23.8,24.1,37206.0
2026-10-08,TPEX,6231,系微,235.0,235.0,230.5,232.5,170738.0
2026-10-08,TPEX,6233,旺玖,24.85,25.4,24.85,25.15,339387.0
2026-10-08,TPEX,6234,高僑,42.0,42.75,39.45,39.5,2479817.0
2026-10-08,TPEX,6236,中湛,,,,,0.0
2026-10-08,TPEX,6237,驊訊,35.05,35.35,34.6,34.65,240043.0
2026-10-08,TPEX,6240,松崗,26.05,26.9,26.0,26.4,10692.0
2026-10-08,TPEX,6241,鑫永洋,16.35,16.8,16.2,16.8,63478.0
2026-10-08,TPEX,6242,立康,,,,,50.0
2026-10-08,TPEX,6244,茂迪,22.6,22.7,22.3,22.3,2901117.0
2026-10-08,TPEX,6245,立端,87.3,88.5,86.4,88.0,432191.0
2026-10-08,TPEX,6246,臺龍,12.55,12.9,12.5,12.55,36077.0
2026-10-08,TPEX,6248,沛波,17.0,17.2,16.9,17.15,52701.0
2026-10-08,TPEX,6259,百徽,33.05,33.65,32.2,33.1,522350.0
2026-10-08,TPEX,6261,久元,77.4,77.5,76.0,76.4,446163.0
2026-10-08,TPEX,6263,普萊德,175.0,177.5,173.0,176.0,521592.0
2026-10-08,TPEX,6264,富裔,6.0,6.06,6.0,6.06,15180.0
2026-10-08,TPEX,6265,方土昶,48.9,49.85,48.9,49.2,881500.0
2026-10-08,TPEX,6266,泰詠,26.3,26.6,26.15,26.5,171049.0
2026-10-08,TPEX,6270,倍微,29.8,29.8,29.55,29.7,81848.0
2026-10-08,TPEX,6274,台燿,1705.0,1750.0,1645.0,1740.0,7917051.0
2026-10-08,TPEX,6275,元山,47.35,47.65,46.7,46.85,144176.0
2026-10-08,TPEX,6276,安鈦克,19.1,19.1,19.0,19.0,4090.0
2026-10-08,TPEX,6279,胡連,116.5,117.5,116.0,116.0,190256.0
2026-10-08,TPEX,6284,佳邦,79.7,80.4,78.2,78.9,650145.0
2026-10-08,TPEX,6290,良維,282.0,284.5,280.0,280.5,1532346.0
2026-10-08,TPEX,6291,沛亨,456.0,471.0,438.5,439.0,1411769.0
2026-10-08,TPEX,6292,迅德,68.8,68.8,66.8,66.9,303911.0
2026-10-08,TPEX,6294,智基,27.75,28.0,27.7,28.0,12267.0
2026-10-08,TPEX,6411,晶焱,78.9,78.9,77.5,77.5,196737.0
2026-10-08,TPEX,6417,韋僑,106.5,106.5,103.5,103.5,194209.0
2026-10-08,TPEX,6418,詠昇,34.35,34.45,34.3,34.3,51051.0
2026-10-08,TPEX,6419,京晨科,163.5,163.5,156.0,158.5,365521.0
2026-10-08,TPEX,6423,億而得,86.1,89.3,86.1,87.7,48629.0
2026-10-08,TPEX,6425,易發,73.6,73.6,72.0,72.1,350266.0
2026-10-08,TPEX,6432,今展科,65.0,67.5,64.5,66.2,675066.0
2026-10-08,TPEX,6435,大中,254.0,259.5,251.0,259.5,264672.0
2026-10-08,TPEX,6441,廣錠,22.3,22.55,22.2,22.35,81025.0
2026-10-08,TPEX,6461,益得,29.8,29.8,28.8,29.2,176840.0
2026-10-08,TPEX,6462,神盾,102.5,102.5,100.5,100.5,194017.0
2026-10-08,TPEX,6465,威潤,41.2,42.05,40.45,41.7,147863.0
2026-10-08,TPEX,6469,大樹,64.8,67.5,64.8,66.4,1092983.0
2026-10-08,TPEX,6470,宇智,42.6,42.85,42.4,42.75,23031.0
2026-10-08,TPEX,6474,華豫寧,35.4,35.5,35.4,35.45,46000.0
2026-10-08,TPEX,6482,弘煜科,23.1,23.2,23.1,23.2,7206.0
2026-10-08,TPEX,6485,點序,85.6,87.2,81.1,81.2,2001276.0
2026-10-08,TPEX,6486,互動,78.4,78.4,77.6,78.0,43766.0
2026-10-08,TPEX,6488,環球晶,1180.0,1195.0,1095.0,1130.0,20608056.0
2026-10-08,TPEX,6492,生華科,34.2,34.2,33.9,33.9,85554.0
2026-10-08,TPEX,6494,九齊,52.1,52.7,50.9,51.3,101388.0
2026-10-08,TPEX,6496,科懋,23.95,23.95,23.45,23.85,21632.0
2026-10-08,TPEX,6498,久禾光,75.5,75.5,72.5,73.5,136196.0
2026-10-08,TPEX,6499,益安,80.5,81.3,79.5,80.6,273155.0
2026-10-08,TPEX,6506,雙邦,18.85,19.0,18.8,19.0,98588.0
2026-10-08,TPEX,6508,惠光,27.4,27.4,26.05,26.4,36009.0
2026-10-08,TPEX,6509,聚和,50.4,51.0,50.1,50.7,740820.0
2026-10-08,TPEX,6510,精測,3000.0,3320.0,3000.0,3320.0,1470984.0
2026-10-08,TPEX,6512,啟發電,20.15,20.2,20.1,20.1,12320.0
2026-10-08,TPEX,6516,勤崴國際,56.0,56.7,55.8,56.7,20419.0
2026-10-08,TPEX,6517,保勝光學,67.1,67.6,66.0,66.0,338694.0
2026-10-08,TPEX,6523,達爾膚,89.0,89.1,88.9,88.9,19416.0
2026-10-08,TPEX,6527,明達醫,74.5,74.5,73.8,74.0,21050.0
2026-10-08,TPEX,6530,創威,97.7,99.1,96.1,96.1,871977.0
2026-10-08,TPEX,6532,瑞耘,114.0,117.0,108.0,108.5,1553955.0
2026-10-08,TPEX,6535,順藥,81.0,81.7,80.8,81.3,59344.0
2026-10-08,TPEX,6538,倉和,346.0,351.5,322.5,332.5,6280323.0
2026-10-08,TPEX,6542,隆中,38.4,38.6,38.15,38.15,9024.0
2026-10-08,TPEX,6546,正基,61.5,61.9,61.2,61.5,79308.0
2026-10-08,TPEX,6547,高端疫苗,62.1,63.0,61.6,62.0,3975564.0
2026-10-08,TPEX,6548,長科*,78.0,78.0,76.3,77.3,3373358.0
2026-10-08,TPEX,6556,勝品,61.9,61.9,61.9,61.9,3016.0
2026-10-08,TPEX,6560,欣普羅,33.05,33.05,32.7,32.8,66124.0
2026-10-08,TPEX,6561,是方,310.0,310.0,307.5,308.5,121455.0
2026-10-08,TPEX,6568,宏觀,134.0,134.5,129.0,129.0,307230.0
2026-10-08,TPEX,6569,醫揚,92.1,92.1,91.1,91.4,29327.0
2026-10-08,TPEX,6570,維田,47.05,47.35,46.8,47.2,72191.0
2026-10-08,TPEX,6574,霈方,120.0,123.0,118.0,123.0,47084.0
2026-10-08,TPEX,6576,逸達,78.3,79.0,78.2,78.2,39504.0
2026-10-08,TPEX,6577,勁豐,80.3,80.3,79.5,80.0,13746.0
2026-10-08,TPEX,6578,達邦蛋白,16.35,16.95,16.35,16.65,43628.0
2026-10-08,TPEX,6584,南俊國際,539.0,539.0,528.0,531.0,186612.0
2026-10-08,TPEX,6588,東典光電,109.5,109.5,106.5,107.5,499351.0
2026-10-08,TPEX,6590,普鴻,64.0,64.3,63.5,64.0,20777.0
2026-10-08,TPEX,6593,台灣銘板,32.2,32.4,31.7,32.3,21949.0
2026-10-08,TPEX,6596,寬宏藝術,96.6,97.1,96.4,96.8,100337.0
2026-10-08,TPEX,6597,立誠,64.6,69.0,64.6,69.0,17002.0
2026-10-08,TPEX,6603,富強鑫,28.8,29.85,28.7,29.55,3044746.0
2026-10-08,TPEX,6604,儒億,25.25,25.4,25.25,25.3,169372.0
2026-10-08,TPEX,6609,瀧澤科,39.15,39.15,38.05,38.65,51043.0
2026-10-08,TPEX,6612,奈米醫材,74.0,74.0,71.8,71.9,19682.0
2026-10-08,TPEX,6613,朋億*,289.5,290.5,284.5,286.0,200866.0
2026-10-08,TPEX,6615,慧智,33.4,33.45,33.35,33.35,18683.0
2026-10-08,TPEX,6616,特昇-KY,8.54,8.73,8.36,8.73,8000.0
2026-10-08,TPEX,6617,共信-KY,122.0,123.5,118.5,119.0,303447.0
2026-10-08,TPEX,6620,漢達,126.5,133.0,126.0,127.5,2129447.0
2026-10-08,TPEX,6624,萬年清,38.0,38.35,36.7,38.35,13003.0
2026-10-08,TPEX,6629,泰金-KY,101.0,101.0,101.0,101.0,6144.0
2026-10-08,TPEX,6637,醫影,55.5,56.4,55.0,56.0,84105.0
2026-10-08,TPEX,6640,均華,1075.0,1085.0,1050.0,1050.0,193662.0
2026-10-08,TPEX,6642,富致,78.2,79.5,77.6,77.6,238075.0
2026-10-08,TPEX,6643,M31,497.0,502.0,489.0,489.0,414736.0
2026-10-08,TPEX,6649,台生材,36.15,36.6,36.1,36.6,14007.0
2026-10-08,TPEX,6651,全宇昕,142.0,146.5,141.0,141.5,230888.0
2026-10-08,TPEX,6654,天正國際,217.0,220.0,215.0,218.0,19726.0
2026-10-08,TPEX,6661,威健生技,,,,,0.0
2026-10-08,TPEX,6662,樂斯科,,,,,1.0
2026-10-08,TPEX,6664,群翊,374.0,376.5,370.5,373.5,225210.0
2026-10-08,TPEX,6667,信紘科,280.0,285.0,273.5,283.0,881965.0
2026-10-08,TPEX,6679,鈺太,198.0,199.0,196.0,196.5,165184.0
2026-10-08,TPEX,6680,鑫創電子,,,,,58.0
2026-10-08,TPEX,6683,雍智科技,1425.0,1455.0,1410.0,1415.0,651341.0
2026-10-08,TPEX,6684,安格,48.0,48.35,47.85,48.05,35133.0
2026-10-08,TPEX,6690,安碁資訊,177.0,180.0,177.0,178.0,105499.0
2026-10-08,TPEX,6692,進能服,23.1,23.3,22.35,22.8,19100.0
2026-10-08,TPEX,6693,廣閎科,195.0,200.5,195.0,196.5,566212.0
2026-10-08,TPEX,6697,東捷資訊,41.3,41.5,40.75,40.8,26559.0
2026-10-08,TPEX,6703,軒郁,99.8,100.0,99.8,99.9,27886.0
2026-10-08,TPEX,6708,天擎,69.5,69.9,67.2,69.2,491027.0
2026-10-08,TPEX,6712,長聖,162.0,162.0,160.0,161.5,180670.0
2026-10-08,TPEX,6716,應廣,138.5,138.5,138.5,138.5,427938.0
2026-10-08,TPEX,6720,久昌,123.0,125.0,117.0,117.0,67077.0
2026-10-08,TPEX,6721,信實,48.5,48.65,48.5,48.5,24322.0
2026-10-08,TPEX,6725,矽科宏晟,218.0,218.5,212.5,213.5,117686.0
2026-10-08,TPEX,6727,亞泰金屬,525.0,534.0,517.0,530.0,790752.0
2026-10-08,TPEX,6728,上洋,108.5,109.0,108.5,108.5,12096.0
2026-10-08,TPEX,6730,常廣,33.0,33.0,33.0,33.0,2151.0
2026-10-08,TPEX,6732,昇佳電子,153.0,153.0,151.5,152.0,39853.0
2026-10-08,TPEX,6733,博晟生醫,24.8,24.95,24.7,24.9,22330.0
2026-10-08,TPEX,6735,美達科技,63.2,63.2,62.1,62.6,46512.0
2026-10-08,TPEX,6739,竹陞科技,1095.0,1100.0,1055.0,1080.0,155660.0
2026-10-08,TPEX,6741,91APP*-KY,54.3,54.8,53.8,54.2,274659.0
2026-10-08,TPEX,6751,智聯服務,51.5,53.4,50.4,51.4,331429.0
2026-10-08,TPEX,6752,叡揚,97.0,97.0,96.7,97.0,16109.0
2026-10-08,TPEX,6761,穩得,167.0,167.5,165.5,166.5,96781.0
2026-10-08,TPEX,6762,達亞,,,,,1.0
2026-10-08,TPEX,6763,綠界科技*,41.6,41.7,41.5,41.55,93621.0
2026-10-08,TPEX,6767,台微醫,24.0,24.5,24.0,24.5,12000.0
2026-10-08,TPEX,6785,昱展新藥,90.3,90.5,88.1,88.1,83057.0
2026-10-08,TPEX,6788,華景電,375.0,390.0,364.5,375.5,1119881.0
2026-10-08,TPEX,6791,虎門科技,100.5,100.5,96.1,99.3,21880.0
2026-10-08,TPEX,6803,崑鼎,263.0,265.0,262.5,265.0,59582.0
2026-10-08,TPEX,6804,明係,18.2,18.2,17.6,17.85,61313.0
2026-10-08,TPEX,6811,宏碁資訊,275.5,290.0,273.5,281.0,2078477.0
2026-10-08,TPEX,6821,聯寶,45.4,45.65,44.9,44.9,62149.0
2026-10-08,TPEX,6823,濾能,61.2,61.2,59.5,59.7,33610.0
2026-10-08,TPEX,6829,千附精密,212.0,212.0,209.0,210.0,395179.0
2026-10-08,TPEX,6840,東研信超,94.5,96.0,91.9,94.5,297021.0
2026-10-08,TPEX,6841,長佳智能,55.9,56.9,55.9,56.7,188254.0
2026-10-08,TPEX,6843,進典,38.1,38.2,38.0,38.0,24016.0
2026-10-08,TPEX,6844,諾貝兒,56.9,56.9,56.1,56.1,30427.0
2026-10-08,TPEX,6846,綠茵,58.0,58.4,57.7,58.3,9000.0
2026-10-08,TPEX,6855,數泓科,111.5,112.0,111.5,111.5,13034.0
2026-10-08,TPEX,6856,鑫傳,40.3,41.05,40.15,41.05,11000.0
2026-10-08,TPEX,6859,伯特光,120.5,120.5,119.0,120.5,16825.0
2026-10-08,TPEX,6865,偉康科技,26.4,26.6,26.4,26.45,6070.0
2026-10-08,TPEX,6870,騰雲,316.0,326.0,315.0,319.0,75465.0
2026-10-08,TPEX,6872,浩宇生醫,23.4,23.4,21.65,21.8,74404.0
2026-10-08,TPEX,6874,倍力,70.0,70.3,69.8,70.3,8344.0
2026-10-08,TPEX,6875,國邑*,27.5,27.75,26.9,27.0,192723.0
2026-10-08,TPEX,6877,鏵友益,128.0,134.5,128.0,134.0,234498.0
2026-10-08,TPEX,6881,潤德,216.0,216.0,216.0,216.0,4346.0
2026-10-08,TPEX,6884,海柏特,32.2,32.2,31.3,32.1,37300.0
2026-10-08,TPEX,6894,衛司特,359.0,370.0,359.0,362.0,81175.0
2026-10-08,TPEX,6895,宏碩系統,155.0,155.5,153.5,155.5,7566.0
2026-10-08,TPEX,6899,創為精密,49.3,50.2,49.3,50.2,6287.0
2026-10-08,TPEX,6903,巨漢,325.5,327.5,319.0,326.5,191278.0
2026-10-08,TPEX,6904,伯鑫,,,,,0.0
2026-10-08,TPEX,6907,雅特力-KY,185.0,191.0,181.0,182.5,1464455.0
2026-10-08,TPEX,6910,德鴻,25.45,25.5,25.4,25.5,5065.0
2026-10-08,TPEX,6913,鴻呈,131.5,132.0,129.0,129.5,295251.0
2026-10-08,TPEX,6922,宸曜,204.0,205.0,202.0,203.0,66765.0
2026-10-08,TPEX,6925,意藍,70.0,75.5,69.9,71.3,454994.0
2026-10-08,TPEX,6929,佑全,22.0,22.0,22.0,22.0,2300.0
2026-10-08,TPEX,6945,圓祥生技,137.0,140.5,129.5,133.0,792852.0
2026-10-08,TPEX,6953,家碩,263.0,263.0,255.0,255.0,76614.0
2026-10-08,TPEX,6961,旅天下,45.95,45.95,45.6,45.6,7962.0
2026-10-08,TPEX,6967,汎瑋材料,72.3,72.8,71.8,71.9,91887.0
2026-10-08,TPEX,6968,萬達寵物,41.3,41.35,41.1,41.3,40720.0
2026-10-08,TPEX,6971,惠民實業,23.5,25.3,23.45,24.4,88226.0
2026-10-08,TPEX,6982,大井泵浦,44.7,45.3,44.7,44.8,26095.0
2026-10-08,TPEX,6983,華洋精機,382.0,382.0,366.0,374.5,70903.0
2026-10-08,TPEX,6986,和迅,44.0,44.3,44.0,44.3,35500.0
2026-10-08,TPEX,6996,力領科技,167.0,167.5,165.5,166.0,33218.0
2026-10-08,TPEX,6997,博弘,68.0,68.0,66.7,66.7,6167.0
2026-10-08,TPEX,7402,邑錡,100.5,100.5,99.2,99.2,62433.0
2026-10-08,TPEX,7547,碩網,61.5,61.5,59.9,60.0,54491.0
2026-10-08,TPEX,7556,意德士,303.0,303.0,287.5,290.0,116586.0
2026-10-08,TPEX,7584,樂意,28.2,28.3,28.2,28.2,4000.0
2026-10-08,TPEX,7642,昶瑞機電,65.4,66.4,65.0,65.9,53500.0
2026-10-08,TPEX,7703,銳澤,207.0,207.0,200.5,202.0,47697.0
2026-10-08,TPEX,7704,明遠精密,60.5,63.3,60.2,62.6,95228.0
2026-10-08,TPEX,7708,全家餐飲,91.5,91.5,91.5,91.5,14605.0
2026-10-08,TPEX,7709,榮田,82.2,83.6,81.5,81.6,93488.0
2026-10-08,TPEX,7712,博盛半導體,176.0,182.0,173.5,173.5,724249.0
2026-10-08,TPEX,7713,威力德生醫,73.2,73.5,73.2,73.5,3000.0
2026-10-08,TPEX,7714,創泓科技,169.0,171.5,168.5,170.0,151058.0
2026-10-08,TPEX,7715,裕山,26.6,27.5,26.45,26.55,58096.0
2026-10-08,TPEX,7716,昱臺國際,23.7,24.55,23.6,24.55,5000.0
2026-10-08,TPEX,7717,萊德光電-KY,581.0,590.0,570.0,577.0,562464.0
2026-10-08,TPEX,7718,友鋮,46.0,46.0,45.85,45.9,27000.0
2026-10-08,TPEX,7723,築間,21.8,22.75,20.8,22.3,861961.0
2026-10-08,TPEX,7728,光焱科技,643.0,679.0,630.0,631.0,95790.0
2026-10-08,TPEX,7734,印能科技,2710.0,2715.0,2640.0,2710.0,152083.0
2026-10-08,TPEX,7738,東聯互動,159.0,162.0,158.0,161.0,56056.0
2026-10-08,TPEX,7743,金利食安,26.0,26.1,24.9,26.0,130789.0
2026-10-08,TPEX,7744,崴寶,530.0,532.0,506.0,506.0,113871.0
2026-10-08,TPEX,7747,昕奇雲端,110.0,111.0,109.0,111.0,91716.0
2026-10-08,TPEX,7751,竑騰,1660.0,1660.0,1585.0,1620.0,193248.0
2026-10-08,TPEX,7753,星亞,35.35,35.75,35.35,35.7,10095.0
2026-10-08,TPEX,7757,金色三麥,88.5,88.9,88.5,88.9,9329.0
2026-10-08,TPEX,7767,仁大資訊,45.4,45.4,45.35,45.35,4985.0
2026-10-08,TPEX,7770,君曜,39.8,40.7,39.8,40.7,22607.0
2026-10-08,TPEX,7772,耀穎,143.0,145.5,134.0,135.0,503866.0
2026-10-08,TPEX,7777,能率亞洲,37.2,37.6,37.05,37.1,672280.0
2026-10-08,TPEX,7782,光速火箭,25.15,25.15,25.1,25.1,17101.0
2026-10-08,TPEX,7792,安葆,395.5,407.0,389.5,403.5,877617.0
2026-10-08,TPEX,7794,宏碁智新,29.5,29.5,29.05,29.3,36489.0
2026-10-08,TPEX,7805,威聯通,499.5,509.0,495.0,505.0,68591.0
2026-10-08,TPEX,7810,捷創科技,249.0,249.0,245.0,245.0,107035.0
2026-10-08,TPEX,7811,民盛,73.0,73.0,73.0,73.0,6000.0
2026-10-08,TPEX,7814,海昌生技,28.0,28.5,28.0,28.5,7000.0
2026-10-08,TPEX,7819,精誠金融,33.05,33.05,32.95,32.95,29051.0
2026-10-08,TPEX,7820,立盈,,,,,0.0
2026-10-08,TPEX,7825,和亞智慧,76.2,77.8,75.0,75.4,240381.0
2026-10-08,TPEX,7828,創新服務,1800.0,1840.0,1765.0,1840.0,161491.0
2026-10-08,TPEX,7839,達人網,44.25,44.5,43.1,44.0,10032.0
2026-10-08,TPEX,7842,天能綠電,96.5,96.7,95.5,96.5,5298.0
2026-10-08,TPEX,7856,漢測,4485.0,4630.0,4260.0,4260.0,524957.0
2026-10-08,TPEX,8024,佑華,12.05,12.5,12.05,12.35,111128.0
2026-10-08,TPEX,8027,鈦昇,207.0,209.5,200.0,202.5,2087324.0
2026-10-08,TPEX,8032,光菱,36.15,36.15,35.3,36.1,22346.0
2026-10-08,TPEX,8034,榮群,19.35,19.5,19.3,19.45,41843.0
2026-10-08,TPEX,8038,長園科,35.0,36.5,34.9,36.2,717780.0
2026-10-08,TPEX,8040,九暘,90.2,90.8,88.2,89.0,991554.0
2026-10-08,TPEX,8042,金山電,125.0,138.5,121.5,138.5,19817596.0
2026-10-08,TPEX,8043,蜜望實,143.0,149.0,140.0,146.5,3617814.0
2026-10-08,TPEX,8044,網家,24.35,24.35,24.05,24.2,247977.0
2026-10-08,TPEX,8047,星雲,43.5,45.4,43.5,44.5,106339.0
2026-10-08,TPEX,8048,德勝,52.0,52.0,50.3,51.4,89159.0
2026-10-08,TPEX,8049,晶采,24.55,24.55,24.4,24.45,58697.0
2026-10-08,TPEX,8050,廣積,60.6,61.5,60.3,60.4,861186.0
2026-10-08,TPEX,8054,安國,81.3,82.4,80.8,81.0,610453.0
2026-10-08,TPEX,8059,凱碩,17.7,17.95,17.6,17.6,39183.0
2026-10-08,TPEX,8064,東捷,134.5,135.0,132.5,133.5,1768784.0
2026-10-08,TPEX,8066,來思達,14.2,14.5,14.2,14.5,20370.0
2026-10-08,TPEX,8067,志旭,11.5,11.5,11.5,11.5,1001.0
2026-10-08,TPEX,8068,全達,17.35,18.75,17.3,18.75,946995.0
2026-10-08,TPEX,8069,元太,145.0,147.0,144.0,144.0,3444532.0
2026-10-08,TPEX,8071,能率網通,21.8,21.85,21.55,21.75,185773.0
2026-10-08,TPEX,8074,鉅橡,57.9,58.1,56.4,56.5,690255.0
2026-10-08,TPEX,8076,伍豐,21.3,21.55,21.25,21.4,314989.0
2026-10-08,TPEX,8077,洛碁,41.1,41.3,41.1,41.3,3000.0
2026-10-08,TPEX,8080,泰霖,28.45,28.45,28.3,28.3,24065.0
2026-10-08,TPEX,8083,瑞穎,160.0,161.0,160.0,161.0,64087.0
2026-10-08,TPEX,8084,巨虹,14.4,14.4,14.4,14.4,370982.0
2026-10-08,TPEX,8085,福華,15.1,15.5,14.8,15.1,360600.0
2026-10-08,TPEX,8086,宏捷科,142.5,154.0,140.0,154.0,30596943.0
2026-10-08,TPEX,8087,麗升能源,22.85,22.9,22.6,22.85,15315.0
2026-10-08,TPEX,8088,品安,44.9,45.3,43.8,43.8,456808.0
2026-10-08,TPEX,8089,康全電訊,19.3,19.4,19.15,19.4,86574.0
2026-10-08,TPEX,8091,翔名,229.5,231.5,226.5,230.0,286281.0
2026-10-08,TPEX,8092,建暐,12.2,13.15,12.1,12.75,237776.0
2026-10-08,TPEX,8093,保銳,26.3,26.4,25.9,26.3,43000.0
2026-10-08,TPEX,8096,擎亞,89.7,90.9,88.2,90.3,1834248.0
2026-10-08,TPEX,8097,常珵,48.3,48.4,47.9,48.2,62081.0
2026-10-08,TPEX,8099,大世科,58.9,59.4,58.2,58.7,51726.0
2026-10-08,TPEX,8102,傑霖科技,60.4,60.7,60.2,60.5,11143.0
2026-10-08,TPEX,8107,大億金茂,11.75,11.95,11.75,11.9,24552.0
2026-10-08,TPEX,8109,博大,135.5,136.5,133.5,136.0,146781.0
2026-10-08,TPEX,8111,立碁,93.0,97.2,92.6,93.7,17080646.0
2026-10-08,TPEX,8121,越峰,33.5,35.3,32.55,34.4,2804226.0
2026-10-08,TPEX,8147,正淩,142.0,142.0,139.0,139.0,134518.0
2026-10-08,TPEX,8155,博智,332.5,332.5,322.5,326.5,471156.0
2026-10-08,TPEX,8171,天宇,21.0,21.15,20.85,21.15,116251.0
2026-10-08,TPEX,8176,智捷,9.72,9.72,9.64,9.65,121353.0
2026-10-08,TPEX,8182,加高,43.8,46.55,42.75,45.7,2977493.0
2026-10-08,TPEX,8227,巨有科技,370.0,370.0,335.0,335.0,1301245.0
2026-10-08,TPEX,8234,新漢,62.0,63.7,62.0,63.4,502629.0
2026-10-08,TPEX,8240,華宏,55.1,55.5,54.1,54.5,393007.0
2026-10-08,TPEX,8255,朋程,151.0,151.5,149.0,150.5,244931.0
2026-10-08,TPEX,8272,全景軟體,60.2,60.6,60.0,60.6,6304.0
2026-10-08,TPEX,8277,商丞,15.5,15.5,15.1,15.45,32170.0
2026-10-08,TPEX,8279,生展,80.5,80.9,80.4,80.9,22000.0
2026-10-08,TPEX,8284,三竹,67.6,68.0,67.5,68.0,11364.0
2026-10-08,TPEX,8289,泰藝,55.0,60.9,54.4,60.9,4823100.0
2026-10-08,TPEX,8291,尚茂,26.95,27.75,26.95,27.3,8553.0
2026-10-08,TPEX,8299,群聯,2075.0,2095.0,2050.0,2060.0,2234739.0
2026-10-08,TPEX,8342,益張,85.0,85.0,84.9,84.9,5055.0
2026-10-08,TPEX,8349,恒耀,41.55,41.55,41.0,41.25,70354.0
2026-10-08,TPEX,8354,冠好,16.6,16.95,16.6,16.95,53535.0
2026-10-08,TPEX,8358,金居,540.0,542.0,533.0,535.0,3554165.0
2026-10-08,TPEX,8383,千附,70.6,70.6,69.0,69.0,785727.0
2026-10-08,TPEX,8390,金益鼎,91.0,93.0,90.7,90.9,331520.0
2026-10-08,TPEX,8401,白紗科,22.6,22.75,22.5,22.7,33523.0
2026-10-08,TPEX,8403,盛弘,18.95,19.25,18.9,19.05,207251.0
2026-10-08,TPEX,8409,商之器,17.9,17.9,17.9,17.9,6007.0
2026-10-08,TPEX,8410,森田,26.3,26.45,25.9,26.45,107232.0
2026-10-08,TPEX,8415,大國鋼,35.15,35.4,35.15,35.2,87756.0
2026-10-08,TPEX,8416,實威,171.0,171.0,171.0,171.0,2600.0
2026-10-08,TPEX,8421,旭源,13.1,13.2,12.9,13.15,116657.0
2026-10-08,TPEX,8423,保綠-KY,18.25,18.25,17.8,17.8,14485.0
2026-10-08,TPEX,8424,惠普,69.5,69.5,69.0,69.5,15080.0
2026-10-08,TPEX,8426,紅木-KY,20.9,20.9,20.6,20.6,15238.0
2026-10-08,TPEX,8431,匯鑽科,63.5,63.6,57.9,59.6,1740284.0
2026-10-08,TPEX,8432,東生華,53.8,53.9,53.0,53.2,77679.0
2026-10-08,TPEX,8433,弘帆,52.2,52.5,52.2,52.5,6070.0
2026-10-08,TPEX,8435,鉅邁,52.6,52.8,52.5,52.7,39435.0
2026-10-08,TPEX,8436,大江,103.0,103.5,102.5,103.0,324886.0
2026-10-08,TPEX,8437,大地-KY,11.25,11.25,10.5,10.55,43921.0
2026-10-08,TPEX,8440,綠電,20.0,20.25,20.0,20.1,32484.0
2026-10-08,TPEX,8444,綠河-KY,3.41,3.49,3.37,3.49,39650.0
2026-10-08,TPEX,8446,華研,86.0,87.9,85.5,86.4,30612.0
2026-10-08,TPEX,8450,霹靂,14.05,14.15,13.95,14.1,19528.0
2026-10-08,TPEX,8455,大拓-KY,,,,,750.0
2026-10-08,TPEX,8472,納維康,67.9,67.9,67.9,67.9,2453.0
2026-10-08,TPEX,8477,創業家,14.1,14.1,13.2,13.5,52046.0
2026-10-08,TPEX,8489,三貝德,21.65,21.9,21.65,21.9,38377.0
2026-10-08,TPEX,8905,裕國,34.15,34.15,33.5,33.95,29611.0
2026-10-08,TPEX,8906,花王,28.2,28.6,28.2,28.6,6271.0
2026-10-08,TPEX,8908,欣雄,39.95,39.95,39.5,39.8,63611.0
2026-10-08,TPEX,8916,光隆,40.95,40.95,40.7,40.85,32301.0
2026-10-08,TPEX,8917,欣泰,52.2,52.9,52.2,52.9,6223.0
2026-10-08,TPEX,8921,沈氏,16.7,16.85,16.7,16.85,2050.0
2026-10-08,TPEX,8923,時報,18.45,18.45,18.45,18.45,1324.0
2026-10-08,TPEX,8924,大田,49.7,50.0,49.0,49.3,46235.0
2026-10-08,TPEX,8927,北基,18.45,18.6,18.25,18.25,155000.0
2026-10-08,TPEX,8928,鉅明,22.45,22.7,22.1,22.25,54038.0
2026-10-08,TPEX,8929,富堡,12.8,12.8,12.75,12.75,23967.0
2026-10-08,TPEX,8930,青鋼,28.2,28.2,28.0,28.0,31809.0
2026-10-08,TPEX,8931,大汽電,42.5,42.8,42.4,42.55,35187.0
2026-10-08,TPEX,8932,智通*,90.7,95.1,90.2,92.7,1884475.0
2026-10-08,TPEX,8933,愛地雅,4.54,4.54,4.43,4.45,109588.0
2026-10-08,TPEX,8935,邦泰,18.1,19.0,18.1,18.9,83247.0
2026-10-08,TPEX,8936,國統,53.2,54.4,52.9,54.0,1755234.0
2026-10-08,TPEX,8937,合騏*,25.5,25.5,24.95,25.2,82003.0
2026-10-08,TPEX,8938,明安,51.8,52.0,51.6,51.9,50102.0
2026-10-08,TPEX,8941,關中,43.4,43.85,43.0,43.25,19073.0
2026-10-08,TPEX,8942,森鉅,40.75,40.75,40.2,40.2,146213.0
2026-10-08,TPEX,9949,琉園,,,,,682.0
2026-10-08,TPEX,9950,萬國通,10.15,10.25,10.15,10.25,4051.0
2026-10-08,TPEX,9951,皇田,46.25,47.3,46.25,47.1,54174.0
2026-10-08,TPEX,9960,邁達康,37.9,39.2,37.9,38.45,15089.0
2026-10-08,TPEX,9962,有益,10.2,10.3,10.1,10.25,137712.0
