date,market,stock_id,name,open,high,low,close,volume
2026-08-21,TWSE,1101,台泥,24.1,25.0,24.1,24.8,44229818.0
2026-08-21,TWSE,1102,亞泥,33.95,34.9,33.9,34.7,25215460.0
2026-08-21,TWSE,1103,嘉泥,13.05,13.2,13.05,13.2,564317.0
2026-08-21,TWSE,1104,環泥,26.55,26.85,26.55,26.8,1096993.0
2026-08-21,TWSE,1108,幸福,11.75,11.85,11.75,11.8,232877.0
2026-08-21,TWSE,1109,信大,13.55,13.6,13.45,13.5,374091.0
2026-08-21,TWSE,1110,東泥,16.05,16.2,15.95,16.0,101396.0
2026-08-21,TWSE,1201,味全,12.35,12.45,12.35,12.45,379894.0
2026-08-21,TWSE,1203,味王,44.1,44.35,43.6,44.35,14168.0
2026-08-21,TWSE,1210,大成,52.8,53.3,52.6,52.6,1471876.0
2026-08-21,TWSE,1213,大飲,7.31,7.31,7.25,7.25,8004.0
2026-08-21,TWSE,1215,卜蜂,109.5,111.0,109.5,110.5,477852.0
2026-08-21,TWSE,1216,統一,77.5,78.2,77.2,78.2,18475835.0
2026-08-21,TWSE,1217,愛之味,9.95,10.05,9.94,10.0,522967.0
2026-08-21,TWSE,1218,泰山,14.3,14.95,14.3,14.9,2225315.0
2026-08-21,TWSE,1219,福壽,11.05,11.2,10.95,11.15,375685.0
2026-08-21,TWSE,1220,台榮,11.0,11.0,10.9,11.0,50146.0
2026-08-21,TWSE,1225,福懋油,24.0,24.5,24.0,24.5,42287.0
2026-08-21,TWSE,1227,佳格,29.1,29.2,29.0,29.15,536476.0
2026-08-21,TWSE,1229,聯華,41.45,42.3,41.35,42.05,3056331.0
2026-08-21,TWSE,1231,聯華食,83.9,83.9,82.4,82.4,305767.0
2026-08-21,TWSE,1232,大統益,155.5,157.0,155.0,156.5,91996.0
2026-08-21,TWSE,1233,天仁,27.8,28.0,27.8,27.8,121162.0
2026-08-21,TWSE,1234,黑松,33.35,33.55,33.3,33.5,44918.0
2026-08-21,TWSE,1235,興泰,35.1,36.5,35.1,36.15,38104.0
2026-08-21,TWSE,1236,宏亞,25.2,25.75,25.2,25.55,48786.0
2026-08-21,TWSE,1256,鮮活果汁-KY,178.5,180.0,178.0,179.5,27533.0
2026-08-21,TWSE,1301,台塑,57.5,58.9,57.4,57.8,13659989.0
2026-08-21,TWSE,1303,南亞,190.5,196.0,185.0,186.0,73242172.0
2026-08-21,TWSE,1304,台聚,11.9,12.1,11.8,11.8,1543732.0
2026-08-21,TWSE,1305,華夏,11.75,12.0,11.75,11.8,673617.0
2026-08-21,TWSE,1307,三芳,30.5,30.8,30.5,30.75,435024.0
2026-08-21,TWSE,1308,亞聚,13.4,13.6,13.4,13.5,976050.0
2026-08-21,TWSE,1309,台達化,12.75,12.95,12.7,12.75,709281.0
2026-08-21,TWSE,1310,台苯,8.1,8.2,8.06,8.1,2228597.0
2026-08-21,TWSE,1312,國喬,11.8,12.2,11.75,11.75,5269008.0
2026-08-21,TWSE,1313,聯成,11.5,11.7,11.5,11.55,1435636.0
2026-08-21,TWSE,1314,中石化,7.86,7.97,7.79,7.82,14406057.0
2026-08-21,TWSE,1315,達新,66.0,66.0,65.8,66.0,16896.0
2026-08-21,TWSE,1316,上曜,10.65,10.9,10.5,10.65,3262176.0
2026-08-21,TWSE,1319,東陽,82.2,83.0,81.8,83.0,1869819.0
2026-08-21,TWSE,1321,大洋,32.15,32.35,31.8,32.35,55156.0
2026-08-21,TWSE,1323,永裕,21.4,21.6,21.3,21.6,10088.0
2026-08-21,TWSE,1324,地球,10.05,10.05,10.05,10.05,6798.0
2026-08-21,TWSE,1325,恆大,26.25,26.55,26.2,26.35,192939.0
2026-08-21,TWSE,1326,台化,57.3,60.1,57.3,58.4,23649150.0
2026-08-21,TWSE,1337,再生-KY,4.61,4.66,4.52,4.57,392060.0
2026-08-21,TWSE,1338,廣華-KY,14.65,14.8,14.6,14.65,62054.0
2026-08-21,TWSE,1339,昭輝,45.8,45.8,45.0,45.2,108232.0
2026-08-21,TWSE,1340,勝悅-KY,5.14,5.18,5.08,5.1,63155.0
2026-08-21,TWSE,1341,富林-KY,58.5,59.6,58.5,59.6,2006.0
2026-08-21,TWSE,1342,八貫,102.5,104.5,102.5,104.0,150115.0
2026-08-21,TWSE,1402,遠東新,28.15,29.45,28.15,29.2,37826090.0
2026-08-21,TWSE,1409,新纖,24.35,24.75,24.2,24.4,6073337.0
2026-08-21,TWSE,1410,南染,25.65,26.15,25.5,25.5,79446.0
2026-08-21,TWSE,1413,宏洲,9.24,9.34,9.2,9.32,60382.0
2026-08-21,TWSE,1414,東和,20.3,20.5,20.1,20.25,295582.0
2026-08-21,TWSE,1416,廣豐,11.75,11.8,11.7,11.75,227044.0
2026-08-21,TWSE,1417,嘉裕,8.28,8.28,8.19,8.23,74983.0
2026-08-21,TWSE,1418,東華,17.75,17.8,17.6,17.65,18093.0
2026-08-21,TWSE,1419,新紡,64.0,65.5,63.5,64.5,151772.0
2026-08-21,TWSE,1423,利華,35.9,35.9,35.5,35.75,15411.0
2026-08-21,TWSE,1432,大魯閣,15.0,15.1,15.0,15.05,58053.0
2026-08-21,TWSE,1434,福懋,17.6,17.85,17.6,17.7,1037990.0
2026-08-21,TWSE,1435,中福,23.4,24.55,23.4,24.4,7265.0
2026-08-21,TWSE,1436,華友聯,38.1,38.6,38.1,38.6,155638.0
2026-08-21,TWSE,1437,勤益控,32.3,32.7,32.2,32.4,204171.0
2026-08-21,TWSE,1438,三地開發,22.45,22.65,22.2,22.35,30202.0
2026-08-21,TWSE,1439,雋揚,29.3,29.5,28.75,29.35,31202.0
2026-08-21,TWSE,1440,南紡,13.35,13.6,13.35,13.55,784051.0
2026-08-21,TWSE,1441,大東,8.86,8.86,8.81,8.86,11801.0
2026-08-21,TWSE,1442,名軒,29.9,30.4,29.85,30.3,289955.0
2026-08-21,TWSE,1443,立益物流,24.75,24.75,24.7,24.75,6144.0
2026-08-21,TWSE,1444,力麗,7.15,7.42,7.15,7.36,1287827.0
2026-08-21,TWSE,1445,大宇,10.3,10.45,10.2,10.35,25349.0
2026-08-21,TWSE,1446,宏和,13.65,13.7,13.6,13.65,76353.0
2026-08-21,TWSE,1447,力鵬,6.81,6.98,6.81,6.98,918304.0
2026-08-21,TWSE,1449,佳和,12.15,12.2,12.1,12.2,244728.0
2026-08-21,TWSE,1451,年興,17.25,17.35,17.2,17.35,127481.0
2026-08-21,TWSE,1452,宏益,11.3,11.5,11.3,11.5,104536.0
2026-08-21,TWSE,1453,大將,11.15,11.3,11.15,11.25,24803.0
2026-08-21,TWSE,1454,台富,12.25,12.4,12.15,12.4,40613.0
2026-08-21,TWSE,1455,集盛,10.05,10.1,9.93,10.0,1281774.0
2026-08-21,TWSE,1456,怡華,13.55,13.85,13.45,13.45,45543.0
2026-08-21,TWSE,1457,宜進,14.35,14.35,14.3,14.35,128225.0
2026-08-21,TWSE,1459,聯發,14.4,14.5,14.05,14.5,236044.0
2026-08-21,TWSE,1460,宏遠,6.58,6.62,6.57,6.62,157456.0
2026-08-21,TWSE,1463,強盛新,17.65,17.65,17.5,17.6,6942.0
2026-08-21,TWSE,1464,得力,10.15,10.25,10.1,10.2,150644.0
2026-08-21,TWSE,1465,偉全,12.15,12.3,12.1,12.3,63619.0
2026-08-21,TWSE,1466,聚隆,16.5,16.5,16.15,16.3,310080.0
2026-08-21,TWSE,1467,南緯,8.39,8.4,8.25,8.27,312773.0
2026-08-21,TWSE,1468,昶和,12.95,13.1,12.8,13.1,54000.0
2026-08-21,TWSE,1470,大統新創,23.2,23.75,23.2,23.7,23040.0
2026-08-21,TWSE,1471,首利,9.55,9.88,9.41,9.79,842263.0
2026-08-21,TWSE,1472,三洋實業,88.0,89.0,87.5,87.5,99082.0
2026-08-21,TWSE,1473,台南,19.9,20.0,19.85,20.0,20523.0
2026-08-21,TWSE,1474,弘裕,10.0,10.05,9.92,10.05,42248.0
2026-08-21,TWSE,1475,業旺,25.75,26.1,25.75,26.1,12000.0
2026-08-21,TWSE,1476,儒鴻,311.5,319.0,311.5,317.0,2011093.0
2026-08-21,TWSE,1477,聚陽,193.5,201.5,193.5,201.0,1956512.0
2026-08-21,TWSE,1503,士電,199.5,207.5,197.0,201.5,1946492.0
2026-08-21,TWSE,1504,東元,72.9,74.0,71.9,73.1,16925324.0
2026-08-21,TWSE,1506,正道,10.25,10.25,10.15,10.25,61905.0
2026-08-21,TWSE,1512,瑞利,6.62,6.64,6.51,6.55,22664.0
2026-08-21,TWSE,1513,中興電,165.0,166.5,163.0,166.0,2144226.0
2026-08-21,TWSE,1514,亞力,100.0,101.5,100.0,101.0,863600.0
2026-08-21,TWSE,1515,力山,31.8,34.5,31.8,34.5,5075009.0
2026-08-21,TWSE,1516,川飛,15.0,15.0,15.0,15.0,1528.0
2026-08-21,TWSE,1517,利奇,11.75,11.8,11.45,11.45,288740.0
2026-08-21,TWSE,1519,華城,722.0,735.0,708.0,727.0,2409266.0
2026-08-21,TWSE,1521,大億,25.3,25.6,25.25,25.55,6038.0
2026-08-21,TWSE,1522,堤維西,27.9,28.05,27.75,27.85,244036.0
2026-08-21,TWSE,1524,耿鼎,27.4,27.55,27.2,27.25,356875.0
2026-08-21,TWSE,1525,江申,67.0,68.1,66.2,68.1,38001.0
2026-08-21,TWSE,1526,日馳,17.25,17.25,16.5,16.7,363687.0
2026-08-21,TWSE,1527,鑽全,32.75,32.9,32.7,32.9,68430.0
2026-08-21,TWSE,1528,恩德,18.55,18.85,18.45,18.65,517990.0
2026-08-21,TWSE,1529,樂事綠能,16.75,17.05,16.75,16.95,218369.0
2026-08-21,TWSE,1530,亞崴,29.2,30.3,29.15,30.0,81856.0
2026-08-21,TWSE,1531,高林股,13.0,13.05,12.95,13.05,137858.0
2026-08-21,TWSE,1532,勤美,22.65,23.05,22.45,22.95,619140.0
2026-08-21,TWSE,1533,車王電,31.35,31.45,31.05,31.3,44833.0
2026-08-21,TWSE,1535,中宇,45.7,46.0,45.7,46.0,20520.0
2026-08-21,TWSE,1536,和大,50.5,51.5,50.1,50.3,1014849.0
2026-08-21,TWSE,1537,廣隆,122.0,122.0,120.0,120.0,177424.0
2026-08-21,TWSE,1538,正峰,0.0,0.0,0.0,0.0,451.0
2026-08-21,TWSE,1539,巨庭,15.75,15.9,15.7,15.9,32195.0
2026-08-21,TWSE,1540,喬福,19.0,19.1,18.95,19.1,116234.0
2026-08-21,TWSE,1541,錩泰,21.4,21.7,21.0,21.7,20092.0
2026-08-21,TWSE,1558,伸興,100.0,103.0,99.8,103.0,239014.0
2026-08-21,TWSE,1560,中砂,715.0,717.0,690.0,698.0,1118733.0
2026-08-21,TWSE,1563,巧新,61.3,63.7,61.3,63.5,813045.0
2026-08-21,TWSE,1568,倉佑,28.95,29.2,28.4,29.2,195037.0
2026-08-21,TWSE,1582,信錦,73.0,73.9,72.9,73.9,298749.0
2026-08-21,TWSE,1583,程泰,49.7,53.6,49.7,53.6,206019.0
2026-08-21,TWSE,1587,吉茂,24.3,24.3,23.7,24.1,306583.0
2026-08-21,TWSE,1590,亞德客-KY,1455.0,1485.0,1405.0,1420.0,1162673.0
2026-08-21,TWSE,1597,直得,139.5,147.5,134.5,135.0,3406479.0
2026-08-21,TWSE,1598,岱宇,19.75,20.15,19.7,20.15,140280.0
2026-08-21,TWSE,1603,華電,30.7,30.95,30.65,30.8,171931.0
2026-08-21,TWSE,1604,聲寶,23.2,23.3,23.2,23.25,276164.0
2026-08-21,TWSE,1605,華新,37.35,38.0,36.4,36.85,17642502.0
2026-08-21,TWSE,1608,華榮,35.7,35.9,35.35,35.5,1778592.0
2026-08-21,TWSE,1609,大亞,37.1,37.45,36.7,36.9,1896717.0
2026-08-21,TWSE,1611,中電,12.05,12.3,12.05,12.2,763636.0
2026-08-21,TWSE,1612,宏泰,34.6,34.75,34.45,34.55,467980.0
2026-08-21,TWSE,1614,三洋電,30.6,30.8,30.6,30.7,28590.0
2026-08-21,TWSE,1615,大山,44.3,44.35,43.9,44.3,93059.0
2026-08-21,TWSE,1616,億泰,19.05,19.3,19.0,19.25,176192.0
2026-08-21,TWSE,1617,榮星,17.6,17.7,17.45,17.55,143489.0
2026-08-21,TWSE,1618,合機,38.65,39.25,38.65,39.05,375591.0
2026-08-21,TWSE,1623,大東電,203.5,203.5,201.0,202.5,89726.0
2026-08-21,TWSE,1626,艾美特-KY,9.55,9.55,9.45,9.5,38938.0
2026-08-21,TWSE,1702,南僑,32.3,32.75,32.3,32.75,176032.0
2026-08-21,TWSE,1707,葡萄王,90.2,90.9,90.0,90.5,404514.0
2026-08-21,TWSE,1708,東鹼,50.4,51.7,49.8,50.8,5348357.0
2026-08-21,TWSE,1709,和益,32.55,32.6,30.1,30.3,8530475.0
2026-08-21,TWSE,1710,東聯,15.05,15.4,14.9,15.2,4924887.0
2026-08-21,TWSE,1711,永光,38.65,39.6,38.5,39.35,2505066.0
2026-08-21,TWSE,1712,興農,39.4,39.65,39.35,39.4,983569.0
2026-08-21,TWSE,1713,國化,44.5,45.0,44.25,44.7,157032.0
2026-08-21,TWSE,1714,和桐,16.9,17.2,16.85,17.0,10251277.0
2026-08-21,TWSE,1717,長興,71.1,71.8,69.7,70.2,5886109.0
2026-08-21,TWSE,1718,中纖,10.65,10.7,10.35,10.35,11397543.0
2026-08-21,TWSE,1720,生達,56.5,57.2,56.2,57.1,314366.0
2026-08-21,TWSE,1721,三晃,19.4,19.75,19.3,19.5,270640.0
2026-08-21,TWSE,1722,台肥,45.9,46.55,45.9,46.25,3714216.0
2026-08-21,TWSE,1723,中碳,86.0,86.7,85.7,86.3,226506.0
2026-08-21,TWSE,1725,元禎,30.35,30.8,30.35,30.8,20264.0
2026-08-21,TWSE,1726,永記,77.0,77.6,77.0,77.5,16088.0
2026-08-21,TWSE,1727,中華化,93.1,94.8,88.8,91.6,6913190.0
2026-08-21,TWSE,1730,花仙子,51.3,51.7,51.3,51.7,28343.0
2026-08-21,TWSE,1731,美吾華,20.75,20.8,20.75,20.8,46401.0
2026-08-21,TWSE,1732,毛寶,26.3,26.4,26.1,26.4,114416.0
2026-08-21,TWSE,1733,五鼎,31.4,32.15,31.4,32.1,209924.0
2026-08-21,TWSE,1734,杏輝,32.15,32.5,32.1,32.5,356828.0
2026-08-21,TWSE,1735,日勝化,20.0,20.45,20.0,20.4,35251.0
2026-08-21,TWSE,1736,喬山,131.5,133.5,129.5,130.5,520035.0
2026-08-21,TWSE,1737,臺鹽,32.1,32.5,32.1,32.4,387141.0
2026-08-21,TWSE,1752,南光,31.85,32.1,31.75,31.9,70122.0
2026-08-21,TWSE,1760,寶齡富錦,58.5,59.2,58.5,58.8,100672.0
2026-08-21,TWSE,1762,中化生,35.05,35.6,34.9,35.4,317146.0
2026-08-21,TWSE,1773,勝一,155.0,156.5,154.0,156.0,186898.0
2026-08-21,TWSE,1776,展宇,17.05,17.1,16.95,17.05,56841.0
2026-08-21,TWSE,1783,和康生,41.05,41.05,40.5,40.5,53079.0
2026-08-21,TWSE,1786,科妍,49.55,50.1,49.35,49.6,123630.0
2026-08-21,TWSE,1789,神隆,18.95,19.5,18.95,19.45,705834.0
2026-08-21,TWSE,1795,美時,191.5,197.5,190.0,195.0,3028421.0
2026-08-21,TWSE,1802,台玻,57.5,61.3,56.9,57.7,75513171.0
2026-08-21,TWSE,1805,寶徠,10.1,10.25,10.0,10.25,121927.0
2026-08-21,TWSE,1806,冠軍,8.06,8.07,7.94,8.02,314535.0
2026-08-21,TWSE,1808,潤隆,33.6,34.5,33.4,34.5,2685441.0
2026-08-21,TWSE,1809,中釉,38.1,39.45,37.85,37.95,1266484.0
2026-08-21,TWSE,1810,和成,26.1,27.6,26.05,26.05,13152870.0
2026-08-21,TWSE,1817,凱撒衛,40.0,40.2,39.85,40.05,63252.0
2026-08-21,TWSE,1903,士紙,47.5,48.8,47.5,48.4,321626.0
2026-08-21,TWSE,1904,正隆,24.8,25.95,24.8,25.5,4714231.0
2026-08-21,TWSE,1905,華紙,13.25,13.65,13.25,13.5,1645547.0
2026-08-21,TWSE,1906,寶隆,11.35,11.6,11.35,11.5,47188.0
2026-08-21,TWSE,1907,永豐餘,29.9,30.75,29.9,30.45,967205.0
2026-08-21,TWSE,1909,榮成,11.15,11.4,11.15,11.15,4082848.0
2026-08-21,TWSE,2002,中鋼,19.0,19.6,19.0,19.35,61777460.0
2026-08-21,TWSE,2006,東和鋼鐵,81.3,83.0,81.0,82.0,2104882.0
2026-08-21,TWSE,2007,燁興,6.99,7.1,6.97,7.1,231954.0
2026-08-21,TWSE,2008,高興昌,30.55,30.8,30.5,30.8,42577.0
2026-08-21,TWSE,2009,第一銅,39.0,39.5,38.8,39.2,820587.0
2026-08-21,TWSE,2010,春源,22.75,22.95,22.7,22.8,1044706.0
2026-08-21,TWSE,2012,春雨,14.9,15.05,14.9,15.0,78262.0
2026-08-21,TWSE,2013,中鋼構,41.1,41.45,41.1,41.4,47593.0
2026-08-21,TWSE,2014,中鴻,17.0,17.65,17.0,17.35,4415763.0
2026-08-21,TWSE,2015,豐興,63.7,64.8,63.7,64.5,166406.0
2026-08-21,TWSE,2017,官田鋼,9.26,9.27,9.06,9.19,989289.0
2026-08-21,TWSE,2020,美亞,21.6,21.75,21.6,21.75,218173.0
2026-08-21,TWSE,2022,聚亨,7.65,7.79,7.65,7.76,436130.0
2026-08-21,TWSE,2023,燁輝,13.85,14.15,13.85,14.0,1809594.0
2026-08-21,TWSE,2024,志聯,13.2,13.3,13.1,13.3,13044.0
2026-08-21,TWSE,2025,千興,12.35,12.65,12.35,12.55,264508.0
2026-08-21,TWSE,2027,大成鋼,50.0,51.6,49.95,50.5,15981417.0
2026-08-21,TWSE,2028,威致,15.6,15.85,15.6,15.8,91649.0
2026-08-21,TWSE,2029,盛餘,21.9,22.25,21.75,21.95,744664.0
2026-08-21,TWSE,2030,彰源,21.5,22.25,21.4,21.85,3872673.0
2026-08-21,TWSE,2031,新光鋼,45.75,46.75,45.3,46.05,1609570.0
2026-08-21,TWSE,2032,新鋼,16.7,17.4,16.7,17.05,550906.0
2026-08-21,TWSE,2033,佳大,22.5,23.2,22.25,22.75,705074.0
2026-08-21,TWSE,2034,允強,19.8,20.6,19.8,20.45,2603622.0
2026-08-21,TWSE,2038,海光,12.55,13.1,12.55,12.8,349062.0
2026-08-21,TWSE,2049,上銀,376.0,392.0,364.0,366.5,11847316.0
2026-08-21,TWSE,2059,川湖,14245.0,14495.0,13795.0,13925.0,575318.0
2026-08-21,TWSE,2062,橋椿,19.0,19.2,19.0,19.15,194855.0
2026-08-21,TWSE,2069,運錩,20.0,20.35,19.95,20.05,500435.0
2026-08-21,TWSE,2072,世紀風電,151.0,152.0,150.0,151.0,161534.0
2026-08-21,TWSE,2101,南港,32.55,33.15,32.55,32.85,1778027.0
2026-08-21,TWSE,2102,泰豐,18.65,18.95,18.65,18.9,183147.0
2026-08-21,TWSE,2103,台橡,27.55,28.2,27.3,27.85,5727413.0
2026-08-21,TWSE,2104,國際中橡,10.35,10.55,10.35,10.45,2168119.0
2026-08-21,TWSE,2105,正新,31.2,31.6,31.2,31.5,6955297.0
2026-08-21,TWSE,2106,建大,17.5,17.7,17.4,17.55,1034267.0
2026-08-21,TWSE,2107,厚生,25.95,26.15,25.95,26.1,284339.0
2026-08-21,TWSE,2108,南帝,29.15,30.05,29.15,29.5,662943.0
2026-08-21,TWSE,2109,華豐,14.65,14.8,14.65,14.8,96138.0
2026-08-21,TWSE,2114,鑫永銓,88.0,88.5,88.0,88.5,11312.0
2026-08-21,TWSE,2115,六暉-KY,23.35,23.55,23.1,23.55,93694.0
2026-08-21,TWSE,2201,裕隆,28.9,29.4,28.8,29.2,3792577.0
2026-08-21,TWSE,2204,中華,53.1,55.1,53.1,55.0,2614772.0
2026-08-21,TWSE,2206,三陽工業,62.8,63.9,62.8,63.5,789191.0
2026-08-21,TWSE,2207,和泰車,506.0,514.0,506.0,508.0,209544.0
2026-08-21,TWSE,2208,台船,19.15,19.6,19.15,19.25,2453720.0
2026-08-21,TWSE,2211,長榮鋼,82.5,83.7,82.2,83.5,644336.0
2026-08-21,TWSE,2227,裕日車,48.4,48.9,48.35,48.85,32559.0
2026-08-21,TWSE,2228,劍麟,76.7,77.3,76.4,76.8,133240.0
2026-08-21,TWSE,2231,為升,96.2,97.9,94.0,94.0,359317.0
2026-08-21,TWSE,2233,宇隆,189.5,193.0,182.0,183.5,1034174.0
2026-08-21,TWSE,2236,百達-KY,128.5,129.0,123.0,123.0,184909.0
2026-08-21,TWSE,2237,華德動能-創,26.9,27.0,26.75,27.0,123484.0
2026-08-21,TWSE,2239,英利-KY,19.15,20.3,19.15,20.0,33030.0
2026-08-21,TWSE,2241,艾姆勒,34.2,34.85,33.1,33.55,657494.0
2026-08-21,TWSE,2243,宏旭-KY,40.0,41.75,40.0,40.1,171559.0
2026-08-21,TWSE,2247,汎德永業,223.5,226.5,222.5,224.5,31207.0
2026-08-21,TWSE,2248,華勝-KY,64.2,64.2,62.9,63.9,53020.0
2026-08-21,TWSE,2250,IKKA-KY,61.0,61.5,60.0,60.2,50315.0
2026-08-21,TWSE,2254,巨鎧精密-創,62.0,62.0,59.7,60.5,13006.0
2026-08-21,TWSE,2258,鴻華先進-創,31.25,32.2,31.25,32.15,610830.0
2026-08-21,TWSE,2301,光寶科,277.5,281.0,265.5,267.0,25689437.0
2026-08-21,TWSE,2302,麗正,46.0,46.3,42.4,43.25,5523703.0
2026-08-21,TWSE,2303,聯電,117.0,118.0,112.0,115.5,101840408.0
2026-08-21,TWSE,2305,全友,27.25,27.3,26.4,26.55,2111956.0
2026-08-21,TWSE,2308,台達電,1770.0,1785.0,1705.0,1745.0,11014621.0
2026-08-21,TWSE,2312,金寶,32.55,32.6,31.2,31.35,12427436.0
2026-08-21,TWSE,2313,華通,214.0,222.0,213.5,217.5,35269129.0
2026-08-21,TWSE,2314,台揚,11.0,11.15,11.0,11.1,69422.0
2026-08-21,TWSE,2316,楠梓電,157.5,159.5,153.0,155.5,4138705.0
2026-08-21,TWSE,2317,鴻海,250.5,250.5,244.0,246.5,26344428.0
2026-08-21,TWSE,2321,東訊,0.0,0.0,0.0,0.0,726.0
2026-08-21,TWSE,2323,中環,10.95,11.0,10.7,10.75,6385887.0
2026-08-21,TWSE,2324,仁寶,39.3,40.1,38.25,38.5,66894669.0
2026-08-21,TWSE,2327,國巨*,583.0,583.0,550.0,562.0,43070768.0
2026-08-21,TWSE,2328,廣宇,45.7,46.2,44.85,45.6,3062914.0
2026-08-21,TWSE,2329,華泰,42.7,43.3,42.4,42.75,1353489.0
2026-08-21,TWSE,2330,台積電,2365.0,2375.0,2350.0,2375.0,16967737.0
2026-08-21,TWSE,2331,精英,19.7,20.45,19.65,19.95,2570214.0
2026-08-21,TWSE,2332,友訊,21.0,21.25,20.5,20.5,12459563.0
2026-08-21,TWSE,2337,旺宏,122.0,124.5,119.5,122.0,48743476.0
2026-08-21,TWSE,2338,光罩,38.15,38.5,37.55,38.2,718941.0
2026-08-21,TWSE,2340,台亞,30.3,31.2,30.1,31.15,3303995.0
2026-08-21,TWSE,2342,茂矽,39.3,40.6,38.4,39.1,2516436.0
2026-08-21,TWSE,2344,華邦電,174.0,180.5,172.0,176.5,149809828.0
2026-08-21,TWSE,2345,智邦,2125.0,2135.0,2070.0,2105.0,2410579.0
2026-08-21,TWSE,2347,聯強,87.5,87.6,85.4,87.0,4537016.0
2026-08-21,TWSE,2348,海悅,70.0,72.1,70.0,71.8,765114.0
2026-08-21,TWSE,2349,錸德,11.1,11.15,11.0,11.15,1108199.0
2026-08-21,TWSE,2351,順德,185.0,187.5,174.0,183.5,6630011.0
2026-08-21,TWSE,2352,佳世達,29.05,29.5,28.65,29.25,5232697.0
2026-08-21,TWSE,2353,宏碁,31.0,31.4,30.8,31.0,12951230.0
2026-08-21,TWSE,2354,鴻準,61.2,61.4,59.4,60.2,5808997.0
2026-08-21,TWSE,2355,敬鵬,42.1,42.75,41.5,41.9,1428568.0
2026-08-21,TWSE,2356,英業達,65.5,66.0,63.9,64.5,12747983.0
2026-08-21,TWSE,2357,華碩,928.0,940.0,906.0,913.0,3211887.0
2026-08-21,TWSE,2359,所羅門,163.0,167.0,153.0,158.0,17484394.0
2026-08-21,TWSE,2360,致茂,2210.0,2210.0,2065.0,2140.0,1312278.0
2026-08-21,TWSE,2362,藍天,47.4,48.0,47.1,47.35,705051.0
2026-08-21,TWSE,2363,矽統,51.9,52.2,50.5,51.0,1511296.0
2026-08-21,TWSE,2364,倫飛,83.4,85.3,81.6,82.1,470893.0
2026-08-21,TWSE,2365,昆盈,30.45,30.75,29.8,30.55,1056485.0
2026-08-21,TWSE,2367,燿華,42.8,43.5,42.1,42.55,4488349.0
2026-08-21,TWSE,2368,金像電,1070.0,1100.0,1000.0,1025.0,7768759.0
2026-08-21,TWSE,2369,菱生,31.05,31.35,30.5,30.9,3553183.0
2026-08-21,TWSE,2371,大同,27.35,27.65,27.2,27.55,10698325.0
2026-08-21,TWSE,2373,震旦行,53.4,53.4,53.1,53.4,38961.0
2026-08-21,TWSE,2374,佳能,67.3,68.1,66.6,67.1,1295775.0
2026-08-21,TWSE,2375,凱美,128.0,129.5,122.5,125.0,3036527.0
2026-08-21,TWSE,2376,技嘉,354.0,355.0,342.0,344.0,5861465.0
2026-08-21,TWSE,2377,微星,144.0,145.5,138.5,140.0,17527905.0
2026-08-21,TWSE,2379,瑞昱,742.0,745.0,696.0,703.0,5015291.0
2026-08-21,TWSE,2380,虹光,20.2,21.35,19.9,19.95,103802.0
2026-08-21,TWSE,2382,廣達,330.0,333.0,325.0,327.0,12791598.0
2026-08-21,TWSE,2383,台光電,6100.0,6200.0,5780.0,5985.0,2514908.0
2026-08-21,TWSE,2385,群光,107.0,107.5,106.5,107.0,1551438.0
2026-08-21,TWSE,2387,精元,35.85,36.35,35.85,36.25,237811.0
2026-08-21,TWSE,2388,威盛,72.8,75.8,72.3,73.4,2902306.0
2026-08-21,TWSE,2390,云辰,10.25,10.35,10.15,10.15,286898.0
2026-08-21,TWSE,2392,正崴,40.35,41.5,40.2,40.6,2407598.0
2026-08-21,TWSE,2393,億光,65.3,66.5,65.0,66.3,2978432.0
2026-08-21,TWSE,2395,研華,698.0,698.0,667.0,673.0,3588564.0
2026-08-21,TWSE,2397,友通,65.1,66.0,63.8,64.2,227270.0
2026-08-21,TWSE,2399,映泰,45.5,45.9,44.25,44.45,2453353.0
2026-08-21,TWSE,2401,凌陽,25.9,26.2,25.45,25.75,1963062.0
2026-08-21,TWSE,2402,毅嘉,52.6,53.2,52.1,53.1,776874.0
2026-08-21,TWSE,2404,漢唐,1115.0,1120.0,1060.0,1075.0,1621142.0
2026-08-21,TWSE,2405,輔信,15.6,15.65,15.45,15.6,576490.0
2026-08-21,TWSE,2406,國碩,29.0,29.15,28.45,28.6,2261351.0
2026-08-21,TWSE,2408,南亞科,498.0,523.0,498.0,517.0,88103385.0
2026-08-21,TWSE,2409,友達,26.35,26.55,25.55,25.8,100750049.0
2026-08-21,TWSE,2412,中華電,136.0,137.0,136.0,136.5,5295296.0
2026-08-21,TWSE,2413,環科,44.45,44.45,43.4,43.75,410385.0
2026-08-21,TWSE,2414,精技,52.1,52.4,51.8,52.3,179494.0
2026-08-21,TWSE,2415,錩新,29.2,30.55,29.2,30.55,308476.0
2026-08-21,TWSE,2417,圓剛,46.5,46.5,43.7,43.95,2223128.0
2026-08-21,TWSE,2419,仲琦,24.15,24.6,24.15,24.5,277890.0
2026-08-21,TWSE,2420,新巨,57.6,58.2,56.6,57.3,622985.0
2026-08-21,TWSE,2421,建準,146.0,148.0,143.0,144.0,1064410.0
2026-08-21,TWSE,2423,固緯,73.9,75.5,73.7,75.4,45946.0
2026-08-21,TWSE,2424,隴華,8.25,8.81,7.96,8.02,36000.0
2026-08-21,TWSE,2425,承啟,39.2,39.55,38.1,38.6,1316029.0
2026-08-21,TWSE,2426,鼎元,74.8,74.8,73.5,74.8,29241700.0
2026-08-21,TWSE,2427,三商電,21.95,22.2,21.95,22.2,128150.0
2026-08-21,TWSE,2428,興勤,259.0,281.5,253.0,267.0,5192499.0
2026-08-21,TWSE,2429,銘旺科,33.4,34.4,32.7,32.7,289427.0
2026-08-21,TWSE,2430,燦坤,17.1,17.55,17.1,17.5,105352.0
2026-08-21,TWSE,2431,聯昌,10.3,10.35,10.1,10.3,186441.0
2026-08-21,TWSE,2432,倚天酷碁-創,27.5,27.7,27.35,27.35,9040.0
2026-08-21,TWSE,2433,互盛電,41.9,41.9,41.75,41.85,9968.0
2026-08-21,TWSE,2434,統懋,50.6,50.9,48.5,49.05,266561.0
2026-08-21,TWSE,2436,偉詮電,65.8,66.2,62.9,63.3,4229222.0
2026-08-21,TWSE,2438,翔耀,18.5,18.5,18.0,18.05,22599.0
2026-08-21,TWSE,2439,美律,79.7,82.5,79.6,82.0,2386678.0
2026-08-21,TWSE,2440,太空梭,13.8,13.9,13.6,13.9,173502.0
2026-08-21,TWSE,2441,超豐,114.5,116.0,112.0,114.0,2637346.0
2026-08-21,TWSE,2442,新美齊,19.35,19.5,19.35,19.5,1039470.0
2026-08-21,TWSE,2444,兆勁,11.0,11.15,10.95,10.95,90417.0
2026-08-21,TWSE,2449,京元電子,241.0,241.0,230.0,235.0,12061896.0
2026-08-21,TWSE,2450,神腦,28.1,28.3,28.05,28.3,49410.0
2026-08-21,TWSE,2451,創見,283.0,289.0,279.5,284.5,2920676.0
2026-08-21,TWSE,2453,凌群,51.5,52.1,51.5,51.6,143896.0
2026-08-21,TWSE,2454,聯發科,3820.0,3870.0,3675.0,3700.0,13213952.0
2026-08-21,TWSE,2455,全新,411.5,416.0,392.5,412.0,16531391.0
2026-08-21,TWSE,2457,飛宏,23.0,23.2,22.65,22.85,1205325.0
2026-08-21,TWSE,2458,義隆,146.0,148.0,144.0,146.0,4562955.0
2026-08-21,TWSE,2459,敦吉,67.5,67.5,66.9,67.0,63978.0
2026-08-21,TWSE,2460,建通,29.4,29.4,28.4,28.55,127713.0
2026-08-21,TWSE,2461,光群雷,18.1,18.35,17.95,18.15,527358.0
2026-08-21,TWSE,2462,良得電,19.55,19.6,19.45,19.6,45446.0
2026-08-21,TWSE,2464,盟立,183.0,189.0,176.0,180.5,12488934.0
2026-08-21,TWSE,2465,麗臺,86.5,88.6,84.5,86.0,2625968.0
2026-08-21,TWSE,2466,冠西電,99.2,102.5,95.4,96.1,3042585.0
2026-08-21,TWSE,2467,志聖,552.0,572.0,552.0,560.0,1357324.0
2026-08-21,TWSE,2468,華經,35.0,35.1,34.35,34.95,168950.0
2026-08-21,TWSE,2471,資通,48.9,49.1,48.85,48.85,56937.0
2026-08-21,TWSE,2472,立隆電,234.5,235.5,220.0,223.5,2265391.0
2026-08-21,TWSE,2474,可成,204.5,206.0,203.0,204.0,2372402.0
2026-08-21,TWSE,2476,鉅祥,118.5,121.0,118.0,119.5,1377367.0
2026-08-21,TWSE,2477,美隆電,21.0,21.0,20.8,21.0,86539.0
2026-08-21,TWSE,2478,大毅,135.5,136.0,126.0,128.5,18349904.0
2026-08-21,TWSE,2480,敦陽科,159.0,160.0,157.5,160.0,149786.0
2026-08-21,TWSE,2481,強茂,139.0,147.0,135.5,138.5,32700481.0
2026-08-21,TWSE,2482,連宇,15.65,15.9,15.65,15.75,180864.0
2026-08-21,TWSE,2483,百容,36.85,37.15,35.3,35.5,988156.0
2026-08-21,TWSE,2484,希華,75.5,76.9,71.1,71.1,8336158.0
2026-08-21,TWSE,2485,兆赫,41.05,41.8,40.5,41.1,1780449.0
2026-08-21,TWSE,2486,一詮,240.0,255.0,227.0,251.0,16747756.0
2026-08-21,TWSE,2488,漢平,48.6,48.85,48.55,48.7,36541.0
2026-08-21,TWSE,2489,瑞軒,31.55,32.6,30.7,32.45,6409997.0
2026-08-21,TWSE,2491,吉祥全,38.25,38.9,35.6,36.6,1140296.0
2026-08-21,TWSE,2492,華新科,300.0,301.0,271.0,272.5,45606482.0
2026-08-21,TWSE,2493,揚博,183.5,185.5,178.5,183.0,1676604.0
2026-08-21,TWSE,2495,普安,37.5,37.9,36.85,37.2,648451.0
2026-08-21,TWSE,2496,卓越,55.3,55.3,54.6,54.9,11919.0
2026-08-21,TWSE,2497,怡利電,44.8,45.55,44.8,45.35,174710.0
2026-08-21,TWSE,2498,宏達電,40.25,42.5,40.0,40.0,7695569.0
2026-08-21,TWSE,2501,國建,22.8,23.35,22.8,23.0,2064056.0
2026-08-21,TWSE,2504,國產,30.75,31.7,30.75,31.1,3645333.0
2026-08-21,TWSE,2505,國揚,17.25,17.55,17.25,17.45,354119.0
2026-08-21,TWSE,2506,太設,8.55,8.63,8.55,8.63,50291.0
2026-08-21,TWSE,2509,全坤建,14.15,14.8,14.15,14.8,362639.0
2026-08-21,TWSE,2511,太子,8.25,8.31,8.23,8.3,480500.0
2026-08-21,TWSE,2514,龍邦,11.75,11.95,11.75,11.95,73203.0
2026-08-21,TWSE,2515,中工,11.9,12.05,11.9,11.95,5786629.0
2026-08-21,TWSE,2516,新建,14.0,14.05,13.95,14.05,148145.0
2026-08-21,TWSE,2520,冠德,36.7,36.8,36.2,36.55,1036220.0
2026-08-21,TWSE,2524,京城,34.35,35.2,34.35,35.05,96286.0
2026-08-21,TWSE,2527,宏璟,44.75,45.2,43.7,44.15,1053257.0
2026-08-21,TWSE,2528,皇普,20.15,20.4,20.15,20.4,326391.0
2026-08-21,TWSE,2530,華建,19.1,19.9,18.95,19.55,1140422.0
2026-08-21,TWSE,2534,宏盛,17.0,17.35,17.0,17.25,492646.0
2026-08-21,TWSE,2535,達欣工,89.8,92.3,89.8,92.0,307255.0
2026-08-21,TWSE,2536,宏普,20.8,20.85,20.65,20.85,629190.0
2026-08-21,TWSE,2537,聯上發,11.55,11.8,11.45,11.65,1152851.0
2026-08-21,TWSE,2538,基泰,9.02,9.07,9.01,9.06,289154.0
2026-08-21,TWSE,2539,櫻花建,33.7,36.2,33.7,35.5,3299868.0
2026-08-21,TWSE,2540,愛山林,46.5,48.65,46.45,48.3,1184701.0
2026-08-21,TWSE,2542,興富發,48.2,48.6,47.75,48.3,10318280.0
2026-08-21,TWSE,2543,皇昌,38.6,39.45,38.45,38.95,1011631.0
2026-08-21,TWSE,2545,皇翔,33.6,34.2,33.6,34.1,210686.0
2026-08-21,TWSE,2546,根基,114.0,120.0,112.5,116.5,745684.0
2026-08-21,TWSE,2547,日勝生,10.1,10.25,10.1,10.2,841597.0
2026-08-21,TWSE,2548,華固,93.8,97.2,93.8,95.7,2919090.0
2026-08-21,TWSE,2597,潤弘,167.0,170.0,167.0,169.0,189808.0
2026-08-21,TWSE,2601,益航,7.0,7.0,6.66,6.72,5344338.0
2026-08-21,TWSE,2603,長榮,241.5,249.0,240.5,246.0,31259008.0
2026-08-21,TWSE,2605,新興,37.45,37.95,35.85,36.4,29377214.0
2026-08-21,TWSE,2606,裕民,70.0,70.4,68.4,70.2,7901099.0
2026-08-21,TWSE,2607,榮運,50.8,52.4,50.8,51.8,1182814.0
2026-08-21,TWSE,2608,嘉里大榮,28.6,28.65,28.5,28.65,144756.0
2026-08-21,TWSE,2609,陽明,59.9,61.0,58.6,60.3,153031407.0
2026-08-21,TWSE,2610,華航,20.05,20.15,19.95,20.0,16135035.0
2026-08-21,TWSE,2611,志信,16.3,17.0,15.7,16.0,4290291.0
2026-08-21,TWSE,2612,中航,58.7,59.4,57.0,58.7,1458296.0
2026-08-21,TWSE,2613,中櫃,23.4,23.4,22.4,22.65,1223174.0
2026-08-21,TWSE,2614,東森,18.3,18.55,18.15,18.3,883570.0
2026-08-21,TWSE,2615,萬海,106.5,113.5,105.5,113.5,76406624.0
2026-08-21,TWSE,2616,山隆,13.4,13.5,13.35,13.5,78403.0
2026-08-21,TWSE,2617,台航,30.95,31.5,30.5,30.95,3801990.0
2026-08-21,TWSE,2618,長榮航,42.05,42.5,41.8,42.25,24896565.0
2026-08-21,TWSE,2630,亞航,51.7,56.0,51.7,52.3,11835104.0
2026-08-21,TWSE,2633,台灣高鐵,25.9,26.15,25.9,26.0,2572033.0
2026-08-21,TWSE,2634,漢翔,69.1,75.4,69.0,72.3,79873677.0
2026-08-21,TWSE,2636,台驊控股,71.8,72.2,69.2,71.2,1084857.0
2026-08-21,TWSE,2637,慧洋-KY,94.7,96.0,90.5,94.7,9285179.0
2026-08-21,TWSE,2642,宅配通,20.55,20.55,20.2,20.4,43256.0
2026-08-21,TWSE,2645,長榮航太,179.5,184.0,178.5,179.0,3016902.0
2026-08-21,TWSE,2646,星宇航空,20.9,21.4,20.85,21.15,6505365.0
2026-08-21,TWSE,2701,萬企,10.6,10.65,10.55,10.65,111229.0
2026-08-21,TWSE,2702,華園,12.2,12.3,12.2,12.3,29135.0
2026-08-21,TWSE,2704,國賓,46.6,46.75,45.7,46.5,76241.0
2026-08-21,TWSE,2705,六福,15.65,15.8,15.65,15.8,113105.0
2026-08-21,TWSE,2706,第一店,12.4,12.5,12.35,12.5,283661.0
2026-08-21,TWSE,2707,晶華,179.0,180.0,179.0,180.0,67458.0
2026-08-21,TWSE,2712,遠雄來,14.4,14.4,14.3,14.4,5240.0
2026-08-21,TWSE,2722,夏都,21.65,22.0,21.4,21.9,46389.0
2026-08-21,TWSE,2723,美食-KY,65.7,67.1,65.2,66.6,621113.0
2026-08-21,TWSE,2727,王品,234.5,237.5,234.5,237.0,354556.0
2026-08-21,TWSE,2731,雄獅,143.0,145.5,142.0,145.0,403561.0
2026-08-21,TWSE,2739,寒舍,35.8,35.9,35.7,35.9,81100.0
2026-08-21,TWSE,2748,雲品,38.15,38.4,38.05,38.4,22539.0
2026-08-21,TWSE,2753,八方雲集,185.0,187.0,185.0,186.5,142980.0
2026-08-21,TWSE,2762,世界健身-KY,82.7,83.3,82.5,83.0,20464.0
2026-08-21,TWSE,2801,彰銀,23.9,23.9,23.65,23.85,7446161.0
2026-08-21,TWSE,2812,台中銀,19.0,19.0,18.75,18.8,6142878.0
2026-08-21,TWSE,2816,旺旺保,36.2,36.85,36.0,36.5,1710095.0
2026-08-21,TWSE,2820,華票,16.25,16.4,16.25,16.3,1614445.0
2026-08-21,TWSE,2832,台產,59.8,61.9,59.6,61.0,535910.0
2026-08-21,TWSE,2834,臺企銀,16.5,16.6,16.4,16.55,19311169.0
2026-08-21,TWSE,2836,高雄銀,11.95,12.1,11.95,12.1,767264.0
2026-08-21,TWSE,2838,聯邦銀,20.2,20.3,20.05,20.15,1156576.0
2026-08-21,TWSE,2845,遠東銀,13.5,13.7,13.45,13.6,15636450.0
2026-08-21,TWSE,2849,安泰銀,14.1,14.4,14.1,14.4,134125.0
2026-08-21,TWSE,2850,新產,163.0,166.0,160.0,166.0,505631.0
2026-08-21,TWSE,2851,中再保,44.2,44.2,44.2,44.2,4827910.0
2026-08-21,TWSE,2852,第一保,28.1,29.2,28.05,29.2,2683583.0
2026-08-21,TWSE,2855,統一證,46.3,46.75,45.85,46.65,2467745.0
2026-08-21,TWSE,2880,華南金,39.05,39.2,38.6,38.8,12367958.0
2026-08-21,TWSE,2881,富邦金,128.5,130.0,125.5,128.0,18713372.0
2026-08-21,TWSE,2882,國泰金,98.5,98.8,97.0,97.7,17053270.0
2026-08-21,TWSE,2883,凱基金,30.7,30.7,30.05,30.4,26497717.0
2026-08-21,TWSE,2884,玉山金,37.75,37.9,37.05,37.35,31116788.0
2026-08-21,TWSE,2885,元大金,63.0,63.0,61.8,62.1,25642789.0
2026-08-21,TWSE,2886,兆豐金,47.05,47.2,46.1,46.4,31911647.0
2026-08-21,TWSE,2887,台新新光金,36.5,36.65,35.7,35.95,47126743.0
2026-08-21,TWSE,2889,國票金,15.55,15.7,15.55,15.65,4334020.0
2026-08-21,TWSE,2890,永豐金,39.8,39.8,39.1,39.35,14323553.0
2026-08-21,TWSE,2891,中信金,65.0,65.2,62.1,63.4,60861192.0
2026-08-21,TWSE,2892,第一金,33.7,33.75,33.2,33.3,27060212.0
2026-08-21,TWSE,2897,王道銀行,10.2,10.25,10.15,10.25,3538996.0
2026-08-21,TWSE,2901,欣欣,23.5,23.9,23.5,23.9,10808.0
2026-08-21,TWSE,2903,遠百,22.25,22.75,22.25,22.75,5296418.0
2026-08-21,TWSE,2904,匯僑,12.75,13.0,12.7,12.9,54129.0
2026-08-21,TWSE,2905,三商,17.7,17.7,17.3,17.4,1477379.0
2026-08-21,TWSE,2906,高林,13.65,13.75,13.65,13.65,547458.0
2026-08-21,TWSE,2908,特力,21.6,21.85,21.6,21.85,311136.0
2026-08-21,TWSE,2910,統領,24.4,24.4,24.0,24.0,17017.0
2026-08-21,TWSE,2911,麗嬰房,6.67,6.73,6.58,6.61,139701.0
2026-08-21,TWSE,2912,統一超,219.0,220.0,217.5,220.0,1975335.0
2026-08-21,TWSE,2913,農林,11.05,11.35,11.05,11.25,3730481.0
2026-08-21,TWSE,2915,潤泰全,62.1,62.5,61.4,61.6,3271736.0
2026-08-21,TWSE,2923,鼎固-KY,23.85,25.15,23.2,25.15,340071.0
2026-08-21,TWSE,2929,淘帝-KY,5.66,5.71,5.6,5.71,77951.0
2026-08-21,TWSE,2939,永邑-KY,19.5,19.6,19.5,19.6,4003.0
2026-08-21,TWSE,2945,三商家購,39.8,40.05,39.8,39.8,10111.0
2026-08-21,TWSE,3002,歐格,16.75,17.0,16.7,16.8,92071.0
2026-08-21,TWSE,3003,健和興,65.7,65.7,63.8,64.0,430845.0
2026-08-21,TWSE,3004,豐達科,123.0,124.5,121.0,121.5,169761.0
2026-08-21,TWSE,3005,神基,118.5,119.0,117.0,117.5,2070490.0
2026-08-21,TWSE,3006,晶豪科,250.5,255.5,242.5,250.5,9100991.0
2026-08-21,TWSE,3008,大立光,5570.0,5680.0,5405.0,5515.0,2952357.0
2026-08-21,TWSE,3010,華立,130.0,131.0,127.0,127.0,480536.0
2026-08-21,TWSE,3011,今皓,10.45,10.8,10.45,10.75,427143.0
2026-08-21,TWSE,3013,晟銘電,83.7,84.3,81.9,82.2,621996.0
2026-08-21,TWSE,3014,聯陽,131.5,132.5,130.0,130.5,436403.0
2026-08-21,TWSE,3015,全漢,54.2,54.2,52.9,53.7,152824.0
2026-08-21,TWSE,3016,嘉晶,103.0,105.0,100.5,103.0,2713183.0
2026-08-21,TWSE,3017,奇鋐,3175.0,3175.0,2925.0,2985.0,3219927.0
2026-08-21,TWSE,3018,隆銘綠能,14.0,14.7,13.6,14.65,252511.0
2026-08-21,TWSE,3019,亞光,138.5,141.5,135.5,136.0,1978850.0
2026-08-21,TWSE,3021,鴻名,20.05,20.1,19.65,20.1,73285.0
2026-08-21,TWSE,3022,威強電,93.8,96.5,91.2,92.5,2601986.0
2026-08-21,TWSE,3023,信邦,323.0,325.0,317.0,319.0,455741.0
2026-08-21,TWSE,3024,憶聲,13.5,13.7,13.5,13.7,679269.0
2026-08-21,TWSE,3025,星通,56.5,57.9,56.0,56.4,85389.0
2026-08-21,TWSE,3026,禾伸堂,714.0,714.0,675.0,710.0,1288951.0
2026-08-21,TWSE,3027,盛達,17.75,18.7,17.75,18.2,163354.0
2026-08-21,TWSE,3028,增你強,66.2,66.6,65.4,65.9,459783.0
2026-08-21,TWSE,3029,零壹,110.0,112.0,110.0,111.5,570591.0
2026-08-21,TWSE,3030,德律,288.5,290.0,282.0,289.5,756386.0
2026-08-21,TWSE,3031,佰鴻,22.4,22.7,22.1,22.65,313541.0
2026-08-21,TWSE,3032,偉訓,78.2,78.8,77.2,78.0,298851.0
2026-08-21,TWSE,3033,威健,45.45,45.7,44.9,45.35,4576464.0
2026-08-21,TWSE,3034,聯詠,545.0,553.0,520.0,527.0,4176369.0
2026-08-21,TWSE,3035,智原,175.0,177.5,168.0,172.0,2293241.0
2026-08-21,TWSE,3036,文曄,205.0,206.0,199.5,205.5,4399253.0
2026-08-21,TWSE,3037,欣興,1165.0,1165.0,1085.0,1140.0,16346229.0
2026-08-21,TWSE,3038,全台,20.5,20.55,20.35,20.5,142739.0
2026-08-21,TWSE,3040,遠見,38.3,39.0,37.85,38.65,91807.0
2026-08-21,TWSE,3041,揚智,22.8,22.8,22.35,22.4,403135.0
2026-08-21,TWSE,3042,晶技,193.5,200.0,179.0,188.5,34753239.0
2026-08-21,TWSE,3043,科風,21.25,21.45,21.0,21.25,61420.0
2026-08-21,TWSE,3044,健鼎,485.0,490.0,470.0,485.5,2505588.0
2026-08-21,TWSE,3045,台灣大,113.5,115.0,113.0,115.0,18540289.0
2026-08-21,TWSE,3046,建碁,59.0,59.2,57.7,58.4,269829.0
2026-08-21,TWSE,3047,訊舟,13.75,13.95,13.7,13.85,598383.0
2026-08-21,TWSE,3048,益登,57.1,57.4,55.4,56.0,1863639.0
2026-08-21,TWSE,3049,精金,10.9,11.2,10.7,11.2,2998461.0
2026-08-21,TWSE,3050,鈺德,11.5,11.55,11.35,11.55,341287.0
2026-08-21,TWSE,3051,力特,22.3,22.55,22.2,22.45,214012.0
2026-08-21,TWSE,3052,夆典,11.35,11.35,11.15,11.2,207942.0
2026-08-21,TWSE,3054,立萬利,52.6,54.3,52.2,52.8,152621.0
2026-08-21,TWSE,3055,蔚華科,116.0,118.0,108.0,108.5,2125530.0
2026-08-21,TWSE,3056,富華新,14.0,14.35,14.0,14.2,1392212.0
2026-08-21,TWSE,3057,喬鼎,17.25,17.4,16.9,17.0,139918.0
2026-08-21,TWSE,3058,立德,8.29,8.29,8.11,8.15,184897.0
2026-08-21,TWSE,3059,華晶科,39.9,40.2,39.25,39.4,1130884.0
2026-08-21,TWSE,3060,銘異,27.7,27.85,27.2,27.4,650525.0
2026-08-21,TWSE,3062,建漢,20.6,20.7,20.35,20.5,752959.0
2026-08-21,TWSE,3090,日電貿,186.0,187.0,169.5,172.0,22502808.0
2026-08-21,TWSE,3092,鴻碩,23.75,24.1,23.4,23.9,163818.0
2026-08-21,TWSE,3094,聯傑,36.35,37.05,35.8,35.9,661591.0
2026-08-21,TWSE,3130,一零四,211.5,212.0,211.5,212.0,67566.0
2026-08-21,TWSE,3135,凌航,156.0,168.0,153.5,168.0,2150806.0
2026-08-21,TWSE,3138,耀登,96.6,97.1,94.2,95.4,135590.0
2026-08-21,TWSE,3149,正達,65.9,67.4,64.5,66.2,4805701.0
2026-08-21,TWSE,3150,鈺寶-創,17.3,17.45,17.25,17.3,16001.0
2026-08-21,TWSE,3164,景岳,15.85,15.9,15.8,15.9,21843.0
2026-08-21,TWSE,3167,大量,696.0,762.0,655.0,762.0,9929286.0
2026-08-21,TWSE,3168,眾福科,41.5,42.35,41.5,42.15,13289.0
2026-08-21,TWSE,3189,景碩,871.0,880.0,818.0,851.0,16928119.0
2026-08-21,TWSE,3209,全科,51.2,51.5,50.6,51.1,1263100.0
2026-08-21,TWSE,3229,晟鈦,51.8,56.9,51.8,56.9,2498052.0
2026-08-21,TWSE,3231,緯創,183.5,184.0,177.0,180.0,33489412.0
2026-08-21,TWSE,3257,虹冠電,50.7,50.7,49.4,49.75,142348.0
2026-08-21,TWSE,3266,昇陽,13.85,13.95,13.85,13.95,23049.0
2026-08-21,TWSE,3296,勝德,24.4,24.4,23.45,23.7,33245.0
2026-08-21,TWSE,3305,昇貿,111.0,111.5,108.0,109.0,1358236.0
2026-08-21,TWSE,3308,聯德,20.5,20.5,19.65,19.95,18376.0
2026-08-21,TWSE,3311,閎暉,31.6,31.8,31.3,31.7,103150.0
2026-08-21,TWSE,3312,弘憶股,51.8,52.0,51.2,51.4,519725.0
2026-08-21,TWSE,3321,同泰,18.35,18.35,18.0,18.0,88526.0
2026-08-21,TWSE,3338,泰碩,61.6,61.7,60.9,61.6,139339.0
2026-08-21,TWSE,3346,麗清,20.05,20.45,19.85,20.1,172640.0
2026-08-21,TWSE,3356,奇偶,63.2,64.7,62.6,62.8,511874.0
2026-08-21,TWSE,3376,新日興,187.0,190.5,187.0,188.5,802413.0
2026-08-21,TWSE,3380,明泰,27.35,27.65,27.0,27.3,1015325.0
2026-08-21,TWSE,3406,玉晶光,665.0,673.0,628.0,650.0,2743040.0
2026-08-21,TWSE,3413,京鼎,290.5,292.0,285.0,287.0,1309492.0
2026-08-21,TWSE,3416,融程電,178.0,178.5,175.5,178.0,183323.0
2026-08-21,TWSE,3419,譁裕,12.05,12.15,11.85,12.1,107329.0
2026-08-21,TWSE,3432,台端,14.5,15.05,14.4,14.9,38832.0
2026-08-21,TWSE,3437,榮創,16.9,17.3,16.8,17.2,368750.0
2026-08-21,TWSE,3443,創意,5345.0,5660.0,5300.0,5630.0,2626990.0
2026-08-21,TWSE,3447,展達,26.9,27.45,26.8,27.3,56051.0
2026-08-21,TWSE,3450,聯鈞,585.0,586.0,549.0,553.0,12860080.0
2026-08-21,TWSE,3481,群創,47.2,47.65,45.4,46.0,217249183.0
2026-08-21,TWSE,3494,誠研,7.13,7.14,6.94,7.09,54157.0
2026-08-21,TWSE,3501,維熹,39.9,40.05,39.75,39.9,55790.0
2026-08-21,TWSE,3504,揚明光,80.0,81.1,78.1,78.1,2457696.0
2026-08-21,TWSE,3515,華擎,221.5,222.5,215.5,217.0,361231.0
2026-08-21,TWSE,3518,柏騰,27.85,28.75,27.85,28.7,219460.0
2026-08-21,TWSE,3528,安馳,85.3,85.5,83.1,84.5,155341.0
2026-08-21,TWSE,3530,晶相光,56.1,56.2,54.9,55.1,47610.0
2026-08-21,TWSE,3532,台勝科,365.0,368.0,331.5,340.0,19359214.0
2026-08-21,TWSE,3533,嘉澤,1640.0,1645.0,1570.0,1610.0,1604490.0
2026-08-21,TWSE,3535,晶彩科,88.5,89.0,87.1,88.0,348487.0
2026-08-21,TWSE,3543,州巧,43.95,44.95,42.65,43.25,2337416.0
2026-08-21,TWSE,3545,敦泰,50.1,50.4,49.05,49.55,360607.0
2026-08-21,TWSE,3550,聯穎,22.85,23.45,22.65,22.7,1138413.0
2026-08-21,TWSE,3557,嘉威,24.4,24.7,24.4,24.4,13044.0
2026-08-21,TWSE,3563,牧德,695.0,695.0,665.0,674.0,293753.0
2026-08-21,TWSE,3576,聯合再生,16.95,17.2,16.85,17.0,3236213.0
2026-08-21,TWSE,3583,辛耘,715.0,718.0,693.0,713.0,646391.0
2026-08-21,TWSE,3588,通嘉,52.6,53.1,51.9,52.2,85869.0
2026-08-21,TWSE,3591,艾笛森,20.5,20.6,20.2,20.4,370123.0
2026-08-21,TWSE,3592,瑞鼎,227.5,229.0,222.0,223.5,257190.0
2026-08-21,TWSE,3593,力銘,10.6,11.0,10.5,11.0,16913.0
2026-08-21,TWSE,3596,智易,162.0,163.0,159.5,162.5,1345164.0
2026-08-21,TWSE,3605,宏致,119.5,119.5,107.5,110.0,9699155.0
2026-08-21,TWSE,3607,谷崧,14.05,14.05,13.85,14.0,182402.0
2026-08-21,TWSE,3617,碩天,259.0,259.5,251.5,254.0,596519.0
2026-08-21,TWSE,3622,洋華,49.0,49.0,48.5,48.7,284603.0
2026-08-21,TWSE,3645,達邁,66.3,67.1,65.0,65.8,748439.0
2026-08-21,TWSE,3652,精聯,34.4,34.55,33.9,34.4,130236.0
2026-08-21,TWSE,3653,健策,5605.0,5620.0,5335.0,5600.0,1922068.0
2026-08-21,TWSE,3661,世芯-KY,3690.0,3815.0,3655.0,3750.0,1902380.0
2026-08-21,TWSE,3665,貿聯-KY,2225.0,2255.0,2180.0,2250.0,1488154.0
2026-08-21,TWSE,3669,圓展,37.85,38.25,37.0,37.85,291912.0
2026-08-21,TWSE,3673,TPK-KY,63.9,65.4,62.3,65.1,11688998.0
2026-08-21,TWSE,3679,新至陞,110.5,110.5,109.5,109.5,34137.0
2026-08-21,TWSE,3686,達能,14.3,14.4,14.25,14.3,55160.0
2026-08-21,TWSE,3694,海華,51.2,51.6,50.8,51.4,320487.0
2026-08-21,TWSE,3701,大眾控,40.25,40.55,39.5,40.15,423628.0
2026-08-21,TWSE,3702,大聯大,108.0,109.5,103.0,104.5,14688136.0
2026-08-21,TWSE,3703,欣陸,19.55,20.0,19.55,19.9,2540434.0
2026-08-21,TWSE,3704,合勤控,41.8,42.45,41.35,42.3,1409399.0
2026-08-21,TWSE,3705,永信,54.6,55.7,54.6,55.7,390155.0
2026-08-21,TWSE,3706,神達,91.4,91.7,90.0,90.1,5263608.0
2026-08-21,TWSE,3708,上緯投控,103.0,104.0,102.5,103.5,378271.0
2026-08-21,TWSE,3711,日月光投控,580.0,591.0,568.0,590.0,21349397.0
2026-08-21,TWSE,3712,永崴投控,20.55,21.15,20.3,20.5,866337.0
2026-08-21,TWSE,3714,富采,55.5,57.8,55.5,57.0,4506044.0
2026-08-21,TWSE,3715,定穎投控,109.5,110.5,107.0,109.5,1972458.0
2026-08-21,TWSE,3716,中化控股,36.8,37.65,35.8,36.05,1465567.0
2026-08-21,TWSE,3717,聯嘉投控,22.55,22.7,22.0,22.15,1109276.0
2026-08-21,TWSE,4104,佳醫,71.6,71.9,71.5,71.7,158217.0
2026-08-21,TWSE,4106,雃博,24.4,24.5,24.2,24.45,56585.0
2026-08-21,TWSE,4108,懷特,10.9,11.05,10.9,11.05,114705.0
2026-08-21,TWSE,4119,旭富,52.1,52.5,52.1,52.4,85113.0
2026-08-21,TWSE,4133,亞諾法,20.8,20.95,20.75,20.85,71178.0
2026-08-21,TWSE,4137,麗豐-KY,90.2,90.6,89.6,90.3,212570.0
2026-08-21,TWSE,4142,國光生,17.8,18.2,17.6,18.1,4567532.0
2026-08-21,TWSE,4148,全宇生技-KY,31.6,32.0,31.6,32.0,39222.0
2026-08-21,TWSE,4155,訊映,14.6,14.85,14.6,14.85,134037.0
2026-08-21,TWSE,4164,承業醫,26.0,26.55,26.0,26.5,262238.0
2026-08-21,TWSE,4169,泰宗,155.0,163.5,152.0,163.5,260579.0
2026-08-21,TWSE,4178,永笙-KY,17.3,17.45,17.2,17.45,58651.0
2026-08-21,TWSE,4190,佐登-KY,25.3,25.3,25.15,25.2,5350.0
2026-08-21,TWSE,4195,基米-創,14.3,14.5,14.25,14.25,72379.0
2026-08-21,TWSE,4306,炎洲,15.3,15.4,15.25,15.35,460149.0
2026-08-21,TWSE,4414,如興,8.32,8.39,8.26,8.35,141405.0
2026-08-21,TWSE,4426,利勤,7.78,7.83,7.78,7.81,238285.0
2026-08-21,TWSE,4438,廣越,60.5,61.0,60.2,60.7,54333.0
2026-08-21,TWSE,4439,冠星-KY,103.5,103.5,98.3,99.2,432961.0
2026-08-21,TWSE,4440,宜新實業,17.65,17.75,17.5,17.5,64115.0
2026-08-21,TWSE,4441,振大環球,187.0,188.0,183.5,184.0,94495.0
2026-08-21,TWSE,4526,東台,30.1,30.45,29.7,29.9,752883.0
2026-08-21,TWSE,4532,瑞智,23.65,24.1,23.65,24.05,670914.0
2026-08-21,TWSE,4536,拓凱,169.5,172.5,169.5,170.5,238077.0
2026-08-21,TWSE,4540,全球傳動,60.5,61.5,58.1,58.8,2615827.0
2026-08-21,TWSE,4545,銘鈺,32.9,32.9,31.7,32.0,46311.0
2026-08-21,TWSE,4551,智伸科,163.5,163.5,159.0,162.0,342678.0
2026-08-21,TWSE,4552,力達-KY,17.55,17.7,17.5,17.7,36020.0
2026-08-21,TWSE,4555,氣立,48.9,49.3,47.2,47.3,183411.0
2026-08-21,TWSE,4557,永新-KY,50.9,51.7,50.8,51.6,10095.0
2026-08-21,TWSE,4560,強信-KY,32.55,33.25,32.3,33.0,651001.0
2026-08-21,TWSE,4562,穎漢,32.45,32.7,31.3,31.75,112986.0
2026-08-21,TWSE,4564,元翎,16.75,17.3,16.75,16.85,779737.0
2026-08-21,TWSE,4566,時碩工業,70.5,71.9,68.0,68.3,1833039.0
2026-08-21,TWSE,4569,六方科-KY,160.5,161.5,159.0,160.5,15524.0
2026-08-21,TWSE,4571,鈞興-KY,165.0,168.5,160.5,161.5,170247.0
2026-08-21,TWSE,4572,駐龍,140.0,140.5,139.5,140.5,9084.0
2026-08-21,TWSE,4576,大銀微系統,213.0,228.5,206.5,208.0,5311189.0
2026-08-21,TWSE,4581,光隆精密-KY,47.65,48.75,47.6,48.75,7039.0
2026-08-21,TWSE,4582,聚恆-創,23.6,23.65,23.3,23.65,74145.0
2026-08-21,TWSE,4583,台灣精銳,475.0,494.0,475.0,488.0,55754.0
2026-08-21,TWSE,4585,達明,305.0,310.5,300.0,300.5,428287.0
2026-08-21,TWSE,4588,玖鼎電力,52.3,52.3,51.5,51.5,19221.0
2026-08-21,TWSE,4590,富田-創,89.2,91.0,86.7,87.2,437909.0
2026-08-21,TWSE,4720,德淵,18.0,18.35,17.55,17.9,1175734.0
2026-08-21,TWSE,4722,國精化,207.0,208.0,198.0,205.0,695191.0
2026-08-21,TWSE,4736,泰博,144.5,146.0,142.0,145.5,538632.0
2026-08-21,TWSE,4737,華廣,57.4,57.6,57.0,57.3,24003.0
2026-08-21,TWSE,4739,康普,84.0,84.8,82.8,83.3,864096.0
2026-08-21,TWSE,4746,台耀,53.0,54.6,52.4,53.9,1114489.0
2026-08-21,TWSE,4755,三福化,114.5,115.5,111.5,115.0,270723.0
2026-08-21,TWSE,4763,材料*-KY,50.9,51.1,50.0,50.2,3500103.0
2026-08-21,TWSE,4764,雙鍵,200.0,211.0,196.5,211.0,1454582.0
2026-08-21,TWSE,4766,南寶,338.0,347.5,333.0,347.5,426360.0
2026-08-21,TWSE,4770,上品,214.0,215.5,209.0,210.0,389748.0
2026-08-21,TWSE,4771,望隼,200.0,204.5,199.5,201.0,62910.0
2026-08-21,TWSE,4807,日成-KY,31.0,31.95,30.85,31.45,79058.0
2026-08-21,TWSE,4904,遠傳,101.5,102.5,101.0,102.0,6190267.0
2026-08-21,TWSE,4906,正文,34.35,35.1,33.85,34.3,2883849.0
2026-08-21,TWSE,4912,聯德控股-KY,91.0,91.9,90.8,91.5,247229.0
2026-08-21,TWSE,4915,致伸,60.4,60.8,60.1,60.1,2888850.0
2026-08-21,TWSE,4916,事欣科,101.0,102.5,99.0,99.3,1996165.0
2026-08-21,TWSE,4919,新唐,117.5,120.0,115.0,118.5,1905250.0
2026-08-21,TWSE,4927,泰鼎-KY,32.3,32.95,31.8,32.85,1239458.0
2026-08-21,TWSE,4930,燦星網,16.05,16.2,16.0,16.2,15769.0
2026-08-21,TWSE,4934,太極,14.35,14.45,14.1,14.25,217954.0
2026-08-21,TWSE,4935,茂林-KY,35.05,35.05,34.1,34.45,81090.0
2026-08-21,TWSE,4938,和碩,91.0,91.0,88.5,89.7,8079314.0
2026-08-21,TWSE,4942,嘉彰,33.15,33.45,33.05,33.45,77093.0
2026-08-21,TWSE,4943,康控-KY,8.43,8.43,8.21,8.42,16862.0
2026-08-21,TWSE,4949,有成精密,70.3,71.7,70.2,70.8,337657.0
2026-08-21,TWSE,4952,凌通,51.9,52.2,50.5,52.0,673673.0
2026-08-21,TWSE,4956,光鋐,29.3,30.95,29.3,30.45,1435104.0
2026-08-21,TWSE,4958,臻鼎-KY,462.5,468.5,448.0,463.0,22686292.0
2026-08-21,TWSE,4960,誠美材,20.45,20.5,20.1,20.5,1668552.0
2026-08-21,TWSE,4961,天鈺,168.5,169.0,164.0,164.5,252710.0
2026-08-21,TWSE,4967,十銓,263.5,270.0,262.0,266.0,4186757.0
2026-08-21,TWSE,4968,立積,90.6,91.4,89.9,91.2,317847.0
2026-08-21,TWSE,4976,佳凌,37.6,39.4,37.6,38.15,3875711.0
2026-08-21,TWSE,4977,眾達-KY,147.0,157.0,144.5,156.5,4598590.0
2026-08-21,TWSE,4989,榮科,62.8,64.4,61.0,62.0,3548222.0
2026-08-21,TWSE,4994,傳奇,83.0,86.0,80.4,86.0,22030.0
2026-08-21,TWSE,4999,鑫禾,18.5,18.85,18.5,18.85,64428.0
2026-08-21,TWSE,5007,三星,55.7,56.3,55.7,56.3,12001.0
2026-08-21,TWSE,5203,訊連,58.3,59.3,58.3,58.7,66557.0
2026-08-21,TWSE,5215,科嘉-KY,39.7,40.4,39.65,40.4,61011.0
2026-08-21,TWSE,5222,全訊,109.0,109.5,104.0,105.5,610892.0
2026-08-21,TWSE,5225,東科-KY,60.0,60.8,60.0,60.5,203791.0
2026-08-21,TWSE,5234,達興材料,299.5,303.0,294.5,299.0,232684.0
2026-08-21,TWSE,5236,凌陽創新,137.5,137.5,135.0,136.5,86198.0
2026-08-21,TWSE,5243,乙盛-KY,88.6,89.8,87.3,88.3,455163.0
2026-08-21,TWSE,5244,弘凱,33.2,33.55,33.15,33.4,158010.0
2026-08-21,TWSE,5258,虹堡,47.5,48.0,47.25,47.75,235610.0
2026-08-21,TWSE,5269,祥碩,1460.0,1475.0,1415.0,1425.0,566474.0
2026-08-21,TWSE,5283,禾聯碩,56.3,57.2,56.3,57.2,59699.0
2026-08-21,TWSE,5284,jpp-KY,316.0,318.0,303.5,318.0,433525.0
2026-08-21,TWSE,5285,界霖,80.2,80.2,76.5,77.2,518658.0
2026-08-21,TWSE,5288,豐祥-KY,190.5,191.0,187.5,189.5,57510.0
2026-08-21,TWSE,5292,華懋,211.0,216.0,209.0,214.0,465197.0
2026-08-21,TWSE,5306,桂盟,97.3,97.9,96.0,96.2,131768.0
2026-08-21,TWSE,5388,中磊,79.4,79.4,77.3,77.6,4463556.0
2026-08-21,TWSE,5434,崇越,538.0,538.0,516.0,526.0,882201.0
2026-08-21,TWSE,5469,瀚宇博,73.0,73.4,70.9,71.6,1149942.0
2026-08-21,TWSE,5471,松翰,57.5,58.7,57.1,57.6,2510299.0
2026-08-21,TWSE,5484,慧友,41.15,41.5,40.3,40.7,317385.0
2026-08-21,TWSE,5515,建國,54.2,54.2,52.6,54.2,594201.0
2026-08-21,TWSE,5519,隆大,27.9,28.0,27.85,27.9,184127.0
2026-08-21,TWSE,5521,工信,10.7,10.75,10.6,10.7,1288219.0
2026-08-21,TWSE,5522,遠雄,62.9,64.2,62.7,64.1,874814.0
2026-08-21,TWSE,5525,順天,22.1,22.3,21.9,22.3,116397.0
2026-08-21,TWSE,5531,鄉林,7.44,7.61,7.44,7.56,849819.0
2026-08-21,TWSE,5533,皇鼎,13.9,14.0,13.85,13.95,195421.0
2026-08-21,TWSE,5534,長虹,79.6,81.7,79.2,80.9,1154626.0
2026-08-21,TWSE,5538,東明-KY,36.75,37.3,36.6,37.2,113464.0
2026-08-21,TWSE,5546,永固-KY,13.8,13.8,13.4,13.6,47224.0
2026-08-21,TWSE,5607,遠雄港,54.5,55.9,54.0,55.3,2055270.0
2026-08-21,TWSE,5608,四維航,18.35,18.35,16.6,17.05,36807476.0
2026-08-21,TWSE,5706,鳳凰,45.4,45.6,45.25,45.3,142533.0
2026-08-21,TWSE,5871,中租-KY,110.0,112.0,109.5,111.5,4701335.0
2026-08-21,TWSE,5876,上海商銀,43.5,43.9,43.05,43.65,7352504.0
2026-08-21,TWSE,5880,合庫金,25.0,25.0,24.7,24.8,14670266.0
2026-08-21,TWSE,5906,台南-KY,38.0,38.0,38.0,38.0,1001.0
2026-08-21,TWSE,5907,大洋-KY,4.94,4.97,4.8,4.91,315004.0
2026-08-21,TWSE,6005,群益證,30.45,30.6,30.05,30.35,4451360.0
2026-08-21,TWSE,6024,群益期,61.0,61.5,60.9,61.5,184498.0
2026-08-21,TWSE,6108,競國,25.25,26.6,24.15,26.0,9855505.0
2026-08-21,TWSE,6112,邁達特,44.4,45.0,44.25,44.8,240516.0
2026-08-21,TWSE,6115,鎰勝,44.95,45.0,44.05,44.65,497031.0
2026-08-21,TWSE,6116,彩晶,14.05,14.45,13.75,13.8,33153850.0
2026-08-21,TWSE,6117,迎廣,61.6,61.8,60.8,61.1,134919.0
2026-08-21,TWSE,6120,達運,12.7,12.75,12.55,12.6,756836.0
2026-08-21,TWSE,6128,上福,20.25,20.35,20.15,20.25,93600.0
2026-08-21,TWSE,6133,金橋,22.3,22.55,22.1,22.15,436038.0
2026-08-21,TWSE,6136,富爾特,24.9,24.95,24.75,24.9,134228.0
2026-08-21,TWSE,6139,亞翔,778.0,781.0,753.0,766.0,2114484.0
2026-08-21,TWSE,6141,柏承,44.05,45.8,41.9,43.95,5512410.0
2026-08-21,TWSE,6142,友勁,9.0,9.1,8.91,9.0,292691.0
2026-08-21,TWSE,6152,百一,14.0,14.15,13.75,13.95,519508.0
2026-08-21,TWSE,6153,嘉聯益,16.8,17.15,16.45,16.65,2175123.0
2026-08-21,TWSE,6155,鈞寶,59.1,59.5,56.1,56.7,1431302.0
2026-08-21,TWSE,6164,華興,11.85,11.9,11.75,11.9,289872.0
2026-08-21,TWSE,6165,浪凡,46.8,47.35,46.65,47.35,558618.0
2026-08-21,TWSE,6166,凌華,125.0,125.0,117.5,120.5,2549316.0
2026-08-21,TWSE,6168,宏齊,25.2,25.8,24.75,25.0,2242153.0
2026-08-21,TWSE,6177,達麗,46.35,47.75,46.0,47.05,6585124.0
2026-08-21,TWSE,6183,關貿,92.7,93.3,92.5,93.3,23133.0
2026-08-21,TWSE,6184,大豐電,41.85,41.85,41.5,41.65,82342.0
2026-08-21,TWSE,6189,豐藝,47.8,48.15,47.65,48.15,323648.0
2026-08-21,TWSE,6191,精成科,83.2,84.2,82.1,82.6,1173590.0
2026-08-21,TWSE,6192,巨路,117.0,117.5,116.0,117.0,104638.0
2026-08-21,TWSE,6196,帆宣,504.0,509.0,491.0,496.0,798008.0
2026-08-21,TWSE,6197,佳必琪,305.5,307.5,296.0,300.5,694290.0
2026-08-21,TWSE,6201,亞弘電,44.95,44.95,44.45,44.95,12101.0
2026-08-21,TWSE,6202,盛群,58.9,59.0,56.4,57.3,1340109.0
2026-08-21,TWSE,6205,詮欣,61.2,62.3,60.7,61.4,167713.0
2026-08-21,TWSE,6206,飛捷,145.0,145.5,141.0,142.5,1224654.0
2026-08-21,TWSE,6209,今國光,69.2,70.9,68.1,69.0,4232943.0
2026-08-21,TWSE,6213,聯茂,508.0,510.0,490.0,510.0,3222151.0
2026-08-21,TWSE,6214,精誠,179.0,180.5,178.0,180.0,4170450.0
2026-08-21,TWSE,6215,和椿,101.5,104.5,99.2,99.2,1500436.0
2026-08-21,TWSE,6216,居易,22.15,22.3,22.0,22.3,81243.0
2026-08-21,TWSE,6224,聚鼎,66.4,72.1,66.4,72.1,1539463.0
2026-08-21,TWSE,6225,天瀚,58.6,58.9,56.5,58.9,228615.0
2026-08-21,TWSE,6226,光鼎,21.7,22.3,21.5,22.0,20639230.0
2026-08-21,TWSE,6230,尼得科超眾,106.5,107.5,104.5,107.0,40411.0
2026-08-21,TWSE,6235,華孚,37.5,37.95,37.5,37.85,235943.0
2026-08-21,TWSE,6239,力成,264.5,269.5,262.0,268.5,7298409.0
2026-08-21,TWSE,6243,迅杰,43.3,44.55,42.85,42.85,1271137.0
2026-08-21,TWSE,6257,矽格,203.0,204.0,197.0,199.5,5000557.0
2026-08-21,TWSE,6269,台郡,63.5,63.9,62.2,63.6,1982743.0
2026-08-21,TWSE,6271,同欣電,195.0,197.0,190.5,196.0,2115005.0
2026-08-21,TWSE,6272,驊陞,23.15,23.7,23.0,23.4,76238.0
2026-08-21,TWSE,6277,宏正,84.0,84.4,79.5,81.5,803265.0
2026-08-21,TWSE,6278,台表科,179.0,180.5,173.5,180.0,5517783.0
2026-08-21,TWSE,6281,全國電,51.2,51.5,51.1,51.5,27945.0
2026-08-21,TWSE,6282,康舒,45.95,46.25,44.55,45.0,6986825.0
2026-08-21,TWSE,6283,淳安,19.8,20.0,19.6,20.0,81000.0
2026-08-21,TWSE,6285,啟碁,239.5,243.0,234.5,237.0,3758510.0
2026-08-21,TWSE,6405,悅城,38.55,39.3,38.1,38.8,283002.0
2026-08-21,TWSE,6409,旭隼,1050.0,1070.0,1020.0,1040.0,529220.0
2026-08-21,TWSE,6412,群電,78.0,78.8,77.9,78.4,591884.0
2026-08-21,TWSE,6414,樺漢,409.0,414.5,397.0,402.5,1952403.0
2026-08-21,TWSE,6415,矽力*-KY,445.0,451.5,438.5,448.0,1479222.0
2026-08-21,TWSE,6416,瑞祺電通,98.6,106.5,98.3,102.5,2390080.0
2026-08-21,TWSE,6426,統新,235.0,254.0,226.5,250.0,3573857.0
2026-08-21,TWSE,6431,光麗-KY,19.8,20.0,19.1,20.0,97103.0
2026-08-21,TWSE,6438,迅得,143.0,144.5,141.5,143.5,250611.0
2026-08-21,TWSE,6442,光聖,1540.0,1590.0,1515.0,1555.0,2166190.0
2026-08-21,TWSE,6443,元晶,26.35,26.5,25.85,26.1,2270143.0
2026-08-21,TWSE,6446,藥華藥,1435.0,1450.0,1370.0,1375.0,2530233.0
2026-08-21,TWSE,6449,鈺邦,227.0,229.5,218.5,223.0,484157.0
2026-08-21,TWSE,6451,訊芯-KY,420.0,441.5,411.5,437.0,6391488.0
2026-08-21,TWSE,6456,GIS-KY,67.1,71.6,66.6,71.2,9149367.0
2026-08-21,TWSE,6464,台數科,77.7,79.0,77.7,79.0,64254.0
2026-08-21,TWSE,6472,保瑞,420.0,445.5,419.0,445.5,3090380.0
2026-08-21,TWSE,6477,安集,38.15,41.0,38.0,38.15,5134244.0
2026-08-21,TWSE,6491,晶碩,379.5,390.0,372.5,374.0,834881.0
2026-08-21,TWSE,6504,南六,36.7,37.9,36.7,37.75,23070.0
2026-08-21,TWSE,6505,台塑化,71.5,74.6,71.5,73.0,21316068.0
2026-08-21,TWSE,6515,穎崴,6410.0,6510.0,6270.0,6380.0,158952.0
2026-08-21,TWSE,6525,捷敏-KY,145.0,149.5,141.0,141.5,2368182.0
2026-08-21,TWSE,6526,達發,581.0,590.0,575.0,585.0,182458.0
2026-08-21,TWSE,6531,愛普*,854.0,897.0,854.0,882.0,4544730.0
2026-08-21,TWSE,6533,晶心科,249.0,252.5,244.0,245.5,610699.0
2026-08-21,TWSE,6534,正瀚-創,91.5,93.8,91.5,92.4,113396.0
2026-08-21,TWSE,6541,泰福-KY,36.65,37.45,36.25,37.1,299775.0
2026-08-21,TWSE,6550,北極星藥業-KY,10.3,11.15,10.3,11.15,1976761.0
2026-08-21,TWSE,6552,易華電,24.8,24.9,24.25,24.85,74219.0
2026-08-21,TWSE,6558,興能高,24.8,25.0,24.6,24.85,110876.0
2026-08-21,TWSE,6573,虹揚-KY,19.15,19.15,16.95,17.0,849288.0
2026-08-21,TWSE,6579,研揚,151.5,152.0,148.0,150.0,569104.0
2026-08-21,TWSE,6581,鋼聯,109.0,109.0,107.0,108.0,20826.0
2026-08-21,TWSE,6582,申豐,31.65,32.1,31.65,32.0,30111.0
2026-08-21,TWSE,6585,鼎基,115.0,116.0,113.0,116.0,209407.0
2026-08-21,TWSE,6589,台康生技,51.3,53.0,51.0,51.6,1138216.0
2026-08-21,TWSE,6591,動力-KY,43.5,43.75,42.5,42.85,229530.0
2026-08-21,TWSE,6592,和潤企業,60.4,60.7,60.1,60.3,302865.0
2026-08-21,TWSE,6598,ABC-KY,27.55,28.35,27.55,27.95,151586.0
2026-08-21,TWSE,6605,帝寶,141.0,142.0,140.0,141.0,239202.0
2026-08-21,TWSE,6606,建德工業,26.25,26.45,25.95,26.0,130550.0
2026-08-21,TWSE,6614,資拓宏宇,35.8,36.0,35.5,36.0,21102.0
2026-08-21,TWSE,6625,必應,77.6,77.6,76.6,76.6,58478.0
2026-08-21,TWSE,6641,基士德-KY,18.35,18.35,18.05,18.1,36030.0
2026-08-21,TWSE,6645,金萬林-創,13.0,13.25,12.9,12.9,10674.0
2026-08-21,TWSE,6655,科定,114.0,116.0,114.0,116.0,3053.0
2026-08-21,TWSE,6657,華安,30.3,30.7,30.0,30.25,69031.0
2026-08-21,TWSE,6658,聯策,159.0,165.5,157.5,164.0,274859.0
2026-08-21,TWSE,6666,羅麗芬-KY,40.9,42.45,40.9,41.75,45063.0
2026-08-21,TWSE,6668,中揚光,36.25,37.2,36.05,36.2,467835.0
2026-08-21,TWSE,6669,緯穎,6435.0,6475.0,6245.0,6325.0,955211.0
2026-08-21,TWSE,6670,復盛應用,267.0,268.5,265.5,265.5,62176.0
2026-08-21,TWSE,6671,三能-KY,23.3,23.55,23.3,23.5,84238.0
2026-08-21,TWSE,6672,騰輝電子-KY,289.0,292.0,280.0,287.5,5170899.0
2026-08-21,TWSE,6674,鋐寶科技,15.0,16.1,15.0,16.1,156404.0
2026-08-21,TWSE,6689,伊雲谷,60.8,61.2,60.4,61.2,29646.0
2026-08-21,TWSE,6691,洋基工程,635.0,641.0,604.0,610.0,1729529.0
2026-08-21,TWSE,6695,芯鼎,48.15,49.25,47.8,48.15,252350.0
2026-08-21,TWSE,6698,旭暉應材,31.5,32.0,30.8,32.0,99608.0
2026-08-21,TWSE,6706,惠特,116.5,118.5,114.0,117.0,900621.0
2026-08-21,TWSE,6715,嘉基,472.0,492.0,452.5,492.0,3323695.0
2026-08-21,TWSE,6719,力智,198.0,199.5,191.5,194.0,666217.0
2026-08-21,TWSE,6722,輝創,32.0,32.3,31.8,32.3,25124.0
2026-08-21,TWSE,6742,澤米,43.2,44.05,43.2,43.7,161030.0
2026-08-21,TWSE,6743,安普新,24.9,25.1,24.75,25.1,73412.0
2026-08-21,TWSE,6753,龍德造船,143.5,152.0,142.5,144.0,3059325.0
2026-08-21,TWSE,6754,匯僑設計,41.9,41.9,41.55,41.75,4150.0
2026-08-21,TWSE,6756,威鋒電子,96.5,97.4,94.7,97.2,81805.0
2026-08-21,TWSE,6757,台灣虎航,57.4,57.4,56.3,56.3,838844.0
2026-08-21,TWSE,6768,志強-KY,64.5,65.4,63.3,65.2,647272.0
2026-08-21,TWSE,6770,力積電,68.1,69.5,66.2,67.3,165662077.0
2026-08-21,TWSE,6771,平和環保-創,41.9,42.15,41.5,41.9,104300.0
2026-08-21,TWSE,6776,展碁國際,53.7,53.8,53.2,53.2,27549.0
2026-08-21,TWSE,6781,AES-KY,1075.0,1095.0,1050.0,1075.0,432765.0
2026-08-21,TWSE,6782,視陽,206.0,209.0,203.0,204.0,116466.0
2026-08-21,TWSE,6789,采鈺,429.5,434.0,421.5,427.5,538894.0
2026-08-21,TWSE,6790,永豐實,37.9,38.5,37.9,38.5,151041.0
2026-08-21,TWSE,6792,詠業,57.6,59.5,57.5,59.0,52045.0
2026-08-21,TWSE,6794,向榮生技,68.8,70.8,68.0,70.8,33000.0
2026-08-21,TWSE,6796,晉弘,60.2,62.9,60.2,62.5,124013.0
2026-08-21,TWSE,6799,來頡,79.7,79.7,78.2,79.2,149111.0
2026-08-21,TWSE,6805,富世達,1800.0,1875.0,1750.0,1850.0,1662518.0
2026-08-21,TWSE,6807,峰源-KY,38.0,38.45,37.15,38.2,6050.0
2026-08-21,TWSE,6830,汎銓,414.0,422.5,406.0,420.0,882898.0
2026-08-21,TWSE,6831,邁科,610.0,615.0,580.0,602.0,1307836.0
2026-08-21,TWSE,6834,天二科技,98.8,99.6,92.3,93.5,2732888.0
2026-08-21,TWSE,6835,圓裕,31.5,31.5,30.7,31.0,9004.0
2026-08-21,TWSE,6838,台新藥,22.8,23.2,22.5,23.1,62482.0
2026-08-21,TWSE,6854,錼創科技-KY創,90.3,92.5,90.3,92.4,67989.0
2026-08-21,TWSE,6861,睿生光電,194.0,197.0,191.5,196.5,200125.0
2026-08-21,TWSE,6862,三集瑞-KY,141.5,141.5,137.0,137.0,84151.0
2026-08-21,TWSE,6863,永道-KY,112.0,113.5,111.0,113.5,149411.0
2026-08-21,TWSE,6869,雲豹能源,65.6,67.2,64.5,67.2,543426.0
2026-08-21,TWSE,6873,泓德能源,69.0,69.6,67.7,69.5,350322.0
2026-08-21,TWSE,6885,全福生技,20.45,20.6,20.3,20.55,160256.0
2026-08-21,TWSE,6887,寶綠特-KY,37.0,38.3,36.05,36.05,51089.0
2026-08-21,TWSE,6890,來億-KY,163.0,166.0,163.0,164.0,164435.0
2026-08-21,TWSE,6901,鑽石投資,16.5,16.95,16.5,16.8,2046720.0
2026-08-21,TWSE,6902,GOGOLOOK,130.5,130.5,125.0,126.5,85327.0
2026-08-21,TWSE,6906,現觀科,71.0,72.5,71.0,72.0,24976.0
2026-08-21,TWSE,6908,宏碁遊戲-創,30.3,30.85,30.3,30.85,9302.0
2026-08-21,TWSE,6909,創控,39.45,40.4,39.45,40.4,143040.0
2026-08-21,TWSE,6914,阜爾運通,150.0,150.0,148.5,148.5,98571.0
2026-08-21,TWSE,6916,華凌,18.65,19.0,18.6,19.0,18148.0
2026-08-21,TWSE,6918,愛派司,74.0,74.3,74.0,74.0,18232.0
2026-08-21,TWSE,6919,康霈*,106.5,109.5,104.5,109.0,6035299.0
2026-08-21,TWSE,6921,嘉雨思-創,68.5,69.7,68.1,69.7,20000.0
2026-08-21,TWSE,6923,中台,76.0,77.7,76.0,77.4,160785.0
2026-08-21,TWSE,6924,榮惠-KY創,112.0,121.0,112.0,119.5,53505.0
2026-08-21,TWSE,6928,攸泰科技,48.0,48.9,47.55,48.0,61635.0
2026-08-21,TWSE,6931,青松健康,41.4,41.45,41.0,41.4,54231.0
2026-08-21,TWSE,6933,AMAX-KY,195.0,195.0,188.5,193.0,254641.0
2026-08-21,TWSE,6934,心誠鎂,71.9,73.4,71.9,72.2,9003.0
2026-08-21,TWSE,6936,永鴻生技,32.5,32.5,32.2,32.45,9112.0
2026-08-21,TWSE,6937,天虹,272.0,272.0,261.5,267.0,166635.0
2026-08-21,TWSE,6944,兆聯實業,734.0,741.0,713.0,715.0,249239.0
2026-08-21,TWSE,6947,台鎔科技,70.9,72.0,70.9,71.0,103181.0
2026-08-21,TWSE,6949,沛爾生醫-創,1105.0,1130.0,1075.0,1125.0,283744.0
2026-08-21,TWSE,6951,青新-創,71.4,72.0,71.4,71.7,5676.0
2026-08-21,TWSE,6952,大武山,36.2,37.6,36.2,37.15,11050.0
2026-08-21,TWSE,6955,邦睿生技-創,120.0,121.0,119.5,119.5,5105.0
2026-08-21,TWSE,6957,裕慶-KY,216.0,218.0,214.5,215.5,38942.0
2026-08-21,TWSE,6958,日盛台駿,17.3,17.8,17.25,17.6,64636.0
2026-08-21,TWSE,6962,奕力-KY,31.0,31.25,30.55,31.0,1672524.0
2026-08-21,TWSE,6965,中傑-KY,72.9,74.1,72.6,73.9,31347.0
2026-08-21,TWSE,6969,成信實業*-創,33.5,35.55,33.0,34.7,305907.0
2026-08-21,TWSE,6988,威力暘-創,12.05,12.05,11.85,11.85,24000.0
2026-08-21,TWSE,6994,富威電力,35.2,35.3,34.6,35.0,315789.0
2026-08-21,TWSE,7610,聯友金屬-創,1670.0,1690.0,1515.0,1535.0,743581.0
2026-08-21,TWSE,7631,聚賢研發-創,145.5,146.0,143.0,146.0,26650.0
2026-08-21,TWSE,7689,大鵬科CLMX,172.0,174.5,171.5,173.0,68171.0
2026-08-21,TWSE,7705,三商餐飲,30.7,31.0,30.7,30.85,16523.0
2026-08-21,TWSE,7711,永擎,490.0,492.0,447.0,454.0,1880171.0
2026-08-21,TWSE,7721,微程式,62.2,62.2,60.8,61.1,99103.0
2026-08-21,TWSE,7722,LINEPAY,276.0,283.0,274.0,281.5,82215.0
2026-08-21,TWSE,7730,暉盛-創,164.5,168.5,163.5,163.5,59170.0
2026-08-21,TWSE,7732,金興精密,34.25,34.3,33.95,34.3,7043.0
2026-08-21,TWSE,7736,虎山,70.3,71.0,70.3,70.8,24375.0
2026-08-21,TWSE,7740,熙特爾-創,142.0,143.0,141.0,141.0,75893.0
2026-08-21,TWSE,7749,意騰-KY,339.0,339.0,330.0,336.5,81436.0
2026-08-21,TWSE,7750,新代,2525.0,2565.0,2420.0,2460.0,639442.0
2026-08-21,TWSE,7760,享溫馨,33.2,33.5,32.8,33.2,31069.0
2026-08-21,TWSE,7765,中華資安,222.5,226.5,222.5,225.0,24771.0
2026-08-21,TWSE,7768,頌勝科技,305.0,317.0,295.0,296.0,307135.0
2026-08-21,TWSE,7769,鴻勁,6645.0,6645.0,6280.0,6455.0,420025.0
2026-08-21,TWSE,7780,大研生醫*,16.6,16.95,16.6,16.85,923374.0
2026-08-21,TWSE,7786,東方風能,123.5,124.5,123.0,123.0,120418.0
2026-08-21,TWSE,7788,松川精密,277.5,279.0,250.0,256.0,2362932.0
2026-08-21,TWSE,7791,皇家可口,57.0,57.2,56.8,57.2,22194.0
2026-08-21,TWSE,7795,長廣,554.0,554.0,536.0,552.0,272620.0
2026-08-21,TWSE,7799,禾榮科,348.5,379.5,348.0,379.5,737333.0
2026-08-21,TWSE,7803,雲象科技-創,19.0,19.15,18.1,19.15,51055.0
2026-08-21,TWSE,7818,溢泰實業,62.0,62.4,61.8,62.4,37085.0
2026-08-21,TWSE,7821,神數,38.8,39.3,38.7,39.1,38219.0
2026-08-21,TWSE,7822,倍利科,927.0,962.0,918.0,938.0,563753.0
2026-08-21,TWSE,7823,奧義賽博-KY創,84.0,84.0,81.8,84.0,40906.0
2026-08-21,TWSE,7827,漢康-KY創,155.0,159.5,155.0,159.5,342667.0
2026-08-21,TWSE,7835,永悅健康-創,20.95,21.0,20.7,20.7,18500.0
2026-08-21,TWSE,7855,和運租車,43.3,43.4,43.25,43.35,987094.0
2026-08-21,TWSE,8011,台通,15.95,16.05,15.75,15.9,235748.0
2026-08-21,TWSE,8016,矽創,299.0,301.0,287.0,291.5,1904811.0
2026-08-21,TWSE,8021,尖點,402.5,418.5,401.0,408.5,4979209.0
2026-08-21,TWSE,8028,昇陽半導體,250.0,251.0,243.0,247.0,1529198.0
2026-08-21,TWSE,8033,雷虎,190.0,193.5,186.5,187.5,976656.0
2026-08-21,TWSE,8039,台虹,286.0,298.5,271.5,283.0,43646872.0
2026-08-21,TWSE,8045,達運光電,51.6,53.4,51.4,53.2,237443.0
2026-08-21,TWSE,8046,南電,1225.0,1235.0,1155.0,1195.0,9650795.0
2026-08-21,TWSE,8070,長華*,52.3,52.7,48.85,50.2,10682175.0
2026-08-21,TWSE,8072,陞泰,26.55,26.55,26.25,26.35,45826.0
2026-08-21,TWSE,8081,致新,258.5,261.0,253.5,259.0,486285.0
2026-08-21,TWSE,8101,華冠,11.9,12.1,11.7,12.1,60113.0
2026-08-21,TWSE,8103,瀚荃,83.8,91.9,83.8,91.9,4045360.0
2026-08-21,TWSE,8104,錸寶,31.0,31.0,30.45,30.9,190897.0
2026-08-21,TWSE,8110,華東,44.4,45.25,43.6,44.35,3711573.0
2026-08-21,TWSE,8112,至上,91.8,93.8,90.4,93.7,10851249.0
2026-08-21,TWSE,8114,振樺電,198.5,201.0,195.5,198.5,414187.0
2026-08-21,TWSE,8131,福懋科,62.0,63.8,61.5,62.8,2340208.0
2026-08-21,TWSE,8150,南茂,88.0,89.5,85.8,87.9,19506572.0
2026-08-21,TWSE,8162,微矽電子-創,57.4,58.8,56.3,58.8,82250.0
2026-08-21,TWSE,8163,達方,31.25,31.55,31.0,31.15,561139.0
2026-08-21,TWSE,8201,無敵,12.05,12.1,11.85,12.0,19113.0
2026-08-21,TWSE,8210,勤誠,998.0,998.0,960.0,964.0,1460396.0
2026-08-21,TWSE,8213,志超,32.55,33.05,32.55,32.75,242936.0
2026-08-21,TWSE,8215,明基材,24.05,24.2,23.9,24.2,206257.0
2026-08-21,TWSE,8222,寶一,39.45,40.95,39.2,39.6,1093288.0
2026-08-21,TWSE,8249,菱光,40.4,40.55,40.05,40.5,168654.0
2026-08-21,TWSE,8261,富鼎,186.0,189.5,176.0,179.5,6603898.0
2026-08-21,TWSE,8271,宇瞻,223.5,233.0,221.5,233.0,5119447.0
2026-08-21,TWSE,8341,日友,76.4,76.6,76.1,76.6,132974.0
2026-08-21,TWSE,8367,建新國際,40.15,40.6,40.15,40.5,9018.0
2026-08-21,TWSE,8374,羅昇,85.8,88.2,83.1,83.1,968787.0
2026-08-21,TWSE,8404,百和興業-KY,16.25,16.5,16.15,16.15,253579.0
2026-08-21,TWSE,8411,福貞-KY,12.8,12.95,12.75,12.95,63121.0
2026-08-21,TWSE,8422,可寧衛*,27.0,27.2,26.5,27.1,6360439.0
2026-08-21,TWSE,8429,金麗-KY,5.99,6.03,5.99,6.03,59048.0
2026-08-21,TWSE,8438,昶昕,67.4,67.4,64.7,66.2,243536.0
2026-08-21,TWSE,8442,威宏-KY,44.3,46.0,44.3,45.9,90314.0
2026-08-21,TWSE,8443,阿瘦,11.4,11.45,11.15,11.45,41353.0
2026-08-21,TWSE,8454,富邦媒,263.5,263.5,254.0,254.0,414737.0
2026-08-21,TWSE,8462,柏文,176.0,177.0,174.0,176.0,61578.0
2026-08-21,TWSE,8463,潤泰材,21.25,21.35,21.1,21.35,24000.0
2026-08-21,TWSE,8464,億豐,368.5,374.5,367.5,374.5,405983.0
2026-08-21,TWSE,8466,美吉吉-KY,15.85,15.85,15.8,15.85,6000.0
2026-08-21,TWSE,8467,波力-KY,96.2,97.0,95.5,97.0,28150.0
2026-08-21,TWSE,8473,山林水,45.45,45.55,45.15,45.25,276163.0
2026-08-21,TWSE,8476,台境*,19.9,20.15,19.9,20.0,235839.0
2026-08-21,TWSE,8478,東哥遊艇,141.0,144.5,140.0,142.0,178680.0
2026-08-21,TWSE,8481,政伸,41.25,41.25,40.5,40.7,25000.0
2026-08-21,TWSE,8482,商億-KY,48.65,48.7,48.65,48.7,2070.0
2026-08-21,TWSE,8487,愛爾達-創,71.0,71.0,70.4,70.6,28798.0
2026-08-21,TWSE,8488,吉源-KY,9.95,9.95,9.92,9.92,4000.0
2026-08-21,TWSE,8499,鼎炫-KY,267.0,269.0,262.5,264.5,24551.0
2026-08-21,TWSE,8926,台汽電,56.2,56.9,56.0,56.8,1709821.0
2026-08-21,TWSE,8940,新天地,15.3,15.3,15.1,15.25,47626.0
2026-08-21,TWSE,8996,高力,1180.0,1185.0,1090.0,1135.0,2441302.0
2026-08-21,TWSE,9103,美德醫療-DR,5.24,5.31,5.19,5.21,966510.0
2026-08-21,TWSE,9105,泰金寶-DR,8.54,8.59,8.35,8.35,12600372.0
2026-08-21,TWSE,9110,越南控-DR,3.11,3.11,3.11,3.11,2000.0
2026-08-21,TWSE,9136,巨騰-DR,11.75,12.0,10.8,11.15,1394415.0
2026-08-21,TWSE,9802,鈺齊-KY,70.5,71.7,70.5,71.3,282464.0
2026-08-21,TWSE,9902,台火,14.0,14.0,13.65,13.7,127615.0
2026-08-21,TWSE,9904,寶成,24.85,25.15,24.85,25.05,20672948.0
2026-08-21,TWSE,9905,大華,21.3,21.5,21.3,21.5,90833.0
2026-08-21,TWSE,9906,欣巴巴,38.2,39.9,38.2,39.25,54293.0
2026-08-21,TWSE,9907,統一實,15.05,15.25,15.05,15.2,2222596.0
2026-08-21,TWSE,9908,大台北,29.05,29.2,29.0,29.15,105031.0
2026-08-21,TWSE,9910,豐泰,69.5,70.7,69.4,70.4,1139890.0
2026-08-21,TWSE,9911,櫻花,82.1,83.4,82.1,83.1,291417.0
2026-08-21,TWSE,9912,偉聯,12.8,12.95,12.8,12.95,74783.0
2026-08-21,TWSE,9914,美利達,88.9,95.3,86.5,87.8,7065808.0
2026-08-21,TWSE,9917,中保科,108.5,110.0,108.5,110.0,373520.0
2026-08-21,TWSE,9918,欣天然,42.85,42.9,42.8,42.8,5663.0
2026-08-21,TWSE,9919,康那香,13.9,13.95,13.85,13.9,103383.0
2026-08-21,TWSE,9921,巨大,105.5,108.0,104.0,106.0,4657242.0
2026-08-21,TWSE,9924,福興,38.4,38.7,38.35,38.65,373780.0
2026-08-21,TWSE,9925,新保,40.2,40.3,40.0,40.15,562562.0
2026-08-21,TWSE,9926,新海,48.85,49.05,48.7,49.05,12109.0
2026-08-21,TWSE,9927,泰銘,68.6,69.4,68.6,69.4,100254.0
2026-08-21,TWSE,9928,中視,18.55,18.55,18.25,18.5,59245.0
2026-08-21,TWSE,9929,秋雨,10.9,11.2,10.65,11.2,11100.0
2026-08-21,TWSE,9930,中聯資源,63.1,64.2,63.1,63.6,113645.0
2026-08-21,TWSE,9931,欣高,33.9,34.0,33.7,34.0,14096.0
2026-08-21,TWSE,9933,中鼎,41.4,42.5,41.4,42.5,2142491.0
2026-08-21,TWSE,9934,成霖,11.4,11.5,11.3,11.4,861962.0
2026-08-21,TWSE,9935,慶豐富,20.7,20.7,20.2,20.25,372252.0
2026-08-21,TWSE,9937,全國,54.9,55.2,54.9,55.2,22428.0
2026-08-21,TWSE,9938,百和,42.15,42.45,42.1,42.4,759044.0
2026-08-21,TWSE,9939,宏全,131.0,132.5,131.0,132.0,696603.0
2026-08-21,TWSE,9940,信義,20.6,20.85,20.6,20.8,121544.0
2026-08-21,TWSE,9941,裕融,85.2,85.9,84.9,85.4,588311.0
2026-08-21,TWSE,9942,茂順,114.0,116.0,114.0,114.5,56591.0
2026-08-21,TWSE,9943,好樂迪,51.0,51.2,51.0,51.2,50622.0
2026-08-21,TWSE,9944,新麗,17.4,17.5,17.4,17.5,20025.0
2026-08-21,TWSE,9945,潤泰新,29.95,30.2,29.7,29.85,4993004.0
2026-08-21,TWSE,9946,三發地產,18.85,19.25,18.85,19.05,299189.0
2026-08-21,TWSE,9955,佳龍,25.3,25.45,24.8,24.85,362802.0
2026-08-21,TWSE,9958,世紀鋼,100.0,101.5,99.9,101.0,1454551.0
2026-08-21,TPEX,1240,茂生農經,56.9,57.0,56.9,57.0,6230.0
2026-08-21,TPEX,1259,安心,64.3,65.1,63.7,65.0,136317.0
2026-08-21,TPEX,1264,德麥,256.0,256.5,255.0,255.0,29581.0
2026-08-21,TPEX,1268,漢來美食,181.5,181.5,179.5,180.0,13888.0
2026-08-21,TPEX,1294,漢田生技,55.5,56.4,55.5,56.0,5376.0
2026-08-21,TPEX,1295,生合,45.6,45.7,45.45,45.55,43557.0
2026-08-21,TPEX,1336,台翰,17.35,17.4,16.9,16.9,239282.0
2026-08-21,TPEX,1565,精華,94.8,95.0,94.5,95.0,24846.0
2026-08-21,TPEX,1569,濱川,43.1,45.05,43.1,44.85,280004.0
2026-08-21,TPEX,1570,力肯,33.05,33.5,33.0,33.45,12221.0
2026-08-21,TPEX,1580,新麥,108.0,108.0,107.0,107.0,43988.0
2026-08-21,TPEX,1584,精剛,17.85,18.2,17.85,18.2,247926.0
2026-08-21,TPEX,1586,和勤,18.2,18.3,18.05,18.1,314100.0
2026-08-21,TPEX,1591,駿吉-KY,36.0,36.6,35.75,36.3,124951.0
2026-08-21,TPEX,1593,祺驊,32.4,32.4,31.8,31.9,20052.0
2026-08-21,TPEX,1595,川寶,62.9,63.0,61.6,62.8,89046.0
2026-08-21,TPEX,1599,宏佳騰,23.15,23.35,23.05,23.05,22494.0
2026-08-21,TPEX,1742,台蠟,17.95,18.15,17.45,17.8,99050.0
2026-08-21,TPEX,1777,生泰,74.0,74.5,73.5,74.1,32105.0
2026-08-21,TPEX,1780,立弘,24.8,25.1,24.1,25.1,108450.0
2026-08-21,TPEX,1781,合世,10.9,10.95,10.85,10.9,14404.0
2026-08-21,TPEX,1784,訊聯,61.0,61.6,61.0,61.4,29381.0
2026-08-21,TPEX,1785,光洋科,104.0,104.0,100.5,101.0,2974122.0
2026-08-21,TPEX,1788,杏昌,129.5,130.0,129.5,130.0,7740.0
2026-08-21,TPEX,1796,金穎生技,29.35,30.2,29.35,29.7,36500.0
2026-08-21,TPEX,1799,易威,30.05,30.3,29.95,30.2,63676.0
2026-08-21,TPEX,1813,寶利徠,11.45,11.5,11.4,11.5,13611.0
2026-08-21,TPEX,1815,富喬,107.0,112.5,105.0,112.0,121035856.0
2026-08-21,TPEX,2035,唐榮,27.25,27.75,27.25,27.5,15002.0
2026-08-21,TPEX,2061,風青,49.35,52.4,49.05,50.1,1725151.0
2026-08-21,TPEX,2063,世鎧,24.3,24.35,24.1,24.35,27900.0
2026-08-21,TPEX,2064,晉椿,12.5,12.5,12.5,12.5,1000.0
2026-08-21,TPEX,2065,世豐,36.25,36.35,35.9,36.1,27416.0
2026-08-21,TPEX,2066,世德,55.9,55.9,53.8,54.3,110790.0
2026-08-21,TPEX,2067,嘉鋼,5.48,5.49,5.27,5.46,87889.0
2026-08-21,TPEX,2070,精湛,70.5,70.5,67.8,68.8,369722.0
2026-08-21,TPEX,2073,雄順,25.05,26.3,25.05,26.3,4000.0
2026-08-21,TPEX,2221,大甲,54.5,57.9,54.3,57.6,493565.0
2026-08-21,TPEX,2230,泰茂,24.05,24.05,23.0,23.0,104672.0
2026-08-21,TPEX,2235,謚源,27.05,27.05,27.05,27.05,2000.0
2026-08-21,TPEX,2596,綠意,33.8,33.9,33.6,33.75,64740.0
2026-08-21,TPEX,2640,大車隊,155.0,155.5,155.0,155.5,22269.0
2026-08-21,TPEX,2641,正德,18.35,19.1,18.3,18.95,13943732.0
2026-08-21,TPEX,2643,捷迅,62.0,64.5,61.8,63.0,41642.0
2026-08-21,TPEX,2718,全心投控,50.0,50.1,49.7,49.75,34329.0
2026-08-21,TPEX,2719,燦星旅,20.9,20.9,20.35,20.75,57311.0
2026-08-21,TPEX,2724,藝舍-KY,10.75,10.75,10.7,10.7,159040.0
2026-08-21,TPEX,2726,雅茗-KY,8.41,8.51,8.33,8.45,62250.0
2026-08-21,TPEX,2729,瓦城,160.0,161.5,160.0,161.0,28493.0
2026-08-21,TPEX,2732,六角,64.0,64.5,64.0,64.5,10804.0
2026-08-21,TPEX,2734,易飛網,15.0,15.1,14.9,14.95,65046.0
2026-08-21,TPEX,2736,富野,11.6,12.4,11.6,11.9,408840.0
2026-08-21,TPEX,2740,華軒,29.95,30.6,29.95,30.6,2637.0
2026-08-21,TPEX,2743,山富,57.9,59.0,57.9,58.7,107334.0
2026-08-21,TPEX,2745,五福,89.5,90.3,88.8,89.7,190217.0
2026-08-21,TPEX,2751,王座,54.0,54.3,54.0,54.3,2034.0
2026-08-21,TPEX,2752,豆府,179.0,179.0,178.5,179.0,4493.0
2026-08-21,TPEX,2754,亞洲藏壽司,68.7,71.2,68.5,70.2,29478.0
2026-08-21,TPEX,2755,揚秦,101.5,102.5,101.0,102.5,31388.0
2026-08-21,TPEX,2756,聯發國際,61.4,62.7,60.9,62.0,16310.0
2026-08-21,TPEX,2916,滿心,40.25,40.3,40.25,40.25,4246.0
2026-08-21,TPEX,2924,宏太-KY,17.35,17.35,17.35,17.35,1000.0
2026-08-21,TPEX,2926,誠品生活,30.3,30.6,30.0,30.0,10030.0
2026-08-21,TPEX,2937,集雅社,47.55,48.25,47.55,48.25,5113.0
2026-08-21,TPEX,2941,米斯特,29.8,29.8,29.8,29.8,1542.0
2026-08-21,TPEX,2947,振宇五金,62.5,62.5,62.2,62.3,13878.0
2026-08-21,TPEX,2948,寶陞,37.0,38.0,37.0,38.0,6106.0
2026-08-21,TPEX,2949,欣新網,59.1,60.0,59.1,59.2,3388.0
2026-08-21,TPEX,3064,泰偉,,,,,4.0
2026-08-21,TPEX,3066,李洲,23.6,23.7,23.25,23.7,342746.0
2026-08-21,TPEX,3067,全域,17.3,17.3,17.3,17.3,9000.0
2026-08-21,TPEX,3071,協禧,24.4,24.65,24.1,24.65,90075.0
2026-08-21,TPEX,3073,天方能源,22.9,22.95,22.6,22.8,21196.0
2026-08-21,TPEX,3078,僑威,53.9,54.5,53.5,54.5,715798.0
2026-08-21,TPEX,3081,聯亞,2845.0,2920.0,2760.0,2920.0,5068754.0
2026-08-21,TPEX,3083,網龍,23.5,23.5,23.3,23.4,25038.0
2026-08-21,TPEX,3085,新零售,11.25,12.0,11.0,12.0,11383.0
2026-08-21,TPEX,3086,華義*,27.0,27.0,26.4,26.7,58252.0
2026-08-21,TPEX,3088,艾訊,125.0,125.0,123.0,124.0,439996.0
2026-08-21,TPEX,3093,港建*,47.15,47.2,45.5,45.9,273327.0
2026-08-21,TPEX,3095,及成,36.6,36.6,36.55,36.55,3446.0
2026-08-21,TPEX,3105,穩懋,377.0,385.5,365.5,373.0,22049298.0
2026-08-21,TPEX,3114,好德,32.05,32.95,31.95,32.75,134176.0
2026-08-21,TPEX,3115,富榮綱,9.29,9.29,8.66,9.09,8009.0
2026-08-21,TPEX,3118,進階,31.5,31.5,31.5,31.5,1125.0
2026-08-21,TPEX,3122,笙泉,25.3,25.5,25.25,25.5,30654.0
2026-08-21,TPEX,3128,昇銳,22.2,22.4,22.1,22.25,54925.0
2026-08-21,TPEX,3131,弘塑,2300.0,2350.0,2275.0,2310.0,225011.0
2026-08-21,TPEX,3141,晶宏,71.0,71.5,70.0,70.5,246505.0
2026-08-21,TPEX,3147,大綜,220.0,224.5,217.0,217.0,461495.0
2026-08-21,TPEX,3152,璟德,235.0,256.5,234.0,256.5,784902.0
2026-08-21,TPEX,3158,嘉實,83.8,83.8,82.8,82.8,8183.0
2026-08-21,TPEX,3162,精確,62.1,62.2,61.0,61.4,275694.0
2026-08-21,TPEX,3163,波若威,734.0,783.0,725.0,783.0,2920225.0
2026-08-21,TPEX,3169,亞信,99.2,101.5,99.2,101.5,66272.0
2026-08-21,TPEX,3171,炎洲流通,63.3,63.9,62.9,63.0,45225.0
2026-08-21,TPEX,3176,基亞,36.0,37.75,35.75,37.2,1842916.0
2026-08-21,TPEX,3178,公準,58.9,61.3,58.0,61.2,96909.0
2026-08-21,TPEX,3188,鑫龍騰,24.2,24.25,24.0,24.15,154780.0
2026-08-21,TPEX,3191,雲嘉南,17.45,17.9,17.45,17.9,24029.0
2026-08-21,TPEX,3205,佰研,48.55,49.2,48.2,48.2,37319.0
2026-08-21,TPEX,3206,志豐,35.0,35.0,34.2,34.2,2181.0
2026-08-21,TPEX,3207,耀勝,41.95,42.0,41.25,41.45,102525.0
2026-08-21,TPEX,3211,順達,358.0,359.0,348.0,350.5,5168850.0
2026-08-21,TPEX,3213,茂訊,131.5,131.5,127.5,128.0,333466.0
2026-08-21,TPEX,3217,優群,137.0,137.5,135.5,137.0,416623.0
2026-08-21,TPEX,3218,大學光,138.5,139.5,136.5,137.0,136013.0
2026-08-21,TPEX,3219,倚強科,69.4,71.9,69.0,71.6,200064.0
2026-08-21,TPEX,3221,台嘉碩,47.9,51.3,47.9,48.85,7235485.0
2026-08-21,TPEX,3224,三顧,34.7,34.7,34.1,34.1,13001.0
2026-08-21,TPEX,3226,龍鋒,51.5,52.6,51.5,52.6,26000.0
2026-08-21,TPEX,3227,原相,198.5,199.0,194.5,195.0,867374.0
2026-08-21,TPEX,3228,金麗科,141.0,141.5,139.0,141.0,95403.0
2026-08-21,TPEX,3230,錦明,41.65,45.35,41.3,43.25,1424807.0
2026-08-21,TPEX,3232,昱捷,19.95,19.95,19.7,19.9,4061.0
2026-08-21,TPEX,3234,光環,150.0,152.5,141.5,151.0,3700112.0
2026-08-21,TPEX,3236,千如,44.6,45.55,43.95,44.0,1797806.0
2026-08-21,TPEX,3252,海灣,16.6,16.6,16.3,16.3,67040.0
2026-08-21,TPEX,3259,鑫創,10.25,10.35,9.81,9.81,102287.0
2026-08-21,TPEX,3260,威剛,400.5,422.5,399.0,422.5,21407025.0
2026-08-21,TPEX,3264,欣銓,206.5,206.5,202.0,203.0,2748837.0
2026-08-21,TPEX,3265,台星科,174.5,176.0,167.0,167.5,1826764.0
2026-08-21,TPEX,3268,海德威,18.0,18.35,17.7,17.85,36173.0
2026-08-21,TPEX,3272,東碩,13.9,14.05,13.75,14.0,48301.0
2026-08-21,TPEX,3276,宇環,14.5,14.5,14.25,14.35,80132.0
2026-08-21,TPEX,3284,太普高,20.55,20.8,20.35,20.75,53876.0
2026-08-21,TPEX,3285,微端,37.1,37.75,36.55,36.8,18914.0
2026-08-21,TPEX,3287,廣寰科,37.5,37.9,36.85,37.75,235973.0
2026-08-21,TPEX,3288,點晶,20.8,22.5,20.55,21.35,32320.0
2026-08-21,TPEX,3289,宜特,138.5,138.5,134.5,134.5,372361.0
2026-08-21,TPEX,3290,東浦,50.7,50.7,50.0,50.5,207567.0
2026-08-21,TPEX,3293,鈊象,758.0,763.0,725.0,732.0,3723845.0
2026-08-21,TPEX,3294,英濟,30.35,30.55,30.2,30.5,97552.0
2026-08-21,TPEX,3297,杭特,27.0,27.05,26.85,27.05,17420.0
2026-08-21,TPEX,3303,岱稜,53.9,54.3,53.5,53.7,229889.0
2026-08-21,TPEX,3306,鼎天,44.65,45.0,44.3,44.75,32279.0
2026-08-21,TPEX,3310,佳穎,69.4,69.4,69.3,69.3,2050.0
2026-08-21,TPEX,3313,斐成,10.25,10.4,10.2,10.3,102748.0
2026-08-21,TPEX,3317,尼克森,66.5,67.5,65.5,65.5,415801.0
2026-08-21,TPEX,3322,建舜電,11.15,11.35,11.1,11.2,163583.0
2026-08-21,TPEX,3323,加百裕,29.75,29.9,29.3,29.9,96709.0
2026-08-21,TPEX,3324,雙鴻,987.0,991.0,965.0,969.0,1195617.0
2026-08-21,TPEX,3325,旭品,11.4,11.4,11.2,11.3,103966.0
2026-08-21,TPEX,3332,幸康,60.9,62.0,60.6,62.0,8015.0
2026-08-21,TPEX,3339,泰谷,37.65,39.35,37.65,38.15,804619.0
2026-08-21,TPEX,3349,寶德,23.8,24.7,23.4,24.2,157348.0
2026-08-21,TPEX,3354,律勝,20.9,20.95,20.25,20.3,58335.0
2026-08-21,TPEX,3357,臺慶科,213.0,217.0,210.5,210.5,801753.0
2026-08-21,TPEX,3360,尚立,15.75,15.8,15.45,15.7,242944.0
2026-08-21,TPEX,3362,先進光,186.0,200.0,180.0,194.5,9216610.0
2026-08-21,TPEX,3363,上詮,610.0,616.0,598.0,600.0,1981044.0
2026-08-21,TPEX,3372,典範,14.9,15.3,14.9,15.1,218668.0
2026-08-21,TPEX,3373,熱映,16.55,16.75,16.55,16.75,17012.0
2026-08-21,TPEX,3374,精材,304.0,316.0,298.5,306.5,14028481.0
2026-08-21,TPEX,3379,彬台,29.2,29.2,28.75,28.85,58152.0
2026-08-21,TPEX,3388,崇越電,94.0,94.0,90.1,91.3,2207788.0
2026-08-21,TPEX,3390,旭軟,21.55,21.7,21.4,21.65,176704.0
2026-08-21,TPEX,3402,漢科,121.5,122.0,119.5,120.0,229430.0
2026-08-21,TPEX,3430,奇鈦科,119.5,122.0,116.0,116.5,470438.0
2026-08-21,TPEX,3434,哲固,30.8,31.2,30.8,31.1,46011.0
2026-08-21,TPEX,3438,類比科,57.5,57.9,56.2,56.7,65374.0
2026-08-21,TPEX,3441,聯一光,102.0,107.0,95.5,107.0,48814690.0
2026-08-21,TPEX,3444,利機,80.0,81.0,78.1,79.8,221016.0
2026-08-21,TPEX,3455,由田,239.0,241.5,234.5,235.5,860620.0
2026-08-21,TPEX,3465,進泰電子,29.4,29.6,29.35,29.4,20100.0
2026-08-21,TPEX,3466,德晉,24.5,24.6,24.35,24.5,24104.0
2026-08-21,TPEX,3467,台灣精材,45.5,46.45,45.5,46.35,10775.0
2026-08-21,TPEX,3479,安勤,131.5,131.5,127.5,127.5,436420.0
2026-08-21,TPEX,3483,力致,72.4,72.9,70.2,70.6,344938.0
2026-08-21,TPEX,3484,崧騰,50.5,51.1,49.9,49.9,312276.0
2026-08-21,TPEX,3485,敘豐,223.5,244.0,217.0,235.5,808018.0
2026-08-21,TPEX,3489,森寶,22.25,22.45,21.55,22.2,313055.0
2026-08-21,TPEX,3490,單井,50.1,53.9,50.1,53.9,3538858.0
2026-08-21,TPEX,3491,昇達科,1285.0,1345.0,1250.0,1280.0,1546497.0
2026-08-21,TPEX,3492,長盛,20.1,20.25,20.0,20.25,90158.0
2026-08-21,TPEX,3498,陽程,185.5,193.0,182.0,192.0,1655576.0
2026-08-21,TPEX,3499,環天科,12.75,12.75,12.45,12.6,37501.0
2026-08-21,TPEX,3508,位速,22.5,24.5,22.5,23.2,956517.0
2026-08-21,TPEX,3511,矽瑪,19.3,19.5,19.3,19.5,38848.0
2026-08-21,TPEX,3512,皇龍,19.65,19.7,19.6,19.7,14056.0
2026-08-21,TPEX,3516,亞帝歐,25.3,25.95,25.25,25.7,11201.0
2026-08-21,TPEX,3520,華盈,18.0,18.6,17.9,18.6,295228.0
2026-08-21,TPEX,3521,台鋼建設,12.2,12.2,12.15,12.15,35007.0
2026-08-21,TPEX,3522,御嵿,11.5,11.6,11.4,11.6,21463.0
2026-08-21,TPEX,3523,迎輝,14.6,15.5,14.6,15.2,16038.0
2026-08-21,TPEX,3526,凡甲,284.5,285.0,280.5,282.5,149346.0
2026-08-21,TPEX,3527,聚積,51.0,51.2,50.6,50.9,29623.0
2026-08-21,TPEX,3529,力旺,2220.0,2245.0,2150.0,2155.0,843189.0
2026-08-21,TPEX,3531,先益,21.6,21.7,21.6,21.7,2411.0
2026-08-21,TPEX,3537,堡達,56.6,56.6,54.3,54.6,346539.0
2026-08-21,TPEX,3540,曜越,22.55,23.8,22.2,23.8,3499388.0
2026-08-21,TPEX,3541,西柏,21.95,22.1,21.95,22.0,11311.0
2026-08-21,TPEX,3546,宇峻,72.3,72.3,71.7,71.9,103325.0
2026-08-21,TPEX,3548,兆利,75.4,75.7,74.5,75.1,94327.0
2026-08-21,TPEX,3551,世禾,175.5,175.5,173.0,174.0,107860.0
2026-08-21,TPEX,3552,同致,46.9,46.9,45.25,45.7,54031.0
2026-08-21,TPEX,3555,博士旺,168.0,168.5,160.0,163.0,34853.0
2026-08-21,TPEX,3556,禾瑞亞,62.6,65.2,62.2,63.3,413711.0
2026-08-21,TPEX,3558,神準,124.5,129.0,124.0,128.5,95969.0
2026-08-21,TPEX,3564,其陽,46.0,46.65,45.65,45.7,37695.0
2026-08-21,TPEX,3567,逸昌,25.4,25.4,25.0,25.0,19585.0
2026-08-21,TPEX,3570,大塚,163.0,163.0,162.5,163.0,11641.0
2026-08-21,TPEX,3577,泓格,114.5,115.0,112.5,113.0,224819.0
2026-08-21,TPEX,3580,友威科,78.4,80.2,77.9,78.2,117231.0
2026-08-21,TPEX,3581,博磊,104.5,107.5,100.5,103.5,281968.0
2026-08-21,TPEX,3587,閎康,245.5,246.0,241.0,244.0,293158.0
2026-08-21,TPEX,3594,磐儀,51.6,51.6,50.3,50.7,377959.0
2026-08-21,TPEX,3597,映興,26.75,26.85,26.55,26.65,22235.0
2026-08-21,TPEX,3609,三一東林,22.9,22.9,21.85,21.9,320380.0
2026-08-21,TPEX,3611,鼎翰,186.5,190.0,186.0,188.0,51346.0
2026-08-21,TPEX,3615,安可,36.45,36.65,36.0,36.5,181727.0
2026-08-21,TPEX,3623,富晶通,21.9,21.9,21.05,21.7,48197.0
2026-08-21,TPEX,3624,光頡,85.7,91.7,85.7,87.8,8070510.0
2026-08-21,TPEX,3625,西勝,11.0,11.4,11.0,11.1,970125.0
2026-08-21,TPEX,3628,盈正,67.6,68.6,67.1,67.1,63214.0
2026-08-21,TPEX,3629,地心引力,13.05,13.95,13.05,13.95,2000.0
2026-08-21,TPEX,3630,新鉅科,25.4,25.5,25.15,25.5,281406.0
2026-08-21,TPEX,3631,晟楠,39.85,40.35,39.05,39.7,223530.0
2026-08-21,TPEX,3632,研勤,7.21,7.21,7.18,7.18,11575.0
2026-08-21,TPEX,3646,艾恩特,23.85,24.2,23.75,23.95,56441.0
2026-08-21,TPEX,3663,鑫科,63.1,63.1,61.2,61.3,136534.0
2026-08-21,TPEX,3664,安瑞-KY,5.56,5.79,5.56,5.79,16600.0
2026-08-21,TPEX,3666,光耀,24.9,25.15,24.9,25.15,33209.0
2026-08-21,TPEX,3672,康聯訊,12.8,12.8,12.1,12.3,10000.0
2026-08-21,TPEX,3675,德微,269.0,270.0,258.5,260.0,557155.0
2026-08-21,TPEX,3680,家登,473.0,479.0,463.0,471.0,812892.0
2026-08-21,TPEX,3684,榮昌,53.5,54.0,53.5,53.5,64010.0
2026-08-21,TPEX,3685,元創精密,35.0,36.9,35.0,36.7,265248.0
2026-08-21,TPEX,3687,歐買尬,64.1,64.1,62.0,63.0,103059.0
2026-08-21,TPEX,3689,湧德,106.5,107.0,105.5,106.5,342968.0
2026-08-21,TPEX,3691,碩禾,101.5,102.0,100.0,100.0,221181.0
2026-08-21,TPEX,3693,營邦,513.0,518.0,506.0,515.0,357027.0
2026-08-21,TPEX,3707,漢磊,62.4,62.6,61.0,61.3,1913421.0
2026-08-21,TPEX,3709,鑫聯大投控,68.3,68.8,67.6,67.8,421514.0
2026-08-21,TPEX,3710,連展投控,5.26,5.31,5.15,5.25,184099.0
2026-08-21,TPEX,3713,新晶投控,14.65,14.8,14.6,14.8,15025.0
2026-08-21,TPEX,4102,永日,19.1,19.1,19.05,19.1,6004.0
2026-08-21,TPEX,4105,東洋,79.0,79.2,78.0,78.4,605395.0
2026-08-21,TPEX,4107,邦特,114.0,114.0,113.5,114.0,24610.0
2026-08-21,TPEX,4109,加捷生醫,11.2,11.35,11.15,11.25,121319.0
2026-08-21,TPEX,4111,濟生,30.1,30.3,30.0,30.15,199104.0
2026-08-21,TPEX,4113,聯上,14.7,14.8,14.65,14.8,32128.0
2026-08-21,TPEX,4114,健喬,31.2,31.2,30.55,30.55,1423938.0
2026-08-21,TPEX,4116,明基醫,39.2,39.5,39.1,39.3,34236.0
2026-08-21,TPEX,4120,友華,47.45,47.9,47.45,47.9,7001.0
2026-08-21,TPEX,4121,優盛,13.2,13.25,13.05,13.05,41426.0
2026-08-21,TPEX,4123,晟德,32.45,33.1,32.25,32.95,1625404.0
2026-08-21,TPEX,4126,太醫,77.8,77.8,77.6,77.8,23459.0
2026-08-21,TPEX,4127,天良,88.9,90.3,87.2,88.5,93281.0
2026-08-21,TPEX,4128,中天,15.3,15.8,15.25,15.6,2634449.0
2026-08-21,TPEX,4129,聯合,89.5,89.5,88.0,88.1,98073.0
2026-08-21,TPEX,4131,浩泰,31.8,31.8,31.5,31.5,3044.0
2026-08-21,TPEX,4138,曜亞,50.9,51.2,50.9,51.1,9593.0
2026-08-21,TPEX,4139,馬光-KY,37.0,37.0,36.0,36.0,31101.0
2026-08-21,TPEX,4147,中裕,63.7,64.7,63.1,63.1,1216731.0
2026-08-21,TPEX,4153,鈺緯,33.0,33.3,33.0,33.3,6350.0
2026-08-21,TPEX,4154,樂威科-KY,11.6,12.25,11.55,12.2,50000.0
2026-08-21,TPEX,4157,太景*-KY,9.04,9.12,8.98,9.05,567892.0
2026-08-21,TPEX,4160,訊聯基因,39.95,40.05,39.3,39.5,27115.0
2026-08-21,TPEX,4161,聿新科,22.95,23.25,22.95,23.0,98387.0
2026-08-21,TPEX,4162,智擎,58.9,60.0,58.9,60.0,299038.0
2026-08-21,TPEX,4163,鐿鈦,144.5,145.5,141.0,142.0,59648.0
2026-08-21,TPEX,4166,友霖,23.85,24.1,23.85,24.05,32280.0
2026-08-21,TPEX,4167,松瑞藥,20.7,21.2,20.5,20.95,2244318.0
2026-08-21,TPEX,4168,醣聯,22.6,22.8,22.25,22.6,71593.0
2026-08-21,TPEX,4171,瑞基,17.2,17.4,17.0,17.25,39660.0
2026-08-21,TPEX,4173,久裕,17.35,17.55,17.35,17.55,19653.0
2026-08-21,TPEX,4174,浩鼎,27.35,27.4,26.6,26.9,251329.0
2026-08-21,TPEX,4175,杏一,50.5,51.5,50.5,51.5,12647.0
2026-08-21,TPEX,4183,福永生技,,,,,0.0
2026-08-21,TPEX,4188,安克,10.8,11.0,10.6,11.0,226789.0
2026-08-21,TPEX,4192,杏國,19.1,20.0,19.0,20.0,13709.0
2026-08-21,TPEX,4198,欣大健康,39.65,42.9,39.65,40.95,10011.0
2026-08-21,TPEX,4205,中華食,69.1,69.5,69.1,69.3,5372.0
2026-08-21,TPEX,4207,環泰,20.75,20.8,20.4,20.8,62112.0
2026-08-21,TPEX,4303,信立,50.7,51.4,49.6,51.2,1214124.0
2026-08-21,TPEX,4304,勝昱,25.7,25.7,25.7,25.7,79954.0
2026-08-21,TPEX,4305,世坤,,,,,1.0
2026-08-21,TPEX,4401,東隆興,14.05,14.3,14.0,14.25,22140.0
2026-08-21,TPEX,4402,郡都開發,15.0,15.0,14.4,14.8,12406.0
2026-08-21,TPEX,4406,新昕纖,10.05,10.05,10.05,10.05,14000.0
2026-08-21,TPEX,4413,飛寶企業,20.0,20.0,19.65,19.65,10196.0
2026-08-21,TPEX,4416,三圓,12.7,13.75,12.4,13.75,2055343.0
2026-08-21,TPEX,4417,金洲,47.0,47.15,46.85,46.85,43262.0
2026-08-21,TPEX,4419,皇家美食,46.35,46.35,46.25,46.25,4000.0
2026-08-21,TPEX,4420,光明,36.6,36.6,36.6,36.6,8545.0
2026-08-21,TPEX,4430,耀億,18.45,18.45,17.5,18.2,149626.0
2026-08-21,TPEX,4432,銘旺實,15.85,15.95,15.7,15.85,17260.0
2026-08-21,TPEX,4433,興采,19.1,19.25,18.8,19.25,281297.0
2026-08-21,TPEX,4442,竣邦-KY,51.5,51.8,49.75,51.0,242167.0
2026-08-21,TPEX,4502,健信,15.75,15.75,15.45,15.7,40000.0
2026-08-21,TPEX,4503,金雨,24.3,24.3,24.0,24.0,184703.0
2026-08-21,TPEX,4506,崇友,122.5,123.5,122.5,123.0,18507.0
2026-08-21,TPEX,4510,高鋒,44.55,44.9,43.75,43.8,883895.0
2026-08-21,TPEX,4513,福裕,16.5,16.65,16.35,16.65,206191.0
2026-08-21,TPEX,4523,永彰,24.6,24.6,24.25,24.35,23015.0
2026-08-21,TPEX,4527,方土霖,40.7,41.1,40.55,41.05,28718.0
2026-08-21,TPEX,4528,江興鍛,15.15,15.15,15.0,15.15,14413.0
2026-08-21,TPEX,4529,淳紳,3.2,3.23,3.2,3.21,28100.0
2026-08-21,TPEX,4530,宏易,26.95,26.95,26.1,26.1,4001.0
2026-08-21,TPEX,4533,協易機,25.95,25.95,25.55,25.55,377961.0
2026-08-21,TPEX,4534,慶騰,30.4,30.6,29.75,29.8,442283.0
2026-08-21,TPEX,4535,至興,28.5,29.05,28.5,29.05,3000.0
2026-08-21,TPEX,4538,大詠城,17.5,17.5,17.3,17.5,12310.0
2026-08-21,TPEX,4541,晟田,67.8,69.4,66.0,68.8,2239995.0
2026-08-21,TPEX,4542,科嶠,251.0,260.5,248.0,252.5,402076.0
2026-08-21,TPEX,4543,萬在,32.4,32.9,32.35,32.65,60830.0
2026-08-21,TPEX,4549,桓達,102.0,102.0,100.5,102.0,24341.0
2026-08-21,TPEX,4550,長佳,24.2,24.45,24.1,24.45,39131.0
2026-08-21,TPEX,4554,橙的,32.4,32.8,31.95,32.5,56982.0
2026-08-21,TPEX,4556,旭然,74.0,74.8,73.1,74.2,209716.0
2026-08-21,TPEX,4558,寶緯,17.0,17.1,16.95,16.95,14000.0
2026-08-21,TPEX,4561,健椿,46.4,46.6,44.6,44.6,513843.0
2026-08-21,TPEX,4563,百德,39.5,39.8,39.2,39.55,37970.0
2026-08-21,TPEX,4568,科際精密,38.8,39.5,38.6,39.5,4110.0
2026-08-21,TPEX,4577,達航科技,78.3,78.3,75.6,75.8,183813.0
2026-08-21,TPEX,4580,捷流閥業,79.1,79.1,78.5,78.7,24662.0
2026-08-21,TPEX,4584,君帆,39.65,39.65,38.8,38.8,2484.0
2026-08-21,TPEX,4609,唐鋒,4.57,4.57,4.57,4.57,1001.0
2026-08-21,TPEX,4702,中美實,9.59,9.69,9.56,9.62,33349.0
2026-08-21,TPEX,4706,大恭,32.75,34.0,32.5,34.0,98568.0
2026-08-21,TPEX,4707,磐亞,32.55,33.3,32.1,32.9,2266154.0
2026-08-21,TPEX,4711,永純,16.7,16.8,16.55,16.7,94964.0
2026-08-21,TPEX,4714,永捷,10.55,10.8,10.5,10.75,834650.0
2026-08-21,TPEX,4716,大立,16.8,17.05,16.75,16.95,248070.0
2026-08-21,TPEX,4721,美琪瑪,73.4,74.7,72.7,73.2,232876.0
2026-08-21,TPEX,4726,永昕,24.75,24.9,24.7,24.8,50201.0
2026-08-21,TPEX,4728,雙美,,,,,180.0
2026-08-21,TPEX,4729,熒茂,19.15,19.15,18.8,19.0,41258.0
2026-08-21,TPEX,4735,豪展,39.0,39.85,38.65,39.4,111440.0
2026-08-21,TPEX,4741,泓瀚,41.75,42.0,40.85,40.9,50817.0
2026-08-21,TPEX,4743,合一,48.55,51.1,48.2,50.0,3375856.0
2026-08-21,TPEX,4744,皇將,28.8,28.8,27.95,28.2,65007.0
2026-08-21,TPEX,4745,合富-KY,11.95,11.95,11.75,11.9,12000.0
2026-08-21,TPEX,4749,新應材,765.0,765.0,755.0,761.0,230113.0
2026-08-21,TPEX,4754,國碳科,38.1,38.3,38.1,38.3,16313.0
2026-08-21,TPEX,4760,勤凱,255.5,259.0,250.5,255.0,226453.0
2026-08-21,TPEX,4767,誠泰科技,27.95,27.95,27.55,27.55,7089.0
2026-08-21,TPEX,4768,晶呈科技,330.0,341.0,317.5,337.0,977442.0
2026-08-21,TPEX,4772,台特化,249.5,258.0,247.5,256.0,659046.0
2026-08-21,TPEX,4806,桂田文創,9.3,9.3,9.0,9.27,18393.0
2026-08-21,TPEX,4903,聯光通,34.75,34.85,34.4,34.7,337635.0
2026-08-21,TPEX,4905,台聯電,91.0,91.9,89.2,89.6,48213.0
2026-08-21,TPEX,4907,富宇,47.2,47.75,47.15,47.7,93893.0
2026-08-21,TPEX,4908,前鼎,156.0,157.0,152.0,153.0,841051.0
2026-08-21,TPEX,4909,新復興,39.5,39.6,38.0,38.1,196634.0
2026-08-21,TPEX,4911,德英,28.4,28.9,28.4,28.9,39216.0
2026-08-21,TPEX,4923,力士,52.5,52.8,51.1,51.6,227584.0
2026-08-21,TPEX,4924,欣厚-KY,9.6,9.62,9.59,9.59,28000.0
2026-08-21,TPEX,4931,新盛力,277.0,280.0,265.5,280.0,2363002.0
2026-08-21,TPEX,4933,友輝,53.5,54.2,53.3,54.2,64662.0
2026-08-21,TPEX,4939,亞電,62.7,68.5,60.8,66.5,25415049.0
2026-08-21,TPEX,4946,辣椒,92.1,95.2,92.0,94.0,35653.0
2026-08-21,TPEX,4950,金耘國際,15.85,15.9,15.8,15.9,12261.0
2026-08-21,TPEX,4951,精拓科,77.0,77.5,76.4,76.6,89671.0
2026-08-21,TPEX,4953,緯致,123.0,123.0,122.0,122.5,114762.0
2026-08-21,TPEX,4966,譜瑞-KY,568.0,576.0,565.0,566.0,489348.0
2026-08-21,TPEX,4971,IET-KY,595.0,612.0,571.0,588.0,5207246.0
2026-08-21,TPEX,4972,湯石照明,16.45,16.6,16.45,16.6,13650.0
2026-08-21,TPEX,4973,廣穎,152.0,164.5,151.0,159.0,3563729.0
2026-08-21,TPEX,4974,亞泰,68.9,69.6,68.5,69.6,110958.0
2026-08-21,TPEX,4979,華星光,570.0,605.0,552.0,577.0,19155072.0
2026-08-21,TPEX,4991,環宇-KY,512.0,520.0,481.0,481.0,8913360.0
2026-08-21,TPEX,4995,晶達,48.1,49.5,47.1,48.85,23275.0
2026-08-21,TPEX,5009,榮剛,34.35,35.35,34.1,35.2,4798694.0
2026-08-21,TPEX,5011,久陽,17.6,18.0,17.4,17.7,106575.0
2026-08-21,TPEX,5013,強新,27.3,27.7,26.65,27.7,27050.0
2026-08-21,TPEX,5014,建錩,10.2,10.55,10.2,10.25,222486.0
2026-08-21,TPEX,5015,華祺,21.6,21.6,21.6,21.6,11029.0
2026-08-21,TPEX,5016,松和,24.8,24.8,24.65,24.65,3000.0
2026-08-21,TPEX,5201,凱衛,27.2,27.2,26.45,26.7,22401.0
2026-08-21,TPEX,5202,力新,11.8,12.0,11.8,11.9,101345.0
2026-08-21,TPEX,5205,中茂,20.7,20.7,20.3,20.55,10480.0
2026-08-21,TPEX,5206,坤悅,22.25,22.4,22.0,22.35,190498.0
2026-08-21,TPEX,5209,新鼎,162.5,163.0,162.0,162.5,46743.0
2026-08-21,TPEX,5210,寶碩,28.65,28.85,28.6,28.6,51398.0
2026-08-21,TPEX,5211,蒙恬,19.7,19.7,19.35,19.55,15081.0
2026-08-21,TPEX,5212,凌網,46.6,46.6,46.4,46.4,6215.0
2026-08-21,TPEX,5213,亞昕,21.2,21.45,21.2,21.45,282633.0
2026-08-21,TPEX,5220,萬達光電,20.0,20.0,19.7,19.9,15295.0
2026-08-21,TPEX,5223,安力-KY,23.65,23.65,23.65,23.65,1001.0
2026-08-21,TPEX,5227,立凱-KY,31.05,31.1,30.6,31.1,193875.0
2026-08-21,TPEX,5228,鈺鎧,41.65,42.6,41.1,41.2,149290.0
2026-08-21,TPEX,5230,雷笛克光學,17.85,17.85,17.5,17.65,45211.0
2026-08-21,TPEX,5245,智晶,23.85,23.85,23.15,23.45,11000.0
2026-08-21,TPEX,5251,天鉞電,24.8,25.0,24.8,25.0,22853.0
2026-08-21,TPEX,5263,智崴,87.3,90.9,86.8,90.6,699067.0
2026-08-21,TPEX,5272,笙科,17.0,17.0,16.8,16.9,60873.0
2026-08-21,TPEX,5274,信驊,15585.0,16120.0,15205.0,15350.0,171660.0
2026-08-21,TPEX,5276,達輝-KY,19.4,20.0,19.0,19.95,34941.0
2026-08-21,TPEX,5278,尚凡*,24.45,24.9,24.25,24.4,90162.0
2026-08-21,TPEX,5287,數字,153.5,155.0,153.5,155.0,53091.0
2026-08-21,TPEX,5289,宜鼎,1515.0,1580.0,1500.0,1560.0,3173051.0
2026-08-21,TPEX,5291,邑昇,57.8,58.2,56.8,57.2,297685.0
2026-08-21,TPEX,5299,杰力,99.5,100.0,98.4,98.5,152610.0
2026-08-21,TPEX,5301,寶得利,,,,,173.0
2026-08-21,TPEX,5302,太欣,10.2,10.35,10.1,10.25,240105.0
2026-08-21,TPEX,5309,系統電,52.6,52.6,51.5,52.4,606581.0
2026-08-21,TPEX,5310,天剛,25.25,25.65,25.1,25.65,7200.0
2026-08-21,TPEX,5312,寶島科,91.1,91.8,91.1,91.7,40962.0
2026-08-21,TPEX,5314,世紀*,26.0,26.0,26.0,26.0,1851969.0
2026-08-21,TPEX,5315,光聯,19.2,19.3,19.1,19.3,95042.0
2026-08-21,TPEX,5321,美而快,70.7,78.0,70.7,72.9,1178337.0
2026-08-21,TPEX,5324,士開,12.2,12.3,12.15,12.3,172049.0
2026-08-21,TPEX,5328,華容,61.8,63.3,61.3,61.4,4609283.0
2026-08-21,TPEX,5340,建榮,78.8,79.9,77.3,78.6,2405786.0
2026-08-21,TPEX,5344,立衛,13.6,13.6,13.4,13.4,44200.0
2026-08-21,TPEX,5345,馥鴻,21.2,22.3,20.5,22.3,22836.0
2026-08-21,TPEX,5347,世界,151.5,152.5,149.5,151.5,4443009.0
2026-08-21,TPEX,5348,正能量智能,16.4,16.4,16.4,16.4,1055.0
2026-08-21,TPEX,5351,鈺創,119.0,124.0,118.0,123.0,20368520.0
2026-08-21,TPEX,5353,台林,28.25,28.25,27.85,28.0,28550.0
2026-08-21,TPEX,5355,佳總,6.0,6.0,5.7,5.98,62112.0
2026-08-21,TPEX,5356,協益,25.95,26.1,25.9,25.9,28368.0
2026-08-21,TPEX,5364,力麗店,8.51,8.65,8.51,8.58,53746.0
2026-08-21,TPEX,5371,中光電,84.5,85.0,83.4,83.5,2134870.0
2026-08-21,TPEX,5381,光譜,24.05,24.55,24.05,24.45,253787.0
2026-08-21,TPEX,5386,青雲,233.0,243.5,233.0,236.0,1413344.0
2026-08-21,TPEX,5392,能率,45.3,46.7,45.0,46.05,1696490.0
2026-08-21,TPEX,5398,慕康生醫,14.1,14.15,14.0,14.1,112282.0
2026-08-21,TPEX,5403,中菲,92.7,93.0,92.2,92.3,13107.0
2026-08-21,TPEX,5410,國眾,35.85,36.35,35.85,36.25,287801.0
2026-08-21,TPEX,5425,台半,90.3,93.3,88.0,88.2,19328716.0
2026-08-21,TPEX,5426,振發,27.2,27.55,27.1,27.35,365655.0
2026-08-21,TPEX,5432,新門,152.5,152.5,149.5,151.0,137452.0
2026-08-21,TPEX,5438,東友,17.0,17.0,16.85,16.85,41110.0
2026-08-21,TPEX,5439,高技,241.5,252.0,237.0,239.5,2613070.0
2026-08-21,TPEX,5443,均豪,103.0,105.0,103.0,105.0,455158.0
2026-08-21,TPEX,5450,南良,15.15,15.4,15.1,15.25,59044.0
2026-08-21,TPEX,5452,佶優,26.7,27.2,26.6,27.05,246840.0
2026-08-21,TPEX,5455,昇益,29.55,29.55,29.35,29.35,3100.0
2026-08-21,TPEX,5457,宣德,27.25,27.25,26.9,27.25,207073.0
2026-08-21,TPEX,5460,同協,16.15,16.2,16.05,16.15,26199.0
2026-08-21,TPEX,5464,霖宏,70.0,70.0,66.9,68.7,394626.0
2026-08-21,TPEX,5465,富驊,24.45,24.45,24.0,24.1,38439.0
2026-08-21,TPEX,5468,凱鈺,27.7,28.35,27.2,27.95,123842.0
2026-08-21,TPEX,5474,聰泰,159.0,162.0,153.5,153.5,169670.0
2026-08-21,TPEX,5475,德宏,177.0,177.0,170.0,174.5,1423925.0
2026-08-21,TPEX,5478,智冠,99.2,99.4,99.0,99.0,33040.0
2026-08-21,TPEX,5481,新華,20.6,20.6,19.95,20.5,387661.0
2026-08-21,TPEX,5483,中美晶,188.5,188.5,173.5,176.0,26545142.0
2026-08-21,TPEX,5487,通泰,31.15,31.15,29.6,29.7,93299.0
2026-08-21,TPEX,5488,松普,12.4,12.6,12.15,12.4,302785.0
2026-08-21,TPEX,5489,彩富,41.75,42.3,41.65,42.25,30000.0
2026-08-21,TPEX,5490,同亨,30.2,30.2,29.25,29.35,895529.0
2026-08-21,TPEX,5493,三聯,79.0,79.0,78.0,78.5,39810.0
2026-08-21,TPEX,5498,凱崴,53.0,54.8,50.3,50.4,4241202.0
2026-08-21,TPEX,5508,永信建,54.0,54.0,53.2,53.8,243573.0
2026-08-21,TPEX,5511,德昌,72.5,73.0,72.1,72.9,163938.0
2026-08-21,TPEX,5512,力麒,7.86,7.92,7.83,7.85,942032.0
2026-08-21,TPEX,5514,三豐,14.4,14.6,14.4,14.55,18000.0
2026-08-21,TPEX,5516,雙喜,11.4,12.15,11.4,12.05,78311.0
2026-08-21,TPEX,5520,力泰,83.0,83.0,82.8,82.8,3280.0
2026-08-21,TPEX,5523,豐謙,30.2,30.35,30.2,30.35,12771.0
2026-08-21,TPEX,5529,鉅陞,21.6,21.6,21.4,21.45,111668.0
2026-08-21,TPEX,5530,龍巖,50.2,50.5,50.1,50.5,230972.0
2026-08-21,TPEX,5536,聖暉*,882.0,896.0,868.0,880.0,783153.0
2026-08-21,TPEX,5543,桓鼎-KY,24.0,24.05,24.0,24.0,4000.0
2026-08-21,TPEX,5547,久舜,19.95,19.95,19.9,19.9,2562.0
2026-08-21,TPEX,5548,安倉,20.7,20.85,20.7,20.85,6081.0
2026-08-21,TPEX,5601,台聯櫃,,,,,0.0
2026-08-21,TPEX,5603,陸海,14.6,16.0,14.6,15.4,714388.0
2026-08-21,TPEX,5604,中連,30.7,30.95,30.55,30.8,20709.0
2026-08-21,TPEX,5609,中菲行,78.1,79.9,78.1,79.4,395998.0
2026-08-21,TPEX,5701,劍湖山,4.11,4.14,3.86,4.12,394540.0
2026-08-21,TPEX,5703,亞都,14.95,15.5,14.3,15.15,9201.0
2026-08-21,TPEX,5704,老爺知,23.25,23.4,22.9,23.3,125557.0
2026-08-21,TPEX,5864,致和證,33.95,34.45,33.75,34.3,1837394.0
2026-08-21,TPEX,5878,台名,38.5,38.55,38.5,38.55,3088.0
2026-08-21,TPEX,5902,德記,34.7,34.7,34.7,34.7,2119.0
2026-08-21,TPEX,5903,全家,186.0,186.0,185.5,186.0,12600.0
2026-08-21,TPEX,5904,寶雅*,75.5,75.7,74.1,74.5,8025478.0
2026-08-21,TPEX,5905,南仁湖,7.92,8.05,7.91,8.01,225480.0
2026-08-21,TPEX,6015,宏遠證,15.75,15.95,15.6,15.9,875324.0
2026-08-21,TPEX,6016,康和證,19.35,19.75,19.3,19.6,1747183.0
2026-08-21,TPEX,6020,大展證,20.4,20.95,20.4,20.7,11003.0
2026-08-21,TPEX,6021,美好證,39.55,39.55,38.1,38.45,370710.0
2026-08-21,TPEX,6023,元大期,82.1,83.3,81.2,82.8,655431.0
2026-08-21,TPEX,6026,福邦證,14.65,14.8,14.55,14.8,580067.0
2026-08-21,TPEX,6028,公勝保經,99.5,99.5,98.1,98.1,25592.0
2026-08-21,TPEX,6101,寬魚國際,39.05,39.5,38.35,39.1,188770.0
2026-08-21,TPEX,6103,合邦,27.55,29.3,27.55,29.3,13373.0
2026-08-21,TPEX,6104,創惟,93.4,95.7,92.9,95.3,756583.0
2026-08-21,TPEX,6109,亞元,10.8,10.95,10.75,10.75,187240.0
2026-08-21,TPEX,6111,光聚晶電,36.55,36.55,36.15,36.15,33882.0
2026-08-21,TPEX,6113,亞矽,23.15,23.15,22.8,22.8,74524.0
2026-08-21,TPEX,6114,久威,25.8,25.8,24.85,25.4,29105.0
2026-08-21,TPEX,6118,建達,15.55,15.55,15.3,15.4,46635.0
2026-08-21,TPEX,6121,新普,395.5,395.5,387.0,388.0,595497.0
2026-08-21,TPEX,6122,擎邦,47.25,48.0,47.25,47.9,81854.0
2026-08-21,TPEX,6123,上奇,43.3,43.3,42.9,43.1,24411.0
2026-08-21,TPEX,6124,業強,27.0,27.0,27.0,27.0,5553.0
2026-08-21,TPEX,6125,廣運,55.0,55.6,53.5,54.7,2854117.0
2026-08-21,TPEX,6126,信音,29.3,29.55,29.1,29.3,238678.0
2026-08-21,TPEX,6127,九豪,49.0,49.5,48.5,48.7,1146292.0
2026-08-21,TPEX,6129,普誠,13.75,14.15,13.6,13.7,534656.0
2026-08-21,TPEX,6130,上亞科技,28.7,28.75,27.45,27.45,95623.0
2026-08-21,TPEX,6134,萬旭,28.25,28.25,27.6,27.8,56198.0
2026-08-21,TPEX,6138,茂達,290.0,290.0,281.5,282.5,543248.0
2026-08-21,TPEX,6140,訊達,16.2,17.35,16.2,17.35,141530.0
2026-08-21,TPEX,6143,振曜,89.6,90.7,89.2,90.0,226905.0
2026-08-21,TPEX,6144,得利影,13.95,14.4,13.5,13.7,50038.0
2026-08-21,TPEX,6146,耕興,192.5,194.0,191.0,191.5,242095.0
2026-08-21,TPEX,6147,頎邦,162.0,162.5,155.0,156.5,14795072.0
2026-08-21,TPEX,6148,驊宏資,27.8,27.8,27.45,27.5,82373.0
2026-08-21,TPEX,6150,撼訊,60.0,61.7,59.7,60.8,224561.0
2026-08-21,TPEX,6151,晉倫,36.0,36.0,35.7,36.0,71158.0
2026-08-21,TPEX,6154,順發,13.8,13.95,13.8,13.9,41781.0
2026-08-21,TPEX,6156,松上,21.0,21.15,20.8,21.15,315529.0
2026-08-21,TPEX,6158,禾昌,16.5,16.7,16.45,16.55,62637.0
2026-08-21,TPEX,6160,欣技,15.25,16.8,15.2,16.0,875680.0
2026-08-21,TPEX,6161,捷波,49.55,50.8,49.55,50.2,59319.0
2026-08-21,TPEX,6163,華電網,42.05,42.35,41.65,42.15,318061.0
2026-08-21,TPEX,6167,久正,10.65,10.8,10.65,10.65,137154.0
2026-08-21,TPEX,6169,昱泉,12.5,12.6,12.4,12.5,5063.0
2026-08-21,TPEX,6170,統振,48.0,48.0,47.45,47.5,116162.0
2026-08-21,TPEX,6171,大城地產,24.2,24.2,23.3,23.55,44328.0
2026-08-21,TPEX,6173,信昌電,220.5,227.0,211.5,212.0,20338579.0
2026-08-21,TPEX,6174,安碁,44.5,47.3,44.4,45.15,3530718.0
2026-08-21,TPEX,6175,立敦,74.6,75.2,73.1,74.1,484726.0
2026-08-21,TPEX,6179,亞通,26.8,27.6,26.5,27.2,1658512.0
2026-08-21,TPEX,6180,橘子,41.2,41.5,40.95,41.5,160833.0
2026-08-21,TPEX,6182,合晶,109.0,110.5,103.5,106.0,39271017.0
2026-08-21,TPEX,6185,幃翔,13.25,13.25,12.8,12.8,849676.0
2026-08-21,TPEX,6186,新潤,32.7,33.2,32.7,32.9,514606.0
2026-08-21,TPEX,6187,萬潤,1275.0,1285.0,1150.0,1195.0,4625280.0
2026-08-21,TPEX,6188,廣明,68.6,68.9,67.7,68.0,608326.0
2026-08-21,TPEX,6190,萬泰科,65.5,66.2,64.3,66.2,1123084.0
2026-08-21,TPEX,6194,育富,29.5,29.5,29.45,29.45,13292.0
2026-08-21,TPEX,6195,詩肯,27.7,28.0,27.7,27.95,8464.0
2026-08-21,TPEX,6198,瑞築,19.4,19.85,19.4,19.4,169767.0
2026-08-21,TPEX,6199,天品,93.0,94.9,92.5,93.9,724610.0
2026-08-21,TPEX,6203,海韻電,60.3,60.5,59.9,60.2,55911.0
2026-08-21,TPEX,6204,艾華,83.8,88.1,82.8,87.6,260705.0
2026-08-21,TPEX,6207,雷科,103.0,111.0,103.0,103.5,4746032.0
2026-08-21,TPEX,6208,日揚,82.4,82.4,81.0,81.5,204483.0
2026-08-21,TPEX,6210,慶生,17.2,17.4,17.2,17.4,7000.0
2026-08-21,TPEX,6212,理銘,31.0,31.1,31.0,31.1,5000.0
2026-08-21,TPEX,6217,中探針,151.5,155.0,148.0,150.0,1341702.0
2026-08-21,TPEX,6218,豪勉,38.0,39.0,37.55,37.85,553700.0
2026-08-21,TPEX,6219,富旺,12.15,12.35,12.1,12.3,62350.0
2026-08-21,TPEX,6220,岳豐,25.55,26.05,25.25,26.0,125974.0
2026-08-21,TPEX,6221,晉泰,22.75,22.95,22.7,22.85,84974.0
2026-08-21,TPEX,6222,立軒,20.2,20.3,19.95,20.15,19000.0
2026-08-21,TPEX,6223,旺矽,5530.0,5680.0,5400.0,5465.0,835394.0
2026-08-21,TPEX,6227,茂綸,119.0,120.0,117.5,118.5,176053.0
2026-08-21,TPEX,6228,全譜,17.4,17.5,17.15,17.5,19011.0
2026-08-21,TPEX,6229,研通,23.7,23.7,23.2,23.4,47150.0
2026-08-21,TPEX,6231,系微,217.0,218.0,214.0,214.5,109212.0
2026-08-21,TPEX,6233,旺玖,20.85,21.35,20.7,20.9,121663.0
2026-08-21,TPEX,6234,高僑,36.0,36.0,34.95,34.95,217011.0
2026-08-21,TPEX,6236,中湛,14.65,15.1,14.65,15.1,2000.0
2026-08-21,TPEX,6237,驊訊,34.75,34.75,33.4,33.75,90733.0
2026-08-21,TPEX,6240,松崗,21.1,21.15,20.6,20.75,22000.0
2026-08-21,TPEX,6242,立康,34.0,34.0,34.0,34.0,2656.0
2026-08-21,TPEX,6244,茂迪,25.0,25.15,24.55,24.55,1350726.0
2026-08-21,TPEX,6245,立端,82.1,82.3,81.0,81.4,424190.0
2026-08-21,TPEX,6246,臺龍,12.25,12.5,12.25,12.45,13132.0
2026-08-21,TPEX,6248,沛波,18.35,18.45,18.35,18.35,121671.0
2026-08-21,TPEX,6259,百徽,30.15,30.3,29.65,29.65,401265.0
2026-08-21,TPEX,6261,久元,77.6,77.7,77.0,77.0,226798.0
2026-08-21,TPEX,6263,普萊德,162.0,164.0,161.0,163.0,75052.0
2026-08-21,TPEX,6264,富裔,5.95,6.04,5.94,6.03,23703.0
2026-08-21,TPEX,6265,方土昶,56.8,59.6,55.5,59.5,6960257.0
2026-08-21,TPEX,6266,泰詠,25.1,25.15,24.85,25.15,74568.0
2026-08-21,TPEX,6270,倍微,30.05,30.05,29.65,29.85,154149.0
2026-08-21,TPEX,6274,台燿,1545.0,1580.0,1485.0,1495.0,5519556.0
2026-08-21,TPEX,6275,元山,44.2,44.45,43.65,43.8,136323.0
2026-08-21,TPEX,6276,安鈦克,19.2,19.95,19.2,19.7,28125.0
2026-08-21,TPEX,6279,胡連,127.0,128.5,127.0,128.0,388152.0
2026-08-21,TPEX,6284,佳邦,77.7,77.9,75.9,76.0,485091.0
2026-08-21,TPEX,6290,良維,216.0,217.0,210.0,211.5,1166940.0
2026-08-21,TPEX,6291,沛亨,374.0,394.0,373.0,388.5,464265.0
2026-08-21,TPEX,6292,迅德,61.5,62.2,60.9,61.6,109434.0
2026-08-21,TPEX,6294,智基,28.9,29.0,28.85,29.0,7766.0
2026-08-21,TPEX,6411,晶焱,78.9,79.2,78.1,78.1,164762.0
2026-08-21,TPEX,6417,韋僑,109.5,110.0,109.0,109.5,17010.0
2026-08-21,TPEX,6418,詠昇,33.65,33.65,32.5,33.15,60731.0
2026-08-21,TPEX,6419,京晨科,164.0,166.0,160.0,163.0,262150.0
2026-08-21,TPEX,6423,億而得,79.0,80.2,78.9,79.1,20383.0
2026-08-21,TPEX,6425,易發,59.0,59.1,57.4,57.6,170765.0
2026-08-21,TPEX,6432,今展科,66.5,67.5,66.1,66.1,339464.0
2026-08-21,TPEX,6435,大中,253.0,256.0,249.0,251.0,243852.0
2026-08-21,TPEX,6441,廣錠,21.8,21.8,21.5,21.6,19120.0
2026-08-21,TPEX,6461,益得,15.8,15.85,15.6,15.6,224273.0
2026-08-21,TPEX,6462,神盾,99.3,100.5,98.1,100.0,355637.0
2026-08-21,TPEX,6465,威潤,46.25,46.25,45.6,46.0,31328.0
2026-08-21,TPEX,6469,大樹,69.1,71.1,69.1,70.6,641223.0
2026-08-21,TPEX,6470,宇智,41.95,41.95,41.6,41.95,10583.0
2026-08-21,TPEX,6474,華豫寧,39.5,39.5,38.75,38.95,53654.0
2026-08-21,TPEX,6482,弘煜科,28.8,28.9,28.5,28.75,31413.0
2026-08-21,TPEX,6485,點序,60.0,60.1,59.1,60.1,79792.0
2026-08-21,TPEX,6486,互動,74.9,74.9,73.3,73.8,37485.0
2026-08-21,TPEX,6488,環球晶,991.0,1005.0,931.0,941.0,8044796.0
2026-08-21,TPEX,6492,生華科,33.95,35.0,33.95,34.8,2149415.0
2026-08-21,TPEX,6494,九齊,55.2,55.3,54.3,54.8,71212.0
2026-08-21,TPEX,6496,科懋,24.9,24.9,24.0,24.2,13702.0
2026-08-21,TPEX,6498,久禾光,76.0,76.3,74.5,76.3,66817.0
2026-08-21,TPEX,6499,益安,68.0,68.0,63.4,63.5,510283.0
2026-08-21,TPEX,6506,雙邦,17.55,18.0,17.5,17.75,96751.0
2026-08-21,TPEX,6508,惠光,26.0,26.45,26.0,26.2,25170.0
2026-08-21,TPEX,6509,聚和,47.0,47.15,46.0,46.1,737360.0
2026-08-21,TPEX,6510,精測,2735.0,2770.0,2650.0,2650.0,306521.0
2026-08-21,TPEX,6512,啟發電,20.45,20.5,20.45,20.5,5282.0
2026-08-21,TPEX,6516,勤崴國際,58.0,58.0,57.6,57.9,19476.0
2026-08-21,TPEX,6517,保勝光學,66.9,67.0,64.5,65.7,529561.0
2026-08-21,TPEX,6523,達爾膚,89.6,89.8,89.5,89.8,22685.0
2026-08-21,TPEX,6527,明達醫,75.1,75.1,75.0,75.0,15368.0
2026-08-21,TPEX,6530,創威,82.0,84.3,82.0,82.1,686076.0
2026-08-21,TPEX,6532,瑞耘,87.0,87.2,85.2,85.9,370346.0
2026-08-21,TPEX,6535,順藥,83.1,83.4,80.4,80.9,193272.0
2026-08-21,TPEX,6538,倉和,207.0,208.0,191.0,196.5,4077100.0
2026-08-21,TPEX,6542,隆中,45.15,45.15,44.45,44.45,2000.0
2026-08-21,TPEX,6546,正基,62.3,63.5,62.2,62.9,117437.0
2026-08-21,TPEX,6547,高端疫苗,53.5,57.6,53.5,55.7,6375840.0
2026-08-21,TPEX,6548,長科*,70.5,70.5,69.0,69.1,958928.0
2026-08-21,TPEX,6556,勝品,59.0,59.0,59.0,59.0,5354.0
2026-08-21,TPEX,6560,欣普羅,31.55,31.6,30.55,31.6,23050.0
2026-08-21,TPEX,6561,是方,323.0,324.5,320.0,324.5,14846.0
2026-08-21,TPEX,6568,宏觀,126.0,127.5,125.5,126.0,31645.0
2026-08-21,TPEX,6569,醫揚,94.3,94.3,93.2,93.5,29718.0
2026-08-21,TPEX,6570,維田,54.5,54.5,52.4,52.6,163771.0
2026-08-21,TPEX,6574,霈方,122.0,122.5,118.0,118.5,81017.0
2026-08-21,TPEX,6576,逸達,79.5,80.4,79.5,80.0,78789.0
2026-08-21,TPEX,6577,勁豐,79.6,80.9,79.5,80.7,23588.0
2026-08-21,TPEX,6578,達邦蛋白,18.0,18.45,17.55,18.45,51616.0
2026-08-21,TPEX,6584,南俊國際,594.0,598.0,583.0,588.0,334035.0
2026-08-21,TPEX,6588,東典光電,102.0,110.0,101.5,107.5,4548716.0
2026-08-21,TPEX,6590,普鴻,66.0,66.0,64.3,64.3,7071.0
2026-08-21,TPEX,6593,台灣銘板,32.65,32.65,32.2,32.35,22116.0
2026-08-21,TPEX,6596,寬宏藝術,93.9,95.6,93.9,95.4,202299.0
2026-08-21,TPEX,6597,立誠,68.5,72.4,68.5,72.4,13179.0
2026-08-21,TPEX,6603,富強鑫,27.15,27.2,26.6,27.0,853900.0
2026-08-21,TPEX,6609,瀧澤科,39.35,39.35,38.85,39.1,80702.0
2026-08-21,TPEX,6612,奈米醫材,74.7,76.0,73.0,73.2,42602.0
2026-08-21,TPEX,6613,朋億*,254.0,255.0,250.0,252.5,127479.0
2026-08-21,TPEX,6615,慧智,35.35,35.35,34.45,34.45,14439.0
2026-08-21,TPEX,6616,特昇-KY,8.51,8.68,8.35,8.6,25418.0
2026-08-21,TPEX,6617,共信-KY,114.5,114.5,106.5,107.5,1634537.0
2026-08-21,TPEX,6620,漢達,75.5,76.6,75.0,75.0,213857.0
2026-08-21,TPEX,6624,萬年清,40.8,42.3,39.5,42.3,15000.0
2026-08-21,TPEX,6629,泰金-KY,111.5,111.5,110.5,110.5,2066.0
2026-08-21,TPEX,6637,醫影,61.9,62.1,61.2,62.0,35508.0
2026-08-21,TPEX,6640,均華,966.0,1045.0,960.0,1045.0,366404.0
2026-08-21,TPEX,6642,富致,79.9,80.0,78.3,78.9,103446.0
2026-08-21,TPEX,6643,M31,412.0,416.0,408.0,416.0,118018.0
2026-08-21,TPEX,6649,台生材,34.25,35.2,34.2,35.2,47756.0
2026-08-21,TPEX,6651,全宇昕,139.5,150.5,139.5,143.5,438073.0
2026-08-21,TPEX,6654,天正國際,164.0,165.0,164.0,165.0,3113.0
2026-08-21,TPEX,6661,威健生技,17.1,17.15,17.1,17.15,2100.0
2026-08-21,TPEX,6662,樂斯科,,,,,2.0
2026-08-21,TPEX,6664,群翊,337.0,364.5,337.0,364.5,1018359.0
2026-08-21,TPEX,6667,信紘科,222.5,222.5,218.0,219.5,169768.0
2026-08-21,TPEX,6679,鈺太,200.0,200.5,196.5,198.0,173518.0
2026-08-21,TPEX,6680,鑫創電子,,,,,14.0
2026-08-21,TPEX,6683,雍智科技,1135.0,1160.0,1050.0,1070.0,880586.0
2026-08-21,TPEX,6684,安格,46.0,47.0,46.0,46.4,42609.0
2026-08-21,TPEX,6690,安碁資訊,163.0,165.0,163.0,164.0,17058.0
2026-08-21,TPEX,6692,進能服,24.2,25.15,24.2,24.35,16010.0
2026-08-21,TPEX,6693,廣閎科,166.0,169.0,162.0,163.5,661033.0
2026-08-21,TPEX,6697,東捷資訊,40.7,40.9,40.5,40.8,11000.0
2026-08-21,TPEX,6703,軒郁,103.5,103.5,103.5,103.5,16744.0
2026-08-21,TPEX,6708,天擎,39.4,39.4,38.6,38.85,18002.0
2026-08-21,TPEX,6712,長聖,152.5,154.5,151.0,151.5,273227.0
2026-08-21,TPEX,6716,應廣,133.0,133.0,125.0,133.0,670158.0
2026-08-21,TPEX,6720,久昌,139.0,139.0,138.5,138.5,4127.0
2026-08-21,TPEX,6721,信實,52.2,52.2,51.9,52.0,11521.0
2026-08-21,TPEX,6725,矽科宏晟,227.5,231.0,226.0,229.0,64996.0
2026-08-21,TPEX,6727,亞泰金屬,455.0,456.5,432.5,443.0,974880.0
2026-08-21,TPEX,6728,上洋,107.5,111.0,107.0,110.0,36837.0
2026-08-21,TPEX,6730,常廣,32.8,34.0,32.8,34.0,5000.0
2026-08-21,TPEX,6732,昇佳電子,150.5,154.0,150.5,151.5,76807.0
2026-08-21,TPEX,6733,博晟生醫,25.6,25.85,25.35,25.75,52794.0
2026-08-21,TPEX,6735,美達科技,62.6,63.5,62.2,62.3,37965.0
2026-08-21,TPEX,6739,竹陞科技,971.0,988.0,962.0,967.0,89473.0
2026-08-21,TPEX,6741,91APP*-KY,55.3,55.7,53.9,54.5,418530.0
2026-08-21,TPEX,6751,智聯服務,40.95,40.95,40.95,40.95,1125.0
2026-08-21,TPEX,6752,叡揚,100.0,101.0,100.0,100.5,18216.0
2026-08-21,TPEX,6761,穩得,186.0,188.0,184.0,187.0,648685.0
2026-08-21,TPEX,6762,達亞,,,,,713.0
2026-08-21,TPEX,6763,綠界科技*,41.9,42.45,41.9,42.1,77167.0
2026-08-21,TPEX,6767,台微醫,24.35,24.6,24.25,24.6,12000.0
2026-08-21,TPEX,6785,昱展新藥,101.0,105.5,98.5,100.0,179350.0
2026-08-21,TPEX,6788,華景電,347.0,351.5,346.0,350.5,79044.0
2026-08-21,TPEX,6791,虎門科技,100.0,101.0,100.0,101.0,3467.0
2026-08-21,TPEX,6803,崑鼎,270.0,271.5,270.0,271.5,74304.0
2026-08-21,TPEX,6804,明係,18.1,18.75,18.1,18.4,77500.0
2026-08-21,TPEX,6811,宏碁資訊,223.5,226.0,222.5,226.0,60376.0
2026-08-21,TPEX,6821,聯寶,42.4,42.4,41.6,42.1,96513.0
2026-08-21,TPEX,6823,濾能,62.8,63.2,62.0,62.8,42337.0
2026-08-21,TPEX,6829,千附精密,215.0,215.0,205.5,210.0,466265.0
2026-08-21,TPEX,6840,東研信超,82.0,83.4,78.0,83.2,330449.0
2026-08-21,TPEX,6841,長佳智能,53.4,53.4,52.8,53.0,117257.0
2026-08-21,TPEX,6843,進典,39.0,39.1,37.95,39.1,26501.0
2026-08-21,TPEX,6844,諾貝兒,59.9,60.0,59.9,60.0,12971.0
2026-08-21,TPEX,6846,綠茵,57.8,57.8,57.1,57.3,6000.0
2026-08-21,TPEX,6855,數泓科,113.0,114.5,112.5,114.0,5273.0
2026-08-21,TPEX,6856,鑫傳,42.0,42.45,41.8,42.45,9000.0
2026-08-21,TPEX,6859,伯特光,112.5,112.5,108.0,110.5,28485.0
2026-08-21,TPEX,6865,偉康科技,25.85,25.85,25.5,25.5,6400.0
2026-08-21,TPEX,6870,騰雲,266.0,266.0,259.0,264.5,11763.0
2026-08-21,TPEX,6872,浩宇生醫,15.8,15.8,15.2,15.7,5009.0
2026-08-21,TPEX,6874,倍力,78.4,79.2,78.4,79.0,10069.0
2026-08-21,TPEX,6875,國邑*,33.0,33.0,32.05,32.2,24200.0
2026-08-21,TPEX,6877,鏵友益,117.5,117.5,114.5,115.0,27535.0
2026-08-21,TPEX,6881,潤德,207.0,220.0,207.0,220.0,18076.0
2026-08-21,TPEX,6884,海柏特,31.0,31.0,30.5,30.5,7340.0
2026-08-21,TPEX,6894,衛司特,330.5,332.5,323.0,326.0,29801.0
2026-08-21,TPEX,6895,宏碩系統,125.0,135.0,125.0,134.0,110430.0
2026-08-21,TPEX,6899,創為精密,50.2,50.2,50.0,50.0,17430.0
2026-08-21,TPEX,6903,巨漢,313.0,313.0,306.5,307.0,256646.0
2026-08-21,TPEX,6904,伯鑫,125.0,125.0,125.0,125.0,2030.0
2026-08-21,TPEX,6907,雅特力-KY,192.5,192.5,186.5,191.5,1594663.0
2026-08-21,TPEX,6910,德鴻,24.5,24.5,24.45,24.5,16253.0
2026-08-21,TPEX,6913,鴻呈,142.0,142.0,136.5,139.0,317435.0
2026-08-21,TPEX,6922,宸曜,199.0,210.5,196.0,202.5,408296.0
2026-08-21,TPEX,6925,意藍,50.7,50.8,50.6,50.8,5001.0
2026-08-21,TPEX,6929,佑全,24.7,24.7,23.5,24.2,7347.0
2026-08-21,TPEX,6945,圓祥生技,103.5,104.5,100.5,101.5,217269.0
2026-08-21,TPEX,6953,家碩,228.0,228.0,223.0,228.0,20011.0
2026-08-21,TPEX,6961,旅天下,50.8,51.5,50.6,51.4,31004.0
2026-08-21,TPEX,6967,汎瑋材料,73.1,73.8,72.5,73.7,45792.0
2026-08-21,TPEX,6968,萬達寵物,44.0,44.0,43.85,44.0,25992.0
2026-08-21,TPEX,6971,惠民實業,26.0,26.4,26.0,26.0,24063.0
2026-08-21,TPEX,6982,大井泵浦,47.5,47.65,47.0,47.65,28313.0
2026-08-21,TPEX,6983,華洋精機,309.0,316.0,292.0,292.0,61743.0
2026-08-21,TPEX,6986,和迅,43.3,43.35,42.8,43.0,40000.0
2026-08-21,TPEX,6996,力領科技,181.0,181.0,178.0,179.5,68226.0
2026-08-21,TPEX,6997,博弘,68.2,68.2,68.2,68.2,1000.0
2026-08-21,TPEX,7402,邑錡,108.5,109.0,105.5,106.5,266569.0
2026-08-21,TPEX,7547,碩網,51.3,53.5,51.3,53.1,9190.0
2026-08-21,TPEX,7556,意德士,250.0,251.0,248.0,249.5,27615.0
2026-08-21,TPEX,7584,樂意,26.3,26.3,25.8,25.8,2738.0
2026-08-21,TPEX,7642,昶瑞機電,79.0,79.3,77.4,79.3,6000.0
2026-08-21,TPEX,7703,銳澤,182.0,182.0,176.5,178.0,22603.0
2026-08-21,TPEX,7704,明遠精密,62.1,63.0,61.8,62.6,25011.0
2026-08-21,TPEX,7708,全家餐飲,92.1,93.0,92.1,92.3,9425.0
2026-08-21,TPEX,7709,榮田,70.0,70.8,69.4,70.8,14126.0
2026-08-21,TPEX,7712,博盛半導體,143.0,144.0,141.0,141.5,112108.0
2026-08-21,TPEX,7713,威力德生醫,72.0,73.0,72.0,73.0,63060.0
2026-08-21,TPEX,7714,創泓科技,180.5,183.5,176.0,179.0,922541.0
2026-08-21,TPEX,7715,裕山,32.1,32.1,30.0,31.85,107404.0
2026-08-21,TPEX,7716,昱臺國際,23.9,24.0,23.9,24.0,13155.0
2026-08-21,TPEX,7717,萊德光電-KY,423.0,429.5,396.0,396.0,135022.0
2026-08-21,TPEX,7718,友鋮,47.4,47.65,47.3,47.35,14029.0
2026-08-21,TPEX,7723,築間,19.05,19.4,19.0,19.2,61364.0
2026-08-21,TPEX,7728,光焱科技,569.0,571.0,568.0,571.0,12312.0
2026-08-21,TPEX,7734,印能科技,2860.0,3000.0,2810.0,2855.0,260077.0
2026-08-21,TPEX,7738,東聯互動,167.5,167.5,165.0,165.0,11487.0
2026-08-21,TPEX,7743,金利食安,20.8,21.0,20.5,20.5,16050.0
2026-08-21,TPEX,7744,崴寶,498.0,498.5,480.0,494.0,179880.0
2026-08-21,TPEX,7747,昕奇雲端,116.0,116.0,113.0,114.5,6321.0
2026-08-21,TPEX,7751,竑騰,1730.0,1730.0,1730.0,1730.0,250559.0
2026-08-21,TPEX,7753,星亞,37.75,37.75,37.35,37.7,12000.0
2026-08-21,TPEX,7757,金色三麥,89.1,89.8,89.1,89.1,7083.0
2026-08-21,TPEX,7767,仁大資訊,44.5,44.7,44.5,44.55,60151.0
2026-08-21,TPEX,7770,君曜,37.85,37.85,37.3,37.6,5076.0
2026-08-21,TPEX,7772,耀穎,86.8,87.9,86.0,87.1,37040.0
2026-08-21,TPEX,7777,能率亞洲,39.0,41.2,37.65,40.9,3928550.0
2026-08-21,TPEX,7782,光速火箭,25.9,25.9,25.9,25.9,1000.0
2026-08-21,TPEX,7792,安葆,298.5,301.0,291.0,295.0,507964.0
2026-08-21,TPEX,7794,宏碁智新,28.2,28.55,28.15,28.55,5100.0
2026-08-21,TPEX,7805,威聯通,692.0,692.0,674.0,678.0,230019.0
2026-08-21,TPEX,7810,捷創科技,197.0,213.5,197.0,212.0,145447.0
2026-08-21,TPEX,7811,民盛,71.9,72.5,71.9,72.5,4006.0
2026-08-21,TPEX,7814,海昌生技,30.4,30.45,30.2,30.2,17004.0
2026-08-21,TPEX,7819,精誠金融,35.75,35.75,35.3,35.3,13209.0
2026-08-21,TPEX,7820,立盈,117.5,121.5,117.0,121.5,15531.0
2026-08-21,TPEX,7828,創新服務,1615.0,1630.0,1580.0,1610.0,71080.0
2026-08-21,TPEX,7839,達人網,44.6,45.2,44.6,45.2,12000.0
2026-08-21,TPEX,7842,天能綠電,99.7,105.5,99.7,103.0,90393.0
2026-08-21,TPEX,8024,佑華,13.45,13.45,13.1,13.3,24206.0
2026-08-21,TPEX,8027,鈦昇,169.5,174.0,167.5,168.5,991005.0
2026-08-21,TPEX,8032,光菱,35.8,36.25,35.65,35.8,23360.0
2026-08-21,TPEX,8034,榮群,18.35,18.4,18.2,18.35,53290.0
2026-08-21,TPEX,8038,長園科,30.5,30.8,30.3,30.8,95232.0
2026-08-21,TPEX,8040,九暘,70.1,71.2,69.5,69.6,282285.0
2026-08-21,TPEX,8042,金山電,101.0,103.0,99.0,99.6,2673421.0
2026-08-21,TPEX,8043,蜜望實,138.5,146.0,138.5,139.0,2691541.0
2026-08-21,TPEX,8044,網家,26.1,26.3,25.25,25.4,327959.0
2026-08-21,TPEX,8047,星雲,45.5,46.8,45.5,46.75,4502.0
2026-08-21,TPEX,8048,德勝,52.5,52.5,51.3,52.0,29639.0
2026-08-21,TPEX,8049,晶采,24.8,24.8,24.4,24.45,95477.0
2026-08-21,TPEX,8050,廣積,57.1,57.6,56.5,56.9,746561.0
2026-08-21,TPEX,8054,安國,80.0,80.4,79.0,79.7,341123.0
2026-08-21,TPEX,8059,凱碩,13.65,13.75,13.45,13.5,137457.0
2026-08-21,TPEX,8064,東捷,98.7,101.5,96.9,97.7,1346225.0
2026-08-21,TPEX,8066,來思達,14.7,14.7,14.6,14.7,9930.0
2026-08-21,TPEX,8067,志旭,12.55,12.75,12.55,12.75,7050.0
2026-08-21,TPEX,8068,全達,17.0,17.45,17.0,17.05,100175.0
2026-08-21,TPEX,8069,元太,162.0,163.0,160.0,160.5,5095828.0
2026-08-21,TPEX,8071,能率網通,23.95,24.8,23.55,24.05,619789.0
2026-08-21,TPEX,8074,鉅橡,54.9,56.7,54.3,54.3,251172.0
2026-08-21,TPEX,8076,伍豐,23.3,23.4,23.05,23.25,262138.0
2026-08-21,TPEX,8077,洛碁,44.35,44.4,43.05,43.05,4001.0
2026-08-21,TPEX,8080,泰霖,27.8,27.8,27.75,27.75,23004.0
2026-08-21,TPEX,8083,瑞穎,160.0,160.0,159.0,159.5,53389.0
2026-08-21,TPEX,8084,巨虹,49.6,50.1,49.0,49.1,270169.0
2026-08-21,TPEX,8085,福華,12.35,12.55,12.2,12.35,248950.0
2026-08-21,TPEX,8086,宏捷科,114.5,115.5,109.5,110.5,4076445.0
2026-08-21,TPEX,8087,麗升能源,27.45,27.45,26.5,27.2,5066.0
2026-08-21,TPEX,8088,品安,45.2,46.2,44.8,45.85,511854.0
2026-08-21,TPEX,8089,康全電訊,18.0,18.1,17.8,17.95,42108.0
2026-08-21,TPEX,8091,翔名,221.0,223.5,218.5,219.5,182958.0
2026-08-21,TPEX,8092,建暐,12.8,12.8,12.55,12.7,9008.0
2026-08-21,TPEX,8093,保銳,23.2,24.85,23.2,24.85,224749.0
2026-08-21,TPEX,8096,擎亞,108.0,108.5,105.0,105.5,1978898.0
2026-08-21,TPEX,8097,常珵,49.0,49.6,48.2,49.4,239678.0
2026-08-21,TPEX,8099,大世科,58.8,58.9,57.9,58.9,81441.0
2026-08-21,TPEX,8102,傑霖科技,69.0,70.6,68.9,70.2,17600.0
2026-08-21,TPEX,8107,大億金茂,12.0,12.3,12.0,12.3,31077.0
2026-08-21,TPEX,8109,博大,132.0,132.0,128.0,128.5,368495.0
2026-08-21,TPEX,8111,立碁,59.9,66.0,59.4,65.0,18208662.0
2026-08-21,TPEX,8121,越峰,27.7,28.2,27.35,27.5,445209.0
2026-08-21,TPEX,8147,正淩,120.5,122.0,119.5,122.0,49885.0
2026-08-21,TPEX,8155,博智,327.0,327.0,311.5,316.5,598021.0
2026-08-21,TPEX,8171,天宇,19.45,19.55,19.3,19.45,38135.0
2026-08-21,TPEX,8176,智捷,9.95,9.95,9.9,9.95,75882.0
2026-08-21,TPEX,8182,加高,40.1,42.45,40.0,40.45,3104588.0
2026-08-21,TPEX,8183,精星,29.25,29.35,29.15,29.2,121966.0
2026-08-21,TPEX,8227,巨有科技,147.5,160.5,146.0,156.0,669053.0
2026-08-21,TPEX,8234,新漢,67.6,67.6,66.0,66.6,628682.0
2026-08-21,TPEX,8240,華宏,42.0,42.3,41.55,42.2,58886.0
2026-08-21,TPEX,8255,朋程,146.5,147.5,142.0,143.5,281859.0
2026-08-21,TPEX,8272,全景軟體,61.5,62.7,61.5,62.7,2142.0
2026-08-21,TPEX,8277,商丞,7.97,8.1,7.96,8.1,81338.0
2026-08-21,TPEX,8279,生展,84.6,85.0,84.0,85.0,41636.0
2026-08-21,TPEX,8284,三竹,68.8,68.8,66.9,67.5,391679.0
2026-08-21,TPEX,8289,泰藝,46.3,48.05,46.3,46.45,828286.0
2026-08-21,TPEX,8291,尚茂,32.9,34.95,32.9,34.95,21881.0
2026-08-21,TPEX,8299,群聯,2005.0,2075.0,1995.0,2075.0,3731103.0
2026-08-21,TPEX,8342,益張,86.7,86.7,86.7,86.7,2016.0
2026-08-21,TPEX,8349,恒耀,39.2,39.5,39.1,39.4,41524.0
2026-08-21,TPEX,8354,冠好,17.35,17.75,17.3,17.4,53351.0
2026-08-21,TPEX,8358,金居,417.0,444.0,404.5,436.0,30889572.0
2026-08-21,TPEX,8383,千附,66.3,66.8,65.2,65.3,1208069.0
2026-08-21,TPEX,8390,金益鼎,97.5,99.3,96.8,99.0,370790.0
2026-08-21,TPEX,8401,白紗科,23.15,23.15,23.05,23.1,15255.0
2026-08-21,TPEX,8403,盛弘,19.65,19.75,19.5,19.7,129113.0
2026-08-21,TPEX,8409,商之器,17.8,18.3,17.8,18.3,3002.0
2026-08-21,TPEX,8410,森田,32.95,33.0,32.2,32.7,35001.0
2026-08-21,TPEX,8415,大國鋼,38.75,38.75,38.0,38.2,240805.0
2026-08-21,TPEX,8416,實威,169.0,169.0,168.0,168.0,3011.0
2026-08-21,TPEX,8421,旭源,13.45,13.7,13.35,13.7,103460.0
2026-08-21,TPEX,8423,保綠-KY,17.65,17.8,17.65,17.8,27605.0
2026-08-21,TPEX,8424,惠普,69.2,69.2,69.2,69.2,1484.0
2026-08-21,TPEX,8426,紅木-KY,21.0,21.15,20.8,21.15,15420.0
2026-08-21,TPEX,8431,匯鑽科,45.0,47.5,45.0,46.6,232298.0
2026-08-21,TPEX,8432,東生華,49.9,50.5,49.6,50.5,9204.0
2026-08-21,TPEX,8433,弘帆,54.8,56.3,54.8,55.9,51194.0
2026-08-21,TPEX,8435,鉅邁,54.0,54.0,53.9,53.9,14915.0
2026-08-21,TPEX,8436,大江,125.0,128.0,125.0,125.5,1062012.0
2026-08-21,TPEX,8437,大地-KY,8.96,9.05,8.96,9.05,15911.0
2026-08-21,TPEX,8440,綠電,20.3,20.4,20.1,20.25,69839.0
2026-08-21,TPEX,8444,綠河-KY,5.28,5.28,5.28,5.28,2000.0
2026-08-21,TPEX,8446,華研,85.4,85.5,84.7,85.2,42749.0
2026-08-21,TPEX,8450,霹靂,14.6,14.8,14.45,14.7,19844.0
2026-08-21,TPEX,8455,大拓-KY,24.3,24.65,22.8,24.65,11000.0
2026-08-21,TPEX,8472,夠麻吉,70.2,70.2,67.6,67.6,6037.0
2026-08-21,TPEX,8477,創業家,15.7,15.7,15.65,15.65,17388.0
2026-08-21,TPEX,8489,三貝德,22.7,22.85,22.6,22.85,35094.0
2026-08-21,TPEX,8905,裕國,34.55,35.0,34.55,35.0,13338.0
2026-08-21,TPEX,8906,花王,27.1,27.45,27.05,27.45,6010.0
2026-08-21,TPEX,8908,欣雄,39.9,40.0,39.9,40.0,10348.0
2026-08-21,TPEX,8916,光隆,40.5,40.55,40.25,40.4,82898.0
2026-08-21,TPEX,8917,欣泰,53.4,53.5,53.4,53.5,13034.0
2026-08-21,TPEX,8921,沈氏,17.3,17.35,17.1,17.1,3035.0
2026-08-21,TPEX,8923,時報,18.4,18.6,18.25,18.6,3000.0
2026-08-21,TPEX,8924,大田,50.5,50.7,50.4,50.6,47143.0
2026-08-21,TPEX,8927,北基,20.0,20.4,19.8,20.4,236567.0
2026-08-21,TPEX,8928,鉅明,23.3,23.45,22.9,23.4,22801.0
2026-08-21,TPEX,8929,富堡,13.2,13.2,13.15,13.2,12409.0
2026-08-21,TPEX,8930,青鋼,29.3,29.8,29.3,29.8,24704.0
2026-08-21,TPEX,8931,大汽電,40.95,40.95,40.95,40.95,1200.0
2026-08-21,TPEX,8932,智通*,111.5,111.5,105.0,106.0,3543830.0
2026-08-21,TPEX,8933,愛地雅,4.46,4.55,4.45,4.53,42786.0
2026-08-21,TPEX,8935,邦泰,17.75,17.95,17.6,17.9,85154.0
2026-08-21,TPEX,8936,國統,51.0,51.5,50.8,51.1,690244.0
2026-08-21,TPEX,8937,合騏*,25.3,26.6,25.0,26.55,136532.0
2026-08-21,TPEX,8938,明安,52.0,52.4,51.6,52.2,160172.0
2026-08-21,TPEX,8941,關中,44.5,44.7,44.5,44.6,13110.0
2026-08-21,TPEX,8942,森鉅,42.15,42.4,41.8,42.25,249044.0
2026-08-21,TPEX,9949,琉園,23.3,23.4,23.2,23.3,10261.0
2026-08-21,TPEX,9950,萬國通,10.5,10.5,10.3,10.35,21137.0
2026-08-21,TPEX,9951,皇田,53.9,54.0,53.6,53.9,43671.0
2026-08-21,TPEX,9960,邁達康,30.4,30.4,30.35,30.35,3044.0
2026-08-21,TPEX,9962,有益,10.1,10.2,10.0,10.2,42048.0
