date,market,stock_id,name,open,high,low,close,volume
2026-08-18,TWSE,1101,台泥,24.25,24.3,23.85,24.2,20470344.0
2026-08-18,TWSE,1102,亞泥,33.3,33.8,33.2,33.45,8435593.0
2026-08-18,TWSE,1103,嘉泥,13.1,13.2,13.05,13.15,283883.0
2026-08-18,TWSE,1104,環泥,26.5,26.8,26.5,26.75,493331.0
2026-08-18,TWSE,1108,幸福,11.8,11.85,11.7,11.8,478808.0
2026-08-18,TWSE,1109,信大,13.6,13.65,13.5,13.65,390033.0
2026-08-18,TWSE,1110,東泥,15.95,16.2,15.85,16.1,323040.0
2026-08-18,TWSE,1201,味全,12.2,12.3,12.2,12.25,183895.0
2026-08-18,TWSE,1203,味王,46.0,46.0,45.0,45.15,13257.0
2026-08-18,TWSE,1210,大成,51.8,52.0,51.5,52.0,2102492.0
2026-08-18,TWSE,1213,大飲,7.18,7.45,7.18,7.38,10506.0
2026-08-18,TWSE,1215,卜蜂,107.0,109.0,107.0,108.5,532077.0
2026-08-18,TWSE,1216,統一,75.4,75.7,74.6,75.2,9455444.0
2026-08-18,TWSE,1217,愛之味,9.96,10.0,9.95,9.98,483140.0
2026-08-18,TWSE,1218,泰山,14.75,14.75,14.3,14.55,2495047.0
2026-08-18,TWSE,1219,福壽,11.05,11.2,11.05,11.2,313837.0
2026-08-18,TWSE,1220,台榮,10.95,10.95,10.9,10.9,138515.0
2026-08-18,TWSE,1225,福懋油,24.6,24.75,24.5,24.75,32355.0
2026-08-18,TWSE,1227,佳格,28.55,28.95,28.55,28.85,668523.0
2026-08-18,TWSE,1229,聯華,40.65,41.15,40.6,41.15,1923884.0
2026-08-18,TWSE,1231,聯華食,80.2,81.1,80.1,80.6,368385.0
2026-08-18,TWSE,1232,大統益,152.5,155.0,152.0,154.0,162485.0
2026-08-18,TWSE,1233,天仁,27.9,27.95,27.6,27.9,12301.0
2026-08-18,TWSE,1234,黑松,33.95,33.95,33.5,33.55,82533.0
2026-08-18,TWSE,1235,興泰,37.0,37.05,36.9,36.9,10165.0
2026-08-18,TWSE,1236,宏亞,25.1,25.6,25.1,25.55,37519.0
2026-08-18,TWSE,1256,鮮活果汁-KY,181.0,182.0,179.0,179.0,87942.0
2026-08-18,TWSE,1301,台塑,61.0,61.8,59.1,59.1,30793935.0
2026-08-18,TWSE,1303,南亞,213.5,215.0,200.0,200.5,139718650.0
2026-08-18,TWSE,1304,台聚,11.9,12.0,11.85,11.85,1571206.0
2026-08-18,TWSE,1305,華夏,11.7,11.95,11.7,11.85,1073962.0
2026-08-18,TWSE,1307,三芳,30.3,30.6,30.25,30.5,424767.0
2026-08-18,TWSE,1308,亞聚,13.3,13.45,13.2,13.4,1345958.0
2026-08-18,TWSE,1309,台達化,12.95,12.95,12.65,12.7,1134453.0
2026-08-18,TWSE,1310,台苯,8.5,8.5,8.07,8.12,3420792.0
2026-08-18,TWSE,1312,國喬,11.9,11.95,11.7,11.8,3555554.0
2026-08-18,TWSE,1313,聯成,11.75,11.85,11.25,11.5,2797497.0
2026-08-18,TWSE,1314,中石化,7.66,7.83,7.6,7.81,19111191.0
2026-08-18,TWSE,1315,達新,65.7,66.3,65.7,65.9,206452.0
2026-08-18,TWSE,1316,上曜,10.2,10.8,10.2,10.8,6532040.0
2026-08-18,TWSE,1319,東陽,82.7,84.2,82.0,83.6,3527153.0
2026-08-18,TWSE,1321,大洋,31.65,31.85,31.65,31.8,89407.0
2026-08-18,TWSE,1323,永裕,21.4,21.55,21.2,21.5,46567.0
2026-08-18,TWSE,1324,地球,10.2,10.2,10.1,10.2,16777.0
2026-08-18,TWSE,1325,恆大,26.0,26.1,25.9,26.1,132595.0
2026-08-18,TWSE,1326,台化,60.4,61.7,59.1,59.3,19032496.0
2026-08-18,TWSE,1337,再生-KY,4.68,4.68,4.61,4.67,250815.0
2026-08-18,TWSE,1338,廣華-KY,14.6,14.65,14.55,14.6,72031.0
2026-08-18,TWSE,1339,昭輝,46.05,46.05,45.0,45.3,205406.0
2026-08-18,TWSE,1340,勝悅-KY,5.14,5.14,5.04,5.12,112088.0
2026-08-18,TWSE,1341,富林-KY,60.0,61.0,60.0,60.4,7003.0
2026-08-18,TWSE,1342,八貫,102.5,103.0,100.5,101.0,283617.0
2026-08-18,TWSE,1402,遠東新,27.1,27.55,27.0,27.55,9075876.0
2026-08-18,TWSE,1409,新纖,25.25,25.4,24.3,24.4,12953959.0
2026-08-18,TWSE,1410,南染,25.6,26.0,25.55,25.85,52890.0
2026-08-18,TWSE,1413,宏洲,9.44,9.44,9.4,9.4,9535.0
2026-08-18,TWSE,1414,東和,19.6,20.4,19.3,20.15,327407.0
2026-08-18,TWSE,1416,廣豐,11.9,12.0,11.8,11.85,615515.0
2026-08-18,TWSE,1417,嘉裕,8.32,8.32,8.23,8.28,169106.0
2026-08-18,TWSE,1418,東華,17.85,17.85,17.85,17.85,5111.0
2026-08-18,TWSE,1419,新紡,65.4,65.6,63.2,64.1,198610.0
2026-08-18,TWSE,1423,利華,36.0,36.0,35.5,35.5,7019.0
2026-08-18,TWSE,1432,大魯閣,15.1,15.15,15.0,15.15,83740.0
2026-08-18,TWSE,1434,福懋,17.5,17.65,17.5,17.6,1102623.0
2026-08-18,TWSE,1435,中福,24.9,24.9,24.2,24.2,5256.0
2026-08-18,TWSE,1436,華友聯,36.55,37.3,36.45,37.3,166706.0
2026-08-18,TWSE,1437,勤益控,31.4,31.5,31.25,31.5,139318.0
2026-08-18,TWSE,1438,三地開發,22.4,22.6,22.4,22.4,14000.0
2026-08-18,TWSE,1439,雋揚,28.8,28.8,28.55,28.8,132017.0
2026-08-18,TWSE,1440,南紡,13.55,13.75,13.45,13.55,1648686.0
2026-08-18,TWSE,1441,大東,8.85,8.93,8.8,8.93,19551.0
2026-08-18,TWSE,1442,名軒,29.75,30.0,29.75,30.0,176527.0
2026-08-18,TWSE,1443,立益物流,25.0,25.05,24.85,25.05,7210.0
2026-08-18,TWSE,1444,力麗,7.2,7.2,7.07,7.13,1309268.0
2026-08-18,TWSE,1445,大宇,10.2,10.3,10.15,10.3,41073.0
2026-08-18,TWSE,1446,宏和,14.05,14.05,13.65,13.75,233544.0
2026-08-18,TWSE,1447,力鵬,6.89,6.89,6.75,6.75,1534856.0
2026-08-18,TWSE,1449,佳和,12.3,12.3,12.1,12.15,173311.0
2026-08-18,TWSE,1451,年興,17.45,17.45,17.25,17.4,31763.0
2026-08-18,TWSE,1452,宏益,11.5,11.6,11.4,11.6,18270.0
2026-08-18,TWSE,1453,大將,11.25,11.25,11.05,11.2,57681.0
2026-08-18,TWSE,1454,台富,12.65,12.65,12.55,12.65,17578.0
2026-08-18,TWSE,1455,集盛,9.78,9.95,9.61,9.94,939913.0
2026-08-18,TWSE,1456,怡華,14.15,14.15,13.8,13.9,26002.0
2026-08-18,TWSE,1457,宜進,14.35,14.5,14.35,14.45,36090.0
2026-08-18,TWSE,1459,聯發,14.2,14.2,13.9,14.0,67551.0
2026-08-18,TWSE,1460,宏遠,6.6,6.6,6.55,6.58,226264.0
2026-08-18,TWSE,1463,強盛新,17.8,17.8,17.6,17.65,52185.0
2026-08-18,TWSE,1464,得力,10.2,10.2,10.05,10.15,363838.0
2026-08-18,TWSE,1465,偉全,12.2,12.2,12.0,12.1,163095.0
2026-08-18,TWSE,1466,聚隆,17.05,17.1,16.2,16.4,544859.0
2026-08-18,TWSE,1467,南緯,8.53,8.64,8.47,8.47,216032.0
2026-08-18,TWSE,1468,昶和,13.25,13.3,13.0,13.3,45009.0
2026-08-18,TWSE,1470,大統新創,23.05,23.35,23.05,23.35,4007.0
2026-08-18,TWSE,1471,首利,9.5,9.6,9.43,9.45,56410.0
2026-08-18,TWSE,1472,三洋實業,89.0,89.2,89.0,89.2,2265.0
2026-08-18,TWSE,1473,台南,19.9,20.05,19.9,19.95,51604.0
2026-08-18,TWSE,1474,弘裕,9.95,10.05,9.94,10.05,70345.0
2026-08-18,TWSE,1475,業旺,25.45,25.55,24.9,25.4,71069.0
2026-08-18,TWSE,1476,儒鴻,326.5,326.5,315.5,316.5,1762494.0
2026-08-18,TWSE,1477,聚陽,212.0,212.5,203.0,204.5,4825066.0
2026-08-18,TWSE,1503,士電,198.0,204.0,198.0,203.5,1319204.0
2026-08-18,TWSE,1504,東元,71.4,72.7,70.3,71.9,11350688.0
2026-08-18,TWSE,1506,正道,10.2,10.3,10.15,10.15,175099.0
2026-08-18,TWSE,1512,瑞利,6.7,6.71,6.54,6.69,12108.0
2026-08-18,TWSE,1513,中興電,169.5,172.5,167.0,171.0,3454633.0
2026-08-18,TWSE,1514,亞力,101.0,102.0,100.5,102.0,712574.0
2026-08-18,TWSE,1515,力山,35.7,36.9,33.25,34.25,9536882.0
2026-08-18,TWSE,1516,川飛,14.75,14.75,14.75,14.75,7952.0
2026-08-18,TWSE,1517,利奇,11.4,11.5,11.35,11.4,276034.0
2026-08-18,TWSE,1519,華城,708.0,728.0,697.0,720.0,884566.0
2026-08-18,TWSE,1521,大億,25.55,25.9,25.55,25.9,14812.0
2026-08-18,TWSE,1522,堤維西,27.85,28.3,27.7,28.2,393017.0
2026-08-18,TWSE,1524,耿鼎,27.05,27.2,26.95,27.05,216670.0
2026-08-18,TWSE,1525,江申,68.0,68.0,66.4,67.0,24217.0
2026-08-18,TWSE,1526,日馳,17.3,17.65,17.1,17.2,409259.0
2026-08-18,TWSE,1527,鑽全,32.85,33.05,32.55,32.95,352677.0
2026-08-18,TWSE,1528,恩德,19.7,19.75,18.95,19.1,597376.0
2026-08-18,TWSE,1529,樂事綠能,17.0,17.1,16.85,17.05,197146.0
2026-08-18,TWSE,1530,亞崴,29.2,29.3,28.8,29.05,18682.0
2026-08-18,TWSE,1531,高林股,13.0,13.0,12.95,12.95,70454.0
2026-08-18,TWSE,1532,勤美,21.85,22.45,21.75,22.4,496586.0
2026-08-18,TWSE,1533,車王電,32.25,32.25,31.4,31.5,127693.0
2026-08-18,TWSE,1535,中宇,45.8,46.0,45.7,46.0,43093.0
2026-08-18,TWSE,1536,和大,51.0,52.8,51.0,51.4,1535004.0
2026-08-18,TWSE,1537,廣隆,127.0,127.5,126.5,127.5,195672.0
2026-08-18,TWSE,1538,正峰,9.2,9.2,9.2,9.2,1032.0
2026-08-18,TWSE,1539,巨庭,15.9,16.0,15.9,15.95,16091.0
2026-08-18,TWSE,1540,喬福,19.2,19.35,19.15,19.2,87880.0
2026-08-18,TWSE,1541,錩泰,22.1,22.6,21.8,21.85,12030.0
2026-08-18,TWSE,1558,伸興,96.6,99.9,96.4,99.7,151905.0
2026-08-18,TWSE,1560,中砂,725.0,749.0,715.0,742.0,2199587.0
2026-08-18,TWSE,1563,巧新,64.9,64.9,61.7,62.0,686425.0
2026-08-18,TWSE,1568,倉佑,29.6,29.8,29.1,29.6,240242.0
2026-08-18,TWSE,1582,信錦,74.2,74.7,73.2,73.4,312865.0
2026-08-18,TWSE,1583,程泰,49.7,49.7,49.2,49.5,7475.0
2026-08-18,TWSE,1587,吉茂,24.45,24.85,24.25,24.25,293059.0
2026-08-18,TWSE,1590,亞德客-KY,1440.0,1480.0,1440.0,1465.0,326380.0
2026-08-18,TWSE,1597,直得,144.5,151.0,144.5,145.0,1606963.0
2026-08-18,TWSE,1598,岱宇,20.55,20.8,19.9,20.0,406006.0
2026-08-18,TWSE,1603,華電,31.25,31.25,30.45,30.9,292514.0
2026-08-18,TWSE,1604,聲寶,23.2,23.2,23.0,23.1,179155.0
2026-08-18,TWSE,1605,華新,38.7,38.7,37.6,38.5,26788831.0
2026-08-18,TWSE,1608,華榮,36.95,37.0,36.05,36.35,4006303.0
2026-08-18,TWSE,1609,大亞,38.3,38.35,37.1,37.45,3328173.0
2026-08-18,TWSE,1611,中電,12.15,12.25,12.0,12.15,415004.0
2026-08-18,TWSE,1612,宏泰,34.9,34.9,34.2,34.5,623511.0
2026-08-18,TWSE,1614,三洋電,30.65,30.75,30.6,30.7,19274.0
2026-08-18,TWSE,1615,大山,44.0,44.0,43.4,43.9,140232.0
2026-08-18,TWSE,1616,億泰,19.1,19.3,19.1,19.2,167360.0
2026-08-18,TWSE,1617,榮星,18.5,18.7,18.2,18.2,572760.0
2026-08-18,TWSE,1618,合機,40.1,40.25,38.7,39.0,1552672.0
2026-08-18,TWSE,1623,大東電,209.0,209.0,205.5,206.0,87671.0
2026-08-18,TWSE,1626,艾美特-KY,9.51,9.74,9.43,9.69,252977.0
2026-08-18,TWSE,1702,南僑,32.2,32.2,32.05,32.15,207216.0
2026-08-18,TWSE,1707,葡萄王,89.4,90.6,89.3,90.6,348786.0
2026-08-18,TWSE,1708,東鹼,48.2,49.7,48.2,48.8,1711710.0
2026-08-18,TWSE,1709,和益,30.9,33.35,30.55,32.75,13746538.0
2026-08-18,TWSE,1710,東聯,15.2,15.3,14.9,15.2,2984444.0
2026-08-18,TWSE,1711,永光,38.55,39.85,38.5,39.55,3666173.0
2026-08-18,TWSE,1712,興農,38.8,39.05,38.8,38.95,499231.0
2026-08-18,TWSE,1713,國化,45.95,45.95,44.35,44.4,434504.0
2026-08-18,TWSE,1714,和桐,16.75,17.5,16.5,17.15,24001086.0
2026-08-18,TWSE,1717,長興,71.3,73.6,70.5,71.8,10371497.0
2026-08-18,TWSE,1718,中纖,11.25,11.25,10.65,10.65,22847244.0
2026-08-18,TWSE,1720,生達,56.1,56.1,55.7,55.9,130882.0
2026-08-18,TWSE,1721,三晃,20.05,20.7,20.0,20.0,503088.0
2026-08-18,TWSE,1722,台肥,45.4,45.6,45.2,45.5,1429520.0
2026-08-18,TWSE,1723,中碳,82.3,87.7,82.1,87.1,1268792.0
2026-08-18,TWSE,1725,元禎,31.0,31.1,30.6,31.1,46572.0
2026-08-18,TWSE,1726,永記,77.5,77.9,77.5,77.6,11191.0
2026-08-18,TWSE,1727,中華化,80.0,82.6,80.0,82.6,5024921.0
2026-08-18,TWSE,1730,花仙子,51.4,51.5,51.3,51.3,25916.0
2026-08-18,TWSE,1731,美吾華,20.9,21.0,20.8,20.8,121774.0
2026-08-18,TWSE,1732,毛寶,26.25,26.25,26.1,26.15,84256.0
2026-08-18,TWSE,1733,五鼎,30.9,31.05,30.6,31.05,95110.0
2026-08-18,TWSE,1734,杏輝,31.8,31.8,31.5,31.65,90072.0
2026-08-18,TWSE,1735,日勝化,20.55,20.85,20.55,20.65,30447.0
2026-08-18,TWSE,1736,喬山,134.0,134.0,130.5,131.5,910659.0
2026-08-18,TWSE,1737,臺鹽,32.1,32.2,31.95,32.05,472647.0
2026-08-18,TWSE,1752,南光,31.85,31.9,31.8,31.85,12077.0
2026-08-18,TWSE,1760,寶齡富錦,58.4,58.6,58.2,58.4,92670.0
2026-08-18,TWSE,1762,中化生,35.1,35.25,34.85,35.0,119500.0
2026-08-18,TWSE,1773,勝一,157.5,159.5,157.5,157.5,317114.0
2026-08-18,TWSE,1776,展宇,16.9,17.1,16.8,17.1,26365.0
2026-08-18,TWSE,1783,和康生,40.5,40.75,40.15,40.25,104214.0
2026-08-18,TWSE,1786,科妍,48.95,50.0,48.95,49.8,78132.0
2026-08-18,TWSE,1789,神隆,18.35,19.05,18.35,19.0,667330.0
2026-08-18,TWSE,1795,美時,180.0,185.0,180.0,183.5,806081.0
2026-08-18,TWSE,1802,台玻,58.8,60.2,57.6,58.8,30001144.0
2026-08-18,TWSE,1805,寶徠,10.0,10.0,9.88,9.96,138307.0
2026-08-18,TWSE,1806,冠軍,7.86,7.97,7.58,7.86,812283.0
2026-08-18,TWSE,1808,潤隆,32.6,33.1,32.35,33.0,803021.0
2026-08-18,TWSE,1809,中釉,40.15,40.4,39.05,39.35,1020534.0
2026-08-18,TWSE,1810,和成,28.05,29.0,26.05,26.2,23881635.0
2026-08-18,TWSE,1817,凱撒衛,39.45,40.35,39.45,40.0,158680.0
2026-08-18,TWSE,1903,士紙,47.5,47.7,47.1,47.65,111752.0
2026-08-18,TWSE,1904,正隆,24.4,24.8,23.95,24.8,1974343.0
2026-08-18,TWSE,1905,華紙,13.55,13.6,13.4,13.45,1937495.0
2026-08-18,TWSE,1906,寶隆,11.35,11.6,11.3,11.55,100529.0
2026-08-18,TWSE,1907,永豐餘,28.8,29.45,28.6,29.4,823286.0
2026-08-18,TWSE,1909,榮成,10.55,11.5,10.45,11.45,18088541.0
2026-08-18,TWSE,2002,中鋼,19.0,19.05,18.85,18.85,25789468.0
2026-08-18,TWSE,2006,東和鋼鐵,80.5,81.5,80.0,80.0,1207128.0
2026-08-18,TWSE,2007,燁興,6.98,7.05,6.98,7.04,111978.0
2026-08-18,TWSE,2008,高興昌,30.55,31.1,30.55,31.1,29626.0
2026-08-18,TWSE,2009,第一銅,39.3,40.15,38.9,39.4,1146062.0
2026-08-18,TWSE,2010,春源,22.35,22.8,22.2,22.8,1031205.0
2026-08-18,TWSE,2012,春雨,15.1,15.2,14.9,15.2,22939.0
2026-08-18,TWSE,2013,中鋼構,41.1,41.2,40.9,41.15,40519.0
2026-08-18,TWSE,2014,中鴻,17.0,17.15,16.95,17.1,1621755.0
2026-08-18,TWSE,2015,豐興,62.0,63.3,62.0,63.2,196490.0
2026-08-18,TWSE,2017,官田鋼,8.68,8.78,8.68,8.73,185044.0
2026-08-18,TWSE,2020,美亞,21.2,21.7,21.2,21.7,529575.0
2026-08-18,TWSE,2022,聚亨,7.66,7.7,7.6,7.61,327457.0
2026-08-18,TWSE,2023,燁輝,13.65,13.8,13.65,13.75,469593.0
2026-08-18,TWSE,2024,志聯,13.25,13.5,13.25,13.5,5496.0
2026-08-18,TWSE,2025,千興,12.6,12.7,12.45,12.7,329298.0
2026-08-18,TWSE,2027,大成鋼,47.9,51.3,47.55,50.0,43019012.0
2026-08-18,TWSE,2028,威致,15.8,15.9,15.55,15.55,72536.0
2026-08-18,TWSE,2029,盛餘,21.15,21.6,21.15,21.6,416587.0
2026-08-18,TWSE,2030,彰源,20.55,21.0,20.5,20.55,2301456.0
2026-08-18,TWSE,2031,新光鋼,43.4,44.95,43.4,44.15,1820508.0
2026-08-18,TWSE,2032,新鋼,16.7,16.9,16.55,16.7,230495.0
2026-08-18,TWSE,2033,佳大,23.0,23.6,21.75,21.95,2051523.0
2026-08-18,TWSE,2034,允強,19.7,20.1,19.7,19.95,808807.0
2026-08-18,TWSE,2038,海光,12.7,12.85,12.6,12.6,209250.0
2026-08-18,TWSE,2049,上銀,370.0,395.0,370.0,381.5,7052470.0
2026-08-18,TWSE,2059,川湖,13750.0,13750.0,13750.0,13750.0,244289.0
2026-08-18,TWSE,2062,橋椿,18.9,18.9,18.7,18.8,73361.0
2026-08-18,TWSE,2069,運錩,19.75,19.95,19.75,19.85,270272.0
2026-08-18,TWSE,2072,世紀風電,152.5,152.5,151.5,151.5,167450.0
2026-08-18,TWSE,2101,南港,31.45,32.1,30.75,31.9,4244620.0
2026-08-18,TWSE,2102,泰豐,18.55,18.8,18.55,18.75,45633.0
2026-08-18,TWSE,2103,台橡,26.8,27.95,26.8,27.5,5406064.0
2026-08-18,TWSE,2104,國際中橡,10.3,10.45,10.2,10.4,2034218.0
2026-08-18,TWSE,2105,正新,30.35,30.75,30.25,30.75,4467703.0
2026-08-18,TWSE,2106,建大,17.55,17.7,17.4,17.55,649911.0
2026-08-18,TWSE,2107,厚生,25.65,25.85,25.6,25.75,160513.0
2026-08-18,TWSE,2108,南帝,28.95,29.65,28.95,29.5,818704.0
2026-08-18,TWSE,2109,華豐,14.7,14.75,14.65,14.65,94355.0
2026-08-18,TWSE,2114,鑫永銓,88.5,88.5,88.1,88.4,12621.0
2026-08-18,TWSE,2115,六暉-KY,23.3,23.3,22.85,23.2,48601.0
2026-08-18,TWSE,2201,裕隆,28.75,28.85,28.55,28.75,1733686.0
2026-08-18,TWSE,2204,中華,52.3,52.7,51.8,52.6,1148076.0
2026-08-18,TWSE,2206,三陽工業,60.8,62.0,60.5,61.8,514396.0
2026-08-18,TWSE,2207,和泰車,514.0,520.0,513.0,515.0,159384.0
2026-08-18,TWSE,2208,台船,20.3,20.3,19.4,19.55,7104943.0
2026-08-18,TWSE,2211,長榮鋼,80.5,81.2,80.1,81.0,1078839.0
2026-08-18,TWSE,2227,裕日車,48.5,48.9,48.45,48.75,16510.0
2026-08-18,TWSE,2228,劍麟,76.9,77.9,75.8,77.8,152163.0
2026-08-18,TWSE,2231,為升,105.5,106.5,98.0,98.0,668708.0
2026-08-18,TWSE,2233,宇隆,198.0,204.0,195.0,196.0,623677.0
2026-08-18,TWSE,2236,百達-KY,127.0,127.0,117.5,122.5,1019482.0
2026-08-18,TWSE,2237,華德動能-創,27.1,27.1,26.75,27.1,151317.0
2026-08-18,TWSE,2239,英利-KY,18.6,19.3,18.6,19.3,55000.0
2026-08-18,TWSE,2241,艾姆勒,32.85,32.85,31.8,32.0,368853.0
2026-08-18,TWSE,2243,宏旭-KY,40.35,42.95,39.65,40.0,341549.0
2026-08-18,TWSE,2247,汎德永業,220.0,224.0,219.0,223.5,41958.0
2026-08-18,TWSE,2248,華勝-KY,57.4,60.1,57.4,59.5,77248.0
2026-08-18,TWSE,2250,IKKA-KY,60.5,61.7,59.8,60.5,56494.0
2026-08-18,TWSE,2254,巨鎧精密-創,59.4,59.4,58.4,59.3,8003.0
2026-08-18,TWSE,2258,鴻華先進-創,31.1,31.95,31.1,31.6,208608.0
2026-08-18,TWSE,2301,光寶科,277.0,286.5,263.5,263.5,23037749.0
2026-08-18,TWSE,2302,麗正,42.15,43.7,41.45,43.2,2148842.0
2026-08-18,TWSE,2303,聯電,121.5,124.0,121.5,121.5,67357978.0
2026-08-18,TWSE,2305,全友,30.15,30.15,28.15,28.55,3881476.0
2026-08-18,TWSE,2308,台達電,1950.0,2005.0,1885.0,1885.0,13421490.0
2026-08-18,TWSE,2312,金寶,33.4,33.4,32.25,33.05,15696796.0
2026-08-18,TWSE,2313,華通,213.0,214.5,208.5,211.0,13952474.0
2026-08-18,TWSE,2314,台揚,11.2,11.2,11.0,11.1,126046.0
2026-08-18,TWSE,2316,楠梓電,160.5,169.0,158.0,167.0,2077633.0
2026-08-18,TWSE,2317,鴻海,259.5,261.0,255.0,255.0,35551968.0
2026-08-18,TWSE,2321,東訊,15.0,15.35,15.0,15.3,5708.0
2026-08-18,TWSE,2323,中環,10.95,11.95,10.6,11.7,38380889.0
2026-08-18,TWSE,2324,仁寶,43.35,44.95,40.95,41.65,263419042.0
2026-08-18,TWSE,2327,國巨*,620.0,622.0,596.0,608.0,36648051.0
2026-08-18,TWSE,2328,廣宇,45.9,46.25,45.0,45.4,1491687.0
2026-08-18,TWSE,2329,華泰,45.5,45.5,43.9,44.2,2568681.0
2026-08-18,TWSE,2330,台積電,2410.0,2420.0,2390.0,2400.0,13482456.0
2026-08-18,TWSE,2331,精英,20.7,20.7,19.65,19.8,5555081.0
2026-08-18,TWSE,2332,友訊,22.6,23.3,21.9,22.0,22509894.0
2026-08-18,TWSE,2337,旺宏,135.0,135.0,128.0,129.5,74330232.0
2026-08-18,TWSE,2338,光罩,39.9,40.8,39.05,39.4,851808.0
2026-08-18,TWSE,2340,台亞,30.35,32.25,30.2,31.45,3819731.0
2026-08-18,TWSE,2342,茂矽,39.7,40.95,38.0,40.4,3249703.0
2026-08-18,TWSE,2344,華邦電,185.5,190.0,181.5,181.5,128521974.0
2026-08-18,TWSE,2345,智邦,2300.0,2335.0,2245.0,2290.0,2439612.0
2026-08-18,TWSE,2347,聯強,90.5,91.3,87.6,88.8,4419207.0
2026-08-18,TWSE,2348,海悅,69.0,70.5,69.0,70.4,247016.0
2026-08-18,TWSE,2349,錸德,11.4,11.75,11.2,11.6,2904221.0
2026-08-18,TWSE,2351,順德,171.0,172.0,167.0,170.0,1331240.0
2026-08-18,TWSE,2352,佳世達,29.7,29.75,28.7,29.0,6969928.0
2026-08-18,TWSE,2353,宏碁,32.5,32.55,30.75,31.45,36593527.0
2026-08-18,TWSE,2354,鴻準,62.6,62.8,61.6,61.7,5633283.0
2026-08-18,TWSE,2355,敬鵬,42.0,42.4,41.35,42.35,2736039.0
2026-08-18,TWSE,2356,英業達,68.9,69.0,66.0,66.7,36590747.0
2026-08-18,TWSE,2357,華碩,985.0,986.0,921.0,938.0,5643928.0
2026-08-18,TWSE,2359,所羅門,166.5,175.0,165.0,175.0,15342121.0
2026-08-18,TWSE,2360,致茂,2335.0,2400.0,2250.0,2360.0,2123620.0
2026-08-18,TWSE,2362,藍天,49.9,49.9,48.15,48.5,1978450.0
2026-08-18,TWSE,2363,矽統,53.3,54.1,53.0,53.1,2216280.0
2026-08-18,TWSE,2364,倫飛,81.2,89.1,81.2,88.1,2044895.0
2026-08-18,TWSE,2365,昆盈,31.2,32.25,30.95,31.25,2207684.0
2026-08-18,TWSE,2367,燿華,43.5,43.5,42.5,43.45,3561282.0
2026-08-18,TWSE,2368,金像電,1020.0,1025.0,995.0,1010.0,6281786.0
2026-08-18,TWSE,2369,菱生,33.1,33.3,32.5,32.55,3701399.0
2026-08-18,TWSE,2371,大同,26.8,27.45,26.45,27.45,11349083.0
2026-08-18,TWSE,2373,震旦行,53.6,53.6,53.1,53.4,42088.0
2026-08-18,TWSE,2374,佳能,70.5,72.2,70.5,70.9,2376701.0
2026-08-18,TWSE,2375,凱美,128.0,129.0,124.0,128.0,3265752.0
2026-08-18,TWSE,2376,技嘉,380.0,381.5,358.0,358.0,22954921.0
2026-08-18,TWSE,2377,微星,158.5,158.5,149.5,149.5,18663599.0
2026-08-18,TWSE,2379,瑞昱,712.0,725.0,706.0,717.0,2663495.0
2026-08-18,TWSE,2380,虹光,19.75,19.8,19.55,19.6,52020.0
2026-08-18,TWSE,2382,廣達,332.0,339.0,330.5,333.5,30494447.0
2026-08-18,TWSE,2383,台光電,6165.0,6445.0,6110.0,6350.0,1910755.0
2026-08-18,TWSE,2385,群光,107.5,108.0,105.5,107.0,1652043.0
2026-08-18,TWSE,2387,精元,36.7,36.7,36.35,36.4,630008.0
2026-08-18,TWSE,2388,威盛,75.8,80.2,75.6,79.3,4367935.0
2026-08-18,TWSE,2390,云辰,10.25,10.3,10.15,10.25,339354.0
2026-08-18,TWSE,2392,正崴,43.25,44.75,42.25,43.3,20622343.0
2026-08-18,TWSE,2393,億光,63.1,64.3,63.1,63.4,1357067.0
2026-08-18,TWSE,2395,研華,659.0,686.0,657.0,674.0,3492618.0
2026-08-18,TWSE,2397,友通,65.8,67.2,65.2,65.8,607186.0
2026-08-18,TWSE,2399,映泰,46.25,47.3,45.5,47.0,14865245.0
2026-08-18,TWSE,2401,凌陽,26.8,27.1,26.55,26.65,1511788.0
2026-08-18,TWSE,2402,毅嘉,54.8,55.3,54.0,54.4,1005439.0
2026-08-18,TWSE,2404,漢唐,1120.0,1165.0,1120.0,1155.0,1164508.0
2026-08-18,TWSE,2405,輔信,16.2,16.3,15.85,15.9,1005666.0
2026-08-18,TWSE,2406,國碩,29.2,29.8,28.95,29.5,4800766.0
2026-08-18,TWSE,2408,南亞科,520.0,535.0,513.0,524.0,62243632.0
2026-08-18,TWSE,2409,友達,26.0,27.4,25.8,27.25,294735529.0
2026-08-18,TWSE,2412,中華電,135.0,137.0,135.0,136.0,10259320.0
2026-08-18,TWSE,2413,環科,44.2,45.05,44.15,44.75,462963.0
2026-08-18,TWSE,2414,精技,53.3,53.4,52.4,52.7,451351.0
2026-08-18,TWSE,2415,錩新,29.3,29.95,29.1,29.55,106220.0
2026-08-18,TWSE,2417,圓剛,44.8,46.4,44.8,45.05,1099507.0
2026-08-18,TWSE,2419,仲琦,24.8,25.2,24.8,25.15,284333.0
2026-08-18,TWSE,2420,新巨,59.0,59.1,57.7,58.2,996109.0
2026-08-18,TWSE,2421,建準,146.0,149.5,144.0,148.0,1495083.0
2026-08-18,TWSE,2423,固緯,74.4,75.7,73.9,74.6,213846.0
2026-08-18,TWSE,2424,隴華,8.86,8.99,8.12,8.25,28236.0
2026-08-18,TWSE,2425,承啟,40.5,40.5,38.05,38.05,4226561.0
2026-08-18,TWSE,2426,鼎元,66.4,73.2,66.0,73.2,24340496.0
2026-08-18,TWSE,2427,三商電,22.9,23.0,22.45,22.75,660133.0
2026-08-18,TWSE,2428,興勤,254.0,256.0,250.0,254.5,916609.0
2026-08-18,TWSE,2429,銘旺科,37.9,37.9,34.9,36.0,1426094.0
2026-08-18,TWSE,2430,燦坤,17.15,17.15,17.05,17.15,32755.0
2026-08-18,TWSE,2431,聯昌,10.15,10.25,10.1,10.25,136654.0
2026-08-18,TWSE,2432,倚天酷碁-創,28.0,28.0,27.85,28.0,8035.0
2026-08-18,TWSE,2433,互盛電,41.9,41.9,41.7,41.85,14233.0
2026-08-18,TWSE,2434,統懋,51.4,55.1,49.3,51.6,622774.0
2026-08-18,TWSE,2436,偉詮電,69.2,69.4,66.2,66.4,4439635.0
2026-08-18,TWSE,2438,翔耀,19.0,19.0,18.4,18.55,63452.0
2026-08-18,TWSE,2439,美律,80.2,80.5,79.7,79.7,1538081.0
2026-08-18,TWSE,2440,太空梭,13.9,14.15,13.65,13.75,325272.0
2026-08-18,TWSE,2441,超豐,121.0,122.0,118.0,119.0,2561106.0
2026-08-18,TWSE,2442,新美齊,19.5,19.5,19.15,19.15,1496338.0
2026-08-18,TWSE,2444,兆勁,11.25,11.25,10.75,11.05,257637.0
2026-08-18,TWSE,2449,京元電子,250.5,258.0,248.5,248.5,13706934.0
2026-08-18,TWSE,2450,神腦,28.4,28.4,28.1,28.15,177961.0
2026-08-18,TWSE,2451,創見,292.5,292.5,287.5,290.0,2679057.0
2026-08-18,TWSE,2453,凌群,51.8,52.1,51.6,51.9,184373.0
2026-08-18,TWSE,2454,聯發科,4205.0,4225.0,4025.0,4050.0,10559715.0
2026-08-18,TWSE,2455,全新,409.5,417.0,405.0,417.0,13651044.0
2026-08-18,TWSE,2457,飛宏,23.55,24.0,23.55,23.9,872651.0
2026-08-18,TWSE,2458,義隆,145.5,146.0,144.0,144.5,1440991.0
2026-08-18,TWSE,2459,敦吉,66.0,66.5,65.5,66.5,124035.0
2026-08-18,TWSE,2460,建通,29.65,29.65,28.7,29.05,443466.0
2026-08-18,TWSE,2461,光群雷,17.4,17.75,17.4,17.65,366329.0
2026-08-18,TWSE,2462,良得電,19.65,19.65,19.25,19.5,121958.0
2026-08-18,TWSE,2464,盟立,197.0,208.0,183.5,186.0,22801999.0
2026-08-18,TWSE,2465,麗臺,95.9,96.5,87.0,90.6,5379521.0
2026-08-18,TWSE,2466,冠西電,89.7,93.0,87.4,90.2,685810.0
2026-08-18,TWSE,2467,志聖,552.0,588.0,539.0,588.0,2156722.0
2026-08-18,TWSE,2468,華經,35.65,36.1,34.55,35.3,456659.0
2026-08-18,TWSE,2471,資通,50.1,50.1,49.65,49.85,73691.0
2026-08-18,TWSE,2472,立隆電,240.5,244.5,236.0,241.0,1349324.0
2026-08-18,TWSE,2474,可成,203.5,204.5,202.0,204.0,2542185.0
2026-08-18,TWSE,2476,鉅祥,118.5,120.0,117.0,119.5,949009.0
2026-08-18,TWSE,2477,美隆電,21.2,21.2,20.9,21.1,62416.0
2026-08-18,TWSE,2478,大毅,125.0,127.5,121.0,125.0,3070435.0
2026-08-18,TWSE,2480,敦陽科,158.5,159.5,157.0,159.5,99538.0
2026-08-18,TWSE,2481,強茂,139.0,150.0,134.0,144.5,23354044.0
2026-08-18,TWSE,2482,連宇,16.0,16.15,15.9,15.9,100231.0
2026-08-18,TWSE,2483,百容,38.0,38.6,37.05,37.65,1000190.0
2026-08-18,TWSE,2484,希華,74.2,76.4,73.0,75.0,18696942.0
2026-08-18,TWSE,2485,兆赫,43.0,43.15,41.9,42.05,1973849.0
2026-08-18,TWSE,2486,一詮,223.0,245.0,222.0,238.0,9215472.0
2026-08-18,TWSE,2488,漢平,50.5,50.6,49.65,49.65,80566.0
2026-08-18,TWSE,2489,瑞軒,31.5,32.25,30.8,32.2,7113565.0
2026-08-18,TWSE,2491,吉祥全,36.7,37.8,36.0,37.8,890359.0
2026-08-18,TWSE,2492,華新科,298.0,299.5,288.0,291.5,26783736.0
2026-08-18,TWSE,2493,揚博,200.5,210.0,191.5,192.0,5862304.0
2026-08-18,TWSE,2495,普安,39.7,39.7,38.25,38.4,1064229.0
2026-08-18,TWSE,2496,卓越,59.5,59.6,59.3,59.3,23822.0
2026-08-18,TWSE,2497,怡利電,46.6,46.85,45.8,46.4,226525.0
2026-08-18,TWSE,2498,宏達電,40.75,41.05,40.3,40.9,3295252.0
2026-08-18,TWSE,2501,國建,22.8,23.0,22.55,22.9,989968.0
2026-08-18,TWSE,2504,國產,30.5,30.8,30.35,30.55,860962.0
2026-08-18,TWSE,2505,國揚,18.2,18.2,17.95,18.0,296736.0
2026-08-18,TWSE,2506,太設,8.6,8.68,8.52,8.66,107961.0
2026-08-18,TWSE,2509,全坤建,13.75,14.4,13.75,14.3,251599.0
2026-08-18,TWSE,2511,太子,8.24,8.29,8.22,8.29,427288.0
2026-08-18,TWSE,2514,龍邦,12.05,12.05,11.7,11.95,264819.0
2026-08-18,TWSE,2515,中工,12.05,12.05,11.8,11.85,5948051.0
2026-08-18,TWSE,2516,新建,14.05,14.05,13.85,13.95,109960.0
2026-08-18,TWSE,2520,冠德,34.65,35.95,34.3,35.9,2389725.0
2026-08-18,TWSE,2524,京城,34.8,35.3,34.8,35.0,32139.0
2026-08-18,TWSE,2527,宏璟,44.35,45.3,44.0,44.45,647996.0
2026-08-18,TWSE,2528,皇普,20.05,20.4,20.05,20.4,190758.0
2026-08-18,TWSE,2530,華建,19.25,19.8,19.25,19.7,415724.0
2026-08-18,TWSE,2534,宏盛,16.6,17.0,16.6,17.0,270547.0
2026-08-18,TWSE,2535,達欣工,88.5,92.2,88.5,92.2,672512.0
2026-08-18,TWSE,2536,宏普,20.8,21.0,20.65,20.8,1251783.0
2026-08-18,TWSE,2537,聯上發,10.95,11.25,10.95,11.25,2068673.0
2026-08-18,TWSE,2538,基泰,9.11,9.13,9.07,9.12,302903.0
2026-08-18,TWSE,2539,櫻花建,41.3,42.0,40.8,41.3,2055466.0
2026-08-18,TWSE,2540,愛山林,45.0,46.1,44.9,45.6,717037.0
2026-08-18,TWSE,2542,興富發,46.0,46.95,45.8,46.8,11721317.0
2026-08-18,TWSE,2543,皇昌,38.7,38.85,38.4,38.75,649756.0
2026-08-18,TWSE,2545,皇翔,33.5,33.95,33.1,33.8,234976.0
2026-08-18,TWSE,2546,根基,99.8,107.0,99.5,105.0,629074.0
2026-08-18,TWSE,2547,日勝生,10.05,10.3,10.05,10.25,2270649.0
2026-08-18,TWSE,2548,華固,93.3,93.8,93.1,93.2,837277.0
2026-08-18,TWSE,2597,潤弘,166.5,169.0,165.5,168.0,144886.0
2026-08-18,TWSE,2601,益航,6.2,6.3,6.12,6.2,1522049.0
2026-08-18,TWSE,2603,長榮,220.0,232.0,219.0,231.5,38361520.0
2026-08-18,TWSE,2605,新興,32.6,33.0,32.15,32.9,5455470.0
2026-08-18,TWSE,2606,裕民,66.7,68.7,66.3,68.3,5088669.0
2026-08-18,TWSE,2607,榮運,49.6,50.3,49.6,50.2,403755.0
2026-08-18,TWSE,2608,嘉里大榮,28.55,28.7,28.5,28.5,163997.0
2026-08-18,TWSE,2609,陽明,51.7,54.8,51.7,54.7,97224950.0
2026-08-18,TWSE,2610,華航,19.9,20.3,19.9,20.25,24792432.0
2026-08-18,TWSE,2611,志信,14.95,15.25,14.8,15.15,1041947.0
2026-08-18,TWSE,2612,中航,54.4,55.4,54.2,55.3,592526.0
2026-08-18,TWSE,2613,中櫃,20.8,22.35,20.7,21.65,1311052.0
2026-08-18,TWSE,2614,東森,18.05,18.25,18.0,18.15,617513.0
2026-08-18,TWSE,2615,萬海,91.3,99.6,90.8,99.6,49767959.0
2026-08-18,TWSE,2616,山隆,13.4,13.5,13.35,13.35,102746.0
2026-08-18,TWSE,2617,台航,28.7,29.3,28.7,29.1,710303.0
2026-08-18,TWSE,2618,長榮航,40.05,41.8,39.9,41.8,45855032.0
2026-08-18,TWSE,2630,亞航,54.7,56.2,50.5,52.4,12849841.0
2026-08-18,TWSE,2633,台灣高鐵,26.0,26.2,25.95,26.0,5473793.0
2026-08-18,TWSE,2634,漢翔,72.2,73.7,65.8,71.0,134348819.0
2026-08-18,TWSE,2636,台驊控股,67.9,69.7,67.9,69.6,897697.0
2026-08-18,TWSE,2637,慧洋-KY,85.5,87.1,85.5,87.0,1359134.0
2026-08-18,TWSE,2642,宅配通,20.1,20.2,20.0,20.2,44101.0
2026-08-18,TWSE,2645,長榮航太,197.5,197.5,181.5,182.0,11416360.0
2026-08-18,TWSE,2646,星宇航空,20.4,20.75,20.25,20.75,3702980.0
2026-08-18,TWSE,2701,萬企,10.6,10.75,10.6,10.7,24404.0
2026-08-18,TWSE,2702,華園,12.4,12.4,12.15,12.2,21019.0
2026-08-18,TWSE,2704,國賓,46.05,46.3,45.75,46.1,52991.0
2026-08-18,TWSE,2705,六福,16.1,16.1,15.9,15.9,74214.0
2026-08-18,TWSE,2706,第一店,12.5,12.55,12.45,12.5,35940.0
2026-08-18,TWSE,2707,晶華,177.5,178.5,177.5,177.5,64067.0
2026-08-18,TWSE,2712,遠雄來,14.3,14.5,14.3,14.5,18100.0
2026-08-18,TWSE,2722,夏都,22.25,22.25,21.6,21.75,12050.0
2026-08-18,TWSE,2723,美食-KY,61.4,64.1,61.4,63.7,914200.0
2026-08-18,TWSE,2727,王品,230.5,233.0,230.0,232.5,151375.0
2026-08-18,TWSE,2731,雄獅,143.5,144.5,142.5,144.0,319977.0
2026-08-18,TWSE,2739,寒舍,36.2,36.25,35.95,35.95,48393.0
2026-08-18,TWSE,2748,雲品,38.5,38.7,38.1,38.4,40400.0
2026-08-18,TWSE,2753,八方雲集,182.0,183.0,181.5,183.0,112046.0
2026-08-18,TWSE,2762,世界健身-KY,82.6,83.5,82.2,83.2,64887.0
2026-08-18,TWSE,2801,彰銀,23.5,23.75,23.45,23.75,10363647.0
2026-08-18,TWSE,2812,台中銀,18.65,18.8,18.45,18.8,14695388.0
2026-08-18,TWSE,2816,旺旺保,33.75,34.45,33.7,34.3,473664.0
2026-08-18,TWSE,2820,華票,16.3,16.3,16.15,16.25,2502278.0
2026-08-18,TWSE,2832,台產,58.3,59.3,58.0,59.2,138032.0
2026-08-18,TWSE,2834,臺企銀,16.3,16.35,16.25,16.3,22546119.0
2026-08-18,TWSE,2836,高雄銀,11.8,12.1,11.8,12.1,3764470.0
2026-08-18,TWSE,2838,聯邦銀,19.9,20.05,19.8,19.95,1644896.0
2026-08-18,TWSE,2845,遠東銀,13.25,13.6,13.2,13.6,21840543.0
2026-08-18,TWSE,2849,安泰銀,14.05,14.55,14.05,14.55,134735.0
2026-08-18,TWSE,2850,新產,159.0,163.0,159.0,163.0,298992.0
2026-08-18,TWSE,2851,中再保,38.35,39.65,38.25,38.95,3138954.0
2026-08-18,TWSE,2852,第一保,26.95,27.4,26.95,27.3,643167.0
2026-08-18,TWSE,2855,統一證,47.4,47.4,46.3,46.6,3054527.0
2026-08-18,TWSE,2867,三商壽,9.7,9.73,9.45,9.71,15248361.0
2026-08-18,TWSE,2880,華南金,38.6,39.25,38.0,39.2,46041639.0
2026-08-18,TWSE,2881,富邦金,127.0,127.0,123.5,125.5,29364754.0
2026-08-18,TWSE,2882,國泰金,101.0,101.0,97.3,98.1,34916545.0
2026-08-18,TWSE,2883,凱基金,31.5,31.65,30.9,31.4,52124434.0
2026-08-18,TWSE,2884,玉山金,37.3,37.9,36.65,37.75,56021095.0
2026-08-18,TWSE,2885,元大金,69.7,69.9,67.8,68.3,26400971.0
2026-08-18,TWSE,2886,兆豐金,47.0,47.05,45.6,46.6,53106734.0
2026-08-18,TWSE,2887,台新新光金,37.7,37.7,36.8,37.15,78732305.0
2026-08-18,TWSE,2889,國票金,15.7,15.75,15.55,15.65,4077745.0
2026-08-18,TWSE,2890,永豐金,40.0,40.05,38.75,39.6,49677583.0
2026-08-18,TWSE,2891,中信金,66.3,66.3,65.2,65.6,26449448.0
2026-08-18,TWSE,2892,第一金,33.1,33.55,32.55,33.4,45847450.0
2026-08-18,TWSE,2897,王道銀行,10.05,10.2,10.05,10.2,3721890.0
2026-08-18,TWSE,2901,欣欣,23.5,23.95,23.5,23.95,7628.0
2026-08-18,TWSE,2903,遠百,21.65,21.85,21.6,21.6,1748066.0
2026-08-18,TWSE,2904,匯僑,12.85,12.85,12.4,12.75,114793.0
2026-08-18,TWSE,2905,三商,17.7,18.65,17.6,18.1,4979451.0
2026-08-18,TWSE,2906,高林,13.4,13.6,13.4,13.5,104184.0
2026-08-18,TWSE,2908,特力,21.8,22.0,21.7,21.9,167665.0
2026-08-18,TWSE,2910,統領,23.85,24.4,23.85,24.0,12300.0
2026-08-18,TWSE,2911,麗嬰房,6.95,6.95,6.76,6.79,102374.0
2026-08-18,TWSE,2912,統一超,214.5,214.5,212.0,213.0,2483611.0
2026-08-18,TWSE,2913,農林,10.9,10.95,10.85,10.95,548517.0
2026-08-18,TWSE,2915,潤泰全,59.5,61.5,59.4,60.6,10684415.0
2026-08-18,TWSE,2923,鼎固-KY,25.0,26.5,25.0,26.0,71596.0
2026-08-18,TWSE,2929,淘帝-KY,5.78,5.78,5.71,5.76,89424.0
2026-08-18,TWSE,2939,永邑-KY,19.5,19.55,19.35,19.35,15003.0
2026-08-18,TWSE,2945,三商家購,40.15,40.3,40.0,40.0,17367.0
2026-08-18,TWSE,3002,歐格,17.0,18.4,17.0,17.4,423237.0
2026-08-18,TWSE,3003,健和興,65.8,67.7,65.1,66.2,954655.0
2026-08-18,TWSE,3004,豐達科,126.5,128.0,123.5,125.0,282187.0
2026-08-18,TWSE,3005,神基,118.0,125.0,116.5,121.5,13860419.0
2026-08-18,TWSE,3006,晶豪科,274.0,275.5,266.5,273.0,3643620.0
2026-08-18,TWSE,3008,大立光,4670.0,5070.0,4670.0,5070.0,3382103.0
2026-08-18,TWSE,3010,華立,127.5,129.0,126.0,127.5,540041.0
2026-08-18,TWSE,3011,今皓,11.0,11.0,10.7,11.0,688597.0
2026-08-18,TWSE,3013,晟銘電,85.3,86.3,84.6,85.3,523151.0
2026-08-18,TWSE,3014,聯陽,131.5,134.0,130.5,131.5,1124810.0
2026-08-18,TWSE,3015,全漢,54.9,55.7,54.5,54.7,286740.0
2026-08-18,TWSE,3016,嘉晶,100.5,108.5,99.5,106.5,8477223.0
2026-08-18,TWSE,3017,奇鋐,3230.0,3230.0,3115.0,3150.0,3126245.0
2026-08-18,TWSE,3018,隆銘綠能,13.9,14.0,13.75,13.85,95322.0
2026-08-18,TWSE,3019,亞光,137.5,144.0,137.5,141.0,5172351.0
2026-08-18,TWSE,3021,鴻名,20.3,20.65,20.25,20.4,60428.0
2026-08-18,TWSE,3022,威強電,94.4,97.0,94.4,96.5,2686056.0
2026-08-18,TWSE,3023,信邦,311.5,313.5,307.5,310.5,566867.0
2026-08-18,TWSE,3024,憶聲,13.55,13.9,13.5,13.9,1521930.0
2026-08-18,TWSE,3025,星通,57.4,57.8,56.8,57.8,241698.0
2026-08-18,TWSE,3026,禾伸堂,647.0,692.0,605.0,689.0,1451748.0
2026-08-18,TWSE,3027,盛達,18.0,18.2,17.75,17.95,176208.0
2026-08-18,TWSE,3028,增你強,68.1,68.1,66.3,67.1,1004688.0
2026-08-18,TWSE,3029,零壹,111.5,111.5,108.5,109.5,770588.0
2026-08-18,TWSE,3030,德律,294.5,301.0,292.5,299.5,729402.0
2026-08-18,TWSE,3031,佰鴻,23.0,23.2,22.8,23.0,251706.0
2026-08-18,TWSE,3032,偉訓,83.7,87.6,81.5,82.4,1421404.0
2026-08-18,TWSE,3033,威健,48.25,48.7,46.5,46.7,7886728.0
2026-08-18,TWSE,3034,聯詠,510.0,513.0,498.5,509.0,3210961.0
2026-08-18,TWSE,3035,智原,173.5,180.0,172.0,177.0,2489821.0
2026-08-18,TWSE,3036,文曄,208.5,210.0,204.0,204.0,5558979.0
2026-08-18,TWSE,3037,欣興,1045.0,1120.0,1035.0,1120.0,53834958.0
2026-08-18,TWSE,3038,全台,20.65,20.65,20.5,20.5,77649.0
2026-08-18,TWSE,3040,遠見,37.3,38.05,37.3,37.95,13461.0
2026-08-18,TWSE,3041,揚智,23.5,23.95,23.0,23.0,796281.0
2026-08-18,TWSE,3042,晶技,187.0,196.5,184.5,195.5,28326597.0
2026-08-18,TWSE,3043,科風,21.55,22.0,21.3,21.35,104120.0
2026-08-18,TWSE,3044,健鼎,481.0,491.0,480.0,483.0,2654773.0
2026-08-18,TWSE,3045,台灣大,108.0,111.5,108.0,111.0,18636430.0
2026-08-18,TWSE,3046,建碁,60.0,62.0,59.1,62.0,1042251.0
2026-08-18,TWSE,3047,訊舟,14.35,14.35,14.0,14.05,385705.0
2026-08-18,TWSE,3048,益登,58.5,58.8,57.4,58.0,2499306.0
2026-08-18,TWSE,3049,精金,11.1,11.1,10.75,10.85,2402024.0
2026-08-18,TWSE,3050,鈺德,11.55,11.6,11.4,11.6,480980.0
2026-08-18,TWSE,3051,力特,23.6,23.65,23.0,23.05,432016.0
2026-08-18,TWSE,3052,夆典,11.4,11.4,11.2,11.3,265650.0
2026-08-18,TWSE,3054,立萬利,48.25,50.8,48.0,50.2,94176.0
2026-08-18,TWSE,3055,蔚華科,113.5,117.0,112.5,114.0,1402636.0
2026-08-18,TWSE,3056,富華新,13.9,14.15,13.9,14.05,560195.0
2026-08-18,TWSE,3057,喬鼎,16.2,17.0,16.15,16.9,108620.0
2026-08-18,TWSE,3058,立德,8.2,8.2,8.12,8.2,346483.0
2026-08-18,TWSE,3059,華晶科,41.0,41.8,40.8,40.85,4348821.0
2026-08-18,TWSE,3060,銘異,28.7,28.95,28.15,28.2,1008002.0
2026-08-18,TWSE,3062,建漢,21.0,21.3,20.85,20.9,904651.0
2026-08-18,TWSE,3090,日電貿,171.0,171.0,163.5,166.0,8823467.0
2026-08-18,TWSE,3092,鴻碩,24.45,24.45,23.5,24.05,99429.0
2026-08-18,TWSE,3094,聯傑,38.65,38.95,37.05,37.2,1672033.0
2026-08-18,TWSE,3130,一零四,212.0,215.0,211.5,214.0,203309.0
2026-08-18,TWSE,3135,凌航,166.5,167.5,165.0,166.5,814894.0
2026-08-18,TWSE,3138,耀登,97.4,102.0,97.4,100.0,388863.0
2026-08-18,TWSE,3149,正達,67.5,68.3,65.9,67.6,5239132.0
2026-08-18,TWSE,3150,鈺寶-創,17.05,17.4,17.05,17.1,61009.0
2026-08-18,TWSE,3164,景岳,15.85,15.85,15.65,15.8,53783.0
2026-08-18,TWSE,3167,大量,680.0,700.0,675.0,700.0,517030.0
2026-08-18,TWSE,3168,眾福科,42.25,42.3,41.75,42.0,24005.0
2026-08-18,TWSE,3189,景碩,896.0,932.0,881.0,905.0,38323719.0
2026-08-18,TWSE,3209,全科,53.2,53.4,52.0,52.2,1937737.0
2026-08-18,TWSE,3229,晟鈦,54.0,55.1,50.5,54.2,1616712.0
2026-08-18,TWSE,3231,緯創,193.5,193.5,184.5,187.0,51873498.0
2026-08-18,TWSE,3257,虹冠電,51.4,51.4,50.0,50.5,193069.0
2026-08-18,TWSE,3266,昇陽,13.8,14.0,13.8,14.0,18001.0
2026-08-18,TWSE,3296,勝德,23.0,23.9,23.0,23.55,19507.0
2026-08-18,TWSE,3305,昇貿,113.0,113.0,110.5,112.0,1287931.0
2026-08-18,TWSE,3308,聯德,19.5,21.3,19.5,20.45,130938.0
2026-08-18,TWSE,3311,閎暉,32.55,32.55,31.85,32.05,112095.0
2026-08-18,TWSE,3312,弘憶股,54.5,54.5,53.0,53.0,1633751.0
2026-08-18,TWSE,3321,同泰,18.15,19.0,18.15,18.5,90955.0
2026-08-18,TWSE,3338,泰碩,63.8,64.5,62.6,63.6,211448.0
2026-08-18,TWSE,3346,麗清,20.2,20.35,20.05,20.3,263745.0
2026-08-18,TWSE,3356,奇偶,67.0,67.0,64.1,65.1,1422115.0
2026-08-18,TWSE,3376,新日興,191.0,196.0,190.0,193.0,4301014.0
2026-08-18,TWSE,3380,明泰,27.85,28.1,27.6,28.0,850727.0
2026-08-18,TWSE,3406,玉晶光,630.0,676.0,625.0,676.0,6365961.0
2026-08-18,TWSE,3413,京鼎,295.5,300.0,294.0,297.0,722247.0
2026-08-18,TWSE,3416,融程電,184.0,187.0,180.5,184.0,316151.0
2026-08-18,TWSE,3419,譁裕,12.1,12.1,11.95,12.1,52023.0
2026-08-18,TWSE,3432,台端,15.1,15.35,15.1,15.25,36397.0
2026-08-18,TWSE,3437,榮創,17.5,17.7,17.45,17.55,256873.0
2026-08-18,TWSE,3443,創意,5475.0,5990.0,5360.0,5850.0,3216422.0
2026-08-18,TWSE,3447,展達,26.9,27.3,26.8,27.1,40078.0
2026-08-18,TWSE,3450,聯鈞,510.0,550.0,502.0,550.0,2057160.0
2026-08-18,TWSE,3481,群創,50.5,51.3,48.85,51.2,248739294.0
2026-08-18,TWSE,3494,誠研,7.11,7.17,7.11,7.15,96388.0
2026-08-18,TWSE,3501,維熹,40.5,40.5,39.8,39.9,171569.0
2026-08-18,TWSE,3504,揚明光,74.2,80.5,74.2,79.0,2918720.0
2026-08-18,TWSE,3515,華擎,227.0,228.5,220.0,220.5,499879.0
2026-08-18,TWSE,3518,柏騰,28.3,28.85,27.9,28.6,208279.0
2026-08-18,TWSE,3528,安馳,90.4,90.4,87.5,88.0,415552.0
2026-08-18,TWSE,3530,晶相光,57.5,58.0,56.3,56.3,96033.0
2026-08-18,TWSE,3532,台勝科,346.0,387.5,342.0,371.5,15693543.0
2026-08-18,TWSE,3533,嘉澤,1665.0,1730.0,1665.0,1700.0,2456403.0
2026-08-18,TWSE,3535,晶彩科,92.0,92.6,91.3,92.3,320310.0
2026-08-18,TWSE,3543,州巧,40.25,44.1,40.25,42.95,5942801.0
2026-08-18,TWSE,3545,敦泰,49.6,49.85,48.6,49.65,677065.0
2026-08-18,TWSE,3550,聯穎,23.75,24.0,23.25,23.25,876243.0
2026-08-18,TWSE,3557,嘉威,24.45,24.55,24.35,24.45,32830.0
2026-08-18,TWSE,3563,牧德,696.0,705.0,681.0,699.0,280111.0
2026-08-18,TWSE,3576,聯合再生,17.8,18.3,17.25,17.85,13488186.0
2026-08-18,TWSE,3583,辛耘,707.0,744.0,704.0,729.0,714183.0
2026-08-18,TWSE,3588,通嘉,54.5,54.8,54.0,54.2,82966.0
2026-08-18,TWSE,3591,艾笛森,20.6,20.8,20.5,20.6,243283.0
2026-08-18,TWSE,3592,瑞鼎,233.5,233.5,228.5,229.5,222136.0
2026-08-18,TWSE,3593,力銘,11.5,11.5,11.2,11.2,30866.0
2026-08-18,TWSE,3596,智易,166.0,168.0,163.5,164.0,1011875.0
2026-08-18,TWSE,3605,宏致,131.5,136.5,128.0,131.5,7347466.0
2026-08-18,TWSE,3607,谷崧,14.1,14.2,14.05,14.1,128089.0
2026-08-18,TWSE,3617,碩天,250.0,264.0,248.5,260.0,1983032.0
2026-08-18,TWSE,3622,洋華,51.8,51.8,49.7,50.0,841866.0
2026-08-18,TWSE,3645,達邁,69.2,70.2,68.6,69.1,774058.0
2026-08-18,TWSE,3652,精聯,37.85,37.85,36.2,37.0,1830388.0
2026-08-18,TWSE,3653,健策,5340.0,5340.0,5340.0,5340.0,1197711.0
2026-08-18,TWSE,3661,世芯-KY,4350.0,4490.0,4060.0,4060.0,4619421.0
2026-08-18,TWSE,3665,貿聯-KY,2185.0,2185.0,2095.0,2135.0,1878863.0
2026-08-18,TWSE,3669,圓展,38.55,39.15,38.0,38.15,193857.0
2026-08-18,TWSE,3673,TPK-KY,61.5,62.8,61.1,62.6,1983039.0
2026-08-18,TWSE,3679,新至陞,110.0,110.5,109.0,109.5,36162.0
2026-08-18,TWSE,3686,達能,14.25,14.6,14.25,14.4,35423.0
2026-08-18,TWSE,3694,海華,53.8,54.1,52.5,52.7,681174.0
2026-08-18,TWSE,3701,大眾控,40.15,41.8,40.15,41.05,558020.0
2026-08-18,TWSE,3702,大聯大,114.5,116.0,109.5,111.0,11002940.0
2026-08-18,TWSE,3703,欣陸,19.95,19.95,19.5,19.7,2879920.0
2026-08-18,TWSE,3704,合勤控,43.75,44.9,42.6,43.3,3636390.0
2026-08-18,TWSE,3705,永信,54.2,54.3,53.9,54.3,115647.0
2026-08-18,TWSE,3706,神達,93.2,93.2,91.1,92.1,8689411.0
2026-08-18,TWSE,3708,上緯投控,100.0,104.0,100.0,103.5,375299.0
2026-08-18,TWSE,3711,日月光投控,626.0,643.0,615.0,615.0,21459779.0
2026-08-18,TWSE,3712,永崴投控,22.1,23.55,21.6,22.35,1827536.0
2026-08-18,TWSE,3714,富采,57.6,60.2,57.0,59.7,8227127.0
2026-08-18,TWSE,3715,定穎投控,114.5,116.0,111.0,115.0,6106615.0
2026-08-18,TWSE,3716,中化控股,34.8,35.15,34.5,34.75,588447.0
2026-08-18,TWSE,3717,聯嘉投控,22.9,22.9,22.1,22.15,1488414.0
2026-08-18,TWSE,4104,佳醫,71.3,71.9,71.1,71.8,137101.0
2026-08-18,TWSE,4106,雃博,24.45,24.85,24.4,24.85,114548.0
2026-08-18,TWSE,4108,懷特,11.1,11.1,10.8,11.05,638331.0
2026-08-18,TWSE,4119,旭富,53.0,53.8,51.7,53.4,426048.0
2026-08-18,TWSE,4133,亞諾法,20.8,20.95,20.7,20.85,60743.0
2026-08-18,TWSE,4137,麗豐-KY,93.2,93.3,90.1,90.4,570406.0
2026-08-18,TWSE,4142,國光生,17.15,17.3,17.1,17.25,292250.0
2026-08-18,TWSE,4148,全宇生技-KY,31.3,31.95,31.2,31.95,38421.0
2026-08-18,TWSE,4155,訊映,14.8,14.85,14.7,14.8,198927.0
2026-08-18,TWSE,4164,承業醫,26.6,26.6,26.05,26.2,328476.0
2026-08-18,TWSE,4169,泰宗,153.0,155.0,148.5,149.0,236355.0
2026-08-18,TWSE,4178,永笙-KY,17.8,17.8,17.5,17.5,115815.0
2026-08-18,TWSE,4190,佐登-KY,24.4,24.75,24.4,24.5,7511.0
2026-08-18,TWSE,4195,基米-創,14.7,14.7,14.0,14.5,150633.0
2026-08-18,TWSE,4306,炎洲,15.3,15.8,15.15,15.7,2467936.0
2026-08-18,TWSE,4414,如興,8.8,8.8,8.5,8.65,116836.0
2026-08-18,TWSE,4426,利勤,7.87,7.89,7.8,7.83,40620.0
2026-08-18,TWSE,4438,廣越,61.7,61.7,59.7,60.5,154402.0
2026-08-18,TWSE,4439,冠星-KY,101.5,106.0,101.5,104.5,55859.0
2026-08-18,TWSE,4440,宜新實業,17.7,17.8,17.6,17.8,77101.0
2026-08-18,TWSE,4441,振大環球,199.5,199.5,195.0,196.0,82340.0
2026-08-18,TWSE,4526,東台,30.75,31.8,30.75,30.9,1193740.0
2026-08-18,TWSE,4532,瑞智,23.5,23.9,23.5,23.8,406499.0
2026-08-18,TWSE,4536,拓凱,167.0,168.5,166.5,167.5,166913.0
2026-08-18,TWSE,4540,全球傳動,60.2,65.3,60.2,61.2,5219661.0
2026-08-18,TWSE,4545,銘鈺,32.6,32.6,32.1,32.45,47027.0
2026-08-18,TWSE,4551,智伸科,163.0,173.0,162.0,170.5,1646015.0
2026-08-18,TWSE,4552,力達-KY,17.45,17.6,17.45,17.6,14557.0
2026-08-18,TWSE,4555,氣立,48.6,50.2,48.6,49.0,274055.0
2026-08-18,TWSE,4557,永新-KY,52.6,52.6,51.1,51.4,38795.0
2026-08-18,TWSE,4560,強信-KY,32.15,32.45,31.95,32.45,198035.0
2026-08-18,TWSE,4562,穎漢,33.5,34.7,32.85,32.85,647870.0
2026-08-18,TWSE,4564,元翎,18.15,18.35,17.15,17.4,2281891.0
2026-08-18,TWSE,4566,時碩工業,76.1,76.9,73.9,74.6,3030563.0
2026-08-18,TWSE,4569,六方科-KY,161.0,163.0,160.0,162.0,25117.0
2026-08-18,TWSE,4571,鈞興-KY,168.5,172.0,168.5,170.0,153065.0
2026-08-18,TWSE,4572,駐龍,140.5,141.0,138.0,141.0,32254.0
2026-08-18,TWSE,4576,大銀微系統,220.0,233.0,220.0,225.5,2760470.0
2026-08-18,TWSE,4581,光隆精密-KY,47.65,48.1,47.6,48.1,8252.0
2026-08-18,TWSE,4582,聚恆-創,25.5,25.5,24.5,24.55,283702.0
2026-08-18,TWSE,4583,台灣精銳,493.5,499.0,490.0,495.5,97931.0
2026-08-18,TWSE,4585,達明,307.5,318.0,307.5,310.5,302591.0
2026-08-18,TWSE,4588,玖鼎電力,52.5,52.5,51.0,51.3,31068.0
2026-08-18,TWSE,4590,富田-創,95.0,99.5,88.5,88.8,1335962.0
2026-08-18,TWSE,4720,德淵,18.7,19.0,18.0,18.1,848970.0
2026-08-18,TWSE,4722,國精化,203.0,223.0,201.5,218.0,1382883.0
2026-08-18,TWSE,4736,泰博,140.5,143.0,140.0,143.0,664692.0
2026-08-18,TWSE,4737,華廣,57.4,57.5,56.5,57.2,34451.0
2026-08-18,TWSE,4739,康普,88.8,92.4,88.8,90.2,1649574.0
2026-08-18,TWSE,4746,台耀,51.4,52.4,51.4,52.2,429944.0
2026-08-18,TWSE,4755,三福化,118.0,118.5,117.0,117.0,110217.0
2026-08-18,TWSE,4763,材料*-KY,51.9,52.0,49.5,50.1,11732088.0
2026-08-18,TWSE,4764,雙鍵,234.5,238.0,224.5,225.0,951871.0
2026-08-18,TWSE,4766,南寶,337.0,339.0,331.5,332.0,202176.0
2026-08-18,TWSE,4770,上品,218.5,221.5,218.0,218.5,77035.0
2026-08-18,TWSE,4771,望隼,197.0,199.5,196.0,199.5,114313.0
2026-08-18,TWSE,4807,日成-KY,31.55,33.1,31.55,32.35,112131.0
2026-08-18,TWSE,4904,遠傳,98.9,101.0,98.7,100.5,4844191.0
2026-08-18,TWSE,4906,正文,36.3,36.7,35.7,35.85,2239577.0
2026-08-18,TWSE,4912,聯德控股-KY,91.2,93.5,91.0,92.3,229689.0
2026-08-18,TWSE,4915,致伸,60.5,61.1,60.2,60.5,1599992.0
2026-08-18,TWSE,4916,事欣科,108.0,111.0,103.0,104.0,6825530.0
2026-08-18,TWSE,4919,新唐,123.5,128.0,121.0,125.5,3892377.0
2026-08-18,TWSE,4927,泰鼎-KY,33.0,34.5,33.0,33.55,1668746.0
2026-08-18,TWSE,4930,燦星網,16.05,16.3,16.0,16.3,41316.0
2026-08-18,TWSE,4934,太極,14.05,14.65,14.05,14.5,429884.0
2026-08-18,TWSE,4935,茂林-KY,34.8,35.0,34.45,34.7,63160.0
2026-08-18,TWSE,4938,和碩,94.2,94.8,88.2,90.3,23225837.0
2026-08-18,TWSE,4942,嘉彰,33.35,33.45,33.25,33.4,25270.0
2026-08-18,TWSE,4943,康控-KY,8.58,8.62,8.2,8.2,30027.0
2026-08-18,TWSE,4949,有成精密,71.0,76.7,70.5,76.2,1686060.0
2026-08-18,TWSE,4952,凌通,51.9,53.7,51.0,52.2,1045245.0
2026-08-18,TWSE,4956,光鋐,29.95,31.45,29.75,30.8,1445444.0
2026-08-18,TWSE,4958,臻鼎-KY,491.5,515.0,484.0,503.0,45341520.0
2026-08-18,TWSE,4960,誠美材,21.45,21.85,21.05,21.55,3087768.0
2026-08-18,TWSE,4961,天鈺,163.5,165.5,160.0,165.0,347415.0
2026-08-18,TWSE,4967,十銓,270.0,270.0,262.5,263.5,3778958.0
2026-08-18,TWSE,4968,立積,94.3,95.4,92.5,93.2,548614.0
2026-08-18,TWSE,4976,佳凌,37.95,40.8,37.9,38.7,6039794.0
2026-08-18,TWSE,4977,眾達-KY,147.0,158.0,143.5,158.0,3202647.0
2026-08-18,TWSE,4989,榮科,65.2,65.9,63.8,64.8,3783488.0
2026-08-18,TWSE,4994,傳奇,85.1,86.7,83.1,83.9,20433.0
2026-08-18,TWSE,4999,鑫禾,18.75,18.95,18.5,18.95,21373.0
2026-08-18,TWSE,5007,三星,55.9,56.4,55.9,56.3,39553.0
2026-08-18,TWSE,5203,訊連,61.2,61.2,60.1,60.2,172800.0
2026-08-18,TWSE,5215,科嘉-KY,41.15,41.15,40.3,40.5,55200.0
2026-08-18,TWSE,5222,全訊,125.0,125.5,120.0,120.0,275677.0
2026-08-18,TWSE,5225,東科-KY,61.0,61.2,60.5,60.8,213914.0
2026-08-18,TWSE,5234,達興材料,325.0,326.0,319.0,319.0,169188.0
2026-08-18,TWSE,5236,凌陽創新,139.0,139.5,136.5,138.5,61227.0
2026-08-18,TWSE,5243,乙盛-KY,89.7,91.2,89.5,90.6,414940.0
2026-08-18,TWSE,5244,弘凱,32.85,33.4,32.85,33.3,57097.0
2026-08-18,TWSE,5258,虹堡,48.2,49.15,47.65,49.15,196100.0
2026-08-18,TWSE,5269,祥碩,1380.0,1395.0,1375.0,1385.0,258260.0
2026-08-18,TWSE,5283,禾聯碩,58.3,58.3,56.4,57.9,119475.0
2026-08-18,TWSE,5284,jpp-KY,293.5,298.5,290.0,297.0,133932.0
2026-08-18,TWSE,5285,界霖,77.5,77.9,75.1,77.8,677224.0
2026-08-18,TWSE,5288,豐祥-KY,187.5,196.0,187.5,195.5,148034.0
2026-08-18,TWSE,5292,華懋,193.0,196.0,188.5,195.0,169718.0
2026-08-18,TWSE,5306,桂盟,94.0,94.7,93.0,93.6,68725.0
2026-08-18,TWSE,5388,中磊,80.8,80.8,78.9,79.3,3598243.0
2026-08-18,TWSE,5434,崇越,520.0,525.0,513.0,516.0,443874.0
2026-08-18,TWSE,5469,瀚宇博,74.1,75.5,74.0,74.9,991150.0
2026-08-18,TWSE,5471,松翰,59.0,60.4,58.1,58.4,3439696.0
2026-08-18,TWSE,5484,慧友,40.8,41.9,40.0,40.15,231267.0
2026-08-18,TWSE,5515,建國,49.7,53.2,49.7,53.2,1652380.0
2026-08-18,TWSE,5519,隆大,27.75,27.9,27.55,27.75,268497.0
2026-08-18,TWSE,5521,工信,10.65,11.05,10.65,10.95,5234041.0
2026-08-18,TWSE,5522,遠雄,62.0,63.0,61.8,62.7,476700.0
2026-08-18,TWSE,5525,順天,21.85,22.0,21.6,22.0,72714.0
2026-08-18,TWSE,5531,鄉林,7.42,7.45,7.36,7.44,394320.0
2026-08-18,TWSE,5533,皇鼎,13.8,14.0,13.8,14.0,74319.0
2026-08-18,TWSE,5534,長虹,79.6,80.0,78.9,79.4,952060.0
2026-08-18,TWSE,5538,東明-KY,34.15,35.2,34.05,34.6,74376.0
2026-08-18,TWSE,5546,永固-KY,14.25,14.25,13.8,14.0,5597.0
2026-08-18,TWSE,5607,遠雄港,51.4,53.3,51.1,53.1,1385868.0
2026-08-18,TWSE,5608,四維航,14.2,14.5,14.1,14.5,2450714.0
2026-08-18,TWSE,5706,鳳凰,45.75,45.75,45.15,45.55,83477.0
2026-08-18,TWSE,5871,中租-KY,111.5,112.0,108.5,108.5,8024406.0
2026-08-18,TWSE,5876,上海商銀,42.1,42.55,41.9,42.25,7192187.0
2026-08-18,TWSE,5880,合庫金,24.25,25.0,24.15,24.9,35127283.0
2026-08-18,TWSE,5906,台南-KY,38.0,38.0,38.0,38.0,1025.0
2026-08-18,TWSE,5907,大洋-KY,4.97,4.97,4.9,4.94,151610.0
2026-08-18,TWSE,6005,群益證,30.9,30.9,30.35,30.55,5746891.0
2026-08-18,TWSE,6024,群益期,60.5,61.1,60.1,61.1,417022.0
2026-08-18,TWSE,6108,競國,22.4,23.35,22.2,22.9,3090934.0
2026-08-18,TWSE,6112,邁達特,46.9,46.9,45.45,45.55,472808.0
2026-08-18,TWSE,6115,鎰勝,45.1,45.15,44.9,44.95,254146.0
2026-08-18,TWSE,6116,彩晶,13.9,14.15,13.7,14.15,19508358.0
2026-08-18,TWSE,6117,迎廣,63.1,63.8,62.5,62.8,230891.0
2026-08-18,TWSE,6120,達運,13.05,13.05,12.8,12.85,1715714.0
2026-08-18,TWSE,6128,上福,20.3,20.45,20.2,20.25,48110.0
2026-08-18,TWSE,6133,金橋,23.0,23.5,22.4,22.4,901358.0
2026-08-18,TWSE,6136,富爾特,24.95,25.05,24.8,25.0,130763.0
2026-08-18,TWSE,6139,亞翔,803.0,815.0,794.0,807.0,1740927.0
2026-08-18,TWSE,6141,柏承,35.3,38.5,34.9,38.5,2064285.0
2026-08-18,TWSE,6142,友勁,9.3,9.39,9.16,9.36,471192.0
2026-08-18,TWSE,6152,百一,13.9,14.4,13.9,14.2,1034868.0
2026-08-18,TWSE,6153,嘉聯益,17.0,17.3,16.7,16.8,2169205.0
2026-08-18,TWSE,6155,鈞寶,62.6,62.8,59.9,60.4,2339631.0
2026-08-18,TWSE,6164,華興,12.1,12.1,11.75,12.0,363138.0
2026-08-18,TWSE,6165,浪凡,48.4,48.9,47.6,47.6,569470.0
2026-08-18,TWSE,6166,凌華,132.0,136.0,127.5,128.0,2510020.0
2026-08-18,TWSE,6168,宏齊,24.65,25.1,24.45,24.75,802392.0
2026-08-18,TWSE,6177,達麗,47.4,48.7,47.3,48.65,2432214.0
2026-08-18,TWSE,6183,關貿,93.0,93.8,92.4,93.8,16639.0
2026-08-18,TWSE,6184,大豐電,42.05,42.15,41.9,42.1,66269.0
2026-08-18,TWSE,6189,豐藝,48.85,48.9,47.85,48.4,458225.0
2026-08-18,TWSE,6191,精成科,85.7,86.5,84.8,85.8,1590989.0
2026-08-18,TWSE,6192,巨路,117.0,117.5,116.0,117.0,117344.0
2026-08-18,TWSE,6196,帆宣,511.0,518.0,506.0,511.0,1075330.0
2026-08-18,TWSE,6197,佳必琪,306.5,307.0,301.0,301.5,728958.0
2026-08-18,TWSE,6201,亞弘電,45.05,45.1,44.0,45.1,91175.0
2026-08-18,TWSE,6202,盛群,60.4,61.2,59.7,60.3,1153087.0
2026-08-18,TWSE,6205,詮欣,62.1,62.8,61.2,62.0,177485.0
2026-08-18,TWSE,6206,飛捷,142.5,149.5,141.0,147.0,2481998.0
2026-08-18,TWSE,6209,今國光,70.0,72.8,70.0,71.1,5565711.0
2026-08-18,TWSE,6213,聯茂,475.5,491.5,466.0,481.0,2341561.0
2026-08-18,TWSE,6214,精誠,173.0,179.5,173.0,175.5,23596009.0
2026-08-18,TWSE,6215,和椿,104.0,110.0,103.0,104.0,2087418.0
2026-08-18,TWSE,6216,居易,22.6,22.6,22.05,22.35,53959.0
2026-08-18,TWSE,6224,聚鼎,62.8,67.3,62.8,67.0,703981.0
2026-08-18,TWSE,6225,天瀚,44.4,44.4,44.4,44.4,60888.0
2026-08-18,TWSE,6226,光鼎,19.05,19.65,18.7,19.2,5520455.0
2026-08-18,TWSE,6230,尼得科超眾,115.0,115.0,111.0,112.0,41560.0
2026-08-18,TWSE,6235,華孚,38.7,39.0,38.6,39.0,260021.0
2026-08-18,TWSE,6239,力成,278.0,282.0,275.5,278.0,7819061.0
2026-08-18,TWSE,6243,迅杰,47.55,48.1,44.55,45.7,3147210.0
2026-08-18,TWSE,6257,矽格,208.0,210.5,206.5,208.0,2869251.0
2026-08-18,TWSE,6269,台郡,66.0,67.6,65.3,66.5,2758212.0
2026-08-18,TWSE,6271,同欣電,194.0,199.0,191.0,198.0,2743075.0
2026-08-18,TWSE,6272,驊陞,23.5,23.9,23.45,23.8,166314.0
2026-08-18,TWSE,6277,宏正,83.9,88.6,83.4,87.5,1459175.0
2026-08-18,TWSE,6278,台表科,172.5,179.0,172.5,175.0,5638796.0
2026-08-18,TWSE,6281,全國電,51.5,51.7,51.1,51.5,26690.0
2026-08-18,TWSE,6282,康舒,47.3,47.95,46.35,46.55,6416664.0
2026-08-18,TWSE,6283,淳安,20.0,20.4,20.0,20.3,113598.0
2026-08-18,TWSE,6285,啟碁,247.0,248.0,243.0,243.0,2765798.0
2026-08-18,TWSE,6405,悅城,39.95,40.1,39.2,39.65,275162.0
2026-08-18,TWSE,6409,旭隼,1015.0,1020.0,977.0,983.0,419990.0
2026-08-18,TWSE,6412,群電,79.0,79.0,78.2,78.7,354768.0
2026-08-18,TWSE,6414,樺漢,408.0,422.0,408.0,417.5,2078491.0
2026-08-18,TWSE,6415,矽力*-KY,472.0,476.5,450.0,453.5,3391350.0
2026-08-18,TWSE,6416,瑞祺電通,94.0,95.4,93.2,95.1,229997.0
2026-08-18,TWSE,6426,統新,219.0,240.0,218.0,239.5,1019859.0
2026-08-18,TWSE,6431,光麗-KY,18.8,20.15,18.75,19.1,81107.0
2026-08-18,TWSE,6438,迅得,145.5,148.0,145.0,147.5,278393.0
2026-08-18,TWSE,6442,光聖,1605.0,1635.0,1540.0,1630.0,2843934.0
2026-08-18,TWSE,6443,元晶,27.25,28.8,26.9,28.05,5679883.0
2026-08-18,TWSE,6446,藥華藥,1505.0,1545.0,1405.0,1410.0,4986375.0
2026-08-18,TWSE,6449,鈺邦,230.0,235.0,226.0,232.0,517036.0
2026-08-18,TWSE,6451,訊芯-KY,433.5,458.5,426.5,458.5,1446692.0
2026-08-18,TWSE,6456,GIS-KY,66.6,66.8,64.4,66.5,1665487.0
2026-08-18,TWSE,6464,台數科,78.0,79.0,78.0,78.0,30324.0
2026-08-18,TWSE,6472,保瑞,408.5,416.0,407.5,416.0,397607.0
2026-08-18,TWSE,6477,安集,40.15,41.25,37.3,38.45,11477732.0
2026-08-18,TWSE,6491,晶碩,368.5,370.5,357.0,363.5,270063.0
2026-08-18,TWSE,6504,南六,37.9,38.4,37.6,37.9,16071.0
2026-08-18,TWSE,6505,台塑化,71.1,74.2,70.1,71.1,19825746.0
2026-08-18,TWSE,6515,穎崴,6650.0,6715.0,6390.0,6610.0,430129.0
2026-08-18,TWSE,6525,捷敏-KY,144.5,149.0,140.5,147.5,1328105.0
2026-08-18,TWSE,6526,達發,609.0,615.0,596.0,605.0,383957.0
2026-08-18,TWSE,6531,愛普*,906.0,927.0,873.0,873.0,1236567.0
2026-08-18,TWSE,6533,晶心科,246.5,247.0,240.5,243.5,733485.0
2026-08-18,TWSE,6534,正瀚-創,94.0,94.0,91.2,91.4,151465.0
2026-08-18,TWSE,6541,泰福-KY,37.5,37.9,37.3,37.3,157422.0
2026-08-18,TWSE,6550,北極星藥業-KY,10.95,11.0,10.8,10.8,815383.0
2026-08-18,TWSE,6552,易華電,24.85,24.9,24.4,24.7,51536.0
2026-08-18,TWSE,6558,興能高,25.7,25.95,25.45,25.55,107570.0
2026-08-18,TWSE,6573,虹揚-KY,16.4,16.6,16.1,16.45,178527.0
2026-08-18,TWSE,6579,研揚,155.0,155.0,151.5,152.5,354031.0
2026-08-18,TWSE,6581,鋼聯,108.0,108.5,107.0,108.5,9311.0
2026-08-18,TWSE,6582,申豐,31.8,31.8,31.35,31.7,13873.0
2026-08-18,TWSE,6585,鼎基,118.0,120.0,117.5,120.0,252003.0
2026-08-18,TWSE,6589,台康生技,51.2,51.2,48.7,48.7,941878.0
2026-08-18,TWSE,6591,動力-KY,44.3,44.65,44.1,44.35,77990.0
2026-08-18,TWSE,6592,和潤企業,61.0,61.2,60.5,61.0,284026.0
2026-08-18,TWSE,6598,ABC-KY,27.8,28.8,27.8,28.7,319081.0
2026-08-18,TWSE,6605,帝寶,137.0,141.5,137.0,139.0,571379.0
2026-08-18,TWSE,6606,建德工業,26.8,27.35,26.5,27.1,99370.0
2026-08-18,TWSE,6614,資拓宏宇,36.2,36.6,35.85,36.05,24919.0
2026-08-18,TWSE,6625,必應,77.3,77.5,77.0,77.3,48256.0
2026-08-18,TWSE,6641,基士德-KY,18.0,18.1,17.95,18.1,14550.0
2026-08-18,TWSE,6645,金萬林-創,13.25,13.3,13.25,13.3,6630.0
2026-08-18,TWSE,6655,科定,116.5,116.5,116.5,116.5,2000.0
2026-08-18,TWSE,6657,華安,30.7,30.7,30.2,30.35,94070.0
2026-08-18,TWSE,6658,聯策,162.5,164.0,158.0,159.5,238652.0
2026-08-18,TWSE,6666,羅麗芬-KY,43.35,44.3,42.75,43.65,45363.0
2026-08-18,TWSE,6668,中揚光,35.85,37.95,35.85,36.1,778143.0
2026-08-18,TWSE,6669,緯穎,6585.0,6740.0,6420.0,6620.0,1483462.0
2026-08-18,TWSE,6670,復盛應用,261.5,263.0,260.5,261.5,110780.0
2026-08-18,TWSE,6671,三能-KY,22.5,22.55,22.3,22.3,11000.0
2026-08-18,TWSE,6672,騰輝電子-KY,271.0,288.0,266.0,283.0,5150608.0
2026-08-18,TWSE,6674,鋐寶科技,14.85,15.1,14.6,14.65,27392.0
2026-08-18,TWSE,6689,伊雲谷,62.6,63.3,61.3,61.3,66601.0
2026-08-18,TWSE,6691,洋基工程,733.0,735.0,718.0,730.0,505780.0
2026-08-18,TWSE,6695,芯鼎,51.8,51.8,50.1,50.2,235781.0
2026-08-18,TWSE,6698,旭暉應材,31.45,33.0,30.4,31.95,203447.0
2026-08-18,TWSE,6706,惠特,118.0,124.0,118.0,123.5,1092370.0
2026-08-18,TWSE,6715,嘉基,395.0,427.5,393.0,401.5,841588.0
2026-08-18,TWSE,6719,力智,205.0,205.0,199.0,200.5,821042.0
2026-08-18,TWSE,6722,輝創,32.6,32.7,32.35,32.7,18331.0
2026-08-18,TWSE,6742,澤米,43.4,45.0,43.4,43.75,365432.0
2026-08-18,TWSE,6743,安普新,26.15,26.15,25.6,25.6,138979.0
2026-08-18,TWSE,6753,龍德造船,158.0,159.0,144.0,147.0,5345295.0
2026-08-18,TWSE,6754,匯僑設計,41.75,42.6,41.55,41.55,8014.0
2026-08-18,TWSE,6756,威鋒電子,99.2,100.5,98.2,100.5,84403.0
2026-08-18,TWSE,6757,台灣虎航,54.3,56.1,54.3,56.0,1059266.0
2026-08-18,TWSE,6768,志強-KY,67.0,67.0,65.3,65.5,381755.0
2026-08-18,TWSE,6770,力積電,79.9,79.9,74.2,74.6,259955163.0
2026-08-18,TWSE,6771,平和環保-創,41.5,41.95,41.1,41.5,46725.0
2026-08-18,TWSE,6776,展碁國際,54.1,54.1,53.4,53.6,118570.0
2026-08-18,TWSE,6781,AES-KY,1135.0,1135.0,1090.0,1095.0,365609.0
2026-08-18,TWSE,6782,視陽,203.5,203.5,198.0,200.5,379867.0
2026-08-18,TWSE,6789,采鈺,442.0,449.0,439.0,443.5,629975.0
2026-08-18,TWSE,6790,永豐實,37.85,37.95,37.8,37.9,93112.0
2026-08-18,TWSE,6792,詠業,58.9,59.0,57.6,58.6,36241.0
2026-08-18,TWSE,6794,向榮生技,71.0,72.1,68.1,68.8,71027.0
2026-08-18,TWSE,6796,晉弘,60.1,62.0,58.6,59.1,42509.0
2026-08-18,TWSE,6799,來頡,84.6,84.8,83.9,84.1,119054.0
2026-08-18,TWSE,6805,富世達,1795.0,1950.0,1785.0,1925.0,2566805.0
2026-08-18,TWSE,6807,峰源-KY,37.95,37.95,37.25,37.25,2051.0
2026-08-18,TWSE,6830,汎銓,407.0,440.0,406.0,437.0,1878405.0
2026-08-18,TWSE,6831,邁科,684.0,700.0,651.0,687.0,699080.0
2026-08-18,TWSE,6834,天二科技,99.0,101.0,96.8,100.0,1950971.0
2026-08-18,TWSE,6835,圓裕,32.0,32.05,31.3,31.3,13300.0
2026-08-18,TWSE,6838,台新藥,23.4,23.4,22.85,22.95,30123.0
2026-08-18,TWSE,6854,錼創科技-KY創,92.4,94.0,91.2,92.2,80904.0
2026-08-18,TWSE,6861,睿生光電,215.0,215.0,207.0,209.0,189107.0
2026-08-18,TWSE,6862,三集瑞-KY,142.5,143.0,139.0,140.5,78199.0
2026-08-18,TWSE,6863,永道-KY,108.0,108.5,106.5,108.5,235629.0
2026-08-18,TWSE,6869,雲豹能源,64.1,64.1,62.3,63.5,524504.0
2026-08-18,TWSE,6873,泓德能源,68.9,70.8,67.6,67.6,523899.0
2026-08-18,TWSE,6885,全福生技,20.25,20.55,20.25,20.35,124287.0
2026-08-18,TWSE,6887,寶綠特-KY,35.7,36.4,35.55,35.55,15020.0
2026-08-18,TWSE,6890,來億-KY,168.5,168.5,162.5,162.5,320422.0
2026-08-18,TWSE,6901,鑽石投資,16.7,17.0,16.55,17.0,1493658.0
2026-08-18,TWSE,6902,GOGOLOOK,130.0,137.0,128.0,134.5,188727.0
2026-08-18,TWSE,6906,現觀科,74.8,74.8,72.1,73.5,20092.0
2026-08-18,TWSE,6908,宏碁遊戲-創,32.8,32.95,32.25,32.85,6014.0
2026-08-18,TWSE,6909,創控,40.4,40.7,40.05,40.15,211727.0
2026-08-18,TWSE,6914,阜爾運通,147.5,148.5,147.5,148.0,71942.0
2026-08-18,TWSE,6916,華凌,18.7,19.05,18.6,18.9,16200.0
2026-08-18,TWSE,6918,愛派司,74.2,75.0,74.2,74.3,32031.0
2026-08-18,TWSE,6919,康霈*,106.0,106.0,102.0,102.5,3004529.0
2026-08-18,TWSE,6921,嘉雨思-創,75.3,75.3,71.0,71.0,63781.0
2026-08-18,TWSE,6923,中台,75.9,76.4,75.6,76.2,23290.0
2026-08-18,TWSE,6924,榮惠-KY創,113.0,119.5,113.0,114.5,21458.0
2026-08-18,TWSE,6928,攸泰科技,52.0,53.0,48.9,48.9,304047.0
2026-08-18,TWSE,6931,青松健康,42.25,42.9,41.15,41.95,143333.0
2026-08-18,TWSE,6933,AMAX-KY,188.0,193.5,182.0,192.0,371482.0
2026-08-18,TWSE,6934,心誠鎂,70.9,72.8,70.9,72.7,5000.0
2026-08-18,TWSE,6936,永鴻生技,32.05,32.15,32.0,32.15,30066.0
2026-08-18,TWSE,6937,天虹,279.0,288.5,277.5,281.0,196109.0
2026-08-18,TWSE,6944,兆聯實業,741.0,764.0,730.0,760.0,277646.0
2026-08-18,TWSE,6947,台鎔科技,72.3,74.0,71.4,74.0,361534.0
2026-08-18,TWSE,6949,沛爾生醫-創,1105.0,1105.0,1050.0,1055.0,330119.0
2026-08-18,TWSE,6951,青新-創,72.5,72.5,71.4,71.5,23360.0
2026-08-18,TWSE,6952,大武山,37.2,37.55,36.0,36.6,17646.0
2026-08-18,TWSE,6955,邦睿生技-創,122.0,123.0,120.0,120.0,14114.0
2026-08-18,TWSE,6957,裕慶-KY,218.5,220.0,215.5,218.0,56567.0
2026-08-18,TWSE,6958,日盛台駿,17.4,17.95,17.4,17.85,65726.0
2026-08-18,TWSE,6962,奕力-KY,30.75,31.3,30.5,30.95,1306862.0
2026-08-18,TWSE,6965,中傑-KY,75.7,75.7,75.1,75.5,10001.0
2026-08-18,TWSE,6969,成信實業*-創,31.7,33.6,31.25,32.9,177182.0
2026-08-18,TWSE,6988,威力暘-創,12.5,12.55,12.2,12.2,51000.0
2026-08-18,TWSE,6994,富威電力,36.2,36.75,35.9,36.45,304067.0
2026-08-18,TWSE,7610,聯友金屬-創,1700.0,1850.0,1700.0,1850.0,289949.0
2026-08-18,TWSE,7631,聚賢研發-創,147.5,147.5,144.0,145.0,113010.0
2026-08-18,TWSE,7689,大鵬科CLMX,174.0,174.0,170.0,174.0,64374.0
2026-08-18,TWSE,7705,三商餐飲,30.25,31.0,30.25,30.95,24318.0
2026-08-18,TWSE,7711,永擎,476.0,476.0,466.5,475.0,491987.0
2026-08-18,TWSE,7721,微程式,64.8,65.1,63.0,63.2,68101.0
2026-08-18,TWSE,7722,LINEPAY,276.5,278.5,270.0,273.0,130169.0
2026-08-18,TWSE,7730,暉盛-創,171.5,174.0,166.5,173.0,78955.0
2026-08-18,TWSE,7732,金興精密,34.7,34.7,33.7,34.35,62000.0
2026-08-18,TWSE,7736,虎山,71.3,71.3,70.1,70.4,10002.0
2026-08-18,TWSE,7740,熙特爾-創,141.5,142.5,140.0,142.0,77771.0
2026-08-18,TWSE,7749,意騰-KY,352.5,352.5,343.5,344.0,56659.0
2026-08-18,TWSE,7750,新代,2395.0,2465.0,2340.0,2405.0,335350.0
2026-08-18,TWSE,7760,享溫馨,33.2,33.5,32.5,33.0,120204.0
2026-08-18,TWSE,7765,中華資安,226.5,227.5,224.5,224.5,41501.0
2026-08-18,TWSE,7768,頌勝科技,267.0,273.0,264.0,272.5,43502.0
2026-08-18,TWSE,7769,鴻勁,6600.0,6825.0,6465.0,6750.0,466613.0
2026-08-18,TWSE,7780,大研生醫*,16.6,16.8,16.5,16.8,683397.0
2026-08-18,TWSE,7786,東方風能,123.0,127.0,122.0,125.5,156427.0
2026-08-18,TWSE,7788,松川精密,272.0,283.5,265.5,280.0,2097731.0
2026-08-18,TWSE,7791,皇家可口,57.0,57.0,56.0,56.7,96828.0
2026-08-18,TWSE,7795,長廣,547.0,578.0,529.0,549.0,1987176.0
2026-08-18,TWSE,7799,禾榮科,367.0,367.5,350.0,350.0,275371.0
2026-08-18,TWSE,7803,雲象科技-創,19.5,20.05,19.1,19.95,60070.0
2026-08-18,TWSE,7818,溢泰實業,62.4,62.7,62.0,62.7,38942.0
2026-08-18,TWSE,7821,神數,39.5,39.65,39.35,39.45,50029.0
2026-08-18,TWSE,7822,倍利科,859.0,897.0,848.0,897.0,134815.0
2026-08-18,TWSE,7823,奧義賽博-KY創,77.7,84.9,77.7,84.4,38687.0
2026-08-18,TWSE,7827,漢康-KY創,161.0,161.0,154.0,157.0,112017.0
2026-08-18,TWSE,7835,永悅健康-創,24.0,24.0,23.4,23.4,30054.0
2026-08-18,TWSE,7855,和運租車,44.1,44.2,43.7,43.7,2336775.0
2026-08-18,TWSE,8011,台通,16.15,16.25,16.0,16.05,271314.0
2026-08-18,TWSE,8016,矽創,306.0,308.0,300.0,303.0,534422.0
2026-08-18,TWSE,8021,尖點,423.5,431.0,395.0,428.0,1631315.0
2026-08-18,TWSE,8028,昇陽半導體,264.0,271.0,262.0,265.0,2746940.0
2026-08-18,TWSE,8033,雷虎,206.5,213.5,188.0,191.5,31630547.0
2026-08-18,TWSE,8039,台虹,274.0,286.5,253.0,259.0,32146039.0
2026-08-18,TWSE,8045,達運光電,50.3,54.3,50.3,52.6,321440.0
2026-08-18,TWSE,8046,南電,1310.0,1380.0,1295.0,1295.0,19223157.0
2026-08-18,TWSE,8070,長華*,50.0,51.6,49.1,49.5,2732076.0
2026-08-18,TWSE,8072,陞泰,26.55,27.0,26.55,26.95,163879.0
2026-08-18,TWSE,8081,致新,257.5,257.5,249.0,256.0,580909.0
2026-08-18,TWSE,8101,華冠,12.05,12.05,10.9,10.9,12498.0
2026-08-18,TWSE,8103,瀚荃,79.6,82.9,78.9,80.0,852185.0
2026-08-18,TWSE,8104,錸寶,31.85,31.85,31.25,31.45,234218.0
2026-08-18,TWSE,8105,凌巨,15.1,15.1,15.1,15.1,2497790.0
2026-08-18,TWSE,8110,華東,46.85,47.1,45.8,46.05,3583286.0
2026-08-18,TWSE,8112,至上,96.2,96.2,93.0,93.5,15462674.0
2026-08-18,TWSE,8114,振樺電,204.0,206.0,202.0,203.5,404302.0
2026-08-18,TWSE,8131,福懋科,65.2,65.8,63.6,64.0,1618057.0
2026-08-18,TWSE,8150,南茂,92.5,94.0,90.0,91.5,30736479.0
2026-08-18,TWSE,8162,微矽電子-創,59.8,60.9,59.0,60.8,137218.0
2026-08-18,TWSE,8163,達方,31.85,31.95,31.5,31.7,435888.0
2026-08-18,TWSE,8201,無敵,11.85,11.85,11.45,11.7,62115.0
2026-08-18,TWSE,8210,勤誠,1005.0,1015.0,996.0,1010.0,619641.0
2026-08-18,TWSE,8213,志超,32.85,34.15,32.85,33.95,694892.0
2026-08-18,TWSE,8215,明基材,24.5,25.0,24.5,24.9,488711.0
2026-08-18,TWSE,8222,寶一,41.2,42.6,39.45,40.8,1883305.0
2026-08-18,TWSE,8249,菱光,42.55,42.9,41.9,42.0,179218.0
2026-08-18,TWSE,8261,富鼎,187.0,197.5,180.5,195.5,7579776.0
2026-08-18,TWSE,8271,宇瞻,233.5,233.5,227.5,228.0,3195900.0
2026-08-18,TWSE,8341,日友,76.2,76.6,75.8,75.8,109097.0
2026-08-18,TWSE,8367,建新國際,40.25,40.5,40.1,40.5,19337.0
2026-08-18,TWSE,8374,羅昇,85.7,91.0,85.7,85.7,1560465.0
2026-08-18,TWSE,8404,百和興業-KY,16.05,16.2,16.05,16.15,217992.0
2026-08-18,TWSE,8411,福貞-KY,13.0,13.0,12.75,13.0,72617.0
2026-08-18,TWSE,8422,可寧衛*,26.3,26.5,26.15,26.45,2577106.0
2026-08-18,TWSE,8429,金麗-KY,6.03,6.06,6.02,6.05,92501.0
2026-08-18,TWSE,8438,昶昕,67.4,67.5,66.0,67.5,164749.0
2026-08-18,TWSE,8442,威宏-KY,44.0,44.15,43.7,43.8,77289.0
2026-08-18,TWSE,8443,阿瘦,11.2,11.4,11.2,11.4,16695.0
2026-08-18,TWSE,8454,富邦媒,262.0,263.0,258.0,262.0,347642.0
2026-08-18,TWSE,8462,柏文,173.5,178.5,173.5,177.5,90844.0
2026-08-18,TWSE,8463,潤泰材,21.75,21.8,21.45,21.6,142348.0
2026-08-18,TWSE,8464,億豐,378.0,378.0,367.0,371.5,1095877.0
2026-08-18,TWSE,8466,美吉吉-KY,16.3,16.3,16.15,16.15,4011.0
2026-08-18,TWSE,8467,波力-KY,100.0,102.5,99.0,99.2,14273.0
2026-08-18,TWSE,8473,山林水,45.6,46.05,45.0,45.7,721906.0
2026-08-18,TWSE,8476,台境*,20.1,20.15,19.9,20.0,355214.0
2026-08-18,TWSE,8478,東哥遊艇,143.5,143.5,141.0,141.5,177491.0
2026-08-18,TWSE,8481,政伸,40.9,41.5,40.9,41.2,14152.0
2026-08-18,TWSE,8482,商億-KY,47.15,50.0,47.15,50.0,5102.0
2026-08-18,TWSE,8487,愛爾達-創,72.1,72.2,71.8,72.0,18914.0
2026-08-18,TWSE,8488,吉源-KY,10.05,10.35,9.8,10.0,309000.0
2026-08-18,TWSE,8499,鼎炫-KY,258.5,263.5,258.5,263.5,12158.0
2026-08-18,TWSE,8926,台汽電,56.7,57.5,56.2,56.6,2576457.0
2026-08-18,TWSE,8940,新天地,15.8,15.9,15.6,15.65,41547.0
2026-08-18,TWSE,8996,高力,1270.0,1290.0,1195.0,1215.0,2877863.0
2026-08-18,TWSE,9103,美德醫療-DR,5.17,5.21,5.14,5.2,564886.0
2026-08-18,TWSE,9105,泰金寶-DR,8.74,9.09,8.42,8.82,37949777.0
2026-08-18,TWSE,9110,越南控-DR,2.91,3.05,2.91,3.05,2000.0
2026-08-18,TWSE,9136,巨騰-DR,11.5,11.85,11.25,11.65,190254.0
2026-08-18,TWSE,9802,鈺齊-KY,71.4,71.4,70.6,71.1,414713.0
2026-08-18,TWSE,9902,台火,13.8,14.05,13.8,13.9,115033.0
2026-08-18,TWSE,9904,寶成,25.25,25.3,24.65,24.8,22058223.0
2026-08-18,TWSE,9905,大華,21.4,21.55,21.25,21.5,253395.0
2026-08-18,TWSE,9906,欣巴巴,39.35,40.0,39.15,39.6,24592.0
2026-08-18,TWSE,9907,統一實,14.8,14.9,14.75,14.85,966664.0
2026-08-18,TWSE,9908,大台北,29.0,29.1,29.0,29.05,148278.0
2026-08-18,TWSE,9910,豐泰,69.4,70.0,68.7,69.8,1886785.0
2026-08-18,TWSE,9911,櫻花,81.9,82.3,81.9,82.1,135656.0
2026-08-18,TWSE,9912,偉聯,12.5,12.9,12.5,12.85,55477.0
2026-08-18,TWSE,9914,美利達,87.5,87.6,80.6,81.5,4652345.0
2026-08-18,TWSE,9917,中保科,107.5,108.5,107.5,108.5,224596.0
2026-08-18,TWSE,9918,欣天然,43.0,43.0,42.55,42.9,21202.0
2026-08-18,TWSE,9919,康那香,13.85,13.9,13.8,13.85,57158.0
2026-08-18,TWSE,9921,巨大,99.5,101.0,96.2,97.4,3684731.0
2026-08-18,TWSE,9924,福興,38.45,38.55,38.2,38.4,220232.0
2026-08-18,TWSE,9925,新保,40.1,40.2,40.0,40.15,341589.0
2026-08-18,TWSE,9926,新海,49.0,49.0,48.85,48.85,31425.0
2026-08-18,TWSE,9927,泰銘,69.2,69.4,69.0,69.3,50324.0
2026-08-18,TWSE,9928,中視,18.6,18.6,18.45,18.6,23817.0
2026-08-18,TWSE,9929,秋雨,11.35,11.6,11.15,11.6,10412.0
2026-08-18,TWSE,9930,中聯資源,62.7,63.0,62.3,62.9,60998.0
2026-08-18,TWSE,9931,欣高,33.7,33.9,33.65,33.9,35435.0
2026-08-18,TWSE,9933,中鼎,42.7,42.85,42.0,42.25,1751601.0
2026-08-18,TWSE,9934,成霖,11.2,11.35,11.15,11.3,827460.0
2026-08-18,TWSE,9935,慶豐富,20.3,20.9,20.3,20.65,562724.0
2026-08-18,TWSE,9937,全國,54.9,55.1,54.7,55.1,23890.0
2026-08-18,TWSE,9938,百和,42.5,42.9,41.95,42.0,1088858.0
2026-08-18,TWSE,9939,宏全,131.0,133.0,130.5,131.5,645270.0
2026-08-18,TWSE,9940,信義,20.7,21.0,20.7,20.9,191357.0
2026-08-18,TWSE,9941,裕融,84.3,84.7,83.4,83.9,753483.0
2026-08-18,TWSE,9942,茂順,115.5,115.5,114.0,114.5,189247.0
2026-08-18,TWSE,9943,好樂迪,51.1,51.1,50.5,50.8,57822.0
2026-08-18,TWSE,9944,新麗,17.7,17.7,17.5,17.5,25639.0
2026-08-18,TWSE,9945,潤泰新,30.1,30.85,29.8,30.2,20253757.0
2026-08-18,TWSE,9946,三發地產,19.25,19.25,18.8,19.0,323363.0
2026-08-18,TWSE,9955,佳龍,25.1,25.25,24.75,24.75,194824.0
2026-08-18,TWSE,9958,世紀鋼,103.0,104.0,102.0,102.5,1307328.0
2026-08-18,TPEX,1240,茂生農經,56.8,57.0,56.8,56.9,24920.0
2026-08-18,TPEX,1259,安心,,,,,156.0
2026-08-18,TPEX,1264,德麥,259.0,259.0,258.0,258.5,24938.0
2026-08-18,TPEX,1268,漢來美食,181.0,181.0,176.5,179.0,41686.0
2026-08-18,TPEX,1294,漢田生技,57.1,57.1,56.0,56.1,36130.0
2026-08-18,TPEX,1295,生合,46.05,46.1,45.8,45.9,105327.0
2026-08-18,TPEX,1336,台翰,17.6,17.9,17.25,17.5,763381.0
2026-08-18,TPEX,1565,精華,94.3,94.7,94.1,94.5,43006.0
2026-08-18,TPEX,1569,濱川,43.25,44.85,42.85,44.6,553882.0
2026-08-18,TPEX,1570,力肯,33.9,33.9,33.0,33.3,63165.0
2026-08-18,TPEX,1580,新麥,107.5,107.5,107.0,107.5,62068.0
2026-08-18,TPEX,1584,精剛,18.05,18.05,17.75,17.9,220197.0
2026-08-18,TPEX,1586,和勤,19.2,19.5,18.8,18.95,1235531.0
2026-08-18,TPEX,1591,駿吉-KY,35.95,37.15,35.0,35.4,164714.0
2026-08-18,TPEX,1593,祺驊,32.25,32.25,31.6,31.7,24429.0
2026-08-18,TPEX,1595,川寶,64.0,64.4,62.0,62.0,197089.0
2026-08-18,TPEX,1599,宏佳騰,23.1,23.4,23.0,23.15,32535.0
2026-08-18,TPEX,1742,台蠟,17.6,18.4,17.35,17.95,83092.0
2026-08-18,TPEX,1777,生泰,73.9,74.5,73.7,74.1,18152.0
2026-08-18,TPEX,1780,立弘,23.65,24.05,23.6,24.05,57005.0
2026-08-18,TPEX,1781,合世,10.95,11.0,10.95,11.0,7668.0
2026-08-18,TPEX,1784,訊聯,60.4,60.7,59.7,59.7,69572.0
2026-08-18,TPEX,1785,光洋科,106.0,106.0,99.9,100.0,6666327.0
2026-08-18,TPEX,1788,杏昌,131.0,131.0,129.5,129.5,12717.0
2026-08-18,TPEX,1796,金穎生技,30.3,30.3,30.0,30.3,33004.0
2026-08-18,TPEX,1799,易威,30.85,30.85,30.0,30.0,95201.0
2026-08-18,TPEX,1813,寶利徠,11.35,11.4,11.25,11.4,19947.0
2026-08-18,TPEX,1815,富喬,98.5,105.5,94.9,95.3,70434895.0
2026-08-18,TPEX,2035,唐榮,,,,,10.0
2026-08-18,TPEX,2061,風青,51.0,51.3,48.0,48.0,2251324.0
2026-08-18,TPEX,2063,世鎧,24.7,24.7,24.15,24.6,25232.0
2026-08-18,TPEX,2064,晉椿,,,,,0.0
2026-08-18,TPEX,2065,世豐,36.3,36.3,35.85,35.85,26643.0
2026-08-18,TPEX,2066,世德,57.4,58.8,56.5,58.8,131133.0
2026-08-18,TPEX,2067,嘉鋼,5.95,5.95,5.68,5.71,119362.0
2026-08-18,TPEX,2070,精湛,61.0,66.9,60.0,66.9,804812.0
2026-08-18,TPEX,2073,雄順,25.95,26.55,25.95,26.5,7111.0
2026-08-18,TPEX,2221,大甲,54.0,54.7,53.2,54.4,331945.0
2026-08-18,TPEX,2230,泰茂,25.0,25.0,24.25,24.45,91965.0
2026-08-18,TPEX,2235,謚源,27.45,27.45,27.1,27.1,4000.0
2026-08-18,TPEX,2596,綠意,33.45,33.45,33.1,33.15,33626.0
2026-08-18,TPEX,2640,大車隊,154.0,155.0,153.0,154.0,27537.0
2026-08-18,TPEX,2641,正德,17.6,18.2,17.55,17.9,4878639.0
2026-08-18,TPEX,2643,捷迅,62.0,62.0,61.9,61.9,4465.0
2026-08-18,TPEX,2718,全心投控,49.3,50.9,48.8,49.05,97487.0
2026-08-18,TPEX,2719,燦星旅,21.0,21.0,21.0,21.0,3255.0
2026-08-18,TPEX,2724,藝舍-KY,10.65,10.65,10.65,10.65,51050.0
2026-08-18,TPEX,2726,雅茗-KY,8.67,8.67,8.39,8.43,75376.0
2026-08-18,TPEX,2729,瓦城,159.5,160.5,159.5,160.0,10971.0
2026-08-18,TPEX,2732,六角,63.1,63.5,63.0,63.5,17875.0
2026-08-18,TPEX,2734,易飛網,14.95,15.15,14.95,15.0,45433.0
2026-08-18,TPEX,2736,富野,11.4,11.5,11.4,11.4,17360.0
2026-08-18,TPEX,2740,華軒,29.9,30.15,27.3,30.15,5868.0
2026-08-18,TPEX,2743,山富,56.8,57.3,56.2,56.5,48450.0
2026-08-18,TPEX,2745,五福,88.2,88.4,87.8,87.8,51172.0
2026-08-18,TPEX,2751,王座,53.9,54.2,53.9,54.2,5008.0
2026-08-18,TPEX,2752,豆府,180.0,180.0,179.0,179.0,3174.0
2026-08-18,TPEX,2754,亞洲藏壽司,69.2,69.7,68.6,69.7,11043.0
2026-08-18,TPEX,2755,揚秦,103.5,104.0,102.0,103.0,21444.0
2026-08-18,TPEX,2756,聯發國際,58.3,63.9,58.3,61.0,182418.0
2026-08-18,TPEX,2916,滿心,40.55,40.55,40.15,40.15,25809.0
2026-08-18,TPEX,2924,宏太-KY,16.85,16.85,16.85,16.85,1000.0
2026-08-18,TPEX,2926,誠品生活,30.5,30.5,30.1,30.45,11050.0
2026-08-18,TPEX,2937,集雅社,48.2,48.2,47.7,47.7,11508.0
2026-08-18,TPEX,2941,米斯特,,,,,0.0
2026-08-18,TPEX,2947,振宇五金,62.2,62.2,62.2,62.2,4284.0
2026-08-18,TPEX,2948,寶陞,36.5,37.65,35.9,35.9,32785.0
2026-08-18,TPEX,2949,欣新網,61.1,61.1,61.0,61.0,3557.0
2026-08-18,TPEX,3064,泰偉,,,,,1.0
2026-08-18,TPEX,3066,李洲,23.95,24.05,22.75,22.9,394236.0
2026-08-18,TPEX,3067,全域,17.1,17.1,17.1,17.1,1000.0
2026-08-18,TPEX,3071,協禧,24.7,24.7,24.1,24.45,139131.0
2026-08-18,TPEX,3073,天方能源,22.85,23.0,22.6,22.7,68063.0
2026-08-18,TPEX,3078,僑威,53.7,53.7,52.9,53.0,375724.0
2026-08-18,TPEX,3081,聯亞,2850.0,3065.0,2775.0,2925.0,5626827.0
2026-08-18,TPEX,3083,網龍,23.2,23.2,23.0,23.05,90480.0
2026-08-18,TPEX,3085,新零售,,,,,122.0
2026-08-18,TPEX,3086,華義*,26.5,26.75,26.2,26.4,67946.0
2026-08-18,TPEX,3088,艾訊,129.0,129.0,125.0,127.0,750361.0
2026-08-18,TPEX,3093,港建*,47.8,47.8,46.9,47.55,159084.0
2026-08-18,TPEX,3095,及成,36.8,36.8,36.5,36.8,4048.0
2026-08-18,TPEX,3105,穩懋,400.0,406.0,373.5,374.5,28851902.0
2026-08-18,TPEX,3114,好德,33.55,34.05,32.4,32.5,304201.0
2026-08-18,TPEX,3115,富榮綱,,,,,6.0
2026-08-18,TPEX,3118,進階,31.6,31.7,31.6,31.7,17153.0
2026-08-18,TPEX,3122,笙泉,25.45,25.45,25.2,25.4,74251.0
2026-08-18,TPEX,3128,昇銳,22.4,22.55,21.75,21.75,69343.0
2026-08-18,TPEX,3131,弘塑,2500.0,2515.0,2435.0,2465.0,290405.0
2026-08-18,TPEX,3141,晶宏,73.3,73.9,69.7,69.7,526564.0
2026-08-18,TPEX,3147,大綜,231.0,231.5,225.0,225.0,416303.0
2026-08-18,TPEX,3152,璟德,225.0,225.0,218.0,218.0,70098.0
2026-08-18,TPEX,3158,嘉實,82.7,82.7,82.7,82.7,2012.0
2026-08-18,TPEX,3162,精確,62.3,62.3,60.7,61.9,440672.0
2026-08-18,TPEX,3163,波若威,733.0,733.0,711.0,711.0,1606571.0
2026-08-18,TPEX,3169,亞信,103.0,105.0,99.0,101.0,166064.0
2026-08-18,TPEX,3171,炎洲流通,64.1,64.1,63.3,63.5,14255.0
2026-08-18,TPEX,3176,基亞,34.15,35.5,34.05,34.95,539362.0
2026-08-18,TPEX,3178,公準,58.9,58.9,58.0,58.5,14126.0
2026-08-18,TPEX,3188,鑫龍騰,23.6,24.15,23.5,24.05,317705.0
2026-08-18,TPEX,3191,雲嘉南,17.75,18.2,17.75,18.05,26189.0
2026-08-18,TPEX,3205,佰研,48.8,48.8,47.6,48.65,48100.0
2026-08-18,TPEX,3206,志豐,35.55,35.55,34.8,35.25,17024.0
2026-08-18,TPEX,3207,耀勝,42.3,42.6,41.9,42.0,87344.0
2026-08-18,TPEX,3211,順達,392.5,394.5,380.0,382.5,2738467.0
2026-08-18,TPEX,3213,茂訊,134.5,135.0,132.0,132.0,284046.0
2026-08-18,TPEX,3217,優群,135.5,136.0,134.5,135.5,347134.0
2026-08-18,TPEX,3218,大學光,135.0,135.5,132.5,133.5,190404.0
2026-08-18,TPEX,3219,倚強科,71.8,72.5,70.8,70.8,153454.0
2026-08-18,TPEX,3221,台嘉碩,48.6,48.85,46.25,46.5,1585010.0
2026-08-18,TPEX,3224,三顧,35.5,35.65,35.0,35.15,15000.0
2026-08-18,TPEX,3226,龍鋒,51.7,52.3,51.7,52.3,21017.0
2026-08-18,TPEX,3227,原相,198.5,201.0,195.5,196.5,817104.0
2026-08-18,TPEX,3228,金麗科,147.0,147.0,140.0,140.0,189577.0
2026-08-18,TPEX,3230,錦明,44.0,45.0,42.1,42.5,1073397.0
2026-08-18,TPEX,3232,昱捷,19.4,19.45,19.3,19.35,13162.0
2026-08-18,TPEX,3234,光環,149.0,154.0,141.0,146.0,5658394.0
2026-08-18,TPEX,3236,千如,45.1,45.85,43.4,43.4,1509951.0
2026-08-18,TPEX,3252,海灣,15.9,15.95,15.8,15.8,76015.0
2026-08-18,TPEX,3259,鑫創,12.8,12.8,12.6,12.6,342155.0
2026-08-18,TPEX,3260,威剛,404.0,406.0,386.0,387.0,9598978.0
2026-08-18,TPEX,3264,欣銓,219.0,220.5,210.0,210.5,4173019.0
2026-08-18,TPEX,3265,台星科,172.5,182.0,168.5,171.0,3412196.0
2026-08-18,TPEX,3268,海德威,18.8,18.8,17.7,17.85,167867.0
2026-08-18,TPEX,3272,東碩,14.25,14.25,13.95,14.1,65412.0
2026-08-18,TPEX,3276,宇環,14.65,14.7,14.2,14.35,141458.0
2026-08-18,TPEX,3284,太普高,21.2,21.2,20.3,20.8,252087.0
2026-08-18,TPEX,3285,微端,37.15,37.2,36.65,37.2,28495.0
2026-08-18,TPEX,3287,廣寰科,38.0,38.7,37.0,38.5,1026591.0
2026-08-18,TPEX,3288,點晶,24.2,24.3,22.4,22.85,114856.0
2026-08-18,TPEX,3289,宜特,139.0,140.0,133.0,134.0,672532.0
2026-08-18,TPEX,3290,東浦,52.7,53.0,51.5,51.7,454889.0
2026-08-18,TPEX,3293,鈊象,728.0,742.0,721.0,742.0,1511094.0
2026-08-18,TPEX,3294,英濟,31.55,31.55,30.5,30.5,281401.0
2026-08-18,TPEX,3297,杭特,28.0,28.0,27.0,27.25,30048.0
2026-08-18,TPEX,3303,岱稜,52.8,52.8,52.1,52.5,170689.0
2026-08-18,TPEX,3306,鼎天,44.5,44.95,43.85,43.85,103247.0
2026-08-18,TPEX,3310,佳穎,67.3,69.3,67.3,68.2,24031.0
2026-08-18,TPEX,3313,斐成,10.35,10.4,10.25,10.25,93832.0
2026-08-18,TPEX,3317,尼克森,69.3,71.5,66.9,66.9,908213.0
2026-08-18,TPEX,3322,建舜電,11.65,11.65,11.15,11.15,282768.0
2026-08-18,TPEX,3323,加百裕,30.95,30.95,29.8,30.0,334445.0
2026-08-18,TPEX,3324,雙鴻,1015.0,1020.0,978.0,978.0,1655144.0
2026-08-18,TPEX,3325,旭品,11.4,11.45,11.2,11.25,147216.0
2026-08-18,TPEX,3332,幸康,61.5,61.7,61.5,61.7,5255.0
2026-08-18,TPEX,3339,泰谷,40.25,40.75,38.05,38.15,1382741.0
2026-08-18,TPEX,3349,寶德,22.2,23.4,22.2,22.6,145912.0
2026-08-18,TPEX,3354,律勝,20.7,21.0,20.4,20.55,61483.0
2026-08-18,TPEX,3357,臺慶科,220.0,221.5,212.0,213.0,1492268.0
2026-08-18,TPEX,3360,尚立,16.05,16.2,15.45,15.5,533827.0
2026-08-18,TPEX,3362,先進光,180.5,185.5,175.0,175.0,4709922.0
2026-08-18,TPEX,3363,上詮,620.0,632.0,584.0,586.0,3957141.0
2026-08-18,TPEX,3372,典範,15.4,15.45,15.0,15.05,343836.0
2026-08-18,TPEX,3373,熱映,16.55,16.75,16.5,16.5,48005.0
2026-08-18,TPEX,3374,精材,291.0,321.5,288.0,306.5,26946328.0
2026-08-18,TPEX,3379,彬台,29.95,29.95,28.8,29.5,136727.0
2026-08-18,TPEX,3388,崇越電,96.7,101.0,94.1,101.0,11803338.0
2026-08-18,TPEX,3390,旭軟,21.95,21.95,21.6,21.65,143709.0
2026-08-18,TPEX,3402,漢科,125.5,125.5,122.0,123.0,181429.0
2026-08-18,TPEX,3430,奇鈦科,113.0,119.0,113.0,118.0,861651.0
2026-08-18,TPEX,3434,哲固,31.3,31.3,30.65,31.0,51186.0
2026-08-18,TPEX,3438,類比科,58.1,58.5,56.6,56.6,47489.0
2026-08-18,TPEX,3441,聯一光,87.4,90.5,84.6,86.2,12819989.0
2026-08-18,TPEX,3444,利機,78.2,78.2,75.4,75.4,210213.0
2026-08-18,TPEX,3455,由田,253.0,271.5,251.0,258.0,8557730.0
2026-08-18,TPEX,3465,進泰電子,29.35,29.8,29.35,29.4,8200.0
2026-08-18,TPEX,3466,德晉,25.2,25.25,24.2,24.55,106187.0
2026-08-18,TPEX,3467,台灣精材,46.6,46.6,44.75,45.45,41009.0
2026-08-18,TPEX,3479,安勤,129.0,130.0,127.5,127.5,421205.0
2026-08-18,TPEX,3483,力致,74.3,75.0,71.5,71.7,269573.0
2026-08-18,TPEX,3484,崧騰,51.0,52.3,50.8,51.1,185836.0
2026-08-18,TPEX,3485,敘豐,219.5,219.5,207.0,207.0,101133.0
2026-08-18,TPEX,3489,森寶,25.8,25.8,23.65,23.65,554984.0
2026-08-18,TPEX,3490,單井,42.65,44.5,41.8,44.5,10287852.0
2026-08-18,TPEX,3491,昇達科,1335.0,1370.0,1235.0,1250.0,1368962.0
2026-08-18,TPEX,3492,長盛,20.95,20.95,19.55,20.1,578888.0
2026-08-18,TPEX,3498,陽程,158.5,174.0,153.5,174.0,6626050.0
2026-08-18,TPEX,3499,環天科,12.7,12.95,12.7,12.75,28388.0
2026-08-18,TPEX,3508,位速,19.95,20.95,19.8,20.7,488957.0
2026-08-18,TPEX,3511,矽瑪,20.05,20.2,19.65,19.65,107069.0
2026-08-18,TPEX,3512,皇龍,19.55,19.75,19.55,19.75,28344.0
2026-08-18,TPEX,3516,亞帝歐,25.7,25.7,25.2,25.35,42134.0
2026-08-18,TPEX,3520,華盈,18.2,18.35,18.15,18.3,116766.0
2026-08-18,TPEX,3521,台鋼建設,12.3,12.45,12.1,12.3,21847.0
2026-08-18,TPEX,3522,御嵿,11.7,11.8,11.5,11.65,76106.0
2026-08-18,TPEX,3523,迎輝,15.4,15.4,15.0,15.15,5426.0
2026-08-18,TPEX,3526,凡甲,285.5,286.5,281.0,281.0,334159.0
2026-08-18,TPEX,3527,聚積,51.4,51.7,50.7,50.7,53355.0
2026-08-18,TPEX,3529,力旺,2440.0,2500.0,2335.0,2340.0,1877024.0
2026-08-18,TPEX,3531,先益,21.3,21.75,21.3,21.75,3035.0
2026-08-18,TPEX,3537,堡達,55.8,56.1,53.1,53.5,460942.0
2026-08-18,TPEX,3540,曜越,20.65,20.65,20.2,20.35,59868.0
2026-08-18,TPEX,3541,西柏,22.1,22.2,21.8,21.8,35077.0
2026-08-18,TPEX,3546,宇峻,72.2,72.5,71.6,72.0,146592.0
2026-08-18,TPEX,3548,兆利,76.5,76.5,73.9,73.9,112393.0
2026-08-18,TPEX,3551,世禾,178.0,178.0,171.5,172.5,253964.0
2026-08-18,TPEX,3552,同致,45.5,45.5,44.4,44.8,67932.0
2026-08-18,TPEX,3555,博士旺,162.5,175.0,159.0,170.0,122072.0
2026-08-18,TPEX,3556,禾瑞亞,63.5,63.5,62.0,62.1,234939.0
2026-08-18,TPEX,3558,神準,131.0,131.5,125.0,125.0,115204.0
2026-08-18,TPEX,3564,其陽,46.6,46.6,45.05,46.0,57725.0
2026-08-18,TPEX,3567,逸昌,25.3,25.65,25.0,25.0,139291.0
2026-08-18,TPEX,3570,大塚,162.5,163.0,162.0,163.0,13338.0
2026-08-18,TPEX,3577,泓格,126.0,126.5,119.5,120.5,487542.0
2026-08-18,TPEX,3580,友威科,83.7,83.7,78.0,80.0,210330.0
2026-08-18,TPEX,3581,博磊,113.5,114.0,105.5,106.5,533409.0
2026-08-18,TPEX,3587,閎康,255.0,255.0,242.0,242.0,529482.0
2026-08-18,TPEX,3594,磐儀,52.9,52.9,50.4,50.5,1022662.0
2026-08-18,TPEX,3597,映興,27.0,27.35,26.6,26.95,33002.0
2026-08-18,TPEX,3609,三一東林,23.75,25.5,23.75,25.0,164507.0
2026-08-18,TPEX,3611,鼎翰,187.5,187.5,186.0,186.5,27905.0
2026-08-18,TPEX,3615,安可,37.65,37.95,35.35,36.05,539495.0
2026-08-18,TPEX,3623,富晶通,21.35,21.65,21.15,21.65,11253.0
2026-08-18,TPEX,3624,光頡,86.5,89.4,84.8,84.8,3389585.0
2026-08-18,TPEX,3625,西勝,13.95,13.95,13.95,13.95,699188.0
2026-08-18,TPEX,3628,盈正,71.4,71.4,70.0,70.4,45202.0
2026-08-18,TPEX,3629,地心引力,15.3,15.3,15.3,15.3,1000.0
2026-08-18,TPEX,3630,新鉅科,25.6,26.15,25.35,25.5,569014.0
2026-08-18,TPEX,3631,晟楠,43.8,43.8,39.05,40.3,773429.0
2026-08-18,TPEX,3632,研勤,7.3,7.3,7.21,7.21,18823.0
2026-08-18,TPEX,3646,艾恩特,23.25,23.25,23.0,23.0,9122.0
2026-08-18,TPEX,3663,鑫科,63.6,64.5,62.1,62.1,296234.0
2026-08-18,TPEX,3664,安瑞-KY,,,,,0.0
2026-08-18,TPEX,3666,光耀,25.0,25.05,24.7,25.05,41196.0
2026-08-18,TPEX,3672,康聯訊,12.8,12.8,12.8,12.8,3050.0
2026-08-18,TPEX,3675,德微,294.0,300.0,272.5,274.0,2322811.0
2026-08-18,TPEX,3680,家登,471.5,496.0,470.0,473.5,1801550.0
2026-08-18,TPEX,3684,榮昌,54.0,54.0,54.0,54.0,6921.0
2026-08-18,TPEX,3685,元創精密,35.55,38.5,34.9,37.8,958902.0
2026-08-18,TPEX,3687,歐買尬,65.0,65.0,64.3,64.5,36709.0
2026-08-18,TPEX,3689,湧德,109.0,109.5,107.0,107.0,742271.0
2026-08-18,TPEX,3691,碩禾,105.0,106.0,101.5,101.5,607745.0
2026-08-18,TPEX,3693,營邦,523.0,542.0,513.0,523.0,781416.0
2026-08-18,TPEX,3707,漢磊,65.5,66.4,62.9,62.9,4492459.0
2026-08-18,TPEX,3709,鑫聯大投控,70.7,70.7,68.4,68.6,776060.0
2026-08-18,TPEX,3710,連展投控,5.3,5.3,5.11,5.26,191434.0
2026-08-18,TPEX,3713,新晶投控,14.7,14.95,14.7,14.95,6003.0
2026-08-18,TPEX,4102,永日,19.05,19.05,18.65,18.8,17765.0
2026-08-18,TPEX,4105,東洋,76.5,76.5,75.9,76.4,291974.0
2026-08-18,TPEX,4107,邦特,115.0,115.0,114.0,114.0,46319.0
2026-08-18,TPEX,4109,加捷生醫,11.1,11.45,11.05,11.4,325272.0
2026-08-18,TPEX,4111,濟生,30.05,30.1,29.85,29.95,62436.0
2026-08-18,TPEX,4113,聯上,15.05,15.05,14.75,14.85,68256.0
2026-08-18,TPEX,4114,健喬,30.05,30.1,29.85,30.0,812921.0
2026-08-18,TPEX,4116,明基醫,39.9,40.0,39.3,39.3,17223.0
2026-08-18,TPEX,4120,友華,48.4,48.55,47.2,48.0,41654.0
2026-08-18,TPEX,4121,優盛,12.8,13.0,12.8,12.95,41284.0
2026-08-18,TPEX,4123,晟德,31.7,31.95,31.65,31.95,1322603.0
2026-08-18,TPEX,4126,太醫,78.3,78.3,77.2,77.4,45018.0
2026-08-18,TPEX,4127,天良,91.7,96.0,90.2,92.3,554498.0
2026-08-18,TPEX,4128,中天,15.1,15.15,14.9,15.1,677246.0
2026-08-18,TPEX,4129,聯合,85.6,86.0,85.5,85.8,27406.0
2026-08-18,TPEX,4131,浩泰,31.9,32.2,31.4,31.9,12231.0
2026-08-18,TPEX,4138,曜亞,50.7,51.0,50.7,50.8,11722.0
2026-08-18,TPEX,4139,馬光-KY,35.0,37.7,35.0,37.7,25231.0
2026-08-18,TPEX,4147,中裕,62.6,64.6,60.9,63.1,1697973.0
2026-08-18,TPEX,4153,鈺緯,33.0,33.0,32.5,33.0,17153.0
2026-08-18,TPEX,4154,樂威科-KY,12.2,12.2,11.5,11.5,23291.0
2026-08-18,TPEX,4157,太景*-KY,8.65,8.75,8.63,8.68,470540.0
2026-08-18,TPEX,4160,訊聯基因,39.55,39.85,39.05,39.5,9412.0
2026-08-18,TPEX,4161,聿新科,22.85,22.85,22.6,22.85,9512.0
2026-08-18,TPEX,4162,智擎,59.7,59.7,58.8,59.0,209315.0
2026-08-18,TPEX,4163,鐿鈦,151.5,151.5,145.0,145.5,154119.0
2026-08-18,TPEX,4166,友霖,23.95,23.95,23.8,23.9,35050.0
2026-08-18,TPEX,4167,松瑞藥,19.5,19.5,19.1,19.35,547353.0
2026-08-18,TPEX,4168,醣聯,22.45,22.45,22.1,22.3,76924.0
2026-08-18,TPEX,4171,瑞基,16.75,17.0,16.75,16.9,42530.0
2026-08-18,TPEX,4173,久裕,17.2,17.3,17.1,17.3,150519.0
2026-08-18,TPEX,4174,浩鼎,26.05,26.05,25.65,25.75,209545.0
2026-08-18,TPEX,4175,杏一,50.4,50.4,50.2,50.2,9778.0
2026-08-18,TPEX,4183,福永生技,14.5,14.6,14.5,14.6,8000.0
2026-08-18,TPEX,4188,安克,10.35,10.35,10.05,10.2,11705.0
2026-08-18,TPEX,4192,杏國,18.95,19.5,18.25,19.5,17006.0
2026-08-18,TPEX,4198,欣大健康,40.45,42.6,40.45,42.0,6110.0
2026-08-18,TPEX,4205,中華食,69.5,69.9,69.0,69.0,49320.0
2026-08-18,TPEX,4207,環泰,21.2,21.2,20.65,20.95,106213.0
2026-08-18,TPEX,4303,信立,48.45,48.6,47.8,48.0,461500.0
2026-08-18,TPEX,4304,勝昱,19.4,19.4,19.4,19.4,12548.0
2026-08-18,TPEX,4305,世坤,43.6,43.6,43.6,43.6,1046.0
2026-08-18,TPEX,4401,東隆興,14.1,14.3,14.0,14.0,11143.0
2026-08-18,TPEX,4402,郡都開發,15.6,16.0,15.6,16.0,9047.0
2026-08-18,TPEX,4406,新昕纖,10.05,10.05,10.0,10.0,3001.0
2026-08-18,TPEX,4413,飛寶企業,19.5,21.15,19.5,19.6,95283.0
2026-08-18,TPEX,4416,三圓,11.25,12.25,11.25,12.25,2177275.0
2026-08-18,TPEX,4417,金洲,47.8,47.8,47.0,47.1,32485.0
2026-08-18,TPEX,4419,皇家美食,48.9,48.9,47.15,47.5,5009.0
2026-08-18,TPEX,4420,光明,36.6,36.7,36.25,36.3,27957.0
2026-08-18,TPEX,4430,耀億,18.05,18.2,17.55,17.55,26641.0
2026-08-18,TPEX,4432,銘旺實,15.9,16.15,15.8,16.1,76089.0
2026-08-18,TPEX,4433,興采,19.1,19.6,18.95,19.2,114253.0
2026-08-18,TPEX,4442,竣邦-KY,51.7,52.4,51.1,51.2,78387.0
2026-08-18,TPEX,4502,健信,15.7,15.7,15.65,15.7,140100.0
2026-08-18,TPEX,4503,金雨,25.2,25.2,23.9,24.1,390212.0
2026-08-18,TPEX,4506,崇友,123.0,123.0,122.0,123.0,59657.0
2026-08-18,TPEX,4510,高鋒,45.45,46.05,44.6,45.55,1223550.0
2026-08-18,TPEX,4513,福裕,16.95,17.35,16.85,16.95,406100.0
2026-08-18,TPEX,4523,永彰,24.55,24.55,24.2,24.2,31010.0
2026-08-18,TPEX,4527,方土霖,41.1,41.25,40.95,41.0,11443.0
2026-08-18,TPEX,4528,江興鍛,15.1,15.1,15.0,15.1,37935.0
2026-08-18,TPEX,4529,淳紳,3.66,3.66,3.35,3.42,299139.0
2026-08-18,TPEX,4530,宏易,26.0,26.25,26.0,26.25,7937.0
2026-08-18,TPEX,4533,協易機,27.4,27.45,26.6,26.7,797813.0
2026-08-18,TPEX,4534,慶騰,30.85,31.8,30.0,30.55,572615.0
2026-08-18,TPEX,4535,至興,29.0,29.05,28.85,28.85,13021.0
2026-08-18,TPEX,4538,大詠城,17.6,17.6,17.2,17.3,15000.0
2026-08-18,TPEX,4541,晟田,72.3,75.4,70.4,70.5,6331346.0
2026-08-18,TPEX,4542,科嶠,267.5,274.0,251.0,255.5,476048.0
2026-08-18,TPEX,4543,萬在,31.8,32.1,31.5,31.85,80588.0
2026-08-18,TPEX,4549,桓達,100.5,102.5,99.8,101.5,86908.0
2026-08-18,TPEX,4550,長佳,24.4,24.65,24.4,24.65,13170.0
2026-08-18,TPEX,4554,橙的,31.6,31.85,31.5,31.7,35943.0
2026-08-18,TPEX,4556,旭然,85.9,85.9,77.0,77.7,538522.0
2026-08-18,TPEX,4558,寶緯,17.3,17.4,17.2,17.4,5050.0
2026-08-18,TPEX,4561,健椿,50.3,50.9,48.0,49.4,1487382.0
2026-08-18,TPEX,4563,百德,39.75,39.75,38.8,38.85,77526.0
2026-08-18,TPEX,4568,科際精密,39.0,39.5,39.0,39.5,12001.0
2026-08-18,TPEX,4577,達航科技,78.0,83.4,77.6,78.5,754426.0
2026-08-18,TPEX,4580,捷流閥業,78.5,78.9,78.0,78.7,42625.0
2026-08-18,TPEX,4584,君帆,,,,,30.0
2026-08-18,TPEX,4609,唐鋒,,,,,1.0
2026-08-18,TPEX,4702,中美實,9.62,9.71,9.58,9.69,47438.0
2026-08-18,TPEX,4706,大恭,32.4,33.0,31.9,33.0,18491.0
2026-08-18,TPEX,4707,磐亞,32.2,33.05,31.75,32.9,3358055.0
2026-08-18,TPEX,4711,永純,17.05,17.05,16.75,16.95,34696.0
2026-08-18,TPEX,4714,永捷,10.7,10.7,10.5,10.5,550291.0
2026-08-18,TPEX,4716,大立,17.8,17.8,17.15,17.15,447170.0
2026-08-18,TPEX,4721,美琪瑪,76.3,77.4,73.9,74.0,1069701.0
2026-08-18,TPEX,4726,永昕,24.4,24.4,23.95,24.0,153445.0
2026-08-18,TPEX,4728,雙美,391.5,391.5,391.5,391.5,1030.0
2026-08-18,TPEX,4729,熒茂,19.25,19.25,19.0,19.05,61289.0
2026-08-18,TPEX,4735,豪展,38.25,38.25,36.15,36.15,165383.0
2026-08-18,TPEX,4741,泓瀚,43.75,43.75,42.55,43.5,53903.0
2026-08-18,TPEX,4743,合一,46.8,47.7,46.7,47.4,764973.0
2026-08-18,TPEX,4744,皇將,28.0,28.75,27.9,28.75,71398.0
2026-08-18,TPEX,4745,合富-KY,11.85,12.0,11.85,11.9,8877.0
2026-08-18,TPEX,4747,強生,54.2,54.2,52.7,53.0,33225.0
2026-08-18,TPEX,4749,新應材,789.0,790.0,769.0,769.0,413253.0
2026-08-18,TPEX,4754,國碳科,38.25,38.25,38.2,38.25,39412.0
2026-08-18,TPEX,4760,勤凱,252.0,257.0,245.0,246.0,276849.0
2026-08-18,TPEX,4767,誠泰科技,27.4,27.95,27.35,27.4,47000.0
2026-08-18,TPEX,4768,晶呈科技,312.5,316.5,300.5,301.5,204349.0
2026-08-18,TPEX,4772,台特化,255.0,255.5,250.5,251.0,425451.0
2026-08-18,TPEX,4806,桂田文創,9.24,9.24,9.1,9.19,30359.0
2026-08-18,TPEX,4903,聯光通,36.0,36.15,34.55,34.55,678455.0
2026-08-18,TPEX,4905,台聯電,100.0,100.0,85.2,86.1,598643.0
2026-08-18,TPEX,4907,富宇,47.5,47.5,46.75,47.2,58942.0
2026-08-18,TPEX,4908,前鼎,160.0,165.0,150.0,150.0,1613102.0
2026-08-18,TPEX,4909,新復興,39.3,39.45,37.2,37.4,238889.0
2026-08-18,TPEX,4911,德英,28.25,28.65,27.35,27.8,43803.0
2026-08-18,TPEX,4923,力士,51.5,55.0,51.0,52.4,610584.0
2026-08-18,TPEX,4924,欣厚-KY,9.51,9.97,9.5,9.97,57041.0
2026-08-18,TPEX,4931,新盛力,270.5,271.0,259.0,259.5,1558570.0
2026-08-18,TPEX,4933,友輝,53.5,53.8,52.8,52.9,56386.0
2026-08-18,TPEX,4939,亞電,59.9,63.9,59.7,60.1,10041470.0
2026-08-18,TPEX,4946,辣椒,89.8,89.8,84.3,85.6,50789.0
2026-08-18,TPEX,4950,金耘國際,17.05,17.05,16.0,16.2,19047.0
2026-08-18,TPEX,4951,精拓科,78.4,78.4,76.9,76.9,172643.0
2026-08-18,TPEX,4953,緯致,125.0,125.0,122.5,122.5,186201.0
2026-08-18,TPEX,4966,譜瑞-KY,570.0,578.0,553.0,565.0,990020.0
2026-08-18,TPEX,4971,IET-KY,564.0,580.0,545.0,556.0,6501197.0
2026-08-18,TPEX,4972,湯石照明,16.4,16.45,16.25,16.45,29751.0
2026-08-18,TPEX,4973,廣穎,153.0,157.0,148.5,148.5,1310952.0
2026-08-18,TPEX,4974,亞泰,69.5,69.5,68.5,68.7,109929.0
2026-08-18,TPEX,4979,華星光,550.0,550.0,515.0,528.0,2080632.0
2026-08-18,TPEX,4991,環宇-KY,497.0,500.0,482.0,485.0,1450712.0
2026-08-18,TPEX,4995,晶達,49.7,49.7,49.05,49.1,32530.0
2026-08-18,TPEX,5009,榮剛,33.0,33.2,32.85,32.85,1203398.0
2026-08-18,TPEX,5011,久陽,17.9,17.9,17.55,17.7,192778.0
2026-08-18,TPEX,5013,強新,27.4,27.45,27.4,27.4,10210.0
2026-08-18,TPEX,5014,建錩,10.15,10.15,10.0,10.1,157699.0
2026-08-18,TPEX,5015,華祺,21.8,21.8,21.65,21.75,26044.0
2026-08-18,TPEX,5016,松和,24.45,24.5,24.45,24.5,12231.0
2026-08-18,TPEX,5201,凱衛,25.5,25.7,25.15,25.55,36113.0
2026-08-18,TPEX,5202,力新,11.95,12.1,11.85,11.9,134366.0
2026-08-18,TPEX,5205,中茂,20.65,20.65,20.65,20.65,1188.0
2026-08-18,TPEX,5206,坤悅,22.7,23.1,22.6,22.7,125669.0
2026-08-18,TPEX,5209,新鼎,161.5,162.5,161.0,161.5,58642.0
2026-08-18,TPEX,5210,寶碩,29.3,29.85,28.95,29.05,188666.0
2026-08-18,TPEX,5211,蒙恬,19.4,19.6,19.0,19.1,46197.0
2026-08-18,TPEX,5212,凌網,46.8,47.0,46.25,46.25,10224.0
2026-08-18,TPEX,5213,亞昕,20.9,20.95,20.75,20.9,185604.0
2026-08-18,TPEX,5220,萬達光電,20.3,20.3,19.6,19.85,34070.0
2026-08-18,TPEX,5223,安力-KY,23.5,23.5,23.5,23.5,1002.0
2026-08-18,TPEX,5227,立凱-KY,35.7,35.7,32.3,33.0,972481.0
2026-08-18,TPEX,5228,鈺鎧,43.2,43.8,42.15,42.2,181133.0
2026-08-18,TPEX,5230,雷笛克光學,17.75,17.75,17.5,17.55,85053.0
2026-08-18,TPEX,5245,智晶,23.15,23.55,23.05,23.25,24600.0
2026-08-18,TPEX,5251,天鉞電,25.6,25.6,24.7,24.85,87694.0
2026-08-18,TPEX,5263,智崴,89.4,89.7,89.1,89.4,48741.0
2026-08-18,TPEX,5272,笙科,17.7,17.7,17.25,17.25,80383.0
2026-08-18,TPEX,5274,信驊,16950.0,17450.0,16715.0,17055.0,178107.0
2026-08-18,TPEX,5276,達輝-KY,18.8,19.9,18.2,19.8,50654.0
2026-08-18,TPEX,5278,尚凡*,24.6,24.65,24.1,24.35,61006.0
2026-08-18,TPEX,5287,數字,153.5,154.0,152.0,153.5,65615.0
2026-08-18,TPEX,5289,宜鼎,1540.0,1560.0,1450.0,1460.0,1954647.0
2026-08-18,TPEX,5291,邑昇,59.2,60.8,55.6,55.9,2236794.0
2026-08-18,TPEX,5299,杰力,102.0,105.0,99.9,99.9,545325.0
2026-08-18,TPEX,5301,寶得利,5.75,5.89,5.75,5.89,6042.0
2026-08-18,TPEX,5302,太欣,10.6,10.75,10.5,10.55,306834.0
2026-08-18,TPEX,5309,系統電,54.8,54.8,52.1,52.2,1311435.0
2026-08-18,TPEX,5310,天剛,24.55,25.3,24.55,25.3,3454.0
2026-08-18,TPEX,5312,寶島科,89.6,90.5,88.9,89.9,128757.0
2026-08-18,TPEX,5314,世紀*,19.55,19.55,19.55,19.55,133909.0
2026-08-18,TPEX,5315,光聯,19.0,19.0,18.85,18.95,198718.0
2026-08-18,TPEX,5321,美而快,69.4,73.0,69.0,72.9,1523534.0
2026-08-18,TPEX,5324,士開,12.2,12.25,12.1,12.25,388097.0
2026-08-18,TPEX,5328,華容,65.5,67.0,61.9,62.5,7452052.0
2026-08-18,TPEX,5340,建榮,80.0,82.5,77.2,77.4,4908889.0
2026-08-18,TPEX,5344,立衛,13.55,14.05,13.5,13.5,51734.0
2026-08-18,TPEX,5345,馥鴻,22.0,22.0,20.5,21.0,36922.0
2026-08-18,TPEX,5347,世界,160.5,161.5,155.0,155.0,14069930.0
2026-08-18,TPEX,5348,正能量智能,16.9,16.9,16.9,16.9,1000.0
2026-08-18,TPEX,5351,鈺創,138.0,141.0,122.0,122.0,31471134.0
2026-08-18,TPEX,5353,台林,28.3,28.3,27.7,28.1,23974.0
2026-08-18,TPEX,5355,佳總,5.36,5.59,5.23,5.49,165108.0
2026-08-18,TPEX,5356,協益,26.6,26.6,26.0,26.0,87548.0
2026-08-18,TPEX,5364,力麗店,8.65,8.65,8.6,8.62,25624.0
2026-08-18,TPEX,5371,中光電,88.4,91.2,86.3,86.3,8953084.0
2026-08-18,TPEX,5381,光譜,24.1,24.3,24.05,24.05,135211.0
2026-08-18,TPEX,5386,青雲,238.5,246.0,227.5,228.5,1164573.0
2026-08-18,TPEX,5392,能率,46.6,47.15,45.7,45.85,1673860.0
2026-08-18,TPEX,5398,慕康生醫,14.1,14.2,13.95,13.95,158564.0
2026-08-18,TPEX,5403,中菲,91.8,91.8,91.0,91.7,27973.0
2026-08-18,TPEX,5410,國眾,35.7,36.1,35.6,35.8,228284.0
2026-08-18,TPEX,5425,台半,91.2,97.9,88.9,91.5,35760490.0
2026-08-18,TPEX,5426,振發,27.7,28.25,27.2,27.2,665869.0
2026-08-18,TPEX,5432,新門,158.0,158.5,151.0,153.5,411395.0
2026-08-18,TPEX,5438,東友,17.15,17.15,16.85,16.9,24461.0
2026-08-18,TPEX,5439,高技,248.0,254.0,242.0,242.0,2167542.0
2026-08-18,TPEX,5443,均豪,107.0,109.0,105.0,106.5,1361758.0
2026-08-18,TPEX,5450,南良,15.6,15.7,15.15,15.5,262162.0
2026-08-18,TPEX,5452,佶優,26.95,27.2,26.75,26.75,269148.0
2026-08-18,TPEX,5455,昇益,29.75,29.75,29.65,29.65,5200.0
2026-08-18,TPEX,5457,宣德,27.65,27.65,26.75,26.8,352330.0
2026-08-18,TPEX,5460,同協,16.3,16.3,15.7,15.7,26374.0
2026-08-18,TPEX,5464,霖宏,75.5,76.6,71.6,72.6,468245.0
2026-08-18,TPEX,5465,富驊,24.8,24.8,24.0,24.05,76579.0
2026-08-18,TPEX,5468,凱鈺,29.0,30.15,28.4,29.95,495630.0
2026-08-18,TPEX,5474,聰泰,163.5,163.5,158.5,162.0,343440.0
2026-08-18,TPEX,5475,德宏,175.5,184.0,174.0,182.5,4268683.0
2026-08-18,TPEX,5478,智冠,99.1,99.1,98.5,98.8,92799.0
2026-08-18,TPEX,5481,新華,19.0,19.3,18.3,18.5,236773.0
2026-08-18,TPEX,5483,中美晶,185.5,195.0,184.0,185.0,29223102.0
2026-08-18,TPEX,5487,通泰,29.35,29.5,28.85,29.2,50068.0
2026-08-18,TPEX,5488,松普,12.65,12.7,12.25,12.45,286335.0
2026-08-18,TPEX,5489,彩富,43.25,44.8,43.25,44.4,112110.0
2026-08-18,TPEX,5490,同亨,31.15,31.35,30.1,30.45,686127.0
2026-08-18,TPEX,5493,三聯,80.0,80.0,78.6,78.7,26958.0
2026-08-18,TPEX,5498,凱崴,51.5,52.2,49.8,49.8,1311841.0
2026-08-18,TPEX,5508,永信建,53.0,53.1,52.3,52.4,140594.0
2026-08-18,TPEX,5511,德昌,69.3,70.7,69.3,70.3,115898.0
2026-08-18,TPEX,5512,力麒,7.7,7.83,7.7,7.8,444191.0
2026-08-18,TPEX,5514,三豐,14.5,14.6,14.1,14.6,9051.0
2026-08-18,TPEX,5516,雙喜,11.9,12.0,11.6,11.75,27390.0
2026-08-18,TPEX,5520,力泰,,,,,0.0
2026-08-18,TPEX,5523,豐謙,30.2,30.35,30.2,30.35,24000.0
2026-08-18,TPEX,5529,鉅陞,20.8,21.05,20.75,20.95,56315.0
2026-08-18,TPEX,5530,龍巖,49.85,49.85,48.9,49.25,218000.0
2026-08-18,TPEX,5536,聖暉*,909.0,937.0,881.0,889.0,2543346.0
2026-08-18,TPEX,5543,桓鼎-KY,25.2,25.2,23.5,23.6,11565.0
2026-08-18,TPEX,5547,久舜,19.9,19.9,19.8,19.9,5800.0
2026-08-18,TPEX,5548,安倉,20.4,20.55,20.4,20.55,10303.0
2026-08-18,TPEX,5601,台聯櫃,,,,,0.0
2026-08-18,TPEX,5603,陸海,14.35,14.4,14.25,14.35,38425.0
2026-08-18,TPEX,5604,中連,31.0,31.0,30.9,30.9,11565.0
2026-08-18,TPEX,5609,中菲行,77.7,78.0,77.3,77.4,92383.0
2026-08-18,TPEX,5701,劍湖山,4.12,4.12,4.02,4.02,88099.0
2026-08-18,TPEX,5703,亞都,14.7,14.7,14.7,14.7,10000.0
2026-08-18,TPEX,5704,老爺知,21.95,22.05,21.95,21.95,52323.0
2026-08-18,TPEX,5864,致和證,33.7,34.35,33.25,33.5,2852606.0
2026-08-18,TPEX,5878,台名,,,,,0.0
2026-08-18,TPEX,5902,德記,34.9,34.9,34.9,34.9,2328.0
2026-08-18,TPEX,5903,全家,185.5,185.5,184.5,184.5,11097.0
2026-08-18,TPEX,5904,寶雅*,75.0,79.0,73.2,78.7,21397290.0
2026-08-18,TPEX,5905,南仁湖,8.0,8.0,7.88,7.89,330160.0
2026-08-18,TPEX,6015,宏遠證,16.0,16.0,15.65,15.75,1070430.0
2026-08-18,TPEX,6016,康和證,19.8,19.9,19.25,19.4,2612679.0
2026-08-18,TPEX,6020,大展證,20.6,20.6,20.6,20.6,2500.0
2026-08-18,TPEX,6021,美好證,36.3,36.45,36.1,36.45,44106.0
2026-08-18,TPEX,6023,元大期,83.4,83.8,83.0,83.7,317497.0
2026-08-18,TPEX,6026,福邦證,14.5,14.6,14.45,14.5,583754.0
2026-08-18,TPEX,6028,公勝保經,98.0,100.0,98.0,99.3,92487.0
2026-08-18,TPEX,6101,寬魚國際,36.25,38.45,35.6,38.35,387767.0
2026-08-18,TPEX,6103,合邦,,,,,28.0
2026-08-18,TPEX,6104,創惟,93.0,93.3,90.6,90.6,370977.0
2026-08-18,TPEX,6109,亞元,10.8,11.1,10.8,11.1,112127.0
2026-08-18,TPEX,6111,光聚晶電,37.2,37.2,36.35,36.45,115007.0
2026-08-18,TPEX,6113,亞矽,23.85,23.95,23.15,23.2,115239.0
2026-08-18,TPEX,6114,久威,26.35,26.35,26.1,26.1,7010.0
2026-08-18,TPEX,6118,建達,15.4,15.4,15.1,15.15,87405.0
2026-08-18,TPEX,6121,新普,411.0,411.0,394.5,397.5,877139.0
2026-08-18,TPEX,6122,擎邦,47.9,48.3,47.7,48.0,214735.0
2026-08-18,TPEX,6123,上奇,43.1,43.1,42.7,42.7,18174.0
2026-08-18,TPEX,6124,業強,27.0,27.05,27.0,27.0,3297.0
2026-08-18,TPEX,6125,廣運,50.5,50.8,49.1,49.35,642302.0
2026-08-18,TPEX,6126,信音,29.95,30.15,29.6,29.65,415411.0
2026-08-18,TPEX,6127,九豪,50.4,51.4,48.15,48.35,2056219.0
2026-08-18,TPEX,6129,普誠,13.8,14.0,13.65,13.8,432378.0
2026-08-18,TPEX,6130,上亞科技,28.5,28.75,27.85,28.4,131967.0
2026-08-18,TPEX,6134,萬旭,28.3,28.55,27.85,27.9,125669.0
2026-08-18,TPEX,6138,茂達,290.0,300.0,282.5,282.5,771521.0
2026-08-18,TPEX,6140,訊達,16.5,16.5,16.1,16.3,92315.0
2026-08-18,TPEX,6143,振曜,90.5,90.5,89.1,89.1,387060.0
2026-08-18,TPEX,6144,得利影,13.2,13.35,12.95,13.25,15803.0
2026-08-18,TPEX,6146,耕興,194.0,196.5,190.5,196.0,413149.0
2026-08-18,TPEX,6147,頎邦,168.5,171.0,163.0,163.5,23443647.0
2026-08-18,TPEX,6148,驊宏資,28.0,28.5,27.7,27.7,197741.0
2026-08-18,TPEX,6150,撼訊,60.3,60.3,58.8,59.1,122791.0
2026-08-18,TPEX,6151,晉倫,38.0,38.0,36.85,36.95,150535.0
2026-08-18,TPEX,6154,順發,13.85,13.85,13.75,13.85,42626.0
2026-08-18,TPEX,6156,松上,21.5,21.75,20.95,21.1,427969.0
2026-08-18,TPEX,6158,禾昌,16.6,16.65,16.45,16.6,40051.0
2026-08-18,TPEX,6160,欣技,13.75,14.0,13.75,14.0,39353.0
2026-08-18,TPEX,6161,捷波,51.2,51.4,50.2,50.2,88204.0
2026-08-18,TPEX,6163,華電網,45.9,46.5,43.15,43.4,3797435.0
2026-08-18,TPEX,6167,久正,10.45,10.9,10.35,10.7,405977.0
2026-08-18,TPEX,6169,昱泉,12.9,12.9,12.55,12.6,15023.0
2026-08-18,TPEX,6170,統振,47.35,47.85,47.35,47.8,87374.0
2026-08-18,TPEX,6171,大城地產,23.35,23.8,23.1,23.3,20117.0
2026-08-18,TPEX,6173,信昌電,207.5,215.5,191.0,194.5,12051868.0
2026-08-18,TPEX,6174,安碁,45.1,45.1,42.25,42.5,895437.0
2026-08-18,TPEX,6175,立敦,77.5,77.5,74.7,74.8,599063.0
2026-08-18,TPEX,6179,亞通,27.95,28.05,27.05,27.3,1624835.0
2026-08-18,TPEX,6180,橘子,41.15,41.25,40.7,41.1,233224.0
2026-08-18,TPEX,6182,合晶,122.0,131.0,119.0,120.0,209396688.0
2026-08-18,TPEX,6185,幃翔,13.3,13.3,13.15,13.2,258388.0
2026-08-18,TPEX,6186,新潤,32.85,33.55,32.85,33.4,355001.0
2026-08-18,TPEX,6187,萬潤,1360.0,1360.0,1250.0,1260.0,4087420.0
2026-08-18,TPEX,6188,廣明,70.1,70.4,69.1,69.2,779750.0
2026-08-18,TPEX,6190,萬泰科,67.0,67.0,65.1,65.5,968254.0
2026-08-18,TPEX,6194,育富,29.8,29.8,29.65,29.65,38200.0
2026-08-18,TPEX,6195,詩肯,27.75,27.75,27.6,27.65,30611.0
2026-08-18,TPEX,6198,瑞築,20.0,20.0,19.55,19.9,122452.0
2026-08-18,TPEX,6199,天品,95.9,96.2,94.2,94.6,355073.0
2026-08-18,TPEX,6203,海韻電,60.4,60.4,59.7,59.8,84135.0
2026-08-18,TPEX,6204,艾華,80.1,80.1,78.4,78.6,76865.0
2026-08-18,TPEX,6207,雷科,107.0,108.0,101.0,102.0,2394360.0
2026-08-18,TPEX,6208,日揚,82.3,82.5,81.4,81.6,246108.0
2026-08-18,TPEX,6210,慶生,17.05,17.05,16.9,17.05,6000.0
2026-08-18,TPEX,6212,理銘,,,,,30.0
2026-08-18,TPEX,6217,中探針,176.5,183.5,155.0,157.0,5053821.0
2026-08-18,TPEX,6218,豪勉,38.15,38.25,36.9,37.75,1068817.0
2026-08-18,TPEX,6219,富旺,12.3,12.3,12.1,12.2,32330.0
2026-08-18,TPEX,6220,岳豐,25.6,25.65,25.25,25.45,191123.0
2026-08-18,TPEX,6221,晉泰,22.35,22.35,21.9,22.2,128274.0
2026-08-18,TPEX,6222,立軒,20.2,20.2,20.1,20.1,2040.0
2026-08-18,TPEX,6223,旺矽,5860.0,5895.0,5220.0,5270.0,2079043.0
2026-08-18,TPEX,6227,茂綸,122.5,122.5,118.0,118.0,369530.0
2026-08-18,TPEX,6228,全譜,17.65,17.65,17.5,17.5,11197.0
2026-08-18,TPEX,6229,研通,24.55,24.6,24.0,24.35,45228.0
2026-08-18,TPEX,6231,系微,224.5,228.0,220.5,221.0,246583.0
2026-08-18,TPEX,6233,旺玖,21.6,22.35,21.1,21.2,129250.0
2026-08-18,TPEX,6234,高僑,36.1,36.85,35.3,36.0,224950.0
2026-08-18,TPEX,6236,中湛,13.85,14.95,13.85,14.95,5680.0
2026-08-18,TPEX,6237,驊訊,33.85,34.35,33.4,33.4,128781.0
2026-08-18,TPEX,6240,松崗,20.8,21.0,20.0,20.85,52057.0
2026-08-18,TPEX,6242,立康,,,,,218.0
2026-08-18,TPEX,6244,茂迪,26.7,27.05,25.3,25.3,3386273.0
2026-08-18,TPEX,6245,立端,85.0,85.1,80.7,81.2,1056584.0
2026-08-18,TPEX,6246,臺龍,12.6,13.55,12.3,12.3,279746.0
2026-08-18,TPEX,6248,沛波,18.25,18.25,18.1,18.2,34453.0
2026-08-18,TPEX,6259,百徽,33.65,34.4,30.25,30.4,849881.0
2026-08-18,TPEX,6261,久元,78.0,78.0,76.7,76.7,340946.0
2026-08-18,TPEX,6263,普萊德,164.0,164.5,161.0,161.5,67679.0
2026-08-18,TPEX,6264,富裔,6.03,6.04,5.99,6.04,17180.0
2026-08-18,TPEX,6265,方土昶,63.7,65.0,58.3,58.8,10895128.0
2026-08-18,TPEX,6266,泰詠,25.1,25.1,24.75,24.9,94725.0
2026-08-18,TPEX,6270,倍微,30.6,30.6,30.05,30.4,129944.0
2026-08-18,TPEX,6274,台燿,1620.0,1640.0,1515.0,1545.0,7097926.0
2026-08-18,TPEX,6275,元山,43.25,44.1,43.2,43.9,175143.0
2026-08-18,TPEX,6276,安鈦克,18.55,19.7,18.5,19.1,33260.0
2026-08-18,TPEX,6279,胡連,127.5,128.5,126.0,126.5,615062.0
2026-08-18,TPEX,6284,佳邦,77.8,77.9,75.7,75.9,639380.0
2026-08-18,TPEX,6290,良維,218.0,219.5,208.5,209.5,2127568.0
2026-08-18,TPEX,6291,沛亨,400.5,400.5,374.0,374.5,456059.0
2026-08-18,TPEX,6292,迅德,63.3,63.3,62.0,62.1,133080.0
2026-08-18,TPEX,6294,智基,29.2,29.2,28.3,28.65,25463.0
2026-08-18,TPEX,6411,晶焱,82.0,84.0,79.1,79.1,1063805.0
2026-08-18,TPEX,6417,韋僑,110.0,111.5,107.0,110.0,50358.0
2026-08-18,TPEX,6418,詠昇,32.35,32.85,31.9,32.0,96535.0
2026-08-18,TPEX,6419,京晨科,174.0,178.5,163.0,163.5,743368.0
2026-08-18,TPEX,6423,億而得,82.4,82.4,77.8,78.0,39547.0
2026-08-18,TPEX,6425,易發,59.1,60.3,58.8,59.6,203011.0
2026-08-18,TPEX,6432,今展科,72.0,72.0,67.0,67.8,825819.0
2026-08-18,TPEX,6435,大中,262.5,271.5,251.0,254.0,881371.0
2026-08-18,TPEX,6441,廣錠,22.1,22.45,21.8,21.8,25463.0
2026-08-18,TPEX,6461,益得,15.85,16.1,15.85,16.0,34977.0
2026-08-18,TPEX,6462,神盾,99.7,100.5,98.5,98.5,348729.0
2026-08-18,TPEX,6465,威潤,46.85,47.2,46.2,46.8,126683.0
2026-08-18,TPEX,6469,大樹,68.6,68.6,68.1,68.2,366688.0
2026-08-18,TPEX,6470,宇智,41.8,41.8,40.95,41.25,52053.0
2026-08-18,TPEX,6474,華豫寧,39.45,39.9,39.45,39.8,203690.0
2026-08-18,TPEX,6482,弘煜科,29.2,29.2,27.85,28.4,30519.0
2026-08-18,TPEX,6485,點序,63.9,63.9,58.5,60.0,370052.0
2026-08-18,TPEX,6486,互動,73.6,74.3,73.1,73.7,38584.0
2026-08-18,TPEX,6488,環球晶,1020.0,1120.0,1010.0,1060.0,13532449.0
2026-08-18,TPEX,6492,生華科,38.5,38.5,37.55,37.55,72638.0
2026-08-18,TPEX,6494,九齊,55.6,58.0,54.7,55.3,365022.0
2026-08-18,TPEX,6496,科懋,25.15,25.15,24.5,24.9,5227.0
2026-08-18,TPEX,6498,久禾光,78.2,78.2,74.5,75.3,59785.0
2026-08-18,TPEX,6499,益安,61.3,62.3,60.5,61.9,141706.0
2026-08-18,TPEX,6506,雙邦,17.4,17.5,17.3,17.35,107188.0
2026-08-18,TPEX,6508,惠光,25.7,26.0,25.55,26.0,37971.0
2026-08-18,TPEX,6509,聚和,46.5,46.65,45.75,46.25,760822.0
2026-08-18,TPEX,6510,精測,2955.0,2955.0,2710.0,2765.0,446137.0
2026-08-18,TPEX,6512,啟發電,19.8,20.4,19.6,20.4,13028.0
2026-08-18,TPEX,6516,勤崴國際,58.5,59.2,58.1,58.6,49217.0
2026-08-18,TPEX,6517,保勝光學,64.5,70.4,64.1,68.1,2136523.0
2026-08-18,TPEX,6523,達爾膚,89.4,89.9,89.2,89.9,29981.0
2026-08-18,TPEX,6527,明達醫,74.8,75.0,74.6,75.0,21171.0
2026-08-18,TPEX,6530,創威,85.0,87.9,80.8,80.8,1187908.0
2026-08-18,TPEX,6532,瑞耘,88.5,89.2,83.8,84.8,459884.0
2026-08-18,TPEX,6535,順藥,85.6,85.8,83.1,83.1,295858.0
2026-08-18,TPEX,6538,倉和,186.5,198.5,181.0,192.0,2522971.0
2026-08-18,TPEX,6542,隆中,43.65,43.85,43.65,43.85,3008.0
2026-08-18,TPEX,6546,正基,62.9,63.4,62.0,62.0,148301.0
2026-08-18,TPEX,6547,高端疫苗,51.0,53.7,50.7,52.2,4109307.0
2026-08-18,TPEX,6548,長科*,73.1,75.4,72.0,72.4,3234026.0
2026-08-18,TPEX,6556,勝品,58.3,59.0,58.0,58.2,24178.0
2026-08-18,TPEX,6560,欣普羅,31.0,31.05,31.0,31.05,4200.0
2026-08-18,TPEX,6561,是方,321.0,321.0,318.0,318.5,40058.0
2026-08-18,TPEX,6568,宏觀,135.0,135.5,128.5,128.5,101057.0
2026-08-18,TPEX,6569,醫揚,91.0,92.2,90.0,91.9,192260.0
2026-08-18,TPEX,6570,維田,55.6,55.6,54.3,55.2,84840.0
2026-08-18,TPEX,6574,霈方,126.0,127.0,123.5,126.0,55603.0
2026-08-18,TPEX,6576,逸達,78.7,79.9,78.2,79.2,94427.0
2026-08-18,TPEX,6577,勁豐,81.7,81.7,80.0,80.2,47932.0
2026-08-18,TPEX,6578,達邦蛋白,17.55,17.95,17.5,17.95,28090.0
2026-08-18,TPEX,6584,南俊國際,601.0,611.0,586.0,602.0,823856.0
2026-08-18,TPEX,6588,東典光電,90.9,96.8,88.5,94.5,2421605.0
2026-08-18,TPEX,6590,普鴻,65.5,65.5,65.5,65.5,1116.0
2026-08-18,TPEX,6593,台灣銘板,32.0,32.15,31.65,32.1,54510.0
2026-08-18,TPEX,6596,寬宏藝術,93.4,95.3,93.1,95.0,186023.0
2026-08-18,TPEX,6597,立誠,62.1,68.7,62.1,68.7,11019.0
2026-08-18,TPEX,6603,富強鑫,29.9,30.25,27.9,27.95,4141158.0
2026-08-18,TPEX,6609,瀧澤科,39.05,39.1,38.5,38.9,99501.0
2026-08-18,TPEX,6612,奈米醫材,72.8,73.4,72.3,73.4,20547.0
2026-08-18,TPEX,6613,朋億*,263.0,263.5,253.5,255.0,286445.0
2026-08-18,TPEX,6615,慧智,,,,,468.0
2026-08-18,TPEX,6616,特昇-KY,8.75,8.75,8.5,8.56,23021.0
2026-08-18,TPEX,6617,共信-KY,98.5,99.0,94.8,96.1,481023.0
2026-08-18,TPEX,6620,漢達,77.7,77.7,76.6,76.6,211568.0
2026-08-18,TPEX,6624,萬年清,42.55,42.55,38.65,40.85,11002.0
2026-08-18,TPEX,6629,泰金-KY,109.0,112.0,109.0,112.0,7012.0
2026-08-18,TPEX,6637,醫影,61.9,62.3,61.0,61.0,75619.0
2026-08-18,TPEX,6640,均華,1070.0,1105.0,1040.0,1065.0,310938.0
2026-08-18,TPEX,6642,富致,83.7,83.7,79.0,79.1,324336.0
2026-08-18,TPEX,6643,M31,433.0,433.5,410.0,410.5,377490.0
2026-08-18,TPEX,6649,台生材,34.7,35.15,34.3,34.75,108463.0
2026-08-18,TPEX,6651,全宇昕,140.5,143.0,136.5,136.5,141374.0
2026-08-18,TPEX,6654,天正國際,179.0,179.0,161.0,162.5,34503.0
2026-08-18,TPEX,6661,威健生技,16.75,16.8,16.75,16.8,2018.0
2026-08-18,TPEX,6662,樂斯科,29.45,29.45,29.0,29.0,4118.0
2026-08-18,TPEX,6664,群翊,346.0,347.0,327.5,328.5,301825.0
2026-08-18,TPEX,6667,信紘科,226.0,226.0,220.0,221.5,134213.0
2026-08-18,TPEX,6679,鈺太,206.0,208.5,200.0,200.0,292549.0
2026-08-18,TPEX,6680,鑫創電子,,,,,22.0
2026-08-18,TPEX,6683,雍智科技,1325.0,1345.0,1255.0,1260.0,607998.0
2026-08-18,TPEX,6684,安格,47.15,47.2,46.3,46.5,54104.0
2026-08-18,TPEX,6690,安碁資訊,166.5,166.5,162.0,162.5,18829.0
2026-08-18,TPEX,6692,進能服,24.0,24.45,23.75,24.45,19060.0
2026-08-18,TPEX,6693,廣閎科,183.0,187.0,169.5,172.5,854471.0
2026-08-18,TPEX,6697,東捷資訊,40.65,40.7,40.5,40.6,10273.0
2026-08-18,TPEX,6703,軒郁,103.5,103.5,102.0,102.5,59443.0
2026-08-18,TPEX,6708,天擎,39.9,39.9,38.7,38.7,18401.0
2026-08-18,TPEX,6712,長聖,148.5,148.5,147.0,147.5,184015.0
2026-08-18,TPEX,6716,應廣,134.5,139.0,132.0,137.5,871701.0
2026-08-18,TPEX,6720,久昌,139.5,139.5,131.0,132.0,25940.0
2026-08-18,TPEX,6721,信實,51.6,51.6,51.4,51.4,7754.0
2026-08-18,TPEX,6725,矽科宏晟,235.0,237.5,231.5,232.0,42580.0
2026-08-18,TPEX,6727,亞泰金屬,472.0,481.0,438.0,441.5,1959717.0
2026-08-18,TPEX,6728,上洋,106.0,106.0,105.5,106.0,18756.0
2026-08-18,TPEX,6730,常廣,33.0,33.0,33.0,33.0,1050.0
2026-08-18,TPEX,6732,昇佳電子,155.0,155.0,150.5,150.5,149543.0
2026-08-18,TPEX,6733,博晟生醫,25.4,25.5,24.9,25.3,95333.0
2026-08-18,TPEX,6735,美達科技,65.0,65.0,62.2,62.3,70423.0
2026-08-18,TPEX,6739,竹陞科技,1035.0,1035.0,988.0,992.0,152749.0
2026-08-18,TPEX,6741,91APP*-KY,54.2,55.0,54.2,54.8,91469.0
2026-08-18,TPEX,6751,智聯服務,41.2,41.45,41.2,41.45,2000.0
2026-08-18,TPEX,6752,叡揚,100.0,101.5,100.0,100.5,31924.0
2026-08-18,TPEX,6761,穩得,180.0,186.0,176.5,181.0,705203.0
2026-08-18,TPEX,6762,達亞,,,,,326.0
2026-08-18,TPEX,6763,綠界科技*,41.65,42.15,41.65,41.85,121968.0
2026-08-18,TPEX,6767,台微醫,25.5,25.5,25.5,25.5,1001.0
2026-08-18,TPEX,6785,昱展新藥,99.1,101.5,96.9,100.5,81918.0
2026-08-18,TPEX,6788,華景電,368.0,368.0,352.5,352.5,216408.0
2026-08-18,TPEX,6791,虎門科技,100.0,100.0,99.0,99.0,22733.0
2026-08-18,TPEX,6803,崑鼎,268.5,268.5,267.5,268.5,44457.0
2026-08-18,TPEX,6804,明係,19.0,19.35,18.95,18.95,93123.0
2026-08-18,TPEX,6811,宏碁資訊,225.5,225.5,220.5,222.5,160334.0
2026-08-18,TPEX,6821,聯寶,42.35,42.35,40.7,40.95,99278.0
2026-08-18,TPEX,6823,濾能,62.3,63.0,61.5,62.0,64938.0
2026-08-18,TPEX,6829,千附精密,242.5,242.5,220.5,220.5,1236095.0
2026-08-18,TPEX,6840,東研信超,83.8,84.5,81.4,83.0,713534.0
2026-08-18,TPEX,6841,長佳智能,52.5,52.6,52.2,52.3,153029.0
2026-08-18,TPEX,6843,進典,38.3,39.65,38.3,39.65,12147.0
2026-08-18,TPEX,6844,諾貝兒,61.6,61.6,60.5,61.2,30879.0
2026-08-18,TPEX,6846,綠茵,56.8,57.8,56.6,57.5,10400.0
2026-08-18,TPEX,6855,數泓科,,,,,5.0
2026-08-18,TPEX,6856,鑫傳,,,,,0.0
2026-08-18,TPEX,6859,伯特光,107.0,110.5,104.0,104.5,49790.0
2026-08-18,TPEX,6865,偉康科技,,,,,148.0
2026-08-18,TPEX,6870,騰雲,261.0,267.0,256.0,257.5,38088.0
2026-08-18,TPEX,6872,浩宇生醫,15.05,15.1,14.7,15.0,68001.0
2026-08-18,TPEX,6874,倍力,78.3,78.3,77.5,77.7,13225.0
2026-08-18,TPEX,6875,國邑*,33.4,33.4,32.95,33.4,46317.0
2026-08-18,TPEX,6877,鏵友益,122.0,122.0,118.0,118.0,53898.0
2026-08-18,TPEX,6881,潤德,,,,,13.0
2026-08-18,TPEX,6884,海柏特,31.55,31.55,31.55,31.55,1361.0
2026-08-18,TPEX,6894,衛司特,342.0,342.0,325.0,330.0,63028.0
2026-08-18,TPEX,6895,宏碩系統,117.0,126.0,117.0,122.5,62855.0
2026-08-18,TPEX,6899,創為精密,50.0,50.3,50.0,50.1,5050.0
2026-08-18,TPEX,6903,巨漢,323.5,337.5,323.0,323.5,548494.0
2026-08-18,TPEX,6904,伯鑫,124.5,124.5,124.5,124.5,1725.0
2026-08-18,TPEX,6907,雅特力-KY,173.0,188.0,171.5,188.0,2500401.0
2026-08-18,TPEX,6910,德鴻,24.7,24.7,24.3,24.4,12062.0
2026-08-18,TPEX,6913,鴻呈,150.0,150.0,145.0,145.0,249295.0
2026-08-18,TPEX,6922,宸曜,198.5,198.5,191.0,191.0,178204.0
2026-08-18,TPEX,6925,意藍,50.5,50.5,49.9,50.0,43921.0
2026-08-18,TPEX,6929,佑全,,,,,950.0
2026-08-18,TPEX,6945,圓祥生技,100.5,102.0,99.3,99.4,128960.0
2026-08-18,TPEX,6953,家碩,224.5,234.0,224.0,228.5,52069.0
2026-08-18,TPEX,6961,旅天下,51.5,51.5,51.0,51.0,39305.0
2026-08-18,TPEX,6967,汎瑋材料,77.5,77.5,72.1,72.8,301840.0
2026-08-18,TPEX,6968,萬達寵物,43.65,43.75,43.5,43.6,17789.0
2026-08-18,TPEX,6971,惠民實業,25.85,25.85,25.75,25.85,24000.0
2026-08-18,TPEX,6982,大井泵浦,48.3,48.75,48.0,48.3,29073.0
2026-08-18,TPEX,6983,華洋精機,300.0,303.0,300.0,300.5,49424.0
2026-08-18,TPEX,6986,和迅,42.25,43.0,42.25,42.95,23000.0
2026-08-18,TPEX,6996,力領科技,178.0,180.5,177.5,178.0,104710.0
2026-08-18,TPEX,6997,博弘,68.6,68.7,68.5,68.5,7019.0
2026-08-18,TPEX,7402,邑錡,115.5,119.5,112.5,113.0,1284211.0
2026-08-18,TPEX,7547,碩網,53.7,55.3,53.5,53.5,13045.0
2026-08-18,TPEX,7556,意德士,246.0,253.0,244.5,252.0,70742.0
2026-08-18,TPEX,7584,樂意,27.2,27.45,26.75,27.45,3094.0
2026-08-18,TPEX,7642,昶瑞機電,77.7,78.5,76.7,77.9,18170.0
2026-08-18,TPEX,7703,銳澤,176.5,179.5,174.5,179.0,91182.0
2026-08-18,TPEX,7704,明遠精密,63.0,64.7,62.7,64.4,32071.0
2026-08-18,TPEX,7708,全家餐飲,92.4,92.5,92.2,92.2,5065.0
2026-08-18,TPEX,7709,榮田,70.3,71.3,68.9,71.3,23849.0
2026-08-18,TPEX,7712,博盛半導體,146.0,152.0,142.5,143.0,302557.0
2026-08-18,TPEX,7713,威力德生醫,70.7,71.1,70.7,71.1,5020.0
2026-08-18,TPEX,7714,創泓科技,166.0,176.5,164.0,170.0,931222.0
2026-08-18,TPEX,7715,裕山,32.6,32.6,31.0,31.1,25065.0
2026-08-18,TPEX,7716,昱臺國際,24.0,24.0,23.5,23.95,8000.0
2026-08-18,TPEX,7717,萊德光電-KY,424.0,432.0,418.5,423.0,74679.0
2026-08-18,TPEX,7718,友鋮,47.3,47.3,47.0,47.3,10046.0
2026-08-18,TPEX,7723,築間,19.45,19.45,18.8,18.9,97027.0
2026-08-18,TPEX,7728,光焱科技,600.0,600.0,583.0,585.0,3715.0
2026-08-18,TPEX,7734,印能科技,3090.0,3150.0,2925.0,2945.0,313507.0
2026-08-18,TPEX,7738,東聯互動,170.0,170.0,166.0,166.5,7545.0
2026-08-18,TPEX,7743,金利食安,20.6,20.6,20.6,20.6,1000.0
2026-08-18,TPEX,7744,崴寶,497.0,501.0,480.5,499.5,141911.0
2026-08-18,TPEX,7747,昕奇雲端,113.5,114.5,113.5,114.5,2025.0
2026-08-18,TPEX,7751,竑騰,1485.0,1580.0,1430.0,1535.0,536557.0
2026-08-18,TPEX,7753,星亞,37.2,37.85,36.95,37.5,16261.0
2026-08-18,TPEX,7757,金色三麥,90.1,90.1,89.3,89.3,9671.0
2026-08-18,TPEX,7767,仁大資訊,44.65,44.95,44.0,44.65,57254.0
2026-08-18,TPEX,7770,君曜,38.75,38.75,37.95,38.0,8008.0
2026-08-18,TPEX,7772,耀穎,93.5,94.2,89.6,89.8,49221.0
2026-08-18,TPEX,7777,能率亞洲,38.9,39.0,37.75,38.4,1340111.0
2026-08-18,TPEX,7782,光速火箭,25.6,25.65,25.5,25.55,12061.0
2026-08-18,TPEX,7792,安葆,248.0,269.5,248.0,262.5,800528.0
2026-08-18,TPEX,7794,宏碁智新,28.35,28.45,28.2,28.2,24350.0
2026-08-18,TPEX,7805,威聯通,701.0,701.0,685.0,692.0,65443.0
2026-08-18,TPEX,7810,捷創科技,197.0,201.0,193.5,195.5,23911.0
2026-08-18,TPEX,7811,民盛,71.0,71.1,71.0,71.1,7000.0
2026-08-18,TPEX,7814,海昌生技,29.75,31.0,29.45,31.0,69200.0
2026-08-18,TPEX,7819,精誠金融,35.85,36.1,35.85,36.1,10793.0
2026-08-18,TPEX,7820,立盈,118.0,118.0,113.0,113.0,8234.0
2026-08-18,TPEX,7828,創新服務,1725.0,1735.0,1625.0,1630.0,158541.0
2026-08-18,TPEX,7839,達人網,44.3,45.0,44.3,45.0,11000.0
2026-08-18,TPEX,7842,天能綠電,95.5,100.5,92.5,100.5,338082.0
2026-08-18,TPEX,8024,佑華,13.7,13.7,13.1,13.35,32338.0
2026-08-18,TPEX,8027,鈦昇,184.0,184.0,168.0,169.5,2310741.0
2026-08-18,TPEX,8032,光菱,36.2,36.2,35.55,35.7,35110.0
2026-08-18,TPEX,8034,榮群,18.6,18.6,18.2,18.4,133121.0
2026-08-18,TPEX,8038,長園科,31.15,31.25,30.8,30.9,73134.0
2026-08-18,TPEX,8040,九暘,73.1,73.2,69.0,69.6,486366.0
2026-08-18,TPEX,8042,金山電,108.5,109.5,101.0,101.5,2285644.0
2026-08-18,TPEX,8043,蜜望實,147.0,148.0,138.5,138.5,1668631.0
2026-08-18,TPEX,8044,網家,26.2,26.2,25.45,25.45,211448.0
2026-08-18,TPEX,8047,星雲,47.3,51.0,45.5,49.15,30907.0
2026-08-18,TPEX,8048,德勝,52.3,52.3,51.0,51.9,52968.0
2026-08-18,TPEX,8049,晶采,24.95,24.95,24.6,24.6,290434.0
2026-08-18,TPEX,8050,廣積,57.3,57.3,55.9,56.4,2052413.0
2026-08-18,TPEX,8054,安國,82.5,82.5,80.0,80.0,767834.0
2026-08-18,TPEX,8059,凱碩,13.8,13.8,13.2,13.5,319816.0
2026-08-18,TPEX,8064,東捷,103.0,103.0,98.8,99.0,1837825.0
2026-08-18,TPEX,8066,來思達,14.75,14.75,14.5,14.6,15170.0
2026-08-18,TPEX,8067,志旭,13.4,13.4,12.4,12.8,13223.0
2026-08-18,TPEX,8068,全達,17.3,17.35,16.95,16.95,116055.0
2026-08-18,TPEX,8069,元太,162.5,162.5,156.5,157.5,9254526.0
2026-08-18,TPEX,8071,能率網通,24.15,24.35,23.5,23.6,619961.0
2026-08-18,TPEX,8074,鉅橡,56.0,56.6,54.5,54.6,315394.0
2026-08-18,TPEX,8076,伍豐,23.6,23.65,23.2,23.4,340925.0
2026-08-18,TPEX,8077,洛碁,44.55,44.55,44.55,44.55,6221.0
2026-08-18,TPEX,8080,泰霖,27.7,27.7,27.7,27.7,15164.0
2026-08-18,TPEX,8083,瑞穎,160.0,160.5,158.0,158.5,67455.0
2026-08-18,TPEX,8084,巨虹,52.0,52.0,49.75,50.6,277194.0
2026-08-18,TPEX,8085,福華,11.3,12.4,11.2,12.4,704536.0
2026-08-18,TPEX,8086,宏捷科,122.5,123.5,115.0,115.0,11008295.0
2026-08-18,TPEX,8087,麗升能源,27.65,27.65,26.85,26.85,4832.0
2026-08-18,TPEX,8088,品安,47.6,47.75,46.0,46.05,556256.0
2026-08-18,TPEX,8089,康全電訊,17.95,17.95,17.55,17.55,111412.0
2026-08-18,TPEX,8091,翔名,228.5,229.5,220.5,221.0,350992.0
2026-08-18,TPEX,8092,建暐,12.65,12.65,12.3,12.35,18105.0
2026-08-18,TPEX,8093,保銳,24.5,24.6,23.35,23.35,38119.0
2026-08-18,TPEX,8096,擎亞,115.0,119.0,109.5,110.0,4305462.0
2026-08-18,TPEX,8097,常珵,50.2,50.9,50.0,50.5,90240.0
2026-08-18,TPEX,8099,大世科,59.0,60.0,58.5,58.9,97838.0
2026-08-18,TPEX,8102,傑霖科技,72.0,72.0,70.0,70.0,25314.0
2026-08-18,TPEX,8107,大億金茂,12.3,12.35,12.1,12.1,64476.0
2026-08-18,TPEX,8109,博大,130.5,135.0,129.0,134.5,697360.0
2026-08-18,TPEX,8111,立碁,57.0,58.4,55.0,55.5,1978155.0
2026-08-18,TPEX,8121,越峰,28.8,29.05,27.85,27.85,574249.0
2026-08-18,TPEX,8147,正淩,119.0,122.5,118.0,120.5,122859.0
2026-08-18,TPEX,8155,博智,318.5,327.5,314.0,319.0,589925.0
2026-08-18,TPEX,8171,天宇,19.8,19.8,19.4,19.5,34331.0
2026-08-18,TPEX,8176,智捷,10.3,10.3,10.0,10.1,92378.0
2026-08-18,TPEX,8182,加高,40.95,41.85,39.35,39.95,682811.0
2026-08-18,TPEX,8183,精星,30.1,30.1,29.25,29.35,208218.0
2026-08-18,TPEX,8227,巨有科技,154.5,154.5,149.0,149.5,238131.0
2026-08-18,TPEX,8234,新漢,69.4,69.4,67.1,68.2,490878.0
2026-08-18,TPEX,8240,華宏,43.0,43.0,41.8,42.15,101062.0
2026-08-18,TPEX,8255,朋程,151.5,154.5,146.5,146.5,419450.0
2026-08-18,TPEX,8272,全景軟體,62.9,63.2,62.9,63.2,3400.0
2026-08-18,TPEX,8277,商丞,7.99,8.17,7.97,7.99,80170.0
2026-08-18,TPEX,8279,生展,86.8,86.8,85.2,85.5,56113.0
2026-08-18,TPEX,8284,三竹,68.2,68.2,66.0,66.0,56632.0
2026-08-18,TPEX,8289,泰藝,47.6,48.0,45.9,46.25,398676.0
2026-08-18,TPEX,8291,尚茂,36.1,36.1,33.9,34.0,13704.0
2026-08-18,TPEX,8299,群聯,2105.0,2120.0,2000.0,2000.0,4978590.0
2026-08-18,TPEX,8342,益張,87.6,87.6,87.6,87.6,1559.0
2026-08-18,TPEX,8349,恒耀,39.2,39.4,38.95,39.3,45612.0
2026-08-18,TPEX,8354,冠好,17.4,17.4,17.1,17.25,88581.0
2026-08-18,TPEX,8358,金居,425.5,441.0,415.0,416.0,33692545.0
2026-08-18,TPEX,8383,千附,71.2,71.8,69.1,69.1,1762100.0
2026-08-18,TPEX,8390,金益鼎,99.2,99.2,96.5,96.6,365800.0
2026-08-18,TPEX,8401,白紗科,23.05,23.2,22.75,22.9,18711.0
2026-08-18,TPEX,8403,盛弘,19.2,19.35,19.2,19.35,60073.0
2026-08-18,TPEX,8409,商之器,18.3,18.5,18.25,18.3,24104.0
2026-08-18,TPEX,8410,森田,31.25,31.6,31.25,31.6,6500.0
2026-08-18,TPEX,8415,大國鋼,38.3,38.3,37.55,38.0,545657.0
2026-08-18,TPEX,8416,實威,169.0,169.5,169.0,169.5,2227.0
2026-08-18,TPEX,8421,旭源,13.0,13.4,13.0,13.2,148281.0
2026-08-18,TPEX,8423,保綠-KY,17.8,17.95,17.75,17.9,9133.0
2026-08-18,TPEX,8424,惠普,69.3,69.3,68.6,68.8,5001.0
2026-08-18,TPEX,8426,紅木-KY,21.0,21.25,20.9,21.25,13521.0
2026-08-18,TPEX,8431,匯鑽科,48.2,48.2,46.55,46.55,133823.0
2026-08-18,TPEX,8432,東生華,50.1,50.1,49.55,49.7,65756.0
2026-08-18,TPEX,8433,弘帆,54.6,55.0,54.1,54.3,13744.0
2026-08-18,TPEX,8435,鉅邁,53.7,53.7,53.3,53.3,19345.0
2026-08-18,TPEX,8436,大江,123.0,126.0,122.0,124.5,843350.0
2026-08-18,TPEX,8437,大地-KY,9.25,9.25,8.97,9.06,15040.0
2026-08-18,TPEX,8440,綠電,20.2,20.25,20.0,20.2,51894.0
2026-08-18,TPEX,8444,綠河-KY,5.0,5.0,5.0,5.0,5000.0
2026-08-18,TPEX,8446,華研,86.3,86.3,85.4,85.5,40513.0
2026-08-18,TPEX,8450,霹靂,14.8,14.9,14.5,14.9,13014.0
2026-08-18,TPEX,8455,大拓-KY,24.05,24.05,23.0,23.3,8200.0
2026-08-18,TPEX,8472,夠麻吉,71.1,71.1,69.7,69.7,5218.0
2026-08-18,TPEX,8477,創業家,15.7,15.8,15.4,15.8,21110.0
2026-08-18,TPEX,8489,三貝德,22.55,22.65,22.45,22.6,16115.0
2026-08-18,TPEX,8905,裕國,34.1,34.95,33.9,34.4,17949.0
2026-08-18,TPEX,8906,花王,27.8,28.0,27.15,27.55,36501.0
2026-08-18,TPEX,8908,欣雄,39.9,39.95,39.85,39.9,40237.0
2026-08-18,TPEX,8916,光隆,40.6,40.6,40.3,40.4,51573.0
2026-08-18,TPEX,8917,欣泰,52.2,52.2,52.2,52.2,1054.0
2026-08-18,TPEX,8921,沈氏,17.55,17.55,17.55,17.55,1000.0
2026-08-18,TPEX,8923,時報,18.85,18.85,18.85,18.85,76000.0
2026-08-18,TPEX,8924,大田,50.8,51.0,50.6,50.6,61755.0
2026-08-18,TPEX,8927,北基,19.65,19.95,19.5,19.75,124739.0
2026-08-18,TPEX,8928,鉅明,23.0,23.8,23.0,23.1,50387.0
2026-08-18,TPEX,8929,富堡,13.25,13.3,13.25,13.25,5546.0
2026-08-18,TPEX,8930,青鋼,29.4,29.4,29.35,29.35,10624.0
2026-08-18,TPEX,8931,大汽電,41.05,41.05,40.5,40.65,27225.0
2026-08-18,TPEX,8932,智通*,109.5,111.5,107.5,109.0,2319957.0
2026-08-18,TPEX,8933,愛地雅,4.58,4.6,4.38,4.6,64099.0
2026-08-18,TPEX,8935,邦泰,17.8,17.8,17.4,17.7,133483.0
2026-08-18,TPEX,8936,國統,50.5,50.8,50.0,50.1,1632942.0
2026-08-18,TPEX,8937,合騏*,23.75,23.75,22.65,23.25,24600.0
2026-08-18,TPEX,8938,明安,52.1,52.6,52.1,52.5,47059.0
2026-08-18,TPEX,8941,關中,44.0,44.5,44.0,44.2,4020.0
2026-08-18,TPEX,8942,森鉅,42.25,42.3,41.55,41.55,321365.0
2026-08-18,TPEX,9949,琉園,23.6,23.6,23.15,23.25,21214.0
2026-08-18,TPEX,9950,萬國通,10.3,10.3,10.2,10.2,29012.0
2026-08-18,TPEX,9951,皇田,53.1,53.2,52.9,53.1,30182.0
2026-08-18,TPEX,9960,邁達康,,,,,21.0
2026-08-18,TPEX,9962,有益,10.2,10.3,10.2,10.2,21000.0
