date,market,stock_id,name,open,high,low,close,volume
2026-09-03,TWSE,1101,台泥,25.3,25.4,24.65,24.8,43527079.0
2026-09-03,TWSE,1102,亞泥,34.8,35.0,34.5,35.0,7414785.0
2026-09-03,TWSE,1103,嘉泥,13.25,13.25,13.15,13.25,167858.0
2026-09-03,TWSE,1104,環泥,27.1,27.15,26.9,27.05,666575.0
2026-09-03,TWSE,1108,幸福,11.75,11.75,11.65,11.7,117905.0
2026-09-03,TWSE,1109,信大,13.55,13.55,13.4,13.45,78658.0
2026-09-03,TWSE,1110,東泥,15.9,16.1,15.85,16.1,201667.0
2026-09-03,TWSE,1201,味全,12.2,12.25,12.15,12.25,381688.0
2026-09-03,TWSE,1203,味王,43.75,44.35,43.75,44.35,31471.0
2026-09-03,TWSE,1210,大成,51.7,52.2,51.5,51.8,1105966.0
2026-09-03,TWSE,1213,大飲,8.29,8.29,7.33,7.6,11274.0
2026-09-03,TWSE,1215,卜蜂,108.5,110.0,107.5,109.5,667679.0
2026-09-03,TWSE,1216,統一,75.7,76.6,75.5,76.6,7493926.0
2026-09-03,TWSE,1217,愛之味,10.0,10.0,9.93,9.96,181059.0
2026-09-03,TWSE,1218,泰山,14.5,14.55,14.4,14.4,891545.0
2026-09-03,TWSE,1219,福壽,11.5,11.55,11.4,11.55,266553.0
2026-09-03,TWSE,1220,台榮,10.7,10.75,10.7,10.75,41847.0
2026-09-03,TWSE,1225,福懋油,25.25,25.5,25.1,25.15,108202.0
2026-09-03,TWSE,1227,佳格,28.4,28.6,28.4,28.6,441360.0
2026-09-03,TWSE,1229,聯華,41.5,41.95,41.5,41.95,1460422.0
2026-09-03,TWSE,1231,聯華食,80.3,80.4,80.1,80.2,246811.0
2026-09-03,TWSE,1232,大統益,157.0,157.0,156.0,156.5,90293.0
2026-09-03,TWSE,1233,天仁,28.5,28.5,28.3,28.3,8131.0
2026-09-03,TWSE,1234,黑松,33.15,33.45,33.15,33.45,65803.0
2026-09-03,TWSE,1235,興泰,36.6,37.7,36.6,37.0,14093.0
2026-09-03,TWSE,1236,宏亞,26.0,26.25,25.55,25.95,57255.0
2026-09-03,TWSE,1256,鮮活果汁-KY,179.5,181.0,177.5,177.5,54960.0
2026-09-03,TWSE,1301,台塑,69.0,70.6,65.5,66.8,53476275.0
2026-09-03,TWSE,1303,南亞,240.0,248.0,232.0,237.5,127824204.0
2026-09-03,TWSE,1304,台聚,12.8,13.05,12.45,12.6,3533470.0
2026-09-03,TWSE,1305,華夏,12.7,13.0,12.4,12.5,2314282.0
2026-09-03,TWSE,1307,三芳,30.6,30.7,30.4,30.45,582155.0
2026-09-03,TWSE,1308,亞聚,14.7,15.05,14.45,14.6,1945889.0
2026-09-03,TWSE,1309,台達化,14.0,14.45,13.7,13.8,4705111.0
2026-09-03,TWSE,1310,台苯,8.82,9.07,8.8,8.97,2724992.0
2026-09-03,TWSE,1312,國喬,15.2,15.7,15.0,15.25,37656164.0
2026-09-03,TWSE,1313,聯成,12.25,12.4,11.95,12.05,2254463.0
2026-09-03,TWSE,1314,中石化,8.3,8.33,8.14,8.22,16925294.0
2026-09-03,TWSE,1315,達新,65.6,66.3,65.5,66.0,23447.0
2026-09-03,TWSE,1316,上曜,10.85,11.0,10.75,10.8,1481541.0
2026-09-03,TWSE,1319,東陽,82.9,83.5,82.7,83.0,1133367.0
2026-09-03,TWSE,1321,大洋,32.5,32.75,32.3,32.75,32000.0
2026-09-03,TWSE,1323,永裕,21.15,21.45,21.15,21.25,17505.0
2026-09-03,TWSE,1324,地球,10.1,10.1,10.05,10.05,14367.0
2026-09-03,TWSE,1325,恆大,25.65,25.8,25.55,25.65,104715.0
2026-09-03,TWSE,1326,台化,74.5,74.7,70.5,72.8,62533246.0
2026-09-03,TWSE,1337,再生-KY,4.62,4.64,4.58,4.59,97877.0
2026-09-03,TWSE,1338,廣華-KY,14.5,14.55,14.4,14.55,27103.0
2026-09-03,TWSE,1339,昭輝,43.0,43.2,42.85,43.2,43370.0
2026-09-03,TWSE,1340,勝悅-KY,5.17,5.25,5.16,5.22,84019.0
2026-09-03,TWSE,1341,富林-KY,59.0,59.6,59.0,59.6,2011.0
2026-09-03,TWSE,1342,八貫,103.0,103.5,102.0,102.5,162920.0
2026-09-03,TWSE,1402,遠東新,29.35,29.4,28.95,29.1,5660529.0
2026-09-03,TWSE,1409,新纖,25.25,26.6,25.25,25.35,25510372.0
2026-09-03,TWSE,1410,南染,24.45,25.2,24.45,24.8,171548.0
2026-09-03,TWSE,1413,宏洲,9.15,9.15,8.95,9.08,37679.0
2026-09-03,TWSE,1414,東和,19.0,19.0,18.6,18.8,249178.0
2026-09-03,TWSE,1416,廣豐,11.7,11.7,11.5,11.7,136066.0
2026-09-03,TWSE,1417,嘉裕,8.31,8.32,8.25,8.29,127868.0
2026-09-03,TWSE,1418,東華,17.55,17.65,17.5,17.65,9198.0
2026-09-03,TWSE,1419,新紡,66.5,67.7,66.5,67.0,35706.0
2026-09-03,TWSE,1423,利華,34.4,35.5,34.4,35.5,7871.0
2026-09-03,TWSE,1432,大魯閣,15.0,15.2,15.0,15.05,81987.0
2026-09-03,TWSE,1434,福懋,18.45,18.45,18.1,18.25,1546580.0
2026-09-03,TWSE,1435,中福,22.6,22.6,21.0,21.5,10016.0
2026-09-03,TWSE,1436,華友聯,38.7,38.9,38.3,38.5,93796.0
2026-09-03,TWSE,1437,勤益控,31.75,32.0,31.65,32.0,53330.0
2026-09-03,TWSE,1438,三地開發,22.4,22.4,22.3,22.4,36408.0
2026-09-03,TWSE,1439,雋揚,30.0,30.0,29.1,29.25,25117.0
2026-09-03,TWSE,1440,南紡,13.95,14.6,13.95,14.2,7130914.0
2026-09-03,TWSE,1441,大東,8.82,8.82,8.81,8.81,11558.0
2026-09-03,TWSE,1442,名軒,29.3,29.65,29.3,29.6,65033.0
2026-09-03,TWSE,1443,立益物流,24.85,24.85,23.65,23.8,34161.0
2026-09-03,TWSE,1444,力麗,7.08,7.25,7.08,7.2,1519107.0
2026-09-03,TWSE,1445,大宇,10.2,10.3,10.15,10.3,18001.0
2026-09-03,TWSE,1446,宏和,13.65,13.65,13.45,13.55,117518.0
2026-09-03,TWSE,1447,力鵬,6.85,7.01,6.85,6.88,884247.0
2026-09-03,TWSE,1449,佳和,12.35,12.45,12.3,12.3,183861.0
2026-09-03,TWSE,1451,年興,17.3,17.3,17.2,17.3,49183.0
2026-09-03,TWSE,1452,宏益,11.3,11.45,11.25,11.4,46101.0
2026-09-03,TWSE,1453,大將,11.15,11.15,11.0,11.05,37230.0
2026-09-03,TWSE,1454,台富,12.25,12.25,12.1,12.2,36046.0
2026-09-03,TWSE,1455,集盛,10.3,10.3,10.0,10.15,1291807.0
2026-09-03,TWSE,1456,怡華,14.25,14.4,13.9,14.4,91549.0
2026-09-03,TWSE,1457,宜進,14.3,14.45,14.3,14.45,56905.0
2026-09-03,TWSE,1459,聯發,15.45,15.65,15.45,15.55,181353.0
2026-09-03,TWSE,1460,宏遠,6.6,6.62,6.54,6.6,92622.0
2026-09-03,TWSE,1463,強盛新,17.4,17.75,17.3,17.35,31279.0
2026-09-03,TWSE,1464,得力,10.1,10.15,10.0,10.05,393867.0
2026-09-03,TWSE,1465,偉全,12.3,12.4,12.05,12.15,273191.0
2026-09-03,TWSE,1466,聚隆,16.2,16.2,16.0,16.1,98149.0
2026-09-03,TWSE,1467,南緯,8.29,8.33,8.23,8.28,64501.0
2026-09-03,TWSE,1468,昶和,12.85,12.9,12.5,12.9,63000.0
2026-09-03,TWSE,1470,大統新創,23.75,24.3,23.7,24.3,3000.0
2026-09-03,TWSE,1471,首利,9.94,9.95,9.85,9.92,139560.0
2026-09-03,TWSE,1472,三洋實業,88.5,88.6,88.5,88.6,11102.0
2026-09-03,TWSE,1473,台南,20.0,20.15,19.85,20.15,54432.0
2026-09-03,TWSE,1474,弘裕,9.97,10.05,9.97,9.97,70308.0
2026-09-03,TWSE,1475,業旺,26.5,26.5,26.0,26.25,10104.0
2026-09-03,TWSE,1476,儒鴻,313.0,315.0,312.0,314.0,456035.0
2026-09-03,TWSE,1477,聚陽,195.0,196.0,194.5,196.0,1099383.0
2026-09-03,TWSE,1503,士電,210.0,215.0,206.0,206.0,2697623.0
2026-09-03,TWSE,1504,東元,73.4,73.6,72.4,72.6,5931340.0
2026-09-03,TWSE,1506,正道,10.05,10.05,10.0,10.05,136241.0
2026-09-03,TWSE,1512,瑞利,6.36,6.53,6.29,6.38,95009.0
2026-09-03,TWSE,1513,中興電,166.5,168.0,164.5,165.0,1753904.0
2026-09-03,TWSE,1514,亞力,104.5,106.0,103.0,103.0,1859486.0
2026-09-03,TWSE,1515,力山,32.95,33.1,32.0,32.0,1035596.0
2026-09-03,TWSE,1516,川飛,13.8,14.55,13.8,14.55,13062.0
2026-09-03,TWSE,1517,利奇,11.25,11.25,11.05,11.1,300188.0
2026-09-03,TWSE,1519,華城,749.0,771.0,741.0,741.0,1693169.0
2026-09-03,TWSE,1521,大億,25.9,25.9,25.5,25.9,14063.0
2026-09-03,TWSE,1522,堤維西,27.6,27.85,27.2,27.4,474638.0
2026-09-03,TWSE,1524,耿鼎,27.3,27.35,27.05,27.1,267921.0
2026-09-03,TWSE,1525,江申,66.6,67.0,66.6,66.9,3183.0
2026-09-03,TWSE,1526,日馳,16.2,16.65,15.9,16.05,238372.0
2026-09-03,TWSE,1527,鑽全,32.6,32.75,32.6,32.6,193720.0
2026-09-03,TWSE,1528,恩德,19.0,19.6,19.0,19.35,529230.0
2026-09-03,TWSE,1529,樂事綠能,17.0,17.05,16.7,16.8,286709.0
2026-09-03,TWSE,1530,亞崴,28.65,28.65,28.45,28.6,12620.0
2026-09-03,TWSE,1531,高林股,12.0,12.25,11.75,11.75,246447.0
2026-09-03,TWSE,1532,勤美,23.1,23.25,22.9,23.0,180845.0
2026-09-03,TWSE,1533,車王電,31.2,31.2,31.0,31.1,89769.0
2026-09-03,TWSE,1535,中宇,45.55,45.55,45.35,45.5,25098.0
2026-09-03,TWSE,1536,和大,49.15,49.75,49.0,49.55,664157.0
2026-09-03,TWSE,1537,廣隆,117.5,117.5,117.0,117.5,132501.0
2026-09-03,TWSE,1538,正峰,,,,,110.0
2026-09-03,TWSE,1539,巨庭,15.6,15.7,15.55,15.7,8056.0
2026-09-03,TWSE,1540,喬福,19.75,19.75,19.5,19.65,117057.0
2026-09-03,TWSE,1541,錩泰,21.45,21.5,21.45,21.45,9110.0
2026-09-03,TWSE,1558,伸興,104.0,105.5,103.5,105.5,328491.0
2026-09-03,TWSE,1560,中砂,739.0,739.0,702.0,704.0,1081855.0
2026-09-03,TWSE,1568,倉佑,29.05,29.15,28.8,28.9,70017.0
2026-09-03,TWSE,1582,信錦,76.0,76.0,74.9,75.1,277606.0
2026-09-03,TWSE,1583,程泰,48.75,48.75,48.25,48.25,8618.0
2026-09-03,TWSE,1587,吉茂,24.0,24.2,23.9,24.0,80799.0
2026-09-03,TWSE,1590,亞德客-KY,1465.0,1465.0,1380.0,1395.0,471817.0
2026-09-03,TWSE,1597,直得,144.5,154.5,143.5,148.5,5980445.0
2026-09-03,TWSE,1598,岱宇,20.2,20.2,20.05,20.15,84032.0
2026-09-03,TWSE,1603,華電,30.6,30.6,30.2,30.55,143430.0
2026-09-03,TWSE,1604,聲寶,23.3,23.4,23.3,23.4,253437.0
2026-09-03,TWSE,1605,華新,38.4,38.45,37.75,38.2,17612531.0
2026-09-03,TWSE,1608,華榮,37.0,37.35,36.6,36.8,3011464.0
2026-09-03,TWSE,1609,大亞,37.0,37.65,37.0,37.5,1989828.0
2026-09-03,TWSE,1611,中電,11.8,11.8,11.75,11.75,286652.0
2026-09-03,TWSE,1612,宏泰,35.0,35.0,34.65,34.65,313505.0
2026-09-03,TWSE,1614,三洋電,30.55,30.75,30.55,30.75,20011.0
2026-09-03,TWSE,1615,大山,43.85,44.2,43.85,44.2,55639.0
2026-09-03,TWSE,1616,億泰,19.45,19.5,19.2,19.25,201618.0
2026-09-03,TWSE,1617,榮星,19.3,19.6,18.75,19.0,2400762.0
2026-09-03,TWSE,1618,合機,39.9,39.9,39.55,39.8,280770.0
2026-09-03,TWSE,1623,大東電,206.5,209.0,203.5,207.0,89075.0
2026-09-03,TWSE,1626,艾美特-KY,9.65,9.71,9.55,9.71,55762.0
2026-09-03,TWSE,1702,南僑,32.8,32.8,32.45,32.6,145552.0
2026-09-03,TWSE,1707,葡萄王,90.8,92.2,90.8,91.8,383215.0
2026-09-03,TWSE,1708,東鹼,51.3,51.9,50.5,50.6,2556509.0
2026-09-03,TWSE,1709,和益,34.75,35.4,33.85,35.0,14108956.0
2026-09-03,TWSE,1710,東聯,16.1,16.4,15.95,16.35,3912558.0
2026-09-03,TWSE,1711,永光,43.7,44.45,43.25,43.4,2935452.0
2026-09-03,TWSE,1712,興農,40.05,41.3,40.05,41.05,2029300.0
2026-09-03,TWSE,1713,國化,44.9,45.35,44.7,44.9,390940.0
2026-09-03,TWSE,1714,和桐,18.55,18.55,17.2,17.35,57476427.0
2026-09-03,TWSE,1717,長興,84.5,84.5,80.0,80.8,25403252.0
2026-09-03,TWSE,1718,中纖,11.0,11.3,10.8,10.8,16412705.0
2026-09-03,TWSE,1720,生達,56.1,56.5,56.0,56.4,233088.0
2026-09-03,TWSE,1721,三晃,20.9,21.0,20.3,20.4,598004.0
2026-09-03,TWSE,1722,台肥,44.8,44.8,44.55,44.6,2021713.0
2026-09-03,TWSE,1723,中碳,85.3,87.0,85.1,87.0,253144.0
2026-09-03,TWSE,1725,元禎,31.3,31.65,31.1,31.45,12500.0
2026-09-03,TWSE,1726,永記,76.7,77.0,76.7,77.0,14405.0
2026-09-03,TWSE,1727,中華化,94.9,96.5,93.4,94.2,3187873.0
2026-09-03,TWSE,1730,花仙子,51.3,51.5,51.2,51.5,15608.0
2026-09-03,TWSE,1731,美吾華,21.0,21.0,20.9,20.95,133339.0
2026-09-03,TWSE,1732,毛寶,26.2,26.2,26.0,26.15,57684.0
2026-09-03,TWSE,1733,五鼎,32.3,32.3,32.0,32.25,131033.0
2026-09-03,TWSE,1734,杏輝,30.6,30.7,30.55,30.65,104551.0
2026-09-03,TWSE,1735,日勝化,21.2,21.45,21.1,21.1,81118.0
2026-09-03,TWSE,1736,喬山,124.0,127.5,122.5,126.0,589606.0
2026-09-03,TWSE,1737,臺鹽,30.7,30.7,30.6,30.65,220962.0
2026-09-03,TWSE,1752,南光,31.6,31.6,31.5,31.55,39296.0
2026-09-03,TWSE,1760,寶齡富錦,57.5,57.9,57.1,57.2,214574.0
2026-09-03,TWSE,1762,中化生,35.85,36.35,35.6,36.2,138157.0
2026-09-03,TWSE,1773,勝一,170.0,170.0,162.5,163.5,1603077.0
2026-09-03,TWSE,1776,展宇,17.25,17.25,16.95,17.1,18220.0
2026-09-03,TWSE,1783,和康生,39.7,39.7,39.0,39.1,91372.0
2026-09-03,TWSE,1786,科妍,46.55,46.95,46.1,46.15,293115.0
2026-09-03,TWSE,1789,神隆,19.0,19.1,18.8,19.0,402201.0
2026-09-03,TWSE,1795,美時,187.5,187.5,183.5,184.0,604475.0
2026-09-03,TWSE,1802,台玻,61.3,62.8,60.5,60.8,33383550.0
2026-09-03,TWSE,1805,寶徠,10.05,10.2,10.05,10.15,23639.0
2026-09-03,TWSE,1806,冠軍,8.03,8.09,8.03,8.03,110807.0
2026-09-03,TWSE,1808,潤隆,34.75,35.45,34.75,35.45,2109015.0
2026-09-03,TWSE,1809,中釉,38.75,39.05,38.45,38.5,580598.0
2026-09-03,TWSE,1810,和成,24.7,25.0,24.6,24.65,1717591.0
2026-09-03,TWSE,1817,凱撒衛,40.15,40.3,40.05,40.2,27099.0
2026-09-03,TWSE,1903,士紙,47.6,47.95,47.55,47.6,83598.0
2026-09-03,TWSE,1904,正隆,24.8,24.95,24.5,24.55,1883764.0
2026-09-03,TWSE,1905,華紙,13.65,13.9,13.6,13.85,1386888.0
2026-09-03,TWSE,1906,寶隆,11.35,11.35,11.0,11.2,185527.0
2026-09-03,TWSE,1907,永豐餘,29.85,30.2,29.8,30.1,589696.0
2026-09-03,TWSE,1909,榮成,10.9,11.4,10.9,11.35,3918262.0
2026-09-03,TWSE,2002,中鋼,18.95,19.05,18.9,19.05,23684321.0
2026-09-03,TWSE,2006,東和鋼鐵,80.8,82.7,80.5,82.7,1682696.0
2026-09-03,TWSE,2007,燁興,6.99,6.99,6.91,6.92,275231.0
2026-09-03,TWSE,2008,高興昌,30.55,30.55,30.5,30.55,11425.0
2026-09-03,TWSE,2009,第一銅,40.75,40.75,39.8,39.9,1701763.0
2026-09-03,TWSE,2010,春源,22.45,22.6,22.25,22.45,763497.0
2026-09-03,TWSE,2012,春雨,14.5,14.65,14.45,14.6,38151.0
2026-09-03,TWSE,2013,中鋼構,41.35,41.95,41.35,41.6,43193.0
2026-09-03,TWSE,2014,中鴻,17.0,17.1,16.95,16.95,1663892.0
2026-09-03,TWSE,2015,豐興,63.8,64.5,63.8,64.4,172230.0
2026-09-03,TWSE,2017,官田鋼,9.14,9.15,9.05,9.07,354544.0
2026-09-03,TWSE,2020,美亞,21.9,21.9,21.7,21.75,566264.0
2026-09-03,TWSE,2022,聚亨,7.57,7.59,7.52,7.58,226653.0
2026-09-03,TWSE,2023,燁輝,13.65,13.85,13.65,13.85,600821.0
2026-09-03,TWSE,2024,志聯,13.4,13.4,13.25,13.25,2961.0
2026-09-03,TWSE,2025,千興,12.6,12.85,12.6,12.85,171256.0
2026-09-03,TWSE,2027,大成鋼,49.35,49.85,49.05,49.55,7500145.0
2026-09-03,TWSE,2028,威致,15.9,15.9,15.65,15.75,74344.0
2026-09-03,TWSE,2029,盛餘,21.9,22.15,21.75,21.75,532250.0
2026-09-03,TWSE,2030,彰源,22.7,22.7,22.1,22.6,1793271.0
2026-09-03,TWSE,2031,新光鋼,45.0,45.25,44.75,45.2,446344.0
2026-09-03,TWSE,2032,新鋼,17.3,17.3,17.05,17.25,200001.0
2026-09-03,TWSE,2033,佳大,23.9,24.9,23.85,24.65,736850.0
2026-09-03,TWSE,2034,允強,20.6,20.7,20.45,20.5,983956.0
2026-09-03,TWSE,2038,海光,12.8,12.9,12.7,12.75,114043.0
2026-09-03,TWSE,2049,上銀,359.0,369.5,352.0,352.0,5084000.0
2026-09-03,TWSE,2059,川湖,14220.0,14220.0,13600.0,13865.0,439034.0
2026-09-03,TWSE,2062,橋椿,19.1,19.2,19.05,19.05,102371.0
2026-09-03,TWSE,2069,運錩,21.3,21.3,20.7,20.8,459296.0
2026-09-03,TWSE,2072,世紀風電,141.0,141.0,139.0,139.0,284254.0
2026-09-03,TWSE,2101,南港,31.3,31.7,31.3,31.65,1245583.0
2026-09-03,TWSE,2102,泰豐,18.35,18.5,18.35,18.45,126595.0
2026-09-03,TWSE,2103,台橡,28.65,29.05,27.95,28.3,5051843.0
2026-09-03,TWSE,2104,國際中橡,10.4,10.55,10.3,10.45,1504284.0
2026-09-03,TWSE,2105,正新,31.0,31.1,30.65,30.95,2522809.0
2026-09-03,TWSE,2106,建大,17.4,17.45,17.25,17.4,477364.0
2026-09-03,TWSE,2107,厚生,26.9,27.15,26.85,26.9,148728.0
2026-09-03,TWSE,2108,南帝,30.3,30.65,30.15,30.55,670147.0
2026-09-03,TWSE,2109,華豐,14.8,14.85,14.7,14.75,130399.0
2026-09-03,TWSE,2114,鑫永銓,89.0,89.2,88.3,89.2,18501.0
2026-09-03,TWSE,2115,六暉-KY,24.35,24.35,23.55,23.95,38919.0
2026-09-03,TWSE,2201,裕隆,31.0,32.0,30.85,31.95,9972103.0
2026-09-03,TWSE,2204,中華,54.4,54.8,54.0,54.4,687042.0
2026-09-03,TWSE,2206,三陽工業,63.2,63.5,62.7,63.3,444374.0
2026-09-03,TWSE,2207,和泰車,514.0,518.0,511.0,517.0,156256.0
2026-09-03,TWSE,2208,台船,19.2,19.25,19.05,19.05,1857703.0
2026-09-03,TWSE,2211,長榮鋼,83.0,83.0,82.4,82.6,339041.0
2026-09-03,TWSE,2227,裕日車,47.45,47.9,47.45,47.9,19485.0
2026-09-03,TWSE,2228,劍麟,74.6,75.0,74.3,74.9,120300.0
2026-09-03,TWSE,2231,為升,92.2,93.9,92.0,92.0,135425.0
2026-09-03,TWSE,2233,宇隆,175.0,175.5,170.5,171.0,418096.0
2026-09-03,TWSE,2236,百達-KY,120.0,120.0,118.0,118.0,111004.0
2026-09-03,TWSE,2237,華德動能-創,28.0,28.0,27.8,27.8,129054.0
2026-09-03,TWSE,2239,英利-KY,19.8,20.35,19.8,19.95,18300.0
2026-09-03,TWSE,2241,艾姆勒,33.95,34.5,33.95,34.5,228352.0
2026-09-03,TWSE,2243,宏旭-KY,47.0,48.0,42.65,42.9,984556.0
2026-09-03,TWSE,2247,汎德永業,230.0,231.5,228.5,231.5,37132.0
2026-09-03,TWSE,2248,華勝-KY,61.6,62.8,61.6,62.2,38058.0
2026-09-03,TWSE,2250,IKKA-KY,58.9,58.9,58.5,58.5,24191.0
2026-09-03,TWSE,2254,巨鎧精密-創,61.6,62.5,61.4,62.0,425000.0
2026-09-03,TWSE,2258,鴻華先進-創,31.15,31.25,30.7,31.0,384646.0
2026-09-03,TWSE,2301,光寶科,297.0,328.0,296.5,315.0,46683643.0
2026-09-03,TWSE,2302,麗正,43.35,43.75,42.75,42.75,1727622.0
2026-09-03,TWSE,2303,聯電,131.5,133.0,126.0,126.0,136331797.0
2026-09-03,TWSE,2305,全友,29.05,30.7,29.05,30.05,3858859.0
2026-09-03,TWSE,2308,台達電,1815.0,1815.0,1730.0,1730.0,15977253.0
2026-09-03,TWSE,2312,金寶,32.95,33.6,32.85,33.15,10239687.0
2026-09-03,TWSE,2313,華通,249.5,257.0,246.0,249.0,29088813.0
2026-09-03,TWSE,2314,台揚,11.45,11.45,11.4,11.4,34845.0
2026-09-03,TWSE,2316,楠梓電,164.5,168.0,161.0,161.5,1631647.0
2026-09-03,TWSE,2317,鴻海,253.0,255.0,250.5,251.0,29265369.0
2026-09-03,TWSE,2321,東訊,14.1,15.2,13.5,15.2,26382.0
2026-09-03,TWSE,2323,中環,10.9,11.05,10.9,10.95,2713614.0
2026-09-03,TWSE,2324,仁寶,40.7,41.15,39.65,39.7,80916280.0
2026-09-03,TWSE,2327,國巨*,552.0,552.0,537.0,540.0,35836154.0
2026-09-03,TWSE,2328,廣宇,47.55,48.7,47.3,47.8,2814892.0
2026-09-03,TWSE,2329,華泰,43.7,43.95,43.2,43.35,1267851.0
2026-09-03,TWSE,2330,台積電,2415.0,2420.0,2385.0,2385.0,25151394.0
2026-09-03,TWSE,2331,精英,19.7,19.85,19.55,19.85,704737.0
2026-09-03,TWSE,2332,友訊,19.75,19.8,19.3,19.3,12562359.0
2026-09-03,TWSE,2337,旺宏,122.0,123.5,120.0,123.0,18842579.0
2026-09-03,TWSE,2338,光罩,39.1,39.85,38.9,39.15,857469.0
2026-09-03,TWSE,2340,台亞,34.1,34.75,33.9,34.15,1835702.0
2026-09-03,TWSE,2342,茂矽,40.75,41.1,39.8,39.8,1500776.0
2026-09-03,TWSE,2344,華邦電,173.5,180.0,171.5,179.0,83567943.0
2026-09-03,TWSE,2345,智邦,2145.0,2205.0,2105.0,2140.0,3470248.0
2026-09-03,TWSE,2347,聯強,86.0,88.1,85.7,87.4,2624324.0
2026-09-03,TWSE,2348,海悅,70.5,71.1,70.4,71.1,80133.0
2026-09-03,TWSE,2349,錸德,11.2,11.2,11.05,11.1,953793.0
2026-09-03,TWSE,2351,順德,227.0,236.0,222.0,229.0,5421346.0
2026-09-03,TWSE,2352,佳世達,28.3,28.85,28.3,28.7,3477673.0
2026-09-03,TWSE,2353,宏碁,31.5,32.2,31.3,32.15,18102445.0
2026-09-03,TWSE,2354,鴻準,65.4,67.0,65.2,66.3,15446703.0
2026-09-03,TWSE,2355,敬鵬,43.9,44.5,43.6,44.0,1054166.0
2026-09-03,TWSE,2356,英業達,67.1,68.4,66.4,66.6,22335535.0
2026-09-03,TWSE,2357,華碩,1000.0,1020.0,993.0,1010.0,3736142.0
2026-09-03,TWSE,2359,所羅門,143.0,147.5,142.5,144.5,4355295.0
2026-09-03,TWSE,2360,致茂,2000.0,2010.0,1955.0,1975.0,1235243.0
2026-09-03,TWSE,2362,藍天,47.8,48.7,47.55,48.7,1213835.0
2026-09-03,TWSE,2363,矽統,51.0,51.9,50.9,51.0,1919873.0
2026-09-03,TWSE,2364,倫飛,67.0,68.4,66.5,67.5,335109.0
2026-09-03,TWSE,2365,昆盈,29.9,30.45,29.65,30.15,1046821.0
2026-09-03,TWSE,2367,燿華,44.35,44.55,43.8,44.05,2779214.0
2026-09-03,TWSE,2368,金像電,1210.0,1210.0,1160.0,1175.0,6246961.0
2026-09-03,TWSE,2369,菱生,31.5,32.0,31.4,31.5,2810135.0
2026-09-03,TWSE,2371,大同,28.65,28.7,28.1,28.2,6156837.0
2026-09-03,TWSE,2373,震旦行,52.8,52.9,52.8,52.9,34260.0
2026-09-03,TWSE,2374,佳能,68.7,71.2,68.4,70.1,4638888.0
2026-09-03,TWSE,2375,凱美,124.5,125.0,122.5,125.0,1788981.0
2026-09-03,TWSE,2376,技嘉,358.5,363.0,355.5,361.5,4930389.0
2026-09-03,TWSE,2377,微星,152.5,156.0,152.0,155.0,7932496.0
2026-09-03,TWSE,2379,瑞昱,742.0,774.0,736.0,744.0,2825186.0
2026-09-03,TWSE,2380,虹光,18.9,19.0,18.3,18.3,80697.0
2026-09-03,TWSE,2382,廣達,338.0,341.5,336.0,337.0,9424750.0
2026-09-03,TWSE,2383,台光電,5600.0,5670.0,5445.0,5445.0,1489933.0
2026-09-03,TWSE,2385,群光,108.0,109.5,108.0,109.5,2450331.0
2026-09-03,TWSE,2387,精元,36.9,37.15,36.9,37.05,214686.0
2026-09-03,TWSE,2388,威盛,72.7,77.2,72.7,76.4,5310277.0
2026-09-03,TWSE,2390,云辰,10.3,10.35,10.15,10.3,296388.0
2026-09-03,TWSE,2392,正崴,45.5,46.3,45.05,45.5,2780697.0
2026-09-03,TWSE,2393,億光,65.1,66.0,64.9,66.0,1241673.0
2026-09-03,TWSE,2395,研華,705.0,709.0,688.0,692.0,3182937.0
2026-09-03,TWSE,2397,友通,62.4,63.0,62.2,62.9,107257.0
2026-09-03,TWSE,2399,映泰,46.15,47.6,45.85,46.1,3822478.0
2026-09-03,TWSE,2401,凌陽,25.2,25.7,25.2,25.5,1189251.0
2026-09-03,TWSE,2402,毅嘉,59.3,60.0,58.6,59.3,4781802.0
2026-09-03,TWSE,2404,漢唐,1085.0,1085.0,1025.0,1025.0,2371343.0
2026-09-03,TWSE,2405,輔信,15.3,15.55,15.25,15.45,812413.0
2026-09-03,TWSE,2406,國碩,28.25,28.5,27.9,27.9,2962726.0
2026-09-03,TWSE,2408,南亞科,509.0,524.0,502.0,518.0,52916302.0
2026-09-03,TWSE,2409,友達,26.2,27.15,26.05,26.4,117900028.0
2026-09-03,TWSE,2412,中華電,136.5,137.5,136.0,137.5,10960892.0
2026-09-03,TWSE,2413,環科,43.05,43.4,42.9,42.95,316220.0
2026-09-03,TWSE,2414,精技,52.4,52.5,52.2,52.4,86349.0
2026-09-03,TWSE,2415,錩新,28.95,29.75,28.7,28.85,107187.0
2026-09-03,TWSE,2417,圓剛,43.2,44.3,43.2,43.6,452862.0
2026-09-03,TWSE,2419,仲琦,26.55,27.9,26.5,27.9,2493846.0
2026-09-03,TWSE,2420,新巨,54.8,55.0,54.4,54.7,200073.0
2026-09-03,TWSE,2421,建準,175.0,178.5,166.0,168.0,6794329.0
2026-09-03,TWSE,2423,固緯,74.3,74.7,73.9,74.2,48380.0
2026-09-03,TWSE,2424,隴華,8.05,8.3,7.86,8.01,43565.0
2026-09-03,TWSE,2425,承啟,37.45,37.95,37.25,37.65,566300.0
2026-09-03,TWSE,2426,鼎元,108.0,111.0,100.0,104.5,78465633.0
2026-09-03,TWSE,2427,三商電,22.3,22.35,22.0,22.15,166706.0
2026-09-03,TWSE,2428,興勤,254.0,256.0,250.0,250.5,1282277.0
2026-09-03,TWSE,2429,銘旺科,32.6,32.6,32.05,32.05,130992.0
2026-09-03,TWSE,2430,燦坤,17.85,17.85,17.6,17.8,45151.0
2026-09-03,TWSE,2431,聯昌,10.2,10.3,10.15,10.2,60035.0
2026-09-03,TWSE,2432,倚天酷碁-創,27.45,27.5,27.4,27.5,25000.0
2026-09-03,TWSE,2433,互盛電,41.4,41.6,41.4,41.6,18204.0
2026-09-03,TWSE,2434,統懋,71.2,71.2,63.8,65.0,2453812.0
2026-09-03,TWSE,2436,偉詮電,66.5,67.7,66.3,66.9,2414302.0
2026-09-03,TWSE,2438,翔耀,18.45,20.05,18.45,20.05,266618.0
2026-09-03,TWSE,2439,美律,78.4,78.5,77.6,78.3,1180331.0
2026-09-03,TWSE,2440,太空梭,14.1,14.25,14.1,14.25,189042.0
2026-09-03,TWSE,2441,超豐,118.5,119.5,116.0,116.0,2453928.0
2026-09-03,TWSE,2442,新美齊,19.35,19.4,19.2,19.25,2129027.0
2026-09-03,TWSE,2444,兆勁,10.95,11.0,10.8,10.85,261922.0
2026-09-03,TWSE,2449,京元電子,274.5,283.5,270.5,270.5,34026931.0
2026-09-03,TWSE,2450,神腦,28.15,28.3,28.1,28.25,61547.0
2026-09-03,TWSE,2451,創見,297.5,300.0,294.0,296.5,2618056.0
2026-09-03,TWSE,2453,凌群,52.2,52.4,52.1,52.3,121371.0
2026-09-03,TWSE,2454,聯發科,4450.0,4565.0,4230.0,4275.0,23567252.0
2026-09-03,TWSE,2455,全新,515.0,552.0,509.0,542.0,34014193.0
2026-09-03,TWSE,2457,飛宏,22.6,23.55,22.6,23.05,1468898.0
2026-09-03,TWSE,2458,義隆,138.0,139.5,136.5,137.0,981501.0
2026-09-03,TWSE,2459,敦吉,66.8,67.0,66.5,66.9,62665.0
2026-09-03,TWSE,2460,建通,28.8,28.95,28.0,28.45,265637.0
2026-09-03,TWSE,2461,光群雷,18.3,18.5,18.25,18.4,323917.0
2026-09-03,TWSE,2462,良得電,20.4,20.55,20.0,20.0,247419.0
2026-09-03,TWSE,2464,盟立,181.5,202.0,181.5,202.0,27613956.0
2026-09-03,TWSE,2465,麗臺,99.2,105.0,99.2,105.0,8513698.0
2026-09-03,TWSE,2466,冠西電,100.5,108.5,99.5,104.0,1938163.0
2026-09-03,TWSE,2467,志聖,617.0,630.0,608.0,609.0,953685.0
2026-09-03,TWSE,2468,華經,33.45,33.8,33.35,33.6,140878.0
2026-09-03,TWSE,2471,資通,50.9,50.9,50.3,50.4,76604.0
2026-09-03,TWSE,2472,立隆電,220.0,220.5,217.0,217.0,1277615.0
2026-09-03,TWSE,2474,可成,213.5,214.0,208.5,211.0,2577018.0
2026-09-03,TWSE,2476,鉅祥,127.0,127.5,125.0,125.5,989187.0
2026-09-03,TWSE,2477,美隆電,21.6,21.85,21.55,21.55,163237.0
2026-09-03,TWSE,2478,大毅,120.5,123.0,119.5,121.0,1828520.0
2026-09-03,TWSE,2480,敦陽科,155.5,156.5,155.0,156.5,181787.0
2026-09-03,TWSE,2481,強茂,153.5,157.0,148.0,148.0,21327766.0
2026-09-03,TWSE,2482,連宇,15.95,16.1,15.85,15.95,46529.0
2026-09-03,TWSE,2483,百容,34.4,35.65,34.2,34.85,794214.0
2026-09-03,TWSE,2484,希華,76.7,77.8,74.5,74.5,8710402.0
2026-09-03,TWSE,2485,兆赫,42.5,43.25,42.2,42.3,1510633.0
2026-09-03,TWSE,2486,一詮,272.0,288.0,270.5,288.0,7156723.0
2026-09-03,TWSE,2488,漢平,48.05,48.4,48.05,48.3,36445.0
2026-09-03,TWSE,2489,瑞軒,42.5,44.95,42.15,42.25,64396060.0
2026-09-03,TWSE,2491,吉祥全,45.75,50.3,44.75,50.0,8049652.0
2026-09-03,TWSE,2492,華新科,296.0,302.5,291.0,293.0,17530839.0
2026-09-03,TWSE,2493,揚博,187.0,194.5,184.0,184.0,1793827.0
2026-09-03,TWSE,2495,普安,37.5,38.1,37.5,38.05,784771.0
2026-09-03,TWSE,2496,卓越,54.6,54.8,54.6,54.6,11247.0
2026-09-03,TWSE,2497,怡利電,45.0,45.6,44.95,45.4,113543.0
2026-09-03,TWSE,2498,宏達電,40.9,42.2,40.3,41.65,5875912.0
2026-09-03,TWSE,2501,國建,22.4,22.65,22.3,22.5,1386470.0
2026-09-03,TWSE,2504,國產,31.45,31.5,31.15,31.4,752572.0
2026-09-03,TWSE,2505,國揚,16.95,17.0,16.85,17.0,146851.0
2026-09-03,TWSE,2506,太設,8.56,8.57,8.5,8.56,102027.0
2026-09-03,TWSE,2509,全坤建,15.2,15.3,14.65,14.85,280365.0
2026-09-03,TWSE,2511,太子,8.26,8.33,8.25,8.33,401030.0
2026-09-03,TWSE,2514,龍邦,11.8,11.8,11.65,11.7,65888.0
2026-09-03,TWSE,2515,中工,12.1,12.4,12.1,12.1,8760061.0
2026-09-03,TWSE,2516,新建,14.15,14.15,14.0,14.05,86288.0
2026-09-03,TWSE,2520,冠德,35.9,36.2,35.45,35.85,906763.0
2026-09-03,TWSE,2524,京城,34.55,34.55,34.3,34.3,96847.0
2026-09-03,TWSE,2527,宏璟,44.2,44.2,42.7,42.95,518811.0
2026-09-03,TWSE,2528,皇普,19.85,19.9,19.75,19.75,199859.0
2026-09-03,TWSE,2530,華建,19.35,19.75,19.25,19.25,702969.0
2026-09-03,TWSE,2534,宏盛,17.15,17.15,16.95,17.05,201772.0
2026-09-03,TWSE,2535,達欣工,89.1,90.1,89.0,89.5,128465.0
2026-09-03,TWSE,2536,宏普,20.8,20.8,19.8,20.35,4492273.0
2026-09-03,TWSE,2537,聯上發,11.7,11.7,11.5,11.55,808163.0
2026-09-03,TWSE,2538,基泰,8.82,8.83,8.73,8.81,853127.0
2026-09-03,TWSE,2539,櫻花建,35.3,35.35,34.95,34.95,857288.0
2026-09-03,TWSE,2540,愛山林,47.75,47.75,46.9,46.9,648792.0
2026-09-03,TWSE,2542,興富發,47.55,48.0,47.55,47.95,4263041.0
2026-09-03,TWSE,2543,皇昌,38.55,38.8,38.15,38.3,557418.0
2026-09-03,TWSE,2545,皇翔,34.5,34.8,34.05,34.25,217854.0
2026-09-03,TWSE,2546,根基,103.0,105.5,103.0,105.5,106754.0
2026-09-03,TWSE,2547,日勝生,9.96,10.05,9.95,9.99,1041750.0
2026-09-03,TWSE,2548,華固,93.6,94.0,93.2,93.4,615987.0
2026-09-03,TWSE,2597,潤弘,170.5,171.0,168.0,170.0,402060.0
2026-09-03,TWSE,2601,益航,6.8,6.83,6.73,6.83,1669108.0
2026-09-03,TWSE,2603,長榮,237.0,240.0,231.0,234.5,10458669.0
2026-09-03,TWSE,2605,新興,35.1,35.45,34.75,35.05,7593610.0
2026-09-03,TWSE,2606,裕民,75.3,76.4,73.8,75.1,3821274.0
2026-09-03,TWSE,2607,榮運,53.2,53.6,53.1,53.3,308568.0
2026-09-03,TWSE,2608,嘉里大榮,28.5,28.65,28.5,28.55,52361.0
2026-09-03,TWSE,2609,陽明,58.0,60.0,56.9,57.5,41626918.0
2026-09-03,TWSE,2610,華航,20.2,20.55,20.15,20.45,16116339.0
2026-09-03,TWSE,2611,志信,14.8,14.85,14.6,14.65,484805.0
2026-09-03,TWSE,2612,中航,60.6,61.8,60.5,61.4,423840.0
2026-09-03,TWSE,2613,中櫃,22.75,23.3,22.55,22.6,327576.0
2026-09-03,TWSE,2614,東森,18.35,18.4,18.2,18.2,371070.0
2026-09-03,TWSE,2615,萬海,115.5,117.0,110.5,112.0,20652756.0
2026-09-03,TWSE,2616,山隆,13.5,13.6,13.4,13.45,129893.0
2026-09-03,TWSE,2617,台航,31.1,31.4,31.05,31.25,752082.0
2026-09-03,TWSE,2618,長榮航,42.15,42.3,41.7,42.15,20019837.0
2026-09-03,TWSE,2630,亞航,52.3,52.4,50.8,50.8,1752887.0
2026-09-03,TWSE,2633,台灣高鐵,26.2,26.25,26.05,26.2,1880139.0
2026-09-03,TWSE,2634,漢翔,66.6,67.8,66.4,66.4,11409935.0
2026-09-03,TWSE,2636,台驊控股,69.5,70.0,68.7,69.4,409609.0
2026-09-03,TWSE,2637,慧洋-KY,96.6,97.3,94.9,96.3,2532689.0
2026-09-03,TWSE,2642,宅配通,20.5,20.9,20.3,20.45,40808.0
2026-09-03,TWSE,2645,長榮航太,176.0,178.5,175.0,176.0,1733029.0
2026-09-03,TWSE,2646,星宇航空,20.7,20.7,20.5,20.65,2568845.0
2026-09-03,TWSE,2701,萬企,10.4,10.45,10.35,10.45,75766.0
2026-09-03,TWSE,2702,華園,12.6,12.7,12.5,12.7,13146.0
2026-09-03,TWSE,2704,國賓,44.6,45.35,44.6,45.15,102773.0
2026-09-03,TWSE,2705,六福,15.75,15.9,15.55,15.7,143926.0
2026-09-03,TWSE,2706,第一店,12.55,12.55,12.45,12.5,155349.0
2026-09-03,TWSE,2707,晶華,178.0,179.5,178.0,179.0,50072.0
2026-09-03,TWSE,2712,遠雄來,14.3,14.3,14.25,14.25,3000.0
2026-09-03,TWSE,2722,夏都,21.9,21.9,21.45,21.45,20605.0
2026-09-03,TWSE,2723,美食-KY,82.6,84.0,82.3,83.5,581659.0
2026-09-03,TWSE,2727,王品,232.0,234.5,232.0,234.5,183447.0
2026-09-03,TWSE,2731,雄獅,144.5,144.5,143.0,143.5,215915.0
2026-09-03,TWSE,2739,寒舍,38.0,38.05,37.7,37.85,99091.0
2026-09-03,TWSE,2748,雲品,38.85,38.85,38.55,38.85,50673.0
2026-09-03,TWSE,2753,八方雲集,179.5,182.0,179.5,182.0,128525.0
2026-09-03,TWSE,2762,世界健身-KY,82.3,82.4,81.6,82.1,46561.0
2026-09-03,TWSE,2801,彰銀,24.95,25.8,24.95,25.7,28838271.0
2026-09-03,TWSE,2812,台中銀,19.1,19.45,19.05,19.4,36663547.0
2026-09-03,TWSE,2816,旺旺保,38.65,38.9,38.55,38.9,290704.0
2026-09-03,TWSE,2820,華票,16.5,16.8,16.5,16.75,2924592.0
2026-09-03,TWSE,2832,台產,58.4,58.6,57.9,58.2,221855.0
2026-09-03,TWSE,2834,臺企銀,17.0,17.3,16.95,17.25,45702144.0
2026-09-03,TWSE,2836,高雄銀,12.0,12.15,11.95,12.15,1897972.0
2026-09-03,TWSE,2838,聯邦銀,20.15,20.55,20.15,20.55,2204487.0
2026-09-03,TWSE,2845,遠東銀,13.0,13.1,12.9,13.0,36473327.0
2026-09-03,TWSE,2849,安泰銀,14.3,14.5,14.25,14.4,123689.0
2026-09-03,TWSE,2850,新產,159.5,162.0,159.5,161.0,87079.0
2026-09-03,TWSE,2851,中再保,45.35,46.3,45.05,46.15,1974785.0
2026-09-03,TWSE,2852,第一保,28.25,28.35,28.1,28.35,140893.0
2026-09-03,TWSE,2855,統一證,49.5,50.0,49.4,49.6,3315604.0
2026-09-03,TWSE,2880,華南金,41.95,43.0,41.5,43.0,22882451.0
2026-09-03,TWSE,2881,富邦金,144.5,145.0,142.5,143.5,13285257.0
2026-09-03,TWSE,2882,國泰金,109.5,110.0,108.0,109.0,24652478.0
2026-09-03,TWSE,2883,凱基金,34.85,35.6,34.6,35.5,47214212.0
2026-09-03,TWSE,2884,玉山金,39.65,40.6,39.35,40.5,47477441.0
2026-09-03,TWSE,2885,元大金,66.2,66.7,65.7,66.7,18145744.0
2026-09-03,TWSE,2886,兆豐金,48.25,49.1,48.05,49.0,33784817.0
2026-09-03,TWSE,2887,台新新光金,40.2,41.2,39.75,41.2,88399635.0
2026-09-03,TWSE,2889,國票金,15.6,16.15,15.6,16.0,22666854.0
2026-09-03,TWSE,2890,永豐金,41.5,42.3,40.95,42.15,31205716.0
2026-09-03,TWSE,2891,中信金,65.8,66.7,65.4,66.6,40072437.0
2026-09-03,TWSE,2892,第一金,35.55,36.35,35.4,36.25,37045311.0
2026-09-03,TWSE,2897,王道銀行,10.6,10.7,10.4,10.7,9951222.0
2026-09-03,TWSE,2901,欣欣,23.65,23.65,23.3,23.55,4467.0
2026-09-03,TWSE,2903,遠百,22.1,22.65,22.1,22.35,889116.0
2026-09-03,TWSE,2904,匯僑,12.95,12.95,12.75,12.8,33987.0
2026-09-03,TWSE,2905,三商,17.35,17.9,17.3,17.8,1552082.0
2026-09-03,TWSE,2906,高林,13.95,13.95,13.7,13.85,80035.0
2026-09-03,TWSE,2908,特力,21.9,21.95,21.8,21.8,166182.0
2026-09-03,TWSE,2910,統領,23.65,24.1,23.65,24.1,7031.0
2026-09-03,TWSE,2911,麗嬰房,6.42,6.42,6.3,6.32,105567.0
2026-09-03,TWSE,2912,統一超,215.5,218.0,215.0,217.0,1196376.0
2026-09-03,TWSE,2913,農林,11.15,11.2,11.1,11.15,715788.0
2026-09-03,TWSE,2915,潤泰全,56.5,57.4,56.2,57.2,1770702.0
2026-09-03,TWSE,2923,鼎固-KY,24.25,24.95,23.8,24.05,165372.0
2026-09-03,TWSE,2929,淘帝-KY,5.56,5.67,5.55,5.67,56076.0
2026-09-03,TWSE,2939,永邑-KY,19.3,19.8,19.15,19.8,8000.0
2026-09-03,TWSE,2945,三商家購,40.0,40.0,40.0,40.0,8306.0
2026-09-03,TWSE,3002,歐格,17.1,17.4,17.1,17.35,58496.0
2026-09-03,TWSE,3003,健和興,67.9,68.8,67.4,68.0,408190.0
2026-09-03,TWSE,3004,豐達科,120.0,121.0,119.5,120.0,151692.0
2026-09-03,TWSE,3005,神基,118.0,118.0,116.0,116.0,1404702.0
2026-09-03,TWSE,3006,晶豪科,276.0,284.5,271.0,281.5,9196167.0
2026-09-03,TWSE,3008,大立光,7470.0,7955.0,7460.0,7810.0,2294173.0
2026-09-03,TWSE,3010,華立,128.0,130.0,128.0,129.5,411620.0
2026-09-03,TWSE,3011,今皓,10.25,10.5,10.25,10.35,326473.0
2026-09-03,TWSE,3013,晟銘電,88.8,91.9,88.1,89.5,2577642.0
2026-09-03,TWSE,3014,聯陽,130.5,132.0,130.5,131.0,444682.0
2026-09-03,TWSE,3015,全漢,53.2,53.7,53.0,53.7,279888.0
2026-09-03,TWSE,3016,嘉晶,103.5,104.5,99.7,100.0,3261035.0
2026-09-03,TWSE,3017,奇鋐,3365.0,3490.0,3280.0,3310.0,3136748.0
2026-09-03,TWSE,3018,隆銘綠能,12.0,12.5,12.0,12.1,40590.0
2026-09-03,TWSE,3019,亞光,143.0,157.5,141.5,157.5,24643003.0
2026-09-03,TWSE,3021,鴻名,20.1,20.35,20.05,20.1,57228.0
2026-09-03,TWSE,3022,威強電,91.6,92.3,90.4,90.4,854935.0
2026-09-03,TWSE,3023,信邦,323.0,331.5,321.5,330.0,2248436.0
2026-09-03,TWSE,3024,憶聲,14.95,14.95,14.7,14.8,636516.0
2026-09-03,TWSE,3025,星通,52.0,53.1,51.8,52.8,116842.0
2026-09-03,TWSE,3026,禾伸堂,718.0,743.0,686.0,686.0,6999229.0
2026-09-03,TWSE,3027,盛達,18.4,18.45,18.1,18.35,119874.0
2026-09-03,TWSE,3028,增你強,65.4,66.3,64.6,66.0,772127.0
2026-09-03,TWSE,3029,零壹,112.0,113.0,111.5,112.5,406000.0
2026-09-03,TWSE,3030,德律,293.5,294.5,288.0,288.5,1127041.0
2026-09-03,TWSE,3031,佰鴻,24.25,24.95,24.25,24.65,338850.0
2026-09-03,TWSE,3032,偉訓,80.9,81.6,80.2,80.5,209632.0
2026-09-03,TWSE,3033,威健,44.15,44.8,43.8,44.65,2360401.0
2026-09-03,TWSE,3034,聯詠,558.0,563.0,540.0,543.0,3294710.0
2026-09-03,TWSE,3035,智原,183.5,186.0,182.0,184.5,2909867.0
2026-09-03,TWSE,3036,文曄,185.5,191.0,181.5,187.0,28951535.0
2026-09-03,TWSE,3037,欣興,955.0,988.0,948.0,973.0,26059464.0
2026-09-03,TWSE,3038,全台,20.05,20.2,20.05,20.2,102771.0
2026-09-03,TWSE,3040,遠見,36.25,37.25,35.65,36.25,130233.0
2026-09-03,TWSE,3041,揚智,23.3,24.1,23.25,23.8,1124582.0
2026-09-03,TWSE,3042,晶技,181.5,186.0,178.0,180.0,9702955.0
2026-09-03,TWSE,3043,科風,21.35,21.35,21.0,21.2,28768.0
2026-09-03,TWSE,3044,健鼎,505.0,510.0,499.5,502.0,2512926.0
2026-09-03,TWSE,3045,台灣大,115.5,116.0,114.5,116.0,5665186.0
2026-09-03,TWSE,3046,建碁,56.2,56.5,55.7,56.2,169809.0
2026-09-03,TWSE,3047,訊舟,13.7,13.85,13.65,13.8,292275.0
2026-09-03,TWSE,3048,益登,54.7,55.0,54.0,54.0,1041777.0
2026-09-03,TWSE,3049,精金,12.9,13.5,12.9,13.05,10234687.0
2026-09-03,TWSE,3050,鈺德,11.6,11.7,11.5,11.7,363409.0
2026-09-03,TWSE,3051,力特,22.8,23.0,22.7,22.75,184251.0
2026-09-03,TWSE,3052,夆典,10.6,10.6,10.45,10.55,447959.0
2026-09-03,TWSE,3054,立萬利,58.3,58.3,56.2,56.2,60278.0
2026-09-03,TWSE,3055,蔚華科,127.0,142.0,127.0,142.0,4304618.0
2026-09-03,TWSE,3056,富華新,14.0,14.1,13.9,14.1,312499.0
2026-09-03,TWSE,3057,喬鼎,17.9,17.95,17.45,17.45,70596.0
2026-09-03,TWSE,3058,立德,8.19,8.22,8.12,8.15,135476.0
2026-09-03,TWSE,3059,華晶科,39.25,40.25,39.0,39.6,2364602.0
2026-09-03,TWSE,3060,銘異,26.55,26.95,26.35,26.75,493679.0
2026-09-03,TWSE,3062,建漢,20.8,21.35,20.8,21.1,991298.0
2026-09-03,TWSE,3090,日電貿,170.0,170.5,168.0,168.5,3121980.0
2026-09-03,TWSE,3092,鴻碩,23.85,24.45,23.65,23.9,168247.0
2026-09-03,TWSE,3094,聯傑,40.6,42.6,40.3,41.2,5495413.0
2026-09-03,TWSE,3130,一零四,210.5,211.0,210.0,210.5,29166.0
2026-09-03,TWSE,3135,凌航,173.5,184.0,173.0,176.0,2143946.0
2026-09-03,TWSE,3138,耀登,97.9,97.9,96.5,96.7,112002.0
2026-09-03,TWSE,3149,正達,64.0,64.5,63.1,63.4,4368885.0
2026-09-03,TWSE,3150,鈺寶-創,17.05,17.05,16.75,17.0,14000.0
2026-09-03,TWSE,3164,景岳,15.85,15.85,15.7,15.8,11449.0
2026-09-03,TWSE,3167,大量,785.0,813.0,774.0,774.0,2843504.0
2026-09-03,TWSE,3168,眾福科,41.7,42.1,41.7,41.8,4169.0
2026-09-03,TWSE,3189,景碩,850.0,864.0,837.0,847.0,14894440.0
2026-09-03,TWSE,3209,全科,46.3,48.25,46.3,47.5,2368915.0
2026-09-03,TWSE,3229,晟鈦,50.0,52.3,50.0,51.2,633221.0
2026-09-03,TWSE,3231,緯創,184.0,192.5,183.0,185.5,84035531.0
2026-09-03,TWSE,3257,虹冠電,50.0,51.0,49.45,50.2,183096.0
2026-09-03,TWSE,3266,昇陽,13.85,13.9,13.8,13.9,18203.0
2026-09-03,TWSE,3296,勝德,23.7,24.05,23.55,24.05,21094.0
2026-09-03,TWSE,3305,昇貿,113.5,114.5,112.0,112.0,1015676.0
2026-09-03,TWSE,3308,聯德,21.85,21.85,21.5,21.8,52692.0
2026-09-03,TWSE,3311,閎暉,32.4,32.75,32.1,32.4,187103.0
2026-09-03,TWSE,3312,弘憶股,51.9,56.6,51.9,56.0,2189224.0
2026-09-03,TWSE,3321,同泰,17.5,17.75,17.5,17.6,108984.0
2026-09-03,TWSE,3338,泰碩,66.6,67.9,66.2,66.5,408350.0
2026-09-03,TWSE,3346,麗清,19.5,19.5,19.0,19.1,266644.0
2026-09-03,TWSE,3356,奇偶,62.7,63.5,62.5,63.2,752543.0
2026-09-03,TWSE,3376,新日興,211.0,214.5,206.5,208.0,5396219.0
2026-09-03,TWSE,3380,明泰,28.85,30.55,28.7,30.05,8377185.0
2026-09-03,TWSE,3406,玉晶光,970.0,1070.0,970.0,1050.0,2423763.0
2026-09-03,TWSE,3413,京鼎,284.0,289.5,283.5,285.5,628982.0
2026-09-03,TWSE,3416,融程電,177.0,178.0,172.5,172.5,283135.0
2026-09-03,TWSE,3419,譁裕,12.1,12.1,11.95,12.0,14269.0
2026-09-03,TWSE,3432,台端,14.35,14.75,14.35,14.75,25406.0
2026-09-03,TWSE,3437,榮創,18.0,18.25,17.9,18.1,248723.0
2026-09-03,TWSE,3443,創意,5955.0,6080.0,5860.0,5895.0,1159803.0
2026-09-03,TWSE,3447,展達,30.3,30.4,29.7,29.75,137669.0
2026-09-03,TWSE,3450,聯鈞,619.0,626.0,601.0,602.0,11020011.0
2026-09-03,TWSE,3481,群創,49.3,50.3,48.65,49.05,170837506.0
2026-09-03,TWSE,3494,誠研,7.1,7.22,7.05,7.09,23667.0
2026-09-03,TWSE,3501,維熹,39.5,40.4,39.35,39.95,166596.0
2026-09-03,TWSE,3504,揚明光,86.5,95.3,86.3,94.3,9604329.0
2026-09-03,TWSE,3515,華擎,226.5,230.0,225.0,228.5,1072493.0
2026-09-03,TWSE,3518,柏騰,31.3,33.4,30.9,31.9,4155596.0
2026-09-03,TWSE,3528,安馳,83.7,87.0,83.0,86.0,266592.0
2026-09-03,TWSE,3530,晶相光,59.0,61.0,59.0,59.9,123593.0
2026-09-03,TWSE,3532,台勝科,401.0,405.0,386.0,386.0,3847679.0
2026-09-03,TWSE,3533,嘉澤,1715.0,1745.0,1680.0,1705.0,1128387.0
2026-09-03,TWSE,3535,晶彩科,89.1,89.7,88.0,88.5,323370.0
2026-09-03,TWSE,3543,州巧,47.9,49.8,47.25,48.65,3682410.0
2026-09-03,TWSE,3545,敦泰,50.0,52.8,49.9,52.5,2221782.0
2026-09-03,TWSE,3550,聯穎,23.65,24.1,23.45,23.5,925154.0
2026-09-03,TWSE,3557,嘉威,24.35,24.35,24.2,24.2,11103.0
2026-09-03,TWSE,3563,牧德,699.0,733.0,697.0,710.0,713159.0
2026-09-03,TWSE,3576,聯合再生,17.6,17.95,17.3,17.3,8280631.0
2026-09-03,TWSE,3583,辛耘,770.0,791.0,752.0,757.0,973469.0
2026-09-03,TWSE,3588,通嘉,54.2,54.8,53.4,54.0,90124.0
2026-09-03,TWSE,3591,艾笛森,22.45,22.9,22.45,22.6,622864.0
2026-09-03,TWSE,3592,瑞鼎,226.5,230.0,226.0,226.5,360927.0
2026-09-03,TWSE,3593,力銘,10.5,10.6,10.5,10.5,28012.0
2026-09-03,TWSE,3596,智易,160.5,162.5,160.0,161.0,1233608.0
2026-09-03,TWSE,3605,宏致,123.5,134.0,120.0,127.0,19992489.0
2026-09-03,TWSE,3607,谷崧,13.8,13.9,13.65,13.8,92509.0
2026-09-03,TWSE,3617,碩天,251.0,253.5,247.5,249.0,344254.0
2026-09-03,TWSE,3622,洋華,53.1,53.5,53.0,53.4,240636.0
2026-09-03,TWSE,3645,達邁,72.2,75.2,72.1,72.5,3120839.0
2026-09-03,TWSE,3652,精聯,32.8,32.8,32.4,32.7,57157.0
2026-09-03,TWSE,3653,健策,5755.0,5850.0,5660.0,5770.0,1290114.0
2026-09-03,TWSE,3661,世芯-KY,4260.0,4310.0,4180.0,4200.0,1632464.0
2026-09-03,TWSE,3665,貿聯-KY,2200.0,2235.0,2165.0,2170.0,3399837.0
2026-09-03,TWSE,3669,圓展,35.0,35.7,35.0,35.6,96637.0
2026-09-03,TWSE,3673,TPK-KY,67.4,68.4,66.5,67.0,4362027.0
2026-09-03,TWSE,3679,新至陞,108.0,108.0,107.5,107.5,13147.0
2026-09-03,TWSE,3686,達能,14.65,14.65,14.4,14.4,20908.0
2026-09-03,TWSE,3694,海華,50.7,52.1,50.5,51.4,571795.0
2026-09-03,TWSE,3701,大眾控,41.15,45.15,40.9,43.25,4944351.0
2026-09-03,TWSE,3702,大聯大,100.5,102.0,100.0,102.0,7763641.0
2026-09-03,TWSE,3703,欣陸,19.5,19.75,19.4,19.4,1224894.0
2026-09-03,TWSE,3704,合勤控,41.65,42.4,41.55,42.1,804864.0
2026-09-03,TWSE,3705,永信,55.8,56.1,55.6,56.0,98533.0
2026-09-03,TWSE,3706,神達,95.1,95.3,93.8,94.7,12698438.0
2026-09-03,TWSE,3708,上緯投控,100.0,101.5,100.0,101.0,426830.0
2026-09-03,TWSE,3711,日月光投控,599.0,607.0,587.0,589.0,17467250.0
2026-09-03,TWSE,3712,永崴投控,22.0,22.0,20.95,21.2,683604.0
2026-09-03,TWSE,3714,富采,62.5,62.9,61.5,62.0,4428993.0
2026-09-03,TWSE,3715,定穎投控,132.0,132.5,124.0,124.5,12492024.0
2026-09-03,TWSE,3716,中化控股,34.55,34.85,34.25,34.65,298063.0
2026-09-03,TWSE,3717,聯嘉投控,22.3,22.5,21.95,22.35,827774.0
2026-09-03,TWSE,4104,佳醫,70.9,71.2,70.7,71.2,87811.0
2026-09-03,TWSE,4106,雃博,24.2,24.6,24.1,24.5,183817.0
2026-09-03,TWSE,4108,懷特,11.45,11.5,11.3,11.3,277685.0
2026-09-03,TWSE,4119,旭富,56.5,56.5,55.2,55.9,179031.0
2026-09-03,TWSE,4133,亞諾法,20.7,20.7,20.55,20.65,51974.0
2026-09-03,TWSE,4137,麗豐-KY,83.7,83.7,81.0,81.3,466395.0
2026-09-03,TWSE,4142,國光生,17.8,17.85,17.65,17.8,381804.0
2026-09-03,TWSE,4148,全宇生技-KY,31.5,31.8,31.5,31.55,16559.0
2026-09-03,TWSE,4155,訊映,14.5,14.5,14.15,14.4,278778.0
2026-09-03,TWSE,4164,承業醫,26.0,26.25,25.75,26.2,406110.0
2026-09-03,TWSE,4169,泰宗,154.0,157.0,153.5,153.5,39348.0
2026-09-03,TWSE,4178,永笙-KY,16.95,16.95,16.8,16.9,74127.0
2026-09-03,TWSE,4190,佐登-KY,26.45,26.45,25.8,25.8,8966.0
2026-09-03,TWSE,4195,基米-創,14.35,14.4,14.05,14.05,61840.0
2026-09-03,TWSE,4306,炎洲,15.2,15.2,14.9,15.05,1203399.0
2026-09-03,TWSE,4414,如興,8.5,8.5,8.33,8.42,109674.0
2026-09-03,TWSE,4426,利勤,7.56,7.56,7.5,7.53,186404.0
2026-09-03,TWSE,4438,廣越,58.1,59.1,58.1,58.3,224011.0
2026-09-03,TWSE,4439,冠星-KY,96.7,97.0,95.7,95.7,5580.0
2026-09-03,TWSE,4440,宜新實業,17.45,17.55,17.45,17.5,29187.0
2026-09-03,TWSE,4441,振大環球,172.0,173.0,170.0,173.0,54882.0
2026-09-03,TWSE,4526,東台,30.4,31.65,30.15,31.25,1831147.0
2026-09-03,TWSE,4532,瑞智,23.85,23.95,23.75,23.9,300157.0
2026-09-03,TWSE,4536,拓凱,164.5,166.0,163.5,164.5,93559.0
2026-09-03,TWSE,4540,全球傳動,59.2,61.6,59.1,59.5,2225683.0
2026-09-03,TWSE,4545,銘鈺,31.8,32.1,31.7,32.05,18019.0
2026-09-03,TWSE,4551,智伸科,166.0,169.0,163.5,166.0,796657.0
2026-09-03,TWSE,4552,力達-KY,16.9,16.9,16.65,16.85,83437.0
2026-09-03,TWSE,4555,氣立,46.3,46.7,46.1,46.3,43399.0
2026-09-03,TWSE,4557,永新-KY,50.3,50.8,50.1,50.4,19635.0
2026-09-03,TWSE,4560,強信-KY,29.8,29.85,29.3,29.55,372015.0
2026-09-03,TWSE,4562,穎漢,31.0,31.4,30.8,31.1,104583.0
2026-09-03,TWSE,4564,元翎,16.55,16.55,16.25,16.45,683604.0
2026-09-03,TWSE,4566,時碩工業,64.9,66.7,64.9,65.6,839387.0
2026-09-03,TWSE,4569,六方科-KY,171.0,181.0,170.0,179.5,311447.0
2026-09-03,TWSE,4571,鈞興-KY,156.0,160.0,156.0,158.0,93199.0
2026-09-03,TWSE,4572,駐龍,142.5,143.5,142.5,143.5,11385.0
2026-09-03,TWSE,4576,大銀微系統,229.0,252.0,227.5,242.0,7351242.0
2026-09-03,TWSE,4581,光隆精密-KY,47.7,48.3,47.7,48.3,2004.0
2026-09-03,TWSE,4582,聚恆-創,23.6,23.65,22.85,23.6,102560.0
2026-09-03,TWSE,4583,台灣精銳,480.0,480.0,470.0,478.5,59120.0
2026-09-03,TWSE,4585,達明,294.5,298.0,294.0,294.5,177944.0
2026-09-03,TWSE,4588,玖鼎電力,52.8,52.9,52.4,52.7,28341.0
2026-09-03,TWSE,4590,富田-創,87.7,91.4,87.4,89.8,278420.0
2026-09-03,TWSE,4720,德淵,18.8,19.1,18.8,18.95,252464.0
2026-09-03,TWSE,4722,國精化,208.0,209.5,201.0,201.5,514617.0
2026-09-03,TWSE,4736,泰博,128.5,128.5,125.5,126.0,231454.0
2026-09-03,TWSE,4737,華廣,57.0,57.8,56.5,57.4,53200.0
2026-09-03,TWSE,4739,康普,84.6,86.5,84.1,85.4,1240855.0
2026-09-03,TWSE,4746,台耀,48.75,48.75,47.6,47.7,1111830.0
2026-09-03,TWSE,4755,三福化,120.0,121.5,118.5,118.5,62169.0
2026-09-03,TWSE,4763,材料*-KY,50.6,51.9,49.6,51.5,16192430.0
2026-09-03,TWSE,4764,雙鍵,243.5,247.0,236.0,240.0,1020400.0
2026-09-03,TWSE,4766,南寶,347.5,350.0,346.0,346.5,158035.0
2026-09-03,TWSE,4770,上品,220.5,220.5,215.0,216.0,253709.0
2026-09-03,TWSE,4771,望隼,213.5,216.0,213.0,214.5,131448.0
2026-09-03,TWSE,4807,日成-KY,27.45,28.3,27.45,27.9,52817.0
2026-09-03,TWSE,4904,遠傳,100.5,102.5,100.5,102.5,9678275.0
2026-09-03,TWSE,4906,正文,37.8,38.0,36.9,36.95,7986812.0
2026-09-03,TWSE,4912,聯德控股-KY,98.5,104.0,97.8,103.0,1457136.0
2026-09-03,TWSE,4915,致伸,59.6,61.0,59.6,60.3,2002757.0
2026-09-03,TWSE,4916,事欣科,99.2,101.5,99.1,100.5,1409523.0
2026-09-03,TWSE,4919,新唐,121.5,123.0,120.0,120.5,1426053.0
2026-09-03,TWSE,4927,泰鼎-KY,41.4,45.1,41.15,42.3,6930586.0
2026-09-03,TWSE,4930,燦星網,16.15,16.2,16.1,16.2,7153.0
2026-09-03,TWSE,4934,太極,14.0,14.5,13.95,14.15,245787.0
2026-09-03,TWSE,4935,茂林-KY,33.5,34.0,33.45,33.5,35320.0
2026-09-03,TWSE,4938,和碩,91.0,92.4,90.8,91.7,6619109.0
2026-09-03,TWSE,4942,嘉彰,33.1,33.35,33.0,33.0,92000.0
2026-09-03,TWSE,4943,康控-KY,7.9,7.9,7.8,7.9,60001.0
2026-09-03,TWSE,4949,有成精密,83.8,85.0,82.2,82.3,3472750.0
2026-09-03,TWSE,4952,凌通,51.0,51.7,51.0,51.4,142471.0
2026-09-03,TWSE,4956,光鋐,35.5,37.5,35.5,36.2,2237715.0
2026-09-03,TWSE,4958,臻鼎-KY,530.0,531.0,505.0,507.0,29619988.0
2026-09-03,TWSE,4960,誠美材,21.0,21.65,20.95,21.3,1606062.0
2026-09-03,TWSE,4961,天鈺,169.5,170.0,168.0,169.5,1073788.0
2026-09-03,TWSE,4967,十銓,276.5,284.0,276.0,278.0,5863812.0
2026-09-03,TWSE,4968,立積,92.5,93.8,92.1,93.7,313574.0
2026-09-03,TWSE,4976,佳凌,37.95,41.55,37.85,41.55,12907098.0
2026-09-03,TWSE,4977,眾達-KY,176.0,189.5,175.5,176.5,6016083.0
2026-09-03,TWSE,4989,榮科,64.0,65.6,63.7,63.8,2895937.0
2026-09-03,TWSE,4994,傳奇,83.3,83.4,81.3,81.4,9305.0
2026-09-03,TWSE,4999,鑫禾,18.5,18.5,18.25,18.45,32855.0
2026-09-03,TWSE,5007,三星,56.0,56.0,55.9,55.9,12068.0
2026-09-03,TWSE,5203,訊連,58.9,59.0,58.3,59.0,58306.0
2026-09-03,TWSE,5215,科嘉-KY,39.0,39.6,39.0,39.6,25177.0
2026-09-03,TWSE,5222,全訊,108.5,108.5,106.0,106.0,145018.0
2026-09-03,TWSE,5225,東科-KY,60.9,61.1,60.7,61.1,77889.0
2026-09-03,TWSE,5234,達興材料,299.0,302.5,297.0,297.0,211723.0
2026-09-03,TWSE,5236,凌陽創新,138.0,138.0,134.0,137.5,192973.0
2026-09-03,TWSE,5243,乙盛-KY,91.9,92.5,90.9,91.8,680983.0
2026-09-03,TWSE,5244,弘凱,34.7,35.2,34.7,34.9,116500.0
2026-09-03,TWSE,5258,虹堡,45.95,46.7,45.95,46.35,180190.0
2026-09-03,TWSE,5269,祥碩,1475.0,1485.0,1445.0,1460.0,646366.0
2026-09-03,TWSE,5283,禾聯碩,52.1,52.9,52.1,52.4,53759.0
2026-09-03,TWSE,5284,jpp-KY,332.5,362.5,332.0,355.0,901595.0
2026-09-03,TWSE,5285,界霖,81.5,89.6,81.5,89.6,2605362.0
2026-09-03,TWSE,5288,豐祥-KY,189.0,192.0,187.0,191.5,49082.0
2026-09-03,TWSE,5292,華懋,237.0,239.0,227.0,234.5,475558.0
2026-09-03,TWSE,5306,桂盟,93.9,93.9,92.8,93.2,72825.0
2026-09-03,TWSE,5388,中磊,77.5,77.5,76.8,76.8,1906533.0
2026-09-03,TWSE,5434,崇越,535.0,540.0,530.0,535.0,521200.0
2026-09-03,TWSE,5469,瀚宇博,74.0,74.4,73.3,73.7,611378.0
2026-09-03,TWSE,5471,松翰,61.2,61.9,60.7,61.0,1879549.0
2026-09-03,TWSE,5484,慧友,40.3,40.4,39.65,40.2,189702.0
2026-09-03,TWSE,5515,建國,52.8,52.8,51.8,52.7,175273.0
2026-09-03,TWSE,5519,隆大,27.65,27.65,27.45,27.45,327985.0
2026-09-03,TWSE,5521,工信,10.5,10.6,10.45,10.55,1224310.0
2026-09-03,TWSE,5522,遠雄,62.0,63.2,62.0,63.2,211043.0
2026-09-03,TWSE,5525,順天,21.9,22.05,21.85,22.0,33045.0
2026-09-03,TWSE,5531,鄉林,7.27,7.27,7.18,7.22,665139.0
2026-09-03,TWSE,5533,皇鼎,13.9,14.0,13.9,13.95,66000.0
2026-09-03,TWSE,5534,長虹,75.6,76.4,75.4,76.3,368104.0
2026-09-03,TWSE,5538,東明-KY,37.8,37.8,36.85,37.15,19029.0
2026-09-03,TWSE,5546,永固-KY,14.3,14.75,14.3,14.7,15496.0
2026-09-03,TWSE,5607,遠雄港,51.6,56.6,51.6,55.6,2804398.0
2026-09-03,TWSE,5608,四維航,16.7,16.95,16.45,16.5,4395120.0
2026-09-03,TWSE,5706,鳳凰,44.95,45.0,44.75,44.9,77473.0
2026-09-03,TWSE,5871,中租-KY,113.5,114.0,112.0,113.0,5020119.0
2026-09-03,TWSE,5876,上海商銀,44.8,45.35,43.95,45.35,16001250.0
2026-09-03,TWSE,5880,合庫金,25.6,26.3,25.5,26.3,36416956.0
2026-09-03,TWSE,5906,台南-KY,38.0,38.0,38.0,38.0,1027.0
2026-09-03,TWSE,5907,大洋-KY,4.96,5.09,4.87,4.96,667613.0
2026-09-03,TWSE,6005,群益證,31.6,32.15,31.6,32.0,4900949.0
2026-09-03,TWSE,6024,群益期,63.3,63.3,62.5,62.9,142983.0
2026-09-03,TWSE,6108,競國,23.55,24.6,23.5,23.9,2557023.0
2026-09-03,TWSE,6112,邁達特,45.15,46.0,45.0,46.0,531517.0
2026-09-03,TWSE,6115,鎰勝,43.85,44.0,43.7,44.0,182455.0
2026-09-03,TWSE,6116,彩晶,14.3,14.5,14.1,14.15,15678952.0
2026-09-03,TWSE,6117,迎廣,64.0,65.9,64.0,65.4,156186.0
2026-09-03,TWSE,6120,達運,12.6,12.75,12.6,12.65,452611.0
2026-09-03,TWSE,6128,上福,19.9,19.9,19.6,19.7,100041.0
2026-09-03,TWSE,6133,金橋,23.1,24.3,23.05,23.65,2110436.0
2026-09-03,TWSE,6136,富爾特,24.6,24.6,24.4,24.55,169850.0
2026-09-03,TWSE,6139,亞翔,755.0,767.0,718.0,721.0,4516304.0
2026-09-03,TWSE,6141,柏承,57.8,58.7,54.1,54.8,4645593.0
2026-09-03,TWSE,6142,友勁,8.86,8.86,8.78,8.86,209289.0
2026-09-03,TWSE,6152,百一,13.8,14.05,13.75,13.95,301703.0
2026-09-03,TWSE,6153,嘉聯益,17.8,18.2,17.8,18.0,2532140.0
2026-09-03,TWSE,6155,鈞寶,57.0,57.1,56.0,56.0,651070.0
2026-09-03,TWSE,6164,華興,12.2,12.3,12.1,12.2,184723.0
2026-09-03,TWSE,6165,浪凡,49.85,50.3,49.55,49.95,330108.0
2026-09-03,TWSE,6166,凌華,117.5,121.0,116.5,117.0,2051291.0
2026-09-03,TWSE,6168,宏齊,27.95,28.4,27.5,27.65,1544699.0
2026-09-03,TWSE,6176,瑞儀,91.1,92.9,91.1,92.3,1757291.0
2026-09-03,TWSE,6177,達麗,47.6,47.9,47.05,47.2,905589.0
2026-09-03,TWSE,6183,關貿,90.2,91.3,90.2,91.3,18849.0
2026-09-03,TWSE,6184,大豐電,40.45,40.45,40.1,40.2,92354.0
2026-09-03,TWSE,6189,豐藝,48.0,48.6,48.0,48.5,230990.0
2026-09-03,TWSE,6191,精成科,84.3,84.5,83.0,83.5,1215293.0
2026-09-03,TWSE,6192,巨路,117.5,117.5,115.0,115.0,232209.0
2026-09-03,TWSE,6196,帆宣,502.0,503.0,492.0,492.0,935167.0
2026-09-03,TWSE,6197,佳必琪,322.0,333.5,313.5,313.5,6629877.0
2026-09-03,TWSE,6201,亞弘電,44.1,44.5,44.1,44.2,19268.0
2026-09-03,TWSE,6202,盛群,58.2,59.4,58.2,58.5,674528.0
2026-09-03,TWSE,6205,詮欣,69.0,71.2,68.3,68.3,1019179.0
2026-09-03,TWSE,6206,飛捷,140.0,140.0,138.0,138.0,436689.0
2026-09-03,TWSE,6209,今國光,80.5,88.5,80.5,84.3,33317698.0
2026-09-03,TWSE,6213,聯茂,545.0,566.0,532.0,536.0,12530573.0
2026-09-03,TWSE,6214,精誠,181.5,183.5,181.5,183.0,795315.0
2026-09-03,TWSE,6215,和椿,98.9,103.0,98.8,100.0,1073868.0
2026-09-03,TWSE,6216,居易,20.5,20.6,20.5,20.55,53022.0
2026-09-03,TWSE,6224,聚鼎,77.3,85.0,74.5,85.0,2874505.0
2026-09-03,TWSE,6225,天瀚,57.5,60.0,52.6,58.0,54345.0
2026-09-03,TWSE,6226,光鼎,33.3,34.6,33.0,34.15,6873956.0
2026-09-03,TWSE,6230,尼得科超眾,109.5,110.5,109.5,110.0,17682.0
2026-09-03,TWSE,6235,華孚,39.3,39.8,39.3,39.75,295358.0
2026-09-03,TWSE,6239,力成,280.0,286.0,278.0,278.0,8155148.0
2026-09-03,TWSE,6243,迅杰,39.8,40.15,39.55,39.8,382153.0
2026-09-03,TWSE,6257,矽格,221.5,228.0,215.0,216.0,12909857.0
2026-09-03,TWSE,6269,台郡,73.9,74.5,71.2,71.7,7957721.0
2026-09-03,TWSE,6271,同欣電,225.5,231.0,222.0,223.0,5153260.0
2026-09-03,TWSE,6272,驊陞,25.8,27.65,25.65,27.65,388649.0
2026-09-03,TWSE,6277,宏正,78.4,79.0,77.9,78.8,119671.0
2026-09-03,TWSE,6278,台表科,199.0,203.0,198.5,199.5,2451180.0
2026-09-03,TWSE,6281,全國電,51.3,51.5,51.2,51.5,18656.0
2026-09-03,TWSE,6282,康舒,44.7,45.0,44.5,44.5,3686679.0
2026-09-03,TWSE,6283,淳安,19.95,19.95,19.8,19.95,37229.0
2026-09-03,TWSE,6285,啟碁,247.5,252.0,245.0,245.5,2772906.0
2026-09-03,TWSE,6405,悅城,40.9,44.7,40.4,42.25,1978718.0
2026-09-03,TWSE,6409,旭隼,1035.0,1035.0,1005.0,1005.0,312390.0
2026-09-03,TWSE,6412,群電,79.1,80.0,78.9,79.2,435259.0
2026-09-03,TWSE,6414,樺漢,391.0,397.5,390.0,391.5,795633.0
2026-09-03,TWSE,6415,矽力*-KY,406.0,448.0,406.0,426.0,5955557.0
2026-09-03,TWSE,6416,瑞祺電通,100.5,101.0,99.7,100.5,303420.0
2026-09-03,TWSE,6426,統新,275.0,285.0,257.0,257.0,2847105.0
2026-09-03,TWSE,6431,光麗-KY,19.45,19.8,19.4,19.6,117022.0
2026-09-03,TWSE,6438,迅得,154.0,167.0,154.0,159.5,2240759.0
2026-09-03,TWSE,6442,光聖,1645.0,1795.0,1640.0,1795.0,5147981.0
2026-09-03,TWSE,6443,元晶,25.65,25.7,25.1,25.1,3434420.0
2026-09-03,TWSE,6446,藥華藥,1335.0,1345.0,1280.0,1305.0,3641430.0
2026-09-03,TWSE,6449,鈺邦,235.5,235.5,224.0,225.0,994382.0
2026-09-03,TWSE,6451,訊芯-KY,453.0,500.0,447.5,500.0,10313171.0
2026-09-03,TWSE,6456,GIS-KY,70.0,72.1,69.6,70.1,2619353.0
2026-09-03,TWSE,6464,台數科,76.4,76.8,76.4,76.8,4000.0
2026-09-03,TWSE,6472,保瑞,420.5,424.0,419.5,422.5,521576.0
2026-09-03,TWSE,6477,安集,35.15,36.35,35.15,35.75,693021.0
2026-09-03,TWSE,6491,晶碩,399.0,399.5,390.0,394.0,324673.0
2026-09-03,TWSE,6504,南六,37.9,37.9,37.25,37.45,33050.0
2026-09-03,TWSE,6505,台塑化,80.4,80.5,76.7,78.7,42792598.0
2026-09-03,TWSE,6515,穎崴,6910.0,7370.0,6740.0,7050.0,1001765.0
2026-09-03,TWSE,6525,捷敏-KY,141.0,143.0,137.0,137.0,1084722.0
2026-09-03,TWSE,6526,達發,687.0,710.0,641.0,646.0,3331396.0
2026-09-03,TWSE,6531,愛普*,950.0,977.0,920.0,957.0,3252360.0
2026-09-03,TWSE,6533,晶心科,260.0,266.5,256.0,263.5,1407003.0
2026-09-03,TWSE,6534,正瀚-創,91.0,92.0,91.0,91.5,30312.0
2026-09-03,TWSE,6541,泰福-KY,32.6,32.7,32.1,32.55,367184.0
2026-09-03,TWSE,6550,北極星藥業-KY,10.5,10.7,10.5,10.6,548603.0
2026-09-03,TWSE,6552,易華電,24.4,24.6,24.25,24.55,51170.0
2026-09-03,TWSE,6558,興能高,24.6,24.9,24.45,24.6,85597.0
2026-09-03,TWSE,6573,虹揚-KY,17.2,17.2,16.8,16.9,190458.0
2026-09-03,TWSE,6579,研揚,149.0,150.5,148.5,148.5,183828.0
2026-09-03,TWSE,6581,鋼聯,108.0,109.0,108.0,108.5,14010.0
2026-09-03,TWSE,6582,申豐,32.15,32.2,31.7,31.95,26053.0
2026-09-03,TWSE,6585,鼎基,112.5,113.0,111.5,113.0,115705.0
2026-09-03,TWSE,6589,台康生技,47.65,48.75,47.65,48.5,236897.0
2026-09-03,TWSE,6591,動力-KY,42.75,42.75,42.35,42.6,40608.0
2026-09-03,TWSE,6592,和潤企業,60.1,61.4,60.0,61.2,432403.0
2026-09-03,TWSE,6598,ABC-KY,27.85,28.3,27.85,27.9,93000.0
2026-09-03,TWSE,6605,帝寶,138.0,139.0,137.0,137.5,215873.0
2026-09-03,TWSE,6606,建德工業,25.55,25.9,25.35,25.7,130275.0
2026-09-03,TWSE,6614,資拓宏宇,35.5,35.5,35.15,35.25,46000.0
2026-09-03,TWSE,6625,必應,76.2,76.2,75.6,76.0,70420.0
2026-09-03,TWSE,6641,基士德-KY,17.25,17.25,17.05,17.05,24438.0
2026-09-03,TWSE,6645,金萬林-創,12.3,12.55,12.3,12.55,21975.0
2026-09-03,TWSE,6655,科定,114.5,114.5,114.0,114.0,2157.0
2026-09-03,TWSE,6657,華安,30.15,30.9,30.15,30.75,57056.0
2026-09-03,TWSE,6658,聯策,188.0,197.0,183.0,183.0,1347498.0
2026-09-03,TWSE,6666,羅麗芬-KY,44.0,44.4,43.45,44.4,11113.0
2026-09-03,TWSE,6668,中揚光,42.7,46.4,42.7,44.0,8037549.0
2026-09-03,TWSE,6669,緯穎,2790.0,2875.0,2585.0,2610.0,10869612.0
2026-09-03,TWSE,6670,復盛應用,276.5,280.0,273.0,278.5,318186.0
2026-09-03,TWSE,6671,三能-KY,22.7,22.8,22.7,22.8,153150.0
2026-09-03,TWSE,6672,騰輝電子-KY,275.5,283.0,271.0,272.0,1965824.0
2026-09-03,TWSE,6674,鋐寶科技,15.95,16.0,15.7,15.9,10000.0
2026-09-03,TWSE,6689,伊雲谷,62.1,62.4,61.9,62.3,66424.0
2026-09-03,TWSE,6691,洋基工程,622.0,634.0,607.0,607.0,722931.0
2026-09-03,TWSE,6695,芯鼎,48.3,50.9,48.05,50.7,810499.0
2026-09-03,TWSE,6698,旭暉應材,32.5,33.55,32.5,33.15,248144.0
2026-09-03,TWSE,6706,惠特,127.0,132.0,126.0,126.0,1822817.0
2026-09-03,TWSE,6715,嘉基,343.0,369.0,337.5,341.5,1857136.0
2026-09-03,TWSE,6719,力智,190.5,196.5,190.0,193.0,352071.0
2026-09-03,TWSE,6722,輝創,32.85,32.85,32.25,32.85,24411.0
2026-09-03,TWSE,6742,澤米,45.1,46.9,44.9,46.05,491840.0
2026-09-03,TWSE,6743,安普新,28.1,28.5,27.7,28.5,313297.0
2026-09-03,TWSE,6753,龍德造船,141.0,142.0,139.0,139.0,716824.0
2026-09-03,TWSE,6754,匯僑設計,41.7,41.7,41.55,41.6,5090.0
2026-09-03,TWSE,6756,威鋒電子,101.5,104.0,101.0,103.5,163959.0
2026-09-03,TWSE,6757,台灣虎航,55.5,55.7,54.9,55.3,562476.0
2026-09-03,TWSE,6768,志強-KY,64.0,64.4,63.6,64.0,272959.0
2026-09-03,TWSE,6770,力積電,70.1,71.4,69.2,70.4,68830476.0
2026-09-03,TWSE,6771,平和環保-創,41.15,41.75,41.0,41.7,40000.0
2026-09-03,TWSE,6776,展碁國際,52.8,53.2,52.7,52.9,85430.0
2026-09-03,TWSE,6781,AES-KY,1145.0,1170.0,1115.0,1115.0,561809.0
2026-09-03,TWSE,6782,視陽,248.5,251.5,238.0,239.0,458152.0
2026-09-03,TWSE,6789,采鈺,489.0,513.0,482.0,483.5,3873379.0
2026-09-03,TWSE,6790,永豐實,37.95,38.1,37.9,38.0,48807.0
2026-09-03,TWSE,6792,詠業,59.6,59.8,59.0,59.2,21210.0
2026-09-03,TWSE,6794,向榮生技,77.7,77.7,75.0,75.0,18206.0
2026-09-03,TWSE,6796,晉弘,60.0,60.4,58.6,59.1,85528.0
2026-09-03,TWSE,6799,來頡,80.7,82.5,80.7,81.6,89152.0
2026-09-03,TWSE,6805,富世達,2240.0,2240.0,2110.0,2110.0,1238933.0
2026-09-03,TWSE,6807,峰源-KY,32.55,32.7,32.55,32.7,9000.0
2026-09-03,TWSE,6830,汎銓,570.0,618.0,568.0,598.0,5478263.0
2026-09-03,TWSE,6831,邁科,613.0,623.0,602.0,609.0,788669.0
2026-09-03,TWSE,6834,天二科技,88.5,97.9,88.0,92.2,4377392.0
2026-09-03,TWSE,6835,圓裕,31.5,31.5,30.8,31.1,11335.0
2026-09-03,TWSE,6838,台新藥,23.4,23.75,22.9,23.6,215581.0
2026-09-03,TWSE,6854,錼創科技-KY創,96.0,103.0,94.1,99.5,632380.0
2026-09-03,TWSE,6861,睿生光電,192.0,192.5,188.0,190.5,165249.0
2026-09-03,TWSE,6862,三集瑞-KY,140.5,141.0,139.5,139.5,64862.0
2026-09-03,TWSE,6863,永道-KY,108.5,108.5,106.0,107.0,75059.0
2026-09-03,TWSE,6869,雲豹能源,68.0,68.0,66.6,66.6,271888.0
2026-09-03,TWSE,6873,泓德能源,68.2,69.0,67.9,68.9,259509.0
2026-09-03,TWSE,6885,全福生技,23.2,24.95,23.15,24.6,1109266.0
2026-09-03,TWSE,6887,寶綠特-KY,37.0,37.6,36.8,37.6,14000.0
2026-09-03,TWSE,6890,來億-KY,168.0,169.0,165.5,166.5,129365.0
2026-09-03,TWSE,6901,鑽石投資,15.4,15.4,15.15,15.25,898596.0
2026-09-03,TWSE,6902,GOGOLOOK,127.5,127.5,122.5,124.0,113023.0
2026-09-03,TWSE,6906,現觀科,76.6,77.1,75.9,75.9,15778.0
2026-09-03,TWSE,6908,宏碁遊戲-創,31.2,31.2,30.2,30.3,12310.0
2026-09-03,TWSE,6909,創控,41.15,41.45,40.5,40.9,127199.0
2026-09-03,TWSE,6914,阜爾運通,121.0,123.0,121.0,122.0,42691.0
2026-09-03,TWSE,6916,華凌,18.75,18.95,18.35,18.5,14000.0
2026-09-03,TWSE,6918,愛派司,75.8,77.0,75.8,76.2,20000.0
2026-09-03,TWSE,6919,康霈*,90.0,91.5,88.1,88.1,9532965.0
2026-09-03,TWSE,6921,嘉雨思-創,63.2,63.9,63.0,63.9,13279.0
2026-09-03,TWSE,6923,中台,75.3,76.1,75.1,75.4,30193.0
2026-09-03,TWSE,6924,榮惠-KY創,113.0,114.0,113.0,113.5,4000.0
2026-09-03,TWSE,6928,攸泰科技,48.05,48.7,47.9,48.4,36184.0
2026-09-03,TWSE,6931,青松健康,41.55,41.55,41.05,41.2,34025.0
2026-09-03,TWSE,6933,AMAX-KY,314.5,331.0,309.0,331.0,1260106.0
2026-09-03,TWSE,6934,心誠鎂,76.9,76.9,74.5,76.1,18500.0
2026-09-03,TWSE,6936,永鴻生技,32.7,33.05,32.7,32.8,10674.0
2026-09-03,TWSE,6937,天虹,303.5,315.5,290.5,293.5,1730542.0
2026-09-03,TWSE,6944,兆聯實業,702.0,714.0,699.0,709.0,378003.0
2026-09-03,TWSE,6947,台鎔科技,70.0,70.3,69.4,69.4,259474.0
2026-09-03,TWSE,6951,青新-創,71.3,71.7,71.3,71.7,14630.0
2026-09-03,TWSE,6952,大武山,37.0,37.0,37.0,37.0,1113.0
2026-09-03,TWSE,6955,邦睿生技-創,104.5,104.5,103.0,103.0,9120.0
2026-09-03,TWSE,6957,裕慶-KY,220.5,222.0,218.0,218.0,48583.0
2026-09-03,TWSE,6958,日盛台駿,17.05,17.1,17.05,17.1,15210.0
2026-09-03,TWSE,6962,奕力-KY,32.15,33.0,32.15,32.3,2236564.0
2026-09-03,TWSE,6965,中傑-KY,72.9,73.8,72.3,73.4,40365.0
2026-09-03,TWSE,6969,成信實業*-創,35.1,36.0,34.0,34.4,158748.0
2026-09-03,TWSE,6988,威力暘-創,11.4,11.4,11.3,11.3,44000.0
2026-09-03,TWSE,6994,富威電力,36.15,36.35,35.05,36.1,571991.0
2026-09-03,TWSE,7610,聯友金屬-創,1595.0,1595.0,1520.0,1520.0,446636.0
2026-09-03,TWSE,7631,聚賢研發-創,145.5,146.5,144.5,144.5,53545.0
2026-09-03,TWSE,7689,大鵬科CLMX,174.5,174.5,172.5,173.0,19753.0
2026-09-03,TWSE,7705,三商餐飲,30.2,30.35,30.05,30.15,68587.0
2026-09-03,TWSE,7711,永擎,570.0,625.0,567.0,610.0,2332752.0
2026-09-03,TWSE,7721,微程式,62.4,62.4,61.3,61.3,44015.0
2026-09-03,TWSE,7722,LINEPAY,278.5,281.0,276.0,277.0,50895.0
2026-09-03,TWSE,7730,暉盛-創,173.0,173.0,170.5,171.0,27156.0
2026-09-03,TWSE,7732,金興精密,33.8,33.8,33.8,33.8,3000.0
2026-09-03,TWSE,7736,虎山,69.0,69.2,68.6,69.2,5051.0
2026-09-03,TWSE,7740,熙特爾-創,131.0,131.5,130.0,130.5,37438.0
2026-09-03,TWSE,7749,意騰-KY,372.0,380.5,369.0,370.0,231908.0
2026-09-03,TWSE,7750,新代,2295.0,2340.0,2240.0,2300.0,199227.0
2026-09-03,TWSE,7760,享溫馨,33.5,33.5,33.2,33.2,29003.0
2026-09-03,TWSE,7765,中華資安,223.0,223.5,223.0,223.5,8456.0
2026-09-03,TWSE,7768,頌勝科技,292.0,292.5,285.5,286.0,65245.0
2026-09-03,TWSE,7769,鴻勁,5875.0,5875.0,5700.0,5710.0,864056.0
2026-09-03,TWSE,7780,大研生醫*,16.85,17.05,16.75,17.05,1093610.0
2026-09-03,TWSE,7786,東方風能,117.5,118.0,116.0,116.5,89607.0
2026-09-03,TWSE,7788,松川精密,315.5,322.0,312.5,316.0,1498352.0
2026-09-03,TWSE,7791,皇家可口,56.0,56.3,55.8,55.9,28327.0
2026-09-03,TWSE,7795,長廣,533.0,548.0,513.0,515.0,850683.0
2026-09-03,TWSE,7799,禾榮科,371.5,375.0,360.0,360.0,244293.0
2026-09-03,TWSE,7803,雲象科技-創,19.3,19.4,19.1,19.4,14631.0
2026-09-03,TWSE,7818,溢泰實業,60.1,60.9,59.8,60.6,58062.0
2026-09-03,TWSE,7821,神數,39.15,39.75,39.1,39.7,75546.0
2026-09-03,TWSE,7822,倍利科,947.0,947.0,922.0,930.0,91178.0
2026-09-03,TWSE,7823,奧義賽博-KY創,82.4,83.9,82.4,83.6,11100.0
2026-09-03,TWSE,7827,漢康-KY創,153.0,153.0,151.0,152.0,82673.0
2026-09-03,TWSE,7835,永悅健康-創,28.7,28.7,25.9,26.2,43232.0
2026-09-03,TWSE,7855,和運租車,42.9,42.95,42.75,42.75,1023863.0
2026-09-03,TWSE,8011,台通,15.85,16.0,15.8,16.0,191251.0
2026-09-03,TWSE,8016,矽創,295.0,300.5,295.0,295.0,377615.0
2026-09-03,TWSE,8021,尖點,445.0,461.0,438.5,459.0,7186775.0
2026-09-03,TWSE,8028,昇陽半導體,250.0,253.0,245.0,245.5,2559823.0
2026-09-03,TWSE,8033,雷虎,185.0,188.5,181.0,181.0,4279688.0
2026-09-03,TWSE,8039,台虹,319.0,325.0,311.0,313.5,22914063.0
2026-09-03,TWSE,8045,達運光電,51.1,52.2,50.6,51.5,298198.0
2026-09-03,TWSE,8046,南電,1210.0,1225.0,1170.0,1200.0,7721646.0
2026-09-03,TWSE,8070,長華*,50.0,51.2,49.8,50.6,1705588.0
2026-09-03,TWSE,8072,陞泰,26.25,26.35,26.2,26.2,59473.0
2026-09-03,TWSE,8081,致新,256.0,259.0,256.0,257.5,157883.0
2026-09-03,TWSE,8101,華冠,12.35,12.35,12.35,12.35,1351.0
2026-09-03,TWSE,8103,瀚荃,124.5,125.5,120.5,122.0,4586924.0
2026-09-03,TWSE,8104,錸寶,31.05,31.3,30.9,31.0,187001.0
2026-09-03,TWSE,8105,凌巨,15.8,16.2,15.7,15.95,3694381.0
2026-09-03,TWSE,8110,華東,45.0,45.3,44.6,44.7,1967236.0
2026-09-03,TWSE,8112,至上,91.5,91.9,90.7,91.2,6958592.0
2026-09-03,TWSE,8114,振樺電,197.5,199.0,196.0,198.5,248339.0
2026-09-03,TWSE,8131,福懋科,62.8,63.4,62.6,62.6,801443.0
2026-09-03,TWSE,8150,南茂,91.0,92.3,89.9,90.2,18889803.0
2026-09-03,TWSE,8162,微矽電子-創,62.8,63.0,61.5,62.2,104586.0
2026-09-03,TWSE,8163,達方,31.2,31.8,30.95,31.75,563497.0
2026-09-03,TWSE,8201,無敵,11.65,11.7,11.65,11.7,5563.0
2026-09-03,TWSE,8210,勤誠,984.0,1010.0,963.0,968.0,1561169.0
2026-09-03,TWSE,8213,志超,33.25,33.75,33.1,33.4,198805.0
2026-09-03,TWSE,8215,明基材,25.15,26.3,25.1,26.3,1005327.0
2026-09-03,TWSE,8222,寶一,38.4,38.8,38.2,38.25,328552.0
2026-09-03,TWSE,8249,菱光,41.3,41.95,40.8,41.65,269899.0
2026-09-03,TWSE,8261,富鼎,179.0,182.5,177.0,177.0,1905117.0
2026-09-03,TWSE,8271,宇瞻,226.5,230.5,224.5,225.5,1580182.0
2026-09-03,TWSE,8341,日友,75.4,75.6,75.3,75.6,86345.0
2026-09-03,TWSE,8367,建新國際,40.45,40.5,40.4,40.5,6263.0
2026-09-03,TWSE,8374,羅昇,80.7,83.0,80.7,81.3,368107.0
2026-09-03,TWSE,8404,百和興業-KY,16.3,16.5,16.2,16.45,313971.0
2026-09-03,TWSE,8411,福貞-KY,12.8,12.8,12.7,12.8,81008.0
2026-09-03,TWSE,8422,可寧衛*,26.75,26.95,26.6,26.65,2432371.0
2026-09-03,TWSE,8429,金麗-KY,6.02,6.02,5.98,5.99,110152.0
2026-09-03,TWSE,8438,昶昕,71.0,71.6,70.0,70.4,182201.0
2026-09-03,TWSE,8442,威宏-KY,45.6,45.6,45.15,45.3,20994.0
2026-09-03,TWSE,8443,阿瘦,11.3,11.35,11.3,11.35,3262.0
2026-09-03,TWSE,8454,富邦媒,246.0,246.0,241.5,243.0,396645.0
2026-09-03,TWSE,8462,柏文,169.0,170.5,166.5,168.0,71422.0
2026-09-03,TWSE,8463,潤泰材,21.2,21.4,21.15,21.4,18000.0
2026-09-03,TWSE,8464,億豐,369.0,374.5,369.0,372.5,344160.0
2026-09-03,TWSE,8466,美吉吉-KY,15.55,15.65,15.55,15.65,5002.0
2026-09-03,TWSE,8467,波力-KY,92.4,92.4,90.1,90.4,13010.0
2026-09-03,TWSE,8473,山林水,46.3,46.5,45.9,45.95,404197.0
2026-09-03,TWSE,8476,台境*,19.3,19.65,19.2,19.55,246544.0
2026-09-03,TWSE,8478,東哥遊艇,141.0,144.5,141.0,144.5,98061.0
2026-09-03,TWSE,8481,政伸,40.5,41.0,40.45,40.9,9093.0
2026-09-03,TWSE,8482,商億-KY,47.0,47.0,46.3,46.9,17000.0
2026-09-03,TWSE,8487,愛爾達-創,70.5,71.0,70.0,71.0,20040.0
2026-09-03,TWSE,8488,吉源-KY,9.75,10.25,9.75,9.95,293000.0
2026-09-03,TWSE,8499,鼎炫-KY,258.5,262.5,256.5,256.5,19595.0
2026-09-03,TWSE,8926,台汽電,56.5,56.9,56.0,56.3,1266847.0
2026-09-03,TWSE,8940,新天地,15.55,15.55,15.1,15.1,29265.0
2026-09-03,TWSE,8996,高力,1165.0,1285.0,1155.0,1265.0,4591240.0
2026-09-03,TWSE,9103,美德醫療-DR,5.06,5.1,5.06,5.07,339068.0
2026-09-03,TWSE,9105,泰金寶-DR,8.64,8.69,8.4,8.48,12542656.0
2026-09-03,TWSE,9110,越南控-DR,3.07,3.07,3.07,3.07,1100.0
2026-09-03,TWSE,9136,巨騰-DR,11.1,11.25,10.95,11.2,65300.0
2026-09-03,TWSE,9802,鈺齊-KY,72.1,73.0,71.6,72.1,567785.0
2026-09-03,TWSE,9902,台火,13.8,13.8,13.65,13.65,52065.0
2026-09-03,TWSE,9904,寶成,24.9,24.9,24.6,24.75,8118564.0
2026-09-03,TWSE,9905,大華,21.5,21.5,21.3,21.4,82114.0
2026-09-03,TWSE,9906,欣巴巴,40.25,41.25,40.05,41.25,58755.0
2026-09-03,TWSE,9907,統一實,15.3,15.5,15.3,15.5,741981.0
2026-09-03,TWSE,9908,大台北,28.95,29.15,28.95,29.0,270894.0
2026-09-03,TWSE,9910,豐泰,68.3,68.3,67.5,68.0,1206143.0
2026-09-03,TWSE,9911,櫻花,82.4,82.6,82.0,82.1,406370.0
2026-09-03,TWSE,9912,偉聯,12.6,12.9,12.55,12.7,142007.0
2026-09-03,TWSE,9914,美利達,82.1,82.1,81.0,81.0,893896.0
2026-09-03,TWSE,9917,中保科,106.0,107.0,105.5,106.0,318361.0
2026-09-03,TWSE,9918,欣天然,42.9,42.9,42.65,42.8,6002.0
2026-09-03,TWSE,9919,康那香,14.0,14.0,13.85,13.9,61402.0
2026-09-03,TWSE,9921,巨大,102.0,103.0,100.5,101.5,1047471.0
2026-09-03,TWSE,9924,福興,38.7,39.5,38.3,38.4,131289.0
2026-09-03,TWSE,9925,新保,39.95,40.05,39.85,40.0,372130.0
2026-09-03,TWSE,9926,新海,49.1,49.1,48.85,48.85,6183.0
2026-09-03,TWSE,9927,泰銘,69.5,70.3,69.5,69.8,129016.0
2026-09-03,TWSE,9928,中視,17.8,18.0,17.7,17.85,64176.0
2026-09-03,TWSE,9929,秋雨,11.15,11.2,11.0,11.1,38162.0
2026-09-03,TWSE,9930,中聯資源,62.8,63.1,62.7,63.0,55557.0
2026-09-03,TWSE,9931,欣高,33.9,34.0,33.8,34.0,24602.0
2026-09-03,TWSE,9933,中鼎,40.55,41.0,40.5,40.75,1346412.0
2026-09-03,TWSE,9934,成霖,11.1,11.15,11.05,11.1,285903.0
2026-09-03,TWSE,9935,慶豐富,19.75,19.85,19.65,19.8,135152.0
2026-09-03,TWSE,9937,全國,54.7,55.0,54.6,55.0,33902.0
2026-09-03,TWSE,9938,百和,41.6,41.65,41.2,41.6,759816.0
2026-09-03,TWSE,9939,宏全,132.0,132.0,130.5,131.5,417291.0
2026-09-03,TWSE,9940,信義,20.1,20.25,19.95,20.25,226472.0
2026-09-03,TWSE,9941,裕融,79.9,82.6,79.3,82.6,1895438.0
2026-09-03,TWSE,9942,茂順,114.5,115.0,114.5,114.5,25309.0
2026-09-03,TWSE,9943,好樂迪,51.3,51.4,50.9,51.2,75667.0
2026-09-03,TWSE,9944,新麗,17.25,17.3,17.15,17.2,24769.0
2026-09-03,TWSE,9945,潤泰新,27.9,28.4,27.85,28.3,3302368.0
2026-09-03,TWSE,9946,三發地產,17.15,17.3,17.1,17.3,168416.0
2026-09-03,TWSE,9955,佳龍,23.95,24.0,23.75,23.85,163192.0
2026-09-03,TWSE,9958,世紀鋼,90.6,91.2,90.3,90.3,1247578.0
2026-09-03,TPEX,1240,茂生農經,55.0,55.6,54.0,55.0,62502.0
2026-09-03,TPEX,1259,安心,63.6,63.6,63.6,63.6,2164.0
2026-09-03,TPEX,1264,德麥,252.5,252.5,252.0,252.0,8067.0
2026-09-03,TPEX,1268,漢來美食,181.5,182.0,180.0,181.5,92852.0
2026-09-03,TPEX,1294,漢田生技,53.2,53.5,53.1,53.4,21241.0
2026-09-03,TPEX,1295,生合,45.45,45.45,45.35,45.35,23907.0
2026-09-03,TPEX,1336,台翰,16.55,16.75,16.1,16.1,368065.0
2026-09-03,TPEX,1565,精華,100.5,101.0,98.6,99.5,97789.0
2026-09-03,TPEX,1569,濱川,48.0,48.1,45.15,45.4,689392.0
2026-09-03,TPEX,1570,力肯,33.1,33.1,32.9,33.0,38056.0
2026-09-03,TPEX,1580,新麥,103.0,103.5,102.5,103.0,26107.0
2026-09-03,TPEX,1584,精剛,18.25,18.35,17.95,18.1,294717.0
2026-09-03,TPEX,1586,和勤,18.2,18.2,17.95,18.0,146781.0
2026-09-03,TPEX,1591,駿吉-KY,36.9,36.9,35.4,35.4,247197.0
2026-09-03,TPEX,1593,祺驊,31.6,31.6,31.6,31.6,20170.0
2026-09-03,TPEX,1595,川寶,74.2,75.0,67.2,70.0,2149500.0
2026-09-03,TPEX,1599,宏佳騰,22.8,23.15,22.75,23.05,15186.0
2026-09-03,TPEX,1742,台蠟,18.05,18.05,17.6,17.6,103543.0
2026-09-03,TPEX,1777,生泰,74.3,74.3,73.7,74.3,39100.0
2026-09-03,TPEX,1780,立弘,24.55,24.55,24.25,24.3,6950.0
2026-09-03,TPEX,1781,合世,10.45,10.45,10.2,10.2,13044.0
2026-09-03,TPEX,1784,訊聯,60.3,60.3,58.9,59.1,79331.0
2026-09-03,TPEX,1785,光洋科,104.0,105.0,100.0,100.0,4803070.0
2026-09-03,TPEX,1788,杏昌,129.0,129.0,128.5,128.5,9040.0
2026-09-03,TPEX,1796,金穎生技,30.2,30.2,30.2,30.2,2319.0
2026-09-03,TPEX,1799,易威,30.1,30.2,29.75,29.75,174060.0
2026-09-03,TPEX,1813,寶利徠,11.4,11.5,11.4,11.4,7626.0
2026-09-03,TPEX,1815,富喬,132.0,139.5,118.0,120.0,121465413.0
2026-09-03,TPEX,2035,唐榮,26.6,26.6,26.6,26.6,2003.0
2026-09-03,TPEX,2061,風青,56.0,57.0,51.9,51.9,2554735.0
2026-09-03,TPEX,2063,世鎧,24.15,24.15,23.9,24.0,15054.0
2026-09-03,TPEX,2064,晉椿,,,,,0.0
2026-09-03,TPEX,2065,世豐,36.2,36.35,36.1,36.25,37789.0
2026-09-03,TPEX,2066,世德,54.1,54.2,53.3,53.3,33325.0
2026-09-03,TPEX,2067,嘉鋼,4.84,4.84,4.6,4.83,35010.0
2026-09-03,TPEX,2070,精湛,67.0,67.9,65.3,65.3,160249.0
2026-09-03,TPEX,2073,雄順,26.6,26.6,26.6,26.6,2109.0
2026-09-03,TPEX,2221,大甲,84.2,91.5,84.2,91.5,4853896.0
2026-09-03,TPEX,2230,泰茂,22.65,22.7,22.0,22.0,59932.0
2026-09-03,TPEX,2235,謚源,27.5,27.85,27.5,27.85,4016.0
2026-09-03,TPEX,2596,綠意,35.9,36.3,35.8,36.05,129628.0
2026-09-03,TPEX,2640,大車隊,157.0,157.0,156.5,156.5,16579.0
2026-09-03,TPEX,2641,正德,18.4,18.6,18.05,18.1,3983061.0
2026-09-03,TPEX,2643,捷迅,62.6,62.6,62.6,62.6,2191.0
2026-09-03,TPEX,2718,全心投控,42.75,42.75,41.3,41.5,26512.0
2026-09-03,TPEX,2719,燦星旅,20.35,20.35,19.7,19.8,18010.0
2026-09-03,TPEX,2724,藝舍-KY,10.45,10.45,10.4,10.4,11050.0
2026-09-03,TPEX,2726,雅茗-KY,8.4,8.4,8.03,8.21,8383.0
2026-09-03,TPEX,2729,瓦城,155.5,155.5,155.0,155.5,10761.0
2026-09-03,TPEX,2732,六角,63.5,63.7,62.2,63.0,25598.0
2026-09-03,TPEX,2734,易飛網,14.95,14.95,14.8,14.9,20119.0
2026-09-03,TPEX,2736,富野,11.6,11.65,11.4,11.55,63233.0
2026-09-03,TPEX,2740,華軒,30.7,30.7,30.6,30.6,4049.0
2026-09-03,TPEX,2743,山富,58.6,58.9,58.0,58.5,61858.0
2026-09-03,TPEX,2745,五福,87.9,87.9,87.0,87.0,54540.0
2026-09-03,TPEX,2751,王座,52.8,52.8,51.3,51.3,6052.0
2026-09-03,TPEX,2752,豆府,176.5,177.0,176.0,176.5,10977.0
2026-09-03,TPEX,2754,亞洲藏壽司,68.4,69.0,68.4,68.6,17217.0
2026-09-03,TPEX,2755,揚秦,102.0,102.5,102.0,102.5,5609.0
2026-09-03,TPEX,2756,聯發國際,62.3,63.3,62.2,62.9,9172.0
2026-09-03,TPEX,2916,滿心,40.0,40.0,39.9,40.0,34200.0
2026-09-03,TPEX,2924,宏太-KY,17.45,17.45,16.2,16.85,11029.0
2026-09-03,TPEX,2926,誠品生活,30.7,30.7,30.5,30.5,5119.0
2026-09-03,TPEX,2937,集雅社,44.1,44.1,44.1,44.1,1236.0
2026-09-03,TPEX,2941,米斯特,,,,,0.0
2026-09-03,TPEX,2947,振宇五金,61.5,61.5,61.5,61.5,26137.0
2026-09-03,TPEX,2948,寶陞,38.2,38.2,36.8,36.8,3178.0
2026-09-03,TPEX,2949,欣新網,,,,,0.0
2026-09-03,TPEX,3064,泰偉,,,,,4.0
2026-09-03,TPEX,3066,李洲,26.2,26.9,24.75,24.75,1821221.0
2026-09-03,TPEX,3067,全域,17.15,17.15,17.15,17.15,1000.0
2026-09-03,TPEX,3071,協禧,24.7,24.7,23.95,24.35,179103.0
2026-09-03,TPEX,3073,天方能源,21.75,22.75,21.75,22.6,40533.0
2026-09-03,TPEX,3078,僑威,47.85,48.0,46.0,46.0,1416961.0
2026-09-03,TPEX,3081,聯亞,3425.0,3485.0,3110.0,3120.0,4200728.0
2026-09-03,TPEX,3083,網龍,23.25,23.25,22.95,23.05,19298.0
2026-09-03,TPEX,3085,新零售,11.2,11.2,10.85,10.85,7449.0
2026-09-03,TPEX,3086,華義*,31.15,31.15,30.0,30.0,129849.0
2026-09-03,TPEX,3088,艾訊,124.5,124.5,120.0,120.0,778834.0
2026-09-03,TPEX,3093,港建*,47.05,47.5,45.6,45.6,311937.0
2026-09-03,TPEX,3095,及成,35.0,35.15,34.95,35.15,4290.0
2026-09-03,TPEX,3105,穩懋,478.0,490.0,440.0,446.5,41028057.0
2026-09-03,TPEX,3114,好德,32.5,32.85,30.6,30.6,660751.0
2026-09-03,TPEX,3115,富榮綱,8.61,8.61,8.61,8.61,2007.0
2026-09-03,TPEX,3118,進階,31.85,31.85,31.5,31.5,31636.0
2026-09-03,TPEX,3122,笙泉,25.15,25.55,25.0,25.15,112527.0
2026-09-03,TPEX,3128,昇銳,20.25,20.45,20.05,20.05,118661.0
2026-09-03,TPEX,3131,弘塑,2440.0,2470.0,2365.0,2365.0,344010.0
2026-09-03,TPEX,3141,晶宏,99.5,105.0,97.5,100.0,21370258.0
2026-09-03,TPEX,3147,大綜,221.0,223.0,215.0,215.0,348382.0
2026-09-03,TPEX,3152,璟德,244.0,245.0,232.5,232.5,117707.0
2026-09-03,TPEX,3158,嘉實,83.5,83.6,83.5,83.6,2043.0
2026-09-03,TPEX,3162,精確,72.4,78.3,71.5,71.5,4168003.0
2026-09-03,TPEX,3163,波若威,779.0,780.0,720.0,720.0,1077181.0
2026-09-03,TPEX,3169,亞信,109.5,111.5,104.5,105.0,535183.0
2026-09-03,TPEX,3171,炎洲流通,63.7,63.7,62.5,62.7,19063.0
2026-09-03,TPEX,3176,基亞,35.35,35.4,34.95,35.0,333796.0
2026-09-03,TPEX,3178,公準,63.0,63.7,60.7,60.8,56095.0
2026-09-03,TPEX,3188,鑫龍騰,24.55,24.55,24.25,24.35,112578.0
2026-09-03,TPEX,3191,雲嘉南,17.25,17.45,17.25,17.45,7002.0
2026-09-03,TPEX,3205,佰研,47.4,47.45,46.45,47.05,75172.0
2026-09-03,TPEX,3206,志豐,34.25,34.5,33.95,33.95,30205.0
2026-09-03,TPEX,3207,耀勝,40.25,41.3,39.3,40.2,158217.0
2026-09-03,TPEX,3211,順達,394.5,396.5,375.0,375.0,6298344.0
2026-09-03,TPEX,3213,茂訊,127.0,127.5,126.0,127.0,216429.0
2026-09-03,TPEX,3217,優群,136.0,136.5,133.5,134.0,462042.0
2026-09-03,TPEX,3218,大學光,140.5,141.5,138.0,138.0,193904.0
2026-09-03,TPEX,3219,倚強科,91.6,93.3,89.1,90.5,907688.0
2026-09-03,TPEX,3221,台嘉碩,51.0,51.3,48.0,48.05,2464975.0
2026-09-03,TPEX,3224,三顧,35.0,35.0,33.95,34.25,27100.0
2026-09-03,TPEX,3226,龍鋒,54.0,54.0,52.5,52.5,13000.0
2026-09-03,TPEX,3227,原相,195.5,196.5,191.5,191.5,556391.0
2026-09-03,TPEX,3228,金麗科,184.5,184.5,171.0,171.0,279944.0
2026-09-03,TPEX,3230,錦明,44.1,44.45,42.7,42.7,454558.0
2026-09-03,TPEX,3232,昱捷,19.55,19.65,19.5,19.6,26006.0
2026-09-03,TPEX,3234,光環,211.0,214.0,193.5,194.5,6383448.0
2026-09-03,TPEX,3236,千如,44.1,44.3,42.0,42.0,1274466.0
2026-09-03,TPEX,3252,海灣,15.5,15.5,15.5,15.5,1000.0
2026-09-03,TPEX,3259,鑫創,,,,,1085.0
2026-09-03,TPEX,3260,威剛,417.0,419.5,394.0,395.0,10472516.0
2026-09-03,TPEX,3264,欣銓,237.0,237.0,226.0,226.0,4273915.0
2026-09-03,TPEX,3265,台星科,179.5,179.5,172.5,173.0,1591706.0
2026-09-03,TPEX,3268,海德威,17.5,17.6,17.35,17.45,16063.0
2026-09-03,TPEX,3272,東碩,14.65,14.65,14.1,14.2,50761.0
2026-09-03,TPEX,3276,宇環,14.2,14.4,14.05,14.05,104302.0
2026-09-03,TPEX,3284,太普高,21.1,21.15,20.6,20.6,47094.0
2026-09-03,TPEX,3285,微端,43.5,43.5,41.0,41.0,32256.0
2026-09-03,TPEX,3287,廣寰科,37.35,37.55,36.6,36.6,247563.0
2026-09-03,TPEX,3288,點晶,20.85,20.85,20.8,20.85,6025.0
2026-09-03,TPEX,3289,宜特,142.0,144.5,137.5,138.0,613976.0
2026-09-03,TPEX,3290,東浦,49.0,49.0,46.45,46.55,851512.0
2026-09-03,TPEX,3293,鈊象,705.0,710.0,702.0,703.0,1347688.0
2026-09-03,TPEX,3294,英濟,30.45,31.2,29.55,29.55,491288.0
2026-09-03,TPEX,3297,杭特,27.65,27.9,26.85,26.9,51074.0
2026-09-03,TPEX,3303,岱稜,51.7,52.2,51.3,51.3,223510.0
2026-09-03,TPEX,3306,鼎天,45.0,45.0,44.35,44.6,75214.0
2026-09-03,TPEX,3310,佳穎,69.1,69.1,68.6,69.1,17045.0
2026-09-03,TPEX,3313,斐成,10.95,11.0,10.65,10.85,123732.0
2026-09-03,TPEX,3317,尼克森,62.8,63.5,61.0,61.0,641314.0
2026-09-03,TPEX,3322,建舜電,11.2,11.35,11.15,11.15,172850.0
2026-09-03,TPEX,3323,加百裕,29.45,29.5,28.55,28.55,398881.0
2026-09-03,TPEX,3324,雙鴻,1435.0,1455.0,1320.0,1350.0,2235101.0
2026-09-03,TPEX,3325,旭品,11.25,11.25,11.15,11.15,61946.0
2026-09-03,TPEX,3332,幸康,61.0,61.0,60.8,61.0,10173.0
2026-09-03,TPEX,3339,泰谷,46.0,46.3,42.05,42.1,3814803.0
2026-09-03,TPEX,3349,寶德,22.8,22.8,22.15,22.5,78000.0
2026-09-03,TPEX,3354,律勝,26.25,26.6,24.15,24.15,1268588.0
2026-09-03,TPEX,3357,臺慶科,210.5,211.0,203.0,203.0,968398.0
2026-09-03,TPEX,3360,尚立,15.3,15.35,14.8,14.8,648029.0
2026-09-03,TPEX,3362,先進光,212.5,213.0,198.0,198.0,1253239.0
2026-09-03,TPEX,3363,上詮,798.0,850.0,767.0,774.0,9068022.0
2026-09-03,TPEX,3372,典範,15.05,15.25,14.6,14.6,429809.0
2026-09-03,TPEX,3373,熱映,16.45,16.45,16.35,16.4,24112.0
2026-09-03,TPEX,3374,精材,420.0,424.0,393.0,400.0,4738737.0
2026-09-03,TPEX,3379,彬台,29.3,29.75,28.5,28.5,95014.0
2026-09-03,TPEX,3388,崇越電,90.8,91.6,88.0,88.0,1024722.0
2026-09-03,TPEX,3390,旭軟,22.2,22.45,21.8,21.8,200067.0
2026-09-03,TPEX,3402,漢科,121.0,123.0,120.0,120.0,219526.0
2026-09-03,TPEX,3430,奇鈦科,110.5,111.5,105.5,105.5,274518.0
2026-09-03,TPEX,3434,哲固,29.55,29.7,29.5,29.5,63620.0
2026-09-03,TPEX,3438,類比科,68.1,68.2,65.7,66.0,389974.0
2026-09-03,TPEX,3441,聯一光,142.0,144.0,130.0,130.0,3294148.0
2026-09-03,TPEX,3444,利機,84.1,84.7,81.0,81.0,291705.0
2026-09-03,TPEX,3455,由田,260.0,273.5,239.0,239.0,3987896.0
2026-09-03,TPEX,3465,進泰電子,29.2,29.2,29.1,29.1,23140.0
2026-09-03,TPEX,3466,德晉,25.1,25.25,24.2,24.7,177986.0
2026-09-03,TPEX,3467,台灣精材,49.95,51.9,49.5,51.8,175870.0
2026-09-03,TPEX,3479,安勤,124.0,125.0,122.0,122.0,429810.0
2026-09-03,TPEX,3483,力致,83.6,83.6,78.1,78.2,779352.0
2026-09-03,TPEX,3484,崧騰,49.0,49.0,46.9,46.9,444951.0
2026-09-03,TPEX,3485,敘豐,218.5,219.5,210.0,210.0,93210.0
2026-09-03,TPEX,3489,森寶,22.75,22.95,22.6,22.75,68116.0
2026-09-03,TPEX,3490,單井,46.5,47.45,44.8,44.95,3916756.0
2026-09-03,TPEX,3491,昇達科,1445.0,1485.0,1375.0,1405.0,1860192.0
2026-09-03,TPEX,3492,長盛,19.3,19.35,19.25,19.25,56324.0
2026-09-03,TPEX,3498,陽程,216.0,221.5,191.0,192.0,6645437.0
2026-09-03,TPEX,3499,環天科,12.45,12.45,12.2,12.4,15796.0
2026-09-03,TPEX,3508,位速,21.55,21.6,20.55,20.55,188112.0
2026-09-03,TPEX,3511,矽瑪,19.85,20.15,19.65,19.65,249731.0
2026-09-03,TPEX,3512,皇龍,19.7,19.7,19.5,19.65,12151.0
2026-09-03,TPEX,3516,亞帝歐,26.2,26.2,25.5,26.15,746081.0
2026-09-03,TPEX,3520,華盈,17.45,17.55,17.3,17.3,91165.0
2026-09-03,TPEX,3521,台鋼建設,12.05,12.2,12.05,12.05,17525.0
2026-09-03,TPEX,3522,御嵿,11.8,11.85,11.7,11.8,76007.0
2026-09-03,TPEX,3523,迎輝,15.1,15.1,15.1,15.1,1100.0
2026-09-03,TPEX,3526,凡甲,286.0,286.5,280.0,280.0,250277.0
2026-09-03,TPEX,3527,聚積,52.0,52.6,51.2,51.2,113646.0
2026-09-03,TPEX,3529,力旺,2410.0,2485.0,2330.0,2330.0,1149229.0
2026-09-03,TPEX,3531,先益,21.45,21.45,21.3,21.3,2296.0
2026-09-03,TPEX,3537,堡達,55.0,55.4,52.4,52.4,381698.0
2026-09-03,TPEX,3540,曜越,24.15,24.25,23.2,23.2,837309.0
2026-09-03,TPEX,3541,西柏,21.8,21.8,21.55,21.55,17308.0
2026-09-03,TPEX,3546,宇峻,71.2,72.1,71.2,71.3,114734.0
2026-09-03,TPEX,3548,兆利,85.2,85.8,80.8,81.0,362600.0
2026-09-03,TPEX,3551,世禾,183.0,183.5,176.0,176.0,271269.0
2026-09-03,TPEX,3552,同致,43.7,43.7,42.95,42.95,122527.0
2026-09-03,TPEX,3555,博士旺,195.5,199.5,185.5,185.5,80104.0
2026-09-03,TPEX,3556,禾瑞亞,63.1,63.4,61.4,61.4,198151.0
2026-09-03,TPEX,3558,神準,123.5,123.5,118.5,118.5,131558.0
2026-09-03,TPEX,3564,其陽,52.9,52.9,51.1,52.9,1770505.0
2026-09-03,TPEX,3567,逸昌,25.7,25.85,25.65,25.65,19189.0
2026-09-03,TPEX,3570,大塚,164.0,164.0,162.5,162.5,10544.0
2026-09-03,TPEX,3577,泓格,114.0,115.5,109.0,109.5,470321.0
2026-09-03,TPEX,3580,友威科,89.0,93.0,85.2,85.5,878071.0
2026-09-03,TPEX,3581,博磊,113.5,115.5,107.0,107.0,494583.0
2026-09-03,TPEX,3587,閎康,265.0,269.5,249.5,249.5,929605.0
2026-09-03,TPEX,3594,磐儀,49.2,49.5,47.0,47.3,1101812.0
2026-09-03,TPEX,3597,映興,26.05,26.15,25.9,26.15,12110.0
2026-09-03,TPEX,3609,三一東林,18.0,18.2,17.8,18.0,28030.0
2026-09-03,TPEX,3611,鼎翰,184.0,184.5,183.0,183.0,18736.0
2026-09-03,TPEX,3615,安可,37.7,38.5,35.75,35.75,528223.0
2026-09-03,TPEX,3623,富晶通,23.3,24.3,23.3,24.0,131265.0
2026-09-03,TPEX,3624,光頡,89.5,89.9,84.8,84.8,3592227.0
2026-09-03,TPEX,3625,西勝,13.1,13.5,12.9,13.05,285445.0
2026-09-03,TPEX,3628,盈正,69.2,69.2,67.9,68.5,49326.0
2026-09-03,TPEX,3629,地心引力,18.85,19.85,18.85,19.85,2241.0
2026-09-03,TPEX,3630,新鉅科,27.15,27.35,26.0,27.05,1386897.0
2026-09-03,TPEX,3631,晟楠,40.4,40.4,37.25,37.25,181536.0
2026-09-03,TPEX,3632,研勤,7.35,7.35,7.35,7.35,2921.0
2026-09-03,TPEX,3646,艾恩特,23.95,23.95,23.65,23.8,7009.0
2026-09-03,TPEX,3663,鑫科,63.4,64.8,60.2,60.4,863130.0
2026-09-03,TPEX,3664,安瑞-KY,9.05,9.17,8.5,9.1,234927.0
2026-09-03,TPEX,3666,光耀,24.9,25.0,24.9,25.0,4004.0
2026-09-03,TPEX,3672,康聯訊,12.0,12.15,12.0,12.0,22001.0
2026-09-03,TPEX,3675,德微,280.5,292.0,275.0,277.0,1371698.0
2026-09-03,TPEX,3680,家登,530.0,544.0,512.0,512.0,1871625.0
2026-09-03,TPEX,3684,榮昌,54.0,54.1,54.0,54.1,11941.0
2026-09-03,TPEX,3685,元創精密,37.5,37.5,36.2,36.2,393832.0
2026-09-03,TPEX,3687,歐買尬,63.7,64.4,63.2,63.2,25478.0
2026-09-03,TPEX,3689,湧德,122.5,124.0,114.5,114.5,3867475.0
2026-09-03,TPEX,3691,碩禾,102.0,102.5,97.6,97.6,595557.0
2026-09-03,TPEX,3693,營邦,650.0,690.0,638.0,648.0,3231733.0
2026-09-03,TPEX,3707,漢磊,62.6,63.4,60.5,60.5,3253985.0
2026-09-03,TPEX,3709,鑫聯大投控,66.5,67.2,64.8,64.9,476411.0
2026-09-03,TPEX,3710,連展投控,5.02,5.1,5.0,5.04,209422.0
2026-09-03,TPEX,3713,新晶投控,14.6,14.7,14.1,14.2,43001.0
2026-09-03,TPEX,3718,中光電投控,85.0,86.0,77.2,78.3,3493120.0
2026-09-03,TPEX,4102,永日,19.15,19.2,19.0,19.2,23151.0
2026-09-03,TPEX,4105,東洋,77.5,77.8,77.3,77.3,324494.0
2026-09-03,TPEX,4107,邦特,113.0,113.5,113.0,113.0,35622.0
2026-09-03,TPEX,4109,加捷生醫,11.15,11.2,10.95,11.0,237271.0
2026-09-03,TPEX,4111,濟生,28.75,28.75,28.6,28.65,25452.0
2026-09-03,TPEX,4113,聯上,15.05,15.1,15.0,15.1,44362.0
2026-09-03,TPEX,4114,健喬,29.75,29.85,29.6,29.6,449770.0
2026-09-03,TPEX,4116,明基醫,40.1,41.0,40.1,40.45,94011.0
2026-09-03,TPEX,4120,友華,46.5,47.25,45.1,45.7,23292.0
2026-09-03,TPEX,4121,優盛,12.95,13.0,12.85,12.85,46655.0
2026-09-03,TPEX,4123,晟德,30.85,30.95,30.5,30.55,1999861.0
2026-09-03,TPEX,4126,太醫,77.6,78.1,77.5,78.1,23162.0
2026-09-03,TPEX,4127,天良,70.0,70.5,66.0,66.0,428920.0
2026-09-03,TPEX,4128,中天,14.85,14.9,14.5,14.55,1327401.0
2026-09-03,TPEX,4129,聯合,81.5,81.7,81.2,81.2,199084.0
2026-09-03,TPEX,4131,浩泰,30.75,30.75,30.75,30.75,1100.0
2026-09-03,TPEX,4138,曜亞,52.0,53.0,52.0,52.7,43714.0
2026-09-03,TPEX,4139,馬光-KY,43.0,43.0,42.1,42.15,45003.0
2026-09-03,TPEX,4147,中裕,63.1,64.6,63.1,63.2,696348.0
2026-09-03,TPEX,4153,鈺緯,32.5,32.6,32.4,32.4,4171.0
2026-09-03,TPEX,4154,樂威科-KY,12.5,12.5,12.5,12.5,5000.0
2026-09-03,TPEX,4157,太景*-KY,8.96,8.97,8.75,8.75,476885.0
2026-09-03,TPEX,4160,訊聯基因,39.8,39.8,39.3,39.7,23982.0
2026-09-03,TPEX,4161,聿新科,22.8,23.0,22.5,22.7,17783.0
2026-09-03,TPEX,4162,智擎,58.0,58.4,57.6,57.8,214090.0
2026-09-03,TPEX,4163,鐿鈦,139.0,139.5,137.5,139.0,44910.0
2026-09-03,TPEX,4166,友霖,24.5,25.05,24.5,24.75,78534.0
2026-09-03,TPEX,4167,松瑞藥,19.5,19.5,19.0,19.0,935359.0
2026-09-03,TPEX,4168,醣聯,22.5,22.5,22.05,22.3,78729.0
2026-09-03,TPEX,4171,瑞基,16.95,16.95,16.8,16.8,20067.0
2026-09-03,TPEX,4173,久裕,17.3,17.3,17.2,17.25,36771.0
2026-09-03,TPEX,4174,浩鼎,25.45,25.45,24.6,24.6,494129.0
2026-09-03,TPEX,4175,杏一,51.9,51.9,51.6,51.6,9949.0
2026-09-03,TPEX,4183,福永生技,,,,,0.0
2026-09-03,TPEX,4188,安克,14.2,14.6,14.05,14.05,141543.0
2026-09-03,TPEX,4192,杏國,18.65,18.8,18.5,18.5,48190.0
2026-09-03,TPEX,4198,欣大健康,47.0,49.9,45.3,46.8,25080.0
2026-09-03,TPEX,4205,中華食,69.7,69.7,69.6,69.7,6236.0
2026-09-03,TPEX,4207,環泰,20.55,20.55,20.3,20.35,22012.0
2026-09-03,TPEX,4303,信立,36.3,36.65,35.5,35.5,1142774.0
2026-09-03,TPEX,4304,勝昱,20.6,20.6,19.6,19.6,16760.0
2026-09-03,TPEX,4305,世坤,,,,,37.0
2026-09-03,TPEX,4401,東隆興,14.35,14.35,14.0,14.1,33384.0
2026-09-03,TPEX,4402,郡都開發,14.55,15.0,14.45,14.85,29502.0
2026-09-03,TPEX,4406,新昕纖,9.95,9.95,9.9,9.9,4000.0
2026-09-03,TPEX,4413,飛寶企業,19.95,20.0,19.6,20.0,28080.0
2026-09-03,TPEX,4416,三圓,12.6,12.85,12.4,12.4,607332.0
2026-09-03,TPEX,4417,金洲,47.0,47.1,46.95,47.0,47176.0
2026-09-03,TPEX,4419,皇家美食,47.1,47.1,45.2,46.75,9023.0
2026-09-03,TPEX,4420,光明,38.8,38.8,37.8,38.1,42177.0
2026-09-03,TPEX,4430,耀億,17.6,17.75,17.4,17.65,19273.0
2026-09-03,TPEX,4432,銘旺實,15.85,15.85,15.6,15.6,5158.0
2026-09-03,TPEX,4433,興采,18.85,18.85,18.8,18.8,16037.0
2026-09-03,TPEX,4442,竣邦-KY,50.6,50.6,50.4,50.4,18046.0
2026-09-03,TPEX,4502,健信,15.65,15.7,15.6,15.65,24000.0
2026-09-03,TPEX,4503,金雨,24.35,24.35,23.3,23.3,331167.0
2026-09-03,TPEX,4506,崇友,122.0,123.0,122.0,122.0,46959.0
2026-09-03,TPEX,4510,高鋒,46.2,48.1,46.0,47.05,9556554.0
2026-09-03,TPEX,4513,福裕,16.25,16.3,16.0,16.0,225617.0
2026-09-03,TPEX,4523,永彰,24.1,24.1,23.65,23.8,44157.0
2026-09-03,TPEX,4527,方土霖,40.7,40.7,40.55,40.6,36946.0
2026-09-03,TPEX,4528,江興鍛,15.0,15.05,14.95,14.95,17421.0
2026-09-03,TPEX,4529,淳紳,3.8,4.05,3.78,3.78,66636.0
2026-09-03,TPEX,4530,天意能創,28.4,29.35,27.0,27.0,19317.0
2026-09-03,TPEX,4533,協易機,26.55,26.55,25.6,25.6,792583.0
2026-09-03,TPEX,4534,慶騰,30.15,30.6,28.9,28.9,703299.0
2026-09-03,TPEX,4535,至興,28.05,28.05,27.5,27.5,6108.0
2026-09-03,TPEX,4538,大詠城,18.0,18.0,17.6,17.7,14002.0
2026-09-03,TPEX,4541,晟田,65.6,66.6,62.8,62.8,1374965.0
2026-09-03,TPEX,4542,科嶠,297.5,300.5,277.0,279.0,831107.0
2026-09-03,TPEX,4543,萬在,30.7,30.7,29.9,30.2,60478.0
2026-09-03,TPEX,4549,桓達,102.0,102.0,100.5,100.5,32428.0
2026-09-03,TPEX,4550,長佳,24.05,24.45,24.0,24.0,66151.0
2026-09-03,TPEX,4554,橙的,30.1,30.1,29.1,29.2,21427.0
2026-09-03,TPEX,4556,旭然,70.4,70.4,66.0,66.3,218380.0
2026-09-03,TPEX,4558,寶緯,17.55,17.55,17.2,17.3,25127.0
2026-09-03,TPEX,4561,健椿,44.0,44.6,42.65,42.7,201188.0
2026-09-03,TPEX,4563,百德,45.9,47.0,43.6,43.6,260828.0
2026-09-03,TPEX,4568,科際精密,39.6,39.6,39.2,39.2,5000.0
2026-09-03,TPEX,4577,達航科技,88.0,92.8,86.8,87.0,722371.0
2026-09-03,TPEX,4580,捷流閥業,83.0,84.5,82.4,82.6,115498.0
2026-09-03,TPEX,4584,君帆,39.45,39.85,38.7,38.7,6432.0
2026-09-03,TPEX,4609,唐鋒,4.25,4.25,4.25,4.25,2000.0
2026-09-03,TPEX,4702,中美實,9.62,9.78,9.41,9.53,198809.0
2026-09-03,TPEX,4706,大恭,32.4,32.4,32.4,32.4,1000.0
2026-09-03,TPEX,4707,磐亞,31.65,32.15,30.4,30.4,2328311.0
2026-09-03,TPEX,4711,永純,16.7,16.7,16.55,16.6,60479.0
2026-09-03,TPEX,4714,永捷,10.9,11.0,10.6,10.6,522913.0
2026-09-03,TPEX,4716,大立,17.45,17.5,17.05,17.1,1119361.0
2026-09-03,TPEX,4721,美琪瑪,74.0,74.4,71.8,71.9,417162.0
2026-09-03,TPEX,4726,永昕,24.2,24.2,23.95,23.95,73601.0
2026-09-03,TPEX,4728,雙美,,,,,37.0
2026-09-03,TPEX,4729,熒茂,19.15,19.15,18.75,19.0,58550.0
2026-09-03,TPEX,4735,豪展,38.3,38.3,37.75,37.75,45340.0
2026-09-03,TPEX,4741,泓瀚,42.1,42.6,40.4,40.4,138391.0
2026-09-03,TPEX,4743,合一,45.5,45.6,44.75,44.75,1834821.0
2026-09-03,TPEX,4744,皇將,27.8,27.8,27.4,27.6,42569.0
2026-09-03,TPEX,4745,合富-KY,11.8,11.8,11.75,11.75,3238.0
2026-09-03,TPEX,4747,強生*,24.6,25.3,24.55,24.85,82129.0
2026-09-03,TPEX,4749,新應材,795.0,797.0,758.0,759.0,601920.0
2026-09-03,TPEX,4754,國碳科,38.7,38.7,38.6,38.65,39642.0
2026-09-03,TPEX,4760,勤凱,273.0,275.5,258.0,258.0,479866.0
2026-09-03,TPEX,4767,誠泰科技,28.5,29.1,28.5,28.75,7050.0
2026-09-03,TPEX,4768,晶呈科技,301.0,305.0,290.5,290.5,248208.0
2026-09-03,TPEX,4772,台特化,260.0,260.0,247.0,247.0,879267.0
2026-09-03,TPEX,4806,桂田文創,8.85,9.1,8.8,9.1,21089.0
2026-09-03,TPEX,4903,聯光通,38.5,39.15,36.55,37.25,1867970.0
2026-09-03,TPEX,4905,台聯電,88.7,89.7,85.0,85.8,45861.0
2026-09-03,TPEX,4907,富宇,47.75,47.75,46.9,47.25,53361.0
2026-09-03,TPEX,4908,前鼎,220.0,229.5,200.5,204.5,2698705.0
2026-09-03,TPEX,4909,新復興,38.75,39.2,37.05,37.05,489090.0
2026-09-03,TPEX,4911,德英,29.4,30.0,29.2,29.85,8401.0
2026-09-03,TPEX,4923,力士,53.9,53.9,50.0,50.4,269610.0
2026-09-03,TPEX,4924,欣厚-KY,9.97,10.9,9.97,10.9,281374.0
2026-09-03,TPEX,4931,新盛力,251.5,253.0,239.0,239.5,4404689.0
2026-09-03,TPEX,4933,友輝,54.8,55.1,54.3,54.4,53130.0
2026-09-03,TPEX,4939,亞電,90.5,90.5,81.5,81.5,5681322.0
2026-09-03,TPEX,4946,辣椒,90.8,91.0,88.1,90.1,12042.0
2026-09-03,TPEX,4950,金耘國際,16.25,16.4,16.25,16.3,21104.0
2026-09-03,TPEX,4951,精拓科,79.3,79.5,78.2,78.2,166840.0
2026-09-03,TPEX,4953,緯致,123.5,123.5,119.0,119.0,303730.0
2026-09-03,TPEX,4966,譜瑞-KY,580.0,582.0,558.0,558.0,1020912.0
2026-09-03,TPEX,4971,IET-KY,678.0,719.0,605.0,611.0,8591095.0
2026-09-03,TPEX,4972,湯石照明,16.6,16.7,16.5,16.7,17308.0
2026-09-03,TPEX,4973,廣穎,154.5,157.5,146.5,146.5,1623297.0
2026-09-03,TPEX,4974,亞泰,72.0,72.0,70.2,70.3,155283.0
2026-09-03,TPEX,4979,華星光,633.0,635.0,572.0,572.0,2780781.0
2026-09-03,TPEX,4991,環宇-KY,536.0,560.0,480.5,484.5,13450089.0
2026-09-03,TPEX,4995,晶達,50.6,50.6,50.3,50.4,36513.0
2026-09-03,TPEX,5009,榮剛,33.55,34.15,33.35,33.35,1298568.0
2026-09-03,TPEX,5011,久陽,18.55,18.6,18.25,18.45,137425.0
2026-09-03,TPEX,5013,強新,28.65,28.65,28.1,28.2,17500.0
2026-09-03,TPEX,5014,建錩,10.05,10.15,10.05,10.05,232707.0
2026-09-03,TPEX,5015,華祺,22.1,22.1,22.05,22.05,10195.0
2026-09-03,TPEX,5016,松和,24.5,24.8,24.5,24.8,15005.0
2026-09-03,TPEX,5201,凱衛,25.8,25.95,25.8,25.9,52098.0
2026-09-03,TPEX,5202,力新,12.0,12.0,11.85,11.85,69321.0
2026-09-03,TPEX,5205,中茂,20.6,20.6,20.6,20.6,4191.0
2026-09-03,TPEX,5206,坤悅,23.35,23.55,23.35,23.35,167325.0
2026-09-03,TPEX,5209,新鼎,155.0,155.5,154.0,154.0,74978.0
2026-09-03,TPEX,5210,寶碩,29.0,29.2,28.65,28.65,168058.0
2026-09-03,TPEX,5211,蒙恬,19.4,19.4,19.2,19.2,5240.0
2026-09-03,TPEX,5212,凌網,46.5,46.6,46.4,46.4,6034.0
2026-09-03,TPEX,5213,亞昕,21.0,21.05,20.9,20.9,204339.0
2026-09-03,TPEX,5220,萬達光電,20.2,20.2,19.15,19.65,53391.0
2026-09-03,TPEX,5223,安力-KY,25.0,25.0,23.5,23.5,143111.0
2026-09-03,TPEX,5227,立凱-KY,30.9,31.3,30.2,30.2,194554.0
2026-09-03,TPEX,5228,鈺鎧,40.75,41.0,39.1,39.1,229593.0
2026-09-03,TPEX,5230,雷笛克光學,17.8,18.3,17.65,17.8,96115.0
2026-09-03,TPEX,5245,智晶,23.55,23.55,22.6,22.85,38500.0
2026-09-03,TPEX,5251,天鉞電,26.95,26.95,26.05,26.05,66535.0
2026-09-03,TPEX,5263,智崴,98.2,102.0,97.6,98.3,263119.0
2026-09-03,TPEX,5272,笙科,17.35,17.35,16.9,16.9,31663.0
2026-09-03,TPEX,5274,信驊,17735.0,18790.0,17360.0,17850.0,583232.0
2026-09-03,TPEX,5276,達輝-KY,,,,,0.0
2026-09-03,TPEX,5278,尚凡*,24.6,24.6,24.25,24.3,27189.0
2026-09-03,TPEX,5287,數字,136.5,136.5,135.5,136.0,51622.0
2026-09-03,TPEX,5289,宜鼎,1445.0,1455.0,1345.0,1345.0,1877723.0
2026-09-03,TPEX,5291,邑昇,71.0,72.2,68.0,68.7,1435948.0
2026-09-03,TPEX,5299,杰力,98.0,98.4,94.7,94.7,267593.0
2026-09-03,TPEX,5301,寶得利,5.75,6.03,5.51,5.55,10000.0
2026-09-03,TPEX,5302,太欣,10.45,10.45,10.15,10.2,346250.0
2026-09-03,TPEX,5309,系統電,53.0,53.3,50.7,50.7,1180189.0
2026-09-03,TPEX,5310,天剛,,,,,0.0
2026-09-03,TPEX,5312,寶島科,91.8,91.9,91.5,91.9,4666.0
2026-09-03,TPEX,5314,世紀*,34.25,34.35,30.85,31.0,4412303.0
2026-09-03,TPEX,5315,光聯,18.9,19.0,18.75,18.75,197009.0
2026-09-03,TPEX,5321,美而快,77.0,79.7,75.5,76.4,876595.0
2026-09-03,TPEX,5324,士開,12.2,12.3,12.05,12.3,357374.0
2026-09-03,TPEX,5328,華容,61.1,61.9,59.0,59.0,3388099.0
2026-09-03,TPEX,5340,建榮,82.1,86.3,78.6,79.1,3360831.0
2026-09-03,TPEX,5344,立衛,13.5,13.6,13.5,13.55,22714.0
2026-09-03,TPEX,5345,馥鴻,22.0,22.0,21.7,21.7,19662.0
2026-09-03,TPEX,5347,世界,151.0,151.0,147.0,147.0,9996073.0
2026-09-03,TPEX,5348,正能量智能,16.85,16.85,16.85,16.85,1050.0
2026-09-03,TPEX,5351,鈺創,119.5,123.5,110.0,110.0,25446988.0
2026-09-03,TPEX,5353,台林,28.0,28.3,27.8,27.95,59486.0
2026-09-03,TPEX,5355,佳總,5.76,5.99,5.76,5.99,72046.0
2026-09-03,TPEX,5356,協益,26.3,26.3,25.9,25.9,46763.0
2026-09-03,TPEX,5364,力麗店,8.43,8.54,8.41,8.42,54419.0
2026-09-03,TPEX,5381,光譜,26.35,26.5,25.0,25.05,604735.0
2026-09-03,TPEX,5386,青雲,283.0,291.0,257.0,260.0,1854279.0
2026-09-03,TPEX,5392,能率,45.0,45.85,43.0,43.0,2234490.0
2026-09-03,TPEX,5398,慕康生醫,14.25,14.3,14.2,14.25,184017.0
2026-09-03,TPEX,5403,中菲,93.5,93.6,93.0,93.3,14798.0
2026-09-03,TPEX,5410,國眾,36.45,36.45,35.8,35.85,177116.0
2026-09-03,TPEX,5425,台半,92.8,96.1,90.7,91.2,21473851.0
2026-09-03,TPEX,5426,振發,29.0,29.6,28.2,28.2,831636.0
2026-09-03,TPEX,5432,新門,152.0,155.0,147.0,153.0,174107.0
2026-09-03,TPEX,5438,東友,16.8,16.8,16.6,16.6,19112.0
2026-09-03,TPEX,5439,高技,269.5,272.0,261.0,261.0,2126922.0
2026-09-03,TPEX,5443,均豪,113.0,115.0,110.0,110.0,2520404.0
2026-09-03,TPEX,5450,南良,14.65,14.85,14.6,14.6,61006.0
2026-09-03,TPEX,5452,佶優,27.95,28.0,26.75,26.75,335748.0
2026-09-03,TPEX,5455,昇益,30.05,30.05,30.05,30.05,1000.0
2026-09-03,TPEX,5457,宣德,27.9,28.25,27.55,27.7,263755.0
2026-09-03,TPEX,5460,同協,15.95,16.15,15.95,16.05,32733.0
2026-09-03,TPEX,5464,霖宏,69.7,71.9,68.0,69.0,377059.0
2026-09-03,TPEX,5465,富驊,24.85,24.9,24.45,24.45,61609.0
2026-09-03,TPEX,5468,凱鈺,24.85,24.85,24.25,24.45,152148.0
2026-09-03,TPEX,5474,聰泰,153.0,153.0,146.0,146.0,152501.0
2026-09-03,TPEX,5475,德宏,192.0,208.5,181.0,182.5,7082202.0
2026-09-03,TPEX,5478,智冠,98.4,98.7,98.0,98.0,75140.0
2026-09-03,TPEX,5481,新華,20.35,20.6,20.2,20.2,350518.0
2026-09-03,TPEX,5483,中美晶,181.0,187.5,176.0,176.0,17711147.0
2026-09-03,TPEX,5487,通泰,29.6,29.85,29.15,29.15,12000.0
2026-09-03,TPEX,5488,松普,12.25,12.3,11.85,11.85,366222.0
2026-09-03,TPEX,5489,彩富,41.4,41.6,41.0,41.1,31835.0
2026-09-03,TPEX,5490,同亨,27.4,27.45,26.75,26.8,1556982.0
2026-09-03,TPEX,5493,三聯,86.0,87.3,84.1,84.1,112306.0
2026-09-03,TPEX,5498,凱崴,55.9,56.9,52.9,52.9,2514520.0
2026-09-03,TPEX,5508,永信建,53.4,54.7,53.3,54.2,353662.0
2026-09-03,TPEX,5511,德昌,71.3,71.3,69.6,70.0,253121.0
2026-09-03,TPEX,5512,力麒,7.78,7.79,7.73,7.79,922672.0
2026-09-03,TPEX,5514,三豐,15.0,15.0,15.0,15.0,16050.0
2026-09-03,TPEX,5516,雙喜,11.65,11.9,11.65,11.8,11225.0
2026-09-03,TPEX,5520,力泰,,,,,0.0
2026-09-03,TPEX,5523,豐謙,30.25,30.35,30.25,30.35,34030.0
2026-09-03,TPEX,5529,鉅陞,22.5,23.95,22.5,23.9,251873.0
2026-09-03,TPEX,5530,龍巖,50.2,50.5,49.75,49.8,215433.0
2026-09-03,TPEX,5536,聖暉*,822.0,847.0,817.0,817.0,1148550.0
2026-09-03,TPEX,5543,桓鼎-KY,29.5,29.5,28.8,28.8,2020.0
2026-09-03,TPEX,5547,久舜,19.65,19.65,19.65,19.65,11300.0
2026-09-03,TPEX,5548,安倉,20.45,20.5,20.45,20.5,6527.0
2026-09-03,TPEX,5601,台聯櫃,30.05,30.5,30.05,30.5,16005.0
2026-09-03,TPEX,5603,陸海,14.25,14.4,14.0,14.0,153472.0
2026-09-03,TPEX,5604,中連,30.9,31.05,30.9,30.95,7175.0
2026-09-03,TPEX,5609,中菲行,78.4,78.4,77.8,77.8,78345.0
2026-09-03,TPEX,5701,劍湖山,4.24,4.31,4.18,4.3,36708.0
2026-09-03,TPEX,5703,亞都,13.85,13.9,13.85,13.85,4000.0
2026-09-03,TPEX,5704,老爺知,23.7,23.7,23.1,23.4,34951.0
2026-09-03,TPEX,5864,致和證,36.35,37.15,36.1,36.3,2639799.0
2026-09-03,TPEX,5878,台名,38.55,38.55,38.55,38.55,2210.0
2026-09-03,TPEX,5902,德記,34.5,34.55,34.25,34.4,5123.0
2026-09-03,TPEX,5903,全家,185.0,186.0,184.5,184.5,35236.0
2026-09-03,TPEX,5904,寶雅*,73.4,73.4,70.6,70.6,10470653.0
2026-09-03,TPEX,5905,南仁湖,7.77,7.78,7.7,7.7,417492.0
2026-09-03,TPEX,6015,宏遠證,16.4,16.85,16.35,16.4,2116110.0
2026-09-03,TPEX,6016,康和證,21.25,21.8,21.2,21.4,6441378.0
2026-09-03,TPEX,6020,大展證,21.0,21.15,20.9,20.9,18001.0
2026-09-03,TPEX,6021,美好證,39.1,39.75,39.1,39.35,104889.0
2026-09-03,TPEX,6023,元大期,86.3,86.9,85.9,86.1,410487.0
2026-09-03,TPEX,6026,福邦證,15.05,15.25,15.05,15.05,1363694.0
2026-09-03,TPEX,6028,公勝保經,97.0,97.6,95.7,97.6,19618.0
2026-09-03,TPEX,6101,寬魚國際,38.2,39.5,37.7,37.7,314260.0
2026-09-03,TPEX,6103,合邦,45.0,45.0,41.0,41.0,59108.0
2026-09-03,TPEX,6104,創惟,98.4,99.1,95.3,95.3,536260.0
2026-09-03,TPEX,6109,亞元,10.9,10.9,10.75,10.9,72501.0
2026-09-03,TPEX,6111,光聚晶電,37.5,37.55,36.9,37.4,168500.0
2026-09-03,TPEX,6113,亞矽,23.5,23.5,22.9,22.9,113449.0
2026-09-03,TPEX,6114,久威,25.1,25.1,24.75,24.75,16689.0
2026-09-03,TPEX,6118,建達,15.4,15.65,15.15,15.15,87456.0
2026-09-03,TPEX,6121,新普,407.0,407.0,392.5,394.5,505524.0
2026-09-03,TPEX,6122,擎邦,50.6,52.4,49.5,51.9,2044070.0
2026-09-03,TPEX,6123,上奇,43.7,43.8,43.65,43.7,31906.0
2026-09-03,TPEX,6124,業強,26.7,27.05,26.65,26.65,14646.0
2026-09-03,TPEX,6125,廣運,53.4,55.2,51.9,51.9,3322033.0
2026-09-03,TPEX,6126,信音,29.75,29.8,29.15,29.15,602631.0
2026-09-03,TPEX,6127,九豪,48.9,49.1,46.8,46.85,1865784.0
2026-09-03,TPEX,6130,上亞科技,27.2,27.45,26.45,26.45,89018.0
2026-09-03,TPEX,6134,萬旭,29.05,29.4,28.5,28.6,109380.0
2026-09-03,TPEX,6138,茂達,292.5,292.5,280.0,280.0,414513.0
2026-09-03,TPEX,6140,訊達,16.75,16.75,16.55,16.55,46561.0
2026-09-03,TPEX,6143,振曜,88.8,89.4,88.0,88.0,278499.0
2026-09-03,TPEX,6144,得利影,13.0,13.5,13.0,13.2,15199.0
2026-09-03,TPEX,6146,耕興,189.0,189.5,185.0,185.0,408152.0
2026-09-03,TPEX,6147,頎邦,183.5,199.5,174.0,189.0,64674622.0
2026-09-03,TPEX,6148,驊宏資,28.0,28.25,27.75,27.75,87729.0
2026-09-03,TPEX,6150,撼訊,63.1,63.2,60.5,60.5,177791.0
2026-09-03,TPEX,6151,晉倫,35.55,35.65,35.0,35.25,153918.0
2026-09-03,TPEX,6154,順發,14.0,14.1,14.0,14.1,12978.0
2026-09-03,TPEX,6156,松上,21.05,21.15,20.65,20.65,455827.0
2026-09-03,TPEX,6158,禾昌,17.8,18.05,17.2,17.3,125842.0
2026-09-03,TPEX,6160,欣技,14.95,14.95,14.55,14.75,70814.0
2026-09-03,TPEX,6161,捷波,50.4,53.0,50.4,51.7,400204.0
2026-09-03,TPEX,6163,華電網,41.95,42.35,40.0,40.3,1166730.0
2026-09-03,TPEX,6167,久正,10.4,10.45,10.25,10.3,332101.0
2026-09-03,TPEX,6169,昱泉,12.3,12.4,12.3,12.35,10251.0
2026-09-03,TPEX,6170,統振,48.0,48.3,47.85,48.0,180928.0
2026-09-03,TPEX,6171,大城地產,26.7,26.7,25.85,25.85,56627.0
2026-09-03,TPEX,6173,信昌電,258.5,258.5,237.5,241.0,12652571.0
2026-09-03,TPEX,6174,安碁,44.2,44.5,42.45,42.55,734853.0
2026-09-03,TPEX,6175,立敦,72.3,72.3,69.0,69.3,766565.0
2026-09-03,TPEX,6179,亞通,30.0,30.1,29.1,29.2,2437150.0
2026-09-03,TPEX,6180,橘子,41.3,41.3,40.65,40.75,207111.0
2026-09-03,TPEX,6182,合晶,111.0,112.5,104.5,104.5,48531369.0
2026-09-03,TPEX,6185,幃翔,12.8,12.8,12.7,12.75,92928.0
2026-09-03,TPEX,6186,新潤,31.5,32.2,31.5,31.75,498642.0
2026-09-03,TPEX,6187,萬潤,1365.0,1410.0,1300.0,1300.0,3022194.0
2026-09-03,TPEX,6188,廣明,68.3,69.4,65.6,65.6,1748364.0
2026-09-03,TPEX,6190,萬泰科,69.2,69.8,67.0,67.3,2104117.0
2026-09-03,TPEX,6194,育富,29.85,29.9,29.65,29.65,78186.0
2026-09-03,TPEX,6195,詩肯,27.8,28.1,27.8,27.85,14811.0
2026-09-03,TPEX,6198,瑞築,19.8,19.8,19.8,19.8,2000.0
2026-09-03,TPEX,6199,天品,95.2,97.7,94.0,95.2,2044593.0
2026-09-03,TPEX,6203,海韻電,61.0,61.0,60.0,60.3,44912.0
2026-09-03,TPEX,6204,艾華,90.2,91.0,87.3,88.5,320035.0
2026-09-03,TPEX,6207,雷科,112.0,115.0,103.0,104.0,8842588.0
2026-09-03,TPEX,6208,日揚,81.5,82.0,76.5,76.5,776233.0
2026-09-03,TPEX,6210,慶生,17.7,17.8,17.7,17.8,6063.0
2026-09-03,TPEX,6212,理銘,30.95,30.95,30.95,30.95,1120.0
2026-09-03,TPEX,6217,中探針,196.0,210.5,192.5,195.5,13188005.0
2026-09-03,TPEX,6218,豪勉,43.75,44.7,41.75,42.6,1773638.0
2026-09-03,TPEX,6219,富旺,12.1,12.65,12.05,12.4,139530.0
2026-09-03,TPEX,6220,岳豐,25.95,26.05,25.55,25.6,178000.0
2026-09-03,TPEX,6221,晉泰,21.55,21.7,21.5,21.5,91248.0
2026-09-03,TPEX,6222,立軒,20.05,20.05,20.05,20.05,2009.0
2026-09-03,TPEX,6223,旺矽,5370.0,5370.0,5000.0,5045.0,1505814.0
2026-09-03,TPEX,6227,茂綸,118.0,118.0,113.0,113.0,382226.0
2026-09-03,TPEX,6228,全譜,,,,,0.0
2026-09-03,TPEX,6229,研通,24.1,24.1,23.6,23.6,38027.0
2026-09-03,TPEX,6231,系微,218.5,219.5,208.0,208.0,161665.0
2026-09-03,TPEX,6233,旺玖,21.7,21.8,20.95,20.95,119643.0
2026-09-03,TPEX,6234,高僑,35.95,35.95,34.1,34.1,184030.0
2026-09-03,TPEX,6236,中湛,,,,,0.0
2026-09-03,TPEX,6237,驊訊,38.0,38.0,35.1,35.2,410507.0
2026-09-03,TPEX,6240,松崗,27.3,28.25,25.6,27.95,324359.0
2026-09-03,TPEX,6241,鑫永洋,17.05,17.45,16.75,16.75,75169.0
2026-09-03,TPEX,6242,立康,34.0,34.0,33.8,33.8,3200.0
2026-09-03,TPEX,6244,茂迪,23.8,23.95,23.1,23.1,1795565.0
2026-09-03,TPEX,6245,立端,78.2,79.0,76.1,76.1,886483.0
2026-09-03,TPEX,6246,臺龍,13.15,13.15,12.7,12.75,132003.0
2026-09-03,TPEX,6248,沛波,17.1,17.1,16.7,16.95,212756.0
2026-09-03,TPEX,6259,百徽,30.1,30.3,28.9,28.95,352520.0
2026-09-03,TPEX,6261,久元,81.2,81.7,78.5,78.6,447942.0
2026-09-03,TPEX,6263,普萊德,174.5,174.5,171.0,171.5,259187.0
2026-09-03,TPEX,6264,富裔,6.06,6.07,6.01,6.01,5000.0
2026-09-03,TPEX,6265,方土昶,56.6,57.6,54.0,54.1,2950318.0
2026-09-03,TPEX,6266,泰詠,24.75,24.95,24.6,24.6,99168.0
2026-09-03,TPEX,6270,倍微,29.25,29.3,28.2,28.2,247372.0
2026-09-03,TPEX,6274,台燿,1420.0,1430.0,1340.0,1345.0,4901570.0
2026-09-03,TPEX,6275,元山,46.35,46.35,45.05,45.05,157969.0
2026-09-03,TPEX,6276,安鈦克,20.6,20.85,20.3,20.3,13593.0
2026-09-03,TPEX,6279,胡連,121.5,122.5,117.5,118.0,1310345.0
2026-09-03,TPEX,6284,佳邦,79.3,79.3,75.6,75.6,1280823.0
2026-09-03,TPEX,6290,良維,257.0,261.5,245.0,245.5,2679019.0
2026-09-03,TPEX,6291,沛亨,453.0,484.0,453.0,458.0,4429975.0
2026-09-03,TPEX,6292,迅德,61.7,62.4,59.6,60.0,103274.0
2026-09-03,TPEX,6294,智基,29.05,29.05,28.75,28.75,19679.0
2026-09-03,TPEX,6411,晶焱,82.3,82.3,79.0,79.0,329786.0
2026-09-03,TPEX,6417,韋僑,106.0,106.5,104.5,104.5,67315.0
2026-09-03,TPEX,6418,詠昇,35.2,35.2,33.5,33.55,225221.0
2026-09-03,TPEX,6419,京晨科,157.0,161.0,146.0,146.0,366780.0
2026-09-03,TPEX,6423,億而得,87.5,89.0,84.5,84.5,158109.0
2026-09-03,TPEX,6425,易發,65.0,65.2,61.2,61.5,454149.0
2026-09-03,TPEX,6432,今展科,61.8,63.3,59.3,59.3,428700.0
2026-09-03,TPEX,6435,大中,246.0,250.0,237.0,237.0,420860.0
2026-09-03,TPEX,6441,廣錠,21.35,21.35,20.95,20.95,21593.0
2026-09-03,TPEX,6462,神盾,102.0,102.0,98.3,98.3,385331.0
2026-09-03,TPEX,6465,威潤,46.9,46.9,46.0,46.0,100205.0
2026-09-03,TPEX,6469,大樹,68.0,68.0,67.0,67.2,359778.0
2026-09-03,TPEX,6470,宇智,42.0,42.0,41.35,41.75,31680.0
2026-09-03,TPEX,6474,華豫寧,36.9,36.9,36.3,36.55,24314.0
2026-09-03,TPEX,6482,弘煜科,24.8,25.35,24.65,24.75,17459.0
2026-09-03,TPEX,6485,點序,61.2,62.0,59.0,59.1,272846.0
2026-09-03,TPEX,6486,互動,92.6,92.6,82.6,83.1,2369546.0
2026-09-03,TPEX,6488,環球晶,970.0,974.0,920.0,927.0,7779649.0
2026-09-03,TPEX,6492,生華科,34.2,34.35,33.8,33.8,282084.0
2026-09-03,TPEX,6494,九齊,55.5,56.7,54.9,55.0,189496.0
2026-09-03,TPEX,6496,科懋,24.3,24.45,24.3,24.45,8471.0
2026-09-03,TPEX,6498,久禾光,79.8,80.5,73.5,74.0,397890.0
2026-09-03,TPEX,6499,益安,74.6,75.5,71.6,71.7,421828.0
2026-09-03,TPEX,6506,雙邦,18.2,18.75,18.2,18.4,184875.0
2026-09-03,TPEX,6508,惠光,26.15,26.15,25.85,26.05,5667.0
2026-09-03,TPEX,6509,聚和,46.65,47.2,46.35,46.95,952142.0
2026-09-03,TPEX,6510,精測,3495.0,3585.0,3235.0,3350.0,1938679.0
2026-09-03,TPEX,6512,啟發電,20.3,20.3,20.2,20.2,5770.0
2026-09-03,TPEX,6516,勤崴國際,57.7,58.5,57.6,58.0,24190.0
2026-09-03,TPEX,6517,保勝光學,71.3,72.5,66.8,66.8,995504.0
2026-09-03,TPEX,6523,達爾膚,89.5,89.6,89.5,89.5,25979.0
2026-09-03,TPEX,6527,明達醫,74.5,74.5,74.0,74.1,13030.0
2026-09-03,TPEX,6530,創威,100.5,102.5,94.1,95.0,3991547.0
2026-09-03,TPEX,6532,瑞耘,97.6,103.5,97.6,99.8,1770731.0
2026-09-03,TPEX,6535,順藥,83.0,86.0,75.2,75.5,917942.0
2026-09-03,TPEX,6538,倉和,273.0,273.0,273.0,273.0,514581.0
2026-09-03,TPEX,6542,隆中,45.0,45.0,45.0,45.0,1000.0
2026-09-03,TPEX,6546,正基,64.0,64.5,62.1,62.1,259013.0
2026-09-03,TPEX,6547,高端疫苗,61.9,62.7,61.3,61.8,2947752.0
2026-09-03,TPEX,6548,長科*,74.3,74.6,71.3,71.3,2199746.0
2026-09-03,TPEX,6556,勝品,61.0,61.0,60.7,60.7,9060.0
2026-09-03,TPEX,6560,欣普羅,31.25,31.25,31.2,31.2,9436.0
2026-09-03,TPEX,6561,是方,326.5,326.5,322.0,322.5,34683.0
2026-09-03,TPEX,6568,宏觀,142.5,142.5,133.5,133.5,158614.0
2026-09-03,TPEX,6569,醫揚,91.2,91.2,90.8,91.0,36614.0
2026-09-03,TPEX,6570,維田,52.3,52.3,50.4,50.4,91460.0
2026-09-03,TPEX,6574,霈方,119.0,119.5,118.0,119.5,30707.0
2026-09-03,TPEX,6576,逸達,80.5,80.5,79.5,80.3,77678.0
2026-09-03,TPEX,6577,勁豐,79.6,80.5,79.5,79.9,28302.0
2026-09-03,TPEX,6578,達邦蛋白,18.4,18.4,17.95,18.0,127018.0
2026-09-03,TPEX,6584,南俊國際,667.0,673.0,628.0,629.0,857500.0
2026-09-03,TPEX,6588,東典光電,107.0,111.0,101.5,103.0,1405511.0
2026-09-03,TPEX,6590,普鴻,65.4,65.6,65.4,65.5,20320.0
2026-09-03,TPEX,6593,台灣銘板,32.05,32.05,31.75,31.75,40208.0
2026-09-03,TPEX,6596,寬宏藝術,95.5,95.8,94.8,94.9,155320.0
2026-09-03,TPEX,6597,立誠,69.4,73.0,69.4,73.0,3000.0
2026-09-03,TPEX,6603,富強鑫,25.6,25.6,24.85,24.9,1313445.0
2026-09-03,TPEX,6609,瀧澤科,40.65,41.0,39.9,40.3,164057.0
2026-09-03,TPEX,6612,奈米醫材,70.9,71.6,70.5,70.9,29220.0
2026-09-03,TPEX,6613,朋億*,264.5,265.0,257.0,257.0,485359.0
2026-09-03,TPEX,6615,慧智,34.25,34.25,34.1,34.1,4087.0
2026-09-03,TPEX,6616,特昇-KY,8.13,8.29,8.1,8.29,16763.0
2026-09-03,TPEX,6617,共信-KY,119.5,119.5,113.5,113.5,1100746.0
2026-09-03,TPEX,6620,漢達,92.9,103.5,92.0,98.0,3585346.0
2026-09-03,TPEX,6624,萬年清,41.8,41.8,39.3,39.3,9000.0
2026-09-03,TPEX,6629,泰金-KY,109.0,109.0,105.5,107.5,30014.0
2026-09-03,TPEX,6637,醫影,55.9,57.5,55.9,56.4,16389.0
2026-09-03,TPEX,6640,均華,1230.0,1240.0,1180.0,1185.0,1257638.0
2026-09-03,TPEX,6642,富致,80.3,83.1,80.0,80.3,226917.0
2026-09-03,TPEX,6643,M31,417.5,423.0,402.5,403.0,312053.0
2026-09-03,TPEX,6649,台生材,36.1,36.4,34.95,35.75,33637.0
2026-09-03,TPEX,6651,全宇昕,152.0,152.0,148.0,148.0,133492.0
2026-09-03,TPEX,6654,天正國際,200.5,220.0,200.5,215.0,229441.0
2026-09-03,TPEX,6661,威健生技,,,,,0.0
2026-09-03,TPEX,6662,樂斯科,28.5,28.5,28.5,28.5,4509.0
2026-09-03,TPEX,6664,群翊,371.0,392.5,362.5,363.0,1352237.0
2026-09-03,TPEX,6667,信紘科,216.5,221.5,216.0,218.0,198351.0
2026-09-03,TPEX,6679,鈺太,208.0,209.0,203.0,208.5,261088.0
2026-09-03,TPEX,6680,鑫創電子,,,,,0.0
2026-09-03,TPEX,6683,雍智科技,1470.0,1475.0,1360.0,1385.0,1989113.0
2026-09-03,TPEX,6684,安格,47.6,47.6,45.5,45.55,105458.0
2026-09-03,TPEX,6690,安碁資訊,166.5,166.5,162.5,162.5,30615.0
2026-09-03,TPEX,6692,進能服,23.9,24.0,23.2,23.45,20199.0
2026-09-03,TPEX,6693,廣閎科,175.5,187.0,175.5,178.5,2449503.0
2026-09-03,TPEX,6697,東捷資訊,40.7,41.45,40.7,41.25,15303.0
2026-09-03,TPEX,6703,軒郁,103.0,103.0,102.0,102.0,24261.0
2026-09-03,TPEX,6708,天擎,38.8,38.8,38.8,38.8,2051.0
2026-09-03,TPEX,6712,長聖,158.5,158.5,156.0,156.5,222782.0
2026-09-03,TPEX,6716,應廣,126.0,138.0,122.5,130.0,2090824.0
2026-09-03,TPEX,6720,久昌,133.5,134.5,131.5,131.5,28405.0
2026-09-03,TPEX,6721,信實,51.2,51.2,50.8,51.2,27729.0
2026-09-03,TPEX,6725,矽科宏晟,224.0,225.0,219.0,219.0,89525.0
2026-09-03,TPEX,6727,亞泰金屬,580.0,598.0,545.0,550.0,2095935.0
2026-09-03,TPEX,6728,上洋,108.0,108.0,107.0,107.0,31415.0
2026-09-03,TPEX,6730,常廣,32.35,33.0,32.35,33.0,6161.0
2026-09-03,TPEX,6732,昇佳電子,152.5,153.0,148.5,148.5,197500.0
2026-09-03,TPEX,6733,博晟生醫,27.5,27.65,26.5,26.5,114736.0
2026-09-03,TPEX,6735,美達科技,65.8,65.8,60.8,60.8,117397.0
2026-09-03,TPEX,6739,竹陞科技,1120.0,1150.0,1075.0,1075.0,137041.0
2026-09-03,TPEX,6741,91APP*-KY,60.2,60.2,58.7,59.6,255931.0
2026-09-03,TPEX,6751,智聯服務,42.3,42.3,41.7,41.7,9500.0
2026-09-03,TPEX,6752,叡揚,97.0,97.0,97.0,97.0,10274.0
2026-09-03,TPEX,6761,穩得,185.5,190.5,181.5,181.5,422398.0
2026-09-03,TPEX,6762,達亞,165.0,165.0,165.0,165.0,1000.0
2026-09-03,TPEX,6763,綠界科技*,41.4,41.4,40.8,40.8,199209.0
2026-09-03,TPEX,6767,台微醫,,,,,0.0
2026-09-03,TPEX,6785,昱展新藥,91.2,92.7,90.6,90.7,36862.0
2026-09-03,TPEX,6788,華景電,368.5,371.5,355.0,355.0,267783.0
2026-09-03,TPEX,6791,虎門科技,100.5,100.5,99.5,99.5,4656.0
2026-09-03,TPEX,6803,崑鼎,270.5,271.0,269.5,271.0,51894.0
2026-09-03,TPEX,6804,明係,18.4,18.5,18.35,18.35,66167.0
2026-09-03,TPEX,6811,宏碁資訊,224.5,225.0,219.5,220.0,62467.0
2026-09-03,TPEX,6821,聯寶,42.5,42.75,41.2,41.4,74304.0
2026-09-03,TPEX,6823,濾能,61.2,61.2,59.4,59.5,147417.0
2026-09-03,TPEX,6829,千附精密,246.0,246.0,231.5,231.5,897412.0
2026-09-03,TPEX,6840,東研信超,92.3,97.1,90.1,90.1,465956.0
2026-09-03,TPEX,6841,長佳智能,54.1,54.1,52.7,52.7,284524.0
2026-09-03,TPEX,6843,進典,38.4,38.4,38.0,38.0,9296.0
2026-09-03,TPEX,6844,諾貝兒,59.9,60.0,59.8,60.0,19050.0
2026-09-03,TPEX,6846,綠茵,58.2,58.3,58.2,58.3,2094.0
2026-09-03,TPEX,6855,數泓科,,,,,105.0
2026-09-03,TPEX,6856,鑫傳,,,,,0.0
2026-09-03,TPEX,6859,伯特光,114.5,115.0,110.5,112.0,57385.0
2026-09-03,TPEX,6865,偉康科技,24.6,25.2,24.5,25.1,18195.0
2026-09-03,TPEX,6870,騰雲,292.0,296.5,281.0,288.0,94326.0
2026-09-03,TPEX,6872,浩宇生醫,16.5,16.9,16.3,16.9,260187.0
2026-09-03,TPEX,6874,倍力,73.2,73.8,70.1,70.1,134297.0
2026-09-03,TPEX,6875,國邑*,32.75,33.2,31.9,33.0,179665.0
2026-09-03,TPEX,6877,鏵友益,112.5,112.5,109.5,110.0,89096.0
2026-09-03,TPEX,6881,潤德,215.0,215.0,215.0,215.0,1440.0
2026-09-03,TPEX,6884,海柏特,29.5,29.5,29.35,29.45,10079.0
2026-09-03,TPEX,6894,衛司特,353.0,357.0,349.0,349.0,30901.0
2026-09-03,TPEX,6895,宏碩系統,162.0,162.5,153.0,153.0,108433.0
2026-09-03,TPEX,6899,創為精密,49.85,49.9,49.7,49.7,9020.0
2026-09-03,TPEX,6903,巨漢,311.0,315.5,305.5,305.5,235633.0
2026-09-03,TPEX,6904,伯鑫,,,,,15.0
2026-09-03,TPEX,6907,雅特力-KY,191.5,193.0,173.0,177.5,1558116.0
2026-09-03,TPEX,6910,德鴻,25.25,25.25,24.8,24.8,15005.0
2026-09-03,TPEX,6913,鴻呈,154.0,157.0,149.0,149.0,591645.0
2026-09-03,TPEX,6922,宸曜,208.0,210.0,201.0,201.0,159669.0
2026-09-03,TPEX,6925,意藍,50.5,50.5,50.0,50.0,7272.0
2026-09-03,TPEX,6929,佑全,22.3,22.4,22.05,22.4,8045.0
2026-09-03,TPEX,6945,圓祥生技,98.2,99.9,93.0,97.4,167148.0
2026-09-03,TPEX,6953,家碩,242.0,246.5,237.5,237.5,10981.0
2026-09-03,TPEX,6961,旅天下,50.0,50.2,49.95,50.0,51969.0
2026-09-03,TPEX,6967,汎瑋材料,72.2,72.2,69.3,69.3,129456.0
2026-09-03,TPEX,6968,萬達寵物,41.7,41.8,41.5,41.75,60219.0
2026-09-03,TPEX,6971,惠民實業,26.0,26.15,25.95,26.05,21301.0
2026-09-03,TPEX,6982,大井泵浦,47.3,47.95,47.3,47.65,10174.0
2026-09-03,TPEX,6983,華洋精機,356.5,361.0,351.0,358.0,69488.0
2026-09-03,TPEX,6986,和迅,42.2,42.65,40.5,41.5,45050.0
2026-09-03,TPEX,6996,力領科技,184.0,187.0,183.0,183.0,127407.0
2026-09-03,TPEX,6997,博弘,68.0,68.0,68.0,68.0,3001.0
2026-09-03,TPEX,7402,邑錡,106.0,108.5,103.0,103.0,540502.0
2026-09-03,TPEX,7547,碩網,50.5,50.6,50.5,50.6,2600.0
2026-09-03,TPEX,7556,意德士,252.5,252.5,245.0,245.0,34084.0
2026-09-03,TPEX,7584,樂意,26.3,27.2,25.6,26.5,7027.0
2026-09-03,TPEX,7642,昶瑞機電,77.0,77.7,76.2,76.2,8164.0
2026-09-03,TPEX,7703,銳澤,180.0,188.5,180.0,185.5,141294.0
2026-09-03,TPEX,7704,明遠精密,61.3,62.0,59.8,60.1,81502.0
2026-09-03,TPEX,7708,全家餐飲,91.8,92.0,91.8,91.9,8415.0
2026-09-03,TPEX,7709,榮田,75.2,75.2,70.3,70.3,59619.0
2026-09-03,TPEX,7712,博盛半導體,153.5,158.0,152.0,152.0,325351.0
2026-09-03,TPEX,7713,威力德生醫,73.8,74.0,73.8,74.0,20176.0
2026-09-03,TPEX,7714,創泓科技,163.5,166.0,160.0,160.0,283732.0
2026-09-03,TPEX,7715,裕山,29.0,29.05,28.9,28.9,31034.0
2026-09-03,TPEX,7716,昱臺國際,23.5,23.9,23.5,23.8,11000.0
2026-09-03,TPEX,7717,萊德光電-KY,425.0,429.5,409.0,409.0,136868.0
2026-09-03,TPEX,7718,友鋮,46.85,46.85,46.8,46.85,13000.0
2026-09-03,TPEX,7723,築間,18.9,19.0,18.8,18.8,17503.0
2026-09-03,TPEX,7728,光焱科技,675.0,678.0,636.0,639.0,34569.0
2026-09-03,TPEX,7734,印能科技,2805.0,2925.0,2710.0,2710.0,184341.0
2026-09-03,TPEX,7738,東聯互動,171.0,175.0,170.5,175.0,125445.0
2026-09-03,TPEX,7743,金利食安,21.3,21.9,21.2,21.8,76055.0
2026-09-03,TPEX,7744,崴寶,538.0,540.0,518.0,521.0,127251.0
2026-09-03,TPEX,7747,昕奇雲端,112.5,113.0,112.5,113.0,2200.0
2026-09-03,TPEX,7751,竑騰,1555.0,1590.0,1450.0,1465.0,501773.0
2026-09-03,TPEX,7753,星亞,36.35,36.8,36.2,36.3,25033.0
2026-09-03,TPEX,7757,金色三麥,,,,,620.0
2026-09-03,TPEX,7767,仁大資訊,45.0,45.0,44.9,44.95,10085.0
2026-09-03,TPEX,7770,君曜,35.85,35.85,34.95,35.75,6111.0
2026-09-03,TPEX,7772,耀穎,91.5,99.5,90.5,99.5,228003.0
2026-09-03,TPEX,7777,能率亞洲,39.25,39.4,38.05,38.05,1531193.0
2026-09-03,TPEX,7782,光速火箭,27.25,27.25,26.35,26.55,25029.0
2026-09-03,TPEX,7792,安葆,309.5,315.5,305.0,305.0,202889.0
2026-09-03,TPEX,7794,宏碁智新,28.4,28.45,28.4,28.4,12108.0
2026-09-03,TPEX,7805,威聯通,522.0,522.0,502.0,502.0,101545.0
2026-09-03,TPEX,7810,捷創科技,222.5,228.0,218.5,218.5,78587.0
2026-09-03,TPEX,7811,民盛,73.1,73.1,73.1,73.1,13000.0
2026-09-03,TPEX,7814,海昌生技,29.2,29.25,29.0,29.0,45419.0
2026-09-03,TPEX,7819,精誠金融,37.0,37.05,36.3,36.3,50718.0
2026-09-03,TPEX,7820,立盈,120.0,120.0,117.5,118.0,12123.0
2026-09-03,TPEX,7828,創新服務,1770.0,1855.0,1720.0,1755.0,234130.0
2026-09-03,TPEX,7839,達人網,44.45,44.45,44.3,44.3,5001.0
2026-09-03,TPEX,7842,天能綠電,100.0,101.0,97.3,98.9,20903.0
2026-09-03,TPEX,8024,佑華,12.9,12.9,12.7,12.9,54308.0
2026-09-03,TPEX,8027,鈦昇,184.0,192.5,176.5,177.0,5971713.0
2026-09-03,TPEX,8032,光菱,35.95,36.3,35.4,35.4,44516.0
2026-09-03,TPEX,8034,榮群,19.8,19.8,19.5,19.5,48061.0
2026-09-03,TPEX,8038,長園科,31.5,31.75,30.85,30.85,164326.0
2026-09-03,TPEX,8040,九暘,85.9,85.9,74.7,74.7,4761674.0
2026-09-03,TPEX,8042,金山電,113.0,113.5,100.0,100.5,6274761.0
2026-09-03,TPEX,8043,蜜望實,143.0,145.0,135.0,135.5,2264271.0
2026-09-03,TPEX,8044,網家,24.25,24.25,23.7,23.75,381700.0
2026-09-03,TPEX,8047,星雲,44.0,44.0,42.3,42.3,26000.0
2026-09-03,TPEX,8048,德勝,53.5,53.5,50.0,50.0,136156.0
2026-09-03,TPEX,8049,晶采,24.55,24.6,24.45,24.45,128222.0
2026-09-03,TPEX,8050,廣積,56.8,56.8,54.2,54.2,1920860.0
2026-09-03,TPEX,8054,安國,83.8,84.7,80.1,80.1,714819.0
2026-09-03,TPEX,8059,凱碩,13.6,13.6,13.3,13.3,98168.0
2026-09-03,TPEX,8064,東捷,105.5,114.5,101.5,102.0,12041542.0
2026-09-03,TPEX,8066,來思達,14.45,14.5,14.4,14.5,512515.0
2026-09-03,TPEX,8067,志旭,12.4,12.4,11.7,11.9,16000.0
2026-09-03,TPEX,8068,全達,17.0,17.1,16.8,16.85,48241.0
2026-09-03,TPEX,8069,元太,155.0,155.5,147.0,147.0,9631798.0
2026-09-03,TPEX,8071,能率網通,24.2,24.2,23.0,23.0,622587.0
2026-09-03,TPEX,8074,鉅橡,55.5,56.0,53.2,53.2,387249.0
2026-09-03,TPEX,8076,伍豐,22.35,22.5,21.9,21.9,1166820.0
2026-09-03,TPEX,8077,洛碁,45.5,45.75,43.8,43.8,20164.0
2026-09-03,TPEX,8080,泰霖,29.15,29.15,28.6,28.65,32204.0
2026-09-03,TPEX,8083,瑞穎,158.5,159.0,157.0,157.5,40206.0
2026-09-03,TPEX,8084,巨虹,49.0,49.0,45.6,47.35,465254.0
2026-09-03,TPEX,8085,福華,15.95,15.95,14.95,15.0,884061.0
2026-09-03,TPEX,8086,宏捷科,117.5,119.0,112.0,112.0,4417839.0
2026-09-03,TPEX,8087,麗升能源,26.45,26.7,26.2,26.7,11528.0
2026-09-03,TPEX,8088,品安,44.75,45.25,42.95,42.95,720672.0
2026-09-03,TPEX,8089,康全電訊,17.5,17.75,17.1,17.1,132015.0
2026-09-03,TPEX,8091,翔名,223.0,223.0,214.5,214.5,286134.0
2026-09-03,TPEX,8092,建暐,12.9,13.2,12.85,12.95,49008.0
2026-09-03,TPEX,8093,保銳,26.65,26.7,26.5,26.55,50062.0
2026-09-03,TPEX,8096,擎亞,111.0,115.5,104.0,104.0,4711969.0
2026-09-03,TPEX,8097,常珵,48.7,49.15,48.7,48.8,106005.0
2026-09-03,TPEX,8099,大世科,61.2,61.8,60.0,61.5,384322.0
2026-09-03,TPEX,8102,傑霖科技,65.0,65.0,65.0,65.0,5623.0
2026-09-03,TPEX,8107,大億金茂,12.35,12.6,12.3,12.35,25605.0
2026-09-03,TPEX,8109,博大,139.0,139.0,130.5,131.0,832227.0
2026-09-03,TPEX,8111,立碁,76.5,82.8,71.9,72.0,37962341.0
2026-09-03,TPEX,8121,越峰,27.7,27.7,26.85,26.85,452366.0
2026-09-03,TPEX,8147,正淩,126.0,131.5,124.0,126.5,162741.0
2026-09-03,TPEX,8155,博智,366.5,371.0,348.0,348.0,930232.0
2026-09-03,TPEX,8171,天宇,19.7,19.7,19.3,19.3,133754.0
2026-09-03,TPEX,8176,智捷,9.95,9.95,9.61,9.76,59898.0
2026-09-03,TPEX,8182,加高,40.4,40.75,38.0,38.0,701051.0
2026-09-03,TPEX,8183,精星,29.2,29.35,28.35,28.35,270811.0
2026-09-03,TPEX,8227,巨有科技,160.5,163.0,156.0,156.5,383873.0
2026-09-03,TPEX,8234,新漢,69.3,70.3,65.8,65.9,794677.0
2026-09-03,TPEX,8240,華宏,49.95,52.1,47.55,47.8,1351628.0
2026-09-03,TPEX,8255,朋程,148.0,150.5,145.0,145.0,290130.0
2026-09-03,TPEX,8272,全景軟體,64.0,64.0,63.4,63.5,5031.0
2026-09-03,TPEX,8277,商丞,7.75,8.15,7.75,7.99,206685.0
2026-09-03,TPEX,8279,生展,80.6,80.8,79.7,80.0,9240.0
2026-09-03,TPEX,8284,三竹,66.2,66.2,64.9,65.7,35043.0
2026-09-03,TPEX,8289,泰藝,47.2,47.7,44.0,44.2,560177.0
2026-09-03,TPEX,8291,尚茂,32.95,33.0,32.0,32.0,5212.0
2026-09-03,TPEX,8299,群聯,2085.0,2120.0,1990.0,2000.0,3441993.0
2026-09-03,TPEX,8342,益張,,,,,0.0
2026-09-03,TPEX,8349,恒耀,38.7,39.2,38.6,39.0,185853.0
2026-09-03,TPEX,8354,冠好,17.8,18.0,17.45,17.7,255811.0
2026-09-03,TPEX,8358,金居,513.0,514.0,470.0,470.0,7890805.0
2026-09-03,TPEX,8383,千附,66.4,66.5,64.2,64.2,976948.0
2026-09-03,TPEX,8390,金益鼎,97.7,98.2,97.1,97.1,170066.0
2026-09-03,TPEX,8401,白紗科,22.9,22.9,22.8,22.8,3140.0
2026-09-03,TPEX,8403,盛弘,18.95,19.1,18.95,19.0,67806.0
2026-09-03,TPEX,8409,商之器,18.15,18.15,18.05,18.05,11023.0
2026-09-03,TPEX,8410,森田,30.45,30.5,30.45,30.5,4139.0
2026-09-03,TPEX,8415,大國鋼,37.5,37.8,37.3,37.35,519608.0
2026-09-03,TPEX,8416,實威,,,,,160.0
2026-09-03,TPEX,8421,旭源,12.95,13.3,12.7,12.8,218583.0
2026-09-03,TPEX,8423,保綠-KY,18.15,18.3,18.15,18.15,31501.0
2026-09-03,TPEX,8424,惠普,68.8,68.8,68.8,68.8,7579.0
2026-09-03,TPEX,8426,紅木-KY,21.1,21.1,20.65,20.65,11000.0
2026-09-03,TPEX,8431,匯鑽科,59.1,65.7,58.7,63.7,7695037.0
2026-09-03,TPEX,8432,東生華,50.6,50.8,50.3,50.3,58064.0
2026-09-03,TPEX,8433,弘帆,55.2,55.2,54.5,54.7,17277.0
2026-09-03,TPEX,8435,鉅邁,53.5,53.7,53.1,53.4,6162.0
2026-09-03,TPEX,8436,大江,114.0,115.0,112.0,112.0,815204.0
2026-09-03,TPEX,8437,大地-KY,9.19,9.28,9.19,9.21,5076.0
2026-09-03,TPEX,8440,綠電,20.05,20.1,19.8,20.05,63876.0
2026-09-03,TPEX,8444,綠河-KY,4.6,4.6,4.5,4.6,4000.0
2026-09-03,TPEX,8446,華研,85.2,85.6,85.2,85.6,59368.0
2026-09-03,TPEX,8450,霹靂,14.4,14.5,14.2,14.5,35612.0
2026-09-03,TPEX,8455,大拓-KY,23.55,23.55,22.5,22.5,2000.0
2026-09-03,TPEX,8472,夠麻吉,67.0,68.0,67.0,68.0,8200.0
2026-09-03,TPEX,8477,創業家,15.3,15.3,15.3,15.3,1002.0
2026-09-03,TPEX,8489,三貝德,21.8,21.95,21.8,21.9,47218.0
2026-09-03,TPEX,8905,裕國,34.0,34.25,34.0,34.2,7912.0
2026-09-03,TPEX,8906,花王,28.7,29.6,28.7,29.35,64063.0
2026-09-03,TPEX,8908,欣雄,40.45,40.5,39.8,39.95,42480.0
2026-09-03,TPEX,8916,光隆,41.25,41.3,40.95,40.95,27644.0
2026-09-03,TPEX,8917,欣泰,52.6,52.6,52.2,52.5,44105.0
2026-09-03,TPEX,8921,沈氏,16.6,16.6,16.3,16.3,2011.0
2026-09-03,TPEX,8923,時報,,,,,184.0
2026-09-03,TPEX,8924,大田,50.2,50.3,50.0,50.3,99224.0
2026-09-03,TPEX,8927,北基,19.55,19.75,19.4,19.5,82000.0
2026-09-03,TPEX,8928,鉅明,24.7,24.75,24.45,24.75,11030.0
2026-09-03,TPEX,8929,富堡,13.1,13.1,13.1,13.1,3689.0
2026-09-03,TPEX,8930,青鋼,30.0,30.1,30.0,30.1,12188.0
2026-09-03,TPEX,8931,大汽電,41.15,41.15,40.9,40.95,20479.0
2026-09-03,TPEX,8932,智通*,90.8,92.4,89.7,89.7,1783966.0
2026-09-03,TPEX,8933,愛地雅,4.68,4.68,4.5,4.66,37097.0
2026-09-03,TPEX,8935,邦泰,17.75,18.15,17.75,18.0,88332.0
2026-09-03,TPEX,8936,國統,51.2,51.2,50.3,50.3,1092513.0
2026-09-03,TPEX,8937,合騏*,30.0,30.4,29.05,29.1,146720.0
2026-09-03,TPEX,8938,明安,51.0,51.0,50.7,50.8,103684.0
2026-09-03,TPEX,8941,關中,44.0,44.0,43.8,43.8,2361.0
2026-09-03,TPEX,8942,森鉅,42.2,42.9,42.2,42.5,298026.0
2026-09-03,TPEX,9949,琉園,24.0,24.2,24.0,24.2,12143.0
2026-09-03,TPEX,9950,萬國通,10.25,10.4,10.25,10.3,43000.0
2026-09-03,TPEX,9951,皇田,50.4,50.7,50.3,50.6,173734.0
2026-09-03,TPEX,9960,邁達康,29.1,30.25,29.05,30.25,3175.0
2026-09-03,TPEX,9962,有益,10.3,10.35,10.15,10.3,35553.0
