date,market,stock_id,name,open,high,low,close,volume
2026-10-06,TWSE,1101,台泥,25.75,25.75,25.3,25.35,25248148.0
2026-10-06,TWSE,1102,亞泥,35.5,35.7,35.35,35.6,4911440.0
2026-10-06,TWSE,1103,嘉泥,13.1,13.2,13.1,13.2,150592.0
2026-10-06,TWSE,1104,環泥,26.6,26.65,26.55,26.55,315662.0
2026-10-06,TWSE,1108,幸福,11.2,11.2,11.1,11.15,149265.0
2026-10-06,TWSE,1109,信大,13.3,13.3,13.25,13.25,91141.0
2026-10-06,TWSE,1110,東泥,14.55,14.65,14.25,14.35,275591.0
2026-10-06,TWSE,1201,味全,11.6,11.6,11.5,11.55,328988.0
2026-10-06,TWSE,1203,味王,42.8,43.3,42.8,42.9,21416.0
2026-10-06,TWSE,1210,大成,51.6,51.7,51.4,51.5,936983.0
2026-10-06,TWSE,1213,大飲,7.3,7.3,7.05,7.08,7002.0
2026-10-06,TWSE,1215,卜蜂,105.5,105.5,104.5,105.0,421935.0
2026-10-06,TWSE,1216,統一,73.7,73.8,72.6,72.7,19541612.0
2026-10-06,TWSE,1217,愛之味,9.92,9.95,9.92,9.94,321085.0
2026-10-06,TWSE,1218,泰山,14.5,14.5,14.35,14.45,447366.0
2026-10-06,TWSE,1219,福壽,11.4,11.45,11.35,11.4,177413.0
2026-10-06,TWSE,1220,台榮,10.9,10.9,10.75,10.8,51236.0
2026-10-06,TWSE,1225,福懋油,24.2,24.25,24.2,24.2,35120.0
2026-10-06,TWSE,1227,佳格,28.0,28.1,27.9,27.95,658843.0
2026-10-06,TWSE,1229,聯華,40.25,40.3,39.85,40.0,2092675.0
2026-10-06,TWSE,1231,聯華食,79.4,79.7,79.1,79.3,253319.0
2026-10-06,TWSE,1232,大統益,153.0,154.5,153.0,153.5,49914.0
2026-10-06,TWSE,1233,天仁,27.9,28.0,27.9,28.0,4155.0
2026-10-06,TWSE,1234,黑松,32.8,32.8,32.55,32.65,171068.0
2026-10-06,TWSE,1235,興泰,32.55,32.6,31.7,31.7,48774.0
2026-10-06,TWSE,1236,宏亞,25.4,25.6,25.4,25.55,33326.0
2026-10-06,TWSE,1256,鮮活果汁-KY,167.5,168.5,167.5,168.0,22760.0
2026-10-06,TWSE,1301,台塑,67.0,69.6,66.8,68.3,33115055.0
2026-10-06,TWSE,1303,南亞,253.0,261.0,251.5,260.0,42323575.0
2026-10-06,TWSE,1304,台聚,12.45,12.85,12.45,12.7,3202927.0
2026-10-06,TWSE,1305,華夏,12.3,12.6,12.25,12.55,2763729.0
2026-10-06,TWSE,1307,三芳,31.45,31.45,31.05,31.3,340530.0
2026-10-06,TWSE,1308,亞聚,14.2,14.55,14.2,14.45,1686204.0
2026-10-06,TWSE,1309,台達化,13.75,14.4,13.7,14.3,3937987.0
2026-10-06,TWSE,1310,台苯,9.03,9.72,9.03,9.61,7764239.0
2026-10-06,TWSE,1312,國喬,14.6,14.9,14.55,14.75,7046669.0
2026-10-06,TWSE,1313,聯成,12.6,12.9,12.45,12.65,7886270.0
2026-10-06,TWSE,1314,中石化,8.83,9.03,8.82,8.95,32391130.0
2026-10-06,TWSE,1315,達新,68.8,68.8,68.4,68.6,22991.0
2026-10-06,TWSE,1316,上曜,10.55,10.6,10.4,10.55,1398097.0
2026-10-06,TWSE,1319,東陽,78.2,78.4,77.7,78.1,1417606.0
2026-10-06,TWSE,1321,大洋,32.5,32.5,32.1,32.35,41000.0
2026-10-06,TWSE,1323,永裕,21.25,21.5,21.25,21.25,59138.0
2026-10-06,TWSE,1324,地球,10.0,10.0,9.9,9.91,83813.0
2026-10-06,TWSE,1325,恆大,25.7,26.05,25.65,25.95,114436.0
2026-10-06,TWSE,1326,台化,68.8,72.6,68.2,71.7,56653992.0
2026-10-06,TWSE,1337,再生-KY,4.46,4.48,4.4,4.43,169880.0
2026-10-06,TWSE,1338,廣華-KY,14.9,15.25,14.85,15.2,61429.0
2026-10-06,TWSE,1339,昭輝,42.8,42.8,41.9,42.5,85124.0
2026-10-06,TWSE,1340,勝悅-KY,5.17,5.21,5.16,5.21,92536.0
2026-10-06,TWSE,1341,富林-KY,59.0,59.0,59.0,59.0,4093.0
2026-10-06,TWSE,1342,八貫,99.8,100.5,99.8,100.0,85164.0
2026-10-06,TWSE,1402,遠東新,27.85,28.15,27.85,28.05,4746737.0
2026-10-06,TWSE,1409,新纖,24.4,25.2,24.3,24.95,11973583.0
2026-10-06,TWSE,1410,南染,24.05,24.3,23.95,23.95,58572.0
2026-10-06,TWSE,1413,宏洲,9.08,9.23,9.08,9.23,4862.0
2026-10-06,TWSE,1414,東和,17.45,17.45,17.1,17.25,234171.0
2026-10-06,TWSE,1416,廣豐,11.7,11.85,11.55,11.85,604236.0
2026-10-06,TWSE,1417,嘉裕,8.07,8.14,8.07,8.13,128136.0
2026-10-06,TWSE,1418,東華,18.5,18.6,18.4,18.4,43271.0
2026-10-06,TWSE,1419,新紡,65.4,66.0,65.3,65.6,49208.0
2026-10-06,TWSE,1423,利華,34.3,34.3,34.3,34.3,1618.0
2026-10-06,TWSE,1432,大魯閣,15.05,15.05,14.9,14.95,87677.0
2026-10-06,TWSE,1434,福懋,17.9,18.3,17.9,18.2,2191578.0
2026-10-06,TWSE,1435,中福,21.35,21.6,21.35,21.55,7056.0
2026-10-06,TWSE,1436,華友聯,35.35,35.4,35.15,35.35,112539.0
2026-10-06,TWSE,1437,勤益控,31.65,31.9,31.5,31.55,68563.0
2026-10-06,TWSE,1438,三地開發,21.35,21.7,21.3,21.4,26351.0
2026-10-06,TWSE,1439,雋揚,28.1,29.3,28.1,29.0,7533.0
2026-10-06,TWSE,1440,南紡,13.4,13.55,13.3,13.3,2259795.0
2026-10-06,TWSE,1441,大東,9.87,9.87,9.82,9.82,16021.0
2026-10-06,TWSE,1442,名軒,26.5,27.05,26.4,26.7,339864.0
2026-10-06,TWSE,1443,立益物流,23.0,23.4,22.85,22.85,17061.0
2026-10-06,TWSE,1444,力麗,6.88,6.94,6.88,6.92,699057.0
2026-10-06,TWSE,1445,大宇,10.1,10.1,10.0,10.0,60064.0
2026-10-06,TWSE,1446,宏和,13.35,13.4,13.3,13.4,139266.0
2026-10-06,TWSE,1447,力鵬,6.51,6.56,6.45,6.54,608327.0
2026-10-06,TWSE,1449,佳和,12.3,12.5,12.3,12.35,170145.0
2026-10-06,TWSE,1451,年興,16.9,17.1,16.9,17.05,110707.0
2026-10-06,TWSE,1452,宏益,10.8,10.8,10.7,10.7,41069.0
2026-10-06,TWSE,1453,大將,10.85,10.95,10.85,10.95,25165.0
2026-10-06,TWSE,1454,台富,12.1,12.25,12.05,12.1,46413.0
2026-10-06,TWSE,1455,集盛,9.83,10.05,9.81,10.0,1197742.0
2026-10-06,TWSE,1456,怡華,14.7,15.1,14.6,15.1,165565.0
2026-10-06,TWSE,1457,宜進,14.3,14.35,14.25,14.35,61701.0
2026-10-06,TWSE,1459,聯發,17.0,18.7,17.0,18.7,1105002.0
2026-10-06,TWSE,1460,宏遠,6.23,6.24,6.19,6.2,264301.0
2026-10-06,TWSE,1463,強盛新,17.4,17.45,17.25,17.45,19317.0
2026-10-06,TWSE,1464,得力,9.98,10.05,9.97,9.99,150192.0
2026-10-06,TWSE,1465,偉全,11.65,11.65,11.55,11.65,28536.0
2026-10-06,TWSE,1466,聚隆,14.7,14.75,14.5,14.55,160419.0
2026-10-06,TWSE,1467,南緯,7.89,8.73,7.89,8.62,1799273.0
2026-10-06,TWSE,1468,昶和,13.15,13.4,13.05,13.2,42000.0
2026-10-06,TWSE,1470,大統新創,24.1,24.5,23.95,24.5,9000.0
2026-10-06,TWSE,1471,首利,9.41,9.47,9.38,9.43,120432.0
2026-10-06,TWSE,1472,三洋實業,88.8,89.9,87.2,87.5,118236.0
2026-10-06,TWSE,1473,台南,19.2,19.2,19.15,19.15,132509.0
2026-10-06,TWSE,1474,弘裕,9.96,10.05,9.95,9.98,93677.0
2026-10-06,TWSE,1475,業旺,26.45,26.45,26.1,26.1,18207.0
2026-10-06,TWSE,1476,儒鴻,276.5,279.0,275.0,278.0,865971.0
2026-10-06,TWSE,1477,聚陽,190.5,192.5,189.5,192.0,666551.0
2026-10-06,TWSE,1503,士電,197.0,198.5,195.5,197.0,689817.0
2026-10-06,TWSE,1504,東元,69.2,70.0,68.7,69.7,3548122.0
2026-10-06,TWSE,1506,正道,9.45,9.95,9.45,9.81,374152.0
2026-10-06,TWSE,1512,瑞利,6.35,6.35,6.17,6.17,48236.0
2026-10-06,TWSE,1513,中興電,166.5,167.5,164.5,167.5,1860658.0
2026-10-06,TWSE,1514,亞力,102.0,103.0,101.0,102.5,776242.0
2026-10-06,TWSE,1515,力山,29.45,29.45,29.0,29.2,486543.0
2026-10-06,TWSE,1516,川飛,13.35,13.35,13.2,13.3,25681.0
2026-10-06,TWSE,1517,利奇,10.35,10.4,10.3,10.35,146787.0
2026-10-06,TWSE,1519,華城,687.0,704.0,681.0,692.0,1180606.0
2026-10-06,TWSE,1521,大億,25.9,26.05,25.8,25.8,32061.0
2026-10-06,TWSE,1522,堤維西,26.2,26.35,26.15,26.2,268213.0
2026-10-06,TWSE,1524,耿鼎,26.05,26.05,25.8,25.85,307513.0
2026-10-06,TWSE,1525,江申,63.4,63.7,63.4,63.7,6433.0
2026-10-06,TWSE,1526,日馳,15.0,15.2,14.9,15.0,39295.0
2026-10-06,TWSE,1527,鑽全,32.8,33.05,32.8,33.0,213901.0
2026-10-06,TWSE,1528,恩德,25.05,25.15,24.55,24.75,2855598.0
2026-10-06,TWSE,1529,樂事綠能,15.65,16.25,15.65,16.05,725209.0
2026-10-06,TWSE,1530,亞崴,26.65,26.8,26.55,26.65,36211.0
2026-10-06,TWSE,1531,高林股,11.6,11.6,11.5,11.5,46790.0
2026-10-06,TWSE,1532,勤美,22.2,22.2,21.95,22.1,473423.0
2026-10-06,TWSE,1533,車王電,30.55,30.6,30.35,30.5,45632.0
2026-10-06,TWSE,1535,中宇,45.8,45.8,45.25,45.3,26914.0
2026-10-06,TWSE,1536,和大,46.65,46.7,46.45,46.65,424060.0
2026-10-06,TWSE,1537,廣隆,114.0,114.5,113.5,114.5,108394.0
2026-10-06,TWSE,1538,正峰,7.98,8.46,7.81,7.9,10231.0
2026-10-06,TWSE,1539,巨庭,15.65,15.7,15.55,15.65,10042.0
2026-10-06,TWSE,1540,喬福,19.35,19.35,19.15,19.15,125151.0
2026-10-06,TWSE,1541,錩泰,20.75,20.95,20.55,20.85,21063.0
2026-10-06,TWSE,1558,伸興,111.5,112.5,111.0,111.5,98698.0
2026-10-06,TWSE,1560,中砂,1005.0,1030.0,993.0,1015.0,1570824.0
2026-10-06,TWSE,1563,巧新,76.1,78.0,76.0,76.3,413872.0
2026-10-06,TWSE,1568,倉佑,32.25,32.8,32.05,32.05,264348.0
2026-10-06,TWSE,1582,信錦,71.1,71.9,71.1,71.9,338419.0
2026-10-06,TWSE,1583,程泰,46.5,46.55,45.8,45.85,34710.0
2026-10-06,TWSE,1587,吉茂,23.85,24.05,23.8,23.85,53872.0
2026-10-06,TWSE,1590,亞德客-KY,1185.0,1190.0,1150.0,1180.0,1257607.0
2026-10-06,TWSE,1597,直得,155.5,155.5,146.5,148.0,3289271.0
2026-10-06,TWSE,1598,岱宇,20.45,20.55,20.4,20.5,130996.0
2026-10-06,TWSE,1603,華電,30.65,30.75,30.45,30.6,129430.0
2026-10-06,TWSE,1604,聲寶,23.3,23.4,23.25,23.25,196883.0
2026-10-06,TWSE,1605,華新,38.35,39.5,38.35,38.75,29963296.0
2026-10-06,TWSE,1608,華榮,36.0,36.4,35.8,36.25,1351450.0
2026-10-06,TWSE,1609,大亞,38.65,39.0,38.05,38.55,2911262.0
2026-10-06,TWSE,1611,中電,11.4,11.45,11.35,11.35,375267.0
2026-10-06,TWSE,1612,宏泰,35.1,35.5,35.1,35.2,325301.0
2026-10-06,TWSE,1614,三洋電,31.05,31.05,30.95,31.0,49357.0
2026-10-06,TWSE,1615,大山,42.65,42.65,42.25,42.5,59159.0
2026-10-06,TWSE,1616,億泰,18.3,18.65,18.3,18.55,183757.0
2026-10-06,TWSE,1617,榮星,24.8,25.25,24.0,24.1,2899566.0
2026-10-06,TWSE,1618,合機,38.8,39.25,38.65,39.15,343760.0
2026-10-06,TWSE,1623,大東電,199.0,200.0,198.0,198.5,42488.0
2026-10-06,TWSE,1626,艾美特-KY,9.58,9.8,9.58,9.65,59925.0
2026-10-06,TWSE,1702,南僑,33.3,33.3,33.0,33.15,105323.0
2026-10-06,TWSE,1707,葡萄王,85.5,85.5,85.1,85.2,164270.0
2026-10-06,TWSE,1708,東鹼,53.9,56.9,53.9,56.2,11141339.0
2026-10-06,TWSE,1709,和益,55.5,58.5,54.7,58.5,33307380.0
2026-10-06,TWSE,1710,東聯,17.0,17.8,16.9,17.15,8257693.0
2026-10-06,TWSE,1711,永光,40.65,43.7,40.5,43.0,11775512.0
2026-10-06,TWSE,1712,興農,39.6,39.85,39.6,39.8,300337.0
2026-10-06,TWSE,1713,國化,42.35,42.85,42.35,42.7,89627.0
2026-10-06,TWSE,1714,和桐,16.2,17.45,16.2,16.85,17662469.0
2026-10-06,TWSE,1717,長興,74.0,76.0,73.7,74.2,12620953.0
2026-10-06,TWSE,1718,中纖,10.6,10.85,10.6,10.75,10159044.0
2026-10-06,TWSE,1720,生達,56.1,56.1,55.8,56.0,142978.0
2026-10-06,TWSE,1721,國慶科技,26.45,28.0,26.2,27.35,4630528.0
2026-10-06,TWSE,1722,台肥,41.15,41.3,41.05,41.15,1659085.0
2026-10-06,TWSE,1723,中碳,79.7,80.9,79.7,80.4,295906.0
2026-10-06,TWSE,1725,元禎,32.75,34.45,32.75,33.85,124234.0
2026-10-06,TWSE,1726,永記,76.3,76.5,76.1,76.2,28230.0
2026-10-06,TWSE,1727,中華化,111.0,123.0,111.0,123.0,35901281.0
2026-10-06,TWSE,1730,花仙子,51.3,51.3,51.2,51.2,18685.0
2026-10-06,TWSE,1731,美吾華,20.75,20.9,20.75,20.8,69832.0
2026-10-06,TWSE,1732,毛寶,26.0,26.1,25.95,26.1,58313.0
2026-10-06,TWSE,1733,五鼎,29.5,30.25,29.5,30.25,123350.0
2026-10-06,TWSE,1734,杏輝,31.8,32.2,31.8,32.1,158011.0
2026-10-06,TWSE,1735,日勝化,20.15,22.15,20.15,22.15,356656.0
2026-10-06,TWSE,1736,喬山,127.5,127.5,123.0,123.5,733151.0
2026-10-06,TWSE,1737,臺鹽,30.0,30.1,30.0,30.0,114492.0
2026-10-06,TWSE,1752,南光,31.4,31.55,31.35,31.45,28198.0
2026-10-06,TWSE,1760,寶齡富錦,54.1,54.6,54.0,54.6,58808.0
2026-10-06,TWSE,1762,中化生,33.6,33.8,33.45,33.75,47483.0
2026-10-06,TWSE,1773,勝一,167.5,172.0,167.5,170.5,728973.0
2026-10-06,TWSE,1776,展宇,18.05,18.45,18.0,18.25,76962.0
2026-10-06,TWSE,1783,和康生,36.8,37.25,36.8,37.05,20835.0
2026-10-06,TWSE,1786,科妍,43.4,43.4,42.65,42.7,133040.0
2026-10-06,TWSE,1789,神隆,18.8,18.8,18.45,18.6,416118.0
2026-10-06,TWSE,1795,美時,177.5,177.5,175.5,176.0,610648.0
2026-10-06,TWSE,1802,台玻,58.8,59.8,58.5,59.5,12062573.0
2026-10-06,TWSE,1805,寶徠,10.0,10.05,9.97,9.98,99292.0
2026-10-06,TWSE,1806,冠軍,7.9,7.97,7.87,7.91,112608.0
2026-10-06,TWSE,1808,潤隆,31.55,31.9,31.55,31.6,368724.0
2026-10-06,TWSE,1809,中釉,45.55,48.8,45.55,47.55,11390862.0
2026-10-06,TWSE,1810,和成,24.0,24.0,23.7,23.95,1196051.0
2026-10-06,TWSE,1817,凱撒衛,40.0,40.0,39.75,39.85,11057.0
2026-10-06,TWSE,1903,士紙,47.15,47.65,47.15,47.35,48674.0
2026-10-06,TWSE,1904,正隆,24.05,24.3,23.85,24.2,1110300.0
2026-10-06,TWSE,1905,華紙,12.8,12.9,12.7,12.85,1196092.0
2026-10-06,TWSE,1906,寶隆,10.8,10.8,10.65,10.65,66390.0
2026-10-06,TWSE,1907,永豐餘,28.0,28.15,27.65,27.9,1312879.0
2026-10-06,TWSE,1909,榮成,10.1,10.2,10.1,10.1,1620404.0
2026-10-06,TWSE,2002,中鋼,18.9,19.1,18.9,19.0,21124095.0
2026-10-06,TWSE,2006,東和鋼鐵,85.0,86.7,85.0,86.6,1100589.0
2026-10-06,TWSE,2007,燁興,7.0,7.0,6.91,7.0,141935.0
2026-10-06,TWSE,2008,高興昌,30.65,30.65,30.5,30.5,8317.0
2026-10-06,TWSE,2009,第一銅,39.3,39.7,39.05,39.3,760206.0
2026-10-06,TWSE,2010,春源,22.55,22.7,22.45,22.55,533716.0
2026-10-06,TWSE,2012,春雨,14.25,14.25,14.2,14.2,24841.0
2026-10-06,TWSE,2013,中鋼構,41.15,41.6,41.15,41.4,33007.0
2026-10-06,TWSE,2014,中鴻,17.3,17.3,17.05,17.1,1520901.0
2026-10-06,TWSE,2015,豐興,64.2,64.2,63.7,63.8,199291.0
2026-10-06,TWSE,2017,官田鋼,9.09,9.09,8.98,9.03,254004.0
2026-10-06,TWSE,2020,美亞,26.0,27.8,25.1,26.9,7080440.0
2026-10-06,TWSE,2022,聚亨,7.34,7.35,7.23,7.31,300624.0
2026-10-06,TWSE,2023,燁輝,13.75,14.0,13.75,13.9,1588195.0
2026-10-06,TWSE,2024,志聯,12.95,13.25,12.95,13.25,25046.0
2026-10-06,TWSE,2025,千興,13.95,14.55,13.95,14.3,1807131.0
2026-10-06,TWSE,2027,大成鋼,48.1,48.6,47.9,48.05,6962195.0
2026-10-06,TWSE,2028,威致,16.6,16.9,16.3,16.85,118121.0
2026-10-06,TWSE,2029,盛餘,22.05,22.5,21.9,22.3,421708.0
2026-10-06,TWSE,2030,彰源,38.15,39.2,37.95,38.4,10265128.0
2026-10-06,TWSE,2031,新光鋼,46.1,47.15,46.1,46.65,815316.0
2026-10-06,TWSE,2032,新鋼,19.6,20.35,19.3,20.05,2800552.0
2026-10-06,TWSE,2033,佳大,51.2,51.2,51.2,51.2,1044136.0
2026-10-06,TWSE,2034,允強,23.9,24.5,23.7,24.0,5400624.0
2026-10-06,TWSE,2038,海光,12.95,13.1,12.9,12.95,255303.0
2026-10-06,TWSE,2049,上銀,337.5,339.0,331.0,332.5,1577341.0
2026-10-06,TWSE,2059,川湖,12000.0,12295.0,11700.0,12145.0,500503.0
2026-10-06,TWSE,2062,橋椿,18.0,18.1,18.0,18.0,117000.0
2026-10-06,TWSE,2069,運錩,25.7,26.7,25.5,25.95,1068140.0
2026-10-06,TWSE,2072,世紀風電,134.0,134.0,132.0,133.0,118437.0
2026-10-06,TWSE,2101,南港,29.65,29.65,29.1,29.3,3700548.0
2026-10-06,TWSE,2102,泰豐,16.75,16.85,16.7,16.75,229380.0
2026-10-06,TWSE,2103,台橡,28.1,29.0,27.9,28.15,4869851.0
2026-10-06,TWSE,2104,國際中橡,10.95,11.25,10.95,11.0,1846415.0
2026-10-06,TWSE,2105,正新,30.6,30.6,30.35,30.45,3763944.0
2026-10-06,TWSE,2106,建大,16.55,16.7,16.55,16.65,349369.0
2026-10-06,TWSE,2107,厚生,26.8,27.05,26.7,26.95,217200.0
2026-10-06,TWSE,2108,南帝,28.3,28.65,28.25,28.25,433044.0
2026-10-06,TWSE,2109,華豐,14.4,14.5,14.25,14.35,139792.0
2026-10-06,TWSE,2114,鑫永銓,90.0,90.0,89.8,90.0,24883.0
2026-10-06,TWSE,2115,六暉-KY,23.75,24.05,23.75,23.9,10019.0
2026-10-06,TWSE,2201,裕隆,29.15,29.2,28.65,28.65,5164307.0
2026-10-06,TWSE,2204,中華,52.1,52.1,51.7,51.7,999588.0
2026-10-06,TWSE,2206,三陽工業,62.5,62.9,62.3,62.8,274134.0
2026-10-06,TWSE,2207,和泰車,511.0,519.0,511.0,513.0,313733.0
2026-10-06,TWSE,2208,台船,18.9,18.95,18.75,18.85,1969954.0
2026-10-06,TWSE,2211,長榮鋼,79.2,79.9,79.1,79.4,347982.0
2026-10-06,TWSE,2227,裕日車,44.15,45.0,44.15,44.4,18752.0
2026-10-06,TWSE,2228,劍麟,75.7,76.3,74.6,74.9,79932.0
2026-10-06,TWSE,2231,為升,92.9,92.9,92.2,92.2,137927.0
2026-10-06,TWSE,2233,宇隆,167.5,172.0,167.5,170.0,243033.0
2026-10-06,TWSE,2236,百達-KY,107.5,108.5,105.0,107.5,570594.0
2026-10-06,TWSE,2237,華德動能-創,26.75,27.05,26.75,26.8,27577.0
2026-10-06,TWSE,2239,英利-KY,18.85,19.05,18.65,18.95,23164.0
2026-10-06,TWSE,2241,艾姆勒,44.05,45.7,43.4,43.75,2571955.0
2026-10-06,TWSE,2243,宏旭-KY,52.7,54.5,52.0,52.8,333277.0
2026-10-06,TWSE,2247,汎德永業,225.5,227.0,225.0,227.0,32971.0
2026-10-06,TWSE,2248,華勝-KY,60.6,61.0,60.6,61.0,20056.0
2026-10-06,TWSE,2250,IKKA-KY,55.7,56.5,55.7,55.8,96347.0
2026-10-06,TWSE,2254,巨鎧精密-創,94.3,95.0,92.6,94.3,2135259.0
2026-10-06,TWSE,2258,鴻華先進-創,31.5,31.75,31.0,31.0,541697.0
2026-10-06,TWSE,2301,光寶科,283.5,285.0,280.5,281.5,7078006.0
2026-10-06,TWSE,2302,麗正,46.5,47.9,45.7,46.5,4674132.0
2026-10-06,TWSE,2303,聯電,159.0,162.5,157.5,161.5,100339050.0
2026-10-06,TWSE,2305,全友,59.7,61.6,55.8,60.2,20455039.0
2026-10-06,TWSE,2308,台達電,1895.0,1915.0,1880.0,1885.0,6064409.0
2026-10-06,TWSE,2312,金寶,31.0,31.1,30.75,30.85,5879296.0
2026-10-06,TWSE,2313,華通,225.0,228.0,224.0,226.0,8635843.0
2026-10-06,TWSE,2314,台揚,11.2,11.2,10.95,11.0,168275.0
2026-10-06,TWSE,2316,楠梓電,167.0,171.5,165.5,170.5,2945458.0
2026-10-06,TWSE,2317,鴻海,253.0,253.0,250.5,251.0,30466967.0
2026-10-06,TWSE,2321,東訊,25.65,25.85,25.65,25.85,39872.0
2026-10-06,TWSE,2324,仁寶,36.7,36.75,36.2,36.2,35135273.0
2026-10-06,TWSE,2327,國巨*,604.0,647.0,598.0,626.0,106667349.0
2026-10-06,TWSE,2328,廣宇,47.8,48.0,47.25,47.95,1295287.0
2026-10-06,TWSE,2329,華泰,44.6,45.2,44.5,45.0,3082944.0
2026-10-06,TWSE,2330,台積電,2505.0,2515.0,2495.0,2500.0,15792206.0
2026-10-06,TWSE,2331,精英,19.1,19.1,18.9,19.05,490150.0
2026-10-06,TWSE,2332,友訊,20.25,20.45,20.15,20.45,4314727.0
2026-10-06,TWSE,2337,旺宏,122.5,123.0,121.0,122.0,19636645.0
2026-10-06,TWSE,2338,光罩,47.8,50.2,47.55,49.65,15644706.0
2026-10-06,TWSE,2340,台亞,45.0,47.2,43.7,45.75,41777299.0
2026-10-06,TWSE,2342,茂矽,49.35,52.5,48.5,51.3,15524775.0
2026-10-06,TWSE,2344,華邦電,182.5,184.0,177.5,179.0,74491648.0
2026-10-06,TWSE,2345,智邦,1955.0,1980.0,1920.0,1965.0,5328800.0
2026-10-06,TWSE,2347,聯強,96.4,98.0,96.0,97.1,3426763.0
2026-10-06,TWSE,2348,海悅,70.4,70.8,70.0,70.6,160769.0
2026-10-06,TWSE,2349,錸德,10.45,10.55,10.35,10.5,1128636.0
2026-10-06,TWSE,2351,順德,213.0,216.0,210.5,211.5,3165920.0
2026-10-06,TWSE,2352,佳世達,29.05,29.45,28.9,29.2,3067011.0
2026-10-06,TWSE,2353,宏碁,31.85,31.9,31.3,31.4,13319795.0
2026-10-06,TWSE,2354,鴻準,66.0,66.0,64.9,65.7,8981747.0
2026-10-06,TWSE,2355,敬鵬,41.3,43.45,41.3,43.3,4145813.0
2026-10-06,TWSE,2356,英業達,59.9,59.9,59.0,59.0,11624754.0
2026-10-06,TWSE,2357,華碩,965.0,969.0,959.0,962.0,1166554.0
2026-10-06,TWSE,2359,所羅門,128.0,129.0,127.5,128.5,1036629.0
2026-10-06,TWSE,2360,致茂,2145.0,2225.0,2135.0,2190.0,3514487.0
2026-10-06,TWSE,2362,藍天,46.4,46.85,46.4,46.65,333270.0
2026-10-06,TWSE,2363,矽統,59.8,63.5,59.3,62.4,15579464.0
2026-10-06,TWSE,2364,倫飛,65.7,66.5,65.4,65.5,130790.0
2026-10-06,TWSE,2365,昆盈,28.2,28.4,28.0,28.4,536724.0
2026-10-06,TWSE,2367,燿華,43.55,45.35,43.05,45.15,7376988.0
2026-10-06,TWSE,2368,金像電,1100.0,1120.0,1085.0,1105.0,7170519.0
2026-10-06,TWSE,2369,菱生,31.75,32.3,31.65,31.95,3431170.0
2026-10-06,TWSE,2371,大同,30.5,31.2,30.15,31.1,18900562.0
2026-10-06,TWSE,2373,震旦行,52.9,52.9,52.4,52.4,35662.0
2026-10-06,TWSE,2374,佳能,66.6,67.2,66.3,67.1,1054100.0
2026-10-06,TWSE,2375,凱美,124.0,129.0,123.0,126.0,5894540.0
2026-10-06,TWSE,2376,技嘉,370.0,388.0,368.0,373.5,9164965.0
2026-10-06,TWSE,2377,微星,153.5,155.0,152.0,155.0,4570302.0
2026-10-06,TWSE,2379,瑞昱,765.0,765.0,750.0,754.0,1632949.0
2026-10-06,TWSE,2380,虹光,17.1,17.1,16.7,16.85,62036.0
2026-10-06,TWSE,2382,廣達,333.0,334.5,330.0,332.0,10305780.0
2026-10-06,TWSE,2383,台光電,5040.0,5190.0,4975.0,5185.0,2397410.0
2026-10-06,TWSE,2385,群光,106.0,106.5,104.5,104.5,1804741.0
2026-10-06,TWSE,2387,精元,36.55,36.6,36.1,36.5,371925.0
2026-10-06,TWSE,2388,威盛,73.5,73.7,72.1,73.2,1856104.0
2026-10-06,TWSE,2390,云辰,10.25,10.25,10.05,10.15,288005.0
2026-10-06,TWSE,2392,正崴,41.25,41.7,41.15,41.4,751476.0
2026-10-06,TWSE,2393,億光,64.7,65.7,64.1,65.4,2465307.0
2026-10-06,TWSE,2395,研華,720.0,728.0,712.0,716.0,2331301.0
2026-10-06,TWSE,2397,友通,62.8,64.1,62.8,63.6,200092.0
2026-10-06,TWSE,2399,映泰,51.2,51.9,50.6,51.2,8735540.0
2026-10-06,TWSE,2401,凌陽,26.85,27.5,26.35,27.3,5358097.0
2026-10-06,TWSE,2402,毅嘉,57.5,59.8,56.5,59.1,2669039.0
2026-10-06,TWSE,2404,漢唐,1320.0,1355.0,1265.0,1285.0,2191273.0
2026-10-06,TWSE,2405,輔信,15.3,15.4,15.25,15.35,597635.0
2026-10-06,TWSE,2406,國碩,31.1,31.35,30.7,31.2,5205433.0
2026-10-06,TWSE,2408,南亞科,532.0,534.0,521.0,526.0,36677068.0
2026-10-06,TWSE,2409,友達,38.75,40.85,38.65,40.45,701554317.0
2026-10-06,TWSE,2412,中華電,145.0,146.5,144.0,146.0,10009961.0
2026-10-06,TWSE,2413,環科,52.3,52.9,51.6,52.3,1936535.0
2026-10-06,TWSE,2414,精技,52.8,53.0,52.7,52.8,96131.0
2026-10-06,TWSE,2415,錩新,27.25,27.55,27.15,27.4,130591.0
2026-10-06,TWSE,2417,圓剛,38.95,39.15,38.65,39.0,315091.0
2026-10-06,TWSE,2419,仲琦,29.1,29.35,28.85,29.3,952057.0
2026-10-06,TWSE,2420,新巨,57.8,59.5,57.8,58.2,710978.0
2026-10-06,TWSE,2421,建準,163.5,168.0,161.5,166.0,1705201.0
2026-10-06,TWSE,2423,固緯,70.4,72.1,70.4,71.8,129843.0
2026-10-06,TWSE,2424,隴華,8.2,8.85,8.2,8.42,34407.0
2026-10-06,TWSE,2425,承啟,38.0,38.1,37.55,38.0,424753.0
2026-10-06,TWSE,2426,鼎元,103.0,108.0,102.0,104.0,30702529.0
2026-10-06,TWSE,2427,三商電,23.3,23.4,23.1,23.4,373326.0
2026-10-06,TWSE,2428,興勤,261.0,268.0,259.5,263.0,1521035.0
2026-10-06,TWSE,2429,銘旺科,30.4,30.65,30.25,30.65,197741.0
2026-10-06,TWSE,2430,燦坤,17.95,17.95,17.95,17.95,15758.0
2026-10-06,TWSE,2431,聯昌,10.15,10.25,10.0,10.15,131658.0
2026-10-06,TWSE,2432,倚天酷碁-創,27.6,27.6,27.45,27.55,26015.0
2026-10-06,TWSE,2433,互盛電,40.15,40.15,40.0,40.0,32477.0
2026-10-06,TWSE,2434,統懋,63.9,65.3,62.7,63.0,386930.0
2026-10-06,TWSE,2436,偉詮電,74.0,76.0,73.2,76.0,6180465.0
2026-10-06,TWSE,2438,翔耀,20.55,20.55,19.5,20.0,98511.0
2026-10-06,TWSE,2439,美律,76.1,76.1,75.4,75.7,1599165.0
2026-10-06,TWSE,2440,太空梭,14.3,14.55,14.25,14.55,185206.0
2026-10-06,TWSE,2441,超豐,124.0,127.5,124.0,126.5,3477871.0
2026-10-06,TWSE,2442,新美齊,14.3,14.3,14.2,14.2,548727.0
2026-10-06,TWSE,2444,兆勁,15.0,16.5,14.7,16.5,5722454.0
2026-10-06,TWSE,2449,京元電子,295.5,298.0,292.0,295.5,13902351.0
2026-10-06,TWSE,2450,神腦,28.2,28.3,28.15,28.2,45470.0
2026-10-06,TWSE,2451,創見,291.5,291.5,287.5,290.0,1091828.0
2026-10-06,TWSE,2453,凌群,53.4,53.6,53.3,53.5,87830.0
2026-10-06,TWSE,2454,聯發科,4950.0,4970.0,4880.0,4950.0,4503961.0
2026-10-06,TWSE,2455,全新,559.0,580.0,551.0,580.0,4299731.0
2026-10-06,TWSE,2457,飛宏,22.0,22.6,21.9,22.45,1071817.0
2026-10-06,TWSE,2458,義隆,138.0,139.5,136.5,138.0,1469046.0
2026-10-06,TWSE,2459,敦吉,64.7,64.9,64.6,64.8,53421.0
2026-10-06,TWSE,2460,建通,30.0,30.9,30.0,30.8,249961.0
2026-10-06,TWSE,2461,光群雷,17.4,17.45,17.15,17.35,498599.0
2026-10-06,TWSE,2462,良得電,19.55,19.9,19.55,19.8,171942.0
2026-10-06,TWSE,2464,盟立,194.5,199.0,190.5,195.5,11541972.0
2026-10-06,TWSE,2465,麗臺,93.0,94.2,92.7,92.9,1111572.0
2026-10-06,TWSE,2466,冠西電,130.5,141.0,130.5,141.0,2480183.0
2026-10-06,TWSE,2467,志聖,547.0,555.0,544.0,552.0,588320.0
2026-10-06,TWSE,2468,華經,44.55,46.1,44.5,45.35,1437269.0
2026-10-06,TWSE,2471,資通,52.0,52.0,51.3,51.4,93991.0
2026-10-06,TWSE,2472,立隆電,222.0,231.5,220.5,229.0,4791775.0
2026-10-06,TWSE,2474,可成,207.0,207.5,206.0,207.0,1050240.0
2026-10-06,TWSE,2476,鉅祥,124.5,126.5,122.5,126.0,1148883.0
2026-10-06,TWSE,2477,美隆電,22.9,22.9,22.75,22.75,113064.0
2026-10-06,TWSE,2478,大毅,124.0,128.5,123.5,127.0,4100635.0
2026-10-06,TWSE,2480,敦陽科,160.0,162.0,159.0,161.5,157577.0
2026-10-06,TWSE,2481,強茂,176.0,178.5,172.5,174.5,28414583.0
2026-10-06,TWSE,2482,連宇,16.3,16.35,16.2,16.2,62577.0
2026-10-06,TWSE,2483,百容,37.0,38.4,36.65,37.0,3184383.0
2026-10-06,TWSE,2484,希華,85.2,89.0,84.2,86.5,46132849.0
2026-10-06,TWSE,2485,兆赫,40.6,41.4,40.55,41.3,2231409.0
2026-10-06,TWSE,2486,一詮,250.0,250.0,244.0,245.0,3396108.0
2026-10-06,TWSE,2488,漢平,49.0,49.3,48.8,48.85,41302.0
2026-10-06,TWSE,2489,瑞軒,41.7,42.75,40.95,41.15,15967742.0
2026-10-06,TWSE,2491,吉祥全,41.0,41.8,40.75,41.45,908318.0
2026-10-06,TWSE,2492,華新科,335.0,361.5,329.0,361.5,55788034.0
2026-10-06,TWSE,2493,揚博,198.0,202.0,195.0,196.5,1418568.0
2026-10-06,TWSE,2495,普安,38.7,38.85,38.15,38.4,1051157.0
2026-10-06,TWSE,2496,卓越,55.0,55.4,54.3,55.1,19285.0
2026-10-06,TWSE,2497,怡利電,43.95,44.15,43.7,44.05,181458.0
2026-10-06,TWSE,2498,宏達電,43.7,43.7,42.9,42.9,7419209.0
2026-10-06,TWSE,2501,國建,21.0,21.05,20.8,20.85,2484844.0
2026-10-06,TWSE,2504,國產,30.5,30.75,30.45,30.65,1036847.0
2026-10-06,TWSE,2505,國揚,17.0,17.05,16.95,17.0,273583.0
2026-10-06,TWSE,2506,太設,8.38,8.4,8.37,8.38,151744.0
2026-10-06,TWSE,2509,全坤建,14.2,14.25,14.1,14.1,79968.0
2026-10-06,TWSE,2511,太子,8.32,8.32,8.28,8.28,521370.0
2026-10-06,TWSE,2514,龍邦,11.55,11.55,11.3,11.35,171427.0
2026-10-06,TWSE,2515,中工,11.9,11.95,11.85,11.9,2431185.0
2026-10-06,TWSE,2516,新建,15.15,15.2,14.95,15.05,153366.0
2026-10-06,TWSE,2520,冠德,36.75,37.0,36.5,36.95,1224002.0
2026-10-06,TWSE,2524,京城,34.9,34.9,34.25,34.3,39981.0
2026-10-06,TWSE,2527,宏璟,49.05,50.4,49.0,49.55,886600.0
2026-10-06,TWSE,2528,皇普,19.25,19.4,19.05,19.25,405491.0
2026-10-06,TWSE,2530,華建,20.05,20.05,19.95,20.05,213513.0
2026-10-06,TWSE,2534,宏盛,16.75,16.85,16.6,16.7,277669.0
2026-10-06,TWSE,2535,達欣工,88.9,89.0,88.3,88.5,299055.0
2026-10-06,TWSE,2536,宏普,19.05,19.15,18.8,18.8,912720.0
2026-10-06,TWSE,2537,聯上發,11.1,11.15,11.05,11.05,453711.0
2026-10-06,TWSE,2538,基泰,8.83,8.87,8.8,8.87,337876.0
2026-10-06,TWSE,2539,櫻花建,34.05,34.2,33.85,34.0,1003922.0
2026-10-06,TWSE,2540,愛山林,48.6,48.9,48.15,48.15,463965.0
2026-10-06,TWSE,2542,興富發,38.5,39.15,38.3,38.75,8587725.0
2026-10-06,TWSE,2543,皇昌,38.3,38.55,38.1,38.35,559917.0
2026-10-06,TWSE,2545,皇翔,33.9,34.15,33.8,33.95,119689.0
2026-10-06,TWSE,2546,根基,106.5,107.0,105.0,105.0,125411.0
2026-10-06,TWSE,2547,日勝生,9.81,9.81,9.76,9.76,671986.0
2026-10-06,TWSE,2548,華固,91.9,92.5,91.4,92.5,1422249.0
2026-10-06,TWSE,2597,潤弘,167.0,167.0,164.0,165.5,327348.0
2026-10-06,TWSE,2603,長榮,237.0,240.5,236.5,240.0,5621086.0
2026-10-06,TWSE,2605,新興,35.45,35.95,35.25,35.75,7945053.0
2026-10-06,TWSE,2606,裕民,74.2,75.9,73.6,75.9,3649164.0
2026-10-06,TWSE,2607,榮運,53.8,53.9,53.4,53.5,167740.0
2026-10-06,TWSE,2608,嘉里大榮,28.7,29.0,28.65,28.8,163236.0
2026-10-06,TWSE,2609,陽明,59.0,59.9,58.5,59.7,11663046.0
2026-10-06,TWSE,2610,華航,20.2,20.35,20.15,20.35,7576661.0
2026-10-06,TWSE,2611,志信,14.45,14.45,14.25,14.3,369598.0
2026-10-06,TWSE,2612,中航,61.8,63.0,61.4,62.9,361515.0
2026-10-06,TWSE,2613,中櫃,22.1,22.15,21.95,22.15,173784.0
2026-10-06,TWSE,2614,東森,18.9,19.7,18.9,19.25,2756942.0
2026-10-06,TWSE,2615,萬海,112.5,113.5,112.0,113.0,4638177.0
2026-10-06,TWSE,2616,山隆,13.25,13.25,13.15,13.2,125806.0
2026-10-06,TWSE,2617,台航,31.1,31.55,30.85,31.55,536475.0
2026-10-06,TWSE,2618,長榮航,42.1,42.4,41.9,42.35,8563147.0
2026-10-06,TWSE,2630,亞航,46.9,47.15,46.6,46.8,644999.0
2026-10-06,TWSE,2633,台灣高鐵,25.65,25.8,25.6,25.75,3723884.0
2026-10-06,TWSE,2634,漢翔,65.0,66.4,64.3,66.0,12874547.0
2026-10-06,TWSE,2636,台驊控股,70.7,71.0,70.2,70.8,145564.0
2026-10-06,TWSE,2637,慧洋-KY,95.5,99.1,95.4,98.8,1864997.0
2026-10-06,TWSE,2642,宅配通,20.3,20.3,20.2,20.25,28229.0
2026-10-06,TWSE,2645,長榮航太,174.0,174.5,172.5,173.5,597952.0
2026-10-06,TWSE,2646,星宇航空,20.1,20.15,20.05,20.1,2950628.0
2026-10-06,TWSE,2701,萬企,10.25,10.3,10.2,10.25,37317.0
2026-10-06,TWSE,2702,華園,12.25,12.3,12.2,12.2,58146.0
2026-10-06,TWSE,2704,國賓,44.8,45.0,44.8,44.95,40559.0
2026-10-06,TWSE,2705,六福,15.05,15.15,15.05,15.1,58389.0
2026-10-06,TWSE,2706,第一店,12.1,12.15,12.1,12.1,54928.0
2026-10-06,TWSE,2707,晶華,175.5,176.0,175.0,175.0,98339.0
2026-10-06,TWSE,2712,遠雄來,13.25,13.4,13.25,13.4,13200.0
2026-10-06,TWSE,2722,夏都,21.3,21.55,21.25,21.35,35172.0
2026-10-06,TWSE,2723,美食-KY,77.2,78.3,76.5,77.3,164085.0
2026-10-06,TWSE,2727,王品,233.5,234.0,232.0,234.0,185632.0
2026-10-06,TWSE,2731,雄獅,143.5,144.5,143.5,143.5,130905.0
2026-10-06,TWSE,2739,寒舍,36.25,36.5,36.15,36.15,50885.0
2026-10-06,TWSE,2748,雲品,38.8,39.0,38.65,39.0,33600.0
2026-10-06,TWSE,2753,八方雲集,184.0,185.0,182.5,185.0,195249.0
2026-10-06,TWSE,2762,世界健身-KY,78.4,79.2,78.4,78.6,21125.0
2026-10-06,TWSE,2801,彰銀,27.25,27.65,27.25,27.6,20636594.0
2026-10-06,TWSE,2812,台中銀,18.8,18.85,18.75,18.75,5364231.0
2026-10-06,TWSE,2816,旺旺保,39.65,39.7,39.35,39.7,181984.0
2026-10-06,TWSE,2820,華票,16.7,16.75,16.6,16.7,2798555.0
2026-10-06,TWSE,2832,台產,56.6,56.8,56.5,56.7,74871.0
2026-10-06,TWSE,2834,臺企銀,17.5,17.55,17.45,17.45,12028725.0
2026-10-06,TWSE,2836,高雄銀,12.05,12.1,12.0,12.0,1348690.0
2026-10-06,TWSE,2838,聯邦銀,20.45,20.55,20.4,20.4,1713294.0
2026-10-06,TWSE,2845,遠東銀,13.05,13.05,12.9,12.9,13221721.0
2026-10-06,TWSE,2849,安泰銀,15.8,15.8,15.35,15.35,239471.0
2026-10-06,TWSE,2850,新產,157.0,159.0,157.0,158.5,136444.0
2026-10-06,TWSE,2851,中再保,46.1,46.1,45.45,45.95,903709.0
2026-10-06,TWSE,2852,第一保,27.6,27.65,27.35,27.5,436393.0
2026-10-06,TWSE,2855,統一證,56.5,58.2,55.9,57.6,4842657.0
2026-10-06,TWSE,2880,華南金,44.95,45.3,44.45,44.85,12326772.0
2026-10-06,TWSE,2881,富邦金,149.0,151.5,149.0,150.5,10614902.0
2026-10-06,TWSE,2882,國泰金,110.0,111.5,110.0,111.5,13877928.0
2026-10-06,TWSE,2883,凱基金,36.9,37.7,36.6,37.35,67231685.0
2026-10-06,TWSE,2884,玉山金,45.05,45.35,44.95,45.35,21945062.0
2026-10-06,TWSE,2885,元大金,67.0,67.4,66.6,66.8,19695021.0
2026-10-06,TWSE,2886,兆豐金,48.85,48.95,48.35,48.85,28642625.0
2026-10-06,TWSE,2887,台新新光金,41.05,41.35,40.35,40.55,56891872.0
2026-10-06,TWSE,2889,國票金,16.2,16.25,16.05,16.1,5874536.0
2026-10-06,TWSE,2890,永豐金,43.05,44.15,43.05,44.05,13939013.0
2026-10-06,TWSE,2891,中信金,67.3,68.0,67.3,67.3,18882806.0
2026-10-06,TWSE,2892,第一金,38.4,38.75,38.25,38.55,14985368.0
2026-10-06,TWSE,2897,王道銀行,10.75,10.85,10.65,10.7,2489916.0
2026-10-06,TWSE,2901,欣欣,24.95,25.1,24.6,25.05,50747.0
2026-10-06,TWSE,2903,遠百,21.95,21.95,21.8,21.8,1847025.0
2026-10-06,TWSE,2904,匯僑,12.6,12.7,12.6,12.6,8459.0
2026-10-06,TWSE,2905,三商,18.05,18.05,17.65,17.8,798384.0
2026-10-06,TWSE,2906,高林,13.3,13.5,13.3,13.4,94141.0
2026-10-06,TWSE,2908,特力,22.0,22.1,21.85,22.1,281086.0
2026-10-06,TWSE,2910,統領,23.05,23.5,23.05,23.2,10011.0
2026-10-06,TWSE,2911,麗嬰房,6.1,6.1,6.01,6.01,93320.0
2026-10-06,TWSE,2912,統一超,212.5,212.5,210.0,210.5,2981945.0
2026-10-06,TWSE,2913,農林,11.05,11.1,11.0,11.0,444038.0
2026-10-06,TWSE,2915,潤泰全,58.1,58.2,57.4,57.5,1576854.0
2026-10-06,TWSE,2923,鼎固-KY,24.65,24.8,23.95,23.95,197446.0
2026-10-06,TWSE,2929,淘帝-KY,5.77,5.8,5.74,5.8,72557.0
2026-10-06,TWSE,2939,永邑-KY,21.95,22.9,21.95,22.55,39378.0
2026-10-06,TWSE,2945,三商家購,39.5,40.0,39.4,40.0,29029.0
2026-10-06,TWSE,3002,歐格,19.5,20.45,19.35,19.7,466159.0
2026-10-06,TWSE,3003,健和興,59.4,60.3,59.3,60.0,254831.0
2026-10-06,TWSE,3004,豐達科,121.5,122.0,120.0,121.5,151965.0
2026-10-06,TWSE,3005,神基,117.0,117.5,116.5,117.5,702857.0
2026-10-06,TWSE,3006,晶豪科,284.5,290.0,282.5,285.5,9101409.0
2026-10-06,TWSE,3008,大立光,6205.0,6395.0,6090.0,6290.0,1683166.0
2026-10-06,TWSE,3010,華立,126.0,129.5,126.0,128.0,956382.0
2026-10-06,TWSE,3011,今皓,10.0,10.1,9.84,9.87,637108.0
2026-10-06,TWSE,3013,晟銘電,94.0,94.3,91.5,92.7,4569107.0
2026-10-06,TWSE,3014,聯陽,142.5,143.0,141.5,142.5,1134800.0
2026-10-06,TWSE,3015,全漢,55.2,55.2,54.0,54.4,418543.0
2026-10-06,TWSE,3016,嘉晶,169.5,182.0,169.5,180.5,8692203.0
2026-10-06,TWSE,3017,奇鋐,3570.0,3570.0,3385.0,3440.0,3274994.0
2026-10-06,TWSE,3018,隆銘綠能,11.85,12.15,11.85,12.0,13077.0
2026-10-06,TWSE,3019,亞光,137.0,139.0,136.0,139.0,2069927.0
2026-10-06,TWSE,3021,鴻名,28.05,28.45,27.95,28.2,599976.0
2026-10-06,TWSE,3022,威強電,92.8,92.8,91.5,91.5,803611.0
2026-10-06,TWSE,3023,信邦,307.5,315.0,307.5,312.0,794904.0
2026-10-06,TWSE,3024,憶聲,14.0,14.0,13.85,14.0,899309.0
2026-10-06,TWSE,3025,星通,59.9,59.9,54.9,55.4,1332929.0
2026-10-06,TWSE,3026,禾伸堂,845.0,881.0,831.0,835.0,17157777.0
2026-10-06,TWSE,3027,盛達,18.6,18.85,18.5,18.6,74236.0
2026-10-06,TWSE,3028,增你強,62.5,63.4,62.2,63.4,674660.0
2026-10-06,TWSE,3029,零壹,119.0,119.5,118.0,118.0,982672.0
2026-10-06,TWSE,3030,德律,283.0,301.0,277.0,300.0,3947165.0
2026-10-06,TWSE,3031,佰鴻,31.4,33.5,30.25,32.8,10999738.0
2026-10-06,TWSE,3032,偉訓,79.2,79.8,78.7,79.4,208628.0
2026-10-06,TWSE,3033,威健,42.45,42.8,42.2,42.4,1689590.0
2026-10-06,TWSE,3034,聯詠,541.0,543.0,533.0,537.0,2855910.0
2026-10-06,TWSE,3035,智原,213.0,217.0,210.0,215.5,4927298.0
2026-10-06,TWSE,3036,文曄,214.0,216.0,212.0,213.5,6758956.0
2026-10-06,TWSE,3037,欣興,1225.0,1305.0,1215.0,1305.0,18635778.0
2026-10-06,TWSE,3038,全台,21.0,21.0,20.6,20.65,113358.0
2026-10-06,TWSE,3040,遠見,33.4,34.25,33.3,33.95,442602.0
2026-10-06,TWSE,3041,揚智,24.65,24.85,24.2,24.8,613401.0
2026-10-06,TWSE,3042,晶技,219.0,232.5,217.5,230.5,43452288.0
2026-10-06,TWSE,3043,科風,20.25,20.75,20.1,20.75,98463.0
2026-10-06,TWSE,3044,健鼎,528.0,544.0,528.0,542.0,1693324.0
2026-10-06,TWSE,3045,台灣大,121.5,122.0,121.0,122.0,3702973.0
2026-10-06,TWSE,3046,建碁,53.7,54.0,53.5,53.9,105985.0
2026-10-06,TWSE,3047,訊舟,14.5,14.65,14.45,14.65,454801.0
2026-10-06,TWSE,3048,益登,53.9,55.0,53.3,53.7,4953591.0
2026-10-06,TWSE,3049,精金,12.3,12.6,12.25,12.45,3124829.0
2026-10-06,TWSE,3050,鈺德,11.75,11.75,11.55,11.6,456133.0
2026-10-06,TWSE,3051,力特,23.0,23.8,23.0,23.6,626199.0
2026-10-06,TWSE,3052,夆典,10.45,10.5,10.4,10.45,145417.0
2026-10-06,TWSE,3054,立萬利,59.5,59.7,58.6,59.7,91620.0
2026-10-06,TWSE,3055,蔚華科,216.0,217.0,212.5,216.0,1076417.0
2026-10-06,TWSE,3056,富華新,13.75,13.8,13.65,13.7,421523.0
2026-10-06,TWSE,3057,喬鼎,16.0,16.0,15.7,15.7,100983.0
2026-10-06,TWSE,3058,立德,8.14,8.19,8.12,8.18,464109.0
2026-10-06,TWSE,3059,華晶科,38.3,38.7,38.15,38.7,827635.0
2026-10-06,TWSE,3060,銘異,28.35,29.35,28.2,28.9,1569267.0
2026-10-06,TWSE,3062,建漢,22.4,22.7,22.15,22.65,1228568.0
2026-10-06,TWSE,3090,日電貿,169.0,175.5,167.0,173.5,8401227.0
2026-10-06,TWSE,3092,鴻碩,24.4,24.4,23.9,23.95,212123.0
2026-10-06,TWSE,3094,聯傑,69.2,73.0,67.9,70.3,35223446.0
2026-10-06,TWSE,3130,一零四,209.5,209.5,209.0,209.5,32160.0
2026-10-06,TWSE,3135,凌航,159.0,161.5,158.0,159.0,658241.0
2026-10-06,TWSE,3138,耀登,99.9,101.0,99.1,99.5,324283.0
2026-10-06,TWSE,3149,正達,74.8,79.7,74.0,77.3,24846956.0
2026-10-06,TWSE,3150,鈺寶-創,15.6,15.7,15.35,15.4,41385.0
2026-10-06,TWSE,3164,景岳,16.5,16.65,16.5,16.5,44753.0
2026-10-06,TWSE,3167,大量,983.0,1005.0,948.0,981.0,6748712.0
2026-10-06,TWSE,3168,眾福科,43.2,43.3,43.05,43.1,16150.0
2026-10-06,TWSE,3189,景碩,1010.0,1070.0,1005.0,1050.0,18823011.0
2026-10-06,TWSE,3209,全科,45.35,46.35,45.2,46.1,875083.0
2026-10-06,TWSE,3229,晟鈦,59.5,60.7,58.3,58.8,1350644.0
2026-10-06,TWSE,3231,緯創,190.5,191.0,186.0,186.5,36439616.0
2026-10-06,TWSE,3257,虹冠電,50.0,50.5,49.75,50.3,136291.0
2026-10-06,TWSE,3266,昇陽,13.85,13.9,13.85,13.85,49051.0
2026-10-06,TWSE,3296,勝德,30.95,30.95,28.15,28.5,99061.0
2026-10-06,TWSE,3305,昇貿,106.0,108.0,105.0,107.5,794911.0
2026-10-06,TWSE,3308,聯德,22.9,22.9,22.5,22.9,112156.0
2026-10-06,TWSE,3311,閎暉,48.25,49.65,48.15,49.65,2466947.0
2026-10-06,TWSE,3312,弘憶股,51.5,52.2,51.4,52.1,625035.0
2026-10-06,TWSE,3321,同泰,18.1,18.6,18.1,18.35,158398.0
2026-10-06,TWSE,3338,泰碩,67.5,69.5,67.5,69.0,557886.0
2026-10-06,TWSE,3346,麗清,24.0,24.1,23.8,24.0,301344.0
2026-10-06,TWSE,3356,奇偶,65.8,66.8,65.4,66.8,173373.0
2026-10-06,TWSE,3376,新日興,175.0,175.0,173.0,174.0,1030830.0
2026-10-06,TWSE,3380,明泰,31.35,32.2,31.15,31.95,2056580.0
2026-10-06,TWSE,3406,玉晶光,941.0,974.0,929.0,961.0,4816591.0
2026-10-06,TWSE,3413,京鼎,293.5,294.0,288.5,292.0,521879.0
2026-10-06,TWSE,3416,融程電,166.0,167.5,164.5,166.0,184220.0
2026-10-06,TWSE,3419,譁裕,11.95,12.2,11.8,12.15,129070.0
2026-10-06,TWSE,3432,台端,14.9,15.05,14.8,14.9,83030.0
2026-10-06,TWSE,3437,榮創,22.15,22.45,22.0,22.15,1251151.0
2026-10-06,TWSE,3443,創意,7895.0,8005.0,7835.0,7900.0,393948.0
2026-10-06,TWSE,3447,展達,27.65,27.95,27.5,27.75,46660.0
2026-10-06,TWSE,3450,聯鈞,531.0,553.0,522.0,543.0,17359031.0
2026-10-06,TWSE,3481,群創,52.4,53.4,52.0,52.8,211783047.0
2026-10-06,TWSE,3494,誠研,7.07,7.12,6.97,7.09,67602.0
2026-10-06,TWSE,3501,維熹,37.6,37.7,37.55,37.65,88606.0
2026-10-06,TWSE,3504,揚明光,80.8,81.2,79.7,80.1,852757.0
2026-10-06,TWSE,3515,華擎,216.5,217.0,214.0,216.5,182685.0
2026-10-06,TWSE,3518,柏騰,41.0,44.35,40.15,44.35,10157623.0
2026-10-06,TWSE,3528,安馳,87.8,88.8,86.8,88.8,316045.0
2026-10-06,TWSE,3530,晶相光,59.1,59.5,58.4,59.5,108001.0
2026-10-06,TWSE,3532,台勝科,470.0,492.5,463.0,475.5,9010177.0
2026-10-06,TWSE,3533,嘉澤,1825.0,1865.0,1800.0,1855.0,2023700.0
2026-10-06,TWSE,3535,晶彩科,90.8,94.8,90.8,92.9,1264766.0
2026-10-06,TWSE,3543,州巧,51.3,52.6,50.9,51.0,2167872.0
2026-10-06,TWSE,3545,敦泰,51.9,51.9,50.9,51.5,521236.0
2026-10-06,TWSE,3550,聯穎,25.8,26.05,25.3,25.8,1434723.0
2026-10-06,TWSE,3557,嘉威,23.1,25.4,23.1,24.5,215651.0
2026-10-06,TWSE,3563,牧德,750.0,764.0,730.0,760.0,1273871.0
2026-10-06,TWSE,3576,聯合再生,18.25,19.45,18.1,19.35,29410686.0
2026-10-06,TWSE,3583,辛耘,711.0,724.0,711.0,721.0,653931.0
2026-10-06,TWSE,3588,通嘉,60.0,60.1,56.2,58.2,1527854.0
2026-10-06,TWSE,3591,艾笛森,27.0,28.6,26.9,28.3,1825704.0
2026-10-06,TWSE,3592,瑞鼎,239.5,239.5,235.0,239.0,494423.0
2026-10-06,TWSE,3593,力銘,11.5,11.5,10.65,10.65,54068.0
2026-10-06,TWSE,3596,智易,154.0,155.0,153.5,154.0,359911.0
2026-10-06,TWSE,3605,宏致,176.5,182.0,169.0,170.5,15261661.0
2026-10-06,TWSE,3607,谷崧,13.9,13.95,13.8,13.95,140370.0
2026-10-06,TWSE,3617,碩天,243.5,243.5,240.5,243.5,258203.0
2026-10-06,TWSE,3622,洋華,45.9,46.55,45.8,46.0,183447.0
2026-10-06,TWSE,3645,達邁,73.8,74.3,72.0,74.0,1987150.0
2026-10-06,TWSE,3652,精聯,34.7,35.2,34.65,34.9,119703.0
2026-10-06,TWSE,3653,健策,6790.0,7065.0,6760.0,6800.0,1067819.0
2026-10-06,TWSE,3661,世芯-KY,3765.0,3855.0,3765.0,3810.0,1303480.0
2026-10-06,TWSE,3665,貿聯-KY,2620.0,2670.0,2525.0,2540.0,2759339.0
2026-10-06,TWSE,3669,圓展,33.4,33.75,33.1,33.2,154801.0
2026-10-06,TWSE,3673,TPK-KY,73.5,80.6,73.0,80.6,28711684.0
2026-10-06,TWSE,3679,新至陞,108.5,108.5,108.0,108.0,32371.0
2026-10-06,TWSE,3686,達能,16.0,16.0,15.55,15.85,143132.0
2026-10-06,TWSE,3694,海華,51.2,52.0,51.2,51.7,449918.0
2026-10-06,TWSE,3701,大眾控,53.0,55.4,51.2,55.4,10135816.0
2026-10-06,TWSE,3702,大聯大,119.0,120.0,117.5,119.0,4724498.0
2026-10-06,TWSE,3703,欣陸,19.55,19.6,19.45,19.55,436814.0
2026-10-06,TWSE,3704,合勤控,40.25,40.65,40.05,40.55,829142.0
2026-10-06,TWSE,3705,永信,56.3,56.7,56.3,56.3,159794.0
2026-10-06,TWSE,3706,神達,82.2,82.5,81.0,81.3,6734700.0
2026-10-06,TWSE,3708,上緯投控,98.7,100.5,98.5,99.3,284449.0
2026-10-06,TWSE,3711,日月光投控,711.0,722.0,704.0,713.0,12603412.0
2026-10-06,TWSE,3712,永崴投控,20.55,20.65,20.5,20.6,338517.0
2026-10-06,TWSE,3714,富采,68.9,72.0,68.9,70.8,23714073.0
2026-10-06,TWSE,3715,定穎投控,129.5,131.5,128.5,129.5,5708720.0
2026-10-06,TWSE,3716,中化控股,33.95,33.95,33.8,33.9,121165.0
2026-10-06,TWSE,3717,聯嘉投控,27.25,27.5,26.4,26.45,9385198.0
2026-10-06,TWSE,4104,佳醫,72.6,72.9,72.4,72.9,89504.0
2026-10-06,TWSE,4106,雃博,24.0,24.15,23.9,24.15,208404.0
2026-10-06,TWSE,4108,懷特,11.4,11.5,11.3,11.35,149998.0
2026-10-06,TWSE,4119,旭富,55.0,55.6,55.0,55.6,71383.0
2026-10-06,TWSE,4133,亞諾法,20.65,20.65,20.4,20.45,53404.0
2026-10-06,TWSE,4137,麗豐-KY,76.1,76.5,75.7,75.8,126153.0
2026-10-06,TWSE,4142,國光生,18.15,18.15,17.9,18.0,581065.0
2026-10-06,TWSE,4148,全宇生技-KY,31.5,31.7,31.15,31.5,45439.0
2026-10-06,TWSE,4155,訊映,14.7,14.95,14.7,14.85,109748.0
2026-10-06,TWSE,4164,承業醫,27.1,27.1,26.8,27.0,204579.0
2026-10-06,TWSE,4169,泰宗,152.0,152.0,149.0,151.5,39360.0
2026-10-06,TWSE,4178,永笙-KY,17.5,18.2,17.2,18.0,466489.0
2026-10-06,TWSE,4190,佐登-KY,24.8,24.8,24.15,24.3,42789.0
2026-10-06,TWSE,4195,基米-創,16.3,16.4,15.8,15.9,167738.0
2026-10-06,TWSE,4306,炎洲,14.5,14.55,14.4,14.45,925985.0
2026-10-06,TWSE,4414,如興,8.1,8.18,8.09,8.1,89062.0
2026-10-06,TWSE,4426,利勤,7.59,7.61,7.53,7.57,145035.0
2026-10-06,TWSE,4438,廣越,56.8,57.6,56.3,56.5,60422.0
2026-10-06,TWSE,4439,冠星-KY,97.7,98.0,95.8,95.8,10079.0
2026-10-06,TWSE,4440,宜新實業,17.45,17.5,17.45,17.45,38517.0
2026-10-06,TWSE,4441,振大環球,170.0,170.0,169.0,170.0,70731.0
2026-10-06,TWSE,4526,東台,34.15,34.95,34.05,34.3,1944905.0
2026-10-06,TWSE,4532,瑞智,24.7,24.85,24.7,24.75,389250.0
2026-10-06,TWSE,4536,拓凱,162.0,162.0,160.5,160.5,139240.0
2026-10-06,TWSE,4540,全球傳動,61.6,61.9,60.4,61.0,1784891.0
2026-10-06,TWSE,4545,銘鈺,39.5,39.85,39.0,39.5,178194.0
2026-10-06,TWSE,4551,智伸科,173.0,186.5,172.0,186.0,3377447.0
2026-10-06,TWSE,4552,力達-KY,15.5,15.7,15.4,15.65,199434.0
2026-10-06,TWSE,4555,氣立,42.35,42.8,42.0,42.2,114873.0
2026-10-06,TWSE,4557,永新-KY,50.2,50.3,50.0,50.3,40824.0
2026-10-06,TWSE,4560,強信-KY,29.5,29.9,29.3,29.85,460241.0
2026-10-06,TWSE,4562,穎漢,31.15,31.15,30.0,30.3,324062.0
2026-10-06,TWSE,4564,元翎,16.35,16.35,16.1,16.3,565394.0
2026-10-06,TWSE,4566,時碩工業,74.8,75.8,73.9,75.8,1855390.0
2026-10-06,TWSE,4569,六方科-KY,155.5,159.0,154.5,156.0,97693.0
2026-10-06,TWSE,4571,鈞興-KY,154.0,155.0,153.0,154.0,63548.0
2026-10-06,TWSE,4572,駐龍,141.5,141.5,138.5,139.5,15276.0
2026-10-06,TWSE,4576,大銀微系統,238.0,239.5,232.5,234.0,1209388.0
2026-10-06,TWSE,4581,光隆精密-KY,47.4,48.0,47.4,48.0,6000.0
2026-10-06,TWSE,4582,聚恆-創,22.25,22.25,22.2,22.2,76585.0
2026-10-06,TWSE,4583,台灣精銳,419.0,423.5,415.0,422.5,53531.0
2026-10-06,TWSE,4585,達明,296.0,296.0,292.0,293.5,108887.0
2026-10-06,TWSE,4588,玖鼎電力,55.2,56.0,55.0,55.5,50197.0
2026-10-06,TWSE,4590,富田-創,88.2,89.3,88.1,88.6,101101.0
2026-10-06,TWSE,4720,德淵,19.05,20.95,19.05,20.95,3563435.0
2026-10-06,TWSE,4722,國精化,212.0,230.0,209.5,230.0,4598483.0
2026-10-06,TWSE,4736,泰博,130.0,130.0,128.5,129.5,104711.0
2026-10-06,TWSE,4737,華廣,56.3,56.3,55.0,56.3,50184.0
2026-10-06,TWSE,4739,康普,88.0,89.7,87.2,88.7,1478763.0
2026-10-06,TWSE,4746,台耀,48.95,48.95,47.8,48.1,674570.0
2026-10-06,TWSE,4755,三福化,119.0,124.5,117.0,122.0,893733.0
2026-10-06,TWSE,4763,材料*-KY,46.7,47.4,46.5,47.15,4011848.0
2026-10-06,TWSE,4764,雙鍵,185.0,203.5,185.0,203.5,1493882.0
2026-10-06,TWSE,4766,南寶,343.5,353.0,342.5,353.0,410254.0
2026-10-06,TWSE,4770,上品,275.0,280.5,274.5,278.0,670115.0
2026-10-06,TWSE,4771,望隼,214.0,214.0,208.0,214.0,235504.0
2026-10-06,TWSE,4807,日成-KY,29.8,30.4,29.5,30.2,93612.0
2026-10-06,TWSE,4904,遠傳,104.5,106.5,104.5,106.0,4014485.0
2026-10-06,TWSE,4906,正文,40.3,43.6,40.15,41.85,13521119.0
2026-10-06,TWSE,4912,聯德控股-KY,106.0,108.5,103.0,106.0,708989.0
2026-10-06,TWSE,4915,致伸,65.1,65.8,64.3,64.4,2611056.0
2026-10-06,TWSE,4916,事欣科,103.0,105.5,102.0,104.5,2636368.0
2026-10-06,TWSE,4919,新唐,151.0,167.0,145.5,163.0,57349128.0
2026-10-06,TWSE,4927,泰鼎-KY,44.5,48.15,44.4,48.15,17406916.0
2026-10-06,TWSE,4930,燦星網,15.9,15.9,15.7,15.85,90494.0
2026-10-06,TWSE,4934,太極,14.6,14.85,14.5,14.75,393968.0
2026-10-06,TWSE,4935,茂林-KY,33.2,34.1,33.2,33.85,57476.0
2026-10-06,TWSE,4938,和碩,90.8,90.9,89.1,89.2,4521969.0
2026-10-06,TWSE,4942,嘉彰,31.6,32.0,31.4,31.5,107055.0
2026-10-06,TWSE,4943,康控-KY,6.84,6.84,6.65,6.69,66281.0
2026-10-06,TWSE,4949,有成精密,76.1,77.9,75.9,77.7,488501.0
2026-10-06,TWSE,4952,凌通,49.7,50.8,49.1,50.8,361631.0
2026-10-06,TWSE,4956,光鋐,47.25,48.25,46.15,46.4,9885585.0
2026-10-06,TWSE,4958,臻鼎-KY,515.0,561.0,514.0,561.0,69348102.0
2026-10-06,TWSE,4960,誠美材,23.9,24.75,23.8,24.55,5244982.0
2026-10-06,TWSE,4961,天鈺,186.5,189.0,182.0,183.5,1175838.0
2026-10-06,TWSE,4967,十銓,274.5,276.5,272.0,273.0,1321488.0
2026-10-06,TWSE,4968,立積,102.5,102.5,99.5,101.5,1136293.0
2026-10-06,TWSE,4976,佳凌,36.2,36.35,35.9,36.3,461081.0
2026-10-06,TWSE,4977,眾達-KY,175.0,177.0,171.5,175.5,5207603.0
2026-10-06,TWSE,4989,榮科,61.0,66.8,60.8,63.9,7789340.0
2026-10-06,TWSE,4994,傳奇,80.6,83.1,79.0,81.0,96382.0
2026-10-06,TWSE,4999,鑫禾,17.85,18.0,17.5,17.85,249825.0
2026-10-06,TWSE,5007,三星,56.3,56.3,55.9,55.9,13129.0
2026-10-06,TWSE,5203,訊連,58.0,58.2,57.8,57.9,61552.0
2026-10-06,TWSE,5215,科嘉-KY,37.75,38.25,37.75,38.25,12601.0
2026-10-06,TWSE,5222,全訊,106.5,108.0,105.5,107.5,200014.0
2026-10-06,TWSE,5225,東科-KY,55.5,55.9,55.3,55.5,78050.0
2026-10-06,TWSE,5234,達興材料,305.0,322.0,302.5,312.0,741353.0
2026-10-06,TWSE,5236,凌陽創新,136.5,136.5,135.0,135.5,84722.0
2026-10-06,TWSE,5243,乙盛-KY,93.3,94.6,92.5,93.9,1201056.0
2026-10-06,TWSE,5244,弘凱,35.8,39.0,35.8,37.85,641544.0
2026-10-06,TWSE,5258,虹堡,41.95,42.15,41.85,42.0,130668.0
2026-10-06,TWSE,5269,祥碩,1485.0,1485.0,1455.0,1460.0,254442.0
2026-10-06,TWSE,5283,禾聯碩,52.8,52.8,52.2,52.5,112580.0
2026-10-06,TWSE,5284,jpp-KY,298.0,298.0,293.5,293.5,212857.0
2026-10-06,TWSE,5285,界霖,94.5,102.0,92.5,99.0,4941418.0
2026-10-06,TWSE,5288,豐祥-KY,190.5,190.5,186.0,188.5,131717.0
2026-10-06,TWSE,5292,華懋,236.0,244.0,234.0,240.0,251935.0
2026-10-06,TWSE,5306,桂盟,88.0,88.3,87.3,88.0,176060.0
2026-10-06,TWSE,5388,中磊,71.0,71.9,71.0,71.8,1151325.0
2026-10-06,TWSE,5434,崇越,571.0,585.0,568.0,583.0,1079002.0
2026-10-06,TWSE,5469,瀚宇博,74.9,76.2,74.2,75.9,1637219.0
2026-10-06,TWSE,5471,松翰,53.0,53.5,52.2,53.5,997610.0
2026-10-06,TWSE,5484,慧友,39.5,39.65,38.9,39.05,206479.0
2026-10-06,TWSE,5515,建國,51.5,51.5,50.5,51.1,475099.0
2026-10-06,TWSE,5519,隆大,25.05,25.1,25.0,25.05,116402.0
2026-10-06,TWSE,5521,工信,10.7,10.7,10.6,10.7,1310471.0
2026-10-06,TWSE,5522,遠雄,60.8,60.9,60.2,60.5,507046.0
2026-10-06,TWSE,5525,順天,21.7,21.9,21.7,21.8,67246.0
2026-10-06,TWSE,5531,鄉林,6.86,6.89,6.85,6.86,283715.0
2026-10-06,TWSE,5533,皇鼎,13.8,13.95,13.8,13.9,55213.0
2026-10-06,TWSE,5534,長虹,73.3,73.3,72.8,73.0,760082.0
2026-10-06,TWSE,5538,東明-KY,36.0,36.0,35.6,35.8,62022.0
2026-10-06,TWSE,5546,永固-KY,13.65,13.75,13.65,13.75,6100.0
2026-10-06,TWSE,5607,遠雄港,51.9,52.0,51.6,51.8,231870.0
2026-10-06,TWSE,5608,四維航,17.1,17.3,16.95,17.15,2173947.0
2026-10-06,TWSE,5706,鳳凰,43.8,44.45,43.8,44.15,85061.0
2026-10-06,TWSE,5871,中租-KY,107.0,107.5,106.0,106.0,5948646.0
2026-10-06,TWSE,5876,上海商銀,48.1,49.0,48.1,48.95,3664456.0
2026-10-06,TWSE,5880,合庫金,25.8,26.2,25.8,26.15,10810873.0
2026-10-06,TWSE,5906,台南-KY,41.15,41.15,40.0,40.0,3000.0
2026-10-06,TWSE,5907,大洋-KY,4.8,4.8,4.71,4.75,380762.0
2026-10-06,TWSE,6005,群益證,31.75,32.1,31.65,32.0,3652489.0
2026-10-06,TWSE,6024,群益期,59.9,60.1,59.7,59.8,114811.0
2026-10-06,TWSE,6108,競國,25.0,25.8,24.8,25.7,1558395.0
2026-10-06,TWSE,6112,邁達特,47.6,48.0,47.6,47.65,558817.0
2026-10-06,TWSE,6115,鎰勝,44.0,44.1,44.0,44.0,77439.0
2026-10-06,TWSE,6116,彩晶,15.65,16.35,15.6,16.05,80015461.0
2026-10-06,TWSE,6117,迎廣,62.6,62.8,62.0,62.2,118685.0
2026-10-06,TWSE,6120,達運,14.6,15.4,14.5,15.25,16135373.0
2026-10-06,TWSE,6128,上福,19.1,19.25,19.1,19.2,44356.0
2026-10-06,TWSE,6133,金橋,29.45,29.5,28.5,29.1,4672601.0
2026-10-06,TWSE,6136,富爾特,25.1,25.35,25.1,25.3,159253.0
2026-10-06,TWSE,6139,亞翔,762.0,776.0,754.0,775.0,3304534.0
2026-10-06,TWSE,6141,柏承,52.2,52.7,50.5,51.0,2124864.0
2026-10-06,TWSE,6142,友勁,9.17,9.2,9.08,9.14,521105.0
2026-10-06,TWSE,6152,百一,15.35,15.75,15.35,15.7,1576552.0
2026-10-06,TWSE,6153,嘉聯益,17.85,18.0,17.75,17.95,1702786.0
2026-10-06,TWSE,6155,鈞寶,69.6,75.5,69.5,72.5,16636888.0
2026-10-06,TWSE,6164,華興,12.6,12.9,12.5,12.6,283457.0
2026-10-06,TWSE,6165,浪凡,49.7,50.0,49.4,49.4,158914.0
2026-10-06,TWSE,6166,凌華,130.0,133.0,129.0,130.0,999557.0
2026-10-06,TWSE,6168,宏齊,47.45,48.0,46.0,46.0,4275358.0
2026-10-06,TWSE,6176,瑞儀,91.1,92.3,90.7,92.3,771588.0
2026-10-06,TWSE,6177,達麗,46.65,46.65,46.0,46.0,1113794.0
2026-10-06,TWSE,6183,關貿,91.1,91.7,91.1,91.7,20897.0
2026-10-06,TWSE,6184,大豐電,40.15,40.35,40.0,40.15,56785.0
2026-10-06,TWSE,6189,豐藝,49.85,50.0,49.6,49.9,282762.0
2026-10-06,TWSE,6191,精成科,84.3,85.0,83.6,84.7,1963538.0
2026-10-06,TWSE,6192,巨路,109.0,110.0,109.0,109.5,49825.0
2026-10-06,TWSE,6196,帆宣,609.0,619.0,602.0,618.0,1802450.0
2026-10-06,TWSE,6197,佳必琪,336.0,340.0,330.5,339.5,2564504.0
2026-10-06,TWSE,6201,亞弘電,44.25,44.5,44.15,44.4,43680.0
2026-10-06,TWSE,6202,盛群,60.5,63.7,59.5,63.2,4623585.0
2026-10-06,TWSE,6205,詮欣,77.5,77.5,72.7,73.7,3399984.0
2026-10-06,TWSE,6206,飛捷,139.0,139.0,136.5,137.0,665047.0
2026-10-06,TWSE,6209,今國光,83.3,84.7,82.2,83.9,9549478.0
2026-10-06,TWSE,6213,聯茂,646.0,700.0,639.0,683.0,24367397.0
2026-10-06,TWSE,6214,精誠,188.5,189.5,188.0,188.5,399450.0
2026-10-06,TWSE,6215,和椿,96.9,98.1,96.5,97.8,293357.0
2026-10-06,TWSE,6216,居易,19.8,19.8,19.5,19.65,138959.0
2026-10-06,TWSE,6224,聚鼎,81.7,84.5,80.8,80.8,1025239.0
2026-10-06,TWSE,6225,天瀚,73.5,73.5,64.9,68.3,976855.0
2026-10-06,TWSE,6226,光鼎,50.0,51.7,45.05,46.4,39930818.0
2026-10-06,TWSE,6230,尼得科超眾,110.0,112.0,110.0,111.5,18463.0
2026-10-06,TWSE,6235,華孚,39.0,39.75,38.8,39.35,349056.0
2026-10-06,TWSE,6239,力成,294.0,316.0,291.5,308.0,30835497.0
2026-10-06,TWSE,6243,迅杰,40.55,41.15,40.35,41.1,385194.0
2026-10-06,TWSE,6257,矽格,252.5,266.0,250.5,257.5,15922505.0
2026-10-06,TWSE,6269,台郡,65.1,66.3,64.9,66.1,2625479.0
2026-10-06,TWSE,6271,同欣電,230.5,239.0,230.0,234.5,4573045.0
2026-10-06,TWSE,6272,驊陞,25.2,26.35,25.2,25.85,170110.0
2026-10-06,TWSE,6277,宏正,77.6,77.9,76.9,77.1,86870.0
2026-10-06,TWSE,6278,台表科,217.0,218.5,213.0,217.0,6237633.0
2026-10-06,TWSE,6281,全國電,50.8,51.0,50.8,50.9,18960.0
2026-10-06,TWSE,6282,康舒,43.45,44.3,43.05,44.2,6063472.0
2026-10-06,TWSE,6283,淳安,19.1,19.2,19.0,19.15,45602.0
2026-10-06,TWSE,6285,啟碁,235.5,239.5,234.5,238.0,3030823.0
2026-10-06,TWSE,6405,悅城,41.9,43.05,41.25,42.5,3961514.0
2026-10-06,TWSE,6409,旭隼,891.0,894.0,886.0,886.0,170094.0
2026-10-06,TWSE,6412,群電,74.5,75.1,74.1,75.0,425531.0
2026-10-06,TWSE,6414,樺漢,402.5,405.0,398.5,401.5,896466.0
2026-10-06,TWSE,6415,矽力*-KY,418.0,428.0,417.5,425.0,2189982.0
2026-10-06,TWSE,6416,瑞祺電通,119.0,119.0,116.5,117.5,674694.0
2026-10-06,TWSE,6426,統新,350.5,373.0,344.5,361.5,4936579.0
2026-10-06,TWSE,6431,光麗-KY,17.1,17.15,17.05,17.05,73842.0
2026-10-06,TWSE,6438,迅得,168.5,170.0,166.0,168.0,1599682.0
2026-10-06,TWSE,6442,光聖,1520.0,1625.0,1520.0,1625.0,3748600.0
2026-10-06,TWSE,6443,元晶,27.8,29.2,27.7,28.75,7963358.0
2026-10-06,TWSE,6446,藥華藥,1170.0,1170.0,1140.0,1165.0,1255233.0
2026-10-06,TWSE,6449,鈺邦,227.0,233.0,223.5,224.5,3152829.0
2026-10-06,TWSE,6451,訊芯-KY,420.0,435.0,419.0,429.0,2590932.0
2026-10-06,TWSE,6456,GIS-KY,89.1,94.0,87.0,92.9,20444355.0
2026-10-06,TWSE,6464,台數科,75.3,76.4,75.3,76.3,45000.0
2026-10-06,TWSE,6472,保瑞,430.5,431.0,420.5,420.5,428488.0
2026-10-06,TWSE,6477,安集,35.2,35.2,34.3,34.6,614379.0
2026-10-06,TWSE,6491,晶碩,421.5,428.0,415.5,424.0,487235.0
2026-10-06,TWSE,6504,南六,36.85,37.75,36.85,37.55,31883.0
2026-10-06,TWSE,6505,台塑化,94.6,103.0,94.0,100.0,35503078.0
2026-10-06,TWSE,6515,穎崴,5770.0,6160.0,5770.0,6070.0,685143.0
2026-10-06,TWSE,6525,捷敏-KY,137.5,141.5,135.0,139.5,1020905.0
2026-10-06,TWSE,6526,達發,838.0,838.0,821.0,835.0,437729.0
2026-10-06,TWSE,6531,愛普*,932.0,1025.0,920.0,1000.0,5926915.0
2026-10-06,TWSE,6533,晶心科,366.5,366.5,350.5,352.0,7574941.0
2026-10-06,TWSE,6534,正瀚-創,90.1,93.9,89.7,92.8,117997.0
2026-10-06,TWSE,6541,泰福-KY,30.25,30.25,29.6,29.6,747941.0
2026-10-06,TWSE,6550,北極星藥業-KY,17.5,17.5,16.75,16.75,1215634.0
2026-10-06,TWSE,6552,易華電,25.05,25.05,24.6,24.65,69295.0
2026-10-06,TWSE,6558,興能高,25.35,25.6,25.2,25.5,161383.0
2026-10-06,TWSE,6573,虹揚-KY,16.2,16.5,15.75,16.3,297400.0
2026-10-06,TWSE,6579,研揚,160.5,160.5,158.5,158.5,155093.0
2026-10-06,TWSE,6581,鋼聯,108.0,109.0,108.0,108.0,14200.0
2026-10-06,TWSE,6582,申豐,31.25,31.4,31.25,31.4,18677.0
2026-10-06,TWSE,6585,鼎基,103.0,105.0,103.0,104.5,108786.0
2026-10-06,TWSE,6589,台康生技,52.2,52.4,50.3,50.8,800773.0
2026-10-06,TWSE,6591,動力-KY,42.95,42.95,42.45,42.55,75656.0
2026-10-06,TWSE,6592,和潤企業,56.7,57.2,56.1,56.3,1010759.0
2026-10-06,TWSE,6598,ABC-KY,26.25,27.7,26.25,27.25,305555.0
2026-10-06,TWSE,6605,帝寶,139.0,139.0,135.5,136.5,474219.0
2026-10-06,TWSE,6606,建德工業,24.8,25.3,24.8,25.25,50500.0
2026-10-06,TWSE,6614,資拓宏宇,35.3,35.55,35.2,35.4,23633.0
2026-10-06,TWSE,6625,必應,73.6,74.0,73.5,73.8,40751.0
2026-10-06,TWSE,6641,基士德-KY,16.9,17.1,16.85,17.0,30025.0
2026-10-06,TWSE,6645,金萬林-創,12.65,12.8,12.5,12.8,23563.0
2026-10-06,TWSE,6655,科定,125.0,128.0,122.0,125.0,59000.0
2026-10-06,TWSE,6657,華安,32.2,32.9,32.1,32.9,82058.0
2026-10-06,TWSE,6658,聯策,181.0,185.0,181.0,182.0,168445.0
2026-10-06,TWSE,6666,羅麗芬-KY,45.1,45.75,44.6,45.5,23132.0
2026-10-06,TWSE,6668,中揚光,47.1,47.95,46.5,47.35,1776027.0
2026-10-06,TWSE,6669,緯穎,2115.0,2125.0,2080.0,2085.0,2329609.0
2026-10-06,TWSE,6670,復盛應用,271.0,273.0,270.0,270.5,109754.0
2026-10-06,TWSE,6671,三能-KY,23.0,23.0,22.95,22.95,5050.0
2026-10-06,TWSE,6672,騰輝電子-KY,413.0,439.0,404.0,439.0,16620827.0
2026-10-06,TWSE,6674,鋐寶科技,18.3,18.35,18.25,18.35,85674.0
2026-10-06,TWSE,6689,伊雲谷,64.2,65.2,64.1,64.8,150925.0
2026-10-06,TWSE,6691,洋基工程,740.0,759.0,730.0,741.0,1319885.0
2026-10-06,TWSE,6695,芯鼎,56.3,56.5,54.4,54.4,575601.0
2026-10-06,TWSE,6698,旭暉應材,32.0,32.15,31.6,31.65,219379.0
2026-10-06,TWSE,6706,惠特,155.5,160.0,153.0,154.5,4150630.0
2026-10-06,TWSE,6715,嘉基,442.5,468.0,436.0,449.0,1913083.0
2026-10-06,TWSE,6719,力智,189.0,191.0,186.5,189.5,443925.0
2026-10-06,TWSE,6722,輝創,32.15,32.5,32.15,32.5,23000.0
2026-10-06,TWSE,6742,澤米,55.0,58.3,54.8,57.7,1414175.0
2026-10-06,TWSE,6743,安普新,33.7,36.45,33.5,35.45,1562415.0
2026-10-06,TWSE,6753,龍德造船,134.0,134.0,132.5,133.0,233147.0
2026-10-06,TWSE,6754,匯僑設計,40.65,41.5,40.65,41.3,14100.0
2026-10-06,TWSE,6756,威鋒電子,97.6,98.0,96.2,97.1,91658.0
2026-10-06,TWSE,6757,台灣虎航,53.1,53.4,53.1,53.4,355033.0
2026-10-06,TWSE,6768,志強-KY,63.2,63.9,62.9,63.7,149591.0
2026-10-06,TWSE,6770,力積電,75.0,77.9,74.2,76.5,178851877.0
2026-10-06,TWSE,6771,平和環保-創,42.9,42.9,42.05,42.7,47000.0
2026-10-06,TWSE,6776,展碁國際,52.8,52.9,52.4,52.7,75109.0
2026-10-06,TWSE,6781,AES-KY,1030.0,1035.0,1025.0,1025.0,249309.0
2026-10-06,TWSE,6782,視陽,236.5,237.5,232.0,236.0,127648.0
2026-10-06,TWSE,6789,采鈺,488.0,496.5,484.0,490.5,1150752.0
2026-10-06,TWSE,6790,永豐實,37.55,37.75,37.5,37.5,112914.0
2026-10-06,TWSE,6792,詠業,58.4,58.8,58.1,58.8,44490.0
2026-10-06,TWSE,6794,向榮生技,74.2,80.5,74.2,78.9,349167.0
2026-10-06,TWSE,6796,晉弘,54.0,58.4,53.2,57.7,80595.0
2026-10-06,TWSE,6799,來頡,92.7,93.0,91.3,91.7,286307.0
2026-10-06,TWSE,6805,富世達,2340.0,2375.0,2300.0,2310.0,1860964.0
2026-10-06,TWSE,6807,峰源-KY,31.8,32.05,31.55,32.05,12000.0
2026-10-06,TWSE,6830,汎銓,540.0,559.0,540.0,547.0,1744163.0
2026-10-06,TWSE,6831,邁科,474.5,485.0,473.5,481.0,609050.0
2026-10-06,TWSE,6834,天二科技,118.0,131.0,118.0,131.0,12078273.0
2026-10-06,TWSE,6835,圓裕,31.85,31.85,30.85,31.1,15294.0
2026-10-06,TWSE,6838,台新藥,25.5,25.7,25.0,25.3,204255.0
2026-10-06,TWSE,6854,錼創科技-KY創,93.7,97.1,93.7,94.9,189703.0
2026-10-06,TWSE,6861,睿生光電,293.0,298.5,290.0,296.0,1565281.0
2026-10-06,TWSE,6862,三集瑞-KY,142.0,145.0,142.0,142.0,205387.0
2026-10-06,TWSE,6863,永道-KY,94.7,96.0,94.3,96.0,66376.0
2026-10-06,TWSE,6869,雲豹能源,69.5,71.2,69.1,70.5,421697.0
2026-10-06,TWSE,6873,泓德能源,67.8,67.8,67.2,67.5,203315.0
2026-10-06,TWSE,6885,全福生技,31.7,31.85,30.4,30.4,883614.0
2026-10-06,TWSE,6887,寶綠特-KY,38.0,38.95,37.75,38.9,18080.0
2026-10-06,TWSE,6890,來億-KY,149.0,149.0,147.0,147.0,149846.0
2026-10-06,TWSE,6901,鑽石投資,16.75,17.05,16.45,17.0,1721017.0
2026-10-06,TWSE,6902,GOGOLOOK,155.5,155.5,149.0,150.0,473649.0
2026-10-06,TWSE,6906,現觀科,84.8,84.8,83.2,83.7,27775.0
2026-10-06,TWSE,6908,宏碁遊戲-創,26.8,27.5,26.5,26.9,84727.0
2026-10-06,TWSE,6909,創控,42.7,44.95,42.55,44.35,818121.0
2026-10-06,TWSE,6914,阜爾運通,118.5,118.5,118.0,118.5,64481.0
2026-10-06,TWSE,6916,華凌,18.5,18.8,18.4,18.8,26587.0
2026-10-06,TWSE,6918,愛派司,73.4,73.6,73.1,73.6,21329.0
2026-10-06,TWSE,6919,康霈*,79.1,80.4,78.5,79.9,3635766.0
2026-10-06,TWSE,6921,嘉雨思-創,64.5,66.0,63.2,66.0,18000.0
2026-10-06,TWSE,6923,中台,75.0,75.0,74.5,74.6,37762.0
2026-10-06,TWSE,6924,榮惠-KY創,135.0,136.5,133.5,133.5,12000.0
2026-10-06,TWSE,6928,攸泰科技,46.1,46.1,45.8,45.85,38231.0
2026-10-06,TWSE,6931,青松健康,38.85,38.85,38.2,38.4,48975.0
2026-10-06,TWSE,6933,AMAX-KY,394.0,413.0,378.0,379.0,3286200.0
2026-10-06,TWSE,6934,心誠鎂,74.0,74.6,73.9,73.9,101215.0
2026-10-06,TWSE,6936,永鴻生技,31.85,32.2,31.85,32.2,7779.0
2026-10-06,TWSE,6937,天虹,303.0,308.5,301.5,303.5,368933.0
2026-10-06,TWSE,6944,兆聯實業,805.0,810.0,785.0,799.0,450959.0
2026-10-06,TWSE,6947,台鎔科技,67.9,68.9,67.9,68.3,168311.0
2026-10-06,TWSE,6949,沛爾生醫*-創,48.85,49.2,44.5,44.5,14023533.0
2026-10-06,TWSE,6951,青新-創,69.2,69.3,69.2,69.3,9637.0
2026-10-06,TWSE,6952,大武山,38.35,38.9,37.7,38.9,13023.0
2026-10-06,TWSE,6955,邦睿生技-創,94.0,94.0,93.1,93.5,10807.0
2026-10-06,TWSE,6957,裕慶-KY,375.0,389.0,366.0,377.0,598230.0
2026-10-06,TWSE,6958,日盛台駿,17.2,17.2,16.95,17.0,82269.0
2026-10-06,TWSE,6962,奕力-KY,33.15,33.4,32.65,33.4,2227485.0
2026-10-06,TWSE,6965,中傑-KY,62.6,62.8,61.2,61.6,128044.0
2026-10-06,TWSE,6969,成信實業*-創,30.45,30.5,29.85,30.0,210148.0
2026-10-06,TWSE,6988,威力暘-創,11.6,11.75,11.3,11.45,140020.0
2026-10-06,TWSE,6994,富威電力,29.95,32.05,29.3,32.05,2578924.0
2026-10-06,TWSE,7610,聯友金屬-創,1790.0,1805.0,1715.0,1725.0,663600.0
2026-10-06,TWSE,7631,聚賢研發-創,147.0,147.0,144.0,144.0,70867.0
2026-10-06,TWSE,7689,大鵬科CLMX,160.5,164.0,159.0,161.0,180472.0
2026-10-06,TWSE,7705,三商餐飲,29.7,29.85,29.7,29.85,12728.0
2026-10-06,TWSE,7711,永擎,616.0,620.0,602.0,610.0,1491739.0
2026-10-06,TWSE,7721,微程式,62.4,63.4,61.9,63.3,36053.0
2026-10-06,TWSE,7722,LINEPAY,262.0,262.0,260.0,260.0,30038.0
2026-10-06,TWSE,7730,暉盛-創,188.0,193.0,185.5,187.0,154153.0
2026-10-06,TWSE,7732,金興精密,33.2,33.3,32.35,32.7,23086.0
2026-10-06,TWSE,7736,虎山,68.7,69.8,68.7,69.8,50054.0
2026-10-06,TWSE,7740,熙特爾-創,103.0,103.0,101.0,102.0,129528.0
2026-10-06,TWSE,7749,意騰-KY,402.5,402.5,395.0,397.5,197925.0
2026-10-06,TWSE,7750,新代,1890.0,1905.0,1875.0,1885.0,132180.0
2026-10-06,TWSE,7760,享溫馨,32.55,32.55,32.5,32.5,10061.0
2026-10-06,TWSE,7765,中華資安,235.5,235.5,232.5,232.5,86853.0
2026-10-06,TWSE,7768,頌勝科技,303.0,324.5,303.0,313.0,290889.0
2026-10-06,TWSE,7769,鴻勁,5500.0,5600.0,5460.0,5580.0,457266.0
2026-10-06,TWSE,7780,大研生醫*,16.15,16.2,16.05,16.05,1055671.0
2026-10-06,TWSE,7786,東方風能,118.5,119.0,117.5,117.5,95267.0
2026-10-06,TWSE,7788,松川精密,289.0,309.5,289.0,307.0,2364467.0
2026-10-06,TWSE,7791,皇家可口,54.8,55.0,54.6,55.0,25906.0
2026-10-06,TWSE,7795,長廣,532.0,566.0,524.0,548.0,1641333.0
2026-10-06,TWSE,7799,禾榮科,558.0,561.0,535.0,543.0,954743.0
2026-10-06,TWSE,7803,雲象科技-創,17.85,17.95,17.45,17.6,101000.0
2026-10-06,TWSE,7812,稜研科技*-創,66.3,67.5,65.5,65.9,171803.0
2026-10-06,TWSE,7818,溢泰實業,60.0,60.1,59.5,60.0,93762.0
2026-10-06,TWSE,7821,神數,35.5,35.55,35.1,35.35,122057.0
2026-10-06,TWSE,7822,倍利科,1000.0,1015.0,990.0,1000.0,215376.0
2026-10-06,TWSE,7823,奧義賽博-KY創,80.1,80.1,79.3,79.5,25450.0
2026-10-06,TWSE,7827,漢康-KY創,166.0,167.0,159.0,167.0,418961.0
2026-10-06,TWSE,7835,永悅健康-創,19.6,20.0,19.6,19.95,21000.0
2026-10-06,TWSE,7855,和運租車,41.45,41.5,41.35,41.4,293839.0
2026-10-06,TWSE,8011,台通,16.0,16.1,16.0,16.1,149109.0
2026-10-06,TWSE,8016,矽創,286.0,291.0,286.0,291.0,391697.0
2026-10-06,TWSE,8021,尖點,503.0,553.0,501.0,553.0,9216082.0
2026-10-06,TWSE,8028,昇陽半導體,280.0,287.0,277.5,283.5,5010534.0
2026-10-06,TWSE,8033,雷虎,175.5,176.5,172.5,175.0,1830423.0
2026-10-06,TWSE,8039,台虹,285.0,296.0,280.5,296.0,19171352.0
2026-10-06,TWSE,8045,達運光電,55.0,57.2,54.9,56.3,225827.0
2026-10-06,TWSE,8046,南電,1440.0,1480.0,1395.0,1460.0,16705151.0
2026-10-06,TWSE,8070,長華*,50.2,50.9,49.85,50.7,1987144.0
2026-10-06,TWSE,8072,陞泰,27.7,27.8,27.6,27.7,129960.0
2026-10-06,TWSE,8081,致新,255.0,257.0,253.0,257.0,476238.0
2026-10-06,TWSE,8101,華冠,11.0,11.0,10.7,10.7,8510.0
2026-10-06,TWSE,8103,瀚荃,123.0,124.0,121.0,121.0,1955142.0
2026-10-06,TWSE,8104,錸寶,31.7,31.95,31.45,31.75,183050.0
2026-10-06,TWSE,8105,凌巨,15.45,15.75,15.4,15.6,2228765.0
2026-10-06,TWSE,8110,華東,48.8,50.4,48.6,49.95,9920246.0
2026-10-06,TWSE,8112,至上,84.1,84.5,83.6,84.1,5045893.0
2026-10-06,TWSE,8114,振樺電,179.0,179.0,177.0,178.5,135896.0
2026-10-06,TWSE,8131,福懋科,62.9,65.4,62.5,63.5,3629621.0
2026-10-06,TWSE,8150,南茂,116.0,127.0,114.5,127.0,99203568.0
2026-10-06,TWSE,8162,微矽電子-創,68.2,68.3,67.0,67.4,328373.0
2026-10-06,TWSE,8163,達方,30.6,31.4,30.35,31.2,963152.0
2026-10-06,TWSE,8201,無敵,17.55,17.8,17.0,17.1,1540654.0
2026-10-06,TWSE,8210,勤誠,848.0,848.0,834.0,841.0,1636063.0
2026-10-06,TWSE,8213,志超,33.8,34.3,33.8,34.25,416892.0
2026-10-06,TWSE,8215,明基材,29.3,29.8,29.1,29.7,1925721.0
2026-10-06,TWSE,8222,寶一,35.55,35.65,35.3,35.4,210920.0
2026-10-06,TWSE,8249,菱光,39.45,41.15,39.3,41.0,464058.0
2026-10-06,TWSE,8261,富鼎,182.5,192.0,180.0,186.5,5681906.0
2026-10-06,TWSE,8271,宇瞻,202.5,203.0,201.0,202.5,681048.0
2026-10-06,TWSE,8341,日友,74.3,74.3,74.1,74.2,112529.0
2026-10-06,TWSE,8367,建新國際,40.05,41.3,40.05,40.65,55146.0
2026-10-06,TWSE,8374,羅昇,77.5,78.1,77.1,77.6,152048.0
2026-10-06,TWSE,8404,百和興業-KY,13.2,13.3,13.05,13.15,708954.0
2026-10-06,TWSE,8411,福貞-KY,11.8,11.8,11.6,11.6,241808.0
2026-10-06,TWSE,8422,可寧衛*,25.55,25.7,25.45,25.5,2992277.0
2026-10-06,TWSE,8429,金麗-KY,5.88,5.92,5.88,5.9,126137.0
2026-10-06,TWSE,8438,昶昕,82.0,85.0,81.9,84.2,900296.0
2026-10-06,TWSE,8442,威宏-KY,45.8,46.6,45.2,45.9,77554.0
2026-10-06,TWSE,8443,阿瘦,11.05,11.05,10.95,11.0,36085.0
2026-10-06,TWSE,8454,富邦媒,238.0,242.0,237.0,239.0,203142.0
2026-10-06,TWSE,8462,柏文,158.5,160.0,157.0,157.0,64969.0
2026-10-06,TWSE,8463,潤泰材,21.1,21.2,21.1,21.2,24018.0
2026-10-06,TWSE,8464,億豐,362.5,363.5,360.5,361.0,158244.0
2026-10-06,TWSE,8466,美吉吉-KY,15.1,15.2,15.05,15.05,16014.0
2026-10-06,TWSE,8467,波力-KY,88.2,88.2,87.9,88.2,14027.0
2026-10-06,TWSE,8473,山林水,39.1,39.2,38.8,38.95,419346.0
2026-10-06,TWSE,8476,台境*,20.35,20.6,20.0,20.0,254033.0
2026-10-06,TWSE,8478,東哥遊艇,141.5,141.5,140.5,141.0,57550.0
2026-10-06,TWSE,8481,政伸,40.65,40.65,40.55,40.55,22030.0
2026-10-06,TWSE,8482,商億-KY,47.25,48.1,47.25,48.1,7056.0
2026-10-06,TWSE,8487,愛爾達-創,70.3,70.4,70.2,70.3,7453.0
2026-10-06,TWSE,8488,吉源-KY,9.77,9.92,9.7,9.74,31000.0
2026-10-06,TWSE,8499,鼎炫-KY,254.0,254.5,252.0,254.5,22201.0
2026-10-06,TWSE,8926,台汽電,58.9,59.3,58.4,59.0,1416775.0
2026-10-06,TWSE,8940,新天地,15.15,15.15,14.8,14.85,11406.0
2026-10-06,TWSE,8996,高力,1595.0,1635.0,1490.0,1510.0,5868925.0
2026-10-06,TWSE,9103,美德醫療-DR,4.94,4.98,4.92,4.95,350330.0
2026-10-06,TWSE,9105,泰金寶-DR,8.45,8.47,8.4,8.4,9479177.0
2026-10-06,TWSE,9110,越南控-DR,2.99,2.99,2.98,2.98,6000.0
2026-10-06,TWSE,9136,巨騰-DR,9.09,9.4,9.09,9.38,307857.0
2026-10-06,TWSE,9802,鈺齊-KY,64.5,64.9,64.1,64.4,397916.0
2026-10-06,TWSE,9902,台火,13.2,13.2,13.05,13.05,92177.0
2026-10-06,TWSE,9904,寶成,24.8,24.85,24.6,24.7,8170592.0
2026-10-06,TWSE,9905,大華,21.4,21.45,21.3,21.3,71310.0
2026-10-06,TWSE,9906,欣巴巴,39.5,39.85,39.5,39.55,49406.0
2026-10-06,TWSE,9907,統一實,14.8,15.0,14.8,14.95,951733.0
2026-10-06,TWSE,9908,大台北,28.95,29.0,28.95,28.95,96958.0
2026-10-06,TWSE,9910,豐泰,68.3,68.7,67.8,67.8,899806.0
2026-10-06,TWSE,9911,櫻花,81.5,81.7,81.3,81.4,164664.0
2026-10-06,TWSE,9912,偉聯,12.8,12.9,12.7,12.8,34375.0
2026-10-06,TWSE,9914,美利達,68.4,68.6,67.8,68.3,633839.0
2026-10-06,TWSE,9917,中保科,106.0,106.0,105.5,106.0,305124.0
2026-10-06,TWSE,9918,欣天然,43.2,43.2,42.7,43.2,23039.0
2026-10-06,TWSE,9919,康那香,13.75,13.95,13.7,13.9,140080.0
2026-10-06,TWSE,9921,巨大,91.4,92.6,90.7,91.4,1196095.0
2026-10-06,TWSE,9924,福興,37.85,38.25,37.85,37.95,34395.0
2026-10-06,TWSE,9925,新保,39.55,39.6,39.5,39.5,150998.0
2026-10-06,TWSE,9926,新海,48.85,48.85,48.8,48.8,13769.0
2026-10-06,TWSE,9927,泰銘,63.9,63.9,62.8,62.9,442219.0
2026-10-06,TWSE,9928,中視,18.0,18.0,17.9,18.0,14000.0
2026-10-06,TWSE,9929,秋雨,11.1,11.1,11.05,11.05,3251.0
2026-10-06,TWSE,9930,中聯資源,60.2,60.2,59.6,59.8,99015.0
2026-10-06,TWSE,9931,欣高,33.8,34.15,33.8,33.85,14335.0
2026-10-06,TWSE,9933,中鼎,41.8,45.8,41.8,45.8,21275998.0
2026-10-06,TWSE,9934,成霖,9.85,9.89,9.82,9.83,338796.0
2026-10-06,TWSE,9935,慶豐富,18.25,18.5,18.25,18.3,93268.0
2026-10-06,TWSE,9937,全國,54.3,54.3,54.1,54.2,22201.0
2026-10-06,TWSE,9938,百和,38.3,38.45,38.15,38.25,391812.0
2026-10-06,TWSE,9939,宏全,124.0,125.0,122.5,124.5,728621.0
2026-10-06,TWSE,9940,信義,20.0,20.2,19.9,20.1,220102.0
2026-10-06,TWSE,9941,裕融,77.8,77.8,76.5,76.7,1690865.0
2026-10-06,TWSE,9942,茂順,113.5,114.5,113.5,113.5,29549.0
2026-10-06,TWSE,9943,好樂迪,50.4,50.7,50.4,50.5,49836.0
2026-10-06,TWSE,9944,新麗,17.15,17.2,17.1,17.1,22193.0
2026-10-06,TWSE,9945,潤泰新,29.25,29.3,29.0,29.1,3575449.0
2026-10-06,TWSE,9946,三發地產,16.95,17.0,16.85,16.85,96165.0
2026-10-06,TWSE,9955,佳龍,23.0,23.2,22.95,23.0,101426.0
2026-10-06,TWSE,9958,世紀鋼,92.0,92.4,91.3,91.4,634075.0
2026-10-06,TPEX,1240,茂生農經,54.0,54.2,53.8,53.9,62566.0
2026-10-06,TPEX,1259,安心,,,,,692.0
2026-10-06,TPEX,1264,德麥,246.0,246.5,245.0,246.5,19310.0
2026-10-06,TPEX,1268,漢來美食,177.0,177.0,176.0,176.0,10048.0
2026-10-06,TPEX,1294,漢田生技,49.75,49.9,49.4,49.8,34220.0
2026-10-06,TPEX,1295,生合,49.0,49.25,48.65,49.05,54086.0
2026-10-06,TPEX,1336,台翰,18.25,18.25,17.55,18.0,272637.0
2026-10-06,TPEX,1565,精華,97.2,97.2,96.5,96.7,128019.0
2026-10-06,TPEX,1569,濱川,68.7,71.0,67.5,68.5,7590931.0
2026-10-06,TPEX,1570,力肯,32.7,32.7,32.5,32.5,12419.0
2026-10-06,TPEX,1580,新麥,97.1,97.1,95.5,95.8,106776.0
2026-10-06,TPEX,1584,精剛,18.6,18.7,18.05,18.1,664790.0
2026-10-06,TPEX,1586,和勤,17.95,18.0,17.65,17.8,404809.0
2026-10-06,TPEX,1591,駿吉-KY,42.2,42.2,40.5,41.85,402203.0
2026-10-06,TPEX,1593,祺驊,31.6,31.6,31.4,31.4,15700.0
2026-10-06,TPEX,1595,川寶,79.4,79.4,71.6,73.5,3595559.0
2026-10-06,TPEX,1599,宏佳騰,23.15,23.2,22.9,23.1,17934.0
2026-10-06,TPEX,1742,台蠟,17.35,17.5,17.35,17.35,42738.0
2026-10-06,TPEX,1777,生泰,74.0,74.4,74.0,74.4,14312.0
2026-10-06,TPEX,1780,立弘,25.05,25.25,24.85,25.15,50119.0
2026-10-06,TPEX,1781,合世,9.99,9.99,9.8,9.8,35271.0
2026-10-06,TPEX,1784,訊聯,59.9,60.2,59.0,59.5,85995.0
2026-10-06,TPEX,1785,光洋科,105.0,105.0,102.5,102.5,6054633.0
2026-10-06,TPEX,1788,杏昌,127.5,128.0,127.5,128.0,13305.0
2026-10-06,TPEX,1796,金穎生技,29.5,29.5,29.5,29.5,4009.0
2026-10-06,TPEX,1799,易威,29.2,29.2,28.5,28.6,202271.0
2026-10-06,TPEX,1813,寶利徠,11.3,11.3,11.25,11.25,5701.0
2026-10-06,TPEX,1815,富喬,124.5,128.5,123.5,128.5,73507950.0
2026-10-06,TPEX,2035,唐榮,,,,,88.0
2026-10-06,TPEX,2061,風青,69.3,71.8,63.6,65.2,5432661.0
2026-10-06,TPEX,2063,世鎧,23.65,23.9,23.5,23.8,47554.0
2026-10-06,TPEX,2064,晉椿,12.0,12.35,11.9,11.95,357000.0
2026-10-06,TPEX,2065,世豐,35.75,35.75,35.5,35.55,67267.0
2026-10-06,TPEX,2066,世德,52.4,52.6,52.0,52.4,33790.0
2026-10-06,TPEX,2067,嘉鋼,4.93,5.0,4.81,4.89,44003.0
2026-10-06,TPEX,2070,精湛,64.1,64.1,62.5,62.6,92619.0
2026-10-06,TPEX,2073,雄順,25.6,25.6,25.6,25.6,2000.0
2026-10-06,TPEX,2221,大甲,189.0,191.0,181.0,186.0,786964.0
2026-10-06,TPEX,2230,泰茂,22.05,22.4,21.7,21.8,128927.0
2026-10-06,TPEX,2235,謚源,27.15,27.2,27.15,27.2,6000.0
2026-10-06,TPEX,2596,綠意,34.8,35.25,34.1,34.3,74410.0
2026-10-06,TPEX,2640,大車隊,156.5,156.5,153.0,154.0,58383.0
2026-10-06,TPEX,2641,正德,17.5,17.5,17.2,17.25,1613648.0
2026-10-06,TPEX,2643,捷迅,61.8,62.6,61.8,62.6,10691.0
2026-10-06,TPEX,2718,全心投控,40.4,40.45,40.3,40.3,6278.0
2026-10-06,TPEX,2719,燦星旅,19.7,19.8,19.4,19.4,5026.0
2026-10-06,TPEX,2724,藝舍-KY,12.45,12.45,12.45,12.45,1162.0
2026-10-06,TPEX,2726,雅茗-KY,8.03,8.03,7.97,8.0,23000.0
2026-10-06,TPEX,2729,瓦城,155.0,155.0,154.0,154.5,18327.0
2026-10-06,TPEX,2732,六角,63.4,63.5,63.1,63.3,18370.0
2026-10-06,TPEX,2734,易飛網,14.3,14.4,14.2,14.35,71434.0
2026-10-06,TPEX,2736,富野,11.3,11.3,11.2,11.2,9255.0
2026-10-06,TPEX,2740,華軒,30.2,30.95,30.0,30.95,5510.0
2026-10-06,TPEX,2743,山富,52.3,52.3,51.0,51.3,109402.0
2026-10-06,TPEX,2745,五福,84.6,84.9,84.2,84.9,39078.0
2026-10-06,TPEX,2751,王座,52.3,53.0,52.0,53.0,7506.0
2026-10-06,TPEX,2752,豆府,177.5,177.5,176.0,176.0,19953.0
2026-10-06,TPEX,2754,亞洲藏壽司,69.4,69.4,67.0,67.2,58004.0
2026-10-06,TPEX,2755,揚秦,99.0,100.0,98.8,99.5,43554.0
2026-10-06,TPEX,2756,聯發國際,62.9,62.9,60.9,62.0,4398.0
2026-10-06,TPEX,2916,滿心,40.6,40.6,40.45,40.5,42947.0
2026-10-06,TPEX,2924,宏太-KY,18.95,19.3,18.95,19.3,3000.0
2026-10-06,TPEX,2926,誠品生活,29.45,30.1,29.45,30.1,8664.0
2026-10-06,TPEX,2937,集雅社,,,,,210.0
2026-10-06,TPEX,2938,床的世界,18.4,18.6,18.05,18.15,76307.0
2026-10-06,TPEX,2941,米斯特,30.75,30.75,30.75,30.75,1011.0
2026-10-06,TPEX,2947,振宇五金,61.5,61.5,60.9,61.0,24800.0
2026-10-06,TPEX,2948,寶陞,36.5,37.25,35.9,37.25,4000.0
2026-10-06,TPEX,2949,欣新網,62.5,62.5,62.5,62.5,1342.0
2026-10-06,TPEX,3064,泰偉,15.8,15.8,14.25,14.3,17547.0
2026-10-06,TPEX,3066,李洲,29.2,29.65,28.05,28.05,1535350.0
2026-10-06,TPEX,3067,全域,,,,,0.0
2026-10-06,TPEX,3071,協禧,23.0,23.05,22.7,22.7,188901.0
2026-10-06,TPEX,3073,天方能源,20.8,20.8,20.45,20.55,19520.0
2026-10-06,TPEX,3078,僑威,45.95,46.2,45.65,46.0,479968.0
2026-10-06,TPEX,3081,聯亞,3000.0,3105.0,2900.0,3000.0,7078580.0
2026-10-06,TPEX,3083,網龍,24.0,24.0,23.75,23.75,29000.0
2026-10-06,TPEX,3086,華義*,28.95,28.95,27.35,27.4,101877.0
2026-10-06,TPEX,3088,艾訊,133.5,136.0,132.0,134.5,770015.0
2026-10-06,TPEX,3093,港建*,47.3,47.3,45.9,46.7,284846.0
2026-10-06,TPEX,3095,及成,33.5,33.5,33.5,33.5,1254.0
2026-10-06,TPEX,3105,穩懋,614.0,630.0,604.0,615.0,48127911.0
2026-10-06,TPEX,3114,好德,42.7,43.6,42.05,43.6,1935420.0
2026-10-06,TPEX,3115,富榮綱,8.59,8.59,8.5,8.5,2630.0
2026-10-06,TPEX,3118,進階,31.7,31.7,31.0,31.2,15496.0
2026-10-06,TPEX,3122,笙泉,24.2,24.2,23.3,23.35,57105.0
2026-10-06,TPEX,3128,昇銳,20.5,20.5,20.0,20.05,79567.0
2026-10-06,TPEX,3131,弘塑,2470.0,2580.0,2455.0,2530.0,541157.0
2026-10-06,TPEX,3141,晶宏,88.1,92.6,87.7,88.0,3545373.0
2026-10-06,TPEX,3147,大綜,264.5,275.0,257.0,275.0,1487464.0
2026-10-06,TPEX,3152,璟德,237.5,240.5,235.0,240.0,144596.0
2026-10-06,TPEX,3158,嘉實,85.6,86.3,85.5,86.0,10309.0
2026-10-06,TPEX,3162,精確,89.2,90.0,86.2,86.9,2807673.0
2026-10-06,TPEX,3163,波若威,722.0,725.0,707.0,709.0,5016672.0
2026-10-06,TPEX,3169,亞信,115.5,115.5,113.0,113.5,206499.0
2026-10-06,TPEX,3171,炎洲流通,57.3,57.5,57.2,57.2,6485.0
2026-10-06,TPEX,3176,基亞,37.8,38.25,37.35,38.25,444905.0
2026-10-06,TPEX,3178,公準,72.1,72.8,69.1,69.8,294344.0
2026-10-06,TPEX,3188,鑫龍騰,23.0,23.0,22.65,22.65,396981.0
2026-10-06,TPEX,3191,雲嘉南,17.45,17.5,17.0,17.0,21009.0
2026-10-06,TPEX,3205,佰研,47.1,47.4,46.9,47.0,25760.0
2026-10-06,TPEX,3206,志豐,34.05,34.7,33.8,34.0,50483.0
2026-10-06,TPEX,3207,耀勝,40.5,41.0,39.2,40.0,216665.0
2026-10-06,TPEX,3211,順達,404.0,406.5,394.0,399.0,3841007.0
2026-10-06,TPEX,3213,茂訊,123.5,126.0,123.5,125.5,319023.0
2026-10-06,TPEX,3217,優群,130.0,130.0,128.5,129.0,255408.0
2026-10-06,TPEX,3218,大學光,133.5,134.0,132.5,133.5,198914.0
2026-10-06,TPEX,3219,倚強科,129.0,131.0,125.5,128.0,1041855.0
2026-10-06,TPEX,3221,台嘉碩,56.3,59.1,55.6,55.7,8466693.0
2026-10-06,TPEX,3224,三顧,31.8,32.45,31.35,31.45,63250.0
2026-10-06,TPEX,3226,龍鋒,62.5,62.8,61.7,62.8,11079.0
2026-10-06,TPEX,3227,原相,189.0,190.0,187.5,188.5,958600.0
2026-10-06,TPEX,3228,金麗科,177.0,177.0,171.5,172.0,352565.0
2026-10-06,TPEX,3230,錦明,41.95,41.95,40.5,40.75,579462.0
2026-10-06,TPEX,3232,昱捷,20.6,20.6,20.25,20.25,17268.0
2026-10-06,TPEX,3234,光環,185.0,190.0,178.5,180.0,4340872.0
2026-10-06,TPEX,3236,千如,54.0,57.7,52.5,53.5,24975064.0
2026-10-06,TPEX,3252,海灣,15.4,15.4,15.1,15.3,16006.0
2026-10-06,TPEX,3259,鑫創,12.85,13.4,12.85,13.0,130867.0
2026-10-06,TPEX,3260,威剛,382.5,384.0,376.0,378.0,4502213.0
2026-10-06,TPEX,3264,欣銓,249.0,249.0,239.5,241.5,19553892.0
2026-10-06,TPEX,3265,台星科,191.5,193.0,185.0,188.0,1658565.0
2026-10-06,TPEX,3268,海德威,21.9,23.75,21.9,23.1,1042131.0
2026-10-06,TPEX,3272,東碩,14.3,14.3,14.1,14.15,14400.0
2026-10-06,TPEX,3276,宇環,14.4,14.4,14.1,14.15,51875.0
2026-10-06,TPEX,3284,太普高,20.2,22.1,19.8,21.6,839813.0
2026-10-06,TPEX,3285,微端,42.0,42.0,41.75,41.95,25586.0
2026-10-06,TPEX,3287,廣寰科,42.65,42.65,40.55,40.55,501088.0
2026-10-06,TPEX,3288,點晶,21.05,21.95,21.0,21.55,16319.0
2026-10-06,TPEX,3289,宜特,144.5,144.5,140.5,141.0,1114786.0
2026-10-06,TPEX,3290,東浦,51.0,51.3,49.6,49.95,570531.0
2026-10-06,TPEX,3293,鈊象,797.0,798.0,787.0,794.0,1371999.0
2026-10-06,TPEX,3294,英濟,33.25,33.3,32.35,32.35,732507.0
2026-10-06,TPEX,3297,杭特,32.85,33.4,31.8,32.1,242452.0
2026-10-06,TPEX,3303,岱稜,49.2,49.2,48.75,48.9,177308.0
2026-10-06,TPEX,3306,鼎天,47.1,47.8,47.05,47.5,65971.0
2026-10-06,TPEX,3310,佳穎,68.6,68.6,67.0,67.6,11306.0
2026-10-06,TPEX,3313,斐成,10.4,10.5,10.3,10.3,91926.0
2026-10-06,TPEX,3317,尼克森,67.5,71.8,67.3,71.8,6735439.0
2026-10-06,TPEX,3322,建舜電,11.35,11.35,10.95,11.2,364358.0
2026-10-06,TPEX,3323,加百裕,30.8,31.05,30.0,30.6,857978.0
2026-10-06,TPEX,3324,雙鴻,1515.0,1575.0,1490.0,1550.0,4586005.0
2026-10-06,TPEX,3325,旭品,11.8,11.95,11.6,11.6,111486.0
2026-10-06,TPEX,3332,幸康,64.5,65.0,64.0,64.9,32061.0
2026-10-06,TPEX,3339,泰谷,47.3,47.9,45.9,45.9,1801718.0
2026-10-06,TPEX,3349,寶德,19.5,19.5,18.6,19.0,87300.0
2026-10-06,TPEX,3354,律勝,30.3,33.1,29.45,31.6,4296636.0
2026-10-06,TPEX,3357,臺慶科,222.0,227.0,217.5,218.0,2363542.0
2026-10-06,TPEX,3360,尚立,15.7,15.75,15.25,15.3,288310.0
2026-10-06,TPEX,3362,先進光,178.0,193.0,178.0,191.0,7905467.0
2026-10-06,TPEX,3363,上詮,682.0,688.0,663.0,664.0,2943478.0
2026-10-06,TPEX,3372,典範,16.9,16.95,16.3,16.35,811570.0
2026-10-06,TPEX,3373,熱映,16.1,16.1,15.9,15.9,38507.0
2026-10-06,TPEX,3374,精材,478.5,505.0,471.5,498.5,3601808.0
2026-10-06,TPEX,3379,彬台,28.35,28.45,27.5,27.7,41183.0
2026-10-06,TPEX,3388,崇越電,85.0,87.2,84.1,84.6,565414.0
2026-10-06,TPEX,3390,旭軟,22.5,22.6,22.0,22.2,156458.0
2026-10-06,TPEX,3402,漢科,140.5,142.5,139.5,140.0,745451.0
2026-10-06,TPEX,3430,奇鈦科,114.5,116.0,112.5,113.0,299351.0
2026-10-06,TPEX,3434,哲固,31.5,31.5,30.5,31.0,74704.0
2026-10-06,TPEX,3438,類比科,62.7,63.1,61.7,61.8,67710.0
2026-10-06,TPEX,3441,聯一光,215.0,232.0,215.0,232.0,9682549.0
2026-10-06,TPEX,3444,利機,81.4,81.4,76.8,77.0,428999.0
2026-10-06,TPEX,3455,由田,286.0,295.5,274.0,283.5,8870462.0
2026-10-06,TPEX,3465,進泰電子,30.05,30.05,29.65,29.85,16026.0
2026-10-06,TPEX,3466,德晉,24.05,24.3,24.0,24.3,141189.0
2026-10-06,TPEX,3467,台灣精材,73.6,74.8,70.5,71.1,777846.0
2026-10-06,TPEX,3479,安勤,137.0,138.5,136.0,136.0,525562.0
2026-10-06,TPEX,3483,力致,81.5,84.8,79.9,81.3,1070807.0
2026-10-06,TPEX,3484,崧騰,49.4,49.45,48.55,49.15,333523.0
2026-10-06,TPEX,3485,敘豐,217.0,219.5,213.5,217.0,131678.0
2026-10-06,TPEX,3489,森寶,23.25,23.3,22.85,22.95,88377.0
2026-10-06,TPEX,3490,單井,49.7,50.0,46.1,46.15,8282809.0
2026-10-06,TPEX,3491,昇達科,1530.0,1630.0,1515.0,1630.0,2357556.0
2026-10-06,TPEX,3492,長盛,19.45,19.85,19.45,19.7,74186.0
2026-10-06,TPEX,3498,陽程,215.0,236.5,214.0,236.5,4847096.0
2026-10-06,TPEX,3499,環天科,13.8,13.8,13.2,13.5,118574.0
2026-10-06,TPEX,3508,位速,25.85,26.15,24.75,24.9,434576.0
2026-10-06,TPEX,3511,矽瑪,19.75,20.5,19.75,20.25,297490.0
2026-10-06,TPEX,3512,皇龍,19.05,19.1,18.95,18.95,40406.0
2026-10-06,TPEX,3516,亞帝歐,25.9,26.3,25.4,26.25,75728.0
2026-10-06,TPEX,3520,華盈,17.7,18.85,17.5,18.05,853378.0
2026-10-06,TPEX,3521,台鋼建設,11.8,11.8,11.55,11.55,109417.0
2026-10-06,TPEX,3522,御嵿,12.4,12.45,12.0,12.15,53374.0
2026-10-06,TPEX,3523,迎輝,14.25,14.25,13.75,14.1,23422.0
2026-10-06,TPEX,3526,凡甲,277.0,277.0,274.0,276.0,156043.0
2026-10-06,TPEX,3527,聚積,51.5,51.7,50.9,50.9,55124.0
2026-10-06,TPEX,3529,力旺,3220.0,3250.0,3145.0,3155.0,992246.0
2026-10-06,TPEX,3531,先益,21.25,21.25,21.15,21.15,3050.0
2026-10-06,TPEX,3537,堡達,57.3,57.5,55.6,56.0,628838.0
2026-10-06,TPEX,3540,曜越,23.65,25.15,23.45,24.6,1633483.0
2026-10-06,TPEX,3541,西柏,24.55,24.85,24.4,24.6,53075.0
2026-10-06,TPEX,3546,宇峻,73.2,73.3,72.0,72.2,123567.0
2026-10-06,TPEX,3548,兆利,77.2,77.2,75.6,75.6,523503.0
2026-10-06,TPEX,3551,世禾,202.5,205.0,198.0,199.0,1616839.0
2026-10-06,TPEX,3552,同致,46.1,46.1,44.2,44.4,477755.0
2026-10-06,TPEX,3555,博士旺,168.0,169.0,166.0,166.5,36263.0
2026-10-06,TPEX,3556,禾瑞亞,60.0,60.0,58.3,58.5,178034.0
2026-10-06,TPEX,3558,神準,132.0,132.0,130.0,130.5,160025.0
2026-10-06,TPEX,3564,其陽,61.7,61.7,61.7,61.7,891986.0
2026-10-06,TPEX,3567,逸昌,26.35,26.35,25.9,26.0,55121.0
2026-10-06,TPEX,3570,大塚,170.0,170.0,169.0,169.5,11350.0
2026-10-06,TPEX,3577,泓格,114.5,115.0,112.0,112.0,327493.0
2026-10-06,TPEX,3580,友威科,111.0,111.5,106.0,108.0,1113612.0
2026-10-06,TPEX,3581,博磊,118.5,120.5,116.0,117.5,739447.0
2026-10-06,TPEX,3587,閎康,249.5,261.0,245.5,257.5,1325565.0
2026-10-06,TPEX,3594,磐儀,47.65,47.65,46.1,46.2,399551.0
2026-10-06,TPEX,3597,映興,28.35,30.45,28.35,30.45,1214738.0
2026-10-06,TPEX,3609,三一東林,22.8,24.0,22.6,23.65,93002.0
2026-10-06,TPEX,3611,鼎翰,184.0,184.0,182.5,182.5,60555.0
2026-10-06,TPEX,3615,安可,45.4,45.8,43.85,44.45,2327303.0
2026-10-06,TPEX,3623,富晶通,30.55,31.2,29.95,30.05,168904.0
2026-10-06,TPEX,3624,光頡,151.0,154.5,145.5,145.5,14880336.0
2026-10-06,TPEX,3625,西勝,11.4,11.4,10.05,10.4,1243656.0
2026-10-06,TPEX,3628,盈正,72.9,72.9,71.5,72.2,94889.0
2026-10-06,TPEX,3629,地心引力,13.7,13.7,13.35,13.35,5180.0
2026-10-06,TPEX,3630,新鉅科,27.0,27.6,26.85,27.3,890211.0
2026-10-06,TPEX,3631,晟楠,41.45,42.25,40.7,40.85,227087.0
2026-10-06,TPEX,3632,研勤,7.08,7.08,7.05,7.05,27270.0
2026-10-06,TPEX,3646,艾恩特,25.2,25.2,25.2,25.2,1064.0
2026-10-06,TPEX,3663,鑫科,65.7,65.7,63.2,63.2,751758.0
2026-10-06,TPEX,3664,安瑞-KY,7.68,8.0,7.68,8.0,15045.0
2026-10-06,TPEX,3666,光耀,25.1,25.3,25.0,25.3,95609.0
2026-10-06,TPEX,3672,康聯訊,12.25,12.3,11.4,12.3,8338.0
2026-10-06,TPEX,3675,德微,363.5,377.0,348.0,349.0,3232374.0
2026-10-06,TPEX,3680,家登,566.0,573.0,558.0,561.0,2088763.0
2026-10-06,TPEX,3684,榮昌,55.0,55.2,52.8,55.2,31657.0
2026-10-06,TPEX,3685,元創精密,36.0,37.1,35.45,36.1,1772095.0
2026-10-06,TPEX,3687,歐買尬,61.2,61.5,60.7,60.8,37811.0
2026-10-06,TPEX,3689,湧德,113.5,114.5,112.5,113.0,684145.0
2026-10-06,TPEX,3691,碩禾,113.0,113.0,105.0,105.5,1717973.0
2026-10-06,TPEX,3693,營邦,670.0,692.0,650.0,689.0,1552493.0
2026-10-06,TPEX,3707,漢磊,87.8,91.7,84.8,85.3,56156491.0
2026-10-06,TPEX,3709,鑫聯大投控,66.6,66.6,64.4,64.4,317339.0
2026-10-06,TPEX,3710,連展投控,8.05,8.19,8.02,8.19,160118.0
2026-10-06,TPEX,3713,新晶投控,14.0,14.0,13.25,13.55,43687.0
2026-10-06,TPEX,3718,中光電投控,66.0,66.3,64.9,65.0,1917754.0
2026-10-06,TPEX,4102,永日,18.5,18.5,17.75,18.0,42503.0
2026-10-06,TPEX,4105,東洋,78.9,79.1,78.2,78.3,376466.0
2026-10-06,TPEX,4107,邦特,110.0,110.5,109.5,110.5,52319.0
2026-10-06,TPEX,4109,加捷生醫,11.0,11.0,10.9,10.9,6631330.0
2026-10-06,TPEX,4111,濟生,28.85,29.0,28.75,29.0,51669.0
2026-10-06,TPEX,4113,聯上,15.25,15.25,14.7,14.8,824710.0
2026-10-06,TPEX,4114,健喬,29.4,29.4,29.05,29.05,1360638.0
2026-10-06,TPEX,4116,明基醫,40.2,40.2,39.9,40.0,39031.0
2026-10-06,TPEX,4120,友華,46.1,46.5,45.9,46.0,29170.0
2026-10-06,TPEX,4121,優盛,12.9,12.9,12.65,12.7,24329.0
2026-10-06,TPEX,4123,晟德,31.25,31.25,30.7,30.85,1308106.0
2026-10-06,TPEX,4126,太醫,77.9,77.9,77.6,77.6,22264.0
2026-10-06,TPEX,4127,天良,45.65,45.65,42.65,43.3,500739.0
2026-10-06,TPEX,4128,中天,15.4,16.0,15.25,15.45,2393423.0
2026-10-06,TPEX,4129,聯合,82.5,82.5,81.9,82.2,152972.0
2026-10-06,TPEX,4131,浩泰,29.95,31.6,29.7,30.85,54430.0
2026-10-06,TPEX,4138,曜亞,54.6,54.7,53.3,53.5,35658.0
2026-10-06,TPEX,4139,馬光-KY,42.45,43.2,42.0,43.0,66860.0
2026-10-06,TPEX,4147,中裕,61.4,61.7,59.8,60.0,1037133.0
2026-10-06,TPEX,4153,鈺緯,31.6,31.6,31.3,31.4,28234.0
2026-10-06,TPEX,4154,樂威科-KY,11.25,11.85,11.25,11.85,32000.0
2026-10-06,TPEX,4157,太景*-KY,8.68,8.68,8.52,8.52,1077321.0
2026-10-06,TPEX,4160,訊聯基因,38.5,38.8,38.4,38.4,35821.0
2026-10-06,TPEX,4161,聿新科,21.8,21.95,21.5,21.7,28040.0
2026-10-06,TPEX,4162,智擎,56.0,56.0,55.0,55.0,273293.0
2026-10-06,TPEX,4163,鐿鈦,134.0,137.0,133.5,136.0,62388.0
2026-10-06,TPEX,4166,友霖,24.75,24.75,24.3,24.3,59451.0
2026-10-06,TPEX,4167,松瑞藥,19.6,19.65,19.35,19.45,458695.0
2026-10-06,TPEX,4168,醣聯,22.5,23.55,22.5,22.8,168265.0
2026-10-06,TPEX,4171,瑞基,16.9,17.15,16.35,16.85,166135.0
2026-10-06,TPEX,4173,久裕,17.2,17.3,17.2,17.3,20201.0
2026-10-06,TPEX,4174,浩鼎,45.0,46.2,43.1,46.2,1932063.0
2026-10-06,TPEX,4175,杏一,50.7,51.6,50.7,50.8,19053.0
2026-10-06,TPEX,4183,福永生技,14.75,14.75,14.75,14.75,1040.0
2026-10-06,TPEX,4188,安克,14.2,14.2,13.75,13.85,66363.0
2026-10-06,TPEX,4192,杏國,18.1,18.25,17.75,17.8,55537.0
2026-10-06,TPEX,4198,欣大健康,47.35,48.95,47.35,48.95,2324.0
2026-10-06,TPEX,4205,中華食,68.4,68.4,67.7,67.8,96929.0
2026-10-06,TPEX,4207,環泰,19.35,19.5,19.25,19.45,149967.0
2026-10-06,TPEX,4303,信立,33.35,33.35,32.0,32.0,1166808.0
2026-10-06,TPEX,4304,勝昱,17.0,17.1,16.75,17.0,52564.0
2026-10-06,TPEX,4305,世坤,,,,,0.0
2026-10-06,TPEX,4401,東隆興,14.0,14.0,13.75,13.8,32011.0
2026-10-06,TPEX,4402,郡都開發,14.15,14.15,13.55,13.55,25667.0
2026-10-06,TPEX,4406,新昕纖,10.1,10.1,10.0,10.0,12000.0
2026-10-06,TPEX,4413,飛寶企業,20.3,20.3,19.9,19.9,8487.0
2026-10-06,TPEX,4416,三圓,12.85,12.9,12.65,12.75,480038.0
2026-10-06,TPEX,4417,金洲,49.35,49.35,48.8,49.2,84057.0
2026-10-06,TPEX,4419,皇家美食,49.95,49.95,49.95,49.95,1502.0
2026-10-06,TPEX,4420,光明,35.15,35.2,35.15,35.2,47931.0
2026-10-06,TPEX,4430,耀億,17.85,17.85,17.75,17.75,37820.0
2026-10-06,TPEX,4432,銘旺實,15.35,15.6,15.25,15.3,14090.0
2026-10-06,TPEX,4433,興采,17.9,17.95,17.6,17.7,91634.0
2026-10-06,TPEX,4442,竣邦-KY,53.4,53.4,53.2,53.2,12367.0
2026-10-06,TPEX,4502,健信,15.65,15.75,15.4,15.75,44848.0
2026-10-06,TPEX,4503,金雨,24.15,24.3,23.9,23.9,178634.0
2026-10-06,TPEX,4506,崇友,117.5,119.0,117.0,117.5,94223.0
2026-10-06,TPEX,4510,高鋒,43.85,43.85,42.65,42.65,749152.0
2026-10-06,TPEX,4513,福裕,16.25,16.25,16.05,16.1,138387.0
2026-10-06,TPEX,4523,永彰,23.9,23.9,23.7,23.75,24064.0
2026-10-06,TPEX,4528,江興鍛,15.05,15.1,14.75,14.8,21557.0
2026-10-06,TPEX,4529,淳紳,3.28,3.3,3.28,3.3,21002.0
2026-10-06,TPEX,4530,天意能創,24.0,24.65,23.3,24.6,10604.0
2026-10-06,TPEX,4533,協易機,26.0,26.0,25.45,25.55,673870.0
2026-10-06,TPEX,4534,慶騰,30.0,30.75,29.85,30.3,707612.0
2026-10-06,TPEX,4535,至興,26.55,26.9,26.4,26.9,10229.0
2026-10-06,TPEX,4538,大詠城,17.4,17.5,17.25,17.25,12417.0
2026-10-06,TPEX,4541,晟田,61.4,61.5,60.3,60.8,708478.0
2026-10-06,TPEX,4542,科嶠,348.0,365.0,340.0,358.0,818171.0
2026-10-06,TPEX,4543,萬在,30.25,30.25,29.75,30.15,103075.0
2026-10-06,TPEX,4549,桓達,99.5,99.5,97.7,98.8,65389.0
2026-10-06,TPEX,4550,長佳,24.0,24.2,24.0,24.2,2835.0
2026-10-06,TPEX,4554,橙的,28.1,28.1,27.8,27.85,62356.0
2026-10-06,TPEX,4556,旭然,117.0,125.5,114.5,125.5,3038405.0
2026-10-06,TPEX,4558,寶緯,16.8,16.95,16.75,16.75,12231.0
2026-10-06,TPEX,4561,健椿,44.0,44.0,42.4,42.8,185435.0
2026-10-06,TPEX,4563,百德,53.6,54.0,51.9,54.0,195746.0
2026-10-06,TPEX,4568,科際精密,39.0,39.2,39.0,39.05,14050.0
2026-10-06,TPEX,4577,達航科技,93.7,93.9,91.5,92.5,423668.0
2026-10-06,TPEX,4580,捷流閥業,81.6,82.6,81.6,82.4,59180.0
2026-10-06,TPEX,4584,君帆,,,,,0.0
2026-10-06,TPEX,4609,唐鋒,4.45,4.45,4.31,4.31,7968.0
2026-10-06,TPEX,4702,中美實,9.3,9.35,9.27,9.3,57141.0
2026-10-06,TPEX,4706,大恭,34.7,35.7,34.7,35.7,22689.0
2026-10-06,TPEX,4707,磐亞,30.15,31.8,29.55,30.25,3979667.0
2026-10-06,TPEX,4711,永純,16.55,17.2,16.35,16.8,262648.0
2026-10-06,TPEX,4714,永捷,12.6,12.6,11.9,11.95,2012042.0
2026-10-06,TPEX,4716,大立,19.05,19.65,18.35,19.05,5591635.0
2026-10-06,TPEX,4721,美琪瑪,82.2,82.2,80.6,80.9,560843.0
2026-10-06,TPEX,4726,永昕,23.2,23.3,22.95,22.95,110321.0
2026-10-06,TPEX,4728,雙美,392.0,398.0,391.5,395.0,20069.0
2026-10-06,TPEX,4729,熒茂,20.0,20.45,19.8,19.8,471463.0
2026-10-06,TPEX,4735,豪展,36.0,36.25,35.9,36.05,42852.0
2026-10-06,TPEX,4741,泓瀚,42.0,42.0,40.4,40.5,143988.0
2026-10-06,TPEX,4743,合一,47.3,49.6,46.65,47.1,3199726.0
2026-10-06,TPEX,4744,皇將,28.3,28.4,28.0,28.35,15025.0
2026-10-06,TPEX,4745,合富-KY,12.15,12.2,12.1,12.15,28000.0
2026-10-06,TPEX,4747,強生*,23.0,23.1,22.85,22.85,17228.0
2026-10-06,TPEX,4749,新應材,803.0,812.0,788.0,806.0,1560971.0
2026-10-06,TPEX,4754,國碳科,38.4,38.45,37.95,37.95,25343.0
2026-10-06,TPEX,4760,勤凱,348.5,348.5,348.5,348.5,469020.0
2026-10-06,TPEX,4767,誠泰科技,28.6,28.6,28.05,28.5,3006.0
2026-10-06,TPEX,4768,晶呈科技,378.0,383.0,364.5,365.0,960076.0
2026-10-06,TPEX,4772,台特化,290.0,290.0,277.5,278.0,2729100.0
2026-10-06,TPEX,4806,桂田文創,13.2,13.2,12.1,12.1,86473.0
2026-10-06,TPEX,4903,聯光通,46.0,46.2,43.35,43.8,4446162.0
2026-10-06,TPEX,4905,台聯電,95.2,101.5,95.2,97.1,456714.0
2026-10-06,TPEX,4907,富宇,44.5,45.2,42.0,42.8,186943.0
2026-10-06,TPEX,4908,前鼎,234.0,242.0,228.0,234.5,9988177.0
2026-10-06,TPEX,4909,新復興,37.2,37.4,36.5,37.3,276808.0
2026-10-06,TPEX,4911,德英,28.15,28.25,28.15,28.25,9196.0
2026-10-06,TPEX,4923,力士,66.0,66.5,63.6,64.1,1774561.0
2026-10-06,TPEX,4924,欣厚-KY,15.95,16.15,14.55,15.0,272989.0
2026-10-06,TPEX,4931,新盛力,253.0,257.5,250.0,250.0,3840036.0
2026-10-06,TPEX,4933,友輝,53.7,54.7,53.2,54.0,101644.0
2026-10-06,TPEX,4939,亞電,79.7,80.7,78.4,78.6,6327166.0
2026-10-06,TPEX,4946,辣椒,99.8,99.8,98.1,98.8,12582.0
2026-10-06,TPEX,4950,金耘國際,,,,,9.0
2026-10-06,TPEX,4951,精拓科,91.1,92.3,89.8,90.1,225372.0
2026-10-06,TPEX,4953,緯致,118.0,118.0,116.5,116.5,221848.0
2026-10-06,TPEX,4966,譜瑞-KY,580.0,580.0,573.0,574.0,417287.0
2026-10-06,TPEX,4971,IET-KY,601.0,607.0,582.0,584.0,3466030.0
2026-10-06,TPEX,4972,湯石照明,16.25,16.65,16.15,16.2,47126.0
2026-10-06,TPEX,4973,廣穎,141.0,141.0,138.0,138.0,477524.0
2026-10-06,TPEX,4974,亞泰,71.3,71.4,70.6,71.1,125390.0
2026-10-06,TPEX,4979,華星光,605.0,605.0,580.0,598.0,1322082.0
2026-10-06,TPEX,4991,環宇-KY,547.0,547.0,519.0,524.0,10218442.0
2026-10-06,TPEX,4995,晶達,48.8,48.8,46.35,47.3,98206.0
2026-10-06,TPEX,5009,榮剛,32.85,33.0,32.35,32.45,2140879.0
2026-10-06,TPEX,5011,久陽,21.6,22.45,21.6,22.45,1030844.0
2026-10-06,TPEX,5013,強新,51.5,51.5,51.5,51.5,222795.0
2026-10-06,TPEX,5014,建錩,10.2,10.2,10.0,10.0,266512.0
2026-10-06,TPEX,5015,華祺,23.5,24.25,22.8,23.45,214834.0
2026-10-06,TPEX,5016,松和,28.95,28.95,27.0,27.0,373363.0
2026-10-06,TPEX,5201,凱衛,28.75,28.75,27.1,27.35,38319.0
2026-10-06,TPEX,5202,力新,14.25,14.3,13.65,13.7,445905.0
2026-10-06,TPEX,5205,中茂,23.5,25.05,23.0,25.05,21401.0
2026-10-06,TPEX,5206,坤悅,22.7,22.85,22.5,22.6,115209.0
2026-10-06,TPEX,5209,新鼎,177.0,178.0,174.5,174.5,82446.0
2026-10-06,TPEX,5210,寶碩,30.65,30.7,29.75,29.8,335683.0
2026-10-06,TPEX,5211,蒙恬,21.3,21.3,20.8,20.9,25628.0
2026-10-06,TPEX,5212,凌網,49.0,49.2,49.0,49.0,12156.0
2026-10-06,TPEX,5213,亞昕,20.5,20.5,20.0,20.15,966735.0
2026-10-06,TPEX,5220,萬達光電,23.2,23.25,22.15,22.7,173810.0
2026-10-06,TPEX,5223,安力-KY,22.95,23.3,22.95,23.0,5000.0
2026-10-06,TPEX,5227,立凱-KY,31.0,31.0,28.8,28.95,880550.0
2026-10-06,TPEX,5228,鈺鎧,52.0,52.8,47.45,47.75,3463335.0
2026-10-06,TPEX,5230,雷笛克光學,22.95,23.15,22.35,22.35,532697.0
2026-10-06,TPEX,5245,智晶,21.15,21.15,20.5,20.55,96807.0
2026-10-06,TPEX,5251,天鉞電,29.85,29.95,29.25,29.4,87405.0
2026-10-06,TPEX,5263,智崴,91.1,91.4,89.4,90.6,177720.0
2026-10-06,TPEX,5272,笙科,17.75,18.0,17.7,17.9,52420.0
2026-10-06,TPEX,5274,信驊,19100.0,19770.0,19100.0,19520.0,126196.0
2026-10-06,TPEX,5276,達輝-KY,18.15,18.15,18.15,18.15,1137.0
2026-10-06,TPEX,5278,尚凡*,23.7,23.8,23.45,23.6,108986.0
2026-10-06,TPEX,5287,數字,137.5,137.5,136.5,137.5,77850.0
2026-10-06,TPEX,5289,宜鼎,1305.0,1320.0,1290.0,1295.0,1089741.0
2026-10-06,TPEX,5291,邑昇,62.5,65.9,62.1,64.5,815442.0
2026-10-06,TPEX,5299,杰力,106.0,108.5,105.0,105.0,517477.0
2026-10-06,TPEX,5302,太欣,10.1,10.2,9.88,9.88,247421.0
2026-10-06,TPEX,5309,系統電,67.0,69.0,65.2,67.1,13426361.0
2026-10-06,TPEX,5310,天剛,29.6,29.85,28.35,29.7,52829.0
2026-10-06,TPEX,5312,寶島科,89.7,89.7,89.0,89.7,37822.0
2026-10-06,TPEX,5314,世紀*,30.1,30.2,28.55,28.7,35173661.0
2026-10-06,TPEX,5315,光聯,18.9,18.95,18.85,18.85,102722.0
2026-10-06,TPEX,5321,美而快,69.7,69.7,66.9,67.1,248179.0
2026-10-06,TPEX,5324,士開,12.4,12.45,12.4,12.4,87313.0
2026-10-06,TPEX,5328,華容,60.8,60.8,57.6,58.1,6927508.0
2026-10-06,TPEX,5340,建榮,84.2,88.1,83.9,85.5,6046441.0
2026-10-06,TPEX,5344,立衛,13.6,13.65,13.5,13.55,56303.0
2026-10-06,TPEX,5345,馥鴻,21.6,23.2,21.6,22.1,37414.0
2026-10-06,TPEX,5347,世界,188.5,189.0,183.0,184.0,15530726.0
2026-10-06,TPEX,5348,正能量智能,16.35,17.35,15.8,17.05,23111.0
2026-10-06,TPEX,5351,鈺創,116.5,116.5,113.5,114.0,13449360.0
2026-10-06,TPEX,5353,台林,28.75,30.0,28.75,29.5,106511.0
2026-10-06,TPEX,5355,佳總,7.39,8.14,7.39,7.87,370996.0
2026-10-06,TPEX,5356,協益,25.8,25.95,25.75,25.8,32346.0
2026-10-06,TPEX,5364,力麗店,8.27,8.32,8.26,8.3,34067.0
2026-10-06,TPEX,5381,光譜,23.65,23.65,22.8,22.9,620799.0
2026-10-06,TPEX,5386,青雲,295.0,295.0,290.0,290.5,651760.0
2026-10-06,TPEX,5392,能率,40.5,40.5,39.2,39.2,921327.0
2026-10-06,TPEX,5398,慕康生醫,13.7,13.8,13.6,13.65,69022.0
2026-10-06,TPEX,5403,中菲,92.9,92.9,92.0,92.5,68946.0
2026-10-06,TPEX,5410,國眾,33.1,33.1,32.85,32.9,202462.0
2026-10-06,TPEX,5425,台半,110.0,112.0,104.0,105.5,33813826.0
2026-10-06,TPEX,5426,振發,30.45,30.8,29.05,29.15,963068.0
2026-10-06,TPEX,5432,新門,170.0,179.0,164.5,178.0,699104.0
2026-10-06,TPEX,5438,東友,17.6,17.6,17.1,17.1,40843.0
2026-10-06,TPEX,5439,高技,257.0,263.0,256.5,261.0,2730631.0
2026-10-06,TPEX,5443,均豪,114.5,115.5,112.5,114.5,2190922.0
2026-10-06,TPEX,5450,南良,14.7,14.8,14.4,14.45,225092.0
2026-10-06,TPEX,5452,佶優,28.25,30.7,27.65,30.0,3051654.0
2026-10-06,TPEX,5455,昇益,30.7,30.8,30.0,30.8,10562.0
2026-10-06,TPEX,5457,宣德,24.8,24.8,24.0,24.0,512652.0
2026-10-06,TPEX,5460,同協,17.4,17.75,17.35,17.55,191264.0
2026-10-06,TPEX,5464,霖宏,92.1,99.2,92.1,93.9,1410619.0
2026-10-06,TPEX,5465,富驊,33.7,33.7,32.2,32.7,548638.0
2026-10-06,TPEX,5468,凱鈺,25.2,25.2,24.7,24.7,117979.0
2026-10-06,TPEX,5474,聰泰,161.5,162.5,159.0,159.5,182935.0
2026-10-06,TPEX,5475,德宏,188.0,191.5,183.5,184.0,6525422.0
2026-10-06,TPEX,5478,智冠,97.6,97.6,97.1,97.1,40829.0
2026-10-06,TPEX,5481,新華,21.85,21.85,21.6,21.7,65795.0
2026-10-06,TPEX,5483,中美晶,225.0,229.0,213.0,214.5,33175153.0
2026-10-06,TPEX,5487,通泰,29.3,29.8,28.8,29.1,192049.0
2026-10-06,TPEX,5488,松普,12.35,12.45,12.05,12.05,427869.0
2026-10-06,TPEX,5489,彩富,42.3,42.5,41.7,41.7,36663.0
2026-10-06,TPEX,5490,同亨,26.05,26.05,25.2,25.25,544525.0
2026-10-06,TPEX,5493,三聯,89.6,91.7,89.6,90.3,100212.0
2026-10-06,TPEX,5498,凱崴,57.8,57.8,54.7,54.8,7457949.0
2026-10-06,TPEX,5508,永信建,53.0,53.3,52.8,53.0,327798.0
2026-10-06,TPEX,5511,德昌,68.7,69.0,68.2,68.5,125330.0
2026-10-06,TPEX,5512,力麒,7.62,7.62,7.49,7.51,1323964.0
2026-10-06,TPEX,5514,三豐,,,,,351.0
2026-10-06,TPEX,5516,雙喜,11.75,12.0,11.75,12.0,9558.0
2026-10-06,TPEX,5520,力泰,84.0,84.0,84.0,84.0,1047.0
2026-10-06,TPEX,5523,豐謙,30.15,30.2,29.8,30.2,43988.0
2026-10-06,TPEX,5529,鉅陞,26.1,26.1,25.8,25.95,47538.0
2026-10-06,TPEX,5530,龍巖,48.6,48.6,48.1,48.25,278781.0
2026-10-06,TPEX,5536,聖暉*,975.0,977.0,946.0,954.0,2768851.0
2026-10-06,TPEX,5543,桓鼎-KY,28.5,28.5,26.3,27.45,9000.0
2026-10-06,TPEX,5547,久舜,20.1,20.1,20.05,20.05,14533.0
2026-10-06,TPEX,5548,安倉,20.05,20.05,20.05,20.05,27247.0
2026-10-06,TPEX,5601,台聯櫃,,,,,1.0
2026-10-06,TPEX,5603,陸海,13.5,13.55,13.35,13.55,46862.0
2026-10-06,TPEX,5604,中連,31.7,31.8,31.4,31.75,10860.0
2026-10-06,TPEX,5609,中菲行,78.2,78.2,77.3,77.7,176469.0
2026-10-06,TPEX,5701,劍湖山,4.01,4.13,4.0,4.05,120770.0
2026-10-06,TPEX,5703,亞都,13.5,13.5,13.5,13.5,1160.0
2026-10-06,TPEX,5704,老爺知,22.3,23.0,22.3,22.5,50829.0
2026-10-06,TPEX,5864,致和證,39.85,40.55,39.6,39.8,3190975.0
2026-10-06,TPEX,5878,台名,37.65,37.65,37.5,37.5,18201.0
2026-10-06,TPEX,5902,德記,34.4,34.4,34.0,34.1,106090.0
2026-10-06,TPEX,5903,全家,186.0,186.5,186.0,186.5,46164.0
2026-10-06,TPEX,5904,寶雅*,68.6,68.9,68.3,68.8,5055673.0
2026-10-06,TPEX,5905,南仁湖,7.34,7.35,7.28,7.29,249691.0
2026-10-06,TPEX,6015,宏遠證,18.0,18.2,17.95,18.1,2983475.0
2026-10-06,TPEX,6016,康和證,24.45,24.5,24.15,24.35,5017815.0
2026-10-06,TPEX,6020,大展證,20.7,20.7,20.55,20.6,20752.0
2026-10-06,TPEX,6021,美好證,42.45,43.1,42.45,42.75,170310.0
2026-10-06,TPEX,6023,元大期,84.7,84.7,83.7,84.3,739033.0
2026-10-06,TPEX,6026,福邦證,16.05,16.1,15.9,16.0,859128.0
2026-10-06,TPEX,6028,公勝保經,99.8,99.8,99.1,99.3,36353.0
2026-10-06,TPEX,6101,寬魚國際,38.25,38.25,37.25,37.35,195246.0
2026-10-06,TPEX,6103,合邦,36.9,36.9,34.0,35.9,20030.0
2026-10-06,TPEX,6104,創惟,93.1,93.1,90.7,90.7,477401.0
2026-10-06,TPEX,6109,亞元,10.45,10.5,10.35,10.4,54799.0
2026-10-06,TPEX,6111,光聚晶電,38.15,38.15,37.0,37.0,130139.0
2026-10-06,TPEX,6113,亞矽,24.45,25.0,24.2,24.2,207577.0
2026-10-06,TPEX,6114,久威,23.35,23.5,23.25,23.3,25731.0
2026-10-06,TPEX,6118,建達,16.3,16.3,16.05,16.05,134302.0
2026-10-06,TPEX,6121,新普,383.5,386.5,380.5,382.0,438223.0
2026-10-06,TPEX,6122,擎邦,63.9,64.2,61.5,61.8,2930240.0
2026-10-06,TPEX,6123,上奇,42.95,43.0,42.7,42.8,42107.0
2026-10-06,TPEX,6124,業強,27.1,27.2,26.95,27.2,21013.0
2026-10-06,TPEX,6125,廣運,51.4,51.4,50.1,50.3,770230.0
2026-10-06,TPEX,6126,信音,31.55,34.35,31.2,33.4,4609342.0
2026-10-06,TPEX,6127,九豪,59.4,60.5,56.7,57.8,11211644.0
2026-10-06,TPEX,6129,普誠,14.9,15.05,14.55,14.55,632115.0
2026-10-06,TPEX,6130,上亞科技,23.7,23.7,22.25,22.55,581021.0
2026-10-06,TPEX,6134,萬旭,29.15,30.3,28.65,29.1,1301918.0
2026-10-06,TPEX,6138,茂達,288.5,296.5,287.5,287.5,1200738.0
2026-10-06,TPEX,6140,訊達,20.05,20.05,19.6,19.7,215642.0
2026-10-06,TPEX,6143,振曜,80.6,81.0,79.9,80.1,581684.0
2026-10-06,TPEX,6144,得利影,13.55,13.9,13.05,13.05,55948.0
2026-10-06,TPEX,6146,耕興,184.5,184.5,181.0,181.0,139816.0
2026-10-06,TPEX,6147,頎邦,227.5,228.0,215.5,216.0,34591103.0
2026-10-06,TPEX,6148,驊宏資,38.1,38.1,36.3,36.3,1112254.0
2026-10-06,TPEX,6150,撼訊,68.1,68.1,65.9,66.3,674921.0
2026-10-06,TPEX,6151,晉倫,35.6,35.6,34.75,35.1,71682.0
2026-10-06,TPEX,6154,順發,14.3,14.35,14.2,14.2,25876.0
2026-10-06,TPEX,6156,松上,22.5,22.5,21.9,22.25,575124.0
2026-10-06,TPEX,6158,禾昌,17.5,17.8,17.45,17.8,155653.0
2026-10-06,TPEX,6160,欣技,13.9,14.0,13.85,13.95,30281.0
2026-10-06,TPEX,6161,捷波,49.8,49.9,48.9,49.15,60896.0
2026-10-06,TPEX,6163,華電網,41.2,44.6,40.2,43.4,3935324.0
2026-10-06,TPEX,6167,久正,10.2,10.4,10.2,10.25,319262.0
2026-10-06,TPEX,6169,昱泉,,,,,79.0
2026-10-06,TPEX,6170,統振,49.3,49.4,48.6,48.65,147779.0
2026-10-06,TPEX,6171,大城地產,24.5,24.5,23.9,24.0,123764.0
2026-10-06,TPEX,6173,信昌電,314.5,314.5,292.0,292.0,11982510.0
2026-10-06,TPEX,6174,安碁,60.5,60.5,60.5,60.5,1341802.0
2026-10-06,TPEX,6175,立敦,78.9,79.3,75.2,75.2,2790212.0
2026-10-06,TPEX,6179,亞通,36.2,36.75,35.05,35.75,4033047.0
2026-10-06,TPEX,6180,橘子,41.05,41.65,40.9,41.35,220822.0
2026-10-06,TPEX,6182,合晶,138.5,140.0,131.0,131.5,92311158.0
2026-10-06,TPEX,6185,幃翔,12.5,12.55,12.4,12.45,173525.0
2026-10-06,TPEX,6186,新潤,28.9,28.9,28.55,28.65,525187.0
2026-10-06,TPEX,6187,萬潤,1400.0,1490.0,1390.0,1490.0,4888741.0
2026-10-06,TPEX,6188,廣明,62.8,63.0,61.6,61.6,957007.0
2026-10-06,TPEX,6190,萬泰科,72.7,77.8,72.7,77.4,8929960.0
2026-10-06,TPEX,6194,育富,30.2,30.2,29.95,30.05,8010.0
2026-10-06,TPEX,6195,詩肯,28.1,28.2,28.1,28.1,8872.0
2026-10-06,TPEX,6198,瑞築,19.45,19.85,19.45,19.45,6003.0
2026-10-06,TPEX,6199,天品,132.5,134.0,130.0,133.5,7660816.0
2026-10-06,TPEX,6203,海韻電,60.3,60.5,59.9,60.0,38178.0
2026-10-06,TPEX,6204,艾華,114.5,116.5,111.5,113.0,1192808.0
2026-10-06,TPEX,6207,雷科,150.5,152.5,145.5,152.0,17692448.0
2026-10-06,TPEX,6208,日揚,80.4,82.0,79.6,79.9,238144.0
2026-10-06,TPEX,6210,慶生,17.65,18.1,17.55,18.0,27824.0
2026-10-06,TPEX,6212,理銘,32.0,32.0,32.0,32.0,1000.0
2026-10-06,TPEX,6217,中探針,180.0,181.0,177.5,178.0,2893816.0
2026-10-06,TPEX,6218,豪勉,62.7,63.4,61.0,61.4,2097208.0
2026-10-06,TPEX,6219,富旺,12.25,12.25,12.05,12.15,53731.0
2026-10-06,TPEX,6220,岳豐,25.6,25.6,25.2,25.3,205846.0
2026-10-06,TPEX,6221,晉泰,30.5,30.6,29.5,30.1,1054378.0
2026-10-06,TPEX,6222,立軒,19.45,19.9,19.35,19.9,9000.0
2026-10-06,TPEX,6223,旺矽,5400.0,5520.0,5300.0,5520.0,897055.0
2026-10-06,TPEX,6227,茂綸,143.0,151.5,140.0,142.5,2947479.0
2026-10-06,TPEX,6228,全譜,18.3,18.4,18.0,18.0,10040.0
2026-10-06,TPEX,6229,研通,24.85,24.85,24.0,24.15,55138.0
2026-10-06,TPEX,6231,系微,243.5,245.0,235.0,236.0,378942.0
2026-10-06,TPEX,6233,旺玖,23.65,23.75,23.45,23.6,234985.0
2026-10-06,TPEX,6234,高僑,40.5,40.5,38.8,38.85,739945.0
2026-10-06,TPEX,6236,中湛,,,,,0.0
2026-10-06,TPEX,6237,驊訊,36.8,36.8,35.6,35.6,297976.0
2026-10-06,TPEX,6240,松崗,26.3,26.8,25.8,26.0,34876.0
2026-10-06,TPEX,6241,鑫永洋,16.65,16.65,16.1,16.25,80399.0
2026-10-06,TPEX,6242,立康,33.85,33.85,33.85,33.85,1089.0
2026-10-06,TPEX,6244,茂迪,24.2,24.35,23.25,23.25,3834441.0
2026-10-06,TPEX,6245,立端,89.0,90.0,87.6,89.1,817082.0
2026-10-06,TPEX,6246,臺龍,12.7,12.7,12.7,12.7,1227.0
2026-10-06,TPEX,6248,沛波,17.2,17.2,16.95,17.15,64295.0
2026-10-06,TPEX,6259,百徽,33.1,33.5,32.7,33.15,518308.0
2026-10-06,TPEX,6261,久元,79.5,79.5,77.9,78.1,435144.0
2026-10-06,TPEX,6263,普萊德,169.5,169.5,165.0,167.0,163813.0
2026-10-06,TPEX,6264,富裔,6.06,6.06,6.04,6.05,25069.0
2026-10-06,TPEX,6265,方土昶,50.4,50.5,48.8,49.05,2000045.0
2026-10-06,TPEX,6266,泰詠,27.7,27.8,26.95,27.0,2055811.0
2026-10-06,TPEX,6270,倍微,31.2,31.2,30.25,30.25,319835.0
2026-10-06,TPEX,6274,台燿,1695.0,1780.0,1680.0,1780.0,12194388.0
2026-10-06,TPEX,6275,元山,48.05,48.05,47.45,47.65,184631.0
2026-10-06,TPEX,6276,安鈦克,19.3,20.0,19.2,19.75,20109.0
2026-10-06,TPEX,6279,胡連,117.0,119.0,116.0,116.5,421973.0
2026-10-06,TPEX,6284,佳邦,80.1,84.0,80.0,80.2,3432302.0
2026-10-06,TPEX,6290,良維,280.5,285.5,276.0,281.5,3051847.0
2026-10-06,TPEX,6291,沛亨,500.0,502.0,488.0,488.0,710320.0
2026-10-06,TPEX,6292,迅德,72.1,73.1,70.0,71.2,889548.0
2026-10-06,TPEX,6294,智基,28.1,28.1,28.0,28.05,23710.0
2026-10-06,TPEX,6411,晶焱,80.3,80.4,78.7,78.7,287774.0
2026-10-06,TPEX,6417,韋僑,104.5,104.5,102.5,102.5,125406.0
2026-10-06,TPEX,6418,詠昇,34.6,35.8,34.15,34.15,207472.0
2026-10-06,TPEX,6419,京晨科,159.0,171.5,157.5,171.5,1495154.0
2026-10-06,TPEX,6423,億而得,95.9,99.0,92.0,92.0,157361.0
2026-10-06,TPEX,6425,易發,79.6,79.6,76.6,76.6,1033511.0
2026-10-06,TPEX,6432,今展科,67.8,68.5,65.8,67.1,1230669.0
2026-10-06,TPEX,6435,大中,279.0,294.5,275.0,276.5,2627640.0
2026-10-06,TPEX,6441,廣錠,25.5,26.45,24.9,24.9,366322.0
2026-10-06,TPEX,6461,益得,26.45,27.25,25.55,26.7,291879.0
2026-10-06,TPEX,6462,神盾,107.0,107.0,103.0,103.5,595645.0
2026-10-06,TPEX,6465,威潤,41.55,42.75,40.7,40.85,199322.0
2026-10-06,TPEX,6469,大樹,64.5,64.5,63.0,63.3,729921.0
2026-10-06,TPEX,6470,宇智,42.25,42.7,42.25,42.6,33384.0
2026-10-06,TPEX,6474,華豫寧,35.8,35.8,35.6,35.65,34046.0
2026-10-06,TPEX,6482,弘煜科,23.5,23.5,23.25,23.5,11123.0
2026-10-06,TPEX,6485,點序,83.3,83.3,78.0,79.0,1587972.0
2026-10-06,TPEX,6486,互動,79.0,79.2,75.8,78.0,471930.0
2026-10-06,TPEX,6488,環球晶,1220.0,1235.0,1175.0,1180.0,18982607.0
2026-10-06,TPEX,6492,生華科,34.05,34.05,33.8,33.85,176466.0
2026-10-06,TPEX,6494,九齊,53.3,53.3,52.0,52.9,86735.0
2026-10-06,TPEX,6496,科懋,24.25,24.4,23.65,24.2,14952.0
2026-10-06,TPEX,6498,久禾光,68.5,69.9,68.5,69.8,95315.0
2026-10-06,TPEX,6499,益安,80.6,81.4,79.3,79.6,400488.0
2026-10-06,TPEX,6506,雙邦,18.55,18.65,18.35,18.65,67388.0
2026-10-06,TPEX,6508,惠光,26.5,26.55,26.1,26.1,35668.0
2026-10-06,TPEX,6509,聚和,50.5,50.5,49.3,49.9,1100995.0
2026-10-06,TPEX,6510,精測,3145.0,3180.0,3060.0,3105.0,972054.0
2026-10-06,TPEX,6512,啟發電,20.2,20.2,20.2,20.2,3141.0
2026-10-06,TPEX,6516,勤崴國際,56.6,56.6,56.1,56.6,25280.0
2026-10-06,TPEX,6517,保勝光學,66.5,68.2,65.7,66.4,411168.0
2026-10-06,TPEX,6523,達爾膚,89.2,89.3,89.0,89.0,23046.0
2026-10-06,TPEX,6527,明達醫,74.5,74.8,74.2,74.3,29600.0
2026-10-06,TPEX,6530,創威,102.0,102.5,98.5,98.5,1108061.0
2026-10-06,TPEX,6532,瑞耘,120.0,120.5,111.0,112.0,1641428.0
2026-10-06,TPEX,6535,順藥,87.0,89.3,84.1,85.0,411444.0
2026-10-06,TPEX,6538,倉和,367.5,367.5,335.5,335.5,2300609.0
2026-10-06,TPEX,6542,隆中,39.6,39.6,39.5,39.5,3051.0
2026-10-06,TPEX,6546,正基,61.2,61.5,60.7,60.8,164662.0
2026-10-06,TPEX,6547,高端疫苗,61.0,61.3,60.2,60.4,1666228.0
2026-10-06,TPEX,6548,長科*,78.5,79.5,76.0,78.0,9915000.0
2026-10-06,TPEX,6556,勝品,60.8,60.9,60.2,60.9,9474.0
2026-10-06,TPEX,6560,欣普羅,31.8,31.8,31.2,31.2,41231.0
2026-10-06,TPEX,6561,是方,313.0,316.0,312.0,314.0,52153.0
2026-10-06,TPEX,6568,宏觀,141.5,141.5,137.5,137.5,142785.0
2026-10-06,TPEX,6569,醫揚,92.0,92.1,91.7,91.7,16863.0
2026-10-06,TPEX,6570,維田,47.6,47.8,47.35,47.45,50370.0
2026-10-06,TPEX,6574,霈方,120.5,121.5,118.0,120.0,98016.0
2026-10-06,TPEX,6576,逸達,79.0,79.0,77.7,78.5,180217.0
2026-10-06,TPEX,6577,勁豐,81.4,81.4,80.3,80.5,10185.0
2026-10-06,TPEX,6578,達邦蛋白,16.5,16.55,16.2,16.35,73340.0
2026-10-06,TPEX,6584,南俊國際,541.0,549.0,530.0,541.0,1029534.0
2026-10-06,TPEX,6588,東典光電,114.0,116.0,111.0,111.5,879470.0
2026-10-06,TPEX,6590,普鴻,65.0,65.0,64.0,64.2,20363.0
2026-10-06,TPEX,6593,台灣銘板,31.9,31.9,31.65,31.8,21459.0
2026-10-06,TPEX,6596,寬宏藝術,96.5,96.5,95.9,96.3,107557.0
2026-10-06,TPEX,6597,立誠,63.0,64.9,62.9,64.9,6030.0
2026-10-06,TPEX,6603,富強鑫,29.3,29.5,28.1,28.3,4603675.0
2026-10-06,TPEX,6609,瀧澤科,39.15,39.35,38.95,39.05,132374.0
2026-10-06,TPEX,6612,奈米醫材,76.2,76.2,74.1,74.2,46644.0
2026-10-06,TPEX,6613,朋億*,282.0,286.0,281.0,284.5,331541.0
2026-10-06,TPEX,6615,慧智,33.65,34.35,33.6,34.0,70049.0
2026-10-06,TPEX,6616,特昇-KY,8.25,8.45,8.2,8.45,20001.0
2026-10-06,TPEX,6617,共信-KY,131.5,131.5,126.5,127.5,644460.0
2026-10-06,TPEX,6620,漢達,146.0,150.0,143.0,146.0,4194034.0
2026-10-06,TPEX,6624,萬年清,39.5,39.5,39.5,39.5,1033.0
2026-10-06,TPEX,6629,泰金-KY,103.0,103.0,102.5,103.0,4123.0
2026-10-06,TPEX,6637,醫影,53.5,54.1,53.4,53.4,20183.0
2026-10-06,TPEX,6640,均華,1140.0,1195.0,1120.0,1165.0,461931.0
2026-10-06,TPEX,6642,富致,84.2,84.2,82.1,82.1,156910.0
2026-10-06,TPEX,6643,M31,513.0,521.0,505.0,508.0,713085.0
2026-10-06,TPEX,6649,台生材,37.35,37.9,36.4,37.15,206136.0
2026-10-06,TPEX,6651,全宇昕,152.5,159.5,150.5,156.0,596455.0
2026-10-06,TPEX,6654,天正國際,219.0,223.0,214.5,219.0,26836.0
2026-10-06,TPEX,6661,威健生技,17.0,17.0,16.6,16.6,4000.0
2026-10-06,TPEX,6662,樂斯科,,,,,11.0
2026-10-06,TPEX,6664,群翊,389.5,395.0,384.5,385.0,944068.0
2026-10-06,TPEX,6667,信紘科,261.0,266.0,258.5,264.5,450176.0
2026-10-06,TPEX,6679,鈺太,211.0,211.5,206.5,206.5,208432.0
2026-10-06,TPEX,6680,鑫創電子,51.6,51.6,51.5,51.5,10500.0
2026-10-06,TPEX,6683,雍智科技,1500.0,1500.0,1435.0,1440.0,1276642.0
2026-10-06,TPEX,6684,安格,49.6,50.1,49.0,49.05,87091.0
2026-10-06,TPEX,6690,安碁資訊,177.5,177.5,174.0,177.0,168371.0
2026-10-06,TPEX,6692,進能服,23.45,23.45,23.25,23.25,3000.0
2026-10-06,TPEX,6693,廣閎科,209.0,217.0,208.0,215.5,2183070.0
2026-10-06,TPEX,6697,東捷資訊,41.55,41.55,41.1,41.1,15306.0
2026-10-06,TPEX,6703,軒郁,100.0,100.5,99.9,100.5,24855.0
2026-10-06,TPEX,6708,天擎,68.6,68.6,68.5,68.6,610503.0
2026-10-06,TPEX,6712,長聖,163.0,163.0,159.0,160.0,401945.0
2026-10-06,TPEX,6716,應廣,123.5,133.0,120.5,133.0,1130704.0
2026-10-06,TPEX,6720,久昌,126.0,126.0,124.5,124.5,4392.0
2026-10-06,TPEX,6721,信實,50.0,50.2,49.8,50.2,9282.0
2026-10-06,TPEX,6725,矽科宏晟,222.0,223.5,220.0,223.0,89159.0
2026-10-06,TPEX,6727,亞泰金屬,520.0,545.0,513.0,531.0,1877153.0
2026-10-06,TPEX,6728,上洋,108.0,108.5,107.0,108.5,28551.0
2026-10-06,TPEX,6730,常廣,32.25,32.25,31.15,31.85,17204.0
2026-10-06,TPEX,6732,昇佳電子,154.5,156.0,152.5,153.5,132036.0
2026-10-06,TPEX,6733,博晟生醫,24.85,25.1,24.55,24.6,113531.0
2026-10-06,TPEX,6735,美達科技,67.6,67.8,66.3,66.3,71620.0
2026-10-06,TPEX,6739,竹陞科技,1210.0,1210.0,1110.0,1125.0,310155.0
2026-10-06,TPEX,6741,91APP*-KY,55.1,55.1,54.5,54.9,185746.0
2026-10-06,TPEX,6751,智聯服務,44.5,44.65,44.45,44.45,8217.0
2026-10-06,TPEX,6752,叡揚,96.5,97.0,96.5,96.6,16473.0
2026-10-06,TPEX,6761,穩得,170.0,172.0,168.0,169.5,244611.0
2026-10-06,TPEX,6762,達亞,156.0,156.0,156.0,156.0,2087.0
2026-10-06,TPEX,6763,綠界科技*,41.45,41.85,41.1,41.1,167468.0
2026-10-06,TPEX,6767,台微醫,,,,,0.0
2026-10-06,TPEX,6785,昱展新藥,94.7,94.8,94.0,94.4,44516.0
2026-10-06,TPEX,6788,華景電,367.0,389.5,360.0,376.5,899398.0
2026-10-06,TPEX,6791,虎門科技,100.0,100.0,99.5,99.5,10206.0
2026-10-06,TPEX,6803,崑鼎,267.0,267.0,264.5,265.5,122140.0
2026-10-06,TPEX,6804,明係,18.5,18.55,18.4,18.55,46054.0
2026-10-06,TPEX,6811,宏碁資訊,243.0,247.5,241.0,246.5,393871.0
2026-10-06,TPEX,6821,聯寶,47.1,48.4,45.5,45.5,797143.0
2026-10-06,TPEX,6823,濾能,61.1,62.4,60.1,60.8,34640.0
2026-10-06,TPEX,6829,千附精密,210.0,210.5,206.0,206.0,444920.0
2026-10-06,TPEX,6840,東研信超,100.0,100.0,96.8,97.0,295544.0
2026-10-06,TPEX,6841,長佳智能,57.1,57.1,55.6,55.6,232167.0
2026-10-06,TPEX,6843,進典,38.75,38.75,37.9,38.3,29400.0
2026-10-06,TPEX,6844,諾貝兒,57.0,57.0,56.3,56.9,7035.0
2026-10-06,TPEX,6846,綠茵,58.7,58.7,58.4,58.5,4000.0
2026-10-06,TPEX,6855,數泓科,113.5,113.5,113.5,113.5,1120.0
2026-10-06,TPEX,6856,鑫傳,41.3,41.75,41.3,41.75,3004.0
2026-10-06,TPEX,6859,伯特光,121.5,123.5,121.0,123.0,51079.0
2026-10-06,TPEX,6865,偉康科技,27.65,27.7,27.1,27.7,20000.0
2026-10-06,TPEX,6870,騰雲,312.5,323.0,310.5,320.0,73240.0
2026-10-06,TPEX,6872,浩宇生醫,23.95,23.95,22.0,22.5,124565.0
2026-10-06,TPEX,6874,倍力,69.9,70.6,69.7,69.7,16775.0
2026-10-06,TPEX,6875,國邑*,29.6,29.9,26.95,27.55,847945.0
2026-10-06,TPEX,6877,鏵友益,153.5,153.5,140.0,145.5,893847.0
2026-10-06,TPEX,6881,潤德,214.0,215.5,214.0,215.5,8981.0
2026-10-06,TPEX,6884,海柏特,30.7,30.7,30.6,30.6,4000.0
2026-10-06,TPEX,6894,衛司特,363.0,365.0,355.0,358.0,93368.0
2026-10-06,TPEX,6895,宏碩系統,149.5,158.0,145.5,156.5,97230.0
2026-10-06,TPEX,6899,創為精密,49.6,49.6,49.6,49.6,2279.0
2026-10-06,TPEX,6903,巨漢,321.0,329.0,319.0,328.0,532058.0
2026-10-06,TPEX,6904,伯鑫,123.0,123.0,123.0,123.0,1010.0
2026-10-06,TPEX,6907,雅特力-KY,206.0,208.0,192.0,193.5,2053372.0
2026-10-06,TPEX,6910,德鴻,26.25,26.25,25.8,25.8,19078.0
2026-10-06,TPEX,6913,鴻呈,131.0,131.0,129.0,130.0,167822.0
2026-10-06,TPEX,6922,宸曜,213.5,217.5,208.0,215.0,154478.0
2026-10-06,TPEX,6925,意藍,68.7,74.3,67.5,69.2,703360.0
2026-10-06,TPEX,6929,佑全,21.85,21.85,21.25,21.85,9100.0
2026-10-06,TPEX,6945,圓祥生技,135.0,135.0,127.0,129.5,724062.0
2026-10-06,TPEX,6953,家碩,265.0,265.0,256.0,257.5,467576.0
2026-10-06,TPEX,6961,旅天下,47.1,47.1,46.75,46.9,31725.0
2026-10-06,TPEX,6967,汎瑋材料,70.1,71.1,70.1,70.9,106735.0
2026-10-06,TPEX,6968,萬達寵物,41.3,41.3,41.0,41.3,53944.0
2026-10-06,TPEX,6971,惠民實業,23.8,23.95,23.7,23.75,25196.0
2026-10-06,TPEX,6982,大井泵浦,46.0,46.0,45.0,45.0,19055.0
2026-10-06,TPEX,6983,華洋精機,356.0,362.0,350.5,359.5,141086.0
2026-10-06,TPEX,6986,和迅,43.9,44.0,43.05,44.0,86217.0
2026-10-06,TPEX,6996,力領科技,170.0,170.0,165.5,165.5,130382.0
2026-10-06,TPEX,6997,博弘,68.7,68.7,66.5,66.5,3448.0
2026-10-06,TPEX,7402,邑錡,101.0,101.0,99.3,99.5,181611.0
2026-10-06,TPEX,7547,碩網,64.8,65.0,63.1,63.7,92334.0
2026-10-06,TPEX,7556,意德士,275.5,300.0,275.5,300.0,374598.0
2026-10-06,TPEX,7584,樂意,27.9,28.5,27.9,28.5,9700.0
2026-10-06,TPEX,7642,昶瑞機電,69.7,69.7,66.5,67.5,42617.0
2026-10-06,TPEX,7703,銳澤,205.5,206.0,203.0,205.5,54020.0
2026-10-06,TPEX,7704,明遠精密,60.8,61.0,60.2,60.4,45339.0
2026-10-06,TPEX,7708,全家餐飲,92.0,92.0,91.8,91.8,13961.0
2026-10-06,TPEX,7709,榮田,88.0,88.6,85.5,87.6,185003.0
2026-10-06,TPEX,7712,博盛半導體,175.0,180.5,171.0,176.0,767818.0
2026-10-06,TPEX,7713,威力德生醫,73.5,73.5,72.8,73.0,5148.0
2026-10-06,TPEX,7714,創泓科技,172.0,172.0,168.5,169.5,105631.0
2026-10-06,TPEX,7715,裕山,27.9,27.9,26.95,26.95,193595.0
2026-10-06,TPEX,7716,昱臺國際,,,,,2.0
2026-10-06,TPEX,7717,萊德光電-KY,570.0,611.0,566.0,592.0,1230820.0
2026-10-06,TPEX,7718,友鋮,45.8,45.95,45.8,45.95,32000.0
2026-10-06,TPEX,7723,築間,18.15,18.25,18.0,18.05,92858.0
2026-10-06,TPEX,7728,光焱科技,627.0,646.0,627.0,636.0,35295.0
2026-10-06,TPEX,7734,印能科技,2850.0,2885.0,2790.0,2790.0,174275.0
2026-10-06,TPEX,7738,東聯互動,156.5,157.0,153.0,155.0,48251.0
2026-10-06,TPEX,7743,金利食安,25.4,26.05,25.3,25.9,158455.0
2026-10-06,TPEX,7744,崴寶,524.0,539.0,523.0,528.0,61267.0
2026-10-06,TPEX,7747,昕奇雲端,112.0,112.0,111.5,111.5,2099.0
2026-10-06,TPEX,7751,竑騰,1600.0,1660.0,1590.0,1605.0,137538.0
2026-10-06,TPEX,7753,星亞,35.75,35.85,35.35,35.65,50844.0
2026-10-06,TPEX,7757,金色三麥,89.5,89.6,89.1,89.4,14106.0
2026-10-06,TPEX,7767,仁大資訊,46.05,46.15,46.0,46.0,15110.0
2026-10-06,TPEX,7770,君曜,43.3,44.0,41.95,42.0,22102.0
2026-10-06,TPEX,7772,耀穎,190.0,192.5,167.5,167.5,1664200.0
2026-10-06,TPEX,7777,能率亞洲,39.55,39.8,38.15,38.5,2254937.0
2026-10-06,TPEX,7782,光速火箭,25.2,25.2,25.2,25.2,2082.0
2026-10-06,TPEX,7792,安葆,425.0,440.0,425.0,438.5,408808.0
2026-10-06,TPEX,7794,宏碁智新,30.3,30.5,30.1,30.25,26000.0
2026-10-06,TPEX,7805,威聯通,491.0,501.0,489.5,498.5,50241.0
2026-10-06,TPEX,7810,捷創科技,252.0,254.0,243.5,249.0,378890.0
2026-10-06,TPEX,7811,民盛,71.5,72.0,71.4,72.0,8005.0
2026-10-06,TPEX,7814,海昌生技,28.2,28.2,28.0,28.2,14246.0
2026-10-06,TPEX,7819,精誠金融,33.15,33.5,33.15,33.25,30419.0
2026-10-06,TPEX,7820,立盈,111.0,112.5,110.0,111.0,5651.0
2026-10-06,TPEX,7825,和亞智慧,83.6,83.6,80.5,80.6,456768.0
2026-10-06,TPEX,7828,創新服務,1860.0,1875.0,1830.0,1840.0,194760.0
2026-10-06,TPEX,7839,達人網,43.1,43.1,42.95,43.0,12000.0
2026-10-06,TPEX,7842,天能綠電,98.7,98.7,96.9,97.9,10819.0
2026-10-06,TPEX,7856,漢測,4335.0,4390.0,4210.0,4280.0,394023.0
2026-10-06,TPEX,8024,佑華,12.65,12.65,12.2,12.4,101338.0
2026-10-06,TPEX,8027,鈦昇,218.0,218.0,208.5,209.5,3968841.0
2026-10-06,TPEX,8032,光菱,36.5,36.5,36.1,36.15,25752.0
2026-10-06,TPEX,8034,榮群,19.85,19.95,19.7,19.75,73930.0
2026-10-06,TPEX,8038,長園科,35.0,35.95,34.7,35.4,327949.0
2026-10-06,TPEX,8040,九暘,95.6,96.9,93.7,94.0,1948159.0
2026-10-06,TPEX,8042,金山電,125.5,126.5,118.0,118.5,7199586.0
2026-10-06,TPEX,8043,蜜望實,145.0,146.0,140.0,140.5,2654149.0
2026-10-06,TPEX,8044,網家,24.45,24.45,23.65,23.65,439186.0
2026-10-06,TPEX,8047,星雲,52.0,52.2,51.0,51.0,108033.0
2026-10-06,TPEX,8048,德勝,51.8,51.8,50.8,51.3,105878.0
2026-10-06,TPEX,8049,晶采,24.9,24.9,24.55,24.55,198894.0
2026-10-06,TPEX,8050,廣積,62.4,63.4,62.0,62.0,1169417.0
2026-10-06,TPEX,8054,安國,90.9,91.8,87.1,87.3,1039640.0
2026-10-06,TPEX,8059,凱碩,18.1,18.15,17.8,17.8,101065.0
2026-10-06,TPEX,8064,東捷,141.5,143.0,136.5,136.5,7512713.0
2026-10-06,TPEX,8066,來思達,14.85,14.85,14.8,14.85,13307.0
2026-10-06,TPEX,8067,志旭,11.95,11.95,11.2,11.2,16557.0
2026-10-06,TPEX,8068,全達,18.05,18.05,17.5,17.5,114833.0
2026-10-06,TPEX,8069,元太,144.5,148.0,143.5,146.5,7480096.0
2026-10-06,TPEX,8071,能率網通,22.4,22.65,22.0,22.0,504239.0
2026-10-06,TPEX,8074,鉅橡,57.9,58.3,56.1,57.3,3460379.0
2026-10-06,TPEX,8076,伍豐,21.95,22.05,21.35,21.4,847323.0
2026-10-06,TPEX,8077,洛碁,41.5,41.5,41.5,41.5,1033.0
2026-10-06,TPEX,8080,泰霖,28.0,28.85,28.0,28.0,20822.0
2026-10-06,TPEX,8083,瑞穎,158.0,158.0,157.0,158.0,29264.0
2026-10-06,TPEX,8084,巨虹,19.65,19.65,19.65,19.65,146467.0
2026-10-06,TPEX,8085,福華,14.7,14.85,14.7,14.85,266917.0
2026-10-06,TPEX,8086,宏捷科,125.0,132.0,120.5,129.0,18888656.0
2026-10-06,TPEX,8087,麗升能源,24.0,24.0,23.9,24.0,209879.0
2026-10-06,TPEX,8088,品安,44.75,44.75,44.0,44.0,428592.0
2026-10-06,TPEX,8089,康全電訊,19.6,19.7,19.35,19.35,159909.0
2026-10-06,TPEX,8091,翔名,246.0,246.5,234.5,240.0,1812406.0
2026-10-06,TPEX,8092,建暐,12.5,12.5,12.2,12.2,30194.0
2026-10-06,TPEX,8093,保銳,25.25,25.95,24.85,24.85,64155.0
2026-10-06,TPEX,8096,擎亞,90.3,91.0,89.4,90.0,2878725.0
2026-10-06,TPEX,8097,常珵,48.0,49.2,48.0,48.85,120061.0
2026-10-06,TPEX,8099,大世科,60.2,60.6,59.2,59.6,40923.0
2026-10-06,TPEX,8102,傑霖科技,59.6,59.6,59.2,59.6,4030.0
2026-10-06,TPEX,8107,大億金茂,11.95,11.95,11.75,11.95,36576.0
2026-10-06,TPEX,8109,博大,143.0,143.0,139.0,139.0,479231.0
2026-10-06,TPEX,8111,立碁,90.4,94.3,86.5,94.3,37743237.0
2026-10-06,TPEX,8121,越峰,34.15,34.45,32.2,32.5,1902347.0
2026-10-06,TPEX,8147,正淩,145.5,145.5,141.5,141.5,417815.0
2026-10-06,TPEX,8155,博智,328.0,338.0,326.0,329.5,887386.0
2026-10-06,TPEX,8171,天宇,20.8,20.8,20.45,20.7,173693.0
2026-10-06,TPEX,8176,智捷,9.71,9.79,9.71,9.76,40040.0
2026-10-06,TPEX,8182,加高,46.4,48.6,44.55,44.8,4144603.0
2026-10-06,TPEX,8227,巨有科技,372.0,372.0,361.5,366.0,610607.0
2026-10-06,TPEX,8234,新漢,63.7,63.8,62.5,62.8,306011.0
2026-10-06,TPEX,8240,華宏,60.6,60.6,58.0,58.0,1455143.0
2026-10-06,TPEX,8255,朋程,156.0,158.5,151.5,151.5,683972.0
2026-10-06,TPEX,8272,全景軟體,61.6,61.6,60.3,60.8,24322.0
2026-10-06,TPEX,8277,商丞,15.3,15.5,15.3,15.3,96580.0
2026-10-06,TPEX,8279,生展,79.9,80.9,79.5,80.1,18021.0
2026-10-06,TPEX,8284,三竹,67.8,68.0,67.7,67.8,12946.0
2026-10-06,TPEX,8289,泰藝,57.9,61.7,56.9,57.2,8043882.0
2026-10-06,TPEX,8291,尚茂,29.55,29.55,28.05,28.1,9780.0
2026-10-06,TPEX,8299,群聯,2100.0,2135.0,2055.0,2100.0,2535692.0
2026-10-06,TPEX,8342,益張,83.1,83.1,83.0,83.0,2025.0
2026-10-06,TPEX,8349,恒耀,40.55,40.55,40.0,40.15,90181.0
2026-10-06,TPEX,8354,冠好,16.85,16.85,16.6,16.7,37781.0
2026-10-06,TPEX,8358,金居,534.0,570.0,526.0,570.0,42173918.0
2026-10-06,TPEX,8383,千附,69.5,70.3,68.9,69.3,1322779.0
2026-10-06,TPEX,8390,金益鼎,90.7,91.0,88.8,89.0,706462.0
2026-10-06,TPEX,8401,白紗科,22.6,22.7,22.6,22.7,20131.0
2026-10-06,TPEX,8403,盛弘,18.9,18.95,18.85,18.85,55665.0
2026-10-06,TPEX,8409,商之器,18.05,18.05,18.0,18.0,9007.0
2026-10-06,TPEX,8410,森田,27.7,27.7,27.45,27.65,51906.0
2026-10-06,TPEX,8415,大國鋼,35.3,35.4,35.1,35.1,460866.0
2026-10-06,TPEX,8416,實威,169.0,170.0,169.0,169.5,4155.0
2026-10-06,TPEX,8421,旭源,13.45,13.45,12.9,13.0,44753.0
2026-10-06,TPEX,8423,保綠-KY,18.0,18.0,17.8,17.8,16904.0
2026-10-06,TPEX,8424,惠普,69.6,70.3,69.6,70.3,12122.0
2026-10-06,TPEX,8426,紅木-KY,20.65,20.65,20.3,20.6,40145.0
2026-10-06,TPEX,8431,匯鑽科,64.2,65.5,63.2,63.6,862148.0
2026-10-06,TPEX,8432,東生華,51.1,51.2,50.8,51.0,45982.0
2026-10-06,TPEX,8433,弘帆,52.8,52.8,52.6,52.6,15000.0
2026-10-06,TPEX,8435,鉅邁,53.2,53.2,53.0,53.2,39771.0
2026-10-06,TPEX,8436,大江,104.5,104.5,102.0,104.5,1047275.0
2026-10-06,TPEX,8437,大地-KY,10.45,11.0,10.4,11.0,116856.0
2026-10-06,TPEX,8440,綠電,20.45,20.45,20.2,20.2,20424.0
2026-10-06,TPEX,8444,綠河-KY,,,,,300.0
2026-10-06,TPEX,8446,華研,85.0,86.5,85.0,85.1,42010.0
2026-10-06,TPEX,8450,霹靂,14.15,14.25,14.1,14.25,15325.0
2026-10-06,TPEX,8455,大拓-KY,22.1,22.2,22.1,22.1,15185.0
2026-10-06,TPEX,8472,納維康,65.8,67.7,65.0,66.3,10109.0
2026-10-06,TPEX,8477,創業家,13.9,14.1,13.9,14.0,20008.0
2026-10-06,TPEX,8489,三貝德,21.95,22.05,21.75,22.05,58284.0
2026-10-06,TPEX,8905,裕國,,,,,601.0
2026-10-06,TPEX,8906,花王,28.5,28.95,28.4,28.95,15205.0
2026-10-06,TPEX,8908,欣雄,39.8,39.85,39.65,39.85,21072.0
2026-10-06,TPEX,8916,光隆,40.95,40.95,40.8,40.95,38191.0
2026-10-06,TPEX,8917,欣泰,53.6,53.6,53.6,53.6,1100.0
2026-10-06,TPEX,8921,沈氏,,,,,108.0
2026-10-06,TPEX,8923,時報,18.1,18.1,18.0,18.0,2607.0
2026-10-06,TPEX,8924,大田,49.5,49.5,49.0,49.2,97014.0
2026-10-06,TPEX,8927,北基,19.1,19.1,18.65,18.85,201891.0
2026-10-06,TPEX,8928,鉅明,22.9,22.9,22.55,22.85,18569.0
2026-10-06,TPEX,8929,富堡,13.05,13.05,12.95,13.0,10990.0
2026-10-06,TPEX,8930,青鋼,28.5,28.55,28.45,28.5,26167.0
2026-10-06,TPEX,8931,大汽電,43.1,43.1,41.95,42.4,58797.0
2026-10-06,TPEX,8932,智通*,91.5,94.2,91.0,91.4,1493973.0
2026-10-06,TPEX,8933,愛地雅,4.59,4.68,4.45,4.56,74456.0
2026-10-06,TPEX,8935,邦泰,18.8,19.05,18.7,18.75,98464.0
2026-10-06,TPEX,8936,國統,52.8,53.4,52.4,53.1,1394943.0
2026-10-06,TPEX,8937,合騏*,26.25,26.25,24.85,25.2,128804.0
2026-10-06,TPEX,8938,明安,51.7,52.0,51.5,51.6,92915.0
2026-10-06,TPEX,8941,關中,43.2,43.95,43.15,43.95,8306.0
2026-10-06,TPEX,8942,森鉅,40.1,40.1,39.75,39.85,265729.0
2026-10-06,TPEX,9949,琉園,24.25,24.4,24.1,24.4,5734.0
2026-10-06,TPEX,9950,萬國通,10.2,10.4,10.1,10.2,33406.0
2026-10-06,TPEX,9951,皇田,46.6,46.65,46.45,46.5,67175.0
2026-10-06,TPEX,9960,邁達康,37.85,38.9,37.85,38.05,13128.0
2026-10-06,TPEX,9962,有益,10.4,10.4,10.15,10.15,26473.0
