date,market,stock_id,name,open,high,low,close,volume
2026-08-29,TWSE,1101,台泥,24.1,24.4,24.1,24.3,16839498.0
2026-08-29,TWSE,1102,亞泥,34.9,34.9,34.3,34.55,8933528.0
2026-08-29,TWSE,1103,嘉泥,13.2,13.25,13.15,13.15,210363.0
2026-08-29,TWSE,1104,環泥,26.6,26.65,26.45,26.45,931772.0
2026-08-29,TWSE,1108,幸福,11.75,11.8,11.7,11.75,113428.0
2026-08-29,TWSE,1109,信大,13.6,13.6,13.5,13.5,73635.0
2026-08-29,TWSE,1110,東泥,16.05,16.05,15.9,15.95,24996.0
2026-08-29,TWSE,1201,味全,12.2,12.3,12.15,12.25,304248.0
2026-08-29,TWSE,1203,味王,46.0,46.0,45.05,45.2,13751.0
2026-08-29,TWSE,1210,大成,52.2,52.4,51.9,52.0,1731459.0
2026-08-29,TWSE,1213,大飲,8.07,8.07,7.69,7.7,113303.0
2026-08-29,TWSE,1215,卜蜂,108.5,109.0,107.5,108.5,451609.0
2026-08-29,TWSE,1216,統一,76.5,76.5,75.2,75.7,11006895.0
2026-08-29,TWSE,1217,愛之味,9.99,10.0,9.97,9.97,360634.0
2026-08-29,TWSE,1218,泰山,14.6,14.65,14.35,14.55,2440793.0
2026-08-29,TWSE,1219,福壽,11.7,11.75,11.45,11.5,579349.0
2026-08-29,TWSE,1220,台榮,10.95,10.95,10.8,10.9,117164.0
2026-08-29,TWSE,1225,福懋油,26.4,26.4,25.35,25.45,294386.0
2026-08-29,TWSE,1227,佳格,28.9,28.9,28.6,28.65,757742.0
2026-08-29,TWSE,1229,聯華,42.45,42.45,41.85,42.15,1036182.0
2026-08-29,TWSE,1231,聯華食,81.1,81.1,80.6,80.6,267703.0
2026-08-29,TWSE,1232,大統益,156.5,157.5,156.0,156.5,104906.0
2026-08-29,TWSE,1233,天仁,28.55,28.9,28.55,28.9,7403.0
2026-08-29,TWSE,1234,黑松,33.25,33.4,33.2,33.25,40461.0
2026-08-29,TWSE,1235,興泰,37.25,37.25,37.0,37.0,2718.0
2026-08-29,TWSE,1236,宏亞,25.5,25.75,25.45,25.55,112274.0
2026-08-29,TWSE,1256,鮮活果汁-KY,185.5,188.0,183.5,188.0,111300.0
2026-08-29,TWSE,1301,台塑,63.2,64.8,62.1,62.7,33720847.0
2026-08-29,TWSE,1303,南亞,230.5,238.5,219.0,220.5,192491363.0
2026-08-29,TWSE,1304,台聚,12.4,12.55,12.0,12.05,2957396.0
2026-08-29,TWSE,1305,華夏,12.5,12.55,12.05,12.1,1932665.0
2026-08-29,TWSE,1307,三芳,31.0,31.1,30.6,30.7,598692.0
2026-08-29,TWSE,1308,亞聚,14.15,14.35,13.85,13.85,1497972.0
2026-08-29,TWSE,1309,台達化,13.4,13.55,13.05,13.1,1946446.0
2026-08-29,TWSE,1310,台苯,8.69,8.78,8.37,8.43,5238853.0
2026-08-29,TWSE,1312,國喬,15.7,15.7,13.8,14.15,212554333.0
2026-08-29,TWSE,1313,聯成,12.25,12.3,11.75,11.85,3551660.0
2026-08-29,TWSE,1314,中石化,8.21,8.25,8.03,8.05,18157758.0
2026-08-29,TWSE,1315,達新,66.3,66.3,65.2,65.5,73230.0
2026-08-29,TWSE,1316,上曜,11.85,11.95,11.05,11.15,9614361.0
2026-08-29,TWSE,1319,東陽,82.0,84.3,82.0,82.1,2802208.0
2026-08-29,TWSE,1321,大洋,33.75,33.75,33.0,33.15,151698.0
2026-08-29,TWSE,1323,永裕,21.55,21.55,21.25,21.5,24550.0
2026-08-29,TWSE,1324,地球,10.1,10.25,10.0,10.25,42188.0
2026-08-29,TWSE,1325,恆大,26.7,26.7,26.3,26.3,130588.0
2026-08-29,TWSE,1326,台化,63.5,64.2,62.0,62.1,23816854.0
2026-08-29,TWSE,1337,再生-KY,4.8,4.8,4.64,4.67,376676.0
2026-08-29,TWSE,1338,廣華-KY,14.5,14.6,14.2,14.2,91492.0
2026-08-29,TWSE,1339,昭輝,43.65,43.65,42.65,43.3,124172.0
2026-08-29,TWSE,1340,勝悅-KY,5.25,5.3,5.23,5.23,94269.0
2026-08-29,TWSE,1341,富林-KY,60.1,60.1,60.1,60.1,1000.0
2026-08-29,TWSE,1342,八貫,105.0,105.0,104.0,104.0,124111.0
2026-08-29,TWSE,1402,遠東新,28.35,28.35,28.0,28.1,9013833.0
2026-08-29,TWSE,1409,新纖,25.2,25.2,24.1,24.3,19584388.0
2026-08-29,TWSE,1410,南染,24.65,24.85,24.35,24.4,70793.0
2026-08-29,TWSE,1413,宏洲,9.32,9.33,9.18,9.31,14641.0
2026-08-29,TWSE,1414,東和,19.3,19.45,18.85,19.3,538753.0
2026-08-29,TWSE,1416,廣豐,11.8,11.85,11.7,11.8,194146.0
2026-08-29,TWSE,1417,嘉裕,8.33,8.33,8.24,8.29,75045.0
2026-08-29,TWSE,1418,東華,17.75,17.75,17.75,17.75,6624.0
2026-08-29,TWSE,1419,新紡,66.1,66.9,65.4,66.9,91850.0
2026-08-29,TWSE,1423,利華,35.8,35.8,34.4,34.95,21839.0
2026-08-29,TWSE,1432,大魯閣,15.1,15.1,15.0,15.05,72772.0
2026-08-29,TWSE,1434,福懋,18.15,18.35,17.8,17.85,2610132.0
2026-08-29,TWSE,1435,中福,23.5,23.5,21.85,22.0,18279.0
2026-08-29,TWSE,1436,華友聯,39.15,39.15,38.5,38.55,99470.0
2026-08-29,TWSE,1437,勤益控,32.2,32.2,31.8,31.95,32375.0
2026-08-29,TWSE,1438,三地開發,22.45,22.45,22.2,22.35,23248.0
2026-08-29,TWSE,1439,雋揚,29.45,29.5,28.95,29.4,32094.0
2026-08-29,TWSE,1440,南紡,13.95,13.95,13.65,13.7,1147332.0
2026-08-29,TWSE,1441,大東,9.18,9.18,9.08,9.09,14134.0
2026-08-29,TWSE,1442,名軒,30.2,30.4,29.8,29.85,121083.0
2026-08-29,TWSE,1443,立益物流,25.0,25.0,24.9,24.9,4525.0
2026-08-29,TWSE,1444,力麗,7.2,7.3,7.16,7.17,876247.0
2026-08-29,TWSE,1445,大宇,10.25,10.5,10.2,10.5,28120.0
2026-08-29,TWSE,1446,宏和,13.6,13.7,13.55,13.65,80772.0
2026-08-29,TWSE,1447,力鵬,6.91,7.0,6.88,6.88,1149646.0
2026-08-29,TWSE,1449,佳和,12.5,12.5,12.35,12.45,276927.0
2026-08-29,TWSE,1451,年興,17.4,17.4,17.25,17.4,83168.0
2026-08-29,TWSE,1452,宏益,11.4,11.45,11.15,11.4,98667.0
2026-08-29,TWSE,1453,大將,11.45,11.45,11.1,11.25,39479.0
2026-08-29,TWSE,1454,台富,12.5,12.5,12.45,12.45,7492.0
2026-08-29,TWSE,1455,集盛,10.0,10.05,9.97,9.97,901205.0
2026-08-29,TWSE,1456,怡華,13.9,13.9,13.5,13.65,52439.0
2026-08-29,TWSE,1457,宜進,14.45,14.45,14.35,14.45,51405.0
2026-08-29,TWSE,1459,聯發,15.85,15.9,15.3,15.55,168696.0
2026-08-29,TWSE,1460,宏遠,6.64,6.66,6.61,6.62,159830.0
2026-08-29,TWSE,1463,強盛新,17.5,17.5,17.4,17.4,13257.0
2026-08-29,TWSE,1464,得力,10.3,10.3,10.15,10.15,228355.0
2026-08-29,TWSE,1465,偉全,12.0,12.45,11.95,12.0,320572.0
2026-08-29,TWSE,1466,聚隆,16.35,16.35,15.8,15.9,384286.0
2026-08-29,TWSE,1467,南緯,8.36,8.36,8.26,8.28,164242.0
2026-08-29,TWSE,1468,昶和,13.15,13.3,12.95,13.3,52001.0
2026-08-29,TWSE,1470,大統新創,24.0,24.0,23.55,23.55,5000.0
2026-08-29,TWSE,1471,首利,10.1,10.1,9.82,10.0,299929.0
2026-08-29,TWSE,1472,三洋實業,,,,,177.0
2026-08-29,TWSE,1473,台南,20.1,20.1,19.9,20.0,29817.0
2026-08-29,TWSE,1474,弘裕,10.05,10.15,9.98,10.0,70547.0
2026-08-29,TWSE,1475,業旺,26.8,26.8,26.3,26.6,22000.0
2026-08-29,TWSE,1476,儒鴻,313.0,314.0,310.5,311.5,698479.0
2026-08-29,TWSE,1477,聚陽,198.5,198.5,195.5,195.5,1170351.0
2026-08-29,TWSE,1503,士電,213.5,213.5,205.0,205.5,3448529.0
2026-08-29,TWSE,1504,東元,73.4,74.3,72.4,72.6,13064159.0
2026-08-29,TWSE,1506,正道,10.1,10.2,10.05,10.15,174703.0
2026-08-29,TWSE,1512,瑞利,6.46,6.49,6.38,6.41,34957.0
2026-08-29,TWSE,1513,中興電,173.0,173.0,168.0,168.0,2782623.0
2026-08-29,TWSE,1514,亞力,111.0,111.5,105.0,105.0,6054909.0
2026-08-29,TWSE,1515,力山,37.15,38.45,34.6,34.7,6522702.0
2026-08-29,TWSE,1516,川飛,14.35,14.8,14.35,14.75,23514.0
2026-08-29,TWSE,1517,利奇,11.45,11.5,11.2,11.25,380772.0
2026-08-29,TWSE,1519,華城,772.0,773.0,749.0,755.0,4024392.0
2026-08-29,TWSE,1521,大億,25.9,25.9,25.5,25.9,25233.0
2026-08-29,TWSE,1522,堤維西,28.2,28.2,27.95,28.0,332842.0
2026-08-29,TWSE,1524,耿鼎,27.65,27.65,27.45,27.5,217708.0
2026-08-29,TWSE,1525,江申,66.5,66.5,66.4,66.5,14004.0
2026-08-29,TWSE,1526,日馳,16.6,16.6,16.4,16.45,126458.0
2026-08-29,TWSE,1527,鑽全,32.95,33.15,32.6,32.7,125222.0
2026-08-29,TWSE,1528,恩德,19.8,19.8,19.3,19.55,740896.0
2026-08-29,TWSE,1529,樂事綠能,18.0,18.15,17.5,17.6,746393.0
2026-08-29,TWSE,1530,亞崴,29.15,29.15,28.85,29.0,24791.0
2026-08-29,TWSE,1531,高林股,13.35,13.7,13.35,13.7,1230467.0
2026-08-29,TWSE,1532,勤美,23.0,23.0,22.85,22.9,308888.0
2026-08-29,TWSE,1533,車王電,32.3,32.4,31.8,32.2,82481.0
2026-08-29,TWSE,1535,中宇,46.2,46.2,45.9,45.95,27576.0
2026-08-29,TWSE,1536,和大,51.9,51.9,50.1,50.3,1056845.0
2026-08-29,TWSE,1537,廣隆,119.5,119.5,118.5,119.0,149353.0
2026-08-29,TWSE,1538,正峰,,,,,1.0
2026-08-29,TWSE,1539,巨庭,15.65,15.75,15.65,15.65,23128.0
2026-08-29,TWSE,1540,喬福,19.4,19.5,19.25,19.35,105273.0
2026-08-29,TWSE,1541,錩泰,21.55,21.8,21.55,21.7,8000.0
2026-08-29,TWSE,1558,伸興,101.0,102.5,100.5,102.0,58760.0
2026-08-29,TWSE,1560,中砂,697.0,707.0,694.0,695.0,584981.0
2026-08-29,TWSE,1568,倉佑,29.15,29.75,29.05,29.1,172554.0
2026-08-29,TWSE,1582,信錦,76.4,77.7,75.3,76.8,1070262.0
2026-08-29,TWSE,1583,程泰,49.1,49.1,48.9,48.9,14065.0
2026-08-29,TWSE,1587,吉茂,24.0,24.65,23.95,24.3,230401.0
2026-08-29,TWSE,1590,亞德客-KY,1495.0,1495.0,1405.0,1415.0,673924.0
2026-08-29,TWSE,1597,直得,151.0,152.5,139.0,152.0,6997405.0
2026-08-29,TWSE,1598,岱宇,20.7,20.7,20.2,20.6,229049.0
2026-08-29,TWSE,1603,華電,31.2,31.2,30.95,31.05,135719.0
2026-08-29,TWSE,1604,聲寶,23.35,23.35,23.25,23.25,112744.0
2026-08-29,TWSE,1605,華新,39.45,39.65,38.65,39.0,17822420.0
2026-08-29,TWSE,1608,華榮,38.5,38.7,37.75,37.85,4490041.0
2026-08-29,TWSE,1609,大亞,38.25,38.35,37.65,38.1,3635925.0
2026-08-29,TWSE,1611,中電,12.1,12.1,11.9,11.95,331950.0
2026-08-29,TWSE,1612,宏泰,35.7,35.8,35.05,35.2,488280.0
2026-08-29,TWSE,1614,三洋電,30.75,30.9,30.45,30.65,84202.0
2026-08-29,TWSE,1615,大山,44.8,44.8,44.45,44.55,54888.0
2026-08-29,TWSE,1616,億泰,20.1,20.1,19.7,19.8,212135.0
2026-08-29,TWSE,1617,榮星,18.35,18.4,17.65,17.7,468765.0
2026-08-29,TWSE,1618,合機,41.05,41.05,40.0,40.4,529453.0
2026-08-29,TWSE,1623,大東電,206.0,206.0,201.0,202.0,79560.0
2026-08-29,TWSE,1626,艾美特-KY,9.61,9.69,9.6,9.69,76536.0
2026-08-29,TWSE,1702,南僑,32.9,32.9,32.65,32.75,109730.0
2026-08-29,TWSE,1707,葡萄王,90.6,90.6,89.3,89.3,522961.0
2026-08-29,TWSE,1708,東鹼,51.0,51.5,50.5,51.0,3674497.0
2026-08-29,TWSE,1709,和益,34.5,36.45,34.15,36.15,22958086.0
2026-08-29,TWSE,1710,東聯,15.95,15.95,15.7,15.9,2332030.0
2026-08-29,TWSE,1711,永光,43.55,45.2,43.25,43.9,7383604.0
2026-08-29,TWSE,1712,興農,39.9,40.05,39.7,39.8,653544.0
2026-08-29,TWSE,1713,國化,43.8,44.5,43.75,44.2,158284.0
2026-08-29,TWSE,1714,和桐,16.75,16.9,16.55,16.7,8101279.0
2026-08-29,TWSE,1717,長興,76.5,79.4,75.2,77.7,29123952.0
2026-08-29,TWSE,1718,中纖,10.9,11.1,10.7,10.75,14422709.0
2026-08-29,TWSE,1720,生達,56.6,56.7,56.4,56.4,214632.0
2026-08-29,TWSE,1721,三晃,20.45,20.65,20.2,20.4,467433.0
2026-08-29,TWSE,1722,台肥,44.55,44.65,44.4,44.6,1545800.0
2026-08-29,TWSE,1723,中碳,86.5,87.0,85.9,86.3,369478.0
2026-08-29,TWSE,1725,元禎,32.25,32.25,31.75,31.75,16607.0
2026-08-29,TWSE,1726,永記,77.7,77.7,77.6,77.6,8018.0
2026-08-29,TWSE,1727,中華化,97.1,100.5,95.3,98.1,7805835.0
2026-08-29,TWSE,1730,花仙子,51.9,51.9,51.5,51.7,7067.0
2026-08-29,TWSE,1731,美吾華,21.0,21.1,21.0,21.0,98534.0
2026-08-29,TWSE,1732,毛寶,26.5,26.85,26.4,26.7,86360.0
2026-08-29,TWSE,1733,五鼎,32.25,32.45,32.05,32.1,109595.0
2026-08-29,TWSE,1734,杏輝,30.75,30.95,30.6,30.75,289351.0
2026-08-29,TWSE,1735,日勝化,21.4,21.4,20.9,20.9,65186.0
2026-08-29,TWSE,1736,喬山,128.5,128.5,125.5,125.5,464503.0
2026-08-29,TWSE,1737,臺鹽,30.8,31.05,30.8,30.8,207144.0
2026-08-29,TWSE,1752,南光,31.7,31.9,31.5,31.85,55022.0
2026-08-29,TWSE,1760,寶齡富錦,58.8,58.8,58.1,58.3,72759.0
2026-08-29,TWSE,1762,中化生,35.6,35.65,35.15,35.5,74783.0
2026-08-29,TWSE,1773,勝一,162.0,162.0,159.0,159.5,147122.0
2026-08-29,TWSE,1776,展宇,17.15,17.25,17.1,17.1,75462.0
2026-08-29,TWSE,1783,和康生,40.9,40.9,40.4,40.7,57182.0
2026-08-29,TWSE,1786,科妍,50.1,50.1,48.75,48.8,173392.0
2026-08-29,TWSE,1789,神隆,19.05,19.2,19.05,19.1,156181.0
2026-08-29,TWSE,1795,美時,193.0,194.5,192.0,193.0,1082932.0
2026-08-29,TWSE,1802,台玻,59.7,62.7,58.7,60.8,59326831.0
2026-08-29,TWSE,1805,寶徠,10.2,10.35,10.2,10.35,54095.0
2026-08-29,TWSE,1806,冠軍,8.03,8.03,7.98,8.02,138507.0
2026-08-29,TWSE,1808,潤隆,35.9,35.95,34.65,34.8,2527720.0
2026-08-29,TWSE,1809,中釉,39.85,40.6,39.45,39.7,1277960.0
2026-08-29,TWSE,1810,和成,26.7,26.75,25.0,25.25,6907268.0
2026-08-29,TWSE,1817,凱撒衛,40.45,40.55,40.2,40.45,37545.0
2026-08-29,TWSE,1903,士紙,48.3,48.45,47.85,48.0,78730.0
2026-08-29,TWSE,1904,正隆,25.5,25.65,24.9,25.15,2246288.0
2026-08-29,TWSE,1905,華紙,13.55,13.75,13.5,13.7,1803411.0
2026-08-29,TWSE,1906,寶隆,11.5,11.5,11.4,11.4,19118.0
2026-08-29,TWSE,1907,永豐餘,30.5,30.55,29.85,29.9,1336509.0
2026-08-29,TWSE,1909,榮成,10.85,10.95,10.75,10.85,2659670.0
2026-08-29,TWSE,2002,中鋼,19.15,19.15,19.0,19.05,22552912.0
2026-08-29,TWSE,2006,東和鋼鐵,81.0,81.0,79.8,80.6,937158.0
2026-08-29,TWSE,2007,燁興,7.01,7.02,6.97,7.0,173137.0
2026-08-29,TWSE,2008,高興昌,30.5,30.55,30.5,30.55,9003.0
2026-08-29,TWSE,2009,第一銅,42.55,42.8,41.3,41.3,2704350.0
2026-08-29,TWSE,2010,春源,22.9,22.9,22.65,22.7,851474.0
2026-08-29,TWSE,2012,春雨,14.7,14.8,14.65,14.7,32993.0
2026-08-29,TWSE,2013,中鋼構,42.15,42.2,41.7,41.7,82887.0
2026-08-29,TWSE,2014,中鴻,17.15,17.15,17.0,17.05,1872870.0
2026-08-29,TWSE,2015,豐興,65.1,65.1,64.0,64.5,217118.0
2026-08-29,TWSE,2017,官田鋼,9.45,9.47,9.02,9.32,1886553.0
2026-08-29,TWSE,2020,美亞,21.85,21.9,21.75,21.85,126964.0
2026-08-29,TWSE,2022,聚亨,7.61,7.69,7.57,7.65,222689.0
2026-08-29,TWSE,2023,燁輝,13.85,13.85,13.65,13.65,1862415.0
2026-08-29,TWSE,2024,志聯,14.2,14.2,13.55,13.6,20616.0
2026-08-29,TWSE,2025,千興,13.25,13.3,12.85,13.25,777077.0
2026-08-29,TWSE,2027,大成鋼,48.55,48.9,48.15,48.4,10383787.0
2026-08-29,TWSE,2028,威致,15.9,15.9,15.75,15.85,62000.0
2026-08-29,TWSE,2029,盛餘,22.25,22.35,22.05,22.15,262903.0
2026-08-29,TWSE,2030,彰源,22.9,23.1,22.5,22.8,2392381.0
2026-08-29,TWSE,2031,新光鋼,45.55,45.7,45.25,45.4,722590.0
2026-08-29,TWSE,2032,新鋼,17.15,17.15,17.05,17.15,172096.0
2026-08-29,TWSE,2033,佳大,23.7,25.65,23.45,25.65,3683348.0
2026-08-29,TWSE,2034,允強,20.3,20.5,20.15,20.45,942078.0
2026-08-29,TWSE,2038,海光,12.9,12.95,12.8,12.8,161543.0
2026-08-29,TWSE,2049,上銀,362.5,365.5,346.0,354.0,3576644.0
2026-08-29,TWSE,2059,川湖,14500.0,14595.0,14005.0,14300.0,433751.0
2026-08-29,TWSE,2062,橋椿,19.35,19.35,19.2,19.2,88247.0
2026-08-29,TWSE,2069,運錩,21.7,21.8,21.4,21.4,530262.0
2026-08-29,TWSE,2072,世紀風電,144.5,145.0,143.5,144.0,252406.0
2026-08-29,TWSE,2101,南港,32.3,32.4,31.55,31.75,2790584.0
2026-08-29,TWSE,2102,泰豐,18.75,18.75,18.5,18.55,121524.0
2026-08-29,TWSE,2103,台橡,27.9,28.45,27.85,28.2,3820263.0
2026-08-29,TWSE,2104,國際中橡,10.45,10.5,10.2,10.25,3114456.0
2026-08-29,TWSE,2105,正新,31.05,31.15,30.5,30.55,7656679.0
2026-08-29,TWSE,2106,建大,17.1,17.1,16.85,16.85,3651150.0
2026-08-29,TWSE,2107,厚生,27.05,27.15,26.75,26.9,309966.0
2026-08-29,TWSE,2108,南帝,30.15,30.5,30.05,30.45,674642.0
2026-08-29,TWSE,2109,華豐,14.9,14.9,14.75,14.8,40453.0
2026-08-29,TWSE,2114,鑫永銓,89.8,89.8,89.0,89.0,25310.0
2026-08-29,TWSE,2115,六暉-KY,24.0,24.0,23.85,23.9,8000.0
2026-08-29,TWSE,2201,裕隆,29.05,29.05,28.35,28.4,2305544.0
2026-08-29,TWSE,2204,中華,53.9,53.9,53.0,53.4,796385.0
2026-08-29,TWSE,2206,三陽工業,63.5,63.7,62.4,63.1,1150793.0
2026-08-29,TWSE,2207,和泰車,525.0,526.0,517.0,520.0,136774.0
2026-08-29,TWSE,2208,台船,19.75,19.95,19.1,19.2,5181542.0
2026-08-29,TWSE,2211,長榮鋼,83.6,83.7,82.6,83.1,279141.0
2026-08-29,TWSE,2227,裕日車,47.85,48.0,47.75,48.0,32133.0
2026-08-29,TWSE,2228,劍麟,73.6,75.3,73.3,74.6,111702.0
2026-08-29,TWSE,2231,為升,96.9,97.5,92.8,92.9,286540.0
2026-08-29,TWSE,2233,宇隆,176.0,176.0,171.5,172.5,567408.0
2026-08-29,TWSE,2236,百達-KY,121.5,124.5,119.5,121.5,270427.0
2026-08-29,TWSE,2237,華德動能-創,27.9,28.3,27.5,28.0,289026.0
2026-08-29,TWSE,2239,英利-KY,20.15,20.4,20.0,20.15,29152.0
2026-08-29,TWSE,2241,艾姆勒,35.35,35.95,35.15,35.5,248895.0
2026-08-29,TWSE,2243,宏旭-KY,42.9,44.1,41.25,41.35,235577.0
2026-08-29,TWSE,2247,汎德永業,229.0,230.0,228.0,230.0,17392.0
2026-08-29,TWSE,2248,華勝-KY,62.2,62.9,61.3,62.9,62088.0
2026-08-29,TWSE,2250,IKKA-KY,61.0,61.0,59.5,59.7,130808.0
2026-08-29,TWSE,2254,巨鎧精密-創,60.3,63.1,60.2,61.7,538114.0
2026-08-29,TWSE,2258,鴻華先進-創,31.55,31.9,31.25,31.3,226520.0
2026-08-29,TWSE,2301,光寶科,305.0,322.0,299.0,317.5,50424965.0
2026-08-29,TWSE,2302,麗正,44.3,46.45,43.45,43.85,4717776.0
2026-08-29,TWSE,2303,聯電,120.5,130.0,120.0,130.0,325935822.0
2026-08-29,TWSE,2305,全友,29.35,29.75,28.6,29.0,3772104.0
2026-08-29,TWSE,2308,台達電,1800.0,1870.0,1780.0,1830.0,13398406.0
2026-08-29,TWSE,2312,金寶,32.05,32.15,31.7,31.8,6218350.0
2026-08-29,TWSE,2313,華通,246.5,260.0,240.5,241.0,87191617.0
2026-08-29,TWSE,2314,台揚,11.75,11.75,11.5,11.6,66950.0
2026-08-29,TWSE,2316,楠梓電,163.0,167.0,161.5,164.0,2372398.0
2026-08-29,TWSE,2317,鴻海,255.5,256.5,251.0,253.0,31847341.0
2026-08-29,TWSE,2321,東訊,13.65,13.65,13.65,13.65,7226.0
2026-08-29,TWSE,2323,中環,10.95,11.1,10.9,10.9,4645823.0
2026-08-29,TWSE,2324,仁寶,39.6,40.65,39.3,39.7,43593188.0
2026-08-29,TWSE,2327,國巨*,581.0,610.0,576.0,597.0,81106200.0
2026-08-29,TWSE,2328,廣宇,47.0,47.4,46.2,46.6,1584646.0
2026-08-29,TWSE,2329,華泰,44.35,45.0,43.75,44.1,2027849.0
2026-08-29,TWSE,2330,台積電,2440.0,2445.0,2410.0,2420.0,15025832.0
2026-08-29,TWSE,2331,精英,20.0,20.0,19.65,19.7,832639.0
2026-08-29,TWSE,2332,友訊,20.5,20.9,20.05,20.4,11733867.0
2026-08-29,TWSE,2337,旺宏,130.0,130.0,125.0,126.5,30055663.0
2026-08-29,TWSE,2338,光罩,39.35,43.0,39.05,40.0,3248095.0
2026-08-29,TWSE,2340,台亞,34.2,34.8,33.8,34.25,2869808.0
2026-08-29,TWSE,2342,茂矽,40.95,41.8,40.5,40.55,2224719.0
2026-08-29,TWSE,2344,華邦電,188.5,192.0,180.5,181.5,153443947.0
2026-08-29,TWSE,2345,智邦,2120.0,2195.0,2100.0,2125.0,2374655.0
2026-08-29,TWSE,2347,聯強,86.8,87.9,86.0,86.5,1841582.0
2026-08-29,TWSE,2348,海悅,71.9,72.2,70.7,72.1,277047.0
2026-08-29,TWSE,2349,錸德,11.2,11.3,11.0,11.1,1435342.0
2026-08-29,TWSE,2351,順德,240.0,247.0,232.0,239.5,7423298.0
2026-08-29,TWSE,2352,佳世達,28.3,28.4,28.1,28.2,2871377.0
2026-08-29,TWSE,2353,宏碁,31.4,31.45,30.8,30.85,8501451.0
2026-08-29,TWSE,2354,鴻準,65.3,65.3,63.3,63.9,19092306.0
2026-08-29,TWSE,2355,敬鵬,44.6,45.4,43.85,44.5,3413554.0
2026-08-29,TWSE,2356,英業達,65.6,66.3,64.8,64.9,12171652.0
2026-08-29,TWSE,2357,華碩,975.0,981.0,955.0,965.0,1844300.0
2026-08-29,TWSE,2359,所羅門,149.0,150.5,144.5,145.5,4630305.0
2026-08-29,TWSE,2360,致茂,2000.0,2065.0,1995.0,2010.0,1899216.0
2026-08-29,TWSE,2362,藍天,48.5,48.65,47.75,47.75,1120083.0
2026-08-29,TWSE,2363,矽統,51.0,53.3,51.0,51.8,5590442.0
2026-08-29,TWSE,2364,倫飛,69.8,70.2,67.0,67.6,1823497.0
2026-08-29,TWSE,2365,昆盈,30.75,30.8,30.0,30.0,733659.0
2026-08-29,TWSE,2367,燿華,45.65,46.3,44.55,44.8,8066316.0
2026-08-29,TWSE,2368,金像電,1050.0,1130.0,1045.0,1130.0,10783533.0
2026-08-29,TWSE,2369,菱生,31.9,33.2,31.6,32.35,9172929.0
2026-08-29,TWSE,2371,大同,29.55,29.55,28.2,28.5,18419762.0
2026-08-29,TWSE,2373,震旦行,53.8,53.8,53.1,53.2,17900.0
2026-08-29,TWSE,2374,佳能,70.2,70.3,68.8,69.0,1943095.0
2026-08-29,TWSE,2375,凱美,136.0,143.0,131.0,133.0,19479806.0
2026-08-29,TWSE,2376,技嘉,348.5,353.0,347.0,349.0,3524293.0
2026-08-29,TWSE,2377,微星,146.0,146.5,144.0,145.0,5427942.0
2026-08-29,TWSE,2379,瑞昱,730.0,733.0,721.0,722.0,1158002.0
2026-08-29,TWSE,2380,虹光,18.9,19.2,18.75,19.0,142152.0
2026-08-29,TWSE,2382,廣達,336.5,338.5,330.0,332.5,10708500.0
2026-08-29,TWSE,2383,台光電,5480.0,5620.0,5425.0,5490.0,1984693.0
2026-08-29,TWSE,2385,群光,108.0,108.5,107.0,108.0,2669074.0
2026-08-29,TWSE,2387,精元,36.6,36.85,36.6,36.8,251367.0
2026-08-29,TWSE,2388,威盛,73.1,74.2,72.7,73.3,1551472.0
2026-08-29,TWSE,2390,云辰,10.55,10.6,10.4,10.45,456284.0
2026-08-29,TWSE,2392,正崴,47.05,47.2,44.1,44.5,7275128.0
2026-08-29,TWSE,2393,億光,66.8,67.0,65.7,66.2,1325441.0
2026-08-29,TWSE,2395,研華,680.0,685.0,667.0,669.0,1322160.0
2026-08-29,TWSE,2397,友通,63.4,63.8,62.8,62.8,177635.0
2026-08-29,TWSE,2399,映泰,46.95,47.95,46.8,46.9,4144948.0
2026-08-29,TWSE,2401,凌陽,25.95,26.4,25.85,25.9,1770783.0
2026-08-29,TWSE,2402,毅嘉,57.5,57.7,56.6,56.6,1135408.0
2026-08-29,TWSE,2404,漢唐,1080.0,1095.0,1070.0,1075.0,1240100.0
2026-08-29,TWSE,2405,輔信,15.6,15.65,15.45,15.5,665500.0
2026-08-29,TWSE,2406,國碩,28.9,29.3,28.65,28.65,3080599.0
2026-08-29,TWSE,2408,南亞科,550.0,569.0,531.0,540.0,77043671.0
2026-08-29,TWSE,2409,友達,25.25,26.2,25.2,25.85,126685578.0
2026-08-29,TWSE,2412,中華電,136.0,136.5,135.0,135.5,11702399.0
2026-08-29,TWSE,2413,環科,44.15,45.25,43.8,43.85,487266.0
2026-08-29,TWSE,2414,精技,52.1,52.5,51.9,51.9,149970.0
2026-08-29,TWSE,2415,錩新,28.8,30.0,28.3,29.4,254732.0
2026-08-29,TWSE,2417,圓剛,44.9,45.4,44.15,44.15,941603.0
2026-08-29,TWSE,2419,仲琦,25.6,25.65,25.1,25.1,294908.0
2026-08-29,TWSE,2420,新巨,54.8,55.3,54.3,55.3,408121.0
2026-08-29,TWSE,2421,建準,161.5,165.0,157.0,163.5,8387615.0
2026-08-29,TWSE,2423,固緯,76.5,77.7,74.0,74.6,101661.0
2026-08-29,TWSE,2424,隴華,7.89,8.17,7.89,8.17,13405.0
2026-08-29,TWSE,2425,承啟,38.05,38.6,38.05,38.3,657898.0
2026-08-29,TWSE,2426,鼎元,99.0,99.2,93.2,96.1,61918218.0
2026-08-29,TWSE,2427,三商電,22.85,22.95,22.55,22.6,198118.0
2026-08-29,TWSE,2428,興勤,256.5,265.5,253.5,262.0,3339298.0
2026-08-29,TWSE,2429,銘旺科,34.7,35.0,33.1,33.25,381892.0
2026-08-29,TWSE,2430,燦坤,17.6,17.9,17.6,17.8,59187.0
2026-08-29,TWSE,2431,聯昌,10.5,10.7,10.3,10.35,308788.0
2026-08-29,TWSE,2432,倚天酷碁-創,27.8,27.9,27.75,27.9,18000.0
2026-08-29,TWSE,2433,互盛電,41.75,41.75,41.55,41.7,11353.0
2026-08-29,TWSE,2434,統懋,51.2,56.4,51.2,56.4,841487.0
2026-08-29,TWSE,2436,偉詮電,67.0,69.2,66.4,67.5,7902977.0
2026-08-29,TWSE,2438,翔耀,18.0,18.4,18.0,18.15,39369.0
2026-08-29,TWSE,2439,美律,78.4,78.8,78.3,78.5,841519.0
2026-08-29,TWSE,2440,太空梭,14.3,14.45,14.05,14.45,212530.0
2026-08-29,TWSE,2441,超豐,115.0,119.5,115.0,118.5,4798444.0
2026-08-29,TWSE,2442,新美齊,19.75,19.75,19.3,19.4,2158277.0
2026-08-29,TWSE,2444,兆勁,11.1,11.1,11.0,11.0,71332.0
2026-08-29,TWSE,2449,京元電子,251.5,272.0,249.5,270.0,56354325.0
2026-08-29,TWSE,2450,神腦,28.3,28.3,28.1,28.3,65894.0
2026-08-29,TWSE,2451,創見,299.0,300.5,292.5,294.0,4263053.0
2026-08-29,TWSE,2453,凌群,52.7,53.0,52.1,52.1,134425.0
2026-08-29,TWSE,2454,聯發科,3935.0,4000.0,3925.0,3985.0,5064877.0
2026-08-29,TWSE,2455,全新,438.0,442.0,431.5,434.0,2121492.0
2026-08-29,TWSE,2457,飛宏,23.1,23.35,22.85,22.9,1186566.0
2026-08-29,TWSE,2458,義隆,140.5,141.5,138.5,138.5,1408457.0
2026-08-29,TWSE,2459,敦吉,67.2,67.2,66.8,67.1,70609.0
2026-08-29,TWSE,2460,建通,29.3,29.4,28.55,28.85,249839.0
2026-08-29,TWSE,2461,光群雷,18.7,18.9,18.3,18.85,1218185.0
2026-08-29,TWSE,2462,良得電,20.35,20.5,20.1,20.15,154177.0
2026-08-29,TWSE,2464,盟立,216.5,216.5,190.0,190.0,25845387.0
2026-08-29,TWSE,2465,麗臺,96.1,97.3,93.5,95.0,3743057.0
2026-08-29,TWSE,2466,冠西電,107.0,109.0,104.0,104.5,1647656.0
2026-08-29,TWSE,2467,志聖,600.0,624.0,588.0,610.0,2420640.0
2026-08-29,TWSE,2468,華經,34.45,34.65,33.8,33.9,172874.0
2026-08-29,TWSE,2471,資通,50.0,50.1,49.55,49.85,71246.0
2026-08-29,TWSE,2472,立隆電,235.0,245.5,227.5,232.5,7298279.0
2026-08-29,TWSE,2474,可成,207.5,208.0,205.5,206.5,2294028.0
2026-08-29,TWSE,2476,鉅祥,126.5,127.5,123.5,125.5,2057693.0
2026-08-29,TWSE,2477,美隆電,21.0,21.0,20.7,20.7,78858.0
2026-08-29,TWSE,2478,大毅,130.0,136.0,126.5,129.5,11981103.0
2026-08-29,TWSE,2480,敦陽科,156.5,157.5,156.0,157.0,120797.0
2026-08-29,TWSE,2481,強茂,150.0,161.0,150.0,154.0,42606146.0
2026-08-29,TWSE,2482,連宇,16.15,16.25,15.95,16.0,123649.0
2026-08-29,TWSE,2483,百容,37.1,38.5,36.3,36.6,2052460.0
2026-08-29,TWSE,2484,希華,77.2,78.9,74.8,76.1,15368786.0
2026-08-29,TWSE,2485,兆赫,44.3,44.4,43.0,43.0,4619406.0
2026-08-29,TWSE,2486,一詮,262.0,264.0,260.0,261.0,2530720.0
2026-08-29,TWSE,2488,漢平,48.5,48.85,48.5,48.5,39654.0
2026-08-29,TWSE,2489,瑞軒,40.0,42.5,39.1,40.2,49524525.0
2026-08-29,TWSE,2491,吉祥全,56.4,56.4,54.2,56.4,4332130.0
2026-08-29,TWSE,2492,華新科,299.5,313.5,295.5,313.5,52649209.0
2026-08-29,TWSE,2493,揚博,187.5,189.0,180.5,181.5,1623176.0
2026-08-29,TWSE,2495,普安,39.1,39.3,37.95,38.4,1608967.0
2026-08-29,TWSE,2496,卓越,54.9,54.9,54.6,54.6,4949.0
2026-08-29,TWSE,2497,怡利電,46.05,46.5,45.45,45.65,311167.0
2026-08-29,TWSE,2498,宏達電,40.65,41.25,40.4,40.55,2636413.0
2026-08-29,TWSE,2501,國建,22.9,22.9,22.45,22.5,2927061.0
2026-08-29,TWSE,2504,國產,31.9,31.9,31.45,31.7,1177753.0
2026-08-29,TWSE,2505,國揚,17.5,17.5,17.25,17.3,156764.0
2026-08-29,TWSE,2506,太設,8.58,8.59,8.56,8.57,87339.0
2026-08-29,TWSE,2509,全坤建,15.35,15.6,15.35,15.4,85001.0
2026-08-29,TWSE,2511,太子,8.36,8.36,8.31,8.32,504029.0
2026-08-29,TWSE,2514,龍邦,11.95,11.95,11.9,11.95,25972.0
2026-08-29,TWSE,2515,中工,12.1,12.1,11.9,11.95,4659830.0
2026-08-29,TWSE,2516,新建,14.2,14.25,14.15,14.15,27916.0
2026-08-29,TWSE,2520,冠德,35.6,35.6,34.85,35.3,1233012.0
2026-08-29,TWSE,2524,京城,35.45,35.6,35.05,35.2,64446.0
2026-08-29,TWSE,2527,宏璟,43.7,44.7,43.5,43.9,635255.0
2026-08-29,TWSE,2528,皇普,20.75,20.75,20.05,20.4,203693.0
2026-08-29,TWSE,2530,華建,19.35,19.5,19.0,19.25,1328719.0
2026-08-29,TWSE,2534,宏盛,17.7,17.7,17.4,17.5,211092.0
2026-08-29,TWSE,2535,達欣工,91.4,91.7,90.0,91.0,352624.0
2026-08-29,TWSE,2536,宏普,21.0,21.05,20.6,20.8,2155638.0
2026-08-29,TWSE,2537,聯上發,11.65,11.65,11.45,11.45,559076.0
2026-08-29,TWSE,2538,基泰,9.03,9.03,8.9,8.9,972921.0
2026-08-29,TWSE,2539,櫻花建,34.75,34.75,34.05,34.35,1148731.0
2026-08-29,TWSE,2540,愛山林,47.6,48.2,47.25,48.2,949498.0
2026-08-29,TWSE,2542,興富發,47.7,47.7,46.95,47.0,5444582.0
2026-08-29,TWSE,2543,皇昌,38.7,38.8,38.3,38.3,472138.0
2026-08-29,TWSE,2545,皇翔,35.3,35.3,34.8,34.95,161549.0
2026-08-29,TWSE,2546,根基,107.0,107.0,104.5,106.5,125628.0
2026-08-29,TWSE,2547,日勝生,10.1,10.15,10.0,10.0,1279988.0
2026-08-29,TWSE,2548,華固,96.0,96.0,93.8,93.8,1455860.0
2026-08-29,TWSE,2597,潤弘,172.5,172.5,170.5,172.0,89621.0
2026-08-29,TWSE,2601,益航,6.87,6.87,6.75,6.78,2326754.0
2026-08-29,TWSE,2603,長榮,231.0,232.5,227.0,231.5,8259200.0
2026-08-29,TWSE,2605,新興,34.65,35.6,34.45,35.05,8462440.0
2026-08-29,TWSE,2606,裕民,73.8,74.2,70.9,72.2,7894987.0
2026-08-29,TWSE,2607,榮運,52.3,52.3,51.7,51.7,264891.0
2026-08-29,TWSE,2608,嘉里大榮,28.65,28.65,28.55,28.6,141247.0
2026-08-29,TWSE,2609,陽明,57.5,57.5,55.8,56.2,42997981.0
2026-08-29,TWSE,2610,華航,20.65,20.65,20.3,20.35,26793622.0
2026-08-29,TWSE,2611,志信,15.1,15.5,14.8,14.9,1135116.0
2026-08-29,TWSE,2612,中航,62.0,62.0,58.7,60.2,1665668.0
2026-08-29,TWSE,2613,中櫃,23.2,23.2,22.4,22.7,657665.0
2026-08-29,TWSE,2614,東森,18.5,18.55,18.25,18.25,650681.0
2026-08-29,TWSE,2615,萬海,113.5,113.5,108.5,111.5,21942146.0
2026-08-29,TWSE,2616,山隆,13.4,13.45,13.35,13.4,83471.0
2026-08-29,TWSE,2617,台航,31.45,31.5,30.3,30.45,1629903.0
2026-08-29,TWSE,2618,長榮航,42.6,42.6,41.6,41.8,20564641.0
2026-08-29,TWSE,2630,亞航,53.9,54.5,51.0,51.8,4680257.0
2026-08-29,TWSE,2633,台灣高鐵,26.3,26.35,26.15,26.25,2417728.0
2026-08-29,TWSE,2634,漢翔,71.8,72.5,67.3,67.8,68007288.0
2026-08-29,TWSE,2636,台驊控股,69.5,69.5,68.1,68.9,652798.0
2026-08-29,TWSE,2637,慧洋-KY,94.6,95.4,90.8,92.1,4464181.0
2026-08-29,TWSE,2642,宅配通,20.65,20.85,20.6,20.6,115501.0
2026-08-29,TWSE,2645,長榮航太,188.0,188.0,172.0,174.0,7313938.0
2026-08-29,TWSE,2646,星宇航空,21.1,21.1,20.85,20.85,3080669.0
2026-08-29,TWSE,2701,萬企,10.7,10.7,10.6,10.6,62318.0
2026-08-29,TWSE,2702,華園,12.6,12.7,12.6,12.7,27181.0
2026-08-29,TWSE,2704,國賓,45.95,45.95,45.35,45.35,107564.0
2026-08-29,TWSE,2705,六福,15.7,15.8,15.6,15.7,95661.0
2026-08-29,TWSE,2706,第一店,12.5,12.6,12.5,12.5,51445.0
2026-08-29,TWSE,2707,晶華,180.5,180.5,179.0,179.5,125979.0
2026-08-29,TWSE,2712,遠雄來,14.4,14.4,14.35,14.35,4000.0
2026-08-29,TWSE,2722,夏都,21.9,21.9,21.55,21.55,19423.0
2026-08-29,TWSE,2723,美食-KY,77.2,77.8,76.1,77.2,385926.0
2026-08-29,TWSE,2727,王品,233.0,234.0,231.5,234.0,247967.0
2026-08-29,TWSE,2731,雄獅,145.0,145.5,144.5,145.0,132394.0
2026-08-29,TWSE,2739,寒舍,38.1,38.25,37.4,37.75,157144.0
2026-08-29,TWSE,2748,雲品,38.7,38.75,38.4,38.75,41580.0
2026-08-29,TWSE,2753,八方雲集,179.0,180.0,178.0,180.0,95981.0
2026-08-29,TWSE,2762,世界健身-KY,87.5,87.5,83.7,84.1,164008.0
2026-08-29,TWSE,2801,彰銀,25.15,25.15,24.7,24.85,19034930.0
2026-08-29,TWSE,2812,台中銀,19.0,19.0,18.75,18.85,7174322.0
2026-08-29,TWSE,2816,旺旺保,39.95,39.95,38.05,38.9,2529283.0
2026-08-29,TWSE,2820,華票,16.7,16.7,16.6,16.65,1853568.0
2026-08-29,TWSE,2832,台產,59.9,60.5,59.6,59.9,179201.0
2026-08-29,TWSE,2834,臺企銀,16.45,16.55,16.4,16.45,33351515.0
2026-08-29,TWSE,2836,高雄銀,12.05,12.05,12.0,12.05,407742.0
2026-08-29,TWSE,2838,聯邦銀,20.45,20.45,20.1,20.2,2321183.0
2026-08-29,TWSE,2845,遠東銀,13.45,13.5,13.3,13.4,21641599.0
2026-08-29,TWSE,2849,安泰銀,14.35,14.5,14.35,14.4,58261.0
2026-08-29,TWSE,2850,新產,164.0,164.0,160.0,160.5,407875.0
2026-08-29,TWSE,2851,中再保,45.85,45.85,44.65,45.1,2014805.0
2026-08-29,TWSE,2852,第一保,28.55,28.55,28.0,28.1,522704.0
2026-08-29,TWSE,2855,統一證,48.35,49.0,48.25,48.55,3416514.0
2026-08-29,TWSE,2880,華南金,39.35,41.2,39.35,40.25,30246901.0
2026-08-29,TWSE,2881,富邦金,141.0,144.5,140.5,144.0,16595185.0
2026-08-29,TWSE,2882,國泰金,104.0,106.0,103.0,105.5,19430471.0
2026-08-29,TWSE,2883,凱基金,32.5,32.8,32.15,32.75,20878621.0
2026-08-29,TWSE,2884,玉山金,38.5,38.8,38.1,38.75,19760950.0
2026-08-29,TWSE,2885,元大金,63.4,64.2,63.4,64.0,14254324.0
2026-08-29,TWSE,2886,兆豐金,46.9,49.05,46.55,48.2,62205583.0
2026-08-29,TWSE,2887,台新新光金,37.45,37.8,36.95,37.5,33694420.0
2026-08-29,TWSE,2889,國票金,16.2,16.2,15.8,15.9,24759513.0
2026-08-29,TWSE,2890,永豐金,39.7,39.9,39.4,39.8,19928878.0
2026-08-29,TWSE,2891,中信金,63.8,64.6,63.7,64.4,33878789.0
2026-08-29,TWSE,2892,第一金,33.5,34.75,33.45,34.4,68304232.0
2026-08-29,TWSE,2897,王道銀行,10.4,10.45,10.35,10.35,4670686.0
2026-08-29,TWSE,2901,欣欣,23.55,23.65,23.55,23.65,2550.0
2026-08-29,TWSE,2903,遠百,22.3,22.3,22.1,22.1,1261534.0
2026-08-29,TWSE,2904,匯僑,13.0,13.0,12.85,12.95,14212.0
2026-08-29,TWSE,2905,三商,17.4,17.6,17.35,17.45,1299334.0
2026-08-29,TWSE,2906,高林,14.2,14.2,14.0,14.1,119379.0
2026-08-29,TWSE,2908,特力,21.95,21.95,21.8,21.95,195023.0
2026-08-29,TWSE,2910,統領,24.25,24.3,24.25,24.25,4000.0
2026-08-29,TWSE,2911,麗嬰房,6.53,6.65,6.45,6.46,49866.0
2026-08-29,TWSE,2912,統一超,220.5,220.5,218.0,218.5,1100327.0
2026-08-29,TWSE,2913,農林,11.25,11.35,11.1,11.15,1537143.0
2026-08-29,TWSE,2915,潤泰全,58.7,58.8,57.0,57.3,3180383.0
2026-08-29,TWSE,2923,鼎固-KY,27.0,27.0,25.85,25.85,143669.0
2026-08-29,TWSE,2929,淘帝-KY,5.62,5.72,5.61,5.7,61848.0
2026-08-29,TWSE,2939,永邑-KY,19.15,20.0,19.15,20.0,19002.0
2026-08-29,TWSE,2945,三商家購,39.9,40.0,39.9,40.0,12026.0
2026-08-29,TWSE,3002,歐格,17.25,17.5,17.1,17.45,60313.0
2026-08-29,TWSE,3003,健和興,68.6,73.2,68.6,72.1,3029544.0
2026-08-29,TWSE,3004,豐達科,123.0,123.0,118.5,119.0,409301.0
2026-08-29,TWSE,3005,神基,116.5,117.0,115.0,116.0,1999507.0
2026-08-29,TWSE,3006,晶豪科,275.5,279.5,265.0,269.5,9546036.0
2026-08-29,TWSE,3008,大立光,7005.0,7270.0,6865.0,7065.0,4885655.0
2026-08-29,TWSE,3010,華立,129.0,129.0,127.0,127.0,360580.0
2026-08-29,TWSE,3011,今皓,10.7,10.7,10.5,10.6,293773.0
2026-08-29,TWSE,3013,晟銘電,90.5,93.6,89.2,89.5,1988850.0
2026-08-29,TWSE,3014,聯陽,131.5,133.0,131.0,131.5,472713.0
2026-08-29,TWSE,3015,全漢,55.0,55.2,54.3,54.3,429586.0
2026-08-29,TWSE,3016,嘉晶,101.5,104.0,99.6,99.6,3253682.0
2026-08-29,TWSE,3017,奇鋐,3360.0,3450.0,3320.0,3360.0,4035280.0
2026-08-29,TWSE,3018,隆銘綠能,12.4,12.6,11.95,11.95,112252.0
2026-08-29,TWSE,3019,亞光,140.5,140.5,136.5,138.5,2471706.0
2026-08-29,TWSE,3021,鴻名,20.65,20.7,20.3,20.3,144474.0
2026-08-29,TWSE,3022,威強電,91.8,92.3,90.1,90.3,1191175.0
2026-08-29,TWSE,3023,信邦,325.0,325.0,315.5,317.0,380275.0
2026-08-29,TWSE,3024,憶聲,14.6,14.8,14.5,14.65,1505597.0
2026-08-29,TWSE,3025,星通,54.4,54.5,53.4,53.6,109260.0
2026-08-29,TWSE,3026,禾伸堂,719.0,742.0,707.0,742.0,15081013.0
2026-08-29,TWSE,3027,盛達,18.75,19.0,18.3,18.35,230922.0
2026-08-29,TWSE,3028,增你強,65.8,65.9,64.4,64.4,1266937.0
2026-08-29,TWSE,3029,零壹,113.0,113.5,111.5,111.5,1192473.0
2026-08-29,TWSE,3030,德律,298.5,299.5,292.5,293.5,693781.0
2026-08-29,TWSE,3031,佰鴻,25.4,25.4,24.6,24.7,728979.0
2026-08-29,TWSE,3032,偉訓,79.9,80.4,79.6,79.8,231872.0
2026-08-29,TWSE,3033,威健,45.75,46.05,45.05,45.05,3494460.0
2026-08-29,TWSE,3034,聯詠,548.0,550.0,539.0,545.0,2848078.0
2026-08-29,TWSE,3035,智原,179.0,184.0,178.0,180.5,2656751.0
2026-08-29,TWSE,3036,文曄,194.5,197.5,194.0,196.0,5301261.0
2026-08-29,TWSE,3037,欣興,1200.0,1230.0,1070.0,1110.0,28940854.0
2026-08-29,TWSE,3038,全台,20.55,20.55,20.1,20.15,396623.0
2026-08-29,TWSE,3040,遠見,37.6,37.6,36.9,37.4,140221.0
2026-08-29,TWSE,3041,揚智,23.0,23.1,22.75,22.9,410878.0
2026-08-29,TWSE,3042,晶技,192.0,197.0,186.5,188.5,15750113.0
2026-08-29,TWSE,3043,科風,21.5,21.5,20.95,21.1,122163.0
2026-08-29,TWSE,3044,健鼎,486.0,499.0,483.5,490.0,2975986.0
2026-08-29,TWSE,3045,台灣大,115.5,115.5,114.5,115.5,8414134.0
2026-08-29,TWSE,3046,建碁,57.8,58.2,56.3,56.7,400656.0
2026-08-29,TWSE,3047,訊舟,14.25,14.25,13.9,13.95,411039.0
2026-08-29,TWSE,3048,益登,57.3,57.9,55.6,55.6,3553464.0
2026-08-29,TWSE,3049,精金,13.25,13.95,13.2,13.5,54731497.0
2026-08-29,TWSE,3050,鈺德,11.8,11.85,11.6,11.8,527475.0
2026-08-29,TWSE,3051,力特,23.6,23.85,22.9,23.15,633338.0
2026-08-29,TWSE,3052,夆典,11.3,11.3,11.1,11.15,582375.0
2026-08-29,TWSE,3054,立萬利,54.9,56.7,54.4,56.7,109308.0
2026-08-29,TWSE,3055,蔚華科,125.5,130.0,123.5,127.5,2876244.0
2026-08-29,TWSE,3056,富華新,14.45,14.45,14.1,14.2,665198.0
2026-08-29,TWSE,3057,喬鼎,17.45,17.8,17.05,17.3,119296.0
2026-08-29,TWSE,3058,立德,8.23,8.23,8.11,8.15,371729.0
2026-08-29,TWSE,3059,華晶科,40.45,40.45,39.65,39.85,1602297.0
2026-08-29,TWSE,3060,銘異,27.55,27.7,26.9,26.9,999086.0
2026-08-29,TWSE,3062,建漢,21.35,21.4,20.95,20.95,762555.0
2026-08-29,TWSE,3090,日電貿,175.5,184.0,171.5,174.0,19371638.0
2026-08-29,TWSE,3092,鴻碩,24.95,24.95,24.1,24.7,124740.0
2026-08-29,TWSE,3094,聯傑,38.05,41.7,38.05,40.8,11056818.0
2026-08-29,TWSE,3130,一零四,210.0,210.0,209.0,209.0,50043.0
2026-08-29,TWSE,3135,凌航,183.0,184.5,180.5,181.0,1585857.0
2026-08-29,TWSE,3138,耀登,99.5,100.0,97.2,97.6,166145.0
2026-08-29,TWSE,3149,正達,67.6,68.3,66.3,66.4,4197311.0
2026-08-29,TWSE,3150,鈺寶-創,17.3,17.3,16.75,16.75,54662.0
2026-08-29,TWSE,3164,景岳,16.2,16.2,16.0,16.15,7811.0
2026-08-29,TWSE,3167,大量,745.0,797.0,740.0,783.0,5596237.0
2026-08-29,TWSE,3168,眾福科,41.9,42.1,41.9,42.1,4813.0
2026-08-29,TWSE,3189,景碩,929.0,933.0,867.0,899.0,21576121.0
2026-08-29,TWSE,3209,全科,51.8,52.3,50.8,51.9,3694852.0
2026-08-29,TWSE,3229,晟鈦,55.5,58.0,53.5,55.4,1818237.0
2026-08-29,TWSE,3231,緯創,182.5,183.5,178.0,178.0,26484639.0
2026-08-29,TWSE,3257,虹冠電,50.1,51.6,50.1,50.3,209617.0
2026-08-29,TWSE,3266,昇陽,14.05,14.15,14.05,14.1,18713.0
2026-08-29,TWSE,3296,勝德,24.3,24.3,23.55,24.1,28845.0
2026-08-29,TWSE,3305,昇貿,112.5,118.0,111.5,116.5,3940430.0
2026-08-29,TWSE,3308,聯德,22.4,23.5,22.2,22.3,184710.0
2026-08-29,TWSE,3311,閎暉,32.9,32.9,32.45,32.6,81017.0
2026-08-29,TWSE,3312,弘憶股,52.3,52.7,51.8,51.9,631794.0
2026-08-29,TWSE,3321,同泰,19.0,19.2,18.3,18.55,176562.0
2026-08-29,TWSE,3338,泰碩,65.0,65.0,63.5,64.2,241622.0
2026-08-29,TWSE,3346,麗清,20.3,20.3,19.95,20.0,210877.0
2026-08-29,TWSE,3356,奇偶,62.4,62.6,61.4,61.9,246759.0
2026-08-29,TWSE,3376,新日興,210.0,222.0,206.5,217.0,18184638.0
2026-08-29,TWSE,3380,明泰,28.05,28.55,28.0,28.15,992783.0
2026-08-29,TWSE,3406,玉晶光,840.0,917.0,831.0,917.0,14487914.0
2026-08-29,TWSE,3413,京鼎,289.0,289.5,286.0,287.5,685489.0
2026-08-29,TWSE,3416,融程電,183.5,185.5,179.5,180.5,498390.0
2026-08-29,TWSE,3419,譁裕,12.0,12.0,11.8,11.95,63668.0
2026-08-29,TWSE,3432,台端,14.6,14.6,14.6,14.6,12368.0
2026-08-29,TWSE,3437,榮創,18.5,18.8,18.4,18.4,398763.0
2026-08-29,TWSE,3443,創意,5975.0,6245.0,5910.0,6015.0,1881658.0
2026-08-29,TWSE,3447,展達,27.85,28.8,27.8,28.7,158536.0
2026-08-29,TWSE,3450,聯鈞,586.0,635.0,576.0,635.0,19408073.0
2026-08-29,TWSE,3481,群創,46.7,49.6,46.45,48.6,314569251.0
2026-08-29,TWSE,3494,誠研,7.14,7.38,7.1,7.12,54208.0
2026-08-29,TWSE,3501,維熹,40.1,40.1,39.5,39.5,156023.0
2026-08-29,TWSE,3504,揚明光,92.5,94.0,88.3,89.5,12150179.0
2026-08-29,TWSE,3515,華擎,220.5,221.0,218.5,220.0,271439.0
2026-08-29,TWSE,3518,柏騰,27.65,27.9,27.5,27.85,160579.0
2026-08-29,TWSE,3528,安馳,84.3,86.6,83.4,83.6,332802.0
2026-08-29,TWSE,3530,晶相光,61.2,61.2,59.7,59.8,216796.0
2026-08-29,TWSE,3532,台勝科,401.0,418.5,386.0,399.0,10689865.0
2026-08-29,TWSE,3533,嘉澤,1645.0,1760.0,1645.0,1735.0,2933845.0
2026-08-29,TWSE,3535,晶彩科,90.2,91.9,89.4,90.2,420222.0
2026-08-29,TWSE,3543,州巧,54.0,54.5,54.0,54.5,4153845.0
2026-08-29,TWSE,3545,敦泰,49.6,50.4,49.0,49.0,812774.0
2026-08-29,TWSE,3550,聯穎,24.15,24.85,24.0,24.3,2063941.0
2026-08-29,TWSE,3557,嘉威,24.3,24.3,24.1,24.2,21794.0
2026-08-29,TWSE,3563,牧德,696.0,705.0,686.0,697.0,266586.0
2026-08-29,TWSE,3576,聯合再生,17.4,18.15,17.4,17.5,22670417.0
2026-08-29,TWSE,3583,辛耘,763.0,818.0,745.0,749.0,1887974.0
2026-08-29,TWSE,3588,通嘉,54.6,55.3,53.7,53.7,124650.0
2026-08-29,TWSE,3591,艾笛森,22.55,22.55,22.0,22.2,352821.0
2026-08-29,TWSE,3592,瑞鼎,230.0,230.5,226.5,227.0,235725.0
2026-08-29,TWSE,3593,力銘,10.85,11.0,10.35,11.0,43278.0
2026-08-29,TWSE,3596,智易,162.0,162.5,160.5,161.5,803569.0
2026-08-29,TWSE,3605,宏致,121.0,131.0,118.0,131.0,19148721.0
2026-08-29,TWSE,3607,谷崧,14.35,14.35,14.05,14.15,158156.0
2026-08-29,TWSE,3617,碩天,250.5,251.0,242.0,243.5,493715.0
2026-08-29,TWSE,3622,洋華,53.7,53.7,53.0,53.5,322138.0
2026-08-29,TWSE,3645,達邁,69.7,76.6,68.3,76.6,8568904.0
2026-08-29,TWSE,3652,精聯,33.7,33.8,33.3,33.6,76009.0
2026-08-29,TWSE,3653,健策,5750.0,5960.0,5690.0,5785.0,939998.0
2026-08-29,TWSE,3661,世芯-KY,3910.0,4105.0,3855.0,4065.0,2030269.0
2026-08-29,TWSE,3665,貿聯-KY,2075.0,2260.0,2070.0,2260.0,4068757.0
2026-08-29,TWSE,3669,圓展,36.85,36.85,35.6,35.7,280328.0
2026-08-29,TWSE,3673,TPK-KY,68.0,68.7,67.2,67.6,4678450.0
2026-08-29,TWSE,3679,新至陞,109.5,110.0,106.5,106.5,212735.0
2026-08-29,TWSE,3686,達能,14.4,14.5,14.2,14.45,63588.0
2026-08-29,TWSE,3694,海華,52.0,52.0,50.8,50.8,448115.0
2026-08-29,TWSE,3701,大眾控,42.25,42.25,41.05,41.05,408825.0
2026-08-29,TWSE,3702,大聯大,102.0,102.5,99.9,100.0,15312136.0
2026-08-29,TWSE,3703,欣陸,19.65,19.65,19.35,19.4,2033079.0
2026-08-29,TWSE,3704,合勤控,42.75,43.15,42.0,42.0,1259249.0
2026-08-29,TWSE,3705,永信,56.0,56.2,55.9,55.9,72913.0
2026-08-29,TWSE,3706,神達,92.0,92.7,91.1,92.1,6896226.0
2026-08-29,TWSE,3708,上緯投控,103.0,103.5,100.5,101.0,510739.0
2026-08-29,TWSE,3711,日月光投控,608.0,630.0,606.0,621.0,18575826.0
2026-08-29,TWSE,3712,永崴投控,21.85,21.85,20.55,20.75,1299271.0
2026-08-29,TWSE,3714,富采,63.6,63.8,62.1,62.6,7578503.0
2026-08-29,TWSE,3715,定穎投控,120.0,126.5,116.5,125.0,7894954.0
2026-08-29,TWSE,3716,中化控股,35.4,35.45,34.8,34.85,325184.0
2026-08-29,TWSE,3717,聯嘉投控,23.25,23.55,23.0,23.25,2126255.0
2026-08-29,TWSE,4104,佳醫,71.1,71.1,70.7,71.0,126932.0
2026-08-29,TWSE,4106,雃博,24.45,24.45,24.0,24.4,313401.0
2026-08-29,TWSE,4108,懷特,11.55,12.5,11.45,12.4,1893290.0
2026-08-29,TWSE,4119,旭富,53.6,54.7,53.5,54.4,161100.0
2026-08-29,TWSE,4133,亞諾法,20.9,20.9,20.6,20.6,82280.0
2026-08-29,TWSE,4137,麗豐-KY,87.6,87.6,85.6,85.9,349589.0
2026-08-29,TWSE,4142,國光生,17.95,18.2,17.9,17.9,659220.0
2026-08-29,TWSE,4148,全宇生技-KY,33.0,33.6,33.0,33.3,9199.0
2026-08-29,TWSE,4155,訊映,14.5,14.55,14.4,14.45,94462.0
2026-08-29,TWSE,4164,承業醫,26.25,26.25,26.1,26.2,226776.0
2026-08-29,TWSE,4169,泰宗,157.5,157.5,154.0,154.0,102521.0
2026-08-29,TWSE,4178,永笙-KY,17.7,17.75,17.15,17.15,84000.0
2026-08-29,TWSE,4190,佐登-KY,25.9,26.0,25.6,25.95,8256.0
2026-08-29,TWSE,4195,基米-創,14.8,14.8,14.2,14.45,78509.0
2026-08-29,TWSE,4306,炎洲,15.1,15.2,15.05,15.05,594743.0
2026-08-29,TWSE,4414,如興,8.38,8.44,8.35,8.39,141484.0
2026-08-29,TWSE,4426,利勤,7.72,7.74,7.68,7.72,80079.0
2026-08-29,TWSE,4438,廣越,60.1,60.6,59.9,59.9,77691.0
2026-08-29,TWSE,4439,冠星-KY,97.0,98.7,96.0,98.6,19100.0
2026-08-29,TWSE,4440,宜新實業,17.65,17.7,17.6,17.7,20562.0
2026-08-29,TWSE,4441,振大環球,178.5,178.5,175.5,176.0,56129.0
2026-08-29,TWSE,4526,東台,30.4,30.5,30.05,30.3,712216.0
2026-08-29,TWSE,4532,瑞智,24.2,24.2,23.9,23.95,467973.0
2026-08-29,TWSE,4536,拓凱,168.5,171.0,167.5,167.5,197655.0
2026-08-29,TWSE,4540,全球傳動,62.5,62.8,59.5,60.2,3387439.0
2026-08-29,TWSE,4545,銘鈺,32.1,32.1,31.7,31.9,40490.0
2026-08-29,TWSE,4551,智伸科,172.0,172.5,162.0,162.0,1581599.0
2026-08-29,TWSE,4552,力達-KY,17.05,17.2,17.0,17.1,131172.0
2026-08-29,TWSE,4555,氣立,48.1,48.3,47.05,47.4,126850.0
2026-08-29,TWSE,4557,永新-KY,51.5,51.5,50.8,51.0,61995.0
2026-08-29,TWSE,4560,強信-KY,30.7,30.75,30.15,30.35,385443.0
2026-08-29,TWSE,4562,穎漢,32.5,32.5,31.5,31.65,90590.0
2026-08-29,TWSE,4564,元翎,17.8,17.8,16.75,16.9,928748.0
2026-08-29,TWSE,4566,時碩工業,67.1,67.1,64.5,65.7,1829320.0
2026-08-29,TWSE,4569,六方科-KY,164.5,173.5,162.5,165.5,221173.0
2026-08-29,TWSE,4571,鈞興-KY,161.0,162.0,159.0,160.5,94698.0
2026-08-29,TWSE,4572,駐龍,140.5,140.5,139.0,140.0,5099.0
2026-08-29,TWSE,4576,大銀微系統,220.5,223.0,208.5,216.0,1949063.0
2026-08-29,TWSE,4581,光隆精密-KY,48.75,48.75,47.75,47.9,10067.0
2026-08-29,TWSE,4582,聚恆-創,23.5,23.5,23.25,23.4,28100.0
2026-08-29,TWSE,4583,台灣精銳,469.0,472.0,462.0,467.0,74700.0
2026-08-29,TWSE,4585,達明,307.5,307.5,300.0,300.5,142025.0
2026-08-29,TWSE,4588,玖鼎電力,53.1,53.6,52.8,53.3,33449.0
2026-08-29,TWSE,4590,富田-創,92.1,92.1,88.5,89.4,243097.0
2026-08-29,TWSE,4720,德淵,19.2,19.55,18.8,18.95,1244782.0
2026-08-29,TWSE,4722,國精化,216.0,218.5,212.5,213.5,549450.0
2026-08-29,TWSE,4736,泰博,125.5,125.5,123.0,124.5,329732.0
2026-08-29,TWSE,4737,華廣,57.7,58.3,57.0,57.8,121001.0
2026-08-29,TWSE,4739,康普,89.0,90.0,88.0,88.6,1159005.0
2026-08-29,TWSE,4746,台耀,49.85,50.1,49.25,49.35,503577.0
2026-08-29,TWSE,4755,三福化,119.5,124.5,119.5,120.0,400423.0
2026-08-29,TWSE,4763,材料*-KY,45.85,46.05,45.25,45.65,3291113.0
2026-08-29,TWSE,4764,雙鍵,231.0,250.5,231.0,249.5,2855491.0
2026-08-29,TWSE,4766,南寶,345.5,345.5,342.5,345.0,123489.0
2026-08-29,TWSE,4770,上品,218.5,222.5,214.0,215.0,747929.0
2026-08-29,TWSE,4771,望隼,211.5,211.5,204.5,206.0,217639.0
2026-08-29,TWSE,4807,日成-KY,27.8,28.05,27.3,28.0,107569.0
2026-08-29,TWSE,4904,遠傳,101.5,101.5,99.8,100.5,6251598.0
2026-08-29,TWSE,4906,正文,37.95,37.95,36.0,36.4,11607235.0
2026-08-29,TWSE,4912,聯德控股-KY,100.0,101.5,97.1,99.2,1734682.0
2026-08-29,TWSE,4915,致伸,60.0,60.1,59.5,59.6,1345755.0
2026-08-29,TWSE,4916,事欣科,104.5,105.0,101.5,102.5,1910323.0
2026-08-29,TWSE,4919,新唐,123.0,126.5,121.5,122.5,2799158.0
2026-08-29,TWSE,4927,泰鼎-KY,40.4,44.2,39.4,43.0,11801891.0
2026-08-29,TWSE,4930,燦星網,16.2,16.25,16.1,16.25,9396.0
2026-08-29,TWSE,4934,太極,14.7,14.9,14.55,14.55,318933.0
2026-08-29,TWSE,4935,茂林-KY,34.3,34.5,33.8,33.8,95307.0
2026-08-29,TWSE,4938,和碩,89.6,90.0,88.5,88.5,6515496.0
2026-08-29,TWSE,4942,嘉彰,33.15,33.3,33.1,33.25,79071.0
2026-08-29,TWSE,4943,康控-KY,8.38,8.38,8.0,8.0,31283.0
2026-08-29,TWSE,4949,有成精密,78.2,78.2,74.4,74.4,760784.0
2026-08-29,TWSE,4952,凌通,52.6,53.4,51.8,51.9,280400.0
2026-08-29,TWSE,4956,光鋐,36.2,38.45,35.8,36.95,5714283.0
2026-08-29,TWSE,4958,臻鼎-KY,482.5,494.0,468.0,480.5,34242675.0
2026-08-29,TWSE,4960,誠美材,22.3,22.45,21.6,21.85,2388245.0
2026-08-29,TWSE,4961,天鈺,165.0,165.5,160.5,161.0,492509.0
2026-08-29,TWSE,4967,十銓,277.0,278.0,272.0,273.5,2660574.0
2026-08-29,TWSE,4968,立積,94.5,94.5,92.0,92.0,351094.0
2026-08-29,TWSE,4976,佳凌,39.9,40.6,38.85,39.15,3490384.0
2026-08-29,TWSE,4977,眾達-KY,171.5,177.5,170.0,172.0,3489659.0
2026-08-29,TWSE,4989,榮科,67.5,71.7,66.3,68.2,15471541.0
2026-08-29,TWSE,4994,傳奇,83.0,84.0,83.0,83.8,5225.0
2026-08-29,TWSE,4999,鑫禾,19.1,19.1,18.7,18.95,30835.0
2026-08-29,TWSE,5007,三星,56.0,56.4,55.9,56.4,13163.0
2026-08-29,TWSE,5203,訊連,58.7,58.9,58.5,58.9,92606.0
2026-08-29,TWSE,5215,科嘉-KY,39.1,39.9,38.9,39.0,39340.0
2026-08-29,TWSE,5222,全訊,109.5,111.5,106.5,107.0,310139.0
2026-08-29,TWSE,5225,東科-KY,61.6,61.6,60.1,60.5,266168.0
2026-08-29,TWSE,5234,達興材料,305.5,308.0,301.0,303.5,370481.0
2026-08-29,TWSE,5236,凌陽創新,139.0,140.0,137.5,137.5,81122.0
2026-08-29,TWSE,5243,乙盛-KY,95.2,95.2,90.5,91.3,3001904.0
2026-08-29,TWSE,5244,弘凱,36.2,36.25,35.3,35.6,85283.0
2026-08-29,TWSE,5258,虹堡,48.5,48.5,47.1,47.3,531948.0
2026-08-29,TWSE,5269,祥碩,1480.0,1495.0,1440.0,1450.0,403900.0
2026-08-29,TWSE,5283,禾聯碩,52.5,53.1,51.4,51.9,379150.0
2026-08-29,TWSE,5284,jpp-KY,323.5,327.0,320.0,321.5,270433.0
2026-08-29,TWSE,5285,界霖,84.9,85.8,83.0,83.4,1192121.0
2026-08-29,TWSE,5288,豐祥-KY,190.5,191.5,187.5,187.5,36563.0
2026-08-29,TWSE,5292,華懋,221.5,221.5,215.5,220.0,268664.0
2026-08-29,TWSE,5306,桂盟,94.6,95.0,94.4,94.5,40996.0
2026-08-29,TWSE,5388,中磊,78.2,78.4,77.5,77.5,1778427.0
2026-08-29,TWSE,5434,崇越,533.0,540.0,529.0,529.0,283228.0
2026-08-29,TWSE,5469,瀚宇博,74.0,75.7,73.8,74.8,1756746.0
2026-08-29,TWSE,5471,松翰,62.4,63.3,61.3,61.7,4716492.0
2026-08-29,TWSE,5484,慧友,40.95,40.95,40.05,40.2,176532.0
2026-08-29,TWSE,5515,建國,52.6,53.6,52.2,52.5,528079.0
2026-08-29,TWSE,5519,隆大,28.1,28.15,27.9,27.95,373561.0
2026-08-29,TWSE,5521,工信,10.8,10.85,10.6,10.65,1605573.0
2026-08-29,TWSE,5522,遠雄,63.6,63.6,62.8,62.8,669748.0
2026-08-29,TWSE,5525,順天,22.4,22.4,22.0,22.15,69007.0
2026-08-29,TWSE,5531,鄉林,7.39,7.39,7.31,7.32,595380.0
2026-08-29,TWSE,5533,皇鼎,13.95,14.0,13.9,13.95,114970.0
2026-08-29,TWSE,5534,長虹,76.0,76.0,74.9,75.3,1117394.0
2026-08-29,TWSE,5538,東明-KY,37.2,37.45,36.55,37.1,81607.0
2026-08-29,TWSE,5546,永固-KY,14.95,14.95,14.6,14.65,29926.0
2026-08-29,TWSE,5607,遠雄港,52.6,52.6,51.5,51.5,1377070.0
2026-08-29,TWSE,5608,四維航,16.95,16.95,16.45,16.7,5888793.0
2026-08-29,TWSE,5706,鳳凰,45.4,45.4,45.0,45.15,58688.0
2026-08-29,TWSE,5871,中租-KY,117.0,117.0,113.0,113.0,5488046.0
2026-08-29,TWSE,5876,上海商銀,42.95,43.65,42.9,43.15,7229756.0
2026-08-29,TWSE,5880,合庫金,25.1,25.3,25.05,25.25,9386451.0
2026-08-29,TWSE,5906,台南-KY,35.75,37.85,35.75,37.75,5000.0
2026-08-29,TWSE,5907,大洋-KY,4.95,4.99,4.84,4.91,361000.0
2026-08-29,TWSE,6005,群益證,31.2,31.7,31.2,31.45,4726832.0
2026-08-29,TWSE,6024,群益期,61.9,62.5,61.7,61.7,314079.0
2026-08-29,TWSE,6108,競國,24.3,26.15,24.1,25.7,11060642.0
2026-08-29,TWSE,6112,邁達特,46.2,46.2,45.05,45.05,213938.0
2026-08-29,TWSE,6115,鎰勝,44.05,44.1,43.9,44.0,340345.0
2026-08-29,TWSE,6116,彩晶,15.0,15.1,14.5,14.5,34400826.0
2026-08-29,TWSE,6117,迎廣,63.1,63.6,62.6,63.0,136225.0
2026-08-29,TWSE,6120,達運,12.95,13.05,12.75,12.8,1324556.0
2026-08-29,TWSE,6128,上福,20.35,20.35,20.1,20.3,62682.0
2026-08-29,TWSE,6133,金橋,23.4,23.6,23.0,23.0,548804.0
2026-08-29,TWSE,6136,富爾特,25.05,25.15,25.05,25.1,470318.0
2026-08-29,TWSE,6139,亞翔,788.0,792.0,772.0,775.0,2585203.0
2026-08-29,TWSE,6141,柏承,54.0,59.5,53.7,58.2,7488061.0
2026-08-29,TWSE,6142,友勁,8.82,8.96,8.82,8.87,137279.0
2026-08-29,TWSE,6152,百一,14.0,14.2,13.9,14.05,684650.0
2026-08-29,TWSE,6153,嘉聯益,17.4,17.9,17.35,17.75,3925936.0
2026-08-29,TWSE,6155,鈞寶,59.5,62.5,59.0,59.2,3968666.0
2026-08-29,TWSE,6164,華興,12.65,12.7,12.3,12.35,535529.0
2026-08-29,TWSE,6165,浪凡,48.6,49.0,48.2,48.3,2492597.0
2026-08-29,TWSE,6166,凌華,117.5,119.0,116.0,116.5,782882.0
2026-08-29,TWSE,6168,宏齊,29.6,29.65,28.7,28.85,4631284.0
2026-08-29,TWSE,6176,瑞儀,95.5,95.6,93.0,93.1,3999237.0
2026-08-29,TWSE,6177,達麗,47.85,47.95,47.25,47.55,1066000.0
2026-08-29,TWSE,6183,關貿,92.0,92.5,90.6,91.0,58671.0
2026-08-29,TWSE,6184,大豐電,41.4,41.4,41.05,41.15,124225.0
2026-08-29,TWSE,6189,豐藝,48.55,48.55,47.8,48.15,284427.0
2026-08-29,TWSE,6191,精成科,83.9,85.5,83.5,84.7,2255898.0
2026-08-29,TWSE,6192,巨路,116.5,117.5,116.0,117.5,126411.0
2026-08-29,TWSE,6196,帆宣,501.0,502.0,491.0,492.5,901280.0
2026-08-29,TWSE,6197,佳必琪,311.0,314.0,309.5,309.5,1256784.0
2026-08-29,TWSE,6201,亞弘電,44.7,44.7,44.6,44.6,23104.0
2026-08-29,TWSE,6202,盛群,59.5,61.2,59.0,59.4,1210594.0
2026-08-29,TWSE,6205,詮欣,67.0,67.5,65.3,65.8,786889.0
2026-08-29,TWSE,6206,飛捷,140.5,141.5,138.0,138.5,847281.0
2026-08-29,TWSE,6209,今國光,77.0,78.1,75.8,76.7,11986491.0
2026-08-29,TWSE,6213,聯茂,573.0,592.0,548.0,582.0,25938705.0
2026-08-29,TWSE,6214,精誠,183.0,183.0,179.5,181.0,1274588.0
2026-08-29,TWSE,6215,和椿,99.9,99.9,96.6,98.4,563827.0
2026-08-29,TWSE,6216,居易,21.2,21.2,20.75,20.9,242031.0
2026-08-29,TWSE,6224,聚鼎,77.0,77.7,73.9,74.5,1158485.0
2026-08-29,TWSE,6225,天瀚,66.0,66.0,59.5,59.5,194642.0
2026-08-29,TWSE,6226,光鼎,33.9,34.0,33.75,34.0,6185486.0
2026-08-29,TWSE,6230,尼得科超眾,110.0,110.5,108.5,109.5,16224.0
2026-08-29,TWSE,6235,華孚,39.6,39.6,38.9,38.9,345344.0
2026-08-29,TWSE,6239,力成,278.5,294.5,278.0,287.0,25798635.0
2026-08-29,TWSE,6243,迅杰,43.0,43.35,41.05,41.6,1051475.0
2026-08-29,TWSE,6257,矽格,206.0,222.5,206.0,219.0,13534794.0
2026-08-29,TWSE,6269,台郡,77.1,78.8,70.3,75.0,21744966.0
2026-08-29,TWSE,6271,同欣電,210.5,221.0,210.5,215.0,7554430.0
2026-08-29,TWSE,6272,驊陞,24.2,26.5,24.2,26.5,314215.0
2026-08-29,TWSE,6277,宏正,80.7,80.7,79.1,79.3,237723.0
2026-08-29,TWSE,6278,台表科,208.5,208.5,199.5,201.5,7522509.0
2026-08-29,TWSE,6281,全國電,51.5,51.5,51.2,51.3,17403.0
2026-08-29,TWSE,6282,康舒,45.8,46.1,45.1,45.3,5496795.0
2026-08-29,TWSE,6283,淳安,20.1,20.1,19.85,20.0,72809.0
2026-08-29,TWSE,6285,啟碁,248.0,254.0,246.0,247.0,5280417.0
2026-08-29,TWSE,6405,悅城,40.3,41.85,39.9,40.25,362742.0
2026-08-29,TWSE,6409,旭隼,1045.0,1065.0,1015.0,1030.0,471705.0
2026-08-29,TWSE,6412,群電,79.3,79.7,78.6,79.1,602552.0
2026-08-29,TWSE,6414,樺漢,396.0,401.0,389.0,390.0,1101127.0
2026-08-29,TWSE,6415,矽力*-KY,482.0,488.5,447.5,458.0,6075270.0
2026-08-29,TWSE,6416,瑞祺電通,101.5,103.0,100.5,100.5,490818.0
2026-08-29,TWSE,6426,統新,260.0,273.0,256.0,263.5,2302960.0
2026-08-29,TWSE,6431,光麗-KY,19.7,20.4,19.65,19.65,90003.0
2026-08-29,TWSE,6438,迅得,149.0,153.5,149.0,151.0,625619.0
2026-08-29,TWSE,6442,光聖,1615.0,1645.0,1600.0,1615.0,1410722.0
2026-08-29,TWSE,6443,元晶,26.7,27.5,26.65,26.65,5153342.0
2026-08-29,TWSE,6446,藥華藥,1580.0,1615.0,1545.0,1545.0,4112305.0
2026-08-29,TWSE,6449,鈺邦,240.0,248.0,231.0,237.0,4503858.0
2026-08-29,TWSE,6451,訊芯-KY,456.0,462.5,441.0,453.5,5524831.0
2026-08-29,TWSE,6456,GIS-KY,72.0,77.5,71.6,74.3,10669483.0
2026-08-29,TWSE,6464,台數科,77.6,77.6,77.4,77.4,4169.0
2026-08-29,TWSE,6472,保瑞,437.5,442.5,433.5,435.0,838631.0
2026-08-29,TWSE,6477,安集,39.45,39.6,37.05,37.05,2600850.0
2026-08-29,TWSE,6491,晶碩,375.0,378.5,370.0,377.0,274528.0
2026-08-29,TWSE,6504,南六,38.0,38.0,37.85,37.85,2231.0
2026-08-29,TWSE,6505,台塑化,72.8,74.0,71.4,71.4,10080935.0
2026-08-29,TWSE,6515,穎崴,6105.0,6350.0,6050.0,6250.0,301872.0
2026-08-29,TWSE,6525,捷敏-KY,143.0,150.0,143.0,144.5,2348123.0
2026-08-29,TWSE,6526,達發,611.0,626.0,611.0,620.0,297879.0
2026-08-29,TWSE,6531,愛普*,927.0,933.0,892.0,895.0,2752098.0
2026-08-29,TWSE,6533,晶心科,271.0,273.0,265.0,265.5,782253.0
2026-08-29,TWSE,6534,正瀚-創,92.5,92.5,91.2,91.2,51559.0
2026-08-29,TWSE,6541,泰福-KY,36.75,37.45,36.1,36.1,396641.0
2026-08-29,TWSE,6550,北極星藥業-KY,11.5,11.6,11.2,11.2,1154171.0
2026-08-29,TWSE,6552,易華電,25.3,25.3,25.0,25.3,37932.0
2026-08-29,TWSE,6558,興能高,25.9,25.9,25.4,25.5,127843.0
2026-08-29,TWSE,6573,虹揚-KY,17.5,19.3,17.5,18.8,821694.0
2026-08-29,TWSE,6579,研揚,148.5,149.5,146.0,147.0,303207.0
2026-08-29,TWSE,6581,鋼聯,109.5,109.5,109.5,109.5,24150.0
2026-08-29,TWSE,6582,申豐,32.75,32.8,32.45,32.6,55919.0
2026-08-29,TWSE,6585,鼎基,116.0,116.0,114.0,114.5,116021.0
2026-08-29,TWSE,6589,台康生技,50.2,50.6,49.8,49.85,414947.0
2026-08-29,TWSE,6591,動力-KY,42.65,42.9,42.5,42.75,129148.0
2026-08-29,TWSE,6592,和潤企業,61.5,61.6,60.3,60.5,555265.0
2026-08-29,TWSE,6598,ABC-KY,29.2,29.2,28.7,28.75,182097.0
2026-08-29,TWSE,6605,帝寶,142.0,142.0,138.0,139.0,336471.0
2026-08-29,TWSE,6606,建德工業,26.3,26.35,26.0,26.1,62062.0
2026-08-29,TWSE,6614,資拓宏宇,35.9,36.3,35.8,35.9,55295.0
2026-08-29,TWSE,6625,必應,78.3,78.3,76.7,77.0,79838.0
2026-08-29,TWSE,6641,基士德-KY,18.3,18.3,17.6,17.7,35010.0
2026-08-29,TWSE,6645,金萬林-創,12.7,12.75,12.4,12.4,52634.0
2026-08-29,TWSE,6655,科定,116.0,116.0,116.0,116.0,1000.0
2026-08-29,TWSE,6657,華安,30.2,30.45,30.1,30.3,39355.0
2026-08-29,TWSE,6658,聯策,172.0,172.0,166.0,166.5,388053.0
2026-08-29,TWSE,6666,羅麗芬-KY,44.45,44.45,43.85,44.1,13001.0
2026-08-29,TWSE,6668,中揚光,43.6,45.8,43.0,44.6,10978273.0
2026-08-29,TWSE,6669,緯穎,6965.0,7245.0,6835.0,7200.0,1993578.0
2026-08-29,TWSE,6670,復盛應用,275.0,275.0,270.0,272.5,202344.0
2026-08-29,TWSE,6671,三能-KY,23.0,23.0,23.0,23.0,53062.0
2026-08-29,TWSE,6672,騰輝電子-KY,283.5,294.5,282.0,289.5,4031460.0
2026-08-29,TWSE,6674,鋐寶科技,16.15,16.15,15.95,16.0,17350.0
2026-08-29,TWSE,6689,伊雲谷,62.0,64.0,62.0,62.3,128521.0
2026-08-29,TWSE,6691,洋基工程,633.0,633.0,613.0,618.0,565056.0
2026-08-29,TWSE,6695,芯鼎,48.55,51.7,48.55,49.2,605088.0
2026-08-29,TWSE,6698,旭暉應材,32.6,32.6,32.0,32.35,85065.0
2026-08-29,TWSE,6706,惠特,125.0,125.5,123.0,124.0,1096890.0
2026-08-29,TWSE,6715,嘉基,352.0,355.0,343.5,353.5,676972.0
2026-08-29,TWSE,6719,力智,196.5,202.5,194.5,194.5,822463.0
2026-08-29,TWSE,6722,輝創,33.15,33.15,32.55,32.7,24064.0
2026-08-29,TWSE,6742,澤米,45.3,45.7,44.3,44.55,538086.0
2026-08-29,TWSE,6743,安普新,27.5,28.55,27.5,27.85,485685.0
2026-08-29,TWSE,6753,龍德造船,149.0,150.0,138.0,138.5,3918457.0
2026-08-29,TWSE,6754,匯僑設計,42.95,42.95,41.8,41.8,10023.0
2026-08-29,TWSE,6756,威鋒電子,100.0,101.0,99.3,100.0,84886.0
2026-08-29,TWSE,6757,台灣虎航,56.0,56.3,55.0,55.1,1452531.0
2026-08-29,TWSE,6768,志強-KY,64.7,64.7,63.9,64.2,392033.0
2026-08-29,TWSE,6770,力積電,70.8,73.3,69.9,70.0,127516696.0
2026-08-29,TWSE,6771,平和環保-創,41.75,42.1,40.8,41.0,30044.0
2026-08-29,TWSE,6776,展碁國際,53.3,53.3,53.1,53.2,43648.0
2026-08-29,TWSE,6781,AES-KY,1105.0,1145.0,1105.0,1130.0,1264187.0
2026-08-29,TWSE,6782,視陽,242.5,244.5,234.0,241.5,1136933.0
2026-08-29,TWSE,6789,采鈺,469.0,475.5,461.0,461.0,1544185.0
2026-08-29,TWSE,6790,永豐實,38.2,38.25,38.0,38.05,152392.0
2026-08-29,TWSE,6792,詠業,59.5,60.0,59.2,59.5,14199.0
2026-08-29,TWSE,6794,向榮生技,78.4,79.9,78.1,78.2,33449.0
2026-08-29,TWSE,6796,晉弘,61.0,63.5,61.0,61.6,46102.0
2026-08-29,TWSE,6799,來頡,82.6,82.6,80.5,80.5,204642.0
2026-08-29,TWSE,6805,富世達,2265.0,2435.0,2255.0,2345.0,3660595.0
2026-08-29,TWSE,6807,峰源-KY,34.65,34.65,33.25,33.5,5064.0
2026-08-29,TWSE,6830,汎銓,521.0,535.0,520.0,525.0,1537472.0
2026-08-29,TWSE,6831,邁科,605.0,633.0,597.0,620.0,1565775.0
2026-08-29,TWSE,6834,天二科技,94.5,99.9,93.5,94.2,4841128.0
2026-08-29,TWSE,6835,圓裕,30.85,31.45,30.85,31.2,17096.0
2026-08-29,TWSE,6838,台新藥,23.0,23.2,22.7,23.2,69250.0
2026-08-29,TWSE,6854,錼創科技-KY創,93.7,94.1,90.5,90.7,145451.0
2026-08-29,TWSE,6861,睿生光電,198.0,201.0,192.0,193.5,405783.0
2026-08-29,TWSE,6862,三集瑞-KY,144.5,149.5,143.0,143.5,342830.0
2026-08-29,TWSE,6863,永道-KY,111.0,111.5,109.0,109.5,78745.0
2026-08-29,TWSE,6869,雲豹能源,68.3,68.5,67.5,68.0,355964.0
2026-08-29,TWSE,6873,泓德能源,70.0,71.8,68.4,70.3,698449.0
2026-08-29,TWSE,6885,全福生技,22.85,23.5,22.15,22.65,758519.0
2026-08-29,TWSE,6887,寶綠特-KY,39.55,41.5,37.55,38.2,62790.0
2026-08-29,TWSE,6890,來億-KY,174.0,174.0,167.0,169.0,239033.0
2026-08-29,TWSE,6901,鑽石投資,16.6,16.7,16.1,16.15,1880196.0
2026-08-29,TWSE,6902,GOGOLOOK,127.0,129.5,126.0,129.5,92574.0
2026-08-29,TWSE,6906,現觀科,75.3,81.7,73.5,81.2,147531.0
2026-08-29,TWSE,6908,宏碁遊戲-創,30.45,30.45,30.0,30.0,7050.0
2026-08-29,TWSE,6909,創控,41.75,42.45,41.3,41.45,151264.0
2026-08-29,TWSE,6914,阜爾運通,126.5,126.5,122.0,123.5,120552.0
2026-08-29,TWSE,6916,華凌,18.7,18.7,18.2,18.2,28000.0
2026-08-29,TWSE,6918,愛派司,79.0,79.0,76.9,78.0,32308.0
2026-08-29,TWSE,6919,康霈*,103.0,104.0,98.8,99.6,10862380.0
2026-08-29,TWSE,6921,嘉雨思-創,66.3,67.0,65.9,65.9,11000.0
2026-08-29,TWSE,6923,中台,76.4,76.9,76.0,76.9,33479.0
2026-08-29,TWSE,6924,榮惠-KY創,113.0,121.5,112.0,117.5,67056.0
2026-08-29,TWSE,6928,攸泰科技,49.65,49.75,47.6,47.6,97213.0
2026-08-29,TWSE,6931,青松健康,41.5,41.7,41.05,41.4,79561.0
2026-08-29,TWSE,6933,AMAX-KY,260.0,260.0,256.0,260.0,1952815.0
2026-08-29,TWSE,6934,心誠鎂,72.9,74.9,72.9,74.1,12310.0
2026-08-29,TWSE,6936,永鴻生技,33.05,33.05,32.35,32.45,31906.0
2026-08-29,TWSE,6937,天虹,282.5,297.0,282.5,292.5,660629.0
2026-08-29,TWSE,6944,兆聯實業,726.0,726.0,707.0,712.0,229736.0
2026-08-29,TWSE,6947,台鎔科技,70.7,70.7,69.5,69.8,241310.0
2026-08-29,TWSE,6951,青新-創,71.7,72.0,71.2,72.0,12627.0
2026-08-29,TWSE,6952,大武山,37.8,37.95,37.4,37.95,11164.0
2026-08-29,TWSE,6955,邦睿生技-創,108.0,109.5,108.0,108.5,15045.0
2026-08-29,TWSE,6957,裕慶-KY,228.5,233.0,225.0,229.0,151534.0
2026-08-29,TWSE,6958,日盛台駿,17.7,17.75,17.6,17.7,14376.0
2026-08-29,TWSE,6962,奕力-KY,31.55,31.6,31.0,31.15,1585897.0
2026-08-29,TWSE,6965,中傑-KY,74.2,75.2,74.2,75.2,7100.0
2026-08-29,TWSE,6969,成信實業*-創,36.05,36.05,34.2,35.15,206523.0
2026-08-29,TWSE,6988,威力暘-創,11.55,11.65,11.5,11.65,41000.0
2026-08-29,TWSE,6994,富威電力,36.55,36.55,35.75,35.85,385173.0
2026-08-29,TWSE,7610,聯友金屬-創,1625.0,1625.0,1445.0,1495.0,1189663.0
2026-08-29,TWSE,7631,聚賢研發-創,146.5,147.0,144.5,145.0,36003.0
2026-08-29,TWSE,7689,大鵬科CLMX,176.5,177.5,174.0,176.5,39602.0
2026-08-29,TWSE,7705,三商餐飲,30.75,30.75,30.2,30.5,68143.0
2026-08-29,TWSE,7711,永擎,498.0,503.0,472.0,487.0,1443345.0
2026-08-29,TWSE,7721,微程式,63.0,63.0,61.6,62.8,67140.0
2026-08-29,TWSE,7722,LINEPAY,289.5,290.0,287.0,290.0,26592.0
2026-08-29,TWSE,7730,暉盛-創,176.5,181.0,172.0,177.0,153791.0
2026-08-29,TWSE,7732,金興精密,34.7,34.85,34.35,34.7,10050.0
2026-08-29,TWSE,7736,虎山,68.8,69.8,68.2,69.6,44015.0
2026-08-29,TWSE,7740,熙特爾-創,135.5,136.5,134.0,134.0,86566.0
2026-08-29,TWSE,7749,意騰-KY,375.0,378.5,371.5,372.0,107553.0
2026-08-29,TWSE,7750,新代,2470.0,2470.0,2300.0,2300.0,499275.0
2026-08-29,TWSE,7760,享溫馨,33.0,33.0,32.65,33.0,103788.0
2026-08-29,TWSE,7765,中華資安,226.5,232.0,224.0,224.0,64915.0
2026-08-29,TWSE,7768,頌勝科技,290.0,293.5,290.0,290.5,57449.0
2026-08-29,TWSE,7769,鴻勁,6345.0,6540.0,6310.0,6490.0,510592.0
2026-08-29,TWSE,7780,大研生醫*,17.05,17.1,16.9,16.95,412740.0
2026-08-29,TWSE,7786,東方風能,119.0,120.0,116.5,120.0,246784.0
2026-08-29,TWSE,7788,松川精密,310.0,327.5,305.0,327.5,3599795.0
2026-08-29,TWSE,7791,皇家可口,57.0,57.0,56.6,56.6,18978.0
2026-08-29,TWSE,7795,長廣,562.0,585.0,547.0,564.0,1042704.0
2026-08-29,TWSE,7799,禾榮科,389.0,389.5,376.0,379.0,311715.0
2026-08-29,TWSE,7803,雲象科技-創,19.25,19.4,19.2,19.2,36265.0
2026-08-29,TWSE,7818,溢泰實業,60.8,61.0,60.6,60.8,48154.0
2026-08-29,TWSE,7821,神數,39.1,39.2,38.7,39.05,165718.0
2026-08-29,TWSE,7822,倍利科,978.0,982.0,945.0,953.0,270651.0
2026-08-29,TWSE,7823,奧義賽博-KY創,83.5,83.9,82.5,83.4,40710.0
2026-08-29,TWSE,7827,漢康-KY創,161.0,161.5,152.5,159.5,389436.0
2026-08-29,TWSE,7835,永悅健康-創,25.4,25.4,25.2,25.4,162300.0
2026-08-29,TWSE,7855,和運租車,43.6,43.6,43.25,43.3,878588.0
2026-08-29,TWSE,8011,台通,16.2,16.2,16.0,16.1,128683.0
2026-08-29,TWSE,8016,矽創,303.0,304.5,296.0,296.0,514325.0
2026-08-29,TWSE,8021,尖點,433.5,463.5,426.0,454.0,16137795.0
2026-08-29,TWSE,8028,昇陽半導體,251.5,255.5,249.0,249.0,2310457.0
2026-08-29,TWSE,8033,雷虎,202.0,205.5,183.5,189.5,25691837.0
2026-08-29,TWSE,8039,台虹,363.5,364.0,335.0,343.5,58749504.0
2026-08-29,TWSE,8045,達運光電,53.5,54.0,52.3,53.2,112274.0
2026-08-29,TWSE,8046,南電,1300.0,1310.0,1215.0,1240.0,16449294.0
2026-08-29,TWSE,8070,長華*,51.1,53.9,50.8,51.4,5604465.0
2026-08-29,TWSE,8072,陞泰,26.4,26.45,25.8,26.2,117822.0
2026-08-29,TWSE,8081,致新,262.0,263.5,258.5,260.0,415098.0
2026-08-29,TWSE,8101,華冠,12.45,12.45,12.4,12.4,4481.0
2026-08-29,TWSE,8103,瀚荃,115.5,116.5,107.5,108.5,5176982.0
2026-08-29,TWSE,8104,錸寶,32.15,32.15,31.5,31.5,277879.0
2026-08-29,TWSE,8105,凌巨,16.65,16.65,16.65,16.65,6433266.0
2026-08-29,TWSE,8110,華東,47.1,47.1,45.75,46.0,4242083.0
2026-08-29,TWSE,8112,至上,92.6,93.4,90.8,90.9,8591880.0
2026-08-29,TWSE,8114,振樺電,199.0,200.0,195.0,195.0,324474.0
2026-08-29,TWSE,8131,福懋科,64.0,64.6,62.7,62.7,2074654.0
2026-08-29,TWSE,8150,南茂,91.7,94.0,90.3,90.5,22269102.0
2026-08-29,TWSE,8162,微矽電子-創,63.0,64.2,62.5,63.6,163081.0
2026-08-29,TWSE,8163,達方,31.8,33.15,31.6,31.85,910913.0
2026-08-29,TWSE,8201,無敵,11.9,11.9,11.5,11.9,37236.0
2026-08-29,TWSE,8210,勤誠,967.0,1010.0,967.0,990.0,2248304.0
2026-08-29,TWSE,8213,志超,33.7,33.7,33.15,33.15,221632.0
2026-08-29,TWSE,8215,明基材,25.5,26.75,25.1,26.2,1661988.0
2026-08-29,TWSE,8222,寶一,42.3,42.3,38.9,38.9,1627964.0
2026-08-29,TWSE,8249,菱光,42.05,42.45,41.3,41.5,224806.0
2026-08-29,TWSE,8261,富鼎,186.0,200.0,186.0,187.5,11124188.0
2026-08-29,TWSE,8271,宇瞻,235.5,244.0,232.5,232.5,4821273.0
2026-08-29,TWSE,8341,日友,76.4,76.7,76.0,76.7,162725.0
2026-08-29,TWSE,8367,建新國際,41.4,41.4,40.4,40.7,13262.0
2026-08-29,TWSE,8374,羅昇,84.7,84.7,81.3,82.1,280266.0
2026-08-29,TWSE,8404,百和興業-KY,16.55,16.55,16.25,16.25,133659.0
2026-08-29,TWSE,8411,福貞-KY,12.8,12.95,12.8,12.95,26926.0
2026-08-29,TWSE,8422,可寧衛*,27.05,27.35,27.0,27.1,4376283.0
2026-08-29,TWSE,8429,金麗-KY,6.03,6.07,6.01,6.01,95672.0
2026-08-29,TWSE,8438,昶昕,72.4,72.4,70.7,72.4,194538.0
2026-08-29,TWSE,8442,威宏-KY,45.4,45.9,45.0,45.3,71103.0
2026-08-29,TWSE,8443,阿瘦,11.35,11.35,11.25,11.25,28510.0
2026-08-29,TWSE,8454,富邦媒,253.5,254.5,250.0,250.0,308861.0
2026-08-29,TWSE,8462,柏文,174.0,174.0,169.5,171.0,164807.0
2026-08-29,TWSE,8463,潤泰材,21.5,21.5,21.45,21.5,33000.0
2026-08-29,TWSE,8464,億豐,367.5,367.5,362.0,366.5,406604.0
2026-08-29,TWSE,8466,美吉吉-KY,15.7,15.7,15.5,15.5,22546.0
2026-08-29,TWSE,8467,波力-KY,93.8,97.0,93.1,93.4,22132.0
2026-08-29,TWSE,8473,山林水,46.65,46.65,45.45,45.9,325499.0
2026-08-29,TWSE,8476,台境*,19.9,20.0,19.75,19.9,232061.0
2026-08-29,TWSE,8478,東哥遊艇,144.5,144.5,141.5,141.5,118766.0
2026-08-29,TWSE,8481,政伸,41.2,41.2,41.2,41.2,3000.0
2026-08-29,TWSE,8482,商億-KY,48.25,48.55,47.7,47.7,11071.0
2026-08-29,TWSE,8487,愛爾達-創,72.5,72.5,70.9,71.9,10090.0
2026-08-29,TWSE,8488,吉源-KY,9.9,10.0,9.82,10.0,14000.0
2026-08-29,TWSE,8499,鼎炫-KY,276.0,280.0,270.5,271.0,141400.0
2026-08-29,TWSE,8926,台汽電,57.7,57.7,56.7,56.8,2194920.0
2026-08-29,TWSE,8940,新天地,15.3,15.3,15.0,15.15,96150.0
2026-08-29,TWSE,8996,高力,1275.0,1300.0,1250.0,1265.0,4224888.0
2026-08-29,TWSE,9103,美德醫療-DR,5.15,5.15,5.08,5.08,416710.0
2026-08-29,TWSE,9105,泰金寶-DR,8.45,8.46,8.33,8.35,10340273.0
2026-08-29,TWSE,9110,越南控-DR,3.0,3.1,3.0,3.1,9000.0
2026-08-29,TWSE,9136,巨騰-DR,11.75,11.8,11.45,11.7,242012.0
2026-08-29,TWSE,9802,鈺齊-KY,72.2,72.2,71.5,71.7,300329.0
2026-08-29,TWSE,9902,台火,13.85,13.85,13.6,13.6,94743.0
2026-08-29,TWSE,9904,寶成,24.65,24.65,24.35,24.35,22854095.0
2026-08-29,TWSE,9905,大華,21.45,21.55,21.45,21.55,65962.0
2026-08-29,TWSE,9906,欣巴巴,40.65,40.7,40.5,40.7,6380.0
2026-08-29,TWSE,9907,統一實,15.45,15.5,15.3,15.35,1589549.0
2026-08-29,TWSE,9908,大台北,29.0,29.1,29.0,29.05,90003.0
2026-08-29,TWSE,9910,豐泰,68.1,68.5,67.9,68.2,567602.0
2026-08-29,TWSE,9911,櫻花,82.9,83.0,82.8,82.9,92417.0
2026-08-29,TWSE,9912,偉聯,13.2,14.5,13.2,14.1,1109845.0
2026-08-29,TWSE,9914,美利達,84.3,84.4,83.0,83.1,1175841.0
2026-08-29,TWSE,9917,中保科,110.5,111.0,110.0,111.0,418212.0
2026-08-29,TWSE,9918,欣天然,42.85,43.0,42.85,43.0,11786.0
2026-08-29,TWSE,9919,康那香,13.95,14.0,13.85,13.85,192636.0
2026-08-29,TWSE,9921,巨大,105.0,105.0,101.5,103.0,1963329.0
2026-08-29,TWSE,9924,福興,38.7,38.7,38.35,38.65,101965.0
2026-08-29,TWSE,9925,新保,39.8,40.0,39.7,39.85,1136450.0
2026-08-29,TWSE,9926,新海,49.0,49.1,49.0,49.1,7177.0
2026-08-29,TWSE,9927,泰銘,69.3,69.3,69.1,69.1,54706.0
2026-08-29,TWSE,9928,中視,18.0,18.1,17.85,17.95,24462.0
2026-08-29,TWSE,9929,秋雨,11.1,11.3,11.1,11.3,11009.0
2026-08-29,TWSE,9930,中聯資源,63.0,63.3,62.8,63.1,67708.0
2026-08-29,TWSE,9931,欣高,34.05,34.05,33.85,33.85,35150.0
2026-08-29,TWSE,9933,中鼎,41.55,41.75,40.4,40.6,2924978.0
2026-08-29,TWSE,9934,成霖,11.25,11.25,11.0,11.1,1129752.0
2026-08-29,TWSE,9935,慶豐富,19.95,20.0,19.7,19.7,351560.0
2026-08-29,TWSE,9937,全國,55.1,55.1,54.8,55.1,13518.0
2026-08-29,TWSE,9938,百和,42.75,42.75,42.05,42.1,775908.0
2026-08-29,TWSE,9939,宏全,132.5,132.5,130.5,132.0,844185.0
2026-08-29,TWSE,9940,信義,20.65,20.65,20.25,20.5,411371.0
2026-08-29,TWSE,9941,裕融,87.1,87.5,85.5,86.6,2751363.0
2026-08-29,TWSE,9942,茂順,116.0,116.5,115.0,116.0,80288.0
2026-08-29,TWSE,9943,好樂迪,51.5,51.8,51.2,51.2,45487.0
2026-08-29,TWSE,9944,新麗,17.5,17.55,17.35,17.35,25515.0
2026-08-29,TWSE,9945,潤泰新,28.6,28.6,27.8,28.0,10359933.0
2026-08-29,TWSE,9946,三發地產,17.8,17.8,17.55,17.6,449160.0
2026-08-29,TWSE,9955,佳龍,24.9,24.95,24.7,24.85,154238.0
2026-08-29,TWSE,9958,世紀鋼,94.0,94.0,92.0,92.2,2521392.0
2026-08-29,TPEX,1240,茂生農經,57.3,57.3,57.1,57.2,12526.0
2026-08-29,TPEX,1259,安心,61.2,62.7,61.2,62.7,6324.0
2026-08-29,TPEX,1264,德麥,252.0,252.0,251.5,252.0,13655.0
2026-08-29,TPEX,1268,漢來美食,181.0,182.0,180.5,181.0,16853.0
2026-08-29,TPEX,1294,漢田生技,54.4,54.5,54.4,54.4,18222.0
2026-08-29,TPEX,1295,生合,46.6,46.65,46.2,46.3,24541.0
2026-08-29,TPEX,1336,台翰,17.0,17.1,16.65,16.7,348853.0
2026-08-29,TPEX,1565,精華,99.1,99.1,97.3,97.8,129487.0
2026-08-29,TPEX,1569,濱川,44.85,46.8,44.65,46.3,871929.0
2026-08-29,TPEX,1570,力肯,33.5,33.8,33.5,33.65,12011.0
2026-08-29,TPEX,1580,新麥,107.0,107.0,105.5,106.5,81359.0
2026-08-29,TPEX,1584,精剛,18.7,18.7,18.05,18.2,536326.0
2026-08-29,TPEX,1586,和勤,18.15,18.2,18.0,18.05,120996.0
2026-08-29,TPEX,1591,駿吉-KY,35.95,36.25,35.35,36.05,134206.0
2026-08-29,TPEX,1593,祺驊,32.1,32.1,31.05,31.65,34023.0
2026-08-29,TPEX,1595,川寶,66.2,66.8,65.0,66.0,178104.0
2026-08-29,TPEX,1599,宏佳騰,23.0,23.2,22.95,23.1,25677.0
2026-08-29,TPEX,1742,台蠟,17.5,17.75,17.4,17.75,144272.0
2026-08-29,TPEX,1777,生泰,74.7,74.7,73.9,74.7,26110.0
2026-08-29,TPEX,1780,立弘,24.5,24.5,23.95,24.5,219227.0
2026-08-29,TPEX,1781,合世,10.7,10.8,10.5,10.5,44688.0
2026-08-29,TPEX,1784,訊聯,62.7,62.7,61.9,62.0,59612.0
2026-08-29,TPEX,1785,光洋科,104.5,104.5,102.0,103.5,3100954.0
2026-08-29,TPEX,1788,杏昌,128.5,129.5,128.5,129.0,19903.0
2026-08-29,TPEX,1796,金穎生技,29.6,29.6,29.1,29.35,10001.0
2026-08-29,TPEX,1799,易威,29.85,30.05,29.75,29.95,149671.0
2026-08-29,TPEX,1813,寶利徠,11.7,11.85,11.65,11.65,10071.0
2026-08-29,TPEX,1815,富喬,118.5,128.0,111.0,125.5,128743943.0
2026-08-29,TPEX,2035,唐榮,27.0,27.0,27.0,27.0,1120.0
2026-08-29,TPEX,2061,風青,51.5,53.9,50.3,51.7,2772988.0
2026-08-29,TPEX,2063,世鎧,24.25,24.25,23.95,23.95,52795.0
2026-08-29,TPEX,2064,晉椿,12.7,12.8,12.15,12.25,314012.0
2026-08-29,TPEX,2065,世豐,36.8,37.05,36.6,36.65,44303.0
2026-08-29,TPEX,2066,世德,54.3,54.4,54.0,54.0,16009.0
2026-08-29,TPEX,2067,嘉鋼,5.25,5.25,5.1,5.1,4450.0
2026-08-29,TPEX,2070,精湛,69.5,69.9,65.8,67.1,307332.0
2026-08-29,TPEX,2073,雄順,,,,,0.0
2026-08-29,TPEX,2221,大甲,75.0,82.0,75.0,79.7,3138982.0
2026-08-29,TPEX,2230,泰茂,23.2,23.55,23.0,23.0,121827.0
2026-08-29,TPEX,2235,謚源,27.6,28.0,27.6,28.0,5004.0
2026-08-29,TPEX,2596,綠意,35.05,35.05,34.65,34.75,50267.0
2026-08-29,TPEX,2640,大車隊,158.0,158.0,156.5,158.0,13644.0
2026-08-29,TPEX,2641,正德,18.2,18.25,17.9,18.0,2067611.0
2026-08-29,TPEX,2643,捷迅,63.3,63.5,63.1,63.1,9211.0
2026-08-29,TPEX,2718,全心投控,43.35,43.35,41.85,41.9,125969.0
2026-08-29,TPEX,2719,燦星旅,20.4,20.4,20.3,20.3,5299.0
2026-08-29,TPEX,2724,藝舍-KY,10.65,10.65,10.65,10.65,2000.0
2026-08-29,TPEX,2726,雅茗-KY,8.37,8.37,8.2,8.22,54994.0
2026-08-29,TPEX,2729,瓦城,154.0,155.5,154.0,155.5,9760.0
2026-08-29,TPEX,2732,六角,65.0,65.0,64.2,64.8,11615.0
2026-08-29,TPEX,2734,易飛網,14.95,14.95,14.85,14.85,11516.0
2026-08-29,TPEX,2736,富野,12.3,12.3,11.85,12.05,74546.0
2026-08-29,TPEX,2740,華軒,30.5,30.9,30.5,30.9,2061.0
2026-08-29,TPEX,2743,山富,59.5,59.6,58.8,59.3,122657.0
2026-08-29,TPEX,2745,五福,89.8,89.9,89.1,89.4,98186.0
2026-08-29,TPEX,2751,王座,55.0,55.5,54.8,55.5,23065.0
2026-08-29,TPEX,2752,豆府,180.0,180.0,180.0,180.0,1173.0
2026-08-29,TPEX,2754,亞洲藏壽司,70.2,70.2,69.6,69.9,41343.0
2026-08-29,TPEX,2755,揚秦,102.0,102.5,102.0,102.0,21837.0
2026-08-29,TPEX,2756,聯發國際,63.9,63.9,63.2,63.4,10211.0
2026-08-29,TPEX,2916,滿心,40.15,40.15,40.05,40.05,25759.0
2026-08-29,TPEX,2924,宏太-KY,16.95,17.9,16.1,17.35,12300.0
2026-08-29,TPEX,2926,誠品生活,30.0,30.2,29.7,30.1,15093.0
2026-08-29,TPEX,2937,集雅社,49.0,49.0,47.85,48.65,54151.0
2026-08-29,TPEX,2941,米斯特,29.85,29.85,29.85,29.85,1000.0
2026-08-29,TPEX,2947,振宇五金,61.5,61.6,61.4,61.4,12926.0
2026-08-29,TPEX,2948,寶陞,38.45,38.45,38.45,38.45,2000.0
2026-08-29,TPEX,2949,欣新網,,,,,130.0
2026-08-29,TPEX,3064,泰偉,,,,,111.0
2026-08-29,TPEX,3066,李洲,25.3,27.5,25.0,27.5,2910616.0
2026-08-29,TPEX,3067,全域,18.0,18.0,18.0,18.0,1000.0
2026-08-29,TPEX,3071,協禧,24.5,24.65,24.25,24.45,131624.0
2026-08-29,TPEX,3073,天方能源,22.2,22.3,22.05,22.15,29330.0
2026-08-29,TPEX,3078,僑威,53.0,53.2,52.5,52.6,1041880.0
2026-08-29,TPEX,3081,聯亞,3370.0,3455.0,3285.0,3305.0,3278696.0
2026-08-29,TPEX,3083,網龍,23.3,23.35,23.3,23.35,12330.0
2026-08-29,TPEX,3085,新零售,,,,,841.0
2026-08-29,TPEX,3086,華義*,26.75,27.55,26.25,27.5,150775.0
2026-08-29,TPEX,3088,艾訊,125.0,126.0,123.5,124.0,419793.0
2026-08-29,TPEX,3093,港建*,50.0,50.0,48.9,49.3,499420.0
2026-08-29,TPEX,3095,及成,36.65,36.65,34.85,35.5,10491.0
2026-08-29,TPEX,3105,穩懋,449.5,461.5,434.5,439.0,49190657.0
2026-08-29,TPEX,3114,好德,33.95,34.6,33.8,33.9,214356.0
2026-08-29,TPEX,3115,富榮綱,8.52,8.9,8.52,8.9,13007.0
2026-08-29,TPEX,3118,進階,31.6,31.8,31.5,31.5,14278.0
2026-08-29,TPEX,3122,笙泉,26.0,26.0,25.6,25.85,70658.0
2026-08-29,TPEX,3128,昇銳,21.15,21.15,20.6,20.7,153583.0
2026-08-29,TPEX,3131,弘塑,2565.0,2570.0,2430.0,2485.0,601694.0
2026-08-29,TPEX,3141,晶宏,77.2,78.5,75.6,75.7,590561.0
2026-08-29,TPEX,3147,大綜,220.5,222.0,217.5,219.0,328259.0
2026-08-29,TPEX,3152,璟德,253.0,256.0,248.0,248.0,236232.0
2026-08-29,TPEX,3158,嘉實,83.0,83.0,83.0,83.0,3002.0
2026-08-29,TPEX,3162,精確,72.1,73.7,71.2,72.6,1450039.0
2026-08-29,TPEX,3163,波若威,765.0,784.0,750.0,754.0,5157985.0
2026-08-29,TPEX,3169,亞信,102.0,103.0,101.5,102.0,94596.0
2026-08-29,TPEX,3171,炎洲流通,63.7,63.7,63.3,63.3,7000.0
2026-08-29,TPEX,3176,基亞,38.4,39.5,38.15,38.9,1171751.0
2026-08-29,TPEX,3178,公準,61.5,64.3,61.5,62.5,118281.0
2026-08-29,TPEX,3188,鑫龍騰,24.7,24.8,24.45,24.65,217210.0
2026-08-29,TPEX,3191,雲嘉南,18.15,18.15,17.75,17.75,33105.0
2026-08-29,TPEX,3205,佰研,47.0,47.4,47.0,47.1,39437.0
2026-08-29,TPEX,3206,志豐,34.65,34.65,34.0,34.6,21132.0
2026-08-29,TPEX,3207,耀勝,40.1,40.5,39.7,39.7,144320.0
2026-08-29,TPEX,3211,順達,407.5,414.5,397.5,400.0,11425842.0
2026-08-29,TPEX,3213,茂訊,128.5,129.0,127.5,128.0,210577.0
2026-08-29,TPEX,3217,優群,138.0,138.5,137.0,137.5,228462.0
2026-08-29,TPEX,3218,大學光,139.0,139.5,138.0,138.5,141543.0
2026-08-29,TPEX,3219,倚強科,84.5,87.9,82.8,87.1,2247618.0
2026-08-29,TPEX,3221,台嘉碩,49.6,50.8,48.8,48.8,1570999.0
2026-08-29,TPEX,3224,三顧,35.5,35.6,35.1,35.3,40002.0
2026-08-29,TPEX,3226,龍鋒,52.9,53.1,52.7,53.1,16159.0
2026-08-29,TPEX,3227,原相,199.5,201.5,197.0,197.0,609267.0
2026-08-29,TPEX,3228,金麗科,154.0,169.0,154.0,166.5,771442.0
2026-08-29,TPEX,3230,錦明,47.6,48.75,44.55,46.35,3030507.0
2026-08-29,TPEX,3232,昱捷,19.65,19.7,19.55,19.7,12005.0
2026-08-29,TPEX,3234,光環,183.0,186.0,181.0,181.5,2263729.0
2026-08-29,TPEX,3236,千如,45.35,47.9,45.3,46.1,6393241.0
2026-08-29,TPEX,3252,海灣,16.0,16.0,15.95,15.95,4000.0
2026-08-29,TPEX,3259,鑫創,15.55,15.55,13.0,14.1,206065.0
2026-08-29,TPEX,3260,威剛,418.0,418.5,407.0,412.0,6969224.0
2026-08-29,TPEX,3264,欣銓,223.0,237.5,222.0,235.0,11742745.0
2026-08-29,TPEX,3265,台星科,178.0,188.0,176.0,186.5,3225796.0
2026-08-29,TPEX,3268,海德威,17.85,18.0,17.3,17.7,46498.0
2026-08-29,TPEX,3272,東碩,13.9,14.1,13.9,14.1,11135.0
2026-08-29,TPEX,3276,宇環,14.65,14.65,14.25,14.3,192488.0
2026-08-29,TPEX,3284,太普高,21.1,21.15,20.8,21.0,95878.0
2026-08-29,TPEX,3285,微端,40.25,41.15,39.55,41.1,48904.0
2026-08-29,TPEX,3287,廣寰科,37.0,39.45,36.55,38.4,1004626.0
2026-08-29,TPEX,3288,點晶,21.95,22.25,21.3,21.4,39336.0
2026-08-29,TPEX,3289,宜特,142.5,143.0,140.5,140.5,488382.0
2026-08-29,TPEX,3290,東浦,49.55,49.9,48.7,49.25,574475.0
2026-08-29,TPEX,3293,鈊象,704.0,713.0,702.0,707.0,2805023.0
2026-08-29,TPEX,3294,英濟,31.65,31.65,30.9,31.0,197060.0
2026-08-29,TPEX,3297,杭特,27.65,30.15,27.6,27.6,62519.0
2026-08-29,TPEX,3303,岱稜,52.9,52.9,52.2,52.2,109880.0
2026-08-29,TPEX,3306,鼎天,44.85,44.95,44.6,44.7,40729.0
2026-08-29,TPEX,3310,佳穎,69.9,69.9,68.5,68.5,14160.0
2026-08-29,TPEX,3313,斐成,11.9,12.15,11.3,11.3,381725.0
2026-08-29,TPEX,3317,尼克森,67.7,70.1,66.7,66.7,1222728.0
2026-08-29,TPEX,3322,建舜電,11.25,11.35,11.2,11.2,83987.0
2026-08-29,TPEX,3323,加百裕,30.95,31.3,30.1,30.1,298978.0
2026-08-29,TPEX,3324,雙鴻,1075.0,1155.0,1075.0,1140.0,6469042.0
2026-08-29,TPEX,3325,旭品,11.15,11.25,11.1,11.25,113989.0
2026-08-29,TPEX,3332,幸康,61.1,61.7,61.0,61.7,5347.0
2026-08-29,TPEX,3339,泰谷,42.15,44.6,42.0,43.0,3112638.0
2026-08-29,TPEX,3349,寶德,22.85,22.95,22.75,22.95,56050.0
2026-08-29,TPEX,3354,律勝,26.45,27.05,25.0,25.3,2692143.0
2026-08-29,TPEX,3357,臺慶科,224.5,233.0,219.0,223.0,4019398.0
2026-08-29,TPEX,3360,尚立,15.8,15.95,15.25,15.55,671952.0
2026-08-29,TPEX,3362,先進光,207.0,207.0,196.5,199.5,1779093.0
2026-08-29,TPEX,3363,上詮,703.0,703.0,678.0,701.0,4598463.0
2026-08-29,TPEX,3372,典範,15.1,15.6,15.1,15.35,369055.0
2026-08-29,TPEX,3373,熱映,16.65,16.65,16.5,16.65,47586.0
2026-08-29,TPEX,3374,精材,352.0,386.0,350.0,386.0,29583730.0
2026-08-29,TPEX,3379,彬台,30.1,30.2,29.25,29.25,124176.0
2026-08-29,TPEX,3388,崇越電,94.4,97.3,93.4,96.3,2875540.0
2026-08-29,TPEX,3390,旭軟,22.55,22.75,22.1,22.35,166225.0
2026-08-29,TPEX,3402,漢科,123.0,123.5,121.0,122.5,235289.0
2026-08-29,TPEX,3430,奇鈦科,118.5,119.0,115.0,115.0,253095.0
2026-08-29,TPEX,3434,哲固,29.75,30.0,29.75,29.85,33359.0
2026-08-29,TPEX,3438,類比科,62.8,63.3,61.4,61.5,114226.0
2026-08-29,TPEX,3441,聯一光,138.5,140.5,129.5,130.0,27522635.0
2026-08-29,TPEX,3444,利機,85.8,85.9,83.0,83.0,421239.0
2026-08-29,TPEX,3455,由田,256.5,257.0,247.0,254.0,2019012.0
2026-08-29,TPEX,3465,進泰電子,29.4,29.5,29.25,29.25,11002.0
2026-08-29,TPEX,3466,德晉,24.95,24.95,24.15,24.5,187701.0
2026-08-29,TPEX,3467,台灣精材,51.0,51.0,47.7,47.7,292713.0
2026-08-29,TPEX,3479,安勤,130.0,130.5,129.0,129.0,334905.0
2026-08-29,TPEX,3483,力致,75.4,75.4,73.4,75.0,228898.0
2026-08-29,TPEX,3484,崧騰,50.7,51.6,50.2,50.3,183911.0
2026-08-29,TPEX,3485,敘豐,232.5,239.5,228.0,234.0,173824.0
2026-08-29,TPEX,3489,森寶,22.85,23.4,22.65,23.05,151821.0
2026-08-29,TPEX,3490,單井,54.3,54.8,49.8,50.3,6566407.0
2026-08-29,TPEX,3491,昇達科,1500.0,1515.0,1450.0,1510.0,2935985.0
2026-08-29,TPEX,3492,長盛,20.0,20.0,19.7,19.7,161571.0
2026-08-29,TPEX,3498,陽程,200.0,203.0,189.0,189.5,1212375.0
2026-08-29,TPEX,3499,環天科,12.3,12.6,12.3,12.55,32466.0
2026-08-29,TPEX,3508,位速,21.0,21.95,20.7,20.7,319894.0
2026-08-29,TPEX,3511,矽瑪,20.15,20.15,19.9,20.0,91325.0
2026-08-29,TPEX,3512,皇龍,19.7,19.7,19.5,19.5,63784.0
2026-08-29,TPEX,3516,亞帝歐,26.75,26.95,26.0,26.25,443275.0
2026-08-29,TPEX,3520,華盈,18.05,18.05,17.6,17.8,132194.0
2026-08-29,TPEX,3521,台鋼建設,12.15,12.55,12.1,12.25,95019.0
2026-08-29,TPEX,3522,御嵿,11.5,11.9,11.5,11.85,90287.0
2026-08-29,TPEX,3523,迎輝,15.5,15.5,15.05,15.4,6052.0
2026-08-29,TPEX,3526,凡甲,282.0,287.5,281.5,286.0,239157.0
2026-08-29,TPEX,3527,聚積,51.3,51.9,51.0,51.4,88725.0
2026-08-29,TPEX,3529,力旺,2720.0,2720.0,2520.0,2540.0,1694636.0
2026-08-29,TPEX,3531,先益,21.5,21.5,21.5,21.5,1000.0
2026-08-29,TPEX,3537,堡達,57.1,59.3,56.1,56.2,1170217.0
2026-08-29,TPEX,3540,曜越,23.9,23.95,23.2,23.2,705364.0
2026-08-29,TPEX,3541,西柏,21.85,22.05,21.75,21.9,15553.0
2026-08-29,TPEX,3546,宇峻,72.4,72.4,71.4,71.8,79400.0
2026-08-29,TPEX,3548,兆利,86.1,92.7,84.5,90.9,1858027.0
2026-08-29,TPEX,3551,世禾,179.5,182.0,177.0,180.5,603175.0
2026-08-29,TPEX,3552,同致,44.5,45.1,44.0,44.0,300863.0
2026-08-29,TPEX,3555,博士旺,181.5,191.0,173.0,184.0,166464.0
2026-08-29,TPEX,3556,禾瑞亞,63.3,64.5,62.5,62.9,306223.0
2026-08-29,TPEX,3558,神準,127.5,128.5,125.5,125.5,79974.0
2026-08-29,TPEX,3564,其陽,45.65,45.65,44.35,44.55,95280.0
2026-08-29,TPEX,3567,逸昌,25.35,25.4,25.2,25.4,14480.0
2026-08-29,TPEX,3570,大塚,163.5,164.5,163.5,164.5,7451.0
2026-08-29,TPEX,3577,泓格,116.0,116.0,113.5,114.0,195604.0
2026-08-29,TPEX,3580,友威科,82.0,82.3,80.0,82.3,201513.0
2026-08-29,TPEX,3581,博磊,113.0,114.5,110.0,110.5,300025.0
2026-08-29,TPEX,3587,閎康,256.0,256.0,252.0,252.5,262713.0
2026-08-29,TPEX,3594,磐儀,50.5,50.5,49.35,49.5,663545.0
2026-08-29,TPEX,3597,映興,26.3,26.45,26.0,26.4,17002.0
2026-08-29,TPEX,3609,三一東林,19.35,19.45,18.8,18.8,211472.0
2026-08-29,TPEX,3611,鼎翰,185.5,185.5,184.5,185.0,79663.0
2026-08-29,TPEX,3615,安可,38.8,39.55,38.0,38.05,741245.0
2026-08-29,TPEX,3623,富晶通,22.2,22.85,21.95,22.2,103952.0
2026-08-29,TPEX,3624,光頡,93.9,98.9,90.5,91.8,14327353.0
2026-08-29,TPEX,3625,西勝,11.75,12.45,11.75,12.3,204907.0
2026-08-29,TPEX,3628,盈正,69.5,69.5,68.0,68.4,25826.0
2026-08-29,TPEX,3629,地心引力,19.7,19.7,18.1,19.65,63234.0
2026-08-29,TPEX,3630,新鉅科,27.05,27.1,26.3,26.4,609749.0
2026-08-29,TPEX,3631,晟楠,41.0,44.2,40.1,44.2,585119.0
2026-08-29,TPEX,3632,研勤,7.51,7.51,7.49,7.49,11427.0
2026-08-29,TPEX,3646,艾恩特,23.55,23.55,23.4,23.45,9044.0
2026-08-29,TPEX,3663,鑫科,62.8,64.4,61.9,62.8,347158.0
2026-08-29,TPEX,3664,安瑞-KY,6.0,6.28,6.0,6.28,26502.0
2026-08-29,TPEX,3666,光耀,25.0,25.1,24.85,25.1,57023.0
2026-08-29,TPEX,3672,康聯訊,12.9,12.9,12.0,12.45,12246.0
2026-08-29,TPEX,3675,德微,280.0,297.5,277.5,277.5,1802987.0
2026-08-29,TPEX,3680,家登,495.0,515.0,493.0,500.0,1749354.0
2026-08-29,TPEX,3684,榮昌,54.5,54.5,54.0,54.5,93041.0
2026-08-29,TPEX,3685,元創精密,36.4,37.4,36.15,36.9,530631.0
2026-08-29,TPEX,3687,歐買尬,64.0,64.1,62.5,63.6,37473.0
2026-08-29,TPEX,3689,湧德,116.5,120.0,115.0,116.5,3006056.0
2026-08-29,TPEX,3691,碩禾,99.5,101.5,99.5,100.0,360435.0
2026-08-29,TPEX,3693,營邦,555.0,599.0,549.0,587.0,1896387.0
2026-08-29,TPEX,3707,漢磊,63.9,65.7,63.8,63.8,3714212.0
2026-08-29,TPEX,3709,鑫聯大投控,67.8,68.1,67.2,67.3,401026.0
2026-08-29,TPEX,3710,連展投控,5.15,5.15,4.97,5.08,242517.0
2026-08-29,TPEX,3713,新晶投控,14.95,15.0,14.0,14.75,52036.0
2026-08-29,TPEX,4102,永日,19.15,19.65,19.15,19.65,48905.0
2026-08-29,TPEX,4105,東洋,77.7,78.1,77.5,77.8,394460.0
2026-08-29,TPEX,4107,邦特,113.5,114.0,113.5,114.0,29560.0
2026-08-29,TPEX,4109,加捷生醫,11.35,11.55,11.2,11.25,257534.0
2026-08-29,TPEX,4111,濟生,28.75,28.8,28.7,28.75,72084.0
2026-08-29,TPEX,4113,聯上,15.1,15.1,14.95,15.1,29707.0
2026-08-29,TPEX,4114,健喬,29.9,29.95,29.7,29.9,522697.0
2026-08-29,TPEX,4116,明基醫,40.0,40.4,39.65,39.95,27243.0
2026-08-29,TPEX,4120,友華,47.85,47.85,47.25,47.35,26321.0
2026-08-29,TPEX,4121,優盛,13.25,13.25,13.15,13.15,32926.0
2026-08-29,TPEX,4123,晟德,31.95,31.95,31.4,31.7,1737921.0
2026-08-29,TPEX,4126,太醫,77.9,77.9,77.5,77.7,27518.0
2026-08-29,TPEX,4127,天良,82.4,82.4,78.8,78.8,142422.0
2026-08-29,TPEX,4128,中天,15.2,15.35,15.0,15.3,614564.0
2026-08-29,TPEX,4129,聯合,82.3,82.8,81.9,82.4,442478.0
2026-08-29,TPEX,4131,浩泰,32.9,32.9,30.05,30.95,30419.0
2026-08-29,TPEX,4138,曜亞,52.4,52.8,51.6,52.8,67710.0
2026-08-29,TPEX,4139,馬光-KY,39.5,40.1,39.5,40.0,33282.0
2026-08-29,TPEX,4147,中裕,68.7,68.7,64.1,64.1,2350578.0
2026-08-29,TPEX,4153,鈺緯,33.05,33.25,32.8,33.25,11197.0
2026-08-29,TPEX,4154,樂威科-KY,12.5,12.5,12.5,12.5,5000.0
2026-08-29,TPEX,4157,太景*-KY,9.05,9.06,8.97,8.99,836593.0
2026-08-29,TPEX,4160,訊聯基因,39.75,40.2,39.35,39.75,28836.0
2026-08-29,TPEX,4161,聿新科,23.05,23.05,22.75,22.9,19229.0
2026-08-29,TPEX,4162,智擎,60.4,60.5,59.7,60.0,159389.0
2026-08-29,TPEX,4163,鐿鈦,140.0,142.5,138.5,139.0,51765.0
2026-08-29,TPEX,4166,友霖,24.7,24.8,24.45,24.7,60627.0
2026-08-29,TPEX,4167,松瑞藥,20.55,20.55,19.95,20.0,624134.0
2026-08-29,TPEX,4168,醣聯,22.8,22.8,22.55,22.6,43248.0
2026-08-29,TPEX,4171,瑞基,17.3,17.3,17.15,17.15,14350.0
2026-08-29,TPEX,4173,久裕,17.55,17.6,17.4,17.4,35406.0
2026-08-29,TPEX,4174,浩鼎,26.5,26.5,26.1,26.15,196663.0
2026-08-29,TPEX,4175,杏一,51.3,51.7,51.3,51.6,11240.0
2026-08-29,TPEX,4183,福永生技,14.0,14.0,14.0,14.0,2000.0
2026-08-29,TPEX,4188,安克,17.65,17.65,14.5,16.15,2189496.0
2026-08-29,TPEX,4192,杏國,19.15,19.15,19.0,19.05,16042.0
2026-08-29,TPEX,4198,欣大健康,41.0,44.0,40.0,44.0,38794.0
2026-08-29,TPEX,4205,中華食,69.7,69.7,69.3,69.3,10374.0
2026-08-29,TPEX,4207,環泰,20.5,20.85,20.45,20.55,90811.0
2026-08-29,TPEX,4303,信立,43.95,44.9,39.0,39.0,6519464.0
2026-08-29,TPEX,4304,勝昱,24.3,26.0,23.9,24.6,78577.0
2026-08-29,TPEX,4305,世坤,,,,,120.0
2026-08-29,TPEX,4401,東隆興,14.1,14.1,13.8,13.9,20964.0
2026-08-29,TPEX,4402,郡都開發,15.05,15.05,14.5,14.5,20800.0
2026-08-29,TPEX,4406,新昕纖,10.05,10.05,10.0,10.05,10000.0
2026-08-29,TPEX,4413,飛寶企業,20.0,20.5,19.8,19.8,67109.0
2026-08-29,TPEX,4416,三圓,14.5,14.6,14.0,14.05,1081656.0
2026-08-29,TPEX,4417,金洲,46.8,46.85,46.7,46.85,25075.0
2026-08-29,TPEX,4419,皇家美食,46.15,46.2,46.0,46.1,10310.0
2026-08-29,TPEX,4420,光明,36.3,36.8,36.3,36.8,13313.0
2026-08-29,TPEX,4430,耀億,18.0,18.1,17.75,17.95,32715.0
2026-08-29,TPEX,4432,銘旺實,15.75,15.8,15.65,15.7,17125.0
2026-08-29,TPEX,4433,興采,18.95,19.0,18.9,19.0,12079.0
2026-08-29,TPEX,4442,竣邦-KY,51.2,52.0,51.2,51.4,40779.0
2026-08-29,TPEX,4502,健信,15.65,15.65,15.4,15.65,29008.0
2026-08-29,TPEX,4503,金雨,26.7,27.3,25.45,25.45,520260.0
2026-08-29,TPEX,4506,崇友,122.5,123.5,121.0,121.5,88739.0
2026-08-29,TPEX,4510,高鋒,46.0,46.4,44.6,45.75,1568645.0
2026-08-29,TPEX,4513,福裕,16.65,16.65,16.25,16.4,381526.0
2026-08-29,TPEX,4523,永彰,24.15,24.2,23.85,24.05,42180.0
2026-08-29,TPEX,4527,方土霖,41.1,41.1,41.0,41.0,6265.0
2026-08-29,TPEX,4528,江興鍛,15.0,15.1,14.95,15.0,17635.0
2026-08-29,TPEX,4529,淳紳,3.77,3.77,3.77,3.77,64921.0
2026-08-29,TPEX,4530,天意能創,30.5,30.9,29.9,29.9,50114.0
2026-08-29,TPEX,4533,協易機,26.25,26.5,25.75,26.5,671727.0
2026-08-29,TPEX,4534,慶騰,29.7,30.65,29.4,30.4,398398.0
2026-08-29,TPEX,4535,至興,28.55,28.8,28.5,28.8,6000.0
2026-08-29,TPEX,4538,大詠城,17.7,18.25,17.7,17.75,14399.0
2026-08-29,TPEX,4541,晟田,70.0,71.1,65.0,65.5,3915808.0
2026-08-29,TPEX,4542,科嶠,271.0,288.5,269.0,286.0,744367.0
2026-08-29,TPEX,4543,萬在,30.6,30.6,30.0,30.05,132632.0
2026-08-29,TPEX,4549,桓達,102.0,104.5,101.5,103.0,185109.0
2026-08-29,TPEX,4550,長佳,24.4,24.4,23.9,24.05,66152.0
2026-08-29,TPEX,4554,橙的,29.2,29.8,28.95,29.8,73399.0
2026-08-29,TPEX,4556,旭然,73.2,74.3,70.6,70.6,241577.0
2026-08-29,TPEX,4558,寶緯,17.9,19.15,17.9,18.65,440502.0
2026-08-29,TPEX,4561,健椿,45.4,45.65,44.2,44.2,221096.0
2026-08-29,TPEX,4563,百德,40.95,40.95,40.0,40.7,59174.0
2026-08-29,TPEX,4568,科際精密,39.5,39.9,39.5,39.9,2201.0
2026-08-29,TPEX,4577,達航科技,80.1,88.2,80.1,88.2,1135106.0
2026-08-29,TPEX,4580,捷流閥業,78.7,79.0,78.4,78.4,39704.0
2026-08-29,TPEX,4584,君帆,39.4,39.4,39.4,39.4,1014.0
2026-08-29,TPEX,4609,唐鋒,4.61,4.61,4.59,4.59,10146.0
2026-08-29,TPEX,4702,中美實,9.6,9.63,9.5,9.62,35697.0
2026-08-29,TPEX,4706,大恭,33.0,33.0,33.0,33.0,2001.0
2026-08-29,TPEX,4707,磐亞,32.35,33.45,32.0,32.55,2414940.0
2026-08-29,TPEX,4711,永純,16.8,16.9,16.65,16.9,25651.0
2026-08-29,TPEX,4714,永捷,11.8,11.95,11.2,11.4,3546999.0
2026-08-29,TPEX,4716,大立,17.9,19.15,17.65,19.15,5146137.0
2026-08-29,TPEX,4721,美琪瑪,75.5,75.8,74.6,74.8,340247.0
2026-08-29,TPEX,4726,永昕,24.05,24.25,23.95,24.2,109292.0
2026-08-29,TPEX,4728,雙美,,,,,29.0
2026-08-29,TPEX,4729,熒茂,19.0,19.15,18.7,18.7,179684.0
2026-08-29,TPEX,4735,豪展,38.2,38.95,38.2,38.9,94702.0
2026-08-29,TPEX,4741,泓瀚,42.1,43.5,41.95,42.4,142687.0
2026-08-29,TPEX,4743,合一,47.15,47.4,46.7,46.95,723804.0
2026-08-29,TPEX,4744,皇將,27.8,27.9,27.5,27.5,93083.0
2026-08-29,TPEX,4745,合富-KY,11.95,11.95,11.7,11.9,18022.0
2026-08-29,TPEX,4749,新應材,786.0,805.0,782.0,790.0,752600.0
2026-08-29,TPEX,4754,國碳科,38.7,40.0,38.5,38.75,69732.0
2026-08-29,TPEX,4760,勤凱,262.5,272.5,260.0,262.0,534806.0
2026-08-29,TPEX,4767,誠泰科技,28.5,29.75,28.5,29.75,43312.0
2026-08-29,TPEX,4768,晶呈科技,333.0,337.0,310.0,313.0,485690.0
2026-08-29,TPEX,4772,台特化,270.0,274.0,263.0,265.0,897535.0
2026-08-29,TPEX,4806,桂田文創,8.89,9.18,8.89,9.18,6338.0
2026-08-29,TPEX,4903,聯光通,37.3,37.3,36.45,36.75,794527.0
2026-08-29,TPEX,4905,台聯電,91.9,91.9,90.1,90.1,28206.0
2026-08-29,TPEX,4907,富宇,46.65,47.6,46.6,47.25,35465.0
2026-08-29,TPEX,4908,前鼎,195.0,199.0,183.0,190.0,11244708.0
2026-08-29,TPEX,4909,新復興,43.2,43.2,40.3,40.35,2207033.0
2026-08-29,TPEX,4911,德英,28.75,28.95,28.6,28.95,12404.0
2026-08-29,TPEX,4923,力士,55.9,57.8,54.8,56.4,747371.0
2026-08-29,TPEX,4924,欣厚-KY,10.1,10.25,9.9,10.25,39002.0
2026-08-29,TPEX,4931,新盛力,276.0,281.0,262.5,272.5,13573095.0
2026-08-29,TPEX,4933,友輝,55.0,55.1,54.4,55.1,70147.0
2026-08-29,TPEX,4939,亞電,91.8,95.2,82.9,92.8,82048901.0
2026-08-29,TPEX,4946,辣椒,94.6,94.6,91.8,93.9,23335.0
2026-08-29,TPEX,4950,金耘國際,15.8,16.3,15.8,16.0,15361.0
2026-08-29,TPEX,4951,精拓科,78.5,79.2,77.2,79.1,248772.0
2026-08-29,TPEX,4953,緯致,123.5,125.0,122.5,124.5,297537.0
2026-08-29,TPEX,4966,譜瑞-KY,593.0,599.0,578.0,584.0,986496.0
2026-08-29,TPEX,4971,IET-KY,560.0,573.0,545.0,568.0,442249.0
2026-08-29,TPEX,4972,湯石照明,16.7,16.8,16.55,16.75,20121.0
2026-08-29,TPEX,4973,廣穎,156.0,157.5,151.5,153.0,1162727.0
2026-08-29,TPEX,4974,亞泰,69.2,69.2,68.3,68.6,119880.0
2026-08-29,TPEX,4979,華星光,603.0,621.0,596.0,610.0,2540856.0
2026-08-29,TPEX,4991,環宇-KY,538.0,540.0,511.0,520.0,9448429.0
2026-08-29,TPEX,4995,晶達,51.5,51.5,50.1,50.5,38890.0
2026-08-29,TPEX,5009,榮剛,33.95,33.95,33.2,33.3,1683520.0
2026-08-29,TPEX,5011,久陽,19.8,19.8,18.6,18.65,300448.0
2026-08-29,TPEX,5013,強新,28.5,30.0,28.5,29.8,1364067.0
2026-08-29,TPEX,5014,建錩,10.15,10.2,10.1,10.1,308274.0
2026-08-29,TPEX,5015,華祺,22.0,22.2,22.0,22.1,12248.0
2026-08-29,TPEX,5016,松和,25.0,25.0,24.8,24.8,10000.0
2026-08-29,TPEX,5201,凱衛,26.65,26.65,26.0,26.15,71498.0
2026-08-29,TPEX,5202,力新,12.0,12.15,11.9,11.9,111446.0
2026-08-29,TPEX,5205,中茂,20.4,20.4,20.4,20.4,1120.0
2026-08-29,TPEX,5206,坤悅,23.85,23.85,23.5,23.7,132014.0
2026-08-29,TPEX,5209,新鼎,157.0,157.0,156.0,156.5,48596.0
2026-08-29,TPEX,5210,寶碩,29.3,29.5,29.1,29.4,106380.0
2026-08-29,TPEX,5211,蒙恬,19.3,19.3,19.2,19.25,9977.0
2026-08-29,TPEX,5212,凌網,46.9,47.0,46.8,47.0,15000.0
2026-08-29,TPEX,5213,亞昕,21.4,21.5,21.25,21.3,126563.0
2026-08-29,TPEX,5220,萬達光電,20.0,20.15,19.95,20.05,8021.0
2026-08-29,TPEX,5223,安力-KY,23.45,23.45,23.1,23.3,9500.0
2026-08-29,TPEX,5227,立凱-KY,32.35,32.35,30.7,30.7,358850.0
2026-08-29,TPEX,5228,鈺鎧,42.9,45.0,42.35,43.0,455376.0
2026-08-29,TPEX,5230,雷笛克光學,18.0,18.0,17.65,17.75,80230.0
2026-08-29,TPEX,5245,智晶,24.25,24.25,23.1,23.25,20300.0
2026-08-29,TPEX,5251,天鉞電,26.55,26.6,25.5,25.95,53237.0
2026-08-29,TPEX,5263,智崴,98.0,100.0,97.1,99.5,392505.0
2026-08-29,TPEX,5272,笙科,17.2,17.25,17.15,17.25,36238.0
2026-08-29,TPEX,5274,信驊,15525.0,15745.0,14815.0,15630.0,384764.0
2026-08-29,TPEX,5276,達輝-KY,18.25,18.7,18.25,18.7,7000.0
2026-08-29,TPEX,5278,尚凡*,24.7,24.7,24.35,24.4,48431.0
2026-08-29,TPEX,5287,數字,137.5,138.0,136.5,136.5,167707.0
2026-08-29,TPEX,5289,宜鼎,1525.0,1535.0,1465.0,1470.0,2052566.0
2026-08-29,TPEX,5291,邑昇,67.0,72.0,66.0,68.5,5725871.0
2026-08-29,TPEX,5299,杰力,100.5,104.0,99.0,99.3,560293.0
2026-08-29,TPEX,5301,寶得利,5.89,6.0,5.84,5.84,6000.0
2026-08-29,TPEX,5302,太欣,10.6,10.65,10.45,10.5,211783.0
2026-08-29,TPEX,5309,系統電,55.0,55.1,54.1,54.2,1600514.0
2026-08-29,TPEX,5310,天剛,24.95,25.0,24.95,25.0,5426.0
2026-08-29,TPEX,5312,寶島科,92.5,92.5,92.2,92.2,21829.0
2026-08-29,TPEX,5314,世紀*,41.8,41.8,34.2,34.2,22431019.0
2026-08-29,TPEX,5315,光聯,19.65,19.7,19.25,19.25,199255.0
2026-08-29,TPEX,5321,美而快,84.5,85.8,82.0,85.0,734022.0
2026-08-29,TPEX,5324,士開,12.3,12.3,12.15,12.3,267314.0
2026-08-29,TPEX,5328,華容,63.7,67.4,63.0,63.0,16235265.0
2026-08-29,TPEX,5340,建榮,82.5,84.9,81.3,84.8,4686756.0
2026-08-29,TPEX,5344,立衛,13.7,13.7,13.5,13.55,13780.0
2026-08-29,TPEX,5345,馥鴻,22.9,23.0,22.0,22.3,14815.0
2026-08-29,TPEX,5347,世界,149.5,158.0,149.0,153.0,21842138.0
2026-08-29,TPEX,5348,正能量智能,16.15,16.25,15.25,16.25,13200.0
2026-08-29,TPEX,5351,鈺創,117.5,119.5,113.5,116.0,10092540.0
2026-08-29,TPEX,5353,台林,28.15,28.15,28.0,28.05,14000.0
2026-08-29,TPEX,5355,佳總,5.97,5.99,5.78,5.99,88006.0
2026-08-29,TPEX,5356,協益,26.3,26.3,25.8,26.0,50823.0
2026-08-29,TPEX,5364,力麗店,8.52,8.64,8.51,8.51,42221.0
2026-08-29,TPEX,5381,光譜,26.45,27.7,26.3,26.95,2746333.0
2026-08-29,TPEX,5386,青雲,237.0,258.5,237.0,258.5,2657717.0
2026-08-29,TPEX,5392,能率,47.9,48.45,46.65,48.3,3066307.0
2026-08-29,TPEX,5398,慕康生醫,14.2,15.2,14.2,14.65,27035.0
2026-08-29,TPEX,5403,中菲,92.3,93.2,92.3,92.9,23711.0
2026-08-29,TPEX,5410,國眾,36.6,36.65,36.25,36.25,165680.0
2026-08-29,TPEX,5425,台半,97.2,104.5,96.0,96.3,49545608.0
2026-08-29,TPEX,5426,振發,29.1,29.5,28.6,28.6,928717.0
2026-08-29,TPEX,5432,新門,152.5,154.5,144.5,152.5,348444.0
2026-08-29,TPEX,5438,東友,17.1,17.1,16.8,16.8,26473.0
2026-08-29,TPEX,5439,高技,265.0,270.5,257.0,264.5,4810920.0
2026-08-29,TPEX,5443,均豪,109.0,115.0,106.5,112.0,3375843.0
2026-08-29,TPEX,5450,南良,14.8,15.0,14.65,14.8,113805.0
2026-08-29,TPEX,5452,佶優,28.3,28.3,27.95,28.1,442435.0
2026-08-29,TPEX,5455,昇益,29.7,29.7,29.65,29.7,6122.0
2026-08-29,TPEX,5457,宣德,27.7,28.3,27.7,27.95,377632.0
2026-08-29,TPEX,5460,同協,16.2,16.3,16.15,16.2,44133.0
2026-08-29,TPEX,5464,霖宏,71.2,76.0,71.1,73.1,342229.0
2026-08-29,TPEX,5465,富驊,24.4,24.4,24.1,24.1,51690.0
2026-08-29,TPEX,5468,凱鈺,26.0,26.0,25.0,25.35,206074.0
2026-08-29,TPEX,5474,聰泰,155.0,156.0,153.0,153.5,69227.0
2026-08-29,TPEX,5475,德宏,207.5,212.5,197.5,201.0,18450369.0
2026-08-29,TPEX,5478,智冠,98.7,98.8,98.2,98.3,109551.0
2026-08-29,TPEX,5481,新華,21.2,21.6,20.4,20.8,319181.0
2026-08-29,TPEX,5483,中美晶,184.5,188.0,180.5,183.5,18044004.0
2026-08-29,TPEX,5487,通泰,28.85,29.2,28.65,28.65,31001.0
2026-08-29,TPEX,5488,松普,12.3,12.45,12.1,12.1,256286.0
2026-08-29,TPEX,5489,彩富,41.5,41.85,41.3,41.3,37181.0
2026-08-29,TPEX,5490,同亨,28.55,28.55,28.0,28.15,650452.0
2026-08-29,TPEX,5493,三聯,85.6,89.1,84.5,88.5,375418.0
2026-08-29,TPEX,5498,凱崴,54.4,58.5,53.6,58.1,6649718.0
2026-08-29,TPEX,5508,永信建,54.4,54.4,52.6,52.9,209525.0
2026-08-29,TPEX,5511,德昌,71.1,72.4,70.9,71.2,139995.0
2026-08-29,TPEX,5512,力麒,7.73,7.76,7.71,7.74,378745.0
2026-08-29,TPEX,5514,三豐,14.6,14.6,14.4,14.6,7380.0
2026-08-29,TPEX,5516,雙喜,12.0,12.0,11.7,11.85,10100.0
2026-08-29,TPEX,5520,力泰,83.6,83.6,83.2,83.2,14027.0
2026-08-29,TPEX,5523,豐謙,30.25,30.35,30.2,30.35,9011.0
2026-08-29,TPEX,5529,鉅陞,21.2,22.6,21.2,22.5,221842.0
2026-08-29,TPEX,5530,龍巖,50.7,51.6,49.95,51.2,494787.0
2026-08-29,TPEX,5536,聖暉*,856.0,880.0,841.0,871.0,889073.0
2026-08-29,TPEX,5543,桓鼎-KY,29.3,30.2,29.3,29.9,158075.0
2026-08-29,TPEX,5547,久舜,19.85,19.85,19.85,19.85,4006.0
2026-08-29,TPEX,5548,安倉,20.55,20.7,20.5,20.65,17000.0
2026-08-29,TPEX,5601,台聯櫃,30.5,30.5,30.5,30.5,6000.0
2026-08-29,TPEX,5603,陸海,14.35,14.35,14.2,14.25,42288.0
2026-08-29,TPEX,5604,中連,30.8,30.8,30.75,30.75,10084.0
2026-08-29,TPEX,5609,中菲行,78.9,78.9,77.8,77.9,100701.0
2026-08-29,TPEX,5701,劍湖山,4.03,4.43,4.0,4.3,580391.0
2026-08-29,TPEX,5703,亞都,14.6,14.6,14.15,14.15,10089.0
2026-08-29,TPEX,5704,老爺知,23.7,23.75,23.05,23.75,81404.0
2026-08-29,TPEX,5864,致和證,35.05,36.25,34.9,35.95,4152006.0
2026-08-29,TPEX,5878,台名,38.45,38.6,38.45,38.5,7000.0
2026-08-29,TPEX,5902,德記,34.85,34.85,34.85,34.85,2078.0
2026-08-29,TPEX,5903,全家,186.0,186.0,185.5,186.0,9720.0
2026-08-29,TPEX,5904,寶雅*,74.4,75.5,73.6,74.2,5956377.0
2026-08-29,TPEX,5905,南仁湖,7.9,7.9,7.75,7.79,930108.0
2026-08-29,TPEX,6015,宏遠證,16.3,16.75,16.3,16.4,2393105.0
2026-08-29,TPEX,6016,康和證,20.65,21.95,20.65,21.35,9570152.0
2026-08-29,TPEX,6020,大展證,21.0,21.3,20.85,20.85,11099.0
2026-08-29,TPEX,6021,美好證,39.4,39.95,39.4,39.75,106467.0
2026-08-29,TPEX,6023,元大期,82.6,82.6,82.0,82.0,321239.0
2026-08-29,TPEX,6026,福邦證,15.1,15.25,15.0,15.1,1373344.0
2026-08-29,TPEX,6028,公勝保經,95.0,95.2,94.5,95.1,11045.0
2026-08-29,TPEX,6101,寬魚國際,38.15,38.4,37.5,37.9,242248.0
2026-08-29,TPEX,6103,合邦,47.0,47.0,45.1,47.0,213459.0
2026-08-29,TPEX,6104,創惟,102.5,102.5,99.1,99.3,1047627.0
2026-08-29,TPEX,6109,亞元,10.95,10.95,10.8,10.9,61939.0
2026-08-29,TPEX,6111,光聚晶電,37.3,37.3,36.35,37.05,136975.0
2026-08-29,TPEX,6113,亞矽,23.4,23.55,23.05,23.05,49664.0
2026-08-29,TPEX,6114,久威,25.8,25.8,25.3,25.4,11000.0
2026-08-29,TPEX,6118,建達,15.3,15.3,15.15,15.2,70927.0
2026-08-29,TPEX,6121,新普,410.5,412.5,403.5,405.5,377833.0
2026-08-29,TPEX,6122,擎邦,48.7,48.9,48.4,48.65,161765.0
2026-08-29,TPEX,6123,上奇,43.5,43.5,43.25,43.5,28784.0
2026-08-29,TPEX,6124,業強,27.4,27.7,27.05,27.15,45989.0
2026-08-29,TPEX,6125,廣運,51.5,51.8,50.7,51.0,895519.0
2026-08-29,TPEX,6126,信音,30.25,30.3,29.75,29.85,381450.0
2026-08-29,TPEX,6127,九豪,52.2,54.3,50.3,50.8,8215755.0
2026-08-29,TPEX,6129,普誠,13.6,13.7,13.4,13.45,404141.0
2026-08-29,TPEX,6130,上亞科技,27.15,27.85,26.5,26.7,161015.0
2026-08-29,TPEX,6134,萬旭,29.0,29.05,28.65,28.85,155718.0
2026-08-29,TPEX,6138,茂達,301.0,310.5,295.5,297.0,1364781.0
2026-08-29,TPEX,6140,訊達,17.1,17.45,17.05,17.1,54658.0
2026-08-29,TPEX,6143,振曜,90.1,90.8,89.3,89.3,244296.0
2026-08-29,TPEX,6144,得利影,12.95,13.1,12.95,13.1,5049.0
2026-08-29,TPEX,6146,耕興,193.0,194.5,192.0,192.5,160416.0
2026-08-29,TPEX,6147,頎邦,190.0,203.0,180.5,182.5,53168281.0
2026-08-29,TPEX,6148,驊宏資,28.8,28.8,28.25,28.3,95907.0
2026-08-29,TPEX,6150,撼訊,62.0,62.3,61.1,61.1,131945.0
2026-08-29,TPEX,6151,晉倫,36.45,36.7,36.1,36.3,96509.0
2026-08-29,TPEX,6154,順發,13.95,14.1,13.95,14.05,10975.0
2026-08-29,TPEX,6156,松上,21.25,21.7,21.25,21.25,518243.0
2026-08-29,TPEX,6158,禾昌,16.55,16.55,16.5,16.5,12119.0
2026-08-29,TPEX,6160,欣技,15.15,15.15,14.85,15.0,82800.0
2026-08-29,TPEX,6161,捷波,51.1,51.4,49.95,50.3,101064.0
2026-08-29,TPEX,6163,華電網,44.3,44.3,42.75,43.3,387446.0
2026-08-29,TPEX,6167,久正,11.1,11.1,10.75,10.8,411292.0
2026-08-29,TPEX,6169,昱泉,12.35,12.65,12.35,12.65,3171.0
2026-08-29,TPEX,6170,統振,49.0,49.15,48.5,48.7,170420.0
2026-08-29,TPEX,6171,大城地產,26.8,26.8,26.2,26.4,54752.0
2026-08-29,TPEX,6173,信昌電,229.0,239.0,229.0,239.0,17619704.0
2026-08-29,TPEX,6174,安碁,45.9,46.55,45.05,45.55,673241.0
2026-08-29,TPEX,6175,立敦,75.9,79.9,75.3,76.8,2435761.0
2026-08-29,TPEX,6179,亞通,27.9,30.4,27.85,30.4,11108403.0
2026-08-29,TPEX,6180,橘子,43.05,43.25,42.05,42.3,390889.0
2026-08-29,TPEX,6182,合晶,112.0,117.5,109.5,110.0,68441289.0
2026-08-29,TPEX,6185,幃翔,12.7,12.7,12.6,12.65,192096.0
2026-08-29,TPEX,6186,新潤,33.05,33.05,32.5,32.5,557375.0
2026-08-29,TPEX,6187,萬潤,1420.0,1455.0,1325.0,1365.0,6213167.0
2026-08-29,TPEX,6188,廣明,69.8,69.8,68.5,68.8,415644.0
2026-08-29,TPEX,6190,萬泰科,69.1,71.4,68.4,70.6,2900050.0
2026-08-29,TPEX,6194,育富,29.8,29.8,29.7,29.75,18244.0
2026-08-29,TPEX,6195,詩肯,27.85,27.9,27.8,27.9,5822.0
2026-08-29,TPEX,6198,瑞築,19.65,19.65,19.4,19.4,9000.0
2026-08-29,TPEX,6199,天品,92.4,93.6,91.9,93.3,592014.0
2026-08-29,TPEX,6203,海韻電,60.0,60.0,59.5,59.6,45944.0
2026-08-29,TPEX,6204,艾華,90.0,95.0,88.4,88.4,881095.0
2026-08-29,TPEX,6207,雷科,110.5,114.5,110.0,111.0,6011383.0
2026-08-29,TPEX,6208,日揚,83.5,83.5,82.1,82.7,216803.0
2026-08-29,TPEX,6210,慶生,18.05,18.05,18.05,18.05,1678.0
2026-08-29,TPEX,6212,理銘,30.55,30.75,30.55,30.75,3000.0
2026-08-29,TPEX,6217,中探針,178.0,184.5,170.5,175.0,9752850.0
2026-08-29,TPEX,6218,豪勉,41.0,43.5,40.5,40.7,2430758.0
2026-08-29,TPEX,6219,富旺,12.25,12.3,12.05,12.1,104504.0
2026-08-29,TPEX,6220,岳豐,26.5,26.7,25.65,25.9,261284.0
2026-08-29,TPEX,6221,晉泰,21.65,21.7,21.6,21.7,73550.0
2026-08-29,TPEX,6222,立軒,19.9,20.05,19.9,20.05,4000.0
2026-08-29,TPEX,6223,旺矽,5085.0,5085.0,4880.0,5030.0,1766866.0
2026-08-29,TPEX,6227,茂綸,124.5,124.5,113.0,113.0,2494552.0
2026-08-29,TPEX,6228,全譜,,,,,47.0
2026-08-29,TPEX,6229,研通,23.7,24.4,23.7,24.1,96008.0
2026-08-29,TPEX,6231,系微,218.5,225.5,218.0,220.5,239771.0
2026-08-29,TPEX,6233,旺玖,22.15,22.15,21.65,21.8,96276.0
2026-08-29,TPEX,6234,高僑,37.05,37.5,36.2,36.8,379011.0
2026-08-29,TPEX,6236,中湛,,,,,0.0
2026-08-29,TPEX,6237,驊訊,34.95,35.5,34.7,35.2,181090.0
2026-08-29,TPEX,6240,松崗,22.25,23.2,22.25,23.0,35000.0
2026-08-29,TPEX,6241,鑫永洋,17.95,18.0,17.4,17.95,180476.0
2026-08-29,TPEX,6242,立康,34.0,34.9,34.0,34.1,8225.0
2026-08-29,TPEX,6244,茂迪,24.55,25.1,24.4,24.4,2028677.0
2026-08-29,TPEX,6245,立端,84.5,85.1,83.1,83.2,598821.0
2026-08-29,TPEX,6246,臺龍,12.3,12.3,12.25,12.25,18055.0
2026-08-29,TPEX,6248,沛波,17.05,17.2,17.0,17.1,47903.0
2026-08-29,TPEX,6259,百徽,30.6,32.7,30.6,31.75,942526.0
2026-08-29,TPEX,6261,久元,79.0,79.7,78.8,79.0,257603.0
2026-08-29,TPEX,6263,普萊德,168.5,168.5,164.5,165.5,84294.0
2026-08-29,TPEX,6264,富裔,6.0,6.11,6.0,6.06,66084.0
2026-08-29,TPEX,6265,方土昶,58.5,59.1,56.8,57.1,3387064.0
2026-08-29,TPEX,6266,泰詠,25.4,25.4,24.8,25.0,125274.0
2026-08-29,TPEX,6270,倍微,29.9,30.4,29.8,29.95,161595.0
2026-08-29,TPEX,6274,台燿,1460.0,1515.0,1440.0,1490.0,5207091.0
2026-08-29,TPEX,6275,元山,46.4,46.4,45.5,45.7,279993.0
2026-08-29,TPEX,6276,安鈦克,20.9,20.9,19.9,20.25,32181.0
2026-08-29,TPEX,6279,胡連,127.5,128.5,127.0,127.0,520553.0
2026-08-29,TPEX,6284,佳邦,78.7,82.6,78.7,81.4,3265071.0
2026-08-29,TPEX,6290,良維,252.0,252.5,243.0,248.0,4907668.0
2026-08-29,TPEX,6291,沛亨,430.0,430.0,394.5,400.5,1389520.0
2026-08-29,TPEX,6292,迅德,62.3,63.9,62.1,62.9,192466.0
2026-08-29,TPEX,6294,智基,28.85,28.85,28.45,28.85,11369.0
2026-08-29,TPEX,6411,晶焱,79.8,81.9,79.8,80.1,286653.0
2026-08-29,TPEX,6417,韋僑,107.0,107.5,106.0,106.0,31117.0
2026-08-29,TPEX,6418,詠昇,37.5,39.45,35.7,37.85,1533426.0
2026-08-29,TPEX,6419,京晨科,156.0,159.0,154.0,154.0,242100.0
2026-08-29,TPEX,6423,億而得,81.0,82.0,80.9,80.9,23248.0
2026-08-29,TPEX,6425,易發,62.9,66.0,61.2,65.2,409357.0
2026-08-29,TPEX,6432,今展科,64.4,68.4,64.4,65.4,855721.0
2026-08-29,TPEX,6435,大中,268.0,281.5,260.0,260.0,1544348.0
2026-08-29,TPEX,6441,廣錠,21.65,21.65,21.0,21.25,29434.0
2026-08-29,TPEX,6461,益得,16.35,16.35,16.05,16.15,67674.0
2026-08-29,TPEX,6462,神盾,101.5,103.0,100.5,101.0,519617.0
2026-08-29,TPEX,6465,威潤,47.0,49.7,46.3,48.4,337394.0
2026-08-29,TPEX,6469,大樹,69.5,69.5,68.3,68.4,434622.0
2026-08-29,TPEX,6470,宇智,42.2,42.2,41.35,41.5,62029.0
2026-08-29,TPEX,6474,華豫寧,37.1,37.7,37.1,37.2,141786.0
2026-08-29,TPEX,6482,弘煜科,25.85,25.85,24.75,24.75,28594.0
2026-08-29,TPEX,6485,點序,61.6,64.5,61.5,63.8,339049.0
2026-08-29,TPEX,6486,互動,77.4,77.5,76.7,77.4,41738.0
2026-08-29,TPEX,6488,環球晶,967.0,1015.0,949.0,972.0,11772540.0
2026-08-29,TPEX,6492,生華科,35.0,35.05,34.7,34.95,292963.0
2026-08-29,TPEX,6494,九齊,54.9,55.7,54.5,54.9,67551.0
2026-08-29,TPEX,6496,科懋,25.25,25.25,24.6,24.6,3304.0
2026-08-29,TPEX,6498,久禾光,79.7,79.7,75.5,75.9,203994.0
2026-08-29,TPEX,6499,益安,72.0,75.3,71.1,75.3,1130454.0
2026-08-29,TPEX,6506,雙邦,17.85,17.85,17.65,17.8,32321.0
2026-08-29,TPEX,6508,惠光,25.95,26.15,25.9,26.0,19662.0
2026-08-29,TPEX,6509,聚和,45.7,46.7,45.2,46.45,872287.0
2026-08-29,TPEX,6510,精測,2805.0,2830.0,2670.0,2680.0,466150.0
2026-08-29,TPEX,6512,啟發電,20.6,20.6,20.6,20.6,2135.0
2026-08-29,TPEX,6516,勤崴國際,58.7,58.7,57.4,58.3,30336.0
2026-08-29,TPEX,6517,保勝光學,73.9,75.5,71.5,71.6,1377458.0
2026-08-29,TPEX,6523,達爾膚,89.8,89.9,89.8,89.8,13020.0
2026-08-29,TPEX,6527,明達醫,74.5,74.5,74.5,74.5,5100.0
2026-08-29,TPEX,6530,創威,89.5,90.9,86.6,86.9,1466462.0
2026-08-29,TPEX,6532,瑞耘,90.6,90.7,89.1,89.2,358184.0
2026-08-29,TPEX,6535,順藥,81.4,81.4,78.4,78.6,251015.0
2026-08-29,TPEX,6538,倉和,219.0,222.5,200.0,200.0,2872087.0
2026-08-29,TPEX,6542,隆中,,,,,50.0
2026-08-29,TPEX,6546,正基,64.7,65.6,63.4,63.6,205991.0
2026-08-29,TPEX,6547,高端疫苗,64.7,67.9,64.2,65.0,11985158.0
2026-08-29,TPEX,6548,長科*,75.3,76.6,73.5,73.5,3144702.0
2026-08-29,TPEX,6556,勝品,61.3,61.3,61.3,61.3,2060.0
2026-08-29,TPEX,6560,欣普羅,31.65,32.1,31.0,31.0,27437.0
2026-08-29,TPEX,6561,是方,321.0,323.5,320.0,322.5,30598.0
2026-08-29,TPEX,6568,宏觀,134.5,136.0,131.0,131.0,52359.0
2026-08-29,TPEX,6569,醫揚,93.2,93.3,92.5,92.6,33265.0
2026-08-29,TPEX,6570,維田,52.9,52.9,51.5,51.7,148877.0
2026-08-29,TPEX,6574,霈方,121.0,122.5,118.0,120.5,41878.0
2026-08-29,TPEX,6576,逸達,80.4,81.7,79.6,80.1,96751.0
2026-08-29,TPEX,6577,勁豐,80.3,80.8,80.1,80.8,22182.0
2026-08-29,TPEX,6578,達邦蛋白,17.9,18.15,17.7,18.0,41101.0
2026-08-29,TPEX,6584,南俊國際,680.0,682.0,647.0,682.0,4791672.0
2026-08-29,TPEX,6588,東典光電,109.0,112.0,105.0,112.0,2114040.0
2026-08-29,TPEX,6590,普鴻,65.1,65.1,64.0,64.0,19666.0
2026-08-29,TPEX,6593,台灣銘板,32.45,32.9,32.3,32.3,38397.0
2026-08-29,TPEX,6596,寬宏藝術,96.3,96.9,95.8,96.4,77675.0
2026-08-29,TPEX,6597,立誠,73.0,73.6,73.0,73.6,3008.0
2026-08-29,TPEX,6603,富強鑫,26.8,27.05,26.25,26.3,1054054.0
2026-08-29,TPEX,6609,瀧澤科,40.4,40.4,39.5,39.85,96349.0
2026-08-29,TPEX,6612,奈米醫材,70.0,70.8,69.6,70.8,55975.0
2026-08-29,TPEX,6613,朋億*,274.0,279.5,265.5,275.5,837469.0
2026-08-29,TPEX,6615,慧智,34.5,34.9,34.45,34.5,19025.0
2026-08-29,TPEX,6616,特昇-KY,8.28,8.28,8.0,8.14,26085.0
2026-08-29,TPEX,6617,共信-KY,126.0,129.5,121.0,122.5,1335155.0
2026-08-29,TPEX,6620,漢達,77.1,84.5,77.1,84.5,1204014.0
2026-08-29,TPEX,6624,萬年清,40.95,41.65,40.95,41.65,3000.0
2026-08-29,TPEX,6629,泰金-KY,109.5,110.0,107.5,108.5,12950.0
2026-08-29,TPEX,6637,醫影,58.0,58.0,57.2,57.2,45373.0
2026-08-29,TPEX,6640,均華,1085.0,1100.0,1040.0,1060.0,234185.0
2026-08-29,TPEX,6642,富致,83.1,86.0,80.2,82.7,279616.0
2026-08-29,TPEX,6643,M31,446.0,458.0,437.0,437.0,257508.0
2026-08-29,TPEX,6649,台生材,36.05,36.05,35.05,35.1,25031.0
2026-08-29,TPEX,6651,全宇昕,151.5,156.0,150.5,150.5,358860.0
2026-08-29,TPEX,6654,天正國際,169.0,182.0,169.0,176.5,39588.0
2026-08-29,TPEX,6661,威健生技,16.7,17.1,16.4,16.4,11283.0
2026-08-29,TPEX,6662,樂斯科,29.8,29.8,29.75,29.75,2145.0
2026-08-29,TPEX,6664,群翊,359.5,362.0,352.0,359.5,265766.0
2026-08-29,TPEX,6667,信紘科,223.0,223.0,220.5,221.0,112042.0
2026-08-29,TPEX,6679,鈺太,206.0,210.0,205.0,205.0,269103.0
2026-08-29,TPEX,6680,鑫創電子,50.0,50.0,50.0,50.0,1110.0
2026-08-29,TPEX,6683,雍智科技,1250.0,1250.0,1165.0,1200.0,1200708.0
2026-08-29,TPEX,6684,安格,47.0,48.45,46.95,47.3,82689.0
2026-08-29,TPEX,6690,安碁資訊,165.0,166.5,163.5,165.0,43833.0
2026-08-29,TPEX,6692,進能服,24.2,24.5,23.85,24.3,30000.0
2026-08-29,TPEX,6693,廣閎科,170.0,183.5,170.0,178.5,2148756.0
2026-08-29,TPEX,6697,東捷資訊,40.5,40.8,40.5,40.6,37285.0
2026-08-29,TPEX,6703,軒郁,103.0,103.0,101.5,103.0,64087.0
2026-08-29,TPEX,6708,天擎,37.55,38.0,37.1,37.1,26219.0
2026-08-29,TPEX,6712,長聖,162.0,163.5,160.5,161.0,371492.0
2026-08-29,TPEX,6716,應廣,127.5,132.0,126.0,128.0,449569.0
2026-08-29,TPEX,6720,久昌,134.0,135.5,132.5,133.5,18141.0
2026-08-29,TPEX,6721,信實,52.5,52.5,52.4,52.4,4046.0
2026-08-29,TPEX,6725,矽科宏晟,238.5,238.5,231.0,231.0,57152.0
2026-08-29,TPEX,6727,亞泰金屬,529.0,551.0,518.0,537.0,2567513.0
2026-08-29,TPEX,6728,上洋,108.5,108.5,108.0,108.5,7619.0
2026-08-29,TPEX,6730,常廣,33.5,33.5,32.95,32.95,2218.0
2026-08-29,TPEX,6732,昇佳電子,155.5,156.0,153.0,154.0,166847.0
2026-08-29,TPEX,6733,博晟生醫,25.85,26.95,25.75,26.9,197695.0
2026-08-29,TPEX,6735,美達科技,64.3,65.3,63.0,63.9,82009.0
2026-08-29,TPEX,6739,竹陞科技,1150.0,1175.0,1100.0,1140.0,592188.0
2026-08-29,TPEX,6741,91APP*-KY,60.3,60.3,59.1,59.2,325523.0
2026-08-29,TPEX,6751,智聯服務,,,,,945.0
2026-08-29,TPEX,6752,叡揚,96.6,96.6,96.6,96.6,1281.0
2026-08-29,TPEX,6761,穩得,188.0,194.0,186.0,188.5,537011.0
2026-08-29,TPEX,6762,達亞,164.0,164.0,163.0,163.0,2221.0
2026-08-29,TPEX,6763,綠界科技*,42.05,42.05,41.75,41.85,161484.0
2026-08-29,TPEX,6767,台微醫,24.6,24.6,24.3,24.3,4000.0
2026-08-29,TPEX,6785,昱展新藥,97.2,97.2,95.2,95.3,45353.0
2026-08-29,TPEX,6788,華景電,373.0,373.5,363.0,368.5,283385.0
2026-08-29,TPEX,6791,虎門科技,102.0,102.0,101.0,101.0,7626.0
2026-08-29,TPEX,6803,崑鼎,271.0,271.5,270.0,271.0,48876.0
2026-08-29,TPEX,6804,明係,18.65,18.75,18.3,18.6,40761.0
2026-08-29,TPEX,6811,宏碁資訊,227.5,227.5,225.0,225.5,44645.0
2026-08-29,TPEX,6821,聯寶,42.9,43.3,41.9,41.95,195861.0
2026-08-29,TPEX,6823,濾能,61.5,62.5,60.0,61.6,338055.0
2026-08-29,TPEX,6829,千附精密,244.5,246.5,230.5,238.0,1193056.0
2026-08-29,TPEX,6840,東研信超,98.7,99.3,95.1,98.4,713160.0
2026-08-29,TPEX,6841,長佳智能,53.3,54.3,53.3,54.3,128824.0
2026-08-29,TPEX,6843,進典,40.3,40.3,40.3,40.3,1000.0
2026-08-29,TPEX,6844,諾貝兒,59.9,60.3,59.7,60.3,25333.0
2026-08-29,TPEX,6846,綠茵,57.4,57.6,57.4,57.6,2044.0
2026-08-29,TPEX,6855,數泓科,116.0,116.0,116.0,116.0,2050.0
2026-08-29,TPEX,6856,鑫傳,42.55,42.55,42.55,42.55,1006.0
2026-08-29,TPEX,6859,伯特光,108.0,108.5,107.5,108.0,10479.0
2026-08-29,TPEX,6865,偉康科技,25.95,26.0,25.95,26.0,8304.0
2026-08-29,TPEX,6870,騰雲,249.0,259.5,249.0,255.5,51705.0
2026-08-29,TPEX,6872,浩宇生醫,14.9,14.9,14.0,14.35,186243.0
2026-08-29,TPEX,6874,倍力,83.0,83.8,81.4,82.8,28554.0
2026-08-29,TPEX,6875,國邑*,32.0,33.0,32.0,33.0,32335.0
2026-08-29,TPEX,6877,鏵友益,116.0,117.0,113.5,116.5,39297.0
2026-08-29,TPEX,6881,潤德,,,,,120.0
2026-08-29,TPEX,6884,海柏特,30.2,30.2,30.2,30.2,6532.0
2026-08-29,TPEX,6894,衛司特,335.0,355.5,332.0,350.5,141110.0
2026-08-29,TPEX,6895,宏碩系統,147.0,155.0,145.5,149.0,102797.0
2026-08-29,TPEX,6899,創為精密,50.5,50.5,50.1,50.5,9017.0
2026-08-29,TPEX,6903,巨漢,316.0,319.5,312.0,317.0,197395.0
2026-08-29,TPEX,6904,伯鑫,125.5,125.5,125.5,125.5,1000.0
2026-08-29,TPEX,6907,雅特力-KY,186.5,191.0,184.5,186.0,1197416.0
2026-08-29,TPEX,6910,德鴻,24.4,24.4,24.4,24.4,6006.0
2026-08-29,TPEX,6913,鴻呈,162.5,164.0,152.5,159.0,1967494.0
2026-08-29,TPEX,6922,宸曜,207.5,213.5,206.5,208.5,196576.0
2026-08-29,TPEX,6925,意藍,50.3,50.9,50.1,50.9,15163.0
2026-08-29,TPEX,6929,佑全,22.5,22.5,22.5,22.5,2634.0
2026-08-29,TPEX,6945,圓祥生技,107.5,107.5,103.5,104.0,171712.0
2026-08-29,TPEX,6953,家碩,240.0,245.0,240.0,240.0,32744.0
2026-08-29,TPEX,6961,旅天下,51.0,51.0,50.7,50.8,14231.0
2026-08-29,TPEX,6967,汎瑋材料,72.9,74.0,72.6,73.5,66009.0
2026-08-29,TPEX,6968,萬達寵物,42.4,42.4,41.7,41.8,21940.0
2026-08-29,TPEX,6971,惠民實業,26.4,26.45,26.35,26.35,11165.0
2026-08-29,TPEX,6982,大井泵浦,48.1,48.15,47.5,47.9,26149.0
2026-08-29,TPEX,6983,華洋精機,338.0,353.0,338.0,353.0,122018.0
2026-08-29,TPEX,6986,和迅,41.05,41.7,40.05,41.6,76002.0
2026-08-29,TPEX,6996,力領科技,181.5,181.5,178.0,179.0,112730.0
2026-08-29,TPEX,6997,博弘,68.0,68.0,68.0,68.0,1000.0
2026-08-29,TPEX,7402,邑錡,118.0,120.0,109.0,112.5,2312222.0
2026-08-29,TPEX,7547,碩網,50.6,51.8,50.1,50.1,27200.0
2026-08-29,TPEX,7556,意德士,266.0,270.0,256.5,257.5,67777.0
2026-08-29,TPEX,7584,樂意,26.9,27.1,26.9,27.1,2362.0
2026-08-29,TPEX,7642,昶瑞機電,77.6,79.0,77.4,79.0,23568.0
2026-08-29,TPEX,7703,銳澤,182.0,182.0,179.5,182.0,21489.0
2026-08-29,TPEX,7704,明遠精密,62.4,63.2,62.0,62.6,49216.0
2026-08-29,TPEX,7708,全家餐飲,92.9,93.0,92.1,92.1,6535.0
2026-08-29,TPEX,7709,榮田,70.3,71.0,69.6,71.0,44399.0
2026-08-29,TPEX,7712,博盛半導體,158.5,170.0,156.5,160.0,863288.0
2026-08-29,TPEX,7713,威力德生醫,73.5,73.7,73.3,73.5,13135.0
2026-08-29,TPEX,7714,創泓科技,189.5,189.5,174.5,174.5,887213.0
2026-08-29,TPEX,7715,裕山,30.45,30.45,28.9,29.1,193977.0
2026-08-29,TPEX,7716,昱臺國際,,,,,0.0
2026-08-29,TPEX,7717,萊德光電-KY,446.0,460.0,429.5,440.0,250506.0
2026-08-29,TPEX,7718,友鋮,47.4,47.5,47.15,47.15,16000.0
2026-08-29,TPEX,7723,築間,19.1,19.3,19.05,19.15,25372.0
2026-08-29,TPEX,7728,光焱科技,650.0,680.0,631.0,636.0,44421.0
2026-08-29,TPEX,7734,印能科技,2895.0,3050.0,2800.0,2995.0,332108.0
2026-08-29,TPEX,7738,東聯互動,170.0,170.0,166.0,170.0,33000.0
2026-08-29,TPEX,7743,金利食安,21.0,21.5,21.0,21.0,25036.0
2026-08-29,TPEX,7744,崴寶,506.0,526.0,487.0,512.0,196597.0
2026-08-29,TPEX,7747,昕奇雲端,113.0,113.5,113.0,113.5,2123.0
2026-08-29,TPEX,7751,竑騰,1975.0,1975.0,1790.0,1790.0,750421.0
2026-08-29,TPEX,7753,星亞,37.1,37.4,37.05,37.05,19151.0
2026-08-29,TPEX,7757,金色三麥,90.0,90.0,88.6,88.7,15822.0
2026-08-29,TPEX,7767,仁大資訊,44.8,44.8,44.6,44.6,25376.0
2026-08-29,TPEX,7770,君曜,36.55,36.55,36.55,36.55,1176.0
2026-08-29,TPEX,7772,耀穎,89.0,92.0,89.0,90.0,31357.0
2026-08-29,TPEX,7777,能率亞洲,41.3,41.8,39.95,40.15,2335210.0
2026-08-29,TPEX,7782,光速火箭,27.7,27.7,26.6,26.6,34018.0
2026-08-29,TPEX,7792,安葆,301.5,306.0,297.0,303.0,305615.0
2026-08-29,TPEX,7794,宏碁智新,28.8,29.0,28.7,28.75,8000.0
2026-08-29,TPEX,7805,威聯通,515.0,516.0,511.0,514.0,28208.0
2026-08-29,TPEX,7810,捷創科技,222.0,229.0,216.5,222.0,117447.0
2026-08-29,TPEX,7811,民盛,72.5,72.5,72.5,72.5,2008.0
2026-08-29,TPEX,7814,海昌生技,29.6,30.0,29.2,29.5,47563.0
2026-08-29,TPEX,7819,精誠金融,34.9,34.9,34.35,34.5,113003.0
2026-08-29,TPEX,7820,立盈,122.0,122.0,120.0,121.0,22510.0
2026-08-29,TPEX,7828,創新服務,1635.0,1800.0,1635.0,1800.0,326018.0
2026-08-29,TPEX,7839,達人網,44.0,44.9,43.5,44.65,13000.0
2026-08-29,TPEX,7842,天能綠電,103.5,104.5,99.7,101.5,51013.0
2026-08-29,TPEX,8024,佑華,13.35,13.35,13.05,13.2,24401.0
2026-08-29,TPEX,8027,鈦昇,183.5,192.0,181.0,185.0,4670517.0
2026-08-29,TPEX,8032,光菱,36.6,36.7,35.9,36.3,50237.0
2026-08-29,TPEX,8034,榮群,19.9,20.25,19.9,20.15,155922.0
2026-08-29,TPEX,8038,長園科,32.65,32.65,31.4,31.9,179899.0
2026-08-29,TPEX,8040,九暘,71.7,73.3,71.2,72.3,472101.0
2026-08-29,TPEX,8042,金山電,109.0,114.0,105.5,109.0,8564524.0
2026-08-29,TPEX,8043,蜜望實,149.0,156.0,145.0,148.0,16692660.0
2026-08-29,TPEX,8044,網家,24.45,24.45,24.05,24.4,335158.0
2026-08-29,TPEX,8047,星雲,43.9,44.0,43.9,44.0,5000.0
2026-08-29,TPEX,8048,德勝,52.8,52.8,51.8,51.8,61400.0
2026-08-29,TPEX,8049,晶采,24.5,24.6,24.4,24.45,120938.0
2026-08-29,TPEX,8050,廣積,57.6,57.7,56.4,56.4,1157940.0
2026-08-29,TPEX,8054,安國,85.0,87.0,84.1,84.6,816545.0
2026-08-29,TPEX,8059,凱碩,14.35,14.35,13.85,13.9,203150.0
2026-08-29,TPEX,8064,東捷,105.0,107.5,101.5,103.0,2532317.0
2026-08-29,TPEX,8066,來思達,14.7,14.85,14.7,14.7,8944.0
2026-08-29,TPEX,8067,志旭,12.7,12.7,11.75,12.3,11000.0
2026-08-29,TPEX,8068,全達,17.05,17.1,16.85,17.05,83000.0
2026-08-29,TPEX,8069,元太,160.0,162.5,159.0,160.5,5202836.0
2026-08-29,TPEX,8071,能率網通,24.65,25.0,24.35,24.5,501306.0
2026-08-29,TPEX,8074,鉅橡,58.0,59.8,57.1,58.1,1400087.0
2026-08-29,TPEX,8076,伍豐,23.45,23.6,23.2,23.25,455994.0
2026-08-29,TPEX,8077,洛碁,43.05,44.15,43.05,43.2,7011.0
2026-08-29,TPEX,8080,泰霖,28.0,28.0,27.8,28.0,16162.0
2026-08-29,TPEX,8083,瑞穎,159.0,159.5,158.0,158.5,145298.0
2026-08-29,TPEX,8084,巨虹,47.0,47.3,45.0,46.0,224839.0
2026-08-29,TPEX,8085,福華,15.05,16.6,15.05,16.1,1613699.0
2026-08-29,TPEX,8086,宏捷科,119.5,120.5,117.5,117.5,3201375.0
2026-08-29,TPEX,8087,麗升能源,26.1,26.1,26.1,26.1,1200.0
2026-08-29,TPEX,8088,品安,46.4,46.85,45.7,45.75,455489.0
2026-08-29,TPEX,8089,康全電訊,18.1,18.1,17.75,17.95,106226.0
2026-08-29,TPEX,8091,翔名,221.0,223.0,218.0,220.5,206632.0
2026-08-29,TPEX,8092,建暐,13.5,13.7,13.15,13.15,45522.0
2026-08-29,TPEX,8093,保銳,27.3,27.8,27.2,27.45,58233.0
2026-08-29,TPEX,8096,擎亞,111.5,112.5,108.0,109.5,2214224.0
2026-08-29,TPEX,8097,常珵,48.6,49.35,48.6,49.05,131152.0
2026-08-29,TPEX,8099,大世科,63.1,64.2,61.5,62.2,1348357.0
2026-08-29,TPEX,8102,傑霖科技,66.5,67.5,66.5,67.5,2206.0
2026-08-29,TPEX,8107,大億金茂,12.7,12.75,12.25,12.45,79766.0
2026-08-29,TPEX,8109,博大,131.0,131.0,129.0,130.5,208427.0
2026-08-29,TPEX,8111,立碁,64.9,65.6,61.3,62.4,4528504.0
2026-08-29,TPEX,8121,越峰,28.1,29.2,28.1,28.55,578125.0
2026-08-29,TPEX,8147,正淩,126.0,126.0,123.0,124.0,123865.0
2026-08-29,TPEX,8155,博智,372.0,375.0,363.5,372.0,1330261.0
2026-08-29,TPEX,8171,天宇,20.05,20.45,20.0,20.2,162993.0
2026-08-29,TPEX,8176,智捷,9.79,9.85,9.78,9.81,27596.0
2026-08-29,TPEX,8182,加高,40.8,41.75,40.55,40.8,938762.0
2026-08-29,TPEX,8183,精星,29.4,29.85,29.4,29.65,155684.0
2026-08-29,TPEX,8227,巨有科技,161.5,163.5,158.5,161.0,464157.0
2026-08-29,TPEX,8234,新漢,68.9,69.4,67.8,68.0,441155.0
2026-08-29,TPEX,8240,華宏,45.7,45.9,44.3,44.8,392253.0
2026-08-29,TPEX,8255,朋程,152.5,158.5,151.5,152.0,747805.0
2026-08-29,TPEX,8272,全景軟體,63.5,63.5,62.0,62.0,10420.0
2026-08-29,TPEX,8277,商丞,8.15,8.15,8.03,8.14,127359.0
2026-08-29,TPEX,8279,生展,80.2,80.5,79.7,80.5,171976.0
2026-08-29,TPEX,8284,三竹,67.3,67.3,67.1,67.1,23981.0
2026-08-29,TPEX,8289,泰藝,47.4,47.9,46.2,46.35,388306.0
2026-08-29,TPEX,8291,尚茂,35.05,37.8,35.05,35.75,12449.0
2026-08-29,TPEX,8299,群聯,2170.0,2195.0,2115.0,2150.0,3302190.0
2026-08-29,TPEX,8342,益張,86.0,87.0,86.0,87.0,2156.0
2026-08-29,TPEX,8349,恒耀,39.3,39.5,38.0,39.2,111845.0
2026-08-29,TPEX,8354,冠好,17.6,17.6,17.25,17.25,55854.0
2026-08-29,TPEX,8358,金居,525.0,543.0,505.0,543.0,40976352.0
2026-08-29,TPEX,8383,千附,69.0,69.6,65.6,66.1,2258103.0
2026-08-29,TPEX,8390,金益鼎,101.0,101.0,99.7,99.8,360058.0
2026-08-29,TPEX,8401,白紗科,23.0,23.0,22.7,22.8,19712.0
2026-08-29,TPEX,8403,盛弘,19.1,19.1,18.95,19.05,66589.0
2026-08-29,TPEX,8409,商之器,18.0,18.0,17.95,18.0,9119.0
2026-08-29,TPEX,8410,森田,30.4,30.5,30.3,30.5,7148.0
2026-08-29,TPEX,8415,大國鋼,36.95,36.95,36.55,36.75,531339.0
2026-08-29,TPEX,8416,實威,168.5,168.5,168.0,168.0,2026.0
2026-08-29,TPEX,8421,旭源,13.6,13.8,13.5,13.6,78585.0
2026-08-29,TPEX,8423,保綠-KY,17.85,17.85,17.8,17.8,14392.0
2026-08-29,TPEX,8424,惠普,68.9,68.9,68.8,68.8,8003.0
2026-08-29,TPEX,8426,紅木-KY,21.1,21.1,21.05,21.05,3481.0
2026-08-29,TPEX,8431,匯鑽科,47.45,52.1,45.6,52.1,1282458.0
2026-08-29,TPEX,8432,東生華,50.9,50.9,50.2,50.8,22516.0
2026-08-29,TPEX,8433,弘帆,55.2,55.3,55.2,55.3,3025.0
2026-08-29,TPEX,8435,鉅邁,53.0,53.8,52.8,53.5,27658.0
2026-08-29,TPEX,8436,大江,126.5,126.5,125.0,125.5,834552.0
2026-08-29,TPEX,8437,大地-KY,9.2,9.34,9.1,9.34,11689.0
2026-08-29,TPEX,8440,綠電,20.6,20.6,20.45,20.55,38576.0
2026-08-29,TPEX,8444,綠河-KY,4.9,5.09,4.89,5.09,41400.0
2026-08-29,TPEX,8446,華研,85.4,85.4,85.0,85.4,28530.0
2026-08-29,TPEX,8450,霹靂,14.65,14.65,14.4,14.55,13089.0
2026-08-29,TPEX,8455,大拓-KY,,,,,8.0
2026-08-29,TPEX,8472,夠麻吉,67.1,67.1,65.7,65.7,10191.0
2026-08-29,TPEX,8477,創業家,15.0,15.45,15.0,15.45,6182.0
2026-08-29,TPEX,8489,三貝德,22.35,22.6,22.35,22.45,50895.0
2026-08-29,TPEX,8905,裕國,34.8,34.85,34.6,34.6,27200.0
2026-08-29,TPEX,8906,花王,28.1,28.35,28.1,28.35,6040.0
2026-08-29,TPEX,8908,欣雄,40.4,40.45,40.2,40.35,33379.0
2026-08-29,TPEX,8916,光隆,41.15,41.25,41.0,41.1,65232.0
2026-08-29,TPEX,8917,欣泰,,,,,0.0
2026-08-29,TPEX,8921,沈氏,17.35,17.35,17.35,17.35,1000.0
2026-08-29,TPEX,8923,時報,,,,,0.0
2026-08-29,TPEX,8924,大田,50.3,50.3,50.1,50.3,49256.0
2026-08-29,TPEX,8927,北基,20.05,20.05,19.8,19.8,65344.0
2026-08-29,TPEX,8928,鉅明,24.4,24.6,24.2,24.2,58299.0
2026-08-29,TPEX,8929,富堡,13.4,13.4,13.3,13.3,14071.0
2026-08-29,TPEX,8930,青鋼,30.15,30.25,29.7,30.25,49383.0
2026-08-29,TPEX,8931,大汽電,41.1,41.4,40.8,41.1,44416.0
2026-08-29,TPEX,8932,智通*,88.5,96.2,88.5,94.3,8124600.0
2026-08-29,TPEX,8933,愛地雅,4.63,4.68,4.55,4.68,120345.0
2026-08-29,TPEX,8935,邦泰,18.25,18.25,17.9,18.1,79320.0
2026-08-29,TPEX,8936,國統,51.3,51.3,50.7,51.1,1042413.0
2026-08-29,TPEX,8937,合騏*,27.4,28.45,26.5,28.4,269920.0
2026-08-29,TPEX,8938,明安,51.8,51.8,51.2,51.4,176367.0
2026-08-29,TPEX,8941,關中,43.5,44.0,43.1,44.0,5055.0
2026-08-29,TPEX,8942,森鉅,42.9,42.95,42.45,42.7,174486.0
2026-08-29,TPEX,9949,琉園,24.25,25.0,24.2,25.0,2730551.0
2026-08-29,TPEX,9950,萬國通,10.45,10.45,10.2,10.35,18150.0
2026-08-29,TPEX,9951,皇田,54.1,54.2,54.0,54.2,47547.0
2026-08-29,TPEX,9960,邁達康,29.1,30.25,29.1,30.25,2141.0
2026-08-29,TPEX,9962,有益,10.2,10.35,10.1,10.35,84678.0
