date,market,stock_id,name,open,high,low,close,volume
2026-08-20,TWSE,1101,台泥,24.0,24.25,23.85,24.05,16533208.0
2026-08-20,TWSE,1102,亞泥,33.5,33.85,33.15,33.8,11995199.0
2026-08-20,TWSE,1103,嘉泥,13.15,13.15,13.05,13.05,345821.0
2026-08-20,TWSE,1104,環泥,26.4,26.65,26.25,26.4,1257440.0
2026-08-20,TWSE,1108,幸福,11.7,11.8,11.7,11.7,118769.0
2026-08-20,TWSE,1109,信大,13.5,13.7,13.5,13.55,59344.0
2026-08-20,TWSE,1110,東泥,15.8,16.1,15.7,15.9,496677.0
2026-08-20,TWSE,1201,味全,12.3,12.35,12.15,12.3,387508.0
2026-08-20,TWSE,1203,味王,43.0,44.95,42.8,42.8,34017.0
2026-08-20,TWSE,1210,大成,53.0,53.2,52.5,52.8,1664951.0
2026-08-20,TWSE,1213,大飲,7.3,7.3,7.3,7.3,13000.0
2026-08-20,TWSE,1215,卜蜂,110.0,110.0,108.5,109.0,494426.0
2026-08-20,TWSE,1216,統一,76.2,77.5,75.6,77.5,16977370.0
2026-08-20,TWSE,1217,愛之味,9.94,9.97,9.91,9.93,305229.0
2026-08-20,TWSE,1218,泰山,14.15,14.4,14.15,14.25,953102.0
2026-08-20,TWSE,1219,福壽,11.2,11.2,10.95,11.0,385555.0
2026-08-20,TWSE,1220,台榮,10.9,10.95,10.85,10.9,103173.0
2026-08-20,TWSE,1225,福懋油,24.3,24.3,23.95,24.0,56101.0
2026-08-20,TWSE,1227,佳格,29.0,29.1,28.75,28.9,614094.0
2026-08-20,TWSE,1229,聯華,40.8,41.65,40.6,41.45,2288287.0
2026-08-20,TWSE,1231,聯華食,81.5,84.3,81.2,83.9,615813.0
2026-08-20,TWSE,1232,大統益,153.5,156.5,153.5,155.0,183048.0
2026-08-20,TWSE,1233,天仁,27.9,27.9,27.55,27.55,23143.0
2026-08-20,TWSE,1234,黑松,33.35,33.4,33.25,33.25,81264.0
2026-08-20,TWSE,1235,興泰,35.6,36.25,35.1,35.1,30010.0
2026-08-20,TWSE,1236,宏亞,24.95,25.4,24.95,25.35,53431.0
2026-08-20,TWSE,1256,鮮活果汁-KY,176.0,177.0,174.0,176.0,33704.0
2026-08-20,TWSE,1301,台塑,58.3,58.4,56.8,56.8,23728422.0
2026-08-20,TWSE,1303,南亞,193.0,197.0,186.0,187.5,72639511.0
2026-08-20,TWSE,1304,台聚,11.8,11.95,11.8,11.8,1673976.0
2026-08-20,TWSE,1305,華夏,12.0,12.0,11.7,11.75,1056589.0
2026-08-20,TWSE,1307,三芳,30.3,30.55,30.25,30.3,399204.0
2026-08-20,TWSE,1308,亞聚,13.5,13.5,13.3,13.35,949407.0
2026-08-20,TWSE,1309,台達化,13.0,13.05,12.7,12.7,1350054.0
2026-08-20,TWSE,1310,台苯,8.2,8.21,8.06,8.1,2899666.0
2026-08-20,TWSE,1312,國喬,11.8,11.9,11.7,11.75,4131369.0
2026-08-20,TWSE,1313,聯成,11.7,11.7,11.4,11.4,1963376.0
2026-08-20,TWSE,1314,中石化,7.86,7.9,7.79,7.8,11838395.0
2026-08-20,TWSE,1315,達新,65.1,66.0,65.1,65.7,32072.0
2026-08-20,TWSE,1316,上曜,10.3,10.6,10.25,10.6,1386924.0
2026-08-20,TWSE,1319,東陽,81.4,82.2,81.2,81.7,2429556.0
2026-08-20,TWSE,1321,大洋,31.65,31.8,31.6,31.8,56246.0
2026-08-20,TWSE,1323,永裕,21.2,21.4,21.1,21.4,23393.0
2026-08-20,TWSE,1324,地球,9.97,10.05,9.97,9.99,10221.0
2026-08-20,TWSE,1325,恆大,25.95,26.3,25.9,26.15,147665.0
2026-08-20,TWSE,1326,台化,59.1,59.3,56.6,56.7,26991898.0
2026-08-20,TWSE,1337,再生-KY,4.61,4.61,4.53,4.58,177665.0
2026-08-20,TWSE,1338,廣華-KY,14.4,14.75,14.4,14.7,94134.0
2026-08-20,TWSE,1339,昭輝,44.8,45.6,44.8,45.45,84305.0
2026-08-20,TWSE,1340,勝悅-KY,5.07,5.19,5.01,5.15,212414.0
2026-08-20,TWSE,1341,富林-KY,59.8,60.0,58.4,58.4,14002.0
2026-08-20,TWSE,1342,八貫,101.0,103.0,100.5,102.0,149505.0
2026-08-20,TWSE,1402,遠東新,27.7,28.05,27.3,28.0,13261815.0
2026-08-20,TWSE,1409,新纖,24.0,24.45,24.0,24.1,6200089.0
2026-08-20,TWSE,1410,南染,25.55,26.6,25.5,25.65,89213.0
2026-08-20,TWSE,1413,宏洲,9.32,9.41,9.22,9.24,23000.0
2026-08-20,TWSE,1414,東和,20.5,20.9,20.0,20.0,486628.0
2026-08-20,TWSE,1416,廣豐,11.7,11.9,11.5,11.75,696281.0
2026-08-20,TWSE,1417,嘉裕,8.27,8.27,8.16,8.18,135301.0
2026-08-20,TWSE,1418,東華,17.8,17.9,17.65,17.75,9078.0
2026-08-20,TWSE,1419,新紡,63.4,64.0,63.1,63.4,65831.0
2026-08-20,TWSE,1423,利華,34.4,35.5,34.4,34.8,11344.0
2026-08-20,TWSE,1432,大魯閣,15.1,15.1,15.0,15.0,102190.0
2026-08-20,TWSE,1434,福懋,17.55,17.6,17.35,17.5,1152963.0
2026-08-20,TWSE,1435,中福,23.45,24.35,23.15,24.35,9158.0
2026-08-20,TWSE,1436,華友聯,37.55,38.0,37.5,38.0,834288.0
2026-08-20,TWSE,1437,勤益控,30.9,32.2,30.9,32.2,504680.0
2026-08-20,TWSE,1438,三地開發,22.5,22.5,22.05,22.45,24087.0
2026-08-20,TWSE,1439,雋揚,28.2,29.5,28.2,29.3,41168.0
2026-08-20,TWSE,1440,南紡,13.3,13.4,13.1,13.35,1547550.0
2026-08-20,TWSE,1441,大東,8.85,8.86,8.8,8.8,12252.0
2026-08-20,TWSE,1442,名軒,29.45,29.9,29.4,29.9,191451.0
2026-08-20,TWSE,1443,立益物流,24.45,24.95,23.75,24.15,17748.0
2026-08-20,TWSE,1444,力麗,7.3,7.34,7.1,7.14,1489439.0
2026-08-20,TWSE,1445,大宇,10.1,10.15,10.1,10.15,82206.0
2026-08-20,TWSE,1446,宏和,13.75,13.75,13.55,13.6,88327.0
2026-08-20,TWSE,1447,力鵬,6.89,6.9,6.78,6.79,974884.0
2026-08-20,TWSE,1449,佳和,12.2,12.2,12.0,12.05,194316.0
2026-08-20,TWSE,1451,年興,17.25,17.35,17.2,17.25,69556.0
2026-08-20,TWSE,1452,宏益,11.4,11.45,11.3,11.3,84296.0
2026-08-20,TWSE,1453,大將,11.05,11.3,11.05,11.15,47593.0
2026-08-20,TWSE,1454,台富,12.3,12.45,12.05,12.3,111870.0
2026-08-20,TWSE,1455,集盛,10.0,10.1,9.88,9.99,1287387.0
2026-08-20,TWSE,1456,怡華,13.55,14.2,13.5,13.5,55833.0
2026-08-20,TWSE,1457,宜進,14.25,14.4,14.2,14.35,92150.0
2026-08-20,TWSE,1459,聯發,13.55,14.05,13.55,14.0,102870.0
2026-08-20,TWSE,1460,宏遠,6.57,6.58,6.51,6.52,171560.0
2026-08-20,TWSE,1463,強盛新,17.7,17.7,17.45,17.45,66096.0
2026-08-20,TWSE,1464,得力,10.1,10.15,10.05,10.1,262319.0
2026-08-20,TWSE,1465,偉全,11.95,12.05,11.9,12.05,132101.0
2026-08-20,TWSE,1466,聚隆,16.15,16.4,16.1,16.35,211084.0
2026-08-20,TWSE,1467,南緯,8.2,8.66,8.2,8.31,370920.0
2026-08-20,TWSE,1468,昶和,13.05,13.1,12.65,13.05,57000.0
2026-08-20,TWSE,1470,大統新創,23.1,23.75,22.4,23.75,19918.0
2026-08-20,TWSE,1471,首利,9.65,9.65,9.32,9.41,160621.0
2026-08-20,TWSE,1472,三洋實業,88.5,88.5,87.4,87.4,29203.0
2026-08-20,TWSE,1473,台南,19.65,19.8,19.65,19.7,56650.0
2026-08-20,TWSE,1474,弘裕,9.93,9.99,9.88,9.99,56669.0
2026-08-20,TWSE,1475,業旺,25.4,25.85,25.2,25.55,28035.0
2026-08-20,TWSE,1476,儒鴻,308.0,313.5,300.5,311.5,2144007.0
2026-08-20,TWSE,1477,聚陽,194.0,195.0,191.0,192.5,4283583.0
2026-08-20,TWSE,1503,士電,197.0,199.5,195.0,197.0,800171.0
2026-08-20,TWSE,1504,東元,70.8,73.2,70.2,71.8,11122545.0
2026-08-20,TWSE,1506,正道,10.15,10.4,10.1,10.1,219806.0
2026-08-20,TWSE,1512,瑞利,6.55,6.58,6.54,6.54,83291.0
2026-08-20,TWSE,1513,中興電,164.5,166.0,163.0,164.0,2253967.0
2026-08-20,TWSE,1514,亞力,99.0,100.5,98.2,99.5,829121.0
2026-08-20,TWSE,1515,力山,31.85,32.5,31.0,31.4,1886616.0
2026-08-20,TWSE,1516,川飛,14.7,14.7,14.7,14.7,1489.0
2026-08-20,TWSE,1517,利奇,11.25,11.6,11.2,11.5,357080.0
2026-08-20,TWSE,1519,華城,709.0,719.0,701.0,718.0,954237.0
2026-08-20,TWSE,1521,大億,25.3,25.6,25.1,25.4,10101.0
2026-08-20,TWSE,1522,堤維西,27.75,27.85,27.5,27.65,234625.0
2026-08-20,TWSE,1524,耿鼎,26.75,27.15,26.75,27.0,195041.0
2026-08-20,TWSE,1525,江申,67.4,67.8,65.5,67.0,44036.0
2026-08-20,TWSE,1526,日馳,16.35,17.1,16.3,17.0,413612.0
2026-08-20,TWSE,1527,鑽全,33.1,33.1,32.6,32.7,115758.0
2026-08-20,TWSE,1528,恩德,18.65,19.0,18.45,18.55,668804.0
2026-08-20,TWSE,1529,樂事綠能,16.7,16.8,16.5,16.8,269966.0
2026-08-20,TWSE,1530,亞崴,28.7,29.05,28.65,28.75,29218.0
2026-08-20,TWSE,1531,高林股,12.9,13.0,12.9,13.0,111633.0
2026-08-20,TWSE,1532,勤美,22.5,22.6,22.2,22.5,297470.0
2026-08-20,TWSE,1533,車王電,31.1,31.2,30.9,31.1,88632.0
2026-08-20,TWSE,1535,中宇,46.0,46.55,45.6,45.75,60710.0
2026-08-20,TWSE,1536,和大,50.0,51.1,49.5,50.2,883888.0
2026-08-20,TWSE,1537,廣隆,120.5,121.5,120.0,121.0,410803.0
2026-08-20,TWSE,1538,正峰,0.0,0.0,0.0,0.0,1.0
2026-08-20,TWSE,1539,巨庭,15.6,15.8,15.6,15.7,28180.0
2026-08-20,TWSE,1540,喬福,18.9,19.1,18.85,19.0,120219.0
2026-08-20,TWSE,1541,錩泰,21.6,22.05,21.5,21.6,17130.0
2026-08-20,TWSE,1558,伸興,98.5,100.5,98.4,99.7,190919.0
2026-08-20,TWSE,1560,中砂,696.0,719.0,696.0,707.0,1284823.0
2026-08-20,TWSE,1563,巧新,61.3,62.1,60.5,61.0,731400.0
2026-08-20,TWSE,1568,倉佑,29.05,29.15,28.6,28.6,281356.0
2026-08-20,TWSE,1582,信錦,72.3,73.4,71.3,72.9,311803.0
2026-08-20,TWSE,1583,程泰,48.4,49.2,48.4,48.75,15073.0
2026-08-20,TWSE,1587,吉茂,23.65,24.1,23.65,23.85,96973.0
2026-08-20,TWSE,1590,亞德客-KY,1435.0,1460.0,1425.0,1455.0,555093.0
2026-08-20,TWSE,1597,直得,137.0,146.0,134.5,135.0,1381424.0
2026-08-20,TWSE,1598,岱宇,19.5,20.15,19.5,19.65,182277.0
2026-08-20,TWSE,1603,華電,30.2,30.55,30.05,30.45,85386.0
2026-08-20,TWSE,1604,聲寶,23.05,23.2,23.0,23.1,111741.0
2026-08-20,TWSE,1605,華新,36.65,36.95,36.0,36.8,19252526.0
2026-08-20,TWSE,1608,華榮,34.95,35.55,34.5,35.3,2810934.0
2026-08-20,TWSE,1609,大亞,36.65,37.2,36.3,36.8,1819093.0
2026-08-20,TWSE,1611,中電,12.05,12.05,11.95,11.95,355314.0
2026-08-20,TWSE,1612,宏泰,34.4,34.7,34.15,34.45,409229.0
2026-08-20,TWSE,1614,三洋電,30.65,30.7,30.45,30.55,63367.0
2026-08-20,TWSE,1615,大山,43.55,44.35,43.55,44.0,127089.0
2026-08-20,TWSE,1616,億泰,18.75,19.5,18.7,19.05,255643.0
2026-08-20,TWSE,1617,榮星,17.5,17.75,17.35,17.35,351131.0
2026-08-20,TWSE,1618,合機,38.1,38.9,38.1,38.5,367374.0
2026-08-20,TWSE,1623,大東電,205.0,205.0,203.0,203.0,78176.0
2026-08-20,TWSE,1626,艾美特-KY,9.65,9.65,9.51,9.51,57918.0
2026-08-20,TWSE,1702,南僑,32.45,32.45,32.0,32.2,201173.0
2026-08-20,TWSE,1707,葡萄王,89.0,90.2,88.5,90.2,408841.0
2026-08-20,TWSE,1708,東鹼,49.5,50.1,48.85,49.8,2136739.0
2026-08-20,TWSE,1709,和益,32.0,33.85,31.85,32.55,6445461.0
2026-08-20,TWSE,1710,東聯,14.95,15.1,14.75,14.9,3436376.0
2026-08-20,TWSE,1711,永光,37.95,38.95,37.7,37.95,2854190.0
2026-08-20,TWSE,1712,興農,39.3,39.45,39.05,39.4,1130892.0
2026-08-20,TWSE,1713,國化,43.95,45.05,43.9,44.15,159312.0
2026-08-20,TWSE,1714,和桐,16.65,16.95,16.55,16.75,7761869.0
2026-08-20,TWSE,1717,長興,69.0,72.8,68.8,69.6,8960905.0
2026-08-20,TWSE,1718,中纖,10.3,10.6,10.3,10.45,14668031.0
2026-08-20,TWSE,1720,生達,56.1,56.3,55.7,56.0,173910.0
2026-08-20,TWSE,1721,三晃,19.0,19.75,19.0,19.25,588840.0
2026-08-20,TWSE,1722,台肥,45.65,45.85,45.35,45.75,1981474.0
2026-08-20,TWSE,1723,中碳,85.7,86.4,85.4,86.3,220611.0
2026-08-20,TWSE,1725,元禎,30.55,30.55,30.1,30.35,26000.0
2026-08-20,TWSE,1726,永記,77.1,77.4,76.8,76.8,47708.0
2026-08-20,TWSE,1727,中華化,88.0,95.8,87.5,92.7,18357729.0
2026-08-20,TWSE,1730,花仙子,51.8,51.8,51.3,51.4,42145.0
2026-08-20,TWSE,1731,美吾華,20.65,20.75,20.6,20.7,53649.0
2026-08-20,TWSE,1732,毛寶,26.1,26.3,26.05,26.05,88444.0
2026-08-20,TWSE,1733,五鼎,31.3,31.3,31.0,31.15,76890.0
2026-08-20,TWSE,1734,杏輝,31.75,32.0,31.55,32.0,353090.0
2026-08-20,TWSE,1735,日勝化,20.0,20.4,20.0,20.0,51716.0
2026-08-20,TWSE,1736,喬山,127.5,131.5,126.5,129.0,292464.0
2026-08-20,TWSE,1737,臺鹽,32.05,32.25,32.05,32.1,152248.0
2026-08-20,TWSE,1752,南光,31.6,31.95,31.5,31.75,25129.0
2026-08-20,TWSE,1760,寶齡富錦,58.1,58.5,58.0,58.1,103759.0
2026-08-20,TWSE,1762,中化生,34.2,34.7,34.2,34.5,56207.0
2026-08-20,TWSE,1773,勝一,154.0,155.5,152.5,153.5,167613.0
2026-08-20,TWSE,1776,展宇,16.85,17.15,16.8,17.0,65450.0
2026-08-20,TWSE,1783,和康生,40.05,41.0,40.05,40.9,117387.0
2026-08-20,TWSE,1786,科妍,49.4,50.2,49.4,49.55,164331.0
2026-08-20,TWSE,1789,神隆,18.8,19.0,18.55,18.95,387757.0
2026-08-20,TWSE,1795,美時,184.5,188.0,182.0,186.5,838054.0
2026-08-20,TWSE,1802,台玻,55.0,57.3,54.2,57.1,26388050.0
2026-08-20,TWSE,1805,寶徠,9.97,10.2,9.97,10.15,84448.0
2026-08-20,TWSE,1806,冠軍,8.02,8.08,7.99,8.0,228488.0
2026-08-20,TWSE,1808,潤隆,32.6,33.55,32.6,33.3,2331317.0
2026-08-20,TWSE,1809,中釉,37.2,38.55,37.0,37.6,1041720.0
2026-08-20,TWSE,1810,和成,26.7,27.3,25.7,26.1,7308284.0
2026-08-20,TWSE,1817,凱撒衛,39.8,40.0,39.55,40.0,49249.0
2026-08-20,TWSE,1903,士紙,47.65,47.8,47.3,47.3,147630.0
2026-08-20,TWSE,1904,正隆,24.55,25.3,24.3,24.75,2993300.0
2026-08-20,TWSE,1905,華紙,13.15,13.3,13.0,13.2,2148500.0
2026-08-20,TWSE,1906,寶隆,11.25,11.5,11.25,11.35,37142.0
2026-08-20,TWSE,1907,永豐餘,28.9,30.05,28.9,29.95,1366614.0
2026-08-20,TWSE,1909,榮成,10.85,11.4,10.85,11.2,6530658.0
2026-08-20,TWSE,2002,中鋼,18.95,19.0,18.75,18.95,31131264.0
2026-08-20,TWSE,2006,東和鋼鐵,80.3,82.3,79.6,81.3,1400677.0
2026-08-20,TWSE,2007,燁興,6.98,7.02,6.93,6.94,183474.0
2026-08-20,TWSE,2008,高興昌,30.55,31.0,30.5,30.5,19000.0
2026-08-20,TWSE,2009,第一銅,38.25,39.3,38.05,38.9,990729.0
2026-08-20,TWSE,2010,春源,22.7,22.85,22.45,22.65,732234.0
2026-08-20,TWSE,2012,春雨,14.85,15.0,14.85,14.85,39122.0
2026-08-20,TWSE,2013,中鋼構,40.9,41.3,40.75,41.1,65060.0
2026-08-20,TWSE,2014,中鴻,16.85,17.05,16.75,16.9,2009909.0
2026-08-20,TWSE,2015,豐興,63.3,64.1,62.8,63.7,375553.0
2026-08-20,TWSE,2017,官田鋼,8.83,9.12,8.83,9.03,367990.0
2026-08-20,TWSE,2020,美亞,21.3,21.65,21.2,21.6,225277.0
2026-08-20,TWSE,2022,聚亨,7.68,7.69,7.61,7.63,514482.0
2026-08-20,TWSE,2023,燁輝,13.8,13.9,13.7,13.85,648962.0
2026-08-20,TWSE,2024,志聯,13.25,13.35,13.2,13.2,8020.0
2026-08-20,TWSE,2025,千興,12.5,12.65,12.3,12.55,418642.0
2026-08-20,TWSE,2027,大成鋼,48.75,50.5,48.2,50.0,18075115.0
2026-08-20,TWSE,2028,威致,15.55,15.7,15.4,15.55,62305.0
2026-08-20,TWSE,2029,盛餘,21.8,21.95,21.45,21.8,452097.0
2026-08-20,TWSE,2030,彰源,20.65,21.5,20.55,21.5,3136619.0
2026-08-20,TWSE,2031,新光鋼,44.55,46.0,43.75,45.75,2034751.0
2026-08-20,TWSE,2032,新鋼,16.4,16.85,16.4,16.8,308105.0
2026-08-20,TWSE,2033,佳大,21.9,24.15,21.85,22.5,1391594.0
2026-08-20,TWSE,2034,允強,19.65,19.9,19.6,19.75,766552.0
2026-08-20,TWSE,2038,海光,12.5,12.65,12.45,12.5,109956.0
2026-08-20,TWSE,2049,上銀,360.0,378.0,350.0,367.0,6809824.0
2026-08-20,TWSE,2059,川湖,13895.0,14500.0,13895.0,14095.0,526139.0
2026-08-20,TWSE,2062,橋椿,18.65,18.95,18.6,18.8,168728.0
2026-08-20,TWSE,2069,運錩,19.85,20.05,19.7,19.85,303615.0
2026-08-20,TWSE,2072,世紀風電,151.5,151.5,149.5,149.5,372725.0
2026-08-20,TWSE,2101,南港,31.9,32.55,31.75,32.3,1681430.0
2026-08-20,TWSE,2102,泰豐,18.5,18.7,18.45,18.55,86779.0
2026-08-20,TWSE,2103,台橡,27.5,27.75,26.8,27.25,8185141.0
2026-08-20,TWSE,2104,國際中橡,10.35,10.35,10.2,10.3,1765408.0
2026-08-20,TWSE,2105,正新,30.9,31.2,30.6,31.05,5213792.0
2026-08-20,TWSE,2106,建大,17.35,17.6,17.15,17.4,1785637.0
2026-08-20,TWSE,2107,厚生,25.9,26.05,25.75,25.95,308535.0
2026-08-20,TWSE,2108,南帝,29.45,29.75,29.05,29.1,695717.0
2026-08-20,TWSE,2109,華豐,14.55,14.7,14.55,14.55,57614.0
2026-08-20,TWSE,2114,鑫永銓,88.0,88.4,87.9,88.0,31050.0
2026-08-20,TWSE,2115,六暉-KY,22.85,23.15,22.85,23.05,69584.0
2026-08-20,TWSE,2201,裕隆,28.1,28.9,28.0,28.8,2151693.0
2026-08-20,TWSE,2204,中華,52.4,53.3,52.1,53.0,1608036.0
2026-08-20,TWSE,2206,三陽工業,62.3,62.9,61.5,62.8,541805.0
2026-08-20,TWSE,2207,和泰車,512.0,512.0,505.0,506.0,336962.0
2026-08-20,TWSE,2208,台船,19.4,19.45,19.0,19.05,3059574.0
2026-08-20,TWSE,2211,長榮鋼,81.1,82.6,80.5,82.2,785780.0
2026-08-20,TWSE,2227,裕日車,48.4,48.9,48.35,48.35,39366.0
2026-08-20,TWSE,2228,劍麟,76.4,77.1,76.1,76.7,111735.0
2026-08-20,TWSE,2231,為升,95.0,99.8,93.7,96.0,417836.0
2026-08-20,TWSE,2233,宇隆,189.0,195.0,185.5,188.5,730128.0
2026-08-20,TWSE,2236,百達-KY,120.0,127.0,120.0,126.0,212699.0
2026-08-20,TWSE,2237,華德動能-創,27.0,27.05,26.6,26.9,138364.0
2026-08-20,TWSE,2239,英利-KY,19.0,19.4,19.0,19.4,30790.0
2026-08-20,TWSE,2241,艾姆勒,31.7,35.05,31.4,34.55,1352458.0
2026-08-20,TWSE,2243,宏旭-KY,39.75,41.5,39.5,40.0,169175.0
2026-08-20,TWSE,2247,汎德永業,219.5,224.0,218.0,222.0,58522.0
2026-08-20,TWSE,2248,華勝-KY,60.0,63.9,60.0,62.9,186487.0
2026-08-20,TWSE,2250,IKKA-KY,60.2,61.6,60.1,60.1,73004.0
2026-08-20,TWSE,2254,巨鎧精密-創,59.1,59.1,58.2,58.7,5000.0
2026-08-20,TWSE,2258,鴻華先進-創,31.25,31.6,30.95,31.05,369081.0
2026-08-20,TWSE,2301,光寶科,268.0,282.0,265.0,273.5,35191145.0
2026-08-20,TWSE,2302,麗正,46.0,47.85,44.25,44.7,15905677.0
2026-08-20,TWSE,2303,聯電,115.0,117.0,113.5,115.5,110337394.0
2026-08-20,TWSE,2305,全友,27.0,27.6,26.6,26.8,2776985.0
2026-08-20,TWSE,2308,台達電,1745.0,1800.0,1740.0,1765.0,12608652.0
2026-08-20,TWSE,2312,金寶,31.15,32.7,31.05,32.25,10119409.0
2026-08-20,TWSE,2313,華通,206.0,210.0,204.0,207.5,13397617.0
2026-08-20,TWSE,2314,台揚,11.0,11.05,10.9,11.05,104455.0
2026-08-20,TWSE,2316,楠梓電,153.0,163.0,153.0,155.5,3257021.0
2026-08-20,TWSE,2317,鴻海,245.0,247.0,242.5,245.0,36592747.0
2026-08-20,TWSE,2321,東訊,0.0,0.0,0.0,0.0,254.0
2026-08-20,TWSE,2323,中環,11.0,11.0,10.7,10.85,6820077.0
2026-08-20,TWSE,2324,仁寶,39.0,39.5,38.05,39.3,92963808.0
2026-08-20,TWSE,2327,國巨*,547.0,590.0,547.0,576.0,56295383.0
2026-08-20,TWSE,2328,廣宇,43.5,47.0,43.45,46.0,7207652.0
2026-08-20,TWSE,2329,華泰,42.0,43.3,41.8,42.7,2014513.0
2026-08-20,TWSE,2330,台積電,2340.0,2355.0,2335.0,2350.0,23618612.0
2026-08-20,TWSE,2331,精英,19.7,19.85,19.35,19.5,2802045.0
2026-08-20,TWSE,2332,友訊,20.55,21.25,20.5,20.7,12717604.0
2026-08-20,TWSE,2337,旺宏,117.0,120.5,115.0,119.0,50155092.0
2026-08-20,TWSE,2338,光罩,37.1,38.7,37.0,37.8,873032.0
2026-08-20,TWSE,2340,台亞,29.6,30.7,29.25,29.9,2026848.0
2026-08-20,TWSE,2342,茂矽,40.0,42.75,38.8,38.8,5716098.0
2026-08-20,TWSE,2344,華邦電,167.0,169.5,165.0,168.0,113062347.0
2026-08-20,TWSE,2345,智邦,2060.0,2145.0,2060.0,2125.0,4040971.0
2026-08-20,TWSE,2347,聯強,86.1,86.6,85.1,86.3,2827204.0
2026-08-20,TWSE,2348,海悅,69.0,70.4,68.9,70.0,278036.0
2026-08-20,TWSE,2349,錸德,11.2,11.2,10.95,11.0,1869318.0
2026-08-20,TWSE,2351,順德,172.0,191.0,170.5,185.0,7890194.0
2026-08-20,TWSE,2352,佳世達,28.05,30.15,27.95,28.75,5685629.0
2026-08-20,TWSE,2353,宏碁,30.1,31.0,30.05,30.9,12354545.0
2026-08-20,TWSE,2354,鴻準,59.5,61.5,58.8,60.8,7265810.0
2026-08-20,TWSE,2355,敬鵬,40.55,42.3,40.25,41.7,2578905.0
2026-08-20,TWSE,2356,英業達,63.6,65.3,63.3,65.2,15165045.0
2026-08-20,TWSE,2357,華碩,896.0,925.0,891.0,925.0,2985654.0
2026-08-20,TWSE,2359,所羅門,175.0,180.5,160.0,161.0,25062383.0
2026-08-20,TWSE,2360,致茂,2190.0,2235.0,2085.0,2120.0,3423570.0
2026-08-20,TWSE,2362,藍天,46.75,47.6,46.35,47.15,842228.0
2026-08-20,TWSE,2363,矽統,50.0,51.4,49.85,50.8,2060933.0
2026-08-20,TWSE,2364,倫飛,83.1,83.4,81.3,82.6,544443.0
2026-08-20,TWSE,2365,昆盈,29.0,30.45,29.0,30.05,916286.0
2026-08-20,TWSE,2367,燿華,41.95,42.95,41.4,42.0,4079271.0
2026-08-20,TWSE,2368,金像電,1035.0,1095.0,1020.0,1040.0,10290635.0
2026-08-20,TWSE,2369,菱生,30.1,31.35,29.8,30.6,4137296.0
2026-08-20,TWSE,2371,大同,26.95,27.25,26.45,27.0,13666275.0
2026-08-20,TWSE,2373,震旦行,53.2,53.2,53.0,53.0,44556.0
2026-08-20,TWSE,2374,佳能,66.3,68.4,66.3,66.9,1850802.0
2026-08-20,TWSE,2375,凱美,117.0,132.0,117.0,127.0,8542415.0
2026-08-20,TWSE,2376,技嘉,343.0,352.5,339.0,348.5,6754187.0
2026-08-20,TWSE,2377,微星,145.0,148.0,144.5,146.5,12788664.0
2026-08-20,TWSE,2379,瑞昱,696.0,746.0,692.0,738.0,3984481.0
2026-08-20,TWSE,2380,虹光,20.2,20.4,19.0,20.25,158973.0
2026-08-20,TWSE,2382,廣達,321.5,333.5,317.5,331.0,16525261.0
2026-08-20,TWSE,2383,台光電,5855.0,6130.0,5810.0,5880.0,3119237.0
2026-08-20,TWSE,2385,群光,104.0,107.0,103.5,106.0,2195357.0
2026-08-20,TWSE,2387,精元,35.85,35.9,35.5,35.8,223651.0
2026-08-20,TWSE,2388,威盛,71.5,73.6,71.0,72.0,4145321.0
2026-08-20,TWSE,2390,云辰,10.2,10.2,10.1,10.1,336480.0
2026-08-20,TWSE,2392,正崴,39.7,41.65,39.05,41.05,3782138.0
2026-08-20,TWSE,2393,億光,63.5,64.9,63.2,64.6,2125209.0
2026-08-20,TWSE,2395,研華,674.0,704.0,667.0,694.0,4739840.0
2026-08-20,TWSE,2397,友通,63.2,65.5,62.8,64.9,367239.0
2026-08-20,TWSE,2399,映泰,43.95,45.95,43.9,45.1,2875032.0
2026-08-20,TWSE,2401,凌陽,24.9,26.05,24.75,25.7,4083460.0
2026-08-20,TWSE,2402,毅嘉,51.6,52.8,51.1,52.2,1203708.0
2026-08-20,TWSE,2404,漢唐,1090.0,1115.0,1075.0,1095.0,1111902.0
2026-08-20,TWSE,2405,輔信,15.35,15.6,15.3,15.4,622595.0
2026-08-20,TWSE,2406,國碩,28.2,28.65,28.0,28.55,2916471.0
2026-08-20,TWSE,2408,南亞科,489.0,494.5,480.0,481.0,69157927.0
2026-08-20,TWSE,2409,友達,25.7,26.75,25.25,26.15,134445281.0
2026-08-20,TWSE,2412,中華電,136.5,137.0,136.0,136.0,7120614.0
2026-08-20,TWSE,2413,環科,43.0,44.95,42.65,43.9,622702.0
2026-08-20,TWSE,2414,精技,52.4,52.4,51.7,51.9,269736.0
2026-08-20,TWSE,2415,錩新,29.15,29.75,29.0,29.1,65261.0
2026-08-20,TWSE,2417,圓剛,42.5,46.4,42.5,45.65,2728888.0
2026-08-20,TWSE,2419,仲琦,24.1,24.55,23.75,24.0,368018.0
2026-08-20,TWSE,2420,新巨,56.8,57.5,56.6,57.2,697876.0
2026-08-20,TWSE,2421,建準,143.0,147.5,142.0,145.0,1663081.0
2026-08-20,TWSE,2423,固緯,73.6,76.5,73.5,73.6,208166.0
2026-08-20,TWSE,2424,隴華,8.73,8.73,8.2,8.21,24000.0
2026-08-20,TWSE,2425,承啟,38.3,40.0,38.3,39.0,2335355.0
2026-08-20,TWSE,2426,鼎元,65.5,68.8,65.2,68.0,10941512.0
2026-08-20,TWSE,2427,三商電,22.0,22.2,21.8,21.95,289787.0
2026-08-20,TWSE,2428,興勤,248.0,262.5,247.0,256.5,1967772.0
2026-08-20,TWSE,2429,銘旺科,32.4,33.85,32.35,33.0,284939.0
2026-08-20,TWSE,2430,燦坤,17.15,17.2,17.05,17.05,36525.0
2026-08-20,TWSE,2431,聯昌,10.2,10.3,10.1,10.15,169074.0
2026-08-20,TWSE,2432,倚天酷碁-創,27.4,27.75,27.35,27.35,10000.0
2026-08-20,TWSE,2433,互盛電,41.75,41.8,41.7,41.7,15072.0
2026-08-20,TWSE,2434,統懋,48.45,51.3,48.45,50.3,284747.0
2026-08-20,TWSE,2436,偉詮電,63.7,66.4,63.2,65.1,3547106.0
2026-08-20,TWSE,2438,翔耀,18.5,18.65,18.0,18.05,26077.0
2026-08-20,TWSE,2439,美律,78.8,79.4,78.3,79.1,1010966.0
2026-08-20,TWSE,2440,太空梭,13.55,14.0,13.5,13.7,253002.0
2026-08-20,TWSE,2441,超豐,112.0,115.0,110.5,113.5,2889835.0
2026-08-20,TWSE,2442,新美齊,19.2,19.5,19.2,19.35,970421.0
2026-08-20,TWSE,2444,兆勁,10.95,11.15,10.85,11.0,107015.0
2026-08-20,TWSE,2449,京元電子,226.5,237.5,225.0,235.0,15479247.0
2026-08-20,TWSE,2450,神腦,28.15,28.2,28.0,28.05,174612.0
2026-08-20,TWSE,2451,創見,275.5,281.5,273.0,281.0,2771873.0
2026-08-20,TWSE,2453,凌群,51.5,51.8,51.3,51.4,142884.0
2026-08-20,TWSE,2454,聯發科,3750.0,3910.0,3750.0,3845.0,7036521.0
2026-08-20,TWSE,2455,全新,385.5,415.0,385.0,396.5,15313042.0
2026-08-20,TWSE,2457,飛宏,22.8,23.2,22.45,22.9,1096113.0
2026-08-20,TWSE,2458,義隆,139.0,146.0,138.5,145.5,3186377.0
2026-08-20,TWSE,2459,敦吉,66.3,67.7,66.3,67.0,167861.0
2026-08-20,TWSE,2460,建通,28.0,28.8,27.95,28.4,284206.0
2026-08-20,TWSE,2461,光群雷,17.95,18.1,17.8,17.95,841642.0
2026-08-20,TWSE,2462,良得電,19.15,19.45,19.15,19.4,126790.0
2026-08-20,TWSE,2464,盟立,172.0,190.0,172.0,181.5,16897448.0
2026-08-20,TWSE,2465,麗臺,85.0,90.5,84.4,85.9,3986951.0
2026-08-20,TWSE,2466,冠西電,94.2,102.5,94.2,99.0,2599622.0
2026-08-20,TWSE,2467,志聖,552.0,566.0,538.0,547.0,1357774.0
2026-08-20,TWSE,2468,華經,34.7,35.25,34.6,34.6,172930.0
2026-08-20,TWSE,2471,資通,48.55,49.0,48.35,48.8,99137.0
2026-08-20,TWSE,2472,立隆電,218.5,238.5,218.5,234.0,2844558.0
2026-08-20,TWSE,2474,可成,202.0,204.5,200.5,204.0,2608302.0
2026-08-20,TWSE,2476,鉅祥,117.5,121.0,117.0,119.0,2081413.0
2026-08-20,TWSE,2477,美隆電,20.75,21.0,20.65,20.85,67522.0
2026-08-20,TWSE,2478,大毅,118.5,134.5,118.0,134.5,11550700.0
2026-08-20,TWSE,2480,敦陽科,156.5,158.5,156.5,158.5,106323.0
2026-08-20,TWSE,2481,強茂,135.5,148.0,135.0,136.5,45689068.0
2026-08-20,TWSE,2482,連宇,15.75,15.8,15.55,15.6,157805.0
2026-08-20,TWSE,2483,百容,37.0,38.25,36.2,36.2,1337530.0
2026-08-20,TWSE,2484,希華,69.0,74.5,68.6,73.0,7722213.0
2026-08-20,TWSE,2485,兆赫,39.45,41.0,39.3,40.35,2163024.0
2026-08-20,TWSE,2486,一詮,227.0,246.5,224.5,235.0,10318984.0
2026-08-20,TWSE,2488,漢平,48.9,48.95,48.5,48.6,37423.0
2026-08-20,TWSE,2489,瑞軒,30.45,31.8,30.2,31.3,6924856.0
2026-08-20,TWSE,2491,吉祥全,38.55,39.5,37.6,38.15,934309.0
2026-08-20,TWSE,2492,華新科,270.0,308.5,270.0,298.0,46494666.0
2026-08-20,TWSE,2493,揚博,178.5,187.5,176.0,183.0,2439867.0
2026-08-20,TWSE,2495,普安,36.8,37.75,36.55,37.3,712946.0
2026-08-20,TWSE,2496,卓越,54.8,55.0,54.4,54.7,43878.0
2026-08-20,TWSE,2497,怡利電,45.5,45.5,44.5,44.6,212810.0
2026-08-20,TWSE,2498,宏達電,39.25,39.9,38.85,39.85,4136007.0
2026-08-20,TWSE,2501,國建,22.85,22.85,22.55,22.8,1199656.0
2026-08-20,TWSE,2504,國產,30.55,30.85,30.35,30.6,1324841.0
2026-08-20,TWSE,2505,國揚,17.9,18.4,17.9,18.2,827303.0
2026-08-20,TWSE,2506,太設,8.57,8.61,8.53,8.53,118456.0
2026-08-20,TWSE,2509,全坤建,14.15,14.3,14.1,14.15,130511.0
2026-08-20,TWSE,2511,太子,8.22,8.23,8.15,8.2,894911.0
2026-08-20,TWSE,2514,龍邦,11.85,11.85,11.7,11.8,81101.0
2026-08-20,TWSE,2515,中工,11.75,11.9,11.7,11.85,3608919.0
2026-08-20,TWSE,2516,新建,13.9,14.0,13.9,14.0,212302.0
2026-08-20,TWSE,2520,冠德,35.85,36.8,35.65,36.7,2579914.0
2026-08-20,TWSE,2524,京城,34.25,34.7,34.0,34.0,107495.0
2026-08-20,TWSE,2527,宏璟,44.1,44.8,43.9,44.1,412770.0
2026-08-20,TWSE,2528,皇普,20.15,20.2,19.95,20.15,123914.0
2026-08-20,TWSE,2530,華建,19.35,19.35,19.0,19.0,1199718.0
2026-08-20,TWSE,2534,宏盛,16.8,17.0,16.8,16.9,199633.0
2026-08-20,TWSE,2535,達欣工,90.0,90.3,89.2,89.4,230448.0
2026-08-20,TWSE,2536,宏普,20.85,20.9,20.7,20.8,769842.0
2026-08-20,TWSE,2537,聯上發,11.1,11.65,11.1,11.55,2689304.0
2026-08-20,TWSE,2538,基泰,9.09,9.09,9.0,9.02,316952.0
2026-08-20,TWSE,2539,櫻花建,41.15,41.65,40.4,41.25,3313274.0
2026-08-20,TWSE,2540,愛山林,45.5,46.55,45.5,46.3,549636.0
2026-08-20,TWSE,2542,興富發,47.5,48.2,47.1,48.15,13205723.0
2026-08-20,TWSE,2543,皇昌,38.0,38.65,37.8,38.1,998458.0
2026-08-20,TWSE,2545,皇翔,33.5,33.6,32.9,33.55,252462.0
2026-08-20,TWSE,2546,根基,107.0,112.5,105.5,111.0,586765.0
2026-08-20,TWSE,2547,日勝生,10.15,10.15,10.05,10.1,723306.0
2026-08-20,TWSE,2548,華固,93.7,94.0,92.9,93.9,945560.0
2026-08-20,TWSE,2597,潤弘,165.5,167.0,163.0,166.0,100343.0
2026-08-20,TWSE,2601,益航,6.86,7.2,6.5,6.92,12759052.0
2026-08-20,TWSE,2603,長榮,236.0,240.5,232.0,240.5,20579536.0
2026-08-20,TWSE,2605,新興,35.9,37.6,35.0,36.75,70856199.0
2026-08-20,TWSE,2606,裕民,68.6,69.9,68.0,69.5,5172015.0
2026-08-20,TWSE,2607,榮運,50.5,50.6,49.8,50.4,484898.0
2026-08-20,TWSE,2608,嘉里大榮,28.6,28.65,28.4,28.4,209376.0
2026-08-20,TWSE,2609,陽明,55.6,59.0,54.9,59.0,114832016.0
2026-08-20,TWSE,2610,華航,20.05,20.05,19.85,19.9,24474464.0
2026-08-20,TWSE,2611,志信,15.4,15.65,15.25,15.5,1821819.0
2026-08-20,TWSE,2612,中航,57.0,59.5,55.9,59.5,1949197.0
2026-08-20,TWSE,2613,中櫃,22.4,23.5,21.65,23.0,1477835.0
2026-08-20,TWSE,2614,東森,18.1,18.3,18.0,18.2,710814.0
2026-08-20,TWSE,2615,萬海,102.5,107.0,99.8,106.5,41215791.0
2026-08-20,TWSE,2616,山隆,13.3,13.45,13.3,13.35,64905.0
2026-08-20,TWSE,2617,台航,29.8,31.2,29.55,30.9,4641864.0
2026-08-20,TWSE,2618,長榮航,41.75,41.85,41.05,41.6,17734556.0
2026-08-20,TWSE,2630,亞航,51.1,53.7,50.9,51.9,4607847.0
2026-08-20,TWSE,2633,台灣高鐵,25.9,26.1,25.8,25.9,2699100.0
2026-08-20,TWSE,2634,漢翔,73.0,74.0,68.5,68.6,59904430.0
2026-08-20,TWSE,2636,台驊控股,69.5,71.3,68.7,71.3,1397734.0
2026-08-20,TWSE,2637,慧洋-KY,88.9,92.2,87.6,91.8,11208949.0
2026-08-20,TWSE,2642,宅配通,20.2,20.25,20.0,20.25,53913.0
2026-08-20,TWSE,2645,長榮航太,178.0,181.5,175.0,177.0,2505634.0
2026-08-20,TWSE,2646,星宇航空,20.75,21.0,20.4,20.9,4379336.0
2026-08-20,TWSE,2701,萬企,10.6,10.6,10.5,10.55,115544.0
2026-08-20,TWSE,2702,華園,12.15,12.25,12.1,12.2,44308.0
2026-08-20,TWSE,2704,國賓,46.55,46.6,45.6,45.7,261099.0
2026-08-20,TWSE,2705,六福,15.7,15.7,15.5,15.5,164664.0
2026-08-20,TWSE,2706,第一店,12.45,12.5,12.4,12.4,65241.0
2026-08-20,TWSE,2707,晶華,178.0,179.5,177.5,178.5,92091.0
2026-08-20,TWSE,2712,遠雄來,14.2,14.45,14.2,14.4,13536.0
2026-08-20,TWSE,2722,夏都,21.85,21.85,21.15,21.5,41153.0
2026-08-20,TWSE,2723,美食-KY,63.3,65.3,61.8,65.2,578149.0
2026-08-20,TWSE,2727,王品,232.5,234.0,230.5,234.0,282486.0
2026-08-20,TWSE,2731,雄獅,141.5,143.5,141.0,142.0,304337.0
2026-08-20,TWSE,2739,寒舍,36.0,36.0,35.45,35.55,55466.0
2026-08-20,TWSE,2748,雲品,38.25,38.3,38.0,38.3,39704.0
2026-08-20,TWSE,2753,八方雲集,182.5,186.0,182.0,185.0,286545.0
2026-08-20,TWSE,2762,世界健身-KY,82.0,82.6,81.5,81.9,28209.0
2026-08-20,TWSE,2801,彰銀,23.8,23.9,23.65,23.9,10549551.0
2026-08-20,TWSE,2812,台中銀,18.95,19.0,18.75,19.0,5671171.0
2026-08-20,TWSE,2816,旺旺保,34.0,34.4,33.85,34.2,249679.0
2026-08-20,TWSE,2820,華票,16.25,16.35,16.2,16.25,1191305.0
2026-08-20,TWSE,2832,台產,58.9,59.6,58.9,59.3,81569.0
2026-08-20,TWSE,2834,臺企銀,16.5,16.55,16.4,16.4,19367581.0
2026-08-20,TWSE,2836,高雄銀,12.0,12.0,11.9,11.9,886413.0
2026-08-20,TWSE,2838,聯邦銀,20.1,20.2,19.95,20.05,1813054.0
2026-08-20,TWSE,2845,遠東銀,13.45,13.55,13.35,13.5,5889869.0
2026-08-20,TWSE,2849,安泰銀,14.2,14.25,14.05,14.05,179172.0
2026-08-20,TWSE,2850,新產,160.5,163.0,158.5,159.5,148623.0
2026-08-20,TWSE,2851,中再保,39.1,40.35,39.0,40.2,5129343.0
2026-08-20,TWSE,2852,第一保,27.4,27.75,27.2,27.65,628605.0
2026-08-20,TWSE,2855,統一證,46.3,46.7,45.5,45.85,3260081.0
2026-08-20,TWSE,2867,三商壽,9.82,9.86,9.7,9.7,76212030.0
2026-08-20,TWSE,2880,華南金,39.55,39.7,38.65,39.0,24299348.0
2026-08-20,TWSE,2881,富邦金,129.0,129.5,127.5,128.5,12785616.0
2026-08-20,TWSE,2882,國泰金,99.2,99.2,98.0,98.3,11073498.0
2026-08-20,TWSE,2883,凱基金,30.7,30.85,30.3,30.4,41106180.0
2026-08-20,TWSE,2884,玉山金,38.3,38.5,37.75,37.8,103424075.0
2026-08-20,TWSE,2885,元大金,63.9,63.9,62.1,62.5,44748181.0
2026-08-20,TWSE,2886,兆豐金,46.9,47.05,46.3,47.05,25322496.0
2026-08-20,TWSE,2887,台新新光金,36.85,36.85,36.0,36.4,70118504.0
2026-08-20,TWSE,2889,國票金,15.55,15.6,15.45,15.55,14956287.0
2026-08-20,TWSE,2890,永豐金,39.6,39.7,39.1,39.4,24546731.0
2026-08-20,TWSE,2891,中信金,66.4,66.4,64.7,64.9,34561497.0
2026-08-20,TWSE,2892,第一金,33.65,33.8,33.3,33.6,16299693.0
2026-08-20,TWSE,2897,王道銀行,10.1,10.2,10.05,10.15,1637632.0
2026-08-20,TWSE,2901,欣欣,23.35,23.85,23.25,23.25,8973.0
2026-08-20,TWSE,2903,遠百,21.75,22.4,21.6,22.25,5775342.0
2026-08-20,TWSE,2904,匯僑,12.75,12.75,12.6,12.7,23585.0
2026-08-20,TWSE,2905,三商,17.75,17.85,17.4,17.45,1646695.0
2026-08-20,TWSE,2906,高林,13.6,13.7,13.5,13.6,134767.0
2026-08-20,TWSE,2908,特力,21.55,21.6,21.35,21.6,267520.0
2026-08-20,TWSE,2910,統領,23.85,24.8,23.85,24.4,6006.0
2026-08-20,TWSE,2911,麗嬰房,6.69,6.86,6.66,6.66,71174.0
2026-08-20,TWSE,2912,統一超,215.0,218.5,213.5,218.5,2623132.0
2026-08-20,TWSE,2913,農林,11.0,11.1,11.0,11.0,796317.0
2026-08-20,TWSE,2915,潤泰全,59.9,61.9,59.9,61.8,4691800.0
2026-08-20,TWSE,2923,鼎固-KY,23.05,23.8,22.9,22.9,313546.0
2026-08-20,TWSE,2929,淘帝-KY,5.7,5.7,5.64,5.66,33019.0
2026-08-20,TWSE,2939,永邑-KY,19.1,19.3,18.8,18.8,17000.0
2026-08-20,TWSE,2945,三商家購,39.75,40.0,39.7,39.8,16564.0
2026-08-20,TWSE,3002,歐格,16.85,17.55,16.65,16.65,159153.0
2026-08-20,TWSE,3003,健和興,67.9,68.3,64.5,64.5,981632.0
2026-08-20,TWSE,3004,豐達科,121.0,122.5,120.5,121.5,212670.0
2026-08-20,TWSE,3005,神基,116.5,119.0,115.0,117.5,3204424.0
2026-08-20,TWSE,3006,晶豪科,240.0,246.5,236.0,245.5,9106315.0
2026-08-20,TWSE,3008,大立光,5135.0,5720.0,5110.0,5550.0,3873944.0
2026-08-20,TWSE,3010,華立,126.5,130.5,126.0,130.0,1102495.0
2026-08-20,TWSE,3011,今皓,10.65,10.8,10.2,10.45,1344238.0
2026-08-20,TWSE,3013,晟銘電,81.7,83.9,81.1,83.3,778662.0
2026-08-20,TWSE,3014,聯陽,128.0,132.5,127.5,131.5,760136.0
2026-08-20,TWSE,3015,全漢,53.0,54.2,53.0,53.7,269106.0
2026-08-20,TWSE,3016,嘉晶,101.0,105.0,100.0,102.0,2964464.0
2026-08-20,TWSE,3017,奇鋐,2915.0,3160.0,2900.0,3095.0,3982151.0
2026-08-20,TWSE,3018,隆銘綠能,13.15,13.4,13.1,13.4,42144.0
2026-08-20,TWSE,3019,亞光,133.5,139.0,133.0,136.5,2396471.0
2026-08-20,TWSE,3021,鴻名,20.0,20.1,19.8,19.95,71080.0
2026-08-20,TWSE,3022,威強電,90.5,93.6,90.1,91.9,1336376.0
2026-08-20,TWSE,3023,信邦,303.0,329.5,302.0,322.0,1915444.0
2026-08-20,TWSE,3024,憶聲,13.4,13.55,13.25,13.45,806852.0
2026-08-20,TWSE,3025,星通,56.8,57.4,55.5,56.4,155367.0
2026-08-20,TWSE,3026,禾伸堂,646.0,692.0,641.0,690.0,1797462.0
2026-08-20,TWSE,3027,盛達,17.75,17.85,17.65,17.75,93051.0
2026-08-20,TWSE,3028,增你強,64.8,66.2,64.1,65.6,603603.0
2026-08-20,TWSE,3029,零壹,105.5,111.0,105.5,110.0,959780.0
2026-08-20,TWSE,3030,德律,283.0,290.5,281.0,285.0,791770.0
2026-08-20,TWSE,3031,佰鴻,21.6,22.55,21.6,22.1,246995.0
2026-08-20,TWSE,3032,偉訓,78.5,79.3,77.6,77.9,430219.0
2026-08-20,TWSE,3033,威健,45.0,45.35,44.3,45.0,4460068.0
2026-08-20,TWSE,3034,聯詠,504.0,535.0,501.0,534.0,4731319.0
2026-08-20,TWSE,3035,智原,166.0,175.0,166.0,172.5,3152300.0
2026-08-20,TWSE,3036,文曄,198.5,204.5,196.5,201.5,8946264.0
2026-08-20,TWSE,3037,欣興,1110.0,1165.0,1085.0,1130.0,24496587.0
2026-08-20,TWSE,3038,全台,20.35,20.55,20.25,20.35,119008.0
2026-08-20,TWSE,3040,遠見,37.6,37.95,37.55,37.75,39478.0
2026-08-20,TWSE,3041,揚智,22.0,22.5,21.8,22.3,424376.0
2026-08-20,TWSE,3042,晶技,173.0,190.5,172.5,186.0,20471704.0
2026-08-20,TWSE,3043,科風,21.65,21.65,20.85,21.05,64348.0
2026-08-20,TWSE,3044,健鼎,474.5,501.0,468.0,480.5,4782368.0
2026-08-20,TWSE,3045,台灣大,112.0,113.5,111.5,113.5,26629390.0
2026-08-20,TWSE,3046,建碁,58.0,58.8,57.7,58.7,257363.0
2026-08-20,TWSE,3047,訊舟,13.6,13.95,13.55,13.7,435023.0
2026-08-20,TWSE,3048,益登,53.8,58.3,53.8,57.0,3204496.0
2026-08-20,TWSE,3049,精金,10.6,10.8,10.45,10.7,1312124.0
2026-08-20,TWSE,3050,鈺德,11.3,11.4,11.1,11.4,743531.0
2026-08-20,TWSE,3051,力特,22.15,22.65,22.1,22.15,392743.0
2026-08-20,TWSE,3052,夆典,11.1,11.3,11.0,11.3,359986.0
2026-08-20,TWSE,3054,立萬利,53.7,53.7,51.4,51.5,226684.0
2026-08-20,TWSE,3055,蔚華科,113.5,121.5,112.0,115.0,2186371.0
2026-08-20,TWSE,3056,富華新,14.0,14.05,13.9,14.0,443082.0
2026-08-20,TWSE,3057,喬鼎,16.85,17.8,16.85,17.25,336869.0
2026-08-20,TWSE,3058,立德,8.11,8.21,8.1,8.11,263300.0
2026-08-20,TWSE,3059,華晶科,39.3,39.95,38.7,39.25,1366977.0
2026-08-20,TWSE,3060,銘異,26.9,27.55,26.9,27.55,615904.0
2026-08-20,TWSE,3062,建漢,20.1,20.65,20.1,20.3,836629.0
2026-08-20,TWSE,3090,日電貿,158.0,177.5,158.0,177.5,21470953.0
2026-08-20,TWSE,3092,鴻碩,23.85,23.85,23.2,23.4,185621.0
2026-08-20,TWSE,3094,聯傑,35.6,36.9,35.5,36.25,805319.0
2026-08-20,TWSE,3130,一零四,211.0,213.0,209.5,211.5,153775.0
2026-08-20,TWSE,3135,凌航,151.5,155.5,148.5,153.0,1454833.0
2026-08-20,TWSE,3138,耀登,92.5,95.8,92.5,95.4,151313.0
2026-08-20,TWSE,3149,正達,65.4,68.7,64.3,64.8,8406188.0
2026-08-20,TWSE,3150,鈺寶-創,17.4,17.45,17.05,17.15,34000.0
2026-08-20,TWSE,3164,景岳,15.45,15.85,15.35,15.85,100127.0
2026-08-20,TWSE,3167,大量,728.0,774.0,693.0,693.0,8196456.0
2026-08-20,TWSE,3168,眾福科,41.0,41.9,41.0,41.35,8140.0
2026-08-20,TWSE,3189,景碩,834.0,902.0,832.0,849.0,21079068.0
2026-08-20,TWSE,3209,全科,50.5,51.2,50.4,50.8,1216903.0
2026-08-20,TWSE,3229,晟鈦,49.45,52.5,49.0,51.8,992104.0
2026-08-20,TWSE,3231,緯創,177.0,182.0,175.0,182.0,28162708.0
2026-08-20,TWSE,3257,虹冠電,49.15,50.9,49.0,49.6,186395.0
2026-08-20,TWSE,3266,昇陽,13.75,13.8,13.6,13.6,56000.0
2026-08-20,TWSE,3296,勝德,22.95,24.4,22.6,24.4,25152.0
2026-08-20,TWSE,3305,昇貿,107.0,110.5,106.0,109.5,1107354.0
2026-08-20,TWSE,3308,聯德,19.75,20.35,19.75,19.8,22415.0
2026-08-20,TWSE,3311,閎暉,31.3,31.7,31.3,31.4,87926.0
2026-08-20,TWSE,3312,弘憶股,50.7,52.6,50.7,51.3,862076.0
2026-08-20,TWSE,3321,同泰,17.7,18.35,17.65,18.05,105849.0
2026-08-20,TWSE,3338,泰碩,60.8,62.3,60.8,61.5,201730.0
2026-08-20,TWSE,3346,麗清,19.7,20.45,19.55,19.9,277810.0
2026-08-20,TWSE,3356,奇偶,63.0,63.7,62.7,63.0,493198.0
2026-08-20,TWSE,3376,新日興,186.0,190.0,184.5,186.5,2366558.0
2026-08-20,TWSE,3380,明泰,26.6,27.35,26.3,27.15,1133809.0
2026-08-20,TWSE,3406,玉晶光,655.0,705.0,651.0,657.0,4958403.0
2026-08-20,TWSE,3413,京鼎,285.0,292.5,284.5,288.5,990154.0
2026-08-20,TWSE,3416,融程電,176.0,178.0,174.0,176.5,210353.0
2026-08-20,TWSE,3419,譁裕,11.75,12.05,11.7,12.05,114244.0
2026-08-20,TWSE,3432,台端,14.55,14.8,14.4,14.4,35303.0
2026-08-20,TWSE,3437,榮創,16.7,17.2,16.65,16.75,277588.0
2026-08-20,TWSE,3443,創意,5350.0,5530.0,5230.0,5295.0,2510975.0
2026-08-20,TWSE,3447,展達,26.45,27.1,26.45,26.9,71921.0
2026-08-20,TWSE,3450,聯鈞,533.0,593.0,529.0,567.0,20473679.0
2026-08-20,TWSE,3481,群創,47.25,48.05,46.3,46.75,225153342.0
2026-08-20,TWSE,3494,誠研,7.18,7.18,6.96,7.13,38021.0
2026-08-20,TWSE,3501,維熹,39.9,39.9,39.4,39.6,104152.0
2026-08-20,TWSE,3504,揚明光,76.0,81.5,75.4,78.4,1951204.0
2026-08-20,TWSE,3515,華擎,213.0,221.5,213.0,220.0,485056.0
2026-08-20,TWSE,3518,柏騰,28.3,28.45,27.55,27.7,197082.0
2026-08-20,TWSE,3528,安馳,84.9,85.6,83.3,84.0,220529.0
2026-08-20,TWSE,3530,晶相光,55.1,56.0,54.3,55.1,68945.0
2026-08-20,TWSE,3532,台勝科,354.0,369.5,344.5,356.5,7431947.0
2026-08-20,TWSE,3533,嘉澤,1580.0,1625.0,1565.0,1620.0,1585723.0
2026-08-20,TWSE,3535,晶彩科,87.1,89.9,86.8,87.1,429422.0
2026-08-20,TWSE,3543,州巧,42.25,44.0,42.05,43.55,2420879.0
2026-08-20,TWSE,3545,敦泰,47.7,49.65,47.5,49.4,768012.0
2026-08-20,TWSE,3550,聯穎,21.9,22.9,21.85,22.6,1040269.0
2026-08-20,TWSE,3557,嘉威,24.3,24.65,24.3,24.4,43354.0
2026-08-20,TWSE,3563,牧德,675.0,708.0,674.0,674.0,548489.0
2026-08-20,TWSE,3576,聯合再生,16.8,16.95,16.5,16.75,6458577.0
2026-08-20,TWSE,3583,辛耘,690.0,739.0,684.0,706.0,1456683.0
2026-08-20,TWSE,3588,通嘉,52.0,53.7,52.0,52.3,120072.0
2026-08-20,TWSE,3591,艾笛森,19.9,20.5,19.9,20.5,1209905.0
2026-08-20,TWSE,3592,瑞鼎,220.5,228.0,217.5,225.0,475204.0
2026-08-20,TWSE,3593,力銘,10.35,11.0,10.35,11.0,21842.0
2026-08-20,TWSE,3596,智易,160.5,162.5,159.5,160.0,1418312.0
2026-08-20,TWSE,3605,宏致,120.0,122.5,116.5,119.0,6294199.0
2026-08-20,TWSE,3607,谷崧,13.85,13.95,13.75,13.9,115209.0
2026-08-20,TWSE,3617,碩天,255.5,258.0,247.5,257.0,944438.0
2026-08-20,TWSE,3622,洋華,49.35,49.35,48.3,48.7,329041.0
2026-08-20,TWSE,3645,達邁,65.5,67.3,65.4,65.9,884410.0
2026-08-20,TWSE,3652,精聯,36.45,36.95,34.05,34.1,454640.0
2026-08-20,TWSE,3653,健策,4895.0,5540.0,4890.0,5460.0,2804186.0
2026-08-20,TWSE,3661,世芯-KY,3585.0,3730.0,3585.0,3630.0,1950747.0
2026-08-20,TWSE,3665,貿聯-KY,2150.0,2210.0,2120.0,2200.0,2061571.0
2026-08-20,TWSE,3669,圓展,36.35,37.9,35.75,37.45,288231.0
2026-08-20,TWSE,3673,TPK-KY,59.5,60.4,58.6,59.5,2613447.0
2026-08-20,TWSE,3679,新至陞,111.0,111.0,109.5,109.5,28433.0
2026-08-20,TWSE,3686,達能,14.25,14.45,14.25,14.25,67265.0
2026-08-20,TWSE,3694,海華,50.5,51.7,50.4,50.7,746492.0
2026-08-20,TWSE,3701,大眾控,38.2,39.6,38.2,39.25,342305.0
2026-08-20,TWSE,3702,大聯大,106.0,107.5,103.0,106.5,18979455.0
2026-08-20,TWSE,3703,欣陸,19.4,19.65,19.2,19.55,2233625.0
2026-08-20,TWSE,3704,合勤控,41.25,41.65,40.6,41.5,1952137.0
2026-08-20,TWSE,3705,永信,54.4,54.9,54.0,54.7,166635.0
2026-08-20,TWSE,3706,神達,89.9,91.8,89.3,90.7,8294613.0
2026-08-20,TWSE,3708,上緯投控,102.5,104.5,101.0,101.5,593190.0
2026-08-20,TWSE,3711,日月光投控,568.0,596.0,564.0,588.0,22448357.0
2026-08-20,TWSE,3712,永崴投控,20.4,20.7,20.2,20.5,940304.0
2026-08-20,TWSE,3714,富采,55.0,56.7,54.6,55.2,3273012.0
2026-08-20,TWSE,3715,定穎投控,107.0,112.5,106.0,107.5,4364586.0
2026-08-20,TWSE,3716,中化控股,33.9,34.85,33.9,34.65,434644.0
2026-08-20,TWSE,3717,聯嘉投控,22.05,23.0,22.0,22.2,1276593.0
2026-08-20,TWSE,4104,佳醫,71.5,71.7,71.1,71.4,113553.0
2026-08-20,TWSE,4106,雃博,24.45,24.6,24.35,24.4,51123.0
2026-08-20,TWSE,4108,懷特,10.75,11.1,10.7,10.9,240783.0
2026-08-20,TWSE,4119,旭富,51.8,52.7,51.8,52.0,58238.0
2026-08-20,TWSE,4133,亞諾法,20.6,20.7,20.5,20.55,77705.0
2026-08-20,TWSE,4137,麗豐-KY,90.7,90.9,89.6,90.0,194462.0
2026-08-20,TWSE,4142,國光生,17.25,17.4,17.15,17.25,451127.0
2026-08-20,TWSE,4148,全宇生技-KY,31.2,31.9,31.0,31.9,13271.0
2026-08-20,TWSE,4155,訊映,14.7,14.8,14.65,14.65,157569.0
2026-08-20,TWSE,4164,承業醫,25.85,26.05,25.5,25.7,373100.0
2026-08-20,TWSE,4169,泰宗,148.0,150.5,148.0,149.0,63171.0
2026-08-20,TWSE,4178,永笙-KY,16.95,17.25,16.95,17.0,107150.0
2026-08-20,TWSE,4190,佐登-KY,24.3,25.35,24.3,25.05,12983.0
2026-08-20,TWSE,4195,基米-創,14.35,14.35,14.0,14.2,82154.0
2026-08-20,TWSE,4306,炎洲,15.45,15.5,15.3,15.3,833761.0
2026-08-20,TWSE,4414,如興,8.45,8.55,8.31,8.31,197736.0
2026-08-20,TWSE,4426,利勤,7.77,7.8,7.76,7.77,62311.0
2026-08-20,TWSE,4438,廣越,59.7,60.8,59.4,60.0,191555.0
2026-08-20,TWSE,4439,冠星-KY,108.0,111.0,107.0,108.5,254962.0
2026-08-20,TWSE,4440,宜新實業,17.5,17.8,17.45,17.6,49507.0
2026-08-20,TWSE,4441,振大環球,190.5,198.0,190.5,196.5,99308.0
2026-08-20,TWSE,4526,東台,30.0,30.65,29.65,29.9,974696.0
2026-08-20,TWSE,4532,瑞智,23.5,23.75,23.5,23.65,688122.0
2026-08-20,TWSE,4536,拓凱,166.5,170.0,166.5,169.5,180109.0
2026-08-20,TWSE,4540,全球傳動,60.8,63.6,59.1,59.4,6538152.0
2026-08-20,TWSE,4545,銘鈺,31.4,32.4,31.35,32.2,67063.0
2026-08-20,TWSE,4551,智伸科,160.5,164.0,158.0,161.0,875837.0
2026-08-20,TWSE,4552,力達-KY,17.55,17.55,17.45,17.5,37331.0
2026-08-20,TWSE,4555,氣立,47.35,48.5,47.0,47.3,185186.0
2026-08-20,TWSE,4557,永新-KY,50.7,51.7,50.4,51.1,38406.0
2026-08-20,TWSE,4560,強信-KY,32.8,32.8,32.2,32.4,239000.0
2026-08-20,TWSE,4562,穎漢,31.6,33.0,31.6,31.65,216289.0
2026-08-20,TWSE,4564,元翎,17.3,17.45,16.7,16.7,1246185.0
2026-08-20,TWSE,4566,時碩工業,73.0,74.8,69.8,70.0,2583342.0
2026-08-20,TWSE,4569,六方科-KY,158.0,162.0,158.0,160.0,22888.0
2026-08-20,TWSE,4571,鈞興-KY,163.0,167.5,163.0,164.0,124880.0
2026-08-20,TWSE,4572,駐龍,140.5,140.5,139.0,140.0,10276.0
2026-08-20,TWSE,4576,大銀微系統,206.5,219.0,205.0,208.0,1528579.0
2026-08-20,TWSE,4581,光隆精密-KY,47.3,47.85,47.25,47.85,4103.0
2026-08-20,TWSE,4582,聚恆-創,24.0,24.0,23.3,23.5,247248.0
2026-08-20,TWSE,4583,台灣精銳,484.0,485.0,469.0,481.0,186680.0
2026-08-20,TWSE,4585,達明,301.5,308.0,297.0,298.0,270446.0
2026-08-20,TWSE,4588,玖鼎電力,51.4,52.2,51.3,51.3,40466.0
2026-08-20,TWSE,4590,富田-創,86.3,88.5,84.5,86.5,455168.0
2026-08-20,TWSE,4720,德淵,18.1,18.2,17.7,17.7,849512.0
2026-08-20,TWSE,4722,國精化,199.5,216.5,199.5,203.0,1177134.0
2026-08-20,TWSE,4736,泰博,140.5,145.5,140.0,143.0,541001.0
2026-08-20,TWSE,4737,華廣,57.4,57.6,56.8,57.0,20140.0
2026-08-20,TWSE,4739,康普,85.2,87.0,82.6,83.3,1754598.0
2026-08-20,TWSE,4746,台耀,51.8,52.3,51.7,52.0,262967.0
2026-08-20,TWSE,4755,三福化,113.5,116.5,112.5,113.5,138865.0
2026-08-20,TWSE,4763,材料*-KY,49.8,50.7,49.7,50.7,3005171.0
2026-08-20,TWSE,4764,雙鍵,202.0,210.0,200.5,203.0,892302.0
2026-08-20,TWSE,4766,南寶,330.0,335.0,325.5,332.0,192542.0
2026-08-20,TWSE,4770,上品,214.0,218.0,212.0,212.0,563383.0
2026-08-20,TWSE,4771,望隼,198.5,201.0,195.5,199.5,186202.0
2026-08-20,TWSE,4807,日成-KY,30.1,31.45,30.1,30.6,65073.0
2026-08-20,TWSE,4904,遠傳,101.0,102.0,100.5,101.5,4101489.0
2026-08-20,TWSE,4906,正文,33.5,34.35,33.25,33.95,2103452.0
2026-08-20,TWSE,4912,聯德控股-KY,90.0,91.6,89.3,90.8,153426.0
2026-08-20,TWSE,4915,致伸,59.2,60.2,58.8,59.8,2428500.0
2026-08-20,TWSE,4916,事欣科,98.0,101.0,98.0,100.5,1832612.0
2026-08-20,TWSE,4919,新唐,115.5,119.5,114.5,116.5,4261748.0
2026-08-20,TWSE,4927,泰鼎-KY,32.25,33.0,31.95,32.25,1457193.0
2026-08-20,TWSE,4930,燦星網,15.85,16.25,15.85,16.05,28259.0
2026-08-20,TWSE,4934,太極,13.85,14.55,13.75,14.05,420462.0
2026-08-20,TWSE,4935,茂林-KY,35.05,35.05,34.2,34.45,71000.0
2026-08-20,TWSE,4938,和碩,90.0,90.0,88.0,89.4,10010075.0
2026-08-20,TWSE,4942,嘉彰,33.2,33.45,33.1,33.1,205101.0
2026-08-20,TWSE,4943,康控-KY,8.47,8.59,8.0,8.42,40520.0
2026-08-20,TWSE,4949,有成精密,70.8,73.0,69.9,70.0,591823.0
2026-08-20,TWSE,4952,凌通,50.2,52.6,50.0,52.0,517213.0
2026-08-20,TWSE,4956,光鋐,28.4,29.85,28.15,29.05,520034.0
2026-08-20,TWSE,4958,臻鼎-KY,451.0,476.5,451.0,457.0,30182657.0
2026-08-20,TWSE,4960,誠美材,20.0,20.6,19.85,20.05,2716239.0
2026-08-20,TWSE,4961,天鈺,157.5,168.5,157.0,166.5,806621.0
2026-08-20,TWSE,4967,十銓,249.0,260.0,248.0,260.0,5606756.0
2026-08-20,TWSE,4968,立積,89.0,90.3,87.6,89.3,369254.0
2026-08-20,TWSE,4976,佳凌,36.65,38.3,36.55,37.1,1387480.0
2026-08-20,TWSE,4977,眾達-KY,146.0,151.0,144.5,145.0,1961724.0
2026-08-20,TWSE,4989,榮科,60.6,62.9,60.3,61.7,3728173.0
2026-08-20,TWSE,4994,傳奇,82.7,83.0,81.6,82.1,20847.0
2026-08-20,TWSE,4999,鑫禾,18.55,18.65,18.5,18.5,40884.0
2026-08-20,TWSE,5007,三星,56.0,56.4,55.5,55.6,34470.0
2026-08-20,TWSE,5203,訊連,58.4,58.9,57.7,58.5,139303.0
2026-08-20,TWSE,5215,科嘉-KY,40.1,40.25,39.35,39.65,56004.0
2026-08-20,TWSE,5222,全訊,115.5,118.5,115.5,117.5,236900.0
2026-08-20,TWSE,5225,東科-KY,59.9,60.1,59.1,59.6,241467.0
2026-08-20,TWSE,5234,達興材料,301.0,305.5,294.5,294.5,382931.0
2026-08-20,TWSE,5236,凌陽創新,133.5,143.0,133.0,135.5,248955.0
2026-08-20,TWSE,5243,乙盛-KY,86.6,90.7,86.0,88.2,577579.0
2026-08-20,TWSE,5244,弘凱,33.1,33.25,32.7,32.8,95973.0
2026-08-20,TWSE,5258,虹堡,47.45,47.45,46.6,47.1,391598.0
2026-08-20,TWSE,5269,祥碩,1340.0,1480.0,1340.0,1460.0,1187531.0
2026-08-20,TWSE,5283,禾聯碩,56.0,57.1,55.6,56.8,72175.0
2026-08-20,TWSE,5284,jpp-KY,293.0,312.0,291.5,307.5,366345.0
2026-08-20,TWSE,5285,界霖,75.5,81.0,74.4,79.4,1258808.0
2026-08-20,TWSE,5288,豐祥-KY,190.0,192.0,188.5,188.5,61328.0
2026-08-20,TWSE,5292,華懋,190.0,210.0,190.0,210.0,691339.0
2026-08-20,TWSE,5306,桂盟,92.8,96.3,92.7,96.2,168696.0
2026-08-20,TWSE,5388,中磊,77.4,79.2,77.0,78.4,3304135.0
2026-08-20,TWSE,5434,崇越,542.0,565.0,528.0,530.0,1627243.0
2026-08-20,TWSE,5469,瀚宇博,73.6,74.1,72.0,72.2,1683957.0
2026-08-20,TWSE,5471,松翰,55.4,57.6,55.1,57.0,1896651.0
2026-08-20,TWSE,5484,慧友,40.35,41.3,39.5,40.0,348699.0
2026-08-20,TWSE,5515,建國,53.5,55.2,52.5,53.8,1056281.0
2026-08-20,TWSE,5519,隆大,27.9,27.9,27.7,27.7,182232.0
2026-08-20,TWSE,5521,工信,10.35,10.65,10.35,10.65,1341416.0
2026-08-20,TWSE,5522,遠雄,62.8,63.0,62.1,62.6,605299.0
2026-08-20,TWSE,5525,順天,21.75,21.95,21.7,21.85,50512.0
2026-08-20,TWSE,5531,鄉林,7.35,7.44,7.33,7.35,371342.0
2026-08-20,TWSE,5533,皇鼎,13.8,13.9,13.8,13.85,168084.0
2026-08-20,TWSE,5534,長虹,79.0,79.5,78.2,79.2,690504.0
2026-08-20,TWSE,5538,東明-KY,36.6,38.75,36.5,37.3,1308198.0
2026-08-20,TWSE,5546,永固-KY,13.95,14.65,13.5,13.5,57020.0
2026-08-20,TWSE,5607,遠雄港,53.4,54.1,52.7,54.0,2210549.0
2026-08-20,TWSE,5608,四維航,16.2,17.5,15.6,17.5,36193751.0
2026-08-20,TWSE,5706,鳳凰,45.1,45.6,45.05,45.4,116214.0
2026-08-20,TWSE,5871,中租-KY,108.5,110.0,108.5,109.5,2897216.0
2026-08-20,TWSE,5876,上海商銀,42.85,43.55,42.35,43.5,7353841.0
2026-08-20,TWSE,5880,合庫金,24.95,25.0,24.6,24.85,33352232.0
2026-08-20,TWSE,5906,台南-KY,0.0,0.0,0.0,0.0,100.0
2026-08-20,TWSE,5907,大洋-KY,4.82,4.91,4.82,4.88,52379.0
2026-08-20,TWSE,6005,群益證,30.3,30.4,30.05,30.2,4854276.0
2026-08-20,TWSE,6024,群益期,60.3,61.0,60.3,60.8,175446.0
2026-08-20,TWSE,6108,競國,23.75,25.8,23.35,24.75,5933400.0
2026-08-20,TWSE,6112,邁達特,43.75,44.3,43.25,44.1,274291.0
2026-08-20,TWSE,6115,鎰勝,44.9,44.95,44.7,44.9,146840.0
2026-08-20,TWSE,6116,彩晶,13.5,15.05,13.35,14.25,61603110.0
2026-08-20,TWSE,6117,迎廣,61.7,61.7,60.7,61.0,137590.0
2026-08-20,TWSE,6120,達運,12.55,12.75,12.4,12.55,1064707.0
2026-08-20,TWSE,6128,上福,20.2,20.3,20.2,20.3,29275.0
2026-08-20,TWSE,6133,金橋,22.1,22.65,21.95,22.15,425179.0
2026-08-20,TWSE,6136,富爾特,24.75,24.95,24.7,24.95,170404.0
2026-08-20,TWSE,6139,亞翔,770.0,794.0,763.0,766.0,2509394.0
2026-08-20,TWSE,6141,柏承,39.0,45.35,39.0,44.5,7784249.0
2026-08-20,TWSE,6142,友勁,9.0,9.07,8.92,9.0,184129.0
2026-08-20,TWSE,6152,百一,13.6,14.15,13.6,13.9,734139.0
2026-08-20,TWSE,6153,嘉聯益,16.15,16.9,16.1,16.7,2212567.0
2026-08-20,TWSE,6155,鈞寶,56.0,60.6,56.0,58.1,3609629.0
2026-08-20,TWSE,6164,華興,11.75,11.85,11.6,11.65,338062.0
2026-08-20,TWSE,6165,浪凡,47.3,47.3,46.65,46.8,192828.0
2026-08-20,TWSE,6166,凌華,121.5,131.0,120.0,123.5,2338814.0
2026-08-20,TWSE,6168,宏齊,23.7,24.65,23.5,24.2,737954.0
2026-08-20,TWSE,6177,達麗,49.0,49.5,48.0,48.4,4152050.0
2026-08-20,TWSE,6183,關貿,92.8,94.0,92.4,93.3,29029.0
2026-08-20,TWSE,6184,大豐電,41.85,41.9,41.6,41.85,61814.0
2026-08-20,TWSE,6189,豐藝,47.0,47.45,46.8,47.15,185692.0
2026-08-20,TWSE,6191,精成科,84.6,85.0,82.5,82.5,2287797.0
2026-08-20,TWSE,6192,巨路,115.0,117.0,114.0,116.0,131958.0
2026-08-20,TWSE,6196,帆宣,493.5,512.0,493.0,500.0,838780.0
2026-08-20,TWSE,6197,佳必琪,286.0,303.0,286.0,301.0,1017993.0
2026-08-20,TWSE,6201,亞弘電,44.3,44.45,44.05,44.45,38116.0
2026-08-20,TWSE,6202,盛群,56.2,58.4,55.5,58.0,1473606.0
2026-08-20,TWSE,6205,詮欣,61.5,62.7,60.5,61.0,178249.0
2026-08-20,TWSE,6206,飛捷,142.5,147.0,140.5,144.5,1507904.0
2026-08-20,TWSE,6209,今國光,66.4,68.4,65.6,67.0,2484474.0
2026-08-20,TWSE,6213,聯茂,466.5,500.0,466.5,484.0,3111366.0
2026-08-20,TWSE,6214,精誠,174.5,181.5,174.5,178.5,9858275.0
2026-08-20,TWSE,6215,和椿,100.0,104.0,99.3,99.3,1145343.0
2026-08-20,TWSE,6216,居易,22.0,22.25,21.9,22.15,59859.0
2026-08-20,TWSE,6224,聚鼎,62.6,68.5,62.6,65.6,603088.0
2026-08-20,TWSE,6225,天瀚,53.6,53.6,50.0,53.6,700718.0
2026-08-20,TWSE,6226,光鼎,21.1,23.2,21.05,21.3,55232956.0
2026-08-20,TWSE,6230,尼得科超眾,107.5,109.5,106.0,106.0,46958.0
2026-08-20,TWSE,6235,華孚,37.7,38.05,37.3,37.3,415696.0
2026-08-20,TWSE,6239,力成,258.0,267.5,255.0,262.5,9782257.0
2026-08-20,TWSE,6243,迅杰,42.25,44.7,42.2,43.3,1149022.0
2026-08-20,TWSE,6257,矽格,194.0,201.0,192.5,199.5,5509629.0
2026-08-20,TWSE,6269,台郡,62.5,64.7,62.4,62.7,2635427.0
2026-08-20,TWSE,6271,同欣電,190.0,198.5,189.5,194.0,2572129.0
2026-08-20,TWSE,6272,驊陞,23.25,23.7,22.8,22.95,181613.0
2026-08-20,TWSE,6277,宏正,82.5,84.0,81.0,83.7,606034.0
2026-08-20,TWSE,6278,台表科,168.0,181.5,168.0,174.5,6449418.0
2026-08-20,TWSE,6281,全國電,51.2,51.4,51.1,51.1,48492.0
2026-08-20,TWSE,6282,康舒,45.7,46.1,45.05,45.55,5139178.0
2026-08-20,TWSE,6283,淳安,19.8,19.9,19.65,19.9,53243.0
2026-08-20,TWSE,6285,啟碁,231.0,238.5,229.0,235.5,3436699.0
2026-08-20,TWSE,6405,悅城,38.2,38.95,37.35,38.25,231415.0
2026-08-20,TWSE,6409,旭隼,1050.0,1055.0,993.0,1030.0,911092.0
2026-08-20,TWSE,6412,群電,76.0,77.5,75.8,77.0,495566.0
2026-08-20,TWSE,6414,樺漢,388.0,416.5,385.0,408.5,3560739.0
2026-08-20,TWSE,6415,矽力*-KY,425.0,448.0,425.0,440.0,1881027.0
2026-08-20,TWSE,6416,瑞祺電通,91.2,97.4,91.2,96.9,570034.0
2026-08-20,TWSE,6426,統新,220.0,244.0,220.0,231.0,1990908.0
2026-08-20,TWSE,6431,光麗-KY,19.1,20.0,18.75,20.0,130100.0
2026-08-20,TWSE,6438,迅得,142.5,143.5,140.0,142.0,177570.0
2026-08-20,TWSE,6442,光聖,1480.0,1575.0,1475.0,1530.0,1998293.0
2026-08-20,TWSE,6443,元晶,26.0,26.5,25.85,26.0,2053118.0
2026-08-20,TWSE,6446,藥華藥,1410.0,1435.0,1370.0,1400.0,2584371.0
2026-08-20,TWSE,6449,鈺邦,213.5,232.5,213.5,226.0,508412.0
2026-08-20,TWSE,6451,訊芯-KY,391.5,457.5,391.5,414.0,6895820.0
2026-08-20,TWSE,6456,GIS-KY,64.1,66.4,63.6,65.1,1772603.0
2026-08-20,TWSE,6464,台數科,78.0,79.0,77.0,79.0,1365267.0
2026-08-20,TWSE,6472,保瑞,402.0,409.5,400.0,405.0,363664.0
2026-08-20,TWSE,6477,安集,38.2,39.0,36.8,37.5,2860960.0
2026-08-20,TWSE,6491,晶碩,361.5,377.5,359.0,375.5,515759.0
2026-08-20,TWSE,6504,南六,37.1,37.1,35.8,36.7,52108.0
2026-08-20,TWSE,6505,台塑化,73.0,73.0,70.1,70.2,20727704.0
2026-08-20,TWSE,6515,穎崴,5955.0,6500.0,5955.0,6370.0,344112.0
2026-08-20,TWSE,6525,捷敏-KY,144.0,158.0,142.0,142.5,3654213.0
2026-08-20,TWSE,6526,達發,573.0,583.0,561.0,580.0,284469.0
2026-08-20,TWSE,6531,愛普*,833.0,870.0,829.0,837.0,4111029.0
2026-08-20,TWSE,6533,晶心科,244.0,253.0,244.0,248.5,924123.0
2026-08-20,TWSE,6534,正瀚-創,91.2,92.5,91.2,91.3,38188.0
2026-08-20,TWSE,6541,泰福-KY,35.2,36.25,34.85,35.95,325320.0
2026-08-20,TWSE,6550,北極星藥業-KY,10.15,10.5,10.1,10.15,845383.0
2026-08-20,TWSE,6552,易華電,24.65,25.1,24.45,24.6,130357.0
2026-08-20,TWSE,6558,興能高,24.85,25.2,24.65,24.65,138771.0
2026-08-20,TWSE,6573,虹揚-KY,15.65,17.75,15.65,17.75,489935.0
2026-08-20,TWSE,6579,研揚,150.0,154.0,149.5,151.0,417710.0
2026-08-20,TWSE,6581,鋼聯,107.5,109.0,107.0,107.5,11959.0
2026-08-20,TWSE,6582,申豐,30.95,31.7,30.95,31.35,51566.0
2026-08-20,TWSE,6585,鼎基,115.0,116.0,113.5,114.0,172675.0
2026-08-20,TWSE,6589,台康生技,48.9,50.4,48.15,49.85,719195.0
2026-08-20,TWSE,6591,動力-KY,43.05,44.0,43.0,43.9,90220.0
2026-08-20,TWSE,6592,和潤企業,60.6,61.4,60.0,60.4,354333.0
2026-08-20,TWSE,6598,ABC-KY,27.9,28.0,27.45,27.5,159651.0
2026-08-20,TWSE,6605,帝寶,138.0,141.0,137.5,141.0,547873.0
2026-08-20,TWSE,6606,建德工業,26.6,26.6,26.1,26.15,38598.0
2026-08-20,TWSE,6614,資拓宏宇,35.5,35.85,35.5,35.6,27223.0
2026-08-20,TWSE,6625,必應,77.4,77.4,76.3,77.0,42839.0
2026-08-20,TWSE,6641,基士德-KY,18.0,18.15,17.95,18.05,19050.0
2026-08-20,TWSE,6645,金萬林-創,12.9,13.05,12.7,12.7,12799.0
2026-08-20,TWSE,6655,科定,115.0,115.5,113.5,115.5,10019.0
2026-08-20,TWSE,6657,華安,29.5,30.35,29.5,29.7,51743.0
2026-08-20,TWSE,6658,聯策,158.0,165.0,155.5,156.5,275833.0
2026-08-20,TWSE,6666,羅麗芬-KY,43.7,43.7,43.2,43.5,9364.0
2026-08-20,TWSE,6668,中揚光,35.0,36.4,35.0,35.65,279495.0
2026-08-20,TWSE,6669,緯穎,6190.0,6425.0,6190.0,6375.0,1289214.0
2026-08-20,TWSE,6670,復盛應用,261.5,269.0,261.5,267.0,249365.0
2026-08-20,TWSE,6671,三能-KY,22.3,22.85,22.25,22.25,130000.0
2026-08-20,TWSE,6672,騰輝電子-KY,280.0,293.0,280.0,284.0,7856786.0
2026-08-20,TWSE,6674,鋐寶科技,14.85,14.85,14.3,14.65,25000.0
2026-08-20,TWSE,6689,伊雲谷,60.1,61.6,60.1,60.7,81179.0
2026-08-20,TWSE,6691,洋基工程,699.0,709.0,691.0,706.0,1248669.0
2026-08-20,TWSE,6695,芯鼎,47.4,49.0,47.1,47.5,500474.0
2026-08-20,TWSE,6698,旭暉應材,30.85,31.3,30.75,31.0,90418.0
2026-08-20,TWSE,6706,惠特,111.0,120.0,111.0,115.5,837722.0
2026-08-20,TWSE,6715,嘉基,400.0,460.5,395.0,447.5,2792369.0
2026-08-20,TWSE,6719,力智,190.0,201.5,190.0,196.5,742162.0
2026-08-20,TWSE,6722,輝創,32.15,32.5,32.0,32.05,24330.0
2026-08-20,TWSE,6742,澤米,43.8,44.75,42.6,42.7,301037.0
2026-08-20,TWSE,6743,安普新,25.0,25.45,24.7,24.85,154809.0
2026-08-20,TWSE,6753,龍德造船,142.5,146.0,140.0,143.0,1365875.0
2026-08-20,TWSE,6754,匯僑設計,41.5,42.1,41.4,41.4,9001.0
2026-08-20,TWSE,6756,威鋒電子,96.1,97.8,94.8,94.8,116764.0
2026-08-20,TWSE,6757,台灣虎航,56.4,57.4,56.0,57.0,1499600.0
2026-08-20,TWSE,6768,志強-KY,63.5,64.4,63.0,64.1,368060.0
2026-08-20,TWSE,6770,力積電,67.3,69.6,66.5,66.6,176388814.0
2026-08-20,TWSE,6771,平和環保-創,41.5,41.95,41.3,41.6,65122.0
2026-08-20,TWSE,6776,展碁國際,53.0,53.4,53.0,53.2,42139.0
2026-08-20,TWSE,6781,AES-KY,1035.0,1065.0,1035.0,1065.0,346179.0
2026-08-20,TWSE,6782,視陽,197.5,205.5,196.5,203.0,197703.0
2026-08-20,TWSE,6789,采鈺,418.0,433.0,418.0,421.5,780625.0
2026-08-20,TWSE,6790,永豐實,37.8,38.15,37.75,37.8,237354.0
2026-08-20,TWSE,6792,詠業,59.4,60.0,57.1,57.1,31396.0
2026-08-20,TWSE,6794,向榮生技,68.8,68.8,67.0,68.7,35000.0
2026-08-20,TWSE,6796,晉弘,59.6,62.0,59.6,61.4,90297.0
2026-08-20,TWSE,6799,來頡,77.7,79.6,77.4,78.1,253589.0
2026-08-20,TWSE,6805,富世達,1860.0,1935.0,1770.0,1800.0,1866928.0
2026-08-20,TWSE,6807,峰源-KY,38.0,38.0,36.25,37.9,10030.0
2026-08-20,TWSE,6830,汎銓,420.0,424.0,405.5,409.5,1376509.0
2026-08-20,TWSE,6831,邁科,637.0,660.0,595.0,599.0,1221498.0
2026-08-20,TWSE,6834,天二科技,93.4,102.0,93.4,98.0,5152793.0
2026-08-20,TWSE,6835,圓裕,31.95,31.95,30.7,30.7,23005.0
2026-08-20,TWSE,6838,台新藥,22.5,22.7,22.35,22.65,45062.0
2026-08-20,TWSE,6854,錼創科技-KY創,89.0,90.6,87.9,89.8,130942.0
2026-08-20,TWSE,6861,睿生光電,194.5,203.0,193.0,193.0,199947.0
2026-08-20,TWSE,6862,三集瑞-KY,131.0,141.5,131.0,137.5,174533.0
2026-08-20,TWSE,6863,永道-KY,109.0,113.0,107.0,110.5,167377.0
2026-08-20,TWSE,6869,雲豹能源,69.8,70.0,65.6,65.6,1510115.0
2026-08-20,TWSE,6873,泓德能源,70.1,70.1,67.8,68.0,316063.0
2026-08-20,TWSE,6885,全福生技,20.3,21.0,20.3,20.35,134009.0
2026-08-20,TWSE,6887,寶綠特-KY,36.3,38.9,36.3,37.5,63519.0
2026-08-20,TWSE,6890,來億-KY,160.5,165.0,158.0,160.5,327398.0
2026-08-20,TWSE,6901,鑽石投資,16.5,16.5,16.1,16.2,965144.0
2026-08-20,TWSE,6902,GOGOLOOK,132.0,133.5,130.0,130.5,82600.0
2026-08-20,TWSE,6906,現觀科,71.4,71.4,71.3,71.3,5492.0
2026-08-20,TWSE,6908,宏碁遊戲-創,31.0,31.0,30.05,30.85,38491.0
2026-08-20,TWSE,6909,創控,39.0,40.05,38.75,39.3,186316.0
2026-08-20,TWSE,6914,阜爾運通,147.5,149.0,147.5,148.5,164697.0
2026-08-20,TWSE,6916,華凌,18.65,18.75,18.55,18.55,8153.0
2026-08-20,TWSE,6918,愛派司,73.8,74.2,73.8,74.0,14380.0
2026-08-20,TWSE,6919,康霈*,104.0,105.5,102.5,102.5,2105421.0
2026-08-20,TWSE,6921,嘉雨思-創,70.0,70.0,67.6,68.1,35143.0
2026-08-20,TWSE,6923,中台,75.3,76.1,75.3,75.7,34276.0
2026-08-20,TWSE,6924,榮惠-KY創,114.0,115.0,109.5,114.5,28300.0
2026-08-20,TWSE,6928,攸泰科技,48.95,48.95,47.3,47.5,49064.0
2026-08-20,TWSE,6931,青松健康,41.2,41.6,40.2,41.3,151274.0
2026-08-20,TWSE,6933,AMAX-KY,186.0,193.0,186.0,190.5,222958.0
2026-08-20,TWSE,6934,心誠鎂,72.3,73.0,72.3,73.0,28314.0
2026-08-20,TWSE,6936,永鴻生技,32.15,32.5,32.1,32.1,36121.0
2026-08-20,TWSE,6937,天虹,266.0,271.0,261.5,265.0,216386.0
2026-08-20,TWSE,6944,兆聯實業,735.0,753.0,730.0,732.0,250403.0
2026-08-20,TWSE,6947,台鎔科技,72.1,72.5,70.6,71.0,154360.0
2026-08-20,TWSE,6949,沛爾生醫-創,1050.0,1135.0,1045.0,1085.0,222328.0
2026-08-20,TWSE,6951,青新-創,71.9,72.0,71.3,72.0,14226.0
2026-08-20,TWSE,6952,大武山,36.5,37.9,36.5,36.65,14950.0
2026-08-20,TWSE,6955,邦睿生技-創,120.0,122.5,119.5,119.5,10862.0
2026-08-20,TWSE,6957,裕慶-KY,211.0,216.5,211.0,213.5,51870.0
2026-08-20,TWSE,6958,日盛台駿,17.15,17.4,16.9,16.9,97686.0
2026-08-20,TWSE,6962,奕力-KY,29.8,31.0,29.65,30.65,1419344.0
2026-08-20,TWSE,6965,中傑-KY,73.6,74.3,72.8,73.3,24729.0
2026-08-20,TWSE,6969,成信實業*-創,32.2,35.4,32.2,35.0,452747.0
2026-08-20,TWSE,6988,威力暘-創,11.9,12.0,11.9,11.95,41000.0
2026-08-20,TWSE,6994,富威電力,35.4,35.4,34.6,34.8,318997.0
2026-08-20,TWSE,7610,聯友金屬-創,1635.0,1725.0,1585.0,1605.0,752418.0
2026-08-20,TWSE,7631,聚賢研發-創,144.0,155.0,143.0,145.0,100765.0
2026-08-20,TWSE,7689,大鵬科CLMX,172.0,172.5,170.5,172.0,47846.0
2026-08-20,TWSE,7705,三商餐飲,30.95,31.0,30.7,30.7,40134.0
2026-08-20,TWSE,7711,永擎,476.0,490.0,467.0,490.0,856052.0
2026-08-20,TWSE,7721,微程式,61.3,62.1,60.8,61.0,41539.0
2026-08-20,TWSE,7722,LINEPAY,271.5,276.0,271.5,273.0,63849.0
2026-08-20,TWSE,7730,暉盛-創,161.0,171.0,160.0,163.5,129033.0
2026-08-20,TWSE,7732,金興精密,34.0,34.5,33.3,34.3,52000.0
2026-08-20,TWSE,7736,虎山,70.0,70.0,69.3,69.3,10324.0
2026-08-20,TWSE,7740,熙特爾-創,142.0,143.0,141.5,142.0,52074.0
2026-08-20,TWSE,7749,意騰-KY,320.5,334.0,320.0,325.5,140266.0
2026-08-20,TWSE,7750,新代,2475.0,2540.0,2360.0,2515.0,737142.0
2026-08-20,TWSE,7760,享溫馨,33.0,33.0,32.6,33.0,61050.0
2026-08-20,TWSE,7765,中華資安,221.5,223.0,221.0,222.0,35685.0
2026-08-20,TWSE,7768,頌勝科技,273.0,289.5,270.0,289.5,166371.0
2026-08-20,TWSE,7769,鴻勁,6350.0,6705.0,6300.0,6445.0,450430.0
2026-08-20,TWSE,7780,大研生醫*,16.7,16.75,16.55,16.55,492992.0
2026-08-20,TWSE,7786,東方風能,122.0,126.5,121.0,123.5,199649.0
2026-08-20,TWSE,7788,松川精密,272.5,283.5,269.0,274.0,1631800.0
2026-08-20,TWSE,7791,皇家可口,56.3,56.7,56.3,56.7,17656.0
2026-08-20,TWSE,7795,長廣,546.0,570.0,544.0,544.0,885517.0
2026-08-20,TWSE,7799,禾榮科,350.5,353.0,345.0,345.0,128144.0
2026-08-20,TWSE,7803,雲象科技-創,19.25,19.45,19.1,19.15,21330.0
2026-08-20,TWSE,7818,溢泰實業,62.1,62.4,61.9,62.0,39917.0
2026-08-20,TWSE,7821,神數,38.85,38.95,38.7,38.75,59100.0
2026-08-20,TWSE,7822,倍利科,861.0,913.0,861.0,875.0,129730.0
2026-08-20,TWSE,7823,奧義賽博-KY創,84.4,84.4,81.3,83.9,8012.0
2026-08-20,TWSE,7827,漢康-KY創,155.0,155.0,152.5,153.5,111968.0
2026-08-20,TWSE,7835,永悅健康-創,20.15,21.45,19.8,21.45,161604.0
2026-08-20,TWSE,7855,和運租車,43.45,43.5,43.15,43.3,1334829.0
2026-08-20,TWSE,8011,台通,15.75,15.9,15.6,15.8,194633.0
2026-08-20,TWSE,8016,矽創,283.0,298.0,282.5,296.0,1754672.0
2026-08-20,TWSE,8021,尖點,392.0,413.0,391.0,393.5,5308156.0
2026-08-20,TWSE,8028,昇陽半導體,240.0,253.0,240.0,247.0,2493705.0
2026-08-20,TWSE,8033,雷虎,181.0,185.0,176.5,185.0,1149953.0
2026-08-20,TWSE,8039,台虹,270.0,284.0,266.0,271.5,42064679.0
2026-08-20,TWSE,8045,達運光電,51.6,51.7,50.7,50.8,101677.0
2026-08-20,TWSE,8046,南電,1175.0,1280.0,1150.0,1180.0,15143786.0
2026-08-20,TWSE,8070,長華*,53.8,54.5,50.9,51.0,22770769.0
2026-08-20,TWSE,8072,陞泰,26.1,26.75,26.0,26.45,76514.0
2026-08-20,TWSE,8081,致新,250.0,259.0,247.0,257.0,372767.0
2026-08-20,TWSE,8101,華冠,9.89,11.0,9.89,11.0,37062.0
2026-08-20,TWSE,8103,瀚荃,81.1,84.4,80.5,83.6,1654196.0
2026-08-20,TWSE,8104,錸寶,30.85,31.0,30.2,30.3,233254.0
2026-08-20,TWSE,8110,華東,42.85,44.15,42.75,43.45,2716069.0
2026-08-20,TWSE,8112,至上,88.9,91.8,88.3,91.0,8972080.0
2026-08-20,TWSE,8114,振樺電,194.0,199.0,192.0,197.0,481719.0
2026-08-20,TWSE,8131,福懋科,60.8,61.7,60.0,61.0,1544509.0
2026-08-20,TWSE,8150,南茂,85.7,88.6,85.4,87.3,18501550.0
2026-08-20,TWSE,8162,微矽電子-創,55.9,58.8,55.9,57.0,161089.0
2026-08-20,TWSE,8163,達方,30.5,31.35,30.5,31.1,456222.0
2026-08-20,TWSE,8201,無敵,11.55,12.0,11.55,11.8,36592.0
2026-08-20,TWSE,8210,勤誠,1005.0,1035.0,981.0,985.0,2094065.0
2026-08-20,TWSE,8213,志超,32.8,32.95,32.45,32.5,390262.0
2026-08-20,TWSE,8215,明基材,24.0,24.2,23.8,23.9,269918.0
2026-08-20,TWSE,8222,寶一,40.15,41.0,39.1,39.45,924077.0
2026-08-20,TWSE,8249,菱光,39.6,40.65,39.5,39.75,196796.0
2026-08-20,TWSE,8261,富鼎,181.0,202.0,179.5,183.5,11749118.0
2026-08-20,TWSE,8271,宇瞻,218.0,221.0,215.5,219.5,2443973.0
2026-08-20,TWSE,8341,日友,75.8,75.9,75.5,75.7,143604.0
2026-08-20,TWSE,8367,建新國際,40.75,40.75,40.15,40.15,31617.0
2026-08-20,TWSE,8374,羅昇,83.1,86.9,82.4,82.4,570951.0
2026-08-20,TWSE,8404,百和興業-KY,16.0,16.2,16.0,16.1,150550.0
2026-08-20,TWSE,8411,福貞-KY,12.75,12.85,12.65,12.85,34687.0
2026-08-20,TWSE,8422,可寧衛*,27.2,27.25,26.7,26.7,4460715.0
2026-08-20,TWSE,8429,金麗-KY,6.0,6.05,5.98,5.99,98588.0
2026-08-20,TWSE,8438,昶昕,65.8,67.3,65.2,66.5,169523.0
2026-08-20,TWSE,8442,威宏-KY,44.3,44.9,44.25,44.4,33035.0
2026-08-20,TWSE,8443,阿瘦,11.4,11.45,11.3,11.45,13203.0
2026-08-20,TWSE,8454,富邦媒,258.0,262.0,255.5,258.5,314966.0
2026-08-20,TWSE,8462,柏文,173.0,178.5,173.0,174.0,119475.0
2026-08-20,TWSE,8463,潤泰材,21.05,21.25,21.05,21.2,38094.0
2026-08-20,TWSE,8464,億豐,371.0,372.0,360.0,369.0,278438.0
2026-08-20,TWSE,8466,美吉吉-KY,15.55,15.75,15.5,15.5,30112.0
2026-08-20,TWSE,8467,波力-KY,98.8,100.0,97.3,98.5,9071.0
2026-08-20,TWSE,8473,山林水,45.35,45.4,45.0,45.0,374213.0
2026-08-20,TWSE,8476,台境*,20.15,20.15,19.75,19.9,225092.0
2026-08-20,TWSE,8478,東哥遊艇,139.0,139.0,136.5,138.0,150540.0
2026-08-20,TWSE,8481,政伸,40.8,41.1,40.2,40.2,15200.0
2026-08-20,TWSE,8482,商億-KY,48.35,49.5,47.6,47.9,5102.0
2026-08-20,TWSE,8487,愛爾達-創,71.3,71.3,71.0,71.0,4506.0
2026-08-20,TWSE,8488,吉源-KY,9.82,9.9,9.78,9.87,27000.0
2026-08-20,TWSE,8499,鼎炫-KY,267.0,272.0,266.0,269.0,11447.0
2026-08-20,TWSE,8926,台汽電,56.0,57.1,55.4,55.8,3134150.0
2026-08-20,TWSE,8940,新天地,15.25,15.25,15.1,15.2,22872.0
2026-08-20,TWSE,8996,高力,1105.0,1155.0,1105.0,1135.0,2003400.0
2026-08-20,TWSE,9103,美德醫療-DR,5.2,5.25,5.16,5.17,664878.0
2026-08-20,TWSE,9105,泰金寶-DR,8.33,8.52,8.32,8.45,12036528.0
2026-08-20,TWSE,9110,越南控-DR,3.04,3.05,3.0,3.05,19001.0
2026-08-20,TWSE,9136,巨騰-DR,11.75,12.1,11.75,12.0,115380.0
2026-08-20,TWSE,9802,鈺齊-KY,70.2,70.4,69.5,70.3,255487.0
2026-08-20,TWSE,9902,台火,13.8,13.95,13.65,13.65,108135.0
2026-08-20,TWSE,9904,寶成,24.55,24.9,24.3,24.7,17298721.0
2026-08-20,TWSE,9905,大華,21.35,21.45,21.3,21.3,109120.0
2026-08-20,TWSE,9906,欣巴巴,38.65,39.25,38.65,38.8,36936.0
2026-08-20,TWSE,9907,統一實,14.8,15.2,14.75,15.05,3009255.0
2026-08-20,TWSE,9908,大台北,29.0,29.1,28.95,28.95,213705.0
2026-08-20,TWSE,9910,豐泰,68.9,69.4,68.1,68.8,1448912.0
2026-08-20,TWSE,9911,櫻花,82.2,82.7,81.8,82.1,227626.0
2026-08-20,TWSE,9912,偉聯,12.9,12.95,12.75,12.8,53345.0
2026-08-20,TWSE,9914,美利達,80.8,88.6,80.8,88.6,6602643.0
2026-08-20,TWSE,9917,中保科,108.5,109.0,108.0,108.0,237689.0
2026-08-20,TWSE,9918,欣天然,42.5,42.95,42.25,42.4,30872.0
2026-08-20,TWSE,9919,康那香,13.7,13.95,13.7,13.75,210431.0
2026-08-20,TWSE,9921,巨大,97.3,104.5,96.0,104.0,5510403.0
2026-08-20,TWSE,9924,福興,38.3,38.3,38.1,38.15,295197.0
2026-08-20,TWSE,9925,新保,40.0,40.2,39.95,39.95,645441.0
2026-08-20,TWSE,9926,新海,48.6,49.0,48.55,48.55,21296.0
2026-08-20,TWSE,9927,泰銘,68.5,68.8,68.4,68.6,88693.0
2026-08-20,TWSE,9928,中視,18.4,18.65,18.4,18.6,30941.0
2026-08-20,TWSE,9929,秋雨,11.15,11.45,10.8,10.85,23152.0
2026-08-20,TWSE,9930,中聯資源,62.8,63.4,62.5,63.3,76876.0
2026-08-20,TWSE,9931,欣高,33.65,33.9,33.65,33.8,23313.0
2026-08-20,TWSE,9933,中鼎,41.5,41.65,41.15,41.2,1470077.0
2026-08-20,TWSE,9934,成霖,11.35,11.45,11.25,11.25,840435.0
2026-08-20,TWSE,9935,慶豐富,20.4,20.75,20.4,20.75,251130.0
2026-08-20,TWSE,9937,全國,54.7,54.9,54.4,54.9,37002.0
2026-08-20,TWSE,9938,百和,41.1,42.35,40.8,42.2,1245913.0
2026-08-20,TWSE,9939,宏全,128.5,130.5,128.0,130.0,1063567.0
2026-08-20,TWSE,9940,信義,20.6,20.7,20.5,20.5,267855.0
2026-08-20,TWSE,9941,裕融,84.1,85.2,83.5,85.2,792784.0
2026-08-20,TWSE,9942,茂順,113.5,115.5,113.5,114.0,55899.0
2026-08-20,TWSE,9943,好樂迪,50.7,51.0,50.6,50.7,66790.0
2026-08-20,TWSE,9944,新麗,17.5,17.5,17.05,17.4,38653.0
2026-08-20,TWSE,9945,潤泰新,29.5,29.95,29.35,29.8,7505342.0
2026-08-20,TWSE,9946,三發地產,18.85,18.9,18.75,18.85,226890.0
2026-08-20,TWSE,9955,佳龍,24.15,24.45,24.0,24.2,142961.0
2026-08-20,TWSE,9958,世紀鋼,100.0,100.5,99.1,99.5,2358541.0
2026-08-20,TPEX,1240,茂生農經,57.0,57.1,57.0,57.1,3912.0
2026-08-20,TPEX,1259,安心,65.0,65.0,63.6,65.0,129242.0
2026-08-20,TPEX,1264,德麥,257.0,259.0,256.0,256.0,31792.0
2026-08-20,TPEX,1268,漢來美食,182.0,182.0,180.0,180.5,27488.0
2026-08-20,TPEX,1294,漢田生技,55.8,55.8,55.1,55.7,25460.0
2026-08-20,TPEX,1295,生合,45.85,45.85,45.5,45.6,41591.0
2026-08-20,TPEX,1336,台翰,17.55,17.55,17.15,17.25,275245.0
2026-08-20,TPEX,1565,精華,95.5,95.7,94.6,94.8,49119.0
2026-08-20,TPEX,1569,濱川,43.95,46.0,43.25,43.55,592370.0
2026-08-20,TPEX,1570,力肯,33.5,33.5,33.0,33.05,40011.0
2026-08-20,TPEX,1580,新麥,107.5,107.5,106.5,107.5,73706.0
2026-08-20,TPEX,1584,精剛,17.8,18.05,17.8,18.0,294395.0
2026-08-20,TPEX,1586,和勤,18.3,18.45,18.1,18.15,470366.0
2026-08-20,TPEX,1591,駿吉-KY,36.0,36.9,35.1,35.7,257460.0
2026-08-20,TPEX,1593,祺驊,31.85,31.85,31.8,31.85,39743.0
2026-08-20,TPEX,1595,川寶,61.5,63.8,61.5,62.2,158641.0
2026-08-20,TPEX,1599,宏佳騰,23.35,23.35,23.0,23.0,20463.0
2026-08-20,TPEX,1742,台蠟,18.15,18.15,17.5,17.8,204486.0
2026-08-20,TPEX,1777,生泰,73.6,74.0,73.3,74.0,29209.0
2026-08-20,TPEX,1780,立弘,24.95,25.35,24.7,25.0,102317.0
2026-08-20,TPEX,1781,合世,10.9,10.95,10.85,10.95,10173.0
2026-08-20,TPEX,1784,訊聯,60.9,62.0,60.8,61.5,59939.0
2026-08-20,TPEX,1785,光洋科,108.0,108.0,101.5,103.5,6250823.0
2026-08-20,TPEX,1788,杏昌,131.0,131.0,129.5,129.5,11041.0
2026-08-20,TPEX,1796,金穎生技,30.3,30.3,29.35,29.35,14203.0
2026-08-20,TPEX,1799,易威,29.85,30.3,29.85,30.0,69079.0
2026-08-20,TPEX,1813,寶利徠,11.4,11.5,11.4,11.5,12695.0
2026-08-20,TPEX,1815,富喬,102.0,107.5,101.5,107.0,134497060.0
2026-08-20,TPEX,2035,唐榮,,,,,4.0
2026-08-20,TPEX,2061,風青,48.5,50.4,48.5,49.75,1180514.0
2026-08-20,TPEX,2063,世鎧,24.25,24.45,24.15,24.3,35980.0
2026-08-20,TPEX,2064,晉椿,,,,,0.0
2026-08-20,TPEX,2065,世豐,38.45,38.45,36.05,36.25,69572.0
2026-08-20,TPEX,2066,世德,57.6,59.0,57.0,58.0,195948.0
2026-08-20,TPEX,2067,嘉鋼,5.9,5.9,5.42,5.85,12700.0
2026-08-20,TPEX,2070,精湛,65.5,70.5,65.3,68.7,803501.0
2026-08-20,TPEX,2073,雄順,24.9,24.9,24.9,24.9,2451.0
2026-08-20,TPEX,2221,大甲,53.2,55.0,53.2,54.3,326857.0
2026-08-20,TPEX,2230,泰茂,24.45,24.45,24.15,24.15,28006.0
2026-08-20,TPEX,2235,謚源,,,,,0.0
2026-08-20,TPEX,2596,綠意,33.35,33.7,33.35,33.7,64353.0
2026-08-20,TPEX,2640,大車隊,154.0,156.0,154.0,155.5,28615.0
2026-08-20,TPEX,2641,正德,18.7,18.9,18.05,18.35,5216623.0
2026-08-20,TPEX,2643,捷迅,61.8,62.1,61.8,61.9,11375.0
2026-08-20,TPEX,2718,全心投控,49.25,50.2,49.2,49.95,153602.0
2026-08-20,TPEX,2719,燦星旅,20.85,20.9,20.85,20.9,3364.0
2026-08-20,TPEX,2724,藝舍-KY,10.7,10.7,10.7,10.7,1830.0
2026-08-20,TPEX,2726,雅茗-KY,8.5,8.57,8.41,8.51,39092.0
2026-08-20,TPEX,2729,瓦城,160.0,160.5,159.5,160.5,14727.0
2026-08-20,TPEX,2732,六角,64.0,64.5,64.0,64.5,4188.0
2026-08-20,TPEX,2734,易飛網,15.0,15.15,15.0,15.0,12681.0
2026-08-20,TPEX,2736,富野,11.4,11.55,11.4,11.5,8726.0
2026-08-20,TPEX,2740,華軒,29.5,29.5,29.5,29.5,1555.0
2026-08-20,TPEX,2743,山富,57.3,57.8,57.1,57.7,34780.0
2026-08-20,TPEX,2745,五福,88.8,88.8,87.9,88.3,105596.0
2026-08-20,TPEX,2751,王座,54.2,54.2,53.4,53.4,3091.0
2026-08-20,TPEX,2752,豆府,,,,,948.0
2026-08-20,TPEX,2754,亞洲藏壽司,68.9,69.1,68.8,68.8,18572.0
2026-08-20,TPEX,2755,揚秦,102.5,103.0,102.0,102.0,63828.0
2026-08-20,TPEX,2756,聯發國際,60.2,61.8,60.1,61.8,8172.0
2026-08-20,TPEX,2916,滿心,40.3,40.3,40.2,40.25,10191.0
2026-08-20,TPEX,2924,宏太-KY,,,,,0.0
2026-08-20,TPEX,2926,誠品生活,31.55,32.45,30.5,30.5,18025.0
2026-08-20,TPEX,2937,集雅社,48.5,48.5,47.5,48.15,10416.0
2026-08-20,TPEX,2941,米斯特,30.0,30.0,29.6,29.6,2518.0
2026-08-20,TPEX,2947,振宇五金,62.5,62.5,62.5,62.5,3636.0
2026-08-20,TPEX,2948,寶陞,,,,,0.0
2026-08-20,TPEX,2949,欣新網,,,,,10.0
2026-08-20,TPEX,3064,泰偉,,,,,17.0
2026-08-20,TPEX,3066,李洲,23.4,24.4,23.4,23.6,1060586.0
2026-08-20,TPEX,3067,全域,,,,,10.0
2026-08-20,TPEX,3071,協禧,24.5,24.8,24.2,24.4,122777.0
2026-08-20,TPEX,3073,天方能源,22.85,23.0,22.65,22.75,26461.0
2026-08-20,TPEX,3078,僑威,53.7,53.9,53.2,53.5,420458.0
2026-08-20,TPEX,3081,聯亞,2765.0,2830.0,2635.0,2780.0,4730272.0
2026-08-20,TPEX,3083,網龍,23.5,23.55,23.3,23.3,43300.0
2026-08-20,TPEX,3085,新零售,11.3,11.55,11.3,11.55,2001.0
2026-08-20,TPEX,3086,華義*,27.7,28.45,27.0,27.05,104953.0
2026-08-20,TPEX,3088,艾訊,128.0,128.0,124.5,125.0,605645.0
2026-08-20,TPEX,3093,港建*,49.0,49.0,46.65,47.15,271183.0
2026-08-20,TPEX,3095,及成,36.2,36.25,36.05,36.25,4537.0
2026-08-20,TPEX,3105,穩懋,370.0,379.0,359.5,379.0,15797053.0
2026-08-20,TPEX,3114,好德,32.25,32.75,31.9,32.3,191156.0
2026-08-20,TPEX,3115,富榮綱,9.2,9.2,9.1,9.14,4017.0
2026-08-20,TPEX,3118,進階,31.55,31.7,31.55,31.7,17306.0
2026-08-20,TPEX,3122,笙泉,27.7,27.7,25.4,25.6,26377.0
2026-08-20,TPEX,3128,昇銳,22.5,22.5,21.95,22.15,80493.0
2026-08-20,TPEX,3131,弘塑,2430.0,2430.0,2290.0,2320.0,249529.0
2026-08-20,TPEX,3141,晶宏,71.2,72.5,70.5,71.0,262677.0
2026-08-20,TPEX,3147,大綜,221.5,227.0,218.5,224.0,575410.0
2026-08-20,TPEX,3152,璟德,223.5,238.0,221.5,233.5,208848.0
2026-08-20,TPEX,3158,嘉實,,,,,2.0
2026-08-20,TPEX,3162,精確,63.0,63.0,62.0,62.2,303576.0
2026-08-20,TPEX,3163,波若威,730.0,736.0,711.0,736.0,1094261.0
2026-08-20,TPEX,3169,亞信,100.5,100.5,99.2,100.0,49855.0
2026-08-20,TPEX,3171,炎洲流通,63.4,63.4,63.0,63.0,36351.0
2026-08-20,TPEX,3176,基亞,34.95,36.9,34.95,35.55,876011.0
2026-08-20,TPEX,3178,公準,58.5,59.2,57.2,58.9,25010.0
2026-08-20,TPEX,3188,鑫龍騰,23.85,24.2,23.85,24.05,221528.0
2026-08-20,TPEX,3191,雲嘉南,18.15,18.15,17.8,17.8,2093.0
2026-08-20,TPEX,3205,佰研,49.7,49.8,48.55,48.55,7216.0
2026-08-20,TPEX,3206,志豐,34.35,35.5,34.05,34.25,68074.0
2026-08-20,TPEX,3207,耀勝,40.0,41.5,40.0,41.0,158457.0
2026-08-20,TPEX,3211,順達,371.5,380.0,349.0,355.0,7545942.0
2026-08-20,TPEX,3213,茂訊,134.0,134.0,130.5,131.0,295675.0
2026-08-20,TPEX,3217,優群,137.0,137.5,135.5,137.0,389575.0
2026-08-20,TPEX,3218,大學光,135.5,139.0,135.5,137.0,264932.0
2026-08-20,TPEX,3219,倚強科,69.8,70.2,68.4,69.9,162741.0
2026-08-20,TPEX,3221,台嘉碩,49.1,49.8,47.0,48.15,2030059.0
2026-08-20,TPEX,3224,三顧,34.9,34.9,33.85,34.45,30200.0
2026-08-20,TPEX,3226,龍鋒,52.5,52.7,52.0,52.5,12022.0
2026-08-20,TPEX,3227,原相,199.0,200.5,195.5,200.0,838839.0
2026-08-20,TPEX,3228,金麗科,144.0,144.0,139.5,141.5,78718.0
2026-08-20,TPEX,3230,錦明,41.45,43.7,41.45,41.55,562406.0
2026-08-20,TPEX,3232,昱捷,19.6,19.9,19.55,19.9,27001.0
2026-08-20,TPEX,3234,光環,153.0,153.0,142.0,151.0,4161912.0
2026-08-20,TPEX,3236,千如,47.0,47.5,44.35,44.5,4872291.0
2026-08-20,TPEX,3252,海灣,15.8,15.8,15.8,15.8,11000.0
2026-08-20,TPEX,3259,鑫創,10.25,10.8,10.25,10.8,307447.0
2026-08-20,TPEX,3260,威剛,396.0,404.0,391.0,401.0,6487803.0
2026-08-20,TPEX,3264,欣銓,209.0,211.0,205.0,208.5,2342823.0
2026-08-20,TPEX,3265,台星科,183.0,186.5,171.0,174.5,4045120.0
2026-08-20,TPEX,3268,海德威,17.75,18.15,17.6,18.0,93427.0
2026-08-20,TPEX,3272,東碩,14.1,14.15,14.0,14.0,39207.0
2026-08-20,TPEX,3276,宇環,14.55,14.6,14.3,14.5,49212.0
2026-08-20,TPEX,3284,太普高,20.8,20.95,20.55,20.65,54114.0
2026-08-20,TPEX,3285,微端,36.6,37.75,36.5,37.1,24271.0
2026-08-20,TPEX,3287,廣寰科,38.25,38.5,37.5,37.5,419043.0
2026-08-20,TPEX,3288,點晶,22.25,22.25,20.8,21.4,73067.0
2026-08-20,TPEX,3289,宜特,136.5,138.0,133.0,137.5,363692.0
2026-08-20,TPEX,3290,東浦,51.3,51.4,50.0,50.7,477923.0
2026-08-20,TPEX,3293,鈊象,751.0,775.0,748.0,758.0,2664354.0
2026-08-20,TPEX,3294,英濟,30.85,31.25,30.35,30.4,277711.0
2026-08-20,TPEX,3297,杭特,28.3,28.3,26.8,26.85,23267.0
2026-08-20,TPEX,3303,岱稜,53.9,55.1,53.1,53.6,545318.0
2026-08-20,TPEX,3306,鼎天,44.4,44.9,44.25,44.65,93013.0
2026-08-20,TPEX,3310,佳穎,69.5,69.5,68.0,68.1,25021.0
2026-08-20,TPEX,3313,斐成,10.2,10.3,10.2,10.25,49856.0
2026-08-20,TPEX,3317,尼克森,68.4,68.7,66.0,66.5,377301.0
2026-08-20,TPEX,3322,建舜電,11.35,11.4,11.2,11.3,110325.0
2026-08-20,TPEX,3323,加百裕,29.95,30.1,29.5,29.8,269564.0
2026-08-20,TPEX,3324,雙鴻,1000.0,1005.0,970.0,993.0,1248698.0
2026-08-20,TPEX,3325,旭品,11.4,11.4,11.1,11.3,75437.0
2026-08-20,TPEX,3332,幸康,,,,,282.0
2026-08-20,TPEX,3339,泰谷,37.65,38.2,37.45,37.95,429079.0
2026-08-20,TPEX,3349,寶德,23.4,24.2,23.15,23.45,70000.0
2026-08-20,TPEX,3354,律勝,20.8,20.8,20.15,20.45,71640.0
2026-08-20,TPEX,3357,臺慶科,221.0,222.0,212.5,214.0,1244482.0
2026-08-20,TPEX,3360,尚立,15.9,15.9,15.5,15.6,462875.0
2026-08-20,TPEX,3362,先進光,183.5,194.5,182.5,186.0,12453981.0
2026-08-20,TPEX,3363,上詮,589.0,612.0,589.0,610.0,2963745.0
2026-08-20,TPEX,3372,典範,15.05,15.05,14.8,14.9,198432.0
2026-08-20,TPEX,3373,熱映,16.6,16.9,16.6,16.65,60818.0
2026-08-20,TPEX,3374,精材,321.0,328.5,294.5,303.5,28742665.0
2026-08-20,TPEX,3379,彬台,29.45,29.55,29.0,29.25,89524.0
2026-08-20,TPEX,3388,崇越電,94.4,98.0,93.0,94.1,5472007.0
2026-08-20,TPEX,3390,旭軟,21.45,21.7,21.3,21.45,165869.0
2026-08-20,TPEX,3402,漢科,123.0,123.0,120.0,121.5,164994.0
2026-08-20,TPEX,3430,奇鈦科,118.5,123.0,117.0,119.5,983275.0
2026-08-20,TPEX,3434,哲固,31.45,31.5,30.85,30.9,81933.0
2026-08-20,TPEX,3438,類比科,57.7,57.7,56.5,57.5,33806.0
2026-08-20,TPEX,3441,聯一光,93.3,97.3,91.7,97.3,17339933.0
2026-08-20,TPEX,3444,利機,77.0,79.8,76.1,79.8,275951.0
2026-08-20,TPEX,3455,由田,248.0,249.5,238.0,243.0,1865222.0
2026-08-20,TPEX,3465,進泰電子,29.4,29.5,29.4,29.4,16086.0
2026-08-20,TPEX,3466,德晉,24.9,25.0,24.1,24.45,104090.0
2026-08-20,TPEX,3467,台灣精材,45.95,45.95,45.35,45.75,11380.0
2026-08-20,TPEX,3479,安勤,131.0,133.0,129.5,130.0,440737.0
2026-08-20,TPEX,3483,力致,71.7,72.3,71.0,71.5,151081.0
2026-08-20,TPEX,3484,崧騰,51.7,51.8,50.3,50.7,228553.0
2026-08-20,TPEX,3485,敘豐,218.0,222.0,218.0,222.0,170656.0
2026-08-20,TPEX,3489,森寶,22.3,23.0,21.45,21.7,1042926.0
2026-08-20,TPEX,3490,單井,47.5,49.25,47.15,49.15,3556546.0
2026-08-20,TPEX,3491,昇達科,1260.0,1305.0,1235.0,1285.0,1016067.0
2026-08-20,TPEX,3492,長盛,19.8,20.15,19.8,20.05,85829.0
2026-08-20,TPEX,3498,陽程,190.5,190.5,176.0,183.5,2193617.0
2026-08-20,TPEX,3499,環天科,12.75,12.75,12.5,12.75,14084.0
2026-08-20,TPEX,3508,位速,24.75,25.0,23.6,25.0,1908295.0
2026-08-20,TPEX,3511,矽瑪,19.45,19.55,19.35,19.45,101216.0
2026-08-20,TPEX,3512,皇龍,19.7,19.7,19.6,19.7,7601.0
2026-08-20,TPEX,3516,亞帝歐,26.35,26.35,25.45,25.8,10609.0
2026-08-20,TPEX,3520,華盈,18.45,18.85,17.9,18.0,456381.0
2026-08-20,TPEX,3521,台鋼建設,12.15,12.55,12.15,12.2,14046.0
2026-08-20,TPEX,3522,御嵿,11.55,11.6,11.4,11.6,41293.0
2026-08-20,TPEX,3523,迎輝,15.0,15.0,14.7,14.7,25001.0
2026-08-20,TPEX,3526,凡甲,283.5,286.5,281.5,282.5,216388.0
2026-08-20,TPEX,3527,聚積,51.0,51.5,50.7,51.2,35881.0
2026-08-20,TPEX,3529,力旺,2320.0,2320.0,2200.0,2210.0,565920.0
2026-08-20,TPEX,3531,先益,21.8,21.8,21.2,21.35,12109.0
2026-08-20,TPEX,3537,堡達,57.5,57.8,54.7,55.0,679636.0
2026-08-20,TPEX,3540,曜越,20.85,22.0,20.6,21.65,1354454.0
2026-08-20,TPEX,3541,西柏,21.8,21.95,21.75,21.95,24134.0
2026-08-20,TPEX,3546,宇峻,72.0,72.4,71.7,72.2,79959.0
2026-08-20,TPEX,3548,兆利,74.5,75.2,74.4,75.2,93506.0
2026-08-20,TPEX,3551,世禾,174.0,176.5,173.0,176.0,234119.0
2026-08-20,TPEX,3552,同致,46.1,46.1,45.3,46.0,80598.0
2026-08-20,TPEX,3555,博士旺,168.5,168.5,162.5,166.5,32149.0
2026-08-20,TPEX,3556,禾瑞亞,62.6,65.4,61.9,63.0,624589.0
2026-08-20,TPEX,3558,神準,125.5,125.5,124.0,124.0,62704.0
2026-08-20,TPEX,3564,其陽,47.7,47.7,46.05,46.1,53198.0
2026-08-20,TPEX,3567,逸昌,25.35,25.55,25.35,25.45,9007.0
2026-08-20,TPEX,3570,大塚,163.0,164.0,162.5,164.0,14883.0
2026-08-20,TPEX,3577,泓格,120.0,122.0,114.5,115.0,486018.0
2026-08-20,TPEX,3580,友威科,79.1,79.6,77.8,78.3,120506.0
2026-08-20,TPEX,3581,博磊,107.0,107.5,105.0,106.0,252735.0
2026-08-20,TPEX,3587,閎康,252.0,252.5,242.5,243.5,577542.0
2026-08-20,TPEX,3594,磐儀,52.0,52.4,50.6,51.4,727082.0
2026-08-20,TPEX,3597,映興,26.6,27.75,26.6,27.1,31014.0
2026-08-20,TPEX,3609,三一東林,24.25,24.25,23.0,23.0,114569.0
2026-08-20,TPEX,3611,鼎翰,189.0,189.0,187.0,187.5,24990.0
2026-08-20,TPEX,3615,安可,37.3,37.3,35.75,36.5,350036.0
2026-08-20,TPEX,3623,富晶通,21.35,21.55,21.3,21.55,15045.0
2026-08-20,TPEX,3624,光頡,90.4,92.4,85.4,86.3,6478762.0
2026-08-20,TPEX,3625,西勝,11.35,12.6,11.35,11.75,3488216.0
2026-08-20,TPEX,3628,盈正,69.0,69.0,67.6,68.4,37283.0
2026-08-20,TPEX,3629,地心引力,,,,,0.0
2026-08-20,TPEX,3630,新鉅科,25.45,26.5,25.3,25.4,664023.0
2026-08-20,TPEX,3631,晟楠,41.5,42.1,39.5,40.0,474335.0
2026-08-20,TPEX,3632,研勤,7.2,7.2,7.19,7.19,7523.0
2026-08-20,TPEX,3646,艾恩特,23.4,23.95,23.2,23.6,30083.0
2026-08-20,TPEX,3663,鑫科,62.3,63.1,61.4,61.6,218447.0
2026-08-20,TPEX,3664,安瑞-KY,5.55,5.66,5.55,5.56,14003.0
2026-08-20,TPEX,3666,光耀,25.0,25.15,24.75,25.15,10065.0
2026-08-20,TPEX,3672,康聯訊,12.5,12.55,12.5,12.55,7505.0
2026-08-20,TPEX,3675,德微,281.0,285.5,266.0,269.0,1013494.0
2026-08-20,TPEX,3680,家登,470.5,471.0,458.0,468.0,539836.0
2026-08-20,TPEX,3684,榮昌,52.6,53.8,52.6,53.8,17413.0
2026-08-20,TPEX,3685,元創精密,36.6,36.65,35.4,35.4,219514.0
2026-08-20,TPEX,3687,歐買尬,65.3,65.7,64.6,64.6,33510.0
2026-08-20,TPEX,3689,湧德,108.5,108.5,105.5,106.5,527474.0
2026-08-20,TPEX,3691,碩禾,102.0,103.0,100.5,101.5,237825.0
2026-08-20,TPEX,3693,營邦,514.0,523.0,500.0,516.0,516295.0
2026-08-20,TPEX,3707,漢磊,62.2,63.4,61.3,62.9,2239430.0
2026-08-20,TPEX,3709,鑫聯大投控,68.2,68.8,67.1,67.5,333584.0
2026-08-20,TPEX,3710,連展投控,5.25,5.3,5.15,5.25,94159.0
2026-08-20,TPEX,3713,新晶投控,14.8,14.8,14.7,14.7,11513.0
2026-08-20,TPEX,4102,永日,19.1,19.2,18.95,19.1,7107.0
2026-08-20,TPEX,4105,東洋,77.6,79.6,77.4,79.0,1999613.0
2026-08-20,TPEX,4107,邦特,114.0,114.5,113.5,114.5,49397.0
2026-08-20,TPEX,4109,加捷生醫,11.25,11.3,11.15,11.25,70631.0
2026-08-20,TPEX,4111,濟生,30.1,30.15,30.0,30.05,97411.0
2026-08-20,TPEX,4113,聯上,14.8,14.9,14.6,14.7,114250.0
2026-08-20,TPEX,4114,健喬,30.4,31.4,30.4,31.25,3173329.0
2026-08-20,TPEX,4116,明基醫,39.2,39.55,39.05,39.2,52178.0
2026-08-20,TPEX,4120,友華,47.3,47.5,47.0,47.5,20544.0
2026-08-20,TPEX,4121,優盛,13.2,13.2,13.05,13.2,12043.0
2026-08-20,TPEX,4123,晟德,32.8,32.85,32.25,32.4,1306360.0
2026-08-20,TPEX,4126,太醫,77.5,77.9,77.3,77.8,53293.0
2026-08-20,TPEX,4127,天良,89.0,90.1,86.4,87.6,215055.0
2026-08-20,TPEX,4128,中天,15.2,15.6,15.2,15.25,1783974.0
2026-08-20,TPEX,4129,聯合,87.7,89.0,87.7,89.0,145153.0
2026-08-20,TPEX,4131,浩泰,31.55,31.95,31.2,31.95,11200.0
2026-08-20,TPEX,4138,曜亞,51.1,51.2,51.0,51.2,12885.0
2026-08-20,TPEX,4139,馬光-KY,37.0,39.25,37.0,39.25,5000.0
2026-08-20,TPEX,4147,中裕,63.9,64.5,62.9,63.7,1021334.0
2026-08-20,TPEX,4153,鈺緯,32.7,32.8,32.65,32.8,11396.0
2026-08-20,TPEX,4154,樂威科-KY,11.55,11.8,11.55,11.8,12000.0
2026-08-20,TPEX,4157,太景*-KY,8.78,9.06,8.77,9.0,701420.0
2026-08-20,TPEX,4160,訊聯基因,42.2,42.2,39.4,39.95,77946.0
2026-08-20,TPEX,4161,聿新科,22.9,23.0,22.7,22.95,13828.0
2026-08-20,TPEX,4162,智擎,59.0,59.7,58.9,59.3,264738.0
2026-08-20,TPEX,4163,鐿鈦,145.5,147.5,141.0,144.5,134314.0
2026-08-20,TPEX,4166,友霖,24.0,24.2,23.85,24.05,49330.0
2026-08-20,TPEX,4167,松瑞藥,19.95,21.0,19.95,20.7,3222806.0
2026-08-20,TPEX,4168,醣聯,22.8,22.8,22.15,22.6,90095.0
2026-08-20,TPEX,4171,瑞基,17.3,17.35,17.0,17.05,56378.0
2026-08-20,TPEX,4173,久裕,17.4,17.5,17.4,17.4,38580.0
2026-08-20,TPEX,4174,浩鼎,26.45,27.3,26.3,26.9,575401.0
2026-08-20,TPEX,4175,杏一,50.8,51.2,50.8,51.2,13123.0
2026-08-20,TPEX,4183,福永生技,14.5,14.6,14.0,14.0,11000.0
2026-08-20,TPEX,4188,安克,10.05,10.05,9.93,10.0,12255.0
2026-08-20,TPEX,4192,杏國,19.0,20.0,19.0,19.45,11727.0
2026-08-20,TPEX,4198,欣大健康,42.9,42.9,42.9,42.9,1196.0
2026-08-20,TPEX,4205,中華食,69.1,69.1,69.0,69.1,10003.0
2026-08-20,TPEX,4207,環泰,20.8,20.9,20.35,20.5,99515.0
2026-08-20,TPEX,4303,信立,48.85,50.5,48.7,50.0,1654271.0
2026-08-20,TPEX,4304,勝昱,23.4,23.4,23.4,23.4,80753.0
2026-08-20,TPEX,4305,世坤,43.5,43.5,43.2,43.2,2001.0
2026-08-20,TPEX,4401,東隆興,14.3,14.3,14.0,14.05,24704.0
2026-08-20,TPEX,4402,郡都開發,15.25,15.25,14.8,14.8,28250.0
2026-08-20,TPEX,4406,新昕纖,10.05,10.05,10.05,10.05,6001.0
2026-08-20,TPEX,4413,飛寶企業,19.65,19.65,19.4,19.4,32145.0
2026-08-20,TPEX,4416,三圓,12.4,12.85,12.3,12.5,1144138.0
2026-08-20,TPEX,4417,金洲,47.3,47.6,46.75,47.3,49421.0
2026-08-20,TPEX,4419,皇家美食,46.25,46.85,46.25,46.85,2457.0
2026-08-20,TPEX,4420,光明,36.25,36.95,36.25,36.95,14625.0
2026-08-20,TPEX,4430,耀億,19.0,19.35,18.65,19.0,179020.0
2026-08-20,TPEX,4432,銘旺實,15.75,16.0,15.7,15.7,7334.0
2026-08-20,TPEX,4433,興采,19.05,19.1,19.0,19.1,88551.0
2026-08-20,TPEX,4442,竣邦-KY,51.6,51.9,51.3,51.4,77223.0
2026-08-20,TPEX,4502,健信,15.65,15.75,15.55,15.75,32000.0
2026-08-20,TPEX,4503,金雨,24.7,24.7,24.1,24.35,174797.0
2026-08-20,TPEX,4506,崇友,122.5,123.5,122.0,123.0,40320.0
2026-08-20,TPEX,4510,高鋒,46.15,46.5,44.85,45.3,1744444.0
2026-08-20,TPEX,4513,福裕,16.75,16.9,16.4,16.4,335325.0
2026-08-20,TPEX,4523,永彰,23.9,24.65,23.9,24.6,24093.0
2026-08-20,TPEX,4527,方土霖,40.9,40.9,40.5,40.7,18051.0
2026-08-20,TPEX,4528,江興鍛,15.1,15.2,15.05,15.2,8682.0
2026-08-20,TPEX,4529,淳紳,3.15,3.25,3.15,3.2,25000.0
2026-08-20,TPEX,4530,宏易,26.8,26.8,26.6,26.8,26043.0
2026-08-20,TPEX,4533,協易機,26.3,26.3,25.5,25.85,414888.0
2026-08-20,TPEX,4534,慶騰,30.0,30.9,30.0,30.15,369923.0
2026-08-20,TPEX,4535,至興,28.45,28.5,28.3,28.5,4000.0
2026-08-20,TPEX,4538,大詠城,17.55,17.55,17.3,17.4,12001.0
2026-08-20,TPEX,4541,晟田,67.6,71.9,67.2,67.6,5579513.0
2026-08-20,TPEX,4542,科嶠,258.0,261.0,248.0,251.0,471339.0
2026-08-20,TPEX,4543,萬在,32.0,32.4,31.85,32.15,33880.0
2026-08-20,TPEX,4549,桓達,101.0,103.0,101.0,102.5,68121.0
2026-08-20,TPEX,4550,長佳,24.4,24.55,24.25,24.4,45420.0
2026-08-20,TPEX,4554,橙的,33.0,33.0,31.9,32.4,44791.0
2026-08-20,TPEX,4556,旭然,76.8,78.1,74.1,74.8,280517.0
2026-08-20,TPEX,4558,寶緯,16.8,16.8,16.6,16.7,31364.0
2026-08-20,TPEX,4561,健椿,48.75,49.1,46.2,47.1,667417.0
2026-08-20,TPEX,4563,百德,39.55,40.0,39.0,39.35,29959.0
2026-08-20,TPEX,4568,科際精密,39.5,39.5,39.5,39.5,3251.0
2026-08-20,TPEX,4577,達航科技,77.0,78.7,76.1,77.2,225345.0
2026-08-20,TPEX,4580,捷流閥業,79.2,79.2,78.5,78.6,33406.0
2026-08-20,TPEX,4584,君帆,39.75,39.75,39.0,39.0,4176.0
2026-08-20,TPEX,4609,唐鋒,4.54,4.57,4.54,4.57,9002.0
2026-08-20,TPEX,4702,中美實,9.77,9.8,9.66,9.68,85588.0
2026-08-20,TPEX,4706,大恭,32.5,32.5,32.0,32.0,9001.0
2026-08-20,TPEX,4707,磐亞,31.4,32.55,31.3,32.55,1761237.0
2026-08-20,TPEX,4711,永純,16.7,16.75,16.65,16.7,44809.0
2026-08-20,TPEX,4714,永捷,10.5,10.65,10.45,10.55,428323.0
2026-08-20,TPEX,4716,大立,16.9,17.15,16.4,17.0,599639.0
2026-08-20,TPEX,4721,美琪瑪,74.2,74.6,72.8,73.4,259446.0
2026-08-20,TPEX,4726,永昕,24.75,25.0,24.0,24.75,150368.0
2026-08-20,TPEX,4728,雙美,,,,,750.0
2026-08-20,TPEX,4729,熒茂,19.0,19.15,18.8,19.0,118141.0
2026-08-20,TPEX,4735,豪展,40.5,40.8,39.0,39.0,357553.0
2026-08-20,TPEX,4741,泓瀚,42.55,42.55,40.9,41.65,54872.0
2026-08-20,TPEX,4743,合一,48.1,49.35,48.1,48.3,2290333.0
2026-08-20,TPEX,4744,皇將,28.15,28.9,28.0,28.25,46553.0
2026-08-20,TPEX,4745,合富-KY,11.7,11.9,11.55,11.9,22500.0
2026-08-20,TPEX,4749,新應材,776.0,779.0,759.0,761.0,314360.0
2026-08-20,TPEX,4754,國碳科,38.1,38.25,38.05,38.05,17836.0
2026-08-20,TPEX,4760,勤凱,254.0,258.5,247.0,254.5,239274.0
2026-08-20,TPEX,4767,誠泰科技,27.4,27.4,27.4,27.4,5134.0
2026-08-20,TPEX,4768,晶呈科技,301.5,316.5,298.0,314.0,334306.0
2026-08-20,TPEX,4772,台特化,248.5,254.0,246.5,249.0,321962.0
2026-08-20,TPEX,4806,桂田文創,9.27,9.27,9.27,9.27,1251.0
2026-08-20,TPEX,4903,聯光通,35.0,35.8,34.5,34.7,340677.0
2026-08-20,TPEX,4905,台聯電,90.2,93.9,87.5,90.3,123028.0
2026-08-20,TPEX,4907,富宇,47.15,47.6,47.0,47.2,51554.0
2026-08-20,TPEX,4908,前鼎,152.5,156.5,149.0,154.0,804869.0
2026-08-20,TPEX,4909,新復興,37.7,38.5,37.55,38.5,381234.0
2026-08-20,TPEX,4911,德英,28.05,28.85,27.6,28.85,58991.0
2026-08-20,TPEX,4923,力士,53.9,54.7,52.3,53.4,206397.0
2026-08-20,TPEX,4924,欣厚-KY,9.72,9.76,9.72,9.76,4050.0
2026-08-20,TPEX,4931,新盛力,273.0,275.0,259.0,273.0,2111125.0
2026-08-20,TPEX,4933,友輝,53.1,53.9,53.1,53.9,25977.0
2026-08-20,TPEX,4939,亞電,60.8,66.4,60.8,62.7,21903380.0
2026-08-20,TPEX,4946,辣椒,89.7,92.6,89.1,92.0,54159.0
2026-08-20,TPEX,4950,金耘國際,16.05,16.05,15.8,15.85,7064.0
2026-08-20,TPEX,4951,精拓科,76.8,77.6,76.6,77.3,85289.0
2026-08-20,TPEX,4953,緯致,123.0,123.5,122.0,123.0,78537.0
2026-08-20,TPEX,4966,譜瑞-KY,579.0,586.0,561.0,567.0,1063226.0
2026-08-20,TPEX,4971,IET-KY,529.0,580.0,505.0,580.0,5108498.0
2026-08-20,TPEX,4972,湯石照明,16.45,16.55,16.45,16.55,7416.0
2026-08-20,TPEX,4973,廣穎,151.0,153.5,148.0,152.0,1226650.0
2026-08-20,TPEX,4974,亞泰,68.6,68.9,68.2,68.9,131857.0
2026-08-20,TPEX,4979,華星光,542.0,570.0,518.0,570.0,1605168.0
2026-08-20,TPEX,4991,環宇-KY,505.0,520.0,480.0,520.0,1429612.0
2026-08-20,TPEX,4995,晶達,49.1,49.1,48.5,48.5,11039.0
2026-08-20,TPEX,5009,榮剛,33.2,34.6,33.2,34.25,4338973.0
2026-08-20,TPEX,5011,久陽,17.45,17.55,17.35,17.55,44295.0
2026-08-20,TPEX,5013,強新,26.35,27.1,26.35,26.5,37954.0
2026-08-20,TPEX,5014,建錩,10.1,10.2,10.05,10.15,130953.0
2026-08-20,TPEX,5015,華祺,22.2,22.2,21.8,21.8,3230.0
2026-08-20,TPEX,5016,松和,24.5,24.75,24.5,24.7,17000.0
2026-08-20,TPEX,5201,凱衛,27.0,28.3,26.65,26.7,51651.0
2026-08-20,TPEX,5202,力新,11.9,12.0,11.9,11.9,90480.0
2026-08-20,TPEX,5205,中茂,20.9,20.9,20.9,20.9,2129.0
2026-08-20,TPEX,5206,坤悅,22.65,22.65,21.95,22.35,329477.0
2026-08-20,TPEX,5209,新鼎,161.5,163.0,161.5,162.0,61343.0
2026-08-20,TPEX,5210,寶碩,28.65,28.8,28.2,28.65,146132.0
2026-08-20,TPEX,5211,蒙恬,19.2,19.35,19.15,19.25,16003.0
2026-08-20,TPEX,5212,凌網,46.7,46.7,46.6,46.6,3073.0
2026-08-20,TPEX,5213,亞昕,21.2,21.3,21.0,21.2,176797.0
2026-08-20,TPEX,5220,萬達光電,19.9,19.95,19.8,19.9,8010.0
2026-08-20,TPEX,5223,安力-KY,24.3,24.3,23.65,23.65,6503.0
2026-08-20,TPEX,5227,立凱-KY,31.5,32.05,30.0,31.0,470893.0
2026-08-20,TPEX,5228,鈺鎧,43.35,43.6,41.5,41.9,260284.0
2026-08-20,TPEX,5230,雷笛克光學,17.8,17.8,17.55,17.55,76107.0
2026-08-20,TPEX,5245,智晶,23.1,23.4,23.1,23.4,17102.0
2026-08-20,TPEX,5251,天鉞電,25.2,25.2,24.8,24.8,22537.0
2026-08-20,TPEX,5263,智崴,87.5,89.3,87.5,88.1,124990.0
2026-08-20,TPEX,5272,笙科,17.35,17.35,16.85,17.05,94737.0
2026-08-20,TPEX,5274,信驊,15710.0,16280.0,15200.0,15750.0,262649.0
2026-08-20,TPEX,5276,達輝-KY,19.8,19.9,19.2,19.4,23125.0
2026-08-20,TPEX,5278,尚凡*,24.55,24.55,24.25,24.35,19053.0
2026-08-20,TPEX,5287,數字,153.0,154.5,153.0,153.5,65879.0
2026-08-20,TPEX,5289,宜鼎,1525.0,1550.0,1475.0,1490.0,2039112.0
2026-08-20,TPEX,5291,邑昇,56.3,58.8,55.7,57.1,792631.0
2026-08-20,TPEX,5299,杰力,100.5,101.0,98.4,98.7,266990.0
2026-08-20,TPEX,5301,寶得利,,,,,1248.0
2026-08-20,TPEX,5302,太欣,10.4,10.5,10.2,10.2,395738.0
2026-08-20,TPEX,5309,系統電,52.7,53.5,51.8,52.5,748498.0
2026-08-20,TPEX,5310,天剛,25.2,25.9,25.15,25.9,15822.0
2026-08-20,TPEX,5312,寶島科,89.8,91.9,89.8,91.0,48018.0
2026-08-20,TPEX,5314,世紀*,23.65,23.65,23.65,23.65,4015566.0
2026-08-20,TPEX,5315,光聯,19.05,19.2,19.0,19.2,149793.0
2026-08-20,TPEX,5321,美而快,71.5,72.7,67.5,71.9,665963.0
2026-08-20,TPEX,5324,士開,12.25,12.3,12.2,12.2,188664.0
2026-08-20,TPEX,5328,華容,63.7,64.5,61.0,62.3,8106918.0
2026-08-20,TPEX,5340,建榮,76.8,82.0,76.8,78.2,4151901.0
2026-08-20,TPEX,5344,立衛,13.65,13.7,13.65,13.65,28201.0
2026-08-20,TPEX,5345,馥鴻,21.2,21.9,20.75,21.9,12220.0
2026-08-20,TPEX,5347,世界,153.0,154.5,149.0,153.5,9140141.0
2026-08-20,TPEX,5348,正能量智能,16.1,16.45,16.1,16.45,2100.0
2026-08-20,TPEX,5351,鈺創,127.0,127.5,116.5,118.0,29379244.0
2026-08-20,TPEX,5353,台林,28.3,28.3,27.8,28.1,13370.0
2026-08-20,TPEX,5355,佳總,5.65,6.0,5.5,6.0,71113.0
2026-08-20,TPEX,5356,協益,26.05,26.05,25.85,25.95,15696.0
2026-08-20,TPEX,5364,力麗店,8.68,8.68,8.56,8.59,37346.0
2026-08-20,TPEX,5371,中光電,85.2,87.5,84.3,84.3,4366071.0
2026-08-20,TPEX,5381,光譜,24.0,24.25,23.7,23.95,284675.0
2026-08-20,TPEX,5386,青雲,236.5,238.0,226.5,230.5,659064.0
2026-08-20,TPEX,5392,能率,46.5,47.05,45.0,45.1,1682795.0
2026-08-20,TPEX,5398,慕康生醫,14.25,14.3,14.05,14.05,125112.0
2026-08-20,TPEX,5403,中菲,92.8,92.8,92.0,92.7,22692.0
2026-08-20,TPEX,5410,國眾,35.8,36.05,35.7,35.9,168078.0
2026-08-20,TPEX,5425,台半,92.8,95.7,88.1,90.3,28128803.0
2026-08-20,TPEX,5426,振發,27.4,27.6,26.9,27.2,267427.0
2026-08-20,TPEX,5432,新門,151.5,153.0,149.0,151.5,203382.0
2026-08-20,TPEX,5438,東友,16.95,17.0,16.9,16.9,26197.0
2026-08-20,TPEX,5439,高技,236.5,249.0,233.0,243.5,2914920.0
2026-08-20,TPEX,5443,均豪,106.0,106.0,102.5,104.0,727029.0
2026-08-20,TPEX,5450,南良,15.2,15.25,15.15,15.15,26005.0
2026-08-20,TPEX,5452,佶優,26.75,26.85,26.45,26.7,193444.0
2026-08-20,TPEX,5455,昇益,29.55,29.55,29.55,29.55,1000.0
2026-08-20,TPEX,5457,宣德,27.15,27.2,26.85,27.2,183761.0
2026-08-20,TPEX,5460,同協,15.95,16.05,15.95,16.05,16819.0
2026-08-20,TPEX,5464,霖宏,71.5,71.5,68.0,70.6,326468.0
2026-08-20,TPEX,5465,富驊,24.3,24.3,24.1,24.25,51751.0
2026-08-20,TPEX,5468,凱鈺,28.5,28.5,27.2,27.7,252907.0
2026-08-20,TPEX,5474,聰泰,161.5,162.5,157.0,158.5,174462.0
2026-08-20,TPEX,5475,德宏,180.5,187.0,170.0,176.0,1412517.0
2026-08-20,TPEX,5478,智冠,98.8,99.6,98.6,98.9,42367.0
2026-08-20,TPEX,5481,新華,19.5,20.55,19.5,20.25,485774.0
2026-08-20,TPEX,5483,中美晶,181.5,187.0,177.5,186.5,17261616.0
2026-08-20,TPEX,5487,通泰,29.1,31.2,28.5,31.2,91228.0
2026-08-20,TPEX,5488,松普,12.5,12.5,12.15,12.4,284610.0
2026-08-20,TPEX,5489,彩富,41.2,42.3,41.2,41.6,49035.0
2026-08-20,TPEX,5490,同亨,30.0,30.45,29.7,30.0,669729.0
2026-08-20,TPEX,5493,三聯,78.8,79.4,78.2,78.9,28112.0
2026-08-20,TPEX,5498,凱崴,49.85,52.2,49.05,50.7,1636676.0
2026-08-20,TPEX,5508,永信建,53.2,53.6,52.7,53.5,301222.0
2026-08-20,TPEX,5511,德昌,71.0,72.8,71.0,72.8,241813.0
2026-08-20,TPEX,5512,力麒,7.8,7.88,7.8,7.84,373161.0
2026-08-20,TPEX,5514,三豐,14.6,14.65,14.15,14.65,21600.0
2026-08-20,TPEX,5516,雙喜,11.75,11.75,11.6,11.65,29107.0
2026-08-20,TPEX,5520,力泰,83.0,83.0,82.8,82.8,2002.0
2026-08-20,TPEX,5523,豐謙,30.35,30.35,30.35,30.35,7930.0
2026-08-20,TPEX,5529,鉅陞,21.0,21.65,21.0,21.6,143276.0
2026-08-20,TPEX,5530,龍巖,49.9,50.8,49.9,50.1,377583.0
2026-08-20,TPEX,5536,聖暉*,893.0,924.0,856.0,878.0,3523589.0
2026-08-20,TPEX,5543,桓鼎-KY,24.95,24.95,24.15,24.15,8000.0
2026-08-20,TPEX,5547,久舜,20.1,20.1,19.95,20.0,33100.0
2026-08-20,TPEX,5548,安倉,20.6,20.75,20.6,20.75,4200.0
2026-08-20,TPEX,5601,台聯櫃,30.5,30.5,30.5,30.5,4000.0
2026-08-20,TPEX,5603,陸海,14.45,14.65,14.3,14.6,109903.0
2026-08-20,TPEX,5604,中連,30.6,30.6,30.55,30.55,4151.0
2026-08-20,TPEX,5609,中菲行,78.4,78.6,77.9,78.1,145525.0
2026-08-20,TPEX,5701,劍湖山,4.19,4.2,4.0,4.2,95670.0
2026-08-20,TPEX,5703,亞都,14.95,15.0,14.9,14.9,8000.0
2026-08-20,TPEX,5704,老爺知,22.4,23.15,22.4,23.0,194942.0
2026-08-20,TPEX,5864,致和證,33.1,34.1,32.7,34.0,2148522.0
2026-08-20,TPEX,5878,台名,38.5,38.5,38.5,38.5,5000.0
2026-08-20,TPEX,5902,德記,35.2,35.2,34.5,34.75,5034.0
2026-08-20,TPEX,5903,全家,185.0,186.0,184.5,185.0,12377.0
2026-08-20,TPEX,5904,寶雅*,77.5,78.2,75.6,75.9,10958532.0
2026-08-20,TPEX,5905,南仁湖,7.91,7.93,7.87,7.91,291421.0
2026-08-20,TPEX,6015,宏遠證,15.6,15.75,15.3,15.75,1144915.0
2026-08-20,TPEX,6016,康和證,19.2,19.4,19.0,19.35,2243033.0
2026-08-20,TPEX,6020,大展證,20.4,20.4,20.35,20.4,7001.0
2026-08-20,TPEX,6021,美好證,36.15,36.4,35.8,36.35,82818.0
2026-08-20,TPEX,6023,元大期,83.5,83.8,82.3,82.5,702137.0
2026-08-20,TPEX,6026,福邦證,14.55,14.65,14.5,14.65,573916.0
2026-08-20,TPEX,6028,公勝保經,99.0,99.5,98.0,99.5,28016.0
2026-08-20,TPEX,6101,寬魚國際,38.0,39.3,37.15,39.05,205520.0
2026-08-20,TPEX,6103,合邦,25.65,28.2,25.65,26.65,9152.0
2026-08-20,TPEX,6104,創惟,92.1,94.9,92.1,93.4,506772.0
2026-08-20,TPEX,6109,亞元,11.1,11.15,10.95,11.0,40692.0
2026-08-20,TPEX,6111,光聚晶電,35.75,37.0,35.75,36.55,152494.0
2026-08-20,TPEX,6113,亞矽,23.2,23.45,23.2,23.25,42534.0
2026-08-20,TPEX,6114,久威,24.95,25.35,24.6,25.3,37382.0
2026-08-20,TPEX,6118,建達,15.4,15.9,15.4,15.45,123196.0
2026-08-20,TPEX,6121,新普,399.0,405.0,390.0,395.0,758732.0
2026-08-20,TPEX,6122,擎邦,47.4,47.75,46.5,47.75,138312.0
2026-08-20,TPEX,6123,上奇,43.35,43.35,42.7,42.95,37051.0
2026-08-20,TPEX,6124,業強,26.45,26.6,26.45,26.6,4575.0
2026-08-20,TPEX,6125,廣運,53.9,56.9,53.8,56.2,7360599.0
2026-08-20,TPEX,6126,信音,29.5,29.55,29.2,29.25,317185.0
2026-08-20,TPEX,6127,九豪,50.1,50.5,48.3,48.95,2123611.0
2026-08-20,TPEX,6129,普誠,13.85,13.9,13.65,13.85,226658.0
2026-08-20,TPEX,6130,上亞科技,28.95,29.05,28.1,28.1,145938.0
2026-08-20,TPEX,6134,萬旭,28.35,28.4,27.65,27.9,39575.0
2026-08-20,TPEX,6138,茂達,300.0,301.0,287.5,290.0,784798.0
2026-08-20,TPEX,6140,訊達,16.5,16.5,16.0,16.2,64674.0
2026-08-20,TPEX,6143,振曜,89.6,90.2,89.2,89.6,201201.0
2026-08-20,TPEX,6144,得利影,13.7,13.7,12.95,13.35,8055.0
2026-08-20,TPEX,6146,耕興,195.0,195.5,192.0,192.5,261814.0
2026-08-20,TPEX,6147,頎邦,163.0,167.0,159.0,163.5,15009556.0
2026-08-20,TPEX,6148,驊宏資,27.7,28.15,27.5,27.5,79796.0
2026-08-20,TPEX,6150,撼訊,60.3,60.7,59.3,59.3,71131.0
2026-08-20,TPEX,6151,晉倫,36.1,36.15,35.6,36.0,141715.0
2026-08-20,TPEX,6154,順發,13.95,13.95,13.8,13.9,20597.0
2026-08-20,TPEX,6156,松上,21.2,21.25,20.85,21.1,255699.0
2026-08-20,TPEX,6158,禾昌,16.6,16.6,16.45,16.6,19105.0
2026-08-20,TPEX,6160,欣技,15.25,15.3,14.5,15.3,367298.0
2026-08-20,TPEX,6161,捷波,50.4,50.5,49.85,50.3,65518.0
2026-08-20,TPEX,6163,華電網,42.4,42.4,41.45,42.35,360027.0
2026-08-20,TPEX,6167,久正,10.6,10.7,10.55,10.65,114176.0
2026-08-20,TPEX,6169,昱泉,12.6,12.6,12.5,12.5,8134.0
2026-08-20,TPEX,6170,統振,47.6,48.0,47.6,47.75,88841.0
2026-08-20,TPEX,6171,大城地產,23.4,23.6,23.3,23.55,25024.0
2026-08-20,TPEX,6173,信昌電,219.0,228.0,211.0,221.0,39928105.0
2026-08-20,TPEX,6174,安碁,45.35,46.9,43.5,44.2,1055191.0
2026-08-20,TPEX,6175,立敦,77.0,77.0,73.7,74.7,624519.0
2026-08-20,TPEX,6179,亞通,27.15,27.45,26.4,26.45,858399.0
2026-08-20,TPEX,6180,橘子,40.9,41.2,40.6,41.2,198244.0
2026-08-20,TPEX,6182,合晶,113.0,114.5,107.0,109.5,56962064.0
2026-08-20,TPEX,6185,幃翔,13.2,13.3,13.0,13.2,402348.0
2026-08-20,TPEX,6186,新潤,32.75,33.25,32.6,33.0,785723.0
2026-08-20,TPEX,6187,萬潤,1320.0,1320.0,1240.0,1265.0,3209532.0
2026-08-20,TPEX,6188,廣明,69.7,70.8,68.6,68.7,417131.0
2026-08-20,TPEX,6190,萬泰科,65.6,66.4,64.6,65.2,963012.0
2026-08-20,TPEX,6194,育富,29.55,29.55,29.45,29.45,10015.0
2026-08-20,TPEX,6195,詩肯,27.7,27.7,27.6,27.65,10649.0
2026-08-20,TPEX,6198,瑞築,19.9,19.95,19.4,19.4,14001.0
2026-08-20,TPEX,6199,天品,96.0,96.8,94.1,94.1,329893.0
2026-08-20,TPEX,6203,海韻電,60.6,60.8,60.3,60.3,51205.0
2026-08-20,TPEX,6204,艾華,84.5,84.5,81.8,83.3,323598.0
2026-08-20,TPEX,6207,雷科,104.0,105.5,100.0,103.0,1445143.0
2026-08-20,TPEX,6208,日揚,81.7,82.7,81.3,82.4,264831.0
2026-08-20,TPEX,6210,慶生,16.85,17.4,16.85,17.4,2000.0
2026-08-20,TPEX,6212,理銘,30.05,30.05,30.05,30.05,1000.0
2026-08-20,TPEX,6217,中探針,156.0,157.0,148.5,153.5,1839565.0
2026-08-20,TPEX,6218,豪勉,39.3,39.3,37.4,38.0,558039.0
2026-08-20,TPEX,6219,富旺,12.1,12.25,12.1,12.2,82681.0
2026-08-20,TPEX,6220,岳豐,25.8,25.85,25.3,25.55,91047.0
2026-08-20,TPEX,6221,晉泰,22.25,23.2,22.25,22.9,223378.0
2026-08-20,TPEX,6222,立軒,20.1,20.2,20.1,20.15,11000.0
2026-08-20,TPEX,6223,旺矽,5480.0,5670.0,5265.0,5650.0,1076862.0
2026-08-20,TPEX,6227,茂綸,121.0,123.0,117.0,118.0,270680.0
2026-08-20,TPEX,6228,全譜,17.85,17.85,17.85,17.85,1000.0
2026-08-20,TPEX,6229,研通,23.7,23.7,23.35,23.55,35126.0
2026-08-20,TPEX,6231,系微,215.0,218.5,214.0,217.0,145172.0
2026-08-20,TPEX,6233,旺玖,21.5,21.5,21.05,21.25,53321.0
2026-08-20,TPEX,6234,高僑,35.45,36.15,35.1,35.45,158436.0
2026-08-20,TPEX,6236,中湛,,,,,0.0
2026-08-20,TPEX,6237,驊訊,33.8,34.0,33.25,34.0,91208.0
2026-08-20,TPEX,6240,松崗,21.05,21.1,20.4,21.1,75010.0
2026-08-20,TPEX,6242,立康,34.0,34.0,34.0,34.0,1114.0
2026-08-20,TPEX,6244,茂迪,25.2,25.5,24.95,24.95,1143620.0
2026-08-20,TPEX,6245,立端,83.5,84.4,82.3,82.4,393341.0
2026-08-20,TPEX,6246,臺龍,12.15,12.35,12.15,12.35,11105.0
2026-08-20,TPEX,6248,沛波,18.15,18.35,18.15,18.35,103021.0
2026-08-20,TPEX,6259,百徽,31.1,31.75,29.8,29.85,466075.0
2026-08-20,TPEX,6261,久元,76.3,77.7,76.3,77.7,259396.0
2026-08-20,TPEX,6263,普萊德,161.0,164.0,161.0,162.5,88926.0
2026-08-20,TPEX,6264,富裔,5.94,6.04,5.94,6.03,15000.0
2026-08-20,TPEX,6265,方土昶,58.6,59.4,54.5,56.5,11561391.0
2026-08-20,TPEX,6266,泰詠,25.15,25.2,24.95,25.1,68511.0
2026-08-20,TPEX,6270,倍微,30.0,30.35,29.9,30.15,157877.0
2026-08-20,TPEX,6274,台燿,1555.0,1580.0,1510.0,1575.0,4633449.0
2026-08-20,TPEX,6275,元山,45.15,45.15,44.2,44.2,242365.0
2026-08-20,TPEX,6276,安鈦克,19.0,19.65,18.95,19.6,22996.0
2026-08-20,TPEX,6279,胡連,128.0,128.5,127.0,127.5,320273.0
2026-08-20,TPEX,6284,佳邦,79.1,80.0,76.7,77.0,748894.0
2026-08-20,TPEX,6290,良維,225.5,226.0,212.0,214.5,4127856.0
2026-08-20,TPEX,6291,沛亨,385.0,386.0,367.0,378.5,306428.0
2026-08-20,TPEX,6292,迅德,63.0,63.0,60.7,61.8,129797.0
2026-08-20,TPEX,6294,智基,28.6,28.75,28.6,28.7,17465.0
2026-08-20,TPEX,6411,晶焱,78.7,79.7,78.1,78.9,231771.0
2026-08-20,TPEX,6417,韋僑,109.0,109.0,107.0,109.0,44496.0
2026-08-20,TPEX,6418,詠昇,32.95,33.05,32.3,33.0,55395.0
2026-08-20,TPEX,6419,京晨科,164.5,165.0,160.0,161.0,289179.0
2026-08-20,TPEX,6423,億而得,79.0,81.1,79.0,79.3,12012.0
2026-08-20,TPEX,6425,易發,58.9,59.0,57.7,59.0,132789.0
2026-08-20,TPEX,6432,今展科,69.0,69.1,66.0,66.5,541603.0
2026-08-20,TPEX,6435,大中,260.0,266.0,249.0,253.5,528216.0
2026-08-20,TPEX,6441,廣錠,22.4,22.4,21.5,21.7,59070.0
2026-08-20,TPEX,6461,益得,16.2,16.3,15.8,15.85,107213.0
2026-08-20,TPEX,6462,神盾,98.4,99.9,97.7,98.5,319912.0
2026-08-20,TPEX,6465,威潤,47.05,47.05,45.65,45.75,107627.0
2026-08-20,TPEX,6469,大樹,67.8,69.1,67.8,69.1,334103.0
2026-08-20,TPEX,6470,宇智,41.5,41.75,41.45,41.75,14403.0
2026-08-20,TPEX,6474,華豫寧,40.0,40.0,39.65,39.7,95950.0
2026-08-20,TPEX,6482,弘煜科,28.1,28.8,28.0,28.8,20184.0
2026-08-20,TPEX,6485,點序,61.0,61.8,59.7,60.0,168819.0
2026-08-20,TPEX,6486,互動,74.0,74.1,73.5,73.8,42637.0
2026-08-20,TPEX,6488,環球晶,1005.0,1015.0,954.0,993.0,9601142.0
2026-08-20,TPEX,6492,生華科,38.4,38.45,37.7,37.7,160002.0
2026-08-20,TPEX,6494,九齊,55.4,55.8,54.0,55.2,106753.0
2026-08-20,TPEX,6496,科懋,,,,,517.0
2026-08-20,TPEX,6498,久禾光,74.4,75.8,74.0,75.8,30550.0
2026-08-20,TPEX,6499,益安,61.8,67.7,61.8,67.0,661359.0
2026-08-20,TPEX,6506,雙邦,17.25,17.4,17.15,17.35,40025.0
2026-08-20,TPEX,6508,惠光,25.95,26.6,25.95,26.5,80538.0
2026-08-20,TPEX,6509,聚和,46.7,47.35,46.4,47.0,872136.0
2026-08-20,TPEX,6510,精測,2730.0,2795.0,2650.0,2760.0,424013.0
2026-08-20,TPEX,6512,啟發電,20.2,20.45,20.2,20.45,13380.0
2026-08-20,TPEX,6516,勤崴國際,58.7,58.7,57.7,58.5,22741.0
2026-08-20,TPEX,6517,保勝光學,67.2,68.9,65.8,66.7,622490.0
2026-08-20,TPEX,6523,達爾膚,89.8,89.8,89.2,89.5,36055.0
2026-08-20,TPEX,6527,明達醫,74.7,75.0,74.7,75.0,7465.0
2026-08-20,TPEX,6530,創威,80.6,83.6,79.8,82.6,700749.0
2026-08-20,TPEX,6532,瑞耘,88.5,90.4,85.1,87.4,949340.0
2026-08-20,TPEX,6535,順藥,81.2,82.0,80.4,81.2,214180.0
2026-08-20,TPEX,6538,倉和,188.0,195.0,175.0,194.0,3322219.0
2026-08-20,TPEX,6542,隆中,46.0,46.0,44.05,44.05,10043.0
2026-08-20,TPEX,6546,正基,62.6,62.6,61.8,62.1,180685.0
2026-08-20,TPEX,6547,高端疫苗,53.6,53.9,52.2,52.9,4502720.0
2026-08-20,TPEX,6548,長科*,72.0,72.9,69.1,70.6,1934452.0
2026-08-20,TPEX,6556,勝品,58.5,60.0,58.5,58.5,15330.0
2026-08-20,TPEX,6560,欣普羅,31.65,31.65,31.55,31.55,4065.0
2026-08-20,TPEX,6561,是方,320.0,324.5,320.0,323.0,39166.0
2026-08-20,TPEX,6568,宏觀,127.0,128.0,124.0,126.0,60543.0
2026-08-20,TPEX,6569,醫揚,93.5,94.3,93.2,93.9,61938.0
2026-08-20,TPEX,6570,維田,54.8,55.4,53.6,55.0,150844.0
2026-08-20,TPEX,6574,霈方,122.5,123.0,121.5,123.0,30272.0
2026-08-20,TPEX,6576,逸達,79.4,79.9,78.4,79.8,86818.0
2026-08-20,TPEX,6577,勁豐,81.3,81.3,80.3,80.7,23399.0
2026-08-20,TPEX,6578,達邦蛋白,18.0,18.1,17.7,17.9,35007.0
2026-08-20,TPEX,6584,南俊國際,614.0,614.0,586.0,586.0,595794.0
2026-08-20,TPEX,6588,東典光電,96.1,103.0,94.0,101.0,4623758.0
2026-08-20,TPEX,6590,普鴻,65.5,65.5,65.5,65.5,1338.0
2026-08-20,TPEX,6593,台灣銘板,32.65,32.65,32.1,32.15,9678.0
2026-08-20,TPEX,6596,寬宏藝術,93.5,94.3,93.5,93.9,103131.0
2026-08-20,TPEX,6597,立誠,72.0,72.0,68.1,72.0,14115.0
2026-08-20,TPEX,6603,富強鑫,27.1,27.75,26.85,27.1,1304484.0
2026-08-20,TPEX,6609,瀧澤科,39.0,39.3,38.55,39.3,107741.0
2026-08-20,TPEX,6612,奈米醫材,73.7,74.7,72.5,74.7,43193.0
2026-08-20,TPEX,6613,朋億*,254.0,255.0,248.0,253.0,215721.0
2026-08-20,TPEX,6615,慧智,34.25,34.25,33.5,33.85,5112.0
2026-08-20,TPEX,6616,特昇-KY,8.57,8.57,8.33,8.47,35039.0
2026-08-20,TPEX,6617,共信-KY,104.5,104.5,104.5,104.5,299024.0
2026-08-20,TPEX,6620,漢達,74.8,76.7,74.8,75.8,185547.0
2026-08-20,TPEX,6624,萬年清,42.2,42.2,41.05,41.05,2005.0
2026-08-20,TPEX,6629,泰金-KY,112.5,112.5,109.0,111.0,46025.0
2026-08-20,TPEX,6637,醫影,61.4,61.9,61.2,61.9,84172.0
2026-08-20,TPEX,6640,均華,975.0,994.0,942.0,954.0,195270.0
2026-08-20,TPEX,6642,富致,79.5,83.3,78.1,78.5,396142.0
2026-08-20,TPEX,6643,M31,419.5,419.5,405.0,409.0,143100.0
2026-08-20,TPEX,6649,台生材,35.0,35.35,34.8,35.1,53007.0
2026-08-20,TPEX,6651,全宇昕,139.5,141.0,136.5,139.5,129526.0
2026-08-20,TPEX,6654,天正國際,167.5,168.0,163.0,166.0,16535.0
2026-08-20,TPEX,6661,威健生技,17.45,17.45,16.35,16.9,4150.0
2026-08-20,TPEX,6662,樂斯科,29.45,29.45,29.45,29.45,1011.0
2026-08-20,TPEX,6664,群翊,338.0,338.0,327.0,331.5,130682.0
2026-08-20,TPEX,6667,信紘科,224.0,225.0,221.5,223.0,70285.0
2026-08-20,TPEX,6679,鈺太,200.5,201.5,198.0,200.0,183608.0
2026-08-20,TPEX,6680,鑫創電子,51.5,52.0,51.5,51.9,7422.0
2026-08-20,TPEX,6683,雍智科技,1230.0,1235.0,1115.0,1140.0,899729.0
2026-08-20,TPEX,6684,安格,46.5,47.55,46.3,46.45,58082.0
2026-08-20,TPEX,6690,安碁資訊,163.0,163.5,162.5,162.5,26769.0
2026-08-20,TPEX,6692,進能服,24.5,24.9,24.15,24.25,24050.0
2026-08-20,TPEX,6693,廣閎科,174.5,177.5,164.5,169.0,964178.0
2026-08-20,TPEX,6697,東捷資訊,40.9,41.05,40.9,41.05,7277.0
2026-08-20,TPEX,6703,軒郁,104.0,104.0,103.0,103.5,17124.0
2026-08-20,TPEX,6708,天擎,38.6,38.7,38.5,38.65,15450.0
2026-08-20,TPEX,6712,長聖,151.5,153.0,150.0,152.0,311485.0
2026-08-20,TPEX,6716,應廣,137.5,140.0,128.0,133.0,500679.0
2026-08-20,TPEX,6720,久昌,138.0,139.5,137.5,138.5,33167.0
2026-08-20,TPEX,6721,信實,51.5,52.4,51.5,52.0,11533.0
2026-08-20,TPEX,6725,矽科宏晟,231.0,231.0,223.0,226.5,65847.0
2026-08-20,TPEX,6727,亞泰金屬,446.5,463.5,440.0,460.0,1664747.0
2026-08-20,TPEX,6728,上洋,106.0,107.5,106.0,107.5,23427.0
2026-08-20,TPEX,6730,常廣,33.0,33.9,33.0,33.85,22000.0
2026-08-20,TPEX,6732,昇佳電子,150.5,152.0,150.0,150.5,96234.0
2026-08-20,TPEX,6733,博晟生醫,25.2,25.8,25.15,25.65,83219.0
2026-08-20,TPEX,6735,美達科技,63.4,63.5,61.9,63.5,74254.0
2026-08-20,TPEX,6739,竹陞科技,982.0,998.0,961.0,978.0,93641.0
2026-08-20,TPEX,6741,91APP*-KY,54.4,55.3,54.2,55.0,499136.0
2026-08-20,TPEX,6751,智聯服務,40.3,40.95,40.3,40.95,14741.0
2026-08-20,TPEX,6752,叡揚,101.0,101.0,100.0,100.0,11943.0
2026-08-20,TPEX,6761,穩得,184.5,185.5,181.0,184.5,869550.0
2026-08-20,TPEX,6762,達亞,,,,,475.0
2026-08-20,TPEX,6763,綠界科技*,41.95,42.15,41.85,41.9,109183.0
2026-08-20,TPEX,6767,台微醫,25.3,25.3,24.35,24.35,3000.0
2026-08-20,TPEX,6785,昱展新藥,98.1,100.5,97.0,99.2,71550.0
2026-08-20,TPEX,6788,華景電,356.5,358.0,344.0,348.5,171696.0
2026-08-20,TPEX,6791,虎門科技,100.0,100.5,100.0,100.5,3236.0
2026-08-20,TPEX,6803,崑鼎,268.5,269.5,268.0,269.0,40513.0
2026-08-20,TPEX,6804,明係,18.95,18.95,18.65,18.75,45030.0
2026-08-20,TPEX,6811,宏碁資訊,226.5,226.5,223.0,226.0,35578.0
2026-08-20,TPEX,6821,聯寶,41.95,42.0,41.0,41.5,67462.0
2026-08-20,TPEX,6823,濾能,62.7,63.2,60.0,62.9,236412.0
2026-08-20,TPEX,6829,千附精密,215.0,223.5,213.0,214.0,672364.0
2026-08-20,TPEX,6840,東研信超,82.9,83.0,81.0,82.4,450383.0
2026-08-20,TPEX,6841,長佳智能,53.4,54.0,52.8,53.4,141188.0
2026-08-20,TPEX,6843,進典,39.1,39.1,39.1,39.1,2000.0
2026-08-20,TPEX,6844,諾貝兒,60.2,60.2,59.9,59.9,24411.0
2026-08-20,TPEX,6846,綠茵,57.9,57.9,56.8,57.3,10009.0
2026-08-20,TPEX,6855,數泓科,115.0,115.0,113.0,113.0,9045.0
2026-08-20,TPEX,6856,鑫傳,42.7,42.7,42.0,42.0,27057.0
2026-08-20,TPEX,6859,伯特光,111.5,114.5,110.5,112.5,43915.0
2026-08-20,TPEX,6865,偉康科技,24.6,26.6,24.3,26.6,35023.0
2026-08-20,TPEX,6870,騰雲,263.5,265.0,259.0,261.0,20595.0
2026-08-20,TPEX,6872,浩宇生醫,15.3,15.95,15.2,15.3,27000.0
2026-08-20,TPEX,6874,倍力,80.3,80.3,78.5,78.9,30406.0
2026-08-20,TPEX,6875,國邑*,33.0,33.0,31.85,32.7,68340.0
2026-08-20,TPEX,6877,鏵友益,117.5,119.0,114.0,117.5,55103.0
2026-08-20,TPEX,6881,潤德,202.0,206.0,202.0,206.0,8647.0
2026-08-20,TPEX,6884,海柏特,30.1,31.0,30.1,31.0,8501.0
2026-08-20,TPEX,6894,衛司特,336.0,336.5,327.5,333.0,26961.0
2026-08-20,TPEX,6895,宏碩系統,121.5,127.5,120.5,127.5,54851.0
2026-08-20,TPEX,6899,創為精密,50.2,50.2,50.2,50.2,3028.0
2026-08-20,TPEX,6903,巨漢,320.5,324.0,310.0,311.5,351564.0
2026-08-20,TPEX,6904,伯鑫,124.0,127.0,123.0,124.0,4922.0
2026-08-20,TPEX,6907,雅特力-KY,203.5,208.5,191.0,194.0,4310788.0
2026-08-20,TPEX,6910,德鴻,24.5,24.5,24.5,24.5,6081.0
2026-08-20,TPEX,6913,鴻呈,142.0,142.5,139.5,142.0,176205.0
2026-08-20,TPEX,6922,宸曜,208.5,210.5,193.0,195.0,306782.0
2026-08-20,TPEX,6925,意藍,51.1,51.2,50.6,50.7,11100.0
2026-08-20,TPEX,6929,佑全,23.0,24.2,23.0,23.35,4135.0
2026-08-20,TPEX,6945,圓祥生技,104.0,105.0,101.0,101.5,135061.0
2026-08-20,TPEX,6953,家碩,230.0,230.0,228.0,228.0,8447.0
2026-08-20,TPEX,6961,旅天下,50.7,51.0,50.6,51.0,18262.0
2026-08-20,TPEX,6967,汎瑋材料,76.7,76.7,72.9,73.5,110619.0
2026-08-20,TPEX,6968,萬達寵物,43.25,43.85,43.25,43.55,42830.0
2026-08-20,TPEX,6971,惠民實業,26.0,26.0,25.9,25.9,18019.0
2026-08-20,TPEX,6982,大井泵浦,48.9,48.9,47.6,47.95,14274.0
2026-08-20,TPEX,6983,華洋精機,300.0,309.0,299.0,309.0,37999.0
2026-08-20,TPEX,6986,和迅,43.2,43.2,42.45,43.1,59000.0
2026-08-20,TPEX,6996,力領科技,180.0,180.5,177.5,180.5,43405.0
2026-08-20,TPEX,6997,博弘,68.1,68.1,68.1,68.1,2015.0
2026-08-20,TPEX,7402,邑錡,109.5,115.0,108.0,108.0,976742.0
2026-08-20,TPEX,7547,碩網,53.0,54.4,53.0,54.4,11260.0
2026-08-20,TPEX,7556,意德士,243.5,252.0,243.5,247.5,41189.0
2026-08-20,TPEX,7584,樂意,27.95,27.95,26.35,26.35,2181.0
2026-08-20,TPEX,7642,昶瑞機電,77.2,79.0,77.2,79.0,9100.0
2026-08-20,TPEX,7703,銳澤,177.0,179.0,175.0,179.0,57395.0
2026-08-20,TPEX,7704,明遠精密,62.7,63.4,61.9,63.0,28127.0
2026-08-20,TPEX,7708,全家餐飲,93.0,93.0,92.0,92.0,4424.0
2026-08-20,TPEX,7709,榮田,71.0,71.0,69.2,69.4,23646.0
2026-08-20,TPEX,7712,博盛半導體,144.0,146.0,141.0,142.0,92018.0
2026-08-20,TPEX,7713,威力德生醫,71.0,71.1,71.0,71.1,2000.0
2026-08-20,TPEX,7714,創泓科技,167.0,180.5,165.5,180.5,764326.0
2026-08-20,TPEX,7715,裕山,31.65,31.65,31.1,31.2,15000.0
2026-08-20,TPEX,7716,昱臺國際,23.9,23.9,23.9,23.9,1000.0
2026-08-20,TPEX,7717,萊德光電-KY,401.0,405.0,398.0,402.0,70058.0
2026-08-20,TPEX,7718,友鋮,48.1,48.2,47.7,47.7,30067.0
2026-08-20,TPEX,7723,築間,19.25,19.3,18.7,19.05,63404.0
2026-08-20,TPEX,7728,光焱科技,564.0,575.0,564.0,569.0,6740.0
2026-08-20,TPEX,7734,印能科技,2995.0,3000.0,2745.0,2815.0,276235.0
2026-08-20,TPEX,7738,東聯互動,167.5,167.5,166.5,166.5,3600.0
2026-08-20,TPEX,7743,金利食安,,,,,0.0
2026-08-20,TPEX,7744,崴寶,485.5,500.0,480.0,500.0,142767.0
2026-08-20,TPEX,7747,昕奇雲端,114.5,114.5,114.5,114.5,1079.0
2026-08-20,TPEX,7751,竑騰,1465.0,1575.0,1415.0,1575.0,717209.0
2026-08-20,TPEX,7753,星亞,38.15,38.2,37.25,37.9,13175.0
2026-08-20,TPEX,7757,金色三麥,89.6,89.6,89.1,89.1,3133.0
2026-08-20,TPEX,7767,仁大資訊,45.35,45.35,44.0,44.75,87213.0
2026-08-20,TPEX,7770,君曜,37.85,38.45,37.1,37.9,10110.0
2026-08-20,TPEX,7772,耀穎,88.0,88.6,86.9,87.3,36224.0
2026-08-20,TPEX,7777,能率亞洲,38.05,38.1,36.9,38.0,870315.0
2026-08-20,TPEX,7782,光速火箭,25.3,25.6,25.3,25.6,5213.0
2026-08-20,TPEX,7792,安葆,301.5,308.0,289.0,297.5,1929070.0
2026-08-20,TPEX,7794,宏碁智新,28.0,28.5,28.0,28.3,16000.0
2026-08-20,TPEX,7805,威聯通,698.0,699.0,689.0,690.0,73014.0
2026-08-20,TPEX,7810,捷創科技,194.5,198.5,194.5,196.0,22752.0
2026-08-20,TPEX,7811,民盛,72.4,72.4,72.4,72.4,4016.0
2026-08-20,TPEX,7814,海昌生技,30.7,31.0,30.7,30.7,34423.0
2026-08-20,TPEX,7819,精誠金融,35.8,35.85,35.2,35.45,31679.0
2026-08-20,TPEX,7820,立盈,119.0,120.0,117.5,120.0,21171.0
2026-08-20,TPEX,7828,創新服務,1640.0,1670.0,1595.0,1650.0,91254.0
2026-08-20,TPEX,7839,達人網,44.5,45.5,44.1,45.3,13011.0
2026-08-20,TPEX,7842,天能綠電,102.0,103.0,96.3,100.0,55533.0
2026-08-20,TPEX,8024,佑華,13.45,13.45,13.15,13.2,42413.0
2026-08-20,TPEX,8027,鈦昇,173.0,175.5,167.0,170.5,1407781.0
2026-08-20,TPEX,8032,光菱,35.8,36.05,35.3,36.05,14132.0
2026-08-20,TPEX,8034,榮群,18.5,18.5,18.4,18.4,32987.0
2026-08-20,TPEX,8038,長園科,30.55,30.6,30.2,30.6,103864.0
2026-08-20,TPEX,8040,九暘,72.7,72.7,69.5,69.7,248834.0
2026-08-20,TPEX,8042,金山電,110.5,111.0,100.5,101.0,8648365.0
2026-08-20,TPEX,8043,蜜望實,145.5,149.5,139.5,139.5,2593111.0
2026-08-20,TPEX,8044,網家,25.5,26.1,25.25,25.9,308145.0
2026-08-20,TPEX,8047,星雲,46.5,46.8,45.55,46.8,16474.0
2026-08-20,TPEX,8048,德勝,52.0,52.1,51.0,52.1,43133.0
2026-08-20,TPEX,8049,晶采,24.4,24.5,24.4,24.5,76710.0
2026-08-20,TPEX,8050,廣積,57.0,57.6,56.4,57.1,910463.0
2026-08-20,TPEX,8054,安國,80.0,80.9,79.4,80.0,597881.0
2026-08-20,TPEX,8059,凱碩,13.5,14.4,13.4,13.65,73130.0
2026-08-20,TPEX,8064,東捷,99.3,101.0,97.1,98.7,1432286.0
2026-08-20,TPEX,8066,來思達,14.65,14.7,14.65,14.7,4788.0
2026-08-20,TPEX,8067,志旭,12.75,12.8,12.75,12.8,2001.0
2026-08-20,TPEX,8068,全達,17.1,17.25,16.85,16.95,42283.0
2026-08-20,TPEX,8069,元太,161.0,166.0,159.0,163.0,7974448.0
2026-08-20,TPEX,8071,能率網通,24.15,24.75,23.65,23.7,469929.0
2026-08-20,TPEX,8074,鉅橡,55.5,56.3,54.5,55.0,204426.0
2026-08-20,TPEX,8076,伍豐,23.45,23.45,23.1,23.2,592191.0
2026-08-20,TPEX,8077,洛碁,45.0,45.0,44.5,44.5,14016.0
2026-08-20,TPEX,8080,泰霖,27.8,27.85,27.8,27.8,8004.0
2026-08-20,TPEX,8083,瑞穎,159.5,159.5,158.0,159.5,125286.0
2026-08-20,TPEX,8084,巨虹,50.5,50.9,49.0,49.3,1033355.0
2026-08-20,TPEX,8085,福華,12.3,12.65,12.15,12.35,458780.0
2026-08-20,TPEX,8086,宏捷科,116.5,118.5,112.5,114.5,3981161.0
2026-08-20,TPEX,8087,麗升能源,27.0,27.0,26.2,26.45,84104.0
2026-08-20,TPEX,8088,品安,45.65,46.7,44.9,45.2,555752.0
2026-08-20,TPEX,8089,康全電訊,17.85,18.1,17.85,18.05,72312.0
2026-08-20,TPEX,8091,翔名,222.0,224.0,218.5,219.0,169476.0
2026-08-20,TPEX,8092,建暐,12.55,12.65,12.4,12.65,34062.0
2026-08-20,TPEX,8093,保銳,22.2,23.85,22.2,22.6,20601.0
2026-08-20,TPEX,8096,擎亞,110.0,112.5,106.0,108.0,2639771.0
2026-08-20,TPEX,8097,常珵,49.65,49.8,49.2,49.5,152039.0
2026-08-20,TPEX,8099,大世科,59.2,59.7,58.3,58.9,70094.0
2026-08-20,TPEX,8102,傑霖科技,69.2,71.4,67.8,69.0,50686.0
2026-08-20,TPEX,8107,大億金茂,12.05,12.1,11.95,12.1,15720.0
2026-08-20,TPEX,8109,博大,138.0,138.0,130.5,131.5,771292.0
2026-08-20,TPEX,8111,立碁,56.2,60.2,55.6,60.0,4806359.0
2026-08-20,TPEX,8121,越峰,27.85,28.6,27.5,27.75,415881.0
2026-08-20,TPEX,8147,正淩,119.5,122.0,118.5,121.5,59837.0
2026-08-20,TPEX,8155,博智,313.5,331.5,311.0,324.5,610570.0
2026-08-20,TPEX,8171,天宇,19.8,19.85,19.1,19.45,43031.0
2026-08-20,TPEX,8176,智捷,10.2,10.2,9.91,9.95,84044.0
2026-08-20,TPEX,8182,加高,41.25,42.4,39.65,39.75,775817.0
2026-08-20,TPEX,8183,精星,29.1,29.5,29.0,29.3,136237.0
2026-08-20,TPEX,8227,巨有科技,152.0,153.0,146.5,147.0,253245.0
2026-08-20,TPEX,8234,新漢,71.3,71.3,66.3,66.5,2097611.0
2026-08-20,TPEX,8240,華宏,41.6,42.35,41.5,42.1,97351.0
2026-08-20,TPEX,8255,朋程,149.0,149.0,144.5,146.5,256327.0
2026-08-20,TPEX,8272,全景軟體,61.8,62.8,61.8,61.9,42200.0
2026-08-20,TPEX,8277,商丞,8.03,8.03,7.89,7.97,57911.0
2026-08-20,TPEX,8279,生展,85.0,85.0,84.8,84.8,128583.0
2026-08-20,TPEX,8284,三竹,66.6,67.0,66.6,66.8,17305.0
2026-08-20,TPEX,8289,泰藝,47.5,47.6,45.9,46.0,241785.0
2026-08-20,TPEX,8291,尚茂,33.25,33.25,31.25,31.8,15878.0
2026-08-20,TPEX,8299,群聯,2010.0,2080.0,1965.0,1995.0,3936662.0
2026-08-20,TPEX,8342,益張,88.4,88.5,88.4,88.5,3777.0
2026-08-20,TPEX,8349,恒耀,39.35,39.6,39.1,39.4,147487.0
2026-08-20,TPEX,8354,冠好,17.1,17.3,17.1,17.3,61277.0
2026-08-20,TPEX,8358,金居,420.0,428.5,406.0,413.5,18583866.0
2026-08-20,TPEX,8383,千附,67.4,68.0,65.5,66.2,2209843.0
2026-08-20,TPEX,8390,金益鼎,98.1,100.5,97.5,97.5,405167.0
2026-08-20,TPEX,8401,白紗科,23.1,23.15,23.1,23.15,3583.0
2026-08-20,TPEX,8403,盛弘,19.45,19.65,19.35,19.65,224980.0
2026-08-20,TPEX,8409,商之器,18.1,18.1,17.8,17.9,24060.0
2026-08-20,TPEX,8410,森田,31.45,32.95,31.3,32.75,65114.0
2026-08-20,TPEX,8415,大國鋼,38.05,38.65,38.0,38.35,525492.0
2026-08-20,TPEX,8416,實威,168.5,168.5,168.5,168.5,3278.0
2026-08-20,TPEX,8421,旭源,13.35,13.45,13.2,13.45,93843.0
2026-08-20,TPEX,8423,保綠-KY,17.6,17.95,17.6,17.95,35489.0
2026-08-20,TPEX,8424,惠普,69.1,69.2,69.1,69.2,9112.0
2026-08-20,TPEX,8426,紅木-KY,21.35,21.35,21.0,21.2,10094.0
2026-08-20,TPEX,8431,匯鑽科,45.0,45.5,44.85,45.3,128381.0
2026-08-20,TPEX,8432,東生華,50.3,50.6,49.75,50.1,42861.0
2026-08-20,TPEX,8433,弘帆,54.4,54.7,54.4,54.7,8055.0
2026-08-20,TPEX,8435,鉅邁,53.7,53.9,53.7,53.8,21439.0
2026-08-20,TPEX,8436,大江,124.5,126.0,123.5,125.0,1021421.0
2026-08-20,TPEX,8437,大地-KY,9.25,9.25,8.95,9.08,12173.0
2026-08-20,TPEX,8440,綠電,20.8,20.8,20.25,20.4,60712.0
2026-08-20,TPEX,8444,綠河-KY,5.01,5.01,5.01,5.01,1000.0
2026-08-20,TPEX,8446,華研,86.2,86.2,84.5,84.8,84810.0
2026-08-20,TPEX,8450,霹靂,14.95,14.95,14.7,14.75,4917.0
2026-08-20,TPEX,8455,大拓-KY,22.9,23.6,22.9,23.6,3000.0
2026-08-20,TPEX,8472,夠麻吉,67.6,69.7,67.6,67.9,3079.0
2026-08-20,TPEX,8477,創業家,15.75,15.8,15.65,15.65,24004.0
2026-08-20,TPEX,8489,三貝德,22.65,22.9,22.65,22.9,7967.0
2026-08-20,TPEX,8905,裕國,,,,,1045.0
2026-08-20,TPEX,8906,花王,27.6,27.8,27.05,27.2,22000.0
2026-08-20,TPEX,8908,欣雄,39.6,39.75,39.5,39.75,23142.0
2026-08-20,TPEX,8916,光隆,40.5,40.5,40.25,40.5,46160.0
2026-08-20,TPEX,8917,欣泰,52.2,52.2,52.2,52.2,1000.0
2026-08-20,TPEX,8921,沈氏,17.45,17.45,17.45,17.45,1096.0
2026-08-20,TPEX,8923,時報,,,,,0.0
2026-08-20,TPEX,8924,大田,51.0,51.0,50.5,50.5,42805.0
2026-08-20,TPEX,8927,北基,19.9,20.0,19.75,20.0,66733.0
2026-08-20,TPEX,8928,鉅明,22.95,23.0,22.85,22.85,11205.0
2026-08-20,TPEX,8929,富堡,13.15,13.25,13.05,13.25,28756.0
2026-08-20,TPEX,8930,青鋼,29.35,29.4,29.25,29.4,21103.0
2026-08-20,TPEX,8931,大汽電,40.55,40.95,40.35,40.6,21206.0
2026-08-20,TPEX,8932,智通*,109.0,114.0,108.5,112.0,3158110.0
2026-08-20,TPEX,8933,愛地雅,4.75,4.75,4.44,4.46,67540.0
2026-08-20,TPEX,8935,邦泰,17.4,17.85,17.4,17.75,128472.0
2026-08-20,TPEX,8936,國統,50.9,51.5,50.8,51.0,1070006.0
2026-08-20,TPEX,8937,合騏*,25.0,27.0,24.4,25.3,266176.0
2026-08-20,TPEX,8938,明安,52.3,52.8,52.3,52.6,54328.0
2026-08-20,TPEX,8941,關中,44.6,44.65,44.6,44.65,5392.0
2026-08-20,TPEX,8942,森鉅,41.75,42.1,41.5,42.0,194337.0
2026-08-20,TPEX,9949,琉園,23.5,23.5,23.2,23.4,8997.0
2026-08-20,TPEX,9950,萬國通,10.3,10.3,10.2,10.25,13007.0
2026-08-20,TPEX,9951,皇田,54.0,54.0,53.5,53.9,54533.0
2026-08-20,TPEX,9960,邁達康,30.35,30.35,30.35,30.35,1103.0
2026-08-20,TPEX,9962,有益,10.0,10.2,10.0,10.15,61152.0
