date,market,stock_id,name,open,high,low,close,volume
2026-08-17,TWSE,1101,台泥,24.0,24.3,24.0,24.25,19242304.0
2026-08-17,TWSE,1102,亞泥,32.5,33.45,32.45,33.45,26219343.0
2026-08-17,TWSE,1103,嘉泥,13.1,13.15,13.05,13.15,218734.0
2026-08-17,TWSE,1104,環泥,26.55,26.65,26.4,26.45,851430.0
2026-08-17,TWSE,1108,幸福,11.7,11.8,11.7,11.8,156512.0
2026-08-17,TWSE,1109,信大,13.6,13.6,13.45,13.55,192354.0
2026-08-17,TWSE,1110,東泥,16.45,16.5,15.95,15.95,238416.0
2026-08-17,TWSE,1201,味全,12.3,12.3,12.15,12.2,151625.0
2026-08-17,TWSE,1203,味王,44.6,45.15,44.1,44.45,14166.0
2026-08-17,TWSE,1210,大成,52.3,52.3,51.6,51.9,2658732.0
2026-08-17,TWSE,1213,大飲,7.5,7.88,7.33,7.33,131927.0
2026-08-17,TWSE,1215,卜蜂,108.0,108.0,106.0,107.0,435631.0
2026-08-17,TWSE,1216,統一,76.2,76.3,75.4,75.8,6902482.0
2026-08-17,TWSE,1217,愛之味,9.9,10.0,9.87,9.96,880193.0
2026-08-17,TWSE,1218,泰山,14.55,14.75,14.15,14.75,3129674.0
2026-08-17,TWSE,1219,福壽,11.05,11.1,10.95,11.05,316213.0
2026-08-17,TWSE,1220,台榮,11.0,11.0,10.95,11.0,108848.0
2026-08-17,TWSE,1225,福懋油,24.8,24.8,24.5,24.75,74747.0
2026-08-17,TWSE,1227,佳格,28.85,28.85,28.5,28.6,1495480.0
2026-08-17,TWSE,1229,聯華,41.25,41.3,40.6,40.8,2075357.0
2026-08-17,TWSE,1231,聯華食,80.6,80.6,80.0,80.1,421459.0
2026-08-17,TWSE,1232,大統益,155.0,155.0,152.5,152.5,122210.0
2026-08-17,TWSE,1233,天仁,28.05,28.05,27.8,27.8,12299.0
2026-08-17,TWSE,1234,黑松,33.8,34.0,33.6,34.0,140293.0
2026-08-17,TWSE,1235,興泰,37.05,37.05,36.0,36.9,5436.0
2026-08-17,TWSE,1236,宏亞,25.3,25.45,25.05,25.4,127749.0
2026-08-17,TWSE,1256,鮮活果汁-KY,182.5,182.5,178.0,181.0,38809.0
2026-08-17,TWSE,1301,台塑,58.0,60.6,57.6,60.0,53464792.0
2026-08-17,TWSE,1303,南亞,194.0,207.5,189.5,207.5,156580667.0
2026-08-17,TWSE,1304,台聚,12.2,12.25,12.0,12.0,1566100.0
2026-08-17,TWSE,1305,華夏,12.05,12.05,11.7,11.8,899744.0
2026-08-17,TWSE,1307,三芳,30.5,30.6,30.25,30.4,796194.0
2026-08-17,TWSE,1308,亞聚,13.65,13.65,13.35,13.35,1275208.0
2026-08-17,TWSE,1309,台達化,13.1,13.1,12.85,12.95,858664.0
2026-08-17,TWSE,1310,台苯,8.2,8.33,8.04,8.3,4385556.0
2026-08-17,TWSE,1312,國喬,11.75,11.9,11.55,11.9,4528698.0
2026-08-17,TWSE,1313,聯成,11.85,11.9,11.65,11.75,2158747.0
2026-08-17,TWSE,1314,中石化,7.66,7.71,7.63,7.68,13860971.0
2026-08-17,TWSE,1315,達新,64.0,65.3,64.0,65.0,122182.0
2026-08-17,TWSE,1316,上曜,10.05,10.1,9.98,10.0,1865881.0
2026-08-17,TWSE,1319,東陽,85.5,86.0,82.6,83.9,11869749.0
2026-08-17,TWSE,1321,大洋,32.1,32.4,31.65,31.85,171479.0
2026-08-17,TWSE,1323,永裕,21.7,21.7,21.35,21.4,52524.0
2026-08-17,TWSE,1324,地球,10.15,10.2,10.15,10.2,32840.0
2026-08-17,TWSE,1325,恆大,26.0,26.3,25.9,26.2,149824.0
2026-08-17,TWSE,1326,台化,60.1,61.5,59.0,60.5,26655899.0
2026-08-17,TWSE,1337,再生-KY,4.67,4.72,4.64,4.67,299833.0
2026-08-17,TWSE,1338,廣華-KY,14.85,14.85,14.55,14.65,124028.0
2026-08-17,TWSE,1339,昭輝,46.45,47.1,46.1,46.35,284737.0
2026-08-17,TWSE,1340,勝悅-KY,5.19,5.19,5.12,5.14,86396.0
2026-08-17,TWSE,1341,富林-KY,59.9,60.6,59.7,60.6,13007.0
2026-08-17,TWSE,1342,八貫,105.0,105.0,102.0,103.0,361099.0
2026-08-17,TWSE,1402,遠東新,27.0,27.1,26.65,27.1,12088417.0
2026-08-17,TWSE,1409,新纖,25.2,25.65,24.8,25.25,20056288.0
2026-08-17,TWSE,1410,南染,26.25,26.25,25.65,25.85,18147.0
2026-08-17,TWSE,1413,宏洲,9.37,9.44,9.37,9.44,10566.0
2026-08-17,TWSE,1414,東和,19.35,19.5,19.05,19.5,200760.0
2026-08-17,TWSE,1416,廣豐,11.75,11.95,11.55,11.9,1385030.0
2026-08-17,TWSE,1417,嘉裕,8.32,8.32,8.22,8.31,115203.0
2026-08-17,TWSE,1418,東華,17.85,17.95,17.85,17.9,25090.0
2026-08-17,TWSE,1419,新紡,65.0,65.2,64.3,65.0,52171.0
2026-08-17,TWSE,1423,利華,35.2,35.5,35.2,35.5,13652.0
2026-08-17,TWSE,1432,大魯閣,15.1,15.2,15.05,15.1,47469.0
2026-08-17,TWSE,1434,福懋,17.7,17.75,17.45,17.5,1810648.0
2026-08-17,TWSE,1435,中福,25.5,25.5,24.9,24.9,6212.0
2026-08-17,TWSE,1436,華友聯,37.2,37.2,36.55,36.55,161325.0
2026-08-17,TWSE,1437,勤益控,31.75,31.75,30.85,31.4,357793.0
2026-08-17,TWSE,1438,三地開發,22.15,22.3,21.85,22.2,30067.0
2026-08-17,TWSE,1439,雋揚,27.8,28.6,27.8,28.55,22472.0
2026-08-17,TWSE,1440,南紡,13.5,13.65,13.3,13.55,1839624.0
2026-08-17,TWSE,1441,大東,8.92,8.92,8.9,8.9,20274.0
2026-08-17,TWSE,1442,名軒,29.8,30.35,29.55,29.8,251471.0
2026-08-17,TWSE,1443,立益物流,25.3,25.35,25.1,25.1,10432.0
2026-08-17,TWSE,1444,力麗,7.2,7.22,7.12,7.2,703770.0
2026-08-17,TWSE,1445,大宇,10.15,10.5,10.0,10.2,104153.0
2026-08-17,TWSE,1446,宏和,14.0,14.15,13.9,13.95,276812.0
2026-08-17,TWSE,1447,力鵬,6.89,7.0,6.89,6.89,1231110.0
2026-08-17,TWSE,1449,佳和,12.5,12.5,12.05,12.15,442929.0
2026-08-17,TWSE,1451,年興,17.35,17.45,17.3,17.45,79152.0
2026-08-17,TWSE,1452,宏益,11.6,11.65,11.4,11.6,144432.0
2026-08-17,TWSE,1453,大將,11.4,11.4,11.25,11.3,32813.0
2026-08-17,TWSE,1454,台富,12.7,12.7,12.55,12.6,21751.0
2026-08-17,TWSE,1455,集盛,9.94,9.94,9.71,9.77,783756.0
2026-08-17,TWSE,1456,怡華,13.5,14.3,13.45,13.85,81253.0
2026-08-17,TWSE,1457,宜進,14.5,14.5,14.0,14.35,152741.0
2026-08-17,TWSE,1459,聯發,14.05,14.15,13.95,14.0,100173.0
2026-08-17,TWSE,1460,宏遠,6.69,6.69,6.62,6.64,202911.0
2026-08-17,TWSE,1463,強盛新,17.65,17.8,17.55,17.8,134772.0
2026-08-17,TWSE,1464,得力,10.2,10.2,10.1,10.2,272143.0
2026-08-17,TWSE,1465,偉全,12.2,12.2,11.9,12.15,184685.0
2026-08-17,TWSE,1466,聚隆,16.4,17.3,16.1,17.05,1543066.0
2026-08-17,TWSE,1467,南緯,8.68,8.79,8.51,8.51,342800.0
2026-08-17,TWSE,1468,昶和,13.35,13.4,13.05,13.3,30206.0
2026-08-17,TWSE,1470,大統新創,23.3,23.3,23.3,23.3,3050.0
2026-08-17,TWSE,1471,首利,9.49,9.56,9.35,9.51,330511.0
2026-08-17,TWSE,1472,三洋實業,89.0,89.7,89.0,89.0,125814.0
2026-08-17,TWSE,1473,台南,19.85,20.15,19.8,20.0,123051.0
2026-08-17,TWSE,1474,弘裕,10.1,10.1,9.94,9.94,53845.0
2026-08-17,TWSE,1475,業旺,25.95,26.15,25.0,25.2,211015.0
2026-08-17,TWSE,1476,儒鴻,326.5,327.5,319.5,322.0,1287838.0
2026-08-17,TWSE,1477,聚陽,220.0,220.0,215.5,218.0,2533796.0
2026-08-17,TWSE,1503,士電,203.0,204.5,198.0,198.5,1368072.0
2026-08-17,TWSE,1504,東元,70.8,73.8,70.5,70.6,17274913.0
2026-08-17,TWSE,1506,正道,10.15,10.25,10.1,10.2,131012.0
2026-08-17,TWSE,1512,瑞利,6.8,6.85,6.61,6.7,44010.0
2026-08-17,TWSE,1513,中興電,172.5,174.0,168.5,170.0,4155485.0
2026-08-17,TWSE,1514,亞力,103.0,103.5,100.5,101.0,1188660.0
2026-08-17,TWSE,1515,力山,31.0,33.55,29.85,33.55,2850121.0
2026-08-17,TWSE,1516,川飛,15.0,15.0,14.8,14.8,37517.0
2026-08-17,TWSE,1517,利奇,11.65,11.65,11.4,11.45,365639.0
2026-08-17,TWSE,1519,華城,722.0,732.0,708.0,710.0,1404307.0
2026-08-17,TWSE,1521,大億,25.85,26.4,25.55,25.75,74013.0
2026-08-17,TWSE,1522,堤維西,28.0,28.4,27.6,27.8,438625.0
2026-08-17,TWSE,1524,耿鼎,27.0,27.4,26.8,27.15,637257.0
2026-08-17,TWSE,1525,江申,66.9,68.0,66.7,68.0,10269.0
2026-08-17,TWSE,1526,日馳,17.75,17.75,17.0,17.2,415805.0
2026-08-17,TWSE,1527,鑽全,32.8,33.0,32.75,32.85,139438.0
2026-08-17,TWSE,1528,恩德,19.4,19.45,19.1,19.4,636691.0
2026-08-17,TWSE,1529,樂事綠能,17.1,17.1,16.75,16.95,333691.0
2026-08-17,TWSE,1530,亞崴,29.6,30.0,29.1,29.1,38642.0
2026-08-17,TWSE,1531,高林股,12.9,13.1,12.9,12.95,129750.0
2026-08-17,TWSE,1532,勤美,22.15,22.15,21.7,21.8,294091.0
2026-08-17,TWSE,1533,車王電,32.7,32.7,31.5,31.85,107225.0
2026-08-17,TWSE,1535,中宇,46.2,46.4,45.85,45.9,43998.0
2026-08-17,TWSE,1536,和大,51.2,51.4,50.5,51.0,1471204.0
2026-08-17,TWSE,1537,廣隆,127.5,127.5,126.5,127.0,118505.0
2026-08-17,TWSE,1538,正峰,0.0,0.0,0.0,0.0,1372.0
2026-08-17,TWSE,1539,巨庭,16.05,16.05,15.95,16.05,41368.0
2026-08-17,TWSE,1540,喬福,19.25,19.35,19.1,19.2,181001.0
2026-08-17,TWSE,1541,錩泰,21.7,21.7,21.25,21.6,10095.0
2026-08-17,TWSE,1558,伸興,96.8,96.8,96.0,96.6,100453.0
2026-08-17,TWSE,1560,中砂,720.0,732.0,714.0,725.0,1883642.0
2026-08-17,TWSE,1563,巧新,63.8,65.2,63.1,63.5,1281606.0
2026-08-17,TWSE,1568,倉佑,30.1,30.1,29.3,29.45,383356.0
2026-08-17,TWSE,1582,信錦,75.5,75.5,73.7,74.2,479033.0
2026-08-17,TWSE,1583,程泰,49.1,49.4,49.1,49.1,5352.0
2026-08-17,TWSE,1587,吉茂,24.4,24.5,24.0,24.45,123043.0
2026-08-17,TWSE,1590,亞德客-KY,1495.0,1510.0,1440.0,1460.0,971933.0
2026-08-17,TWSE,1597,直得,150.0,150.5,142.0,143.5,1200006.0
2026-08-17,TWSE,1598,岱宇,20.2,20.75,20.05,20.55,538859.0
2026-08-17,TWSE,1603,華電,30.6,31.2,30.5,31.1,826732.0
2026-08-17,TWSE,1604,聲寶,23.15,23.15,23.0,23.15,270780.0
2026-08-17,TWSE,1605,華新,40.0,40.5,38.55,39.05,41914939.0
2026-08-17,TWSE,1608,華榮,36.8,37.35,36.6,37.0,4753650.0
2026-08-17,TWSE,1609,大亞,38.15,38.45,37.6,38.15,4202755.0
2026-08-17,TWSE,1611,中電,12.1,12.1,11.95,12.1,561240.0
2026-08-17,TWSE,1612,宏泰,34.3,34.95,34.25,34.8,842346.0
2026-08-17,TWSE,1614,三洋電,30.8,30.9,30.5,30.75,199129.0
2026-08-17,TWSE,1615,大山,44.05,44.05,43.75,43.8,121812.0
2026-08-17,TWSE,1616,億泰,19.7,19.85,19.35,19.45,344156.0
2026-08-17,TWSE,1617,榮星,18.6,19.2,18.5,18.55,652756.0
2026-08-17,TWSE,1618,合機,41.9,42.2,41.15,41.7,2672403.0
2026-08-17,TWSE,1623,大東電,212.0,212.0,208.5,209.0,65393.0
2026-08-17,TWSE,1626,艾美特-KY,9.57,9.57,9.52,9.52,57143.0
2026-08-17,TWSE,1702,南僑,32.85,32.85,32.0,32.2,434998.0
2026-08-17,TWSE,1707,葡萄王,88.7,89.6,88.3,89.3,308067.0
2026-08-17,TWSE,1708,東鹼,49.6,49.6,48.05,48.2,2513522.0
2026-08-17,TWSE,1709,和益,29.9,32.2,29.5,30.35,13482409.0
2026-08-17,TWSE,1710,東聯,14.85,15.4,14.7,15.05,4997289.0
2026-08-17,TWSE,1711,永光,40.0,40.15,38.15,38.5,4752803.0
2026-08-17,TWSE,1712,興農,39.0,39.0,38.7,38.9,934655.0
2026-08-17,TWSE,1713,國化,46.0,46.0,45.45,45.45,153807.0
2026-08-17,TWSE,1714,和桐,16.7,17.1,16.25,16.4,17141341.0
2026-08-17,TWSE,1717,長興,79.1,79.2,71.5,71.7,31147515.0
2026-08-17,TWSE,1718,中纖,10.9,11.05,10.65,10.95,25099780.0
2026-08-17,TWSE,1720,生達,56.4,56.4,55.8,55.9,362254.0
2026-08-17,TWSE,1721,三晃,20.0,20.1,19.6,19.95,653800.0
2026-08-17,TWSE,1722,台肥,45.65,45.75,45.15,45.25,2535639.0
2026-08-17,TWSE,1723,中碳,84.1,84.1,82.2,82.4,437007.0
2026-08-17,TWSE,1725,元禎,30.35,30.7,30.25,30.7,11840.0
2026-08-17,TWSE,1726,永記,78.2,78.2,77.2,77.5,18320.0
2026-08-17,TWSE,1727,中華化,77.3,77.7,74.3,75.1,1270700.0
2026-08-17,TWSE,1730,花仙子,51.5,51.6,51.4,51.4,20603.0
2026-08-17,TWSE,1731,美吾華,20.95,20.95,20.85,20.95,39643.0
2026-08-17,TWSE,1732,毛寶,26.2,26.4,26.1,26.3,81059.0
2026-08-17,TWSE,1733,五鼎,31.1,31.5,30.8,30.8,187993.0
2026-08-17,TWSE,1734,杏輝,31.85,31.85,31.55,31.75,390741.0
2026-08-17,TWSE,1735,日勝化,20.3,20.5,20.1,20.5,77900.0
2026-08-17,TWSE,1736,喬山,142.5,142.5,134.0,136.0,972182.0
2026-08-17,TWSE,1737,臺鹽,32.15,32.15,31.95,32.1,90836.0
2026-08-17,TWSE,1752,南光,31.8,31.95,31.65,31.95,31959.0
2026-08-17,TWSE,1760,寶齡富錦,58.7,58.8,58.2,58.6,116544.0
2026-08-17,TWSE,1762,中化生,35.15,35.2,34.55,35.05,138273.0
2026-08-17,TWSE,1773,勝一,160.0,160.0,156.5,157.5,535242.0
2026-08-17,TWSE,1776,展宇,17.05,17.05,16.8,17.0,158310.0
2026-08-17,TWSE,1783,和康生,40.4,40.5,39.6,40.3,157771.0
2026-08-17,TWSE,1786,科妍,50.1,50.4,49.55,49.55,133667.0
2026-08-17,TWSE,1789,神隆,18.85,18.85,18.45,18.45,582713.0
2026-08-17,TWSE,1795,美時,187.5,187.5,180.0,180.5,2189797.0
2026-08-17,TWSE,1802,台玻,58.2,58.7,56.4,57.9,25886521.0
2026-08-17,TWSE,1805,寶徠,10.0,10.0,9.96,10.0,29113.0
2026-08-17,TWSE,1806,冠軍,8.11,8.11,7.93,7.98,162602.0
2026-08-17,TWSE,1808,潤隆,33.05,33.1,32.65,32.65,702605.0
2026-08-17,TWSE,1809,中釉,40.3,40.5,39.45,40.15,1750421.0
2026-08-17,TWSE,1810,和成,25.2,27.55,24.3,27.55,24344388.0
2026-08-17,TWSE,1817,凱撒衛,39.45,39.5,39.3,39.35,94547.0
2026-08-17,TWSE,1903,士紙,47.75,47.75,46.9,47.05,91386.0
2026-08-17,TWSE,1904,正隆,24.9,24.95,23.9,24.45,2808763.0
2026-08-17,TWSE,1905,華紙,13.45,13.7,13.3,13.7,2102170.0
2026-08-17,TWSE,1906,寶隆,11.5,11.6,11.2,11.3,116974.0
2026-08-17,TWSE,1907,永豐餘,29.8,29.8,28.25,28.95,3190281.0
2026-08-17,TWSE,1909,榮成,10.15,10.6,10.15,10.6,6391019.0
2026-08-17,TWSE,2002,中鋼,19.25,19.25,18.95,19.0,38977323.0
2026-08-17,TWSE,2006,東和鋼鐵,85.3,85.3,80.2,80.9,3455095.0
2026-08-17,TWSE,2007,燁興,7.01,7.02,6.97,6.98,256312.0
2026-08-17,TWSE,2008,高興昌,30.6,30.95,30.55,30.75,17368.0
2026-08-17,TWSE,2009,第一銅,39.7,39.75,38.7,39.0,1667314.0
2026-08-17,TWSE,2010,春源,22.7,22.7,22.15,22.35,1823214.0
2026-08-17,TWSE,2012,春雨,15.15,15.15,14.9,15.15,41685.0
2026-08-17,TWSE,2013,中鋼構,41.3,41.3,40.95,41.05,77084.0
2026-08-17,TWSE,2014,中鴻,17.3,17.3,16.9,16.95,3638977.0
2026-08-17,TWSE,2015,豐興,63.8,63.8,62.4,62.4,386555.0
2026-08-17,TWSE,2017,官田鋼,8.88,8.88,8.67,8.68,607760.0
2026-08-17,TWSE,2020,美亞,21.3,21.3,21.0,21.2,399414.0
2026-08-17,TWSE,2022,聚亨,7.7,7.7,7.54,7.6,746965.0
2026-08-17,TWSE,2023,燁輝,13.65,13.8,13.55,13.65,1071375.0
2026-08-17,TWSE,2024,志聯,13.35,13.35,13.35,13.35,1774.0
2026-08-17,TWSE,2025,千興,12.7,12.7,12.3,12.6,369831.0
2026-08-17,TWSE,2027,大成鋼,50.0,50.0,46.85,47.6,36686198.0
2026-08-17,TWSE,2028,威致,15.75,15.85,15.65,15.8,55477.0
2026-08-17,TWSE,2029,盛餘,21.3,21.4,21.05,21.15,565723.0
2026-08-17,TWSE,2030,彰源,21.15,21.35,20.45,20.55,4111225.0
2026-08-17,TWSE,2031,新光鋼,46.0,46.0,43.25,43.55,3270966.0
2026-08-17,TWSE,2032,新鋼,17.25,17.25,16.6,16.6,537994.0
2026-08-17,TWSE,2033,佳大,20.75,22.65,20.6,22.6,2223372.0
2026-08-17,TWSE,2034,允強,20.15,20.15,19.7,19.9,1138433.0
2026-08-17,TWSE,2038,海光,12.95,12.95,12.6,12.7,175955.0
2026-08-17,TWSE,2049,上銀,387.0,388.5,367.5,373.5,4910831.0
2026-08-17,TWSE,2059,川湖,12010.0,12670.0,12010.0,12500.0,234633.0
2026-08-17,TWSE,2062,橋椿,18.7,18.8,18.65,18.75,64566.0
2026-08-17,TWSE,2069,運錩,20.2,20.2,19.75,19.75,415055.0
2026-08-17,TWSE,2072,世紀風電,155.0,155.0,151.5,152.5,474074.0
2026-08-17,TWSE,2101,南港,33.1,33.1,31.0,31.55,9341297.0
2026-08-17,TWSE,2102,泰豐,18.8,18.8,18.55,18.65,155365.0
2026-08-17,TWSE,2103,台橡,28.15,28.2,26.8,26.85,9188272.0
2026-08-17,TWSE,2104,國際中橡,10.25,10.35,10.1,10.3,2623234.0
2026-08-17,TWSE,2105,正新,30.65,30.65,30.2,30.4,7188791.0
2026-08-17,TWSE,2106,建大,17.7,17.7,17.25,17.55,1209994.0
2026-08-17,TWSE,2107,厚生,25.6,25.8,25.6,25.7,211139.0
2026-08-17,TWSE,2108,南帝,30.3,30.3,28.7,28.95,1436598.0
2026-08-17,TWSE,2109,華豐,14.75,14.75,14.65,14.7,82316.0
2026-08-17,TWSE,2114,鑫永銓,88.0,88.5,87.8,88.1,49777.0
2026-08-17,TWSE,2115,六暉-KY,23.3,23.3,23.05,23.15,52446.0
2026-08-17,TWSE,2201,裕隆,28.7,29.0,28.45,28.65,2438515.0
2026-08-17,TWSE,2204,中華,51.6,52.5,51.2,52.5,1762614.0
2026-08-17,TWSE,2206,三陽工業,60.3,60.9,59.8,60.9,852391.0
2026-08-17,TWSE,2207,和泰車,522.0,524.0,512.0,514.0,245910.0
2026-08-17,TWSE,2208,台船,19.3,20.95,19.0,20.3,19145283.0
2026-08-17,TWSE,2211,長榮鋼,85.3,85.3,80.1,80.5,4749926.0
2026-08-17,TWSE,2227,裕日車,48.55,48.6,48.5,48.55,33917.0
2026-08-17,TWSE,2228,劍麟,75.2,77.1,75.1,76.7,152554.0
2026-08-17,TWSE,2231,為升,99.7,106.0,97.6,102.0,933892.0
2026-08-17,TWSE,2233,宇隆,204.0,205.5,198.0,198.0,632825.0
2026-08-17,TWSE,2236,百達-KY,126.0,127.5,114.5,127.5,1989060.0
2026-08-17,TWSE,2237,華德動能-創,27.35,27.35,27.0,27.1,213985.0
2026-08-17,TWSE,2239,英利-KY,19.4,19.55,18.8,18.8,117218.0
2026-08-17,TWSE,2241,艾姆勒,33.1,33.1,32.5,32.75,262483.0
2026-08-17,TWSE,2243,宏旭-KY,40.2,40.4,39.5,39.7,258953.0
2026-08-17,TWSE,2247,汎德永業,224.0,224.5,219.5,221.0,103506.0
2026-08-17,TWSE,2248,華勝-KY,57.5,58.0,57.0,58.0,37184.0
2026-08-17,TWSE,2250,IKKA-KY,60.0,61.0,59.6,60.5,99960.0
2026-08-17,TWSE,2254,巨鎧精密-創,59.7,59.7,58.8,58.8,7000.0
2026-08-17,TWSE,2258,鴻華先進-創,32.0,32.0,31.5,31.5,229569.0
2026-08-17,TWSE,2301,光寶科,274.5,278.0,261.0,267.0,21538576.0
2026-08-17,TWSE,2302,麗正,45.55,46.0,42.2,42.2,4348563.0
2026-08-17,TWSE,2303,聯電,125.0,125.5,120.0,121.0,114922515.0
2026-08-17,TWSE,2305,全友,31.55,31.7,29.1,29.35,10186919.0
2026-08-17,TWSE,2308,台達電,1945.0,1975.0,1865.0,1885.0,14036875.0
2026-08-17,TWSE,2312,金寶,33.45,34.4,33.45,33.75,20301227.0
2026-08-17,TWSE,2313,華通,216.0,222.5,213.5,215.5,25421269.0
2026-08-17,TWSE,2314,台揚,11.2,11.25,11.1,11.2,164881.0
2026-08-17,TWSE,2316,楠梓電,164.5,164.5,158.5,160.0,1720273.0
2026-08-17,TWSE,2317,鴻海,262.0,264.5,257.5,259.5,51013887.0
2026-08-17,TWSE,2321,東訊,15.0,15.65,15.0,15.65,18460.0
2026-08-17,TWSE,2323,中環,11.0,11.3,10.95,11.3,15103262.0
2026-08-17,TWSE,2324,仁寶,40.3,43.2,40.3,43.2,402245118.0
2026-08-17,TWSE,2327,國巨*,668.0,668.0,617.0,622.0,73827926.0
2026-08-17,TWSE,2328,廣宇,46.3,46.75,45.3,45.55,2394589.0
2026-08-17,TWSE,2329,華泰,46.0,46.1,44.4,45.1,6107839.0
2026-08-17,TWSE,2330,台積電,2435.0,2440.0,2395.0,2395.0,21162682.0
2026-08-17,TWSE,2331,精英,19.2,21.0,19.15,20.7,13160800.0
2026-08-17,TWSE,2332,友訊,22.9,23.3,22.55,22.6,29370061.0
2026-08-17,TWSE,2337,旺宏,140.5,144.5,134.5,137.0,94191178.0
2026-08-17,TWSE,2338,光罩,40.7,40.9,39.5,39.65,1184753.0
2026-08-17,TWSE,2340,台亞,31.7,31.7,30.05,30.35,3627664.0
2026-08-17,TWSE,2342,茂矽,39.6,41.0,38.45,40.7,3262017.0
2026-08-17,TWSE,2344,華邦電,183.0,191.0,180.5,183.5,241145687.0
2026-08-17,TWSE,2345,智邦,2305.0,2385.0,2275.0,2300.0,3328996.0
2026-08-17,TWSE,2347,聯強,91.8,92.0,89.8,90.9,2959675.0
2026-08-17,TWSE,2348,海悅,69.8,69.8,68.8,69.6,259961.0
2026-08-17,TWSE,2349,錸德,11.25,12.15,11.25,11.6,5664734.0
2026-08-17,TWSE,2351,順德,174.0,175.5,169.5,171.0,1516109.0
2026-08-17,TWSE,2352,佳世達,28.9,30.1,28.7,29.5,16130162.0
2026-08-17,TWSE,2353,宏碁,31.8,33.2,31.8,32.3,59634972.0
2026-08-17,TWSE,2354,鴻準,62.8,63.4,62.0,62.5,9925314.0
2026-08-17,TWSE,2355,敬鵬,43.25,43.6,41.85,41.9,2961781.0
2026-08-17,TWSE,2356,英業達,71.0,73.5,69.4,69.9,59267538.0
2026-08-17,TWSE,2357,華碩,968.0,1025.0,966.0,996.0,16239913.0
2026-08-17,TWSE,2359,所羅門,157.5,169.0,154.5,159.5,26288887.0
2026-08-17,TWSE,2360,致茂,2335.0,2365.0,2280.0,2300.0,1729945.0
2026-08-17,TWSE,2362,藍天,47.9,50.5,47.9,49.9,4128637.0
2026-08-17,TWSE,2363,矽統,54.7,55.2,53.4,53.4,2955221.0
2026-08-17,TWSE,2364,倫飛,82.0,82.0,80.2,81.0,553914.0
2026-08-17,TWSE,2365,昆盈,31.7,31.7,30.7,31.0,1062121.0
2026-08-17,TWSE,2367,燿華,45.0,45.15,43.15,43.6,6588227.0
2026-08-17,TWSE,2368,金像電,1015.0,1065.0,995.0,1015.0,9269180.0
2026-08-17,TWSE,2369,菱生,33.5,33.95,32.6,33.1,6529399.0
2026-08-17,TWSE,2371,大同,26.25,26.6,26.1,26.35,5023803.0
2026-08-17,TWSE,2373,震旦行,53.8,53.8,53.2,53.3,16931.0
2026-08-17,TWSE,2374,佳能,71.2,71.4,70.4,70.5,2006128.0
2026-08-17,TWSE,2375,凱美,139.0,139.5,128.5,130.5,11541168.0
2026-08-17,TWSE,2376,技嘉,390.0,402.0,386.5,397.5,14334527.0
2026-08-17,TWSE,2377,微星,170.5,171.0,158.5,159.0,24931774.0
2026-08-17,TWSE,2379,瑞昱,752.0,759.0,721.0,721.0,2600193.0
2026-08-17,TWSE,2380,虹光,20.05,20.05,19.55,19.65,80434.0
2026-08-17,TWSE,2382,廣達,325.0,336.5,318.0,327.5,44245049.0
2026-08-17,TWSE,2383,台光電,5790.0,6200.0,5770.0,6165.0,2986895.0
2026-08-17,TWSE,2385,群光,107.0,107.5,106.0,107.5,3094316.0
2026-08-17,TWSE,2387,精元,36.85,36.85,36.5,36.65,584626.0
2026-08-17,TWSE,2388,威盛,76.3,77.5,75.0,76.1,3734709.0
2026-08-17,TWSE,2390,云辰,10.25,10.3,10.2,10.25,449248.0
2026-08-17,TWSE,2392,正崴,42.8,43.05,42.15,43.05,16947397.0
2026-08-17,TWSE,2393,億光,65.1,65.2,63.1,63.2,1997440.0
2026-08-17,TWSE,2395,研華,690.0,699.0,676.0,683.0,3683416.0
2026-08-17,TWSE,2397,友通,66.1,66.6,64.7,65.8,552317.0
2026-08-17,TWSE,2399,映泰,45.4,47.15,45.05,45.95,11445433.0
2026-08-17,TWSE,2401,凌陽,27.5,27.5,26.7,26.8,3281505.0
2026-08-17,TWSE,2402,毅嘉,56.3,56.3,54.5,54.8,1238372.0
2026-08-17,TWSE,2404,漢唐,1135.0,1140.0,1100.0,1125.0,1936765.0
2026-08-17,TWSE,2405,輔信,16.0,16.7,15.9,16.05,2874377.0
2026-08-17,TWSE,2406,國碩,30.35,30.5,29.0,29.2,13319126.0
2026-08-17,TWSE,2408,南亞科,532.0,542.0,501.0,512.0,104565253.0
2026-08-17,TWSE,2409,友達,26.05,26.4,25.75,25.8,132473858.0
2026-08-17,TWSE,2412,中華電,136.0,136.5,135.0,135.0,11386791.0
2026-08-17,TWSE,2413,環科,45.45,45.9,44.1,44.1,823104.0
2026-08-17,TWSE,2414,精技,52.8,53.7,51.9,53.3,417546.0
2026-08-17,TWSE,2415,錩新,29.75,29.75,29.15,29.3,154197.0
2026-08-17,TWSE,2417,圓剛,45.45,45.45,44.6,45.0,953584.0
2026-08-17,TWSE,2419,仲琦,25.05,25.1,24.8,24.8,329168.0
2026-08-17,TWSE,2420,新巨,58.5,59.5,58.1,58.6,1104524.0
2026-08-17,TWSE,2421,建準,150.5,150.5,145.0,146.0,2081884.0
2026-08-17,TWSE,2423,固緯,77.9,77.9,75.9,77.0,147243.0
2026-08-17,TWSE,2424,隴華,8.96,8.96,8.35,8.86,15153.0
2026-08-17,TWSE,2425,承啟,41.95,42.2,41.0,41.1,3075900.0
2026-08-17,TWSE,2426,鼎元,69.3,69.5,65.8,66.6,11683320.0
2026-08-17,TWSE,2427,三商電,22.3,23.3,22.3,22.85,1600399.0
2026-08-17,TWSE,2428,興勤,260.0,260.0,252.0,255.0,1739247.0
2026-08-17,TWSE,2429,銘旺科,31.8,34.9,31.05,34.9,822170.0
2026-08-17,TWSE,2430,燦坤,17.2,17.45,17.0,17.2,80552.0
2026-08-17,TWSE,2431,聯昌,10.3,10.3,10.15,10.25,168582.0
2026-08-17,TWSE,2432,倚天酷碁-創,28.2,28.2,27.95,28.0,24000.0
2026-08-17,TWSE,2433,互盛電,41.95,41.95,41.75,41.85,18499.0
2026-08-17,TWSE,2434,統懋,54.1,54.5,50.9,51.4,655565.0
2026-08-17,TWSE,2436,偉詮電,71.3,71.7,68.8,69.1,5241122.0
2026-08-17,TWSE,2438,翔耀,18.85,18.85,18.45,18.45,54992.0
2026-08-17,TWSE,2439,美律,82.0,82.0,80.6,80.7,993647.0
2026-08-17,TWSE,2440,太空梭,14.35,14.35,13.85,13.9,874230.0
2026-08-17,TWSE,2441,超豐,126.0,127.0,119.5,120.0,6963189.0
2026-08-17,TWSE,2442,新美齊,19.55,19.55,19.3,19.4,1297684.0
2026-08-17,TWSE,2444,兆勁,11.3,11.35,10.95,11.0,153562.0
2026-08-17,TWSE,2449,京元電子,256.0,256.5,245.0,247.0,17138072.0
2026-08-17,TWSE,2450,神腦,28.3,28.5,28.2,28.3,143024.0
2026-08-17,TWSE,2451,創見,304.0,306.0,291.0,292.5,5140232.0
2026-08-17,TWSE,2453,凌群,51.8,52.0,51.7,51.7,240812.0
2026-08-17,TWSE,2454,聯發科,4400.0,4400.0,4205.0,4210.0,10696134.0
2026-08-17,TWSE,2455,全新,385.0,385.0,376.0,379.5,2660937.0
2026-08-17,TWSE,2457,飛宏,23.75,24.0,23.3,23.55,1098562.0
2026-08-17,TWSE,2458,義隆,146.0,146.5,143.5,144.5,2353953.0
2026-08-17,TWSE,2459,敦吉,66.1,66.1,65.4,65.8,77236.0
2026-08-17,TWSE,2460,建通,30.4,30.4,29.5,29.7,375467.0
2026-08-17,TWSE,2461,光群雷,18.0,18.0,17.35,17.6,790084.0
2026-08-17,TWSE,2462,良得電,19.55,19.75,19.4,19.65,118716.0
2026-08-17,TWSE,2464,盟立,197.0,198.0,189.5,192.0,10004505.0
2026-08-17,TWSE,2465,麗臺,106.0,106.5,95.8,95.9,8885098.0
2026-08-17,TWSE,2466,冠西電,93.1,93.5,88.5,89.7,1014011.0
2026-08-17,TWSE,2467,志聖,552.0,558.0,532.0,535.0,981740.0
2026-08-17,TWSE,2468,華經,35.8,37.2,35.35,35.35,1462426.0
2026-08-17,TWSE,2471,資通,49.95,50.3,49.5,50.1,130529.0
2026-08-17,TWSE,2472,立隆電,253.0,254.0,242.5,245.0,2804732.0
2026-08-17,TWSE,2474,可成,203.0,205.0,202.5,204.5,2377313.0
2026-08-17,TWSE,2476,鉅祥,123.0,123.0,118.5,120.0,2064328.0
2026-08-17,TWSE,2477,美隆電,21.3,21.5,20.95,21.05,148273.0
2026-08-17,TWSE,2478,大毅,133.0,134.5,126.0,128.0,7189644.0
2026-08-17,TWSE,2480,敦陽科,161.5,163.5,158.0,158.5,261044.0
2026-08-17,TWSE,2481,強茂,145.0,146.0,136.0,138.0,16627710.0
2026-08-17,TWSE,2482,連宇,16.0,16.1,15.8,16.0,123542.0
2026-08-17,TWSE,2483,百容,41.5,41.7,37.8,38.1,5839880.0
2026-08-17,TWSE,2484,希華,76.6,77.2,71.8,72.8,13328067.0
2026-08-17,TWSE,2485,兆赫,43.7,43.95,42.0,43.0,3337638.0
2026-08-17,TWSE,2486,一詮,233.5,236.0,225.5,225.5,4285814.0
2026-08-17,TWSE,2488,漢平,49.85,50.0,49.6,49.85,60658.0
2026-08-17,TWSE,2489,瑞軒,32.3,32.35,31.15,31.5,6469037.0
2026-08-17,TWSE,2491,吉祥全,35.15,35.6,33.95,34.4,208714.0
2026-08-17,TWSE,2492,華新科,321.0,322.0,301.0,302.5,49331567.0
2026-08-17,TWSE,2493,揚博,212.5,218.0,212.5,212.5,2398572.0
2026-08-17,TWSE,2495,普安,40.2,40.65,39.2,39.5,1260827.0
2026-08-17,TWSE,2496,卓越,59.3,59.3,59.0,59.0,16320.0
2026-08-17,TWSE,2497,怡利電,47.45,47.45,46.45,46.55,278746.0
2026-08-17,TWSE,2498,宏達電,40.5,40.75,40.0,40.5,3456307.0
2026-08-17,TWSE,2501,國建,22.95,22.95,22.7,22.85,1094538.0
2026-08-17,TWSE,2504,國產,31.1,31.1,30.4,30.45,2684793.0
2026-08-17,TWSE,2505,國揚,18.1,18.1,17.9,18.1,264241.0
2026-08-17,TWSE,2506,太設,8.58,8.63,8.54,8.56,131196.0
2026-08-17,TWSE,2509,全坤建,13.7,13.8,13.7,13.7,89549.0
2026-08-17,TWSE,2511,太子,8.38,8.38,8.24,8.25,1552808.0
2026-08-17,TWSE,2514,龍邦,12.0,12.1,12.0,12.1,201528.0
2026-08-17,TWSE,2515,中工,11.95,12.1,11.9,12.05,8347248.0
2026-08-17,TWSE,2516,新建,14.0,14.0,13.9,14.0,122311.0
2026-08-17,TWSE,2520,冠德,35.5,35.5,34.65,34.85,970722.0
2026-08-17,TWSE,2524,京城,35.3,35.3,34.7,34.9,28805.0
2026-08-17,TWSE,2527,宏璟,45.55,45.6,43.95,44.4,1782166.0
2026-08-17,TWSE,2528,皇普,20.2,20.25,20.0,20.15,195453.0
2026-08-17,TWSE,2530,華建,19.5,19.5,19.15,19.4,441165.0
2026-08-17,TWSE,2534,宏盛,16.9,16.9,16.65,16.7,677328.0
2026-08-17,TWSE,2535,達欣工,87.5,88.6,87.4,88.3,209504.0
2026-08-17,TWSE,2536,宏普,21.45,21.5,20.8,20.8,3293692.0
2026-08-17,TWSE,2537,聯上發,11.0,11.0,10.7,10.95,1554644.0
2026-08-17,TWSE,2538,基泰,9.14,9.15,9.08,9.11,302811.0
2026-08-17,TWSE,2539,櫻花建,41.8,41.8,41.3,41.3,1009962.0
2026-08-17,TWSE,2540,愛山林,44.3,45.8,44.3,45.5,838549.0
2026-08-17,TWSE,2542,興富發,46.2,46.65,45.75,46.2,9265415.0
2026-08-17,TWSE,2543,皇昌,39.65,39.65,38.8,38.9,681902.0
2026-08-17,TWSE,2545,皇翔,34.45,34.45,33.25,33.55,345841.0
2026-08-17,TWSE,2546,根基,103.5,103.5,99.5,99.8,329844.0
2026-08-17,TWSE,2547,日勝生,10.15,10.15,9.98,10.1,1997381.0
2026-08-17,TWSE,2548,華固,93.5,93.9,93.3,93.3,983408.0
2026-08-17,TWSE,2597,潤弘,168.0,168.0,163.5,166.5,213741.0
2026-08-17,TWSE,2601,益航,6.18,6.23,6.11,6.2,1732758.0
2026-08-17,TWSE,2603,長榮,215.5,219.0,211.0,219.0,13449485.0
2026-08-17,TWSE,2605,新興,32.2,33.9,32.05,32.35,9705412.0
2026-08-17,TWSE,2606,裕民,65.4,66.3,64.6,66.3,2894542.0
2026-08-17,TWSE,2607,榮運,50.0,50.0,49.45,49.5,431350.0
2026-08-17,TWSE,2608,嘉里大榮,28.55,28.55,28.35,28.5,233220.0
2026-08-17,TWSE,2609,陽明,51.5,51.9,50.7,51.6,21723431.0
2026-08-17,TWSE,2610,華航,20.15,20.15,19.85,19.9,41774667.0
2026-08-17,TWSE,2611,志信,14.45,15.15,14.0,14.95,1765436.0
2026-08-17,TWSE,2612,中航,54.0,54.1,53.0,53.8,221245.0
2026-08-17,TWSE,2613,中櫃,20.35,20.55,20.15,20.5,123811.0
2026-08-17,TWSE,2614,東森,18.1,18.1,17.85,18.05,387029.0
2026-08-17,TWSE,2615,萬海,88.2,91.4,87.0,90.6,27863384.0
2026-08-17,TWSE,2616,山隆,13.4,13.5,13.35,13.4,99511.0
2026-08-17,TWSE,2617,台航,28.65,28.85,28.55,28.75,608023.0
2026-08-17,TWSE,2618,長榮航,40.65,40.65,39.2,39.9,55534006.0
2026-08-17,TWSE,2630,亞航,48.7,53.1,47.75,53.1,5282246.0
2026-08-17,TWSE,2633,台灣高鐵,25.95,25.95,25.8,25.9,4165356.0
2026-08-17,TWSE,2634,漢翔,64.2,70.6,63.2,70.6,79395321.0
2026-08-17,TWSE,2636,台驊控股,68.3,68.3,66.5,67.5,575931.0
2026-08-17,TWSE,2637,慧洋-KY,85.1,86.2,83.9,85.7,1796802.0
2026-08-17,TWSE,2642,宅配通,20.2,20.2,20.1,20.15,66983.0
2026-08-17,TWSE,2645,長榮航太,182.5,200.0,178.5,200.0,13325027.0
2026-08-17,TWSE,2646,星宇航空,20.4,20.45,20.2,20.4,5058719.0
2026-08-17,TWSE,2701,萬企,10.6,10.65,10.6,10.6,34727.0
2026-08-17,TWSE,2702,華園,12.2,12.5,12.2,12.25,53489.0
2026-08-17,TWSE,2704,國賓,46.6,46.6,45.6,45.95,82283.0
2026-08-17,TWSE,2705,六福,16.05,16.05,15.9,16.05,130648.0
2026-08-17,TWSE,2706,第一店,12.5,12.5,12.45,12.5,35188.0
2026-08-17,TWSE,2707,晶華,178.5,179.0,177.5,177.5,83977.0
2026-08-17,TWSE,2712,遠雄來,14.45,14.45,14.45,14.45,1200.0
2026-08-17,TWSE,2722,夏都,22.0,22.0,21.6,21.75,24291.0
2026-08-17,TWSE,2723,美食-KY,61.1,61.2,60.7,61.1,341012.0
2026-08-17,TWSE,2727,王品,232.5,232.5,228.0,231.0,361327.0
2026-08-17,TWSE,2731,雄獅,145.0,145.0,143.5,143.5,372655.0
2026-08-17,TWSE,2739,寒舍,36.35,36.4,35.7,36.2,136694.0
2026-08-17,TWSE,2748,雲品,38.8,38.8,38.1,38.4,90868.0
2026-08-17,TWSE,2753,八方雲集,182.0,183.0,181.0,182.5,163635.0
2026-08-17,TWSE,2762,世界健身-KY,83.5,83.9,82.6,82.6,39195.0
2026-08-17,TWSE,2801,彰銀,23.45,23.7,23.35,23.55,12838820.0
2026-08-17,TWSE,2812,台中銀,18.55,18.7,18.5,18.65,10603928.0
2026-08-17,TWSE,2816,旺旺保,33.6,33.75,33.4,33.75,200792.0
2026-08-17,TWSE,2820,華票,16.3,16.4,16.25,16.35,2626573.0
2026-08-17,TWSE,2832,台產,58.9,59.0,58.7,58.7,59363.0
2026-08-17,TWSE,2834,臺企銀,16.45,16.45,16.25,16.3,31429456.0
2026-08-17,TWSE,2836,高雄銀,11.9,11.9,11.8,11.8,2116769.0
2026-08-17,TWSE,2838,聯邦銀,20.15,20.2,19.9,19.9,2145660.0
2026-08-17,TWSE,2845,遠東銀,13.25,13.25,13.15,13.2,3455590.0
2026-08-17,TWSE,2849,安泰銀,14.45,14.55,14.3,14.3,70799.0
2026-08-17,TWSE,2850,新產,161.0,161.0,158.5,159.0,179620.0
2026-08-17,TWSE,2851,中再保,37.9,39.35,37.75,38.75,3352290.0
2026-08-17,TWSE,2852,第一保,26.95,27.0,26.85,26.95,175980.0
2026-08-17,TWSE,2855,統一證,47.5,48.35,47.2,47.4,3288242.0
2026-08-17,TWSE,2867,三商壽,9.62,9.8,9.5,9.75,11841754.0
2026-08-17,TWSE,2880,華南金,39.0,39.0,38.0,38.95,48593396.0
2026-08-17,TWSE,2881,富邦金,128.5,130.0,128.0,129.5,8926175.0
2026-08-17,TWSE,2882,國泰金,100.0,102.5,100.0,101.5,19229429.0
2026-08-17,TWSE,2883,凱基金,31.25,31.75,30.95,31.65,58718628.0
2026-08-17,TWSE,2884,玉山金,37.45,38.2,36.95,37.65,54934800.0
2026-08-17,TWSE,2885,元大金,70.5,70.5,69.1,69.7,22972077.0
2026-08-17,TWSE,2886,兆豐金,45.85,47.5,45.7,47.35,50705240.0
2026-08-17,TWSE,2887,台新新光金,36.8,37.8,36.55,37.75,100876170.0
2026-08-17,TWSE,2889,國票金,15.55,15.75,15.5,15.75,7881644.0
2026-08-17,TWSE,2890,永豐金,40.1,40.95,39.6,40.55,35464151.0
2026-08-17,TWSE,2891,中信金,66.9,67.2,65.2,65.8,26085471.0
2026-08-17,TWSE,2892,第一金,33.15,33.7,32.75,33.35,39847913.0
2026-08-17,TWSE,2897,王道銀行,10.15,10.15,10.05,10.05,2922186.0
2026-08-17,TWSE,2901,欣欣,23.8,23.8,23.5,23.5,11648.0
2026-08-17,TWSE,2903,遠百,21.75,21.8,21.55,21.65,2541796.0
2026-08-17,TWSE,2904,匯僑,12.85,12.9,12.7,12.75,102162.0
2026-08-17,TWSE,2905,三商,16.25,17.1,16.25,17.1,2937418.0
2026-08-17,TWSE,2906,高林,13.55,13.6,13.35,13.4,92492.0
2026-08-17,TWSE,2908,特力,21.9,21.9,21.75,21.85,126062.0
2026-08-17,TWSE,2910,統領,23.8,24.0,23.75,23.8,14643.0
2026-08-17,TWSE,2911,麗嬰房,7.0,7.0,6.91,7.0,171412.0
2026-08-17,TWSE,2912,統一超,217.0,217.0,214.0,214.5,2741495.0
2026-08-17,TWSE,2913,農林,10.95,10.95,10.8,10.9,1511096.0
2026-08-17,TWSE,2915,潤泰全,57.3,59.5,57.0,59.5,14058757.0
2026-08-17,TWSE,2923,鼎固-KY,28.1,28.1,25.5,25.7,230079.0
2026-08-17,TWSE,2929,淘帝-KY,5.67,5.81,5.67,5.79,206672.0
2026-08-17,TWSE,2939,永邑-KY,19.65,20.0,19.65,20.0,7001.0
2026-08-17,TWSE,2945,三商家購,40.25,40.25,40.15,40.25,9616.0
2026-08-17,TWSE,3002,歐格,17.05,17.1,16.8,16.8,105087.0
2026-08-17,TWSE,3003,健和興,70.5,70.9,65.8,66.8,1343327.0
2026-08-17,TWSE,3004,豐達科,129.0,129.0,124.0,127.0,673618.0
2026-08-17,TWSE,3005,神基,114.5,117.5,114.0,116.5,4165527.0
2026-08-17,TWSE,3006,晶豪科,282.0,282.0,269.5,273.5,4090124.0
2026-08-17,TWSE,3008,大立光,4700.0,4920.0,4590.0,4610.0,1840365.0
2026-08-17,TWSE,3010,華立,131.5,131.5,126.5,127.5,882916.0
2026-08-17,TWSE,3011,今皓,11.15,11.25,10.95,10.95,563902.0
2026-08-17,TWSE,3013,晟銘電,87.6,87.6,85.0,85.3,1049075.0
2026-08-17,TWSE,3014,聯陽,134.5,135.0,131.5,131.5,924965.0
2026-08-17,TWSE,3015,全漢,56.2,56.2,55.0,55.2,362689.0
2026-08-17,TWSE,3016,嘉晶,106.0,106.0,99.9,102.5,6007483.0
2026-08-17,TWSE,3017,奇鋐,3250.0,3320.0,3170.0,3235.0,7354711.0
2026-08-17,TWSE,3018,隆銘綠能,13.75,14.3,13.7,13.7,138982.0
2026-08-17,TWSE,3019,亞光,140.0,140.0,137.0,137.0,1539894.0
2026-08-17,TWSE,3021,鴻名,20.6,20.7,20.35,20.45,83734.0
2026-08-17,TWSE,3022,威強電,98.1,99.2,93.6,94.2,4037597.0
2026-08-17,TWSE,3023,信邦,318.5,318.5,310.5,312.0,444387.0
2026-08-17,TWSE,3024,憶聲,13.6,13.65,13.3,13.45,1283015.0
2026-08-17,TWSE,3025,星通,57.4,57.9,56.1,56.6,218226.0
2026-08-17,TWSE,3026,禾伸堂,695.0,695.0,640.0,647.0,2283382.0
2026-08-17,TWSE,3027,盛達,18.25,18.25,17.95,18.05,151303.0
2026-08-17,TWSE,3028,增你強,70.2,70.2,68.0,68.1,1077762.0
2026-08-17,TWSE,3029,零壹,112.5,114.0,111.0,111.5,1973421.0
2026-08-17,TWSE,3030,德律,307.0,307.0,293.0,295.0,1087491.0
2026-08-17,TWSE,3031,佰鴻,23.35,23.35,22.7,23.0,458675.0
2026-08-17,TWSE,3032,偉訓,80.9,81.9,79.6,80.9,475730.0
2026-08-17,TWSE,3033,威健,48.5,50.0,48.0,48.25,6294886.0
2026-08-17,TWSE,3034,聯詠,538.0,538.0,507.0,512.0,3726982.0
2026-08-17,TWSE,3035,智原,178.0,178.5,173.0,173.5,2487803.0
2026-08-17,TWSE,3036,文曄,216.0,217.0,209.0,210.0,8954646.0
2026-08-17,TWSE,3037,欣興,1020.0,1025.0,995.0,1020.0,9634898.0
2026-08-17,TWSE,3038,全台,20.45,20.65,20.35,20.65,213875.0
2026-08-17,TWSE,3040,遠見,38.0,38.0,37.55,37.55,58299.0
2026-08-17,TWSE,3041,揚智,23.6,23.6,23.0,23.3,632774.0
2026-08-17,TWSE,3042,晶技,185.0,187.5,179.0,180.5,9605074.0
2026-08-17,TWSE,3043,科風,20.8,21.55,20.3,21.15,178701.0
2026-08-17,TWSE,3044,健鼎,492.0,505.0,486.0,488.0,5439626.0
2026-08-17,TWSE,3045,台灣大,108.5,108.5,107.5,108.0,9531259.0
2026-08-17,TWSE,3046,建碁,61.8,61.8,59.4,59.8,561739.0
2026-08-17,TWSE,3047,訊舟,14.45,14.45,14.05,14.35,703557.0
2026-08-17,TWSE,3048,益登,60.8,60.9,58.5,58.8,4246289.0
2026-08-17,TWSE,3049,精金,11.15,11.45,11.0,11.1,2852309.0
2026-08-17,TWSE,3050,鈺德,11.45,11.75,11.35,11.45,1171788.0
2026-08-17,TWSE,3051,力特,23.8,23.85,23.35,23.6,482033.0
2026-08-17,TWSE,3052,夆典,11.35,11.35,11.2,11.25,869624.0
2026-08-17,TWSE,3054,立萬利,48.6,48.6,48.1,48.55,31797.0
2026-08-17,TWSE,3055,蔚華科,117.5,119.5,114.0,116.0,2040185.0
2026-08-17,TWSE,3056,富華新,13.85,14.0,13.8,14.0,691024.0
2026-08-17,TWSE,3057,喬鼎,16.7,16.7,16.25,16.25,76543.0
2026-08-17,TWSE,3058,立德,8.3,8.3,8.18,8.21,286361.0
2026-08-17,TWSE,3059,華晶科,40.85,41.2,40.35,40.8,1937307.0
2026-08-17,TWSE,3060,銘異,29.05,29.5,28.8,28.8,870924.0
2026-08-17,TWSE,3062,建漢,21.2,21.45,21.05,21.3,1467956.0
2026-08-17,TWSE,3090,日電貿,179.5,181.0,170.5,174.5,12877678.0
2026-08-17,TWSE,3092,鴻碩,24.2,24.2,23.55,23.9,160341.0
2026-08-17,TWSE,3094,聯傑,39.4,39.4,37.65,37.75,4081388.0
2026-08-17,TWSE,3130,一零四,210.5,213.0,210.0,211.0,207978.0
2026-08-17,TWSE,3135,凌航,171.0,173.0,162.5,164.0,1684733.0
2026-08-17,TWSE,3138,耀登,98.8,98.9,96.0,96.1,153699.0
2026-08-17,TWSE,3149,正達,68.3,68.3,65.6,67.1,8428940.0
2026-08-17,TWSE,3150,鈺寶-創,18.2,18.5,17.1,17.2,35000.0
2026-08-17,TWSE,3164,景岳,16.15,16.15,15.55,16.0,49932.0
2026-08-17,TWSE,3167,大量,695.0,695.0,673.0,675.0,402106.0
2026-08-17,TWSE,3168,眾福科,41.9,42.25,41.7,41.7,13307.0
2026-08-17,TWSE,3189,景碩,841.0,862.0,840.0,862.0,4293886.0
2026-08-17,TWSE,3209,全科,56.3,56.4,52.6,52.8,5787342.0
2026-08-17,TWSE,3229,晟鈦,53.0,54.3,50.6,53.8,1018632.0
2026-08-17,TWSE,3231,緯創,198.0,206.0,193.0,193.5,94749279.0
2026-08-17,TWSE,3257,虹冠電,52.3,52.3,50.5,50.7,285301.0
2026-08-17,TWSE,3266,昇陽,13.95,13.95,13.75,13.95,21630.0
2026-08-17,TWSE,3296,勝德,23.5,23.5,23.3,23.5,11885.0
2026-08-17,TWSE,3305,昇貿,118.0,118.5,113.0,113.5,2762016.0
2026-08-17,TWSE,3308,聯德,19.55,19.6,19.1,19.45,34699.0
2026-08-17,TWSE,3311,閎暉,32.7,32.75,32.05,32.25,214908.0
2026-08-17,TWSE,3312,弘憶股,57.0,57.7,54.8,55.1,7013636.0
2026-08-17,TWSE,3321,同泰,18.6,18.7,18.1,18.3,187779.0
2026-08-17,TWSE,3338,泰碩,65.2,65.2,63.4,63.8,215538.0
2026-08-17,TWSE,3346,麗清,21.1,21.1,20.3,20.45,304895.0
2026-08-17,TWSE,3356,奇偶,64.9,67.3,64.0,65.5,3515802.0
2026-08-17,TWSE,3376,新日興,190.0,191.0,186.5,189.5,1296605.0
2026-08-17,TWSE,3380,明泰,28.3,28.3,27.65,27.8,1741423.0
2026-08-17,TWSE,3406,玉晶光,623.0,642.0,608.0,615.0,4503598.0
2026-08-17,TWSE,3413,京鼎,304.0,304.0,293.5,295.5,1815043.0
2026-08-17,TWSE,3416,融程電,191.0,192.0,182.0,184.0,601714.0
2026-08-17,TWSE,3419,譁裕,12.05,12.3,11.95,12.1,113309.0
2026-08-17,TWSE,3432,台端,15.45,15.7,15.3,15.4,26377.0
2026-08-17,TWSE,3437,榮創,17.85,17.85,17.35,17.5,279028.0
2026-08-17,TWSE,3443,創意,5640.0,5830.0,5420.0,5465.0,2676032.0
2026-08-17,TWSE,3447,展達,27.6,27.6,27.0,27.1,98354.0
2026-08-17,TWSE,3450,聯鈞,516.0,516.0,491.0,510.0,1409677.0
2026-08-17,TWSE,3481,群創,50.2,51.5,49.7,50.1,235680402.0
2026-08-17,TWSE,3494,誠研,7.05,7.28,7.01,7.11,63099.0
2026-08-17,TWSE,3501,維熹,40.4,40.6,40.0,40.2,307204.0
2026-08-17,TWSE,3504,揚明光,76.8,78.5,74.0,74.1,1231580.0
2026-08-17,TWSE,3515,華擎,236.0,237.5,227.0,228.0,865479.0
2026-08-17,TWSE,3518,柏騰,28.8,28.8,28.25,28.25,437623.0
2026-08-17,TWSE,3528,安馳,90.6,92.2,89.3,90.0,502822.0
2026-08-17,TWSE,3530,晶相光,56.8,57.0,56.2,56.2,91796.0
2026-08-17,TWSE,3532,台勝科,343.0,358.0,330.0,356.0,15489054.0
2026-08-17,TWSE,3533,嘉澤,1730.0,1750.0,1700.0,1720.0,4793854.0
2026-08-17,TWSE,3535,晶彩科,92.9,93.8,91.3,92.0,499232.0
2026-08-17,TWSE,3543,州巧,39.9,40.45,39.65,40.1,1250472.0
2026-08-17,TWSE,3545,敦泰,51.0,51.0,48.6,48.8,929366.0
2026-08-17,TWSE,3550,聯穎,24.4,24.5,23.05,23.55,2247585.0
2026-08-17,TWSE,3557,嘉威,24.95,24.95,24.4,24.5,58048.0
2026-08-17,TWSE,3563,牧德,706.0,707.0,687.0,687.0,392707.0
2026-08-17,TWSE,3576,聯合再生,18.3,18.35,17.65,17.75,10629282.0
2026-08-17,TWSE,3583,辛耘,727.0,735.0,707.0,711.0,795460.0
2026-08-17,TWSE,3588,通嘉,57.0,57.0,54.4,54.5,227322.0
2026-08-17,TWSE,3591,艾笛森,20.95,20.95,20.45,20.55,439361.0
2026-08-17,TWSE,3592,瑞鼎,237.0,237.5,231.0,231.0,340404.0
2026-08-17,TWSE,3593,力銘,12.45,12.45,11.55,11.6,18818.0
2026-08-17,TWSE,3596,智易,167.0,167.0,164.5,165.0,1416815.0
2026-08-17,TWSE,3605,宏致,134.0,137.5,128.0,131.5,18819544.0
2026-08-17,TWSE,3607,谷崧,14.25,14.25,14.1,14.2,338104.0
2026-08-17,TWSE,3617,碩天,250.0,261.0,239.5,250.0,3455671.0
2026-08-17,TWSE,3622,洋華,53.2,53.3,50.6,52.1,1084315.0
2026-08-17,TWSE,3645,達邁,71.1,71.1,68.8,69.2,1041667.0
2026-08-17,TWSE,3652,精聯,37.45,38.2,36.5,37.5,1310842.0
2026-08-17,TWSE,3653,健策,4695.0,4860.0,4530.0,4855.0,1318120.0
2026-08-17,TWSE,3661,世芯-KY,4225.0,4530.0,4180.0,4210.0,3601132.0
2026-08-17,TWSE,3665,貿聯-KY,2235.0,2245.0,2180.0,2200.0,1633275.0
2026-08-17,TWSE,3669,圓展,39.7,39.7,38.45,38.55,223904.0
2026-08-17,TWSE,3673,TPK-KY,63.0,63.3,61.3,61.6,2738453.0
2026-08-17,TWSE,3679,新至陞,109.5,110.0,109.0,109.5,40852.0
2026-08-17,TWSE,3686,達能,14.6,14.6,14.3,14.4,123094.0
2026-08-17,TWSE,3694,海華,53.4,54.7,52.1,53.8,1494227.0
2026-08-17,TWSE,3701,大眾控,40.6,40.9,39.85,40.35,597100.0
2026-08-17,TWSE,3702,大聯大,124.5,124.5,115.0,115.0,12191511.0
2026-08-17,TWSE,3703,欣陸,20.05,20.05,19.9,19.95,2130787.0
2026-08-17,TWSE,3704,合勤控,42.1,44.55,41.7,43.85,4172138.0
2026-08-17,TWSE,3705,永信,54.3,54.3,53.9,54.3,153090.0
2026-08-17,TWSE,3706,神達,92.3,94.0,91.9,92.7,20108426.0
2026-08-17,TWSE,3708,上緯投控,104.0,104.0,98.7,100.5,932444.0
2026-08-17,TWSE,3711,日月光投控,635.0,635.0,608.0,616.0,16941503.0
2026-08-17,TWSE,3712,永崴投控,22.35,22.85,21.25,22.2,2559830.0
2026-08-17,TWSE,3714,富采,59.3,59.4,56.4,56.9,4421532.0
2026-08-17,TWSE,3715,定穎投控,118.0,119.0,115.0,116.0,4353421.0
2026-08-17,TWSE,3716,中化控股,35.15,35.15,34.7,34.8,232954.0
2026-08-17,TWSE,3717,聯嘉投控,23.25,23.25,22.0,22.55,2160501.0
2026-08-17,TWSE,4104,佳醫,71.3,71.5,71.0,71.3,88898.0
2026-08-17,TWSE,4106,雃博,24.75,24.75,24.3,24.65,162127.0
2026-08-17,TWSE,4108,懷特,11.2,11.25,11.05,11.25,81478.0
2026-08-17,TWSE,4119,旭富,55.1,55.1,53.0,53.0,367320.0
2026-08-17,TWSE,4133,亞諾法,20.65,20.85,20.6,20.8,60623.0
2026-08-17,TWSE,4137,麗豐-KY,93.8,93.9,92.9,93.2,253692.0
2026-08-17,TWSE,4142,國光生,17.35,17.35,17.05,17.15,605016.0
2026-08-17,TWSE,4148,全宇生技-KY,32.0,32.0,31.5,31.9,24158.0
2026-08-17,TWSE,4155,訊映,15.1,15.1,14.65,14.8,616944.0
2026-08-17,TWSE,4164,承業醫,26.7,26.7,26.5,26.6,245550.0
2026-08-17,TWSE,4169,泰宗,150.0,156.0,150.0,152.5,144341.0
2026-08-17,TWSE,4178,永笙-KY,17.9,17.9,17.55,17.8,123002.0
2026-08-17,TWSE,4190,佐登-KY,24.85,24.85,24.55,24.65,11147.0
2026-08-17,TWSE,4195,基米-創,15.0,15.0,14.5,14.7,166457.0
2026-08-17,TWSE,4306,炎洲,14.9,15.55,14.9,15.5,5019524.0
2026-08-17,TWSE,4414,如興,8.52,8.76,8.5,8.62,103639.0
2026-08-17,TWSE,4426,利勤,7.93,7.93,7.87,7.92,106385.0
2026-08-17,TWSE,4438,廣越,61.8,61.8,60.6,61.0,50509.0
2026-08-17,TWSE,4439,冠星-KY,100.5,102.0,100.0,101.5,10061.0
2026-08-17,TWSE,4440,宜新實業,17.6,17.6,17.4,17.45,32049.0
2026-08-17,TWSE,4441,振大環球,202.0,202.0,197.5,200.0,111132.0
2026-08-17,TWSE,4526,東台,31.5,31.5,30.75,30.75,1205707.0
2026-08-17,TWSE,4532,瑞智,23.8,23.8,23.5,23.55,610652.0
2026-08-17,TWSE,4536,拓凱,169.0,169.5,166.5,166.5,151577.0
2026-08-17,TWSE,4540,全球傳動,60.0,60.6,59.0,59.7,2118488.0
2026-08-17,TWSE,4545,銘鈺,32.7,32.7,32.25,32.6,56803.0
2026-08-17,TWSE,4551,智伸科,176.0,176.0,160.5,162.0,2594189.0
2026-08-17,TWSE,4552,力達-KY,17.5,17.65,17.4,17.65,65300.0
2026-08-17,TWSE,4555,氣立,51.0,51.0,48.55,48.6,301841.0
2026-08-17,TWSE,4557,永新-KY,49.85,54.4,49.85,53.0,274585.0
2026-08-17,TWSE,4560,強信-KY,32.45,32.45,31.85,32.05,179110.0
2026-08-17,TWSE,4562,穎漢,33.0,33.25,32.3,32.6,216225.0
2026-08-17,TWSE,4564,元翎,17.1,18.55,16.6,18.15,4969252.0
2026-08-17,TWSE,4566,時碩工業,77.0,77.7,74.2,75.6,4063448.0
2026-08-17,TWSE,4569,六方科-KY,162.0,162.0,158.0,160.0,45916.0
2026-08-17,TWSE,4571,鈞興-KY,171.0,171.0,167.0,167.5,147417.0
2026-08-17,TWSE,4572,駐龍,139.0,141.5,139.0,140.0,40594.0
2026-08-17,TWSE,4576,大銀微系統,224.0,226.5,217.5,221.0,1287472.0
2026-08-17,TWSE,4581,光隆精密-KY,48.0,48.0,47.7,47.85,24086.0
2026-08-17,TWSE,4582,聚恆-創,25.6,25.95,24.85,25.5,204678.0
2026-08-17,TWSE,4583,台灣精銳,513.0,516.0,493.0,493.5,157450.0
2026-08-17,TWSE,4585,達明,310.0,310.0,305.0,305.5,156898.0
2026-08-17,TWSE,4588,玖鼎電力,53.0,53.0,51.9,52.2,32201.0
2026-08-17,TWSE,4590,富田-創,91.8,93.9,90.6,93.5,542904.0
2026-08-17,TWSE,4720,德淵,19.75,19.8,18.6,18.7,1207841.0
2026-08-17,TWSE,4722,國精化,209.0,211.5,201.5,203.0,627835.0
2026-08-17,TWSE,4736,泰博,141.0,141.5,138.0,139.0,441968.0
2026-08-17,TWSE,4737,華廣,57.2,57.2,56.2,56.9,81614.0
2026-08-17,TWSE,4739,康普,87.5,91.4,86.3,89.2,2301225.0
2026-08-17,TWSE,4746,台耀,52.5,53.0,51.2,51.4,1081093.0
2026-08-17,TWSE,4755,三福化,119.5,119.5,118.0,118.0,143574.0
2026-08-17,TWSE,4763,材料*-KY,51.6,51.7,50.5,51.5,6432404.0
2026-08-17,TWSE,4764,雙鍵,241.0,250.0,223.0,232.0,3332685.0
2026-08-17,TWSE,4766,南寶,340.0,341.0,336.5,338.0,216422.0
2026-08-17,TWSE,4770,上品,224.5,225.0,218.5,218.5,196815.0
2026-08-17,TWSE,4771,望隼,204.0,204.0,197.0,198.0,203210.0
2026-08-17,TWSE,4807,日成-KY,31.5,31.55,30.5,31.55,198706.0
2026-08-17,TWSE,4904,遠傳,98.3,99.4,98.1,99.0,5015396.0
2026-08-17,TWSE,4906,正文,36.75,36.8,36.15,36.3,2615850.0
2026-08-17,TWSE,4912,聯德控股-KY,92.6,92.6,90.6,91.3,154802.0
2026-08-17,TWSE,4915,致伸,60.8,61.1,60.2,60.9,2048770.0
2026-08-17,TWSE,4916,事欣科,102.0,108.0,101.0,106.0,7652239.0
2026-08-17,TWSE,4919,新唐,129.5,130.5,122.0,123.0,3940889.0
2026-08-17,TWSE,4927,泰鼎-KY,33.7,34.05,33.0,33.35,2348161.0
2026-08-17,TWSE,4930,燦星網,16.1,16.2,16.1,16.15,34214.0
2026-08-17,TWSE,4934,太極,14.55,14.55,14.2,14.3,413894.0
2026-08-17,TWSE,4935,茂林-KY,35.35,35.35,34.5,34.9,67865.0
2026-08-17,TWSE,4938,和碩,95.3,97.0,93.7,94.8,20999055.0
2026-08-17,TWSE,4942,嘉彰,33.3,33.5,33.15,33.5,92195.0
2026-08-17,TWSE,4943,康控-KY,8.64,8.64,8.31,8.58,9174.0
2026-08-17,TWSE,4949,有成精密,69.0,70.3,68.3,69.9,595515.0
2026-08-17,TWSE,4952,凌通,50.0,52.0,49.0,51.9,950745.0
2026-08-17,TWSE,4956,光鋐,31.85,31.85,30.0,30.0,599646.0
2026-08-17,TWSE,4958,臻鼎-KY,481.5,522.0,473.0,489.5,62706981.0
2026-08-17,TWSE,4960,誠美材,21.85,22.2,21.15,21.85,3523032.0
2026-08-17,TWSE,4961,天鈺,168.5,169.0,161.5,163.5,761032.0
2026-08-17,TWSE,4967,十銓,283.5,284.5,274.0,275.0,4654782.0
2026-08-17,TWSE,4968,立積,96.0,96.3,94.0,94.3,449761.0
2026-08-17,TWSE,4976,佳凌,37.2,40.2,37.2,37.8,5848035.0
2026-08-17,TWSE,4977,眾達-KY,150.0,150.0,143.5,144.0,1886956.0
2026-08-17,TWSE,4989,榮科,63.8,69.3,63.8,64.8,11657197.0
2026-08-17,TWSE,4994,傳奇,87.4,88.6,85.1,85.1,22422.0
2026-08-17,TWSE,4999,鑫禾,19.0,19.0,18.85,18.85,21797.0
2026-08-17,TWSE,5007,三星,56.2,56.4,55.9,56.1,16225.0
2026-08-17,TWSE,5203,訊連,61.2,61.2,60.7,61.0,146838.0
2026-08-17,TWSE,5215,科嘉-KY,39.6,41.25,39.6,41.0,129771.0
2026-08-17,TWSE,5222,全訊,122.0,124.5,118.5,123.0,631372.0
2026-08-17,TWSE,5225,東科-KY,61.9,61.9,60.9,61.0,448533.0
2026-08-17,TWSE,5234,達興材料,337.0,339.0,325.5,326.5,209595.0
2026-08-17,TWSE,5236,凌陽創新,142.0,142.0,137.5,137.5,244792.0
2026-08-17,TWSE,5243,乙盛-KY,92.1,92.1,89.5,89.5,828692.0
2026-08-17,TWSE,5244,弘凱,33.4,33.4,32.6,32.85,104228.0
2026-08-17,TWSE,5258,虹堡,49.6,49.75,48.1,48.1,872773.0
2026-08-17,TWSE,5269,祥碩,1435.0,1435.0,1380.0,1380.0,699510.0
2026-08-17,TWSE,5283,禾聯碩,57.7,59.5,57.0,57.5,287946.0
2026-08-17,TWSE,5284,jpp-KY,305.0,305.0,293.5,294.0,236955.0
2026-08-17,TWSE,5285,界霖,80.8,80.8,76.2,77.6,862690.0
2026-08-17,TWSE,5288,豐祥-KY,190.5,190.5,185.0,188.5,184850.0
2026-08-17,TWSE,5292,華懋,190.5,194.0,186.5,193.0,149940.0
2026-08-17,TWSE,5306,桂盟,96.0,96.0,93.5,94.0,198433.0
2026-08-17,TWSE,5388,中磊,81.2,81.2,79.2,79.8,8550021.0
2026-08-17,TWSE,5434,崇越,532.0,532.0,521.0,521.0,412824.0
2026-08-17,TWSE,5469,瀚宇博,77.1,77.2,73.9,74.1,2338063.0
2026-08-17,TWSE,5471,松翰,58.1,59.7,56.5,58.5,6890274.0
2026-08-17,TWSE,5484,慧友,41.75,41.75,40.3,40.6,283696.0
2026-08-17,TWSE,5515,建國,48.8,49.95,48.0,48.45,1434704.0
2026-08-17,TWSE,5519,隆大,27.9,28.05,27.65,27.75,312973.0
2026-08-17,TWSE,5521,工信,10.75,10.75,10.55,10.7,1717557.0
2026-08-17,TWSE,5522,遠雄,61.8,62.3,61.7,62.1,817195.0
2026-08-17,TWSE,5525,順天,22.0,22.0,21.75,21.85,62363.0
2026-08-17,TWSE,5531,鄉林,7.35,7.45,7.32,7.45,564112.0
2026-08-17,TWSE,5533,皇鼎,13.85,13.95,13.8,13.85,104814.0
2026-08-17,TWSE,5534,長虹,78.4,79.4,78.0,79.3,571574.0
2026-08-17,TWSE,5538,東明-KY,33.85,34.05,33.65,34.0,30010.0
2026-08-17,TWSE,5546,永固-KY,13.65,13.75,13.3,13.75,15350.0
2026-08-17,TWSE,5607,遠雄港,52.2,52.3,51.0,51.4,658362.0
2026-08-17,TWSE,5608,四維航,14.0,14.2,13.85,14.1,1384766.0
2026-08-17,TWSE,5706,鳳凰,45.3,45.45,45.1,45.15,104142.0
2026-08-17,TWSE,5871,中租-KY,114.5,114.5,111.0,111.5,6885620.0
2026-08-17,TWSE,5876,上海商銀,42.4,42.45,41.65,42.35,6477947.0
2026-08-17,TWSE,5880,合庫金,24.1,24.25,24.0,24.2,12604649.0
2026-08-17,TWSE,5906,台南-KY,0.0,0.0,0.0,0.0,341.0
2026-08-17,TWSE,5907,大洋-KY,4.92,4.98,4.87,4.95,542005.0
2026-08-17,TWSE,6005,群益證,30.8,31.35,30.6,30.9,5593462.0
2026-08-17,TWSE,6024,群益期,61.5,61.7,60.4,60.7,603113.0
2026-08-17,TWSE,6108,競國,21.7,22.6,20.95,22.1,3290187.0
2026-08-17,TWSE,6112,邁達特,46.55,47.4,46.25,46.9,784065.0
2026-08-17,TWSE,6115,鎰勝,45.2,45.35,45.1,45.2,99176.0
2026-08-17,TWSE,6116,彩晶,14.0,14.2,13.85,13.9,20238957.0
2026-08-17,TWSE,6117,迎廣,63.8,63.9,62.5,63.5,327677.0
2026-08-17,TWSE,6120,達運,12.6,12.95,12.5,12.9,1886976.0
2026-08-17,TWSE,6128,上福,20.4,20.6,20.25,20.5,38540.0
2026-08-17,TWSE,6133,金橋,23.0,23.1,22.55,22.7,503396.0
2026-08-17,TWSE,6136,富爾特,25.15,25.3,25.0,25.0,189642.0
2026-08-17,TWSE,6139,亞翔,815.0,820.0,792.0,798.0,2533695.0
2026-08-17,TWSE,6141,柏承,36.15,36.9,34.55,35.0,961132.0
2026-08-17,TWSE,6142,友勁,9.29,9.36,9.22,9.3,294494.0
2026-08-17,TWSE,6152,百一,14.5,14.6,13.9,14.1,4387177.0
2026-08-17,TWSE,6153,嘉聯益,17.35,17.4,16.85,17.0,1958068.0
2026-08-17,TWSE,6155,鈞寶,63.8,69.8,62.6,63.7,14033686.0
2026-08-17,TWSE,6164,華興,12.0,12.25,11.85,12.1,411362.0
2026-08-17,TWSE,6165,浪凡,49.2,49.2,48.9,48.9,243956.0
2026-08-17,TWSE,6166,凌華,138.0,142.0,129.0,129.5,3338235.0
2026-08-17,TWSE,6168,宏齊,25.4,25.4,24.55,24.65,910998.0
2026-08-17,TWSE,6177,達麗,47.75,47.75,46.95,47.75,2088843.0
2026-08-17,TWSE,6183,關貿,93.1,94.0,92.6,93.8,34286.0
2026-08-17,TWSE,6184,大豐電,42.2,42.2,42.0,42.05,32634.0
2026-08-17,TWSE,6189,豐藝,49.5,49.6,48.7,48.9,298692.0
2026-08-17,TWSE,6191,精成科,87.1,87.4,85.6,85.8,1905451.0
2026-08-17,TWSE,6192,巨路,119.0,119.0,115.0,116.0,301982.0
2026-08-17,TWSE,6196,帆宣,524.0,525.0,506.0,510.0,982576.0
2026-08-17,TWSE,6197,佳必琪,314.0,315.0,306.0,307.0,1400637.0
2026-08-17,TWSE,6201,亞弘電,45.3,45.45,45.0,45.25,51040.0
2026-08-17,TWSE,6202,盛群,62.5,63.0,60.0,60.4,2482890.0
2026-08-17,TWSE,6205,詮欣,64.2,65.6,61.6,62.1,364701.0
2026-08-17,TWSE,6206,飛捷,156.5,156.5,142.5,143.0,4275162.0
2026-08-17,TWSE,6209,今國光,70.7,72.4,69.4,69.7,3472306.0
2026-08-17,TWSE,6213,聯茂,463.0,490.0,462.0,480.0,3959731.0
2026-08-17,TWSE,6214,精誠,172.0,172.0,172.0,172.0,1870185.0
2026-08-17,TWSE,6215,和椿,108.0,109.0,103.5,104.0,1309276.0
2026-08-17,TWSE,6216,居易,22.55,22.55,22.25,22.3,146611.0
2026-08-17,TWSE,6224,聚鼎,63.7,63.7,62.4,63.3,348359.0
2026-08-17,TWSE,6225,天瀚,40.4,40.4,40.4,40.4,396961.0
2026-08-17,TWSE,6226,光鼎,19.7,19.75,19.05,19.05,5084139.0
2026-08-17,TWSE,6230,尼得科超眾,112.0,112.0,109.0,109.0,75476.0
2026-08-17,TWSE,6235,華孚,38.8,39.3,38.4,39.05,552496.0
2026-08-17,TWSE,6239,力成,287.0,288.5,276.0,278.0,14915030.0
2026-08-17,TWSE,6243,迅杰,44.5,47.5,41.85,46.8,5229858.0
2026-08-17,TWSE,6257,矽格,216.0,216.5,207.5,208.0,5192323.0
2026-08-17,TWSE,6269,台郡,64.8,65.8,64.3,65.7,3525245.0
2026-08-17,TWSE,6271,同欣電,201.5,202.0,194.0,194.0,3637715.0
2026-08-17,TWSE,6272,驊陞,23.7,23.95,23.45,23.5,140750.0
2026-08-17,TWSE,6277,宏正,84.8,87.6,82.0,84.0,1211796.0
2026-08-17,TWSE,6278,台表科,173.0,181.5,172.0,173.0,9786200.0
2026-08-17,TWSE,6281,全國電,51.4,51.5,51.2,51.5,24489.0
2026-08-17,TWSE,6282,康舒,48.65,48.65,47.65,47.8,7070507.0
2026-08-17,TWSE,6283,淳安,19.85,20.15,19.65,20.05,108429.0
2026-08-17,TWSE,6285,啟碁,247.5,253.0,244.5,245.0,4481099.0
2026-08-17,TWSE,6405,悅城,40.65,40.8,39.5,39.9,209077.0
2026-08-17,TWSE,6409,旭隼,972.0,1035.0,972.0,1015.0,553409.0
2026-08-17,TWSE,6412,群電,79.6,80.1,79.0,79.1,725253.0
2026-08-17,TWSE,6414,樺漢,442.0,442.0,406.0,407.0,5969868.0
2026-08-17,TWSE,6415,矽力*-KY,482.5,511.0,478.5,480.0,7718554.0
2026-08-17,TWSE,6416,瑞祺電通,97.8,97.9,92.1,93.6,695127.0
2026-08-17,TWSE,6426,統新,224.0,227.0,218.0,219.0,1026646.0
2026-08-17,TWSE,6431,光麗-KY,18.75,20.3,18.65,18.95,236296.0
2026-08-17,TWSE,6438,迅得,148.5,148.5,144.5,144.5,229862.0
2026-08-17,TWSE,6442,光聖,1550.0,1620.0,1530.0,1560.0,2590055.0
2026-08-17,TWSE,6443,元晶,27.6,27.65,27.0,27.2,3281909.0
2026-08-17,TWSE,6446,藥華藥,1440.0,1525.0,1440.0,1500.0,4016154.0
2026-08-17,TWSE,6449,鈺邦,247.5,247.5,233.5,233.5,1015987.0
2026-08-17,TWSE,6451,訊芯-KY,436.0,436.0,420.5,425.5,824669.0
2026-08-17,TWSE,6456,GIS-KY,67.3,67.6,65.5,65.7,2168442.0
2026-08-17,TWSE,6464,台數科,78.4,79.0,76.4,79.0,28748.0
2026-08-17,TWSE,6472,保瑞,425.0,425.0,409.0,409.0,854668.0
2026-08-17,TWSE,6477,安集,35.75,38.25,34.05,38.25,4939016.0
2026-08-17,TWSE,6491,晶碩,372.5,378.0,368.0,369.0,374678.0
2026-08-17,TWSE,6504,南六,38.0,38.15,37.85,37.9,27425.0
2026-08-17,TWSE,6505,台塑化,70.0,71.6,69.8,70.9,12934711.0
2026-08-17,TWSE,6515,穎崴,6705.0,6985.0,6675.0,6750.0,626254.0
2026-08-17,TWSE,6525,捷敏-KY,152.5,152.5,144.0,145.0,2211748.0
2026-08-17,TWSE,6526,達發,634.0,634.0,608.0,610.0,290094.0
2026-08-17,TWSE,6531,愛普*,882.0,932.0,870.0,932.0,945306.0
2026-08-17,TWSE,6533,晶心科,247.0,249.0,242.5,246.5,1055367.0
2026-08-17,TWSE,6534,正瀚-創,94.8,94.9,93.8,94.6,211161.0
2026-08-17,TWSE,6541,泰福-KY,38.05,38.05,37.3,37.65,298259.0
2026-08-17,TWSE,6550,北極星藥業-KY,11.0,11.0,10.9,10.95,435515.0
2026-08-17,TWSE,6552,易華電,25.55,25.65,24.7,24.85,119496.0
2026-08-17,TWSE,6558,興能高,26.15,26.15,25.7,25.8,142200.0
2026-08-17,TWSE,6573,虹揚-KY,16.85,16.85,16.0,16.35,197618.0
2026-08-17,TWSE,6579,研揚,157.0,158.0,153.0,154.0,652345.0
2026-08-17,TWSE,6581,鋼聯,107.5,107.5,107.0,107.0,37351.0
2026-08-17,TWSE,6582,申豐,31.55,31.8,31.35,31.8,39165.0
2026-08-17,TWSE,6585,鼎基,120.0,120.0,116.0,117.5,339514.0
2026-08-17,TWSE,6589,台康生技,51.0,52.3,51.0,51.5,655338.0
2026-08-17,TWSE,6591,動力-KY,46.3,46.3,44.7,44.7,161811.0
2026-08-17,TWSE,6592,和潤企業,61.5,61.7,61.1,61.4,284784.0
2026-08-17,TWSE,6598,ABC-KY,28.0,28.3,27.55,27.8,320215.0
2026-08-17,TWSE,6605,帝寶,136.0,137.5,135.5,137.5,370829.0
2026-08-17,TWSE,6606,建德工業,27.5,28.45,26.95,27.1,220636.0
2026-08-17,TWSE,6614,資拓宏宇,35.95,36.25,35.9,36.05,37228.0
2026-08-17,TWSE,6625,必應,77.3,77.9,77.3,77.5,119783.0
2026-08-17,TWSE,6641,基士德-KY,18.1,18.1,17.8,17.9,25100.0
2026-08-17,TWSE,6645,金萬林-創,13.2,13.5,13.2,13.25,5051.0
2026-08-17,TWSE,6655,科定,116.5,116.5,116.5,116.5,1052.0
2026-08-17,TWSE,6657,華安,31.0,31.6,30.6,30.65,95560.0
2026-08-17,TWSE,6658,聯策,176.0,177.0,161.0,161.0,657863.0
2026-08-17,TWSE,6666,羅麗芬-KY,43.0,43.0,42.5,43.0,9781.0
2026-08-17,TWSE,6668,中揚光,36.2,37.15,35.6,35.75,402562.0
2026-08-17,TWSE,6669,緯穎,6145.0,6650.0,6140.0,6435.0,2596938.0
2026-08-17,TWSE,6670,復盛應用,267.0,267.0,261.5,261.5,176700.0
2026-08-17,TWSE,6671,三能-KY,22.85,22.85,22.5,22.5,11072.0
2026-08-17,TWSE,6672,騰輝電子-KY,264.5,284.5,258.5,270.0,6294536.0
2026-08-17,TWSE,6674,鋐寶科技,15.2,15.2,14.85,14.85,16668.0
2026-08-17,TWSE,6689,伊雲谷,63.5,63.5,62.2,63.0,59814.0
2026-08-17,TWSE,6691,洋基工程,727.0,728.0,712.0,728.0,416486.0
2026-08-17,TWSE,6695,芯鼎,52.4,52.4,50.3,51.0,407261.0
2026-08-17,TWSE,6698,旭暉應材,32.1,32.1,31.4,31.45,127126.0
2026-08-17,TWSE,6706,惠特,121.0,122.5,117.5,118.0,1257649.0
2026-08-17,TWSE,6715,嘉基,400.0,408.0,387.0,390.0,632728.0
2026-08-17,TWSE,6719,力智,209.5,212.5,202.0,205.0,1677728.0
2026-08-17,TWSE,6722,輝創,32.6,32.6,32.3,32.6,38730.0
2026-08-17,TWSE,6742,澤米,43.95,43.95,42.85,43.4,243872.0
2026-08-17,TWSE,6743,安普新,27.0,27.0,26.1,26.2,223244.0
2026-08-17,TWSE,6753,龍德造船,144.5,158.0,143.5,158.0,8145131.0
2026-08-17,TWSE,6754,匯僑設計,41.95,41.95,41.75,41.75,7014.0
2026-08-17,TWSE,6756,威鋒電子,101.0,101.5,99.2,99.2,93132.0
2026-08-17,TWSE,6757,台灣虎航,54.6,54.9,53.3,54.8,1401294.0
2026-08-17,TWSE,6768,志強-KY,65.8,66.8,65.5,66.7,286515.0
2026-08-17,TWSE,6770,力積電,76.6,81.8,76.3,78.4,527933484.0
2026-08-17,TWSE,6771,平和環保-創,41.7,42.0,41.0,41.5,57824.0
2026-08-17,TWSE,6776,展碁國際,54.4,55.1,54.1,54.4,188800.0
2026-08-17,TWSE,6781,AES-KY,1130.0,1140.0,1115.0,1120.0,494905.0
2026-08-17,TWSE,6782,視陽,210.0,210.0,201.5,202.5,320735.0
2026-08-17,TWSE,6789,采鈺,449.5,453.0,442.5,442.5,819416.0
2026-08-17,TWSE,6790,永豐實,38.0,38.0,37.75,37.8,238801.0
2026-08-17,TWSE,6792,詠業,60.3,60.3,58.9,58.9,35100.0
2026-08-17,TWSE,6794,向榮生技,73.3,73.3,69.5,71.2,47195.0
2026-08-17,TWSE,6796,晉弘,60.8,60.8,59.1,60.1,36807.0
2026-08-17,TWSE,6799,來頡,86.2,86.2,84.5,84.6,207673.0
2026-08-17,TWSE,6805,富世達,1860.0,1895.0,1785.0,1805.0,1183827.0
2026-08-17,TWSE,6807,峰源-KY,37.8,38.0,37.55,38.0,9000.0
2026-08-17,TWSE,6830,汎銓,423.5,423.5,406.5,407.0,1133170.0
2026-08-17,TWSE,6831,邁科,695.0,699.0,669.0,683.0,716166.0
2026-08-17,TWSE,6834,天二科技,108.0,108.0,100.0,101.0,4296616.0
2026-08-17,TWSE,6835,圓裕,31.2,31.7,31.1,31.1,18109.0
2026-08-17,TWSE,6838,台新藥,22.9,23.1,22.9,23.0,31300.0
2026-08-17,TWSE,6854,錼創科技-KY創,94.0,94.0,91.4,92.4,144817.0
2026-08-17,TWSE,6861,睿生光電,223.5,226.5,213.0,215.0,429515.0
2026-08-17,TWSE,6862,三集瑞-KY,148.0,148.0,142.5,142.5,169397.0
2026-08-17,TWSE,6863,永道-KY,110.5,111.5,107.0,108.0,297961.0
2026-08-17,TWSE,6869,雲豹能源,66.7,66.7,64.1,64.1,469499.0
2026-08-17,TWSE,6873,泓德能源,69.8,69.8,67.3,69.0,770020.0
2026-08-17,TWSE,6885,全福生技,20.5,20.8,20.25,20.3,243177.0
2026-08-17,TWSE,6887,寶綠特-KY,35.75,36.25,35.1,35.7,29050.0
2026-08-17,TWSE,6890,來億-KY,180.0,180.0,168.0,168.5,440374.0
2026-08-17,TWSE,6901,鑽石投資,17.45,17.45,16.4,16.5,2728261.0
2026-08-17,TWSE,6902,GOGOLOOK,131.0,135.0,129.5,132.0,136363.0
2026-08-17,TWSE,6906,現觀科,74.1,74.8,72.1,73.7,104368.0
2026-08-17,TWSE,6908,宏碁遊戲-創,34.4,34.4,32.8,32.8,3234.0
2026-08-17,TWSE,6909,創控,41.6,41.6,40.15,40.4,227849.0
2026-08-17,TWSE,6914,阜爾運通,147.5,148.5,147.5,147.5,49146.0
2026-08-17,TWSE,6916,華凌,18.65,18.95,18.4,18.6,24185.0
2026-08-17,TWSE,6918,愛派司,73.1,75.0,73.0,74.0,62146.0
2026-08-17,TWSE,6919,康霈*,104.0,109.5,102.0,104.0,5746615.0
2026-08-17,TWSE,6921,嘉雨思-創,69.1,75.3,69.1,75.3,110733.0
2026-08-17,TWSE,6923,中台,76.1,76.4,75.3,76.1,51461.0
2026-08-17,TWSE,6924,榮惠-KY創,112.5,115.5,112.5,115.5,11010.0
2026-08-17,TWSE,6928,攸泰科技,48.8,52.3,48.2,50.8,450509.0
2026-08-17,TWSE,6931,青松健康,45.9,46.0,41.55,41.8,538177.0
2026-08-17,TWSE,6933,AMAX-KY,197.5,197.5,186.5,188.5,600916.0
2026-08-17,TWSE,6934,心誠鎂,72.2,73.2,71.8,72.3,37261.0
2026-08-17,TWSE,6936,永鴻生技,32.05,32.15,32.0,32.05,11490.0
2026-08-17,TWSE,6937,天虹,300.0,300.0,280.0,280.0,398920.0
2026-08-17,TWSE,6944,兆聯實業,755.0,758.0,741.0,741.0,227226.0
2026-08-17,TWSE,6947,台鎔科技,74.3,74.8,72.0,72.3,423403.0
2026-08-17,TWSE,6949,沛爾生醫-創,1045.0,1090.0,1025.0,1070.0,257966.0
2026-08-17,TWSE,6951,青新-創,72.6,72.6,71.4,71.5,16560.0
2026-08-17,TWSE,6952,大武山,38.8,39.4,37.75,37.85,11121.0
2026-08-17,TWSE,6955,邦睿生技-創,126.0,126.0,123.0,123.0,8070.0
2026-08-17,TWSE,6957,裕慶-KY,218.0,219.0,214.5,218.0,67201.0
2026-08-17,TWSE,6958,日盛台駿,17.4,17.45,17.4,17.45,8853.0
2026-08-17,TWSE,6962,奕力-KY,32.1,32.2,30.35,30.75,7264481.0
2026-08-17,TWSE,6965,中傑-KY,75.7,76.0,75.3,75.9,21163.0
2026-08-17,TWSE,6969,成信實業*-創,33.1,33.1,31.4,31.4,135413.0
2026-08-17,TWSE,6988,威力暘-創,12.7,12.8,12.5,12.5,56000.0
2026-08-17,TWSE,6994,富威電力,35.95,36.25,35.75,35.9,308064.0
2026-08-17,TWSE,7610,聯友金屬-創,1795.0,1870.0,1730.0,1750.0,271924.0
2026-08-17,TWSE,7631,聚賢研發-創,145.0,147.5,143.0,145.0,145258.0
2026-08-17,TWSE,7689,大鵬科CLMX,174.5,174.5,170.5,173.0,89139.0
2026-08-17,TWSE,7705,三商餐飲,30.25,30.45,30.1,30.45,20659.0
2026-08-17,TWSE,7711,永擎,499.0,499.0,470.0,472.0,993433.0
2026-08-17,TWSE,7721,微程式,65.5,65.5,63.5,63.5,59867.0
2026-08-17,TWSE,7722,LINEPAY,298.0,298.0,276.0,276.5,199356.0
2026-08-17,TWSE,7730,暉盛-創,179.5,180.0,166.5,168.0,103035.0
2026-08-17,TWSE,7732,金興精密,33.9,34.9,33.55,34.5,30000.0
2026-08-17,TWSE,7736,虎山,69.1,71.5,68.4,71.3,36080.0
2026-08-17,TWSE,7740,熙特爾-創,143.0,145.5,141.0,141.0,177829.0
2026-08-17,TWSE,7749,意騰-KY,370.0,370.0,347.5,348.5,170063.0
2026-08-17,TWSE,7750,新代,2380.0,2395.0,2330.0,2355.0,175404.0
2026-08-17,TWSE,7760,享溫馨,33.5,33.5,32.7,33.0,60018.0
2026-08-17,TWSE,7765,中華資安,226.5,228.5,226.5,226.5,20744.0
2026-08-17,TWSE,7768,頌勝科技,280.0,280.0,266.5,267.0,96927.0
2026-08-17,TWSE,7769,鴻勁,6950.0,6960.0,6560.0,6590.0,609751.0
2026-08-17,TWSE,7780,大研生醫*,16.7,16.7,16.5,16.6,772443.0
2026-08-17,TWSE,7786,東方風能,126.5,126.5,122.5,122.5,272260.0
2026-08-17,TWSE,7788,松川精密,271.5,276.5,263.5,268.0,1801770.0
2026-08-17,TWSE,7791,皇家可口,58.0,58.0,57.1,57.3,61616.0
2026-08-17,TWSE,7795,長廣,559.0,594.0,530.0,536.0,2980069.0
2026-08-17,TWSE,7799,禾榮科,365.0,369.5,360.5,367.0,166094.0
2026-08-17,TWSE,7803,雲象科技-創,19.25,19.7,19.25,19.7,22140.0
2026-08-17,TWSE,7818,溢泰實業,62.9,63.4,62.4,62.4,64513.0
2026-08-17,TWSE,7821,神數,40.3,40.3,39.15,39.4,76276.0
2026-08-17,TWSE,7822,倍利科,889.0,899.0,871.0,873.0,135696.0
2026-08-17,TWSE,7823,奧義賽博-KY創,85.3,85.4,84.0,84.8,51208.0
2026-08-17,TWSE,7827,漢康-KY創,159.5,164.0,154.0,161.0,253121.0
2026-08-17,TWSE,7835,永悅健康-創,24.85,24.85,24.0,24.1,26014.0
2026-08-17,TWSE,7855,和運租車,44.4,44.65,43.95,44.05,4000933.0
2026-08-17,TWSE,8011,台通,16.1,16.15,15.9,16.15,438623.0
2026-08-17,TWSE,8016,矽創,316.5,317.5,304.0,306.0,1115674.0
2026-08-17,TWSE,8021,尖點,431.0,437.0,415.0,434.0,1114375.0
2026-08-17,TWSE,8028,昇陽半導體,273.0,273.5,260.0,263.0,5591015.0
2026-08-17,TWSE,8033,雷虎,182.0,201.5,182.0,201.5,16897715.0
2026-08-17,TWSE,8039,台虹,259.5,274.0,246.5,272.5,55936944.0
2026-08-17,TWSE,8045,達運光電,51.2,51.3,50.2,50.8,210321.0
2026-08-17,TWSE,8046,南電,1235.0,1335.0,1205.0,1305.0,23319261.0
2026-08-17,TWSE,8070,長華*,49.0,51.4,48.75,49.65,4469727.0
2026-08-17,TWSE,8072,陞泰,26.4,26.6,26.3,26.55,68803.0
2026-08-17,TWSE,8081,致新,269.0,269.0,258.0,258.0,980393.0
2026-08-17,TWSE,8101,華冠,12.3,12.3,11.5,11.5,9363.0
2026-08-17,TWSE,8103,瀚荃,80.3,81.5,78.5,78.9,672524.0
2026-08-17,TWSE,8104,錸寶,31.65,32.1,31.3,31.85,335374.0
2026-08-17,TWSE,8105,凌巨,16.9,16.95,16.65,16.75,1161779.0
2026-08-17,TWSE,8110,華東,46.9,48.55,46.7,46.85,10601599.0
2026-08-17,TWSE,8112,至上,99.3,99.8,95.1,95.8,20432034.0
2026-08-17,TWSE,8114,振樺電,216.0,216.0,204.0,204.0,799921.0
2026-08-17,TWSE,8131,福懋科,66.9,67.4,64.7,65.2,4448514.0
2026-08-17,TWSE,8150,南茂,94.5,95.5,90.5,91.9,39986859.0
2026-08-17,TWSE,8162,微矽電子-創,59.5,60.4,58.2,59.6,197855.0
2026-08-17,TWSE,8163,達方,32.3,32.3,31.7,31.95,522912.0
2026-08-17,TWSE,8201,無敵,11.8,11.95,11.8,11.85,10100.0
2026-08-17,TWSE,8210,勤誠,1005.0,1015.0,988.0,1000.0,1948469.0
2026-08-17,TWSE,8213,志超,33.4,33.4,32.75,33.0,462538.0
2026-08-17,TWSE,8215,明基材,25.2,25.2,24.6,24.6,450386.0
2026-08-17,TWSE,8222,寶一,39.6,42.45,38.75,41.3,4901919.0
2026-08-17,TWSE,8249,菱光,43.1,43.2,42.05,42.05,232489.0
2026-08-17,TWSE,8261,富鼎,202.5,202.5,185.0,185.0,12236942.0
2026-08-17,TWSE,8271,宇瞻,231.5,236.5,224.5,233.0,8476251.0
2026-08-17,TWSE,8341,日友,76.3,76.3,75.7,75.9,149467.0
2026-08-17,TWSE,8367,建新國際,40.55,40.55,40.1,40.25,30241.0
2026-08-17,TWSE,8374,羅昇,86.6,88.6,85.1,85.7,576135.0
2026-08-17,TWSE,8404,百和興業-KY,16.4,16.55,16.05,16.1,295867.0
2026-08-17,TWSE,8411,福貞-KY,12.9,12.95,12.85,12.95,31913.0
2026-08-17,TWSE,8422,可寧衛*,26.4,26.5,26.2,26.4,2899071.0
2026-08-17,TWSE,8429,金麗-KY,6.06,6.06,5.98,6.04,200125.0
2026-08-17,TWSE,8438,昶昕,69.2,70.3,66.5,67.2,331409.0
2026-08-17,TWSE,8442,威宏-KY,43.8,43.8,43.5,43.7,21191.0
2026-08-17,TWSE,8443,阿瘦,11.4,11.5,11.4,11.5,20700.0
2026-08-17,TWSE,8454,富邦媒,266.0,267.5,261.0,262.5,406812.0
2026-08-17,TWSE,8462,柏文,179.5,179.5,175.5,176.0,140701.0
2026-08-17,TWSE,8463,潤泰材,20.8,21.6,20.8,21.4,194954.0
2026-08-17,TWSE,8464,億豐,368.5,380.0,368.5,377.0,325911.0
2026-08-17,TWSE,8466,美吉吉-KY,16.1,16.1,16.0,16.1,41054.0
2026-08-17,TWSE,8467,波力-KY,102.5,102.5,101.0,101.5,22329.0
2026-08-17,TWSE,8473,山林水,46.0,46.2,45.0,45.15,1195822.0
2026-08-17,TWSE,8476,台境*,20.15,20.15,19.85,20.1,199336.0
2026-08-17,TWSE,8478,東哥遊艇,146.0,146.0,143.5,143.5,266942.0
2026-08-17,TWSE,8481,政伸,41.1,41.1,41.0,41.0,3605.0
2026-08-17,TWSE,8482,商億-KY,47.45,47.75,47.45,47.75,2165.0
2026-08-17,TWSE,8487,愛爾達-創,72.1,73.3,72.1,72.2,9475.0
2026-08-17,TWSE,8488,吉源-KY,10.05,10.05,9.94,9.94,3100.0
2026-08-17,TWSE,8499,鼎炫-KY,261.0,265.5,256.5,262.0,29861.0
2026-08-17,TWSE,8926,台汽電,56.2,56.7,55.6,56.7,3872310.0
2026-08-17,TWSE,8940,新天地,15.1,16.0,15.05,15.6,124747.0
2026-08-17,TWSE,8996,高力,1325.0,1330.0,1245.0,1280.0,6188946.0
2026-08-17,TWSE,9103,美德醫療-DR,5.13,5.24,5.07,5.16,947981.0
2026-08-17,TWSE,9105,泰金寶-DR,8.32,8.7,8.32,8.61,33834289.0
2026-08-17,TWSE,9110,越南控-DR,3.0,3.11,3.0,3.11,17000.0
2026-08-17,TWSE,9136,巨騰-DR,11.2,11.55,11.2,11.5,411000.0
2026-08-17,TWSE,9802,鈺齊-KY,72.1,72.2,70.8,71.6,723027.0
2026-08-17,TWSE,9902,台火,14.05,14.05,13.65,13.7,107382.0
2026-08-17,TWSE,9904,寶成,24.45,25.35,24.45,25.25,55096682.0
2026-08-17,TWSE,9905,大華,21.5,21.65,21.3,21.4,184247.0
2026-08-17,TWSE,9906,欣巴巴,40.3,40.3,39.1,39.35,65810.0
2026-08-17,TWSE,9907,統一實,15.0,15.0,14.75,14.85,1374885.0
2026-08-17,TWSE,9908,大台北,29.15,29.15,29.0,29.05,68919.0
2026-08-17,TWSE,9910,豐泰,70.3,70.3,68.5,69.4,1305905.0
2026-08-17,TWSE,9911,櫻花,82.0,82.1,81.5,81.8,242047.0
2026-08-17,TWSE,9912,偉聯,12.9,12.95,12.7,12.8,38998.0
2026-08-17,TWSE,9914,美利達,84.4,84.7,79.3,83.3,7313489.0
2026-08-17,TWSE,9917,中保科,108.0,108.0,107.5,107.5,189150.0
2026-08-17,TWSE,9918,欣天然,42.65,42.7,42.45,42.55,35552.0
2026-08-17,TWSE,9919,康那香,13.9,13.9,13.8,13.85,230732.0
2026-08-17,TWSE,9921,巨大,102.0,102.0,97.2,101.0,5756495.0
2026-08-17,TWSE,9924,福興,38.45,38.45,38.2,38.35,248927.0
2026-08-17,TWSE,9925,新保,40.1,40.1,40.0,40.1,448870.0
2026-08-17,TWSE,9926,新海,48.95,49.1,48.95,49.0,24526.0
2026-08-17,TWSE,9927,泰銘,69.6,69.6,69.1,69.3,72119.0
2026-08-17,TWSE,9928,中視,18.7,18.7,18.3,18.6,54080.0
2026-08-17,TWSE,9929,秋雨,11.4,11.45,11.4,11.4,5452.0
2026-08-17,TWSE,9930,中聯資源,62.3,62.9,62.2,62.8,97867.0
2026-08-17,TWSE,9931,欣高,33.95,33.95,33.75,33.9,31258.0
2026-08-17,TWSE,9933,中鼎,42.15,43.1,41.55,42.9,4408043.0
2026-08-17,TWSE,9934,成霖,11.2,11.3,11.0,11.15,2285906.0
2026-08-17,TWSE,9935,慶豐富,20.55,20.55,20.15,20.3,369497.0
2026-08-17,TWSE,9937,全國,54.9,55.2,54.8,55.1,30432.0
2026-08-17,TWSE,9938,百和,42.1,42.4,41.75,42.4,897212.0
2026-08-17,TWSE,9939,宏全,135.0,135.0,131.0,132.0,1557139.0
2026-08-17,TWSE,9940,信義,21.15,21.15,20.8,20.85,370621.0
2026-08-17,TWSE,9941,裕融,86.4,86.4,84.2,84.4,1006057.0
2026-08-17,TWSE,9942,茂順,116.0,116.0,115.0,115.5,75273.0
2026-08-17,TWSE,9943,好樂迪,51.4,51.4,50.3,50.8,222517.0
2026-08-17,TWSE,9944,新麗,17.55,17.7,17.3,17.7,42729.0
2026-08-17,TWSE,9945,潤泰新,28.1,29.8,28.05,29.8,37276643.0
2026-08-17,TWSE,9946,三發地產,19.05,19.3,18.8,19.05,413696.0
2026-08-17,TWSE,9955,佳龍,24.65,25.05,24.4,24.55,253628.0
2026-08-17,TWSE,9958,世紀鋼,105.0,105.5,102.5,103.0,2039243.0
2026-08-17,TPEX,1240,茂生農經,56.9,56.9,56.7,56.8,12953.0
2026-08-17,TPEX,1259,安心,64.0,66.4,64.0,65.6,128791.0
2026-08-17,TPEX,1264,德麥,259.5,259.5,255.0,259.0,35192.0
2026-08-17,TPEX,1268,漢來美食,181.0,181.5,181.0,181.0,5219.0
2026-08-17,TPEX,1294,漢田生技,58.0,58.0,57.8,57.9,8695.0
2026-08-17,TPEX,1295,生合,46.8,46.8,46.35,46.6,21929.0
2026-08-17,TPEX,1336,台翰,18.35,18.6,17.2,18.0,3021929.0
2026-08-17,TPEX,1565,精華,94.6,94.6,94.0,94.3,26610.0
2026-08-17,TPEX,1569,濱川,42.4,44.0,42.4,43.25,478590.0
2026-08-17,TPEX,1570,力肯,33.6,33.95,33.4,33.95,32131.0
2026-08-17,TPEX,1580,新麥,107.0,108.0,106.5,107.5,54589.0
2026-08-17,TPEX,1584,精剛,18.4,18.5,17.8,18.1,407609.0
2026-08-17,TPEX,1586,和勤,19.3,19.45,19.0,19.2,497047.0
2026-08-17,TPEX,1591,駿吉-KY,36.0,36.0,34.8,35.15,124689.0
2026-08-17,TPEX,1593,祺驊,32.15,32.4,31.65,31.8,39340.0
2026-08-17,TPEX,1595,川寶,65.5,65.5,64.0,64.0,126172.0
2026-08-17,TPEX,1599,宏佳騰,23.4,23.4,23.3,23.35,11590.0
2026-08-17,TPEX,1742,台蠟,17.7,17.7,17.3,17.5,83013.0
2026-08-17,TPEX,1777,生泰,74.5,74.5,73.5,74.5,32809.0
2026-08-17,TPEX,1780,立弘,23.35,23.8,23.35,23.7,9511.0
2026-08-17,TPEX,1781,合世,10.85,11.0,10.85,10.95,19417.0
2026-08-17,TPEX,1784,訊聯,60.7,61.6,60.4,61.4,64432.0
2026-08-17,TPEX,1785,光洋科,104.0,105.0,103.0,105.0,3841754.0
2026-08-17,TPEX,1788,杏昌,130.0,130.5,130.0,130.5,27722.0
2026-08-17,TPEX,1796,金穎生技,30.7,30.75,29.55,30.25,18078.0
2026-08-17,TPEX,1799,易威,30.0,30.3,29.85,30.0,122618.0
2026-08-17,TPEX,1813,寶利徠,11.5,11.5,11.4,11.5,9985.0
2026-08-17,TPEX,1815,富喬,93.0,96.5,91.5,96.5,11577729.0
2026-08-17,TPEX,2035,唐榮,27.1,27.15,27.0,27.15,17059.0
2026-08-17,TPEX,2061,風青,50.0,53.2,49.1,51.6,2021881.0
2026-08-17,TPEX,2063,世鎧,24.9,24.9,24.05,24.65,41378.0
2026-08-17,TPEX,2064,晉椿,12.55,12.55,12.35,12.35,8083.0
2026-08-17,TPEX,2065,世豐,36.4,36.4,35.95,36.3,64863.0
2026-08-17,TPEX,2066,世德,58.5,58.5,56.9,58.0,96099.0
2026-08-17,TPEX,2067,嘉鋼,6.24,6.24,5.76,6.0,48803.0
2026-08-17,TPEX,2070,精湛,60.8,61.4,60.2,60.9,52918.0
2026-08-17,TPEX,2073,雄順,25.5,25.5,25.5,25.5,1003.0
2026-08-17,TPEX,2221,大甲,52.7,54.9,51.7,54.0,478119.0
2026-08-17,TPEX,2230,泰茂,24.95,24.95,24.4,24.8,48919.0
2026-08-17,TPEX,2235,謚源,,,,,0.0
2026-08-17,TPEX,2596,綠意,32.7,33.2,32.65,33.2,70087.0
2026-08-17,TPEX,2640,大車隊,151.0,155.5,151.0,155.0,62755.0
2026-08-17,TPEX,2641,正德,17.35,17.65,17.35,17.55,1350132.0
2026-08-17,TPEX,2643,捷迅,60.3,61.9,60.3,61.9,18436.0
2026-08-17,TPEX,2718,全心投控,48.8,49.4,48.6,48.8,84420.0
2026-08-17,TPEX,2719,燦星旅,21.0,21.0,21.0,21.0,2247.0
2026-08-17,TPEX,2724,藝舍-KY,10.55,10.65,10.55,10.65,111000.0
2026-08-17,TPEX,2726,雅茗-KY,8.65,8.65,8.48,8.55,65466.0
2026-08-17,TPEX,2729,瓦城,160.0,160.0,159.5,159.5,8858.0
2026-08-17,TPEX,2732,六角,64.0,64.0,63.0,63.5,29077.0
2026-08-17,TPEX,2734,易飛網,15.0,15.0,14.9,15.0,34708.0
2026-08-17,TPEX,2736,富野,11.5,11.5,11.3,11.45,30906.0
2026-08-17,TPEX,2740,華軒,30.75,30.75,28.2,29.9,5053.0
2026-08-17,TPEX,2743,山富,55.5,56.6,55.4,56.6,85765.0
2026-08-17,TPEX,2745,五福,88.1,88.3,87.8,88.1,41289.0
2026-08-17,TPEX,2751,王座,53.8,53.8,53.6,53.6,4210.0
2026-08-17,TPEX,2752,豆府,180.0,180.0,178.5,179.0,8245.0
2026-08-17,TPEX,2754,亞洲藏壽司,68.9,69.0,68.5,69.0,12187.0
2026-08-17,TPEX,2755,揚秦,104.0,104.0,102.0,103.5,47724.0
2026-08-17,TPEX,2756,聯發國際,56.9,58.1,56.8,58.1,28000.0
2026-08-17,TPEX,2916,滿心,40.7,40.85,40.5,40.5,37737.0
2026-08-17,TPEX,2924,宏太-KY,16.9,16.9,16.0,16.75,12000.0
2026-08-17,TPEX,2926,誠品生活,30.4,30.4,29.8,30.0,16004.0
2026-08-17,TPEX,2937,集雅社,47.7,48.3,47.5,48.3,17218.0
2026-08-17,TPEX,2941,米斯特,30.4,30.4,30.4,30.4,1000.0
2026-08-17,TPEX,2947,振宇五金,,,,,1189.0
2026-08-17,TPEX,2948,寶陞,36.65,38.5,36.65,38.4,7102.0
2026-08-17,TPEX,2949,欣新網,65.0,65.0,60.5,63.7,6028.0
2026-08-17,TPEX,3064,泰偉,,,,,209.0
2026-08-17,TPEX,3066,李洲,23.55,23.8,23.2,23.6,396458.0
2026-08-17,TPEX,3067,全域,17.5,17.5,17.2,17.2,7000.0
2026-08-17,TPEX,3071,協禧,24.55,24.7,24.3,24.7,132974.0
2026-08-17,TPEX,3073,天方能源,22.8,23.1,22.6,22.85,53004.0
2026-08-17,TPEX,3078,僑威,53.2,53.8,52.8,53.2,652226.0
2026-08-17,TPEX,3081,聯亞,2670.0,2790.0,2625.0,2790.0,1586414.0
2026-08-17,TPEX,3083,網龍,23.5,23.75,23.15,23.2,194385.0
2026-08-17,TPEX,3085,新零售,,,,,11.0
2026-08-17,TPEX,3086,華義*,26.5,26.7,26.3,26.5,43221.0
2026-08-17,TPEX,3088,艾訊,128.5,129.5,125.0,127.5,902020.0
2026-08-17,TPEX,3093,港建*,48.55,48.55,47.2,47.8,244403.0
2026-08-17,TPEX,3095,及成,36.9,37.0,36.0,37.0,22572.0
2026-08-17,TPEX,3105,穩懋,391.0,404.5,388.5,398.0,25290270.0
2026-08-17,TPEX,3114,好德,34.0,34.0,33.2,33.2,205685.0
2026-08-17,TPEX,3115,富榮綱,8.67,8.67,8.67,8.67,1024.0
2026-08-17,TPEX,3118,進階,31.75,31.75,31.7,31.7,6518.0
2026-08-17,TPEX,3122,笙泉,25.7,25.7,25.2,25.45,59178.0
2026-08-17,TPEX,3128,昇銳,22.05,22.3,22.0,22.1,58621.0
2026-08-17,TPEX,3131,弘塑,2485.0,2535.0,2410.0,2500.0,428761.0
2026-08-17,TPEX,3141,晶宏,71.8,73.8,70.5,73.1,556018.0
2026-08-17,TPEX,3147,大綜,234.5,235.5,230.0,230.5,331320.0
2026-08-17,TPEX,3152,璟德,225.0,226.5,223.5,224.0,67116.0
2026-08-17,TPEX,3158,嘉實,83.0,83.0,82.7,82.7,3566.0
2026-08-17,TPEX,3162,精確,62.6,63.5,62.0,62.3,377852.0
2026-08-17,TPEX,3163,波若威,705.0,733.0,691.0,733.0,1182074.0
2026-08-17,TPEX,3169,亞信,101.0,101.0,100.0,100.5,48297.0
2026-08-17,TPEX,3171,炎洲流通,64.4,64.4,63.7,63.9,21298.0
2026-08-17,TPEX,3176,基亞,33.95,34.45,33.8,34.15,494496.0
2026-08-17,TPEX,3178,公準,59.1,59.5,58.8,59.0,34681.0
2026-08-17,TPEX,3188,鑫龍騰,23.3,23.55,23.3,23.55,109155.0
2026-08-17,TPEX,3191,雲嘉南,18.65,18.65,18.35,18.35,15063.0
2026-08-17,TPEX,3205,佰研,48.95,48.95,48.25,48.8,11123.0
2026-08-17,TPEX,3206,志豐,35.5,35.5,34.2,35.4,52008.0
2026-08-17,TPEX,3207,耀勝,42.65,43.5,42.25,43.0,160438.0
2026-08-17,TPEX,3211,順達,393.5,396.0,382.0,392.0,3360544.0
2026-08-17,TPEX,3213,茂訊,137.0,137.0,133.5,134.0,329061.0
2026-08-17,TPEX,3217,優群,139.0,139.0,135.0,135.5,962808.0
2026-08-17,TPEX,3218,大學光,136.0,136.0,134.0,135.0,139662.0
2026-08-17,TPEX,3219,倚強科,72.1,73.5,71.2,72.2,199905.0
2026-08-17,TPEX,3221,台嘉碩,48.4,49.5,47.45,48.85,1980794.0
2026-08-17,TPEX,3224,三顧,35.65,35.7,35.35,35.7,18106.0
2026-08-17,TPEX,3226,龍鋒,51.3,52.1,50.6,52.1,57261.0
2026-08-17,TPEX,3227,原相,198.5,200.5,196.5,198.5,589518.0
2026-08-17,TPEX,3228,金麗科,154.0,155.0,145.0,147.0,160638.0
2026-08-17,TPEX,3230,錦明,47.0,47.25,42.5,44.0,2827013.0
2026-08-17,TPEX,3232,昱捷,19.6,19.6,19.2,19.45,14134.0
2026-08-17,TPEX,3234,光環,139.5,150.0,137.5,150.0,6043259.0
2026-08-17,TPEX,3236,千如,45.25,45.8,44.2,45.1,1581736.0
2026-08-17,TPEX,3252,海灣,15.9,16.05,15.9,16.0,71000.0
2026-08-17,TPEX,3259,鑫創,13.6,14.0,12.55,13.95,147803.0
2026-08-17,TPEX,3260,威剛,404.0,404.0,397.0,400.0,4939923.0
2026-08-17,TPEX,3264,欣銓,225.5,229.0,219.0,219.0,5100987.0
2026-08-17,TPEX,3265,台星科,171.0,175.0,168.0,170.5,839516.0
2026-08-17,TPEX,3268,海德威,19.4,19.4,18.85,18.9,87290.0
2026-08-17,TPEX,3272,東碩,14.15,15.15,14.15,14.2,789155.0
2026-08-17,TPEX,3276,宇環,14.5,14.65,14.4,14.65,89684.0
2026-08-17,TPEX,3284,太普高,22.15,22.15,20.9,21.0,515860.0
2026-08-17,TPEX,3285,微端,36.85,37.55,36.45,37.15,27353.0
2026-08-17,TPEX,3287,廣寰科,37.25,37.6,36.0,37.6,875344.0
2026-08-17,TPEX,3288,點晶,20.2,22.2,20.15,22.2,52814.0
2026-08-17,TPEX,3289,宜特,137.0,140.0,137.0,139.5,455420.0
2026-08-17,TPEX,3290,東浦,53.3,53.9,51.8,53.1,554492.0
2026-08-17,TPEX,3293,鈊象,750.0,750.0,728.0,731.0,1937633.0
2026-08-17,TPEX,3294,英濟,31.6,31.85,30.8,31.05,563941.0
2026-08-17,TPEX,3297,杭特,28.5,28.5,27.6,28.0,11370.0
2026-08-17,TPEX,3303,岱稜,52.2,52.6,51.7,52.3,205306.0
2026-08-17,TPEX,3306,鼎天,44.75,44.75,44.0,44.5,25791.0
2026-08-17,TPEX,3310,佳穎,69.6,69.6,69.6,69.6,1037.0
2026-08-17,TPEX,3313,斐成,10.2,10.4,10.2,10.3,75995.0
2026-08-17,TPEX,3317,尼克森,68.6,69.8,67.7,69.0,406388.0
2026-08-17,TPEX,3322,建舜電,11.4,11.5,11.25,11.45,260635.0
2026-08-17,TPEX,3323,加百裕,32.0,32.0,31.0,31.05,192766.0
2026-08-17,TPEX,3324,雙鴻,1015.0,1035.0,1000.0,1005.0,1511677.0
2026-08-17,TPEX,3325,旭品,11.65,11.65,11.3,11.55,76009.0
2026-08-17,TPEX,3332,幸康,62.5,62.5,61.5,62.0,10313.0
2026-08-17,TPEX,3339,泰谷,37.2,40.4,37.2,39.8,1997759.0
2026-08-17,TPEX,3349,寶德,22.95,23.0,22.3,22.6,119005.0
2026-08-17,TPEX,3354,律勝,20.7,20.95,20.35,20.7,71454.0
2026-08-17,TPEX,3357,臺慶科,226.0,226.5,219.5,220.0,1824153.0
2026-08-17,TPEX,3360,尚立,16.3,16.4,15.95,16.05,521810.0
2026-08-17,TPEX,3362,先進光,173.0,186.0,171.0,178.5,7591769.0
2026-08-17,TPEX,3363,上詮,593.0,625.0,585.0,624.0,3868202.0
2026-08-17,TPEX,3372,典範,15.7,15.9,15.4,15.4,433919.0
2026-08-17,TPEX,3373,熱映,16.45,16.7,16.45,16.5,30816.0
2026-08-17,TPEX,3374,精材,299.5,301.0,292.5,292.5,13787665.0
2026-08-17,TPEX,3379,彬台,30.0,30.9,29.45,29.55,229549.0
2026-08-17,TPEX,3388,崇越電,91.7,92.2,90.0,92.2,9662363.0
2026-08-17,TPEX,3390,旭軟,22.05,22.1,21.8,21.95,159719.0
2026-08-17,TPEX,3402,漢科,124.5,126.5,124.0,124.5,220979.0
2026-08-17,TPEX,3430,奇鈦科,114.0,116.5,113.0,113.0,249363.0
2026-08-17,TPEX,3434,哲固,30.85,31.55,30.7,31.3,109927.0
2026-08-17,TPEX,3438,類比科,60.6,60.6,58.0,58.1,62530.0
2026-08-17,TPEX,3441,聯一光,83.0,91.0,82.6,87.4,18938013.0
2026-08-17,TPEX,3444,利機,77.0,79.9,75.9,78.8,262457.0
2026-08-17,TPEX,3455,由田,232.0,253.0,227.0,253.0,3831358.0
2026-08-17,TPEX,3465,進泰電子,29.75,29.9,29.2,29.35,31040.0
2026-08-17,TPEX,3466,德晉,24.6,25.1,24.6,25.1,91584.0
2026-08-17,TPEX,3467,台灣精材,46.0,46.0,45.5,45.85,46124.0
2026-08-17,TPEX,3479,安勤,130.0,130.0,127.5,129.5,570652.0
2026-08-17,TPEX,3483,力致,74.0,74.5,73.5,73.9,158078.0
2026-08-17,TPEX,3484,崧騰,52.0,52.5,51.0,51.5,300041.0
2026-08-17,TPEX,3485,敘豐,210.0,221.0,207.0,218.5,155903.0
2026-08-17,TPEX,3489,森寶,26.05,26.3,26.0,26.25,537760.0
2026-08-17,TPEX,3490,單井,39.9,43.0,39.5,42.45,11424948.0
2026-08-17,TPEX,3491,昇達科,1375.0,1375.0,1310.0,1330.0,1302444.0
2026-08-17,TPEX,3492,長盛,21.1,21.2,20.9,20.9,157919.0
2026-08-17,TPEX,3498,陽程,159.5,168.5,155.5,158.5,7989800.0
2026-08-17,TPEX,3499,環天科,12.95,12.95,12.8,12.8,18583.0
2026-08-17,TPEX,3508,位速,18.9,19.35,18.35,19.1,110285.0
2026-08-17,TPEX,3511,矽瑪,20.3,20.4,20.0,20.1,193714.0
2026-08-17,TPEX,3512,皇龍,19.7,19.75,19.55,19.75,25880.0
2026-08-17,TPEX,3516,亞帝歐,25.65,25.65,24.85,25.45,62690.0
2026-08-17,TPEX,3520,華盈,18.05,18.25,17.95,18.2,170405.0
2026-08-17,TPEX,3521,台鋼建設,12.1,12.35,12.1,12.3,8249.0
2026-08-17,TPEX,3522,御嵿,11.7,11.85,11.5,11.7,74685.0
2026-08-17,TPEX,3523,迎輝,14.65,15.45,14.65,15.4,14852.0
2026-08-17,TPEX,3526,凡甲,289.5,289.5,285.5,285.5,187701.0
2026-08-17,TPEX,3527,聚積,53.8,53.8,51.0,51.2,37451.0
2026-08-17,TPEX,3529,力旺,2645.0,2685.0,2390.0,2390.0,1401441.0
2026-08-17,TPEX,3531,先益,21.0,21.7,21.0,21.7,12000.0
2026-08-17,TPEX,3537,堡達,56.5,56.5,54.8,55.8,368649.0
2026-08-17,TPEX,3540,曜越,20.7,20.7,20.3,20.45,126543.0
2026-08-17,TPEX,3541,西柏,22.0,22.1,21.8,22.1,14080.0
2026-08-17,TPEX,3546,宇峻,73.6,73.9,72.0,72.1,243151.0
2026-08-17,TPEX,3548,兆利,75.3,76.3,74.4,75.6,178632.0
2026-08-17,TPEX,3551,世禾,175.0,175.0,172.5,175.0,256811.0
2026-08-17,TPEX,3552,同致,45.7,45.7,44.5,44.7,114583.0
2026-08-17,TPEX,3555,博士旺,159.5,162.0,159.0,162.0,18420.0
2026-08-17,TPEX,3556,禾瑞亞,63.7,64.0,63.0,63.7,188487.0
2026-08-17,TPEX,3558,神準,130.5,130.5,128.0,130.0,78251.0
2026-08-17,TPEX,3564,其陽,46.65,47.3,46.25,46.5,82203.0
2026-08-17,TPEX,3567,逸昌,25.8,25.8,25.5,25.6,24497.0
2026-08-17,TPEX,3570,大塚,163.5,163.5,162.0,163.0,11697.0
2026-08-17,TPEX,3577,泓格,127.0,129.5,124.0,126.5,322064.0
2026-08-17,TPEX,3580,友威科,85.7,85.8,83.4,83.7,221732.0
2026-08-17,TPEX,3581,博磊,117.0,117.0,113.0,113.0,364465.0
2026-08-17,TPEX,3587,閎康,249.5,249.5,242.0,248.5,260984.0
2026-08-17,TPEX,3594,磐儀,51.3,53.3,51.2,52.8,1029712.0
2026-08-17,TPEX,3597,映興,27.0,27.0,26.5,26.75,18001.0
2026-08-17,TPEX,3609,三一東林,24.5,25.05,24.15,24.25,107108.0
2026-08-17,TPEX,3611,鼎翰,187.5,188.0,187.0,188.0,48987.0
2026-08-17,TPEX,3615,安可,38.3,38.95,37.4,37.65,776515.0
2026-08-17,TPEX,3623,富晶通,21.8,21.8,21.3,21.55,69205.0
2026-08-17,TPEX,3624,光頡,87.9,89.9,85.0,87.5,3806875.0
2026-08-17,TPEX,3625,西勝,15.85,15.85,15.1,15.45,386134.0
2026-08-17,TPEX,3628,盈正,71.2,72.2,70.7,71.9,98896.0
2026-08-17,TPEX,3629,地心引力,13.05,13.95,13.05,13.95,2000.0
2026-08-17,TPEX,3630,新鉅科,25.35,26.2,25.3,25.45,704177.0
2026-08-17,TPEX,3631,晟楠,36.55,39.9,36.2,39.9,316030.0
2026-08-17,TPEX,3632,研勤,7.3,7.3,7.3,7.3,13411.0
2026-08-17,TPEX,3646,艾恩特,23.15,23.2,22.9,23.0,32537.0
2026-08-17,TPEX,3663,鑫科,64.7,65.5,63.5,63.8,311589.0
2026-08-17,TPEX,3664,安瑞-KY,6.09,6.09,6.09,6.09,2000.0
2026-08-17,TPEX,3666,光耀,25.05,25.15,25.0,25.15,30066.0
2026-08-17,TPEX,3672,康聯訊,13.25,13.25,12.7,12.8,14452.0
2026-08-17,TPEX,3675,德微,267.5,294.0,265.0,294.0,974280.0
2026-08-17,TPEX,3680,家登,464.0,476.0,463.0,471.0,721110.0
2026-08-17,TPEX,3684,榮昌,54.0,54.0,54.0,54.0,1227.0
2026-08-17,TPEX,3685,元創精密,36.9,37.05,35.0,35.5,337679.0
2026-08-17,TPEX,3687,歐買尬,65.5,65.5,64.6,65.1,39518.0
2026-08-17,TPEX,3689,湧德,110.0,110.5,109.0,109.5,409499.0
2026-08-17,TPEX,3691,碩禾,105.0,105.5,101.5,105.0,936384.0
2026-08-17,TPEX,3693,營邦,534.0,542.0,523.0,525.0,535032.0
2026-08-17,TPEX,3707,漢磊,64.5,66.5,62.5,65.2,5968783.0
2026-08-17,TPEX,3709,鑫聯大投控,70.6,71.0,70.3,70.6,354064.0
2026-08-17,TPEX,3710,連展投控,5.02,5.38,5.02,5.15,289641.0
2026-08-17,TPEX,3713,新晶投控,14.6,14.85,14.6,14.8,37181.0
2026-08-17,TPEX,4102,永日,19.15,19.15,18.85,19.0,16018.0
2026-08-17,TPEX,4105,東洋,76.1,76.4,75.9,76.1,168206.0
2026-08-17,TPEX,4107,邦特,113.5,114.5,113.5,114.5,15935.0
2026-08-17,TPEX,4109,加捷生醫,11.15,11.15,11.0,11.1,115605.0
2026-08-17,TPEX,4111,濟生,29.85,30.05,29.85,30.05,113548.0
2026-08-17,TPEX,4113,聯上,14.8,15.0,14.7,15.0,172341.0
2026-08-17,TPEX,4114,健喬,29.8,30.05,29.65,30.0,930443.0
2026-08-17,TPEX,4116,明基醫,39.45,39.75,39.3,39.3,47150.0
2026-08-17,TPEX,4120,友華,48.85,48.85,47.45,48.45,74496.0
2026-08-17,TPEX,4121,優盛,13.05,13.05,12.8,12.9,34834.0
2026-08-17,TPEX,4123,晟德,31.85,32.2,31.65,31.85,3962801.0
2026-08-17,TPEX,4126,太醫,77.0,77.1,76.7,77.1,20629.0
2026-08-17,TPEX,4127,天良,84.8,91.6,84.7,90.0,642487.0
2026-08-17,TPEX,4128,中天,15.2,15.5,15.0,15.1,1510162.0
2026-08-17,TPEX,4129,聯合,86.0,86.2,85.1,85.9,74291.0
2026-08-17,TPEX,4131,浩泰,32.3,32.3,31.15,31.5,5215.0
2026-08-17,TPEX,4138,曜亞,50.8,50.8,50.4,50.6,16852.0
2026-08-17,TPEX,4139,馬光-KY,35.1,35.1,35.1,35.1,2746.0
2026-08-17,TPEX,4147,中裕,65.5,65.5,61.2,61.6,970447.0
2026-08-17,TPEX,4153,鈺緯,32.25,33.0,32.25,33.0,42260.0
2026-08-17,TPEX,4154,樂威科-KY,12.25,12.25,12.25,12.25,2000.0
2026-08-17,TPEX,4157,太景*-KY,8.75,8.86,8.68,8.68,483854.0
2026-08-17,TPEX,4160,訊聯基因,40.0,40.0,39.35,39.95,13505.0
2026-08-17,TPEX,4161,聿新科,22.85,22.9,22.8,22.85,23988.0
2026-08-17,TPEX,4162,智擎,60.4,60.9,58.6,59.1,464535.0
2026-08-17,TPEX,4163,鐿鈦,140.0,153.5,140.0,150.0,433094.0
2026-08-17,TPEX,4166,友霖,23.85,24.1,23.55,24.05,53441.0
2026-08-17,TPEX,4167,松瑞藥,19.5,19.55,18.95,19.4,785665.0
2026-08-17,TPEX,4168,醣聯,22.95,23.0,22.4,22.45,115599.0
2026-08-17,TPEX,4171,瑞基,17.0,17.05,16.55,16.75,130215.0
2026-08-17,TPEX,4173,久裕,17.25,17.3,17.2,17.25,51104.0
2026-08-17,TPEX,4174,浩鼎,26.3,26.4,25.8,25.95,275611.0
2026-08-17,TPEX,4175,杏一,50.1,50.2,50.1,50.2,4615.0
2026-08-17,TPEX,4183,福永生技,,,,,0.0
2026-08-17,TPEX,4188,安克,10.3,10.55,10.25,10.25,10053.0
2026-08-17,TPEX,4192,杏國,19.5,19.5,19.45,19.45,2563.0
2026-08-17,TPEX,4198,欣大健康,43.35,43.35,40.8,42.8,4129.0
2026-08-17,TPEX,4205,中華食,69.9,69.9,69.3,69.4,30841.0
2026-08-17,TPEX,4207,環泰,20.95,21.2,20.9,21.2,187730.0
2026-08-17,TPEX,4303,信立,47.85,48.6,46.8,48.45,814580.0
2026-08-17,TPEX,4304,勝昱,17.6,17.65,17.6,17.65,40809.0
2026-08-17,TPEX,4305,世坤,43.75,43.75,43.75,43.75,3000.0
2026-08-17,TPEX,4401,東隆興,14.15,14.15,13.9,14.0,31182.0
2026-08-17,TPEX,4402,郡都開發,15.85,15.85,15.4,15.6,5029.0
2026-08-17,TPEX,4406,新昕纖,10.05,10.05,10.05,10.05,1120.0
2026-08-17,TPEX,4413,飛寶企業,19.2,19.4,18.95,19.35,182007.0
2026-08-17,TPEX,4416,三圓,10.9,11.25,10.75,11.15,1196149.0
2026-08-17,TPEX,4417,金洲,47.05,47.75,47.05,47.5,54574.0
2026-08-17,TPEX,4419,皇家美食,45.8,46.1,45.8,46.05,10941.0
2026-08-17,TPEX,4420,光明,36.8,36.8,36.7,36.75,9536.0
2026-08-17,TPEX,4430,耀億,17.9,18.2,17.85,18.05,14273.0
2026-08-17,TPEX,4432,銘旺實,16.25,16.3,16.05,16.15,31180.0
2026-08-17,TPEX,4433,興采,19.25,19.25,19.1,19.1,26293.0
2026-08-17,TPEX,4442,竣邦-KY,52.7,52.7,51.6,52.0,130196.0
2026-08-17,TPEX,4502,健信,15.7,15.7,15.6,15.7,7456.0
2026-08-17,TPEX,4503,金雨,26.1,26.4,24.8,25.2,548740.0
2026-08-17,TPEX,4506,崇友,122.5,123.0,122.5,123.0,11643.0
2026-08-17,TPEX,4510,高鋒,47.1,48.25,45.3,45.45,4885520.0
2026-08-17,TPEX,4513,福裕,17.15,17.3,16.8,17.0,419950.0
2026-08-17,TPEX,4523,永彰,24.5,24.65,24.15,24.55,60855.0
2026-08-17,TPEX,4527,方土霖,41.2,42.4,40.4,41.05,124172.0
2026-08-17,TPEX,4528,江興鍛,15.05,15.4,15.05,15.1,22683.0
2026-08-17,TPEX,4529,淳紳,3.71,3.75,3.53,3.72,142236.0
2026-08-17,TPEX,4530,宏易,,,,,154.0
2026-08-17,TPEX,4533,協易機,28.4,28.9,26.9,27.15,1264364.0
2026-08-17,TPEX,4534,慶騰,32.55,32.7,30.9,31.25,1337883.0
2026-08-17,TPEX,4535,至興,28.85,29.05,28.85,29.05,6204.0
2026-08-17,TPEX,4538,大詠城,17.35,17.55,17.35,17.5,16048.0
2026-08-17,TPEX,4541,晟田,73.8,75.5,69.8,72.7,8156944.0
2026-08-17,TPEX,4542,科嶠,267.5,276.5,262.5,265.0,447431.0
2026-08-17,TPEX,4543,萬在,31.85,32.2,31.55,31.75,32100.0
2026-08-17,TPEX,4549,桓達,99.2,104.0,99.2,100.5,154855.0
2026-08-17,TPEX,4550,長佳,24.75,24.75,24.7,24.7,4552.0
2026-08-17,TPEX,4554,橙的,32.4,32.4,31.5,31.55,61820.0
2026-08-17,TPEX,4556,旭然,87.0,87.2,82.5,84.7,138288.0
2026-08-17,TPEX,4558,寶緯,18.0,18.0,17.6,17.65,8142.0
2026-08-17,TPEX,4561,健椿,46.1,50.5,46.1,50.2,1853240.0
2026-08-17,TPEX,4563,百德,40.2,40.3,39.05,39.75,35933.0
2026-08-17,TPEX,4568,科際精密,39.45,39.5,39.3,39.3,8159.0
2026-08-17,TPEX,4577,達航科技,78.1,82.1,78.1,78.5,549915.0
2026-08-17,TPEX,4580,捷流閥業,78.9,78.9,78.5,78.7,8595.0
2026-08-17,TPEX,4584,君帆,38.8,39.8,38.5,39.8,4390.0
2026-08-17,TPEX,4609,唐鋒,4.58,4.97,4.58,4.93,6000.0
2026-08-17,TPEX,4702,中美實,9.72,9.76,9.68,9.7,61191.0
2026-08-17,TPEX,4706,大恭,32.0,32.0,32.0,32.0,3030.0
2026-08-17,TPEX,4707,磐亞,31.25,33.2,31.25,32.2,2815722.0
2026-08-17,TPEX,4711,永純,16.8,17.45,16.7,17.05,141983.0
2026-08-17,TPEX,4714,永捷,10.5,10.85,10.5,10.65,657941.0
2026-08-17,TPEX,4716,大立,17.6,18.05,17.1,17.4,855241.0
2026-08-17,TPEX,4721,美琪瑪,75.8,76.9,73.7,76.3,604204.0
2026-08-17,TPEX,4726,永昕,24.5,24.6,24.2,24.4,164808.0
2026-08-17,TPEX,4728,雙美,386.0,386.0,385.5,385.5,4103.0
2026-08-17,TPEX,4729,熒茂,19.65,19.65,19.35,19.5,39554.0
2026-08-17,TPEX,4735,豪展,38.3,38.3,37.55,38.05,109980.0
2026-08-17,TPEX,4741,泓瀚,43.15,43.9,42.95,43.55,54387.0
2026-08-17,TPEX,4743,合一,46.9,48.3,46.6,46.9,1060643.0
2026-08-17,TPEX,4744,皇將,28.0,28.75,27.5,28.75,29095.0
2026-08-17,TPEX,4745,合富-KY,11.85,12.1,11.85,12.05,35869.0
2026-08-17,TPEX,4747,強生,54.1,54.2,53.1,53.2,39642.0
2026-08-17,TPEX,4749,新應材,786.0,791.0,780.0,786.0,305294.0
2026-08-17,TPEX,4754,國碳科,38.15,38.45,38.15,38.25,23024.0
2026-08-17,TPEX,4760,勤凱,261.0,261.0,250.0,251.5,349425.0
2026-08-17,TPEX,4767,誠泰科技,27.95,27.95,27.1,27.3,58025.0
2026-08-17,TPEX,4768,晶呈科技,298.0,311.5,298.0,310.0,404864.0
2026-08-17,TPEX,4772,台特化,255.0,261.5,254.5,255.0,553175.0
2026-08-17,TPEX,4806,桂田文創,9.16,9.39,9.16,9.39,10417.0
2026-08-17,TPEX,4903,聯光通,37.5,37.5,35.5,35.5,861701.0
2026-08-17,TPEX,4905,台聯電,93.1,93.1,93.1,93.1,83199.0
2026-08-17,TPEX,4907,富宇,46.6,47.5,46.05,47.5,154405.0
2026-08-17,TPEX,4908,前鼎,154.5,165.0,150.0,163.5,1402044.0
2026-08-17,TPEX,4909,新復興,39.0,39.2,38.65,39.05,123088.0
2026-08-17,TPEX,4911,德英,28.5,28.7,28.3,28.3,7100.0
2026-08-17,TPEX,4923,力士,51.0,52.6,51.0,51.5,172844.0
2026-08-17,TPEX,4924,欣厚-KY,9.77,9.77,9.54,9.73,53583.0
2026-08-17,TPEX,4931,新盛力,267.0,270.0,264.0,269.5,1743788.0
2026-08-17,TPEX,4933,友輝,54.9,54.9,53.6,53.6,71026.0
2026-08-17,TPEX,4939,亞電,61.0,62.4,59.1,60.4,4774946.0
2026-08-17,TPEX,4946,辣椒,81.4,88.0,81.4,87.4,28820.0
2026-08-17,TPEX,4950,金耘國際,16.15,16.2,15.3,16.2,7259.0
2026-08-17,TPEX,4951,精拓科,79.4,79.9,78.3,78.4,119160.0
2026-08-17,TPEX,4953,緯致,127.5,127.5,124.5,125.0,181367.0
2026-08-17,TPEX,4966,譜瑞-KY,567.0,573.0,563.0,565.0,645018.0
2026-08-17,TPEX,4971,IET-KY,487.0,528.0,487.0,528.0,1074614.0
2026-08-17,TPEX,4972,湯石照明,16.5,16.5,16.35,16.5,16310.0
2026-08-17,TPEX,4973,廣穎,159.0,160.5,153.5,153.5,1221780.0
2026-08-17,TPEX,4974,亞泰,69.9,70.5,69.4,70.0,118250.0
2026-08-17,TPEX,4979,華星光,540.0,545.0,521.0,545.0,1671924.0
2026-08-17,TPEX,4991,環宇-KY,478.0,492.0,472.0,488.0,896955.0
2026-08-17,TPEX,4995,晶達,49.55,49.55,48.4,49.0,44952.0
2026-08-17,TPEX,5009,榮剛,32.85,33.1,32.65,32.95,803119.0
2026-08-17,TPEX,5011,久陽,18.0,18.1,17.9,17.9,94186.0
2026-08-17,TPEX,5013,強新,27.65,27.9,27.5,27.5,22601.0
2026-08-17,TPEX,5014,建錩,10.15,10.15,10.05,10.1,217473.0
2026-08-17,TPEX,5015,華祺,21.95,22.1,21.85,22.1,9018.0
2026-08-17,TPEX,5016,松和,24.4,24.45,24.4,24.45,3352.0
2026-08-17,TPEX,5201,凱衛,26.45,26.45,25.25,25.7,66186.0
2026-08-17,TPEX,5202,力新,12.1,12.2,11.9,11.95,370768.0
2026-08-17,TPEX,5205,中茂,21.9,21.9,20.25,20.85,8949.0
2026-08-17,TPEX,5206,坤悅,22.45,22.7,22.1,22.7,126042.0
2026-08-17,TPEX,5209,新鼎,162.5,162.5,161.5,162.0,26488.0
2026-08-17,TPEX,5210,寶碩,28.65,29.85,28.65,29.1,126039.0
2026-08-17,TPEX,5211,蒙恬,19.5,19.5,19.35,19.35,13894.0
2026-08-17,TPEX,5212,凌網,47.0,47.0,46.9,46.9,2169.0
2026-08-17,TPEX,5213,亞昕,20.95,20.95,20.75,20.9,124080.0
2026-08-17,TPEX,5220,萬達光電,20.35,20.35,19.8,20.1,32177.0
2026-08-17,TPEX,5223,安力-KY,23.5,23.8,23.5,23.8,22044.0
2026-08-17,TPEX,5227,立凱-KY,33.65,35.75,33.1,35.45,949721.0
2026-08-17,TPEX,5228,鈺鎧,43.5,43.8,42.1,43.8,232478.0
2026-08-17,TPEX,5230,雷笛克光學,17.95,18.1,17.7,17.7,72320.0
2026-08-17,TPEX,5245,智晶,23.4,23.45,23.15,23.4,20065.0
2026-08-17,TPEX,5251,天鉞電,25.75,26.6,25.6,25.95,83050.0
2026-08-17,TPEX,5263,智崴,90.1,90.1,88.8,90.0,65157.0
2026-08-17,TPEX,5272,笙科,17.9,17.9,17.5,17.7,61124.0
2026-08-17,TPEX,5274,信驊,17380.0,17600.0,16980.0,17020.0,144886.0
2026-08-17,TPEX,5276,達輝-KY,18.5,18.85,18.45,18.85,6010.0
2026-08-17,TPEX,5278,尚凡*,24.75,24.75,24.3,24.45,41121.0
2026-08-17,TPEX,5287,數字,155.5,155.5,153.0,154.0,84021.0
2026-08-17,TPEX,5289,宜鼎,1485.0,1540.0,1485.0,1530.0,1847308.0
2026-08-17,TPEX,5291,邑昇,56.8,56.8,55.2,55.3,192674.0
2026-08-17,TPEX,5299,杰力,100.5,101.5,99.7,100.5,213705.0
2026-08-17,TPEX,5301,寶得利,5.8,5.8,5.52,5.52,13276.0
2026-08-17,TPEX,5302,太欣,10.9,11.05,10.6,10.6,374915.0
2026-08-17,TPEX,5309,系統電,55.0,55.2,53.5,54.2,1024108.0
2026-08-17,TPEX,5310,天剛,25.05,25.8,24.5,25.35,9472.0
2026-08-17,TPEX,5312,寶島科,89.8,89.8,88.6,89.3,30232.0
2026-08-17,TPEX,5314,世紀*,17.8,17.8,17.8,17.8,108016.0
2026-08-17,TPEX,5315,光聯,18.9,19.0,18.85,19.0,119888.0
2026-08-17,TPEX,5321,美而快,63.6,69.9,62.2,68.0,1691046.0
2026-08-17,TPEX,5324,士開,12.25,12.3,12.15,12.15,336002.0
2026-08-17,TPEX,5328,華容,66.4,66.8,64.5,65.1,5771701.0
2026-08-17,TPEX,5340,建榮,77.0,80.1,77.0,79.5,2455036.0
2026-08-17,TPEX,5344,立衛,13.65,13.65,13.5,13.5,22103.0
2026-08-17,TPEX,5345,馥鴻,21.8,22.15,21.0,21.9,20360.0
2026-08-17,TPEX,5347,世界,160.5,163.0,158.0,162.0,8739470.0
2026-08-17,TPEX,5348,正能量智能,16.9,16.95,16.9,16.95,2332.0
2026-08-17,TPEX,5351,鈺創,134.5,136.5,130.0,135.5,6767999.0
2026-08-17,TPEX,5353,台林,28.65,28.65,28.0,28.2,40008.0
2026-08-17,TPEX,5355,佳總,5.3,5.78,5.17,5.65,308202.0
2026-08-17,TPEX,5356,協益,26.4,26.4,25.95,26.05,54685.0
2026-08-17,TPEX,5364,力麗店,8.76,8.76,8.68,8.72,33332.0
2026-08-17,TPEX,5371,中光電,90.5,93.6,86.1,89.3,20875646.0
2026-08-17,TPEX,5381,光譜,24.4,24.45,24.1,24.1,201700.0
2026-08-17,TPEX,5386,青雲,260.5,261.0,236.5,238.5,1628241.0
2026-08-17,TPEX,5392,能率,45.25,47.3,45.25,46.5,3512539.0
2026-08-17,TPEX,5398,慕康生醫,14.15,14.2,14.1,14.1,35265.0
2026-08-17,TPEX,5403,中菲,91.1,91.8,90.7,91.8,83808.0
2026-08-17,TPEX,5410,國眾,35.8,35.8,35.3,35.6,242024.0
2026-08-17,TPEX,5425,台半,85.5,91.5,83.3,89.9,9714511.0
2026-08-17,TPEX,5426,振發,28.6,28.6,27.75,27.75,553742.0
2026-08-17,TPEX,5432,新門,141.0,149.5,138.0,149.5,362066.0
2026-08-17,TPEX,5438,東友,17.4,17.5,17.05,17.15,111339.0
2026-08-17,TPEX,5439,高技,248.0,252.5,244.0,247.5,1428878.0
2026-08-17,TPEX,5443,均豪,106.5,108.5,106.0,106.5,1207295.0
2026-08-17,TPEX,5450,南良,15.1,15.85,14.9,15.65,262373.0
2026-08-17,TPEX,5452,佶優,26.95,27.25,26.75,27.2,350743.0
2026-08-17,TPEX,5455,昇益,,,,,8.0
2026-08-17,TPEX,5457,宣德,27.55,27.55,27.15,27.35,247488.0
2026-08-17,TPEX,5460,同協,16.0,16.1,15.5,15.65,61685.0
2026-08-17,TPEX,5464,霖宏,75.8,77.5,73.6,75.5,481925.0
2026-08-17,TPEX,5465,富驊,24.75,24.95,24.35,24.5,145295.0
2026-08-17,TPEX,5468,凱鈺,30.85,30.9,28.8,29.0,385856.0
2026-08-17,TPEX,5474,聰泰,162.0,163.5,160.5,161.0,279099.0
2026-08-17,TPEX,5475,德宏,170.5,170.5,157.5,169.0,2941351.0
2026-08-17,TPEX,5478,智冠,99.3,99.4,99.0,99.0,73268.0
2026-08-17,TPEX,5481,新華,19.9,19.9,18.95,19.15,145287.0
2026-08-17,TPEX,5483,中美晶,185.0,193.0,183.5,186.5,22605626.0
2026-08-17,TPEX,5487,通泰,29.15,29.35,28.65,29.35,90010.0
2026-08-17,TPEX,5488,松普,12.7,12.85,12.35,12.6,511679.0
2026-08-17,TPEX,5489,彩富,42.5,45.65,42.5,43.2,159241.0
2026-08-17,TPEX,5490,同亨,31.15,31.5,30.3,31.15,804621.0
2026-08-17,TPEX,5493,三聯,81.8,81.8,78.9,79.7,58980.0
2026-08-17,TPEX,5498,凱崴,51.9,52.4,50.6,51.2,1143872.0
2026-08-17,TPEX,5508,永信建,53.6,53.6,52.5,52.6,136221.0
2026-08-17,TPEX,5511,德昌,69.9,71.1,69.5,70.2,170539.0
2026-08-17,TPEX,5512,力麒,7.73,7.76,7.7,7.73,293306.0
2026-08-17,TPEX,5514,三豐,14.5,14.55,14.3,14.5,25270.0
2026-08-17,TPEX,5516,雙喜,11.65,11.9,11.55,11.85,33447.0
2026-08-17,TPEX,5520,力泰,83.0,83.0,83.0,83.0,5174.0
2026-08-17,TPEX,5523,豐謙,30.2,30.35,30.2,30.35,17128.0
2026-08-17,TPEX,5529,鉅陞,20.85,20.95,20.7,20.8,52001.0
2026-08-17,TPEX,5530,龍巖,50.9,50.9,49.5,49.85,438761.0
2026-08-17,TPEX,5536,聖暉*,925.0,925.0,896.0,908.0,1198140.0
2026-08-17,TPEX,5543,桓鼎-KY,24.5,24.8,24.2,24.2,9000.0
2026-08-17,TPEX,5547,久舜,20.05,20.05,19.9,19.95,18387.0
2026-08-17,TPEX,5548,安倉,20.6,20.7,20.4,20.4,13746.0
2026-08-17,TPEX,5601,台聯櫃,30.0,30.2,29.7,30.1,17020.0
2026-08-17,TPEX,5603,陸海,14.15,14.4,14.15,14.35,60399.0
2026-08-17,TPEX,5604,中連,30.5,30.8,30.5,30.8,7385.0
2026-08-17,TPEX,5609,中菲行,77.5,77.8,77.4,77.6,96438.0
2026-08-17,TPEX,5701,劍湖山,4.08,4.4,4.08,4.12,57274.0
2026-08-17,TPEX,5703,亞都,14.7,14.7,14.6,14.6,14000.0
2026-08-17,TPEX,5704,老爺知,21.65,21.65,21.6,21.65,24665.0
2026-08-17,TPEX,5864,致和證,34.15,34.35,33.4,33.7,3327225.0
2026-08-17,TPEX,5878,台名,38.55,38.55,38.55,38.55,2555.0
2026-08-17,TPEX,5902,德記,35.1,35.1,34.9,34.9,2000.0
2026-08-17,TPEX,5903,全家,185.0,185.5,184.5,184.5,14920.0
2026-08-17,TPEX,5904,寶雅*,77.8,77.8,76.0,76.5,14617695.0
2026-08-17,TPEX,5905,南仁湖,7.91,7.98,7.86,7.94,304302.0
2026-08-17,TPEX,6015,宏遠證,16.5,16.5,15.95,15.95,1488880.0
2026-08-17,TPEX,6016,康和證,20.15,20.15,19.75,19.8,3167990.0
2026-08-17,TPEX,6020,大展證,20.8,20.8,20.6,20.6,4001.0
2026-08-17,TPEX,6021,美好證,37.05,37.1,36.25,36.65,66184.0
2026-08-17,TPEX,6023,元大期,84.5,84.5,83.1,83.4,650409.0
2026-08-17,TPEX,6026,福邦證,14.75,14.75,14.45,14.55,542222.0
2026-08-17,TPEX,6028,公勝保經,96.1,98.6,95.8,98.6,150693.0
2026-08-17,TPEX,6101,寬魚國際,36.05,36.05,35.4,35.9,129426.0
2026-08-17,TPEX,6103,合邦,,,,,19.0
2026-08-17,TPEX,6104,創惟,92.0,92.8,91.4,92.8,301648.0
2026-08-17,TPEX,6109,亞元,11.2,11.2,11.05,11.15,16645.0
2026-08-17,TPEX,6111,光聚晶電,37.6,37.6,36.9,37.05,87938.0
2026-08-17,TPEX,6113,亞矽,24.3,24.4,24.0,24.15,77291.0
2026-08-17,TPEX,6114,久威,27.3,27.3,26.4,26.55,13201.0
2026-08-17,TPEX,6118,建達,15.35,15.45,15.2,15.4,106114.0
2026-08-17,TPEX,6121,新普,419.0,420.0,405.0,409.0,626464.0
2026-08-17,TPEX,6122,擎邦,47.15,48.0,47.15,47.85,289885.0
2026-08-17,TPEX,6123,上奇,43.9,43.9,42.9,43.45,32932.0
2026-08-17,TPEX,6124,業強,27.3,27.4,26.8,27.05,26306.0
2026-08-17,TPEX,6125,廣運,52.6,53.4,50.7,50.7,1632092.0
2026-08-17,TPEX,6126,信音,29.9,30.05,29.7,29.95,282838.0
2026-08-17,TPEX,6127,九豪,51.5,51.5,49.95,50.4,1849404.0
2026-08-17,TPEX,6129,普誠,14.05,14.1,13.9,13.9,375164.0
2026-08-17,TPEX,6130,上亞科技,28.7,28.7,27.7,28.5,293626.0
2026-08-17,TPEX,6134,萬旭,29.3,29.3,28.05,28.05,224450.0
2026-08-17,TPEX,6138,茂達,296.0,298.0,286.0,291.0,655479.0
2026-08-17,TPEX,6140,訊達,16.7,16.7,16.45,16.5,101205.0
2026-08-17,TPEX,6143,振曜,91.5,92.5,91.0,91.0,1102604.0
2026-08-17,TPEX,6144,得利影,13.2,13.75,13.15,13.4,27327.0
2026-08-17,TPEX,6146,耕興,194.5,194.5,191.5,192.0,225319.0
2026-08-17,TPEX,6147,頎邦,158.5,171.0,155.5,168.5,32977900.0
2026-08-17,TPEX,6148,驊宏資,28.5,28.5,28.0,28.45,150946.0
2026-08-17,TPEX,6150,撼訊,60.6,61.5,60.0,60.1,101056.0
2026-08-17,TPEX,6151,晉倫,37.75,38.3,37.2,38.0,222132.0
2026-08-17,TPEX,6154,順發,14.0,14.0,13.9,13.9,29903.0
2026-08-17,TPEX,6156,松上,21.7,21.9,21.5,21.6,280091.0
2026-08-17,TPEX,6158,禾昌,16.55,16.6,16.4,16.6,22514.0
2026-08-17,TPEX,6160,欣技,14.15,14.15,13.85,14.05,43490.0
2026-08-17,TPEX,6161,捷波,51.3,51.6,50.9,51.2,112388.0
2026-08-17,TPEX,6163,華電網,42.5,46.8,42.5,46.8,5508736.0
2026-08-17,TPEX,6167,久正,10.35,10.7,10.3,10.45,160044.0
2026-08-17,TPEX,6169,昱泉,12.6,12.9,12.6,12.9,4333.0
2026-08-17,TPEX,6170,統振,47.1,47.55,47.1,47.5,129001.0
2026-08-17,TPEX,6171,大城地產,24.4,24.4,23.1,23.35,18213.0
2026-08-17,TPEX,6173,信昌電,210.0,230.0,201.5,211.0,18456347.0
2026-08-17,TPEX,6174,安碁,44.5,46.1,44.4,45.1,1084071.0
2026-08-17,TPEX,6175,立敦,77.4,78.0,75.5,77.3,594090.0
2026-08-17,TPEX,6179,亞通,28.0,29.3,27.65,27.75,5019572.0
2026-08-17,TPEX,6180,橘子,41.65,41.65,40.8,41.15,340861.0
2026-08-17,TPEX,6182,合晶,111.0,122.5,108.5,122.5,84401054.0
2026-08-17,TPEX,6185,幃翔,13.55,13.55,13.1,13.2,1166588.0
2026-08-17,TPEX,6186,新潤,33.2,33.2,32.5,32.95,656618.0
2026-08-17,TPEX,6187,萬潤,1275.0,1400.0,1265.0,1385.0,5460039.0
2026-08-17,TPEX,6188,廣明,70.5,72.2,70.0,70.1,580154.0
2026-08-17,TPEX,6190,萬泰科,67.0,67.5,66.2,66.8,653423.0
2026-08-17,TPEX,6194,育富,29.6,29.7,29.6,29.65,20079.0
2026-08-17,TPEX,6195,詩肯,27.95,27.95,27.8,27.8,22590.0
2026-08-17,TPEX,6198,瑞築,19.8,20.2,19.8,20.2,2002.0
2026-08-17,TPEX,6199,天品,98.8,99.3,96.6,96.6,537391.0
2026-08-17,TPEX,6203,海韻電,60.2,60.4,60.1,60.3,62905.0
2026-08-17,TPEX,6204,艾華,82.1,82.2,80.5,80.5,67966.0
2026-08-17,TPEX,6207,雷科,108.0,109.5,105.5,107.5,1663580.0
2026-08-17,TPEX,6208,日揚,83.0,83.1,81.5,81.9,173357.0
2026-08-17,TPEX,6210,慶生,17.1,17.15,17.05,17.05,14249.0
2026-08-17,TPEX,6212,理銘,28.25,29.45,28.25,29.45,3008.0
2026-08-17,TPEX,6217,中探針,172.0,172.0,164.0,171.0,530364.0
2026-08-17,TPEX,6218,豪勉,36.2,38.5,35.55,37.95,2199558.0
2026-08-17,TPEX,6219,富旺,12.15,12.5,12.15,12.3,47300.0
2026-08-17,TPEX,6220,岳豐,25.55,26.05,25.3,25.85,236757.0
2026-08-17,TPEX,6221,晉泰,22.25,22.55,22.15,22.35,104602.0
2026-08-17,TPEX,6222,立軒,20.25,20.25,20.0,20.2,9017.0
2026-08-17,TPEX,6223,旺矽,5800.0,5950.0,5800.0,5800.0,1505448.0
2026-08-17,TPEX,6227,茂綸,125.0,125.0,122.0,122.5,236646.0
2026-08-17,TPEX,6228,全譜,,,,,124.0
2026-08-17,TPEX,6229,研通,24.7,24.7,24.1,24.65,62093.0
2026-08-17,TPEX,6231,系微,224.0,227.0,220.0,220.0,164580.0
2026-08-17,TPEX,6233,旺玖,21.4,21.5,21.05,21.25,117990.0
2026-08-17,TPEX,6234,高僑,36.75,37.8,36.25,36.7,294682.0
2026-08-17,TPEX,6236,中湛,,,,,0.0
2026-08-17,TPEX,6237,驊訊,34.1,34.5,33.75,34.1,137511.0
2026-08-17,TPEX,6240,松崗,20.6,21.1,20.1,20.8,33741.0
2026-08-17,TPEX,6241,鑫永洋,13.8,14.2,13.3,13.85,347021.0
2026-08-17,TPEX,6242,立康,34.0,34.0,34.0,34.0,2496.0
2026-08-17,TPEX,6244,茂迪,25.2,27.0,25.05,26.7,4569419.0
2026-08-17,TPEX,6245,立端,84.5,86.0,84.2,85.0,406345.0
2026-08-17,TPEX,6246,臺龍,12.25,12.45,12.25,12.35,74885.0
2026-08-17,TPEX,6248,沛波,18.25,18.35,18.2,18.25,58664.0
2026-08-17,TPEX,6259,百徽,33.5,35.0,32.05,33.45,1344266.0
2026-08-17,TPEX,6261,久元,78.1,79.0,77.6,77.8,196353.0
2026-08-17,TPEX,6263,普萊德,163.0,163.0,160.5,163.0,82729.0
2026-08-17,TPEX,6264,富裔,5.92,6.05,5.92,6.03,12017.0
2026-08-17,TPEX,6265,方土昶,65.8,68.7,62.9,63.3,14301399.0
2026-08-17,TPEX,6266,泰詠,25.3,25.35,25.05,25.1,47939.0
2026-08-17,TPEX,6270,倍微,30.1,30.55,30.1,30.55,115781.0
2026-08-17,TPEX,6274,台燿,1695.0,1695.0,1575.0,1600.0,6559800.0
2026-08-17,TPEX,6275,元山,43.1,43.65,43.1,43.2,101731.0
2026-08-17,TPEX,6276,安鈦克,19.05,19.2,18.75,19.15,28415.0
2026-08-17,TPEX,6279,胡連,128.5,129.0,127.0,128.0,347431.0
2026-08-17,TPEX,6284,佳邦,78.6,78.6,76.0,77.6,697588.0
2026-08-17,TPEX,6290,良維,218.5,221.0,215.0,216.0,1669759.0
2026-08-17,TPEX,6291,沛亨,392.0,400.5,384.0,393.5,487492.0
2026-08-17,TPEX,6292,迅德,64.8,65.0,63.1,63.1,262846.0
2026-08-17,TPEX,6294,智基,28.8,28.95,28.2,28.9,38756.0
2026-08-17,TPEX,6411,晶焱,77.2,79.5,76.8,79.0,257644.0
2026-08-17,TPEX,6417,韋僑,109.0,110.0,106.5,110.0,65003.0
2026-08-17,TPEX,6418,詠昇,31.45,32.15,31.35,32.15,50298.0
2026-08-17,TPEX,6419,京晨科,183.0,183.0,168.5,180.0,1398506.0
2026-08-17,TPEX,6423,億而得,79.3,82.5,79.3,82.4,39745.0
2026-08-17,TPEX,6425,易發,58.9,60.4,58.2,60.2,272602.0
2026-08-17,TPEX,6432,今展科,71.1,72.5,70.5,71.5,552796.0
2026-08-17,TPEX,6435,大中,259.5,263.0,248.0,256.5,594545.0
2026-08-17,TPEX,6441,廣錠,22.35,22.8,22.05,22.05,75568.0
2026-08-17,TPEX,6461,益得,15.9,16.1,15.7,16.1,121741.0
2026-08-17,TPEX,6462,神盾,100.0,100.5,99.5,99.7,319856.0
2026-08-17,TPEX,6465,威潤,47.45,47.45,46.05,46.35,185911.0
2026-08-17,TPEX,6469,大樹,69.8,69.8,68.4,68.8,524854.0
2026-08-17,TPEX,6470,宇智,41.5,42.25,41.5,42.25,21119.0
2026-08-17,TPEX,6474,華豫寧,38.8,39.45,38.8,39.4,154514.0
2026-08-17,TPEX,6482,弘煜科,27.5,28.45,27.45,28.4,34398.0
2026-08-17,TPEX,6485,點序,62.0,62.9,61.3,61.7,250911.0
2026-08-17,TPEX,6486,互動,74.0,74.0,73.2,73.8,80280.0
2026-08-17,TPEX,6488,環球晶,1000.0,1095.0,990.0,1020.0,10932332.0
2026-08-17,TPEX,6492,生華科,38.8,38.8,38.1,38.5,105183.0
2026-08-17,TPEX,6494,九齊,55.4,55.5,54.3,54.7,83528.0
2026-08-17,TPEX,6496,科懋,24.5,24.75,24.5,24.75,3272.0
2026-08-17,TPEX,6498,久禾光,75.0,78.5,75.0,77.9,171326.0
2026-08-17,TPEX,6499,益安,65.6,65.6,60.8,61.1,609534.0
2026-08-17,TPEX,6506,雙邦,17.3,17.35,17.25,17.35,55176.0
2026-08-17,TPEX,6508,惠光,25.75,25.8,25.4,25.8,22107.0
2026-08-17,TPEX,6509,聚和,47.4,47.6,46.5,46.75,697747.0
2026-08-17,TPEX,6510,精測,3010.0,3010.0,2790.0,2880.0,664285.0
2026-08-17,TPEX,6512,啟發電,20.3,20.4,20.05,20.4,6806.0
2026-08-17,TPEX,6516,勤崴國際,58.6,59.1,58.3,58.7,21209.0
2026-08-17,TPEX,6517,保勝光學,63.5,67.3,63.1,64.0,846591.0
2026-08-17,TPEX,6523,達爾膚,89.4,90.3,89.4,90.2,16775.0
2026-08-17,TPEX,6527,明達醫,74.7,74.9,74.7,74.8,10044.0
2026-08-17,TPEX,6530,創威,84.1,87.6,81.9,86.7,1324405.0
2026-08-17,TPEX,6532,瑞耘,85.3,89.7,84.2,88.5,647009.0
2026-08-17,TPEX,6535,順藥,86.9,87.6,85.7,85.9,145913.0
2026-08-17,TPEX,6538,倉和,187.0,193.0,181.0,190.5,2283124.0
2026-08-17,TPEX,6542,隆中,44.25,44.4,44.0,44.0,5000.0
2026-08-17,TPEX,6546,正基,63.4,64.0,62.4,62.9,213266.0
2026-08-17,TPEX,6547,高端疫苗,51.2,51.8,50.3,50.4,1728006.0
2026-08-17,TPEX,6548,長科*,72.6,73.5,71.5,73.2,1509103.0
2026-08-17,TPEX,6556,勝品,59.5,60.0,58.2,58.3,19186.0
2026-08-17,TPEX,6560,欣普羅,31.7,31.7,30.0,31.0,118581.0
2026-08-17,TPEX,6561,是方,319.5,322.5,318.5,321.5,21912.0
2026-08-17,TPEX,6568,宏觀,135.5,135.5,132.5,133.0,34127.0
2026-08-17,TPEX,6569,醫揚,92.5,93.3,92.0,92.5,34112.0
2026-08-17,TPEX,6570,維田,55.4,56.9,55.4,55.5,111061.0
2026-08-17,TPEX,6574,霈方,125.0,127.5,125.0,125.0,34717.0
2026-08-17,TPEX,6576,逸達,79.3,79.4,78.6,79.2,91116.0
2026-08-17,TPEX,6577,勁豐,80.5,85.0,80.5,82.0,274166.0
2026-08-17,TPEX,6578,達邦蛋白,18.45,18.45,17.8,18.0,39099.0
2026-08-17,TPEX,6584,南俊國際,625.0,630.0,595.0,596.0,1035627.0
2026-08-17,TPEX,6588,東典光電,93.3,94.3,90.0,90.9,740124.0
2026-08-17,TPEX,6590,普鴻,,,,,0.0
2026-08-17,TPEX,6593,台灣銘板,32.2,32.85,31.9,31.9,53555.0
2026-08-17,TPEX,6596,寬宏藝術,93.8,93.8,93.0,93.4,53978.0
2026-08-17,TPEX,6597,立誠,68.0,68.7,68.0,68.7,4181.0
2026-08-17,TPEX,6603,富強鑫,28.3,30.5,28.25,29.95,5146097.0
2026-08-17,TPEX,6609,瀧澤科,38.7,39.5,38.7,39.05,109315.0
2026-08-17,TPEX,6612,奈米醫材,72.9,74.4,72.9,73.0,32535.0
2026-08-17,TPEX,6613,朋億*,271.5,271.5,262.0,262.5,342053.0
2026-08-17,TPEX,6615,慧智,33.75,33.75,33.65,33.65,3205.0
2026-08-17,TPEX,6616,特昇-KY,8.6,8.75,8.6,8.75,9000.0
2026-08-17,TPEX,6617,共信-KY,101.5,101.5,96.6,98.5,450554.0
2026-08-17,TPEX,6620,漢達,77.2,78.6,77.0,77.2,185370.0
2026-08-17,TPEX,6624,萬年清,41.8,41.8,41.7,41.8,3331.0
2026-08-17,TPEX,6629,泰金-KY,110.0,111.5,107.5,111.0,34040.0
2026-08-17,TPEX,6637,醫影,61.0,62.1,61.0,61.9,37205.0
2026-08-17,TPEX,6640,均華,1085.0,1130.0,1060.0,1070.0,475224.0
2026-08-17,TPEX,6642,富致,84.0,84.8,83.5,83.7,176105.0
2026-08-17,TPEX,6643,M31,439.5,440.0,428.0,432.0,269350.0
2026-08-17,TPEX,6649,台生材,35.45,35.45,34.6,34.7,81332.0
2026-08-17,TPEX,6651,全宇昕,138.5,139.5,136.5,138.5,115436.0
2026-08-17,TPEX,6654,天正國際,175.5,175.5,175.5,175.5,1013.0
2026-08-17,TPEX,6661,威健生技,16.8,16.8,16.75,16.75,2079.0
2026-08-17,TPEX,6662,樂斯科,29.7,29.7,29.7,29.7,1424.0
2026-08-17,TPEX,6664,群翊,347.0,347.5,340.0,342.0,181540.0
2026-08-17,TPEX,6667,信紘科,222.5,226.0,221.0,226.0,94656.0
2026-08-17,TPEX,6679,鈺太,205.5,207.0,203.5,206.5,120217.0
2026-08-17,TPEX,6680,鑫創電子,52.9,52.9,52.9,52.9,1001.0
2026-08-17,TPEX,6683,雍智科技,1350.0,1370.0,1280.0,1325.0,566786.0
2026-08-17,TPEX,6684,安格,48.65,48.65,46.5,47.15,152556.0
2026-08-17,TPEX,6690,安碁資訊,165.5,165.5,164.0,164.5,30875.0
2026-08-17,TPEX,6692,進能服,23.95,24.5,23.65,24.5,12285.0
2026-08-17,TPEX,6693,廣閎科,186.0,188.0,178.5,181.0,731787.0
2026-08-17,TPEX,6697,東捷資訊,41.45,41.45,40.5,41.0,29268.0
2026-08-17,TPEX,6703,軒郁,103.5,104.0,103.5,103.5,31517.0
2026-08-17,TPEX,6708,天擎,38.85,40.95,38.5,40.0,82039.0
2026-08-17,TPEX,6712,長聖,148.0,149.0,146.5,148.5,204195.0
2026-08-17,TPEX,6716,應廣,131.0,132.5,126.0,130.0,643973.0
2026-08-17,TPEX,6720,久昌,140.0,140.0,137.0,138.0,5359.0
2026-08-17,TPEX,6721,信實,51.6,51.6,51.6,51.6,1527.0
2026-08-17,TPEX,6725,矽科宏晟,240.0,240.0,235.0,235.0,48841.0
2026-08-17,TPEX,6727,亞泰金屬,440.0,475.0,430.0,475.0,3468595.0
2026-08-17,TPEX,6728,上洋,106.5,106.5,106.0,106.5,12228.0
2026-08-17,TPEX,6730,常廣,33.3,33.45,32.95,33.45,43010.0
2026-08-17,TPEX,6732,昇佳電子,159.5,161.0,154.5,155.0,146045.0
2026-08-17,TPEX,6733,博晟生醫,25.25,25.6,25.25,25.4,68030.0
2026-08-17,TPEX,6735,美達科技,62.8,64.5,62.5,64.3,123618.0
2026-08-17,TPEX,6739,竹陞科技,1005.0,1090.0,1000.0,1025.0,230389.0
2026-08-17,TPEX,6741,91APP*-KY,54.3,55.0,54.1,54.7,143270.0
2026-08-17,TPEX,6751,智聯服務,41.55,41.55,40.85,41.35,10107.0
2026-08-17,TPEX,6752,叡揚,99.1,100.5,99.0,100.0,7280.0
2026-08-17,TPEX,6761,穩得,184.0,187.0,180.0,181.0,390523.0
2026-08-17,TPEX,6762,達亞,170.0,170.0,170.0,170.0,1237.0
2026-08-17,TPEX,6763,綠界科技*,42.2,42.25,41.85,41.85,112520.0
2026-08-17,TPEX,6767,台微醫,25.95,25.95,25.75,25.75,5220.0
2026-08-17,TPEX,6785,昱展新藥,100.0,100.0,97.7,99.0,56394.0
2026-08-17,TPEX,6788,華景電,366.5,366.5,358.0,364.0,143801.0
2026-08-17,TPEX,6791,虎門科技,100.5,100.5,100.0,100.0,20262.0
2026-08-17,TPEX,6803,崑鼎,269.0,269.0,268.0,269.0,21752.0
2026-08-17,TPEX,6804,明係,19.0,19.0,18.65,18.75,92070.0
2026-08-17,TPEX,6811,宏碁資訊,241.5,241.5,227.0,227.0,187228.0
2026-08-17,TPEX,6821,聯寶,42.2,42.6,41.65,41.9,53911.0
2026-08-17,TPEX,6823,濾能,63.4,63.4,61.7,62.8,41155.0
2026-08-17,TPEX,6829,千附精密,240.0,244.5,232.0,238.5,2337100.0
2026-08-17,TPEX,6840,東研信超,81.0,83.1,79.9,83.0,991025.0
2026-08-17,TPEX,6841,長佳智能,53.1,53.1,52.3,52.4,234769.0
2026-08-17,TPEX,6843,進典,39.4,39.65,38.4,39.65,13051.0
2026-08-17,TPEX,6844,諾貝兒,61.3,61.3,61.3,61.3,1171.0
2026-08-17,TPEX,6846,綠茵,,,,,732.0
2026-08-17,TPEX,6855,數泓科,,,,,201.0
2026-08-17,TPEX,6856,鑫傳,42.2,43.3,42.2,43.2,7000.0
2026-08-17,TPEX,6859,伯特光,110.0,111.0,107.5,108.0,53096.0
2026-08-17,TPEX,6865,偉康科技,,,,,23.0
2026-08-17,TPEX,6870,騰雲,268.0,268.0,259.0,266.0,33486.0
2026-08-17,TPEX,6872,浩宇生醫,15.15,15.6,15.0,15.45,35484.0
2026-08-17,TPEX,6874,倍力,76.3,78.0,76.3,77.4,20267.0
2026-08-17,TPEX,6875,國邑*,33.05,33.85,32.95,33.4,39121.0
2026-08-17,TPEX,6877,鏵友益,120.5,123.0,119.5,122.5,29193.0
2026-08-17,TPEX,6881,潤德,200.0,205.0,200.0,205.0,5392.0
2026-08-17,TPEX,6884,海柏特,30.95,30.95,30.4,30.4,7706.0
2026-08-17,TPEX,6894,衛司特,336.5,347.0,332.5,346.0,36011.0
2026-08-17,TPEX,6895,宏碩系統,114.5,118.0,114.5,117.0,29214.0
2026-08-17,TPEX,6899,創為精密,51.0,51.0,50.4,50.5,6698.0
2026-08-17,TPEX,6903,巨漢,314.0,327.5,311.5,323.5,439146.0
2026-08-17,TPEX,6904,伯鑫,,,,,511.0
2026-08-17,TPEX,6907,雅特力-KY,172.0,175.0,169.5,171.0,934674.0
2026-08-17,TPEX,6910,德鴻,24.5,25.0,24.4,24.6,36787.0
2026-08-17,TPEX,6913,鴻呈,150.0,150.5,147.0,149.0,335965.0
2026-08-17,TPEX,6922,宸曜,203.5,205.5,198.0,200.0,172970.0
2026-08-17,TPEX,6925,意藍,52.5,52.8,50.0,50.5,62483.0
2026-08-17,TPEX,6929,佑全,22.45,22.45,22.45,22.45,1800.0
2026-08-17,TPEX,6945,圓祥生技,102.5,104.0,101.0,101.5,144828.0
2026-08-17,TPEX,6953,家碩,224.0,226.0,223.0,226.0,6312.0
2026-08-17,TPEX,6961,旅天下,51.3,52.0,50.9,51.5,58677.0
2026-08-17,TPEX,6967,汎瑋材料,74.6,75.6,74.4,75.6,476233.0
2026-08-17,TPEX,6968,萬達寵物,43.7,44.25,43.5,43.8,36371.0
2026-08-17,TPEX,6971,惠民實業,25.9,26.1,25.8,26.05,83084.0
2026-08-17,TPEX,6982,大井泵浦,49.0,49.3,48.65,49.0,21181.0
2026-08-17,TPEX,6983,華洋精機,299.0,299.0,295.0,297.0,21596.0
2026-08-17,TPEX,6986,和迅,43.8,43.8,42.45,43.0,83080.0
2026-08-17,TPEX,6996,力領科技,173.0,177.5,173.0,177.5,46899.0
2026-08-17,TPEX,6997,博弘,,,,,0.0
2026-08-17,TPEX,7402,邑錡,122.0,123.0,112.5,118.0,3586199.0
2026-08-17,TPEX,7547,碩網,51.7,52.3,51.7,52.0,13360.0
2026-08-17,TPEX,7556,意德士,239.0,249.0,239.0,245.5,44613.0
2026-08-17,TPEX,7584,樂意,26.5,28.5,26.5,27.8,14148.0
2026-08-17,TPEX,7642,昶瑞機電,79.5,81.2,77.9,77.9,28234.0
2026-08-17,TPEX,7703,銳澤,178.5,181.0,176.0,178.0,63342.0
2026-08-17,TPEX,7704,明遠精密,63.0,63.9,62.8,62.9,16051.0
2026-08-17,TPEX,7708,全家餐飲,93.5,93.5,92.4,92.4,5141.0
2026-08-17,TPEX,7709,榮田,71.4,73.0,71.4,72.0,16354.0
2026-08-17,TPEX,7712,博盛半導體,140.5,145.0,138.0,144.5,155497.0
2026-08-17,TPEX,7713,威力德生醫,70.7,70.7,70.7,70.7,2116.0
2026-08-17,TPEX,7714,創泓科技,176.0,178.5,163.5,166.0,634918.0
2026-08-17,TPEX,7715,裕山,31.45,31.75,31.2,31.6,33566.0
2026-08-17,TPEX,7716,昱臺國際,24.5,24.8,24.5,24.6,6030.0
2026-08-17,TPEX,7717,萊德光電-KY,426.0,426.0,415.5,425.0,60421.0
2026-08-17,TPEX,7718,友鋮,48.0,48.2,47.45,47.8,15000.0
2026-08-17,TPEX,7723,築間,19.8,19.8,19.0,19.15,130899.0
2026-08-17,TPEX,7728,光焱科技,599.0,599.0,572.0,597.0,19296.0
2026-08-17,TPEX,7734,印能科技,3140.0,3200.0,3050.0,3070.0,153212.0
2026-08-17,TPEX,7738,東聯互動,166.5,167.0,165.0,167.0,9795.0
2026-08-17,TPEX,7743,金利食安,20.75,20.75,20.75,20.75,1000.0
2026-08-17,TPEX,7744,崴寶,476.0,495.0,470.0,495.0,147781.0
2026-08-17,TPEX,7747,昕奇雲端,113.5,114.5,113.5,114.5,6225.0
2026-08-17,TPEX,7751,竑騰,1485.0,1580.0,1425.0,1480.0,836316.0
2026-08-17,TPEX,7753,星亞,36.2,37.95,36.2,37.2,15025.0
2026-08-17,TPEX,7757,金色三麥,90.0,90.5,89.8,90.5,15064.0
2026-08-17,TPEX,7767,仁大資訊,45.0,45.0,44.45,44.8,24148.0
2026-08-17,TPEX,7770,君曜,38.3,38.75,38.1,38.75,6436.0
2026-08-17,TPEX,7772,耀穎,90.6,93.5,89.8,93.5,39458.0
2026-08-17,TPEX,7777,能率亞洲,40.2,40.8,38.55,38.95,1575167.0
2026-08-17,TPEX,7782,光速火箭,25.5,25.5,25.5,25.5,4096.0
2026-08-17,TPEX,7792,安葆,246.5,256.0,244.5,252.0,433062.0
2026-08-17,TPEX,7794,宏碁智新,28.85,28.95,28.55,28.95,26745.0
2026-08-17,TPEX,7805,威聯通,685.0,703.0,680.0,701.0,104181.0
2026-08-17,TPEX,7810,捷創科技,198.5,202.0,196.0,197.5,35145.0
2026-08-17,TPEX,7811,民盛,71.0,71.0,70.6,71.0,27080.0
2026-08-17,TPEX,7814,海昌生技,29.65,30.6,29.4,29.75,57004.0
2026-08-17,TPEX,7819,精誠金融,38.8,38.8,35.55,35.85,91452.0
2026-08-17,TPEX,7820,立盈,115.5,119.0,115.5,119.0,3390.0
2026-08-17,TPEX,7828,創新服務,1680.0,1730.0,1630.0,1725.0,197203.0
2026-08-17,TPEX,7839,達人網,45.6,45.6,44.2,45.6,10000.0
2026-08-17,TPEX,7842,天能綠電,83.5,93.0,83.5,91.8,121196.0
2026-08-17,TPEX,8024,佑華,13.6,13.6,13.1,13.35,50108.0
2026-08-17,TPEX,8027,鈦昇,190.0,191.5,181.5,182.0,1243104.0
2026-08-17,TPEX,8032,光菱,36.8,36.8,36.0,36.2,62341.0
2026-08-17,TPEX,8034,榮群,18.9,18.9,18.5,18.75,33523.0
2026-08-17,TPEX,8038,長園科,30.95,31.4,30.8,31.25,150176.0
2026-08-17,TPEX,8040,九暘,72.8,73.9,72.5,73.0,238732.0
2026-08-17,TPEX,8042,金山電,110.5,111.0,106.0,108.5,2227442.0
2026-08-17,TPEX,8043,蜜望實,148.5,149.5,141.5,145.5,2270096.0
2026-08-17,TPEX,8044,網家,26.25,26.35,25.7,25.7,572596.0
2026-08-17,TPEX,8047,星雲,44.45,48.2,44.45,48.1,32152.0
2026-08-17,TPEX,8048,德勝,52.2,52.2,51.0,51.9,63853.0
2026-08-17,TPEX,8049,晶采,25.0,25.0,24.75,24.95,217328.0
2026-08-17,TPEX,8050,廣積,58.5,59.0,57.0,57.3,2111057.0
2026-08-17,TPEX,8054,安國,82.7,83.7,81.5,81.8,789837.0
2026-08-17,TPEX,8059,凱碩,14.0,14.0,13.4,13.75,210237.0
2026-08-17,TPEX,8064,東捷,103.0,105.5,102.0,103.0,1329352.0
2026-08-17,TPEX,8066,來思達,14.6,14.75,14.55,14.75,14317.0
2026-08-17,TPEX,8067,志旭,12.9,13.25,12.55,12.95,6001.0
2026-08-17,TPEX,8068,全達,17.4,17.55,17.1,17.3,134053.0
2026-08-17,TPEX,8069,元太,164.0,165.0,161.0,162.5,10653704.0
2026-08-17,TPEX,8071,能率網通,24.75,25.0,24.1,24.1,708122.0
2026-08-17,TPEX,8074,鉅橡,56.4,57.4,55.5,56.0,264968.0
2026-08-17,TPEX,8076,伍豐,23.6,23.6,23.2,23.4,379316.0
2026-08-17,TPEX,8077,洛碁,44.55,44.55,44.55,44.55,1050.0
2026-08-17,TPEX,8080,泰霖,28.05,28.05,27.75,27.8,14008.0
2026-08-17,TPEX,8083,瑞穎,159.5,161.0,158.5,160.0,219241.0
2026-08-17,TPEX,8084,巨虹,51.7,52.0,48.3,52.0,414642.0
2026-08-17,TPEX,8085,福華,11.25,11.4,11.15,11.3,47903.0
2026-08-17,TPEX,8086,宏捷科,114.5,122.0,114.5,120.5,5068033.0
2026-08-17,TPEX,8087,麗升能源,27.3,27.3,26.55,26.85,8003.0
2026-08-17,TPEX,8088,品安,48.25,48.4,46.85,47.1,806642.0
2026-08-17,TPEX,8089,康全電訊,17.95,17.95,17.7,17.9,96327.0
2026-08-17,TPEX,8091,翔名,225.0,231.5,224.0,230.0,236882.0
2026-08-17,TPEX,8092,建暐,12.65,12.65,12.5,12.6,20528.0
2026-08-17,TPEX,8093,保銳,25.4,25.8,24.7,24.7,25230.0
2026-08-17,TPEX,8096,擎亞,119.5,119.5,113.0,114.0,4411571.0
2026-08-17,TPEX,8097,常珵,50.5,50.5,48.7,50.5,196227.0
2026-08-17,TPEX,8099,大世科,58.8,58.8,57.8,58.7,69581.0
2026-08-17,TPEX,8102,傑霖科技,74.7,74.7,70.8,71.8,48172.0
2026-08-17,TPEX,8107,大億金茂,12.35,12.55,12.2,12.4,35561.0
2026-08-17,TPEX,8109,博大,131.5,133.0,130.0,130.0,108832.0
2026-08-17,TPEX,8111,立碁,55.5,57.3,55.3,57.3,1618502.0
2026-08-17,TPEX,8121,越峰,29.6,29.6,28.7,28.75,635746.0
2026-08-17,TPEX,8147,正淩,121.5,122.5,120.0,120.0,61467.0
2026-08-17,TPEX,8155,博智,326.0,326.0,315.5,315.5,350711.0
2026-08-17,TPEX,8171,天宇,19.8,19.95,19.5,19.65,60260.0
2026-08-17,TPEX,8176,智捷,10.1,10.2,10.0,10.2,36845.0
2026-08-17,TPEX,8182,加高,40.9,41.9,40.45,40.95,826771.0
2026-08-17,TPEX,8183,精星,30.05,30.25,29.8,30.0,206955.0
2026-08-17,TPEX,8227,巨有科技,158.0,159.5,153.5,154.5,464290.0
2026-08-17,TPEX,8234,新漢,69.4,72.0,68.1,68.1,799195.0
2026-08-17,TPEX,8240,華宏,42.0,42.95,42.0,42.8,107057.0
2026-08-17,TPEX,8255,朋程,149.5,151.5,146.5,149.0,305654.0
2026-08-17,TPEX,8272,全景軟體,63.2,63.2,63.2,63.2,3825.0
2026-08-17,TPEX,8277,商丞,8.11,8.11,7.95,7.99,97417.0
2026-08-17,TPEX,8279,生展,87.4,87.4,87.1,87.1,3945.0
2026-08-17,TPEX,8284,三竹,66.4,70.0,65.7,68.1,295597.0
2026-08-17,TPEX,8289,泰藝,47.3,48.85,46.0,48.2,678444.0
2026-08-17,TPEX,8291,尚茂,36.9,36.9,35.25,36.1,18956.0
2026-08-17,TPEX,8299,群聯,2110.0,2125.0,2085.0,2085.0,4643755.0
2026-08-17,TPEX,8342,益張,88.8,88.8,87.2,87.2,4090.0
2026-08-17,TPEX,8349,恒耀,39.55,39.55,38.85,39.4,40729.0
2026-08-17,TPEX,8354,冠好,17.8,18.1,17.55,17.55,112282.0
2026-08-17,TPEX,8358,金居,430.5,434.0,418.5,419.5,19738692.0
2026-08-17,TPEX,8383,千附,75.5,75.8,71.0,71.1,4103793.0
2026-08-17,TPEX,8390,金益鼎,99.0,99.7,98.2,98.9,341414.0
2026-08-17,TPEX,8401,白紗科,23.25,23.25,23.2,23.2,9367.0
2026-08-17,TPEX,8403,盛弘,19.2,19.35,19.15,19.2,92187.0
2026-08-17,TPEX,8409,商之器,18.0,19.8,17.65,19.1,53651.0
2026-08-17,TPEX,8410,森田,31.55,31.55,31.2,31.5,21368.0
2026-08-17,TPEX,8415,大國鋼,37.4,38.15,37.35,37.85,697987.0
2026-08-17,TPEX,8416,實威,168.0,168.0,168.0,168.0,2225.0
2026-08-17,TPEX,8421,旭源,13.7,13.7,12.95,13.0,433106.0
2026-08-17,TPEX,8423,保綠-KY,17.8,17.8,17.8,17.8,1706.0
2026-08-17,TPEX,8424,惠普,68.8,68.8,68.8,68.8,10611.0
2026-08-17,TPEX,8426,紅木-KY,21.35,21.35,20.95,21.35,11210.0
2026-08-17,TPEX,8431,匯鑽科,47.5,48.8,47.5,48.25,120131.0
2026-08-17,TPEX,8432,東生華,50.8,50.9,50.0,50.6,40199.0
2026-08-17,TPEX,8433,弘帆,54.6,54.9,54.0,54.5,9312.0
2026-08-17,TPEX,8435,鉅邁,53.2,53.8,53.2,53.6,27040.0
2026-08-17,TPEX,8436,大江,120.0,123.0,118.0,123.0,977878.0
2026-08-17,TPEX,8437,大地-KY,8.9,9.06,8.9,9.06,8065.0
2026-08-17,TPEX,8440,綠電,20.3,20.3,19.9,20.2,107972.0
2026-08-17,TPEX,8444,綠河-KY,5.03,5.03,5.0,5.0,10100.0
2026-08-17,TPEX,8446,華研,86.6,86.7,85.4,85.7,38065.0
2026-08-17,TPEX,8450,霹靂,14.7,15.1,14.5,14.9,36505.0
2026-08-17,TPEX,8455,大拓-KY,24.65,25.45,24.05,24.05,11470.0
2026-08-17,TPEX,8472,夠麻吉,70.8,70.8,70.8,70.8,1000.0
2026-08-17,TPEX,8477,創業家,15.7,15.8,15.7,15.7,20006.0
2026-08-17,TPEX,8489,三貝德,22.75,22.8,22.4,22.75,14553.0
2026-08-17,TPEX,8905,裕國,34.0,35.0,34.0,34.9,13222.0
2026-08-17,TPEX,8906,花王,27.5,27.8,27.5,27.8,7027.0
2026-08-17,TPEX,8908,欣雄,39.9,39.9,39.8,39.9,24278.0
2026-08-17,TPEX,8916,光隆,40.55,40.55,40.25,40.55,71120.0
2026-08-17,TPEX,8917,欣泰,53.0,53.0,53.0,53.0,1000.0
2026-08-17,TPEX,8921,沈氏,17.5,17.5,17.5,17.5,1000.0
2026-08-17,TPEX,8923,時報,,,,,61.0
2026-08-17,TPEX,8924,大田,51.0,51.2,50.8,51.0,92762.0
2026-08-17,TPEX,8927,北基,19.95,19.95,19.5,19.7,77392.0
2026-08-17,TPEX,8928,鉅明,23.6,23.85,23.55,23.85,55554.0
2026-08-17,TPEX,8929,富堡,13.2,13.3,13.1,13.2,22932.0
2026-08-17,TPEX,8930,青鋼,29.6,29.6,29.1,29.3,36911.0
2026-08-17,TPEX,8931,大汽電,40.65,41.2,40.35,40.6,21419.0
2026-08-17,TPEX,8932,智通*,108.0,113.0,107.0,110.0,3248241.0
2026-08-17,TPEX,8933,愛地雅,4.45,4.58,4.41,4.58,67254.0
2026-08-17,TPEX,8935,邦泰,18.4,18.4,17.7,17.95,150897.0
2026-08-17,TPEX,8936,國統,50.6,50.8,50.4,50.5,909035.0
2026-08-17,TPEX,8937,合騏*,23.5,23.6,23.1,23.35,45637.0
2026-08-17,TPEX,8938,明安,52.3,52.8,52.3,52.6,86593.0
2026-08-17,TPEX,8941,關中,44.65,44.65,43.9,43.9,16498.0
2026-08-17,TPEX,8942,森鉅,43.2,43.25,42.05,42.25,449954.0
2026-08-17,TPEX,9949,琉園,23.25,23.95,23.25,23.95,31623.0
2026-08-17,TPEX,9950,萬國通,10.25,10.35,10.15,10.35,60061.0
2026-08-17,TPEX,9951,皇田,53.0,53.1,52.9,53.1,17431.0
2026-08-17,TPEX,9960,邁達康,31.0,31.0,31.0,31.0,1386.0
2026-08-17,TPEX,9962,有益,10.3,10.35,10.3,10.3,24008.0
