market,stock_id,name,revenue_period,revenue_month_yoy,revenue_cum_yoy,eps_year,eps_quarter,eps_cumulative,revenue_double_growth,eps_positive,revenue_data_ok,eps_data_ok
TPEX,1240,茂生農經,11508,9.195965730398004,7.793180904035503,,,,True,False,True,False
TPEX,1259,安心,11508,7.409599074787972,4.243089830098666,,,,True,False,True,False
TPEX,1264,德麥,11508,9.223630408458495,7.149842688938043,,,,True,False,True,False
TPEX,1268,漢來美食,11508,19.991830825288854,17.434670354058834,,,,True,False,True,False
TPEX,1294,漢田生技,11508,-24.99707773232028,16.5336427007941,,,,False,False,True,False
TPEX,1295,生合,11508,-0.621348418807382,-2.6236682696042295,,,,False,False,True,False
TPEX,1336,台翰,11508,46.14113277623027,12.450605842069816,,,,True,False,True,False
TPEX,1565,精華,11508,-12.465050515586384,-16.328285555968606,,,,False,False,True,False
TPEX,1569,濱川,11508,-25.280237992226635,-7.645398580921071,,,,False,False,True,False
TPEX,1570,力肯,11508,-44.00695703659845,-8.723603869638106,,,,False,False,True,False
TPEX,1580,新麥,11508,-10.070892009759659,-3.209593928714311,,,,False,False,True,False
TPEX,1584,精剛,11508,5.5272326240068175,-14.591505131292202,,,,False,False,True,False
TPEX,1586,和勤,11508,12.520794650810858,8.264897217126956,,,,True,False,True,False
TPEX,1591,駿吉-KY,11508,927.8923253150057,337.08215049460375,,,,True,False,True,False
TPEX,1593,祺驊,11508,21.90596022288717,12.505581997152705,,,,True,False,True,False
TPEX,1595,川寶,11508,35.61091377251082,27.77371087230242,,,,True,False,True,False
TPEX,1599,宏佳騰,11508,98.4969606411519,27.257515198281116,,,,True,False,True,False
TPEX,1742,台蠟,11508,52.506194015627976,-36.71806877769682,,,,False,False,True,False
TPEX,1777,生泰,11508,17.68207527407304,-2.2641548536848215,,,,False,False,True,False
TPEX,1780,立弘,11508,12.477643345607575,16.168821966341895,,,,True,False,True,False
TPEX,1781,合世,11508,33.16265886440523,-5.367468755829137,,,,False,False,True,False
TPEX,1784,訊聯,11508,14.37740558567818,10.004060767011625,,,,True,False,True,False
TPEX,1785,光洋科,11508,30.70899895422589,63.39603435324915,,,,True,False,True,False
TPEX,1788,杏昌,11508,8.941288853382764,6.142195420040782,,,,True,False,True,False
TPEX,1796,金穎生技,11508,-10.893889475974389,-0.17285793280794112,,,,False,False,True,False
TPEX,1799,易威,11508,82.42065171392298,78.14643043397021,,,,True,False,True,False
TPEX,1813,寶利徠,11508,0.5800566772936592,-8.08555976769296,,,,False,False,True,False
TPEX,1815,富喬,11508,79.20696400933353,51.19937149056726,,,,True,False,True,False
TPEX,2035,唐榮公司,11508,-27.548214436507646,0.5639587093731805,,,,False,False,True,False
TPEX,2061,風青,11508,42.421351396474826,18.74878740923354,,,,True,False,True,False
TPEX,2063,世鎧精密,11508,-16.94938496770566,-8.537794970288816,,,,False,False,True,False
TPEX,2064,晉椿,11508,-8.557472857965573,15.866109717192918,,,,False,False,True,False
TPEX,2065,世豐,11508,28.712231073946427,10.645365094761868,,,,True,False,True,False
TPEX,2066,世德,11508,11.854646246829205,8.680888660880965,,,,True,False,True,False
TPEX,2067,嘉鋼,11508,-0.8858426021007831,-9.04852222958355,,,,False,False,True,False
TPEX,2070,精湛,11508,15.818520081922362,24.850595835915406,,,,True,False,True,False
TPEX,2073,雄順,11508,249.78321391082105,80.3361175138126,,,,True,False,True,False
TPEX,2221,大甲,11508,81.31871139616996,29.091341365027425,,,,True,False,True,False
TPEX,2230,泰茂,11508,-84.12389530588268,17.812198520741774,,,,False,False,True,False
TPEX,2235,謚源,11508,-7.104260961457939,-3.382332368134174,,,,False,False,True,False
TPEX,2596,綠意,11508,1287.8783165883854,51.48817312985642,,,,True,False,True,False
TPEX,2640,大車隊,11508,19.243006734772905,10.36535131062689,,,,True,False,True,False
TPEX,2641,正德,11508,-41.239884839292685,-0.07570177070774783,,,,False,False,True,False
TPEX,2643,捷迅,11508,7.804528243900269,-9.584419951167956,,,,False,False,True,False
TPEX,2718,全心投控,11508,-93.09852102132481,-89.69266460516486,,,,False,False,True,False
TPEX,2719,燦星旅,11508,-22.944032810353832,-23.177707817000467,,,,False,False,True,False
TPEX,2724,藝舍-KY,11508,227.70419426048565,57.3466120946639,,,,True,False,True,False
TPEX,2726,雅茗-KY,11508,11.019376202622276,-6.489788608945466,,,,False,False,True,False
TPEX,2729,瓦城,11508,2.4422533938317703,5.955593543894599,,,,True,False,True,False
TPEX,2732,六角,11508,15.261448373667596,29.548488494488677,,,,True,False,True,False
TPEX,2734,易飛網,11508,53.642139862311716,32.937667797869686,,,,True,False,True,False
TPEX,2736,富野,11508,24.93730451689256,14.804559192603234,,,,True,False,True,False
TPEX,2740,華軒,11508,-58.91670924885028,-60.81895655788817,,,,False,False,True,False
TPEX,2743,山富,11508,0.6234541403487255,0.7969019834054644,,,,True,False,True,False
TPEX,2745,五福,11508,10.416467438079755,15.514619920945004,,,,True,False,True,False
TPEX,2751,王座,11508,4.761462780768516,24.061151213474393,,,,True,False,True,False
TPEX,2752,豆府,11508,8.786430870415135,10.37657843617935,,,,True,False,True,False
TPEX,2754,亞洲藏壽司,11508,6.981864566579779,6.343932822929551,,,,True,False,True,False
TPEX,2755,揚秦,11508,15.218659758948382,18.699996940929346,,,,True,False,True,False
TPEX,2756,聯發國際,11508,-17.56984717128398,11.79470208637314,,,,False,False,True,False
TPEX,2916,滿心,11508,2.3500067735020598,1.2255315695503977,,,,True,False,True,False
TPEX,2924,宏太-KY,11508,-45.89178356713427,1.5724402832793183,,,,False,False,True,False
TPEX,2926,誠品生活,11508,2.1399999002873384,4.219302285059989,,,,True,False,True,False
TPEX,2937,集雅社,11508,4.787779346485036,12.497743316931295,,,,True,False,True,False
TPEX,2938,床的世界,11508,-16.766072187458786,0.8214899265969077,,,,False,False,True,False
TPEX,2941,米斯特,11508,-21.628103992694545,-5.341324422767082,,,,False,False,True,False
TPEX,2947,振宇五金,11508,1.7506460891530027,6.902127620206874,,,,True,False,True,False
TPEX,2948,寶陞,11508,-1.359692758646512,1.5024621958810576,,,,False,False,True,False
TPEX,2949,欣新網,11508,38.44446381748805,26.076383712719498,,,,True,False,True,False
TPEX,3064,泰偉,11508,6.517871583373767,-3.134840604323674,,,,False,False,True,False
TPEX,3066,李洲,11508,18.89475038600103,3.5018919058583053,,,,True,False,True,False
TPEX,3067,全域,11508,35.44562551103843,16.12315747538558,,,,True,False,True,False
TPEX,3071,協禧,11508,4.522042400202367,31.580486264350206,,,,True,False,True,False
TPEX,3073,天方能源,11508,-29.309878213802435,180.00282520791765,,,,False,False,True,False
TPEX,3078,僑威,11508,-49.33731714000558,-46.92682205042415,,,,False,False,True,False
TPEX,3081,聯亞,11508,180.9018539007475,129.03610801621684,,,,True,False,True,False
TPEX,3083,網龍,11508,-9.04342424755774,1.8719719616534378,,,,False,False,True,False
TPEX,3085,新零售,11508,0.7831620166421929,25.20414001144224,,,,True,False,True,False
TPEX,3086,華義*,11508,-26.69243824250424,-18.503222635946095,,,,False,False,True,False
TPEX,3088,艾訊,11508,78.52614807235602,49.50165318684724,,,,True,False,True,False
TPEX,3093,港建*,11508,48.11836799337256,-22.211654797143098,,,,False,False,True,False
TPEX,3095,及成,11508,7.631471667346107,16.669676312581824,,,,True,False,True,False
TPEX,3105,穩懋,11508,30.55209457123739,33.00941273287851,,,,True,False,True,False
TPEX,3114,好德,11508,3.854648940237013,4.397036415837777,,,,True,False,True,False
TPEX,3115,富榮綱,11508,-21.174652241112828,121.52424942263279,,,,False,False,True,False
TPEX,3118,進階,11508,-16.226020024477638,-7.2782878453408255,,,,False,False,True,False
TPEX,3122,笙泉,11508,8.154075027140042,-2.4491677809027617,,,,False,False,True,False
TPEX,3128,昇銳,11508,-29.237479320198528,-17.01864339330818,,,,False,False,True,False
TPEX,3131,弘塑,11508,43.346952343283206,22.90430169180782,,,,True,False,True,False
TPEX,3141,晶宏,11508,79.77072598488336,23.933582373286775,,,,True,False,True,False
TPEX,3147,大綜,11508,233.47826842384174,111.96193648884159,,,,True,False,True,False
TPEX,3152,璟德,11508,39.634819609145666,9.313355366035806,,,,True,False,True,False
TPEX,3158,嘉實,11508,39.40383572698501,21.49975091109962,,,,True,False,True,False
TPEX,3162,精確,11508,101.18952622424949,33.42354480729761,,,,True,False,True,False
TPEX,3163,波若威,11508,9.69016916881047,17.729328183666418,,,,True,False,True,False
TPEX,3169,亞信,11508,9.61507288302555,5.355070211094119,,,,True,False,True,False
TPEX,3171,炎洲流通,11508,13.468566968047435,65.61472303480936,,,,True,False,True,False
TPEX,3176,基亞,11508,197.40339528202162,-10.451573430439558,,,,False,False,True,False
TPEX,3178,公準,11508,7.487576032727024,6.275642106446355,,,,True,False,True,False
TPEX,3188,鑫龍騰,11508,-73.8039081541027,113.18668420431013,,,,False,False,True,False
TPEX,3191,雲嘉南,11508,17.85159517266101,7.467568419349068,,,,True,False,True,False
TPEX,3205,佰研,11508,-0.37606740937623706,40.71558367441258,,,,False,False,True,False
TPEX,3206,志豐,11508,46.20151986085913,2.0121081580614004,,,,True,False,True,False
TPEX,3207,耀勝,11508,-24.329617444575142,-8.91070598376292,,,,False,False,True,False
TPEX,3211,順達,11508,17.340478611401327,20.89577300759378,,,,True,False,True,False
TPEX,3213,茂訊,11508,6.48953358356867,17.95607136687106,,,,True,False,True,False
TPEX,3217,優群,11508,-19.768941082930866,-6.299844519477946,,,,False,False,True,False
TPEX,3218,大學光,11508,9.377552822731989,5.963200495967978,,,,True,False,True,False
TPEX,3219,倚強科,11508,19.72583901879228,32.19972314381249,,,,True,False,True,False
TPEX,3221,台嘉碩,11508,28.651953542286975,15.027202113274003,,,,True,False,True,False
TPEX,3224,三顧,11508,49.59243290659472,19.121401401559392,,,,True,False,True,False
TPEX,3226,龍鋒,11508,123.95113510044578,-13.819118890336528,,,,False,False,True,False
TPEX,3227,原相,11508,10.133794164900296,5.979442363438792,,,,True,False,True,False
TPEX,3228,金麗科,11508,10.792502213155768,12.611315829878704,,,,True,False,True,False
TPEX,3230,錦明,11508,50.86653881667732,6.23136740612128,,,,True,False,True,False
TPEX,3232,昱捷,11508,49.79298122316777,11.401286050805373,,,,True,False,True,False
TPEX,3234,光環,11508,110.12726780395343,26.94082696105297,,,,True,False,True,False
TPEX,3236,千如,11508,19.392006004878965,21.133506552913037,,,,True,False,True,False
TPEX,3252,海灣,11508,-39.353443369379626,-7.658126633322632,,,,False,False,True,False
TPEX,3259,鑫創,11508,-35.05377188162336,-4.637503170428909,,,,False,False,True,False
TPEX,3260,威剛,11508,279.80697041038457,218.13605646502873,,,,True,False,True,False
TPEX,3264,欣銓,11508,46.57297818291717,33.89207749845497,,,,True,False,True,False
TPEX,3265,台星科,11508,3.3632379267063106,16.451742201213527,,,,True,False,True,False
TPEX,3268,海德威,11508,9.181407154755295,5.957055883406256,,,,True,False,True,False
TPEX,3272,東碩,11508,-41.79680734673532,-8.724137737970477,,,,False,False,True,False
TPEX,3276,宇環,11508,41.27094624832181,36.8154830570101,,,,True,False,True,False
TPEX,3284,太普高,11508,-3.885749051377704,-2.665797075107407,,,,False,False,True,False
TPEX,3285,微端,11508,23.177199361858086,74.48384797103678,,,,True,False,True,False
TPEX,3287,廣寰科,11508,6.022302087435999,5.465807537654677,,,,True,False,True,False
TPEX,3288,點晶,11508,-64.59901995936417,1.479536283866009,,,,False,False,True,False
TPEX,3289,宜特,11508,-7.9009457392064535,-3.65869669454825,,,,False,False,True,False
TPEX,3290,東浦,11508,79.79663584803046,84.26047338908913,,,,True,False,True,False
TPEX,3293,鈊象,11508,24.804093366160956,18.09148885524727,,,,True,False,True,False
TPEX,3294,英濟,11508,1.6777336843346038,-4.489670804101457,,,,False,False,True,False
TPEX,3297,杭特,11508,10.481807537187215,20.61170983255113,,,,True,False,True,False
TPEX,3303,岱稜,11508,-1.4085637885653246,16.116354462117975,,,,False,False,True,False
TPEX,3306,鼎天,11508,45.50208386873303,13.244204435205434,,,,True,False,True,False
TPEX,3310,佳穎,11508,259.96340846276615,18.10698372294364,,,,True,False,True,False
TPEX,3313,斐成,11508,7.410881801125703,251.56040268456377,,,,True,False,True,False
TPEX,3317,尼克森,11508,-27.572966685034068,3.3830904059404325,,,,False,False,True,False
TPEX,3322,建舜電,11508,-19.346522231402428,4.998050310908436,,,,False,False,True,False
TPEX,3323,加百裕,11508,-46.97599644168356,-17.08585027182644,,,,False,False,True,False
TPEX,3324,雙鴻,11508,67.17939465738924,81.01348291098509,,,,True,False,True,False
TPEX,3325,旭品,11508,-63.71309745754031,-47.92390772713203,,,,False,False,True,False
TPEX,3332,幸康,11508,54.71850386062934,19.125153982581185,,,,True,False,True,False
TPEX,3339,泰谷,11508,-8.832982086406744,-0.9255398079599673,,,,False,False,True,False
TPEX,3349,寶德,11508,-49.33618843683084,-35.2372246461023,,,,False,False,True,False
TPEX,3354,律勝,11508,31.90808609656777,30.762364403830734,,,,True,False,True,False
TPEX,3357,臺慶科,11508,53.06726585348456,32.22016146268528,,,,True,False,True,False
TPEX,3360,尚立,11508,41.8932027546434,61.73888316293205,,,,True,False,True,False
TPEX,3362,先進光,11508,-32.9062012437647,-5.29682235945306,,,,False,False,True,False
TPEX,3363,上詮,11508,13.197373811184553,-10.557604339736999,,,,False,False,True,False
TPEX,3372,典範,11508,30.100964820229642,26.784398846108427,,,,True,False,True,False
TPEX,3373,熱映,11508,-11.243337621760706,8.844120266507334,,,,False,False,True,False
TPEX,3374,精材,11508,36.740456579788635,33.23769275602662,,,,True,False,True,False
TPEX,3379,彬台,11508,-65.77847911030959,-38.55315287682438,,,,False,False,True,False
TPEX,3388,崇越電,11508,0.6866714808892557,16.870320068830956,,,,True,False,True,False
TPEX,3390,旭軟,11508,9.892542007629809,27.82475458779821,,,,True,False,True,False
TPEX,3402,漢科,11508,32.84345231390374,21.365823669200683,,,,True,False,True,False
TPEX,3430,奇鈦科,11508,-1.7461873638344227,21.505047016428055,,,,False,False,True,False
TPEX,3434,哲固,11508,41.94985495234148,-30.856297491209048,,,,False,False,True,False
TPEX,3438,類比科,11508,-12.803588051112804,-18.246086866383333,,,,False,False,True,False
TPEX,3441,聯一光電,11508,0.8635737253100597,28.239085976856746,,,,True,False,True,False
TPEX,3444,利機,11508,27.285156060620753,11.334759453886823,,,,True,False,True,False
TPEX,3455,由田,11508,22.429263197873148,-20.016470474252774,,,,False,False,True,False
TPEX,3465,進泰電子,11508,2.398733541059403,9.20182644726494,,,,True,False,True,False
TPEX,3466,德晉,11508,49.72630365888793,185.12639623750735,,,,True,False,True,False
TPEX,3467,台灣精材,11508,49.80566242478051,26.48354458121781,,,,True,False,True,False
TPEX,3479,安勤,11508,35.43316627661718,17.268794857979795,,,,True,False,True,False
TPEX,3483,力致,11508,-32.23645305285372,-7.860607381898475,,,,False,False,True,False
TPEX,3484,崧騰,11508,2.7206827303937997,-1.6866671762337895,,,,False,False,True,False
TPEX,3485,敘豐,11508,29.910874191441394,11.316373187274285,,,,True,False,True,False
TPEX,3489,森寶,11508,-0.2528199144301828,70.04916253979029,,,,False,False,True,False
TPEX,3490,單井,11508,-5.314635870846099,6.431289717584078,,,,False,False,True,False
TPEX,3491,昇達科,11508,93.18632935147426,73.39943090565077,,,,True,False,True,False
TPEX,3492,長盛,11508,17.904774606561748,2.535798255056371,,,,True,False,True,False
TPEX,3498,陽程,11508,326.0465447130375,154.7955799441265,,,,True,False,True,False
TPEX,3499,環天科,11508,3.711987817065626,-14.021297839865932,,,,False,False,True,False
TPEX,3508,位速,11508,67.1899502284039,7.670349243833346,,,,True,False,True,False
TPEX,3511,矽瑪,11508,39.75773751475646,14.968434784634379,,,,True,False,True,False
TPEX,3512,皇龍,11508,27442.5,-62.79066107443284,,,,False,False,True,False
TPEX,3516,亞帝歐,11508,-24.266156658153076,17.067333716066596,,,,False,False,True,False
TPEX,3520,華盈,11508,33.33614677737569,15.579009133712537,,,,True,False,True,False
TPEX,3521,台鋼建設,11508,-98.05447470817121,-94.24124513618678,,,,False,False,True,False
TPEX,3522,御嵿,11508,-6.251208975433619,7.0771830293049005,,,,False,False,True,False
TPEX,3523,迎輝,11508,-90.70075609946215,-41.89907257665269,,,,False,False,True,False
TPEX,3526,凡甲,11508,38.839955677269295,28.568315081008798,,,,True,False,True,False
TPEX,3527,聚積,11508,-16.390266713429195,-5.770822224484592,,,,False,False,True,False
TPEX,3529,力旺,11508,42.77348437575001,21.89801255131233,,,,True,False,True,False
TPEX,3531,先益,11508,-6.577032515910424,-25.69807541347481,,,,False,False,True,False
TPEX,3537,堡達,11508,6.601944291591332,6.916799792755063,,,,True,False,True,False
TPEX,3540,曜越,11508,-8.720882245047688,-11.079222889718729,,,,False,False,True,False
TPEX,3541,西柏,11508,20.254520950476675,-1.5597782731192418,,,,False,False,True,False
TPEX,3546,宇峻,11508,93.84497509896565,49.8742383019689,,,,True,False,True,False
TPEX,3548,兆利,11508,-8.158193826270145,-19.341538992255096,,,,False,False,True,False
TPEX,3551,世禾,11508,21.973307718294265,20.496669051914413,,,,True,False,True,False
TPEX,3552,同致,11508,-2.1448269754061062,-3.2091747314732606,,,,False,False,True,False
TPEX,3555,博士旺,11508,46.14592435401323,346.69716745241027,,,,True,False,True,False
TPEX,3556,禾瑞亞,11508,36.26790415420999,30.67713214620431,,,,True,False,True,False
TPEX,3558,神準,11508,36.80402071943234,-8.324283907610724,,,,False,False,True,False
TPEX,3564,其陽,11508,47.823181419807185,26.177592726456627,,,,True,False,True,False
TPEX,3567,逸昌,11508,7.440534312385267,4.190428267919043,,,,True,False,True,False
TPEX,3570,大塚,11508,73.407767106412,14.804084395498077,,,,True,False,True,False
TPEX,3577,泓格,11508,34.0507217761397,39.27163936125302,,,,True,False,True,False
TPEX,3580,友威科,11508,26.860035572581747,-6.001458159321602,,,,False,False,True,False
TPEX,3581,博磊,11508,-27.737783877566876,24.383882337869103,,,,False,False,True,False
TPEX,3587,閎康,11508,17.780449485962418,17.655116997143868,,,,True,False,True,False
TPEX,3594,磐儀,11508,50.512183676505934,43.95074303410667,,,,True,False,True,False
TPEX,3597,映興,11508,32.36772319737341,19.687313010874878,,,,True,False,True,False
TPEX,3609,三一東林,11508,-0.09088155104513784,-31.62177073670553,,,,False,False,True,False
TPEX,3611,鼎翰,11508,26.656778992975468,5.284777918220014,,,,True,False,True,False
TPEX,3615,安可,11508,-46.65056061450784,-30.106076066449866,,,,False,False,True,False
TPEX,3623,富晶通,11508,96.26579854461892,-3.9049927482963462,,,,False,False,True,False
TPEX,3624,光頡,11508,65.7609210971893,30.703675195403314,,,,True,False,True,False
TPEX,3625,西勝,11508,39.61685188256759,8.843635952531523,,,,True,False,True,False
TPEX,3628,盈正,11508,8.640946921196601,16.209481809215998,,,,True,False,True,False
TPEX,3629,地心引力,11508,381.0,3076.410835214447,,,,True,False,True,False
TPEX,3630,新鉅科,11508,-10.794148704888503,6.015296593879364,,,,False,False,True,False
TPEX,3631,晟楠,11508,421.939736346516,35.275157605346735,,,,True,False,True,False
TPEX,3632,研勤,11508,1.619158425441148,17.36368057821475,,,,True,False,True,False
TPEX,3646,艾恩特,11508,50.80557194714161,20.043917917412358,,,,True,False,True,False
TPEX,3663,鑫科,11508,2.895188345568224,37.52306356864566,,,,True,False,True,False
TPEX,3664,安瑞-KY,11508,269.24933206929245,-28.55899750094389,,,,False,False,True,False
TPEX,3666,光耀,11508,21.000969461948618,-3.1675662562920737,,,,False,False,True,False
TPEX,3672,康聯訊,11508,0.6318449873631002,-4.468061428889383,,,,False,False,True,False
TPEX,3675,德微,11508,31.505894727615374,20.671206536575898,,,,True,False,True,False
TPEX,3680,家登,11508,49.94063231494691,31.321395984537013,,,,True,False,True,False
TPEX,3684,榮昌,11508,1.5810128947860214,5.368752920733754,,,,True,False,True,False
TPEX,3685,元創精密,11508,-10.80164020910268,27.044383982660403,,,,False,False,True,False
TPEX,3687,歐買尬,11508,17.14396339317142,14.271176211708942,,,,True,False,True,False
TPEX,3689,湧德,11508,62.06674705146218,43.33418890723997,,,,True,False,True,False
TPEX,3691,碩禾,11508,75.83834981581273,119.78541950258305,,,,True,False,True,False
TPEX,3693,營邦,11508,171.01452065990162,25.272232227252942,,,,True,False,True,False
TPEX,3707,漢磊,11508,29.540932278131674,26.433406614500072,,,,True,False,True,False
TPEX,3709,鑫聯大投控,11508,76.05769307049941,44.75713821429095,,,,True,False,True,False
TPEX,3710,連展投控,11508,24.845122961896937,14.450152330751559,,,,True,False,True,False
TPEX,3713,新晶投控,11508,184.79864468993753,97.83756861361584,,,,True,False,True,False
TPEX,3718,中光電投控,11508,,,,,,False,False,False,False
TPEX,4102,永日,11508,7.475355969331873,8.697753749907637,,,,True,False,True,False
TPEX,4105,東洋,11508,14.860508694455728,8.276959310483063,,,,True,False,True,False
TPEX,4107,邦特,11508,17.356398098495962,9.283716476885953,,,,True,False,True,False
TPEX,4109,加捷生醫,11508,13.935210320845938,14.436393042320072,,,,True,False,True,False
TPEX,4111,濟生,11508,6.872258647976486,5.51481919116566,,,,True,False,True,False
TPEX,4113,聯上,11508,2252.2927328556807,154.7256930801135,,,,True,False,True,False
TPEX,4114,健喬,11508,49.881070425781786,25.495925957484953,,,,True,False,True,False
TPEX,4116,明基醫,11508,0.869414014953921,4.767109823900249,,,,True,False,True,False
TPEX,4120,友華,11508,-3.0533835703385597,3.126254400917276,,,,False,False,True,False
TPEX,4121,優盛,11508,4.031174752083066,-0.23119018591773083,,,,False,False,True,False
TPEX,4123,晟德,11508,61.52537476326518,22.202140082554152,,,,True,False,True,False
TPEX,4126,太醫,11508,0.3747913451544833,1.0086922517188976,,,,True,False,True,False
TPEX,4127,天良,11508,40.834747724116646,50.27411517678311,,,,True,False,True,False
TPEX,4128,中天,11508,-1.291872448360242,5.306293381406298,,,,False,False,True,False
TPEX,4129,聯合,11508,7.500701113611321,13.310861190077919,,,,True,False,True,False
TPEX,4131,浩泰,11508,10.718002081165453,16.467113862240744,,,,True,False,True,False
TPEX,4138,曜亞,11508,-1.295241110055925,2.3605880927845986,,,,False,False,True,False
TPEX,4139,馬光-KY,11508,3.076871939193831,0.2415059430365553,,,,True,False,True,False
TPEX,4147,中裕,11508,19.512243324966896,10.90726463107489,,,,True,False,True,False
TPEX,4153,鈺緯,11508,11.81095728847828,9.275588832073913,,,,True,False,True,False
TPEX,4154,樂威科-KY,11508,117.02317290552584,67.14616163076478,,,,True,False,True,False
TPEX,4157,太景*-KY,11508,172.2115013508298,4.858537301383436,,,,True,False,True,False
TPEX,4160,訊聯基因,11508,11.542346291878882,5.622018801809173,,,,True,False,True,False
TPEX,4161,聿新科,11508,-23.62959180608536,16.881958883734516,,,,False,False,True,False
TPEX,4162,智擎,11508,-6.982296499842335,26.37354947810368,,,,False,False,True,False
TPEX,4163,鐿鈦,11508,18.376314275252394,13.438566867928058,,,,True,False,True,False
TPEX,4166,友霖,11508,14.859441730496735,17.921149053980876,,,,True,False,True,False
TPEX,4167,松瑞藥,11508,22.2998079492318,-8.684393167113187,,,,False,False,True,False
TPEX,4168,醣聯,11508,-97.21371708511941,-54.09586917535487,,,,False,False,True,False
TPEX,4171,瑞基,11508,6.1926739498743935,8.586140404161693,,,,True,False,True,False
TPEX,4173,久裕,11508,13.712825608630848,4.036347829686821,,,,True,False,True,False
TPEX,4174,浩鼎,11508,-23.430178069353328,-20.51994565888601,,,,False,False,True,False
TPEX,4175,杏一,11508,3.6955789820211438,1.4682984530280423,,,,True,False,True,False
TPEX,4183,福永生技,11508,-19.08141642625546,-31.424314228030514,,,,False,False,True,False
TPEX,4188,安克,11508,2.8730703259005144,-2.901762704875786,,,,False,False,True,False
TPEX,4192,杏國,11508,-11.958075273939972,-7.642559892025644,,,,False,False,True,False
TPEX,4198,欣大健康,11508,-3.165104062770131,-17.580891226632055,,,,False,False,True,False
TPEX,4205,中華食,11508,1.1867228939101775,2.4216360571113134,,,,True,False,True,False
TPEX,4207,環泰,11508,23.637627140059383,10.758015435349842,,,,True,False,True,False
TPEX,4303,信立,11508,52.26860440089781,11.346973178307104,,,,True,False,True,False
TPEX,4304,勝昱,11508,-16.009657097589496,2.1440815826759256,,,,False,False,True,False
TPEX,4305,世坤,11508,-29.86996814063781,-10.32757051865332,,,,False,False,True,False
TPEX,4401,東隆興,11508,-7.371392435226513,-3.045896775129166,,,,False,False,True,False
TPEX,4402,郡都開發,11508,840.3707518022657,36.499848346982105,,,,True,False,True,False
TPEX,4406,新昕纖,11508,-94.2592787298917,-65.64574146260705,,,,False,False,True,False
TPEX,4413,飛寶企業,11508,-50.146266806152894,-37.675219678402776,,,,False,False,True,False
TPEX,4416,三圓,11508,3633.031771674744,547.9095220722364,,,,True,False,True,False
TPEX,4417,金洲,11508,58.25909480659069,4.527684791459333,,,,True,False,True,False
TPEX,4419,皇家美食,11508,5.042842843741444,2.5807777508806353,,,,True,False,True,False
TPEX,4420,光明,11508,13.510054844606946,-6.333569743374488,,,,False,False,True,False
TPEX,4430,耀億,11508,31.70148679825686,9.921573702967384,,,,True,False,True,False
TPEX,4432,銘旺實,11508,7.830138528409268,-14.968426456298602,,,,False,False,True,False
TPEX,4433,興采,11508,-45.52540687719116,-18.73437004639988,,,,False,False,True,False
TPEX,4442,竣邦-KY,11508,131.32054817155662,32.31463758869362,,,,True,False,True,False
TPEX,4502,健信,11508,78.28824565554592,35.85489775931537,,,,True,False,True,False
TPEX,4503,金雨,11508,-67.20382410190543,-14.139643652561247,,,,False,False,True,False
TPEX,4506,崇友,11508,-11.647511127610072,3.641504356061371,,,,False,False,True,False
TPEX,4510,高鋒,11508,39.02554124497234,29.575511201942067,,,,True,False,True,False
TPEX,4513,福裕,11508,18.770985391415394,133.38179194198253,,,,True,False,True,False
TPEX,4523,永彰,11508,242.54279972526774,91.93464113212823,,,,True,False,True,False
TPEX,4527,方方土霖,11508,27.935306648727437,10.978795045010946,,,,True,False,True,False
TPEX,4528,江興鍛,11508,-1.0756771555492755,-6.090843981908833,,,,False,False,True,False
TPEX,4529,淳紳,11508,327.27272727272725,311.48219707424784,,,,True,False,True,False
TPEX,4530,天意能創,11508,16.087020324308458,9.542274764091204,,,,True,False,True,False
TPEX,4533,協易機,11508,4.93470388118667,-2.6688156546070303,,,,False,False,True,False
TPEX,4534,慶騰,11508,39.43849476362345,33.58724507978496,,,,True,False,True,False
TPEX,4535,至興,11508,-9.435702268167383,-2.9274380501140636,,,,False,False,True,False
TPEX,4538,大詠城,11508,-9.755608974358974,5.337834295232449,,,,False,False,True,False
TPEX,4541,晟田,11508,23.571776912366506,32.748033090782585,,,,True,False,True,False
TPEX,4542,科嶠,11508,194.65100798782808,54.126809332335526,,,,True,False,True,False
TPEX,4543,萬在,11508,27.32165183829525,21.794822144337083,,,,True,False,True,False
TPEX,4549,桓達,11508,5.66321072986094,-6.992018534853814,,,,False,False,True,False
TPEX,4550,長佳,11508,20.109098159858714,-1.3785771482325138,,,,False,False,True,False
TPEX,4554,橙的,11508,-0.7413303013075612,10.742796936418527,,,,False,False,True,False
TPEX,4556,旭然,11508,18.729275661336676,16.84410475281434,,,,True,False,True,False
TPEX,4558,寶緯,11508,16.54573149177662,16.33598709734305,,,,True,False,True,False
TPEX,4561,健椿,11508,52.37483047016275,23.0496196694697,,,,True,False,True,False
TPEX,4563,百德,11508,29.211772665764546,-9.178413203453728,,,,False,False,True,False
TPEX,4568,科際精密,11508,-0.5053297359458623,3.980152712577206,,,,False,False,True,False
TPEX,4577,達航科技,11508,14.003006400223155,49.69988772778306,,,,True,False,True,False
TPEX,4580,捷流閥業,11508,19.69746240706893,4.565009985712091,,,,True,False,True,False
TPEX,4584,君帆,11508,0.7371416064784416,-17.576683378594804,,,,False,False,True,False
TPEX,4609,唐鋒,11508,-75.74917641713053,-24.219344388360316,,,,False,False,True,False
TPEX,4702,中美實,11508,39.21259842519685,-7.226975534990203,,,,False,False,True,False
TPEX,4706,大恭,11508,18.358184839811653,13.676069323920608,,,,True,False,True,False
TPEX,4707,磐亞,11508,-46.2475525916766,-14.706211986016458,,,,False,False,True,False
TPEX,4711,永純,11508,21.906580592827932,19.112915756000042,,,,True,False,True,False
TPEX,4714,永捷,11508,42.9489518561269,62.80718038996026,,,,True,False,True,False
TPEX,4716,大立,11508,23.703799878819353,1.7938875149536886,,,,True,False,True,False
TPEX,4721,美琪瑪,11508,72.34525505193395,14.552911995016906,,,,True,False,True,False
TPEX,4726,永昕,11508,131.44212689667236,36.956723002217316,,,,True,False,True,False
TPEX,4728,雙美,11508,48.818304279979195,24.04559355526546,,,,True,False,True,False
TPEX,4729,熒茂,11508,18.790421688990403,1.072786414920949,,,,True,False,True,False
TPEX,4735,豪展,11508,23.55578715204983,14.7041542905969,,,,True,False,True,False
TPEX,4741,泓瀚,11508,-14.903908667724235,15.609342578065691,,,,False,False,True,False
TPEX,4743,合一,11508,-39.40356630457061,15.350727279632373,,,,False,False,True,False
TPEX,4744,皇將,11508,34.59208220724065,-27.76842048114745,,,,False,False,True,False
TPEX,4745,合富-KY,11508,-13.253141322133532,-4.027979242733656,,,,False,False,True,False
TPEX,4747,強生*,11508,1.0542799797084188,5.079245524911459,,,,True,False,True,False
TPEX,4749,新應材,11508,41.953207096504144,20.987664047822495,,,,True,False,True,False
TPEX,4754,國碳科,11508,10.754352030947775,6.915938802630532,,,,True,False,True,False
TPEX,4760,勤凱科技,11508,91.53718178108421,65.53244031575477,,,,True,False,True,False
TPEX,4767,誠泰科技,11508,-12.799218972058478,-10.957467560563149,,,,False,False,True,False
TPEX,4768,晶呈科技,11508,93.11618386508255,126.35883305765292,,,,True,False,True,False
TPEX,4772,台特化,11508,18.88907650630272,184.6028317449768,,,,True,False,True,False
TPEX,4804,大略-KY,11508,-97.52467491775027,-98.33825128125486,,,,False,False,True,False
TPEX,4806,桂田文創,11508,179.11410148584244,173.7594875619708,,,,True,False,True,False
TPEX,4903,聯光通,11508,-51.77898241655431,10.515620023642832,,,,False,False,True,False
TPEX,4905,台聯電,11508,68.23410881113757,37.705899263289325,,,,True,False,True,False
TPEX,4907,富宇,11508,-71.73565036259836,45.575332266570136,,,,False,False,True,False
TPEX,4908,前鼎,11508,28.9322191272052,28.287868290124088,,,,True,False,True,False
TPEX,4909,新復興,11508,-43.85496451408896,-38.08531926505366,,,,False,False,True,False
TPEX,4911,德英,11508,-55.33238054772297,-58.1616437331738,,,,False,False,True,False
TPEX,4923,力士,11508,28.77895890933359,30.042060142857643,,,,True,False,True,False
TPEX,4924,欣厚-KY,11508,-13.563421611600182,5.105963625009757,,,,False,False,True,False
TPEX,4931,新盛力,11508,125.86678832116789,88.36847369976456,,,,True,False,True,False
TPEX,4933,友輝,11508,-35.63715255122015,-13.532740429914591,,,,False,False,True,False
TPEX,4939,亞電,11508,45.40855152574406,17.291835050128114,,,,True,False,True,False
TPEX,4946,辣椒,11508,-36.48972229996579,-20.043688837540266,,,,False,False,True,False
TPEX,4950,金耘國際,11508,64.87176511546942,29.29786327634824,,,,True,False,True,False
TPEX,4951,精拓科,11508,3.1603424585138993,0.43136993307095367,,,,True,False,True,False
TPEX,4953,緯致,11508,26.644875879895306,30.655893301844994,,,,True,False,True,False
TPEX,4966,譜瑞-KY,11508,0.23320166164682526,-0.6555378015457511,,,,False,False,True,False
TPEX,4971,IET-KY,11508,33.0330594065617,20.4889637935245,,,,True,False,True,False
TPEX,4972,湯石照明,11508,22.617282392655458,9.535386990571826,,,,True,False,True,False
TPEX,4973,廣穎電通,11508,204.02859571367858,135.88675742507232,,,,True,False,True,False
TPEX,4974,亞泰,11508,39.54911695287702,2.794090607050856,,,,True,False,True,False
TPEX,4979,華星光,11508,37.44891612802506,20.318863463428258,,,,True,False,True,False
TPEX,4991,環宇-KY,11508,45.61718147039716,45.565624908737945,,,,True,False,True,False
TPEX,4995,晶達,11508,47.13350149808742,19.345926867008316,,,,True,False,True,False
TPEX,5009,榮剛,11508,38.89802366444208,5.825520622258882,,,,True,False,True,False
TPEX,5011,久陽,11508,-31.376765083440308,-25.0198111475135,,,,False,False,True,False
TPEX,5013,強新,11508,23.34832405596745,13.438705412635763,,,,True,False,True,False
TPEX,5014,建錩,11508,29.42603221159614,17.7738594928563,,,,True,False,True,False
TPEX,5015,華祺,11508,11.341160627866852,-18.76842872358316,,,,False,False,True,False
TPEX,5016,松和,11508,4.235735185441087,6.280422420796101,,,,True,False,True,False
TPEX,5201,凱衛,11508,79.42010561314297,-7.235917423419292,,,,False,False,True,False
TPEX,5202,力新,11508,26.115638339154057,-10.616622508139182,,,,False,False,True,False
TPEX,5205,中茂,11508,2617.5182481751826,94.80352846832398,,,,True,False,True,False
TPEX,5206,坤悅,11508,2630241.1764705884,-15.3744999515524,,,,False,False,True,False
TPEX,5209,新鼎,11508,92.1791254768751,-11.968626260310954,,,,False,False,True,False
TPEX,5210,寶碩,11508,8.065018695471542,5.474935996055812,,,,True,False,True,False
TPEX,5211,蒙恬,11508,29.20749690800114,36.212521818543365,,,,True,False,True,False
TPEX,5212,凌網,11508,24.776735094975326,1.822907721021836,,,,True,False,True,False
TPEX,5213,亞昕,11508,-27.69184271768368,-54.21259763752387,,,,False,False,True,False
TPEX,5220,萬達光電,11508,72.53576386793023,39.746730247927346,,,,True,False,True,False
TPEX,5223,安力-KY,11508,6.534734384121425,1.4862843898640075,,,,True,False,True,False
TPEX,5227,立凱-KY,11508,-85.49029799029799,-80.81183687209345,,,,False,False,True,False
TPEX,5228,鈺鎧,11508,70.24885536023534,55.60044315952866,,,,True,False,True,False
TPEX,5230,雷笛克光學,11508,20.423527300462112,8.437514334811803,,,,True,False,True,False
TPEX,5245,智晶,11508,46.66200563103494,-0.532279218886622,,,,False,False,True,False
TPEX,5251,天鉞電,11508,9.691434213774377,7.432081221178928,,,,True,False,True,False
TPEX,5263,智崴,11508,216.5614441898171,79.29711524381315,,,,True,False,True,False
TPEX,5272,笙科,11508,57.68746208763007,-3.465819297370845,,,,False,False,True,False
TPEX,5274,信驊,11508,118.41515263458373,74.48866403472434,,,,True,False,True,False
TPEX,5276,達輝-KY,11508,7.223068747839226,13.523258702171162,,,,True,False,True,False
TPEX,5278,尚凡*,11508,25.25345354641489,18.937642034812576,,,,True,False,True,False
TPEX,5287,數字,11508,2.3073819284970636,-1.3093477345997429,,,,False,False,True,False
TPEX,5289,宜鼎,11508,576.2927682888633,553.1525733190747,,,,True,False,True,False
TPEX,5291,邑昇,11508,61.4139456123347,45.78003472004,,,,True,False,True,False
TPEX,5299,杰力,11508,-3.237168327894869,-3.289442834500933,,,,False,False,True,False
TPEX,5301,寶得利,11508,-80.33851007037127,-28.93813626808813,,,,False,False,True,False
TPEX,5302,太欣,11508,-35.61715481171548,60.74080396005804,,,,False,False,True,False
TPEX,5309,系統電,11508,27.55214093238423,9.37474686726319,,,,True,False,True,False
TPEX,5310,天剛,11508,-30.20408163265306,-25.88757396449704,,,,False,False,True,False
TPEX,5312,寶島科,11508,4.846028276568076,11.857158417251263,,,,True,False,True,False
TPEX,5314,世紀*,11508,102.52220805278574,151.4041502193621,,,,True,False,True,False
TPEX,5315,光聯,11508,-25.0930280339695,-8.79280477348685,,,,False,False,True,False
TPEX,5321,美而快,11508,34.91961414790997,-15.770870458370458,,,,False,False,True,False
TPEX,5324,士開,11508,-3.3066022190486652,4.015120373183678,,,,False,False,True,False
TPEX,5328,華容,11508,28.28088038671192,25.4612213168233,,,,True,False,True,False
TPEX,5340,建榮,11508,47.7710740243099,27.800100452034155,,,,True,False,True,False
TPEX,5344,立衛,11508,8.81509109166547,12.866849987500853,,,,True,False,True,False
TPEX,5345,馥鴻,11508,-12.45105716523101,316.5534670668141,,,,False,False,True,False
TPEX,5347,世界,11508,40.47646040957919,18.416073905771878,,,,True,False,True,False
TPEX,5348,正能量智能,11508,-11.947338777809067,18.97581091893888,,,,False,False,True,False
TPEX,5351,鈺創,11508,525.3153245373534,488.92138522250326,,,,True,False,True,False
TPEX,5353,台林,11508,5.190971780452429,6.090635291987537,,,,True,False,True,False
TPEX,5355,佳總,11508,103.3460896869787,36.10493943796871,,,,True,False,True,False
TPEX,5356,協益,11508,33.858438451874925,15.972111277435062,,,,True,False,True,False
TPEX,5364,力麗店,11508,-80.599982709432,-58.31510296542243,,,,False,False,True,False
TPEX,5381,光譜,11508,-35.8675770054679,-12.541740735053368,,,,False,False,True,False
TPEX,5386,青雲,11508,1846.2079589216944,625.4991757344794,,,,True,False,True,False
TPEX,5392,能率,11508,15.144461200782406,6.759575995607922,,,,True,False,True,False
TPEX,5398,慕康生醫,11508,15.644184086987924,-26.353717943556504,,,,False,False,True,False
TPEX,5403,中菲,11508,25.30011926421812,2.782852083090128,,,,True,False,True,False
TPEX,5410,國眾,11508,-55.6284080147291,32.54436738104106,,,,False,False,True,False
TPEX,5425,台半,11508,22.43337099822437,7.494004466832429,,,,True,False,True,False
TPEX,5426,振發,11508,45.86523851789448,20.640637617822897,,,,True,False,True,False
TPEX,5432,新門,11508,3.6594182748456703,4.260441991541654,,,,True,False,True,False
TPEX,5438,東友,11508,29.325102257233752,-37.46691611921856,,,,False,False,True,False
TPEX,5439,高技,11508,5.237570634882948,34.29374766595645,,,,True,False,True,False
TPEX,5443,均豪,11508,14.382752946211802,20.93151658088718,,,,True,False,True,False
TPEX,5450,南良,11508,9.905427415541428,11.443825857405551,,,,True,False,True,False
TPEX,5452,佶優,11508,13.906202130491339,-2.026825956400352,,,,False,False,True,False
TPEX,5455,昇益,11508,546.5800865800866,-98.12440164053912,,,,False,False,True,False
TPEX,5457,宣德,11508,-18.958598035266046,-4.873796300405971,,,,False,False,True,False
TPEX,5460,同協,11508,72.53747615153993,19.370014578280273,,,,True,False,True,False
TPEX,5464,霖宏,11508,19.557504181661514,29.81609676527774,,,,True,False,True,False
TPEX,5465,富驊,11508,-4.365741172086089,-31.379022918556878,,,,False,False,True,False
TPEX,5468,凱鈺,11508,232.88894814024798,66.108739450808,,,,True,False,True,False
TPEX,5474,聰泰,11508,-33.51877168997792,-3.508541678179249,,,,False,False,True,False
TPEX,5475,德宏,11508,271.8799275827834,166.78962235136055,,,,True,False,True,False
TPEX,5478,智冠,11508,7.805327765661981,12.069454935830818,,,,True,False,True,False
TPEX,5481,新華,11508,-3.1222896790980053,-7.8130829962837485,,,,False,False,True,False
TPEX,5483,中美晶,11508,11.679851232801411,6.102027041942864,,,,True,False,True,False
TPEX,5487,通泰,11508,28.84124087591241,0.09213539430370689,,,,True,False,True,False
TPEX,5488,松普,11508,4.805640983016097,34.441180952619526,,,,True,False,True,False
TPEX,5489,彩富,11508,17.542593228535186,14.064872350794591,,,,True,False,True,False
TPEX,5490,同亨,11508,-6.767147783880445,19.039951456009078,,,,False,False,True,False
TPEX,5493,三聯,11508,44.534401265170494,21.509499021840504,,,,True,False,True,False
TPEX,5498,凱崴,11508,87.52412149123518,70.79154446159939,,,,True,False,True,False
TPEX,5508,永信建,11508,633.6485802383911,60.19059588257221,,,,True,False,True,False
TPEX,5511,德昌,11508,2.5856677022620485,11.493821742539515,,,,True,False,True,False
TPEX,5512,力麒,11508,-7.982834104125052,3.6792888201642797,,,,False,False,True,False
TPEX,5514,三豐,11508,319.29460580912865,17470.23871302543,,,,True,False,True,False
TPEX,5516,雙喜,11508,42.46539762141426,41.230674062313135,,,,True,False,True,False
TPEX,5520,力泰,11508,3.12297284774349,-2.9536411115401418,,,,False,False,True,False
TPEX,5523,豐謙,11508,1.3513513513513513,-19.936204146730464,,,,False,False,True,False
TPEX,5529,鉅陞,11508,3702.282608695652,1148.9078262626942,,,,True,False,True,False
TPEX,5530,龍巖,11508,12.127510852770216,-8.195063154321831,,,,False,False,True,False
TPEX,5536,聖暉*,11508,44.54132881735161,26.890969889756533,,,,True,False,True,False
TPEX,5543,桓鼎-KY,11508,7.2073517063091455,4.524545266437364,,,,True,False,True,False
TPEX,5547,久舜,11508,89.50367793179775,20.860723558940627,,,,True,False,True,False
TPEX,5548,安倉,11508,13.329927240942052,13.23303153261221,,,,True,False,True,False
TPEX,5601,台聯櫃,11508,3.0607124937280483,1.7209777619178928,,,,True,False,True,False
TPEX,5603,陸海,11508,10.680822727230096,2.737493730308827,,,,True,False,True,False
TPEX,5604,中連,11508,4.063391918281508,3.49941250047379,,,,True,False,True,False
TPEX,5609,中菲行,11508,39.0514302604756,20.941532773027475,,,,True,False,True,False
TPEX,5701,劍湖山,11508,-6.893928917162218,-7.514179855456957,,,,False,False,True,False
TPEX,5703,亞都麗緻,11508,28.094970775682725,16.123072213638086,,,,True,False,True,False
TPEX,5704,老爺知,11508,-98.08605114071352,-46.04989985514295,,,,False,False,True,False
TPEX,5864,致和證,11508,112.91695834947213,1225.1636558364207,,,,True,False,True,False
TPEX,5878,台名,11508,-6.602602905569007,0.36454352698018905,,,,False,False,True,False
TPEX,5902,德記,11508,20.915794625329248,-3.628605497185907,,,,False,False,True,False
TPEX,5903,全家,11508,3.336162920041837,7.0266423115236725,,,,True,False,True,False
TPEX,5904,寶雅*,11508,10.320065553492464,13.909654302564213,,,,True,False,True,False
TPEX,5905,南仁湖,11508,18.030107259056308,224.17140668251892,,,,True,False,True,False
TPEX,6015,宏遠證,11508,140.4952387188123,250.4778565902766,,,,True,False,True,False
TPEX,6016,康和證,11508,215.39039794418443,230.99167210518803,,,,True,False,True,False
TPEX,6020,大展證,11508,-33.684531816999964,474.2702350453288,,,,False,False,True,False
TPEX,6021,美好證,11508,-35.717378097745254,237.67968225379093,,,,False,False,True,False
TPEX,6023,元大期貨,11508,22.65645864862459,42.4309914834969,,,,True,False,True,False
TPEX,6026,福邦證,11508,231.77946698415604,170.39888033589924,,,,True,False,True,False
TPEX,6028,公勝保經,11508,46.18760930983452,32.4004303627067,,,,True,False,True,False
TPEX,6101,寬魚國際,11508,-79.24034997426659,44.39690022602519,,,,False,False,True,False
TPEX,6103,合邦,11508,-52.21646516983304,-16.7433066829026,,,,False,False,True,False
TPEX,6104,創惟,11508,3.370009532580421,0.7679304287663039,,,,True,False,True,False
TPEX,6109,亞元,11508,15.628821765425274,19.97781363453005,,,,True,False,True,False
TPEX,6111,光聚晶電,11508,6.319217772369622,115.50013247910326,,,,True,False,True,False
TPEX,6113,亞矽,11508,130.4034643008027,72.2960954962667,,,,True,False,True,False
TPEX,6114,久威,11508,-25.142320391665717,-13.714650422833973,,,,False,False,True,False
TPEX,6118,建達,11508,29.63824843568012,7.281991023980709,,,,True,False,True,False
TPEX,6121,新普,11508,4.645911580761419,4.848010185132473,,,,True,False,True,False
TPEX,6122,擎邦,11508,13.592119902372534,-0.1948054180352384,,,,False,False,True,False
TPEX,6123,上奇,11508,-3.191545913644404,-7.022047981172577,,,,False,False,True,False
TPEX,6124,業強,11508,5.645289654597409,-1.4522624712417498,,,,False,False,True,False
TPEX,6125,廣運,11508,-1.4926067008946342,26.93920267936346,,,,False,False,True,False
TPEX,6126,信音,11508,57.25232421904718,54.322022437339406,,,,True,False,True,False
TPEX,6127,九豪,11508,29.684085998140972,5.470003444327017,,,,True,False,True,False
TPEX,6129,普誠,11508,43.60034223363001,41.40025275320455,,,,True,False,True,False
TPEX,6130,上亞科技,11508,1.3824884792626728,20.84475129026948,,,,True,False,True,False
TPEX,6134,萬旭,11508,21.72627200324659,40.82711762419927,,,,True,False,True,False
TPEX,6138,茂達,11508,2.4966375122674953,10.670702695977266,,,,True,False,True,False
TPEX,6140,訊達電腦,11508,10.370974913057513,-14.39525898969222,,,,False,False,True,False
TPEX,6143,振曜,11508,-12.966414057982986,11.476204656067093,,,,False,False,True,False
TPEX,6144,得利影,11508,-2.877017626798136,-8.663647664713196,,,,False,False,True,False
TPEX,6146,耕興,11508,10.46331573794219,9.506875097502755,,,,True,False,True,False
TPEX,6147,頎邦,11508,43.611890927650016,23.864324168109885,,,,True,False,True,False
TPEX,6148,驊宏資,11508,95.40025077542401,-34.765720711052694,,,,False,False,True,False
TPEX,6150,撼訊,11508,-21.272232633067034,-26.478079122725337,,,,False,False,True,False
TPEX,6151,晉倫,11508,18.586018598204152,11.827819633657295,,,,True,False,True,False
TPEX,6154,順發,11508,6.829773561064759,5.580445997840346,,,,True,False,True,False
TPEX,6156,松上,11508,55.156406419875346,24.92790459822721,,,,True,False,True,False
TPEX,6158,禾昌,11508,13.680492521409684,1.273953074098823,,,,True,False,True,False
TPEX,6160,欣技,11508,-39.833925369213375,-20.370422021107725,,,,False,False,True,False
TPEX,6161,捷波,11508,-18.36895952287703,20.32722883494753,,,,False,False,True,False
TPEX,6163,華電網,11508,-26.496393748092462,27.09003201130271,,,,False,False,True,False
TPEX,6167,久正,11508,-12.581289582182174,0.6884484459008049,,,,False,False,True,False
TPEX,6169,昱泉,11508,148.26175869120655,-93.39853300733496,,,,False,False,True,False
TPEX,6170,統振,11508,4.702098836590317,-0.6506076569877078,,,,False,False,True,False
TPEX,6171,大城地產,11508,-99.90006056935191,-87.09350330216122,,,,False,False,True,False
TPEX,6173,信昌電,11508,54.26510929473646,26.13937451549827,,,,True,False,True,False
TPEX,6174,安碁,11508,32.84435357405165,26.128960791000676,,,,True,False,True,False
TPEX,6175,立敦,11508,68.93824644185868,24.453781332983734,,,,True,False,True,False
TPEX,6179,亞通,11508,223.27509730425263,131.39675731028802,,,,True,False,True,False
TPEX,6180,橘子,11508,28.999878485419664,-3.7320933656205697,,,,False,False,True,False
TPEX,6182,合晶,11508,19.9699020023529,11.74607416207875,,,,True,False,True,False
TPEX,6185,幃翔,11508,43.443711751031834,34.91014693919345,,,,True,False,True,False
TPEX,6186,新潤,11508,-100.0,-57.39333563558698,,,,False,False,True,False
TPEX,6187,萬潤,11508,103.06092173798378,51.11324845299687,,,,True,False,True,False
TPEX,6188,廣明,11508,-20.580408313761954,-10.979119710752942,,,,False,False,True,False
TPEX,6190,萬泰科,11508,71.82219158754506,29.675733762148994,,,,True,False,True,False
TPEX,6194,育富,11508,-26.719336088082677,-34.7283255029002,,,,False,False,True,False
TPEX,6195,詩肯,11508,3.61284082635108,14.364576347585176,,,,True,False,True,False
TPEX,6198,瑞築,11508,0.0,10.204081632653061,,,,False,False,True,False
TPEX,6199,天品,11508,171.69669177857844,527.7881911902531,,,,True,False,True,False
TPEX,6203,海韻電,11508,-32.18808364781756,-30.32224638729774,,,,False,False,True,False
TPEX,6204,艾華,11508,17.026441834525293,7.780077561664513,,,,True,False,True,False
TPEX,6207,雷科,11508,35.8085613537419,8.313452428514355,,,,True,False,True,False
TPEX,6208,日揚,11508,7.774515595638506,1.6947549479826676,,,,True,False,True,False
TPEX,6210,慶生,11508,14.587709194389864,51.90032681444666,,,,True,False,True,False
TPEX,6212,理銘,11508,331.5416800772449,-43.06817091684851,,,,False,False,True,False
TPEX,6217,中探針,11508,22.996264134221175,34.124454053457846,,,,True,False,True,False
TPEX,6218,豪勉,11508,52.85091996619205,17.20610306836002,,,,True,False,True,False
TPEX,6219,富旺,11508,115059.92366412214,31310.13004791239,,,,True,False,True,False
TPEX,6220,岳豐,11508,68.01226096987067,25.581915624751705,,,,True,False,True,False
TPEX,6221,晉泰,11508,21.475620022016447,-27.959534523116975,,,,False,False,True,False
TPEX,6222,立軒,11508,-43.96551724137931,-32.94068153134203,,,,False,False,True,False
TPEX,6223,旺矽,11508,69.87471956008775,54.78774916750976,,,,True,False,True,False
TPEX,6227,茂綸,11508,168.85623019694452,51.405757198601734,,,,True,False,True,False
TPEX,6228,全譜,11508,-39.12367124708322,-13.728558353753948,,,,False,False,True,False
TPEX,6229,研通,11508,16.850357137979543,42.72227504062676,,,,True,False,True,False
TPEX,6231,系微,11508,6.389511685350561,8.877800504209675,,,,True,False,True,False
TPEX,6233,旺玖,11508,27.5770475055338,6.01760913271555,,,,True,False,True,False
TPEX,6234,高僑,11508,68.3996984746364,33.77040476051723,,,,True,False,True,False
TPEX,6236,中湛,11508,7.689194658033185,-16.230469518674486,,,,False,False,True,False
TPEX,6237,驊訊,11508,-31.67923235092529,36.12905337581286,,,,False,False,True,False
TPEX,6240,松崗,11508,-22.437810945273633,3.815811189965341,,,,False,False,True,False
TPEX,6241,鑫永洋,11508,30.116298527443107,0.8407478828841143,,,,True,False,True,False
TPEX,6242,立康,11508,-0.5026341253628642,-4.242453049411665,,,,False,False,True,False
TPEX,6244,茂迪,11508,-0.4085137079479831,14.099936747604609,,,,False,False,True,False
TPEX,6245,立端,11508,38.36241379310345,20.669015536901785,,,,True,False,True,False
TPEX,6246,臺龍,11508,-9.996709760775534,-18.010255641035258,,,,False,False,True,False
TPEX,6248,沛波,11508,-0.248953419685127,-16.95340528652053,,,,False,False,True,False
TPEX,6259,百徽,11508,93.68859091434516,58.558352975010784,,,,True,False,True,False
TPEX,6261,久元,11508,-0.6177265933458319,5.586898384836815,,,,False,False,True,False
TPEX,6263,普萊德,11508,-8.433008342546989,5.551545565407282,,,,False,False,True,False
TPEX,6264,富裔,11508,36.89538807649044,36.88907878183674,,,,True,False,True,False
TPEX,6265,方土昶,11508,465.9463049253146,680.3753443601282,,,,True,False,True,False
TPEX,6266,泰詠,11508,10.522376640742984,-2.1623725966244702,,,,False,False,True,False
TPEX,6270,倍微,11508,49.478564254877604,18.046537065579475,,,,True,False,True,False
TPEX,6274,台燿,11508,132.48393122185607,97.0098143748561,,,,True,False,True,False
TPEX,6275,元山,11508,2.3562915957282153,1.0675015579895937,,,,True,False,True,False
TPEX,6276,安鈦克,11508,-53.79029761641534,-48.78008756060056,,,,False,False,True,False
TPEX,6279,胡連,11508,29.816930407984422,14.564111987468337,,,,True,False,True,False
TPEX,6284,佳邦,11508,-0.7676485544921178,-5.931234197967668,,,,False,False,True,False
TPEX,6290,良維,11508,18.185830032649193,9.337905204453328,,,,True,False,True,False
TPEX,6291,沛亨,11508,33.424356653112106,40.498975784183955,,,,True,False,True,False
TPEX,6292,迅德,11508,30.690403615100873,30.586697006770983,,,,True,False,True,False
TPEX,6294,智基,11508,-8.70266860320115,-12.24441431452192,,,,False,False,True,False
TPEX,6411,晶焱,11508,3.4017101792049487,12.409935822587173,,,,True,False,True,False
TPEX,6417,韋僑,11508,34.27285721017167,22.617995173855913,,,,True,False,True,False
TPEX,6418,詠昇,11508,49.7865990629613,22.64879933486575,,,,True,False,True,False
TPEX,6419,京晨科,11508,365.69566778032413,214.59560842862138,,,,True,False,True,False
TPEX,6423,億而得,11508,1.2882603641999224,20.110668812286498,,,,True,False,True,False
TPEX,6425,易發,11508,93.96055625174893,56.13194851355093,,,,True,False,True,False
TPEX,6432,今展科,11508,-11.79402708696682,8.212943909724528,,,,False,False,True,False
TPEX,6435,大中,11508,25.82854012599288,14.349494387465324,,,,True,False,True,False
TPEX,6441,廣錠,11508,135.5224867724868,-46.96087581292683,,,,False,False,True,False
TPEX,6461,益得,11508,1102.9787234042553,-56.19966460321732,,,,False,False,True,False
TPEX,6462,神盾,11508,11.097963102095333,61.61223018035232,,,,True,False,True,False
TPEX,6465,威潤,11508,128.67103900586815,90.76375974682718,,,,True,False,True,False
TPEX,6469,大樹,11508,7.229909796192683,2.538460189099584,,,,True,False,True,False
TPEX,6470,宇智,11508,-31.28707432104682,-44.87238047539139,,,,False,False,True,False
TPEX,6474,華豫寧,11508,25.127091590271167,19.43820516005264,,,,True,False,True,False
TPEX,6482,弘煜科,11508,-21.149848072924996,-29.65440043199946,,,,False,False,True,False
TPEX,6485,點序,11508,21.16392306866639,-6.752063757080053,,,,False,False,True,False
TPEX,6486,互動,11508,825.8113558796152,130.93748048323718,,,,True,False,True,False
TPEX,6488,環球晶,11508,7.605508151106012,-3.112790270542152,,,,False,False,True,False
TPEX,6492,生華科,11508,-3.6144578313253013,-3.903903903903904,,,,False,False,True,False
TPEX,6494,九齊,11508,36.3323293384165,46.71829088562935,,,,True,False,True,False
TPEX,6496,科懋,11508,-3.9585310651967585,10.30062424707042,,,,False,False,True,False
TPEX,6498,久禾光,11508,-19.25937168007285,17.141814061811544,,,,False,False,True,False
TPEX,6499,益安,11508,29.515223677496174,12.968758784834797,,,,True,False,True,False
TPEX,6506,雙邦,11508,13.09907652708466,12.197214730787172,,,,True,False,True,False
TPEX,6508,惠光,11508,13.55627888658504,-5.361781976976092,,,,False,False,True,False
TPEX,6509,聚和,11508,20.01623087869086,7.325550010760628,,,,True,False,True,False
TPEX,6510,精測,11508,54.27157903895514,33.14430578664898,,,,True,False,True,False
TPEX,6512,啟發電,11508,-69.10820978092498,-54.53289026508572,,,,False,False,True,False
TPEX,6516,勤崴國際,11508,15.206729060537851,24.473135176802174,,,,True,False,True,False
TPEX,6517,保勝光學,11508,70.0911170000363,0.1721277736893967,,,,True,False,True,False
TPEX,6523,達爾膚,11508,-14.047247233943583,-14.893101173597984,,,,False,False,True,False
TPEX,6527,明達醫,11508,-2.8495481127060076,-10.24465210817242,,,,False,False,True,False
TPEX,6530,創威,11508,10.679678372620439,16.326993592355272,,,,True,False,True,False
TPEX,6532,瑞耘,11508,74.22837401700077,14.983764464881121,,,,True,False,True,False
TPEX,6535,順藥,11508,5135.838150289017,1.269446845289542,,,,True,False,True,False
TPEX,6538,倉和,11508,55.6734663614373,0.06518662362652959,,,,True,False,True,False
TPEX,6542,隆中,11508,8.902046328035732,18.333672332451936,,,,True,False,True,False
TPEX,6546,正基,11508,15.553537858020057,-3.9129253017079226,,,,False,False,True,False
TPEX,6547,高端疫苗,11508,416.8601727342298,39.44562781972544,,,,True,False,True,False
TPEX,6548,長科*,11508,43.657297439383484,28.263778227337742,,,,True,False,True,False
TPEX,6556,勝品,11508,-10.488097196437383,2.14481732378395,,,,False,False,True,False
TPEX,6560,欣普羅,11508,461.324570273003,64.14995833375167,,,,True,False,True,False
TPEX,6561,是方,11508,16.375621415841618,1.881874882155482,,,,True,False,True,False
TPEX,6568,宏觀,11508,24.35377542611788,20.316269243452336,,,,True,False,True,False
TPEX,6569,醫揚,11508,43.1978153413,14.174348495400066,,,,True,False,True,False
TPEX,6570,維田,11508,22.600297527686603,27.520728587440377,,,,True,False,True,False
TPEX,6574,霈方,11508,82.79946784014737,39.79211362908695,,,,True,False,True,False
TPEX,6576,逸達,11508,-81.14841986455981,-14.42235458252844,,,,False,False,True,False
TPEX,6577,勁豐,11508,2.7889621136890255,3.431866581366612,,,,True,False,True,False
TPEX,6578,達邦蛋白,11508,97.3592571096924,29.5049711051416,,,,True,False,True,False
TPEX,6584,南俊國際,11508,37.664156804152086,50.04949580275593,,,,True,False,True,False
TPEX,6588,東典光電,11508,189.01808785529715,135.2352266207688,,,,True,False,True,False
TPEX,6590,普鴻,11508,20.88063295493636,12.460020988269788,,,,True,False,True,False
TPEX,6593,台灣銘板,11508,107.70474650432797,11.187269900432035,,,,True,False,True,False
TPEX,6596,寬宏藝術,11508,-73.50798899080888,-32.97480648129587,,,,False,False,True,False
TPEX,6597,立誠,11508,-6.519413599312953,-13.692757949045072,,,,False,False,True,False
TPEX,6603,富強鑫,11508,-11.69701814659154,1.4447461197100524,,,,False,False,True,False
TPEX,6609,瀧澤科,11508,92.46337718051008,7.802791285394987,,,,True,False,True,False
TPEX,6612,奈米醫材,11508,45.710613031901325,19.82242199414038,,,,True,False,True,False
TPEX,6613,朋億*,11508,186.81734976223558,63.620117125070124,,,,True,False,True,False
TPEX,6615,慧智,11508,-2.4380842247277634,-2.2537941432120796,,,,False,False,True,False
TPEX,6616,特昇-KY,11508,-2.135102833524227,-20.880671815215607,,,,False,False,True,False
TPEX,6617,共信-KY,11508,7.842227378190255,32.095874664736684,,,,True,False,True,False
TPEX,6620,漢達,11508,-79.91967266913751,-58.24666285413487,,,,False,False,True,False
TPEX,6624,萬年清,11508,-45.72212291191518,-31.137619142112776,,,,False,False,True,False
TPEX,6629,泰金-KY,11508,44.238290393909494,85.53444610538403,,,,True,False,True,False
TPEX,6637,醫影,11508,0.898865938569732,-29.20655483763891,,,,False,False,True,False
TPEX,6640,均華,11508,18.686393265012523,60.506916524507155,,,,True,False,True,False
TPEX,6642,富致,11508,51.855473297015415,25.70186147958134,,,,True,False,True,False
TPEX,6643,M31,11508,73.0784708249497,4.064528008694754,,,,True,False,True,False
TPEX,6649,台生材,11508,-32.84131123114174,-35.909029510667494,,,,False,False,True,False
TPEX,6651,全宇昕,11508,62.335928809788655,19.46174409573648,,,,True,False,True,False
TPEX,6654,天正國際,11508,848.7643215604583,154.779527404262,,,,True,False,True,False
TPEX,6661,威健生技,11508,-31.246403989174677,3.2318197556910144,,,,False,False,True,False
TPEX,6662,樂斯科,11508,32.83032023507147,2.0759981206387508,,,,True,False,True,False
TPEX,6664,群翊,11508,32.275160239470324,18.73638625582216,,,,True,False,True,False
TPEX,6667,信紘科,11508,69.05867516933641,10.530222793110656,,,,True,False,True,False
TPEX,6679,鈺太,11508,0.31603439051399135,6.473597358498771,,,,True,False,True,False
TPEX,6680,鑫創電子,11508,47.61081911344709,23.284777538177178,,,,True,False,True,False
TPEX,6683,雍智科技,11508,25.735179207509955,29.817647359169055,,,,True,False,True,False
TPEX,6684,安格,11508,3.270174869152432,-0.06558841841608723,,,,False,False,True,False
TPEX,6690,安碁資訊,11508,8.207478438939866,13.510660336585078,,,,True,False,True,False
TPEX,6692,進能服,11508,-4.405563450830557,-51.29008676635392,,,,False,False,True,False
TPEX,6693,廣閎科,11508,114.19594133697134,91.03457478012612,,,,True,False,True,False
TPEX,6697,東捷資訊,11508,15.816926241551572,1.259566086002642,,,,True,False,True,False
TPEX,6703,軒郁,11508,1.8304153071530753,13.88949453978317,,,,True,False,True,False
TPEX,6708,天擎,11508,37.738212400465244,-0.9266612375378732,,,,False,False,True,False
TPEX,6712,長聖,11508,21.10407899532788,17.067623130084858,,,,True,False,True,False
TPEX,6716,應廣,11508,111.75153616840056,66.26539158342996,,,,True,False,True,False
TPEX,6720,久昌,11508,25.4902717726992,-17.806416582826298,,,,False,False,True,False
TPEX,6721,信實,11508,-11.700077796999071,0.04702264236967199,,,,False,False,True,False
TPEX,6725,矽科宏晟,11508,-12.38849803558143,3.5164977430616284,,,,False,False,True,False
TPEX,6727,亞泰金屬,11508,16.54946321781108,61.35866478382984,,,,True,False,True,False
TPEX,6728,上洋,11508,37.295861620465196,9.355082728411945,,,,True,False,True,False
TPEX,6730,常廣,11508,3.633810860977583,2.500247733240846,,,,True,False,True,False
TPEX,6732,昇佳電子,11508,-9.166440676955904,-14.185979295698212,,,,False,False,True,False
TPEX,6733,博晟生醫,11508,9.322370286362348,7.76370892942466,,,,True,False,True,False
TPEX,6735,美達科技,11508,-16.82813366907089,30.705569650839678,,,,False,False,True,False
TPEX,6739,竹陞科技,11508,96.72751410554265,97.06337201665967,,,,True,False,True,False
TPEX,6741,91APP*-KY,11508,30.42489440814411,32.137410917149566,,,,True,False,True,False
TPEX,6751,智聯服務,11508,25.65650467853909,-13.963946624156803,,,,False,False,True,False
TPEX,6752,叡揚,11508,11.398891173306684,5.66311469338028,,,,True,False,True,False
TPEX,6761,穩得,11508,20.718424706196757,-1.9651795398673806,,,,False,False,True,False
TPEX,6762,達亞,11508,35.474214631388136,5.172876909142018,,,,True,False,True,False
TPEX,6763,綠界科技*,11508,14.910488564877419,13.083138859381975,,,,True,False,True,False
TPEX,6767,台微醫,11508,-2.184006878761823,-1.4379114135892,,,,False,False,True,False
TPEX,6785,昱展新藥,11508,,19.71268954509178,,,,False,False,False,False
TPEX,6788,華景電,11508,20.381338423092817,18.487334985269865,,,,True,False,True,False
TPEX,6791,虎門科技,11508,2.593879675655068,8.643752336513991,,,,True,False,True,False
TPEX,6803,崑鼎,11508,-7.064587924557192,-0.22583306357748803,,,,False,False,True,False
TPEX,6804,明係,11508,-2.743720216460706,5.218009960361825,,,,False,False,True,False
TPEX,6811,宏碁資訊,11508,77.11195291418402,25.852463373182637,,,,True,False,True,False
TPEX,6821,聯寶,11508,-31.633238997580083,-10.209048484165887,,,,False,False,True,False
TPEX,6823,濾能,11508,-30.751278232431023,1.597784080204891,,,,False,False,True,False
TPEX,6829,千附精密,11508,56.51918491470172,42.253488229253804,,,,True,False,True,False
TPEX,6840,東研信超,11508,10.8023760506681,12.572661982640753,,,,True,False,True,False
TPEX,6841,長佳智能,11508,86.01685053297956,13.138320698040337,,,,True,False,True,False
TPEX,6843,進典,11508,-17.459509995325433,-4.767790175649348,,,,False,False,True,False
TPEX,6844,諾貝兒,11508,0.20495823862693072,-1.0715546446089703,,,,False,False,True,False
TPEX,6846,綠茵,11508,-11.285724219456228,-11.579378903964182,,,,False,False,True,False
TPEX,6855,數泓科,11508,64.65607909129155,2.8021998234255445,,,,True,False,True,False
TPEX,6856,鑫傳,11508,1.1062168385223745,-0.03977174476915096,,,,False,False,True,False
TPEX,6859,伯特光,11508,-10.459770114942529,-37.76595821268594,,,,False,False,True,False
TPEX,6865,偉康科技,11508,-56.55998202304902,-50.007886705757294,,,,False,False,True,False
TPEX,6870,騰雲,11508,34.13756613756614,45.11216629457181,,,,True,False,True,False
TPEX,6872,浩宇生醫,11508,-65.33767290480066,196.97280656747049,,,,False,False,True,False
TPEX,6874,倍力,11508,182.4825036313218,55.013554145556135,,,,True,False,True,False
TPEX,6875,國邑*,11508,,-89.61520866161744,,,,False,False,False,False
TPEX,6877,鏵友益,11508,140.17507185785212,-30.69083369778253,,,,False,False,True,False
TPEX,6881,潤德,11508,-15.613825424721734,-5.15141510812345,,,,False,False,True,False
TPEX,6884,海柏特,11508,101.21437665262951,38.70098326426692,,,,True,False,True,False
TPEX,6894,衛司特,11508,67.83490557991163,66.77036390625503,,,,True,False,True,False
TPEX,6895,宏碩系統,11508,-39.511090198824775,-32.89364471424152,,,,False,False,True,False
TPEX,6899,創為精密,11508,-14.9193035963909,-3.3486899386345867,,,,False,False,True,False
TPEX,6903,巨漢,11508,122.70103872385356,231.10428709818348,,,,True,False,True,False
TPEX,6904,伯鑫,11508,-4.292292988096272,4.315952150395649,,,,False,False,True,False
TPEX,6907,雅特力-KY,11508,198.71710177550506,115.31869105982413,,,,True,False,True,False
TPEX,6910,德鴻,11508,-12.434632754932256,2.099065122256474,,,,False,False,True,False
TPEX,6913,鴻呈,11508,25.038077057290064,35.39403871591296,,,,True,False,True,False
TPEX,6922,宸曜,11508,58.97520147679955,45.93950596218192,,,,True,False,True,False
TPEX,6925,意藍,11508,-4.408983451536643,2.9343933251997325,,,,False,False,True,False
TPEX,6929,佑全,11508,2.0264411854069557,-0.2887826176294071,,,,False,False,True,False
TPEX,6945,圓祥生技,11508,,,,,,False,False,False,False
TPEX,6953,家碩,11508,36.656643655255856,15.897911956505952,,,,True,False,True,False
TPEX,6961,旅天下,11508,8.055221959534055,4.570140720450165,,,,True,False,True,False
TPEX,6967,汎瑋材料,11508,1.124241553057241,22.983615239629625,,,,True,False,True,False
TPEX,6968,萬達寵物,11508,10.452856060332696,15.63052329363764,,,,True,False,True,False
TPEX,6971,惠民實業,11508,8.764612888463619,-8.855591467011132,,,,False,False,True,False
TPEX,6982,大井泵浦,11508,-10.676209279368214,17.468014656369437,,,,False,False,True,False
TPEX,6983,華洋精機,11508,7.134669491819793,9.382916836080442,,,,True,False,True,False
TPEX,6986,和迅,11508,4.83578875238608,9.026644623840605,,,,True,False,True,False
TPEX,6996,力領科技,11508,6.905944919108061,25.35682103142296,,,,True,False,True,False
TPEX,6997,博弘,11508,25.48170628363205,30.39510197483633,,,,True,False,True,False
TPEX,7402,邑錡,11508,15.53065319834953,-9.202607335979181,,,,False,False,True,False
TPEX,7547,碩網,11508,-2.2511503290814843,27.517568323917317,,,,False,False,True,False
TPEX,7556,意德士科技,11508,44.717453836874824,15.38069205144961,,,,True,False,True,False
TPEX,7584,樂意,11508,29.473992459460447,-1.0359642084522491,,,,False,False,True,False
TPEX,7642,昶瑞機電,11508,-6.722175881792183,-26.393881515581892,,,,False,False,True,False
TPEX,7703,銳澤,11508,83.25669260023365,27.913056818480882,,,,True,False,True,False
TPEX,7704,明遠精密,11508,13.813873926335711,9.524878879577729,,,,True,False,True,False
TPEX,7708,全家餐飲,11508,11.371680887405986,11.980238414257592,,,,True,False,True,False
TPEX,7709,榮田,11508,18.88676181937141,6.325971977359191,,,,True,False,True,False
TPEX,7712,博盛半導體,11508,55.49841915906531,22.430681402262117,,,,True,False,True,False
TPEX,7713,威力德生醫,11508,14.80723808394359,19.58351999104043,,,,True,False,True,False
TPEX,7714,創泓科技,11508,15.11031819516271,26.40475808252834,,,,True,False,True,False
TPEX,7715,裕山,11508,-57.92275200932166,-42.70466291286709,,,,False,False,True,False
TPEX,7716,昱臺國際,11508,34.02541004199117,4.154331659076913,,,,True,False,True,False
TPEX,7717,萊德光電-KY,11508,86.19344063164287,32.6760085611598,,,,True,False,True,False
TPEX,7718,友鋮,11508,6.933856530226103,5.338482182310886,,,,True,False,True,False
TPEX,7723,築間,11508,-20.112099564182056,-19.021251855590084,,,,False,False,True,False
TPEX,7728,光焱科技,11508,137.32722413134783,36.796859925458776,,,,True,False,True,False
TPEX,7734,印能科技,11508,-1.269376626787052,52.606316239752,,,,False,False,True,False
TPEX,7738,東聯互動,11508,15.280582804385459,14.138873378575724,,,,True,False,True,False
TPEX,7743,金利食安,11508,-16.559250665979203,5.696960672028942,,,,False,False,True,False
TPEX,7744,崴寶,11508,86.43140082206311,89.98187897928923,,,,True,False,True,False
TPEX,7747,昕奇雲端,11508,18.632344143125252,11.636273923331034,,,,True,False,True,False
TPEX,7751,竑騰,11508,41.3224444016053,61.38165405221757,,,,True,False,True,False
TPEX,7753,星亞,11508,-24.336364920515912,-8.66316007013193,,,,False,False,True,False
TPEX,7757,金色三麥,11508,-4.078392633491506,2.6140772582235274,,,,False,False,True,False
TPEX,7767,仁大資訊,11508,48.29839876756454,49.02980160092011,,,,True,False,True,False
TPEX,7770,君曜,11508,-45.18457324231488,-49.23309749242575,,,,False,False,True,False
TPEX,7772,耀穎,11508,54.2007874015748,-6.123072002791144,,,,False,False,True,False
TPEX,7777,能率亞洲,11508,-187.36861671567135,-29.436377593495582,,,,False,False,True,False
TPEX,7782,光速火箭,11508,6.44511421319797,4.384920332559045,,,,True,False,True,False
TPEX,7792,安葆,11508,67.71662688234218,21.549955329683787,,,,True,False,True,False
TPEX,7794,宏碁智新,11508,102.78167311411993,43.16004323008611,,,,True,False,True,False
TPEX,7805,威聯通,11508,19.253780237590302,12.581560513446533,,,,True,False,True,False
TPEX,7810,捷創科技,11508,119.80657090029868,79.17361302275518,,,,True,False,True,False
TPEX,7811,民盛,11508,-2.4592064902047444,-4.7225946083195165,,,,False,False,True,False
TPEX,7814,海昌生技,11508,12.689155107187894,45.92470528584104,,,,True,False,True,False
TPEX,7819,精誠金融,11508,-27.197686328854612,-34.47334026396427,,,,False,False,True,False
TPEX,7820,立盈,11508,20.984862301659675,44.2073848303013,,,,True,False,True,False
TPEX,7825,和亞智慧,11508,-41.893346934149385,-30.258715922346596,,,,False,False,True,False
TPEX,7828,創新服務,11508,192.1368379931916,226.2043822470358,,,,True,False,True,False
TPEX,7839,達人網,11508,7.849666983824928,4.6806010385974615,,,,True,False,True,False
TPEX,7842,天能綠電,11508,71.54205707669547,59.7858813116651,,,,True,False,True,False
TPEX,8024,佑華,11508,64.88353555929501,26.489334733639954,,,,True,False,True,False
TPEX,8027,鈦昇,11508,37.29177330567454,47.354042548552556,,,,True,False,True,False
TPEX,8032,光菱,11508,43.628246753246756,46.75360881556966,,,,True,False,True,False
TPEX,8034,榮群,11508,-0.9987649042800817,-35.84914091650468,,,,False,False,True,False
TPEX,8038,長園科,11508,-40.86070930950773,27.41169790556915,,,,False,False,True,False
TPEX,8040,九暘,11508,54.12023955501057,34.811580522568505,,,,True,False,True,False
TPEX,8042,金山電,11508,38.75206530687438,36.35482082339105,,,,True,False,True,False
TPEX,8043,蜜望實,11508,54.47881138042136,60.75033911888289,,,,True,False,True,False
TPEX,8044,網家,11508,11.309225441945713,8.70763977635296,,,,True,False,True,False
TPEX,8047,星雲,11508,231.85349180455216,50.695732191904966,,,,True,False,True,False
TPEX,8048,德勝,11508,17.140704033979972,35.66598499702842,,,,True,False,True,False
TPEX,8049,晶采,11508,18.283126303722774,2.491530307325529,,,,True,False,True,False
TPEX,8050,廣積,11508,94.47744867048132,17.621075487543397,,,,True,False,True,False
TPEX,8054,安國,11508,157.4483639638689,163.51277091553456,,,,True,False,True,False
TPEX,8059,凱碩,11508,-46.3353144351255,71.81222406661689,,,,False,False,True,False
TPEX,8064,東捷,11508,-43.496604917924714,-0.9117754833703361,,,,False,False,True,False
TPEX,8066,來思達,11508,11.729851364309999,-6.672649831661044,,,,False,False,True,False
TPEX,8067,志旭,11508,-10.191846522781775,-18.539515421475333,,,,False,False,True,False
TPEX,8068,全達,11508,76.73862928873109,78.37535398273447,,,,True,False,True,False
TPEX,8069,元太,11508,3.2911843138148216,-2.8761701994668485,,,,False,False,True,False
TPEX,8071,能率網通,11508,28.59486024114283,21.11325897549947,,,,True,False,True,False
TPEX,8074,鉅橡,11508,14.757454983611254,22.3083925289498,,,,True,False,True,False
TPEX,8076,伍豐,11508,124.4801621778164,55.048435454583846,,,,True,False,True,False
TPEX,8077,洛碁,11508,-2.802077161677064,2.4491962390051563,,,,False,False,True,False
TPEX,8080,泰霖,11508,-30.350553505535057,-55.932952274082126,,,,False,False,True,False
TPEX,8083,瑞穎,11508,5.295065247023611,2.127945760188674,,,,True,False,True,False
TPEX,8084,巨虹,11508,145.133904884247,14.078562528690407,,,,True,False,True,False
TPEX,8085,福華,11508,-12.784022961014111,-1.5728304809399676,,,,False,False,True,False
TPEX,8086,宏捷科,11508,12.557871297438444,35.833774875388144,,,,True,False,True,False
TPEX,8087,麗升能源,11508,9.291849589616339,224.65881450772235,,,,True,False,True,False
TPEX,8088,品安,11508,72.93612042391378,49.209953915387885,,,,True,False,True,False
TPEX,8089,康全電訊,11508,68.73192658974432,-54.339607886072685,,,,False,False,True,False
TPEX,8091,翔名,11508,71.52047541991102,57.81010880578714,,,,True,False,True,False
TPEX,8092,建暐,11508,-23.891918691125433,-10.67797185585035,,,,False,False,True,False
TPEX,8093,保銳,11508,109.56489470266258,48.78334373210485,,,,True,False,True,False
TPEX,8096,擎亞,11508,269.5574579229668,80.65756500129488,,,,True,False,True,False
TPEX,8097,常珵,11508,189.1173245614035,-12.910844507174783,,,,False,False,True,False
TPEX,8099,大世科,11508,-26.599368417194853,14.475578537364797,,,,False,False,True,False
TPEX,8102,傑霖科技,11508,9.671697526061926,2.785101061312783,,,,True,False,True,False
TPEX,8107,大億金茂,11508,-24.853422370617697,-31.899058012806293,,,,False,False,True,False
TPEX,8109,博大,11508,56.11513756740975,30.70145504441602,,,,True,False,True,False
TPEX,8111,立碁,11508,-8.802949566715109,-6.101960033199259,,,,False,False,True,False
TPEX,8121,越峰,11508,25.756797303684827,22.6178880510856,,,,True,False,True,False
TPEX,8147,正淩,11508,95.98263406146314,28.99781521545068,,,,True,False,True,False
TPEX,8155,博智,11508,35.13714040691652,35.58821736384119,,,,True,False,True,False
TPEX,8171,天宇,11508,581.2910377760724,128.09531225665785,,,,True,False,True,False
TPEX,8176,智捷,11508,281.82501503307276,-9.563706671897329,,,,False,False,True,False
TPEX,8182,加高,11508,13.684929670643276,4.497307215708703,,,,True,False,True,False
TPEX,8183,精星,11508,56.06520786408064,32.352889861495015,,,,True,False,True,False
TPEX,8227,巨有科技,11508,42.2487983737675,73.17289123352371,,,,True,False,True,False
TPEX,8234,新漢,11508,47.955524192963715,5.26280596510668,,,,True,False,True,False
TPEX,8240,華宏,11508,-12.590724454328527,-10.178672726326907,,,,False,False,True,False
TPEX,8255,朋程,11508,4.607138209266007,-3.147096151175877,,,,False,False,True,False
TPEX,8272,全景軟體,11508,-8.627419311421573,-1.8947360528456656,,,,False,False,True,False
TPEX,8277,商丞,11508,-18.79584775086505,-57.45303864418501,,,,False,False,True,False
TPEX,8279,生展,11508,0.5678205034412511,-4.961646289229811,,,,False,False,True,False
TPEX,8284,三竹,11508,21.735913837853303,13.58056551543981,,,,True,False,True,False
TPEX,8289,泰藝,11508,67.14797779044615,18.172719803214402,,,,True,False,True,False
TPEX,8291,尚茂,11508,-72.35449735449735,78.76106194690266,,,,False,False,True,False
TPEX,8299,群聯,11508,376.5177219159828,278.98954917231555,,,,True,False,True,False
TPEX,8342,益張,11508,5.557709612050361,3.958506091276434,,,,True,False,True,False
TPEX,8349,恒耀國際,11508,12.08891315140936,6.635028614562065,,,,True,False,True,False
TPEX,8354,冠好,11508,-7.0325900514579756,4.209364579908891,,,,False,False,True,False
TPEX,8358,金居,11508,59.709504167221084,46.82361174283261,,,,True,False,True,False
TPEX,8383,千附,11508,73.60021446411119,60.474595219159376,,,,True,False,True,False
TPEX,8390,金益鼎,11508,49.43906458783707,43.99004671347863,,,,True,False,True,False
TPEX,8401,白紗科,11508,-1.8938431413581263,3.731856655509784,,,,False,False,True,False
TPEX,8403,盛弘,11508,8.596020598356606,7.30904134141584,,,,True,False,True,False
TPEX,8409,商之器,11508,39.1702621971457,35.19366930445648,,,,True,False,True,False
TPEX,8410,森田,11508,-40.92793823277095,-25.167930420143023,,,,False,False,True,False
TPEX,8415,大國鋼,11508,38.11325061376153,23.397658252584264,,,,True,False,True,False
TPEX,8416,實威,11508,25.98851179389476,13.367289644661907,,,,True,False,True,False
TPEX,8421,旭源,11508,25.498522513586675,16.988623476772716,,,,True,False,True,False
TPEX,8423,保綠-KY,11508,16.964632724446172,12.690510260302913,,,,True,False,True,False
TPEX,8424,惠普,11508,7.495551332179303,-0.9544464375482442,,,,False,False,True,False
TPEX,8426,紅木-KY,11508,-29.27613864528761,-4.717514296700011,,,,False,False,True,False
TPEX,8431,匯鑽科,11508,-13.40846913286547,-10.24308451587297,,,,False,False,True,False
TPEX,8432,東生華,11508,30.880162775575272,15.210089626107424,,,,True,False,True,False
TPEX,8433,弘帆,11508,-3.595594098553755,10.373815192843825,,,,False,False,True,False
TPEX,8435,鉅邁,11508,8.291467071698408,11.434831438140504,,,,True,False,True,False
TPEX,8436,大江,11508,2.0473206770784627,-1.9840241292728458,,,,False,False,True,False
TPEX,8437,大地-KY,11508,40.640172630821795,-4.512861329184907,,,,False,False,True,False
TPEX,8440,綠電,11508,13.863706066368152,-1.3108686731035764,,,,False,False,True,False
TPEX,8444,綠河-KY,11508,-58.50322010931624,-58.956226145328195,,,,False,False,True,False
TPEX,8446,華研,11508,69.23831619285063,24.787905858705777,,,,True,False,True,False
TPEX,8450,霹靂,11508,-32.32692307692308,37.69666539609101,,,,False,False,True,False
TPEX,8455,大拓-KY,11508,23.22306770081476,8.278445811983417,,,,True,False,True,False
TPEX,8472,納維康,11508,121.30045734738516,20.839075022452576,,,,True,False,True,False
TPEX,8477,創業家,11508,-3.7842506084635312,-12.512696942800472,,,,False,False,True,False
TPEX,8489,三貝德,11508,32.55905947878922,50.31051374438282,,,,True,False,True,False
TPEX,8905,裕國,11508,11.611649849656475,13.885467119926226,,,,True,False,True,False
TPEX,8906,花王,11508,-3.351019268360793,-1.0993470321319216,,,,False,False,True,False
TPEX,8908,欣雄,11508,24.431590380592066,1.6988134278362104,,,,True,False,True,False
TPEX,8916,光隆,11508,42.44010938677826,-1.6282282121265064,,,,False,False,True,False
TPEX,8917,欣泰,11508,10.583403628059951,-2.7626117055830406,,,,False,False,True,False
TPEX,8921,沈氏,11508,10.083730619766836,6.961266933791261,,,,True,False,True,False
TPEX,8923,時報,11508,27.1198980640388,3.0484852023450943,,,,True,False,True,False
TPEX,8924,大田,11508,-39.65876785056272,-7.995886972633622,,,,False,False,True,False
TPEX,8927,北基,11508,20.77385680542557,42.57168282715022,,,,True,False,True,False
TPEX,8928,鉅明,11508,-21.77107736405479,-13.633085367714772,,,,False,False,True,False
TPEX,8929,富堡,11508,-3.043066039455931,-1.1967213826080543,,,,False,False,True,False
TPEX,8930,青鋼,11508,-9.579765155421798,-4.364006528082293,,,,False,False,True,False
TPEX,8931,大汽電,11508,38.158404508232806,13.848072452250987,,,,True,False,True,False
TPEX,8932,智通*,11508,12.75986290062482,11.97179551416388,,,,True,False,True,False
TPEX,8933,愛地雅,11508,90.56035611416601,-0.7557125002614384,,,,False,False,True,False
TPEX,8935,邦泰,11508,-17.68552939556657,-12.412764207765653,,,,False,False,True,False
TPEX,8936,國統,11508,12.344983544329356,17.133057822479593,,,,True,False,True,False
TPEX,8937,合騏*,11508,1403.095975232198,898.6622824932604,,,,True,False,True,False
TPEX,8938,明安,11508,17.803539394051842,-3.0402978480064666,,,,False,False,True,False
TPEX,8941,關中,11508,2.007311610662699,5.192138128488492,,,,True,False,True,False
TPEX,8942,森鉅,11508,47.618455354122304,-35.888973911657835,,,,False,False,True,False
TPEX,9949,琉園,11508,15.085179627504633,7.888923585811272,,,,True,False,True,False
TPEX,9950,萬國通,11508,19.07535101050196,-7.391305771806805,,,,False,False,True,False
TPEX,9951,皇田,11508,-3.359031502758557,5.553528289026908,,,,False,False,True,False
TPEX,9960,邁達康,11508,-9.225618687108863,5.394487751209866,,,,False,False,True,False
TPEX,9962,有益,11508,34.06589761239333,-8.86031855462131,,,,False,False,True,False
TWSE,1101,台泥,11508,10.649053245020621,2.699785952844798,115,2,0.38,True,True,True,True
TWSE,1102,亞泥,11508,-1.2967348215780177,-6.556344483257107,115,2,2.13,False,True,True,True
TWSE,1103,嘉泥,11508,-2.537128190407038,-8.999234241115033,115,2,0.27,False,True,True,True
TWSE,1104,環泥,11508,-14.183306967535245,-6.611461479506897,115,2,1.13,False,True,True,True
TWSE,1108,幸福,11508,-15.696382027238677,-18.569062370827073,115,2,0.22,False,True,True,True
TWSE,1109,信大,11508,-26.473091967142665,-18.16660418242871,115,2,0.15,False,True,True,True
TWSE,1110,東泥,11508,-28.178523955872766,-11.368330612954363,115,2,0.34,False,True,True,True
TWSE,1201,味全,11508,1.3080196339671886,-0.8206283969162342,115,2,0.48,False,True,True,True
TWSE,1203,味王,11508,-2.1148691306482776,-9.122945315313725,115,2,0.93,False,True,True,True
TWSE,1210,大成,11508,13.42129336519994,9.050925655605084,115,2,1.48,True,True,True,True
TWSE,1213,大飲,11508,17.12312734082397,15.839194414886714,115,2,-0.56,True,False,True,True
TWSE,1215,卜蜂,11508,1.3068797196628994,4.6854447852652745,115,2,3.24,True,True,True,True
TWSE,1216,統一,11508,3.7908098747692303,4.050033417999241,115,2,2.56,True,True,True,True
TWSE,1217,愛之味,11508,14.879251045657565,0.9364439767642806,115,2,0.19,True,True,True,True
TWSE,1218,泰山,11508,-48.01123376629733,-10.569440560379581,115,2,-1.62,False,False,True,True
TWSE,1219,福壽,11508,-14.367353397369465,-4.796766703087737,115,2,-0.9,False,False,True,True
TWSE,1220,台榮,11508,28.831968382604725,1.6164591130512158,115,2,-0.12,True,False,True,True
TWSE,1225,福懋油,11508,-23.831705068732,-1.5866274756432812,115,2,-0.65,False,False,True,True
TWSE,1227,佳格,11508,10.7046320808678,7.385662640417827,115,2,0.8,True,True,True,True
TWSE,1229,聯華,11508,-13.12918865315421,-5.928266252287147,115,2,1.19,False,True,True,True
TWSE,1231,聯華食,11508,6.887968225707047,4.055671383836259,115,2,2.31,True,True,True,True
TWSE,1232,大統益,11508,34.55623169795253,16.56652232738474,115,2,4.71,True,True,True,True
TWSE,1233,天仁,11508,8.479599325486417,5.191149150976985,115,2,0.59,True,True,True,True
TWSE,1234,黑松,11508,0.6316055033472389,-3.636402935669454,115,2,0.6,False,True,True,True
TWSE,1235,興泰,11508,-80.63493740425757,5.6653004098770365,115,2,0.29,False,True,True,True
TWSE,1236,宏亞,11508,1.5919533549101543,6.0707975533774166,115,2,-0.16,True,False,True,True
TWSE,1256,鮮活果汁-KY,11508,25.546216536255777,38.877339098534726,115,2,8.98,True,True,True,True
TWSE,1301,台塑,11508,6.786144497398495,-1.4665821661107967,115,2,2.19,False,True,True,True
TWSE,1303,南亞,11508,46.746902846686,23.16770689005283,115,2,5.17,True,True,True,True
TWSE,1304,台聚,11508,8.722470848002123,-6.01141803701763,115,2,-0.58,False,False,True,True
TWSE,1305,華夏,11508,-11.244004511495337,0.18250686527557317,115,2,0.02,False,True,True,True
TWSE,1307,三芳,11508,10.833155328925839,6.376168563763941,115,2,1.46,True,True,True,True
TWSE,1308,亞聚,11508,12.795901414759951,1.8857485179288969,115,2,-0.15,True,False,True,True
TWSE,1309,台達化,11508,6.372348677570834,-19.0159923300409,115,2,-1.18,False,False,True,True
TWSE,1310,台苯,11508,15.383177361480811,-9.312077148500734,115,2,-1.13,False,False,True,True
TWSE,1312,國喬,11508,89.22674829328686,20.162313431356427,115,2,-1.68,True,False,True,True
TWSE,1313,聯成,11508,6.038199417554717,6.803102597130695,115,2,0.31,True,True,True,True
TWSE,1314,中石化,11508,-24.409608589644968,-30.191368977893482,115,2,-0.52,False,False,True,True
TWSE,1315,達新,11508,9.747731688264867,-11.386003392574061,115,2,0.45,False,True,True,True
TWSE,1316,上曜,11508,93.04522686147229,122.05590293593937,115,2,-0.36,True,False,True,True
TWSE,1319,東陽,11508,7.397616726284374,-8.29006526276899,115,2,2.98,False,True,True,True
TWSE,1321,大洋,11508,5.588487303318274,-0.6473416592470872,115,2,0.77,False,True,True,True
TWSE,1323,永裕,11508,34.077133777524274,9.788935417403176,115,2,1.02,True,True,True,True
TWSE,1324,地球,11508,-36.04716182320707,-12.883737181674874,115,2,-0.03,False,False,True,True
TWSE,1325,恆大,11508,-23.584120612854274,-23.0434803658141,115,2,-0.3,False,False,True,True
TWSE,1326,台化,11508,31.695431346947952,15.965623389576152,115,2,2.11,True,True,True,True
TWSE,1337,再生-KY,11508,15.918826956500453,-12.597264276168358,115,2,-0.89,False,False,True,True
TWSE,1338,廣華-KY,11508,10.190241498275013,0.2456063700227564,115,2,-2.08,True,False,True,True
TWSE,1339,昭輝,11508,15.554896484680722,-6.931000715603932,115,2,3.61,False,True,True,True
TWSE,1340,勝悅-KY,11508,114.24269798253538,44.303500903674944,115,2,-0.35,True,False,True,True
TWSE,1341,富林-KY,11508,4.569009645303594,7.182440972186747,115,2,2.74,True,True,True,True
TWSE,1342,八貫,11508,62.82977561740993,37.036896105232465,115,2,4.1,True,True,True,True
TWSE,1402,遠東新,11508,15.195638379471621,8.353315450032525,115,2,1.15,True,True,True,True
TWSE,1409,新纖,11508,-8.564680561334695,12.013942718978948,115,2,1.18,False,True,True,True
TWSE,1410,南染,11508,36.32137149498765,8.853400839788385,115,2,0.13,True,True,True,True
TWSE,1413,宏洲,11508,27.66535454898265,-10.411432202032612,115,2,0.17,False,True,True,True
TWSE,1414,東和,11508,-5.6395574244728754,-7.949986912349264,115,2,0.37,False,True,True,True
TWSE,1416,廣豐,11508,45.99375650364204,44.45382369045446,115,2,0.62,True,True,True,True
TWSE,1417,嘉裕,11508,-17.311771865762477,-0.8975421154377243,115,2,-0.09,False,False,True,True
TWSE,1418,東華,11508,123.52941176470588,19.955344683226347,115,2,-1.7,True,False,True,True
TWSE,1419,新紡,11508,5.943806951362058,24.561940951689685,115,2,11.2,True,True,True,True
TWSE,1423,利華,11508,140.2441731409545,15.816278233211534,115,2,0.41,True,True,True,True
TWSE,1432,大魯閣,11508,-35.7066251242749,-39.566743982677686,115,2,-1.11,False,False,True,True
TWSE,1434,福懋,11508,-7.165985616177014,-4.731307243143775,115,2,0.5,False,True,True,True
TWSE,1435,中福,11508,0.0,0.0,115,2,-0.54,False,False,True,True
TWSE,1436,華友聯,11508,-87.90431716806596,-82.49176886992339,115,2,0.14,False,True,True,True
TWSE,1437,勤益控,11508,15.72187265485193,-3.9254268568130706,115,2,2.05,False,True,True,True
TWSE,1438,三地開發,11508,41420.552147239265,68608.20344544708,115,2,0.22,True,True,True,True
TWSE,1439,雋揚,11508,-70.81854291725219,-65.82390145160402,115,2,1.08,False,True,True,True
TWSE,1440,南紡,11508,-4.228913103138908,-11.807879102134608,115,2,0.14,False,True,True,True
TWSE,1441,大東,11508,-13.264216249206974,-21.749148945921622,115,2,-1.45,False,False,True,True
TWSE,1442,名軒,11508,64.5678270192552,-46.14378360052498,115,2,0.72,False,True,True,True
TWSE,1443,立益物流,11508,3.8664879085297987,-6.07607435389161,115,2,0.97,False,True,True,True
TWSE,1444,力麗,11508,-14.561100754344551,16.03898110757937,115,2,0.14,False,True,True,True
TWSE,1445,大宇,11508,-15.689854258340356,-19.044389034991323,115,2,-0.22,False,False,True,True
TWSE,1446,宏和,11508,-27.01967540121498,-55.74367602228637,115,2,0.77,False,True,True,True
TWSE,1447,力鵬,11508,-34.08158817841502,3.9259194276091196,115,2,0.12,False,True,True,True
TWSE,1449,佳和,11508,100.43731041456016,51.534763147475864,115,2,-0.28,True,False,True,True
TWSE,1451,年興,11508,36.79930560639177,8.770751249971198,115,2,0.65,True,True,True,True
TWSE,1452,宏益,11508,-33.934090028446946,-1.8979683992420657,115,2,-0.07,False,False,True,True
TWSE,1453,大將,11508,1.9047619047619047,-0.6166495375128469,115,2,0.55,False,True,True,True
TWSE,1454,台富,11508,-40.514523803487066,-21.81680570695917,115,2,-0.41,False,False,True,True
TWSE,1455,集盛,11508,-0.7954387725685732,-15.630512146742038,115,2,0.91,False,True,True,True
TWSE,1456,怡華,11508,6526.080375163244,344.8356865720742,115,2,-1.07,True,False,True,True
TWSE,1457,宜進,11508,8.189681328273421,-10.59683909480173,115,2,0.57,False,True,True,True
TWSE,1459,聯發,11508,-14.24865008703751,-16.725690833923576,115,2,1.28,False,True,True,True
TWSE,1460,宏遠,11508,13.444919207049988,-11.374755422235067,115,2,-0.11,False,False,True,True
TWSE,1463,強盛新,11508,3.400595434998346,-79.58525146192504,115,2,-0.13,False,False,True,True
TWSE,1464,得力,11508,1.776586321230049,-3.5521973832278824,115,2,0.36,False,True,True,True
TWSE,1465,偉全,11508,24.993393234672304,1.3069602387289299,115,2,0.18,True,True,True,True
TWSE,1466,聚隆,11508,-7.750410014895954,-13.497283517434816,115,2,0.37,False,True,True,True
TWSE,1467,南緯,11508,-8.044344968739217,0.04354239887413842,115,2,-0.09,False,False,True,True
TWSE,1468,昶和,11508,-52.633788037775446,-42.69900923634504,115,2,0.3,False,True,True,True
TWSE,1470,大統新創,11508,-31.32220585828833,-11.93542043209125,115,2,0.58,False,True,True,True
TWSE,1471,首利,11508,-59.21791681478848,-52.93589363046175,115,2,0.16,False,True,True,True
TWSE,1472,三洋實業,11508,7.954559176920941,7.5268826002025015,115,2,3.47,True,True,True,True
TWSE,1473,台南,11508,4.791454711356683,-9.962931522961824,115,2,0.69,False,True,True,True
TWSE,1474,弘裕,11508,0.6633944320883504,-4.717843533306957,115,2,0.07,False,True,True,True
TWSE,1475,業旺,11508,24.282605152395472,0.5978714299348252,115,2,1.06,True,True,True,True
TWSE,1476,儒鴻,11508,-1.1299320308856051,5.041691460239937,115,2,12.35,False,True,True,True
TWSE,1477,聚陽,11508,-5.116268514859944,-2.1677667814400583,115,2,7.65,False,True,True,True
TWSE,1503,士電,11508,-0.3840501931974751,9.537332827299542,115,2,5.04,False,True,True,True
TWSE,1504,東元,11508,16.828174514882413,8.22039912044316,115,2,1.63,True,True,True,True
TWSE,1506,正道,11508,47.80584006616197,18.611451409945843,115,2,-0.05,True,False,True,True
TWSE,1512,瑞利,11508,-20.544324030000176,-3.6192502051279987,115,2,0.02,False,True,True,True
TWSE,1513,中興電,11508,8.929055679006165,4.214029149541254,115,2,4.5,True,True,True,True
TWSE,1514,亞力,11508,-26.51613160609359,7.942524398963939,115,2,1.65,False,True,True,True
TWSE,1515,力山,11508,-7.589731857970212,-0.10484128337009614,115,2,0.12,False,True,True,True
TWSE,1516,川飛,11508,-2.0522574832315548,30.569235225955968,115,2,-0.13,False,False,True,True
TWSE,1517,利奇,11508,8.717393403501028,-0.28449216773521496,115,2,-0.45,False,False,True,True
TWSE,1519,華城,11508,12.500572357089773,-1.7697726969149943,115,2,6.52,False,True,True,True
TWSE,1521,大億,11508,-6.0740081057215525,9.41348425888324,115,2,0.94,False,True,True,True
TWSE,1522,堤維西,11508,-3.0387391724967747,30.47117976741869,115,2,-0.76,False,False,True,True
TWSE,1524,耿鼎,11508,0.8935477119901,-6.783247893827018,115,2,0.9,False,True,True,True
TWSE,1525,江申,11508,-21.454040057248278,7.174034891492299,115,2,-0.13,False,False,True,True
TWSE,1526,日馳,11508,-29.413842996063124,-19.8677312895736,115,2,-0.81,False,False,True,True
TWSE,1527,鑽全,11508,1.998211815513344,-11.171997203663182,115,2,0.83,False,True,True,True
TWSE,1528,恩德,11508,70.8380690048627,19.702375964256888,115,2,-0.6,True,False,True,True
TWSE,1529,樂事綠能,11508,8.005252215778532,-14.883987578628872,115,2,0.5,False,True,True,True
TWSE,1530,亞崴,11508,-42.949571712106966,-9.983067352693237,115,2,0.21,False,True,True,True
TWSE,1531,高林股,11508,8.297438807356013,-0.6215682572273559,115,2,-0.02,False,False,True,True
TWSE,1532,勤美,11508,-42.63623757729223,-1.7081788812308987,115,2,0.1,False,True,True,True
TWSE,1533,車王電,11508,20.05739337965538,47.19780329058916,115,2,1.5,True,True,True,True
TWSE,1535,中宇,11508,-28.535099596844443,-26.78279493664486,115,2,1.64,False,True,True,True
TWSE,1536,和大,11508,13.73060389046961,2.6476462160872622,115,2,-1.11,True,False,True,True
TWSE,1537,廣隆,11508,10.982413417436442,2.7301857888148477,115,2,4.01,True,True,True,True
TWSE,1538,正峰,11508,-58.080032749974414,-50.40180843383475,115,2,-1.76,False,False,True,True
TWSE,1539,巨庭,11508,1.7348191245687115,-18.50299722757765,115,2,0.21,False,True,True,True
TWSE,1540,喬福,11508,-50.941795677572344,-34.28498665633837,115,2,0.24,False,True,True,True
TWSE,1541,錩泰,11508,-45.25425831723356,-38.539457331635546,115,2,0.59,False,True,True,True
TWSE,1558,伸興,11508,18.6279736833687,5.6226058125158564,115,2,4.44,True,True,True,True
TWSE,1560,中砂,11508,30.37794617921122,24.452931586714303,115,2,6.44,True,True,True,True
TWSE,1563,巧新,11508,2.4585276041608433,6.33926511475951,115,2,0.93,True,True,True,True
TWSE,1568,倉佑,11508,6.410426118244503,4.691170629291267,115,2,1.07,True,True,True,True
TWSE,1582,信錦,11508,1.596814505836052,-1.8019281259875317,115,2,1.65,False,True,True,True
TWSE,1583,程泰,11508,-10.135616844365051,5.523903509444024,115,2,0.53,False,True,True,True
TWSE,1587,吉茂,11508,-1.9639159462546312,8.917596093143409,115,2,-0.09,False,False,True,True
TWSE,1589,永冠-KY,11508,-9.594781571788085,3.435519483886546,,,,False,False,True,False
TWSE,1590,亞德客-KY,11508,43.32524872352335,34.08118405397043,115,2,29.91,True,True,True,True
TWSE,1597,直得,11508,45.23253530040811,44.88513122822852,115,2,1.3,True,True,True,True
TWSE,1598,岱宇,11508,23.842838104403427,-3.3027354223438676,115,2,0.64,False,True,True,True
TWSE,1603,華電,11508,20.5041731100363,1.2213128107969888,115,2,1.36,True,True,True,True
TWSE,1604,聲寶,11508,3.401385419165355,0.10314969458479191,115,2,0.98,True,True,True,True
TWSE,1605,華新,11508,14.970687262674398,2.4700172395469884,115,2,2.85,True,True,True,True
TWSE,1608,華榮,11508,17.898542763256458,19.18485256429511,115,2,7.04,True,True,True,True
TWSE,1609,大亞,11508,34.835392935879575,20.011540622804734,115,2,2.24,True,True,True,True
TWSE,1611,中電,11508,0.08504030170820084,-7.590166924863392,115,2,0.41,False,True,True,True
TWSE,1612,宏泰,11508,19.598369292655352,2.0554882278008555,115,2,2.62,True,True,True,True
TWSE,1614,三洋電,11508,-3.104509887880738,-5.593217109448687,115,2,0.67,False,True,True,True
TWSE,1615,大山,11508,20.257385034168212,5.2360404909928,115,2,2.53,True,True,True,True
TWSE,1616,億泰,11508,-6.032266736111694,6.871285511951566,115,2,0.54,False,True,True,True
TWSE,1617,榮星,11508,46.89181921320923,30.48247951702921,115,2,0.21,True,True,True,True
TWSE,1618,合機,11508,-1.9009462901336704,1.8899853848139923,115,2,2.9,False,True,True,True
TWSE,1623,大東電,11508,-7.314340404432538,2.32531311416311,115,2,6.02,False,True,True,True
TWSE,1626,艾美特-KY,11508,22.031077661714136,-1.1273094974408941,115,2,-1.62,False,False,True,True
TWSE,1702,南僑,11508,1.1766493002097933,0.5693235447799094,115,2,0.24,True,True,True,True
TWSE,1707,葡萄王,11508,-20.139845586222652,-5.35668070489142,115,2,2.75,False,True,True,True
TWSE,1708,東鹼,11508,33.17216667449029,15.96648381421349,115,2,1.98,True,True,True,True
TWSE,1709,和益,11508,82.66667069773207,22.25561662215326,115,2,1.3,True,True,True,True
TWSE,1710,東聯,11508,23.96862268267556,-2.4428407549970403,115,2,-0.12,False,False,True,True
TWSE,1711,永光,11508,33.157168626164825,11.639608579015029,115,2,0.28,True,True,True,True
TWSE,1712,興農,11508,-2.7131621655361826,4.31302595526585,115,2,1.56,False,True,True,True
TWSE,1713,國化,11508,-8.604102805941995,3.415764908888681,115,2,2.25,False,True,True,True
TWSE,1714,和桐,11508,56.10735951141534,60.53884698622307,115,2,0.89,True,True,True,True
TWSE,1717,長興,11508,20.948469417322087,11.781544744719955,115,2,1.09,True,True,True,True
TWSE,1718,中纖,11508,4.427837589825293,3.2539582754242793,115,2,0.46,True,True,True,True
TWSE,1720,生達,11508,7.784429068135788,2.98268096229656,115,2,2.49,True,True,True,True
TWSE,1721,國慶科技,11508,36.46642201540179,-9.659806733360696,115,2,-0.62,False,False,True,True
TWSE,1722,台肥,11508,-11.279832584366952,4.579283574328635,115,2,0.43,False,True,True,True
TWSE,1723,中碳,11508,46.94023231657283,15.22499421762468,115,2,2.07,True,True,True,True
TWSE,1725,元禎,11508,30.661502791739025,12.167170355752969,115,2,1.0,True,True,True,True
TWSE,1726,永記,11508,0.15144659694931775,3.8018171223383184,115,2,3.66,True,True,True,True
TWSE,1727,中華化,11508,62.67146732929334,26.367202463952438,115,2,0.66,True,True,True,True
TWSE,1730,花仙子,11508,-0.22745157769146804,3.5619255033965374,115,2,2.5,False,True,True,True
TWSE,1731,美吾華,11508,17.95743475335529,9.206435327345908,115,2,0.95,True,True,True,True
TWSE,1732,毛寶,11508,-1.1958491772984114,4.065155995761491,115,2,0.61,False,True,True,True
TWSE,1733,五鼎,11508,-0.3669312565523439,-3.4366699400450926,115,2,1.18,False,True,True,True
TWSE,1734,杏輝,11508,21.575387983268833,5.826347504498147,115,2,0.87,True,True,True,True
TWSE,1735,日勝化,11508,20.1726333820904,9.602012400134125,115,2,0.39,True,True,True,True
TWSE,1736,喬山,11508,22.657167851484374,14.108580564884598,115,2,3.27,True,True,True,True
TWSE,1737,臺鹽,11508,-3.875150731374845,-5.179647121404901,115,2,0.87,False,True,True,True
TWSE,1752,南光,11508,12.359184866358467,-3.1904026182171914,115,2,0.84,False,True,True,True
TWSE,1760,寶齡富錦,11508,-27.88393432707536,0.2947531478579365,115,2,1.06,False,True,True,True
TWSE,1762,中化生,11508,30.300090401957974,24.432149452830476,115,2,2.39,True,True,True,True
TWSE,1773,勝一,11508,44.621686203410505,23.963452688577757,115,2,4.38,True,True,True,True
TWSE,1776,展宇,11508,0.2662644281217209,1.917391259334415,115,2,0.66,True,True,True,True
TWSE,1783,和康生,11508,-2.465199692561701,4.29887626236006,115,2,1.47,False,True,True,True
TWSE,1786,科妍,11508,-22.733094262295083,-2.953234938553997,115,2,0.76,False,True,True,True
TWSE,1789,神隆,11508,-42.18344285361997,-12.898603991815964,115,2,-0.02,False,False,True,True
TWSE,1795,美時,11508,81.67977762526685,69.18849391685958,115,2,4.65,True,True,True,True
TWSE,1802,台玻,11508,32.59146823861491,16.578155023476985,115,2,0.64,True,True,True,True
TWSE,1805,寶徠,11508,-0.8695652173913043,7.2221136739919585,115,2,0.06,False,True,True,True
TWSE,1806,冠軍,11508,-16.730494031938075,-19.247610406747253,115,2,-0.06,False,False,True,True
TWSE,1808,潤隆,11508,33032.925531914894,13849.620888036583,115,2,2.52,True,True,True,True
TWSE,1809,中釉,11508,-4.1293800051549425,-1.808243191659555,115,2,0.1,False,True,True,True
TWSE,1810,和成,11508,4.606249314500896,-6.310317820826076,115,2,3.62,False,True,True,True
TWSE,1817,凱撒衛,11508,10.08595069308607,2.7776113590749785,115,2,2.95,True,True,True,True
TWSE,1903,士紙,11508,3.8968870128891235,-0.7075079887815031,115,2,-0.15,False,False,True,True
TWSE,1904,正隆,11508,23.124829010579017,9.493729023644711,115,2,1.45,True,True,True,True
TWSE,1905,華紙,11508,1.6474805266423107,-3.4986825624459033,115,2,-0.52,False,False,True,True
TWSE,1906,寶隆,11508,9.184578427675591,8.726396597086264,115,2,0.22,True,True,True,True
TWSE,1907,永豐餘,11508,6.0296475280689865,4.995752800144488,115,2,0.47,True,True,True,True
TWSE,1909,榮成,11508,23.173049017839748,15.08176178749688,115,2,0.19,True,True,True,True
TWSE,2002,中鋼,11508,12.97063197691694,3.8054686101030857,115,2,-0.03,True,False,True,True
TWSE,2006,東和鋼鐵,11508,15.124090050648597,2.3507858392718757,115,2,4.07,True,True,True,True
TWSE,2007,燁興,11508,-21.388896421994147,-22.222924188649014,115,2,-0.82,False,False,True,True
TWSE,2008,高興昌,11508,0.37050509949746036,-12.891312577437542,115,2,0.34,False,True,True,True
TWSE,2009,第一銅,11508,30.27456286347964,22.028230653065,115,2,0.49,True,True,True,True
TWSE,2010,春源,11508,-6.237920250453278,4.312871547670998,115,2,1.35,False,True,True,True
TWSE,2012,春雨,11508,-6.830306806717703,-11.046947680390874,115,2,-0.19,False,False,True,True
TWSE,2013,中鋼構,11508,19.04007978225205,-5.809740258024177,115,2,1.44,False,True,True,True
TWSE,2014,中鴻,11508,-29.314345169677868,-7.627490102938822,115,2,0.07,False,True,True,True
TWSE,2015,豐興,11508,9.671752908325915,-7.351585198329888,115,2,2.36,False,True,True,True
TWSE,2017,官田鋼,11508,-17.29659555357635,-5.443854969234203,115,2,-0.3,False,False,True,True
TWSE,2020,美亞,11508,-37.053983469774394,-21.618788050041363,115,2,1.02,False,True,True,True
TWSE,2022,聚亨,11508,-6.931323911384697,35.96875233188,115,2,-0.18,False,False,True,True
TWSE,2023,燁輝,11508,-14.313043172516776,-6.722604889339132,115,2,-0.52,False,False,True,True
TWSE,2024,志聯,11508,12.096102864900171,4.522400866115911,115,2,0.27,True,True,True,True
TWSE,2025,千興,11508,102.5304395876603,136.2137376977922,115,2,0.76,True,True,True,True
TWSE,2027,大成鋼,11508,46.090820444159995,34.22589514467311,115,2,3.1,True,True,True,True
TWSE,2028,威致,11508,19.33300868163423,6.00582080462579,115,2,0.37,True,True,True,True
TWSE,2029,盛餘,11508,-17.030114025482586,-7.288696071321691,115,2,0.98,False,True,True,True
TWSE,2030,彰源,11508,57.69192058134775,20.405940800672543,115,2,1.66,True,True,True,True
TWSE,2031,新光鋼,11508,18.589170986280127,3.914304805197563,115,2,5.23,True,True,True,True
TWSE,2032,新鋼,11508,-5.264105324462171,6.399403125842744,115,2,1.02,False,True,True,True
TWSE,2033,佳大,11508,9.663237867599983,-5.048375145548851,115,2,0.15,False,True,True,True
TWSE,2034,允強,11508,26.75100905606621,-0.0364862374584864,115,2,0.14,False,True,True,True
TWSE,2038,海光,11508,-16.534744512882796,-18.022071813460098,115,2,0.02,False,True,True,True
TWSE,2049,上銀,11508,42.300945967107126,23.02523893642657,115,2,4.03,True,True,True,True
TWSE,2059,川湖,11508,344.4151275890319,163.96140518937497,115,2,110.96,True,True,True,True
TWSE,2062,橋椿,11508,22.200003570854683,14.612866066326527,115,2,0.2,True,True,True,True
TWSE,2069,運錩,11508,18.856326560148588,-3.1736575096656696,115,2,1.66,False,True,True,True
TWSE,2072,世紀風電,11508,84.83502788539076,70.23367509463723,115,2,9.3,True,True,True,True
TWSE,2101,南港,11508,84.20319969775788,156.5212859256626,115,2,4.07,True,True,True,True
TWSE,2102,泰豐,11508,29.991976157725812,-23.906492919128247,115,2,-0.09,False,False,True,True
TWSE,2103,台橡,11508,21.785505046328982,16.81244560374614,115,2,2.26,True,True,True,True
TWSE,2104,國際中橡,11508,0.27948472848104144,-13.819029231137531,115,2,-1.32,False,False,True,True
TWSE,2105,正新,11508,4.636488904789254,5.808638760575933,115,2,1.05,True,True,True,True
TWSE,2106,建大,11508,8.076490991769523,5.867057036189319,115,2,0.33,True,True,True,True
TWSE,2107,厚生,11508,20.50908735587258,10.11536710181842,115,2,1.14,True,True,True,True
TWSE,2108,南帝,11508,41.8298987938219,26.69267048861069,115,2,1.28,True,True,True,True
TWSE,2109,華豐,11508,10.485149594280998,0.6665773376093914,115,2,0.72,True,True,True,True
TWSE,2114,鑫永銓,11508,11.183860478864913,8.495500368822228,115,2,3.08,True,True,True,True
TWSE,2115,六暉-KY,11508,47.411575042844014,18.050801442969245,115,2,1.24,True,True,True,True
TWSE,2201,裕隆,11508,-2.0245191558224644,-3.4597181349413835,115,2,0.5,False,True,True,True
TWSE,2204,中華,11508,-3.0418046674271215,9.086589895944432,115,2,3.19,False,True,True,True
TWSE,2206,三陽工業,11508,-0.22234904140837133,-4.833125818448868,115,2,3.14,False,True,True,True
TWSE,2207,和泰車,11508,10.569250109144406,13.13042331436157,115,2,21.57,True,True,True,True
TWSE,2208,台船,11508,55.644028484352404,-19.763588287081713,115,2,0.28,False,True,True,True
TWSE,2211,長榮鋼,11508,11.847793061266259,7.216904829939781,115,2,3.26,True,True,True,True
TWSE,2227,裕日車,11508,-3.466570534878725,-14.39983589518965,115,2,-2.6,False,False,True,True
TWSE,2228,劍麟,11508,-0.6228413887822908,-2.444297926586594,115,2,1.75,False,True,True,True
TWSE,2231,為升,11508,-25.854739297018156,-14.681752297935837,115,2,0.39,False,True,True,True
TWSE,2233,宇隆,11508,21.271502983479063,1.3355772129456385,115,2,3.4,True,True,True,True
TWSE,2236,百達-KY,11508,29.236208348757234,29.791814709770534,115,2,0.32,True,True,True,True
TWSE,2237,華德動能-創,11508,30.064676727490944,111.32872221014476,115,2,2.09,True,True,True,True
TWSE,2239,英利-KY,11508,-27.532835850234495,-14.64438070026461,115,2,-3.82,False,False,True,True
TWSE,2241,艾姆勒,11508,47.331857135612985,46.45128891864747,115,2,-0.42,True,False,True,True
TWSE,2243,宏旭-KY,11508,106.4393510172547,34.09353678567797,115,2,0.33,True,True,True,True
TWSE,2247,汎德永業,11508,0.7141265891725195,-20.63444581262297,115,2,6.55,False,True,True,True
TWSE,2248,華勝-KY,11508,62.42324416919225,51.12566058865302,115,2,4.05,True,True,True,True
TWSE,2250,IKKA-KY,11508,1.7036739894759196,-6.324611165825598,115,2,0.84,False,True,True,True
TWSE,2254,巨鎧精密-創,11508,-92.05668016194332,-82.51017914798713,115,2,-2.12,False,False,True,True
TWSE,2258,鴻華先進-創,11508,726.0737499660993,14.577719626235567,115,2,-1.15,True,False,True,True
TWSE,2301,光寶科,11508,25.200742370543818,26.726456239005763,115,2,4.8,True,True,True,True
TWSE,2302,麗正,11508,87.72217512750316,37.96464139075741,115,2,0.6,True,True,True,True
TWSE,2303,聯電,11508,30.71441291503008,14.660048248170208,115,2,4.68,True,True,True,True
TWSE,2305,全友,11508,239.98536640276163,113.21461801444438,115,2,0.51,True,True,True,True
TWSE,2308,台達電,11508,34.94854905033159,41.06247765244574,115,2,17.59,True,True,True,True
TWSE,2312,金寶,11508,22.383911766974915,3.523645415514764,115,2,0.7,True,True,True,True
TWSE,2313,華通,11508,6.865708582371952,12.676875236497159,115,2,2.5,True,True,True,True
TWSE,2314,台揚,11508,-48.862663136142565,19.702465332986836,115,2,-1.69,False,False,True,True
TWSE,2316,楠梓電,11508,61.188907858085834,40.59833569613409,115,2,6.54,True,True,True,True
TWSE,2317,鴻海,11508,51.978131522564816,39.72709766894786,115,2,7.84,True,True,True,True
TWSE,2321,東訊,11508,1.712467848923785,1.5663946093742,115,2,0.27,True,True,True,True
TWSE,2323,中環,11508,20.092584605652835,14.780194484490737,115,2,0.99,True,True,True,True
TWSE,2324,仁寶,11508,14.502633489514402,18.312116010144262,115,2,1.18,True,True,True,True
TWSE,2327,國巨*,11508,51.799610560411935,34.94853667392253,115,2,8.48,True,True,True,True
TWSE,2328,廣宇,11508,19.666466852484646,-7.84493713602915,115,2,-0.24,False,False,True,True
TWSE,2329,華泰,11508,4.764034825266388,8.666198855873375,115,2,0.96,True,True,True,True
TWSE,2330,台積電,11508,53.320053714712955,39.26370665798065,115,2,49.33,True,True,True,True
TWSE,2331,精英,11508,-20.15511038447163,9.45893027456396,115,2,0.53,False,True,True,True
TWSE,2332,友訊,11508,5.241936205831536,8.616440764438579,115,2,-0.07,True,False,True,True
TWSE,2337,旺宏,11508,218.53271706735816,149.14239152509919,115,2,4.82,True,True,True,True
TWSE,2338,光罩,11508,-8.94806629834254,-4.538728740389814,115,2,0.61,False,True,True,True
TWSE,2340,台亞,11508,21.873683020341876,4.819655299370302,115,2,-0.93,True,False,True,True
TWSE,2342,茂矽,11508,3.9542269322379093,-3.1020532083145054,115,2,-0.23,False,False,True,True
TWSE,2344,華邦電,11508,289.42756449599915,177.3892901148317,115,2,7.65,True,True,True,True
TWSE,2345,智邦,11508,59.42279854814421,61.86168160125982,115,2,34.7,True,True,True,True
TWSE,2347,聯強,11508,122.01643193808464,89.65916297833103,115,2,4.12,True,True,True,True
TWSE,2348,海悅,11508,540.5590508718318,80.61133112104658,115,2,1.06,True,True,True,True
TWSE,2349,錸德,11508,-1.2743514363437127,-5.801080972583231,115,2,0.05,False,True,True,True
TWSE,2351,順德,11508,61.221187315428,32.46100185315033,115,2,2.82,True,True,True,True
TWSE,2352,佳世達,11508,11.819254751083538,2.742410507995449,115,2,0.58,True,True,True,True
TWSE,2353,宏碁,11508,38.41493141468421,25.08014545657306,115,2,0.96,True,True,True,True
TWSE,2354,鴻準,11508,58.41679083173851,-1.6879571361936603,115,2,1.1,False,True,True,True
TWSE,2355,敬鵬,11508,13.434620312851182,7.068072803156261,115,2,1.07,True,True,True,True
TWSE,2356,英業達,11508,35.82690162998942,40.120710190413114,115,2,1.76,True,True,True,True
TWSE,2357,華碩,11508,51.16688342643828,42.30457002299758,115,2,38.83,True,True,True,True
TWSE,2359,所羅門,11508,-18.145105055918055,4.884055025296205,115,2,4.55,False,True,True,True
TWSE,2360,致茂,11508,156.29654201767283,108.41049971158722,115,2,21.27,True,True,True,True
TWSE,2362,藍天,11508,12.095367082059854,13.14745321789947,115,2,4.05,True,True,True,True
TWSE,2363,矽統,11508,81.06426064737752,92.59516265483826,115,2,0.2,True,True,True,True
TWSE,2364,倫飛,11508,32.600603251673654,19.515424334701443,115,2,3.06,True,True,True,True
TWSE,2365,昆盈,11508,35.948240013698296,11.038289442437726,115,2,0.26,True,True,True,True
TWSE,2367,燿華,11508,26.12946199475075,-0.07890321559635258,115,2,-0.64,False,False,True,True
TWSE,2368,金像電,11508,76.38825024031777,71.24826737205954,115,2,16.17,True,True,True,True
TWSE,2369,菱生,11508,32.89685341106471,36.28182101367055,115,2,0.29,True,True,True,True
TWSE,2371,大同,11508,-11.491602904528538,-0.6870882268898411,115,2,0.91,False,True,True,True
TWSE,2373,震旦行,11508,3.6031048170002027,-1.831790548878464,115,2,1.63,False,True,True,True
TWSE,2374,佳能,11508,34.7021226390898,50.056803811057286,115,2,1.55,True,True,True,True
TWSE,2375,凱美,11508,37.591888359720436,15.91040614513698,115,2,1.85,True,True,True,True
TWSE,2376,技嘉,11508,98.42707910183296,55.23396713556208,115,2,17.73,True,True,True,True
TWSE,2377,微星,11508,-6.0566534030848755,-6.424512318249827,115,2,7.59,False,True,True,True
TWSE,2379,瑞昱,11508,28.083000681580568,14.973736275733478,115,2,15.86,True,True,True,True
TWSE,2380,虹光,11508,-7.817233446461517,1.2984761444575683,115,2,0.43,False,True,True,True
TWSE,2382,廣達,11508,177.453640698528,102.62669045483766,115,2,12.93,True,True,True,True
TWSE,2383,台光電,11508,129.84671742960728,95.18081273476336,115,2,42.46,True,True,True,True
TWSE,2385,群光,11508,-23.125150375926555,-8.494586730362993,115,2,5.06,False,True,True,True
TWSE,2387,精元,11508,-17.121340434183715,-13.162918866352307,115,2,0.66,False,True,True,True
TWSE,2388,威盛,11508,77.39127929312332,39.642368618051144,115,2,0.34,True,True,True,True
TWSE,2390,云辰,11508,16.838183465914813,-3.721224690279976,115,2,0.11,False,True,True,True
TWSE,2392,正崴,11508,-24.697637910930144,-7.441006441401495,115,2,12.56,False,True,True,True
TWSE,2393,億光,11508,14.104232991248065,6.2842152330817544,115,2,2.14,True,True,True,True
TWSE,2395,研華,11508,87.51710391930136,45.88007993778177,115,2,9.05,True,True,True,True
TWSE,2397,友通,11508,48.01251619760783,31.395915935511784,115,2,2.05,True,True,True,True
TWSE,2399,映泰,11508,40.00112885928769,6.924847140370336,115,2,3.54,True,True,True,True
TWSE,2401,凌陽,11508,40.953094977651595,24.266914318613143,115,2,0.35,True,True,True,True
TWSE,2402,毅嘉,11508,16.41519792118706,17.16694209456082,115,2,0.46,True,True,True,True
TWSE,2404,漢唐,11508,59.050412994601615,71.61194957406076,115,2,36.23,True,True,True,True
TWSE,2405,輔信,11508,1.6573745229922687,8.414256730588155,115,2,0.03,True,True,True,True
TWSE,2406,國碩,11508,86.10504037359958,114.852843965949,115,2,0.33,True,True,True,True
TWSE,2408,南亞科,11508,560.8541425724004,638.1931640340957,115,2,23.38,True,True,True,True
TWSE,2409,友達,11508,-5.8591638763645015,-1.8235901087120903,115,2,0.03,False,True,True,True
TWSE,2412,中華電,11508,25.611715606986877,9.497045728601297,115,2,2.68,True,True,True,True
TWSE,2413,環科,11508,2.1952826948603468,13.888293634440506,115,2,2.39,True,True,True,True
TWSE,2414,精技,11508,79.51753158995898,47.823743308939875,115,2,2.53,True,True,True,True
TWSE,2415,錩新,11508,-0.5989983679339939,8.384155921777463,115,2,0.47,False,True,True,True
TWSE,2417,圓剛,11508,-14.548107023817966,10.121028370308606,115,2,0.6,False,True,True,True
TWSE,2419,仲琦,11508,245.59047432473767,22.177240352716513,115,2,0.14,True,True,True,True
TWSE,2420,新巨,11508,33.83291414236113,7.171924816765531,115,2,2.3,True,True,True,True
TWSE,2421,建準,11508,26.03114025371601,21.080301327136215,115,2,4.78,True,True,True,True
TWSE,2423,固緯,11508,28.149700598802394,23.650913184780542,115,2,2.49,True,True,True,True
TWSE,2424,隴華,11508,11.852704257767549,-10.656893859251424,115,2,-0.99,False,False,True,True
TWSE,2425,承啟,11508,118.45737918391718,120.45013392296771,115,2,0.68,True,True,True,True
TWSE,2426,鼎元,11508,38.57482029343866,6.34387132691982,115,2,0.28,True,True,True,True
TWSE,2427,三商電,11508,74.78099474049145,7.243276449917673,115,2,0.73,True,True,True,True
TWSE,2428,興勤,11508,51.21457814625632,27.60777173513282,115,2,7.55,True,True,True,True
TWSE,2429,銘旺科,11508,-9.206685272511468,-7.0318674494749915,115,2,-0.76,False,False,True,True
TWSE,2430,燦坤,11508,-0.32660689106132057,-1.2345839971333932,115,2,0.09,False,True,True,True
TWSE,2431,聯昌,11508,-47.32130464954892,-47.604052429094835,115,2,-0.32,False,False,True,True
TWSE,2432,倚天酷碁-創,11508,80.44201183191694,60.675254023555276,115,2,0.82,True,True,True,True
TWSE,2433,互盛電,11508,2.025527811385279,1.6428177597778113,115,2,1.06,True,True,True,True
TWSE,2434,統懋,11508,84.26308539944904,19.85682116089134,115,2,-0.65,True,False,True,True
TWSE,2436,偉詮電,11508,32.146686219899934,30.413890117508465,115,2,3.02,True,True,True,True
TWSE,2438,翔耀,11508,126.96455047850115,67.45512079557594,115,2,-0.94,True,False,True,True
TWSE,2439,美律,11508,-6.70298191510597,7.233663656742997,115,2,1.54,False,True,True,True
TWSE,2440,太空梭,11508,45.294396363447916,28.563205528633954,115,2,0.17,True,True,True,True
TWSE,2441,超豐,11508,41.984305244372294,26.928166893075222,115,2,2.98,True,True,True,True
TWSE,2442,新美齊,11508,19.870294519212013,386.338953029558,115,2,1.16,True,True,True,True
TWSE,2444,兆勁,11508,49.281115246027525,-16.83006430013472,115,2,-1.35,False,False,True,True
TWSE,2449,京元電子,11508,31.577957840545338,35.525232306090494,115,2,3.91,True,True,True,True
TWSE,2450,神腦,11508,27.642117309427462,17.035101755201783,115,2,0.67,True,True,True,True
TWSE,2451,創見,11508,275.4659980905217,384.0048979178835,115,2,46.63,True,True,True,True
TWSE,2453,凌群,11508,10.05037560760053,6.618951213914937,115,2,1.53,True,True,True,True
TWSE,2454,聯發科,11508,44.0812520934518,5.759084009235821,115,2,30.44,True,True,True,True
TWSE,2455,全新,11508,71.15939605853318,35.87422019326332,115,2,2.2,True,True,True,True
TWSE,2457,飛宏,11508,-17.75584706056263,-9.632753068593697,115,2,-0.65,False,False,True,True
TWSE,2458,義隆,11508,-36.72388444133861,-3.414824453264119,115,2,5.53,False,True,True,True
TWSE,2459,敦吉,11508,15.367865913117173,11.743313782362781,115,2,3.19,True,True,True,True
TWSE,2460,建通,11508,75.64976190094438,65.25316667122193,115,2,0.26,True,True,True,True
TWSE,2461,光群雷,11508,-4.683718279641983,2.030032386973569,115,2,0.64,False,True,True,True
TWSE,2462,良得電,11508,-0.48477769682399735,-1.216178290780346,115,2,-0.19,False,False,True,True
TWSE,2464,盟立,11508,73.70780965783624,31.436497637078872,115,2,0.66,True,True,True,True
TWSE,2465,麗臺,11508,383.2629286702524,200.70869091113056,115,2,2.79,True,True,True,True
TWSE,2466,冠西電,11508,59.9166856232939,1.39140308110625,115,2,0.05,True,True,True,True
TWSE,2467,志聖,11508,60.72584163286522,83.37487145378931,115,2,7.16,True,True,True,True
TWSE,2468,華經,11508,-28.593317819029362,-11.107757432523393,115,2,0.61,False,True,True,True
TWSE,2471,資通,11508,7.162610619469026,7.918498993545967,115,2,1.6,True,True,True,True
TWSE,2472,立隆電,11508,51.18935687397397,24.37989170066266,115,2,3.98,True,True,True,True
TWSE,2474,可成,11508,-40.457521383248356,-33.10764444132297,115,2,5.14,False,True,True,True
TWSE,2476,鉅祥,11508,41.04273473844109,39.812953681218005,115,2,2.98,True,True,True,True
TWSE,2477,美隆電,11508,27.950818777888088,3.7272298259524352,115,2,0.17,True,True,True,True
TWSE,2478,大毅,11508,43.63220372254852,22.76785962122869,115,2,2.91,True,True,True,True
TWSE,2480,敦陽科,11508,20.16137918832383,16.44809269319406,115,2,4.91,True,True,True,True
TWSE,2481,強茂,11508,29.819236781713233,18.102444649232893,115,2,2.03,True,True,True,True
TWSE,2482,連宇,11508,10.490975760750512,-8.43562520870997,115,2,-0.46,False,False,True,True
TWSE,2483,百容,11508,34.58750456181528,21.947331976771355,115,2,0.4,True,True,True,True
TWSE,2484,希華,11508,25.08933578159188,1.712453151897299,115,2,0.86,True,True,True,True
TWSE,2485,兆赫,11508,38.4113202729034,81.30158871998721,115,2,0.55,True,True,True,True
TWSE,2486,一詮,11508,46.069210459555194,29.997230066478405,115,2,0.91,True,True,True,True
TWSE,2488,漢平,11508,50.050599201065246,28.650552338037436,115,2,2.21,True,True,True,True
TWSE,2489,瑞軒,11508,23.58564530251907,16.629583213174833,115,2,0.44,True,True,True,True
TWSE,2491,吉祥全,11508,10.900439238653002,-3.2313289107639633,115,2,29.98,False,True,True,True
TWSE,2492,華新科,11508,45.54208446583508,22.102846217273182,115,2,4.93,True,True,True,True
TWSE,2493,揚博,11508,29.353931680575485,14.07201542724724,115,2,2.67,True,True,True,True
TWSE,2495,普安,11508,106.21354266385858,53.005263578868785,115,2,0.61,True,True,True,True
TWSE,2496,卓越,11508,-1.1061620238212422,1.464585319862434,115,2,2.48,False,True,True,True
TWSE,2497,怡利電,11508,17.290264824367657,19.767999850499027,115,2,1.59,True,True,True,True
TWSE,2498,宏達電,11508,-7.712817820445511,-6.921909595517191,115,2,-0.62,False,False,True,True
TWSE,2501,國建,11508,60.17783541872381,37.18142647157366,115,2,1.43,True,True,True,True
TWSE,2504,國產,11508,-8.07209921701119,-8.228076703288899,115,2,1.47,False,True,True,True
TWSE,2505,國揚,11508,24.460051290896107,-35.35729300195739,115,2,0.31,False,True,True,True
TWSE,2506,太設,11508,34.73091364205256,21.975757501062997,115,2,0.33,True,True,True,True
TWSE,2509,全坤建,11508,510.3268226648617,665.3996298068884,115,2,-0.52,True,False,True,True
TWSE,2511,太子,11508,87.88742117627663,23.60389010735311,115,2,0.16,True,True,True,True
TWSE,2514,龍邦,11508,-24.33274512866297,-2.9776569839162894,115,2,-0.65,False,False,True,True
TWSE,2515,中工,11508,28.83948243046841,25.737820431146346,115,2,0.25,True,True,True,True
TWSE,2516,新建,11508,-16.46010144951327,-20.493209119874678,115,2,0.66,False,True,True,True
TWSE,2520,冠德,11508,-26.50191428974837,16.927725927279067,115,2,1.87,False,True,True,True
TWSE,2524,京城,11508,14.061521049334061,-36.62908040959592,115,2,0.63,False,True,True,True
TWSE,2527,宏璟,11508,4.178486544506632,1088.1193927574902,115,2,3.99,True,True,True,True
TWSE,2528,皇普,11508,-76.39063420672002,-62.18377513682779,115,2,0.57,False,True,True,True
TWSE,2530,華建,11508,-99.86671400435164,-96.56360795924678,115,2,-0.11,False,False,True,True
TWSE,2534,宏盛,11508,0.6101558607306136,-82.56752295399505,115,2,-0.18,False,False,True,True
TWSE,2535,達欣工,11508,44.16751718611615,24.720250016076417,115,2,6.32,True,True,True,True
TWSE,2536,宏普,11508,-68.50736064901326,23.178726214211036,115,2,2.2,False,True,True,True
TWSE,2537,聯上發,11508,-14.959349593495935,204.84379128401804,115,2,0.41,False,True,True,True
TWSE,2538,基泰,11508,26.89925681255161,11.189501750074063,115,2,-0.02,True,False,True,True
TWSE,2539,櫻花建,11508,-8.693067590272417,17.776856289765973,115,2,2.36,False,True,True,True
TWSE,2540,愛山林,11508,98.38295459889332,-25.147354822354938,115,2,0.02,False,True,True,True
TWSE,2542,興富發,11508,-20.877100359415035,261.3116496890397,115,2,2.45,False,True,True,True
TWSE,2543,皇昌,11508,51.50921763610771,59.40841445991509,115,2,1.34,True,True,True,True
TWSE,2545,皇翔,11508,-75.63728646642173,-13.705721051462415,115,2,2.04,False,True,True,True
TWSE,2546,根基,11508,-24.412633887665898,11.18953581695973,115,2,8.89,False,True,True,True
TWSE,2547,日勝生,11508,81.22955024989892,63.44944538479019,115,2,0.01,True,True,True,True
TWSE,2548,華固,11508,139.52959372288657,105.3349499169469,115,2,2.81,True,True,True,True
TWSE,2597,潤弘,11508,40.9086362028445,16.72202814933286,115,2,5.08,True,True,True,True
TWSE,2601,益航,11508,-59.09316054715623,-55.31762970874439,115,2,-0.2,False,False,True,True
TWSE,2603,長榮,11508,48.63589929629481,9.779110494825478,115,2,11.24,True,True,True,True
TWSE,2605,新興,11508,58.75071504262123,38.71801301175803,115,2,3.67,True,True,True,True
TWSE,2606,裕民,11508,18.15606619816204,25.102361346902832,115,2,3.51,True,True,True,True
TWSE,2607,榮運,11508,49.389906432141686,12.75503366242711,115,2,2.68,True,True,True,True
TWSE,2608,嘉里大榮,11508,18.555452003727865,9.17301159496568,115,2,0.96,True,True,True,True
TWSE,2609,陽明,11508,56.170783181394626,11.925390308025573,115,2,2.05,True,True,True,True
TWSE,2610,華航,11508,27.22342415074881,18.64884605553921,115,2,1.08,True,True,True,True
TWSE,2611,志信,11508,6.7652150752430416,64.009255553107,115,2,0.9,True,True,True,True
TWSE,2612,中航,11508,27.160830492717693,10.018361664121652,115,2,2.74,True,True,True,True
TWSE,2613,中櫃,11508,1.7235336146348696,5.7344856083766365,115,2,0.68,True,True,True,True
TWSE,2614,東森,11508,-6.449968078852608,-3.741230489040516,115,2,0.83,False,True,True,True
TWSE,2615,萬海,11508,65.59455773911166,19.20499572036021,115,2,6.84,True,True,True,True
TWSE,2616,山隆,11508,11.000036752545114,10.6093398639996,115,2,-2.63,True,False,True,True
TWSE,2617,台航,11508,22.294523053907632,19.008403471245394,115,2,1.55,True,True,True,True
TWSE,2618,長榮航,11508,24.91631705549541,18.060054290686185,115,2,2.24,True,True,True,True
TWSE,2630,亞航,11508,-27.23051736920278,-22.36782549063983,115,2,0.12,False,True,True,True
TWSE,2633,台灣高鐵,11508,-1.572249872878074,3.318294496556257,115,2,0.67,False,True,True,True
TWSE,2634,漢翔,11508,13.152590617859552,9.471277250380826,115,2,1.3,True,True,True,True
TWSE,2636,台驊控股,11508,85.48459503786516,17.912643295520123,115,2,3.84,True,True,True,True
TWSE,2637,慧洋-KY,11508,34.96367119988952,35.384472552201,115,2,4.1,True,True,True,True
TWSE,2642,宅配通,11508,-17.08206229790128,-18.323604120917665,115,2,-1.26,False,False,True,True
TWSE,2645,長榮航太,11508,25.965948554084736,14.867151119951593,115,2,4.59,True,True,True,True
TWSE,2646,星宇航空,11508,47.787823252625145,33.97906965675668,115,2,-0.11,True,False,True,True
TWSE,2701,萬企,11508,0.2468160726626518,1.8965351991182249,115,2,0.29,True,True,True,True
TWSE,2702,華園,11508,10.740173206384188,8.169338847114055,115,2,0.31,True,True,True,True
TWSE,2704,國賓,11508,4.4697086184362265,4.6148464378262535,115,2,1.67,True,True,True,True
TWSE,2705,六福,11508,-0.6664248376955559,-0.25410896275637407,115,2,-0.45,False,False,True,True
TWSE,2706,第一店,11508,3.621019870720613,1.748382549252015,115,2,0.35,True,True,True,True
TWSE,2707,晶華,11508,7.577868993202221,5.557406286390941,115,2,8.62,True,True,True,True
TWSE,2712,遠雄來,11508,-2.241539413949649,6.609811492766337,115,2,-0.21,False,False,True,True
TWSE,2722,夏都,11508,-2.101226553299055,-0.012858061290092149,115,2,-0.35,False,False,True,True
TWSE,2723,美食-KY,11508,-3.235769382392474,-10.091956536480073,115,2,3.19,False,True,True,True
TWSE,2727,王品,11508,11.310893132346035,12.333406512291909,115,2,9.86,True,True,True,True
TWSE,2731,雄獅,11508,6.988488132071125,9.927571226946057,115,2,7.27,True,True,True,True
TWSE,2739,寒舍,11508,9.318725667830561,4.539888961976162,115,2,2.73,True,True,True,True
TWSE,2748,雲品,11508,2.210679894951853,3.92368389380886,115,2,1.14,True,True,True,True
TWSE,2753,八方雲集,11508,9.290082630316254,7.920341520331531,115,2,7.01,True,True,True,True
TWSE,2762,世界健身-KY,11508,5.206317955870409,8.44024616263937,115,2,4.01,True,True,True,True
TWSE,2801,彰銀,11508,21.134188454548564,14.336532468002106,115,2,0.94,True,True,True,True
TWSE,2812,台中銀,11508,1.760042446658356,16.73809307413978,115,2,0.87,True,True,True,True
TWSE,2816,旺旺保,11508,19.607460995942436,16.34832195927227,115,2,7.84,True,True,True,True
TWSE,2820,華票,11508,54.67421856837923,46.660801813515754,115,2,1.07,True,True,True,True
TWSE,2832,台產,11508,11.730491564603877,6.471095797682906,115,2,3.33,True,True,True,True
TWSE,2834,臺企銀,11508,8.817960929271047,6.522609793458852,115,2,0.71,True,True,True,True
TWSE,2836,高雄銀,11508,-1.5414168461493685,11.304491298497048,115,2,0.39,False,True,True,True
TWSE,2838,聯邦銀,11508,3.881349694132072,15.767843868384817,115,2,0.67,True,True,True,True
TWSE,2845,遠東銀,11508,5.0653083005513615,13.973074152306104,115,2,0.54,True,True,True,True
TWSE,2849,安泰銀,11508,18.897849055215733,19.4971425919971,115,2,0.54,True,True,True,True
TWSE,2850,新產,11508,4.706880588210361,9.520260592003373,115,2,8.51,True,True,True,True
TWSE,2851,中再保,11508,-31.48146235090942,75.56603074140139,115,2,7.91,False,True,True,True
TWSE,2852,第一保,11508,2.355430600040868,-0.06987023879856862,115,2,1.91,False,True,True,True
TWSE,2855,統一證,11508,109.8769286098819,217.39974254466642,115,2,6.96,True,True,True,True
TWSE,2880,華南金,11508,11.949803192383932,27.68663453865478,115,2,1.24,True,True,True,True
TWSE,2881,富邦金,11508,-48.01854159471246,172.4300720752013,115,2,6.67,False,True,True,True
TWSE,2882,國泰金,11508,-69.46614444389321,62.50533056017953,115,2,4.95,False,True,True,True
TWSE,2883,凱基金,11508,-51.734690174233705,4170.368366937034,115,2,1.64,False,True,True,True
TWSE,2884,玉山金,11508,19.28818447821957,21.262494272560335,115,2,1.32,True,True,True,True
TWSE,2885,元大金,11508,57.940258843989525,116.27641379493531,115,2,2.64,True,True,True,True
TWSE,2886,兆豐金,11508,15.550439685057762,16.575065751350657,115,2,1.44,True,True,True,True
TWSE,2887,台新新光金,11508,-44.54199215009353,81.87966962779522,115,2,1.69,False,True,True,True
TWSE,2889,國票金,11508,51.8964745383324,94.92137098120422,115,2,0.77,True,True,True,True
TWSE,2890,永豐金,11508,49.48292252285266,53.91258195129241,115,2,1.66,True,True,True,True
TWSE,2891,中信金,11508,-32.01339086205033,36.49722433384987,115,2,1.96,False,True,True,True
TWSE,2892,第一金,11508,13.898753138784288,17.98785271878287,115,2,1.24,True,True,True,True
TWSE,2897,王道銀行,11508,7.888838661721287,25.138842116597022,115,2,0.54,True,True,True,True
TWSE,2901,欣欣,11508,4.6923417441345725,3.7148652564474065,115,2,0.22,True,True,True,True
TWSE,2903,遠百,11508,-0.6393460561691366,-0.5013017704817845,115,2,0.55,False,True,True,True
TWSE,2904,匯僑,11508,-18.981097279852467,-17.765352167941927,115,2,0.14,False,True,True,True
TWSE,2905,三商,11508,7187.402448021923,49.90881573724763,115,2,1.93,True,True,True,True
TWSE,2906,高林,11508,7.888725250488645,2.4842683638344316,115,2,0.49,True,True,True,True
TWSE,2908,特力,11508,-5.434177906512505,1.4833808344575172,115,2,1.02,False,True,True,True
TWSE,2910,統領,11508,5.443196563604635,7.222603941078071,115,2,1.02,True,True,True,True
TWSE,2911,麗嬰房,11508,-22.678056962624893,-26.961570518890102,115,2,-0.17,False,False,True,True
TWSE,2912,統一超,11508,4.817758390349309,5.456905470817255,115,2,6.03,True,True,True,True
TWSE,2913,農林,11508,-7.492040235552675,-12.167097287091325,115,2,-0.1,False,False,True,True
TWSE,2915,潤泰全,11508,-15.645887473665073,-21.68737202198399,115,2,8.96,False,True,True,True
TWSE,2923,鼎固-KY,11508,218.9867410565063,159.21565069846721,115,2,-0.11,True,False,True,True
TWSE,2929,淘帝-KY,11508,50.320717981543716,11.286879760616975,115,2,-0.74,True,False,True,True
TWSE,2939,永邑-KY,11508,-39.58990536277602,-8.271832876472796,115,2,-0.56,False,False,True,True
TWSE,2945,三商家購,11508,35.2874619579956,28.894535368139266,115,2,0.57,True,True,True,True
TWSE,3002,歐格,11508,21.20531069213801,24.982512859446043,115,2,0.03,True,True,True,True
TWSE,3003,健和興,11508,59.309258699644346,42.13177453980629,115,2,1.46,True,True,True,True
TWSE,3004,豐達科,11508,62.29746815925001,40.46530427736193,115,2,4.01,True,True,True,True
TWSE,3005,神基,11508,18.388723770836382,9.956885927471163,115,2,4.27,True,True,True,True
TWSE,3006,晶豪科,11508,605.2432014317565,324.37526455062414,115,2,27.58,True,True,True,True
TWSE,3008,大立光,11508,-16.23206393579812,3.712545763251446,115,2,82.35,False,True,True,True
TWSE,3010,華立,11508,23.632875331333388,20.137897024320356,115,2,5.93,True,True,True,True
TWSE,3011,今皓,11508,-20.813517380040985,-34.15184287026856,115,2,-1.56,False,False,True,True
TWSE,3013,晟銘電,11508,16.382499777124007,22.25103084506245,115,2,2.78,True,True,True,True
TWSE,3014,聯陽,11508,5.328654064265897,0.15555393311946134,115,2,5.88,True,True,True,True
TWSE,3015,全漢,11508,1.295496203805812,-5.234599876531066,115,2,1.08,False,True,True,True
TWSE,3016,嘉晶,11508,57.78643473495075,34.73380056609053,115,2,1.0,True,True,True,True
TWSE,3017,奇鋐,11508,54.340256925995845,76.09653467608655,115,2,44.54,True,True,True,True
TWSE,3018,隆銘綠能,11508,130.49163179916317,-38.15147028595431,115,2,-2.17,False,False,True,True
TWSE,3019,亞光,11508,15.288008714183615,15.450387697023633,115,2,2.98,True,True,True,True
TWSE,3021,鴻名,11508,-14.003930732447113,-4.4217027653995755,115,2,0.46,False,True,True,True
TWSE,3022,威強電,11508,84.97614765538744,32.40539437293427,115,2,3.29,True,True,True,True
TWSE,3023,信邦,11508,32.47027412494115,13.931522283125933,115,2,7.37,True,True,True,True
TWSE,3024,憶聲,11508,-44.122551672688445,-52.84020841655472,115,2,0.05,False,True,True,True
TWSE,3025,星通,11508,-12.673016603838738,31.007125541761553,115,2,1.26,False,True,True,True
TWSE,3026,禾伸堂,11508,33.21856745910945,20.410227136107203,115,2,6.73,True,True,True,True
TWSE,3027,盛達,11508,-11.21001230390649,-45.78167640368333,115,2,-0.06,False,False,True,True
TWSE,3028,增你強,11508,87.95350944559226,95.60013434168664,115,2,5.24,True,True,True,True
TWSE,3029,零壹,11508,44.443850807787626,20.12505547800622,115,2,3.63,True,True,True,True
TWSE,3030,德律,11508,31.881394189510655,27.416001854889267,115,2,7.36,True,True,True,True
TWSE,3031,佰鴻,11508,27.820762534032088,24.120142651511113,115,2,0.57,True,True,True,True
TWSE,3032,偉訓,11508,-1.483436210234121,9.626941668112092,115,2,1.85,False,True,True,True
TWSE,3033,威健,11508,56.83746008784256,35.66932938520228,115,2,3.38,True,True,True,True
TWSE,3034,聯詠,11508,26.33031651680444,4.113322177571192,115,2,16.59,True,True,True,True
TWSE,3035,智原,11508,29.883694137526195,-41.07112584337144,115,2,1.16,False,True,True,True
TWSE,3036,文曄,11508,98.21291582397657,109.20046830886439,115,2,13.0,True,True,True,True
TWSE,3037,欣興,11508,56.25723917867715,34.15926167073539,115,2,11.7,True,True,True,True
TWSE,3038,全台,11508,-10.995019804287045,-7.294590455232543,115,2,0.64,False,True,True,True
TWSE,3040,遠見,11508,3.317870108914885,3.541778653765753,115,2,-0.1,True,False,True,True
TWSE,3041,揚智,11508,143.33455025414924,69.46103918462916,115,2,-0.69,True,False,True,True
TWSE,3042,晶技,11508,23.47690304200431,11.701855580964082,115,2,2.96,True,True,True,True
TWSE,3043,科風,11508,74.63776276276276,7.525025600998022,115,2,0.49,True,True,True,True
TWSE,3044,健鼎,11508,65.47995924001005,38.71624949635544,115,2,13.02,True,True,True,True
TWSE,3045,台灣大,11508,8.499575061975785,4.7269684262851275,115,2,2.86,True,True,True,True
TWSE,3046,建碁,11508,41.05212417250466,27.07266603511486,115,2,2.75,True,True,True,True
TWSE,3047,訊舟,11508,28.02266770037287,-23.813273440493674,115,2,-0.31,False,False,True,True
TWSE,3048,益登,11508,50.313337513386344,36.26105158634005,115,2,3.15,True,True,True,True
TWSE,3049,精金,11508,-72.22465114584472,-54.103148921770625,115,2,0.51,False,True,True,True
TWSE,3050,鈺德,11508,-9.006371153585468,-4.513683820048127,115,2,0.31,False,True,True,True
TWSE,3051,力特,11508,14.157664088413487,5.896584781603529,115,2,1.05,True,True,True,True
TWSE,3052,夆典,11508,-10.79426498806199,3.1086873100342522,115,2,0.69,False,True,True,True
TWSE,3054,立萬利,11508,75.61228823557171,358.9093907385123,115,2,2.9,True,True,True,True
TWSE,3055,蔚華科,11508,108.23555166374781,8.08709676380926,115,2,-0.03,True,False,True,True
TWSE,3056,富華新,11508,50.1873823746011,-81.57775354569975,115,2,-0.05,False,False,True,True
TWSE,3057,喬鼎,11508,26.93616629874908,9.960007119151564,115,2,-0.46,True,False,True,True
TWSE,3058,立德,11508,24.478796146732172,7.382766432499089,115,2,-0.14,True,False,True,True
TWSE,3059,華晶科,11508,8.251532958610117,7.207081766296442,115,2,0.64,True,True,True,True
TWSE,3060,銘異,11508,46.389392118216364,23.061613795971393,115,2,0.68,True,True,True,True
TWSE,3062,建漢,11508,34.73919399773812,2.5753633440709716,115,2,-0.88,True,False,True,True
TWSE,3090,日電貿,11508,38.4488218327368,30.027077312899042,115,2,4.91,True,True,True,True
TWSE,3092,鴻碩,11508,-12.902576801052387,-5.3120099957556866,115,2,-2.19,False,False,True,True
TWSE,3094,聯傑,11508,30.20885757423251,17.097369987636043,115,2,0.39,True,True,True,True
TWSE,3130,一零四,11508,12.453576005038768,8.391803860393805,115,2,9.6,True,True,True,True
TWSE,3135,凌航,11508,237.786227791755,246.12532001939255,115,2,20.87,True,True,True,True
TWSE,3138,耀登,11508,-8.23892692650958,7.337925140382053,115,2,0.41,False,True,True,True
TWSE,3149,正達,11508,19.271287907657133,13.108802249925319,115,2,-0.85,True,False,True,True
TWSE,3150,鈺寶-創,11508,-8.975749728802883,-0.36521122258178934,115,2,0.03,False,True,True,True
TWSE,3164,景岳,11508,15.497789297148955,-7.1031803457526745,115,2,0.23,False,True,True,True
TWSE,3167,大量,11508,152.9786603130761,135.15148912145784,115,2,9.26,True,True,True,True
TWSE,3168,眾福科,11508,38.86429069970337,17.805431701312642,115,2,1.43,True,True,True,True
TWSE,3189,景碩,11508,40.57567965225748,32.08590042030249,115,2,3.74,True,True,True,True
TWSE,3209,全科,11508,27.44356183968248,42.646634382785884,115,2,3.28,True,True,True,True
TWSE,3229,晟鈦,11508,80.40598372488151,63.05454340558206,115,2,1.28,True,True,True,True
TWSE,3231,緯創,11508,166.4840985505344,98.8701912579111,115,2,7.78,True,True,True,True
TWSE,3257,虹冠電,11508,-40.26848972048054,-40.48985137766323,115,2,0.65,False,True,True,True
TWSE,3266,昇陽,11508,307.0065719737121,83.54021703884372,115,2,0.08,True,True,True,True
TWSE,3296,勝德,11508,53.38669997638869,11.602316746543744,115,2,-0.2,True,False,True,True
TWSE,3305,昇貿,11508,47.40192209431158,61.44649492226838,115,2,3.84,True,True,True,True
TWSE,3308,聯德,11508,3.4111310592459607,-5.18064076346285,115,2,0.51,False,True,True,True
TWSE,3311,閎暉,11508,104.38285639491761,15.60311433090802,115,2,0.84,True,True,True,True
TWSE,3312,弘憶股,11508,35.1919397058577,18.37896512787739,115,2,1.84,True,True,True,True
TWSE,3321,同泰,11508,16.941234079337242,15.520224831592872,115,2,-0.78,True,False,True,True
TWSE,3338,泰碩,11508,61.997363216875414,10.66950285244647,115,2,0.46,True,True,True,True
TWSE,3346,麗清,11508,9.590773767650221,-12.761365256391711,115,2,-0.86,False,False,True,True
TWSE,3356,奇偶,11508,20.631758288564324,14.755515574732797,115,2,7.8,True,True,True,True
TWSE,3376,新日興,11508,-10.00744640377718,-12.49791995621739,115,2,0.47,False,True,True,True
TWSE,3380,明泰,11508,66.87986902351231,10.29251058529535,115,2,0.11,True,True,True,True
TWSE,3406,玉晶光,11508,0.7211954265149975,11.799466075341384,115,2,13.99,True,True,True,True
TWSE,3413,京鼎,11508,23.54138354194384,20.046471381907605,115,2,8.89,True,True,True,True
TWSE,3416,融程電,11508,16.65176119420153,27.112358594159254,115,2,4.28,True,True,True,True
TWSE,3419,譁裕,11508,14.743520299000624,4.595457429430406,115,2,-0.74,True,False,True,True
TWSE,3432,台端,11508,86.54643709940933,130.1290650876625,115,2,-0.41,True,False,True,True
TWSE,3437,榮創,11508,-42.512089132849766,-19.026624015792844,115,2,-1.25,False,False,True,True
TWSE,3443,創意,11508,111.0204372171911,103.84182833494644,115,2,23.89,True,True,True,True
TWSE,3447,展達,11508,-30.265777626569616,-1.331942699582173,115,2,0.4,False,True,True,True
TWSE,3450,聯鈞,11508,109.75810219812358,29.44255734638869,115,2,2.78,True,True,True,True
TWSE,3481,群創,11508,0.022929206689571976,11.863947296575402,115,2,0.77,True,True,True,True
TWSE,3494,誠研,11508,13.801566755202906,8.31714362352839,115,2,-0.55,True,False,True,True
TWSE,3501,維熹,11508,-1.260839153074933,-6.586157332144942,115,2,0.72,False,True,True,True
TWSE,3504,揚明光,11508,17.3297047506719,8.983848956159841,115,2,0.1,True,True,True,True
TWSE,3515,華擎,11508,3.3204646156251716,16.877180356894975,115,2,7.1,True,True,True,True
TWSE,3518,柏騰,11508,-18.86745266166488,-25.060260099405806,115,2,2.78,False,True,True,True
TWSE,3528,安馳,11508,43.13409722164448,74.9897481658048,115,2,5.48,True,True,True,True
TWSE,3530,晶相光,11508,14.045652856346619,36.58688318518234,115,2,1.08,True,True,True,True
TWSE,3532,台勝科,11508,29.27771748942473,19.136387329441018,115,2,-0.05,True,False,True,True
TWSE,3533,嘉澤,11508,19.58057828451359,17.70480618897316,115,2,39.04,True,True,True,True
TWSE,3535,晶彩科,11508,38.91140127069888,373.93372307548594,115,2,1.12,True,True,True,True
TWSE,3543,州巧,11508,19.998340169215382,1.122911522918418,115,2,-0.54,True,False,True,True
TWSE,3545,敦泰,11508,-8.267450330294125,-12.953081499745,115,2,0.64,False,True,True,True
TWSE,3550,聯穎,11508,33.664828743304966,29.522416342753097,115,2,0.67,True,True,True,True
TWSE,3557,嘉威,11508,17.898725611819106,-8.851417123230622,115,2,0.68,False,True,True,True
TWSE,3563,牧德,11508,35.677791635986594,14.39307833166791,115,2,9.8,True,True,True,True
TWSE,3576,聯合再生,11508,-13.032185165971418,-14.582997031837992,115,2,0.93,False,True,True,True
TWSE,3583,辛耘,11508,18.057239217229007,8.119315930762797,115,2,9.16,True,True,True,True
TWSE,3588,通嘉,11508,39.76175548589342,26.313936690153707,115,2,1.0,True,True,True,True
TWSE,3591,艾笛森,11508,44.13254324661866,14.371715030254848,115,2,0.16,True,True,True,True
TWSE,3592,瑞鼎,11508,22.845652560060394,8.167831355342534,115,2,8.35,True,True,True,True
TWSE,3593,力銘,11508,-29.803008404261014,-44.79598682225254,115,2,-1.45,False,False,True,True
TWSE,3596,智易,11508,1.9322601618589959,2.659555891718126,115,2,6.5,True,True,True,True
TWSE,3605,宏致,11508,17.241795702027165,17.164093258879422,115,2,1.89,True,True,True,True
TWSE,3607,谷崧,11508,24.039361310237073,2.204171210738054,115,2,0.07,True,True,True,True
TWSE,3617,碩天,11508,13.30642285326325,10.150870465445612,115,2,11.12,True,True,True,True
TWSE,3622,洋華,11508,-35.95370761921345,-8.190924375728354,115,2,1.1,False,True,True,True
TWSE,3645,達邁,11508,-10.96126130902746,-2.676169925508353,115,2,1.52,False,True,True,True
TWSE,3652,精聯,11508,29.970511106802853,17.929666298590707,115,2,1.12,True,True,True,True
TWSE,3653,健策,11508,90.90319995881177,42.93230357414348,115,2,25.33,True,True,True,True
TWSE,3661,世芯-KY,11508,273.61017160561573,13.583391933925407,115,2,37.57,True,True,True,True
TWSE,3665,貿聯-KY,11508,53.99150153319462,40.00683620722877,115,2,26.94,True,True,True,True
TWSE,3669,圓展,11508,-22.969710225104105,8.149928125725381,115,2,1.4,False,True,True,True
TWSE,3673,TPK-KY,11508,16.136045573102717,15.259546334651775,115,2,3.33,True,True,True,True
TWSE,3679,新至陞,11508,28.179561259600167,-2.824026611858125,115,2,4.18,False,True,True,True
TWSE,3686,達能,11508,34.30896630496859,13.801930953774137,115,2,-0.13,True,False,True,True
TWSE,3694,海華,11508,-1.866193062525384,2.5214897703210557,115,2,1.82,False,True,True,True
TWSE,3701,大眾控,11508,6.456787543786104,-17.637644367148695,115,2,-1.28,False,False,True,True
TWSE,3702,大聯大,11508,80.45926827221638,62.39086469044157,115,2,8.42,True,True,True,True
TWSE,3703,欣陸,11508,15.273080235304398,-6.392503455136936,115,2,0.57,False,True,True,True
TWSE,3704,合勤控,11508,28.10811049078664,12.378970592756176,115,2,1.55,True,True,True,True
TWSE,3705,永信,11508,4.594724569373681,-8.684353500920835,115,2,1.63,False,True,True,True
TWSE,3706,神達,11508,119.89332334202707,52.56887075398791,115,2,2.58,True,True,True,True
TWSE,3708,上緯投控,11508,534.5730588954555,23.246721642333693,115,2,-0.87,True,False,True,True
TWSE,3711,日月光投控,11508,45.65918579706578,27.977969181023816,115,2,8.04,True,True,True,True
TWSE,3712,永崴投控,11508,-72.73710735170101,-29.943044079806562,115,2,2.11,False,True,True,True
TWSE,3714,富采,11508,14.23365151641082,6.21605273443481,115,2,1.49,True,True,True,True
TWSE,3715,定穎投控,11508,83.96056599949932,46.4979804114173,115,2,-1.55,True,False,True,True
TWSE,3716,中化控股,11508,-1.1883795932795085,-2.14846065561529,115,2,3.02,False,True,True,True
TWSE,3717,聯嘉投控,11508,10.007209773926757,891.2522135748499,115,2,1.15,True,True,True,True
TWSE,4104,佳醫,11508,32.2453706621182,13.501560144597493,115,2,2.77,True,True,True,True
TWSE,4106,雃博,11508,14.040676425848002,8.054758241528921,115,2,1.09,True,True,True,True
TWSE,4108,懷特,11508,25.833995234312948,13.032924405944717,115,2,-0.11,True,False,True,True
TWSE,4119,旭富,11508,187.52268077056712,14.20904000499167,115,2,0.06,True,True,True,True
TWSE,4133,亞諾法,11508,-14.661006128702757,-5.025889565469533,115,2,0.38,False,True,True,True
TWSE,4137,麗豐-KY,11508,-10.712890806628602,5.238685886972584,115,2,2.92,False,True,True,True
TWSE,4142,國光生,11508,34.461213111602426,12.563077939903373,115,2,-0.82,True,False,True,True
TWSE,4148,全宇生技-KY,11508,51.949525200273904,26.60381039079264,115,2,1.22,True,True,True,True
TWSE,4155,訊映,11508,49.34935162264665,8.18578377067039,115,2,0.74,True,True,True,True
TWSE,4164,承業醫,11508,15.423642820903094,12.4574908386157,115,2,0.45,True,True,True,True
TWSE,4169,泰宗,11508,21.796278158667974,6.966875559534468,115,2,-0.55,True,False,True,True
TWSE,4178,永笙-KY,11508,9.023941068139964,0.2505942548648322,115,2,-0.44,True,False,True,True
TWSE,4190,佐登-KY,11508,-1.0165207405472079,-4.405555182235704,115,2,-1.06,False,False,True,True
TWSE,4195,基米-創,11508,-29.985419704228285,-1.7946566960934904,115,2,-0.14,False,False,True,True
TWSE,4306,炎洲,11508,6.505027129846337,16.419192541899744,115,2,0.77,True,True,True,True
TWSE,4414,如興,11508,15.254163430311852,10.644213725652621,115,2,-1.07,True,False,True,True
TWSE,4426,利勤,11508,17.51422984468607,6.491322699680648,115,2,-0.78,True,False,True,True
TWSE,4438,廣越,11508,-5.9146926295119115,3.8117095115358057,115,2,2.51,False,True,True,True
TWSE,4439,冠星-KY,11508,19.93047075162225,15.181344445962017,115,2,5.53,True,True,True,True
TWSE,4440,宜新實業,11508,-39.33341994307378,-0.6716107482553952,115,2,1.17,False,True,True,True
TWSE,4441,振大環球,11508,20.55878866014236,14.756522618568958,115,2,9.08,True,True,True,True
TWSE,4526,東台,11508,17.955753491682234,3.405048445551008,115,2,-1.02,True,False,True,True
TWSE,4532,瑞智,11508,21.406128629300962,4.718935901809622,115,2,1.01,True,True,True,True
TWSE,4536,拓凱,11508,7.735263240188523,2.901402501024873,115,2,6.55,True,True,True,True
TWSE,4540,全球傳動,11508,45.043492645538386,43.81760693363294,115,2,0.25,True,True,True,True
TWSE,4545,銘鈺,11508,54.178385560845975,1.3387794571039264,115,2,0.47,True,True,True,True
TWSE,4551,智伸科,11508,33.50029974022514,21.058786364347647,115,2,4.77,True,True,True,True
TWSE,4552,力達-KY,11508,-13.84070339115593,-8.439311312769856,115,2,-0.07,False,False,True,True
TWSE,4555,氣立,11508,25.53595413718325,16.785609605582653,115,2,0.69,True,True,True,True
TWSE,4557,永新-KY,11508,4.218446939304149,-16.199864138089673,115,2,0.84,False,True,True,True
TWSE,4560,強信-KY,11508,32.48550332604372,16.813558045921894,115,2,1.41,True,True,True,True
TWSE,4562,穎漢,11508,-0.9888846301264852,-14.00601153018475,115,2,-0.04,False,False,True,True
TWSE,4564,元翎,11508,-12.182401711687618,-28.826247701768423,115,2,-0.71,False,False,True,True
TWSE,4566,時碩工業,11508,53.94780686006835,20.455252439317967,115,2,0.99,True,True,True,True
TWSE,4569,六方科-KY,11508,3.6233522189411813,6.900949794253488,115,2,5.54,True,True,True,True
TWSE,4571,鈞興-KY,11508,-4.012413362306706,2.6353635450471335,115,2,4.16,False,True,True,True
TWSE,4572,駐龍,11508,48.85107594824057,12.689665371240674,115,2,1.86,True,True,True,True
TWSE,4576,大銀微系統,11508,98.0452097433352,55.75153262414533,115,2,1.92,True,True,True,True
TWSE,4581,光隆精密-KY,11508,20.547519744431625,8.020517008191492,115,2,2.03,True,True,True,True
TWSE,4582,聚恆-創,11508,66.87285868493922,134.67269589515453,115,2,1.16,True,True,True,True
TWSE,4583,台灣精銳,11508,23.63241308793456,15.966613712785902,115,2,6.81,True,True,True,True
TWSE,4585,達明,11508,-6.109261436017995,10.417941016188767,115,2,1.83,False,True,True,True
TWSE,4588,玖鼎電力,11508,28.731210721679794,31.52850095520466,115,2,1.36,True,True,True,True
TWSE,4590,富田-創,11508,62.92394994781232,-3.800837610148155,115,2,2.07,False,True,True,True
TWSE,4720,德淵,11508,25.115141249265054,14.2939230374777,115,2,0.13,True,True,True,True
TWSE,4722,國精化,11508,24.140840725495472,8.277636082396763,115,2,1.29,True,True,True,True
TWSE,4736,泰博,11508,42.68640953520201,3.2843103162332348,115,2,16.6,True,True,True,True
TWSE,4737,華廣,11508,-10.3156522623041,-10.698358819946954,115,2,-1.77,False,False,True,True
TWSE,4739,康普,11508,34.3964560862866,105.58167185873114,115,2,3.51,True,True,True,True
TWSE,4746,台耀,11508,25.693381255304576,-3.3724172905049086,115,2,0.04,False,True,True,True
TWSE,4755,三福化,11508,10.875065118284716,1.5953663373700453,115,2,2.33,True,True,True,True
TWSE,4763,材料*-KY,11508,20.823040868540726,-20.909106035328332,115,2,1.85,False,True,True,True
TWSE,4764,雙鍵,11508,22.74541430489431,27.903991771227773,115,2,2.26,True,True,True,True
TWSE,4766,南寶,11508,14.169708915756306,11.427124707066692,115,2,13.82,True,True,True,True
TWSE,4770,上品,11508,-29.499451190329488,1.4763090772693173,115,2,5.63,False,True,True,True
TWSE,4771,望隼,11508,70.6377909701609,34.11983247770873,115,2,8.4,True,True,True,True
TWSE,4807,日成-KY,11508,105.4337738232811,38.99935957688426,115,2,2.0,True,True,True,True
TWSE,4904,遠傳,11508,15.651609823935727,11.379919387655278,115,2,2.14,True,True,True,True
TWSE,4906,正文,11508,56.09452372021568,-14.388667580140778,115,2,-0.42,False,False,True,True
TWSE,4912,聯德控股-KY,11508,32.22226470452108,30.75857341115665,115,2,2.85,True,True,True,True
TWSE,4915,致伸,11508,20.37763660684673,13.333822199961121,115,2,2.55,True,True,True,True
TWSE,4916,事欣科,11508,82.95982513400992,61.84717333927541,115,2,5.45,True,True,True,True
TWSE,4919,新唐,11508,12.097435203326537,1.0106347145043182,115,2,-0.57,True,False,True,True
TWSE,4927,泰鼎-KY,11508,35.519426974762084,2.7170923376733596,115,2,-5.46,True,False,True,True
TWSE,4930,燦星網,11508,31.426416017616116,-2.201394593944737,115,2,-1.2,False,False,True,True
TWSE,4934,太極,11508,192.98288508557457,163.62546217647647,115,2,-0.37,True,False,True,True
TWSE,4935,茂林-KY,11508,-18.427358229147988,-24.772115675044525,115,2,0.41,False,True,True,True
TWSE,4938,和碩,11508,34.11291108532581,1.4877195531201224,115,2,2.26,True,True,True,True
TWSE,4942,嘉彰,11508,-13.498025882869051,-7.993847848592447,115,2,0.77,False,True,True,True
TWSE,4943,康控-KY,11508,42.405142677955475,46.61979226249667,115,2,-1.34,True,False,True,True
TWSE,4949,有成精密,11508,107.5919947488982,53.29791219386038,115,2,2.67,True,True,True,True
TWSE,4952,凌通,11508,44.886253910625314,24.922274259133268,115,2,1.68,True,True,True,True
TWSE,4956,光鋐,11508,-15.939965029708924,4.868013759422069,115,2,0.28,False,True,True,True
TWSE,4958,臻鼎-KY,11508,41.05228119001421,19.885742966514616,115,2,3.55,True,True,True,True
TWSE,4960,誠美材,11508,-13.901583847176884,-9.733302932466874,115,2,-0.6,False,False,True,True
TWSE,4961,天鈺,11508,50.151362691195914,10.626183057015366,115,2,5.07,True,True,True,True
TWSE,4967,十銓,11508,275.0567709273065,87.01658569617017,115,2,53.44,True,True,True,True
TWSE,4968,立積,11508,-2.4357100270264547,2.837596786207892,115,2,1.0,False,True,True,True
TWSE,4976,佳凌,11508,13.2611068164249,2.8163043678591126,115,2,-1.63,True,False,True,True
TWSE,4977,眾達-KY,11508,106.21752924846322,13.696101410482227,115,2,1.5,True,True,True,True
TWSE,4989,榮科,11508,101.82935261463086,73.03671866545044,115,2,-0.67,True,False,True,True
TWSE,4994,傳奇,11508,-10.942530168027083,-4.047295346708349,115,2,0.69,False,True,True,True
TWSE,4999,鑫禾,11508,-26.9358643994044,-14.620947359989977,115,2,-1.23,False,False,True,True
TWSE,5007,三星,11508,3.507039906689994,-0.2571544415387716,115,2,1.82,False,True,True,True
TWSE,5203,訊連,11508,-21.73033917256802,-8.61929140481218,115,2,1.66,False,True,True,True
TWSE,5215,科嘉-KY,11508,5.255814833382204,26.825394621592466,115,2,1.77,True,True,True,True
TWSE,5222,全訊,11508,59.944312768944016,-10.149431027303057,115,2,0.63,False,True,True,True
TWSE,5225,東科-KY,11508,-8.967064082884173,-3.194339094235462,115,2,1.92,False,True,True,True
TWSE,5234,達興材料,11508,18.52409047500687,11.27585050122346,115,2,4.44,True,True,True,True
TWSE,5236,凌陽創新,11508,13.223975893594018,14.582431847684985,115,2,5.86,True,True,True,True
TWSE,5243,乙盛-KY,11508,54.12471687397441,10.25654300824161,115,2,3.0,True,True,True,True
TWSE,5244,弘凱,11508,29.767265687471067,5.170218248780662,115,2,-0.73,True,False,True,True
TWSE,5258,虹堡,11508,3.2102160970304428,14.672855969873382,115,2,0.48,True,True,True,True
TWSE,5269,祥碩,11508,-32.50801819573959,-6.92021024463388,115,2,52.07,False,True,True,True
TWSE,5283,禾聯碩,11508,7.987413652261498,0.6296475964874606,115,2,2.9,True,True,True,True
TWSE,5284,jpp-KY,11508,13.16863560706133,38.28834334404247,115,2,8.54,True,True,True,True
TWSE,5285,界霖,11508,19.926592779660574,14.294781162038817,115,2,2.01,True,True,True,True
TWSE,5288,豐祥-KY,11508,60.09646994248528,35.380100629058546,115,2,8.03,True,True,True,True
TWSE,5292,華懋,11508,8.90323466794863,-4.43549934750902,115,2,4.6,False,True,True,True
TWSE,5306,桂盟,11508,12.064838592632388,11.00997547704127,115,2,3.94,True,True,True,True
TWSE,5388,中磊,11508,45.05455923264947,55.154770337482326,115,2,2.59,True,True,True,True
TWSE,5434,崇越,11508,36.335554628193385,25.1958109453011,115,2,14.79,True,True,True,True
TWSE,5469,瀚宇博,11508,26.409668850860886,24.721919865809006,115,2,2.05,True,True,True,True
TWSE,5471,松翰,11508,20.442707757121426,28.770564343808573,115,2,1.2,True,True,True,True
TWSE,5484,慧友,11508,12.938514648255271,92.45269071555293,115,2,0.87,True,True,True,True
TWSE,5515,建國,11508,-4.37832255975924,23.083682013176478,115,2,6.08,False,True,True,True
TWSE,5519,隆大,11508,-92.5171145256551,-66.7853832112719,115,2,0.76,False,True,True,True
TWSE,5521,工信,11508,-12.630846088894067,8.929400704430074,115,2,0.58,False,True,True,True
TWSE,5522,遠雄,11508,-46.73673080364693,85.24292591268147,115,2,1.99,False,True,True,True
TWSE,5525,順天,11508,1699.2086400934063,1440.8138488925792,115,2,2.33,True,True,True,True
TWSE,5531,鄉林,11508,-14.068064215002709,6.198075552880791,115,2,-0.12,False,False,True,True
TWSE,5533,皇鼎,11508,189.42621733966746,8.811016014230672,115,2,0.39,True,True,True,True
TWSE,5534,長虹,11508,88.58141426234812,67.0501740981801,115,2,1.05,True,True,True,True
TWSE,5538,東明-KY,11508,20.917365460142236,13.899914086083019,115,2,2.74,True,True,True,True
TWSE,5546,永固-KY,11508,32.806001600215474,-40.16822859192981,115,2,-0.66,False,False,True,True
TWSE,5607,遠雄港,11508,33.496752221260934,36.22844004446429,115,2,2.18,True,True,True,True
TWSE,5608,四維航,11508,39.146736585822644,13.85143854744553,115,2,0.32,True,True,True,True
TWSE,5706,鳳凰,11508,-7.7087295734192445,-3.6608825968933796,115,2,1.79,False,True,True,True
TWSE,5871,中租-KY,11508,-0.6827451029023324,-0.766961546418526,115,2,5.84,False,True,True,True
TWSE,5876,上海商銀,11508,7.060368875130942,1.9616692181356892,115,2,2.08,True,True,True,True
TWSE,5880,合庫金,11508,23.602041097562417,18.308406790653798,115,2,0.8,True,True,True,True
TWSE,5906,台南-KY,11508,-5.6371181609054855,-1.7098646315585107,115,2,0.01,False,True,True,True
TWSE,5907,大洋-KY,11508,3.798646859167597,0.7000837818542196,115,2,-2.03,True,False,True,True
TWSE,6005,群益證,11508,45.34586757893414,99.71869572400732,115,2,3.24,True,True,True,True
TWSE,6024,群益期,11508,7.8009701602234305,-12.893749968955976,115,2,4.09,False,True,True,True
TWSE,6108,競國,11508,45.69444140456857,31.204309032756544,115,2,0.32,True,True,True,True
TWSE,6112,邁達特,11508,18.78872114528698,18.345567665555134,115,2,1.85,True,True,True,True
TWSE,6115,鎰勝,11508,10.76371827919599,11.671333719067045,115,2,1.48,True,True,True,True
TWSE,6116,彩晶,11508,8.002552973034222,2.934742739613242,115,2,-0.02,True,False,True,True
TWSE,6117,迎廣,11508,2.448863884164159,4.568236929895743,115,2,1.81,True,True,True,True
TWSE,6120,達運,11508,-3.0908291445455935,-4.68993809001671,115,2,1.42,False,True,True,True
TWSE,6128,上福,11508,4.958710988432169,-1.952399114106245,115,2,0.66,False,True,True,True
TWSE,6133,金橋,11508,2.1503024388602388,6.654188450243673,115,2,0.5,True,True,True,True
TWSE,6136,富爾特,11508,31.718972752645424,18.151019177606198,115,2,-0.04,True,False,True,True
TWSE,6139,亞翔,11508,41.68738766970338,63.37387073487776,115,2,25.91,True,True,True,True
TWSE,6141,柏承,11508,98.63848944446873,32.20453750927072,115,2,-1.23,True,False,True,True
TWSE,6142,友勁,11508,49.47108414326371,3.5828036177446885,115,2,-0.28,True,False,True,True
TWSE,6152,百一,11508,118.48334266517357,55.91323881362982,115,2,0.27,True,True,True,True
TWSE,6153,嘉聯益,11508,15.951204384178762,5.320523092116666,115,2,-0.86,True,False,True,True
TWSE,6155,鈞寶,11508,50.04599448066232,23.804952873419065,115,2,0.82,True,True,True,True
TWSE,6164,華興,11508,-12.054528988385579,-1.546922168761003,115,2,0.16,False,True,True,True
TWSE,6165,浪凡,11508,5.857372209850329,8.037990407753298,115,2,1.91,True,True,True,True
TWSE,6166,凌華,11508,47.83425710381272,41.599570704074004,115,2,3.12,True,True,True,True
TWSE,6168,宏齊,11508,18.51905389054854,9.291632139804404,115,2,0.17,True,True,True,True
TWSE,6176,瑞儀,11508,-13.630346581340595,-7.434927369580751,115,2,2.81,False,True,True,True
TWSE,6177,達麗,11508,-8.722566122678671,322.34997244143955,115,2,5.03,False,True,True,True
TWSE,6183,關貿,11508,5.565872206941167,13.34811883603456,115,2,2.41,True,True,True,True
TWSE,6184,大豐電,11508,-0.5832074713911563,1.1474870703469484,115,2,1.51,False,True,True,True
TWSE,6189,豐藝,11508,11.831882244660527,0.17811967564272366,115,2,2.01,True,True,True,True
TWSE,6191,精成科,11508,20.44511842142368,26.98199239737183,115,2,2.32,True,True,True,True
TWSE,6192,巨路,11508,12.994361278063124,12.560808807114464,115,2,5.3,True,True,True,True
TWSE,6196,帆宣,11508,83.88589994276812,51.719650821609626,115,2,13.26,True,True,True,True
TWSE,6197,佳必琪,11508,25.34617547890212,23.675774484284208,115,2,7.0,True,True,True,True
TWSE,6201,亞弘電,11508,33.248340525032496,-5.750560893870196,115,2,1.52,False,True,True,True
TWSE,6202,盛群,11508,43.72792046000946,18.929218970865353,115,2,0.94,True,True,True,True
TWSE,6205,詮欣,11508,24.992973068634903,-3.7203110547915434,115,2,1.16,False,True,True,True
TWSE,6206,飛捷,11508,62.175214994119465,30.078514957922568,115,2,5.93,True,True,True,True
TWSE,6209,今國光,11508,106.76387351719937,69.57475804178434,115,2,1.53,True,True,True,True
TWSE,6213,聯茂,11508,97.92882458381861,42.24723210896934,115,2,4.39,True,True,True,True
TWSE,6214,精誠,11508,61.91075076871571,39.64975705779999,115,2,6.15,True,True,True,True
TWSE,6215,和椿,11508,132.81593791254951,59.76341003257803,115,2,1.92,True,True,True,True
TWSE,6216,居易,11508,-24.322915114858624,-26.270084105656807,115,2,-0.14,False,False,True,True
TWSE,6224,聚鼎,11508,36.500738015273704,9.405408539603192,115,2,1.37,True,True,True,True
TWSE,6225,天瀚,11508,139.20118343195267,42.96192804750262,115,2,-0.09,True,False,True,True
TWSE,6226,光鼎,11508,13.05780555732721,7.1424919972248935,115,2,0.03,True,True,True,True
TWSE,6230,尼得科超眾,11508,-0.8590387749132996,6.454924549943129,115,2,-1.82,False,False,True,True
TWSE,6235,華孚,11508,7.298593688036683,2.9012571564606113,115,2,0.4,True,True,True,True
TWSE,6239,力成,11508,24.459768182447533,30.83012384076879,115,2,5.5,True,True,True,True
TWSE,6243,迅杰,11508,-32.53518435967649,-48.89291252555156,115,2,-1.02,False,False,True,True
TWSE,6257,矽格,11508,28.584107151402755,20.486808720324657,115,2,4.65,True,True,True,True
TWSE,6269,台郡,11508,1.3293210163115807,1.9376497421841383,115,2,-4.27,True,False,True,True
TWSE,6271,同欣電,11508,23.09255412735144,6.759265649135593,115,2,4.37,True,True,True,True
TWSE,6272,驊陞,11508,-12.112246040680644,-19.035271003148857,115,2,0.13,False,True,True,True
TWSE,6277,宏正,11508,17.102961667309003,15.479897696364821,115,2,2.5,True,True,True,True
TWSE,6278,台表科,11508,10.869800594642088,5.232409466726839,115,2,4.93,True,True,True,True
TWSE,6281,全國電,11508,3.3337150207816633,-0.17025571682130086,115,2,2.26,False,True,True,True
TWSE,6282,康舒,11508,38.4733395585149,28.845022400993173,115,2,0.37,True,True,True,True
TWSE,6283,淳安,11508,-12.688522578892481,-9.072254342588,115,2,-0.53,False,False,True,True
TWSE,6285,啟碁,11508,81.21065327804487,37.82667787769947,115,2,5.75,True,True,True,True
TWSE,6405,悅城,11508,-91.85185185185185,-59.65732087227414,115,2,0.11,False,True,True,True
TWSE,6409,旭隼,11508,-3.1618791081128457,-4.142432556045146,115,2,12.58,False,True,True,True
TWSE,6412,群電,11508,-19.665420082733956,-9.879920936756283,115,2,3.04,False,True,True,True
TWSE,6414,樺漢,11508,43.05877710143918,29.394594483693474,115,2,12.31,True,True,True,True
TWSE,6415,矽力*-KY,11508,52.53892158873933,33.04457754857022,115,2,6.03,True,True,True,True
TWSE,6416,瑞祺電通,11508,109.34019768099115,25.922290178914658,115,2,2.9,True,True,True,True
TWSE,6426,統新,11508,78.20867959372114,68.31261427157808,115,2,2.96,True,True,True,True
TWSE,6431,光麗-KY,11508,185.89271089271088,13.368117794930049,115,2,-0.92,True,False,True,True
TWSE,6438,迅得,11508,15.539377169954319,11.497804340405343,115,2,3.79,True,True,True,True
TWSE,6442,光聖,11508,152.24399939889415,42.59910628947854,115,2,19.07,True,True,True,True
TWSE,6443,元晶,11508,-22.984514964238596,-36.19119303328084,115,2,-0.6,False,False,True,True
TWSE,6446,藥華藥,11508,105.4274761466709,81.24053329376729,115,2,11.35,True,True,True,True
TWSE,6449,鈺邦,11508,21.16686053350411,23.8238426964928,115,2,4.42,True,True,True,True
TWSE,6451,訊芯-KY,11508,49.80825821371576,1.7650323086585427,115,2,-0.72,True,False,True,True
TWSE,6456,GIS-KY,11508,-29.980618692054364,-23.623178486303157,115,2,-3.76,False,False,True,True
TWSE,6464,台數科,11508,-2.996722643095269,-2.4800425099013106,115,2,2.91,False,True,True,True
TWSE,6472,保瑞,11508,59.21841576870238,6.089326761599802,115,2,4.56,True,True,True,True
TWSE,6477,安集,11508,-17.29837497076284,8.505148450847301,115,2,0.15,False,True,True,True
TWSE,6491,晶碩,11508,18.878799016501482,22.503521660440608,115,2,13.13,True,True,True,True
TWSE,6504,南六,11508,4.360305225239183,1.4209030117345471,115,2,0.01,True,True,True,True
TWSE,6505,台塑化,11508,50.28664779657053,16.71517802366748,115,2,4.32,True,True,True,True
TWSE,6515,穎崴,11508,233.36649415222965,97.87797349070516,115,2,38.24,True,True,True,True
TWSE,6525,捷敏-KY,11508,30.531915805351296,19.764129010201625,115,2,3.84,True,True,True,True
TWSE,6526,達發,11508,26.112143768975987,12.533665163838677,115,2,9.72,True,True,True,True
TWSE,6531,愛普*,11508,150.82441845471112,109.12544913946162,115,2,8.33,True,True,True,True
TWSE,6533,晶心科,11508,-25.725230125795587,40.397176904437096,115,2,-4.62,False,False,True,True
TWSE,6534,正瀚-創,11508,-33.381206058683055,3.3453332226021586,115,2,5.65,False,True,True,True
TWSE,6541,泰福-KY,11508,210.1415494151551,250.13488094022952,115,2,-2.91,True,False,True,True
TWSE,6550,北極星藥業-KY,11508,202.55720053835802,108.45501321095814,115,2,-1.62,True,False,True,True
TWSE,6552,易華電,11508,-21.342480291085508,-28.175092892244997,115,2,-0.9,False,False,True,True
TWSE,6558,興能高,11508,35.96004439511654,-6.260503130989216,115,2,-0.76,False,False,True,True
TWSE,6573,虹揚-KY,11508,16.949804122578993,-10.236429753663634,115,2,-0.76,False,False,True,True
TWSE,6579,研揚,11508,26.581888048528153,28.369935037049633,115,2,6.15,True,True,True,True
TWSE,6581,鋼聯,11508,88.18440615223668,15.438148196863473,115,2,4.37,True,True,True,True
TWSE,6582,申豐,11508,6.735657225853304,-46.834943498751585,115,2,-0.01,False,False,True,True
TWSE,6585,鼎基,11508,12.093962779838481,17.33724200876772,115,2,4.81,True,True,True,True
TWSE,6589,台康生技,11508,125.90614216701174,78.03269665170274,115,2,-1.12,True,False,True,True
TWSE,6591,動力-KY,11508,-46.169606912578146,-41.74927748166296,115,2,0.73,False,True,True,True
TWSE,6592,和潤企業,11508,-4.047563534623455,-4.124528396946861,115,2,2.22,False,True,True,True
TWSE,6598,ABC-KY,11508,63.9962325080732,70.26588071194504,115,2,0.48,True,True,True,True
TWSE,6605,帝寶,11508,28.251422830345653,3.083614501043053,115,2,7.71,True,True,True,True
TWSE,6606,建德工業,11508,54.917377616103614,27.367526986738923,115,2,0.82,True,True,True,True
TWSE,6614,資拓宏宇,11508,27.275009939109875,28.57467669242355,115,2,0.53,True,True,True,True
TWSE,6625,必應,11508,-12.354731824208383,15.207466935974328,115,2,4.63,False,True,True,True
TWSE,6641,基士德-KY,11508,17.2714437506368,12.859393688981653,115,2,0.19,True,True,True,True
TWSE,6645,金萬林-創,11508,26.983461278970115,24.165619790785883,115,2,-1.26,True,False,True,True
TWSE,6655,科定,11508,30.185411296522407,27.896177971581924,115,2,2.62,True,True,True,True
TWSE,6657,華安,11508,153.3123028391167,14.020063616344506,115,2,-2.1,True,False,True,True
TWSE,6658,聯策,11508,104.05118528128317,24.113947200447527,115,2,3.05,True,True,True,True
TWSE,6666,羅麗芬-KY,11508,15.88869715271786,12.354447865235358,115,2,2.95,True,True,True,True
TWSE,6668,中揚光,11508,-1.1033445767464543,12.497029125246387,115,2,-0.83,False,False,True,True
TWSE,6669,緯穎,11508,50.35813251850269,42.79572821857782,115,2,156.38,True,True,True,True
TWSE,6670,復盛應用,11508,45.01593222047094,14.884603863867303,115,2,13.1,True,True,True,True
TWSE,6671,三能-KY,11508,-11.406050915631948,-12.560967840127988,115,2,0.65,False,True,True,True
TWSE,6672,騰輝電子-KY,11508,133.2447678339368,53.60099475737893,115,2,4.75,True,True,True,True
TWSE,6674,鋐寶科技,11508,-45.45653661875428,-28.669875109973507,115,2,-1.97,False,False,True,True
TWSE,6689,伊雲谷,11508,20.27846698282858,3.7097143093026177,115,2,0.71,True,True,True,True
TWSE,6691,洋基工程,11508,213.69818881487726,112.82327209171589,115,2,17.46,True,True,True,True
TWSE,6695,芯鼎,11508,-6.004997743309739,-7.754293877279824,115,2,-1.28,False,False,True,True
TWSE,6698,旭暉應材,11508,-42.385665155935996,-31.66979428270808,115,2,-1.3,False,False,True,True
TWSE,6706,惠特,11508,120.52782591403653,-34.98674345512967,115,2,-2.85,False,False,True,True
TWSE,6715,嘉基,11508,113.01819497570557,10.241170389099095,115,2,0.89,True,True,True,True
TWSE,6719,力智,11508,-15.967442965779467,-7.6427808768595185,115,2,4.2,False,True,True,True
TWSE,6722,輝創,11508,1.5704538347576011,-6.062367736989091,115,2,0.8,False,True,True,True
TWSE,6742,澤米,11508,-6.885390613505958,-39.37718487363551,115,2,-0.87,False,False,True,True
TWSE,6743,安普新,11508,12.676489606810348,10.162715400269951,115,2,0.0,True,False,True,True
TWSE,6753,龍德造船,11508,40.14039583596839,25.55381514220055,115,2,6.55,True,True,True,True
TWSE,6754,匯僑設計,11508,-7.789434515544991,-15.784199732758923,115,2,0.69,False,True,True,True
TWSE,6756,威鋒電子,11508,96.9406668471583,29.5460234675434,115,2,1.24,True,True,True,True
TWSE,6757,台灣虎航,11508,22.013048217250976,22.74221390265398,115,2,3.65,True,True,True,True
TWSE,6768,志強-KY,11508,6.8641106598903345,-2.379968320268816,115,2,2.67,False,True,True,True
TWSE,6770,力積電,11508,76.19282844889565,47.08145004448896,115,2,4.08,True,True,True,True
TWSE,6771,平和環保-創,11508,3.0824343743042766,-11.038712150249138,115,2,1.47,False,True,True,True
TWSE,6776,展碁國際,11508,41.523879775203014,36.440701765754405,115,2,2.45,True,True,True,True
TWSE,6781,AES-KY,11508,26.639774680160397,26.389547104873436,115,2,23.45,True,True,True,True
TWSE,6782,視陽,11508,64.05265978828889,26.953267686426585,115,2,8.45,True,True,True,True
TWSE,6789,采鈺,11508,17.992794713554545,12.155876506925265,115,2,2.95,True,True,True,True
TWSE,6790,永豐實,11508,-4.102506783335862,-2.4293457233703455,115,2,1.52,False,True,True,True
TWSE,6792,詠業,11508,15.394922425952045,7.428022172090679,115,2,1.68,True,True,True,True
TWSE,6794,向榮生技,11508,74.40543601359003,-33.71454098726826,115,2,-0.76,False,False,True,True
TWSE,6796,晉弘,11508,24.58437876098974,18.470266426521196,115,2,-0.54,True,False,True,True
TWSE,6799,來頡,11508,1.850724461220017,3.8741433423819114,115,2,2.41,True,True,True,True
TWSE,6805,富世達,11508,29.136067855214495,49.808172599628804,115,2,25.77,True,True,True,True
TWSE,6807,峰源-KY,11508,8.784836144055355,-12.662108533176427,115,2,0.77,False,True,True,True
TWSE,6830,汎銓,11508,31.952610475141796,22.670021753020656,115,2,-0.25,True,False,True,True
TWSE,6831,邁科,11508,29.10220228796049,22.26832658871512,115,2,1.66,True,True,True,True
TWSE,6834,天二科技,11508,114.30418863995163,52.761699175396586,115,2,1.6,True,True,True,True
TWSE,6835,圓裕,11508,-8.432228150753385,-6.604599390494305,115,2,-0.23,False,False,True,True
TWSE,6838,台新藥,11508,,804.2179917879806,115,2,-0.55,False,False,False,True
TWSE,6854,錼創科技-KY創,11508,-47.64214329574883,-44.3482696132841,115,2,-4.13,False,False,True,True
TWSE,6861,睿生光電,11508,52.47437428070515,46.21630484504776,115,2,4.44,True,True,True,True
TWSE,6862,三集瑞-KY,11508,0.9469166899897379,-19.245001875225707,115,2,1.68,False,True,True,True
TWSE,6863,永道-KY,11508,78.90177755205688,43.196663335903224,115,2,1.93,True,True,True,True
TWSE,6869,雲豹能源,11508,63.12506784523533,-1.0194930650912402,115,2,-1.89,False,False,True,True
TWSE,6873,泓德能源,11508,-27.718955576042628,-9.318956629457846,115,2,-1.32,False,False,True,True
TWSE,6885,全福生技,11508,157.1095571095571,248.26485839648984,115,2,-1.39,True,False,True,True
TWSE,6887,寶綠特-KY,11508,-5.979494032376772,-0.63654828367622,115,2,2.09,False,True,True,True
TWSE,6890,來億-KY,11508,3.132776012511067,-10.525871404086386,115,2,4.53,False,True,True,True
TWSE,6901,鑽石投資,11508,-87.74164810690424,309.8893971559269,115,2,3.62,False,True,True,True
TWSE,6902,GOGOLOOK,11508,29.54663766875282,28.20436404303824,115,2,3.33,True,True,True,True
TWSE,6906,現觀科,11508,1.1961078420060767,2.541102291048378,115,2,0.76,True,True,True,True
TWSE,6908,宏碁遊戲-創,11508,-12.759004718501803,-4.978423388017247,115,2,0.45,False,True,True,True
TWSE,6909,創控,11508,29.348336678481445,-1.379409705120602,115,2,0.17,False,True,True,True
TWSE,6914,阜爾運通,11508,7.0307749425541095,8.676722641524908,115,2,4.65,True,True,True,True
TWSE,6916,華凌,11508,52.96023860611743,21.572344221754477,115,2,-0.37,True,False,True,True
TWSE,6918,愛派司,11508,11.030093934825468,13.446862429021625,115,2,3.03,True,True,True,True
TWSE,6919,康霈*,11508,-100.0,-86.07718421976821,115,2,-0.21,False,False,True,True
TWSE,6921,嘉雨思-創,11508,45.3128717582679,-48.26133410119043,115,2,-0.73,False,False,True,True
TWSE,6923,中台,11508,19.132352496903415,17.23686458304807,115,2,2.37,True,True,True,True
TWSE,6924,榮惠-KY創,11508,84.98932601402866,23.48793648521497,115,2,4.31,True,True,True,True
TWSE,6928,攸泰科技,11508,-44.998744368878796,-17.719290624195903,115,2,-0.34,False,False,True,True
TWSE,6931,青松健康,11508,19.001603466035192,17.924314869126416,115,2,2.68,True,True,True,True
TWSE,6933,AMAX-KY,11508,191.25977642237152,51.5839308742371,115,2,6.43,True,True,True,True
TWSE,6934,心誠鎂,11508,-16.3265306122449,42.28926860656324,115,2,-2.69,False,False,True,True
TWSE,6936,永鴻生技,11508,-6.216574785955023,9.268234784246811,115,2,1.14,False,True,True,True
TWSE,6937,天虹,11508,123.29046160061951,45.29715887167531,115,2,2.54,True,True,True,True
TWSE,6944,兆聯實業,11508,37.21291990021215,41.22904286143012,115,2,16.5,True,True,True,True
TWSE,6947,台鎔科技,11508,48.04604144815364,63.68074234010521,115,2,1.44,True,True,True,True
TWSE,6949,沛爾生醫*-創,11508,164.71067644661775,4.20520726276122,115,2,-2.54,True,False,True,True
TWSE,6951,青新-創,11508,2.513955824569881,19.448045861330648,115,2,2.83,True,True,True,True
TWSE,6952,大武山,11508,17.09540412723407,29.08723202560091,115,2,0.53,True,True,True,True
TWSE,6955,邦睿生技-創,11508,21.395550989766488,18.168907308197717,115,2,2.11,True,True,True,True
TWSE,6957,裕慶-KY,11508,-31.15114445453242,8.50162836281338,115,2,3.26,False,True,True,True
TWSE,6958,日盛台駿,11508,-4.484282519446343,-9.097345808843736,115,2,0.46,False,True,True,True
TWSE,6962,奕力-KY,11508,7.157863968723087,-0.21070227128169577,115,2,0.61,False,True,True,True
TWSE,6965,中傑-KY,11508,2.417338481092725,-5.19766160518986,115,2,-0.35,False,False,True,True
TWSE,6969,成信實業*-創,11508,-17.074426989441154,-5.989305867961011,115,2,-0.04,False,False,True,True
TWSE,6988,威力暘-創,11508,-11.128136687921177,-13.165728241464166,115,2,-0.2,False,False,True,True
TWSE,6994,富威電力,11508,-24.752016002396495,50.015211387866856,115,2,-0.09,False,False,True,True
TWSE,7610,聯友金屬-創,11508,852.6321978095814,563.5187425700557,115,2,25.37,True,True,True,True
TWSE,7631,聚賢研發-創,11508,132.46346555323592,118.16525168604174,115,2,6.26,True,True,True,True
TWSE,7689,大鵬科CLMX,11508,4.299319201982963,32.762918494824994,115,2,6.51,True,True,True,True
TWSE,7705,三商餐飲,11508,7.902411829786795,3.270398178725131,115,2,0.9,True,True,True,True
TWSE,7711,永擎,11508,1.656986949841639,60.60682776688672,115,2,17.44,True,True,True,True
TWSE,7721,微程式,11508,47.598417781126386,38.1819252609914,115,2,0.66,True,True,True,True
TWSE,7722,LINEPAY,11508,8.655628320771036,13.822795845410473,115,2,4.35,True,True,True,True
TWSE,7730,暉盛-創,11508,167.6950244105121,-7.243499102459961,115,2,0.55,False,True,True,True
TWSE,7732,金興精密,11508,4.350774502105789,-15.451959809154637,115,2,0.99,False,True,True,True
TWSE,7736,虎山,11508,-17.854092036373657,-17.293157489050888,115,2,2.42,False,True,True,True
TWSE,7740,熙特爾-創,11508,869.634082504517,1443.9542897773272,115,2,5.8,True,True,True,True
TWSE,7749,意騰-KY,11508,60.497322235127115,60.273233963159925,115,2,7.57,True,True,True,True
TWSE,7750,新代,11508,151.06754140387284,101.3171752265762,115,2,42.53,True,True,True,True
TWSE,7760,享溫馨,11508,-5.361117507099547,-5.958362361739982,115,2,0.55,False,True,True,True
TWSE,7765,中華資安,11508,3.3477169529289,17.17094958795173,115,2,6.16,True,True,True,True
TWSE,7768,頌勝科技,11508,6.360975277686382,9.238342203039752,115,2,3.32,True,True,True,True
TWSE,7769,鴻勁,11508,91.58397305250298,92.92417403651449,115,2,56.14,True,True,True,True
TWSE,7780,大研生醫*,11508,38.13824433502897,36.325951462148225,115,2,0.29,True,True,True,True
TWSE,7786,東方風能,11508,8.57452908903835,30.000172241674143,115,2,4.92,True,True,True,True
TWSE,7788,松川精密,11508,66.40771696817036,40.51670252918974,115,2,5.52,True,True,True,True
TWSE,7791,皇家可口,11508,-6.797984393286405,-7.461778410639505,115,2,2.71,False,True,True,True
TWSE,7795,長廣,11508,111.49808375067597,24.76977122007548,115,2,0.88,True,True,True,True
TWSE,7799,禾榮科,11508,-62.217194570135746,-7.203389830508475,115,2,-1.05,False,False,True,True
TWSE,7803,雲象科技-創,11508,-88.96945967110415,-64.92244699677296,115,2,-1.7,False,False,True,True
TWSE,7818,溢泰實業,11508,11.538575466747913,-6.8053251444857805,115,2,1.65,False,True,True,True
TWSE,7821,神數,11508,23.248595199437755,25.33606821540404,115,2,1.32,True,True,True,True
TWSE,7822,倍利科,11508,74.62048704884945,84.39999667134835,115,2,10.12,True,True,True,True
TWSE,7823,奧義賽博-KY創,11508,1.9959502458779288,7.1842693173904,115,2,-0.8,True,False,True,True
TWSE,7827,漢康-KY創,11508,,,115,2,-3.98,False,False,False,True
TWSE,7835,永悅健康-創,11508,-26.552513451648384,0.07039556894704474,115,2,-2.42,False,False,True,True
TWSE,7855,和運租車,11508,1.3632411549250338,5.300074409808814,115,2,2.59,True,True,True,True
TWSE,8011,台通,11508,-11.08471485624029,-19.487837381200713,115,2,0.19,False,True,True,True
TWSE,8016,矽創,11508,23.692006892465354,28.97233724347436,115,2,12.28,True,True,True,True
TWSE,8021,尖點,11508,97.75305404524683,76.07110477941801,115,2,3.25,True,True,True,True
TWSE,8028,昇陽半導體,11508,25.566192675709186,29.06148383968494,115,2,3.32,True,True,True,True
TWSE,8033,雷虎,11508,74.95555092026977,14.453171613819185,115,2,0.62,True,True,True,True
TWSE,8039,台虹,11508,-13.8285894962624,-0.9056932196555422,115,2,1.56,False,True,True,True
TWSE,8045,達運光電,11508,23.41228078345177,33.57327261644376,115,2,0.25,True,True,True,True
TWSE,8046,南電,11508,40.59000155490278,39.56279377447245,115,2,5.53,True,True,True,True
TWSE,8070,長華*,11508,37.57073355876061,27.679581640157124,115,2,1.3,True,True,True,True
TWSE,8072,陞泰,11508,14.526177613974857,21.718248188047724,115,2,0.69,True,True,True,True
TWSE,8081,致新,11508,10.566033068414043,1.6304416960501449,115,2,9.13,True,True,True,True
TWSE,8101,華冠,11508,-60.34699445176716,-8.87576045293104,115,2,-1.46,False,False,True,True
TWSE,8103,瀚荃,11508,51.59721699887176,30.551966737119685,115,2,2.75,True,True,True,True
TWSE,8104,錸寶,11508,15.685704725172153,-34.34611442058561,115,2,-0.21,False,False,True,True
TWSE,8105,凌巨,11508,-10.428499769460334,-1.0257812350657907,115,2,0.59,False,True,True,True
TWSE,8110,華東,11508,24.848656400375955,15.539051292322757,115,2,2.59,True,True,True,True
TWSE,8112,至上,11508,154.83476822766156,177.4193050076764,115,2,9.45,True,True,True,True
TWSE,8114,振樺電,11508,38.75169005988412,-14.200045328158824,115,2,7.09,False,True,True,True
TWSE,8131,福懋科,11508,29.24867970676851,37.4981810229448,115,2,1.93,True,True,True,True
TWSE,8150,南茂,11508,33.26544973719624,30.036828048960416,115,2,2.0,True,True,True,True
TWSE,8162,微矽電子-創,11508,5.257851363625001,-1.1221679930754522,115,2,0.66,False,True,True,True
TWSE,8163,達方,11508,11.180070633980236,10.457212419060651,115,2,0.51,True,True,True,True
TWSE,8201,無敵,11508,19.83092359958916,0.4670179051388685,115,2,-0.1,True,False,True,True
TWSE,8210,勤誠,11508,40.54388607233624,51.68337180134138,115,2,21.83,True,True,True,True
TWSE,8213,志超,11508,35.04738452834071,17.28787141054491,115,2,0.93,True,True,True,True
TWSE,8215,明基材,11508,4.878650572050095,6.126766956571377,115,2,-0.96,True,False,True,True
TWSE,8222,寶一,11508,-17.477843770345864,-1.3860507406597125,115,2,0.82,False,True,True,True
TWSE,8249,菱光,11508,-3.8170801158813314,5.0908226235816665,115,2,0.6,False,True,True,True
TWSE,8261,富鼎,11508,-3.0047398521601347,6.811680796971143,115,2,3.07,False,True,True,True
TWSE,8271,宇瞻,11508,177.10455204752728,226.8919077599359,115,2,35.51,True,True,True,True
TWSE,8341,日友,11508,3.971945009635156,15.680899499240141,115,2,2.97,True,True,True,True
TWSE,8367,建新國際,11508,-5.0123995950288736,3.2129181529149973,115,2,0.98,False,True,True,True
TWSE,8374,羅昇,11508,35.40504399226622,38.26148464107214,115,2,0.89,True,True,True,True
TWSE,8404,百和興業-KY,11508,-3.6026875638089457,3.648008336536056,115,2,0.1,False,True,True,True
TWSE,8411,福貞-KY,11508,42.410299412069655,23.68955160893029,115,2,0.21,True,True,True,True
TWSE,8422,可寧衛*,11508,105.8498562353335,35.88447270120056,115,2,0.55,True,True,True,True
TWSE,8429,金麗-KY,11508,7.376014427412083,-4.852779655288949,115,2,0.03,False,True,True,True
TWSE,8438,昶昕,11508,44.483904844254425,40.62803984608849,115,2,2.16,True,True,True,True
TWSE,8442,威宏-KY,11508,36.94857667122038,12.90688126221813,115,2,1.38,True,True,True,True
TWSE,8443,阿瘦,11508,-14.58655159010953,-8.81189273690886,115,2,-0.61,False,False,True,True
TWSE,8454,富邦媒,11508,7.796143351300176,3.3841565054088423,115,2,4.81,True,True,True,True
TWSE,8462,柏文,11508,16.74722999094014,19.49117960709743,115,2,5.68,True,True,True,True
TWSE,8463,潤泰材,11508,-1.6081699535722858,-3.633600877663096,115,2,1.04,False,True,True,True
TWSE,8464,億豐,11508,17.761139033659997,5.5219179955282245,115,2,10.37,True,True,True,True
TWSE,8466,美吉吉-KY,11508,-12.06434866891731,-23.036734340420587,115,2,-1.79,False,False,True,True
TWSE,8467,波力-KY,11508,-26.977725290967566,-10.286872260580491,115,2,2.53,False,True,True,True
TWSE,8473,山林水,11508,4.9802121445582666,14.265730686580032,115,2,2.43,True,True,True,True
TWSE,8476,台境*,11508,-94.32823657249301,-17.759293705285234,115,2,0.12,False,True,True,True
TWSE,8478,東哥遊艇,11508,-16.801183687615886,-1.2555388303538213,115,2,6.35,False,True,True,True
TWSE,8481,政伸,11508,5.552988220648289,3.050053795303149,115,2,1.58,True,True,True,True
TWSE,8482,商億-KY,11508,-29.03502352326189,1.4215606571592914,115,2,1.61,False,True,True,True
TWSE,8487,愛爾達-創,11508,4.9052735914937715,70.95167563893307,115,2,3.3,True,True,True,True
TWSE,8488,吉源-KY,11508,24.98128421100391,49.39780736016779,115,2,0.02,True,True,True,True
TWSE,8499,鼎炫-KY,11508,91.24333542216698,93.23122208835052,115,2,3.91,True,True,True,True
TWSE,8926,台汽電,11508,1263.6234640055363,824.824638801328,115,2,3.27,True,True,True,True
TWSE,8940,新天地,11508,-3.7575863170427155,2.271643220581193,115,2,0.95,False,True,True,True
TWSE,8996,高力,11508,112.8353580924365,115.03150544189883,115,2,8.69,True,True,True,True
TWSE,9105,泰金寶-DR,11508,42.16849274964031,10.561781256066787,,,,True,False,True,False
TWSE,9802,鈺齊-KY,11508,35.30919354426498,8.319958176554783,115,2,1.78,True,True,True,True
TWSE,9902,台火,11508,-81.59245854726034,-62.96715208068241,115,2,1.01,False,True,True,True
TWSE,9904,寶成,11508,4.325261712464019,-1.76549366723017,115,2,2.37,False,True,True,True
TWSE,9905,大華,11508,37.83012180693314,27.628215106229852,115,2,0.89,True,True,True,True
TWSE,9906,欣巴巴,11508,-56.33325661017925,209.4852087091911,115,2,1.9,False,True,True,True
TWSE,9907,統一實,11508,-10.052626097966616,-11.018868673814776,115,2,0.35,False,True,True,True
TWSE,9908,大台北,11508,4.842315057251162,0.9600256667641922,115,2,1.1,True,True,True,True
TWSE,9910,豐泰,11508,-2.793276563922958,-2.938672945023781,115,2,1.71,False,True,True,True
TWSE,9911,櫻花,11508,6.787989930972094,6.76767060187984,115,2,3.26,True,True,True,True
TWSE,9912,偉聯,11508,-2.3557444964934606,-1.7752661472158004,115,2,-0.43,False,False,True,True
TWSE,9914,美利達,11508,-20.71462400673578,-14.165983918798908,115,2,2.15,False,True,True,True
TWSE,9917,中保科,11508,4.401433170206194,2.3823268447666925,115,2,3.35,True,True,True,True
TWSE,9918,欣天然,11508,15.499684873151953,-0.5213910760260307,115,2,1.88,False,True,True,True
TWSE,9919,康那香,11508,12.168582679508416,-0.38062291542828397,115,2,-1.32,False,False,True,True
TWSE,9921,巨大,11508,3.2102659409215217,-6.1134111947430245,115,2,1.11,False,True,True,True
TWSE,9924,福興,11508,4.203265064610972,-6.4677451025414054,115,2,1.11,False,True,True,True
TWSE,9925,新保,11508,6.56580582081762,4.709610517961695,115,2,1.93,True,True,True,True
TWSE,9926,新海,11508,0.625,-0.815420489134407,115,2,1.61,False,True,True,True
TWSE,9927,泰銘,11508,25.592953558993276,23.165479474150533,115,2,2.27,True,True,True,True
TWSE,9928,中視,11508,-3.412680420161717,5.7878734013790005,115,2,-0.84,False,False,True,True
TWSE,9929,秋雨,11508,29.17786760013151,11.485383658272344,115,2,0.4,True,True,True,True
TWSE,9930,中聯資源,11508,6.032136004821506,-3.030287713816281,115,2,2.16,False,True,True,True
TWSE,9931,欣高,11508,17.86569115075795,9.425275557697224,115,2,1.48,True,True,True,True
TWSE,9933,中鼎,11508,5.247920692818564,-14.128106060324082,115,2,2.71,False,True,True,True
TWSE,9934,成霖,11508,-15.053887679973297,5.9152633313953,115,2,0.74,False,True,True,True
TWSE,9935,慶豐富,11508,-4.679800788399268,6.401759700968738,115,2,1.12,False,True,True,True
TWSE,9937,全國,11508,5.035063750138893,4.4329304727037435,115,2,1.3,True,True,True,True
TWSE,9938,百和,11508,-3.176222553330766,1.500403667502488,115,2,1.36,False,True,True,True
TWSE,9939,宏全,11508,7.083775768764128,3.2892771700006196,115,2,6.55,True,True,True,True
TWSE,9940,信義,11508,26.24243876694443,29.665164080114955,115,2,0.66,True,True,True,True
TWSE,9941,裕融,11508,1.8678112914087854,-1.3018581101246396,115,2,3.86,False,True,True,True
TWSE,9942,茂順,11508,13.633347843708252,14.528318123823741,115,2,4.76,True,True,True,True
TWSE,9943,好樂迪,11508,-5.754573736194711,-5.255180459226901,115,2,2.59,False,True,True,True
TWSE,9944,新麗,11508,9.651893785381416,10.25771776807278,115,2,1.05,True,True,True,True
TWSE,9945,潤泰新,11508,37.99192959753171,34.40778930180521,115,2,3.7,True,True,True,True
TWSE,9946,三發地產,11508,185.25724897649096,2974.1410830936616,115,2,2.84,True,True,True,True
TWSE,9955,佳龍,11508,48.63394781688442,22.187573071445275,115,2,0.97,True,True,True,True
TWSE,9958,世紀鋼,11508,91.07038120062421,41.49150336764519,115,2,4.08,True,True,True,True
